2	100006846	99837476	0
2	100007018	99837476	0
2	100007461	100006631	0
2	100007952	100006148	0
2	100008933	100007147	0
2	100008933	100007151	0
2	100008933	100007168	0
2	100008933	100007248	0
2	100008933	100007292	0
2	100008933	100007336	0
2	100008933	100007398	0
2	100011572	100008811	0
2	100011572	100008898	0
2	10006031	10003157	0
2	100104519	100008811	0
2	100104519	100011496	0
2	100104531	100008811	0
2	100104717	100104401	0
2	100105340	100104401	0
2	100105428	100104401	0
2	100105584	100104401	0
2	100105808	100105503	1
2	100106048	100105503	1
2	100106129	100105503	1
2	100112525	100109844	0
2	100129307	100104401	0
2	100142576	100105503	0
2	100287064	100273290	0
2	100287064	100283541	0
2	100395615	100391859	1
2	100395615	100393244	1
2	100398143	100395508	0
2	100402656	100397907	0
2	100402656	100397910	0
2	100402656	100397935	0
2	100402656	100398051	0
2	100402656	100398079	0
2	100406708	100397907	0
2	100406708	100402563	0
2	100407893	100407672	0
2	100408661	100406575	0
2	100408661	100407792	0
2	100415112	100406575	0
2	100415112	100408173	0
2	100415112	100408542	0
2	100415846	100415040	0
2	100416526	100415040	0
2	100416526	100415052	0
2	100417012	100415040	0
2	100417071	100415040	0
2	100417188	100415040	0
2	100417335	100415040	0
2	100417341	100415040	0
2	100417412	100415040	0
2	100417455	100415040	0
2	100417615	100415040	0
2	100417657	100415040	0
2	10065957	10056779	0
2	10065957	10058613	0
2	100676039	100669891	0
2	100722883	100722220	0
2	100975414	100972647	0
2	100975701	100975284	0
2	100976801	100975284	0
2	100977162	100975625	0
2	100982378	100982612	43
2	100982378	100988078	4
2	100994581	100995795	0
2	101002245	100993675	0
2	101002316	101002701	31
2	101004284	101005958	2
2	101004362	101005958	2
2	101006072	101006349	46
2	101011027	101007616	0
2	101011541	101010928	0
2	101021747	101011039	3
2	101021747	101011450	2
2	101027452	101022280	0
2	101028433	101028047	0
2	101029777	101028302	2
2	101029777	101028466	2
2	101029973	101028344	1
2	101059540	101054107	0
2	101090365	101059420	0
2	101090365	101059451	0
2	101109964	101090208	0
2	101151254	101090253	0
2	101151385	101090208	0
2	101188329	101090252	0
2	101188329	101187823	0
2	101191459	101188233	0
2	101195327	101187983	0
2	101195327	101188233	0
2	10122898	10122982	31
2	101269137	101269215	1
2	101272937	101271218	6
2	101273342	101271221	2
2	101282058	101273126	0
2	101282058	101276090	0
2	101286108	101281492	0
2	101286178	101281858	0
2	101286504	101281858	0
2	101289056	101286080	0
2	101294083	101288972	0
2	101294663	101288707	0
2	101355367	101345550	0
2	101383703	101355252	0
2	101383703	101382078	0
2	101383703	101382925	1
2	101402753	101397360	0
2	101402753	101397403	0
2	101421778	101418850	0
2	101422473	101418850	0
2	101422473	101421382	0
2	101422473	101421697	0
2	101422473	101421699	0
2	101422473	101421723	0
2	101859865	101860824	0
2	101983822	101984583	0
2	101983822	101985147	0
2	101984705	101985147	0
2	101984938	101985147	0
2	102175646	102176352	0
2	102180002	102172620	0
2	102356139	102356282	3
2	102718335	102715839	0
2	102723879	102718813	0
2	102723879	102719003	0
2	102723910	102715839	0
2	102723910	102717037	0
2	102723910	102717570	0
2	102726975	102723699	0
2	102731069	102726844	0
2	102731069	102726917	0
2	102732341	102731024	0
2	102732393	102732023	0
2	102732410	102731024	0
2	102732410	102732023	0
2	102736840	102732285	0
2	102736855	102732321	0
2	102736879	102732023	0
2	102736879	102732321	0
2	102736889	102732321	0
2	102891435	102873338	0
2	10289216	10287799	0
2	102969055	102967407	0
2	10301014	10289106	0
2	103116906	103109758	0
2	103857264	103856658	0
2	103859644	103857153	0
2	103860210	103856969	0
2	103865966	103860121	0
2	103866762	103865745	0
2	103880210	103860121	0
2	104126190	104125267	0
2	10423089	10424524	8
2	104414009	104412226	0
2	10441724	10439967	0
2	10441724	10440600	0
2	10444268	10443701	2
2	10444548	10444094	2
2	10444648	10444094	0
2	10445050	10444094	1
2	10445050	10444473	0
2	10445050	10444543	1
2	10447781	10445154	1
2	10447789	10445154	1
2	10448310	10445154	1
2	10448505	10445154	1
2	104489792	104488457	0
2	104506304	104507231	0
2	104510510	104504867	0
2	104581891	104580820	0
2	104749490	104746637	0
2	104749490	104746639	0
2	104754441	104749321	0
2	104754662	104749383	0
2	104755756	104749321	0
2	104812619	104807571	0
2	104812619	104807572	0
2	104812619	104807576	0
2	104865833	104865406	0
2	104866680	104865810	0
2	104867497	104866641	0
2	104872453	104865496	0
2	104872596	104869845	0
2	104945078	104936240	0
2	105098263	105097051	0
2	105098263	105097059	0
2	105102945	105099247	0
2	105267560	105267120	34
2	105269706	105264390	2
2	105269706	105264413	0
2	105269706	105267196	1
2	105342975	105343100	62
2	105363472	105357711	0
2	105363472	105360811	0
2	105363472	105360825	0
2	105363472	105360827	0
2	105363472	105360856	0
2	105363472	105360860	0
2	105367740	105363283	0
2	105367740	105363284	0
2	105378118	105373558	2
2	105386541	105367569	1
2	105386541	105373558	2
2	105386541	105377995	1
2	105390228	105386360	0
2	105390228	105386457	0
2	105396698	105386360	0
2	105396958	105386360	0
2	105399051	105386360	0
2	105399052	105386360	0
2	105399668	105386360	0
2	105438504	105386360	0
2	105438514	105385896	0
2	10577739	10570765	0
2	10577739	10570767	0
2	10577739	10571654	4
2	105847304	105846533	0
2	105855241	105853856	0
2	105855756	105854980	0
2	105856747	105854502	0
2	105856747	105854980	0
2	105857178	105854980	0
2	105857178	105855042	0
2	105960310	105959186	0
2	105962007	105959083	0
2	10607312	10603077	0
2	106096822	106093302	0
2	106096822	106093307	0
2	106096822	106093507	0
2	106096822	106093603	0
2	106097711	106093603	0
2	106101119	106098715	0
2	106102953	106098715	0
2	106104825	106100772	0
2	106104838	106101046	0
2	106104838	106101057	0
2	106112766	106104793	0
2	106123092	106112642	0
2	106123092	106112645	0
2	106125680	106122969	0
2	106125680	106122970	0
2	106125680	106123051	0
2	106145371	106129673	0
2	106158119	106129673	0
2	106158119	106145189	0
2	106158119	106145268	0
2	106159383	106158057	0
2	106160398	106158057	0
2	106160585	106158057	0
2	106160626	106158057	0
2	106163711	106158057	0
2	106194300	106125619	0
2	106194300	106164735	0
2	106194300	106166055	0
2	106194340	106166055	0
2	106368877	106368208	0
2	106413286	106391289	0
2	106413286	106404989	0
2	10644373	10607184	0
2	10644373	10622022	0
2	106475818	106470798	0
2	106535372	106521902	0
2	10673558	10671553	0
2	10675872	10673321	0
2	10675872	10673519	0
2	106806950	106801607	0
2	10682070	10673519	0
2	106825032	106822922	0
2	106830080	106806645	0
2	106830241	106801599	0
2	106830241	106801603	0
2	106830241	106813075	0
2	1068342	1059132	0
2	106844035	106834048	0
2	106886014	106843873	0
2	106886647	106843034	0
2	106887108	106843034	0
2	106887109	106843034	0
2	107264903	107254690	0
2	107266709	107264727	0
2	107266709	107266152	0
2	107386865	107385631	0
2	107416784	107386742	0
2	10768794	10767874	2
2	10770059	10768784	0
2	107824744	107824040	0
2	107825802	107824560	0
2	107826127	107823062	0
2	107826456	107824112	0
2	107826524	107825884	0
2	107826837	107825740	0
2	107826871	107825740	0
2	107826892	107825668	0
2	10785031	10783390	3
2	10785031	10783392	4
2	10785031	10783860	8
2	10787440	10784933	1
2	10797208	10793095	0
2	10797758	10797080	1
2	10797758	10797098	0
2	108049786	108049199	0
2	108169587	108167747	0
2	10819355	10802498	0
2	10820865	10819273	0
2	10820919	10819273	0
2	108300936	108304573	0
2	10832486	10819273	0
2	10837978	10819273	0
2	108381888	108382384	0
2	108495486	108496969	0
2	108512013	108507514	0
2	108534183	108511688	0
2	108534197	108511929	0
2	108677492	108676794	0
2	108751704	108751870	0
2	108882792	108885101	0
2	108906369	108894470	0
2	108906369	108894477	0
2	109545543	109542981	18
2	109545543	109544236	17
2	109546238	109542981	13
2	109546238	109542985	13
2	109546238	109545384	9
2	109546238	109545459	13
2	109553220	109545801	0
2	109553220	109546049	0
2	109564535	109546029	0
2	109564535	109553086	0
2	109565860	109564214	0
2	109565860	109564365	0
2	109565860	109564424	0
2	109565860	109564518	0
2	109567854	109565762	0
2	109567872	109565762	0
2	109567977	109565762	0
2	109567977	109565829	0
2	109574768	109567814	0
2	109574768	109567918	0
2	109585839	109585125	0
2	109593120	109567814	0
2	109593120	109574580	0
2	109593120	109585719	0
2	109593120	109585720	0
2	109593120	109585725	0
2	109604934	109593050	0
2	109605699	109594692	0
2	109613505	109593050	0
2	109613511	109593050	0
2	109613836	109593050	0
2	109613919	109574580	0
2	109613922	109593046	0
2	109613928	109585720	0
2	109613938	109585125	0
2	109614094	109593050	0
2	109614144	109593050	0
2	109614207	109593050	0
2	109760365	109758798	0
2	109924424	109924621	0
2	109936944	109937974	0
2	109947454	109947632	0
2	109987191	109987560	5
2	110023397	110022446	0
2	110087698	110083869	0
2	110087698	110085711	0
2	110116023	110085022	0
2	110125324	110123707	0
2	110125682	110122310	0
2	110125682	110123335	0
2	110125682	110123587	0
2	110125682	110123707	0
2	110125682	110125218	0
2	110129260	110125398	0
2	110129260	110125636	0
2	110131792	110123347	0
2	110131792	110128951	0
2	110131792	110129185	0
2	110178548	110169805	0
2	110179685	110178040	0
2	110179685	110178422	0
2	110179685	110178753	0
2	110201495	110169805	0
2	110201495	110179623	0
2	110212551	110211529	0
2	110212563	110211529	0
2	110212876	110211528	0
2	110245402	110245580	0
2	110245421	110222736	0
2	110377835	110375137	0
2	110383234	110375155	0
2	110384443	110377649	17
2	110399576	110397405	0
2	110403422	110399977	0
2	110406803	110402913	0
2	110406803	110402933	0
2	110406803	110402935	0
2	110406803	110403154	0
2	110406803	110403261	0
2	110406803	110403292	0
2	110408020	110406687	0
2	110408020	110406749	0
2	110408029	110406687	0
2	110408100	110406365	0
2	110423793	110406687	0
2	110423874	110386410	0
2	110447161	110438302	0
2	110447161	110446738	0
2	110449868	110446639	0
2	110449868	110447084	0
2	110451254	110449818	0
2	110468255	110457029	0
2	110468255	110465050	0
2	110468255	110465051	0
2	110472817	110468094	0
2	110472861	110468094	0
2	110472935	110467913	0
2	110473042	110468094	0
2	110473076	110468094	0
2	110523698	110513811	0
2	110523698	110513820	0
2	110534011	110532513	1
2	110535689	110526264	0
2	110536511	110533464	0
2	110536511	110535590	0
2	110540191	110536415	0
2	110540191	110538487	0
2	110545632	110545068	0
2	110546678	110545472	0
2	110546698	110545472	0
2	110546998	110545531	1
2	110547021	110545472	1
2	110558048	110551723	0
2	110562758	110557851	0
2	110563271	110557738	1
2	110563334	110557851	1
2	110563334	110562611	6
2	110567436	110563102	0
2	110567529	110563102	0
2	110567529	110563195	0
2	110567529	110563330	0
2	110568033	110566951	0
2	110568076	110567375	0
2	110569722	110567963	0
2	110569725	110567963	0
2	110569725	110567967	0
2	110577091	110567963	0
2	110639849	110637697	0
2	110639849	110637831	0
2	110639849	110637833	0
2	110641465	110641033	1
2	110641804	110641033	0
2	110641804	110641306	0
2	110641804	110641325	0
2	110642235	110641641	0
2	110642791	110642118	5
2	110649378	110642113	0
2	110649378	110642118	0
2	110650740	110648816	4
2	110650785	110649233	3
2	110661842	110659977	0
2	110666415	110660867	0
2	110666415	110661355	0
2	110666415	110661581	3
2	110667566	110666262	0
2	110667706	110665961	0
2	110667706	110666262	0
2	110670569	110669452	0
2	110672858	110670524	0
2	110672858	110670561	0
2	110674225	110672660	0
2	110674366	110674085	0
2	110674366	110674115	0
2	110678108	110674085	0
2	110716596	110709574	0
2	11106788	11105316	0
2	111102077	111098344	0
2	111114186	111101896	0
2	111114299	111112933	0
2	111123870	111124049	15
2	111165601	111131346	0
2	111165631	111162770	1
2	111206216	111203963	3
2	11120963	11105316	0
2	111233740	111196919	0
2	111233740	111207775	0
2	111239997	111207813	0
2	111239997	111238718	0
2	111247559	111239823	3
2	11124786	11120762	0
2	11124786	11123151	0
2	111248242	111233627	0
2	111248242	111239801	0
2	111248242	111247429	0
2	11128887	11124218	0
2	11128887	11124582	0
2	11129099	11128538	0
2	11129099	11128720	0
2	11132222	11128720	0
2	11132822	11124757	0
2	111344099	111196349	0
2	111344238	111036775	0
2	111344238	111164903	0
2	111344238	111233627	0
2	111344238	111239801	0
2	111344238	111248147	1
2	111344238	111248149	1
2	111344238	111276330	0
2	111344238	111314311	0
2	111350762	111344090	1
2	111365715	111344060	16
2	111367526	111344060	15
2	111367576	111344060	4
2	111441622	111429321	1
2	111447350	111429317	0
2	111469988	111429321	0
2	111469988	111429442	0
2	111472098	111469637	0
2	111472098	111469786	0
2	111477482	111429311	0
2	111477482	111429318	0
2	111480062	111429322	1
2	111480062	111447211	0
2	111494812	111491942	0
2	111494958	111367486	0
2	111494989	111477335	0
2	111495021	111344060	0
2	111495026	111469602	0
2	111495034	111367486	3
2	111495035	111471988	0
2	111495047	111367486	1
2	111495047	111479906	0
2	111495049	111367486	1
2	111495052	111479906	0
2	111495055	111367486	1
2	111495068	111367486	0
2	111495087	111429308	0
2	111495101	111367486	0
2	111495121	111365560	0
2	111523377	111494884	0
2	111539306	111429323	0
2	111593712	111556955	0
2	111612046	111593593	0
2	111613236	111611870	0
2	111613294	111611638	0
2	111614611	111611962	0
2	111699034	111614542	0
2	111730322	111614542	0
2	111766996	111730278	0
2	111772476	111766270	0
2	111772476	111766864	0
2	111772476	111767636	0
2	111772476	111769064	0
2	111792556	111788233	0
2	111794132	111792361	0
2	111794132	111792370	0
2	111803531	111802427	0
2	111803840	111802532	0
2	111803840	111803447	0
2	111856680	111850775	0
2	111856848	111856613	0
2	111856887	111856613	0
2	111857066	111856377	0
2	111868097	111864805	0
2	111872713	111867997	0
2	111872713	111868022	0
2	111873409	111872629	0
2	111873665	111872629	0
2	111873665	111872689	0
2	111873665	111872799	0
2	111873665	111873307	0
2	111880826	111878809	1
2	111880850	111878809	1
2	111880879	111878809	1
2	111884182	111880509	1
2	111884691	111880612	6
2	11192362	11179760	3
2	11192362	11181651	2
2	11192362	11183330	1
2	11192713	11192147	1
2	11193858	11192450	1
2	11193858	11192675	1
2	11194345	11193778	1
2	11195026	11194255	1
2	11195117	11193909	1
2	11195211	11194255	0
2	111997408	111997411	0
2	112028389	112028390	0
2	112028520	112028524	0
2	112029294	112029323	0
2	11215413	11214839	0
2	11215646	11215320	0
2	11215646	11215359	0
2	11218467	11217089	0
2	11219027	11217089	2
2	11219027	11217775	3
2	11219027	11218314	3
2	11219027	11218454	4
2	11221341	11218965	1
2	11221358	11218957	0
2	11221358	11218965	0
2	11222175	11221197	0
2	11222175	11221326	0
2	112230923	112215875	0
2	112230951	112211524	0
2	112230951	112215864	0
2	112230951	112215904	0
2	112233372	112230902	0
2	112233372	112231837	0
2	112234237	112231837	0
2	112234237	112233257	0
2	112234237	112233259	0
2	112234237	112233325	0
2	112234237	112233334	0
2	112236696	112234119	0
2	112238529	112236561	0
2	112238529	112236585	0
2	112238592	112236561	0
2	112250273	112238314	0
2	112250273	112240367	0
2	112254100	112250190	0
2	112255026	112250190	1
2	112255061	112250106	1
2	112255088	112250190	0
2	112255112	112250190	0
2	112255137	112250190	0
2	112332283	112333976	0
2	11234671	11227253	0
2	11235963	11227253	0
2	112378255	112370091	0
2	112390248	112380823	0
2	112391070	112388023	0
2	112391070	112390149	0
2	112394754	112390974	0
2	112394754	112393050	0
2	112400195	112399631	0
2	112401241	112400035	0
2	112401261	112400035	0
2	112401561	112400094	1
2	112401584	112400035	1
2	112417915	112406296	0
2	112417915	112412430	1
2	112417915	112417192	6
2	112422020	112417683	0
2	112422113	112417683	0
2	112422113	112417776	0
2	112422617	112421535	0
2	112422660	112421959	0
2	112440612	112439311	0
2	112464037	112440395	0
2	11249799	11227253	0
2	11249799	11235701	0
2	11249799	11235883	0
2	112542089	112542395	0
2	112542167	112542395	0
2	112586115	112586199	1
2	112586366	112588865	0
2	112642190	112641831	2
2	112659095	112659203	30
2	112660573	112661141	27
2	112724127	112724780	0
2	112724889	112725173	0
2	112741008	112736606	2
2	112741008	112737866	2
2	112742770	112740817	2
2	112746576	112742430	1
2	112746576	112742705	6
2	112757215	112752266	0
2	112757215	112755976	41
2	112760765	112755976	0
2	112760765	112756774	0
2	112760765	112756892	0
2	112760765	112757193	0
2	112762570	112756953	0
2	112778112	112773914	0
2	112831423	112829750	0
2	112831423	112830360	0
2	112832827	112831135	0
2	112832827	112831291	0
2	112833576	112832661	2
2	112833576	112832698	2
2	112833576	112832751	3
2	112833576	112832794	3
2	112835618	112832661	0
2	112835618	112832912	0
2	112835618	112833116	0
2	112835618	112833373	0
2	112836245	112835180	0
2	112836245	112835565	0
2	112836435	112835565	0
2	112836780	112835565	0
2	113026233	113022090	0
2	113029079	113026102	0
2	113029079	113027432	0
2	113133461	113133602	0
2	113175338	113171534	0
2	113175361	113173602	0
2	113185441	113185661	0
2	113185441	113185876	0
2	113185441	113185960	0
2	113197635	113197746	0
2	113197635	113197749	0
2	113198885	113199082	0
2	113220179	113215996	3
2	113220179	113218248	0
2	113220179	113218521	0
2	113220179	113218527	0
2	113220478	113218468	0
2	113227257	113220091	0
2	113235444	113227098	0
2	113235504	113227154	0
2	113235583	113225596	0
2	113235583	113227154	0
2	113236722	113227154	0
2	113236722	113235393	0
2	113236930	113235344	0
2	113237509	113235393	0
2	113238213	113239088	0
2	113241102	113241200	0
2	113241684	113236600	0
2	113241727	113220091	0
2	113241727	113227154	0
2	113241727	113236600	0
2	113241780	113236600	0
2	113242131	113241077	0
2	113242131	113241550	0
2	113265581	113270200	0
2	113265581	113271835	1
2	113270308	113271835	0
2	113271972	113273056	0
2	113278470	113242689	0
2	113278470	113246753	0
2	113278567	113246753	0
2	11344142	11287654	0
2	11344586	11287654	0
2	11348331	11287654	0
2	113493995	113495119	0
2	113495250	113495636	0
2	113534717	113528919	0
2	113536000	113527567	0
2	113536000	113528646	0
2	113542637	113535806	0
2	113542659	113535806	0
2	113542666	113540051	0
2	113542673	113535806	0
2	113578187	113578288	0
2	113595830	113596067	0
2	113598467	113598606	2
2	113600464	113599035	1
2	113625730	113610501	0
2	113625730	113611683	0
2	113641006	113641352	0
2	113641006	113641355	0
2	113642146	113643189	3
2	11365637	11357514	0
2	113668622	113667477	0
2	113688258	113677701	0
2	113715196	113714352	14
2	113717849	113714646	0
2	113717851	113712791	0
2	113717851	113715157	0
2	113719245	113717752	0
2	113719281	113717752	0
2	113719309	113705010	1
2	113719309	113717452	0
2	113719309	113717752	0
2	113719309	113717774	0
2	113719712	113717780	0
2	113723195	113717752	0
2	113723195	113719153	0
2	113723195	113719211	0
2	113725478	113723103	0
2	113725538	113723103	0
2	113725863	113723102	0
2	113742880	113735776	0
2	113743795	113741883	0
2	113743795	113741908	0
2	113743795	113742691	0
2	113743899	113742599	0
2	113831120	113829389	0
2	113831586	113831187	0
2	113831728	113831048	0
2	11389315	11388022	0
2	113951846	113955622	2
2	114123294	114122273	0
2	11447775	11444374	11
2	11447775	11445299	15
2	11447775	11446196	17
2	11447775	11446476	23
2	11450127	11447626	1
2	11450127	11447755	0
2	11451697	11447626	3
2	11451807	11450011	0
2	11453723	11451650	0
2	11453799	11451349	1
2	11453799	11451650	0
2	11457234	11451650	1
2	11457234	11453581	1
2	11457234	11455341	1
2	11458352	11457178	0
2	11466104	11457178	2
2	11466147	11457178	0
2	11466150	11457178	0
2	11466154	11457178	0
2	11466159	11457010	0
2	11466172	11453581	0
2	11466178	11453581	0
2	114833549	114828431	0
2	114835589	114833829	0
2	115131925	115130934	0
2	115144369	115131826	0
2	115145028	115144047	0
2	115145028	115144246	0
2	1159420	1158309	0
2	11612377	11612494	3
2	11660134	11658177	0
2	11670165	11661966	0
2	11676926	11673963	0
2	117181563	117180891	0
2	11724223	11721618	0
2	11742157	11740996	0
2	11745302	11742036	0
2	117760592	117757562	0
2	117826383	117828948	11
2	117829006	117829288	4
2	117931151	117915477	0
2	117931151	117920304	0
2	117934790	117934024	0
2	117935580	117931036	0
2	117935839	117931042	0
2	117936740	117935494	0
2	117936902	117935497	0
2	117939112	117936511	0
2	117939112	117936701	0
2	117948180	117946810	0
2	117948187	117946810	0
2	117949396	117948032	0
2	117949396	117948104	0
2	117952413	117949321	0
2	117952436	117949321	0
2	117952436	117951488	0
2	117995503	117985968	0
2	117996290	117995445	0
2	117996363	117995445	0
2	117996363	117995451	0
2	118000933	117996263	1
2	118001138	117996263	0
2	118006817	118000820	0
2	118014134	118008544	0
2	118108305	118108305	3
2	118176906	118132127	0
2	118176906	118150289	0
2	118183323	118176764	0
2	118183323	118178377	0
2	118184656	118183086	0
2	118185391	118182938	0
2	118186387	118183020	0
2	118186387	118183086	0
2	118197370	118182938	0
2	118768440	118766964	0
2	118834404	118768259	0
2	118834404	118833699	0
2	118844353	118843234	0
2	118847679	118842170	0
2	118952984	118949305	0
2	119158890	119156242	0
2	119249072	119244421	0
2	119311704	119302224	0
2	119311704	119302227	0
2	119311704	119302443	0
2	119321205	119317465	0
2	119339972	119321153	0
2	119339972	119321168	0
2	119339972	119338826	0
2	119367335	119367337	0
2	119441600	119439842	0
2	119441600	119439844	0
2	119441664	119439844	0
2	119462001	119453286	0
2	119464256	119461846	0
2	119464256	119461982	0
2	119494549	119478810	0
2	119494549	119480688	0
2	120175858	120174884	0
2	120216545	120175700	0
2	120544327	120542908	0
2	120554598	120553742	0
2	120710466	120686634	0
2	120710518	120709262	0
2	120867404	120866377	0
2	120989359	120990589	0
2	121088727	121081436	0
2	121225614	121216586	0
2	121225614	121224163	0
2	121347155	121337775	0
2	121347155	121339989	0
2	121347155	121340721	0
2	121365285	121363171	0
2	121367832	121364118	0
2	121367832	121365093	0
2	121407713	121404370	0
2	121407716	121404370	0
2	121409048	121404370	0
2	121409048	121407470	0
2	121410970	121407470	0
2	121410970	121407518	0
2	121458976	121457686	0
2	121460126	121458839	0
2	121460126	121458915	0
2	121461194	121459979	0
2	121461194	121460014	0
2	121461196	121459621	0
2	121462606	121461100	0
2	121462606	121461108	0
2	121469961	121462531	0
2	121469961	121462534	0
2	121515763	121503166	0
2	121525921	121515664	0
2	121525968	121515664	0
2	121606061	121530246	0
2	121606181	121530246	0
2	121650104	121650300	25
2	121728357	121726944	2
2	121728357	121727346	6
2	121728357	121727675	2
2	121728357	121727730	2
2	121728357	121727796	2
2	121728537	121728287	1
2	121728600	121728287	1
2	121730944	121728287	5
2	121731105	121728476	3
2	121731105	121728506	4
2	121731190	121728476	4
2	121732205	121730382	4
2	121732205	121730892	3
2	121745922	121743478	0
2	121794723	121794869	0
2	123070365	123066150	0
2	123444446	123443265	0
2	124025174	124016857	0
2	126113171	126110098	0
2	126899613	126899798	0
2	126899613	126899835	0
2	126899613	126899935	0
2	126899854	126899935	0
2	126901279	126901364	0
2	126901283	126901364	0
2	127050523	127048026	0
2	127050523	127048032	0
2	127050523	127048037	0
2	127050913	127050381	0
2	127050913	127050407	0
2	127050913	127050420	0
2	12717011	12717251	25
2	127193298	127184119	0
2	127193298	127186409	0
2	127259449	127257289	1
2	127259449	127257295	2
2	127259449	127257296	2
2	127259449	127257302	2
2	127259449	127257318	2
2	127259449	127257319	2
2	127259449	127257474	2
2	127261347	127259295	0
2	127262883	127257296	2
2	127271454	127260764	1
2	127271454	127261227	0
2	127286798	127280446	0
2	127287018	127279172	0
2	127287018	127280446	0
2	127287018	127280897	0
2	127287018	127284170	0
2	127288865	127286702	0
2	127288865	127286748	1
2	127289502	127257296	1
2	127289502	127288659	0
2	127289502	127288693	1
2	127289520	127288672	1
2	127289825	127288659	0
2	127289825	127289336	0
2	127289825	127289484	0
2	127289943	127289336	0
2	127290274	127289336	0
2	127290274	127289688	4
2	127290276	127289688	4
2	127290590	127289375	2
2	127290894	127288659	0
2	127292654	127290223	4
2	127292705	127289695	0
2	127292705	127290223	4
2	127292847	127289336	0
2	127292847	127289688	0
2	127292847	127290223	2
2	127293603	127292609	2
2	127293719	127290223	1
2	127293719	127291911	10
2	127293719	127292083	10
2	127293719	127292434	2
2	127293719	127292609	10
2	127308763	127298729	7
2	127308763	127307403	0
2	127317761	127314753	0
2	127337779	127335869	0
2	127339051	127337737	0
2	127339051	127337758	0
2	127422942	127423033	0
2	127423172	127423273	0
2	127423172	127423330	0
2	127455554	127455648	0
2	127455771	127456165	0
2	127455890	127456165	0
2	127470135	127436206	0
2	127470386	127469985	0
2	127486034	127480809	1
2	127486619	127470250	0
2	127486665	127480805	1
2	127489944	127489178	0
2	127492089	127489831	0
2	127493377	127491970	0
2	127493411	127491970	0
2	127494955	127493280	0
2	127502873	127498139	0
2	127503577	127502578	0
2	127503577	127502814	0
2	127505753	127503386	1
2	127506720	127505554	0
2	127514938	127505306	0
2	127523792	127504683	0
2	127523792	127505039	0
2	127523792	127505349	0
2	127523792	127505387	0
2	127523792	127506691	0
2	127526467	127504997	0
2	127526482	127505241	0
2	127526483	127505190	0
2	127620155	127620339	0
2	127620253	127620339	0
2	127634290	127634595	0
2	127634684	127635119	0
2	127635227	127635721	0
2	127636914	127637315	0
2	127640146	127638380	0
2	127640146	127638425	0
2	127640146	127638427	0
2	127640146	127638469	0
2	127640146	127638720	0
2	127640146	127638982	0
2	127640146	127639196	0
2	127640319	127638424	0
2	127640404	127638425	0
2	127642132	127640895	0
2	127642200	127640269	0
2	127642200	127640895	0
2	127642352	127640269	0
2	127643073	127640069	0
2	127643073	127640269	0
2	127643073	127640895	0
2	127643073	127642048	0
2	127643073	127642124	0
2	127643229	127642048	0
2	127654545	127640895	0
2	127654545	127642922	0
2	127654897	127640895	0
2	127654897	127642922	0
2	127708893	127701021	1
2	127726778	127725060	0
2	127763160	127726650	0
2	127763160	127726651	0
2	127763160	127735387	0
2	127764980	127763061	51
2	127765270	127762532	48
2	127765270	127764827	0
2	127768294	127765173	0
2	127769002	127768188	0
2	127769002	127768211	0
2	127810954	127770777	0
2	127811148	127770777	0
2	127811172	127770777	0
2	127811188	127768932	0
2	127850686	127843550	3
2	127850686	127847840	0
2	127853106	127846698	0
2	127857950	127852924	0
2	127858118	127852924	0
2	127858120	127847240	0
2	127858158	127852924	0
2	127866997	127861629	3
2	127866997	127861636	3
2	127942538	127941216	5
2	127942538	127941217	5
2	127942538	127941223	5
2	128010394	128000306	0
2	128013155	128010268	0
2	128013155	128010350	0
2	128016548	128014802	0
2	128017916	128016387	0
2	128017916	128016388	0
2	128246526	128236715	0
2	128290197	128268689	1
2	128318397	128246456	0
2	128318473	128289644	0
2	128318578	128265479	0
2	128581577	128580490	0
2	129071726	129063845	0
2	129244350	129242172	0
2	12981119	12966783	0
2	129832398	129825125	0
2	129872752	129866161	0
2	129877554	129869192	0
2	129923682	129922862	0
2	129923810	129922862	0
2	129925789	129923557	0
2	129934318	129923557	0
2	129968803	129966591	0
2	129979092	129977053	0
2	129980170	129978947	0
2	129980467	129980036	4
2	129990531	129988157	0
2	13001742	12981036	0
2	13002609	13001587	0
2	13002609	13001663	0
2	130028413	129990455	0
2	130028484	130012064	0
2	130028484	130026844	1
2	130031919	130026002	0
2	130034378	130028308	0
2	130034700	130028308	0
2	130034832	130034309	0
2	130035263	130034710	0
2	130035437	130034787	0
2	130039179	130035133	0
2	13003952	13002423	0
2	13003952	13002636	0
2	130048620	130047181	0
2	130048807	130048425	0
2	130049413	130048425	0
2	13006998	13003780	0
2	13007001	13003230	0
2	13007014	13003823	0
2	130077202	130074029	0
2	130085996	130077080	0
2	130108080	130102109	0
2	130108080	130106460	0
2	130110681	130108008	0
2	130139948	130139286	0
2	130139948	130139288	0
2	130140074	130139426	0
2	130140097	130139890	0
2	130140372	130140022	3
2	130141297	130140022	0
2	130141297	130140178	0
2	130141297	130140282	0
2	130142184	130141016	0
2	130142184	130141157	0
2	130142354	130141157	0
2	130142382	130141157	0
2	130143029	130140022	0
2	130143314	130141157	0
2	130143314	130142132	0
2	130143314	130142187	0
2	130144475	130143268	0
2	130144995	130143268	0
2	130145034	130143268	0
2	130145077	130143268	0
2	130145079	130143210	0
2	130145080	130143268	0
2	130145084	130142779	0
2	130145134	130143268	0
2	130145135	130143268	0
2	130153172	130151391	49
2	130153172	130151404	50
2	130153172	130151407	50
2	130153172	130151408	50
2	130153451	130153042	4
2	130153451	130153109	4
2	130153936	130152745	5
2	130153936	130153318	4
2	130153936	130153355	2
2	130154101	130153318	7
2	130154483	130153701	7
2	130155260	130153701	8
2	130155260	130154093	8
2	130155260	130154276	8
2	130155260	130154354	11
2	130156049	130155095	4
2	130156136	130155095	7
2	130156141	130155095	8
2	130156264	130155095	5
2	130156627	130156034	6
2	130156676	130154276	6
2	130156676	130155095	4
2	130156676	130156026	4
2	130156676	130156034	6
2	130156676	130156045	6
2	130156676	130156052	6
2	130156814	130156034	3
2	130157397	130156034	2
2	130157397	130156584	2
2	130157617	130156584	3
2	130157954	130156034	7
2	130159635	130157250	3
2	130161273	130157250	5
2	130161273	130157360	5
2	130164446	130156034	3
2	130164446	130156584	3
2	130164446	130157250	2
2	130172844	130172624	0
2	130172896	130172624	0
2	130173355	130172786	0
2	130173355	130172833	0
2	130175001	130167457	0
2	130175001	130172786	0
2	130176638	130167457	1
2	130182751	130176553	0
2	130194467	130191742	0
2	130339763	130338242	5
2	130341040	130338240	3
2	130341040	130338495	2
2	130342136	130338246	0
2	130342936	130343085	32
2	130342963	130343085	42
2	130345486	130345566	67
2	130345700	130345778	13
2	130345934	130346017	16
2	130346113	130346200	55
2	130359493	130359607	0
2	130370624	130370704	0
2	130370783	130370874	0
2	130373221	130374665	18
2	130419246	130416754	0
2	130419246	130416755	0
2	130419246	130418150	0
2	130419246	130418233	0
2	130425139	130419070	0
2	130425159	130419070	0
2	130425159	130419158	0
2	130426264	130425913	0
2	130427265	130417427	0
2	130427743	130425913	0
2	130427743	130426165	0
2	130427776	130426165	0
2	130427987	130425090	0
2	130428177	130426191	0
2	130429982	130425913	0
2	130431364	130429826	0
2	130431364	130429926	0
2	130436384	130431192	0
2	130438185	130435661	0
2	130439479	130437986	0
2	130439669	130439284	0
2	130440272	130439284	0
2	130465665	130463798	0
2	130465773	130459454	0
2	130465773	130463907	0
2	130499222	130496551	0
2	130526692	130515996	0
2	130542495	130539094	0
2	130542495	130539838	0
2	130590464	130583548	0
2	130597604	130592167	0
2	130597604	130592765	0
2	130598816	130592167	0
2	130681535	130681856	0
2	130681599	130682046	0
2	130693771	130692242	0
2	130755836	130749694	0
2	130755880	130743537	0
2	130836995	130830977	0
2	130836995	130835437	0
2	130917062	130917396	2
2	131041463	131041814	0
2	131045447	131046037	0
2	131053016	131047875	28
2	131053016	131052366	0
2	131190535	131189833	0
2	131191784	131190825	0
2	131193285	131191342	0
2	131193285	131191640	0
2	131201276	131197934	0
2	131202058	131201141	0
2	131204170	131201037	0
2	131261832	131261833	0
2	131330143	131328175	0
2	131363553	131363666	0
2	131379516	131373646	0
2	131399076	131398438	0
2	131463616	131461820	0
2	131470344	131464899	0
2	131472183	131469808	0
2	131472183	131470205	1
2	131491972	131486423	0
2	131491973	131483957	2
2	131492025	131472067	6
2	131492025	131483959	2
2	131492336	131491875	29
2	131492377	131489368	0
2	131492388	131491875	16
2	131492423	131491875	16
2	131492744	131491875	39
2	131528347	131528492	0
2	131536083	131535186	0
2	131648373	131646703	0
2	131801151	131794960	0
2	131822921	131821986	0
2	131830356	131829800	0
2	131834471	131833782	0
2	131967391	131964730	0
2	131994162	131983936	0
2	132134440	132132855	0
2	132150977	132147590	0
2	132150977	132147906	0
2	132150977	132147908	0
2	132152739	132150911	0
2	132153695	132150911	0
2	132154769	132150911	0
2	132154769	132153509	0
2	132154769	132153531	0
2	132157147	132150911	0
2	132257970	132156972	0
2	132289066	132285794	0
2	132668538	132644852	0
2	132668538	132645786	0
2	132668538	132663025	0
2	132725760	132671798	0
2	132725760	132671799	0
2	132725760	132673048	0
2	132728953	132671798	0
2	132732052	132671805	0
2	132732052	132728815	0
2	132773895	132731736	0
2	132781230	132731948	0
2	132963870	132878847	0
2	133130112	132994151	0
2	133130112	133121968	0
2	133213780	133129977	0
2	133303106	133213715	0
2	133303111	133213715	0
2	133381515	133303036	0
2	133433898	133431665	0
2	133517514	133303036	0
2	133517588	133303036	0
2	133517588	133381509	0
2	133559118	133517457	0
2	134458174	134455758	0
2	134458174	134455763	0
2	134459275	134455759	0
2	1346569	1341043	0
2	134867740	134735463	0
2	134869042	134867317	0
2	134869042	134867432	0
2	134869042	134867519	0
2	134877644	134868943	0
2	134918671	134868943	0
2	134918679	134868943	0
2	134918711	134877519	0
2	134953269	134954480	9
2	134954380	134954480	11
2	134981407	134964809	0
2	134981519	134964490	0
2	134981519	134964498	0
2	134981519	134964809	0
2	134983332	134980713	0
2	134983480	134980713	0
2	134983826	134964809	0
2	134983826	134980715	0
2	134983826	134980820	0
2	134987042	134983675	0
2	134988254	134983675	0
2	134991581	134980820	0
2	134991581	134983675	0
2	134991581	134983707	0
2	134991581	134985799	0
2	134991581	134985855	0
2	134998998	134991340	0
2	134998998	134991536	0
2	135000016	134998737	0
2	135000016	134998920	0
2	135005532	134991536	0
2	135005532	134999936	0
2	135021831	135005434	0
2	135021831	135005520	0
2	135030501	135021714	0
2	135030501	135024625	0
2	135040503	135005434	0
2	135040503	135021714	0
2	135040503	135030311	0
2	135040559	135030351	0
2	135152995	135136915	0
2	135152995	135136916	0
2	135168750	135169733	24
2	135200441	135165142	0
2	135202964	135196968	0
2	135202964	135196973	0
2	135202964	135199652	0
2	135202964	135199662	0
2	135202964	135200353	0
2	135207519	135202437	0
2	135207837	135202831	0
2	135224518	135219076	0
2	135228016	135224425	0
2	135228313	135224449	0
2	135230928	135224425	0
2	135269142	135265533	0
2	135271396	135268961	0
2	135271396	135269066	0
2	135271888	135268961	0
2	135345636	135315358	0
2	135345636	135345135	0
2	135353629	135349983	0
2	135390821	135353320	0
2	135390821	135353449	0
2	135530577	135504328	0
2	135530613	135504328	0
2	135530731	135504328	0
2	135530732	135504328	0
2	135531200	135353449	0
2	135531237	135504328	0
2	135753568	135754158	0
2	135789799	135787839	0
2	135794776	135790657	0
2	135798139	135794336	0
2	135798139	135794640	0
2	135812957	135808442	0
2	135812960	135808442	0
2	135822099	135817340	0
2	135824004	135822019	0
2	135844685	135839625	0
2	135846393	135844544	0
2	135846393	135844607	0
2	135848189	135846236	0
2	135851564	135848052	0
2	135851946	135848155	0
2	135911211	135906676	0
2	135911211	135906823	0
2	135911211	135907243	0
2	135911211	135907259	0
2	135911494	135910847	0
2	135911494	135911138	0
2	135911618	135911138	0
2	135924499	135922783	0
2	135932843	135924386	0
2	135932843	135924417	0
2	135932843	135924436	0
2	135933991	135932782	0
2	135943481	135933908	0
2	135943481	135933909	0
2	135961499	135943178	0
2	135961499	135943377	0
2	135961499	135943385	0
2	135979367	135961395	0
2	135980552	135979273	0
2	135983448	135978986	0
2	135983455	135979273	0
2	135985885	135983396	0
2	135985898	135983396	0
2	135986101	135983396	0
2	136117738	136114636	0
2	136118166	136114350	0
2	13739285	13710530	0
2	13841615	13739186	0
2	138436614	138434374	0
2	138446468	138418283	0
2	138477247	138436472	0
2	138500881	138446247	0
2	138569227	138570767	8
2	138780349	138670771	0
2	139825878	139824895	0
2	140114105	140103582	0
2	140220369	140217650	0
2	140234885	140231422	0
2	140238297	140231771	0
2	140238297	140234785	0
2	140239533	140238151	0
2	140239533	140238181	0
2	140598836	140541778	0
2	140700622	140601449	0
2	140850330	140840917	0
2	140851784	140850101	0
2	140851784	140850130	0
2	140903166	140886137	0
2	1409748	1366233	0
2	140994136	140989531	0
2	141188584	141062050	0
2	141229441	141188420	0
2	141810402	140982159	0
2	141810402	141480395	0
2	141810402	141805363	0
2	142131702	141810278	0
2	142137831	142131177	0
2	14235951	14228873	0
2	143099934	143098897	0
2	143162477	143162077	0
2	14317104	13841563	0
2	14317104	14235889	0
2	143305461	143295585	0
2	143344219	143295420	0
2	143344219	143314433	0
2	143351397	143344043	0
2	143435290	143435600	0
2	143472020	143350930	0
2	143480782	143351223	0
2	143480790	143351223	0
2	143522067	143518866	0
2	143564168	143521968	0
2	143572106	143305364	0
2	143648750	143640767	0
2	143648886	143640755	0
2	143682940	143676318	0
2	143741295	143676164	0
2	143775359	143766619	0
2	143952054	143950944	0
2	143952074	143938067	0
2	143952074	143945753	0
2	143952074	143946013	0
2	143952074	143946015	0
2	143952074	143946022	0
2	143952074	143946032	0
2	143952074	143946826	0
2	143970763	143952772	0
2	143970763	143957194	0
2	144007536	143952772	0
2	144007536	143970652	0
2	144128323	144127923	0
2	144142056	143952772	0
2	144142056	143970652	0
2	144142056	144005750	0
2	144142056	144007181	0
2	144142056	144007333	0
2	144142056	144128245	0
2	144145740	144141881	0
2	144145906	144145571	0
2	144177218	144145571	0
2	144177241	144145571	0
2	144178937	144145571	0
2	144178961	144177134	0
2	144208805	144145571	0
2	144208805	144145619	0
2	144208805	144178307	0
2	144208805	144178833	0
2	144208805	144178834	0
2	144211580	144208602	0
2	144211580	144210834	0
2	144211583	144208602	0
2	144211598	144208602	0
2	144235738	144145571	0
2	144235738	144208602	0
2	144390029	144388340	7
2	144394481	144388661	0
2	144396462	144390551	0
2	144396563	144364363	0
2	144396593	144384080	0
2	144396593	144388017	0
2	144396593	144388309	0
2	144396593	144389212	0
2	144396593	144389284	0
2	144396593	144389316	0
2	144396593	144389865	0
2	144397929	144397818	0
2	144398319	144396411	0
2	144399551	144397877	6
2	144400271	144396411	0
2	144400271	144399536	6
2	144400346	144396411	0
2	144401308	144388015	0
2	144401308	144396411	0
2	144401308	144398300	2
2	144401308	144399079	0
2	144401308	144399350	0
2	144401308	144399869	0
2	144401308	144400018	0
2	144404131	144401198	0
2	144405025	144403915	0
2	144405025	144404097	0
2	144405374	144403994	0
2	144424865	144404835	0
2	144424868	144404835	0
2	144424868	144405002	0
2	144424954	144404835	0
2	144430027	144403915	0
2	144430027	144404835	0
2	144430027	144404995	0
2	144430027	144424795	0
2	144430027	144424855	0
2	144430935	144429768	0
2	144430943	144429768	0
2	144431023	144429768	0
2	144455201	144429768	0
2	144464343	144461832	0
2	144482342	144429768	0
2	144497765	144429768	0
2	144497765	144429825	0
2	144507421	144429768	0
2	144516165	144429768	0
2	144516398	144429768	0
2	144516554	144511388	0
2	144516762	144429787	0
2	144517310	144470429	0
2	144517420	144426512	0
2	144517420	144429602	0
2	144517420	144429768	0
2	144517420	144429825	0
2	144517420	144429910	0
2	144517420	144429981	0
2	144517420	144464165	0
2	144517420	144497707	0
2	144517420	144503661	0
2	144517420	144511384	0
2	144517420	144511388	0
2	144517420	144513422	0
2	144517420	144516457	0
2	144517507	144429768	0
2	144517552	144429768	0
2	144517558	144429555	0
2	144517633	144517277	0
2	144517719	144517277	0
2	144517751	144517277	0
2	144517756	144517277	0
2	144517826	144517277	0
2	144517898	144517277	0
2	144518008	144517277	0
2	144518027	144517277	0
2	144518262	144517277	0
2	144518407	144517277	0
2	144518425	144517277	0
2	144518447	144517277	0
2	144518451	144517277	0
2	144519476	144519835	0
2	144519476	144519958	0
2	144519675	144519958	0
2	144520007	144517277	0
2	144520103	144517277	0
2	144520111	144520214	0
2	144520120	144517277	0
2	144520209	144517277	0
2	144520209	144517350	0
2	144520286	144520753	0
2	144520333	144517277	0
2	144520362	144518292	0
2	144520363	144517277	0
2	144520365	144517277	0
2	144520382	144519938	0
2	144520387	144517277	0
2	144520392	144517277	0
2	144520396	144517277	0
2	144520399	144517277	0
2	144520401	144519938	0
2	144520682	144520753	0
2	144521058	144519938	0
2	144524584	144519938	0
2	144690186	144688412	0
2	144879553	144877733	0
2	145043776	145043886	0
2	145057729	145057813	0
2	145072824	145073456	0
2	145295189	145294276	0
2	145573388	145569293	0
2	145603153	145600906	0
2	14649454	14649538	0
2	147844707	147845073	2
2	147900545	147899400	0
2	147938181	147936312	1
2	147938214	147930396	4
2	147938214	147930398	4
2	147938394	147938145	1
2	147938651	147937976	1
2	147948225	147943435	0
2	147952514	147947674	0
2	147952525	147948050	0
2	147952525	147948188	0
2	147952525	147951447	0
2	147955396	147952372	0
2	147955396	147952471	0
2	147958384	147955346	0
2	147958496	147955346	0
2	147958867	147958297	0
2	147958867	147958300	0
2	147958867	147958302	0
2	147972830	147958591	0
2	147972830	147958790	0
2	148020762	147958790	0
2	148054450	148055452	0
2	148877343	148866469	0
2	148885578	148883522	0
2	148885598	148877225	0
2	148885598	148877874	0
2	148888444	148885839	0
2	148888783	148885534	0
2	148888824	148885534	0
2	14890796	14886646	0
2	148997341	148998399	0
2	149571172	149569633	1
2	149571172	149569643	1
2	149571172	149569671	1
2	149587150	149582126	3
2	149587603	149582126	0
2	149587727	149586888	12
2	149587779	149587088	10
2	149587817	149587088	14
2	149769407	149767505	0
2	149857686	149816463	0
2	149858604	149804181	0
2	150245688	150234891	0
2	150471762	150468194	1
2	150471762	150468208	1
2	150471762	150469776	0
2	150471762	150470218	1
2	150471961	150470140	0
2	150474985	150471626	0
2	150474985	150471637	0
2	150475105	150471626	0
2	150485383	150474874	0
2	150486782	150474874	0
2	150486867	150474874	0
2	150556681	150552531	0
2	150570135	150555665	0
2	150620068	150595101	0
2	151033892	151001219	0
2	151134770	151117954	0
2	151186210	151134703	0
2	151252856	151247939	0
2	151261779	151260984	0
2	151261880	151255532	0
2	151271733	151270464	0
2	151278991	151275757	0
2	151282044	151278827	0
2	151282955	151277254	0
2	151282955	151281947	0
2	151282955	151282038	0
2	151289078	151282867	0
2	151289864	151282770	0
2	151289864	151282867	0
2	151290058	151282867	0
2	151410034	151410413	9
2	151475220	151480097	7
2	151490078	151485335	0
2	151490078	151485338	0
2	151490078	151485340	0
2	151490078	151485759	0
2	151491776	151490371	0
2	151492282	151491682	0
2	151492495	151492097	0
2	151492495	151492098	0
2	151493297	151491206	0
2	151493446	151492386	0
2	151493868	151493352	0
2	151494254	151492386	0
2	151496369	151494160	0
2	151497034	151496275	0
2	151497034	151496304	0
2	151498353	151497625	0
2	151502886	151496275	0
2	151502886	151496940	0
2	151503442	151496275	0
2	151505571	151492386	0
2	151505571	151494160	0
2	151506948	151506165	0
2	151506994	151506165	0
2	151507014	151506165	0
2	151508043	151506908	0
2	151508110	151506165	0
2	151508110	151506908	0
2	151512838	151506165	0
2	151512838	151506908	0
2	151512838	151508004	0
2	151516564	151514317	0
2	151516564	151514817	0
2	151518423	151516458	0
2	151531102	151529209	0
2	151531897	151530993	0
2	151532164	151530640	0
2	151533547	151531791	0
2	151533547	151531826	0
2	151534320	151531791	0
2	151535796	151531791	0
2	151616110	151614275	0
2	151617469	151616001	0
2	151617486	151615878	0
2	151667912	151666089	0
2	151669132	151667803	0
2	151669132	151667834	0
2	151690826	151688291	0
2	151691969	151689197	0
2	151691969	151690726	0
2	151789883	151788983	0
2	151789883	151789077	0
2	15179117	15166908	0
2	15179117	15166913	0
2	15179117	15166915	0
2	15179117	15177948	0
2	151791791	151789751	0
2	151791909	151789751	0
2	151792087	151789634	0
2	151803325	151791757	0
2	15180379	15166916	0
2	151806973	151798801	3
2	151806973	151802650	3
2	151806973	151802826	3
2	151806973	151802981	3
2	151806973	151803006	3
2	151806973	151803102	3
2	151814317	151812356	0
2	151815200	151814168	0
2	151815200	151814271	0
2	151828442	151815138	0
2	151828466	151827479	3
2	151828469	151815138	0
2	151828489	151815138	0
2	151828493	151815138	0
2	151841740	151815138	0
2	151841740	151839038	0
2	151842015	151841667	0
2	151842089	151815138	0
2	151842089	151832767	0
2	151842089	151832803	0
2	151842089	151832819	0
2	151842089	151832865	0
2	151842089	151832908	0
2	151842089	151832967	0
2	151842089	151833818	0
2	151842089	151834819	0
2	151842089	151836207	0
2	151842089	151836233	0
2	151842089	151836354	0
2	151842089	151836410	0
2	151842089	151836433	0
2	151842089	151836481	0
2	151842089	151836812	0
2	151842089	151836932	0
2	151842089	151837205	0
2	151842089	151837216	0
2	151842089	151837284	0
2	151842089	151837286	0
2	151842089	151837357	0
2	151842089	151837542	0
2	151842089	151838494	0
2	151842089	151838632	0
2	151842089	151838683	0
2	151842089	151838702	0
2	151842089	151838705	0
2	151842089	151838706	0
2	151842089	151838751	0
2	151842089	151838757	0
2	151842089	151838781	0
2	151842089	151838804	0
2	151842089	151838826	0
2	151842089	151838833	0
2	151842089	151838837	0
2	151842089	151838865	0
2	151842089	151838932	0
2	151842089	151838989	0
2	151842089	151838990	0
2	151842089	151839000	0
2	151842089	151839028	0
2	151842089	151839043	0
2	151842089	151841667	0
2	151853544	151815138	0
2	151853544	151832863	0
2	151853544	151836103	0
2	151853544	151836567	0
2	151853544	151836675	0
2	151853544	151839027	0
2	151853544	151839118	0
2	151853544	151841902	0
2	151853544	151841933	0
2	151853565	151841902	0
2	151855376	151815138	0
2	151855376	151832811	0
2	151855376	151841902	0
2	151855376	151841981	0
2	151855376	151853447	0
2	151855376	151853474	0
2	151860756	151855223	0
2	151860821	151854851	0
2	151860821	151855223	0
2	151861730	151855223	0
2	15186881	15166915	0
2	151869194	151860710	0
2	151869236	151832884	0
2	151869236	151856647	0
2	151869236	151860710	0
2	151869736	151860710	0
2	151870612	151838814	0
2	151870612	151841902	0
2	151870612	151855223	0
2	151870612	151860710	0
2	151870612	151866027	0
2	151870612	151869176	0
2	151870862	151841902	0
2	151870862	151855223	0
2	151870862	151860710	0
2	151870862	151865786	0
2	151870862	151868913	0
2	151870862	151869176	0
2	151870862	151870530	0
2	151870862	151870588	0
2	151870903	151870530	0
2	151872494	151841902	0
2	151872494	151855223	0
2	151872494	151860710	0
2	151872494	151869176	0
2	151872494	151870237	0
2	151872494	151870530	0
2	151872494	151870841	0
2	151874971	151872416	0
2	151876495	151872416	0
2	151876557	151841902	0
2	151876557	151855223	0
2	151876557	151860710	0
2	151876557	151869176	0
2	151876557	151870530	0
2	151876557	151872416	0
2	151880823	151876425	0
2	151880832	151876425	0
2	151880923	151876425	0
2	151883371	151876425	0
2	151883371	151879514	0
2	151883371	151880799	0
2	151936413	151883250	0
2	151962912	151883250	0
2	151967611	151883250	0
2	151970427	151883250	0
2	151971701	151883250	0
2	151971705	151883250	0
2	151971705	151883255	0
2	151971705	151967536	0
2	151971705	151970280	0
2	151971749	151967536	0
2	151971786	151883250	0
2	151971989	151971544	0
2	151972053	151971544	0
2	151973773	151971544	0
2	151973781	151971544	0
2	151973799	151883250	0
2	151973858	151971544	0
2	151973874	151962844	0
2	151973892	151971544	0
2	151973909	151971544	0
2	151973924	151883250	0
2	151973924	151971544	0
2	151973929	151883250	0
2	151973929	151971544	0
2	151973932	151883250	0
2	151973934	151883250	0
2	151973934	151971544	0
2	151973935	151971544	0
2	151973941	151883250	0
2	151973948	151883250	0
2	151973948	151967125	0
2	151973948	151971544	0
2	151973949	151883250	0
2	151973950	151883250	0
2	151973953	151971544	0
2	151973955	151971544	0
2	151973967	151883250	0
2	151973971	151971544	0
2	151973972	151936205	0
2	151973979	151883250	0
2	151973979	151971544	0
2	151973981	151883250	0
2	151973984	151883250	0
2	151973998	151883250	0
2	151974028	151971544	0
2	151974052	151883250	0
2	152048790	151883250	0
2	152098414	151883250	0
2	152098414	151971544	0
2	152098462	151883250	0
2	152098671	152098329	0
2	152098708	152098329	0
2	152098712	152098329	0
2	152098715	152098329	0
2	152098811	152098329	0
2	152098845	152098329	0
2	152099024	152098329	0
2	152099034	152098329	0
2	152099141	152098329	0
2	152099168	152098329	0
2	152099476	152098329	0
2	152123936	152116800	0
2	152124687	152120431	0
2	152126380	152123765	0
2	152132169	152126003	0
2	152132169	152126225	0
2	152133261	152131881	0
2	152133261	152132113	0
2	152144014	152135508	0
2	152144837	152143896	0
2	152144958	152143826	0
2	152144958	152143988	0
2	152658021	152651592	1
2	152658021	152656305	5
2	152659010	152657888	2
2	152659010	152657954	2
2	152659105	152657884	3
2	152663173	152662602	0
2	152663772	152663034	0
2	152663856	152663130	0
2	152672624	152671272	0
2	152673043	152672458	0
2	152673043	152672547	0
2	152673043	152672564	0
2	152676780	152673597	0
2	152677476	152676398	0
2	152677476	152676404	0
2	152679110	152677450	0
2	152679473	152677450	0
2	152679473	152679055	1
2	152681337	152679128	0
2	152681337	152679351	0
2	152694623	152679351	0
2	152694623	152693037	0
2	152694623	152693157	0
2	152714630	152694062	0
2	152716127	152694436	0
2	152716127	152694541	0
2	152716131	152714549	0
2	152717374	152715994	0
2	152717408	152715994	0
2	152717432	152715994	0
2	152717458	152715994	0
2	152717462	152715994	0
2	152717626	152715994	0
2	152717982	152715994	0
2	153173331	153171986	0
2	153423493	153421615	0
2	153449819	153421684	0
2	153449821	153423435	0
2	153593289	153421806	0
2	15374721	15366579	0
2	15379832	15374607	0
2	15394350	15383214	0
2	15394350	15393638	0
2	15402302	15396412	0
2	1540724	1542420	0
2	154445886	154435852	0
2	154454643	154445807	0
2	154697818	154696461	0
2	15478290	15475686	0
2	15483369	15478244	0
2	15489023	15478225	0
2	154968004	154965512	0
2	156013784	156011616	0
2	156021900	156011529	0
2	156021900	156013672	0
2	156022818	156020534	0
2	156022818	156020539	0
2	156022818	156021743	0
2	156022818	156021750	0
2	156022818	156021760	0
2	156024577	156022671	0
2	156024577	156022780	0
2	156024608	156022671	0
2	156024608	156022685	0
2	156024614	156022671	0
2	156150603	156024484	0
2	156205439	156022671	0
2	156205439	156024465	0
2	156205439	156024469	0
2	156228005	156022671	0
2	156228005	156024469	0
2	156254916	156024465	0
2	156254930	156024469	0
2	15628518	15628637	8
2	156317745	156305107	0
2	156326208	156325099	0
2	156326208	156325743	0
2	156326329	156324431	0
2	156326329	156325081	0
2	156326329	156325097	0
2	156328015	156326717	0
2	156328534	156327850	0
2	156328534	156327903	0
2	156330011	156328403	1
2	156330122	156328403	0
2	156330189	156328403	0
2	156330708	156329322	0
2	156330722	156329322	0
2	156330789	156329322	0
2	156330792	156328403	0
2	156330792	156329322	0
2	156332714	156329412	0
2	156332721	156329677	0
2	156579002	156579085	0
2	15669180	15668683	0
2	157324270	157321684	0
2	157324270	157321738	0
2	157324703	157321001	0
2	157324754	157321781	0
2	157324763	157318624	0
2	157324763	157318638	0
2	157324763	157320996	0
2	157324763	157321644	0
2	157324763	157321668	0
2	157418590	157414618	0
2	157418590	157416045	0
2	157418590	157416070	0
2	157430963	157430558	0
2	157434425	157430859	0
2	157434425	157430870	0
2	157434425	157430912	0
2	157434748	157434160	0
2	157434748	157434369	0
2	157438964	157434697	0
2	157444007	157434697	0
2	157444007	157434708	0
2	157444087	157434415	0
2	157444093	157434697	0
2	157444143	157434697	0
2	157465028	157434697	0
2	157487435	157434697	0
2	157538704	157526766	0
2	157538704	157533741	0
2	157736006	157725707	0
2	157738571	157736443	0
2	157738571	157736448	0
2	157738571	157737315	0
2	157778343	157774087	0
2	157780601	157778130	0
2	157780601	157778149	0
2	157790238	157780336	0
2	157799501	157780336	0
2	157799501	157780405	0
2	157799501	157780407	0
2	157799501	157780449	0
2	157799501	157780453	0
2	157806997	157799426	0
2	157818560	157799426	0
2	157818560	157799428	0
2	1580312	1572553	0
2	1580748	1418362	0
2	15810878	15801746	0
2	158176662	158171080	0
2	158176662	158171356	0
2	158176662	158171543	0
2	158176662	158171973	0
2	158250913	158220594	0
2	158309640	158250771	0
2	158309640	158288587	0
2	158309640	158288622	0
2	158338908	158313755	0
2	158339086	158338592	0
2	158339086	158338725	0
2	158358571	158313755	0
2	158366077	158358448	0
2	158380961	158366013	0
2	158393311	158366013	0
2	158456567	158358448	0
2	158456600	158358448	0
2	158456703	158358448	0
2	158456709	158345214	0
2	158456727	158393227	0
2	158456754	158340597	0
2	158456754	158358448	0
2	158666082	158658336	0
2	158666431	158666432	4
2	158666451	158666451	4
2	158679390	158665847	0
2	158680675	158680677	49
2	158723981	158678655	0
2	158734819	158678655	0
2	158735003	158679245	0
2	159056860	159056004	0
2	159149273	159150369	0
2	159219362	159219691	0
2	15922191	15921036	0
2	159225780	159227818	0
2	159227966	159228795	0
2	159248513	159235792	0
2	159248513	159235797	0
2	159248513	159235800	0
2	159256376	159235833	0
2	159324955	159318978	0
2	159324955	159321857	0
2	159325919	159324810	0
2	159332687	159325652	0
2	159332687	159325763	0
2	159332997	159325652	0
2	159337078	159332539	0
2	159337773	159332539	0
2	159337773	159336941	0
2	159337773	159336959	0
2	159385370	159383605	0
2	159386608	159385154	0
2	159386608	159385164	0
2	159386608	159385291	0
2	15938726	15936264	0
2	159389486	159386352	0
2	159389486	159386373	0
2	159395740	159396012	0
2	159398895	159397344	0
2	159400651	159398828	0
2	159400665	159398828	0
2	159400665	159398842	0
2	159404902	159400598	0
2	159404911	159400598	0
2	159404911	159404848	0
2	159405115	159404371	0
2	159405115	159404848	0
2	159405115	159404902	0
2	15941098	15938499	0
2	15941098	15939897	0
2	15941098	15940184	0
2	15941239	15940120	0
2	15941249	15922020	0
2	159412546	159405021	0
2	159419868	159412334	0
2	159428043	159412334	0
2	159428043	159412431	0
2	159428420	159412334	0
2	159438696	159432756	0
2	159439213	159438302	0
2	159446976	159437394	0
2	159446976	159439008	0
2	159448404	159446781	0
2	159448410	159446781	0
2	159453662	159448241	0
2	159453802	159446781	0
2	159453802	159448241	0
2	159453802	159448315	0
2	159478722	159446835	0
2	159478722	159448241	0
2	159478722	159453612	0
2	159478722	159458323	0
2	159555865	159478574	0
2	159555866	159478574	0
2	159615425	159555442	0
2	159615561	159555822	0
2	159616451	159555822	0
2	159616506	159555822	0
2	159616570	159555822	0
2	159616693	159555822	0
2	159690292	159689216	0
2	159710895	159670707	0
2	159710895	159670711	0
2	159710895	159693200	0
2	159777965	159768629	0
2	159777965	159768852	0
2	159777965	159771850	0
2	159807141	159783358	0
2	159807141	159803354	0
2	159808572	159783358	0
2	159814010	159812233	0
2	159815574	159810525	0
2	159872594	159864838	0
2	159875644	159871818	0
2	159875644	159872450	0
2	159904650	159902548	0
2	159904711	159898687	0
2	159904743	159898687	0
2	159904750	159902364	0
2	159941993	159932005	0
2	159942160	159932005	0
2	159942160	159941745	0
2	159946918	159944905	0
2	159947560	159945814	0
2	159947560	159946800	0
2	160101835	160101564	0
2	160107846	160099665	0
2	160107846	160099666	0
2	160107846	160099670	0
2	160107846	160101635	0
2	160107846	160101684	0
2	160107846	160101735	0
2	160107846	160101759	0
2	160142072	160138064	0
2	160169308	160141980	0
2	160169308	160141981	0
2	160201218	160196215	0
2	160206074	160201135	0
2	160253850	160200772	0
2	160271250	160257839	0
2	160271881	160257717	0
2	160271889	160205862	0
2	160275715	160272150	0
2	160275715	160272151	0
2	160275715	160274459	0
2	160275715	160274479	0
2	160275715	160274517	0
2	160275715	160274519	0
2	160275715	160274539	0
2	160276686	160275629	2
2	160277373	160275398	1
2	160277384	160275629	0
2	160279767	160275629	0
2	160284868	160278547	0
2	160284869	160281313	0
2	160284869	160282256	0
2	160285045	160284260	0
2	160285045	160284774	0
2	160303488	160300650	2
2	160303488	160302503	2
2	160313248	160303329	0
2	160313248	160303407	0
2	160367392	160318168	0
2	160367527	160367215	0
2	160402103	160367215	0
2	160407890	160367215	0
2	160408610	160367215	0
2	160416179	160367215	0
2	160416179	160401967	0
2	160432478	160367215	0
2	160492970	160366912	0
2	160493483	160367215	0
2	160493795	160367215	0
2	16062568	15997048	0
2	16097463	16085221	0
2	16097463	16096425	0
2	161159237	161096230	0
2	161227134	161223259	0
2	161246914	161246433	0
2	161248579	161246427	0
2	161248586	161222784	0
2	161248586	161227048	0
2	161248586	161246246	0
2	161248586	161246427	0
2	161248586	161246430	0
2	161248586	161246438	0
2	161248586	161246444	0
2	161248586	161246758	0
2	161251163	161248523	0
2	161251205	161248523	0
2	161251223	161248523	0
2	161254631	161248523	0
2	161308304	161270508	0
2	161417103	161417675	0
2	161418323	161418891	0
2	161419051	161420195	0
2	161419292	161420195	0
2	161419920	161420195	0
2	161420258	161423368	0
2	161423136	161422658	0
2	161423487	161423591	0
2	161423578	161422658	0
2	1617285	1546664	0
2	161995035	161992240	0
2	161995035	161993282	0
2	161995373	161994960	0
2	162005810	161995177	0
2	162005810	161995299	0
2	162008662	162005644	0
2	162008662	162005744	0
2	162016867	162014395	0
2	162017156	162016767	0
2	162017156	162016819	0
2	162038423	162035163	0
2	162039022	162038301	0
2	162039022	162038341	0
2	162039022	162038373	0
2	162039185	162038301	0
2	162039185	162038944	0
2	162039185	162038948	0
2	162039185	162038987	0
2	162045613	162038948	0
2	162046806	162045531	0
2	162047007	162045531	0
2	162047007	162046701	0
2	162047007	162046733	0
2	162047502	162045531	0
2	162047502	162046701	0
2	162144171	162142872	0
2	162144171	162143904	0
2	162144416	162143177	0
2	162145678	162144026	0
2	162147394	162144694	0
2	162147515	162145358	0
2	162147515	162145539	0
2	162172885	162170683	0
2	162172885	162170684	0
2	162172885	162170689	0
2	162172885	162170717	0
2	162173222	162172810	0
2	162173222	162172840	0
2	162173782	162173054	0
2	162173788	162173148	0
2	162188364	162183413	0
2	162189173	162188168	0
2	162189173	162188171	0
2	162194749	162189655	0
2	162194749	162193558	0
2	162195038	162189655	0
2	162198827	162198178	0
2	162198843	162194700	0
2	162198882	162194700	0
2	162200620	162198623	0
2	162200620	162198756	0
2	162209997	162203040	0
2	162214074	162209619	0
2	162214074	162209951	0
2	162219184	162217985	0
2	162219926	162219062	0
2	162219926	162219141	0
2	162221713	162219856	0
2	162223661	162219852	0
2	162243414	162242907	0
2	162243457	162242907	0
2	162243536	162242907	0
2	162245152	162243346	0
2	162267570	162267078	0
2	162267570	162267092	0
2	162267570	162267094	0
2	162268138	162267247	0
2	16228195	16227026	0
2	162293669	162288134	0
2	162306856	162293563	0
2	162307171	162293563	0
2	162310934	162306708	2
2	162311300	162310764	0
2	162318476	162310764	0
2	162318653	162310764	0
2	162318685	162310146	0
2	162318704	162310764	0
2	162359158	162359493	3
2	162373663	162371406	0
2	162423536	162400188	0
2	162435598	162423246	0
2	162435598	162423269	0
2	162435598	162423335	0
2	162504658	162446017	0
2	162504658	162501984	0
2	1625420	1620509	0
2	162836768	162536924	0
2	16295121	16294444	0
2	16299043	16297972	0
2	16301921	16298943	0
2	163153308	163152250	0
2	16319567	16316323	0
2	1635522	1631886	1
2	1635522	1633891	0
2	1635522	1633922	0
2	1637065	1633184	0
2	163735073	163593395	0
2	163735073	163602610	0
2	163735985	163611353	0
2	163869253	163749572	0
2	164250812	163950180	0
2	1643472	1639301	0
2	164352224	164250719	0
2	1643577	1639301	0
2	1644753	1643367	0
2	1644753	1643391	0
2	164494525	164492811	0
2	164494525	164492815	0
2	164497053	164492821	0
2	164497096	164494430	0
2	164497284	164497007	0
2	164508853	164502254	0
2	164508853	164508454	0
2	164522118	164508662	0
2	164522118	164508741	0
2	164525079	164521979	0
2	164527136	164525003	0
2	164527136	164525041	0
2	164619820	164547659	0
2	164619958	164547659	0
2	164665902	164653623	0
2	164692347	164665846	0
2	164692398	164680185	0
2	164692398	164680187	0
2	164692398	164684764	0
2	164692398	164684815	0
2	164692398	164684824	0
2	164692398	164685820	0
2	164692398	164685903	0
2	164694738	164692636	0
2	164695834	164692220	2
2	164695837	164692220	2
2	164698301	164692220	0
2	164699500	164692220	0
2	164700757	164699404	0
2	164703221	164700521	0
2	164703221	164700552	0
2	164704519	164700521	0
2	164704519	164700606	0
2	164704519	164700677	0
2	164705106	164704443	0
2	164705378	164704443	0
2	164722312	164704951	0
2	164722492	164721816	0
2	164722523	164722074	0
2	164722523	164722305	0
2	164725008	164722074	0
2	164727145	164722424	0
2	164727145	164722491	0
2	164728198	164722424	0
2	164728198	164727105	0
2	164730116	164727968	0
2	164730116	164728158	0
2	164730116	164728160	0
2	164730116	164728184	0
2	164743876	164704951	0
2	164743876	164729913	0
2	164743876	164729929	0
2	164743876	164730059	0
2	164743876	164738245	0
2	164761454	164743686	0
2	164773734	164743188	0
2	164773755	164743686	0
2	164779786	164743686	0
2	164800555	164743686	0
2	164837499	164743686	0
2	164841244	164743686	0
2	164841247	164704951	0
2	164841247	164729913	0
2	164841247	164743453	0
2	164841247	164743686	0
2	164841413	164743686	0
2	164841419	164743686	0
2	164841824	164743686	0
2	164908091	164898607	0
2	164908772	164896185	0
2	164908772	164898328	0
2	164908772	164898333	0
2	164908772	164898373	0
2	164908772	164898527	0
2	164908772	164898668	0
2	164911749	164908639	0
2	164911941	164908639	0
2	164912087	164908639	0
2	164915274	164911635	0
2	164915274	164911657	0
2	164915974	164911635	0
2	164915974	164915111	0
2	164937424	164915902	0
2	164937430	164915424	0
2	164937430	164915902	0
2	164944635	164939449	0
2	164945728	164939449	0
2	164945728	164944561	0
2	164945728	164944568	0
2	1649676	1644617	3
2	165092525	165087521	0
2	165092525	165087529	0
2	165092525	165087541	0
2	165092525	165089717	0
2	165093829	165092255	0
2	165094479	165092253	0
2	165095637	165094373	0
2	165095649	165094373	0
2	165096521	165094373	0
2	165096521	165095510	0
2	165097525	165096466	0
2	165097615	165096466	0
2	165100425	165097251	0
2	165130297	165127630	0
2	165131418	165129939	0
2	165164521	165162555	0
2	165164521	165163617	0
2	165164521	165163801	0
2	165168826	165164391	0
2	165168826	165164392	0
2	165203882	165186550	0
2	165203887	165186550	0
2	165204044	165186550	0
2	165204051	165186550	0
2	165204068	165186550	0
2	165326985	165327154	1
2	165326985	165328403	0
2	165327203	165328403	0
2	165370300	165373224	0
2	1653786	1644617	0
2	1653786	1648171	0
2	1653786	1649364	0
2	165380730	165381092	0
2	1653967	1649242	0
2	1653981	1653627	0
2	1654509	1653075	0
2	1654509	1653627	0
2	16545696	16541689	0
2	16555140	16549458	0
2	16555140	16552935	0
2	16559587	16555068	0
2	16561070	16559459	0
2	16561278	16560656	0
2	16561278	16560989	0
2	16564095	16562004	0
2	16565768	16563988	0
2	16565768	16564004	0
2	16565768	16564023	0
2	165749895	165747590	0
2	165749895	165747802	0
2	165757248	165754931	0
2	165758865	165757046	0
2	165758865	165757067	0
2	165759571	165758617	0
2	165759571	165758746	0
2	165770809	165764883	0
2	165771384	165770185	0
2	165771384	165770528	0
2	165771384	165770624	0
2	165771692	165770665	0
2	165794651	165770430	0
2	165794683	165770185	0
2	165837079	165833047	0
2	165846092	165794856	0
2	165858405	165857474	0
2	165858405	165857477	0
2	165874833	165870796	0
2	165876233	165873361	0
2	165876233	165874678	0
2	165880800	165876164	0
2	165880800	165879633	0
2	165898768	165890837	0
2	165899881	165898626	0
2	165899881	165898685	0
2	165929336	165924548	0
2	165929748	165928716	0
2	165929748	165929134	0
2	165949505	165945523	0
2	165949725	165949110	0
2	165949725	165949393	0
2	165953746	165949594	0
2	165953812	165949594	0
2	165953844	165949594	0
2	165994417	165984640	0
2	165994417	165989159	0
2	165994417	165989162	0
2	165994417	165989868	0
2	165994417	165991244	0
2	165996118	165989159	0
2	165996118	165994145	0
2	165996323	165994166	0
2	165998176	165996012	0
2	165998176	165996052	0
2	165999117	165998142	0
2	165999777	165998037	0
2	165999777	165998124	0
2	166000064	165998037	0
2	166009842	165999722	0
2	166009842	166002471	0
2	166009842	166007229	0
2	166012283	166009358	0
2	166012283	166009718	0
2	166036275	166015606	0
2	166036531	166015606	0
2	166038133	166036047	0
2	166039597	166037775	0
2	166060868	166058569	0
2	166073622	166058569	0
2	166073640	166058569	0
2	166073671	166058569	0
2	166073671	166060639	0
2	166073671	166071622	0
2	166073698	166058567	0
2	166077802	166073301	0
2	166077802	166073357	0
2	166077848	166073357	0
2	166127011	166077709	0
2	166127035	166077709	0
2	166127055	166073610	0
2	166127987	166073357	0
2	166128016	166077709	0
2	166128021	166077709	0
2	166128023	166077709	0
2	166128024	166073357	0
2	166128040	166077709	0
2	166128048	166077709	0
2	166149136	166077709	0
2	166149152	166073357	0
2	166149215	166073357	0
2	166204226	166195184	0
2	166204226	166195188	0
2	166204226	166197461	0
2	166204226	166198298	0
2	166204226	166198410	0
2	166204226	166198610	0
2	166204226	166198671	0
2	166242657	166238093	0
2	166251886	166242501	0
2	166251886	166242623	0
2	166277340	166272398	0
2	166278314	166276416	0
2	166278314	166276982	0
2	166280596	166277715	0
2	166280596	166278139	0
2	166288644	166286335	0
2	166293373	166288436	0
2	166293373	166288614	0
2	166294663	166293230	0
2	166303303	166294598	0
2	166304090	166301173	0
2	166304123	166303089	0
2	166304330	166302062	0
2	166304330	166303089	0
2	166305921	166303089	0
2	166409936	166403572	0
2	166409936	166404942	0
2	166409936	166405512	0
2	166416986	166413067	0
2	166441753	166432317	0
2	166441753	166436346	0
2	166443677	166440582	0
2	166443677	166441395	0
2	166462531	166456869	0
2	166465527	166461754	0
2	166465532	166462388	0
2	1665075	1662071	0
2	1665075	1663604	0
2	1666487	1663604	0
2	1666487	1664957	0
2	1666487	1664990	0
2	1669834	1666355	0
2	167140956	167123903	0
2	1672234	1666213	0
2	167249055	167249101	0
2	1673813	1666213	0
2	1673813	1666257	0
2	1677045	1673642	0
2	167862851	167815052	0
2	167869915	167814773	0
2	167869981	167862714	0
2	167900783	167869739	0
2	167964727	167954019	0
2	167964727	167964307	0
2	1680363	1676926	0
2	1680363	1676956	0
2	1680363	1677029	0
2	168248142	168181977	0
2	1683728	1680192	0
2	1683728	1680252	0
2	16855285	16853819	0
2	168774952	168771952	23
2	168774952	168774354	22
2	168774952	168774359	22
2	168774952	168774397	20
2	168774952	168774398	20
2	168774952	168774418	20
2	168774952	168774448	22
2	168775316	168774820	2
2	168775371	168774820	0
2	168777938	168774820	0
2	168783091	168774820	0
2	168783376	168783011	0
2	168784048	168774449	0
2	168784048	168774820	0
2	168784048	168775195	0
2	168784048	168777812	0
2	168784048	168783138	0
2	168784048	168783233	0
2	168784215	168774820	0
2	168784695	168774820	0
2	168786430	168774820	0
2	168856211	168856689	0
2	168873684	168834131	0
2	168873684	168870893	0
2	168877385	168876071	0
2	168884908	168877237	0
2	168889292	168877237	0
2	168889294	168877237	0
2	168913278	168890528	0
2	168913372	168890528	0
2	168924804	168915497	0
2	168924804	168920780	0
2	168924804	168922981	0
2	168924804	168923382	0
2	168932534	168930664	0
2	168932941	168932464	0
2	168935426	168932376	0
2	168969552	168968426	0
2	168970171	168969349	0
2	168970216	168969349	0
2	168970357	168969349	0
2	168970592	168969522	0
2	169129085	169127108	0
2	169129085	169127828	0
2	169129085	169128435	0
2	169132682	169129012	0
2	169137494	169132573	0
2	169137494	169132599	0
2	169178027	169176410	0
2	169181619	169177802	0
2	169181619	169177839	0
2	169241366	169239526	0
2	169243073	169240749	0
2	169243073	169240987	0
2	169271108	169259024	0
2	169273068	169259024	0
2	169273068	169270903	0
2	169273068	169270999	0
2	169487856	169487986	0
2	169530702	169529748	0
2	169530702	169529754	0
2	169530702	169529792	0
2	169530702	169529831	0
2	169537341	169531351	0
2	169538142	169531351	0
2	169538142	169537001	0
2	169538142	169537226	0
2	169540118	169531351	0
2	169540180	169531351	0
2	169540180	169537226	0
2	169560786	169557186	0
2	169563351	169560386	0
2	169563351	169560529	0
2	169563391	169560270	0
2	169631648	169631765	2
2	169649347	169645424	0
2	169659302	169658131	0
2	169662437	169654074	0
2	169674770	169662279	0
2	169674770	169662325	0
2	169675041	169674575	0
2	169681182	169674936	0
2	169681234	169674866	0
2	169694351	169674866	0
2	169768800	169767184	0
2	169805840	169805997	1
2	169806893	169806970	2
2	169808554	169808859	5
2	169812507	169810080	6
2	169812507	169811756	1
2	169812507	169811762	1
2	169812507	169811764	1
2	169812525	169811756	1
2	169813176	169811757	0
2	169815529	169811756	0
2	169815529	169811813	0
2	169815529	169812456	0
2	169821274	169812456	0
2	169824559	169821942	0
2	169824641	169812469	0
2	169824641	169819560	0
2	169824641	169821942	0
2	169824815	169824488	5
2	169824873	169824181	2
2	169824875	169824488	5
2	169824902	169824488	5
2	169824906	169824488	5
2	169824914	169824488	5
2	169824915	169821942	0
2	169824926	169824488	5
2	169824932	169824488	4
2	170014866	170015280	0
2	170078295	170077223	0
2	170080024	170080544	0
2	170334132	170332084	0
2	170334880	170333920	0
2	170334880	170333923	0
2	170334880	170333924	0
2	170334880	170333926	0
2	170334880	170333927	0
2	170334880	170333930	0
2	170334880	170333932	0
2	170334880	170333936	0
2	170334880	170333954	0
2	170334880	170333958	0
2	170334880	170333981	0
2	170334880	170333998	0
2	170334880	170334012	0
2	170334880	170334042	0
2	170334880	170334048	0
2	170334880	170334073	0
2	170334880	170334082	0
2	170334880	170334098	0
2	170334880	170334371	0
2	170337914	170333927	0
2	170337914	170334745	0
2	170337914	170334800	0
2	170337914	170334858	0
2	170337949	170334745	0
2	170338177	170334745	0
2	170338177	170334764	0
2	170340418	170337848	0
2	170340422	170337848	0
2	170340491	170334745	0
2	170340491	170337848	0
2	170341254	170340166	0
2	170341411	170337848	0
2	170341411	170340166	0
2	170341426	170340521	0
2	170341430	170337848	0
2	170341430	170340387	0
2	170341430	170340593	0
2	170341430	170340638	0
2	170343556	170337848	0
2	170343556	170341190	0
2	170343559	170337848	0
2	170343559	170341152	0
2	170343601	170341188	0
2	170343638	170337848	0
2	170343638	170340166	0
2	170343638	170340552	0
2	170343638	170341097	0
2	170343638	170341112	0
2	170343638	170341152	0
2	170343657	170334745	0
2	170343657	170337848	0
2	170343657	170340166	0
2	170343657	170340517	0
2	170343657	170341100	0
2	170343657	170341113	0
2	170343657	170341153	0
2	170343657	170341164	0
2	170343657	170341188	0
2	170343657	170341194	0
2	170343657	170341195	0
2	170343657	170341206	0
2	170343657	170341217	0
2	170343657	170341237	0
2	170343657	170341243	0
2	170343657	170341262	0
2	170343657	170341320	0
2	170343657	170341329	0
2	170343657	170341385	0
2	170343657	170342103	0
2	170343841	170343458	0
2	170344299	170343458	0
2	170344302	170343458	0
2	170344353	170343458	0
2	170344382	170343458	0
2	170344439	170337848	0
2	170344439	170340166	0
2	170344439	170343458	0
2	170344439	170343586	0
2	170344575	170343458	0
2	170344881	170343458	0
2	170344883	170344340	0
2	170344884	170337848	0
2	170344884	170340166	0
2	170344884	170341152	0
2	170344884	170343458	0
2	170344884	170344171	0
2	170344897	170343458	0
2	170344902	170343458	0
2	170344927	170343458	0
2	170344927	170344340	0
2	170344928	170344340	0
2	170344929	170337848	0
2	170344929	170340166	0
2	170344929	170343458	0
2	170344929	170343494	0
2	170344929	170343816	0
2	170344929	170344171	0
2	170344929	170344340	0
2	170344934	170337848	0
2	170344934	170343458	0
2	170344934	170343586	0
2	170344934	170343587	0
2	170344934	170343590	0
2	170344934	170343593	0
2	170344934	170343605	0
2	170344934	170344171	0
2	170344934	170344340	0
2	170345133	170337848	0
2	170345133	170340166	0
2	170345133	170343458	0
2	170345133	170343586	0
2	170345133	170344340	0
2	170345133	170344798	0
2	170345216	170343586	0
2	170345216	170344798	0
2	170346243	170344798	0
2	170346243	170344834	0
2	170346277	170344798	0
2	170346406	170344798	0
2	170346406	170345062	0
2	170347998	170346177	0
2	170348100	170344848	0
2	170348126	170344798	0
2	170348126	170345062	0
2	170348126	170346177	0
2	170348655	170346308	0
2	170349635	170344798	0
2	170349852	170344798	0
2	170350374	170346177	0
2	170350572	170344798	0
2	170350582	170344798	0
2	170350645	170343458	0
2	170350645	170343586	0
2	170350645	170344340	0
2	170350645	170344798	0
2	170350645	170344995	0
2	170350645	170345062	0
2	170350645	170346177	0
2	170350645	170346299	0
2	170350944	170344798	0
2	170351031	170344798	0
2	170351109	170343458	0
2	170351109	170344340	0
2	170351109	170344798	0
2	170351112	170344798	0
2	170383922	170344798	0
2	170641464	170640373	0
2	170668489	170649921	0
2	170695375	170682895	0
2	170727329	170723085	0
2	170727329	170725736	0
2	170727789	170727284	0
2	170727856	170727284	0
2	170729441	170727718	0
2	170730998	170727658	0
2	170733995	170730367	0
2	170743957	170730951	0
2	170770767	170740631	0
2	170770769	170730932	0
2	170817000	170816404	0
2	170817033	170816302	0
2	170817173	170816292	0
2	170817896	170816853	0
2	170817899	170818528	0
2	170818038	170816853	0
2	170852793	170853872	0
2	170996761	170990822	0
2	170996761	170992153	0
2	170996761	170993506	0
2	170996761	170993726	0
2	170997824	170996652	0
2	170997824	170996723	0
2	171028406	171014850	0
2	171028406	171022871	0
2	171046363	171028338	0
2	171049951	171045230	0
2	171049951	171046173	0
2	171053854	171050063	0
2	171055130	171050063	0
2	171055173	171053716	0
2	171055173	171053760	0
2	171055173	171053781	0
2	171061157	171028344	0
2	171082853	171061080	0
2	171082853	171081639	0
2	171091811	171082780	0
2	171117858	171082780	0
2	171153925	171117738	0
2	171159828	171117751	0
2	171160496	171117738	0
2	171160565	171117738	0
2	171160834	171117738	0
2	171160901	171117738	0
2	171231315	171117738	0
2	171325907	171317404	1
2	171325907	171317408	1
2	171325907	171323250	0
2	171325907	171323787	0
2	171325907	171323900	0
2	171325907	171323920	0
2	171325907	171323932	0
2	171325907	171324024	0
2	171325907	171324242	0
2	171326149	171325840	0
2	171326154	171324100	0
2	171326382	171325840	0
2	171330699	171325840	0
2	171330699	171325890	0
2	171330699	171326041	0
2	171331868	171326041	0
2	171331868	171330558	0
2	171332796	171330558	0
2	171337503	171323997	0
2	171337503	171330558	0
2	171337503	171331764	0
2	171337503	171331803	0
2	171339214	171337452	0
2	171339257	171337452	0
2	171339555	171330624	0
2	171339555	171331807	0
2	171339555	171337452	0
2	171339555	171337471	0
2	171360507	171339183	0
2	171360514	171331803	0
2	171360514	171339183	0
2	171360514	171339330	0
2	171360514	171339474	0
2	171360514	171339540	0
2	171392186	171360421	0
2	171392198	171339183	0
2	171392198	171360421	0
2	171414727	171339183	0
2	171414727	171360421	0
2	171434781	171360421	0
2	171434789	171360421	0
2	171434803	171339183	0
2	171434803	171360421	0
2	171726082	171726193	0
2	171787662	171784369	0
2	171787662	171784774	0
2	171787662	171784831	0
2	171809687	171793626	0
2	171810277	171809605	0
2	171810281	171809424	0
2	171815203	171813338	0
2	171826883	171815108	0
2	171826883	171815120	0
2	171834057	171826797	0
2	171834336	171826797	0
2	171834866	171833962	0
2	171834866	171834030	0
2	171837268	171834726	0
2	171844509	171837120	0
2	171844509	171837148	0
2	171845859	171844368	0
2	171848277	171844368	0
2	171855950	171844368	0
2	171855950	171848172	0
2	171855950	171852667	0
2	171868824	171844368	0
2	171868824	171855800	0
2	171868824	171855833	0
2	171868824	171855926	0
2	171965909	171966408	1
2	171966514	171966842	5
2	171991443	171893204	0
2	171999856	171893204	0
2	171999860	171921079	0
2	172080207	172080327	0
2	172101647	172099438	20
2	172102901	172100556	26
2	172102901	172101461	19
2	172428604	172427773	1
2	172466013	172465146	33
2	172466023	172464261	0
2	172495517	172480839	0
2	172509814	172509028	0
2	172512519	172495374	1
2	172512519	172503438	0
2	172556408	172555425	5
2	172556409	172552614	0
2	172556530	172512333	0
2	172556597	172512333	0
2	172596024	172597612	19
2	172679026	172677147	0
2	172679028	172677140	0
2	172734370	172678886	0
2	172734434	172723185	0
2	172736207	172735294	0
2	173193057	173166445	0
2	173193057	173166729	0
2	173207613	173192940	0
2	173207659	173192940	0
2	173207659	173197711	0
2	173209946	173207546	0
2	173212792	173209646	0
2	173214497	173212668	0
2	173271619	173215625	0
2	173271621	173207546	0
2	173356209	173338339	0
2	173363896	173363999	0
2	173363896	173364794	0
2	173364162	173364794	0
2	173881691	173880864	0
2	173913267	173906458	3
2	173913267	173908529	3
2	173913267	173909940	2
2	173916833	173908531	2
2	173956233	173918592	0
2	173963380	173956073	0
2	173963836	173954872	0
2	173963884	173954872	0
2	173963884	173956080	0
2	173964220	173954872	0
2	173964554	173954872	0
2	173965311	173955816	12
2	174012976	174011855	0
2	174079091	174072446	0
2	174079091	174075007	0
2	174079091	174075236	0
2	174079091	174075408	0
2	174079352	174075189	0
2	174081249	174078967	0
2	174082065	174080907	0
2	174082065	174081151	0
2	174123278	174075009	0
2	174123278	174081923	0
2	174123278	174082009	0
2	174217947	174141824	0
2	174223161	174141824	0
2	174229452	174223032	0
2	174229452	174223056	0
2	174246816	174229307	0
2	174248600	174229307	0
2	174300957	174299323	0
2	174335114	174336106	0
2	174350746	174348021	0
2	174350746	174349134	0
2	174379041	174351618	0
2	174379041	174358172	0
2	174380251	174378686	0
2	174380251	174378922	0
2	174387780	174381703	1
2	174395707	174387684	0
2	174395710	174387262	0
2	174395716	174387684	0
2	174440036	174431570	0
2	174440036	174432237	0
2	174440036	174434151	0
2	174440036	174435143	0
2	174440036	174436305	0
2	174482919	174481496	0
2	174483159	174481496	0
2	174483159	174482872	0
2	174487081	174481496	0
2	174487089	174481496	0
2	174487095	174482872	0
2	174562603	174560769	21
2	174567184	174559571	0
2	174567184	174562203	0
2	174567184	174562210	0
2	174567184	174562550	0
2	174568074	174566160	0
2	174568074	174567069	0
2	174568074	174567076	0
2	174572447	174567860	2
2	174575372	174572323	0
2	174575381	174571168	0
2	174575381	174571675	1
2	174575381	174574729	0
2	174581440	174575203	0
2	174581440	174575262	0
2	174585590	174581309	0
2	174585612	174581139	0
2	174585612	174581309	0
2	174597766	174585522	0
2	174597770	174585522	0
2	174597805	174585522	0
2	174597859	174585522	0
2	174598212	174585522	0
2	174625961	174623480	0
2	174629869	174625623	0
2	174629869	174625709	0
2	174629869	174625820	0
2	174629869	174625856	0
2	174634580	174585522	0
2	174677125	174676336	0
2	174682848	174673266	0
2	174682872	174585522	0
2	174682884	174585522	0
2	174682900	174585522	0
2	174748820	174747591	0
2	174748820	174747659	0
2	174748820	174747809	0
2	174748820	174747816	0
2	174750170	174747809	0
2	174753741	174749945	0
2	174754279	174753502	0
2	174754415	174752754	0
2	174754415	174753502	0
2	174759376	174753502	0
2	174776267	174759487	0
2	174787929	174783045	0
2	174787936	174776104	0
2	174801813	174799362	0
2	174801813	174799491	0
2	174801813	174799494	0
2	174801813	174799514	0
2	174801813	174799988	0
2	174802058	174799896	1
2	174809043	174801706	0
2	174809043	174801720	0
2	174811589	174808904	0
2	174811589	174808926	0
2	174812354	174810899	0
2	174812483	174811510	0
2	174812483	174811532	0
2	174821780	174812308	0
2	174821780	174812376	0
2	174824519	174812097	0
2	174824519	174812308	0
2	174846406	174824433	0
2	174846416	174824433	0
2	174846958	174824433	0
2	174846958	174837112	0
2	174846966	174824433	0
2	174847199	174824433	0
2	174847382	174846879	0
2	174847550	174824433	0
2	174847566	174846879	0
2	174847752	174846879	0
2	174875866	174846879	0
2	174877942	174875787	0
2	174878129	174824433	0
2	174878129	174846879	0
2	174878129	174846913	0
2	174915172	174824433	0
2	174915172	174846879	0
2	174915172	174877839	0
2	174915293	174877839	0
2	174918566	174915057	0
2	174918566	174915066	0
2	174952203	174877909	0
2	174952203	174915057	0
2	175075088	175074504	5
2	175080766	175072249	0
2	175080766	175072253	0
2	175080766	175072264	0
2	175080766	175074279	3
2	175080766	175074287	2
2	175080766	175074473	2
2	175080766	175074504	2
2	175080766	175074999	1
2	175092617	175080659	0
2	175093255	175080262	0
2	175093268	175074391	1
2	175093268	175080659	0
2	175093268	175092542	0
2	175111655	175097443	0
2	175114109	175111567	0
2	175114109	175111646	0
2	175114767	175113993	0
2	175114775	175114689	7
2	175114795	175114771	7
2	175114813	175114779	7
2	175114869	175093060	0
2	175114869	175111567	0
2	175114869	175113993	0
2	175118119	175111567	0
2	175118119	175114242	0
2	175118119	175114689	0
2	175118119	175114817	0
2	175118370	175111567	0
2	175118370	175114689	0
2	175127232	175126792	1
2	175127232	175126992	0
2	175130206	175121443	0
2	175130208	175080659	0
2	175130208	175118250	0
2	175130208	175121443	0
2	17514093	17510583	0
2	175168145	175151059	0
2	175168169	175151059	0
2	175168170	175151059	0
2	175168204	175151059	0
2	175168207	175151059	0
2	175168383	175151059	0
2	175179251	175176257	13
2	175179251	175178066	33
2	175179251	175178144	28
2	175180179	175178185	6
2	175180179	175179056	3
2	175181467	175179644	3
2	175181467	175180097	1
2	175181484	175180097	1
2	175181664	175180097	1
2	175181711	175180097	1
2	175184608	175181354	3
2	175905503	175904370	0
2	175932163	175929945	0
2	175937515	175923891	1
2	175937515	175923896	1
2	175937515	175929172	0
2	175937515	175929968	0
2	175937515	175932087	0
2	175937857	175929938	0
2	175938337	175937343	0
2	175938384	175937343	0
2	175938384	175937477	0
2	175938808	175937467	0
2	175939658	175937343	0
2	175970805	175964505	0
2	175979869	175970763	0
2	175992419	175979809	0
2	175993224	175992230	0
2	175993224	175992238	0
2	175994281	175993180	0
2	175995647	175979809	0
2	175995647	175992230	0
2	175995647	175993181	0
2	176082450	176077471	0
2	176122445	176121610	0
2	176129775	176130795	4
2	176130168	176130326	4
2	176130484	176130795	10
2	176135423	176122019	0
2	176135423	176134605	0
2	176176693	176164050	0
2	176176940	176175772	3
2	176177071	176174261	1
2	176177495	176173001	3
2	176177495	176173188	3
2	176177495	176173232	2
2	176177495	176173261	2
2	176177495	176173673	3
2	176177495	176176185	0
2	176177495	176176379	0
2	176177495	176176385	0
2	176177495	176176471	0
2	176177495	176176479	0
2	176177495	176176534	0
2	176177569	176176475	0
2	176178126	176176471	0
2	176179099	176177331	0
2	176179099	176177710	0
2	176188592	176177331	0
2	176188959	176177331	0
2	176507703	176506244	0
2	176527754	176524878	0
2	176633126	176629588	0
2	176633126	176630164	0
2	17666518	17663811	1
2	17666518	17665125	0
2	17666518	17665446	0
2	176757380	176724267	0
2	176761559	176753399	0
2	176761699	176757319	0
2	176761699	176761407	0
2	176762617	176761236	0
2	176766112	176761459	0
2	176782920	176761661	0
2	176792645	176761661	0
2	176812194	176792566	0
2	176848658	176846055	0
2	176849429	176845992	0
2	176992967	176990507	0
2	176992967	176990841	0
2	17703293	17701828	0
2	17707380	17703156	0
2	17708754	17707218	0
2	17708754	17707227	0
2	177164517	177097022	0
2	17716906	17716085	0
2	17717177	17716740	0
2	17717177	17716749	0
2	177212663	177155621	0
2	177219315	177219407	9
2	177232488	177227594	24
2	177232563	177230307	24
2	177232584	177230304	22
2	177232584	177230307	22
2	177232584	177231713	19
2	177232584	177231804	22
2	177232584	177231850	22
2	177233340	177230307	11
2	177233340	177232391	11
2	177233340	177232498	11
2	177234272	177230989	12
2	177234272	177231789	13
2	177234272	177232276	13
2	177234272	177233249	11
2	177263455	177234004	0
2	177263512	177234075	0
2	177263538	177233476	0
2	177263568	177234004	0
2	177263573	177234004	0
2	177263801	177234004	0
2	177264660	177233878	0
2	177264824	177234253	0
2	177265132	177234004	0
2	177283805	177234004	0
2	177287778	177283599	0
2	177287835	177283513	0
2	177311036	177234004	0
2	177311036	177283507	0
2	177311036	177287312	0
2	177311036	177287484	0
2	177311329	177287319	0
2	177311329	177310726	0
2	177311329	177310963	0
2	177314919	177311232	0
2	177314938	177311232	0
2	177314970	177311232	0
2	177315017	177311232	0
2	177323165	177311232	0
2	177323374	177234004	0
2	177323397	177283511	0
2	177323397	177311232	0
2	177323397	177321606	0
2	177338700	177334392	0
2	177342368	177338387	0
2	177348476	177338597	0
2	177392682	177338597	0
2	177392688	177338597	0
2	177392698	177338597	0
2	17741730	17738220	0
2	17741730	17740744	0
2	17745952	17741611	0
2	17745952	17741621	0
2	17745952	17741678	0
2	17746413	17741611	0
2	177617521	177618287	26
2	177629563	177629046	0
2	177663950	177623251	0
2	177663950	177628068	0
2	177663950	177628611	0
2	177663950	177629174	0
2	177663950	177629245	0
2	177663950	177629398	0
2	177663950	177629422	0
2	177669568	177663865	0
2	177675519	177669492	0
2	177675519	177669530	0
2	177675553	177663865	0
2	177675661	177675454	0
2	177676095	177675454	0
2	177677948	177675454	0
2	177680904	177675454	0
2	177697433	177680825	0
2	177697433	177686706	0
2	177727766	177711768	0
2	177816922	177769322	0
2	177816922	177797070	0
2	177817926	177769322	0
2	17787922	17745826	0
2	177898199	177875858	0
2	177899591	177898113	0
2	177905175	177898057	0
2	177905188	177898057	0
2	17799226	17787814	0
2	17799226	17797564	0
2	17799761	17787814	0
2	178011990	177953110	0
2	178014461	177905097	0
2	178072756	178014301	0
2	178092965	178092502	0
2	178104477	178014301	0
2	178108340	178104301	0
2	178123652	178123827	0
2	178436320	178431413	1
2	178436320	178431414	1
2	178436320	178431653	8
2	178436320	178431965	12
2	178436320	178431975	11
2	178441705	178436144	0
2	178441705	178436273	0
2	178443385	178441609	0
2	178444008	178441609	0
2	178444501	178443266	0
2	178444501	178443288	0
2	178445536	178444421	0
2	178445884	178444421	0
2	178447587	178443342	0
2	178447587	178444421	0
2	178447587	178445425	0
2	178447587	178445494	0
2	178450412	178447319	0
2	178450412	178447504	0
2	178450485	178447455	0
2	178450730	178450241	4
2	178450758	178447504	0
2	178450765	178450241	4
2	178451022	178450241	4
2	178451060	178447504	0
2	178451114	178450241	1
2	178451152	178450241	4
2	178451174	178450078	2
2	178451232	178450241	1
2	178452570	178453430	0
2	178452570	178453552	0
2	178453621	178454104	0
2	178453621	178454331	0
2	178454206	178454331	0
2	178469783	178465769	0
2	178469783	178467806	0
2	178469786	178463663	0
2	178469786	178465598	0
2	178469786	178465690	0
2	178469786	178465744	0
2	178477214	178465255	0
2	178478601	178465698	0
2	178523258	178523537	0
2	178527749	178525988	0
2	178527749	178527011	0
2	178528814	178529284	0
2	178529220	178528273	0
2	178535850	178529959	0
2	178536576	178530240	0
2	178537244	178535981	0
2	178537448	178537603	0
2	178537531	178537603	0
2	178537918	178536937	0
2	178538840	178537341	0
2	178539252	178538539	0
2	178539967	178538945	0
2	178541585	178540067	0
2	178542564	178541281	0
2	178542950	178542263	0
2	178543663	178542661	0
2	178544116	178543068	0
2	178549474	178547002	0
2	178549870	178547406	0
2	178550274	178549569	0
2	178551261	178549985	0
2	178554753	178553913	0
2	178555153	178554452	0
2	178557145	178554864	0
2	178557556	178556847	0
2	178558236	178557252	0
2	178558638	178557647	0
2	178576417	178558340	0
2	178576832	178559310	0
2	178577511	178576528	0
2	178577899	178576922	0
2	178578186	178577601	0
2	178579394	178578610	0
2	178579849	178578805	0
2	178580230	178579560	0
2	178580610	178579938	0
2	178581805	178580321	0
2	178582593	178581905	0
2	178583228	178582295	0
2	178584579	178583606	0
2	178584969	178584275	0
2	178585348	178584668	0
2	178591505	178587898	0
2	178591893	178588537	0
2	178597820	178595506	0
2	178598059	178597537	0
2	178599851	178599145	0
2	178601172	178599553	0
2	178604899	178603875	0
2	178605296	178604707	0
2	178605714	178604986	0
2	178608909	178608177	0
2	178614349	178613750	0
2	178614754	178614051	0
2	178614969	178614465	0
2	178616631	178615640	0
2	178617014	178616478	0
2	178617235	178616728	0
2	178617513	178617119	0
2	178619888	178618583	0
2	178620113	178619620	0
2	178620626	178619987	0
2	178620994	178620216	0
2	178629444	178625272	0
2	178632414	178631033	0
2	178632793	178632146	0
2	178633045	178632525	0
2	178633327	178632917	0
2	178636800	178635962	0
2	178637420	178636397	0
2	178639789	178636751	0
2	178639789	178637368	0
2	178640111	178639698	0
2	178640111	178639771	0
2	178640631	178640047	0
2	178640631	178640076	0
2	178644617	178640540	0
2	178644617	178642236	0
2	178646031	178644547	0
2	178646560	178645919	0
2	178649895	178645919	0
2	178663711	178663432	0
2	178663903	178663626	0
2	178669676	178669372	0
2	178670296	178658704	0
2	178670296	178662965	0
2	178670296	178669591	0
2	178670296	178669624	0
2	178673711	178642236	0
2	178678209	178677620	0
2	178694677	178693921	0
2	178694907	178694598	0
2	178714176	178713084	0
2	178714574	178713896	0
2	178723697	178723045	0
2	178724144	178723417	0
2	178724539	178723855	0
2	178725650	178724259	0
2	178726047	178725367	0
2	178727372	178725767	0
2	178738361	178642236	0
2	178738361	178735510	0
2	178741922	178738081	0
2	178753181	178738081	0
2	178753181	178739140	0
2	178753181	178744404	0
2	178756798	178753123	0
2	178757917	178753123	0
2	178759173	178753123	0
2	178759173	178753360	0
2	178764303	178758983	0
2	178764812	178764176	0
2	178766613	178764526	0
2	178773726	178773108	0
2	178774474	178773837	0
2	178775203	178774206	0
2	178777585	178777148	0
2	178777976	178777419	0
2	178778004	178778711	0
2	178779119	178777703	0
2	178780206	178779228	0
2	178786142	178785619	0
2	178789498	178785847	0
2	178789498	178786088	0
2	178799732	178794921	0
2	178799911	178798494	0
2	178799911	178799486	0
2	178802342	178800394	0
2	178804643	178802137	0
2	178804656	178802137	0
2	178804656	178802286	0
2	178830803	178825312	0
2	178837138	178830268	0
2	178837745	178829756	0
2	178845743	178835755	0
2	178845743	178836893	0
2	178872313	178871426	0
2	178878144	178872132	0
2	178884952	178877963	0
2	178885093	178873020	0
2	178885093	178877963	0
2	178918908	178905328	0
2	178918908	178915750	0
2	178944652	178905328	0
2	179047407	178978483	0
2	179112846	179101691	0
2	179112846	179109321	0
2	179112846	179109351	0
2	179121930	179117531	0
2	179123733	179121769	0
2	179123830	179121769	0
2	179124559	179121793	0
2	179132427	179124363	0
2	179143804	179123714	0
2	179143804	179132044	0
2	179143804	179132303	0
2	179151392	179149296	0
2	179172234	179151277	0
2	179172234	179151322	0
2	179172234	179151331	0
2	179172234	179162482	0
2	179176539	179172119	0
2	179176539	179174405	0
2	1792008	1789168	0
2	1792465	1789112	0
2	1792465	1789123	0
2	1792465	1789130	0
2	1792465	1789135	0
2	1792465	1789138	0
2	1792465	1789146	0
2	1792465	1789147	0
2	1792465	1789150	0
2	1792465	1789155	0
2	1792465	1789158	0
2	1792465	1789159	0
2	1792465	1789168	0
2	1792465	1789240	0
2	1792465	1789253	0
2	1792465	1789256	0
2	1792465	1789285	0
2	1792465	1789313	0
2	1792465	1789318	0
2	1792465	1789363	0
2	1792465	1789463	0
2	1792465	1790277	0
2	1792465	1791872	0
2	1792465	1791925	0
2	1792784	1789179	0
2	1792902	1789116	0
2	179443469	179441981	0
2	179444967	179443223	0
2	179444978	179441981	0
2	179444978	179441992	0
2	179444978	179442550	0
2	179444978	179443249	0
2	179445729	179444875	0
2	179446771	179445549	0
2	179446771	179445607	0
2	179483435	179446524	0
2	179483435	179446633	0
2	179483435	179480893	0
2	179514247	179483271	0
2	179518639	179446524	0
2	179518639	179483271	0
2	179518639	179483319	0
2	179544970	179518527	0
2	179544970	179522881	0
2	179544970	179534706	0
2	179562589	179544826	0
2	179562621	179544826	0
2	179576268	179544826	0
2	179584068	179544826	0
2	179637327	179544826	0
2	179660183	179544826	0
2	179745855	179518527	0
2	179746043	179544826	0
2	179769756	179544826	0
2	179769803	179544826	0
2	179770673	179769502	0
2	179770673	179769529	0
2	179770673	179769661	0
2	179861506	179770520	0
2	179950733	179944875	0
2	179950733	179945620	1
2	1801800	1789136	0
2	1801800	1789146	0
2	1801800	1789313	0
2	1801800	1789338	0
2	1801800	1792320	0
2	180600908	180571711	0
2	1809168	1792320	0
2	1809168	1801689	0
2	1809168	1801695	0
2	1809168	1801794	0
2	180980091	180979426	0
2	1810120	1801689	0
2	181076625	181076050	2
2	181097589	181076537	0
2	181425750	181422153	0
2	181475067	181475158	0
2	181539265	181536675	12
2	181539265	181537404	10
2	181539265	181538113	10
2	181539265	181538183	8
2	181544797	181539091	0
2	181547727	181544699	0
2	181547727	181544727	0
2	181548605	181544699	0
2	181558709	181549633	0
2	181565511	181558565	0
2	181566122	181558565	0
2	181566122	181565432	0
2	181573885	181549633	0
2	181573885	181558565	0
2	181573885	181558651	0
2	181573885	181566057	0
2	181573885	181566061	0
2	181604080	181549633	0
2	181604080	181558565	0
2	181604080	181566057	0
2	181604080	181573752	0
2	181617422	181603862	0
2	181649737	181603836	0
2	181650078	181603836	0
2	181657007	181603836	0
2	181657025	181603836	0
2	181657108	181603836	0
2	181657117	181603836	0
2	181680548	181673087	0
2	181680642	181617254	0
2	181680666	181603836	0
2	181680877	181676466	0
2	181693416	181690379	0
2	181892661	181893610	401
2	181916428	181918597	0
2	181917006	181918322	5
2	181917006	181918597	0
2	181918471	181918597	0
2	182147153	182140035	0
2	182186080	182147035	0
2	182186080	182167886	0
2	182186080	182167938	0
2	182223965	182205939	0
2	182230147	182223863	0
2	182230147	182223931	0
2	182231132	182230005	0
2	182234499	182231014	0
2	182234499	182231062	0
2	182240293	182234431	0
2	182427032	182264300	0
2	182427049	182264300	0
2	182463660	182264300	0
2	182522387	182264300	0
2	182522578	182264300	0
2	182728659	182728862	0
2	182739710	182740298	0
2	182838012	182833274	0
2	182926906	182909114	0
2	182926906	182924876	0
2	182927266	182925656	0
2	182928227	182926815	0
2	182928900	182928116	0
2	182928900	182928118	0
2	182930789	182928782	0
2	182934833	182930694	0
2	182934833	182930724	0
2	182935376	182934751	0
2	182935504	182934401	0
2	182953332	182952792	0
2	182956594	182953112	0
2	182957045	182953299	0
2	182957597	182956461	0
2	182962279	182957140	0
2	182962279	182957456	0
2	183023917	183003232	0
2	183107704	183083404	0
2	183107704	183095422	0
2	183159653	183161053	1
2	1835276	1809075	0
2	1839371	1809075	0
2	1839371	1809084	0
2	1839371	1809146	0
2	1839371	1816180	0
2	1839371	1829936	0
2	1839371	1837400	0
2	1840844	1838070	0
2	1840844	1839148	0
2	1842908	1839148	0
2	184598721	184593576	0
2	18560680	18555121	0
2	18560681	18554722	0
2	18564120	18555544	0
2	185729438	185719873	0
2	185729438	185720211	0
2	185736133	185729328	0
2	185738254	185736061	0
2	185738722	185736061	0
2	185740480	185729328	0
2	18576369	18555544	0
2	18576369	18562871	0
2	18576369	18562931	0
2	18576369	18563231	0
2	18576369	18563677	0
2	18576369	18563844	0
2	185788944	185783690	0
2	185788944	185788019	0
2	185800151	185788765	0
2	185800152	185788765	0
2	185807674	185807802	0
2	185808708	185808708	0
2	18583912	18582867	0
2	18584256	18582867	0
2	18584896	18584087	0
2	18584979	18583743	0
2	18584979	18584087	0
2	18584979	18584513	0
2	18586392	18584513	0
2	18586392	18584850	0
2	18586392	18584945	0
2	18586392	18584968	0
2	18587039	18584513	0
2	18587593	18584513	0
2	186038433	186033494	0
2	186038433	186033530	0
2	186081417	186032890	0
2	186660582	186641338	0
2	186695288	186660493	0
2	186747238	186747239	2
2	186829881	186827834	0
2	186844758	186838958	0
2	186847796	186844716	0
2	186847796	186844752	0
2	187351962	187343128	0
2	187351962	187345926	0
2	187380788	187380466	0
2	187383306	187380676	0
2	187383306	187380738	0
2	187385632	187383172	0
2	187385632	187383243	0
2	187387466	187385544	0
2	187387494	187385544	0
2	187387757	187385544	0
2	187387757	187387328	0
2	187387757	187387337	0
2	187431365	187387665	0
2	187431365	187428336	0
2	187448253	187387665	0
2	187448254	187387398	0
2	187448461	187387665	0
2	187467933	187464229	0
2	187467933	187464260	0
2	187467933	187467001	0
2	187484217	187467752	0
2	187484217	187467874	0
2	187484217	187478577	0
2	187484217	187478584	0
2	187484988	187467752	0
2	187484988	187483929	0
2	187484988	187484123	0
2	187488376	187484123	0
2	187496977	187488336	0
2	187497079	187484123	0
2	187497079	187484810	0
2	187497079	187488336	0
2	187503771	187496880	0
2	187503771	187496883	0
2	187503771	187496971	0
2	187503771	187497015	0
2	187529486	187503647	0
2	187544638	187520541	0
2	187554350	187529363	0
2	187554352	187520541	0
2	187554432	187513615	0
2	187554439	187503647	0
2	187554462	187544503	0
2	187554493	187503647	0
2	187554493	187513615	0
2	187554493	187529363	0
2	187565761	187554199	0
2	188035712	187712815	0
2	188165909	188035595	0
2	188165909	188139636	0
2	188287635	188227819	0
2	188287692	188165753	0
2	188384314	188189069	0
2	188587950	188588650	1
2	188587950	188589739	1
2	188587950	188593939	2
2	188589751	188593939	0
2	188599402	188598790	0
2	1886608	1851640	0
2	1886608	1860161	0
2	1886608	1878727	0
2	1886608	1883876	0
2	1886608	1883918	0
2	1886608	1883935	0
2	1887122	1886538	0
2	188746482	188656383	0
2	1887610	1851640	0
2	1887610	1886185	0
2	1887610	1886538	0
2	188790105	188733737	0
2	188790105	188734154	0
2	188984963	188985196	0
2	189010366	189010647	0
2	189035156	189031895	1
2	189035156	189031914	1
2	189035156	189032513	1
2	189057027	189054158	0
2	189057428	189056765	0
2	189057428	189056972	0
2	189085214	189083983	0
2	189085773	189085159	0
2	189085773	189085169	0
2	189097331	189092309	0
2	189179762	189110224	0
2	189179880	189110224	0
2	189180012	189110224	0
2	189225313	189110224	0
2	189463754	189463845	0
2	189487993	189486479	0
2	189564226	189560578	0
2	189565600	189563583	0
2	189571842	189565353	0
2	189571842	189565512	0
2	189572962	189571714	0
2	189575321	189572520	0
2	189575321	189572845	0
2	189578473	189575160	0
2	189579881	189575160	0
2	189579881	189575265	0
2	189579881	189578354	0
2	189580525	189579847	0
2	189580563	189579812	0
2	189580563	189579847	0
2	189580742	189579812	0
2	189580784	189579812	0
2	189580888	189579812	0
2	189626260	189625442	0
2	189750657	189746659	0
2	189752725	189750533	0
2	189752725	189750549	0
2	189752725	189750577	0
2	189752980	189750549	0
2	189752980	189752652	0
2	189754065	189752848	0
2	189754346	189752848	0
2	189754346	189753915	0
2	189755561	189753915	0
2	189755561	189754140	0
2	189755561	189754286	0
2	189761526	189755172	0
2	189761661	189754314	0
2	189761661	189755172	0
2	189761664	189755172	0
2	189774018	189771310	0
2	189775717	189770322	0
2	189775717	189770323	1
2	189775717	189771311	0
2	189782603	189774724	0
2	189782603	189775564	0
2	189783124	189775564	1
2	189783383	189775564	1
2	189805755	189806422	0
2	189931011	189930276	0
2	18995365	18986450	0
2	18995365	18986473	0
2	190060436	190055696	0
2	190205233	190189734	0
2	190205233	190204634	34
2	190208914	190204633	0
2	190208914	190205014	0
2	190213076	190203920	0
2	190213076	190205099	0
2	190213076	190208675	0
2	190213076	190208879	0
2	190216110	190208684	0
2	19022488	18995318	0
2	190244969	190212955	0
2	190246213	190244886	0
2	190246213	190244901	0
2	190246213	190245301	0
2	190246216	190244886	0
2	190252297	190251491	0
2	190252308	190249639	0
2	190260512	190252238	0
2	190261235	190252161	0
2	190261235	190252165	0
2	190261235	190260399	0
2	190261235	190260472	0
2	19026706	19022333	0
2	19026706	19022448	0
2	19026972	19022333	0
2	190281069	190252161	0
2	190287639	190252161	0
2	1903128	1892036	0
2	19031381	19026659	0
2	1903295	1892036	0
2	190505122	190509162	4
2	190510538	190504341	2
2	190514679	190510360	0
2	190514679	190510497	0
2	190516385	190514451	0
2	190516385	190514452	0
2	190517614	190514452	0
2	190517614	190516263	0
2	190517614	190516269	0
2	190518809	190517519	0
2	190519023	190518735	1
2	190519184	190518735	1
2	190525326	190518951	0
2	190525379	190518735	0
2	190525379	190518951	0
2	190525379	190519116	0
2	190534329	190518951	0
2	190620409	190607659	0
2	190620409	190616842	0
2	190626824	190620313	0
2	190628716	190624527	0
2	190628716	190626479	0
2	190628716	190626488	0
2	190629826	190628068	0
2	19063168	19044865	0
2	190641463	190627877	0
2	190648330	190628068	0
2	190648337	190640950	0
2	190648474	190628068	0
2	190648475	190629750	0
2	190649443	190640984	0
2	190649841	190628194	0
2	190685683	190676943	0
2	190690373	190685472	0
2	190699865	190677034	0
2	190699865	190677296	0
2	19085026	19026640	0
2	19085026	19031323	0
2	190882060	190880796	7
2	190895249	190895603	0
2	190970718	190964357	1
2	190974933	190969033	0
2	190974933	190969035	0
2	190974933	190970290	0
2	190974933	190970581	0
2	190974936	190970497	0
2	190975888	190974829	0
2	190975888	190975309	0
2	190976923	190975811	0
2	190977026	190975536	0
2	190977026	190975626	0
2	190977026	190975641	0
2	190977026	190975811	0
2	190979002	190976839	0
2	190979867	190978490	0
2	190979867	190978855	0
2	190993568	190992638	0
2	190995220	190991227	0
2	190999705	190997855	0
2	190999705	190998216	0
2	191001164	190999625	0
2	191007662	191001073	0
2	191007662	191001085	0
2	191009108	191007562	0
2	191010005	191008962	0
2	191010005	191009026	0
2	191020321	191009875	0
2	191020961	191013524	0
2	191031081	191029575	0
2	191031081	191029579	0
2	191031517	191030971	0
2	191033150	191031207	0
2	191033150	191031449	0
2	191033608	191032957	0
2	191033627	191032861	0
2	191033627	191032957	0
2	1910348	1892036	0
2	1910348	1902722	0
2	1910348	1903079	0
2	1910348	1903119	0
2	1910348	1903199	0
2	191036300	191034547	0
2	191039298	191036163	0
2	191039298	191036177	0
2	1910555	1903079	0
2	191066516	191064806	0
2	191068595	191066429	0
2	191069772	191066429	0
2	191076326	191073097	0
2	191146758	191076023	0
2	191146758	191076226	0
2	191146758	191131490	0
2	191148153	191146612	0
2	191148205	191146612	0
2	191148205	191146648	0
2	191150972	191148075	0
2	191151014	191148075	0
2	191151015	191148075	0
2	191151016	191148075	0
2	191151082	191148127	0
2	191151261	191148075	0
2	191151556	191148075	0
2	191151561	191148075	0
2	191151591	191148075	0
2	1912111	1910239	0
2	191231978	191229164	0
2	1917338	1912019	0
2	1917340	1912019	0
2	1917340	1912091	0
2	191847256	191834301	0
2	191953838	191949042	0
2	191953838	191950016	0
2	191998322	191956254	0
2	191998322	191992663	0
2	192036847	192037007	0
2	192057776	191999059	0
2	192179695	192057678	0
2	192184484	192176742	0
2	192184484	192179667	0
2	1922570	1917204	0
2	1922731	1917204	0
2	1922969	1917204	0
2	1922984	1917204	0
2	1923261	1917204	0
2	1923264	1892036	0
2	1923264	1917204	0
2	192645384	192644101	0
2	192645388	192644101	0
2	19353838	19351484	0
2	19356913	19352011	0
2	19358624	19357705	0
2	19358654	19353140	0
2	1943335	1892036	0
2	1943335	1917204	0
2	1943335	1922285	0
2	1943335	1922291	0
2	1943335	1922537	0
2	19468962	19458219	0
2	195026371	195003710	0
2	195486781	195451777	0
2	195515700	195486684	0
2	195572971	195569627	0
2	195680049	195680892	33
2	195740870	195737702	0
2	195740870	195737996	0
2	195741132	195737756	0
2	195817830	195816627	0
2	195824446	195817695	0
2	195824446	195817697	0
2	195895225	195891654	0
2	195897766	195892478	0
2	195897766	195894975	0
2	196000884	195987956	0
2	196000884	195998759	0
2	196028048	196026759	0
2	196047500	196027959	0
2	196047500	196028007	0
2	196068488	196058053	0
2	196068813	196058053	0
2	196139800	196133565	0
2	196139800	196137446	0
2	196156652	196145910	0
2	196163428	196156438	0
2	196163428	196156571	0
2	196165735	196163363	1
2	196171576	196163261	6
2	196174408	196163261	2
2	196176504	196163261	2
2	196195405	196189098	0
2	196215978	196194071	0
2	196215978	196199250	0
2	196215978	196199255	0
2	196215978	196199271	0
2	196215978	196199274	0
2	196215978	196199336	0
2	196215978	196199350	0
2	196222341	196220794	0
2	196225871	196222210	0
2	196225871	196222229	0
2	196240563	196228101	0
2	196242205	196240448	0
2	196242827	196238493	0
2	196257907	196253919	0
2	196258102	196257822	0
2	196260241	196260330	0
2	196271290	196253919	0
2	196271290	196257735	0
2	196271290	196257822	0
2	196271290	196269305	0
2	196292751	196278527	0
2	196306613	196288020	0
2	196306613	196292564	0
2	196317370	196307934	0
2	196318698	196317273	0
2	196319905	196315780	0
2	196319905	196317273	0
2	196319926	196317273	0
2	196320440	196317273	0
2	196322621	196318551	0
2	196322621	196320338	0
2	196325079	196322477	0
2	196325091	196322477	0
2	196325150	196322477	0
2	196325150	196322611	0
2	196329651	196322477	0
2	196343765	196334423	0
2	196361833	196343656	0
2	196361974	196343656	0
2	196362223	196343656	0
2	196433459	196343656	0
2	196433459	196343696	0
2	196639498	196638421	0
2	196656854	196656957	1
2	196712253	196712676	0
2	196729388	196729792	1
2	196766718	196763031	0
2	196767005	196764578	0
2	196773154	196771747	0
2	196773727	196773006	2
2	196775252	196772915	0
2	196776112	196773668	0
2	196776112	196774988	0
2	196776112	196775115	0
2	196779068	196776426	0
2	196780663	196777638	0
2	196780663	196778895	0
2	196780902	196778963	2
2	196784930	196780088	0
2	196784930	196780558	1
2	196785537	196784856	1
2	196785589	196784856	0
2	196789370	196785440	0
2	196789370	196785443	0
2	196790071	196789203	0
2	196791461	196789878	0
2	196791461	196790032	0
2	196793153	196791336	0
2	196797909	196792950	0
2	196797909	196792954	0
2	196797909	196792955	0
2	196807623	196805001	0
2	196842826	196833003	0
2	196842826	196835183	0
2	196842826	196837870	2
2	196842826	196841338	0
2	196844076	196835589	0
2	196848038	196845881	0
2	196848038	196847002	0
2	196865081	196847002	0
2	196865081	196847946	0
2	196870980	196847475	0
2	196873027	196872440	0
2	196873580	196872625	0
2	196873580	196872959	0
2	196885476	196880075	0
2	196885881	196885423	0
2	196885881	196885452	0
2	196890858	196885833	0
2	196890912	196885833	0
2	196890912	196885845	0
2	196892402	196890827	0
2	196893246	196890827	0
2	196893246	196890866	0
2	196993639	196992677	0
2	196993675	196967016	0
2	196993675	196986674	0
2	196993675	196987487	0
2	196995462	196993582	0
2	196998420	196994525	0
2	196998420	196995378	0
2	197013713	197008943	0
2	197025268	197013510	0
2	197030144	197028710	0
2	197078815	197025195	0
2	197081726	197077811	0
2	197081726	197078702	0
2	197083510	197081644	0
2	197083510	197081690	0
2	197088775	197083368	0
2	197088775	197086679	0
2	197088829	197086679	0
2	197088876	197086679	0
2	197090033	197086679	0
2	197090033	197088710	0
2	197090033	197088748	0
2	197099931	197089949	0
2	197110831	197099815	0
2	197110845	197099476	0
2	197110845	197099815	0
2	197126038	197125380	0
2	197136663	197125836	0
2	197136663	197125994	0
2	197147106	197133970	0
2	197147106	197136591	0
2	197187107	197136591	0
2	197296400	197250857	0
2	197310647	197187022	0
2	197310667	197187022	0
2	197310781	197187022	0
2	197310788	197187022	0
2	197310798	197187022	0
2	197311174	197187022	0
2	197380893	197379700	0
2	197393189	197389783	3
2	197393352	197392254	5
2	197396329	197392971	2
2	197396329	197393051	4
2	197398117	197396055	0
2	197398582	197397984	1
2	197398773	197397953	0
2	197402131	197401741	0
2	197402453	197402021	0
2	197402827	197401984	0
2	197405178	197403584	0
2	197408120	197405274	0
2	197408582	197407997	0
2	197408695	197407935	0
2	197410008	197408368	0
2	197416912	197409769	0
2	197416912	197409782	0
2	197418589	197416740	0
2	197418589	197416890	0
2	197418952	197418508	6
2	197418963	197416593	0
2	197420116	197416740	4
2	197420543	197418508	5
2	197420543	197418795	8
2	197420543	197418895	7
2	197421134	197418795	7
2	197421134	197420180	0
2	197421134	197420427	0
2	197488037	197486580	53
2	197488037	197486585	53
2	197488492	197487857	54
2	197488492	197487973	68
2	197493493	197490196	7
2	197494251	197493323	9
2	197494475	197493319	19
2	197494753	197494147	29
2	197494753	197494149	29
2	197494753	197494156	29
2	197494753	197494193	20
2	197495377	197494639	26
2	197495377	197494656	26
2	197495377	197494662	26
2	197497393	197495050	29
2	197497393	197495293	30
2	197497508	197495293	33
2	197498851	197496890	5
2	197498851	197497139	7
2	197498851	197497167	5
2	197498851	197497284	6
2	197498851	197497316	6
2	197499439	197498673	11
2	197499439	197498674	11
2	197499818	197498674	9
2	197499823	197498721	9
2	197499880	197498674	8
2	197500048	197498674	7
2	197500209	197498674	7
2	197500222	197498674	4
2	197500275	197498674	8
2	197500919	197501073	10
2	197503129	197503208	13
2	197516738	197498674	0
2	197588022	197572005	0
2	197596070	197568223	0
2	197596070	197571734	0
2	197644273	197633717	0
2	197646667	197644157	0
2	197646667	197644246	0
2	197743160	197726878	0
2	197743160	197728248	0
2	197743160	197728251	0
2	197743160	197728533	0
2	197775741	197771854	0
2	197779067	197771854	0
2	197786313	197781721	0
2	197786575	197781721	0
2	197786763	197786087	0
2	1979221	1942981	0
2	1979228	1917204	0
2	1979228	1922285	0
2	1979228	1941155	0
2	1979228	1942981	0
2	1979228	1972367	0
2	1979228	1973303	0
2	1979555	1922285	0
2	1979555	1942981	0
2	1979778	1979520	0
2	198191518	198190963	0
2	198191522	198187801	0
2	198314715	198301407	0
2	198354699	198353685	0
2	198374550	198299362	0
2	198374618	198354613	0
2	198495214	198493241	0
2	198579709	198493776	0
2	198579709	198553194	0
2	19898036	19896752	0
2	19898478	19897025	3
2	19901642	19897868	7
2	19901957	19896642	0
2	19901987	19897868	7
2	199071488	198882572	0
2	19914278	19910259	4
2	19914278	19913557	4
2	19930553	19913241	0
2	199308958	199269499	0
2	199308958	199269507	0
2	199308958	199271974	0
2	199308958	199272149	0
2	199323959	199308759	0
2	199323959	199308859	0
2	199328911	199323802	0
2	199329036	199323802	0
2	199349174	199328697	0
2	19935604	19931268	0
2	19935604	19933400	0
2	19936366	19933400	0
2	19936366	19935031	0
2	19936366	19935466	0
2	19936366	19935470	0
2	199368708	199348700	0
2	199368944	199346865	0
2	199380488	199368604	0
2	199380488	199368609	0
2	199397841	199395830	0
2	199423916	199381693	0
2	199433515	199348700	0
2	199433515	199381693	0
2	199456089	199433337	0
2	199456097	199381693	0
2	199456097	199433337	0
2	199457613	199455868	3
2	199458097	199455868	5
2	199458746	199455868	3
2	199460533	199455868	24
2	199460533	199456052	15
2	199471267	199460451	0
2	19948218	19946460	0
2	19951485	19948163	0
2	19951922	19948171	0
2	1997348	1979685	0
2	1997348	1979722	0
2	199819758	199785528	0
2	199819758	199812511	0
2	199844533	199760549	0
2	199846171	199760543	0
2	199846171	199818359	0
2	199846171	199819571	0
2	199879611	199878494	0
2	199879611	199878498	0
2	199879611	199878499	0
2	199879611	199878501	0
2	199879611	199878508	0
2	199879798	199878541	0
2	199880599	199879125	0
2	199881061	199867814	0
2	199881061	199879382	0
2	199881061	199879385	0
2	199881061	199879405	0
2	199881992	199879405	0
2	199882597	199867395	0
2	199882597	199867763	0
2	199882597	199867774	0
2	199882597	199867777	0
2	199882597	199867940	0
2	199882597	199879115	0
2	199882597	199879405	0
2	199882597	199880967	0
2	199882597	199881893	0
2	199884391	199882440	0
2	199894659	199882335	0
2	199894659	199882440	0
2	199894659	199893467	0
2	199894664	199882382	0
2	199894664	199882440	0
2	199894664	199882458	0
2	199896606	199894082	0
2	199896606	199894162	0
2	199896606	199894267	0
2	199896606	199894438	0
2	199896606	199894442	0
2	199896606	199894449	0
2	199896606	199894582	0
2	199897247	199894564	0
2	199900730	199894607	0
2	199908995	199878501	0
2	199908995	199878567	0
2	199908995	199879236	0
2	199908995	199879405	0
2	199908995	199880967	0
2	199908995	199882440	0
2	199908995	199894345	0
2	199908995	199894449	0
2	199908995	199894562	0
2	199908995	199896504	0
2	199908995	199900233	0
2	199908995	199900371	0
2	199908995	199900506	0
2	199909141	199908862	0
2	199909144	199882440	0
2	199909150	199884326	0
2	199909153	199900225	0
2	199909154	199882440	0
2	199909156	199908862	0
2	199909157	199878625	0
2	199909159	199878499	0
2	199909159	199878501	0
2	199909159	199878928	0
2	199909159	199879405	0
2	199909159	199880496	0
2	199909159	199880967	0
2	199909159	199881943	0
2	199909159	199882440	0
2	199909159	199894158	0
2	199909159	199894259	0
2	199909159	199894449	0
2	199909159	199894487	0
2	199909159	199894582	0
2	199909159	199896504	0
2	199909159	199908332	0
2	199909159	199908862	0
2	199909159	199908896	0
2	199909173	199867579	0
2	199909173	199894449	0
2	199909173	199894562	0
2	199909173	199896504	0
2	199909173	199908862	0
2	199909173	199908896	0
2	199909173	199908930	0
2	199909889	199896504	0
2	199936048	199929974	0
2	199936048	199931332	0
2	199936048	199931898	0
2	199943835	199940088	0
2	19994410	19992110	0
2	19994410	19993036	0
2	199948473	199943764	0
2	199955501	199943764	0
2	199955503	199942057	0
2	199955504	199948336	0
2	199955737	199943764	0
2	199955737	199948317	0
2	199955737	199948336	0
2	19997260	19994298	0
2	19997854	19994336	0
2	20006311	20001954	0
2	20006311	20003160	0
2	2002516	1997190	0
2	20034416	20032649	5
2	20034416	20033168	7
2	200493275	200488951	0
2	200493275	200488957	0
2	200497848	200493171	0
2	200497848	200493225	0
2	200499085	200495869	0
2	200499085	200497752	0
2	200504960	200498890	0
2	200504960	200499001	0
2	200507092	200498890	0
2	200716418	200712304	0
2	200735178	200716334	0
2	200791526	200780494	0
2	200797576	200791406	0
2	200815518	200815666	7
2	200853994	200853008	1
2	200853994	200853075	1
2	200853994	200853080	1
2	200853994	200853097	1
2	200853994	200853112	1
2	200853994	200853195	2
2	200853994	200853331	1
2	200853996	200853081	1
2	200854014	200853076	1
2	200854135	200853246	2
2	200860984	200857972	6
2	200861467	200857972	6
2	200861467	200859679	9
2	200861467	200860124	8
2	200861863	200859679	9
2	200861863	200861089	11
2	200861863	200861237	7
2	200864253	200861701	7
2	200864562	200861701	7
2	200864657	200861701	4
2	200864658	200860964	2
2	200864659	200861331	9
2	200864663	200861701	4
2	200864692	200861701	4
2	200864700	200861701	4
2	200864745	200861701	3
2	200877038	200870906	0
2	200877038	200870955	0
2	200877038	200871151	0
2	200877038	200871212	0
2	200877038	200871229	0
2	200877038	200871266	0
2	200877038	200871373	0
2	200877605	200876941	0
2	200881489	200876918	0
2	200881489	200876963	0
2	200881489	200877496	0
2	200881743	200876918	3
2	200882383	200881420	0
2	200882436	200881420	1
2	200885344	200881420	0
2	200885368	200881420	0
2	200885368	200881421	0
2	200885773	200881420	0
2	200885773	200882341	0
2	200885773	200884901	0
2	200885773	200885261	0
2	200885773	200885296	0
2	200886983	200885697	0
2	200887686	200885318	0
2	200887686	200885697	0
2	200887688	200885697	0
2	200889016	200885697	0
2	200913414	200908972	0
2	200913993	200910453	0
2	200920394	200913294	0
2	200920394	200913930	0
2	200921140	200920221	0
2	200921739	200920220	0
2	200933975	200931338	0
2	200935893	200933875	0
2	200942778	200941247	0
2	200943160	200942684	0
2	200949644	200942683	0
2	200949644	200942684	0
2	200957545	200949553	0
2	200958134	200957400	0
2	200958134	200957421	0
2	200959441	200957400	0
2	200987533	200978492	0
2	200988422	200973717	0
2	200997541	200992886	0
2	201009089	200996049	0
2	201009089	200997444	0
2	201009453	200996049	0
2	201011473	201008972	0
2	201017171	201011391	0
2	201022115	201016990	0
2	201022115	201017126	0
2	201022115	201021447	6
2	201022885	201022058	1
2	201022933	201016990	0
2	201022933	201017061	0
2	201022933	201022058	4
2	201024040	201022480	0
2	201024040	201022545	0
2	201024040	201022830	0
2	201045558	201023615	0
2	201045594	201023958	0
2	201061425	201023958	0
2	20106830	20063855	0
2	201071580	201061306	0
2	201071629	201045495	0
2	201071646	201023958	0
2	201071654	201052172	0
2	201071666	201045495	0
2	201071670	201045495	0
2	201071672	201023958	0
2	201102958	201102088	0
2	201129521	201129728	0
2	201136108	201136197	0
2	201140028	201137515	0
2	201143470	201140290	0
2	201144197	201140283	0
2	201144296	201140306	0
2	201144303	201140283	0
2	201144303	201140286	0
2	201144303	201140295	0
2	201144303	201140370	0
2	201145691	201140283	0
2	201145691	201140327	0
2	201147865	201140281	0
2	201148872	201140277	0
2	201148872	201140283	0
2	201148872	201140288	0
2	201148872	201143346	0
2	201148872	201144135	0
2	201148872	201145573	0
2	201148872	201145639	0
2	201148872	201146409	0
2	201148872	201147742	0
2	201149201	201140288	0
2	201149201	201140289	0
2	201149201	201140307	0
2	201149201	201146294	0
2	201149201	201148266	0
2	201149201	201148733	6
2	201149444	201149124	0
2	201149672	201148715	0
2	201149672	201148733	0
2	201149672	201149124	0
2	201149761	201140288	0
2	201149761	201148733	0
2	201149761	201148873	0
2	201149761	201149124	0
2	201149761	201149330	0
2	201150490	201149653	0
2	201151161	201149465	0
2	201151161	201149653	0
2	201151161	201149855	0
2	201151161	201150370	0
2	201151260	201149653	0
2	201153619	201151160	0
2	201153674	201151097	0
2	201157824	201153310	0
2	201167273	201167409	2
2	201272777	201272897	0
2	201289567	201288270	0
2	201289567	201288423	0
2	201289567	201288424	0
2	201289567	201288429	0
2	201289567	201288550	0
2	201289786	201288355	0
2	201309250	201307518	0
2	201309251	201307518	0
2	201330523	201309150	0
2	201330523	201309153	0
2	201350783	201346541	0
2	201350783	201348099	0
2	201350783	201348253	0
2	201351452	201350710	0
2	201351452	201350748	0
2	201384217	201377206	0
2	201395445	201394797	0
2	201397581	201395127	0
2	201397581	201395313	0
2	201398355	201397501	0
2	201399494	201398144	0
2	201399511	201397605	0
2	201420707	201407402	0
2	201420707	201419196	0
2	201433555	201420416	0
2	201451454	201420416	0
2	201451501	201420416	0
2	201451580	201420416	0
2	201478192	201478356	0
2	201478192	201478562	0
2	201494760	201487607	0
2	201495970	201487424	0
2	201495970	201487524	0
2	201511828	201487800	0
2	201536321	201495894	0
2	201537480	201535003	0
2	201537480	201536020	0
2	201545622	201495894	0
2	201565873	201547504	0
2	201626148	201620183	0
2	201626148	201623699	0
2	201626148	201623755	0
2	201626148	201623881	0
2	201626324	201620185	0
2	201627415	201626025	0
2	201628150	201626025	0
2	201628150	201627320	2
2	201628150	201627359	2
2	201628150	201627386	2
2	201629421	201628075	0
2	201629422	201628075	0
2	201629853	201629229	0
2	201629853	201629287	1
2	201631376	201629728	0
2	201632209	201629728	0
2	201632209	201629729	0
2	201633404	201632050	0
2	201633432	201632050	0
2	201633432	201632148	0
2	201636886	201633310	0
2	201636886	201634803	0
2	201639032	201636169	0
2	201639046	201636747	0
2	201639051	201636747	0
2	201640266	201638450	0
2	201640266	201638988	0
2	201640925	201636747	0
2	201640925	201638988	0
2	201647826	201644869	0
2	201647826	201644874	0
2	201647826	201644896	0
2	201647826	201645104	0
2	201647826	201645155	0
2	201654918	201650071	0
2	201656369	201654836	0
2	201666373	201658476	0
2	201666373	201660331	0
2	201666373	201664080	0
2	201666373	201664210	0
2	201666722	201666333	0
2	201669751	201666333	0
2	201675272	201658476	0
2	201675272	201664080	0
2	201680996	201675206	0
2	201681035	201665063	0
2	201681035	201675206	0
2	201681568	201675206	0
2	201681568	201680064	0
2	201681568	201680837	0
2	201686051	201685063	0
2	201687372	201685063	0
2	201687372	201685918	0
2	201687372	201685934	0
2	201690280	201685063	0
2	201690280	201685918	0
2	201704219	201700553	0
2	201704219	201701686	0
2	201718211	201715671	0
2	201718211	201716641	0
2	201723121	201718076	0
2	201723121	201719985	0
2	201723442	201721989	0
2	201723442	201723042	0
2	201726867	201726483	0
2	201727279	201726663	0
2	201727279	201726835	0
2	201728641	201727211	0
2	201728641	201727704	0
2	201729184	201728511	0
2	201729184	201728617	0
2	201741855	201738669	0
2	201744389	201741673	0
2	201744430	201741183	0
2	201744430	201741673	0
2	201761819	201757401	0
2	201765828	201761402	0
2	201767384	201759456	0
2	201767384	201760880	2
2	201767384	201761575	0
2	201767384	201761674	0
2	201767384	201765382	0
2	20203223	20200796	220
2	20203223	20200798	220
2	20204292	20201485	0
2	20204292	20203086	0
2	20205425	20203812	0
2	20205425	20203817	0
2	20205425	20203961	0
2	20205425	20204001	0
2	20205425	20204151	0
2	202117059	202113625	0
2	202136100	202138431	0
2	202179392	202178659	0
2	202207322	202206186	353
2	202208003	202206649	1
2	202210784	202206869	0
2	202210807	202206179	0
2	202210807	202206767	0
2	202210807	202207007	1
2	202210807	202207030	0
2	202210807	202207141	0
2	202210807	202207245	1
2	202210807	202207252	1
2	202214435	202206850	0
2	202231733	202220031	0
2	202233671	202220031	0
2	202238463	202220031	0
2	202238567	202214356	0
2	202238567	202231542	0
2	202238570	202220031	0
2	202238577	202220031	0
2	202238595	202220031	0
2	202238600	202220031	0
2	202238609	202220031	0
2	20254015	20248690	0
2	20254015	20248691	0
2	20254015	20249863	1
2	20254015	20251309	0
2	202786008	202773149	0
2	202786008	202775966	0
2	202786008	202777898	0
2	202786008	202779069	0
2	202789088	202785917	0
2	202789088	202786675	0
2	202796965	202788829	0
2	202814785	202811745	0
2	202816010	202814701	0
2	202816010	202814756	0
2	202819900	202817417	0
2	202820022	202817417	0
2	202821482	202819604	0
2	202821482	202819700	0
2	202821482	202819806	0
2	202821482	202819856	0
2	202821482	202819886	0
2	202821757	202819604	0
2	202825749	202821382	0
2	202825768	202788989	0
2	202825768	202821357	0
2	202825768	202821358	0
2	202825768	202821416	0
2	202825768	202821419	0
2	202825768	202821421	0
2	202825768	202821426	0
2	202829017	202819725	0
2	202829017	202825444	0
2	202829017	202825694	0
2	202829235	202825694	0
2	202844383	202828847	0
2	202860245	202828847	0
2	202869606	202828847	0
2	202870657	202828847	0
2	202870657	202828882	0
2	202870762	202828847	0
2	202870789	202828847	0
2	202870915	202828847	0
2	202871047	202828847	0
2	202871267	202828847	0
2	202871443	202828847	0
2	202871473	202828847	0
2	202871986	202828847	0
2	202882784	202874781	3
2	202882856	202880600	0
2	202883742	202882710	0
2	202884241	202883472	0
2	202884304	202883608	0
2	202884536	202883588	0
2	202884536	202884140	0
2	202884536	202884197	0
2	202884536	202884237	0
2	202896220	202894580	0
2	202897416	202895997	0
2	202897416	202896064	0
2	202899638	202897299	0
2	202901120	202899530	0
2	202901120	202899556	0
2	202901121	202899530	0
2	202925469	202907864	0
2	203014799	202925275	0
2	20308072	20297552	3
2	20308585	20307977	3
2	20308585	20307980	3
2	20311664	20308313	0
2	20311664	20308489	0
2	20312257	20311493	0
2	20312424	20308413	0
2	20312424	20311493	0
2	20312424	20311639	2
2	20318646	20312235	0
2	20318646	20312298	0
2	20326386	20318536	0
2	20327379	20312235	0
2	20327379	20318536	0
2	20327379	20318592	0
2	20327384	20318536	0
2	203329227	203328458	0
2	203427270	203436670	11
2	203445011	203394344	0
2	203445011	203433681	3
2	203445011	203439436	3
2	203445011	203441469	1
2	203445011	203442077	0
2	203448080	203444630	0
2	203448080	203444849	0
2	203448080	203444867	0
2	203490090	203461847	0
2	203490090	203470238	0
2	203490090	203477075	0
2	203491320	203489583	1
2	203491320	203489799	1
2	203491320	203490045	0
2	203495354	203491213	0
2	203533434	203495233	0
2	203535263	203495233	0
2	203535280	203495162	0
2	203535336	203495233	0
2	203535411	203495233	0
2	204234986	204228136	0
2	204473838	204470075	0
2	20501312	20499570	0
2	2054124	1997112	0
2	2054124	1997113	0
2	2054124	1997190	0
2	2054124	2002372	0
2	2054124	2049081	0
2	2054124	2049262	0
2	205682579	205683090	31
2	205682906	205683090	27
2	205760912	205756481	0
2	205761464	205756482	0
2	205761464	205756483	0
2	205761503	205756480	0
2	205761503	205756669	0
2	205761503	205759496	0
2	205761503	205760885	0
2	205762510	205756518	0
2	205762510	205761427	0
2	205762510	205761923	0
2	205762510	205761941	0
2	205763861	205760797	0
2	205763861	205761935	0
2	205763861	205761937	0
2	205763861	205761942	0
2	205763861	205762387	0
2	205763948	205762020	0
2	205763954	205756468	0
2	205763954	205761427	0
2	205763954	205762387	0
2	205764007	205761427	0
2	20592549	20590774	0
2	20598266	20592616	0
2	205996402	206000304	1
2	206007442	205993720	0
2	206009795	206007283	0
2	206017814	206009576	0
2	206017814	206009704	0
2	206028336	206019735	0
2	206046613	206028110	0
2	206062955	206056197	0
2	206063046	206056197	0
2	206063245	206056197	0
2	206063245	206062798	0
2	206063245	206062905	0
2	206086183	206063150	0
2	206086304	206063568	0
2	206116751	206122116	8
2	206126612	206114816	2
2	206126612	206123110	0
2	206126612	206123818	0
2	206126612	206123944	0
2	206126612	206123955	0
2	206126612	206124100	0
2	206127973	206126709	0
2	206130243	206127559	0
2	206130243	206127796	0
2	206147662	206146902	0
2	206147835	206147530	0
2	206147835	206147645	0
2	206149097	206147752	0
2	206149097	206147781	0
2	206153683	206147752	0
2	206159426	206147752	0
2	206159685	206159912	310
2	206159685	206159958	310
2	206160711	206160886	72
2	206203949	206176565	0
2	206213422	206176179	0
2	206213422	206176712	0
2	206213422	206177026	0
2	206213426	206175315	0
2	206213426	206175319	0
2	206213426	206176999	0
2	206213426	206177190	0
2	206213439	206176835	0
2	20624032	20560447	0
2	20624032	20598207	0
2	20624032	20617821	0
2	20624032	20622178	0
2	20624774	20623895	0
2	20624893	20622187	0
2	20624893	20623895	0
2	206306876	206307046	2
2	20638516	20624731	0
2	20638653	20624731	0
2	20641181	20634715	0
2	20641181	20638435	0
2	20645506	20640024	0
2	20645506	20640972	0
2	20651064	20641134	0
2	20651083	20640972	0
2	206607207	206606496	0
2	206663396	206651620	0
2	206693324	206665869	0
2	206693324	206679015	0
2	206699891	206694765	0
2	206700217	206699726	0
2	206704944	206700144	0
2	206705033	206700144	0
2	206739659	206738256	0
2	206739662	206737762	0
2	206739662	206737827	0
2	206739662	206738224	0
2	206741105	206739592	0
2	206741383	206739592	0
2	206745674	206739592	0
2	206757041	206749019	0
2	206757041	206755008	0
2	206757372	206749019	0
2	206757372	206756618	0
2	206757372	206756897	0
2	206757372	206756911	0
2	206788904	206790571	0
2	206790687	206791682	3
2	20685658	20684027	12
2	20685658	20684043	13
2	20687095	20684411	24
2	20687095	20685546	33
2	20701653	20684013	0
2	20701653	20685053	0
2	20701653	20685546	0
2	20701653	20686624	0
2	20701653	20686906	0
2	207088582	207074136	0
2	207088582	207079089	0
2	207088582	207080360	0
2	207088582	207081015	0
2	207122045	207120883	2
2	207124405	207088457	0
2	207124409	207088457	0
2	207134138	207123773	0
2	207134138	207123897	0
2	207149201	207124352	0
2	207165572	207124343	0
2	207165707	207123975	0
2	207165707	207124168	0
2	207165707	207124324	0
2	207165946	207123773	0
2	207166848	207165466	0
2	207167247	207123773	0
2	207167268	207165466	2
2	207230722	207219850	0
2	207235611	207186716	0
2	207235611	207230523	0
2	207235884	207235437	0
2	207236067	207235437	0
2	207237876	207235298	0
2	207240087	207240200	5
2	207254253	207239863	0
2	207332696	207240120	0
2	207332696	207327889	0
2	20739992	20701569	0
2	20740206	20701569	0
2	20740206	20701574	0
2	207581947	207580630	0
2	207597327	207599079	9
2	207597484	207599079	2
2	207613027	207609113	1
2	207620695	207612722	2
2	207621918	207581352	0
2	207621918	207581694	0
2	207621918	207581793	0
2	207621918	207609114	0
2	207621918	207612103	0
2	207621918	207612742	0
2	207621918	207612842	0
2	207621918	207612979	0
2	207621918	207615672	0
2	207621918	207620640	0
2	207621918	207620733	0
2	207624381	207612726	0
2	207711686	207711937	15
2	20774980	20701569	0
2	20774980	20739970	0
2	20774980	20740051	0
2	207769564	207762585	4
2	207822770	207821289	0
2	207852836	207851237	0
2	207861263	207821287	0
2	207869916	207868581	0
2	20790399	20774809	0
2	20790399	20774857	0
2	20790399	20788888	0
2	207908578	207861104	0
2	207908578	207900040	0
2	20801466	20774809	0
2	208025499	208001029	0
2	208025561	208001029	0
2	208112509	208108316	0
2	208112512	208108232	0
2	208124355	208121606	0
2	208129684	208128136	0
2	208137698	208135393	0
2	208146017	208142572	0
2	208163447	208160739	0
2	208168496	208165342	0
2	208171064	208165346	0
2	208171064	208165354	0
2	208172076	208165375	0
2	208172076	208168381	0
2	208172076	208170944	0
2	208172076	208171005	0
2	208180817	208165477	0
2	208183025	208181217	0
2	208183048	208181217	0
2	208185033	208182964	0
2	208185033	208182971	0
2	208187017	208182964	0
2	208190025	208182964	0
2	208222626	208214723	0
2	20823102	20774809	0
2	20823131	20774809	0
2	208239234	208236226	0
2	208239234	208236231	0
2	208239234	208236264	0
2	208239234	208236741	0
2	208245425	208243426	0
2	208248661	208245318	0
2	208248661	208245366	0
2	208251568	208247381	0
2	208251568	208248368	0
2	208251568	208248561	0
2	208251568	208248596	0
2	208253960	208251260	0
2	208253960	208251429	0
2	208254340	208251429	0
2	208266075	208255528	0
2	209967638	209969767	0
2	210024202	210021422	0
2	210024202	210022432	0
2	210024202	210023121	0
2	210028970	210027295	0
2	210029807	210028844	0
2	210029919	210028844	0
2	210040528	210029802	0
2	210040528	210031420	0
2	210044105	210040322	0
2	210044105	210040419	0
2	21004453	21001428	0
2	210075757	210043432	0
2	210075757	210043938	0
2	210080341	210079804	0
2	210098208	210075551	0
2	210098208	210080276	0
2	210104196	210098085	0
2	210104302	210097848	0
2	210104302	210098085	0
2	210129173	210104019	0
2	210129173	210104103	0
2	210153604	210129030	0
2	210153666	210129030	0
2	210153739	210129030	0
2	210154612	210129030	0
2	210155303	210153494	0
2	210170595	210154182	0
2	210170655	210151404	0
2	210171328	210153494	0
2	210171384	210153494	0
2	210192891	210187938	0
2	210210263	210205631	0
2	210216512	210210195	0
2	210216720	210209588	0
2	210218103	210216346	0
2	210220803	210217474	0
2	210220803	210217964	0
2	210220803	210218064	0
2	21023693	21022830	0
2	21025125	21023524	0
2	21025125	21024169	0
2	210291075	210290149	0
2	210293801	210291031	0
2	210294419	210293722	0
2	210435460	210431248	0
2	210435460	210434114	0
2	210435460	210434486	0
2	210435460	210434520	0
2	210440745	210437689	0
2	210440746	210436215	0
2	210441444	210440597	0
2	210441444	210440698	0
2	210455315	210441307	0
2	210468242	210455258	0
2	210471646	210468147	0
2	210472077	210455106	0
2	210599540	210599540	0
2	211387151	211375716	0
2	211387151	211375720	0
2	211562089	211430944	0
2	211619276	211561761	0
2	211619276	211561902	0
2	211624045	211619176	0
2	211624045	211619252	0
2	211657829	211630461	0
2	211657995	211630461	0
2	211657995	211657596	0
2	211665478	211630461	0
2	211665478	211657753	0
2	211725195	211722392	0
2	211750705	211725075	0
2	211750705	211725151	0
2	211788160	211750638	0
2	211788160	211750698	0
2	212124904	211947429	0
2	212124908	211947429	0
2	212125182	212124583	0
2	212429248	212124751	0
2	212538530	212124751	0
2	212538583	212124751	0
2	212538842	212124751	0
2	212892810	212581356	0
2	213013935	212999690	0
2	213013935	213005362	0
2	213013935	213007171	0
2	213013935	213007352	0
2	213013935	213007356	0
2	213013935	213007359	0
2	213015279	213006038	0
2	213021546	212903380	0
2	213022131	212999690	0
2	213049881	212999690	0
2	213049881	213013790	0
2	213049881	213021992	0
2	213056745	213049712	0
2	213057100	213049712	0
2	213057100	213049849	0
2	213057100	213056565	0
2	213081239	213056832	0
2	213097961	213049712	0
2	213097961	213056910	0
2	213147813	213049712	0
2	213147813	213056832	0
2	213147813	213056910	0
2	213147813	213056988	0
2	213147813	213097876	0
2	213148630	213147707	0
2	213148645	213147371	0
2	213148645	213147707	0
2	213167713	213155805	0
2	213276153	213266994	0
2	213278532	213276551	0
2	21364026	21362291	0
2	214436318	214250039	0
2	214436318	214311601	0
2	214683127	214436191	0
2	214684247	214473703	0
2	214730281	214728537	0
2	214730509	214725645	0
2	214730509	214728423	0
2	214730509	214728675	0
2	214730509	214728676	0
2	214730509	214728703	0
2	214730509	214730234	0
2	214731146	214730410	0
2	214745160	214730410	0
2	214745855	214745066	0
2	214752479	214745711	0
2	214752556	214745721	0
2	214781510	214769231	0
2	214792446	214730410	0
2	214792446	214769231	0
2	214792446	214780559	0
2	214797118	214752446	0
2	214797118	214769231	0
2	214797118	214780559	0
2	214797118	214792296	0
2	214809643	214797060	0
2	214809661	214796793	0
2	214809671	214780896	0
2	214809674	214797060	0
2	214809684	214730410	0
2	214809688	214797060	0
2	214809705	214797060	0
2	214809712	214752446	0
2	214809712	214780559	0
2	214809712	214792296	0
2	214809712	214797060	0
2	214934216	214931541	0
2	214934216	214932621	0
2	214966954	214959023	0
2	215015664	215011970	0
2	215022724	215022891	0
2	215025780	215019539	0
2	215046016	215036952	0
2	215111691	215064065	0
2	215111691	215075491	0
2	215312162	215312497	16
2	215312344	215312497	20
2	215312391	215312497	19
2	215362080	215360439	0
2	215362080	215360453	0
2	215362080	215360457	0
2	215362080	215360861	0
2	215362080	215360864	0
2	215362080	215360865	0
2	215362080	215361146	0
2	215362080	215361340	0
2	215363641	215360865	0
2	215364986	215361968	0
2	215365518	215364369	0
2	215365631	215364878	0
2	215365677	215364878	0
2	215365754	215364666	0
2	215368028	215365504	0
2	215370433	215367862	0
2	215370521	215367678	0
2	215372016	215370293	0
2	215372016	215370342	0
2	215372301	215371908	0
2	215372376	215370293	0
2	215372376	215371908	0
2	215372440	215370379	0
2	215372483	215371908	0
2	215373412	215370293	0
2	215373412	215371863	0
2	215373412	215371908	0
2	215373412	215372108	0
2	215375690	215375213	0
2	215375719	215375213	0
2	215375726	215375213	0
2	215376675	215375628	0
2	215376675	215375632	0
2	215379318	215378174	0
2	215381081	215379129	0
2	215381081	215379204	0
2	215381330	215379129	0
2	215382326	215378174	0
2	215382326	215379129	0
2	215382326	215380810	0
2	215382326	215382002	0
2	215383484	215379129	0
2	215383484	215382158	0
2	215383484	215382211	0
2	215408427	215408107	0
2	215409740	215408297	0
2	215409951	215408318	0
2	215414959	215409933	0
2	215419386	215414660	0
2	215419386	215414836	0
2	215420802	215419241	0
2	215421271	215419288	0
2	215531581	215530446	0
2	215582636	215579406	0
2	215615635	215611562	0
2	215621194	215619634	0
2	215621351	215615276	0
2	215621354	215620107	0
2	215622762	215621117	0
2	215624236	215622685	0
2	215641820	215624111	0
2	215741022	215624111	0
2	215743915	215624111	0
2	215743915	215624122	0
2	215743915	215641230	0
2	215743915	215641767	0
2	215743915	215740876	0
2	215747395	215743813	0
2	215747395	215743819	0
2	215827404	215797359	0
2	215827442	215750242	0
2	215831591	215750242	0
2	215843424	215750242	0
2	215843537	215750242	0
2	215941720	215939307	0
2	215944998	215942804	1
2	215945735	215944110	0
2	215945735	215944489	0
2	215945735	215944958	0
2	215945735	215944987	0
2	215947114	215945570	0
2	215947114	215945572	0
2	215996466	215947022	0
2	216013614	215996305	0
2	216013624	215996305	0
2	216032960	215996305	0
2	216033805	215996305	0
2	216034097	215996305	0
2	216039361	215996328	0
2	216044016	216038408	0
2	216044016	216039190	0
2	216044016	216039255	0
2	216049374	216043903	0
2	216049374	216043971	0
2	216050898	216049262	0
2	216051546	216049262	0
2	216065478	216051448	0
2	216065478	216058894	0
2	216065478	216063888	0
2	216066519	216065209	0
2	216066519	216065311	0
2	216066519	216065449	0
2	216066524	216065311	0
2	216081980	216082146	0
2	216277865	216257864	0
2	21636145	21607464	0
2	21636145	21630547	0
2	216372028	216283573	0
2	216386856	216385287	0
2	21647753	21638183	0
2	21647753	21638430	0
2	216487197	216483031	0
2	216488244	216479029	0
2	216498747	216486770	0
2	216498751	216487803	0
2	216498762	216488116	0
2	216498878	216499269	60
2	216499152	216499269	74
2	216499181	216499269	77
2	216499399	216499831	30
2	216499399	216499948	31
2	216499867	216499948	10
2	216500032	216501340	53
2	216595244	216590425	0
2	216660787	216661771	0
2	216660787	216661857	0
2	216660787	216663939	0
2	216661999	216663939	0
2	216678232	216672104	0
2	216679080	216678111	0
2	216694668	216678757	0
2	216694795	216678852	0
2	216695526	216678849	0
2	216855133	216854388	0
2	216860065	216859457	0
2	216867814	216866331	0
2	216873933	216870440	0
2	21710327	21687433	0
2	2172950	2053977	0
2	2172989	2053977	0
2	2172989	2054037	0
2	217318202	217284018	0
2	217319178	217317965	0
2	217325971	217318919	0
2	217325971	217319166	0
2	217425523	217327996	0
2	217426787	217425301	0
2	217426787	217425509	0
2	217713102	217703899	0
2	217756594	217599611	0
2	217808108	217799587	0
2	217808108	217799788	0
2	217808108	217802788	0
2	217808108	217803445	0
2	217808108	217803797	0
2	217808108	217803865	0
2	217809992	217808602	0
2	217810305	217809713	0
2	217810320	217809822	0
2	217813817	217812367	0
2	217813817	217813214	0
2	217814017	217813214	0
2	217814999	217813684	0
2	217815369	217813708	0
2	217849088	217836014	0
2	217858634	217848471	0
2	217881015	217847509	0
2	217881015	217848175	0
2	217881015	217848883	0
2	217881015	217859228	0
2	217881015	217879291	0
2	217882412	217848355	0
2	217891046	217886533	0
2	217893013	217890327	0
2	217893013	217890961	0
2	217893562	217892947	0
2	217895057	217893438	0
2	217895057	217893472	0
2	217897970	217895005	0
2	217897970	217895040	0
2	217900513	217897794	0
2	217900513	217897797	0
2	217900513	217897892	0
2	217901824	217900462	0
2	217902010	217900462	0
2	217903814	217900462	0
2	217905462	217900462	0
2	217906386	217900462	0
2	217991030	217986739	0
2	217991057	217978764	0
2	218002996	217990941	0
2	218010422	217990941	0
2	218033983	217990941	0
2	218035185	218035316	0
2	218065730	218059154	0
2	218069090	218069171	0
2	218069349	218069480	0
2	218126069	218126290	0
2	218166996	218162844	0
2	218217255	218217371	2
2	218217255	218217462	5
2	218234398	218234848	0
2	218265175	218264122	0
2	218265175	218264128	0
2	218265175	218264129	0
2	218265175	218264161	11
2	218265175	218264180	11
2	218265175	218264182	11
2	218265175	218264359	0
2	218265462	218265019	6
2	218265683	218265370	0
2	218265922	218265019	0
2	218265947	218265370	0
2	218265947	218265578	0
2	218266082	218265830	0
2	218266148	218265416	0
2	218266148	218265578	0
2	218266148	218265830	0
2	218266588	218265370	2
2	218266588	218266063	0
2	218266588	218266086	0
2	218266845	218266063	0
2	218266987	218265578	0
2	218267614	218266846	1
2	218269535	218267379	4
2	218269535	218267493	4
2	218269538	218267493	4
2	218269741	218267493	2
2	218270603	218271380	0
2	218276080	218274191	0
2	218276080	218274200	0
2	218276080	218275005	2
2	218276080	218275431	2
2	218277454	218277003	2
2	218277671	218277362	0
2	218277671	218277365	0
2	218277975	218277632	0
2	218278566	218277800	0
2	218278566	218277934	0
2	218278566	218277945	0
2	218279092	218277934	0
2	218279092	218278408	0
2	218279092	218278478	0
2	218279092	218278514	0
2	218279092	218278535	0
2	218279354	218279037	0
2	218279540	218279037	0
2	218280082	218279288	0
2	218280127	218279037	0
2	218280127	218279288	0
2	218280127	218279334	0
2	218280127	218279337	0
2	218280993	218279288	0
2	218282182	218280025	0
2	218282182	218280053	0
2	218282182	218280058	0
2	218282182	218280076	0
2	218282182	218280109	0
2	218282209	218280025	0
2	218284137	218281939	0
2	218284161	218282003	0
2	218284267	218282117	0
2	218285935	218281939	1
2	218285939	218281939	1
2	218286009	218281939	0
2	218287304	218281939	0
2	218290090	218281939	0
2	218292504	218281939	0
2	218292513	218281939	0
2	218292514	218280025	0
2	218292536	218280025	0
2	218292578	218281939	0
2	218327960	218326888	0
2	218351227	218327803	0
2	218357188	218357533	0
2	218357735	218357985	0
2	218357735	218358036	0
2	218357967	218351159	0
2	218367028	218366664	0
2	218367101	218367429	0
2	218367323	218366665	0
2	218367836	218366926	0
2	218383071	218384318	0
2	218383103	218384242	0
2	218383103	218384318	0
2	218383103	218385146	0
2	218384366	218384906	0
2	218384366	218385146	0
2	218385002	218385146	0
2	218385267	218385411	0
2	218386742	218387159	0
2	218387633	218387799	0
2	218394194	218394631	0
2	218395067	218395638	0
2	218401216	218401563	0
2	218455719	218450250	0
2	218455719	218453267	0
2	218455719	218453500	0
2	218455719	218454814	0
2	218466177	218463305	0
2	218473247	218466132	0
2	218474886	218466009	0
2	218474886	218473189	0
2	218476959	218474749	0
2	218476982	218474629	0
2	218479716	218476839	0
2	218479716	218476942	0
2	218482235	218476839	0
2	218495951	218488303	0
2	218497858	218495759	0
2	218497858	218495774	0
2	218498158	218497733	0
2	218498158	218497768	0
2	218510141	218498025	0
2	218514429	218509978	0
2	218530041	218509978	0
2	218530041	218510006	0
2	218530041	218528270	0
2	2185650	2172871	0
2	218596299	218596334	8
2	218628231	218629518	0
2	218633482	218633604	0
2	218633762	218634104	7
2	218633830	218634104	7
2	218636393	218636470	0
2	218636579	218636859	4
2	218636579	218636918	5
2	218640770	218637915	0
2	218640770	218637920	0
2	218640770	218638144	0
2	218650527	218648634	0
2	218651823	218650358	0
2	218652301	218650500	3
2	218656404	218651700	2
2	218656464	218650358	0
2	218656464	218651700	2
2	218658802	218656149	2
2	218658877	218656149	2
2	218658877	218656386	3
2	218658898	218656149	2
2	218659131	218656149	2
2	218659131	218656349	3
2	218659477	218658979	8
2	218659503	218658979	10
2	218659525	218658979	7
2	218659656	218658979	5
2	218659801	218660306	0
2	218660219	218660306	4
2	218661308	218661405	0
2	218662261	218662509	0
2	218662261	218662514	0
2	218664874	218663863	5
2	218664874	218663891	5
2	218664902	218664166	5
2	218665248	218664738	4
2	218665248	218664826	0
2	218666060	218665153	1
2	218666060	218665154	1
2	218666085	218665154	1
2	218666231	218665154	1
2	218666231	218665915	4
2	218666231	218665931	4
2	218746232	218747002	0
2	218746232	218747029	0
2	218747373	218747596	0
2	218747373	218748104	0
2	218747726	218748104	0
2	218747739	218748104	0
2	218752848	218753114	1
2	218752974	218753114	3
2	218752974	218753120	2
2	218812422	218812551	0
2	218812750	218812923	0
2	218814188	218814379	0
2	218814459	218814544	0
2	218823879	218822382	0
2	218824369	218823325	0
2	218824369	218823645	0
2	218824577	218824221	0
2	218824577	218824362	0
2	218827094	218824538	0
2	218827374	218826634	0
2	218827374	218826927	0
2	218830382	218828518	0
2	218830902	218829977	0
2	218830902	218830298	0
2	218867	217729	1
2	218907047	218900810	0
2	218921761	218906838	0
2	218961904	218944628	0
2	218976529	218976630	0
2	218977621	218979264	0
2	218977750	218979346	0
2	218977991	218979264	0
2	218984306	218981086	0
2	218984476	218981957	0
2	218990995	218990188	0
2	218990995	218990189	0
2	218991208	218990189	0
2	218991497	218990851	0
2	218992244	218990851	0
2	218992244	218990911	0
2	218993179	218991846	0
2	218993181	218992101	0
2	218993257	218992101	0
2	218993414	218992101	0
2	219003273	219002845	0
2	219003273	219002846	0
2	219014045	219013518	0
2	219019180	219013867	0
2	219019705	219018255	0
2	219019720	219019050	0
2	219028010	219026021	0
2	219028402	219026547	0
2	219028402	219026549	0
2	219028402	219026646	0
2	219028402	219027062	0
2	219028402	219027079	0
2	219028402	219027649	0
2	219028415	219026549	0
2	219031306	219030688	0
2	219031659	219031105	0
2	219032573	219031105	0
2	219032573	219031488	0
2	219035665	219029402	0
2	219035665	219032469	0
2	219035665	219032567	0
2	219038579	219033691	0
2	219038579	219035479	0
2	219038579	219035483	0
2	219039216	219035479	0
2	219057695	219054419	0
2	219060468	219057432	0
2	219077365	219075316	0
2	219077365	219075320	0
2	219077365	219075328	0
2	219077365	219075972	0
2	219077365	219076291	0
2	219077365	219076302	0
2	219077365	219076317	0
2	219077365	219076377	0
2	219078207	219077245	0
2	219095356	219078088	0
2	219124765	219078088	0
2	219125653	219078073	0
2	219125661	219095273	0
2	219146739	219077245	0
2	219146739	219078073	0
2	219146739	219078088	0
2	219146739	219078106	0
2	219146739	219095273	0
2	219147796	219146679	0
2	219147796	219146706	0
2	219160556	219158185	0
2	219160763	219158819	0
2	219160799	219158185	0
2	219160854	219158185	0
2	219160866	219158218	0
2	219162205	219158185	0
2	219162395	219161464	0
2	219162395	219161764	0
2	219162395	219161765	0
2	219162395	219162104	0
2	219165423	219164232	0
2	219167979	219164232	0
2	219168045	219163387	0
2	219168045	219164232	0
2	219168045	219165168	0
2	219168288	219167929	0
2	219168319	219167928	0
2	219168319	219167929	0
2	219168834	219164577	0
2	219168834	219167929	0
2	219168834	219168194	0
2	219168834	219168213	0
2	219169103	219167929	0
2	219169103	219168194	0
2	219169103	219168419	0
2	219169103	219168636	0
2	219169103	219168647	0
2	219169103	219168651	0
2	219169103	219168783	0
2	219169407	219169014	0
2	219169407	219169028	0
2	219169563	219169308	0
2	219169586	219169308	0
2	219169623	219169308	0
2	219169679	219169028	0
2	219169679	219169284	0
2	219169679	219169308	0
2	219169988	219169557	0
2	219169991	219169520	0
2	219170005	219169557	0
2	219170018	219169520	0
2	219170030	219169354	0
2	219170033	219169520	0
2	219170034	219169520	0
2	219170036	219169520	0
2	219170058	219169520	0
2	219170096	219169520	0
2	219170828	219169308	0
2	219173468	219171896	0
2	219173468	219172173	24
2	219173468	219172893	0
2	219173468	219173050	0
2	219179764	219180109	3
2	219179764	219180197	3
2	219181206	219181368	2
2	219182309	219182413	44
2	219206846	219206966	5
2	219206846	219206969	5
2	219207422	219207647	0
2	219207422	219207886	0
2	219207775	219207886	1
2	219207780	219207886	1
2	219208039	219208255	4
2	219208349	219208425	1
2	219208487	219208571	3
2	219208640	219208976	0
2	219208640	219209261	2
2	219209050	219209261	2
2	219210299	219209765	0
2	219210299	219209771	0
2	219210299	219209775	0
2	219210824	219210229	0
2	219210824	219210380	0
2	219210850	219210380	0
2	219211039	219210710	0
2	219211040	219210380	0
2	219211109	219210380	0
2	219211109	219210710	0
2	219212492	219210380	0
2	219212492	219210710	0
2	219213327	219213007	0
2	219213421	219212386	0
2	219213503	219213239	0
2	219213503	219213240	0
2	219213667	219213438	0
2	219213952	219213589	0
2	219213952	219213601	0
2	219214187	219213825	0
2	219214187	219213897	0
2	219214499	219214120	0
2	219214499	219214140	0
2	219214499	219214167	0
2	219214684	219214120	0
2	219215083	219214388	0
2	219215438	219214388	0
2	219215886	219213825	0
2	219216181	219214960	0
2	219216181	219215028	0
2	219216289	219214960	0
2	219216466	219214960	0
2	219216833	219214960	0
2	219218477	219214388	1
2	219220453	219217669	1
2	219220893	219218124	1
2	219220893	219219379	0
2	219220893	219219381	5
2	219220893	219220053	0
2	219220893	219220208	0
2	219220893	219220446	0
2	219221303	219220746	0
2	219222168	219221079	0
2	219222249	219221079	0
2	219222451	219221273	0
2	219224855	219223584	0
2	219224855	219223868	109
2	219224855	219223927	106
2	219225213	219224105	0
2	219225213	219224682	0
2	219225213	219224807	0
2	219225573	219225070	0
2	219225573	219225077	0
2	219225573	219225145	0
2	219225573	219225152	0
2	219225573	219225193	0
2	219225573	219225195	0
2	219226934	219225331	0
2	219226934	219225410	0
2	219226934	219225414	0
2	219226934	219225493	0
2	219226934	219225505	0
2	219226936	219225410	0
2	219226936	219225414	0
2	219227814	219225410	0
2	219227814	219225414	0
2	219227814	219226868	0
2	219227814	219226873	0
2	219228054	219226868	0
2	219229640	219225410	0
2	219229901	219230227	0
2	219229959	219230227	0
2	219229981	219230227	0
2	219233192	219233285	0
2	219234289	219234825	12
2	219235313	219235473	0
2	219235586	219235707	1
2	219236096	219236321	0
2	219237728	219236605	0
2	219237728	219236760	0
2	219237728	219236765	0
2	219237728	219236770	0
2	219239452	219239091	0
2	219239683	219239410	0
2	219239683	219239421	0
2	219240095	219239774	0
2	219240235	219239774	0
2	219240286	219239882	0
2	219240286	219239919	0
2	219240286	219240048	0
2	219242575	219239774	0
2	219242575	219240153	0
2	219242575	219240190	0
2	219242919	219242513	0
2	219243107	219242513	0
2	219243185	219242767	0
2	219243263	219242767	0
2	219243315	219242767	0
2	219243315	219242813	0
2	219243373	219242767	0
2	219243599	219242842	0
2	219243599	219243147	0
2	219243615	219243147	0
2	219243632	219243147	0
2	219243632	219243307	0
2	219243644	219243147	0
2	219243940	219243147	0
2	219243943	219243501	0
2	219245407	219243501	3
2	219245442	219243546	0
2	219245445	219243778	0
2	219245473	219243501	0
2	219245479	219243501	0
2	219246086	219246521	19
2	219246086	219246656	28
2	219247536	219247661	21
2	219251714	219249710	0
2	219251714	219250728	0
2	219251714	219251112	0
2	219251714	219251172	0
2	219251714	219251193	0
2	219252231	219251193	0
2	219252231	219251564	0
2	219252231	219251586	0
2	219252994	219252007	0
2	219253146	219252007	0
2	219253355	219252007	0
2	219253902	219251564	0
2	219253917	219251538	0
2	219253917	219252007	0
2	219254033	219252007	0
2	219254609	219252007	0
2	219277877	219250771	0
2	219278171	219252007	0
2	219279519	219279797	0
2	219279688	219279797	0
2	219280688	219281717	0
2	219282062	219282478	0
2	219282930	219283132	0
2	219283236	219283418	0
2	219284836	219285986	7
2	219285777	219285986	3
2	219290612	219289622	0
2	219290612	219289624	0
2	219290612	219289840	0
2	219290612	219290051	0
2	219290891	219289648	0
2	219295029	219291469	0
2	219295142	219291469	0
2	219296346	219291469	0
2	219297434	219296984	0
2	219298104	219297232	0
2	219298104	219297422	0
2	219299112	219297884	0
2	219299385	219299046	0
2	219299493	219297978	0
2	219299573	219299046	0
2	219302492	219301587	0
2	219302838	219302136	0
2	219302838	219302484	1
2	219302838	219302486	1
2	219303832	219302575	0
2	219303832	219302617	0
2	219303832	219302684	0
2	219303832	219302743	0
2	219303832	219302767	0
2	219304142	219302662	0
2	219307558	219303734	0
2	219307558	219307017	0
2	219307843	219307443	0
2	219308198	219303734	0
2	219308341	219307527	0
2	219308924	219307791	0
2	219308978	219307791	0
2	219308985	219307791	0
2	219309008	219307791	0
2	219309010	219307791	0
2	219309174	219307791	0
2	219309403	219307482	0
2	219309499	219307791	0
2	219309539	219307791	0
2	219309574	219307791	0
2	219309649	219307791	0
2	219329009	219327408	0
2	219329253	219327408	0
2	21935095	21933335	0
2	219375023	219373526	0
2	219375023	219373545	0
2	219375023	219374193	0
2	219375023	219374195	0
2	219375023	219374196	0
2	219381437	219374854	0
2	219381437	219374879	0
2	219381487	219374923	0
2	219381891	219381544	0
2	219382140	219381544	0
2	219383215	219381802	0
2	219383215	219381978	0
2	219383215	219381997	1
2	219384444	219383130	0
2	219384444	219383204	0
2	219384444	219383208	0
2	219384574	219383130	0
2	219385532	219384365	2
2	219385707	219384365	3
2	219385707	219384585	2
2	219385707	219385423	2
2	219385752	219385430	3
2	219385835	219385153	5
2	219386099	219384365	3
2	219386099	219385630	6
2	219386099	219385658	4
2	219386412	219385967	0
2	219386412	219385981	0
2	219386779	219386203	0
2	219386779	219386285	0
2	219386949	219386664	2
2	219386981	219386664	2
2	219386981	219386681	2
2	219386981	219386686	2
2	219387164	219386664	2
2	219388877	219388701	0
2	219393749	219388701	0
2	219426185	219425070	0
2	21943798	21933267	0
2	21944993	21943679	0
2	219461301	219461881	0
2	219461412	219461881	0
2	219464609	219466056	0
2	21946555	21944723	0
2	219471988	219472226	0
2	219473097	219473503	0
2	219473628	219473727	0
2	219497862	219498050	0
2	219500219	219501475	0
2	219501580	219501850	0
2	219504214	219505227	0
2	219505363	219505457	0
2	219505556	219505694	0
2	219505556	219505714	0
2	219505556	219505979	0
2	219505762	219505979	0
2	219506323	219506323	2
2	219506423	219506697	0
2	219516878	219482072	0
2	219532129	219532314	0
2	219532478	219532882	0
2	219537322	219537631	0
2	219537737	219537932	0
2	219541126	219538946	7
2	219541126	219538947	7
2	219542190	219540945	10
2	219543098	219541615	2
2	219543574	219541459	1
2	219543788	219541615	16
2	219544012	219544145	0
2	219551799	219550728	0
2	219551799	219550741	0
2	219551799	219550755	0
2	219552217	219550728	0
2	219552217	219551528	0
2	219552390	219551528	0
2	219554741	219553573	0
2	219556293	219552535	0
2	219556293	219554473	1
2	219556724	219555165	0
2	219556724	219555460	11
2	219556724	219555762	6
2	219556724	219556019	0
2	219557028	219556241	1
2	219557619	219556019	0
2	219559432	219558183	0
2	219559498	219557822	0
2	219559498	219558183	0
2	219562513	219559224	0
2	219562675	219559224	0
2	219562675	219561721	0
2	219562675	219561746	5
2	219563628	219562401	4
2	219565380	219562814	1
2	219565515	219563354	0
2	219570740	219568054	9
2	219571242	219568054	18
2	219571290	219568054	23
2	219571465	219568054	9
2	219571493	219570220	82
2	219571860	219570457	51
2	219606291	219606475	0
2	219609214	219609362	0
2	219614872	219615093	0
2	219626694	219625058	0
2	21964614	21942192	0
2	21965552	21942177	0
2	21971837	21934966	0
2	219904380	219904050	0
2	221422071	221420444	0
2	221425576	221418026	0
2	221426143	221418028	0
2	221426620	221425208	0
2	221426620	221425598	0
2	221426620	221425900	0
2	221426620	221425914	0
2	221436609	221434141	0
2	221437123	221436398	0
2	221437497	221436456	0
2	221457991	221456612	0
2	221482691	221457865	0
2	221482691	221457888	0
2	221482691	221457953	0
2	221501173	221482351	0
2	221501345	221482439	0
2	221564395	221501016	0
2	221568786	221563730	0
2	221568786	221563996	0
2	221568786	221564105	0
2	221568786	221564278	0
2	221572301	221482351	0
2	221572301	221563992	0
2	221574159	221572157	1
2	221574203	221572157	0
2	22210995	21971740	0
2	222201443	222199887	3
2	222201443	222201110	0
2	222201443	222201152	0
2	222202191	222200985	0
2	222202191	222201165	0
2	222202191	222201357	0
2	222202191	222201411	0
2	222220355	222201331	0
2	222220355	222201411	0
2	222220355	222201712	0
2	222220355	222201943	0
2	222220355	222202136	0
2	222220355	222214386	0
2	222287530	222262543	0
2	222294195	222287375	0
2	222294302	222232077	0
2	222294302	222263184	0
2	222294302	222293634	0
2	222295655	222294166	0
2	222295658	222293629	0
2	222295658	222294166	0
2	222297214	222294166	0
2	222600084	222570535	0
2	222919364	222917386	0
2	223602218	223598905	0
2	223602285	223598850	0
2	223602504	223596939	0
2	223765351	223751685	0
2	223765351	223756988	0
2	223765351	223756989	0
2	223765351	223758481	0
2	223770326	223765309	0
2	223773352	223765212	0
2	223776010	223765176	0
2	223776010	223765212	0
2	223776159	223765267	0
2	223777870	223765077	0
2	223777870	223765212	0
2	223878689	223855715	0
2	223880233	223875346	0
2	223884750	223881941	0
2	223894340	223884647	0
2	223894461	223884668	0
2	223895631	223894233	0
2	223895631	223894234	0
2	223895631	223894289	0
2	223901334	223898957	3
2	223906002	223900854	0
2	223906002	223901182	0
2	223918011	223901182	0
2	223967707	223965700	2
2	223977628	223975111	2
2	223977628	223975152	2
2	223977628	223975681	5
2	223977628	223975813	4
2	223982781	223975152	1
2	223984951	223982680	8
2	223985069	223982680	9
2	223992001	223984751	5
2	223992001	223984808	2
2	224001923	223998114	609
2	224010387	224001640	4
2	224010387	224001641	4
2	224030208	224001641	0
2	224030802	224001773	0
2	224038805	224001641	0
2	224039289	224001641	0
2	224039291	224001551	0
2	224039320	224001641	0
2	224400506	224378697	0
2	224401995	224400380	0
2	224402035	224378697	0
2	224402086	224399524	0
2	224473129	224473980	9
2	224478346	224470149	0
2	224478346	224473909	0
2	224478346	224473921	0
2	224478346	224473933	0
2	224478346	224473938	0
2	224480125	224473901	0
2	224482079	224478199	0
2	224482079	224478302	0
2	224495907	224478199	0
2	224495967	224474032	0
2	224495967	224481891	0
2	224497820	224495831	0
2	224497850	224495005	0
2	224497850	224495831	0
2	224500398	224497752	1
2	224500488	224497752	0
2	224503073	224500362	0
2	224503673	224502964	0
2	224503823	224502964	0
2	224504325	224502991	0
2	224505972	224503674	4
2	224506133	224503651	0
2	224507004	224505748	0
2	224507004	224505955	0
2	224511583	224506857	0
2	224513639	224511353	0
2	224513639	224511437	0
2	224514773	224513523	0
2	224514773	224513614	0
2	224533095	224514611	0
2	224535642	224514611	0
2	224535642	224514635	0
2	224556390	224535606	0
2	224556421	224535527	0
2	224557857	224535527	0
2	224585398	224535527	0
2	224710220	224703763	0
2	224768948	224765103	0
2	224770350	224765089	0
2	224770350	224765103	0
2	224773348	224770544	0
2	224775116	224773156	0
2	224775116	224773240	0
2	224793073	224789063	0
2	224793458	224792973	0
2	224800264	224797831	0
2	224802041	224800150	0
2	224802041	224800161	0
2	224807785	224806125	0
2	224807934	224807244	0
2	224808087	224807667	0
2	224837832	224834149	0
2	224840073	224837761	0
2	224840206	224837728	0
2	224862747	224856859	0
2	224864676	224860579	0
2	224864676	224862663	0
2	224874752	224874265	0
2	224876222	224874665	0
2	224876222	224874699	0
2	224896378	224886062	0
2	224896378	224886458	0
2	224896378	224893341	0
2	224896378	224893547	1
2	224921	218148	0
2	224921	218152	0
2	224921	218157	0
2	224921	218772	0
2	224921	222360	0
2	225042385	224983414	0
2	225042443	224931548	0
2	225042446	224931548	0
2	22531106	22210864	0
2	226185372	226180043	0
2	226795247	226792137	139
2	226799760	226731316	0
2	227008305	227002710	0
2	227102849	227101864	0
2	227103198	227102788	0
2	227103198	227102830	0
2	227222561	227221051	0
2	227238175	227228480	0
2	227259199	227237776	0
2	227259284	227238085	0
2	227259284	227238107	0
2	227259284	227245709	0
2	227268770	227265874	0
2	227268770	227268352	0
2	227279576	227268627	0
2	227279579	227268627	0
2	227279579	227268744	0
2	227281790	227268627	0
2	227301975	227281703	0
2	227305656	227281703	0
2	227305656	227301792	0
2	227325165	227305459	0
2	227325187	227305459	0
2	227325202	227281703	0
2	227328790	227329605	0
2	227328790	227330594	0
2	227328790	227330625	0
2	227328900	227329605	0
2	227329660	227330625	0
2	227329698	227330625	3
2	227329784	227330625	0
2	227329784	227330780	3
2	227366245	227362155	0
2	227379307	227370914	0
2	227381996	227379225	0
2	227613035	227610090	0
2	227613035	227611650	0
2	227617791	227616997	0
2	227628512	227610089	0
2	227628512	227611393	0
2	227628512	227612939	0
2	227633086	227628438	0
2	227633111	227630291	0
2	227633173	227628438	0
2	227633321	227628438	0
2	227642277	227632968	0
2	227642366	227632968	0
2	227688308	227683762	0
2	227688308	227685209	0
2	227688308	227685870	0
2	227688308	227685957	0
2	227688308	227686483	0
2	227688308	227686551	0
2	227688308	227686834	0
2	227688308	227687434	0
2	227688308	227687512	0
2	227699565	227685854	0
2	227699565	227688165	0
2	227699565	227695518	0
2	227699565	227695888	0
2	227701109	227698735	0
2	227701253	227698735	0
2	227702321	227695888	0
2	227702321	227698735	0
2	227702321	227699203	0
2	227702321	227699455	0
2	227702321	227700912	0
2	227702692	227699552	0
2	227702692	227702168	0
2	227702978	227699521	0
2	227706657	227702168	0
2	227706744	227702168	0
2	227714613	227702168	0
2	227718000	227701606	0
2	227718002	227695888	0
2	227718002	227698735	0
2	227718002	227702168	0
2	227718011	227702168	0
2	227718032	227702168	0
2	227991185	227979949	0
2	227991185	227979956	0
2	227991327	227990907	0
2	227991327	227990999	0
2	228181627	228131979	0
2	228181646	228131979	0
2	2284504	2171667	0
2	2284504	2172871	0
2	2284504	2210632	0
2	228488794	228483260	0
2	228684581	228683536	0
2	229155965	228850525	0
2	229155965	229023973	0
2	229155965	229023994	0
2	229155965	229025576	0
2	229155965	229026035	0
2	229245061	229155817	0
2	229262894	229155817	0
2	229271240	229227956	0
2	229271281	229023988	0
2	229271286	229155817	0
2	229367120	229357628	0
2	229586025	229546946	0
2	229586025	229580153	0
2	229714559	229591579	0
2	229768720	229763837	18
2	229768720	229767440	2
2	229769326	229768615	3
2	229774262	229769230	5
2	229774262	229771518	2
2	229777480	229773560	0
2	229777480	229774096	0
2	229792066	229791123	1
2	229792227	229791787	0
2	229792227	229791865	0
2	229792227	229791973	1
2	229795331	229792972	0
2	229796733	229794860	0
2	229796783	229795178	0
2	229802460	229799282	0
2	229803690	229802250	0
2	229803690	229802251	0
2	229807865	229803998	0
2	229807865	229805729	0
2	229808370	229807318	0
2	229808370	229807707	0
2	229811046	229808251	0
2	229811205	229810879	0
2	229811205	229810956	0
2	229836985	229829192	1
2	229836985	229830755	0
2	229836985	229831031	3
2	229840928	229836847	0
2	229840928	229836862	0
2	229859283	229858771	112
2	229859575	229840821	0
2	229860532	229858771	0
2	229860532	229859227	0
2	229880129	229836847	0
2	229880129	229858771	0
2	229880129	229859210	0
2	229880129	229859225	0
2	229880129	229859375	0
2	229900859	229879981	0
2	229921359	229879981	0
2	229921663	229879981	0
2	229921904	229879981	0
2	229921953	229879981	0
2	229922000	229879981	0
2	229922010	229879981	0
2	229923240	229879981	0
2	230045	218135	0
2	230045	218150	0
2	230045	218152	0
2	230045	218665	0
2	230045	218779	0
2	230045	218796	0
2	230045	224863	0
2	230045	224867	0
2	230046723	230034973	0
2	230049905	230045656	0
2	230049905	230045669	0
2	230049905	230045744	0
2	230059367	230049760	0
2	230067238	230059093	0
2	230067238	230059226	0
2	230067238	230059298	0
2	230068908	230059093	0
2	230069000	230059093	0
2	230170762	230168917	0
2	230170762	230168935	0
2	230170916	230169127	0
2	230172175	230167292	0
2	230172194	230172424	0
2	230172313	230168931	0
2	230172960	230172065	0
2	230173515	230172065	0
2	230177681	230172843	0
2	230177681	230176472	0
2	230177681	230176474	0
2	230177681	230176558	1
2	230178256	230177537	0
2	230178258	230177365	0
2	23019047	23018124	0
2	230200966	230185993	0
2	230202723	230200884	0
2	230202729	230200467	0
2	230202729	230200884	0
2	230208060	230200884	0
2	230208060	230202578	0
2	230208060	230202932	0
2	230212431	230211469	3
2	230212906	230212346	3
2	230213028	230212346	3
2	230213028	230212348	3
2	230213028	230212395	8
2	230213028	230212415	8
2	230215119	230212760	1
2	23027938	23025820	0
2	23027938	23027108	0
2	23030661	23027866	0
2	230311232	230311451	0
2	230400243	230400333	2
2	230400243	230400954	1
2	230400414	230400954	1
2	230401064	230401365	2
2	230401444	230401663	0
2	230551102	230520593	0
2	230551102	230538287	0
2	230576027	230551047	0
2	230576027	230570639	0
2	230586716	230584814	0
2	2306156	2303482	0
2	230695247	230690920	0
2	23077918	23030602	0
2	230814047	230814051	0
2	23090838	23030541	0
2	230909000	230909650	0
2	230911097	230907317	0
2	230911097	230907318	0
2	230925227	230907327	0
2	230925227	230909621	0
2	230925227	230910236	0
2	230961067	230909865	0
2	230988180	230984367	0
2	230991976	230986983	0
2	230991976	230988170	0
2	230992037	230987641	0
2	230992037	230988044	0
2	230992040	230988127	0
2	230995386	230987792	0
2	230995386	230987978	0
2	230996323	230996355	0
2	231113930	231108229	0
2	231160	229965	0
2	231192	229893	0
2	231192	229965	0
2	231393911	231394654	0
2	231393911	231394780	0
2	231455625	231453530	34
2	231455625	231454907	574
2	231456137	231455400	34
2	231456137	231455441	45
2	231456765	231456009	20
2	231457801	231457000	4
2	231457801	231457285	6
2	231458358	231457642	4
2	231458390	231457425	4
2	231458390	231457642	4
2	231459126	231457642	10
2	231460565	231460151	10
2	231462018	231460668	1
2	231463317	231461539	0
2	231463317	231461593	0
2	231463317	231461606	0
2	231463317	231461650	0
2	231463317	231461680	0
2	231463694	231463199	0
2	231464181	231463199	7
2	231464200	231463199	7
2	231464208	231463199	9
2	231464380	231462991	9
2	231464595	231463199	4
2	231483642	231463199	0
2	231503206	231497089	0
2	231513633	231508425	0
2	231529018	231523159	0
2	231711420	231711886	17
2	231711420	231711889	17
2	231737293	231732424	0
2	231738139	231732803	0
2	231738139	231737186	0
2	231739189	231737421	0
2	231739189	231738012	0
2	231739203	231738012	0
2	231781264	231739099	0
2	231781283	231778722	0
2	231781292	231739099	0
2	231781310	231739099	0
2	231781890	231739099	0
2	231786273	231781811	0
2	231807623	231808420	94
2	231925716	231921819	0
2	231926329	231925384	0
2	231926404	231925404	0
2	232015721	231978487	0
2	232334500	232334630	0
2	232334736	232335772	0
2	232335875	232336140	0
2	232335875	232336213	0
2	232335875	232336309	0
2	232335875	232336468	0
2	232350544	232349753	0
2	232379688	232379763	0
2	232381038	232379634	0
2	232381038	232379758	0
2	232381675	232380880	3
2	232416148	232415817	0
2	232421462	232420660	0
2	2324235	2284403	0
2	2324346	2284403	0
2	232456267	232456348	0
2	2324643	2284403	0
2	2324713	2284403	0
2	2324782	2284403	0
2	232480476	232479826	0
2	232480476	232480152	0
2	2324939	2284403	0
2	2324986	2281930	0
2	2324986	2301859	0
2	2324987	2284403	0
2	232522615	232522701	0
2	232582142	232580947	15
2	232582142	232581192	14
2	232582142	232581213	14
2	232584373	232581301	12
2	232584544	232581983	4
2	232584777	232584305	0
2	232584792	232581150	14
2	232586490	232584305	0
2	232586747	232581191	4
2	232586747	232584305	0
2	232591141	232586059	0
2	232591141	232586310	0
2	232591141	232586659	0
2	232595937	232584313	0
2	232595937	232590994	0
2	232606718	232590994	0
2	232610800	232595456	0
2	232610873	232586691	0
2	232610873	232595536	0
2	232610873	232595766	0
2	232610873	232595819	0
2	2326112	2284403	0
2	232611972	232586248	0
2	2326139	2284403	0
2	2326162	2284403	0
2	2326195	2284403	0
2	2326211	2284403	0
2	2326310	2302964	0
2	2326372	2284403	0
2	2326379	2284403	0
2	2326555	2284403	0
2	232662753	232662801	0
2	232761564	232760145	0
2	232767950	232761492	0
2	232771146	232768480	0
2	232771265	232768315	0
2	232771379	232766463	0
2	232771379	232768075	0
2	232771406	232768139	0
2	232776556	232770902	0
2	232776566	232771138	0
2	232776569	232770902	0
2	232875806	232875939	0
2	232876924	232878451	0
2	232881251	232878685	0
2	232881251	232879214	0
2	232882266	232881145	0
2	232883467	232882185	0
2	232883467	232882228	0
2	232883467	232882252	0
2	232885370	232883980	0
2	232885537	232883980	0
2	232888108	232884923	0
2	232888108	232885279	0
2	232888108	232885322	0
2	232893051	232891357	0
2	232894917	232892897	0
2	232901463	232894755	0
2	232905850	232894755	0
2	232920586	232894601	0
2	232920586	232894755	0
2	232970329	232927043	0
2	232974797	232970042	0
2	232974965	232970213	0
2	233012970	233013139	0
2	2331190	2303493	0
2	2331235	2284403	0
2	2331237	2284403	0
2	2331249	2284403	0
2	2331252	2284403	0
2	2331258	2172871	0
2	2331258	2284403	0
2	2331258	2326035	0
2	2331259	2303574	0
2	2331261	2284403	0
2	2331261	2305938	0
2	2331264	2284403	0
2	2331345	2284403	0
2	2331349	2284403	0
2	2331379	2284403	0
2	2331665	2326035	0
2	233230	229965	0
2	233230	230377	0
2	233230	230546	0
2	233230	231022	0
2	233230	231136	0
2	233273053	233273720	0
2	233289975	233290247	0
2	23331037	23330663	0
2	233327198	233328477	0
2	233328614	233329492	0
2	233331713	233334231	0
2	233334812	233334961	0
2	233481298	233475519	0
2	233481298	233475525	0
2	233481298	233477391	1
2	233481643	233481235	2
2	233485627	233481202	0
2	233485978	233485530	0
2	233485978	233485540	0
2	233485978	233485565	0
2	233485978	233485586	0
2	233485978	233485605	0
2	233488305	233485766	0
2	233488305	233487680	0
2	233489462	233485766	0
2	233493478	233491166	0
2	233493552	233491166	0
2	233496833	233492663	0
2	233496833	233493424	0
2	233498613	233496757	0
2	233498613	233496793	0
2	233519672	233512568	0
2	233521115	233519425	0
2	233521115	233519613	0
2	233525563	233524491	0
2	233527579	233525477	0
2	233527579	233525510	0
2	233549230	233542267	0
2	233554527	233551375	0
2	233557020	233554324	0
2	233557020	233554379	0
2	233559925	233556585	0
2	233559925	233556854	0
2	233562804	233559810	0
2	233562804	233560742	0
2	23360377	23357515	0
2	233708700	233693433	0
2	233755270	233754422	0
2	233755346	233754304	0
2	23375685	23375228	0
2	23375685	23375363	0
2	233837653	233833415	0
2	233840739	233837276	11
2	233842206	233836700	11
2	233842206	233836702	10
2	233844284	233840608	11
2	233844284	233840814	11
2	233844284	233841850	13
2	233844284	233842115	19
2	233845800	233841892	13
2	233845821	233844204	10
2	233846136	233844224	2
2	233852621	233844204	6
2	233868231	233866128	36
2	233868445	233865436	10
2	233955436	233946145	0
2	234232	230378	0
2	234273	231022	0
2	234273	232914	0
2	234273	233100	0
2	234273	233118	0
2	234273	233122	0
2	234273	233168	0
2	234450399	234444589	0
2	234455784	234455156	0
2	234496601	234493040	98
2	234745607	234743541	0
2	234884957	234882278	0
2	234887818	234834314	0
2	234887818	234834358	0
2	234887818	234884699	0
2	234888527	234887368	0
2	234888777	234887776	0
2	234888803	234887776	0
2	234907576	234887776	0
2	235085693	235084821	0
2	23524345	23507042	0
2	235774478	235773854	0
2	235777042	235773854	0
2	236167175	236165728	0
2	236167330	236165733	0
2	236168370	236165235	0
2	236196386	236194871	0
2	236214602	236196057	0
2	236214867	236196271	0
2	236237957	236214361	0
2	236237957	236214753	0
2	236254172	236250540	0
2	236264346	236241279	0
2	236264361	236247328	0
2	236264410	236237688	0
2	236331598	236324146	0
2	236331598	236324150	0
2	236331598	236324652	0
2	236332057	236324690	0
2	236333364	236324670	0
2	236368302	236363779	0
2	236377186	236368193	0
2	236380634	236377102	0
2	236380637	236377102	0
2	236380637	236377115	0
2	236392072	236377102	0
2	236392072	236380568	0
2	236392072	236380612	0
2	236392351	236391975	0
2	236399489	236392243	0
2	236399489	236392328	0
2	236412892	236399412	0
2	236419272	236399412	0
2	236441125	236399412	0
2	23669502	23667207	0
2	237050181	237048598	0
2	237085818	237059433	0
2	237097803	237098957	306
2	237124098	237122909	0
2	237325725	237324011	0
2	237325725	237324018	0
2	237325725	237324084	0
2	237325725	237324773	0
2	237330181	237324002	0
2	237333549	237325559	0
2	237334787	237332967	0
2	237334890	237333449	0
2	237339118	237336134	0
2	237340603	237338939	0
2	237341151	237339014	0
2	237357392	237354898	0
2	237357883	237357337	0
2	237357884	237356789	0
2	237372338	237368562	0
2	237375021	237371616	0
2	237375021	237371731	0
2	237377345	237374411	0
2	237379236	237376771	0
2	237381500	237376771	0
2	237381500	237377117	0
2	237388078	237386453	0
2	237388185	237380914	0
2	237396848	237380914	0
2	237422234	237421419	0
2	237433157	237428919	0
2	237510282	237510573	0
2	23754308	23748663	0
2	23754308	23748670	0
2	23754308	23751802	0
2	23754775	23754178	0
2	23755093	23754183	0
2	237575481	237574321	0
2	237575481	237574325	0
2	237575481	237574354	0
2	237575481	237574737	0
2	237575885	237574689	0
2	237577383	237575386	0
2	237577383	237575457	0
2	237577383	237576583	0
2	237579571	237575386	1
2	237586100	237578003	0
2	237586158	237574326	0
2	237586158	237577256	0
2	237586158	237578003	0
2	237586158	237585402	0
2	237590661	237586145	0
2	237590716	237586041	0
2	237590732	237585997	0
2	237590735	237586063	0
2	237590781	237578003	1
2	237591072	237585997	0
2	237591094	237585997	0
2	237601615	237590524	0
2	237772183	237772865	0
2	237772199	237772865	3
2	237820287	237821070	0
2	237820352	237821070	0
2	23786224	23782868	0
2	23788364	23785754	0
2	23788648	23782868	0
2	23788648	23786026	0
2	23788648	23786041	0
2	23806229	23799824	0
2	238091255	238093860	1
2	238091255	238094419	1
2	23809177	23806170	0
2	238093945	238094419	0
2	23810503	23798137	0
2	23810503	23806173	0
2	238127529	238127621	0
2	238164000	238164074	0
2	238164184	238164269	0
2	238171025	238170400	0
2	238171025	238170401	0
2	238171025	238170402	0
2	238171025	238170408	0
2	238173654	238170407	0
2	238173654	238170942	0
2	238173927	238170942	0
2	238183741	238182064	0
2	238184097	238183652	0
2	238184114	238183652	0
2	238184114	238183715	0
2	238184114	238183722	0
2	238189973	238188130	0
2	238194332	238184019	0
2	238194332	238188130	0
2	238194332	238189690	0
2	238194332	238189697	0
2	238194332	238189852	0
2	238194332	238189858	0
2	238194871	238189862	0
2	238194871	238194274	0
2	238194871	238194408	0
2	238203639	238194274	0
2	238203696	238194274	0
2	238227799	238224551	0
2	238227799	238225112	0
2	238227799	238225115	0
2	238227799	238225119	0
2	238229669	238227683	0
2	238231432	238227683	0
2	238231526	238227683	0
2	238231586	238227683	0
2	238231614	238227683	0
2	238231678	238227544	0
2	23823570	23819746	0
2	238239563	238238275	0
2	238239569	238238266	0
2	238239569	238238604	0
2	238239569	238238775	0
2	238239569	238238859	0
2	238239569	238239169	0
2	238239569	238239179	0
2	238239672	238239486	0
2	238239748	238238269	0
2	238239748	238239486	0
2	238239748	238239526	0
2	238239959	238239486	0
2	238240002	238239215	0
2	238240025	238239486	0
2	238249213	238244037	0
2	238255912	238252911	0
2	238261838	238260827	2
2	238262345	238261440	0
2	238262345	238261728	0
2	238262345	238261809	0
2	238275898	238273069	0
2	238277194	238275742	0
2	238277194	238275862	0
2	23827861	23823257	0
2	23828940	23823257	0
2	23828940	23823510	0
2	238298777	238295391	0
2	238300189	238298639	0
2	238300621	238299801	0
2	238427730	238427076	2
2	238433448	238433548	2
2	238446656	238451784	7
2	238450260	238451784	12
2	238551548	238510689	0
2	23857504	23833918	0
2	23857504	23856008	0
2	23869762	23867834	0
2	23875905	23869662	0
2	23875905	23869669	0
2	238789717	238788647	0
2	238919848	238919301	0
2	239053602	239048167	0
2	239053602	239048168	0
2	239053602	239053045	0
2	239066856	239054748	0
2	239066856	239055183	0
2	239066982	239054748	0
2	239081136	239068488	0
2	239081193	239068488	0
2	239082222	239080917	0
2	239082222	239081094	0
2	239087615	239084154	0
2	239090117	239087558	0
2	239095057	239089675	0
2	239095057	239090008	0
2	239095057	239091143	0
2	239102842	239095009	0
2	239102897	239094573	0
2	239102897	239094889	0
2	239102897	239095009	0
2	239108054	239102775	0
2	239108105	239102608	0
2	239108184	239102775	0
2	239126680	239115052	0
2	239126695	239115052	0
2	239134444	239115052	0
2	239134444	239126455	0
2	239134444	239126632	0
2	239134644	239134244	0
2	239134644	239134324	0
2	239134644	239134348	0
2	239163924	239156651	0
2	239176564	239163802	0
2	239176564	239163832	0
2	239190078	239176412	0
2	239190078	239176452	0
2	239190078	239186487	0
2	239236665	239189832	0
2	239236670	239189832	0
2	23927066	23895818	0
2	23927115	23895818	0
2	239298531	239236592	0
2	239298640	239236592	0
2	239309213	239236592	0
2	239352919	239236592	0
2	239352919	239236597	0
2	239895315	239892449	0
2	239976586	239958536	0
2	239982220	239960738	0
2	239990183	239895204	0
2	239990183	239957371	0
2	239990183	239960730	0
2	239990183	239960740	0
2	239990183	239961163	0
2	239990183	239969451	0
2	239990183	239973515	0
2	239990183	239982114	0
2	239990183	239983516	0
2	240014861	240007315	0
2	240014861	240011616	1
2	240017906	240014768	0
2	240018640	240007315	0
2	240018640	240011616	0
2	240018640	240014738	0
2	240018640	240014798	0
2	240018640	240017814	0
2	240021413	240018406	0
2	240021413	240018523	6
2	240021413	240018552	6
2	240022341	240021116	0
2	240022341	240021196	0
2	240022342	240021196	0
2	240025314	240021086	0
2	240047028	240045076	0
2	240130029	240126562	0
2	240131089	240129910	1
2	240134006	240130825	2
2	240134006	240130827	2
2	240134006	240131054	4
2	240134291	240130827	2
2	240136177	240133932	0
2	240136304	240133932	0
2	240136348	240133932	0
2	240136808	240133982	2
2	240140089	240139025	0
2	240140089	240139028	0
2	240228653	240227559	0
2	24023240	24023582	0
2	24032947	24029339	0
2	24039513	24029346	0
2	24039513	24032828	0
2	240450923	240449417	0
2	240451544	240449314	0
2	240456701	240449418	0
2	240456715	240450610	0
2	240463513	240464615	0
2	240466370	240466445	36
2	24047354	24037676	0
2	24047362	24037676	0
2	240481098	240479421	0
2	240481098	240479426	0
2	240481098	240479608	1
2	240482262	240480936	0
2	24049576	24038972	0
2	240500105	240480992	0
2	240500566	240499957	0
2	240507692	240500451	0
2	240507692	240500543	0
2	240507810	240500523	0
2	240512002	240500451	0
2	240512943	240500451	0
2	240520528	240512801	0
2	240520534	240512801	0
2	240520534	240519754	0
2	240524010	240520361	0
2	240524382	240520361	0
2	240524382	240523884	2
2	240525850	240521937	0
2	240525850	240521938	0
2	240525850	240523257	0
2	240525850	240523822	0
2	240525850	240523884	0
2	240525850	240524303	0
2	240526446	240525684	0
2	240527882	240521938	0
2	240529510	240525684	0
2	240529510	240525803	0
2	240529510	240526228	0
2	24053950	24054103	0
2	24053950	24054472	0
2	24054193	24054472	0
2	240553058	240525684	0
2	240553058	240526236	0
2	240553058	240529036	0
2	240553058	240529040	0
2	240553058	240532075	0
2	240555056	240552741	0
2	240555056	240552913	0
2	240555056	240553033	0
2	240555561	240525684	0
2	240557353	240554865	0
2	240557353	240554978	0
2	240557407	240554865	0
2	240557975	240554865	0
2	240560769	240554865	0
2	240560770	240554865	0
2	240560777	240529036	0
2	240561092	240525684	0
2	240561092	240554865	0
2	240561446	240554865	0
2	240561520	240563673	3
2	240562597	240563673	2
2	240563131	240563673	2
2	240569178	240554865	0
2	240569210	240554865	0
2	240573892	240574112	1
2	240574349	240574514	2
2	240574613	240575501	2
2	240574629	240575029	0
2	240574846	240575029	0
2	240575143	240575501	4
2	240575611	240576534	1
2	240575611	240576567	2
2	240591001	240591932	5
2	240591012	240591932	2
2	240596153	240596318	0
2	240596522	240596680	0
2	240679023	240676418	0
2	240679369	240678922	0
2	240679782	240676417	0
2	240680469	240676421	0
2	240680469	240676437	0
2	240680469	240676454	0
2	240680469	240677598	0
2	240680469	240679271	0
2	24068460	24067583	3
2	240718169	240713760	3
2	240718169	240713763	3
2	240718169	240713768	3
2	240718169	240713805	3
2	240718169	240713815	3
2	240718169	240713833	3
2	240718169	240715322	3
2	240718169	240715710	2
2	240718169	240716668	2
2	240718169	240716975	2
2	240718169	240716982	2
2	240718169	240716983	2
2	240718169	240716992	2
2	240718169	240717004	2
2	240718169	240717082	2
2	240718169	240717095	2
2	240718169	240717182	2
2	240718169	240717363	4
2	240719199	240718049	0
2	240719927	240719005	0
2	240720286	240719148	0
2	240721039	240719773	0
2	240721885	240720626	0
2	240721885	240720913	0
2	240726941	240723974	0
2	240726941	240725270	0
2	240728413	240726825	0
2	240734746	240726825	0
2	240737169	240725270	0
2	240737169	240726707	0
2	240737169	240726825	0
2	240737543	240726837	0
2	24074195	24068320	2
2	240744061	240742928	0
2	240744688	240742928	0
2	240745518	240743941	0
2	240745518	240744052	0
2	240758498	240750428	0
2	240758498	240757318	0
2	240760844	240757729	0
2	240760844	240758359	0
2	24076374	24073648	3
2	24076444	24074075	0
2	240769707	240769132	0
2	240771105	240769626	0
2	240771180	240769626	0
2	240771305	240769669	0
2	240772597	240769626	0
2	240772597	240770970	0
2	240772597	240770975	0
2	240773257	240770970	0
2	240773257	240771044	0
2	240773257	240771080	0
2	240775927	240774182	0
2	240776184	240774182	0
2	240780661	240775850	0
2	240781939	240775850	0
2	240782121	240775850	0
2	240782608	240774534	0
2	240782608	240775850	0
2	240788231	240787250	0
2	240789313	240788050	0
2	240789313	240788116	0
2	24079641	24077432	0
2	24079641	24077434	0
2	240797813	240789235	0
2	240797813	240789303	0
2	24081032	24077633	0
2	24081032	24079443	0
2	24081032	24079501	0
2	24083153	24080745	0
2	24083153	24080818	1
2	24085182	24082884	0
2	24085216	24084188	0
2	24085862	24084748	0
2	240888649	240886047	0
2	240888649	240886048	0
2	240888649	240886661	0
2	240896157	240891537	0
2	240896853	240895642	0
2	240896890	240895599	0
2	240955868	240954616	0
2	240956461	240955023	0
2	240959123	240957361	0
2	240959355	240959076	0
2	240959419	240959076	0
2	240959801	240959095	0
2	240986073	240981514	0
2	241010745	241010044	0
2	241033604	241015598	0
2	241052158	241052354	0
2	241064117	241033500	0
2	241071879	241073265	0
2	241087476	241088364	0
2	241089366	241072168	0
2	241089366	241075053	0
2	241090045	241087093	0
2	241090045	241087098	0
2	241090045	241087203	0
2	241090045	241087224	0
2	241090045	241088904	0
2	241090045	241089040	0
2	241090045	241089168	0
2	241090045	241089187	0
2	241090045	241089224	0
2	241090045	241089266	0
2	241090045	241089272	0
2	241090450	241089979	0
2	241092115	241090277	0
2	241094377	241090277	0
2	241094430	241089979	0
2	241094433	241089979	0
2	241094433	241090005	0
2	241094433	241091894	0
2	241095674	241089979	0
2	241096071	241094276	0
2	241096439	241094276	4
2	241097428	241089979	2
2	241097428	241094276	7
2	241097428	241095129	29
2	241097428	241095565	25
2	241097428	241095868	29
2	241097428	241096139	22
2	241097428	241096392	29
2	241097428	241096600	24
2	241099427	241097242	20
2	241099895	241090302	11
2	241099895	241094405	17
2	241099895	241097186	19
2	241099895	241097242	19
2	241101222	241097242	19
2	241102193	241099398	15
2	241102288	241099395	11
2	241102296	241099395	11
2	241102300	241097242	6
2	241102310	241099395	12
2	241102312	241089979	2
2	241102312	241099395	12
2	241102315	241099167	9
2	241102321	241094276	1
2	241102322	241096925	8
2	241102332	241097242	10
2	241102333	241094276	1
2	241102333	241097242	11
2	241102333	241099395	13
2	241107500	241106098	0
2	241107500	241106099	0
2	241107500	241106294	2
2	241107500	241106296	2
2	241108301	241107352	0
2	241108301	241107459	0
2	241108301	241107464	0
2	241115178	241112239	0
2	241115414	241112239	0
2	241115414	241113306	0
2	241115414	241113634	0
2	241115414	241115021	0
2	241115414	241115042	0
2	241122900	241115287	0
2	241127452	241123948	0
2	241127760	241126985	0
2	241133031	241126195	0
2	241134770	241126195	0
2	241136040	241132873	0
2	241137265	241135870	0
2	241137265	241135875	0
2	241138088	241137003	0
2	241138088	241137006	0
2	241138088	241137070	0
2	241138795	241137952	0
2	241139596	241138653	0
2	241140056	241138653	0
2	241140056	241138751	0
2	241140754	241139884	0
2	241140868	241139884	0
2	241143033	241138774	0
2	241143075	241138653	0
2	241143075	241140520	0
2	241143075	241140573	0
2	241149482	241138653	0
2	241149709	241150258	0
2	241149980	241149607	0
2	241182817	241183378	18
2	24119683	24115370	0
2	24119683	24115396	0
2	241223277	241223661	5
2	241223782	241223904	1
2	241223956	241224096	1
2	24122548	24121162	0
2	24122834	24122506	0
2	241229962	241227263	59
2	241229962	241227266	59
2	241229962	241229211	111
2	241229962	241229223	137
2	241229962	241229438	0
2	241229984	241229482	0
2	241230177	241229832	0
2	241230270	241229461	1
2	241230270	241229832	1
2	241230825	241230152	5
2	241230849	241230068	2
2	241230945	241229223	4
2	241230945	241230152	5
2	241231344	241230203	5
2	24123320	24121162	0
2	241233964	241230152	3
2	241233964	241230758	1
2	241233964	241230774	2
2	24123478	24122418	1
2	241235256	241233819	3
2	241235256	241233852	3
2	241235276	241233819	3
2	241235595	241233819	0
2	241235595	241235120	2
2	241235595	241235184	0
2	241235630	241235204	0
2	241236770	241235120	1
2	241238788	241236614	1
2	241239737	241238648	3
2	241239821	241238292	3
2	241239821	241238648	6
2	241239821	241238678	6
2	241240123	241239601	43
2	241240123	241239810	182
2	241240165	241239601	3
2	241242541	241239900	0
2	241242679	241239601	2
2	241242679	241239900	1
2	241242679	241239991	1
2	241242679	241240017	1
2	241242791	241239900	1
2	241246865	241242459	1
2	241246884	241242459	1
2	241247143	241246569	0
2	241247143	241246751	0
2	241247418	241246663	0
2	241248349	241248002	0
2	241249397	241248243	0
2	241249981	241248243	0
2	241249981	241248248	0
2	241249981	241248328	0
2	241250938	241248243	0
2	241253036	241249840	0
2	241253498	241252956	0
2	241253498	241252964	0
2	241253498	241252999	0
2	241255159	241249840	0
2	241255401	241249840	0
2	241255446	241255050	0
2	241255512	241255050	1
2	241255549	241253392	0
2	241255581	241255050	0
2	241256400	241255050	0
2	241256400	241255327	0
2	241256400	241255373	0
2	241256709	241256183	25
2	241256807	241256183	0
2	241256807	241256382	71
2	241256807	241256393	28
2	241262793	241256599	0
2	241262863	241256599	0
2	241262927	241256599	0
2	241262927	241256713	0
2	241262927	241256764	0
2	241264606	241262710	0
2	241264606	241262719	0
2	241264606	241262735	0
2	241264606	241262781	0
2	241264606	241262868	0
2	241264606	241262870	0
2	241264606	241262915	0
2	241264606	241262916	0
2	241264606	241262923	0
2	241266628	241264448	0
2	241266907	241264447	0
2	241266907	241264474	0
2	241266907	241264520	0
2	241266907	241264541	0
2	241266907	241266536	0
2	241267709	241266793	0
2	241268542	241266793	0
2	241268542	241266811	0
2	241268542	241266817	0
2	241268542	241266826	0
2	241268542	241266865	0
2	241268542	241267577	0
2	241268542	241267591	0
2	241268695	241266793	0
2	241268954	241268476	0
2	241269106	241268476	0
2	241269274	241268953	0
2	241269296	241268476	0
2	241269296	241268498	0
2	241269296	241268953	0
2	241269562	241268476	0
2	241271972	241268476	0
2	241272813	241269200	0
2	241272814	241268828	0
2	241272821	241268953	0
2	241272832	241268476	0
2	241272832	241268828	0
2	241272834	241269205	0
2	241272835	241268957	0
2	241272864	241268476	0
2	241272887	241268476	0
2	241273118	241268476	2
2	241302725	241268476	0
2	241315204	241268828	0
2	241315293	241268476	0
2	241315673	241268476	0
2	241315673	241269200	0
2	241315676	241269200	0
2	241315703	241268476	0
2	241315703	241269200	0
2	241315821	241269172	0
2	241315843	241268476	0
2	241316316	241316421	6
2	241317062	241268476	0
2	241335213	241335321	1
2	241337517	241337672	0
2	241353105	241351339	681
2	241493037	241493292	2
2	241493037	241494007	2
2	241493445	241494007	0
2	241494142	241494476	0
2	241495154	241493387	4
2	241496535	241492673	1
2	241496535	241494706	2
2	241496535	241495016	0
2	241496535	241495018	0
2	241496535	241495021	0
2	241496535	241495049	0
2	241496535	241495248	0
2	241496535	241495447	0
2	241496535	241495489	0
2	241496535	241495537	0
2	241496539	241495045	0
2	241497379	241496397	0
2	241497688	241496395	0
2	241497688	241496397	0
2	241497688	241497181	0
2	241497688	241497299	0
2	241498250	241497615	0
2	241498333	241497332	0
2	241498350	241497615	0
2	241498733	241497615	0
2	241498785	241497615	0
2	241498785	241498234	0
2	241499175	241498509	0
2	241499175	241498638	0
2	241499175	241498669	0
2	241499175	241498742	10
2	241499191	241498638	0
2	241499321	241498988	0
2	241499415	241498988	3
2	241499415	241499032	15
2	241499973	241498988	2
2	241500245	241499256	2
2	241500282	241499256	0
2	241500282	241499322	0
2	241500282	241499386	2
2	241500797	241499406	2
2	241500797	241500046	2
2	241500797	241500142	2
2	241500797	241500171	2
2	241500797	241500172	2
2	241500848	241500259	2
2	241500872	241499902	0
2	241501078	241500172	0
2	241501527	241500739	0
2	241501699	241500739	2
2	241501709	241500739	2
2	241501709	241500762	2
2	241501709	241500859	2
2	241501800	241500739	2
2	241501800	241500779	2
2	241502004	241501477	7
2	241504097	241501516	1
2	241508136	241500739	1
2	241508136	241501356	0
2	241508136	241501392	0
2	241508136	241501477	0
2	241508333	241501477	0
2	241508334	241500172	1
2	241508363	241500739	0
2	241508363	241501477	0
2	241508596	241501477	1
2	241508625	241501477	1
2	241508696	241501477	0
2	241509299	241500172	0
2	241509327	241501477	0
2	241509573	241501477	0
2	241509731	241501477	0
2	241558978	241544402	0
2	241594731	241591950	0
2	241602000	241584404	0
2	241602000	241584426	0
2	241602171	241584419	0
2	241603080	241584427	0
2	241651112	241651263	0
2	24166564	24165883	0
2	241671406	241672190	4
2	241671426	241672190	4
2	241671442	241672190	2
2	241678650	241675741	0
2	241678650	241675746	0
2	241678650	241676119	3
2	241678650	241676122	3
2	241678650	241676177	3
2	24168058	24166441	0
2	241682334	241678451	4
2	241682916	241680228	5
2	241684750	241678451	2
2	241685878	241678451	3
2	241685878	241680228	3
2	241685878	241681918	4
2	241685878	241682154	4
2	241685878	241682798	4
2	241685878	241684715	21
2	241686713	241685768	8
2	241686726	241685806	6
2	241686743	241685768	6
2	241686782	241685115	17
2	241686945	241685768	8
2	241686992	241685768	8
2	241725694	241724614	0
2	241726784	241727742	0
2	241727946	241728499	0
2	241735499	241734714	4
2	24174784	24167819	0
2	241748943	241749298	0
2	241749009	241749293	0
2	241749930	241750150	3
2	24175006	24169948	0
2	241755610	241755848	1
2	241755741	241754792	0
2	241801908	241800915	0
2	241810515	241809109	0
2	241810638	241808311	0
2	241811218	241809697	0
2	241814686	241814891	0
2	241814686	241816050	0
2	241815148	241815540	0
2	241815148	241816050	0
2	241816255	241816383	0
2	241851984	241849880	0
2	241851984	241850696	0
2	241851984	241851232	0
2	241897335	241893984	0
2	241897335	241893988	0
2	241897335	241894036	0
2	241971282	241971374	0
2	241972170	241972451	0
2	24201699	24199838	0
2	242026177	242025182	0
2	24204419	24202863	0
2	24204419	24202866	0
2	24204419	24203281	0
2	242048284	242047694	0
2	24205298	24204244	0
2	24205298	24204362	0
2	24205694	24202863	0
2	24206276	24205213	0
2	24208320	24205213	0
2	24208320	24205265	0
2	242084139	242060296	0
2	24216233	24212649	0
2	24218014	24216048	0
2	24221067	24217906	0
2	24246321	24220318	0
2	24246321	24220944	0
2	24246321	24238932	0
2	24275850	24271765	0
2	24286352	24275712	0
2	24286352	24284762	0
2	242872	234159	0
2	24293776	24286211	0
2	24293776	24286322	0
2	24295712	24293260	0
2	24295805	24293687	0
2	24310381	24308616	0
2	24310381	24308877	0
2	24310693	24310283	0
2	24310693	24310343	0
2	24312376	24310488	0
2	24312376	24311619	0
2	243563	234159	0
2	243563	239560	0
2	24360310	24328051	0
2	24360473	24328051	0
2	24360491	24328051	0
2	24360509	24328051	0
2	24360510	24328051	0
2	24360715	24328051	0
2	247603	234159	0
2	24791607	24790262	0
2	24792585	24790204	0
2	24793054	24792383	0
2	24793075	24790265	0
2	24793076	24792433	0
2	24793091	24790274	0
2	24793165	24793305	335
2	24793383	24789733	0
2	24820452	24819368	41
2	24820797	24820383	14
2	24820849	24819168	8
2	24820849	24819171	8
2	24821641	24820245	9
2	24821641	24820723	9
2	24822631	24821516	6
2	24826127	24824377	6
2	24826130	24824377	6
2	24827609	24824377	7
2	24827609	24826044	6
2	24827609	24826046	3
2	24828024	24827545	0
2	24828162	24827545	0
2	24828162	24827562	0
2	24830826	24827545	0
2	24834937	24834484	1
2	24837046	24834793	0
2	24837046	24834925	0
2	24838623	24836916	0
2	24838623	24836952	0
2	24838623	24836981	0
2	24840032	24838444	0
2	24840032	24838846	0
2	24840604	24839872	0
2	24841387	24839872	0
2	24841387	24840006	0
2	24841637	24841258	0
2	24841668	24841258	0
2	24841668	24841324	0
2	24919185	24842253	0
2	24919187	24872569	0
2	24919513	24918651	25
2	24919840	24842253	0
2	24919840	24872569	0
2	24919840	24918312	8
2	24951555	24943635	0
2	24951555	24947358	0
2	24953636	24951393	0
2	24957166	24943635	0
2	24957166	24951393	0
2	24957166	24951509	0
2	24957975	24957042	0
2	24958602	24957809	0
2	24958602	24957819	0
2	24963475	24957809	0
2	24963475	24957865	0
2	24963475	24958546	0
2	24967294	24963114	0
2	24967294	24963404	0
2	24971614	24967210	0
2	24971617	24967210	0
2	24971860	24967210	0
2	24972063	24967210	0
2	24972095	24967210	0
2	249845	247537	0
2	25035328	25035562	0
2	25081330	25079900	0
2	25164793	25160852	0
2	25164793	25161052	0
2	25164793	25161145	0
2	25164823	25160914	0
2	25164823	25160984	0
2	25235826	25227854	0
2	25235826	25232975	0
2	25235826	25232976	0
2	25235826	25234196	0
2	25237006	25235706	0
2	25237006	25235784	0
2	25239216	25235705	0
2	25239216	25236929	0
2	25239216	25236935	0
2	25239216	25236973	0
2	25239514	25239129	0
2	25240451	25239129	0
2	25240451	25239175	0
2	25240731	25239129	0
2	25245333	25244539	0
2	25246065	25245252	0
2	25246065	25245261	0
2	25246777	25246159	0
2	25247159	25246619	0
2	25247159	25246756	0
2	25247567	25246673	0
2	25247750	25247049	0
2	25247750	25247050	0
2	25247900	25247050	0
2	25282712	25275499	0
2	25300244	25281451	0
2	25300244	25282440	0
2	253042	249730	0
2	253114	249730	0
2	253116	249730	0
2	253116	249804	0
2	25341886	25313912	0
2	25342490	25313912	0
2	25342591	25313912	0
2	25375846	25369172	0
2	25379324	25377197	0
2	25379324	25377242	0
2	25379324	25377244	0
2	25379324	25377257	0
2	25379324	25377283	0
2	25379914	25377312	0
2	25383890	25379289	0
2	25386096	25379289	0
2	25387379	25379289	0
2	25387379	25383835	0
2	25388362	25379289	0
2	25388362	25383682	0
2	25388362	25383835	0
2	25388362	25387193	0
2	25388362	25387288	0
2	25388641	25387223	0
2	25419536	25388201	0
2	25427632	25388201	0
2	25427632	25388260	0
2	25427632	25388317	0
2	25427632	25419101	0
2	25427632	25419514	0
2	25428017	25388201	0
2	25433000	25427534	0
2	25433996	25432885	0
2	25451636	25433909	0
2	25577005	25531472	0
2	25580827	25576515	0
2	25580827	25576563	0
2	25580827	25576828	0
2	25580827	25576837	0
2	25580827	25576952	0
2	25596241	25580720	0
2	25596241	25594888	0
2	25596457	25580720	0
2	25599044	25596085	0
2	25607294	25596085	0
2	25607322	25580720	0
2	25607322	25596085	0
2	25607322	25596123	0
2	25628385	25580720	0
2	25628385	25596085	0
2	25628385	25607235	0
2	25628385	25607257	0
2	25628385	25607286	0
2	256341	253004	0
2	25639095	25580720	0
2	25639095	25628170	0
2	25639329	25628170	0
2	25652662	25628182	0
2	256691	253004	0
2	25744477	25741924	11
2	25750414	25733752	0
2	25750414	25737691	0
2	25750414	25743827	0
2	25768869	25767582	0
2	25771541	25768741	0
2	25771541	25768761	0
2	25830892	25806228	0
2	25835541	25806228	0
2	25845564	25806228	0
2	25878467	25845480	0
2	25878517	25845480	0
2	25929478	25926595	20
2	25929478	25926601	18
2	25929478	25928752	14
2	25930061	25929418	4
2	25930064	25929304	1
2	25951906	25929954	0
2	25951906	25934032	0
2	25951906	25938234	0
2	25951920	25929954	0
2	25954386	25951369	0
2	25954386	25951788	0
2	25955664	25954130	0
2	25955664	25954266	0
2	26028613	26028207	0
2	260703	253004	3
2	260709	253004	3
2	261131	253004	2
2	261324	256206	2
2	26141265	26140262	0
2	26187316	26187714	8
2	26191629	26190634	3
2	26191629	26190654	3
2	26191629	26190880	124
2	26191629	26190888	177
2	26191629	26190921	228
2	26191629	26191058	5
2	26191629	26191249	4
2	26192425	26190654	0
2	26192425	26190670	0
2	26192425	26191482	0
2	26212627	26209779	0
2	26212627	26210544	0
2	26212627	26210694	0
2	26214450	26212569	0
2	26214562	26211936	0
2	26214562	26212569	0
2	26214577	26212569	0
2	26215176	26212569	0
2	26232280	26230191	0
2	26234356	26230191	0
2	26234356	26232159	2
2	26234356	26232201	2
2	262751	253004	5
2	262787	253004	4
2	262787	260084	7
2	262787	260803	3
2	26309108	26308511	0
2	26309582	26308172	0
2	26309582	26308175	0
2	26309582	26308394	0
2	26309582	26308965	0
2	26310106	26309215	0
2	26310106	26309525	0
2	26310238	26309943	0
2	26310238	26310042	0
2	26316449	26315521	0
2	26317056	26314413	0
2	26317056	26316243	0
2	26317056	26316274	0
2	26317563	26316911	0
2	26317563	26316973	0
2	263373	253004	2
2	263373	260342	6
2	263373	260511	7
2	26345803	26317495	0
2	26345815	26340364	0
2	26346311	26317495	0
2	26346433	26317495	0
2	26346744	26313759	0
2	26346769	26346120	6
2	26346818	26317495	0
2	26389068	26389070	15
2	263984	253004	4
2	264033	253004	3
2	264066	253004	2
2	264159	256206	1
2	26430654	26430785	0
2	264393	253004	2
2	264569	253004	2
2	26460206	26457202	0
2	26460748	26457202	0
2	26460748	26457203	0
2	26460748	26460007	0
2	26460748	26460024	0
2	26463572	26462082	0
2	26464107	26463482	0
2	26464107	26463505	0
2	26472590	26471120	0
2	26472650	26471120	0
2	26473295	26471120	0
2	26473295	26472331	0
2	26473295	26472518	0
2	264744	262200	0
2	264811	253004	4
2	264811	262630	2
2	264811	263210	0
2	264811	263563	0
2	264825	253004	4
2	264867	253004	4
2	2656631	2641988	0
2	26577629	26578776	0
2	26577629	26579293	0
2	26578854	26579293	0
2	26582914	26581201	0
2	26582914	26581206	0
2	26582914	26581339	0
2	266399	260256	2
2	26673524	26671253	0
2	26692769	26692870	0
2	26986557	26984775	0
2	26986557	26984777	0
2	27009808	26950307	0
2	27013974	26996871	0
2	27014093	27011768	0
2	27014562	27013809	0
2	27014589	26996871	0
2	27014613	27013934	0
2	27023478	27024095	0
2	27035729	27035969	4
2	27037703	27037789	4
2	27037703	27037814	4
2	27039838	27040029	4
2	27040199	27040344	7
2	27040955	27041243	143
2	27050265	27049682	2
2	27071464	27070471	0
2	27071650	27070486	5
2	27086913	27087119	19
2	27099285	27099419	16
2	27099578	27099664	13
2	27100543	27098888	2
2	27100543	27099786	1
2	27101889	27100415	19
2	27101889	27101078	20
2	27102151	27101787	3
2	27102222	27098888	2
2	27102222	27100415	6
2	27102222	27100593	3
2	27102222	27101026	15
2	27102222	27101112	22
2	27102222	27101225	26
2	27102222	27101512	3
2	27102431	27102096	0
2	27102592	27102014	0
2	27102592	27102359	0
2	27104360	27102116	0
2	27104378	27102525	0
2	27104738	27102525	0
2	27129128	27129315	0
2	27130154	27130250	0
2	27131832	27130755	4
2	27131832	27130764	7
2	27131832	27130774	9
2	27131832	27130790	17
2	27131832	27131439	5
2	27132083	27130755	2
2	27132083	27131158	2
2	27132621	27132229	0
2	27132728	27131671	2
2	27132728	27132009	0
2	27132728	27132229	0
2	27132924	27132510	0
2	27132924	27132602	0
2	27133338	27132842	0
2	27133655	27133116	2
2	27133722	27132842	6
2	27133722	27133116	2
2	27134630	27132842	1
2	27134637	27133123	4
2	27134667	27133116	2
2	27138695	27136914	0
2	27139023	27136847	0
2	27139023	27138305	0
2	27159230	27158562	0
2	27200580	27199588	91
2	27201114	27199586	0
2	27201114	27200104	4
2	27201114	27200435	0
2	27201454	27200997	1
2	27201454	27201101	1
2	27201848	27201349	3
2	27201848	27201411	4
2	27202075	27199586	0
2	27202075	27201665	1
2	27202075	27201711	1
2	27202075	27201783	1
2	27203050	27200997	2
2	27205505	27204790	2
2	27206094	27205349	2
2	27206094	27205406	2
2	27206320	27205134	1
2	27206535	27206025	0
2	272066	272191	0
2	27206943	27206025	0
2	27206943	27206482	0
2	27207791	27206876	2
2	27207791	27206893	2
2	27207791	27206936	13
2	27208449	27207414	0
2	27208687	27207257	0
2	27211534	27207257	0
2	27211534	27207303	1
2	27211534	27207474	0
2	27211534	27207534	0
2	27211534	27207569	0
2	27226320	27226524	0
2	27233537	27233625	0
2	27239799	27240095	2
2	27242776	27242871	0
2	27256521	27253683	0
2	27256521	27254571	0
2	27256521	27255385	0
2	27256894	27253846	0
2	27256894	27256385	0
2	27257353	27256787	0
2	27257353	27256803	0
2	27257821	27256787	0
2	27258059	27257153	0
2	27258059	27257201	0
2	27258308	27257153	0
2	27258308	27257904	0
2	27258308	27257905	0
2	27258308	27257996	0
2	27258308	27258003	0
2	27258308	27258039	0
2	27258584	27256787	0
2	27278016	27278187	0
2	27308446	27307399	0
2	2730958	2729907	0
2	27311952	27309491	0
2	27311952	27309493	0
2	27311952	27309539	0
2	27311952	27309645	0
2	27311952	27309706	0
2	27311952	27309794	0
2	27311952	27309849	0
2	27311952	27309903	0
2	27311952	27311494	4
2	27312247	27309491	0
2	27312247	27311898	0
2	27312247	27311934	0
2	27312454	27312213	0
2	27312590	27309491	0
2	27312590	27309529	0
2	27312590	27311898	0
2	27312590	27312146	0
2	27312590	27312213	0
2	27312773	27311898	0
2	27312773	27311929	0
2	27312773	27312213	0
2	27312773	27312247	0
2	27312773	27312299	0
2	27312773	27312493	0
2	27312987	27312493	0
2	27313075	27312679	0
2	27313110	27312213	0
2	27313110	27312679	0
2	27313155	27312679	0
2	27313157	27312679	0
2	27316187	27312993	0
2	27317174	27316158	0
2	27317235	27312213	0
2	27317235	27312679	0
2	27317235	27312993	0
2	27317235	27315715	0
2	27322523	27312679	0
2	27322523	27312993	1
2	27322523	27316790	1
2	27322523	27317077	0
2	27322565	27312993	1
2	27323055	27322447	0
2	27323063	27322447	0
2	27323064	27322447	0
2	27323068	27322447	0
2	27323073	27322447	0
2	27323078	27321958	0
2	27323082	27322447	0
2	27323084	27322447	0
2	27323098	27322447	0
2	27323103	27322447	0
2	27325681	27312679	0
2	27327285	27325848	4
2	27327285	27325853	0
2	27327285	27326292	17
2	27327285	27326391	10
2	27327285	27326496	10
2	27328090	27327176	0
2	27328189	27327181	0
2	27328190	27327176	0
2	27328491	27327176	1
2	27328597	27328036	1
2	27328851	27328467	0
2	27328932	27328036	1
2	27328932	27328320	1
2	27328932	27328404	1
2	27328932	27328467	0
2	27333785	27329378	0
2	27333785	27333604	5
2	27335707	27333973	0
2	27336029	27335597	0
2	27336089	27336215	0
2	27336426	27335627	0
2	27336426	27335916	2
2	27336768	27335935	0
2	27337309	27335916	0
2	27337343	27336197	0
2	27337343	27336332	0
2	27337559	27337243	0
2	27338021	27337480	0
2	27338260	27337480	0
2	27342234	27337925	0
2	27343148	27341947	2
2	27343579	27342825	2
2	27343579	27342990	53
2	27343633	27342825	1
2	27350633	27343330	0
2	27356187	27343307	0
2	27356493	27343307	0
2	27357035	27343307	0
2	27364899	27364351	0
2	27364899	27364362	4
2	27364899	27364376	2
2	27364899	27364380	2
2	27364899	27364398	0
2	27365083	27364357	0
2	27366937	27364717	0
2	27367202	27366758	0
2	27367296	27366762	2
2	27367560	27367073	2
2	27367560	27367169	0
2	27367803	27367456	0
2	27367823	27367456	0
2	27367823	27367745	0
2	27368114	27367745	2
2	27368140	27367745	2
2	27368140	27367804	2
2	27368464	27367745	5
2	27368464	27368024	5
2	27368728	27368371	5
2	27368734	27368371	5
2	27368734	27368412	4
2	27369210	27368653	4
2	27369213	27365557	0
2	27369213	27368653	3
2	27369546	27369005	0
2	27369550	27368653	3
2	27369550	27369005	0
2	27369920	27368669	0
2	27370324	27369005	0
2	27372741	27373039	1
2	27374176	27374345	3
2	27374759	27375060	3
2	27378616	27377723	63
2	27378994	27378466	20
2	27379055	27377230	7
2	27379055	27377234	7
2	27380249	27378466	6
2	27380249	27378730	3
2	27380445	27378466	2
2	27382229	27381193	12
2	27382229	27381194	12
2	27387159	27384672	0
2	27387159	27386193	0
2	27409556	27384974	1
2	27409576	27386595	0
2	27409688	27387088	0
2	27434763	27435132	0
2	27435747	27436752	0
2	27440509	27440651	1
2	27442764	27442841	0
2	27444062	27444185	0
2	27444062	27444188	0
2	27445106	27444370	0
2	27445106	27444376	0
2	27445106	27444397	0
2	27445450	27445013	0
2	27445450	27445019	0
2	27445630	27445443	0
2	27445844	27445295	0
2	27445989	27445744	0
2	27446197	27445744	0
2	27446206	27445306	0
2	27446356	27445928	0
2	27447577	27445940	0
2	27447635	27446259	0
2	27447658	27446259	0
2	27447923	27446259	0
2	27449032	27447811	0
2	27449381	27448914	0
2	27453514	27449997	0
2	27453514	27453136	0
2	27453514	27453137	0
2	27456654	27454566	0
2	27457977	27457638	0
2	27458224	27457638	0
2	27458224	27457840	0
2	27458224	27457892	0
2	27458869	27457840	0
2	27465519	27463096	0
2	27465883	27465410	0
2	27466082	27465201	0
2	27471096	27465745	0
2	27471278	27470780	0
2	27472363	27470812	1
2	27472363	27470927	2
2	27476727	27471686	0
2	27476727	27472011	0
2	27476727	27472249	0
2	27477321	27472342	0
2	27483938	27483579	0
2	27484267	27483871	0
2	27485131	27483882	0
2	27485131	27484226	0
2	27492791	27491882	0
2	27493479	27491900	0
2	27493479	27492665	0
2	27493479	27492712	0
2	27506580	27506787	0
2	27583527	27583657	0
2	27628879	27626928	9
2	27628892	27627859	5
2	27629013	27625638	6
2	27655603	27650811	10
2	27655603	27653051	2
2	27655603	27653062	2
2	27655603	27653069	2
2	27715733	27705785	0
2	27827756	27781363	0
2	27827756	27781572	0
2	27827756	27809686	0
2	27858572	27848033	0
2	27861547	27858500	0
2	27870891	27858438	0
2	27891099	27858438	0
2	28309980	28307690	0
2	283176	279557	0
2	283176	279765	0
2	283176	279928	0
2	283176	279950	0
2	2837007	2834263	0
2	28387912	28384408	0
2	28394673	28384408	0
2	28450185	28448166	0
2	286204	283110	0
2	286344	286122	0
2	28664541	28633281	0
2	286920	286289	0
2	2871232	2870557	0
2	287300	286289	0
2	28731738	28709324	0
2	28731984	28722439	0
2	287324	286289	0
2	287346	285938	0
2	28736206	28708952	0
2	28751925	28752037	0
2	287608	286289	0
2	287688	286289	0
2	287893	286289	0
2	28850406	28849820	0
2	28850406	28849839	1
2	28851284	28850327	0
2	28851299	28850327	0
2	28852500	28850327	0
2	28852500	28851071	0
2	28852500	28851190	0
2	28852500	28851268	0
2	2897305	2895047	0
2	29045411	29051755	0
2	29061656	29060975	0
2	29062156	29061489	0
2	29074262	29061691	0
2	29097526	29096842	0
2	29131398	29132151	0
2	29196861	29192773	0
2	29196861	29192776	0
2	29196861	29192793	0
2	29196861	29193206	0
2	29222409	29220705	0
2	29222409	29220869	0
2	29286835	29286409	0
2	29297058	29275401	0
2	29695015	29531914	0
2	29921567	29717577	0
2	30119850	30051065	0
2	30119850	30111174	0
2	30136334	30119767	0
2	30136351	30132344	0
2	30140667	30119767	0
2	306492	305624	0
2	306523	305474	0
2	306597	305472	0
2	306838	305842	0
2	307154	305559	0
2	307158	305840	0
2	307181	305110	0
2	30730787	30722770	0
2	30730787	30729540	0
2	30741965	30738399	0
2	30742360	30741373	0
2	30742360	30741907	0
2	30743519	30742325	0
2	30743536	30742325	0
2	30743580	30742325	0
2	30745735	30742325	0
2	30745735	30743143	0
2	30745735	30743382	0
2	30751227	30745722	0
2	30751252	30745722	0
2	30758138	30754289	0
2	30763157	30758045	0
2	30764307	30763081	0
2	30770450	30764131	0
2	30770450	30764247	0
2	307784	305494	0
2	308268	305840	0
2	30888846	30887625	0
2	30912343	30910466	0
2	30912343	30910467	0
2	30912343	30910598	0
2	30912343	30910698	0
2	309184	305840	0
2	30924264	30912222	0
2	30924298	30912222	0
2	30924824	30912222	0
2	30924824	30924118	0
2	30924824	30924197	0
2	30929488	30912222	0
2	30929488	30924739	0
2	30929488	30924784	0
2	30932195	30929394	0
2	309350	306224	0
2	309380	306058	0
2	309408	306224	0
2	30942305	30932067	0
2	30942305	30932166	0
2	30945871	30944857	0
2	30955685	30945782	0
2	30955740	30932067	0
2	30955740	30932116	0
2	30955740	30945782	0
2	30955740	30945841	0
2	30955978	30955617	0
2	30955978	30955729	0
2	30958465	30955911	0
2	30958465	30955928	0
2	30966303	30958396	0
2	30991210	30966203	0
2	30993008	30958396	0
2	30993008	30966203	0
2	30993008	30966271	0
2	30993008	30966276	0
2	310335	308936	0
2	310394	308832	0
2	310394	308911	0
2	310394	308950	0
2	310394	308971	0
2	310394	308980	0
2	310394	309000	0
2	310394	309022	0
2	310394	309030	0
2	310500	308936	0
2	310500	308971	0
2	310500	308986	0
2	310500	309119	0
2	310500	309217	0
2	310500	309220	0
2	31073176	30992837	0
2	31079067	31065124	0
2	31114828	30958396	0
2	31114828	30966203	0
2	31114828	30992837	0
2	31125254	30966203	0
2	31125254	30992837	0
2	31129641	30992837	0
2	31132713	30992837	0
2	31138056	30992837	0
2	31138504	30992837	0
2	31138727	30992837	0
2	31147111	30992837	0
2	311658	310214	0
2	31176643	31173055	0
2	31176643	31174680	0
2	31233859	31226527	0
2	313158	308971	0
2	313158	310214	0
2	313158	310295	0
2	313164	310214	0
2	3133106	3131580	0
2	31337818	31334320	3
2	31383153	31381632	0
2	31383848	31383000	0
2	31383848	31383081	0
2	313885	310214	0
2	314049	310214	0
2	314050	310214	0
2	314102	310214	0
2	314108	310214	0
2	314329	310214	0
2	314361	310214	0
2	314368	310214	0
2	3145781	3131984	0
2	31529458	31522479	0
2	31581068	31533602	0
2	31794106	31793822	0
2	31869953	31865059	1
2	31869953	31867808	1
2	31869953	31867822	1
2	31869953	31867826	1
2	31869953	31867977	1
2	31883463	31869847	0
2	31892135	31869850	0
2	31892135	31883385	0
2	31893322	31892052	0
2	31918038	31869847	0
2	31918038	31891991	0
2	3192582	3188924	0
2	3192582	3189324	2
2	3192582	3189459	2
2	31932136	31920797	0
2	31932136	31923515	0
2	3194167	3192413	2
2	31943384	31891991	0
2	31943384	31920797	0
2	3194392	3192413	3
2	3197018	3193998	0
2	3197018	3194011	0
2	3197018	3194082	0
2	32010265	31943301	0
2	32010376	31943301	0
2	32010418	31943301	0
2	32010499	31943301	0
2	32010558	31943301	0
2	32010975	32010186	0
2	32011037	31943301	0
2	32011231	32010186	0
2	32023475	31943301	0
2	32023475	32011885	0
2	32023475	32011906	0
2	32023475	32020939	0
2	32023475	32021019	0
2	32029737	32023421	0
2	32029737	32023676	0
2	32029737	32023891	0
2	32029737	32024101	0
2	32127023	32128407	0
2	3214170	3196880	0
2	3214249	3196880	0
2	3214249	3207803	0
2	3214453	3196910	0
2	32235569	32224452	0
2	32235569	32224453	0
2	32235569	32224454	0
2	32235569	32224455	0
2	32379600	32377630	0
2	32558884	32557272	0
2	3257456	3214148	0
2	3257456	3214185	0
2	32574819	32557519	0
2	3257560	3214148	0
2	3261828	3257298	0
2	3274420	3257298	0
2	3282827	3257298	0
2	3301466	3298340	0
2	33061423	33056332	0
2	3318959	3257350	0
2	3318959	3261916	0
2	33275091	33275800	0
2	33281068	33274464	0
2	3338150	3214148	0
2	3338150	3257298	0
2	3338150	3274338	0
2	33539324	33539959	0
2	3354634	3214148	0
2	33563548	33555046	0
2	33585698	33583657	20
2	33585698	33583661	19
2	33585698	33584888	17
2	33586679	33583669	10
2	33586679	33585529	6
2	33586679	33585613	8
2	33586870	33585529	7
2	33587321	33585529	2
2	33587321	33586561	6
2	33587321	33586670	3
2	33587642	33586561	5
2	33592215	33587239	1
2	33592215	33588334	2
2	33595638	33591922	2
2	33595638	33592079	3
2	33599278	33595486	0
2	33599285	33595488	0
2	33599292	33595488	0
2	33599363	33595488	0
2	33599383	33595488	0
2	33723514	33722720	0
2	33727565	33723282	0
2	3377801	3214148	0
2	34139049	34134370	0
2	34694299	34692289	0
2	34700879	34700358	0
2	34737119	34734974	0
2	3482410	3481241	0
2	34999023	34998272	0
2	3500817	3498660	0
2	3500994	3497360	0
2	3500994	3498452	0
2	35159156	35159546	0
2	3533191	3531983	0
2	3533191	3531988	0
2	3533371	3531989	0
2	3533783	3533107	1
2	3534144	3533107	0
2	3534256	3531812	0
2	3534256	3533223	1
2	3545872	3531983	0
2	3547958	3545804	1
2	3548056	3544792	0
2	3548056	3545114	0
2	3550473	3549057	1
2	3552309	3550123	3
2	3552309	3550372	2
2	3552309	3550373	2
2	3575351	3575556	1
2	3575351	3575591	1
2	3575449	3575591	2
2	3575449	3575600	2
2	3575889	3576486	5
2	3575889	3576558	6
2	3575889	3576609	6
2	3575889	3577709	7
2	3576631	3577709	7
2	3577775	3580109	15
2	3580261	3580804	36
2	3604243	3603396	0
2	36378526	36378853	2
2	36552169	36551426	0
2	36552269	36531804	5
2	36554263	36552710	2
2	36555749	36552055	2
2	36555749	36552257	4
2	36555749	36552262	4
2	36555749	36552293	4
2	36555749	36552303	4
2	36555749	36552782	6
2	36555749	36552946	4
2	36555749	36554169	3
2	36556061	36555682	1
2	36558514	36555682	0
2	36558514	36555687	0
2	36558638	36555288	0
2	36559256	36552257	1
2	36578866	36555682	0
2	36591012	36583352	0
2	36594567	36590902	0
2	36598143	36590902	0
2	36598167	36590902	0
2	36598192	36590902	0
2	36646088	36590902	0
2	36849801	36843639	5
2	36849801	36849405	5
2	36867862	36861131	0
2	36869730	36867813	0
2	36878028	36869553	0
2	36878028	36869702	0
2	3695266	3695716	0
2	36988860	36968382	0
2	36988860	36980896	0
2	37008849	37007049	0
2	37013996	37008167	0
2	37014021	37008610	0
2	37041293	37040328	0
2	3704154	3702584	0
2	37049844	37041023	0
2	37049844	37041132	0
2	37072282	37070229	0
2	37075635	37072109	0
2	37076165	37072211	0
2	37104133	37101934	35
2	37107396	37104014	32
2	37107528	37099209	23
2	37107528	37105142	29
2	37107528	37107257	0
2	37107528	37107272	0
2	37107528	37107345	0
2	37137018	37135483	0
2	37138364	37136728	0
2	37138364	37136982	0
2	37139758	37138508	0
2	37141702	37139630	0
2	37141702	37139723	0
2	37146962	37141552	0
2	37146974	37141552	0
2	37146974	37141634	0
2	37148916	37147687	0
2	37148940	37147687	0
2	37148989	37147687	0
2	37149024	37147687	0
2	37149258	37147687	0
2	37157033	37148856	0
2	37157048	37147687	0
2	37157048	37148856	0
2	37157066	37148856	0
2	37171591	37167819	0
2	37171591	37167934	0
2	37188548	37187354	0
2	37188641	37187354	0
2	37189946	37188476	0
2	37191254	37188476	0
2	37196083	37191156	0
2	37196574	37191220	0
2	37196599	37188441	0
2	37201093	37201641	4
2	37201727	37201862	21
2	37202866	37201611	144
2	37202866	37201783	66
2	37203009	37202783	123
2	37211083	37202949	4
2	37212040	37210998	1
2	37212109	37210998	1
2	37212393	37211842	4
2	37213962	37212334	1
2	37216209	37214885	2
2	37216419	37216139	2
2	37229037	37223169	2
2	37231370	37228607	1
2	37231714	37227543	0
2	37241638	37242634	2
2	37241792	37242634	0
2	37254290	37250501	0
2	37254290	37250504	0
2	37256930	37254203	0
2	37259682	37256661	0
2	37259682	37256697	0
2	37260385	37259582	0
2	37267537	37259582	0
2	37267537	37260222	0
2	37267537	37260355	0
2	37268373	37267429	1
2	37269688	37267429	0
2	37269688	37268300	0
2	37272424	37269614	0
2	37272433	37267564	0
2	37272433	37269614	0
2	37282620	37279745	0
2	37286370	37282305	0
2	37286370	37282541	0
2	37289514	37286176	0
2	37289514	37286231	0
2	37293272	37290867	0
2	37316389	37292987	0
2	37317024	37293132	0
2	37317080	37293132	0
2	37317180	37293132	0
2	37317895	37316236	2
2	37324371	37316813	1
2	37324809	37293132	0
2	37343797	37339956	0
2	37642928	37644416	109
2	37644442	37646675	495
2	37647659	37646545	0
2	37672192	37641888	2
2	37672200	37645940	0
2	37672536	37641881	0
2	37688176	37646483	0
2	37688850	37684482	0
2	37719945	37688078	0
2	37829039	37826246	0
2	37829039	37827608	0
2	37865279	37828932	0
2	37865279	37840037	0
2	37963156	37950000	0
2	37963156	37950029	0
2	37963194	37949910	0
2	37963194	37949976	0
2	37963194	37950226	0
2	37963194	37950238	0
2	37976366	37963095	0
2	38017236	38017577	3
2	38029921	37963091	0
2	38029921	37963095	0
2	38029921	38026978	0
2	38029921	38028086	0
2	38030475	38029823	0
2	38030826	38030424	0
2	38036190	38029854	0
2	38036261	37963095	0
2	38036268	37963091	0
2	38036268	38029345	0
2	38036268	38029808	0
2	38036268	38029854	0
2	38036268	38030318	0
2	38036268	38030686	0
2	38036291	38029854	0
2	38036291	38030224	0
2	38036298	38032868	0
2	38036300	38029854	0
2	38036342	38029854	0
2	38036645	38035887	0
2	38036645	38036149	0
2	38067042	38036583	0
2	38069274	38066972	0
2	38070698	38069177	0
2	38073937	38070986	1
2	38074409	38071175	1
2	38075390	38067506	1
2	38075390	38070481	1
2	38076077	38074345	3
2	38076155	38074345	3
2	38076155	38074958	2
2	38076182	38074345	3
2	38109903	38070065	0
2	38121891	38121984	0
2	38138600	38132636	0
2	38239591	38203362	0
2	38296701	38295153	11
2	38296701	38296482	11
2	38298576	38294879	10
2	38298576	38295608	13
2	38298576	38295900	16
2	38298576	38295907	15
2	38298576	38296685	19
2	38299328	38297930	4
2	38299328	38298143	2
2	38299328	38298217	2
2	38309507	38300271	0
2	38310448	38309378	0
2	38310448	38309430	0
2	38314655	38313150	0
2	38314665	38313150	0
2	38315335	38314607	0
2	38315335	38314608	0
2	38318625	38315283	0
2	38318640	38315283	0
2	38319020	38318325	0
2	38319020	38318534	0
2	38343416	38318884	0
2	38343513	38315283	0
2	38343513	38318834	0
2	38343513	38318884	0
2	38343513	38318936	0
2	38354178	38318884	0
2	38354178	38343267	0
2	38358689	38343293	0
2	38358689	38343296	0
2	38376225	38318884	0
2	38376595	38343267	0
2	38377257	38343267	0
2	38377262	38314607	0
2	38377263	38318884	0
2	38377263	38343267	0
2	38377274	38318884	0
2	38377274	38343267	0
2	38377286	38318884	0
2	38417928	38406718	0
2	38462972	38458642	0
2	38463115	38458636	0
2	38469442	38406727	0
2	38469442	38458645	0
2	38483094	38469243	0
2	38483157	38469243	0
2	38536250	38535567	0
2	38568298	38561977	0
2	38568298	38563185	0
2	38568298	38563507	0
2	38568298	38564031	0
2	38568444	38568078	0
2	38568444	38568198	0
2	38581981	38577460	0
2	38581986	38577460	0
2	38581986	38577919	1
2	38582169	38581074	2
2	38582169	38581912	1
2	38582174	38581912	1
2	38583927	38577460	0
2	38583927	38581814	0
2	38583927	38581912	0
2	38583927	38582071	0
2	38585748	38583840	0
2	38585882	38581912	0
2	38585882	38582071	0
2	38585882	38583840	0
2	38585882	38583842	0
2	38585882	38583845	0
2	38591642	38585643	0
2	38591649	38585643	0
2	38600027	38591529	0
2	38602601	38591529	0
2	38602601	38591575	0
2	38602627	38591529	0
2	38602858	38591529	0
2	38602967	38591529	0
2	38603037	38591529	0
2	38668986	38668566	0
2	38669069	38668201	0
2	38669069	38668223	0
2	38669069	38668687	0
2	38669529	38668810	0
2	38669529	38668858	0
2	38669539	38668858	0
2	38746180	38743598	40
2	38746180	38743600	40
2	38746180	38744452	48
2	38746180	38744892	40
2	38746180	38744894	40
2	38746180	38744917	40
2	38746180	38745052	35
2	38746748	38743598	17
2	38746748	38744716	27
2	38748158	38746693	10
2	38748158	38747061	13
2	38748617	38748046	8
2	38748654	38746693	10
2	38748654	38748046	7
2	38748654	38748055	7
2	38748913	38748079	7
2	38749706	38746693	10
2	38749706	38748046	9
2	38749706	38748055	9
2	38802916	38797728	0
2	38802916	38797735	0
2	38802916	38797967	0
2	38802916	38798279	0
2	38803024	38798351	0
2	38806694	38802714	0
2	38813896	38802714	0
2	38813896	38806403	0
2	38813896	38806558	0
2	38818961	38815520	0
2	38818961	38815874	0
2	38819145	38815520	0
2	38854179	38848268	0
2	38855253	38848268	0
2	38855253	38854053	0
2	38855276	38854053	0
2	38856462	38853044	0
2	38856462	38854053	0
2	38856462	38855056	0
2	38857119	38856362	0
2	38858837	38856339	0
2	38858837	38856794	0
2	38861838	38858660	3
2	38862334	38860998	3
2	38862334	38861785	3
2	38863520	38862144	0
2	38959555	38959840	0
2	38987592	38981395	1
2	38987592	38981552	0
2	38987592	38985685	0
2	38987726	38986045	0
2	38993837	38992278	0
2	38993837	38992823	1
2	38993858	38992975	2
2	38995388	38987472	0
2	38995388	38989269	1
2	38997426	38996921	0
2	39006530	38997252	0
2	39006530	38997340	0
2	39023226	39014764	0
2	39023824	39022875	0
2	39024138	39022569	0
2	39035311	39024009	0
2	39035311	39024120	0
2	39056867	39054613	0
2	39058805	39056701	0
2	39058805	39056732	0
2	39120451	39067627	0
2	39120461	39067627	0
2	39120464	39067627	0
2	39124346	39067627	0
2	39179322	39175645	0
2	39179322	39178546	0
2	39184648	39178546	0
2	39184648	39179186	0
2	39204618	39190304	0
2	39213473	39204526	0
2	39251886	39249265	0
2	39251886	39249277	0
2	39251886	39249282	0
2	39258588	39258347	0
2	39260778	39258518	0
2	39261118	39258522	0
2	39265307	39260605	0
2	39265307	39260690	0
2	39272401	39267188	0
2	39272543	39271910	0
2	39272543	39272282	0
2	39286965	39282512	0
2	39288281	39286851	0
2	39290335	39288120	0
2	39290335	39288214	0
2	39292827	39290291	0
2	39292827	39290327	0
2	39292827	39290329	0
2	39293269	39292772	0
2	39294298	39293229	0
2	39299802	39293229	0
2	39299802	39293242	0
2	39299846	39293229	0
2	39325629	39315309	0
2	39325812	39325517	0
2	39325934	39325729	0
2	39325962	39325729	0
2	39325962	39325787	0
2	39337582	39336919	0
2	39343453	39326145	0
2	39343453	39337525	0
2	39343453	39337574	0
2	39356340	39343387	0
2	39378124	39356164	0
2	39378124	39356248	0
2	39437229	39356248	0
2	3959396	3958335	0
2	3959637	3958722	0
2	3959775	3958563	0
2	3959775	3959266	0
2	3960293	3959251	0
2	3960298	3958099	0
2	3960298	3959563	0
2	3960557	3957654	0
2	3960557	3959650	0
2	3961804	3960261	0
2	3961895	3959915	0
2	3961895	3960093	0
2	39666167	39666303	0
2	39717276	39717321	0
2	3973679	3972845	0
2	3973696	3972844	0
2	3974020	3968178	0
2	3974028	3961769	0
2	3974037	3961769	0
2	3974071	3959915	0
2	39744479	39736059	0
2	39744479	39736304	0
2	39744479	39736306	0
2	39744479	39736609	0
2	39744655	39736682	0
2	39761419	39755888	0
2	39761419	39757247	0
2	39766110	39761330	0
2	39766110	39761331	0
2	39766213	39761364	0
2	39769094	39768423	2
2	39770014	39766056	0
2	39770120	39768423	0
2	39770120	39768900	0
2	39770120	39768902	0
2	39771641	39768423	0
2	39771641	39769709	0
2	39771641	39769757	0
2	39779241	39770016	0
2	40101258	40104908	0
2	40104963	40105160	0
2	40104963	40110944	0
2	40104963	40114001	0
2	40111010	40114001	0
2	40139677	40097269	0
2	40139677	40114730	0
2	40139677	40115030	0
2	40139677	40115044	0
2	40139677	40115112	0
2	40139677	40115249	0
2	40139677	40115252	0
2	40430272	40178386	0
2	40430281	40177751	0
2	40430281	40178386	0
2	40430302	40178386	0
2	40430305	40177751	0
2	40430305	40178386	0
2	40446649	40430060	0
2	40452070	40428472	0
2	40453350	40430019	0
2	40453439	40430019	0
2	40512362	40428472	0
2	40512436	40428472	0
2	40611054	40428472	0
2	4137263	4136643	0
2	41892808	41893344	0
2	41932233	41931598	0
2	41932233	41931618	0
2	41947572	41935367	0
2	41947572	41938088	0
2	41947572	41938602	0
2	41953296	41947486	0
2	41953296	41947494	0
2	41953309	41947494	0
2	41953804	41952987	0
2	41954267	41952929	0
2	41955097	41952987	0
2	42022254	42015624	0
2	42048398	42048539	0
2	42055021	42055192	0
2	42055021	42055285	0
2	42057395	42057602	0
2	42147841	42143237	0
2	42170232	42149934	0
2	42170302	42169445	0
2	42353344	42333545	0
2	42353344	42349337	1
2	42353344	42350506	0
2	42353344	42350851	0
2	42353344	42350940	0
2	42360039	42353211	0
2	42361150	42353211	0
2	42361173	42352886	0
2	42361193	42353211	0
2	42361217	42353211	0
2	42361849	42353211	0
2	42369011	42361089	0
2	42388508	42353211	0
2	42388657	42365669	0
2	42493978	42442031	0
2	42494098	42442016	0
2	42533443	42532765	0
2	42767678	42767088	0
2	42767678	42767119	0
2	42767929	42767594	0
2	42769859	42767859	0
2	42769894	42767859	0
2	42770187	42767666	0
2	42770187	42769710	0
2	42770187	42769712	0
2	42770583	42769712	0
2	42770583	42770142	0
2	42783421	42769712	0
2	42783421	42769886	0
2	42783421	42770142	0
2	42783421	42770492	0
2	42783868	42782786	0
2	42783868	42783313	0
2	42798209	42797224	0
2	42827618	42826321	0
2	42953	41219	0
2	43003933	43001354	0
2	43029978	43027852	0
2	43032903	43032500	3
2	43035153	43031134	0
2	43036766	43032733	0
2	43036766	43033232	0
2	43043783	43041192	0
2	43102692	43097745	0
2	43226610	43222401	166
2	43232883	43230835	2
2	43232883	43230850	2
2	43232883	43230851	2
2	43232883	43231206	2
2	43277302	43232712	0
2	43279897	43232712	0
2	43287062	43279764	0
2	43291769	43286907	0
2	43292223	43286984	0
2	43293067	43291695	0
2	43293214	43292103	0
2	43320541	43292833	0
2	43320541	43292991	0
2	43344238	43320445	0
2	43344238	43333154	0
2	43370198	43344121	0
2	43372238	43344120	0
2	43391923	43344121	0
2	43398140	43343000	0
2	43398140	43344121	0
2	43398140	43344156	0
2	43428232	43397970	0
2	43430303	43397970	0
2	43430303	43428099	0
2	43430303	43428102	0
2	43485326	43397970	0
2	43485326	43430212	0
2	43485326	43484277	0
2	43498956	43397970	0
2	43498956	43428099	0
2	43498956	43485233	0
2	43505736	43498832	0
2	43508754	43505621	0
2	43508781	43505621	0
2	43508781	43505717	0
2	43552340	43549209	1
2	43552340	43551788	2
2	43556556	43552067	0
2	43556556	43552203	0
2	43560382	43556348	0
2	43560386	43552203	0
2	43560386	43556092	0
2	43560386	43556344	0
2	43566822	43560233	1
2	43570511	43560233	0
2	43570511	43562217	0
2	43570511	43566693	0
2	43570511	43566697	0
2	43570516	43566697	0
2	43710576	43712224	0
2	43814590	43812471	0
2	43814590	43812559	0
2	43814590	43812841	0
2	43814590	43812842	0
2	43837956	43831946	0
2	43838751	43831946	0
2	43838753	43831946	0
2	43838866	43831946	0
2	43889877	43886507	5
2	43889877	43888277	5
2	43889877	43888278	5
2	43894630	43889733	1
2	43894630	43890222	1
2	43896709	43894544	1
2	43899285	43896633	0
2	43899335	43896236	3
2	43899335	43896443	0
2	43899335	43896633	1
2	43905781	43901319	0
2	43948519	43948121	0
2	43949660	43948411	0
2	43949660	43948425	0
2	43960635	43957384	0
2	43960635	43958985	0
2	43963707	43960540	0
2	43963805	43960540	0
2	43973715	43963507	0
2	43973715	43963587	0
2	43974296	43973794	1
2	43974759	43974149	0
2	44285739	44286031	0
2	44321446	44316280	0
2	44321446	44317609	50
2	44321901	44317610	30
2	44321901	44318762	55
2	44321901	44318765	55
2	44321901	44319005	44
2	44321901	44320826	2
2	44321901	44320921	2
2	44321901	44321067	2
2	44321901	44321072	2
2	44322855	44320265	2
2	44322855	44321463	0
2	44322855	44321826	0
2	44343952	44342416	0
2	44344587	44343744	0
2	44344587	44343907	0
2	44346391	44343804	0
2	44346391	44344519	0
2	44347324	44346298	0
2	44359750	44346267	0
2	44359751	44346267	0
2	44360039	44346267	0
2	44360675	44346267	0
2	44361547	44346267	0
2	44361562	44346267	0
2	44361814	44346267	0
2	44361863	44346267	0
2	44923040	44921076	0
2	44935360	44929976	0
2	44935439	44931121	0
2	44935645	44923034	0
2	44938889	44935279	0
2	44939200	44921076	0
2	44941495	44940583	0
2	44941874	44940153	0
2	45009431	45005160	0
2	45013669	45013213	0
2	45166256	45164815	0
2	45175212	45174339	0
2	45175214	45174343	0
2	45189250	45168537	0
2	45189250	45175114	0
2	45191085	45189120	0
2	45192286	45187169	0
2	45192286	45189120	0
2	45192286	45190882	0
2	45211661	45192139	0
2	45254942	45192139	0
2	45301273	45192178	0
2	45393130	45388679	0
2	45393130	45388775	0
2	45418542	45413113	0
2	45419895	45418364	0
2	45419895	45418454	0
2	45546840	45488239	0
2	45547613	45546731	0
2	45573343	45562652	0
2	45602084	45599448	0
2	45605442	45601902	0
2	45605442	45601921	0
2	45675477	45674700	0
2	46078829	46078014	0
2	46167979	46166788	0
2	4635060	4628221	0
2	46386	38813	0
2	46393346	46392296	0
2	4643356	4630199	0
2	4651530	4630199	0
2	46519958	46511846	0
2	46535928	46490749	0
2	46535928	46511866	0
2	46535928	46527877	2
2	46536704	46534299	0
2	46536704	46535812	0
2	46580239	46568255	0
2	46588180	46581284	0
2	46588623	46581284	0
2	46591926	46581284	0
2	46592584	46580936	0
2	46592584	46581284	0
2	46592584	46581415	0
2	46612275	46592474	0
2	46612345	46592474	0
2	46613786	46612227	0
2	46615186	46612227	0
2	46615186	46613693	0
2	46617031	46612227	5
2	46617038	46615017	0
2	46617052	46614936	0
2	46617056	46614936	0
2	46617120	46614936	0
2	46853497	46852019	0
2	46871	41220	0
2	46907970	46901869	8
2	46907970	46901873	8
2	46907970	46901966	117
2	46907970	46904957	6
2	46907970	46905270	2
2	46907970	46905367	2
2	46907970	46905393	2
2	46907970	46905465	2
2	46907970	46905816	3
2	46909073	46907809	0
2	46909178	46907528	1
2	46909178	46907699	3
2	46909178	46907809	3
2	46909178	46907934	9
2	46910874	46909022	1
2	46912659	46909022	5
2	46914075	46909022	1
2	46915762	46909022	0
2	46915790	46904854	1
2	46915792	46909022	0
2	46915817	46907809	0
2	46915869	46909022	1
2	46916055	46907809	0
2	46916113	46909022	5
2	46941715	46909022	0
2	46941728	46908706	0
2	46941733	46909022	0
2	46941774	46905244	0
2	46941856	46907809	0
2	47040525	47035278	0
2	47046920	47045537	0
2	47090375	47065940	0
2	47090375	47086990	0
2	47108786	47065756	0
2	47108789	47068186	0
2	47108803	47046816	0
2	47129996	47090269	0
2	47129996	47121012	0
2	47130261	47128874	0
2	47130261	47129940	0
2	47161781	47160082	22
2	47161859	47160081	12
2	47161859	47160163	22
2	47161859	47160171	23
2	47161859	47160601	24
2	47161859	47160636	24
2	47161859	47160738	23
2	47162393	47161722	2
2	47162663	47161722	2
2	47162663	47162285	3
2	47163964	47162285	0
2	47170765	47152956	2
2	47170765	47161722	4
2	47199544	47192723	0
2	47221324	47213948	0
2	47323496	47192404	0
2	47332409	47199436	0
2	47332409	47323420	0
2	47332409	47331379	0
2	47344967	47220808	0
2	47344990	47323420	0
2	47344990	47332933	0
2	47345075	47332933	0
2	47373571	47373807	0
2	47403176	47403359	77
2	47570316	47543343	0
2	47570940	47516580	0
2	47783336	47783337	168
2	47783404	47783404	93
2	47803629	47803629	47
2	47806308	47806309	7
2	47806346	47806346	7
2	47808248	47789315	4
2	47808248	47789321	4
2	47808428	47806751	4
2	47808428	47806919	4
2	47808428	47807993	8
2	47808428	47808194	3
2	47809186	47808328	2
2	47809252	47808328	2
2	47809267	47808328	2
2	47809708	47809157	1
2	47809708	47809229	2
2	47810427	47809599	1
2	47811662	47809599	1
2	47813378	47810315	1
2	47813868	47812848	6
2	47813868	47813233	0
2	47814299	47813233	1
2	47818865	47813790	0
2	47819079	47818416	0
2	47819079	47818778	0
2	47835963	47834787	0
2	47836002	47834787	0
2	47839004	47835871	0
2	47839004	47835914	0
2	47839004	47835951	0
2	47888720	47839641	0
2	47888720	47865791	0
2	47905211	47839641	0
2	47905569	47839641	0
2	47905794	47839641	0
2	47943613	47941695	0
2	47943613	47942733	0
2	47945288	47943530	0
2	47948410	47945151	0
2	47950462	47945255	0
2	47995432	47962432	0
2	47996791	47948383	0
2	48240984	48180321	0
2	48346531	48346532	92
2	48530217	48530712	0
2	48646615	48632290	0
2	48647120	48646429	0
2	48668666	48647028	0
2	48694305	48668569	0
2	48694305	48686774	0
2	48694305	48687668	0
2	48698801	48687642	0
2	48709023	48694223	0
2	48709023	48698614	0
2	48714055	48708769	0
2	48714055	48708947	0
2	48723515	48713985	0
2	48723534	48713985	0
2	48723534	48720039	0
2	48755570	48731226	0
2	48755672	48731226	0
2	48755694	48731226	0
2	48755725	48731226	0
2	48755731	48731226	0
2	48968884	48962156	0
2	48968884	48962630	0
2	48982987	48963799	0
2	48982987	48968697	0
2	48982987	48968764	0
2	48983167	48982911	0
2	48989055	48983097	0
2	48989055	48983115	0
2	48990638	48983097	0
2	49068291	49020085	0
2	49216248	49202125	0
2	492656	490943	0
2	49331981	49218461	0
2	49331981	49308143	0
2	49426612	49331873	0
2	49426634	49339510	0
2	49926391	49919068	0
2	49943792	49918504	0
2	49943792	49918895	0
2	49943792	49918898	0
2	49943792	49918901	0
2	49943792	49920089	0
2	49943792	49920347	0
2	49943792	49920349	0
2	49943792	49920363	0
2	49943792	49920762	0
2	49943792	49921237	0
2	49943792	49921306	0
2	49943792	49921585	0
2	49943792	49921630	0
2	49943792	49921641	0
2	49943792	49921738	0
2	49943792	49921742	0
2	49943792	49921755	0
2	49943792	49921756	0
2	49943792	49921762	0
2	49943792	49921943	0
2	49943792	49921994	0
2	50053591	49918504	0
2	50053591	49943703	0
2	50053591	49943712	0
2	50053591	50022691	0
2	50185651	50091322	0
2	50207703	50199136	0
2	50236841	50105234	0
2	50236971	50091322	0
2	50236971	50174650	0
2	50236971	50185541	0
2	50236971	50207537	0
2	50346833	50236788	0
2	50346851	50236788	0
2	50347755	50236788	0
2	50347767	50236788	0
2	50347797	50236788	0
2	50417256	50236788	0
2	50432325	50236922	0
2	50465493	50463967	0
2	50465512	50464429	0
2	50465562	50236788	0
2	50465562	50236822	0
2	50466488	50465441	0
2	50472472	50465404	0
2	50472472	50465441	0
2	50472472	50465442	0
2	50497715	50495904	0
2	50506618	50497332	0
2	50506618	50497574	0
2	50506941	50497670	0
2	50526788	50506599	0
2	50528652	50506494	0
2	50528936	50506494	0
2	50531431	50506494	0
2	50538637	50531226	0
2	50547524	50538614	0
2	50548183	50538573	0
2	50551309	50538574	0
2	50552611	50547469	0
2	50552614	50551289	0
2	50552649	50548182	0
2	50553026	50497678	0
2	50553026	50538252	0
2	50620050	50554416	0
2	50620053	50552586	0
2	50620184	50552586	0
2	50620184	50615347	0
2	50620184	50619294	0
2	50620184	50619644	0
2	50621250	50620021	0
2	50623371	50620021	0
2	50623616	50619106	0
2	50623616	50620021	0
2	50623616	50620054	0
2	50623616	50621204	0
2	50623616	50621225	0
2	50623617	50620021	0
2	50623617	50621204	0
2	50624968	50623313	0
2	50637565	50623313	0
2	50656400	50624807	0
2	50656411	50623313	0
2	50656415	50623313	0
2	50841145	50623355	0
2	50912932	50912206	0
2	50912994	50841060	0
2	50921881	50623313	0
2	50921881	50757979	0
2	50921881	50912878	0
2	50921881	50916821	0
2	50921881	50916825	0
2	50921881	50916847	0
2	50921881	50919769	0
2	50922688	50623313	0
2	50922688	50921868	0
2	50925953	50922657	0
2	50925956	50922657	0
2	51026470	50925937	0
2	51027568	51009244	0
2	51027799	50922520	0
2	51027831	50925937	0
2	51028274	50925937	0
2	51028457	50925937	0
2	51029195	50623313	0
2	51029195	50922657	0
2	51029195	50925937	0
2	51029195	51026370	0
2	51032102	51027501	0
2	51032115	51027501	0
2	51032121	51027501	0
2	51032152	51027501	0
2	51032201	51027501	0
2	51032400	51027501	0
2	51032444	51032204	0
2	51032470	51029164	0
2	51032537	51027501	0
2	51032562	51027501	0
2	51033039	51029164	0
2	51072904	51028373	0
2	51072904	51032738	0
2	51203149	51201866	0
2	51203149	51201925	0
2	51203149	51201932	0
2	51203162	51201942	0
2	51203176	51201942	0
2	51221796	51072767	0
2	52495837	52494687	0
2	52726819	52722676	0
2	52897305	52726671	0
2	52897305	52732741	0
2	53603519	53581203	0
2	53604916	53532671	0
2	53604916	53604273	0
2	53606079	53604757	0
2	53606081	53604646	0
2	53694015	53604826	0
2	53694015	53669980	0
2	53694015	53670292	0
2	53694015	53670297	0
2	53694015	53670318	0
2	53694563	53670605	0
2	53714582	53700270	0
2	53716744	53714383	0
2	53716744	53714435	0
2	53716744	53714575	0
2	53728848	53716565	0
2	53729571	53728711	0
2	53729571	53728771	0
2	53748368	53729457	0
2	53750942	53716565	0
2	53750942	53729457	0
2	53750942	53729460	0
2	53750942	53748280	0
2	53763607	53750914	0
2	53763607	53756870	0
2	53765550	53750782	0
2	53765562	53750782	0
2	53765586	53750782	0
2	53765586	53750783	0
2	53786850	53765376	0
2	53786943	53765376	0
2	53786945	53750782	0
2	53787010	53750782	0
2	53787611	53765376	0
2	53820245	53765376	0
2	53859921	53820142	0
2	53859990	53852912	0
2	53859991	53729457	0
2	53860161	53765376	0
2	53866224	53864066	3
2	53866224	53864433	3
2	53866224	53864860	1
2	53866881	53864869	4
2	53866881	53866084	3
2	53866881	53866147	3
2	53887468	53885689	0
2	53887990	53887258	0
2	53888321	53887416	0
2	53908419	53906805	0
2	53908566	53907972	0
2	53908566	53908319	0
2	53932101	53928116	0
2	53932761	53931834	0
2	53933170	53932055	0
2	53936162	53934604	0
2	53936828	53936086	0
2	53936828	53936094	0
2	54030683	54029551	0
2	54360272	54360843	0
2	54520466	54516047	0
2	54535139	54520329	0
2	54546678	54545367	0
2	54662793	54661010	6
2	54664449	54661050	0
2	54664842	54664280	1
2	54680046	54664597	0
2	54748405	54747102	0
2	54787502	54768491	0
2	54866885	54869180	0
2	54970874	54971737	0
2	54973622	54972186	17
2	54973622	54972188	17
2	54973622	54972584	19
2	54973622	54972796	18
2	54973622	54972813	20
2	54973868	54973512	13
2	54973868	54973562	11
2	54974020	54972795	18
2	54974192	54973562	18
2	54982654	54973562	14
2	55027486	54987490	0
2	55028221	54987490	0
2	55028221	55025085	0
2	55028221	55027206	0
2	55049641	54987490	0
2	55050215	54987490	0
2	55050545	54987490	0
2	55060754	55056482	0
2	55080640	55028163	0
2	55177782	55174790	0
2	55177782	55175638	0
2	55177782	55175648	0
2	55177782	55175668	0
2	55177782	55175860	0
2	55180713	55177601	0
2	55180713	55177743	0
2	55206377	55177601	0
2	55206377	55180509	0
2	55206377	55181569	0
2	55206377	55205711	0
2	55216127	55214386	0
2	55217999	55212672	0
2	55222494	55181569	0
2	55222494	55217810	0
2	55222494	55217933	0
2	55222494	55218344	0
2	55224361	55222359	0
2	55224399	55222271	0
2	55228205	55222234	0
2	55232159	55222234	0
2	55232264	55218119	0
2	55232265	55206269	0
2	55232275	55222234	0
2	55232293	55222234	0
2	55232304	55177601	0
2	55232346	55206817	0
2	55232564	55217810	0
2	55232709	55232807	172
2	55232873	55233362	11
2	55234205	55234830	22
2	55234241	55234241	21
2	55234562	55234830	21
2	55237429	55236594	2
2	55237429	55236619	2
2	55237429	55236620	2
2	55240176	55237287	0
2	55243081	55240010	0
2	55252654	55249394	0
2	55254202	55252476	7
2	55254826	55252541	3
2	55254826	55254040	2
2	55262428	55254653	0
2	55262428	55254766	0
2	55263866	55262315	0
2	55263869	55262315	0
2	55266519	55263640	0
2	55267605	55263639	0
2	55267636	55263639	0
2	55267636	55263646	0
2	55267636	55263779	0
2	55267636	55263827	0
2	55267636	55263836	0
2	55267788	55263647	0
2	55282435	55284002	0
2	55291776	55287841	10
2	55291776	55287847	10
2	55291776	55287848	10
2	55291776	55287871	10
2	55291776	55288083	10
2	55291776	55288087	13
2	55291776	55288096	13
2	55291776	55288112	13
2	55291776	55288125	13
2	55291776	55288200	14
2	55291776	55288207	15
2	55291776	55289672	9
2	55291776	55290180	6
2	55291776	55290409	6
2	55291776	55290508	5
2	55291776	55290654	6
2	55291776	55290809	4
2	55291776	55290838	4
2	55292915	55288117	8
2	55295728	55291675	5
2	55296057	55290654	1
2	55296057	55290899	1
2	55296057	55291675	1
2	55296057	55291699	1
2	55296057	55295596	24
2	55296456	55295949	15
2	55296521	55295596	9
2	55296521	55295606	10
2	55296521	55295949	22
2	55296524	55293552	11
2	55296524	55295596	9
2	55296524	55295796	1
2	55296524	55295949	22
2	55296685	55295596	9
2	55297166	55295596	1
2	55299920	55295596	0
2	55299920	55295949	1
2	55301844	55296257	0
2	55302073	55296257	0
2	55302073	55299838	0
2	55302073	55301205	0
2	55303153	55301667	0
2	55303153	55301871	0
2	55309024	55299838	0
2	55309024	55301205	0
2	55309024	55301871	0
2	55309024	55302662	0
2	55309024	55302729	0
2	55309024	55303068	0
2	55309208	55308808	0
2	55309255	55301871	0
2	55309255	55303068	0
2	55309255	55307976	0
2	55309255	55308101	0
2	55309255	55308808	0
2	55312575	55309161	0
2	55312580	55309161	0
2	55312580	55309181	0
2	55314131	55309161	0
2	55314252	55314425	0
2	55315953	55312433	0
2	55316052	55313828	0
2	55316115	55312433	0
2	55317350	55315927	0
2	55317350	55316102	0
2	55317381	55315927	0
2	55317842	55315927	0
2	55317842	55317205	0
2	55319005	55315927	0
2	55322693	55318842	0
2	55324335	55318842	0
2	55328397	55318842	1
2	55332694	55322527	0
2	55332694	55328293	0
2	55332694	55331821	0
2	55332694	55332130	0
2	55334152	55332565	0
2	55334302	55332565	1
2	55334328	55332565	1
2	55334346	55332565	1
2	55334545	55332565	1
2	55334676	55332565	1
2	55334692	55332565	1
2	55335165	55332130	0
2	55335165	55332298	0
2	55335165	55332565	1
2	55335165	55334263	27
2	55336819	55334093	0
2	55336819	55334335	0
2	55336819	55334378	0
2	55336819	55334843	0
2	55336819	55334989	0
2	55336819	55335008	0
2	55336819	55335015	0
2	55336819	55335017	0
2	55336819	55335048	0
2	55336819	55335078	0
2	55336819	55335092	0
2	55337682	55335013	0
2	55339649	55336680	0
2	55339649	55336715	0
2	55343689	55336680	0
2	55343793	55336680	0
2	55343793	55339463	0
2	55344473	55343647	0
2	55344515	55343647	0
2	55344515	55343778	0
2	55346334	55343989	0
2	55346334	55344367	0
2	55346334	55344463	0
2	55349600	55346174	0
2	55349720	55346174	0
2	55350611	55346174	0
2	55355752	55346174	0
2	55355752	55349517	0
2	55356204	55348440	0
2	55356803	55349517	0
2	55362355	55355322	0
2	55362449	55346174	0
2	55362449	55349517	0
2	55362449	55355578	0
2	55362449	55355711	0
2	55363734	55362307	0
2	55364020	55362307	0
2	55364034	55346174	0
2	55364034	55349517	0
2	55364034	55355578	0
2	55364034	55361912	0
2	55364034	55362307	0
2	55364239	55362307	0
2	55372511	55355578	0
2	55374884	55346174	0
2	55374884	55349517	0
2	55388845	55374813	0
2	55388887	55374813	0
2	55394646	55388777	0
2	55397372	55388777	0
2	55399778	55388777	0
2	55418917	55349517	0
2	55418917	55388535	0
2	55418917	55388777	0
2	55418917	55403386	0
2	55419080	55418815	4
2	55419277	55418815	5
2	55419316	55418815	4
2	55419364	55418815	9
2	55419386	55418815	9
2	55419474	55418815	14
2	55419500	55418815	16
2	55419541	55418815	16
2	55419566	55418815	16
2	55419584	55418815	10
2	55419614	55418815	8
2	55419644	55418815	8
2	55419662	55418291	4
2	55419703	55418815	14
2	55419731	55418815	15
2	55419733	55418815	15
2	55419774	55418815	10
2	55419796	55418815	8
2	55419816	55418815	4
2	55419835	55418815	4
2	55419851	55418815	4
2	55419879	55418815	4
2	55419889	55418815	4
2	55419896	55418815	4
2	55544075	55544219	1
2	55558969	55547291	0
2	55558969	55548377	0
2	55558969	55548378	0
2	5556032	5549779	0
2	55568364	55564901	0
2	55573719	55568028	0
2	55573778	55568193	0
2	55577357	55568193	1
2	55599040	55588878	0
2	55604077	55598415	0
2	55604077	55598697	0
2	55615507	55603977	0
2	55616618	55615450	14
2	55617589	55615450	57
2	55617609	55615450	45
2	55617615	55615450	38
2	55617979	55614175	32
2	55618881	55617143	13
2	55636393	55634568	14
2	55637600	55634264	7
2	55637600	55635093	2
2	55637600	55635561	2
2	55637600	55636369	0
2	55647454	55646414	0
2	55654954	55647346	0
2	55654954	55647400	0
2	55679796	55672892	0
2	55680760	55679681	0
2	55680919	55679681	0
2	55685049	55683784	0
2	55686445	55684942	0
2	55693824	55684993	0
2	55693864	55684942	0
2	55870916	55865966	0
2	55870916	55866611	0
2	55870916	55866859	0
2	55870916	55866906	0
2	55917781	55881611	0
2	55918052	55881611	0
2	55918085	55881611	0
2	55918268	55881611	0
2	55918268	55917664	0
2	55918268	55917724	3
2	55918268	55917824	0
2	55918268	55917863	0
2	55918268	55917920	0
2	55918268	55917996	0
2	55918268	55918026	0
2	55922448	55918218	0
2	55922692	55918218	0
2	55922692	55922359	0
2	55922748	55918218	0
2	55922748	55922359	0
2	55922940	55918218	0
2	55922940	55922359	0
2	55922940	55922570	0
2	55922940	55922609	0
2	55923777	55922359	0
2	55923782	55922609	0
2	55923783	55922407	0
2	55923783	55922898	0
2	55923786	55922898	0
2	55923788	55922898	0
2	55923796	55922359	0
2	55923796	55922898	0
2	55923798	55921946	0
2	55924140	55922359	0
2	56013712	55963190	0
2	56090383	56077416	0
2	56177736	56173533	0
2	56177736	56174739	0
2	56177736	56175550	0
2	56184909	56177562	0
2	56184914	56179602	0
2	56185771	56177562	0
2	5621335	5618326	0
2	5684540	5649838	0
2	5684540	5677141	0
2	5691489	5602504	0
2	57293015	57289647	0
2	57430206	57429547	0
2	5811273	5810640	0
2	58160180	58159242	17
2	58160180	58159246	17
2	58160180	58159754	14
2	58161639	58160107	18
2	58161639	58160117	18
2	58162948	58161521	12
2	58162948	58161622	10
2	58163075	58162865	11
2	58163518	58163028	3
2	58165804	58162864	0
2	58165875	58163028	0
2	58165875	58163433	0
2	58165875	58163435	0
2	58222043	58204129	0
2	58222043	58213504	0
2	58241303	58204129	0
2	58241326	58165723	0
2	58241349	58204129	0
2	58241351	58232053	0
2	58241373	58221941	0
2	59240342	59238715	0
2	59241104	59238713	0
2	59241104	59238715	0
2	59241104	59238721	0
2	59249512	59240920	0
2	59249568	59240992	0
2	59249673	59240289	0
2	59298308	59295379	0
2	59384794	59240992	0
2	59512206	59218679	0
2	59594933	59240941	0
2	59686369	59669215	0
2	59719658	59600372	0
2	59733332	59686259	0
2	59733397	59719575	0
2	59740222	59719426	0
2	59827272	59512008	0
2	5982858	5982964	0
2	60076681	59995574	0
2	60100201	59827145	0
2	60339482	60336445	0
2	60342794	60339601	0
2	60342997	60340165	0
2	60352309	60343087	0
2	60353017	60350594	0
2	60359849	60351808	0
2	60370038	60359093	0
2	60370038	60359269	0
2	60391376	60359215	0
2	60402211	60369908	0
2	60453082	60452159	0
2	60460457	60452157	0
2	60461745	60452499	0
2	60462425	60450519	0
2	60462425	60451145	0
2	60462425	60451166	0
2	60462425	60451780	0
2	60462425	60451889	0
2	60462425	60452157	0
2	60462425	60452313	0
2	60462425	60452421	0
2	60462425	60452519	0
2	60462425	60452648	0
2	60462425	60460681	2
2	60468834	60457191	0
2	60468834	60459819	0
2	60468834	60460681	0
2	60468834	60461903	0
2	60468834	60461908	0
2	60468834	60462281	0
2	60478240	60468731	0
2	60484466	60468731	0
2	60508825	60468731	0
2	60527795	60468731	0
2	60527856	60468731	0
2	60528536	60527654	0
2	60536207	60468731	0
2	60546181	60544229	0
2	60546202	60478163	0
2	60546260	60541840	0
2	60546284	60532859	0
2	60546301	60457678	0
2	60546301	60460529	0
2	60546301	60460681	0
2	60546301	60462281	0
2	60546301	60468731	0
2	60546301	60508605	0
2	60546301	60522080	0
2	60546301	60541782	0
2	60546395	60468739	0
2	60549914	60545917	0
2	60550908	60545970	0
2	60550926	60545970	0
2	60553394	60545970	0
2	60553410	60545970	0
2	60553462	60545970	0
2	60553501	60545970	0
2	60553508	60545970	0
2	60553559	60545970	0
2	60553572	60545970	0
2	60553633	60541843	0
2	60553635	60545970	0
2	60553659	60545970	0
2	60555155	60545970	0
2	60794192	60794709	0
2	60794192	60794963	0
2	60794776	60794963	0
2	60844227	60825131	0
2	60856921	60844056	0
2	60856921	60847759	0
2	60945109	60940221	0
2	60945109	60941968	0
2	60945109	60942224	0
2	61006644	60971522	0
2	61009016	61006556	0
2	61010889	61008780	0
2	61011906	61008760	0
2	61011906	61008780	0
2	61011906	61009847	0
2	61011906	61010655	0
2	61017616	61017695	3
2	61018255	61011764	0
2	61018260	61011764	0
2	61117386	61117466	0
2	61144267	61143567	0
2	61144892	61144168	4
2	61144951	61141591	0
2	61144953	61143554	1
2	61144970	61144405	4
2	61162034	61151815	0
2	61162097	61151432	0
2	61162106	61161697	0
2	61177619	61178980	5
2	61177689	61178985	5
2	61178385	61178980	7
2	61184801	61185501	1
2	61184925	61185501	1
2	61185619	61185838	4
2	61185619	61185979	0
2	61185619	61186445	0
2	61185866	61186445	0
2	61186082	61186445	0
2	61186498	61186616	0
2	61189070	61187462	3
2	61189070	61187549	6
2	61189070	61188473	1
2	61189797	61188909	0
2	61190415	61188909	0
2	61190659	61189276	0
2	61190659	61190270	1
2	61191350	61189453	1
2	61192981	61190517	1
2	61193366	61190626	0
2	61203207	61192900	0
2	61203264	61192900	0
2	61204602	61192900	0
2	61204602	61204255	0
2	61206125	61204496	0
2	61206125	61204526	0
2	61206887	61206016	0
2	61208978	61206016	0
2	61208978	61206759	0
2	61208978	61206787	0
2	61211930	61206759	0
2	61211930	61208898	0
2	61214664	61214059	30
2	61214695	61211771	0
2	61220369	61211771	0
2	61220458	61211771	0
2	61220458	61214059	0
2	61220458	61214599	0
2	61220458	61214626	0
2	61221602	61220192	0
2	61221607	61220309	0
2	61221607	61220404	0
2	61221846	61220309	0
2	61222664	61221501	0
2	61222664	61221558	0
2	61222686	61221501	0
2	61222976	61221501	0
2	61223165	61222618	0
2	61223256	61222631	0
2	61227219	61223247	0
2	61228720	61226787	0
2	61228720	61227066	0
2	61256479	61248510	0
2	61265558	61259710	0
2	61266040	61265265	0
2	61266168	61265396	0
2	61278286	61265584	0
2	61278286	61265983	0
2	61278444	61277701	0
2	61278444	61278164	0
2	61296926	61221501	0
2	61339682	61339350	0
2	61344030	61339565	0
2	61344030	61339574	0
2	61348481	61343814	0
2	61348887	61347869	0
2	61348887	61348271	0
2	61420834	61394852	0
2	61420834	61405707	0
2	61471380	61471748	0
2	61471480	61471748	0
2	61481282	61477848	3
2	61481282	61477933	4
2	61481282	61477934	4
2	61481282	61478337	5
2	61481282	61478699	6
2	61483092	61482379	12
2	61484106	61482624	7
2	61484106	61482956	15
2	61485959	61483936	5
2	61485963	61482624	5
2	61485963	61483936	3
2	61488272	61483936	4
2	61488272	61485583	3
2	61488272	61485767	3
2	61492482	61492034	3
2	61492749	61492324	13
2	61492995	61492341	27
2	61494092	61492324	5
2	61494092	61492914	5
2	61494744	61492914	4
2	61495574	61493637	6
2	61495614	61492566	2
2	61495614	61493893	3
2	61497008	61495454	1
2	61498793	61496878	0
2	61498793	61496993	2
2	61498875	61496960	2
2	61499895	61498864	0
2	61502041	61499712	0
2	61502041	61499716	0
2	61502041	61499764	0
2	61502311	61501995	0
2	61502311	61502005	0
2	61502609	61501995	0
2	61522684	61499712	0
2	61522684	61502145	0
2	61522684	61502248	0
2	61522684	61502289	0
2	61525334	61522610	0
2	61525776	61522610	0
2	61526519	61522610	0
2	61526522	61522610	0
2	61526522	61522625	0
2	61526522	61522629	0
2	61526522	61525269	0
2	61526524	61522610	0
2	61533904	61525491	0
2	61533904	61526066	0
2	61533904	61526419	1
2	61533904	61526461	1
2	61533904	61526470	1
2	61533969	61526150	0
2	61534279	61526419	0
2	61710979	61710075	0
2	61827259	61824853	0
2	61827259	61824855	0
2	61836110	61827103	0
2	61836485	61827103	0
2	61836873	61836009	0
2	61838706	61836009	0
2	61839525	61835514	1
2	61840526	61836009	0
2	61840582	61836009	0
2	61840582	61836056	0
2	61842361	61836009	0
2	61869554	61868088	2
2	61869554	61868124	4
2	61869554	61868429	2
2	61888459	61887947	194
2	61888672	61885019	2
2	61888805	61885019	0
2	62084872	62079714	0
2	62090802	62069446	0
2	62137606	62118928	0
2	62146490	62118928	0
2	62146490	62137548	0
2	62146882	62146312	3
2	62350740	62348947	0
2	62502551	62500220	0
2	62502795	62500626	0
2	62502795	62500634	0
2	62502795	62502436	0
2	62511895	62502690	0
2	62612392	62611871	0
2	62631566	62590254	0
2	62858439	62826063	0
2	6291773	6258347	0
2	62948317	62949093	16
2	63013695	62957325	0
2	63045181	63045409	0
2	63046142	63043921	0
2	63046142	63045060	16
2	63046142	63045310	16
2	63046610	63045175	12
2	63046648	63014589	0
2	63046648	63046036	6
2	63046651	63046036	6
2	63047657	63046481	0
2	63047712	63046481	0
2	63048522	63046481	0
2	63048641	63046481	0
2	63050898	63051248	0
2	63051318	63051759	0
2	6313150	6303142	0
2	6314947	6312953	0
2	6314947	6312965	0
2	63152946	63121382	0
2	63152946	63121401	0
2	63152946	63121813	0
2	63152946	63121830	0
2	63153115	63121733	0
2	63174833	63153494	0
2	63259410	63174669	0
2	63313312	63174669	0
2	63313312	63228387	0
2	63378510	63313247	0
2	63378510	63359794	0
2	63378510	63368822	0
2	63382075	63377848	0
2	63382095	63378385	0
2	63404658	63381905	0
2	63433931	63404047	0
2	63433937	63403708	0
2	63433937	63404047	0
2	63437555	63433744	0
2	63438008	63437420	0
2	63439856	63437452	0
2	63439856	63437456	0
2	63439872	63437420	0
2	63443231	63437420	0
2	63477935	63437420	0
2	63484664	63439756	0
2	63484690	63439756	0
2	63484988	63484603	0
2	63486587	63484916	0
2	63487495	63484916	0
2	63487495	63484941	0
2	63487495	63486541	0
2	63492941	63487446	0
2	63492941	63487471	0
2	63571627	63492855	0
2	63588267	63492855	0
2	63588501	63564174	0
2	63588519	63492855	0
2	63588800	63492855	0
2	63650839	63492855	0
2	6370993	6366009	0
2	63711592	63650658	0
2	63813708	63650658	0
2	63813708	63711496	0
2	63887645	63890080	0
2	63897591	63892145	0
2	63897591	63892900	0
2	63897591	63893055	0
2	63897591	63893071	0
2	64088247	64086352	0
2	64096314	64092651	0
2	64100500	64096412	0
2	64104598	64100397	0
2	64104831	64100397	0
2	64108380	64104700	0
2	64108380	64106177	0
2	64143527	64108351	0
2	64144363	64108239	0
2	64144397	64143317	0
2	64144421	64108239	0
2	64144455	64108239	0
2	64189133	64185077	0
2	64189133	64186389	0
2	64251338	64251800	0
2	64332132	64330485	0
2	64341648	64338066	0
2	64398375	64395219	0
2	64398375	64395515	0
2	64453799	64439902	0
2	64453898	64420227	0
2	64579547	64581189	1
2	64591976	64591976	13
2	64653914	64631620	1
2	64751006	64636532	0
2	64847878	64846129	0
2	64905138	64901839	0
2	65072570	65072883	2
2	65072981	65073935	0
2	65085640	65070695	0
2	65088691	65085508	2
2	65089071	65086854	75
2	65089071	65087870	70
2	65089071	65088368	7
2	65098067	65087870	2
2	65104807	65070700	0
2	65104807	65087870	0
2	65207197	65203501	0
2	65316884	65310850	0
2	65316884	65312992	0
2	65316884	65313504	0
2	65332052	65313702	0
2	65332052	65316733	0
2	65334266	65331986	0
2	65334266	65332203	0
2	65334774	65331986	0
2	65334774	65334114	0
2	65344787	65344195	72
2	65344800	65334604	0
2	65344897	65334604	0
2	65344897	65334628	0
2	65374126	65373699	0
2	65377751	65344718	0
2	65432085	65344718	0
2	65432178	65344718	0
2	65442502	65439887	0
2	65450760	65442054	0
2	65450760	65442155	0
2	65453983	65450516	0
2	65455682	65450475	0
2	65455761	65441928	0
2	65455761	65450073	0
2	65455761	65450232	0
2	65455761	65450589	0
2	65502139	65500992	0
2	65591038	65589565	0
2	65640178	65601156	0
2	6617751	6615388	0
2	6617751	6615589	0
2	6617751	6615789	0
2	6618316	6617201	0
2	6618316	6617311	0
2	6618316	6617407	0
2	6618316	6617472	0
2	6618316	6617655	0
2	6618316	6617703	0
2	6618316	6617713	0
2	6618690	6618062	0
2	66236214	66235376	0
2	6625128	6617813	0
2	6625128	6618062	0
2	6625128	6618071	0
2	6625146	6618062	0
2	6626239	6618062	0
2	6626239	6618076	0
2	6626239	6625028	0
2	6632743	6618062	0
2	6632743	6618543	0
2	6632743	6625028	0
2	6632743	6626108	0
2	6632743	6626121	0
2	6632743	6626136	0
2	6632743	6626138	0
2	6633712	6625028	0
2	6633788	6632697	0
2	6633823	6632697	0
2	6633871	6626136	0
2	6633875	6626136	0
2	6633889	6632697	0
2	6633917	6625028	0
2	6633924	6625028	0
2	6633949	6632697	0
2	6633970	6618115	0
2	6633970	6618267	0
2	6633970	6626111	0
2	6633970	6632260	0
2	6633970	6632321	0
2	6633970	6632440	0
2	6633970	6632459	0
2	6633970	6632568	0
2	6633970	6632697	0
2	6633970	6632699	0
2	6634549	6633788	0
2	6634707	6633668	0
2	6634734	6633668	0
2	6634734	6633932	0
2	6634785	6633668	0
2	6634871	6632697	0
2	6634873	6633668	0
2	6634873	6633868	0
2	6634873	6634442	0
2	6634912	6633668	0
2	6634912	6633837	0
2	6635175	6633668	0
2	6635252	6626122	0
2	6635252	6632697	0
2	6635252	6633668	0
2	6635252	6633788	0
2	6635252	6633916	0
2	6635252	6634594	0
2	6635252	6634642	0
2	6635252	6634648	0
2	6635252	6634799	0
2	6635445	6635119	0
2	6635494	6635119	0
2	6635595	6635119	0
2	6635641	6618062	0
2	6635641	6634816	0
2	6635641	6635119	0
2	6635641	6635214	0
2	6635641	6635231	0
2	6635715	6635119	0
2	6635824	6635119	0
2	6635993	6635575	0
2	6636164	6635575	0
2	6636221	6635575	0
2	6636849	6636060	0
2	6638154	6635119	0
2	6638154	6635451	0
2	6638154	6635575	0
2	6638154	6635833	0
2	6638154	6636398	0
2	6638154	6636576	0
2	6638154	6636632	0
2	6638154	6636807	0
2	6638292	6637799	0
2	6638362	6635119	0
2	6638362	6635575	0
2	6638362	6637683	0
2	6638362	6637779	0
2	6638362	6638090	0
2	6638362	6638137	0
2	6638749	6638277	0
2	6638798	6638277	0
2	6638806	6638277	0
2	6638828	6638277	0
2	6638868	6638277	0
2	6638868	6638315	0
2	6638903	6638277	0
2	6638903	6638298	0
2	6638903	6638304	0
2	6639119	6638716	0
2	6639126	6638716	0
2	6639274	6638277	0
2	6639274	6638716	0
2	6639278	6638277	0
2	6639278	6638716	0
2	6639278	6638750	0
2	6639278	6638791	0
2	6639280	6638716	0
2	66431839	66426734	0
2	66440313	66439087	0
2	66441837	66439442	0
2	6647569	6639050	0
2	6647722	6626136	0
2	6647722	6638277	0
2	6647722	6638716	0
2	6647722	6639050	0
2	6647722	6640262	0
2	6649239	6639050	0
2	6649264	6639050	0
2	6649328	6638716	0
2	6649328	6647535	0
2	6649330	6639050	0
2	6649382	6638716	0
2	6649382	6639050	0
2	6649382	6647535	0
2	6649723	6649103	0
2	6650125	6639050	0
2	6650210	6649210	0
2	6650223	6635575	0
2	6650223	6639050	0
2	6650223	6647535	0
2	6650223	6649210	0
2	6650244	6649105	0
2	6650248	6617201	0
2	6650248	6618062	0
2	6650248	6638277	0
2	6650248	6638716	0
2	6650248	6638966	0
2	6650248	6639050	0
2	6650248	6639113	0
2	6650248	6647535	0
2	6650248	6649090	0
2	6650248	6649210	0
2	6650311	6649104	0
2	6650445	6649104	0
2	6650502	6639050	0
2	6650508	6649151	0
2	6650520	6639122	0
2	6650526	6649151	0
2	6650536	6649151	0
2	66568757	66569049	0
2	66568757	66571245	0
2	66569146	66571245	0
2	66700109	66697161	0
2	66700395	66697124	0
2	66703198	66697157	0
2	66822571	66820683	0
2	66922223	66921509	0
2	669851	667334	2
2	669851	667972	2
2	669851	667974	2
2	669851	669210	6
2	669851	669422	0
2	670976	669188	2
2	67126391	67123356	0
2	67126391	67124669	0
2	67177713	67175422	0
2	67177993	67126245	0
2	67203174	67164536	0
2	6729607	6728176	0
2	6730744	6729167	0
2	6730744	6729516	0
2	675631	672807	6
2	676163	675509	13
2	676239	675509	9
2	676239	675557	12
2	676643	675757	10
2	676663	672807	11
2	676705	675509	7
2	676788	675608	4
2	67684078	67565603	0
2	677407	675757	6
2	677440	675509	5
2	67823980	67796053	0
2	68024767	68023693	0
2	68046044	68041129	0
2	68046044	68042208	2
2	68046044	68042655	2
2	68046044	68042676	3
2	68046044	68042713	3
2	68046411	68042831	1
2	68047316	68046343	1
2	68047320	68045987	2
2	68047320	68046343	1
2	68053138	68047172	0
2	68053287	68047172	0
2	68062984	68047172	0
2	68062995	68047172	0
2	68063026	68047172	0
2	68110949	68047276	0
2	68125384	68122935	0
2	68131446	68125204	0
2	68134800	68129802	0
2	68134800	68131237	0
2	68134800	68131276	0
2	68134800	68131759	0
2	68137434	68134083	0
2	68137434	68134089	0
2	68137434	68134701	0
2	68147568	68144584	0
2	68157474	68147466	0
2	68157483	68147466	0
2	68157547	68147466	0
2	68157550	68147466	0
2	68157561	68147466	0
2	68157695	68147466	0
2	68186653	68157795	0
2	68186653	68178856	0
2	68186653	68180803	0
2	68186653	68180946	0
2	68253138	68217091	0
2	68256238	68217091	0
2	68261231	68252987	0
2	6830107	6828513	0
2	6830107	6828879	0
2	68317308	68284170	0
2	68317308	68293009	0
2	68317308	68293065	0
2	68319323	68317156	2
2	68319401	68317156	2
2	68319467	68315920	1
2	68320007	68317156	2
2	68365585	68361213	0
2	68447499	68445709	0
2	68465179	68459418	0
2	6851684	6848315	0
2	6851684	6848317	0
2	6851684	6849888	0
2	6851684	6849904	0
2	6861386	6840569	0
2	6861386	6850649	0
2	6861386	6851449	0
2	6862066	6861183	0
2	6863579	6861183	0
2	6863579	6861257	0
2	68837193	68832815	0
2	68871518	68865480	0
2	68946461	68945231	0
2	68947258	68945296	0
2	68947258	68946303	0
2	6914351	6912276	0
2	6914351	6913626	1
2	6915968	6914192	0
2	6917225	6915822	2
2	6918664	6916850	5
2	6918668	6914192	1
2	6918683	6914551	5
2	6918710	6916849	5
2	6918710	6917031	5
2	693236	692082	0
2	69327076	69319768	48
2	69327076	69319779	40
2	69338056	69329683	0
2	69350184	69348170	0
2	69354313	69350077	1
2	69354313	69350097	1
2	69354569	69350077	0
2	69363671	69359267	0
2	69370109	69363544	0
2	69370109	69363610	0
2	69399383	69396119	0
2	69400539	69395749	2
2	69400539	69396112	0
2	69400539	69396119	0
2	69400539	69396122	0
2	69400539	69399238	0
2	69406083	69396114	0
2	69406083	69400362	0
2	69406083	69400363	0
2	69406083	69400372	0
2	69415300	69406021	0
2	69415300	69406032	0
2	69415300	69410802	0
2	69476991	69467786	0
2	69479062	69476879	0
2	69480962	69478455	0
2	69480962	69478950	0
2	69482813	69480859	0
2	69496081	69457996	0
2	69496081	69481055	0
2	69496081	69482710	0
2	69505674	69465845	0
2	69505674	69495984	0
2	69505674	69499868	0
2	69509461	69461399	0
2	69519241	69514470	0
2	69520989	69518953	0
2	69532163	69530624	0
2	69542666	69531716	0
2	69542666	69532040	0
2	69544510	69542522	0
2	69544545	69542522	0
2	69556979	69544238	0
2	69556979	69544435	0
2	69643275	69556859	0
2	69643655	69642877	0
2	69643718	69642877	0
2	69643846	69643092	1
2	69643951	69642905	1
2	69643961	69642876	0
2	69674350	69643084	0
2	69713848	69700191	0
2	69807997	69810593	0
2	69808190	69810593	0
2	69810674	69811336	0
2	69816195	69818598	0
2	69904426	69904511	135
2	69938340	69942640	1
2	69964428	69962262	0
2	69964428	69963253	0
2	69964428	69963281	0
2	69964428	69963365	0
2	69964428	69963461	0
2	69964775	69963253	0
2	69968517	69963288	0
2	69968517	69964230	0
2	69968521	69963253	0
2	69971283	69968398	0
2	69975462	69963469	0
2	69975636	69963253	0
2	69975636	69963281	0
2	69975636	69963394	0
2	69975636	69963446	0
2	69975636	69963486	0
2	69976006	69963281	0
2	69988506	69963253	0
2	69988506	69963281	0
2	69988506	69963389	0
2	69988506	69964368	0
2	69988839	69962769	0
2	69988839	69963253	0
2	69988839	69963258	0
2	69988839	69963281	0
2	69988839	69963285	0
2	69988839	69963333	0
2	69988839	69963404	0
2	69988839	69963438	0
2	69988839	69963459	0
2	69988839	69963469	0
2	69988839	69964230	0
2	69988839	69964271	0
2	69988839	69964368	0
2	69988839	69975558	0
2	69988839	69988445	0
2	69995382	69970977	0
2	69995382	69971012	0
2	69996778	69988741	0
2	69996889	69963253	0
2	69996889	69963259	0
2	69996889	69963266	0
2	69996889	69963281	0
2	69996889	69963288	0
2	69996889	69963296	0
2	69996889	69963301	0
2	69996889	69963316	0
2	69996889	69963393	0
2	69996889	69963423	0
2	69996889	69963449	0
2	69996889	69963461	0
2	69996889	69963462	0
2	69996889	69963487	0
2	69996889	69964230	0
2	69996889	69964368	0
2	69996889	69964372	0
2	69996889	69964409	0
2	69996889	69968398	0
2	69996889	69975558	0
2	69996889	69988445	0
2	69996889	69988740	0
2	69996889	69988741	0
2	69996889	69993379	0
2	69996889	69993862	0
2	69996889	69995311	0
2	69996889	69996685	3
2	69998135	69996751	0
2	70000559	69996685	0
2	70003316	69996685	0
2	70011719	69996685	0
2	70011719	69996732	0
2	70011719	69996739	0
2	70011753	69996685	0
2	70011835	69996685	0
2	70012217	69996757	0
2	70015510	69996685	0
2	70015518	69996685	0
2	70015527	69996685	0
2	70015581	69996685	0
2	70015581	69996770	0
2	70015581	70011654	0
2	70016027	69996857	0
2	70016151	70015447	0
2	70016342	69996857	0
2	70018033	70011654	0
2	70018082	69996685	0
2	70018098	70015447	0
2	70018132	69963253	0
2	70018132	69963254	0
2	70018132	69963281	0
2	70018132	69964230	0
2	70018132	69975558	0
2	70018132	69996685	0
2	70018132	69996689	0
2	70018132	69996731	0
2	70018132	69996762	0
2	70018132	69996786	0
2	70018132	69996810	0
2	70018132	69996857	0
2	70018132	69996871	0
2	70018132	70011654	0
2	70018132	70014569	0
2	70018132	70015447	0
2	70018132	70015539	0
2	70019144	70018014	0
2	70019178	70018014	0
2	70019189	70018014	0
2	70019204	70018014	0
2	70028602	69996686	0
2	70032144	69996685	0
2	70032256	69963253	0
2	70032256	69963281	0
2	70032256	69964230	0
2	70032256	69975558	0
2	70032256	69988445	0
2	70032256	69988741	0
2	70032256	69996685	0
2	70032256	69996716	0
2	70032256	69996734	0
2	70032256	69996754	0
2	70032256	69996853	0
2	70032256	69996870	0
2	70032256	70018014	0
2	70032256	70029997	0
2	70032256	70031365	0
2	70032256	70031566	0
2	70032256	70031578	0
2	70032256	70031628	0
2	70032256	70031697	0
2	70032256	70031733	0
2	70032256	70031752	0
2	70032256	70031840	0
2	70032256	70031853	0
2	70032256	70031884	0
2	70034990	70032132	0
2	70046665	70032209	0
2	70051279	69996685	0
2	70051304	69996685	0
2	70051305	70018014	0
2	70051306	69963253	0
2	70051306	69963387	0
2	70051306	69964230	0
2	70051306	69975558	0
2	70051306	69988741	0
2	70051306	69996685	0
2	70051306	69996693	0
2	70051306	69996771	0
2	70051306	69996802	0
2	70051306	69996817	0
2	70051306	69996822	0
2	70051306	69996829	0
2	70051306	69997912	0
2	70051306	70003045	0
2	70051306	70011654	0
2	70051306	70018014	0
2	70051306	70018015	0
2	70051306	70018066	0
2	70051306	70031432	0
2	70051306	70032132	0
2	70051306	70032137	0
2	70051306	70032138	0
2	70051306	70032142	0
2	70051306	70032197	0
2	70051306	70032203	0
2	70051306	70045258	0
2	70051306	70046567	0
2	70051306	70046613	0
2	70051306	70048686	0
2	70051306	70048690	0
2	70051306	70049044	0
2	70051306	70049779	0
2	70051306	70050047	0
2	70051306	70050139	0
2	70051306	70050140	0
2	70051306	70050143	0
2	70051306	70050169	0
2	70053738	70051202	0
2	70053773	70051202	0
2	70053786	70051202	0
2	70053793	70051044	0
2	70053793	70051202	0
2	70053793	70051209	0
2	70053816	70051202	0
2	70053816	70051275	0
2	70053859	70050599	0
2	70053995	70051202	0
2	70054181	70051202	0
2	70055731	70053730	0
2	70055775	70051202	0
2	70055784	70053730	0
2	70055824	70053730	0
2	70055911	69996685	0
2	70055911	70011654	0
2	70055911	70018014	0
2	70055911	70051016	0
2	70055911	70051202	0
2	70055911	70051213	0
2	70055911	70053730	0
2	70059680	70055655	0
2	70059681	70018014	0
2	70059681	70051202	0
2	70059681	70051249	0
2	70059681	70053730	0
2	70059681	70055616	0
2	70059681	70055655	0
2	70059681	70055713	0
2	70059681	70055903	0
2	70059681	70056191	0
2	70059776	70051202	0
2	70059962	70051202	0
2	70059984	70055713	0
2	70060107	70050810	0
2	70070803	70051204	0
2	70077382	69996685	0
2	70077382	70011654	0
2	70077382	70018014	0
2	70077382	70051202	0
2	70077382	70051209	0
2	70077382	70053730	0
2	70077382	70055616	0
2	70077382	70055655	0
2	70077382	70055713	0
2	70077382	70059642	0
2	70081230	70059642	0
2	70081491	70059642	0
2	70083566	70051202	0
2	70083587	70051202	0
2	70083617	70051202	0
2	70083628	70059642	0
2	70083688	70018014	0
2	70083688	70051027	0
2	70083688	70051202	0
2	70083688	70051209	0
2	70083688	70053730	0
2	70083688	70055616	0
2	70083688	70055655	0
2	70083688	70055713	0
2	70083688	70055735	0
2	70083688	70059642	0
2	70083688	70077300	0
2	70083688	70081369	0
2	70085555	70083506	0
2	70085571	70018014	0
2	70085574	70083537	0
2	70085575	70051202	0
2	70085575	70053730	0
2	70085575	70059642	0
2	70085575	70083537	0
2	70085576	70055713	0
2	70085596	70077300	0
2	70085625	69996685	0
2	70085625	70018005	0
2	70085625	70018014	0
2	70085625	70051202	0
2	70085625	70053730	0
2	70085625	70055616	0
2	70085625	70055655	0
2	70085625	70055713	0
2	70085625	70059642	0
2	70085625	70073094	0
2	70085625	70077300	0
2	70085625	70083506	0
2	70085625	70083537	0
2	70085625	70083573	0
2	70085659	70083537	0
2	70085737	70059642	0
2	70085745	70085546	0
2	70085751	70051202	0
2	70085852	70059642	0
2	70085855	70085546	0
2	70085880	70085546	0
2	70085895	70085546	0
2	70085904	70085546	0
2	70085904	70085566	0
2	70085917	70085546	0
2	70085935	70085546	0
2	70086035	70085546	4
2	70086075	70085546	4
2	70086099	70085546	4
2	70086133	70085546	4
2	70086137	70085546	4
2	70086152	70085546	4
2	70086161	70085546	4
2	70086166	70085546	4
2	70086167	70085546	4
2	70086172	70085546	4
2	70086182	70083579	0
2	70086198	70085546	3
2	70086199	70085546	3
2	70086203	70085546	3
2	70086219	70085546	0
2	70086221	70085546	0
2	70086246	70085546	0
2	70086251	70085546	0
2	70086255	70085546	0
2	70086268	70085546	4
2	70086269	70085546	4
2	70086270	70085546	4
2	70086272	70085546	4
2	70086273	70085546	4
2	70086274	70085546	4
2	70086275	70085546	4
2	70086276	70085546	4
2	70086290	70085546	6
2	70086292	70085546	6
2	70086293	70085546	6
2	70086295	70085546	6
2	70086394	70085546	4
2	70086400	70085546	4
2	70086417	70085546	4
2	70086486	70085546	4
2	70087001	70085546	3
2	70087002	70085546	3
2	70087005	70085546	3
2	70087006	70085546	3
2	70087007	70085546	3
2	70087012	70085546	3
2	70087016	70085546	3
2	70087305	70085546	0
2	70087316	70085546	0
2	70087321	70085546	0
2	70087344	70085546	0
2	70087422	70085546	0
2	70087436	70085546	0
2	70087811	70085546	0
2	70087813	70085546	0
2	70087908	70085546	0
2	70088452	70085546	3
2	70088509	70085546	3
2	70088847	70085546	77
2	70088964	70085546	1421
2	70089207	70085546	0
2	70094479	70093896	0
2	70094479	70093938	0
2	70094995	70094385	0
2	70095060	70094385	0
2	70095167	70093893	0
2	70102910	70051202	0
2	70102925	70094958	0
2	70103221	70102790	0
2	70125318	70124035	0
2	70160788	70149879	0
2	70160788	70149897	0
2	70181996	70179531	0
2	70181998	70179531	0
2	70182936	70181162	0
2	70182936	70181602	0
2	70182936	70181649	0
2	70182936	70181805	0
2	70182936	70181808	0
2	70182936	70181891	0
2	70182936	70181918	0
2	70182936	70182396	0
2	70190700	70182666	0
2	70190700	70182840	0
2	70190716	70182666	0
2	70190901	70182666	0
2	70190908	70182666	0
2	70190954	70182788	0
2	70190978	70182666	0
2	70191005	70181508	0
2	70191005	70182666	0
2	70191018	70181479	0
2	70191072	70182666	0
2	70214492	70210203	1
2	70214495	70209443	0
2	70214495	70212675	0
2	70214495	70212748	0
2	70215323	70214348	0
2	70215495	70214348	0
2	70215495	70214351	0
2	70215495	70214363	0
2	70215495	70215124	0
2	70215661	70214348	0
2	70216293	70212316	0
2	70216293	70215370	0
2	70216500	70216118	0
2	70216500	70216152	0
2	70216500	70216207	0
2	70216500	70216233	0
2	70216829	70216403	0
2	70216845	70216403	0
2	70216995	70216403	0
2	70217161	70216424	0
2	70224593	70216885	0
2	70224630	70216403	0
2	70224630	70216671	0
2	70224630	70216752	0
2	70224630	70216847	0
2	70224630	70216885	0
2	70225067	70216821	0
2	70225394	70224553	1
2	70227792	70224553	0
2	70227823	70224423	0
2	70227823	70224425	0
2	70227823	70224553	0
2	70227824	70224553	0
2	70229092	70224553	0
2	70229092	70227734	0
2	70229092	70228343	0
2	70229319	70227734	0
2	70229319	70229058	0
2	70230855	70228897	0
2	70230855	70229189	0
2	70230855	70229263	0
2	70248616	70181629	0
2	70287372	70281506	13
2	70288193	70281361	5
2	70288193	70281366	5
2	70288193	70281503	5
2	70288193	70281504	5
2	70288193	70281506	5
2	70288193	70287264	5
2	70289373	70287935	1
2	70289373	70288067	1
2	70293720	70287807	1
2	70293741	70288067	0
2	70300981	70295974	0
2	70300981	70297010	2
2	70300981	70297175	2
2	70300981	70297425	2
2	70301604	70295975	1
2	70301604	70300839	1
2	70301995	70300839	3
2	70302013	70300507	0
2	70302046	70300839	3
2	70302057	70300839	3
2	70302057	70301407	11
2	70302091	70300839	3
2	70451761	70449318	30
2	70453328	70447279	0
2	70453328	70449318	3
2	70453328	70450172	0
2	70453328	70450655	0
2	70453328	70450771	0
2	70456489	70453217	0
2	70461702	70456365	0
2	70465734	70456338	0
2	70465737	70456338	0
2	70468496	70467384	1
2	70514913	70456338	0
2	70514913	70465615	0
2	70553491	70514858	0
2	70553639	70514858	0
2	70553773	70514858	0
2	70553827	70514858	0
2	70553974	70514858	0
2	70554016	70514858	0
2	70554194	70514858	0
2	7062915	7062345	0
2	70641508	70607617	0
2	70663736	70648634	1
2	70673007	70656783	0
2	70673007	70662129	0
2	70673007	70663243	0
2	70673007	70663482	0
2	70673007	70663497	0
2	70673327	70672877	0
2	70673349	70672877	0
2	70674826	70672877	0
2	70674826	70673240	0
2	70674826	70673310	0
2	70676886	70674677	1
2	70677782	70676795	0
2	70677878	70675092	0
2	70677878	70676402	0
2	70677878	70676795	0
2	70690930	70674677	0
2	70692553	70677757	0
2	70692553	70690785	0
2	70695802	70692402	0
2	70695802	70692427	0
2	70695802	70692546	0
2	70696397	70695720	0
2	70704460	70696244	0
2	70704460	70696290	0
2	70706409	70704320	4
2	70706443	70704320	0
2	70706444	70704320	0
2	70711251	70706412	0
2	70713185	70706225	0
2	70713185	70706356	0
2	70713185	70711132	0
2	70717779	70713065	0
2	7073355	7062662	0
2	70741407	70713065	0
2	70760702	70713069	0
2	70767470	70713065	0
2	70767716	70713065	0
2	70768178	70713065	0
2	70768198	70706225	0
2	70768199	70713065	0
2	70768201	70713065	0
2	70768213	70713065	0
2	7077047	7062726	0
2	7077047	7073744	0
2	7077047	7074503	0
2	70777672	70777309	0
2	7077881	7076881	0
2	7077902	7077039	0
2	70809858	70808642	0
2	70809858	70808812	0
2	70812599	70809738	0
2	70831820	70830213	0
2	70947672	70941826	0
2	70948376	70947539	0
2	70948553	70941816	0
2	70948611	70947533	0
2	70989018	70939317	0
2	70989018	70985937	102
2	70989018	70988353	3
2	70989018	70988599	1
2	70989722	70985943	0
2	70989817	70988914	1
2	70991984	70989576	0
2	70991984	70989748	0
2	70993776	70948226	0
2	70993776	70989748	0
2	70993776	70991788	0
2	70993776	70991829	0
2	71003921	71002530	0
2	71064744	71004836	0
2	71068713	71070501	1
2	71069062	71070501	0
2	71070587	71070740	0
2	71070840	71071685	0
2	71072752	71072825	3
2	71072752	71073481	1
2	71075611	71076603	0
2	71075643	71076603	0
2	71110859	71109813	0
2	71124452	71109683	0
2	71124544	71109683	0
2	71129818	71124205	0
2	71130215	71124205	0
2	71130238	71124205	0
2	71148107	71149222	3
2	71190022	71182738	0
2	71433284	71433475	0
2	72133308	72129237	4
2	72133308	72129392	4
2	72134917	72133022	0
2	72135420	72134760	0
2	72135420	72134850	0
2	72143085	72135143	0
2	72144214	72135143	0
2	72144416	72135279	0
2	72147863	72135143	0
2	72182906	72179308	0
2	72184188	72175983	0
2	72184188	72179014	0
2	72184188	72179128	0
2	72184188	72179172	0
2	72335021	72184074	0
2	72379871	72334946	0
2	72465340	72379728	0
2	72465340	72379808	0
2	72480751	72461475	0
2	72480751	72465159	0
2	72492430	72465159	0
2	72496560	72495429	0
2	72498552	72496453	0
2	72499973	72498453	0
2	72513253	72499900	0
2	72513253	72499927	0
2	72731053	72718102	0
2	72826006	72733070	0
2	72826020	72741303	0
2	72826042	72741303	0
2	72934356	72932973	0
2	72957104	72944739	0
2	72961249	72942035	0
2	72961249	72944739	0
2	72961249	72945021	0
2	72961249	72956979	0
2	72967324	72961201	0
2	72968534	72942035	0
2	72968534	72944602	0
2	72968534	72944863	0
2	72968534	72961130	0
2	72968534	72967236	0
2	72971686	72968446	0
2	72971686	72968447	0
2	72981118	72971569	0
2	72981235	72971569	0
2	72988349	72942035	0
2	72988349	72961130	0
2	72988349	72968447	0
2	72988349	72971569	0
2	72988349	72973180	0
2	72994965	72988257	0
2	72999015	72988257	0
2	72999015	72988291	0
2	73000488	72996511	0
2	73000488	72998948	0
2	73000488	72998950	0
2	73000488	72998956	0
2	73001575	73000430	0
2	73001579	73000430	0
2	73020265	72968447	0
2	73020265	73000430	0
2	73020265	73001524	0
2	73020265	73001526	0
2	73020265	73001528	0
2	73020840	73020238	0
2	73022577	73019446	0
2	73022577	73020085	0
2	73022577	73020238	0
2	73023215	73020238	0
2	73023215	73022521	0
2	73023215	73022534	0
2	73058597	73040853	0
2	73058597	73041606	0
2	73058597	73042487	0
2	73058597	73049085	0
2	73058597	73053328	0
2	73059159	73058076	0
2	73059173	73058527	0
2	73059177	73058527	0
2	73059181	73058527	0
2	73070568	73058527	0
2	73071267	73058527	0
2	73071290	73040853	0
2	73071331	73058527	0
2	73071663	73058527	0
2	73071674	73058527	0
2	73071710	73058527	0
2	73071725	73058527	0
2	73071726	73058527	0
2	73071729	73058527	0
2	73071837	73058527	0
2	73075620	73058527	0
2	73076183	73073381	4
2	73076183	73073383	4
2	73081664	73075992	0
2	73084397	73075992	0
2	73088329	73081203	0
2	73088750	73075992	0
2	73088750	73079650	0
2	73089316	73088049	0
2	73089656	73088049	0
2	73112784	73088878	0
2	73113019	73088878	0
2	73113207	73113399	8
2	731196	724965	0
2	731225	729305	0
2	73156722	73088941	0
2	73228963	73228005	1
2	73229571	73228330	1
2	73230214	73229460	2
2	73233229	73230112	0
2	73233230	73229798	0
2	73233239	73230112	0
2	73259297	73254681	3
2	73259297	73254689	3
2	73259297	73258605	0
2	73265641	73264277	0
2	73265967	73265281	2
2	73265967	73265482	4
2	73272303	73271196	0
2	73284311	73268725	0
2	73284432	73268725	0
2	73293702	73290929	0
2	73293706	73290928	0
2	73372227	73352609	0
2	73642394	73640831	0
2	73730737	73729103	7
2	73730737	73729168	6
2	73730737	73729233	5
2	73730737	73729829	8
2	73730737	73729889	8
2	73731150	73729889	10
2	73732286	73730263	4
2	73732286	73730559	2
2	73732286	73730584	2
2	73732701	73731905	4
2	73732701	73732162	0
2	73734589	73732162	3
2	73734592	73732162	3
2	73737336	73732162	1
2	73737387	73732162	3
2	73766595	73762183	0
2	73766904	73762593	1
2	73766904	73766417	1
2	73767208	73766827	0
2	73767208	73766867	0
2	73769326	73767160	0
2	73769326	73767418	0
2	73773924	73769264	0
2	73773924	73773252	0
2	73829071	73829404	11
2	73902489	73902623	0
2	73981362	73958015	0
2	73981434	73957969	0
2	73981442	73947641	0
2	74142361	74135397	0
2	74142361	74135400	0
2	74145304	74135414	0
2	74147913	74135400	0
2	74148224	74148349	51
2	74159255	74152527	3
2	74165352	74159068	0
2	74165352	74159090	0
2	74165352	74159108	0
2	74167108	74164021	0
2	74167108	74165217	0
2	74172750	74167013	0
2	74172753	74167013	0
2	74178282	74172675	0
2	74178315	74172585	0
2	74178867	74172585	1
2	74178869	74172585	1
2	74178880	74178007	3
2	74178899	74178114	4
2	74205890	74205981	1
2	74214476	74211603	8
2	74216217	74214401	67
2	74221502	74216082	0
2	74221502	74216241	0
2	74221502	74216242	0
2	74221502	74217658	0
2	74221502	74218610	0
2	74222953	74221433	0
2	74222953	74221466	0
2	74224996	74221433	0
2	74248487	74247035	0
2	74250518	74248352	0
2	74250788	74248354	0
2	74264300	74262136	0
2	74265265	74264146	0
2	74265265	74264147	0
2	74285903	74265103	0
2	74285903	74265231	0
2	74290706	74285772	0
2	74304681	74285772	0
2	74304681	74285784	0
2	74315024	74304488	0
2	74315026	74285772	0
2	74315026	74304488	0
2	74328167	74314944	0
2	74328187	74285772	0
2	74328187	74314944	0
2	74328236	74314944	0
2	74334178	74285772	0
2	74334178	74314944	0
2	74361157	74342457	0
2	74361637	74361003	83
2	74362142	74361153	0
2	74362142	74361154	0
2	74362142	74361155	0
2	74362142	74361156	0
2	74362142	74361157	0
2	74362142	74361158	0
2	74362142	74361412	0
2	74362142	74361498	0
2	74362730	74362051	0
2	74362930	74362050	0
2	74365658	74363293	1
2	74365658	74365074	4
2	74366019	74365074	5
2	74366019	74365514	5
2	74366195	74365456	3
2	74366376	74365892	1
2	74366376	74365971	1
2	74366621	74365892	2
2	74366933	74365892	5
2	74369396	74361154	5
2	74371177	74370620	2
2	74371729	74370978	4
2	74371729	74371005	4
2	74371896	74370978	2
2	74372043	74370620	2
2	74372949	74371356	1
2	74372949	74371536	2
2	74372949	74371642	2
2	74373216	74371674	0
2	74376763	74374322	0
2	74377467	74371536	0
2	74377467	74374322	0
2	74377467	74376740	0
2	74377467	74376741	0
2	74377727	74377431	0
2	74378246	74377647	0
2	74378246	74377692	0
2	74378973	74377999	0
2	74378973	74378035	0
2	74380300	74377999	0
2	74380346	74377999	0
2	74380356	74377999	0
2	74380558	74377999	0
2	74383807	74377999	0
2	74385442	74378186	0
2	74390729	74377999	0
2	74390729	74383742	0
2	74391229	74390582	0
2	74391781	74391187	0
2	74391801	74377999	0
2	74391844	74390582	0
2	74391866	74377999	0
2	74391868	74377999	0
2	74392037	74378904	0
2	74392088	74377999	0
2	74408214	74393835	0
2	74408214	74407796	0
2	74415928	74414175	7
2	74415928	74414177	7
2	74416233	74415708	4
2	74416242	74412647	0
2	74416242	74415596	5
2	74416242	74415708	4
2	74417718	74416010	0
2	74418543	74416016	4
2	74421561	74416010	7
2	74421592	74415407	4
2	74421663	74414390	5
2	74421817	74422119	0
2	74421817	74422152	0
2	74421817	74422869	0
2	74422376	74422869	0
2	74423386	74423477	0
2	74423386	74423854	0
2	74423532	74423854	0
2	74424976	74425074	0
2	74427201	74426179	11
2	74427274	74425835	5
2	74427274	74425875	7
2	74427274	74425882	7
2	74427274	74426405	7
2	74430038	74428847	0
2	74430370	74429827	0
2	74430370	74430027	0
2	74430519	74430251	0
2	74430519	74430254	0
2	74432577	74430615	0
2	74432667	74430615	0
2	74439978	74432058	0
2	74439978	74432466	0
2	74440198	74432471	0
2	74440632	74432466	0
2	74441899	74431754	0
2	74441900	74432466	0
2	74442420	74432560	0
2	74442423	74432466	0
2	74455175	74455390	0
2	74455175	74455405	0
2	74455297	74455390	0
2	74458571	74458638	11
2	74458672	74458831	19
2	74458672	74458996	20
2	74458672	74459437	12
2	74458672	74459477	11
2	74458920	74459437	8
2	74459099	74459477	7
2	74459553	74459642	8
2	74459563	74459642	9
2	74460050	74460220	15
2	74463013	74461105	91
2	74463220	74461101	79
2	74463332	74461117	69
2	74463332	74461119	69
2	74463332	74461125	69
2	74463332	74462278	55
2	74463387	74461056	41
2	74463387	74461068	38
2	74463387	74461101	35
2	74463387	74461119	35
2	74463387	74461125	35
2	74463387	74461178	34
2	74463387	74461222	28
2	74463387	74461257	25
2	74463387	74462960	13
2	74463387	74462996	14
2	74463387	74463189	21
2	74463638	74462793	8
2	74463647	74461069	3
2	74464723	74461119	11
2	74464723	74461125	11
2	74464723	74461183	10
2	74464723	74463189	5
2	74464723	74463379	7
2	74464988	74463189	8
2	74464988	74464495	8
2	74465163	74463189	4
2	74465246	74464495	30
2	74465284	74463189	8
2	74465295	74464665	39
2	74465328	74464495	21
2	74465383	74464495	8
2	74465386	74464495	8
2	74465389	74463189	3
2	74465394	74464495	8
2	74465401	74463189	3
2	74465401	74464416	8
2	74465401	74464495	8
2	74465405	74463189	3
2	74465411	74463189	3
2	74465411	74464495	8
2	74472471	74471957	62
2	74472471	74471985	62
2	74472548	74471991	51
2	74472665	74471992	64
2	74472688	74471985	24
2	74472797	74472357	21
2	74473323	74472357	6
2	74475116	74472568	2
2	74475116	74473789	0
2	74475116	74474101	1
2	74475403	74474558	0
2	74475403	74474915	0
2	74475687	74475224	2
2	74475688	74474912	1
2	74475727	74475224	2
2	74480883	74475335	0
2	74480883	74475611	3
2	74481066	74480768	10
2	74481087	74480768	10
2	74481087	74480769	10
2	74481258	74480955	10
2	74481373	74480768	10
2	74481373	74480955	10
2	74481539	74481222	14
2	74481980	74481255	10
2	74483409	74481222	11
2	74490128	74490243	0
2	74490474	74490655	0
2	74490740	74491127	1
2	74491667	74491943	1
2	74491667	74492003	1
2	74491667	74492138	1
2	74491673	74492003	0
2	74492056	74492138	2
2	74492230	74492303	0
2	74492446	74492645	0
2	74492446	74492675	0
2	74492446	74492924	0
2	74492748	74492921	0
2	74492748	74492924	0
2	74499368	74498687	1
2	74499717	74497516	0
2	74501615	74497581	1
2	74502985	74497581	7
2	74503217	74501496	13
2	74503317	74497516	3
2	74503408	74503639	41
2	74505420	74505042	2
2	74505420	74505145	2
2	74505611	74505045	2
2	74505613	74505338	3
2	74505639	74505338	3
2	74505727	74505367	4
2	74505771	74505338	12
2	74506885	74505736	8
2	74506885	74506180	9
2	74507148	74506731	6
2	74507152	74506731	6
2	74507395	74506400	9
2	74507417	74506731	5
2	74519231	74518130	0
2	74519747	74519039	0
2	74520035	74519555	0
2	74520035	74519585	0
2	74523538	74522579	0
2	74523538	74523118	0
2	74523926	74523309	0
2	74524257	74523338	0
2	74524308	74522855	0
2	74524308	74523309	0
2	74525203	74523922	0
2	74525203	74524027	0
2	74526195	74524266	0
2	74527060	74526647	19
2	74527060	74526651	19
2	74527122	74526644	10
2	74527122	74526688	25
2	74527364	74526745	26
2	74527364	74526940	27
2	74527591	74526940	17
2	74527615	74527031	25
2	74527839	74527470	14
2	74528007	74527735	12
2	74528086	74527470	13
2	74528322	74527939	22
2	74528490	74527735	23
2	74528490	74528247	26
2	74528936	74528416	14
2	74528937	74528416	14
2	74529283	74528416	21
2	74529283	74528750	40
2	74529500	74528750	38
2	74529500	74528821	51
2	74529913	74530444	13
2	74529913	74530460	11
2	74531106	74531338	24
2	74531372	74531566	28
2	74531372	74531596	26
2	74531372	74531855	25
2	74531412	74531596	26
2	74531703	74531855	15
2	74532715	74532819	20
2	74533994	74532413	30
2	74533994	74532437	22
2	74533994	74532603	18
2	74533994	74533129	39
2	74533994	74533252	6
2	74534237	74533727	0
2	74534237	74533881	0
2	74535455	74534530	0
2	74535756	74535291	4
2	74536151	74535288	1
2	74536151	74535291	1
2	74536151	74535587	1
2	74536151	74535643	1
2	74536472	74534099	0
2	74536929	74536290	0
2	74549460	74536290	0
2	74549577	74536290	0
2	74549584	74536708	0
2	74549584	74536710	0
2	74549584	74539792	1
2	74549664	74536290	0
2	74550349	74536290	0
2	74554548	74554721	15
2	74555454	74555574	6
2	74555454	74555578	6
2	74555691	74552321	0
2	74559710	74557882	0
2	74560292	74557891	0
2	74575490	74558649	0
2	74575580	74562216	0
2	74576619	74575437	0
2	74576619	74575493	0
2	74581848	74576455	0
2	74607224	74581673	0
2	74615150	74581794	0
2	74615150	74607054	0
2	74615150	74607153	0
2	74615825	74614963	0
2	74620980	74618855	0
2	74640328	74581673	0
2	74640328	74614963	0
2	74924847	74919554	0
2	75051448	75046462	0
2	75053756	75051035	0
2	75053756	75051250	0
2	75120767	75118806	0
2	75120769	75053604	0
2	75199058	75120573	0
2	75199701	75120573	0
2	75517973	75493073	0
2	75518209	75469301	0
2	75518209	75492317	0
2	75518209	75492485	0
2	75518209	75493150	0
2	75518209	75493266	0
2	75518209	75493391	0
2	75518704	75518055	2
2	75522488	75518055	0
2	75522488	75518057	0
2	75560914	75522364	0
2	75560920	75558482	0
2	75560924	75522364	0
2	75560937	75518055	0
2	75560939	75526111	0
2	75561299	75522364	0
2	75561330	75518055	0
2	75569699	75526111	0
2	75569723	75522364	0
2	75664784	75651999	11
2	75665942	75664561	4
2	75666054	75662705	3
2	75666054	75662707	3
2	75666054	75664418	3
2	75666054	75664633	3
2	75666054	75664644	3
2	75670215	75664417	5
2	75670285	75665928	9
2	75672017	75670137	9
2	75690720	75689968	0
2	75692101	75690487	0
2	75692101	75690637	0
2	75694428	75690637	0
2	75696316	75694240	0
2	75701288	75694240	0
2	75701288	75696199	0
2	75701288	75696251	0
2	75701373	75696199	0
2	75702424	75701189	2
2	75706652	75701189	0
2	75706652	75701795	0
2	75706652	75702198	2
2	75706652	75702312	2
2	7672247	7671603	0
2	77519865	76747718	0
2	77519865	76748552	0
2	77519865	76748557	0
2	77521749	77518317	0
2	77521819	77516667	0
2	77521819	77518317	0
2	77522211	77517515	0
2	77522340	77518317	0
2	77593197	77519761	0
2	77593320	77552565	0
2	77654669	77652412	0
2	7887810	7886769	0
2	7889560	7887774	0
2	7896173	7889423	0
2	7896173	7889485	0
2	79026170	79026712	0
2	79085604	79085029	0
2	79085604	79085030	0
2	79086505	79085405	0
2	79086505	79085491	0
2	79086848	79086366	0
2	79086931	79085539	0
2	79086931	79086366	0
2	79087659	79085874	0
2	79087659	79086811	0
2	79087994	79087114	0
2	79087994	79087548	0
2	79088018	79087548	0
2	79088020	79087548	0
2	79120515	79120815	0
2	79121681	79121987	0
2	79136077	79135700	0
2	79136928	79135964	0
2	79137338	79135502	0
2	79137338	79136864	0
2	79137343	79135502	0
2	79137343	79136789	0
2	79137343	79136887	0
2	79138031	79137223	0
2	79138077	79135502	0
2	79138077	79136934	0
2	79138077	79137223	0
2	79138370	79135502	0
2	79138370	79137223	0
2	79138428	79137672	0
2	79138428	79137966	0
2	79157699	79157002	0
2	79157699	79157006	0
2	79157699	79157091	0
2	79158770	79158325	0
2	79159417	79158650	0
2	79159440	79158650	0
2	79159745	79158848	0
2	79159750	79159329	0
2	79159754	79158647	0
2	79159754	79158650	0
2	79159754	79159329	0
2	79319725	79319809	0
2	79498156	79493715	0
2	795159	791613	0
2	79575594	79573763	0
2	7968280	7922424	0
2	7976847	7924153	0
2	80029501	80028011	0
2	80303879	80288350	0
2	80303879	80298180	0
2	80304014	80303492	0
2	80304082	80303150	0
2	80304275	80301879	0
2	80304394	80301944	0
2	80304441	80303268	0
2	80304731	80301944	0
2	80304750	80301877	0
2	80579484	80576391	0
2	8060406	8007770	0
2	8060406	8039933	0
2	80604172	80586268	0
2	80605308	80572680	0
2	80605308	80576233	0
2	80605308	80601622	0
2	80605308	80603712	0
2	80605634	80578896	0
2	80605635	80572685	0
2	80605635	80579384	0
2	80605635	80603566	0
2	80605635	80604010	0
2	80605669	80575112	0
2	80605669	80575275	0
2	80612995	80605601	0
2	80616539	80605601	0
2	806250	779839	0
2	806250	780350	0
2	80703695	80699387	0
2	81461753	81461361	0
2	81462842	81461357	0
2	81983436	81983271	0
2	8243642	8207142	0
2	82522029	82479127	0
2	8278085	7979259	0
2	8287559	8060347	0
2	8312850	8299675	0
2	8324631	8299675	0
2	8324685	8312725	0
2	8362276	8312808	0
2	84425604	84423522	0
2	84425604	84423559	0
2	84426937	84423529	0
2	84431660	84425413	0
2	84431660	84425414	0
2	84433436	84431507	0
2	84433772	84431507	0
2	84441093	84433206	1
2	84441105	84433351	1
2	84441460	84441046	3
2	84441460	84441059	2
2	84441460	84441078	1
2	84443401	84441232	0
2	84443401	84441246	0
2	84449753	84441246	0
2	84824205	84821649	0
2	84824205	84821665	0
2	84824205	84821941	0
2	84839324	84832054	12
2	84839324	84835918	4
2	84839324	84837789	1
2	84842008	84839066	0
2	84842008	84839148	0
2	84842022	84839148	0
2	84870786	84839148	0
2	84870786	84841860	0
2	84881151	84870224	0
2	84881246	84870224	0
2	84881976	84870328	0
2	84907009	84870588	0
2	84907009	84901642	0
2	85067348	85064107	0
2	85322800	85318019	217
2	85324999	85318023	26
2	85324999	85318026	27
2	85324999	85321893	26
2	85324999	85322745	14
2	85326805	85324914	0
2	85327686	85324384	0
2	85327686	85324914	1
2	85343799	85342087	0
2	85343799	85342681	15
2	85343799	85342970	0
2	85349482	85345512	0
2	85349582	85345974	0
2	85350242	85349383	0
2	85350242	85349431	1
2	85350892	85350039	0
2	85351017	85349877	1
2	85351022	85350039	1
2	85351863	85350779	0
2	85354501	85349383	0
2	85354507	85350779	1
2	85354532	85351398	0
2	85354621	85351679	0
2	85355171	85355554	8
2	85355171	85356966	4
2	85355599	85356966	11
2	85355717	85356601	8
2	85355717	85356966	3
2	85355785	85356966	5
2	85355897	85356966	11
2	85356534	85356966	6
2	85356668	85356966	3
2	85371210	85371439	0
2	85390266	85390759	0
2	85395627	85394747	0
2	85395627	85394752	0
2	85395627	85394766	1
2	85395627	85394827	2
2	85395627	85394892	2
2	85395627	85394894	2
2	85396011	85395574	0
2	85398132	85395537	0
2	85398153	85395537	0
2	85398353	85395537	2
2	85398735	85398019	0
2	85398783	85398019	0
2	85399286	85398689	0
2	85399286	85398719	0
2	85401330	85398689	0
2	85401330	85399135	0
2	85401330	85399145	0
2	85401330	85399180	0
2	85401589	85401171	1
2	85401672	85401164	1
2	85401684	85401164	1
2	85401684	85401528	22
2	85401958	85401528	0
2	85401958	85401650	22
2	85402151	85401784	0
2	85402159	85401528	0
2	85402159	85401784	0
2	85408816	85402122	0
2	85409833	85402122	0
2	85410353	85401784	0
2	85410371	85402122	0
2	85410554	85402122	0
2	85413214	85402122	0
2	85413245	85402122	0
2	85413245	85402137	0
2	85414019	85401644	0
2	85414043	85402122	0
2	85414075	85402122	0
2	85418433	85402122	0
2	85418931	85419028	0
2	85429613	85429980	0
2	8542975	8541076	0
2	8544403	8542784	0
2	8545237	8506445	0
2	8545237	8543591	0
2	8545237	8544230	0
2	85541161	85541254	4
2	85541378	85541632	19
2	85542374	85542564	29
2	85550751	85544722	4
2	85550751	85549829	0
2	85552568	85551811	0
2	85553071	85552415	0
2	85553071	85552478	0
2	85553498	85552938	0
2	85553804	85552922	0
2	85555591	85554142	0
2	85556261	85554843	1
2	85556261	85555483	0
2	85558606	85556181	0
2	85558663	85556181	0
2	85558663	85556217	0
2	85559076	85547619	1
2	85559076	85556181	0
2	85559076	85558439	1
2	85559076	85558538	3
2	85560986	85558439	0
2	85560986	85558724	0
2	85560986	85558916	1
2	85560986	85558945	1
2	85561494	85558439	1
2	85561494	85558583	3
2	85561494	85558916	0
2	85561494	85558945	0
2	85561494	85559005	0
2	85561533	85558916	0
2	85596650	85596726	6
2	85596650	85596821	10
2	85596650	85596856	8
2	85596650	85596952	10
2	85597179	85597444	4
2	85599703	85598547	5
2	85599703	85598548	5
2	85599703	85598561	5
2	85599703	85598577	5
2	85599703	85598583	5
2	85599703	85599084	0
2	85599991	85598652	0
2	85600019	85599524	0
2	85600019	85599591	0
2	85600019	85599617	0
2	85600413	85599890	0
2	85600760	85600344	0
2	85601108	85599890	0
2	85601108	85599926	0
2	85601108	85600344	0
2	85601483	85599890	0
2	85601483	85600344	0
2	85601483	85601020	0
2	85601759	85601434	0
2	85601766	85601305	0
2	85602065	85601020	0
2	85602065	85601260	0
2	85602065	85601305	0
2	85602065	85601434	1
2	85602417	85601434	1
2	85602670	85601020	0
2	85609587	85606653	40
2	85609587	85608283	31
2	85609587	85608566	21
2	85611742	85611242	44
2	85611787	85609434	12
2	85611936	85609434	30
2	85612030	85611667	45
2	85612033	85610219	9
2	85612067	85609434	12
2	85648854	85649016	193
2	85661536	85657313	0
2	85661536	85657317	0
2	85661536	85658254	0
2	85661536	85658289	0
2	85662110	85661217	0
2	85662110	85661453	0
2	85663479	85662028	0
2	85663480	85662028	0
2	85663492	85662028	0
2	85663548	85662213	0
2	85663848	85662028	0
2	85666743	85665605	0
2	85667178	85666534	0
2	85667178	85666616	0
2	85694471	85694752	0
2	85694471	85694915	0
2	85694471	85695319	0
2	85694924	85695319	0
2	85694997	85695319	0
2	85695187	85695319	0
2	85696057	85696564	0
2	8570582	8559832	0
2	8575502	8545147	0
2	8576956	8570330	0
2	8577142	8506445	0
2	8577142	8545147	0
2	8577142	8570447	0
2	85844522	85839205	0
2	85844522	85839281	0
2	85844555	85837119	0
2	85844555	85837627	0
2	85844555	85839148	0
2	85844555	85839149	0
2	85844555	85839150	0
2	85844555	85839168	0
2	85844555	85839187	0
2	85844555	85839193	0
2	85844555	85839195	0
2	85844555	85839197	0
2	85844555	85839203	0
2	85844555	85839205	0
2	85844555	85839209	0
2	85844555	85839262	0
2	85844555	85839264	0
2	85844555	85839640	0
2	85844555	85839882	0
2	85844555	85840357	0
2	85846254	85839188	0
2	85846425	85839188	0
2	85846425	85844395	0
2	85846564	85839148	0
2	85846564	85839168	0
2	85846564	85839177	0
2	85846564	85839195	0
2	85846564	85839203	0
2	85846564	85839205	0
2	85846564	85840064	0
2	85846564	85844395	0
2	85846564	85844407	0
2	85846792	85844406	0
2	85847563	85846376	0
2	85848085	85846376	0
2	85848205	85839195	0
2	85848205	85839223	0
2	85848205	85844395	0
2	85848205	85846376	0
2	85848205	85846405	0
2	85848205	85846447	0
2	85848205	85847381	0
2	85848205	85847860	3
2	85848382	85839813	0
2	85848382	85844395	0
2	85848382	85846376	0
2	85848382	85847381	1
2	85849577	85847381	0
2	85850199	85846376	0
2	85850835	85847381	0
2	85850930	85846376	0
2	85850935	85846376	0
2	85851704	85846376	0
2	85851704	85847381	0
2	85851704	85847860	0
2	85851704	85847996	0
2	85851704	85848101	0
2	85851704	85848112	0
2	85853001	85847860	0
2	85853001	85851263	0
2	85853092	85847860	0
2	85853092	85851263	0
2	85853098	85851393	0
2	85853100	85847860	0
2	85853100	85851263	0
2	85854176	85851263	0
2	85854195	85850991	0
2	85855526	85847860	0
2	85856449	85851263	0
2	85858248	85847860	0
2	85861218	85847860	0
2	85861232	85852859	0
2	85861293	85839195	0
2	85861293	85846376	0
2	85861293	85847381	0
2	85861293	85847860	0
2	85861293	85848020	0
2	85861293	85848115	0
2	85861293	85851263	0
2	85861293	85852859	0
2	85861293	85852967	0
2	85861293	85853058	0
2	85861293	85858133	0
2	85863370	85861180	0
2	85863450	85861180	0
2	85863451	85861180	0
2	85863463	85861180	0
2	85863465	85861180	0
2	85863474	85861180	0
2	85863486	85846376	0
2	85863486	85847860	0
2	85863486	85860921	0
2	85863486	85861180	0
2	85863486	85861281	0
2	85866201	85863361	0
2	85867671	85863361	0
2	85868059	85863361	0
2	85870176	85863361	0
2	85870180	85863361	0
2	85870240	85863361	0
2	85870254	85863361	0
2	85870259	85863361	0
2	85875546	85863361	0
2	85887581	85863361	0
2	85887941	85863361	0
2	85888387	85863361	0
2	85888402	85863361	0
2	85888686	85863361	0
2	85888748	85863361	0
2	85888777	85863361	0
2	85888827	85863361	0
2	85888882	85863361	0
2	85888889	85863361	0
2	85888904	85863361	0
2	85888907	85863361	0
2	85888909	85863361	0
2	85888911	85863361	0
2	85888917	85863361	0
2	85888940	85863361	0
2	85888959	85863361	0
2	85888964	85863361	0
2	85888968	85863361	0
2	85888989	85861180	0
2	85888991	85863361	0
2	85888998	85863361	0
2	85889001	85863361	0
2	85889038	85863361	0
2	85889056	85863361	0
2	85893929	85863361	0
2	85893929	85863372	0
2	85905200	85893807	0
2	86028050	86020215	5
2	86028050	86026327	6
2	86028712	86027884	0
2	86028800	86027965	0
2	86031636	86030195	0
2	86032383	86030195	0
2	86032383	86031329	0
2	86032383	86031420	0
2	86032383	86031503	0
2	86032383	86031512	0
2	86039463	86038699	0
2	86040201	86039324	0
2	86040560	86039326	0
2	86054290	86052816	0
2	86065466	86054139	0
2	86065715	86054137	0
2	8607802	8600891	0
2	86078285	86077858	0
2	86080979	86078040	1
2	86080979	86078113	0
2	86081707	86080815	0
2	86083169	86081600	1
2	86083169	86081616	1
2	86088670	86083081	0
2	86130738	86131077	1
2	86133064	86133177	1
2	86133257	86133345	1
2	86146198	86143931	2
2	86146198	86143935	2
2	86146198	86143939	2
2	86158722	86153559	2
2	86159672	86158375	0
2	86159672	86158476	1
2	86159672	86158591	0
2	86162080	86159246	0
2	86162080	86159535	0
2	86166645	86143948	0
2	86166645	86159535	0
2	86170802	86166507	1
2	86170842	86166507	1
2	86170842	86166578	1
2	86170845	86166507	1
2	86171313	86166507	0
2	86171313	86170748	0
2	86171346	86166507	0
2	86171346	86170748	0
2	86171382	86170748	0
2	86171578	86170790	0
2	86173762	86166507	0
2	86173762	86170748	0
2	86173762	86171207	0
2	86173763	86171207	0
2	86179623	86173507	0
2	86179623	86173649	0
2	86195003	86181298	0
2	86195404	86181298	0
2	86195434	86181298	0
2	86195436	86181298	0
2	86195451	86181298	0
2	86195465	86181298	0
2	86195473	86181298	0
2	86195771	86181298	0
2	86210614	86212425	55
2	86210614	86213627	54
2	86220122	86215318	0
2	86220122	86215617	0
2	86220122	86216307	0
2	86220122	86216516	0
2	86220141	86214250	0
2	86232803	86213992	0
2	86232803	86216553	0
2	86232803	86216580	0
2	86232803	86216793	1
2	86232803	86219969	0
2	86232803	86227362	0
2	86240072	86232624	0
2	86252071	86232624	0
2	86252071	86232675	0
2	86252071	86232733	0
2	86252071	86239921	0
2	86252071	86240020	0
2	86254815	86251351	0
2	86254815	86251956	0
2	86255019	86251956	0
2	86264042	86232624	0
2	86264042	86254693	0
2	86282211	86263964	0
2	86282233	86263964	0
2	86282243	86263964	0
2	86282243	86263993	0
2	86337628	86263964	0
2	86478030	86478169	0
2	86478736	86480166	2
2	86482695	86483986	0
2	86489438	86489519	0
2	86489660	86490880	0
2	86491276	86492038	2
2	86492090	86492093	6
2	86507594	86503430	6
2	86507594	86504527	0
2	86507594	86505443	0
2	86507594	86505667	0
2	86507594	86505774	0
2	86507594	86505928	0
2	86510430	86507478	0
2	86510480	86507478	0
2	86512536	86507047	0
2	86529398	86507478	0
2	86529398	86510357	0
2	86529398	86510377	0
2	86529398	86510423	0
2	86529398	86527047	0
2	86542313	86510357	0
2	86542313	86529217	0
2	86542313	86529287	0
2	86542313	86540642	0
2	86542314	86529217	0
2	86563480	86529217	0
2	86604364	86605242	8
2	86612275	86603392	0
2	86612275	86604319	0
2	86612275	86604599	0
2	86614700	86603399	0
2	86620470	86542251	0
2	86620470	86612158	0
2	86620470	86615154	0
2	86620470	86616430	0
2	86620470	86616708	1
2	8671773	8670983	0
2	8671773	8671244	0
2	8673308	8666635	0
2	8678287	8677488	0
2	8678335	8675743	0
2	8678645	8677776	0
2	8678812	8677977	0
2	8678854	8677868	0
2	86788561	86784609	0
2	86788561	86784610	0
2	86788561	86785919	0
2	8679057	8677853	0
2	8681864	8673036	0
2	86822375	86815346	0
2	86844959	86815449	0
2	86844959	86815556	0
2	86844959	86822320	0
2	86844959	86841581	0
2	86844959	86844631	0
2	86853087	86815338	0
2	87013120	87011129	0
2	87013120	87011171	0
2	87016409	87002558	0
2	87016409	87012301	0
2	87016409	87012311	0
2	87016409	87012624	0
2	87016409	87013004	0
2	87016409	87015651	0
2	87031899	87030674	0
2	87032204	87031814	0
2	87032204	87031815	0
2	87055801	87052813	0
2	87076061	87055657	0
2	87076430	87055657	0
2	87118927	87118533	0
2	87253751	87249094	0
2	8726944	8721080	0
2	8726944	8725559	0
2	8733681	8726886	0
2	8733681	8727188	0
2	8733681	8728856	0
2	8733681	8728928	0
2	8733681	8730200	0
2	8733681	8731952	0
2	8734754	8733443	0
2	8734754	8733608	0
2	8737000	8734654	0
2	8737290	8734654	0
2	8740185	8736867	0
2	87445757	87439841	0
2	87455453	87455563	15
2	87455646	87455751	4
2	87458964	87455545	4
2	87459045	87439522	0
2	8747202	8736867	0
2	8747202	8740151	0
2	8748001	8736867	0
2	8748001	8747144	0
2	8749422	8746456	0
2	8750336	8736867	0
2	8750336	8747886	0
2	87583319	87584833	128
2	87583347	87585170	102
2	8770708	8751465	0
2	8770737	8751465	0
2	8770833	8751465	0
2	8770833	8757193	0
2	87772365	87755954	0
2	87772365	87771405	0
2	87782670	87781177	0
2	87784348	87774943	0
2	87825768	87818558	0
2	87825953	87818558	0
2	8790060	8788646	0
2	8791225	8789879	0
2	8791225	8789983	0
2	87985915	87980713	0
2	8800499	8798201	0
2	8802972	8800399	0
2	8803128	8800206	0
2	8803128	8800399	0
2	88034293	88027204	0
2	88124587	88122981	0
2	88126349	88123019	0
2	88126349	88123028	0
2	88126349	88124493	0
2	88126747	88126175	0
2	88128050	88126175	0
2	88128060	88125911	0
2	88128117	88126175	0
2	8827130	8818694	0
2	8827130	8825742	0
2	8837597	8826985	0
2	8837601	8826985	0
2	8837613	8826985	0
2	8837614	8826701	0
2	8837626	8826985	0
2	8837631	8826985	0
2	88452657	88446786	0
2	88558980	88556740	0
2	88558980	88556742	0
2	88558980	88557853	0
2	88571042	88562288	0
2	88575078	88570919	0
2	88575409	88574665	2
2	88575447	88570873	0
2	88576704	88574665	0
2	88576704	88575382	0
2	88591053	88590442	0
2	88593406	88590817	0
2	88593406	88590818	0
2	8860765	8852689	0
2	8860765	8858348	0
2	8860765	8858846	0
2	8861143	8858858	1
2	8862323	8860612	0
2	8862323	8860694	0
2	8862477	8860612	0
2	8862723	8860612	0
2	8862723	8862270	1
2	88628733	88631399	1
2	8864235	8860612	0
2	8864235	8862270	0
2	8864235	8862325	0
2	8864235	8862589	0
2	8873301	8868445	0
2	8877135	8873107	0
2	8877214	8873107	0
2	8877214	8873193	0
2	88801306	88804379	0
2	88801310	88802712	0
2	88802866	88804379	0
2	88804451	88804786	0
2	88805409	88806115	0
2	88805409	88806322	0
2	88814431	88811632	0
2	88818430	88811185	0
2	8882566	8876986	0
2	8882566	8877029	0
2	8882566	8877121	0
2	88861564	88818273	0
2	88932381	88931665	0
2	88947958	88947300	0
2	88966768	88966261	0
2	88979082	88978467	0
2	88992932	88992408	0
2	89010516	89009981	0
2	89020687	89019991	0
2	89027732	89027170	0
2	89040746	89040223	0
2	89046467	89045994	0
2	89078785	89078009	0
2	89085788	89085176	0
2	8908717	8888017	0
2	8908717	8908153	0
2	89100362	89099858	0
2	89117845	89117341	0
2	89129484	89128723	0
2	89143161	89142573	0
2	89160367	89159750	0
2	89171213	89170774	0
2	89172554	89172021	0
2	89177161	89176327	0
2	89196830	89196095	0
2	89213929	89213422	0
2	89222462	89221697	0
2	89234913	89234173	0
2	89245597	89244780	0
2	89252737	89252210	0
2	89254016	89253570	0
2	89268286	89266493	0
2	89268507	89268000	0
2	89275788	89275297	0
2	89297786	89297263	0
2	89320147	89319624	0
2	89580636	89554089	1
2	89580636	89562334	1
2	89581141	89542841	0
2	89581141	89562092	0
2	89581141	89580557	0
2	89623758	89622212	0
2	901719	900215	0
2	901960	901496	0
2	901960	901561	0
2	90315837	90315365	0
2	9104161	9104435	0
2	91654998	91635239	6
2	91654998	91636687	2
2	91654998	91642998	1
2	91655379	91654919	0
2	91655503	91617159	0
2	91655503	91628760	2
2	91655503	91654919	0
2	91696665	91686101	0
2	91697997	91696450	0
2	91698616	91696451	0
2	91887597	91883075	0
2	91892540	91888483	0
2	91893489	91892389	0
2	91893489	91892471	0
2	92035001	92034521	0
2	921125	910925	0
2	9407599	9403474	6
2	9407599	9405683	0
2	9407599	9406348	4
2	9407599	9406659	4
2	9407599	9406660	4
2	9408206	9405683	0
2	9408206	9405693	0
2	9408206	9406647	2
2	9408206	9406660	2
2	9408206	9406666	2
2	9408206	9407029	0
2	9408206	9407448	0
2	9408206	9407542	0
2	9408206	9407571	0
2	9408300	9407448	0
2	9408405	9406813	0
2	9412406	9408001	0
2	9412406	9408112	0
2	9412406	9408151	0
2	9412718	9408112	0
2	9414257	9408112	0
2	9414257	9412067	0
2	9414257	9412268	0
2	9414257	9412296	0
2	9414257	9412303	0
2	9414257	9412359	0
2	9418733	9412268	0
2	9420101	9412268	0
2	9423445	9412268	0
2	9423463	9412268	0
2	94583026	94575975	0
2	94585474	94582872	0
2	94759668	94759258	0
2	94796019	94791102	0
2	94813541	94808470	0
2	94816006	94813390	0
2	94817354	94815081	0
2	94817802	94811045	0
2	94848155	94845379	0
2	94872078	94872816	0
2	94873550	94867485	0
2	94873553	94868684	0
2	94881439	94873388	0
2	9488393	9488977	45
2	94887097	94881271	0
2	94892757	94886860	0
2	94892779	94886858	0
2	9491152	9488485	22
2	9491152	9488636	21
2	9491152	9489287	22
2	9491152	9489394	52
2	9491152	9489588	3
2	9491152	9489810	3
2	9491152	9489856	3
2	9491152	9490358	3
2	94930174	94881271	0
2	94930174	94892507	0
2	9493826	9492897	3
2	9494768	9493746	0
2	9494768	9493788	0
2	94953594	94953160	0
2	94961504	94961046	0
2	94972168	94971953	0
2	9497249	9494636	0
2	9502277	9497004	0
2	9502277	9497113	0
2	9502277	9499491	0
2	95026434	95025192	0
2	950275	949626	0
2	95053177	95051394	0
2	9505319	9502172	0
2	9505366	9499437	0
2	9505366	9502172	0
2	95090523	95087206	0
2	95090523	95087207	0
2	95090523	95087323	1
2	95090523	95087406	1
2	95093692	95087207	1
2	9510132	9499206	0
2	95104731	95101676	0
2	95106458	95101676	0
2	95106458	95103752	0
2	95106458	95104639	0
2	95106654	95101676	0
2	95106689	95104348	0
2	95115204	95109915	0
2	95117946	95115065	0
2	95117946	95115121	0
2	95149435	95117864	0
2	95152770	95147329	0
2	95152770	95147936	0
2	95152770	95148302	0
2	95153260	95152673	0
2	95153260	95152725	0
2	95155692	95152673	0
2	9517990	9509978	0
2	9522439	9518102	0
2	9523339	9518102	0
2	9523339	9521202	0
2	9523349	9521595	0
2	9526265	9518102	0
2	9526265	9521202	0
2	95278005	95278720	0
2	95278785	95278984	0
2	9527955	9523248	0
2	9527955	9526110	0
2	95289007	95289223	0
2	9535923	9527500	0
2	9535923	9527785	0
2	9535923	9529487	0
2	95410587	95410863	0
2	95414016	95413455	0
2	95414297	95413959	0
2	95469779	95468862	0
2	95478858	95476966	0
2	95478858	95477163	0
2	95487624	95486479	0
2	95525784	95526232	120
2	95529356	95530070	29
2	9555701	9527785	0
2	9555735	9527785	0
2	9556733	9543152	0
2	95796589	95797026	0
2	95813534	95807117	0
2	95816216	95807117	2
2	95851196	95836918	0
2	95851788	95851165	0
2	95853862	95852125	0
2	95855378	95853708	0
2	95856181	95852289	0
2	95856181	95853708	0
2	95857493	95855265	0
2	95857493	95856007	0
2	95859930	95857308	0
2	95860075	95857308	0
2	95860075	95857457	0
2	95860075	95857478	0
2	9587510	9583971	3
2	9587510	9585080	9
2	9588329	9587413	8
2	9591516	9588164	4
2	9591516	9588297	2
2	95927287	95925518	0
2	95927410	95927213	0
2	95927410	95927257	0
2	95986925	95982255	0
2	95987207	95986622	0
2	95987207	95986750	0
2	96022724	96021945	0
2	96022724	96021946	0
2	96022724	96022033	0
2	96022724	96022034	0
2	96022724	96022039	0
2	96022754	96022893	0
2	96023024	96022667	0
2	96023227	96022957	0
2	96023441	96022667	0
2	96023441	96023105	0
2	96024001	96022667	0
2	96024001	96022957	0
2	96024001	96023308	0
2	96024338	96022957	0
2	96024338	96023105	0
2	96030535	96027418	0
2	96030535	96027990	0
2	96030849	96030405	0
2	96030849	96030410	0
2	96030851	96030405	0
2	96031335	96030743	0
2	96031335	96030787	0
2	96035246	96032296	0
2	96035966	96034964	0
2	96035975	96034852	0
2	96129979	96123849	0
2	96134059	96133424	0
2	96135413	96133683	0
2	96135413	96133964	0
2	96144374	96143165	24
2	96144618	96143728	19
2	96147013	96145601	0
2	96187302	96184858	55
2	96187302	96186749	4
2	96188118	96184866	9
2	96193161	96192368	8
2	96193206	96192368	7
2	96193353	96192368	7
2	96193353	96193075	6
2	96193353	96193077	6
2	96195008	96193077	1
2	96195008	96193241	1
2	96195008	96193301	1
2	96195010	96193130	1
2	96195515	96194957	2
2	96195550	96194957	2
2	9620702	9591391	0
2	96208182	96195202	0
2	96208819	96195340	0
2	96208826	96195340	0
2	96254998	96248515	62
2	96254998	96251659	25
2	96254998	96253799	2
2	96267737	96267835	8
2	96268659	96269267	1
2	96275350	96274335	23
2	96275350	96274730	8
2	96275350	96275016	8
2	96277716	96277080	1
2	96277951	96277538	2
2	96278359	96277806	3
2	96278360	96277533	2
2	96278712	96278236	1
2	96278999	96278546	3
2	96278999	96278677	113
2	96279560	96278808	0
2	96279808	96278808	0
2	96281923	96279450	0
2	96282026	96279186	0
2	96283353	96281813	1
2	96283714	96281184	5
2	96283714	96283200	2
2	96284875	96283534	2
2	96285341	96284357	5
2	96285377	96284357	4
2	96286485	96284814	5
2	96286485	96285179	2
2	9630269	9628702	1
2	9630535	9591391	0
2	9630617	9591391	0
2	96321732	96307262	0
2	96326309	96326641	0
2	96499275	96497645	0
2	96499450	96497642	0
2	96499450	96497645	0
2	96500925	96499377	0
2	96504710	96500438	0
2	96505358	96499982	0
2	96505358	96500438	0
2	96508110	96500438	0
2	96529850	96527939	0
2	96549806	96550187	0
2	96598154	96595158	0
2	96601777	96593169	0
2	96601777	96593171	0
2	96601777	96593173	0
2	96601777	96595511	0
2	96601777	96595585	0
2	96601912	96595462	0
2	96604381	96602752	2
2	96604858	96603299	0
2	96604858	96604249	0
2	96604864	96604249	0
2	96605512	96604249	0
2	96610884	96609498	0
2	96611139	96610341	0
2	96611139	96610725	0
2	96612354	96611063	0
2	96612536	96612281	0
2	96612564	96612231	0
2	96612564	96612281	0
2	96612935	96612461	0
2	96613620	96612816	0
2	96613620	96612817	0
2	96613620	96612871	0
2	96613620	96612874	0
2	96615159	96613525	0
2	96615545	96613487	0
2	96619545	96613487	0
2	96631483	96613487	0
2	96631483	96619358	0
2	96631483	96619671	0
2	96631485	96628571	0
2	96631544	96619671	0
2	96634179	96631311	0
2	96637186	96613487	0
2	96637186	96619671	0
2	96637186	96631311	0
2	96637186	96631337	0
2	96637186	96634148	0
2	96637193	96631311	0
2	96637229	96631311	0
2	96638021	96636920	0
2	96638061	96636920	0
2	96638310	96636920	0
2	96638321	96636920	0
2	96638325	96619358	0
2	96638332	96636920	0
2	96638347	96636920	0
2	96638375	96636920	0
2	96638379	96636738	0
2	96638379	96636920	0
2	96642788	96631311	0
2	96652021	96653639	0
2	96652027	96653639	0
2	96653703	96654445	0
2	96694465	96695508	0
2	96694632	96695296	0
2	96694632	96695508	0
2	96694633	96695508	0
2	96695298	96695508	0
2	96707834	96705928	2
2	96707834	96705974	2
2	96707834	96706339	28
2	96707834	96706876	2
2	96707834	96707043	2
2	96707834	96707116	0
2	96707834	96707179	0
2	96711771	96707677	0
2	96711771	96707713	0
2	96711915	96711655	0
2	96712026	96711655	0
2	96712026	96711725	0
2	96813658	96812238	1
2	96827901	96828098	5
2	96828196	96828566	2
2	96828701	96828995	0
2	96832640	96824525	0
2	96833541	96832512	14
2	96839645	96837913	0
2	96839826	96837911	0
2	96839826	96837914	0
2	96839826	96838498	0
2	96839829	96838731	0
2	96840096	96833310	0
2	96840096	96839726	0
2	96840331	96836610	1
2	96840331	96839996	0
2	96840331	96840058	0
2	96848445	96842364	0
2	96853605	96847984	0
2	96853605	96848268	0
2	96857935	96848268	0
2	96861650	96859715	0
2	96861650	96859741	0
2	96861650	96859747	0
2	96861895	96861578	2
2	96862448	96859735	0
2	96863329	96861578	0
2	96865321	96864963	0
2	96865538	96865203	1
2	96865538	96865233	1
2	96865765	96865440	0
2	96865930	96865665	0
2	96865930	96865666	0
2	96878043	96875881	0
2	96878043	96875884	0
2	96878043	96876025	0
2	96878494	96877756	0
2	96878494	96877889	0
2	96921655	96921164	0
2	96923584	96921477	0
2	96923584	96921530	0
2	96929321	96923489	0
2	96929321	96923568	0
2	96947903	96929205	0
2	96960441	96951378	0
2	97001594	97000435	0
2	97027665	97025980	0
2	97036548	97035460	0
2	97084036	97083582	0
2	97084278	97083929	0
2	97084278	97083947	0
2	97085862	97084168	0
2	97086199	97084168	0
2	97090326	97085698	0
2	97090326	97086138	0
2	97090326	97086547	0
2	97091713	97089755	0
2	97091713	97090108	0
2	97094821	97083889	0
2	97094849	97090108	0
2	97094874	97090108	0
2	97249215	97249551	0
2	97284161	97284700	0
2	97284165	97284689	0
2	97284165	97284700	0
2	97285383	97285464	0
2	97422498	97416223	0
2	97422603	97422959	0
2	97422657	97416220	0
2	97422660	97416220	0
2	97422660	97422438	0
2	97422989	97422579	0
2	97423085	97416164	0
2	97423085	97416220	0
2	97423085	97422164	0
2	97423085	97422438	0
2	97423085	97422556	0
2	97423085	97422579	0
2	97423257	97422495	0
2	97423262	97416223	0
2	97423262	97422954	0
2	97423273	97422438	0
2	97423273	97422954	0
2	97423273	97423035	0
2	97423273	97423058	0
2	97423389	97422954	0
2	97423530	97422954	0
2	97423904	97423176	0
2	97423919	97422954	0
2	97423919	97423176	0
2	97424070	97423176	0
2	97424202	97423176	0
2	97425471	97422954	0
2	97426004	97423176	0
2	97426206	97423176	0
2	97426618	97423176	1
2	97427128	97423176	1
2	97429787	97423176	1
2	97507066	97492662	0
2	97507066	97492665	0
2	97507066	97492666	0
2	97507066	97504797	0
2	97507658	97507035	0
2	97507720	97506963	0
2	97508066	97507035	0
2	97532385	97523325	0
2	97547609	97545832	0
2	97547609	97547425	0
2	97547732	97547535	0
2	97547732	97547564	0
2	97551362	97549585	0
2	97551481	97551288	0
2	97551481	97551311	0
2	97646667	97647066	0
2	97657193	97655962	0
2	97658118	97657447	1
2	97658317	97657942	4
2	97658317	97657977	5
2	97659004	97658223	4
2	97659004	97658426	3
2	97659478	97658426	2
2	97659478	97658878	2
2	97659892	97658813	0
2	97670690	97670972	0
2	97670690	97671330	0
2	97670706	97671193	0
2	97670706	97671330	0
2	97671147	97671330	0
2	97671307	97671400	0
2	9770342	9757495	0
2	97733344	97733543	0
2	97733596	97734519	0
2	97734713	97735249	0
2	97737898	97737994	0
2	97759054	97756339	0
2	97759750	97758892	0
2	97760096	97758895	0
2	97760690	97759651	0
2	97760690	97759682	0
2	97765318	97756332	0
2	97792985	97775842	0
2	97793554	97792385	0
2	97793554	97792854	0
2	97795116	97793289	0
2	97795116	97793394	0
2	97796355	97793394	0
2	97814389	97813970	0
2	97815308	97814234	0
2	97815308	97814348	0
2	97833427	97815198	0
2	97833427	97818612	0
2	97841938	97837076	0
2	97844262	97841814	0
2	97888121	97859303	0
2	97907247	97888051	0
2	97908699	97887731	0
2	97908699	97888051	0
2	97927488	97908657	0
2	98312002	98312203	0
2	98312033	98312199	0
2	98312442	98312875	0
2	98333305	98331388	0
2	98333305	98331707	0
2	98333504	98333213	0
2	98333504	98333216	0
2	98334381	98333216	0
2	98356006	98333922	0
2	98604192	98599309	0
2	98604192	98600352	0
2	98604192	98600472	0
2	98604192	98602381	0
2	98604791	98600518	0
2	98608727	98609755	4
2	98609012	98609642	4
2	98625836	98619105	0
2	98625836	98619107	0
2	98625836	98625504	0
2	98645543	98643922	0
2	98655521	98645427	0
2	98655521	98645455	0
2	98656466	98655444	0
2	98658265	98655861	0
2	98658265	98656351	0
2	98663180	98658217	0
2	98663474	98663045	0
2	98675176	98663045	0
2	98675176	98663077	0
2	98678472	98675034	0
2	98726568	98678303	0
2	98726568	98678420	0
2	98726697	98678303	0
2	98726833	98726238	0
2	98726882	98726238	0
2	98730249	98725938	0
2	98731094	98726238	0
2	98731127	98726238	0
2	98768728	98762367	0
2	98768787	98761937	0
2	98768787	98762367	0
2	98771901	98768901	0
2	98771909	98768901	0
2	98772081	98768901	0
2	98772143	98771618	0
2	98772280	98771249	0
2	98772280	98771618	0
2	98796265	98793845	0
2	98822305	98809738	0
2	98823538	98797349	0
2	98827170	98821856	0
2	98832513	98826974	0
2	98832513	98826987	0
2	98832998	98832347	0
2	98832998	98832393	0
2	98838288	98832347	0
2	98846811	98838118	0
2	98869363	98846730	0
2	98897479	98846730	0
2	98897482	98846730	0
2	98936175	98846730	0
2	98936260	98846730	0
2	99018350	98997260	0
2	99018350	98997885	0
2	99018641	99018199	0
2	99065125	99018535	0
2	99065125	99020279	0
2	99065125	99035229	0
2	99068999	99064929	0
2	99068999	99064938	0
2	99071875	99068887	0
2	99071875	99068925	0
2	99104119	99081281	0
2	99109513	99108832	0
2	99109557	99108832	0
2	99110916	99108832	0
2	99110916	99109388	0
2	99110916	99109402	0
2	99110916	99109500	0
2	99110916	99109513	0
2	99117760	99110849	0
2	99117760	99117127	0
2	99118687	99117543	0
2	99118687	99117566	0
2	99118780	99117543	0
2	99127147	99117543	0
2	99127169	99103966	0
2	99127177	99110849	0
2	99127177	99117543	0
2	99127177	99118550	0
2	99127177	99118776	0
2	99141150	99124766	0
2	99141150	99127047	0
2	99141181	99127047	0
2	99141420	99127047	0
2	99141422	99127047	0
2	99141573	99127047	0
2	99154428	99148263	0
2	99154428	99148264	0
2	99154637	99148263	0
2	99154891	99148263	0
2	99154918	99127047	0
2	99154963	99117543	0
2	99154965	99127047	0
2	99155369	99155481	0
2	99169471	99161946	0
2	99169611	99161426	0
2	99169611	99169262	2
2	99169611	99169371	11
2	99169611	99169444	2
2	99170653	99169262	0
2	99170653	99169549	0
2	99170906	99169265	0
2	99171406	99170536	0
2	99171430	99170534	0
2	99171430	99170536	0
2	99171647	99170536	0
2	99173503	99171509	0
2	99174017	99170536	0
2	99174017	99171509	0
2	99174017	99173413	0
2	99178336	99173914	0
2	99180928	99173914	0
2	99180963	99171342	0
2	99181035	99173914	0
2	99181036	99173346	0
2	99181051	99173914	0
2	99181059	99173914	0
2	99195824	99196558	99
2	99196023	99196357	86
2	99243473	99242318	0
2	99244138	99242245	0
2	99244138	99242253	0
2	99244138	99243411	0
2	99244138	99243455	0
2	99245459	99243785	0
2	99245459	99243998	0
2	99245459	99244009	0
2	99284821	99284237	0
2	99284821	99284256	0
2	99322210	99318981	5
2	99322210	99319507	7
2	99322660	99322062	0
2	99327654	99321533	0
2	99327654	99321560	0
2	99327654	99321943	0
2	99327654	99321954	0
2	99327654	99322110	0
2	99327654	99322560	0
2	99333243	99321954	0
2	99333243	99327534	0
2	99336311	99332983	8
2	99336334	99327534	0
2	99336334	99332983	11
2	99336334	99333021	5
2	99336357	99332761	8
2	99336386	99333021	5
2	99336463	99333021	5
2	99338392	99333021	5
2	99338392	99336336	0
2	99402347	99400474	6
2	99402801	99400949	6
2	99402801	99402243	0
2	99403107	99402243	1
2	99403107	99402643	0
2	99403431	99402529	3
2	99403816	99402888	3
2	99403816	99403039	5
2	99403816	99403055	3
2	99406107	99404443	1
2	99406354	99404443	1
2	99406432	99405927	5
2	99406491	99405909	4
2	99406491	99406083	4
2	99406929	99405932	2
2	99410868	99402258	0
2	99418948	99412730	0
2	99421654	99418827	0
2	99421654	99418831	0
2	99429946	99424151	0
2	99429946	99424780	0
2	99429949	99424151	0
2	99434449	99424151	0
2	99434449	99429839	0
2	99434449	99431800	0
2	99435942	99434331	0
2	99436792	99435836	0
2	99438681	99435474	2
2	99438728	99435833	3
2	99438778	99436646	4
2	99438818	99435833	1
2	99439311	99435833	1
2	99442470	99438573	0
2	99442470	99438600	0
2	99554535	99545418	0
2	99554535	99547255	0
2	99554535	99551120	0
2	99554733	99554310	0
2	99554733	99554392	0
2	9958857	9961045	0
2	9958965	9961045	0
2	99631016	99630577	0
2	9964347	9965286	0
2	99649667	99601434	0
