1	100007157	100009287	0
1	1000097	998965	0
1	100078549	100080495	0
1	100084472	100057989	1
1	100085631	100083562	2
1	100103084	100088138	0
1	100140515	100140851	0
1	100149436	100148448	21
1	100149436	100148852	22
1	100152525	100148448	3
1	100152525	100148852	5
1	100152525	100149365	0
1	100206302	100186918	0
1	100210772	100206444	0
1	100214984	100210542	0
1	100214984	100210693	0
1	100249821	100240760	0
1	100249835	100240760	0
1	100265248	100251527	0
1	100265248	100264008	1
1	100394027	100393032	0
1	100485998	100462398	0
1	100628943	100627048	0
1	100640614	100628824	0
1	100876865	100872386	0
1	100876865	100874159	0
1	100877904	100872371	0
1	100877904	100876793	1
1	100878448	100877475	0
1	100878448	100877518	0
1	100888829	100877475	0
1	100888829	100878423	0
1	100888829	100885597	0
1	100888865	100877475	0
1	100888865	100878393	0
1	100894665	100888752	1
1	100894682	100888752	1
1	100894806	100888323	0
1	100894812	100888752	0
1	100894813	100888752	0
1	100895180	100888752	1
1	100895999	100888752	0
1	100992741	100989622	0
1	100992741	100990062	0
1	100992741	100990222	0
1	100992741	100990223	0
1	100992741	100990314	0
1	100992741	100990332	0
1	100992741	100990333	0
1	100992741	100990357	0
1	100992741	100990392	0
1	100995150	100990062	0
1	100995150	100990094	0
1	100995151	100990063	0
1	101001545	100995109	0
1	101001588	100995109	0
1	101013819	100995109	0
1	101013819	101001466	0
1	101013819	101011590	0
1	101021721	101001466	0
1	101021766	100995109	0
1	101021766	101001466	0
1	101021766	101013648	0
1	101021766	101013709	0
1	101025352	101021640	2
1	101025467	101021640	3
1	101025467	101022934	3
1	101025754	101025308	4
1	101025756	101025308	4
1	101025762	101025308	4
1	101025763	101025308	4
1	101025764	101025308	4
1	101025768	101025308	4
1	101025772	101021640	0
1	101025773	101025308	4
1	101025788	101024969	2
1	101025816	101021640	2
1	101025816	101025308	4
1	101026089	101025308	2
1	101236529	101235682	5
1	1013194	1011996	0
1	101786717	101787110	3
1	101806183	101802573	0
1	101806183	101803485	0
1	101825246	101806075	0
1	101825246	101812409	0
1	101830828	101825025	0
1	101830828	101825089	0
1	101910155	101837659	0
1	101996906	101836878	0
1	101997031	101836878	0
1	102310329	102199738	0
1	102766657	102763321	0
1	102879917	102876466	0
1	102879917	102876467	0
1	102879917	102877484	0
1	102879917	102877699	0
1	102879917	102877950	0
1	102880019	102877716	0
1	102961920	102946848	0
1	102962266	102961744	0
1	102962266	102961865	0
1	103001970	102998309	0
1	103001970	103001013	0
1	103001970	103001078	0
1	103001970	103001259	0
1	103002482	103001259	0
1	103002482	103001924	0
1	103008517	103006261	0
1	103012470	103008462	0
1	103012470	103008472	0
1	103031214	103026215	0
1	103031245	103025520	0
1	103031245	103025799	0
1	103031245	103026215	0
1	103074781	103030900	0
1	103074781	103031115	0
1	103108179	103082804	0
1	103108273	103082804	0
1	103108467	103082804	0
1	103108480	103082804	0
1	103108486	103082804	0
1	103108497	103082804	0
1	103108523	103082804	0
1	103429374	103418078	0
1	103429374	103418753	0
1	103525462	103469341	0
1	103525484	103432890	0
1	103525824	103526066	34
1	103525931	103526066	55
1	103545103	103546247	0
1	103546343	103546976	0
1	103553333	103553605	0
1	103571224	103571556	0
1	103577609	103577719	0
1	10365246	10365408	0
1	103689084	103687414	0
1	103689084	103687417	0
1	103692561	103691487	0
1	103693531	103692426	0
1	103694177	103693299	0
1	103694177	103693365	0
1	103695127	103693978	0
1	103695164	103693978	0
1	103695686	103694979	0
1	10383106	10381977	0
1	10386542	10381905	0
1	10387151	10384627	0
1	10419540	10419629	0
1	10458773	10459089	65
1	10463210	10456521	11
1	10463210	10461642	34
1	10463621	10462467	18
1	10463621	10463057	4
1	10467333	10462987	0
1	105001096	104998405	0
1	1052017	1053460	1
1	1053494	1053752	8
1	1055216	1055897	400
1	105589786	105587574	0
1	105589786	105587579	0
1	105589786	105587693	0
1	105600760	105589679	0
1	105601386	105589692	0
1	105601386	105589696	0
1	105603559	105589679	0
1	105603559	105589695	0
1	105603559	105601149	0
1	105603559	105601269	0
1	105603563	105590038	0
1	105604261	105589679	0
1	105604266	105589679	0
1	105604266	105589693	0
1	105604266	105590017	0
1	105604266	105600491	0
1	105604266	105600630	0
1	105604266	105601269	0
1	105604266	105602151	0
1	105604266	105602937	0
1	105604266	105603276	0
1	105606008	105589679	0
1	105606008	105589693	0
1	105891431	105890692	0
1	105952280	105927623	0
1	105952280	105927624	0
1	105952280	105935331	0
1	105988508	105927623	0
1	105988508	105953371	0
1	106023213	105956501	0
1	1063289	1062207	0
1	10638764	10637120	0
1	10643001	10636603	0
1	10643001	10642081	0
1	10648140	10646127	0
1	10649193	10647212	0
1	10649193	10647800	0
1	10649438	10649069	0
1	10650756	10649282	0
1	10651077	10650691	0
1	10651101	10650483	0
1	10654219	10650940	0
1	10654592	10652983	0
1	10654592	10653376	0
1	10658577	10656645	0
1	10660537	10658507	0
1	10661399	10658006	0
1	10665572	10659701	0
1	10665572	10660736	0
1	10705545	10693873	0
1	10705576	10704195	0
1	1074308	1070965	0
1	107574199	107571159	0
1	107574199	107571588	0
1	107574199	107572847	0
1	107574199	107572949	0
1	107574199	107572974	0
1	107574199	107573168	0
1	107596342	107574046	0
1	107596342	107576391	0
1	107602485	107596211	0
1	107602485	107596294	0
1	107603164	107602396	0
1	107609540	107603096	0
1	107609966	107603046	0
1	107609966	107609423	0
1	107617633	107609813	0
1	107617633	107609930	0
1	107642756	107617566	0
1	107642756	107617583	0
1	107672262	107642618	0
1	107673650	107642618	0
1	107678010	107642618	0
1	107683534	107642618	0
1	107683534	107668838	0
1	107683534	107668962	0
1	107688505	107642618	0
1	107704651	107642618	0
1	107766551	107765075	0
1	107768510	107766446	0
1	107768510	107766514	0
1	107770729	107768440	0
1	107772844	107770635	0
1	107772844	107770658	0
1	107963501	107874900	0
1	107963597	107874900	0
1	107964854	107874900	0
1	107965010	107874900	0
1	107965145	107874900	0
1	108139209	108134035	1
1	108139209	108134819	5
1	108139209	108134822	3
1	108139209	108134868	4
1	108200280	108185827	0
1	108200320	108185827	0
1	108200359	108185827	0
1	108226894	108223340	0
1	108226894	108223704	0
1	108273690	108261195	0
1	1082988	1082145	13
1	1084012	1082915	2
1	1084073	1082603	2
1	1084087	1081822	1
1	1084087	1081824	1
1	108410140	108383735	0
1	108421296	108410027	6
1	1084384	1081817	0
1	1084384	1081822	0
1	1084384	1081824	0
1	1084384	1082234	0
1	1084384	1082699	2
1	1084384	1083914	3
1	1084384	1083925	3
1	1084507	1081822	0
1	1084507	1083914	3
1	1084507	1084352	0
1	108501145	108495474	0
1	1085311	1084352	0
1	1086013	1081824	0
1	1086013	1084352	0
1	1086013	1084480	0
1	108624749	108628166	0
1	108628263	108628394	0
1	108649434	108648294	0
1	108650389	108648289	0
1	108650389	108648294	0
1	108650389	108648799	0
1	108650389	108648893	0
1	108650389	108649340	0
1	108651210	108650210	0
1	108651446	108650223	0
1	108696338	108696739	26
1	1087205	1085877	0
1	108734726	108734255	0
1	1087598	1087138	5
1	1087598	1087140	5
1	1087598	1087189	2
1	1087637	1085877	0
1	108796373	108796619	0
1	108817178	108815897	0
1	108817178	108815900	0
1	108817178	108816142	0
1	108817455	108815897	0
1	108823478	108817047	0
1	108823478	108820544	0
1	108823478	108823056	1
1	108823689	108823059	0
1	108823689	108823275	0
1	108823689	108823369	0
1	108837707	108830558	0
1	108837707	108834446	0
1	108837707	108834928	0
1	108843268	108837549	0
1	108843268	108837659	0
1	108843285	108836723	0
1	108858229	108856928	0
1	108929976	108931312	19
1	108934943	108929507	2
1	108934943	108931985	5
1	108937419	108934624	0
1	108937419	108934657	1
1	108939783	108929979	0
1	108943528	108929938	0
1	108943616	108929938	0
1	108963485	108849536	0
1	108974755	108970213	0
1	108974755	108970217	0
1	108991330	108986522	0
1	108995838	108991253	0
1	109011719	109002223	0
1	109011719	109004591	0
1	109013926	109010915	0
1	109013926	109011526	0
1	109013926	109011545	0
1	109013926	109011575	0
1	109017602	109010915	0
1	109017602	109013819	0
1	109017602	109013840	0
1	109017602	109013849	0
1	109023522	109013840	0
1	109041548	109023354	0
1	109041987	109023354	0
1	109041987	109024864	0
1	109042076	109023354	0
1	109042103	109013840	0
1	109042103	109023354	0
1	109042106	109017517	0
1	109042114	109023354	0
1	1090429	1087501	0
1	1090429	1087574	0
1	1090588	1087501	0
1	109064694	109062485	49
1	109066233	109064139	0
1	109066233	109064432	0
1	1090984	1090352	0
1	109104767	109103534	0
1	109106660	109105950	0
1	109106660	109105954	0
1	109107123	109106050	0
1	1091375	1087501	0
1	1091375	1090352	0
1	1091375	1090405	0
1	1091566	1087501	0
1	1091566	1090352	0
1	1091566	1090875	0
1	1091566	1091277	1
1	1091610	1090352	0
1	109191472	109191725	0
1	1092078	1091471	0
1	1092104	1090352	0
1	1092104	1091045	0
1	1092104	1091471	0
1	1092104	1091499	0
1	1092175	1090352	0
1	1092295	1091471	0
1	109236549	109236804	5
1	109236549	109237243	1
1	109236871	109237243	1
1	109270134	109270425	2
1	109270601	109270926	0
1	109271297	109271385	0
1	109271513	109271599	0
1	109272406	109272639	0
1	109272729	109272832	0
1	109273337	109273435	0
1	109273671	109274021	2
1	109280490	109279555	4
1	109280490	109279556	4
1	109280490	109279564	4
1	109280490	109279566	4
1	109280490	109279584	3
1	109280917	109280395	3
1	109281047	109280395	3
1	109281252	109280395	4
1	109281252	109280776	4
1	109281252	109280808	6
1	109281252	109280985	7
1	109281680	109281107	6
1	109282061	109280776	5
1	109282061	109281107	9
1	109282061	109281136	10
1	109282061	109281154	10
1	109282420	109281136	7
1	109282576	109281403	5
1	109282576	109281618	4
1	109282732	109281618	5
1	109294250	109292364	0
1	109294250	109292514	0
1	109314385	109309567	22
1	109314385	109309569	22
1	109314779	109313800	0
1	109327161	109324898	0
1	109327602	109326805	0
1	109327602	109326991	0
1	109351003	109347482	0
1	109354532	109350928	0
1	109354532	109350946	0
1	109355470	109354366	0
1	109355470	109354484	0
1	109367482	109355366	0
1	109367482	109355440	0
1	109369590	109366782	0
1	109369590	109367407	0
1	109369590	109368477	0
1	109389900	109369529	0
1	109392989	109369529	0
1	109393358	109369529	0
1	109397341	109369529	0
1	109397952	109369529	0
1	109410015	109399030	0
1	109410015	109401849	0
1	109410015	109402012	3
1	109411936	109411010	0
1	109412185	109411876	0
1	109412286	109411869	0
1	109413136	109412076	0
1	109415364	109411952	0
1	109415364	109413067	0
1	109415366	109414808	0
1	10947871	10946474	0
1	109486123	109486505	5
1	10948845	10946472	0
1	10948845	10946729	0
1	109489101	109489929	3
1	109489707	109489929	0
1	109491718	109492026	1
1	10949752	10946470	0
1	109509683	109504174	0
1	109509739	109507067	0
1	109542607	109542955	0
1	109543838	109539905	0
1	109544640	109545310	0
1	109545374	109546727	0
1	109545390	109546727	0
1	109596399	109597359	0
1	109604105	109603266	0
1	109606100	109603950	0
1	109606437	109605969	0
1	109608789	109606307	0
1	109610182	109608630	0
1	109610182	109608720	0
1	109610508	109610039	0
1	109612924	109610464	0
1	109613058	109610464	0
1	109619930	109612752	0
1	109626229	109626318	0
1	109627317	109627428	1
1	109628278	109628363	5
1	109628496	109628642	3
1	109628807	109629108	4
1	109629236	109629326	4
1	109629318	109628416	8
1	109630306	109629102	2
1	109656788	109657214	0
1	109657280	109657349	0
1	109657280	109657532	0
1	109657280	109657589	0
1	109659111	109659789	0
1	109659111	109661164	0
1	109659960	109661164	0
1	109669372	109669470	0
1	109688246	109688672	0
1	109693743	109693116	177
1	109712694	109713118	0
1	109713184	109713483	0
1	109713566	109713660	0
1	109713711	109713952	0
1	109713762	109714946	0
1	109714004	109714946	0
1	109715241	109716001	0
1	109715241	109717336	0
1	109716091	109717336	0
1	109737397	109737364	3
1	109737416	109737393	3
1	109737429	109737397	3
1	109737433	109737416	3
1	109737440	109737429	0
1	109737447	109737433	0
1	109737458	109737440	0
1	109737568	109733931	0
1	109737568	109736493	6
1	109737568	109736929	0
1	109737568	109736975	3
1	109737568	109737448	0
1	109737752	109736974	0
1	109737752	109737456	0
1	109737752	109737459	0
1	109750793	109750079	0
1	109750793	109750080	0
1	109750793	109750308	0
1	109750793	109750355	0
1	109751352	109750659	0
1	109751547	109750659	0
1	109751783	109751277	0
1	109751941	109751287	0
1	109752075	109751394	0
1	109752104	109751532	0
1	109752104	109751653	0
1	109752194	109751653	0
1	109752324	109751758	0
1	109752721	109751653	0
1	109758432	109757943	0
1	109758456	109757943	0
1	109758664	109758315	0
1	109758667	109757943	0
1	109758667	109758315	0
1	109758667	109758354	0
1	109759118	109758315	0
1	109761560	109759237	0
1	109761560	109759677	0
1	109761774	109761223	0
1	109761774	109761494	0
1	109886265	109884175	0
1	109910633	109910812	1
1	10991798	10990977	0
1	109923712	109924059	41
1	110018651	110019050	0
1	110041643	110041733	0
1	110049239	110049459	3
1	110049561	110050342	1
1	110061564	110059993	1
1	110061564	110060396	1
1	110064904	110061434	0
1	110064925	110061434	0
1	110167184	110166185	0
1	110168221	110167080	0
1	110172490	110166806	0
1	110178720	110177642	0
1	110209988	110208833	0
1	11022178	11023155	464
1	11022178	11023192	428
1	11022242	11022352	276
1	11022242	11023160	435
1	11022242	11023192	446
1	11022251	11023160	443
1	11022251	11023192	492
1	11022251	11023262	476
1	11022251	11023866	497
1	11022251	11024063	475
1	11022251	11025109	233
1	11022269	11023192	493
1	110223901	110225974	0
1	11022716	11023192	577
1	110232598	110232910	6
1	11023330	11023866	685
1	11023330	11024063	689
1	11023330	11024301	648
1	11023330	11025109	20
1	11023668	11024063	494
1	11024336	11025109	14
1	11025209	11025550	5
1	110292508	110286374	0
1	11029782	11029901	1
1	11029782	11030178	0
1	11030251	11026522	0
1	11030883	11030175	0
1	110375552	110362847	2
1	110375552	110362850	2
1	110375552	110362859	2
1	110375552	110363625	0
1	110375552	110363761	0
1	110377162	110375035	0
1	110377162	110375457	0
1	11037812	11034827	0
1	110379184	110376949	0
1	110379357	110376949	0
1	110379890	110378943	0
1	110381144	110376949	0
1	110381144	110378852	0
1	110389356	110382833	0
1	110404037	110401248	0
1	110404037	110401252	0
1	110404037	110401256	0
1	110406380	110403608	0
1	110406380	110403918	0
1	110406426	110403918	0
1	110407695	110403918	1
1	11043023	11037692	0
1	11043199	11037692	0
1	11045540	11043338	0
1	11045540	11044797	0
1	110457355	110456504	0
1	11046734	11045407	0
1	11047120	11044797	0
1	11047120	11046555	0
1	110488635	110489426	0
1	110490259	110487679	0
1	110522006	110519836	0
1	11055085	11054588	23
1	11055205	11054583	29
1	11055821	11054663	33
1	11055927	11054961	12
1	11056095	11055780	12
1	11056758	11056010	22
1	110577174	110537942	0
1	110577174	110557398	0
1	110577174	110574470	0
1	11058874	11056603	7
1	11058893	11056603	8
1	11058893	11056701	14
1	110602171	110593579	0
1	110604107	110596334	0
1	110604107	110601815	0
1	110604551	110577088	0
1	110604891	110577088	0
1	110604946	110602029	0
1	1106050	1091990	0
1	110605572	110603060	0
1	110605723	110567050	0
1	110605723	110577088	0
1	110605723	110593579	0
1	110605723	110593659	0
1	110605723	110599440	0
1	110605723	110602919	0
1	110605723	110602996	0
1	110605723	110602997	0
1	110605723	110603888	0
1	110605723	110603892	0
1	110606010	110603888	0
1	110606020	110602295	0
1	1106128	1091990	0
1	11068085	11066617	0
1	11068085	11066620	0
1	11068085	11066684	0
1	11068707	11068007	0
1	11068925	11068007	0
1	11069731	11068644	0
1	11069731	11068653	0
1	11070974	11069558	0
1	11070989	11069558	0
1	11072172	11069558	0
1	11072172	11070899	1
1	11072396	11070899	1
1	11073027	11069558	0
1	11074009	11072086	0
1	11074327	11072086	0
1	11074327	11073933	0
1	11076949	11074230	0
1	11076949	11074287	0
1	11077444	11076841	0
1	11077652	11074230	0
1	11077652	11076841	0
1	11077652	11077008	0
1	11077652	11077329	0
1	11077652	11077364	0
1	11079801	11077600	0
1	11079823	11076841	0
1	11079823	11077600	0
1	11080515	11079710	0
1	11080550	11079710	0
1	11080858	11079769	0
1	11080913	11079710	0
1	11080913	11080498	0
1	11081218	11080763	0
1	11081239	11080700	0
1	11081239	11080763	0
1	11091598	11091013	1
1	110950124	110947184	0
1	110950124	110947190	0
1	110950124	110947221	0
1	110952816	110949850	2
1	110952962	110949850	4
1	11095548	11091502	0
1	11095882	11091492	0
1	110963966	110949850	0
1	110964080	110951287	1
1	111015130	111007699	0
1	11108287	11106534	0
1	11108287	11107284	0
1	11108287	11107306	0
1	11109371	11108180	0
1	11109730	11109289	0
1	11109730	11109302	0
1	111118898	111117332	0
1	111118898	111117334	0
1	111118898	111118123	0
1	111118898	111118212	0
1	111119682	111118864	0
1	111119960	111118559	0
1	111119960	111118804	0
1	111120597	111119876	0
1	111120601	111119876	0
1	111120694	111119876	0
1	111122644	111120515	0
1	111124882	111120515	0
1	111124882	111120551	0
1	111126295	111120515	0
1	111126295	111122615	0
1	111126295	111124741	0
1	111126295	111125377	1
1	111126295	111125388	3
1	111182298	111182298	3
1	111188371	111187173	0
1	111196057	111194577	0
1	111197254	111195913	0
1	111197254	111195915	0
1	111197254	111195969	0
1	111197990	111195138	0
1	111197990	111197175	0
1	111198743	111195915	0
1	111198743	111197918	0
1	111198743	111197919	0
1	111229758	111229851	0
1	111281753	111282418	0
1	111281862	111282418	0
1	111285123	111285770	0
1	111314597	111315269	0
1	111314597	111315733	0
1	111314597	111317680	0
1	111315436	111315733	0
1	111315436	111317680	0
1	111315873	111317680	0
1	111323982	111317599	0
1	11133198	11130528	0
1	11134467	11131593	0
1	11134467	11133079	1
1	111348647	111350105	0
1	111357619	111353274	0
1	111383502	111382859	0
1	111384596	111383402	0
1	111386859	111384448	0
1	111386859	111384518	0
1	11139436	11134350	0
1	11139659	11139303	0
1	11139661	11138953	0
1	111416459	111414313	7
1	111416680	111415219	3
1	111419727	111416322	3
1	111421462	111419609	3
1	111421674	111419609	1
1	111441229	111438639	16
1	111441365	111438637	15
1	111441605	111441297	3
1	111442094	111439889	0
1	111442130	111441227	2
1	111443395	111442652	0
1	111443922	111443322	0
1	111443922	111443348	0
1	111447145	111444053	0
1	111448950	111449194	0
1	111485841	111483347	0
1	111485841	111483568	0
1	111486653	111485314	0
1	111486653	111485739	0
1	111488825	111486585	0
1	111488868	111486585	0
1	111489025	111486585	0
1	111489025	111486638	0
1	111490763	111488676	0
1	11150227	11146675	0
1	111503088	111500509	0
1	111503413	111499827	0
1	111503489	111490655	0
1	111503634	111499930	0
1	111503761	111499428	0
1	1115076	1091990	0
1	111563935	111488676	0
1	111563963	111490655	0
1	11157292	11150125	0
1	111602256	111599654	0
1	111602334	111599864	0
1	111604501	111602191	0
1	111604703	111604368	0
1	111604703	111604379	0
1	1116088	1091990	0
1	1116090	1091990	0
1	1116096	1091990	0
1	1116099	1091990	0
1	1116244	1091990	0
1	1116362	1091990	0
1	111686684	111680629	0
1	111727805	111722350	0
1	111739254	111727343	0
1	111739364	111727563	0
1	111739404	111686545	0
1	111739425	111722063	0
1	111747700	111746708	0
1	111753255	111745298	0
1	111755395	111755812	0
1	111755510	111753097	0
1	111755798	111722063	0
1	111755825	111726505	0
1	111760849	111760986	11
1	111761126	111761225	2
1	111761285	111762254	7
1	111762338	111762676	14
1	111762783	111762905	3
1	111777274	111770661	0
1	111777274	111775808	0
1	111856906	111853761	0
1	111909717	111909841	0
1	111982797	111786943	0
1	111982799	111786943	0
1	11199404	11167441	0
1	11228919	11216147	0
1	11233488	11232435	0
1	112360529	112177233	0
1	112526953	112525878	0
1	112539276	112525875	0
1	112540873	112523517	0
1	112541976	112540778	0
1	112542091	112523517	0
1	112542091	112525281	0
1	112542091	112525882	0
1	112542091	112525985	0
1	112542091	112540778	0
1	112550694	112541789	0
1	112550694	112541793	0
1	112550694	112541950	0
1	112555877	112525529	0
1	112556019	112541950	0
1	112577089	112541950	0
1	112582107	112578344	0
1	112582473	112555867	0
1	112582473	112578344	0
1	112582473	112581991	0
1	112582473	112581995	0
1	112584127	112582374	0
1	112591604	112578344	0
1	112591604	112582374	0
1	112591604	112583971	0
1	112598087	112591481	0
1	112598087	112591524	0
1	112600849	112583974	0
1	112600849	112597970	0
1	112600849	112598021	0
1	112610907	112600793	0
1	112610963	112600793	0
1	112611004	112597970	0
1	112611004	112600793	0
1	112611004	112607103	0
1	112611004	112607240	0
1	112611004	112610454	13
1	112616845	112610840	0
1	112616896	112610458	0
1	112616896	112610657	0
1	112616896	112610840	0
1	112617287	112610454	0
1	112619100	112610840	2
1	112619104	112610840	2
1	112619112	112610454	0
1	112619114	112610840	2
1	112619190	112610840	3
1	112694765	112693687	1
1	112696622	112694500	0
1	112698368	112698656	6
1	112698479	112698637	4
1	112698479	112698714	0
1	112698790	112699457	0
1	112698790	112699684	2
1	112699983	112700218	2
1	112700341	112700415	2
1	112702694	112701105	9
1	112702694	112701126	9
1	112702694	112701130	10
1	112702694	112701132	10
1	112702694	112701209	12
1	112702694	112701274	12
1	112702694	112701312	13
1	112702694	112701324	12
1	112702694	112701436	15
1	112702694	112701519	14
1	112702694	112701555	14
1	112702694	112701613	10
1	112703120	112701337	9
1	112703120	112702562	4
1	112703120	112702587	7
1	112703120	112702605	7
1	112703120	112702613	9
1	112703120	112702647	9
1	112703120	112702670	9
1	112703458	112702998	14
1	112703654	112702562	12
1	112703807	112702998	22
1	112703807	112703000	22
1	112703807	112703383	27
1	112704441	112703643	26
1	112704922	112704281	10
1	112704998	112703643	16
1	112705124	112703643	15
1	112705169	112703492	19
1	112705169	112703643	15
1	112705202	112703643	16
1	112705734	112705099	13
1	112706253	112703643	17
1	112707057	112705099	15
1	112707080	112705099	15
1	112707103	112703643	7
1	112707103	112705099	17
1	112707115	112705099	17
1	112707121	112703643	9
1	112707126	112705099	17
1	112707128	112704639	8
1	112707128	112705099	17
1	112707134	112705099	17
1	112707136	112705052	11
1	112707160	112703643	11
1	112707404	112705099	11
1	112707435	112703643	20
1	112710612	112703643	0
1	112710612	112705099	0
1	112710612	112709993	0
1	112710612	112709997	0
1	112712056	112711007	0
1	112712056	112711265	0
1	112712458	112711970	0
1	112712458	112711992	0
1	112712461	112711970	0
1	112713032	112711970	0
1	112714728	112713496	0
1	112715256	112713496	0
1	112715292	112713496	0
1	112715304	112714633	0
1	112715329	112714233	0
1	112715478	112713496	0
1	11279352	11278615	0
1	112805	110952	0
1	112805	92090	0
1	112805	92229	0
1	112823755	112820169	0
1	112823755	112820173	0
1	112823755	112820289	0
1	112918045	112911846	41
1	112918045	112911851	41
1	112918045	112914024	45
1	112922134	112917177	0
1	112922134	112917515	0
1	112922134	112917759	1
1	112922393	112918017	0
1	112929353	112921989	0
1	112935989	112929091	0
1	112956064	112929091	1
1	112956182	112929047	2
1	112956354	112929091	1
1	112957014	112929091	1
1	113048562	113011686	0
1	11312404	11311733	0
1	113698388	113696830	0
1	113698388	113697201	0
1	113698388	113697204	0
1	113699800	113698261	0
1	113700950	113699703	0
1	113700950	113699874	0
1	113704168	113700793	0
1	113704798	113703822	0
1	113704798	113704080	1
1	113705982	113704665	0
1	113706163	113704665	0
1	113706723	113705764	0
1	113706723	113705889	0
1	113726459	113725668	0
1	113726575	113713278	0
1	113726575	113724758	0
1	113726575	113725334	0
1	113738269	113726417	0
1	113738787	113738109	0
1	113738800	113726417	0
1	113738800	113738109	0
1	113738800	113738125	0
1	113757756	113738729	0
1	113757756	113749521	0
1	113767208	113761831	2
1	113767208	113761832	2
1	113767208	113764615	0
1	113767208	113765341	0
1	113767208	113765847	0
1	113767208	113766144	0
1	113819655	113813810	0
1	113819655	113813811	0
1	113819655	113813814	0
1	113819655	113814678	0
1	113819833	113814663	0
1	113825173	113819298	0
1	113825173	113819525	0
1	113825173	113819576	0
1	113829708	113825141	0
1	113833139	113829948	0
1	113834440	113832946	0
1	113834440	113833110	0
1	113856442	113819576	0
1	113857777	113856381	0
1	113857777	113856547	0
1	113857777	113856782	0
1	113858574	113852026	0
1	113858574	113854470	0
1	113859079	113858477	0
1	113859461	113859001	0
1	113859461	113859062	0
1	113881998	113880702	0
1	113881998	113881014	0
1	113885456	113878988	0
1	113886659	113881122	0
1	113886659	113881763	0
1	113886659	113881772	0
1	113887306	113881772	0
1	113887438	113881053	0
1	113887460	113878167	0
1	113896039	113894747	0
1	113896466	113895756	1
1	113897940	113895059	0
1	113897944	113895055	0
1	113897944	113896257	0
1	113897944	113896348	0
1	113897976	113896044	0
1	113900009	113899127	0
1	113900246	113898717	0
1	113900401	113897839	0
1	113900401	113898717	0
1	113901384	113898717	0
1	113901384	113899903	0
1	113901384	113900061	0
1	113901384	113900230	0
1	113901384	113900269	0
1	113901384	113900330	0
1	113901886	113899941	0
1	113901886	113901235	0
1	113902120	113901235	0
1	113904794	113899987	3
1	113904829	113899903	3
1	113911839	113912131	49
1	113926742	113924000	0
1	113927823	113926627	0
1	113928389	113923999	0
1	113928389	113926852	0
1	113929233	113924000	0
1	113929259	113928243	1
1	113929319	113928243	1
1	113929493	113927634	0
1	113980618	113980948	0
1	114002236	114001432	0
1	114093804	114089291	0
1	114093804	114089292	0
1	114093804	114089326	0
1	114093804	114091764	0
1	114097878	114089290	0
1	114097878	114092010	0
1	114138054	114103600	0
1	114139881	114137494	0
1	114139881	114137668	0
1	114139964	114137494	0
1	114139964	114138045	0
1	114152441	114139614	0
1	114152918	114139614	0
1	114152923	114139652	0
1	114152958	114139614	0
1	114152981	114139614	0
1	114153773	114139614	0
1	114153851	114139614	0
1	114153869	114139614	0
1	114153920	114139614	0
1	114262279	114206426	0
1	114397839	114396257	4
1	114397991	114392776	1
1	114397991	114397607	0
1	114399610	114397607	0
1	114399610	114397939	1
1	114405760	114402759	0
1	114406968	114404325	2
1	114407101	114405409	0
1	114463237	114433616	0
1	114511161	114464269	0
1	114570073	114567556	0
1	114570073	114567883	0
1	114585632	114582850	0
1	114587474	114582847	0
1	114587474	114582849	0
1	114587474	114582850	0
1	114587474	114584531	0
1	114587474	114584569	0
1	114587953	114586735	0
1	114587953	114587386	0
1	114626189	114623506	0
1	114626194	114623506	0
1	114645560	114625178	0
1	114670112	114625178	0
1	114670423	114625697	0
1	114673750	114673089	0
1	114673750	114673097	0
1	114673750	114673100	0
1	114673750	114673186	0
1	114673750	114673187	0
1	114679709	114678332	0
1	114680479	114679578	0
1	114684365	114679578	0
1	114684365	114679688	0
1	114708193	114704468	186
1	114718746	114716912	14
1	114718746	114716913	14
1	114718746	114716915	14
1	114718746	114716916	14
1	114718746	114717294	420
1	114718746	114717304	485
1	114718746	114717311	477
1	114718746	114717956	12
1	114718939	114717801	17
1	114720718	114719578	11
1	114724003	114720215	6
1	114724003	114720538	11
1	114724288	114720577	10
1	114730423	114726982	1
1	114733858	114732603	3
1	114734118	114733731	8
1	114734118	114733768	5
1	114736856	114734441	0
1	114737564	114736757	0
1	114738073	114736757	0
1	114738073	114737470	0
1	114739726	114737962	0
1	114739891	114737962	0
1	114739891	114737987	0
1	114741674	114739691	3
1	114746860	114739691	2
1	114750191	114741526	0
1	114750208	114737962	0
1	114750208	114739691	3
1	114750208	114739752	3
1	114750208	114739869	3
1	114750208	114741526	0
1	114750208	114748316	1
1	114756889	114749820	0
1	114757965	114749820	1
1	114757970	114749973	2
1	114757975	114739691	0
1	114757983	114739691	0
1	114757984	114749820	0
1	114757988	114737962	0
1	114757988	114749820	0
1	114758004	114749820	0
1	114758028	114749820	0
1	114758051	114749820	0
1	114758677	114749820	0
1	114776460	114769478	2
1	114776460	114772774	1
1	114776460	114774344	0
1	114779055	114776383	0
1	114779285	114774141	0
1	114779285	114776345	0
1	114779285	114778931	1
1	114780191	114779141	0
1	114780216	114779097	0
1	114780216	114779106	0
1	114780216	114779141	0
1	114780496	114779201	7
1	114780513	114779141	7
1	114780612	114779141	7
1	114780628	114779113	6
1	114780686	114779106	0
1	11502017	11500802	0
1	115053463	115048010	0
1	115053463	115050355	0
1	115053463	115050444	0
1	115057609	115050382	2
1	115273874	115270766	0
1	115293751	115285917	0
1	115702996	115700006	0
1	115727123	115725507	0
1	115732209	115727024	0
1	115732975	115726991	0
1	115840545	115836376	0
1	115840742	115838051	0
1	115841127	115840215	0
1	116015301	116013812	0
1	116401132	116392246	0
1	116401132	116398999	1
1	116407196	116405511	0
1	116411316	116405508	0
1	116418537	116411260	0
1	116418565	116406927	0
1	116418576	116400895	0
1	116418623	116400895	0
1	116428495	116423723	0
1	116433369	116429048	0
1	11645206	11637017	0
1	116455216	116452645	0
1	116455216	116453033	0
1	116455216	116453034	0
1	116466443	116455064	0
1	116466453	116463720	0
1	116474339	116455064	0
1	116478173	116428381	0
1	116478173	116455064	0
1	116478228	116455064	0
1	11648829	11645049	0
1	11649226	11648091	0
1	11649226	11648366	0
1	11649875	11649086	0
1	116499213	116493015	0
1	11650075	11649527	0
1	11650075	11649778	0
1	11650714	11649944	0
1	11650771	11649944	0
1	11650835	11649873	0
1	11650835	11649944	0
1	116519268	116514534	0
1	116519303	116514738	0
1	116521984	116518699	3
1	116521984	116519230	1
1	11653428	11650465	0
1	11653530	11650736	0
1	116536229	116521786	0
1	116536229	116521905	0
1	116544591	116521905	2
1	11654683	11650465	0
1	11655786	11650546	0
1	116570985	116544310	0
1	116571027	116544310	0
1	116571040	116544310	0
1	116579878	116574398	0
1	116579878	116574408	0
1	116579878	116577219	0
1	11661309	11662624	3
1	116616458	116613764	0
1	11662732	11662851	0
1	11662929	11663141	0
1	116646946	116616263	0
1	116666432	116616079	0
1	116666957	116616079	0
1	11675175	11674479	0
1	11675175	11674480	0
1	11675175	11674524	1
1	11675175	11674677	0
1	11675175	11674747	0
1	11675732	11675081	0
1	11676141	11675655	0
1	11676141	11675656	0
1	11676141	11675657	0
1	11676949	11675699	0
1	11676949	11676045	0
1	11677615	11676045	0
1	11677615	11676808	0
1	11677615	11676847	0
1	11680472	11676871	0
1	11680472	11677542	0
1	11680614	11677542	0
1	116987085	116989938	64
1	117032337	117025481	0
1	117032522	117026296	0
1	117050335	117032113	0
1	117101563	117102193	28
1	117112454	117111059	0
1	117113486	117111059	0
1	117113486	117112094	0
1	117113486	117112184	0
1	117118768	117116615	0
1	117120902	117118033	0
1	117120965	117118033	0
1	117121729	117118033	0
1	117121763	117118087	0
1	117147783	117143586	0
1	117147783	117143587	0
1	117153370	117147612	0
1	117156922	117153090	0
1	117157012	117153208	0
1	117157012	117156609	0
1	117170172	117153090	0
1	117170172	117156573	0
1	117170172	117156644	0
1	1173927	1174265	0
1	1173927	1174284	0
1	1173927	1174423	0
1	1173927	1174520	0
1	1174322	1174423	0
1	11745838	11745929	0
1	11745838	11745987	0
1	11745838	11746126	1
1	117522938	117523249	45
1	117522938	117525088	32
1	117604937	117596831	0
1	117604937	117603998	0
1	117605686	117604623	0
1	117605712	117604788	0
1	117605771	117604788	0
1	11778808	11777076	0
1	11787494	11787872	2
1	117877842	117870183	2
1	117878153	117863484	1
1	117878153	117877775	11
1	11788048	11788148	0
1	11788048	11788163	0
1	11788048	11788242	0
1	11788048	11788651	0
1	117881878	117877221	0
1	117881878	117878008	0
1	117883628	117881822	0
1	11788379	11788651	0
1	117886654	117882903	0
1	117886654	117883487	0
1	11788747	11789269	0
1	117896990	117887697	1
1	117899131	117896832	3
1	117899217	117896615	0
1	117899217	117896832	0
1	117912684	117911993	0
1	11791327	11785722	0
1	11791327	11785729	0
1	11791327	11785731	0
1	11791327	11786602	0
1	11791327	11789765	0
1	11791327	11790040	0
1	11791327	11790067	0
1	11791327	11790348	0
1	11791327	11790565	0
1	11791327	11790641	0
1	117913500	117912529	0
1	117918737	117912529	0
1	11795349	11794357	0
1	11795349	11794728	0
1	117955231	117953863	7
1	1179556	1173055	0
1	117963923	117953860	4
1	117963923	117953872	4
1	117963939	117953863	4
1	117963939	117955087	7
1	11796400	11794728	0
1	11796400	11795097	0
1	117964742	117963798	0
1	117964811	117963798	0
1	11796546	11795097	0
1	117966226	117964680	2
1	117966753	117963798	2
1	117966754	117963798	2
1	117966754	117966172	2
1	117970117	117965096	0
1	117970117	117966608	0
1	117970119	117966633	0
1	117972048	117970055	0
1	117973562	117971779	0
1	117973562	117971862	0
1	117981402	117973424	0
1	117981402	117973481	0
1	11800323	11795100	0
1	11800323	11796205	0
1	11800323	11796296	0
1	11801400	11800211	0
1	118025417	118023303	0
1	118028395	118025237	0
1	118028395	118025263	0
1	11803127	11801160	0
1	11803130	11799856	0
1	11803130	11800211	0
1	11803130	11801160	0
1	11803130	11801204	0
1	11803130	11801317	0
1	11803130	11801332	0
1	118031868	118028273	0
1	11803384	11801160	0
1	11803449	11802880	0
1	11803515	11802880	0
1	11803527	11799791	0
1	11803527	11801160	0
1	11803527	11802880	0
1	11803678	11802880	0
1	118036884	118031691	0
1	118036884	118031745	0
1	118039445	118031691	0
1	11804533	11800211	0
1	11804533	11801160	0
1	11804533	11802880	0
1	11805295	11803027	1
1	118054094	118041802	0
1	11805414	11802880	0
1	118055915	118054001	0
1	118055915	118054053	0
1	11805937	11802880	0
1	11806003	11802880	0
1	11806007	11802880	0
1	1180602	1180730	0
1	11806064	11802880	0
1	11806104	11802880	0
1	11806456	11802880	0
1	11806921	11802880	0
1	118073968	118066744	0
1	118074601	118073853	0
1	118074601	118073940	0
1	118081320	118055732	0
1	118086073	118081414	0
1	118086785	118085921	0
1	118086785	118085977	0
1	118150630	118115309	0
1	118151370	118150396	0
1	118151370	118150542	0
1	11840372	11841057	2
1	11846015	11845711	0
1	11847440	11845708	0
1	11847440	11845878	0
1	11847440	11846011	0
1	11847784	11847112	0
1	11848346	11847112	0
1	11858470	11857463	0
1	118890966	118883046	0
1	118899126	118883045	0
1	118899126	118883046	0
1	119001393	119000343	0
1	119001406	119000617	0
1	119034214	119031215	0
1	119034214	119031220	3
1	119034214	119033296	0
1	119042350	119034094	0
1	119042350	119034128	0
1	119045663	119034094	0
1	119076608	119045581	0
1	119140639	119139647	0
1	119140649	119076349	0
1	119140655	119076349	0
1	119140672	119076349	0
1	11923490	11919590	148
1	11923490	11920182	154
1	11926270	11922635	97
1	11926424	11922635	2
1	11926429	11922174	4
1	119294168	119260264	0
1	119626138	119619421	0
1	119741877	119742806	10
1	119741898	119742784	10
1	119741898	119742806	10
1	119750909	119747995	0
1	119750909	119748383	0
1	119755598	119753279	0
1	119757439	119755426	0
1	119757439	119755487	0
1	119798603	119794017	0
1	119798603	119794083	0
1	119799863	119794412	0
1	119803166	119799724	0
1	119808806	119803067	0
1	119808864	119801171	0
1	119808864	119803067	0
1	119835719	119834869	0
1	119917763	119911552	110
1	119922779	119922235	2
1	119923906	119922494	1
1	119923985	119922635	0
1	119935605	119928975	2
1	119937464	119935266	0
1	119937467	119935471	0
1	119950838	119949006	0
1	119953689	119950119	0
1	119953689	119950364	0
1	119953689	119950407	0
1	119953689	119950723	0
1	119997333	119986959	0
1	119997333	119992780	2
1	120005589	119996996	0
1	120029964	120005232	0
1	120029988	120005328	0
1	120029989	120005328	0
1	120069627	120005328	0
1	120160502	120157290	1
1	120160531	120150897	1
1	12029282	12029764	0
1	12029895	12030027	0
1	120337615	120336868	0
1	120340811	120267333	0
1	120340811	120337420	1
1	120341507	120340755	4
1	120341840	120267336	0
1	120341840	120340755	4
1	120341872	120340755	6
1	1204237	1203510	0
1	1204237	1203843	0
1	1204487	1203507	0
1	1204487	1203843	0
1	120491629	120489859	0
1	120520670	120519217	0
1	120520670	120519467	0
1	120530385	120523893	0
1	120532090	120528386	0
1	120532090	120530295	0
1	120536403	120530295	0
1	120573190	120550144	0
1	12058	12178	0
1	120701290	120646872	0
1	120805454	120805555	0
1	120805459	120805555	0
1	120805711	120805712	4
1	12089494	12088440	0
1	120933	112699	0
1	120933	120724	0
1	121031279	121029591	0
1	121037798	120985691	0
1	121087842	121088650	0
1	121087842	121088653	0
1	121087842	121088682	0
1	121097656	121090288	0
1	121116677	121087527	0
1	121117258	121108209	6
1	121177333	121167645	1
1	121177333	121167719	1
1	121177333	121168584	2
1	121177333	121168734	2
1	121181349	121168231	1
1	121181349	121177207	1
1	121181349	121177295	0
1	1211833	1211325	0
1	121183354	121181270	2
1	121183470	121181270	3
1	121183912	121181270	3
1	121184293	121183337	7
1	121184315	121181270	3
1	121184317	121183337	8
1	121184341	121181270	6
1	121185540	121181270	3
1	1212139	1211339	3
1	1212139	1211703	4
1	1212705	1211941	0
1	1212705	1212018	1
1	121362889	121360155	0
1	121397667	121362751	0
1	121397840	121397477	0
1	121397906	121397480	0
1	121398807	121397762	0
1	121509805	121494378	0
1	121580525	121573945	0
1	1218634	1216907	76
1	1218634	1216930	76
1	1218634	1216931	76
1	1218928	1218457	68
1	1218944	1218457	63
1	1219006	1218522	90
1	1220294	1216933	47
1	1221352	1218457	45
1	1223358	1218457	34
1	1228597	1223831	9
1	1228947	1223831	11
1	1228947	1227271	17
1	12348974	12349163	3
1	1242914	1242445	1
1	1242914	1242452	1
1	1243159	1242448	0
1	1243464	1242834	0
1	1243553	1243061	0
1	1244106	1243443	0
1	1244276	1243265	0
1	1244276	1243953	0
1	1244419	1243953	0
1	1244498	1244190	0
1	1244725	1243980	0
1	1256126	1253908	0
1	1256126	1253913	0
1	1256126	1254469	10
1	1256126	1254984	8
1	1256126	1255047	4
1	1256126	1255163	2
1	1256126	1255177	2
1	1256126	1255267	4
1	1256126	1255394	4
1	1256126	1255438	5
1	1256336	1255263	0
1	1257131	1256044	0
1	1257131	1256048	0
1	12572854	12567909	0
1	12572854	12568391	0
1	1257311	1256991	0
1	1257311	1257010	0
1	1257311	1257048	0
1	1257311	1257121	0
1	12578957	12572727	0
1	12579413	12578717	0
1	12580667	12572727	0
1	12580667	12579292	0
1	12596309	12580522	0
1	12616697	12579767	0
1	12616796	12580522	0
1	12617732	12580522	0
1	1262391	1257207	0
1	1263387	1256991	0
1	1263387	1257207	0
1	1263387	1257226	0
1	1263387	1257269	0
1	1263387	1262169	0
1	1263387	1262268	0
1	1263570	1257207	0
1	1264831	1263345	0
1	1266291	1263345	0
1	1267993	1262852	0
1	1267993	1263345	0
1	1267993	1264782	0
1	1267993	1266097	0
1	1271638	1267861	0
1	1273472	1267861	1
1	1273727	1267861	0
1	1273791	1257207	0
1	1273816	1267732	0
1	1273828	1263345	0
1	1273834	1263345	0
1	1273834	1266097	0
1	1273834	1267732	0
1	1273834	1267861	1
1	1273838	1267861	1
1	1273845	1267861	0
1	1273850	1267732	0
1	1273854	1267861	0
1	1273855	1263345	0
1	1273855	1266097	0
1	1273855	1267732	0
1	1273855	1267861	0
1	1273856	1263345	0
1	1273865	1267861	0
1	1273886	1267861	0
1	1280667	1281225	0
1	1281298	1281410	0
1	1282188	1282275	0
1	12823160	12822685	0
1	12827831	12824604	0
1	12838960	12838124	0
1	12848726	12847407	0
1	1287597	1287672	0
1	12882436	12879223	0
1	12895165	12892895	0
1	129174	112699	0
1	129218	120720	0
1	129224	120873	0
1	1293934	1292375	10
1	1293934	1292389	10
1	1293934	1292869	17
1	1293934	1293563	0
1	12941566	12938471	0
1	1294629	1294089	2
1	1294817	1294401	2
1	1295009	1294498	0
1	1295555	1294401	1
1	1296281	1296014	0
1	1296634	1296210	0
1	1297934	1296424	0
1	1297934	1296435	0
1	1297934	1296465	2
1	1298114	1297821	0
1	1298242	1297836	0
1	1298956	1298369	0
1	1299357	1298566	0
1	1299618	1298566	0
1	1299906	1299344	0
1	1300069	1298743	0
1	1300069	1299830	0
1	1300203	1299972	0
1	1300693	1300157	0
1	1300693	1300195	0
1	1302047	1300508	0
1	1302976	1301447	0
1	1302976	1301855	0
1	1302976	1301987	0
1	1303261	1302921	0
1	1303282	1302921	0
1	1304144	1303161	0
1	1304144	1303209	0
1	1304902	1302921	0
1	13052700	13049475	0
1	1305930	1303161	1
1	1309274	1309453	13
1	1309604	1309680	39
1	1309604	1309705	43
1	1309610	1304085	0
1	13097289	13095178	0
1	13105690	13104402	0
1	1310689	1310908	4
1	13116855	13115495	0
1	1312148	1311584	22
1	1312148	1311596	21
1	1312148	1311597	21
1	1312148	1311599	21
1	1312148	1311600	21
1	1312148	1311601	21
1	1312148	1311605	23
1	1312148	1311626	23
1	1312148	1311818	15
1	1312148	1311822	15
1	1312357	1312017	7
1	1312369	1312017	9
1	1312502	1312017	15
1	1312502	1312079	12
1	1312502	1312225	15
1	1312502	1312264	15
1	1312502	1312283	15
1	1312502	1312285	15
1	1312701	1312017	20
1	1312701	1312225	20
1	1312701	1312439	45
1	1312950	1312017	37
1	1312950	1312225	42
1	1312950	1312439	58
1	1312950	1312592	61
1	1313125	1312225	40
1	1313125	1312259	42
1	1313125	1312439	46
1	1313125	1312592	41
1	1313125	1312786	46
1	1313125	1312877	42
1	1313125	1312938	41
1	1313593	1312439	24
1	1313593	1312592	36
1	1313593	1312786	30
1	1313593	1313034	26
1	1313593	1313058	26
1	1313751	1313508	12
1	1313766	1313508	14
1	1313781	1313508	24
1	1313826	1313508	24
1	1313922	1312592	27
1	1313922	1313034	27
1	1313922	1313508	25
1	1313922	1313545	25
1	1314106	1313508	43
1	1314319	1313731	27
1	1314366	1313508	29
1	1314366	1313731	25
1	1314366	1313744	26
1	1314665	1313731	28
1	13147461	13146980	0
1	1314963	1313731	27
1	1314963	1314300	30
1	1314963	1314312	30
1	1315142	1314135	28
1	1315171	1313034	33
1	13152131	13148904	0
1	1315434	1314300	25
1	1315439	1314412	21
1	1315439	1314823	17
1	1315439	1314825	17
1	1315439	1314826	17
1	1315439	1314877	17
1	1315439	1314915	17
1	1315439	1314917	17
1	1315553	1315403	12
1	1315602	1314823	17
1	1315609	1314823	17
1	1315615	1315403	7
1	1315619	1314823	14
1	1315619	1315003	7
1	1315619	1315403	7
1	1315698	1315403	7
1	1317451	1315519	19
1	1318690	1317580	13
1	1319347	1315519	22
1	1319434	1315519	15
1	1319525	1313731	23
1	1319525	1314300	28
1	1319525	1314823	33
1	1319525	1315403	15
1	1319525	1315519	19
1	1319525	1315559	19
1	13198131	13196329	0
1	13198907	13196744	0
1	1320530	1315519	34
1	1320530	1318678	34
1	1320530	1319059	35
1	1320530	1319071	36
1	1320530	1319295	33
1	1320530	1319305	34
1	1320530	1319335	34
1	1320530	1319346	34
1	1320530	1319380	34
1	1320530	1319402	34
1	1320683	1319380	34
1	1320683	1319469	22
1	1320906	1319295	40
1	1321094	1314823	21
1	1321094	1315519	17
1	1321094	1318680	36
1	1321094	1319295	19
1	1321094	1319380	26
1	1321094	1320455	18
1	1321094	1320477	21
1	1321097	1320455	18
1	1321981	1320995	12
1	1321985	1320995	12
1	13225434	13222704	0
1	1323288	1314823	26
1	1323288	1315403	18
1	1323288	1315519	18
1	1323288	1320995	21
1	1323288	1321907	16
1	1324604	1320995	14
1	1324612	1318696	18
1	1324614	1322891	13
1	1324622	1320455	22
1	1324626	1323180	20
1	1324629	1320995	13
1	1324630	1320995	13
1	1324631	1320995	13
1	1324638	1315519	21
1	1324643	1320995	13
1	1324649	1320995	14
1	1324650	1320995	13
1	1324651	1322891	13
1	1324654	1320995	14
1	1324659	1315145	16
1	1324659	1320995	14
1	1324659	1322770	20
1	1324660	1323146	20
1	1324661	1315519	21
1	1324661	1319295	10
1	1324661	1320995	14
1	1324661	1323180	20
1	1324667	1315519	21
1	1324667	1320995	14
1	1324667	1323180	20
1	1324671	1320995	14
1	1324672	1320995	14
1	1324672	1321907	2
1	1324674	1323180	24
1	1324688	1315519	20
1	1324688	1320455	23
1	1324688	1320995	11
1	1324688	1321907	2
1	1324688	1322891	13
1	1324688	1323176	28
1	1324688	1323180	28
1	1324692	1320995	11
1	13275628	13273538	0
1	13283423	13281034	0
1	13283423	13281167	0
1	13283423	13281301	0
1	13343841	13342033	0
1	13344617	13342365	0
1	133567	129080	0
1	1337056	1336411	5
1	13371228	13369066	0
1	133724	129054	0
1	13375	13452	0
1	1338184	1335275	2
1	1338184	1335278	2
1	1338184	1337017	1
1	1338184	1337022	1
1	1338373	1337976	19
1	1338437	1337976	8
1	1338654	1338268	6
1	1338654	1338333	8
1	1339650	1338521	10
1	1339650	1339286	0
1	1339650	1339361	0
1	1339813	1339286	0
1	1339813	1339581	0
1	1340053	1339735	0
1	1340178	1339491	0
1	1340178	1339735	0
1	1340191	1339735	0
1	1340504	1338268	1
1	1341806	1340409	8
1	1341806	1340458	7
1	1342157	1341666	3
1	1342485	1341769	3
1	1342485	1342052	3
1	13514049	13474976	0
1	1353929	1352688	10
1	1353929	1352690	10
1	1353929	1352691	10
1	1353929	1353438	14
1	1353947	1352691	10
1	1354107	1352691	10
1	1354107	1353191	12
1	1354107	1353214	12
1	1354107	1353847	15
1	1355017	1354192	19
1	1355153	1354353	12
1	1355346	1354681	19
1	1355513	1355003	9
1	1355513	1355082	20
1	1355753	1355243	26
1	1356705	1355243	0
1	13659911	13657310	0
1	1374446	1373729	374
1	1374446	1373731	374
1	1374446	1373736	387
1	1374791	1373999	121
1	1375145	1374243	107
1	1375158	1373999	66
1	1375160	1374437	125
1	1375170	1374704	70
1	1375174	1374704	70
1	1375496	1374704	29
1	1387870	1385710	4
1	1387870	1386481	7
1	1387870	1386494	6
1	1387870	1386498	7
1	1387870	1386501	7
1	1387870	1386502	7
1	1387870	1386707	16
1	1387870	1386712	16
1	1387870	1387121	17
1	1387870	1387231	15
1	1387870	1387542	4
1	1388066	1387776	1
1	1388511	1387953	4
1	1388714	1387776	2
1	1388744	1387953	1
1	1389048	1387953	4
1	1390310	1388815	3
1	1390372	1387953	2
1	1390372	1388022	2
1	1390372	1388625	2
1	1390372	1388949	5
1	1390372	1389345	2
1	1391576	1390458	17
1	1391576	1390765	6
1	1391650	1390765	6
1	1391755	1390458	8
1	1392526	1390458	23
1	1392717	1391296	28
1	1392804	1390458	19
1	1392804	1390765	19
1	1392804	1391152	19
1	1393461	1390458	13
1	1393461	1390765	13
1	1393461	1392287	13
1	1393461	1392678	4
1	1393461	1392789	7
1	1395515	1393079	4
1	1395515	1393395	8
1	1395515	1393443	8
1	1395538	1393395	8
1	1398288	1395184	3
1	1398288	1395393	6
1	1398305	1395393	6
1	1398343	1395393	6
1	1398343	1395436	3
1	1398367	1395393	3
1	1399686	1400157	51
1	1399690	1399980	50
1	1399690	1400157	51
1	1400304	1400604	51
1	1400473	1401242	74
1	140340	139789	0
1	1405887	1401907	15
1	1405887	1401912	14
1	1405887	1402181	16
1	1406308	1405808	16
1	1406999	1405808	18
1	1407020	1401912	20
1	1407020	1405108	24
1	1407020	1405808	18
1	1407020	1406248	28
1	1407269	1405808	26
1	1420593	1418421	0
1	1420593	1418879	0
1	1421006	1418419	0
1	1421261	1419137	0
1	1421445	1418419	0
1	14223119	14221890	0
1	1431844	1430549	0
1	143420208	143419624	0
1	1434489	1430549	0
1	1434521	1430663	0
1	1434574	1430538	0
1	143462792	143461220	0
1	143498768	143479429	0
1	143499549	143499186	0
1	14351026	14348954	0
1	143596113	143595215	0
1	143635642	143611235	0
1	143813007	143811358	0
1	143885077	143877730	0
1	143904591	143894543	0
1	143904651	143875170	0
1	143905794	143904226	0
1	143905965	143904300	0
1	143964980	143955363	1
1	143969002	143955877	1
1	144245821	144227029	1
1	144245821	144245237	0
1	144245822	144245026	0
1	144250280	144245685	0
1	144250289	144245685	0
1	144277994	144274891	0
1	144287076	144276483	0
1	144288408	144286846	0
1	144288408	144286862	0
1	144419193	144418112	0
1	144423976	144421385	2
1	144423976	144421389	2
1	144425569	144424689	0
1	144426451	144425516	0
1	144440039	144437944	0
1	144440296	144439828	3
1	144440296	144439992	6
1	144440582	144440140	2
1	144442921	144440401	0
1	144448917	144440140	1
1	144448917	144440208	1
1	144448917	144442669	2
1	144450803	144448774	1
1	144450871	144448825	5
1	144456806	144448774	3
1	144474791	144472534	0
1	144628614	144627191	0
1	144641670	144630743	0
1	144642373	144632495	0
1	144763978	144754571	0
1	144893510	144887264	7
1	144893510	144892020	7
1	144893510	144892048	7
1	144897338	144893407	1
1	144897341	144893407	1
1	144905220	144893407	1
1	144905220	144897115	1
1	144905220	144897235	12
1	144955447	144914691	0
1	144955602	144914691	0
1	144995201	144955438	0
1	1450042	1450680	0
1	145093247	144914691	0
1	145093444	144995007	0
1	145094966	145093052	1
1	145094980	145092986	1
1	145095527	145093042	2
1	145095529	145092834	1
1	145168713	145164098	2
1	145169616	145169035	0
1	145171186	145168404	0
1	145171186	145168420	0
1	145171186	145169526	0
1	145201302	145200690	1
1	145214732	145164098	0
1	145214732	145170941	0
1	145214732	145201187	0
1	145215727	145214676	21
1	145215747	145214676	21
1	145215815	145170941	0
1	145215815	145214676	15
1	145215851	145170941	0
1	145215873	145201141	0
1	145216059	145214676	12
1	145287756	145286609	0
1	145292490	145289899	0
1	145292490	145291499	1
1	145297248	145290619	0
1	145336923	145290638	0
1	145574209	145572344	0
1	145574933	145573202	0
1	145574933	145573964	0
1	145646273	145647174	1
1	145671265	145670984	1
1	145671265	145670985	1
1	145671265	145670986	1
1	145671490	145671216	1
1	145671640	145671426	0
1	145672849	145671426	0
1	145673021	145670851	0
1	145673021	145670984	0
1	145673021	145671216	0
1	145681108	145678448	0
1	145682637	145680911	0
1	145686727	145678448	0
1	145736135	145738485	0
1	145748111	145738867	2
1	145748111	145746388	0
1	145826493	145826605	132
1	145839992	145840115	4
1	145846459	145846597	4
1	145850270	145848521	7
1	145850587	145848521	0
1	145850587	145850231	0
1	145850940	145850452	0
1	145854564	145853812	0
1	145854665	145853503	0
1	145854881	145854457	0
1	145854881	145854541	0
1	145855827	145854405	0
1	145855827	145854609	0
1	145855827	145854745	0
1	145857007	145856067	0
1	145857007	145856346	12
1	145857007	145856588	46
1	145857417	145856760	0
1	145859036	145856346	0
1	145859046	145856772	0
1	145859050	145856346	0
1	145859081	145856588	0
1	145859780	145856588	0
1	145859837	145856588	0
1	145867393	145866559	0
1	145893275	145891207	0
1	145893275	145891213	0
1	145893636	145893160	0
1	145902620	145902245	0
1	145902962	145902453	0
1	145904127	145902453	0
1	145904201	145902810	0
1	145906509	145904683	0
1	145906825	145906393	0
1	145907151	145905757	0
1	145907151	145906732	0
1	145910091	145904683	0
1	145912407	145911349	5
1	145917019	145911349	0
1	145917019	145911350	0
1	145917817	145916816	0
1	145918530	145917700	0
1	145918838	145917700	0
1	145919307	145917780	0
1	145919420	145919679	4
1	145919570	145919679	4
1	145923574	145917780	5
1	145924366	145924814	71
1	145925928	145917713	4
1	145925928	145917780	4
1	145925928	145919186	22
1	145925928	145921631	41
1	145925928	145923508	57
1	145926178	145921555	43
1	145926178	145925641	10
1	145926178	145925862	10
1	145926178	145925878	10
1	145926619	145926040	4
1	145926742	145926040	4
1	145926884	145926481	13
1	145926887	145926481	13
1	145926947	145927063	10
1	145927078	145926145	10
1	145927078	145926481	11
1	145927078	145926808	13
1	145927448	145927017	0
1	145927461	145927017	0
1	145927483	145926816	2
1	145927496	145926481	2
1	145927496	145926808	2
1	145927537	145927017	2
1	145927679	145927359	0
1	145936986	145933422	75
1	145942854	145937603	0
1	145947783	145942712	0
1	145958002	145947618	0
1	145962319	145961403	5
1	145962956	145961448	5
1	145962969	145959441	11
1	145964583	145963309	11
1	145974885	145974925	12
1	145977540	145977777	0
1	145977852	145977982	0
1	145978097	145978360	0
1	14598911	14598982	4
1	145994168	145992434	12
1	145994168	145993838	4
1	145994217	145993578	4
1	145994438	145994015	0
1	145995032	145993520	9
1	146019735	146017467	0
1	146019735	146017469	0
1	146019735	146017546	0
1	146019735	146018566	0
1	146020321	146017467	0
1	146020321	146019174	0
1	146020321	146019697	0
1	146020339	146019551	0
1	146021735	146017467	0
1	146021736	146019697	0
1	146021919	146019174	0
1	146036747	146019697	0
1	146067289	146064698	6
1	146067289	146066317	6
1	146113825	146112828	0
1	146114521	146113651	0
1	146147396	146146202	1
1	146147748	146146520	1
1	146147755	146147325	1
1	146156816	146144906	0
1	146156816	146147664	2
1	146156816	146152265	3
1	146156816	146155351	6
1	146325371	146321213	0
1	146325371	146321841	0
1	146377588	146328050	0
1	146510	142807	0
1	146832	146385	0
1	14692614	14692128	0
1	146960007	146960108	3
1	146960012	146960108	3
1	146988009	146988012	3
1	147002578	147002281	0
1	147003192	147001930	0
1	147021404	147019655	0
1	147055376	147048133	0
1	147101670	147099481	0
1	147160834	147159218	0
1	147161781	147155105	0
1	147162574	147161711	0
1	147166619	147162439	0
1	147166619	147162511	0
1	147190250	147175350	0
1	147190250	147184304	0
1	147190250	147184491	0
1	147190250	147186258	0
1	147190250	147186260	0
1	147209052	147190176	0
1	147209052	147201151	0
1	147212536	147208438	0
1	147212536	147208851	0
1	147213471	147212392	0
1	147213471	147212446	0
1	147215943	147213307	0
1	147215943	147213358	0
1	147225067	147215753	0
1	147225310	147215753	0
1	147225340	147214781	0
1	147225629	147215753	0
1	147252657	147252657	0
1	147254948	147254949	0
1	147255846	147255846	0
1	147264533	147264533	8
1	147384864	147258884	0
1	147408690	147384667	0
1	147514449	147382191	0
1	147514449	147408589	0
1	147648412	147642234	0
1	147648412	147647367	0
1	147650239	147629651	0
1	147650239	147648245	0
1	147650683	147648245	0
1	147652550	147650142	0
1	147652648	147647367	0
1	147652648	147649816	0
1	147654327	147650142	0
1	147654327	147651973	0
1	147654327	147652448	0
1	147654327	147652513	0
1	147654327	147652548	0
1	147654327	147652586	0
1	147654327	147652591	0
1	147655249	147654193	0
1	147659002	147655160	0
1	147659040	147655160	0
1	147659040	147655225	0
1	147659350	147655160	0
1	147757493	147758402	2
1	147757772	147758353	2
1	147760607	147756198	0
1	147773355	147758483	0
1	147773363	147756199	0
1	147968429	147968874	1
1	147968429	147968894	1
1	147968964	147969866	0
1	147995887	147993861	0
1	147995887	147994300	0
1	148009593	148005372	0
1	148010269	148009342	0
1	148010269	148009420	0
1	148012100	148010136	0
1	148014957	148010457	0
1	148104646	148102045	0
1	148104646	148102046	0
1	148104646	148102150	0
1	148105529	148104536	0
1	148105529	148104582	0
1	148135248	148127140	0
1	148135814	148126828	0
1	148135814	148127140	0
1	148151989	148143414	0
1	148152323	148143414	0
1	148162993	148163106	0
1	148162993	148163141	0
1	148162993	148163183	0
1	148164464	148159212	0
1	148164464	148163571	0
1	148168551	148164396	0
1	148174394	148164396	0
1	148174394	148173625	0
1	148176332	148174287	0
1	148196282	148174287	0
1	148200095	148195958	0
1	148200095	148196097	0
1	148200095	148196249	0
1	148200554	148199994	0
1	148200634	148199994	0
1	148200634	148199999	0
1	148205693	148199994	0
1	148205753	148199994	0
1	148206634	148205623	0
1	148207964	148206595	0
1	148208655	148206494	0
1	148208655	148207842	0
1	148208655	148207933	0
1	148216306	148208532	0
1	148217079	148206001	0
1	148217079	148208532	0
1	148217079	148216038	0
1	148217131	148206601	0
1	148217131	148207838	0
1	148217131	148208087	0
1	148217131	148208090	0
1	148217131	148208095	0
1	148217131	148208532	0
1	148217131	148208587	0
1	148218889	148208093	0
1	148225290	148216936	0
1	148225290	148216946	0
1	148225290	148216983	0
1	148226622	148216936	0
1	148226799	148216936	0
1	148228070	148216936	0
1	148246464	148227987	0
1	148246687	148227987	0
1	148246765	148228535	0
1	148247109	148227987	0
1	148255013	148216936	0
1	148273084	148271883	0
1	148288952	148288000	0
1	148293049	148290889	0
1	148295914	148290888	0
1	148295914	148292913	0
1	148296183	148295749	0
1	148296500	148296123	0
1	148296777	148296123	0
1	148297272	148296272	0
1	148333279	148296272	0
1	148335920	148333213	0
1	148344382	148343861	0
1	148369427	148362994	0
1	148388975	148333878	0
1	148435177	148435319	2
1	148435233	148432955	0
1	148435355	148432955	0
1	148435355	148432958	0
1	148436565	148432955	0
1	148436565	148435145	1
1	148459690	148458642	18
1	148459700	148458500	12
1	148459758	148435145	0
1	148459814	148378055	0
1	148459841	148434773	0
1	148459960	148344212	0
1	148460151	148459601	8
1	148461094	148436443	1
1	148463543	148436443	0
1	148487817	148463387	0
1	148498748	148463387	0
1	148533970	148531384	2
1	148535505	148532978	1
1	148551262	148532117	0
1	148551262	148532978	0
1	148551262	148532979	0
1	148552149	148532978	1
1	1485839	1486109	3
1	148593686	148586254	0
1	148593701	148592551	0
1	148595596	148592551	0
1	148595718	148593597	1
1	148595753	148592551	0
1	148595753	148593597	1
1	148595753	148593644	0
1	148595891	148587300	0
1	148595891	148589183	0
1	148607746	148598612	1
1	148607746	148607037	7
1	148776157	148772639	0
1	148889530	148889783	0
1	1489275	1489691	0
1	1489275	1490256	0
1	148929274	148931799	0
1	1489812	1490256	3
1	148991974	148992254	0
1	148991974	148993484	0
1	149007247	149006308	0
1	149020337	149021028	0
1	149025805	149018670	0
1	1490425	1490562	2
1	149056621	149054026	5
1	149056621	149054032	5
1	149056621	149054137	5
1	149056621	149055629	2
1	149059809	149058924	0
1	149060696	149056511	0
1	149060696	149059699	0
1	149061384	149059762	0
1	149062266	149058163	1
1	149062914	149058163	0
1	149062914	149058924	0
1	149064483	149058924	3
1	149113713	149111303	0
1	149198485	149197991	0
1	149261792	149240376	0
1	149267025	149261639	0
1	149321733	149266968	0
1	149646655	149647380	6
1	149646946	149647380	0
1	149647065	149647380	0
1	149687602	149676850	0
1	149708	141473	0
1	149721547	149720530	0
1	149723099	149721411	0
1	149727071	149687434	0
1	149727071	149722875	0
1	149727071	149722923	0
1	149727148	149722925	0
1	149734392	149729377	0
1	149747438	149729377	0
1	149747438	149734010	0
1	149747438	149745615	0
1	149747819	149729377	0
1	149782775	149783169	0
1	149793021	149785658	0
1	149811758	149782876	0
1	149812058	149805259	0
1	149812339	149803601	0
1	149812374	149782688	0
1	149861139	149854044	4
1	149861149	149859184	15
1	149906040	149903317	2
1	149906857	149905471	0
1	149906857	149905879	0
1	149924015	149923316	33
1	149926919	149925835	37
1	149927295	149926375	36
1	149927295	149926381	37
1	149929318	149928651	5
1	149929917	149928650	2
1	149929917	149928651	2
1	149929917	149929154	1
1	149930548	149929622	0
1	149930548	149929673	0
1	149930966	149928651	0
1	149930966	149930364	1
1	149931388	149930076	0
1	149931427	149930791	2
1	149931593	149930791	1
1	149932015	149930364	1
1	149932015	149930791	1
1	149932015	149931259	0
1	149932015	149931367	0
1	149934327	149930364	0
1	149934327	149930791	0
1	149934327	149933609	0
1	149934327	149933854	0
1	149934527	149934182	0
1	149934527	149934190	0
1	149947336	149937811	0
1	149949084	149947250	0
1	149949084	149947290	0
1	149964350	149959683	0
1	149965879	149960926	0
1	149965879	149964221	0
1	150048552	150045659	0
1	150048552	150047687	0
1	150048552	150047833	0
1	150057604	150050481	0
1	150067166	150054508	0
1	150067666	150054508	0
1	150076313	150076915	0
1	150077232	150077668	0
1	150223241	150218416	2
1	150223241	150218417	2
1	150223241	150218554	10
1	150223241	150220271	1
1	150223241	150220391	2
1	150223241	150220460	3
1	150223295	150220377	3
1	150226731	150223185	0
1	150226796	150220537	1
1	150226796	150223185	0
1	150229115	150226607	1
1	150229145	150226607	1
1	150229238	150226607	1
1	150230694	150223185	0
1	150230694	150226607	0
1	150230694	150229071	0
1	150231927	150226607	0
1	150231927	150229071	0
1	150235830	150229071	0
1	150235984	150229071	0
1	150236157	150229071	0
1	150257287	150255094	0
1	150257329	150258079	0
1	150260172	150260282	0
1	150262871	150263041	0
1	150263200	150263298	1
1	150266657	150265398	500
1	150266657	150265403	499
1	150267203	150265405	7
1	150267203	150266532	7
1	150267203	150266644	9
1	150267255	150266348	9
1	150267479	150267074	8
1	150267697	150267096	6
1	150267767	150266955	4
1	150267790	150267355	4
1	150267790	150267369	4
1	150267992	150267355	4
1	150269000	150267956	15
1	150269016	150267956	15
1	150269024	150267715	15
1	150269210	150267956	10
1	150269304	150267956	2
1	150269581	150268900	0
1	150282824	150283461	0
1	150346137	150346407	2
1	15039	14403	1
1	150509757	150509834	0
1	150509763	150509921	0
1	150510003	150510101	0
1	150510183	150510875	0
1	150511199	150511456	0
1	150554733	150548561	2
1	150563218	150560894	0
1	150573822	150563101	0
1	150574553	150573658	0
1	150578492	150574550	122
1	150578492	150574555	122
1	150578778	150576926	84
1	150579531	150577069	250
1	15060303	15063571	0
1	150625803	150622843	105
1	150625809	150600850	2
1	150625809	150621250	87
1	150625809	150622440	97
1	150625809	150622543	91
1	150625809	150622728	100
1	150625809	150622730	100
1	150626527	150625554	67
1	150626527	150625641	81
1	150627593	150623280	80
1	150627593	150623621	91
1	150627593	150624621	97
1	150627593	150625464	86
1	150627593	150625505	83
1	150627593	150625641	112
1	150627593	150626478	100
1	150629117	150627466	0
1	150629129	150627466	0
1	150629140	150627466	0
1	150629141	150627466	0
1	150629471	150627466	1
1	150629503	150627311	1
1	150629560	150627466	0
1	150629567	150627466	0
1	150629577	150627466	0
1	150629578	150627053	0
1	150629578	150627397	1
1	150629578	150627466	0
1	150629582	150627311	1
1	150629597	150627466	1
1	150629613	150625199	4
1	150661929	150646224	0
1	150661929	150648436	0
1	150694851	150663631	0
1	150694851	150694107	0
1	150697025	150694655	0
1	150697109	150694511	0
1	150697145	150694655	0
1	150698966	150698390	0
1	150700184	150698059	0
1	150700184	150698161	0
1	150700184	150698252	0
1	150703394	150698553	0
1	150703394	150700111	0
1	150706810	150704276	0
1	150706824	150704276	0
1	150708408	150706552	0
1	150708408	150706571	0
1	150708408	150706629	0
1	150714122	150708893	0
1	150714122	150711544	0
1	150714122	150711832	0
1	150714679	150713727	0
1	150714679	150714084	0
1	150717283	150714084	0
1	150733063	150730885	3
1	150733146	150730881	1
1	150747880	150730195	0
1	150747880	150732566	0
1	150747880	150732837	0
1	150747880	150732914	0
1	150748286	150747776	0
1	150750092	150747776	0
1	150750172	150747776	0
1	150752009	150747795	0
1	150799274	150796207	0
1	150804240	150799543	0
1	150806017	150804011	0
1	150806017	150804020	0
1	150806017	150804040	0
1	150813339	150809704	0
1	150813339	150810093	1
1	150813339	150810858	0
1	150813339	150811680	0
1	150813339	150811960	0
1	150817434	150817081	0
1	150818031	150814076	0
1	150818031	150817360	0
1	150818442	150817393	0
1	150829228	150826542	0
1	150829966	150829092	0
1	150829981	150829092	0
1	150830383	150829109	0
1	150831904	150829092	0
1	150831904	150829903	0
1	150831904	150829908	0
1	150832400	150831485	0
1	150832400	150831817	0
1	150836494	150834537	0
1	150836500	150834537	0
1	150839655	150836279	0
1	150839655	150836423	0
1	150842469	150839398	0
1	150842469	150839440	0
1	150842469	150839607	0
1	150846308	150839440	0
1	150962720	150962973	0
1	150963140	150963529	0
1	150963145	150960582	0
1	150963742	150963994	1
1	150964084	150964246	4
1	150964084	150964249	4
1	150964564	150962957	1
1	150965744	150965831	883
1	150965765	150966130	911
1	150966289	150964273	14
1	150966630	150963669	9
1	150966630	150965172	13
1	150966630	150966161	12
1	150966863	150966475	11
1	150966863	150966486	13
1	150966863	150966563	14
1	150967203	150966475	10
1	150967203	150966755	6
1	150967485	150967066	5
1	150967485	150967073	4
1	150967485	150967130	4
1	150967485	150967146	4
1	150967632	150966755	7
1	150967691	150967391	7
1	150967715	150967073	7
1	150967715	150967391	8
1	150967715	150967426	8
1	150967726	150967391	8
1	150967878	150967381	5
1	150967878	150967391	5
1	150967878	150967663	7
1	150968133	150967663	7
1	150968173	150967819	8
1	150968175	150967819	8
1	150968202	150967819	8
1	150968479	150968082	3
1	150968513	150967819	3
1	150968513	150968082	3
1	150968513	150968106	3
1	150997368	150996085	6
1	150997780	150996548	4
1	150997780	150996705	7
1	150997780	150996834	4
1	150997780	150997099	3
1	150997780	150997107	4
1	150998171	150997360	2
1	150998274	150997623	0
1	150999512	150998081	0
1	150999965	150999368	0
1	150999965	150999410	0
1	151036767	151037314	0
1	151036767	151037566	0
1	151054322	151050970	16
1	151054322	151050972	16
1	151054322	151052113	16
1	151054322	151052945	15
1	151055127	151054230	9
1	151055127	151054236	9
1	151055994	151054230	14
1	151055994	151055015	14
1	151056787	151055582	13
1	151056787	151055676	19
1	151059575	151055015	7
1	151059650	151055676	6
1	151059774	151055676	13
1	151067335	151059478	0
1	151068381	151067131	353
1	151070326	151068318	3
1	151112316	151111911	0
1	15112542	15114470	0
1	151132869	151132066	0
1	151134056	151131684	0
1	151134446	151131684	0
1	151134446	151131706	0
1	151134446	151133959	0
1	151134676	151134198	0
1	151134676	151134400	0
1	151134876	151134330	0
1	151134876	151134619	0
1	151135600	151132196	0
1	151136164	151131968	0
1	151137800	151136856	0
1	151138106	151137710	0
1	151138106	151137711	0
1	151138407	151137710	0
1	151162101	151159747	0
1	151162101	151160584	1
1	151166542	151166933	6
1	151170664	151169986	0
1	151170664	151169987	0
1	151171064	151169985	0
1	151171541	151170518	0
1	151171541	151170919	0
1	151171764	151170919	0
1	151171764	151171432	1
1	151172358	151171632	0
1	151173616	151172267	0
1	151173616	151172328	0
1	151175950	151174390	0
1	151175977	151174752	0
1	151175982	151174752	0
1	151176017	151174752	0
1	151177032	151173498	0
1	151178146	151174390	0
1	151178146	151176303	0
1	151178146	151176461	1
1	151178146	151176730	0
1	151184494	151176872	0
1	151185621	151184316	0
1	151185951	151185505	0
1	151185951	151185539	0
1	15118905	15111814	0
1	15118905	15115951	0
1	151190144	151185521	3
1	151190146	151185797	2
1	151190159	151185797	0
1	151190189	151185797	0
1	151190214	151185797	0
1	151195322	151185797	0
1	15124374	15115980	0
1	151264919	151265165	7
1	151266113	151266307	0
1	151266122	151266307	0
1	151266199	151266307	0
1	151281881	151280023	3
1	151281930	151280023	3
1	151289272	151289377	0
1	151293463	151292601	8
1	151294139	151291796	0
1	151294139	151291936	2
1	151294139	151292131	6
1	151294139	151292132	6
1	151294139	151292478	4
1	151294139	151292622	2
1	151294139	151293399	1
1	151294474	151294048	0
1	151294542	151293618	1
1	151294542	151294017	0
1	151298993	151294408	4
1	151299035	151294408	4
1	151299074	151294408	0
1	151301867	151298424	0
1	151301968	151298807	0
1	151302299	151301843	0
1	151303651	151302193	0
1	151303651	151302247	0
1	151306364	151303540	0
1	151306434	151303353	0
1	151307802	151306135	0
1	151307802	151306263	0
1	151315673	151307573	0
1	151316510	151307573	0
1	151316510	151310210	0
1	151324918	151315572	0
1	151324918	151315639	0
1	151326374	151307573	0
1	151326374	151315572	0
1	151327401	151315572	0
1	151327412	151315572	0
1	151327658	151307573	0
1	151327716	151315572	0
1	151340903	151341863	78
1	151343179	151341959	75
1	151343443	151340639	66
1	151343443	151341828	54
1	151343443	151341959	54
1	151343443	151342246	86
1	151343443	151343073	0
1	151343883	151343341	0
1	151344279	151343680	0
1	151344279	151343696	0
1	151344279	151343748	0
1	151344537	151344196	0
1	151344537	151344198	0
1	151344537	151344255	0
1	151344668	151344196	0
1	151344757	151344416	0
1	151344848	151344332	0
1	151344848	151344416	0
1	151344848	151344514	0
1	151344848	151344520	0
1	151344848	151344559	0
1	151344848	151344576	0
1	151345178	151344727	0
1	151345189	151344727	0
1	151345189	151344763	0
1	151345189	151344791	0
1	151345444	151345121	0
1	151345444	151345141	0
1	151345958	151344961	0
1	151345958	151345105	0
1	151345962	151344988	0
1	151345962	151345105	0
1	151346334	151345105	0
1	151365045	151364301	0
1	151365045	151364303	0
1	151365045	151364304	0
1	151365045	151364307	0
1	151365045	151364308	0
1	151365045	151364311	0
1	151365045	151364334	0
1	151365045	151364338	0
1	151365045	151364344	0
1	151365685	151364925	0
1	151365685	151365188	0
1	151365847	151365188	0
1	151365847	151365562	0
1	151365847	151365572	0
1	151365847	151365605	0
1	151365847	151365671	0
1	151366454	151365188	0
1	151366454	151365767	0
1	151366905	151365767	0
1	151366905	151366274	0
1	151366905	151366440	0
1	151367176	151366721	0
1	151367176	151366887	0
1	151368317	151366680	0
1	151368320	151365767	0
1	151368320	151366274	0
1	151368320	151366721	0
1	151368320	151367015	0
1	151368320	151367207	0
1	151368320	151367220	0
1	151369190	151368198	0
1	151369507	151369003	0
1	151369555	151368198	0
1	151369555	151368999	0
1	151369555	151369003	0
1	151369555	151369067	0
1	151369770	151368198	0
1	151369770	151369003	0
1	151372706	151369003	0
1	151372707	151369003	0
1	151400186	151400441	5
1	151400188	151400441	5
1	151400589	151400763	4
1	151400846	151401238	1
1	151401356	151401541	24
1	151401631	151401816	0
1	151406632	151402723	16
1	151406632	151402724	16
1	151406632	151404223	20
1	151406632	151404498	17
1	151406632	151404801	15
1	151406632	151406285	4
1	151407024	151402723	18
1	151407024	151406606	3
1	151407292	151406606	4
1	151407292	151406910	6
1	151408197	151406898	2
1	151408241	151407234	0
1	151408554	151407237	5
1	151423552	151412295	2
1	151424287	151423396	4
1	151424287	151423521	4
1	151424464	151423498	4
1	151425062	151423948	0
1	151425295	151424009	3
1	151427981	151423948	0
1	151428015	151424954	0
1	151428042	151424954	0
1	151428414	151424954	2
1	151428414	151426188	0
1	151428414	151427822	8
1	151429712	151428122	0
1	151430842	151429399	0
1	151430842	151429602	0
1	151441087	151428122	0
1	151441087	151430665	0
1	151441087	151430671	0
1	151441087	151430705	0
1	151442205	151430665	0
1	151442206	151430665	0
1	151442206	151430713	0
1	151442206	151440842	0
1	151442206	151440927	0
1	151442479	151442180	0
1	151451048	151442080	0
1	151455058	151442080	0
1	151455198	151442080	0
1	151459179	151442080	0
1	151459180	151442080	0
1	151459188	151442080	0
1	151459216	151442080	0
1	151459466	151442080	0
1	151535899	151536236	0
1	151613364	151612037	0
1	151693040	151693423	0
1	151693040	151693543	0
1	151693484	151693592	0
1	151693484	151694369	0
1	151705169	151702403	0
1	151705169	151702404	0
1	151705169	151702414	0
1	151707649	151706668	0
1	151707649	151707144	0
1	151707936	151706668	0
1	151707936	151707144	0
1	151707936	151707506	0
1	151707936	151707508	0
1	151709078	151707791	0
1	151709346	151708997	0
1	151709349	151708997	0
1	151709538	151708997	0
1	151709792	151708997	0
1	15171318	15164343	0
1	15171318	15168473	0
1	151760900	151759642	0
1	151760900	151759646	0
1	151760900	151759653	1
1	151760900	151759874	4
1	151760921	151759883	0
1	151761520	151760815	0
1	151761553	151760815	0
1	151761553	151760873	0
1	151762011	151761474	4
1	151762026	151761450	4
1	151762026	151761506	4
1	151762156	151760815	0
1	151762156	151761450	3
1	151762156	151761961	4
1	151762501	151761961	1
1	151762501	151762104	0
1	151762501	151762112	1
1	151763068	151762375	9
1	151763147	151762317	6
1	151763147	151762375	6
1	151763335	151762375	14
1	151763335	151762954	14
1	151763335	151762989	13
1	151763391	151762989	6
1	151763485	151762989	9
1	151763490	151762616	9
1	151763497	151762949	9
1	151763565	151762989	13
1	151765751	151766007	0
1	151767206	151767206	0
1	151767224	151767224	0
1	151768244	151763383	0
1	151769502	151768137	2
1	151774452	151771582	4
1	151774505	151770106	3
1	151774505	151771563	1
1	151774505	151773493	23
1	151774505	151774098	25
1	151774505	151774412	7
1	151774807	151773478	0
1	151774807	151773483	0
1	151774807	151773491	3
1	151774807	151773497	3
1	151774807	151774412	0
1	151774807	151774454	0
1	151779007	151776438	0
1	151779208	151778684	0
1	151779243	151778632	0
1	151779243	151778684	0
1	151780129	151779102	0
1	151780141	151778684	0
1	151780141	151779102	0
1	151781588	151779102	0
1	151781588	151779742	0
1	151781588	151779950	0
1	151781588	151779978	0
1	151781588	151779989	0
1	151781588	151780050	0
1	151781588	151780086	0
1	151783050	151781480	0
1	151783050	151781908	0
1	151783189	151781480	0
1	151783772	151782898	0
1	151790431	151782898	0
1	151790434	151782898	0
1	151790480	151782898	0
1	151790481	151782779	0
1	151790484	151782898	0
1	151790489	151782898	0
1	151790506	151782898	0
1	151790523	151782898	0
1	151791417	151782898	0
1	151806155	151800263	0
1	151811435	151806070	0
1	151811435	151806893	0
1	151811435	151806956	0
1	151814790	151806957	0
1	151840558	151837818	0
1	151847863	151847262	0
1	151848293	151847281	0
1	151851164	151848181	0
1	151851192	151848181	0
1	151877126	151873583	0
1	151877126	151874054	0
1	151877126	151874376	0
1	151888384	151877000	0
1	151888384	151877086	0
1	151895195	151889213	1
1	151895195	151889982	3
1	151909503	151895007	0
1	151909638	151894829	0
1	151909809	151895007	0
1	15192846	15191827	0
1	151984184	151983231	8
1	151986252	151982914	7
1	151986252	151982917	7
1	151986252	151984076	8
1	151986252	151985157	17
1	152033801	152032505	3
1	152047908	152033647	0
1	152088164	152084143	0
1	152114081	152106316	0
1	152114112	152106316	0
1	152157910	152153594	0
1	152196700	152124015	0
1	152223279	152212081	1
1	152314039	152314623	3
1	152315478	152302174	9
1	152358907	152348734	0
1	152412247	152409242	0
1	152566773	152565653	0
1	152580505	152579380	0
1	152787344	152787433	0
1	152805499	152805225	0
1	152806629	152805434	0
1	152949211	152930039	0
1	153040780	153039847	0
1	153041119	153039724	0
1	153041932	153039743	0
1	153041932	153039827	0
1	153057538	153056112	0
1	153094526	153093134	0
1	153106185	153093134	0
1	153113516	153112113	0
1	153150870	153149581	0
1	15324560	15327058	0
1	15327143	15328276	0
1	15328430	15329345	0
1	153299232	153297861	0
1	153337300	153330119	0
1	153345371	153343089	0
1	153345383	153343089	0
1	153346192	153343089	0
1	153346192	153345024	0
1	153346192	153345168	0
1	15335465	15334165	0
1	153374613	153373705	0
1	153380800	153379820	0
1	153390558	153390031	0
1	153391072	153390203	0
1	153428402	153427019	0
1	153438347	153437057	0
1	15343877	15326679	0
1	153459031	153457743	0
1	153535361	153534598	24
1	153535361	153534713	135
1	153535376	153534598	24
1	153535934	153535201	45
1	153535992	153535092	35
1	153535992	153535201	38
1	153536216	153535201	26
1	153536223	153535201	26
1	153540206	153537146	2
1	153540206	153537156	2
1	153544810	153543612	9
1	153544810	153543620	9
1	153545098	153543612	7
1	153548491	153547328	0
1	153548491	153547512	0
1	153550137	153544653	0
1	153563537	153561348	0
1	153563854	153561339	0
1	153563888	153561107	0
1	153563888	153561339	0
1	153563888	153561342	0
1	153564234	153561339	2
1	1535798	1535173	0
1	1535798	1535206	0
1	153606284	153586812	0
1	153608178	153606885	168
1	153608178	153606974	168
1	153608178	153607361	338
1	153608178	153607451	183
1	153615382	153614254	0
1	153615382	153614257	0
1	153615382	153614776	0
1	153615382	153614917	0
1	153626534	153618786	0
1	153626534	153618798	0
1	153626534	153618801	0
1	153626534	153618803	0
1	153627049	153626319	10
1	153627269	153626319	10
1	153627599	153618807	0
1	153627599	153626319	7
1	153627599	153626331	8
1	153628181	153626319	2
1	153628238	153626319	2
1	153628238	153627507	1
1	153628240	153627482	1
1	153628249	153627482	1
1	153628497	153628781	2
1	153628497	153630508	0
1	153628868	153630508	0
1	153630657	153628120	0
1	153631079	153626319	0
1	153631079	153627482	0
1	153631079	153628120	0
1	153631112	153627490	0
1	153631361	153630449	1
1	153632064	153631010	2
1	153632198	153631437	4
1	153632241	153631010	1
1	153632241	153631660	4
1	153632241	153632033	11
1	153633158	153632033	0
1	153634050	153632033	2
1	153634111	153632033	2
1	153634112	153632033	2
1	153636654	153638294	31
1	153642430	153643226	14
1	153658887	153659137	0
1	153658887	153659447	0
1	153659185	153659447	0
1	153662796	153661787	43
1	153662796	153662035	56
1	153662796	153662064	318
1	153665729	153665219	24
1	153667658	153665662	14
1	153668078	153667282	18
1	153668078	153667554	19
1	153693198	153693351	0
1	153718348	153717302	0
1	153728212	153728552	105
1	153747071	153747278	1
1	153747364	153748688	1
1	153751228	153746850	0
1	153752177	153750982	0
1	153760391	153760826	0
1	153760919	153761019	1
1	153760919	153761569	0
1	153761110	153761569	0
1	153772441	153772638	2
1	153773332	153774517	102
1	153775449	153775966	0
1	153776165	153776517	2
1	153777221	153777760	0
1	153777221	153778160	0
1	153777886	153778160	0
1	153778356	153778462	0
1	153778356	153778505	0
1	153778356	153778686	0
1	153778554	153778686	0
1	153778554	153778757	0
1	153778554	153778845	1
1	153778554	153779113	1
1	153778886	153779113	0
1	153779212	153779342	0
1	153779474	153779825	0
1	153779474	153779930	0
1	153790077	153789029	0
1	153811849	153789937	0
1	153811849	153804724	2
1	153811849	153809809	2
1	153811849	153810096	0
1	153812039	153811730	0
1	153812133	153811730	0
1	153812133	153811844	0
1	153812276	153811595	0
1	153818923	153818039	0
1	153819736	153818790	0
1	153819736	153818824	0
1	153827611	153819676	0
1	153828349	153819605	0
1	153828349	153819623	0
1	15383403	15383806	0
1	153886522	153828012	0
1	153898952	153828257	0
1	153914741	153828012	0
1	153922031	153828012	0
1	153922743	153828012	0
1	153922767	153898916	0
1	153922829	153886423	0
1	153922976	153828012	0
1	153923361	153828265	0
1	153930604	153929500	21
1	153930604	153930245	1
1	153930858	153930538	1
1	153931065	153929500	2
1	153931065	153930538	2
1	153931065	153930691	1
1	153931065	153930741	2
1	153932256	153930946	0
1	153932441	153930691	1
1	153932441	153930946	0
1	153932721	153932203	2
1	153932778	153930946	0
1	153932778	153932203	2
1	153932894	153932641	0
1	153933031	153932641	0
1	153933042	153932175	2
1	153933166	153932538	0
1	153933266	153930538	0
1	153933320	153932860	0
1	153934965	153934134	0
1	153936189	153934759	0
1	153936643	153935832	1
1	153936749	153936059	2
1	153939805	153938899	0
1	153940257	153939588	0
1	153940607	153940155	2
1	153940653	153939587	0
1	153941049	153940430	0
1	153941290	153940903	0
1	153941435	153940894	0
1	153941441	153941230	0
1	153941441	153941233	0
1	153942114	153941373	0
1	153942245	153941373	0
1	153942357	153941868	4
1	153942626	153941928	0
1	153942626	153942186	0
1	153943082	153942278	4
1	153943131	153942555	3
1	153948645	153947668	3
1	153948645	153947674	3
1	153948645	153947677	3
1	153949385	153948457	2
1	153949385	153948833	5
1	153951605	153949114	0
1	153951667	153949114	0
1	153952097	153949171	22
1	153952263	153949114	0
1	153952263	153951259	2
1	153952447	153952017	0
1	153952447	153952131	0
1	153952497	153952155	0
1	153953370	153952804	2
1	153953607	153953265	0
1	153953607	153953315	0
1	153954317	153953537	0
1	153954990	153954254	2
1	153954990	153954265	2
1	153955167	153954254	3
1	153958577	153951259	0
1	153958616	153953265	0
1	153962351	153959098	2
1	153962351	153959109	2
1	153962351	153959110	2
1	153962351	153959111	2
1	153962351	153959150	2
1	153962351	153960109	2
1	153962351	153960352	4
1	153962351	153960453	3
1	153962748	153959098	1
1	153962748	153962219	12
1	153962748	153962310	12
1	153963476	153962219	7
1	153967622	153963596	13
1	153967713	153963596	10
1	153968185	153963596	3
1	153968640	153968929	0
1	153968700	153968929	0
1	153969177	153969333	0
1	153972837	153972971	0
1	153974836	153963596	2
1	153975888	153974705	0
1	153975906	153974268	2
1	153975906	153974511	2
1	153975906	153974681	0
1	153976776	153975816	2
1	153976776	153975825	2
1	153976776	153975849	2
1	153976923	153975825	2
1	153976923	153975838	2
1	153977014	153975825	2
1	153978017	153976975	19
1	1539791	1535588	0
1	153982177	153977169	2
1	153982445	153981616	0
1	153982445	153981650	2
1	153982445	153982038	0
1	153982445	153982060	0
1	153982601	153982390	1
1	153982809	153982534	0
1	153983297	153982718	0
1	153983297	153982744	0
1	153983582	153983218	0
1	153984782	153981653	0
1	153984782	153983520	0
1	153990803	153990913	94
1	153991035	153991114	33
1	153991224	153991565	3
1	153993090	153992684	0
1	153993090	153992689	0
1	153993090	153992693	0
1	154001061	153995075	0
1	154010122	153995075	0
1	1540351	1539055	1
1	1540356	1539683	0
1	1540358	1539683	0
1	154046201	154029895	0
1	154089595	154070272	0
1	15409172	15402978	0
1	154117881	154104011	0
1	154169384	154156693	4
1	154169384	154167464	6
1	154170470	154155303	1
1	154170470	154155307	1
1	154170470	154156356	2
1	154170470	154156358	2
1	154170470	154156363	2
1	154170470	154156365	2
1	154170470	154157111	6
1	154170470	154157317	2
1	154170470	154157525	2
1	154170470	154157531	2
1	154170470	154157582	2
1	154170470	154158608	0
1	154170470	154158669	0
1	154170470	154169304	2
1	154170701	154169651	0
1	154170712	154170399	0
1	154170712	154170407	0
1	154172092	154170648	7
1	154172105	154170399	5
1	154172105	154170648	7
1	154172678	154170648	7
1	154172979	154170399	2
1	154172979	154170648	1
1	154172979	154171412	1
1	154172979	154171881	2
1	154172979	154172028	2
1	154172979	154172066	2
1	154173167	154172907	1
1	154173202	154170648	1
1	154173202	154172671	1
1	154173202	154172907	1
1	154176249	154170648	0
1	154176249	154172028	7
1	154176249	154172907	1
1	154191312	154176114	0
1	154191312	154187259	0
1	154191734	154191185	0
1	154192059	154191185	0
1	154192068	154191202	0
1	154192212	154191185	0
1	154194649	154191901	0
1	154200589	154199371	0
1	154208518	154207229	2
1	154212379	154206695	0
1	154212379	154206705	0
1	154212379	154206719	0
1	154212379	154207175	4
1	154212379	154207539	9
1	154212625	154207097	12
1	154212625	154211733	19
1	154212625	154212132	132
1	154212625	154212319	130
1	154212731	154212319	130
1	154268955	154269361	0
1	154273535	154273773	2
1	154273599	154273749	0
1	154273599	154273773	0
1	154275002	154275077	1
1	154275002	154275153	1
1	154275261	154275392	1
1	154323807	154324281	0
1	154331506	154331605	0
1	154378105	154376965	0
1	154379274	154377952	0
1	1543988	1541672	3
1	1543988	1541673	5
1	154406565	154402327	0
1	154480059	154480867	0
1	154486045	154469771	0
1	154486063	154479480	0
1	154486684	154479480	0
1	154486684	154485942	0
1	1545003	1543868	1
1	154547480	154547677	0
1	154547569	154547677	0
1	154551005	154548576	16
1	154551005	154550408	22
1	154551493	154550937	22
1	154551493	154550952	22
1	154551802	154551222	12
1	154551820	154551396	12
1	154551820	154551459	13
1	154551858	154551396	13
1	154551980	154551770	13
1	154552376	154551750	21
1	154552465	154551396	15
1	154552465	154552092	20
1	154552821	154552092	17
1	154552821	154552381	8
1	154552821	154552403	8
1	154553077	154552403	6
1	154554786	154553031	11
1	154555533	154554734	10
1	154575929	154576647	0
1	154576864	154577005	0
1	154576864	154578074	0
1	154577254	154578074	0
1	154579664	154579064	0
1	154585345	154582056	161
1	154585345	154582060	161
1	154585345	154582061	161
1	154585345	154582066	161
1	154585345	154582079	161
1	154585345	154582095	161
1	154585345	154582106	164
1	154585345	154582229	173
1	154585345	154583011	274
1	154585345	154584349	203
1	154585419	154584633	4
1	154585866	154582110	41
1	154585866	154585216	6
1	154586364	154585216	3
1	154586364	154585646	4
1	154586364	154585752	6
1	154586942	154586180	2
1	154588259	154586180	1
1	154588281	154586180	1
1	154588603	154585992	7
1	154588674	154586180	3
1	154589929	154589368	0
1	154590410	154589756	0
1	154596939	154590261	0
1	154596996	154589756	0
1	154596996	154589861	0
1	154596996	154590183	0
1	154596996	154590261	0
1	154596996	154590341	0
1	154597268	154590261	1
1	154597268	154596804	0
1	154597977	154597122	0
1	154597977	154597264	0
1	154602249	154598401	2
1	154602398	154598401	2
1	154602572	154598401	2
1	154602627	154598401	0
1	154602627	154600176	221
1	154602627	154601040	141
1	154602627	154602055	163
1	154602627	154602077	145
1	154602627	154602203	188
1	154606301	154601040	0
1	154608115	154601040	0
1	154608171	154601040	0
1	154608187	154601040	0
1	154608249	154601040	0
1	154608798	154601040	0
1	154608826	154601040	0
1	154627610	154601040	0
1	154627969	154601040	0
1	154627981	154601040	0
1	154628005	154601040	0
1	154628014	154601040	0
1	1546488	1543868	1
1	154707781	154702728	0
1	154708227	154707675	0
1	154713534	154697454	0
1	154713534	154697473	0
1	154713534	154707425	0
1	154713534	154707951	0
1	154926484	154924733	0
1	15494002	15492269	0
1	15494002	15492365	0
1	15494002	15492797	0
1	15494002	15492854	0
1	15494002	15492942	0
1	154946804	154944075	0
1	154946804	154944079	0
1	154947549	154945571	0
1	154947713	154947097	0
1	154947713	154947416	0
1	154947713	154947418	0
1	154948006	154947641	0
1	154948006	154947652	0
1	154951398	154947981	0
1	154951398	154948132	0
1	154951398	154948225	0
1	154951536	154951231	0
1	154951922	154951228	0
1	15495453	15490831	0
1	15495453	15493891	0
1	154961027	154957025	4
1	154961027	154958739	4
1	154961027	154959637	0
1	154962037	154960976	12
1	154963854	154960976	427
1	154965763	154963328	12
1	154965782	154962297	7
1	154965782	154963676	6
1	154966078	154965542	10
1	154966081	154965542	10
1	154966232	154965542	9
1	154966232	154965945	5
1	154966232	154965991	5
1	154966491	154966161	135
1	154966518	154966161	5
1	154967798	154966318	5
1	154967798	154966424	7
1	154968032	154967669	8
1	154968032	154967670	8
1	154968595	154968203	5
1	154968615	154967979	5
1	154968615	154968203	5
1	154968835	154968494	0
1	154968835	154968501	0
1	154968875	154968494	0
1	154968894	154968494	0
1	154970748	154968494	4
1	154983398	154983841	7
1	154983634	154983841	8
1	154990258	154990338	3
1	154992787	154992901	0
1	154993849	154993929	0
1	155002687	155002842	0
1	155023258	155018519	0
1	155023258	155018530	0
1	155023258	155018532	0
1	155023258	155018582	0
1	155023458	155023116	0
1	155023621	155023363	0
1	155023960	155023363	0
1	155023960	155023384	0
1	155046119	155045190	6
1	15504759	15493891	0
1	15504759	15495272	0
1	155051466	155052516	2
1	155051466	155052530	2
1	155051466	155052619	2
1	155051466	155052640	2
1	155051466	155052670	0
1	155052560	155052670	8
1	155054227	155054313	0
1	155056001	155056079	0
1	155056250	155056385	4
1	15506080	15504610	0
1	155061490	155061575	4
1	15507076	15504624	0
1	15507908	15505989	0
1	15507908	15506898	0
1	155133569	155133729	1
1	155136377	155136827	0
1	155136397	155136827	0
1	155138510	155138759	135
1	155140545	155139890	4
1	155140596	155139890	4
1	155169858	155169407	1
1	155169858	155169408	1
1	155169858	155169469	1
1	155172490	155169408	0
1	155172629	155169407	0
1	155172893	155169408	0
1	15518396	15495272	0
1	15518396	15507771	0
1	15518396	15507872	0
1	155186805	155185826	0
1	155186805	155185947	0
1	155187273	155173316	0
1	155187375	155185823	0
1	155187375	155185825	0
1	155187375	155185829	0
1	155187375	155185947	0
1	155187375	155186122	1
1	155187375	155186729	0
1	155187539	155187224	0
1	155187545	155187224	0
1	155187577	155186707	0
1	155187577	155187224	0
1	155187859	155187224	0
1	155188064	155187224	0
1	155188213	155187224	0
1	155188232	155187224	0
1	155188286	155187224	0
1	155192275	155187454	0
1	155192284	155187224	0
1	155192284	155187454	0
1	155192284	155187721	0
1	155192284	155188007	0
1	155192284	155188162	0
1	155192284	155188327	0
1	155192284	155190954	0
1	155192311	155187224	0
1	155192311	155187454	0
1	155192311	155187721	0
1	155192311	155188007	0
1	155192311	155188162	0
1	155192311	155188327	0
1	155192868	155188007	0
1	155192868	155188162	0
1	155192868	155188327	0
1	155192868	155192182	2
1	155192869	155192182	2
1	155192894	155188007	0
1	155192894	155188162	0
1	155192894	155188327	0
1	155192894	155192182	2
1	155192910	155191862	0
1	155192916	155187454	0
1	155192916	155188162	0
1	155192916	155191458	0
1	155192916	155191907	0
1	155192916	155191999	0
1	155192916	155192182	2
1	155192917	155192201	1
1	155196127	155195587	0
1	155196127	155195589	0
1	155196127	155195665	0
1	155196127	155195790	0
1	155196127	155195844	0
1	155196443	155195587	0
1	155197929	155197462	0
1	155198221	155197879	0
1	155198221	155197896	0
1	155198603	155198041	5
1	155198603	155198070	5
1	155198738	155198041	0
1	155199853	155198408	0
1	155199857	155198041	0
1	155199857	155198408	0
1	15520002	15518135	0
1	155200611	155199994	0
1	155201005	155199994	0
1	155201005	155200450	0
1	155201005	155200455	0
1	155201205	155200896	0
1	155201205	155200898	0
1	155201570	155200616	0
1	155203540	155203222	2
1	155204958	155203222	0
1	155205317	155203222	0
1	155205317	155203512	0
1	155205317	155204854	1
1	155206407	155203512	0
1	155206407	155205059	0
1	155207900	155205059	0
1	155210628	155212126	3
1	155210895	155211391	3
1	155211547	155212126	8
1	155212568	155212693	15
1	155213820	155211150	13
1	155214685	155213820	51
1	155214685	155213824	40
1	155214685	155213825	40
1	155214685	155214367	3
1	155216622	155215562	0
1	155216622	155215761	0
1	155217030	155215562	0
1	155217030	155216383	0
1	155217374	155216383	0
1	155217374	155216856	0
1	155217374	155216896	0
1	155218050	155216383	0
1	155218050	155216856	0
1	155218480	155216856	0
1	155235312	155234451	45
1	155235312	155234558	73
1	155235312	155234867	6
1	155235312	155235015	6
1	155235836	155234452	4
1	155235845	155234960	0
1	155236289	155235680	0
1	155236460	155235194	4
1	155236470	155235680	0
1	155237579	155236181	0
1	155237579	155236244	0
1	155237579	155236395	2
1	155238307	155237340	0
1	155238651	155238133	0
1	155238651	155238212	0
1	155238710	155238133	0
1	155238892	155237931	0
1	155239763	155238516	0
1	155239763	155238563	0
1	155239963	155238516	0
1	155239963	155239634	0
1	155240078	155236244	0
1	155240078	155238516	0
1	155240078	155239615	0
1	155240300	155239959	0
1	155240718	155238516	0
1	155240718	155239885	0
1	155240718	155239972	0
1	15524193	15518109	0
1	15524201	15518249	0
1	15524216	15518109	0
1	15524218	15518109	0
1	15524296	15518109	0
1	15524348	15518109	0
1	15524446	15518109	0
1	155244700	155239885	1
1	15524727	15518109	0
1	155248304	155247204	85
1	155248304	155247216	87
1	155248304	155247426	201
1	155248474	155248049	1
1	155248474	155248073	0
1	15524890	15518109	0
1	155250822	155248404	0
1	155250930	155248404	0
1	155251165	155248404	0
1	155251165	155250275	2
1	155251165	155250587	2
1	155251165	155250693	2
1	155251602	155247395	0
1	155253733	155248404	0
1	155253733	155251501	1
1	155253733	155251732	0
1	155253979	155252748	3
1	155253979	155253624	4
1	155254457	155253624	4
1	155254909	155253624	3
1	155254961	155253624	4
1	155255192	155253624	7
1	155255484	155253624	6
1	155256792	155255978	3
1	155256792	155255980	3
1	155256792	155256006	14
1	155256792	155256240	6
1	155257387	155256673	6
1	155257658	155256673	2
1	155257658	155257284	3
1	155257658	155257285	3
1	155257658	155257297	3
1	155258893	155257497	2
1	155258916	155256673	9
1	155258955	155257497	2
1	155260451	155257497	2
1	155260451	155258790	2
1	155260451	155258825	2
1	155260653	155258825	4
1	155261735	155260536	2
1	155261869	155260536	2
1	155262228	155260536	2
1	155262260	155261656	1
1	155262330	155261226	1
1	155262340	155261656	1
1	155262431	155260536	0
1	155264041	155262867	1
1	155264041	155262873	1
1	155264551	155262879	1
1	155268127	155266728	4
1	155268360	155268009	0
1	155268360	155268093	0
1	155269364	155268009	0
1	155269714	155268292	1
1	155269714	155268707	3
1	155269717	155268292	1
1	155269717	155268707	3
1	155270842	155269165	0
1	155270978	155268707	0
1	155270978	155269487	0
1	155284136	155284538	0
1	155288708	155289390	4
1	155289008	155289390	4
1	155291938	155289292	0
1	155291938	155289838	0
1	155295303	155294481	0
1	155295569	155295115	0
1	155295569	155295134	0
1	155308966	155309752	3
1	155308966	155309788	3
1	155308966	155310042	2
1	155308966	155310063	2
1	155309077	155309752	3
1	155309077	155309788	3
1	155309077	155310042	4
1	155309077	155310063	4
1	155309966	155310042	2
1	155318022	155318168	0
1	155318292	155318664	10
1	155318397	155316862	1
1	155318397	155317945	10
1	155318754	155318855	0
1	155319689	155319793	9
1	155319689	155319856	9
1	155319933	155318264	0
1	155319954	155318264	0
1	155320992	155321687	0
1	155321528	155317432	3
1	155321545	155319802	2
1	155321696	155319802	1
1	155322438	155321624	2
1	155324169	155322242	2
1	155324177	155320158	0
1	155324588	155324844	12
1	155325179	155325315	11
1	155325491	155325566	0
1	155325491	155325600	0
1	155325911	155326579	0
1	155325911	155326609	0
1	155325911	155326897	0
1	155338391	155335267	0
1	155338391	155336054	0
1	155343487	155341935	0
1	155343743	155343040	0
1	155343743	155343313	0
1	155343743	155343450	0
1	155344274	155343603	0
1	155344274	155343655	0
1	155344592	155343603	0
1	155346430	155344182	0
1	155346470	155344182	0
1	155346470	155345962	0
1	155347905	155346382	0
1	155360410	155357584	0
1	155370651	155360300	0
1	155370869	155370146	0
1	155370984	155370503	0
1	155396979	155396009	0
1	155415924	155395458	0
1	155439069	155415743	0
1	155482450	155459796	5
1	155520357	155481410	0
1	155521619	155477885	0
1	155562808	155562152	8
1	155610333	155610393	88
1	155610333	155610424	86
1	155610381	155609775	0
1	155610962	155611038	68
1	155611109	155611215	68
1	155611292	155611410	30
1	155611292	155611426	28
1	155611292	155611548	29
1	155611356	155611548	28
1	155612317	155612417	6
1	155615675	155614725	0
1	155660246	155649816	0
1	155661424	155659442	18
1	155661424	155659445	18
1	155661424	155660739	12
1	155661424	155660830	18
1	155661424	155660839	18
1	155668718	155661306	0
1	155668778	155660716	0
1	155668778	155661306	0
1	155670465	155661306	0
1	155670465	155668626	0
1	155671092	155668626	0
1	155672728	155670319	0
1	155672732	155661306	1
1	155672732	155668626	0
1	155672732	155670319	0
1	155672732	155670323	0
1	155672732	155670396	0
1	155674819	155672559	1
1	155675052	155672520	1
1	155675075	155672520	1
1	155675097	155670319	0
1	155675097	155672271	1
1	155675097	155672520	1
1	155675097	155672559	1
1	155675097	155672725	0
1	155676747	155672361	0
1	15568236	15568776	3
1	15568236	15569652	2
1	155688655	155688070	8
1	155688670	155688070	8
1	155688687	155688070	4
1	155688706	155688070	4
1	155688707	155688070	4
1	155688718	155688070	8
1	155688749	155688070	5
1	155688758	155688070	5
1	155688775	155688070	5
1	155688974	155680415	0
1	155688976	155679408	0
1	155689001	155679408	0
1	155689001	155680415	0
1	155689001	155688070	4
1	155710564	155710097	0
1	155738259	155738608	356
1	15574842	15572352	0
1	15575150	15575334	0
1	155751870	155749661	27
1	155751870	155749716	23
1	155751870	155750331	36
1	155752203	155749941	41
1	155754489	155753203	0
1	155757078	155751959	0
1	155757078	155754016	0
1	155757078	155754374	0
1	155757324	155756957	0
1	155757324	155756958	0
1	155757941	155756540	0
1	155757968	155757179	0
1	155758035	155757179	0
1	155765351	155763311	0
1	155766710	155763311	0
1	155766710	155764843	8
1	155766710	155764999	6
1	155767542	155764426	1
1	155767542	155764783	1
1	155767542	155764885	2
1	155767542	155764999	6
1	155767542	155765448	1
1	155767542	155766535	0
1	155767542	155766656	0
1	155771202	155767085	0
1	155771218	155767424	0
1	155775174	155773065	0
1	155776462	155774962	0
1	155776482	155775001	0
1	155777821	155774806	0
1	155777821	155776394	0
1	15577865	15574756	0
1	155784390	155777621	0
1	155785375	155783985	0
1	155795152	155784374	0
1	155795152	155785333	0
1	155822477	155821473	0
1	155827029	155822285	0
1	155827029	155822446	0
1	155831621	155826869	0
1	155832	146385	0
1	155832951	155826836	0
1	155853406	155832831	0
1	155853807	155826836	0
1	155853810	155831534	0
1	155904503	155897807	0
1	155904503	155900182	0
1	155904503	155900273	0
1	155904503	155900397	1
1	155904503	155900593	0
1	155910507	155904730	2
1	155910792	155910094	2
1	155910805	155910449	4
1	155910882	155910449	2
1	155911403	155910449	0
1	155915965	155913042	6
1	155915965	155914111	6
1	155916710	155915576	2
1	155916710	155915872	1
1	155916738	155913044	2
1	155916738	155915872	1
1	155916943	155915663	2
1	155917673	155915872	3
1	155921629	155917498	1
1	155921919	155921374	2
1	155921919	155921384	2
1	155921919	155921421	2
1	155922015	155921238	2
1	155926840	155925631	0
1	155927157	155926470	1
1	155927157	155926675	1
1	155933850	155929711	0
1	155933850	155932272	0
1	155950483	155946850	0
1	155950483	155946853	0
1	155950483	155946854	0
1	155950483	155946855	0
1	155950483	155947366	2
1	155950483	155947941	2
1	155951534	155950828	1
1	155951534	155950873	3
1	155952829	155952115	1
1	155954970	155952627	1
1	155954970	155952802	0
1	155957883	155952731	2
1	155961958	155958319	1
1	155962223	155961660	1
1	155962624	155962104	5
1	155962719	155962104	5
1	155962973	155961938	6
1	155963184	155962592	3
1	155965129	155962932	0
1	155965129	155963126	1
1	155965132	155962932	0
1	155965132	155963139	1
1	155965413	155962932	0
1	155965413	155964987	1
1	155965761	155965302	2
1	155965761	155965323	2
1	155966480	155965302	0
1	155969301	155966819	0
1	155969730	155969155	0
1	155971064	155968219	0
1	155978161	155969155	0
1	155978170	155969155	0
1	155978428	155969155	0
1	155978502	155969155	0
1	155978528	155969155	0
1	155979100	155969155	0
1	155979114	155968808	0
1	155983201	155969155	2
1	155983201	155969247	1
1	155985450	155984393	0
1	155989352	155985331	0
1	155989352	155985374	0
1	155989500	155985331	0
1	155990074	155989233	0
1	155991213	155989233	0
1	155996628	155946854	0
1	156002565	155996094	0
1	156003730	155989233	0
1	156011888	156009047	7
1	156011888	156009104	8
1	156011888	156009106	8
1	156011888	156009114	8
1	156011888	156009128	8
1	156011888	156009334	7
1	156011888	156009359	6
1	156011888	156009549	3
1	156012566	156009061	5
1	156012566	156011809	11
1	156013041	156009048	4
1	156015070	156011580	12
1	156015070	156011809	9
1	156015070	156012384	13
1	156015070	156012394	11
1	156015074	156011809	9
1	156018369	156009085	5
1	156018369	156010220	2
1	156018369	156011809	3
1	156018369	156014960	2
1	156019267	156018131	3
1	156020168	156011809	3
1	156020168	156014960	5
1	156020168	156018131	8
1	156020168	156018251	5
1	156020168	156018269	5
1	156020168	156019084	3
1	156020172	156018269	5
1	156020347	156020012	6
1	156020790	156020012	1
1	156020846	156020012	1
1	156020890	156020012	1
1	156020913	156020012	1
1	156020915	156020012	1
1	156020918	156020012	1
1	156020929	156020012	1
1	156020932	156020012	1
1	156020934	156020012	1
1	156020936	156020012	1
1	156020947	156020012	1
1	156020951	156020012	1
1	156020960	156020012	0
1	15603627	15586135	0
1	156041672	156035300	0
1	156041988	156041484	0
1	156042237	156041871	0
1	156042539	156041871	0
1	156048660	156043997	0
1	156050360	156048501	0
1	156050554	156048500	0
1	156077683	156077065	27
1	156081705	156077467	0
1	156081999	156072012	1
1	156114792	156114963	4338
1	156114912	156114963	3949
1	156136368	156137190	6
1	156136437	156136920	5
1	156137029	156137112	0
1	156137744	156138487	9
1	156139103	156139769	830
1	156154581	156154686	0
1	156154986	156156413	0
1	156158487	156158671	0
1	156158487	156158718	0
1	156199722	156199834	0
1	156242296	156242552	0
1	156242832	156243032	0
1	156244790	156243320	0
1	156244790	156243686	0
1	156244912	156243320	0
1	156244912	156243414	0
1	156244912	156243415	0
1	156244912	156243421	0
1	156244912	156243422	0
1	156244912	156243911	0
1	156245239	156243320	0
1	156245239	156244689	0
1	156245239	156244760	0
1	156245278	156244773	0
1	156245662	156245141	0
1	156245662	156245153	0
1	156245662	156245216	0
1	156245988	156244760	0
1	156245988	156245141	0
1	156246251	156244760	0
1	156246251	156245141	0
1	156250997	156249223	8
1	156251381	156250032	3
1	156251478	156250857	0
1	156252505	156251402	0
1	156252556	156251078	2
1	156253079	156252413	0
1	156253509	156252918	0
1	156253763	156253047	0
1	156266381	156263394	0
1	156266679	156265780	0
1	156266679	156266136	0
1	156285268	156285524	5
1	156285268	156286259	8
1	156285984	156286259	6
1	156291107	156290095	5
1	156291507	156290686	7
1	156291551	156290976	5
1	156293121	156290540	3
1	156293210	156290088	2
1	156293210	156290579	2
1	156293382	156292885	93
1	156293430	156292694	117
1	156293577	156292686	5
1	156293577	156292687	5
1	156293577	156292885	72
1	156293668	156292687	5
1	156294077	156293319	4
1	156294237	156292686	0
1	156294237	156293319	4
1	156294237	156293372	0
1	156294237	156293422	0
1	156294237	156293517	0
1	156294514	156293383	85
1	156294526	156294017	17
1	156294566	156293616	5
1	156294566	156294017	1
1	156294993	156294017	52
1	156295017	156292885	6
1	156310642	156308991	0
1	156310690	156308967	0
1	156310690	156308968	0
1	156310690	156309013	0
1	156310690	156309164	0
1	156319018	156317414	0
1	156319018	156317535	0
1	156321026	156318867	0
1	156321026	156318869	0
1	156321026	156318920	0
1	156321026	156318956	0
1	156325087	156320838	0
1	156325090	156320838	0
1	156325090	156320839	0
1	156325090	156320922	0
1	156333285	156324979	0
1	156333623	156324971	0
1	156333644	156320838	0
1	156333644	156324971	0
1	156333644	156332652	0
1	156333644	156333215	1
1	15633566	15633797	0
1	156335889	156333546	1
1	156335889	156334867	1
1	156336008	156334867	8
1	156337241	156335826	5
1	156337790	156335826	4
1	156338207	156335114	5
1	156338215	156335826	4
1	156338230	156335826	4
1	156338246	156335826	4
1	156338264	156334867	5
1	156338293	156333546	5
1	156338306	156335826	4
1	156338312	156335826	4
1	156338466	156335826	4
1	156367838	156334867	0
1	156367860	156335826	0
1	156367874	156335826	0
1	156378141	156378251	0
1	156382202	156382747	0
1	156407198	156404252	0
1	156407198	156404256	0
1	156407198	156404262	0
1	156407198	156404411	0
1	156407198	156404507	0
1	156407976	156404260	0
1	156407976	156404379	0
1	156407976	156407079	0
1	156407976	156407173	0
1	156408092	156404263	0
1	156412709	156404260	0
1	156413479	156407841	0
1	156413498	156404258	0
1	156414299	156404255	0
1	156414299	156407841	0
1	156414299	156407853	0
1	156414754	156404255	0
1	156414754	156404257	0
1	156414754	156404363	0
1	156414754	156407841	0
1	156414754	156411830	0
1	156414754	156413412	0
1	156414754	156413915	0
1	156414754	156414055	0
1	156414754	156414083	0
1	156414754	156414106	0
1	156417440	156404249	0
1	156420290	156407841	0
1	156420319	156407696	0
1	156421753	156404256	0
1	156421753	156414653	0
1	156421757	156414653	0
1	156421757	156417911	0
1	156421759	156414653	0
1	156421810	156417911	0
1	156426873	156404251	0
1	156426873	156414653	0
1	156426873	156416768	0
1	156426873	156425636	0
1	156429393	156426797	0
1	156429400	156426797	0
1	156429402	156426797	0
1	156429411	156426797	0
1	156429414	156426797	0
1	156429419	156425824	0
1	156429424	156426797	0
1	156429430	156426797	0
1	156429549	156426797	0
1	156429580	156426797	0
1	156454796	156446411	0
1	156455722	156452896	0
1	156467657	156466217	3
1	156468300	156463726	3
1	156468300	156466209	6
1	156468300	156467627	7
1	156468300	156467630	7
1	156477203	156468779	3
1	156477203	156475107	0
1	156477203	156476493	0
1	156479347	156476928	0
1	156479347	156477011	0
1	156483419	156482436	0
1	156483431	156482436	1
1	156490600	156483238	0
1	1564917	1544637	2
1	1564917	1544862	2
1	156499561	156483260	0
1	156500754	156483238	0
1	156500829	156483238	0
1	156526600	156525404	32
1	156528061	156525404	1
1	156528061	156526222	0
1	156537322	156535162	0
1	156538862	156536830	0
1	156539034	156537180	3
1	156539466	156537175	4
1	156585232	156585712	0
1	156596132	156594486	145
1	156596132	156595212	182
1	156596132	156595444	41
1	156596132	156595666	36
1	156596249	156595605	33
1	156596479	156595597	33
1	156596479	156596079	23
1	156596479	156596080	23
1	156596503	156595719	32
1	156596506	156595716	32
1	156597886	156596386	28
1	156597923	156596386	21
1	156598122	156595719	43
1	156598122	156596293	13
1	156598122	156596386	15
1	156598122	156597799	12
1	156598125	156596080	24
1	156598320	156596080	26
1	156598320	156596386	21
1	156598320	156597467	18
1	156598320	156598034	22
1	156598495	156597939	27
1	156598495	156598226	33
1	156599031	156598420	12
1	156599047	156598420	12
1	156599105	156597763	19
1	156599105	156598226	19
1	156599105	156598420	10
1	156601463	156598967	15
1	156601467	156598967	15
1	156601471	156598420	16
1	156601471	156598967	13
1	156601472	156598967	13
1	156601480	156598966	15
1	156601480	156598967	15
1	156601484	156598967	15
1	156601491	156598967	15
1	156601497	156598967	15
1	156623576	156623806	0
1	156624161	156624350	0
1	156657097	156657674	0
1	156661425	156646506	0
1	156673528	156668762	0
1	156691998	156687694	0
1	156700659	156699605	0
1	156700659	156699617	0
1	156700659	156699755	3
1	156701053	156700541	0
1	156705504	156700873	2
1	156705547	156700873	1
1	156705547	156700874	1
1	156705602	156700873	0
1	156713175	156712211	0
1	156724349	156721890	42
1	156724349	156722602	54
1	156725868	156724147	24
1	156727387	156723957	23
1	156727770	156724147	27
1	156728430	156727210	90
1	156728436	156724147	27
1	156728442	156727241	88
1	156728800	156726905	96
1	156732116	156732280	4
1	156732287	156732365	22
1	156737777	156737302	1
1	156737777	156737304	3
1	156737777	156737529	0
1	156738135	156737645	3
1	156738228	156737645	0
1	156738439	156738030	0
1	156738439	156738117	0
1	156738765	156738342	4
1	156738765	156738417	122
1	156743456	156742109	940
1	156743879	156742106	7
1	156743879	156742109	7
1	156743879	156742525	1207
1	156743879	156743155	568
1	156743879	156743170	165
1	156743879	156743344	356
1	156744277	156743306	1124
1	156744349	156743651	6
1	156744349	156743708	6
1	156744349	156743802	6
1	156744349	156743840	6
1	156807346	156806242	0
1	156807346	156806243	0
1	156809491	156807174	0
1	156809808	156809202	0
1	156814017	156809660	0
1	156814112	156809660	0
1	156815222	156813847	0
1	156815222	156814204	0
1	156815412	156814204	0
1	156816064	156815036	0
1	156816095	156814497	0
1	156816095	156815036	0
1	156841529	156840062	0
1	156842509	156842111	0
1	156874401	156874570	0
1	156875667	156876070	0
1	156875667	156876079	0
1	156908052	156908127	0
1	156937006	156934839	0
1	156937006	156934844	0
1	156937006	156935523	1
1	156937497	156936815	4
1	156946163	156945018	0
1	156946788	156945907	0
1	156946788	156946044	0
1	156955800	156954891	0
1	156956565	156955702	0
1	156956565	156955723	0
1	156968125	156963519	0
1	156969359	156967910	0
1	156969359	156967986	0
1	156986174	156984338	0
1	157097989	157092043	0
1	157134228	157121190	1
1	157135709	157133144	1
1	157135709	157134111	2
1	157136366	157135091	3
1	157136366	157135470	3
1	157205063	157203603	0
1	15720995	15720311	0
1	15723288	15722718	0
1	15723354	15720736	2
1	15723354	15720811	0
1	157237137	157232230	0
1	15727069	15727191	32
1	157288054	157287702	0
1	15736897	15732386	0
1	1574585	1560847	3
1	1574588	1564772	2
1	1574870	1564772	4
1	15749897	15740050	0
1	157515874	157513376	0
1	157515874	157513377	0
1	157516074	157513376	0
1	157518498	157515841	0
1	157518783	157518428	0
1	157519077	157518428	0
1	157524558	157521016	0
1	157527896	157523810	0
1	157527896	157524278	0
1	157528670	157524278	0
1	157534893	157527616	0
1	157539365	157531963	0
1	157539365	157534613	0
1	157543138	157539085	0
1	157544547	157541824	0
1	157544547	157542858	0
1	157575731	157573748	0
1	157575731	157574820	0
1	157575731	157575568	0
1	157630729	157629938	0
1	157640302	157636299	0
1	157676733	157674320	0
1	157678857	157676480	0
1	157678974	157676480	0
1	157678974	157676481	0
1	157678974	157678320	0
1	157678974	157678594	0
1	157678974	157678742	0
1	157680771	157678690	0
1	157680771	157678941	0
1	157696328	157690254	0
1	157696328	157695328	0
1	157697330	157696039	0
1	157697425	157696039	0
1	157697920	157696039	0
1	157697920	157697139	0
1	157697920	157697167	0
1	157697920	157697215	0
1	157698014	157695328	0
1	157698630	157696039	0
1	157698630	157697139	0
1	157746900	157745732	0
1	157746900	157745734	0
1	157766972	157749649	0
1	157767510	157766854	0
1	157767775	157766613	0
1	157770151	157768413	0
1	157770311	157766854	0
1	157770667	157766854	0
1	157770667	157769349	0
1	157770667	157769865	0
1	15777079	15777169	0
1	157797130	157794535	0
1	157797130	157795854	0
1	157797133	157794402	0
1	157797133	157794535	0
1	157797133	157794764	0
1	157797133	157794860	0
1	157797133	157795627	0
1	157797940	157794535	0
1	157807123	157803844	0
1	157820061	157807101	0
1	157820073	157807101	0
1	157820090	157807101	0
1	157820092	157806647	0
1	157820106	157807101	0
1	157833513	157830913	0
1	157836156	157834406	0
1	157839411	157835834	0
1	157839411	157835945	0
1	157898257	157846710	0
1	158132657	158132043	0
1	158133194	158132043	0
1	158133194	158132577	0
1	158146930	158132039	0
1	158203878	158197921	0
1	158267321	158266752	0
1	158329015	158327950	0
1	158426238	158418209	0
1	15848148	15834473	0
1	158481803	158474453	0
1	158494555	158474455	0
1	158494887	158479904	0
1	158554406	158544549	0
1	158566859	158560605	0
1	158612026	158611207	0
1	158612962	158610705	0
1	158613868	158612748	0
1	158613868	158612782	0
1	158613868	158612816	0
1	158615404	158614252	0
1	158617569	158615215	0
1	158617589	158614747	0
1	158617589	158615215	0
1	158619335	158618038	0
1	158620467	158619221	0
1	158620790	158619185	0
1	158623193	158620169	0
1	158626223	158622718	0
1	158626223	158622982	0
1	158639687	158638032	0
1	158640008	158639228	0
1	158640008	158639581	0
1	158656657	158654610	0
1	158657695	158656563	0
1	158657695	158656630	0
1	158720721	158716326	0
1	158743416	158742145	0
1	158772196	158747813	0
1	158772196	158764235	0
1	158781205	158774221	0
1	159052099	159052319	0
1	159052099	159053532	1
1	159052351	159053563	1
1	159063675	159062483	0
1	159065995	159063531	0
1	159066330	159063485	0
1	159066330	159063578	0
1	159066330	159065909	0
1	159068702	159065909	0
1	159068702	159066211	0
1	159068702	159066315	0
1	159122378	159073237	0
1	159140509	159065909	0
1	159196455	159196890	0
1	159199860	159194324	0
1	159201622	159199785	0
1	159202513	159200811	0
1	159207974	159201305	0
1	159361900	159346165	0
1	15942421	15941868	0
1	15942421	15941870	0
1	15942442	15941868	0
1	15942442	15941870	0
1	15942723	15941868	2
1	15942739	15941868	4
1	15942739	15941870	4
1	15942739	15942330	4
1	15942739	15942406	4
1	15943090	15942528	2
1	15943195	15942528	2
1	15943385	15942755	2
1	15943520	15943063	2
1	15943716	15943239	1
1	15943716	15943398	1
1	15943716	15943428	1
1	15943896	15943598	1
1	15943927	15943256	1
1	15944359	15943807	6
1	15944394	15943598	8
1	15944404	15943598	8
1	15944429	15943598	8
1	15944601	15943807	8
1	15944840	15944299	8
1	15944840	15944416	9
1	15945203	15944696	4
1	15945841	15944936	0
1	15945841	15944987	0
1	15946085	15944936	1
1	15946295	15945714	1
1	15946295	15945720	1
1	15946317	15945714	1
1	159469069	159364323	0
1	15947023	15946153	3
1	15947106	15946153	0
1	15947124	15945714	0
1	15947124	15945845	0
1	15947124	15945932	0
1	15947124	15946153	0
1	159713604	159712409	0
1	159713641	159712503	0
1	159713641	159712562	0
1	159713768	159712290	0
1	159713973	159712292	0
1	159714081	159712534	0
1	159714139	159713502	0
1	159714590	159712288	0
1	159714590	159713502	0
1	159714590	159714002	0
1	159714590	159714006	0
1	15973126	15946934	0
1	15973126	15948290	0
1	159808445	159808960	0
1	159809061	159809196	0
1	159836156	159834494	0
1	159836796	159837084	0
1	159838028	159834473	0
1	159838028	159835349	0
1	159838028	159835875	0
1	159840867	159837916	0
1	159840867	159837917	0
1	159841236	159834501	0
1	159841236	159840710	0
1	159854904	159837916	0
1	159854917	159841125	0
1	159855027	159841125	0
1	159855238	159854756	0
1	159855348	159854756	0
1	159856082	159854315	0
1	159856082	159854756	0
1	159857967	159856523	0
1	159858292	159857744	0
1	159858292	159857931	0
1	159858913	159857931	0
1	159858913	159858089	0
1	159858913	159858168	0
1	159862658	159858733	0
1	159873015	159857931	0
1	159873015	159858089	0
1	159873015	159858733	0
1	159873054	159858733	0
1	159873169	159872363	0
1	159873169	159872365	0
1	159873415	159872363	0
1	159876750	159872943	0
1	159876790	159872943	0
1	159877463	159872943	0
1	159877463	159876262	0
1	159877463	159876555	0
1	159886690	159884435	0
1	159888012	159886510	0
1	159888012	159886598	0
1	159900113	159898065	0
1	159900126	159893179	0
1	159900164	159893179	0
1	159919377	159918106	21
1	159919377	159918776	23
1	159919377	159918837	26
1	159919836	159918750	20
1	159919836	159919273	21
1	159927888	159927038	0
1	159927888	159927041	0
1	159952535	159951491	4
1	159953654	159951491	0
1	159973282	159972547	0
1	160040602	159998650	0
1	160040602	159999153	0
1	160041958	160040501	0
1	160042255	160038260	0
1	160042503	160038302	0
1	160042505	159999295	0
1	160042533	159998840	0
1	160042533	160040501	0
1	160044822	160038332	0
1	160044822	160038852	0
1	16006672	16006159	0
1	160070116	160038258	0
1	160070120	160042045	0
1	160070137	160042045	0
1	160070161	160037466	0
1	160070484	160037466	0
1	160091939	160091339	0
1	160091939	160091349	0
1	160094172	160092923	0
1	160095247	160093709	0
1	160095333	160093759	0
1	160121011	160121191	0
1	16017208	16014027	0
1	16017220	16015498	0
1	16017223	16015373	0
1	16018044	16014027	0
1	160205135	160202198	0
1	160208388	160205337	2
1	160217709	160216799	33
1	160217709	160217161	31
1	160218441	160215714	1
1	160218441	160217245	1
1	160218441	160217346	1
1	160218441	160217463	1
1	160218441	160217466	1
1	160218441	160217485	1
1	160218441	160217577	1
1	160218441	160217683	1
1	160218859	160218323	0
1	160218969	160218323	0
1	16021919	16021990	0
1	160219315	160218323	1
1	160220140	160217850	0
1	160221211	160220458	2
1	160222782	160216552	5
1	160222782	160218848	2
1	160222782	160220458	2
1	160222782	160221086	2
1	160222782	160221087	2
1	160240371	160238606	2
1	160244035	160239221	0
1	160244035	160239696	0
1	160244035	160239783	0
1	160244035	160240090	0
1	160244035	160240101	0
1	160244035	160240297	0
1	160261803	160239969	0
1	160262408	160243959	0
1	160262426	160261284	10
1	160262437	160261284	10
1	160262449	160243959	0
1	160262452	160261284	9
1	160262477	160261284	8
1	160262502	160261284	7
1	160262515	160243959	0
1	160262529	160261284	9
1	160262532	160261284	8
1	160263463	160240141	0
1	160263463	160243959	0
1	160278192	160243959	0
1	160278192	160263264	0
1	160278192	160277301	60
1	160279846	160243959	0
1	160279846	160263264	0
1	160279846	160276811	71
1	160279846	160276866	70
1	160279846	160278130	138
1	160279846	160279295	13
1	160279846	160279483	5
1	160279846	160279492	5
1	160280083	160279800	3
1	160280139	160279800	6
1	160280247	160279394	5
1	160280247	160279800	2
1	160281296	160280069	0
1	160282145	160280069	0
1	160282201	160280069	1
1	160282201	160280075	1
1	160282201	160281185	0
1	160282459	160282038	4
1	160282503	160282038	4
1	160282503	160282070	0
1	160282503	160282105	0
1	160282520	160280175	0
1	160283110	160282038	0
1	160283110	160282317	0
1	160283110	160282416	0
1	160290687	160288685	7
1	160290687	160289200	15
1	160290687	160289272	27
1	160290687	160289290	24
1	160290687	160289292	24
1	160290687	160289294	24
1	160290687	160289300	26
1	160290687	160289353	139
1	160290687	160289614	7
1	160290687	160289626	7
1	160290687	160289780	58
1	160294858	160294483	1
1	160295860	160294767	1
1	160295860	160294802	1
1	160295860	160294806	1
1	160299265	160297555	0
1	160299265	160298844	0
1	160299280	160298844	0
1	160305572	160297555	0
1	160305572	160298844	0
1	160305572	160299101	0
1	160305572	160299140	0
1	160305599	160299101	0
1	160305774	160299101	0
1	160305774	160305432	0
1	160305925	160305230	0
1	160309151	160306353	0
1	160309177	160306353	0
1	160309177	160307162	0
1	160310259	160309100	0
1	160310523	160308929	0
1	160323531	160313084	0
1	160323531	160313989	0
1	160332491	160325542	0
1	160332547	160325542	0
1	160332553	160325542	0
1	160332558	160325542	0
1	160333680	160325542	0
1	160333680	160332447	0
1	160335323	160325542	0
1	160335323	160332447	0
1	160335323	160333461	0
1	160335323	160333602	0
1	160339983	160332447	1
1	160339983	160335241	1
1	160340209	160339436	1
1	160340295	160332447	0
1	160340295	160335241	0
1	160340295	160339908	1
1	16036347	16035177	0
1	160487176	160485029	0
1	160487176	160485054	0
1	160487176	160486692	0
1	160549980	160541094	0
1	160549980	160541097	0
1	160549980	160548088	0
1	160549980	160548244	0
1	160549980	160548246	0
1	160553498	160549916	0
1	160553498	160550937	0
1	160553498	160552704	0
1	160554147	160552704	0
1	160554147	160552906	0
1	160554147	160553359	0
1	160554147	160553377	0
1	160565746	160553745	0
1	160565746	160553894	0
1	160579474	160565403	0
1	160579505	160565403	0
1	160579517	160553894	0
1	16059605	16057768	0
1	16059605	16058278	0
1	160612581	160608099	0
1	160612581	160610764	0
1	160637530	160610178	0
1	160637530	160634612	0
1	160646959	160637190	0
1	160647022	160637010	0
1	160647296	160637190	0
1	160647296	160637236	0
1	160681469	160678745	0
1	160683696	160684954	0
1	160683696	160684982	0
1	160683786	160684954	0
1	160685190	160680421	0
1	160685190	160681201	0
1	160711804	160683518	0
1	160711832	160684886	0
1	160711852	160684886	0
1	160750424	160751344	0
1	160750424	160752185	0
1	160751449	160752185	0
1	160776609	160775953	0
1	160780141	160776974	0
1	160832576	160830159	0
1	160832576	160831182	0
1	160832576	160831270	0
1	160832720	160831270	0
1	160834117	160831270	0
1	160834117	160832518	0
1	160862701	160841583	0
1	160862761	160841583	0
1	160862856	160841583	0
1	160879415	160876538	0
1	160880709	160879310	0
1	160880709	160879311	0
1	160881313	160880587	0
1	160881522	160880587	0
1	160882205	160881153	0
1	160882296	160881153	0
1	160934381	160931738	0
1	160948033	160945024	0
1	160948033	160945093	0
1	160950167	160947928	0
1	160950712	160950045	0
1	160951013	160950045	0
1	160951291	160950552	0
1	160951475	160950552	0
1	160999092	160995210	5
1	160999092	160997956	5
1	160999092	160998401	4
1	160999979	160999639	0
1	161000349	160999875	0
1	161000349	160999909	0
1	161000778	161000145	0
1	161000778	161000309	0
1	161001049	161000630	0
1	161001128	161000145	0
1	161001128	161000630	0
1	161001178	161000630	0
1	161001354	161000719	0
1	161038076	161037630	0
1	161038076	161037691	0
1	161038308	161037630	0
1	161038674	161037630	0
1	161038674	161037912	0
1	161038695	161037912	0
1	161038730	161037912	0
1	161038917	161037897	0
1	161038938	161038550	0
1	161038945	161022749	0
1	161038951	161038550	0
1	161038963	161021387	0
1	161038978	161037912	0
1	161038991	161038550	0
1	161040324	161039939	6
1	161040331	161039250	5
1	161040331	161039854	8
1	161040331	161039919	6
1	161040584	161039294	3
1	161040671	161040201	3
1	161040671	161040208	3
1	161040873	161040439	1
1	161040873	161040575	1
1	161041412	161040813	5
1	161041722	161041323	2
1	161041847	161041323	3
1	161041847	161041389	4
1	161042218	161041323	1
1	161042218	161041325	2
1	161042218	161041650	2
1	161042218	161041734	1
1	161042218	161041833	1
1	161042671	161041606	1
1	161049335	161046947	19
1	161049690	161046945	20
1	161049690	161046947	20
1	161049690	161046948	20
1	161049690	161048789	20
1	161049690	161048988	17
1	161053386	161052285	0
1	161053386	161052625	0
1	161054474	161052625	0
1	161054474	161053257	0
1	161054474	161053374	0
1	161054706	161054365	0
1	161054706	161054401	0
1	161069971	161053257	0
1	161073300	161070994	0
1	161073796	161072139	0
1	161089600	161079589	0
1	161098405	161098665	0
1	161098482	161098665	0
1	161099063	161099345	0
1	161102172	161100555	1
1	161118056	161100555	0
1	161118226	161118785	4
1	161118240	161118785	4
1	161119389	161119492	4
1	161119389	161119508	4
1	161123175	161121743	25
1	161123222	161120973	25
1	161123222	161120976	18
1	161123222	161121786	19
1	161123222	161121929	18
1	161123222	161122024	18
1	161123222	161122241	18
1	161123222	161122262	18
1	161123222	161122332	17
1	161123222	161122350	17
1	161124211	161123838	0
1	161124527	161123838	11
1	161124527	161124132	43
1	161124527	161124137	37
1	161130838	161124137	3
1	161130844	161124137	3
1	161130848	161123838	5
1	161130848	161124137	3
1	161130848	161124339	6
1	161130848	161124413	6
1	161131098	161120973	10
1	161132589	161124137	1
1	161132689	161124137	1
1	161157018	161157253	0
1	161157694	161158120	4
1	161159350	161153759	0
1	161160976	161161121	24
1	161163923	161164163	8
1	161163982	161164163	11
1	161164251	161164533	1
1	161164613	161164834	10
1	161167235	161167338	0
1	161167235	161167370	0
1	161169184	161169659	0
1	161169721	161169905	0
1	161170520	161170619	0
1	161170950	161171033	0
1	161172332	161171309	2
1	161172332	161171310	2
1	161172332	161171311	4
1	161172411	161171965	2
1	161173728	161172226	4
1	161174050	161172226	3
1	161174050	161173604	7
1	161175229	161173604	1
1	161175229	161173858	1
1	161175894	161174992	0
1	161176075	161174906	1
1	161176075	161174992	0
1	161176096	161174992	0
1	161176096	161174994	0
1	161176096	161175051	0
1	161176157	161174992	0
1	161176509	161175807	0
1	161176580	161174992	0
1	161176580	161175807	0
1	161177104	161176433	1
1	161177107	161175961	8
1	161177107	161176433	1
1	161177150	161176433	1
1	161177421	161174992	0
1	161177469	161176911	0
1	161177480	161176433	0
1	161177486	161176433	0
1	161177492	161176612	0
1	161177495	161176433	0
1	161177498	161176433	0
1	161177498	161176911	0
1	161177969	161176433	0
1	161192241	161184307	0
1	161194222	161193639	0
1	161195636	161193934	0
1	161195752	161194161	0
1	161196304	161195464	0
1	161196881	161196170	0
1	161199054	161195978	0
1	161199057	161196556	0
1	161203544	161203786	0
1	161210189	161210303	2
1	161210390	161210590	0
1	161213733	161213863	0
1	161213922	161214155	5
1	161222523	161222295	0
1	161222995	161222291	0
1	161223051	161222291	0
1	161223051	161222315	0
1	161223051	161222422	0
1	161223051	161222507	0
1	161223267	161222292	0
1	161223409	161222318	0
1	161223426	161222291	0
1	161223614	161222291	0
1	161228309	161228427	0
1	161228505	161228714	2
1	161230919	161229665	14
1	161230919	161229670	14
1	161230919	161229675	14
1	161230919	161229681	12
1	161230919	161229689	12
1	161230919	161229736	14
1	161230919	161229771	16
1	161230934	161229669	12
1	161230934	161229670	12
1	161230934	161229681	14
1	161230934	161229736	14
1	161230934	161229771	11
1	161230934	161229796	11
1	161231220	161230812	0
1	161231234	161229670	0
1	161231234	161229681	0
1	161231234	161229736	0
1	161231234	161229771	0
1	161231234	161230344	0
1	161231234	161230812	0
1	161231246	161229670	2
1	161231246	161229681	2
1	161231246	161229689	2
1	161231246	161229736	2
1	161231246	161229771	2
1	161231246	161230812	2
1	161231330	161229679	2
1	161231475	161229670	2
1	161231475	161229681	2
1	161231475	161229689	2
1	161231475	161229736	2
1	161231475	161229771	2
1	161231475	161230812	0
1	161231475	161231116	2
1	161232863	161231328	0
1	161232947	161230930	0
1	161232947	161231166	0
1	161232947	161231260	0
1	161232947	161231328	0
1	161235978	161231328	0
1	161235978	161232806	0
1	161235978	161233168	0
1	161236566	161235846	0
1	161236599	161235846	0
1	161238091	161235846	0
1	161238102	161235846	0
1	161238102	161236458	0
1	161238102	161236529	0
1	161238112	161236458	0
1	161238134	161235256	0
1	161238164	161235846	0
1	161238164	161236458	0
1	161238204	161235846	0
1	161238211	161236458	0
1	161238245	161236458	0
1	161238303	161236458	0
1	16129590	16124336	28
1	161305978	161304734	3
1	161306169	161304734	3
1	161306169	161304778	3
1	161306169	161305328	3
1	161306169	161305533	3
1	161306191	161305694	0
1	161306373	161305334	3
1	161306465	161306107	3
1	16133369	16132377	13
1	16133563	16133012	18
1	16133607	16133179	2
1	16134568	16133859	18
1	16135190	16134467	26
1	16135190	16134559	20
1	161365703	161364730	4
1	161366279	161365525	4
1	161366502	161366197	8
1	161367875	161366438	13
1	161369160	161371295	3
1	161419889	161403408	0
1	161428020	161420222	0
1	161440997	161433443	0
1	161470524	161427825	0
1	16149048	16138274	17
1	161505553	161505986	0
1	161506008	161506333	0
1	161506008	161506336	0
1	16150964	16148377	24
1	161537854	161536570	0
1	161544959	161541758	0
1	161544959	161541762	0
1	161544959	161541764	0
1	161544959	161541795	0
1	161544959	161541854	0
1	161544959	161543011	0
1	161548676	161544700	0
1	161548679	161544700	0
1	161548679	161545398	0
1	161549032	161544700	0
1	161549032	161548420	0
1	161557079	161556289	0
1	16156053	16148377	19
1	161589597	161589599	0
1	161619303	161617991	0
1	161626403	161623195	0
1	161626403	161623199	0
1	161626403	161623989	0
1	161626403	161624222	0
1	161630033	161626144	0
1	161630036	161623199	0
1	161630036	161626144	0
1	161630036	161626356	0
1	161630251	161626306	0
1	161630389	161626144	0
1	161630389	161629777	0
1	161631033	161630367	0
1	161631048	161630367	0
1	161631127	161629889	0
1	161631139	161630367	0
1	161631159	161630367	0
1	161631177	161630367	0
1	161631457	161630367	0
1	161631463	161630367	0
1	1616615	1617077	0
1	161671650	161672974	0
1	161672284	161671977	0
1	161674074	161675256	0
1	161674074	161677327	0
1	161674765	161673429	0
1	161674825	161672258	0
1	161675314	161677327	0
1	161710493	161710759	0
1	161711475	161711933	0
1	161726088	161726702	11
1	161726088	161726806	9
1	161726088	161726847	8
1	161766228	161765324	0
1	16198217	16198281	4
1	161983942	161983192	0
1	161983948	161983191	0
1	161984981	161983191	0
1	161984981	161983455	0
1	161985233	161983552	0
1	16199255	16197853	0
1	16199255	16198103	0
1	16204920	16201781	2
1	16204920	16202415	0
1	16205177	16204758	4
1	16205177	16204810	4
1	16205177	16204899	4
1	16205668	16205350	2
1	16206084	16205350	0
1	16206084	16205537	2
1	16206341	16205626	3
1	16206341	16205930	4
1	16206527	16205848	2
1	16206527	16205930	2
1	16206544	16205930	2
1	16216610	16215908	0
1	162168479	162146708	0
1	16217161	16216468	0
1	16217224	16216468	0
1	16217329	16216456	0
1	162317795	162316851	0
1	16232647	16231699	5
1	16232647	16232280	0
1	162375404	162373202	0
1	162376809	162374443	0
1	162399088	162395265	0
1	162402803	162398922	0
1	162412127	162402738	0
1	162412139	162402476	0
1	162500248	162500912	0
1	16252405	16246838	3
1	16252405	16251081	2
1	1625429	1625545	2
1	1625429	1625557	2
1	1625654	1626366	0
1	1625654	1626649	0
1	1627000	1627073	0
1	1627445	1627672	0
1	162797917	162799742	0
1	162798936	162799742	0
1	162802950	162803430	0
1	1628180	1628272	4
1	1628400	1628488	1
1	162855360	162851315	0
1	162855756	162855086	0
1	162855759	162854296	0
1	162855784	162824457	0
1	162855947	162855088	0
1	1629405	1629487	0
1	16294918	16256605	0
1	1629567	1629638	0
1	16305920	16292313	0
1	16305920	16294782	0
1	163072500	163072804	0
1	163073575	163074618	0
1	163073623	163074320	0
1	163152717	163111120	0
1	163152717	163142298	0
1	163152717	163142303	0
1	163152717	163147055	0
1	163152717	163147116	0
1	163152717	163147341	0
1	163152717	163147473	0
1	163161977	163152472	0
1	163161977	163152537	0
1	163161977	163152549	0
1	163161977	163152607	0
1	163161977	163152609	0
1	163161977	163152649	0
1	163168369	163161914	0
1	163168369	163161953	0
1	163202836	163152549	0
1	163202899	163161914	0
1	163217637	163172557	0
1	163248599	163168257	0
1	163248707	163244504	0
1	163305314	163300662	0
1	163306330	163168257	0
1	163306330	163248274	0
1	163306330	163248318	0
1	163306330	163248529	0
1	163306330	163300395	0
1	163306330	163300557	0
1	163306330	163304210	0
1	163306330	163305202	0
1	1633121	1633187	0
1	163319292	163306232	0
1	163319292	163308543	0
1	163321705	163319181	0
1	163321736	163306232	0
1	163321742	163318837	0
1	163321752	163306232	0
1	163321753	163306232	0
1	163321753	163319181	0
1	163321773	163319181	0
1	163321775	163319226	0
1	163321788	163308543	0
1	163321792	163306232	0
1	163321793	163308543	0
1	163321895	163308543	0
1	163328305	163328457	1
1	1633356	1633747	0
1	1633481	1633747	0
1	1633913	1633988	0
1	1634100	1634201	0
1	163423165	163422404	0
1	1636127	1635226	67
1	1636127	1635586	81
1	1636127	1635737	68
1	16396747	16395680	440
1	16399522	16387116	0
1	16399522	16396557	0
1	16399522	16398642	0
1	16399522	16398666	0
1	1641821	1641047	6
1	1642002	1641661	6
1	1642002	1641771	7
1	16425732	16410777	0
1	16425732	16421910	0
1	16425732	16424903	0
1	16425732	16425096	0
1	16431423	16421910	0
1	16449202	16450124	0
1	16449202	16451837	0
1	16450242	16451837	0
1	164560014	164560145	0
1	16459063	16459273	96
1	16476063	16467435	0
1	16476063	16468921	0
1	16476505	16475824	0
1	16476505	16475915	0
1	164770117	164769115	0
1	16477075	16476398	0
1	16478438	16476929	0
1	164792	155766	0
1	16483342	16476929	0
1	16483487	16478254	0
1	16490784	16485568	0
1	16490784	16486425	0
1	16490784	16489683	0
1	16490784	16489684	0
1	16490927	16490617	0
1	16490927	16490633	0
1	16490927	16490645	0
1	165206035	165201866	0
1	165206035	165201872	0
1	165206035	165203407	0
1	165206035	165203873	0
1	165213056	165210698	0
1	165213281	165212958	0
1	165213814	165210698	0
1	165249641	165213640	0
1	16535650	16533885	0
1	16536173	16535341	0
1	165406918	165400916	0
1	165406918	165400922	0
1	165410832	165409557	0
1	165411110	165410701	0
1	165411110	165410749	0
1	165445173	165436927	0
1	165445197	165428718	0
1	165445356	165428718	0
1	165482608	165476840	0
1	165482608	165476841	0
1	165499114	165489574	0
1	165501628	165482348	0
1	165501628	165492960	0
1	165501628	165499011	0
1	165501671	165493072	0
1	16551230	16548650	0
1	165526055	165525164	0
1	165527659	165501430	0
1	165528883	165522973	0
1	165539613	165508760	0
1	165574089	165522973	0
1	165574089	165528782	0
1	165582105	165575282	0
1	165582129	165575282	0
1	165582156	165574017	0
1	16564866	16564017	1
1	16564919	16562318	1
1	165649965	165651013	0
1	16565806	16564806	0
1	16565806	16564852	0
1	16566460	16564806	0
1	165665131	165662215	0
1	165665207	165662774	0
1	165669014	165667308	0
1	165669451	165668673	0
1	165669451	165668925	1
1	165679583	165669261	0
1	165680636	165679441	0
1	165680684	165679441	0
1	165682242	165680486	0
1	165683111	165682106	0
1	165695398	165682824	0
1	165695398	165682980	0
1	165743312	165724292	0
1	165743312	165726794	0
1	165743312	165727305	0
1	165743312	165727537	0
1	165743312	165728085	0
1	165752170	165743166	0
1	165752170	165743168	0
1	165752170	165743178	1
1	165754991	165754227	1
1	165759585	165754227	0
1	165759585	165754853	0
1	165759585	165754892	0
1	165768270	165754227	0
1	165797814	165768191	0
1	165827756	165799917	0
1	165892179	165890794	1
1	165895642	165896189	4
1	165900324	165892124	2
1	165900684	165895878	7
1	16593568	16592158	2
1	165943	164262	0
1	16594662	16593440	0
1	16594662	16593561	0
1	16604365	16592158	0
1	166070764	166057425	0
1	166070764	166059688	0
1	166070764	166059900	0
1	16608651	16594930	0
1	16608780	16594930	0
1	16608780	16599588	0
1	16608780	16605405	0
1	166165096	166147781	0
1	166166226	166069831	0
1	166166235	166069511	0
1	166166382	166069834	0
1	166166716	166070018	0
1	166166720	166070019	0
1	16620025	16618252	8
1	16620025	16618968	6
1	16620039	16618255	8
1	16620246	16618255	0
1	16626006	16618255	0
1	16626006	16618272	0
1	16626006	16619844	2
1	16626006	16624272	0
1	16626387	16625774	0
1	16626500	16625374	0
1	16626500	16625774	0
1	16630143	16628467	0
1	16631110	16628467	0
1	16631110	16630031	0
1	16631614	16629669	0
1	16631614	16630889	0
1	16642851	16635026	0
1	16643110	16642766	0
1	16643146	16633094	0
1	16643146	16642766	0
1	166452409	166387726	0
1	166476970	166475771	0
1	166490040	166476880	0
1	16656670	16633094	0
1	16682245	16681096	0
1	1668473	1659528	12
1	1668473	1661477	21
1	1668473	1661478	21
1	1668473	1663781	5
1	166850424	166852584	41
1	166858282	166856509	0
1	16686756	16681711	9
1	166869511	166863823	0
1	16687523	16686638	0
1	16688750	16687326	0
1	166907183	166895710	0
1	166908081	166907052	0
1	16691295	16687338	0
1	166918455	166908063	3
1	166921380	166908190	7
1	166921380	166918865	2
1	166922810	166918865	0
1	16692310	16691112	1
1	166956853	166918865	0
1	16696695	16691217	0
1	167055112	167052835	0
1	167063738	167055729	0
1	167069139	167063581	0
1	167069139	167063629	0
1	167069139	167063689	0
1	16707420	16703942	0
1	16707728	16707287	0
1	16708079	16706923	0
1	16708079	16707544	0
1	167126337	167128740	0
1	1671630	1670097	1
1	167166480	167073384	0
1	167176816	167175916	0
1	167182194	167176220	0
1	167182194	167176346	0
1	167182194	167176692	0
1	167195157	167176073	0
1	16742074	16739937	0
1	167431747	167430639	0
1	167433060	167430639	0
1	167433060	167431160	0
1	167433060	167431172	0
1	167433060	167431576	0
1	167440768	167439343	0
1	167458662	167457382	0
1	167459892	167457741	0
1	16750590	16741936	0
1	16750595	16750672	0
1	16750733	16750796	0
1	167518530	167440663	0
1	167518539	167440663	0
1	167518611	167439872	0
1	167518611	167440663	0
1	167533398	167529116	0
1	167546286	167533262	0
1	167546286	167541012	0
1	1675591	1668326	2
1	1675591	1670424	0
1	1675591	1671508	0
1	16757658	16754909	0
1	16757658	16755306	0
1	16757658	16757127	0
1	16757658	16757231	0
1	16758089	16757753	0
1	16758294	16757941	0
1	16758587	16757941	0
1	16758587	16758215	0
1	16758712	16757753	0
1	16758712	16758052	0
1	16758712	16758465	0
1	16759036	16758465	0
1	16759169	16757941	0
1	16760874	16760353	0
1	16761103	16760750	0
1	16761103	16760836	0
1	167630675	167627384	0
1	167810914	167809387	0
1	167810914	167809644	0
1	167810914	167809645	0
1	167810914	167809677	0
1	167820249	167819897	0
1	167822142	167818071	0
1	167822142	167818362	0
1	167905199	167903886	0
1	167914090	167904609	0
1	167914103	167904992	0
1	167914216	167902015	0
1	167920091	167916728	0
1	167920091	167918067	0
1	167920632	167919978	0
1	167920632	167920010	0
1	168087705	168079542	0
1	168087705	168084758	0
1	168087705	168085268	0
1	168087705	168085277	0
1	168089566	168085265	0
1	168090669	168087584	0
1	168097233	168090445	0
1	168097233	168090563	0
1	168133922	168114455	0
1	168133922	168118600	0
1	168135037	168096507	0
1	168135037	168104476	0
1	168136708	168096507	0
1	168137574	168096507	0
1	168137574	168104476	0
1	168137584	168114455	0
1	168166	165883	0
1	168166	165888	0
1	168402344	168401482	0
1	168407275	168402038	0
1	168407319	168401483	0
1	168412937	168400828	0
1	168412937	168401473	0
1	168464374	168422129	0
1	168485307	168464213	0
1	168485307	168464312	0
1	16851724	16851320	0
1	16852370	16851256	0
1	168542108	168540764	0
1	168543998	168541992	0
1	168701125	168695458	0
1	168701125	168695873	0
1	16872154	16872156	0
1	168774491	168763364	0
1	16889374	16888537	1
1	16889643	16888541	0
1	16889650	16888541	1
1	168907971	168903904	0
1	169021067	168747442	0
1	169056234	168907858	0
1	169087006	169060411	0
1	169103277	169060411	0
1	169169555	169132530	0
1	169169555	169132536	0
1	169190706	169169446	0
1	169190711	169132530	0
1	169230733	169169432	0
1	169230820	169169446	0
1	169230820	169169520	0
1	169230820	169190642	0
1	169235200	169230713	0
1	169235200	169230717	0
1	169235200	169230751	0
1	169287409	169237622	0
1	169287409	169246987	0
1	169298764	169237622	0
1	169298764	169283820	0
1	169298764	169287204	0
1	169298764	169287302	0
1	169302054	169298604	0
1	169302375	169298555	1
1	169303196	169298555	0
1	169303196	169301969	0
1	169303196	169302306	0
1	169303453	169298577	0
1	169310072	169303144	0
1	169310081	169303099	0
1	169310081	169303144	0
1	169323284	169309969	0
1	169324501	169309969	0
1	169367798	169309969	0
1	169397389	169394869	0
1	169397389	169395046	2
1	169397392	169394869	0
1	169419160	169394869	0
1	169419160	169397236	0
1	169422314	169418785	0
1	169422314	169419012	0
1	169424931	169421362	0
1	169424951	169421362	0
1	169451312	169442637	0
1	169454581	169452557	0
1	169459865	169424810	0
1	169459865	169454390	0
1	169459865	169454499	0
1	169468253	169463908	1
1	169468253	169463928	1
1	169468253	169463930	1
1	169468253	169464047	1
1	169469198	169463931	0
1	169477758	169469963	0
1	169485932	169469963	0
1	169515627	169514165	0
1	169515746	169514165	0
1	16953482	16954222	0
1	169590203	169588848	0
1	169590203	169588851	0
1	169590203	169589076	0
1	169590203	169589513	0
1	169591457	169590146	0
1	169591571	169590146	0
1	169603212	169596990	0
1	169607135	169595924	0
1	169607135	169603025	0
1	169696554	169690666	0
1	169696554	169691680	0
1	169701689	169696534	0
1	169703330	169696534	0
1	169703441	169701494	0
1	169703441	169701559	0
1	169704095	169703316	0
1	169704754	169703104	0
1	169704754	169703254	0
1	169704754	169704035	0
1	169707450	169704567	0
1	169707450	169704726	0
1	169725802	169722640	0
1	169725929	169725728	0
1	169731943	169729487	0
1	169731943	169730431	0
1	169732719	169731490	0
1	169732999	169731834	0
1	169733660	169732614	0
1	169733661	169732614	0
1	169734063	169733575	0
1	169734124	169733576	0
1	16975343	16974501	5
1	16975731	16975268	0
1	169764649	169762928	0
1	169764706	169733970	0
1	16976546	16975642	0
1	16976546	16975661	0
1	16976795	16976170	0
1	16976795	16976500	0
1	16976924	16976248	0
1	16976924	16976500	0
1	16978315	16976500	0
1	169794690	169792528	3
1	169794964	169793141	3
1	169794967	169792528	2
1	169850328	169850453	0
1	169850346	169851816	0
1	169850567	169851816	0
1	169851937	169852789	0
1	169854965	169849630	2
1	169854965	169853073	6
1	169855958	169854269	0
1	169859213	169854269	0
1	169859213	169854510	0
1	169859213	169855795	0
1	169862798	169859040	0
1	169862798	169859118	0
1	16986633	16985957	5
1	16986957	16985957	0
1	16986957	16985958	0
1	16986957	16985980	4
1	16990288	16989690	1
1	16990288	16989886	1
1	16991859	16990126	0
1	16991859	16990174	0
1	169954111	169921325	0
1	169954111	169921330	0
1	169961236	169954010	0
1	16996165	16992485	0
1	16996165	16993628	0
1	16996284	16995975	0
1	16996301	16995486	1
1	16996301	16995858	1
1	16996301	16995975	0
1	16996301	16996086	0
1	16996695	16996033	0
1	169992256	169984581	0
1	17000143	16997019	0
1	17000292	17000010	0
1	17000313	17000010	0
1	17000508	17000268	0
1	17000508	17000282	0
1	17000535	17000245	0
1	17000848	17000245	0
1	17002374	17002033	0
1	170024597	170016461	0
1	170031985	170024417	0
1	170032211	170024467	0
1	170035554	170034371	0
1	170038432	170035453	0
1	170038432	170035508	0
1	17004409	17002295	0
1	17004409	17002319	0
1	17004412	17002295	0
1	17004822	17002295	0
1	17004822	17004331	0
1	17005073	17004331	0
1	17005073	17004691	0
1	17005073	17004706	0
1	17005396	17005013	0
1	17005557	17005013	0
1	17022731	17018721	2
1	17022731	17018751	3
1	17023037	17018751	3
1	17023161	17022607	2
1	17024075	17022607	0
1	170274508	170271602	0
1	17027866	17023972	11
1	170278933	170271766	0
1	17028737	17027655	2
1	17028737	17027748	2
1	1703270	1702729	68
1	1703270	1702735	69
1	1703270	1702765	66
1	1703270	1702880	57
1	17033146	17027748	1
1	17033146	17028599	0
1	17033146	17028653	0
1	1703625	1703079	16
1	1703625	1703087	16
1	1703941	1703079	14
1	1703941	1703475	9
1	1703941	1703603	7
1	1703996	1703475	10
1	1704117	1703087	11
1	1704147	1703475	5
1	1704147	1703823	2
1	1704254	1704038	0
1	1704345	1703475	4
1	1704345	1703823	1
1	1704345	1703867	1
1	1704345	1704038	0
1	1704345	1704098	0
1	17044878	17033059	0
1	17044889	17032529	0
1	17044889	17033059	0
1	1704556	1703823	1
1	1704586	1704222	1
1	1704603	1704038	1
1	1704656	1703823	1
1	1704656	1704038	1
1	1704656	1704048	1
1	1704656	1704222	1
1	1704761	1704222	1
1	170494541	170461316	0
1	1705025	1704242	0
1	1705026	1704222	0
1	1705026	1704549	0
1	170517704	170462208	0
1	170517704	170509960	0
1	170517707	170460452	0
1	1705733	1704349	1
1	1705733	1704607	0
1	1705733	1704903	0
1	170588237	170587248	0
1	17070217	17066760	0
1	17070217	17067599	1
1	17070217	17067785	0
1	17079416	17074855	0
1	17079416	17075678	0
1	17082653	17079030	0
1	17082653	17079263	0
1	17083139	17079263	0
1	171203989	171199243	0
1	171203989	171199246	0
1	171224285	171203890	0
1	171227726	171203890	0
1	171227789	171199246	0
1	171251795	171247579	0
1	171282066	171283143	0
1	171282334	171283143	0
1	171341494	171341944	0
1	171512201	171512994	0
1	171512201	171513000	0
1	171523355	171523434	0
1	171638723	171635416	0
1	171643392	171638596	0
1	1716479	1709517	4
1	1716479	1712263	0
1	171652684	171638596	0
1	171704535	171701091	1
1	171706419	171700159	0
1	171706419	171703949	0
1	171706419	171704386	0
1	171706419	171704504	0
1	171752026	171751542	0
1	171781796	171781987	90
1	1719456	1716345	4
1	1719456	1716349	4
1	17195134	17193231	0
1	17195602	17196299	0
1	17196755	17195019	0
1	17197614	17196528	0
1	17201734	17197569	0
1	172140597	172138881	0
1	172142214	172138396	0
1	172142214	172140051	0
1	172142214	172140448	0
1	172142234	172140218	0
1	172142655	172139954	0
1	172144438	172140479	0
1	172144569	172144364	0
1	172144583	172144364	0
1	172144620	172142135	0
1	172144742	172144364	0
1	172144841	172144364	0
1	1721656	1719357	0
1	1721712	1716345	0
1	1721712	1719327	0
1	1721712	1719357	0
1	1721880	1719165	0
1	1722635	1721595	0
1	1722832	1721595	0
1	1722832	1722587	0
1	1722833	1721595	0
1	172376637	172370188	0
1	172376637	172376130	0
1	172386958	172380920	0
1	172397273	172393133	0
1	17239784	17240634	0
1	172399917	172378130	0
1	172399917	172386780	0
1	1724020	1722465	3
1	1724033	1722707	1
1	172415327	172399818	0
1	172415375	172399818	0
1	172415377	172399818	0
1	1724275	1722707	2
1	1724325	1722707	6
1	172443947	172442330	19
1	172444061	172441456	13
1	172444084	172415293	0
1	173043970	173039959	0
1	173175504	173174299	0
1	173188570	173183733	0
1	173188570	173183734	0
1	173205559	173188520	0
1	173205725	173188463	0
1	173207314	173188520	0
1	173440751	173418073	0
1	173461363	173417792	0
1	1734836	1722587	2
1	1734836	1724837	4
1	1734836	1724839	4
1	1734836	1727385	2
1	1734836	1731827	0
1	1734836	1732241	0
1	173503327	173500463	0
1	173503327	173500469	0
1	173521400	173517536	0
1	173524095	173521214	0
1	173524095	173521300	0
1	1735621	1734689	6
1	173598033	173587664	0
1	173598033	173596059	0
1	173598033	173596417	0
1	173600218	173597903	0
1	173601717	173597903	0
1	173601753	173597905	0
1	173610216	173597903	0
1	173624926	173609560	0
1	173624926	173609943	0
1	173647014	173627064	0
1	173659434	173646845	0
1	173669833	173657625	0
1	173669838	173659090	0
1	173669863	173659090	0
1	1737689	1734689	1
1	173803506	173799549	2
1	173803506	173799849	4
1	173803506	173800327	3
1	173806577	173802962	0
1	173807311	173802962	0
1	173807519	173800411	3
1	173807519	173802962	0
1	173807519	173803445	0
1	173811307	173802962	0
1	173811307	173807266	0
1	173824020	173811131	6
1	173824132	173811131	6
1	173824133	173811131	6
1	173824146	173811119	6
1	173824175	173823925	23
1	173824323	173823925	42
1	173824336	173823925	40
1	173824474	173821808	25
1	173824721	173823925	66
1	173826787	173828332	27
1	1738449	1734689	1
1	173853568	173853794	2
1	173856742	173857517	0
1	173864305	173863899	88
1	173864305	173863900	88
1	173864305	173863903	88
1	173864305	173863910	90
1	173864305	173863953	83
1	173864305	173864015	90
1	173864305	173864033	90
1	173864507	173863901	85
1	173864507	173863979	88
1	173864507	173864256	80
1	173864705	173863900	97
1	173864705	173864256	90
1	173864705	173864483	139
1	173864872	173864256	97
1	173864902	173864483	177
1	173864906	173864483	177
1	173864907	173864256	90
1	173865283	173863900	77
1	173865283	173864256	88
1	173865283	173864483	68
1	173865283	173864674	71
1	173865548	173863900	29
1	173865548	173864256	71
1	173865548	173864483	59
1	173865548	173864674	73
1	173865548	173864954	51
1	173865548	173865228	48
1	173865548	173865243	48
1	173865548	173865248	48
1	173865895	173864630	42
1	173865895	173864674	46
1	173865895	173865167	36
1	173865895	173865228	40
1	173865895	173865470	42
1	173865895	173865509	41
1	173866207	173865228	33
1	173866207	173865352	46
1	173866207	173865509	36
1	173866207	173865856	30
1	173866207	173865866	30
1	173866568	173865228	26
1	173866568	173865856	26
1	173866568	173866176	25
1	173866797	173865856	22
1	173866797	173866176	22
1	173866797	173866215	24
1	173866797	173866527	26
1	173867031	173866760	9
1	173867041	173866760	13
1	173867044	173865817	25
1	173867044	173866527	24
1	173867044	173866760	13
1	173867690	173866760	51
1	173907494	173903803	0
1	173907515	173903808	0
1	173909943	173907449	0
1	173910838	173909729	0
1	173910892	173909551	0
1	173912015	173907449	0
1	173912015	173910753	0
1	173914666	173911798	0
1	173914920	173911798	0
1	173914920	173911863	0
1	173914920	173911979	0
1	173941381	173931213	0
1	173941381	173938410	0
1	173941450	173938575	0
1	173961245	173951985	0
1	173961816	173961032	0
1	173962096	173961076	0
1	173970618	173964838	0
1	173981010	173978487	0
1	173982903	173980808	0
1	173983034	173980948	0
1	174016207	174009266	0
1	174022298	173992754	0
1	17407005	17407316	290
1	17409047	17407838	178
1	17410052	17406759	2
1	17410052	17408675	4
1	174122193	174115382	0
1	174155698	174115299	0
1	174155698	174115600	0
1	174155698	174121637	0
1	174935507	174934946	0
1	174945895	174938446	0
1	174948877	174945522	0
1	174948877	174945823	0
1	175006842	175007097	3
1	175011752	175010788	2
1	175014825	175011672	2
1	175018577	175012957	1
1	175018577	175014244	2
1	175023416	175018417	0
1	175023426	175018417	0
1	175166738	175156986	0
1	175166738	175158952	0
1	175166738	175161026	0
1	175166738	175161043	0
1	175166742	175156986	0
1	175204850	175203227	0
1	175324520	175315193	0
1	175324520	175322798	0
1	175335808	175330073	0
1	1753650	1751231	7
1	1753650	1752470	10
1	1753650	1752974	2
1	175391439	175386031	0
1	175393896	175391287	0
1	175393896	175391427	0
1	1754209	1753566	6
1	1754384	1753566	8
1	1754384	1754050	10
1	1754384	1754060	10
1	1754384	1754164	9
1	1754384	1754170	7
1	1754384	1754180	7
1	1754699	1754162	10
1	1754699	1754283	7
1	1754699	1754342	7
1	1754867	1754283	5
1	1754897	1754202	5
1	175556819	175538774	0
1	1756328	1755373	2
1	1756344	1754543	3
1	1756344	1755373	2
1	175656616	175528268	0
1	1756609	1756003	3
1	1756609	1756257	3
1	1756658	1756257	3
1	1756883	1756502	4
1	1757025	1756257	4
1	1757229	1756738	0
1	1757269	1756778	0
1	1757311	1756257	3
1	1757311	1756502	3
1	1757311	1756587	0
1	175743771	175528268	0
1	1758576	1757180	0
1	175908771	175904761	0
1	1759244	1757106	0
1	175947240	175944830	0
1	175947240	175944831	0
1	175947240	175944847	0
1	175947240	175945152	0
1	175947327	175944852	0
1	175987104	175947194	0
1	176027689	175988287	0
1	176027689	175989361	0
1	176043268	176027571	0
1	176043819	176027571	0
1	176043819	176043185	0
1	176043819	176043215	0
1	176046325	176043185	0
1	176085891	176081151	0
1	176116682	176085775	0
1	176116682	176085865	0
1	176133901	176116623	0
1	176135083	176133846	0
1	176135087	176116623	0
1	176135087	176116645	0
1	176136548	176135009	0
1	176149075	176135009	0
1	1762036	1756770	3
1	1762036	1757180	2
1	1762036	1759733	6
1	1765447	1761664	0
1	1765447	1761951	0
1	176869028	176857301	0
1	176869028	176861066	0
1	176876638	176868812	0
1	176876638	176868843	0
1	176936371	176934151	0
1	176944019	176936053	0
1	176944019	176936265	0
1	176981774	176976052	0
1	177014876	176965162	0
1	177029742	177024582	0
1	177257034	177257175	0
1	17743	17232	1
1	177573785	177393286	0
1	177573785	177393678	0
1	177924324	177923955	0
1	177928486	177924232	0
1	177929930	177927565	0
1	177930644	177928353	0
1	177930644	177928787	0
1	177930644	177928790	0
1	177930644	177929145	0
1	177930644	177929834	0
1	177930644	177929857	0
1	177944667	177941899	0
1	177946532	177944558	0
1	177946532	177944560	0
1	177947943	177945331	0
1	177947943	177946419	0
1	1779963	1765227	0
1	1780030	1779156	0
1	1780070	1765227	0
1	178022545	177985859	0
1	178022588	177967682	0
1	178022669	177967682	0
1	178022669	178006135	0
1	178022669	178007965	0
1	178022669	178008080	0
1	178037802	178034704	0
1	178037925	178035273	0
1	178037947	178037693	0
1	178037948	178037693	0
1	178037951	178037693	0
1	178038008	178037693	0
1	178093573	178093149	19
1	178093601	178091508	12
1	178093985	178091507	17
1	178194710	178194341	0
1	178482398	178479246	0
1	178482398	178479515	0
1	178483283	178482311	0
1	178486922	178483174	0
1	178488600	178483174	0
1	178492567	178483174	0
1	178496940	178494453	0
1	178497010	178495895	0
1	178497183	178494453	0
1	178513052	178511562	0
1	178520875	178521221	0
1	178521265	178521557	0
1	178521265	178521671	0
1	178521265	178522324	0
1	178547164	178548275	7
1	1787438	1785284	390
1	1787438	1785285	390
1	178852954	178849704	0
1	178852954	178850623	0
1	178865803	178853593	0
1	178869224	178864953	0
1	178869279	178865433	0
1	178871023	178864953	0
1	1789270	1787321	2
1	1790597	1787986	0
1	1790597	1789052	0
1	1790597	1789060	0
1	179109442	179104047	13
1	179109442	179107717	13
1	179110456	179099326	7
1	179110456	179107598	17
1	179110456	179107717	12
1	179110456	179109207	6
1	179112399	179110281	0
1	179112399	179110580	0
1	179117517	179114877	18
1	179118765	179116822	12
1	179118765	179116851	12
1	179118765	179117331	14
1	179131482	179126376	7
1	179133375	179131310	0
1	179143045	179131310	0
1	179143057	179133311	2
1	179143070	179131310	0
1	179143075	179131211	0
1	179143077	179133311	2
1	179143090	179133311	0
1	179229398	179131310	0
1	179229398	179133311	0
1	179229602	179133311	0
1	179229685	179131310	0
1	1793312	1790394	0
1	1793312	1790564	0
1	1794198	1790394	0
1	179548923	179543200	0
1	179552682	179550538	0
1	179554532	179552602	0
1	179557231	179554475	0
1	179559762	179554475	0
1	179817425	179816183	0
1	179818192	179816183	0
1	179836125	179829608	0
1	179847637	179839966	11
1	179847637	179843930	16
1	179865855	179852631	3
1	179877374	179852631	1
1	179877374	179859029	1
1	179877374	179865435	1
1	179877374	179873705	1
1	179877783	179867526	1
1	179877791	179865064	1
1	179926897	179926640	0
1	180111196	180112436	2
1	180123226	180117139	0
1	180196600	180197332	243
1	180196891	180197332	243
1	180271535	180271834	0
1	180272693	180269652	0
1	180273399	180272612	0
1	180274113	180272601	1
1	180274113	180273337	1
1	180274682	180273936	1
1	180274714	180273613	0
1	180275413	180273936	1
1	180276225	180273936	1
1	180281387	180274650	0
1	180281387	180275379	0
1	180288518	180281305	0
1	180288518	180286982	0
1	180314723	180288229	0
1	180314723	180288269	0
1	1804582	1793244	0
1	180492366	180430179	0
1	1806539	1804418	0
1	1806539	1804525	0
1	180887912	180888052	4
1	180944517	180945302	0
1	180945488	180950339	1
1	180954888	180949698	0
1	180976483	180944041	0
1	180984772	180972711	0
1	180984772	180972724	0
1	180984772	180973038	0
1	180988302	180987724	0
1	180988346	180984676	0
1	180989378	180984676	0
1	181191150	181190470	0
1	18167764	18166928	0
1	181732592	181732592	0
1	181732599	181732600	0
1	182061713	182054569	0
1	182068371	182062676	0
1	182127928	182127296	0
1	182128666	182127810	0
1	182128683	182127296	0
1	182130878	182129309	0
1	182204026	182190119	0
1	182204106	182167085	0
1	182204708	182203884	0
1	182313786	182203944	0
1	182385557	182381703	0
1	182385557	182381704	0
1	182385557	182382893	0
1	182385557	182384195	0
1	182385557	182384414	0
1	182385843	182385356	0
1	182385888	182385356	0
1	182385888	182385402	0
1	182385940	182385356	0
1	182386403	182385698	0
1	182386403	182385759	0
1	182387293	182386194	0
1	182387293	182386255	0
1	182387293	182386272	0
1	182387293	182386361	0
1	182388751	182385759	0
1	182388751	182386774	0
1	182388751	182387130	0
1	182389070	182387130	0
1	182390305	182382893	0
1	182434462	182433892	0
1	182488348	182488460	0
1	182548825	182551099	0
1	1825500	1806474	0
1	1825500	1815755	0
1	1825500	1817836	0
1	182554694	182556023	0
1	182576390	182573633	0
1	182581358	182576255	0
1	182581358	182578120	0
1	182602133	182598622	0
1	182648304	182641815	0
1	182648304	182646103	0
1	182648304	182646685	0
1	182648304	182646734	0
1	182666034	182648136	0
1	182666034	182658368	0
1	182666974	182665968	0
1	182666974	182665990	0
1	182669753	182666871	0
1	182669753	182666945	0
1	182671731	182666871	0
1	182883217	182883319	364
1	182903162	182899864	0
1	182939554	182929646	0
1	182939554	182939175	0
1	182940544	182939175	0
1	182940544	182939466	0
1	182940544	182939473	0
1	182951464	182940328	0
1	182951468	182940328	0
1	182951468	182950522	0
1	183140970	183138401	0
1	1832286	1825396	2
1	183239564	183240039	0
1	183243469	183243556	8
1	183243710	183243807	19
1	183261070	183248236	0
1	183261070	183252423	0
1	183278630	183261201	0
1	183278686	183261201	0
1	183284040	183278552	0
1	183284791	183282865	0
1	183284791	183283994	0
1	183461962	183460873	0
1	183469800	183461745	0
1	183469800	183461765	0
1	183470541	183469673	2
1	183470843	183470464	1
1	183471730	183470719	1
1	183471747	183470464	1
1	183560274	183555562	0
1	183560274	183555724	0
1	183563307	183560095	0
1	183563307	183560245	0
1	183563586	183563194	0
1	183563586	183563268	0
1	183563586	183563271	0
1	183564052	183563194	0
1	183630638	183620845	0
1	183630638	183623265	2
1	183630638	183626193	0
1	183630638	183626457	1
1	183633155	183630460	0
1	183633164	183630460	0
1	183633959	183630460	0
1	183635683	183633081	8
1	183635727	183633081	13
1	183635758	183633081	13
1	183653314	183646403	0
1	183653317	183647566	0
1	183754771	183754417	0
1	1839239	1824987	0
1	1839239	1825396	0
1	183936925	183929888	0
1	183940788	183929853	0
1	183940788	183935836	0
1	183940788	183937964	0
1	184072195	184072826	7
1	184072299	184072826	7
1	184072311	184072826	7
1	184636625	184635653	0
1	184693433	184690502	18
1	184694473	184693365	33
1	184701545	184690492	0
1	184702997	184690230	0
1	184702997	184694043	0
1	184702997	184694467	0
1	184721387	184719442	0
1	184723857	184720509	0
1	184723857	184721288	0
1	184732991	184726254	0
1	184734644	184732782	0
1	184734644	184732836	0
1	184798191	184790723	0
1	184798191	184791029	2
1	184798191	184794117	0
1	184823330	184818637	0
1	184823743	184823166	0
1	184831963	184823166	0
1	184831963	184823637	0
1	184831963	184823649	0
1	184890186	184887738	0
1	184890223	184884632	0
1	185120510	185118097	0
1	185120870	185120052	0
1	185125111	185123856	0
1	185128748	185124839	0
1	185128748	185124943	0
1	185144030	185143356	0
1	185145569	185143905	0
1	185145569	185143919	0
1	185263802	185262285	0
1	185299884	185296387	3
1	185299884	185297014	4
1	185299884	185297770	4
1	185300131	185298404	4
1	185300131	185299709	0
1	185300344	185299998	0
1	185300344	185300096	0
1	185300559	185300216	3
1	185300919	185300216	3
1	185301197	185300436	8
1	185301250	185300245	6
1	185301639	185300436	10
1	185301715	185300436	11
1	185307140	185305535	21
1	185307140	185306484	11
1	185307663	185306749	11
1	185307663	185307013	10
1	185308876	185307488	15
1	185308876	185307679	10
1	185323167	185321156	0
1	185324029	185323102	0
1	185333069	185323974	0
1	185333303	185323845	0
1	185333303	185331256	0
1	185334388	185333019	0
1	185560	185216	2
1	185563329	185558371	0
1	185563329	185558381	0
1	185621587	185607183	0
1	185626556	185563167	0
1	186177303	186176813	0
1	186312373	186312768	0
1	186312895	186313680	0
1	186314725	186311651	0
1	186318604	186317481	1
1	186318829	186318446	3
1	186318829	186318504	3
1	186325855	186323685	0
1	186326221	186325518	0
1	186326236	186325763	0
1	186338244	186337012	0
1	186339773	186338032	0
1	186339773	186338186	0
1	186351471	186350222	0
1	186352111	186351329	0
1	186352111	186351422	0
1	186353851	186351975	0
1	186353881	186352014	0
1	186353949	186351951	0
1	186355559	186353687	0
1	186355559	186353870	0
1	186373464	186370969	0
1	186375187	186373392	0
1	186375326	186373358	0
1	186446578	186443565	0
1	186446578	186443581	0
1	186461123	186449398	0
1	186675397	186671790	0
1	186675397	186672892	0
1	186675397	186674352	0
1	186675870	186674495	0
1	186678405	186676832	0
1	186678405	186677648	0
1	186679202	186678260	0
1	186679202	186678269	0
1	187507120	187506837	0
1	188267	187754	1
1	18841853	18839598	0
1	18849551	18841728	0
1	18854987	18849272	0
1	18854987	18849340	0
1	188710881	188705622	0
1	18872958	18871429	17
1	18874582	18859474	0
1	18874582	18871431	0
1	18874582	18872732	0
1	18874582	18872803	0
1	18883199	18881699	0
1	18883199	18882559	2
1	18883429	18883110	0
1	18883429	18883123	0
1	188871507	188869481	0
1	188887435	188869476	0
1	18902529	18890011	0
1	18902554	18890011	0
1	18902725	18890011	0
1	18902782	18890011	0
1	18908667	18890011	0
1	18910473	18904280	0
1	18910473	18908290	0
1	18910473	18908339	0
1	18910473	18908538	0
1	1891118	1825396	0
1	189868529	189868000	0
1	190160891	190097661	0
1	190226197	190216951	0
1	190226319	190160667	0
1	190265056	190234371	0
1	190281751	190264864	0
1	190281751	190265008	0
1	190454941	190281559	0
1	190474802	190454806	0
1	190475985	190454654	0
1	190477883	190454654	0
1	190478405	190477425	0
1	19076903	19074505	0
1	19076903	19074509	0
1	19076903	19074513	0
1	19076903	19074517	0
1	19076903	19074566	0
1	19092919	19088758	0
1	19093441	19092732	6
1	19093487	19092818	0
1	19094140	19093312	0
1	19094140	19093360	0
1	19095026	19093948	0
1	19095026	19094094	0
1	190976526	190878144	0
1	19106727	19105732	0
1	19106967	19106565	0
1	19106967	19106568	0
1	19110559	19110095	0
1	19110833	19110379	0
1	19112688	19110486	0
1	19112868	19110741	0
1	19113828	19112523	0
1	19114071	19113698	0
1	19114950	19111639	0
1	19114950	19113944	0
1	191151411	191094432	0
1	19121435	19120179	0
1	19122013	19121188	0
1	19122013	19121199	0
1	19122013	19121212	0
1	191228468	191221158	0
1	19124691	19122832	0
1	19125700	19124476	0
1	19126656	19124540	0
1	19144908	19143979	0
1	19145934	19144785	0
1	19146129	19144851	0
1	19151701	19150576	0
1	19151860	19150576	0
1	19152477	19150923	0
1	19152477	19151642	0
1	1915308	1915684	0
1	1915308	1916440	0
1	19153940	19153300	0
1	19155040	19153838	0
1	19155076	19153767	0
1	19155079	19153767	0
1	19155669	19153767	0
1	1915736	1916440	0
1	1915736	1916751	0
1	1916616	1916751	0
1	1918432	1917590	0
1	1918432	1917936	0
1	191866961	191858706	0
1	1918798	1917589	0
1	191890230	191858762	0
1	1918935	1917844	0
1	1918935	1918098	0
1	1918935	1918252	0
1	1918935	1918385	0
1	1919089	1918252	0
1	1919270	1918252	0
1	192158527	192158630	0
1	192184506	192167785	0
1	19219670	19219369	5
1	19219670	19219381	5
1	19219699	19215663	19
1	19219699	19216873	24
1	19219699	19218147	38
1	192200658	192184352	0
1	19220811	19219568	7
1	19220849	19219568	8
1	19220849	19219614	7
1	19221206	19218944	7
1	19221917	19219568	3
1	19222835	19219568	4
1	1922724	1921950	0
1	1922724	1921956	0
1	1922724	1922082	0
1	1923116	1921950	0
1	19233136	19232623	2
1	19234189	19232927	0
1	19235253	19232935	0
1	192387815	192239712	0
1	192392915	192387631	0
1	19239986	19239230	0
1	19240447	19239817	1
1	19240569	19239668	0
1	19241143	19240296	0
1	19243708	19242344	0
1	19244016	19243613	0
1	19244016	19243619	0
1	19245031	19243613	11
1	19245031	19243949	22
1	192476179	192387631	0
1	192491970	192489796	0
1	19251510	19244905	0
1	19251523	19244905	0
1	19251526	19244738	0
1	19251528	19244581	0
1	19251553	19244905	0
1	192567217	192491451	0
1	192567217	192491808	0
1	192567217	192516942	0
1	192567217	192517636	0
1	192567217	192517638	0
1	192567217	192517742	0
1	192575930	192576284	0
1	192576836	192578221	0
1	192589152	192567146	0
1	192593658	192567146	0
1	192593658	192569246	0
1	192658368	192659337	0
1	19268702	19265981	0
1	19268702	19267102	0
1	19268702	19267129	0
1	19270556	19268571	0
1	19270556	19269582	0
1	19270832	19270450	0
1	19270936	19270450	0
1	19271270	19270532	0
1	192739444	192593598	0
1	192739496	192627340	0
1	192755015	192627340	0
1	192764956	192593598	0
1	192764956	192725880	0
1	192810268	192810369	1
1	192826962	192792298	0
1	192838187	192835404	0
1	19284126	19282557	0
1	192925716	192766038	0
1	192925716	192910952	0
1	192925753	192826903	0
1	192925805	192766038	0
1	192937421	192935738	0
1	192942490	192937300	0
1	192947389	192873051	0
1	192948258	192937299	0
1	192957714	192935795	0
1	193020382	193015758	10
1	193020382	193015993	10
1	193020382	193018404	4
1	193020382	193018621	2
1	193021196	193012249	1
1	193021196	193015758	1
1	193021196	193016102	1
1	193021196	193016161	2
1	193021196	193018404	1
1	193021196	193020306	0
1	193021196	193020334	0
1	193023037	193021096	0
1	193023040	193021096	0
1	193023923	193022925	0
1	193023941	193022925	0
1	193023947	193021096	0
1	193023947	193022925	0
1	193023947	193022967	0
1	193049852	193029531	0
1	193051818	193049531	0
1	193051818	193049745	0
1	193059218	193051753	0
1	193059297	193051753	0
1	193059350	193051753	0
1	193059362	193051753	0
1	193059410	193051753	0
1	193059497	193051753	0
1	193059516	193051791	0
1	193059522	193051753	0
1	193060081	193059412	49
1	19306148	19303964	0
1	19306148	19303998	0
1	19306148	19304165	2
1	19306148	19304284	0
1	19308263	19306017	0
1	19308263	19307001	0
1	19308263	19307313	3
1	193084658	193084988	49
1	19308506	19308157	5
1	19308643	19307001	2
1	19308643	19307313	3
1	19308643	19307738	5
1	19308643	19308157	3
1	193096760	193090865	0
1	193097761	193095942	0
1	193097761	193096467	0
1	193097761	193096666	1
1	19312359	19312728	2
1	193186655	193179044	0
1	19342865	19338822	4
1	19344435	19338778	0
1	19344435	19339358	1
1	19344435	19339529	3
1	19345253	19338775	2
1	19356752	19345186	0
1	19357564	19356634	0
1	19357564	19356654	0
1	193685790	193684245	0
1	19378654	19357421	1
1	19378654	19357444	1
1	19378654	19357521	1
1	19378654	19374174	1
1	19449331	19419660	0
1	1946440	1944330	0
1	1947055	1946316	0
1	1947055	1946347	0
1	19484665	19419660	0
1	19485478	19419660	0
1	19485486	19419660	0
1	19485489	19419660	0
1	19485540	19385504	0
1	194891870	194785516	0
1	1955851	1946989	0
1	1955851	1955147	0
1	1956785	1953312	0
1	1956785	1955690	0
1	1956785	1955710	0
1	1959210	1955690	0
1	19596833	19591801	0
1	196061074	196044995	0
1	196236071	196225778	0
1	196236071	196225782	0
1	196236071	196225806	0
1	196236071	196227858	0
1	196236071	196228138	0
1	196258495	196235985	0
1	196259625	196258193	0
1	196273489	196258088	0
1	196273489	196258193	0
1	196280989	196258193	0
1	196340571	196333846	0
1	196342229	196340340	0
1	196342229	196340488	0
1	196342250	196340340	0
1	196373249	196340340	0
1	196608360	196492261	0
1	196608412	196492261	0
1	196608496	196492261	0
1	196608561	196492261	0
1	196609226	196492261	0
1	196677668	196679622	0
1	196740793	196741874	0
1	19683445	19682239	8
1	19694552	19682212	0
1	19694552	19682241	0
1	19694552	19683287	0
1	19700886	19694433	0
1	19701211	19694491	0
1	197040736	197038740	0
1	197040736	197039190	0
1	197040736	197040144	0
1	197086973	197084127	3
1	197086973	197084131	3
1	197139872	197135095	7
1	197172249	197153679	0
1	197172249	197158441	0
1	19737457	19700767	0
1	19738420	19737371	0
1	19739961	19737371	0
1	197438676	197442165	0
1	197439184	197437975	0
1	197442493	197439073	0
1	197447470	197442233	0
1	19747261	19746455	0
1	197511945	197504747	0
1	197511945	197509643	0
1	197545991	197540958	0
1	197546774	197545566	0
1	197546774	197545921	0
1	197553113	197546732	0
1	19755767	19747162	0
1	19755767	19750080	0
1	197583254	197552254	0
1	197583254	197553021	0
1	197595334	197546732	0
1	197607175	197595207	0
1	197611977	197605481	0
1	197611977	197607072	0
1	197642822	197617658	0
1	197645744	197642710	0
1	197645744	197642772	0
1	197658351	197652234	0
1	197658370	197652234	0
1	197672157	197658299	0
1	19771428	19770541	0
1	19771483	19770541	0
1	197715075	197674119	0
1	197735530	197715030	0
1	197735797	197715030	0
1	197772933	197674119	0
1	197772933	197715030	0
1	197772933	197734008	0
1	197772933	197735249	0
1	197772933	197735585	0
1	197772933	197735657	0
1	19780765	19771307	0
1	19780767	19771307	0
1	19780767	19771345	0
1	197912245	197912488	0
1	197912560	197913014	0
1	197917543	197917878	0
1	198529182	198523221	0
1	198529182	198523223	0
1	198529182	198523340	0
1	1985491	1974024	0
1	1985491	1983670	0
1	198598869	198597723	0
1	198660707	198657552	0
1	198680034	198679138	0
1	198752372	198752593	0
1	198827217	198807492	0
1	1988656	1986936	0
1	1988656	1987961	0
1	198900570	198807657	0
1	198937411	198900410	0
1	198937430	198898465	0
1	199008569	199006039	0
1	19922405	19920008	0
1	19978122	19975430	0
1	19978122	19975431	0
1	19978122	19975437	0
1	19978122	19975464	0
1	19978122	19975672	0
1	19978485	19978014	0
1	19978525	19978014	0
1	19978880	19975437	0
1	19978880	19978014	0
1	19978880	19978379	0
1	19978912	19978379	0
1	19979068	19978245	0
1	19979615	19978014	0
1	200343411	200342543	0
1	200368872	200253418	0
1	200368872	200342543	0
1	200368872	200366590	0
1	200373170	200343282	0
1	200409724	200406729	128
1	200409993	200409560	45
1	200410010	200406707	84
1	200410057	200404939	144
1	200483605	200478019	0
1	200554607	200551496	2
1	200554607	200551499	2
1	200648568	200623895	0
1	200648568	200640810	0
1	200648568	200640821	0
1	200648568	200644038	0
1	200648568	200644120	0
1	200648568	200644368	0
1	200650653	200649073	0
1	200650677	200649073	0
1	200654551	200650442	0
1	200654583	200650424	0
1	200659117	200650424	0
1	200663965	200649073	0
1	200666752	200663918	0
1	200669709	200666258	0
1	200669908	200665936	0
1	200669970	200665936	0
1	200913624	200913860	1
1	200914060	200914473	8
1	200914596	200915074	8
1	200974914	200969389	0
1	200974914	200972989	0
1	200974914	200973806	0
1	201002351	201000716	0
1	201003782	201002160	0
1	201004456	201001406	0
1	201004456	201003585	0
1	201040375	201039511	0
1	201040375	201039513	0
1	201043532	201041503	0
1	201127185	201113952	0
1	201143952	201134771	0
1	201143952	201134772	0
1	201143952	201135508	1
1	201143952	201135598	1
1	201143952	201135623	1
1	201143952	201135782	1
1	201143952	201135800	1
1	201145669	201134772	0
1	20115614	20111938	0
1	20116478	20112656	0
1	201206135	201213505	0
1	201215610	201215965	1
1	201223124	201222112	0
1	201359664	201359007	0
1	201359664	201359008	0
1	201359664	201359014	0
1	201359664	201359018	0
1	201359664	201359023	0
1	201359664	201359033	0
1	201359664	201359244	0
1	201361358	201361011	0
1	201361370	201359622	0
1	201362023	201359622	0
1	201362023	201360452	0
1	201362023	201360826	0
1	201362023	201361278	0
1	201362035	201361278	0
1	201362395	201361278	0
1	201363351	201362385	0
1	201363407	201361278	0
1	201363407	201361912	0
1	201363407	201362385	0
1	201364189	201362385	0
1	201364376	201363295	0
1	201364376	201363328	0
1	201364376	201363355	0
1	201365308	201363926	0
1	201365308	201364297	0
1	201365671	201364297	0
1	201365671	201365190	0
1	201365671	201365244	0
1	201365671	201365275	0
1	201366872	201364297	0
1	201366872	201365190	0
1	201366872	201365609	0
1	201366967	201365609	0
1	201367804	201366837	0
1	201367804	201366842	0
1	201367807	201365609	0
1	201367807	201366394	0
1	201367807	201366837	0
1	201367809	201366837	0
1	201368228	201366837	0
1	201368228	201367142	0
1	201368228	201367452	0
1	201368228	201367770	0
1	201368315	201367770	0
1	201373255	201372144	0
1	201373266	201372144	0
1	201373267	201373196	0
1	201373269	201368161	0
1	201373269	201369815	0
1	201373269	201372026	0
1	201373269	201372144	0
1	201373316	201372026	0
1	201373402	201372144	0
1	201375369	201372026	0
1	201377634	201373213	0
1	201377653	201373213	0
1	201377662	201373213	0
1	201377665	201373208	0
1	201377665	201373213	0
1	201377679	201373243	0
1	201377681	201373213	0
1	201377701	201373205	0
1	201377763	201373213	0
1	201382327	201377622	0
1	201382327	201380837	0
1	201382327	201381206	0
1	201382740	201382251	0
1	201382806	201382283	0
1	201383209	201382652	0
1	201383212	201382652	0
1	201383212	201382685	0
1	201387179	201385700	0
1	201389304	201386334	0
1	201389304	201386810	0
1	201389304	201386846	0
1	201389304	201386892	0
1	20140219	20143445	0
1	201410394	201409066	0
1	201410436	201403767	0
1	201410436	201404496	0
1	201410436	201408863	0
1	201411534	201409856	0
1	201411534	201410325	0
1	201413122	201410325	0
1	201413122	201411356	0
1	201413122	201411401	0
1	201429275	201427174	0
1	201429867	201428837	0
1	201465147	201464382	8
1	201466658	201465943	1
1	201467584	201465852	2
1	201468949	201465957	15
1	201469185	201464382	2
1	201485377	201483529	0
1	201485377	201483531	0
1	201485377	201483533	3
1	201485377	201483978	0
1	201485377	201484362	0
1	201485377	201484668	0
1	201485377	201484676	0
1	201485377	201484724	0
1	201488985	201483531	0
1	201488985	201483925	0
1	201488985	201485282	0
1	201488985	201486157	1
1	201488985	201486914	0
1	201488985	201488050	0
1	201490292	201488854	0
1	201490345	201485282	0
1	201490345	201488626	0
1	201490345	201488854	0
1	201490345	201488872	0
1	201492500	201483531	0
1	201492902	201488854	0
1	201496262	201490175	0
1	201496302	201490175	0
1	201496305	201484239	0
1	201496305	201485282	0
1	201496305	201488854	0
1	201496305	201489733	0
1	201496305	201490175	0
1	201496574	201496191	0
1	201506704	201496191	0
1	201506840	201496191	0
1	201507104	201496191	0
1	201507105	201495598	0
1	201507124	201485282	0
1	201507124	201490175	0
1	201507124	201496191	0
1	201507124	201496237	0
1	201507124	201496275	0
1	201507260	201496191	0
1	201507413	201496191	0
1	2015531	2013212	0
1	201674145	201673104	0
1	20172892	20163990	0
1	20172898	20161252	0
1	201737507	201723293	0
1	20175170	20163091	0
1	201790767	201793791	0
1	201793876	201794171	0
1	201793876	201794465	0
1	201794247	201794465	0
1	201817302	201688258	0
1	201817302	201816853	0
1	201822100	201820454	6
1	201829086	201821960	9
1	201829219	201817226	18
1	201829560	201817226	3
1	20186487	20184241	0
1	201889068	201889444	0
1	201899429	201896455	0
1	201900752	201896451	0
1	201900752	201899236	0
1	201946588	201899236	0
1	201962925	201963615	12
1	201996264	201997318	2
1	201996264	201999901	0
1	201996410	201997318	0
1	201997555	201999901	2
1	202001284	202000100	1
1	202001489	202001658	0
1	202010464	201995695	0
1	202010707	202011128	0
1	202010821	202011128	0
1	202012179	202012343	0
1	202135221	202133403	1
1	202135221	202134382	4
1	202135527	202135149	3
1	202135609	202135149	0
1	202135801	202135149	0
1	202135801	202135201	0
1	202148700	202147014	0
1	202148700	202148212	0
1	202150425	202147012	0
1	202150425	202148288	0
1	202150425	202148438	0
1	202150425	202148499	0
1	202150425	202148553	0
1	202150425	202148580	0
1	202152700	202149850	0
1	202152700	202150310	0
1	202153811	202152541	0
1	202153836	202152537	0
1	202153836	202152541	0
1	202154324	202153724	0
1	202155610	202154185	0
1	202155610	202154238	0
1	202157821	202155536	0
1	202157824	202155532	0
1	202157824	202155536	0
1	202157824	202155560	0
1	202157824	202155580	0
1	202158249	202157738	0
1	202158302	202153724	0
1	202158302	202153765	0
1	202158302	202155536	0
1	202158302	202157738	0
1	202158321	202157738	0
1	202158570	202157738	0
1	202159342	202158117	0
1	202159417	202158117	0
1	202159451	202158117	0
1	202159455	202157738	0
1	202159455	202157963	0
1	202159455	202158117	0
1	202159470	202158117	0
1	202159992	202158117	0
1	202160579	202159280	0
1	202160595	202159280	0
1	202160603	202159280	0
1	202160606	202159280	0
1	202160609	202158117	0
1	202160609	202158457	0
1	202160609	202159280	0
1	202160616	202159280	0
1	202160645	202157738	0
1	202161582	202158117	0
1	202161582	202159280	0
1	202161589	202159280	0
1	202333094	202331656	1
1	202333094	202331737	1
1	202333336	202331656	0
1	202333336	202331954	2
1	202370146	202369525	0
1	202599352	202590595	0
1	202605790	202604454	0
1	202643454	202605594	0
1	202710418	202605594	0
1	202729716	202724713	9
1	202730028	202724494	0
1	202730028	202727404	4
1	202730028	202727416	4
1	202730028	202727434	4
1	202730028	202727444	4
1	202730028	202727447	4
1	202730028	202727493	8
1	202730028	202727582	17
1	202730028	202727674	17
1	202730028	202728290	8
1	202730028	202728447	8
1	202730028	202728480	9
1	202730028	202728614	6
1	202731064	202724886	1
1	202731064	202727403	1
1	202731064	202727411	1
1	202731064	202727426	1
1	202731064	202728697	1
1	202731064	202729706	0
1	202731064	202729904	0
1	202731940	202729706	0
1	202732057	202728203	3
1	202733887	202729706	0
1	202735588	202730908	0
1	202735588	202731827	1
1	202735588	202733400	1
1	202736241	202735171	1
1	202736393	202735428	0
1	202736393	202735504	1
1	202745913	202742654	0
1	202745983	202742654	2
1	202746324	202745554	1
1	202746324	202745857	5
1	202746605	202745857	3
1	202747566	202745857	0
1	202749140	202746141	0
1	202750703	202748944	0
1	202750779	202748396	0
1	202750779	202748944	0
1	202753068	202750658	0
1	202755371	202752904	0
1	202755453	202752904	0
1	202755453	202753030	0
1	202756517	202754996	0
1	202756517	202755270	0
1	202758511	202756357	0
1	202758953	202758390	0
1	202759325	202756357	0
1	202760524	202758268	0
1	202760574	202758390	0
1	202760574	202758439	0
1	202762809	202760414	0
1	202762809	202760529	0
1	202762946	202760414	0
1	202764146	202762698	1
1	2027660	2028070	0
1	2027660	2028154	0
1	202766505	202764048	0
1	202767052	202764048	0
1	202767061	202764048	0
1	202767061	202766396	0
1	202767210	202764048	0
1	202773285	202766925	0
1	202773289	202764048	0
1	202773289	202764073	0
1	202773289	202766925	0
1	202773289	202767030	0
1	202774736	202766925	0
1	202774736	202770096	0
1	202774736	202770925	2
1	202774736	202773117	1
1	202774736	202773188	1
1	202774736	202773216	1
1	202776221	202774612	0
1	202776221	202774629	0
1	202777095	202772694	0
1	202777095	202773117	0
1	202777095	202774612	0
1	202777582	202774612	0
1	202806752	202777016	0
1	202807206	202777016	0
1	202807349	202777016	0
1	202808050	202777016	0
1	202808053	202777016	0
1	202808115	202777016	0
1	202808126	202777016	0
1	202808217	202777016	0
1	202808417	202777016	0
1	202808422	202777016	0
1	202808434	202777016	0
1	202808440	202777016	0
1	202808450	202774612	0
1	202808471	202777016	0
1	202808474	202777016	0
1	202808482	202777016	0
1	202808488	202777016	0
1	202809471	202777016	0
1	202856157	202852990	0
1	202859100	202857646	0
1	202859103	202851827	0
1	202859103	202857927	0
1	202859223	202852961	0
1	202889136	202878956	0
1	202893426	202891099	0
1	202894283	202891115	0
1	202909125	202896853	2
1	202909162	202896853	0
1	202911204	202909009	0
1	202918389	202911053	0
1	202942219	202940822	9
1	202942219	202940825	9
1	202942219	202941489	8
1	202943864	202942024	8
1	202943946	202942024	6
1	202944797	202942024	3
1	202945170	202943757	1
1	202945170	202943763	4
1	202946611	202943757	0
1	202946611	202944982	2
1	202963166	202961868	0
1	202963166	202962546	0
1	202963560	202962549	0
1	202963728	202962925	0
1	202963728	202963065	0
1	202965385	202961875	0
1	202965501	202964611	0
1	202965994	202965370	0
1	202966110	202965370	0
1	202966561	202965886	0
1	202966601	202965370	0
1	202966601	202965886	0
1	202966899	202965886	0
1	202966899	202966527	0
1	2029763	2029982	0
1	202988483	202987276	0
1	202988583	202986556	0
1	203007575	203007773	3
1	203075758	203076340	0
1	203076077	203076479	0
1	203084729	203083131	0
1	203127955	203127258	0
1	203145075	203144693	0
1	203168676	203167810	0
1	203179878	203178930	0
1	203179878	203178980	0
1	203180134	203179133	0
1	203180653	203179760	0
1	203181286	203179760	0
1	203181286	203179997	0
1	203181286	203180469	0
1	203182135	203178930	0
1	203217373	203216669	0
1	203217373	203216947	0
1	203217866	203212826	0
1	203217866	203216078	0
1	203217866	203216669	0
1	203218022	203212834	0
1	203219850	203219215	0
1	203222311	203219573	0
1	203222326	203219663	0
1	203223661	203222201	0
1	203223661	203223134	0
1	203225105	203223494	0
1	203225105	203223587	0
1	203225871	203223494	0
1	20323188	20294210	0
1	203240521	203228532	0
1	203240521	203230014	0
1	203240659	203240329	0
1	203260863	203240626	0
1	203272810	203240626	0
1	203273642	203240626	0
1	203301282	203298757	0
1	203301282	203300513	0
1	203304549	203301089	0
1	203304706	203301165	0
1	203305310	203301089	0
1	203307689	203309137	25
1	203342495	203341336	0
1	203348057	203340660	0
1	203348278	203340627	0
1	203351087	203342182	0
1	203351089	203342326	0
1	20362395	20360578	0
1	203739645	203739764	30
1	203795776	203796292	22
1	203795776	203796450	22
1	203795776	203801574	38
1	203795795	203796292	22
1	203795795	203796450	22
1	203795795	203801574	38
1	203795795	203802956	45
1	203796497	203801574	49
1	203796602	203801574	47
1	203796608	203801574	42
1	203801629	203802651	25
1	203801629	203802956	29
1	203861714	203862195	13
1	203861744	203862181	12
1	203874188	203872573	0
1	20398730	20398089	0
1	20398788	20378972	0
1	20398788	20398087	0
1	20398788	20398104	0
1	20399550	20398482	0
1	20399550	20398715	0
1	204033868	204032446	0
1	204033868	204032933	0
1	20405695	20398482	0
1	204122400	204122853	0
1	20412655	20412303	0
1	204131172	204131632	13
1	204134589	204131061	0
1	204134589	204131955	0
1	204134589	204131961	0
1	204134695	204131061	0
1	204137250	204131061	0
1	204137250	204134514	0
1	204137250	204134537	0
1	204137250	204134547	0
1	204138920	204137103	0
1	204140119	204137103	0
1	204140119	204137111	0
1	204140119	204137212	0
1	204141263	204140034	0
1	204141288	204140034	0
1	204141458	204140034	0
1	204142027	204140034	0
1	204146765	204141314	0
1	204146991	204141314	0
1	204149882	204141314	0
1	204149963	204146641	0
1	204150540	204149872	0
1	204151895	204149702	0
1	204152004	204149702	0
1	204155919	204154818	0
1	204155919	204154937	0
1	204190325	204173837	0
1	204190798	204190461	5
1	204192877	204190486	0
1	204192915	204190340	0
1	204199259	204198159	0
1	204201702	204198941	0
1	204201812	204199194	0
1	204223586	204218850	0
1	204223586	204220755	0
1	204223586	204221220	0
1	204261449	204259257	0
1	204261509	204259257	0
1	204262101	204261337	0
1	204265043	204259257	0
1	204265043	204261305	0
1	204273741	204268207	0
1	204274810	204273625	0
1	20428740	20406186	0
1	20428783	20406186	0
1	20428789	20408705	0
1	20428810	20406186	0
1	204307396	204274728	0
1	20431235	20406186	0
1	204359917	204274728	0
1	204367857	204274728	0
1	204371607	204367798	0
1	204411792	204403386	7
1	204425742	204422627	0
1	204425742	204422629	0
1	204431794	204429920	0
1	204432272	204431339	0
1	204432402	204431668	0
1	204439072	204434438	0
1	204449297	204447435	0
1	204450018	204449184	0
1	204450131	204449175	0
1	204454792	204449849	0
1	204456052	204454668	0
1	204456292	204454576	0
1	204464605	204464011	0
1	204465320	204464449	0
1	204465320	204464451	0
1	204469887	204465218	0
1	204489932	204468869	0
1	204489932	204469621	0
1	204494725	204469409	0
1	204537992	204538220	2
1	204552029	204552537	0
1	204633247	204619899	0
1	204682998	204617169	0
1	204685367	204633143	0
1	204685734	204617169	0
1	20480398	20478778	0
1	20484646	20483186	0
1	20486221	20482390	0
1	2049652	2049202	0
1	2049667	2049303	0
1	204968361	204968797	0
1	204974291	204974567	0
1	204974291	204974656	0
1	20502190	20499447	8
1	205058357	205058567	0
1	205058664	205059083	0
1	205059294	205059582	0
1	205062002	205062439	0
1	205065910	205066069	0
1	205069562	205069826	0
1	205069562	205069885	0
1	205069562	205069951	0
1	205069562	205070425	0
1	205070062	205070425	0
1	205072134	205072482	0
1	205072596	205073067	0
1	205072596	205073655	0
1	205073237	205073655	0
1	205073237	205074096	0
1	205073565	205073655	0
1	205073842	205074096	0
1	205073913	205074096	0
1	205095065	205086141	2
1	205096912	205086141	0
1	205105169	205103856	0
1	205114962	205105027	0
1	205114962	205105086	0
1	205148340	205142504	0
1	205150795	205142504	0
1	205160271	205159546	0
1	205161388	205160005	0
1	205161388	205160113	0
1	205211567	205187417	0
1	205236868	205233820	0
1	205305332	205302058	7
1	205338597	205336064	0
1	205338597	205336091	0
1	205338597	205337314	0
1	205338597	205337522	0
1	205339809	205339193	0
1	205339862	205339193	0
1	205343599	205339800	0
1	205343794	205339643	0
1	205343794	205343228	0
1	205344183	205343697	0
1	205344459	205343228	0
1	205344459	205343688	0
1	205348591	205339643	0
1	205348591	205343228	0
1	205348591	205343406	0
1	205348591	205343525	0
1	205348591	205344133	0
1	205348591	205344410	0
1	205356570	205343228	0
1	205356570	205343367	0
1	205356570	205344133	0
1	205356570	205348375	0
1	205356579	205348375	0
1	205356837	205344195	0
1	205356837	205348375	0
1	205356879	205348375	0
1	205356912	205343228	0
1	205384365	205381377	0
1	205384365	205381380	0
1	205416297	205384287	0
1	205419353	205381377	0
1	205419353	205381380	0
1	205420575	205381377	0
1	205420575	205381380	0
1	205420575	205384287	0
1	205420583	205381380	0
1	205449932	205420454	0
1	205455955	205420454	0
1	205456037	205440606	0
1	205456087	205436985	0
1	205457092	205455947	0
1	205523298	205523482	0
1	205523298	205523507	0
1	205523298	205523545	0
1	205529097	205529323	0
1	205529430	205529520	0
1	205529564	205530185	0
1	205529564	205530258	0
1	205530350	205530627	0
1	205579607	205579750	0
1	205598650	205597555	0
1	205598650	205597789	0
1	205599926	205598454	0
1	205600195	205598454	0
1	205600795	205599824	0
1	205603354	205600650	0
1	205616645	205603200	2
1	205619074	205607942	0
1	205619074	205616477	0
1	205620839	205618956	5
1	205623892	205619267	0
1	205623892	205619965	0
1	205623892	205620613	0
1	205631894	205623675	0
1	205631963	205623675	0
1	205662127	205657850	0
1	205719677	205712818	583
1	205719727	205718451	0
1	205750277	205729571	0
1	205770855	205767985	33
1	205770855	205769436	32
1	205770855	205769446	29
1	205770855	205769702	13
1	205770855	205769717	10
1	205770855	205770160	0
1	205770855	205770299	0
1	205771654	205770732	0
1	205772568	205771471	0
1	205772568	205771597	0
1	205775087	205770732	0
1	205775152	205771061	2
1	205775234	205771471	0
1	205775441	205770732	0
1	205795019	205789092	1
1	205795019	205789093	1
1	205795019	205790919	5
1	205811088	205800952	0
1	205813177	205810069	0
1	205813749	205810298	5
1	205830290	205828332	0
1	205830380	205828021	0
1	205830380	205828025	0
1	205830380	205828352	0
1	205915405	205913047	0
1	205915405	205913053	0
1	205917355	205913047	0
1	205917355	205913053	0
1	205917355	205915360	0
1	205923196	205921565	0
1	205923428	205923081	0
1	205923428	205923150	0
1	205927606	205927210	0
1	205928050	205927491	0
1	205928387	205927491	0
1	205935823	205932944	0
1	205935839	205932944	0
1	205943461	205935695	0
1	205978929	205976740	0
1	205985666	205976739	0
1	205985666	205976740	0
1	205985666	205977926	0
1	205985666	205983742	0
1	205992696	205977698	0
1	206012407	206009263	0
1	206012407	206009264	0
1	206012650	206012307	0
1	206013895	206012307	0
1	206013895	206012507	0
1	206014131	206012330	0
1	206016131	206013771	0
1	206016131	206013773	0
1	206117356	206109691	0
1	206117700	206110014	0
1	206177247	206175059	0
1	206195877	206186178	1
1	206195877	206186255	2
1	206195877	206187122	3
1	206195877	206187165	2
1	206195877	206187280	3
1	206199885	206195751	1
1	206199885	206195839	0
1	206201890	206199806	4
1	206202006	206199806	5
1	206202447	206199806	2
1	206202828	206201873	7
1	206202852	206201873	9
1	206202874	206199806	5
1	206204001	206205428	2
1	206204066	206199806	5
1	206204094	206203179	3
1	206204415	206199806	5
1	20638130	20639891	0
1	206455025	206455772	7
1	20645687	20642656	0
1	206477860	206478159	0
1	20648633	20648994	9
1	206491750	206493022	0
1	206497729	206491115	0
1	20652194	20645584	102
1	20652728	20651766	12
1	20652728	20651776	11
1	20652972	20652620	5
1	20653085	20652633	5
1	20655535	20654613	2
1	20655780	20655439	0
1	206572700	206571291	0
1	206584685	206585179	4
1	206584685	206586825	0
1	206585296	206586825	0
1	206593794	206591641	1
1	206595839	206580934	1
1	206595839	206593618	2
1	206597117	206595717	1
1	206597196	206594039	1
1	206597196	206595709	0
1	206597196	206595717	0
1	206597196	206595830	0
1	206602454	206600262	0
1	206602959	206602335	0
1	206603205	206602335	0
1	206603205	206602341	0
1	206603502	206599002	0
1	206604730	206603082	0
1	206605508	206600262	0
1	206605508	206602950	0
1	206605508	206604608	0
1	206608296	206605399	0
1	206608327	206600262	0
1	206608327	206604732	0
1	206608327	206605399	0
1	206609405	206608279	0
1	206609460	206608235	0
1	206609460	206608279	0
1	20660992	20655675	3
1	20660992	20656100	3
1	206611375	206608235	0
1	206611375	206609375	0
1	206612460	206609375	0
1	20661370	20660398	4
1	20661389	20660880	3
1	20661392	20660880	3
1	20661508	20660880	3
1	20661545	20660880	3
1	206635623	206634648	0
1	20664591	20664013	0
1	20666332	20664013	0
1	20666332	20664015	0
1	20670489	20666213	0
1	20670492	20666213	0
1	20672197	20666213	0
1	20672197	20670420	0
1	20672197	20670428	0
1	20673021	20672015	0
1	206731920	206732037	0
1	206769895	206767601	0
1	206769895	206768694	0
1	206770576	206769828	0
1	206771060	206769828	0
1	206771190	206769620	0
1	206771200	206769828	0
1	20682885	20671937	0
1	206909521	206904385	0
1	206909521	206904524	0
1	206909521	206904558	0
1	206909521	206904893	0
1	206909521	206905018	0
1	206913043	206911729	0
1	206914095	206912928	0
1	206914095	206912962	0
1	206914095	206912972	0
1	206921434	206913800	0
1	206921868	206913758	0
1	206921891	206913758	0
1	206921942	206913631	0
1	206921942	206913861	0
1	206921946	206913758	0
1	206921956	206904713	0
1	206921999	206912928	0
1	206921999	206913758	0
1	206931556	206928517	0
1	206931803	206931496	0
1	206931834	206931433	0
1	20693233	20692733	0
1	206937752	206935485	0
1	206939464	206937094	0
1	206939467	206937545	0
1	206959798	206957964	0
1	206959798	206957966	0
1	206959798	206958119	0
1	206959798	206958164	0
1	206960836	206958507	0
1	206962552	206959678	0
1	206962552	206960421	0
1	206965859	206962212	0
1	206965859	206962292	0
1	206965859	206962354	0
1	20698440	20690187	0
1	20698489	20690187	0
1	207025065	207018520	0
1	207025065	207020694	0
1	207049300	207049463	208
1	207050848	207043848	133
1	207051078	207043848	130
1	207089362	207089481	0
1	20722916	20719731	0
1	20722916	20721527	0
1	20724636	20724082	1
1	20726067	20724395	3
1	20726067	20724600	4
1	20726067	20724630	4
1	20727076	20725919	4
1	20727076	20725931	4
1	20727604	20725919	3
1	20727604	20727000	0
1	20727604	20727031	0
1	20732838	20724348	5
1	207336819	207337328	5
1	207336944	207336946	8
1	207404952	207401690	0
1	20745092	20743134	141
1	20745657	20742660	61
1	20745657	20742681	59
1	20745657	20744743	0
1	20747656	20745542	0
1	20747656	20745591	0
1	20749748	20747543	0
1	20749883	20747543	0
1	20749883	20747614	0
1	20750252	20747543	2
1	207552980	207551924	0
1	20757257	20749722	0
1	207599007	207552722	0
1	207599007	207569835	0
1	207599007	207569967	0
1	20765532	20757165	0
1	20765532	20757198	0
1	207710665	207709023	0
1	207711509	207710473	0
1	20773611	20770929	0
1	20775006	20770929	1
1	207759725	207761248	0
1	20776605	20773450	29
1	207767196	207767606	0
1	207767196	207767778	0
1	207767196	207770320	0
1	20776751	20773450	10
1	20776751	20773586	22
1	20776751	20775654	26
1	207767652	207767778	0
1	207767824	207770320	0
1	207768773	207770320	0
1	207793609	207795004	176
1	20779912	20775449	1
1	20779912	20776596	1
1	20779912	20776697	1
1	20779912	20776712	1
1	20779912	20776719	1
1	20780541	20779811	1
1	20780542	20779811	1
1	207806098	207805246	0
1	207816081	207806004	0
1	207817415	207801517	0
1	207817415	207813559	0
1	207817415	207815928	0
1	20786653	20779811	0
1	20786667	20779835	0
1	20787313	20779811	0
1	207874970	207869914	0
1	207874970	207873794	0
1	207888847	207880971	0
1	207888847	207884248	0
1	207888847	207886538	0
1	208028160	208022241	0
1	208028160	208026103	2
1	208031654	208031041	0
1	208031760	208028829	0
1	208038985	208038370	0
1	208039768	208038824	0
1	208039768	208038906	0
1	20810885	20806291	1
1	20810885	20806469	0
1	20810885	20806482	0
1	20810885	20807003	0
1	20810885	20807318	0
1	208210463	208142328	0
1	208217015	208209986	0
1	208218003	208210279	1
1	208244302	208230190	2
1	208244321	208216734	0
1	20825199	20817391	0
1	20827699	20825099	0
1	20827699	20825103	0
1	20847946	20840855	0
1	20849531	20840855	0
1	208612193	208607099	0
1	208628086	208626740	0
1	20893637	20886200	0
1	20893637	20892618	0
1	20895502	20893110	0
1	20895502	20893516	0
1	209151506	209147266	0
1	20941399	20904882	0
1	20941485	20929369	0
1	20942331	20904882	0
1	20942331	20941241	92
1	209428883	209429180	0
1	209429089	209429180	0
1	209429409	209430424	0
1	209429409	209431742	0
1	209429621	209430424	0
1	209430477	209431742	0
1	209430501	209431742	0
1	20950109	20941490	3
1	20950112	20904882	0
1	20950112	20941490	3
1	209531375	209528454	0
1	209540789	209528540	0
1	209616625	209614869	0
1	209616625	209614874	0
1	209616625	209614976	0
1	209617587	209616470	0
1	209617587	209616580	0
1	209623726	209622981	3
1	209624001	209623504	0
1	209634639	209633069	0
1	209637982	209634446	0
1	209663062	209661363	0
1	209663062	209661365	0
1	20969597	20941490	0
1	20969597	20950002	0
1	20969597	20950005	0
1	209724126	209662910	0
1	20973100	20969473	0
1	209775490	209775598	0
1	209775737	209777351	0
1	209775737	209778110	0
1	209776125	209777351	0
1	209777488	209778110	0
1	209779375	209780469	2
1	209779375	209781344	8
1	209780607	209781344	7
1	209780607	209781349	7
1	209780607	209782055	8
1	209781459	209782055	4
1	209784560	209779207	11
1	209789786	209785622	0
1	209789786	209785690	0
1	209789786	209788249	0
1	209790888	209789666	0
1	209792428	209790494	0
1	209792428	209790725	0
1	209792715	209790737	0
1	20980449	20973001	0
1	20980449	20973046	0
1	209842448	209842582	3
1	209842696	209843450	1
1	20997634	20981047	0
1	21001313	20981047	0
1	21002809	20981047	0
1	21002809	20982387	0
1	210232973	210231455	41
1	210234045	210231455	29
1	210234048	210231455	32
1	210267242	210265635	0
1	21050995	21002712	0
1	21064992	21064530	0
1	210683930	210678417	7
1	210684139	210676822	1
1	210684139	210676831	1
1	210684139	210676899	1
1	210684139	210678327	2
1	210684139	210678335	2
1	210775545	210678313	0
1	210775545	210678314	0
1	210775545	210682620	0
1	210775545	210682862	0
1	210775545	210683020	0
1	210775545	210683280	0
1	210775545	210683466	0
1	210797761	210681646	0
1	210797761	210775347	0
1	210797761	210775415	0
1	21089214	21002712	0
1	21089214	21050865	0
1	21089214	21064759	0
1	210920070	210803966	0
1	210920070	210858124	0
1	211019191	210919758	0
1	211019229	210919639	0
1	211019257	210803966	0
1	211019257	210858162	0
1	211019257	210918903	0
1	211019257	210919174	0
1	211019257	210919639	0
1	211082899	210803966	0
1	211082899	210919639	0
1	211082899	211018782	0
1	211082899	211018863	0
1	211082899	211063391	0
1	211090691	211082779	0
1	211090691	211082871	0
1	211103603	210775347	0
1	211103603	210803966	0
1	211103603	211082779	0
1	211133375	211132587	18
1	211133946	211107253	0
1	211134048	211107253	0
1	211134079	211107253	0
1	211134092	211107253	0
1	211134096	211107253	0
1	211134129	211107253	0
1	211134130	211107253	0
1	211134147	211107253	0
1	211134149	211107253	0
1	211134156	211107253	0
1	211134166	211107253	0
1	211134181	211107253	0
1	211172276	211108444	0
1	211172276	211167998	0
1	211175174	211172146	0
1	211175254	211172169	0
1	211182225	211107253	0
1	211182225	211172146	0
1	211271310	211271527	0
1	211356469	211359881	0
1	211356469	211359911	0
1	211356469	211360701	0
1	211360077	211360701	0
1	211481430	211476521	0
1	211492032	211476521	0
1	211492918	211481119	0
1	211578743	211571567	59
1	211639890	211640218	3
1	211642868	211635905	0
1	211667232	211658656	2
1	211667232	211662771	21
1	211667232	211663402	11
1	211667232	211663524	9
1	211669333	211666429	3
1	211669333	211667105	2
1	211669520	211667105	3
1	21168040	21111322	0
1	211725403	211715927	0
1	211751068	211743456	59
1	211751068	211749792	0
1	21176359	21089137	0
1	21176820	21175113	44
1	21176837	21176174	48
1	21176848	21176174	49
1	21176851	21176174	49
1	21176858	21176174	51
1	21176885	21176174	58
1	21176889	21176174	58
1	211779045	211750960	0
1	211783503	211778917	0
1	211793191	211787631	0
1	211793327	211778999	0
1	211829324	211793071	0
1	211830239	211829058	0
1	211830331	211829178	0
1	211830773	211829058	0
1	211944970	211940398	0
1	211944970	211940400	0
1	211944970	211941347	0
1	211944970	211941355	0
1	211944970	211941531	0
1	211946646	211944783	0
1	211946706	211944783	0
1	211946706	211944954	0
1	211952702	211941722	0
1	211952702	211944783	0
1	211952702	211946606	0
1	211966468	211952568	4
1	211966499	211946606	1
1	211966499	211952426	4
1	211966499	211952568	4
1	211966499	211952610	0
1	211967982	211966123	4
1	211967982	211966429	5
1	212006762	211987885	0
1	212007450	212006638	0
1	212007450	212006664	0
1	212020269	212016885	8
1	212020755	212020121	1
1	212021213	212016885	1
1	212021213	212020121	1
1	212021213	212020218	1
1	212030941	212021082	0
1	212035521	212021082	0
1	212035537	212021082	0
1	212035540	212021082	0
1	212035543	212021082	0
1	21220132	21217280	68
1	21221843	21217246	0
1	21221843	21218583	0
1	21221843	21219858	0
1	21221843	21219936	0
1	21221843	21219958	0
1	21222082	21219813	0
1	212226539	212225279	0
1	212230260	212225277	0
1	212230260	212225279	0
1	21225441	21219893	0
1	212331714	212299494	0
1	21233662	21227930	0
1	21235928	21233104	0
1	21235928	21233557	0
1	21235928	21233569	0
1	212375301	212363930	0
1	212375301	212364475	0
1	212376885	212375220	0
1	212377707	212375192	0
1	212377707	212375247	0
1	21238245	21236745	0
1	21238351	21236745	0
1	212385426	212379894	0
1	212387101	212385273	1
1	21245104	21238133	0
1	21245104	21238148	0
1	212467744	212466815	0
1	21260393	21258692	0
1	212615023	212615061	1
1	212615046	212615151	18
1	212615061	212615147	22
1	212618235	212619045	17
1	212619267	212619357	20
1	212626772	212624283	0
1	212664688	212653998	0
1	212687510	212686417	0
1	212697066	212686417	0
1	212698756	212686417	0
1	21272912	21260270	0
1	21272912	21260312	0
1	212739602	212736955	1
1	212739602	212738561	2
1	212782427	212726152	0
1	212782427	212738482	0
1	212782427	212739533	0
1	212782427	212766188	0
1	212784494	212781931	0
1	212784494	212782371	0
1	212787638	212784140	0
1	212787638	212784362	0
1	21279333	21272698	0
1	21279333	21272745	0
1	21279333	21272831	0
1	21279333	21272834	0
1	21279550	21272698	0
1	212836188	212830140	0
1	212858089	212852107	5
1	212858089	212856603	9
1	212951393	212951588	2
1	212951397	212951634	2
1	212989177	212991550	0
1	21299000	21290069	0
1	212997319	212992181	0
1	212997319	212993991	0
1	212997319	212994728	0
1	213000384	212997154	0
1	213000571	212997199	0
1	213005455	213000785	0
1	213007199	213005032	0
1	213007199	213005124	0
1	213008467	213006538	0
1	213008467	213007128	0
1	213011464	213008209	0
1	213013419	213008209	0
1	213015827	213008209	0
1	213242298	213242568	24
1	21345138	21290069	0
1	21345505	21290069	0
1	21345573	21290069	0
1	213832623	213817750	0
1	213836055	213832590	0
1	213837296	213832590	0
1	213839798	213832540	0
1	213839798	213832590	0
1	213839798	213832591	0
1	213839798	213832596	0
1	213839798	213832600	0
1	213840601	213832590	0
1	213840830	213840507	0
1	213841042	213839737	0
1	213841147	213840092	0
1	213841225	213839737	0
1	213841363	213839737	0
1	213841389	213832592	0
1	213842241	213840507	0
1	213843569	213832540	0
1	213843569	213840507	0
1	213843569	213840680	0
1	213876807	213832540	0
1	213894744	213832521	0
1	213894744	213832540	0
1	213894744	213832590	0
1	213894744	213832596	0
1	213894744	213839737	0
1	213894744	213840507	0
1	213894744	213840680	0
1	213894744	213840727	0
1	213894744	213842059	0
1	213894744	213843482	0
1	213894744	213876637	0
1	213894749	213843482	0
1	213895519	213894662	0
1	213895892	213895393	0
1	213895971	213894662	0
1	213901410	213895393	0
1	213915979	213895426	0
1	213916100	213832590	0
1	213916100	213894662	0
1	213916100	213895393	0
1	213916100	213895453	0
1	213916100	213895807	0
1	213916100	213915934	0
1	213921581	213895393	0
1	213937422	213937126	0
1	213937424	213895393	0
1	213955240	213915934	0
1	213963937	213915934	0
1	213963986	213915934	0
1	213965433	213915934	0
1	213965482	213894662	0
1	213965482	213895393	0
1	213965482	213895433	0
1	213965482	213915934	0
1	213966095	213916072	0
1	213966135	213965303	0
1	213966189	213965303	0
1	213966215	213915934	0
1	213966259	213832590	0
1	213966259	213894662	0
1	213966259	213895393	0
1	213966259	213895426	0
1	213966259	213915934	0
1	213966259	213965303	0
1	213966265	213915934	0
1	213966285	213832590	0
1	213966285	213894662	0
1	213966285	213895393	0
1	213966285	213901294	0
1	213966285	213915934	0
1	213966285	213921472	0
1	213966285	213965303	0
1	213966836	213966070	0
1	213966932	213966070	0
1	213967172	213966070	0
1	213977419	213966131	0
1	213979386	213966070	0
1	213979420	213832590	0
1	213979420	213895393	0
1	213979420	213915934	0
1	213979420	213965303	0
1	213979420	213966070	0
1	213979422	213966070	0
1	213986154	213965893	0
1	213986157	213979310	0
1	213986163	213966070	0
1	213987532	213966070	0
1	213987553	213966070	0
1	213987571	213981295	0
1	213987586	213832590	0
1	213987586	213895393	0
1	213987586	213915934	0
1	213987586	213966070	0
1	213987631	213981295	0
1	213987723	213966070	0
1	213988383	213966070	0
1	213988399	213966070	0
1	213988411	213966070	0
1	213988441	213966070	0
1	213988451	213895393	0
1	213988509	213915934	0
1	214055473	214051193	0
1	21413294	21411459	0
1	21425523	21424624	0
1	214331071	214332017	2
1	214332193	214334199	0
1	214348314	214344171	0
1	214357616	214348185	39
1	214364676	214348695	2
1	214364676	214357750	1
1	214372840	214369456	0
1	214372840	214372245	2
1	214464958	214451804	0
1	214551224	214464629	0
1	214551279	214464701	0
1	214551603	214528275	0
1	214608841	214605469	0
1	215235180	215235690	6
1	215394419	215393645	0
1	215619071	215619152	6
1	215629036	215622893	0
1	215634704	215628813	0
1	215900906	215900074	0
1	215934796	215900754	0
1	21597729	21596214	0
1	21597729	21596220	0
1	21597729	21596221	0
1	21597729	21597007	0
1	216073301	216072888	0
1	216083587	216078088	0
1	216084878	216083369	0
1	216084878	216083455	0
1	216085109	216083379	0
1	216086821	216084697	0
1	216089140	216086718	0
1	21613230	21612025	0
1	21613707	21613035	0
1	21613707	21613175	0
1	21617492	21613985	0
1	216175483	216097082	0
1	21617973	21617305	0
1	21617973	21617306	0
1	216190368	216173945	0
1	216190368	216175251	0
1	21619073	21617931	0
1	21619073	21617933	0
1	21620042	21619024	0
1	21620051	21619024	0
1	216207432	216199626	0
1	21622569	21620014	0
1	21626398	21620014	0
1	21626398	21620040	0
1	21626398	21622922	0
1	216519422	216503245	0
1	216519422	216503250	0
1	216519422	216503253	0
1	216519422	216505453	0
1	216519422	216505489	0
1	216519422	216506787	0
1	216564381	216519151	0
1	216564402	216519151	0
1	216568099	216519151	0
1	216568099	216564218	0
1	216651090	216567987	0
1	216677492	216567987	0
1	216677492	216650972	0
1	216682027	216677327	0
1	216701510	216567987	0
1	216707487	216567987	0
1	216707487	216677075	0
1	216707487	216701424	0
1	216714635	216677075	0
1	216714635	216677200	0
1	216714635	216707419	0
1	216715250	216677075	0
1	216715250	216677311	0
1	216715254	216677075	0
1	216723426	216686081	0
1	216723454	216677075	0
1	216723454	216707358	0
1	216805368	216677075	0
1	21680835	21678297	0
1	21680835	21678578	0
1	21680835	21678902	0
1	21680835	21679366	0
1	21681253	21679198	0
1	216865179	216677075	0
1	216865179	216855041	0
1	21687240	21680807	0
1	21690100	21685891	0
1	21690100	21687190	0
1	2169118	2169517	3
1	216936700	216865060	0
1	216939674	216677075	0
1	216939674	216707358	0
1	216939674	216715073	0
1	216939674	216862229	0
1	216939674	216865060	0
1	216939674	216865116	0
1	217000725	216677075	0
1	217000725	216865060	0
1	21715458	21706466	0
1	21715458	21706743	0
1	21721147	21715123	0
1	21721164	21715388	0
1	21721167	21715388	0
1	21721765	21715388	0
1	21721765	21721035	0
1	21724096	21721649	0
1	21725120	21721649	0
1	21726571	21723897	0
1	21728720	21723897	0
1	21728720	21723971	0
1	21729830	21728569	0
1	21729833	21727850	1
1	21729833	21728569	0
1	21729833	21728611	1
1	21736626	21728569	0
1	217449338	217426991	0
1	217491751	217449248	0
1	217495076	217491505	0
1	217495076	217492500	0
1	217498396	217491679	0
1	217498396	217495014	0
1	217498765	217495014	0
1	217514890	217498179	0
1	217514890	217498355	0
1	21753120	21752526	0
1	21756703	21752991	0
1	21756703	21753006	0
1	21756703	21753034	0
1	21757784	21756545	0
1	217610380	217514821	0
1	217610401	217514821	0
1	217610401	217608183	9
1	217782300	217781197	0
1	21782021	21757662	0
1	21782892	21757662	0
1	21782944	21757460	0
1	21782992	21757662	0
1	21783196	21757662	0
1	21783607	21757662	0
1	21822434	21823909	19
1	21823720	21822244	10
1	21824205	21823615	0
1	21824267	21823300	0
1	21824377	21824120	0
1	21824616	21824305	0
1	21824780	21824536	0
1	21827920	21824703	0
1	21830092	21829382	0
1	21830714	21828834	0
1	21831091	21829992	0
1	21833385	21832494	0
1	21833385	21832874	0
1	21833578	21833267	0
1	21833615	21833115	0
1	21833615	21833267	0
1	218345389	218344195	0
1	21835638	21833815	0
1	21835638	21834678	0
1	21836918	21834678	0
1	21837007	21835539	0
1	2183705	2182734	6
1	2183876	2181793	1
1	21839007	21835408	0
1	21846256	21844147	0
1	21846600	21846107	0
1	21846600	21846195	0
1	2184699	2184921	20
1	21851698	21850362	0
1	21851927	21851545	0
1	21853071	21851310	0
1	2186250	2184477	4
1	21865810	21865284	0
1	21868969	21865716	0
1	21872378	21865716	0
1	21873092	21872619	0
1	21873425	21872858	0
1	21873425	21872996	0
1	21874534	21873924	0
1	21874707	21874405	0
1	21874730	21874405	0
1	21874730	21874477	0
1	21878254	21876511	0
1	21878492	21877513	0
1	21887335	21885319	0
1	21887675	21887214	0
1	21887675	21887232	0
1	21887675	21887234	0
1	21890142	21887937	0
1	21890142	21888667	0
1	21890486	21889815	0
1	21890486	21889980	0
1	218915319	218912756	0
1	21895967	21889980	0
1	2189782	2186837	4
1	219150032	219086601	0
1	219225498	219222247	0
1	2192976	2189579	11
1	2192976	2189712	19
1	21937298	21896174	0
1	2193911	2184460	6
1	2193911	2184463	11
1	2193911	2185174	34
1	2193911	2189547	7
1	2193911	2189568	8
1	2193911	2189712	10
1	2193911	2191900	15
1	2193911	2192646	18
1	2193911	2192844	21
1	2194109	2189543	11
1	219411940	219409522	0
1	2194134	2193638	40
1	2194214	2193638	71
1	219437174	219435151	0
1	219437174	219435152	0
1	219459195	219411717	0
1	2194740	2193638	25
1	2194751	2193638	25
1	2194776	2193638	18
1	21956872	21950678	0
1	219790449	219685426	0
1	2198143	2193638	0
1	2198143	2193997	0
1	219918495	219884125	0
1	219918495	219913505	0
1	219918495	219915153	0
1	219919031	219914263	0
1	219969123	219968600	2
1	219969248	219968688	2
1	219982845	219981377	0
1	219983399	219982509	0
1	219983399	219982771	0
1	219987405	219984205	0
1	219988824	219987141	0
1	219988824	219987295	0
1	2199908	2193997	0
1	219997343	219988589	0
1	220001256	219996982	0
1	220001256	219997175	0
1	220005361	220001137	0
1	220005361	220001200	0
1	220058993	220057730	142
1	220059792	220057481	5
1	220059792	220057483	5
1	220059792	220058945	0
1	220062955	220059685	0
1	220066118	220062756	0
1	220067126	220062798	2
1	220067394	220062756	0
1	220067394	220062810	0
1	220067394	220062911	0
1	220067394	220062915	0
1	220067394	220066072	0
1	220067394	220067029	0
1	220069433	220067014	0
1	220069433	220067301	0
1	220069433	220067383	0
1	2201226	2198006	0
1	2201226	2198062	0
1	220151765	220148292	5
1	220151765	220151255	0
1	220153407	220151182	0
1	220153407	220151604	0
1	220153407	220151605	0
1	220153723	220151605	0
1	220185742	220184035	0
1	220189768	220185650	0
1	220189768	220185654	0
1	220196399	220195297	0
1	220202375	220196183	0
1	220202375	220196249	0
1	220206007	220202275	0
1	220210490	220205906	0
1	220232864	220210954	0
1	220232864	220213855	0
1	220232864	220219434	0
1	22024956	22023996	0
1	22024967	22023989	0
1	220271240	220190376	0
1	220272338	220232798	0
1	220272362	220265984	6
1	220272371	220232798	0
1	220272415	220232798	0
1	220272455	220232798	0
1	22027535	22027681	6
1	22030692	22030693	4
1	22030943	22030946	15
1	22031868	22028316	1
1	220360184	220359730	0
1	2203631	2198006	0
1	220487044	220485103	0
1	22052928	22029800	0
1	220780080	220780167	0
1	220833193	220832762	0
1	220880141	220833017	0
1	220880450	220881193	2
1	220881100	220881193	1
1	220881374	220882163	0
1	220882349	220884194	0
1	22121354	22117304	0
1	2212459	2203563	0
1	2212575	2212170	0
1	2212721	2212371	0
1	22129852	22121444	0
1	22129852	22127037	0
1	22129852	22127473	0
1	221333986	221332638	0
1	221335921	221333834	0
1	221336297	221330079	0
1	221706467	221701423	1
1	221706467	221701482	1
1	221706467	221702149	1
1	221706467	221702426	1
1	221834347	221827665	0
1	221840454	221834291	0
1	221883889	221880980	0
1	221913859	221883799	0
1	221914532	221913647	0
1	221914532	221913761	0
1	222058679	222041704	0
1	222218490	222089168	0
1	222385693	222218378	0
1	222454149	222452737	0
1	222479559	222477251	0
1	222480427	222479367	0
1	222486122	222480302	0
1	222486208	222479173	0
1	222489701	222486056	0
1	222492198	222489585	0
1	222492198	222490122	0
1	222501534	222492073	0
1	222504482	222501468	0
1	222504485	222501468	0
1	222504604	222501337	0
1	222504623	222486059	0
1	222510659	222510168	0
1	222523695	222522257	0
1	222523695	222522259	0
1	222523695	222522808	0
1	222538775	222531965	0
1	222538844	222531965	0
1	222539063	222538728	0
1	222540342	222538647	0
1	222558773	222557901	4
1	222561519	222558307	3
1	222561519	222558622	4
1	222563297	222561363	2
1	222564126	222563172	0
1	222564126	222563284	0
1	222569669	222564058	0
1	222569669	222564077	0
1	222569669	222568828	12
1	222570564	222569509	4
1	222570666	222569509	4
1	222570666	222569536	4
1	222589963	222590257	3
1	222659514	222659621	1
1	222659658	222659733	4
1	222659802	222659905	4
1	222660007	222660176	2
1	222670251	222668012	213
1	222670251	222669606	3
1	222673436	222669398	0
1	222673436	222670132	0
1	222673436	222670189	0
1	222676219	222673312	0
1	222676219	222673373	0
1	222687037	222670132	0
1	222837067	222837218	66
1	223132580	223123487	0
1	223132640	223109405	0
1	223132640	223110304	0
1	223132640	223110705	0
1	223132640	223112967	0
1	223132640	223126857	0
1	223134483	223132474	0
1	223134865	223132474	0
1	223134865	223134388	0
1	223134865	223134431	0
1	223141764	223134681	0
1	223141764	223137177	0
1	223143239	223134681	0
1	223143247	223141647	0
1	223143249	223134681	0
1	223143249	223137177	0
1	223143249	223141381	0
1	223143249	223141647	0
1	223143283	223141647	0
1	223223632	223220818	0
1	223223632	223220820	0
1	223223632	223220830	0
1	223223632	223221016	0
1	223227739	223220830	0
1	223227739	223223248	0
1	223227739	223223266	0
1	223229389	223227593	0
1	223229389	223227614	0
1	223229395	223227593	0
1	223229451	223227602	0
1	223264819	223227593	0
1	223264819	223229196	0
1	223264819	223234914	0
1	223268676	223264406	0
1	223268676	223264629	0
1	223360312	223358824	0
1	223363338	223292438	0
1	223363461	223268501	0
1	223363461	223292438	0
1	223364060	223292438	0
1	223538492	223538006	0
1	223539492	223538007	0
1	223543167	223539419	0
1	223543167	223541608	0
1	223543167	223541611	0
1	223543167	223541615	0
1	223543167	223541647	0
1	223549383	223539419	0
1	223616146	223612245	0
1	223619454	223615969	0
1	223619454	223616897	0
1	223620267	223619292	0
1	223622901	223620191	0
1	223622901	223620195	0
1	223625889	223622621	0
1	223625889	223622814	0
1	223627158	223625804	0
1	223628143	223626988	0
1	223628143	223627039	0
1	223654400	223628661	0
1	223654400	223642682	0
1	223769910	223770446	0
1	223772240	223772409	2
1	223784315	223779898	2
1	223784315	223780644	4
1	223784315	223780788	1
1	223796591	223793302	1
1	223798678	223795814	10
1	223800048	223795814	5
1	223800048	223796173	7
1	223800048	223798214	2
1	223800727	223799898	0
1	223800811	223799898	0
1	223800811	223799916	0
1	223802345	223800699	0
1	223802658	223800775	0
1	223802732	223802115	0
1	223802737	223802115	0
1	223802896	223801938	0
1	223802896	223802115	0
1	223803224	223802300	2
1	223804349	223795837	1
1	223804349	223803270	1
1	223806948	223804173	0
1	223806948	223804207	0
1	223806948	223804234	0
1	223810514	223806845	0
1	223810514	223806910	0
1	223814329	223810430	0
1	223814354	223810430	0
1	223814354	223810463	0
1	223818338	223814239	0
1	223821137	223814239	0
1	223821368	223814175	0
1	223821368	223814239	0
1	223845955	223814239	0
1	223952443	223951478	0
1	223954668	223952384	0
1	223977116	223973981	0
1	223983286	223976879	0
1	223983286	223982753	0
1	223984441	223982757	0
1	224002623	224003519	0
1	224033523	224030703	0
1	224192519	224192895	440
1	224210413	224208746	0
1	224213280	224208746	0
1	224231297	224227333	0
1	224231297	224227336	0
1	224231297	224227368	0
1	224231297	224227453	0
1	224232183	224231225	0
1	224232973	224231225	0
1	224233290	224231225	0
1	224233290	224231265	0
1	224236583	224231225	0
1	224268134	224250211	0
1	224289734	224287774	0
1	224294342	224289184	0
1	224294412	224289483	0
1	224294412	224289681	0
1	224300664	224296500	0
1	224304813	224303722	0
1	224305167	224303722	0
1	224305167	224304734	0
1	224305167	224304735	0
1	224308218	224305033	0
1	224308264	224305033	0
1	224311858	224305033	0
1	224311858	224305083	0
1	224311858	224307990	0
1	224311858	224307992	0
1	224311858	224308182	0
1	224312125	224308007	0
1	224313152	224305033	0
1	224313152	224307990	0
1	224313152	224311799	0
1	224313156	224311799	0
1	224317794	224305033	0
1	224317794	224307985	0
1	224317794	224307990	0
1	224317794	224311799	0
1	224317794	224312539	0
1	224317794	224312726	0
1	224317794	224313033	0
1	224317794	224313049	0
1	224317926	224317693	0
1	224317931	224317693	0
1	224326465	224317693	0
1	224330140	224307990	0
1	224377178	224379068	5
1	224389861	224385665	10
1	224394014	224385142	6
1	224394014	224389135	6
1	224394014	224389832	6
1	224398227	224393827	1
1	224398594	224397726	1
1	224398594	224398096	0
1	224413336	224411426	0
1	224418417	224411426	0
1	224418417	224412908	0
1	224418417	224413252	0
1	224419616	224418259	0
1	224424655	224419517	0
1	224424655	224419561	0
1	224424720	224419444	0
1	224424720	224419517	0
1	224424720	224419548	0
1	224431582	224419517	0
1	224431582	224424517	0
1	224431782	224424517	1
1	224431782	224429296	0
1	224431782	224431476	1
1	224431782	224431524	1
1	224433839	224431476	5
1	224615428	224611403	0
1	224719109	224717503	0
1	225404527	225401501	7
1	225404527	225401502	7
1	225404566	225403089	4
1	225406833	225404625	4
1	225410417	225406561	5
1	225410417	225406663	2
1	225418181	225415277	0
1	225419363	225417549	0
1	225419453	225417983	1
1	225419799	225419262	0
1	225422278	225419714	3
1	225422428	225419724	4
1	225424090	225422076	2
1	225427898	225423920	1
1	225428036	225423910	1
1	225428856	225423910	0
1	225428926	225423910	0
1	225465284	225447990	0
1	225465344	225447242	0
1	225498405	225486834	3
1	225498405	225495479	37
1	225498405	225496884	24
1	225498405	225497084	6
1	225498405	225497422	3
1	225498405	225497633	0
1	225519566	225514595	2
1	225519566	225517195	5
1	225530639	225519043	0
1	225530639	225519197	0
1	225530639	225519417	0
1	225735496	225710967	0
1	225846523	225840882	2
1	225847214	225845535	8
1	225847466	225846575	0
1	225848385	225847138	0
1	225848555	225847033	0
1	225856739	225855877	0
1	225857018	225856651	0
1	225857018	225856703	0
1	225860998	225859195	0
1	225862352	225860723	0
1	225862352	225860859	0
1	225862579	225859662	0
1	225862579	225862217	0
1	225862852	225862454	0
1	225862852	225862539	0
1	225863095	225862454	0
1	225871114	225867887	0
1	225872054	225871075	0
1	225872054	225871091	0
1	225874368	225871573	0
1	225874368	225871986	0
1	225887639	225886281	0
1	225887639	225886695	0
1	225888033	225887398	0
1	225889147	225887785	0
1	225911383	225887784	0
1	225921372	225887785	0
1	225921372	225919876	0
1	225921372	225919877	0
1	225921645	225921207	1
1	225921645	225921221	2
1	225921935	225921215	2
1	225922080	225921551	2
1	225922080	225921603	2
1	225922306	225921857	30
1	225922384	225921551	33
1	225922384	225921857	4
1	225922384	225922028	85
1	225923080	225921857	4
1	225923772	225921551	2
1	225923772	225922203	1
1	225923772	225922306	4
1	225923892	225922203	2
1	225923994	225923700	3
1	225924001	225923139	3
1	225924074	225923700	3
1	225924260	225923700	11
1	225924279	225921857	4
1	225924279	225923700	18
1	225924341	225923700	3
1	225937558	225936410	0
1	225939601	225936597	0
1	225939601	225936603	0
1	225939872	225939360	0
1	225940003	225939360	0
1	225940102	225939431	0
1	225988389	225982701	0
1	226061877	226060711	0
1	226152620	226144678	4
1	226154834	226152334	5
1	226159359	226154646	2
1	226161633	226154641	1
1	226225648	226225750	0
1	226233194	226231148	5
1	226233194	226231156	5
1	226233524	226232712	0
1	226233524	226233095	0
1	226287798	226286332	0
1	226295947	226287663	0
1	226295947	226287692	0
1	226297814	226287663	0
1	226333398	226331998	0
1	226362084	226360690	5
1	226362084	226361294	4
1	226362084	226361318	4
1	226362253	226361409	4
1	226363161	226361707	4
1	226363161	226361968	0
1	226365155	226363942	1
1	226366053	226365001	0
1	226366053	226365087	0
1	226367609	226365001	2
1	226388756	226386325	0
1	226390625	226388655	0
1	226390625	226388697	0
1	226392315	226390409	0
1	226392793	226392198	0
1	226392981	226392257	0
1	226402380	226392198	3
1	226402380	226392916	5
1	226402380	226392939	5
1	226407983	226401982	0
1	226408074	226402213	0
1	226408076	226402213	0
1	226408080	226402213	0
1	226637751	226631689	0
1	226659671	226656639	0
1	226675068	226656679	0
1	226737459	226648671	0
1	226737664	226648671	0
1	226737664	226707189	0
1	226982150	226982677	0
1	226983035	226983551	5
1	226983634	226983760	0
1	226983855	226984093	6
1	226992225	226992392	24
1	226992611	226993069	15
1	226994981	226989864	14
1	226994981	226989865	14
1	226994981	226993626	0
1	227005112	226994822	0
1	227011064	227004993	0
1	227016198	227004054	0
1	227016198	227004993	0
1	227023348	227016926	0
1	227026153	227023262	0
1	227068702	227051880	0
1	227069854	227047926	0
1	227069854	227051880	0
1	227069854	227059372	0
1	227069854	227068653	1
1	227072300	227047926	0
1	227072300	227059372	0
1	227072300	227068466	0
1	227072300	227069776	3
1	227112423	227100991	0
1	227112800	227111983	4
1	227112914	227112311	1
1	227119938	227112311	0
1	227193935	227160542	0
1	227199653	227193650	0
1	227199653	227193785	0
1	227213220	227199556	0
1	227254156	227213135	0
1	227254156	227219262	0
1	227317048	227254063	0
1	227317183	227254063	0
1	227317715	227254063	0
1	227318126	227254063	0
1	227318475	227254063	0
1	227494637	227493028	0
1	227509556	227509027	0
1	227697935	227696891	0
1	227731748	227732388	104
1	227733028	227731188	95
1	227733028	227731192	91
1	227733028	227731223	87
1	227733028	227731233	86
1	227733682	227732880	123
1	227733682	227732928	129
1	227734033	227733147	139
1	227734033	227733413	144
1	227734372	227733618	121
1	227734378	227730424	90
1	227734817	227733906	89
1	227747192	227743830	0
1	227924401	227918655	0
1	227947899	227925262	0
1	227976280	227975389	0
1	228097263	228097341	20
1	228101474	228100730	6
1	228101474	228100732	7
1	228101915	228101338	0
1	228102166	228101338	2
1	228102166	228101412	2
1	228102166	228101734	4
1	228102383	228101338	4
1	228102383	228102055	5
1	228102383	228102079	5
1	228102561	228100725	1
1	228102561	228101338	0
1	228102561	228102079	1
1	228102561	228102309	0
1	228102689	228101338	2
1	228102689	228102079	0
1	228102689	228102309	0
1	228102689	228102477	0
1	228103003	228102642	0
1	228103050	228102241	0
1	228103050	228102642	0
1	228107870	228106678	17
1	228107870	228106679	17
1	228108085	228107667	48
1	228108138	228107667	41
1	228108138	228107784	49
1	228108276	228106678	33
1	228108319	228107666	56
1	228108319	228107667	56
1	228108319	228107766	53
1	228108319	228107976	56
1	228108322	228107667	52
1	228108322	228107823	52
1	228108322	228107976	52
1	228108326	228107976	51
1	228108475	228107667	51
1	228108475	228107976	58
1	228108475	228108234	61
1	228108509	228108234	73
1	228108574	228108234	89
1	228108643	228108244	92
1	228108745	228108234	89
1	228108898	228108234	61
1	228109005	228107667	57
1	228109017	228108234	61
1	228109017	228108436	60
1	228109022	228108113	51
1	228109022	228108234	61
1	228109022	228108246	63
1	228109022	228108436	60
1	228109026	228108234	61
1	228109032	228108058	53
1	228109032	228108234	61
1	228109032	228108436	61
1	228109037	228108231	61
1	228109056	228108234	61
1	228109255	228108289	55
1	228109279	228108436	50
1	228109281	228108440	53
1	228109284	228108234	54
1	228109291	228108261	55
1	228109291	228108436	53
1	228109296	228108954	35
1	228109297	228108225	55
1	228109300	228108234	55
1	228109300	228108436	58
1	228109300	228108954	35
1	228109301	228108954	35
1	228109303	228108436	58
1	228109307	228108436	58
1	228109313	228108954	30
1	228141289	228141625	40
1	228145625	228146012	16
1	228145625	228146025	16
1	228145625	228146841	10
1	228145625	228146860	10
1	228145650	228146025	16
1	228146068	228146841	6
1	228146068	228146860	6
1	228147545	228147614	12
1	228147545	228147620	12
1	228148285	228148370	1
1	228148457	228148664	5
1	228148540	228148664	5
1	228164849	228164093	1
1	228165513	228164085	1
1	228204434	228203984	0
1	228205448	228204329	0
1	228209765	228204465	0
1	228213647	228205323	0
1	228213661	228203505	0
1	228213665	228212520	0
1	228272222	228273271	0
1	228273548	228273769	0
1	228274049	228274177	0
1	228274842	228275759	0
1	228276047	228274868	0
1	228302999	228295910	0
1	22836850	22835712	0
1	228385017	228384113	0
1	228395807	228396742	9
1	228397048	228393672	6
1	228397048	228393675	6
1	228397048	228394824	7
1	228397048	228395207	7
1	228397166	228395533	3
1	228397166	228396946	6
1	228397690	228396946	1
1	228401195	228397142	4
1	228402162	228397142	4
1	228406187	228396612	7
1	228409276	228407939	0
1	228409276	228408035	0
1	228409412	228408699	0
1	228409412	228409171	0
1	228411177	228409388	0
1	228413893	228410945	1
1	228415000	228413796	0
1	228415078	228413796	0
1	228415114	228413795	0
1	228415114	228413796	0
1	228416030	228413796	0
1	228416628	228414643	0
1	228416647	228414643	0
1	228416653	228414920	0
1	228416654	228414643	0
1	228416665	228414643	0
1	228416758	228414643	0
1	228416862	228414899	0
1	228512005	228510424	0
1	228512005	228510535	0
1	229037425	229022772	0
1	229094906	229092814	0
1	22912600	22913461	0
1	22913565	22913657	19
1	229227563	229223460	0
1	229271004	229258280	4
1	229271029	229269365	0
1	229327007	229321004	0
1	229327007	229321010	0
1	229327007	229321514	14
1	229327559	229323538	1
1	229431863	229431248	0
1	229431903	229431244	0
1	229441021	229440283	0
1	229445003	229440259	0
1	229445003	229441778	0
1	229449191	229444913	0
1	229450606	229449125	0
1	229450752	229449125	0
1	229451071	229448771	0
1	229499819	229498135	0
1	229499819	229499166	0
1	229518876	229516581	2
1	229519104	229517796	1
1	229526117	229521591	0
1	229527309	229525935	0
1	229527309	229526061	2
1	229539592	229531635	0
1	22955427	22953042	0
1	22955427	22953048	0
1	229558696	229549233	0
1	229602920	229593110	0
1	229602920	229593120	0
1	229607836	229606833	4
1	229610211	229599193	1
1	229610211	229602194	2
1	229614483	229610105	2
1	229614486	229610105	2
1	229625971	229614340	1
1	229626039	229614340	1
1	229626048	229614156	1
1	229626048	229614340	1
1	229885753	229875549	0
1	23014025	23010833	0
1	23014046	23010833	0
1	23014095	23010834	0
1	230259764	230258693	0
1	230268484	230259477	0
1	230281894	230280311	265
1	230325416	230314481	0
1	230325416	230323247	0
1	230325416	230323541	0
1	230595584	230592659	0
1	230669536	230671515	2
1	230688144	230688419	0
1	230688144	230688422	0
1	230704338	230702522	0
1	230710854	230705932	0
1	230714298	230709994	0
1	230776991	230776080	0
1	230795138	230776100	0
1	230795493	230710697	0
1	23081574	23082219	0
1	23082367	23083178	12
1	230824708	230823640	0
1	230843858	230837119	0
1	230843897	230837118	0
1	230843897	230839620	1
1	230855719	230843353	0
1	230855719	230843670	0
1	230856135	230843836	0
1	230868654	230855667	0
1	230868916	230843353	0
1	230868916	230868179	0
1	230868999	230868179	0
1	230869317	230868811	0
1	230869571	230868442	0
1	230869590	230868811	0
1	23088059	23020146	0
1	230908792	230906242	0
1	230911550	230908941	0
1	230912759	230911376	0
1	230912759	230911469	0
1	230920595	230912622	0
1	230920595	230916192	0
1	230921505	230920302	0
1	230921505	230920509	0
1	230921507	230920509	0
1	230931473	230928936	0
1	230931878	230931297	0
1	230931878	230931417	0
1	230933862	230931735	0
1	230936265	230933778	0
1	230936638	230933815	0
1	230939497	230933778	0
1	230940557	230933778	0
1	230940557	230936157	0
1	230940557	230939385	0
1	230940557	230939457	0
1	23094381	23084022	3
1	23094381	23084029	3
1	23094381	23090426	83
1	230943899	230940439	0
1	230943899	230940508	0
1	230954404	230933782	0
1	230954404	230940439	0
1	231026067	231019175	0
1	231028733	231019417	0
1	231040247	231018957	0
1	23109128	23091189	0
1	23109128	23093442	0
1	23109128	23094154	0
1	231163091	231163210	0
1	231163720	231163785	0
1	231186174	231184097	0
1	231225524	231223762	9
1	231225524	231224254	10
1	231225923	231224314	10
1	231226493	231225502	8
1	231226826	231223762	5
1	231226826	231225470	4
1	231226826	231226390	23
1	231227069	231226385	10
1	231227069	231226738	5
1	231238894	231229149	0
1	231239189	231226972	2
1	231239189	231229149	1
1	231241091	231238856	3
1	231241168	231238856	5
1	231241171	231238856	5
1	231241179	231238856	5
1	231241188	231236695	2
1	231351572	231352609	17
1	231367637	231363750	3
1	231367637	231366139	7
1	231524548	231522516	0
1	231527416	231522387	0
1	231527416	231522460	1
1	231527416	231524425	0
1	231527793	231527337	0
1	231528297	231527337	0
1	231528502	231527105	0
1	231528557	231527337	0
1	231612091	231591291	0
1	23168818	23091189	0
1	23168846	23109584	0
1	23168859	23109021	0
1	23169025	23109021	0
1	232180114	232174931	0
1	232402474	232397964	0
1	232402474	232397967	0
1	232402474	232398709	0
1	232402767	232399141	0
1	232403572	232402391	0
1	232404179	232403447	0
1	2324144	2321252	0
1	232415626	232403447	0
1	232415871	232403532	0
1	232491063	232483791	0
1	232493661	232490685	0
1	232493661	232490873	0
1	232730782	232727253	0
1	23284485	23281307	0
1	23285455	23284355	0
1	23286546	23283994	0
1	232985553	232984136	0
1	232985885	232984134	1
1	232986541	232983434	1
1	232986541	232984135	0
1	232998439	232984135	0
1	232998439	232986091	0
1	232999380	232998250	0
1	232999628	232998322	0
1	233017155	233014664	0
1	233025400	233016920	0
1	233025633	233017072	0
1	233054484	233016920	0
1	233054484	233025145	0
1	233054690	233025262	0
1	23306504	23303962	2
1	23306633	23303770	3
1	233090191	233057231	0
1	233095864	233089850	0
1	233095864	233090060	0
1	233095864	233090161	0
1	23311067	23306411	9
1	233112967	233095754	0
1	23311323	23304687	13
1	23311323	23309782	411
1	23311323	23309783	411
1	23311323	23309785	398
1	23311323	23309787	398
1	23311323	23310332	365
1	23311323	23310453	369
1	23311323	23310827	2
1	233135189	233095754	0
1	233135191	233065460	0
1	233135191	233095405	0
1	233135191	233095656	0
1	233135191	233095754	0
1	233135191	233112844	0
1	233135191	233125903	0
1	23313602	23311200	0
1	23313703	23311200	0
1	233139837	233135012	0
1	233139856	233134783	0
1	233139856	233135012	0
1	233160308	233139713	0
1	233160426	233139713	0
1	233160434	233139713	0
1	233160434	233139808	0
1	233160434	233139825	0
1	233161364	233139713	0
1	233161364	233160246	0
1	233161364	233160282	0
1	23318689	23313552	11
1	23318689	23313598	17
1	23318698	23313552	7
1	233199031	233179065	0
1	233200192	233198938	0
1	233200265	233198938	0
1	233200265	233198966	0
1	233200265	233199019	0
1	233208611	233200153	0
1	233208690	233200153	0
1	233208690	233201491	0
1	23321664	23313552	3
1	23321664	23318482	3
1	233217932	233200153	0
1	233217932	233208517	0
1	233218185	233208517	0
1	233218185	233208658	0
1	233295714	233262957	0
1	233295728	233295324	7
1	23338550	23337753	0
1	23338609	23337753	0
1	23341009	23338489	0
1	23341018	23338269	0
1	23341018	23338489	0
1	23341021	23338489	0
1	23344296	23338489	3
1	23344337	23338489	3
1	2336549	2324096	0
1	2336549	2332125	0
1	23367169	23359447	0
1	23367169	23359974	0
1	23369325	23371138	1
1	23369443	23367972	0
1	23369514	23371138	1
1	23371210	23371473	2
1	23371210	23371512	2
1	23384418	23381060	0
1	23384418	23383432	0
1	23408727	23397791	0
1	23408727	23403480	0
1	23408727	23404068	0
1	23417391	23408559	0
1	23417391	23408663	0
1	23418010	23417248	0
1	23418299	23417344	0
1	234215089	234212605	0
1	234272501	234268582	0
1	23431126	23428562	0
1	23431126	23429531	0
1	23431126	23429626	0
1	23431126	23429721	0
1	23433273	23431695	0
1	23433533	23431695	0
1	23433533	23433076	0
1	23433533	23433157	0
1	23433533	23433202	0
1	23433694	23433076	0
1	23436969	23436559	0
1	23437045	23436559	0
1	23437321	23436910	0
1	23437321	23436926	0
1	23437321	23436963	0
1	234373594	234372806	29
1	234373841	234374229	8
1	234392553	234391312	0
1	234392553	234391338	0
1	234392553	234391377	0
1	234392553	234391409	0
1	234392725	234391597	0
1	234398554	234393645	0
1	234400903	234398177	0
1	234400949	234393645	0
1	234400949	234398381	0
1	234400949	234400250	0
1	234401217	234398381	0
1	234401263	234393645	0
1	234401263	234398381	0
1	234410532	234405902	0
1	23441474	23441101	0
1	23441720	23441349	0
1	23441731	23441386	0
1	234418234	234410403	0
1	234418234	234410444	0
1	23442613	23431695	0
1	23451529	23442500	0
1	23451529	23442558	0
1	23452772	23442500	0
1	23452772	23451478	0
1	234531182	234527890	0
1	234531182	234529941	0
1	23456027	23452696	0
1	23456195	23455880	0
1	23456195	23455990	0
1	234608095	234607230	309
1	234609526	234604268	123
1	234696154	234669522	0
1	234958079	234957341	0
1	234959917	234957678	0
1	234961567	234959662	0
1	234963127	234961375	0
1	234963189	234961416	0
1	234963828	234959660	0
1	234964000	234959840	0
1	234968491	234959665	0
1	234980805	234979646	0
1	235070311	235065478	0
1	235113911	235109335	23
1	235113911	235112024	23
1	235113911	235112102	23
1	235128937	235122325	4
1	235135771	235131182	5
1	235135771	235131633	6
1	235135771	235131648	6
1	235135771	235131666	7
1	235136074	235135648	5
1	235136074	235135651	5
1	235136115	235135651	2
1	235152766	235148403	2
1	235155113	235148403	0
1	235155113	235152487	0
1	235155113	235152705	1
1	235156682	235154929	0
1	235160648	235154880	3
1	235160648	235156594	0
1	235160648	235160194	3
1	235160963	235155087	6
1	235161068	235154880	3
1	235161068	235160149	7
1	235161068	235160510	10
1	235161172	235160510	6
1	23516528	23506429	0
1	235168653	235161173	6
1	235172765	235166894	0
1	235172765	235167883	0
1	235172765	235168543	0
1	235175400	235172617	0
1	235175644	235172646	0
1	235177914	235175183	0
1	235177914	235176747	0
1	235181185	235177855	0
1	235181866	235181070	2
1	235182794	235177615	0
1	235182794	235177786	0
1	235182794	235177799	0
1	23519131	23516334	0
1	23519397	23516358	0
1	235194078	235181584	0
1	235194212	235180138	0
1	235194212	235181584	0
1	235219969	235196030	0
1	235219969	235213768	0
1	235220546	235219792	0
1	235220546	235219926	0
1	235229386	235224702	0
1	235231190	235228310	0
1	235231190	235229230	0
1	235326969	235260641	0
1	235327488	235326913	0
1	235327864	235326790	3
1	235328135	235326913	3
1	235328169	235326913	3
1	235328197	235326913	3
1	235328218	235326913	3
1	235328220	235326913	3
1	235342347	235342835	91
1	235367367	235366352	0
1	235435841	235436385	0
1	235436451	235436543	0
1	235448441	235448669	39
1	235453147	235449922	0
1	235454316	235453089	0
1	235455685	235454155	0
1	235455685	235454211	2
1	235455685	235454286	0
1	235465715	235455558	0
1	235465715	235458602	0
1	235465800	235458602	0
1	235470931	235465635	0
1	235470961	235463457	0
1	235470961	235464895	0
1	235470961	235465635	0
1	235480150	235470849	0
1	235484516	235478907	0
1	235484516	235480053	0
1	235484671	235480103	0
1	23550916	23549138	2
1	235583849	235547686	0
1	235583849	235550831	0
1	235583849	235551753	0
1	23559020	23557917	3
1	23559076	23557933	2
1	23559444	23558444	24
1	23559795	23558934	4
1	235649994	235595399	0
1	235650755	235583739	0
1	235650755	235595399	0
1	235663079	235661049	0
1	235664056	235661040	0
1	235664056	235661042	0
1	235664056	235661917	0
1	235709309	235702746	0
1	235712198	235709090	0
1	235712401	235709105	0
1	235715358	235712056	0
1	235715358	235713108	0
1	235738008	235733829	0
1	235741629	235734482	0
1	235741629	235737989	0
1	235746528	235743978	0
1	235747332	235746467	0
1	235751363	235746335	0
1	235759600	235757280	0
1	2357599	2336716	0
1	2357599	2355174	0
1	235762852	235758971	0
1	235762852	235759174	0
1	235787374	235781926	0
1	235788846	235787199	0
1	235788849	235787069	0
1	235792126	235788700	0
1	235793613	235788700	0
1	235793613	235791572	0
1	235793613	235791698	0
1	235830425	235812970	0
1	235830425	235828804	0
1	235833668	235829408	0
1	235833668	235830225	0
1	23585319	23576435	0
1	235866877	235833577	0
1	235866921	235833577	0
1	235866925	235833577	0
1	2358716	2357431	1
1	235883617	235833577	0
1	235883641	235833577	0
1	235943806	235942552	0
1	235971826	235957878	0
1	235979108	235975829	0
1	236065110	236048689	0
1	236065163	236048689	0
1	236220966	236215554	0
1	236222011	236220172	0
1	236222011	236220831	0
1	236236399	236235788	0
1	236243496	236236277	0
1	236243496	236236331	0
1	236269995	236253421	0
1	236286961	236285975	0
1	236523625	236523969	0
1	236542788	236542914	24
1	236542788	236543559	14
1	236543041	236543559	11
1	236550281	236540093	14
1	236552108	236549004	31
1	236552108	236550670	10
1	236553740	236551998	2
1	236574334	236572724	1
1	236574776	236573995	3
1	236574904	236574201	5
1	236576378	236574201	1
1	236596045	236595539	0
1	236596977	236595771	0
1	236596977	236595832	0
1	236603377	236599482	2
1	236604128	236602824	1
1	236604128	236603159	1
1	236894558	236895357	0
1	23694792	23695797	117
1	2372592	2358591	0
1	2372592	2358637	0
1	2372592	2371675	0
1	2374558	2371164	0
1	2374558	2372480	0
1	2375879	2374460	0
1	23772167	23760381	0
1	23772167	23771610	0
1	23779482	23779863	3
1	237882550	237877863	0
1	237882847	237882376	0
1	237882847	237882404	0
1	2379228	2378054	0
1	23794326	23794426	13
1	23794326	23794551	20
1	23794326	23794681	26
1	23794601	23794681	35
1	23796266	23795598	10
1	23796266	23795599	10
1	23796266	23795603	10
1	23796266	23795660	10
1	23796587	23796150	1
1	23796783	23796150	1
1	23796783	23796508	4
1	23796943	23796003	10
1	23796943	23796150	4
1	23796943	23796508	10
1	23796943	23796696	12
1	23797148	23796875	2
1	23797872	23797033	2
1	23797872	23797073	2
1	23797872	23797091	2
1	23797872	23797093	2
1	23798226	23797694	5
1	23798231	23797694	5
1	23798731	23797694	6
1	23798731	23797695	6
1	23798731	23798116	6
1	23798731	23798119	6
1	23799013	23798116	5
1	23799013	23798379	6
1	23799013	23798614	3
1	23799013	23798693	3
1	23799114	23798614	6
1	23799437	23798116	4
1	23799437	23798614	5
1	23799437	23798886	4
1	23799534	23798614	4
1	23799571	23798886	3
1	23800753	23798326	0
1	23804526	23801884	0
1	23804526	23801886	0
1	23804526	23801909	0
1	23807286	23806699	0
1	23808216	23803587	0
1	23808324	23804399	0
1	23810800	23808134	0
1	238108568	238107735	0
1	23814322	23810735	0
1	23814339	23809286	0
1	23814339	23810735	0
1	23816762	23813831	0
1	23816771	23808134	0
1	23816771	23814189	0
1	23817534	23816365	0
1	23817584	23816674	0
1	23820594	23808134	0
1	23846174	23845076	1
1	238481682	238476541	0
1	238485897	238480397	0
1	238485897	238480403	0
1	238486039	238480372	0
1	238486045	238481156	0
1	238486045	238485784	0
1	238486054	238480371	0
1	238486055	238485784	0
1	2385066	2374460	0
1	2385066	2374852	0
1	2385066	2379108	0
1	2385122	2374460	0
1	2385159	2374460	0
1	2385898	2374460	0
1	2385898	2384977	0
1	2387530	2385806	0
1	238779201	238777048	0
1	2388317	2387055	0
1	2388338	2387418	0
1	2389997	2388003	0
1	2389997	2388238	0
1	23913363	23870525	0
1	2391672	2388238	1
1	2391688	2388238	1
1	2395649	2395783	1
1	239706497	239703891	0
1	239707523	239706321	0
1	239707761	239706321	0
1	239707761	239706424	0
1	239714265	239707123	0
1	239714265	239707342	0
1	239714265	239707350	0
1	239714265	239707533	0
1	239714265	239707614	0
1	23971624	23966444	66
1	23971624	23967300	90
1	23971624	23967617	95
1	23971624	23969082	69
1	23971624	23970974	92
1	23971627	23964803	52
1	23971627	23966444	66
1	23971627	23967306	92
1	23971627	23970363	89
1	23971627	23970378	89
1	23972013	23966444	20
1	23972013	23967172	77
1	23972013	23971368	66
1	23972013	23971572	52
1	23975052	23971849	5
1	23975053	23971849	5
1	23975078	23971849	5
1	23975081	23971338	5
1	23975081	23971849	5
1	23977653	23971849	2
1	23977938	23974973	0
1	23978253	23977269	0
1	23978274	23971849	6
1	23978274	23974973	1
1	23978818	23974973	4
1	23978818	23977789	3
1	23978818	23977910	3
1	23978947	23978154	4
1	23980332	23971849	12
1	239899873	239898015	0
1	239916956	239915438	0
1	24008520	24007880	0
1	240179476	240177838	0
1	240179645	240177838	0
1	240334119	240334120	0
1	240401124	240400670	0
1	240472127	240472371	0
1	2404892	2404060	83
1	240550379	240549866	0
1	2405835	2404612	112
1	24058980	24056034	0
1	24058980	24056036	0
1	240590749	240588521	0
1	240612150	240489572	0
1	24066002	24064071	0
1	2406620	2403963	60
1	2406620	2404818	3
1	2406620	2404837	2
1	2406620	2405030	2
1	2406896	2406483	2
1	2406896	2406517	3
1	2406956	2406483	1
1	240770903	240771082	0
1	240800722	240775514	0
1	240801509	240775514	0
1	240802994	240775514	0
1	24081851	24083274	0
1	24082189	24081329	0
1	24082715	24082000	0
1	240827173	240816316	0
1	24084133	24056095	0
1	24084640	24082592	0
1	24086828	24081548	0
1	24086828	24084467	0
1	2408859	2406483	0
1	2408859	2406719	1
1	24089666	24086643	0
1	240930769	240870054	0
1	240983130	240870054	0
1	2410005	2408582	0
1	2410452	2406719	1
1	2410452	2408451	0
1	2410452	2408455	0
1	2410452	2408529	0
1	2410452	2408603	0
1	2410452	2408754	0
1	241098763	240983078	0
1	24123424	24119770	0
1	241355777	241098665	0
1	241355827	241098665	0
1	241500591	241497602	2
1	241512144	241508602	0
1	241513677	241511866	0
1	241513714	241511966	0
1	241517317	241513602	0
1	241517317	241513679	0
1	24159183	24154156	0
1	24159183	24157129	0
1	241592121	241590101	0
1	241592150	241593363	0
1	24159634	24157098	0
1	24159634	24158999	0
1	24159634	24159051	0
1	241597998	241592009	0
1	241597998	241593123	0
1	241597998	241593601	0
1	241597998	241594211	0
1	241597998	241594597	0
1	241600654	241597762	0
1	241601179	241597745	0
1	241604580	241597745	0
1	241614165	241597745	0
1	24161685	24159473	0
1	241639250	241635769	4
1	241640211	241615853	43
1	241640255	241628852	33
1	241640255	241635465	11
1	241640255	241635526	9
1	241640341	241604419	3
1	241640356	241597745	0
1	241640362	241604259	0
1	241677377	241597745	0
1	24169602	24161377	0
1	24169602	24161541	0
1	241998621	241995489	0
1	242061086	242060489	0
1	242100783	242082985	0
1	242100783	242088386	0
1	242100783	242088969	0
1	242124666	242113889	0
1	242220116	242124417	0
1	242220116	242124467	0
1	242265434	242235461	0
1	242265449	242219987	0
1	242288531	242219987	0
1	242288531	242265336	0
1	242288531	242265361	0
1	242348243	242265336	0
1	242348243	242288361	0
1	242449426	242348105	0
1	242449457	242348098	0
1	242449483	242348105	0
1	242524404	242288361	0
1	242524404	242348098	0
1	242524404	242348105	0
1	242524519	242348105	0
1	242524672	242348105	0
1	243006679	243005844	0
1	243031377	243029511	0
1	243039493	243031271	0
1	243047826	243031271	0
1	243047870	243039280	0
1	243047876	243038913	0
1	243052253	243047736	0
1	243056395	243054860	0
1	243057422	243056306	0
1	243082126	243078987	0
1	24308316	24307555	0
1	243088233	243081889	0
1	243088233	243087709	0
1	243089380	243087709	0
1	243091597	243087709	0
1	243126495	243125917	33
1	243126699	243126377	21
1	243126739	243125921	24
1	243128301	243124427	0
1	243128301	243124428	0
1	243128301	243124892	0
1	243128301	243125163	0
1	243128301	243126344	0
1	243128301	243126408	0
1	243128301	243126612	0
1	243128856	243126683	1
1	243129440	243128248	1
1	243129454	243128248	1
1	243136232	243129359	0
1	243136232	243129372	0
1	243136305	243129359	0
1	243140075	243135751	0
1	243140108	243136142	0
1	243140364	243136142	0
1	243142464	243139936	1
1	243142464	243139983	1
1	243156348	243139936	2
1	243156456	243139936	1
1	243166117	243142285	0
1	243166117	243142366	1
1	243166117	243156220	5
1	243166573	243164918	37
1	243169755	243164283	0
1	243169755	243165988	0
1	243172847	243169439	0
1	243172847	243169627	0
1	243172847	243169693	0
1	243175189	243172696	0
1	243176817	243172696	0
1	243186073	243172696	0
1	243186073	243172810	0
1	243186410	243172696	0
1	243186423	243172696	0
1	243191495	243172696	0
1	243200681	243199059	1
1	243200815	243200517	1
1	243200836	243200517	0
1	243200836	243200613	1
1	243211965	243200776	0
1	243221814	243211212	0
1	243221814	243211885	0
1	243221814	243211894	0
1	243225322	243221554	0
1	243225322	243221723	0
1	243268120	243267256	0
1	243304778	243305011	0
1	243499787	243488232	0
1	243512427	243499718	0
1	243512427	243499719	0
1	243512427	243499736	0
1	243512427	243501762	0
1	243552944	243545509	0
1	24361042	24356998	0
1	24361042	24356999	0
1	24361042	24357004	0
1	243613740	243572925	0
1	243613740	243612482	0
1	243637743	243615095	0
1	243646038	243637610	0
1	243664884	243645892	0
1	243664884	243645904	0
1	243695717	243664771	0
1	243695717	243687436	0
1	24369840	24360850	0
1	24369840	24369042	0
1	243735117	243695590	0
1	243735748	243734957	0
1	24373811	24368703	0
1	24373811	24369673	0
1	243739614	243702856	0
1	243739614	243735663	0
1	243794401	243793204	0
1	24379824	24373701	0
1	243808235	243735606	0
1	243814683	243695590	0
1	243814731	243788701	0
1	24384004	24379272	0
1	24384004	24379652	0
1	243843237	243695590	0
1	243843283	243695590	0
1	24391680	24379652	0
1	24391680	24383866	0
1	24391680	24383901	0
1	24392068	24391560	0
1	24392072	24391202	0
1	24401332	24391560	0
1	24401457	24383901	0
1	24401457	24391257	0
1	24401457	24391560	0
1	24401457	24391561	0
1	24401457	24391923	0
1	244074031	244068819	0
1	24410780	24401078	0
1	24410818	24401318	0
1	24413726	24401318	0
1	24413773	24401318	0
1	24415098	24401318	0
1	24416154	24401318	0
1	24416596	24414910	3
1	24416935	24401318	1
1	244376464	244375099	0
1	244408761	244376390	0
1	244409593	244408711	105
1	244411437	244408493	0
1	244416079	244411286	0
1	244416079	244411366	0
1	244418915	244417627	0
1	244419274	244417627	0
1	244420297	244418759	0
1	244420297	244418893	0
1	24464121	24466003	0
1	244842059	244842194	4
1	244842059	244842198	4
1	244842059	244843040	4
1	244842259	244843040	4
1	244845345	244840686	12
1	244845345	244843123	58
1	244846707	244840637	9
1	244846707	244845199	3
1	244846707	244845246	3
1	244846707	244845251	3
1	244847054	244846603	3
1	244847102	244846603	2
1	244848857	244846603	3
1	244848890	244843767	2
1	244854504	244845246	25
1	244854504	244848787	23
1	244854749	244840637	0
1	244855045	244846603	19
1	244855045	244846624	19
1	244855045	244848787	19
1	244855045	244850296	19
1	244855045	244850299	19
1	244855045	244853405	25
1	244855045	244853417	28
1	244855045	244853466	97
1	244855045	244853689	60
1	244855045	244853695	26
1	244855045	244853751	26
1	244855045	244853938	21
1	244855045	244854197	19
1	244855045	244854205	19
1	244855598	244854972	22
1	244855609	244853981	11
1	244855609	244854199	20
1	244855609	244854972	12
1	244856058	244855423	15
1	244856097	244855003	16
1	244856159	244855423	15
1	244856159	244855525	91
1	244856626	244854205	17
1	244856626	244855423	12
1	244856626	244855903	7
1	244856851	244855903	4
1	244856857	244856282	4
1	244856857	244856456	6
1	244857228	244855903	6
1	244857718	244856727	6
1	244858081	244857597	8
1	244858275	244854189	5
1	244858275	244857261	6
1	244858275	244857597	6
1	244858836	244858010	1
1	244858842	244858010	1
1	244858842	244858018	1
1	244858842	244858164	1
1	244859375	244858010	1
1	244859375	244858047	0
1	244859375	244858728	0
1	244860019	244856727	1
1	244862382	244858728	2
1	244970044	244970328	0
1	245124451	245123470	0
1	245214207	245206443	0
1	24535370	24535782	12
1	24552049	24538801	0
1	245615146	245614772	0
1	245676479	245673731	1
1	245764150	245749341	0
1	245764150	245749350	0
1	245788943	245764040	0
1	245814412	245749366	0
1	245814416	245764040	0
1	245858648	245749350	0
1	245858671	245764040	0
1	245858671	245814341	0
1	245863887	245858495	0
1	245863887	245858497	0
1	245863887	245858561	0
1	245915641	245863798	0
1	245915641	245863808	0
1	245928034	245863798	0
1	245929938	245927930	0
1	245930824	245927930	0
1	245953356	245929869	0
1	245988539	245929869	0
1	245988563	245929869	0
1	246096424	245929869	0
1	246186943	245929869	0
1	246193728	246186742	0
1	246306010	245929869	0
1	246322439	246321662	0
1	246327338	245929869	0
1	246327338	245929897	0
1	246327338	246052556	0
1	246327338	246325812	4
1	246330538	246326763	1
1	246330538	246327200	0
1	246330538	246327332	0
1	24646790	24647078	8
1	24646790	24648858	6
1	24647209	24648023	6
1	24647209	24648858	3
1	24648167	24648858	0
1	246483766	246355030	0
1	246507145	246355030	0
1	246507233	246355030	0
1	246507258	246355030	0
1	246507313	246355030	0
1	246510192	246509037	0
1	246516828	246514425	0
1	246517258	246516719	0
1	246517780	246516038	0
1	24652621	24652621	14
1	246544682	246540559	0
1	246632479	246632250	0
1	246634011	246634472	0
1	24669588	24670119	18
1	24670274	24670275	38
1	246776254	246771836	0
1	246776269	246776978	0
1	246776685	246776062	0
1	246776685	246776228	0
1	246777041	246776539	0
1	246777441	246776933	0
1	246780570	246778812	0
1	246781058	246780294	0
1	246781058	246780476	0
1	246781686	246780948	0
1	246782648	246781589	0
1	246786101	246780294	0
1	246786101	246780948	0
1	246789662	246786975	0
1	246789732	246786975	0
1	246790795	246789586	0
1	246790847	246792056	0
1	246791196	246792056	0
1	246792332	246790670	0
1	246794308	246792276	0
1	246820881	246815246	0
1	246839612	246829900	0
1	246842777	246839097	7
1	246842777	246839111	7
1	246842777	246840961	7
1	246843929	246839097	9
1	246851443	246843794	4
1	246852039	246849870	45
1	246853300	246849614	2
1	246862154	246860898	1
1	246864117	246861958	2
1	246864299	246861957	2
1	246967793	246945546	0
1	246967793	246945548	0
1	246967793	246945618	0
1	246967793	246945674	0
1	246967793	246945677	0
1	246980005	246967694	0
1	246988256	246967661	0
1	246988256	246967694	0
1	246988256	246979839	0
1	246996182	246988120	0
1	246999441	246967694	0
1	246999441	246985322	0
1	246999441	246988120	0
1	246999441	246988124	0
1	247008027	246988120	0
1	247038871	247036783	2
1	247078737	246999947	0
1	247078756	247039410	0
1	247078812	246999947	0
1	247086068	247085388	0
1	247101792	247099961	36
1	247101792	247099990	51
1	247101792	247100855	1
1	247102114	247101050	6
1	247102114	247101289	7
1	247138758	247123502	0
1	247149951	247138715	0
1	247159067	247121974	0
1	247159067	247138144	0
1	247159067	247155900	1
1	247159067	247156419	0
1	247159067	247156916	0
1	247199460	247189850	0
1	247200194	247199360	0
1	247200194	247199398	0
1	247202096	247200066	5
1	247209494	247200067	0
1	247210815	247201567	3
1	247210823	247201567	3
1	247210857	247202015	0
1	247211665	247210690	0
1	247241824	247212174	0
1	247308589	247297411	2
1	247308589	247298200	10
1	247313853	247297411	8
1	247328867	247323153	0
1	247329246	247328682	0
1	247329569	247328727	9
1	247329616	247328675	9
1	247329616	247328682	10
1	247418291	247418756	3
1	247452246	247449117	0
1	247452442	247452119	0
1	247455065	247449117	0
1	247455065	247452324	0
1	247458009	247454952	0
1	247458106	247449117	0
1	247458106	247454952	0
1	247526747	247524678	0
1	247528423	247526369	0
1	247530805	247528356	0
1	247533837	247524676	0
1	247533879	247524676	0
1	247536441	247524676	0
1	247635936	247565638	0
1	247635936	247565907	0
1	247679740	247670811	0
1	247713955	247711435	0
1	247713955	247711812	0
1	247716647	247711435	0
1	247723455	247722956	0
1	247723762	247723352	0
1	247723765	247713890	0
1	247760557	247754845	0
1	247819178	247814659	0
1	248087523	248083521	0
1	248277977	248269916	0
1	248301554	248290138	0
1	24842588	24844128	746
1	248485485	248484244	0
1	248562773	248556911	0
1	248562916	248563188	0
1	248597701	248590486	0
1	248635092	248623556	0
1	248645279	248636355	0
1	248651573	248649837	0
1	248655529	248649837	0
1	248722206	248718648	0
1	248745280	248721269	0
1	248745280	248739414	0
1	248813163	248810450	12
1	248813163	248810451	12
1	248814174	248810445	18
1	248816663	248814448	16
1	248816663	248814710	9
1	248816847	248816029	8
1	248816885	248816533	1
1	248826634	248824752	0
1	248850782	248850005	1
1	248850782	248850007	1
1	248850782	248850008	1
1	248850782	248850023	1
1	248850782	248850041	6
1	248850782	248850044	6
1	248850782	248850065	7
1	248850782	248850376	1
1	248850782	248850383	1
1	248854052	248850281	3
1	248855459	248853936	0
1	248855636	248855379	0
1	248855636	248855383	0
1	248855944	248855379	2
1	248855944	248855557	11
1	248855947	248855379	2
1	248855947	248855557	11
1	248856087	248855557	0
1	248856423	248855379	0
1	248856423	248855557	1
1	248856423	248855724	1
1	248856423	248855727	1
1	248856423	248855781	1
1	248856563	248855557	0
1	248856563	248855594	2
1	248856563	248855724	3
1	248856563	248856287	3
1	248856563	248856372	7
1	248857437	248856513	9
1	248857498	248856513	6
1	248857498	248856514	6
1	248857638	248856513	8
1	248857773	248857233	1
1	248857860	248856513	3
1	248857860	248857233	3
1	248857860	248857312	1
1	248857860	248857364	0
1	248857885	248856513	3
1	248858018	248857233	3
1	248858018	248857272	3
1	248858035	248857390	3
1	248858035	248857468	3
1	248858066	248856513	8
1	248858120	248857233	4
1	248858322	248857233	4
1	248858322	248857556	4
1	248858322	248857568	4
1	248858322	248857651	4
1	248858322	248857668	7
1	248858322	248857827	5
1	248858325	248857827	5
1	248858420	248857827	8
1	248858530	248857827	4
1	248858696	248857609	7
1	248858714	248857233	5
1	248858861	248858130	5
1	248859019	248858130	3
1	248859034	248857974	5
1	248859066	248858130	0
1	248859067	248857439	5
1	248859068	248858130	0
1	248859069	248858130	0
1	248859072	248858130	0
1	248859073	248858130	0
1	248859084	248858130	2
1	248859086	248858130	0
1	248859117	248858130	2
1	248859145	248857864	3
1	24907418	24899510	0
1	24907418	24899517	0
1	24907418	24901028	0
1	24907418	24902571	0
1	24927731	24919239	0
1	24929853	24927573	0
1	24929878	24927573	0
1	2493259	2492299	0
1	2494480	2493436	0
1	24964580	24929736	0
1	24964669	24929586	0
1	24965011	24929586	0
1	2498648	2498743	0
1	2499721	2502111	0
1	2499721	2503616	0
1	2502410	2503616	0
1	2502410	2503921	0
1	2502911	2503616	0
1	2503644	2503921	0
1	2509931	2508532	0
1	2509931	2508536	0
1	2509931	2508794	0
1	2510158	2509792	0
1	2510158	2509861	0
1	25103972	25043706	0
1	2510749	2510056	0
1	2510783	2510056	0
1	25113120	25103852	0
1	25113121	25110457	0
1	2511388	2510056	0
1	2511388	2510292	0
1	2511388	2510677	0
1	2513014	2511627	0
1	2513040	2511627	0
1	2514086	2512405	0
1	2514090	2512887	0
1	2514467	2514001	0
1	2515402	2514432	0
1	2515718	2514353	0
1	2515938	2514412	0
1	2519296	2518515	0
1	2519325	2518515	0
1	2519955	2519142	0
1	2519955	2519203	0
1	2520902	2520321	2
1	2520907	2520321	0
1	2521316	2520321	0
1	2521316	2520722	0
1	2521801	2520722	0
1	2521801	2521100	0
1	2521801	2521144	0
1	2521801	2521260	0
1	2521942	2520839	0
1	25225101	25222678	4
1	25225101	25222964	5
1	25229124	25228117	0
1	25232212	25228117	0
1	25232212	25228997	0
1	25232433	25229014	0
1	25232487	25232103	12
1	25232494	25232103	12
1	25232503	25230308	0
1	25242706	25242248	18
1	25242706	25242254	18
1	25242706	25242290	17
1	25242706	25242362	17
1	25243634	25242236	1
1	25243634	25242254	1
1	25243634	25242277	1
1	25243634	25242538	5
1	25243655	25242538	6
1	25244106	25242538	7
1	25244225	25242254	5
1	25244225	25242255	5
1	25244499	25242254	3
1	25244499	25243549	6
1	25245209	25244070	6
1	25245302	25242248	0
1	25245302	25242254	0
1	25245302	25243549	3
1	25245302	25244453	5
1	25246017	25245149	0
1	25246536	25245149	0
1	25246593	25244998	0
1	25246628	25244176	5
1	25246641	25245149	2
1	25247030	25243549	2
1	25247030	25244071	3
1	25247030	25245149	5
1	25247447	25246443	4
1	25247455	25246443	4
1	25247458	25246443	4
1	25247520	25246443	2
1	2526188	2521717	0
1	2526576	2521100	0
1	2526597	2521100	0
1	2526597	2521717	0
1	2526598	2521366	0
1	2526629	2521717	0
1	25267137	25266101	0
1	25267886	25253113	0
1	25267916	25246576	0
1	2530012	2528744	0
1	25306950	25304682	0
1	25318272	25304795	0
1	25337219	25335845	0
1	25337234	25304386	0
1	25337402	25318062	0
1	25337412	25306895	0
1	25337466	25336428	0
1	25338101	25246675	0
1	25338166	25246443	0
1	25338191	25335367	0
1	25338214	25246694	0
1	25370541	25362248	0
1	25370541	25362307	0
1	25370541	25362311	0
1	25370541	25362358	0
1	25370541	25362362	0
1	25370541	25362430	0
1	25370541	25362522	0
1	25385845	25370466	0
1	25385845	25375348	0
1	25389114	25370466	0
1	25389114	25375348	0
1	25389114	25385497	0
1	25389114	25385710	0
1	25402703	25375348	0
1	25402747	25375348	0
1	25402747	25385710	0
1	25402747	25388975	0
1	25402747	25391993	0
1	25408870	25402595	0
1	25420797	25402595	0
1	2550732	2549919	0
1	2551599	2550073	0
1	2552107	2550572	0
1	2552704	2549919	0
1	2554151	2550282	0
1	2554246	2549919	0
1	2554297	2553625	0
1	2555870	2554240	0
1	25563792	25565172	0
1	25563792	25565175	0
1	25564762	25565172	0
1	2556697	2554100	0
1	2557032	2556427	0
1	2558469	2558880	0
1	2558469	2559822	0
1	2560715	2561493	0
1	2561816	2562864	0
1	2561958	2562864	0
1	2562897	2563147	0
1	25659112	25644543	0
1	25817714	25816748	302
1	25817714	25816749	302
1	25818425	25817561	165
1	25819744	25818222	1
1	25819773	25818402	2
1	25823129	25823237	7
1	25823129	25823239	7
1	25823129	25823345	9
1	25823129	25823620	9
1	25823129	25823643	13
1	25823324	25823643	17
1	25823440	25823643	11
1	25826412	25826614	5
1	25835847	25831912	1
1	25837548	25834005	0
1	25837555	25834005	0
1	25837555	25835021	1
1	25871254	25861209	0
1	2588454	2588529	0
1	2588454	2588549	2
1	2588626	2588921	2
1	2588626	2588953	2
1	25892608	25884180	0
1	25901683	25885439	0
1	25901683	25900101	9
1	25901683	25900117	9
1	25901683	25900594	9
1	25901683	25900740	9
1	25903814	25900567	13
1	25903814	25901406	10
1	25903814	25901490	8
1	25903814	25901611	12
1	25904739	25901490	4
1	25906418	25904663	0
1	25906467	25904663	0
1	25906992	25904663	0
1	2591634	2590638	23
1	2591634	2590642	23
1	2591634	2590925	10
1	2592028	2591556	0
1	2592679	2591556	0
1	2592721	2591931	0
1	2592869	2591693	0
1	2592880	2591693	0
1	2592967	2592654	0
1	25972713	25959766	0
1	25972713	25960769	2
1	25982478	25976681	0
1	25984088	25982363	0
1	25984088	25982364	0
1	25984110	25982403	0
1	25984529	25983945	0
1	25984529	25983955	0
1	25984529	25984001	0
1	26031265	26031459	0
1	26039912	26037251	0
1	26039912	26038021	0
1	26043552	26042548	0
1	26044445	26043397	0
1	26044445	26043438	0
1	26045218	26043397	0
1	26053965	26051303	0
1	26061335	26060265	0
1	2606367	2605557	0
1	26066441	26061165	0
1	26066441	26061243	0
1	2607070	2606247	0
1	2607070	2606280	0
1	2609420	2603883	0
1	261635	257912	0
1	26165924	26164160	0
1	26166119	26165707	0
1	26166119	26165825	0
1	26170184	26170417	32
1	26170481	26170574	29
1	26170599	26169946	39
1	26170814	26170179	57
1	26171336	26169515	27
1	26171336	26170324	32
1	26171336	26170537	32
1	26171374	26170193	45
1	26171666	26171155	18
1	26171690	26171155	19
1	26171822	26171155	19
1	26171832	26170490	17
1	26184142	26184213	0
1	26188308	26188441	0
1	26219525	26218580	0
1	26280933	26281057	64
1	26282790	26281327	2
1	26282790	26282280	4
1	26282790	26282281	4
1	26282790	26282283	4
1	26282790	26282304	4
1	26285542	26282863	1
1	26285542	26284141	0
1	26285542	26284361	1
1	26286038	26284361	1
1	26286038	26285459	1
1	26286038	26285463	1
1	26294332	26285822	0
1	26294332	26285875	0
1	26294332	26285942	0
1	26296996	26285822	0
1	26296996	26294191	0
1	26296996	26294204	0
1	26297482	26285822	0
1	26297482	26294204	0
1	26297482	26296918	0
1	26297482	26296946	0
1	26301025	26285822	0
1	26322324	26321697	0
1	26322324	26321858	0
1	26322324	26321876	0
1	26322324	26321962	0
1	26324311	26322163	0
1	26324982	26324151	0
1	26325121	26324151	0
1	26328333	26324151	0
1	26328333	26324210	0
1	26328874	26328208	0
1	2632980	2629757	0
1	2632991	2629330	0
1	26331619	26328608	0
1	26331619	26328733	0
1	26336208	26331488	0
1	26336208	26331584	0
1	26336208	26331593	0
1	26336733	26336337	0
1	26336981	26336465	0
1	26336981	26336605	0
1	26342884	26339289	0
1	26343160	26342753	0
1	26346713	26343245	0
1	26346713	26345354	0
1	26354097	26346612	0
1	26354131	26343744	0
1	26354786	26343744	0
1	26356523	26346458	0
1	26362176	26361633	0
1	26362176	26361634	0
1	26363155	26361636	0
1	26365227	26363025	0
1	26367648	26364932	0
1	26367798	26364531	0
1	26367798	26364721	0
1	26367798	26364736	0
1	26367798	26364978	0
1	26367798	26364979	0
1	26368586	26364973	0
1	26428588	26429095	0
1	2644479	2635975	0
1	2644479	2641367	0
1	26463434	26462755	0
1	26472563	26472607	243
1	264734	257863	0
1	26473528	26473702	7
1	26473528	26474084	8
1	26473586	26473702	7
1	26473733	26474084	11
1	26473818	26474084	8
1	26474668	26475112	3
1	26571926	26572175	0
1	26574198	26574376	94
1	26763176	26763177	2
1	26763208	26763208	2
1	26766367	26766456	0
1	26771327	26772499	5
1	26773497	26773579	2
1	26774770	26774770	27
1	26794207	26794802	18
1	268205	258523	0
1	268205	261549	0
1	26853826	26856184	15
1	26856263	26856847	0
1	26876311	26878117	8
1	268817	263014	0
1	268817	267302	0
1	26884291	26876132	4
1	26884291	26879375	4
1	26884291	26879500	3
1	26886134	26884159	2
1	26886134	26884232	2
1	26886342	26884159	4
1	26886526	26885972	4
1	26888941	26886041	7
1	26889126	26885972	7
1	26892539	26890488	0
1	26892539	26891056	0
1	26892792	26890487	0
1	26913967	26911488	0
1	26945474	26945567	10
1	26950757	26949561	0
1	26950757	26949564	0
1	27012837	27005019	0
1	27099683	27098815	31
1	27101276	27098814	1
1	27101276	27100344	1
1	27106088	27103222	2
1	27107866	27105450	3
1	27107866	27105884	3
1	27114287	27109526	0
1	27154362	27114232	0
1	27154599	27113825	0
1	27154911	27113825	0
1	27233603	27229105	0
1	27303796	27305000	0
1	27303796	27305058	0
1	27306451	27306707	46
1	27307444	27308169	74
1	27333436	27333957	0
1	27334282	27334666	0
1	27334282	27335378	1
1	27334755	27335378	1
1	27349499	27349651	0
1	27349766	27349971	0
1	27350133	27350388	0
1	27350486	27350793	2
1	27350486	27351257	2
1	27350953	27351257	0
1	27351556	27353282	0
1	27355746	27355185	0
1	27355746	27355188	0
1	27355746	27355355	0
1	27355746	27355390	0
1	27356100	27355183	0
1	27356750	27356387	0
1	27357115	27356589	0
1	27357168	27356387	0
1	27357577	27357008	0
1	27357615	27356589	0
1	27357809	27357160	3
1	27357877	27357399	0
1	27370731	27369111	0
1	27370973	27370472	0
1	27370973	27370595	0
1	27373679	27370842	0
1	27374010	27373135	0
1	27374010	27373487	0
1	27374452	27373964	0
1	27374806	27373529	0
1	27374825	27374355	0
1	27380196	27379175	0
1	27381825	27379175	0
1	27381825	27380050	0
1	27382400	27381779	0
1	27382668	27381775	0
1	27382668	27382327	0
1	27410207	27404225	8
1	27412728	27408196	0
1	27490052	27428760	0
1	27490159	27428760	0
1	27552190	27534034	5
1	27552190	27534272	5
1	27552190	27534302	5
1	27552190	27534660	6
1	27552190	27534684	5
1	27552190	27550868	5
1	27552190	27551667	5
1	27552930	27547260	7
1	27552930	27552038	6
1	27553186	27552495	2
1	27553186	27552891	2
1	27553291	27552891	2
1	27553305	27552891	2
1	27553546	27552772	4
1	27558362	27553073	2
1	27558531	27552891	2
1	27558531	27553073	1
1	27558531	27553140	1
1	27558531	27553298	1
1	27558884	27552891	2
1	27558884	27553073	2
1	27558884	27553140	2
1	27558884	27553145	2
1	27558884	27553225	1
1	27558884	27558304	2
1	27558884	27558328	0
1	27568261	27558705	0
1	27603415	27558705	0
1	27603480	27558705	0
1	27603492	27558705	0
1	27603492	27558813	0
1	27603495	27558705	0
1	27603593	27558705	0
1	27603633	27558705	0
1	27603634	27558705	0
1	27603864	27558705	0
1	27613351	27612063	0
1	27613351	27612291	0
1	27613351	27612299	0
1	27613351	27612668	0
1	27615614	27614849	0
1	27615845	27615433	0
1	27615845	27615513	0
1	27623930	27623041	0
1	27624063	27623041	0
1	27625152	27623383	0
1	27625152	27623406	0
1	27625152	27623690	0
1	27662723	27660327	0
1	27668376	27666060	0
1	27668376	27666063	0
1	27668376	27666065	0
1	27672179	27669220	0
1	27672199	27669232	0
1	27672219	27669244	0
1	2783776	2645292	0
1	27850415	27851539	11
1	2786024	2783608	0
1	27882078	27882512	0
1	27882126	27882512	0
1	27892248	27891537	90
1	27894107	27891523	0
1	27894107	27891923	2
1	27894107	27892072	4
1	27894107	27892148	4
1	27897086	27894289	0
1	27897122	27894289	0
1	27897708	27897004	0
1	27955851	27938874	0
1	27956093	27955770	0
1	27958941	27956008	0
1	27960194	27958852	0
1	27978475	27970343	0
1	27978475	27970346	0
1	27978475	27973467	0
1	27978475	27977272	0
1	27988657	27978373	0
1	27989812	27988472	0
1	27989812	27988478	0
1	27989812	27988534	0
1	27993561	27989696	0
1	28011084	28004335	0
1	28011087	28004335	0
1	28013295	28004335	0
1	28013295	28010795	0
1	28013295	28010946	0
1	28035680	28017153	0
1	28035681	28017153	0
1	28035681	28027788	0
1	28038906	28017153	0
1	28121322	28120448	0
1	2812693	2811849	0
1	2814999	2814431	0
1	28176674	28147165	0
1	28177189	28147165	0
1	28193874	28149672	0
1	28200233	28199455	0
1	28201371	28200152	321
1	28203823	28200277	0
1	28203823	28200558	0
1	28203823	28201255	0
1	28205350	28203746	0
1	28205351	28203746	0
1	28208414	28205257	0
1	28208810	28205257	2
1	28210638	28209971	10
1	28214997	28210159	2
1	28214997	28210232	2
1	28214997	28210570	1
1	28236453	28237760	64
1	28236453	28237836	69
1	28335087	28335793	30
1	28497272	28499419	9
1	28527228	28526317	1
1	28553138	28553639	0
1	28553308	28553639	0
1	28560733	28560867	0
1	28560733	28561112	0
1	28560733	28561345	0
1	28561261	28561345	0
1	28579588	28578537	11
1	28579588	28578538	11
1	28579588	28578540	11
1	28579588	28578545	11
1	28579588	28578590	12
1	28579982	28578537	13
1	28579982	28578538	13
1	28579982	28579009	13
1	28579982	28579532	13
1	28580186	28579532	21
1	28580647	28578537	14
1	28580647	28579532	13
1	28580647	28579911	10
1	28580647	28579941	11
1	28581011	28579911	6
1	28581230	28578537	14
1	28581230	28579532	5
1	28581230	28579843	7
1	28581230	28580334	2
1	28581230	28580559	4
1	28581624	28581093	2
1	28581696	28581110	2
1	28581819	28581093	2
1	28581854	28580424	2
1	28581854	28581093	2
1	28581858	28581110	2
1	28581868	28581093	2
1	28581872	28579532	4
1	28581872	28580559	3
1	28581874	28579532	4
1	28581874	28579911	2
1	28581874	28581110	2
1	28581879	28581093	2
1	28582984	28581110	0
1	28582987	28581110	0
1	28590387	28589322	0
1	28605461	28590276	0
1	28605461	28602849	0
1	28605461	28603100	0
1	28613362	28605371	0
1	28618031	28613246	0
1	28736810	28737046	5
1	28737148	28737657	77
1	28862834	28862977	0
1	28872489	28870482	0
1	29065159	29065683	0
1	29096605	29097806	0
1	29122502	29119433	13
1	29123936	29119427	12
1	29146491	29144493	0
1	29150193	29147742	0
1	29150193	29147852	0
1	29154911	29148670	2
1	29154911	29150102	0
1	29159487	29154695	3
1	29159487	29154696	3
1	29159487	29154735	4
1	29159541	29154871	1
1	29159552	29154474	1
1	29160059	29159383	0
1	29160092	29159373	0
1	29160518	29154695	0
1	29160518	29159373	3
1	29160564	29159373	4
1	29166065	29159373	2
1	29173495	29166728	0
1	29181883	29160374	2
1	29181891	29168502	0
1	29181988	29160374	0
1	29196014	29192872	0
1	29196014	29193816	0
1	29196014	29193873	0
1	29196043	29193810	0
1	29196259	29194031	0
1	29196259	29195940	3
1	29196259	29195943	3
1	29196259	29195946	3
1	29200590	29195940	0
1	29200590	29196141	0
1	29200590	29196197	0
1	29201519	29200515	0
1	29202046	29200323	0
1	29202046	29200515	0
1	29202046	29201373	0
1	29203171	29201942	0
1	29203202	29201942	0
1	29203234	29201942	0
1	29206829	29203130	0
1	29206906	29201942	0
1	29206906	29202016	0
1	29206906	29203130	0
1	29206906	29203141	0
1	29206906	29203215	0
1	29216030	29206761	0
1	29216137	29206761	0
1	29216137	29206773	0
1	29216614	29216004	0
1	29216686	29216004	0
1	29216686	29216036	0
1	29216813	29216004	0
1	29216813	29216092	0
1	29220913	29216587	0
1	29220922	29216004	0
1	29220922	29216587	0
1	29221201	29220882	0
1	29223261	29216587	0
1	29223261	29220716	0
1	29223261	29220837	0
1	29223550	29220837	0
1	29229055	29216600	0
1	29230407	29220833	0
1	29230895	29216587	0
1	29230898	29220837	0
1	29230902	29223139	0
1	29230907	29223139	0
1	29230916	29220837	0
1	29230925	29216587	0
1	29230933	29216587	0
1	29230943	29223139	0
1	29333309	29329619	0
1	29496894	29488192	0
1	2962101	2960657	0
1	2962101	2961017	0
1	29709548	29708850	1
1	30015296	30013951	0
1	30411080	30409559	0
1	3060284	3059614	0
1	3060284	3059616	0
1	3060605	3059616	0
1	3060605	3060229	0
1	3061332	3059616	0
1	3061332	3060229	0
1	3061332	3060500	0
1	3061752	3061106	0
1	3061814	3061106	0
1	3062033	3060500	0
1	3062396	3061958	0
1	3063683	3061288	0
1	3063787	3061590	0
1	3064056	3060500	0
1	3064303	3061106	0
1	3067770	3064071	0
1	3068049	3064211	0
1	30714328	30711276	0
1	30715310	30713766	0
1	30715310	30714246	0
1	30716136	30715156	0
1	30716326	30715156	0
1	30716916	30715908	0
1	30716916	30716025	0
1	30719233	30720976	0
1	30721752	30718734	0
1	30723588	30721404	0
1	30735266	30732468	0
1	30735266	30733888	0
1	30739938	30738939	0
1	30741717	30739808	0
1	30742550	30741639	0
1	30746230	30742455	0
1	30757758	30741688	0
1	30757821	30742455	0
1	30815554	30810377	0
1	30874589	30869466	0
1	30874589	30873134	0
1	30877166	30874296	0
1	30878741	30874296	0
1	30878741	30876551	0
1	30878741	30876766	0
1	30879013	30878675	0
1	30881430	30878622	0
1	30908762	30878622	0
1	30936836	30931505	8
1	30936836	30932058	14
1	30936836	30932825	20
1	30936836	30932843	21
1	30936836	30932849	20
1	30936836	30933079	19
1	30936836	30933304	20
1	30941273	30936642	3
1	30941273	30936721	3
1	30941273	30936723	3
1	30945484	30941150	1
1	30945484	30941997	1
1	30950262	30941150	0
1	30950262	30941997	0
1	30950262	30945345	5
1	30950262	30945400	4
1	30952364	30945345	0
1	30964911	30953713	1
1	30966198	30964673	9
1	30966279	30953713	3
1	30966279	30964673	7
1	30966381	30964887	6
1	30967311	30964673	7
1	30967311	30965981	5
1	30967311	30966015	5
1	30967311	30966146	7
1	30968493	30967098	7
1	30968493	30967166	13
1	30968493	30967224	13
1	30974803	30968353	1
1	30974860	30968296	0
1	30980134	30974650	2
1	30980164	30974648	1
1	30980164	30974650	0
1	30980167	30974650	0
1	30980179	30974650	0
1	30981406	30974650	0
1	30981406	30980061	1
1	30982146	30981311	0
1	30992661	30981311	0
1	30995060	30992389	0
1	30995105	30992389	0
1	30995221	30992389	0
1	30995221	30992440	0
1	31006032	30995053	0
1	31006032	30995181	0
1	31007103	30981337	0
1	31028865	30981311	0
1	31028865	30995053	0
1	31028865	31006993	0
1	31055381	31028795	0
1	31059578	31028757	0
1	31059578	31028795	0
1	31059578	31055312	0
1	31061917	31059278	0
1	31065677	31059298	0
1	31065684	31059203	0
1	31065685	31059203	0
1	31065696	31028795	0
1	31065696	31059203	0
1	31065696	31059298	0
1	31065699	31059203	0
1	31065705	31059203	0
1	31065727	31059203	0
1	31065786	31059203	0
1	31065992	31059203	0
1	31095559	31094986	0
1	31181677	31180539	2
1	31181942	31179744	0
1	31181942	31181588	0
1	31182591	31181859	0
1	31184015	31182529	0
1	31184015	31182550	0
1	31185328	31183816	0
1	31188154	31183816	0
1	31188188	31185246	0
1	31188397	31185162	0
1	31261078	31259785	0
1	31261633	31259567	0
1	31261633	31259673	0
1	31261633	31259709	0
1	31261823	31259672	2
1	31267933	31261528	0
1	31271500	31269157	0
1	31281497	31271207	0
1	31281497	31271378	0
1	31282484	31271378	0
1	31293349	31291912	0
1	31296771	31293218	0
1	31296783	31292843	0
1	3133710	3132926	0
1	31337203	31333066	0
1	31367495	31365624	0
1	31367495	31365712	0
1	31367495	31365720	0
1	31367495	31365890	0
1	31506407	31507295	0
1	31506407	31507433	0
1	31507582	31507715	0
1	31522726	31522830	0
1	31572304	31571584	2
1	31583242	31583460	3
1	31583576	31584677	5
1	31585037	31585150	16
1	31585486	31585752	7
1	31585877	31586709	11
1	31632639	31629861	0
1	31632639	31630339	1
1	31632639	31630448	1
1	31632639	31630788	2
1	31633315	31632494	0
1	31634944	31633274	0
1	31635261	31633158	0
1	31635523	31633158	0
1	31635523	31633239	0
1	31635523	31633263	0
1	31644897	31633158	0
1	31653677	31652246	0
1	31653677	31652510	0
1	31653677	31652587	0
1	31654044	31653598	0
1	31654044	31653603	0
1	31656445	31655313	0
1	31657069	31655313	0
1	31657069	31656097	0
1	31657069	31656399	0
1	31658578	31657032	0
1	31660639	31658913	0
1	31661120	31660584	0
1	31661120	31660587	0
1	31666082	31665881	0
1	31666160	31665881	0
1	31666386	31665881	0
1	31667629	31666036	0
1	31668219	31667574	0
1	31668219	31667581	0
1	31672503	31671614	0
1	31672638	31672415	0
1	31672638	31672429	0
1	31679686	31675257	0
1	31679852	31679631	0
1	31680102	31679229	0
1	31680102	31679631	0
1	31683749	31683333	0
1	31684004	31683706	0
1	31684004	31683707	0
1	31684232	31683949	0
1	31684631	31683949	0
1	31684631	31684108	0
1	31684631	31684109	0
1	31685771	31684820	0
1	31686136	31685638	0
1	31686136	31685681	0
1	31688972	31688466	0
1	31689086	31688860	0
1	31698607	31697905	1
1	31699931	31698482	1
1	31699931	31698489	1
1	31728082	31727116	0
1	31728082	31727117	0
1	31728082	31727169	0
1	31728082	31727194	0
1	31728278	31728024	0
1	31728281	31727116	0
1	31728281	31727117	0
1	31728281	31727410	0
1	31728281	31728024	0
1	31728634	31728024	0
1	31738327	31737651	0
1	31738631	31738199	0
1	31738631	31738244	0
1	31739636	31738831	1
1	31740035	31739307	0
1	31740035	31739514	0
1	31741968	31741623	0
1	31742218	31741799	0
1	31743003	31742052	0
1	31743003	31742107	0
1	31744358	31742052	0
1	31744732	31742052	0
1	31757260	31755998	1
1	31757282	31755998	1
1	31757512	31757200	0
1	31757512	31757216	0
1	31759424	31755998	0
1	31761027	31757381	0
1	31763923	31755998	0
1	31764036	31757381	0
1	31764048	31757381	0
1	31764341	31755998	0
1	31764894	31755998	0
1	31792402	31790421	0
1	31792402	31790423	0
1	31792402	31790476	0
1	31792402	31790482	1
1	31792768	31790427	3
1	31793429	31792677	0
1	31793898	31792677	0
1	31793898	31793277	0
1	31793898	31793318	0
1	31794236	31793277	0
1	31794236	31793746	0
1	31796716	31794123	0
1	31796716	31794226	0
1	31798324	31794017	0
1	31798324	31794123	0
1	31798324	31794495	0
1	31798324	31794515	0
1	31798324	31796589	0
1	31798324	31796592	0
1	31798632	31794515	0
1	31799486	31798441	0
1	31799864	31798441	0
1	31799864	31799400	0
1	31799864	31799401	0
1	31799893	31799400	0
1	31800142	31799808	0
1	31800618	31800015	0
1	31801703	31800015	0
1	31801706	31800015	0
1	31801706	31800440	0
1	31801706	31800459	0
1	31855569	31842018	0
1	31910113	31906420	2
1	31910113	31908262	2
1	31910113	31908533	2
1	31910113	31908707	2
1	31910113	31908838	2
1	31911281	31908652	2
1	31911827	31908657	8
1	31911827	31910037	3
1	31911827	31910068	3
1	31913024	31911695	2
1	31913844	31912980	2
1	31915988	31910037	2
1	31915988	31911695	2
1	31915988	31912980	4
1	31915988	31913002	4
1	31915988	31913786	3
1	31915988	31913831	3
1	31919110	31915894	2
1	31919124	31915894	2
1	31919173	31915539	4
1	31919360	31915894	2
1	31919369	31911695	4
1	31919465	31915894	2
1	31919471	31915894	2
1	31919484	31915894	2
1	31919659	31915894	2
1	31921842	31851912	0
1	31924166	31919568	2
1	31930335	31918969	0
1	31931143	31918999	0
1	31931143	31919228	0
1	31931143	31919246	0
1	31935660	31932671	0
1	31937776	31930932	0
1	31937786	31930932	0
1	31937801	31930932	0
1	31937819	31919243	0
1	31937887	31919093	0
1	31938043	31930932	0
1	31938060	31919259	0
1	31938060	31919423	0
1	31938380	31918969	0
1	31942577	31918969	0
1	31944857	31919129	0
1	31987035	31972188	0
1	32054515	32052290	0
1	32073475	32054470	0
1	32171207	32176375	55
1	32204621	32205193	0
1	32206186	32204768	9
1	32206298	32206508	20
1	32206309	32205497	12
1	32206815	32206399	12
1	32211838	32212069	0
1	32212202	32212489	0
1	32215217	32214476	0
1	32215549	32214471	0
1	32215796	32214476	0
1	32215796	32214477	0
1	32216282	32215135	0
1	32216282	32215672	0
1	32216518	32215846	2
1	32216518	32216193	4
1	32216948	32216199	11
1	32216948	32216383	9
1	32217352	32215135	0
1	32217352	32216196	1
1	32217352	32216356	1
1	32217352	32216729	0
1	32217352	32216888	0
1	32217428	32216588	1
1	32217578	32217258	0
1	32221197	32215672	0
1	32221198	32216196	0
1	32221198	32217258	0
1	32222360	32217258	0
1	32222445	32222537	14
1	32232185	32231657	0
1	32232185	32231659	0
1	32232185	32231846	0
1	32274227	32274303	0
1	32274227	32274324	0
1	32274819	32274992	0
1	32275084	32275320	0
1	32279748	32279840	0
1	32327078	32327405	1
1	32327459	32327535	2
1	32330578	32330662	1
1	32331807	32332089	1
1	32336380	32333831	0
1	32350664	32349193	0
1	32361825	32361297	0
1	32361877	32361269	0
1	32362052	32361728	0
1	32362244	32361729	0
1	32364224	32361270	0
1	32364279	32361957	0
1	32368551	32365102	0
1	32368551	32365112	0
1	32368551	32366295	1
1	32368551	32366300	1
1	32368551	32366476	0
1	32369339	32368446	0
1	32374783	32368024	0
1	32376742	32365170	0
1	32376742	32368032	0
1	32376742	32368446	0
1	32376742	32369229	0
1	32378049	32376261	0
1	32378049	32376629	0
1	32378049	32376686	0
1	32378284	32377969	0
1	32378840	32378214	0
1	32378840	32378226	0
1	32381269	32378723	0
1	32381269	32378762	0
1	32383907	32381213	0
1	32383940	32381213	0
1	32383998	32381213	0
1	32384049	32381213	0
1	32386896	32378723	0
1	32386896	32381213	0
1	32386896	32383829	0
1	32386896	32383896	0
1	32386896	32383940	0
1	32394141	32378723	0
1	32394141	32381213	0
1	32394141	32383829	0
1	32394141	32386420	0
1	32394141	32386778	0
1	32394426	32381213	0
1	32394426	32383829	0
1	32394426	32386778	0
1	32394426	32393600	0
1	32394426	32394079	0
1	32394427	32394079	0
1	32394429	32394079	0
1	32394431	32394079	0
1	32394432	32381213	0
1	32394432	32383829	0
1	32394432	32386778	0
1	32394432	32394079	0
1	32394442	32394079	0
1	32394449	32394079	0
1	32394732	32386778	0
1	32425244	32423213	0
1	32627545	32620819	0
1	32627545	32621310	0
1	32627545	32621603	0
1	32627545	32621829	0
1	32627545	32621840	0
1	32627545	32621857	0
1	32631880	32627507	0
1	32631880	32627571	0
1	32632059	32627507	0
1	32632346	32631826	0
1	32633355	32627507	0
1	32633728	32627507	0
1	32633728	32631824	0
1	32633728	32631826	0
1	32634523	32633644	0
1	32634793	32627507	0
1	32634793	32633644	0
1	32634793	32633950	0
1	32650526	32633950	0
1	32650526	32634701	0
1	32650536	32634357	0
1	32650536	32634767	0
1	32650550	32634767	0
1	32650551	32634767	0
1	32650555	32633950	0
1	32650561	32634767	0
1	32650566	32600171	0
1	32650585	32634767	0
1	32650904	32633950	0
1	32679699	32680525	409
1	32679818	32680525	484
1	32684090	32680359	12
1	32684383	32681490	8
1	32684383	32684009	17
1	32696045	32684257	0
1	32702757	32694864	0
1	32703080	32695622	0
1	32703120	32694864	0
1	32703597	32695564	0
1	32725238	32717733	0
1	32779524	32775236	6
1	32779524	32775238	6
1	32779524	32775680	3
1	32779524	32775990	3
1	32780279	32779381	9
1	32780712	32775243	12
1	32781128	32780250	21
1	32781146	32780084	13
1	32782104	32780084	10
1	32786448	32782403	1
1	32786735	32782403	1
1	32787076	32786361	6
1	32787076	32786369	6
1	32791255	32786939	1
1	32797639	32791161	2
1	32797844	32790652	1
1	32797844	32791161	2
1	32810767	32806481	2
1	32811058	32810590	5
1	32811648	32810730	2
1	32852961	32853078	2
1	32863017	32862267	0
1	32864718	32862267	0
1	32864720	32863555	0
1	32864798	32862267	0
1	32864798	32862306	0
1	32864798	32864293	0
1	32867843	32864448	0
1	32867843	32864663	0
1	32872481	32868881	0
1	32872483	32870873	0
1	32895440	32894594	0
1	32895440	32894740	0
1	32895440	32894845	2
1	32895588	32894593	0
1	32895645	32895304	2
1	32895744	32895304	8
1	32895970	32895304	7
1	32898320	32895304	0
1	32898320	32895554	0
1	32898320	32895909	1
1	32901353	32898125	0
1	32901359	32898125	0
1	32901390	32898125	0
1	32901439	32898125	0
1	32938529	32936444	0
1	32938529	32936453	0
1	32938529	32936667	0
1	33011711	33010630	47
1	33012123	33010754	43
1	33012358	33010518	54
1	33013288	33012073	48
1	33013403	33007939	46
1	33013403	33007983	48
1	33013403	33010477	57
1	33013403	33012073	48
1	33014595	33013043	42
1	33014595	33013206	35
1	33021462	33014364	25
1	33021462	33014521	31
1	33021462	33019682	9
1	33021691	33021366	3
1	33021704	33014482	11
1	33021704	33014521	8
1	33021704	33021366	3
1	33024568	33021592	1
1	33024568	33021606	1
1	33031662	33024441	0
1	33036841	33021592	0
1	33036845	33024441	0
1	33036860	33031625	0
1	33036869	33024119	0
1	33036871	33024441	0
1	33036878	33024441	0
1	33036887	33024441	0
1	33036903	33031543	0
1	33036912	33024441	0
1	33036993	33024441	0
1	33080312	33031543	0
1	33081295	33081387	8
1	33081295	33081390	8
1	33081813	33082177	0
1	33082355	33083017	0
1	33082355	33083062	0
1	33082355	33083953	1
1	33083143	33083953	1
1	33118117	33120043	0
1	33158369	33145401	0
1	33158369	33146701	0
1	33159945	33158252	0
1	33165567	33159687	0
1	33165567	33159691	0
1	33176551	33165470	0
1	33181422	33165470	0
1	33181667	33165470	0
1	33182054	33181024	0
1	33182060	33181254	2
1	33312190	33306765	0
1	33325962	33323625	9
1	33329147	33323622	6
1	33329147	33323625	6
1	33329147	33324688	5
1	33329147	33325794	7
1	33330213	33328869	7
1	33331463	33330070	10
1	33331700	33331347	7
1	33332405	33331347	10
1	33332405	33331363	10
1	33332405	33331624	8
1	33333933	33332274	10
1	33334291	33332274	8
1	33334293	33332274	8
1	33349651	33334184	1
1	33349773	33334184	1
1	33349812	33334184	3
1	33349885	33334184	6
1	33349886	33334089	6
1	33354567	33334089	7
1	33354567	33353212	0
1	33367429	33354400	0
1	33367429	33354837	0
1	33367429	33354840	1
1	33368623	33367115	0
1	33370586	33367115	0
1	33370586	33368535	0
1	33370586	33368569	0
1	33372448	33371016	0
1	33375594	33372288	0
1	33375594	33372325	0
1	33519678	33513998	0
1	33519678	33514008	0
1	33559474	33557733	0
1	33567767	33550176	0
1	33567767	33559352	0
1	33567842	33559299	0
1	33601011	33587087	0
1	33601011	33591806	0
1	33601011	33598688	0
1	33602478	33598688	0
1	33602547	33600864	0
1	33772752	33743279	0
1	33788713	33772107	0
1	33788713	33772568	0
1	33792527	33788599	0
1	33804899	33792422	0
1	33810865	33792422	0
1	33810865	33792496	0
1	33846997	33825696	0
1	33863070	33863262	0
1	33864178	33864262	0
1	33918302	33846883	0
1	34165275	34088976	0
1	34165843	34088976	0
1	34716490	34712736	0
1	3478027	3478423	0
1	34788098	34761425	0
1	34855983	34718267	0
1	34856740	34855688	11
1	34859070	34855049	2
1	34859718	34855348	3
1	34859736	34855770	3
1	34859756	34855168	0
1	34859817	34852668	2
1	34867192	34865435	0
1	34905384	34900067	0
1	34905435	34900067	0
1	34907438	34904276	0
1	34907438	34905164	0
1	3490960	3489919	0
1	3490960	3489925	0
1	3490960	3490311	0
1	3492768	3490561	0
1	3492768	3490911	0
1	3492768	3490924	0
1	3493487	3490911	0
1	3493798	3492638	0
1	3493900	3492638	0
1	3493900	3492727	0
1	3494125	3492638	0
1	3494500	3492638	0
1	34978085	34975698	1
1	34983948	34981532	0
1	34983948	34981534	0
1	34985314	34974355	0
1	34992388	34983766	0
1	34992388	34986164	0
1	34992388	34986979	0
1	35004006	34992233	0
1	35005273	35003864	0
1	35005273	35003967	0
1	35010598	35008751	0
1	35011037	35010446	0
1	35012006	35010546	0
1	35012006	35010757	0
1	35014889	35012430	0
1	35015163	35014696	0
1	35015163	35014865	0
1	35019603	35014987	7
1	35020468	35014987	0
1	35020468	35017243	0
1	35020468	35017249	0
1	35020468	35018512	6
1	35020468	35019352	0
1	35030714	35020382	0
1	35030757	35020382	0
1	35031338	35030546	3
1	35031633	35030546	2
1	35031712	35030546	0
1	35031742	35030546	0
1	35031848	35020382	0
1	35031906	35030546	0
1	35031936	35030148	0
1	35031969	35030546	0
1	35145097	35141514	0
1	35177400	35176377	1
1	35177400	35176379	1
1	35177662	35176377	5
1	35178037	35177318	5
1	35178137	35177208	5
1	35179247	35177318	6
1	35180646	35177318	9
1	35187123	35177988	21
1	35187123	35182931	25
1	35366078	35358821	0
1	35441139	35433489	0
1	35441139	35434104	1
1	35441139	35434964	0
1	35441139	35435303	0
1	35442337	35438541	0
1	35442337	35441046	0
1	35443029	35442245	0
1	35443256	35442266	0
1	35444231	35442905	0
1	35444304	35442905	0
1	35444304	35443261	0
1	35448200	35444035	0
1	35448333	35444160	0
1	35448333	35444164	0
1	35450510	35449866	0
1	35451777	35450357	0
1	35451777	35450364	0
1	35453690	35451627	0
1	35453690	35451634	0
1	35454288	35453556	0
1	35454486	35453556	0
1	35454637	35453552	0
1	35460438	35456012	0
1	35462714	35460304	0
1	35462714	35460307	0
1	35462714	35460373	0
1	35466696	35462620	0
1	35470907	35466607	0
1	35470961	35466607	0
1	35470961	35466609	0
1	35474907	35466607	0
1	35474907	35470862	0
1	35479213	35466607	0
1	35479213	35470862	0
1	35479213	35474804	0
1	35479213	35474868	0
1	35482	34553	0
1	35506868	35478965	0
1	35507136	35478965	0
1	35507136	35479059	0
1	35554520	35478965	0
1	35554520	35506611	0
1	35554520	35506738	0
1	35554520	35533095	0
1	35557376	35554349	0
1	35557389	35556470	0
1	35557404	35554349	0
1	35557406	35554349	0
1	35557414	35554349	0
1	35557604	35554349	0
1	35557613	35506611	0
1	35557656	35554349	0
1	35557884	35558155	32
1	35557951	35554349	3
1	35573748	35569812	0
1	35574699	35569814	0
1	35605283	35599543	5
1	35605283	35601583	3
1	35605283	35602633	4
1	35716676	35716197	5
1	35716912	35716159	5
1	35719473	35713874	0
1	35737076	35720217	1
1	35737076	35736280	0
1	35737076	35736404	1
1	35743242	35739364	0
1	35743531	35743140	0
1	35745563	35743454	0
1	35746993	35745450	0
1	35748062	35746765	0
1	35748062	35746964	0
1	357587	258143	0
1	3579930	3524123	0
1	35853703	35854676	4
1	3595448	3524123	0
1	3595448	3546997	0
1	36004092	35992108	0
1	36013518	36004017	0
1	36013631	36009380	0
1	36074	35244	0
1	36082	35276	0
1	36082403	36080065	0
1	36087808	36087972	0
1	36100250	36095240	0
1	36100250	36097506	0
1	36100259	36095235	0
1	36137979	36136569	0
1	36137979	36136571	1
1	36137979	36136944	1
1	36137979	36137053	0
1	36138233	36137895	0
1	36139820	36136580	0
1	36139820	36137795	0
1	36139820	36138083	0
1	36139844	36137795	0
1	36140167	36137795	0
1	36140167	36139398	0
1	36140167	36139719	0
1	36140999	36139719	0
1	36149497	36137261	0
1	36149515	36137795	0
1	36176322	36176417	228
1	36178597	36178684	1
1	36178824	36178920	3
1	36179026	36179261	0
1	36179316	36179511	2
1	36179316	36179514	2
1	3624451	3623189	0
1	36303832	36304473	108
1	3631658	3630766	5
1	36321210	36321723	0
1	36323068	36322030	0
1	36323068	36322280	0
1	3632339	3630766	0
1	3632339	3631465	0
1	36324155	36322970	0
1	3633504	3632212	3
1	36343449	36339623	2
1	36343980	36339623	0
1	36343980	36343363	0
1	3635075	3632765	0
1	3635075	3633309	0
1	3635075	3633397	0
1	3635295	3634996	0
1	3635295	3635013	0
1	3635434	3634915	0
1	3635451	3634996	0
1	36355434	36354363	0
1	36358383	36355204	0
1	36358383	36355205	0
1	36358383	36355252	0
1	36358383	36355288	0
1	3636031	3634996	1
1	3636031	3635159	1
1	36368085	36361220	0
1	3637058	3635943	0
1	3637099	3635271	0
1	3637099	3635943	0
1	36372775	36367853	0
1	36385880	36367851	0
1	36385885	36367847	0
1	36385889	36361220	0
1	36385897	36361220	0
1	3638823	3636994	0
1	36392488	36391237	0
1	36394154	36392357	0
1	3639626	3631885	0
1	36397879	36394013	0
1	36397888	36393765	0
1	36397893	36393429	1
1	36419055	36415826	0
1	36419055	36417905	0
1	36419055	36417909	0
1	36419055	36417942	0
1	36419055	36418059	0
1	36419294	36417910	0
1	36420616	36418990	0
1	36422182	36420475	0
1	36422220	36417905	0
1	36422220	36418990	0
1	36422220	36420332	0
1	36422220	36420475	0
1	36422818	36422149	0
1	36422871	36422001	0
1	36422897	36422149	0
1	36423467	36422767	0
1	36423467	36422785	0
1	36423472	36422767	0
1	36431883	36423362	0
1	36431883	36428298	0
1	36432590	36431801	0
1	36438911	36432421	0
1	36438911	36432568	0
1	36439001	36432421	0
1	36456379	36455717	2
1	36456379	36455771	2
1	36456379	36455773	2
1	36456567	36455772	2
1	36466828	36466042	0
1	36466828	36466095	0
1	36467312	36466042	0
1	36467312	36466043	0
1	36467312	36466082	0
1	36467312	36466117	0
1	36467312	36466581	0
1	36467312	36466620	0
1	36467652	36466043	0
1	36467652	36467229	0
1	36467810	36467228	0
1	36469258	36467557	0
1	36469258	36468074	0
1	36469841	36467821	0
1	36469841	36468074	0
1	36469841	36468747	0
1	36469841	36469155	0
1	36473623	36472237	0
1	36473623	36472516	0
1	36473831	36473368	0
1	36473888	36472516	0
1	36473888	36473434	0
1	3647561	3646665	0
1	36479517	36475376	0
1	36479517	36476982	0
1	36479520	36475376	0
1	36480081	36479431	0
1	36481538	36478913	0
1	36481538	36479432	0
1	3650027	3647407	1
1	3650059	3647407	1
1	3650062	3647245	1
1	3650064	3647407	1
1	3650074	3647407	1
1	3652762	3647407	0
1	366152	365388	0
1	3662266	3658937	0
1	36769726	36768121	0
1	36805238	36795526	0
1	36806327	36804617	0
1	36806327	36804986	0
1	368451	365394	0
1	36850425	36841735	0
1	36850425	36849673	0
1	36853688	36849947	0
1	36853723	36850310	0
1	3714299	3712199	0
1	37270603	37262738	0
1	373324	365614	0
1	3737104	3735510	0
1	3737104	3735649	0
1	3737104	3736056	0
1	3737104	3736174	0
1	3737297	3736407	0
1	3737876	3736925	6
1	3738514	3736925	6
1	3738514	3737205	2
1	3739217	3738433	4
1	3739228	3737528	4
1	3740388	3735610	3
1	3740388	3735685	2
1	3740388	3736192	2
1	3740388	3736925	3
1	3740388	3737142	3
1	3740388	3737148	3
1	3740388	3737165	3
1	3740388	3737192	3
1	3740388	3737211	3
1	3740388	3737337	2
1	3740388	3737538	5
1	3740388	3737593	9
1	3740388	3738074	4
1	3740388	3738222	4
1	3740388	3738446	3
1	3740388	3739058	3
1	3741374	3740136	3
1	3742518	3739457	3
1	3742518	3739695	2
1	3742518	3740232	4
1	3742859	3742429	7
1	3742912	3735983	4
1	3742912	3738222	6
1	3742912	3739623	5
1	3742912	3740232	3
1	3742912	3740274	4
1	3742912	3741219	8
1	3742912	3742429	8
1	3742958	3739704	6
1	3742958	3739835	6
1	3742958	3740232	2
1	3742958	3742429	7
1	3742961	3739988	4
1	3742961	3740232	2
1	3742961	3742429	10
1	3742984	3740123	3
1	3743188	3739847	9
1	3743191	3740232	2
1	3743191	3742429	5
1	3743191	3742803	5
1	3743262	3742803	4
1	37456460	37454878	0
1	37495919	37492574	0
1	37495919	37493177	1
1	37495919	37493310	1
1	37495919	37493334	1
1	37495919	37493397	1
1	37495919	37493933	1
1	37496605	37495873	4
1	37496605	37495884	4
1	37496737	37495884	4
1	37501997	37493761	1
1	37501997	37495884	1
1	37501997	37496546	2
1	37501997	37496706	4
1	37509324	37501414	0
1	37509324	37501803	0
1	37540756	37534448	0
1	37540756	37538007	1
1	37541595	37536689	2
1	37548988	37540156	0
1	37552748	37540156	0
1	37552748	37548820	0
1	37554249	37552644	0
1	37554291	37552486	0
1	37554345	37552644	0
1	3755568	3756732	0
1	3755568	3756751	0
1	37561736	37562080	1
1	37567765	37566815	2
1	37567765	37566816	2
1	37567765	37566820	2
1	37568116	37566815	1
1	37575700	37574664	0
1	37576557	37575594	3
1	37581546	37576427	5
1	37582337	37576169	2
1	37582337	37576427	5
1	37582337	37581341	8
1	37582810	37582222	3
1	37582924	37582222	3
1	37582937	37582222	3
1	37583347	37582275	4
1	37590846	37587310	0
1	37592807	37590705	2
1	37592807	37590778	2
1	37593847	37592711	1
1	37594093	37592711	0
1	37595922	37593761	1
1	37595936	37593484	0
1	37613893	37611349	0
1	37613893	37611638	0
1	37613893	37611811	0
1	37614334	37611349	0
1	37683438	37681569	48
1	37683438	37683110	2
1	37683442	37682735	3
1	37683477	37681569	34
1	37686453	37681569	4
1	37686453	37683318	2
1	37689690	37686272	5
1	37689884	37686272	4
1	37689884	37686386	12
1	37689887	37686272	4
1	37689887	37686301	12
1	37690435	37689767	73
1	37690439	37686272	8
1	37690439	37689605	59
1	37690439	37689657	59
1	37690483	37689645	35
1	37690505	37689605	21
1	37690510	37689605	18
1	37690514	37689532	25
1	37690521	37689605	19
1	37691582	37690333	11
1	37692206	37689605	9
1	37692217	37691458	1
1	37692224	37689605	8
1	37692243	37690215	6
1	37692243	37691047	1
1	37692250	37690215	6
1	37692579	37692675	12
1	37714891	37713879	0
1	37714891	37713885	0
1	37714891	37713887	0
1	37715021	37713892	0
1	37715998	37714730	0
1	37715998	37714853	0
1	37718487	37715853	0
1	37718487	37715854	0
1	37718817	37715854	0
1	37718817	37715973	0
1	37718817	37718375	0
1	37718817	37718377	0
1	37720845	37720350	0
1	37721846	37720782	0
1	37721858	37720678	0
1	37722297	37721659	0
1	37722932	37721659	0
1	37723167	37721659	0
1	37723167	37722005	0
1	37723167	37722273	0
1	37727211	37723310	0
1	3772842	3773062	0
1	37731495	37727101	0
1	37731574	37727101	0
1	37731583	37727101	0
1	37731583	37727192	0
1	37752907	37735256	0
1	37752970	37735256	0
1	37752995	37735256	0
1	37753227	37735256	0
1	37756692	37735256	0
1	37762084	37754214	0
1	37762850	37760271	0
1	37762850	37761404	0
1	37795633	37795736	2
1	37800880	37799719	59
1	37804445	37802943	47
1	37807681	37808530	241
1	37808186	37807100	5
1	37808307	37808530	1
1	37808440	37808530	1
1	3781602	3778557	6
1	3781602	3781134	0
1	3781602	3781289	0
1	37817483	37809566	2
1	3783912	3782660	2
1	3784112	3782660	1
1	3784176	3782660	2
1	3785204	3783995	7
1	37857710	37839919	0
1	37858540	37857348	2
1	37859621	37857250	0
1	37861092	37861494	18
1	37864424	37860696	0
1	37864424	37862067	0
1	37864424	37862084	0
1	37864850	37862339	0
1	37866544	37865760	0
1	37868615	37866458	0
1	37870015	37868500	0
1	3787311	3785086	8
1	37873166	37860696	0
1	37873166	37868500	0
1	37873388	37868500	0
1	37885826	37882806	0
1	37887005	37885508	0
1	37887005	37885637	0
1	37931750	37891357	0
1	37932054	37891357	0
1	37940799	37891357	0
1	37940799	37928536	0
1	37940799	37931672	0
1	37940799	37931912	0
1	37942265	37940762	0
1	37943670	37940687	0
1	37960176	37956974	0
1	37960694	37958062	0
1	37969465	37968043	0
1	37969736	37969353	12
1	37969736	37969386	12
1	37978828	37976883	0
1	37979056	37978719	2
1	37979056	37978722	2
1	37979200	37976883	0
1	37979534	37978987	0
1	37979534	37978989	0
1	37980725	37979390	0
1	37980725	37979464	0
1	37980790	37979464	0
1	37984261	37981728	1
1	37984780	37984117	5
1	37984780	37984168	6
1	379871	373181	0
1	379973	373143	0
1	37997871	37996769	8
1	37997871	37997185	17
1	37997871	37997344	8
1	37999149	37997683	6
1	37999149	37997962	4
1	37999433	37998717	5
1	37999433	37998973	2
1	38005503	37998973	7
1	38132331	38129463	0
1	3816371	3812080	1
1	3816459	3815238	0
1	38211823	38209033	0
1	38212452	38210657	0
1	3823242	3816148	0
1	3823242	3816279	2
1	3823563	3822775	1
1	3823563	3823173	1
1	3829998	3829265	0
1	3831223	3829790	0
1	3831225	3829691	0
1	3834036	3831045	0
1	3834036	3831090	0
1	3835093	3833670	0
1	3835093	3833861	0
1	3836693	3834924	0
1	3836693	3835061	0
1	3837137	3834924	0
1	3839111	3837291	0
1	3839120	3837291	0
1	3839777	3838963	0
1	3839777	3839082	0
1	3844984	3839607	0
1	3844984	3839756	0
1	3844984	3843108	0
1	38476256	38476386	0
1	38756606	38754215	0
1	38774509	38754215	0
1	38784736	38756423	0
1	38784736	38781166	0
1	3883801	3885037	0
1	38846088	38838197	0
1	38846088	38839332	0
1	38848075	38839348	0
1	38851758	38845938	0
1	38852489	38851614	0
1	38852696	38851511	0
1	38864715	38856878	1
1	38867000	38864235	0
1	38867000	38864528	0
1	38867010	38862963	0
1	38867010	38864335	0
1	38867010	38864500	0
1	38867010	38864502	0
1	38867010	38864528	0
1	38867010	38864585	0
1	38867010	38864636	0
1	38874495	38873594	0
1	38876194	38873017	0
1	38876194	38873594	0
1	38881588	38874550	0
1	38881598	38873594	0
1	38881603	38866879	0
1	38881603	38873017	0
1	38881618	38874777	0
1	38888025	38885806	0
1	38888025	38886295	0
1	3891058	3889124	95
1	38915711	38911321	0
1	38919338	38915502	0
1	38919338	38915561	0
1	38926838	38918966	0
1	3892997	3889124	4
1	38941785	38918966	0
1	38941800	38918966	0
1	38958926	38958274	0
1	39254220	39249837	0
1	39257650	39254141	0
1	39284186	39284332	3
1	39285391	39285603	0
1	39304899	39304293	0
1	3945670	3944546	0
1	39458491	39459085	0
1	3946464	3944560	0
1	3947329	3946319	0
1	39484731	39485537	2
1	3948596	3946319	0
1	3948596	3947148	0
1	3948596	3947274	0
1	39523698	39522279	0
1	39523698	39522286	0
1	39523698	39522299	0
1	39523698	39522313	0
1	39523698	39522325	0
1	39523698	39522471	0
1	39523897	39523557	0
1	39523897	39523561	0
1	39525058	39522286	0
1	39525058	39523806	0
1	39525058	39523844	0
1	39525152	39523806	0
1	39525686	39523561	0
1	39525849	39524835	0
1	39529165	39522279	0
1	39529165	39522286	0
1	39529165	39522350	0
1	39529165	39523561	0
1	39529165	39523806	0
1	39529165	39524835	0
1	39529165	39525698	0
1	39537283	39529015	0
1	39537344	39529054	0
1	39541842	39522279	0
1	39541842	39523806	0
1	39541842	39529015	0
1	39541842	39529054	0
1	39541842	39531837	0
1	39546188	39522279	0
1	39561788	39560815	13
1	39562011	39560815	8
1	39562189	39561551	10
1	39562204	39560815	11
1	39562204	39561684	11
1	39562204	39561686	11
1	39562204	39561727	11
1	39562381	39562072	14
1	39562417	39562072	15
1	39563742	39562072	5
1	39563742	39562322	4
1	39563742	39562383	3
1	39563923	39563613	3
1	39564039	39562072	7
1	39564125	39563613	4
1	39564492	39563835	4
1	39564527	39560815	5
1	39564529	39563615	4
1	39564537	39563795	4
1	39564543	39563445	5
1	39564543	39563613	4
1	39564543	39563835	4
1	39564774	39563613	4
1	39564774	39563835	4
1	39564774	39564232	6
1	39564774	39564422	6
1	39564774	39564470	6
1	39565184	39564685	8
1	39565234	39564685	9
1	39565379	39564384	6
1	39565379	39564422	6
1	39565379	39564685	9
1	39565379	39564700	10
1	39567847	39565105	8
1	39568409	39565298	14
1	39568857	39567750	2
1	39568858	39567750	2
1	39568940	39567750	3
1	39569690	39568697	3
1	39569690	39568801	3
1	39569690	39568824	3
1	39569991	39569494	3
1	39570003	39568861	1
1	39570003	39569594	1
1	39572419	39571606	6
1	39572485	39571233	11
1	39572587	39569862	5
1	39572587	39571096	4
1	39572587	39571233	5
1	39575782	39572392	23
1	39576224	39572392	24
1	39576254	39572392	26
1	39576402	39572392	21
1	39576745	39572392	27
1	39576752	39572392	27
1	39576788	39575937	1650
1	39576791	39575758	1100
1	39630309	39624152	0
1	39639946	39632648	0
1	39661264	39659120	0
1	39684153	39678647	0
1	39684612	39678647	0
1	39741922	39743215	0
1	39742032	39743215	0
1	39763203	39757181	0
1	39763792	39763091	0
1	39764818	39763711	1
1	39774457	39764622	0
1	39788862	39774848	0
1	39809372	39801413	0
1	39813007	39809053	0
1	39844219	39838109	2
1	39844219	39841021	2
1	39844219	39841050	2
1	39844219	39841625	2
1	39844219	39841644	2
1	39844219	39841713	2
1	39844219	39841832	2
1	39844641	39844100	4
1	39844641	39844195	2
1	39847298	39844100	1
1	39847298	39844530	7
1	39847661	39844100	2
1	39847661	39844530	5
1	39847661	39847219	5
1	39847661	39847280	5
1	39847758	39847043	6
1	39848092	39847547	2
1	39848098	39844530	2
1	39848098	39847219	1
1	39848098	39847547	2
1	39848098	39847593	2
1	39850262	39847547	4
1	39852877	39847985	0
1	39852877	39850118	0
1	39852877	39850122	1
1	39854069	39847985	2
1	39854069	39850118	1
1	39854069	39850122	1
1	39854069	39852557	2
1	39854069	39852730	1
1	39883426	39864709	0
1	39883435	39844530	0
1	39883476	39876061	0
1	39883481	39847219	0
1	39883482	39857276	0
1	39883492	39852730	0
1	39883497	39857276	0
1	39883505	39857276	0
1	39883507	39857276	0
1	39883512	39850118	0
1	39901444	39895425	0
1	39901883	39897226	0
1	39901920	39899611	0
1	39902014	39900938	0
1	39902257	39901133	0
1	39967712	39967803	0
1	39967917	39968333	0
1	40070513	40070835	10
1	40074184	40072937	426
1	40075246	40072725	1
1	40076914	40071460	0
1	40076914	40072709	0
1	40076914	40072711	0
1	40076914	40072718	0
1	40076914	40072725	0
1	40076914	40072737	0
1	40076914	40073672	0
1	40076914	40073785	0
1	40076914	40073815	0
1	40076914	40074023	0
1	40076914	40074126	0
1	40078659	40072728	0
1	40080488	40078559	0
1	40082322	40080396	0
1	40089513	40076841	0
1	40089513	40080396	0
1	40089513	40080446	0
1	40089583	40080396	0
1	40091374	40089409	0
1	40091400	40080396	0
1	40091400	40089409	0
1	40091400	40089494	0
1	40091400	40089515	0
1	40097243	40080396	0
1	40097261	40089409	0
1	4019509	4012920	0
1	40301890	40300486	0
1	40301890	40300667	0
1	40302810	40301811	0
1	40303186	40302620	0
1	40303677	40302620	0
1	40310165	40309937	0
1	40310318	40310110	0
1	40310768	40310263	0
1	40310768	40310289	0
1	40311548	40311229	0
1	40311716	40311499	0
1	40312113	40311661	0
1	40312113	40311670	0
1	40312480	40311661	0
1	40312480	40312058	0
1	40312610	40312058	0
1	40312610	40312229	0
1	40312610	40312455	0
1	40312785	40312573	0
1	40312785	40312598	0
1	40315410	40314351	0
1	40315439	40314351	0
1	40315466	40314351	0
1	40315661	40314351	0
1	40315665	40312058	0
1	40315665	40314351	0
1	40315665	40315237	0
1	40315665	40315239	0
1	40316036	40315589	0
1	40316105	40315589	0
1	40316691	40315589	0
1	40316703	40315589	0
1	40317268	40315589	0
1	40317274	40315392	0
1	40317295	40315589	0
1	40317310	40315589	0
1	40317389	40315589	0
1	40436612	40436198	0
1	40457072	40457343	4
1	40508662	40493156	0
1	40508878	40509450	13
1	40508878	40509732	3
1	40508890	40509450	15
1	40508909	40509450	13
1	40508909	40509732	3
1	40509626	40509732	2
1	40515058	40514460	0
1	40517175	40515753	0
1	40628950	40620678	0
1	40628950	40626213	0
1	40669608	40669088	0
1	40766704	40766917	0
1	40939107	40938103	0
1	40996069	40997393	2
1	41000567	41001028	2
1	41008715	41008793	1
1	41009590	41010160	0
1	41010255	41011657	0
1	41017378	41015596	0
1	41017980	41017233	0
1	41018157	41015596	0
1	41018157	41017233	0
1	41020779	41017233	0
1	41020779	41017634	0
1	41021726	41017634	0
1	41023238	41017634	0
1	41028320	41027203	26
1	41028727	41027199	0
1	41028727	41027201	0
1	41028727	41028156	0
1	41028727	41028191	0
1	41034049	41028583	0
1	41034049	41028641	1
1	41037453	41033982	1
1	41037542	41028583	1
1	41037542	41033982	1
1	41041566	41037361	2
1	41045837	41037361	0
1	41046599	41037361	0
1	41046599	41041310	0
1	41046599	41041421	1
1	41046670	41037361	0
1	41113527	41075218	0
1	41143113	41075218	0
1	41186251	41161363	0
1	41242111	41186120	0
1	41242117	41186120	0
1	41242155	41185983	0
1	41375670	41375003	0
1	41382201	41382201	0
1	41480876	41479453	0
1	41481194	41478774	0
1	41481194	41479126	0
1	41481194	41479453	0
1	41482589	41479453	0
1	41513751	41506364	0
1	41513751	41510229	0
1	41575690	41518401	0
1	41575690	41524734	0
1	41585319	41575543	0
1	41628817	41585305	0
1	41628948	41579736	0
1	41849090	41847190	0
1	41849090	41847947	0
1	41918499	41700915	0
1	41918708	41628748	0
1	42163611	42162690	0
1	42182025	42176538	4
1	42182025	42176544	4
1	42191720	42189302	2
1	42195065	42191302	0
1	42195065	42191405	0
1	42199231	42194889	0
1	42199231	42194996	0
1	42265190	42227882	0
1	42278588	42264930	0
1	42278673	42265114	0
1	42335878	42311049	0
1	42338377	42335385	0
1	42433289	42430328	0
1	42433289	42430414	0
1	42435386	42433142	0
1	42435523	42432859	0
1	42436544	42435273	0
1	42440026	42436420	0
1	42456629	42457246	77
1	42457074	42457246	0
1	42536602	42537191	0
1	42589484	42590314	0
1	42658735	42658843	2
1	42658909	42659227	1
1	42658909	42659521	1
1	42659252	42659521	0
1	42659371	42659521	0
1	42662551	42658686	0
1	42675807	42662298	1
1	42682161	42675719	1
1	42736031	42733092	0
1	42738314	42734994	0
1	42738314	42735877	0
1	42738586	42733092	0
1	42747413	42746334	1
1	42747413	42746373	1
1	42747413	42746374	1
1	42747413	42746507	1
1	42747577	42746530	1
1	42747799	42746374	1
1	42747799	42747252	0
1	42747799	42747271	0
1	42748318	42747722	0
1	42748744	42747757	0
1	42750337	42748199	0
1	42751741	42750185	0
1	42752370	42749900	0
1	42752370	42750185	0
1	42752370	42751640	0
1	42752370	42751724	0
1	42754988	42752536	0
1	42754991	42752536	0
1	42755210	42754868	0
1	42755218	42752536	0
1	42755218	42754868	0
1	42755638	42754868	0
1	42755638	42754979	0
1	42755638	42755164	0
1	42759391	42758851	0
1	42759394	42758851	0
1	42762347	42759256	0
1	42762404	42759200	0
1	42762476	42759200	0
1	42766990	42762322	3
1	42767003	42762322	3
1	42767013	42762322	3
1	42767018	42759985	0
1	42767023	42762322	1
1	42767024	42762322	1
1	42767085	42762322	0
1	42767391	42767508	3
1	42776791	42775812	2
1	42816581	42807051	0
1	42816581	42807055	0
1	42816581	42813409	0
1	42816805	42816430	0
1	42817253	42816430	0
1	42830534	42830767	0
1	42837940	42836927	0
1	42842917	42841897	4
1	42843451	42842774	3
1	42844611	42843403	2
1	42844685	42843403	2
1	42846363	42837669	4
1	42846388	42843403	2
1	42846388	42844510	2
1	42846423	42834680	2
1	42887745	42886596	0
1	42892431	42891093	0
1	42927809	42925374	3
1	42927809	42926155	20
1	42930867	42926795	10
1	42930867	42929592	14
1	42930867	42929872	26
1	42931207	42930318	9
1	42931207	42930625	14
1	42931207	42930697	18
1	42943239	42931045	7
1	42943322	42930959	7
1	42943322	42931045	5
1	42958837	42931045	1
1	42958849	42943225	5
1	42958860	42943225	5
1	42958860	42951615	1
1	42958869	42942965	1
1	42958869	42943225	5
1	42959177	42943225	0
1	42959594	42959064	0
1	42959594	42959157	1
1	42960552	42959539	0
1	43164806	43164174	15
1	43164806	43164183	15
1	43164806	43164345	14
1	43170880	43168938	7
1	43171122	43168938	5
1	43171652	43170755	9
1	43171652	43170817	9
1	43171970	43170943	7
1	43171970	43171478	8
1	43171970	43171609	7
1	43172142	43171885	11
1	43172261	43171885	306
1	43172269	43171885	170
1	43172283	43171440	11
1	43172864	43172279	0
1	43206393	43194683	0
1	43209917	43210095	0
1	43211498	43172719	0
1	43211568	43206345	0
1	43215394	43181681	0
1	43250392	43215265	0
1	43261911	43215265	0
1	43261919	43215316	0
1	43270937	43261841	0
1	43283369	43281882	0
1	43283369	43282660	0
1	43305166	43305232	0
1	43313426	43313777	0
1	43317410	43317563	0
1	43317675	43317881	0
1	43319349	43319458	0
1	43319530	43319873	0
1	43357901	43354683	0
1	43359822	43359968	264
1	43364461	43363396	3
1	43364461	43363397	3
1	43364461	43363727	3
1	43364461	43363755	3
1	43364461	43363835	3
1	43364461	43363874	3
1	43364461	43363993	2
1	43364461	43364014	2
1	43364461	43364049	2
1	43364648	43364323	2
1	43364648	43364346	2
1	43364795	43363770	2
1	43364795	43364323	2
1	43364795	43364541	2
1	43364795	43364543	2
1	43364795	43364559	2
1	43364795	43364614	2
1	43364795	43364618	2
1	43365009	43364737	5
1	43365098	43364737	3
1	43365215	43364737	5
1	43365377	43364575	5
1	43365377	43364737	5
1	43365624	43364737	2
1	43385107	43383916	22
1	43386227	43383968	6
1	43386227	43384725	6
1	43386227	43385045	14
1	43386671	43385672	8
1	43386671	43385977	7
1	43386932	43386588	7
1	43386999	43385977	7
1	43386999	43386588	14
1	43389785	43388309	3
1	43389809	43388309	2
1	43403775	43404379	0
1	43427735	43428002	0
1	43429845	43430010	0
1	43433191	43434385	0
1	43437324	43437405	0
1	43437509	43437594	0
1	43437701	43437790	0
1	43446260	43446341	0
1	43446417	43446954	0
1	43447972	43448078	0
1	43448645	43447775	0
1	43448729	43450102	0
1	43451545	43451002	1
1	43451545	43451153	1
1	43451545	43451157	1
1	43451545	43451159	1
1	43451718	43451002	1
1	43451718	43451153	0
1	43451718	43451157	1
1	43451718	43451319	1
1	43451718	43451409	1
1	43451718	43451427	1
1	43451741	43451152	1
1	43451848	43451647	1
1	43451848	43451666	1
1	43452014	43451647	1
1	43452014	43451797	1
1	43452014	43451827	1
1	43452220	43451797	2
1	43452320	43451934	2
1	43453005	43452204	9
1	43453453	43452204	9
1	43453468	43452204	9
1	43453498	43452204	9
1	43453498	43452902	3
1	43453676	43453385	3
1	43453717	43453412	4
1	43453809	43453160	4
1	43453826	43453412	122
1	43453849	43453385	94
1	43453910	43451934	5
1	43453964	43453385	95
1	43453990	43452204	9
1	43453990	43453385	49
1	43453990	43453412	49
1	43578921	43579175	0
1	43620222	43620453	2
1	43702729	43699764	0
1	43702729	43699922	0
1	43703648	43702096	0
1	43703648	43702655	0
1	43704458	43703563	2
1	43704470	43703563	2
1	43704747	43703394	4
1	43707331	43704313	2
1	43707342	43704352	0
1	43708139	43704352	2
1	43719127	43709391	0
1	43936232	43936301	0
1	43944797	43944371	0
1	43946287	43944648	0
1	43946303	43944369	0
1	43946552	43944373	0
1	43970308	43968350	0
1	43970709	43970905	26
1	43970709	43970965	27
1	43970818	43970965	36
1	43971190	43971386	6
1	43971221	43971386	7
1	43973469	43970040	15
1	43974822	43973363	0
1	43975108	43975664	3
1	43975108	43975799	3
1	43975308	43975799	0
1	43975849	43976089	0
1	43976380	43976589	1
1	43976825	43977025	3
1	43977217	43977980	8
1	43991747	43991846	0
1	43992005	43992152	2
1	43992005	43992211	2
1	43992271	43992355	0
1	43992388	43992522	0
1	43993965	43995107	0
1	43995671	43995777	2
1	43998026	43996482	4
1	43998026	43997442	5
1	43998026	43997527	2
1	44000868	43991499	0
1	44001056	43991830	0
1	44008624	44002852	0
1	44010097	44008352	0
1	44010097	44008514	0
1	44010097	44008596	0
1	44010883	44009964	0
1	44011723	44010725	0
1	44016557	44010725	0
1	44017140	44010725	0
1	44017326	44010725	0
1	44017326	44011560	0
1	44017341	44014629	0
1	44024363	44008352	0
1	44024363	44009964	0
1	44024363	44010191	0
1	44024363	44010725	0
1	44024363	44010808	0
1	44024363	44011560	0
1	44051159	44051289	0
1	44129561	44130033	0
1	44141632	44137820	0
1	44189050	44187942	0
1	44213528	44213662	4
1	44213528	44213708	4
1	44213528	44213748	4
1	44213663	44213748	11
1	44214442	44214538	0
1	44214442	44214702	0
1	44214617	44214702	0
1	44214899	44215305	0
1	44214899	44217989	0
1	44214899	44218310	0
1	44214899	44218340	0
1	44230471	44221428	0
1	44232389	44221338	0
1	44242081	44221503	0
1	44244274	44243407	0
1	44247967	44230316	0
1	44248003	44241914	0
1	44248039	44221069	0
1	44248039	44221592	0
1	44248039	44232239	0
1	44256922	44247938	0
1	44284070	44247938	0
1	44284908	44247938	0
1	44284908	44247985	0
1	44284908	44283985	0
1	44308402	44284829	0
1	44308402	44284834	0
1	44313229	44308309	0
1	44635589	44636029	13
1	44635667	44636029	11
1	44645465	44635237	0
1	44649958	44650703	2
1	44655210	44645359	1
1	44660296	44645359	2
1	44660296	44653246	0
1	44660296	44654464	0
1	44660296	44654895	0
1	44660296	44654939	0
1	44674443	44653246	0
1	44674467	44636047	0
1	44674478	44645359	0
1	44674478	44653246	0
1	44723907	44723984	0
1	44723907	44724121	0
1	44724245	44724319	0
1	44724245	44724336	0
1	44724393	44724538	0
1	44724840	44725032	0
1	44724840	44725135	0
1	44761068	44759036	1
1	44761068	44759123	1
1	44775811	44760961	0
1	44778130	44778575	46
1	44784784	44783584	0
1	44803154	44803267	1
1	44803692	44803930	0
1	44804502	44804649	1
1	44804780	44805265	6
1	44813065	44813137	1
1	44813270	44813373	0
1	44821905	44819843	0
1	44822670	44819843	0
1	44822670	44821841	0
1	44823169	44821932	0
1	44823169	44822601	0
1	4484376	4479130	0
1	44857808	44850777	0
1	44874827	44850521	0
1	44874827	44850775	0
1	44874827	44857703	0
1	44874827	44863003	0
1	44875623	44874677	0
1	44875696	44874526	0
1	44875696	44874677	0
1	44926656	44897354	0
1	44926740	44897354	0
1	44926740	44924957	0
1	44937349	44926627	0
1	44941666	44926627	0
1	44941666	44937256	0
1	44941666	44940628	0
1	44970045	44941505	0
1	44972575	44969987	0
1	44978461	44941505	0
1	44978461	44958560	0
1	44978461	44969977	0
1	45003741	45002539	41
1	45003937	45003668	0
1	45004135	45003854	0
1	45004378	45004059	0
1	45005884	45004599	0
1	45006117	45004599	0
1	45006117	45005793	0
1	45006225	45005793	0
1	45006796	45005644	0
1	45006796	45005793	0
1	45006796	45005996	0
1	45006796	45006072	0
1	45013216	45013291	25
1	45013216	45013593	18
1	45013355	45013574	14
1	45013355	45013593	14
1	45013792	45013908	7
1	45014071	45014438	12
1	45014071	45014735	12
1	45014577	45014735	18
1	45014837	45014939	7
1	45015007	45015336	20
1	45020148	45016398	0
1	45088238	45060098	0
1	45206557	45087880	0
1	45304058	45088074	0
1	45306210	45303926	0
1	45330069	45329241	0
1	45330558	45329162	0
1	45330558	45329241	0
1	45330558	45329242	0
1	45330558	45329271	1
1	45330558	45329272	1
1	45330558	45329273	1
1	45330558	45329275	1
1	45330558	45329305	1
1	45331850	45331419	3
1	45331873	45331419	4
1	45332084	45331419	2
1	45332087	45331419	2
1	45332087	45331660	1
1	45332087	45331733	2
1	45332087	45331769	2
1	45332279	45332022	1
1	45332311	45331746	2
1	45332311	45332022	1
1	45332311	45332024	1
1	45332311	45332035	1
1	45332380	45332022	1
1	45332489	45332165	3
1	45332489	45332174	3
1	45332489	45332219	3
1	45332489	45332222	3
1	45332688	45332390	0
1	45332688	45332403	0
1	45332835	45331419	1
1	45332835	45332573	0
1	45332946	45332573	0
1	45332960	45332762	1
1	45333171	45332917	0
1	45333325	45332566	0
1	45333325	45332578	0
1	45333325	45332614	0
1	45333325	45332745	0
1	45333325	45332762	0
1	45333325	45332917	1
1	45333325	45333052	1
1	45333325	45333096	1
1	45333498	45332676	0
1	45333498	45333284	1
1	45333562	45332762	0
1	45333562	45332917	1
1	45333562	45333284	3
1	45333565	45333284	2
1	45333595	45333284	2
1	45333604	45333284	2
1	45334512	45329245	2
1	45334512	45332573	0
1	45334512	45332762	0
1	45334512	45332839	0
1	45334512	45332917	0
1	45334512	45333284	2
1	45334512	45333412	0
1	45338657	45334390	0
1	45339936	45334390	0
1	45339943	45334390	0
1	45339947	45334390	0
1	45339955	45334390	0
1	45339956	45334390	0
1	45339996	45334390	0
1	45340001	45334390	0
1	45340011	45334390	0
1	45340081	45334390	0
1	45340092	45334390	0
1	45340116	45334390	0
1	45340164	45334390	1
1	45340236	45334099	2
1	45340382	45332762	0
1	45340388	45334390	2
1	45340389	45334390	2
1	45340398	45334390	1
1	45340415	45334390	1
1	45340416	45334390	1
1	45340433	45334390	1
1	45340448	45334390	1
1	45340471	45334390	0
1	45345995	45343882	0
1	45345995	45343883	0
1	45421847	45355302	0
1	45421847	45385911	0
1	45421847	45398732	0
1	45495474	45494391	4
1	45495546	45493865	0
1	45495546	45493925	0
1	45495546	45493936	0
1	45495546	45494908	0
1	45496624	45494908	0
1	45496624	45495417	0
1	45496624	45495431	0
1	45497384	45496210	0
1	45497384	45496555	0
1	45499444	45496555	0
1	45509348	45510528	20
1	45509509	45509974	17
1	45514638	45511035	1
1	45514638	45511046	1
1	45514638	45511050	1
1	45514896	45514506	4
1	45514996	45514506	1
1	45515808	45514872	1
1	45519055	45514872	2
1	45519055	45515653	1
1	4552146	4551734	0
1	45550877	45550965	57
1	45568685	45568926	0
1	45580966	45580891	0
1	45581322	45581218	1
1	45592784	45592721	0
1	45605731	45605656	0
1	45610996	45613168	1
1	45620834	45620043	0
1	45620834	45620044	0
1	45620834	45620110	0
1	45620834	45620352	0
1	45621114	45620527	0
1	45621114	45620722	0
1	45621485	45620902	0
1	45621996	45620722	0
1	45622349	45620902	0
1	45622349	45621876	0
1	45622668	45620993	0
1	45622668	45622240	0
1	45622668	45622280	0
1	45623968	45620222	0
1	45629679	45627303	2
1	45629679	45627305	2
1	45629679	45628227	3
1	45629716	45627956	4
1	45630607	45629575	6
1	45630607	45629587	6
1	45630758	45629575	3
1	45642500	45640209	1
1	45642500	45641669	1
1	45654830	45642426	1
1	45655247	45654542	2
1	45655320	45654542	2
1	45656160	45654270	0
1	45659143	45655189	0
1	45660390	45658754	5
1	45661226	45659027	1
1	45685621	45660183	0
1	45685621	45660416	0
1	45685621	45660548	0
1	45685621	45660676	0
1	45686537	45660183	0
1	45687147	45660529	0
1	45688114	45660797	0
1	45697076	45694683	1
1	45698056	45697058	4
1	45700191	45694323	6
1	45700191	45697058	7
1	45714253	45699744	0
1	45714467	45698710	0
1	45714467	45700069	0
1	46032262	46032325	20
1	46032702	46032704	0
1	46046089	46040139	0
1	46046089	46040141	0
1	46046089	46042640	0
1	46046089	46043660	0
1	46046089	46043661	0
1	46055972	46046550	0
1	46057435	46046550	0
1	46062072	46046550	0
1	46062072	46055794	0
1	46066180	46061928	0
1	46066180	46061949	0
1	46067092	46066053	0
1	46067092	46066055	0
1	46131957	46080641	0
1	46132617	46080641	0
1	46132643	46080641	0
1	46132912	46080641	0
1	46176479	46175485	0
1	46176489	46080641	0
1	46184398	46184593	1
1	46184884	46184959	0
1	46189358	46188682	123
1	46189568	46188681	11
1	46189568	46188682	11
1	46189568	46188683	11
1	46189568	46189241	9
1	46189990	46189457	1
1	46189990	46189483	1
1	46189990	46189518	1
1	46190518	46189853	0
1	46190785	46190472	0
1	46190973	46190472	0
1	46192224	46190719	0
1	46192342	46191615	0
1	46192437	46190116	0
1	46192437	46192097	0
1	46193389	46193173	0
1	46193640	46193304	0
1	46193801	46193173	0
1	46193926	46193173	0
1	46193926	46193563	0
1	46194402	46193304	0
1	46194402	46193382	0
1	46194402	46193854	0
1	46194652	46194273	0
1	46194962	46194552	2
1	46194962	46194581	2
1	46195925	46194552	3
1	46195925	46194843	1
1	46196078	46195483	3
1	46196078	46195810	0
1	46220292	46197701	0
1	46220306	46197701	0
1	46247747	46248343	12
1	46247802	46248398	7
1	46267678	46261195	0
1	46277981	46278071	11
1	46279085	46278400	160
1	46279258	46267494	0
1	46279258	46277461	27
1	46279258	46278400	9
1	46279258	46278402	12
1	46279258	46278906	0
1	46279615	46278403	0
1	46286113	46281124	1
1	46286500	46281124	1
1	46286500	46284166	4
1	46297634	46285004	0
1	46297634	46285361	0
1	46298371	46297562	1
1	46299891	46297562	0
1	46300781	46296741	0
1	46310045	46310154	2
1	46405795	46406037	0
1	46447890	46446672	0
1	46543970	46532165	0
1	46549268	46545643	0
1	46549268	46547348	0
1	46549268	46547379	0
1	46549268	46547427	0
1	46560278	46557407	0
1	46560278	46557417	0
1	46560278	46557418	0
1	46561643	46557407	0
1	46561643	46558392	0
1	46561643	46558698	0
1	46561643	46558755	0
1	46561643	46560233	0
1	46562844	46558232	0
1	46562844	46561477	1
1	46562844	46561481	1
1	46562844	46561571	1
1	46563036	46561476	0
1	46565064	46562648	0
1	46565137	46562648	0
1	46565137	46562748	0
1	46565427	46562698	3
1	46568463	46565040	0
1	46568499	46565040	0
1	46571540	46568442	0
1	46572168	46568442	0
1	46572168	46568455	0
1	46572168	46571416	0
1	46572301	46568442	0
1	46575021	46572062	0
1	46575021	46572108	0
1	46575021	46572157	0
1	46576655	46572062	0
1	46576655	46574825	0
1	46576655	46574946	0
1	46580628	46573733	0
1	46580628	46576267	0
1	46580628	46576574	0
1	46580628	46576583	0
1	46580628	46576588	0
1	46582906	46580529	0
1	46582924	46580529	0
1	46583330	46576574	0
1	46583330	46580433	0
1	46583330	46580439	0
1	46583330	46580529	0
1	46583330	46580595	0
1	46585561	46583227	0
1	46585936	46583227	0
1	46585972	46583227	0
1	46585975	46583227	0
1	46585975	46584546	0
1	46586270	46584503	0
1	46594207	46585873	0
1	46594232	46583227	0
1	46594262	46585873	0
1	46594281	46583227	0
1	46594281	46585873	0
1	46594281	46593522	0
1	46610205	46607714	0
1	46610205	46607718	0
1	46610205	46607724	0
1	46613372	46610001	0
1	46616466	46610001	0
1	46616844	46594112	0
1	46635971	46633677	60
1	46643302	46632736	0
1	46643302	46635040	0
1	46643302	46635044	0
1	46643302	46635325	0
1	46643302	46635633	0
1	46643302	46635707	0
1	46643302	46635896	0
1	46652629	46635078	0
1	46652629	46635422	0
1	46652629	46645160	0
1	46653868	46652420	0
1	46653868	46652580	0
1	46653868	46652603	0
1	46658190	46652580	0
1	46658728	46658126	0
1	46658738	46658126	0
1	46663924	46658686	0
1	46663924	46658703	0
1	46665365	46658686	0
1	46665365	46663832	0
1	46665373	46658686	0
1	46665856	46665255	0
1	46665879	46665255	0
1	46668103	46664541	0
1	46668110	46665255	0
1	46668180	46665255	0
1	46668365	46665255	0
1	46668428	46665255	0
1	46668455	46665255	0
1	46673868	46665255	0
1	46683426	46675158	0
1	46683426	46678262	0
1	46683426	46678289	0
1	46683426	46678406	0
1	46684565	46683221	0
1	46684603	46683299	1
1	46685145	46684490	0
1	46686871	46684171	0
1	46686871	46684490	0
1	46686930	46684490	0
1	46691938	46689586	0
1	46696597	46691826	1
1	46696650	46691826	1
1	46815076	46815078	0
1	46844615	46843094	0
1	46844615	46843177	0
1	46898985	46887250	0
1	46930311	46929179	0
1	46932838	46929176	0
1	46932838	46929636	0
1	46932838	46930040	0
1	46932838	46930047	0
1	46933048	46931505	0
1	46933048	46932430	0
1	46933048	46932760	0
1	46934006	46932982	0
1	46934080	46932760	0
1	46934080	46932982	0
1	46934132	46932982	0
1	46934247	46933914	0
1	46934367	46933945	0
1	46934560	46932760	0
1	46934560	46932982	0
1	46934560	46933945	0
1	46935648	46933945	0
1	47148872	47149635	0
1	47165921	47164509	0
1	47177070	47096652	0
1	47185098	47183592	0
1	47185098	47183970	0
1	47185345	47183599	0
1	47223620	47218687	0
1	47224077	47223383	0
1	47224099	47216289	0
1	47224099	47216291	0
1	47225890	47224003	0
1	47229352	47224071	0
1	47229352	47225442	0
1	47229352	47228346	0
1	47229454	47228347	0
1	47229772	47225442	0
1	47231219	47229195	0
1	47231716	47229195	0
1	47232221	47229195	0
1	47260540	47250138	0
1	47260540	47250141	0
1	47260540	47250621	1
1	47263063	47260288	0
1	47263063	47260418	0
1	47263114	47260288	0
1	47263114	47260429	0
1	47263117	47260288	0
1	47269867	47260288	0
1	47269867	47262902	0
1	47272242	47269634	0
1	47299969	47295764	0
1	47300153	47295764	0
1	47300153	47299904	9
1	47301726	47299776	1
1	47301749	47299904	4
1	47301749	47300109	5
1	47302347	47301560	4
1	47304997	47302233	0
1	47305318	47302233	0
1	47386357	47380927	0
1	47765548	47761131	0
1	47775440	47760527	0
1	47778545	47775169	0
1	47778545	47775237	0
1	47994213	47801472	0
1	47994598	47801472	0
1	48082197	48078786	0
1	48127949	48096091	0
1	48128022	48101714	0
1	48161872	48159548	0
1	48164913	48161798	0
1	48166821	48164630	0
1	48166821	48164709	0
1	48228955	48229102	0
1	48228955	48229294	0
1	48229166	48229294	0
1	48229178	48229294	0
1	48231626	48231945	0
1	48305879	48295371	0
1	48305879	48295373	0
1	48305879	48297836	0
1	48305879	48298643	0
1	48355770	48305786	0
1	48355770	48305798	0
1	48355770	48305804	0
1	48359723	48355444	0
1	48359771	48305786	0
1	48359771	48355669	0
1	48359771	48355717	0
1	48399645	48395266	0
1	48400851	48399350	0
1	48400912	48399350	0
1	48402745	48399350	0
1	48403883	48399051	0
1	48403883	48399350	0
1	48403883	48399582	0
1	48411589	48403801	0
1	48411605	48403801	0
1	48413152	48411463	0
1	48413152	48411486	0
1	48436424	48413109	0
1	48451587	48436332	0
1	48451601	48403801	0
1	48451601	48411463	0
1	48451601	48413109	0
1	48453132	48411463	0
1	48453132	48413109	0
1	485209	379768	0
1	485209	476363	0
1	48534917	48532854	0
1	48534917	48534172	0
1	48587167	48539641	0
1	48590986	48583869	0
1	48590986	48587003	0
1	48634605	48590832	0
1	48653452	48634207	0
1	48653452	48634492	0
1	48736453	48727522	0
1	48736453	48727866	0
1	48736453	48727869	0
1	48759256	48727872	0
1	48759285	48742622	0
1	48759367	48742622	0
1	48761471	48742622	0
1	48761471	48758899	0
1	48776736	48761047	0
1	48776919	48761336	0
1	48776933	48761336	0
1	48776970	48759206	0
1	48867231	48663151	0
1	48867231	48817506	0
1	489554	485065	0
1	49245865	49045583	0
1	493242	491224	1
1	49423135	49374200	0
1	495050	484831	0
1	495050	494463	2
1	495050	494474	2
1	495050	494610	0
1	495050	494770	0
1	4964554	4963953	0
1	496606	494381	0
1	49697438	49245769	0
1	49697438	49527227	0
1	497260	485039	0
1	497300	494991	0
1	498306	497133	0
1	498306	497204	0
1	498306	497239	0
1	498306	497244	0
1	498457	497108	0
1	498457	497209	0
1	498457	498046	0
1	498457	498072	0
1	498457	498280	0
1	49851519	49697312	0
1	498977	497274	0
1	499003	498398	0
1	499176	494991	0
1	499176	498398	0
1	50023901	49851395	0
1	50023914	49851395	0
1	501608	498983	0
1	501621	497108	0
1	501621	498398	0
1	50175869	50174305	0
1	50223128	50206083	0
1	502244	501555	0
1	50249994	50229661	0
1	502509	501555	0
1	50258122	50253836	0
1	50258774	50258027	0
1	502599	501555	0
1	502662	501603	0
1	50266590	50258632	0
1	50280176	50266309	0
1	50280176	50266335	0
1	50284119	50280034	0
1	502874	501555	0
1	50293025	50284016	0
1	502956	501587	0
1	50295607	50292926	0
1	50317659	50284101	0
1	50318407	50317212	0
1	50321112	50317907	0
1	50321121	50317227	0
1	50321121	50318281	0
1	50321125	50265741	0
1	50321162	50295519	0
1	50321171	50317186	0
1	50399774	50398824	0
1	50421545	50417549	0
1	50421633	50417549	0
1	50452194	50441275	0
1	50475680	50437027	0
1	50475680	50441275	0
1	50475680	50451792	0
1	505104	502464	0
1	505104	502861	0
1	50539729	50535368	0
1	50567232	50539591	0
1	50582700	50567076	0
1	50705892	50583651	0
1	50705892	50655441	0
1	50706052	50655441	0
1	50738955	50705783	0
1	50738955	50705785	0
1	50738955	50705880	0
1	50788206	50744683	0
1	50857998	50801630	0
1	5088374	5086458	0
1	51235097	51195094	0
1	51266075	51264915	0
1	51288956	51287257	0
1	51288956	51287811	0
1	51288956	51287969	0
1	51288956	51287985	0
1	51290120	51288838	0
1	51290626	51290004	0
1	51290626	51290091	0
1	51294512	51290513	0
1	51296171	51294390	0
1	51296171	51294457	0
1	51296861	51296078	0
1	51297961	51294390	0
1	51297991	51296078	0
1	51301734	51295537	0
1	51301734	51296078	0
1	51301734	51301392	0
1	51302417	51301571	0
1	51302417	51301704	0
1	51302574	51297217	0
1	51302574	51302356	0
1	51303159	51302505	0
1	51303193	51302505	0
1	51305147	51303083	0
1	51306077	51305080	0
1	51309326	51305976	0
1	51309431	51305976	0
1	51309431	51306023	0
1	51311322	51305976	0
1	51311322	51309260	0
1	51311322	51309391	0
1	51311322	51309398	0
1	51312196	51311253	0
1	51312196	51311256	0
1	51330948	51321720	0
1	51331347	51321720	0
1	51343079	51321720	0
1	51345117	51321720	0
1	51361356	51354262	0
1	51394448	51365952	0
1	51397212	51394211	0
1	51399166	51394380	0
1	51399166	51394418	0
1	51403452	51402434	0
1	51403533	51402434	0
1	51406109	51403418	0
1	51406109	51403428	0
1	51409697	51403418	0
1	514414	504469	0
1	514424	504864	0
1	514424	504979	0
1	51459149	51458395	0
1	51461151	51448045	0
1	51461151	51457535	0
1	51461151	51459040	0
1	51463750	51461122	0
1	51463799	51460943	0
1	51463799	51461090	0
1	51563739	51561865	0
1	51566542	51563624	0
1	51567333	51565529	0
1	51567844	51565557	0
1	51567844	51566305	0
1	51567844	51567173	0
1	51569751	51567173	0
1	51569751	51567731	0
1	51569751	51567751	0
1	517226	514358	0
1	517253	514358	0
1	517267	514358	0
1	51784026	51784263	0
1	51784328	51784441	3
1	51784583	51785807	1
1	51785887	51786525	0
1	51789658	51789190	5
1	51789658	51789195	5
1	51789658	51789211	5
1	51789823	51789216	6
1	51794611	51792045	0
1	51794611	51792376	2
1	51794855	51794471	1
1	51795709	51794471	3
1	51798412	51794822	0
1	51800684	51798248	2
1	51801095	51800555	0
1	51803965	51800555	0
1	51810405	51809314	0
1	51812099	51810280	0
1	51812099	51810290	0
1	51816390	51814692	0
1	51818136	51815928	0
1	51818136	51816311	0
1	51825383	51823663	0
1	51827870	51825286	0
1	51827870	51825296	0
1	51836439	51836130	1
1	51837573	51836368	1
1	51837621	51836368	1
1	51840455	51836368	51
1	51840515	51836130	5
1	51840515	51837486	53
1	51878041	51840225	0
1	51878724	51862113	0
1	51878772	51839991	0
1	51878806	51840225	0
1	51878938	51840225	0
1	51933443	51907955	0
1	51977118	51937293	0
1	51990765	51976889	0
1	52021013	52020130	436
1	52023575	52020130	0
1	52023575	52020152	0
1	52023575	52020913	0
1	52023575	52020925	0
1	52024580	52023490	0
1	52024657	52023068	0
1	52033351	52030366	18
1	52041598	52028577	5
1	52041598	52030366	0
1	52041598	52033284	11
1	52055177	52041536	0
1	52055192	52041536	0
1	52056172	52041536	0
1	52064939	52065286	3
1	52252774	52252061	0
1	52353648	52345722	0
1	52353648	52352531	7
1	52353648	52352537	7
1	52354455	52353517	0
1	52354699	52350592	0
1	52354699	52353088	0
1	52354699	52353517	0
1	52354699	52353518	0
1	52354699	52353530	0
1	52354699	52353602	0
1	52354699	52354364	0
1	52354866	52354607	0
1	52354940	52354607	0
1	52354966	52354654	0
1	52355450	52354839	0
1	52355450	52354886	0
1	52355667	52354839	0
1	52356303	52355770	0
1	52356443	52356185	0
1	52356443	52356254	0
1	52356561	52356185	0
1	52374898	52372828	0
1	52374898	52372830	0
1	52409607	52408284	5
1	52424003	52409485	0
1	52425508	52408281	0
1	52425508	52423274	0
1	52425508	52423562	0
1	52425508	52423635	0
1	52425508	52423867	0
1	52431082	52425348	0
1	52431113	52425348	0
1	52431119	52425348	0
1	52431228	52425348	0
1	52431439	52431012	8
1	52431461	52425348	0
1	52431461	52431125	6
1	52434671	52423402	0
1	52435466	52431012	0
1	52435466	52431246	0
1	52435466	52431287	0
1	52435466	52431316	0
1	52436964	52435364	0
1	52436976	52435364	0
1	52436979	52435364	0
1	52437256	52435364	0
1	52437702	52433088	0
1	52438336	52435364	0
1	52445870	52438219	0
1	52446005	52445786	0
1	52446443	52445956	0
1	52446629	52446264	0
1	52446651	52446264	0
1	52446668	52446264	0
1	52446668	52446399	0
1	52461224	52446589	0
1	52461224	52458335	0
1	52461617	52461133	0
1	52461717	52460956	0
1	52462913	52436754	0
1	52465174	52461711	0
1	52465174	52462177	0
1	52468268	52465069	0
1	52468491	52464962	0
1	52477883	52474831	0
1	52481636	52477707	0
1	52481636	52477737	0
1	52481924	52477707	0
1	52516055	52509595	0
1	52525931	52515890	2
1	52526374	52514777	2
1	52526374	52515890	1
1	52529886	52526019	0
1	52552983	52525562	0
1	52552995	52525562	0
1	52553070	52525562	0
1	52553083	52525562	0
1	52553091	52515890	0
1	52553091	52526049	0
1	52553101	52525562	0
1	52692868	52684450	2
1	52692868	52687561	2
1	52881731	52881215	0
1	52893791	52894043	0
1	52897485	52895909	0
1	52897485	52895983	0
1	52897485	52896231	0
1	52897485	52896232	0
1	52897485	52896238	0
1	52897485	52896402	0
1	52897485	52896547	0
1	52899225	52896222	0
1	52899225	52896231	0
1	52899225	52897436	0
1	52904834	52897436	0
1	52904834	52899173	0
1	52904834	52899176	0
1	52904848	52897436	0
1	52905091	52904645	0
1	52905173	52899173	0
1	52906612	52904645	0
1	52907955	52899173	0
1	52907955	52904645	0
1	52907955	52904788	1
1	52907955	52905033	0
1	52907955	52906518	0
1	52907955	52907311	0
1	52907955	52907598	0
1	52911654	52907447	0
1	52911654	52907838	0
1	52911654	52907867	0
1	52911656	52899173	0
1	52911677	52907867	0
1	52911791	52911563	0
1	52911791	52911565	0
1	52911791	52911598	0
1	52911889	52911565	3
1	52912022	52911563	0
1	52912022	52911565	0
1	52912226	52911599	0
1	52913931	52911722	0
1	52914078	52911722	0
1	52914096	52911563	0
1	52914096	52911565	0
1	52914096	52911722	0
1	52914096	52912753	0
1	52915293	52913894	0
1	52917616	52913419	0
1	52921516	52913894	0
1	52921533	52911722	0
1	52921587	52913894	0
1	52921704	52913894	0
1	52921715	52911722	0
1	52921719	52911722	0
1	52921722	52913719	0
1	52921727	52911722	0
1	52921763	52911722	0
1	52921768	52911722	0
1	52921775	52911722	0
1	52921786	52917543	0
1	52921920	52913894	0
1	52921920	52915130	0
1	52927180	52921552	0
1	52927213	52921552	0
1	5303394	5301927	0
1	53047938	53050608	0
1	53085503	53069937	0
1	53088980	53087178	0
1	53088980	53087182	0
1	53088980	53087183	0
1	53088980	53087519	0
1	53092788	53087183	0
1	53114974	53105731	0
1	53114974	53107927	0
1	53134430	53105731	0
1	53134430	53114757	0
1	53200800	53202322	0
1	53210410	53209782	49
1	53213473	53210289	8
1	53213776	53210455	16
1	53216057	53214098	0
1	53216057	53214136	0
1	53216057	53214374	0
1	53216057	53214473	0
1	53216860	53215990	0
1	53218204	53216781	0
1	53218204	53216785	0
1	53218361	53215990	0
1	53219921	53218413	0
1	53220345	53218866	0
1	53220593	53218866	0
1	53220601	53219534	0
1	53220618	53220260	1
1	53228955	53226891	1
1	53228955	53226925	0
1	53228955	53226930	0
1	53233653	53228871	3
1	53233940	53228871	4
1	53235636	53228871	1
1	53235636	53233121	1
1	53235636	53233541	0
1	53247057	53245748	82
1	53249557	53242363	0
1	53249557	53246957	0
1	53249557	53247017	0
1	53250863	53246552	0
1	53250863	53246567	0
1	53250863	53246955	0
1	53250863	53249379	0
1	53255186	53250689	0
1	53255186	53250764	0
1	53257324	53255116	0
1	53257465	53255116	0
1	53258075	53257242	0
1	53258472	53255116	0
1	53258472	53257239	0
1	53260606	53258318	0
1	53262208	53260463	0
1	53264397	53262067	0
1	53264397	53262445	0
1	53266590	53264168	0
1	53266648	53264168	0
1	53268599	53264168	0
1	53271154	53266472	0
1	53271347	53266472	0
1	53271347	53271027	0
1	53272643	53271226	0
1	53274821	53271226	0
1	53275754	53271226	0
1	53280716	53271226	0
1	53289690	53280586	0
1	53292139	53291790	0
1	53326993	53289331	0
1	53326993	53289566	1
1	53349234	53348487	0
1	53368246	53366667	0
1	53415525	53413162	0
1	53417667	53413148	0
1	53439570	53438710	0
1	53439976	53417527	0
1	53440021	53438369	0
1	53509288	53506236	0
1	53509288	53506241	0
1	53734205	53600100	0
1	53738107	53600100	0
1	53772490	53765459	3
1	53819080	53809694	0
1	53825937	53818969	0
1	53825937	53818970	0
1	53855052	53851718	0
1	53860154	53851732	0
1	53866383	53860055	0
1	53866925	53866194	0
1	53866925	53866199	0
1	53866925	53866200	0
1	53871489	53866757	0
1	53871489	53866803	0
1	53878403	53871371	0
1	53878723	53878314	0
1	53878723	53878321	0
1	53894287	53894410	0
1	53894356	53894438	0
1	53894468	53894470	0
1	53904704	53904706	0
1	53923948	53916573	0
1	53923948	53921560	0
1	53923948	53921561	0
1	53928441	53923532	0
1	53928441	53923903	0
1	53929001	53923903	0
1	53930146	53928371	0
1	53940098	53930038	0
1	53940101	53929496	0
1	53945573	53939984	0
1	53945603	53939682	0
1	53945611	53939984	0
1	53945930	53939984	0
1	53946111	53946448	0
1	53962123	53962295	0
1	54010411	54007298	0
1	54010411	54008738	0
1	54010411	54008832	0
1	54036719	54026680	0
1	54036719	54031662	0
1	54036719	54031675	0
1	54036719	54031965	1
1	54036803	54032018	1
1	54040838	54036598	0
1	54040838	54036601	0
1	54040838	54036609	0
1	54045787	54043372	0
1	54047373	54045485	1
1	54047373	54045691	1
1	54048014	54045691	1
1	54053442	54045691	1
1	54100225	54099967	0
1	54136809	54132685	0
1	54136809	54132967	0
1	54140107	54136629	0
1	54141434	54138994	0
1	54141434	54139752	0
1	54144814	54141097	0
1	54144814	54141223	0
1	54152923	54144465	0
1	54153007	54143391	0
1	54153007	54144465	0
1	54153771	54144465	0
1	54172695	54144568	0
1	54179353	54172335	0
1	54179353	54172355	0
1	54179353	54173217	0
1	54179353	54174418	0
1	54179353	54175544	0
1	54184266	54153095	0
1	54184266	54169650	0
1	54186287	54179148	0
1	54186287	54184160	0
1	54187740	54184160	0
1	54187740	54186180	0
1	54187883	54184160	0
1	54187883	54186152	0
1	54190838	54187651	0
1	54190897	54184160	0
1	54190897	54187651	0
1	54195437	54190737	0
1	54195594	54187651	0
1	54195617	54190747	0
1	54195682	54190747	0
1	54195716	54184160	0
1	54195716	54187651	0
1	54195716	54190550	0
1	54195716	54190737	0
1	54227161	54225432	11
1	54228357	54225431	0
1	54228357	54226516	0
1	54228357	54226631	0
1	54228357	54226638	0
1	54228357	54226919	0
1	54228357	54227133	0
1	54228478	54228254	0
1	54239200	54228747	0
1	54240960	54238988	0
1	54240960	54239095	0
1	54240960	54239128	0
1	54243300	54242163	0
1	54251672	54242855	0
1	54251693	54243188	0
1	54251693	54243234	0
1	54251693	54243236	0
1	54251693	54243271	0
1	54251861	54226646	0
1	54325440	54281437	0
1	54326473	54281437	0
1	54335882	54281437	0
1	54356819	54281437	0
1	54401946	54281437	0
1	54413254	54412707	0
1	54413480	54404857	0
1	54517260	54516411	0
1	54610556	54609181	0
1	54611746	54609181	0
1	54623557	54619863	0
1	54628439	54621476	0
1	54695491	54695695	0
1	54697691	54700068	0
1	54697691	54700075	0
1	54700232	54700320	0
1	54731550	54731654	11
1	54764515	54756897	0
1	54782478	54779711	0
1	54782478	54781595	0
1	54786145	54782324	0
1	54786145	54784550	0
1	54786145	54784553	0
1	54787076	54785982	0
1	54787793	54786956	0
1	54787827	54786956	0
1	54787906	54786642	0
1	54787996	54782324	0
1	54801199	54788041	0
1	54801268	54788041	0
1	5482029	5480786	0
1	54852387	54850875	300
1	54853613	54849626	7
1	54853613	54849632	7
1	54853613	54849642	28
1	54853613	54849663	88
1	54853613	54850341	188
1	54853613	54852202	6
1	54853613	54852366	6
1	54854235	54849652	6
1	54854235	54853433	3
1	54871614	54865302	2
1	54875212	54871349	4
1	54875212	54871494	8
1	54875212	54871591	9
1	54875212	54871601	9
1	54876048	54875092	14
1	54877999	54875941	0
1	54879320	54875941	0
1	54879806	54875941	0
1	54882736	54875975	0
1	54883774	54875941	1
1	54887784	54887860	13
1	5491582	5478735	0
1	5491582	5490828	0
1	5492608	5489794	0
1	5492608	5491143	0
1	5492890	5491143	0
1	5493058	5492487	0
1	54977863	54975194	0
1	54978748	54974899	0
1	54978748	54975194	0
1	54978748	54975231	0
1	54992275	54980949	0
1	55071925	55066358	0
1	55071925	55071272	4
1	55072404	55071812	3
1	55072404	55071813	3
1	55081425	55079537	1
1	55083365	55081321	0
1	55083365	55081386	0
1	55083889	55083271	1
1	55084422	55083842	0
1	55086039	55083771	0
1	55086425	55083771	0
1	55094088	55092820	0
1	55095320	55093552	0
1	55095397	55093936	0
1	55147799	55146928	0
1	55148571	55147648	0
1	5563356	5561708	0
1	55921412	55915608	0
1	55939281	55938713	0
1	55944964	55921364	0
1	55944975	55915606	0
1	56155803	56154544	0
1	56155803	56154656	0
1	56161168	56154656	0
1	56166160	56161117	0
1	56168343	56165805	0
1	56168491	56166079	0
1	56172590	56165782	0
1	56172667	56161117	0
1	56172667	56165786	0
1	56172731	56168238	0
1	56173803	56166079	0
1	56183621	56161117	0
1	56183621	56168238	0
1	56183621	56172555	0
1	56183621	56173420	0
1	56183621	56173432	0
1	56214866	56173421	0
1	56224526	56183494	0
1	56236435	56183494	0
1	56249201	56183494	0
1	56249201	56235990	0
1	56249201	56236087	0
1	56249201	56236374	0
1	56253894	56248284	0
1	56253894	56248293	0
1	56253894	56248366	0
1	56253894	56249029	0
1	56258501	56248293	0
1	56258501	56253652	0
1	56258572	56253652	0
1	56285571	56253652	0
1	56304561	56248311	0
1	56318577	56248323	0
1	56332263	56248885	0
1	56332407	56248284	0
1	56341729	56248293	0
1	56375300	56249029	0
1	56375300	56258368	0
1	56375309	56253652	0
1	56375315	56258368	0
1	56375319	56258404	0
1	56375354	56249029	0
1	56375372	56249029	0
1	56376203	56248293	0
1	56383220	56249029	0
1	56400268	56248360	0
1	56477688	56248773	0
1	56479112	56248284	0
1	56483455	56248284	0
1	56483455	56248293	0
1	56483455	56249029	0
1	56483455	56253652	0
1	56483455	56400093	0
1	56496677	56483262	1
1	56512040	56496554	0
1	56512153	56494746	0
1	56512153	56496275	0
1	56512153	56496554	0
1	56513772	56496433	0
1	56524496	56523822	0
1	56524555	56523822	0
1	56537113	56524276	0
1	56537113	56524307	0
1	56579569	56536954	0
1	56586243	56585611	0
1	56643625	56536954	0
1	56643625	56579167	0
1	5668256	5563169	0
1	5668296	5587367	0
1	56720056	56718803	0
1	56720056	56718870	0
1	56720056	56719649	0
1	56726584	56723587	0
1	56731968	56726543	0
1	56737148	56726496	0
1	56737648	56726547	0
1	56826921	56823678	0
1	56931879	56929209	0
1	56931879	56929211	0
1	56933382	56931593	0
1	56933489	56931809	0
1	56956911	56954685	0
1	56959658	56956768	0
1	56959658	56956854	0
1	56960177	56956768	0
1	56960177	56959528	0
1	56963994	56960019	0
1	56963994	56960062	0
1	56966016	56960019	0
1	56966058	56960019	0
1	56966141	56960019	0
1	57010791	56994777	0
1	57010791	56994781	0
1	57010791	56997898	0
1	57010791	56998024	0
1	57011273	57010679	0
1	57011273	57010694	0
1	57015432	57011144	0
1	57023640	57014882	0
1	57023640	57015351	0
1	57062944	57025980	0
1	57062944	57033522	0
1	57069426	57025980	0
1	57069426	57062883	0
1	57069426	57062889	0
1	57071062	57069359	0
1	57071642	57025980	0
1	57071642	57062883	0
1	57071642	57062889	0
1	57071642	57070733	0
1	57071642	57071022	0
1	57072415	57071177	0
1	57072415	57071521	0
1	57136642	57062883	0
1	57145430	57136542	0
1	57291066	57145289	0
1	57291067	57145289	0
1	57291167	57145289	0
1	57291167	57145416	0
1	57291169	57145289	0
1	57424058	57290963	0
1	57649666	57290963	0
1	57884086	57826070	0
1	57884163	57649591	0
1	58150589	57883998	0
1	58343404	58150510	0
1	58473969	58467926	0
1	58506200	58462551	0
1	58506210	58343351	0
1	58506210	58415383	0
1	58506210	58473825	0
1	58506210	58480718	0
1	58527336	58480877	0
1	58534061	58530600	0
1	58534332	58533952	0
1	58534332	58533986	0
1	58534332	58534046	2
1	58536742	58534157	0
1	58536742	58534293	0
1	58536742	58534302	0
1	58538819	58536512	0
1	58539311	58536512	0
1	58539311	58536690	0
1	58541610	58538794	0
1	58546707	58538794	0
1	58546709	58539032	1
1	58546731	58536512	0
1	58546735	58527260	0
1	58546759	58538794	1
1	58546801	58538794	1
1	58546803	58538794	1
1	5864034	5862810	0
1	5864034	5862812	0
1	5864034	5862817	1
1	5864034	5863264	0
1	5864518	5863889	0
1	5865274	5864337	0
1	58661228	58654738	0
1	58661228	58654739	0
1	58661228	58654750	0
1	58661228	58659152	0
1	5866459	5862810	0
1	5866459	5865101	0
1	5867116	5862810	0
1	5867116	5866372	0
1	5867653	5864337	0
1	58677057	58675476	0
1	5867897	5867029	0
1	5867897	5867081	0
1	58681897	58676771	0
1	58682546	58676925	3
1	5868376	5867029	0
1	58685252	58681784	0
1	58685252	58682408	0
1	58690250	58689037	4
1	58690395	58690225	9
1	58690418	58685152	0
1	58690418	58690187	9
1	58690418	58690225	9
1	58692932	58690339	0
1	58695208	58692405	0
1	58695208	58692860	0
1	586956	586070	0
1	586956	586277	0
1	5875101	5874470	0
1	5876079	5874873	0
1	5877299	5874873	0
1	5877299	5876385	0
1	5877467	5874904	0
1	5879633	5877092	0
1	5880240	5877092	0
1	5880240	5879345	0
1	5880240	5879504	0
1	5882850	5876878	0
1	58841220	58838447	0
1	588454	586820	0
1	5887467	5880113	0
1	5887467	5886494	0
1	58885006	58882871	0
1	58889209	58882867	0
1	58889209	58882871	0
1	58889209	58882873	0
1	58896010	58889148	0
1	58896666	58895844	0
1	58896704	58895844	0
1	58897091	58895844	0
1	58903680	58896997	0
1	58903748	58895844	0
1	59056050	59054396	0
1	59059683	59055998	0
1	59133331	59131935	0
1	59133331	59131959	0
1	59133331	59132375	0
1	59133331	59132472	0
1	59133331	59132513	0
1	59146828	59132472	0
1	59146835	59132375	0
1	59146835	59133230	0
1	59146835	59133255	0
1	59146876	59133230	0
1	59151242	59133230	0
1	59198513	59133230	0
1	59198622	59133230	0
1	59203307	59133230	0
1	59203469	59133230	0
1	59208122	59133230	0
1	59291369	59133230	0
1	594757	586820	0
1	59789183	59754746	0
1	598552	594307	0
1	59864667	59865162	0
1	59901104	59893307	0
1	59901104	59893315	0
1	59901104	59893316	0
1	59901104	59893319	0
1	59988569	59987268	0
1	59990834	59988485	0
1	59997817	59989151	0
1	59997817	59990393	0
1	59997817	59990396	0
1	59997817	59990799	0
1	601578	594190	0
1	601578	594197	0
1	601578	594307	0
1	601578	594457	0
1	601578	594628	0
1	60529250	60515715	0
1	60529250	60519962	0
1	60540434	60528918	0
1	60540434	60537680	0
1	60542412	60539094	0
1	60542412	60540248	0
1	60542412	60540249	0
1	60663026	60659630	0
1	60663026	60660226	0
1	60677413	60662984	0
1	60677413	60667106	0
1	60729668	60662984	0
1	608057	601397	0
1	608057	601435	0
1	6085794	6086157	0
1	60941253	60940238	0
1	60941253	60940394	0
1	60954371	60952510	0
1	60954603	60954053	0
1	60954603	60954321	0
1	6097358	6098484	0
1	6106288	6101792	0
1	6106288	6105080	0
1	6106288	6105082	0
1	6106288	6105090	0
1	61249982	61248944	0
1	61249982	61248993	0
1	61249982	61248997	0
1	61250129	61248995	0
1	61251370	61248993	0
1	61251370	61249947	0
1	61251408	61249947	0
1	61253485	61249947	0
1	61253485	61251011	0
1	61253511	61248964	0
1	61253511	61249947	0
1	61253511	61251284	0
1	6125613	6125099	0
1	6125859	6125523	0
1	6125859	6125533	0
1	6129070	6121493	0
1	6159516	6155598	0
1	6168278	6159335	0
1	6168278	6159429	0
1	61683547	61681045	0
1	61683547	61681046	0
1	61683547	61681048	0
1	61683547	61681244	0
1	61683858	61681047	1
1	61686896	61683496	0
1	61686922	61683451	0
1	61694771	61683271	0
1	61694771	61683416	0
1	61694771	61686791	0
1	61696242	61694696	0
1	61701026	61694153	0
1	61701026	61694696	0
1	61701026	61694697	0
1	61701026	61697508	0
1	6193055	6181268	0
1	6193055	6185019	0
1	6193055	6186574	0
1	6193055	6186614	0
1	6193055	6186691	0
1	6193055	6186722	0
1	6197757	6192926	4
1	6197757	6192929	4
1	6197758	6192929	4
1	6199564	6192929	2
1	6205414	6204839	4
1	6208740	6197651	0
1	6208740	6200488	1
1	6209344	6209413	8
1	6210439	6210869	0
1	6210939	6211020	0
1	6212734	6213065	3
1	6212904	6213065	5
1	62161390	62162882	1
1	62162865	62162867	0
1	62162880	62162884	0
1	6223503	6221897	103
1	62247673	62236978	0
1	62247673	62237543	0
1	62319302	62281548	0
1	62319415	62281548	0
1	6232120	6221192	0
1	6232120	6223490	0
1	6232120	6224598	0
1	6235941	6234885	3
1	6235973	6234885	3
1	62457706	62454297	0
1	62457706	62454725	0
1	62457706	62454829	0
1	62457706	62455009	0
1	62457706	62455012	0
1	62457706	62455032	0
1	62457706	62455413	0
1	62459200	62454897	0
1	62474045	62460933	0
1	62474089	62457537	0
1	62475352	62473981	0
1	62475352	62474009	0
1	62475944	62475207	0
1	62476157	62475706	0
1	62476190	62475211	1
1	62477044	62476070	0
1	62477763	62477058	0
1	62477826	62476066	0
1	62477826	62476144	0
1	62477835	62476066	0
1	62479005	62476066	0
1	62481475	62478700	0
1	62481498	62477752	0
1	62483039	62477699	0
1	62485564	62481468	0
1	62485697	62481470	0
1	62487413	62477699	0
1	62487413	62482860	0
1	62487453	62477699	0
1	62489066	62477699	0
1	62492761	62488933	0
1	62492848	62477699	0
1	62492848	62485658	0
1	62492848	62488933	0
1	62494468	62492703	0
1	62495299	62492305	0
1	62496381	62495846	0
1	62496498	62495580	0
1	62505817	62504629	0
1	6250625	6247345	2
1	62508059	62505681	0
1	62508059	62505790	0
1	62535633	62529276	0
1	62539893	62539544	0
1	62542704	62539751	0
1	62542704	62539843	0
1	62543322	62542607	0
1	62543746	62542607	0
1	62543746	62543285	0
1	62545040	62542636	0
1	62545040	62543655	0
1	62552900	62543638	0
1	62552902	62542607	0
1	62552902	62543655	0
1	62555887	62555290	0
1	62555990	62552731	0
1	62559221	62555824	0
1	62561635	62558988	0
1	62561670	62558988	0
1	62561704	62558988	0
1	62561704	62558997	0
1	62586625	62578827	0
1	62586625	62583183	0
1	62586625	62584104	0
1	62586625	62584402	0
1	62604236	62604632	0
1	62618718	62586506	0
1	62618787	62597522	0
1	62618869	62586506	0
1	62625402	62619899	0
1	62631406	62625097	0
1	62631406	62625258	0
1	62631406	62627558	0
1	62634923	62633497	0
1	62634923	62633899	0
1	62636604	62634772	0
1	62647722	62638310	0
1	62647777	62636536	0
1	62688265	62663024	0
1	62688276	62663024	0
1	62688283	62687590	3
1	62688345	62663024	0
1	62688369	62663024	0
1	6281287	6264268	0
1	6281287	6264272	0
1	628224	627376	0
1	6282797	6281101	0
1	6282797	6281252	0
1	6282889	6281101	0
1	629007	607954	0
1	629007	612740	0
1	6294981	6281101	0
1	6294981	6281129	0
1	63010926	63000496	0
1	63011198	62975750	0
1	63011269	63000496	0
1	63012472	63000496	0
1	63016746	63012210	0
1	63079032	63078080	0
1	631151	628918	7
1	631205	628918	9
1	63160263	63159086	0
1	63160263	63159087	0
1	63160263	63159089	0
1	63160411	63159086	0
1	63164356	63162546	0
1	63170425	63162546	0
1	63171176	63169927	0
1	63171176	63170156	0
1	63183580	63162546	0
1	63183580	63170151	0
1	63183580	63174471	0
1	63185662	63171564	0
1	63190525	63171117	0
1	63190525	63183439	0
1	63190525	63185558	0
1	63199002	63190439	0
1	63199021	63189988	0
1	63199021	63190439	0
1	63258051	63198715	0
1	63258051	63257021	0
1	63261805	63222884	0
1	63262701	63261741	0
1	63304747	63164243	0
1	63304747	63190439	0
1	63304747	63198715	0
1	63304747	63203104	0
1	63304747	63257984	0
1	63304747	63262599	0
1	633130	628918	4
1	63321464	63320883	0
1	63321530	63320883	0
1	63323583	63321366	0
1	63324442	63321366	0
1	63428802	63428927	0
1	63446857	63440772	0
1	63446857	63442509	0
1	63447061	63440769	0
1	63447615	63446805	0
1	63447790	63446557	0
1	63453975	63440799	0
1	63453975	63446805	0
1	63453975	63447564	0
1	63453975	63449302	0
1	63453975	63451724	0
1	63453975	63453775	0
1	63454474	63453614	0
1	63454474	63453917	0
1	63457696	63454889	0
1	63478834	63454889	0
1	63478834	63457683	0
1	63490215	63478763	0
1	63490219	63478763	0
1	63508571	63454889	0
1	63508571	63457464	0
1	63508571	63490082	0
1	63508571	63490102	0
1	63523256	63490082	0
1	63568520	63571020	0
1	63593722	63529130	0
1	6393767	6349748	0
1	6394392	6349748	0
1	64108394	64094441	0
1	64110794	64105321	0
1	6416632	6413049	0
1	64171298	64113628	0
1	6419341	6415231	0
1	6419703	6412417	0
1	6419703	6412999	0
1	6419703	6418413	0
1	6419703	6418848	0
1	6419703	6419240	0
1	6445682	6443033	0
1	6447007	6445561	0
1	6448803	6448892	3
1	6451749	6451832	0
1	6460981	6461179	0
1	6462175	6460785	6
1	6462175	6461150	0
1	6462175	6461203	0
1	6462175	6461433	0
1	6462175	6461479	0
1	6462175	6461755	0
1	6462608	6461993	0
1	6462664	6461993	0
1	6462667	6461993	0
1	6462957	6462628	0
1	6462971	6461993	0
1	6462971	6462628	0
1	6462971	6462636	0
1	6463128	6461993	0
1	6463128	6462628	0
1	6463148	6462628	0
1	6463348	6462628	0
1	6463623	6462628	0
1	6464454	6462628	0
1	6464454	6462862	0
1	6464454	6463064	0
1	6464454	6463071	0
1	6464454	6463535	0
1	6464720	6461993	0
1	6464720	6462628	0
1	6464720	6464110	1
1	6464720	6464374	2
1	6465223	6462862	0
1	6465223	6464551	0
1	6465273	6464551	0
1	6465561	6461993	0
1	6465561	6462628	0
1	6465561	6464551	0
1	6465859	6464566	0
1	6466100	6464551	0
1	6466100	6465087	0
1	6466100	6465439	0
1	6466108	6465439	0
1	6466176	6465439	0
1	6466196	6465439	0
1	6467894	6467121	8
1	6467899	6467121	8
1	6468587	6466091	8
1	6468587	6467121	9
1	6469242	6467121	4
1	64835507	64833228	0
1	64839796	64838464	0
1	64841259	64839495	0
1	64841340	64839602	0
1	64841602	64841244	0
1	64844216	64841450	0
1	64844216	64841473	0
1	64844890	64844063	0
1	64844890	64844095	0
1	64860263	64857655	1
1	64864857	64859641	0
1	64864973	64860104	0
1	64879064	64875984	0
1	64879149	64873369	0
1	6496570	6477528	0
1	64966505	64886258	0
1	6496697	6477528	0
1	6497097	6496492	0
1	6497391	6496492	0
1	64974716	64972224	0
1	64974716	64972364	0
1	64979733	64974610	0
1	64979733	64974611	0
1	64979733	64974614	0
1	64979869	64979562	0
1	64979869	64979576	0
1	64987674	64979576	0
1	64989495	64974574	0
1	64989495	64979576	0
1	64989495	64979810	0
1	64990063	64974574	0
1	64990842	64973657	0
1	64993013	64989434	0
1	64993356	64991297	0
1	64993582	64991297	0
1	64993582	64992748	0
1	64993582	64993202	0
1	64993582	64993230	0
1	64995089	64991297	0
1	64995089	64993002	0
1	64995089	64993471	0
1	64995089	64993476	0
1	6506159	6496492	0
1	65067738	65066626	0
1	65078132	65077412	0
1	6520010	6496492	0
1	6520062	6496492	0
1	6526830	6521346	4
1	65306522	65279455	0
1	6532080	6528993	0
1	6532761	6531967	8
1	6532761	6531994	8
1	6533386	6532228	4
1	6533442	6532462	5
1	6541928	6533279	0
1	6549699	6545044	0
1	6550489	6549255	0
1	6550616	6549570	0
1	6554501	6549361	0
1	65578381	65576128	0
1	6586031	6586694	0
1	6586788	6587204	1
1	6588197	6588277	3
1	6588443	6588755	1
1	6588845	6588915	0
1	6595558	6590723	10
1	6595558	6593192	14
1	6595558	6593380	7
1	6595558	6594080	11
1	6599453	6590723	4
1	6599453	6595484	8
1	6603685	6593204	9
1	66046262	66042499	0
1	6632496	6632795	0
1	66332260	66332507	0
1	66332260	66332510	0
1	6636247	6634167	1
1	6636247	6635112	0
1	6637341	6636116	1
1	6637505	6637197	0
1	6637505	6637300	2
1	6638365	6637197	1
1	6645979	6634167	2
1	6645979	6645040	0
1	6651181	6645799	7
1	6651603	6645788	2
1	6651603	6645870	4
1	6651603	6645875	4
1	6652952	6651016	4
1	6652952	6651528	6
1	6654040	6652828	7
1	6654040	6652913	9
1	66677028	66665863	0
1	6667811	6653808	0
1	6667811	6653910	0
1	6667811	6654107	0
1	66770479	66770578	0
1	6678468	6667708	0
1	6678468	6670460	0
1	66801257	66797740	0
1	6681038	6667708	0
1	66822518	66812884	0
1	66822518	66812890	0
1	66822518	66813969	0
1	66827911	66826819	0
1	66833707	66826819	0
1	66833707	66827811	0
1	66837797	66833990	0
1	66837797	66835625	0
1	66840672	66837602	0
1	66840672	66837606	0
1	66840672	66837709	0
1	66862303	66847483	0
1	66862303	66847923	0
1	66862304	66840468	0
1	66862305	66860712	0
1	66871510	66862146	0
1	66871510	66862272	0
1	66874879	66871369	0
1	66874938	66870804	0
1	66874938	66871369	0
1	66891267	66871369	0
1	66893362	66891153	0
1	66893414	66871369	0
1	66893414	66890182	0
1	66893414	66891153	0
1	66905304	66893228	0
1	66905376	66893228	0
1	66905376	66893276	0
1	66907017	66904858	0
1	66919117	66905200	0
1	66924697	66921242	0
1	66924820	66893228	0
1	66924820	66919017	0
1	66924841	66905200	0
1	66924847	66905200	0
1	66924888	66905200	0
1	66984593	66986402	3
1	66984653	66986402	3
1	67009168	66999331	0
1	67095422	67092164	0
1	67095422	67092175	0
1	67095422	67093558	0
1	67096322	67092175	0
1	67096322	67092947	0
1	67096322	67095234	0
1	67103383	67096251	0
1	67103383	67096295	0
1	67115465	67096251	0
1	67125910	67092394	0
1	67125910	67092396	0
1	67125910	67115351	0
1	67231853	67131141	0
1	67231854	67131141	0
1	67415340	67407809	20
1	67415340	67411037	22
1	67415340	67412384	17
1	67415340	67412866	21
1	67415340	67413215	22
1	67420187	67415165	4
1	67420566	67415272	7
1	67424278	67419764	16
1	67424278	67420008	16
1	67424323	67420008	13
1	67424415	67420008	8
1	67424960	67420008	18
1	67424960	67424199	18
1	67424960	67424284	18
1	67424978	67420008	18
1	67424978	67424199	18
1	67425224	67424199	18
1	67686127	67686349	737
1	67686127	67686403	688
1	67707713	67701465	0
1	67777508	67707593	0
1	67833437	67777137	0
1	67833468	67777457	0
1	6784224	6783891	0
1	68050628	68045961	0
1	68050799	68045895	0
1	68137934	68098472	0
1	68137934	68125357	0
1	68137934	68125491	0
1	68138163	68125973	0
1	68144653	68137779	0
1	68144653	68142603	0
1	68148661	68148135	0
1	68150357	68148562	0
1	68150357	68148566	0
1	68153654	68150187	0
1	68153654	68150267	0
1	68155185	68153516	0
1	68155261	68153516	0
1	68155261	68153553	0
1	68159248	68155098	0
1	68159248	68155171	0
1	68159248	68155242	0
1	68176378	68159122	0
1	68186650	68159183	0
1	68193989	68159122	0
1	68194222	68159122	0
1	68194228	68159122	0
1	68194228	68186539	1
1	68228256	68193954	0
1	68231688	68159122	0
1	68231826	68193954	0
1	68232281	68159122	0
1	68232524	68193857	0
1	68232524	68193954	0
1	68232545	68159122	0
1	68232546	68193954	0
1	68232554	68193954	0
1	68233019	68193954	0
1	68233121	68193954	0
1	68431177	68428821	0
1	68477973	68474151	2
1	68477973	68475573	16
1	68477973	68476896	7
1	68481613	68479143	1
1	68482239	68479143	2
1	68482898	68481439	11
1	68483306	68482640	6
1	68484091	68481439	9
1	68484091	68482045	6
1	68484091	68483272	3
1	68486985	68483949	0
1	68488505	68486936	2
1	68488505	68486940	2
1	69217071	69215834	0
1	69249424	69243371	0
1	69249478	69218094	0
1	698960	607954	0
1	70021380	70013981	0
1	70022399	70020822	0
1	70022399	70021247	0
1	70138285	70140348	0
1	70138285	70140542	0
1	7014280	7008375	0
1	70148673	70144804	0
1	70152544	70151127	0
1	70181210	70178850	0
1	70221024	70218588	0
1	70221401	70221614	43
1	70230619	70231094	4
1	70231204	70231858	7
1	70231976	70232267	3
1	70250048	70250364	1
1	70270957	70260587	0
1	70270957	70261236	0
1	70270957	70262273	0
1	70292550	70276764	0
1	70296262	70292145	0
1	70296262	70292387	0
1	70306291	70300763	0
1	70306291	70305685	0
1	70360438	70359561	1
1	703790	586944	0
1	703790	701935	0
1	70720290	70715932	0
1	70862398	70852441	0
1	70953790	70852352	0
1	70953790	70852572	0
1	70953790	70862304	0
1	70953790	70865688	0
1	70953790	70869243	0
1	70953790	70952431	0
1	70974389	70953762	0
1	70974389	70970780	0
1	70998320	70997158	0
1	71009029	71002179	0
1	71009472	71009017	0
1	71012485	70852352	0
1	71012485	70869243	0
1	71012485	70953762	0
1	71012485	70974292	0
1	71012485	70974296	0
1	71012485	71009457	0
1	71047634	71012304	0
1	71047789	71012304	0
1	71047809	70852352	0
1	71047809	71006630	0
1	71047809	71012287	0
1	71047809	71012304	0
1	71065753	71063336	11
1	71065753	71065053	3
1	71066935	71063290	0
1	71066935	71065042	12
1	71066935	71065677	2
1	71066935	71065718	6
1	71067087	71065677	5
1	71067207	71065086	11
1	71067514	71063296	12
1	71069363	71066775	0
1	71069601	71066775	0
1	711923	601397	0
1	711923	698926	0
1	711923	703684	0
1	71401880	71402098	0
1	71401880	71402495	0
1	71439839	71407491	0
1	71592969	71395939	0
1	71592969	71402943	0
1	71698140	71611025	0
1	71703406	71697935	0
1	71776298	71697945	0
1	71776298	71698007	0
1	71798271	71794231	0
1	71935312	71776171	0
1	720151	703684	0
1	720195	711710	0
1	720201	607954	0
1	720201	711764	0
1	720201	711866	0
1	72282735	71935078	0
1	724565	720052	0
1	72749277	72748920	0
1	72850801	72749165	0
1	72898884	72850749	0
1	732208	720031	0
1	732213	720031	0
1	733365	725884	0
1	73789972	73787369	0
1	7389420	7388182	0
1	7389440	7382486	0
1	73906013	73789839	0
1	74041934	74026014	0
1	74041934	74026030	0
1	74041934	74026240	0
1	74074791	74026014	0
1	74084217	74078654	0
1	74095124	74083792	0
1	74109554	74074660	0
1	74109554	74081917	0
1	74109554	74084126	0
1	74155850	74109393	0
1	74155867	74109393	0
1	74155867	74144383	0
1	74182623	74155662	0
1	74182862	74155732	0
1	74182862	74179906	0
1	74183512	74155732	0
1	74183685	74155732	0
1	74183685	74182537	0
1	74198148	74180222	0
1	74198148	74183435	0
1	74198156	74183435	0
1	74198188	74183435	0
1	74204457	74205218	30
1	74366727	74341578	0
1	74369120	74366582	0
1	74370393	74375564	0
1	74378720	74376600	0
1	74378803	74368988	0
1	7441555	7441095	0
1	74475811	74469877	0
1	74573492	74568110	0
1	74573492	74568116	0
1	74576937	74571098	0
1	74576937	74573474	0
1	74579764	74571098	0
1	74590081	74576894	0
1	74599932	74589326	0
1	74599932	74589630	0
1	74612810	74606600	0
1	74620915	74612622	0
1	74620915	74612783	0
1	74623286	74620733	0
1	74631929	74620733	0
1	74631929	74623047	0
1	74706995	74705481	0
1	74706995	74705485	1
1	74706995	74705489	1
1	74706995	74705971	0
1	74707205	74706898	0
1	74708828	74705487	0
1	74710248	74706898	0
1	74710248	74707102	0
1	74710248	74707104	0
1	74714631	74710097	0
1	74714631	74710108	0
1	74764151	74766283	21
1	75132577	75129973	0
1	75133059	75127829	0
1	75211553	75202130	0
1	75211553	75204474	0
1	75243012	75242000	0
1	75251295	75242885	0
1	75251295	75242919	0
1	75541517	75396582	0
1	75541517	75398354	0
1	75611085	75541434	0
1	75611097	75541434	0
1	75611117	75541434	0
1	75720406	75641177	0
1	75720406	75710002	0
1	75732923	75733050	0
1	75732923	75733527	0
1	75733150	75733527	0
1	75786798	75787496	72
1	75786866	75787496	60
1	75786917	75787496	67
1	75786966	75787496	81
1	75787605	75789158	57
1	75787605	75789951	41
1	75789357	75789951	67
1	75789357	75790151	66
1	75790058	75790151	48
1	75790275	75790445	17
1	759124	756076	0
1	75922360	75918872	0
1	765248	758966	0
1	765248	764722	1
1	766388	764722	0
1	76758405	76758123	0
1	77122360	77088989	0
1	77122360	77092201	0
1	77154622	77122274	0
1	77161406	77153535	0
1	77161406	77154448	0
1	77161406	77154493	0
1	77206732	77169259	0
1	77210490	77166718	0
1	77219431	77166718	0
1	77349586	77346045	0
1	77566182	77562415	1
1	77566182	77564499	6
1	77566182	77564505	6
1	77566182	77564887	29
1	77581070	77578773	0
1	77581070	77579526	1
1	77581889	77580997	2
1	77581889	77581017	2
1	77581892	77579526	1
1	77581892	77580997	2
1	77582127	77580997	1
1	77582127	77581775	1
1	77582127	77581817	0
1	77631922	77584516	0
1	77632877	77584516	0
1	77633406	77584516	0
1	77639603	77584516	0
1	77639603	77631849	3
1	77639603	77633181	0
1	77639603	77633245	0
1	77639603	77633311	2
1	77641447	77639448	0
1	77641656	77639448	0
1	77641656	77640953	0
1	77641656	77641383	0
1	77682644	77641521	0
1	77682659	77641521	0
1	77682676	77641521	0
1	77682676	77676981	0
1	77683375	77641521	0
1	77683404	77641521	0
1	77683420	77641521	0
1	77697932	77695986	0
1	77697932	77695990	0
1	77701472	77697862	0
1	77701652	77697608	0
1	77711856	77697862	0
1	77711856	77701368	0
1	77713282	77711651	0
1	77713282	77711664	0
1	77713282	77711746	0
1	77713282	77711784	0
1	77713509	77711501	0
1	77718048	77715741	1
1	77718642	77717644	0
1	77718642	77717777	0
1	77718642	77717866	0
1	77718642	77718023	0
1	77718713	77717539	0
1	77734417	77730617	0
1	77736159	77734346	0
1	77736159	77734356	0
1	77739418	77736055	0
1	77740935	77739310	0
1	77740935	77739330	0
1	77740940	77739264	0
1	77740940	77739376	0
1	77740940	77739397	0
1	77859057	77859313	0
1	77859387	77860039	0
1	77860127	77861223	0
1	77876164	77877052	17
1	77889269	77881347	3
1	77926612	77926715	0
1	77942819	77942899	27
1	77945643	77944054	4
1	77945896	77944054	0
1	77946577	77944054	1
1	77946577	77945505	3
1	77947548	77946529	4
1	77947553	77946481	4
1	77947553	77946529	4
1	77947693	77946529	5
1	77948334	77945505	6
1	77949268	77947452	6
1	77949301	77945505	8
1	77949301	77946529	4
1	77949301	77947452	8
1	77949301	77948404	15
1	77955283	77949154	6
1	77955330	77949154	5
1	77955340	77949154	5
1	77955459	77948969	5
1	77956701	77955254	2
1	77965232	77964869	0
1	77966752	77965068	0
1	78024862	78022564	0
1	7811605	7810241	0
1	7829952	7830005	0
1	7846767	7843082	0
1	7847883	7846691	0
1	7849684	7847613	0
1	7849684	7847765	0
1	7849684	7847803	0
1	78628019	78628950	0
1	78628394	78628950	0
1	78655210	78655361	0
1	78891217	78889763	6
1	78891693	78889763	1
1	78891693	78891153	1
1	78891693	78891157	1
1	79324853	79323768	0
1	7933297	7915893	0
1	7933297	7919846	0
1	7933297	7921799	0
1	7935101	7933161	0
1	7935144	7933126	0
1	7935144	7933161	0
1	7943166	7940783	0
1	7999935	7998186	0
1	8000186	8000605	0
1	80050853	79967732	0
1	8015385	8011718	46
1	8015401	8014039	41
1	8015634	8013426	55
1	8015693	8004403	0
1	8015693	8013738	42
1	8015693	8015307	37
1	80374622	80373363	0
1	80584364	80534977	0
1	8058464	8057244	0
1	805892	800878	0
1	808624	805798	0
1	810162	808573	0
1	810171	808573	0
1	81514707	81513879	0
1	81557703	81514834	0
1	81557833	81557120	0
1	81588445	81585940	0
1	81625714	81588299	0
1	8220530	8218189	0
1	82261080	82215219	0
1	82478702	82474633	0
1	82485852	82477889	0
1	82555552	82478568	0
1	82555562	82212412	0
1	827770	711710	0
1	827797	698926	0
1	82979287	82973881	0
1	82979287	82973928	0
1	83397746	83397567	0
1	8355083	8352908	10
1	8355600	8352396	11
1	8355600	8352405	11
1	8355600	8353942	6
1	8355600	8354092	11
1	8355600	8354625	2
1	8356247	8355418	0
1	8356247	8355520	3
1	8364256	8362682	0
1	8364839	8355418	1
1	8364839	8363709	2
1	8364839	8364055	0
1	8365975	8364745	0
1	83750300	83575775	0
1	83850023	83801515	0
1	83850023	83831620	0
1	83860971	83831620	0
1	83860997	83750197	0
1	83879984	83865027	0
1	83879984	83869697	0
1	83882788	83865027	0
1	83883137	83865027	0
1	83883137	83869765	0
1	83883137	83882668	0
1	83885095	83882962	0
1	83887285	83882962	0
1	83890482	83882962	0
1	83890482	83883012	0
1	83902241	83890320	0
1	83904160	83890320	0
1	83904160	83902008	0
1	83904160	83902153	0
1	83911364	83907455	0
1	83912504	83911164	0
1	83912981	83911235	0
1	83913041	83912443	0
1	83917687	83911164	0
1	83917691	83911164	0
1	83917691	83912932	0
1	83917691	83912995	0
1	83917705	83911164	0
1	83919835	83911164	0
1	83919835	83917603	0
1	83919835	83917685	0
1	83949987	83948627	0
1	83951928	83949312	0
1	83951977	83949864	0
1	83984301	83979117	0
1	83999026	83929135	0
1	83999093	83952186	0
1	83999108	83952186	0
1	83999133	83952186	0
1	83999151	83933607	0
1	83999151	83952186	0
1	84016660	84015864	0
1	84179174	84179175	0
1	8422808	8365811	0
1	8422808	8365854	0
1	8422808	8365875	0
1	8422808	8365879	0
1	8423248	8422726	0
1	8423420	8422726	0
1	8423667	8422726	0
1	8424235	8422726	1
1	8425213	8422726	1
1	84365682	84364388	0
1	84365682	84364957	0
1	84367741	84363705	0
1	84367741	84365588	0
1	84367745	84365427	0
1	84370028	84367649	0
1	84370028	84367656	0
1	84370028	84367660	0
1	84397832	84384597	0
1	84501971	84498324	2
1	84501971	84498328	2
1	84501971	84498349	4
1	84550531	84553034	0
1	84556689	84501825	0
1	84563419	84549605	0
1	84563419	84553120	0
1	84563419	84554537	0
1	84563419	84554852	0
1	84566013	84563734	0
1	84570140	84565840	0
1	84570721	84565840	0
1	84631747	84628229	0
1	84637107	84636157	0
1	84649949	84647338	0
1	84650528	84643706	0
1	84650528	84647340	0
1	84650528	84647375	0
1	84650528	84649670	0
1	84651998	84649629	0
1	84651998	84650361	0
1	84652442	84650370	0
1	84655589	84651882	0
1	84656006	84651882	0
1	84656006	84655464	0
1	84656014	84655317	0
1	84658469	84656347	0
1	8466024	8422726	0
1	8466024	8422789	0
1	84662376	84658317	0
1	84662531	84658206	0
1	84666233	84664416	0
1	84669894	84666118	0
1	84669894	84666121	0
1	84670816	84666121	1
1	84690290	84651882	0
1	84865544	84813915	0
1	84866139	84813403	0
1	84866160	84811601	0
1	84929680	84925582	0
1	84929680	84925907	0
1	84929680	84926684	0
1	84929845	84926425	0
1	84937878	84931361	0
1	84937878	84937459	1
1	8495163	8464969	0
1	8495163	8465924	0
1	84965709	84958528	0
1	84972035	84965548	0
1	8497530	8495062	0
1	8497530	8495150	0
1	84996941	84965548	0
1	84997113	84965548	0
1	84997114	84965548	0
1	85021277	85018081	0
1	85021277	85018082	0
1	85021277	85018907	0
1	85026089	85022298	0
1	85026285	85024556	0
1	85026285	85024823	0
1	85026285	85025938	0
1	85029206	85024540	0
1	85029206	85026171	0
1	85029960	85026171	0
1	85164758	85156872	0
1	85183201	85178145	3
1	85190753	85181158	1
1	85190753	85182097	0
1	8519793	8508626	0
1	85258723	85249952	6
1	85258723	85251967	7
1	85258723	85257442	9
1	8525940	8508626	0
1	8526040	8497404	0
1	85270907	85265775	0
1	85270907	85267623	0
1	85270907	85267728	0
1	85270907	85269053	0
1	85275751	85270617	5
1	85276404	85270805	50
1	85276419	85270617	3
1	85276457	85270617	3
1	85276633	85270617	0
1	85276905	85270617	2
1	85324884	85318480	0
1	85324884	85318484	0
1	85324884	85318485	0
1	85324884	85321451	2
1	85404529	85358747	0
1	8541319	8508626	0
1	85465141	85358747	0
1	85488391	85482280	0
1	85494762	85488298	0
1	85496282	85358747	0
1	85496282	85488290	0
1	85496282	85493416	0
1	85496282	85494728	2
1	85496282	85495738	0
1	85521811	85495430	0
1	8556572	8541213	0
1	8556572	8541223	0
1	8557524	8556474	0
1	8557524	8556475	0
1	85657972	85649422	0
1	85657972	85652807	0
1	85734965	85729232	0
1	85734965	85730081	0
1	85736560	85734788	0
1	85737506	85734748	0
1	85889614	85877121	0
1	86031923	86022953	0
1	86126215	86115324	0
1	86146184	86124844	0
1	86146184	86126091	0
1	86156472	86146118	0
1	86156472	86154072	0
1	86156764	86146118	0
1	86296784	86288720	0
1	86313701	86288703	0
1	86313701	86288878	0
1	86352985	86346823	0
1	86352985	86348736	3
1	86352985	86348737	3
1	86352985	86348831	3
1	86352985	86350093	1
1	86352985	86350094	1
1	86354693	86352858	0
1	86354693	86352901	0
1	86354693	86352919	0
1	86356545	86355993	0
1	86356603	86354773	0
1	86356603	86355344	0
1	86358892	86354773	0
1	86358892	86356443	0
1	86358892	86356461	0
1	86358892	86356575	0
1	86358892	86357939	0
1	86360537	86358343	0
1	86360537	86358786	0
1	86360537	86358816	0
1	86360537	86358818	0
1	86360813	86358786	0
1	86360922	86358786	0
1	86368723	86360425	0
1	86371057	86360425	0
1	86371154	86360425	0
1	86371154	86360431	0
1	86371154	86368635	0
1	86372541	86371017	0
1	86372541	86371055	0
1	86372582	86371017	0
1	86382359	86376232	0
1	86383003	86376232	0
1	86383003	86381941	0
1	86383003	86382241	0
1	86383003	86382325	0
1	86383080	86376232	0
1	86383105	86382241	0
1	86387080	86385457	0
1	86387087	86384675	1
1	86387087	86385457	0
1	86395978	86386808	0
1	86396254	86385457	0
1	86396263	86386914	0
1	86396281	86386914	0
1	86396284	86383133	0
1	86396287	86386914	0
1	86396324	86385727	0
1	86396341	86386914	0
1	86396343	86386914	0
1	8656372	8624309	0
1	8656442	8624309	0
1	86585044	86571263	0
1	86648048	86571180	0
1	86693204	86650239	0
1	86693291	86589357	0
1	86832511	86821557	0
1	86866170	86862826	0
1	868676	868239	0
1	86868103	86862444	0
1	86868103	86862446	0
1	86868103	86863166	0
1	86868103	86863300	0
1	86868103	86866071	0
1	86880690	86862446	0
1	86880690	86868052	0
1	86880726	86862446	0
1	86880726	86862724	0
1	86880726	86863516	0
1	86880726	86868052	0
1	86880726	86868095	0
1	86934892	86932198	0
1	869576	868626	0
1	8703220	8656192	0
1	87132253	87133613	0
1	87132260	87132611	0
1	87132260	87132663	0
1	87132260	87133613	0
1	87132864	87133613	0
1	87132913	87133613	0
1	87133719	87133964	0
1	87331815	87332012	7
1	87355199	87353523	0
1	875156	868070	0
1	875156	868402	0
1	875156	874528	0
1	8753839	8655972	0
1	87624795	87620802	0
1	876904	874111	0
1	87803006	87686229	0
1	87904078	87899453	0
1	87904078	87899908	0
1	87905546	87903829	0
1	87905715	87903898	0
1	8792589	8655972	0
1	88034900	87637896	0
1	88034900	87802863	0
1	88034900	87899453	0
1	88034900	87903898	0
1	8807052	8805859	0
1	8817466	8792403	0
1	8817644	8655972	0
1	88327217	88034850	0
1	88474189	88472176	0
1	88528931	88513129	0
1	88529091	88034850	0
1	88529091	88474103	0
1	88540660	88528835	0
1	88540660	88530122	0
1	88557049	88537512	0
1	88557049	88540302	0
1	88557049	88540571	0
1	8862946	8860999	11
1	8862946	8861001	11
1	8862946	8861006	15
1	8863344	8862886	14
1	8864093	8863113	6
1	8864093	8863234	6
1	8866502	8865284	0
1	8866502	8866008	0
1	8867251	8866278	0
1	8867251	8866360	2
1	8867251	8866431	0
1	8867251	8866479	0
1	8868058	8867116	4
1	8868058	8867183	9
1	88684946	88570809	0
1	88685205	88569986	0
1	8870511	8867987	10
1	8870511	8868026	10
1	8870511	8868047	9
1	8870511	8868048	9
1	8870884	8867987	12
1	8871577	8867987	10
1	8871945	8870451	12
1	8871987	8867987	10
1	8871987	8870171	8
1	8871987	8870451	12
1	8871987	8870824	10
1	8873974	8871890	3
1	8874915	8871890	10
1	8874918	8870946	4
1	8874918	8871890	10
1	8876032	8874823	2
1	8876303	8874823	3
1	8878008	8875787	6
1	8878033	8874823	4
1	8878268	8874823	6
1	8878647	8875788	8
1	8878687	8874823	9
1	8878689	8874823	9
1	8878690	8874823	9
1	8878691	8874823	9
1	8878693	8874823	9
1	8878721	8874823	9
1	8879093	8874823	9
1	8879191	8874823	5
1	8879251	8874823	6
1	88805672	88805890	0
1	88857488	88852931	0
1	88857488	88853223	0
1	88858788	88857264	0
1	88860012	88857205	0
1	88860012	88857314	0
1	88860012	88857372	0
1	88860287	88859881	3
1	88864115	88860055	0
1	88864115	88860139	0
1	88887368	88863980	0
1	88887368	88863985	1
1	88887368	88864043	1
1	88891646	88863980	0
1	88943092	88935772	0
1	88943092	88935815	0
1	88961288	88955148	0
1	88961507	88961166	0
1	88988352	88969408	0
1	88988352	88979458	2
1	88988352	88983350	0
1	88988356	88969408	0
1	88992773	88979455	0
1	88992777	88969408	0
1	89009141	89006665	0
1	89009141	89006678	0
1	89009141	89006679	0
1	89009141	89007269	0
1	89009141	89007768	0
1	89009495	89008843	0
1	89009495	89008934	0
1	89009495	89008946	0
1	89014280	89011746	0
1	89014280	89013184	0
1	89014657	89013184	0
1	89014657	89014082	0
1	89014657	89014101	0
1	89015415	89014082	0
1	89015415	89014404	0
1	89015415	89014546	0
1	89020212	89015286	0
1	89020212	89015319	0
1	89020744	89015286	0
1	89020744	89015342	0
1	89020744	89020125	1
1	89020744	89020129	1
1	89022752	89020299	0
1	89022779	89020531	0
1	89022804	89020352	0
1	89022839	89020531	0
1	89022852	89020531	0
1	89022861	89020531	0
1	89022867	89015286	0
1	89022883	89020531	0
1	89022895	89020531	0
1	89054876	89052318	0
1	89054876	89053361	0
1	89055216	89053436	0
1	89055342	89053299	0
1	89056060	89054681	0
1	89056229	89055112	0
1	89056942	89055568	0
1	89057135	89056015	0
1	89059044	89057991	5
1	89059356	89058340	5
1	89059427	89058840	5
1	89060278	89058989	0
1	89060325	89059316	0
1	89063254	89060196	0
1	89065231	89062706	0
1	89065361	89063044	0
1	89108292	89106131	0
1	89109871	89107999	0
1	89109871	89108022	0
1	89109871	89108116	0
1	89110267	89109676	0
1	89112685	89110163	0
1	89112685	89110186	0
1	89133452	89131750	0
1	89141649	89133257	0
1	89147780	89125862	0
1	89147780	89133300	0
1	89185399	89181772	0
1	89185470	89182497	0
1	89186527	89181147	0
1	89186527	89185236	0
1	89262275	89260581	0
1	89262402	89260581	0
1	89262786	89262219	0
1	89263949	89258949	0
1	89263949	89262682	0
1	89263949	89262697	0
1	89264967	89262219	0
1	89267527	89260585	0
1	89270864	89269365	0
1	89272805	89268728	0
1	89583329	89583329	0
1	89583333	89583333	0
1	89588086	89583240	0
1	89595223	89587902	0
1	89598205	89595160	0
1	89632192	89598039	0
1	89632210	89624849	0
1	89632210	89626260	0
1	89632748	89632015	0
1	89632762	89631875	0
1	89632895	89632015	0
1	9004880	9003299	0
1	9038025	9035106	0
1	9038507	9037896	0
1	9038930	9038430	0
1	9040190	9039799	0
1	9041938	9040063	0
1	9047735	9040079	0
1	9047735	9041784	0
1	9047735	9041857	0
1	90512009	90510909	0
1	9057609	9047609	0
1	9057609	9047610	0
1	9058251	9057447	0
1	9058251	9057497	0
1	90714757	90711538	0
1	90789488	90782982	0
1	90789488	90782983	0
1	90789488	90782985	0
1	90832197	90789397	0
1	90834690	90831787	0
1	90834690	90831873	0
1	90834690	90831877	0
1	90836162	90829546	0
1	90837766	90831868	0
1	90837766	90831929	0
1	9085127	9069503	0
1	9085143	9069503	0
1	90851516	90831929	0
1	90851601	90837549	0
1	90851619	90829546	0
1	90851651	90837549	0
1	90851658	90789397	0
1	9085167	9069503	0
1	90862921	90860549	0
1	90918155	90915297	0
1	90918155	90915301	0
1	90918155	90915303	0
1	90918155	90916184	0
1	90918155	90916389	0
1	90918155	90916489	0
1	90918392	90916790	0
1	90938091	90918051	0
1	90938091	90937882	12
1	90941310	90937484	21
1	90973214	90918051	0
1	90982371	90918051	0
1	90982371	90938271	0
1	90982371	90940948	0
1	90982371	90972743	0
1	90982371	90973152	0
1	91021458	90982309	0
1	91021474	90982309	0
1	91021726	91020528	3
1	91022015	90982309	0
1	91022056	91020447	0
1	91022082	90982309	0
1	91022256	90982309	0
1	91022273	90982309	0
1	9105681	9100304	0
1	91106	89550	0
1	9111371	9104531	0
1	9111490	9105485	0
1	91262393	91260765	0
1	91262593	91262185	0
1	91262593	91262240	0
1	9128782	9111168	0
1	9129171	9111275	0
1	91316185	91315814	0
1	91316477	91316100	0
1	91319391	91316139	0
1	91328938	91324674	0
1	91343511	91324674	0
1	91378184	91375526	0
1	91378481	91377442	0
1	91378481	91377758	0
1	91378481	91378024	0
1	91380237	91378402	0
1	91380237	91379058	0
1	91380237	91379062	0
1	91380983	91380103	0
1	91380983	91380232	0
1	91385835	91385186	0
1	91394403	91385574	0
1	91394403	91385613	0
1	91396406	91394092	0
1	91396406	91394172	0
1	91401110	91385574	0
1	91401110	91394092	0
1	914445	914802	0
1	91695780	91680342	0
1	91695780	91680344	0
1	91695780	91682425	0
1	91695780	91682429	0
1	91695780	91682646	0
1	91695780	91683728	0
1	91698131	91695489	0
1	91698131	91695671	0
1	91720228	91719311	0
1	91720231	91719311	0
1	91722145	91719311	0
1	91722145	91719892	0
1	91727807	91721954	0
1	91727919	91721954	0
1	91729974	91727658	0
1	91729974	91727776	0
1	91797472	91758612	0
1	91797472	91786185	0
1	91801056	91797286	0
1	918111	916869	0
1	9182393	9148010	0
1	9183751	9182006	0
1	918535	917369	0
1	91861594	91797286	0
1	91861645	91797286	0
1	91861645	91797426	0
1	91861645	91800958	0
1	91862047	91797286	0
1	91866843	91861470	0
1	91885933	91861470	0
1	91886110	91861470	0
1	91886152	91863838	0
1	91886280	91861470	0
1	918916	918021	0
1	91899698	91861470	0
1	91949489	91949637	0
1	91949520	91949637	0
1	919693	918824	0
1	9198704	9179630	0
1	92241	89294	0
1	92247145	92246401	0
1	92247145	92246489	0
1	92247145	92246491	0
1	92247990	92247061	0
1	92248409	92247061	0
1	92262927	92247877	0
1	92263733	92262862	0
1	92263733	92262864	0
1	92297530	92291417	0
1	92298030	92297403	0
1	92298977	92297960	0
1	92298988	92297520	0
1	92298988	92297960	0
1	92478754	92474761	0
1	92478754	92474763	0
1	92483047	92480600	0
1	92483587	92482863	0
1	92483587	92482989	0
1	92563738	92508695	0
1	92605403	92563641	0
1	92607728	92605306	0
1	92624335	92607448	0
1	92624335	92607580	0
1	92624335	92607615	0
1	92625935	92624175	0
1	92636337	92625689	0
1	92636337	92625793	0
1	92662866	92636201	0
1	92663453	92636201	0
1	92665993	92636201	0
1	9268038	9271144	21
1	92702216	92697859	0
1	92704745	92703394	0
1	92704745	92703857	0
1	92736628	92704554	0
1	92774028	92736559	0
1	92785107	92704554	0
1	92792405	92736397	0
1	92833459	92833544	39
1	92847360	92832736	30
1	92847360	92842159	0
1	92847360	92842166	0
1	92850956	92842159	0
1	92931436	92931578	0
1	92961501	92876295	0
1	92961523	92850847	0
1	92961523	92876295	0
1	93110247	93110326	3
1	93156085	93154231	1
1	93156484	93149741	0
1	93156484	93151857	13
1	93156484	93154195	1
1	93156484	93156035	1
1	93158886	93156299	0
1	93160227	93156039	0
1	93160227	93156299	0
1	93163211	93156299	0
1	93269759	93264637	0
1	93269759	93264644	0
1	93290687	93264668	0
1	93290687	93264671	0
1	93305471	93264639	0
1	93305471	93264644	0
1	93305471	93264646	0
1	93305471	93264649	0
1	93305471	93264650	0
1	93305471	93264675	0
1	93305471	93264676	0
1	93305471	93269682	0
1	93305471	93290564	0
1	93309635	93305387	0
1	93309764	93305387	0
1	93309771	93309539	0
1	93309791	93305387	0
1	93315174	93311279	0
1	93315269	93309714	0
1	93315270	93305387	0
1	93318229	93305387	0
1	93318229	93309714	0
1	93324650	93309714	0
1	93324730	93262185	0
1	93324730	93305110	0
1	93324730	93305387	0
1	93324730	93309752	0
1	93324730	93311168	0
1	93324730	93311484	0
1	93324730	93318167	0
1	93325896	93315148	0
1	93325896	93324634	0
1	93325896	93324705	0
1	93337470	93305387	0
1	93338269	93305387	0
1	93339275	93326601	0
1	93339375	93325768	0
1	93339537	93305387	0
1	93339537	93325768	0
1	93339537	93326601	0
1	93339537	93337376	0
1	93339537	93338694	0
1	93339537	93338914	0
1	93339537	93338928	0
1	93339537	93338938	0
1	93339537	93339155	0
1	93339680	93338937	0
1	93339680	93339356	0
1	93345828	93339356	0
1	93346189	93346312	428
1	93551106	93552408	1
1	93567492	93561785	8
1	93567492	93561786	8
1	93567492	93561790	8
1	93567492	93561793	9
1	93567492	93562120	9
1	93582954	93576013	1
1	93584122	93582300	1
1	93589420	93584017	1
1	93590379	93589082	0
1	93592394	93588976	3
1	93614098	93592264	0
1	93642344	93592264	0
1	93642344	93592305	0
1	93723537	93720188	0
1	93775445	93752923	0
1	93827688	93753102	0
1	93845713	93706091	0
1	93845713	93723298	0
1	93847045	93845566	1
1	93847151	93845566	2
1	93870793	93866282	0
1	93870793	93869779	0
1	93870793	93869797	0
1	93870998	93869779	0
1	93875784	93873118	5
1	93877863	93873118	5
1	93877863	93875644	165
1	93877863	93875665	164
1	93879157	93876758	8
1	93879163	93876267	1
1	93879165	93877472	1
1	93879207	93876267	1
1	93879919	93876267	0
1	93894729	93885204	0
1	93894729	93887033	0
1	93896821	93894613	0
1	93896821	93894643	0
1	93904589	93901584	0
1	93908791	93904522	0
1	93908925	93904265	0
1	93909411	93904522	0
1	93909457	93901584	0
1	93923946	93922573	0
1	93927570	93926614	0
1	93996196	93992834	0
1	93996196	93992836	0
1	94001993	94001001	0
1	94005583	94001507	0
1	94005583	94001857	0
1	94007741	94005440	0
1	94007753	94005374	0
1	94019760	94015738	0
1	94021368	94019399	0
1	94021410	94019581	0
1	94047094	94044612	0
1	94047094	94045636	0
1	94060760	94055110	0
1	94060760	94056600	0
1	94060760	94059468	0
1	94063250	94040042	0
1	94150516	94149846	7
1	94154649	94150351	0
1	94154830	94148987	0
1	94174750	94154550	9
1	94177721	94171750	5
1	94177721	94174603	10
1	94178168	94176612	3
1	94178168	94177611	6
1	94202733	94201719	11
1	94202999	94201894	1
1	94202999	94202543	1
1	942252	942409	0
1	942489	942558	1
1	9428917	9426974	0
1	9429076	9425093	0
1	94324570	94318478	0
1	943809	943907	0
1	9440565	9426648	0
1	945147	944203	4
1	945147	944204	4
1	94532481	94529224	5
1	94533269	94529309	2
1	94533269	94532320	4
1	94536165	94532996	2
1	94536165	94533089	2
1	94536165	94533105	2
1	945563	945318	6
1	945654	944203	3
1	945654	945041	7
1	945654	945056	7
1	94592298	94585555	0
1	94622901	94616376	0
1	94622901	94616391	0
1	94622901	94616405	0
1	94624185	94621150	0
1	94624610	94613813	0
1	94624610	94616352	0
1	94624610	94616389	0
1	94638559	94622718	0
1	94638559	94623525	0
1	94638559	94623878	0
1	94658251	94657924	0
1	94674162	94672917	0
1	94679608	94638436	0
1	94679608	94638460	0
1	94679608	94657532	0
1	94679608	94672896	0
1	94679608	94673128	0
1	94705558	94679424	0
1	94705558	94679579	0
1	94732346	94679424	0
1	94732438	94679424	0
1	94732438	94705438	0
1	94742415	94732257	0
1	94742496	94732132	0
1	94742730	94731742	0
1	94770314	94679424	0
1	94770314	94743837	0
1	94820060	94679424	0
1	94820097	94742268	0
1	94820158	94679424	0
1	94820211	94679424	0
1	94820220	94705438	0
1	94820220	94743837	0
1	94820267	94732257	0
1	94820278	94732257	0
1	94820282	94732257	0
1	94839042	94836747	0
1	94843595	94838922	0
1	94855422	94679424	0
1	94855427	94843107	0
1	94855427	94843355	0
1	94899518	94896948	3
1	94899518	94896950	3
1	94899518	94897867	3
1	94899518	94897946	4
1	94899518	94898051	5
1	94902259	94901668	2
1	94903189	94901668	1
1	94903189	94902120	0
1	94903189	94902177	0
1	94903322	94902120	0
1	95027204	94983549	0
1	95027261	94974406	0
1	9503472	9501091	0
1	95041613	95035820	0
1	95065018	95027128	0
1	95072875	95064865	0
1	95072946	95064865	0
1	95205134	95163218	0
1	95205134	95174123	0
1	95249449	95243166	0
1	95249449	95248699	0
1	95264030	95248967	0
1	95264030	95249354	0
1	95264030	95260821	0
1	95264049	95243476	0
1	95264055	95243224	0
1	95264055	95249354	0
1	95318264	95310927	0
1	95352255	95351250	0
1	95352649	95351252	0
1	95360866	95356228	0
1	95360866	95356234	0
1	954524	953781	1
1	956014	953781	6
1	956014	954003	6
1	956014	954425	4
1	958459	956893	1
1	959082	957098	1
1	959257	958245	2
1	959291	958928	0
1	959310	958928	0
1	95992123	95992402	0
1	95992239	95992402	0
1	961553	961628	16
1	962048	962354	3
1	96303565	96254068	0
1	9654587	9652609	0
1	9662627	9660827	0
1	9681136	9672425	0
1	970759	970878	9
1	97082471	97077742	0
1	9721144	9721144	0
1	97305379	97234851	0
1	9731391	9729025	15
1	9731391	9729026	15
1	9731391	9729027	15
1	9731897	9729027	5
1	97373645	97306176	0
1	97420142	97394153	0
1	97450224	97382392	0
1	9749647	9744394	0
1	9749647	9746888	0
1	9749914	9749460	0
1	9750168	9749487	0
1	97549745	97515725	0
1	97593388	97573759	0
1	976625	975203	0
1	976625	975204	0
1	976642	975204	0
1	97691799	97679094	0
1	97699548	97691206	0
1	97699548	97691716	0
1	97720927	97699350	0
1	97721655	97720824	1
1	97721672	97699350	0
1	97721672	97719757	0
1	97797073	97797214	4
1	97828197	97740391	0
1	97883375	97828113	0
1	97883375	97855029	0
1	97920998	97883263	0
1	97921024	97883263	0
1	97921050	97883263	0
1	97941741	97883263	0
1	97941741	97933473	0
1	97975101	97941572	0
1	97991444	97975258	0
1	97995001	97987999	0
1	98045306	97986739	0
1	98046148	97979254	0
1	98046222	98044500	4
1	98046225	98044295	8
1	98046397	97994915	0
1	98046628	98046007	2
1	98054593	98052076	0
1	9823670	9773271	0
1	9823985	9773271	0
1	9824527	9773271	0
1	9848467	9849368	8
1	9849475	9849985	16
1	9871278	9848275	0
1	9871278	9850108	0
1	9871278	9850449	0
1	9871278	9850658	0
1	98914921	98890244	0
1	98914921	98890971	0
1	99004485	98990855	0
1	99004894	98956608	0
1	99005033	98956608	0
1	9910264	9883704	2
1	9910337	9877904	0
1	9931973	9922112	0
1	9931973	9928938	0
1	9931973	9929719	0
1	9931973	9930252	0
1	9932181	9930260	0
1	99480238	99472331	0
1	99480238	99472385	0
1	99480238	99472414	0
1	9951298	9950571	0
1	99686723	99686724	0
1	99709260	99708631	0
1	99709260	99708702	3
1	99710950	99709197	0
1	99711533	99710918	0
1	99712164	99709197	0
1	99712164	99710805	0
1	99712164	99710833	0
1	99712509	99710824	0
1	99748769	99747293	0
1	99749002	99747594	0
1	99749002	99748572	0
1	9982871	9983003	2
1	9983291	9984282	2
1	999614	998961	0
1	999614	998963	0
1	999614	998969	4
1	99969865	99968382	4
