X	100296301	100291646	0
X	100342073	100291643	0
X	100342076	100291643	0
X	100342076	100291645	0
X	100350705	100291643	0
X	100350705	100341902	0
X	10038655	10024841	0
X	100402576	100350661	0
X	100402852	100350645	0
X	100630867	100627108	0
X	100630867	100628669	2
X	100632569	100630758	0
X	100632569	100632062	0
X	100633540	100630758	0
X	100633540	100632484	2
X	100633540	100632540	2
X	100634030	100633404	3
X	100634030	100633441	4
X	100678600	100674490	0
X	100678600	100674493	0
X	100678600	100675896	0
X	100678784	100674493	0
X	100686152	100681226	0
X	100686782	100685989	0
X	100687246	100686678	1
X	100688444	100687066	0
X	100689960	100684695	0
X	100689960	100688350	0
X	100731511	100704810	0
X	100731535	100701927	0
X	100732121	100701927	0
X	100732122	100701927	0
X	100732124	100731413	0
X	100816241	100815864	0
X	100848755	100843323	0
X	100848755	100843835	0
X	100849427	100843782	0
X	100862304	100851232	0
X	100862821	100843332	0
X	100923062	100913444	0
X	100929434	100914298	0
X	1009381	1008502	0
X	101019071	101009345	0
X	101019071	101009349	0
X	101019071	101009541	1
X	101023617	101021967	0
X	101035684	101023469	0
X	101035684	101023585	0
X	101037074	101035612	0
X	101037540	101035622	0
X	101051367	101042041	0
X	101051734	101042041	0
X	101052083	101042232	0
X	101052117	101042041	0
X	101094477	101043563	0
X	101219906	101220078	0
X	101275282	101268252	1
X	101275282	101268256	1
X	101275282	101268859	1
X	101348402	101345660	27
X	101348576	101345783	23
X	101348686	101348060	15
X	101348727	101345660	23
X	101348727	101348037	15
X	101348750	101345658	24
X	101349197	101345660	20
X	101353352	101349446	0
X	101353352	101349449	0
X	101353918	101353193	0
X	101353985	101353042	0
X	101353989	101353193	0
X	101354222	101353318	0
X	101356269	101354629	0
X	101356805	101355584	0
X	101356956	101356051	0
X	101357584	101356510	0
X	101357584	101356783	0
X	101358438	101354629	0
X	101362241	101360567	0
X	101362690	101362172	0
X	101362816	101362190	0
X	101374635	101371632	0
X	101375285	101374535	0
X	101375315	101374305	0
X	101375315	101374535	0
X	101391236	101391458	151
X	101391565	101391754	175
X	101391823	101392049	198
X	101395458	101395727	188
X	101398568	101397802	1
X	101398568	101397806	1
X	101398568	101397935	13
X	101398695	101397806	1
X	101398947	101398369	11
X	101399801	101398784	0
X	101400758	101398784	0
X	101400758	101398907	0
X	101400854	101398515	0
X	101401810	101398784	8
X	101401810	101400665	12
X	101401810	101401232	17
X	101403986	101401369	3
X	101403986	101401631	4
X	101498336	101498643	0
X	101532013	101533083	0
X	101616767	101615117	13
X	101616767	101615512	15
X	101617371	101615125	7
X	101617371	101616395	10
X	101617371	101616671	11
X	101617585	101615119	11
X	101617585	101616671	11
X	101617585	101617282	3
X	101617585	101617291	3
X	101617911	101617502	11
X	101617914	101617502	11
X	101617915	101616861	8
X	101617977	101617502	9
X	101618001	101616212	11
X	101618002	101615125	2
X	101618002	101617502	9
X	101623277	101623785	18
X	101623277	101623813	18
X	101623431	101623785	14
X	101623431	101623813	14
X	101624165	101622982	5
X	101658143	101655280	0
X	101658143	101655466	0
X	101658143	101657086	0
X	101658143	101657092	0
X	101658143	101657274	0
X	101658143	101657310	0
X	101658143	101657400	0
X	101658143	101657517	0
X	101658143	101657666	0
X	101658526	101658072	0
X	101658526	101658080	0
X	101658570	101658072	0
X	101658595	101657356	0
X	101658622	101658072	0
X	101658650	101658072	0
X	101659137	101658072	0
X	101659149	101658072	0
X	101659502	101658460	0
X	101659502	101659075	0
X	101659797	101659418	0
X	101659831	101659199	0
X	101659832	101659418	0
X	101659834	101658072	0
X	101659835	101659075	0
X	101659836	101659407	0
X	101659837	101659418	0
X	101659845	101659075	0
X	101659892	101659418	0
X	101832598	101832111	0
X	101837655	101832197	0
X	101886732	101882287	0
X	101886732	101882289	0
X	101886732	101883059	0
X	101886732	101883639	0
X	101886732	101884695	0
X	101890222	101882657	0
X	101918634	101904223	0
X	101932028	101904223	0
X	101932032	101904223	0
X	10208182	10208274	5
X	102125807	102126372	0
X	102141787	102140475	0
X	102141787	102140709	0
X	102154811	102153707	0
X	102154811	102153711	0
X	102155791	102154739	0
X	102155791	102154743	0
X	102156058	102154743	0
X	102360853	102360394	0
X	102360853	102360395	0
X	102360853	102360397	0
X	102364696	102363979	0
X	102364907	102360791	0
X	102364907	102364652	0
X	102365104	102364631	0
X	102365104	102364790	0
X	102380090	102369585	0
X	102380090	102369962	0
X	102380090	102372950	0
X	102380090	102374627	0
X	102380094	102369962	0
X	102427359	102425342	0
X	102438675	102379993	0
X	102456915	102379993	0
X	102456915	102438552	0
X	102457813	102379993	0
X	102457813	102438552	0
X	102457813	102456806	0
X	102457813	102456861	0
X	102460696	102457672	0
X	102460746	102457672	0
X	102462084	102457672	0
X	102462084	102460318	0
X	102462084	102460512	0
X	102462084	102460596	0
X	102463027	102461919	0
X	102463165	102462844	0
X	102463275	102462844	0
X	102463346	102462844	0
X	102463505	102462990	0
X	102463729	102462844	0
X	102515181	102513675	0
X	102563277	102563433	0
X	102567023	102567133	0
X	102567177	102567852	0
X	102567926	102568417	0
X	102599573	102599705	0
X	102599573	102599711	0
X	102599573	102601463	0
X	102599647	102602038	0
X	102599848	102600919	1
X	102599848	102601463	0
X	102599860	102601463	0
X	102601033	102601463	0
X	102601510	102601879	1
X	102649715	102599656	0
X	102652899	102653220	0
X	102659713	102649643	0
X	102940562	102937769	0
X	103063732	103062650	0
X	103076302	103075809	0
X	103076302	103075823	0
X	103077747	103076240	0
X	103077747	103076275	0
X	103078622	103077734	0
X	103078633	103077613	0
X	103078633	103077674	0
X	103079475	103079220	0
X	103079643	103079358	0
X	103079643	103079382	0
X	103079728	103079358	0
X	103082365	103080575	0
X	103082849	103082095	0
X	103082849	103082254	0
X	103093126	103084714	0
X	103254018	103253657	43
X	103254678	103252994	4
X	103254678	103253889	4
X	103255186	103252994	1
X	103259582	103258571	0
X	103275343	103273690	0
X	103310434	103309345	0
X	103310434	103309353	0
X	103310434	103309501	0
X	103310434	103309671	0
X	103356607	103357082	9
X	103356607	103357614	11
X	103357162	103357614	9
X	103517526	103499129	0
X	103585625	103585858	0
X	103585625	103586218	10
X	103585684	103585969	3
X	103585684	103586218	6
X	103585761	103586218	11
X	103586108	103586218	15
X	103586862	103586948	25
X	103626493	103626075	0
X	103629562	103629884	10
X	103629574	103629884	10
X	103676932	103676160	395
X	103678601	103675495	230
X	103678601	103676496	224
X	103678601	103676915	215
X	103678601	103676978	237
X	103678621	103676825	219
X	103678652	103675499	221
X	103678652	103675504	221
X	103678652	103676494	227
X	103678652	103676553	233
X	103678652	103676978	215
X	103684730	103676978	155
X	103685261	103675499	144
X	103685261	103676693	149
X	103685261	103676978	144
X	103685261	103678498	144
X	103685261	103684680	121
X	103685506	103678498	145
X	103686669	103685170	94
X	103686685	103685170	89
X	103686706	103685170	72
X	103686710	103685170	72
X	103686817	103685170	61
X	103686819	103685170	61
X	103688028	103684973	5
X	103688039	103685170	3
X	103688042	103685170	3
X	103688065	103685170	1
X	103688123	103685170	2
X	103688159	103685170	1
X	103713670	103707223	0
X	103713670	103707299	0
X	103719272	103713519	0
X	103722212	103719513	0
X	103722293	103713519	0
X	103722293	103718573	0
X	103722293	103719056	0
X	103827079	103822321	0
X	103918461	103917410	0
X	103919081	103918408	0
X	103919480	103918760	0
X	103919549	103918831	0
X	103962724	103964227	0
X	104012749	104011146	0
X	104013661	104012711	0
X	104013688	104012689	0
X	104074358	104063870	0
X	104074358	104072567	0
X	104113002	104113194	0
X	104113247	104113433	0
X	104113574	104115251	0
X	104156989	104130603	0
X	104157028	104099213	0
X	104252829	104250037	0
X	10455078	10445309	25
X	10455078	10445555	14
X	10455078	10448105	18
X	10455078	10449463	16
X	10459808	10454869	65
X	10459808	10455074	80
X	10460043	10454869	77
X	10469841	10459645	34
X	10474751	10469264	12
X	10474751	10469696	8
X	105220404	105218930	0
X	105220430	105218928	0
X	10523188	10495583	2
X	10523188	10501406	1
X	10523188	10505344	2
X	10567604	10523091	0
X	10576956	10566887	0
X	10589910	10566887	1
X	106034383	106032441	0
X	106034383	106033205	0
X	106034383	106033686	0
X	10620420	10566887	0
X	10620586	10566954	0
X	10620635	10566887	0
X	106693874	106694072	0
X	10677688	10566887	0
X	10677740	10566887	0
X	106865628	106865792	0
X	106901539	106900062	0
X	106903336	106900325	0
X	106942222	106940733	4
X	106942222	106941423	6
X	106942585	106941463	7
X	106943206	106941937	8
X	106943206	106941975	8
X	106993341	106813870	0
X	107067694	107064419	10
X	107067694	107066644	10
X	107069278	107067555	7
X	107069403	107067137	8
X	107069403	107067555	8
X	107070426	107066299	15
X	107088840	107069254	3
X	107088840	107088435	3
X	107113469	107069309	0
X	107113469	107088734	0
X	107115455	107088734	0
X	107115557	107088435	0
X	107115557	107088525	0
X	107115557	107113396	1
X	107116055	107114299	0
X	107116055	107115351	0
X	107147810	107123426	0
X	107147810	107123471	0
X	107147810	107124147	0
X	107153307	107147742	0
X	107153307	107150855	0
X	107153504	107153171	0
X	107153504	107153291	0
X	107206434	107175088	0
X	107206434	107193028	0
X	107545822	107512982	0
X	107715951	107713220	0
X	107715951	107713223	0
X	107715951	107713999	0
X	107715951	107714369	0
X	107715951	107714486	0
X	107716402	107714676	0
X	107716546	107715898	0
X	107717063	107715772	0
X	107717136	107715898	0
X	107722273	107715898	0
X	107775295	107715898	0
X	107775512	107715898	0
X	107775512	107715902	0
X	107775526	107715897	0
X	107775526	107715898	0
X	107775526	107715911	0
X	107775526	107715922	0
X	107775788	107715898	0
X	107775986	107775099	0
X	107775989	107775099	0
X	107776116	107775099	0
X	107776259	107775117	0
X	107776715	107775099	0
X	107777056	107775099	0
X	107777068	107775099	0
X	107777079	107775099	0
X	107777185	107775245	0
X	107777338	107775166	0
X	107777343	107775099	0
X	107933121	107894596	0
X	107982160	107980863	0
X	108087853	108084206	14
X	108087853	108084596	10
X	108087853	108084774	17
X	108087853	108084829	20
X	108087853	108084842	20
X	108087973	108087685	3
X	108087973	108087764	3
X	108088100	108087685	17
X	108088100	108087764	16
X	108088851	108087044	19
X	108088851	108087952	19
X	108088851	108088095	28
X	108091521	108087952	10
X	108091539	108088751	16
X	108091543	108088751	16
X	108091550	108088479	19
X	108091619	108088751	16
X	108159749	108155606	0
X	108159749	108155607	0
X	108159749	108155890	0
X	108161736	108160462	0
X	108163039	108161618	0
X	108163599	108161630	0
X	108214229	108211671	0
X	108219743	108213791	0
X	108219743	108214111	0
X	108310829	108221239	0
X	108310829	108267641	0
X	10833655	10566887	0
X	108437994	108310747	0
X	10860347	10847876	0
X	108626350	108626497	0
X	108694922	108695266	0
X	108694922	108696296	0
X	108695440	108696296	0
X	108732688	108722069	0
X	109375987	109372905	0
X	109629580	109624243	0
X	109634687	109629236	0
X	109659432	109644025	0
X	109659512	109641336	0
X	109659514	109629349	0
X	109681376	109680997	0
X	109682897	109681265	0
X	109682897	109681318	0
X	109683373	109682718	1
X	109683376	109682718	1
X	109683553	109682863	4
X	109683553	109682868	4
X	109683667	109682718	1
X	109683667	109682812	1
X	109685445	109683135	0
X	109685445	109683324	1
X	109692148	109683135	0
X	109696197	109682718	0
X	109696197	109683135	0
X	109696197	109685426	1
X	109733214	109696143	0
X	109733232	109696143	0
X	109733276	109695650	0
X	109733303	109696143	0
X	109733326	109683135	0
X	109733393	109696143	0
X	109733404	109696143	0
X	110201051	110194185	3
X	110201051	110196371	7
X	110201051	110196409	3
X	110264600	110216517	0
X	110264600	110219479	0
X	110307222	110305419	0
X	110317757	110309149	0
X	110317772	110264488	0
X	110317850	110264488	0
X	110318085	110216517	0
X	110318240	110264488	0
X	110426804	110317598	0
X	11056037	10969890	0
X	11056037	11038538	0
X	11056042	10963370	0
X	110679426	110673855	0
X	110679426	110675244	0
X	110679426	110675775	0
X	110679426	110675940	0
X	110679426	110676056	0
X	11106991	10860042	0
X	111123167	111123168	4
X	111123199	111123199	4
X	111247505	111245102	0
X	111312737	111293778	0
X	111312737	111293779	0
X	111312737	111293782	0
X	111312737	111296676	0
X	111312737	111299868	0
X	111312737	111300607	0
X	111312737	111300757	0
X	111312737	111301682	0
X	111331042	111293778	0
X	111401331	111333050	0
X	111410421	111400989	0
X	111410583	111401276	0
X	111410950	111410034	0
X	111411147	111410034	0
X	111411808	111410059	0
X	111411998	111410034	0
X	111412182	111410034	0
X	111412192	111410034	0
X	111412193	111410034	0
X	111412273	111410034	0
X	111412376	111410034	0
X	111412430	111410034	0
X	11142314	11137542	0
X	11142314	11137543	0
X	11144246	11137546	0
X	11144249	11142232	0
X	11145122	11142232	0
X	11148720	11142232	0
X	11148720	11143979	0
X	11148720	11145071	0
X	111511835	111511997	0
X	11156627	11143396	0
X	11156627	11143979	0
X	11156627	11148629	0
X	11169685	11156528	0
X	111711102	111706648	0
X	111759992	111760389	5
X	111779075	111774314	0
X	11178249	11169155	0
X	11178249	11169504	0
X	111912813	111853769	0
X	111952442	111912290	0
X	11254708	11196924	0
X	112648714	112631273	0
X	112660726	112630647	0
X	112671405	112660626	0
X	112680055	112648638	0
X	112779681	112774502	2
X	112779681	112778511	1
X	112779681	112778566	2
X	112781119	112778996	0
X	112782663	112780354	1
X	112782663	112780885	1
X	112823145	112815357	0
X	112825129	112822254	0
X	112825221	112823136	0
X	112832371	112815357	0
X	11335902	11334232	0
X	113618154	113616299	0
X	113938321	113618057	0
X	113963600	113938192	0
X	114042485	113961710	0
X	114059122	113963552	0
X	11427774	11254547	0
X	115005316	115003974	9
X	115005316	115003976	9
X	115014575	115013768	5
X	115015822	115014420	3
X	115015822	115014525	5
X	115122605	115110615	0
X	115122605	115110625	0
X	115126894	115123944	0
X	115130200	115123944	0
X	115149944	115130154	0
X	115234073	115188225	0
X	115425601	115424063	0
X	115527769	115520483	0
X	115562531	115518181	0
X	115562531	115527626	0
X	115946457	115917270	0
X	116463004	116461681	0
X	11665084	11254547	0
X	11665702	11254547	0
X	11665702	11290382	0
X	116670304	116669809	0
X	116694189	116692909	2
X	11719727	11668400	0
X	11759713	11759792	12
X	11760310	11760402	9
X	11760938	11761499	14
X	11760938	11762129	14
X	11761583	11762129	13
X	11763939	11765192	30
X	11763939	11765466	36
X	11763939	11765469	37
X	11763939	11765521	40
X	11763939	11768572	28
X	11765730	11766960	19
X	11765730	11767144	13
X	11765730	11767818	14
X	11765730	11768572	6
X	11765730	11768574	6
X	11767047	11767144	10
X	11767053	11767144	11
X	11767170	11767818	4
X	11767170	11768621	2
X	11767287	11767818	5
X	11767287	11768572	5
X	11767863	11768572	2
X	117901947	117897812	0
X	117901947	117897813	0
X	117901947	117898571	0
X	117919718	117909300	0
X	117920371	117919520	0
X	117945576	117920237	0
X	117945576	117920344	0
X	117947943	117920237	0
X	118879186	118877885	0
X	119083121	119078634	0
X	1191161	1187548	0
X	119252836	119249345	0
X	1193303	1190489	0
X	1193303	1190491	0
X	1193303	1190496	0
X	1193303	1190896	0
X	119383880	119356300	0
X	119468263	119466033	0
X	119469093	119467306	2
X	119469099	119466423	1
X	119541421	119538148	1
X	119541421	119539317	2
X	119541421	119539385	2
X	119541421	119539569	1
X	119574756	119574900	3
X	119574756	119574907	2
X	119574982	119575374	1
X	119591310	119588342	112
X	119592514	119588336	65
X	119592514	119588340	65
X	119593151	119588336	85
X	119593151	119588340	85
X	119618787	119616711	0
X	119625380	119615723	0
X	119625380	119616715	0
X	119625380	119616947	0
X	119625380	119618712	0
X	119625397	119619308	0
X	119629509	119616711	0
X	119629509	119616944	0
X	119629509	119617638	0
X	119629509	119625334	0
X	119633425	119629317	0
X	119633493	119629317	0
X	119633503	119628815	0
X	119640789	119629317	0
X	119650099	119640691	0
X	119787457	119786503	199
X	119790012	119786505	229
X	119791596	119786505	128
X	119807582	119805310	0
X	119835028	119831651	2
X	119837917	119834481	17
X	119837933	119834919	4
X	119838052	119834021	9
X	119838052	119834025	9
X	119838528	119837756	17
X	119840685	119838265	16
X	119840685	119838366	15
X	119841259	119838366	15
X	119841779	119837920	18
X	119922841	119921260	0
X	119930166	119920671	4
X	119930166	119925050	6
X	119932012	119930015	2
X	119932012	119930124	3
X	119999768	119998086	0
X	120010792	119978712	0
X	120010792	119986305	0
X	120013455	120010718	0
X	120015115	120013312	0
X	120015115	120013372	0
X	120075946	120070671	0
X	120112915	120109052	0
X	120117912	120117641	0
X	120123458	120120952	0
X	120136060	120123338	0
X	120211003	120210460	0
X	120240356	120236457	0
X	120244889	120137041	0
X	120245062	120221347	0
X	120245234	120240226	0
X	120245268	120178487	0
X	120268388	120258649	0
X	120268388	120258650	0
X	120277048	120268243	0
X	120287223	120268243	0
X	120287223	120268362	0
X	120311403	120309892	0
X	120311434	120304348	0
X	120311537	120304348	0
X	120311557	120304348	0
X	120439294	120431247	3
X	120441895	120427826	1
X	120441895	120430825	3
X	120441895	120436493	5
X	120441895	120439075	6
X	120530255	120524608	57
X	120530255	120526395	64
X	120530255	120526640	68
X	120532595	120530101	16
X	120534587	120532335	16
X	120534587	120532421	11
X	120543810	120542965	17
X	120544204	120543726	19
X	120544204	120543745	17
X	120558040	120547135	16
X	120559944	120557923	4
X	120560626	120557916	4
X	120560626	120557923	6
X	120560701	120557923	10
X	120574631	120560082	0
X	120574631	120571175	0
X	120627428	120625930	15
X	120630151	120625792	1
X	120709393	120709060	0
X	120874021	120872602	0
X	120878925	120877495	0
X	120932302	120930249	0
X	120935275	120933839	0
X	120940136	120938700	0
X	120944996	120943560	0
X	120949857	120948421	0
X	120954717	120953287	0
X	120959600	120958164	0
X	120964461	120963025	0
X	120969321	120967885	0
X	120974181	120972745	0
X	120979041	120977605	0
X	120983901	120982475	0
X	122011613	122010975	0
X	123610958	123603448	27
X	123610958	123610197	9
X	123610964	123600560	21
X	123610964	123600561	21
X	123610964	123600568	21
X	123610964	123601208	26
X	123610964	123601879	25
X	123610964	123602099	24
X	123610964	123610197	9
X	123611517	123610197	11
X	123611517	123610917	11
X	123611517	123610920	11
X	123613555	123611439	10
X	123613557	123611439	10
X	123613557	123611499	10
X	123613709	123613398	10
X	123613709	123613529	5
X	123614154	123600799	20
X	123620671	123619400	45
X	123620949	123619400	45
X	123620966	123614051	4
X	123620966	123619400	45
X	123621160	123620906	8
X	123621182	123620326	61
X	123621580	123620374	55
X	123621588	123620906	40
X	123622846	123621156	13
X	123622861	123621156	12
X	123622861	123621518	24
X	123622861	123621522	24
X	123623043	123621474	26
X	123623626	123622757	28
X	123623710	123623104	28
X	123623972	123623104	29
X	123623972	123623643	34
X	123624192	123623512	25
X	123624192	123623786	24
X	123668315	123667105	0
X	123671762	123668158	0
X	123671762	123668307	4
X	123697752	123696020	1
X	123697752	123696720	3
X	123703506	123697680	0
X	123703506	123697725	0
X	12375134	12373166	0
X	123873933	123872625	0
X	123913017	123913244	16
X	123961342	123959232	0
X	124205807	124204498	0
X	124382813	124375902	0
X	124382813	124375907	0
X	124422639	124420310	0
X	124453492	124422271	0
X	124481965	124453336	0
X	124481965	124453458	0
X	124705252	124671682	0
X	126552852	126549382	0
X	127730286	127728733	0
X	128336373	128323619	0
X	128600469	128434655	0
X	12906252	12902816	0
X	129448444	129446500	1
X	129448444	129446504	1
X	129448444	129446505	1
X	129448444	129446845	2
X	129508097	129506079	0
X	129511984	129507940	0
X	129511984	129508054	0
X	129523247	129518360	0
X	129523406	129518360	0
X	129523465	129518360	0
X	129523486	129518360	0
X	129523501	129518360	0
X	129648793	129645258	1
X	12975169	12976245	3
X	12975444	12976245	3
X	12975732	12976245	2
X	129811002	129803287	4
X	129811002	129805328	8
X	129811510	129810904	13
X	129812821	129811405	7
X	129812821	129811446	5
X	129814796	129813676	8
X	129823789	129822887	3
X	129823838	129813676	4
X	129823838	129814657	4
X	129823838	129814770	5
X	129908554	129869063	0
X	129929896	129908466	106
X	129957529	129929757	0
X	130067526	130064933	16
X	130069483	130067480	3
X	130069678	130064873	1
X	130069678	130064927	0
X	130074142	130072225	2
X	130074753	130074048	3
X	130074753	130074104	3
X	130130167	130129361	2
X	130130167	130129364	2
X	130130167	130129369	2
X	130136732	130136044	5
X	130137186	130136642	6
X	130137186	130136664	6
X	130138041	130136642	5
X	130147624	130145478	3
X	130147877	130147492	3
X	130147877	130147608	3
X	130147929	130147492	3
X	130165681	130137077	2
X	130205154	130202710	1
X	130215334	130209652	1
X	130216102	130215192	0
X	13038504	13035632	0
X	13039917	13035617	0
X	13039917	13035711	0
X	13039917	13038348	0
X	13039917	13038415	0
X	130402038	130402254	37
X	130411507	130411507	42
X	130412687	130412687	134
X	130412694	130412694	143
X	130446430	130445084	0
X	130485632	130477068	0
X	130495207	130493734	0
X	130510842	130495128	0
X	130515335	130475141	0
X	130628044	130623368	0
X	130628044	130623380	0
X	130628044	130623384	0
X	130628044	130623901	0
X	130656696	130637228	0
X	130665676	130656580	0
X	130665750	130656580	0
X	130679749	130669964	0
X	130689019	130679541	1
X	130689019	130679645	1
X	131039847	130981589	0
X	131039854	131016468	0
X	131274207	131273505	0
X	131274207	131273508	0
X	131274207	131273510	0
X	131276249	131275477	0
X	131277227	131275960	0
X	131277518	131275978	0
X	131281339	131279270	0
X	131281347	131280968	0
X	131285467	131282979	0
X	131286049	131284165	0
X	131286049	131285178	0
X	131364927	131304084	0
X	131399705	131389016	0
X	131578900	131399573	0
X	131695621	131691995	1
X	131695914	131695466	0
X	131703519	131695843	0
X	131709557	131691529	0
X	131709557	131702651	0
X	131709557	131703416	0
X	131711745	131691557	0
X	131749459	131688778	0
X	131749459	131694860	0
X	131795810	131794296	0
X	131796332	131794323	0
X	131805038	131794296	0
X	131805038	131795049	0
X	131805038	131795808	0
X	131825366	131794323	0
X	132080082	132076992	0
X	132080082	132076994	0
X	132080082	132077871	0
X	132214447	132203023	8
X	132214447	132203024	8
X	132214447	132204649	10
X	132214447	132205448	7
X	132217807	132214133	5
X	132218013	132216995	8
X	132218125	132216995	2
X	132218333	132217277	3
X	132218334	132217277	3
X	132219444	132217665	0
X	132381433	132379203	0
X	132381433	132379307	0
X	132382273	132369316	0
X	132382273	132372000	0
X	132382273	132378148	0
X	132382273	132379202	0
X	132382273	132379203	0
X	132382273	132379514	0
X	132382273	132381358	0
X	132384699	132382177	0
X	132384699	132382215	0
X	132386707	132384662	0
X	132386803	132382177	0
X	132386812	132382177	0
X	132386812	132384662	0
X	132390961	132386660	0
X	132391084	132384662	0
X	132391084	132386660	0
X	132392335	132390846	0
X	132392335	132390853	0
X	132439573	132406227	0
X	132439678	132406227	0
X	132439691	132406227	0
X	132489016	132406227	0
X	132489867	132406227	0
X	132629094	132628851	23
X	132669200	132627969	0
X	132669200	132628222	0
X	132669200	132628870	0
X	132708495	132669112	0
X	132708501	132669112	0
X	132758333	132735083	0
X	132808768	132708461	0
X	13287565	13266047	0
X	132957278	132808719	0
X	132957327	132626015	1
X	132957327	132628222	0
X	132957327	132708461	2
X	13303453	13266541	0
X	133083772	133025025	0
X	133083772	133045862	0
X	133142326	133141299	0
X	13318837	13319007	7
X	13319494	13319618	3
X	13319548	13318961	3
X	13319953	13319319	5
X	133303342	133300102	0
X	133596600	133535744	0
X	133596600	133535753	0
X	133596600	133536123	0
X	133661851	133596365	0
X	133661851	133596439	0
X	133692495	133661729	0
X	133953212	133753481	0
X	133985450	133753481	0
X	134174090	134168910	0
X	134425331	134425660	5
X	134544798	134543336	0
X	134544798	134543442	0
X	134544881	134543766	1
X	134545739	134544425	7
X	134546153	134544425	10
X	134546624	134545951	4
X	134546631	134544713	12
X	134546633	134544713	12
X	134602123	134565837	0
X	134602123	134565876	0
X	134602123	134566509	0
X	134658484	134602050	0
X	134733520	134601556	0
X	134733637	134602050	0
X	134764264	134602050	0
X	134764323	134733434	0
X	134772284	134771095	63
X	134781918	134769565	5
X	134781918	134769566	5
X	134781918	134771573	16
X	134781918	134771896	17
X	134781918	134772078	17
X	134781918	134772100	17
X	134781918	134772142	17
X	134799946	134799781	0
X	134807342	134807539	0
X	134891641	134887625	0
X	134891641	134888953	2
X	134891641	134889122	1
X	134897035	134889014	3
X	134897035	134889016	3
X	134897035	134891478	4
X	134899166	134891478	3
X	134899166	134896813	4
X	134899166	134896816	4
X	134899166	134896888	4
X	134899535	134896816	3
X	134899535	134899089	4
X	134899953	134899279	4
X	134915228	134899279	1
X	134915232	134899279	1
X	134915239	134899017	0
X	134915268	134899279	1
X	135032576	135033016	40
X	135032576	135033124	35
X	135052091	135050931	11
X	135052142	135051057	9
X	135052197	135050939	6
X	135098635	135094986	0
X	135119747	135118954	0
X	135119972	135118954	0
X	135123605	135123238	0
X	135157504	135156535	2
X	135158312	135156539	0
X	135158312	135157315	0
X	135181260	135180254	0
X	135252012	135248919	0
X	135255778	135251865	0
X	135291136	135285787	0
X	135291136	135285791	0
X	135291604	135286879	2
X	135344088	135255454	0
X	135344088	135295767	0
X	135446431	135445896	0
X	135520675	135520082	0
X	135569432	135570435	0
X	135569432	135572814	1
X	135570547	135572814	2
X	135581565	135582240	1
X	135581632	135582240	2
X	135585161	135583650	0
X	135638131	135637622	0
X	135674166	135673590	0
X	135732198	135730732	1
X	135761728	135759845	4
X	135761728	135760156	16
X	135779012	135777129	148
X	135779012	135777479	142
X	135796274	135794705	19
X	135796274	135794741	39
X	135813548	135811667	8
X	135813548	135811980	7
X	135830816	135829246	73
X	135830816	135829439	93
X	135848066	135846498	2
X	135848066	135846499	2
X	135865345	135863775	0
X	135865345	135863778	0
X	135882630	135881062	5
X	135882630	135881257	11
X	135944417	135942477	0
X	135967494	135962069	6
X	135985473	135985602	4
X	135985478	135985602	4
X	136169734	136169906	0
X	136219496	136213219	4
X	136219496	136216810	4
X	136219496	136216813	4
X	136219496	136216819	4
X	136219672	136219397	1
X	136220814	136219592	3
X	136220964	136219592	2
X	136220964	136219626	2
X	136222487	136220764	3
X	136222487	136221778	3
X	136224881	136222392	0
X	136230594	136228622	0
X	136230967	136230384	3
X	136231156	136230384	3
X	136300299	136295689	0
X	136640841	136642102	0
X	136640874	136642102	0
X	136669537	136665546	0
X	136779498	136747507	0
X	136847798	136840930	2
X	136872346	136848003	0
X	136872346	136869186	88
X	136872346	136869191	87
X	136873426	136872267	92
X	136873983	136872267	107
X	136875169	136869193	95
X	136875169	136872267	177
X	136875169	136872274	177
X	136875169	136873448	204
X	136875169	136873460	182
X	136875169	136873977	273
X	136875384	136872267	253
X	136875384	136873957	253
X	136875384	136875085	211
X	136876656	136875470	189
X	136877965	136876599	87
X	136878087	136876502	51
X	136879124	136875470	46
X	136879124	136876502	54
X	136879124	136877914	46
X	136879159	136877915	52
X	136879432	136879016	29
X	136879454	136879016	29
X	136880723	136879016	25
X	136880723	136879318	24
X	136880726	136879318	24
X	136880765	136877914	46
X	136976990	136976416	0
X	13716090	13712243	3
X	13716090	13712246	3
X	13716090	13714357	4
X	13716679	13715496	3
X	13716679	13715836	2
X	13716679	13716003	3
X	13716719	13715799	2
X	13719983	13715536	1
X	13719983	13716533	2
X	13719983	13716549	2
X	13722241	13716533	1
X	13744430	13744430	0
X	13744437	13744437	0
X	137561198	137556190	0
X	137563926	137561043	0
X	137564388	137560668	0
X	13776304	13771030	0
X	13776304	13771455	0
X	13776304	13772698	0
X	13776304	13772853	0
X	13776304	13773953	0
X	13776304	13774336	0
X	13777426	13776166	0
X	13777426	13776237	0
X	13779990	13777351	0
X	13781006	13779817	0
X	13783522	13779817	0
X	13783522	13779852	0
X	13783522	13779907	0
X	13783922	13783364	0
X	13785809	13783364	0
X	13785809	13783448	0
X	137980561	137980877	0
X	138627147	138627271	0
X	138635656	138614730	0
X	138635656	138631573	0
X	138635656	138632270	0
X	138635656	138632677	0
X	138635656	138632702	0
X	138703088	138635456	0
X	138703088	138635485	0
X	138708929	138702983	0
X	138711666	138708817	0
X	138739354	138708817	0
X	1387420	1386151	127
X	138857680	138708817	0
X	138857680	138708851	0
X	138864651	138857511	0
X	1389728	1387278	123
X	1389728	1387310	133
X	1389728	1387344	137
X	138985092	138857511	0
X	138990618	138857511	0
X	139204272	138708817	0
X	139204272	138857511	0
X	139561742	139563105	0
X	139585179	139581769	0
X	139585179	139581770	0
X	139585179	139582141	0
X	139585179	139582296	0
X	139585179	139582470	0
X	139587789	139581770	0
X	139587789	139582442	0
X	139607780	139605712	0
X	139610339	139607183	0
X	139610339	139607690	0
X	139708217	139651719	0
X	139708228	139651719	0
X	139731756	139726348	2
X	139731756	139728785	2
X	139737797	139726352	2
X	139738070	139726345	0
X	139738070	139726348	0
X	139750153	139745721	0
X	139757868	139750024	0
X	139757868	139750090	0
X	139782634	139774689	0
X	139782729	139774689	0
X	139783268	139782546	0
X	139783268	139782556	0
X	139802340	139800059	0
X	139804600	139802235	0
X	139804600	139802301	0
X	13988821	13980065	0
X	139933071	139826703	0
X	139945277	139826703	0
X	139958218	139955724	0
X	14020535	14008278	0
X	14020535	14008672	0
X	14020535	14009110	0
X	14020588	14014207	0
X	14021512	14020076	0
X	14021512	14020077	0
X	140216805	140216034	0
X	140687529	140681105	0
X	140711657	140711991	0
X	140711657	140713428	0
X	140711657	140713494	0
X	140711657	140713516	0
X	140712075	140713516	0
X	140772359	140775356	6
X	140774308	140774402	2
X	140784273	140784456	12
X	141177017	141175748	50
X	141242497	141241462	5
X	141264214	141261118	0
X	1412855	1403138	10
X	1412855	1403140	10
X	141585012	141583673	2
X	141698740	141697410	0
X	1418117	1412731	5
X	141897487	141897628	0
X	141905548	141908089	1
X	142204456	142202344	47
X	1428122	1425524	3
X	1432378	1427726	0
X	1432378	1427733	0
X	1435084	1431901	1
X	1435084	1432268	2
X	143517476	143508734	0
X	1435392	1432268	1
X	143634504	143622789	0
X	143635205	143628127	0
X	143635778	143628127	0
X	143721424	143711954	0
X	1442318	1435693	0
X	1442318	1439096	0
X	145233620	145232928	0
X	1452873	1441591	0
X	1452874	1442185	0
X	1452930	1442185	0
X	1453763	1442185	1
X	145820537	145821347	0
X	145821885	145822004	0
X	145822154	145822382	0
X	146814727	146814105	0
X	147901460	147900177	0
X	147911385	147909430	0
X	147911818	147909430	0
X	147911818	147911280	0
X	147912022	147912052	0
X	147928394	147928658	0
X	14843982	14835960	7
X	14844741	14843404	2
X	14844741	14843406	2
X	14844741	14843659	3
X	14844741	14843692	3
X	148500616	148498112	0
X	14865581	14859181	9
X	14865581	14862251	27
X	14869005	14864559	28
X	14869030	14864559	32
X	14869044	14864559	34
X	14869244	14865342	26
X	14873070	14864559	28
X	1494354	1466436	0
X	149487099	149476989	6
X	149487099	149482542	1
X	149487099	149483089	1
X	149490441	149486924	7
X	149490441	149487130	9
X	149490441	149487159	7
X	149490441	149487286	8
X	149496517	149490313	6
X	149496517	149491537	7
X	149496517	149495482	6
X	149498267	149496345	4
X	149498308	149496345	4
X	149499355	149498106	0
X	149501038	149498106	6
X	149501038	149498186	8
X	149502178	149500948	4
X	149503389	149500948	5
X	149503490	149500948	3
X	149503490	149502074	3
X	149504220	149503311	3
X	149504294	149502659	2
X	149504294	149503311	2
X	149504294	149503470	2
X	149511621	149505034	0
X	149514663	149511533	0
X	149526265	149511508	0
X	149527069	149500948	0
X	149527069	149502086	1
X	149529230	149527732	0
X	149529429	149500948	0
X	149529429	149526529	2
X	149529429	149526935	0
X	149529429	149527590	0
X	149529429	149527594	0
X	149529429	149528071	0
X	149532995	149486924	1
X	149533056	149529512	0
X	149533083	149529512	0
X	149533086	149529512	0
X	149533087	149529512	0
X	149533138	149529512	0
X	149533884	149533011	6
X	149533936	149529512	4
X	149534348	149533295	4
X	149534375	149532881	4
X	149534375	149533738	7
X	149534375	149533865	5
X	149535983	149534203	0
X	149536214	149535946	0
X	149536256	149533629	0
X	149536256	149534099	0
X	149536256	149534203	0
X	149536256	149534223	0
X	149537743	149535935	0
X	149537779	149536172	0
X	149537779	149536173	0
X	149538173	149533987	0
X	149538173	149536043	0
X	149538173	149536173	0
X	149540800	149542018	38
X	149541127	149542018	41
X	149541293	149542018	40
X	149541344	149542018	43
X	149541769	149542018	46
X	149545501	149545601	8
X	149545501	149545767	17
X	149549933	149548209	1
X	149583389	149581652	1
X	149583389	149582592	1
X	149583389	149582837	1
X	149583389	149582887	1
X	149594717	149592514	4
X	149598256	149596556	3
X	149599678	149596555	2
X	149599678	149596556	2
X	149599678	149597260	2
X	149599678	149597964	4
X	149600471	149599553	4
X	149600480	149599553	4
X	149602221	149599553	0
X	149604071	149600302	4
X	149604071	149600304	4
X	149606810	149605154	2
X	149608752	149600302	2
X	149608830	149606730	0
X	149608835	149603708	0
X	149608835	149603986	0
X	149611326	149608453	1
X	149611464	149603986	1
X	149611464	149608626	3
X	149631683	149608691	0
X	149631720	149600302	0
X	149631913	149603986	0
X	149631913	149608626	0
X	149713256	149714480	4
X	149879359	149878835	0
X	149879859	149879265	0
X	149932768	149929526	2
X	149933904	149932196	78
X	149933904	149932197	78
X	149933904	149932200	78
X	149933904	149932578	81
X	149933904	149932588	78
X	149934138	149933621	169
X	149934138	149933737	159
X	149937481	149934004	95
X	149937481	149934376	179
X	149937515	149934004	95
X	149938436	149937432	201
X	149938460	149937413	200
X	149938462	149937432	217
X	149938473	149937432	220
X	149938701	149937448	180
X	149938812	149937432	188
X	149946029	149946241	0
X	149946600	149947173	2
X	150762738	150764511	43
X	150770370	150766336	4
X	150770370	150766338	4
X	150770370	150768366	1
X	150770370	150768728	1
X	150770370	150768976	3
X	150777483	150776173	0
X	150793757	150776173	0
X	150793757	150776901	0
X	150793757	150777335	0
X	150793757	150777443	0
X	150814937	150777443	0
X	150814937	150795417	0
X	150814949	150795417	0
X	150816079	150795417	0
X	150816079	150814861	0
X	150816079	150814899	0
X	150829605	150816006	0
X	150831249	150816006	0
X	150831294	150795205	0
X	150831294	150795417	0
X	150831294	150816006	0
X	150831294	150816278	0
X	151176876	151175191	0
X	151177837	151176794	0
X	151672662	151673927	0
X	151700694	151705267	0
X	151907400	151904430	0
X	151911084	151909452	32
X	151911200	151904431	29
X	151911456	151907341	39
X	151923525	151923599	179
X	151955568	151953123	0
X	151955568	151953124	0
X	151955836	151955103	1
X	151955861	151955367	0
X	151955861	151955396	0
X	151955914	151955052	0
X	151957513	151955707	0
X	151959150	151957282	0
X	151959724	151955367	0
X	151959977	151955707	0
X	151959977	151958645	0
X	151959977	151958963	0
X	151961366	151959838	0
X	151962594	151959838	0
X	151962644	151959838	0
X	151962644	151961224	0
X	151962644	151961282	0
X	151969737	151962422	0
X	151970403	151969668	0
X	151970553	151969398	0
X	151971318	151970056	0
X	151971318	151970184	0
X	151972661	151969851	0
X	151974680	151970184	0
X	152115768	152114993	0
X	152129614	152115680	0
X	152129614	152128340	0
X	152135686	152129488	0
X	152135835	152133309	53
X	152135835	152133312	43
X	152135835	152135067	71
X	152135835	152135135	64
X	152135835	152135407	19
X	152135835	152135562	7
X	152136081	152135445	6
X	152138494	152115680	0
X	152138522	152129488	2
X	152189942	152166233	0
X	152189942	152168227	0
X	152189944	152187208	0
X	152255999	152224762	0
X	152255999	152251057	0
X	15236601	15235287	1
X	152451359	152364430	0
X	15248936	15236527	0
X	15248936	15243986	0
X	15248936	15243988	0
X	15248936	15244289	0
X	15250535	15248682	0
X	15250565	15243986	0
X	15250565	15248682	0
X	15250565	15248743	0
X	15252318	15250429	1
X	15252405	15248682	2
X	15252405	15250429	3
X	15252405	15250465	4
X	15252405	15250469	4
X	15252405	15250529	4
X	15254845	15250429	0
X	152709001	152708570	26
X	152709008	152708260	26
X	152709266	152708263	17
X	152714683	152714846	250
X	152714929	152715078	258
X	152728225	152727483	19
X	152728225	152727486	19
X	152728232	152727483	19
X	152732505	152727483	8
X	152732505	152728073	15
X	152751575	152749862	433
X	152751575	152749863	433
X	152751575	152749875	415
X	152751575	152751121	385
X	152751575	152751252	334
X	152753885	152749863	103
X	152767862	152766135	182
X	152767862	152766943	159
X	152767926	152766146	180
X	152767926	152767046	156
X	152828675	152826972	23
X	152829278	152827809	29
X	15288073	15281696	0
X	15288073	15282318	0
X	15288073	15283043	0
X	15288073	15283505	0
X	152991978	152988824	0
X	152991978	152991178	0
X	152992215	152988823	0
X	152992218	152988824	0
X	153058361	153058481	0
X	153058772	153059283	0
X	153128324	153122144	0
X	15324872	15319450	2
X	15324872	15319451	2
X	15324872	15319454	2
X	15324872	15319456	2
X	15324872	15319474	4
X	15324872	15319499	9
X	15324872	15320358	2
X	15324872	15321324	3
X	15324872	15321426	4
X	15324872	15321564	4
X	15324872	15321712	3
X	153249692	153249114	0
X	15325101	15321700	2
X	15325153	15319455	5
X	15325153	15324664	20
X	15325153	15324731	20
X	15325153	15324785	20
X	15325273	15324664	18
X	15326047	15324664	16
X	15326047	15325019	19
X	15326384	15325019	14
X	15327256	15325913	7
X	15328244	15325969	4
X	15328538	15325913	4
X	15330976	15325913	9
X	15331300	15325913	12
X	15331724	15328343	12
X	15331993	15324664	5
X	15331993	15325019	9
X	15331993	15325606	5
X	15331993	15325913	6
X	15331993	15326949	5
X	15331993	15331215	14
X	153321823	153317680	0
X	153347656	153347753	75
X	15335408	15331473	1
X	15335430	15331215	1
X	15335504	15331589	1
X	15335524	15325913	12
X	15335524	15331215	1
X	15335524	15331873	1
X	15335545	15325913	12
X	15335545	15331819	1
X	15335555	15325913	12
X	15335555	15331589	2
X	15335555	15331873	0
X	15335581	15331215	0
X	153398921	153395639	0
X	153401393	153398706	0
X	153401421	153396905	0
X	153445645	153444719	0
X	153446112	153444719	0
X	153446488	153444719	0
X	153447864	153444719	0
X	153447864	153445598	0
X	153447910	153444719	0
X	153447910	153446008	0
X	153454509	153447665	0
X	153454509	153447669	0
X	153454509	153447747	0
X	153454509	153447748	0
X	153454509	153447860	0
X	153455649	153454393	4
X	153455767	153447669	0
X	153455767	153454393	4
X	153455767	153454876	4
X	153456294	153455541	2
X	153456351	153455541	1
X	153456365	153454393	1
X	153456365	153455464	1
X	153456365	153455541	1
X	153456652	153456264	1
X	153457163	153456492	1
X	153457192	153456492	1
X	153457229	153456492	1
X	153462672	153456729	2
X	153462672	153457136	1
X	153462672	153461559	1
X	153462672	153462037	2
X	15347360	15345590	0
X	15347476	15345971	0
X	153495517	153470449	0
X	153592734	153587918	15
X	153592734	153587926	15
X	153592734	153587931	16
X	153594680	153588054	14
X	153594680	153592505	19
X	153594680	153592574	17
X	153594680	153592611	15
X	153596188	153588162	14
X	153596188	153592505	14
X	153600046	153596003	7
X	153670595	153669729	0
X	153670595	153669732	0
X	153670595	153669734	0
X	153670595	153669767	0
X	153670595	153669783	0
X	153670595	153670019	0
X	153670832	153669734	0
X	153670832	153670449	1
X	153670832	153670488	1
X	153670832	153670529	1
X	153670997	153670743	1
X	153671191	153670917	0
X	153671361	153671077	0
X	153671361	153671126	0
X	153671361	153671129	0
X	153671361	153671131	0
X	153671434	153671077	0
X	153671673	153671077	0
X	153671673	153671284	0
X	153671673	153671356	0
X	153672019	153671238	0
X	153672019	153671284	0
X	153672019	153671307	1
X	153672019	153671548	1
X	153672019	153671552	1
X	153672201	153670917	1
X	153672201	153670955	0
X	153672201	153671284	0
X	153672201	153671548	0
X	153672201	153671551	0
X	153672201	153671879	0
X	153672221	153671879	0
X	153672667	153672125	0
X	153672698	153671498	0
X	153672698	153671559	0
X	153672698	153671689	0
X	153672698	153671879	0
X	153672698	153671979	0
X	153672698	153672100	0
X	153672698	153672125	0
X	153672698	153672136	0
X	153672698	153672141	0
X	153672698	153672172	0
X	153672785	153671077	0
X	153672951	153672121	0
X	153673077	153671077	0
X	153673079	153671879	0
X	153673079	153672125	0
X	153673079	153672565	1
X	153673079	153672637	0
X	153673175	153672565	1
X	153673289	153673008	0
X	153673362	153673008	0
X	153673374	153673008	0
X	153673382	153673008	0
X	153673694	153673008	0
X	153673750	153673008	0
X	153673800	153673008	0
X	153673803	153673008	0
X	153673805	153673008	0
X	153673823	153672565	0
X	153673824	153673008	0
X	153673835	153673008	0
X	153673846	153673008	0
X	153673947	153673008	0
X	153674326	153673008	0
X	153674346	153673008	0
X	153674362	153673008	0
X	153674501	153672946	0
X	153674912	153673008	0
X	153675094	153674666	0
X	153686667	153673008	2
X	153686684	153673008	2
X	153686789	153673008	1
X	153686793	153675178	0
X	153686971	153686463	2
X	153687563	153686500	4
X	153687566	153686500	4
X	153687569	153673008	0
X	153687760	153686455	1
X	153687796	153686624	1
X	153689011	153673008	2
X	153694018	153694129	11
X	153694018	153694136	11
X	153694268	153694343	52
X	153694447	153694532	39
X	153702108	153700491	56
X	153702108	153700495	56
X	153702108	153700496	56
X	153702108	153700502	56
X	153702455	153700530	59
X	153703059	153702006	59
X	153704095	153702006	60
X	153704095	153702934	29
X	153704095	153702969	28
X	153704095	153702974	28
X	153704095	153702989	29
X	153704095	153703000	29
X	153704095	153703039	30
X	153705102	153703958	44
X	1537108	1462571	0
X	153715690	153703958	21
X	153715690	153704020	23
X	153720973	153715416	11
X	153720973	153715541	7
X	153721158	153715566	5
X	153738579	153735625	2
X	153763818	153760490	1
X	153766454	153738069	0
X	153777689	153777947	32
X	153778096	153778260	31
X	153778326	153778395	22
X	153778472	153778599	14
X	153781146	153781215	2
X	153781146	153781282	2
X	153784022	153784120	0
X	153784025	153784120	0
X	153786273	153785765	94
X	153786273	153785766	94
X	153786450	153785765	108
X	153786450	153785797	108
X	153786450	153786148	108
X	153786450	153786211	108
X	153786948	153785766	98
X	153786948	153786354	89
X	153787154	153786800	93
X	153787554	153787050	84
X	153787598	153787050	72
X	153787598	153787126	75
X	153787956	153787390	75
X	153787956	153787463	71
X	153788136	153787822	58
X	153788136	153787825	58
X	153790293	153789711	59
X	153790300	153789711	59
X	153790576	153789837	42
X	153790576	153790194	35
X	153790852	153789711	39
X	153790852	153790194	47
X	153791309	153790194	36
X	153794755	153795662	91
X	153794755	153795927	108
X	153794755	153796433	96
X	153795187	153796433	99
X	153795862	153796438	108
X	153796127	153796433	135
X	153796553	153797457	74
X	153798137	153798328	60
X	153805208	153802165	2
X	153805208	153802167	2
X	153805208	153804878	4
X	153805607	153805092	5
X	153805607	153805096	5
X	153806134	153805504	2
X	153806134	153805544	2
X	153806134	153805581	2
X	153806841	153806070	2
X	153807370	153806741	7
X	153808140	153807278	7
X	153808140	153807326	5
X	153808596	153807278	5
X	153830549	153806741	0
X	153830566	153806741	0
X	153863380	153861513	42
X	153863380	153862791	44
X	153863550	153861513	52
X	153863550	153861952	50
X	153863550	153862432	57
X	153863550	153862547	35
X	153864995	153864584	4
X	153865211	153864820	20
X	153865211	153864963	23
X	153866872	153865703	27
X	153867125	153866648	10
X	153867125	153866771	8
X	153867554	153867053	7
X	153867911	153867355	14
X	153867911	153867550	22
X	153868123	153867355	15
X	153868459	153867997	20
X	153868624	153867997	20
X	153868728	153868301	12
X	153868728	153868406	36
X	153871180	153870789	9
X	153872355	153871056	1
X	153872355	153871127	5
X	153872698	153872151	4
X	153872698	153872220	5
X	153872698	153872258	5
X	153872698	153872266	5
X	153872698	153872300	5
X	153873243	153872591	7
X	153875848	153873227	12
X	153875945	153872591	5
X	153875945	153872948	11
X	153875945	153873227	13
X	153876028	153872591	4
X	153876040	153873227	17
X	153883897	153883947	3
X	153886143	153875760	3
X	153886155	153875760	3
X	153886162	153883863	5
X	153886174	153880281	3
X	153886175	153875760	2
X	15390252	15384798	0
X	153906329	153906522	15
X	153906417	153906522	15
X	153909167	153872591	3
X	153909167	153873227	7
X	153909167	153875760	7
X	153909170	153907366	8
X	153909170	153907375	8
X	153909170	153907376	8
X	153909170	153907414	8
X	153909170	153907438	8
X	153909170	153907453	8
X	153909170	153907468	8
X	153909224	153875760	7
X	153909536	153909069	9
X	153909659	153909069	9
X	153909925	153909442	13
X	153909925	153909467	13
X	153909925	153909507	11
X	153910086	153909740	11
X	153910520	153909818	26
X	153913303	153913023	22
X	153913517	153913227	26
X	153913601	153913023	18
X	153913601	153913217	24
X	153913880	153913209	18
X	153913880	153913217	18
X	153913880	153913408	5
X	153914254	153913523	18
X	153919054	153913777	6
X	153919284	153918831	6
X	153919284	153918841	6
X	153919284	153918939	6
X	153919284	153918961	6
X	153920632	153919154	6
X	153920809	153919154	6
X	153920809	153919566	6
X	153920837	153919154	5
X	153921160	153913777	7
X	153921160	153919154	6
X	153921160	153920411	5
X	153921160	153920625	1
X	153921160	153920707	1
X	153921160	153920714	1
X	153921224	153920738	6
X	153921405	153920625	6
X	153921528	153913777	6
X	153921528	153918831	2
X	153921528	153920625	6
X	153930848	153929241	45
X	153930848	153929913	86
X	153930848	153929920	86
X	153930848	153929923	86
X	153930848	153929925	86
X	153930848	153930040	93
X	153930848	153930075	88
X	153930848	153930204	98
X	153931441	153929826	58
X	153932116	153921604	12
X	153932116	153930762	89
X	153932116	153930778	89
X	153932116	153931953	95
X	153932259	153930292	75
X	153932432	153930762	93
X	153932432	153932070	40
X	153932585	153930762	66
X	153932585	153931770	56
X	153932585	153932070	53
X	153932585	153932315	54
X	153932983	153932066	88
X	153932983	153932315	61
X	153934002	153932538	104
X	153934476	153932538	99
X	153934476	153933659	93
X	153934476	153933942	76
X	153934476	153933960	77
X	153934786	153933942	79
X	153934959	153934376	76
X	153935000	153934376	72
X	153935007	153934029	78
X	153935016	153934376	75
X	153935042	153934376	75
X	153935067	153934376	69
X	153935081	153934376	75
X	153935224	153934376	74
X	153935577	153935262	0
X	153935577	153935274	0
X	153935577	153935282	0
X	153935577	153935285	0
X	153935577	153935332	0
X	153936106	153935488	0
X	153937189	153936003	0
X	153940216	153936003	0
X	153940234	153935488	0
X	153940234	153935998	0
X	153943035	153941477	0
X	153943080	153941949	0
X	153943080	153942244	0
X	153943633	153942854	0
X	153943719	153942854	0
X	153943719	153943057	0
X	153943944	153943545	0
X	153943971	153943534	0
X	153943971	153943545	0
X	153943971	153943613	0
X	153949617	153947552	358
X	153949617	153947556	365
X	153949617	153947558	361
X	153960162	153959330	135
X	153960415	153959801	169
X	153960415	153960008	168
X	153971185	153964577	12
X	153971808	153964577	16
X	15397532	15389962	0
X	15397532	15390184	0
X	154012679	154010499	242
X	154012679	154010505	247
X	154012679	154011562	251
X	154012679	154011687	262
X	154012679	154011826	247
X	154012679	154011858	247
X	154013344	154012528	223
X	154013434	154011730	235
X	154013434	154012528	213
X	154014247	154013042	141
X	154014279	154012528	203
X	154014279	154013042	133
X	154014378	154013335	209
X	154016098	154010721	210
X	154016098	154012528	222
X	154016098	154013042	120
X	154016645	154013042	183
X	154018356	154016948	149
X	154018356	154018005	185
X	154018639	154018290	180
X	154018648	154018290	176
X	154018788	154018290	135
X	154018946	154018345	168
X	154019079	154010519	159
X	154019981	154019430	156
X	154031451	154030238	66
X	154031451	154030604	70
X	154031451	154030605	70
X	154031451	154030838	65
X	154031451	154030842	66
X	154031451	154031306	58
X	154032217	154031395	45
X	154032558	154021572	16
X	154032558	154030233	45
X	154032558	154030957	48
X	154032558	154031063	57
X	154032558	154031268	58
X	154032558	154031344	58
X	154032558	154031369	58
X	154032558	154031395	57
X	154034175	154032458	34
X	154039904	154032434	14
X	154040104	154032433	9
X	154049482	154032434	11
X	154057255	154032206	3
X	154057811	154057147	0
X	154057843	154056940	0
X	154058567	154032206	7
X	154092262	154033993	0
X	154092294	154032206	1
X	154092308	154032206	1
X	154092308	154032434	1
X	154092308	154032458	1
X	154092308	154058398	1
X	154092308	154090801	3
X	154094477	154092183	1
X	154094781	154092231	0
X	154096970	154032372	0
X	154096979	154092183	0
X	154097026	154032474	0
X	154097664	154092183	0
X	154097681	154092183	0
X	154097690	154032206	0
X	154097738	154092183	0
X	154097756	154092183	0
X	154097765	154032206	0
X	154105039	154032372	0
X	154160469	154159356	0
X	154197583	154196470	0
X	154234723	154233614	0
X	154272527	154271264	0
X	154272527	154271266	0
X	154272527	154271414	0
X	154288408	154272390	0
X	154289821	154288335	0
X	154292118	154287679	0
X	154292206	154287679	0
X	154305087	154305303	0
X	154305125	154305303	0
X	154327427	154327590	0
X	154335038	154333959	0
X	154349566	154348523	513
X	154349566	154348525	513
X	154349566	154348528	513
X	154349566	154348531	513
X	154349566	154348647	932
X	154349566	154348919	513
X	154349566	154348921	513
X	154351697	154349648	431
X	154351697	154350908	443
X	154351951	154351580	295
X	154352022	154350030	408
X	154352022	154351580	314
X	154352448	154351727	317
X	154352448	154351883	370
X	154352676	154352180	318
X	154352784	154352552	315
X	154352884	154348529	416
X	154352925	154352180	318
X	154352925	154352552	347
X	154353170	154352771	688
X	154353205	154352771	320
X	154353222	154352771	329
X	154353457	154352537	277
X	154353458	154351883	292
X	154353458	154352771	425
X	154353458	154353000	367
X	154353599	154353295	325
X	154353728	154353295	260
X	154353728	154353392	447
X	154354044	154353295	296
X	154354044	154353553	289
X	154354292	154353914	253
X	154354484	154354029	228
X	154354484	154354150	183
X	154357624	154354824	85
X	154357624	154357250	199
X	154358356	154357433	42
X	154358356	154357540	44
X	154364720	154364258	57
X	154364958	154364525	55
X	154365208	154364631	71
X	154365258	154364820	67
X	154365260	154364820	67
X	154365487	154364820	55
X	154380020	154380233	20
X	154380803	154380881	62
X	154397377	154398064	6
X	154397865	154398064	24
X	154398395	154398496	790
X	154398399	154398496	816
X	154399397	154399486	1475
X	154399397	154399802	1577
X	154399595	154399802	1638
X	154399595	154400701	1380
X	154399942	154400463	1360
X	154399942	154400701	1553
X	154400627	154400701	1326
X	154403191	154401237	7
X	154403191	154401757	7
X	154403191	154401760	7
X	154403382	154402486	4
X	154403382	154402941	3
X	154403382	154403091	0
X	154403597	154403268	0
X	154403623	154403268	0
X	154404915	154403521	2
X	154405084	154404827	2
X	154405611	154402721	3
X	154405619	154403137	5
X	154405656	154404994	5
X	154409197	154405433	4
X	154409197	154405488	4
X	154409277	154405433	3
X	154409279	154405433	3
X	154409676	154409111	1
X	154409814	154409111	1
X	154410040	154409111	1
X	154412084	154405433	6
X	154412090	154409417	0
X	154412091	154405433	6
X	154412091	154409417	0
X	154412092	154409417	0
X	154412113	154409111	0
X	154413253	154413481	4
X	154413340	154413481	1
X	154413353	154413481	1
X	154413359	154413481	1
X	154413371	154413481	1
X	154419624	154419704	3
X	154419624	154420031	8
X	154419747	154420031	9
X	154420095	154420211	6
X	154421137	154421256	26
X	154428480	154424379	0
X	154428854	154429047	14
X	154429404	154431519	12
X	154438387	154438522	61
X	154440140	154440374	127
X	154440507	154441095	171
X	154441196	154441622	63
X	154441795	154442110	121
X	154442256	154442373	76
X	154442429	154442519	189
X	154449736	154449882	38
X	154449932	154450028	108
X	154468730	154468822	1
X	154478412	154477768	1
X	154485650	154485192	20
X	154485980	154483716	16
X	154485980	154484282	18
X	154485980	154485602	19
X	154486084	154485375	16
X	154486103	154485352	19
X	154486334	154485770	19
X	154486585	154485925	23
X	154486585	154486041	16
X	154486587	154486227	12
X	154486613	154485770	12
X	154486616	154486227	11
X	154486671	154486227	10
X	154489083	154487305	7
X	154490028	154487310	6
X	154490359	154487342	7
X	154490359	154488583	8
X	154490678	154488286	3
X	154490691	154487305	8
X	154507330	154506158	18
X	154507330	154506159	18
X	154507330	154506170	18
X	154507330	154506172	18
X	154507330	154506203	18
X	154507330	154506534	19
X	154507330	154506639	16
X	154507491	154507202	16
X	154507491	154507246	13
X	154507592	154506710	16
X	154507862	154507405	24
X	154507883	154507405	24
X	154508348	154507405	24
X	154508348	154507679	25
X	154508348	154507810	24
X	154508598	154508288	10
X	154508653	154508288	12
X	154508653	154508315	12
X	154508812	154508288	21
X	154511413	154508288	17
X	154511872	154508288	13
X	154511872	154508452	16
X	154511872	154508473	16
X	154511872	154508571	17
X	154511872	154508768	24
X	154512412	154511847	19
X	154512432	154511867	17
X	154512937	154511847	16
X	154515813	154511847	10
X	154516159	154511847	14
X	154516171	154511847	14
X	154516210	154511847	8
X	154516243	154511847	5
X	154532281	154531389	50
X	154532281	154531390	50
X	154532281	154531999	33
X	154532463	154532082	39
X	154532463	154532187	38
X	154533075	154532385	53
X	154533129	154532566	51
X	154533670	154532941	35
X	154533670	154532979	37
X	154533670	154533033	33
X	154533808	154532941	35
X	154534161	154532941	35
X	154534161	154533575	35
X	154534194	154533316	40
X	154534497	154534034	34
X	154534497	154534035	34
X	154534500	154534034	32
X	154535386	154534034	42
X	154535386	154534337	45
X	154536046	154535074	32
X	154536046	154535167	32
X	154536179	154535725	30
X	154536179	154535936	25
X	154546110	154536140	21
X	154546160	154536140	18
X	154546164	154536140	19
X	154546833	154546035	11
X	154546839	154546035	11
X	154546847	154545750	14
X	154546847	154546035	11
X	154547255	154546035	6
X	154547558	154546035	6
X	154547573	154546035	5
X	15456055	15425905	0
X	15456055	15429374	0
X	154618274	154617608	13
X	154619272	154618138	8
X	154619283	154617608	1
X	154640479	154639977	18
X	154652632	154651976	0
X	154653569	154652496	0
X	154653580	154651971	0
X	154680220	154678977	0
X	154680249	154675248	0
X	154680249	154675252	0
X	154680249	154677965	0
X	154680249	154678289	0
X	154696020	154676168	0
X	154774706	154774785	945
X	154774706	154775194	840
X	154774845	154775194	783
X	154781314	154778683	0
X	154781314	154778685	0
X	154781314	154778725	0
X	154781314	154779152	0
X	154781597	154778722	2
X	154781803	154781238	0
X	154783235	154781238	0
X	154783508	154781599	0
X	154783508	154781753	2
X	154784109	154783376	3
X	154784109	154783426	3
X	154785158	154783652	1
X	154785158	154784027	0
X	154785158	154784030	0
X	154786226	154785050	1
X	154786341	154785050	1
X	154786401	154784700	0
X	154786401	154785050	1
X	154786401	154785056	1
X	154786401	154785083	1
X	154790023	154785050	2
X	154790023	154786203	0
X	154790023	154786213	0
X	154790023	154786365	0
X	154791069	154789953	0
X	154791069	154789988	0
X	154791196	154789953	0
X	154791848	154790982	0
X	154792286	154791630	1
X	154792286	154791768	3
X	154792423	154791768	0
X	15479822	15459656	0
X	15479822	15478415	0
X	154799816	154786203	0
X	154805442	154782708	0
X	154805478	154786203	0
X	154805486	154786203	0
X	154805486	154789953	0
X	154821008	154792141	0
X	154827459	154823627	0
X	154829665	154823347	0
X	154830956	154829534	0
X	154832672	154830714	0
X	154832684	154830572	0
X	154860609	154835787	0
X	154860609	154835794	0
X	154860609	154836046	0
X	154886318	154863082	0
X	154896233	154863082	0
X	154899952	154896076	0
X	154919104	154908884	0
X	154931677	154906419	0
X	154947908	154928570	0
X	154954043	154930152	0
X	154966142	154961074	0
X	154966517	154965771	0
X	154966688	154965969	0
X	154984804	154969330	0
X	154984804	154977351	0
X	154987306	154984686	0
X	154987306	154984700	0
X	154993149	154987236	0
X	154997096	154992935	0
X	154997096	154993024	0
X	155064034	155061621	2
X	155064034	155061627	2
X	155065369	155063965	3
X	155065520	155063965	1
X	155065538	155064033	2
X	155065538	155064927	2
X	155065538	155065162	3
X	155065538	155065320	2
X	155071363	155063965	1
X	155147776	155065905	0
X	155147938	155065618	0
X	155213639	155212920	0
X	155264590	155258240	0
X	155278931	155277979	0
X	155279331	155276210	0
X	155279331	155278810	0
X	155280069	155279148	0
X	155280069	155279205	0
X	155280069	155279268	0
X	155298911	155279961	0
X	155299146	155279961	0
X	155334428	155309571	0
X	155334543	155299035	0
X	155334647	155299035	0
X	155334658	155299035	0
X	155351927	155334857	0
X	155351958	155347136	1
X	155492490	155491448	0
X	155492496	155490114	1
X	155507135	155492356	0
X	155507135	155492534	0
X	155524633	155513985	1
X	155545278	155524270	1
X	155545278	155524455	0
X	155612878	155545095	0
X	155612896	155612127	0
X	155612937	155545095	0
X	15562014	15561035	0
X	15564219	15561032	0
X	15564219	15561046	0
X	15564219	15561515	0
X	15564219	15561879	0
X	155669945	155545166	0
X	15595004	15592228	0
X	15601015	15594844	0
X	15601015	15594886	0
X	15639757	15600725	0
X	15639757	15627317	0
X	15639757	15627438	0
X	15646876	15646166	0
X	15659102	15644915	0
X	15703244	15702601	38
X	15783512	15784185	0
X	15828201	15827324	3
X	15833525	15831105	6
X	15840592	15826891	5
X	15845517	15825805	2
X	15845517	15828191	3
X	15845517	15830058	0
X	15845517	15831442	6
X	1599433	1600137	174
X	16153464	16152940	3
X	16154681	16153219	0
X	16154681	16153393	0
X	16170870	16168680	0
X	16590863	16588002	0
X	16590863	16588305	0
X	16591046	16589548	0
X	16639244	16620276	0
X	16639244	16638486	0
X	16667558	16639146	0
X	16845104	16839282	27
X	16845939	16844340	7
X	16845939	16844649	6
X	16845939	16844653	6
X	16845939	16844689	6
X	16845939	16845027	5
X	16849302	16844653	3
X	16849302	16845827	6
X	16849302	16845870	7
X	16852066	16849243	4
X	16852123	16848990	7
X	16852123	16849243	4
X	16852153	16845827	4
X	16852281	16849243	5
X	16852551	16852045	7
X	16852629	16852045	10
X	16852876	16852045	10
X	16852876	16852415	19
X	16852876	16852550	20
X	16852971	16852550	26
X	16853843	16852748	15
X	16857603	16853681	2
X	16857710	16852551	2
X	16857710	16853681	3
X	16863022	16858675	1
X	16863101	16857593	2
X	16863101	16858675	1
X	16869221	16862954	0
X	16869255	16862956	0
X	16869887	16869075	1
X	16870154	16869115	1
X	16870345	16869075	1
X	16870362	16869075	1
X	16870415	16869075	1
X	17557388	17552348	0
X	17744220	17745455	13
X	17744220	17746014	8
X	17745540	17746017	8
X	17749505	17749893	3
X	17802035	17800048	0
X	17802035	17801663	0
X	17837731	17800050	0
X	17837731	17801875	0
X	17837734	17800050	0
X	17861299	17801875	0
X	17861338	17800050	0
X	17972156	17970196	0
X	18171205	18162930	0
X	18174259	18170974	0
X	18174259	18171000	0
X	18241226	18239384	8
X	18241380	18239317	5
X	18242591	18239313	6
X	18242591	18241012	9
X	18246829	18239313	6
X	18354728	18334049	0
X	18442262	18442374	0
X	18644626	18639909	0
X	18644626	18641923	0
X	18656759	18647190	0
X	18691605	18688642	0
X	18892856	18893204	9
X	18894405	18892299	4
X	18894405	18892972	1
X	18894405	18893447	1
X	18895192	18894081	0
X	18895192	18894203	1
X	18895243	18894203	1
X	18896635	18892971	0
X	18897334	18895137	0
X	18897334	18895145	0
X	18898170	18895137	2
X	18900700	18899172	2
X	18901604	18897162	0
X	18901604	18900669	0
X	18901604	18900678	0
X	18918855	18910871	0
X	18924526	18924055	3
X	18925778	18924163	0
X	18925778	18924380	0
X	18995049	18989308	0
X	18995049	18989313	0
X	18995049	18989314	0
X	18995049	18990009	0
X	18996153	18989308	0
X	19019666	19013685	0
X	19021199	19019567	0
X	19021199	19019598	0
X	19361416	19360055	18
X	19361416	19360057	18
X	19361416	19360059	18
X	19361416	19360678	17
X	19361594	19361338	16
X	19362851	19361492	6
X	19380278	19374476	0
X	19497722	19496377	0
X	19515262	19488827	0
X	19537781	19533974	5
X	19537781	19534006	6
X	19537781	19535692	7
X	19537781	19536413	5
X	19588803	19569102	3
X	19592148	19588277	2
X	19592148	19588642	0
X	19592148	19588683	2
X	19595001	19592066	1
X	19595001	19592067	1
X	19645476	19631863	1
X	19664716	19645399	0
X	19670999	19645399	0
X	19684029	19645399	0
X	19684029	19645416	0
X	19687692	19683822	0
X	19695702	19631863	0
X	19695742	19683822	0
X	19695742	19683823	0
X	19914427	19913148	2
X	19914427	19914162	1
X	19915036	19914350	2
X	19915050	19914151	5
X	19916165	19914938	2
X	19918100	19916739	8
X	19923408	19916254	1
X	19929899	19918071	4
X	19929941	19912859	1
X	19929941	19916257	3
X	19929941	19917170	4
X	19929941	19923157	3
X	19935577	19929784	2
X	19935899	19929784	1
X	19937533	19928980	2
X	20011053	20006712	0
X	20011053	20006866	0
X	20011053	20008037	0
X	20011053	20008338	0
X	20025084	20016093	0
X	20025084	20021347	0
X	20130608	20124517	103
X	20130608	20128077	176
X	20138623	20135737	54
X	20141827	20135737	39
X	20141845	20138538	43
X	20156250	20149910	9
X	20156250	20153661	6
X	20156250	20153806	10
X	20156250	20154589	8
X	20156250	20154750	9
X	20156250	20154786	9
X	20156250	20154795	9
X	20156250	20154834	12
X	20156250	20154845	12
X	20156250	20154931	14
X	20156250	20154965	11
X	20156250	20154977	11
X	20156250	20155256	15
X	20156250	20155440	15
X	20204104	20188496	0
X	20204104	20195064	1
X	20209405	20203361	0
X	20209405	20204021	0
X	20209405	20204065	0
X	20234815	20204021	0
X	20317784	20311837	0
X	20949665	20769717	0
X	20949665	20874167	0
X	20990057	20949586	0
X	20990057	20984994	0
X	21082937	21029768	0
X	21082965	21016134	0
X	21082965	21061972	0
X	21300946	21081643	0
X	21300946	21082810	0
X	21300946	21257883	0
X	21503333	21504788	0
X	21591195	21594170	0
X	21591195	21594973	0
X	21595048	21595323	0
X	21733758	21706337	0
X	21737698	21705971	0
X	21737698	21727290	0
X	22169856	22162732	0
X	22389721	22259796	0
X	2243231	2219515	0
X	22621058	22389314	0
X	2266938	2261393	0
X	2266948	2243022	0
X	2266948	2243061	0
X	22743339	22389662	0
X	2291604	2266739	0
X	2291604	2266769	0
X	2291604	2266853	0
X	22944149	22620923	0
X	23064120	22944052	0
X	23064122	22743228	0
X	23270177	23064037	0
X	2336411	2334294	0
X	23704845	23702252	10
X	23704845	23703670	19
X	23704845	23703676	19
X	23704845	23703683	20
X	23704845	23703704	21
X	23705081	23704693	27
X	23705595	23704992	24
X	23705595	23705057	22
X	23707945	23706627	13
X	23713209	23707716	11
X	23713209	23707876	10
X	23721985	23707830	3
X	23782649	23772991	0
X	23783710	23783799	28
X	23783884	23784293	83
X	23785430	23785519	12
X	23833613	23833356	8
X	23840378	23833352	0
X	23840378	23833362	0
X	23840378	23833366	0
X	23840378	23833423	0
X	23840378	23833606	0
X	23840406	23833359	0
X	23840837	23840312	2
X	23856383	23840026	0
X	23856383	23840312	0
X	23858734	23840312	0
X	23858734	23856301	0
X	23858734	23856355	0
X	2392475	2291501	0
X	24006701	23983719	0
X	2408814	2291501	0
X	2408814	2337830	0
X	24148843	24146224	0
X	2425305	2291501	0
X	24562506	24561841	0
X	24575319	24558086	0
X	24575319	24561841	0
X	24575319	24562400	0
X	24575319	24562442	0
X	24647039	24618984	0
X	24647159	24618984	0
X	24647237	24618984	0
X	24672678	24618984	0
X	24727789	24727789	9
X	2488972	2486981	11
X	2500556	2488185	7
X	2500590	2425196	0
X	25006006	25004859	0
X	2500651	2425196	0
X	25007172	25006544	0
X	25007440	25003693	0
X	2500896	2489904	5
X	2500961	2425196	0
X	2500968	2486413	5
X	2500974	2425196	0
X	2500979	2425196	0
X	25015949	25012921	0
X	25016206	25015580	0
X	25016421	25015612	0
X	2502806	2425196	0
X	2615348	2612987	0
X	27158994	27042906	0
X	27159097	27128804	0
X	27176299	27169866	0
X	27186658	27174919	0
X	27265812	27186539	0
X	27393633	27350023	0
X	27398838	27336409	0
X	281257	281481	0
X	2853761	2852739	0
X	28576423	28571531	0
X	2905206	2905567	2
X	2907633	2904917	2
X	2908806	2906155	0
X	2908843	2903969	0
X	2908843	2907423	0
X	2915693	2910658	0
X	2915693	2913613	0
X	2917879	2914496	0
X	2920724	2917803	0
X	2922025	2920380	0
X	2922025	2920600	0
X	2922025	2920675	0
X	2929350	2908720	0
X	2936864	2934631	0
X	2936864	2934815	0
X	2949728	2945997	0
X	2953229	2952830	0
X	2953266	2949303	0
X	2953266	2949622	0
X	2958436	2955415	0
X	2959889	2958273	0
X	2959889	2958410	0
X	2960421	2955415	0
X	2960421	2958273	0
X	2960469	2958273	0
X	2964265	2958273	0
X	299466	302836	26
X	30308489	30305673	2
X	30309599	30304205	0
X	30576867	30558823	0
X	30724175	30699997	0
X	307513	304528	5
X	307513	304749	18
X	30823408	30821814	0
X	30834153	30827441	54
X	30834153	30827442	54
X	30834153	30830330	41
X	30834764	30835196	35
X	30843050	30834050	18
X	30846072	30842987	11
X	30846645	30834050	11
X	30846645	30834620	17
X	30846645	30842965	12
X	30852939	30842965	7
X	30855563	30852777	4
X	30859679	30854115	1
X	30859679	30855522	1
X	30859721	30854115	1
X	31126674	31119227	0
X	31126674	31121183	0
X	31134195	31119218	0
X	31134195	31119220	0
X	31134195	31119227	0
X	31134195	31121396	0
X	31134195	31121555	0
X	31134195	31121672	0
X	3113597	3112899	0
X	31169557	31097676	0
X	31169602	31147274	0
X	31172414	31169442	0
X	31173605	31169585	0
X	31178806	31147274	0
X	31178806	31173538	0
X	31178806	31177931	0
X	31180482	31178438	0
X	31180482	31178668	0
X	31209700	31206581	0
X	31223122	31209497	0
X	31223122	31209524	0
X	31266858	31260954	0
X	31266908	31260954	0
X	31266950	31260954	0
X	31266953	31260954	0
X	31323631	31261107	0
X	31323659	31260954	0
X	31348635	31323597	0
X	31435655	31348555	0
X	31444628	31348555	0
X	31478375	31444480	0
X	31479104	31478105	0
X	31479104	31478318	0
X	31729749	31679374	0
X	31774193	31729630	0
X	31774193	31729685	0
X	31932228	31929595	0
X	31968451	31932079	0
X	31968515	31932079	0
X	31968515	31932115	0
X	32151427	31968338	0
X	32155470	31968338	0
X	32216904	32151389	0
X	32217064	31968338	0
X	32343287	32342099	0
X	32343287	32342630	0
X	32364711	32362787	0
X	32365200	32364581	0
X	32365200	32364680	0
X	32518132	32501754	0
X	32545335	32516595	0
X	32545335	32518007	0
X	32573638	32565701	0
X	32573847	32573529	0
X	32573847	32573591	0
X	32573847	32573610	0
X	32595877	32573744	0
X	32644314	32614302	0
X	32809612	32699111	0
X	32816554	32573744	0
X	32823388	32573744	0
X	32849803	32844782	0
X	32849821	32844782	0
X	32960348	32849727	0
X	33020201	32216915	0
X	33020201	32364680	0
X	33020201	32365019	0
X	33020201	32849727	0
X	33020201	32960207	0
X	33085928	33020138	0
X	33128166	33020138	0
X	33128361	33020138	0
X	33128428	33020185	0
X	3318004	3308564	0
X	33211313	33020138	0
X	33211433	33159194	0
X	33211520	33020138	0
X	33211555	33020138	0
X	33339442	33020138	0
X	338711	333962	4
X	338711	334234	4
X	338897	334238	4
X	338897	338603	9
X	340941	338612	0
X	340941	338777	0
X	34132315	34129757	0
X	341397	340764	2
X	341712	340764	2
X	341932	340764	0
X	341932	341306	2
X	34212236	34206724	0
X	342238	341306	5
X	34415538	34212159	0
X	345627	341882	0
X	345630	341882	0
X	345673	341306	0
X	345673	341882	0
X	345673	341910	0
X	346261	344895	1
X	346261	345515	0
X	34639388	34627063	0
X	346515	345515	2
X	346776	346173	0
X	347325	346700	0
X	347337	346636	1
X	347337	346700	1
X	347337	346719	1
X	347694	347233	3
X	347839	347233	9
X	3611335	3608624	4
X	3612256	3610950	5
X	3612282	3611221	7
X	3612326	3604369	4
X	361517	347589	2
X	3615893	3612176	4
X	3615893	3612309	3
X	361591	347589	2
X	361591	347610	2
X	36368098	36365625	0
X	36379485	36367920	0
X	36413950	36379381	0
X	3641972	3626418	0
X	3670216	3655148	0
X	3674767	3655148	0
X	36795461	36794499	0
X	37545263	37541076	0
X	37840652	37836756	1
X	37841106	37838835	0
X	37841106	37840542	0
X	37841106	37840612	0
X	38154033	38149630	11
X	38154584	38149335	9
X	38154584	38149338	9
X	38157030	38149335	7
X	38157030	38149350	7
X	3818501	3817527	6
X	3818501	3817534	6
X	3822286	3818441	14
X	3822572	3818441	5
X	3822581	3818441	5
X	3822581	3818656	6
X	3822581	3821680	9
X	3822581	3822072	10
X	3825204	3818441	10
X	38272590	38269401	0
X	38272590	38269413	0
X	38273478	38269162	0
X	38273478	38269169	0
X	38273478	38269170	0
X	38273478	38269348	0
X	38273478	38269401	1
X	38273478	38269496	1
X	38273478	38269519	1
X	38273478	38269526	1
X	38273478	38272310	0
X	38273943	38269342	0
X	38275147	38273385	0
X	38275147	38273429	0
X	38287246	38276586	0
X	38287246	38279166	0
X	38288042	38276586	0
X	38288042	38284407	0
X	38288042	38287093	0
X	3828860	3818656	15
X	3828951	3817527	14
X	38291025	38276586	0
X	38291025	38287093	0
X	3829393	3818441	6
X	3829393	3826600	11
X	38297453	38290958	0
X	38297453	38291392	0
X	38297453	38295984	0
X	38299142	38297283	0
X	38299142	38297307	0
X	38299142	38298330	0
X	38301372	38297283	0
X	38301372	38298955	0
X	38301372	38298969	0
X	38304773	38301246	0
X	38304791	38301246	0
X	38304791	38302612	0
X	38304791	38303600	0
X	38304832	38301246	0
X	38310774	38301246	0
X	38310774	38304634	0
X	38310774	38304699	0
X	38317466	38310614	0
X	38317894	38317315	0
X	38318988	38317315	0
X	38318991	38317245	0
X	3843567	3828892	4
X	3843858	3829363	3
X	3850342	3848205	0
X	3854928	3828505	0
X	3854928	3850212	0
X	3860997	3853009	0
X	3860997	3854691	0
X	3862888	3860789	2
X	3863575	3860789	2
X	3863646	3860798	2
X	3865143	3862649	0
X	3867136	3854348	0
X	3867807	3854691	0
X	3867807	3864397	1
X	3867807	3865042	0
X	38803884	38801567	0
X	3893352	3863501	0
X	3893352	3866921	0
X	3893352	3866949	0
X	3899423	3891437	0
X	3899423	3893115	0
X	3905710	3893291	0
X	3920747	3905686	2
X	39299533	39226102	0
X	39307901	39304955	0
X	3931574	3901927	1
X	39327362	39305633	0
X	39367592	39367284	0
X	39371851	39367288	0
X	39376691	39367512	0
X	3937856	3929868	0
X	39403129	39401251	0
X	39848359	39837535	0
X	40052401	40049814	6
X	40054043	40049814	38
X	40054043	40051245	9
X	40054043	40051247	9
X	40054043	40051254	9
X	40054043	40052112	10
X	40054043	40052218	10
X	40055514	40051256	10
X	40063003	40062138	16
X	40063072	40062138	16
X	40063851	40062745	17
X	40063851	40062954	14
X	40063953	40062745	13
X	40064600	40062745	12
X	40075181	40070972	78
X	40075181	40071636	70
X	40076533	40071905	13
X	40076533	40072348	22
X	40077958	40071943	9
X	40077970	40076453	3
X	40097404	40077843	3
X	40146630	40077843	0
X	40177321	40077843	0
X	40177330	40077843	0
X	40589117	40591233	0
X	40597665	40598651	1
X	40597665	40598680	1
X	40597665	40599591	3
X	40598735	40598935	5
X	40598735	40599591	3
X	40598735	40599606	4
X	40598735	40599648	4
X	40599019	40599591	2
X	40599742	40600761	5
X	40599742	40600768	5
X	40599742	40600781	5
X	40630774	40629032	21
X	40630774	40629936	24
X	40636713	40626920	20
X	40636713	40630613	24
X	40654557	40648305	18
X	40654557	40649542	17
X	40655061	40653871	17
X	40655061	40654363	10
X	40659335	40654934	7
X	40659608	40659226	5
X	40659820	40659226	6
X	40675362	40671860	0
X	40680134	40675220	1
X	40680911	40675220	1
X	40713908	40712913	0
X	40714711	40713777	1
X	40714711	40713831	0
X	40715052	40713877	2
X	40726852	40714536	0
X	40729346	40726454	0
X	40729346	40726745	0
X	40729541	40726527	0
X	41333700	41334125	7
X	41334770	41336082	194
X	41334816	41336082	192
X	41337466	41337690	200
X	41337466	41339035	261
X	41337466	41339038	264
X	41338913	41339035	183
X	41340815	41341483	349
X	41341617	41341948	163
X	41341617	41342494	194
X	41342047	41342494	194
X	41342654	41342736	612
X	41342837	41343215	518
X	41342837	41343220	484
X	41342837	41343288	491
X	41342837	41343736	454
X	41342837	41344029	440
X	41343352	41343736	442
X	41343352	41344029	440
X	41343823	41344029	440
X	41345325	41345403	487
X	41346411	41346493	30
X	41346411	41346504	30
X	41347013	41347311	338
X	41347013	41347314	332
X	41347013	41347639	332
X	41347452	41347639	379
X	41347452	41347859	449
X	41347455	41347639	379
X	41447517	41447848	0
X	41523026	41520332	0
X	41524035	41514933	0
X	41524035	41514950	0
X	41524035	41517307	0
X	41524035	41519210	0
X	41524035	41519220	0
X	41524035	41519226	0
X	41524035	41519233	0
X	41524035	41519236	0
X	41524035	41519264	0
X	41524035	41519294	0
X	41524035	41519477	0
X	41524035	41519548	0
X	41524035	41519553	0
X	41524035	41519607	0
X	41524035	41519896	0
X	41524714	41520005	0
X	41531210	41523950	0
X	41531210	41529528	0
X	41534787	41531006	0
X	41534787	41531183	0
X	41534901	41534705	0
X	41534959	41534705	0
X	41534974	41534705	0
X	41542807	41534705	0
X	41553916	41542690	0
X	41553916	41552587	0
X	41559848	41553718	0
X	41559848	41555599	0
X	41559848	41557031	0
X	41561645	41559778	0
X	41562883	41558195	0
X	41578454	41569667	0
X	41578529	41569667	0
X	41586952	41578339	0
X	41586988	41578339	0
X	41588521	41578339	0
X	41589593	41583940	0
X	41589593	41586906	0
X	41590083	41586906	0
X	41610026	41589514	0
X	41622635	41609903	0
X	41622635	41609984	0
X	41626704	41609903	0
X	41626704	41622616	0
X	41636662	41626603	0
X	41636662	41635717	0
X	41660562	41636577	0
X	41665432	41660438	0
X	41665453	41660100	0
X	41665453	41660438	0
X	41695678	41695748	0
X	41728512	41728647	0
X	41739457	41671427	0
X	41739457	41697609	0
X	41745594	41739383	0
X	41745602	41739383	0
X	41745602	41743552	0
X	41787284	41745496	0
X	41787284	41745523	0
X	41853194	41787177	0
X	41853228	41745523	0
X	41853228	41786809	0
X	41853228	41787177	0
X	41922948	41853114	0
X	41922983	41853114	0
X	41923008	41853114	0
X	41923013	41853114	0
X	41923016	41853114	0
X	41923031	41853114	0
X	41923049	41853096	0
X	41923145	41853114	0
X	41923162	41853114	0
X	41923170	41853114	0
X	41923172	41853096	0
X	41923196	41853096	0
X	41923476	41853114	0
X	41923646	41853114	0
X	42054837	42047882	0
X	43768717	43766610	0
X	43797267	43795738	0
X	43802264	43797124	0
X	43802264	43797211	0
X	43844646	43843669	0
X	43844646	43843799	0
X	43882448	43843669	0
X	43958853	43948775	0
X	43958853	43948790	0
X	43958853	43949681	0
X	43973387	43958717	0
X	43973391	43958471	0
X	43973396	43966507	0
X	43973505	43958471	0
X	44164028	44147881	0
X	44164028	44148664	0
X	44312757	44272685	0
X	44477423	44476026	0
X	44527366	44523638	0
X	44527366	44523771	0
X	45154082	45149899	0
X	45154199	45148373	0
X	45191870	45191392	0
X	45191934	45153909	0
X	45192016	45157714	0
X	45192016	45162309	0
X	45770270	45768379	15
X	45770275	45745210	4
X	45849473	45848073	10
X	45917041	45913266	0
X	4630351	4627199	0
X	46327646	46325923	4
X	46456246	46454096	0
X	46523619	46501301	0
X	46528446	46497726	0
X	46528446	46499436	0
X	46528446	46522992	0
X	46528446	46522999	0
X	46528446	46525377	0
X	46528910	46528334	1
X	46528910	46528349	1
X	46529669	46527722	1
X	46546564	46547424	14
X	46562750	46560927	0
X	46607183	46606294	6
X	46607204	46606260	6
X	46607204	46606294	6
X	46613395	46599251	1
X	46613395	46605317	3
X	46613395	46606907	2
X	46613395	46606923	2
X	46648798	46643235	3
X	46669687	46606923	0
X	46759056	46682335	0
X	46759173	46682335	0
X	46890380	46887416	0
X	46890380	46887420	0
X	47080937	47081129	0
X	47142745	47142215	16
X	47142745	47142219	15
X	47158200	47156637	2
X	47223312	47223551	106
X	47223605	47223748	154
X	47226028	47226278	156
X	47226403	47226582	270
X	47227100	47227159	73
X	47227100	47227180	88
X	47228645	47228705	259
X	47228645	47228730	259
X	47239482	47239789	7
X	47242307	47242438	6
X	47244925	47245015	0
X	47247222	47247303	8
X	47247420	47247610	7
X	47274391	47273365	0
X	47391328	47389960	0
X	47439775	47438735	0
X	47456017	47445878	6
X	47456017	47449263	3
X	47482586	47467409	0
X	47482947	47467409	0
X	47571407	47571520	25
X	47574591	47571897	0
X	47574591	47571900	0
X	47574758	47572306	0
X	47585332	47585542	59
X	47605068	47577438	0
X	47605068	47589954	0
X	47605380	47604709	0
X	47605380	47604977	0
X	47607015	47605222	0
X	47607037	47605222	0
X	47607037	47605232	0
X	47623510	47607140	0
X	47626170	47623171	3
X	47626170	47624212	2
X	47626170	47624213	2
X	47626520	47624558	5
X	47626520	47625987	8
X	47626520	47626057	9
X	47626581	47626057	9
X	47626947	47626327	5
X	47627333	47626772	1
X	47627333	47626806	1
X	47628278	47627470	2
X	47628554	47628121	4
X	47628743	47627470	3
X	47629646	47628101	2
X	47629675	47627470	3
X	47629675	47628101	2
X	47629896	47628101	2
X	47637053	47636810	52
X	47637115	47635520	69
X	47637115	47636166	67
X	47650027	47641231	5
X	47650027	47648886	6
X	47650489	47641231	5
X	47652145	47651797	11
X	47652145	47651800	11
X	47652145	47651804	11
X	47657291	47652080	18
X	47657500	47652080	18
X	47657640	47657182	19
X	47657864	47657182	17
X	47657864	47657571	14
X	47658937	47657114	7
X	47658937	47657781	7
X	47659108	47657781	5
X	47659118	47657781	5
X	47659153	47658829	6
X	47659162	47658829	6
X	47659181	47659894	1
X	47723719	47723835	0
X	47723947	47724286	0
X	47778698	47776826	0
X	47983039	47974850	0
X	47983039	47974851	0
X	47983412	47982948	4
X	47988618	47983284	2
X	48002654	47983284	0
X	48002654	47983355	0
X	48002654	47988523	0
X	48034160	48003507	0
X	48060546	48057266	0
X	48060546	48058179	0
X	48060546	48058213	0
X	48060546	48059797	0
X	48060546	48059947	0
X	48067061	48060449	0
X	48067062	48060449	0
X	48067062	48060818	0
X	48136043	48135657	0
X	48154166	48153867	0
X	48187732	48186219	0
X	48187732	48186774	0
X	48277077	48276703	0
X	48299768	48296815	0
X	48301763	48299631	0
X	48303700	48301549	0
X	48303700	48301712	0
X	48334440	48333674	0
X	48347605	48346427	0
X	48347605	48346625	0
X	48349588	48348256	0
X	48350123	48347499	0
X	48350123	48349539	0
X	48352150	48349445	0
X	48352150	48349986	0
X	48352248	48349986	0
X	48403557	48402077	0
X	48403557	48402081	0
X	48448460	48446892	0
X	48459035	48458538	0
X	48459640	48458536	0
X	48459640	48458538	0
X	48459640	48458692	0
X	48459640	48458956	0
X	48459877	48459219	0
X	48459877	48459535	0
X	48461087	48460648	0
X	48461798	48460985	0
X	48462145	48461717	0
X	48462145	48461730	0
X	48462145	48461751	0
X	48462292	48462006	0
X	48462292	48462121	0
X	48462981	48462232	0
X	48462982	48462232	0
X	48466094	48458544	0
X	48466094	48462232	0
X	48466094	48462897	0
X	48466323	48466014	0
X	48466873	48462897	0
X	48478169	48478448	205
X	48481529	48481631	197
X	48482795	48482985	171
X	48508839	48506522	0
X	48509578	48509783	11
X	48509708	48509892	7
X	48511936	48512325	7
X	48559025	48559157	22
X	48574861	48568013	0
X	48575284	48575560	496
X	48575631	48576313	507
X	48575668	48575814	472
X	48575668	48575921	496
X	48575668	48576313	506
X	48576084	48576313	489
X	48577110	48577464	516
X	48581158	48579773	8
X	48597615	48597957	4
X	48598038	48598716	21
X	48598038	48598750	22
X	48598038	48599352	23
X	48598958	48599352	15
X	48700706	48698962	53
X	48706412	48706497	25
X	48737164	48700105	0
X	48801752	48801873	0
X	48802552	48802662	0
X	48802786	48802870	1
X	48802786	48802919	1
X	48805672	48806367	2
X	48805780	48806367	2
X	48806465	48806608	4
X	48814741	48814833	2
X	48814894	48814961	2
X	48814894	48815025	4
X	48815052	48815383	8
X	48815296	48815383	4
X	48818110	48818219	1
X	48823019	48823120	16
X	48823032	48823528	16
X	48832342	48831093	0
X	48834828	48832262	0
X	48835634	48831868	0
X	48894011	48893446	8
X	48894011	48893447	8
X	48894011	48893452	8
X	48894011	48893553	8
X	48894226	48893448	5
X	48894226	48893899	5
X	48894226	48893999	4
X	48895102	48893899	4
X	48896859	48895037	2
X	48896859	48895351	5
X	48897229	48896758	3
X	48897748	48896758	1
X	48897763	48896758	1
X	48897769	48896177	1
X	48897772	48896758	1
X	48897791	48896758	1
X	48897822	48896758	0
X	48898015	48898491	13
X	48898083	48898491	15
X	48898094	48898491	16
X	48898347	48898491	14
X	48902385	48902731	28
X	48902518	48902731	11
X	48902796	48902927	29
X	48904893	48903183	9
X	48905483	48903179	9
X	48906509	48905397	10
X	48906544	48903179	15
X	48906544	48903183	9
X	48906544	48903612	10
X	48906544	48903613	10
X	48906544	48904163	10
X	48906544	48904283	14
X	48906544	48904311	15
X	48906544	48904343	15
X	48906544	48904439	19
X	48906544	48904745	8
X	48906544	48905165	12
X	48906544	48905295	12
X	48909873	48906391	2
X	48909997	48905858	4
X	48909997	48905955	4
X	48909997	48906391	3
X	48911647	48906391	2
X	48911670	48906134	3
X	48914572	48913181	25
X	48914915	48914103	27
X	48915393	48914394	28
X	48915736	48914395	26
X	48923296	48922027	36
X	48923296	48922205	36
X	48923747	48922210	45
X	48923747	48922211	45
X	48923747	48922639	36
X	48923747	48922942	45
X	48923747	48923136	37
X	48926051	48923850	30
X	48934613	48925846	25
X	48934868	48925933	16
X	48934868	48934463	26
X	48934868	48934581	23
X	48935019	48934463	8
X	48944284	48934953	5
X	48944284	48936190	7
X	48966306	48961377	0
X	48966306	48961385	0
X	48966677	48966054	0
X	48966759	48966089	0
X	48975310	48973722	3
X	48976364	48973719	5
X	48976364	48976017	6
X	48978436	48975154	3
X	48978436	48976240	7
X	48978436	48976255	7
X	48980809	48977833	2
X	48981315	48976906	3
X	48981315	48978304	4
X	48983441	48982978	15
X	48983860	48983227	0
X	48983871	48983227	0
X	48983871	48983391	0
X	48989711	48988120	15
X	48989883	48989610	9
X	48991103	48990684	12
X	48991111	48990684	10
X	48991387	48990684	15
X	48993579	48990925	9
X	48997308	48990925	5
X	48997358	48990925	6
X	48997358	48991009	8
X	48997358	48993427	4
X	48997358	48993447	4
X	48998181	48997249	4
X	48998181	48997258	4
X	48999300	48993427	5
X	48999300	48998153	3
X	48999399	48997947	6
X	48999505	48998973	4
X	48999505	48999237	4
X	49031545	49028725	63
X	49031545	49028730	63
X	49032068	49030514	64
X	49033541	49031396	19
X	49038115	49034133	29
X	49038260	49037738	33
X	49038443	49038009	39
X	49062059	49062234	0
X	49062105	49062234	0
X	49062118	49062234	0
X	49068091	49068543	2
X	49072651	49071155	2
X	49072651	49071469	4
X	49073836	49071596	8
X	49073990	49072030	1
X	49074072	49072432	0
X	49075282	49074428	7
X	49075282	49074432	7
X	49075282	49074441	7
X	49075282	49074442	7
X	49075282	49074446	7
X	49075282	49074639	6
X	49075282	49074657	7
X	49075282	49074668	7
X	49075282	49074703	8
X	49075282	49074791	6
X	49075282	49074819	6
X	49075379	49075135	8
X	49075424	49075135	8
X	49075454	49075135	8
X	49075466	49072432	0
X	49075466	49074441	7
X	49075466	49075135	8
X	49075466	49075212	8
X	49075466	49075218	8
X	49075664	49075363	6
X	49075754	49074668	7
X	49075754	49074699	7
X	49075754	49075135	8
X	49075754	49075363	10
X	49075754	49075372	10
X	49075875	49075358	7
X	49075878	49075544	10
X	49075946	49075363	11
X	49075946	49075544	12
X	49075946	49075654	11
X	49075946	49075667	9
X	49075946	49075702	11
X	49075946	49075703	11
X	49075946	49075739	11
X	49075946	49075744	11
X	49075956	49075544	9
X	49075979	49075544	11
X	49076276	49075865	11
X	49076464	49075865	12
X	49076525	49075544	11
X	49076525	49075865	12
X	49076525	49075894	11
X	49076525	49075938	11
X	49076525	49076190	11
X	49076751	49075865	11
X	49076751	49076405	10
X	49076751	49076429	10
X	49076751	49076507	9
X	49076754	49076429	10
X	49076754	49076446	10
X	49076805	49076429	11
X	49076826	49076429	11
X	49076891	49076429	11
X	49077264	49076399	14
X	49077580	49076429	20
X	49077619	49076644	16
X	49077747	49076644	14
X	49077748	49075865	12
X	49077748	49076429	20
X	49077748	49076644	14
X	49077912	49075865	14
X	49077912	49076429	16
X	49077912	49076644	14
X	49077912	49076768	15
X	49077912	49077073	14
X	49077912	49077486	14
X	49077912	49077557	12
X	49077912	49077642	13
X	49077912	49077652	14
X	49078113	49076429	12
X	49078113	49076644	12
X	49078113	49076989	15
X	49078113	49077836	12
X	49078113	49077884	11
X	49079096	49078072	8
X	49079703	49078045	4
X	49079857	49078040	3
X	49079860	49078040	3
X	49079868	49078040	3
X	49079873	49078040	3
X	49079881	49078040	3
X	49079882	49078040	3
X	49079888	49078040	3
X	49079890	49077836	3
X	49079893	49078040	3
X	49079899	49078040	3
X	49079901	49078040	3
X	49079902	49078040	3
X	49079903	49078040	3
X	49079904	49078040	3
X	49079912	49078040	3
X	49079916	49078040	3
X	49079930	49078040	3
X	49080074	49078040	2
X	49080096	49078040	4
X	49080098	49078040	4
X	49080154	49078040	4
X	49080257	49078040	6
X	49100555	49078040	0
X	49100555	49079938	0
X	49100678	49079959	1
X	49101061	49078040	1
X	49101145	49080030	1
X	49101145	49080084	1
X	49113939	49113388	29
X	49156457	49155241	0
X	49162746	49163782	0
X	49162939	49163782	0
X	49164030	49164706	0
X	49164790	49164862	0
X	49164790	49164907	2
X	49177203	49175263	12
X	49177203	49175553	9
X	49177203	49175620	11
X	49178180	49176902	13
X	49178476	49177136	6
X	49178476	49177988	6
X	49178476	49177992	6
X	49179284	49177992	4
X	49179807	49179250	9
X	49183918	49179250	4
X	49183918	49179404	6
X	49183918	49179692	6
X	49183918	49179805	6
X	49184711	49183593	5
X	49184711	49183656	5
X	49184711	49183733	6
X	49184790	49183733	6
X	49191764	49187803	0
X	49191764	49189136	0
X	49191764	49189252	0
X	49193464	49190541	0
X	49193464	49191432	0
X	49194362	49193271	0
X	49197840	49194165	0
X	49197840	49194190	0
X	49197840	49194310	0
X	49199034	49193271	0
X	49199034	49194165	0
X	49199034	49197376	0
X	49199034	49197486	0
X	49199034	49197538	0
X	49199034	49197714	0
X	49200177	49198967	0
X	49200194	49198967	0
X	49200196	49197016	0
X	49200196	49198967	0
X	49200200	49198967	0
X	49200260	49198967	0
X	49205814	49205062	0
X	49209394	49208514	0
X	49209713	49208815	0
X	49209760	49209261	0
X	49210043	49209628	0
X	49210043	49209660	0
X	49222604	49221034	0
X	49222604	49222257	0
X	49251766	49250435	0
X	49251766	49250438	0
X	49251766	49251333	1
X	49253203	49251333	0
X	49253203	49251663	1
X	49269934	49270607	1
X	49689544	49687449	0
X	49829352	49830398	0
X	49879242	49876723	0
X	50069745	50069878	0
X	50194433	50190776	0
X	50194437	50190767	0
X	50194437	50190776	0
X	50194437	50192923	0
X	50196993	50190776	0
X	50196993	50192303	0
X	50196993	50193922	0
X	50196993	50194089	0
X	50196993	50194144	0
X	50370550	50365408	0
X	50595782	50591694	0
X	50596238	50595697	0
X	50596965	50591646	0
X	50598536	50591646	0
X	50598536	50592364	0
X	50598536	50595697	0
X	50695938	50638173	0
X	50695938	50687038	0
X	51098051	51095843	0
X	51171401	51108950	0
X	51396463	51356943	0
X	51496597	51490010	0
X	51505794	51502089	0
X	51897078	51897207	7
X	51897272	51897546	11
X	51897887	51898113	6
X	51898194	51898284	9
X	51898328	51898580	6
X	51898644	51900181	4
X	51901939	51902145	20
X	51903851	51903337	0
X	51980013	51979222	0
X	52054256	52050859	0
X	52062252	52061826	0
X	52062665	52061826	0
X	52062665	52062221	0
X	52063102	52061826	0
X	52063102	52062221	0
X	52063102	52062233	0
X	52063102	52062555	0
X	52063751	52062986	0
X	52064078	52061838	0
X	52064110	52062986	0
X	52064544	52062365	0
X	52064709	52062986	0
X	52066147	52065329	0
X	52066147	52065809	0
X	52066454	52066082	0
X	52066658	52066044	0
X	52066678	52066082	0
X	52067606	52067001	0
X	52067699	52066082	0
X	52067699	52066249	0
X	52067699	52067009	0
X	52068174	52066864	0
X	52068204	52066864	0
X	52068225	52066864	0
X	52068264	52066249	0
X	52186610	52186693	0
X	52186705	52186825	0
X	52187231	52187641	0
X	52188286	52188673	0
X	52189595	52189985	0
X	52190049	52190344	0
X	52190049	52190993	0
X	52190393	52190993	0
X	52191730	52191843	0
X	52410433	52409771	0
X	52450681	52448586	0
X	52514905	52512076	67
X	52514905	52512079	67
X	52515026	52512076	115
X	52515574	52514777	55
X	52517013	52515431	58
X	52517058	52515415	47
X	52517107	52515167	60
X	52517214	52515431	58
X	52520804	52515431	0
X	52562302	52561768	0
X	52608690	52606534	0
X	52645544	52644089	0
X	52698089	52696895	10
X	52698089	52697230	10
X	52784074	52781451	0
X	52798102	52796143	0
X	52812262	52812558	0
X	52828144	52824268	0
X	52864901	52862524	0
X	52864901	52862527	0
X	52898727	52899467	11
X	52946674	52926401	0
X	52948706	52946594	24
X	52955244	52947257	3
X	52955244	52948194	11
X	52955244	52948578	10
X	52955247	52947253	3
X	52955247	52947257	3
X	52955247	52948034	8
X	52955247	52948208	11
X	52955247	52948342	9
X	52955247	52948420	7
X	52955247	52948472	14
X	52955247	52948483	14
X	52955247	52948576	10
X	52955247	52948594	10
X	52956347	52947253	6
X	52956347	52947257	6
X	52956347	52948253	6
X	52956347	52955153	6
X	52956756	52947253	5
X	52956756	52947257	6
X	52956756	52955153	7
X	52956756	52955154	7
X	52957124	52956272	12
X	52957239	52947253	7
X	52957239	52955153	6
X	52957239	52956272	13
X	52957248	52956272	13
X	52957660	52956272	14
X	52958415	52956272	13
X	52958485	52955153	10
X	52958495	52947603	11
X	52958502	52956272	12
X	52958519	52956272	13
X	52958874	52956272	10
X	52964215	52956272	0
X	52964236	52956272	1
X	52964509	52956278	2
X	52995373	52964083	0
X	52995444	52957087	0
X	52995454	52956272	0
X	52995456	52956272	0
X	52995465	52956272	0
X	52995473	52956272	0
X	52995473	52957087	0
X	52995473	52964083	0
X	52995473	52965449	0
X	52995473	52965572	0
X	53084623	53084754	2
X	53084867	53084953	9
X	53085100	53085226	5
X	53085322	53085630	5
X	53086311	53087775	0
X	53094859	53093709	0
X	53142095	53142598	0
X	53193637	53191320	13
X	53193637	53192151	12
X	53193637	53192256	21
X	53193637	53192928	41
X	53196055	53195230	16
X	53197877	53196685	21
X	53198567	53197656	25
X	53198638	53197770	31
X	53198889	53198489	26
X	53199159	53198489	28
X	53199159	53198763	28
X	53201745	53198976	22
X	53201974	53201278	23
X	53201974	53201549	29
X	53202774	53201303	17
X	53214680	53212407	22
X	53214848	53211786	21
X	53215977	53214688	8
X	53216198	53215713	1
X	53216198	53215794	1
X	53217967	53216073	2
X	53217967	53217142	7
X	53218399	53217795	8
X	53218399	53217809	10
X	53218399	53217852	13
X	53218713	53218314	17
X	53218738	53217828	16
X	53220917	53217795	14
X	53220917	53218275	14
X	53221731	53220838	7
X	53221819	53220838	11
X	53225177	53220838	15
X	53225195	53220838	13
X	53225199	53221704	17
X	53225209	53221687	17
X	53225423	53217795	5
X	53225423	53220838	15
X	53235833	53225827	0
X	53235833	53228822	0
X	53235833	53232875	0
X	53236496	53225830	0
X	53236496	53231061	0
X	53236496	53232873	0
X	53236496	53234109	0
X	53236496	53235095	0
X	53236496	53235782	0
X	53237517	53236395	0
X	53238287	53236321	0
X	53238307	53236321	0
X	53238307	53237420	0
X	53239295	53237782	0
X	53239295	53238144	0
X	53251175	53248720	0
X	53254932	53250278	0
X	53254932	53251094	0
X	53267065	53266323	1
X	53279660	53255799	0
X	53279660	53266327	0
X	53279660	53266707	0
X	53279660	53266968	0
X	53279777	53266641	0
X	53281536	53279563	0
X	53281573	53279563	0
X	53281579	53279154	0
X	53281582	53279563	0
X	53281595	53266328	0
X	53281599	53279563	0
X	53281613	53255799	0
X	53281615	53279563	0
X	53291917	53279563	0
X	53291925	53255799	0
X	53337974	53337782	0
X	53380731	53374148	14
X	53381088	53380619	13
X	53382384	53380619	15
X	53382384	53381017	11
X	53382647	53381677	18
X	53382661	53382231	15
X	53405957	53405492	30
X	53412254	53411760	23
X	53413139	53411994	27
X	53413436	53412899	24
X	53428628	53429184	0
X	53430791	53430906	0
X	53431907	53431257	93
X	53432117	53431257	75
X	53432117	53431262	74
X	53432117	53431797	60
X	53432117	53431824	56
X	53432117	53431858	54
X	53433033	53432721	94
X	53433887	53432246	47
X	53534198	53532095	76
X	53534198	53532097	76
X	53534660	53533541	57
X	53534698	53534006	64
X	53536253	53535383	41
X	53536652	53535926	21
X	53536668	53536146	55
X	53537697	53536379	61
X	53538455	53537555	55
X	53538468	53537263	59
X	53539813	53538834	40
X	53542540	53539656	50
X	53542873	53539656	49
X	53543969	53542442	40
X	53544763	53542442	35
X	53544763	53543709	35
X	53544763	53543840	36
X	53544763	53543885	38
X	53545162	53543885	35
X	53557428	53554632	0
X	53584346	53583557	2
X	53585189	53584185	2
X	53585189	53584210	2
X	53615836	53614533	6
X	53617148	53615743	6
X	53617148	53615769	8
X	53624676	53617339	7
X	53625259	53624594	10
X	53625259	53624619	10
X	53625479	53624594	9
X	53631035	53629515	6
X	53631483	53630934	5
X	53631753	53630872	2
X	53647575	53645310	1
X	53648311	53647367	3
X	53648311	53647440	3
X	53939247	53936681	63
X	53939247	53937497	53
X	53940517	53936675	41
X	53940517	53939161	37
X	53944244	53940179	14
X	53944244	53942617	14
X	53944244	53943255	10
X	53944565	53940368	12
X	53987945	53987077	0
X	53992840	53987765	2
X	53993010	53987786	2
X	53993904	53992735	3
X	53995206	53992793	2
X	53995783	53992735	2
X	53995783	53992801	3
X	53999962	53995692	0
X	54002262	53999486	0
X	54002262	53999869	0
X	54017822	54016594	2
X	54022263	54017660	1
X	54022368	54017660	0
X	54022368	54017736	2
X	54022368	54017769	2
X	54022368	54017770	2
X	54022368	54017778	2
X	54022844	54022258	0
X	54042717	54039629	0
X	54042810	54022757	0
X	54042821	54022757	0
X	54042837	54022757	0
X	54042991	54022757	0
X	54044950	54022757	1
X	54080290	54068323	2
X	54080290	54072252	3
X	54151374	54136490	3
X	54182779	54171541	13
X	54183256	54159369	0
X	54183282	54173788	3
X	54202192	54198323	0
X	54202194	54192822	0
X	54202194	54192824	0
X	54202194	54198323	0
X	54228744	54201990	0
X	54232785	54201990	0
X	54233021	54201990	0
X	54333674	54311118	0
X	54333793	54311118	0
X	54358006	54333136	0
X	54358643	54333177	0
X	54447455	54445453	3
X	54751381	54748898	0
X	54788609	54787196	0
X	54788650	54774080	0
X	54809224	54809302	0
X	54809809	54809922	63
X	54809818	54809871	47
X	54810905	54811045	38
X	54815691	54815880	9
X	54920879	54920965	0
X	54922292	54922577	0
X	54922292	54922623	0
X	54926626	54927042	0
X	54928669	54928669	0
X	54928711	54930740	0
X	54933886	54932960	0
X	54933886	54933133	0
X	54933886	54933386	0
X	55013649	55009054	0
X	55013649	55009088	0
X	55015016	55009112	0
X	55017666	55015577	0
X	55020330	55017614	0
X	55020434	55017485	0
X	55020505	55017485	0
X	55020505	55017559	0
X	55020505	55017649	0
X	55020505	55020319	0
X	55021275	55020319	0
X	55021275	55020333	0
X	55023868	55021051	0
X	55023868	55021265	0
X	55024841	55020319	0
X	55024841	55020445	0
X	55024841	55021051	0
X	55146312	55143101	0
X	55159229	55145244	0
X	55159229	55145355	0
X	55159229	55145386	0
X	55159229	55145937	0
X	55159229	55146180	0
X	55159229	55146268	0
X	55260660	55258411	0
X	55260660	55258477	0
X	55488818	55486803	0
X	55489203	55484615	0
X	55634787	55633030	4
X	55656442	55654708	0
X	55656442	55654720	0
X	56232746	56233157	0
X	56265745	56268912	0
X	56265745	56269377	0
X	56268992	56269377	0
X	5669607	5653420	0
X	56858757	56818297	0
X	56973922	56974564	0
X	56977197	56973195	0
X	56977197	56973434	0
X	56977197	56974494	0
X	56978418	56976438	0
X	56978418	56977088	0
X	56978422	56975140	0
X	56978422	56975141	0
X	56978422	56975401	0
X	56978422	56976430	0
X	56978422	56976769	0
X	56978422	56977072	0
X	56978499	56975141	0
X	56978499	56976421	0
X	56978655	56978291	0
X	56978661	56862421	0
X	56978661	56975119	0
X	56978661	56975141	0
X	56978661	56975401	0
X	56978661	56976381	0
X	56978661	56976421	0
X	56978661	56976422	0
X	56978661	56976849	0
X	56978661	56977063	0
X	56978661	56977072	0
X	56978661	56978291	0
X	56978748	56975141	0
X	56978748	56977063	0
X	56978748	56978291	0
X	56978752	56977314	0
X	56978763	56977023	0
X	56978765	56978291	0
X	56979423	56978291	0
X	56979423	56978579	0
X	56980464	56977478	0
X	56982937	56978579	0
X	56984467	56978291	0
X	56984479	56975141	0
X	56984479	56975670	0
X	56984479	56978291	0
X	56984479	56978579	0
X	56984479	56979297	0
X	56984479	56981513	0
X	56993889	56990955	8
X	56993889	56991117	8
X	56994950	56984265	0
X	56994950	56990905	6
X	56994950	56990953	6
X	56994950	56991002	7
X	56994950	56991564	11
X	56994950	56993786	14
X	56994950	56994361	14
X	56995269	56994722	9
X	56995350	56994722	10
X	56995365	56993786	10
X	56995382	56994722	10
X	56995427	56994722	9
X	56995494	56994722	10
X	56995495	56994722	10
X	56995496	56994722	10
X	56995497	56994722	10
X	56995508	56994722	10
X	56995516	56994722	10
X	56995517	56994722	10
X	56995518	56984265	2
X	56995526	56994722	9
X	56995528	56994722	10
X	56995531	56994722	10
X	56995534	56994722	10
X	56995536	56994722	10
X	56995540	56994722	8
X	56995542	56994722	10
X	56995543	56994722	8
X	56995546	56994722	8
X	56995552	56994722	8
X	56995554	56990945	6
X	56995554	56994722	8
X	56995556	56994722	8
X	56995648	56990894	6
X	56995731	56994722	3
X	56995739	56990830	6
X	56995807	56990862	7
X	56995828	56990863	8
X	57120591	57118550	22
X	57120632	57119681	35
X	57121316	57120404	19
X	57121492	57119681	17
X	57121544	57119887	14
X	57121547	57119682	2
X	57136600	57135649	23
X	57137524	57136372	0
X	57137626	57135649	0
X	5844502	5840636	0
X	5903354	5844433	1
X	5903867	5890025	0
X	5903867	5890031	0
X	5903867	5890277	0
X	5903867	5892203	2
X	5903867	5892204	2
X	6151467	6032690	1
X	6151772	6029279	1
X	6187039	6151289	0
X	6187790	6150994	0
X	6226766	6151008	0
X	6227204	6150994	0
X	6227848	6150994	0
X	6228864	6150994	0
X	62884843	62878810	0
X	63399904	63343226	0
X	63399904	63345488	0
X	63432492	63399403	0
X	63432492	63399780	0
X	63432492	63426558	3
X	63432492	63426559	3
X	63517083	63432363	0
X	63517083	63509941	0
X	63561024	63432363	0
X	63561050	63432363	0
X	63561053	63432363	0
X	63561072	63432363	0
X	63638210	63634970	0
X	63638210	63635002	0
X	63638663	63636330	0
X	63644049	63634966	0
X	63644049	63635002	0
X	63644049	63635014	0
X	63644049	63635070	0
X	63644049	63635160	0
X	63644049	63635298	0
X	63644049	63637689	1
X	63644049	63637745	0
X	63644049	63637839	1
X	63644049	63637867	1
X	63644049	63637905	1
X	63644049	63637981	1
X	63644049	63637984	1
X	63644049	63638026	1
X	63644049	63638049	1
X	63644049	63638552	0
X	63644049	63639414	0
X	63644049	63639445	0
X	63644049	63639555	0
X	63644267	63637981	1
X	63655738	63634966	1
X	63655738	63643979	1
X	63655738	63643995	1
X	63657991	63655493	2
X	63658065	63655615	2
X	63666018	63643979	0
X	63666018	63655493	0
X	63671503	63670195	0
X	63674139	63665885	0
X	63674168	63643979	0
X	63674168	63655493	0
X	63674168	63665885	0
X	63678573	63674037	0
X	63697305	63678339	0
X	63697305	63678495	0
X	63697305	63678503	0
X	63701643	63697124	0
X	63706361	63697124	0
X	63706450	63697124	0
X	63706450	63697220	0
X	63706450	63697275	0
X	63706450	63703169	0
X	63713113	63706257	0
X	63716120	63706257	0
X	63719857	63706257	0
X	63722898	63706257	0
X	63724593	63709135	0
X	63724608	63707410	0
X	63724712	63706257	0
X	63724712	63706262	0
X	63724712	63715987	0
X	63724712	63722761	0
X	63724847	63724531	0
X	63724976	63724531	0
X	63725736	63724531	0
X	63726694	63724531	1
X	63727420	63724531	0
X	63732311	63724531	0
X	63737119	63724531	0
X	63743447	63724531	0
X	63754341	63724531	0
X	63754677	63706257	0
X	63754677	63719673	0
X	63754677	63724531	0
X	63754677	63724795	0
X	63754677	63732005	0
X	63754677	63736989	0
X	63754685	63724531	0
X	63754712	63712906	0
X	63754732	63725682	0
X	63754741	63724531	0
X	63754741	63743368	0
X	63754748	63726645	0
X	63754756	63724531	0
X	63755033	63724531	0
X	63755057	63724531	0
X	63755064	63706257	0
X	63755079	63724531	0
X	63755090	63724531	0
X	63755099	63754314	4
X	63755114	63724531	0
X	63755114	63754314	5
X	63755124	63754303	5
X	63755125	63727520	0
X	63755128	63754303	5
X	63755128	63754314	5
X	63755144	63754303	4
X	63755217	63724531	0
X	63755336	63724531	0
X	63755911	63706257	0
X	63755911	63724531	0
X	63785216	63755833	0
X	63785525	63724531	0
X	63785547	63724531	0
X	63785559	63706257	0
X	63795577	63706257	0
X	64147053	64144871	0
X	64205709	64185116	2
X	64205745	64185116	0
X	64225675	64224195	0
X	64271074	64268080	0
X	64306734	64305046	0
X	64328901	64270946	0
X	64331758	64328771	0
X	64336129	64331421	0
X	64336129	64331556	0
X	64337394	64331413	0
X	64337394	64336078	0
X	64337394	64336080	0
X	64919064	64917399	2
X	64919205	64916380	0
X	64919205	64916381	0
X	64919205	64917839	2
X	64919205	64917857	2
X	64919205	64919041	0
X	64919237	64917779	2
X	64920128	64919192	3
X	64920254	64915801	3
X	64920254	64919041	2
X	64921989	64916487	0
X	64921989	64920080	1
X	64922244	64920080	0
X	65186546	65185017	0
X	65331234	65327987	0
X	6533752	6533617	0
X	6534204	6533744	3
X	6534204	6533747	3
X	6534644	6533617	0
X	6534644	6533931	0
X	6534644	6533948	0
X	65514974	65512581	30
X	65514974	65512582	30
X	65523618	65520428	25
X	65523708	65517986	14
X	65524263	65517986	23
X	65524263	65520701	21
X	66022863	66021737	0
X	66022863	66021768	0
X	66025130	66021739	0
X	66025130	66022840	0
X	66599861	66595636	3
X	66599861	66595641	3
X	66599867	66595641	3
X	66600096	66599473	3
X	66600096	66599483	3
X	66602798	66599473	2
X	6706467	6667864	0
X	67680752	67680754	0
X	68048458	68042343	0
X	68064178	68053644	0
X	68073300	68063853	0
X	68111960	68096869	0
X	68192994	68119247	0
X	68193953	68192741	0
X	68193953	68192918	0
X	68299097	68283055	0
X	68336453	68299000	0
X	68433025	68299000	0
X	68433806	68432866	1
X	68433914	68432930	2
X	69162695	69160850	11
X	69163467	69160853	6
X	69165438	69162945	1
X	69165450	69162325	0
X	69165452	69162804	2
X	69165522	69160861	0
X	69165794	69160890	0
X	69570358	69569668	0
X	70041963	70040541	0
X	70041963	70041479	0
X	70043244	70041772	0
X	70043244	70042186	0
X	70043584	70043068	0
X	70043683	70042911	0
X	70043683	70043068	0
X	70125488	70124971	0
X	70133541	70133722	5
X	70149655	70148581	2
X	70165207	70163841	45
X	70269693	70269842	0
X	70269741	70269842	0
X	70282342	70282532	0
X	70282342	70282535	0
X	70287337	70286594	15
X	70287337	70286891	14
X	70287831	70287275	2
X	70288174	70287731	0
X	70288174	70287734	0
X	70288174	70287766	0
X	70362375	70361485	3
X	70429715	70429914	0
X	70434249	70427449	0
X	70450306	70450638	0
X	70455827	70452957	0
X	70455995	70452961	0
X	70500581	70500897	3
X	70530000	70528939	0
X	70530000	70528940	0
X	70673516	70672894	0
X	70678890	70670376	0
X	7077450	7048919	0
X	7077450	7049517	0
X	7077450	7049762	0
X	7077450	7057585	0
X	7077450	7057759	0
X	70853154	70833512	0
X	70860937	70853247	0
X	70926179	70925581	0
X	70926179	70925587	0
X	71044393	71043213	14
X	7105839	7077219	0
X	7105839	7084750	0
X	71058628	71056331	1
X	71061119	71058623	6
X	71061119	71059243	6
X	71061968	71059245	7
X	71061968	71059248	7
X	71061968	71060869	4
X	71061968	71061027	7
X	71062950	71059892	9
X	71062950	71060515	8
X	71096700	71096860	0
X	71096700	71096864	0
X	71104405	71103888	0
X	71104405	71103986	0
X	71104405	71103990	0
X	71104405	71103993	0
X	71104405	71104082	0
X	71104449	71103986	0
X	71106138	71104768	0
X	71106427	71104768	0
X	71106427	71105999	0
X	71106571	71106000	0
X	71106591	71105999	0
X	71106591	71106339	0
X	71106591	71106353	0
X	71106591	71106358	0
X	71106606	71106339	0
X	71106663	71105999	0
X	71106663	71106339	0
X	71106663	71106358	0
X	71106704	71106358	0
X	71106771	71105999	0
X	71106771	71106339	0
X	71106789	71106358	0
X	71107922	71106531	0
X	71108347	71105999	0
X	71108347	71106339	0
X	71108347	71106358	0
X	71108347	71106531	0
X	71108347	71107403	0
X	71108347	71107408	0
X	71108347	71107715	0
X	71108347	71107735	0
X	71108347	71107852	0
X	71108696	71108276	0
X	71109391	71107408	0
X	71109391	71108276	0
X	71109391	71108598	0
X	71109391	71108661	0
X	71110296	71109227	0
X	71110689	71109227	0
X	71110689	71110155	0
X	71110689	71110185	0
X	71111051	71110503	0
X	71111051	71110596	0
X	71111449	71109227	0
X	71111530	71110503	0
X	71111551	71110155	0
X	71111561	71110503	0
X	71111572	71110503	0
X	71137781	71137855	82
X	71167400	71167400	0
X	7117035	7105619	0
X	71198176	71183558	0
X	71241345	71239623	8
X	71241345	71239625	8
X	71243981	71242969	2
X	71244471	71243616	1
X	71244471	71243828	2
X	71244894	71243828	0
X	71249680	71249018	2
X	71250204	71249200	16
X	71250204	71249203	16
X	71250204	71249208	16
X	71250204	71249460	11
X	71297939	71298468	231
X	71301871	71302136	0
X	71303698	71303811	0
X	71304301	71304541	0
X	71315880	71314911	0
X	71464072	71464132	33
X	7148126	7105619	0
X	7148153	7105619	0
X	7148154	7105748	0
X	7148159	7116965	0
X	7148191	7105619	0
X	71530226	71527813	0
X	71544636	71546210	172
X	71544636	71547906	148
X	71618511	71615915	0
X	71618518	71615915	0
X	71663317	71662997	0
X	71663908	71663274	0
X	71663908	71663275	0
X	71664272	71663274	0
X	71714693	71714370	0
X	71714693	71714375	0
X	71761050	71760763	0
X	71761050	71760774	0
X	71761655	71761007	0
X	71761662	71761007	0
X	71762434	71761560	0
X	71763076	71761608	0
X	71870402	71869762	0
X	72131902	72127109	0
X	72134219	72134508	0
X	72196905	72197367	2
X	72237949	72204656	0
X	72239048	72204659	0
X	72272724	72255783	0
X	72272773	72255678	0
X	72273372	72272678	145
X	72273390	72272041	75
X	72273390	72272712	331
X	72275151	72273231	388
X	72275151	72273800	371
X	72275151	72274254	384
X	72275725	72273800	310
X	72302245	72301647	0
X	72302869	72302136	0
X	72302935	72301637	0
X	72302935	72301639	0
X	72302935	72301646	0
X	72302935	72301649	0
X	72302935	72301690	0
X	72302935	72301810	0
X	72302935	72301882	0
X	72302935	72301967	0
X	72302935	72302053	0
X	72302935	72302205	0
X	72305423	72302809	0
X	72305566	72302809	0
X	72305898	72302809	0
X	72305915	72302809	0
X	72306988	72302809	0
X	72307188	72302809	0
X	72330769	72329537	0
X	72330769	72329556	0
X	72330769	72329558	0
X	72330769	72329724	0
X	72330877	72329556	0
X	72330877	72329558	0
X	72330877	72329567	0
X	72330877	72329568	0
X	72349798	72330815	0
X	72349927	72329537	0
X	72351839	72302809	0
X	72351839	72329515	0
X	72351839	72329518	0
X	72351839	72329537	0
X	72351839	72329556	0
X	72351839	72329558	0
X	72351839	72329559	0
X	72351839	72329567	0
X	72351839	72329573	0
X	72351839	72329577	0
X	72351839	72329617	0
X	72351839	72329804	0
X	72351839	72329919	0
X	72351839	72330657	0
X	72351839	72330690	0
X	72351839	72330815	0
X	72351839	72330831	0
X	72351839	72333655	0
X	72351839	72349691	0
X	72385296	72351732	0
X	72394099	72351732	0
X	72462096	72421654	0
X	72462099	72351143	0
X	72462099	72351299	0
X	72462099	72351378	0
X	72462099	72351732	0
X	72462099	72351790	0
X	72462099	72351791	0
X	72462099	72385108	0
X	72462099	72393958	0
X	72462099	72457405	1
X	72462103	72351420	0
X	72462103	72351621	0
X	72462103	72351732	0
X	72462443	72460258	1
X	72462443	72462003	0
X	72464565	72462361	1
X	72464713	72462003	0
X	72464732	72351732	0
X	72464732	72457401	1
X	72464732	72457415	1
X	72464732	72457620	1
X	72464732	72460341	1
X	72464732	72462003	0
X	72464732	72462361	2
X	72489042	72385144	0
X	72489042	72460154	0
X	72489042	72464028	0
X	72489042	72464558	0
X	72489042	72464667	0
X	72489042	72466695	0
X	72489042	72473415	0
X	72489042	72473430	0
X	72489042	72473440	0
X	72489042	72474534	0
X	72491001	72488932	0
X	72491007	72484850	0
X	72491007	72488932	0
X	72495180	72490928	0
X	72495267	72490928	0
X	72495269	72464558	0
X	72495269	72473415	0
X	72495269	72488932	0
X	72495269	72490928	0
X	72495269	72494195	0
X	72562670	72495155	0
X	72568023	72464558	0
X	72568031	72464558	0
X	72568031	72474406	1
X	72568031	72488932	1
X	72568031	72490928	0
X	72568031	72495155	0
X	72568031	72495158	0
X	72568031	72495193	0
X	72568031	72562219	0
X	72568031	72562635	0
X	72568031	72567581	1
X	72568792	72567888	0
X	72568885	72464558	0
X	72568885	72490928	0
X	72568885	72495155	0
X	72568885	72567581	1
X	72568885	72567888	1
X	72570582	72568753	0
X	72572096	72567888	0
X	72572105	72568753	0
X	72572110	72464558	0
X	72572110	72490928	0
X	72572110	72495155	0
X	72572110	72567581	0
X	72572110	72567888	0
X	72572110	72568753	0
X	72572110	72568754	0
X	72572110	72570483	0
X	72572628	72572056	0
X	72572660	72572056	0
X	72572682	72572056	0
X	72572686	72572056	0
X	72572699	72572056	0
X	72572705	72572056	0
X	72572779	72572056	0
X	72572782	72572056	0
X	72572788	72572056	0
X	72572810	72572056	1
X	72572811	72572056	1
X	72572813	72572056	1
X	72572817	72571945	0
X	72572817	72572056	1
X	72572818	72572056	1
X	72572819	72572056	1
X	72572822	72572056	1
X	72572831	72572056	1
X	72572843	72572056	0
X	72572844	72572056	0
X	72572848	72572056	0
X	72572849	72572056	0
X	72572854	72572056	0
X	72572857	72572056	0
X	72572859	72572056	0
X	72572860	72572056	0
X	72572866	72572056	0
X	72572867	72572056	0
X	72572878	72572056	0
X	72573080	72572056	0
X	72573082	72572056	0
X	72573084	72572056	0
X	72573102	72572056	0
X	72573200	72572056	0
X	72582599	72578813	0
X	72582599	72578814	0
X	72582599	72580626	0
X	72666298	72657587	0
X	72712938	72705197	1
X	72782348	72781864	0
X	72807894	72807424	0
X	72807906	72807424	0
X	72846946	72847129	0
X	72873698	72872028	0
X	72873698	72872120	0
X	72873943	72872024	0
X	72873943	72873549	0
X	72873943	72873599	0
X	72874959	72873549	0
X	72875332	72873549	0
X	72943676	72875630	0
X	72943815	72875630	0
X	73001326	72998387	0
X	73563086	73524274	0
X	73681117	73686595	4
X	73822217	73820650	344
X	73822217	73820652	344
X	73822217	73820655	348
X	73822217	73820671	347
X	73822217	73820716	379
X	73822234	73820655	347
X	73826302	73822070	248
X	73826348	73822070	270
X	73826890	73826114	386
X	73827929	73820650	208
X	73827929	73824623	255
X	73827985	73820652	157
X	73827985	73820676	171
X	73827985	73820702	165
X	73827985	73820766	307
X	73827985	73820891	302
X	73827985	73822066	263
X	73827985	73822070	263
X	73829128	73826737	63
X	73829232	73820655	256
X	73829232	73820683	250
X	73829232	73821680	257
X	73829232	73823350	203
X	73829232	73825945	176
X	73829232	73826114	106
X	73829232	73826737	106
X	73829232	73826977	106
X	73829232	73827184	30
X	73829232	73827600	30
X	73829232	73827746	33
X	73829232	73827887	29
X	73829471	73829067	105
X	73829692	73823336	225
X	73830642	73829067	75
X	73830652	73829067	77
X	73830791	73829067	68
X	73831207	73829067	58
X	73831211	73830622	74
X	73831275	73829067	57
X	73831275	73829137	65
X	73831398	73831065	115
X	73832227	73829067	44
X	73833047	73831065	77
X	73833375	73829067	72
X	73833375	73831065	94
X	73833375	73831117	94
X	73833762	73831065	76
X	73837504	73829067	69
X	73837504	73831065	69
X	73850625	73841291	54
X	73851092	73833237	62
X	73851593	73837439	58
X	73851716	73841381	75
X	73851868	73841381	67
X	73852724	73837439	68
X	73944415	73944583	1
X	73944466	73944583	1
X	73947097	73947231	4
X	73969486	73958058	0
X	73998845	73998953	1
X	73998845	73999354	3
X	74000741	73946554	0
X	74000741	73981895	1
X	74009950	73998241	2
X	74009950	73999156	4
X	74009950	73999174	4
X	74010020	73998241	2
X	74011469	74009388	2
X	74012946	74003376	1
X	74031841	74028135	0
X	74130948	74130308	0
X	74242149	74200228	0
X	74247425	74196350	0
X	74274411	73963954	0
X	74274411	74003376	0
X	74274411	74031595	0
X	74274411	74130842	0
X	74274411	74247331	0
X	74274411	74247863	0
X	74280495	74069357	0
X	74280495	74274341	0
X	74280495	74274355	0
X	74281002	74280376	0
X	74281086	74278373	0
X	74281086	74280393	0
X	74281086	74280400	0
X	74281086	74280460	0
X	74281849	74280930	2
X	74284945	74281701	0
X	74284949	74281701	0
X	74292076	74281701	0
X	74292343	74281701	0
X	74292352	74281701	0
X	74292530	74281701	1
X	74292584	74281701	0
X	74292595	74284742	0
X	74292596	74281701	0
X	74292601	74281701	0
X	74293473	74281701	0
X	74293528	74281701	0
X	74293540	74284742	0
X	74293575	74281701	0
X	74399551	74396870	0
X	74594390	74585216	96
X	74594390	74590117	140
X	74739499	74737093	0
X	74740361	74739368	0
X	74744478	74732855	0
X	74744478	74733576	0
X	74745698	74739980	0
X	74745698	74740099	0
X	74925025	74745571	0
X	74925448	74745571	0
X	74925473	74745571	0
X	75060269	75053279	3
X	75060331	75051553	4
X	75060331	75053279	5
X	75060331	75053281	5
X	75060331	75053283	5
X	75060331	75053369	10
X	75060331	75053444	9
X	75060331	75053463	9
X	75062432	75053279	2
X	75065242	75062327	6
X	75069137	75065069	1
X	75069137	75065207	0
X	75069455	75069006	4
X	75070523	75069055	8
X	75070523	75069290	4
X	75075631	75073867	2
X	75076655	75075361	1
X	75076655	75075485	1
X	75097539	75076639	0
X	75099062	75076521	0
X	75099062	75076631	0
X	75112973	75076521	0
X	75379199	75368426	0
X	75379199	75368430	0
X	75417191	75379119	0
X	75505848	75478890	0
X	75523011	75501491	0
X	75523503	75478890	0
X	75538703	75537546	0
X	76658669	76658119	0
X	76693088	76657797	0
X	76693088	76657990	0
X	76693088	76658795	0
X	76781293	76657939	0
X	76781293	76658118	0
X	76837893	76692966	0
X	77007381	76658125	0
X	77007381	76692966	0
X	77014284	76837809	0
X	77014285	76781182	0
X	77014469	76658501	0
X	77014501	76717511	0
X	77014501	76781182	0
X	77014533	76658593	0
X	77520917	77504877	1
X	77520917	77505712	0
X	77520917	77508480	2
X	77521422	77521035	3
X	77521499	77520787	4
X	77522389	77506904	2
X	77523402	77520787	1
X	77558847	77557450	0
X	77561709	77558808	1
X	77574359	77558668	1
X	77575606	77574310	0
X	77589873	77575692	0
X	77589941	77574249	0
X	77589941	77574256	0
X	77599821	77599410	0
X	77600541	77599731	0
X	77600565	77599731	0
X	77600756	77599734	0
X	77616731	77600433	0
X	77616731	77616244	1
X	77620533	77618805	0
X	77633322	77620394	0
X	77633385	77620394	0
X	77633385	77620427	0
X	77633713	77633206	0
X	77633713	77633352	3
X	77633866	77633206	2
X	77634704	77633565	0
X	77636057	77634421	0
X	77636057	77634593	0
X	77654201	77652113	0
X	77656654	77654097	0
X	77656654	77654157	0
X	77676299	77664644	0
X	77682142	77673953	2
X	77683452	77676225	17
X	77684594	77676225	9
X	77684594	77681519	53
X	77684594	77682304	56
X	77685007	77681519	52
X	77685007	77683506	50
X	77685007	77683538	42
X	77685007	77684477	8
X	77688925	77684938	10
X	77688928	77684938	10
X	77688928	77684997	10
X	77690926	77688817	7
X	77691292	77688901	10
X	77693938	77684938	9
X	77693938	77688817	9
X	77696705	77684938	1
X	77696705	77688817	3
X	77696705	77693823	3
X	77697636	77696576	3
X	77697636	77696687	3
X	77698581	77697582	0
X	77698630	77697582	0
X	77698630	77697602	0
X	77786205	77717130	0
X	77786209	77698573	1
X	77786209	77717130	0
X	77786217	77717130	0
X	77786221	77717130	0
X	77786226	77698573	0
X	77786234	77717130	0
X	77830896	77826363	0
X	77830896	77826366	0
X	77830896	77827460	4
X	77841321	77830804	0
X	77856874	77855500	0
X	77857498	77856459	0
X	77857498	77856732	1
X	77870926	77857356	0
X	77870926	77868107	5
X	77895425	77875427	0
X	77895432	77875427	0
X	77895441	77875427	0
X	77895569	77875427	0
X	77895594	77875427	0
X	78125052	78125326	124
X	78133449	78129747	5
X	78133449	78131720	1
X	78167222	78165695	0
X	78283541	78271463	0
X	78327484	78283453	0
X	78327552	78318896	0
X	78327692	78271479	0
X	7843753	7843812	0
X	7843770	7844009	0
X	7844014	7844016	0
X	78520187	78519592	0
X	78659329	78656068	0
X	7902142	7898246	0
X	7902142	7898762	0
X	7912094	7901988	0
X	7912094	7902048	0
X	79361480	79360383	0
X	79361480	79360387	0
X	79361480	79360961	0
X	79362692	79361328	1
X	79363140	79362580	1
X	79363555	79362941	0
X	79363557	79363111	0
X	79367319	79362941	0
X	79367360	79363422	0
X	79367553	79362941	0
X	79367668	79367103	0
X	80273405	80272064	0
X	80289058	80228488	0
X	80681500	80670853	5
X	80681500	80677244	5
X	80716251	80709427	0
X	80717760	80716156	0
X	80719571	80716882	0
X	80719657	80717572	0
X	80733497	80729915	2
X	80734146	80733157	0
X	80734219	80733455	0
X	80744254	80735987	5
X	80745730	80743706	4
X	80745730	80744031	5
X	81116342	81113700	0
X	81116342	81114834	0
X	81116342	81114984	0
X	81116342	81115053	0
X	81116342	81115110	0
X	81116342	81115191	0
X	81118486	81116203	0
X	8170790	8169943	0
X	84065112	84058345	0
X	84065112	84063975	0
X	84096312	84064970	0
X	84097849	84096193	0
X	84156192	84148041	0
X	84164388	84156074	0
X	84326301	84317873	0
X	84326301	84317877	0
X	84326301	84321196	0
X	84440586	84361465	0
X	84469576	84440531	0
X	84469577	84439972	0
X	84475398	84468471	0
X	84488133	84468471	0
X	84501512	84500024	0
X	84502392	84488023	0
X	84502454	84468471	0
X	84502454	84475250	0
X	84502454	84488023	0
X	84502480	84468927	0
X	8465934	8465999	8
X	8466017	8466376	3
X	8466111	8466140	0
X	8466171	8466350	7
X	8466381	8466383	9
X	84934356	84934468	0
X	84934356	84934494	0
X	85074007	85074007	2
X	85093226	85092286	5
X	85093226	85092299	5
X	85093226	85092305	5
X	85093226	85092310	5
X	85094230	85092293	0
X	85094230	85093184	0
X	85210912	85212010	0
X	85224327	85107327	0
X	85224327	85142840	0
X	85224327	85208775	0
X	85247184	85247546	0
X	85282318	85277395	0
X	85303489	85282114	0
X	85303489	85282202	0
X	8534461	8528873	0
X	8535812	8534318	0
X	8536937	8535180	0
X	8536943	8535590	0
X	8568377	8553951	0
X	8568377	8565805	0
X	85873213	85861179	0
X	85911339	85901083	0
X	85978892	85963664	5
X	85978892	85969086	5
X	85981810	85978655	3
X	85981810	85978766	2
X	86027558	85861180	0
X	86027558	85981736	0
X	86047306	86027490	0
X	86047540	86027490	1
X	86047562	86026957	0
X	86047563	86027490	1
X	86827813	86832105	0
X	87144749	87143853	0
X	87708381	87707578	0
X	87750884	87708276	0
X	87809884	87807548	0
X	8791380	8790794	0
X	8866815	8863860	0
X	88829859	88827553	0
X	8925564	8897641	0
X	89921969	89922064	0
X	9025584	9024231	0
X	9025584	9024994	0
X	9025584	9025104	0
X	91418394	91414877	0
X	91435000	91418783	0
X	9162314	9160613	0
X	9162905	9082578	0
X	93673569	93670934	4
X	94639571	94636662	0
X	9739720	9725345	0
X	9739720	9738228	0
X	9741456	9739484	0
X	9741456	9739551	0
X	9743674	9741337	0
X	97442120	97431285	0
X	9746154	9743564	0
X	9748667	9746043	0
X	9748667	9747832	0
X	97533430	97453978	0
X	97533430	97528364	0
X	97564506	97533311	0
X	97564534	97533311	0
X	97603012	97533172	0
X	97617260	97602810	0
X	97617262	97602829	0
