10	100048877	100042192	0
10	100054447	100048757	0
10	100054447	100048766	0
10	100108505	100105753	0
10	100117444	100108364	0
10	100143996	100143064	0
10	100154940	100150093	1
10	100154940	100151807	6
10	100156235	100154859	0
10	100188335	100183755	1
10	100190969	100188297	10
10	100190969	100188366	10
10	100190969	100189191	10
10	100193424	100190670	8
10	100193432	100190868	4
10	100195943	100190868	5
10	100233372	100232298	68
10	100235765	100232297	5
10	100235765	100232304	5
10	100235765	100233108	7
10	100235765	100233109	7
10	100238232	100236849	0
10	100243773	100238021	0
10	100243778	100238021	0
10	100243778	100238157	0
10	100243778	100238182	0
10	100245914	100238021	0
10	100245914	100243697	0
10	100246117	100243697	0
10	100246936	100245798	0
10	100246936	100245799	0
10	100250179	100246794	4
10	100250333	100246794	2
10	100253540	100246794	1
10	100253540	100250109	5
10	100253540	100250247	1
10	100253540	100250273	1
10	100254620	100238021	1
10	100260320	100253420	0
10	100260320	100256261	0
10	100261045	100253420	2
10	100261045	100256261	0
10	100267624	100256261	0
10	100267632	100253420	0
10	100280229	100273279	2
10	100280229	100273955	2
10	100280229	100274694	4
10	100281054	100280040	4
10	100281054	100280123	2
10	100282937	100280933	0
10	100286149	100280933	0
10	100286214	100280933	0
10	100286333	100280933	0
10	100286358	100280933	0
10	100289057	100288153	0
10	100289057	100288395	0
10	100299719	100298561	0
10	100329325	100299590	0
10	100329325	100299634	0
10	100329347	100299590	0
10	100329973	100288159	0
10	100337039	100335562	0
10	100488099	100486641	5
10	100488099	100486646	5
10	100488099	100486647	5
10	100488099	100486784	5
10	100488099	100486923	5
10	100488975	100488026	11
10	100488978	100488026	11
10	100489399	100486645	9
10	100489399	100488026	10
10	100490557	100488026	5
10	100495547	100490705	1
10	100496432	100494844	2
10	100496432	100495384	2
10	100497281	100496257	2
10	100497794	100496257	2
10	100497794	100497134	1
10	100498208	100497666	0
10	100498240	100497666	0
10	100498332	100497514	0
10	100498805	100498028	0
10	100498805	100498040	0
10	100499259	100498028	0
10	100502485	100499523	0
10	100502485	100500109	0
10	100502485	100501653	0
10	100505496	100502253	0
10	100505496	100502309	0
10	100506202	100502253	0
10	100506202	100505360	6
10	100506421	100505360	0
10	100506421	100505627	3
10	100506421	100505804	3
10	100506421	100506039	0
10	100506472	100506039	0
10	100507568	100506320	0
10	100507568	100506335	0
10	100508049	100506320	0
10	100508049	100507424	0
10	100508052	100507424	0
10	100508052	100507445	0
10	100509103	100507424	0
10	100516220	100509006	0
10	100516220	100509315	0
10	100516961	100516095	0
10	100516961	100516120	0
10	100516996	100516095	0
10	100516998	100516095	0
10	100517044	100516095	0
10	100519835	100516873	0
10	100519836	100516873	0
10	100519839	100516873	0
10	100519860	100516873	0
10	100519865	100516873	0
10	100524140	100516873	0
10	100526555	100516873	2
10	100526555	100523739	10
10	100526555	100523742	10
10	100526555	100523936	15
10	100526555	100523976	10
10	100526555	100524032	17
10	100526599	100523739	15
10	100527075	100516873	4
10	100527075	100526048	6
10	100527075	100526398	6
10	100529507	100526716	1
10	100529507	100526743	3
10	100529507	100526974	2
10	100529863	100529379	3
10	100529865	100526974	1
10	100529865	100529365	3
10	100529865	100529379	3
10	100529871	100529365	3
10	100529872	100529379	3
10	100529878	100529365	3
10	100529880	100529042	2
10	100529880	100529365	3
10	100529882	100529379	3
10	100529884	100529379	3
10	100530001	100529379	3
10	100969592	100969691	0
10	100978389	100978526	8
10	100978641	100978848	6
10	100978641	100979101	6
10	100979019	100979101	13
10	100983809	100984489	2
10	100983818	100969457	1
10	100983818	100977820	14
10	100983818	100978728	3
10	100983818	100979197	3
10	100983818	100981375	7
10	100983818	100981376	7
10	100984075	100983754	4
10	100984358	100984489	0
10	100985615	100980506	5
10	100986976	100983754	5
10	100986976	100983947	4
10	100986976	100984033	6
10	100986976	100986273	313
10	100986976	100986279	291
10	100987197	100986275	19
10	100987197	100986686	22
10	100987197	100986748	19
10	100987271	100983947	2
10	100987287	100986275	18
10	100987434	100987089	18
10	100987457	100987089	18
10	100987484	100987089	34
10	100987495	100987089	18
10	100987498	100987089	18
10	100987514	100986587	39
10	100987516	100986275	7
10	100987516	100987089	18
10	100989677	100989774	60
10	100999953	101002496	13
10	101009351	101007682	5
10	101009351	101007809	1
10	101011762	101009249	0
10	101011762	101010271	1
10	101012017	101011038	0
10	101012017	101011689	0
10	101018297	101012166	0
10	101018297	101016376	0
10	101018297	101017331	0
10	101018297	101017376	0
10	101023611	101022208	0
10	101024069	101021797	0
10	101024069	101023127	0
10	101024069	101023435	0
10	101030385	101023435	0
10	101030385	101023927	0
10	101030685	101030061	0
10	101030769	101030177	0
10	101031105	101029993	0
10	101031106	101029993	0
10	101031115	101029993	0
10	101031130	101029993	0
10	101031134	101029993	0
10	101031156	101029993	0
10	101032296	101030033	6
10	101037432	101037507	12
10	101037432	101038642	24
10	101039223	101039488	0
10	101127099	101089320	0
10	101127099	101090307	0
10	101181952	101181143	0
10	101229795	101226194	0
10	101238048	101238230	0
10	101238267	101238519	0
10	101260966	101252820	0
10	101323004	101322484	0
10	101580417	101578881	19
10	101580417	101578883	19
10	101580417	101579514	20
10	101580417	101579674	19
10	101580417	101579695	19
10	101582226	101578881	2
10	101582892	101580247	8
10	101582892	101580251	8
10	101583194	101580247	4
10	101583682	101582762	15
10	101584721	101583507	16
10	101584920	101583507	13
10	101584920	101583601	13
10	101584920	101584601	25
10	101585479	101583507	8
10	101585479	101584601	8
10	101585479	101584686	7
10	101585479	101584793	8
10	101585479	101584877	9
10	101586157	101583507	5
10	101586157	101584610	6
10	101586157	101585315	2
10	101586157	101585323	2
10	101587407	101583507	5
10	101588127	101583507	15
10	101611770	101610663	1
10	101611770	101610665	1
10	101612478	101611627	1
10	101612478	101611656	0
10	101624811	101612336	0
10	101626900	101612336	2
10	101667981	101624744	0
10	101667981	101624746	0
10	101673674	101672914	0
10	101676437	101673487	0
10	101676715	101673564	0
10	101708402	101704651	0
10	101771570	101770129	0
10	101771570	101770141	0
10	101771570	101770323	0
10	101781855	101781324	3
10	101781855	101781331	3
10	101781855	101781588	4
10	101782352	101781726	10
10	101782598	101781726	8
10	101787524	101784442	15
10	101787524	101786133	0
10	101787524	101786143	0
10	101787524	101786533	0
10	101787524	101786562	0
10	101787966	101786101	7
10	101792902	101791353	4
10	101792944	101791353	4
10	101792947	101787363	6
10	101793745	101792838	12
10	101793999	101791353	12
10	101793999	101792838	15
10	101794096	101792607	17
10	101798018	101793685	21
10	101798155	101792838	22
10	101798155	101793912	6
10	101799333	101797979	25
10	101799456	101797045	18
10	101799456	101797979	25
10	101804020	101798841	0
10	101804020	101800241	0
10	101806144	101803734	0
10	101807902	101803746	0
10	101827752	101825973	0
10	101827752	101825974	0
10	101827752	101826452	1
10	101827752	101826972	3
10	101827752	101827185	3
10	101827752	101827295	3
10	101827752	101827352	3
10	101827956	101827688	0
10	101827994	101827640	0
10	101827994	101827688	0
10	101828259	101827888	0
10	101828460	101827888	0
10	101828460	101828150	0
10	101828697	101827888	0
10	101828697	101828150	0
10	101828697	101828266	0
10	101828697	101828388	0
10	101828718	101828388	0
10	101828847	101828626	0
10	101828850	101828626	0
10	101829200	101828388	0
10	101829200	101828626	0
10	101829548	101828626	0
10	101849893	101845598	1
10	101939939	101889411	0
10	101956724	101939862	0
10	101990612	101975211	0
10	101992039	101990550	0
10	102029746	102025155	0
10	102033173	102029447	0
10	102033173	102029637	0
10	1020898	1018906	0
10	102109178	102107559	61
10	102109178	102107582	64
10	102110702	102109920	3
10	102110972	102110391	0
10	102110972	102110528	0
10	102110972	102110629	0
10	102148522	102148627	16
10	102231102	102230185	0
10	102231791	102230185	0
10	102231791	102230477	0
10	102395797	102395887	8
10	102401050	102401179	2
10	102403986	102402616	0
10	102403986	102402618	0
10	102404728	102403841	0
10	102405056	102404582	0
10	102405254	102404644	0
10	102405254	102404897	0
10	102405254	102404935	0
10	102405463	102405182	0
10	102405537	102405182	0
10	102406135	102405182	0
10	102407267	102405345	0
10	102407267	102405347	0
10	102407267	102405360	0
10	102417122	102416016	0
10	102418760	102416016	0
10	102418760	102416384	0
10	102418760	102416653	0
10	102418760	102416709	0
10	102419145	102416384	0
10	102419935	102418700	0
10	102420289	102418700	0
10	102420300	102421051	1
10	102420698	102421051	1
10	102420958	102421051	11
10	102421540	102420080	4
10	102423718	102423244	2
10	102424179	102423797	8
10	102424305	102423656	5
10	102424395	102423995	5
10	102424395	102424008	6
10	102424561	102424030	2
10	102424561	102424263	0
10	102450023	102450186	1
10	102451544	102449836	10
10	102472982	102461880	1
10	1024745	1022682	2
10	102481173	102479228	130
10	102481173	102479229	129
10	102481173	102479236	131
10	102481173	102480794	2
10	102483104	102481131	4
10	102483104	102482000	3
10	102483681	102481836	2
10	102484375	102483010	1
10	102484377	102472834	2
10	102484377	102483010	1
10	102484377	102483013	1
10	102485734	102484073	0
10	102485734	102484159	0
10	102654749	102655079	0
10	102656386	102656746	8
10	102656386	102656756	8
10	102656386	102657922	219
10	102656921	102657033	324
10	102686002	102673730	0
10	102831612	102830530	0
10	102831612	102830604	0
10	102831612	102830606	0
10	102831615	102830608	0
10	102831704	102830947	0
10	102832681	102831507	0
10	102833209	102832510	0
10	102834123	102832992	0
10	102835015	102832510	0
10	102835015	102832992	0
10	102835015	102834035	0
10	102835393	102834784	0
10	102835594	102833474	0
10	102837423	102832992	0
10	102845474	102838010	0
10	102851606	102845915	0
10	102851630	102845760	0
10	102851630	102846114	0
10	102854513	102845982	0
10	102862933	102863729	27
10	102890655	102890655	0
10	102900800	102901474	1
10	103090788	103088016	6
10	103090788	103088017	6
10	103090788	103088916	4
10	103090997	103089840	3
10	103094039	103093138	3
10	103094369	103093971	2
10	103094456	103093971	2
10	103094536	103093731	2
10	103097375	103095938	1
10	103098985	103097290	5
10	103098985	103097307	5
10	103098985	103097971	11
10	103100020	103098391	1
10	103100020	103098930	0
10	103100020	103098970	0
10	103100944	103099925	0
10	103101103	103099925	0
10	103101103	103100662	0
10	103101103	103100751	0
10	103101103	103100867	0
10	103111806	103105705	0
10	103111806	103106588	1
10	103139480	103105705	0
10	103139480	103106588	0
10	103139480	103111744	0
10	103174983	103106588	0
10	103174983	103111744	0
10	103174983	103139405	0
10	103174983	103169283	3
10	103181321	103174857	4
10	103193273	103111744	0
10	103193273	103139405	0
10	103193273	103174857	0
10	103193299	103174857	0
10	103193307	103174857	0
10	103314273	103302795	0
10	103314273	103303126	0
10	103314273	103303127	0
10	103348813	103333924	0
10	103348813	103347237	0
10	103348813	103347394	0
10	103348940	103348354	0
10	103349000	103348715	0
10	103392284	103389040	19
10	103392284	103389049	19
10	103394395	103392370	16
10	103396033	103392370	16
10	103396033	103394198	11
10	103396075	103392370	14
10	103396467	103392370	3
10	103396467	103394198	12
10	103450100	103446785	31
10	103450100	103446788	30
10	103451183	103449386	23
10	103451286	103449386	23
10	103451286	103450295	1
10	103451573	103449624	19
10	103451589	103450411	7
10	103452037	103449698	5
10	103452288	103450024	7
10	103458889	103453386	0
10	103476550	103472803	0
10	103494736	103479602	0
10	103515403	103494560	0
10	103515403	103511778	0
10	103605918	103594026	163
10	103605918	103594028	163
10	103605918	103599519	210
10	103605918	103601745	16
10	103611631	103605797	1
10	10366488	10365179	0
10	103673557	103668607	0
10	103693057	103668607	0
10	103767170	103735731	3
10	103889145	103882541	0
10	103889145	103882554	0
10	103889145	103882744	2
10	104032291	104031287	0
10	104032755	104031285	0
10	104032755	104031287	0
10	104032755	104031349	0
10	104032755	104032203	0
10	104048105	104047738	0
10	104049472	104048068	0
10	104053136	104052154	0
10	104053983	104053030	0
10	104053983	104053109	0
10	104055402	104054980	0
10	104055970	104055175	0
10	104056004	104055371	0
10	104059719	104058145	0
10	104060281	104059316	0
10	104060281	104059637	0
10	104060281	104059684	0
10	104063644	104062257	0
10	104063819	104062257	0
10	104063819	104063537	0
10	104064549	104063746	0
10	104064597	104063186	0
10	104064597	104063746	0
10	104070570	104064437	0
10	104072080	104070425	0
10	104072080	104070460	0
10	104131485	104129887	0
10	104131485	104129888	0
10	104131485	104129933	0
10	104133785	104132115	0
10	104141002	104133453	0
10	104141002	104133619	0
10	104167738	104166487	0
10	104168849	104167584	0
10	104168849	104167620	0
10	104194015	104192198	0
10	104196934	104192493	0
10	104196934	104193865	0
10	104203804	104197921	0
10	104206031	104203671	0
10	104206034	104203429	0
10	104206034	104203671	0
10	104207825	104203671	0
10	104225558	104214258	0
10	10422775	10419537	0
10	1042763	1039151	2
10	1042763	1039907	2
10	1042763	1040902	1
10	104312228	104313724	150
10	104328925	104312143	0
10	104333499	104309697	0
10	104333499	104315708	0
10	104334998	104312156	1
10	104338405	104312130	0
10	1043394	1042548	2
10	1043394	1042631	3
10	10434032	10418738	0
10	104353576	104351590	0
10	1043587	1043588	3
10	1043682	1043685	2
10	1043722	1043725	2
10	1043759	1043760	4
10	1044172	1042676	3
10	1044172	1043300	3
10	104477058	104474938	0
10	104666201	104664607	0
10	1048398	1043300	2
10	1048884	1043998	2
10	1048936	1043300	2
10	1049104	1043300	4
10	1049171	1043998	2
10	105818027	105808774	0
10	106579252	106573670	1
10	106579252	106577181	1
10	106579252	106577198	1
10	106579252	106577610	0
10	106579475	106573662	1
10	106579475	106573670	1
10	106579475	106577197	1
10	106579475	106579090	0
10	106607219	106597350	0
10	106607298	106597350	0
10	106607298	106600266	0
10	106620562	106618148	0
10	106629389	106620427	0
10	106629390	106620117	0
10	106667803	106652381	0
10	106667803	106667083	0
10	107164535	106956512	0
10	107760876	107757832	0
10	107812907	107805937	0
10	107853361	107694972	0
10	107854484	107760822	0
10	107854484	107853157	0
10	10786736	10784436	0
10	10786736	10784437	0
10	10786736	10784438	0
10	10786736	10784442	0
10	10786756	10784436	0
10	107873853	107871581	0
10	107873853	107871640	0
10	107901088	107760822	0
10	107901088	107854434	0
10	107909557	107844328	0
10	10792526	10784436	0
10	107947475	107873760	0
10	107958302	107859148	0
10	107964519	107962903	0
10	108040499	107760822	0
10	108040499	107812805	0
10	108040499	107854434	0
10	108040499	107871575	0
10	108040499	107873760	0
10	108040499	107901008	0
10	108040499	107903081	0
10	108040499	107910682	0
10	108040499	107932237	0
10	108040499	107947275	0
10	108040499	107959016	0
10	108040499	107968354	0
10	108040499	108001010	0
10	108040499	108038611	0
10	108040700	108040382	0
10	108041105	108040360	0
10	108041195	108039844	0
10	108041195	108040360	0
10	108041195	108040380	0
10	108043325	108041048	0
10	108043325	108041055	0
10	108043325	108041058	0
10	108549958	108547974	0
10	10925189	10923014	0
10	10925189	10923862	0
10	10929656	10917879	0
10	10929656	10922697	0
10	10929656	10925002	0
10	10929656	10927057	0
10	10935263	10929600	0
10	10935270	10929600	0
10	10935414	10929600	0
10	10936664	10934939	0
10	10936705	10935233	0
10	10937562	10934941	0
10	10944325	10929600	0
10	10944325	10934523	0
10	10944325	10935233	0
10	10946095	10944182	0
10	10946601	10944182	0
10	10946601	10946024	0
10	10946601	10946046	0
10	10946601	10946047	0
10	10946601	10946064	0
10	10946803	10946511	0
10	10947123	10946511	0
10	10947320	10946511	0
10	10947320	10946785	0
10	10947557	10946064	0
10	10947557	10946511	0
10	10947557	10946785	0
10	10947557	10946857	0
10	10947557	10947250	0
10	10948336	10946785	0
10	10948402	10947445	0
10	10951970	10947445	0
10	10951977	10947445	0
10	10952096	10947445	0
10	10952137	10947445	0
10	10952138	10947445	0
10	10952167	10946511	0
10	10952167	10947163	0
10	10952181	10947445	0
10	10952235	10947445	0
10	1096268	1096270	9
10	109868713	109864765	7
10	109868713	109865053	10
10	109870030	109868613	0
10	109870030	109868635	0
10	109870905	109869952	1
10	109871033	109869952	1
10	109871862	109870730	2
10	109873428	109871788	4
10	109873428	109871791	4
10	109873578	109871795	3
10	109875600	109873366	1
10	109875669	109873366	1
10	109877868	109873366	2
10	109877868	109875523	18
10	109877868	109875527	18
10	109878059	109873366	2
10	109878059	109875527	9
10	109878059	109877553	0
10	109878059	109877722	0
10	109878059	109877789	0
10	109878370	109877676	0
10	109880894	109880187	0
10	109880932	109877999	0
10	109880932	109880187	0
10	109882553	109880841	0
10	109882610	109880841	0
10	109882643	109880841	0
10	109882643	109880872	0
10	109882643	109880877	0
10	109884050	109882431	0
10	109884125	109882431	0
10	109884149	109882431	0
10	109884149	109882434	1
10	109884149	109882523	0
10	109884149	109882547	0
10	109884149	109882592	0
10	109884149	109882600	0
10	109884260	109882431	0
10	109884273	109882431	0
10	109884540	109884066	0
10	109886342	109884065	0
10	109886342	109884066	0
10	109886342	109884105	0
10	109888193	109884066	0
10	109888193	109886245	0
10	109888193	109886265	0
10	109888596	109886269	0
10	109888596	109888048	0
10	109888596	109888097	0
10	109891355	109888502	0
10	109891827	109888495	0
10	109891827	109888502	0
10	109892585	109891721	0
10	109893076	109891578	0
10	109893076	109891721	0
10	109893379	109891719	0
10	109907816	109888502	0
10	109907816	109891721	0
10	109915100	109891721	0
10	109915104	109884066	0
10	109942861	109940103	0
10	109947277	109945571	0
10	109947277	109946118	0
10	109947277	109946169	0
10	109953892	109942680	0
10	110006041	109953755	0
10	110006082	109953755	0
10	110006082	109997513	0
10	110008185	110005956	0
10	110008382	110005956	0
10	11011120	11010163	0
10	110208486	110207849	0
10	110227786	110228188	15
10	110227883	110228188	13
10	110295382	110290729	1
10	110295382	110294061	3
10	110297729	110295227	0
10	110297746	110295229	2
10	110298791	110297566	4
10	110298811	110297569	11
10	110300737	110298647	1
10	110303588	110298647	5
10	110304132	110298676	1
10	11030869	11030333	0
10	110435208	110428839	0
10	110496188	110442210	0
10	110496205	110475103	0
10	11075336	11071540	0
10	110872234	110869867	3
10	110901123	110900237	15
10	110901586	110900228	7
10	110901613	110898729	35
10	110901613	110899955	9
10	110901613	110900120	8
10	110901613	110900217	7
10	110901613	110901025	6
10	110907837	110901537	3
10	110918214	110900164	1
10	110918214	110901537	0
10	110918214	110906478	1
10	110918214	110907679	3
10	110918937	110918120	0
10	110919158	110901537	6
10	110919158	110918120	0
10	110919162	110917958	0
10	110919168	110918120	0
10	110919183	110918120	0
10	110919202	110901537	6
10	110919202	110918120	0
10	110919275	110918120	0
10	11096423	11074947	0
10	11096423	11092275	0
10	11097410	11096301	0
10	11098161	11097313	0
10	11098163	11097284	0
10	11098475	11097284	0
10	11102183	11098247	0
10	11105505	11098071	0
10	111352104	111349938	0
10	11171377	11168921	0
10	112154688	112149863	0
10	112156054	112154628	1
10	112157390	112155863	0
10	112158394	112153869	0
10	112158394	112157248	0
10	112180596	112177983	0
10	112181814	112180472	0
10	112181814	112180520	0
10	112181814	112180551	0
10	112309301	112308180	0
10	112309301	112308218	0
10	112339187	112336445	0
10	112340037	112339160	0
10	112340906	112339048	0
10	112348349	112346005	0
10	112351796	112348159	0
10	112351855	112348162	0
10	112406652	112406170	0
10	112406652	112406273	0
10	112406675	112406293	0
10	112408695	112406562	0
10	112408929	112395812	0
10	112408929	112406562	0
10	112408929	112408401	0
10	112409459	112408872	0
10	112409491	112408872	0
10	112409495	112408872	0
10	112409629	112408899	0
10	112412649	112409482	0
10	112418849	112412294	0
10	112418849	112412473	0
10	112420008	112418783	0
10	112425590	112418783	0
10	112428439	112424427	0
10	112432287	112428381	0
10	112432287	112430299	0
10	112432287	112430723	3
10	112432287	112430808	3
10	112432287	112430823	1
10	112672769	112671811	0
10	112815425	112810030	1
10	112821839	112815215	6
10	112951876	112950645	1
10	11319885	11316833	0
10	11329098	11330455	0
10	113589798	113588715	0
10	113589798	113588824	0
10	113589798	113588832	0
10	113711833	113710680	2
10	113837204	113834724	1
10	113837204	113834728	1
10	113853848	113848979	0
10	113854101	113848979	0
10	113854341	113853242	3
10	113854384	113852722	1
10	114118701	114109855	0
10	114126106	114120861	7
10	114126106	114120900	8
10	114127672	114124928	1
10	114131337	114129890	0
10	114131337	114130198	0
10	114132095	114131025	1
10	114132185	114131146	1
10	114163330	114157553	0
10	114173266	114161607	0
10	114173266	114162636	0
10	114174203	114173140	0
10	114174221	114161607	0
10	114174221	114162636	0
10	114174233	114173140	0
10	114297101	114294823	3
10	114297414	114294825	2
10	114297414	114296977	2
10	114299416	114296977	0
10	114300691	114300193	0
10	114301466	114300444	0
10	114301466	114300515	0
10	114302018	114300444	0
10	114310444	114308432	0
10	114314051	114310353	0
10	114323262	114315559	0
10	114331898	114323170	0
10	114331898	114323176	0
10	114437925	114431112	0
10	114437925	114435440	0
10	114437925	114435460	0
10	114437925	114435953	0
10	114437925	114436037	0
10	114437925	114436177	0
10	114440090	114439175	0
10	114441042	114439616	0
10	114441078	114439175	0
10	114441078	114439258	0
10	114441078	114440081	0
10	114451672	114445311	0
10	114451672	114447879	0
10	114451672	114450078	0
10	114453484	114451623	0
10	114465828	114451623	0
10	114465828	114451644	0
10	114465828	114453378	0
10	114465828	114463044	0
10	114468217	114465697	0
10	114468266	114465464	0
10	114526831	114491790	0
10	114526836	114491790	0
10	114526919	114491790	0
10	114526932	114491790	0
10	114545099	114491790	0
10	114547777	114545004	0
10	114571407	114547490	0
10	114571407	114547649	0
10	114601962	114575415	0
10	114601962	114595001	0
10	11481923	11453945	0
10	11481923	11460509	0
10	115127722	115128406	0
10	115216097	115123481	0
10	11573497	11563186	0
10	11573738	11527499	0
10	11573842	11564126	0
10	11597718	11527499	0
10	11597718	11564126	0
10	116065627	116056924	0
10	116065627	116056932	0
10	116065627	116063763	0
10	116065627	116064400	0
10	11611667	11597630	0
10	11611755	11597630	0
10	116272276	116270821	0
10	116272283	116270821	0
10	116272644	116272003	0
10	116273034	116271989	0
10	116273285	116271989	0
10	116273468	116271989	0
10	1163072	1163214	0
10	116594865	116596213	0
10	116594869	116596217	0
10	116638371	116638373	0
10	116664272	116663785	0
10	116664272	116663798	0
10	116664948	116663695	0
10	116664948	116664173	0
10	116665827	116664173	0
10	116665827	116664760	0
10	116668324	116664285	0
10	116668324	116664760	0
10	116668324	116665607	0
10	116676503	116671191	1
10	116683963	116681790	1
10	116692468	116683455	0
10	116692468	116683790	0
10	116698740	116692350	0
10	116701086	116698143	0
10	116701130	116698634	0
10	116705279	116700942	0
10	116705279	116700953	0
10	116835023	116707199	0
10	116835023	116828763	0
10	116835023	116833066	0
10	116901958	116883376	1
10	116901958	116884796	1
10	116901958	116900311	12
10	116911844	116881481	1
10	116911844	116906626	0
10	116954211	116951908	0
10	116960231	116954041	0
10	116960332	116954048	0
10	117048511	116979255	0
10	117132478	117128520	0
10	117136660	117132439	1
10	117136660	117133289	0
10	117169060	117158655	0
10	117241784	117239599	0
10	117254132	117254404	0
10	117285800	117285107	0
10	117290349	117277273	0
10	117290349	117284306	5
10	117290349	117285693	2
10	117314236	117290185	0
10	117318975	117290185	0
10	117318979	117290185	0
10	117374482	117290185	0
10	117476920	117473298	0
10	117477174	117473214	0
10	117486229	117473236	0
10	117492110	117473214	0
10	117492110	117484294	0
10	117492110	117490648	0
10	117566145	117562083	0
10	117826385	117825902	0
10	118009226	118005755	33
10	118015111	118004915	2
10	118015111	118004947	2
10	118015111	118009081	0
10	118034042	118015064	0
10	118039441	118015064	0
10	118039441	118033981	0
10	118039974	118040145	0
10	118040313	118038923	0
10	118040566	118038971	0
10	118046593	118040122	0
10	118046604	118040122	0
10	118309133	118308605	5
10	118309581	118309080	5
10	118311314	118297929	0
10	118311314	118310635	3
10	118311314	118310719	0
10	118311314	118310745	0
10	118311487	118310413	9
10	118335214	118326153	0
10	118335427	118335113	3
10	118335642	118335113	2
10	118335642	118335395	2
10	118336424	118335257	2
10	118336424	118335553	2
10	118341747	118336181	0
10	118341928	118336024	1
10	118341928	118336181	0
10	118342241	118336181	0
10	118342316	118336181	0
10	118342321	118336181	0
10	118357579	118357771	0
10	1185040	1177317	0
10	1185040	1182133	0
10	1185040	1182844	0
10	1185040	1183042	0
10	1185040	1183150	0
10	11857386	11849607	0
10	118595700	118589988	0
10	11862931	11857264	2
10	11862931	11857288	2
10	118686169	118674166	7
10	118686642	118676410	0
10	118686642	118684555	93
10	118686642	118685982	0
10	118686642	118685996	0
10	118686782	118685958	0
10	118693750	118691264	0
10	11869502	11862816	0
10	118695231	118691264	1
10	118695231	118693701	0
10	11869834	11870115	86
10	118701409	118694920	0
10	118701409	118695140	0
10	118729398	118707491	0
10	118730411	118729174	0
10	118730411	118729294	0
10	11874796	11869365	0
10	11887954	11869365	0
10	119003885	119003535	2
10	119036269	119035792	501
10	119037310	119033669	24
10	119037310	119036030	0
10	119057041	119056739	0
10	119058304	119056875	0
10	119058304	119056935	0
10	119060845	119059601	0
10	119061329	119060745	0
10	119105007	119105310	0
10	119105023	119105310	0
10	119136921	119137056	78
10	119146354	119140766	0
10	119146354	119140912	0
10	119146354	119141255	2
10	119147861	119140912	0
10	119147861	119146235	0
10	119147861	119146289	0
10	119155124	119147774	0
10	119155178	119147774	0
10	119155178	119147777	0
10	119157734	119156677	0
10	119157928	119157667	1
10	119157928	119157668	1
10	119158063	119157870	2
10	119159754	119158006	0
10	119159754	119158008	0
10	119169343	119167702	3
10	119170989	119168068	25
10	119173873	119172381	3
10	119174593	119173736	4
10	119174773	119173744	8
10	11929986	11920021	1
10	11929986	11920022	1
10	119333827	119330232	0
10	119335958	119333180	0
10	119335958	119333299	0
10	119336183	119334493	0
10	119515456	119500079	0
10	119515653	119499827	0
10	119515653	119499924	0
10	119516489	119515522	0
10	119526095	119515382	0
10	119526119	119515508	0
10	119576751	119571801	54
10	119576751	119575218	17
10	119576751	119575411	25
10	119576751	119575436	24
10	119576906	119576610	53
10	119577204	119575398	19
10	119577204	119575424	17
10	119577204	119576610	53
10	119577215	119576846	53
10	119577536	119576610	7
10	119577536	119576775	5
10	119577536	119577079	2
10	119577737	119577450	0
10	119577737	119577474	1
10	119578835	119577640	1
10	119578941	119577640	1
10	119580011	119578725	5
10	119580011	119578746	5
10	119580011	119578766	6
10	119580783	119578725	8
10	119582010	119579934	10
10	119582010	119580470	8
10	119582185	119581921	5
10	119582224	119581732	8
10	119582224	119581921	5
10	119582558	119582168	18
10	119582609	119582168	16
10	119588211	119582458	8
10	119588249	119582168	6
10	119588249	119582458	8
10	119588249	119582530	8
10	119588358	119588151	12
10	119592114	119588166	4
10	119592297	119588151	3
10	119593514	119588151	7
10	119596496	119588151	7
10	119596511	119588151	7
10	119596965	119588151	6
10	119597030	119588151	7
10	119683824	119683126	0
10	119750943	119751075	2
10	119792037	119792156	20
10	119814618	119793588	0
10	119815959	119814487	2
10	119818745	119819519	6
10	119819062	119819519	0
10	119819540	119819766	15
10	119832101	119829403	211
10	119832101	119831196	8
10	119832101	119831200	8
10	119843427	119842471	0
10	119847714	119842471	0
10	119847714	119842781	0
10	119847714	119843247	0
10	119847714	119843253	0
10	119859182	119858883	0
10	119859885	119859040	0
10	119859885	119859049	0
10	119915756	119915756	1
10	119941309	119942173	82
10	1200148	1184860	0
10	1200361	1184860	0
10	1200372	1199445	0
10	12035442	12028744	0
10	12035898	12028744	0
10	12042835	12035058	0
10	12043171	12035058	0
10	120776885	120761811	0
10	120776885	120762788	0
10	120776885	120763295	0
10	120776885	120763400	0
10	120808342	120776734	0
10	120809267	120808232	0
10	120830344	120776734	0
10	120830589	120821202	0
10	120831162	120808232	0
10	120851180	120776734	0
10	120851346	120776734	0
10	120880668	120879255	8
10	120889185	120889894	0
10	120906022	120906775	22
10	120980701	120925546	0
10	121133724	121133089	0
10	121480486	121479784	0
10	121483804	121478333	0
10	121483804	121478340	0
10	121483804	121478363	0
10	121483804	121478573	0
10	121483804	121479071	0
10	121483804	121479217	0
10	121483804	121479226	0
10	121483804	121479618	0
10	121483804	121479856	0
10	121483804	121481834	0
10	121483804	121481855	0
10	121485485	121483697	0
10	121485533	121479854	0
10	121485533	121483697	0
10	121485533	121483717	0
10	121515320	121503789	0
10	121517464	121503789	0
10	121517464	121515116	0
10	121517464	121515122	0
10	121517464	121515226	0
10	121517473	121517318	0
10	121518830	121515116	0
10	121518830	121517318	0
10	121518830	121517333	0
10	121520170	121503789	0
10	121520170	121515116	0
10	121520170	121517318	0
10	121538716	121503789	0
10	121538716	121515116	0
10	121538716	121519978	0
10	121538716	121537965	0
10	121564580	121551289	0
10	121565705	121564323	0
10	121565705	121564324	0
10	121565705	121564501	0
10	121565912	121564323	0
10	121593765	121565437	0
10	121593830	121565437	0
10	121593842	121565437	0
10	121593888	121564323	0
10	121593968	121551289	0
10	121593968	121564501	0
10	121593968	121565437	0
10	121593968	121565636	0
10	121593968	121583301	0
10	121615840	121615424	0
10	12170771	12165324	17
10	12170771	12167575	18
10	12170771	12167576	18
10	12170771	12167671	21
10	12170771	12169721	19
10	12170909	12167737	16
10	12170909	12170716	5
10	12170913	12170716	4
10	1217120	1199965	0
10	12172867	12170231	6
10	12172867	12170716	4
10	12172867	12170899	2
10	12173814	12170899	1
10	12173814	12172489	0
10	12173814	12172764	0
10	12173814	12172768	0
10	12177901	12173717	0
10	121790227	121782493	0
10	121790290	121740420	0
10	121790290	121740423	0
10	121790290	121743194	0
10	12179133	12177792	0
10	12179133	12177842	0
10	121841264	121836717	0
10	121870039	121841081	0
10	121870039	121841118	0
10	121902539	121870005	0
10	121902621	121870005	0
10	121902621	121898840	1
10	121902621	121899865	0
10	121911152	121902390	0
10	121911152	121902516	0
10	121959411	121957087	4
10	121959411	121957090	4
10	121959411	121957140	9
10	121959596	121959323	20
10	121959596	121959364	25
10	121959786	121959323	18
10	121959798	121957090	5
10	12196024	12196129	46
10	121960407	121959500	15
10	121961518	121959917	3
10	121961518	121960357	1
10	121962108	121961422	2
10	121963329	121961422	0
10	121963329	121961756	2
10	121963329	121961840	3
10	121965386	121963237	3
10	121967807	121965285	5
10	121967807	121965342	5
10	121971016	121967692	0
10	121971070	121967377	0
10	121971070	121967645	0
10	121971070	121967654	0
10	122019161	122017981	0
10	122151174	122145105	0
10	122211158	122211496	59
10	122417969	122424198	0
10	122458677	122450525	0
10	122459912	122435923	0
10	12246159	12244750	12
10	12247846	12245627	6
10	12249719	12250310	3
10	122698489	122697708	0
10	122699413	122697708	0
10	122699413	122698257	0
10	122833941	122832148	0
10	122833941	122832154	0
10	122833941	122832157	0
10	122849440	122845761	0
10	122850521	122849095	12
10	122850551	122849077	12
10	122850794	122849236	16
10	122855787	122849093	3
10	122855787	122850423	10
10	122879582	122855255	0
10	122879599	122855644	0
10	122879606	122855644	0
10	122879642	122855644	0
10	122933460	122932408	5
10	122938160	122930902	1
10	122938160	122931507	3
10	122938160	122932602	4
10	122996177	122990805	3
10	122996177	122990807	3
10	122998659	122995993	6
10	122998672	122995993	5
10	122998672	122996146	6
10	123007177	122995993	2
10	123007177	122998226	1
10	123007177	122998492	2
10	123008774	122998492	0
10	1233846	1215675	0
10	1233846	1216950	0
10	123427641	123425712	0
10	123708598	123706206	0
10	123713336	123712613	0
10	123713558	123713233	0
10	123713558	123713275	0
10	123754763	123713447	0
10	123754763	123745635	0
10	123780256	123770915	0
10	123880310	123862613	0
10	123887167	123880208	0
10	123891815	123880210	0
10	123891985	123880210	0
10	123914118	123913573	0
10	123939532	123880210	0
10	124012481	124007665	0
10	124012481	124007667	0
10	124021413	124012332	0
10	124038620	124021081	0
10	124038672	124019652	0
10	124038672	124021255	0
10	124046725	124044579	0
10	124092415	124045666	0
10	124092455	124045666	0
10	124093583	124046012	0
10	124093608	124045666	0
10	124400985	124397302	0
10	124400985	124397306	0
10	124400985	124398020	1
10	124401840	124400839	0
10	124403056	124401725	0
10	124403056	124401730	0
10	124403337	124401725	1
10	124403921	124402926	0
10	124405564	124403797	0
10	124405930	124403844	0
10	124407477	124405435	14
10	124408638	124405435	4
10	124408638	124407302	3
10	124408638	124407355	3
10	124408966	124408541	6
10	124412201	124408740	1
10	124412201	124408821	1
10	124412201	124408892	0
10	124418977	124408740	0
10	124450185	124445238	0
10	124490579	124489822	0
10	124682380	124617079	0
10	124682380	124619291	0
10	124682380	124621670	0
10	124682380	124667189	0
10	124706888	124696157	0
10	124742971	124706635	0
10	124744051	124706635	0
10	124744270	124706635	0
10	124760504	124706635	0
10	124760504	124748148	1
10	124762559	124757830	1
10	124762559	124759953	0
10	124762559	124760415	0
10	124765609	124760145	0
10	124765609	124760385	1
10	124765792	124760473	0
10	124774783	124765391	1
10	124774898	124765391	0
10	124946433	124945203	0
10	124992813	124984316	5
10	124992813	124988937	5
10	124992813	124989134	4
10	124992813	124989224	3
10	124993330	124992694	2
10	124993986	124993201	1
10	124993986	124993266	3
10	124998171	124993854	3
10	124998171	124994468	10
10	125003001	124997963	8
10	125003105	124997791	6
10	125003105	124997963	3
10	125003385	125002959	6
10	125003493	125002959	5
10	125006014	125003337	2
10	125027891	125003337	0
10	125028029	125003463	0
10	125039156	125003337	0
10	125088320	125039045	0
10	125111094	125038996	0
10	125111094	125088190	0
10	125122869	125110996	0
10	125133613	125038996	0
10	125133613	125100586	0
10	125158717	125110989	0
10	125160146	125038996	0
10	125160514	125110989	0
10	125160521	125038996	1
10	125161027	125110989	0
10	125161062	125110989	0
10	125661102	125576521	0
10	125661102	125621612	0
10	125661102	125655693	0
10	125683107	125661845	0
10	125683131	125661845	0
10	125683145	125661845	0
10	125698899	125699065	0
10	125704216	125700436	0
10	125706684	125706954	0
10	125707201	125700435	0
10	125707201	125704186	0
10	125707550	125707051	0
10	125707760	125705289	0
10	125707760	125707051	0
10	125709568	125707236	0
10	125709568	125707400	0
10	125709568	125707415	0
10	125711589	125709497	0
10	125719366	125718770	3
10	125719449	125709005	0
10	125719461	125709497	0
10	125719525	125707301	0
10	125719547	125709497	0
10	125719567	125711473	0
10	125745699	125725636	1
10	125745699	125744726	3
10	125745699	125744728	3
10	125745699	125744795	3
10	125745699	125744800	3
10	125745699	125744821	2
10	125745699	125744828	2
10	125745699	125744836	2
10	125745699	125744854	2
10	125745886	125744821	3
10	125749526	125709497	2
10	125749526	125725633	2
10	125749526	125745538	7
10	125749529	125744821	7
10	125749529	125745538	7
10	125749529	125748814	13
10	125749548	125745538	7
10	125749647	125745538	3
10	125750467	125749374	1
10	125750482	125745229	4
10	125750482	125745538	4
10	125750482	125749374	1
10	125750483	125749374	1
10	125763525	125764040	111
10	125767705	125766452	0
10	125789364	125788585	13
10	125789529	125788581	14
10	125789529	125788585	14
10	125792745	125788724	31
10	125794389	125788914	11
10	125794389	125792578	30
10	125794979	125784979	5
10	125794979	125785516	5
10	125794979	125788577	6
10	125794979	125788582	6
10	125794979	125788585	6
10	125794979	125788589	14
10	125794979	125788604	18
10	125794979	125789282	23
10	125794979	125791519	24
10	125794979	125793857	3
10	125794979	125794021	2
10	125795159	125794879	0
10	125795228	125788576	6
10	125796164	125794879	0
10	125796189	125794879	0
10	125796189	125794899	0
10	125796189	125794901	0
10	125796191	125794879	0
10	125797642	125796102	4
10	125798104	125796102	5
10	125798120	125796102	5
10	125798146	125796102	4
10	125798146	125796789	9
10	125798146	125797411	8
10	125798146	125797502	4
10	125800696	125797411	7
10	125803025	125798064	2
10	125807466	125798064	2
10	125807484	125798064	0
10	125807488	125796102	1
10	125807488	125798064	0
10	125807488	125802056	1
10	125807488	125802949	0
10	125807488	125802988	0
10	125812289	125807149	0
10	125812289	125807412	0
10	125823040	125816436	0
10	125823090	125816436	0
10	125823197	125816436	2
10	125823200	125816436	2
10	125823202	125816436	2
10	125823212	125816436	2
10	125823249	125816436	2
10	125823257	125816436	2
10	125823286	125816436	0
10	125838388	125836336	6
10	125838388	125836339	6
10	125841935	125840846	91
10	125852452	125841742	1
10	125854204	125852542	5
10	125854860	125852542	2
10	125867184	125859602	0
10	125881072	125867128	1
10	125881316	125866989	0
10	125896437	125880542	0
10	125972846	125972187	0
10	126009132	126009221	0
10	126009267	126009372	0
10	126019826	126012380	0
10	126043149	126039293	0
10	126043149	126041345	0
10	126049670	126049252	0
10	126065002	126049560	0
10	126065002	126049602	0
10	126066807	126064805	0
10	126067007	126064694	0
10	126094134	126071476	0
10	126101242	126090735	0
10	126101242	126098415	0
10	126108665	126101071	0
10	126108665	126101147	0
10	126108665	126101204	0
10	126135661	126118037	0
10	126155306	126135367	0
10	126155306	126135583	0
10	126278989	126135583	0
10	126278989	126155217	0
10	126278989	126155226	0
10	126416912	126413868	0
10	126426091	126424996	4
10	126426091	126425008	4
10	126426091	126425551	4
10	126429851	126425767	1
10	126429851	126425990	0
10	126429851	126426065	0
10	126504119	126461400	0
10	126505086	126464695	0
10	126505086	126502659	3
10	126512117	126504873	0
10	126513940	126503956	0
10	126513940	126504431	0
10	126999392	126997817	0
10	127000420	126999363	0
10	127000423	126988094	0
10	127000629	127000275	0
10	127000641	127000275	0
10	127000993	127000276	0
10	127001610	127000572	0
10	127001610	127000706	0
10	127007574	127001353	0
10	127014972	127001372	0
10	127015164	127001554	0
10	127015164	127007410	0
10	127015164	127013466	0
10	127015164	127013500	0
10	127016098	127015009	0
10	127016098	127015089	0
10	127016582	127015922	0
10	127018658	127015922	0
10	127018961	127016042	0
10	127026423	127001554	0
10	127026424	127015009	0
10	127026424	127015922	0
10	127026424	127016497	0
10	127026424	127018587	0
10	127026476	127015922	0
10	127026508	127024769	0
10	127026508	127025953	0
10	127153924	127135429	0
10	127176401	127135425	0
10	127176401	127136193	0
10	127883876	127877840	0
10	127934518	127929375	0
10	128047684	128047763	0
10	128069828	128070300	0
10	128070902	128072137	0
10	128071742	128072137	0
10	128101702	128096658	4
10	128103129	128101483	317
10	128109424	128101257	148
10	128111817	128110377	0
10	128112046	128111519	0
10	128112046	128111644	0
10	128116008	128113426	4
10	128116537	128113426	6
10	128116537	128114927	2
10	128116537	128115509	2
10	128320215	128316281	0
10	128959679	128958771	0
10	129378973	129372193	0
10	129694316	129693788	0
10	129701014	129700715	0
10	129701179	129694118	0
10	129701183	129693721	0
10	129701263	129700147	0
10	129701263	129700257	0
10	129701547	129700878	0
10	129839196	129837699	7
10	129840335	129835282	9
10	129840443	129836799	8
10	129848481	129843136	0
10	12998513	12896624	0
10	12998513	12896626	0
10	130023890	130020024	0
10	130066106	130064339	0
10	130068609	130064861	0
10	130079629	130035857	0
10	130079629	130063899	0
10	130079629	130066373	0
10	130079629	130068275	0
10	130110803	130104082	1
10	130110811	130079736	0
10	130110818	130079736	0
10	130110818	130104082	1
10	130286238	130282444	0
10	13074101	13049673	0
10	131098425	131092390	0
10	131774206	131772397	0
10	131943998	131944094	52
10	131970788	131966454	10
10	131970788	131969649	10
10	131970971	131968227	12
10	131970971	131970637	14
10	131973119	131970863	3
10	131973944	131973033	5
10	131981924	131973792	5
10	131981966	131973396	5
10	131981968	131973792	2
10	131982014	131973792	1
10	13209134	13209226	3
10	132184323	132181224	0
10	132185000	132184196	0
10	132185054	132184073	0
10	132209102	132207491	0
10	132226969	132225746	0
10	132228129	132226794	0
10	132228190	132226819	0
10	13229710	13221766	0
10	132331832	132324036	1
10	132331838	132330280	2
10	132331848	132245899	0
10	132441485	132433732	0
10	132448437	132449003	0
10	132518192	132511625	0
10	132784766	132783178	0
10	132785453	132783180	0
10	132810490	132808391	0
10	132810490	132808442	0
10	13281111	13277795	0
10	13281111	13277799	0
10	13281111	13277842	0
10	132833526	132814843	0
10	132833526	132832615	0
10	132834776	132834040	0
10	132835354	132834653	0
10	132835435	132834653	0
10	132835435	132834681	0
10	13283840	13280975	0
10	132872825	132869273	0
10	132876909	132872527	0
10	132876962	132872675	0
10	13288542	13283689	0
10	132899122	132892332	0
10	132899667	132898516	0
10	132899667	132898958	0
10	132908635	132899534	0
10	132909245	132908347	0
10	132909245	132908467	0
10	13291913	13288359	0
10	13291913	13288411	0
10	132929805	132926567	0
10	132934863	132929184	0
10	132934863	132929704	0
10	132937676	132936960	0
10	132938754	132937114	0
10	132938754	132937551	0
10	13294597	13288359	0
10	13294597	13291824	0
10	13294597	13291830	0
10	13294988	13291460	0
10	13295607	13294427	0
10	132962238	132961339	0
10	132965290	132943966	0
10	13298242	13295495	0
10	13298246	13295227	0
10	13298246	13295495	0
10	13299764	13295495	0
10	133085647	133083072	0
10	133086698	133085530	0
10	133206954	133207136	0
10	13323048	13317423	0
10	13323048	13317438	0
10	133247702	133246909	0
10	133247886	133247553	0
10	133247892	133246477	0
10	133263766	133262402	1
10	133263766	133262419	1
10	133263866	133263002	2
10	133267418	133262967	8
10	133270511	133269444	0
10	133270511	133269896	0
10	133270806	133270359	0
10	133271065	133270452	6
10	133271955	133271527	0
10	133272275	133271716	1
10	133272275	133271805	1
10	133272577	133272192	1
10	133272586	133271813	1
10	133272586	133272192	1
10	133272867	133272414	0
10	133272867	133272415	0
10	133273020	133272737	0
10	133273020	133272797	0
10	133273431	133272956	0
10	133273444	133272956	0
10	133273839	133272956	0
10	133273839	133273253	0
10	133273839	133273285	0
10	133273839	133273304	0
10	133274030	133273253	0
10	133281437	133278629	5
10	133281437	133279640	5
10	133281437	133279641	5
10	133281523	133279639	4
10	13328451	13318079	0
10	133295440	133295186	2
10	133297405	133293561	6
10	133298112	133293561	2
10	133298112	133297320	9
10	133299604	133297951	0
10	133299604	133297986	0
10	133300114	133299426	0
10	133300114	133299434	0
10	133300548	133299426	1
10	133302981	133299426	2
10	133302981	133299984	1
10	133302982	133299984	1
10	133308849	133301700	1
10	133308861	133302791	1
10	133309135	133302791	0
10	133309157	133299984	0
10	133309157	133302791	0
10	133311842	133312787	16
10	133312338	133302791	1
10	133326121	133324071	0
10	133326176	133325427	0
10	133326315	133325427	0
10	133326992	133325798	0
10	133326992	133325931	0
10	133328016	133326877	0
10	133329004	133327904	0
10	133329010	133327426	0
10	133329010	133327904	0
10	13333972	13329697	0
10	133350727	133345753	0
10	133355812	133355153	4
10	133355812	133355159	4
10	133355812	133355163	4
10	133355812	133355168	4
10	133355812	133355202	4
10	133356739	133355519	0
10	133356739	133355737	0
10	13336351	13333816	0
10	13336351	13333876	1
10	13336351	13333900	1
10	133364726	133362479	5
10	133373690	133370559	0
10	13338809	13336242	0
10	133401591	133402148	39
10	133402246	133402691	0
10	13340791	13338704	0
10	133424573	133420665	8
10	13345029	13338704	0
10	13345461	13338715	0
10	133457576	133458359	10
10	133458657	133459020	7
10	133459805	133459877	4
10	133464912	133465105	5
10	133464931	133465105	5
10	133465175	133465250	2
10	133465566	133465874	7
10	133465566	133466234	7
10	133465925	133466234	5
10	13348299	13338704	0
10	133526874	133527356	0
10	133531735	133532123	1
10	133555439	133553900	0
10	133555439	133554289	0
10	133555439	133554989	0
10	133555708	133555350	0
10	133555904	133555596	0
10	133556048	133555779	0
10	133556823	133555980	0
10	133557157	133556758	2
10	133557919	133557066	0
10	133558215	133557863	0
10	133558952	133558166	0
10	133559361	133558876	0
10	133560154	133558166	0
10	133560154	133559300	0
10	133565584	133558876	0
10	133565584	133560090	0
10	133565585	133560090	0
10	133568292	133560090	0
10	133569836	133567797	2
10	133626000	133623894	0
10	133626000	133625098	0
10	133657482	133657234	0
10	13446542	13445315	4
10	13447317	13438483	0
10	13447317	13441354	0
10	13447317	13445289	0
10	13447317	13446484	1
10	13447320	13438636	0
10	13447320	13442979	0
10	13452615	13447265	0
10	13452638	13447265	0
10	13452659	13441087	0
10	13452659	13447265	0
10	13480977	13452538	0
10	13481074	13452538	0
10	13481125	13452538	0
10	13492877	13480884	0
10	13492877	13480898	0
10	13496889	13492610	0
10	13496930	13492691	0
10	13500081	13496765	0
10	13500081	13496787	0
10	13517743	13499738	0
10	13526222	13499777	0
10	1361638	1361000	0
10	13638924	13642027	4
10	1363918	1270954	0
10	13643766	13644916	40
10	13645075	13646614	33
10	13645137	13646614	31
10	13646687	13647132	149
10	13646781	13647132	155
10	13651975	13643705	17
10	13654259	13654352	6
10	13654428	13655377	8
10	13654513	13646333	15
10	13654513	13651902	9
10	13654527	13646271	19
10	13657124	13654415	8
10	13657523	13654415	4
10	13666326	13663452	0
10	13670529	13666096	0
10	13670529	13666223	0
10	13675045	13670405	0
10	13693518	13675037	0
10	13693518	13684035	0
10	13694040	13674910	3
10	13694040	13693481	3
10	13701479	13692168	0
10	13701479	13693702	0
10	13701479	13693897	0
10	13701479	13693982	0
10	13737931	13707036	0
10	13747820	13740511	0
10	13753101	13747735	0
10	13759507	13747735	0
10	13761670	13747735	0
10	13761670	13753055	0
10	13783007	13762623	0
10	13796589	13782921	0
10	13796589	13782928	0
10	13858913	13810813	0
10	13866305	13858846	0
10	13890659	13858846	0
10	13891730	13858846	0
10	13892297	13858846	0
10	13972370	13858846	0
10	14008534	13858846	0
10	14024482	13858846	0
10	14097139	14082946	0
10	14174364	13858846	0
10	14174367	14024375	0
10	14330184	13858846	0
10	14330184	14097009	0
10	14330184	14326174	0
10	14388904	14330057	0
10	14462095	14330057	0
10	14462143	14388680	0
10	14522020	14518556	1
10	14522020	14518558	1
10	14522020	14518559	1
10	14522020	14519158	41
10	14522020	14519512	40
10	14522020	14519901	40
10	14522020	14520794	1
10	14522020	14520850	0
10	14522020	14521016	0
10	14522020	14521072	0
10	14522020	14521088	0
10	14522020	14521136	0
10	14522020	14521157	0
10	14522020	14521193	0
10	14522020	14521200	0
10	14522020	14521206	0
10	14522020	14521211	0
10	14522020	14521280	0
10	14522226	14521095	0
10	14528040	14521868	1
10	14530516	14521868	0
10	14530516	14521869	0
10	14530516	14521875	0
10	14530516	14521893	0
10	14530516	14521944	0
10	14530516	14527936	1
10	14530516	14529527	0
10	14530516	14529954	0
10	14542687	14530331	0
10	14548641	14530331	0
10	14548671	14530331	0
10	14553388	14530331	0
10	14553388	14534785	0
10	14553455	14530331	0
10	14556181	14530331	0
10	14556415	14530331	0
10	14572114	14530331	0
10	14572129	14530331	0
10	14572156	14530331	0
10	14572190	14530331	0
10	14572315	14530331	0
10	14604271	14602456	0
10	14604296	14530331	0
10	14604390	14530331	0
10	14604419	14553321	0
10	14605	14060	0
10	14612553	14553321	0
10	14667692	14530331	0
10	14667692	14553321	0
10	14774706	14667633	0
10	14774898	14667633	0
10	14825621	14819249	0
10	14825621	14819884	0
10	14825621	14819887	0
10	14825621	14819979	0
10	14828273	14819530	0
10	148752	147819	1
10	14911323	14909169	21
10	14919833	14897358	10
10	14919833	14907878	1
10	14919833	14908165	0
10	14919833	14908170	0
10	14919833	14908187	0
10	14919833	14908741	0
10	14920445	14919737	0
10	14923070	14919737	0
10	14923070	14919795	0
10	14923676	14919737	0
10	14928153	14926842	0
10	14932956	14928015	0
10	14932956	14928142	0
10	14934521	14932853	0
10	14934776	14934379	0
10	14934776	14934444	0
10	14935524	14934702	0
10	14935565	14934702	0
10	14935565	14934722	0
10	14936594	14934702	0
10	15017045	15015369	0
10	15078754	15077522	13
10	15078754	15078486	0
10	15097320	15095384	0
10	15109829	15102583	11
10	15109840	15106372	5
10	15109840	15107865	10
10	15109840	15108293	3
10	15132934	15130141	0
10	15133145	15132816	3
10	15141030	15135273	0
10	15141354	15135273	0
10	15141558	15135273	0
10	15168629	15141421	0
10	15168694	15141421	0
10	15216111	15211642	2
10	15221061	15214170	0
10	15248708	15220943	0
10	15248816	15220943	0
10	15254880	15248638	0
10	15275948	15248638	0
10	15519413	15513948	0
10	15597300	15592224	0
10	15604271	15596512	0
10	15604356	15597206	0
10	15613768	15608234	0
10	15613768	15611509	0
10	15782227	15778169	1
10	15782336	15778853	3
10	15789320	15786560	1
10	15796173	15788827	0
10	15796173	15789246	0
10	15816916	15796099	0
10	15816916	15796119	0
10	15818009	15796099	0
10	16520760	16514466	0
10	16522006	16513742	0
10	16545	14137	0
10	16695156	16590610	0
10	16695156	16590619	0
10	16695156	16593152	0
10	16695156	16593312	0
10	16723209	16721351	0
10	16727158	16695022	0
10	16752654	16695022	0
10	16782085	16764389	0
10	16817414	16764389	0
10	16829041	16823965	0
10	16840536	16836234	0
10	16841048	16840329	0
10	16841048	16840404	0
10	16900851	16898995	0
10	16901460	16900624	0
10	16901460	16900826	0
10	16904116	16901337	0
10	16904116	16901372	0
10	16982654	16954388	0
10	16982654	16965639	0
10	17122899	17115470	0
10	17122899	17121881	0
10	17123690	17122794	0
10	17126800	17123410	0
10	17126800	17123587	0
10	17153637	17142253	1
10	17153637	17146736	0
10	17153637	17148915	0
10	17153637	17151413	0
10	17154735	17152934	0
10	17154735	17153506	0
10	17157785	17154676	0
10	17159230	17157440	0
10	17159230	17157443	0
10	17160375	17159145	0
10	17160375	17159152	0
10	17174661	17157440	0
10	17174661	17160304	0
10	17174661	17161482	0
10	17174661	17162165	0
10	17174661	17168840	0
10	17174661	17169309	0
10	17174661	17171555	0
10	17174661	17171819	0
10	17174661	17171907	0
10	17216275	17214238	0
10	17216275	17215195	0
10	17229986	17216166	0
10	17233683	17233769	19
10	17234834	17233324	37
10	17235390	17235845	163
10	17235890	17236293	212
10	17321347	17318382	0
10	17323158	17319873	0
10	17323158	17320345	0
10	17323158	17321189	0
10	1737477	1379073	0
10	17453658	17390530	0
10	17594384	17589031	1
10	17594384	17590274	3
10	17599412	17594204	0
10	17599412	17594208	0
10	17602967	17602968	0
10	17603649	17594204	1
10	17603649	17599073	2
10	17603649	17599289	2
10	17603745	17603559	2
10	17603829	17599289	0
10	17604048	17603725	0
10	17617236	17603929	0
10	17617368	17615476	0
10	17617375	17602905	0
10	17617378	17603929	0
10	17696704	17695708	0
10	17700233	17696602	0
10	17865472	17862886	0
10	18004409	18001785	0
10	18004409	18003103	0
10	18224335	18206173	0
10	18238521	18234167	0
10	18256919	18224286	0
10	18261193	18206126	0
10	18261193	18256578	0
10	18261193	18256816	0
10	18261195	18238393	0
10	18533337	18531848	0
10	18539300	18513114	1
10	18541249	18539193	0
10	18542178	18541168	0
10	18544388	18541585	0
10	18545652	18542068	1
10	18548238	18545560	0
10	18548238	18546061	0
10	18614614	18609844	0
10	18616294	18614459	0
10	18616294	18614551	0
10	18651623	18648489	0
10	18655176	18651265	0
10	18655176	18653283	0
10	18655195	18648489	0
10	18658498	18654863	0
10	18659257	18654550	0
10	18659268	18654687	1
10	18659268	18655024	0
10	18659286	18654852	1
10	19291481	19290222	0
10	19716891	19710327	0
10	19722226	19716798	0
10	19722423	19721587	0
10	19722423	19722113	0
10	19722589	19721977	0
10	19816279	19812371	0
10	20091785	20070804	0
10	2013412	2012652	0
10	2013459	2005472	0
10	2013506	2012264	0
10	20787309	20779972	0
10	20787309	20783905	0
10	20808660	20787201	0
10	20809899	20808509	0
10	20812941	20787201	0
10	20812941	20809805	0
10	20812941	20809866	0
10	20814044	20812768	0
10	20815718	20813739	0
10	20815718	20813938	0
10	20815826	20813739	0
10	20831307	20828529	0
10	20831584	20831145	0
10	20831584	20831195	0
10	20835562	20831472	0
10	20835624	20831472	0
10	20840850	20835512	0
10	20845369	20840738	0
10	20845496	20840738	0
10	20868766	20859712	0
10	20869842	20867758	0
10	20869842	20868663	0
10	20880905	20869739	0
10	20888208	20880793	0
10	20888208	20880873	0
10	20961780	20812768	0
10	21146509	21126085	0
10	21146560	21125762	0
10	21146560	21125763	0
10	21172453	21170261	0
10	21172478	21020116	0
10	21173839	21171546	0
10	21174188	21172382	0
10	21354765	21340232	0
10	21497263	21492657	1
10	21517920	21515015	2
10	21521481	21513477	0
10	21521481	21518565	0
10	21521481	21519507	0
10	2172835	2169139	0
10	21759619	21756536	1
10	2176433	2169146	0
10	21766310	21759169	0
10	21766310	21759508	0
10	21806100	21766260	0
10	21882440	21805979	0
10	21919930	21918778	0
10	21920964	21919831	0
10	21920964	21919888	0
10	21928553	21919902	0
10	21928553	21920797	0
10	21929142	21920609	0
10	21929142	21920797	0
10	22003400	21929039	0
10	22003586	21929039	0
10	22003726	21929039	0
10	22003770	21929039	0
10	22317996	22318104	3
10	22318169	22318271	2
10	22318169	22318352	2
10	22318169	22318652	4
10	22318169	22318805	3
10	22318307	22318652	5
10	22318307	22318958	7
10	22318714	22318805	3
10	22318863	22318958	4
10	22319019	22319938	5
10	22326562	22326889	5
10	22327651	22327741	2
10	22328059	22328133	11
10	22345637	22345722	0
10	22539636	22536892	2
10	22540075	22534848	1
10	22540075	22536737	2
10	22540075	22537014	2
10	22542048	22539970	0
10	22550773	22541803	0
10	22550773	22541951	0
10	22567890	22550658	0
10	22567890	22567536	1
10	22608024	22591628	0
10	22609718	22607817	0
10	22609718	22607926	0
10	22646273	22642021	0
10	22714109	22609619	0
10	22714556	22609619	0
10	22959928	22960937	0
10	2306310	2305082	0
10	23223659	23201915	0
10	23223659	23203374	0
10	23266427	23250611	0
10	23267255	23266261	0
10	23282079	23267194	0
10	23303460	23291131	0
10	23303460	23302080	0
10	23320816	23303303	0
10	23320816	23316736	0
10	23344679	23333061	0
10	23344695	23333061	0
10	23344846	23333061	0
10	2447353	2446252	0
10	2447353	2446257	0
10	24542543	24542692	1
10	24545104	24545826	7
10	24589303	24583608	1
10	24589303	24583613	1
10	24589303	24583630	5
10	24589303	24584386	2
10	24589303	24585929	3
10	24589303	24586032	0
10	24590043	24585919	1
10	24591684	24589270	2
10	24591684	24591224	2
10	24592013	24591344	2
10	24592013	24591641	2
10	24595037	24591886	0
10	24595040	24591886	0
10	24595191	24594949	0
10	24595191	24594969	1
10	24596841	24595887	2
10	24596851	24595887	2
10	24596856	24596739	2
10	24596883	24595716	0
10	24596883	24595887	0
10	24597584	24595887	0
10	24597584	24596688	0
10	24597584	24596739	0
10	24597584	24596821	0
10	24598010	24597446	0
10	24598010	24597468	0
10	24605775	24596739	0
10	24607602	24604311	0
10	24607872	24607498	0
10	24607879	24607443	0
10	24607904	24607498	0
10	24621370	24596739	0
10	24621370	24596851	0
10	24621370	24605766	0
10	24621370	24607744	0
10	24622763	24619472	0
10	24622835	24619472	0
10	24622843	24620878	0
10	24630051	24619472	0
10	24630051	24620149	0
10	24630051	24620152	0
10	24630051	24622732	0
10	24630051	24629523	0
10	24633481	24629013	0
10	24633481	24629995	0
10	24667010	24635010	0
10	24670398	24666984	6
10	24706631	24670217	0
10	24714379	24670338	0
10	24721867	24670217	0
10	24721928	24670217	0
10	24721991	24670217	0
10	24722035	24670217	0
10	24722280	24670217	0
10	24722280	24714296	0
10	24722761	24722011	2
10	24723241	24721836	2
10	24723248	24721836	2
10	24723669	24721836	2
10	24851465	24848606	0
10	24855365	24849706	0
10	24872064	24858391	0
10	24937368	24871997	0
10	24937368	24908300	0
10	24984377	24981978	1
10	24984906	24981978	0
10	24984906	24981979	0
10	24984906	24984209	0
10	24990610	24984401	0
10	24990610	24984735	0
10	24990610	24984835	0
10	25061370	24995645	0
10	25158499	25159650	0
10	25175166	25175468	0
10	25176277	25158071	0
10	25244855	25244060	0
10	25926189	25924447	0
10	26300996	26304033	0
10	26386412	26379033	0
10	26578903	26577675	0
10	26579096	26577675	0
10	26601207	26577790	0
10	26667647	26664335	0
10	26668495	26664205	0
10	26697296	26692681	0
10	26751784	26746592	9
10	26751784	26746595	9
10	26751784	26746894	1
10	26751784	26748569	1
10	26777242	26770244	0
10	26777242	26771074	0
10	26823291	26776625	0
10	26823306	26770244	0
10	26823306	26777064	0
10	26934517	26931205	0
10	26934517	26931246	0
10	26934517	26931275	0
10	26934924	26931205	0
10	26995148	26991913	1
10	27005724	26995040	1
10	27006963	27004115	0
10	27006963	27004297	0
10	27006963	27005622	0
10	27038055	27037185	0
10	27040179	27037870	0
10	27040179	27037995	0
10	27066549	27063987	0
10	27067287	27066240	0
10	27067287	27066486	0
10	27077425	27067156	0
10	27077541	27067156	0
10	27077694	27077022	0
10	27077694	27077337	0
10	27092513	27086538	0
10	27112121	27111733	239
10	27114608	27110111	0
10	27114608	27110453	2
10	27114608	27112081	0
10	27123700	27122840	2
10	27126787	27123546	1
10	27131942	27126695	2
10	27131942	27129236	3
10	27134123	27131858	0
10	27134982	27134038	0
10	27134982	27134043	0
10	27145591	27136275	0
10	27145591	27142386	0
10	27147669	27145427	0
10	27149041	27134830	0
10	27149041	27145418	0
10	27149041	27145427	0
10	27149041	27147497	0
10	27204550	27195213	0
10	27204550	27195214	0
10	27204550	27195216	0
10	27204550	27197352	3
10	27205249	27204439	0
10	27205249	27204446	0
10	27218184	27215534	0
10	27219858	27217979	0
10	27219858	27217982	0
10	27235213	27231747	0
10	27240485	27231747	0
10	27240583	27231747	0
10	27251512	27250997	0
10	27251796	27251103	0
10	27257951	27251300	0
10	27334235	27331356	0
10	27336973	27334169	0
10	27399241	27398280	0
10	27403358	27397120	0
10	27403358	27398187	0
10	27403358	27399068	0
10	27675555	27672874	0
10	27734792	27675520	0
10	27734792	27718562	0
10	27743495	27741344	0
10	27743498	27741344	0
10	27743546	27741344	0
10	27745595	27743241	0
10	27745850	27743227	0
10	27746061	27743227	0
10	27813443	27812169	0
10	27836164	27812163	0
10	27860847	27812167	0
10	27907778	27862433	0
10	27944963	27944221	0
10	27958973	27957048	0
10	27961716	27944815	0
10	27961716	27944822	0
10	27995181	27987385	0
10	27995724	27994971	0
10	27999049	27994918	0
10	28056624	28050992	0
10	28056624	28051167	0
10	28056624	28054060	0
10	28056624	28054142	0
10	28124117	28120593	0
10	28125092	28124030	0
10	28125092	28124071	0
10	28131692	28125009	0
10	281324	274189	2
10	281324	274197	2
10	281324	277322	4
10	28202272	28120193	0
10	28238701	28236600	0
10	28238736	28202152	0
10	28238738	28202152	0
10	28330003	28238567	0
10	28339901	28338553	0
10	283447	281199	0
10	28436222	28433007	0
10	28495814	28436141	0
10	28526009	28522651	15
10	28526009	28522684	14
10	28533894	28533997	0
10	28535758	28535918	0
10	28610822	28611254	3
10	28610822	28611773	4
10	28611482	28611773	0
10	28614686	28616172	13
10	28614686	28616175	13
10	28681546	28681982	0
10	28794644	28792691	0
10	28795377	28792667	0
10	28796007	28789187	0
10	28796114	28792568	0
10	29458590	29457337	12
10	29458590	29457347	12
10	29458590	29458058	11
10	29462402	29458433	5
10	29465751	29463491	3
10	29467876	29465594	4
10	29467876	29465615	4
10	29470484	29467741	4
10	29473990	29471137	0
10	29473990	29473533	0
10	29484832	29481583	0
10	29486231	29484655	0
10	29486308	29484686	0
10	29487300	29486409	0
10	29488757	29487162	0
10	29491020	29488600	0
10	29493392	29490846	0
10	29495001	29493213	0
10	29495182	29494913	0
10	29495182	29494979	0
10	29508390	29499115	0
10	29508537	29499115	0
10	29512862	29499115	0
10	29512862	29508030	0
10	29512862	29508341	0
10	29551264	29531253	0
10	29551264	29535988	0
10	29555109	29554782	0
10	29563293	29555050	0
10	29563293	29555089	0
10	29634973	29569254	0
10	29647256	29569254	0
10	29658069	29569254	0
10	29686623	29670981	0
10	29686641	29657869	0
10	29686652	29657968	0
10	29735805	29686552	0
10	29736782	29686552	0
10	30013919	30012802	0
10	30029867	30012799	0
10	30047872	30026102	0
10	30059525	30047531	0
10	30069822	30047531	0
10	30310484	30310662	7
10	30310835	30311759	11
10	30316037	30309800	5
10	30316037	30313009	1
10	30326636	30322390	1
10	30337028	30326423	0
10	30337028	30326563	2
10	30340451	30336802	1
10	30341641	30339971	0
10	30341641	30340225	0
10	30365068	30341467	0
10	30365068	30364326	0
10	30365068	30364409	0
10	30366427	30365148	0
10	30366749	30365820	0
10	30368622	30366549	0
10	30368651	30365344	0
10	30368651	30367765	0
10	30369134	30368145	0
10	30369160	30368145	0
10	30369426	30368145	0
10	30518862	30517615	0
10	30554484	30553853	0
10	30612901	30611778	0
10	30612901	30611785	0
10	30830168	30820206	0
10	30834213	30830113	0
10	30849444	30844780	0
10	30850368	30835566	0
10	30850368	30844633	0
10	30850368	30844637	0
10	30850368	30844771	0
10	30921236	30919011	0
10	30923389	30908932	0
10	30941652	30908932	0
10	30941652	30910359	0
10	3104789	3105114	2
10	31310016	31307992	0
10	31318581	31318912	7
10	31318933	31309892	0
10	31319028	31318087	1
10	31319036	31307716	0
10	31319063	31318357	7
10	31319692	31206277	0
10	31319882	31318451	0
10	31320352	31318441	0
10	31320448	31318229	0
10	3138338	3137727	10
10	3138338	3137729	10
10	3138338	3137733	10
10	3138616	3137727	7
10	3139050	3138234	7
10	3140813	3138690	4
10	3140813	3138903	4
10	3143502	3140686	2
10	3143502	3141507	12
10	3143732	3140686	10
10	3144367	3140686	2
10	3144367	3143388	8
10	3144367	3143482	9
10	3145710	3144291	4
10	3145717	3144291	4
10	3147251	3145595	4
10	3147738	3147149	0
10	3148056	3147571	4
10	3148064	3147571	6
10	3148292	3147986	8
10	3149400	3147149	8
10	3149754	3147571	10
10	3149754	3147986	9
10	3149754	3148167	9
10	3149754	3148170	9
10	3151364	3149620	4
10	3155730	3151175	2
10	3155730	3151246	2
10	3163886	3160203	0
10	3165335	3163131	0
10	3165335	3163724	0
10	3170207	3166935	0
10	31707389	31693083	0
10	3172842	3166935	0
10	31808552	31806290	38
10	31808752	31805403	2
10	31808752	31805436	2
10	31808752	31805713	24
10	31808752	31806293	37
10	31808752	31806305	34
10	31812824	31810648	5
10	31814362	31812635	5
10	31814362	31812706	5
10	31820489	31817787	2
10	31826386	31820386	0
10	31826386	31820443	0
10	31928808	31910524	0
10	31928815	31910524	0
10	31928877	31910524	0
10	32015660	32009009	3
10	32017360	32015508	0
10	32018157	32017142	0
10	32018157	32017206	0
10	32268615	32268900	21
10	32271918	32267750	0
10	32271918	32268930	0
10	32272168	32271553	0
10	32272168	32271713	1
10	32272250	32271553	1
10	32273083	32272025	4
10	32273218	32272025	2
10	32273282	32272025	2
10	32273282	32272141	3
10	32285051	32273162	0
10	32285051	32273921	0
10	32286843	32284697	0
10	32286979	32286693	0
10	32287016	32286693	0
10	32287275	32281858	0
10	32287275	32286925	0
10	32346820	32305771	0
10	32347122	32345391	7
10	32347186	32305771	0
10	32347219	32305771	0
10	32347219	32345111	3
10	32378615	32377112	0
10	32378799	32305771	0
10	3238612	3232387	0
10	327177	310030	0
10	327177	311536	0
10	327177	324638	0
10	32907144	32900318	3
10	32907144	32900991	5
10	32908535	32900318	3
10	32908535	32900391	3
10	32908535	32901563	2
10	32926110	32923584	0
10	32928265	32925870	0
10	32930045	32925960	0
10	32930045	32928093	0
10	32930045	32928149	0
10	32930045	32928173	0
10	32930045	32928192	0
10	32930045	32928211	0
10	32930045	32928231	0
10	32932601	32929821	0
10	32932601	32929823	0
10	32932601	32929840	0
10	32932601	32929884	0
10	32932601	32929928	0
10	32932601	32929933	0
10	32932601	32929984	0
10	32932718	32929931	0
10	32933584	32932514	0
10	32935559	32929821	0
10	32935559	32932505	0
10	32935559	32932514	0
10	32935559	32932520	0
10	32951759	32935491	0
10	32953810	32935491	0
10	32955664	32935491	0
10	32957795	32935491	0
10	32957895	32935491	0
10	32958210	32935491	0
10	32958219	32935491	0
10	32958228	32935491	0
10	32958233	32935491	0
10	32960367	32935491	0
10	32960504	32958485	0
10	32992464	32935491	0
10	33005793	32935491	0
10	33116673	33096256	0
10	33182749	33177491	4
10	33182749	33177493	4
10	33185656	33179896	1
10	33185725	33177493	2
10	33197710	33192280	0
10	33197710	33194366	0
10	33197710	33195423	0
10	33202996	33197620	0
10	33202996	33197649	0
10	33207626	33202890	0
10	33207717	33197620	0
10	33207717	33197649	0
10	33207717	33201017	0
10	33207717	33202890	0
10	33207717	33202911	0
10	33207717	33205448	0
10	33211491	33213237	0
10	33213562	33194371	0
10	33213718	33207571	0
10	33221864	33211409	0
10	33221864	33213385	0
10	33254195	33226133	0
10	33254195	33249413	0
10	33330883	33263645	0
10	33330883	33270674	0
10	33590770	33578930	0
10	33767347	33759712	0
10	34119741	34109559	0
10	34119741	34109560	0
10	34269900	34131462	0
10	34284246	34269656	0
10	34284246	34269786	0
10	34317339	34269656	0
10	34317339	34284134	0
10	34317339	34312255	0
10	34317339	34312259	0
10	34317339	34312263	0
10	34348116	34341626	0
10	34348116	34346197	0
10	34359318	34341626	0
10	34517160	34470084	0
10	34696420	34516978	0
10	3496237	3486893	0
10	35011965	35008550	0
10	35011965	35008551	0
10	35011965	35010291	0
10	35013801	35008550	0
10	35013801	35008551	0
10	35060925	35054433	0
10	35060969	35054433	0
10	35063063	35054433	0
10	35063063	35060873	0
10	35071340	35062959	0
10	35071340	35063845	0
10	35090002	35071198	0
10	35090036	35071198	0
10	35090367	35071198	0
10	35090643	35071198	0
10	35099601	35098005	0
10	35101061	35099513	0
10	35120036	35100889	0
10	35120506	35100843	0
10	35126661	35118182	1
10	35230599	35219893	0
10	35316410	35314551	7
10	35316410	35315331	4
10	3536858	3535111	0
10	3537032	3532093	0
10	35608023	35604484	0
10	35898964	35896873	0
10	36089390	36089085	0
10	366412	364373	0
10	366412	364961	0
10	37776576	37775370	0
10	37784132	37776265	0
10	3779591	3775995	67
10	3780218	3779346	2
10	3780230	3775995	57
10	3780230	3779046	2
10	37803944	37802822	0
10	3780497	3779549	6
10	3782052	3780105	15
10	37820983	37818605	0
10	3782215	3775996	10
10	3782215	3780105	10
10	37831313	37829277	15
10	3783282	3781807	7
10	37833117	37776525	0
10	37833117	37803832	0
10	37833117	37828764	4
10	37833117	37830855	13
10	37833117	37831231	9
10	37837713	37828764	0
10	37837713	37833024	0
10	37837713	37833054	0
10	37838112	37837616	0
10	37838112	37837645	0
10	3785194	3780326	4
10	3785276	3781640	2
10	3785282	3781640	2
10	37953365	37953062	0
10	37953759	37949571	3
10	37953759	37950566	2
10	38390907	38383068	0
10	38392118	38385145	0
10	38392118	38390840	0
10	38393113	38391982	0
10	38402594	38391982	3
10	38402917	38391982	0
10	38416777	38417126	0
10	38453961	38452986	0
10	38455366	38453521	0
10	38645429	38640970	0
10	42339484	42333728	3
10	42340557	42331865	0
10	42352997	42340515	0
10	42353012	42336100	0
10	42361035	42352938	0
10	42367728	42352799	0
10	42367934	42337782	0
10	42367975	42340500	0
10	42411862	42408167	0
10	42411862	42409726	0
10	42425438	42420762	0
10	42427252	42425317	0
10	42429152	42425317	0
10	42429152	42425362	0
10	4243644	4235559	1
10	4243688	4201140	0
10	4243790	4242949	0
10	42470269	42451608	0
10	42472241	42470081	0
10	42472266	42470081	0
10	42523306	42513509	3
10	42523306	42520786	1
10	42523306	42520822	2
10	42594668	42574184	0
10	42594700	42581593	0
10	42594700	42582690	2
10	42614359	42594594	0
10	42632025	42589106	0
10	42632025	42594594	0
10	42632025	42614281	0
10	42632368	42631928	0
10	42632440	42631807	0
10	42632440	42631928	0
10	42636973	42631928	0
10	42636973	42632294	0
10	42638522	42636919	0
10	42638545	42636919	0
10	42638552	42632294	0
10	42638554	42636919	0
10	42638569	42636825	0
10	42683461	42674196	0
10	42695807	42694370	0
10	42703357	42701994	0
10	42704216	42703215	0
10	42706641	42704005	0
10	42748688	42747543	0
10	42980560	42979016	0
10	43196549	43194534	0
10	43196549	43194535	0
10	43196549	43196092	0
10	43199195	43198932	0
10	43199769	43199091	0
10	43199769	43199115	0
10	43200257	43199675	0
10	43200889	43200181	0
10	43200889	43200194	0
10	43328171	43325832	0
10	43350793	43328075	0
10	43394689	43385616	8
10	43394689	43386021	3
10	43394689	43387588	8
10	43394689	43387642	8
10	43568022	43556343	0
10	43568022	43556346	0
10	43568460	43556343	0
10	43574598	43557528	0
10	43574619	43556346	0
10	43631565	43630881	0
10	43646203	43643858	4
10	43646203	43643859	4
10	43646276	43644648	6
10	43648705	43646063	4
10	43648857	43646063	4
10	43742351	43741436	0
10	43778627	43777561	0
10	43778826	43777561	0
10	43845408	43845532	0
10	43904222	43900890	0
10	43912327	43901364	0
10	440997	422823	0
10	4416478	4415304	0
10	44261814	44259601	0
10	44292735	44282925	0
10	44293490	44293912	0
10	44293710	44292083	0
10	44378724	44370164	0
10	44378724	44375866	0
10	44378724	44377163	0
10	44380881	44372621	0
10	44380881	44372887	0
10	44380881	44377132	0
10	44380881	44378556	0
10	44380881	44378636	0
10	44385044	44380762	0
10	44385050	44380762	0
10	44385071	44380410	0
10	44385093	44380762	0
10	44385093	44380832	0
10	44385098	44380831	0
10	44386494	44380762	0
10	44602105	44591207	0
10	44823289	44811023	0
10	44907119	44899613	0
10	44923227	44834065	0
10	44959690	44923080	0
10	44970265	44971772	0
10	44978790	44977778	0
10	44978791	44970980	0
10	44978811	44976128	0
10	44984114	44984812	0
10	45000889	44997697	0
10	45016169	45002221	0
10	45062585	45061426	0
10	45065614	45015961	0
10	45065614	45016079	0
10	45065614	45062261	0
10	45066222	45065526	0
10	45066222	45065569	0
10	45066523	45066171	0
10	45066523	45066174	0
10	45070664	45066332	0
10	45070983	45066174	0
10	45070983	45066332	0
10	45071310	45066332	0
10	45071372	45070477	0
10	45071567	45070477	0
10	45071621	45066174	0
10	45071621	45070477	0
10	45074996	45066344	0
10	45106731	45016079	0
10	45106731	45016100	0
10	45106731	45099486	0
10	45106731	45100079	0
10	45107084	45106615	0
10	45107091	45106609	0
10	45107989	45100165	0
10	45116038	45106615	0
10	45142155	45016104	0
10	45147467	45147581	0
10	45153967	45146827	0
10	45181428	45164227	0
10	45190251	45187291	0
10	45236090	45232025	0
10	45307568	45302297	0
10	45307568	45302653	0
10	45443829	45444115	0
10	45452941	45444569	0
10	45459268	45454584	11
10	45459268	45454592	11
10	45459268	45457505	0
10	45459268	45457510	0
10	45461412	45459119	0
10	45462205	45459119	0
10	45463997	45461230	0
10	45464328	45461082	0
10	45464328	45461230	0
10	45464328	45461386	0
10	45594492	45553111	0
10	45594578	45533109	0
10	45594599	45593429	0
10	45594907	45533109	0
10	45618261	45615500	1
10	45618261	45615594	0
10	45618261	45615598	0
10	45618261	45616384	1
10	45620928	45617764	0
10	45624638	45618139	0
10	45639964	45625950	0
10	45640422	45639705	0
10	45648535	45618139	0
10	45648535	45639815	0
10	45648535	45640240	0
10	45649780	45648293	0
10	45652034	45648293	0
10	45652034	45648418	0
10	45652034	45648474	0
10	45652034	45650124	0
10	45708868	45706430	0
10	45718085	45717462	0
10	45719364	45718024	0
10	45719364	45718025	0
10	45719956	45719305	0
10	45721065	45719836	0
10	45721065	45719908	0
10	45721787	45719836	0
10	45727055	45721698	0
10	45727162	45721698	0
10	45786675	45787034	4
10	45817250	45815485	0
10	45817325	45815427	0
10	45826045	45825693	40
10	45827391	45826041	40
10	45828081	45825593	5
10	45828081	45825601	3
10	45828081	45826049	36
10	45828081	45827339	1
10	45831430	45828028	0
10	45834117	45831393	6
10	45841688	45834015	2
10	45844395	45834015	3
10	45844395	45841652	0
10	45844397	45841652	0
10	45844504	45841525	0
10	45846756	45834015	1
10	45846756	45841652	0
10	45846756	45844265	0
10	45846756	45844325	0
10	45847474	45844325	0
10	45847758	45844325	0
10	45854896	45854092	1
10	45863115	45854802	0
10	45863364	45854713	0
10	45888313	45862985	0
10	45892484	45888164	0
10	45892508	45888164	0
10	45946912	45916078	0
10	46009213	46006411	4
10	46009552	46005087	6
10	46009552	46005090	6
10	46009552	46006172	2
10	46009552	46006294	4
10	46009552	46006377	4
10	46009552	46006426	5
10	46039072	46033310	0
10	46040092	46033306	0
10	46248972	46233884	0
10	46287042	46287339	0
10	46329686	46329843	0
10	46329745	46329814	0
10	46329941	46330002	0
10	46463886	46461098	0
10	46465882	46461098	0
10	46554696	46549043	0
10	4656253	4651102	0
10	4656801	4656033	0
10	4656926	4651160	1
10	4657726	4650184	0
10	46588013	46589598	0
10	46589674	46590402	0
10	46598065	46596008	1
10	46598146	46582781	1
10	46614846	46610473	0
10	46626014	46621605	0
10	46631088	46625806	0
10	46631088	46625928	0
10	46635101	46635365	85
10	46635146	46631254	0
10	46645284	46631254	0
10	46652026	46645175	0
10	46768293	46759018	0
10	46768293	46759022	0
10	46770803	46768208	0
10	46772485	46770738	0
10	46776834	46772428	0
10	4678133	4659452	1
10	4678155	4659452	1
10	472550	440870	0
10	47368938	47365501	1
10	47384262	47368642	0
10	47384274	47365495	0
10	47462684	47460190	0
10	47468907	47468540	1
10	47471385	47467992	0
10	47471385	47467995	0
10	47471385	47468769	0
10	47478628	47477080	0
10	47478742	47477080	0
10	47479889	47477080	0
10	47479889	47477655	0
10	47479889	47478532	0
10	47484084	47460161	0
10	47484159	47477080	0
10	47489649	47487218	0
10	47504241	47501853	19
10	47517858	47510170	0
10	47520568	47517815	0
10	47520568	47517822	0
10	47523492	47522865	7
10	47523639	47522865	11
10	47542307	47523303	6
10	47542307	47523357	6
10	47542307	47538376	1
10	47542307	47540076	1
10	47581579	47581210	0
10	47590320	47588680	0
10	47590331	47589177	0
10	47756223	47750863	0
10	47756223	47752136	0
10	47756223	47754134	0
10	47956165	47934344	0
10	47973497	47970042	4
10	47985967	47956025	0
10	47985988	47908063	0
10	47985988	47934347	0
10	47991801	47985855	0
10	47991851	47985518	0
10	47997740	47995354	0
10	48012328	48009872	0
10	48012328	48010131	0
10	48051779	48050281	2
10	48083895	48064307	0
10	48155704	48153087	0
10	48156375	48155311	0
10	48156375	48155458	0
10	48156375	48155672	0
10	48163672	48156092	0
10	48163672	48156557	0
10	48163672	48156558	0
10	48163672	48156766	0
10	48163672	48158892	0
10	48174956	48172945	0
10	48175144	48172945	0
10	48175940	48174869	0
10	48176346	48174894	0
10	48178152	48175845	0
10	48178891	48177711	0
10	48181009	48177292	0
10	48181009	48178046	0
10	48187293	48185552	0
10	48192895	48187191	0
10	48192895	48187193	0
10	48192939	48187191	0
10	48201385	48192683	0
10	48201449	48192683	0
10	48201655	48199667	0
10	48242353	48240359	0
10	48244850	48242045	0
10	48244850	48242160	0
10	48249179	48242160	0
10	48249179	48244783	0
10	48251612	48248542	0
10	48251654	48249020	0
10	48251692	48242160	0
10	48251692	48249020	0
10	48251758	48249020	0
10	48425220	48425749	1
10	48426071	48426379	0
10	48426505	48427079	0
10	48451141	48446033	0
10	48451141	48446035	0
10	48451141	48446036	0
10	48451141	48446241	0
10	48451141	48446339	0
10	48451141	48446557	0
10	48451628	48446035	0
10	48453426	48450260	1
10	48454162	48453300	0
10	48454162	48453303	0
10	48454162	48453356	0
10	48455135	48454087	0
10	48455135	48454156	0
10	48459892	48453303	0
10	48459892	48454087	0
10	48511590	48510524	0
10	48524237	48479635	0
10	48555551	48455001	0
10	48555551	48459683	0
10	48555551	48479587	0
10	48555551	48479635	0
10	48555551	48532483	0
10	48583048	48575321	0
10	48583126	48555462	0
10	48583153	48555462	0
10	48583153	48574701	0
10	48604953	48582952	0
10	48604956	48582952	0
10	48605089	48555462	1
10	48605094	48582952	0
10	48625094	48624003	0
10	48652322	48582720	0
10	48652397	48582952	0
10	48652617	48582952	0
10	48672425	48664198	0
10	48726	46952	0
10	48726	47056	0
10	48726	47493	0
10	48726	47577	0
10	4876054	4871900	0
10	48913	46891	0
10	48913	46952	0
10	48913	47704	0
10	48914233	48909482	0
10	48932622	48883954	0
10	48966674	48969063	0
10	48978941	48976553	0
10	48978941	48976741	0
10	48983430	48979681	0
10	48993047	48983298	0
10	49047045	49014244	0
10	49064737	49048477	0
10	49077292	49064150	0
10	49077327	49064702	0
10	49107996	49085954	0
10	49107996	49102171	0
10	49134009	49131153	0
10	49161623	49154724	0
10	49161623	49154727	0
10	49161623	49154752	0
10	49161623	49155568	0
10	49161623	49155611	0
10	49161623	49155767	0
10	49165284	49161598	0
10	49165362	49160347	0
10	49165797	49161598	0
10	49166994	49161598	0
10	49167010	49161598	0
10	49167010	49165765	0
10	49167963	49165765	0
10	49167963	49166444	0
10	49167963	49166767	0
10	49167963	49166868	0
10	49298781	49296111	0
10	49299019	49296449	0
10	49386591	49364180	0
10	49386591	49366115	0
10	49460452	49455367	1
10	49460452	49456654	12
10	49460452	49458787	1
10	49461557	49460023	0
10	49461557	49460372	0
10	49473029	49472375	0
10	49483517	49482686	0
10	49488380	49483345	0
10	49493253	49483345	0
10	49493253	49483385	0
10	49500697	49483345	0
10	49500697	49483367	0
10	49500697	49493116	0
10	49502123	49500537	0
10	49502158	49500537	0
10	49506000	49500537	0
10	49506013	49500537	0
10	49506409	49500659	0
10	49506481	49493116	0
10	49524778	49505883	0
10	49524778	49515200	3
10	49528526	49524032	3
10	49528526	49524935	3
10	49530738	49528416	0
10	49530841	49528416	0
10	49532979	49530719	0
10	49532979	49530723	0
10	4967044	4968308	0
10	49693894	49694537	0
10	49709967	49710006	0
10	49736178	49734642	0
10	49736178	49734643	0
10	49736178	49734645	0
10	49744123	49742827	0
10	49744753	49743570	0
10	49744753	49743993	0
10	49756947	49752637	0
10	49758577	49756589	0
10	49758594	49752637	0
10	49758594	49756775	0
10	49762380	49752637	0
10	49820294	49818278	1
10	49820294	49818991	1
10	49820294	49819144	1
10	49820294	49819333	1
10	49832909	49820164	0
10	49833275	49820209	0
10	49857454	49843553	0
10	49861664	49857294	0
10	49861664	49857305	0
10	49865382	49861587	0
10	49867435	49865320	0
10	49869556	49865320	0
10	49915992	49885202	0
10	49915992	49908454	0
10	4991914	4987399	1
10	4991914	4989433	1
10	4991914	4989788	0
10	49941999	49861587	0
10	4995866	4995318	0
10	49970204	49941508	3
10	49982466	49981419	9
10	49984949	49981979	6
10	4998748	4995755	0
10	4998748	4995833	0
10	5000667	4998624	0
10	5000667	4999199	0
10	5000667	4999910	0
10	5000667	5000302	1
10	5001682	4998624	0
10	5001682	4999199	0
10	50048334	50021181	0
10	50048334	50021400	0
10	50050634	50048201	0
10	5007507	5005994	0
10	5007507	5006461	0
10	5010654	5007406	0
10	5015049	5013306	0
10	5015235	5010462	0
10	5017935	5010343	0
10	5017956	5003751	0
10	5018032	5010343	0
10	50189588	50182777	2
10	50189588	50187210	0
10	50189588	50187241	0
10	50189588	50187311	0
10	50189588	50187410	0
10	50308149	50305585	5
10	50308149	50305599	5
10	50311416	50307981	0
10	50327323	50311261	0
10	50327323	50311362	0
10	50340465	50327277	0
10	50340677	50327204	0
10	50341435	50340386	0
10	50344247	50340386	2
10	50344247	50341216	0
10	50344247	50341299	0
10	50344346	50311261	0
10	50344346	50327204	0
10	50344346	50341331	0
10	50418479	50344135	0
10	50433557	50343491	0
10	50433557	50344270	0
10	50460815	50433475	0
10	50460815	50459940	0
10	50466933	50460672	0
10	50519922	50466889	0
10	50623978	50590152	0
10	50623984	50590152	0
10	50624987	50590152	0
10	50625164	50590152	0
10	50706112	50705379	0
10	50810043	50799408	0
10	50810043	50799420	0
10	50810043	50806561	0
10	50811177	50809893	0
10	50814039	50811039	0
10	50814039	50811043	0
10	50814063	50811039	0
10	50816280	50811039	0
10	50816280	50813856	0
10	50820650	50816005	0
10	50823596	50822691	0
10	50828296	50820551	0
10	50828462	50828130	0
10	50836313	50828130	0
10	50841993	50836073	0
10	51068554	51062578	0
10	5123440	5122086	0
10	51245607	51244893	0
10	5155758	5154139	0
10	5155758	5154142	0
10	5157801	5154459	0
10	5157801	5155674	0
10	5161768	5160811	0
10	5161973	5160811	0
10	5161973	5161711	0
10	5161973	5161730	0
10	51907571	51908754	0
10	5196321	5196819	0
10	52062632	52062787	0
10	52242242	52230741	0
10	52253441	52251964	0
10	52253441	52252058	0
10	52293968	52242106	0
10	52293968	52253370	0
10	52297916	52293914	1
10	52301303	52293914	0
10	52301401	52293914	0
10	52301401	52300802	0
10	52454750	52450873	0
10	52454750	52451313	0
10	52454750	52451316	0
10	52561106	52556701	0
10	52561116	52556524	0
10	52561116	52556982	0
10	5271237	5266032	0
10	52769316	52765379	0
10	5277295	5275172	0
10	5277295	5275205	0
10	52955586	52946430	0
10	52974801	52973487	0
10	53311066	53291071	0
10	53810665	53802770	0
10	53810665	53806155	0
10	53810665	53806322	0
10	53810665	53806324	0
10	53810665	53806325	0
10	53810665	53806500	0
10	53810665	53806985	0
10	53810665	53808069	0
10	53810665	53808107	0
10	53810665	53808130	0
10	53810665	53808521	0
10	53810665	53808691	0
10	53825142	53810555	0
10	53825142	53811548	0
10	53825142	53821109	0
10	53827549	53810555	0
10	53827549	53817994	0
10	53827549	53820164	0
10	53827549	53821099	0
10	53827549	53821109	0
10	53827549	53821275	0
10	53827550	53810555	0
10	53827550	53811548	0
10	53827550	53821099	0
10	53831534	53817994	0
10	5395476	5393097	0
10	5395476	5393268	0
10	53995766	53961751	0
10	54020417	53994578	0
10	54020417	53995648	0
10	54079425	53808084	0
10	54195890	53808069	0
10	54214049	53808069	0
10	54317442	53840319	0
10	54378943	54369119	0
10	54527878	54378781	0
10	54527878	54378822	0
10	54664291	54195682	0
10	54664291	54378781	0
10	54664291	54378815	0
10	54664291	54527811	0
10	54664291	54528387	0
10	54801292	53857174	0
10	54869123	54864673	0
10	54897501	54664171	0
10	5522130	5517280	0
10	5522130	5517368	0
10	5523178	5514243	0
10	5524421	5521915	0
10	5525743	5524975	0
10	5526242	5524308	0
10	5526247	5521915	0
10	55319615	55166575	0
10	55366214	55247754	0
10	55575712	55366091	0
10	55627754	55166575	0
10	5596119	5594990	1
10	5609798	5608474	0
10	5617401	5616861	0
10	56358460	56357227	98
10	56358460	56357437	95
10	56358460	56357478	90
10	56358460	56357815	81
10	56358460	56358142	66
10	56358688	56358186	16
10	56358688	56358376	14
10	56358725	56357437	13
10	56358725	56357444	17
10	56358725	56358376	14
10	56358948	56358376	3
10	56358948	56358555	0
10	56358948	56358630	0
10	56359533	56358555	0
10	5640831	5638866	48
10	5641813	5640695	7
10	5641962	5638867	3
10	5649105	5641769	0
10	5649105	5642472	0
10	5651364	5648969	0
10	5651569	5648971	0
10	5653051	5648969	0
10	5714424	5712419	0
10	5744068	5712173	0
10	5762647	5763028	3
10	5766296	5765222	365
10	5766296	5765848	261
10	5766296	5765953	2
10	5766639	5765228	12
10	5773942	5768212	1
10	5785274	5773841	2
10	5785923	5785141	0
10	5786051	5785141	1
10	5794990	5785851	0
10	5795020	5785851	0
10	5795020	5785865	0
10	5795020	5785981	0
10	5795020	5786005	0
10	5796863	5785851	0
10	5796863	5794884	0
10	5796863	5794907	0
10	5814330	5800597	0
10	5814588	5811873	0
10	58199322	58191516	0
10	58216318	58199239	0
10	58287758	58288275	28
10	5862595	5861804	10
10	5878288	5861616	0
10	5880377	5878086	0
10	5880377	5878096	0
10	5883168	5878121	3
10	5883168	5880297	0
10	5884078	5882702	0
10	5884078	5883005	0
10	5923697	5924310	0
10	59251677	59246128	0
10	59251677	59246129	0
10	59251677	59246133	0
10	59251677	59246135	0
10	59251677	59246178	0
10	59251677	59247566	0
10	59251677	59247691	0
10	59252996	59251574	0
10	59252999	59251168	0
10	59252999	59251574	0
10	59254444	59251574	0
10	59254444	59252798	0
10	59262646	59253716	0
10	59262646	59254347	0
10	59264167	59262433	0
10	59268692	59254347	0
10	59268692	59263881	0
10	59268692	59264084	0
10	59270036	59268552	0
10	59270110	59268552	0
10	59270110	59268655	0
10	59270322	59268591	0
10	59283448	59254347	0
10	59283448	59269898	0
10	59283448	59269946	0
10	59283511	59269898	0
10	59283682	59269898	0
10	59302857	59283362	0
10	59302865	59269898	0
10	59302865	59283362	0
10	59302865	59300705	0
10	59324107	59301151	0
10	59324107	59302800	0
10	59324107	59323229	0
10	59327714	59324070	0
10	59352354	59323987	0
10	59352475	59323987	0
10	59352475	59327624	0
10	59355944	59352269	0
10	59355944	59352328	0
10	5936588	5937109	0
10	5936731	5937205	0
10	5945739	5943489	0
10	5945750	5943503	0
10	5945901	5934269	0
10	5956455	5943638	0
10	5956455	5948891	0
10	5956455	5950742	1
10	5956455	5952370	0
10	5956455	5952371	0
10	5956455	5952385	0
10	5956455	5952392	0
10	5956455	5952792	0
10	5956455	5952820	0
10	5956455	5952897	0
10	5956455	5953044	0
10	5956455	5953050	0
10	5956455	5953151	0
10	5956455	5953175	0
10	5956455	5953259	1
10	5956455	5953805	0
10	5958352	5956378	0
10	5959787	5956378	0
10	5959787	5958202	0
10	5959787	5958240	0
10	5960469	5959753	0
10	5960568	5959753	0
10	5963833	5960366	0
10	5963839	5960394	0
10	5963842	5960366	0
10	59654590	59650760	0
10	59654590	59650764	0
10	5966340	5959753	0
10	5966340	5960366	0
10	59684328	59672769	0
10	59708784	59684097	0
10	59710080	59684095	0
10	59736003	59684095	0
10	59738563	59736994	0
10	59738563	59737197	0
10	59738574	59736691	0
10	59739096	59738458	0
10	59739120	59738458	0
10	59739120	59738471	0
10	59739292	59738458	0
10	59739306	59737197	0
10	59739371	59738037	0
10	59739683	59738466	0
10	59753446	59738458	0
10	5977508	5960366	0
10	5977523	5960366	0
10	5978180	5960366	0
10	59794598	59788762	0
10	59794598	59791751	0
10	59807079	59804419	0
10	59812729	59806443	0
10	59812796	59806921	0
10	59959969	59955429	0
10	59960883	59959565	0
10	59960914	59958216	0
10	60042757	60029700	0
10	60042760	60026297	0
10	60042760	60028400	0
10	60042760	60028867	0
10	60042760	60029689	0
10	60042760	60029699	0
10	60042760	60029796	0
10	60044134	60042671	0
10	60044804	60029690	0
10	60053728	60042671	0
10	60055833	60053676	0
10	60056037	60042671	0
10	60056037	60042690	0
10	60056037	60051474	0
10	60056039	60053676	0
10	60059431	60055657	0
10	60059431	60055999	0
10	60059817	60055775	0
10	60060007	60055657	0
10	60060007	60059339	3
10	60060034	60059391	3
10	60063255	60055657	0
10	60063255	60059339	0
10	60063255	60059697	0
10	60063255	60059699	0
10	60063255	60059939	0
10	60064289	60061920	0
10	60064289	60063108	0
10	60064289	60063110	0
10	60082177	60067934	0
10	60082177	60080536	0
10	60082177	60080572	0
10	60082687	60082149	0
10	60082738	60080536	0
10	60082738	60082149	0
10	60083618	60082507	0
10	60083618	60082614	0
10	60084716	60083491	0
10	60084831	60083491	0
10	60085254	60083938	0
10	60085254	60084601	0
10	60086885	60085156	0
10	60088359	60086542	0
10	60088359	60086676	0
10	60106060	60088146	0
10	60106060	60088272	0
10	60108287	60105904	0
10	60109055	60105904	0
10	60109055	60106021	0
10	60109055	60108187	0
10	60111767	60108829	0
10	60114247	60108829	0
10	60114332	60108829	0
10	60114332	60108900	0
10	60134359	60114224	0
10	60134374	60114224	0
10	60137354	60114224	0
10	60137354	60134270	0
10	60139088	60134270	0
10	60139088	60137341	0
10	60139088	60138516	0
10	60139401	60138963	0
10	60139757	60138963	0
10	60140041	60138963	0
10	60140516	60138963	0
10	60141017	60138963	0
10	60146022	60138516	0
10	60146022	60138963	0
10	60166654	60138516	0
10	60166654	60138963	0
10	60166897	60138963	0
10	6018120	6010688	0
10	6018120	6010714	0
10	6018120	6012070	0
10	6018120	6012796	0
10	6019500	6018052	0
10	6019942	6019427	0
10	6020340	6019427	0
10	60234787	60213411	0
10	6024355	6019452	0
10	60261958	60234687	0
10	60572664	60279537	0
10	60572910	60279537	0
10	60615225	60279537	0
10	60615225	60507500	0
10	6062291	6025833	0
10	6062310	6025833	0
10	6062326	6025833	0
10	6062371	6039399	0
10	60733325	60615185	0
10	60733491	60615185	0
10	60871652	60871177	6
10	60871668	60871173	6
10	60872276	60871443	0
10	60872291	60869437	4
10	60872291	60871471	0
10	60878059	60874953	0
10	60878059	60877117	0
10	60941855	60911350	0
10	6114148	6115238	2
10	6115312	6115452	11
10	61410747	61406642	0
10	61413536	61406646	0
10	61413536	61409448	0
10	61413536	61412892	0
10	61414501	61409446	0
10	61415114	61412892	0
10	61782406	61781744	0
10	6202694	6197611	0
10	62198444	62183034	0
10	62199862	62193193	0
10	62199862	62198282	0
10	62239766	62236065	1
10	62241196	62238156	0
10	62241196	62239647	0
10	62683567	62682651	0
10	62794409	62793561	0
10	62805888	62686039	0
10	62805888	62794292	0
10	62815970	62811999	0
10	62815970	62814432	0
10	62816070	62812002	0
10	62816070	62814219	0
10	62816276	62811995	0
10	62816356	62811995	0
10	6293946	6293099	0
10	63124872	63123937	0
10	63168567	63167220	0
10	63168567	63167347	32
10	63168567	63167589	0
10	63177857	63176296	2
10	63183570	63176799	0
10	63183570	63177716	0
10	63189447	63186214	0
10	63191109	63189167	0
10	63191109	63189286	0
10	63193098	63190893	0
10	63193152	63190893	0
10	63193338	63190893	0
10	63193473	63190893	0
10	63193473	63192937	0
10	63193650	63192938	0
10	63194376	63193344	0
10	63194695	63193109	0
10	63215456	63213472	10
10	63215618	63215437	0
10	63215697	63215262	0
10	63215697	63215423	0
10	63219984	63217206	0
10	63264765	63217206	0
10	63264765	63219876	0
10	63264765	63219877	0
10	63269188	63217206	0
10	63380483	63264650	0
10	63465882	63380317	0
10	63521851	63380317	0
10	64037281	64036344	0
10	6430939	6427142	1
10	64924519	64901135	0
10	650179	650290	0
10	65585568	65585664	0
10	6583919	6584117	29
10	65966747	65912517	0
10	65966747	65920110	0
10	66280622	66103156	0
10	663703	666217	0
10	66766417	66621691	0
10	66775525	66766154	0
10	66775525	66766263	0
10	67180444	66775443	0
10	67180521	66775443	0
10	67180521	67176900	0
10	6737629	6738356	3
10	67521962	67219606	0
10	67539670	67521841	0
10	6779181	6774306	0
10	67805788	67796664	0
10	67805788	67797081	0
10	67811664	67805582	0
10	67811664	67805586	0
10	67816130	67811523	0
10	67816134	67811523	0
10	67823393	67810841	0
10	67823393	67811523	0
10	67823393	67811527	0
10	67827684	67823313	0
10	67838060	67823313	0
10	67838064	67823313	0
10	67838097	67823313	0
10	67838165	67823313	0
10	67838167	67827541	0
10	67925188	67921898	1
10	67925188	67921907	1
10	67925188	67922483	2
10	67925188	67922488	2
10	67954739	67936152	0
10	67954739	67940938	0
10	67955131	67954594	0
10	67956862	67954199	0
10	67966803	67956877	1
10	67966803	67959112	0
10	67988145	67966682	0
10	67988836	67964791	0
10	67988836	67966682	0
10	68014187	67992605	0
10	68014187	67996045	0
10	68032870	68025545	0
10	68034187	68025545	0
10	68034187	68032777	0
10	68034187	68032818	0
10	68038170	68033964	0
10	68038170	68033999	0
10	68038366	68033964	0
10	68073098	68044403	0
10	68073187	68038092	0
10	68073187	68044403	0
10	68073187	68067084	8
10	68073187	68067181	6
10	68073187	68067688	7
10	68073687	68072882	3
10	68073687	68073020	3
10	68074194	68073134	15
10	68235434	68233252	0
10	68237632	68233250	0
10	68285411	68282659	0
10	68285411	68283063	0
10	68288662	68283063	1
10	68288662	68285080	4
10	68288662	68285347	1
10	68288964	68288482	0
10	68289020	68288482	0
10	68292040	68287026	0
10	68292040	68288930	0
10	68296365	68292128	0
10	68296986	68292128	0
10	68296986	68295946	0
10	68296986	68296265	0
10	68297135	68296265	0
10	68337334	68337857	31
10	68337334	68338502	28
10	68337997	68338502	6
10	68341310	68341584	14
10	68341681	68341758	10
10	68345912	68341106	13
10	68345912	68341129	13
10	68346085	68341152	16
10	68346085	68343518	19
10	68346085	68343826	14
10	68346085	68345144	16
10	68346085	68345701	5
10	68346085	68345732	5
10	68346085	68345830	5
10	68346725	68343405	2
10	68377767	68363983	0
10	68379522	68376852	0
10	68379522	68377192	0
10	68379522	68377193	0
10	68381257	68379134	0
10	68381400	68379423	0
10	68381400	68379492	0
10	68394137	68393137	0
10	68394452	68393763	0
10	68394452	68394074	0
10	68416856	68414063	4
10	68416856	68414064	4
10	68416856	68414988	8
10	68419214	68414988	0
10	68419214	68416614	0
10	68419214	68416706	0
10	68419214	68416708	0
10	68419424	68416685	0
10	68430541	68422696	1
10	68430608	68422696	1
10	68430661	68422696	1
10	68431972	68419802	0
10	68431972	68422696	0
10	68437242	68432393	0
10	68443007	68436853	0
10	68443112	68437010	0
10	68465813	68459103	0
10	68468307	68465666	0
10	68470164	68468122	0
10	68470164	68468166	0
10	68480765	68477998	6
10	68487213	68478000	0
10	68487213	68483018	0
10	68487213	68483474	0
10	68488591	68487073	0
10	68488630	68487143	0
10	68493199	68488466	0
10	68493571	68493131	0
10	68493571	68493173	0
10	68503696	68493131	0
10	68503696	68493448	1
10	68503696	68496433	1
10	68506719	68503631	0
10	68516844	68506584	0
10	68516844	68506626	0
10	68717796	68717310	0
10	68901427	68901427	13
10	68906811	68906812	45
10	6891958	6891456	0
10	68936964	68936967	13
10	68936992	68936993	12
10	68941096	68941096	2
10	68941112	68941116	2
10	68941189	68941189	0
10	68946607	68946608	113
10	689669	486458	0
10	69042007	69042141	0
10	69223026	69215332	0
10	69268149	69265341	0
10	69384482	69384795	4
10	69407281	69403902	0
10	69407281	69404201	0
10	69407281	69404483	0
10	69573239	69571697	0
10	69631548	69631708	0
10	70007670	69994625	0
10	70114330	70098222	0
10	70115121	70112269	0
10	70115121	70112270	0
10	70115121	70114144	3
10	70116775	70114774	1
10	70116775	70114919	1
10	70142854	70137980	8
10	70142854	70137982	8
10	70146657	70137980	7
10	70152593	70150222	78
10	70153970	70147288	4
10	70153970	70150203	3
10	70153970	70151418	0
10	70153970	70152149	1
10	70157824	70155087	0
10	70157868	70153837	0
10	70161070	70157674	2
10	70161070	70157763	2
10	70161739	70161003	1
10	70161916	70161618	6
10	70161932	70161283	4
10	70161932	70161618	6
10	70161932	70161644	7
10	70166823	70161857	6
10	70170524	70161857	1
10	70170524	70162689	5
10	70204916	70202829	2
10	70206334	70204872	0
10	70209291	70203588	0
10	70209291	70206263	0
10	70209686	70209204	0
10	70210251	70209204	2
10	70210420	70209644	4
10	70213590	70209557	4
10	70213590	70210194	2
10	70213590	70210393	5
10	70218818	70217811	0
10	70230380	70218444	0
10	70230400	70218763	0
10	70230400	70218778	0
10	70260740	70247328	0
10	70324031	70298969	0
10	70324031	70298972	0
10	70324031	70298975	0
10	70324031	70301384	0
10	70340703	70298975	0
10	70376597	70298975	0
10	70435984	70432314	0
10	70435984	70432748	0
10	70441668	70435285	0
10	70447952	70435285	0
10	70486326	70485335	0
10	70600907	70597347	0
10	70600933	70597348	0
10	70602742	70597415	0
10	70772340	70771239	0
10	70772567	70771238	0
10	70885233	70882279	0
10	70885233	70883509	1
10	70885233	70883931	1
10	71217826	71217223	0
10	71218229	71217223	0
10	71510011	71508152	0
10	71511874	71509914	0
10	71570846	71570875	0
10	7171057	7158623	0
10	71712814	71713051	0
10	71712814	71715201	0
10	71719822	71711701	0
10	71737825	71711709	0
10	71751862	71747558	0
10	71751862	71750915	0
10	71760925	71755358	0
10	71761945	71760481	0
10	71762027	71760867	0
10	71818725	71816297	9
10	71818725	71816298	9
10	71819112	71818616	6
10	71819272	71818621	6
10	71819784	71819464	45
10	71819901	71819464	4
10	71820336	71819713	0
10	71820336	71819750	0
10	71820336	71819815	0
10	71831252	71819713	4
10	71851326	71834371	0
10	71851376	71834371	0
10	72063163	72059034	0
10	72063163	72062405	0
10	72063163	72062804	0
10	72063163	72062863	0
10	72064241	72063002	0
10	72064241	72063024	0
10	72088522	72086680	0
10	72088527	72072502	0
10	72088615	72072901	0
10	72088615	72086225	0
10	72088774	72072901	0
10	72089033	72088139	0
10	72089033	72088356	0
10	72102413	72096520	0
10	72102413	72097040	0
10	72102968	72096521	0
10	72102968	72102333	0
10	72102968	72102368	0
10	72128168	72096031	0
10	72128168	72096520	0
10	72128168	72096521	0
10	72128168	72097253	0
10	72128168	72102333	0
10	72128168	72102849	0
10	72133182	72128081	0
10	72134464	72128081	0
10	72152989	72133056	0
10	72159376	72152897	0
10	72161557	72152868	0
10	72161675	72133056	0
10	72161675	72152868	0
10	72196990	72161537	0
10	72196990	72161548	0
10	72196990	72161612	0
10	72198666	72196810	0
10	72203525	72196810	0
10	72203525	72196842	0
10	72203525	72196929	0
10	72203525	72196937	0
10	72203525	72198448	0
10	72204506	72203426	0
10	72210738	72203426	0
10	72210832	72203426	0
10	72210832	72203441	0
10	72210832	72204421	0
10	72212286	72210731	0
10	72213278	72210731	0
10	72213332	72196810	0
10	72213332	72210731	0
10	72213332	72210774	0
10	72213352	72210731	0
10	72274061	72274156	22
10	72275981	72274914	150
10	72335932	72332829	3
10	72335932	72332830	3
10	72335932	72334080	19
10	72336697	72332829	16
10	72336697	72334522	23
10	72336697	72335779	2
10	72336697	72335833	0
10	72336866	72335556	7
10	72375873	72367326	0
10	72375873	72367339	0
10	72375873	72367545	0
10	72375873	72367913	0
10	72375873	72368110	0
10	72408038	72375782	0
10	72408038	72379463	0
10	72423372	72407928	0
10	72473305	72467748	0
10	72475298	72423233	0
10	72475298	72423247	0
10	72477257	72475099	0
10	72477257	72475266	0
10	72477604	72477173	0
10	72508270	72477169	0
10	72508270	72477173	0
10	72508270	72477492	0
10	72508272	72477173	0
10	72508626	72477173	0
10	72523954	72477173	0
10	72523976	72477173	0
10	72533790	72477173	0
10	72563064	72551178	0
10	72566760	72562894	0
10	72566795	72562710	0
10	72566795	72562894	0
10	72626075	72566632	0
10	72626079	72566632	0
10	72626106	72566632	0
10	72626112	72566632	0
10	72626132	72566632	0
10	72626192	72566632	0
10	7285955	7283903	0
10	72941335	72935169	0
10	73006596	73005832	4
10	73009904	73007216	2
10	73009904	73007223	2
10	73011038	73009639	0
10	73011038	73009806	0
10	73068984	73053350	0
10	73073828	73072028	0
10	73074916	73073730	0
10	73096851	73074807	0
10	73096975	73074807	0
10	73101298	73098043	0
10	73125244	73125397	27
10	73134755	73130154	8
10	73136919	73133655	1
10	73136919	73134523	2
10	73136919	73134582	3
10	73152422	73148275	0
10	73154449	73148275	0
10	73154449	73152292	0
10	73154449	73152345	0
10	73156454	73148275	0
10	73156454	73152292	0
10	73156454	73154255	0
10	73156454	73154309	0
10	73156656	73156274	0
10	73160552	73156274	0
10	73160552	73156567	0
10	73160552	73156588	0
10	73234941	73235192	11
10	73241761	73238769	6
10	73243399	73241661	38
10	73243930	73183361	0
10	73243930	73242823	34
10	73245982	73243842	0
10	73246177	73243842	2
10	73248269	73247341	28
10	73248863	73246687	39
10	73252024	73248842	14
10	73252024	73248937	120
10	73252024	73250740	11
10	73252024	73250743	11
10	73252038	73248842	14
10	73256417	73253758	0
10	73256417	73253761	0
10	73256417	73253765	0
10	73274551	73272927	0
10	73274595	73256368	0
10	73274595	73269613	0
10	73274595	73272927	0
10	73275586	73274432	0
10	73275599	73274432	0
10	73277362	73274432	0
10	73277362	73275445	0
10	73278338	73275445	0
10	73291445	73275445	0
10	73291445	73278178	0
10	73341582	73274432	0
10	73348236	73345064	0
10	73348522	73345064	0
10	73377567	73375648	3
10	73379024	73375100	0
10	73379024	73375444	1
10	73383346	73380030	0
10	73383691	73383174	0
10	73383691	73383260	0
10	73396584	73388311	0
10	73396584	73396043	0
10	73397275	73396518	0
10	73397275	73396519	0
10	73425192	73423578	2
10	73425192	73423580	2
10	73425192	73424428	0
10	73439902	73436427	5
10	73439902	73436805	2
10	73439902	73438197	5
10	73444823	73436805	0
10	73444823	73439871	0
10	73446574	73443779	0
10	73446574	73444724	0
10	73446577	73444724	0
10	73454490	73444724	0
10	73467620	73454411	0
10	73467679	73454411	0
10	73470782	73466957	1
10	73470782	73467552	1
10	73500839	73497537	1
10	73500839	73498294	2
10	73500839	73498366	1
10	73504912	73505277	9
10	73504991	73500654	0
10	73505197	73500654	0
10	73505427	73500654	1
10	73505427	73504849	4
10	73517748	73504849	0
10	73517748	73505307	0
10	73517748	73505322	0
10	73518865	73519607	0
10	73519993	73516374	0
10	73521028	73516374	0
10	73521028	73518721	0
10	73521028	73519796	0
10	73523751	73516374	0
10	73529912	73526646	0
10	73530412	73529540	3
10	73530524	73529679	0
10	73536438	73530142	0
10	73536438	73530703	0
10	73536438	73534599	0
10	73539594	73536200	0
10	73539594	73536268	0
10	73541522	73539443	0
10	73541703	73541374	0
10	73541739	73541374	0
10	73541893	73541428	0
10	73542886	73541632	0
10	73543132	73542802	0
10	73543132	73542834	0
10	73545673	73539537	0
10	73545673	73543017	0
10	73545673	73543045	0
10	73571514	73545537	0
10	73575659	73571420	0
10	73575676	73571420	0
10	73576338	73575511	4
10	73576362	73575511	4
10	73591339	73575511	0
10	73591343	73575511	0
10	73591541	73575809	0
10	73606469	73576135	0
10	73611627	73576204	0
10	73625651	73575511	0
10	73634066	73631653	0
10	73651030	73644880	0
10	73653654	73644880	0
10	73654281	73653138	0
10	73654281	73653358	0
10	73656073	73654128	0
10	73663804	73654128	0
10	73676771	73674284	2
10	73676771	73674286	2
10	73676771	73674294	2
10	73676771	73674377	5
10	7367890	7284181	0
10	7367890	7285865	0
10	7367890	7348141	0
10	73680107	73676718	0
10	73680107	73676719	0
10	73705079	73697532	1
10	73705079	73699150	4
10	73705079	73703734	1
10	73713333	73704985	1
10	73713510	73704985	1
10	73713582	73704896	1
10	73718166	73704985	0
10	73718166	73713197	3
10	73718166	73713203	3
10	73718166	73715842	2
10	73719300	73717114	2
10	73769486	73769614	4
10	73769734	73769835	0
10	73770016	73770279	2
10	73770472	73770708	15
10	73770799	73770954	4
10	73782442	73783073	10
10	73792491	73792589	31
10	73794331	73794540	10
10	73794331	73794555	10
10	73797015	73797112	8
10	73797272	73797376	5
10	73798060	73796513	16
10	73798060	73797128	22
10	73798089	73796513	11
10	73799159	73799376	41
10	73800560	73796513	6
10	73800760	73801016	6
10	73800760	73801084	6
10	73801400	73800502	6
10	73802777	73797821	7
10	73802777	73800502	6
10	73802777	73801910	9
10	73803078	73802673	0
10	73803082	73801339	2
10	73803082	73802595	0
10	73803082	73802673	0
10	73803082	73802714	0
10	73807196	73806656	2
10	73807525	73806875	2
10	73808389	73807107	17
10	73808730	73807107	16
10	73808732	73807107	16
10	73809077	73808466	0
10	73810904	73807383	0
10	73811585	73810798	1
10	73811652	73810798	0
10	73811799	73810683	1
10	73813654	73814428	45
10	73815248	73812500	10
10	73815248	73814261	10
10	73815248	73814287	7
10	73815248	73814299	7
10	73815248	73814415	6
10	73817118	73815002	4
10	73817118	73815200	6
10	73817555	73817022	0
10	73817783	73815866	1
10	73837512	73824039	0
10	73837512	73825278	0
10	73837512	73825320	0
10	73837512	73828088	0
10	73839602	73837467	0
10	73842212	73837013	0
10	73842212	73837467	0
10	73847348	73842457	0
10	73848013	73847224	0
10	73848019	73847224	0
10	73848083	73847224	0
10	73910750	73911524	0
10	73911219	73911524	0
10	73911613	73912040	0
10	73912285	73909968	0
10	73912285	73909977	0
10	73913076	73912199	0
10	73916642	73913042	0
10	73916643	73913042	0
10	73922778	73916518	0
10	74124525	74120254	47
10	74124525	74122963	4
10	74129242	74126147	0
10	74129993	74129107	0
10	74130005	74128877	0
10	74138383	74136631	0
10	74138932	74138106	0
10	74150758	74138255	0
10	74151064	74138106	0
10	74508416	74506080	0
10	74509510	74508371	0
10	74516902	74509352	0
10	74527993	74509391	0
10	74527993	74516722	0
10	74529319	74527765	1
10	74529356	74527765	1
10	74530554	74527765	0
10	7467527	7445557	0
10	74969776	74970019	0
10	74975455	74977315	2
10	74975782	74977315	1
10	74976331	74977315	0
10	74981929	74985079	0
10	75021286	75021880	0
10	75024252	75023474	2
10	75025175	75003054	0
10	75044018	75037835	0
10	75058515	75043796	0
10	75095796	75094431	0
10	75095796	75094432	0
10	75095796	75094433	0
10	75095796	75094435	0
10	75095796	75094438	0
10	75095796	75094440	0
10	75095796	75094625	0
10	75095796	75094663	0
10	75095796	75094675	0
10	75097885	75095727	0
10	75097886	75095574	0
10	75097886	75095722	0
10	75099121	75097711	0
10	75099507	75097711	0
10	75099528	75097711	0
10	75101962	75097711	0
10	75104098	75101866	0
10	75104098	75101943	0
10	75105869	75101866	0
10	75108210	75097742	0
10	75109100	75101866	0
10	75109186	75101866	0
10	75109192	75097711	0
10	75176217	75176387	0
10	75219216	75219303	15
10	75234744	75233968	15
10	75234744	75233970	15
10	75234744	75233977	15
10	75234744	75233983	18
10	75234993	75234425	14
10	75234993	75234609	13
10	75235179	75234609	18
10	75235337	75235059	19
10	75235373	75235059	17
10	75235513	75235059	34
10	75235731	75234937	17
10	75235744	75235266	26
10	75235937	75234937	9
10	75236031	75235314	7
10	75280121	75279725	0
10	75280121	75279730	0
10	75358708	75358938	0
10	75401247	75283272	0
10	75401907	75397829	9
10	75431589	75430570	0
10	7566408	7559269	0
10	7566408	7562423	0
10	7569785	7566029	0
10	7569785	7566036	0
10	7570401	7569667	0
10	7573196	7569161	0
10	7573196	7569667	0
10	7573196	7571404	0
10	7576598	7573141	0
10	7577013	7572771	0
10	7577013	7573141	0
10	7578705	7576452	0
10	7580065	7576452	0
10	7580065	7576891	0
10	76438776	76437407	0
10	76560995	76558349	0
10	76885018	76876618	0
10	76885018	76877222	0
10	76885018	76877245	0
10	76885018	76877249	0
10	76885018	76877419	0
10	76885018	76877521	0
10	76885018	76877686	0
10	76885018	76877724	0
10	76885018	76877725	0
10	76885018	76877738	0
10	76887378	76884988	5
10	76887516	76869600	0
10	76887516	76869601	0
10	76887516	76872903	0
10	76887516	76876645	0
10	76887516	76877166	0
10	76887516	76877167	0
10	76887516	76877245	0
10	76887516	76877597	0
10	76887516	76877599	0
10	76887516	76877600	0
10	76887516	76877610	0
10	76887516	76877619	0
10	76887516	76877724	0
10	76887516	76877760	0
10	76887516	76877822	0
10	76887516	76877868	0
10	76887516	76884115	8
10	76887516	76884923	7
10	76887516	76884933	7
10	76887516	76884988	5
10	76887911	76887290	0
10	76887938	76887290	0
10	76889570	76884868	0
10	76889570	76884876	0
10	76889570	76884877	0
10	76889570	76884988	0
10	76889570	76885203	0
10	76889570	76885239	0
10	76889570	76885259	0
10	76889570	76885261	0
10	76889570	76885264	0
10	76889570	76885288	0
10	76889570	76885405	0
10	76889570	76887068	0
10	76889570	76887234	0
10	76889570	76887260	0
10	76889570	76887265	0
10	76889570	76887290	0
10	76889570	76887341	0
10	76889570	76887343	0
10	76889570	76887411	0
10	76891720	76887341	0
10	76891720	76889450	0
10	76902023	76904726	0
10	76910097	76891524	0
10	76910097	76901299	0
10	76915050	76891524	0
10	76949367	76944772	0
10	76952160	76949141	0
10	76953925	76949141	0
10	76953925	76949161	0
10	76970068	76953800	0
10	76971000	76953800	0
10	76973203	76969973	0
10	76974574	76969973	0
10	76977639	76974486	0
10	77001581	76969973	0
10	77008194	76969973	0
10	77008194	76970036	0
10	77008194	76974486	0
10	77012044	76969973	0
10	77012044	76970027	0
10	77012044	76973992	0
10	77012044	76974486	0
10	77012044	76977542	0
10	77012044	76995286	0
10	77012044	77001406	0
10	77012044	77008184	0
10	77012558	77011966	0
10	77019024	77011966	0
10	77019064	77011966	0
10	77019100	77011966	0
10	77019100	77011993	0
10	77019100	77012026	0
10	77019100	77012197	0
10	77019100	77012198	0
10	77019100	77012518	0
10	77021107	76969973	0
10	77027892	76969973	0
10	77039539	77027822	0
10	77039638	77027822	0
10	77039638	77039122	0
10	77073253	77039527	0
10	77073253	77063673	0
10	77073253	77071225	0
10	77078073	77073096	0
10	77079551	77039527	0
10	77079551	77073096	0
10	77079551	77073235	0
10	77090511	77039527	0
10	77183480	77120972	0
10	77183533	77120972	0
10	77184876	77183420	0
10	77184917	77183420	0
10	77184917	77183472	0
10	77184917	77183476	0
10	77249680	77184822	0
10	77251257	77120972	0
10	77251257	77184822	0
10	77251257	77217482	0
10	77251257	77249564	2
10	77304555	77251194	0
10	77309619	77249529	0
10	77309622	77251194	0
10	77309644	77251194	0
10	77350762	77251194	0
10	77350762	77304386	0
10	77403914	77251194	2
10	77403985	77251194	2
10	77404022	77251194	0
10	77404024	77249430	0
10	77404024	77251194	0
10	77404026	77251194	0
10	77493930	77403861	0
10	7754070	7753224	4
10	77586459	77403861	0
10	77587872	77586316	0
10	7759991	7750961	0
10	7759991	7753951	0
10	7759991	7755813	0
10	7759991	7755834	0
10	7762557	7759889	0
10	7762557	7761232	0
10	77637336	77403861	1
10	77637448	77251194	0
10	77637448	77403861	1
10	77637454	77403861	1
10	77637463	77403861	1
10	77637484	77587783	0
10	77637495	77403861	1
10	77637564	77403861	1
10	77637569	77403861	1
10	77637599	77403861	1
10	77637643	77251194	0
10	77637643	77403861	1
10	77637723	77403861	1
10	77637726	77636198	16
10	77637732	77403861	1
10	77637739	77403861	1
10	77637759	77403861	1
10	77637761	77493797	0
10	77637767	77403861	1
10	77637776	77403861	1
10	77637790	77636198	16
10	77637807	77403861	1
10	77637820	77403861	1
10	77637822	77634109	12
10	77637903	77403861	0
10	77637948	77403861	1
10	77637994	77403861	1
10	77638116	77403861	1
10	77638370	77403861	0
10	77794118	77790790	1
10	77794118	77791900	4
10	77794959	77793543	0
10	77794959	77794007	0
10	77796189	77794848	2
10	77796595	77796060	0
10	77806929	77796450	0
10	77806929	77805664	0
10	77806929	77806104	0
10	77807937	77806757	0
10	77807945	77806757	0
10	77807978	77806795	0
10	77809731	77806757	0
10	77816702	77812214	0
10	77816702	77816032	0
10	77822102	77817776	1
10	77822102	77819894	4
10	77824477	77819320	0
10	77824477	77819894	1
10	77824477	77821081	0
10	77824731	77821781	0
10	77869192	77830740	0
10	77869198	77856729	0
10	77889508	77869128	0
10	77926527	77869128	0
10	77980274	77969250	2
10	77980274	77975148	8
10	77991168	77986072	0
10	77993368	77991053	0
10	77993368	77991108	0
10	78002309	78000975	0
10	78004889	77993196	0
10	78004889	78002196	0
10	78013791	78010470	0
10	78017717	78013085	0
10	78017717	78013649	0
10	78037305	78037438	155
10	78037442	78037964	155
10	78037442	78040203	135
10	78037983	78040203	147
10	78037994	78040203	147
10	78040226	78040614	116
10	78549784	78538390	0
10	78551720	78549699	0
10	78697023	78696061	0
10	78945990	78943327	0
10	79003804	79000483	0
10	79048933	78962823	0
10	79048933	79044147	0
10	79293654	79296470	0
10	79394441	79382324	1
10	79394441	79386036	6
10	79432759	79394275	0
10	79506282	79504072	0
10	79510561	79507693	0
10	79510591	79507596	0
10	79510697	79507602	0
10	79510923	79510528	0
10	79510983	79510658	0
10	79558130	79555851	0
10	79558130	79557186	0
10	79558130	79557481	0
10	79559006	79558051	0
10	79559507	79558885	0
10	79559731	79559413	0
10	79559835	79558884	0
10	79559999	79559311	0
10	79560164	79559311	0
10	79560387	79559311	0
10	79583410	79582297	0
10	79611642	79611802	0
10	79630935	79628756	0
10	79632187	79630754	0
10	79632189	79630835	0
10	79665595	79663087	0
10	79668453	79665496	0
10	79724013	79716444	10
10	79766325	79667996	0
10	79766325	79668385	0
10	79766325	79691501	0
10	79766325	79723914	0
10	79786444	79762709	0
10	79804528	79766052	0
10	79804528	79766270	0
10	79804528	79766289	0
10	79804528	79797833	0
10	79806123	79804056	0
10	79806123	79804484	0
10	79808833	79804484	0
10	79814655	79804056	0
10	79814717	79804484	0
10	79826300	79814612	0
10	79826354	79814612	0
10	79826405	79814612	0
10	79826485	79814612	0
10	79826517	79814612	0
10	79826595	79814612	0
10	79849488	79849820	0
10	79871107	79870374	0
10	79920522	79920951	7
10	79940789	79937739	0
10	79941515	79940704	0
10	79942071	79941397	0
10	79942071	79941448	0
10	79982615	79946460	0
10	80053587	80046859	0
10	80053587	80047706	0
10	80053587	80047721	0
10	80056127	80053395	0
10	80060934	80053395	0
10	80156499	80155639	7
10	80157764	80150888	7
10	80157764	80155123	9
10	80158019	80155587	7
10	80166985	80166083	1
10	80167314	80166398	0
10	80167314	80166889	0
10	80169088	80167225	0
10	80169359	80167225	0
10	80170916	80168968	0
10	80170916	80169079	0
10	80172870	80170799	0
10	80172872	80171612	0
10	80173022	80170799	0
10	80176156	80172806	0
10	80176156	80172833	0
10	80181137	80176106	0
10	80181456	80176106	0
10	80195833	80181101	0
10	80205523	80180940	0
10	80205573	80172806	0
10	80205573	80176106	0
10	80205573	80180940	0
10	80272581	80272057	0
10	80273884	80272439	0
10	80274654	80271819	0
10	80274654	80273580	0
10	80276595	80275016	0
10	80280317	80276375	0
10	80280317	80276519	0
10	80338572	80336104	0
10	80338572	80336107	0
10	80338572	80336128	0
10	80339154	80338466	0
10	80339154	80338512	0
10	80352003	80342268	0
10	80352611	80351900	0
10	80352611	80351909	0
10	80352728	80351900	0
10	80354459	80352454	0
10	80354484	80352454	0
10	8051579	8050475	0
10	8052496	8050475	0
10	8052496	8051248	0
10	8052496	8051273	0
10	8053257	8052241	0
10	8053450	8052242	0
10	8053485	8050449	0
10	80535943	80529596	0
10	80751232	80749631	0
10	80778089	80776164	0
10	813214	806913	10
10	814851	806913	5
10	814851	809541	4
10	814851	811805	3
10	814851	812505	2
10	814851	812920	1
10	815011	814741	1
10	815071	814441	2
10	815071	814636	2
10	815071	814741	2
10	815716	814761	0
10	82210346	82207619	0
10	82225526	82224212	0
10	82229180	82225398	0
10	82230366	82228984	0
10	82232578	82230210	0
10	82232619	82230129	0
10	82232920	82232479	0
10	82232921	82232249	0
10	8260805	8259330	0
10	8260951	8259330	0
10	82861	80393	0
10	83314476	83311627	0
10	83673240	83672405	0
10	83912923	83911653	0
10	84172094	84167227	0
10	84219093	84219343	0
10	84222858	84220494	0
10	84225115	84220497	0
10	84234379	84231592	0
10	84247748	84248864	0
10	84247748	84248909	0
10	84247748	84248921	0
10	84288781	84288974	0
10	84455244	84454678	0
10	85196934	85193420	0
10	85432516	85431942	0
10	85605499	85606182	0
10	85613134	85601992	0
10	85613648	85599554	0
10	85613648	85601993	0
10	85647398	85613406	0
10	85647398	85619866	0
10	85723142	85647201	0
10	86139025	85916185	0
10	86364097	86206363	0
10	863884	844976	0
10	864271	863742	0
10	864271	863778	0
10	86438016	86435255	50
10	86438016	86435256	50
10	86438016	86437009	3
10	86467507	86461175	0
10	86471104	86467052	0
10	86471104	86467278	0
10	86497320	86473877	0
10	86855517	86854695	0
10	86924642	86929296	29
10	86924642	86929299	30
10	86924642	86930300	2
10	86944129	86935539	0
10	86944436	86942316	0
10	86944436	86943820	0
10	86944436	86943871	0
10	86944572	86943870	0
10	86945269	86944261	0
10	86945269	86944363	0
10	86945477	86945187	0
10	86945477	86945221	0
10	86945690	86945369	0
10	86945812	86945369	0
10	86954259	86945560	0
10	86957572	86945560	0
10	86957586	86945480	0
10	86957864	86945560	0
10	86969122	86965739	7
10	86969179	86965738	7
10	86969313	86945369	0
10	86969375	86965740	10
10	86969482	86945560	0
10	86970263	86970475	4
10	86970827	86970236	2
10	86971312	86967768	4
10	86971312	86969041	4
10	86999592	87000318	0
10	87000435	87001635	0
10	870084	864122	0
10	870084	864153	0
10	87015783	87009784	0
10	87053405	87050485	3
10	87057783	87053341	0
10	87059274	87057690	0
10	87059274	87057717	0
10	87060826	87060160	2
10	87061053	87060460	2
10	87061053	87060687	4
10	87062836	87060914	0
10	87062836	87060952	0
10	87216174	87214135	2
10	87246213	87203874	1
10	87246213	87235626	6
10	87246213	87238666	12
10	87246213	87244131	27
10	87288496	87246114	0
10	87308061	87288441	0
10	87308585	87286897	1
10	87324166	87320552	1
10	87326673	87287956	0
10	87326673	87288441	1
10	87326673	87307956	2
10	87326673	87319855	2
10	87326673	87324091	1
10	87326673	87325043	1
10	87326675	87288441	1
10	87336809	87326629	1
10	87336830	87334039	1
10	87336875	87326629	0
10	87336890	87326629	0
10	87336890	87330891	1
10	87365806	87366138	2
10	87387417	87386684	0
10	87398201	87397022	0
10	87398201	87397061	0
10	87424793	87398046	0
10	87606025	87591606	0
10	87612080	87610162	0
10	87660004	87622318	0
10	87756923	87751511	7
10	87756923	87753116	7
10	87784671	87776320	0
10	87790431	87784469	0
10	87790431	87784551	0
10	87841344	87814437	0
10	88049824	88048134	0
10	88314642	88273863	0
10	88314642	88284958	0
10	88362726	88314465	0
10	88362726	88314512	0
10	884507	864122	0
10	884507	864240	0
10	88573062	88362551	0
10	88581710	88362551	0
10	88581710	88572902	0
10	88581710	88572903	0
10	88583331	88572902	0
10	88586846	88587265	0
10	88591499	88593945	0
10	88823379	88822131	0
10	88823516	88822800	0
10	88938243	88935073	0
10	88939563	88940211	0
10	88939699	88938060	0
10	88939809	88940086	0
10	88941391	88939506	0
10	88941870	88941000	1
10	88941870	88941228	0
10	88943908	88941784	3
10	88947387	88943796	0
10	88948954	88946819	0
10	88948954	88947257	0
10	88952748	88948801	0
10	88952774	88948241	0
10	88952774	88948801	0
10	88991289	88948801	0
10	88991340	88948801	0
10	89010601	89010752	0
10	89216010	89213568	0
10	89216010	89213574	0
10	89222583	89215937	0
10	89223831	89222510	0
10	89223831	89222532	0
10	89225229	89223683	0
10	89227005	89225091	0
10	89227005	89225108	0
10	89293669	89277923	0
10	89293669	89291990	0
10	89307373	89307375	2
10	89314660	89293571	0
10	89338289	89335335	0
10	89342611	89293571	0
10	89342660	89338194	0
10	89342675	89314542	0
10	89342705	89247537	0
10	89412923	89228199	0
10	89436320	89430298	0
10	89462625	89443755	0
10	89534641	89462378	0
10	89555982	89462502	0
10	89588778	89579496	1
10	89588778	89582987	1
10	89593321	89588651	0
10	89599506	89593196	0
10	89599506	89593812	0
10	89611909	89599161	0
10	89612049	89599251	0
10	89626250	89625694	2
10	89643875	89611695	0
10	89643888	89611695	0
10	89645573	89611695	0
10	89650823	89646288	0
10	89692608	89667180	0
10	89697929	89694294	0
10	89699672	89692528	1
10	89956004	89915488	0
10	90403040	90402520	0
10	90527440	90451679	0
10	90743691	90740822	1
10	90749595	90740822	0
10	90857699	90740822	0
10	90894892	90895453	6
10	90915642	90912095	0
10	91484346	91484506	1
10	91485304	91487681	3
10	91633055	91628441	0
10	91798197	91782935	0
10	91798292	91782838	0
10	91908250	91908896	15
10	91909484	91906588	4
10	92081502	92046691	0
10	92081502	92048641	0
10	92081502	92049630	0
10	92143119	92111075	0
10	92240362	92180962	0
10	92240362	92192476	0
10	92240362	92192545	0
10	92291088	92239345	0
10	92455644	92451683	10
10	92455644	92454268	0
10	92474962	92470253	0
10	92475995	92474471	0
10	92475995	92474840	0
10	92478790	92475883	0
10	92478790	92475944	0
10	92479422	92475883	0
10	92479736	92475971	1
10	92480917	92479276	2
10	92483338	92475883	1
10	92483338	92478644	1
10	92483338	92479276	0
10	92483338	92480556	1
10	92483338	92480792	2
10	92510163	92508727	0
10	92515043	92510049	0
10	92515043	92510132	0
10	92692100	92692367	7
10	93060427	93059662	0
10	93075070	93075148	0
10	93208159	93206856	0
10	93310168	93306428	0
10	93310168	93306429	0
10	93323174	93319871	3
10	93323359	93323077	0
10	93323676	93323117	7
10	93325966	93323077	6
10	93325966	93323269	4
10	93325966	93324269	9
10	93337914	93335920	4
10	93340165	93337814	0
10	93340250	93337527	2
10	93397291	93396141	0
10	93397457	93397184	0
10	93397457	93397246	0
10	93426159	93409572	1
10	93431517	93425740	0
10	93431517	93426070	0
10	93594036	93591686	0
10	93594036	93591836	0
10	93594036	93591888	0
10	93670849	93667882	3
10	93670849	93669678	2
10	93671905	93670769	4
10	93673032	93670774	7
10	93675305	93669623	3
10	93676692	93670769	3
10	93684099	93681479	0
10	93685360	93684055	0
10	93685464	93684054	0
10	93687450	93685245	0
10	93687942	93685252	3
10	93776028	93772680	0
10	93777026	93775957	0
10	93788606	93776952	0
10	93788875	93790098	0
10	93790171	93791687	0
10	93790171	93792742	0
10	93790234	93792742	0
10	93791740	93792742	0
10	93792913	93793185	0
10	94088202	94081949	0
10	94104458	94096758	0
10	94104458	94100495	0
10	94104458	94104125	0
10	94104476	94099647	0
10	94106160	94104431	0
10	94106160	94105574	0
10	94106160	94105576	0
10	94106195	94104431	0
10	94107871	94104337	0
10	94107871	94104431	0
10	94107871	94105574	0
10	94107871	94106020	0
10	94107871	94107066	0
10	94107873	94104337	0
10	94108392	94107731	0
10	94108476	94107592	0
10	94108537	94107731	0
10	94108681	94107710	0
10	94108750	94107710	0
10	94108781	94107731	0
10	94108786	94104337	0
10	94108786	94107731	0
10	94108789	94107731	0
10	94108815	94107731	0
10	94227289	94225159	0
10	94280630	94279304	0
10	94283487	94279276	0
10	94283487	94280011	0
10	94283487	94280593	0
10	94286988	94283386	0
10	94287048	94283386	0
10	94287071	94283386	0
10	94287479	94283160	0
10	94325105	94325202	7
10	94334719	94333225	14
10	94346557	94344852	0
10	94349379	94346424	0
10	94349379	94346475	0
10	94361873	94357173	5
10	94361873	94358082	6
10	94361873	94361323	13
10	94534456	94535626	13
10	94592313	94592394	0
10	94596957	94597034	1
10	94647997	94646363	0
10	94866340	94865851	0
10	95007557	95007125	0
10	95039039	95036771	0
10	95039039	95036772	0
10	95039039	95036777	0
10	95039039	95036801	0
10	95039039	95036983	0
10	95039376	95037181	0
10	95040961	95038896	0
10	95040961	95038958	0
10	95043078	95038896	0
10	95043078	95040921	0
10	95043078	95040927	0
10	95142698	95141924	0
10	95231145	95228242	0
10	95238686	95237571	0
10	95238686	95238009	0
10	95238849	95237939	0
10	95247367	95238567	0
10	95247621	95238633	1
10	95264064	95247214	0
10	95268863	95263863	0
10	95268863	95263875	0
10	95318433	95311770	0
10	95318433	95311772	0
10	95318433	95311773	0
10	95318433	95314734	0
10	95318433	95314736	0
10	95318433	95315024	0
10	95318433	95315058	0
10	95341679	95341284	0
10	95346453	95341563	0
10	95346453	95341583	0
10	95346453	95341673	0
10	95381800	95367649	0
10	95381800	95375972	0
10	95384109	95381684	0
10	95384115	95381412	0
10	95384115	95381684	0
10	95384286	95383984	0
10	95384286	95384050	0
10	95399190	95397219	0
10	95406148	95399016	0
10	95410778	95399016	0
10	95414863	95410632	0
10	95416186	95410632	0
10	95416186	95414493	0
10	95422074	95410632	0
10	95422074	95414493	0
10	95422074	95414743	0
10	95491121	95441125	0
10	95493186	95490736	0
10	95561356	95491034	0
10	95561374	95491034	0
10	95561379	95491034	0
10	95561415	95491034	0
10	95610293	95605928	2
10	95610293	95605944	3
10	95611443	95610196	0
10	95613864	95611255	0
10	95625456	95621030	0
10	95626777	95625361	0
10	95626777	95625429	0
10	95637198	95632958	1
10	95637198	95633490	0
10	95637198	95633496	0
10	95637437	95637092	1
10	95680610	95663395	0
10	95680610	95663400	0
10	95680610	95663695	0
10	95683630	95683100	3
10	95684625	95683260	0
10	95684625	95683521	0
10	95686531	95683521	3
10	95687160	95686494	0
10	95687356	95687043	0
10	95693039	95687043	0
10	95693039	95687081	2
10	95693039	95687591	6
10	95693477	95692863	0
10	95693477	95692919	0
10	95693956	95692919	1
10	95785246	95753205	0
10	95839468	95839690	0
10	95845597	95846082	0
10	95847486	95785025	0
10	95876661	95847391	0
10	95876661	95861312	8
10	95876661	95875083	12
10	95876661	95875281	10
10	95876661	95875387	12
10	95876661	95875525	10
10	95904936	95876517	0
10	95904939	95876517	0
10	95904939	95897557	4
10	95907776	95904829	0
10	95907864	95904829	0
10	95907883	95904829	0
10	95907884	95904655	0
10	95938190	95938568	1
10	95950529	95904829	0
10	96019338	96019701	0
10	96022715	96021277	0
10	96027346	96018719	0
10	96042846	96022543	0
10	96089308	95876517	0
10	96089308	95918937	0
10	96089308	95950457	0
10	96089308	96027206	0
10	96089308	96042477	0
10	96090156	96089265	0
10	96090199	96089265	0
10	96090200	96088908	0
10	96090213	96089265	0
10	96090215	96089265	0
10	96090226	96089265	0
10	96090239	96089265	0
10	96155399	96155923	4
10	96197064	96191701	0
10	96200159	96191706	0
10	96200159	96196907	0
10	96201059	96199965	0
10	96201059	96200074	0
10	96204089	96200981	0
10	96204617	96204056	0
10	96204855	96204056	0
10	96207054	96204531	0
10	96207054	96204596	0
10	96216735	96209837	0
10	96216735	96215320	0
10	96223990	96215848	0
10	96223990	96216652	0
10	96227567	96209837	0
10	96227567	96215320	0
10	96227567	96216652	0
10	96242785	96230793	0
10	96242785	96238887	0
10	96294968	96292684	0
10	96348346	96343215	0
10	96348346	96343221	0
10	96370316	96364605	0
10	96373810	96370064	0
10	96375362	96373112	0
10	96376820	96373595	0
10	96395383	96386952	0
10	96396021	96395186	0
10	96396021	96395192	0
10	96527290	96518108	0
10	96527290	96518120	0
10	96527290	96522276	1
10	96544207	96533050	0
10	96547990	96543600	0
10	96547990	96544075	0
10	96551412	96547894	0
10	96552944	96551244	0
10	96553060	96551244	0
10	96553060	96551310	0
10	96559737	96552927	0
10	96559737	96553023	0
10	96562139	96559658	1
10	96576830	96565303	0
10	96577543	96576633	0
10	96586595	96576633	0
10	96586760	96576344	0
10	96587053	96576633	0
10	96587453	96576633	0
10	96602399	96593311	0
10	96602399	96594494	0
10	96602399	96595207	0
10	96602399	96595564	0
10	96604050	96602279	0
10	96609868	96603739	0
10	96609868	96603978	0
10	96620412	96616638	0
10	96620558	96616638	0
10	96623538	96620351	0
10	96628494	96626707	0
10	96633242	96628397	0
10	96645663	96628397	0
10	96955835	96958411	20
10	96998481	96998119	0
10	96998806	96998347	0
10	96999667	96998569	0
10	97002370	96998037	0
10	97002370	97001112	0
10	97037767	97034470	0
10	97040121	97037697	0
10	97059532	97057209	0
10	97059532	97057741	0
10	97059562	97057209	0
10	97060159	97057209	0
10	97066087	97064804	0
10	97066087	97065512	0
10	97157890	97066014	0
10	97157890	97153045	0
10	97157890	97157333	0
10	97229226	97164818	0
10	97229226	97222172	1
10	97229226	97222175	1
10	97229226	97222179	1
10	97229226	97225308	2
10	97259629	97246271	0
10	97259629	97256317	0
10	97259629	97258659	0
10	97263630	97259401	0
10	97263630	97259429	0
10	97266126	97264825	0
10	97270665	97265859	0
10	97292624	97265859	0
10	97292636	97266078	0
10	97292638	97265379	0
10	97292638	97265859	0
10	97292657	97265859	0
10	97292674	97265859	0
10	97309959	97309137	0
10	97321235	97321684	10
10	97358620	97356357	0
10	97358620	97356700	1
10	97358620	97356701	1
10	97359011	97357105	1
10	97366234	97363853	1
10	97366561	97365889	3
10	97366622	97366107	0
10	97373201	97372735	4
10	97373594	97373045	0
10	97373738	97373045	0
10	97373738	97373060	3
10	97388380	97385894	0
10	97388517	97387996	0
10	97388625	97388251	0
10	97393761	97390738	0
10	97396302	97388488	0
10	97396302	97390422	0
10	97396302	97393683	0
10	97400535	97396217	0
10	97401284	97400304	1
10	97401369	97400304	1
10	97401369	97400480	1
10	97401371	97400304	1
10	97401535	97400304	1
10	97409582	97401133	0
10	97424894	97401092	0
10	97424894	97418792	2
10	97425740	97423887	1
10	97426075	97401092	0
10	97426075	97409661	0
10	97437276	97436141	3
10	97437276	97436243	6
10	97437276	97436247	6
10	97437276	97436405	7
10	97437276	97436539	5
10	97437751	97437190	9
10	97437751	97437259	9
10	97438704	97436332	5
10	97438704	97436395	8
10	97438704	97437190	4
10	97441260	97437699	7
10	97441260	97438662	7
10	97441260	97438669	7
10	97443312	97437699	7
10	97443312	97440763	4
10	97443312	97441170	4
10	97444878	97444221	10
10	97445607	97443236	5
10	97445834	97444753	5
10	97445848	97441170	8
10	97445848	97443236	6
10	97445848	97445452	3
10	97445851	97443236	6
10	97445911	97443236	7
10	97445974	97445731	3
10	97445986	97445731	3
10	97445989	97445731	3
10	97445994	97445731	3
10	97446007	97443786	7
10	97446007	97445731	3
10	97446018	97445731	3
10	97458901	97458323	5
10	97458901	97458325	5
10	97460233	97459658	10
10	97460320	97459222	18
10	97460752	97460045	16
10	97460752	97460072	16
10	97461623	97460906	8
10	97461897	97460906	7
10	97461897	97461495	8
10	97462120	97461495	7
10	97462120	97461588	6
10	97462120	97461827	6
10	97465955	97463857	0
10	97466157	97465804	1
10	97466160	97465804	1
10	97466160	97465864	1
10	97466586	97465804	5
10	97469105	97468251	6
10	97469724	97467504	4
10	97469724	97468965	4
10	97469724	97469094	4
10	97470141	97469645	4
10	97470204	97469645	3
10	97470204	97469652	3
10	97470204	97469672	3
10	97470835	97470128	2
10	97470862	97470128	2
10	97476745	97470128	2
10	97476745	97470774	0
10	97476745	97470830	0
10	97476920	97476728	21
10	97476964	97476682	22
10	97477405	97476834	23
10	97477417	97476682	17
10	97477417	97476834	20
10	97477930	97476834	3
10	97477930	97476916	3
10	97477930	97477346	2
10	9759238	9758782	0
10	97599217	97599679	0
10	97599815	97600066	0
10	97616788	97614552	8
10	97617323	97614552	0
10	97619684	97617207	0
10	97633481	97619586	0
10	97633492	97619409	0
10	97633501	97619586	0
10	97679916	97677423	2
10	97715071	97715859	213
10	97715406	97715728	245
10	97715406	97715859	233
10	97769746	97766750	0
10	97829722	97828477	0
10	97866376	97871065	2
10	97880393	97864999	0
10	97880393	97878396	0
10	97880393	97879628	0
10	97880393	97879650	0
10	97882829	97880248	0
10	97882829	97880345	0
10	97884243	97880248	0
10	97884352	97880248	0
10	9790789	9758782	0
10	98251177	98247689	1
10	98255740	98253552	10
10	98256948	98255576	7
10	98385068	98383564	0
10	98387308	98384946	1
10	98388085	98387200	1
10	98388509	98387200	5
10	98390755	98387200	1
10	98395294	98392941	1
10	98395453	98395195	1
10	98414835	98413947	2
10	98415159	98414166	3
10	98415185	98410938	1
10	98418258	98416197	10
10	98418258	98416198	10
10	98418258	98417014	6
10	98420159	98418174	0
10	98420370	98418151	0
10	98423669	98420044	1
10	98423669	98422368	0
10	98423888	98422368	0
10	98423888	98423598	3
10	98423888	98423602	3
10	98423888	98423607	4
10	98423888	98423616	6
10	98424375	98423752	6
10	98424375	98423879	2
10	98425986	98425540	0
10	98426104	98425540	2
10	98427265	98425540	1
10	98427265	98425817	4
10	98427265	98425905	5
10	98429643	98427214	0
10	98429890	98429150	3
10	98429890	98429572	4
10	98430671	98429155	2
10	98430671	98429572	1
10	98430671	98429790	1
10	98431283	98430570	1
10	98431292	98430570	1
10	98434092	98430570	2
10	98434092	98431130	6
10	98435415	98430570	4
10	98435415	98431130	4
10	98435415	98433939	6
10	98435415	98433982	5
10	98435773	98433982	8
10	98435773	98435085	2
10	98435773	98435271	2
10	98443241	98435634	0
10	98443241	98442387	10
10	98461820	98459573	0
10	98482783	98457076	0
10	98482783	98459117	0
10	98482783	98459316	0
10	988342	971145	0
10	99013953	99013102	0
10	99144400	98721656	0
10	99144400	98743882	0
10	99232506	98721656	0
10	99232506	99144237	0
10	99235803	99232347	0
10	99235803	99232348	0
10	99235863	99232347	0
10	99402723	99396869	6
10	99402723	99397464	5
10	99420806	99406725	0
10	99430625	99420266	0
10	99431266	99433545	4
10	99431570	99420623	1
10	99433632	99433739	1
10	99526695	99526349	0
10	99528122	99526622	0
10	99528685	99527805	0
10	99535438	99535525	0
10	99612600	99610521	10
10	99612600	99610985	10
10	99613925	99612542	13
10	99620148	99612542	6
10	99620170	99613468	11
10	99620365	99613695	7
10	99620610	99613695	5
10	996243	997207	11
10	99653906	99651594	0
10	99716462	99691605	12
10	99716462	99711843	22
10	99716462	99713514	12
10	99716647	99714651	8
10	99880362	99875576	5
10	99886633	99885686	1
10	99888954	99886299	0
10	99889496	99886403	6
10	99930997	99908952	0
10	99957206	99908952	0
10	99969238	99955213	0
