17	10036702	9946893	0
17	1007313	1003517	10
17	1007313	1003526	11
17	1007313	1005734	10
17	1007313	1005790	10
17	1007313	1005907	6
17	1007313	1006060	7
17	1007313	1006079	7
17	1007313	1006117	8
17	1009785	1007164	3
17	1009785	1007237	6
17	1010214	1007268	7
17	1010797	1009678	4
17	1010864	1009678	5
17	1010864	1009708	6
17	1010864	1009715	6
17	1010864	1009737	6
17	1011389	1010728	3
17	1011921	1010728	3
17	1011986	1005009	5
17	1011986	1010728	2
17	1011986	1010784	5
17	1011986	1011575	5
17	1012558	1011845	1
17	1012590	1010728	2
17	1012798	1011845	1
17	1012798	1011936	5
17	1012798	1012261	5
17	1012798	1012395	3
17	1012798	1012473	1
17	10301704	10300864	2
17	10301704	10300865	2
17	1031803	1013104	0
17	1031819	1013104	0
17	1031839	1013104	0
17	10319180	10315898	0
17	10344110	10340327	15
17	10391978	10390321	0
17	1039598	1013104	0
17	10406808	10406273	11
17	10444700	10443289	0
17	10494450	10492306	0
17	1050116	1013104	0
17	1050182	1013104	0
17	1050569	1050049	0
17	1050574	1049979	0
17	1050635	1050049	0
17	10523186	10521151	0
17	10523186	10521155	0
17	10535191	10533508	0
17	10535366	10535072	0
17	10536607	10521147	0
17	10536607	10521155	0
17	10537836	10537232	0
17	10539355	10537664	0
17	10543804	10543097	0
17	10544017	10543710	0
17	10544017	10543749	0
17	10544128	10543901	0
17	10544128	10544002	0
17	1056110	1050536	0
17	1057103	1050553	0
17	1057103	1055282	1
17	1057103	1056034	1
17	10629735	10628525	0
17	10629735	10628526	0
17	10629935	10628531	2
17	10648650	10647362	0
17	10649686	10648556	0
17	10649686	10648634	0
17	10652564	10651511	0
17	10655073	10652272	0
17	10655073	10652419	0
17	1067243	1050093	0
17	1067243	1058744	1
17	10686843	10672473	3
17	10686843	10679049	0
17	10686843	10680353	0
17	10692962	10691871	1
17	10695832	10691871	0
17	10695832	10692763	0
17	10695832	10692856	2
17	10695832	10692923	5
17	10695835	10692763	0
17	10697528	10695561	2
17	10697531	10695740	0
17	10697543	10695740	0
17	10697569	10695740	0
17	10698376	10695740	0
17	1069984	1067076	0
17	1070091	1067076	0
17	1070091	1067116	0
17	1070091	1067166	0
17	10723330	10699014	0
17	10723330	10713294	0
17	10723330	10714675	0
17	10723330	10715425	0
17	10723330	10715429	0
17	10725135	10715421	0
17	1072755	1069968	0
17	1072755	1070037	0
17	1073678	1072613	0
17	1073678	1072732	0
17	10746544	10745552	0
17	10768990	10768172	0
17	10769017	10741266	0
17	10797925	10795577	0
17	10803813	10794905	0
17	10804100	10794912	0
17	1083591	1079329	0
17	1083628	1079329	0
17	1083772	1079329	0
17	10838095	10803605	0
17	10838446	10822474	0
17	10861463	10860534	0
17	1091777	1083268	0
17	1091851	1083519	0
17	1091851	1083521	0
17	1100736	1091664	0
17	1100736	1091668	0
17	1100736	1091791	0
17	1100736	1091798	0
17	1109101	1100636	0
17	1115437	1100636	0
17	11242063	11197882	0
17	1125368	1091664	0
17	1125368	1100636	0
17	1125756	1100636	0
17	1126546	1125182	0
17	1154239	1125323	0
17	1154448	1153809	0
17	1154620	1153812	0
17	1154809	1153809	0
17	11611781	11612542	0
17	11611781	11612574	0
17	1178060	1125182	0
17	1179875	1125182	0
17	1187323	1125182	0
17	11875829	11874931	0
17	11977595	11953888	0
17	11983405	11977451	0
17	11983405	11978338	0
17	11983408	11977438	0
17	11983408	11977444	0
17	11984198	11978260	0
17	11992912	11990973	0
17	11992918	11990973	0
17	11993655	11992539	8
17	11995680	11992442	1
17	11997458	11992442	0
17	11997511	11992442	0
17	12002394	11998352	0
17	12021347	12010770	0
17	12021509	12009124	0
17	1229005	1125182	0
17	1229022	1228143	0
17	1229739	1125182	0
17	1254001	1241938	0
17	12704984	12671861	0
17	12760708	12763072	0
17	12790243	12760139	0
17	12955880	12955880	0
17	12984909	12987100	0
17	12990611	12990148	14
17	12993832	12992390	3
17	12993832	12992391	3
17	12993832	12992392	3
17	12993832	12992559	4
17	12993832	12992610	4
17	12994504	12993686	1
17	12994885	12994424	2
17	12995063	12994429	2
17	12995813	12994763	2
17	12995813	12994962	2
17	12995979	12995702	2
17	12996686	12995702	7
17	12998509	12995939	3
17	12998509	12996546	4
17	13000275	12998411	3
17	13000275	12998448	3
17	13000898	12998411	4
17	13002360	13000155	5
17	13002360	13000176	5
17	13002385	13000155	5
17	13002580	13000224	2
17	13003555	13002440	4
17	13003575	13002440	4
17	13003787	13002273	4
17	13004109	13002445	4
17	13005102	13002440	3
17	13005102	13003478	4
17	13005102	13003505	4
17	13005102	13003548	5
17	13005111	13003478	4
17	13005826	13003478	3
17	13005826	13004988	3
17	13005980	13005752	0
17	13005980	13005771	0
17	13006547	13005752	3
17	13011671	13010612	2
17	13011783	13010612	2
17	13013240	13011662	0
17	13013276	13005920	0
17	13013276	13010612	1
17	13013276	13010617	1
17	13013276	13011662	0
17	13013276	13011686	0
17	13013276	13011692	0
17	13013276	13011723	0
17	13299988	13299183	0
17	13299988	13299199	0
17	1348009	1345154	4
17	1354348	1344271	1
17	1354348	1344538	1
17	1354348	1344539	1
17	1354348	1345257	1
17	1354348	1347961	2
17	13556044	13496169	1
17	13601928	13495688	1
17	1362009	1354210	0
17	1362009	1361091	0
17	1365059	1345327	2
17	1365059	1354210	0
17	1365059	1361670	0
17	1365059	1361680	0
17	1365059	1361901	0
17	1365059	1361929	0
17	1369742	1364858	0
17	13790314	13776831	0
17	13792551	13776631	0
17	13880372	13756477	0
17	13880372	13777306	0
17	13933186	13932719	0
17	13958278	13957747	0
17	1399590	1398877	0
17	1400136	1399043	0
17	1400152	1369708	0
17	1400182	1344854	3
17	1400201	1364747	0
17	1400207	1364858	0
17	1400210	1364858	0
17	1400215	1364858	0
17	1400221	1369708	0
17	1400379	1364858	0
17	14034417	14029291	19
17	14069459	14033939	0
17	14069480	14033850	0
17	14069496	13898608	0
17	14236431	14235672	3
17	14297601	14295511	0
17	14345703	14348001	14
17	1437156	1420688	0
17	1437156	1422225	4
17	1437156	1423396	4
17	1467342	1464185	0
17	1467342	1464211	0
17	1467342	1464841	0
17	1467342	1465016	0
17	1467342	1465412	2
17	1467578	1467241	0
17	1467911	1467479	0
17	1467911	1467490	0
17	1468309	1467987	8
17	1468497	1468252	4
17	1468500	1467987	4
17	1469615	1468222	4
17	1469615	1468402	2
17	1470220	1469530	4
17	1470335	1468789	1
17	1470335	1469530	1
17	1470485	1470174	0
17	1470520	1470174	0
17	1470520	1470239	0
17	1470690	1470434	0
17	1470788	1470434	0
17	1471109	1470620	1
17	1471148	1470620	0
17	1471148	1470630	0
17	1471337	1471070	0
17	1471337	1471133	0
17	1477597	1474937	0
17	1477972	1477289	0
17	1477972	1477504	0
17	14780204	14767582	0
17	1478736	1478409	0
17	1479503	1478615	0
17	1479503	1478676	0
17	1479706	1479430	0
17	1480626	1479591	0
17	1480626	1479685	0
17	1480886	1480526	0
17	1481210	1480606	0
17	1482559	1480705	0
17	148270	142788	0
17	1483060	1482477	2
17	1483060	1482488	2
17	1483060	1482532	2
17	1483726	1482860	2
17	1483726	1482888	4
17	1496165	1494570	30
17	1496165	1494608	26
17	1496165	1494756	40
17	1496165	1495566	1
17	1496403	1496059	0
17	1496403	1496154	0
17	1496462	1495799	0
17	1496804	1496318	0
17	1498123	1496665	2
17	1498202	1496488	1
17	1507021	1497757	0
17	1507090	1497935	1
17	1507090	1498060	1
17	1507706	1498078	0
17	1508227	1506979	3
17	1508227	1507085	3
17	1508501	1506979	3
17	1509354	1508114	0
17	1509354	1508129	1
17	1509800	1506992	0
17	1509800	1508114	0
17	1509800	1508976	0
17	1509800	1509167	0
17	1509800	1509177	0
17	1509800	1509249	0
17	1509800	1509340	0
17	15106188	15105236	0
17	1513513	1509682	0
17	1513555	1509682	0
17	1513562	1509682	0
17	1513980	1509682	0
17	1513980	1509714	0
17	1513980	1510420	0
17	1516619	1509682	1
17	1516628	1497935	2
17	1521646	1517717	4
17	1521646	1517992	51
17	1521646	1520212	7
17	15232614	15230992	3
17	15235285	15229789	1
17	15235285	15229817	0
17	15239612	15229776	0
17	15239612	15229777	0
17	15239612	15230515	2
17	15239612	15231066	1
17	15239612	15232368	3
17	15239612	15235218	2
17	15239612	15235246	2
17	15259194	15239340	0
17	15259194	15239470	0
17	15260762	15259093	0
17	15260769	15258736	0
17	15260790	15259093	0
17	15262517	15260649	0
17	15262542	15260649	0
17	15262545	15260649	0
17	15262590	15260649	0
17	15265309	15260279	0
17	15265320	15239470	0
17	15265326	15260649	0
17	15265327	15259093	0
17	15265358	15260649	0
17	15272291	15267460	0
17	15277712	15276561	0
17	15307002	15303810	0
17	15308819	15303810	0
17	15308819	15303813	0
17	15308819	15303815	0
17	15308864	15303810	0
17	15312482	15308663	0
17	15312482	15310872	0
17	15314231	15312258	0
17	15314231	15312281	0
17	15314280	15312258	0
17	15328076	15314086	0
17	15328076	15319076	0
17	15331326	15327991	0
17	15331615	15327769	0
17	15331615	15327991	0
17	15331615	15331006	0
17	15331621	15327991	0
17	15338557	15331142	0
17	15340062	15331006	0
17	15340062	15331339	0
17	15340062	15331576	0
17	15341598	15331006	0
17	15341633	15331165	0
17	1534222	1521578	1
17	1535293	1534098	0
17	1535293	1534168	0
17	1535519	1535181	0
17	1535519	1535261	0
17	1535842	1535440	0
17	15382122	15379863	0
17	1538953	1535440	0
17	1538953	1535470	0
17	1538953	1535506	0
17	1538953	1535784	0
17	1541600	1538438	0
17	15416234	15381977	0
17	1541641	1538868	0
17	1541650	1541565	0
17	1543028	1541565	0
17	1543028	1541586	0
17	15440286	15436014	0
17	15440286	15436020	0
17	15440286	15438063	0
17	15440286	15438140	0
17	15440286	15438157	0
17	15452621	15437731	0
17	15453086	15440207	0
17	15475729	15437858	0
17	1548388	1538868	2
17	1548388	1541565	2
17	1548388	1541641	2
17	1548388	1543019	2
17	15503233	15437887	0
17	15503609	15440207	0
17	15516660	15506871	0
17	15540172	15538980	0
17	15540562	15503097	1
17	15540562	15536979	0
17	15540562	15536980	0
17	15540562	15537900	0
17	15540562	15538032	0
17	15545917	15440207	0
17	15545917	15502263	0
17	15545917	15516418	1
17	15545917	15540082	0
17	15545917	15540432	0
17	15545917	15540501	0
17	15569031	15565483	0
17	15593496	15568890	0
17	15593496	15588387	1
17	15593496	15588662	0
17	15593496	15588901	0
17	15594827	15593336	0
17	15594891	15571490	0
17	15594891	15593336	0
17	15596633	15594552	0
17	15596663	15588901	0
17	15596663	15593336	0
17	15596663	15594747	0
17	15605424	15598531	0
17	15607684	15605222	0
17	15607684	15605223	0
17	15629199	15623480	2
17	15629199	15627965	70
17	15631715	15627959	0
17	15631715	15627966	0
17	15631715	15627970	0
17	15631715	15628873	0
17	15631715	15629026	1
17	15631715	15629160	1
17	15632036	15628695	0
17	15632675	15631618	0
17	15632924	15631658	0
17	15636144	15632508	1
17	15636270	15628647	2
17	15636270	15631618	1
17	15636270	15632508	1
17	15636270	15632530	2
17	15636270	15632593	2
17	15636270	15632631	2
17	156378	149110	0
17	15642817	15636035	1
17	15642817	15636203	2
17	15642817	15636205	2
17	15642817	15636221	2
17	15642933	15636035	0
17	15642935	15636035	0
17	15642965	15636035	0
17	15643276	15642720	0
17	15651654	15642720	1
17	15651947	15642720	1
17	15658877	15642720	0
17	15658877	15651836	5
17	15658877	15654389	5
17	15677278	15642720	0
17	15677281	15642720	0
17	15677281	15651090	2
17	15677281	15658801	0
17	15677722	15642720	0
17	15677722	15677174	0
17	15677722	15677175	0
17	15677722	15677273	0
17	15680919	15677574	1
17	15680931	15658801	0
17	15680954	15642720	1
17	15680954	15642733	1
17	15680954	15654261	1
17	15680954	15658801	1
17	15680954	15677175	1
17	15680954	15677574	1
17	15680954	15677630	1
17	15681223	15680864	5
17	15682880	15680864	0
17	15682952	15680864	0
17	15682952	15681087	1
17	15682965	15680864	0
17	15683158	15680864	1
17	15683158	15681050	0
17	15683158	15682853	1
17	15683158	15682860	1
17	15683372	15682853	7
17	15683377	15680864	1
17	15684300	15680864	1
17	15699778	15700047	7
17	15699778	15700134	6
17	15699778	15700207	10
17	15700169	15700272	33
17	15717314	15719773	33
17	15733938	15734041	0
17	15734875	15734968	0
17	15735071	15735347	0
17	15735836	15735022	0
17	15737524	15737996	0
17	15738078	15738279	0
17	15738388	15738720	0
17	15740149	15740257	0
17	15741242	15741941	0
17	15743792	15736461	0
17	15743800	15738502	0
17	15749193	15740627	0
17	15763770	15761613	0
17	1576721	1569266	0
17	1576721	1574371	0
17	1576721	1575500	0
17	15771427	15768716	0
17	1578324	1576596	0
17	1578706	1576602	0
17	15788206	15787786	12
17	15816043	15806240	0
17	1583337	1578249	0
17	1583699	1578253	0
17	1586052	1583203	0
17	1586961	1585912	0
17	1590949	1585238	0
17	1590949	1585912	0
17	1590949	1586948	0
17	1591472	1590801	0
17	1591472	1590849	0
17	1591472	1590906	0
17	1591700	1591268	0
17	1591700	1591439	0
17	1593280	1591565	0
17	1593280	1591621	0
17	15977701	15976559	3
17	15977701	15977011	2
17	15977914	15976568	4
17	15977914	15977578	9
17	15978164	15976559	4
17	15978164	15977578	17
17	15978164	15977682	17
17	15978164	15977726	8
17	15978164	15977729	8
17	15978164	15977732	8
17	15978164	15977799	18
17	15980368	15978043	0
17	15981145	15976559	4
17	15981145	15977726	6
17	15981145	15977732	6
17	15981145	15977890	9
17	15981145	15977924	6
17	15981145	15978043	6
17	15981145	15978077	8
17	15986893	15977726	4
17	15987369	15977726	5
17	16000033	16000117	4
17	16024583	16025016	10
17	16026703	16027373	11
17	16034942	16030095	1
17	16034942	16031403	0
17	16034945	16029156	0
17	16034945	16031403	0
17	16034945	16031987	0
17	16034945	16032091	1
17	16034945	16032432	0
17	16034945	16032472	0
17	16039655	16031403	0
17	16039655	16034764	0
17	16040109	16034764	2
17	16040492	16039432	3
17	16040495	16039432	3
17	16040495	16039516	6
17	16040660	16039432	3
17	16047036	16040440	3
17	16047094	16040440	2
17	16047094	16040444	2
17	16048986	16046950	0
17	16048989	16040440	1
17	16048989	16046899	0
17	16048989	16046950	0
17	16048989	16046989	0
17	16049398	16046891	0
17	1604945	1603104	0
17	1605086	1593186	0
17	1605277	1593186	0
17	16057724	16048844	1
17	16057731	16048844	1
17	16057738	16048844	1
17	16057936	16056973	1
17	16058065	16057513	1
17	16058337	16057513	1
17	16061895	16058470	0
17	16062271	16058470	0
17	16062271	16061400	1
17	16062271	16061757	2
17	16062271	16061866	8
17	16086443	16080606	0
17	16087346	16086398	0
17	16091919	16087171	0
17	16092059	16086281	0
17	16098497	16091563	0
17	16098497	16091862	1
17	16101758	16098366	1
17	16101806	16098366	1
17	16108913	16098366	1
17	16108913	16101249	2
17	16108913	16101717	1
17	16126207	16121051	0
17	1613272	1593186	0
17	16137413	16126081	0
17	16137413	16126106	0
17	16137413	16126131	0
17	16138213	16137310	0
17	161542	156018	0
17	161542	156219	0
17	16165162	16158759	0
17	1616631	1614978	0
17	1616770	1614978	0
17	1616770	1616561	2
17	16171996	16164870	0
17	16171996	16164978	0
17	16172021	16164978	0
17	16186688	16164978	0
17	16186688	16171802	0
17	16186688	16171862	0
17	16194612	16164905	0
17	16194614	16186553	0
17	16194640	16164978	0
17	16194640	16186553	0
17	16198720	16194461	0
17	16215402	16198170	0
17	16215530	16194461	0
17	16215531	16194461	0
17	16215531	16198600	0
17	16215538	16194461	0
17	16215549	16194461	0
17	16215550	16194461	0
17	16215561	16194461	0
17	16216092	16194461	0
17	16218186	16215653	0
17	1627800	1616365	0
17	1627912	1616716	0
17	1627921	1614978	0
17	1627921	1616561	0
17	16316713	16316794	0
17	16344712	16342533	0
17	16344712	16342873	0
17	16344743	16342533	0
17	16348686	16344596	1
17	16349334	16344596	0
17	16349334	16348615	12
17	16349957	16349139	5
17	16350030	16344596	0
17	16350030	16348615	5
17	16353446	16349713	8
17	16353457	16349930	4
17	16353500	16349930	2
17	16353657	16349501	2
17	1636819	1634389	0
17	1636856	1633857	0
17	1636856	1633864	0
17	1636856	1634389	0
17	1636856	1634604	0
17	1637063	1634389	0
17	16382131	16382358	3772
17	16382670	16382151	3813
17	1638927	1636940	0
17	1638931	1636940	0
17	1639743	1638139	0
17	1639743	1638805	0
17	1640667	1638805	0
17	1640667	1639638	0
17	1640667	1639911	0
17	164205	162080	0
17	164205	163539	0
17	16439061	16439326	188
17	16439246	16439326	256
17	16439394	16440184	236
17	16439415	16439527	220
17	16439415	16439580	222
17	16439415	16439659	242
17	16439415	16440110	280
17	16439415	16440184	222
17	1643968	1639911	0
17	1643968	1640447	0
17	1643968	1640476	0
17	1643968	1640580	0
17	16439704	16440110	236
17	16439704	16440184	206
17	16440953	16440478	55
17	16441131	16441367	149
17	1644520	1643441	0
17	16447032	16441576	2
17	16447961	16443260	0
17	1644936	1643319	0
17	1644936	1643441	0
17	16462387	16442013	1
17	1646990	1646149	0
17	1646990	1646192	0
17	1647958	1646144	0
17	1647958	1646499	2
17	16492019	16462257	0
17	16492154	16462257	0
17	1651270	1650628	144
17	1651311	1650628	1
17	1651311	1650630	7
17	1651311	1650839	30
17	1651789	1651413	5
17	1652038	1651662	7
17	1652147	1651413	7
17	1653684	1651647	5
17	1653684	1651980	7
17	1653912	1653541	14
17	1654017	1653541	14
17	1654981	1652730	5
17	16559270	16557984	0
17	16563233	16551386	2
17	16563265	16553109	0
17	16567930	16566524	0
17	16568118	16567559	3
17	16569170	16567328	1
17	16569175	16567823	2
17	16569205	16567361	1
17	16569207	16567328	1
17	1659549	1658525	1
17	1660002	1659356	7
17	1660579	1659463	2
17	1660579	1659840	0
17	1660579	1659968	0
17	1661163	1660697	1
17	1661330	1660992	0
17	1661407	1660992	0
17	1661779	1660926	1
17	1661791	1661270	1
17	1662039	1661270	7
17	16633958	16620736	0
17	16633958	16631343	0
17	16634648	16633861	0
17	16634757	16633861	0
17	16634757	16633905	0
17	16731822	16731822	0
17	1673198	1661905	4
17	1673410	1672940	10
17	1673568	1673080	9
17	1674681	1673745	2
17	1675340	1674441	1
17	1675340	1674537	1
17	1675531	1674643	0
17	1676371	1675927	4
17	1676712	1676206	4
17	1676712	1676307	33
17	1678653	1677564	0
17	16788142	16787234	5
17	1678882	1678440	0
17	1678882	1678517	0
17	16789235	16788247	0
17	16794640	16796042	1
17	16794659	16796042	1
17	16800372	16801035	0
17	1680832	1679608	3
17	1681044	1680480	0
17	1681055	1680725	0
17	16818849	16818141	0
17	16819163	16817991	0
17	16819384	16817982	0
17	16819629	16818800	0
17	16819629	16819258	0
17	16820100	16819466	0
17	16820100	16819512	0
17	16830301	16829998	0
17	16831565	16831132	0
17	16831785	16831407	0
17	16831785	16831438	0
17	1683702	1681819	0
17	1683702	1682128	0
17	16841864	16840894	0
17	16842184	16841538	0
17	16842184	16841840	0
17	16843060	16842269	0
17	16843821	16842897	0
17	16843821	16842949	0
17	16844325	16843864	0
17	16844335	16843486	0
17	16844335	16843666	0
17	16844571	16843666	0
17	1684583	1683020	0
17	1684583	1683532	0
17	1684808	1683532	1
17	16848150	16847851	0
17	16848246	16847634	0
17	1684838	1683532	0
17	16848414	16847634	0
17	1684853	1684471	5
17	1684883	1684471	5
17	16849078	16848096	0
17	16849422	16848123	0
17	16849437	16848097	0
17	16851909	16850398	0
17	16852412	16849669	0
17	16852412	16851501	0
17	16852412	16851514	0
17	16852777	16851724	0
17	16925480	16922914	0
17	16925480	16923995	0
17	16929320	16927677	0
17	16929320	16928791	0
17	16929909	16929215	0
17	16929994	16929215	0
17	16930409	16929215	0
17	16930409	16929280	0
17	16930409	16929520	0
17	16930409	16929815	0
17	16930409	16929829	0
17	16932254	16929520	0
17	16932793	16932429	0
17	16932938	16932429	0
17	16933177	16932782	0
17	16934532	16932786	0
17	16934840	16933064	0
17	16939798	16933064	0
17	16940512	16939084	0
17	16940512	16939443	0
17	16940512	16939655	0
17	16948984	16932732	0
17	16948984	16933064	0
17	16948984	16940325	0
17	16948984	16940505	0
17	16980717	16975998	0
17	17077753	17076037	0
17	1709582	1702789	0
17	1714015	1711492	52
17	1714015	1711970	67
17	1714015	1712091	66
17	1714015	1712250	62
17	1714015	1712268	62
17	1714015	1712579	51
17	1714015	1712662	53
17	1714015	1712679	57
17	1714015	1712713	54
17	1714015	1712766	54
17	1714015	1712769	54
17	1714015	1712791	57
17	1714015	1712824	65
17	1714015	1712878	65
17	1714015	1712882	68
17	1714015	1712974	67
17	1714046	1712360	43
17	1714454	1713447	4
17	1714454	1713702	2
17	1714454	1713855	4
17	1716198	1713855	3
17	1716209	1713702	3
17	1716211	1713702	3
17	1716211	1713855	3
17	1716212	1713702	3
17	1716252	1711510	3
17	1716342	1713855	2
17	17185555	17167945	2
17	17186649	17189240	82
17	17204430	17202648	7
17	17206316	17200994	5
17	17215091	17207024	0
17	17215091	17212211	1
17	17217183	17216379	2
17	17219055	17217068	0
17	17219104	17216971	0
17	17219210	17217068	1
17	17221629	17219018	3
17	17222662	17221170	3
17	17222662	17221536	3
17	17222662	17221587	0
17	17223123	17219566	1
17	17224144	17222500	0
17	17224506	17222500	0
17	17226323	17223921	2
17	17228006	17226175	3
17	17228162	17219018	3
17	17228162	17224552	2
17	17228162	17226175	2
17	17228730	17228025	1
17	17229478	17224552	2
17	17231883	17227888	1
17	17231883	17227989	2
17	17232813	17231523	0
17	17232902	17231793	0
17	17237140	17232787	0
17	17237183	17227888	0
17	17237186	17232787	0
17	17237189	17232787	0
17	17247561	17246819	4
17	17247561	17246835	4
17	17247561	17246836	4
17	17247561	17246873	4
17	17247888	17246834	6
17	17249028	17246834	9
17	17249040	17247479	4
17	17254946	17248925	0
17	17255056	17248948	1
17	17260475	17254858	3
17	17260697	17254886	4
17	17261693	17260373	10
17	17262107	17254858	0
17	17262107	17260300	3
17	17262107	17260301	3
17	17262107	17260304	7
17	17262107	17260397	7
17	17262107	17261599	4
17	17264982	17261965	3
17	17264982	17261997	3
17	17264982	17262045	3
17	17267978	17261965	1
17	17267978	17264801	1
17	17267978	17264933	1
17	17268046	17262019	3
17	17268046	17264801	1
17	17268046	17264859	1
17	17270808	17264801	3
17	17271009	17264801	3
17	1730488	1730754	0
17	1735718	1736038	0
17	1738586	1725747	3
17	17496394	17494436	0
17	17496396	17494706	0
17	17506302	17505562	1
17	17506302	17505564	5
17	17506302	17505565	5
17	17506302	17505588	5
17	17506324	17505562	1
17	17509546	17506226	7
17	17509546	17507168	9
17	17509546	17508783	9
17	17512655	17509433	2
17	17518158	17512508	0
17	17519081	17512508	1
17	17522396	17512508	0
17	17522396	17512513	0
17	17577028	17509433	0
17	17577028	17512508	0
17	17582432	17576919	0
17	17591651	17576919	0
17	17591680	17576919	0
17	17591684	17576919	0
17	17591701	17576919	0
17	17591704	17576919	0
17	17591709	17576919	0
17	17675523	17674025	0
17	17676372	17675365	0
17	17677689	17676209	0
17	17766303	17759153	0
17	17777867	17778714	0
17	17793565	17793629	62
17	17793647	17793647	61
17	17794167	17794240	87
17	17794250	17794250	90
17	17797193	17797387	90
17	17798353	17798408	117
17	17798411	17798411	81
17	17811731	17810398	31
17	17812057	17811011	46
17	17812057	17811355	25
17	17813443	17811972	32
17	17813480	17811972	23
17	17813480	17812072	19
17	17813770	17812711	17
17	17813770	17812909	16
17	17813770	17813367	21
17	17814356	17813568	1
17	17814377	17813568	1
17	17814411	17813568	1
17	17814748	17814244	3
17	17814945	17814343	4
17	17814945	17814614	4
17	17814945	17814615	4
17	17815330	17814834	7
17	17815374	17814402	11
17	17816029	17815220	14
17	17816339	17815596	35
17	17816374	17815859	7
17	17816385	17815859	7
17	17816396	17815859	7
17	17816719	17816206	14
17	17817137	17816456	3
17	17817137	17816524	2
17	17817458	17816957	9
17	17817592	17817255	16
17	17817751	17816957	45
17	17817901	17817122	35
17	17817917	17817255	16
17	17817917	17817547	21
17	17818150	17817423	65
17	17818328	17817547	10
17	17818346	17817525	10
17	17818375	17817695	6
17	17818743	17817695	10
17	17819235	17818222	9
17	17819235	17818259	9
17	17819455	17819012	3
17	17819455	17819026	9
17	17819455	17819071	9
17	17819455	17819120	9
17	17820511	17819537	18
17	17820522	17819319	9
17	17820522	17819537	6
17	17820522	17819543	5
17	17820865	17819319	5
17	17823595	17820007	2
17	17823605	17820404	2
17	17823608	17820089	2
17	17823619	17820089	2
17	1783159	1779484	1
17	1783477	1781691	2
17	1783477	1783034	2
17	17837003	17820089	2
17	1783864	1783109	0
17	17848860	17843510	1
17	17848860	17846824	1
17	17848860	17846848	1
17	17848860	17847348	1
17	17848860	17847445	1
17	17848860	17847468	1
17	17848860	17847551	1
17	17848860	17847568	1
17	17848950	17847333	1
17	17861552	17848822	3
17	17861552	17850892	1
17	17861552	17857768	2
17	17862781	17861902	0
17	17862849	17861475	0
17	17866420	17862730	0
17	17866420	17863273	0
17	17869474	17866875	0
17	17869915	17866875	0
17	17872059	17869339	0
17	17872065	17869339	0
17	17879744	17868964	0
17	17879744	17869339	0
17	17893811	17879626	0
17	17893811	17882704	0
17	17893811	17884633	0
17	17898675	17879626	0
17	17898675	17882704	0
17	17898675	17884633	0
17	17898675	17893660	0
17	17898675	17893677	0
17	17973752	17973851	0
17	17973754	17973851	0
17	17988508	17977408	0
17	17992912	17994298	1
17	17993345	17994298	1
17	18004495	18006182	6
17	18006254	18007023	5
17	18006255	18007024	5
17	18007461	18007585	3
17	1800806	1787421	0
17	1801025	1787421	0
17	18015937	18016063	10
17	18021239	18015058	1
17	18021239	18018009	0
17	18021239	18018261	4
17	18021239	18018647	5
17	18021239	18020729	0
17	18021265	18018261	4
17	18021664	18020695	0
17	18021795	18021122	0
17	18021858	18021122	0
17	18021858	18021421	0
17	18024672	18018263	2
17	18024705	17989496	1
17	18024705	18016206	5
17	18024705	18021122	0
17	18024705	18021744	0
17	18025632	18021744	2
17	18026417	18024623	2
17	18026536	18024623	0
17	18028378	18026318	2
17	18028378	18027970	8
17	18028660	18026318	0
17	18028660	18028110	1
17	18028660	18028231	1
17	1804716	1799856	0
17	1804716	1800723	0
17	1804716	1800861	0
17	18066444	18067851	33
17	18099078	18099632	4
17	18099078	18100362	6
17	18099094	18099632	4
17	18099716	18100362	11
17	18099724	18100362	11
17	1812116	1804345	0
17	1812116	1804625	0
17	18122410	18124482	0
17	18124566	18125167	0
17	1814796	1812061	0
17	18149377	18149485	0
17	18155226	18155313	0
17	18155226	18155318	0
17	18157231	18157721	0
17	18159348	18159605	0
17	18159348	18159934	0
17	18159680	18159934	0
17	18178366	18172624	0
17	18184668	18178244	0
17	18184754	18176564	0
17	18235538	18236606	1
17	18236940	18237480	9
17	18240874	18241450	11
17	18241716	18241884	0
17	18242810	18242810	13
17	18245420	18244835	16
17	18245420	18244840	16
17	18245420	18244921	124
17	18245420	18245058	23
17	18245420	18245229	13
17	18245420	18245237	12
17	18245661	18244835	13
17	18245661	18245229	11
17	18245661	18245237	13
17	18245661	18245350	11
17	18245661	18245353	11
17	18245851	18245353	4
17	18246009	18245228	10
17	18246063	18244835	3
17	18246063	18245229	4
17	18246063	18245353	4
17	18246201	18245554	3
17	18246216	18245743	4
17	18246223	18245837	4
17	18246223	18245933	5
17	18246315	18245933	5
17	18246463	18246152	12
17	18246463	18246161	12
17	18246756	18246110	14
17	18246829	18246307	11
17	18247053	18246544	2
17	18247053	18246593	2
17	18247126	18246593	0
17	18247358	18246912	12
17	18247437	18246912	5
17	18247849	18247168	5
17	18247849	18247175	11
17	18249202	18244835	0
17	18249202	18248799	0
17	18249409	18249126	0
17	18251472	18249325	3
17	18251478	18250837	2
17	18251814	18251264	2
17	18251817	18251264	1
17	18251817	18251386	1
17	18252147	18251264	2
17	18252147	18251679	2
17	18252557	18251998	0
17	18252557	18252055	0
17	18252557	18252114	0
17	18253459	18252471	0
17	18253459	18252492	0
17	18253699	18252471	0
17	18253720	18253300	8
17	18253720	18253426	26
17	18254179	18253543	3
17	18254183	18245933	0
17	18254183	18253300	5
17	18254183	18253356	8
17	18254183	18253543	1
17	18254183	18253598	4
17	18254598	18254078	0
17	18254620	18254078	0
17	18254631	18254078	3
17	18254639	18253543	0
17	18254652	18254096	1
17	18254683	18253886	6
17	18254683	18254078	4
17	18254855	18254078	4
17	18254855	18254520	3
17	18254855	18254603	0
17	18255222	18254768	0
17	18255264	18254768	0
17	18255264	18254790	0
17	18256598	18255182	1
17	18257020	18256525	1
17	18257127	18256525	2
17	18257277	18256525	2
17	18257277	18256908	0
17	18258557	18256908	0
17	18258691	18257033	1
17	18258692	18256908	0
17	18258698	18256908	0
17	18258706	18256524	2
17	18258706	18256908	0
17	18258724	18256908	0
17	18258727	18256908	0
17	18258917	18256908	0
17	18262868	18263085	0
17	18263249	18263415	1
17	18273337	18271427	80
17	18274878	18272837	66
17	18274959	18273243	94
17	18278358	18273920	3
17	18278358	18273966	3
17	18278358	18274227	3
17	18278358	18274723	0
17	18278358	18274803	0
17	1828007	1811970	0
17	18280659	18277674	2
17	18282814	18280174	1
17	18282842	18280535	0
17	18285308	18282697	0
17	18285308	18282790	0
17	18285521	18285141	0
17	18290687	18285406	1
17	18290687	18285427	1
17	18290917	18290539	1
17	18291028	18290556	0
17	18294786	18285406	0
17	18302724	18302263	0
17	18303091	18302263	5
17	18305221	18302579	7
17	18305221	18302603	8
17	18306967	18302685	4
17	18306967	18305111	8
17	18307160	18305111	8
17	18307571	18306933	4
17	18308425	18306549	2
17	18308425	18306587	2
17	18308425	18306890	0
17	18308425	18307472	0
17	18308425	18307525	0
17	18308425	18307531	0
17	18308942	18306890	0
17	18308942	18308312	0
17	18308942	18308350	0
17	18308942	18308412	0
17	18314704	18308881	0
17	18314775	18308881	0
17	18314813	18308681	0
17	18314931	18308881	0
17	18314945	18308881	0
17	18314961	18308881	0
17	18314970	18308881	0
17	18314971	18308881	0
17	18314975	18308881	0
17	18314994	18306890	0
17	18314994	18308881	0
17	18315008	18308881	0
17	18329389	18327859	56
17	18329389	18327872	56
17	18329389	18328469	0
17	18329389	18328527	0
17	18333289	18330554	4
17	18335676	18333165	0
17	18340256	18333165	2
17	18340814	18340042	0
17	18341656	18340042	0
17	18347657	18340404	0
17	18347657	18340731	0
17	18348441	18347495	0
17	18348441	18347513	0
17	18348446	18348243	0
17	18353818	18347495	0
17	18353818	18348324	0
17	18356001	18353509	0
17	18356001	18353671	0
17	18360553	18355978	0
17	18363347	18355885	0
17	18363452	18355885	0
17	18363488	18355885	0
17	18363496	18355885	0
17	18363502	18355885	0
17	18363519	18355885	0
17	18363564	18355885	0
17	18381001	18381366	0
17	18381522	18381602	0
17	18381731	18382512	0
17	18382639	18382825	0
17	18382865	18383024	0
17	18383186	18383270	0
17	18383379	18383491	0
17	18388985	18379854	0
17	18420418	18420850	0
17	18420418	18420892	0
17	18420446	18420850	0
17	18422343	18422949	0
17	18422814	18422949	0
17	18440133	18440388	0
17	18440312	18440425	0
17	18441821	18442122	0
17	18442485	18442644	0
17	18490769	18491272	0
17	18492546	18492624	0
17	18492546	18492696	0
17	18499389	18497566	0
17	18500465	18497094	0
17	18514682	18511220	2
17	18514682	18511261	2
17	18514682	18513277	1
17	18514682	18513284	1
17	18515771	18514588	1
17	18516618	18515674	0
17	18517474	18514071	0
17	18517474	18515345	0
17	18517474	18516524	1
17	18519572	18517184	1
17	18519675	18517184	1
17	18519675	18517192	2
17	18519675	18517289	2
17	18519675	18517318	2
17	18519675	18517381	1
17	18519675	18517410	1
17	18520807	18517184	1
17	18521125	18519481	4
17	18521146	18519481	4
17	18521253	18517184	1
17	18523296	18519481	0
17	18523878	18519481	2
17	18523878	18521078	2
17	18524236	18519481	2
17	18524398	18519481	1
17	18524401	18523650	3
17	18525931	18519490	2
17	18527761	18519481	3
17	18527761	18519643	5
17	18528601	18524142	9
17	18528695	18523776	5
17	18528748	18519481	7
17	18528748	18521078	7
17	18528748	18523776	7
17	18528748	18523805	6
17	18528748	18527569	2
17	18528985	18527569	3
17	18529329	18519481	2
17	18532598	18519481	1
17	18532598	18521078	6
17	18532598	18523776	3
17	18532598	18528572	6
17	18532879	18528572	6
17	18533035	18528572	6
17	18541237	18533346	12
17	18541921	18533346	12
17	18542188	18528585	7
17	18542188	18532505	8
17	18542988	18542087	0
17	18543095	18541485	0
17	18543716	18537799	5
17	18543716	18542087	0
17	18543716	18542154	0
17	18551555	18543672	0
17	18551686	18543672	0
17	18551695	18543672	0
17	18551706	18543672	0
17	18551716	18543672	0
17	18551716	18551027	0
17	18578078	18553972	0
17	18580611	18553972	0
17	18594863	18587665	0
17	18594863	18588278	1
17	18594863	18590858	0
17	18603741	18595147	0
17	18606392	18603603	4
17	18606620	18603288	0
17	18606620	18603603	0
17	18607968	18605779	0
17	18607971	18605779	0
17	18607971	18606662	0
17	18610293	18605779	0
17	18622570	18610043	0
17	18622570	18620085	0
17	18637974	18635005	0
17	18637974	18635528	0
17	18638421	18637863	0
17	18638702	18638312	0
17	18639215	18638620	0
17	18641105	18638860	0
17	18641105	18639174	0
17	18641105	18639175	0
17	18641354	18641021	0
17	18641734	18641277	0
17	18641734	18641311	0
17	18641970	18641631	0
17	18641999	18641305	0
17	18641999	18641631	0
17	18642425	18641631	0
17	18642633	18641827	0
17	18642633	18641838	0
17	18642830	18641664	0
17	18642839	18641827	0
17	18644367	18641668	0
17	18644428	18641631	0
17	18644428	18641827	0
17	18661951	18641021	0
17	18673056	18658428	12
17	18680830	18658428	1
17	18680830	18672792	0
17	18680830	18672863	0
17	18680830	18672964	0
17	18681819	18680750	2
17	18681847	18680740	4
17	18681859	18680740	4
17	18682229	18681614	1
17	18682242	18681320	3
17	18682260	18681614	1
17	18682263	18681441	3
17	18698115	18699153	0
17	187258	183823	0
17	18735202	18736016	50
17	18749923	18750009	1
17	18861467	18859353	0
17	18954150	18951624	0
17	18969158	18969341	69
17	18969158	18971012	100
17	18969423	18971012	114
17	18977889	18976930	1
17	18978851	18968788	0
17	18978851	18971067	0
17	18979674	18977583	12
17	18988415	18975709	0
17	18988415	18979548	0
17	19024384	19020672	0
17	19024384	19021862	0
17	19024384	19021938	0
17	19036081	19021668	0
17	19036081	19024214	0
17	19036081	19030375	0
17	19041905	19035731	0
17	19041905	19035957	0
17	19158621	19155726	0
17	19158894	19158461	0
17	19159112	19157780	0
17	19168012	19166895	0
17	19172092	19164208	0
17	19282078	19282949	0
17	19303939	19296595	0
17	19336128	19334307	19
17	19343858	19337553	4
17	19343858	19340914	4
17	19343858	19340920	4
17	19343858	19343169	4
17	19343858	19343174	4
17	19343858	19343178	4
17	19343858	19343453	5
17	19343858	19343481	4
17	19347332	19343056	1
17	19347332	19343169	1
17	19347332	19343727	2
17	19347332	19343789	2
17	19347332	19346945	0
17	19347332	19346949	0
17	19347873	19347268	0
17	19347881	19347198	0
17	19347881	19347268	0
17	19347881	19347279	0
17	19347881	19347290	0
17	19357952	19347268	0
17	19360389	19357839	0
17	19362543	19360319	0
17	19362570	19360319	0
17	19362598	19360319	0
17	19362615	19360319	0
17	19362620	19360319	0
17	19362670	19360319	0
17	19362711	19360319	0
17	19362714	19360319	0
17	19362722	19360319	0
17	19362734	19360319	0
17	19363032	19360319	0
17	19364602	19363656	0
17	19371634	19360320	0
17	19371634	19364435	0
17	19372225	19371235	0
17	19372225	19371548	0
17	19372240	19371559	0
17	19377898	19371548	0
17	19377911	19360319	0
17	19378183	19360319	0
17	19378543	19378895	5
17	19378543	19380607	3
17	19378631	19378895	5
17	19379133	19379592	0
17	19379133	19379781	0
17	19379606	19379781	3
17	19379948	19380394	4
17	19379948	19380483	4
17	19379948	19380607	5
17	19380502	19380607	0
17	19381687	19381780	3
17	19384230	19383445	1
17	19385282	19383441	1
17	19385455	19384414	0
17	19411196	19411309	0
17	19413119	19411785	0
17	19413145	19413279	0
17	19418956	19417803	0
17	19423630	19418728	0
17	19450418	19448157	0
17	19453422	19448474	0
17	19453604	19423546	0
17	19453608	19425318	0
17	19453661	19439142	0
17	19453661	19448178	0
17	19453661	19448241	0
17	19456308	19448178	0
17	19460736	19453584	0
17	19460985	19453584	0
17	19460993	19448114	0
17	19460996	19455867	0
17	19487066	19448178	0
17	19487066	19471118	0
17	19555910	19555994	0
17	19560297	19560417	0
17	19564630	19560110	0
17	19571027	19564522	0
17	19577515	19578027	1
17	19577515	19578743	1
17	19578129	19578743	1
17	19580113	19580233	0
17	19597923	19570844	0
17	19648831	19648952	70
17	19648844	19648934	70
17	19648878	19649001	88
17	19675500	19675561	0
17	19680040	19678287	0
17	19680040	19678314	0
17	19680040	19678318	0
17	19680040	19678520	0
17	19703168	19702604	0
17	19704179	19702604	0
17	19704179	19703091	0
17	19704179	19703096	0
17	19704179	19703109	0
17	19705504	19704069	0
17	19705504	19704652	0
17	19706762	19705010	0
17	19706762	19705435	0
17	19714790	19713824	0
17	19714879	19713824	0
17	19715218	19714720	0
17	19716567	19715115	0
17	19716574	19715115	0
17	19716607	19715115	0
17	19716653	19714446	0
17	19716731	19715115	0
17	19717444	19715115	0
17	19718980	19715115	0
17	19738454	19737983	0
17	19738454	19737986	0
17	19738454	19737987	0
17	19739096	19738322	0
17	19739625	19738995	0
17	19739675	19738322	0
17	19739675	19738995	0
17	19740478	19739507	0
17	19741211	19739507	0
17	19741211	19740335	0
17	19741232	19740370	0
17	19741357	19740174	0
17	19742213	19741092	0
17	19742631	19742003	0
17	19743464	19742003	0
17	19743464	19742544	0
17	19743464	19742625	0
17	19743501	19742544	0
17	19745134	19743231	0
17	19745135	19743231	0
17	19745135	19743266	0
17	19745135	19743401	0
17	19745147	19743030	0
17	19745413	19744967	0
17	19745460	19743231	0
17	19745613	19744821	0
17	19745613	19744967	0
17	19745681	19744967	0
17	19748217	19744967	0
17	19748294	19744967	0
17	19748299	19743231	0
17	19748342	19744967	0
17	19748365	19742544	0
17	19748394	19743231	0
17	19748434	19744967	0
17	19776408	19770829	0
17	19777717	19773949	0
17	19777717	19776308	0
17	19781105	19780471	0
17	19782068	19780985	0
17	19782068	19781085	0
17	19783906	19781888	0
17	19783906	19781960	0
17	19784061	19781888	0
17	19797683	19796094	0
17	19799576	19797395	0
17	19799576	19797574	0
17	19804831	19801776	0
17	19810439	19804692	0
17	19810439	19804726	0
17	19816921	19810377	0
17	19816921	19816465	0
17	19825183	19810377	0
17	19838584	19826138	0
17	19841548	19838500	0
17	19841548	19838529	0
17	19843139	19841488	0
17	19843223	19841488	0
17	19843223	19841539	0
17	19861056	19849741	0
17	19864845	19849741	0
17	19897288	19896723	8
17	19909277	19904301	0
17	19909277	19906167	2
17	19909277	19906226	2
17	19909979	19909180	1
17	19909979	19909238	1
17	19931867	19920035	1
17	19931878	19924407	2
17	19931979	19924407	1
17	19936431	19924407	2
17	19936431	19931804	1
17	19939850	19936001	0
17	19939850	19936285	0
17	19941011	19939712	0
17	19941911	19939712	0
17	19941911	19940886	0
17	19941911	19940897	0
17	19947476	19941825	0
17	19947506	19941825	0
17	19958125	19947140	1
17	19958568	19947406	0
17	19958572	19947406	0
17	19962967	19958424	0
17	19962992	19958443	0
17	19963023	19947406	0
17	19963023	19958013	0
17	19963023	19958334	0
17	19968035	19962859	3
17	19968462	19962839	0
17	2023665	2019951	0
17	2025346	1934676	0
17	2036092	2036428	0
17	2036092	2036528	0
17	20376394	20375368	0
17	2040375	2040504	4
17	2041182	2041480	4
17	2041622	2041767	2
17	20416698	20415791	3
17	2041876	2042604	12
17	2041876	2042975	14
17	2042232	2042604	11
17	2043426	2042899	448
17	2044969	2043474	0
17	20451644	20449394	0
17	20451644	20449862	0
17	20451644	20449905	0
17	20451884	20451480	0
17	20452172	20451600	0
17	20452393	20451794	0
17	20452396	20451794	0
17	20452396	20451821	0
17	20453068	20451794	0
17	20456672	20455302	0
17	20457564	20456560	0
17	20458385	20456560	0
17	20501971	20501512	0
17	20501971	20501668	0
17	20502286	20501923	0
17	20502288	20501512	0
17	20502714	20501923	0
17	20502714	20502064	0
17	20502964	20502064	0
17	20502964	20502538	0
17	20502964	20502587	0
17	20512358	20504536	0
17	20513529	20512559	0
17	20514727	20513935	0
17	20515401	20514564	0
17	20515488	20514633	0
17	20519921	20519311	0
17	20519921	20519520	0
17	20522229	20521344	0
17	20523524	20522091	0
17	20523566	20522817	0
17	20523748	20522066	0
17	20524081	20521595	0
17	20526840	20523399	0
17	2054290	2054968	0
17	20543530	20542973	0
17	20544100	20543480	0
17	20544124	20543475	0
17	2054462	2054892	0
17	20545944	20545014	0
17	20546519	20545822	0
17	20547909	20546469	0
17	20548316	20547767	0
17	20548848	20548232	0
17	20549360	20548766	0
17	20550730	20549319	0
17	20556220	20555426	0
17	2056347	2056670	0
17	20578749	20576666	0
17	20586457	20583757	0
17	20591181	20585313	0
17	20614669	20612911	28
17	20633235	20631471	0
17	2065155	2059842	0
17	2065155	2059845	0
17	2065155	2059849	0
17	2065155	2059875	0
17	2065155	2061373	3
17	2065155	2061404	3
17	2065155	2061451	3
17	2065155	2061550	3
17	2068932	2065467	1
17	2072004	2068777	0
17	20745161	20743332	0
17	2081957	2068777	0
17	2081957	2068886	0
17	2082302	2081809	0
17	2082311	2081809	0
17	20837112	20836446	0
17	2085902	2081809	0
17	2085902	2081915	2
17	20865510	20836976	2
17	20866704	20863394	7
17	20866704	20863477	9
17	20866704	20865414	1
17	20866704	20865418	4
17	20867252	20866662	1
17	20868209	20866575	0
17	2088762	2085724	0
17	20893463	20866547	8
17	20895954	20893391	9
17	20896021	20893391	13
17	20896141	20893391	14
17	2095113	2085724	0
17	21000038	21000110	451
17	21004352	20999592	3
17	21004352	20999596	3
17	21004352	21002971	3
17	21004991	21004201	5
17	21005151	21004219	5
17	21006988	21004927	4
17	21007997	21006507	0
17	21007997	21006895	0
17	21011310	21007869	1
17	21011615	21007869	0
17	21012936	21011150	3
17	21015900	21012829	2
17	21018112	21011229	4
17	21018112	21015650	2
17	21018112	21015751	2
17	21018342	21017941	1
17	21019140	21017941	0
17	21019186	21017941	0
17	21019186	21017995	0
17	21021227	21002374	1
17	21208540	21198539	0
17	21211228	21197953	0
17	21211228	21197957	0
17	21211228	21198255	0
17	21213852	21198577	1
17	21214625	21197279	2
17	21244225	21238869	0
17	21260502	21259967	0
17	21431589	21428380	0
17	21440470	21433669	0
17	21442119	21440097	0
17	21442119	21440273	0
17	21451675	21441975	0
17	21457701	21458852	0
17	21526322	21524789	0
17	21529067	21526172	3
17	21529111	21451559	0
17	21529111	21527363	3
17	21533511	21510620	0
17	21535293	21529021	60
17	21535539	21441975	0
17	21535539	21529021	42
17	21535539	21532476	59
17	21535539	21532614	56
17	21535539	21533391	57
17	21546800	21535440	0
17	21551670	21535427	0
17	21551679	21528317	0
17	21551681	21528309	0
17	21573736	21535427	0
17	21573736	21566568	0
17	21574266	21573225	0
17	21574304	21573225	0
17	21574459	21535049	0
17	21574479	21573225	0
17	21574518	21573225	0
17	215803	212388	0
17	215803	212501	0
17	215803	213644	0
17	215803	213803	0
17	215803	213823	0
17	215803	214701	0
17	215934	213323	0
17	21657634	21655842	0
17	2172860	2085724	0
17	2173072	2085782	0
17	2173179	2172657	0
17	21774490	21773753	0
17	2186832	2172657	0
17	2186832	2172667	0
17	2186832	2172711	0
17	2186832	2172736	0
17	2186832	2172796	0
17	2186832	2172801	0
17	2186832	2172803	0
17	2188516	2186662	0
17	2188516	2186724	0
17	2188516	2186736	0
17	219737	215653	0
17	22070539	22061960	1
17	2212738	2188398	0
17	2214350	2188398	0
17	2216016	2215481	0
17	22241163	22234329	0
17	22245400	22244558	0
17	22245931	22245248	0
17	22266330	22234327	0
17	22266358	22245056	0
17	2229465	2188398	0
17	2236638	2188398	0
17	22525331	22524562	0
17	22568714	22567422	0
17	2266132	2236491	0
17	2266200	2244657	0
17	22692619	22676694	0
17	2282860	2244657	0
17	2323346	2323654	283
17	2324579	2322502	239
17	2324830	2324503	10
17	2325421	2324688	7
17	2325421	2324690	7
17	2329476	2325303	4
17	2330626	2325303	4
17	2330626	2329342	3
17	2333717	2332960	2
17	2334897	2333389	3
17	2334897	2333556	7
17	2335395	2334471	2
17	2335395	2334784	2
17	2335731	2334471	5
17	2335731	2335259	10
17	2335731	2335307	10
17	2336141	2335510	9
17	2336444	2335564	13
17	2336658	2335510	9
17	234586	219622	0
17	2362906	2362988	11
17	2364184	2364595	4
17	2364664	2364896	5
17	2372255	2372342	18
17	2372489	2372952	11
17	2373082	2373330	7
17	2375693	2375060	23
17	2376853	2375558	5
17	2377747	2376798	4
17	2379204	2379431	4
17	2379307	2376612	2
17	2379494	2380264	65
17	2385347	2386099	27
17	2388050	2384059	26
17	2388050	2387319	25
17	2388050	2387343	25
17	2388050	2387497	25
17	2388299	2387563	21
17	2391496	2387856	1
17	2391816	2387856	7
17	2392761	2387856	0
17	2393831	2391402	3
17	2394155	2387856	1
17	2395455	2394304	0
17	2396854	2395329	0
17	2400447	2395013	0
17	2401105	2387908	0
17	2401119	2394874	0
17	2414472	2405561	2
17	2414472	2407012	1
17	2416086	2414394	1
17	2419770	2416048	65
17	2420905	2416057	76
17	2420905	2416075	76
17	2420905	2419587	53
17	2420905	2420184	16
17	2436841	2420730	0
17	2438199	2420730	0
17	2464351	2441489	0
17	2464351	2459892	0
17	2467877	2464207	0
17	247286	219622	0
17	247286	219696	0
17	2473665	2464207	0
17	2473665	2467760	0
17	247688	247110	0
17	2477886	2464207	0
17	2477886	2467760	0
17	2477886	2473523	0
17	2477886	2475240	0
17	2502281	2477408	0
17	2502332	2477685	0
17	2511892	2477685	0
17	2587867	2586329	0
17	2683686	2683913	130
17	2685089	2683304	157
17	2691683	2689385	80
17	2691683	2689388	80
17	2691896	2691552	12
17	2691896	2691608	17
17	2692483	2692003	27
17	2692697	2692306	14
17	2692697	2692360	15
17	2694040	2692779	5
17	2694277	2692779	6
17	2694565	2693899	1
17	2694565	2694122	5
17	2694950	2694479	0
17	2695102	2694479	0
17	2695102	2694517	10
17	2695281	2694856	6
17	2695527	2695217	22
17	2695604	2695217	47
17	2695700	2695025	43
17	2696260	2695217	21
17	2696260	2695373	12
17	2696474	2695704	3
17	2696536	2696158	1
17	2696539	2696158	1
17	2696943	2696158	2
17	2698591	2696718	2
17	26991614	26989188	0
17	26999926	26991541	0
17	26999942	26998079	0
17	2700475	2697895	2
17	2700475	2698547	2
17	2701266	2700381	4
17	2701266	2700677	4
17	2701451	2701113	4
17	2701479	2701139	3
17	2701521	2701139	3
17	2702058	2701612	0
17	27024653	27019526	0
17	2703490	2701913	0
17	2703490	2701924	0
17	2704372	2703317	0
17	2704565	2703317	0
17	2704565	2703405	0
17	2704565	2703458	0
17	2712664	2704361	2
17	27241662	27237858	0
17	2730494	2724410	0
17	27306883	27307743	7
17	27412105	27411437	0
17	27418096	27419108	0
17	27421714	27422140	0
17	2749505	2735015	0
17	27626439	27625483	3
17	27645350	27645860	0
17	27647119	27647269	0
17	27652014	27651333	0
17	27661914	27660546	0
17	27662897	27661834	0
17	27664216	27662797	0
17	27667793	27666748	0
17	27759076	27756765	0
17	27759076	27756795	0
17	27759076	27757245	0
17	27798810	27789603	0
17	27798883	27789603	0
17	27800500	27798699	0
17	27804342	27798805	0
17	27880184	27879050	0
17	27880367	27804122	0
17	27880367	27878313	0
17	27880367	27879293	0
17	27880367	27880120	0
17	27882713	27878357	0
17	27882713	27880190	0
17	27882713	27880273	0
17	27883131	27882568	0
17	27883298	27882611	0
17	27892322	27882938	0
17	27892512	27882568	0
17	27893360	27882568	0
17	27893366	27882568	0
17	27893384	27882568	0
17	27930726	27929547	0
17	28022266	28021667	0
17	281855	247110	0
17	281855	247119	0
17	281855	247143	0
17	281855	247266	0
17	281855	261688	0
17	28194709	28196179	29
17	28227494	28227607	1
17	28247635	28247778	0
17	28247951	28248139	0
17	28271700	28269202	0
17	28275717	28274656	0
17	28296662	28276044	0
17	28306211	28275985	0
17	28306211	28277217	0
17	28319260	28319332	53
17	28329277	28328325	31
17	28329277	28328326	32
17	28329277	28328328	32
17	28329277	28328336	32
17	28329277	28328886	28
17	28330229	28329172	10
17	28330529	28328324	8
17	28330529	28328326	8
17	28330529	28328998	8
17	28330529	28329172	7
17	28330529	28330110	12
17	28331977	28330442	2
17	28331988	28329684	0
17	28331988	28330190	1
17	28331988	28330442	2
17	28331988	28330476	2
17	28332182	28331602	1
17	28332182	28331858	1
17	28332383	28331401	4
17	28332383	28331858	1
17	28335441	28331858	1
17	28335470	28331858	2
17	28335471	28331858	2
17	28335490	28331385	0
17	28335490	28331858	2
17	28349163	28347176	5
17	28349163	28347660	5
17	28360239	28360528	4
17	28360572	28360734	6
17	28360577	28360734	6
17	28362860	28361600	34
17	28364956	28364267	2
17	28364956	28364287	2
17	28367482	28364794	0
17	28368013	28367450	1
17	28368060	28367275	0
17	28368674	28367714	0
17	28368938	28367867	0
17	28369852	28369288	1
17	28370047	28369506	1
17	28370047	28369681	2
17	28388277	28388349	0
17	28388277	28388359	0
17	28396027	28396156	18
17	28396261	28398053	84
17	28400767	28394755	34
17	28400767	28395675	23
17	28402322	28400609	2
17	28404822	28399345	7
17	28405469	28400609	5
17	28405469	28402237	1
17	28405748	28404239	4
17	28405998	28404723	22
17	28405998	28405376	4
17	28406169	28404315	3
17	28406202	28404615	4
17	28406211	28404615	4
17	28406600	28405047	0
17	28406624	28405886	0
17	28406631	28405886	0
17	28407198	28406456	0
17	28444681	28444062	0
17	28490369	28490453	0
17	28493746	28493747	0
17	28493790	28494016	0
17	28547850	28546706	15
17	28547850	28546707	15
17	28548102	28546707	23
17	28548102	28546710	23
17	28548102	28547641	0
17	28548102	28547676	0
17	28548174	28547687	0
17	28552093	28548591	9
17	28552550	28547523	16
17	28552610	28552064	10
17	28552626	28551824	6
17	28552632	28548591	6
17	28552669	28548591	4
17	28555062	28553382	3
17	28555062	28553386	3
17	28556830	28553386	3
17	28556973	28556165	4
17	28557504	28554850	1
17	28558591	28556468	2
17	28558591	28556826	1
17	28558591	28556961	1
17	28560192	28558475	1
17	28560192	28558501	1
17	28560192	28558521	1
17	28560349	28558475	1
17	28563523	28560048	3
17	28563523	28561421	0
17	28563653	28561421	0
17	28563660	28563430	0
17	28563662	28563430	0
17	28563908	28563430	1
17	28563908	28563431	1
17	28570964	28563726	0
17	28570964	28563817	0
17	28570964	28563827	0
17	28571189	28563817	1
17	28571505	28563817	0
17	28573935	28573114	8
17	28574242	28573734	0
17	28574578	28574066	0
17	28574857	28574066	0
17	28574857	28574493	1
17	28575007	28574695	0
17	28575007	28574709	0
17	28575007	28574713	0
17	28575007	28574787	0
17	28575335	28574951	0
17	28575335	28574963	0
17	28575497	28575122	2
17	28575545	28574978	2
17	28575545	28575122	2
17	28575915	28575122	0
17	28578091	28577569	11
17	28578091	28577573	11
17	28578091	28577579	7
17	28578293	28577564	12
17	28578431	28578009	16
17	28578529	28578009	16
17	28578529	28578217	22
17	28578736	28578217	12
17	28578753	28577602	9
17	28578753	28578372	15
17	28578753	28578376	15
17	28579253	28578009	10
17	28579253	28578671	7
17	28579407	28579140	4
17	28579486	28578671	6
17	28579486	28579140	4
17	28579486	28579159	4
17	28579486	28579208	4
17	28579838	28579140	3
17	28579838	28579364	2
17	28579838	28579399	2
17	28580087	28579750	19
17	28580121	28579140	5
17	28580121	28579364	5
17	28580121	28579750	20
17	28580121	28579815	19
17	28580145	28579753	16
17	28580172	28579364	3
17	28580773	28579750	4
17	28582820	28580008	4
17	28583627	28579750	5
17	28583650	28580008	1
17	28583650	28580011	1
17	28584481	28584149	0
17	28584663	28584332	2
17	28584746	28584332	2
17	28584746	28584425	2
17	28585216	28584332	0
17	28591754	28586424	0
17	28591873	28586424	0
17	28592475	28591697	272
17	28592478	28591697	283
17	28593067	28591697	182
17	28598636	28591697	2
17	28598636	28591981	0
17	28598636	28592471	0
17	28599247	28599697	5
17	28605216	28455751	0
17	28605216	28603469	38
17	28608548	28609232	24
17	28611254	28609997	31
17	28611254	28610419	32
17	28611254	28610477	31
17	28611657	28611142	18
17	28611657	28611392	15
17	28611796	28604050	13
17	28611796	28604275	17
17	28611796	28611392	3
17	28611796	28611543	3
17	28611796	28611566	3
17	28612085	28611767	0
17	28612367	28612043	2
17	28612688	28612261	5
17	28612688	28612338	5
17	28612688	28612342	5
17	28613147	28584149	0
17	28613147	28611796	5
17	28613147	28612043	4
17	28613147	28612325	5
17	28613147	28612598	6
17	28613147	28612617	5
17	28613346	28612617	5
17	28613346	28612977	1
17	28613346	28613030	1
17	28613346	28613031	1
17	28613346	28613077	1
17	28613346	28613089	1
17	28613686	28605045	35
17	28615799	28614439	6
17	28615799	28614877	3
17	28615799	28614881	3
17	28616198	28615663	4
17	28616510	28616095	2
17	28616754	28616259	3
17	28616754	28616378	1
17	28616935	28616617	3
17	28616996	28616617	2
17	28617000	28616617	2
17	28617319	28616617	4
17	28617319	28616666	6
17	28617319	28616888	6
17	28618972	28616888	5
17	28618972	28617227	6
17	28618972	28617231	6
17	28619776	28618717	0
17	28619776	28618790	0
17	28631682	28628264	0
17	28631920	28631478	0
17	28631920	28631483	0
17	28632240	28631819	0
17	28633163	28632048	0
17	28633163	28632080	1
17	28633654	28633282	5
17	28633752	28633282	15
17	28634087	28633548	5
17	28634671	28633685	37
17	28635610	28633894	87
17	28637171	28634516	1
17	28639461	28638523	0
17	28639643	28639060	0
17	28639643	28639314	0
17	28640026	28639315	0
17	28640026	28639574	6
17	28640628	28639900	0
17	28640684	28639574	0
17	28640684	28639686	0
17	28640684	28639900	0
17	28640684	28639965	0
17	28641931	28640559	0
17	28642048	28640396	0
17	28642079	28640559	0
17	28642336	28641888	0
17	28642482	28641888	0
17	28642988	28642062	8
17	28642988	28642274	3
17	28651543	28648841	6
17	28651578	28648924	5
17	28651578	28649126	5
17	28655336	28648742	6
17	28655484	28648355	3
17	28655484	28648588	2
17	28655484	28648740	3
17	28656323	28648970	4
17	28657840	28655286	1
17	28661820	28655286	4
17	28661917	28660487	5
17	28662133	28655286	6
17	28662176	28655286	6
17	28662181	28648588	6
17	28662186	28655286	4
17	28662190	28655286	4
17	28672805	28670053	7
17	28699894	28700172	0
17	28700513	28700940	5
17	28704436	28703196	3
17	28704436	28703515	2
17	28704436	28703713	2
17	28704436	28703915	0
17	28704436	28704083	1
17	28704617	28704007	0
17	28704617	28704080	0
17	28704844	28704306	0
17	28704844	28704530	0
17	28707450	28704306	1
17	28711748	28703624	2
17	28714901	28714280	11
17	28714901	28714283	11
17	28714901	28714284	11
17	28714901	28714286	11
17	28714901	28714290	80
17	28714901	28714624	11
17	28714901	28714646	12
17	28714901	28714672	11
17	28715123	28714280	8
17	28715123	28714283	8
17	28715123	28714792	7
17	28715123	28714872	8
17	28715215	28714792	8
17	28715215	28715027	7
17	28715277	28715031	7
17	28715277	28715062	7
17	28715486	28715031	6
17	28715508	28714298	8
17	28715508	28715031	6
17	28715508	28715194	7
17	28715508	28715218	7
17	28715508	28715259	6
17	28715519	28714905	7
17	28715706	28715455	8
17	28715719	28715455	8
17	28715902	28715438	4
17	28715902	28715640	5
17	28716059	28715799	6
17	28716062	28715799	7
17	28716062	28715828	7
17	28716062	28715895	7
17	28716374	28715640	7
17	28716995	28715799	11
17	28716995	28715992	7
17	28716995	28716052	10
17	28717292	28716902	19
17	28717394	28716902	19
17	28717399	28716902	19
17	28717426	28716755	18
17	28717426	28716902	25
17	28717594	28716902	143
17	28717621	28716902	108
17	28717648	28716902	113
17	28717708	28716236	13
17	28717709	28715799	19
17	28717709	28716902	123
17	28717749	28716902	126
17	28717851	28715992	17
17	28717891	28716902	117
17	28718168	28715799	18
17	28718168	28716902	19
17	28718269	28716902	19
17	28718406	28715992	7
17	28720329	28720413	28
17	28722878	28721486	66
17	28724851	28724357	45
17	28725387	28724347	2
17	28725387	28724452	2
17	28725387	28724598	0
17	28727936	28725480	0
17	28734955	28735239	1
17	28735005	28735239	1
17	28737515	28737674	0
17	28737580	28737655	0
17	28742766	28732962	0
17	28743103	28742229	4
17	28747120	28747212	15
17	28747653	28745568	20
17	28747755	28747842	25
17	28747948	28748016	19
17	28749320	28749809	222
17	28750080	28749730	55
17	28762157	28759849	0
17	28766708	28755977	0
17	28766708	28755979	0
17	28766708	28757376	2
17	28766708	28757389	2
17	28766708	28759240	0
17	28766708	28759392	0
17	28766708	28759397	0
17	28766708	28759421	0
17	28766708	28759480	0
17	28766708	28759550	0
17	28766708	28759570	0
17	28766708	28759591	0
17	28767105	28759827	0
17	28812225	28766585	0
17	28812436	28766585	0
17	28834327	28766585	0
17	28834327	28790377	0
17	28842728	28834292	0
17	28842784	28790377	0
17	28842785	28766585	0
17	28842791	28834292	0
17	28842793	28790377	0
17	28842824	28766585	0
17	28842840	28834292	0
17	28854991	28834292	0
17	28855233	28766585	0
17	28858208	28858373	5
17	28880863	28879334	46
17	28880863	28879338	46
17	28880863	28879340	45
17	28880863	28880577	8
17	28881376	28880712	0
17	28882029	28881191	0
17	28882029	28881343	0
17	28882238	28881774	0
17	28882238	28881813	0
17	28882660	28879340	16
17	28882692	28882336	0
17	28882738	28882336	0
17	28883232	28882572	0
17	28883232	28882632	0
17	28884316	28882978	1
17	28884316	28883107	0
17	28885948	28882572	1
17	28885948	28883107	1
17	28885948	28883176	1
17	28889027	28882572	0
17	28889027	28882739	2
17	28889027	28883107	1
17	28897589	28882572	0
17	28897589	28888944	8
17	28897653	28884224	0
17	28897653	28885856	0
17	28897653	28888944	2
17	28897654	28888944	2
17	28897655	28888944	2
17	28897680	28888944	2
17	28897987	28898289	28
17	28899524	28898822	4
17	28901302	28897780	0
17	28901302	28897783	0
17	28901617	28900989	0
17	28902127	28901111	2
17	28902966	28900989	2
17	28906995	28905249	8
17	28906995	28906104	6
17	28907673	28906855	6
17	28908882	28907589	6
17	28910270	28908782	3
17	28910370	28908782	3
17	28910834	28910054	6
17	28911175	28910225	3
17	28911238	28905252	5
17	28911238	28909569	3
17	28911238	28910073	5
17	28911238	28910225	5
17	28911238	28910711	0
17	28911385	28911111	5
17	28912787	28911132	2
17	28913095	28911111	5
17	28913278	28911111	2
17	28913278	28911329	6
17	28914038	28912143	0
17	28914038	28912481	0
17	28914038	28913112	0
17	28914038	28913201	0
17	28917409	28910225	5
17	28921809	28917284	0
17	28921809	28919142	0
17	28923948	28921687	0
17	28924303	28921687	0
17	28924303	28921794	0
17	28926201	28923908	0
17	28926874	28923908	0
17	28927064	28921687	0
17	28927064	28923908	0
17	28927064	28924048	2
17	28927064	28924077	2
17	28927064	28924263	1
17	28927064	28926781	0
17	28928291	28926990	0
17	28944570	28926990	0
17	28949858	28944502	0
17	28950247	28921687	0
17	28950247	28923908	0
17	28950247	28926990	0
17	28950663	28927013	0
17	28956262	28954900	0
17	28956262	28954904	0
17	28956262	28954905	0
17	28956262	28954930	0
17	28956262	28955130	0
17	28956440	28955130	0
17	28956468	28956158	0
17	28956469	28956158	0
17	28956746	28956349	0
17	28956758	28956349	0
17	28956758	28956363	0
17	28957243	28956349	0
17	28960672	28959333	0
17	28960672	28959697	0
17	28960959	28960504	0
17	28960974	28960239	0
17	28960974	28960504	0
17	28964148	28960504	0
17	28981593	28979679	0
17	28981873	28979679	0
17	28982040	28979679	0
17	29005914	28981370	0
17	29006049	28981370	0
17	29006146	28981370	0
17	29006299	28981370	0
17	29006441	28981549	0
17	29010440	29009798	0
17	29081001	29074747	3
17	29082439	29071123	6
17	29082439	29073516	3
17	29082439	29073518	3
17	29082439	29073520	6
17	29082439	29074480	6
17	29082439	29074828	6
17	29082439	29074858	6
17	29086578	29082315	1
17	29086578	29085603	1
17	29086802	29082315	0
17	29087122	29082315	1
17	29087122	29086437	0
17	29087122	29086459	0
17	29087122	29086571	0
17	29094091	29093322	0
17	29094851	29093322	0
17	29094851	29093979	0
17	29094851	29093980	0
17	29097354	29094242	0
17	29098446	29098104	0
17	29098970	29098355	0
17	29098970	29098370	0
17	29111864	29111423	0
17	29114098	29111721	0
17	29114269	29111785	0
17	29115442	29114906	0
17	29115841	29115350	1
17	29115841	29115352	1
17	29121212	29120615	0
17	29121724	29120997	0
17	29121724	29121029	0
17	29121724	29121109	0
17	29121958	29121546	0
17	29122254	29121546	0
17	29122254	29121850	0
17	29122254	29121852	0
17	29122254	29121924	0
17	29133940	29131382	0
17	29137085	29122165	0
17	29137085	29133760	0
17	29140384	29133793	0
17	29140390	29122165	0
17	29140419	29124652	0
17	29140423	29122165	0
17	29165482	29137015	0
17	29165512	29122165	1
17	29167022	29122165	0
17	29267531	29255835	3
17	29267531	29264398	2
17	29390778	29369716	0
17	29567138	29560546	2
17	29568061	29568277	22
17	29568831	29569017	1
17	29569087	29569317	1
17	29571720	29571831	0
17	29571720	29571856	0
17	29571720	29572141	4
17	29572058	29572141	4
17	29572666	29572973	17
17	29572698	29572811	10
17	29575143	29573468	155
17	29575143	29573474	149
17	29575143	29574171	234
17	29575143	29574450	128
17	29575143	29574512	86
17	29575471	29574985	5
17	29575471	29575078	11
17	29575704	29575078	11
17	29575830	29575629	4
17	29575899	29575287	4
17	29575899	29575629	8
17	29576132	29575287	5
17	29576132	29575629	8
17	29576132	29575811	6
17	29576435	29576077	48
17	29576451	29576077	15
17	29576675	29575814	3
17	29576675	29576219	7
17	29576675	29576379	19
17	29576972	29576077	10
17	29576997	29576521	7
17	29577248	29576862	1
17	29577248	29576887	1
17	29577743	29576862	3
17	29581381	29578730	4
17	29581381	29578961	7
17	29581382	29578730	4
17	29581473	29578730	9
17	29581480	29578961	4
17	29581837	29581046	1
17	29581837	29581337	1
17	29582145	29581741	3
17	29582804	29581926	1
17	29582804	29582064	3
17	29582804	29582082	3
17	29582903	29581926	1
17	29583038	29582697	0
17	29583038	29582759	0
17	29592242	29591702	0
17	29594055	29583482	1
17	29607878	29607985	24
17	29609276	29609354	6
17	29613720	29614262	100
17	29616176	29614755	0
17	29616176	29614761	0
17	29616176	29614762	0
17	29616176	29614764	0
17	29616176	29614977	0
17	29616176	29614982	0
17	29616176	29615731	0
17	29616337	29615944	0
17	29616337	29616107	0
17	29618972	29616701	0
17	29618972	29616937	0
17	29618972	29617499	0
17	29618972	29618047	0
17	29619190	29618789	2
17	29619190	29618826	2
17	29619190	29618882	2
17	29621424	29617241	0
17	29622843	29621223	0
17	29622897	29621223	0
17	29622900	29621223	0
17	29622905	29619650	0
17	29622908	29616701	0
17	29631485	29630601	22
17	29636803	29625937	2
17	29636803	29630748	1
17	29636803	29630799	1
17	2963966	2962247	0
17	29648345	29635967	0
17	29650801	29647693	0
17	29650801	29648143	0
17	29676886	29671934	0
17	29676886	29673839	0
17	29676886	29673900	0
17	29677739	29676819	0
17	29677742	29675829	0
17	29677742	29676819	0
17	29684685	29676819	0
17	29684685	29677672	0
17	29684685	29677718	0
17	29761391	29702958	0
17	29761418	29702958	0
17	29793938	29702958	0
17	29839143	29793893	0
17	29848930	29793615	0
17	29848930	29793893	0
17	29930001	29793893	0
17	29930041	29925216	4
17	29930063	29928281	1
17	29930094	29848848	0
17	29930108	29793893	0
17	29930153	29793893	0
17	29930168	29848848	0
17	29930174	29793893	0
17	29930229	29925276	1
17	29930277	29929937	5
17	30065678	30059338	0
17	30117498	30090365	0
17	30126119	30122428	0
17	30144791	30144061	0
17	30203340	30194318	0
17	30203340	30194320	0
17	30203340	30197920	0
17	30203340	30198494	0
17	30203683	30198475	0
17	30207833	30203171	0
17	30266955	30248194	0
17	30266955	30248821	0
17	30271389	30266878	0
17	30271389	30266884	0
17	30271494	30266884	0
17	30272629	30271268	2
17	30272629	30271270	2
17	30272890	30272560	28
17	30272900	30272560	6
17	30273131	30272257	6
17	30274198	30272560	2
17	30274198	30272740	3
17	30274198	30273277	3
17	30285481	30272740	0
17	30285481	30274037	0
17	30285481	30274041	0
17	30285507	30274041	0
17	30285540	30273764	0
17	30287915	30286813	6
17	30287948	30286813	6
17	30289483	30287805	0
17	30289483	30287823	0
17	30291509	30286813	0
17	30291509	30287805	0
17	30291509	30289372	0
17	30291509	30289413	0
17	30291668	30291310	1
17	30291850	30291310	2
17	30291905	30291491	11
17	30291995	30291179	11
17	30291995	30291310	2
17	30292043	30291310	2
17	30292057	30290989	3
17	30317234	30316332	0
17	30317234	30316347	0
17	3034213	3034751	24
17	3034401	3034693	24
17	30455471	30456255	0
17	30551190	30550492	0
17	30558281	30558797	0
17	30559727	30560116	1
17	30560183	30560616	0
17	30568107	30567699	0
17	30573986	30573471	0
17	30573986	30573472	0
17	30574253	30573470	0
17	30577001	30573935	0
17	30634099	30637242	32
17	306682	281767	0
17	30727565	30726304	0
17	30768868	30769000	22
17	30773498	30769387	3
17	30773498	30772362	3
17	30782222	30781492	0
17	30784414	30774091	3
17	30784444	30773406	3
17	30785994	30784306	3
17	30786032	30782683	3
17	30786032	30783935	0
17	30786492	30785106	2
17	30792573	30785918	8
17	30793673	30792439	18
17	30801421	30786321	3
17	30804109	30797310	2
17	30809987	30803926	0
17	30824672	30797310	0
17	30824777	30803900	0
17	30863029	30834324	0
17	30864941	30863920	0
17	30899116	30897335	6
17	30900522	30898985	12
17	30900563	30898982	10
17	30904530	30898985	4
17	30904530	30900412	4
17	30906236	30904038	0
17	30906236	30904065	0
17	30906821	30904065	0
17	30956962	30956279	0
17	30965501	30964934	0
17	30980251	30978609	0
17	31039366	31038574	0
17	31042271	31039304	0
17	31042271	31041087	0
17	3104423	3088483	0
17	31045282	31041970	0
17	31045282	31042198	0
17	31047708	31045209	0
17	31047721	31045209	0
17	31059122	31045209	0
17	31093492	31090786	2
17	31095451	31093372	0
17	31229466	31229834	0
17	31273623	31272012	0
17	31278241	31272448	0
17	31297231	31278167	0
17	31297412	31294646	1
17	31307960	31304233	1
17	31307960	31305342	0
17	31307960	31305383	0
17	31314045	31305212	0
17	31314113	31303765	0
17	31318640	31314370	0
17	31318641	31305355	4
17	31318641	31313978	1
17	31318832	31313978	0
17	31320514	31317559	0
17	31321033	31317559	0
17	31321885	31317559	0
17	31356583	31356959	0
17	31357091	31357268	0
17	31357370	31358479	0
17	31358623	31358968	0
17	31359016	31360486	0
17	31522396	31523511	0
17	31523612	31523892	0
17	31523997	31525089	0
17	3160289	3134968	0
17	3163890	3160233	0
17	3163890	3163004	0
17	31853031	31851863	0
17	31853031	31851870	2
17	31853031	31852218	4
17	31853031	31852230	4
17	31865439	31860898	1
17	31865439	31863172	0
17	31865439	31863173	0
17	31865439	31863348	0
17	31868113	31863173	0
17	31873396	31868045	0
17	31873488	31868045	0
17	31873754	31873377	0
17	31873845	31873183	0
17	31873949	31873377	0
17	31880755	31878701	10
17	31884506	31880180	0
17	31884506	31880572	1
17	31886062	31884423	0
17	31886062	31884892	0
17	31887314	31885979	0
17	31888222	31885979	0
17	31892324	31889284	0
17	31892795	31892147	0
17	31892795	31892259	0
17	319481	281767	0
17	319550	247110	0
17	319550	247190	0
17	319550	281767	0
17	319550	281768	0
17	319550	281827	0
17	32006689	32003202	0
17	32035640	32036023	6
17	32088961	32088159	0
17	32088961	32088160	0
17	32107463	32106329	0
17	32107463	32106331	0
17	32114123	32107215	0
17	32114126	32107215	0
17	321416	319419	0
17	321416	319440	0
17	321416	319506	0
17	321416	319521	0
17	32143136	32141225	0
17	32151505	32150432	0
17	32207030	32207511	0
17	32208310	32209349	0
17	32280954	32280386	0
17	32328660	32329343	2
17	32333521	32328442	1
17	32333521	32331361	1
17	32334544	32331595	2
17	32334606	32324564	1
17	32334606	32333416	1
17	32334606	32333457	1
17	32334840	32334468	1
17	32334840	32334490	1
17	32334840	32334537	1
17	32335363	32334774	3
17	32335443	32334650	3
17	32335443	32334774	4
17	32335443	32334788	4
17	32337942	32335322	1
17	32337955	32335322	4
17	32337955	32335341	4
17	32337957	32335322	4
17	32338352	32335322	1
17	32338352	32337896	8
17	32339925	32338207	5
17	32339939	32337896	3
17	32339939	32338006	6
17	32339939	32338018	6
17	32339939	32338207	5
17	32339939	32338209	5
17	32339963	32338207	8
17	32341285	32338207	9
17	32341285	32339812	6
17	32341872	32341203	3
17	32341902	32341203	6
17	32341953	32341203	4
17	32342122	32341203	4
17	32342168	32340868	4
17	32342171	32341203	3
17	32342190	32341203	3
17	32342210	32341203	3
17	32350024	32341999	0
17	32369746	32373398	26
17	32369783	32373398	26
17	32373458	32377917	16
17	32373458	32377920	16
17	32436406	32426757	0
17	32438761	32423970	0
17	32479377	32479850	12
17	32479887	32480145	14
17	32480198	32480488	3
17	32480632	32480752	48
17	32480632	32481310	447
17	32488087	32488246	32
17	32488541	32489143	14
17	32497074	32494452	0
17	32519351	32512868	0
17	32523425	32509953	0
17	32530050	32529007	0
17	32602712	32594340	0
17	32605242	32492521	0
17	32605242	32492608	0
17	32605242	32494718	0
17	32605242	32594202	0
17	32638836	32605086	0
17	32653948	32638721	0
17	32653948	32638774	0
17	32654622	32653842	0
17	32654622	32653863	0
17	32659339	32654476	0
17	32659407	32654476	0
17	32659452	32659114	0
17	32684285	32659114	0
17	32712196	32658978	0
17	32712196	32659114	0
17	32721136	32711987	0
17	32721190	32711987	0
17	32738386	32721022	0
17	32738386	32721105	0
17	32738386	32721144	0
17	32738386	32727586	0
17	32738386	32734724	0
17	32745286	32738252	0
17	32745286	32738357	0
17	327532	321271	0
17	327580	321271	0
17	327580	321379	0
17	32760397	32755491	0
17	32760405	32755491	0
17	32760405	32759811	0
17	3279154	3278774	0
17	3279154	3278825	0
17	3284381	3277198	0
17	32863044	32794192	0
17	32877145	32780575	0
17	32877178	32780575	0
17	32931403	32931474	1
17	3298361	3291016	0
17	33016040	33013086	0
17	33024015	33021218	0
17	33025983	33023860	0
17	33025983	33023864	0
17	33052868	33052106	0
17	33088991	33028241	0
17	33112068	33088862	0
17	331718	331799	0
17	331722	331799	0
17	331867	333055	0
17	332256	333055	0
17	33290755	33111916	0
17	33291108	33111940	0
17	33292989	33111916	0
17	3336127	3279075	0
17	3336127	3284398	0
17	333935	327466	0
17	333935	333205	0
17	334067	327466	0
17	33533514	33529786	0
17	33794750	33791837	0
17	33834568	33827763	0
17	3383900	3336032	0
17	3386294	3383803	0
17	3386307	3336028	0
17	3386318	3336032	0
17	338874	327466	0
17	339046	327466	0
17	339112	327466	0
17	33932686	33827756	0
17	33932686	33931131	0
17	33936823	33932599	0
17	339660	327466	0
17	33984317	33827727	0
17	33984375	33935443	0
17	34041418	33935436	0
17	34071563	33955023	0
17	34072326	33936003	0
17	34079101	34070816	0
17	34082225	34080881	0
17	341424	327466	0
17	34156001	34051703	0
17	34157295	33111916	0
17	34174724	34169371	0
17	34174965	34157180	0
17	34178974	34174559	0
17	34182846	34169371	0
17	34190669	34169371	0
17	34256340	34256721	0
17	34361897	34360327	0
17	3443272	3440018	0
17	3443272	3440021	0
17	3446602	3440242	0
17	3446602	3443173	0
17	3449150	3446471	0
17	3449150	3446555	0
17	34579370	34574122	0
17	3462579	3448806	0
17	3462579	3448811	0
17	3462579	3448819	0
17	3462579	3448986	0
17	3462579	3449010	0
17	34626585	34626854	0
17	3462768	3462482	0
17	3467526	3462706	0
17	3467555	3462706	0
17	3467555	3462742	0
17	3469399	3462706	0
17	3469399	3467425	0
17	3469399	3467473	0
17	3471740	3469282	0
17	3471747	3469282	0
17	3471788	3469282	0
17	3471798	3469282	0
17	3471802	3469282	0
17	3471825	3462706	0
17	3471827	3469282	0
17	3472135	3469282	0
17	3472299	3469282	0
17	3472342	3469282	0
17	34859047	34837870	0
17	34929035	34927858	0
17	34929035	34927918	0
17	34929035	34927929	0
17	34929035	34927931	0
17	349376	348909	0
17	34939331	34932366	0
17	34939714	34932366	0
17	34942644	34940538	0
17	34942907	34942483	0
17	34942907	34942558	0
17	34944464	34940538	0
17	34949716	34942483	0
17	34952054	34942483	0
17	34962869	34963023	79
17	34981079	34954425	0
17	34997826	34998199	1
17	34997826	34998218	1
17	34998728	34999306	0
17	35002790	35002994	0
17	35002790	35004272	2
17	35003174	35004272	3
17	35008233	35007245	26
17	35014764	35005989	24
17	35014764	35009117	3
17	35014764	35011613	3
17	35014764	35011678	3
17	35014764	35012001	3
17	35014764	35012048	3
17	35016581	35009111	3
17	35016581	35011348	2
17	35016581	35011908	0
17	35016581	35014739	2
17	35017607	35016369	0
17	35017607	35016461	0
17	35021412	35016369	3
17	35021782	35016369	2
17	35021782	35017522	0
17	35025341	35021621	0
17	35026562	35021370	0
17	35026562	35021505	1
17	35026562	35025182	1
17	35026569	35017522	0
17	35036519	35026373	0
17	35042298	35026373	0
17	35063853	35026373	0
17	35069659	35026373	0
17	35088836	35026373	0
17	35089195	35026373	0
17	35089248	35017522	0
17	35089296	35026373	0
17	35089316	35069293	0
17	35089320	35026373	0
17	35101366	35016369	0
17	35101366	35016568	0
17	35101366	35026495	0
17	35101366	35092207	7
17	35101366	35099791	34
17	35101366	35100382	34
17	35101366	35100529	2
17	35101366	35100671	6
17	35101366	35100766	6
17	35101366	35100826	2
17	35103325	35101200	2
17	35103325	35101323	2
17	35103325	35101361	2
17	35103545	35103253	0
17	35106250	35103453	0
17	35106250	35104852	0
17	35106482	35103453	0
17	35106482	35103515	0
17	35106482	35104935	0
17	35106482	35106127	0
17	35106482	35106137	0
17	35107062	35106385	0
17	35107123	35106185	0
17	35107123	35106385	0
17	35107123	35106440	0
17	35107448	35106127	1
17	35107448	35106385	0
17	35107448	35106440	0
17	35107448	35106987	0
17	35117038	35106385	0
17	35117038	35106440	0
17	35117038	35106987	0
17	35117038	35107365	0
17	35118620	35106385	1
17	35118620	35106440	1
17	35118620	35106987	1
17	35118620	35107365	1
17	35119173	35106127	0
17	35119173	35106385	0
17	35119173	35106440	0
17	35119173	35106987	1
17	35119173	35107238	0
17	35119173	35107365	0
17	35119547	35106385	1
17	35121450	35107365	1
17	35121482	35107365	1
17	35121494	35106385	0
17	35121498	35107365	1
17	35121523	35106385	0
17	35121523	35107365	0
17	35129659	35130281	31
17	35133242	35128752	23
17	35133242	35131346	8
17	35133242	35132070	4
17	35133242	35132243	3
17	35136498	35136168	3
17	35137168	35136361	0
17	35137194	35136361	0
17	35137194	35136366	1
17	35137641	35137000	0
17	35137641	35137052	2
17	3513769	3469316	0
17	35137891	35137023	2
17	3513853	3469282	0
17	3514673	3510501	0
17	3514673	3510502	0
17	3514673	3513189	0
17	3514673	3513820	0
17	3514673	3513845	0
17	3516570	3514065	0
17	3516570	3514592	0
17	35167013	35164242	0
17	35237982	35232266	0
17	35242964	35231449	0
17	3526928	3518575	0
17	3526928	3520972	0
17	3526928	3524197	0
17	352791	327466	0
17	352808	333758	0
17	3528127	3526853	0
17	3528127	3526872	0
17	352843	327466	0
17	3528989	3528024	0
17	3528996	3527696	0
17	3528996	3528024	0
17	353098	333758	0
17	35353132	35351898	76
17	35354060	35350304	4
17	35360372	35353335	3
17	35362993	35360018	0
17	35363827	35360242	2
17	35367044	35363438	0
17	35367044	35363661	0
17	35367064	35362738	0
17	35367064	35363472	0
17	35367064	35363506	0
17	35367064	35363535	0
17	35367064	35363536	0
17	35367064	35363567	0
17	35367295	35363621	0
17	35367701	35366946	3
17	35373608	35362738	0
17	35373621	35366946	0
17	35373621	35367265	0
17	35373621	35367540	3
17	35373621	35367602	1
17	35373621	35367649	0
17	35373623	35366946	0
17	35373696	35367602	0
17	35373702	35367602	0
17	35403007	35400877	0
17	35409769	35406683	11
17	35420382	35411059	0
17	35420382	35411068	0
17	35420382	35411070	0
17	35420382	35411316	0
17	35420836	35411367	0
17	35423069	35420273	5
17	35430593	35421989	0
17	35430614	35422820	0
17	35432258	35422682	1
17	35432258	35430470	0
17	35432258	35431882	0
17	35432525	35421989	0
17	35433284	35421989	0
17	35442287	35435095	0
17	35442287	35437542	0
17	35442287	35437544	0
17	35442287	35438983	0
17	35442287	35439479	0
17	35442287	35439497	0
17	35443921	35441562	0
17	35443921	35442099	0
17	35443955	35441889	0
17	35445694	35443788	0
17	35445694	35444614	0
17	35446011	35443788	0
17	35446754	35444614	0
17	35446933	35445447	0
17	35447395	35446716	0
17	35447415	35443788	0
17	35447415	35444614	0
17	35447415	35445361	0
17	35447415	35445372	0
17	35447415	35445655	0
17	35447415	35446716	0
17	35447415	35446839	0
17	35448370	35447267	0
17	35448756	35446985	0
17	35448765	35447267	0
17	35448783	35447267	0
17	35448786	35447267	0
17	35448838	35447267	0
17	35478186	35473688	0
17	35478186	35474903	0
17	35478186	35474922	0
17	35478227	35464256	0
17	35478470	35464248	0
17	35480196	35478074	0
17	35480198	35478074	0
17	35510040	35499689	0
17	35522970	35479116	0
17	35540798	35540038	0
17	3554853	3545166	0
17	3554853	3546644	0
17	35553445	35548124	0
17	35554705	35552729	0
17	35558099	35554575	0
17	35562078	35561538	0
17	35577592	35574794	0
17	35577592	35574795	0
17	35577592	35575785	0
17	3557768	3554731	0
17	3557806	3554731	0
17	3557807	3552210	0
17	35578078	35577054	3
17	35578553	35577037	12
17	35578630	35577037	0
17	35578638	35577037	0
17	3557996	3554731	0
17	3571640	3565443	0
17	3571640	3565458	0
17	3571640	3565793	0
17	3571640	3566777	0
17	3571640	3566812	0
17	3571640	3566814	0
17	3573956	3572121	0
17	35747269	35744510	0
17	35747269	35744815	0
17	35747269	35744822	0
17	35758326	35757198	0
17	35766895	35756249	0
17	35767036	35766339	0
17	35767890	35766196	0
17	35767920	35756248	0
17	35767920	35766339	0
17	35768327	35767751	0
17	35768380	35767751	0
17	35770313	35768229	0
17	35770313	35768314	0
17	3577193	3573632	0
17	3577193	3573821	0
17	35779076	35770066	0
17	35779076	35773179	0
17	35779312	35778887	0
17	35779324	35778504	0
17	35779324	35778887	0
17	35779369	35778504	0
17	3578854	3577954	0
17	3580528	3577125	0
17	3580528	3577597	1
17	35809577	35809971	16
17	35820076	35820163	0
17	35820076	35820331	1
17	35820240	35820331	3
17	35820249	35820331	3
17	35830294	35816716	12
17	35844567	35844879	22
17	35844729	35844857	50
17	35855751	35854945	0
17	35855751	35854950	0
17	35855751	35854955	0
17	35855751	35855001	0
17	35855751	35855380	0
17	35856225	35855663	0
17	35856358	35855663	0
17	35856358	35855745	0
17	35856806	35855663	0
17	3585927	3583337	0
17	35863126	35858887	0
17	35863560	35858887	0
17	35864303	35862994	0
17	35864303	35863501	0
17	35864554	35863501	0
17	35864554	35864245	0
17	35864554	35864272	0
17	35864891	35864496	0
17	35865397	35864496	0
17	35865397	35864757	0
17	35865397	35864877	0
17	35866774	35864757	0
17	35875643	35872001	0
17	35878640	35871490	0
17	3588368	3585148	0
17	3588368	3585767	0
17	35885613	35885705	0
17	3590106	3585767	0
17	35906273	35905037	0
17	35911024	35893706	0
17	35920273	35918065	0
17	35920273	35918079	0
17	35920273	35918341	0
17	35922676	35920186	0
17	35924773	35920186	0
17	35924773	35922154	0
17	35924773	35922477	0
17	35924773	35922576	0
17	35925638	35918341	0
17	35925638	35920186	0
17	35925638	35922480	0
17	35925638	35922576	0
17	35925638	35922654	0
17	35936834	35934517	0
17	35936834	35934530	0
17	35937917	35936688	0
17	35937917	35936754	0
17	35965472	35963511	0
17	35965473	35963487	0
17	35977732	35976492	0
17	35978264	35976498	0
17	35978264	35976567	0
17	35978264	35977372	0
17	35984453	35983293	0
17	35984453	35983655	0
17	35984453	35983658	0
17	35984453	35983686	0
17	35986650	35985747	0
17	35986676	35984333	0
17	35986705	35984337	0
17	35986705	35985747	0
17	35986759	35984337	0
17	35987005	35983290	0
17	35997861	35986570	0
17	35997861	35996439	0
17	35998371	35997720	0
17	35998392	35997581	0
17	35998392	35997720	0
17	36013782	36013056	0
17	36013859	36013055	0
17	36013910	36013057	0
17	3608566	3592066	0
17	36089298	36088255	0
17	36090135	36088292	0
17	36090142	36089182	0
17	36090170	36088255	0
17	3609412	3608426	32
17	36103982	36104527	0
17	36103982	36105224	0
17	36104643	36105224	0
17	3610973	3592066	0
17	3615538	3608261	0
17	3615538	3609308	0
17	36167697	36165680	0
17	36170604	36169890	0
17	36170604	36170070	0
17	36172402	36171854	0
17	36172653	36171854	0
17	36172926	36172293	0
17	36173448	36172844	0
17	36173448	36172885	0
17	36173631	36172844	0
17	36195913	36194868	0
17	36195913	36194995	0
17	36196458	36195797	0
17	36196748	36194868	0
17	36196759	36195797	0
17	3619914	3619255	0
17	36211891	36212292	0
17	36211891	36212302	0
17	36211891	36212312	0
17	36211891	36212333	0
17	36211891	36212363	0
17	36211891	36212481	0
17	36211891	36212496	0
17	3621413	3615336	0
17	36226808	36225245	0
17	36255638	36253455	0
17	36255638	36253638	0
17	36255638	36253953	0
17	36379549	36377530	0
17	36430631	36428617	0
17	36451777	36450145	0
17	36492460	36492812	1
17	36498555	36495639	20
17	36498560	36495632	15
17	36498560	36495637	14
17	36498560	36495754	16
17	36498560	36495932	15
17	36498884	36496184	32
17	36499161	36498265	18
17	36499345	36498265	21
17	36500960	36499074	45
17	36501236	36500829	8
17	36501769	36499669	11
17	36501902	36501068	9
17	36501962	36501068	6
17	36503201	36501068	4
17	36503201	36501165	8
17	36503201	36501851	3
17	36504013	36503096	4
17	36504021	36503096	4
17	36504133	36502814	4
17	36504430	36503096	6
17	36505178	36503096	10
17	36505405	36503096	7
17	36505405	36503949	13
17	36506609	36505154	0
17	36506609	36505296	0
17	36506609	36505396	0
17	36506807	36504901	0
17	36507140	36498265	4
17	36507513	36506962	0
17	36507618	36506962	0
17	36507925	36503949	6
17	36507925	36507398	3
17	36507925	36507422	3
17	36509136	36507802	4
17	36509136	36507832	5
17	36509136	36507842	5
17	36509923	36507398	2
17	36510854	36508896	2
17	36510918	36509061	1
17	36511259	36509066	2
17	36511456	36510745	5
17	36512780	36511364	7
17	36513458	36512657	24
17	36513506	36511206	7
17	36513506	36511364	9
17	36513506	36512657	21
17	36513726	36512873	4
17	36513726	36513085	19
17	36513726	36513165	1
17	36513726	36513428	0
17	36515991	36514445	4
17	36515991	36515112	5
17	36525342	36515857	4
17	36525342	36515874	5
17	36525342	36515917	4
17	36527700	36525227	3
17	36528203	36527550	5
17	36528203	36527653	5
17	36532682	36515857	5
17	36532682	36528063	3
17	36532682	36528080	3
17	36533424	36532526	1
17	36533424	36532647	1
17	36534105	36532526	2
17	36534105	36533159	2
17	36534105	36533291	2
17	36534220	36532526	1
17	36534220	36533159	2
17	36534791	36533952	0
17	36534811	36533952	0
17	36534866	36533952	0
17	36534869	36533952	0
17	36534897	36533952	2
17	36534928	36533952	1
17	36534989	36533952	0
17	36535416	36533952	19
17	36535458	36533952	10
17	36542166	36533921	2
17	36542244	36535251	2
17	3656922	3655620	0
17	36578187	36579244	1
17	36585451	36585839	2
17	36585966	36586049	1
17	36598258	36598920	5
17	36599051	36599670	9
17	36599051	36599971	10
17	36599764	36599971	11
17	36600038	36600161	5
17	3660351	3660616	45
17	3664273	3662901	8
17	3664273	3663062	320
17	3664799	3662895	9
17	3668680	3664678	4
17	3668683	3664678	4
17	3672494	3664678	3
17	3676327	3673229	19
17	3679785	3669057	8
17	3679785	3672198	9
17	3679785	3673226	10
17	3679785	3673244	11
17	3679785	3673250	11
17	3679785	3673599	8
17	3679785	3676178	8
17	3681979	3679589	0
17	3681979	3679610	0
17	3682872	3679589	2
17	36863120	36861673	0
17	3688041	3679589	0
17	3688106	3681895	0
17	3688106	3685519	0
17	3690151	3688625	0
17	3690151	3689491	0
17	3690524	3690069	0
17	3690650	3690426	0
17	3690681	3690083	0
17	3690681	3690426	0
17	36927806	36907287	0
17	36933397	36927699	4
17	36936623	36932108	1
17	36936653	36933203	3
17	36936659	36906994	0
17	36936662	36863016	0
17	36943457	36940048	4
17	37045969	37045461	0
17	37087440	37086879	120
17	37088984	37087319	2
17	37089075	37084987	0
17	37089075	37084993	0
17	37089075	37084997	0
17	37089075	37086816	0
17	37089075	37086875	0
17	37089075	37087221	2
17	37149975	37130074	0
17	37161836	37155682	0
17	37162051	37155682	0
17	3716799	3714627	0
17	3716799	3714635	1
17	3716799	3714665	1
17	3716799	3714691	1
17	37179407	37161599	0
17	37179407	37161780	0
17	37181357	37161780	0
17	3718380	3714652	2
17	37188481	37181200	0
17	37191276	37188276	0
17	37191276	37188302	0
17	37200484	37200138	0
17	37205813	37200426	0
17	37205873	37200426	0
17	37205873	37200428	0
17	37207801	37206782	0
17	37210491	37207656	1
17	37221843	37207729	0
17	37221843	37210466	0
17	37222029	37221723	0
17	37223602	37221517	0
17	37223602	37221723	0
17	3723384	3720306	8
17	3723838	3720306	13
17	37248157	37246825	0
17	37248675	37248010	0
17	37248677	37247901	0
17	37274300	37270750	0
17	37276050	37274192	0
17	37276050	37274216	0
17	37278006	37277032	0
17	3728027	3723687	63
17	3728027	3724317	61
17	3728169	3727918	15
17	3728169	3728013	14
17	37283406	37277895	0
17	37283406	37277987	0
17	3728475	3727918	3
17	37284971	37283266	0
17	37289529	37284837	0
17	37299768	37284837	0
17	3731184	3728104	1
17	3731184	3729477	0
17	37330336	37284837	0
17	37330400	37328644	0
17	37330426	37284837	0
17	37330426	37289417	0
17	37330426	37328961	0
17	37365569	37339803	0
17	37365751	37345252	0
17	37365751	37360204	0
17	37406673	37339803	0
17	37406781	37339803	0
17	37406781	37369369	0
17	37406819	37360232	0
17	37408595	37407935	0
17	37477491	37478053	19
17	37477566	37478025	15
17	37517343	37515444	16
17	3751875	3750351	0
17	37520215	37514796	4
17	37520215	37518886	1
17	37520649	37517829	4
17	37520649	37518460	2
17	37520649	37519009	2
17	3753431	3751649	0
17	3753431	3751869	0
17	37536128	37520537	0
17	37536128	37529782	0
17	37537479	37520537	0
17	37538421	37535978	0
17	37538421	37536085	0
17	37542387	37540379	0
17	37542431	37540379	2
17	37542566	37540379	0
17	37554060	37540379	0
17	37554060	37540625	0
17	37554060	37541971	0
17	37557204	37553986	0
17	37561258	37553114	0
17	37561258	37553415	0
17	37568921	37561470	0
17	37568925	37561470	0
17	37570886	37566848	0
17	37570886	37568790	0
17	37571988	37568790	0
17	37571988	37570636	0
17	37576419	37571790	0
17	37576419	37571832	0
17	37576481	37571790	0
17	37584760	37576340	0
17	37584760	37577379	0
17	37584760	37579131	0
17	37585414	37584321	0
17	37585431	37584647	0
17	37586550	37585324	0
17	37586550	37585341	0
17	37610169	37613763	30
17	37614354	37609738	22
17	37618385	37609777	7
17	37618385	37612109	4
17	37618385	37613112	3
17	37618385	37613754	5
17	37619840	37618291	0
17	37620949	37619767	2
17	37621278	37618291	5
17	37621521	37618291	5
17	37621521	37619767	5
17	37624435	37619767	2
17	37624435	37620872	0
17	37624435	37621397	2
17	37626087	37624054	0
17	37626099	37624343	1
17	37626861	37625894	0
17	37628673	37626787	0
17	37628673	37626825	0
17	37632299	37630029	0
17	37633419	37630808	0
17	37633419	37632112	1
17	37642309	37632112	0
17	37699195	37686431	0
17	37699195	37687171	0
17	37701178	37687241	0
17	37705050	37687241	0
17	37731831	37710502	0
17	37733589	37731660	0
17	37733744	37731594	0
17	37733818	37728610	0
17	37733822	37731594	0
17	37739640	37731594	0
17	37802328	37798893	0
17	37828965	37828304	0
17	37845380	37842948	0
17	37854509	37828702	0
17	37854509	37845121	0
17	37855213	37854402	0
17	37855229	37854302	0
17	37855230	37854402	0
17	37980173	37977971	0
17	37980173	37978154	0
17	3803383	3802164	2
17	38059711	38057692	0
17	3813251	3812539	109
17	3814484	3802164	13
17	3814484	3811522	2
17	3814484	3811527	4
17	38183677	38181658	0
17	3818573	3816115	0
17	38196472	38195702	1
17	38196472	38195871	1
17	3821353	3818262	0
17	3824093	3821952	7
17	3824093	3822503	10
17	38242286	38219045	0
17	3825051	3821952	2
17	3825844	3821952	0
17	38328504	38325529	0
17	38333398	38325609	0
17	38339526	38337632	0
17	38339529	38337632	0
17	38343811	38337632	0
17	38343811	38339416	0
17	38343848	38339334	0
17	38451394	38450393	13
17	38451394	38450587	20
17	38451689	38451055	34
17	38451757	38451305	36
17	38451828	38451305	29
17	38451904	38451160	42
17	38451947	38450625	56
17	38477706	38477827	109
17	38543970	38530015	0
17	38543970	38532443	0
17	38543970	38541280	0
17	38543970	38541283	0
17	38546722	38545267	0
17	38547882	38543822	0
17	38547882	38544577	0
17	38548710	38543822	1
17	38552133	38551154	0
17	38552595	38551678	0
17	38552595	38551885	0
17	38562329	38560332	0
17	38562921	38561462	0
17	38562921	38561921	0
17	38604613	38578489	0
17	38605843	38578489	0
17	38605931	38578489	0
17	386234	333758	0
17	386255	327466	0
17	3866012	3860314	0
17	3869616	3865156	0
17	3869616	3865907	0
17	38706262	38703479	3
17	38715714	38715327	0
17	38716717	38715577	31
17	38719268	38716506	4
17	38720273	38719114	2
17	38724977	38725556	10
17	38725861	38726880	91
17	38730407	38730759	51
17	38735597	38733899	42
17	38736171	38733896	44
17	38736171	38733897	44
17	38736171	38734279	35
17	38736171	38735043	7
17	38736171	38735108	9
17	38736171	38735111	9
17	38749818	38748195	5
17	38770540	38765688	25
17	38771273	38770435	6
17	38777801	38771013	1
17	38777801	38771173	0
17	38777801	38776603	1
17	38780605	38779382	0
17	38784340	38780451	0
17	38784340	38780552	0
17	38802862	38800433	6
17	38802862	38801724	6
17	3880435	3876222	0
17	38806396	38802699	2
17	38806396	38802814	2
17	38806396	38802839	5
17	38806977	38806296	6
17	38809766	38806764	0
17	38809766	38806799	0
17	38809809	38806502	0
17	38810401	38809701	0
17	38810596	38809701	0
17	38810596	38810275	12
17	38812861	38810353	1
17	38812865	38809701	0
17	38812865	38810275	0
17	38812865	38810467	0
17	3881649	3880345	0
17	3882565	3878830	0
17	38837241	38835087	0
17	38850215	38847864	44
17	38850476	38847866	62
17	38850476	38850080	35
17	38850476	38850116	35
17	38850662	38850085	34
17	38852733	38847864	31
17	38852733	38850113	37
17	38852733	38850361	32
17	38852733	38850421	34
17	38852733	38850438	34
17	38853106	38850080	32
17	38853106	38852603	15
17	38853425	38853021	25
17	38853429	38853021	23
17	38853630	38853021	18
17	38853723	38853021	9
17	38853736	38853021	9
17	38853738	38853021	9
17	38853739	38852597	18
17	38853741	38853021	9
17	38853844	38853021	9
17	38904601	38903703	0
17	38919983	38920306	626
17	38921770	38918800	515
17	38938733	38936431	0
17	3898111	3896591	0
17	39009703	39003247	0
17	39013032	39009291	0
17	39013033	39009638	0
17	39027111	39026714	0
17	39030259	39031151	0
17	39031605	39031805	0
17	3904025	3903201	0
17	3904025	3903550	0
17	3904400	3903550	0
17	3904400	3903927	0
17	39044667	39045080	0
17	39045133	39045206	0
17	3904744	3903911	0
17	3905368	3904857	0
17	39070017	39063302	0
17	39070017	39067129	0
17	39070017	39067131	0
17	39070017	39067159	0
17	39070472	39067921	0
17	39072486	39069855	0
17	39078009	39072013	0
17	39078049	39069980	0
17	39078049	39072449	0
17	39079165	39077912	0
17	39079165	39077948	0
17	39079271	39077912	0
17	39079529	39077912	0
17	39081450	39079103	0
17	39083541	39077912	0
17	39083541	39079103	0
17	39083541	39079501	0
17	39083541	39081249	0
17	39087703	39079103	0
17	39087703	39083458	0
17	39105954	39087606	0
17	39105954	39087607	0
17	39105954	39087628	0
17	39105954	39096867	0
17	39107469	39105853	0
17	39107488	39105853	0
17	39107526	39105853	0
17	39108246	39107406	0
17	39108974	39108122	0
17	39108974	39108201	0
17	39108974	39108714	0
17	39109392	39108903	0
17	39112178	39109247	0
17	39127005	39109247	0
17	39132038	39109247	0
17	39137556	39109247	0
17	39139833	39109247	0
17	39139833	39126904	0
17	39139833	39126938	0
17	39152700	39109247	0
17	3915979	3905262	0
17	39160743	39156893	0
17	39160743	39160197	0
17	3916453	3905219	0
17	3916501	3905219	0
17	39165140	39162710	0
17	39165140	39164078	0
17	39165761	39165078	0
17	39165868	39165078	0
17	39166162	39164974	0
17	39166618	39165714	0
17	39167066	39166509	0
17	39177536	39173455	3
17	39177536	39173800	3
17	39178080	39177135	2
17	39178080	39177349	2
17	39178271	39177416	3
17	39184384	39184030	0
17	39184865	39184324	0
17	39186573	39184783	0
17	39186573	39185130	4
17	39186573	39185949	0
17	39186930	39186422	0
17	39186930	39186495	0
17	39186930	39186541	0
17	39193494	39191473	0
17	39193494	39191614	0
17	39193798	39192023	0
17	39193825	39191473	0
17	39193884	39187478	0
17	39194971	39191473	0
17	39195072	39191473	0
17	39202440	39202988	27
17	39213133	39210535	0
17	39213133	39211240	0
17	3925442	3923874	0
17	39261568	39259130	7
17	39264388	39252643	2
17	39264388	39260586	0
17	39264388	39261451	0
17	39264388	39261459	0
17	39265454	39263875	0
17	39265454	39264174	0
17	3928039	3925290	0
17	3928039	3925377	0
17	3928328	3923869	0
17	3928328	3925290	0
17	3928328	3925395	0
17	3928328	3927980	0
17	3928621	3925046	0
17	3928781	3923874	0
17	3928781	3925259	0
17	3928781	3925290	0
17	3928781	3925345	0
17	3928781	3927980	0
17	3928781	3928226	0
17	3928781	3928239	0
17	3929446	3928157	0
17	3929446	3928662	0
17	3930372	3929327	0
17	3930428	3929327	0
17	3930435	3929327	0
17	3930872	3929327	0
17	39343242	39303584	0
17	3935278	3930300	0
17	3936353	3934935	0
17	3936470	3935191	0
17	3937088	3935191	0
17	39401624	39343179	0
17	39401657	39343179	0
17	39401664	39343179	0
17	39401707	39343179	0
17	39402524	39343179	0
17	39410722	39404284	51
17	39415132	39406600	0
17	39415132	39407713	0
17	39415132	39410580	0
17	3941655	3940970	0
17	3942732	3941435	0
17	3942732	3941438	0
17	39427791	39424626	0
17	39431189	39427700	0
17	39431237	39427445	0
17	39443629	39440622	0
17	39445570	39443549	0
17	39447905	39443549	0
17	3953430	3951580	0
17	3953711	3953280	0
17	3953711	3953346	0
17	39607944	39604779	0
17	39626941	39627305	0
17	39658027	39658267	2
17	39658027	39658404	2
17	39658027	39658412	2
17	39658027	39658721	2
17	39658523	39658708	5
17	39658523	39658721	5
17	39659554	39660159	7
17	39659554	39660210	6
17	39659554	39660430	6
17	39660274	39660430	10
17	39662345	39662803	2
17	39662368	39662803	2
17	39665780	39665851	3
17	39669837	39669950	0
17	39673256	39671121	12
17	39673256	39671122	12
17	39673256	39672775	14
17	39673651	39673050	3
17	39673651	39673174	3
17	39674055	39673050	1
17	39674055	39673513	1
17	39674055	39673528	1
17	39674680	39673050	2
17	39674680	39673513	4
17	39674680	39673874	2
17	39674680	39673940	4
17	39674680	39673992	4
17	39684617	39674616	2
17	39684699	39676613	0
17	39684750	39671121	0
17	39684750	39673513	1
17	39684750	39673992	0
17	39684750	39674616	1
17	39684750	39676613	0
17	39684906	39674616	0
17	39686020	39673992	0
17	39686020	39674616	0
17	39686020	39684596	0
17	39686020	39684601	0
17	39688050	39684596	0
17	39696798	39685921	0
17	39712048	39712321	0
17	39715940	39716300	7
17	39716434	39716514	0
17	39725205	39725326	1
17	39725403	39725706	0
17	39729762	39729155	6
17	39730292	39729157	3
17	39730292	39729684	0
17	39730492	39729684	0
17	39730511	39730193	11
17	39730517	39729159	0
17	39730533	39729684	0
17	39730788	39730193	0
17	39742717	39742873	0
17	39742717	39742897	0
17	39743277	39743392	0
17	39743302	39743392	0
17	39777768	39757714	0
17	39777768	39757720	0
17	39777768	39765283	0
17	39777768	39765495	0
17	39777768	39765789	0
17	39788375	39765789	0
17	39791584	39765789	0
17	39792934	39765283	0
17	39792934	39765789	0
17	39829489	39765283	0
17	39829489	39765789	0
17	39832152	39765283	0
17	39864127	39832097	0
17	39864128	39832097	0
17	39864189	39832097	0
17	39905497	39904594	0
17	39905497	39904595	0
17	39905497	39904596	0
17	39905497	39904811	0
17	39905939	39905270	0
17	39905986	39905425	0
17	39906272	39905846	0
17	39906272	39905964	0
17	39906988	39905846	0
17	39906988	39906110	0
17	39907500	39906194	0
17	39907740	39905846	0
17	39908215	39906110	0
17	39909043	39905846	1
17	39909043	39906110	0
17	39909925	39906110	0
17	39909925	39906960	1
17	39909925	39908957	3
17	39912344	39909755	0
17	39912498	39906110	0
17	39912498	39906960	1
17	39912498	39909452	0
17	39912498	39909755	0
17	39921750	39921042	36
17	39922686	39922097	41
17	39923264	39921040	3
17	39923264	39922276	3
17	39923264	39922497	1
17	39923264	39922549	1
17	39923264	39922624	1
17	39926842	39925168	0
17	39926847	39925795	0
17	39927230	39924029	0
17	39927602	39923111	0
17	39927602	39924029	0
17	39989930	39990093	5
17	40014360	40012543	0
17	40014630	40012225	0
17	40015515	40015690	0
17	40016341	40016484	0
17	40019934	40019096	28
17	40019934	40019097	28
17	40019934	40019101	28
17	40019934	40019107	28
17	40019934	40019172	21
17	40019934	40019502	17
17	40019934	40019528	26
17	40020011	40019144	11
17	40020011	40019631	17
17	40020354	40019784	4
17	40020483	40019784	13
17	40020611	40019448	11
17	40022055	40019784	10
17	40022443	40021954	0
17	40022485	40021954	0
17	40022827	40022393	1
17	40022827	40022411	1
17	40023161	40022644	0
17	40023396	40022644	3
17	40023652	40022644	11
17	40026332	40023130	3
17	40026332	40023288	9
17	40026332	40023364	10
17	40026451	40023141	11
17	40026747	40026155	8
17	40026747	40026177	7
17	40026747	40026302	6
17	40027035	40026646	13
17	40027150	40026305	23
17	40027466	40026855	19
17	40027466	40027014	21
17	40027524	40026855	16
17	40027947	40026855	8
17	40027947	40027382	7
17	40028060	40027382	7
17	40031246	40029747	0
17	40031621	40031158	6
17	40031621	40031167	6
17	40032763	40032042	3
17	40033173	40032670	5
17	40033207	40032648	4
17	40033207	40032672	5
17	40033207	40032715	5
17	40033457	40033055	7
17	40033647	40033055	11
17	40033676	40033055	11
17	40033772	40033055	12
17	40034973	40033055	8
17	40034973	40033344	8
17	40034973	40033706	11
17	40035350	40033344	4
17	40035350	40034915	13
17	40035796	40019128	8
17	40035796	40035116	0
17	40035796	40035142	0
17	40035796	40035197	0
17	40035796	40035261	0
17	40035796	40035284	0
17	40035796	40035295	0
17	40035796	40035321	0
17	40036155	40032042	6
17	40036155	40035116	0
17	40036155	40035721	0
17	40036155	40035774	0
17	40053313	40035721	0
17	40053378	40036120	0
17	40053381	40035116	0
17	40053381	40035721	0
17	40053381	40035900	0
17	40053381	40036115	0
17	40053609	40053297	13
17	40053616	40053297	19
17	40053636	40053297	20
17	40053658	40053297	11
17	40053658	40053347	11
17	40053680	40053297	11
17	40053769	40053297	11
17	40053874	40053297	8
17	40054093	40053297	6
17	40054406	40053297	4
17	40054409	40035721	0
17	40054409	40036115	0
17	40054409	40053297	4
17	4008955	4004444	8
17	40094123	40092786	2
17	4009758	4008882	3
17	40122761	40123284	91
17	40131346	40131536	2
17	40133110	40133533	3
17	4013615	4008259	4
17	4013615	4009603	0
17	4014516	4014089	0
17	40161912	40162001	0
17	40163603	40163885	224
17	4016467	4014346	0
17	4016467	4014377	0
17	40167949	40168202	6
17	4017581	4014346	3
17	4017731	4016322	5
17	4017972	4017370	0
17	4017972	4017647	0
17	40181374	40181615	1
17	40181487	40181615	4
17	40192694	40192925	0
17	4022829	4021128	0
17	4025119	4022415	0
17	4025119	4022416	0
17	4025119	4022708	0
17	40301031	40301467	8
17	4032259	4024918	0
17	40342691	40340866	2
17	40342707	40342795	1
17	4034293	4032827	3
17	40348465	40349783	0
17	40381839	40380665	0
17	40389603	40388525	624
17	40390165	40388515	25
17	40390165	40389561	25
17	40391641	40389964	14
17	40392102	40389964	13
17	40396466	40395448	5
17	40398642	40396282	3
17	40398642	40396382	1
17	40413626	40413194	0
17	40416069	40413479	0
17	4042569	4033530	0
17	4042569	4034014	0
17	40478334	40475827	0
17	40478649	40477803	0
17	40478649	40478231	0
17	40478649	40478306	0
17	40558943	40553768	0
17	40558943	40554329	0
17	40565460	40555091	0
17	4058156	4054056	0
17	4058156	4056215	0
17	40630287	40627721	12
17	40630287	40627742	13
17	40630287	40627743	13
17	40630287	40627760	12
17	40630287	40627761	12
17	40630287	40627780	12
17	40630287	40628148	8
17	40630925	40624961	5
17	40630925	40625002	5
17	40630925	40627355	5
17	40630925	40627456	5
17	40630925	40627709	6
17	40630925	40627718	6
17	40630925	40627742	7
17	40630925	40627743	7
17	40630925	40627744	7
17	40630925	40627760	9
17	40630925	40627761	9
17	40630925	40627762	9
17	40630925	40627772	9
17	40630925	40627817	10
17	40630925	40627839	11
17	40630925	40628467	5
17	40630925	40628784	6
17	40630925	40628796	6
17	40630925	40629455	5
17	40630925	40630207	5
17	40631694	40627737	9
17	40631694	40628108	6
17	40631694	40629334	6
17	40631694	40629622	8
17	40631694	40630454	4
17	40631694	40630713	4
17	40631694	40630830	8
17	40631694	40630908	6
17	40631712	40630713	4
17	40631762	40629463	6
17	40632368	40627742	5
17	40632368	40627743	5
17	40632368	40627758	5
17	40632368	40627760	5
17	40632368	40627761	5
17	40632368	40628775	4
17	40632368	40630207	2
17	40632368	40630713	4
17	40632368	40631591	3
17	40632963	40630713	2
17	40633202	40631591	4
17	40633629	40627762	9
17	40636099	40632194	0
17	40636099	40632222	3
17	40636103	40627466	1
17	40636103	40630713	2
17	40636103	40631591	0
17	40636103	40631813	0
17	40636103	40632194	0
17	40636514	40635930	0
17	40636527	40631591	0
17	40636527	40632194	1
17	40636527	40634162	0
17	40636527	40634163	0
17	40636527	40635741	0
17	40636527	40635930	0
17	40636527	40635932	0
17	40636527	40636065	1
17	40636832	40636063	0
17	40637573	40636177	0
17	40637573	40636394	0
17	40637573	40636408	0
17	40637732	40636394	0
17	40640079	40637491	5
17	40642367	40637491	5
17	40642513	40637491	2
17	40642560	40637095	0
17	40642560	40637491	3
17	40642560	40639980	3
17	40644460	40642454	0
17	40645620	40637491	0
17	40645620	40640573	1
17	40645620	40642117	0
17	40645620	40642454	1
17	40645620	40644384	0
17	40645837	40645575	0
17	40645848	40637491	0
17	40645848	40642454	0
17	40645848	40642895	0
17	40645848	40645575	0
17	40647834	40637491	0
17	40647834	40642454	0
17	40647834	40645575	0
17	40647836	40645575	0
17	40647840	40637491	0
17	40647840	40642454	0
17	4064830	4062752	0
17	40648371	40645795	2
17	40648397	40637491	0
17	40648655	40645795	2
17	40648865	40645795	2
17	40649089	40636394	0
17	40649469	40645795	6
17	40656631	40648570	0
17	40657488	40654664	0
17	40657488	40655619	0
17	40657488	40656321	0
17	40657751	40647772	0
17	40657751	40657351	0
17	40660208	40657208	0
17	40660208	40657673	0
17	40662045	40659986	0
17	40662096	40660157	0
17	4066541	4064360	0
17	4066541	4064798	0
17	40687369	40687037	0
17	40698651	40697990	0
17	4070917	4067162	0
17	4070925	4067162	0
17	4071447	4070778	0
17	40717803	40717234	0
17	40719141	40717704	0
17	40719777	40719033	0
17	4072757	4070683	0
17	4072828	4070810	1
17	40749326	40748020	0
17	4076760	4075262	0
17	40767654	40766237	0
17	4076990	4075951	0
17	4076990	4076636	0
17	40777303	40776807	0
17	40793211	40792202	0
17	40818984	40818116	81
17	40819162	40818116	6
17	40862636	40860942	0
17	40862636	40861302	0
17	40863344	40862564	0
17	40863611	40863122	0
17	40863611	40863321	0
17	40863731	40862629	0
17	40863865	40863484	0
17	40864963	40863702	0
17	40865329	40863755	0
17	40866238	40864805	0
17	40866238	40864886	0
17	40877418	40875940	0
17	40882655	40880613	0
17	40884911	40882462	0
17	40885228	40882571	0
17	40924504	40922695	0
17	40924504	40922699	0
17	40925575	40924471	0
17	40928361	40925160	0
17	40928361	40925353	0
17	40928608	40928237	0
17	40930097	40928445	0
17	40931456	40928445	0
17	40931456	40929675	0
17	40931456	40929939	0
17	40936836	40931372	0
17	40936954	40931372	0
17	40937260	40931372	0
17	40937260	40936741	0
17	40937260	40936831	0
17	40937421	40936207	0
17	40937451	40931372	0
17	40937487	40936447	0
17	40937585	40931372	0
17	40960502	40958416	0
17	40960502	40958461	0
17	40960698	40958499	0
17	40979025	40977715	0
17	40979025	40977881	0
17	410032	404540	0
17	41016862	41008520	0
17	41047268	41046790	64
17	41055212	41054749	34
17	41084567	41084611	0
17	41097827	41097526	3
17	41098085	41097701	2
17	41105582	41105626	1
17	41105712	41105741	0
17	41184896	41184101	0
17	41189947	41190003	0
17	41189971	41190003	0
17	41190162	41190491	0
17	41190177	41190275	0
17	41190249	41190275	0
17	41190370	41190522	0
17	413384	404467	0
17	413414	404534	0
17	413431	413996	1
17	41346669	41346091	0
17	41365000	41363493	0
17	41379177	41377649	0
17	41395069	41393723	0
17	414024	413128	0
17	41407616	41406511	0
17	41409939	41408632	0
17	41411776	41409855	0
17	41421588	41420752	0
17	41423845	41422777	0
17	41424524	41423761	0
17	41438314	41436445	0
17	41448666	41448182	0
17	41463051	41459810	0
17	41477204	41476689	0
17	41477739	41476688	0
17	41477739	41477049	0
17	41487171	41486135	0
17	41501745	41500980	0
17	41501912	41500981	0
17	41502595	41500980	0
17	41502595	41500989	0
17	41502595	41501718	0
17	41502813	41502224	0
17	41502813	41502249	0
17	41502813	41502373	0
17	41503099	41502686	0
17	41503344	41503068	0
17	41503444	41502936	0
17	41503444	41503017	0
17	41503726	41503286	0
17	41504577	41503658	0
17	41505236	41503642	0
17	41505598	41503642	0
17	41505614	41503286	0
17	41505614	41503642	0
17	41514675	41513742	0
17	41514675	41513744	0
17	41514675	41513745	0
17	41514755	41513756	0
17	41515693	41514648	0
17	41516011	41513745	0
17	41516011	41515471	0
17	41516011	41515561	0
17	41516266	41515884	0
17	41516965	41516103	0
17	41517166	41516103	0
17	41517166	41516807	2
17	41517610	41517082	0
17	41518462	41516103	0
17	41518462	41516807	0
17	41518462	41517082	1
17	41519011	41517082	1
17	41519873	41517082	2
17	41521020	41516807	0
17	41522414	41517082	1
17	41524269	41523616	0
17	41524269	41523874	0
17	41524541	41523713	0
17	41524541	41524142	0
17	41524752	41523987	0
17	41524994	41524378	0
17	41525000	41524378	0
17	41525000	41524518	0
17	41525222	41524492	0
17	41525274	41524842	0
17	41525673	41524977	0
17	41552538	41549605	0
17	41567751	41565840	0
17	41567751	41566103	0
17	41583141	41582278	0
17	41583456	41582308	0
17	41583456	41583093	1
17	41583677	41583234	0
17	41583677	41583248	0
17	41610237	41609777	0
17	41610552	41610189	0
17	41610980	41610330	0
17	41610980	41610408	0
17	41612287	41611638	0
17	41612754	41611638	0
17	41612900	41612157	0
17	41615900	41612542	0
17	41620559	41619440	0
17	41620559	41619441	0
17	41620559	41619442	0
17	41620559	41619445	0
17	41620559	41619484	0
17	41620830	41620179	0
17	41620880	41620535	0
17	41621092	41620658	0
17	41621202	41620658	0
17	41621755	41620965	0
17	41621755	41621025	0
17	41622452	41621626	0
17	41622512	41620965	0
17	41622512	41621592	0
17	41622512	41621661	0
17	41623033	41621592	0
17	41623033	41622354	0
17	41623269	41622354	0
17	41624189	41622949	0
17	41624207	41622949	0
17	41624297	41622949	0
17	41624465	41622949	0
17	41624576	41622872	0
17	41624576	41622949	0
17	41624709	41622949	0
17	41626840	41626326	0
17	41627763	41626326	0
17	41628107	41626535	0
17	41628107	41626789	0
17	41628107	41627079	0
17	41628470	41627886	0
17	41628767	41627949	0
17	41630631	41628354	0
17	41630631	41628604	0
17	41630631	41629075	0
17	41634107	41630418	0
17	41634634	41630418	0
17	41634634	41630553	0
17	41634655	41630476	0
17	4164374	4164665	123
17	4167912	4163956	98
17	41689070	41689777	51
17	41689070	41690087	38
17	41689266	41689777	58
17	41689942	41690087	23
17	41690820	41690902	3225
17	4169289	4163906	11
17	4169289	4165073	86
17	4169289	4165397	90
17	4169289	4166273	14
17	4169289	4167835	14
17	4169289	4168150	10
17	41724830	41717741	0
17	41725082	41717741	0
17	41725142	41724765	0
17	41725898	41717741	0
17	41725898	41720812	0
17	41725898	41722639	0
17	41731560	41728200	0
17	41755896	41754603	0
17	41756215	41754603	0
17	41756215	41755729	0
17	41758519	41757633	0
17	41758871	41758171	0
17	41758871	41758398	0
17	41767581	41764922	0
17	41769208	41767378	0
17	41769208	41767394	0
17	41769208	41767400	0
17	41769208	41767457	0
17	41769678	41768968	0
17	41771863	41769417	0
17	41771863	41769573	0
17	41771863	41769625	0
17	41772270	41771646	0
17	41772927	41771646	0
17	41772927	41771846	0
17	41785156	41771646	0
17	41786071	41771646	0
17	41786699	41771646	0
17	41786711	41771416	0
17	41786766	41771646	0
17	41786932	41771646	0
17	4179058	4177125	0
17	4179878	4178856	1
17	41802980	41802319	129
17	41803432	41801946	12
17	41803432	41801953	12
17	41803432	41802710	6
17	41806849	41803286	2
17	41806880	41803286	3
17	41807491	41803286	3
17	41808005	41806795	7
17	41811035	41807858	10
17	41811035	41809705	5
17	41811161	41806824	5
17	41811285	41810680	10
17	41811285	41810862	10
17	41811670	41811131	27
17	41812143	41811131	53
17	41812200	41811131	55
17	41812604	41811453	21
17	41812605	41811660	20
17	4181373	4179720	0
17	41819676	41819840	87
17	41820024	41820268	151
17	41820050	41820268	152
17	41820462	41820946	61
17	4182299	4181025	3
17	4182350	4181253	2
17	4182353	4181253	2
17	41827627	41825180	0
17	41827627	41825226	5
17	41827627	41825237	5
17	41827627	41825520	7
17	41827627	41825653	5
17	41828953	41825199	2
17	41828953	41827425	3
17	41830881	41828321	1
17	41830891	41827425	4
17	41830891	41828789	1
17	41830891	41828804	1
17	41830891	41828829	1
17	41830891	41828904	1
17	41832478	41827425	1
17	41832478	41828789	0
17	41835117	41832391	2
17	41835117	41832607	2
17	41835273	41835069	5
17	41835499	41835081	5
17	4183552	4181253	2
17	4183552	4182180	3
17	4183911	4183397	0
17	4183911	4183525	0
17	4185047	4183811	0
17	41865432	41853544	0
17	41868786	41866907	4
17	41868786	41866916	4
17	41868786	41866930	9
17	41868786	41867455	5
17	41868786	41867573	6
17	41868786	41867760	4
17	4187110	4184817	0
17	4189480	4184817	0
17	4189480	4184863	0
17	41897840	41893032	2
17	41897840	41896619	1
17	41898786	41897748	0
17	41898786	41897800	0
17	41904791	41901695	0
17	41905642	41904439	0
17	41905659	41904728	0
17	41906647	41905521	0
17	41907573	41906527	0
17	41907573	41906597	0
17	41910285	41909509	3
17	41912543	41901695	0
17	41912543	41910221	1
17	41912543	41910238	3
17	41918952	41905521	3
17	41918952	41910221	0
17	4195178	4189381	0
17	4195472	4194460	0
17	4195472	4194977	0
17	41967754	41968067	0
17	41967954	41968067	0
17	4197578	4195402	0
17	4197578	4195454	0
17	41977324	41976432	8
17	41977324	41976451	9
17	41977324	41976478	9
17	41977324	41976540	11
17	41977324	41976663	14
17	41982008	41977260	0
17	41982322	41977260	1
17	41982402	41981854	4
17	41982402	41981983	4
17	41982404	41981594	4
17	41987695	41983562	1
17	41987906	41987676	1
17	41987911	41983562	3
17	41987911	41987436	1
17	41987911	41987594	1
17	41988823	41987818	0
17	41988874	41987818	0
17	41988897	41987818	0
17	41989558	41988731	0
17	41989558	41988760	0
17	41989558	41988825	0
17	41990383	41989403	0
17	41990383	41989420	0
17	41992783	41990263	0
17	41994945	41990263	0
17	41994945	41990310	0
17	41994945	41990353	0
17	41994984	41990263	0
17	41996425	41990263	0
17	41996425	41994869	0
17	41996425	41994874	0
17	41997240	41994869	0
17	41997240	41996310	0
17	41997240	41996320	0
17	41997240	41996325	0
17	42000571	41997114	0
17	42001067	42000481	0
17	42001067	42000556	0
17	42003558	42000481	0
17	42011276	42000481	0
17	42016699	42000481	0
17	42017003	42000955	0
17	42017146	42000955	0
17	42017152	42000481	0
17	42017163	42000481	0
17	42017420	41997114	0
17	42017420	42000481	0
17	42017424	42000481	0
17	42017424	42003358	0
17	42017654	42000481	0
17	42018519	42003358	0
17	42018523	42000481	0
17	42021377	42003358	0
17	42021672	42022375	0
17	42021672	42022398	0
17	42022473	42022564	51
17	42022473	42022569	54
17	42027729	42025575	0
17	42027729	42025624	0
17	42027729	42026896	0
17	42028132	42025575	0
17	42043564	42038231	0
17	42063059	42037736	0
17	42065366	42061238	0
17	42098480	42062806	0
17	42102313	42101403	0
17	42102810	42101599	0
17	42103799	42102215	0
17	42104908	42102215	1
17	42104928	42103212	0
17	42104928	42103607	0
17	42107796	42105735	0
17	42107849	42105017	0
17	42108109	42107603	0
17	42108109	42107692	0
17	42110914	42109269	0
17	42111498	42110722	0
17	42111498	42110778	0
17	42111498	42110815	0
17	42114085	42113107	14
17	42114085	42113117	14
17	42114283	42113999	14
17	42114395	42114218	2
17	42114395	42114223	2
17	42114399	42113389	17
17	42115834	42114489	2
17	42115834	42114891	4
17	42115834	42114953	5
17	42117162	42115722	6
17	42117490	42115692	7
17	42119719	42118296	12
17	42119719	42119053	13
17	42119719	42119244	18
17	42120120	42119536	0
17	42120120	42119673	0
17	42120371	42119673	2
17	42125867	42120705	1
17	42126849	42124975	15
17	42126849	42124977	15
17	42126849	42125666	15
17	42128384	42120224	6
17	42128384	42120705	6
17	42128384	42126522	6
17	42128384	42126754	8
17	42128760	42128260	6
17	42128801	42128260	1
17	42128801	42128329	2
17	42130565	42128648	1
17	42130591	42128550	2
17	42130591	42128648	1
17	42130591	42128691	4
17	42130591	42128743	6
17	42131823	42130336	1
17	42136432	42130336	3
17	42136485	42130336	2
17	42137879	42130336	2
17	42154917	42130336	0
17	42154993	42130336	0
17	42155018	42130160	0
17	42155018	42130336	0
17	42160436	42156890	0
17	42160436	42156894	0
17	4217119	4209823	0
17	42185453	42184059	0
17	42190271	42188798	6
17	42190271	42189087	6
17	42190271	42189088	6
17	42190360	42189087	7
17	42190360	42189089	7
17	42190758	42189087	7
17	42190758	42190184	13
17	42190904	42189942	8
17	42190904	42190623	6
17	42192743	42191017	0
17	42193028	42192240	4
17	42193028	42192691	4
17	42193028	42192738	4
17	42193102	42192544	0
17	42193595	42192905	0
17	42193595	42192930	0
17	42193595	42192951	0
17	42193605	42192905	0
17	42193851	42193188	1
17	42193851	42193316	0
17	42194196	42193316	0
17	42194503	42193316	0
17	42194533	42193316	0
17	42202448	42199167	11
17	42202809	42202339	2
17	42202954	42202102	1
17	42207729	42202756	0
17	42210302	42207557	1
17	42210302	42207558	1
17	42210498	42207581	0
17	42210498	42210170	0
17	42210593	42210170	0
17	42212191	42210170	0
17	42212191	42210402	0
17	42212191	42210416	0
17	42217872	42217159	6
17	42218331	42217376	8
17	42218879	42217689	3
17	42218879	42218150	3
17	42223557	42219711	0
17	42224869	42223381	0
17	42224869	42223462	0
17	42272684	42270516	2
17	42275572	42272068	0
17	42276407	42231999	0
17	42276708	42231999	0
17	42316852	42314853	0
17	42316902	42313323	2
17	42316902	42315467	0
17	42316902	42315490	0
17	42316902	42315558	0
17	42316902	42315596	1
17	42317224	42315510	1
17	42317225	42316788	1
17	42317563	42316788	1
17	42323144	42317181	0
17	42323144	42322281	1
17	42323144	42322284	1
17	42323355	42323003	0
17	42323355	42323063	0
17	42323626	42323259	0
17	42324847	42323034	0
17	42324847	42323572	0
17	42329777	42329553	1
17	42331532	42329746	0
17	42331539	42329657	0
17	42345658	42339313	0
17	42346714	42345413	0
17	42346714	42345558	0
17	42348517	42346568	1
17	42348518	42346568	1
17	42348518	42346595	1
17	42348521	42346568	1
17	42348540	42346568	0
17	4235891	4216516	0
17	4235891	4216982	0
17	42388415	42348388	0
17	42388432	42346568	0
17	42388440	42348388	0
17	42388455	42374058	0
17	42388483	42348388	0
17	42388569	42348388	0
17	42423518	42402451	0
17	4242449	4216982	0
17	42478590	42478926	0
17	42520624	42521026	7
17	42520662	42521026	7
17	42553031	42553123	59
17	42553292	42553438	37
17	42553619	42553793	70
17	42553619	42554404	69
17	42553888	42554401	66
17	42553888	42554404	66
17	42553888	42554668	65
17	42554583	42554668	59
17	42562214	42562611	230
17	42562220	42562295	158
17	42562220	42562355	181
17	42562220	42562611	241
17	42562220	42562932	230
17	42562237	42562611	233
17	42562488	42562611	224
17	42562488	42562932	454
17	42563323	42563960	12
17	42564176	42564445	6
17	42565569	42565658	8
17	42568560	42568836	41
17	42569304	42569506	8
17	42569607	42569981	18
17	42569607	42570096	13
17	42573167	42572314	200
17	42573167	42572322	200
17	42573167	42572342	201
17	42573167	42572895	29
17	42573167	42572961	17
17	42573365	42573106	1
17	42577303	42573477	10
17	42577303	42573818	9
17	42577303	42574098	12
17	42577303	42574195	12
17	42577303	42574315	18
17	42577562	42574098	21
17	42577562	42577079	2
17	42577562	42577212	10
17	42577673	42576676	7
17	42577697	42577212	10
17	42577698	42577212	10
17	42582807	42579512	38
17	42582807	42579514	38
17	42582807	42581328	21
17	42582807	42581612	0
17	42583581	42582673	0
17	42583581	42582734	0
17	42585263	42583497	0
17	42586138	42585124	0
17	42586138	42585200	0
17	42586138	42585210	0
17	42586433	42585124	0
17	42586892	42586052	4
17	42586958	42586052	3
17	42587865	42586052	1
17	42587865	42586764	6
17	42587865	42586767	6
17	42592163	42586052	0
17	42592163	42586764	0
17	42592163	42587694	2
17	42592163	42587833	0
17	42596628	42592055	0
17	42596628	42592131	0
17	42605292	42596532	0
17	42609376	42592055	0
17	42609378	42592055	0
17	42609385	42586052	0
17	42609385	42592055	0
17	42609387	42592055	0
17	42609728	42592055	0
17	42610594	42596532	0
17	42610604	42609497	0
17	42610624	42592055	0
17	42659553	42659833	9
17	42669622	42667913	1
17	42669622	42667916	1
17	42669622	42667943	3
17	42669699	42667913	1
17	42670377	42669429	3
17	42670706	42667916	0
17	42670706	42669429	3
17	42670706	42669917	5
17	42670706	42669942	4
17	42673297	42671350	1
17	42673297	42672085	0
17	42673557	42673169	0
17	42673557	42673175	0
17	42673835	42673398	2
17	42674014	42673642	0
17	42674014	42673649	0
17	42681844	42678888	0
17	42683065	42679419	0
17	42683918	42679725	0
17	42699467	42683186	0
17	42702962	42700274	31
17	42702962	42702324	8
17	42702962	42702380	2
17	42702962	42702384	2
17	42703170	42702291	15
17	42703821	42702876	12
17	42704684	42703192	0
17	42704684	42703422	0
17	42704684	42703426	0
17	42704684	42703458	0
17	42704684	42703739	0
17	42704684	42703790	0
17	42706114	42705087	0
17	42706186	42705087	0
17	42708084	42705087	0
17	42708084	42705582	0
17	42708084	42706006	0
17	42708917	42707957	0
17	42708917	42708002	0
17	42708920	42707957	0
17	42709183	42708044	0
17	42712486	42709845	0
17	42713390	42712288	0
17	42713390	42712341	0
17	42718068	42713208	0
17	42718068	42713375	0
17	42718618	42717975	2
17	42719179	42718100	0
17	42719208	42717975	0
17	42719208	42718453	0
17	42720450	42713208	0
17	42720450	42718005	0
17	42720450	42719104	0
17	42722810	42720272	0
17	42722873	42720272	0
17	42722916	42720272	0
17	42722916	42720307	0
17	42722916	42720437	0
17	42724425	42720272	0
17	42724425	42722794	0
17	42727764	42720272	0
17	42727764	42722794	0
17	42727764	42724304	0
17	42727764	42724350	0
17	42727764	42724424	0
17	42728953	42720272	0
17	42728953	42722794	0
17	42728953	42724304	0
17	42730919	42722794	0
17	42759881	42753913	0
17	42759881	42753930	0
17	42759881	42756198	0
17	42759881	42758294	0
17	42773529	42773732	2
17	42773977	42774247	6
17	42795383	42795460	6
17	42795522	42795624	7
17	42796034	42796122	5
17	42796765	42795146	68
17	42798691	42796620	10
17	42798705	42797633	9
17	42811798	42810133	11
17	42811798	42810136	11
17	42811798	42810287	15
17	42811798	42810413	12
17	42811798	42810715	11
17	42812087	42810779	14
17	42812357	42811654	16
17	42812867	42810133	4
17	42813990	42812230	6
17	42814009	42810307	6
17	42814009	42810859	6
17	42814009	42811654	6
17	42814009	42811723	6
17	42814594	42811654	6
17	42814674	42810309	16
17	42814674	42811654	6
17	42814674	42813947	13
17	42815015	42813902	14
17	42815773	42814523	6
17	42815972	42814167	7
17	42815996	42815670	5
17	42816055	42813547	6
17	42816055	42814523	4
17	42818416	42810669	5
17	42818416	42814598	3
17	42818416	42815669	2
17	42818416	42815907	3
17	42818653	42818220	3
17	42818681	42818220	3
17	42818683	42818220	3
17	42818878	42818543	3
17	42818878	42818650	3
17	42819610	42818220	3
17	42819610	42818543	19
17	42819610	42818786	17
17	42820842	42818220	1
17	42820842	42818543	1
17	42820842	42818786	0
17	42820842	42819323	1
17	42820842	42819547	1
17	42823880	42820350	1
17	42823880	42820522	0
17	42823880	42820773	0
17	42823880	42820793	0
17	42824252	42823747	3
17	42824254	42823747	3
17	42824261	42823747	3
17	42824264	42823747	3
17	42824279	42823747	3
17	42824283	42823747	3
17	42824288	42820773	0
17	42824288	42823704	2
17	42824288	42823747	3
17	42824380	42823817	3
17	42825233	42823747	0
17	4282922	4269258	2
17	4282922	4271979	4
17	4282922	4272235	3
17	4282922	4272296	2
17	42833333	42825175	0
17	42833351	42827250	0
17	42833506	42834343	24
17	42833674	42833775	27
17	42833674	42834093	17
17	42833674	42834343	1
17	42833940	42834093	1
17	42833940	42834343	1
17	42834257	42834343	1
17	42839013	42839111	1
17	42854156	42854275	0
17	42854304	42854447	0
17	42868165	42868577	0
17	42878074	42874669	0
17	42879819	42877974	0
17	42884687	42879487	0
17	42884687	42879589	0
17	4289409	4282797	0
17	4289409	4282898	0
17	42894635	42878526	0
17	42894635	42884594	0
17	42951895	42950525	6
17	42951895	42950529	6
17	42951895	42950532	6
17	42951895	42950545	6
17	42951895	42950549	6
17	42952136	42950525	3
17	42954968	42950525	16
17	42954968	42951799	10
17	42954968	42953723	9
17	42955035	42951799	8
17	42955225	42954875	15
17	42955225	42954950	13
17	42955262	42954875	13
17	42955346	42954875	15
17	42955457	42954848	10
17	42955947	42955157	12
17	42955973	42955089	12
17	42955973	42955157	12
17	42955973	42955273	29
17	42956316	42955854	3
17	42956321	42955438	4
17	42956321	42955841	3
17	42956321	42955900	3
17	42956321	42955929	3
17	42956505	42956203	3
17	42956515	42956203	3
17	42956526	42956203	3
17	42956540	42955841	4
17	42956561	42955886	3
17	42956561	42956203	3
17	42957196	42956203	0
17	42957196	42956397	0
17	42957196	42956403	0
17	42957196	42956404	0
17	42957196	42956413	0
17	42957533	42956027	4
17	42961352	42957137	0
17	42962273	42961191	0
17	42962296	42961191	0
17	42964238	42960941	0
17	42964238	42961191	0
17	42964238	42961263	0
17	42964238	42962174	0
17	42964419	42964105	0
17	42964444	42964105	0
17	42964455	42964105	0
17	42964467	42964105	0
17	42964477	42964105	0
17	42964480	42964105	0
17	42964483	42964105	0
17	42964499	42964105	0
17	4296815	4289229	1
17	42970343	42964105	0
17	42970343	42964218	1
17	42970343	42968087	0
17	42970343	42968103	0
17	42970343	42968725	1
17	42970343	42968786	1
17	42970343	42968989	0
17	42970343	42969040	0
17	42979686	42956403	1
17	42998472	42998748	268
17	42998832	42999185	23
17	42998832	42999932	38
17	42998913	42999932	38
17	42999293	42999932	56
17	43013195	43013266	2
17	43013374	43013475	7
17	43013380	43013475	7
17	43016145	43014606	365
17	43016314	43015940	24
17	43016549	43014604	3
17	43016549	43015898	3
17	43016549	43015917	4
17	43017931	43016066	0
17	43017931	43016306	0
17	43018046	43017840	0
17	43018207	43017831	1
17	43018207	43017840	1
17	43018207	43017841	1
17	43018800	43018035	3
17	43019028	43018121	3
17	43019556	43018591	0
17	43020274	43018591	1
17	43022351	43018748	1
17	43022357	43018591	1
17	43022419	43018591	1
17	43025124	43018591	0
17	43047704	43044294	2
17	43047704	43044804	3
17	43047704	43045085	3
17	43047704	43045562	2
17	43047704	43045628	2
17	43047704	43045677	1
17	43063374	43057051	0
17	43063952	43063332	1
17	43063952	43063343	1
17	43063952	43063359	1
17	43067696	43063873	1
17	43071067	43067273	0
17	43071239	43067607	1
17	4307124	4282797	0
17	4307124	4289229	0
17	4307124	4296716	0
17	4307124	4296732	0
17	43076612	43074330	0
17	43076615	43074330	0
17	43079400	43074330	0
17	43079400	43076487	0
17	43082576	43074330	0
17	43082576	43076487	0
17	43082576	43076536	0
17	43082576	43079333	0
17	43091825	43090943	17
17	43091852	43090943	55
17	43094861	43090943	44
17	43095867	43093569	0
17	43095923	43090943	0
17	43095923	43091097	0
17	43095923	43091434	0
17	43095923	43093583	0
17	43095923	43093585	0
17	43095923	43094111	0
17	43095923	43094481	0
17	43095923	43094743	0
17	43097290	43095845	0
17	43099878	43094169	0
17	43099878	43094743	0
17	43099878	43097243	0
17	43099881	43093012	0
17	43099881	43094743	0
17	43099881	43097243	0
17	43104262	43094743	0
17	43104262	43097243	0
17	43104262	43099774	0
17	43104262	43099830	0
17	43104892	43104121	0
17	43104917	43104121	0
17	43104957	43104121	0
17	43104957	43104188	0
17	43104957	43104224	0
17	43124116	43104867	0
17	43124116	43106455	0
17	43124116	43115725	1
17	43124116	43119120	0
17	43125289	43124016	4
17	43125301	43094111	0
17	43125301	43124016	2
17	43125316	43124016	1
17	43125322	43124016	1
17	43125324	43124016	1
17	43125327	43124016	1
17	43125330	43050061	0
17	43125330	43063873	0
17	43125330	43074330	0
17	43125344	43124016	1
17	43125354	43124016	1
17	43125357	43124016	1
17	43125360	43124016	1
17	43125365	43124016	1
17	43125365	43124025	1
17	43125371	43124016	1
17	43125403	43124016	0
17	43125451	43124016	0
17	43125452	43124016	0
17	43125484	43124016	0
17	43159728	43148367	3
17	43167251	43160085	3
17	43167263	43160289	4
17	43167850	43159422	6
17	43167850	43166979	7
17	43170246	43124016	4
17	43170317	43166979	7
17	43170404	43166979	5
17	43170442	43165759	3
17	43171037	43167733	3
17	43171038	43166177	2
17	43194500	43194963	0
17	43213046	43213189	5
17	43221598	43216940	1
17	43221598	43219055	0
17	43221598	43219163	1
17	43223615	43221416	1
17	43223615	43221422	1
17	43223615	43221428	1
17	43223615	43221429	1
17	43223615	43221438	1
17	43223615	43221530	1
17	43224462	43223555	3
17	43224464	43223555	3
17	43224465	43223555	3
17	43224465	43223740	3
17	43224465	43223900	4
17	43224524	43223555	3
17	43224550	43223555	2
17	43226348	43224442	0
17	43228547	43224163	0
17	43228547	43224352	0
17	43228624	43224233	0
17	43228624	43224352	0
17	43303257	43224233	0
17	43305398	43228961	0
17	43371427	43369844	0
17	43377814	43371246	0
17	43379263	43375927	0
17	43379263	43377574	0
17	43379263	43377670	0
17	43381661	43377206	0
17	43381661	43379122	0
17	43388058	43379122	0
17	43388058	43381287	0
17	43388313	43381272	0
17	43388332	43387935	0
17	43388335	43387935	0
17	43388336	43381272	0
17	43388546	43381272	0
17	43389200	43385862	0
17	43517323	43520129	0
17	43529237	43527843	1
17	43529237	43527845	1
17	43529237	43528277	1
17	43529237	43528279	1
17	43529237	43528336	1
17	43529237	43528498	0
17	43532940	43530106	14
17	43533349	43532673	3
17	43533349	43532929	5
17	43533986	43532673	8
17	43533986	43533186	5
17	43533986	43533343	2
17	43536480	43533858	3
17	43543966	43536425	0
17	43545023	43536315	2
17	43545023	43536425	2
17	43545023	43543879	1
17	43545368	43544974	2
17	43545368	43544975	2
17	43545403	43544974	2
17	43545669	43544974	5
17	43643661	43640387	0
17	43643661	43641379	0
17	43661564	43640401	0
17	43661564	43641378	0
17	4366483	4307020	0
17	4366626	4307020	0
17	4366629	4307020	0
17	4366629	4331773	1
17	43758789	43753730	0
17	43769815	43766130	63
17	43774110	43766511	0
17	43774110	43769581	1
17	43774939	43766120	0
17	43774939	43768385	1
17	43774939	43773973	2
17	43777814	43774711	0
17	43778338	43774881	2
17	43778989	43774711	0
17	43784495	43782803	0
17	43784512	43784617	0
17	43784683	43784391	0
17	43809079	43800798	2
17	43809079	43801417	8
17	43809079	43801442	8
17	43810916	43808955	0
17	43810916	43808999	0
17	43811206	43810806	1
17	43811572	43810806	7
17	43814092	43811111	8
17	43814092	43811156	8
17	43814362	43814010	9
17	43814395	43814010	9
17	43818111	43816037	5
17	43818111	43816676	8
17	43819082	43818045	7
17	43821059	43817918	1
17	43821059	43818045	2
17	43825842	43823930	19
17	43827833	43825040	0
17	43827833	43825755	0
17	43879404	43875356	0
17	43879404	43875362	0
17	43879404	43876161	0
17	43879404	43877331	0
17	43879404	43877376	0
17	43879404	43877761	0
17	43882512	43881457	0
17	43883053	43882283	0
17	43883053	43882344	0
17	43883053	43882373	1
17	43883356	43882442	0
17	43883356	43882902	0
17	43883356	43882909	0
17	43883356	43882942	0
17	43883356	43882977	1
17	43883356	43883018	1
17	43883383	43882902	0
17	43883387	43883202	0
17	43884156	43883202	0
17	43898381	43882902	0
17	43898381	43883202	0
17	43898381	43883285	0
17	43898381	43883385	0
17	43898381	43884083	0
17	43900599	43898261	0
17	43901563	43898261	0
17	43901565	43898261	0
17	43904494	43882902	0
17	43904494	43883202	0
17	43904494	43898226	0
17	43904494	43898243	0
17	43904494	43898261	0
17	43904494	43898316	0
17	43907537	43883202	0
17	43907537	43898261	0
17	43907760	43898279	0
17	43909684	43898261	0
17	43909712	43898261	0
17	43916842	43914432	0
17	43917400	43914432	0
17	43920480	43916742	0
17	43923002	43920417	0
17	43923962	43922774	0
17	43941215	43940803	0
17	43941215	43940804	0
17	43941245	43940814	0
17	43941321	43940803	0
17	43941515	43940803	0
17	43941655	43940803	0
17	43941655	43941142	0
17	43953190	43952737	0
17	43953484	43952888	0
17	43953484	43953108	0
17	44006710	44007322	0
17	44013156	44011187	5
17	44013156	44011190	5
17	44014538	44012508	1
17	44014538	44013008	2
17	44014538	44013033	2
17	44014538	44013145	1
17	44014953	44014356	2
17	44014978	44014356	2
17	44015156	44014356	1
17	44015156	44014489	1
17	44021436	44014983	1
17	44023107	44021321	1
17	44023140	44014983	2
17	44023152	44014815	2
17	44023947	44021332	2
17	44037103	44036166	5
17	44037539	44034634	1
17	44037539	44034635	1
17	44037539	44036062	9
17	44071184	44071627	4
17	44071243	44071627	3
17	44075088	44075309	1
17	44078666	44076745	2
17	44078666	44076753	2
17	44078666	44078293	2
17	44078880	44078499	1
17	44079278	44078794	1
17	44079337	44078607	1
17	44082673	44080762	3
17	44082821	44081570	5
17	44082821	44081596	4
17	44082821	44082583	5
17	44082821	44082584	5
17	44088599	44087411	0
17	44091493	44088386	0
17	44091493	44088447	0
17	44091832	44091269	2
17	44091832	44091292	3
17	44093835	44093313	1
17	44110801	44093574	0
17	44110804	44093574	0
17	44110804	44093663	0
17	44110804	44093780	0
17	44111342	44093780	0
17	44117705	44093574	0
17	44123276	44117493	0
17	44123619	44117493	0
17	44123629	44110728	0
17	44123639	44117493	0
17	44123703	44110728	0
17	44176941	44177608	48
17	44177231	44177608	15
17	44178364	44177696	20
17	44181721	44175972	2
17	44181721	44176254	19
17	44181721	44178183	2
17	44181742	44176208	14
17	44189092	44189206	80
17	44189300	44189410	59
17	44189300	44189423	54
17	44190887	44191105	66
17	44194675	44191804	170
17	44194675	44194239	6
17	44194675	44194370	16
17	44194675	44194382	17
17	44194840	44194516	6
17	44194840	44194539	8
17	44194840	44194650	6
17	44195141	44194767	3
17	44195159	44194767	3
17	44195294	44194767	3
17	44195443	44195096	2
17	44195477	44194656	3
17	44195488	44194767	1
17	44195488	44195096	2
17	44195488	44195120	2
17	44197027	44196395	0
17	44197400	44196928	0
17	44197400	44196940	0
17	44197400	44196963	0
17	44200114	44195418	2
17	44207598	44205032	25
17	44207598	44206593	32
17	44207598	44206594	36
17	44207598	44206919	107
17	44207598	44207115	3
17	44207598	44207239	2
17	44207771	44207453	0
17	44207771	44207486	0
17	44207912	44207453	1
17	44207912	44207698	0
17	44207912	44207702	0
17	44209423	44208618	15
17	44209542	44207863	9
17	44209734	44209218	8
17	44209734	44209351	1
17	44209734	44209434	0
17	44212455	44211872	0
17	44212940	44211872	0
17	44212940	44212179	0
17	44212940	44212343	0
17	44213283	44212818	0
17	44213357	44212818	0
17	44215810	44213217	0
17	44215810	44213224	0
17	44215990	44215353	2
17	44215990	44215653	2
17	44216705	44215653	0
17	44216705	44215905	0
17	44218297	44216528	0
17	44218503	44216528	0
17	44218541	44216528	0
17	44249869	44248389	0
17	44251333	44248384	0
17	44251333	44248389	0
17	44260540	44259808	0
17	44260816	44260403	0
17	44261637	44260634	0
17	44261637	44260804	0
17	44281183	44276367	0
17	44305044	44302516	0
17	44307501	44299573	0
17	44307501	44304980	0
17	44313504	44314734	0
17	44316523	44316618	0
17	44320277	44319624	11
17	44320277	44319626	11
17	44320277	44319635	11
17	44320277	44319641	11
17	44320277	44319672	33
17	44320277	44319819	63
17	44320277	44319869	11
17	44320277	44319994	13
17	44320437	44319690	16
17	44320732	44320195	14
17	44320732	44320354	14
17	44320750	44320354	14
17	44321148	44320621	11
17	44321232	44320354	13
17	44321232	44320621	14
17	44321525	44320621	29
17	44321559	44320621	14
17	44321559	44321057	48
17	44321768	44320628	20
17	44321768	44320937	11
17	44321768	44321057	7
17	44321768	44321433	2
17	44321768	44321476	2
17	44322446	44321699	12
17	44322529	44321699	14
17	44322553	44321699	14
17	44322853	44321699	4
17	44322853	44322418	13
17	44322853	44322421	13
17	44322853	44322438	12
17	44322853	44322526	13
17	44323344	44321699	2
17	44323344	44322418	2
17	44323344	44322472	2
17	44323344	44322807	2
17	44324783	44321699	12
17	44345335	44345530	8
17	44345335	44345565	8
17	44349303	44349425	0
17	44349552	44349624	1
17	44349552	44349666	1
17	44351101	44351362	4
17	44351164	44351362	3
17	44352572	44352660	9
17	44352572	44352715	9
17	44355842	44353214	0
17	44356075	44355714	0
17	44356353	44355957	0
17	44356353	44355966	0
17	44356589	44356172	0
17	44356589	44356305	0
17	44359672	44356429	0
17	44359672	44358944	0
17	44359672	44359061	1
17	44360133	44359345	0
17	44360133	44359578	0
17	44374471	44372182	0
17	44374761	44372179	0
17	44374761	44374353	0
17	44375112	44374658	0
17	44375717	44374997	0
17	44375986	44372180	0
17	44375986	44373923	0
17	44375986	44375590	0
17	44380154	44379688	0
17	44380302	44380001	0
17	44380302	44380056	0
17	44383705	44380599	0
17	44383705	44380878	0
17	44383947	44383492	0
17	44383947	44383682	0
17	44384139	44383763	0
17	44384139	44383893	0
17	44384139	44383937	0
17	44384355	44383937	0
17	44384355	44384084	0
17	44384586	44383937	0
17	44384586	44384084	0
17	44384586	44384310	0
17	44384586	44384320	0
17	44385077	44384310	0
17	44385203	44384310	0
17	44406052	44395283	0
17	44406052	44396573	1
17	44406052	44397415	1
17	44406052	44401336	0
17	44406052	44401407	0
17	44424493	44405920	0
17	44424493	44407216	0
17	44435152	44424348	0
17	44435152	44424376	0
17	44436546	44435064	0
17	44436546	44435068	0
17	44436788	44435064	0
17	44438716	44436477	0
17	44438716	44436506	0
17	44464545	44436477	0
17	44473760	44464471	0
17	44473760	44467096	0
17	44474904	44464471	0
17	44474904	44467096	0
17	44474904	44473289	0
17	44474904	44473724	0
17	44503390	44474828	0
17	44503392	44464471	0
17	44503402	44474828	0
17	44503404	44474828	0
17	44503405	44474828	0
17	44503407	44474419	0
17	44503431	44474828	0
17	445940	439977	0
17	44647387	44646363	0
17	44665138	44665383	0
17	44678387	44678942	122
17	44680644	44677457	7
17	44680653	44677482	9
17	44682139	44677439	3
17	44682139	44680584	14
17	44683960	44673068	3
17	44683960	44681730	0
17	44683960	44682002	0
17	44689726	44683871	0
17	44689746	44683871	0
17	44689763	44683871	0
17	44689764	44683871	0
17	44689780	44683871	0
17	44731016	44732177	2
17	44750678	44751939	19
17	44797784	44794746	3
17	44804967	44803948	71
17	44805410	44798447	39
17	44807470	44798447	53
17	44807470	44804246	3
17	44807470	44805506	3
17	44807470	44805599	3
17	44807470	44805607	3
17	44807885	44803033	2
17	44830814	44798447	0
17	4483585	4482147	0
17	4483657	4482018	0
17	44847918	44848059	5
17	44851818	44849942	4
17	44851818	44850809	1
17	44851818	44850865	1
17	44851818	44850915	1
17	44851818	44850916	1
17	44851818	44851046	1
17	44851818	44851119	0
17	44851818	44851256	0
17	44855005	44854555	0
17	44857122	44854917	0
17	44857158	44854917	0
17	44857640	44854974	0
17	44860544	44859079	0
17	44860544	44859904	2
17	44862907	44860431	0
17	44862907	44860453	0
17	4486354	4481965	0
17	44863596	44859904	0
17	44863783	44862712	2
17	44863783	44862759	3
17	44863783	44862789	3
17	44864063	44862752	2
17	44865066	44863654	0
17	44865233	44863654	0
17	44865269	44864929	2
17	44867898	44864929	0
17	44867898	44864969	0
17	44876101	44872445	2
17	44879591	44875632	1
17	44879639	44875933	1
17	44879639	44875938	1
17	44879639	44876088	1
17	44880631	44879515	1
17	44880645	44879555	0
17	44881723	44880553	0
17	44881836	44880553	0
17	44881844	44880476	0
17	44883159	44881686	0
17	44883725	44881686	0
17	44883725	44883092	0
17	44883725	44883139	0
17	44885335	44883555	1
17	44885335	44883648	0
17	44886751	44885255	0
17	44886751	44885286	0
17	44892330	44886662	0
17	44894498	44885255	0
17	44894526	44886584	0
17	44895990	44894416	0
17	44899042	44894416	0
17	44899369	44894416	0
17	44899404	44894133	0
17	44899404	44894244	0
17	44899432	44894416	0
17	44899446	44886584	0
17	44899446	44894416	0
17	44899663	44894416	0
17	44904234	44903240	4
17	44904555	44903160	4
17	44904555	44903187	3
17	44904555	44903233	3
17	44904555	44903958	3
17	44905150	44903197	5
17	44905150	44903253	2
17	44905150	44904441	4
17	44905500	44903313	4
17	44908077	44903958	0
17	44908127	44904079	0
17	44908135	44904765	0
17	44908150	44903160	0
17	44908150	44903186	0
17	44908150	44903229	0
17	44908150	44904441	0
17	44908150	44904765	0
17	44908150	44905644	0
17	44908150	44906087	0
17	44908150	44906938	0
17	44908150	44907204	0
17	44908689	44903235	0
17	44909753	44908063	0
17	44910116	44908063	0
17	44910228	44906884	0
17	44910261	44907316	0
17	44910261	44908063	0
17	44910621	44908063	0
17	44910636	44908063	0
17	44910659	44905713	0
17	44910659	44908063	0
17	44910659	44908134	0
17	44910659	44909666	0
17	44910659	44910091	0
17	44910659	44910140	0
17	44910659	44910225	0
17	44911282	44910614	0
17	44911293	44910614	0
17	44911298	44910614	0
17	44911300	44910614	0
17	44911304	44910091	0
17	44911320	44909732	0
17	44911322	44910617	0
17	44911322	44910646	0
17	44911457	44908226	0
17	44911457	44909684	0
17	44911457	44909686	0
17	44911457	44910614	0
17	44911457	44910636	0
17	44911457	44910652	0
17	44911516	44910614	0
17	44911798	44911235	0
17	44911798	44911302	0
17	44911798	44911411	0
17	44912768	44911671	0
17	44912935	44911671	0
17	44913431	44911671	0
17	44913431	44911673	0
17	44913431	44911696	0
17	44913697	44913268	0
17	44913699	44911671	0
17	44913824	44911235	0
17	44913824	44913268	0
17	44913824	44913312	1
17	44914089	44913268	1
17	44914089	44913727	1
17	44914110	44913798	1
17	44915079	44913727	0
17	44915487	44914027	0
17	44915489	44914027	0
17	44915500	44913268	0
17	44915501	44913268	0
17	44915501	44913727	0
17	44915501	44914027	0
17	44915501	44915025	0
17	44915504	44914027	0
17	44915505	44914027	0
17	44915952	44914027	0
17	44915965	44915460	0
17	44916540	44914027	0
17	44926500	44925991	77
17	44927079	44924708	14
17	44927079	44926359	7
17	44927079	44926413	10
17	44932774	44931601	23
17	44932774	44932055	53
17	44932987	44932321	13
17	44932987	44932672	3
17	44934936	44934506	12
17	44968072	44959692	0
17	4499675	4497393	0
17	45030180	45023339	1
17	45030180	45023343	1
17	45030180	45023345	1
17	45030180	45024310	0
17	45030180	45024501	0
17	45034043	45032043	0
17	45034391	45030091	0
17	45034391	45033854	0
17	45034391	45033934	0
17	45105878	45108677	150
17	45105946	45107778	114
17	45113013	45108966	0
17	45113013	45112422	8
17	45113258	45112302	8
17	45113549	45113121	2
17	45113589	45113121	2
17	45113606	45113121	2
17	45114367	45113121	2
17	45114367	45113438	2
17	45114367	45113477	2
17	45114367	45113571	2
17	45115129	45114249	2
17	45115245	45114249	1
17	45115344	45114249	2
17	45118139	45116631	0
17	45118493	45117993	1
17	45118493	45118055	5
17	45118923	45118253	0
17	45119013	45118371	58
17	45119044	45118290	0
17	45119090	45118290	0
17	45120455	45118814	1
17	45121131	45120324	4
17	45121131	45120354	4
17	45121131	45120435	4
17	45121373	45120901	2
17	45129287	45121235	0
17	45132499	45121210	6
17	45133214	45121210	2
17	45133355	45121210	0
17	45135593	45135838	0
17	45135597	45135841	0
17	45135954	45136107	3
17	45136233	45136499	1
17	45136233	45136691	0
17	45136621	45136691	0
17	45159456	45150617	0
17	45161511	45150399	0
17	45171486	45168799	0
17	45171585	45170681	4
17	45220333	45219734	6
17	45220426	45218255	4
17	45220455	45190930	0
17	45220915	45220266	5
17	45221766	45220267	3
17	45222223	45219349	3
17	45238639	45238954	7
17	45240626	45241128	3
17	45241198	45240314	2
17	45241231	45241381	7
17	45241635	45241846	6
17	45241735	45238027	3
17	45241891	45242079	36
17	45244026	45244175	6
17	45245974	45246209	4
17	45246331	45246504	1
17	45246331	45246866	16
17	45246605	45246866	16
17	45247517	45245185	1
17	45247844	45247266	0
17	45248049	45247380	0
17	45248049	45247384	0
17	45248337	45247882	0
17	45248340	45247874	0
17	45248699	45248180	1
17	45248699	45248250	1
17	45248837	45247550	1
17	45256074	45254392	0
17	45256095	45254392	0
17	45256416	45254392	0
17	45256416	45255114	0
17	45265264	45263118	12
17	45265264	45263127	12
17	45265264	45263134	12
17	45265264	45263150	12
17	45267199	45266536	4
17	45267329	45267415	10
17	45267760	45267091	10
17	45270564	45267405	7
17	45271222	45267405	3
17	45289306	45287153	0
17	45290766	45289235	0
17	45290766	45289267	0
17	45290977	45289235	0
17	4536175	4536262	24
17	45372058	45371401	0
17	45395850	45393901	34
17	45395850	45393908	31
17	45395850	45394942	45
17	45395850	45395454	8
17	45395850	45395455	8
17	45395909	45395426	6
17	45396118	45395743	2
17	45396164	45395743	2
17	4539622	4538943	227
17	45396285	45395982	1
17	45396586	45396062	0
17	45398048	45396915	3
17	45398048	45397204	2
17	4539968	4538896	192
17	4539968	4538901	182
17	45401669	45397964	4
17	45402819	45397513	0
17	45402819	45397948	4
17	45402819	45401579	2
17	45403669	45402713	0
17	45403710	45402713	0
17	45403710	45402773	0
17	4540396	4539522	6
17	45404097	45402713	0
17	45404529	45403618	0
17	45404529	45404028	0
17	45404529	45404268	0
17	45404682	45404444	0
17	45404703	45404268	0
17	4540485	4538901	18
17	4540485	4538905	19
17	4540485	4539362	9
17	4540485	4539438	9
17	45405107	45404444	0
17	45405107	45404474	0
17	45410387	45405675	0
17	45410425	45405675	0
17	45410427	45405846	0
17	4541565	4538901	8
17	4541565	4539438	7
17	4541565	4540347	1
17	4542101	4540435	5
17	45425617	45405675	0
17	45425632	45405675	0
17	45430280	45405675	0
17	45430298	45405675	0
17	45431753	45429351	0
17	45431753	45429352	0
17	45431753	45429622	0
17	45432854	45405675	0
17	45439578	45437548	0
17	45439635	45435899	0
17	45439635	45435902	0
17	45439635	45435903	0
17	45439635	45437470	0
17	45439635	45437915	0
17	45440227	45439476	0
17	45440227	45439545	0
17	45440227	45439614	0
17	45440374	45439513	1
17	45441060	45440162	1
17	45445508	45440026	0
17	45445534	45440162	0
17	45445664	45440162	0
17	4544922	4544488	0
17	4545127	4540347	6
17	4545176	4544750	7
17	4545346	4544901	10
17	45454273	45450617	0
17	45458440	45453354	0
17	45460433	45452937	0
17	45468594	45458168	0
17	45475727	45458168	0
17	45475727	45468208	1
17	45476074	45475596	1
17	45478148	45475099	0
17	45478148	45475365	0
17	45478148	45475695	1
17	45478148	45475887	0
17	4548058	4545845	16
17	45482526	45468245	0
17	45482526	45475099	0
17	45482526	45477073	0
17	45482526	45477804	0
17	45482526	45477899	0
17	45482526	45478100	0
17	4548311	4539438	76
17	4548311	4547684	4
17	4548311	4547957	3
17	45490739	45475210	0
17	45508407	45508108	2
17	45508540	45508266	3
17	45510294	45506740	6
17	45510294	45508484	3
17	4552293	4551879	6
17	4552627	4552124	2
17	4552627	4552182	4
17	45539244	45521306	7
17	45550336	45545604	0
17	45550733	45549780	1
17	45555806	45553709	2
17	45558542	45555711	0
17	45558739	45551439	0
17	45559071	45558385	1
17	45588380	45586451	1
17	4559439	4557311	0
17	4559439	4558366	0
17	4559457	4557424	0
17	4559457	4557819	0
17	4559761	4556926	0
17	4559761	4559342	0
17	4559936	4559342	0
17	4560565	4559387	0
17	4560565	4559557	0
17	4560577	4559557	0
17	4560582	4559557	0
17	4560819	4559557	0
17	45732978	45731702	0
17	45734670	45733352	0
17	45800791	45799389	0
17	45827140	45800277	0
17	45827915	45825582	0
17	45830215	45830416	0
17	45830571	45830879	0
17	45844162	45829190	0
17	45844758	45843985	0
17	45847699	45841417	0
17	45895514	45843873	0
17	45895601	45843650	0
17	45895631	45843740	0
17	45910780	45907669	0
17	45974472	45978374	0
17	46032168	46029984	23
17	46032300	46029915	8
17	46032300	46029916	8
17	46032300	46029917	8
17	46032300	46029955	8
17	46032300	46031653	8
17	46033193	46032046	6
17	46033193	46032116	7
17	46033193	46032164	7
17	46033193	46032185	7
17	46033193	46032219	6
17	46033193	46032256	6
17	46033193	46032267	6
17	46033193	46032294	8
17	46033461	46033044	1
17	46033461	46033079	1
17	46033461	46033098	1
17	46033470	46033079	1
17	46033513	46033079	1
17	46034235	46033402	2
17	46034280	46033402	1
17	46034283	46033402	1
17	46034286	46033402	4
17	46034461	46034160	3
17	46034571	46034160	3
17	46035133	46034160	4
17	46035514	46033402	2
17	46035925	46033402	4
17	46038687	46033402	1
17	46038687	46034160	3
17	46038687	46034168	3
17	46039076	46034160	3
17	46039082	46038537	0
17	46039216	46038537	0
17	46039885	46038537	0
17	46039885	46038635	0
17	46039885	46039026	1
17	46040066	46038537	1
17	46043102	46037324	0
17	46046122	46039026	0
17	46050695	46039701	0
17	46050705	46039701	0
17	46050705	46039869	0
17	46066733	46049398	0
17	46066733	46050532	0
17	46066733	46050649	0
17	46094642	46088427	0
17	46094702	46067548	1
17	46094702	46082440	0
17	46121339	46094559	0
17	46152967	46148124	0
17	46156896	46152903	0
17	46169606	46152903	0
17	46171224	46119966	0
17	46171417	46094559	0
17	46172184	46094559	0
17	46172233	46092869	0
17	46172233	46094559	0
17	46172233	46152903	0
17	46172233	46156773	0
17	46172233	46169530	1
17	46192801	46170854	0
17	46193199	46170854	0
17	46193401	46170854	0
17	46193902	46170854	0
17	46223677	46170854	0
17	46223686	46170276	0
17	46223805	46094559	1
17	46223805	46170854	0
17	46223805	46172116	0
17	46224694	46223670	0
17	46224903	46223670	0
17	46225356	46223670	0
17	46225362	46223670	0
17	46225368	46223670	0
17	46225372	46223670	0
17	46225374	46223670	0
17	46225377	46221185	0
17	46225390	46223670	0
17	46299666	46274783	0
17	46299666	46299133	1
17	4632057	4630901	0
17	4632057	4630925	0
17	4632057	4631333	0
17	46320572	46311184	0
17	46337371	46309506	7
17	46339775	46330452	12
17	46339775	46337271	7
17	46352883	46339508	3
17	46352931	46299525	2
17	46352931	46320495	0
17	46352931	46330344	6
17	46352931	46334679	7
17	46352931	46339396	3
17	46352931	46339508	3
17	4637259	4635758	0
17	4638378	4637114	0
17	4638378	4637169	0
17	4638973	4638216	0
17	4638973	4638580	0
17	4639133	4638849	0
17	4639133	4638926	0
17	4639165	4638849	0
17	4639515	4639050	0
17	4639632	4638926	0
17	4639632	4639050	0
17	4639883	4639050	0
17	4641666	4639429	0
17	4641677	4639429	0
17	4641679	4639429	0
17	4641876	4639437	0
17	4641936	4639429	0
17	46517234	46516701	1
17	46538427	46528739	0
17	46555207	46555284	43
17	46555425	46555530	11
17	46559305	46557252	12
17	46562796	46558829	11
17	46570870	46517093	1
17	46570870	46528684	10
17	46570870	46538350	0
17	46570870	46548206	12
17	46570870	46552532	4
17	46570870	46554043	10
17	4671883	4671384	4
17	4671883	4671415	8
17	4673146	4669773	1
17	4673146	4671384	168
17	4673146	4671387	168
17	4673146	4671690	160
17	4673457	4671690	100
17	4673457	4672113	178
17	4673536	4672857	69
17	4674670	4673618	3
17	4674957	4674509	0
17	4674957	4674656	0
17	4675363	4675078	4
17	4675519	4674808	4
17	4675885	4675078	9
17	4675885	4675273	7
17	4675885	4675313	4
17	4676163	4675273	4
17	4676163	4675796	6
17	4676245	4675678	6
17	4676508	4676035	4
17	4676813	4676035	2
17	4676813	4676356	2
17	4676813	4676469	2
17	4676813	4676500	2
17	46768800	46762505	0
17	46773910	46769782	0
17	46818761	46773667	0
17	46821214	46773841	0
17	4682574	4676752	3
17	4682953	4682501	4
17	4683112	4682802	2
17	46831563	46821107	0
17	46831563	46830594	0
17	46833034	46831447	0
17	46833059	46831447	0
17	46833155	46831404	0
17	4690994	4676785	0
17	4690994	4682802	0
17	4690994	4683029	1
17	4690994	4683033	1
17	46911513	46909741	0
17	4691215	4682724	3
17	4691443	4690887	2
17	46917274	46916769	0
17	4691826	4691377	0
17	46923035	46917164	0
17	46923222	46923508	0
17	46929585	46931098	1
17	46929585	46931101	1
17	46929585	46931104	1
17	46929585	46932066	0
17	46931208	46932066	3
17	46938705	46940461	81
17	46938705	46940554	62
17	46963780	46964343	4
17	47007885	47005617	0
17	47021624	47007839	3
17	47021667	47010463	5
17	47021722	46984044	1
17	47021722	46998699	2
17	47021722	47018046	0
17	4704041	4691377	0
17	4704107	4691377	0
17	4704112	4691377	0
17	4704125	4691377	0
17	4704130	4691001	0
17	4704130	4691377	0
17	4704326	4691377	0
17	4704338	4691377	0
17	47054214	47033277	1
17	47056754	47033277	1
17	47056754	47035043	4
17	47056754	47054117	9
17	47067453	47056459	0
17	47067470	47056459	0
17	47067489	47056206	0
17	47067538	47056459	0
17	47072560	47056608	1
17	47072560	47071445	0
17	47072560	47071473	0
17	47099942	47072471	0
17	47099950	47072471	0
17	47100240	47081919	0
17	47100249	47072471	0
17	47100324	47099835	3
17	47122537	47120809	0
17	47122601	47117702	4
17	47122601	47120254	0
17	47122601	47120770	0
17	47122601	47120879	0
17	47122620	47120609	0
17	47123896	47122443	0
17	47123961	47122443	0
17	47123961	47122551	0
17	47137245	47132256	2
17	47137361	47132256	1
17	47138892	47137151	0
17	47142023	47138738	1
17	47142023	47139770	1
17	47142026	47138738	1
17	47142382	47141852	0
17	47142437	47138738	0
17	47142437	47141852	0
17	47143983	47141843	0
17	47143983	47142228	0
17	47143983	47142427	0
17	47151919	47143882	0
17	47151937	47143882	0
17	47154787	47132256	0
17	47154787	47143882	0
17	47154787	47151805	0
17	47154865	47151813	0
17	47156716	47154671	0
17	47156984	47154697	0
17	47157125	47154671	0
17	47157125	47154754	1
17	47157268	47156912	3
17	47157385	47156912	3
17	47157385	47157054	19
17	47157385	47157059	19
17	47158304	47154671	0
17	47158304	47157229	0
17	4716192	4716411	0
17	47162065	47161074	0
17	47162383	47160397	0
17	47169978	47158205	0
17	47170043	47157229	0
17	47170043	47158205	0
17	47172048	47169916	0
17	47172065	47169916	0
17	4718024	4718260	3
17	47181606	47169916	0
17	47181638	47157229	0
17	47181638	47158205	0
17	47181638	47169916	0
17	47181638	47171916	0
17	47188937	47181561	0
17	47189177	47181561	0
17	47189225	47181561	0
17	47189252	47181561	0
17	47189253	47181281	0
17	47189253	47181561	0
17	47189262	47181561	0
17	47189265	47181561	0
17	47189267	47181561	0
17	47189423	47181561	0
17	4720300	4720392	0
17	47305686	47303459	0
17	47318621	47303473	0
17	4732372	4731755	8
17	4734653	4733525	1
17	4734653	4733574	2
17	4735509	4734285	0
17	4735509	4734582	0
17	4736381	4735091	0
17	4738491	4735091	0
17	4738491	4735366	0
17	4738540	4735091	0
17	4740051	4740518	0
17	47423527	47409321	1
17	4743848	4743990	0
17	4744468	4744624	0
17	4744779	4744845	0
17	47456794	47450567	0
17	47456794	47455105	2
17	47456794	47455367	0
17	47483091	47456683	2
17	47486885	47482991	0
17	47490219	47482991	0
17	47490296	47482991	0
17	47579456	47582592	1
17	47579456	47582741	1
17	47579512	47582741	1
17	47582713	47582826	1
17	47586399	47586660	2
17	47586755	47587281	2
17	47619165	47619277	6
17	47619165	47619736	6
17	47619323	47619736	6
17	47626628	47603859	1
17	47626628	47621841	0
17	47636551	47603863	1
17	47636602	47626005	0
17	47636602	47626546	0
17	47649878	47650177	109
17	47682791	47684312	250
17	47808400	47807372	22
17	47808661	47807371	18
17	47808661	47807372	17
17	47808661	47807373	17
17	47808661	47807374	17
17	47808661	47808190	16
17	47808661	47808215	12
17	47815353	47809075	1
17	47815353	47813586	0
17	47815353	47814520	2
17	47816203	47815214	2
17	47816483	47813586	0
17	47816483	47815287	1
17	47816483	47815337	1
17	47816483	47816106	0
17	47816696	47816106	0
17	47816696	47816265	0
17	47816696	47816387	0
17	47816873	47816562	2
17	47816873	47816586	3
17	47816925	47816562	2
17	47817002	47814520	0
17	47819783	47818985	1
17	47820097	47819332	1
17	47820097	47819728	0
17	47820366	47819720	0
17	47820366	47819970	0
17	47820859	47819970	0
17	4782640	4782853	0
17	47826782	47823271	2
17	47826782	47823460	3
17	47826782	47823489	2
17	47826782	47823582	0
17	47827205	47826636	1
17	47828671	47826894	1
17	47828671	47827039	1
17	47828671	47827073	2
17	47829237	47828500	0
17	47829674	47828500	3
17	47831518	47828500	1
17	47831524	47828500	2
17	47831526	47828307	4
17	47831531	47828500	2
17	47834534	47834817	0
17	47834534	47835352	2
17	47834941	47835352	2
17	47838451	47837699	8
17	47838451	47837706	8
17	47838451	47837707	8
17	47838451	47837719	12
17	47838697	47837691	8
17	47838697	47837719	11
17	47838697	47838269	10
17	47838697	47838312	9
17	47838697	47838335	10
17	47838720	47838269	10
17	47839007	47838269	10
17	47839007	47838530	9
17	47839596	47838790	1
17	47839644	47838790	2
17	47839644	47838958	7
17	47839859	47838790	2
17	47839948	47838960	13
17	47840373	47838790	3
17	47840373	47839443	5
17	47840373	47839458	8
17	47840844	47839443	8
17	47840844	47839673	3
17	47840844	47839901	2
17	47840844	47840190	5
17	47840851	47840190	5
17	47841105	47839443	2
17	47841174	47840190	5
17	47841224	47840669	1
17	47841248	47840669	1
17	47841262	47839660	4
17	47841266	47840669	1
17	47841268	47840669	1
17	47841280	47840669	1
17	47841290	47840669	1
17	47841334	47840669	1
17	47851194	47844913	0
17	47855875	47844907	0
17	4786053	4785284	0
17	4786434	4785284	0
17	47893959	47891254	0
17	47895770	47891274	0
17	47895813	47893899	1
17	47898232	47897329	3
17	47918572	47898111	1
17	47918572	47898273	3
17	47918572	47898784	2
17	47918572	47899630	1
17	47932997	47929681	2
17	47941360	47918451	0
17	47941390	47918451	0
17	47941391	47918451	0
17	47941411	47918451	0
17	47944716	47945558	3
17	47944716	47945597	3
17	47944716	47945860	3
17	47944716	47946322	3
17	47945445	47945558	9
17	47945613	47945860	0
17	47945613	47946322	3
17	47945617	47945860	0
17	47945990	47946322	2
17	47948273	47946801	131
17	47948276	47947554	150
17	47957879	47951966	0
17	47971153	47971273	34
17	47971153	47971361	34
17	47971172	47971361	34
17	47973651	47973930	15
17	47973694	47973930	15
17	47973697	47973930	15
17	47974449	47974580	46
17	47974449	47975022	44
17	47974449	47975158	52
17	47974449	47975171	53
17	47974689	47975217	49
17	47975639	47975868	79
17	47975654	47975868	77
17	4797812	4798008	7
17	47980799	47981162	3
17	47981460	47981586	130
17	47996197	47980397	0
17	4802336	4801158	0
17	48027790	48026166	2
17	48027790	48026173	2
17	48028511	48026166	3
17	48028511	48026170	3
17	48028561	48026170	3
17	48029177	48026181	2
17	48032234	48029124	0
17	48032742	48029124	0
17	48032742	48031645	0
17	48032742	48032155	0
17	48033253	48032155	0
17	48033945	48032685	1
17	48033945	48033210	1
17	48036903	48033862	0
17	48036907	48033862	0
17	48036926	48029124	0
17	48036926	48033862	0
17	48036926	48033891	0
17	48037774	48036850	0
17	48037783	48036850	0
17	48038031	48036850	0
17	48048074	48046880	2
17	48050782	48051116	152
17	48050820	48051116	153
17	48059225	48059917	455
17	48060670	48060382	589
17	4807014	4801158	0
17	48075101	48070051	1
17	48075101	48071471	4
17	48075101	48071498	4
17	48076179	48074925	3
17	48076179	48075005	3
17	48076179	48075088	2
17	48077042	48075005	2
17	4808115	4808273	0
17	48095840	48076864	0
17	48101199	48076864	0
17	48101288	48076864	2
17	48101303	48076864	2
17	48101380	48088165	0
17	48101522	48076864	0
17	48136561	48133445	0
17	48137335	48136474	0
17	48137338	48133439	0
17	48137338	48133444	0
17	48137338	48133445	0
17	48162567	48137228	0
17	48162570	48136937	0
17	48162570	48137228	0
17	48162671	48137228	0
17	4816747	4816936	1
17	48170660	48137228	0
17	48180249	48170608	0
17	4818107	4818296	2
17	48182458	48180053	0
17	48182458	48180091	0
17	48182458	48180107	0
17	4818386	4818493	0
17	4822721	4823258	20
17	48231903	48189422	0
17	48249030	48189422	0
17	48294365	48294365	0
17	48345966	48248886	0
17	48346006	48189422	0
17	48346007	48189422	0
17	48346007	48231826	0
17	48380371	48377261	0
17	48396786	48363788	0
17	48530998	48528525	0
17	48531002	48528525	0
17	48543147	48540893	3
17	48543910	48543158	277
17	48544990	48542654	3
17	48549649	48549888	69
17	48549947	48550339	46
17	48550403	48550928	80
17	48550403	48551023	84
17	48552091	48550266	22
17	48552361	48549811	52
17	48552361	48550267	17
17	48552361	48551140	12
17	48552488	48550333	13
17	48552633	48549884	21
17	48552633	48550005	17
17	48553923	48548869	7
17	48555619	48552026	4
17	48555619	48554284	5
17	48556522	48555530	1
17	48556944	48555390	2
17	48574015	48555530	0
17	48574024	48550256	1
17	48574488	48555530	0
17	48575209	48573836	2
17	48575551	48573927	3
17	48578464	48573836	1
17	48580112	48575512	4
17	48582623	48573836	0
17	48590236	48552026	0
17	48590239	48575042	0
17	48590242	48555530	0
17	48590273	48573836	0
17	48593962	48591256	6
17	48597135	48596527	2
17	48598229	48595752	5
17	48598261	48595750	13
17	48604133	48598210	17
17	48604616	48597735	10
17	48604913	48573981	1
17	48604993	48597735	5
17	48608327	48607715	9
17	48611021	48607226	1
17	48613480	48611376	3
17	48614705	48613187	1
17	48614940	48612345	3
17	48626357	48621158	0
17	48633573	48607626	1
17	48636994	48636545	0
17	48639286	48636537	0
17	48647024	48635922	0
17	48722523	48721718	0
17	48729179	48724762	0
17	48769255	48762234	0
17	48769255	48762240	0
17	48785202	48762240	0
17	48785202	48762242	0
17	48786336	48784922	0
17	48788000	48786163	0
17	48788000	48786248	0
17	48790107	48786163	0
17	48797205	48796060	0
17	48799761	48797060	0
17	48799761	48797129	0
17	48801644	48801254	0
17	48803929	48801524	0
17	48803929	48801558	0
17	48803987	48801524	0
17	48804524	48801524	0
17	48804992	48801524	0
17	48812268	48806173	0
17	48815399	48804771	0
17	48817054	48803890	0
17	48817078	48804771	0
17	48817215	48804771	0
17	48841888	48842200	2
17	48848083	48848321	0
17	48848167	48848321	2
17	48879346	48874859	0
17	48892678	48879263	0
17	48893457	48894371	19
17	48893457	48895155	14
17	48894450	48895155	31
17	48894450	48895182	37
17	48894898	48895155	31
17	4889764	4890221	7
17	4889764	4890516	7
17	48908984	48892246	0
17	4893068	4893285	0
17	4893068	4893433	3
17	48931715	48930373	12
17	48931718	48929315	8
17	48931718	48930370	12
17	48931718	48930380	11
17	48931718	48930387	11
17	48931718	48930425	10
17	48931718	48930428	10
17	48931718	48930503	13
17	4893310	4893433	1
17	48933319	48930389	15
17	48933347	48931642	12
17	48933592	48931642	11
17	48934577	48933204	17
17	4893598	4893987	18
17	48936243	48933204	14
17	48936243	48934478	8
17	48936934	48936169	8
17	48937055	48936169	4
17	48937108	48936040	4
17	48937119	48936130	4
17	48937125	48933204	7
17	48937125	48935702	7
17	48937125	48936130	4
17	48937125	48936169	4
17	48937125	48936854	2
17	48937240	48936033	6
17	48937292	48937019	3
17	48941063	48931642	3
17	48941063	48936655	0
17	48941063	48936995	0
17	48941063	48937019	0
17	48943976	48931642	1
17	48943976	48933204	0
17	48943976	48937019	0
17	4894634	4895074	6
17	4895494	4895697	0
17	4895833	4896002	0
17	48960988	48958553	0
17	4896814	4897203	8
17	4899108	4897773	0
17	4899108	4898056	0
17	4899385	4898084	0
17	4899385	4899000	0
17	48996492	48995265	1
17	4900146	4900236	0
17	4900908	4899467	0
17	4901191	4900792	2
17	49012527	49004730	0
17	4901626	4900989	7
17	4901626	4901008	7
17	4901812	4900989	2
17	4902088	4901524	3
17	4902327	4901524	3
17	4902327	4901931	0
17	4902327	4901978	3
17	4902495	4902216	0
17	4902631	4902449	0
17	4902764	4902449	1
17	4903075	4902620	1
17	4903092	4902620	0
17	49149112	49148338	0
17	49206883	49202790	0
17	49207445	49206228	0
17	49207445	49206388	0
17	49207445	49206578	0
17	49207445	49206644	0
17	49207445	49206756	0
17	49207445	49206776	0
17	49222226	49222551	0
17	49225778	49224799	0
17	49226755	49224790	0
17	49226759	49223361	0
17	49226759	49223369	0
17	49226759	49224438	0
17	49226759	49224790	0
17	49226762	49223659	0
17	49289861	49289205	19
17	49298925	49289207	10
17	49311457	49294564	0
17	49311457	49295998	0
17	49311457	49298105	0
17	4933877	4933954	0
17	4934439	4902620	1
17	4938075	4937129	22
17	4938075	4937316	14
17	4938075	4937723	0
17	4938075	4937762	0
17	4938254	4938022	0
17	4938430	4938153	2
17	4938558	4938153	1
17	4938603	4938338	1
17	49404623	49404776	249
17	4940643	4940872	350
17	49406855	49404048	4
17	49406855	49404051	4
17	49406855	49405072	7
17	49406855	49405160	9
17	49406855	49405186	9
17	4940727	4940872	411
17	4940727	4940922	402
17	49407474	49405067	6
17	49409159	49404048	4
17	49409159	49406758	4
17	49409159	49406760	4
17	49409474	49408755	3
17	49409474	49409041	3
17	49409474	49409075	3
17	49409474	49409134	2
17	49411840	49409330	1
17	49411840	49409349	2
17	49412235	49409448	1
17	49413254	49409330	4
17	49413292	49411677	0
17	49414334	49413176	0
17	49414803	49413176	0
17	49414849	49413176	0
17	49414859	49413176	0
17	49414877	49413176	0
17	49414878	49411677	0
17	49414879	49412685	0
17	49414881	49413176	0
17	49414906	49413176	0
17	4943285	4943425	6
17	4944639	4944714	10
17	49458737	49457860	0
17	4946821	4945651	72
17	4947470	4945666	87
17	4948556	4946692	67
17	4949015	4946627	63
17	4949062	4948262	67
17	49511114	49505656	1
17	4951915	4952024	0
17	4952891	4953050	0
17	49545803	49544787	0
17	49574065	49510982	0
17	49577963	49544846	0
17	49579247	49581563	0
17	4959917	4959227	9
17	4959917	4959255	21
17	4959917	4959502	10
17	4960112	4959225	1
17	4960112	4959759	1
17	4960191	4959759	1
17	49602008	49598883	8
17	49602008	49598885	8
17	49602008	49600005	6
17	49602008	49600202	10
17	49602042	49600278	8
17	49602399	49600308	1
17	4960319	4960021	4
17	4960548	4960021	4
17	4960548	4960233	5
17	4960622	4959983	5
17	49607373	49601864	2
17	49607930	49607067	0
17	49607930	49607249	0
17	49607930	49607299	0
17	4960854	4960186	2
17	4960854	4960458	2
17	49611319	49607873	0
17	49611458	49607873	0
17	49612942	49611279	0
17	49619109	49611279	0
17	49619109	49611337	0
17	49619109	49611380	0
17	49619109	49618503	0
17	49619305	49618980	0
17	49619386	49618980	0
17	49619386	49619045	0
17	49620671	49619307	0
17	49622068	49619233	0
17	49622068	49619318	0
17	49622068	49620620	0
17	49622284	49621945	0
17	49622877	49621945	0
17	49622877	49622024	0
17	49622877	49622049	0
17	49622877	49622205	0
17	49636314	49622732	0
17	49636810	49622732	0
17	49646623	49622732	0
17	4966750	4966237	9
17	49668079	49622732	0
17	4967192	4960785	3
17	49676017	49622732	0
17	4967786	4960785	1
17	4967790	4960785	1
17	4967791	4960785	1
17	49678083	49622413	0
17	4967809	4965829	8
17	49678107	49622732	0
17	49678111	49622732	0
17	49678114	49622732	0
17	49678235	49622732	0
17	4967873	4960785	1
17	4968167	4968520	185
17	4968980	4967996	46
17	4968982	4967991	47
17	4968982	4967996	46
17	4968982	4967997	46
17	4968982	4968396	68
17	4969082	4968138	88
17	4969338	4967996	29
17	4969521	4969149	5
17	4969702	4969149	4
17	4969702	4969499	5
17	4970086	4969427	2
17	4970086	4969629	1
17	49701923	49701286	1
17	49703012	49700933	0
17	49703012	49700942	0
17	49703012	49701320	0
17	49703012	49701338	0
17	49703012	49701829	1
17	49703139	49701327	1
17	49703295	49702857	2
17	49703295	49702891	3
17	49703991	49701327	9
17	49704227	49703187	1
17	49704227	49703196	1
17	49704227	49703232	1
17	49705282	49703931	3
17	49705282	49704099	4
17	49705282	49704110	4
17	49705282	49704151	3
17	49705366	49703837	5
17	4970537	4969901	2
17	49705897	49705071	4
17	49705897	49705123	4
17	49705897	49705221	4
17	49706310	49704099	4
17	49706310	49705123	4
17	49706310	49705865	2
17	49706310	49705884	2
17	49706335	49705865	2
17	49706356	49705865	2
17	49707068	49705865	4
17	49707069	49705123	4
17	49707069	49705865	4
17	49707069	49705867	4
17	49707069	49706075	5
17	49707069	49706203	6
17	49707261	49706203	4
17	49707941	49706203	6
17	49716316	49710331	0
17	49716316	49710994	0
17	49716316	49711344	0
17	49717715	49716164	0
17	49717715	49716204	0
17	49718045	49717512	1
17	49719895	49717512	0
17	49719895	49717556	0
17	49719895	49717586	0
17	49719895	49717605	0
17	49719895	49717656	0
17	49719895	49717685	0
17	49719895	49717967	0
17	49720437	49719759	0
17	49722595	49720325	0
17	49722595	49720331	0
17	49724528	49722498	0
17	4972992	4972231	2
17	49732378	49722498	0
17	4973254	4972768	0
17	4973254	4972950	0
17	49732721	49720325	0
17	49732721	49720403	0
17	49732721	49722498	0
17	49732943	49722506	0
17	4974501	4973174	0
17	4974501	4973584	0
17	4977193	4974384	0
17	4977201	4974047	0
17	4978570	4977057	0
17	4978631	4977057	0
17	4978631	4977142	0
17	49788579	49722498	0
17	4980622	4978503	0
17	4981360	4979683	3
17	4981360	4980435	2
17	4981360	4980617	2
17	4981743	4981224	3
17	4981832	4981224	2
17	4982161	4981677	1
17	4982176	4981677	1
17	4982228	4981677	2
17	4982228	4981718	3
17	4982893	4981224	1
17	4982893	4981677	3
17	4982893	4982088	1
17	4983044	4982756	0
17	4983237	4982801	2
17	49839910	49838308	1
17	49841585	49838308	2
17	49844158	49838308	1
17	49844158	49839849	1
17	49844158	49841551	1
17	49848018	49844055	0
17	49848018	49844056	0
17	49848018	49844059	0
17	49848018	49844063	0
17	4987113	4986191	1
17	4987371	4986191	1
17	4987633	4985879	1
17	4987642	4986191	0
17	4987651	4985879	1
17	4987653	4986191	0
17	4988226	4988415	2
17	4988945	4988129	10
17	4988945	4988211	4
17	49972916	49973072	0
17	49973270	49973700	0
17	49993591	49990004	0
17	49993704	49991334	0
17	50053628	50050348	4
17	50064205	50064527	2
17	50075527	50075598	24
17	50076682	50076973	2
17	50077122	50077378	0
17	50096040	50096131	0
17	50101921	50100703	0
17	50108233	50108318	0
17	50114080	50110039	2
17	50114080	50111308	1
17	50114080	50111335	1
17	50114080	50112670	2
17	50114307	50113923	2
17	50114441	50114186	0
17	50115724	50114186	0
17	50115724	50114227	0
17	50115724	50114356	0
17	50116091	50115829	0
17	50116288	50115829	0
17	50117696	50116002	0
17	50117800	50116002	1
17	50118328	50117406	0
17	50123599	50118160	0
17	50124163	50118160	0
17	50124972	50118052	0
17	50124972	50118160	0
17	50125361	50124919	0
17	50129755	50125090	0
17	50129797	50124916	0
17	50129815	50125116	0
17	50129823	50124916	0
17	50129883	50124916	0
17	50135650	50133734	56
17	50139582	50139262	1
17	50140229	50139428	1
17	50140360	50139459	9
17	50150631	50145112	1
17	50161277	50158332	0
17	50181179	50171427	0
17	50186021	50183288	0
17	50186508	50185777	0
17	50186923	50186316	0
17	50187123	50185843	3
17	50187984	50187483	0
17	50188150	50187875	0
17	50188555	50187606	0
17	50188638	50188095	0
17	50188785	50187891	0
17	50188796	50188529	0
17	50190381	50190000	0
17	50190597	50190326	0
17	50190925	50190308	0
17	50190925	50190542	0
17	50191491	50190816	0
17	50191491	50190908	0
17	50191887	50191382	0
17	50192025	50191787	0
17	50192440	50191865	0
17	50194042	50192993	0
17	50194059	50192993	0
17	50194184	50193485	0
17	50194184	50193942	0
17	50194353	50194129	0
17	50194448	50193549	0
17	50194448	50194129	0
17	50196200	50195922	0
17	50196368	50196154	0
17	50196529	50196313	0
17	50196596	50196078	0
17	50196671	50196483	0
17	50196671	50196519	0
17	50199328	50198432	0
17	50199454	50199225	0
17	50199454	50199288	0
17	50199591	50199277	0
17	5020094	5019213	2
17	50214317	50214409	1
17	50214945	50212932	0
17	50215358	50214840	0
17	50282552	50281576	1
17	5033385	5032601	0
17	5033385	5032602	0
17	5033385	5032604	0
17	5034359	5032599	0
17	5034359	5032715	0
17	50368868	50367867	8
17	50370100	50367856	5
17	50370100	50367864	5
17	50370100	50367866	5
17	50370100	50367887	4
17	50370100	50368837	7
17	50370574	50370031	0
17	50370587	50367867	7
17	50370587	50370031	0
17	50371164	50370454	5
17	50372961	50370454	8
17	50373176	50370234	8
17	50373197	50370454	6
17	50373208	50370454	4
17	50373215	50370454	4
17	50375513	50375796	95
17	50375884	50375058	81
17	50378896	50379067	24
17	50378896	50379106	22
17	50385135	50375724	105
17	50385292	50381237	3
17	50388133	50385117	0
17	50396504	50397239	0
17	50397554	50394928	0
17	50450726	50450178	0
17	50465426	50464495	0
17	50465440	50464497	0
17	50465440	50464498	0
17	50474005	50474198	0
17	50482457	50482642	16
17	50508329	50503411	0
17	50536626	50536707	0
17	50538162	50537293	1
17	50538441	50537298	1
17	50542112	50542299	0
17	50547768	50548042	0
17	50548454	50548553	5
17	50548619	50548809	0
17	50548965	50549042	0
17	50550116	50550207	5
17	50550116	50550229	5
17	50550611	50550707	11
17	50550918	50550997	20
17	50551191	50551510	21
17	50551223	50551510	21
17	50551680	50551968	38
17	50559411	50557173	0
17	50559451	50556603	0
17	50562109	50556206	0
17	50563784	50563202	0
17	50626083	50626319	0
17	50631941	50627031	0
17	50663859	50663949	2
17	50667758	50667862	7
17	50677944	50678092	9
17	50694028	50695359	196
17	50697122	50693189	2
17	50699894	50696939	0
17	50700717	50699398	1
17	50701099	50699576	6
17	50707656	50700284	8
17	50707925	50700567	3
17	50750642	50750723	258
17	50750642	50750746	264
17	50750695	50752199	196
17	50750853	50751296	191
17	50750853	50752199	231
17	50751363	50752199	209
17	50763558	50761173	0
17	50763558	50761362	0
17	50764249	50763396	0
17	50765037	50761028	0
17	50766914	50764164	0
17	50767012	50762850	0
17	50767012	50763396	0
17	50767012	50764778	0
17	50767323	50766873	0
17	50767517	50766873	0
17	50767518	50767215	0
17	50767519	50763396	0
17	50767558	50766873	0
17	5078114	5075677	0
17	50841627	50840056	0
17	50866346	50862222	0
17	50866355	50863368	1
17	50867603	50862979	0
17	50867979	50867493	2
17	50910233	50909636	0
17	50944714	50934988	0
17	50965495	50964148	44
17	50970857	50962173	0
17	50970857	50965074	0
17	50970857	50965626	0
17	50970857	50965643	0
17	50970857	50966299	0
17	50974948	50970706	0
17	50975361	50970706	0
17	50975902	50974770	13
17	50977222	50974770	4
17	50977222	50974869	14
17	50977222	50975862	14
17	50979918	50976599	1
17	50979918	50977107	0
17	50985779	50984922	0
17	50987238	50979745	0
17	50987238	50985697	0
17	50987238	50985698	0
17	50989828	50987111	0
17	50989873	50987111	0
17	50990586	50989676	0
17	50990669	50987111	0
17	50990669	50989539	0
17	50990669	50989638	0
17	50990669	50989676	0
17	50990743	50990022	0
17	50993936	50990449	0
17	50993938	50990449	0
17	50995225	50993763	0
17	50995225	50993772	0
17	50996695	50995443	1
17	50998618	50996228	0
17	50998618	50996564	0
17	50998633	50996564	0
17	50999488	50998443	0
17	50999718	50996564	0
17	50999718	50998412	0
17	50999718	50998443	0
17	51001846	50999660	0
17	51005264	51001714	0
17	51005264	51001834	0
17	51005264	51001836	0
17	51007327	51006084	0
17	51007852	51007268	0
17	51014354	51007268	0
17	51021366	51020158	0
17	51031723	51021157	0
17	51031723	51021251	0
17	51040452	51031680	0
17	51041652	51021157	0
17	51041652	51030913	0
17	51041652	51031442	0
17	51041652	51031680	0
17	5108808	5106231	5
17	5109053	5105540	6
17	5109053	5105634	8
17	5109053	5105772	12
17	5109053	5106404	11
17	5109326	5108785	11
17	5109769	5105734	4
17	5109769	5109032	22
17	5109869	5105928	9
17	5109869	5108925	12
17	5111220	5108925	5
17	5111842	5108925	1
17	5112065	5108925	4
17	51120735	51079583	0
17	51120866	51079583	0
17	5112352	5108925	3
17	5113453	5114157	4
17	5113980	5114157	4
17	51161273	51161727	6
17	51166564	51166826	208
17	51192281	51177424	0
17	51192281	51177426	0
17	51193017	51192105	0
17	51193017	51192202	0
17	51193511	51191583	0
17	51193511	51192252	0
17	51193511	51192656	0
17	51193511	51192781	0
17	51225210	51220329	0
17	51225225	51220329	0
17	5123103	5111799	0
17	5123117	5111799	0
17	51256830	51225182	0
17	51259207	51225007	0
17	51260164	51225007	0
17	5128923	5129935	0
17	5129134	5129935	0
17	51321677	51312608	0
17	51333129	51323632	0
17	51334119	51332999	0
17	51334690	51332957	0
17	51335166	51333711	0
17	51633651	51630312	0
17	51633651	51630319	0
17	51633651	51630322	0
17	51633651	51630768	0
17	51636010	51633475	0
17	51636010	51633611	0
17	51649255	51635854	0
17	51747789	51661592	0
17	51747819	51653640	0
17	5191863	5183950	3
17	5191884	5180077	6
17	51931133	51747632	0
17	519931	508667	30
17	519931	518952	0
17	519931	519118	0
17	52070524	51931063	0
17	52072394	51930989	0
17	5214999	5208960	0
17	5214999	5210149	0
17	5214999	5213011	0
17	5214999	5214655	0
17	521739	519825	0
17	521739	519854	0
17	5223457	5221286	0
17	5234824	5223353	0
17	5234861	5221286	0
17	5234861	5223332	1
17	5234861	5223353	1
17	5241041	5240507	0
17	532912	521600	2
17	532994	521600	2
17	53437378	53276759	0
17	53445075	53437281	0
17	5371627	5364314	0
17	537177	531967	0
17	537177	532317	1
17	537177	532707	1
17	537177	532826	0
17	537177	532841	1
17	53839993	53444952	0
17	5386209	5360962	0
17	5386827	5361813	3
17	5386827	5386025	3
17	5386827	5386101	3
17	5386827	5386103	3
17	5387070	5386707	0
17	5387111	5386686	0
17	5387111	5386707	0
17	5387133	5386707	0
17	5387467	5386707	2
17	5387467	5386983	3
17	5387671	5387083	3
17	5387671	5387385	3
17	5387905	5387385	3
17	5387905	5387604	3
17	5387913	5387604	3
17	5387953	5387604	4
17	5388251	5387543	4
17	5388851	5387778	16
17	5388961	5387604	8
17	5388961	5387778	17
17	5391663	5388375	2
17	5391663	5388801	0
17	5394980	5391560	1
17	5394982	5391474	1
17	5394982	5391560	1
17	53971033	53839831	0
17	5408910	5405056	0
17	5410790	5408732	0
17	5410790	5408736	0
17	5414135	5410702	0
17	5416683	5414008	0
17	5416683	5414099	0
17	5418117	5416512	0
17	5418142	5416552	0
17	5418230	5416512	0
17	5419467	5416512	0
17	5419663	5416512	0
17	5420161	5416512	2
17	5426083	5426235	25
17	5426083	5428070	11
17	5426300	5428070	8
17	5432877	5425138	12
17	5433416	5432776	257
17	5433416	5432800	8
17	5433416	5433018	5
17	5433416	5433142	6
17	5434111	5433071	23
17	5434967	5433668	7
17	5438274	5434664	9
17	5438274	5434872	10
17	5438768	5438166	1
17	5438779	5438122	1
17	5439156	5438122	1
17	5448831	5438122	1
17	5448896	5440911	1
17	5448896	5443488	2
17	5448896	5443492	2
17	5448896	5444097	4
17	5480145	5471250	0
17	5480145	5474451	1
17	5480145	5474609	0
17	5480145	5474726	1
17	5480145	5477896	0
17	5480274	5474308	3
17	5480460	5480053	4
17	5480544	5480053	7
17	5480544	5480070	7
17	5480583	5480053	7
17	5481143	5480053	19
17	5481143	5480386	22
17	5481390	5480053	12
17	5481390	5480386	10
17	5481390	5480399	13
17	5481390	5481100	9
17	5482880	5481295	2
17	5482883	5480053	2
17	5482883	5480386	2
17	5482883	5480509	2
17	5482883	5481100	0
17	5482883	5481295	2
17	5485217	5480053	0
17	5485217	5480123	0
17	5485217	5482269	1
17	5485217	5482808	3
17	5485217	5482809	3
17	54953760	54951905	3
17	54954106	54951905	7
17	54961140	54959200	9
17	54961266	54953660	10
17	54961313	54951908	7
17	54961327	54951934	4
17	54962916	54951901	17
17	54963415	54961118	23
17	54963432	54961118	21
17	54963432	54961205	27
17	54963432	54961264	38
17	54964853	54962902	1
17	54964853	54963305	0
17	5501146	5499438	5
17	5501873	5499426	5
17	5502964	5499427	0
17	5515518	5514121	0
17	5515518	5514126	0
17	5515518	5514753	0
17	5517888	5501384	2
17	5517888	5501736	0
17	5517888	5501813	0
17	5518566	5502291	0
17	551951	537027	0
17	55273654	55271503	0
17	5530705	5521523	0
17	5530705	5529894	0
17	55327792	55325756	0
17	553463	551633	0
17	553463	551871	0
17	55401539	55392612	0
17	55401539	55392642	0
17	55403869	55401468	0
17	55421798	55420091	6
17	55421836	55414150	0
17	55421925	55414150	0
17	55421993	55414150	0
17	55458451	55454045	0
17	55467329	55448432	0
17	55477173	55468065	0
17	55478814	55467144	0
17	55527789	55526963	0
17	55561092	55527921	0
17	55721799	55720682	0
17	55722730	55719917	0
17	55722730	55721462	0
17	55722857	55719626	0
17	55722865	55721500	0
17	55723025	55722618	0
17	55727983	55722555	0
17	55727983	55722618	0
17	5583958	5582669	0
17	5583960	5582669	0
17	5584104	5582669	0
17	5584449	5583686	10
17	5584480	5582669	2
17	5584501	5583850	11
17	5584510	5582669	2
17	5584513	5583686	5
17	5584532	5582669	2
17	55857274	55842676	0
17	560574	551871	0
17	560574	553379	0
17	5619425	5584016	0
17	5619425	5584292	1
17	56795181	56791912	0
17	56795293	56791912	0
17	56814970	56795043	0
17	56824854	56815755	0
17	56825322	56824738	0
17	56825322	56824746	0
17	56838774	56825080	1
17	56843118	56836386	0
17	56852073	56843652	0
17	56862252	56862611	0
17	56862252	56862644	0
17	56888958	56891381	220
17	56891527	56890520	241
17	56892230	56890667	60
17	56895442	56854919	0
17	56895442	56887908	20
17	56895442	56891363	12
17	56895442	56891582	15
17	56895442	56892111	13
17	56895775	56895342	15
17	56895953	56895520	19
17	56899181	56895769	6
17	56899181	56895925	6
17	56901579	56898960	1
17	56901579	56899114	1
17	56904344	56901418	0
17	56904489	56901418	0
17	56904489	56901426	0
17	56908564	56904254	0
17	56908784	56908467	0
17	56912166	56908467	0
17	56913118	56908482	0
17	56914033	56908467	5
17	56914039	56908467	5
17	56914081	56908467	1
17	56942124	56938186	0
17	56950997	56949680	89
17	56951715	56950912	0
17	56960777	56951421	0
17	56961055	56949888	0
17	56987333	56987694	0
17	56995019	56995446	0
17	56995019	56995506	0
17	57079411	57078297	0
17	57085023	57079286	0
17	57085025	57079146	0
17	57106411	57107124	153
17	57120294	57121278	139
17	57213301	57196080	0
17	57522907	57522247	0
17	57606359	57600855	0
17	57627304	57631790	0
17	57832749	57771945	0
17	57834750	57771945	0
17	57841053	57834780	2
17	57841261	57840799	3
17	57841261	57840925	2
17	57841261	57841003	3
17	57849411	57841182	1
17	57849998	57848735	4
17	57850045	57849239	4
17	57850057	57849239	4
17	57866545	57861242	2
17	57866545	57862695	2
17	57866545	57862874	2
17	57866545	57862962	2
17	57866545	57862975	2
17	57866545	57863271	3
17	57866858	57862962	6
17	57867416	57861603	0
17	57872856	57871285	0
17	57873718	57872662	0
17	57873718	57872810	0
17	57955258	57879610	0
17	57955324	57885228	0
17	57979314	57971546	1
17	57979314	57973758	2
17	57983394	57981872	5
17	57985349	57982698	4
17	57986145	57982909	7
17	57988153	57982698	6
17	57988260	57985984	5
17	57989797	57989037	5
17	57993480	57989041	3
17	57994851	57989043	5
17	58004002	57989648	6
17	58005042	58003801	1391
17	58005135	58003492	1357
17	58005601	58004587	1524
17	58005601	58004922	1420
17	58005974	58003650	1171
17	58005974	58003806	1138
17	58005974	58004848	1072
17	58005974	58005397	159
17	58005974	58005413	157
17	58006406	58005800	10
17	58006528	58003359	254
17	58006528	58004821	302
17	58006528	58004922	269
17	58006528	58005800	15
17	58007233	58006342	10
17	58007247	58006342	10
17	58007262	58006342	15
17	58007274	58006509	94
17	58007347	58006241	17
17	58007347	58006342	37
17	58053789	58050788	0
17	58082617	58076890	0
17	58206381	58205436	6
17	58206381	58205452	6
17	58206381	58205739	10
17	58206381	58205740	10
17	58206381	58205887	6
17	58208002	58206282	5
17	58208002	58207084	6
17	58208002	58207560	13
17	58208175	58207565	9
17	58208175	58207893	2
17	58208251	58207561	5
17	58208584	58208104	2
17	58208584	58208140	2
17	58210725	58208512	0
17	58210991	58210658	0
17	58211023	58210658	0
17	58211121	58208512	0
17	58213870	58212981	0
17	58214380	58213764	0
17	58214388	58213764	0
17	58214388	58213805	0
17	58214388	58213858	0
17	58216244	58214258	1
17	58216244	58214740	1
17	58216737	58215605	0
17	58216737	58216087	0
17	58218730	58214740	0
17	58219231	58218619	0
17	58219233	58218619	0
17	58219237	58218619	0
17	58219246	58218619	0
17	58219306	58218619	0
17	58219606	58218619	0
17	58243056	58243993	0
17	58249178	58249565	0
17	58271893	58269855	0
17	58272919	58270728	0
17	58275703	58273413	0
17	58278120	58275570	0
17	58278146	58275541	0
17	58279215	58277826	0
17	58279400	58278836	0
17	58279427	58279007	0
17	58280015	58279522	0
17	58280460	58279838	0
17	58280460	58279875	0
17	58304400	58301230	0
17	58304400	58301247	0
17	58304400	58301851	0
17	58304400	58302270	0
17	58304400	58302284	0
17	58304724	58304337	0
17	58305172	58301230	0
17	58305172	58304337	0
17	58305172	58304610	0
17	58305459	58305060	0
17	58305644	58305386	0
17	58306358	58305832	0
17	58306387	58305832	0
17	58306414	58305832	0
17	58306430	58305832	0
17	58306868	58305832	0
17	58306969	58305832	0
17	58306969	58306341	0
17	58307763	58306799	0
17	58307942	58307442	0
17	58307942	58307610	0
17	58311723	58310835	0
17	58311989	58311438	0
17	58312217	58311570	0
17	58312723	58311570	0
17	58322413	58320530	0
17	58322722	58322071	0
17	58322777	58322307	0
17	58326422	58325533	0
17	58337311	58337447	0
17	58347242	58345174	1
17	58347242	58345177	1
17	58347242	58345205	3
17	58347242	58345246	3
17	58347242	58345911	1
17	58347242	58346015	0
17	58347242	58346211	1
17	58347585	58347187	0
17	58347585	58347199	0
17	58347612	58347187	2
17	58351509	58347187	0
17	58352137	58351401	0
17	58352168	58351401	0
17	58352179	58351401	0
17	58352203	58351401	0
17	58352424	58351401	0
17	58353094	58352066	0
17	58358824	58351401	0
17	58358824	58352499	0
17	58358824	58353675	0
17	58358824	58354926	0
17	58360252	58356982	0
17	58360252	58357467	0
17	58363407	58362543	0
17	58363593	58363149	0
17	58363601	58363274	0
17	58415642	58363525	0
17	58415760	58370910	0
17	58415963	58370910	0
17	58417086	58370910	0
17	58417353	58415325	0
17	58417534	58370910	0
17	58417583	58415325	0
17	58417596	58370910	0
17	58417596	58417012	0
17	58458946	58420166	0
17	58480268	58466884	0
17	58492600	58489528	0
17	58492600	58489536	0
17	58492739	58491480	0
17	58508275	58507122	0
17	58508565	58507984	0
17	58508565	58508160	0
17	58508565	58508167	0
17	58508842	58508467	2
17	58508877	58508321	0
17	58511512	58508467	1
17	58511512	58508680	0
17	58511512	58510596	0
17	58512507	58510734	0
17	58512507	58511428	0
17	58512507	58511447	0
17	58512507	58511450	0
17	58520790	58520255	0
17	58520843	58520249	0
17	58520843	58520255	0
17	58520843	58520257	0
17	58520843	58520298	0
17	58520843	58520358	0
17	58521161	58520254	0
17	58521161	58520255	0
17	58521161	58520425	0
17	58521647	58521253	0
17	58521854	58521544	0
17	58522102	58520255	0
17	58522102	58521544	0
17	58522102	58521735	0
17	58522102	58521747	0
17	58525202	58520742	0
17	58525202	58521548	0
17	58525202	58521735	0
17	58525202	58521966	0
17	58525202	58522020	0
17	58525202	58522050	0
17	58525782	58525077	0
17	58525782	58525161	0
17	58526314	58525694	0
17	58526979	58525694	0
17	58526979	58526219	0
17	58526979	58526253	0
17	58526979	58526314	0
17	58527145	58526681	0
17	58527982	58526681	0
17	58527999	58526681	0
17	58528014	58526562	0
17	58528031	58526219	0
17	58528570	58524587	0
17	58529204	58526766	0
17	58529280	58526219	0
17	58529304	58526219	0
17	58529314	58526219	0
17	58529314	58526681	0
17	58529314	58526931	0
17	58529351	58526219	0
17	58529352	58526681	0
17	58531552	58526219	0
17	58531552	58526681	0
17	58531643	58526577	0
17	58531942	58526764	0
17	58532038	58526219	0
17	58532047	58526681	0
17	58532051	58526681	0
17	58532055	58526219	0
17	58532066	58526219	0
17	58532066	58526681	0
17	58532066	58526931	0
17	58532067	58531479	0
17	58532076	58531479	0
17	58532287	58526576	0
17	58539159	58526222	0
17	58539209	58526681	0
17	58540819	58526681	0
17	58544369	58541586	0
17	58557851	58556677	0
17	58557851	58556679	0
17	58559563	58556679	0
17	58565825	58564868	0
17	58567912	58565751	0
17	58569261	58565746	0
17	58648113	58630439	0
17	58652003	58630439	0
17	58692019	58660423	0
17	58692024	58651865	0
17	58692046	58651865	0
17	58692056	58651865	0
17	58692789	58693350	17
17	58999460	58982637	0
17	58999460	58982650	0
17	59001715	58998201	0
17	59001715	58998986	2
17	59001715	58999380	2
17	59001742	58999380	2
17	59012408	58999380	1
17	59012447	58998199	0
17	59012447	58999380	1
17	59061109	59056874	0
17	59062649	59061031	0
17	59062649	59061088	0
17	59064406	59062566	0
17	59070948	59064151	0
17	59070948	59064354	0
17	59075715	59070822	0
17	59075715	59073093	0
17	59079808	59075646	0
17	59079878	59075646	0
17	59079878	59075683	0
17	59081163	59079753	0
17	59081220	59079753	0
17	59081220	59079797	0
17	59088408	59081096	1
17	59088408	59084001	0
17	59090093	59087978	0
17	59090093	59088290	2
17	59091341	59079753	0
17	59091341	59087979	0
17	59091341	59088225	0
17	59091341	59088290	0
17	59091341	59090016	0
17	59091341	59090052	0
17	59119496	59109950	1
17	59119496	59111887	2
17	59119496	59111889	2
17	59119496	59112090	2
17	59119496	59112261	1
17	59124429	59119318	0
17	59131368	59111955	2
17	59131368	59112046	2
17	59131368	59119298	0
17	59131368	59119318	0
17	59131368	59119386	0
17	59131368	59124306	0
17	59151802	59131280	0
17	59155175	59131280	0
17	59155178	59131280	0
17	59155183	59131280	0
17	59155185	59111885	0
17	59155185	59119318	1
17	59155195	59131280	0
17	59155249	59131280	0
17	59155261	59111942	0
17	59155270	59131280	0
17	59177255	59174982	0
17	59185205	59185439	0
17	59203830	59202676	130
17	59403304	59400487	0
17	59433766	59430669	0
17	59503095	59430868	0
17	59605185	59605445	0
17	59679545	59674635	0
17	59700190	59697307	48
17	59707416	59679366	2
17	59707441	59699415	14
17	59707599	59697305	11
17	59707627	59698870	7
17	59838213	59838311	216
17	59838398	59839767	120
17	59863848	59859481	0
17	59863848	59859489	0
17	59863848	59860012	0
17	59863848	59860224	0
17	59863848	59860316	0
17	59863848	59860321	0
17	59866750	59860033	0
17	59866750	59863663	0
17	59866750	59863782	0
17	59874704	59866595	0
17	59874704	59866608	0
17	59878335	59863663	0
17	59878335	59866608	1
17	59878335	59874538	2
17	59878763	59874538	1
17	59881111	59878102	1
17	59881149	59878102	1
17	59884757	59880893	0
17	59886231	59866608	0
17	59886231	59878300	0
17	59886231	59880893	0
17	59886231	59880937	1
17	59886231	59884660	0
17	59891004	59886082	0
17	59891042	59866608	0
17	59891042	59886082	0
17	59891042	59886504	0
17	59891961	59890883	1
17	59892716	59890830	0
17	59892859	59890830	0
17	59892894	59866608	0
17	59892894	59878102	2
17	59892894	59886082	1
17	59892900	59890830	0
17	59892921	59890830	0
17	59892936	59886082	0
17	59892942	59890830	0
17	59892944	59890830	0
17	59892946	59890830	0
17	59936278	59936463	0
17	59947881	59950159	26
17	59954147	59952239	0
17	59954147	59952361	2
17	59954147	59952395	2
17	59956554	59953948	0
17	59956554	59954044	0
17	59957383	59956487	0
17	59958445	59957223	0
17	59958638	59957223	0
17	59958702	59958290	3
17	59960169	59958290	0
17	59960169	59958362	3
17	59960169	59958433	2
17	59960169	59958623	1
17	59962600	59960067	0
17	59962617	59958290	0
17	59962617	59959383	0
17	59962617	59960067	0
17	59962967	59962539	2
17	59963285	59958290	0
17	59963285	59962320	2
17	59963285	59962362	4
17	59963285	59962539	1
17	59964735	59962539	0
17	59976133	59962826	0
17	59976771	59976008	0
17	59976771	59976023	0
17	59995815	59989263	0
17	59996040	59989263	0
17	59996040	59995631	0
17	59998238	59995952	0
17	60010183	60008436	0
17	60014410	60002247	0
17	60046100	60043672	1
17	60046230	60043193	0
17	60046230	60043491	0
17	60046230	60043562	0
17	60047406	60046024	0
17	60048317	60047308	0
17	60048370	60047363	0
17	60048389	60047308	0
17	60064783	60063003	0
17	60066387	60059889	0
17	60066397	60059889	0
17	60067733	60059889	0
17	60069849	60066208	0
17	60069849	60067430	0
17	60069849	60067433	0
17	60070808	60069710	1
17	60070808	60069808	1
17	60072330	60070705	0
17	60073280	60072214	1
17	60073280	60072220	1
17	60073282	60072214	1
17	60073887	60072214	1
17	60073887	60073163	1
17	60073887	60073235	2
17	60074160	60073163	3
17	60074160	60073845	3
17	60075834	60073745	3
17	60076186	60073745	2
17	60076238	60073163	1
17	60076238	60073745	3
17	60076238	60073748	3
17	60076238	60073961	3
17	60076238	60075614	0
17	60076238	60075704	5
17	60078913	60076129	1
17	60078922	60076129	1
17	60078923	60076272	0
17	60078932	60076129	0
17	60085204	60083565	0
17	60085204	60083566	0
17	60085204	60083571	0
17	60085402	60083599	0
17	60085986	60085102	0
17	60086080	60083565	0
17	60086080	60085102	0
17	60086080	60085112	0
17	60086127	60083565	0
17	60086127	60085054	0
17	60086127	60085102	0
17	60088257	60085931	0
17	60088258	60085931	0
17	60088287	60085108	0
17	60088294	60085054	0
17	60088302	60085931	0
17	60088314	60085931	0
17	60088316	60085931	0
17	60088468	60085102	0
17	60091886	60088196	0
17	60115952	60113792	0
17	60125475	60124109	0
17	60129091	60126534	0
17	60134999	60132435	0
17	60140082	60135761	0
17	60180638	60179093	2
17	60180638	60179104	2
17	60181674	60179110	1
17	60183454	60181323	0
17	60185652	60183164	0
17	60185934	60183185	0
17	601897	586269	0
17	601897	599944	0
17	601897	600879	1
17	60208211	60207020	0
17	60208814	60207728	1
17	60208829	60208058	1
17	60209544	60208653	0
17	60211119	60209369	0
17	60211119	60209416	0
17	60213663	60212023	0
17	60214775	60213580	0
17	60219788	60214619	0
17	60222550	60214619	0
17	60222550	60219570	0
17	60222550	60219627	0
17	60222550	60219635	0
17	60222550	60219669	0
17	60226232	60222408	0
17	60226232	60223410	0
17	60236241	60226038	0
17	60236241	60226182	0
17	60252443	60236137	0
17	60252443	60249057	0
17	60265475	60255174	0
17	60294802	60288522	0
17	60301705	60294682	0
17	60305044	60301598	0
17	60345609	60252380	0
17	60345609	60301449	0
17	60345609	60301598	0
17	60422338	60421207	0
17	60422471	60345480	0
17	60452046	60443148	0
17	60452046	60447745	0
17	60460788	60456295	0
17	60461916	60460662	0
17	60462062	60461809	0
17	60464111	60461993	0
17	60465162	60459506	0
17	60466460	60464020	0
17	60468511	60466350	0
17	60479272	60466290	0
17	60479272	60477468	0
17	60494618	60479147	0
17	60494618	60479161	0
17	60496442	60494465	4
17	60500488	60494465	0
17	60500488	60494473	0
17	60525939	60500398	1
17	60525962	60500398	1
17	60526099	60500398	0
17	60526133	60494465	4
17	60526220	60500398	0
17	60565672	60564739	0
17	61036385	61034635	0
17	61070123	61036212	0
17	61070357	61069855	0
17	61135965	61130703	0
17	6120744	6120797	3
17	61362806	61361667	0
17	61379141	61380505	0
17	61388709	61391976	0
17	61394063	61393455	0
17	61394739	61393457	0
17	61399589	61393457	0
17	61399607	61393456	0
17	61400244	61367525	0
17	61404770	61405201	1
17	61405837	61408053	2
17	61408842	61409257	16
17	61411556	61393457	0
17	61463385	61460223	0
17	61483053	61483145	0
17	61686166	61681265	1
17	61693513	61684771	0
17	61693513	61685835	0
17	61743135	61715950	0
17	61743135	61739056	0
17	61776481	61744431	0
17	61776563	61744431	0
17	61776563	61775877	0
17	61780278	61776400	1
17	61780402	61776400	1
17	61857232	61849128	0
17	61859908	61857057	0
17	61859908	61857227	0
17	61868010	61865366	40
17	61868010	61865369	40
17	61868010	61865389	37
17	61868010	61867248	8
17	61872461	61869736	0
17	61875039	61872022	0
17	61875039	61872264	0
17	61878089	61874912	1
17	61881172	61877886	0
17	61881172	61877980	0
17	61891690	61889785	0
17	61893900	61891512	0
17	61894187	61891576	0
17	6189861	6189453	0
17	6190542	6189724	0
17	61911694	61907407	0
17	61912071	61910151	0
17	61912071	61911519	0
17	61926663	61924960	0
17	61927106	61926351	0
17	61927427	61926407	0
17	61927978	61926351	0
17	61927983	61926351	0
17	61927992	61926351	0
17	61928017	61926351	0
17	61947018	61942604	30
17	61955568	61952964	0
17	61955764	61955310	2
17	61955839	61955381	2
17	62011234	61995151	1
17	62029652	62010426	0
17	62029652	62010549	0
17	62030001	62029540	0
17	62030014	62029297	0
17	62030014	62029540	0
17	62031639	62029850	0
17	62032474	62031512	0
17	62033826	62031443	0
17	62033985	62031443	0
17	62052706	62035462	0
17	62236878	62231469	0
17	62266763	62264704	0
17	62266763	62265016	0
17	62266763	62265254	0
17	62284389	62282701	0
17	623675	601794	0
17	62424013	62424218	25
17	62679903	62680169	0
17	62680309	62680417	0
17	62680454	62680799	1
17	62680961	62681061	0
17	62703433	62701313	0
17	62705582	62701313	0
17	62705582	62701314	0
17	62711345	62701313	0
17	62711345	62704947	0
17	62711345	62705538	0
17	62736518	62701313	0
17	62737333	62724937	0
17	62744515	62735930	0
17	62744526	62735930	0
17	62744529	62735930	0
17	62759992	62749975	0
17	62760007	62735930	0
17	62760007	62744375	0
17	62760007	62746864	0
17	62788600	62759834	0
17	62788600	62780939	0
17	62801753	62788479	0
17	62801753	62788506	0
17	62920609	62910020	0
17	62929698	62910689	0
17	62966584	62936773	0
17	62968550	62936773	0
17	62968550	62966816	0
17	63120807	63117018	0
17	631629	627173	0
17	631629	628087	0
17	63197786	63193929	0
17	6323229	6322412	0
17	632842	631549	0
17	63313522	63305261	0
17	63320492	63193930	0
17	63334117	63320380	0
17	63388089	63381230	0
17	63414313	63387988	0
17	63431090	63391190	2
17	63432212	63430467	0
17	63435185	63433908	49
17	63435244	63432303	31
17	63435244	63432304	31
17	63435244	63432306	31
17	63435244	63433144	106
17	63435244	63433215	101
17	63435244	63433963	31
17	63435244	63434139	20
17	63435244	63434191	7
17	63435244	63434260	9
17	63435244	63434313	9
17	63435244	63434402	9
17	63435244	63434477	13
17	63435400	63434330	25
17	63435792	63433563	14
17	63435792	63435085	9
17	63435792	63435557	1
17	63436153	63435414	2
17	63436153	63435687	2
17	63436153	63435711	2
17	63437485	63436053	2
17	63437561	63435687	1
17	63437561	63436006	1
17	63437561	63436053	1
17	63437950	63436053	1
17	63438171	63437345	0
17	63438312	63437345	0
17	63439291	63437371	3
17	63440212	63437345	0
17	63440867	63437345	1
17	63442853	63437345	1
17	63446185	63437345	1
17	63446292	63437345	1
17	63446295	63437345	1
17	63446307	63436053	2
17	63446307	63437345	1
17	63446309	63436053	2
17	63446332	63437086	1
17	63446341	63437345	0
17	63446355	63437345	0
17	63446379	63437345	2
17	63477791	63477930	0
17	63484970	63485235	0
17	63485067	63485235	0
17	63496986	63497136	0
17	63535824	63535982	0
17	63589238	63590990	97
17	63589238	63594202	67
17	63591085	63594202	92
17	63606441	63607286	1
17	63622438	63622716	22
17	63689176	63682335	0
17	63690598	63689092	0
17	63698712	63698188	29
17	63698819	63698334	6
17	63698939	63695901	3
17	63698939	63697815	6
17	63698939	63697832	6
17	63698939	63698288	3
17	63698939	63698477	3
17	63698939	63698496	3
17	63698939	63698608	4
17	63699070	63697815	6
17	63699070	63698466	3
17	63699070	63698798	3
17	63699114	63698798	3
17	63699163	63698798	0
17	63699345	63698497	3
17	63699349	63698798	0
17	63699349	63699027	0
17	63699363	63698255	5
17	63699396	63698798	2
17	63699396	63699027	0
17	63700109	63698798	3
17	63701173	63699256	1
17	63704048	63690472	6
17	63704048	63702818	21
17	63704048	63702834	21
17	63704048	63702837	21
17	63704048	63702839	21
17	63704048	63702844	21
17	63704048	63702886	21
17	63704048	63703012	86
17	63704048	63703177	40
17	63704048	63703657	21
17	63704048	63703699	18
17	63704456	63703014	69
17	63704583	63702839	7
17	63704583	63703388	16
17	63704583	63703612	17
17	63704583	63703705	14
17	63704583	63704004	16
17	63706731	63702834	3
17	63706731	63704525	3
17	63706731	63704878	3
17	63706740	63702841	1
17	63706740	63702896	14
17	63706740	63703408	3
17	63706740	63703419	3
17	63706740	63704004	4
17	63706740	63704207	4
17	63706740	63704340	6
17	63706740	63704416	6
17	63706740	63704431	6
17	63706740	63704440	6
17	63706740	63704456	6
17	63706740	63704483	4
17	63706740	63704599	3
17	63707419	63706634	4
17	63707419	63706647	4
17	63707419	63706660	4
17	63707419	63706698	4
17	63707419	63706701	4
17	63710615	63706634	3
17	63710615	63707246	0
17	63710615	63707250	1
17	63710615	63707358	1
17	63710615	63707378	1
17	63710615	63707406	1
17	63710837	63706634	0
17	63710837	63707246	0
17	63710837	63710361	2
17	63710837	63710490	1
17	63710837	63710506	1
17	63710944	63707246	0
17	63712540	63710727	0
17	63712546	63710789	0
17	63713528	63707246	0
17	63713528	63710490	0
17	63713528	63710727	0
17	63713528	63710774	0
17	63713528	63710824	0
17	63713528	63712452	0
17	63714058	63713405	0
17	63714109	63710727	0
17	63714109	63713405	0
17	63714109	63713428	0
17	63714109	63713436	0
17	63714109	63713459	0
17	63714109	63713486	0
17	63714109	63713497	0
17	63714109	63713507	0
17	63714555	63713405	0
17	63715552	63714005	8
17	63717155	63714005	3
17	63719123	63714005	1
17	63723327	63713405	1
17	63723327	63714005	1
17	63723593	63714005	2
17	63723972	63714005	1
17	63726696	63713405	3
17	63726696	63714005	2
17	63726696	63714026	2
17	63726696	63717074	2
17	63726696	63723297	3
17	63728325	63723297	2
17	63728385	63726637	0
17	63728386	63726637	0
17	63728405	63714005	1
17	63728414	63713405	0
17	63728414	63714005	1
17	63728414	63717074	2
17	63728414	63726637	0
17	63737437	63728333	0
17	63741254	63728333	0
17	63741664	63714005	0
17	63741664	63726637	0
17	63741664	63728333	0
17	63741664	63728357	0
17	63741762	63728333	0
17	63741770	63728333	0
17	63741783	63728333	0
17	63741786	63714005	0
17	63741786	63726637	0
17	63741786	63728333	0
17	63741786	63728357	0
17	63741789	63728333	0
17	63741797	63714005	0
17	63741797	63726637	0
17	63741797	63728333	0
17	63741797	63728357	0
17	63741799	63728333	0
17	63741800	63728333	0
17	63741816	63728357	0
17	63741819	63725703	0
17	63741831	63728333	0
17	63741832	63728333	0
17	63741833	63714005	0
17	63741833	63726637	0
17	63741833	63728333	0
17	63741833	63728357	0
17	63741844	63728333	0
17	63741846	63728357	0
17	63741861	63728333	0
17	63741862	63728357	0
17	63741875	63728333	0
17	63741876	63728333	0
17	63741879	63728333	0
17	63741987	63728357	0
17	6375081	6373832	0
17	63752098	63728333	1
17	63752108	63745249	0
17	63752108	63746402	2
17	63752108	63746426	2
17	63752430	63751769	0
17	63752430	63751939	0
17	63752800	63752319	0
17	63754519	63752740	0
17	63754519	63752779	1
17	63766195	63764739	0
17	63772864	63765911	0
17	63773565	63765759	0
17	63773571	63765911	0
17	63773776	63765911	0
17	63774092	63774188	0
17	63774777	63766118	0
17	63817346	63818934	156
17	63818030	63818031	157
17	63820174	63819432	28
17	63820439	63820078	23
17	63820939	63820254	3
17	63821116	63820258	9
17	63821116	63820838	5
17	63821116	63820914	5
17	63821644	63820838	7
17	63821644	63821029	9
17	63821844	63821353	12
17	63821844	63821428	12
17	63822190	63821353	12
17	63823892	63821722	21
17	63823953	63821983	14
17	63824240	63823589	3
17	63824240	63823816	1
17	63824387	63824083	1
17	63824412	63824083	1
17	63824596	63824083	1
17	63825437	63825047	5
17	63825636	63825241	2
17	63825636	63825342	2
17	63825636	63825383	2
17	63826136	63825535	4
17	63826136	63825590	2
17	63826305	63825830	3
17	63826305	63825926	2
17	63826305	63826055	2
17	63826673	63826071	5
17	63826673	63826257	5
17	63826699	63826257	5
17	63826911	63826546	6
17	63826929	63826257	7
17	63826929	63826566	10
17	63826929	63826638	10
17	63826931	63826566	9
17	63827065	63826566	10
17	63827071	63826566	10
17	63827099	63826835	5
17	63827107	63826835	5
17	63827207	63827417	3
17	63827225	63826844	3
17	63827247	63826835	3
17	63827330	63826835	3
17	63827478	63827114	3
17	63827515	63827673	13
17	63827515	63827828	14
17	63827515	63827850	14
17	63827524	63827619	13
17	63827648	63827051	9
17	63827648	63827108	9
17	63827672	63826835	5
17	63827924	63828118	8
17	63827924	63828137	8
17	63828210	63829493	17
17	63829203	63827369	16
17	63829564	63829851	13
17	63829950	63830132	20
17	63829950	63830270	21
17	63830013	63829117	21
17	63830190	63830270	14
17	63830936	63831019	8
17	63830936	63831035	5
17	63831426	63831505	7
17	63831617	63831723	3
17	63833171	63832080	57
17	63833171	63832083	56
17	63833171	63832501	108
17	63833171	63832603	62
17	63833171	63832638	54
17	63833723	63833068	4
17	63833723	63833297	2
17	63834007	63833586	0
17	63834007	63833704	0
17	63834329	63833908	0
17	63834329	63833911	0
17	63834576	63834166	2
17	63834576	63834177	3
17	63834745	63834473	1
17	63834801	63834473	1
17	63835053	63834361	2
17	63835146	63834473	2
17	63835568	63834704	1
17	63835658	63834704	2
17	63837045	63835411	2
17	63837045	63835490	2
17	63837238	63836745	0
17	63837238	63836921	0
17	63837626	63836921	0
17	63842467	63837440	1
17	63842507	63837440	2
17	63842511	63837194	1
17	63842675	63842458	139
17	63842699	63837194	3
17	63842941	63837440	5
17	63843066	63842465	20
17	63872742	63872011	0
17	63872742	63872014	0
17	63872882	63872576	0
17	63872955	63872011	0
17	63872955	63872576	0
17	63873340	63872011	0
17	63873340	63872046	0
17	63873340	63872576	0
17	63873340	63872834	0
17	63873677	63872834	0
17	63873708	63873178	0
17	63873730	63873178	0
17	63873767	63872834	0
17	63873767	63873178	0
17	63873767	63873276	0
17	63880937	63880214	0
17	63880937	63880217	0
17	63881104	63880771	0
17	63881149	63880217	0
17	63881149	63880223	0
17	63881149	63880771	0
17	63881149	63880775	0
17	63881520	63880771	0
17	63895638	63894917	0
17	63895638	63894993	0
17	63895851	63894926	0
17	63895851	63895472	0
17	63896236	63894908	0
17	63896236	63895730	0
17	63896571	63895730	0
17	63896583	63896074	0
17	63896610	63894930	0
17	63896654	63896074	0
17	63896662	63895830	0
17	63896662	63896074	0
17	63910327	63909599	0
17	63910327	63909603	0
17	63910327	63909604	0
17	63910327	63909606	0
17	63910327	63909710	0
17	63910467	63909596	0
17	63910467	63910161	0
17	63910536	63910161	0
17	63910540	63909615	0
17	63910540	63910161	0
17	63910925	63909651	0
17	63910925	63910161	0
17	63910925	63910419	0
17	63911197	63910744	0
17	63911237	63910419	0
17	63911248	63910161	0
17	63911259	63910419	0
17	63911290	63910419	0
17	63911300	63909616	0
17	63911329	63910419	0
17	63911342	63910861	0
17	63917925	63917199	0
17	63917925	63917202	0
17	63917925	63917493	0
17	63918507	63917202	0
17	63918839	63910763	0
17	63918839	63917202	0
17	63929325	63918345	0
17	63929476	63928739	0
17	63929476	63928767	0
17	63929476	63929225	0
17	63929476	63929248	0
17	63931386	63929769	0
17	63931386	63930073	0
17	63931389	63930073	0
17	63932262	63931334	0
17	63932332	63930959	0
17	63932337	63931334	0
17	63932355	63931334	0
17	63943097	63938553	0
17	63948064	63947044	0
17	63948766	63947889	0
17	63948766	63947953	0
17	63959439	63957161	0
17	63961432	63959264	0
17	63961694	63959372	0
17	63973517	63972919	0
17	63997923	63996070	0
17	63998783	63998967	0
17	63998932	63996469	0
17	64001309	64001732	0
17	64001311	64001466	0
17	64001538	64001732	0
17	64003965	64002593	0
17	64003965	64002594	0
17	64003965	64002595	0
17	64003965	64002631	0
17	64004216	64003869	0
17	64005138	64003643	0
17	64005252	64003643	0
17	64005374	64003643	0
17	64005374	64003648	0
17	64005374	64003792	0
17	64005374	64004049	0
17	64005374	64005106	0
17	64006494	64005106	0
17	64006672	64005106	0
17	64006732	64005106	0
17	64006736	64003643	0
17	64006736	64004254	0
17	64006736	64005106	0
17	64006736	64005323	0
17	64006747	64006377	0
17	64006770	64004926	0
17	64006933	64005106	0
17	64007823	64006630	0
17	64020552	64006630	0
17	64020580	64006630	0
17	64020596	64006630	0
17	64020603	64006630	0
17	64020619	64006630	0
17	64020626	64005106	0
17	64020626	64006630	0
17	64020633	64005938	0
17	64020635	64006630	0
17	64044928	64039141	1
17	64054440	64053271	0
17	64054768	64053966	0
17	64054829	64054249	0
17	64060588	64057801	0
17	64064152	64060468	0
17	64064152	64060575	0
17	64068292	64066670	0
17	64072097	64067859	0
17	64072104	64068189	0
17	64072104	64068236	0
17	64075248	64071980	0
17	64079735	64075076	0
17	64079735	64075174	0
17	64098242	64080774	0
17	64130126	64098120	0
17	64130143	64098120	0
17	64130145	64097887	0
17	64150962	64147226	3
17	64150962	64147673	4
17	64150962	64147686	4
17	64150962	64148882	2
17	64153155	64147440	3
17	64153155	64150840	1
17	64153155	64150843	1
17	64154962	64152944	0
17	64154968	64152944	0
17	64155221	64154841	2
17	64156235	64152944	0
17	64160934	64152944	0
17	64160934	64154841	1
17	64171200	64154946	0
17	64214243	64194894	0
17	64230757	64212573	0
17	64239265	64214089	0
17	64256092	64214060	0
17	64263228	64212573	0
17	64263302	64212573	0
17	6426685	6425400	0
17	6426757	6423736	0
17	6426757	6423737	0
17	6426757	6424533	0
17	6426757	6425400	0
17	6426757	6425405	0
17	6427034	6426188	0
17	6427058	6425304	0
17	6427058	6425400	0
17	6427058	6426614	0
17	6428507	6426880	0
17	6428507	6426884	0
17	64329723	64319414	0
17	6434099	6393692	0
17	6434099	6426880	0
17	6435153	6426880	0
17	64363398	64360139	0
17	64370026	64363148	0
17	64370026	64363285	0
17	64370026	64363347	0
17	64375357	64369749	0
17	64378118	64375050	0
17	64378118	64375175	0
17	64378118	64375186	0
17	64378118	64375187	0
17	64378118	64375337	0
17	64378868	64377823	0
17	64378875	64377573	0
17	64379093	64377823	0
17	64390516	64377823	0
17	64390593	64377823	0
17	64480390	64477784	0
17	64480390	64477963	1
17	64481447	64480347	4
17	64482975	64480288	2
17	64483000	64477786	0
17	64483000	64480288	2
17	64483000	64481323	4
17	64484231	64481245	3
17	64485795	64482918	17
17	64485869	64480288	8
17	64485869	64482918	18
17	64487475	64485727	19
17	64490970	64485157	15
17	64490970	64485727	16
17	64490970	64486988	11
17	64490970	64490468	22
17	64492721	64490795	0
17	64492773	64490795	0
17	64492773	64490861	0
17	6450073	6450238	5
17	6450073	6450361	7
17	64500774	64499615	248
17	64500774	64499621	241
17	64500774	64499913	417
17	64500774	64500109	292
17	64500774	64500133	292
17	64500774	64500184	293
17	64501144	64500548	291
17	64501698	64500548	247
17	64501903	64501056	233
17	64502070	64499615	270
17	64502070	64500548	205
17	64502070	64500823	163
17	64502224	64500548	240
17	64502224	64502009	47
17	64502351	64502009	45
17	64502550	64501875	49
17	64502550	64502161	47
17	64502903	64501887	56
17	64503097	64502438	40
17	64503099	64502069	44
17	64503099	64502161	44
17	64503099	64502438	40
17	64503247	64502925	51
17	64503299	64503094	307
17	64503349	64502584	43
17	64503349	64502920	51
17	64503349	64502925	51
17	64503349	64502929	58
17	64503436	64503187	23
17	64503562	64502899	25
17	64503572	64502729	76
17	64503572	64503187	19
17	64503647	64503187	13
17	64503685	64503187	11
17	64503817	64503429	4
17	64503824	64503429	4
17	64503849	64503429	4
17	64503869	64502964	18
17	64503869	64503429	3
17	64503869	64503440	3
17	64503869	64503567	3
17	64504022	64503802	2
17	64504117	64503802	2
17	64504117	64503838	2
17	64504117	64503855	2
17	64504290	64503719	1
17	64504319	64503187	3
17	64504319	64503254	3
17	64504319	64503802	2
17	64504319	64503982	1
17	64504319	64503994	1
17	64504319	64504014	1
17	64504319	64504059	1
17	64504319	64504063	1
17	64504319	64504077	1
17	64504843	64503802	2
17	64504843	64503982	3
17	64504843	64504221	2
17	64504843	64504272	3
17	64504881	64504221	2
17	64505282	64504676	5
17	64505391	64504676	3
17	64505452	64504676	3
17	64505597	64504676	3
17	64505957	64504676	1
17	64506260	64504676	4
17	64506263	64504676	4
17	64506263	64504754	3
17	64506288	64504676	4
17	64506290	64503982	3
17	64506290	64504221	1
17	64506290	64504357	2
17	64506290	64504676	4
17	64506293	64504676	4
17	64506324	64504676	2
17	64506522	64504676	1
17	64506627	64504676	1
17	64506904	64504676	3
17	64507531	64506075	2
17	64507713	64506799	4
17	64508200	64506926	0
17	64531913	64531914	11
17	64531984	64531985	22
17	64534738	64536601	4
17	64537113	64537602	7
17	64546339	64542294	34
17	64546339	64545067	41
17	64546339	64545364	19
17	64554994	64551583	0
17	64555999	64554855	0
17	64555999	64554880	1
17	64557723	64555819	0
17	64561604	64557607	0
17	64561604	64557640	0
17	64561604	64560839	2
17	6457723	6451263	2
17	6457723	6451264	2
17	6457723	6455390	0
17	6457723	6455399	0
17	64578577	64571797	1
17	64593574	64591083	0
17	64594105	64593439	0
17	64598446	64593014	0
17	64598491	64593439	0
17	6461557	6457593	0
17	6461557	6460568	1
17	64660863	64561499	0
17	64750724	64749662	7
17	64751957	64749917	7
17	64751957	64750593	9
17	64762048	64758528	0
17	64762711	64761911	1
17	64762711	64761915	1
17	64764549	64762354	0
17	64764549	64762686	0
17	64779670	64779258	4
17	64780206	64764450	0
17	64781040	64764450	0
17	64781040	64779980	9
17	64781617	64780342	2
17	64781627	64780342	2
17	64781708	64780342	5
17	64785368	64782481	4
17	64786725	64782718	10
17	64786725	64785221	0
17	64786725	64785258	0
17	64805101	64799999	0
17	64815246	64804829	0
17	64815246	64804841	0
17	64822053	64804829	0
17	64822053	64814862	0
17	64822053	64819795	0
17	64822053	64820693	5
17	64822394	64804829	0
17	64822394	64814862	0
17	64822394	64821766	0
17	64824873	64821766	0
17	64829209	64824624	0
17	64829250	64821766	0
17	64829250	64822253	0
17	64829250	64824624	0
17	64855890	64854311	0
17	64855890	64854361	0
17	64855890	64854363	0
17	64855890	64854369	0
17	64855890	64854370	0
17	64860974	64858778	1
17	64863019	64859441	0
17	64863019	64860785	0
17	64863019	64860851	0
17	64863586	64859441	0
17	64868537	64862899	0
17	64869167	64868461	0
17	64869167	64868499	0
17	64877031	64869094	0
17	64886167	64862932	0
17	64886167	64869094	0
17	64889753	64869094	0
17	64892601	64869094	0
17	64894958	64892528	0
17	64895057	64892528	0
17	64897655	64892528	4
17	64897661	64892528	3
17	64898460	64894648	2
17	64898460	64897628	7
17	64898609	64897388	5
17	64899102	64892528	2
17	64905803	64898361	3
17	64918786	64898361	0
17	64918871	64892528	0
17	64919481	64892528	0
17	64940230	64936484	0
17	64969426	64968221	4
17	64972663	64966549	0
17	64972663	64968037	0
17	65018304	65010714	2
17	65018304	65013787	3
17	65053729	65018252	0
17	6525464	6503526	0
17	653411	631549	0
17	653411	632743	0
17	6538083	6503526	0
17	65534080	65528562	0
17	65534080	65528566	0
17	65534080	65529880	0
17	65535722	65533911	0
17	65535722	65533950	0
17	65538344	65537323	0
17	65541558	65538101	0
17	65541558	65538202	0
17	65558730	65549519	0
17	65558737	65528566	0
17	65558737	65549519	0
17	65559497	65558168	0
17	65560297	65558045	0
17	65560327	65558224	0
17	65560558	65557805	0
17	65561192	65558043	0
17	65561648	65557805	0
17	655954	653290	0
17	655954	653325	0
17	65635975	65557805	0
17	65637189	65635537	0
17	65637189	65635540	0
17	65637189	65635815	0
17	65637189	65635820	0
17	65637189	65635910	0
17	65637189	65635912	0
17	65641026	65636613	0
17	65641034	65637123	0
17	65641066	65637123	0
17	65661815	65640963	0
17	65689219	65637123	0
17	65689219	65640963	0
17	65689219	65641057	0
17	65689219	65661735	0
17	65743125	65689128	0
17	65743218	65688229	0
17	65743218	65689128	0
17	65743218	65689182	0
17	65750725	65743067	0
17	65751105	65743114	0
17	65797289	65750661	0
17	65797289	65750669	0
17	65804436	65689128	0
17	65826295	65797115	0
17	65826544	65750661	0
17	65852035	65750661	0
17	65852035	65797160	0
17	65873122	65851803	0
17	65873649	65851803	0
17	65873672	65851803	0
17	65888	64098	1
17	6590004	6578147	3
17	6590004	6578150	3
17	6590004	6579210	8
17	6590004	6579388	5
17	6590004	6579653	6
17	65902335	65851803	0
17	65902335	65851860	0
17	65902335	65851867	0
17	6590579	6589806	5
17	6590631	6589778	0
17	65927650	65913444	0
17	65927690	65902151	0
17	66005770	65961462	0
17	66027561	66005689	0
17	66027561	66005728	0
17	6606929	6600379	0
17	6606963	6600379	0
17	66177021	66175043	0
17	66182416	66176913	0
17	66183308	66176653	0
17	66183308	66176829	0
17	661896	655837	0
17	661896	657428	0
17	6620999	6611918	0
17	66214651	66212032	0
17	66216968	66212038	0
17	66216968	66214452	0
17	66220631	66216787	0
17	66220743	66216787	0
17	66220743	66216790	0
17	66223775	66220553	0
17	66223775	66220613	0
17	6623098	6620787	0
17	6623098	6620929	0
17	6624007	6622881	1
17	6624862	6622881	1
17	6624862	6623508	2
17	6624862	6623606	0
17	6624862	6623936	2
17	6628283	6623606	0
17	6628742	6623508	0
17	6628742	6624754	0
17	6635172	6628116	0
17	6635172	6628572	0
17	6635172	6628618	0
17	6635174	6628116	0
17	6635635	6635010	2
17	6636429	6635010	2
17	6640653	6634740	0
17	6640663	6635400	0
17	6640712	6628116	0
17	6640928	6635010	2
17	6641101	6641752	5
17	6641153	6641752	4
17	6641228	6641752	3
17	6641228	6642248	1
17	66412763	66398068	0
17	66412763	66403637	0
17	6641499	6641752	3
17	6641643	6641752	3
17	66416792	66415567	0
17	66416855	66412684	0
17	6641835	6642248	1
17	6641835	6642950	6
17	6641933	6642248	1
17	6642325	6642950	8
17	6650079	6643314	9
17	6650079	6644294	17
17	6650434	6644278	4
17	6650434	6649981	2
17	6651428	6650355	3
17	6651576	6649888	3
17	6651635	6650355	2
17	6655010	6653463	0
17	6657784	6657861	0
17	6687667	6684712	0
17	6687667	6684722	0
17	6687667	6686079	0
17	6690885	6687353	0
17	6690941	6686096	0
17	6690941	6687528	0
17	6690941	6689961	0
17	6693163	6690778	0
17	6694198	6693043	0
17	6695890	6694096	0
17	6695942	6694096	0
17	6701127	6695407	0
17	6701127	6695725	0
17	6701127	6695816	0
17	67021744	67019933	0
17	6703139	6701003	0
17	67033291	67032408	0
17	6704006	6702969	0
17	6704057	6702969	0
17	6704057	6703072	0
17	6705558	6702969	0
17	6706779	6702969	0
17	6706779	6703877	0
17	6706779	6703880	0
17	6706901	6704035	0
17	67087082	67070437	0
17	67087082	67077928	0
17	67087082	67077971	0
17	67167797	67166477	0
17	67178927	67167462	0
17	67178927	67167525	0
17	67178927	67167711	0
17	67178927	67176320	0
17	67188362	67178658	2
17	67188402	67179595	0
17	67188617	67178658	0
17	67189615	67188217	0
17	67189697	67188318	0
17	67190356	67189588	0
17	67194043	67190156	0
17	67201186	67190188	0
17	67201186	67195418	0
17	67203444	67200612	0
17	67203444	67201128	0
17	67215936	67203318	0
17	67215936	67203379	0
17	67218823	67215787	0
17	67218823	67215898	0
17	67239469	67218594	0
17	67239490	67218594	0
17	67239801	67218607	0
17	67245990	67243783	0
17	67342264	67337915	4
17	67342264	67339802	6
17	67342264	67340773	3
17	67342485	67340974	3
17	67345858	67344605	3
17	67347251	67345611	0
17	67347251	67345744	0
17	67350337	67348549	0
17	67355423	67350257	0
17	67357432	67350228	0
17	67357432	67350298	0
17	67357579	67355340	0
17	67357579	67357151	0
17	67357579	67357302	0
17	67366588	67357302	1
17	67366606	67357302	1
17	6755652	6755990	0
17	6755652	6756041	0
17	6758225	6758469	0
17	6759520	6759661	0
17	6762038	6762154	0
17	676346	674366	6
17	676408	631549	0
17	67737693	67737846	15
17	67738356	67738931	11
17	67776327	67774590	0
17	67893679	67893679	29
17	67951747	67950884	0
17	67993236	67991100	6
17	67993236	67991129	6
17	67993236	67991335	8
17	67993553	67991101	9
17	6800944	6797992	0
17	6800944	6799660	0
17	68043000	68043099	8
17	68100709	68096045	0
17	68101470	68096101	0
17	68127330	68125776	22
17	68127746	68126476	19
17	68128331	68127394	19
17	6813017	6789132	0
17	68130323	68128021	4
17	68130323	68128339	3
17	6813054	6799980	0
17	68134150	68130153	3
17	68140695	68130249	0
17	68140727	68134098	0
17	68147524	68130203	0
17	6815178	6812830	0
17	68152869	68152775	0
17	6815307	6812830	0
17	6815963	6814934	0
17	6815963	6815162	0
17	68248059	68248643	27
17	68248087	68248639	38
17	68248087	68249010	33
17	68248111	68248639	49
17	68248158	68248639	98
17	68248163	68248639	99
17	68248706	68249010	0
17	68250471	68250793	0
17	68250481	68250793	0
17	68270912	68268621	1
17	68271655	68267025	0
17	68271655	68268196	1
17	68271655	68270913	2
17	68272768	68270838	0
17	68272768	68270959	0
17	68272768	68271627	0
17	68274071	68272638	0
17	68278328	68272638	0
17	68278328	68273926	0
17	68278328	68274047	0
17	68278333	68273926	0
17	68421821	68420947	5
17	68426176	68421281	3
17	68426176	68421308	3
17	68426176	68421309	3
17	68426176	68421485	1
17	68426176	68421513	1
17	68426176	68421684	3
17	68427176	68426057	0
17	68427233	68426074	0
17	68427254	68425929	0
17	68427254	68426074	0
17	68427570	68425925	0
17	68428937	68427134	0
17	68430133	68428244	0
17	68430161	68428828	0
17	68430161	68428876	0
17	68433572	68429995	0
17	68433576	68429995	0
17	68434627	68429995	0
17	68434627	68433463	0
17	68434627	68433467	0
17	68435713	68433508	0
17	68444590	68436381	0
17	68515120	68515393	7
17	68515153	68515393	7
17	685196	661808	0
17	68530002	68530276	1
17	68539397	68535112	0
17	68539397	68535116	0
17	68539397	68536870	0
17	68539397	68537120	0
17	68539397	68537122	0
17	68539397	68537616	0
17	68540959	68539884	1
17	68540984	68539884	1
17	68541992	68540546	1
17	68542166	68539884	0
17	68542166	68540848	0
17	68542166	68540910	0
17	68543670	68539884	0
17	68551952	68542693	0
17	68551952	68543628	0
17	68590350	68555558	0
17	68601390	68555558	0
17	68694139	68691808	0
17	68797823	68793548	0
17	6881063	6876634	3
17	6881063	6876710	3
17	68868357	68867291	0
17	68868357	68868051	0
17	68876555	68875613	0
17	68876704	68876313	0
17	68876704	68876459	0
17	68877647	68876627	0
17	68877680	68876627	0
17	68877680	68876679	0
17	68881212	68877518	0
17	68881981	68880778	0
17	68881981	68881119	0
17	68887131	68885195	0
17	68887507	68886799	0
17	68887507	68887016	0
17	68894311	68891488	0
17	68895014	68894044	0
17	68895014	68894046	0
17	68895014	68894172	0
17	68902880	68894783	0
17	68902880	68894879	0
17	68918186	68917360	0
17	68918547	68918046	0
17	68918547	68918077	0
17	68919477	68918046	0
17	68932515	68929560	0
17	68933272	68931761	0
17	68933272	68932287	0
17	68937116	68933167	0
17	68940963	68936950	0
17	68940963	68937070	0
17	68976191	68974487	0
17	68976191	68974631	0
17	68989119	68986163	0
17	68989142	68986607	0
17	68989931	68989026	0
17	68990958	68989812	0
17	68990958	68989924	0
17	69012084	69008061	0
17	69016391	69011824	0
17	69016391	69011975	0
17	69018580	69017655	0
17	69020587	69018412	0
17	69021862	69020387	0
17	69024354	69021741	0
17	69027115	69026376	0
17	69027450	69026975	0
17	69033874	69032107	0
17	69035432	69032600	0
17	69035432	69033725	0
17	69043716	69035659	0
17	69044601	69042914	0
17	69044601	69043488	0
17	69049358	69045171	0
17	69049491	69045171	0
17	69051140	69049282	0
17	69051140	69049317	0
17	69079266	69078701	0
17	69079266	69078916	0
17	69085717	69085027	0
17	69086736	69085624	0
17	69086736	69085653	0
17	69096354	69091142	0
17	69100935	69097919	0
17	69105629	69102834	0
17	69106212	69103911	0
17	69106212	69105461	0
17	69107813	69105490	0
17	69107813	69106027	0
17	69113738	69106027	0
17	69114938	69107695	0
17	69114938	69113617	0
17	69115443	69114761	0
17	69115487	69114761	0
17	69115487	69114779	0
17	69136251	69134638	0
17	69137501	69135229	0
17	69137501	69136091	0
17	69149089	69147213	0
17	69149089	69147218	0
17	69149089	69148006	4
17	69149089	69148007	4
17	69149089	69148179	3
17	69149089	69148498	6
17	69149089	69148591	0
17	69149324	69148744	0
17	69214852	69197063	0
17	69214852	69201499	0
17	69215542	69214771	0
17	69216001	69214703	0
17	69222698	69219544	0
17	69222698	69221791	0
17	69223710	69222677	0
17	69225443	69222532	0
17	69225530	69222532	0
17	69244847	69228580	0
17	69248318	69244310	0
17	69248318	69246950	0
17	69248318	69247144	0
17	69248318	69247345	0
17	69249142	69247375	0
17	69249985	69248259	0
17	69249985	69248261	0
17	69250622	69249904	0
17	69251629	69249287	0
17	6926284	6876787	0
17	69274129	69271161	0
17	69277843	69271161	0
17	69277843	69273942	0
17	69277843	69273958	0
17	69277843	69273970	0
17	69304811	69302717	0
17	69306955	69304093	0
17	69306955	69304668	0
17	69308369	69306724	0
17	69308369	69306762	0
17	69309424	69308279	0
17	69313297	69309261	0
17	69313297	69309348	0
17	69314431	69313091	0
17	69314431	69313284	0
17	69314604	69313091	0
17	69315361	69313091	0
17	69315426	69313091	0
17	69317824	69314313	0
17	69317824	69316899	0
17	69325818	69314313	0
17	69325818	69317704	0
17	69327091	69314313	0
17	69327098	69314313	0
17	69327102	69314313	0
17	69485350	69477138	0
17	69519433	69520269	0
17	69520387	69521048	0
17	6954449	6954097	0
17	697485	601794	0
17	697485	655837	0
17	697485	661808	0
17	699381	517381	0
17	699381	697417	0
17	6995190	6994641	4
17	70018592	70018110	0
17	70019593	70017323	0
17	7002621	6999146	1
17	7002621	6999309	2
17	7002621	6999398	2
17	70073283	70053640	0
17	7009890	6880909	0
17	7009890	6926160	0
17	7009890	6985108	1
17	7009890	6985493	0
17	7009890	7001131	0
17	7009890	7002483	0
17	7012318	7009795	0
17	7012332	7009795	0
17	7012332	7010058	3
17	7012335	7009795	0
17	7012339	7002483	0
17	7012339	7009795	0
17	7012343	7009795	0
17	7012350	7002279	0
17	7012350	7009795	0
17	7012758	7013665	3
17	7012762	7013318	1
17	7012762	7013643	3
17	7012762	7013665	3
17	7012778	7013665	2
17	70128158	70022078	0
17	7013517	7013665	4
17	7013536	7013665	4
17	7014278	7015061	1
17	7014879	7015061	0
17	7015157	7015773	7
17	7015157	7016494	3
17	7015876	7016494	7
17	7015876	7016909	6
17	7016336	7016494	4
17	7016526	7016909	27
17	7016686	7016909	9
17	7016686	7016949	9
17	7016686	7017256	6
17	7017015	7017256	2
17	7017015	7017260	3
17	7017389	7009795	1
17	7017389	7015817	8
17	7019415	7017068	0
17	7019631	7017068	0
17	7026836	7026949	0
17	70333591	70312830	0
17	7036582	7036726	2
17	7042174	7041629	0
17	7042764	7041629	0
17	7043074	7041995	0
17	7043074	7042197	0
17	7043520	7042994	0
17	7043607	7041658	0
17	7043924	7042929	0
17	7075467	7074536	0
17	7075467	7074565	0
17	7075467	7074795	0
17	7075886	7074794	0
17	7075886	7075359	0
17	7076072	7074794	0
17	7076072	7075730	0
17	7076153	7075730	0
17	7076805	7075730	0
17	7078886	7077996	0
17	7080245	7078483	0
17	7080249	7078745	0
17	7080267	7078745	0
17	7080284	7078745	0
17	7080308	7078745	0
17	7102197	7101321	0
17	7102197	7101574	0
17	710614	699330	0
17	710614	699342	0
17	710614	705624	0
17	7107908	7107230	0
17	7108558	7107501	0
17	7108558	7107679	0
17	7108558	7107835	0
17	7108558	7107838	0
17	71132471	71097774	0
17	7174068	7173430	0
17	7174068	7173433	0
17	7174068	7173552	0
17	7174068	7173658	0
17	7174290	7173557	0
17	7174290	7173878	0
17	7174290	7173960	0
17	7174461	7174137	0
17	7176902	7174373	0
17	7176902	7174423	0
17	7177047	7176829	0
17	7177077	7174373	0
17	7177077	7176829	0
17	7177077	7176831	0
17	7178589	7176613	0
17	71858689	71829869	0
17	7191359	7187168	1
17	7191359	7189889	4
17	7191359	7189894	4
17	7191359	7190285	4
17	7191359	7190447	4
17	7191359	7190560	4
17	7191359	7190562	4
17	7191359	7190581	4
17	7191359	7190611	4
17	7191359	7190674	4
17	7191359	7190797	4
17	7192003	7191266	11
17	7192211	7191266	26
17	7192236	7189889	2
17	7193118	7191266	23
17	7193118	7191892	21
17	7193118	7191927	17
17	7193585	7192944	5
17	7193715	7193482	0
17	7193715	7193533	1
17	7197053	7196472	8
17	72024305	72021850	0
17	7203048	7196756	1
17	7203048	7197027	0
17	7203330	7202717	0
17	7203330	7202763	0
17	7203330	7202902	0
17	7203330	7202915	0
17	7203330	7202980	0
17	72034093	72021850	0
17	7203594	7203192	0
17	7203594	7203198	1
17	72037364	72034106	0
17	7203817	7203423	0
17	7203817	7203551	3
17	72040583	72037313	0
17	7204059	7203691	3
17	7204068	7203691	3
17	7204068	7203801	3
17	72040850	72040515	1
17	7204253	7203691	0
17	72045525	72040646	0
17	72045525	72040689	0
17	72046348	72040808	0
17	72057731	72037289	0
17	72071232	72040731	0
17	72076734	72071042	0
17	72082042	72040713	0
17	72082042	72071042	0
17	72082042	72071062	0
17	72082042	72074548	0
17	72082042	72076485	0
17	72082042	72079937	0
17	72082416	72081920	0
17	72084029	72081920	0
17	72085046	72083905	0
17	72085502	72083905	0
17	72110549	72090820	0
17	72110725	72110177	0
17	72111704	72084989	0
17	72114401	72084989	0
17	72118342	72071041	0
17	72119449	72083905	0
17	72119524	72090754	0
17	72120794	72083905	0
17	72141781	72090458	0
17	72172812	72084989	0
17	72185562	72141385	0
17	7220047	7220121	93
17	7220198	7220463	59
17	7220198	7220603	60
17	7220530	7220603	90
17	7220677	7220765	3
17	7220831	7220890	44
17	7220831	7220923	47
17	72220719	72185453	0
17	7222082	7222176	198
17	72221837	72221129	0
17	72221874	72219945	0
17	7222866	7223132	307
17	72237204	72220645	0
17	7223731	7223812	42
17	7223731	7223967	38
17	7223859	7223967	27
17	7223876	7223967	23
17	7224070	7224145	24
17	7224070	7224320	24
17	7224244	7224320	27
17	7224394	7224479	13
17	7224394	7224483	13
17	7224394	7224641	13
17	7224553	7224641	15
17	7224553	7224661	15
17	7224553	7224714	15
17	7224553	7224808	19
17	7224715	7224808	52
17	7224885	7224956	87
17	7226640	7225340	7
17	7226640	7225454	41
17	7226640	7226136	37
17	7227270	7226420	2
17	7227536	7226655	6
17	7227536	7227089	4
17	7227536	7227237	4
17	7227712	7227403	2
17	7227784	7227403	4
17	7227828	7227148	5
17	7228043	7227654	1
17	7228045	7227403	0
17	7228045	7227654	1
17	7228385	7227654	3
17	7229036	7227976	6
17	7229046	7227862	6
17	7229046	7227976	6
17	7229046	7228006	6
17	7229268	7228968	0
17	7229275	7228599	3
17	7229275	7228968	0
17	7229392	7228761	0
17	7229407	7229134	0
17	7229448	7229134	0
17	7229476	7229152	0
17	7229679	7229377	6
17	7229944	7229543	5
17	7229944	7229587	7
17	7230138	7229807	0
17	7230156	7229807	0
17	7230392	7230045	4
17	7230431	7229286	3
17	7230431	7229807	4
17	7230431	7230045	4
17	7230431	7230057	4
17	7230798	7230122	1
17	72324151	72323129	0
17	72324151	72323138	0
17	72324151	72323141	0
17	72324151	72323154	0
17	72324151	72323160	0
17	72324652	72323117	0
17	72324652	72323122	0
17	72324652	72323133	0
17	72324652	72323138	0
17	72324652	72323144	0
17	72324652	72323154	0
17	72324652	72323157	0
17	72324652	72323158	0
17	72324652	72323162	0
17	72324652	72323164	0
17	72324652	72323742	0
17	72324652	72324021	0
17	72325518	72324431	0
17	72325518	72324569	0
17	72325563	72324431	0
17	72325947	72323122	0
17	72325947	72323133	0
17	72325947	72323138	0
17	72325947	72323143	0
17	72325947	72323154	0
17	72325947	72323157	0
17	72325947	72324431	0
17	72325947	72324539	0
17	7236119	7235625	166
17	7236567	7235028	107
17	7236768	7235027	123
17	7236768	7235037	123
17	7236768	7235286	131
17	7236768	7235929	125
17	7237478	7235929	3
17	7237478	7235933	5
17	7237478	7236289	5
17	7237478	7236358	3
17	7237478	7236380	3
17	7237478	7236428	3
17	7237478	7236480	3
17	7237478	7236518	4
17	7237478	7236616	2
17	7237478	7236636	2
17	72383633	72290090	0
17	72385138	72381947	0
17	72401422	72383042	0
17	72401422	72384301	0
17	72407569	72404767	1
17	7241461	7240013	1
17	7241461	7240407	0
17	7241461	7240426	0
17	7241461	7240573	0
17	7241461	7240627	0
17	7241461	7240853	0
17	7241680	7241270	3
17	7241680	7241341	3
17	72420965	72403321	0
17	72420965	72403326	0
17	72420965	72403327	0
17	72420965	72403342	0
17	72420965	72403569	0
17	72420965	72403835	0
17	72420965	72404557	1
17	72420965	72404659	0
17	72421067	72403321	0
17	72421067	72403364	0
17	72421225	72420699	1
17	72421305	72420699	2
17	72421379	72420699	1
17	72421388	72420699	1
17	72422063	72419225	0
17	7242253	7241341	1
17	72422914	72403330	0
17	72423027	72403326	0
17	72423048	72420699	0
17	72423071	72421828	1
17	72423080	72403326	0
17	72423109	72420699	0
17	72423189	72420677	2
17	72423236	72421768	2
17	7242359	7241341	1
17	7242448	7241600	3
17	7242771	7241600	3
17	72428248	72422784	0
17	72428299	72290475	0
17	72428299	72323117	0
17	72428299	72323124	0
17	72428299	72325792	0
17	72428299	72358069	0
17	72428299	72400848	0
17	72428299	72401303	0
17	72428299	72403321	0
17	72428299	72403326	0
17	72428299	72403327	0
17	72428299	72403328	0
17	72428299	72403329	0
17	72428299	72403440	0
17	72428299	72404521	0
17	72428299	72420699	0
17	72430680	72428235	1
17	72431225	72427333	0
17	72431225	72428235	0
17	72431225	72428266	0
17	72431604	72428266	0
17	7244246	7243590	254
17	7244246	7243649	341
17	7244636	7241600	7
17	7244636	7243590	20
17	7244636	7243617	45
17	7244636	7243838	20
17	7244636	7244038	11
17	7244636	7244101	11
17	7244636	7244188	9
17	7244636	7244231	9
17	7244839	7244140	21
17	7246138	7244550	5
17	7246138	7244554	5
17	7246371	7246025	4
17	72465921	72431127	0
17	7246679	7246033	4
17	7246863	7246253	6
17	7246863	7246355	5
17	72469619	72431127	0
17	72469657	72428235	0
17	72470367	72431127	0
17	72470469	72431127	0
17	72470584	72428235	0
17	7247178	7246790	6
17	7247183	7246253	5
17	7247183	7246790	6
17	7247183	7246828	7
17	7247344	7246790	6
17	72483054	72428235	0
17	72488316	72431127	0
17	72488795	72428266	0
17	72488798	72431127	0
17	72501681	72428235	0
17	72501845	72431127	0
17	72501847	72431127	0
17	72501857	72431127	0
17	72502309	72428266	0
17	72502335	72431127	0
17	72507279	72431127	0
17	72516813	72431127	0
17	72516953	72428235	0
17	72516955	72431127	0
17	72517093	72431127	0
17	72519581	72428235	0
17	7252338	7252425	123
17	7252346	7252425	129
17	72527036	72431127	0
17	72533372	72431127	0
17	72574868	72431127	0
17	72583139	72428266	0
17	72583139	72431127	0
17	72583760	72583043	0
17	72586826	72428266	0
17	72586826	72431127	0
17	72586826	72583001	0
17	72586826	72583043	0
17	7258684	7258825	46
17	7258684	7259570	56
17	72587041	72583043	0
17	7258927	7259570	66
17	72589318	72431127	0
17	72592369	72431127	0
17	72592437	72431127	0
17	72592674	72586653	0
17	72592693	72323141	0
17	72592693	72325792	1
17	72592693	72403328	0
17	72592693	72427333	0
17	72592693	72428235	0
17	72592693	72428266	0
17	72592693	72431127	1
17	72592693	72583043	0
17	72592693	72586626	0
17	72592693	72586653	0
17	72592693	72590443	3
17	72592693	72591499	8
17	72592803	72586653	0
17	72592805	72428235	0
17	72592805	72431127	0
17	72599145	72431127	0
17	72603148	72431127	0
17	72603148	72507173	0
17	72603148	72599088	0
17	72603163	72533309	0
17	72603171	72586653	0
17	72603216	72431127	0
17	72603232	72428235	0
17	72603510	72533974	1
17	72603809	72431127	0
17	72603809	72598040	1
17	72603809	72598097	1
17	72603809	72598558	1
17	72603809	72598933	0
17	72603826	72598040	1
17	72604226	72603102	1
17	72604933	72603102	0
17	72605112	72603102	0
17	7260727	7259902	1
17	7260727	7260136	0
17	7260727	7260461	0
17	7260727	7260488	0
17	7260986	7259903	2
17	7260986	7260641	2
17	7260986	7260653	2
17	7261146	7260641	0
17	72615135	72603102	0
17	72618402	72603102	0
17	72618414	72603087	0
17	72618565	72603102	0
17	7262086	7260820	0
17	7262090	7247276	2
17	7262344	7260820	0
17	7262479	7260820	0
17	7262946	7260820	0
17	7263201	7261820	0
17	7263205	7262066	0
17	7263214	7261820	0
17	72638851	72618315	0
17	7263984	7261820	0
17	72648962	72645948	0
17	72648962	72645949	0
17	72648962	72647108	1
17	72649269	72648802	1
17	72649269	72648922	1
17	72725615	72649169	0
17	72736720	72649169	0
17	72736720	72712738	0
17	72736720	72712821	0
17	7284072	7282946	0
17	72849707	72736649	0
17	72849777	72817869	0
17	72849805	72736649	0
17	72849805	72821604	0
17	72849805	72823606	0
17	72849805	72823697	0
17	72849805	72837799	0
17	7288839	7288251	0
17	7288839	7288262	0
17	7288839	7288368	0
17	7289726	7288748	0
17	7290072	7289529	0
17	7290072	7289536	0
17	7290393	7289967	0
17	7290536	7289967	0
17	7290564	7289967	0
17	7291183	7290250	0
17	7291183	7290366	0
17	7292060	7290250	0
17	7293539	7291092	0
17	7293539	7292025	0
17	7293936	7293474	0
17	7294557	7293074	0
17	7294565	7293474	0
17	7294590	7290250	0
17	7294616	7293474	0
17	72947876	72849593	0
17	72947876	72849633	0
17	72947876	72849785	0
17	72992933	72947527	0
17	72992934	72947730	0
17	72992950	72947730	0
17	73031715	72849633	0
17	73031715	72947662	0
17	73031715	72947730	0
17	73031715	72947751	0
17	73073836	73072268	0
17	73084847	73031555	0
17	73084847	73073666	0
17	73088776	73031555	0
17	73088776	73084807	0
17	73088776	73084834	0
17	73089765	73088656	0
17	73092117	73088656	0
17	73092117	73088687	0
17	73092677	73088656	0
17	73092679	73088656	0
17	73092682	73088656	0
17	73092688	73088656	0
17	73092688	73091823	0
17	73092689	73088656	0
17	73092694	73088656	0
17	73092711	73091838	0
17	73092713	73091823	0
17	7311482	7311577	80
17	7313098	7312659	8
17	7313125	7311323	164
17	7313125	7312658	8
17	7313125	7312659	8
17	7313125	7312660	8
17	7313125	7312661	9
17	7313271	7312660	9
17	7313292	7312659	10
17	7313292	7312695	11
17	7313292	7313028	12
17	7313470	7313028	9
17	7313470	7313211	9
17	7313470	7313237	9
17	7313722	7313379	24
17	7313758	7313028	13
17	7313989	7313379	23
17	7313989	7313567	23
17	7314160	7313379	22
17	7314160	7313567	20
17	7314160	7313574	23
17	7314160	7313665	25
17	7314160	7313669	25
17	7314160	7313905	22
17	7314404	7313567	22
17	7314404	7314040	15
17	7314404	7314079	15
17	7314598	7314142	28
17	7314598	7314290	28
17	7314819	7314290	26
17	7315120	7314290	24
17	7315121	7314290	24
17	7315656	7314958	8
17	7315779	7314958	24
17	7316328	7314958	24
17	7316328	7315330	7
17	7317371	7315627	5
17	7317371	7315632	5
17	7317371	7315930	5
17	7317371	7316122	5
17	7317371	7316275	5
17	7317574	7317204	10
17	7317574	7317206	10
17	7317574	7317285	11
17	7317685	7317246	12
17	7317909	7317204	13
17	7318357	7317787	11
17	7318357	7318064	7
17	7318614	7318064	9
17	7318675	7318268	4
17	7318692	7318268	4
17	7318742	7318268	4
17	7319076	7318494	4
17	7319175	7318494	4
17	7319209	7318268	4
17	7319209	7318494	0
17	73207257	73207701	29
17	73207257	73208313	80
17	73207740	73208313	104
17	73212741	73207352	1
17	73212741	73209507	0
17	73212741	73209574	2
17	7321460	7321111	1
17	7321788	7321360	15
17	7322011	7321422	12
17	7322011	7321559	12
17	7322011	7321729	12
17	73227183	73209604	1
17	73227265	73207352	0
17	73227265	73209487	0
17	7322867	7321559	2
17	7323124	7322734	1
17	73232395	73209565	0
17	7323564	7322734	1
17	7323564	7322947	0
17	7323564	7322953	0
17	7323564	7323073	0
17	73236754	73227164	3
17	73251108	73249792	0
17	73252724	73248448	0
17	7325474	7324394	14
17	7325474	7324798	4
17	7325474	7324910	25
17	7325714	7325162	2
17	7325714	7325208	3
17	7326344	7325430	0
17	7326344	7325640	0
17	732770	733097	37
17	73286501	73285457	98
17	73286613	73283624	97
17	73286613	73285177	92
17	73286854	73286281	0
17	73307315	73306697	0
17	73310199	73286517	0
17	73311409	73286118	0
17	73311994	73286332	0
17	73311998	73286383	0
17	73312002	73286713	0
17	73312006	73311053	0
17	73312176	73283623	0
17	73348726	73334383	0
17	73348726	73337938	0
17	73348726	73338442	0
17	73358205	73352472	0
17	73361846	73357369	0
17	73361846	73358078	0
17	7346296	7346390	0
17	7346492	7346807	0
17	7346932	7347030	0
17	7347243	7347921	0
17	7347992	7348126	0
17	7348222	7348305	0
17	7348476	7348994	3
17	7349168	7349944	3
17	7350055	7350126	12
17	73507595	73504339	0
17	73507598	73472111	0
17	7354945	7352686	15
17	73644090	73507437	0
17	73663849	73662567	0
17	73761027	73750329	0
17	73776758	73761003	0
17	73823826	73760934	0
17	7383090	7383227	1
17	7383090	7383249	1
17	7383090	7383424	2
17	7383321	7383424	2
17	73834437	73831571	0
17	73835980	73834766	0
17	73836020	73834318	0
17	7383617	7383708	0
17	7384377	7384483	9
17	7390694	7390049	25
17	7390796	7389726	15
17	7390796	7389729	15
17	7390796	7389732	15
17	7390796	7389733	15
17	7390796	7389734	15
17	7390796	7389753	15
17	7390796	7390216	15
17	73911879	73894748	0
17	7392881	7390633	5
17	7392953	7390447	0
17	7392953	7390633	5
17	7392953	7390710	5
17	7393350	7392790	6
17	7393365	7390633	13
17	7393365	7392790	6
17	7393365	7392845	15
17	7393510	7392790	4
17	7393510	7392883	9
17	7394160	7393466	30
17	7394160	7393600	33
17	73942174	73926420	0
17	7394268	7393466	40
17	7394268	7393600	26
17	7394269	7393600	28
17	7394272	7393600	26
17	7394275	7393466	29
17	7394509	7393143	34
17	7394516	7393600	25
17	7394525	7394103	9
17	7394536	7393600	23
17	7394546	7394103	8
17	7394566	7393600	8
17	7394571	7394103	8
17	7394735	7393600	7
17	7394808	7394103	7
17	7394843	7394103	7
17	7394844	7394103	7
17	7395091	7393600	1
17	7395091	7394103	3
17	7403388	7394907	0
17	7403391	7394907	0
17	7403391	7402974	2
17	7403481	7402977	0
17	7403690	7394907	0
17	7403690	7402982	0
17	7403690	7403309	0
17	74091177	74043451	0
17	74091177	74064356	0
17	74203711	74203917	17
17	74203746	74203917	19
17	74203771	74203917	23
17	74203959	74204129	5
17	742053	742596	163
17	74213309	74212673	0
17	74213322	74209979	0
17	74213343	74211485	0
17	74262021	74256895	0
17	74309791	74307209	0
17	7435697	7435852	16
17	74360246	74356415	0
17	7437524	7436556	7
17	7439814	7441470	3
17	7440817	7441450	2
17	7440817	7441470	2
17	7442793	7443075	0
17	7443328	7439158	0
17	74443135	74443817	0
17	7445186	7445269	0
17	7446114	7446397	12
17	7446114	7446832	7
17	7446473	7446832	8
17	7447152	7447502	12
17	74481327	74481725	0
17	74523652	74521173	0
17	74526078	74523152	0
17	74526078	74523578	0
17	74542988	74541107	0
17	74550806	74549398	0
17	74562898	74560700	0
17	74564276	74560780	0
17	74582312	74579364	0
17	74592284	74588510	0
17	74606627	74606785	0
17	74614034	74609886	0
17	74617466	74613924	0
17	74619348	74617146	0
17	74623739	74617117	0
17	7466811	7459365	2
17	74677601	74672711	0
17	74695860	74694310	0
17	74695860	74694316	0
17	74695860	74694317	0
17	74695860	74694813	0
17	74695860	74695036	0
17	74696218	74695724	0
17	74698482	74695724	0
17	74698482	74695752	0
17	74703099	74695724	0
17	74704817	74698368	0
17	74704817	74703034	0
17	74705256	74704477	0
17	74705311	74704477	0
17	74705378	74704477	0
17	74712926	74704351	0
17	74712942	74704477	0
17	74712955	74704477	0
17	74712979	74704477	0
17	74744374	74744872	0
17	74744930	74745007	0
17	74744930	74745305	0
17	74745085	74745305	0
17	74745491	74746434	0
17	74748913	74747318	0
17	74771978	74771767	8
17	74772040	74771388	85
17	74772055	74770546	104
17	74772055	74770566	98
17	74772055	74771659	18
17	74772055	74771694	18
17	74772055	74771793	15
17	74772118	74771557	16
17	74772278	74770580	22
17	74772278	74771727	18
17	74772278	74771763	18
17	74772278	74771959	14
17	74772396	74771690	16
17	74772470	74771624	16
17	74772577	74771959	9
17	74773040	74771959	13
17	74773040	74772030	15
17	74773040	74772174	13
17	74773040	74772217	14
17	74773040	74772237	18
17	74773040	74772265	18
17	74773040	74772271	18
17	74773040	74772274	18
17	74773040	74772294	18
17	74773040	74772441	13
17	74773040	74772482	18
17	74773686	74772672	15
17	74773686	74772895	15
17	74773689	74772776	11
17	74773689	74772895	15
17	74773689	74772902	15
17	74773940	74773575	5
17	74774056	74773353	8
17	74774056	74773575	6
17	74774100	74773575	9
17	74775708	74772895	3
17	74775708	74772993	3
17	74775708	74773310	3
17	74775708	74773575	2
17	74775708	74773865	1
17	74775708	74773992	1
17	74775853	74772895	2
17	74775853	74773575	2
17	74776094	74775621	0
17	74776129	74773608	0
17	74776299	74775621	0
17	74776305	74775621	0
17	74776324	74773575	2
17	74776324	74775621	0
17	74776325	74775621	0
17	74776332	74775621	0
17	74776337	74775359	0
17	74776338	74773575	2
17	74776338	74775621	0
17	74776340	74775621	0
17	74776343	74775621	0
17	74776346	74773575	2
17	74776346	74775621	0
17	74776352	74773575	2
17	74776352	74775598	0
17	74776352	74775621	0
17	74776362	74775621	0
17	74776366	74775621	0
17	74776368	74775621	0
17	748033	746630	242
17	74837354	74837589	26
17	7484264	7467256	0
17	74844509	74842022	1
17	74844509	74843363	1
17	74846254	74844031	0
17	74846254	74844275	0
17	74852612	74851576	0
17	74855108	74850205	0
17	74855108	74852012	0
17	74859873	74850555	0
17	74859876	74854693	0
17	74860536	74854693	0
17	74860842	74853516	0
17	74861505	74852073	0
17	74863247	74862496	5
17	74863247	74862497	5
17	74863247	74862498	3
17	74863247	74862500	7
17	74863247	74862504	7
17	74863247	74862517	8
17	74863247	74862541	9
17	74863247	74862543	9
17	74863247	74862608	19
17	74864346	74863895	7
17	74864348	74863075	4
17	74864348	74863895	7
17	74864565	74863075	7
17	74864565	74863895	3
17	74864565	74864147	5
17	74864565	74864275	2
17	74864932	74863895	2
17	74864932	74864147	1
17	74864932	74864479	1
17	74864950	74864479	1
17	74865821	74864479	1
17	74865821	74864823	2
17	74865821	74864895	2
17	74866245	74865718	0
17	74866545	74866130	0
17	74866545	74866208	0
17	74866569	74866130	0
17	74866569	74866136	0
17	74866569	74866180	0
17	74866877	74866130	3
17	74866877	74866445	5
17	74866880	74866130	3
17	74866880	74866445	5
17	74866899	74866445	5
17	74867006	74866130	2
17	74867006	74866445	2
17	74868474	74866783	0
17	74868632	74866783	0
17	74868754	74866783	0
17	74870103	74866783	0
17	74872108	74866130	0
17	74872108	74866445	0
17	74872108	74866783	0
17	74872134	74866130	0
17	74872134	74866445	0
17	74872134	74866511	0
17	74872134	74866783	0
17	74872943	74872035	3
17	74872962	74872035	3
17	74872969	74872035	3
17	74872975	74866783	1
17	74872975	74872035	1
17	74872975	74872377	1
17	74872977	74872035	1
17	74872977	74872197	0
17	74872978	74872035	1
17	74872986	74872035	0
17	74873007	74872035	0
17	74873014	74872035	0
17	74873016	74872035	0
17	74873024	74872035	0
17	74873032	74872035	0
17	74879584	74877298	0
17	74879584	74877351	0
17	74879584	74877917	0
17	74881256	74879041	0
17	74881256	74879403	0
17	74882705	74881067	0
17	74882711	74881067	0
17	74882885	74879403	0
17	74892690	74882529	0
17	74893782	74882585	0
17	74920619	74917915	0
17	74920672	74916083	0
17	74927282	74927664	0
17	74952064	74950742	0
17	74952064	74950743	0
17	74952064	74951455	0
17	74954366	74953544	0
17	74954973	74953544	0
17	74955957	74954137	0
17	74955957	74954325	0
17	74958220	74955791	0
17	74958220	74955820	0
17	74958479	74957968	0
17	74958479	74958140	0
17	74958764	74958140	0
17	74958792	74958202	0
17	74959002	74958326	0
17	74959052	74958326	0
17	74959052	74958672	0
17	74959916	74958910	0
17	74959938	74958910	0
17	74959938	74958975	0
17	74961990	74960025	0
17	74962341	74961596	0
17	74962341	74961872	0
17	74963079	74962233	0
17	74963082	74962233	0
17	74963082	74962287	0
17	74963911	74962964	0
17	74963911	74962972	0
17	74963911	74962986	0
17	74964633	74962233	0
17	74964633	74962964	0
17	74964633	74963507	0
17	74964633	74963739	0
17	74964633	74963770	0
17	74972717	74962964	0
17	74972764	74962964	0
17	74972772	74963739	0
17	749910	747166	7
17	749910	747239	7
17	749910	747843	7
17	75032654	75032930	0
17	75032725	75032930	0
17	75039272	75038862	1
17	75039272	75039017	6
17	75040164	75039208	6
17	75041199	75038862	4
17	75042278	75039208	4
17	75042278	75039871	2
17	75042278	75040091	4
17	75042660	75042180	4
17	75042662	75041431	1
17	75047300	75047418	29
17	75093487	75093588	0
17	7512345	7512476	11
17	75130868	75130224	27
17	75130868	75130227	27
17	75130868	75130270	48
17	75130868	75130362	32
17	75130868	75130472	33
17	75130868	75130545	28
17	75130868	75130570	27
17	75131049	75130435	27
17	75131082	75130752	27
17	75131106	75130229	34
17	75131106	75130331	33
17	75131106	75130567	33
17	75131106	75130752	26
17	75131106	75130787	27
17	75131259	75131044	29
17	75131282	75130752	29
17	75131282	75130964	28
17	75131282	75131044	30
17	75131322	75130964	36
17	75131426	75130752	34
17	75131447	75131044	48
17	75131474	75130964	47
17	75131684	75131180	76
17	75131715	75131180	69
17	75131731	75130964	64
17	75131744	75131180	68
17	75131745	75131180	68
17	75131750	75130752	53
17	75131758	75131044	47
17	75131796	75131180	52
17	75141351	75138415	11
17	75146547	75145260	12
17	75146685	75135247	9
17	75146685	75135285	9
17	75146685	75135306	8
17	75146685	75135885	10
17	75146685	75135991	9
17	75146685	75136147	11
17	75146685	75136200	11
17	75146781	75135983	8
17	75147654	75135306	4
17	75147654	75146665	1
17	75148672	75146665	2
17	75148672	75147519	0
17	75148672	75147537	0
17	75148672	75147555	0
17	75148672	75147783	3
17	75168262	75149090	2
17	75168282	75148528	2
17	75174824	75165585	1
17	75174824	75168297	0
17	75181189	75167867	1
17	752175	747544	8
17	75225465	75225697	8
17	75225830	75225920	1
17	752262	744413	2
17	75228385	75228997	10
17	75232969	75233057	18
17	75234789	75235099	25
17	75234789	75235112	25
17	75234789	75235115	25
17	75234795	75235099	25
17	75238091	75237521	63
17	75238390	75236620	30
17	75238763	75236598	15
17	75238763	75236599	9
17	75238763	75236601	9
17	75238763	75237283	42
17	75238763	75237426	13
17	75238763	75237525	27
17	75238763	75237981	5
17	75238763	75238178	7
17	75238763	75238237	6
17	75238763	75238245	6
17	75238986	75238356	5
17	75239019	75238651	6
17	75239082	75238651	5
17	75239084	75238651	3
17	75239539	75238913	3
17	75239546	75238913	4
17	75239552	75238651	6
17	75239572	75238913	3
17	75240109	75238964	20
17	75240451	75238651	6
17	75241058	75239374	7
17	75241058	75239788	4
17	75241058	75240341	9
17	75241517	75239788	17
17	75241517	75240341	8
17	75241517	75240811	0
17	75241697	75240948	12
17	75241697	75241399	17
17	75241734	75240793	9
17	75242369	75241399	19
17	75242474	75241399	12
17	75242474	75241614	20
17	75242474	75241668	15
17	75242912	75241614	18
17	75242912	75241864	4
17	75242912	75242335	2
17	75243167	75242830	4
17	75243259	75242883	4
17	75243571	75242830	2
17	75243571	75242888	2
17	75243571	75243062	0
17	75243571	75243134	0
17	75244491	75243446	0
17	75244718	75243446	0
17	75244718	75243516	0
17	75246585	75243446	0
17	75261594	75243446	0
17	75261984	75262462	60
17	75261984	75262496	64
17	75265965	75266192	345
17	75265967	75266192	313
17	75267631	75266227	9
17	75267631	75266231	9
17	75267631	75266232	9
17	75267631	75266246	9
17	75267631	75266263	9
17	75267631	75266434	6
17	75267631	75266671	6
17	75267631	75266680	6
17	75267631	75266794	7
17	75267631	75266932	7
17	75267902	75266511	9
17	75267902	75267450	8
17	75267902	75267537	9
17	75268193	75267450	12
17	75268193	75267537	9
17	75268193	75267589	10
17	75268193	75267745	8
17	75268193	75267750	8
17	75268193	75267823	13
17	75269449	75268082	0
17	75269470	75267745	0
17	75269470	75268082	0
17	75270178	75267937	3
17	75270228	75268082	4
17	75270246	75267537	3
17	75270246	75267745	3
17	75270246	75268082	3
17	75270249	75268082	3
17	75270622	75268082	2
17	75271633	75273411	11
17	75277484	75272980	2
17	75277484	75272991	2
17	75277484	75272992	2
17	75277484	75273029	2
17	752777	749813	5
17	75278336	75277352	2
17	75283594	75273550	0
17	75283594	75278151	0
17	75283594	75278237	0
17	75286460	75272991	1
17	75286460	75278151	2
17	75286460	75283422	2
17	75286460	75283428	4
17	75286460	75283564	4
17	75286724	75286399	6
17	75286803	75286303	3
17	75286803	75286334	6
17	75287675	75286303	3
17	75288462	75286632	4
17	75288592	75286632	3
17	75288592	75288387	4
17	75289213	75288497	2
17	75289361	75288501	3
17	75289373	75288387	3
17	75289387	75288387	3
17	75289391	75286632	3
17	75289391	75288501	3
17	75289407	75288387	3
17	75289412	75288387	3
17	75289423	75286646	5
17	75289434	75288553	4
17	75289450	75288119	3
17	75289450	75288501	4
17	75289511	75286303	2
17	753026	754407	2
17	75318797	75318075	348
17	75320554	75319478	297
17	75321754	75318754	128
17	75321828	75318075	1
17	75321828	75320010	2
17	75321828	75320344	1
17	75326021	75320340	3
17	75326021	75321658	3
17	75326021	75321794	3
17	75332798	75321658	0
17	75393657	75332699	0
17	75393766	75332699	0
17	75393804	75332699	0
17	75393807	75387489	0
17	75393865	75332699	0
17	75394034	75393550	0
17	754000	747440	7
17	75405487	75393550	0
17	75405654	75393550	0
17	75405682	75393403	0
17	75405700	75393550	0
17	75405710	75393550	0
17	754332	754407	2
17	75485999	75486289	2
17	75491901	75492238	8
17	75492338	75492473	7
17	75492790	75492928	3
17	75493103	75493490	4
17	75495644	75495965	0
17	75496075	75496281	2
17	75498539	75498628	14
17	75498723	75498911	2
17	75501691	75500260	6
17	75501691	75500808	7
17	75503255	75501467	15
17	75503528	75501778	8
17	75503761	75503089	7
17	75505652	75504811	0
17	75505930	75505318	0
17	75505930	75505556	0
17	75506714	75506304	0
17	75506895	75506582	0
17	75506895	75506666	0
17	75507130	75506742	0
17	75507130	75506798	8
17	75514209	75508233	0
17	75515261	75513727	1
17	75515441	75513710	0
17	75515584	75513710	0
17	75516911	75517008	1
17	75516911	75517014	1
17	75517073	75517160	0
17	75563179	75563330	0
17	75563464	75563751	0
17	75574261	75574452	0
17	75574261	75574609	0
17	75574496	75574609	0
17	7558376	7559067	6
17	75591017	75591171	0
17	75594760	75594839	0
17	7560818	7560998	11
17	75616447	75616523	4
17	75616786	75616873	0
17	75616786	75616884	0
17	75617678	75617809	0
17	75619724	75619799	4
17	75619800	75619878	2
17	75620637	75621030	1
17	75621409	75621500	0
17	75627693	75626844	4
17	75627693	75626853	4
17	75628443	75626909	4
17	75628443	75627622	1
17	75628763	75628217	0
17	75628826	75628396	0
17	75628875	75628217	0
17	75629443	75628671	15
17	75629476	75628671	11
17	75629843	75628933	9
17	75629843	75629317	7
17	75630235	75629560	1
17	75630278	75629707	0
17	75630635	75629774	3
17	75631669	75631149	0
17	75633939	75634033	0
17	75634224	75631449	0
17	75639200	75631465	0
17	75639200	75638545	5
17	75639941	75631449	0
17	75639963	75639021	2
17	75639974	75638761	3
17	75639991	75638977	2
17	7565071	7565439	0
17	75650719	75631491	0
17	75651266	75631449	0
17	75651266	75631456	0
17	75651266	75650358	0
17	75651266	75650361	0
17	75651266	75650516	0
17	7565588	7565694	1
17	7565588	7565716	1
17	75658361	75652447	0
17	75658461	75648864	0
17	75658461	75651094	0
17	75658461	75651185	0
17	75679968	75679473	0
17	75684043	75683542	0
17	75684800	75683547	0
17	75692528	75693439	0
17	75692688	75693439	0
17	75702572	75702946	17
17	75704815	75705610	13
17	75704815	75706007	12
17	75704815	75706339	9
17	75705694	75706007	14
17	75706093	75706339	0
17	75706230	75706339	1
17	7571480	7571711	421
17	7571871	7571908	0
17	75742490	75742581	0
17	7574309	7574521	50
17	7574309	7574545	47
17	7574309	7574547	47
17	7574679	7575118	81
17	75757311	75757415	2
17	75758128	75751593	1
17	75758128	75751678	1
17	75758373	75757893	8
17	75758373	75757943	9
17	75758373	75758033	10
17	75758519	75757971	11
17	75758520	75758033	14
17	75758600	75758209	8
17	75762796	75758448	0
17	75762886	75758448	0
17	75762886	75758511	0
17	75763091	75762703	1
17	75763150	75762703	2
17	75763182	75762703	0
17	75763440	75758590	0
17	75763440	75762703	2
17	75763440	75763013	6
17	75763668	75762757	8
17	75764006	75763319	0
17	75764087	75762703	0
17	75764087	75763319	0
17	75764087	75763580	0
17	75765134	75763382	6
17	75765158	75763896	0
17	75765193	75763896	0
17	75765237	75763896	0
17	75765712	75763896	0
17	7576693	7577055	83
17	7577166	7577343	43
17	7577166	7577433	47
17	7577707	7577826	169
17	7577707	7578341	143
17	75778883	75778019	1292
17	75778964	75776433	126
17	75778964	75778249	588
17	75778964	75778324	218
17	75778964	75778566	54
17	75778964	75778573	53
17	75778964	75778575	53
17	75778964	75778609	214
17	7577917	7578100	211
17	7577917	7578119	227
17	7577917	7578164	228
17	7577917	7578226	176
17	7577917	7578341	215
17	75779185	75778637	44
17	75779185	75778646	44
17	75779185	75778809	35
17	75779185	75778820	38
17	75779185	75778882	39
17	75779287	75778809	33
17	75779604	75779046	28
17	75779759	75779046	28
17	75779760	75779046	28
17	75779767	75778452	28
17	75779779	75778809	24
17	75779779	75779046	28
17	75779780	75778809	24
17	75779780	75779046	28
17	75779781	75779046	28
17	7578245	7578341	134
17	75785487	75779046	0
17	7579727	7579809	0
17	7579727	7579848	0
17	7579727	7579890	0
17	7581067	7581377	3
17	75820056	75818814	1
17	75828087	75827224	5
17	75828087	75827263	4
17	75828984	75827224	1
17	75828984	75827956	1
17	75828984	75827997	1
17	7583011	7582011	21
17	75830148	75828786	1
17	75830152	75828786	1
17	75830438	75828786	0
17	75830483	75829661	0
17	75830483	75830027	0
17	75831349	75831097	2
17	75833046	75831242	0
17	75833046	75831294	1
17	75833270	75832965	0
17	75834144	75831300	0
17	75834144	75832965	0
17	75834532	75834074	0
17	75834717	75834324	0
17	7583519	7582471	23
17	75835530	75834919	0
17	75835778	75835408	0
17	75835778	75835418	0
17	75835907	75835646	0
17	75835907	75835716	0
17	75839943	75836800	0
17	75840111	75839838	0
17	75840111	75839846	0
17	75840305	75840017	0
17	75840330	75836800	0
17	75840330	75840017	0
17	75840368	75840017	0
17	75840577	75839838	0
17	75840577	75840017	0
17	75840577	75840224	0
17	7584069	7582015	16
17	7584073	7581963	24
17	75840831	75840506	0
17	75841002	75840761	0
17	75841033	75840793	0
17	75841157	75840754	0
17	75842614	75840956	1
17	75842924	75842432	0
17	75842924	75842492	0
17	75843249	75843013	0
17	75843267	75843013	0
17	75843520	75843013	2
17	75843520	75843158	0
17	75844314	75843158	0
17	75844361	75836199	0
17	75846788	75845746	173
17	75846788	75845836	204
17	75846985	75845698	61
17	75846985	75845708	59
17	75846985	75845719	56
17	75846985	75845771	106
17	75846985	75846322	62
17	75846985	75846494	9
17	75846985	75846737	7
17	75846985	75846772	9
17	75847598	75846907	3
17	75847610	75845698	3
17	75847610	75846335	3
17	75847610	75846907	3
17	75847931	75846907	3
17	75847931	75847099	3
17	75847931	75847486	6
17	75847931	75847559	6
17	75847931	75847574	6
17	75848328	75847486	6
17	75848663	75845743	4
17	75848663	75847486	7
17	75848663	75847795	4
17	75849740	75846907	0
17	75849740	75847486	0
17	75849740	75847795	1
17	75849740	75848506	0
17	75849740	75848569	0
17	75849740	75848781	0
17	75851677	75849356	0
17	75851677	75849603	0
17	75852351	75849603	0
17	75852821	75851567	0
17	75855205	75849603	0
17	75855226	75851567	0
17	75855307	75851567	0
17	75855309	75851567	0
17	75855310	75851567	0
17	75855317	75849603	1
17	75855323	75851567	0
17	75855336	75851199	0
17	75855336	75851567	0
17	75855338	75851567	0
17	75855421	75851567	0
17	75855477	75851567	0
17	7586215	7586374	10
17	7586778	7586898	24
17	7586778	7587160	26
17	7586839	7587160	26
17	7587018	7587160	6
17	7587018	7587169	6
17	75874893	75874163	131
17	75875475	75874160	0
17	75875475	75874163	0
17	75875592	75874522	0
17	75876100	75875399	4
17	75876395	75875840	19
17	75876493	75875900	2
17	75876814	75876261	6
17	75877265	75876434	6
17	75878197	75876717	5
17	75878214	75876433	7
17	75878576	75876717	5
17	75891348	75880334	2
17	75891348	75880443	6
17	75891879	75888959	48
17	75891879	75891276	12
17	75892150	75891276	17
17	75892186	75889852	98
17	75892186	75891022	20
17	75892501	75891179	17
17	75892851	75892266	15
17	75896051	75892754	19
17	75896559	75892754	22
17	75896641	75892582	13
17	75896912	75892754	20
17	75897004	75892754	1
17	7589739	7588177	25
17	75899295	75898642	3
17	75899295	75898644	6
17	75899295	75898927	3
17	75899295	75898950	3
17	75899295	75898951	3
17	75899582	75898643	3
17	75899675	75899157	3
17	75899675	75899158	3
17	75899869	75899157	8
17	75900474	75899515	12
17	75900553	75899515	14
17	7590073	7589143	29
17	75900864	75900463	8
17	75900925	75899515	14
17	75901028	75899515	4
17	75901274	75900811	4
17	75901274	75900981	2
17	75901425	75900981	18
17	75901518	75900794	8
17	7590171	7588177	12
17	75901917	75901200	19
17	75901921	75901200	19
17	75901921	75901241	18
17	75902155	75901182	4
17	75902155	75901200	4
17	75902155	75901236	9
17	75902155	75901554	11
17	75902155	75901711	4
17	75902155	75901743	4
17	75902155	75901890	4
17	75902288	75901659	4
17	75904314	75902019	2
17	75904674	75902019	7
17	75904720	75902019	2
17	75904720	75904221	5
17	75904720	75904243	8
17	75904839	75904539	2
17	75904859	75904539	2
17	75904860	75902019	2
17	75904872	75904539	2
17	75904879	75904539	2
17	75904883	75904225	2
17	75904902	75904221	5
17	75905094	75904539	2
17	75905414	75904539	2
17	75905745	75904539	0
17	75909697	75904539	0
17	75909818	75904663	1
17	75909818	75908120	0
17	75910807	75909580	17
17	75912308	75909467	0
17	75912308	75909573	1
17	75912308	75909843	2
17	75912308	75910692	0
17	75912308	75910722	0
17	75913730	75912191	0
17	75913781	75912191	0
17	75913820	75912190	0
17	75913820	75912191	0
17	75914051	75913701	2
17	75914141	75913478	3
17	75914293	75913912	9
17	75914296	75913912	9
17	75914299	75913701	11
17	75914299	75913912	9
17	75914933	75913912	2
17	75914933	75914034	9
17	75920430	75919667	2
17	75920430	75920006	1
17	75921303	75920006	0
17	75921303	75920272	0
17	75921303	75920273	0
17	7592158	7591441	108
17	7592355	7591229	22
17	7592600	7592253	14
17	7592895	7592503	17
17	7593182	7592693	19
17	7593626	7592983	17
17	75938233	75937565	0
17	75939883	75938172	0
17	7594005	7593402	15
17	75940944	75938146	0
17	75940948	75937711	1
17	75941039	75938146	2
17	75941141	75938146	0
17	7594333	7593578	13
17	75943577	75942878	14
17	75943994	75945074	18
17	75946796	75942877	15
17	7594758	7594237	4
17	75948458	75941506	0
17	75948458	75942595	5
17	75948458	75946463	0
17	75948458	75946529	0
17	75948458	75946576	3
17	75948458	75946706	3
17	75953621	75951414	0
17	75955590	75953248	0
17	75955682	75953450	0
17	75955948	75955565	0
17	75957567	75955827	0
17	75957567	75955860	0
17	7595995	7594374	0
17	7595995	7594678	0
17	75960376	75957420	0
17	75960376	75957458	0
17	7596481	7594671	0
17	75973786	75955907	0
17	75973786	75957458	0
17	75973786	75960214	0
17	75978694	75957458	0
17	75978694	75957514	0
17	75978694	75960214	0
17	75978694	75973308	0
17	75978694	75973624	0
17	75979046	75978466	2
17	75979074	75978533	2
17	75979092	75978533	2
17	75979129	75978533	2
17	75979135	75978533	2
17	75979178	75978533	2
17	75979364	75978533	10
17	76000390	76001411	2
17	76000968	76001411	2
17	76002613	76003194	7
17	76007442	76004501	0
17	76011669	76006844	0
17	76011669	76007080	0
17	76011669	76007081	0
17	76011883	76011520	0
17	76011883	76011575	0
17	760162	757096	1
17	7603003	7601408	0
17	7603906	7602732	1
17	7603906	7602908	0
17	7603906	7602967	1
17	76040475	76038774	2
17	76040475	76039102	23
17	76040475	76039105	23
17	76040475	76039550	2
17	76041629	76039103	1
17	76043959	76040902	3
17	76045387	76043374	1
17	76045387	76043828	3
17	76046062	76045291	2
17	76046195	76044753	1
17	76046195	76045291	1
17	76057544	76050427	0
17	76060391	76057402	0
17	76060743	76057396	0
17	76061220	76060307	0
17	76061575	76061109	0
17	76061654	76061174	0
17	76064023	76061491	0
17	76064128	76061149	0
17	76064172	76061491	0
17	76067331	76063975	0
17	76067331	76064037	0
17	76070437	76067216	0
17	76070445	76063975	1
17	76070445	76067216	0
17	76072492	76067312	1
17	76072498	76067216	1
17	76072508	76067216	1
17	76079564	76079701	0
17	76081119	76081277	144
17	76081403	76081544	126
17	76081403	76081599	77
17	76081403	76081881	77
17	76081756	76081881	94
17	76082050	76082462	163
17	76083015	76081016	181
17	76084140	76081016	175
17	76084140	76081017	175
17	76084140	76082390	107
17	76084140	76082391	122
17	76084140	76083518	1
17	76084140	76083575	1
17	76084140	76083576	1
17	76084140	76083647	2
17	76085410	76084516	4
17	76085798	76085109	0
17	76085798	76085313	0
17	76085798	76085368	0
17	76086146	76085676	0
17	76087709	76086079	0
17	76087721	76085676	0
17	76087721	76086079	0
17	76087721	76086853	0
17	76087942	76086853	1
17	76088116	76087276	2
17	76088123	76087653	6
17	76088563	76086079	0
17	76088924	76087653	1
17	76090398	76089174	12
17	76090482	76089174	19
17	76091236	76089174	17
17	76091236	76090328	12
17	76094490	76088770	7
17	76094582	76089174	3
17	76094582	76090328	6
17	76094582	76091142	6
17	76098019	76092314	0
17	76098019	76094413	0
17	76098019	76094510	0
17	76101377	76097795	0
17	76101377	76097913	0
17	76101377	76097988	0
17	76101854	76101270	1
17	76101864	76101011	0
17	76101864	76101270	0
17	76103227	76101270	1
17	76140565	76136332	0
17	76143349	76144921	8
17	76143349	76144924	8
17	76144735	76142632	5
17	76147310	76145278	0
17	7614868	7606096	0
17	7614872	7606015	0
17	76152466	76142452	0
17	76152466	76142464	0
17	76152466	76144339	0
17	76152584	76145014	0
17	76154329	76152354	0
17	76155318	76152354	0
17	76155318	76154279	0
17	76155318	76154282	0
17	76155318	76154301	0
17	76155735	76154282	0
17	76161648	76159334	0
17	76162003	76161534	0
17	76162146	76161561	0
17	76164796	76162551	0
17	76165546	76162760	0
17	76165546	76164747	0
17	76212483	76173701	0
17	76240290	76212363	0
17	76240302	76211876	0
17	76240309	76212363	0
17	76240374	76212363	0
17	7626794	7626233	2
17	7626794	7626236	2
17	7626794	7626237	2
17	7626794	7626336	6
17	7626794	7626341	5
17	7626794	7626365	5
17	7626794	7626387	2
17	7626794	7626402	2
17	7626794	7626533	2
17	7627045	7626706	2
17	7627045	7626752	1
17	7627045	7626781	2
17	7627140	7626236	2
17	7627227	7626706	6
17	7627227	7626752	6
17	7627227	7626942	6
17	7627415	7626706	4
17	7627415	7626752	5
17	7627415	7626942	4
17	7627415	7627142	4
17	7627480	7626752	5
17	76275948	76274048	0
17	76275948	76274050	0
17	76275948	76274130	0
17	76275948	76274183	0
17	7627797	7627362	7
17	7627803	7627142	6
17	7627803	7627362	6
17	7627806	7626958	3
17	7627806	7627362	4
17	7627836	7627142	4
17	7627847	7626945	2
17	7627856	7627362	4
17	7627860	7627362	4
17	7627870	7627362	4
17	7627877	7627362	4
17	7630284	7630415	0
17	76313017	76309485	5
17	76313017	76310933	0
17	76313017	76311385	1
17	76313741	76312869	6
17	76313892	76312792	7
17	76313892	76312869	7
17	7631749	7631878	0
17	76328863	76313820	0
17	76328863	76313823	0
17	76328865	76313820	0
17	76328987	76313600	0
17	76330099	76328716	0
17	76330302	76328716	0
17	76330667	76330042	0
17	76332436	76330482	0
17	76332436	76330550	0
17	76332436	76330551	0
17	76344738	76332262	0
17	76344738	76332286	0
17	76348582	76344670	0
17	76385655	76385942	16
17	76385655	76385984	16
17	76386316	76386392	0
17	76391814	76389450	100
17	76391814	76389796	116
17	76395862	76391909	12
17	76396822	76395724	48
17	76397889	76395357	0
17	76397889	76396127	0
17	76397892	76396127	0
17	76398384	76396127	2
17	76398384	76397798	0
17	76398384	76397807	0
17	76399922	76398836	0
17	76400298	76399448	0
17	76400298	76399788	0
17	76402128	76401010	0
17	76402642	76402063	0
17	76402700	76401730	0
17	76402700	76402063	0
17	76453142	76405512	0
17	76453207	76405512	0
17	76472840	76470895	2
17	76472840	76471068	6
17	76472840	76471813	1
17	76473106	76470890	1
17	76474535	76474032	1
17	76474805	76474203	0
17	76474805	76474372	3
17	76477025	76475029	0
17	76477288	76476829	0
17	76477299	76475922	0
17	76477299	76476829	0
17	76477786	76476829	0
17	76479278	76477656	0
17	76479278	76478805	1
17	76479855	76478805	2
17	76479855	76479081	0
17	76479855	76479211	0
17	76479942	76479081	0
17	76481528	76479732	0
17	76481546	76479081	0
17	76481546	76479145	0
17	76481546	76479732	0
17	76481546	76479735	0
17	76481546	76479782	0
17	76481548	76479732	0
17	76481895	76479785	0
17	76487852	76481374	0
17	76487852	76481383	0
17	76487910	76481374	0
17	76487910	76481382	1
17	76487910	76481445	1
17	76488133	76481374	0
17	76488133	76481484	1
17	76488133	76487711	1
17	76488179	76481438	1
17	76493155	76487711	0
17	76493203	76487711	1
17	76501372	76487711	1
17	76501385	76487711	1
17	76501408	76487711	0
17	76501416	76487410	0
17	76501416	76487711	0
17	76501422	76487711	0
17	76501791	76487711	0
17	76528994	76528056	0
17	76531143	76527355	0
17	76531143	76528367	0
17	76531143	76528533	0
17	76531692	76528281	0
17	765320	763564	3
17	76543933	76544231	0
17	76545637	76545895	0
17	76551164	76545667	0
17	76551176	76531459	0
17	76552932	76551779	0
17	76557298	76550840	0
17	76557653	76550861	0
17	76557684	76551579	0
17	76557858	76557969	12
17	76557858	76558373	22
17	76557858	76558944	26
17	76558601	76558944	29
17	76563483	76563972	581
17	76567553	76565378	0
17	76567553	76566105	0
17	76567553	76566132	0
17	76568797	76567452	0
17	76568914	76567452	0
17	76570545	76563709	0
17	76570634	76568712	0
17	76570669	76567452	0
17	76570669	76568712	0
17	76571143	76568716	0
17	76572776	76570564	0
17	76572776	76570578	0
17	76572776	76570897	0
17	76572776	76570909	0
17	76573350	76572636	0
17	76573364	76572636	0
17	76574540	76572636	0
17	76574540	76573194	0
17	76574540	76573341	0
17	76578817	76574364	0
17	76578984	76574480	0
17	76585857	76574364	0
17	76625919	76624760	0
17	76625919	76624762	0
17	76625919	76625124	0
17	76626096	76625818	0
17	76626096	76625849	0
17	76626392	76626005	0
17	76626393	76626005	0
17	76626393	76626050	0
17	76626790	76625647	0
17	76626790	76626005	0
17	76627113	76626650	0
17	76627168	76626650	0
17	76627239	76626005	0
17	76627239	76626288	0
17	76627239	76626650	0
17	76627584	76627066	0
17	76627584	76627097	0
17	76629712	76627414	0
17	76637737	76629011	0
17	76641905	76629394	0
17	76643661	76637470	0
17	76643694	76629011	0
17	76643758	76633594	0
17	76643775	76629011	0
17	76643787	76637599	0
17	76643839	76629011	0
17	7667426	7665415	1
17	76683928	76679568	6
17	76683928	76680776	6
17	76685166	76672550	5
17	76685166	76679568	0
17	76685166	76679570	0
17	76685166	76680533	1
17	76685166	76680616	0
17	7670716	7666901	5
17	7670716	7668401	0
17	7670716	7668403	0
17	7670716	7668420	0
17	7670716	7669608	0
17	76709598	76688112	0
17	76710956	76688112	0
17	76711005	76688112	0
17	76711017	76688112	0
17	76718861	76712831	4
17	76720499	76718445	3
17	76720499	76718452	3
17	76720499	76718732	4
17	76720638	76718671	5
17	76721352	76720359	5
17	76721357	76720359	5
17	76721383	76720359	8
17	76721934	76718499	11
17	76721934	76720359	6
17	76721934	76721262	9
17	76726880	76726969	48
17	76733216	76733292	29
17	76733378	76733520	7
17	76733382	76733520	7
17	76735159	76734122	1830
17	76735159	76734251	1941
17	76735159	76734302	1847
17	76735662	76734162	218
17	76735876	76734146	211
17	76735876	76735060	218
17	7673588	7669568	2
17	76736009	76735060	250
17	76736029	76736189	259
17	7673609	7666085	0
17	7673609	7670608	0
17	7673609	7673206	0
17	76736155	76735136	264
17	76736465	76734118	207
17	76736465	76734576	225
17	76736465	76735060	266
17	76736465	76735771	279
17	76736556	76735771	263
17	76737092	76738281	26
17	76737309	76736153	193
17	76737332	76736153	193
17	76737332	76736379	1263
17	76737332	76736404	813
17	76737334	76734114	33
17	76737375	76736153	193
17	76737884	76738281	12
17	76737977	76738281	11
17	76737999	76738281	12
17	76738166	76738281	13
17	7673838	7673534	0
17	7674291	7661778	1
17	7674291	7673700	0
17	7674972	7674180	0
17	7674972	7674216	0
17	7675120	7674253	1
17	7675237	7674525	1
17	7675237	7674858	0
17	7675239	7674858	0
17	7675494	7674858	0
17	7676032	7675052	0
17	7676273	7675052	0
17	7676273	7675115	0
17	7676273	7675161	0
17	7676273	7675228	0
17	7676404	7675052	0
17	7676623	7675052	0
17	7687428	7676520	1
17	7687428	7677324	0
17	7687482	7676381	1
17	7687482	7676520	1
17	7687488	7675052	0
17	7687488	7676381	1
17	7687488	7676520	1
17	7687492	7676520	1
17	7687539	7676520	0
17	7687551	7676520	0
17	7687604	7688647	8
17	7688562	7688647	12
17	76953711	76950316	9
17	76958223	76957022	0
17	76964144	76950473	0
17	76964144	76962891	0
17	76969098	76963892	0
17	76969157	76963892	0
17	769956	759096	2
17	769956	759309	0
17	769956	759322	0
17	769956	759329	0
17	769956	759451	2
17	769956	760021	2
17	769956	760063	2
17	769956	760072	2
17	769956	760097	2
17	770158	769868	2
17	7701790	7702343	9
17	7701790	7702742	13
17	770225	769868	2
17	7702553	7702742	0
17	7702911	7702992	5
17	770508	760187	1
17	770508	769868	1
17	770508	770043	2
17	77088683	77089152	9
17	77088878	77089152	13
17	77088950	77089152	14
17	77088986	77089152	13
17	77093348	77094069	31
17	77093968	77094088	20
17	771380	770420	2
17	771405	770043	3
17	771462	769868	2
17	771462	770420	2
17	771462	770428	2
17	77199544	77198949	0
17	77214020	77216548	110
17	77258390	77257736	0
17	77274327	77257736	0
17	77274341	77273783	0
17	77471044	77469161	0
17	77472771	77470749	2
17	77482013	77482143	0
17	77498766	77500406	507
17	77499502	77500263	563
17	77528898	77530460	0
17	77568696	77563367	0
17	775920	770043	0
17	775920	771324	0
17	775920	771450	0
17	776989	775774	0
17	7770640	7770752	0
17	77728560	77722871	0
17	777693	775774	2
17	7786343	7786569	0
17	778662	776867	4
17	778745	776867	5
17	778745	776880	5
17	778811	776867	2
17	77884088	77879026	0
17	780739	776867	0
17	780739	778422	2
17	780739	778621	1
17	780739	778694	1
17	78111800	78107397	1
17	78113622	78112924	0
17	78113625	78110457	1
17	78113625	78112918	0
17	78113625	78112920	0
17	78113625	78113075	0
17	78113625	78113147	0
17	78113960	78112921	0
17	78117348	78113547	0
17	78117645	78117268	1
17	78117645	78117315	1
17	78119047	78117801	1
17	78119393	78118970	1
17	78120556	78119296	0
17	78120720	78120408	0
17	78120797	78119061	0
17	78120833	78119296	0
17	78121165	78119296	0
17	78121165	78120176	0
17	78121165	78120652	1
17	78121712	78120176	0
17	78121712	78121012	1
17	78122749	78121555	0
17	78122750	78113547	1
17	78122750	78121555	0
17	78123124	78122604	0
17	78124180	78122604	0
17	78124351	78122559	0
17	78124782	78123988	1
17	78124986	78124178	2
17	78124986	78124523	3
17	78124986	78124557	3
17	78125264	78124523	0
17	78125264	78124888	0
17	78125885	78125079	0
17	78125885	78125157	0
17	78125885	78125232	0
17	78125890	78125157	0
17	78126367	78125157	2
17	78126367	78125725	0
17	78126367	78125753	0
17	78126597	78126276	0
17	78126649	78125725	0
17	78126649	78125922	0
17	78126649	78126064	0
17	78126649	78126195	0
17	78126649	78126276	0
17	78126907	78126276	0
17	78131398	78126776	0
17	78132215	78132358	0
17	78132408	78126776	0
17	78137324	78137716	0
17	78137359	78137716	0
17	78164365	78165888	0
17	78164663	78165888	0
17	78171055	78171509	2
17	78171055	78171738	4
17	78171650	78171738	8
17	78171943	78173090	323
17	78175170	78174074	106
17	78175170	78174701	96
17	78175170	78174925	37
17	78175619	78174120	19
17	78175619	78174829	5
17	78175619	78175049	1
17	78175619	78175068	1
17	782044	778621	2
17	78216035	78216663	7
17	78216067	78216663	7
17	782194	778621	2
17	782238	778694	2
17	782256	778640	3
17	782256	778789	3
17	782277	778621	3
17	782280	778694	1
17	782281	778301	1
17	782281	778694	1
17	782292	778621	3
17	782295	778694	1
17	782342	778694	1
17	78249479	78248492	0
17	78250789	78249684	0
17	78251408	78250603	0
17	78252200	78251318	0
17	78264223	78261348	0
17	782688	782452	73
17	783391	782558	7
17	78360075	78359048	3
17	78360078	78356777	1
17	78425572	78423696	2
17	78425572	78423699	2
17	78425572	78423904	3
17	78425592	78423696	2
17	78426601	78423696	3
17	78426601	78425345	2
17	78426721	78425523	2
17	78427109	78426456	2
17	78427109	78426486	2
17	78427134	78426456	0
17	78428552	78426927	2
17	78428708	78426456	0
17	78428708	78426925	2
17	78429241	78426925	2
17	78451674	78450681	0
17	78453466	78451468	0
17	78453466	78451495	0
17	78490848	78486223	0
17	78494821	78494035	0
17	78499113	78495874	0
17	78500462	78499007	0
17	78501345	78500304	0
17	78501874	78501183	0
17	78502699	78501183	0
17	78502699	78501741	0
17	78502699	78501747	0
17	78503012	78502142	0
17	78503012	78502590	0
17	78505446	78502885	0
17	78525162	78514773	0
17	7853381	7853497	27
17	78537482	78532481	0
17	78543998	78537298	0
17	78543998	78539736	0
17	78543998	78539745	0
17	78551639	78543754	0
17	78551639	78543856	0
17	7857199	7856684	14
17	7857199	7856685	14
17	7857264	7856698	100
17	7857855	7856684	23
17	7857892	7857014	17
17	7858080	7857014	24
17	7858295	7858402	9
17	7858480	7858605	1
17	7858497	7857562	16
17	7858832	7858248	8
17	78618209	78617387	2
17	78618209	78617397	2
17	78618209	78617425	2
17	78618563	78618029	0
17	78618624	78617392	3
17	78621734	78617376	0
17	78621734	78617392	0
17	78621734	78617598	0
17	78624316	78605232	0
17	78624316	78607927	0
17	78624316	78608088	0
17	78624316	78608241	0
17	78624316	78617376	0
17	78624316	78617385	0
17	78624316	78617387	0
17	78624316	78617392	1
17	78624316	78617396	1
17	78624316	78618029	1
17	78628036	78624191	0
17	78628334	78627917	0
17	78628439	78624191	0
17	78628439	78627917	0
17	78630281	78624191	0
17	78630281	78627917	0
17	78630404	78624191	0
17	78630431	78624191	0
17	78630431	78627917	0
17	78630513	78627917	0
17	78632049	78624191	0
17	78632091	78624191	0
17	7866559	7857014	4
17	78677051	78675655	8
17	78680219	78676118	10
17	78680345	78674047	3
17	78680345	78675819	4
17	78680345	78675847	10
17	78680345	78676994	3
17	78692494	78680970	0
17	78692496	78680970	0
17	78698381	78680970	0
17	78698381	78692416	0
17	78698381	78696006	0
17	78698969	78692416	0
17	78698969	78698267	0
17	78698969	78698268	0
17	78700444	78680970	0
17	78700444	78698819	0
17	78701752	78700330	0
17	78701752	78700391	0
17	78702241	78701670	0
17	78702241	78701671	0
17	78708262	78674047	0
17	78708262	78680189	0
17	78709733	78708196	0
17	78717026	78709649	0
17	78723565	78708196	0
17	78723567	78709649	0
17	78723751	78709649	0
17	78724047	78709649	0
17	78727966	78709649	0
17	78736891	78709649	0
17	78736968	78708911	0
17	78782273	78709649	0
17	78782274	78709350	0
17	78782290	78708196	0
17	78782295	78709649	0
17	78782298	78709649	0
17	78796495	78787465	2
17	78796495	78791862	4
17	78797062	78795651	137
17	78797880	78787380	4
17	78797903	78796316	161
17	78798456	78796316	143
17	78798493	78797785	10
17	78798552	78787380	8
17	78798552	78787466	8
17	78798552	78795652	13
17	78798552	78797785	6
17	78798985	78798399	3
17	78798991	78798399	2
17	78799024	78796316	11
17	78799024	78796882	6
17	78799024	78798399	3
17	78802536	78799666	2
17	78803979	78802323	0
17	78803979	78802460	4
17	78807637	78806155	5
17	78807637	78807254	93
17	78813002	78806958	0
17	78813002	78807420	1
17	78813002	78807612	1
17	78813874	78812859	0
17	78813874	78812971	3
17	78818779	78814411	0
17	78818944	78814411	0
17	78819098	78818666	0
17	78820013	78818666	0
17	78823184	78821936	3
17	78827348	78821936	2
17	78827348	78823112	4
17	78827348	78823121	4
17	78828965	78827244	0
17	78829008	78826472	0
17	78829008	78827244	0
17	7883336	7858631	1
17	78835502	78828896	0
17	78835502	78828945	0
17	78835502	78828991	0
17	78835502	78829003	0
17	78836364	78835279	0
17	78836373	78835279	0
17	78838751	78835279	0
17	78838751	78836024	1
17	78838751	78836110	1
17	78838751	78836123	1
17	78838751	78836163	3
17	78838751	78836205	4
17	78838751	78836261	4
17	78838795	78836110	2
17	78846869	78845952	6
17	78857647	78852976	4
17	78857647	78852980	4
17	78857647	78855541	4
17	78871007	78855963	0
17	78871007	78857521	0
17	78873920	78870897	0
17	78873920	78870909	0
17	78874090	78870897	0
17	78874137	78870897	0
17	78901258	78873818	0
17	78901829	78890637	0
17	78901927	78890579	0
17	78901927	78892164	0
17	78901927	78892268	0
17	78922402	78873818	0
17	78925388	78873818	0
17	78973126	78971284	1268
17	78973176	78971255	882
17	78973223	78971237	181
17	78973223	78971330	578
17	78973223	78972385	180
17	78973223	78972556	179
17	78973344	78972469	333
17	78974773	78972969	9
17	78974797	78972768	10
17	78974820	78971237	8
17	78974820	78972647	4
17	78974820	78972797	10
17	78974820	78972969	7
17	78974820	78972974	7
17	78974820	78972999	7
17	78974820	78973187	16
17	78974998	78972969	16
17	78976157	78972969	15
17	78976157	78974630	3
17	78976157	78974631	3
17	78976157	78974687	3
17	78976157	78974797	3
17	78977001	78975964	12
17	78977215	78972969	18
17	78977215	78974687	8
17	78977215	78975952	13
17	78977215	78975964	13
17	78977215	78976081	14
17	78977215	78976942	9
17	78977217	78975964	13
17	78977324	78977139	1
17	78977474	78977139	4
17	78979587	78977139	4
17	78979876	78976824	3
17	78979892	78976994	5
17	78979909	78977139	3
17	78979912	78977139	3
17	78979919	78977139	3
17	78979924	78977139	3
17	78979928	78977139	3
17	78979936	78977139	3
17	78979948	78977139	4
17	78980110	78977139	4
17	78992762	78991719	210
17	78995222	78991716	10
17	78995222	78993486	1
17	78995250	78993783	4
17	78997645	78992409	10
17	78997645	78995017	2
17	78997645	78997105	148
17	78997775	78995017	3
17	78997964	78995017	1
17	78997964	78996991	65
17	78997964	78997426	77
17	78997964	78997439	69
17	78997964	78997490	63
17	78997964	78997506	64
17	78998287	78997839	3
17	78998294	78996991	2
17	79000271	78997392	4
17	79000271	78997839	6
17	79000271	78998147	2
17	79000271	78998228	2
17	79005482	78997576	5
17	79005482	78997839	5
17	79006214	78997665	4
17	79009731	78997839	2
17	79009768	78996975	2
17	79009779	78998147	2
17	79009794	78997839	3
17	79009818	78996991	2
17	79009868	78997839	5
17	79020237	79019208	0
17	79020237	79019591	0
17	79027602	79020005	0
17	79027656	79019958	0
17	790526	789743	1
17	7907489	7907600	3
17	7907489	7907893	3
17	7907703	7907890	0
17	7907703	7907893	0
17	79094530	79089344	0
17	79094530	79089366	0
17	79094530	79090799	0
17	79094530	79090815	0
17	79094530	79090846	0
17	79094530	79091946	0
17	79094530	79092379	0
17	79095575	79094256	0
17	79095575	79094450	0
17	79115749	79104072	0
17	79115749	79106650	0
17	7915976	7915521	10
17	7916277	7913323	8
17	79183473	79115697	0
17	79208557	79115702	0
17	7923545	7921858	2
17	7923545	7922938	3
17	79235806	79115493	0
17	7923832	7923455	0
17	7923843	7922707	3
17	7925976	7925682	1
17	7926104	7925930	1
17	7927424	7926058	1
17	7927695	7927126	0
17	7927695	7927343	0
17	7927695	7927418	0
17	7930623	7927782	4
17	79307825	79233626	0
17	79307825	79235765	0
17	79307828	79298203	0
17	7931150	7930344	2
17	7931150	7930347	2
17	7931150	7930348	2
17	7931150	7930503	2
17	7931577	7931010	0
17	7931577	7931034	0
17	7931577	7931094	0
17	7931830	7931010	2
17	7931830	7931505	12
17	7931918	7931327	12
17	7931922	7931010	2
17	7931946	7931505	12
17	7932801	7932927	64
17	7932801	7932955	63
17	7932801	7933092	83
17	7944249	7944475	22
17	7948620	7949081	2
17	7948620	7949084	2
17	7948620	7949384	2
17	7948686	7949084	2
17	7949138	7949384	7
17	7949158	7949384	7
17	79603922	79598031	0
17	79796124	79792131	16
17	79796124	79795048	3
17	79796124	79795203	3
17	79796124	79795393	3
17	79835697	79835043	11
17	79835713	79833155	91
17	79835713	79835142	3
17	79837882	79835645	3
17	79837903	79835645	3
17	79839055	79837745	0
17	79839055	79837836	0
17	79850111	79848057	0
17	79919837	79915251	0
17	79925072	79921949	0
17	79926726	79925013	0
17	79942207	79932342	29
17	79942207	79935791	36
17	79942207	79937907	51
17	79945088	79942059	1
17	79945088	79943855	0
17	79945088	79944044	0
17	79947832	79944907	0
17	79949007	79947644	0
17	79949007	79947647	0
17	79949007	79947694	0
17	79950576	79948871	0
17	79950576	79949716	0
17	79950579	79948871	0
17	79950579	79949716	0
17	79950595	79948871	0
17	79950595	79949716	0
17	79950829	79950410	0
17	79950831	79950410	0
17	79950834	79950410	0
17	79950835	79950410	0
17	79950837	79950410	0
17	79950858	79950410	0
17	79951598	79949716	0
17	79951598	79950410	0
17	79951598	79950570	0
17	79952819	79951449	0
17	79952819	79951985	0
17	79992842	79991943	0
17	79993635	79952656	0
17	80010758	79952656	0
17	80035849	80013366	0
17	80081790	80081875	0
17	80086217	80087606	0
17	80087777	80088010	0
17	80087827	80088010	0
17	80136132	80135213	6
17	80136132	80135254	3
17	80136132	80135263	3
17	80136132	80135298	3
17	80136132	80135348	3
17	80136323	80135263	1
17	80136336	80136003	0
17	80137502	80136227	2
17	80137604	80136227	2
17	80138274	80136802	2
17	80138281	80137385	3
17	80139488	80135254	4
17	80139751	80139020	7
17	80140141	80139669	4
17	8014029	8014600	0
17	80140477	80139685	5
17	80141849	80140007	2
17	80141849	80141318	0
17	80144245	80141694	0
17	80144245	80141781	0
17	8014765	8014858	0
17	8015052	8015327	0
17	8015503	8015742	0
17	8015842	8015926	0
17	8016022	8016204	0
17	80201871	80202179	12
17	80202421	80203821	7
17	80202502	80201588	11
17	80202502	80201745	12
17	80203886	80204226	11
17	80203886	80205034	13
17	80203966	80201707	7
17	80203966	80202387	8
17	80204336	80203777	13
17	80204342	80205034	9
17	80204352	80205034	7
17	80204597	80203777	9
17	80204618	80203777	8
17	80205178	80204498	9
17	80205435	80205011	9
17	80205477	80204498	5
17	80205950	80203832	11
17	80207686	80206715	1
17	80209543	80207596	4
17	80209875	80207604	8
17	80211924	80210396	30
17	80212219	80211868	24
17	80212275	80207655	19
17	80212275	80209263	43
17	80212275	80209289	37
17	80213886	80211533	2
17	80213886	80212070	1
17	80213886	80212204	2
17	80214329	80213803	1
17	80214329	80213820	1
17	80214329	80213831	1
17	80214680	80214171	2
17	80214723	80214171	2
17	80214766	80209281	2
17	80214766	80214171	2
17	80214766	80214242	2
17	80214784	80214289	2
17	80215139	80214165	3
17	80215139	80214171	3
17	80215139	80214569	3
17	80215139	80214614	3
17	80217193	80214171	1
17	80217193	80214614	2
17	80217193	80214854	1
17	80217193	80215032	1
17	80217228	80215032	0
17	80220259	80217031	0
17	80220323	80217031	1
17	80220332	80217031	1
17	80220334	80216722	0
17	80220334	80217031	1
17	80220339	80217031	1
17	80220361	80217031	1
17	80220401	80217031	1
17	80220924	80217031	0
17	80221116	80221505	3
17	80221116	80221547	3
17	80221116	80221755	3
17	80353060	80353511	5
17	80353667	80354018	1
17	80354167	80354440	0
17	803807	799312	0
17	803807	800480	0
17	803807	800767	0
17	803807	800787	0
17	80381728	80382978	6
17	80382455	80382978	13
17	80388690	80389172	5
17	803985	800387	0
17	80415119	80351827	0
17	80415119	80354436	0
17	80415169	80381003	0
17	80415519	80415649	0
17	80417946	80418441	7
17	8042492	8042780	0
17	80429832	80430040	16
17	80471035	80467147	0
17	80471912	80467147	0
17	80471912	80470526	0
17	80473445	80471731	0
17	80473445	80471902	0
17	80474699	80471731	0
17	80475719	80473199	0
17	80475719	80473413	0
17	80475813	80473199	0
17	8057622	8056224	0
17	8073319	8072635	0
17	8073319	8072719	0
17	8073319	8072780	0
17	8073758	8073147	0
17	8076345	8073153	0
17	8076345	8075594	0
17	8076744	8076174	0
17	8076744	8076223	0
17	8076744	8076294	0
17	8079904	8076989	0
17	8079942	8079395	0
17	8080080	8079395	0
17	8080096	8076989	0
17	8080339	8079768	5
17	80804509	80801639	0
17	8080781	8080234	0
17	8080977	8080657	2
17	8081188	8080883	0
17	8086221	8081105	0
17	80941380	80940417	0
17	80961714	80960765	0
17	80971079	80968219	1
17	80971214	80966238	0
17	81000128	80999517	121
17	81000131	80999508	133
17	81018493	81017968	0
17	81018590	81017968	0
17	81025504	81023544	0
17	81034574	81029129	0
17	81034882	81029701	3
17	8103494	8095899	0
17	8103494	8095900	0
17	8103494	8096374	0
17	8103516	8096248	0
17	81106908	81108474	0
17	81108510	81108967	11
17	81119581	81117294	0
17	81119581	81117297	0
17	81119581	81117303	0
17	81122824	81119935	0
17	81122824	81121247	0
17	81123344	81120200	0
17	81123344	81122508	0
17	81123344	81122534	0
17	81123344	81122618	0
17	81125015	81124726	0
17	81126561	81124929	0
17	81126561	81124961	0
17	81126818	81126445	0
17	81127671	81126426	0
17	81127911	81127582	0
17	81128550	81127791	0
17	81128550	81127852	0
17	81128599	81127791	0
17	81128901	81117999	0
17	81128926	81127791	0
17	81134502	81131060	0
17	81165815	81134367	0
17	81166018	81134367	0
17	81166073	81134367	0
17	81166078	81165681	0
17	81181333	81181558	0
17	81181695	81181965	0
17	81189976	81189592	7
17	81189976	81189595	7
17	81189976	81189596	7
17	81189976	81189647	7
17	81189976	81189826	3
17	81190803	81189596	0
17	81190803	81189914	0
17	81199550	81198876	2
17	81199836	81199380	0
17	81200447	81199718	0
17	81200447	81199817	0
17	8122431	8120589	2
17	8122431	8121570	2
17	8122431	8121803	2
17	81230241	81231857	2
17	81230679	81228276	5
17	81230679	81228278	5
17	81230679	81228927	10
17	81230679	81229256	10
17	81231477	81230543	3
17	81231494	81230543	5
17	81231678	81231397	12
17	81231692	81231397	10
17	81232022	81231577	4
17	81232519	81231846	4
17	81232519	81231861	6
17	81233504	81231846	1
17	81233504	81232314	2
17	81233717	81233431	0
17	81234049	81233637	0
17	81234235	81233637	0
17	81236802	81233980	2
17	81236802	81233993	1
17	81236802	81234002	2
17	81237072	81236707	3
17	81237460	81236707	8
17	81237460	81236979	9
17	81237529	81236658	8
17	81237599	81236979	9
17	81237661	81237386	10
17	81238404	81236707	12
17	81238874	81237550	20
17	81239011	81238513	12
17	81239034	81237386	12
17	81239034	81238211	14
17	81239041	81237623	12
17	81239042	81236979	11
17	81239043	81238132	12
17	81239058	81237386	14
17	81239092	81237386	16
17	81239679	81239771	9
17	81247059	81246271	22
17	81247062	81244999	30
17	81247062	81246177	30
17	81247062	81246614	25
17	81247636	81245003	21
17	81251613	81246884	16
17	81251613	81250069	19
17	81252273	81251492	17
17	81252274	81251492	17
17	81252684	81251195	23
17	81252684	81251492	19
17	81253241	81252194	0
17	81260395	81253072	0
17	81271025	81260237	0
17	81271025	81260360	0
17	81280734	81277030	0
17	81280734	81279698	2
17	81282217	81280608	0
17	81282265	81280608	0
17	81282333	81280608	0
17	81283503	81282188	0
17	81289809	81284849	3
17	81289809	81288732	0
17	81305818	81303770	0
17	81305992	81305325	0
17	81314482	81311269	0
17	81314482	81311273	0
17	81314482	81313752	0
17	81329518	81327759	0
17	81330416	81314407	0
17	81330430	81327594	0
17	81330652	81323766	0
17	81330675	81314407	0
17	81379882	81375143	0
17	81379882	81376000	0
17	81379882	81376021	0
17	81379882	81376091	0
17	81379924	81376018	0
17	81380585	81379597	0
17	81380585	81379666	0
17	81380585	81379721	0
17	81390125	81388130	0
17	81390257	81388125	0
17	8141956	8140471	1
17	8141956	8140476	2
17	8141956	8140799	1
17	8141956	8141232	0
17	8142192	8141215	0
17	8142836	8142268	0
17	8143345	8142547	0
17	8143877	8142648	0
17	8144848	8143440	3
17	8144994	8142648	0
17	8144994	8143265	0
17	8144994	8144055	1
17	8145171	8143756	3
17	8146025	8144750	0
17	8146138	8143265	0
17	8146138	8144054	0
17	8146138	8144750	0
17	8146138	8144759	0
17	81461938	81461012	25
17	8146503	8144055	0
17	8146766	8146371	1
17	8147003	8146593	0
17	8147382	8146593	0
17	8147382	8146639	3
17	8147382	8146896	3
17	8147550	8146896	0
17	8147579	8147249	0
17	8147579	8147258	0
17	8147583	8146868	0
17	8147828	8147469	0
17	8147828	8147547	0
17	8148006	8147469	0
17	8149311	8148643	0
17	8149604	8149258	0
17	8149664	8149258	0
17	8149877	8149238	0
17	8149877	8149258	0
17	8149877	8149461	0
17	8150126	8149754	1
17	8150318	8149970	0
17	8150318	8149974	0
17	8150611	8150218	0
17	8150833	8150218	1
17	8150846	8150049	3
17	8150846	8150218	0
17	8150846	8150255	5
17	81510834	81509972	8109
17	81510834	81510012	6485
17	81511109	81509970	147
17	81511109	81509988	3522
17	81511109	81509998	3965
17	81511109	81510004	4277
17	81511109	81510007	4332
17	81511109	81510478	5632
17	81511109	81510479	5632
17	81511109	81510488	5632
17	81511109	81510744	5630
17	81511627	81509991	5630
17	81511627	81510926	4176
17	81511804	81511084	3903
17	81511804	81511187	150
17	81511849	81510926	166
17	81512116	81511237	5224
17	81512143	81510926	153
17	81512143	81511187	153
17	81512143	81511345	170
17	81512143	81511347	170
17	81512143	81511497	153
17	81512143	81511518	153
17	81512151	81511187	141
17	8152345	8150431	0
17	8152384	8150431	0
17	8152436	8150218	0
17	8152436	8150431	0
17	81536268	81536549	2
17	81536268	81536621	1
17	8153981	8150431	0
17	81541396	81539884	3
17	81541396	81539885	3
17	81544121	81541308	0
17	81545883	81544003	1
17	81549363	81546908	18
17	81551204	81549205	31
17	81551204	81549253	22
17	81552053	81550247	5
17	81552053	81550291	10
17	81553110	81550247	7
17	81553962	81550796	6
17	81560630	81559181	10
17	81560890	81559013	17
17	81563569	81559315	24
17	8156361	8150431	0
17	81563980	81559090	22
17	8156406	8150431	0
17	8156507	8150431	0
17	81565608	81556886	7
17	81565608	81558788	20
17	81565608	81559063	27
17	81565608	81559124	24
17	81565608	81559267	26
17	81565608	81559395	18
17	81565608	81560561	17
17	81565608	81563412	16
17	81565608	81563920	30
17	81565608	81564212	25
17	81566603	81565504	0
17	81566636	81565504	1
17	81566986	81565504	2
17	81567496	81565504	4
17	81567534	81561765	8
17	81567534	81564908	2
17	81567534	81565504	2
17	81589105	81572016	0
17	81589105	81588090	1
17	81604728	81600340	0
17	81606815	81604547	0
17	81606815	81604571	0
17	81606815	81604608	0
17	81606815	81604663	0
17	81608823	81606690	0
17	81608913	81606690	0
17	81610259	81606690	2
17	81610259	81608727	0
17	81610259	81608810	0
17	81613126	81612678	0
17	81613403	81610209	0
17	81613495	81606690	0
17	81613495	81608727	0
17	81613495	81608800	0
17	81613495	81610209	0
17	8161525	8150815	1
17	8161525	8159148	3
17	8161525	8160818	16
17	8161767	8160405	12
17	8161767	8161318	9
17	8161767	8161472	7
17	81637061	81629724	0
17	81637080	81629724	0
17	81637111	81636396	0
17	81637147	81629724	0
17	81648466	81629724	0
17	81651686	81650458	0
17	81651686	81650739	0
17	81651686	81650924	0
17	81651686	81650962	0
17	81666147	81665055	30
17	81666538	81665155	57
17	81666579	81665460	66
17	81666589	81665035	30
17	81666596	81665100	30
17	81666634	81665140	50
17	81672769	81672965	184
17	81682150	81681173	40
17	81682150	81681186	40
17	81682150	81681200	62
17	81682150	81681219	66
17	81682150	81681368	48
17	81682150	81681465	40
17	81682150	81681491	40
17	81682150	81681522	40
17	81682150	81681607	40
17	81682150	81681794	17
17	81682676	81681219	36
17	81682676	81682033	41
17	81683127	81681219	11
17	81683127	81681221	11
17	81683127	81682033	12
17	81683127	81682442	12
17	81683127	81682490	11
17	81683595	81681186	33
17	81683595	81682033	6
17	81683595	81683012	6
17	81683626	81682664	4
17	81683660	81682033	2
17	81683660	81683012	4
17	81683667	81682033	2
17	81683669	81683012	4
17	81683688	81682684	5
17	81683735	81683012	6
17	81683739	81683535	0
17	81683744	81683535	0
17	81683764	81683535	0
17	81683782	81682033	1
17	81683925	81683535	2
17	81694854	81694923	63
17	81696000	81696356	51
17	81696004	81696356	50
17	81696530	81696606	15
17	81696748	81696823	67
17	81701718	81702830	10
17	8174617	8173966	2
17	8174617	8173998	2
17	8174617	8174000	2
17	8174617	8174170	2
17	8175858	8174519	2
17	8175876	8174519	2
17	8175876	8174540	2
17	8176027	8173741	2
17	8176027	8174002	4
17	8176027	8174519	2
17	8176027	8174583	2
17	8176027	8175756	1
17	8176374	8173236	2
17	8176377	8175756	1
17	8176388	8174519	2
17	8176393	8174101	1
17	81811132	81811221	0
17	81811561	81811650	0
17	81811811	81811885	0
17	81812946	81813015	0
17	81823312	81822360	118
17	81823312	81822416	121
17	81823514	81822410	25
17	81823514	81822453	66
17	81823514	81822800	95
17	81823514	81822804	95
17	81823514	81822863	70
17	81823514	81823125	0
17	81823514	81823208	0
17	81823821	81823411	0
17	81824391	81823411	0
17	81824406	81822428	0
17	81824406	81823116	0
17	81824406	81823411	0
17	81824488	81823411	0
17	81834020	81833492	0
17	81834654	81833491	0
17	81835034	81834502	0
17	81835051	81833497	0
17	81843334	81843598	1548
17	81845231	81843158	15
17	81845231	81843160	15
17	81845231	81843165	23
17	81845231	81843948	23
17	81845231	81843960	23
17	81845231	81843993	23
17	81845231	81844065	23
17	81845457	81843491	24
17	81845743	81845143	28
17	81845823	81845143	32
17	81845992	81845560	30
17	81846508	81845680	5
17	81846630	81845870	13
17	81846672	81845870	18
17	81847013	81846428	12
17	81847073	81846359	12
17	81847073	81846428	10
17	81847073	81846430	14
17	81847073	81846446	14
17	81847073	81846509	12
17	81847073	81846542	12
17	81847328	81846946	2
17	81847348	81846946	2
17	81847348	81846970	2
17	81847348	81847031	2
17	81847849	81846919	6
17	81855280	81847242	2
17	81855280	81847326	2
17	81855452	81847242	2
17	81855506	81855141	4
17	81855587	81855141	5
17	81855587	81855188	4
17	81855587	81855228	4
17	81856011	81855141	16
17	81859170	81855452	9
17	81859216	81847242	6
17	81859290	81855452	17
17	81859388	81843458	22
17	81859388	81845560	9
17	81859388	81847242	10
17	81859388	81855141	13
17	81859388	81855452	20
17	81859388	81855541	16
17	81859731	81855452	15
17	81860204	81859180	15
17	81860212	81859180	15
17	81860479	81859180	24
17	81860515	81859180	26
17	81860533	81859289	24
17	81860534	81859178	26
17	81860536	81855452	5
17	81860536	81859299	22
17	81860561	81859178	25
17	81860567	81859180	25
17	81860574	81859180	24
17	81860625	81858813	14
17	81860695	81859180	16
17	81867939	81868012	1625
17	81867943	81868208	2038
17	81868631	81867720	2755
17	81869076	81868259	1974
17	81869076	81868505	1363
17	81869076	81868630	1139
17	81869237	81867720	1823
17	81869237	81867896	1191
17	81869237	81868339	1746
17	81869237	81868365	1788
17	81869237	81868869	8
17	81869237	81868921	6
17	81869237	81868988	5
17	81869237	81869048	6
17	81869237	81869055	6
17	81869407	81869172	9
17	81869452	81869003	13
17	81869626	81869165	13
17	81869626	81869172	13
17	81869626	81869329	22
17	81869958	81868610	29
17	81869958	81869172	29
17	81869958	81869301	21
17	81869958	81869329	19
17	81869958	81869541	29
17	81870007	81869541	33
17	81870266	81869522	32
17	81870665	81869740	35
17	81870975	81869740	41
17	81871325	81869740	21
17	81871326	81869740	21
17	81871327	81869740	21
17	81871330	81869740	21
17	81871338	81869437	39
17	81871338	81869740	19
17	81871377	81869740	16
17	81871379	81869740	15
17	81871407	81869740	9
17	81879354	81879462	28
17	81888419	81887843	28
17	81888584	81888240	5
17	81888584	81888340	5
17	81888988	81888519	8
17	81889330	81888519	9
17	81889330	81888900	10
17	81889970	81889300	9
17	81890821	81889181	7
17	81894587	81894762	9
17	81899328	81899919	12
17	81899543	81899919	13
17	81902527	81902619	13
17	81905155	81900964	9
17	81905155	81904325	35
17	81905155	81904342	34
17	81905155	81904366	30
17	81905155	81904423	29
17	81905155	81904635	1
17	81905155	81904650	1
17	81905155	81904811	1
17	81905155	81904875	1
17	81905155	81904897	1
17	81905677	81905065	0
17	81905736	81905065	0
17	81905736	81905381	0
17	81906178	81905065	0
17	81906178	81905381	0
17	81906178	81905669	0
17	81906249	81905518	0
17	81906547	81905669	4
17	81906547	81905680	4
17	81906547	81906099	5
17	81906547	81906144	5
17	81906830	81906099	1
17	81907795	81907553	0
17	81907858	81906759	0
17	81907858	81907553	0
17	81908635	81906759	0
17	81908635	81907553	0
17	81908635	81907772	0
17	81908635	81907785	0
17	81909038	81908567	0
17	81909322	81908567	2
17	81909322	81908875	2
17	81909322	81908877	2
17	81909603	81908567	0
17	81909603	81908875	0
17	81909603	81908918	0
17	81913294	81911938	5
17	81913881	81911938	9
17	81913881	81913206	7
17	81914168	81911938	7
17	81914168	81913773	18
17	81914251	81913576	18
17	81914505	81913773	32
17	81914531	81914086	29
17	81914531	81914134	31
17	81914692	81913773	20
17	81914703	81913773	19
17	81914703	81914086	21
17	81914703	81914192	32
17	81914703	81914293	21
17	81914703	81914388	36
17	81914703	81914442	33
17	81914727	81914051	21
17	81915513	81914086	12
17	81915513	81914293	11
17	81915513	81914367	11
17	81915513	81914603	10
17	81915682	81914293	15
17	81915682	81915255	3
17	81915682	81915335	7
17	81915682	81915439	3
17	81915927	81914965	10
17	81915972	81915439	14
17	81916453	81914293	13
17	81917154	81915439	16
17	81917720	81915610	9
17	81917720	81916057	17
17	81917781	81915610	8
17	81917815	81915610	8
17	81917968	81915610	15
17	81917968	81917614	8
17	81918117	81917362	10
17	81918133	81915610	12
17	81918133	81917614	10
17	81918133	81917829	8
17	81918137	81917829	8
17	81918149	81917364	11
17	81918153	81917829	8
17	81918154	81917767	8
17	81918163	81917829	8
17	81918177	81917614	11
17	81918195	81917829	8
17	81921324	81917829	91
17	81923215	81918269	74
17	81923215	81921559	84
17	81923215	81922797	8
17	81923417	81923149	2
17	81923533	81923149	4
17	81927709	81923352	4
17	81927715	81923149	3
17	81929860	81929977	22
17	81932785	81932995	188
17	81933377	81932383	176
17	81934490	81932383	5
17	81934490	81932934	3
17	81934490	81933306	5
17	81934490	81933355	5
17	81934746	81932383	2
17	81934746	81932920	3
17	81934746	81934325	4
17	81934746	81934363	3
17	81934746	81934445	2
17	81935145	81934705	8
17	81935148	81932383	4
17	81935148	81932928	5
17	81935148	81934325	4
17	81935148	81934652	6
17	81935517	81934925	4
17	81935517	81934970	6
17	81935517	81935047	7
17	81935517	81935119	42
17	81936194	81934925	0
17	81936194	81935336	0
17	81936194	81935371	0
17	81936194	81935402	0
17	81941080	81936122	0
17	81942374	81939644	0
17	81942413	81936122	0
17	81947234	81942295	0
17	81954304	81952506	0
17	819546	803681	0
17	819546	805067	0
17	81955545	81954255	0
17	81956751	81955396	0
17	81956751	81955514	0
17	81957075	81956649	0
17	81957909	81956882	0
17	81958996	81958334	0
17	81959567	81958934	0
17	81959693	81958934	0
17	81959693	81959470	0
17	81959811	81959470	0
17	81994879	81994957	9
17	82015357	82016475	4
17	82016309	82016475	5
17	82016528	82016799	9
17	82016870	82016940	26
17	82019382	82018701	34
17	82019382	82018702	34
17	82019382	82018715	73
17	82019382	82018800	149
17	82019382	82018843	207
17	82019382	82018865	149
17	82019695	82018702	9
17	82019695	82018837	20
17	82019695	82019292	10
17	82019695	82019307	10
17	82019910	82018702	4
17	82019910	82019156	9
17	82019910	82019292	4
17	82019910	82019307	4
17	82022885	82019292	9
17	82028684	82029018	12
17	82028684	82029092	14
17	82036309	82035135	0
17	82036309	82035857	11
17	82036309	82035878	11
17	82036309	82035880	11
17	82036309	82035967	11
17	82036309	82035995	11
17	82036309	82036017	11
17	82036323	82036020	11
17	82036413	82036181	13
17	82036449	82035903	12
17	82036449	82036146	12
17	82036449	82036190	12
17	82036449	82036283	12
17	82036449	82036292	12
17	82036582	82036413	27
17	82036636	82036190	15
17	82036644	82035895	18
17	82036644	82036190	15
17	82036644	82036383	33
17	82036644	82036392	33
17	82036764	82035880	11
17	82036764	82036190	12
17	82036764	82036215	11
17	82036764	82036383	29
17	82036764	82036520	27
17	82036764	82036543	29
17	82036764	82036567	29
17	82036988	82036543	23
17	82037014	82036190	29
17	82037014	82036632	43
17	82037343	82036413	14
17	82037548	82036190	19
17	82049117	82047901	3
17	82049117	82047905	3
17	82049117	82048444	3
17	82049117	82048552	2
17	82049117	82048748	0
17	82049843	82049030	5
17	82050007	82049030	5
17	82050007	82049676	19
17	82050515	82049676	7
17	82050556	82047901	5
17	82050556	82049030	5
17	82050556	82049676	5
17	82050556	82049792	10
17	82050556	82049917	7
17	82050760	82050401	3
17	82050765	82049676	5
17	82050765	82050401	3
17	82050765	82050414	3
17	82050991	82050661	2
17	82051336	82050661	1
17	82051343	82049676	2
17	82051343	82049906	3
17	82051343	82050661	1
17	82051408	82050454	0
17	82051435	82050661	0
17	82051563	82051293	0
17	82051574	82051011	0
17	82051587	82051293	0
17	82051775	82051293	20
17	82051832	82050661	2
17	82051965	82052255	30
17	82051965	82052258	30
17	82051965	82052374	37
17	82051965	82052377	38
17	8205391	8204732	18
17	8205391	8204742	18
17	8205391	8204772	54
17	8205391	8204858	18
17	8205391	8204870	18
17	8205391	8204901	18
17	8205391	8204960	18
17	82054050	82054497	0
17	82054050	82054509	0
17	82054976	82055161	4
17	82054976	82055164	4
17	82054976	82055739	7
17	82055223	82055739	7
17	82055826	82056000	5
17	82056096	82056285	10
17	82056392	82056469	9
17	82056767	82056839	7
17	82056767	82057052	23
17	82056773	82056839	7
17	82056975	82057052	41
17	82058409	82057881	87
17	82058417	82057505	88
17	82058417	82057871	88
17	82058417	82057879	88
17	82058417	82057904	88
17	82058417	82058015	88
17	82058819	82057913	35
17	82058819	82058340	42
17	82059142	82058340	28
17	82060094	82058340	28
17	82060094	82058780	24
17	82060095	82058780	23
17	82060141	82058780	24
17	82060304	82058486	29
17	82060776	82059947	25
17	82060781	82059947	25
17	82060784	82059947	25
17	82060952	82060157	21
17	82060962	82059947	22
17	82060962	82060700	0
17	82061354	82060700	4
17	82061354	82060860	2
17	82061354	82060864	2
17	82061354	82060876	2
17	82061696	82061208	15
17	82061722	82057879	18
17	82061722	82060860	1
17	82061722	82061208	13
17	82061722	82061257	17
17	82061984	82058340	9
17	82061984	82061208	2
17	82062974	82061900	10
17	82063478	82061900	6
17	82063519	82062860	8
17	82063519	82062881	6
17	82064235	82062860	6
17	8206640	8205215	13
17	8206640	8205264	18
17	8206640	8205317	18
17	8206699	8205215	15
17	8206889	8206490	13
17	8206889	8206537	18
17	8206935	8206490	27
17	8207368	8206490	46
17	8207368	8206492	46
17	8207368	8206518	68
17	8207368	8206749	81
17	8207371	8206749	81
17	8207626	8206739	16
17	8207626	8206749	18
17	8207626	8207175	15
17	8207626	8207241	0
17	8207626	8207317	2
17	82079379	82079221	10
17	82079609	82078332	22
17	82079609	82078339	22
17	82079609	82079006	537
17	82079609	82079167	980
17	82079930	82078996	199
17	82085403	82085034	5
17	82085661	82085157	82
17	82085872	82085237	48
17	82093772	82093218	5
17	82095377	82094103	21
17	82095473	82093597	18
17	82095473	82093600	18
17	82096448	82095319	2
17	82096453	82095319	2
17	82096842	82096402	2
17	82097325	82096414	0
17	82097528	82096389	0
17	82098147	82096802	1
17	82098188	82096318	0
17	82098295	82096318	0
17	82098333	82096318	0
17	8210056	8207737	22
17	82101851	82101469	35
17	8210225	8207737	25
17	8210226	8207737	25
17	8210248	8207737	29
17	8210250	8207737	29
17	8210255	8209953	28
17	8210560	8210176	16
17	8210569	8207737	23
17	8210582	8207570	23
17	8210582	8207737	25
17	8210583	8210176	15
17	8210585	8210176	15
17	8210599	8210176	15
17	8210601	8209997	21
17	82106376	82101459	2
17	82106588	82104794	5
17	82107622	82101689	2
17	82108955	82101751	4
17	82127819	82108767	5
17	82127909	82101469	2
17	82127909	82107401	2
17	82127909	82111985	0
17	82128557	82127691	0
17	82128598	82127691	0
17	82128598	82127704	0
17	82128601	82127691	0
17	82145854	82128492	0
17	82151607	82135111	0
17	82151774	82134072	0
17	82152300	82134072	0
17	82153907	82154737	24
17	82156941	82155916	9
17	82157949	82128492	0
17	82157949	82145850	0
17	82157949	82151559	8
17	82163358	82153609	0
17	82163358	82157447	0
17	82163358	82157747	0
17	82171733	82163199	0
17	82171854	82163199	0
17	82171854	82163216	0
17	82188420	82183773	0
17	82193831	82188218	0
17	82193831	82188349	0
17	82194140	82188224	0
17	82194256	82188223	0
17	82208049	82201537	0
17	82212814	82201537	0
17	82212814	82207730	0
17	82212831	82207562	0
17	8223275	8220641	0
17	82235001	82235982	1
17	82235230	82235982	0
17	82235843	82235982	0
17	82236051	82236128	42
17	82236232	82236728	0
17	82236845	82237137	0
17	82236873	82237137	0
17	82240063	82239022	2
17	82245114	82244721	14
17	822458	819113	0
17	822458	819438	0
17	82246040	82244300	19
17	82246040	82244361	19
17	82246040	82244393	19
17	82246040	82244644	21
17	82246040	82244679	28
17	82246592	82245975	21
17	82248981	82239913	19
17	82249015	82239726	21
17	82249015	82242666	21
17	82249015	82242672	21
17	82249015	82245975	19
17	82249015	82246017	18
17	82249015	82246317	20
17	82249165	82244490	24
17	82249497	82245975	18
17	82249603	82245975	16
17	82249603	82248874	19
17	82249836	82249430	14
17	82250180	82249430	14
17	82251233	82251237	10
17	82251415	82249697	4
17	82251528	82249238	7
17	82251528	82249430	7
17	82251528	82249488	6
17	82251528	82249577	3
17	82252528	82251378	6
17	82252605	82251378	6
17	82253245	82251378	7
17	82253245	82252433	7
17	82253245	82252496	5
17	82254680	82252433	5
17	82255517	82253015	10
17	82255547	82253015	7
17	82255578	82252433	12
17	82255578	82253015	11
17	82255578	82253215	12
17	82255578	82253219	12
17	82255578	82255163	13
17	82265797	82252433	3
17	82265797	82253015	3
17	82265797	82255129	2
17	82265797	82255186	2
17	82265797	82255428	5
17	82265797	82255437	5
17	82266801	82265685	1
17	82266892	82265685	3
17	82266895	82265685	3
17	82267033	82266724	4
17	82272317	82265685	4
17	82272317	82266707	3
17	82273125	82265685	2
17	82273370	82265685	2
17	82273407	82265299	1
17	82273429	82265685	2
17	82273432	82253015	2
17	82273432	82255428	1
17	82273432	82265685	2
17	82273439	82265685	2
17	82273458	82266724	3
17	82273467	82265685	3
17	82273698	82265685	3
17	82273732	82265685	3
17	8228630	8224820	2
17	8228630	8226874	8
17	8228630	8226922	8
17	8228630	8227935	4
17	8228630	8227981	4
17	8228893	8228502	5
17	8229207	8228726	4
17	8229207	8228826	3
17	82292815	82290045	0
17	8229406	8228502	2
17	8229447	8228548	3
17	8229447	8228726	4
17	8229447	8228784	3
17	8229447	8229141	4
17	8229923	8229141	1
17	8229923	8229301	1
17	8229969	8229301	2
17	8229969	8229334	2
17	8230349	8229890	9
17	8230398	8229890	7
17	8230469	8229301	5
17	8230469	8229357	5
17	8230469	8229890	5
17	8230469	8230293	5
17	8230652	8229890	2
17	8230652	8230293	0
17	8230652	8230446	0
17	8230934	8230267	0
17	82316410	82314869	0
17	82316410	82314873	0
17	82316912	82316219	0
17	82316982	82314867	0
17	82316982	82316194	0
17	82317012	82315974	0
17	82317040	82316384	0
17	82317551	82316666	0
17	82317553	82316194	0
17	82317554	82316131	0
17	82317559	82316666	0
17	82317578	82316666	0
17	82317580	82316666	0
17	82317603	82316666	0
17	82322906	82321886	0
17	82323012	82321023	0
17	82323012	82322114	0
17	82323317	82322964	0
17	82324784	82322877	0
17	82324891	82322877	0
17	82324891	82322878	0
17	82324891	82323256	0
17	82324891	82323279	0
17	82327293	82322877	0
17	82327293	82324581	0
17	82327293	82324728	0
17	82327293	82324852	0
17	8233033	8232360	5
17	8233457	8232905	0
17	8234656	8232711	0
17	8234656	8232905	0
17	8234656	8233308	0
17	8234656	8233362	0
17	8234769	8234454	2
17	8234803	8232911	0
17	8234927	8234454	2
17	8234927	8234633	6
17	823766	822356	0
17	82382691	82381109	0
17	8238630	8238030	0
17	82392106	82391666	16
17	82393218	82392214	8
17	82394544	82392009	8
17	82394544	82392440	7
17	82398320	82389222	4
17	82398320	82392225	6
17	82398320	82392453	3
17	82398320	82394330	0
17	82398320	82396544	4
17	82398320	82396596	3
17	82403968	82398195	1
17	82403989	82398195	1
17	82404091	82398195	0
17	82405381	82398195	1
17	82406433	82405323	0
17	82406483	82405323	0
17	82409411	82406417	0
17	82409411	82406421	0
17	82411531	82406417	0
17	82418577	82415397	0
17	82418589	82415397	0
17	82418602	82415405	2
17	82418638	82411454	1
17	82418638	82415397	0
17	82418638	82415405	2
17	8243125	8238288	0
17	8243149	8238391	0
17	82436739	82437167	5
17	82439714	82440262	6
17	82439714	82440472	4
17	82440335	82440472	4
17	82441071	82441152	8
17	82441071	82441164	8
17	82441076	82441164	8
17	82444529	82442899	81
17	82444592	82442588	9
17	82444592	82442642	9
17	82444592	82442643	9
17	82444592	82443448	7
17	82444592	82443455	7
17	82444592	82443531	9
17	82444592	82443659	7
17	82444592	82443822	6
17	82444592	82443848	5
17	82444592	82443891	5
17	82444592	82443901	5
17	82444592	82443902	5
17	82444592	82443936	6
17	82444592	82443996	7
17	82444592	82444034	7
17	82444592	82444072	6
17	82445187	82442642	8
17	82445881	82444446	5
17	82445931	82444446	7
17	82445961	82444204	9
17	82445961	82444388	6
17	82445961	82444446	9
17	82445961	82444464	9
17	82445961	82444470	9
17	82445961	82444497	8
17	82445961	82444530	8
17	82445961	82444536	7
17	82446693	82445863	8
17	82446697	82444446	5
17	82446697	82445250	7
17	82446697	82445504	8
17	82446697	82445557	6
17	82446697	82445863	8
17	82447622	82445863	9
17	82448054	82445863	7
17	82449293	82445863	11
17	82449293	82446622	16
17	82449293	82447579	16
17	82449321	82447579	14
17	82449481	82449169	16
17	82449606	82449169	18
17	82449727	82449169	19
17	82449957	82449173	23
17	82450110	82446622	14
17	82450255	82449169	19
17	82450255	82449430	23
17	82450671	82449900	27
17	82450709	82449169	20
17	82450709	82449430	23
17	82450710	82449430	23
17	82450718	82449169	18
17	82450724	82449169	18
17	82450729	82446622	24
17	82450735	82446622	21
17	82450735	82449754	24
17	82450738	82447579	15
17	82450738	82449430	18
17	82450742	82448853	18
17	82450743	82450198	19
17	82450744	82447579	15
17	82450744	82449173	20
17	82450750	82445462	2
17	82450750	82445863	4
17	82450751	82447850	26
17	82450769	82449714	22
17	82450771	82445863	8
17	82450771	82449169	21
17	82450775	82449431	17
17	82450776	82449169	19
17	82450776	82449430	17
17	82450776	82450198	21
17	82450777	82449169	19
17	82450777	82449430	17
17	82450830	82446622	12
17	82450830	82449169	19
17	82457549	82454272	0
17	82457700	82457365	0
17	82458522	82457437	3
17	82477925	82476596	1
17	8248042	8238391	0
17	82480545	82481081	4
17	82483780	82484812	20
17	8256408	8256523	5
17	82577392	82576615	1
17	82588412	82587312	5
17	826002	823631	0
17	82600245	82601302	4
17	826079	823631	0
17	826079	823645	0
17	826079	823686	0
17	82616026	82614581	342
17	82616646	82614561	1
17	82616646	82614575	27
17	82616646	82615717	7
17	82616646	82615985	5
17	82616646	82616014	5
17	82617398	82616523	0
17	82617520	82616617	0
17	82619085	82617295	0
17	82619095	82617295	1
17	82619129	82617295	1
17	82619129	82617353	0
17	82621800	82617295	2
17	82621800	82619042	2
17	82621800	82619063	2
17	82627292	82625388	3
17	82627292	82626788	7
17	82644024	82627203	2
17	82644024	82630920	0
17	82648319	82643948	0
17	82648445	82643948	0
17	82648449	82643948	0
17	82648536	82643948	0
17	82648554	82643948	0
17	82656882	82655036	0
17	82658563	82657910	0
17	82658714	82654972	0
17	82658714	82657066	0
17	82658714	82657705	0
17	82658714	82657792	0
17	82658850	82657976	0
17	82659658	82657914	0
17	82659658	82658490	0
17	82659760	82658490	0
17	82661032	82659579	0
17	82661048	82659579	0
17	82664557	82660986	0
17	82664557	82661010	0
17	82664557	82661080	0
17	82664896	82660986	0
17	8266899	8267027	20
17	8268857	8268953	1
17	82696854	82664495	0
17	82696871	82664495	0
17	82698655	82664495	0
17	82698663	82664495	0
17	82698729	82664495	0
17	82716256	82713907	0
17	82734144	82729163	0
17	82796096	82795485	0
17	82831487	82829928	0
17	82832637	82829434	0
17	8288866	8288955	12
17	8289036	8288168	4
17	8289073	8289257	2
17	8289415	8289502	7
17	8289415	8289812	37
17	8289589	8289812	40
17	8289644	8287762	12
17	8289644	8288859	13
17	8289644	8288860	13
17	8289985	8287763	2
17	8289985	8289573	46
17	8289985	8289615	49
17	8290679	8289853	5
17	8290977	8289853	3
17	8290977	8290058	3
17	8290977	8290602	0
17	8290977	8290614	0
17	82929501	82930521	8
17	82937361	82937845	1
17	82941484	82942448	2
17	82944050	82942154	10
17	82944050	82942464	10
17	82946960	82943790	10
17	82946984	82943790	11
17	82946984	82943821	11
17	82949949	82943795	5
17	82956770	82946878	7
17	82956770	82946893	7
17	82956802	82946878	8
17	82960487	82957358	2
17	82961182	82957358	1
17	82961182	82960375	1
17	82961333	82960358	1
17	8297217	8296504	0
17	83005211	82965650	0
17	83014520	83005114	0
17	83014520	83005574	0
17	83014520	83011427	0
17	83035100	83014453	0
17	83035100	83030760	0
17	83048783	82946878	0
17	83094423	83094476	75
17	8312641	8312921	0
17	8313255	8313500	0
17	8313658	8313745	0
17	8318713	8318087	0
17	8370387	8356901	0
17	8371495	8368979	0
17	8371495	8369104	0
17	8371541	8368654	0
17	8372082	8368637	0
17	8372082	8368709	0
17	8375980	8371599	0
17	8376105	8371308	0
17	8376659	8371308	0
17	8376668	8371599	0
17	8376682	8375899	0
17	8376712	8368636	0
17	8379937	8375899	31
17	8379937	8377515	53
17	8379937	8377520	51
17	8379937	8377522	51
17	8379937	8377537	64
17	8379937	8377543	69
17	8379937	8377548	72
17	8379937	8377609	64
17	8379937	8377678	69
17	8380085	8377525	45
17	8380704	8379795	46
17	8382091	8379795	25
17	8382310	8379795	49
17	8382316	8379144	32
17	8382316	8379795	29
17	8382316	8380586	25
17	8382339	8379795	29
17	8382555	8379814	28
17	8383010	8382142	39
17	8383165	8382142	23
17	8383167	8382142	23
17	8383188	8382142	25
17	8383193	8381997	19
17	8383194	8381783	22
17	8383194	8382142	26
17	8383214	8382142	28
17	8383251	8382142	37
17	8394330	8390708	0
17	8444177	8444259	10
17	8477049	8474204	10
17	8477049	8474206	10
17	8477049	8474211	10
17	8478447	8476875	2
17	8480319	8478311	3
17	8480319	8478337	3
17	8490553	8487432	0
17	8492510	8490339	1
17	8493025	8492296	2
17	8493886	8492775	0
17	8493899	8492652	0
17	8506490	8504693	0
17	8508678	8505928	0
17	8508678	8506317	0
17	8512658	8509811	0
17	8521000	8518880	0
17	8521286	8520877	1
17	8521520	8520923	1
17	8542281	8535757	0
17	8545534	8542049	0
17	8545601	8542106	0
17	8546663	8545447	0
17	8548409	8546543	0
17	8548409	8546625	0
17	8554019	8552045	0
17	8554290	8552045	0
17	8569813	8553927	0
17	8569813	8553954	0
17	8577339	8569719	0
17	8577339	8576642	0
17	8589109	8577235	0
17	8589109	8577305	0
17	864098	825960	0
17	864112	825960	0
17	8735255	8729933	0
17	8735255	8729949	0
17	8744788	8744078	0
17	8744837	8744078	0
17	8745220	8744573	0
17	8753490	8753105	0
17	8755606	8753320	0
17	8756437	8755384	0
17	8756437	8755519	0
17	8803803	8802722	0
17	8804154	8802736	0
17	8804154	8803272	0
17	8881018	8878910	0
17	8881018	8878916	0
17	8881018	8878918	0
17	8881018	8880095	0
17	8881018	8880577	0
17	8881018	8880638	0
17	8881018	8880640	0
17	8881018	8880650	0
17	8881713	8880463	0
17	8881713	8880904	0
17	8881882	8880904	0
17	8887684	8887095	0
17	8888514	8887426	0
17	8888892	8887520	0
17	8889223	8888170	0
17	8889223	8888637	0
17	8889223	8888740	0
17	8889223	8888822	0
17	8890913	8889138	0
17	8890913	8889972	0
17	8893651	8890737	0
17	8893656	8889138	0
17	8893656	8889972	0
17	8893656	8890737	0
17	8893656	8890818	0
17	8909175	8905668	0
17	8911508	8909073	0
17	8911513	8909073	0
17	8911989	8909143	0
17	8965616	8911391	0
17	8965704	8911391	0
17	8965708	8911391	0
17	8965708	8915699	0
17	8965713	8909073	0
17	8965713	8911391	0
17	897015	825960	0
17	905243	825960	0
17	9172882	9171067	0
17	9273435	9250486	0
17	930052	825960	0
17	933414	929955	0
17	9378654	9250470	0
17	9378654	9250471	0
17	9378654	9250473	0
17	9378654	9250486	0
17	9378654	9250506	0
17	9437890	9378551	0
17	9491866	9377888	0
17	9491922	9378551	0
17	9505163	9491828	0
17	9545283	9505037	0
17	9545283	9505147	0
17	9545283	9540679	0
17	9557511	9545171	0
17	9557529	9545171	0
17	9557529	9552798	0
17	9568459	9556896	0
17	9568471	9491828	0
17	9568471	9505037	0
17	9568471	9557433	0
17	9569943	9568404	0
17	9575812	9568370	0
17	9575821	9568370	0
17	9575836	9568370	0
17	9575838	9557433	0
17	9575913	9568370	0
17	9576237	9568370	0
17	9645326	9638767	0
17	9647661	9647019	0
17	9701246	9701351	1
17	9772923	9771433	0
17	9772923	9771452	0
17	9777286	9771433	0
17	97798	88640	0
17	9791298	9781481	0
17	979350	825565	0
17	979463	978298	0
17	979771	825960	0
17	9807602	9791226	0
17	9807602	9802385	0
17	9808856	9807489	0
17	9808983	9807489	0
17	9810619	9808829	0
17	9822072	9810570	0
17	9901101	9896319	0
17	9901203	9897709	0
17	9918100	9910608	0
17	9918100	9913849	1
17	9918100	9915254	0
17	9918100	9915977	1
17	9918100	9916835	0
17	9918100	9916989	0
17	9918100	9917052	0
17	9918100	9917085	0
17	9918100	9917167	0
17	9926770	9925475	0
17	9926995	9925475	0
17	9934245	9926640	0
17	9934245	9926670	0
17	9934245	9926729	0
17	9943237	9940125	0
17	9946984	9916805	0
17	9946984	9943120	0
17	9946984	9943208	0
17	9959004	9946893	0
17	9959256	9918000	0
17	9959256	9946893	0
17	9959256	9946932	0
17	9959463	9946893	0
17	9959496	9959201	0
17	9969763	9959201	0
17	9969763	9959215	0
17	9981885	9959201	0
