3	10008481	10007343	0
3	10008619	10007425	0
3	10008653	10006417	0
3	10008653	10006444	0
3	10008653	10007461	0
3	10009132	10008403	1
3	10010403	10008403	0
3	100110030	100075570	0
3	10011096	10010170	0
3	10011115	10008302	0
3	10011117	9986506	1
3	10011177	10008403	0
3	10011178	10009887	1
3	10011210	10008403	0
3	100114514	99930768	0
3	100171900	100172315	0
3	100222185	100221267	0
3	10023748	10014237	2
3	10023748	10015122	0
3	10023748	10017489	0
3	10023748	10017496	0
3	10023748	10017752	0
3	10026327	10022926	0
3	10026358	10023529	2
3	10026358	10023559	4
3	10026361	10023529	2
3	10026366	10023559	4
3	100345679	100346180	0
3	100368167	100363430	5
3	100372723	100369037	0
3	100373646	100372605	0
3	100373726	100372005	0
3	100377913	100375017	2
3	100381764	100377704	4
3	100381773	100377415	12
3	10039846	10040536	2
3	100751675	100749155	0
3	100751675	100749334	0
3	100751675	100750239	0
3	100751675	100750455	0
3	100752949	100751551	0
3	100753849	100752506	0
3	100753849	100752786	0
3	100770953	100765840	0
3	100774674	100770742	0
3	100774674	100770886	0
3	100775336	100774603	0
3	100775336	100774604	0
3	100778377	100775206	0
3	100778377	100775290	0
3	100778628	100775206	0
3	100780210	100778283	0
3	100787803	100780130	0
3	100787803	100780131	0
3	100789517	100780131	0
3	100795004	100789453	0
3	100795004	100792690	0
3	100795852	100794922	0
3	100796469	100794922	0
3	100804845	100794922	0
3	100804867	100794922	0
3	100808236	100804791	0
3	100810478	100808160	0
3	100813736	100812466	0
3	100815972	100813660	0
3	100816769	100815911	0
3	100817496	100816010	0
3	100817496	100816687	0
3	100821114	100808160	0
3	100822673	100808160	0
3	100824942	100808160	0
3	100828453	100825784	0
3	100829665	100825784	0
3	100829665	100828392	0
3	100830635	100825784	0
3	100830635	100828392	0
3	100830635	100829580	0
3	100832306	100829580	0
3	100832315	100824857	0
3	100832351	100808160	0
3	100832351	100808192	0
3	100832351	100824857	0
3	100832351	100828392	0
3	100832351	100829580	0
3	100832351	100830577	0
3	100833158	100832263	0
3	100837172	100835600	0
3	10083718	10081319	0
3	100837194	100835600	0
3	100837324	100835600	0
3	100838285	100837123	0
3	100838465	100837123	0
3	100838465	100838209	0
3	100839617	100835600	0
3	100839617	100837123	0
3	100839617	100838401	0
3	100839617	100838406	0
3	100846431	100834683	0
3	100846447	100808160	0
3	100846447	100835600	0
3	100846550	100808160	0
3	100850120	100848800	0
3	100850735	100850044	0
3	100862386	100813660	0
3	100862386	100850659	0
3	100862386	100851874	0
3	100862864	100862310	0
3	100862910	100862310	0
3	100864077	100862310	0
3	100864077	100862837	0
3	100864908	100862310	0
3	100864908	100862837	0
3	100864908	100864001	0
3	100866921	100864832	0
3	100866957	100862417	0
3	100866957	100864832	0
3	10087241	10081316	0
3	10087241	10081319	0
3	100875580	100874840	0
3	100876561	100875507	0
3	100876561	100875529	0
3	100886324	100885535	0
3	100898895	100886141	0
3	100902687	100898761	0
3	100902687	100898803	0
3	100902687	100898836	0
3	100914465	100902617	0
3	100926482	100902617	0
3	100993422	100945579	0
3	100993451	100926301	0
3	100993454	100926301	0
3	100993493	100902617	0
3	100993516	100926301	0
3	10104769	10102902	0
3	10104783	10081319	0
3	10108085	10094865	0
3	10108224	10103936	0
3	10108232	10104197	0
3	101228877	101222545	0
3	101327817	101324204	0
3	101327817	101324272	0
3	101327817	101325539	0
3	101327817	101325866	0
3	101337632	101332769	0
3	101340212	101337508	0
3	101340426	101337128	0
3	101347914	101347325	0
3	101348052	101343685	0
3	101361862	101351617	0
3	101417791	101372007	0
3	101417791	101398860	0
3	101459053	101372007	0
3	101459053	101398860	0
3	101459053	101417592	0
3	101652672	101648888	4
3	101656249	101654703	2
3	101659924	101655840	1
3	101660029	101656103	1
3	101664715	101659782	2
3	101671362	101664963	4
3	101672214	101671129	54
3	101677119	101670612	1
3	101677496	101671977	2
3	101682493	101681090	63
3	101682493	101681091	63
3	101682908	101681095	38
3	101682908	101682041	49
3	101682908	101682428	52
3	101685890	101681122	1
3	101685929	101682770	2
3	101686558	101685817	4
3	101686696	101686481	55
3	101686706	101686481	55
3	101686713	101685817	2
3	101686715	101686028	5
3	101686783	101686481	0
3	101816905	101816905	24
3	101824999	101823792	4
3	101853235	101853600	7
3	101855459	101855732	0
3	102667276	102663162	0
3	10286813	10285674	0
3	10286813	10285749	0
3	10286813	10285753	0
3	10286813	10285812	0
3	10288217	10287027	0
3	10289808	10287027	0
3	10289808	10288024	0
3	10289876	10286703	0
3	10289879	10285750	0
3	10289879	10286703	0
3	10290210	10286703	0
3	10290210	10289761	0
3	10290213	10289761	0
3	10290358	10289761	0
3	10290913	10290072	0
3	10290915	10289761	0
3	10290991	10290072	0
3	10291452	10290072	0
3	10292918	10285753	0
3	10292918	10286703	0
3	10292918	10289761	0
3	10292918	10290072	0
3	10292918	10290715	0
3	10292934	10290715	0
3	10292939	10290079	0
3	10292948	10290715	0
3	10304173	10293130	0
3	10304173	10300930	0
3	10304173	10300932	0
3	10304173	10300949	0
3	10304173	10300960	0
3	10305073	10304025	4
3	10305157	10303550	3
3	10305157	10304025	3
3	10305157	10304034	3
3	10305711	10304110	0
3	10312099	10305558	2
3	10312731	10311572	1
3	10312731	10311964	1
3	10312835	10311572	5
3	10313972	10311964	2
3	10315437	10312578	0
3	10315437	10312645	0
3	10315437	10313079	0
3	10318081	10315320	0
3	10318095	10314952	1
3	10318095	10315141	1
3	10318095	10315320	0
3	10319173	10318049	5
3	10319173	10318067	5
3	10319173	10318069	5
3	10319317	10318049	2
3	10319317	10319138	13
3	10321042	10318049	1
3	10321057	10319256	5
3	10321059	10319256	5
3	10321061	10319138	3
3	10321062	10318049	1
3	10321083	10319138	2
3	10321085	10319138	2
3	10321087	10319138	2
3	10321094	10318049	1
3	10321094	10319205	2
3	10321113	10318049	1
3	10321179	10318049	1
3	10332038	10324022	0
3	10332038	10326077	0
3	10332038	10326274	0
3	10332038	10328202	0
3	10332325	10328810	0
3	10336301	10328146	0
3	10338359	10324022	0
3	10338359	10326227	0
3	10338359	10326270	0
3	10338359	10328007	0
3	10338359	10328101	0
3	10388403	10378251	0
3	10388403	10379242	0
3	10388403	10385267	0
3	10388403	10386479	0
3	10401026	10388276	0
3	10401079	10387883	0
3	10401079	10388276	0
3	105670353	105655460	0
3	105670353	105658282	0
3	105670353	105658330	0
3	105670353	105658404	0
3	105670353	105658414	0
3	105670353	105658440	0
3	105673994	105658268	0
3	105681611	105678430	0
3	105681819	105678430	0
3	105681819	105680991	0
3	105681819	105681292	0
3	105681819	105681478	0
3	105682131	105678430	0
3	105685467	105680991	0
3	105685467	105681723	0
3	10570376	10566254	0
3	105751619	105745916	0
3	105751619	105749621	0
3	105776543	105751461	0
3	105776543	105751526	0
3	105776543	105762121	0
3	105839471	105776395	0
3	105853647	105776395	0
3	105853665	105776395	0
3	105853665	105776464	0
3	105853665	105776521	0
3	105853665	105776522	0
3	105853665	105824182	0
3	10619962	10534038	0
3	10626808	10626020	0
3	106839593	106836810	0
3	106896409	106895728	0
3	106921061	106839474	0
3	107040117	106927834	0
3	10708008	10619916	0
3	107107001	107104910	0
3	107110654	107109789	0
3	107112147	107109789	0
3	107114844	107109789	0
3	107129318	107111865	0
3	107129992	107109789	0
3	107129992	107110591	0
3	107129993	107040074	0
3	107129993	107109789	0
3	107129993	107111484	0
3	107129993	107112059	0
3	107300044	107292556	0
3	107300153	107272629	0
3	107320423	107289111	0
3	107322736	107320329	0
3	107322743	107289202	0
3	107322745	107299901	0
3	107322745	107317980	0
3	107322745	107318379	0
3	107322745	107321056	0
3	107322765	107272610	0
3	107324503	107322468	0
3	107380608	107324307	0
3	107380709	107272666	0
3	107380709	107299901	0
3	10762923	10761705	0
3	10763498	10759483	0
3	107842213	107840227	0
3	107842213	107841661	0
3	107843780	107841302	0
3	107843780	107842104	0
3	107848999	107843675	0
3	107849119	107843675	0
3	107849972	107848905	0
3	107854055	107848656	0
3	107854055	107848905	0
3	107854055	107849822	0
3	107854055	107850296	0
3	107854695	107853997	0
3	107855230	107853872	0
3	107855230	107853879	0
3	107855230	107854653	0
3	107855426	107855163	0
3	107856325	107855167	0
3	107857120	107855129	0
3	107857203	107848905	0
3	107857203	107855129	0
3	107857203	107855163	0
3	107857203	107855195	0
3	107857203	107855200	0
3	107857203	107855312	0
3	107857203	107856007	0
3	107859262	107857079	0
3	107862039	107857079	0
3	107866506	107857079	0
3	107866754	107857079	0
3	107867426	107857079	0
3	107867426	107857120	0
3	107867426	107866231	0
3	107867426	107866651	0
3	107867578	107857079	0
3	107867578	107857086	0
3	107867578	107859130	0
3	107872481	107867310	0
3	107873009	107867310	0
3	107873015	107857079	0
3	107873027	107857079	0
3	107873027	107867310	0
3	107876187	107857079	0
3	107876187	107867310	0
3	107877498	107867310	0
3	107878069	107867310	0
3	107878077	107867310	0
3	107878078	107867310	0
3	107878080	107867310	0
3	108049652	108047078	0
3	108049652	108047080	0
3	108050603	108047078	2
3	108051971	108043093	0
3	108054740	108043297	0
3	108059533	108058336	0
3	108059545	108058336	0
3	108060853	108059451	0
3	108060853	108059456	0
3	108163730	108160811	0
3	108165494	108163662	0
3	108166986	108165430	0
3	108167177	108165434	0
3	108167865	108166853	1
3	108214022	108206627	0
3	108218654	108213798	0
3	108218654	108213930	0
3	108219545	108218392	0
3	108219573	108218534	0
3	108222361	108219409	0
3	108222376	108219404	0
3	108222436	108218534	0
3	108222571	108219409	0
3	108326815	108325519	0
3	108376558	108377257	0
3	108383730	108380368	0
3	108405454	108399074	0
3	108408405	108404918	0
3	108408405	108405337	0
3	108455860	108454005	0
3	108456884	108455735	0
3	108456884	108455806	0
3	108552374	108549868	0
3	108552374	108549985	0
3	108552374	108551066	0
3	108552374	108551115	0
3	108560842	108559953	0
3	108563245	108560648	0
3	108563245	108560734	0
3	108576347	108569388	0
3	108581512	108579565	0
3	108582139	108581414	0
3	108582203	108581414	0
3	108582203	108581474	0
3	108583084	108581414	0
3	108585213	108582976	0
3	108585750	108585064	0
3	108585764	108585064	0
3	108589376	108585704	0
3	108589412	108585064	0
3	108589432	108584859	0
3	108589453	108585064	0
3	108589457	108585665	0
3	108589645	108585064	0
3	108648113	108648917	0
3	108744368	108743423	0
3	108756589	108745430	0
3	108756589	108755636	0
3	108916215	108907791	0
3	108916215	108907802	0
3	108920586	108915939	0
3	108920586	108916086	0
3	108920586	108916126	0
3	108963609	108958238	0
3	108963609	108958844	0
3	109027890	109005069	0
3	109027890	109007028	0
3	109110784	109103848	0
3	109148362	109149804	0
3	109148387	109149208	0
3	109148387	109149718	0
3	109148387	109149804	0
3	109300436	109293787	0
3	109329082	109327524	0
3	109329089	109326140	0
3	109330761	109326852	0
3	109330813	109328889	0
3	109330813	109329017	0
3	109331785	109328889	0
3	109331785	109329975	0
3	109331785	109330523	0
3	109332032	109331733	0
3	109332191	109331733	0
3	109333921	109331870	0
3	109333994	109331870	0
3	109333994	109331946	0
3	109336432	109333869	0
3	109337516	109333869	0
3	109337518	109333869	0
3	109337523	109333869	0
3	109337546	109333395	0
3	109337573	109333869	0
3	109916941	109915975	0
3	11007380	11006097	0
3	11012763	11014031	0
3	11012763	11014039	0
3	11017260	11017842	0
3	11017260	11018597	0
3	11017450	11017842	0
3	11017975	11018597	0
3	11018699	11019207	0
3	11019225	11007191	0
3	11020323	11022335	0
3	11022469	11025448	0
3	11028848	11029193	0
3	11028848	11029220	0
3	11028848	11029235	0
3	110528756	110527481	0
3	110892604	110888383	0
3	110893213	110892365	0
3	110893477	110892122	0
3	111052660	111045779	0
3	111052660	111046901	0
3	111069472	110893707	0
3	111069472	110893764	0
3	111069472	111045387	0
3	111497096	111466312	0
3	111595444	111592899	0
3	111677434	111676735	7
3	11195205	11193438	0
3	112031650	112030930	0
3	112125255	112120840	0
3	112125255	112123095	0
3	112125255	112123224	0
3	112125255	112123454	0
3	112125255	112123560	0
3	112125255	112123606	0
3	112127034	112123304	0
3	112130514	112126986	0
3	112130514	112128016	0
3	112130520	112128016	0
3	112132911	112128016	0
3	112132911	112130444	0
3	112133167	112130444	0
3	112133252	112130444	0
3	112133255	112130444	0
3	112133259	112130444	0
3	112133306	112130444	0
3	112151964	112140886	0
3	112151964	112140904	0
3	112151964	112141215	0
3	112199470	112182132	0
3	112277861	112274896	0
3	112278858	112277694	0
3	112278858	112277704	0
3	112280784	112278728	0
3	112280784	112278767	0
3	112409135	112396646	0
3	112469805	112463967	0
3	112469805	112465925	0
3	112469805	112466107	0
3	112470023	112469757	0
3	112470454	112469755	0
3	112471356	112469757	0
3	112479770	112469757	0
3	112534338	112532508	16
3	112536603	112532509	5
3	112536603	112534268	1
3	112536768	112532521	6
3	112537891	112536209	1
3	112537891	112536474	1
3	112538181	112537734	0
3	112538345	112537530	0
3	112541885	112538145	0
3	112544107	112541802	0
3	112548615	112544056	0
3	112548641	112543994	0
3	112548641	112544056	0
3	112550263	112544056	1
3	112558418	112553279	0
3	112561634	112558375	0
3	112561653	112558375	0
3	112561858	112558137	0
3	112561917	112558375	0
3	112561925	112558375	0
3	112561964	112558375	0
3	112562047	112558375	0
3	112580707	112581178	68
3	112580707	112581244	74
3	112607257	112596793	0
3	112607257	112605100	0
3	112607257	112605466	0
3	112610082	112605599	0
3	112639917	112630112	3
3	112641039	112640720	28
3	112641057	112639399	23
3	112641144	112640431	28
3	112641270	112638027	18
3	112641301	112638027	18
3	112643458	112640765	0
3	112643458	112640923	0
3	112697707	112696907	0
3	112738826	112736446	0
3	112819896	112815708	0
3	112819896	112815787	0
3	112819896	112818768	0
3	112827242	112819767	0
3	112827242	112819771	0
3	112924536	112921208	0
3	112924536	112922689	0
3	112929065	112922987	0
3	112929065	112925084	0
3	112929508	112928815	0
3	112931172	112928917	0
3	112931172	112929189	0
3	112975104	112929189	0
3	112993043	112993043	0
3	112993074	112993074	0
3	113008431	113002439	6
3	113008431	113002443	6
3	113008431	113004916	6
3	113008431	113004953	6
3	113008431	113005175	6
3	113008431	113005242	6
3	113008431	113005321	6
3	113008431	113005480	4
3	113008431	113005943	5
3	113008801	113004963	2
3	113009585	113008170	4
3	113010705	113008170	4
3	113010705	113009497	2
3	113011166	113010642	7
3	113011276	113010503	13
3	113011306	113010642	7
3	113011407	113008170	2
3	113011407	113010642	7
3	113011407	113010657	7
3	113011537	113010642	3
3	113012812	113010642	3
3	113012812	113011044	5
3	113013362	113012576	2
3	113013362	113012733	1
3	113013404	113011044	4
3	113013404	113011261	5
3	113013404	113012538	1
3	113013404	113012733	1
3	113013404	113012792	1
3	113014033	113008170	4
3	113014033	113011044	2
3	113014033	113011055	2
3	113014033	113011092	2
3	113014033	113012733	2
3	113014033	113013271	1
3	113014033	113013274	1
3	113014033	113013330	2
3	113017603	113011044	0
3	113017603	113013271	0
3	113017603	113013948	1
3	113017603	113013952	1
3	113019604	113013952	1
3	113019655	113013948	1
3	113019659	113013948	1
3	113019665	113008170	1
3	113019665	113013952	0
3	113019667	113013952	0
3	113019671	113013952	0
3	113019682	113013952	1
3	113019722	113013948	0
3	113019833	113013948	0
3	113019852	113013952	0
3	113019862	113013952	0
3	113059068	113050911	0
3	113153489	113142349	0
3	113165207	113153271	0
3	113270945	113272409	0
3	113284568	113284781	0
3	113294039	113290852	0
3	113294457	113291532	0
3	113294822	113286946	0
3	113294822	113290119	0
3	113294822	113293951	0
3	113296886	113294686	0
3	113296886	113294749	0
3	113296903	113294686	0
3	113333584	113330167	0
3	113341919	113333405	0
3	113341919	113333450	0
3	113363308	113358744	0
3	113363311	113358744	0
3	113363533	113361900	0
3	113363533	113362847	0
3	113363533	113362864	0
3	113363533	113363144	0
3	113381061	113379305	0
3	113381915	113380898	0
3	113395861	113380898	0
3	113395861	113381014	0
3	113400001	113396517	0
3	113400645	113399905	0
3	113400673	113399967	0
3	113404017	113401583	0
3	113407042	113403851	0
3	113407042	113404010	0
3	113426278	113420016	0
3	113427340	113426123	0
3	113433582	113416524	0
3	113433670	113416524	0
3	113433670	113425981	0
3	113433670	113427186	0
3	113434946	113433564	0
3	113441514	113433564	0
3	113441515	113433564	0
3	113441516	113433564	0
3	113441611	113433564	0
3	113441655	113433564	0
3	113444832	113441452	0
3	113445361	113444740	1
3	113446677	113442717	0
3	113446677	113445253	0
3	113446677	113445286	0
3	113450517	113448037	0
3	113453951	113448834	0
3	113453951	113450335	0
3	113468900	113448037	0
3	113489064	113469098	0
3	113493313	113488944	0
3	113493313	113489035	0
3	113494131	113493205	0
3	113494143	113493205	0
3	113494143	113493215	0
3	113499583	113494048	0
3	113503228	113498935	0
3	113503228	113499438	0
3	113506606	113503179	0
3	113514843	113506506	0
3	113514845	113506506	0
3	113514907	113506548	0
3	113515152	113506506	0
3	113515157	113506506	0
3	113515188	113506506	0
3	113590190	113588747	0
3	113664410	113648384	0
3	113664410	113653238	0
3	113722973	113716459	99
3	113722973	113720314	116
3	113722973	113720929	5
3	113722973	113721456	5
3	113722973	113721589	5
3	113722973	113721655	5
3	113723542	113722905	3
3	113724093	113721428	7
3	113724093	113723421	2
3	113724093	113723486	2
3	113724093	113723518	2
3	113724096	113718993	10
3	113724096	113721759	8
3	113724096	113722905	2
3	113724096	113723421	2
3	113745795	113723958	0
3	113746060	113723958	4
3	113746195	113723993	1
3	113746231	113723980	1
3	113746250	113723421	0
3	113746250	113723958	0
3	113746250	113723980	0
3	113746275	113723958	0
3	113746301	113723958	0
3	113747409	113746871	0
3	113939997	113940239	0
3	113948735	113948819	4
3	113958539	113959520	1
3	113958539	113960719	1
3	113959601	113961051	0
3	113978332	113964136	0
3	113979011	113978185	0
3	113979011	113978308	0
3	113980794	113978494	0
3	113980794	113978857	0
3	114001697	113980649	0
3	114001772	113980649	0
3	114004747	114002455	0
3	114005963	114002455	0
3	114005963	114004073	0
3	114005963	114004386	0
3	114005963	114004636	0
3	114011022	114005507	0
3	114018869	114010771	0
3	114035149	114031625	0
3	114036787	114034924	0
3	114036787	114035043	0
3	114036787	114035093	0
3	114042842	114036985	0
3	114042847	114036607	0
3	114042847	114039384	0
3	114046733	114042702	0
3	114046733	114042809	0
3	114056488	114042702	0
3	114056540	114042702	0
3	114131166	114128709	0
3	114131401	114128651	0
3	114131401	114128709	0
3	114233643	114235190	0
3	114237579	114234635	0
3	114237579	114234974	0
3	114351879	114314500	0
3	114351879	114338093	0
3	114351879	114338106	0
3	114351879	114338651	0
3	114351879	114338652	0
3	114351879	114338683	0
3	114380405	114339303	0
3	114380405	114350273	0
3	114380405	114351685	0
3	114380941	114380216	1
3	114380941	114380357	1
3	114383642	114380776	0
3	114388124	114387274	0
3	114389106	114380216	0
3	114389106	114380776	0
3	114389106	114380881	0
3	114389106	114388064	0
3	114389106	114388065	0
3	114454684	114389004	0
3	114454818	114389004	0
3	114500392	114389004	0
3	114500392	114389045	0
3	114500392	114419053	0
3	114582267	114500351	0
3	114582267	114502797	0
3	114599347	114500351	0
3	114624207	114500351	0
3	114624946	114500351	0
3	114693576	114500351	0
3	114693576	114582113	0
3	114693576	114599250	0
3	114693576	114658340	0
3	114693576	114687225	0
3	114743780	114713975	0
3	114758941	114710267	0
3	114759272	114693527	0
3	114801175	114500351	0
3	114801175	114693527	0
3	114801175	114710267	0
3	114801175	114713975	0
3	114801178	114791684	0
3	114874109	114743711	0
3	114900343	114801100	0
3	114900343	114874038	0
3	114974417	114900303	0
3	114974417	114904326	0
3	115027575	114974391	0
3	115071376	114974365	0
3	115100293	114900303	0
3	115100296	114974365	0
3	115144910	115027455	0
3	115147266	114974365	0
3	115147272	114974365	0
3	11559456	11556069	12
3	11559456	11558068	9
3	11559456	11558342	7
3	11559456	11558469	7
3	11559456	11558475	7
3	11559456	11558757	10
3	11565020	11559331	2
3	11565020	11559350	1
3	11568925	11564796	1
3	115814239	115810275	0
3	115816647	115809793	0
3	11582392	11564796	0
3	115841994	115802362	0
3	115841994	115802387	0
3	115841994	115834561	0
3	115842498	115841844	0
3	115842579	115841570	0
3	115842579	115841844	0
3	115842579	115841886	0
3	116019641	115852482	0
3	11602023	11564765	0
3	11602023	11564796	0
3	11602023	11564847	0
3	11602023	11564851	0
3	11602023	11564891	0
3	11602023	11564914	0
3	11604582	11601832	0
3	116051253	116019514	0
3	116086557	116019514	0
3	116086562	116019514	0
3	11610505	11601832	0
3	11612668	11601832	0
3	11626514	11601832	0
3	11633672	11601991	0
3	11643925	11601832	0
3	116444956	116086323	0
3	116444984	116086323	0
3	116445532	116086323	0
3	116710061	116710203	0
3	11671395	11601832	0
3	117009375	116444876	0
3	11703035	11702695	0
3	11703048	11601832	0
3	11703048	11601909	0
3	11703048	11671261	0
3	11703048	11693044	0
3	11703048	11699545	0
3	117139390	117009229	0
3	11720461	11702970	0
3	11720617	11702970	0
3	11720723	11702970	0
3	11720730	11702970	0
3	11720747	11702970	0
3	11721299	11720393	0
3	11721934	11720455	0
3	117680973	117678692	0
3	117688862	117682913	0
3	117690076	117680938	0
3	117690079	117688578	0
3	117997593	117672153	0
3	118074624	118004818	0
3	11807896	11790441	0
3	11807896	11790445	0
3	11807896	11790542	0
3	11808584	11807832	0
3	11809683	11790441	0
3	11809683	11790447	0
3	11809683	11807293	0
3	11809683	11807832	0
3	11810060	11807832	0
3	11811560	11807832	0
3	11817338	11808674	0
3	11817338	11809516	0
3	11817338	11810775	0
3	11826806	11817087	0
3	11829865	11817191	0
3	11829911	11826717	0
3	11830875	11829755	0
3	11833152	11829713	0
3	11833152	11830721	0
3	11839315	11829713	0
3	11839315	11833002	0
3	11839315	11833025	0
3	11844212	11839221	0
3	11845097	11844028	0
3	11846773	11844028	0
3	11846780	11844028	0
3	11846865	11843538	0
3	11846882	11844028	0
3	11846886	11844890	0
3	11846893	11844028	0
3	11846920	11844028	0
3	11846920	11844907	0
3	118550925	118496622	0
3	118550925	118508410	0
3	118904715	118902390	0
3	118904799	118900556	0
3	118904799	118900626	0
3	118904799	118900633	0
3	118904799	118900635	0
3	118904799	118902153	0
3	118926257	118904647	0
3	118926257	118905595	0
3	118926257	118905667	0
3	118928717	118925922	0
3	118928717	118926100	0
3	118930254	118928508	0
3	118930276	118928508	0
3	118930276	118928577	0
3	118930276	118928657	0
3	118949319	118930111	0
3	118949319	118948319	0
3	119034729	118930111	0
3	119034793	118930111	0
3	119034889	118930111	0
3	11909938	11909633	0
3	119105206	118930111	0
3	119105222	118930111	0
3	119216345	119211731	0
3	119216345	119211741	0
3	119216345	119211778	0
3	119218773	119211739	0
3	119218773	119216238	0
3	119218773	119216239	0
3	119224246	119216239	0
3	119227042	119211741	0
3	119227042	119224057	0
3	119230054	119226988	0
3	119230245	119226808	0
3	119230245	119226885	0
3	119230245	119226938	0
3	119233154	119232416	0
3	119235228	119226808	0
3	119235228	119229846	0
3	119235228	119230091	0
3	119235228	119230155	0
3	119235228	119230175	0
3	119236252	119235144	0
3	119237071	119226808	0
3	119237071	119229846	0
3	119237071	119229935	0
3	119237071	119229974	0
3	119237071	119230034	0
3	119237071	119230079	0
3	119237071	119230115	0
3	119237071	119235144	0
3	119237071	119236152	0
3	119237071	119236214	0
3	119237072	119229846	0
3	119240879	119226808	0
3	119240879	119229846	0
3	119322761	119314292	0
3	119434883	119429499	1
3	119436817	119435754	0
3	119436979	119434761	0
3	119437940	119436588	0
3	119438104	119436790	0
3	119438104	119436943	1
3	119447173	119437754	0
3	119451318	119447017	0
3	119452531	119446641	0
3	119452531	119447017	0
3	119452531	119447018	0
3	119452531	119451208	0
3	119458084	119452508	0
3	119458185	119452446	0
3	119458241	119437933	0
3	119458241	119452446	0
3	119462009	119458017	0
3	119462105	119458017	0
3	119462149	119437754	0
3	119462149	119452446	0
3	119462149	119458017	0
3	119488988	119490550	0
3	119527842	119524292	0
3	119529938	119527463	0
3	119529938	119527732	0
3	119537419	119527770	0
3	119544868	119537136	0
3	119557729	119544549	0
3	119557841	119544342	0
3	119557929	119544549	0
3	119579852	119580484	0
3	119579852	119580550	0
3	119642553	119636456	0
3	119643450	119642057	0
3	119643450	119642058	0
3	119643450	119642475	0
3	119648669	119642058	0
3	119648669	119642334	0
3	119648669	119643366	0
3	119654614	119643366	0
3	119654614	119648118	0
3	119654614	119648259	0
3	119654614	119648440	0
3	119654728	119648399	0
3	119660064	119654504	0
3	119660064	119654512	0
3	119660586	119659932	0
3	119660588	119648377	0
3	119660591	119654504	0
3	119660645	119654504	0
3	119660884	119654504	0
3	119665325	119659932	0
3	119666983	119660094	0
3	119674789	119669531	0
3	119675234	119659932	0
3	119675234	119666918	0
3	119675234	119669270	0
3	119675234	119669531	2
3	119675234	119674378	0
3	119675234	119674672	0
3	119675578	119669533	0
3	119706886	119707403	0
3	119749191	119744138	0
3	119831252	119826706	0
3	119843354	119821322	0
3	119843354	119826685	0
3	119843610	119826692	0
3	119863606	119826700	0
3	120093667	120002045	0
3	120093898	120002045	0
3	120094418	120002045	0
3	120173471	120164644	0
3	120173471	120165480	0
3	120173471	120166957	0
3	120243777	120173311	0
3	120243777	120193294	0
3	120244117	120243639	1
3	120244121	120243639	1
3	120244296	120243639	1
3	120244479	120242859	0
3	120244479	120243639	1
3	120335140	120324508	1
3	120366544	120365992	0
3	120368327	120366395	0
3	120399960	120392292	0
3	120399960	120396472	2
3	120400090	120396890	0
3	120403298	120396222	0
3	120404972	120403241	0
3	120409663	120404852	0
3	120409663	120404894	0
3	120410985	120409531	0
3	120410985	120409574	0
3	120411327	120409531	0
3	120411984	120409956	0
3	120411984	120410951	0
3	120441405	120438260	2
3	120450747	120411853	0
3	120450747	120415922	0
3	120450747	120421171	0
3	120450747	120423526	0
3	120450798	120415922	0
3	120450992	120415922	0
3	120601258	120602207	1
3	120633329	120628172	0
3	120633329	120628365	0
3	120638582	120633146	0
3	120638582	120633333	0
3	120641694	120633146	0
3	120641694	120633332	0
3	120647053	120641588	0
3	120647053	120646266	0
3	120647912	120646972	0
3	120650839	120647876	0
3	120650866	120647876	0
3	120652652	120650773	0
3	120652652	120650787	0
3	120670533	120652591	0
3	120670533	120652614	0
3	120674990	120670290	0
3	120674990	120670426	0
3	120675864	120670426	0
3	120675864	120674578	0
3	120675864	120674900	0
3	120690488	120686680	9
3	120690488	120686700	9
3	120690488	120688596	10
3	120690488	120688695	15
3	120690488	120689417	0
3	120690488	120689546	0
3	120690488	120689693	0
3	120690488	120689714	0
3	120694225	120690448	0
3	120698521	120694152	0
3	120698574	120690448	0
3	120698574	120694152	0
3	120706115	120690448	0
3	120706115	120694152	0
3	120730788	120705999	0
3	120730788	120709779	0
3	120836361	120833439	0
3	120925159	120924611	0
3	121433034	121431426	2
3	121433034	121431430	2
3	121440117	121436121	0
3	121449427	121439991	0
3	121449427	121440083	0
3	121496933	121493477	0
3	121522150	121519870	0
3	121522150	121521570	0
3	121522152	121519870	0
3	121529793	121519870	0
3	12154452	12153050	0
3	121632185	121631398	0
3	121632185	121631399	0
3	121632185	121631714	0
3	121632564	121632100	0
3	121633172	121632331	0
3	121633172	121632405	0
3	121637257	121636433	0
3	121642982	121636433	0
3	121642982	121637145	0
3	121644184	121637145	0
3	121644929	121636433	0
3	121644929	121637145	0
3	121644929	121642926	0
3	121644929	121644120	0
3	121647372	121644817	0
3	121647449	121644229	0
3	121647449	121644817	0
3	121647483	121644817	0
3	121657353	121644817	0
3	121657353	121647318	0
3	121657353	121653564	0
3	121657353	121656058	0
3	121658348	121656890	0
3	121658348	121657201	0
3	121658348	121657278	0
3	121660879	121658263	0
3	121660884	121658263	0
3	121660899	121658263	0
3	121660902	121658263	0
3	121660904	121657981	0
3	121660912	121658263	0
3	121660917	121658263	0
3	121660920	121658263	0
3	121660928	121658263	0
3	121665032	121663198	0
3	121665032	121663202	0
3	121665032	121664100	0
3	121665032	121664529	0
3	121698930	121690669	15
3	121699886	121693740	0
3	121699886	121695477	12
3	121699886	121697026	3
3	121729341	121726912	0
3	121729951	121729187	0
3	121730018	121729187	0
3	121730217	121729127	0
3	121730974	121729864	0
3	121730974	121729989	0
3	121772714	121769762	0
3	121772714	121769993	4
3	121795567	121790072	0
3	121797228	121790072	0
3	121797228	121795456	0
3	121797228	121795460	0
3	121799375	121797117	1
3	121799375	121797187	0
3	121807444	121790072	0
3	121828633	121826050	0
3	121828973	121826050	0
3	121828973	121828469	0
3	121834480	121828860	0
3	121834993	121833935	0
3	121835017	121834390	0
3	121835034	121834390	0
3	121835035	121834390	0
3	121835062	121834248	0
3	121835080	121834390	0
3	12183585	12183829	0
3	121993952	121988405	0
3	121993971	121987322	0
3	121993971	121988329	0
3	121993971	121988345	0
3	122363028	122359590	0
3	122363028	122359599	0
3	122363028	122359628	2
3	122363028	122359645	2
3	122363028	122359787	3
3	122363028	122359861	2
3	122368323	122362967	1
3	122371801	122367823	0
3	122371801	122368175	0
3	122383232	122362967	0
3	122425659	122425847	61
3	122427717	122421948	12
3	122427717	122425679	34
3	122427717	122426103	102
3	122427717	122426953	2
3	122427717	122426984	2
3	122433789	122427537	2
3	122442117	122437169	0
3	122449738	122442037	0
3	122449738	122442047	0
3	122451634	122449573	0
3	122452065	122451533	7
3	122452065	122451584	2
3	122454002	122451975	0
3	122454002	122451984	0
3	122457849	122453869	0
3	122461319	122451989	0
3	122461319	122453869	0
3	122461319	122453909	0
3	122496571	122467321	0
3	122496638	122467321	0
3	122536343	122527923	0
3	122536343	122527958	0
3	122536343	122528004	1
3	122537074	122527960	0
3	122537074	122531772	0
3	122537074	122536167	0
3	122540853	122536167	0
3	122556122	122552417	0
3	122558402	122555863	0
3	122558468	122550583	0
3	122558468	122555285	0
3	122559710	122555285	0
3	122720389	122720827	0
3	122741114	122740002	0
3	122741777	122740002	0
3	122755432	122752590	0
3	122755432	122752860	3
3	122758854	122755323	0
3	122759361	122755259	0
3	122759361	122758771	0
3	122768743	122761533	0
3	122768883	122759219	0
3	122768883	122759223	0
3	122911046	122909081	0
3	122911046	122909192	0
3	122911046	122909193	0
3	122911046	122909209	0
3	122911536	122910839	0
3	122911536	122910872	0
3	122912070	122910839	0
3	122926678	122923616	0
3	122928004	122924342	0
3	122928004	122926391	0
3	122943536	122939424	0
3	122948710	122943435	0
3	122948710	122943436	0
3	122948710	122943495	0
3	122958321	122948551	0
3	122961302	122948505	0
3	122961302	122948581	0
3	122993239	122948505	0
3	123027712	122948505	0
3	123027813	122948505	0
3	123027879	122948505	0
3	123144830	123145521	3
3	123161456	123161879	2
3	123286810	123282295	0
3	123286810	123283943	0
3	123286810	123284577	0
3	123287112	123284445	0
3	123297383	123296083	0
3	123297383	123296979	0
3	123300296	123297256	0
3	123300296	123297352	0
3	123303220	123300119	0
3	123303220	123300219	0
3	123303220	123300250	0
3	123331017	123328643	0
3	123332676	123330888	0
3	123332676	123330939	0
3	123347904	123332563	0
3	123347904	123332594	0
3	123352582	123347781	0
3	123368047	123352431	0
3	123404562	123352431	0
3	123416343	123352431	0
3	123419210	123352449	0
3	123420275	123352431	0
3	123449759	123352431	0
3	123494831	123490819	97
3	123500694	123491553	0
3	123500694	123499290	0
3	123500694	123499582	0
3	123502682	123500514	0
3	123502682	123500567	0
3	123502907	123500514	0
3	123618768	123613339	0
3	123618771	123610048	0
3	123618771	123612297	0
3	123618771	123612309	0
3	123618771	123614028	0
3	123618771	123614044	0
3	123618771	123614063	0
3	123618771	123614104	0
3	123620337	123618638	0
3	123620515	123618638	0
3	123624079	123616351	0
3	123625317	123618638	0
3	123629627	123626817	0
3	123638195	123626817	0
3	123638195	123629473	0
3	123640505	123638070	0
3	123647428	123640286	0
3	123649065	123640378	0
3	123649065	123646959	0
3	123649065	123647223	0
3	123657429	123649161	0
3	123664259	123657125	0
3	123666347	123664104	0
3	123667188	123666218	0
3	123667188	123666242	0
3	123682311	123666918	0
3	123682311	123667136	0
3	123692380	123682223	0
3	123692852	123681029	0
3	123692852	123682223	0
3	123693616	123692734	0
3	123698975	123692734	0
3	123701006	123692734	0
3	123709894	123708697	0
3	123722281	123709157	0
3	123722281	123709755	0
3	123737544	123735397	4
3	123739063	123737240	0
3	123739063	123737377	0
3	123740002	123738896	0
3	123740002	123738963	0
3	123831671	123793676	0
3	123931235	123897510	0
3	123931235	123913452	0
3	123931235	123913716	0
3	123931235	123913724	0
3	123931235	123913726	0
3	123931235	123914318	0
3	123931235	123914621	0
3	123931235	123915198	0
3	123931460	123930771	0
3	123931527	123931101	2
3	123933756	123931307	0
3	123944991	123933524	0
3	123944991	123933526	0
3	123944991	123933672	0
3	123946869	123944848	0
3	123946893	123944848	0
3	123947320	123944848	0
3	123947320	123946803	7
3	123948786	123944848	0
3	123948786	123946802	0
3	123948786	123947012	1
3	123948786	123947195	2
3	123948786	123947279	0
3	123948786	123947300	0
3	123948934	123948690	0
3	123949133	123948690	1
3	123949133	123948707	1
3	123949314	123948690	0
3	123949493	123948895	0
3	123949576	123948895	0
3	123955966	123948895	0
3	123955966	123948945	0
3	123956116	123948895	0
3	123956116	123955842	1
3	123956428	123948895	0
3	123956428	123955842	1
3	123956428	123956045	0
3	123956796	123948895	0
3	123956796	123956076	0
3	123957084	123948895	0
3	123958901	123948895	0
3	123961209	123897304	0
3	123961213	123914661	0
3	123961350	123955842	2
3	123961382	123948895	0
3	123961382	123955842	2
3	123970218	123968520	0
3	123970218	123969014	0
3	123970218	123969033	0
3	123975541	123970041	0
3	123976982	123974545	0
3	123976982	123975378	0
3	123976982	123975385	0
3	123976982	123975425	0
3	123980494	123976863	0
3	123980494	123976864	0
3	123980605	123976863	0
3	123980728	123976863	0
3	123981425	123976863	0
3	123981425	123978674	0
3	123981425	123980304	0
3	123981425	123980365	0
3	123992084	123980365	0
3	123992110	123979416	0
3	123992138	123980365	0
3	123992159	123978674	0
3	124153064	124151959	0
3	124764558	124761947	3
3	124764558	124762947	3
3	124766346	124764390	0
3	124766346	124764456	0
3	124769114	124766225	0
3	124769114	124766229	0
3	124770183	124766225	0
3	124773913	124769012	0
3	124780705	124773689	0
3	124796818	124773689	0
3	124796818	124773818	0
3	124809157	124796387	0
3	124809157	124796539	0
3	124809157	124796590	0
3	124817711	124796387	0
3	124817711	124809021	0
3	124819835	124796387	0
3	124819835	124809021	0
3	124819835	124817620	0
3	124821459	124819738	0
3	124821475	124819738	0
3	124833021	124821312	0
3	124841552	124809021	0
3	124841552	124821312	0
3	124841552	124821330	0
3	124848452	124841382	0
3	124848559	124841382	0
3	124848559	124841420	0
3	124857314	124848308	0
3	124859447	124848308	0
3	124859447	124848358	0
3	124859447	124848418	0
3	124873532	124859241	0
3	124901345	124894451	0
3	124901419	124873445	0
3	124908349	124905441	0
3	124910500	124908146	0
3	124912142	124910414	0
3	124912209	124910470	0
3	124916481	124913561	0
3	124920290	124916316	0
3	124920290	124916335	0
3	124922304	124920166	0
3	124922304	124920233	0
3	124927994	124923526	0
3	124934748	124927531	0
3	124934752	124927531	0
3	124938333	124927898	0
3	124971149	124970552	0
3	124972157	124970420	0
3	124973906	124965709	0
3	124973906	124967476	0
3	124973906	124967496	0
3	125009825	125005264	0
3	125010550	125009514	0
3	125010556	125009704	0
3	125013991	125010438	2
3	125015013	125012622	6
3	125015013	125013471	4
3	125019598	125012622	0
3	12503470	12503646	13
3	125088371	125082635	0
3	125088371	125082637	0
3	125088371	125082958	0
3	125088371	125083156	0
3	125088371	125083649	0
3	125088371	125083810	0
3	125091557	125088055	0
3	125108127	125083142	0
3	125108127	125092100	0
3	125110336	125092100	0
3	125110336	125107480	0
3	125110336	125107844	0
3	125110336	125107944	0
3	125110336	125108044	0
3	125110336	125108068	0
3	125110719	125107880	0
3	125118857	125110188	0
3	125118857	125110271	0
3	125119145	125110188	0
3	125119892	125118768	0
3	125120687	125118768	0
3	125120855	125118768	0
3	125135783	125110188	0
3	125155066	125135668	0
3	125177965	125135668	0
3	125177975	125135668	0
3	125187429	125135668	0
3	125187429	125177742	0
3	125187429	125177930	0
3	125211395	125190374	0
3	125211395	125206667	0
3	125211400	125190374	0
3	125233282	125232511	4
3	125234330	125225560	0
3	125234330	125232058	2
3	125234330	125232075	1
3	125234330	125232078	1
3	125234330	125232327	2
3	125234330	125232340	2
3	12529874	12531569	0
3	12530942	12531569	0
3	125313657	125288102	0
3	125315054	125313307	0
3	125323445	125277725	1
3	125323445	125313307	0
3	125323445	125313390	0
3	125323445	125313414	0
3	125323445	125313563	0
3	125331239	125313307	0
3	125357281	125331157	0
3	125357819	125331157	0
3	125375250	125331157	0
3	125375252	125323308	0
3	125375268	125338821	0
3	125375279	125331157	0
3	125375314	125331157	0
3	125375355	125331157	0
3	12539598	12514933	0
3	12540434	12539506	0
3	12542023	12539971	0
3	12542023	12540325	0
3	125451420	125446643	0
3	125451420	125447710	0
3	125451420	125449069	0
3	125469520	125460770	0
3	125476757	125469443	0
3	125476757	125469453	0
3	125480320	125476694	0
3	125497389	125476694	0
3	125520182	125498058	0
3	125520192	125504622	0
3	125520198	125504622	0
3	125532015	125528857	0
3	12561021	12553767	0
3	12561060	12543179	0
3	125848448	125827376	0
3	12584982	12583600	15
3	12584982	12583797	104
3	12584982	12584266	11
3	12584982	12584332	11
3	12584982	12584345	11
3	125853648	125848229	0
3	125861800	125827262	0
3	125861801	125848229	0
3	125861822	125860814	0
3	125863074	125860666	0
3	125863074	125861703	0
3	125866203	125862880	0
3	125870818	125827237	0
3	125872254	125827237	0
3	125873846	125827256	0
3	12587638	12585680	11
3	125887227	125886835	0
3	125887227	125886864	0
3	125887336	125862573	0
3	125887915	125887161	0
3	125888540	125886864	0
3	125888854	125887161	0
3	125888862	125886835	0
3	125888922	125887161	0
3	125889002	125888348	0
3	125889020	125886914	0
3	125889076	125886835	0
3	125889076	125888348	0
3	125905098	125888603	0
3	125905102	125827393	0
3	125908561	125887161	0
3	125908561	125904827	0
3	125908561	125908004	0
3	125908566	125907764	0
3	125908844	125904960	0
3	12590975	12586846	6
3	12590975	12587576	6
3	12590975	12587590	6
3	125910273	125908436	0
3	125910324	125908781	0
3	125910490	125908781	0
3	125910939	125908781	0
3	125914768	125908781	0
3	125914768	125910801	0
3	125915376	125914419	0
3	125915476	125914556	0
3	125915670	125910219	0
3	125915884	125914466	0
3	125916361	125914712	0
3	12591793	12590640	7
3	12591793	12590797	10
3	12591917	12587978	3
3	12592069	12590797	7
3	125930630	125929274	4
3	125972171	125972889	0
3	12600280	12599690	0
3	12600416	12600151	1
3	126006887	126006357	34
3	126007226	126006356	34
3	126007226	126006362	36
3	126007226	126006372	36
3	126008881	126006354	0
3	126008881	126006357	0
3	126008881	126006362	0
3	126008881	126006855	0
3	126008881	126007113	0
3	126016876	126015493	0
3	126022933	126016730	0
3	126022933	126016783	0
3	126023765	126016730	0
3	126025791	126016730	0
3	126026480	126022785	0
3	126026480	126022821	0
3	126026480	126024802	0
3	126033679	126022785	0
3	126033679	126026302	0
3	126033679	126026328	0
3	126033679	126026334	0
3	126033679	126026392	0
3	126033679	126026411	0
3	12603538	12600387	4
3	12604214	12600387	5
3	12604290	12600198	1
3	12604290	12600387	2
3	12604290	12603477	1
3	126051051	126026383	0
3	126051051	126033603	0
3	126051051	126033606	0
3	126051051	126033644	0
3	126056514	126050942	0
3	126056839	126050942	0
3	12606300	12604135	0
3	126067587	126050942	0
3	126068181	126050942	0
3	126068247	126033606	0
3	126068247	126050897	0
3	126068247	126050942	0
3	126068247	126056357	0
3	126068247	126067485	0
3	126070417	126067962	0
3	126073270	126067946	0
3	126079035	126067946	0
3	126083923	126067946	0
3	126084024	126067946	0
3	126084097	126067946	0
3	126084110	126067946	0
3	126084124	126067946	0
3	126084125	126067946	0
3	126084170	126067946	0
3	126084305	126067946	0
3	12608868	12606200	22
3	12608924	12604134	11
3	12608924	12604135	11
3	12608924	12606200	22
3	12609336	12608445	3
3	12609336	12608765	3
3	126101556	126067946	0
3	126101558	126050942	0
3	126101562	126050942	0
3	126103667	126103823	0
3	126103966	126104610	0
3	126105926	126103561	0
3	126105926	126103568	0
3	126105926	126103570	0
3	126105926	126103572	0
3	126105926	126103574	0
3	126107247	126103572	0
3	126107247	126105725	0
3	126107247	126105860	0
3	126110110	126107140	0
3	126110289	126107140	0
3	126130294	126125615	0
3	126131535	126128389	0
3	126131535	126130222	0
3	126135663	126130222	0
3	126135663	126131383	0
3	126136884	126135075	0
3	126136884	126135534	0
3	126146927	126137812	0
3	126150532	126146834	0
3	126150532	126146855	0
3	126150957	126146834	0
3	126153582	126146834	0
3	126153582	126150405	0
3	126154620	126153443	0
3	126154644	126151105	0
3	126154644	126153190	0
3	126154644	126153443	0
3	126155504	126154553	0
3	126156684	126154553	0
3	126156713	126155401	0
3	126157509	126154553	0
3	126157509	126155401	0
3	126157509	126155498	0
3	126158490	126157342	0
3	126158640	126154553	0
3	126158640	126157342	0
3	126158640	126157364	0
3	126158640	126157399	0
3	126159567	126158404	0
3	126159567	126158597	0
3	126161003	126157342	0
3	126161003	126158404	0
3	126161003	126158415	0
3	126161003	126158466	0
3	126161003	126159382	0
3	126290758	126288866	0
3	126294025	126290680	0
3	126352948	126342634	0
3	126354286	126352674	0
3	126357443	126351840	0
3	126393654	126393031	0
3	126394398	126393032	0
3	126394589	126393032	0
3	126433205	126434175	0
3	126433475	126434175	0
3	126439728	126437600	0
3	126439728	126437618	0
3	126443410	126437600	0
3	126462221	126441764	0
3	126462221	126459652	11
3	126466326	126461082	2
3	126466326	126461269	2
3	126466326	126461534	1
3	126483469	126481280	0
3	126483469	126481854	0
3	126529373	126526998	0
3	126542125	126542305	0
3	126549608	126529131	0
3	126552123	126549536	0
3	126552123	126549672	0
3	126572643	126571778	0
3	126572643	126571781	0
3	126607974	126572155	0
3	126608556	126607650	0
3	126608634	126607051	0
3	126608634	126607488	0
3	126608634	126607904	0
3	126629472	126622463	0
3	127287373	127283783	0
3	127324732	127322306	0
3	12735618	12733524	0
3	12735618	12733557	0
3	12735618	12733915	0
3	12735618	12734636	0
3	12735618	12734658	0
3	12735618	12734706	0
3	12737755	12736763	0
3	12737869	12736763	0
3	12738169	12737517	0
3	12738169	12737706	0
3	12742518	12736763	0
3	127485700	127480689	0
3	127499731	127485560	0
3	127499743	127497600	0
3	127499744	127499104	0
3	127533770	127499684	0
3	127533770	127532384	0
3	127534407	127532384	0
3	127534407	127533576	0
3	127534407	127533624	0
3	127534407	127533634	0
3	127535464	127534116	0
3	127535464	127534234	0
3	127536813	127534116	0
3	127537781	127534116	0
3	127575266	127571265	1
3	127575266	127573068	1
3	127575266	127573086	2
3	127575266	127573092	2
3	127575266	127573130	2
3	127575266	127573145	2
3	127575506	127575184	0
3	127575684	127574977	0
3	127575810	127575184	0
3	127576051	127575184	0
3	127576051	127575402	0
3	127576051	127575748	0
3	127576697	127575937	0
3	127576697	127575939	0
3	127576894	127576615	0
3	127576894	127576616	0
3	127580164	127579739	0
3	127580438	127579739	0
3	127588161	127580021	0
3	127590593	127580021	0
3	127590704	127580021	0
3	127590708	127580021	0
3	127590735	127580021	0
3	127590770	127580021	0
3	127591096	127580021	0
3	127591951	127580021	0
3	127594934	127580021	0
3	127595141	127580021	0
3	127595691	127580021	0
3	127599149	127599317	0
3	127620881	127621072	0
3	127621229	127621662	0
3	127625336	127620105	0
3	127676115	127676271	1
3	127676582	127676966	0
3	127677084	127677167	0
3	127677564	127677675	1
3	127677844	127679572	0
3	127677844	127679984	0
3	127679680	127679984	1
3	127693202	127692131	4
3	127695191	127689061	0
3	127695191	127689065	0
3	127695191	127692110	2
3	127695191	127692111	2
3	127695191	127692116	2
3	127695191	127692138	2
3	127710666	127692116	0
3	127710666	127694974	0
3	127714147	127694974	0
3	127715931	127710575	0
3	127721164	127692116	1
3	127721164	127694974	0
3	127721164	127710575	0
3	127721164	127710619	0
3	127721164	127715473	0
3	127721172	127715852	0
3	127722567	127721052	0
3	127722567	127721075	0
3	127722571	127721052	0
3	127736358	127722429	0
3	127781896	127722429	0
3	127781896	127722549	0
3	127784009	127781788	0
3	127791262	127781788	0
3	127799465	127781788	2
3	127821839	127781788	0
3	128044204	127854068	0
3	128052560	128052834	3
3	128064939	128065020	116
3	128068914	128064777	2
3	128082575	128068635	0
3	128082575	128080959	0
3	128082575	128081181	0
3	128087796	128083601	1
3	128087809	128064784	0
3	128087809	128082482	1
3	128087812	128084842	0
3	128087845	128082482	1
3	128097499	128064781	0
3	128097499	128082482	0
3	128153915	128119327	0
3	128194453	128181401	0
3	12839531	12834484	10
3	12839531	12834945	15
3	12839531	12836049	39
3	12839531	12836059	39
3	12839531	12836101	41
3	12839585	12836046	36
3	12840243	12839050	71
3	12840243	12839348	51
3	12840243	12839440	67
3	12840342	12839348	51
3	12840354	12839348	51
3	12840883	12840141	70
3	12841530	12839348	64
3	12841544	12840141	65
3	12841545	12840141	65
3	12841546	12840141	63
3	12841547	12840141	65
3	12841583	12840141	56
3	12841589	12840141	53
3	128463728	128463899	0
3	128465437	128462441	0
3	128466969	128462438	0
3	128481903	128480145	2
3	128481945	128479426	2
3	128481945	128481018	0
3	128482079	128480145	0
3	128486369	128483859	1
3	128487077	128485726	2
3	128487077	128486147	0
3	128487917	128486802	0
3	128487922	128486802	0
3	128489416	128489778	8
3	128489671	128489778	9
3	128490649	128486802	0
3	128492223	128487007	1
3	128493186	128486802	0
3	128575387	128571999	0
3	128622410	128619969	1
3	128622410	128620158	3
3	128626013	128625533	1
3	128626833	128625873	0
3	128627267	128625973	0
3	128632158	128629950	1
3	128638106	128631947	0
3	128638106	128632120	0
3	128642565	128637819	0
3	128644647	128638037	0
3	128644651	128641045	0
3	128644984	128637798	0
3	128644984	128644534	0
3	128650817	128644918	0
3	128650821	128644918	0
3	128650822	128644514	0
3	128650850	128644918	0
3	128651530	128644918	0
3	128675575	128674734	0
3	128681076	128644918	0
3	12878994	12877521	0
3	128865447	128861312	0
3	128865605	128861545	0
3	128871541	128869603	2
3	128909422	128910020	1
3	128912706	128912802	131
3	128915276	128909873	0
3	128915276	128910272	0
3	128916272	128915356	0
3	128932998	128915356	0
3	128945976	128935124	0
3	128965646	128945578	0
3	128965696	128945070	0
3	128969405	128945070	0
3	128971331	128969310	0
3	128971434	128909865	0
3	128971434	128965510	0
3	128975904	128966588	0
3	128975904	128970979	0
3	128975904	128971286	0
3	128975904	128971323	0
3	128977067	128975778	0
3	128978186	128976978	0
3	128978186	128977012	0
3	128978316	128976978	0
3	12902823	12897219	0
3	12902823	12900752	0
3	12902823	12900848	0
3	12908526	12900576	0
3	12908526	12902772	0
3	129092594	129090493	0
3	12909435	12908348	0
3	129095170	129087568	0
3	129095170	129087574	0
3	129095170	129092499	0
3	129095170	129092513	0
3	129121493	129094985	0
3	129121493	129095114	0
3	129121782	129094985	0
3	129121791	129094985	0
3	129121805	129094985	0
3	129130189	129094985	0
3	129130637	129127414	0
3	129130637	129129373	70
3	129130637	129129878	0
3	129130637	129130016	0
3	129130637	129130087	0
3	129130704	129129790	0
3	129134196	129130549	0
3	129134955	129130549	0
3	129134955	129134073	0
3	129134955	129134074	0
3	12913554	12911628	0
3	129140486	129130549	0
3	129140486	129134073	0
3	12915134	12913427	0
3	12915134	12913458	0
3	129171278	129169483	46
3	129171278	129169568	46
3	129171281	129169486	35
3	129171284	129169486	26
3	129171284	129170101	4
3	129171509	129171078	28
3	129171539	129169486	26
3	129171539	129170231	26
3	129171539	129171078	26
3	129171539	129171167	26
3	129171772	129171078	25
3	129171772	129171445	24
3	129183865	129171633	9
3	129183897	129171251	10
3	129183900	129171445	9
3	129183900	129171633	15
3	129183900	129171654	15
3	129183906	129171654	15
3	129183911	129171445	9
3	129183911	129171633	15
3	129183911	129171654	15
3	129183923	129171445	15
3	129183923	129171633	15
3	129183923	129171651	15
3	129252695	129252875	0
3	129315639	129315805	1238
3	129323977	129323045	0
3	129325427	129323827	0
3	12936698	12924580	0
3	129393796	129382921	0
3	129393796	129391154	0
3	129393796	129393171	1
3	129396294	129393634	1
3	129396421	129393634	8
3	129397110	129396217	7
3	129397137	129393634	2
3	129397141	129393606	2
3	129397141	129393634	2
3	129397141	129396195	12
3	129397141	129396216	12
3	129399406	129397039	1
3	129399420	129397039	1
3	129399440	129393634	1
3	129399496	129397039	2
3	129402579	129401321	0
3	129402580	129401320	0
3	129402580	129401325	0
3	129404404	129401321	0
3	129411355	129408644	0
3	129415402	129408644	0
3	129415402	129411157	0
3	129415402	129411266	0
3	129418449	129411157	0
3	12941866	12935447	2
3	12941866	12936550	0
3	129432607	129430943	3
3	129432607	129430949	3
3	129432607	129430951	3
3	129432607	129431265	3
3	129432607	129431454	3
3	129433248	129432175	2
3	129433248	129432502	2
3	129433248	129432555	1
3	129433248	129432576	1
3	129433554	129432532	1
3	129433985	129433097	0
3	129434104	129433097	0
3	129434137	129433849	16
3	129434137	129433858	14
3	129437309	129434061	13
3	129437951	129434061	4
3	129437951	129436442	5
3	129437951	129436460	5
3	129437951	129437046	7
3	129439928	129433097	9
3	129512413	129514388	0
3	129514555	129515487	0
3	129556692	129555174	15
3	129556692	129555213	12
3	129556692	129555217	12
3	129557035	129555213	1
3	129557224	129556616	2
3	129558576	129557082	0
3	129558698	129557082	0
3	129559784	129558427	0
3	129559784	129558535	0
3	129560415	129559164	0
3	129560435	129558427	0
3	129560435	129559612	0
3	129560435	129559619	0
3	129562944	129561799	0
3	129563214	129562472	0
3	129563241	129562786	0
3	129565539	129563093	0
3	129569958	129567697	0
3	129570936	129569188	1
3	129570936	129569842	2
3	129571205	129570785	4
3	129571304	129570683	3
3	129571304	129570785	4
3	129571304	129570871	4
3	129571600	129571039	0
3	129571724	129571508	0
3	129571845	129571508	0
3	129571845	129571539	0
3	129571859	129571508	0
3	129574491	129573593	1
3	129575563	129574335	0
3	129583670	129578328	0
3	129584234	129583566	0
3	129584234	129583630	0
3	129586082	129584124	0
3	129586082	129584384	0
3	129586273	129585951	0
3	129606819	129589350	0
3	129655104	129647791	0
3	129655104	129647793	0
3	129655104	129647826	1
3	129656727	129654966	0
3	129671265	129654967	0
3	12967461	12960276	0
3	12967669	12941570	0
3	129688733	129670329	0
3	129828078	129670329	0
3	129828078	129671248	0
3	129828509	129670329	0
3	129832827	129670329	0
3	129832827	129827755	0
3	129832827	129827802	0
3	129832827	129828018	0
3	129832827	129828450	0
3	129839061	129832773	0
3	129857406	129838897	0
3	129857406	129848342	0
3	129857406	129848345	0
3	129861013	129857249	0
3	129861013	129857359	0
3	129867099	129832757	0
3	129867099	129832773	0
3	129867099	129857249	0
3	129867101	129832773	0
3	12987037	12941570	0
3	129880467	129832773	0
3	129880560	129832773	0
3	129880560	129857247	0
3	129880560	129857249	0
3	129880560	129860939	0
3	129880560	129867009	0
3	129880563	129860939	0
3	129889105	129880308	0
3	129892746	129880308	0
3	129893322	129880308	0
3	129893420	129880308	0
3	129893533	129880308	0
3	129893552	129832773	0
3	129893552	129880308	0
3	129893576	129880308	0
3	129893577	129832773	0
3	129893577	129880308	0
3	12994385	12941570	0
3	12995127	12941570	0
3	129962273	129954104	0
3	130050998	130048142	0
3	130091121	130089432	0
3	130102914	130099257	4
3	130102936	130099091	0
3	130103823	130102763	3
3	130104007	130102763	3
3	130104298	130102763	1
3	13022597	12941570	0
3	13042441	12941570	0
3	130431471	130431475	0
3	13047523	12941570	0
3	130680722	130678934	0
3	130680722	130679009	0
3	130681066	130680520	0
3	130681066	130680603	0
3	130681066	130680612	0
3	130681072	130680612	0
3	130708493	130706947	0
3	130716600	130708290	0
3	130716600	130708321	0
3	130718535	130716395	0
3	130718535	130716416	0
3	130718535	130716423	0
3	130723588	130718388	0
3	130723588	130718530	0
3	13073118	12941570	0
3	130894454	130894589	0
3	130919121	130918225	0
3	130929977	130899413	0
3	131015257	131013874	0
3	131016340	131013874	0
3	131016340	131013981	0
3	131016340	131015181	0
3	131017050	131016143	1
3	131018696	131016290	0
3	131018717	131016143	0
3	131018717	131016989	0
3	131024239	131018504	0
3	131024451	131018505	0
3	131025332	131018505	0
3	131025332	131024004	0
3	131025540	131025163	0
3	131025595	131024004	0
3	131025595	131025157	0
3	131025595	131025285	0
3	131026587	131025161	1
3	131027007	131027929	0
3	131027203	131027929	0
3	131027650	131027247	0
3	131054582	131053359	0
3	131054586	131053316	0
3	131054586	131053359	0
3	131072336	131053359	0
3	131327731	131325091	0
3	131330868	131328372	0
3	131330869	131327562	0
3	131361598	131330087	0
3	131361612	131330808	0
3	131362069	131362171	0
3	131362072	131362171	0
3	131376708	131327176	0
3	131382316	131383161	24
3	131383273	131383343	116
3	131468169	131462211	2
3	131468169	131462435	1
3	131468169	131462553	1
3	131468169	131462555	1
3	131469774	131468090	1
3	131471280	131469695	2
3	131471280	131469731	2
3	131471335	131469695	4
3	131487741	131471170	0
3	131490024	131487149	0
3	131490081	131487679	1
3	131490081	131487680	1
3	131490081	131488670	0
3	131498278	131489980	0
3	131500485	131498178	2
3	131500522	131489980	0
3	131500522	131497979	2
3	131500522	131498178	2
3	131500522	131498246	2
3	131538941	131534742	0
3	131542794	131533561	0
3	131542794	131533564	0
3	131542794	131534736	0
3	131542794	131534875	0
3	131542794	131534942	0
3	131542794	131535022	0
3	131543094	131533554	0
3	13164134	13047477	0
3	131696617	131685874	0
3	131699981	131696541	0
3	131723626	131699908	0
3	131723632	131699908	0
3	131905445	131723445	0
3	131905445	131723557	0
3	131905445	131723585	0
3	132017756	131905263	0
3	132034760	131905263	0
3	132034799	131905263	0
3	132035443	131905263	0
3	132035443	132034566	0
3	132035443	132034746	0
3	132037711	131905263	0
3	132037711	132034566	0
3	132037711	132035311	0
3	132037711	132035334	0
3	132037720	132034566	0
3	132037805	131905263	0
3	132284171	132039524	0
3	132356856	132358416	0
3	132559943	132558137	0
3	132559943	132558141	0
3	132559943	132558143	0
3	132559943	132558471	0
3	132559943	132558823	0
3	132577016	132561100	0
3	132577016	132575771	0
3	132578882	132576943	0
3	132579057	132576943	0
3	132579559	132576943	0
3	132579559	132578548	0
3	132579559	132578795	0
3	132579559	132578832	0
3	132603328	132578795	0
3	132603328	132579178	0
3	132603328	132579491	0
3	132618722	132605097	0
3	132618773	132605097	0
3	132619546	132618249	0
3	132619546	132618633	0
3	132626818	132605097	0
3	132630559	132628339	0
3	132631480	132630436	0
3	132644892	132642676	0
3	132644897	132642676	0
3	132659650	132644796	0
3	132659845	132644796	2
3	132660051	132660184	20
3	132660063	132630444	0
3	132660067	132644796	0
3	132660083	132644796	0
3	132660478	132660600	68
3	132660699	132660898	23
3	132660724	132644796	0
3	132671882	132672049	0
3	132675384	132675604	0
3	132682091	132644796	0
3	132682091	132644837	0
3	132682819	132680608	0
3	132682819	132681430	0
3	132682819	132681624	0
3	132682819	132681627	0
3	132682819	132681913	0
3	132683525	132681281	0
3	132683525	132681627	0
3	132683525	132682702	0
3	132691287	132690527	0
3	132692819	132691191	0
3	132692819	132691225	0
3	132693866	132691191	0
3	132694966	132691191	0
3	132700062	132697259	0
3	132700062	132699352	0
3	132700449	132699917	0
3	132700449	132700003	0
3	132705815	132704197	0
3	132708258	132705673	0
3	132708258	132705739	0
3	132718118	132716756	0
3	132719145	132716756	0
3	132719145	132717954	0
3	132719145	132717992	0
3	132721708	132719704	0
3	132722008	132719704	1
3	132722405	132719704	2
3	132722415	132721444	7
3	132722443	132719704	2
3	132722460	132719704	2
3	133037053	133015003	0
3	13319156	13316234	0
3	133248598	133246105	0
3	133253453	133246425	0
3	133253453	133248377	0
3	13336919	13335453	0
3	13337918	13336786	0
3	13340034	13336808	0
3	133445576	133429268	0
3	13351981	13343174	0
3	13352185	13351660	0
3	13352185	13351662	0
3	13352185	13351878	0
3	133598631	133598174	7
3	133608697	133598174	0
3	133608697	133598555	0
3	133608697	133600270	0
3	133608697	133600572	0
3	133616926	133612388	0
3	133617327	133616813	4
3	133617527	133616820	4
3	133618434	133617159	3
3	133620348	133618132	2
3	133620348	133618212	2
3	133628392	133624051	0
3	133628472	133624051	0
3	133628731	133628106	1
3	133628734	133628361	1
3	133644364	133643199	0
3	133649634	133644019	0
3	133649634	133644096	0
3	133649943	133644112	0
3	133649944	133649382	9
3	133649944	133649604	13
3	133774940	133775432	0
3	133777239	133778585	0
3	133806140	133799439	0
3	133828853	133824242	1
3	133834642	133824238	0
3	133834642	133827427	0
3	133834642	133828652	0
3	133838260	133834574	0
3	133839618	133838165	0
3	133839618	133838189	0
3	133839618	133838248	0
3	133841391	133839505	0
3	133841664	133841284	0
3	133841664	133841325	0
3	133864643	133827747	0
3	133935898	133928144	0
3	133935898	133934610	0
3	133935898	133934638	0
3	133942769	133938428	0
3	133945261	133942311	0
3	133945261	133942604	0
3	133948701	133945094	0
3	133948701	133947255	0
3	133948972	133948535	0
3	133949217	133948653	0
3	133951345	133948892	0
3	133953762	133950951	0
3	133953762	133951207	0
3	133973826	133948535	0
3	133973826	133953662	0
3	133973826	133954965	0
3	133973826	133955342	0
3	133979619	133973662	0
3	133998787	133979480	0
3	134029915	133979480	0
3	134029924	133979480	0
3	134029926	133979480	0
3	134030077	133979480	0
3	134052185	133979546	0
3	134057649	134055255	0
3	134066112	134065302	0
3	134159374	134157132	0
3	134159374	134157133	0
3	134175769	134075034	0
3	134175769	134159236	0
3	134175769	134159282	0
3	134176040	134175608	0
3	134176040	134175702	0
3	134183034	134177940	0
3	134183072	134175929	0
3	134183072	134177940	0
3	134183404	134175929	0
3	134188924	134183001	0
3	134202875	134195081	0
3	134207526	134202536	0
3	134207526	134202729	0
3	134356562	134351851	5
3	134358717	134355876	305
3	134358717	134357550	325
3	134358720	134355873	316
3	134358720	134356184	320
3	134367804	134366282	88
3	134371495	134367496	37
3	134371495	134367653	38
3	134371495	134367752	34
3	134371844	134371334	10
3	134371913	134370999	10
3	134373603	134370839	6
3	134373795	134370980	15
3	134373798	134371063	11
3	134374446	134370699	15
3	134374448	134370699	15
3	134374561	134371312	7
3	134374563	134371189	3
3	134374595	134370699	4
3	134374919	134371051	7
3	134375480	134370699	7
3	134482932	134477705	1
3	134482932	134477707	1
3	134482932	134477710	1
3	134482932	134478075	2
3	134483254	134478477	10
3	134485704	134482741	11
3	134485990	134482805	19
3	134486024	134482805	13
3	134486027	134482805	13
3	134486717	134482805	8
3	134608840	134603137	0
3	134608840	134603281	0
3	134610384	134603431	0
3	134610384	134607000	0
3	134610384	134608648	0
3	134619266	134610194	0
3	134619266	134610521	0
3	134619266	134612959	0
3	134628004	134627755	0
3	134629696	134627755	0
3	13480054	13476981	0
3	135147280	135138468	0
3	135157202	135147200	0
3	135261060	135258135	0
3	135379428	135356066	0
3	135379428	135373794	0
3	135379848	135379045	0
3	135379848	135379261	0
3	135439863	135260938	0
3	136194555	136150626	0
3	136195847	136148921	0
3	136196328	136152373	0
3	136196590	136152211	0
3	136197242	136152195	0
3	136260356	136260478	0
3	136326911	136327154	0
3	136338451	136336232	32
3	136338451	136336235	32
3	136338451	136337156	45
3	136338451	136337387	35
3	136338451	136338094	0
3	136349364	136343831	0
3	136357849	136348788	0
3	136357849	136349157	0
3	13637573	13638115	0
3	136417973	136398748	0
3	136421164	136417557	0
3	136421164	136417884	0
3	136423045	136422767	0
3	136433660	136422951	0
3	136433660	136422956	0
3	136500297	136477288	0
3	136502780	136499765	0
3	136502780	136500222	0
3	136518416	136502627	0
3	136521418	136502627	0
3	136521418	136518042	0
3	136521418	136518247	0
3	136623249	136604308	0
3	136752367	136630869	0
3	136752369	136630869	0
3	136752373	136630869	0
3	136752378	136630869	0
3	136752379	136630869	0
3	136752404	136630869	0
3	136809624	136808550	0
3	136846587	136841725	0
3	136846587	136842190	0
3	136846587	136842456	0
3	136858604	136846527	0
3	136862038	136846527	3
3	136862055	136846527	2
3	136945753	136946128	71
3	136945753	136946151	68
3	136982197	136959124	0
3	138064768	138061989	0
3	138067641	138064402	0
3	138067701	138064627	0
3	138068368	138067530	0
3	138071836	138068150	0
3	138071836	138068982	0
3	138077633	138068300	0
3	138080621	138077498	0
3	138081765	138080566	0
3	138081830	138080348	0
3	138087024	138081733	0
3	138087024	138084112	0
3	138088508	138086960	0
3	138088901	138086973	0
3	138092466	138088378	0
3	138092545	138088378	0
3	138094984	138092351	0
3	138094984	138092382	0
3	138103779	138097762	0
3	138104053	138097762	0
3	138112501	138103470	0
3	138112501	138103770	0
3	138112501	138103853	0
3	138115610	138103470	0
3	138131283	138123717	0
3	138163495	138161011	6
3	138163859	138163348	0
3	138164204	138163348	2
3	138171714	138170106	3
3	138171714	138171319	2
3	138173627	138167080	0
3	138187355	138187468	3
3	138237385	138237481	0
3	138263822	138264130	0
3	138303644	138261436	0
3	138303644	138262090	0
3	138303644	138262539	0
3	138303644	138301379	0
3	138305028	138303506	0
3	138306097	138303270	0
3	138306097	138303506	0
3	138306097	138304872	0
3	138306481	138305975	0
3	138306481	138306003	0
3	138306481	138306033	0
3	138319581	138318147	0
3	138319582	138314331	0
3	138319582	138318147	0
3	138324595	138319477	0
3	138324930	138319477	0
3	138324931	138319477	0
3	138324931	138324174	0
3	138324933	138319477	0
3	138327129	138324872	0
3	138329340	138324872	0
3	138329364	138324872	0
3	138329824	138324872	0
3	138470147	138470876	0
3	138498111	138494343	0
3	138498111	138494757	0
3	138498111	138495002	0
3	138498111	138495012	0
3	138498111	138496909	0
3	138500181	138498030	0
3	138500225	138498030	0
3	138500568	138499883	0
3	138500568	138500109	0
3	138525565	138508438	0
3	138529288	138525489	0
3	138529463	138529198	0
3	138529463	138529228	0
3	138532571	138529374	0
3	138532571	138531506	0
3	138537348	138532513	0
3	13854804	13816257	0
3	138570499	138536918	0
3	138570499	138537177	0
3	138571158	138570317	0
3	138571158	138570434	0
3	138572915	138571265	0
3	138572933	138571265	0
3	138572985	138571265	0
3	138591957	138537177	0
3	138591957	138571033	0
3	138591957	138571265	0
3	138591957	138572858	0
3	138593081	138591865	0
3	138594130	138591853	0
3	138594225	138591853	0
3	138594239	138591853	0
3	138594249	138591853	0
3	138594255	138591853	0
3	138594320	138591853	0
3	138594340	138591853	0
3	138594346	138591853	0
3	138594357	138591853	0
3	138594539	138591853	0
3	138621283	138621406	0
3	138644695	138643873	0
3	138656275	138652698	5
3	138656275	138654017	5
3	138656275	138654019	5
3	138656275	138654021	5
3	138656275	138654067	5
3	138656275	138655087	0
3	138656275	138655149	0
3	138657836	138656141	0
3	138663934	138657282	0
3	138664030	138657689	0
3	138682046	138665035	0
3	138682061	138665035	0
3	138683788	138665035	0
3	138683788	138681966	0
3	138683788	138681983	0
3	138684804	138683677	0
3	138685127	138683677	0
3	138688975	138683677	0
3	138714716	138712207	2
3	138714720	138712207	1
3	138733439	138714467	0
3	138733439	138714659	0
3	13875114	13863667	0
3	13875174	13854531	0
3	138755980	138737706	0
3	138755980	138742557	0
3	138759360	138755753	0
3	138759360	138755756	0
3	138759360	138755848	0
3	13875956	13874945	0
3	138770118	138759172	0
3	138770556	138759174	0
3	138796568	138759172	0
3	138796568	138770050	0
3	13880122	13874946	0
3	138834753	138759172	0
3	138834834	138796462	0
3	138834918	138759172	0
3	138834939	138796462	0
3	138889958	138889254	0
3	138942579	138940427	0
3	138942619	138935188	0
3	138942619	138937907	0
3	138949640	138950264	0
3	139350323	139350976	3
3	139350323	139351030	3
3	139351061	139352646	1
3	13935491	13935918	0
3	139358272	139355599	35
3	139358272	139357405	47
3	139358272	139357592	2
3	139358744	139357822	2
3	139367146	139357831	2
3	139374589	139373665	0
3	139375615	139374239	0
3	139375615	139374488	0
3	139378127	139375597	0
3	139378190	139375467	0
3	139379174	139378040	1
3	139379174	139378124	1
3	139379467	139379046	1
3	139379467	139379055	1
3	139379467	139379075	1
3	139379467	139379083	1
3	139383436	139379379	0
3	139383436	139379771	0
3	139385201	139383297	0
3	139385430	139383297	0
3	139389561	139385003	0
3	139389588	139383297	1
3	139389627	139385003	0
3	139389641	139383297	0
3	139389647	139380010	0
3	139389649	139385003	0
3	139389671	139385003	0
3	139389677	139383297	0
3	139389681	139383297	0
3	139389733	139383297	0
3	139454831	139452883	0
3	139462291	139454728	0
3	139462291	139454771	0
3	139476511	139462111	0
3	139476517	139462111	0
3	139480593	139476386	0
3	139480748	139476386	0
3	139518523	139517433	0
3	139518523	139517573	0
3	139518636	139517433	0
3	139538960	139518420	0
3	139538960	139524406	0
3	139538960	139525698	0
3	139538960	139525784	0
3	139538960	139526404	0
3	139572234	139560222	0
3	139572234	139561150	0
3	139572234	139565396	0
3	139572234	139569272	0
3	139573681	139560179	0
3	139573681	139560190	0
3	139573681	139560215	0
3	139573681	139560581	0
3	139573681	139561086	0
3	139573681	139572106	0
3	139575649	139573597	0
3	139575995	139573597	0
3	139579056	139560215	0
3	139579056	139560841	0
3	139579056	139561332	0
3	139579056	139573597	0
3	139579056	139573632	0
3	139583078	139578871	0
3	139583209	139578871	0
3	139627762	139578871	0
3	139627765	139560191	0
3	139627765	139578871	0
3	139627765	139582926	0
3	139627765	139599147	0
3	139634648	139578871	0
3	139634648	139627615	0
3	139638063	139578871	0
3	139638063	139627615	0
3	139638063	139634359	0
3	139638063	139634610	0
3	139672713	139637962	0
3	139677719	139637962	0
3	139677737	139637962	0
3	139677743	139637962	0
3	139677829	139637962	0
3	139677851	139627615	0
3	139677947	139637962	0
3	139677953	139637962	0
3	139677966	139637962	0
3	139677973	139634388	0
3	139677999	139637962	0
3	139678005	139637962	0
3	139678006	139637962	0
3	139678017	139637962	0
3	139678018	139637962	0
3	139689343	139688402	0
3	140450044	140449434	0
3	140450044	140449509	0
3	140452666	140449941	0
3	140453281	140452452	0
3	140454419	140452527	0
3	140462826	140460999	0
3	140508790	140505610	0
3	14064274	14064862	0
3	141117138	141115123	0
3	14116525	14112076	0
3	14116525	14112092	0
3	14116525	14113143	0
3	141234957	141235397	0
3	141366373	141267352	0
3	141367138	141366300	0
3	141386756	141386871	0
3	141386938	141387440	0
3	141447050	141447635	14
3	14147380	14145146	2
3	14147380	14145728	3
3	14148002	14147289	0
3	14148732	14147466	0
3	14148732	14147907	0
3	14148929	14148561	0
3	14148949	14148561	0
3	14152417	14148813	0
3	14156496	14152334	0
3	14158893	14156334	0
3	14159831	14158010	0
3	14159831	14158806	0
3	14164934	14159740	0
3	14165586	14164365	0
3	14165586	14164812	0
3	14165586	14164906	0
3	14167254	14165427	0
3	14167268	14165427	0
3	14168381	14167168	0
3	14170461	14168256	0
3	14170551	14167168	0
3	14170551	14168256	0
3	14170551	14168270	1
3	14170615	14168256	0
3	141709833	141709015	0
3	141746120	141746254	6
3	141919022	141918251	1
3	141953017	141944427	2
3	141953017	141944434	2
3	141953017	141951501	0
3	141953017	141952142	6
3	141953017	141952275	0
3	141953017	141952480	0
3	141953017	141952495	0
3	141959841	141952828	0
3	141959841	141952910	0
3	141963836	141959673	0
3	141963964	141959673	0
3	141963964	141959799	0
3	141970142	141963811	0
3	141970142	141963819	0
3	141970142	141963851	0
3	141974192	141970072	0
3	141974195	141970072	0
3	141978683	141970072	0
3	141978683	141974047	0
3	141978683	141974066	0
3	141978689	141974104	0
3	141993586	141978519	0
3	141993586	141978587	0
3	141993586	141989066	0
3	141995142	141993537	0
3	141995142	141993572	0
3	141995230	141993537	0
3	142000354	141995019	0
3	142000355	141995019	0
3	142005470	141995019	0
3	142005545	141978536	0
3	142005545	141993537	0
3	142005545	141994269	0
3	142005545	141995019	0
3	142005545	141995062	0
3	142005545	141995070	0
3	142005545	142000251	0
3	142005545	142000324	0
3	142028627	141978519	0
3	142028632	141995019	0
3	142054150	142005440	0
3	142090839	142005440	0
3	142093128	141995095	0
3	142093128	142005440	0
3	142093128	142054114	0
3	142101758	142093060	0
3	142101842	142005440	0
3	142101842	142093030	0
3	142101842	142093060	0
3	142149471	142101734	0
3	142149522	142005440	0
3	142149522	142101734	0
3	142149533	142101734	0
3	142149538	142005440	0
3	142149538	142054114	0
3	142149538	142101734	0
3	142149545	142101734	0
3	142165771	142163571	2
3	142170459	142157526	0
3	142170459	142163908	0
3	142170459	142163918	0
3	142170459	142165637	0
3	142170459	142165698	0
3	142171479	142170182	0
3	142171479	142170324	0
3	142181471	142177481	0
3	142181566	142172352	0
3	142181566	142177481	0
3	142183050	142181460	0
3	142183067	142181460	0
3	142183489	142181461	0
3	142186268	142185928	0
3	142186514	142186165	0
3	142186514	142186193	0
3	142198934	142187703	0
3	142204789	142198801	0
3	142204789	142198856	0
3	142204789	142204272	0
3	142204789	142204296	0
3	142213602	142204216	0
3	142213602	142204674	0
3	142213602	142204694	0
3	142312759	142306606	6
3	142312759	142309391	4
3	142312759	142311260	0
3	142318695	142312597	0
3	142318695	142313135	0
3	142318904	142318591	0
3	142318904	142318646	1
3	142329616	142318789	0
3	142332425	142318789	0
3	142332532	142329433	0
3	142332535	142329433	0
3	142332535	142329483	0
3	142333090	142329433	0
3	142355497	142347233	0
3	142357120	142355323	0
3	142357120	142355400	0
3	142370589	142365309	0
3	142370621	142365309	0
3	142371329	142370484	0
3	142376595	142375797	0
3	142380181	142376248	0
3	142380181	142376478	0
3	142412656	142404906	0
3	142412664	142404906	0
3	142414292	142412543	0
3	142414341	142412547	0
3	142418610	142417139	1
3	142418882	142417840	0
3	142418882	142418418	1
3	142418882	142418503	1
3	142421154	142418814	0
3	142422751	142421475	0
3	142422923	142422581	0
3	142422923	142422634	0
3	142426842	142425428	0
3	142429775	142426743	0
3	142432894	142423559	0
3	142432894	142426563	0
3	142432894	142426743	0
3	142436057	142435012	0
3	142447993	142432660	0
3	142448011	142432660	0
3	142448013	142432660	0
3	142448028	142432660	0
3	142448063	142432660	0
3	142450603	142449234	0
3	142450603	142449236	0
3	142453167	142450465	0
3	142453234	142449236	0
3	142453234	142450465	0
3	142457711	142453127	0
3	142457756	142449237	0
3	142457756	142453127	0
3	142457804	142452752	0
3	142466534	142465096	0
3	142472338	142465314	0
3	142496521	142493131	0
3	142497193	142496360	0
3	142497193	142496389	0
3	142497193	142496396	0
3	142556140	142553824	0
3	142556576	142555876	0
3	142556576	142556069	0
3	142558777	142556382	0
3	142559002	142556382	0
3	142560455	142559250	0
3	142561422	142559250	0
3	142561422	142560262	0
3	142561422	142560338	0
3	142656746	142654783	0
3	142724472	142724541	6
3	142816613	142815921	0
3	142818466	142816534	0
3	142821046	142817868	0
3	142821046	142817914	0
3	142821046	142818187	0
3	142821046	142818258	0
3	142821101	142817925	0
3	142823616	142820877	0
3	142823616	142820966	0
3	142829732	142823531	0
3	142829847	142823531	0
3	142829856	142823531	0
3	142838907	142820877	0
3	142838907	142829676	0
3	142838907	142829691	0
3	142848323	142842923	0
3	142848345	142843244	0
3	142848473	142842923	0
3	142848473	142846651	0
3	142887778	142848216	0
3	142887778	142863888	0
3	142887778	142864109	0
3	142888746	142887668	0
3	142888900	142887668	0
3	142888928	142887225	0
3	142889023	142887668	5
3	142889062	142887668	8
3	142889204	142887668	0
3	142889207	142887668	0
3	142952851	142949163	0
3	142952851	142951562	0
3	142962251	142952790	0
3	142962558	142952790	0
3	142964637	142964745	0
3	14303846	14272372	0
3	143268981	143265221	0
3	143314430	143313066	0
3	143363564	143268874	0
3	143382115	143363483	0
3	143467191	143382059	0
3	14349466	14348450	0
3	143552451	143495334	0
3	143574194	143552361	0
3	143574194	143552418	0
3	143652361	143578584	0
3	143693308	143652254	0
3	143698150	143693191	0
3	143795078	143693191	0
3	143795078	143693209	0
3	143796904	143795000	0
3	143832222	143795012	0
3	143848459	143832018	0
3	143848470	143847593	0
3	143848486	143796825	0
3	143848532	143832018	0
3	14494990	14489110	0
3	14494990	14491169	0
3	14494990	14493205	0
3	14521788	14520389	0
3	14523076	14521641	0
3	14523699	14522999	0
3	14524539	14520691	0
3	14524539	14523611	0
3	14525573	14520691	0
3	14525573	14524392	0
3	14540344	14525850	0
3	14540375	14525850	0
3	14540391	14525850	0
3	14556057	14525850	0
3	14556076	14525850	0
3	146069186	146066343	0
3	146071168	146069439	45
3	146071168	146069443	45
3	146071168	146070180	104
3	146071171	146070240	72
3	146072666	146071276	0
3	146073353	146072560	0
3	146073658	146072556	0
3	146076896	146073286	0
3	146077925	146076781	0
3	146079258	146075924	0
3	146079258	146076781	0
3	146079258	146077861	0
3	146081864	146079115	0
3	146085274	146081737	0
3	146085274	146081790	0
3	146085890	146081737	0
3	146086736	146081737	0
3	146102853	146091799	0
3	146104343	146102754	0
3	146104343	146102759	0
3	146106645	146104278	0
3	146110449	146106531	0
3	146121249	146110284	0
3	146121249	146110299	0
3	146195283	146192338	0
3	146195283	146192404	0
3	146195283	146194290	0
3	146195283	146194356	0
3	146196794	146195123	0
3	146200040	146196631	0
3	146201078	146196404	0
3	146201078	146199812	0
3	146201078	146200008	0
3	146206762	146196631	0
3	146206762	146196705	0
3	146206762	146201034	0
3	146220926	146206525	0
3	146220926	146206586	0
3	146344202	146342995	0
3	146395922	146391362	0
3	146395922	146391420	0
3	146398824	146395739	0
3	146401560	146395759	0
3	146441822	146433287	0
3	146441822	146433294	0
3	146441822	146433444	0
3	146449368	146441757	0
3	146449368	146441763	0
3	146454164	146449205	0
3	146455460	146454001	0
3	146458454	146395759	0
3	14649433	14648193	0
3	146495936	146460171	0
3	146495955	146494593	0
3	146495992	146459847	0
3	146517168	146515179	0
3	146517168	146515180	0
3	146517168	146515801	0
3	146517168	146515816	0
3	146517168	146515951	1
3	146517168	146515954	1
3	146517168	146516058	0
3	146517168	146516069	0
3	146517168	146516087	0
3	146517395	146516439	0
3	146520181	146517011	0
3	146521702	146517005	0
3	146521706	146516902	0
3	146521706	146517005	0
3	146521706	146517088	0
3	146521706	146517148	0
3	146521706	146517157	0
3	146521982	146521543	0
3	146522054	146517005	0
3	146522054	146521543	0
3	146525648	146517005	0
3	146525648	146521543	0
3	146525648	146521716	0
3	146525648	146521832	0
3	146528751	146525604	0
3	146528832	146525604	0
3	146533551	146525528	0
3	146533551	146525604	0
3	146533551	146527942	0
3	146533551	146528613	0
3	146541181	146536539	0
3	146541181	146537995	0
3	146544522	146541133	0
3	146544531	146536539	0
3	146544539	146536539	0
3	146544548	146537995	0
3	146544554	146540852	0
3	146544556	146536539	0
3	146544556	146537995	0
3	146544571	146536539	0
3	146544579	146536539	0
3	146544621	146536539	0
3	146544642	146533469	0
3	146544728	146536539	0
3	146544738	146533469	0
3	146544857	146541133	0
3	146544865	146536539	0
3	146586113	146576554	0
3	146586113	146576558	0
3	146586113	146585837	0
3	146591882	146589652	0
3	14661640	14661643	7
3	14661668	14661668	7
3	14661699	14661841	1
3	14665054	14665055	0
3	146919186	146909684	0
3	146926651	146919067	0
3	147156562	146926454	0
3	147370276	147156464	0
3	147387100	147387318	0
3	147389373	147388706	0
3	147391247	147386045	0
3	147391247	147386047	0
3	147391247	147387545	0
3	147391247	147388425	0
3	147391247	147388545	0
3	147391247	147388649	0
3	147391247	147388741	0
3	147391247	147388763	0
3	147391247	147388841	0
3	147392934	147387545	0
3	147396470	147390930	0
3	147397187	147390930	0
3	147402813	147390930	0
3	147402813	147395851	0
3	147402813	147396306	0
3	147402813	147396334	0
3	147405521	147402727	0
3	147405850	147402727	0
3	147406134	147402727	0
3	147406533	147405674	0
3	147406791	147402727	0
3	147406810	147405451	0
3	147406861	147402727	0
3	14767441	14764951	0
3	147844647	147844122	0
3	14803297	14799330	0
3	148039329	148028045	0
3	148207935	148195728	0
3	148280099	148220509	0
3	148384870	148368383	0
3	148446348	148384759	0
3	148730238	148730337	0
3	148840786	148840873	0
3	148854249	148850932	0
3	148856789	148857456	0
3	148870090	148854146	0
3	148911353	148869947	0
3	149032373	149030684	33
3	149032373	149030994	38
3	149034999	149030126	0
3	149034999	149032200	0
3	149039230	149034917	0
3	149039230	149034922	0
3	149039230	149034988	0
3	149040157	149039580	0
3	149040260	149039580	0
3	149041669	149040030	0
3	149041681	149040030	0
3	149042045	149040141	0
3	149042291	149040030	0
3	149050376	149048862	0
3	149052145	149050269	0
3	149055401	149050231	0
3	149084890	149075880	0
3	149084890	149083631	0
3	149129941	149130197	29
3	149166051	149162409	0
3	149166051	149162416	0
3	149176352	149172498	0
3	149176413	149165945	0
3	149176413	149172498	0
3	149176413	149173466	0
3	149176715	149173483	0
3	149177908	149175984	0
3	149177980	149165945	0
3	149177980	149172498	0
3	149177980	149176237	0
3	149177980	149176249	0
3	149177980	149176362	0
3	149178632	149177784	0
3	149178632	149177839	0
3	149185447	149183465	0
3	149186733	149185162	0
3	149186733	149185238	0
3	149186733	149185248	0
3	149188097	149186519	0
3	149188203	149185238	0
3	149188203	149186065	0
3	149188203	149186519	0
3	149198454	149188051	0
3	149198579	149187918	0
3	149198579	149188051	0
3	149198579	149188063	0
3	149210380	149209210	0
3	149212699	149210166	0
3	149212699	149210357	0
3	14921460	14920346	0
3	149230902	149229355	0
3	149230902	149229430	0
3	14924099	14923090	0
3	149241440	149229444	0
3	149275703	149273502	0
3	149276624	149275684	0
3	149276665	149275462	0
3	149322437	149318497	0
3	149322437	149321276	0
3	149325023	149322255	0
3	149325023	149322367	0
3	149330420	149324803	0
3	149330420	149324879	0
3	149333329	149329927	0
3	149333400	149330329	0
3	149333483	149330329	0
3	149333610	149333205	1
3	149333636	149333205	2
3	149333762	149333205	1
3	149334415	149333512	0
3	149371868	149369021	14
3	149371868	149369497	15
3	149375589	149371686	0
3	149375713	149369022	0
3	149375770	149371686	0
3	149375770	149371771	0
3	149385801	149384178	0
3	149464831	149462181	0
3	14947506	14945023	34
3	14947508	14942783	38
3	14947894	14944679	169
3	14948425	14923976	0
3	14948425	14944692	24
3	149526126	149517234	6
3	149526126	149520244	12
3	149526126	149520609	13
3	149526126	149520698	11
3	149526126	149520721	11
3	149526126	149520840	10
3	149527970	149525804	3
3	149527970	149526012	3
3	149573001	149542334	0
3	149576253	149572863	0
3	149650185	149648996	0
3	149657307	149572863	0
3	149657310	149572863	0
3	149657436	149572863	0
3	149657768	149656890	26
3	149658026	149656875	20
3	149658042	149657243	21
3	149658102	149656875	22
3	149669892	149656875	0
3	149669892	149656977	0
3	149703274	149669787	0
3	149703329	149701604	0
3	149750383	149741389	1
3	149750852	149738469	0
3	149750852	149741425	0
3	149750852	149741574	0
3	149750852	149750256	3
3	149751486	149750502	0
3	149751486	149750677	2
3	149752059	149750786	2
3	149752288	149750677	3
3	149752288	149751322	2
3	149752288	149751402	2
3	149752399	149751402	2
3	149752451	149752209	0
3	149752473	149752209	0
3	149752490	149751810	0
3	149752496	149752209	0
3	149752500	149752209	0
3	149768096	149761099	0
3	149768096	149761438	0
3	149770675	149766627	0
3	149770675	149767156	0
3	149779992	149778510	0
3	149780441	149779900	0
3	149780456	149770559	0
3	149783272	149780130	0
3	149790897	149780320	0
3	149790925	149780238	0
3	149790925	149783373	0
3	149790928	149778353	0
3	149846118	149780275	0
3	149851658	149845786	0
3	149893908	149845995	0
3	149966265	149964912	792
3	149968386	149893806	0
3	149968526	149965712	10
3	149968526	149966250	9
3	149968544	149965688	10
3	149968551	149964903	3
3	149968551	149964934	5
3	149968551	149965856	5
3	149968551	149966077	5
3	149968551	149966160	6
3	149968551	149966179	6
3	149968551	149966259	5
3	149968551	149966267	5
3	149968551	149966284	5
3	149968551	149966315	5
3	149968906	149966052	3
3	149970402	149968357	4
3	149970716	149968357	3
3	149970736	149968357	5
3	149970883	149968357	2
3	149970899	149968357	2
3	149970905	149968117	3
3	149970905	149968357	2
3	149970923	149968357	2
3	149970926	149968402	5
3	149970941	149968153	3
3	149970951	149968357	5
3	149971110	149968357	6
3	149971214	149968357	5
3	149971224	149968357	5
3	150021119	149968357	0
3	150022812	149968357	0
3	150050789	149968357	0
3	150080118	150077493	0
3	150203280	150202173	0
3	150218376	150203197	0
3	150266784	150265411	0
3	15038138	15039121	0
3	15049968	15042459	4
3	15050103	15045098	1
3	15053468	15048517	6
3	15053468	15049211	4
3	15053468	15049880	3
3	15053468	15052434	0
3	150545779	150541993	9
3	150545779	150541997	9
3	150546500	150545396	34
3	150546502	150544291	34
3	150546642	150545702	180
3	150547178	150545702	2
3	150567107	150546789	3
3	150567930	150568012	5
3	150567930	150568016	5
3	150583156	150566384	1
3	150585493	150566798	3
3	15059476	15051716	8
3	15059476	15053290	5
3	15059476	15053379	6
3	150603171	150566900	0
3	150603175	150546051	0
3	150603229	150565795	0
3	150667016	150659884	0
3	150686355	150685965	0
3	150698883	150686297	0
3	150698883	150686337	0
3	150702179	150698790	0
3	150702179	150698817	0
3	150720837	150719996	0
3	15075117	15074904	1
3	15075711	15070072	0
3	15075711	15073604	2
3	150762571	150742487	0
3	150763378	150741126	0
3	150763432	150762432	11
3	150763478	150762455	32
3	15078162	15077061	0
3	15080803	15078074	0
3	15080803	15078109	0
3	15080803	15078156	0
3	15082609	15080731	0
3	15084897	15080731	0
3	15084897	15082366	0
3	15084897	15082477	0
3	15085046	15084734	0
3	150873368	150871044	0
3	150883059	150873186	0
3	150883773	150882896	0
3	150883773	150882996	0
3	150885439	150883698	0
3	150885439	150883699	0
3	150891104	150890319	0
3	150893416	150890937	0
3	150894306	150890937	0
3	150903395	150901153	0
3	150903417	150894185	0
3	150928202	150926162	0
3	150940520	150927935	0
3	150941686	150894185	0
3	150941744	150894185	0
3	150941744	150907370	0
3	150941762	150926566	0
3	150941762	150928060	0
3	150941762	150928064	0
3	150941762	150928180	0
3	150941762	150940480	0
3	150942640	150941581	0
3	150943992	150941581	0
3	150943992	150942589	0
3	150944237	150941581	0
3	150944237	150942553	0
3	150945680	150941581	0
3	15096289	15090398	0
3	15096289	15091338	0
3	15096711	15095670	0
3	15096711	15095972	6
3	15096711	15095997	0
3	150972709	150941581	0
3	150972715	150941414	0
3	150973000	150941581	0
3	151200998	151197831	0
3	151203202	151199332	0
3	151219643	151212116	0
3	151219643	151212918	0
3	151219643	151214029	0
3	151278370	151261386	0
3	151278468	151219534	0
3	151300199	151294102	0
3	151329549	151326311	0
3	151340761	151337379	0
3	151340854	151338157	0
3	151384813	151340595	0
3	151436923	151432709	0
3	151440772	151436540	0
3	151440781	151436522	0
3	151443151	151425383	0
3	151443885	151433493	0
3	15153556	15151832	0
3	15153556	15151842	0
3	15165540	15164295	0
3	15170578	15164993	0
3	15170578	15165274	0
3	15174062	15169939	0
3	15174062	15170273	0
3	15175352	15169947	0
3	151755132	151751442	0
3	151755132	151751470	0
3	151774666	151755071	0
3	151917742	151774605	0
3	151928176	151774605	0
3	152151725	152118172	0
3	152269547	152268183	16
3	152269556	152262615	6
3	152458194	152459270	1
3	152496814	152457758	0
3	15257114	15254852	1
3	15257114	15255003	2
3	15257114	15255588	1
3	15257114	15255649	1
3	15258884	15256852	0
3	15259051	15256852	1
3	15259804	15258830	1
3	15259804	15258864	1
3	15262290	15259760	1
3	15269878	15262157	0
3	15269878	15262158	0
3	15269878	15262160	0
3	15271672	15269712	0
3	15273406	15269712	0
3	15273406	15269842	0
3	15276046	15269712	0
3	15304232	15269712	0
3	15304232	15273115	0
3	15304300	15269712	0
3	153161776	153156510	0
3	15330567	15269712	0
3	15330567	15304101	0
3	15330567	15304102	0
3	15332557	15258830	1
3	153386017	153385108	0
3	153387369	153384933	0
3	15341238	15330503	0
3	15341369	15330503	0
3	153534664	153385867	0
3	153672258	153604645	0
3	153730808	153672174	0
3	153762527	153730754	0
3	15384574	15383642	0
3	153927318	153730760	0
3	153980187	153937507	0
3	154028563	154026543	0
3	154029304	154026579	0
3	154030377	154024400	0
3	154030380	154026476	0
3	154030380	154026478	0
3	154030380	154026528	0
3	154030380	154026542	0
3	154030380	154026577	0
3	154031520	154026577	0
3	15411438	15381274	0
3	15414163	15383901	0
3	15414163	15411016	0
3	15414163	15411017	0
3	15414163	15411244	0
3	15414163	15411329	0
3	15414163	15411335	0
3	15414915	15414020	0
3	15415584	15413668	1
3	15415584	15414020	0
3	15415584	15414373	0
3	15415584	15414729	1
3	15415861	15415497	2
3	15415908	15414020	1
3	15415943	15414020	0
3	15415943	15415497	0
3	15415943	15415566	2
3	154276900	154272545	2
3	154276900	154275667	3
3	154276900	154276028	4
3	154276900	154276170	3
3	154277719	154276746	1
3	154277836	154276746	0
3	154277895	154276552	0
3	154280670	154277597	3
3	154280670	154277624	3
3	154280670	154277634	3
3	154280863	154278494	2
3	154280863	154280578	3
3	154283272	154280578	3
3	154284670	154283187	0
3	154284988	154283187	0
3	154284988	154284582	1
3	154284988	154284652	2
3	154288965	154284780	0
3	154288965	154284813	0
3	154289827	154284813	0
3	154303411	154300986	0
3	154304973	154303328	0
3	154304973	154303343	0
3	154309824	154306215	0
3	154311675	154309652	0
3	154312249	154309795	1
3	154315281	154311635	0
3	154316164	154314650	2
3	154316164	154315045	1
3	154354800	154352135	0
3	15439378	15436170	2
3	15439389	15426286	6
3	15440561	15439198	87
3	15440567	15439063	82
3	15440567	15439177	84
3	15440595	15438645	86
3	15441577	15439198	88
3	15441664	15439254	91
3	15441670	15439198	84
3	154421488	154337671	0
3	15443457	15439889	62
3	15443478	15441488	0
3	15443561	15441511	0
3	15444070	15441488	0
3	15444876	15441488	0
3	15444880	15441488	0
3	15447846	15441488	0
3	15447846	15444242	0
3	15447846	15444535	0
3	15449995	15447683	0
3	15450880	15450165	0
3	15451500	15447683	0
3	15451714	15447473	0
3	15451714	15447728	0
3	15453931	15451472	0
3	154539310	154511534	0
3	15453932	15450132	0
3	15453932	15450482	0
3	15453932	15451444	0
3	15453932	15451538	0
3	15453958	15451444	0
3	15466438	15458185	0
3	15470617	15466340	0
3	15470617	15466401	0
3	15475488	15474924	0
3	15477198	15475424	0
3	15477587	15475227	0
3	15479004	15477125	0
3	15479004	15478589	0
3	154861018	154827015	0
3	154970224	154969282	0
3	15498549	15489524	0
3	15498873	15489524	0
3	155183286	155158369	0
3	15521737	15489524	0
3	15521752	15489524	0
3	155240979	155241477	0
3	155291039	155290228	0
3	155403019	155401328	0
3	155433399	155431228	0
3	155483377	155479881	0
3	155485711	155375579	0
3	155485711	155479880	0
3	155485711	155479881	0
3	155488108	155485355	0
3	155488108	155486146	0
3	155490869	155488659	0
3	155492854	155490741	0
3	155492854	155490783	0
3	15563545	15560703	0
3	15563545	15560715	0
3	15563545	15560745	0
3	15563545	15560746	1
3	15563545	15560806	1
3	15564659	15563357	0
3	155676040	155596231	0
3	155676417	155596231	0
3	155704209	155596231	0
3	155704265	155596231	0
3	155745068	155704145	0
3	155767670	155762616	0
3	155767670	155762617	0
3	155767670	155763042	0
3	155767670	155763527	0
3	155767670	155763786	0
3	15580046	15573158	0
3	15580046	15574976	0
3	155828378	155802531	0
3	155828378	155826525	3
3	155829756	155827855	0
3	15582990	15579899	0
3	15582990	15579909	0
3	155829904	155821023	0
3	155829904	155826519	0
3	155829904	155826532	0
3	155829904	155827268	3
3	155829904	155827381	0
3	155829904	155827773	0
3	155829904	155827957	0
3	155829904	155828181	0
3	155829904	155828212	0
3	155845077	155842431	0
3	155853363	155844717	0
3	15585343	15582876	0
3	15585343	15582877	0
3	155853492	155833856	0
3	155854251	155842431	0
3	155854379	155842431	0
3	155854407	155842431	0
3	155854417	155833856	0
3	155854430	155842431	0
3	155854443	155842431	0
3	155854447	155833856	0
3	155854457	155842431	0
3	155854457	155845012	0
3	15589613	15582876	0
3	15591681	15582876	0
3	15596425	15582876	0
3	15596425	15586524	0
3	15596425	15589539	0
3	15596425	15591599	0
3	15601186	15595914	0
3	15601195	15573158	0
3	15601195	15586524	0
3	15601195	15596151	0
3	15601195	15596383	0
3	15601547	15600800	0
3	15601558	15601089	0
3	15601562	15601089	0
3	15601570	15601089	0
3	15601588	15601089	3
3	15601593	15601089	5
3	15601832	15601089	1
3	15601853	15601089	1
3	15601895	15602136	0
3	156113108	156111431	0
3	156217040	156215559	0
3	156446097	156441156	0
3	156544440	156540139	52
3	156544440	156542820	68
3	156544440	156543003	75
3	156544440	156543007	79
3	156544440	156543061	88
3	156544440	156543140	85
3	156544440	156543181	90
3	156548998	156544307	9
3	156549004	156543003	7
3	156549004	156543953	7
3	156549004	156544293	11
3	156549004	156544307	9
3	156549100	156544307	7
3	156553782	156544307	3
3	156672871	156671921	0
3	156673934	156671863	0
3	156674379	156671861	0
3	15670557	15667238	8
3	156751184	156747345	0
3	156751184	156750000	0
3	15675990	15667235	1
3	15675990	15670109	1
3	15676224	15669791	1
3	15677057	15675897	1
3	15677563	15676973	1
3	15677607	15676595	1
3	15678355	15677479	0
3	15678355	15677535	0
3	15679385	15678208	0
3	15679564	15679300	0
3	156817035	156751094	0
3	156817063	156753062	0
3	15685446	15678208	0
3	15685446	15679475	0
3	15686120	15685225	0
3	15686310	15683741	0
3	15690221	15686001	0
3	15690221	15686221	0
3	15694814	15689839	0
3	15694814	15690018	0
3	15708065	15696133	0
3	15709737	15707923	1
3	157102093	157081666	0
3	15711275	15709667	1
3	157149386	157146507	60
3	157149386	157147552	59
3	157149386	157147794	54
3	157149386	157147795	54
3	157149386	157148120	60
3	157149386	157148240	60
3	157149386	157148315	60
3	157149597	157149004	47
3	157149597	157149286	45
3	157149634	157148948	47
3	157149946	157149286	34
3	157149978	157149443	29
3	157149978	157149484	29
3	157150075	157149679	29
3	157150170	157149835	30
3	157150382	157150064	28
3	157150382	157150127	31
3	157150630	157149946	31
3	157150800	157149940	28
3	157151592	157150281	26
3	157151931	157150281	27
3	157151931	157151485	40
3	157152211	157150281	26
3	157152242	157150281	26
3	157152242	157151399	28
3	157152242	157151728	27
3	157152242	157151916	32
3	157152502	157149484	27
3	157153107	157152176	28
3	157153157	157152016	33
3	157153157	157152081	29
3	157153157	157152176	24
3	157153629	157153035	25
3	157153829	157150064	28
3	157154667	157150281	26
3	157157084	157153035	25
3	157158952	157156935	16
3	157158976	157152739	15
3	157158976	157153035	15
3	157158976	157156935	14
3	157158976	157157006	15
3	157158976	157157010	15
3	157158976	157157022	16
3	157159256	157153041	19
3	157159442	157158865	2
3	157159480	157158664	2
3	157159480	157158865	2
3	157160095	157159404	57
3	157160111	157159404	68
3	157160136	157159404	66
3	157160137	157159404	66
3	157160138	157158914	29
3	157160156	157159404	73
3	157160159	157159404	80
3	157160179	157159404	75
3	157160214	157159404	69
3	157160364	157159404	51
3	157160761	157159404	45
3	15721123	15713526	0
3	15721128	15714577	0
3	15724525	15720914	0
3	15724525	15721100	0
3	157265663	157259741	0
3	157265663	157260908	0
3	157286675	157265525	0
3	157317202	157286556	0
3	157317202	157313620	0
3	15732880	15733202	0
3	15735498	15724381	0
3	15735498	15724396	0
3	157363762	157317061	0
3	157364482	157363292	0
3	157364513	157363363	0
3	157364513	157363691	0
3	15737234	15735409	0
3	157381377	157364302	0
3	157381674	157381155	0
3	157414091	157381155	0
3	157414091	157381272	0
3	157414091	157409668	0
3	157428428	157415127	0
3	157428489	157413880	0
3	157436954	157428321	0
3	157460356	157428321	0
3	157460356	157459620	8
3	157460356	157459621	8
3	157470530	157459518	0
3	157470530	157459621	0
3	157470530	157460094	0
3	157470530	157460180	0
3	157470530	157460214	0
3	157489161	157470418	0
3	157489161	157470451	0
3	157489357	157470313	0
3	157493294	157489054	0
3	157495507	157470313	0
3	157495507	157470479	0
3	157495507	157470501	0
3	157495507	157489054	0
3	157495507	157489060	0
3	15751821	15737032	0
3	15751821	15737038	2
3	157533620	157470313	0
3	15766313	15737032	0
3	15795307	15766233	0
3	15795307	15781436	0
3	157978137	157976560	0
3	158017169	158016370	0
3	158059852	158016215	0
3	158098285	158097079	3
3	158099949	158095953	0
3	158099949	158096010	0
3	158099949	158097158	0
3	158099949	158097182	0
3	158099949	158097599	0
3	158100312	158099855	0
3	158100312	158099859	0
3	158100312	158099884	0
3	158554042	158545219	0
3	158561506	158553861	0
3	158568057	158553857	0
3	158610858	158609609	0
3	158649158	158650004	0
3	158667075	158645821	0
3	158667075	158666413	0
3	158697971	158696891	0
3	158704928	158697907	0
3	158704928	158698120	0
3	158705709	158704790	0
3	158710873	158704790	0
3	158710934	158704650	0
3	158710934	158704790	0
3	158713860	158704808	0
3	159768455	159765386	9
3	159768613	159768316	1
3	159886325	159887707	0
3	159887906	159888819	1
3	159989294	159909381	0
3	159989294	159913399	0
3	159993126	159993450	0
3	159993126	159993567	0
3	159993126	159993700	0
3	159993493	159993567	0
3	159993610	159993700	0
3	159994306	159989096	0
3	159998106	159994236	0
3	160007876	159997843	0
3	160009258	159994236	0
3	160009258	159998173	0
3	160039276	160009111	0
3	160187340	160025469	0
3	160206971	160206508	0
3	160207093	160188797	0
3	160226683	160227830	2
3	160258636	160227453	0
3	160268537	160256985	0
3	160268537	160256991	0
3	160268537	160258179	0
3	160268537	160258184	0
3	160268537	160258418	0
3	160268537	160258466	0
3	160268762	160258402	0
3	160301047	160285803	0
3	160301047	160299078	0
3	160303990	160300882	0
3	160307782	160303914	0
3	160307782	160303915	0
3	160307782	160303943	0
3	160319940	160307662	0
3	160320148	160307662	0
3	160343816	160319759	0
3	160356151	160319759	0
3	160356151	160319832	0
3	160356151	160343650	0
3	160357500	160356012	0
3	160357579	160356012	0
3	160366153	160357484	0
3	160366153	160357488	0
3	160375881	160357484	0
3	160375881	160357488	0
3	160375881	160366042	0
3	160375881	160366052	0
3	160375881	160366054	0
3	160375881	160366082	0
3	160375881	160366092	0
3	160375881	160373491	0
3	160377455	160375811	0
3	160377518	160375811	0
3	160377541	160375811	0
3	160377566	160375818	0
3	160377891	160377429	0
3	160381573	160377429	0
3	160381573	160377832	0
3	160381719	160377429	0
3	160381719	160377435	0
3	160381725	160377429	0
3	160381725	160377435	0
3	160381727	160377441	0
3	160383505	160381502	0
3	160383505	160381604	0
3	160383505	160381611	0
3	160383657	160381502	0
3	160384647	160377429	0
3	160384647	160381502	0
3	160384647	160381568	0
3	160384647	160383436	2
3	160391644	160381502	0
3	160391644	160383436	0
3	160391644	160384563	0
3	160394311	160384563	0
3	160399208	160384588	0
3	160399217	160384405	0
3	160399217	160384563	0
3	160399222	160377429	0
3	160399224	160384563	0
3	160399246	160384563	0
3	160399248	160383984	0
3	160399274	160384405	0
3	160399353	160399644	8
3	160399521	160384405	0
3	160399533	160384563	0
3	160399534	160384563	0
3	160399545	160377429	0
3	160399698	160400821	56
3	160399750	160400599	48
3	160399750	160400627	41
3	160399750	160400821	54
3	160399881	160384600	0
3	160412454	160412529	10
3	160430744	160431031	1
3	160432516	160433025	8
3	160433210	160433656	6
3	160439187	160366042	0
3	160439187	160432444	1
3	160447843	160438840	0
3	160448796	160435502	0
3	160448796	160438231	0
3	160448796	160438650	0
3	160448796	160438730	0
3	160448796	160438848	0
3	160448938	160438231	0
3	160449764	160438718	0
3	160485774	160439000	0
3	160505053	160494994	4
3	160508270	160504957	4
3	160515581	160514076	0
3	160565572	160564208	0
3	160565589	160536795	1
3	161086789	161084990	0
3	161090063	161083882	0
3	161090063	161086558	0
3	161090063	161086578	0
3	161090063	161086617	0
3	161090063	161086663	0
3	161101168	161086593	0
3	161101234	161083882	0
3	161101234	161084982	0
3	161101234	161085758	0
3	161101234	161086421	0
3	161101234	161086630	0
3	161101234	161086769	0
3	161101234	161089943	0
3	161101234	161089959	0
3	161101234	161090004	0
3	161101234	161090038	0
3	161103206	161101138	0
3	161103515	161101138	0
3	161103518	161083882	0
3	161103518	161086592	0
3	161103518	161089943	0
3	161103518	161101138	0
3	161103518	161101163	0
3	161103518	161103112	0
3	161103518	161103141	0
3	161104407	161101138	0
3	161105304	161104784	0
3	161105306	161104784	0
3	161105352	161104784	0
3	161105385	161104784	0
3	161221725	161221993	2
3	161221736	161221993	2
3	161348104	161345774	0
3	161359895	161344791	0
3	161359895	161347964	0
3	161371502	161359801	0
3	161371518	161359298	0
3	161372881	161359801	0
3	161429210	161429463	253
3	161821909	161816908	0
3	16227444	16227444	0
3	16253131	16252122	0
3	16264230	16257977	1
3	16264230	16259909	6
3	16264230	16260423	3
3	16264970	16257978	6
3	16276006	16275059	0
3	16315887	16313573	0
3	16317233	16315624	2
3	163178102	163127922	0
3	163182911	163177900	0
3	163182929	163177242	0
3	163199755	163187067	0
3	163199952	163199574	0
3	163199952	163199576	0
3	163199952	163199577	0
3	163201618	163199622	0
3	163201618	163199627	0
3	163220142	163202081	0
3	163220188	163201537	0
3	163220188	163203417	0
3	163220188	163207642	0
3	163220188	163219059	0
3	16323458	16315844	3
3	16323458	16315855	3
3	16323458	16316529	3
3	16323458	16317174	3
3	163249375	163220100	0
3	163275320	163219915	0
3	163275320	163220100	0
3	163278574	163220100	0
3	163278604	163201537	0
3	163278604	163220100	0
3	16358048	16326772	0
3	16378103	16370075	0
3	16409484	16377717	0
3	16409484	16377718	0
3	16409484	16377892	0
3	16409484	16378052	0
3	16409484	16378071	0
3	16409484	16378094	0
3	16416212	16409427	0
3	16434038	16409374	0
3	16434038	16409472	0
3	164683902	164670877	0
3	164717792	164714100	0
3	164731037	164714094	0
3	164982411	164978897	0
3	165068832	165067339	0
3	165069196	165068718	0
3	165069196	165068721	0
3	165074668	165069077	0
3	165074684	165069077	0
3	165076013	165069077	0
3	165076013	165074530	0
3	165076015	165074424	0
3	165158063	165150005	0
3	165196003	165186719	0
3	165196853	165186721	0
3	165197110	165190342	0
3	165777796	165772904	0
3	165786312	165772903	0
3	165786312	165772904	0
3	165786312	165773078	0
3	165786312	165777716	0
3	165786312	165778273	0
3	16592149	16586791	0
3	16596890	16595313	0
3	16597052	16596749	0
3	166570764	166569692	0
3	166844957	166835020	0
3	16692373	16687985	0
3	16697480	16692288	0
3	167242644	167240286	0
3	167242644	167240328	0
3	167242644	167240411	0
3	167242644	167240631	0
3	167242644	167240637	0
3	167317106	167315749	0
3	167317598	167317004	0
3	167350516	167333826	0
3	167359980	167350419	0
3	167359980	167350456	0
3	167368575	167365885	0
3	167368575	167366813	0
3	167368805	167368460	0
3	167372951	167368455	0
3	167372951	167368460	0
3	167372989	167368460	0
3	167379795	167317004	0
3	167446482	167441788	0
3	167446482	167441913	0
3	167446482	167442064	0
3	167447006	167442066	0
3	167465674	167465205	0
3	167467241	167465634	0
3	167467286	167465478	0
3	167467286	167465533	0
3	167471840	167467054	0
3	167471845	167467054	0
3	167471845	167469257	0
3	167471904	167467054	0
3	167479005	167474002	0
3	167500300	167478683	0
3	167500300	167478686	0
3	167500300	167478851	0
3	167522386	167505306	0
3	167522485	167505306	0
3	167528018	167522314	0
3	167529240	167522314	0
3	167529240	167522331	0
3	167532978	167531114	0
3	167537001	167532878	0
3	167537001	167532882	0
3	167554799	167536869	0
3	167560229	167536869	0
3	167560229	167554649	0
3	167560229	167554682	0
3	167560229	167554772	0
3	167566895	167478686	0
3	167576152	167536869	0
3	167621644	167620428	0
3	167627293	167621466	0
3	167633533	167627132	0
3	167653500	167560063	0
3	167653500	167604300	0
3	167653500	167621468	0
3	167653500	167626851	0
3	167653502	167604300	0
3	167687317	167683297	0
3	167687317	167683909	0
3	167687317	167683911	0
3	167687317	167684113	0
3	167687317	167684241	0
3	167687317	167684255	0
3	167687317	167684338	0
3	167687694	167687214	0
3	167687694	167687221	0
3	167687694	167687233	0
3	167695723	167687222	0
3	167695723	167687614	0
3	167695723	167687648	0
3	167695723	167687686	0
3	167697127	167695595	0
3	167697127	167695608	0
3	167697956	167697006	0
3	167697979	167697008	0
3	167704896	167697008	0
3	167704896	167697039	0
3	167704896	167697850	0
3	167720099	167704841	0
3	167720274	167704557	0
3	167720274	167704841	0
3	167725474	167720061	0
3	167725474	167720204	0
3	167725478	167704841	0
3	167734247	167720061	0
3	167734346	167720061	0
3	167734351	167720061	0
3	167734483	167720061	0
3	167734545	167720061	0
3	167734822	167720061	0
3	167734930	167720061	0
3	167734931	167720061	0
3	167866787	167866868	0
3	167870315	167866499	0
3	168010824	168008676	17
3	168010824	168010234	1
3	168041475	168036835	0
3	168041475	168040785	0
3	168043530	168041117	0
3	168043530	168041391	0
3	169086566	169084829	0
3	169089184	169083498	0
3	169089184	169083506	0
3	169089184	169084743	0
3	169089184	169084760	0
3	169089184	169084761	0
3	169089184	169084873	0
3	169112875	169102059	0
3	169112875	169107925	0
3	169115768	169112787	0
3	169116740	169112786	0
3	169121210	169115382	0
3	169121213	169115382	0
3	169122673	169120887	0
3	169122728	169115382	0
3	169122728	169121055	0
3	169128035	169122579	2
3	169128061	169122579	2
3	169128061	169122617	1
3	169128061	169122682	1
3	169131532	169127843	0
3	169131532	169127906	0
3	169131532	169128023	0
3	169131881	169128044	0
3	169269239	169143697	0
3	169381525	169143697	0
3	169381525	169149481	0
3	169566041	169381258	0
3	169614991	169613509	0
3	169663391	169565968	0
3	169663471	169381186	0
3	169663619	169381186	0
3	169769896	169766920	0
3	169795612	169793427	0
3	169795612	169793472	0
3	169795612	169793487	0
3	169796280	169795484	0
3	169796347	169793484	0
3	169796370	169795484	0
3	169796900	169793472	0
3	169796900	169793526	0
3	169796900	169795779	0
3	169796900	169796164	0
3	169796900	169796213	0
3	169796902	169796213	0
3	169800755	169796744	0
3	169804182	169796744	0
3	169804182	169800658	0
3	169806932	169803970	0
3	169806932	169804052	0
3	169848288	169839178	0
3	169848288	169839240	0
3	169848288	169839970	0
3	169854981	169851618	0
3	169854981	169853222	0
3	169955208	169949038	0
3	169966115	169954519	0
3	169966227	169943255	0
3	169966241	169939352	0
3	169966735	169954226	0
3	169985716	169978535	0
3	169993102	169993654	86
3	170077417	170077602	0
3	170097385	170086731	0
3	17010087	17010904	10
3	170102711	170087583	1
3	170102711	170095220	1
3	170102711	170097171	0
3	170102900	170102478	2
3	170102935	170102478	2
3	170102935	170102566	4
3	170117477	170113359	0
3	170122745	170117122	0
3	170122745	170117225	0
3	170129553	170122590	0
3	170136666	170128683	0
3	170136671	170129384	1
3	170145522	170136365	0
3	170145522	170136418	0
3	170145522	170136595	0
3	170149245	170145422	0
3	170171451	170129307	0
3	170171451	170136533	0
3	170171451	170145422	0
3	170171451	170147247	0
3	170171451	170149085	0
3	170171451	170149133	0
3	170171451	170150606	0
3	170172633	170171262	0
3	170172701	170170731	0
3	170172701	170171372	0
3	170172713	170149085	0
3	170172713	170169717	0
3	170172713	170171085	0
3	170172713	170171372	0
3	170172713	170171389	0
3	170178939	170171372	0
3	170359877	170360320	39
3	170359877	170360367	39
3	170432614	170433186	0
3	17044193	17042741	0
3	170481167	170459583	0
3	170498885	170486221	0
3	170527089	170501108	0
3	170586028	170570089	0
3	170586075	170526632	0
3	170741366	170740350	1
3	170868135	170864874	5
3	170868135	170866263	7
3	170868135	170866267	7
3	170868182	170865793	6
3	170868202	170866262	5
3	170868202	170866266	5
3	170894384	170893348	0
3	170894424	170888414	0
3	170894424	170893135	0
3	170907094	170893215	0
3	170907094	170894291	0
3	170908645	170894291	0
3	170998397	170996347	0
3	170998397	170996819	0
3	170998397	170997754	0
3	171005473	171002575	0
3	171006106	171005284	0
3	171006106	171005419	0
3	171007471	171005415	0
3	171064043	171063551	5
3	171066327	171061338	0
3	171066327	171063260	0
3	171066327	171063329	0
3	171066327	171063880	0
3	171066736	171066186	0
3	171068988	171066469	0
3	171068998	171066373	0
3	171068998	171066486	0
3	171068998	171066575	0
3	171107207	171101448	0
3	171108163	171101448	0
3	171157665	171140398	0
3	171161337	171157459	0
3	171161337	171157550	1
3	171369686	171228164	0
3	171369686	171346933	0
3	171460064	171369619	0
3	171460406	171369619	0
3	171460409	171369619	0
3	171601207	171600404	0
3	171602339	171601046	0
3	171605417	171600404	0
3	171605417	171600825	0
3	171612433	171605298	0
3	171612433	171611465	0
3	171620521	171612278	0
3	171620521	171612306	0
3	171659302	171644909	0
3	171659302	171653241	0
3	17166929	17157161	0
3	17166929	17160371	0
3	17166929	17160556	0
3	171688877	171687370	0
3	171692443	171688675	0
3	171692443	171688694	0
3	171714046	171709559	0
3	171724789	171713877	0
3	171724789	171713892	0
3	171724789	171721353	0
3	171726077	171724695	0
3	171733510	171726003	0
3	171733510	171726017	0
3	171735638	171734864	0
3	171737660	171735491	0
3	171737660	171735500	0
3	171738052	171735623	0
3	171738083	171735491	0
3	171771360	171737891	0
3	171771386	171765128	0
3	171789702	171788580	0
3	171809925	171791789	0
3	171810438	171737891	0
3	171810439	171737891	0
3	171810442	171788566	0
3	171810463	171737891	0
3	171810495	171737891	0
3	171810715	171789840	0
3	17185209	17167748	0
3	171899266	171876351	0
3	17214371	17184576	0
3	17214371	17185108	0
3	172329077	172330540	0
3	172448457	172445132	0
3	172509322	172505507	0
3	172509322	172507283	0
3	172511660	172509145	0
3	172511660	172509216	0
3	172514999	172505661	0
3	172514999	172509216	0
3	172514999	172511444	0
3	172514999	172511616	0
3	172523311	172514860	0
3	172523466	172514860	0
3	172523468	172514860	0
3	172523468	172517354	0
3	172523476	172514860	0
3	172523508	172514860	0
3	172574341	172560900	0
3	172594582	172560887	0
3	172594582	172574272	0
3	172594671	172590712	0
3	172636088	172630248	1
3	172636088	172630644	0
3	172636088	172633872	0
3	172636088	172633998	0
3	172636185	172633774	0
3	172711053	172647861	0
3	172711113	172645622	0
3	172711219	172645622	0
3	172711219	172647861	0
3	172711219	172647885	0
3	172913745	172889357	0
3	17338576	17337388	0
3	17372248	17307991	0
3	17384016	17376524	0
3	173912618	173910497	0
3	173914990	173910635	0
3	17403249	17383912	0
3	17403249	17383973	0
3	17404769	17403180	0
3	17404769	17403200	0
3	17404962	17404693	0
3	17404962	17404706	0
3	17404962	17404713	0
3	17404962	17404731	0
3	17404962	17404746	0
3	17406527	17404871	0
3	17406527	17404905	0
3	17406527	17404909	0
3	17406721	17404871	0
3	17428520	17406417	0
3	17428520	17406429	0
3	17428520	17406455	0
3	17428520	17406471	0
3	175081203	175079306	0
3	175081203	175079311	0
3	17508606	17406417	0
3	17508606	17428449	0
3	175112592	175081064	0
3	175112601	175081064	0
3	17518996	17508473	0
3	175242431	175234860	0
3	17524695	17508473	0
3	175271097	175242381	0
3	17547077	17508473	0
3	17562143	17508473	0
3	17576550	17508473	0
3	17576550	17518901	0
3	17576550	17575202	0
3	175775159	175773144	0
3	17586467	17576413	0
3	17586558	17508548	0
3	17586558	17562018	0
3	17586558	17576481	0
3	17622766	17508473	0
3	17622766	17508480	0
3	17622766	17518901	0
3	17622766	17576413	0
3	17622766	17586351	0
3	17622766	17586352	0
3	17623914	17508473	0
3	17623914	17518901	0
3	17623914	17562018	0
3	17623914	17586352	0
3	17623914	17622647	0
3	17623917	17547015	0
3	17647057	17508473	0
3	17647057	17524584	0
3	17647057	17623848	0
3	17647057	17644040	0
3	176630080	176626278	0
3	17663111	17623848	0
3	176634536	176604142	0
3	176655670	176643940	0
3	17672676	17623714	0
3	176817002	176814154	0
3	176853769	176656549	0
3	17700007	17586352	0
3	17700015	17646960	0
3	17700021	17662989	0
3	17702355	17623848	0
3	177026416	177025984	0
3	177026471	177022925	23
3	177026475	177019339	15
3	177026475	177019354	15
3	177026475	177023338	15
3	177026475	177025344	5
3	177027831	177020753	8
3	177032598	177026420	5
3	177033011	177026372	1
3	177033011	177032605	6
3	177033048	177032317	5
3	177033137	177020591	1
3	177033137	177026372	1
3	177038173	177037636	1
3	177050139	177047485	0
3	177050611	177049996	0
3	177051536	177050477	0
3	177051727	177050477	0
3	177051727	177050549	0
3	177051727	177050557	0
3	177051727	177050601	0
3	177051727	177050603	0
3	177053919	177051503	0
3	177053919	177051535	0
3	177053919	177051554	0
3	177053919	177051570	0
3	177053919	177051593	0
3	177053919	177051614	0
3	177053919	177051641	0
3	177053919	177051670	0
3	177053919	177051686	0
3	177053919	177051713	0
3	177065023	177051700	0
3	177065023	177053772	0
3	177065023	177053791	0
3	177065023	177053877	0
3	177078779	177064919	0
3	177079946	177053772	0
3	177079946	177064919	0
3	177079946	177078631	0
3	177087042	177064919	0
3	177091181	177064919	0
3	177098494	177064919	0
3	177098542	177053772	0
3	177098542	177064919	0
3	177098542	177079453	0
3	177098542	177079826	0
3	177098542	177079886	0
3	177098542	177086964	0
3	177098542	177091150	0
3	177099448	177098486	0
3	177110888	177064919	0
3	177131450	177098465	0
3	177136246	177098470	0
3	177160989	177098465	0
3	177164002	177131376	0
3	177171418	177131377	0
3	177194127	177064978	0
3	177196354	177098465	0
3	177196401	177195587	0
3	177196424	177064919	0
3	177196434	177098465	0
3	177196436	177098465	0
3	177196479	177098465	0
3	177196483	177098465	0
3	177196485	177053772	0
3	177197164	177131362	0
3	177197185	177079826	0
3	177197193	177098465	0
3	177197195	177163977	0
3	177197226	177098465	0
3	177197226	177160870	0
3	177197227	177098465	0
3	177197228	177064919	0
3	177197228	177098465	0
3	177197228	177110808	0
3	177197252	177131362	0
3	177197253	177064919	0
3	177197397	177098465	0
3	177201818	177098465	0
3	177228001	177098465	0
3	177338525	177337627	0
3	17739480	17623848	0
3	17740908	17623848	0
3	17742499	17562018	0
3	17742565	17623848	0
3	17742576	17623848	0
3	17742595	17646960	0
3	17742602	17623848	0
3	17742605	17508473	0
3	17742608	17508473	0
3	17742613	17623848	0
3	17742616	17508473	0
3	17742616	17623848	0
3	17742645	17623848	0
3	17742653	17518901	0
3	17742740	17646960	0
3	17742749	17623848	0
3	177622704	177621381	0
3	177628288	177622626	0
3	177959799	177954065	0
3	178206854	178202049	0
3	178278058	178206678	0
3	178371820	178277933	0
3	178371820	178335021	0
3	178385310	178206578	0
3	178385358	178335024	0
3	178385397	178333538	0
3	178535900	178526504	0
3	178748486	178537260	0
3	178748486	178729283	0
3	178748486	178746938	0
3	178749237	178748288	0
3	178749237	178748403	0
3	178757134	178749045	0
3	178757137	178749109	0
3	178801937	178748987	0
3	178825625	178825681	0
3	178841617	178748403	0
3	178841617	178749045	0
3	178841617	178749109	0
3	178841617	178801792	0
3	178859551	178841544	0
3	178859624	178749045	0
3	178859624	178757079	0
3	178859624	178841544	0
3	178860406	178841544	0
3	179027524	179017222	1
3	179027524	179023738	0
3	179027813	179027422	0
3	179031000	179027645	0
3	179031000	179027756	0
3	179132872	179101365	0
3	179243285	179239741	0
3	179243285	179239820	0
3	179244694	179236690	0
3	179244694	179239805	0
3	179244694	179242763	0
3	179244694	179242770	0
3	179244694	179242808	0
3	179259209	179250742	0
3	179259892	179250742	0
3	179266972	179250742	0
3	179267003	179250742	0
3	179377169	179377343	0
3	179378444	179378584	0
3	179397923	179398456	14
3	179397942	179398283	16
3	179397994	179398283	14
3	179405407	179396088	0
3	179405407	179401086	1
3	179413614	179400848	0
3	179413614	179405189	0
3	179413614	179410324	0
3	179416527	179414884	0
3	179416557	179414884	0
3	179419506	179416492	0
3	179419506	179416520	0
3	179592740	179588284	0
3	179592740	179588454	0
3	179592740	179588830	0
3	179615616	179615982	0
3	179807832	179794957	0
3	179807832	179801055	0
3	179807832	179801065	0
3	179807832	179801517	0
3	179807832	179801522	0
3	179807832	179801648	0
3	179807832	179801656	0
3	179807832	179801738	0
3	179807832	179801816	0
3	179809669	179808271	0
3	179811872	179809470	0
3	179811872	179809572	0
3	179811872	179809593	0
3	179859158	179819859	0
3	179874424	179859061	0
3	179874424	179859096	0
3	179875478	179874326	0
3	179875478	179874372	0
3	179880124	179875353	0
3	179880124	179875366	0
3	179880124	179875443	0
3	179887785	179875353	0
3	179887785	179879928	0
3	179887785	179879965	0
3	179900736	179898141	0
3	179971661	179887672	0
3	179971661	179900672	0
3	179971666	179887672	0
3	179971666	179898141	0
3	179973319	179887672	0
3	180036771	179900669	0
3	180036927	179898141	0
3	180036960	179887672	0
3	180584678	180566717	0
3	180601936	180584347	0
3	180603324	180604118	1
3	180603324	180604224	1
3	180603324	180604477	1
3	180604310	180604477	3
3	180604339	180604477	3
3	180604608	180604851	0
3	180605008	180605765	0
3	180605838	180606252	0
3	180607766	180608700	6
3	180608272	180608700	2
3	180608811	180609629	0
3	180610004	180610705	7
3	180613865	180602857	0
3	180613865	180609502	0
3	180615078	180613813	0
3	180616364	180613813	0
3	180616364	180614007	0
3	180616364	180614587	0
3	180616364	180614995	0
3	180619366	180616825	0
3	180662008	180660569	0
3	180663987	180661860	0
3	180663987	180661871	0
3	180708905	180679607	0
3	180711220	180707588	0
3	180711220	180708325	0
3	180711220	180708767	0
3	180737815	180734486	0
3	180737875	180725514	0
3	180748317	180663866	0
3	180782125	180711309	0
3	180782125	180751347	0
3	180847625	180781983	0
3	180847625	180810409	0
3	180871006	180781983	0
3	180962941	180963027	31
3	180985997	180983708	2
3	180985997	180983772	3
3	180985997	180984274	0
3	180985997	180984277	0
3	180985997	180984525	0
3	180985997	180984564	0
3	180985997	180984577	0
3	180987023	180985409	0
3	180987023	180985925	0
3	180988097	180985925	0
3	180988097	180986942	0
3	180988097	180986947	0
3	180988097	180986997	0
3	180988230	180987179	0
3	180988230	180988022	0
3	180989519	180988177	0
3	180989668	180985925	0
3	180989704	180988177	0
3	180989711	180988022	0
3	180989715	180988177	0
3	180989728	180986594	0
3	180989742	180988177	0
3	180989764	180988177	0
3	180989770	180988177	0
3	180989775	180987585	0
3	180989775	180988177	0
3	181242902	181242344	0
3	181421917	181421057	0
3	181535048	181534176	0
3	181535875	181534611	0
3	181535875	181534650	0
3	181535882	181534614	0
3	181582838	181534632	0
3	181616268	181582721	0
3	181657410	181617945	0
3	181699884	181700003	0
3	181700612	181659838	0
3	181867155	181866350	0
3	181971720	181971831	0
3	181971735	181971831	0
3	182001368	182002773	0
3	182001761	182002773	0
3	182448840	182446969	0
3	182471182	182448727	0
3	182504455	182498263	0
3	182793395	182783235	0
3	182947335	182938073	0
3	182947335	182942775	0
3	182947335	182945033	0
3	182947335	182945103	0
3	182955590	182950782	0
3	182961357	182947549	1
3	182964050	182961225	0
3	182964050	182961314	0
3	182965754	182963880	0
3	182965754	182963930	1
3	182965754	182963947	1
3	182965754	182963999	1
3	183017338	183015217	0
3	183017338	183015219	0
3	183017338	183015288	0
3	183017338	183015550	0
3	183020238	183017265	0
3	183022555	183020129	0
3	183022555	183020169	0
3	183022718	183020129	0
3	183025805	183022416	0
3	183025805	183022468	0
3	183034078	183022416	0
3	183071121	183057310	0
3	183071348	183070998	0
3	183071358	183070998	0
3	183071358	183071005	0
3	183071358	183071045	0
3	183071358	183071047	0
3	183072488	183071209	0
3	183086785	183072365	0
3	183086789	183071209	0
3	183086789	183071348	0
3	183086789	183072365	0
3	183086789	183072426	0
3	183092546	183086692	0
3	183092546	183090935	0
3	183094606	183071209	0
3	183094606	183072365	0
3	183094606	183086692	0
3	183094606	183092408	0
3	183094608	183092372	0
3	183099524	183072365	0
3	183135888	183122212	0
3	183135888	183123924	0
3	183154392	183152374	0
3	183160958	183153939	0
3	183160963	183158112	0
3	183162016	183153681	0
3	183162731	183153900	0
3	183162912	183153681	0
3	183179693	183178042	0
3	183179693	183179288	0
3	183180160	183178049	0
3	183180160	183179576	0
3	183180312	183179369	0
3	183180314	183179576	0
3	183193097	183180070	0
3	183193097	183182501	0
3	183195256	183192648	0
3	183195256	183192998	0
3	183228367	183223345	0
3	183228367	183224097	0
3	183229782	183224097	0
3	183229782	183228125	0
3	183229782	183228296	0
3	183276958	183230950	0
3	183276958	183231133	0
3	183276958	183272019	0
3	183289221	183276665	0
3	183289221	183276871	0
3	183297168	183295299	0
3	183300197	183296975	0
3	183309836	183298426	0
3	183309836	183299768	0
3	183309836	183300004	0
3	183311028	183309715	0
3	183311030	183309715	0
3	183311030	183310515	0
3	183311773	183310914	0
3	183338920	183323234	0
3	183341631	183338799	0
3	183341631	183338828	0
3	183379412	183341539	0
3	183389780	183372018	0
3	183389780	183379296	0
3	183492229	183487550	0
3	183492708	183487530	0
3	183492708	183491367	0
3	183494282	183492493	0
3	183499828	183494078	0
3	183508509	183491009	0
3	18351409	18347939	0
3	18351532	18349540	0
3	18352196	18345386	0
3	18352196	18347939	1
3	18352196	18351312	0
3	183523137	183520211	0
3	183528011	183508058	0
3	183555621	183527844	0
3	183555666	183527844	0
3	183555690	183527844	0
3	18378326	18351991	0
3	18378328	18351802	0
3	183801529	183803255	0
3	183803336	183803986	0
3	183807093	183808029	0
3	183808829	183807907	0
3	183808853	183807907	0
3	183809410	183807907	2
3	183809516	183806456	0
3	183810549	183808729	0
3	183810784	183808729	0
3	183818108	183817376	0
3	183818112	183815567	0
3	183818112	183815875	0
3	183818112	183817061	0
3	183825226	183820162	0
3	183825522	183817993	0
3	183825579	183817993	0
3	183825595	183817993	0
3	183833590	183817993	0
3	183833590	183829270	0
3	183833590	183829384	0
3	183833590	183829389	0
3	183833590	183829396	0
3	183833590	183829401	0
3	183833590	183829508	0
3	183833826	183833491	0
3	183840641	183829389	0
3	183840641	183833491	0
3	183840641	183833723	0
3	183840641	183833767	0
3	183842355	183840569	0
3	183842385	183840569	0
3	183842395	183840569	0
3	183842448	183840569	0
3	183844327	183840569	0
3	183862802	183844230	0
3	183862802	183856431	0
3	183866766	183844230	0
3	183866766	183856431	0
3	183866766	183862606	0
3	183866766	183862696	0
3	183866766	183862752	0
3	183868061	183862752	0
3	183896357	183895899	0
3	183896357	183896048	0
3	183925720	183919933	0
3	183925720	183919937	0
3	183925720	183919938	0
3	183927444	183925554	0
3	183927444	183925659	0
3	183967767	183965376	0
3	183971832	183967303	0
3	183971920	183967694	0
3	183972035	183967694	0
3	18397291	18394461	0
3	183977625	183967694	0
3	183977625	183971562	0
3	183978652	183977516	0
3	183978652	183977517	0
3	183985379	183983752	0
3	183985456	183983752	0
3	183987918	183982773	0
3	183987918	183983752	0
3	183987918	183985303	0
3	183988728	183983752	0
3	183988728	183987769	0
3	183988728	183987770	0
3	183989384	183988571	0
3	183989384	183988572	0
3	184009978	183989225	0
3	184014448	183989225	0
3	184014448	184000662	0
3	184014448	184009888	0
3	184100317	184100484	0
3	184104389	184095117	0
3	184134594	184134018	0
3	184135581	184135663	68
3	184136737	184137431	3
3	184136737	184137619	5
3	184137531	184137619	1
3	184137806	184137873	1
3	184137806	184137897	1
3	184140158	184140417	0
3	184140222	184140417	0
3	184143143	184143430	1
3	184143143	184143441	1
3	184143143	184144098	1
3	184143566	184144078	0
3	184143566	184144098	0
3	184143566	184144127	0
3	184143566	184144596	0
3	184144225	184144596	0
3	184144708	184144883	0
3	18415235	18397178	0
3	18415235	18397213	0
3	18415235	18397255	0
3	18415235	18410797	0
3	18416127	18414948	0
3	18416134	18415110	0
3	184164932	184165112	0
3	184166523	184166605	0
3	18417079	18416003	0
3	18417079	18416006	0
3	18417079	18416022	0
3	18417394	18416006	0
3	18417511	18416901	0
3	184180252	184180644	2
3	184180882	184181194	1
3	184180985	184181084	0
3	184181816	184181911	2
3	184186637	184186795	0
3	184186655	184186795	6
3	184187444	184187663	3
3	184187762	184187860	3
3	184189145	184189254	4
3	184189278	184189387	0
3	184189444	184189556	5
3	184189932	184190998	0
3	184192690	184192804	3
3	184193235	184193364	1
3	18420992	18416900	0
3	18420992	18416901	0
3	18420992	18416941	0
3	18420992	18417575	0
3	18421389	18416901	0
3	184233398	184233575	0
3	184233455	184233575	0
3	18423727	18420756	0
3	18423727	18420943	0
3	184242958	184242300	2
3	184242958	184242333	2
3	184242958	184242424	2
3	184242958	184242468	2
3	184242958	184242573	2
3	184243590	184242458	2
3	184243631	184242812	2
3	184243631	184242884	0
3	184243631	184242960	0
3	184243997	184243531	5
3	184243997	184243553	5
3	184244722	184243790	5
3	184245022	184243790	5
3	184245343	184244328	8
3	184245359	184244600	7
3	184245616	184244600	7
3	184245616	184244758	7
3	184245616	184244777	5
3	184245616	184245066	3
3	184245616	184245197	0
3	18424574	18420756	0
3	184248936	184245197	5
3	18425338	18420756	0
3	184261464	184259212	3
3	184277028	184277185	0
3	184277028	184277250	0
3	184290861	184291039	0
3	184291231	184291343	0
3	184299402	184299850	107
3	184299634	184299850	93
3	184301659	184301770	7
3	184301659	184301793	8
3	184301659	184301846	8
3	184301659	184301857	8
3	184302072	184302369	8
3	184303467	184303642	12
3	184304075	184304303	14
3	184307526	184307613	10
3	184308568	184308707	2
3	184315546	184315762	1
3	184315857	184316071	5
3	184320339	184320629	3
3	184320502	184320629	6
3	184320538	184320629	7
3	184325374	184325479	3
3	184327705	184327829	0
3	184328757	184328908	7
3	184331365	184331471	3
3	184331810	184331945	6
3	184337209	184337310	0
3	184341818	184342065	0
3	184344805	184345441	6
3	184344914	184345441	6
3	184347022	184346184	2
3	184347022	184346187	2
3	184347022	184346198	2
3	184347022	184346220	2
3	184347022	184346229	2
3	184347022	184346272	2
3	184347022	184346397	5
3	184349567	184346196	0
3	184352118	184346519	1
3	184352118	184346934	1
3	184352332	184346934	1
3	184352332	184352012	0
3	184352497	184352292	0
3	184352497	184352293	0
3	18435254	18420755	0
3	184352811	184352442	0
3	184353148	184352415	0
3	184353148	184352736	0
3	184353148	184352745	0
3	184353423	184353032	0
3	184353696	184353032	0
3	184353796	184353249	0
3	184353796	184353367	0
3	184354315	184353249	0
3	184354315	184353321	0
3	184354315	184353541	0
3	184354315	184353661	4
3	184354608	184354100	0
3	184354653	184354100	0
3	184354653	184354188	0
3	184354659	184354100	0
3	184354659	184354265	0
3	184354659	184354309	0
3	184354715	184354100	0
3	184354960	184354547	0
3	184354974	184354100	0
3	184354974	184354547	0
3	184354974	184354582	0
3	184355530	184354100	0
3	184355530	184354547	0
3	184355530	184354903	0
3	184355779	184354547	0
3	184355779	184354903	0
3	184355779	184355054	0
3	184355779	184355373	0
3	184355845	184355373	0
3	184356612	184355693	0
3	184357021	184355693	0
3	184357095	184354547	0
3	184357095	184354903	0
3	184357095	184355373	0
3	184357095	184355693	0
3	184357095	184355910	0
3	184357267	184354903	0
3	184357267	184355693	0
3	184358050	184357361	0
3	184358096	184357361	0
3	184358096	184357619	0
3	184358096	184357778	0
3	184358311	184357961	0
3	184358659	184357971	0
3	184365050	184365132	6
3	18436872	18420756	0
3	184373179	184372326	0
3	184373239	184372897	0
3	184373438	184373097	0
3	184373583	184371934	0
3	184373583	184372268	0
3	184373583	184372484	0
3	184373583	184372597	0
3	184373583	184373097	0
3	184376016	184375514	0
3	184376260	184375887	0
3	184376260	184375942	0
3	184376405	184375887	0
3	184380796	184381075	0
3	184380796	184381079	0
3	184381131	184381234	0
3	184381625	184381715	0
3	184381807	184378074	0
3	184381969	184381481	0
3	184382021	184382388	0
3	184382531	184382633	0
3	184382775	184382855	0
3	184382775	184382884	0
3	184382775	184383015	0
3	184382939	184383015	0
3	184383164	184383311	0
3	184386160	184386491	0
3	184386756	184386844	0
3	18438735	18420684	0
3	18438774	18420756	0
3	18444818	17307991	0
3	18444874	18420756	0
3	18444884	18420756	0
3	18445589	18420756	0
3	184556919	184546713	0
3	184765470	184756388	0
3	184838747	184839697	0
3	185153015	185078049	0
3	185204758	185190623	0
3	185204758	185191969	0
3	185218241	185204415	0
3	185226859	185218193	0
3	185229544	185218135	0
3	185235463	185204655	0
3	185248518	185235289	0
3	185254032	185247944	0
3	185254049	185248413	0
3	185254050	185248413	0
3	185254099	185248413	0
3	185280325	185248432	0
3	185328963	185329073	0
3	185477148	185476495	0
3	185481312	185480159	0
3	185483401	185482670	0
3	185489017	185483304	0
3	185490028	185488944	0
3	185494762	185481217	0
3	185494762	185489600	0
3	185495316	185494622	2
3	185496982	185477042	0
3	185496982	185490996	1
3	185496982	185495153	3
3	185496982	185495227	3
3	185498723	185496827	0
3	185498986	185496827	0
3	185498988	185496827	0
3	185499036	185496827	0
3	185499058	185492275	0
3	185499058	185496827	0
3	185511597	185508556	0
3	185511698	185506261	0
3	185511698	185508065	0
3	185519310	185517066	0
3	185524161	185519141	0
3	185533661	185519143	0
3	185533680	185524070	0
3	185533680	185527483	0
3	185535133	185533570	0
3	185535133	185533675	0
3	185647139	185643738	5
3	185647139	185643974	5
3	185647139	185645500	3
3	185649524	185646879	0
3	185649535	185647024	1
3	185652169	185649402	0
3	185675432	185658340	0
3	185675432	185672540	1
3	185675847	185675015	2
3	185675914	185675295	2
3	185689628	185687056	2
3	185692763	185689354	1
3	185692763	185689454	1
3	185692763	185689554	1
3	185692781	185689354	1
3	185696664	185689354	0
3	185696664	185692698	0
3	185696664	185693176	0
3	185698348	185696414	0
3	185698348	185696611	0
3	185821104	185814054	0
3	185821132	185698298	0
3	185823214	185698298	0
3	185823272	185698298	0
3	185918436	185917327	22
3	185918439	185915905	41
3	185918439	185916743	22
3	185918439	185916748	22
3	185918439	185917154	36
3	185918439	185917328	22
3	185918439	185917329	22
3	185918439	185917714	20
3	185922108	185921103	8
3	185922127	185921103	9
3	185923810	185921103	8
3	185923894	185922010	8
3	185923985	185922010	4
3	185924009	185922042	8
3	185925265	185922010	3
3	185925627	185923795	6
3	185926735	185925084	4
3	185926735	185925272	2
3	185926735	185925463	1
3	185926771	185925229	2
3	185929074	185925463	7
3	185931619	185926600	7
3	185931853	185926600	2
3	185931853	185926726	2
3	185934506	185931576	4
3	185937421	185931576	5
3	185937988	185926600	1
3	185937999	185925463	7
3	185938014	185931753	2
3	185938025	185931514	2
3	185938030	185931576	2
3	185938104	185925463	4
3	185938137	185926600	0
3	186052132	186046307	0
3	186052132	186048251	0
3	186052132	186048581	0
3	186052132	186048814	0
3	186064477	186052029	0
3	186064477	186057422	0
3	186064561	186057422	0
3	186065971	186064416	0
3	186066073	186064212	0
3	186066073	186064416	0
3	186066073	186064442	0
3	186078215	186065812	0
3	186079907	186065812	0
3	186080105	186065812	0
3	186081176	186079816	0
3	186081176	186080016	0
3	186081176	186080046	0
3	186081176	186080069	0
3	186084281	186081123	0
3	186105356	186066004	0
3	186105356	186081045	0
3	186105356	186084168	0
3	186105356	186095119	0
3	186105491	186104925	0
3	186105497	186105304	0
3	186105713	186105448	0
3	186105725	186105409	0
3	186105943	186105304	0
3	186105943	186105624	0
3	186105943	186105667	0
3	186161664	186105823	0
3	186161664	186147200	0
3	186161664	186149236	0
3	186161664	186149456	2
3	186161664	186150164	0
3	186164968	186161602	0
3	186165019	186158182	0
3	186165019	186161602	0
3	186257940	186253092	0
3	186260514	186257763	0
3	186260514	186257853	0
3	186261779	186257853	0
3	186267778	186265246	0
3	186268918	186267684	0
3	186272344	186267607	0
3	186272344	186267684	0
3	186279974	186275546	0
3	186280715	186275546	0
3	186280745	186279133	0
3	186280745	186279850	0
3	186306978	186298063	0
3	186320489	186306707	0
3	186320708	186306900	0
3	186455774	186454981	0
3	186455774	186454990	0
3	186455774	186455538	0
3	186456046	186455435	0
3	186457631	186456163	0
3	186458483	186457452	0
3	186478402	186457340	0
3	186492291	186478162	0
3	186539598	186538440	0
3	186539598	186538598	0
3	186540521	186538598	0
3	186546703	186544305	0
3	186551280	186546072	0
3	186551280	186546338	0
3	186551280	186546340	0
3	186554476	186553342	0
3	186554752	186551128	0
3	186556776	186554897	0
3	186558573	186556408	0
3	186558573	186556589	0
3	186564346	186558416	0
3	186564373	186558416	0
3	186570319	186558416	0
3	186642129	186579830	0
3	186642129	186606029	0
3	186642129	186641509	0
3	186642129	186641514	0
3	186642129	186641520	0
3	186642129	186641534	0
3	186642129	186641538	0
3	186642129	186641554	0
3	186642129	186641574	0
3	186642129	186641577	0
3	186642295	186641953	0
3	186642295	186641963	0
3	186647163	186642220	0
3	186651330	186641953	0
3	186651330	186642220	0
3	186651330	186642274	0
3	186651330	186642275	0
3	186651330	186647041	0
3	186651330	186647112	0
3	186651330	186647118	0
3	186651495	186651192	0
3	186651495	186651193	0
3	186651495	186651253	0
3	186651495	186651310	0
3	186651872	186651409	0
3	186665704	186641953	0
3	186665708	186641953	0
3	186667262	186651409	0
3	186667262	186651809	0
3	186668913	186666967	0
3	186669044	186666930	0
3	186669044	186666967	0
3	186669044	186668640	0
3	186672868	186675088	0
3	186674090	186651811	0
3	186674519	186673997	0
3	186695974	186668911	0
3	186695983	186651409	0
3	186710568	186651809	0
3	186714140	186703733	0
3	186714540	186651809	0
3	186714540	186666966	0
3	186714540	186714042	0
3	186714859	186651809	0
3	186714859	186674723	0
3	186714950	186711167	0
3	186717623	186673997	0
3	186717623	186717248	0
3	186718505	186717556	0
3	186718570	186579475	0
3	186718570	186641953	0
3	186718570	186642220	0
3	186718570	186651409	0
3	186718570	186651809	0
3	186718570	186666967	0
3	186718570	186668911	0
3	186718570	186674650	0
3	186718570	186714355	0
3	186718570	186714447	0
3	186718570	186714739	0
3	186718570	186717556	0
3	186721345	186718466	0
3	186721417	186718466	0
3	186721417	186718517	0
3	186734835	186717697	0
3	186734835	186718466	0
3	186734835	186728677	0
3	186736651	186718466	0
3	186736651	186728566	0
3	186736651	186734629	0
3	186736651	186734712	0
3	186736884	186736415	0
3	186741600	186743704	0
3	186742250	186736506	0
3	186743757	186718466	0
3	186743792	186738316	0
3	186743811	186718466	0
3	186743813	186718466	0
3	186743814	186718466	0
3	186743814	186721219	0
3	186743814	186728350	0
3	186743814	186736239	0
3	186743814	186736538	0
3	186743838	186718466	0
3	186743838	186721742	0
3	186743838	186728354	0
3	186743838	186734712	0
3	186743838	186735848	0
3	186743838	186736746	0
3	186743838	186742072	0
3	186743842	186718466	0
3	186743842	186721219	0
3	186743842	186736538	0
3	186744867	186743723	0
3	186745203	186743704	0
3	186745836	186743723	0
3	186745850	186743702	0
3	186746796	186743723	0
3	186746821	186743707	0
3	186746821	186743723	0
3	186753465	186743723	0
3	186757219	186746698	0
3	186757520	186746698	0
3	186757669	186743702	0
3	186757728	186743702	0
3	186759269	186746698	0
3	186760465	186746698	0
3	186760542	186757024	0
3	186760559	186743723	0
3	186760559	186746698	0
3	186761317	186761439	0
3	186761317	186761584	0
3	186772964	186743723	0
3	186772987	186746698	0
3	186783351	186783447	0
3	186784478	186784563	12
3	186784697	186784961	43
3	186784697	186785882	39
3	186785102	186785882	36
3	186786052	186786163	31
3	186786274	186786501	56
3	186786646	186787126	55
3	186787265	186787478	98
3	186787265	186787494	107
3	186787265	186787802	98
3	186787585	186787802	102
3	186787883	186788309	129
3	186787883	186789124	166
3	186788417	186789124	175
3	186788421	186789124	168
3	186790256	186789879	3
3	186790256	186789894	3
3	186790256	186789899	3
3	186790256	186789902	3
3	186790407	186790141	0
3	186791851	186789891	0
3	186791851	186790141	0
3	186791851	186790325	0
3	186792611	186791322	0
3	186792611	186791689	0
3	186792611	186791724	0
3	186792948	186792489	0
3	186792948	186792521	0
3	186792948	186792549	0
3	186794778	186792803	0
3	186794778	186792854	0
3	186794782	186792803	0
3	186794795	186792803	0
3	186794860	186792803	0
3	186797615	186792803	0
3	186797615	186794657	0
3	186797615	186794665	0
3	186797615	186794698	0
3	186801196	186797534	0
3	186801196	186797538	0
3	186801458	186797534	0
3	186804725	186801116	0
3	186804881	186801116	0
3	186805599	186804582	0
3	186806397	186804582	0
3	186806459	186804582	0
3	186806469	186804582	0
3	186806472	186804582	0
3	186806502	186804582	0
3	186806696	186804582	0
3	186823622	186810879	0
3	186853873	186851885	0
3	186856124	186853777	0
3	187128063	187120947	0
3	187139485	187120947	0
3	187198703	187197089	0
3	187200114	187198526	0
3	187203847	187199227	0
3	187221135	187217284	0
3	187226521	187225323	0
3	187226521	187226226	0
3	187241556	187229759	0
3	187241556	187234081	0
3	187241556	187234083	0
3	187244977	187234081	0
3	187250330	187243483	0
3	187250330	187246360	0
3	187250330	187247158	0
3	187251753	187250250	0
3	187253202	187251376	0
3	187253316	187251633	0
3	187256861	187253167	0
3	187260873	187256584	0
3	187260873	187256663	0
3	187260873	187256799	0
3	187260873	187256814	0
3	187262721	187260740	0
3	187262721	187260769	0
3	187263257	187262542	0
3	187276822	187262542	0
3	187286009	187262542	0
3	187286057	187262542	0
3	187286057	187262680	0
3	187286057	187262713	0
3	187286078	187262542	0
3	187291755	187235866	0
3	187291978	187262542	0
3	187670400	187668905	0
3	187702558	187698258	0
3	187725079	187721376	0
3	187725079	187721386	0
3	187725079	187722397	1
3	187725079	187722431	1
3	187725624	187724568	0
3	187725630	187724940	0
3	187731869	187729049	0
3	187731931	187729049	0
3	187733704	187729049	0
3	187733704	187731708	0
3	187733704	187731726	0
3	187733704	187731764	0
3	187733704	187731779	0
3	187734883	187733532	0
3	187734908	187733532	0
3	187734948	187733532	0
3	187736570	187734868	0
3	187737089	187734868	0
3	187737945	187734868	0
3	187745438	187734868	0
3	187745460	187736186	0
3	187745473	187734444	0
3	187745726	187734868	0
3	187745728	187734868	0
3	187946222	187932763	0
3	187966968	187958774	0
3	187976408	187965767	0
3	188003407	188001699	0
3	188003991	187997421	0
3	188568667	188562237	0
3	188947640	188941714	0
3	189150806	189150903	0
3	189240387	189238685	0
3	189964099	189956727	0
3	189964099	189956830	0
3	189964122	189957696	0
3	189970892	189963458	0
3	189970892	189963957	0
3	189970892	189964049	0
3	189971928	189970815	0
3	189972008	189970815	0
3	189973025	189971547	0
3	189973025	189971889	0
3	189973185	189971889	0
3	189974686	189973908	0
3	189983141	189974557	0
3	189983141	189974567	0
3	189983485	189974572	0
3	189989039	189987526	0
3	189994284	189988906	0
3	189994284	189988914	0
3	190310254	190305700	0
3	190313037	190310168	0
3	190313219	190310168	0
3	190440390	190428654	0
3	190698849	190697922	0
3	190857900	190852877	0
3	190857900	190855643	0
3	190858061	190852876	0
3	190859017	190857782	0
3	190859017	190857789	0
3	191217180	191213290	0
3	191228783	191218815	0
3	191273565	191268190	0
3	191273565	191268336	0
3	191275346	191267167	0
3	191275346	191268040	0
3	191275346	191268313	0
3	191278171	191275251	0
3	191278171	191276806	0
3	191278171	191277590	0
3	191282262	191278071	0
3	191282311	191278071	0
3	191282314	191278071	0
3	191282314	191278159	0
3	191282332	191278071	0
3	191282404	191278071	0
3	191328710	191316035	0
3	191328710	191328230	0
3	191328973	191328630	0
3	191329313	191328657	0
3	191330474	191328630	0
3	191330537	191328630	0
3	192170657	192139394	0
3	192170657	192142508	0
3	192170657	192143598	0
3	192170657	192143977	0
3	192170657	192143987	0
3	192170657	192144059	0
3	192268750	192170457	0
3	192335465	192170457	0
3	192335465	192170563	0
3	192727324	192335360	0
3	192727324	192360427	0
3	192727324	192672965	0
3	192727501	192727180	0
3	192727526	192360427	0
3	192727542	192360427	0
3	192727588	192726881	0
3	192727588	192727180	0
3	192727600	192727180	0
3	192767765	192727180	0
3	192918162	192796814	0
3	193157209	193155455	0
3	193169465	193144463	0
3	193275303	193274795	0
3	193276766	193275294	0
3	193276831	193274789	0
3	193276831	193274888	0
3	193279455	193276749	0
3	193279455	193276767	0
3	193310718	193307326	0
3	193313364	193311815	0
3	193314194	193311815	0
3	193315097	193314032	0
3	193322575	193312700	0
3	193362638	193362380	0
3	193363383	193362566	0
3	193363383	193362613	0
3	193404167	193402499	0
3	193407394	193402076	0
3	193407394	193402077	0
3	193407394	193402349	0
3	193407394	193402357	0
3	193433918	193414578	0
3	193435745	193433844	0
3	193435745	193433859	0
3	193438585	193433844	0
3	193438585	193435647	0
3	193438585	193435675	0
3	193439066	193438474	0
3	193439066	193438493	0
3	193439096	193435647	0
3	193440638	193439022	0
3	193441589	193439022	0
3	193441589	193440114	0
3	193441589	193440489	0
3	193441589	193440557	0
3	193459232	193457378	0
3	193462824	193458597	0
3	193462824	193459080	0
3	193502640	193493089	0
3	193514872	193493089	0
3	193514872	193502492	0
3	193514872	193502544	0
3	193554800	193514697	0
3	193554870	193514697	0
3	193554908	193514697	0
3	193554988	193514697	0
3	193555123	193514697	0
3	193581907	193514697	0
3	193581907	193579000	0
3	193619687	193618608	0
3	193627333	193619600	1
3	193627338	193618608	1
3	193843226	193842559	0
3	193844010	193843077	0
3	193844025	193842810	0
3	193959962	193957371	0
3	194003637	194001856	0
3	194003660	193959728	0
3	194010430	194005258	0
3	194015636	194005435	0
3	194015636	194005455	0
3	194015636	194005487	0
3	194015636	194009457	0
3	194015636	194010289	0
3	194023208	194015442	0
3	194023208	194015550	0
3	194023208	194015628	0
3	194043856	194043164	0
3	194046680	194043123	0
3	194046680	194043162	0
3	194049128	194046469	0
3	194049279	194015550	0
3	194049334	194043696	0
3	194049341	194023106	0
3	194049341	194046469	0
3	194049342	194042912	0
3	194049343	194005436	0
3	194049343	194029645	0
3	194049343	194042910	0
3	194049343	194043189	0
3	194049343	194043743	0
3	194052443	194015550	0
3	194052443	194029645	0
3	194055586	194048919	0
3	194057680	194052359	0
3	194057816	194048918	0
3	194057816	194052380	0
3	194057816	194053764	0
3	194057816	194055478	0
3	194057816	194055546	0
3	194057816	194055547	0
3	194058148	194055478	0
3	194058148	194055546	0
3	194058148	194055560	0
3	194058450	194055478	0
3	194070953	194052359	0
3	194070971	194015550	0
3	194131202	194130615	0
3	194136713	194136960	0
3	194204967	194203015	0
3	194204967	194203479	0
3	194301587	194299634	0
3	194301592	194296464	0
3	194303466	194301475	0
3	194303738	194301198	0
3	194303738	194303358	0
3	194306028	194301553	0
3	194306032	194301445	0
3	194351319	194340771	0
3	194351329	194339764	0
3	194363413	194357926	0
3	194369744	194355246	0
3	194412289	194402676	1
3	194412289	194402688	1
3	194412289	194402722	2
3	194413064	194403464	3
3	194413840	194402671	2
3	194413840	194402673	2
3	194413840	194402679	2
3	194413840	194412198	0
3	194419968	194413758	3
3	194420385	194413813	0
3	194424433	194403207	4
3	194429775	194402673	0
3	194431023	194430272	0
3	194431182	194430942	0
3	194431227	194430929	0
3	194431227	194430942	0
3	194447116	194444724	0
3	194448010	194446926	0
3	194448010	194447095	0
3	194459542	194455892	0
3	194459542	194457093	0
3	194459873	194459031	0
3	194459919	194459470	0
3	194459972	194459470	0
3	194460832	194459788	0
3	194460832	194459888	0
3	194462213	194460657	0
3	194462237	194460657	0
3	194462237	194460742	2
3	194485836	194462139	0
3	194494281	194462139	0
3	194498365	194494049	0
3	194501504	194496316	0
3	19450306	19451154	0
3	194563306	194562977	0
3	194589947	194587872	5
3	194593071	194588447	0
3	194593074	194587677	1
3	194604442	194587680	0
3	194604442	194588528	0
3	194604446	194587672	0
3	194604446	194587680	0
3	194604446	194588468	0
3	194604446	194593040	0
3	194604446	194596868	0
3	194610979	194604286	0
3	194611021	194587680	0
3	194611021	194604286	0
3	194611021	194604313	0
3	194615671	194610915	0
3	194615677	194610915	0
3	194615698	194610915	0
3	194615698	194610925	0
3	194623311	194615568	0
3	194623311	194616769	0
3	194623311	194617098	0
3	194623311	194617635	0
3	194623696	194622547	0
3	194623696	194623223	0
3	194644747	194640787	1
3	194644747	194642112	4
3	194644747	194642172	4
3	194646244	194644572	1
3	194646244	194644665	4
3	194646445	194644572	1
3	194651025	194646163	4
3	194651025	194648680	4
3	194651217	194650783	7
3	194651217	194650880	6
3	194651598	194650716	8
3	194659134	194652728	4
3	194660134	194658956	1
3	194660134	194659105	1
3	194670136	194666451	0
3	194672023	194670062	0
3	194672163	194670008	0
3	194672478	194670008	0
3	194768518	194765237	0
3	194780370	194780969	0
3	195086023	195069592	0
3	195094210	195070037	0
3	195122193	195069714	0
3	195154104	195069630	0
3	195156582	195068278	0
3	195156582	195068600	0
3	195156582	195069676	0
3	195156582	195069969	0
3	195156582	195070036	0
3	195175854	195156448	0
3	195180508	195175630	0
3	195183630	195180393	0
3	195184799	195180390	0
3	195207499	195156448	0
3	195207499	195175654	0
3	195209867	195156448	0
3	195226857	195156448	0
3	195226857	195207424	0
3	195247857	195226708	0
3	195247921	195226708	0
3	195260081	195226708	0
3	195270206	195226723	0
3	195271168	195226708	0
3	195279800	195279033	2
3	195282742	195280722	0
3	195285858	195274735	0
3	195285858	195278514	0
3	195289232	195285327	0
3	195289232	195285795	0
3	195292453	195291705	2
3	195294812	195292264	0
3	195294812	195292313	0
3	195295893	195294718	0
3	195295893	195295195	0
3	195297282	195295445	0
3	195297282	195295707	0
3	195297282	195295759	0
3	195301645	195297189	0
3	195301645	195297223	0
3	195302175	195301574	0
3	195306617	195301965	0
3	195306617	195302147	0
3	195306866	195301965	0
3	195326960	195320700	0
3	195326960	195325443	0
3	195333124	195326331	0
3	195333124	195326884	0
3	195336966	195333027	0
3	195336977	195333027	0
3	195336977	195333081	0
3	195342610	195336931	0
3	195342655	195335898	0
3	195342655	195336931	0
3	195342657	195336931	0
3	195342689	195342470	5
3	195345318	195342470	0
3	195345318	195342605	0
3	195356213	195345258	0
3	195357785	195345258	0
3	195381063	195345258	0
3	195381063	195345308	0
3	195381063	195357690	0
3	195382023	195381008	0
3	195382023	195381025	0
3	195442277	195392089	0
3	195442854	195392089	0
3	195442856	195381902	0
3	195442906	195412845	0
3	195442908	195392089	0
3	195443044	195392089	0
3	195443045	195441792	0
3	195443079	195392089	0
3	195519186	195514424	0
3	195519186	195516384	0
3	195519186	195516924	0
3	195519640	195516675	2
3	195523787	195519017	0
3	195523787	195519160	0
3	195524897	195519017	0
3	195527903	195524818	0
3	195529862	195524818	0
3	195529902	195519017	1
3	195529902	195523691	0
3	195529902	195524818	0
3	195529902	195527757	1
3	195529902	195527889	1
3	195543028	195529793	0
3	195543159	195529793	0
3	195543354	195529793	0
3	195543387	195528716	0
3	195543387	195529793	0
3	195571366	195568701	0
3	195571366	195568752	0
3	195571366	195568907	0
3	195571366	195569021	0
3	195573972	195570590	0
3	195573972	195571276	0
3	195651473	195650145	0
3	195656731	195655564	0
3	195683866	195685817	0
3	195685940	195686297	1
3	195688320	195688532	0
3	195689439	195689545	0
3	195701496	195701587	0
3	195708269	195708428	0
3	195708269	195708746	0
3	195708329	195708746	0
3	195708388	195708746	0
3	195708436	195708746	0
3	195708514	195708746	0
3	195708556	195708746	0
3	195708842	195708983	0
3	195716441	195716757	0
3	195725160	195725672	0
3	195749065	195746764	0
3	195749065	195747057	0
3	195749065	195747172	0
3	195751113	195748901	0
3	195751272	195750606	0
3	195751272	195750888	0
3	195752521	195749855	0
3	195766752	195765269	0
3	195769153	195765269	0
3	195769153	195766661	0
3	195769153	195766662	0
3	195770372	195766662	0
3	195771741	195766662	0
3	195771817	195766662	0
3	195811858	195774171	0
3	195811858	195778302	0
3	195811890	195778789	0
3	195811974	195809643	0
3	195812278	195778789	0
3	195837046	195836333	0
3	195854229	195836192	0
3	195860405	195836339	0
3	195867017	195863363	0
3	195867017	195863364	0
3	195868710	195866888	14
3	195868710	195867168	18
3	195868710	195868083	23
3	195869542	195867360	14
3	195869542	195868222	2
3	195869542	195868532	2
3	195869691	195867168	7
3	195870169	195869496	2
3	195870206	195867360	3
3	195870206	195868355	2
3	195870206	195868505	3
3	195870206	195868587	2
3	195870206	195869496	2
3	195870379	195868629	2
3	195870405	195869496	2
3	195872383	195870113	3
3	195872404	195869458	4
3	195872471	195868216	1
3	195872471	195868224	1
3	195872471	195869496	1
3	195872471	195870113	1
3	195872807	195870172	0
3	195876509	195872275	0
3	195876651	195872275	0
3	195876696	195872275	0
3	195878348	195872275	0
3	195878593	195878252	0
3	195879176	195878445	0
3	195879176	195878510	0
3	195879487	195878445	0
3	195882329	195879048	0
3	195882329	195879082	0
3	195882329	195879121	1
3	195882528	195882050	1
3	195883310	195879048	0
3	195883310	195882050	0
3	195883310	195882285	0
3	195885034	195883156	1
3	195885544	195884844	0
3	195886274	195882050	0
3	195887048	195883156	0
3	195887048	195884811	0
3	195887048	195884974	0
3	195887048	195885412	0
3	195888585	195886976	0
3	195888607	195886973	0
3	195888607	195886976	0
3	195896162	195872279	0
3	195911946	195888425	0
3	195947480	195923669	0
3	195949354	195913077	0
3	195950117	195947334	0
3	195953512	195949241	0
3	195953532	195949241	0
3	195954486	195953348	0
3	195960424	195959747	0
3	195963422	195959920	0
3	195963422	195960299	0
3	195965543	195963299	1
3	195965543	195963334	1
3	195965578	195963103	0
3	195971445	195967878	0
3	195971445	195968218	1
3	195974567	195971252	0
3	195974567	195971322	0
3	195979867	195977082	0
3	195982311	195979743	3
3	195982353	195979744	3
3	195984277	195982161	0
3	195984277	195982292	0
3	195985790	195984111	2
3	195985790	195984491	2
3	195985790	195984593	2
3	195986605	195985445	1
3	195986605	195985626	0
3	196041	195757	0
3	196053559	196027182	0
3	196053559	196049283	0
3	196053559	196049475	180
3	196055215	196053417	5
3	196055302	196053417	0
3	196055302	196053508	0
3	196055562	196053491	1
3	196058366	196055079	0
3	196058366	196055110	1
3	196058633	196057961	0
3	196058633	196058282	0
3	196058633	196058283	0
3	196058633	196058325	0
3	196058959	196058210	0
3	196062646	196060179	0
3	196062940	196062390	0
3	196062940	196062581	0
3	196062976	196060179	0
3	196063193	196062581	0
3	196067658	196065442	0
3	196068131	196067517	0
3	196068131	196067606	0
3	196071499	196069454	0
3	196072153	196071395	0
3	196072153	196071439	0
3	196074126	196072002	0
3	196075361	196072002	0
3	196075361	196073929	0
3	196075361	196074196	0
3	196077123	196072002	0
3	196077123	196073929	0
3	196198452	196197448	0
3	196198452	196197451	0
3	196198452	196197452	0
3	196198591	196197451	0
3	196198870	196198275	0
3	196198875	196197451	0
3	196198875	196198275	0
3	196198875	196198393	0
3	196198911	196198275	0
3	196207504	196198275	0
3	196207504	196198788	0
3	196207504	196199345	0
3	196208561	196207397	0
3	196208838	196208409	0
3	196209516	196208387	0
3	196227120	196227537	0
3	196238895	196229841	0
3	196239736	196234367	41
3	196239736	196238550	0
3	196239736	196238707	1
3	196240005	196238790	0
3	196242091	196239546	0
3	196242091	196239564	0
3	196242091	196241527	9
3	196242641	196241659	0
3	196242641	196241947	0
3	196242641	196242066	0
3	196247472	196242561	0
3	196247519	196214221	0
3	196247519	196242393	0
3	196247519	196242561	0
3	196247644	196242613	0
3	196248274	196247366	0
3	196248324	196242561	0
3	196248324	196242569	0
3	196248324	196247366	0
3	196248324	196247451	0
3	196248324	196247456	0
3	196248324	196247466	0
3	196248324	196247507	0
3	196257807	196248206	0
3	196257888	196247366	0
3	196257888	196248206	0
3	196257888	196248229	0
3	196292545	196291218	0
3	196296070	196291218	0
3	196296070	196291220	0
3	196296307	196291218	0
3	196305774	196296005	0
3	196307013	196270414	0
3	196307013	196296005	0
3	196316232	196306942	0
3	196318215	196316097	1
3	196318223	196316097	1
3	196318289	196316097	1
3	196318300	196316097	1
3	196323998	196316081	2
3	196323998	196319341	8
3	196324323	196323545	20
3	196324441	196323548	0
3	196324441	196323550	0
3	196324441	196323743	0
3	196327033	196323743	0
3	196327033	196324270	0
3	196327033	196324274	0
3	196327592	196324270	0
3	196361924	196347661	3
3	196361924	196354876	1
3	196361924	196356617	0
3	196391926	196371895	0
3	196393620	196391812	0
3	196403020	196391837	0
3	196403020	196393553	0
3	196403020	196393580	0
3	196403020	196400128	0
3	196432398	196407245	0
3	196432428	196402951	0
3	196432428	196407245	0
3	196432431	196371895	0
3	196432475	196407245	0
3	196475313	196468782	0
3	196475313	196471759	0
3	196483892	196475230	0
3	196509670	196506876	0
3	196509670	196506878	0
3	196528792	196527338	0
3	196561492	196554176	1
3	196567308	196554193	1
3	196567308	196560995	2
3	196567308	196561013	2
3	196567311	196560995	2
3	196568582	196554187	0
3	196632588	196631497	0
3	196708728	196706276	0
3	196712249	196707060	0
3	196712294	196708527	1
3	196930901	196931913	2
3	196937632	196935433	132
3	196937649	196935405	137
3	196937649	196935406	137
3	196937649	196935408	137
3	196937649	196936776	94
3	196937649	196936925	88
3	196937649	196937022	104
3	196937691	196935401	124
3	196939433	196936832	85
3	196939433	196937339	74
3	196939433	196937509	84
3	196941603	196939250	1
3	196941770	196939250	8
3	196941857	196939254	11
3	196941907	196939250	7
3	196942378	196939250	37
3	196942437	196941486	80
3	196942441	196939250	44
3	196942509	196938902	27
3	196942524	196939250	22
3	196942561	196935406	4
3	196942561	196939392	4
3	196942595	196939250	5
3	196942598	196939250	5
3	196951931	196946736	0
3	196952032	196946342	0
3	196952032	196948096	0
3	196968834	196951820	0
3	196968872	196951820	0
3	196969061	196951537	0
3	196986943	196983889	0
3	197004100	197001739	12
3	197004180	196988620	0
3	197006737	197003900	0
3	197021472	197017102	1
3	197021472	197018952	1
3	197023096	197021293	2
3	197023114	197021403	0
3	197024486	197022956	1
3	197024486	197023853	2
3	197026760	197024302	0
3	197027065	197024334	2
3	197027911	197026659	0
3	197029295	197025541	0
3	197051669	197042559	0
3	197051669	197042560	0
3	197051669	197043032	0
3	197051669	197043630	0
3	197051669	197044259	0
3	197051669	197044330	0
3	197051669	197044550	0
3	197051669	197044559	0
3	197051669	197044622	0
3	197059999	197051576	0
3	197065810	197059888	0
3	197065810	197065275	0
3	197066755	197065275	0
3	197066755	197065707	0
3	197066755	197065708	0
3	197069261	197066703	0
3	197069261	197068501	0
3	197069483	197066703	0
3	197071004	197068501	0
3	197075871	197069216	0
3	197075871	197069218	0
3	197075872	197069218	0
3	197076683	197069218	0
3	197076686	197069218	0
3	197081118	197069218	0
3	197081118	197075836	0
3	197081118	197076585	0
3	197081118	197078462	0
3	197085659	197080989	0
3	197085757	197075836	0
3	197085757	197076585	0
3	197085757	197080477	0
3	197085757	197081050	0
3	197091027	197081050	0
3	197116084	197104902	0
3	197119531	197115926	0
3	197119531	197116037	0
3	197130672	197090911	0
3	197136679	197130526	0
3	197138392	197136323	0
3	197138392	197136541	0
3	197140265	197138221	0
3	197142769	197140139	0
3	197142769	197140144	0
3	197142800	197140139	0
3	197149797	197140139	0
3	197149797	197142717	0
3	197161739	197149742	0
3	197161739	197149754	0
3	197183635	197149742	0
3	197183859	197149742	0
3	197184132	197149742	1
3	197194590	197140139	0
3	197194590	197142717	0
3	197194590	197149742	0
3	197194590	197161639	0
3	197226360	197194534	0
3	197260462	197194424	0
3	197282846	197194336	0
3	197282846	197194424	0
3	197282846	197194444	0
3	197282846	197194537	0
3	197296478	197282609	0
3	197296478	197282678	0
3	197296890	197296345	0
3	197297205	197296345	1
3	197297236	197296345	1
3	197297236	197296389	3
3	197297597	197296345	3
3	197342	196606	0
3	197451309	197450326	0
3	197457784	197445060	0
3	197514396	197512221	0
3	197514417	197509782	0
3	197514417	197511593	0
3	197514417	197511994	0
3	197514417	197512167	0
3	197514417	197512327	0
3	197515862	197514262	0
3	197522782	197514262	0
3	197522782	197514263	0
3	197522782	197514265	0
3	197523261	197514263	0
3	197532515	197522639	0
3	197532523	197522639	0
3	197532523	197528309	0
3	197533562	197522639	0
3	197533562	197532411	0
3	197533641	197532411	0
3	197534157	197532411	0
3	197538485	197533488	0
3	197546487	197533488	0
3	197546487	197533492	0
3	197546487	197538666	0
3	197554714	197533484	0
3	197554714	197546360	0
3	197555508	197546360	0
3	197555677	197554368	0
3	197555957	197546118	0
3	197555973	197533488	0
3	197555978	197546360	0
3	197555981	197554561	2
3	197555988	197554561	0
3	197556049	197546360	0
3	197573324	197546360	0
3	197579300	197578212	0
3	197593160	197579202	0
3	197613319	197600271	0
3	197613319	197611571	1
3	197615661	197613224	8
3	197615686	197613224	8
3	197615686	197614026	5
3	197615686	197614285	4
3	197619889	197614981	5
3	197619889	197615563	0
3	197621869	197619739	0
3	197623383	197619739	1
3	197665758	197660564	0
3	197675516	197671392	2
3	197675516	197674019	2
3	197675516	197675017	2
3	197677039	197675421	0
3	197677542	197676216	0
3	197677542	197676884	0
3	197683440	197682469	0
3	197684218	197683306	0
3	197694586	197693714	0
3	197695982	197694374	0
3	197695982	197694416	0
3	197700770	197695865	0
3	197701147	197695865	0
3	197701147	197696953	0
3	197701147	197699186	0
3	197701711	197700612	0
3	197701865	197700459	0
3	197701865	197700612	0
3	197703655	197701707	0
3	197703655	197701735	0
3	197703655	197701859	0
3	197749348	197748108	0
3	197749700	197717976	0
3	197749728	197705091	0
3	197831297	197830684	0
3	197891548	197889074	0
3	197891548	197889076	0
3	197891548	197889077	0
3	197892760	197889412	0
3	197912537	197906367	0
3	197912750	197892627	0
3	197913285	197892627	0
3	197914043	197912674	0
3	197914043	197913350	0
3	197916421	197913880	0
3	197926106	197913721	0
3	197926106	197913880	0
3	197932303	197926023	0
3	197932303	197926096	0
3	197938781	197932173	0
3	197939033	197932173	0
3	197944052	197938547	0
3	197944052	197938659	0
3	197944052	197938665	0
3	197945687	197943756	0
3	197945687	197943777	0
3	197945687	197943897	0
3	197953661	197954002	16
3	197959596	197943777	1
3	197959720	197945619	0
3	197960016	197956640	0
3	197960020	197959528	0
3	197960143	197959528	0
3	197976112	197976597	0
3	198038859	198038320	1
3	198039235	198038747	2
3	198056574	198053521	0
3	198059364	198056421	0
3	198063789	198057530	0
3	198063789	198058052	0
3	198063789	198058451	0
3	198064023	198059249	0
3	198072831	198070122	0
3	198077013	198065752	0
3	198122080	198121478	0
3	198189930	198190288	0
3	198226311	198223496	0
3	1987471	1962380	0
3	19882732	19879471	0
3	19882732	19879475	0
3	19884616	19882549	0
3	19888652	19884402	0
3	19896842	19884361	0
3	19896842	19888443	0
3	19896842	19894490	0
3	19898825	19896686	0
3	19898846	19896540	0
3	19898846	19896686	0
3	19899516	19898776	0
3	19899516	19898777	0
3	19942432	19940268	0
3	19947010	19936140	0
3	19947026	19945913	0
3	19984297	19979960	1
3	20002097	19984193	0
3	20002097	19985379	0
3	20012258	20000974	0
3	20012268	20001029	0
3	20012331	20001029	0
3	20170816	20160592	0
3	20170816	20161008	0
3	20171233	20169480	0
3	20171233	20170052	1
3	20171233	20170484	0
3	20171233	20170643	0
3	20171233	20170723	0
3	20171268	20170060	0
3	20175056	20161008	0
3	20175056	20171042	0
3	20176660	20171042	0
3	20176660	20174248	0
3	20176660	20174721	0
3	20176660	20175004	0
3	20186128	20183885	44
3	20186192	20183885	22
3	20186207	20183885	21
3	20186293	20183885	19
3	20345783	20346024	0
3	21224837	21006729	0
3	2132451	2110408	0
3	21424065	21412221	0
3	21424065	21421378	0
3	21437204	21425491	0
3	21441743	21436819	0
3	21459450	21437011	0
3	21510987	21441685	0
3	21511024	21436969	0
3	21511024	21437076	0
3	21511024	21459331	0
3	21511758	21510860	0
3	21563313	21561918	0
3	21564685	21510860	0
3	21564685	21511621	0
3	21564687	21561918	0
3	21665029	21564573	0
3	21849720	21564573	0
3	22134392	22133581	0
3	22168952	21877839	0
3	22169017	22134318	0
3	22169036	21564573	0
3	22169036	21664885	0
3	22169036	21849655	0
3	22372633	22168816	0
3	22372838	22168816	0
3	22373322	22168492	0
3	22670535	22670200	0
3	22812048	22811389	0
3	23202534	23195069	0
3	23202544	23195069	0
3	23202579	23195069	0
3	23806906	23804023	0
3	23901050	23891659	1
3	23901050	23892060	2
3	23901050	23892063	2
3	23901050	23892080	2
3	23901050	23892082	2
3	23901050	23892096	2
3	23901050	23892306	0
3	23901050	23892309	0
3	23901050	23893064	1
3	23917174	23917532	8
3	23917174	23917836	9
3	23917174	23917849	15
3	23917174	23917946	16
3	23917174	23917972	13
3	23917174	23918439	9
3	23917240	23917849	16
3	23917296	23917849	13
3	23917445	23917849	16
3	23917666	23917849	14
3	23918032	23918439	4
3	23918577	23919195	6
3	23918584	23919202	7
3	23946592	23911328	0
3	24099465	24096268	0
3	24101547	24099415	0
3	24103224	24100440	0
3	24103239	24099973	0
3	24127758	24117152	0
3	24127758	24118213	0
3	24127758	24119042	0
3	24127758	24119055	0
3	24127758	24119067	0
3	24127758	24119070	0
3	24127758	24119071	0
3	24127758	24119168	0
3	24127758	24119189	0
3	24127758	24122207	0
3	24127758	24122770	0
3	24127758	24122837	0
3	24146823	24133315	0
3	24146823	24143500	0
3	24152491	24146674	0
3	24152491	24146717	0
3	24165596	24152389	0
3	24190335	24152389	0
3	24190335	24152407	0
3	24190335	24152409	0
3	24190335	24152430	0
3	24190335	24152462	0
3	24229002	24190073	0
3	24229002	24190153	0
3	24229002	24190167	0
3	24238082	24228937	0
3	24297324	24228937	0
3	24297372	24190073	0
3	24297372	24228937	0
3	24318495	24228937	0
3	24318495	24228959	0
3	24337372	24190073	0
3	24337372	24228937	0
3	24459435	24455135	0
3	24484096	24337299	0
3	24494732	24337299	0
3	24494752	24430100	0
3	24494772	24337299	0
3	24494798	24337299	0
3	24494804	24337299	0
3	24494812	24337299	0
3	24494823	24337299	0
3	24494829	24337299	0
3	24494881	24337299	0
3	24494882	24337299	0
3	24494963	24348557	0
3	24495006	24337299	0
3	24495283	24337299	0
3	24495573	24337299	0
3	24495757	24337299	0
3	24496185	24496663	0
3	24499581	24496271	0
3	25599530	25597904	0
3	25599530	25597983	1
3	25599530	25597985	1
3	25612710	25609567	0
3	25615289	25612514	0
3	25615289	25612570	0
3	25615587	25615204	0
3	25615942	25615430	0
3	25618510	25615430	0
3	25618510	25615472	0
3	25618850	25615430	0
3	25624446	25623514	0
3	25624804	25624296	0
3	25625039	25624351	0
3	25627297	25626771	0
3	25628953	25627056	0
3	25628953	25627186	0
3	25664908	25664228	141
3	25720192	25718943	2
3	25720192	25718944	2
3	25720192	25719112	2
3	25720192	25719269	0
3	25720192	25719274	0
3	25720192	25719275	0
3	25720192	25719278	0
3	25720192	25719410	2
3	25729319	25719270	0
3	25751264	25736308	0
3	25751264	25737333	0
3	25751264	25739576	0
3	25764312	25751097	0
3	25764312	25751180	0
3	25777841	25764128	0
3	25778689	25764065	0
3	25778689	25777700	0
3	25782873	25778573	0
3	25783365	25778573	0
3	25783382	25778573	0
3	25783415	25778261	0
3	25783415	25778573	0
3	25783415	25778640	0
3	25783439	25778573	0
3	25783483	25778573	0
3	25783499	25778573	0
3	25783552	25778573	0
3	25784157	25778573	0
3	25790040	25778573	0
3	25791316	25791769	20
3	25791697	25791945	29
3	25860753	25858532	0
3	25870136	25858653	0
3	26619849	26619329	0
3	26624770	26625183	0
3	27115996	27110084	0
3	27115996	27110902	0
3	27115996	27110903	0
3	27115996	27111271	0
3	27131991	27119759	0
3	27141583	27131879	0
3	27141583	27131951	0
3	27162602	27141481	0
3	27162602	27143444	0
3	27162739	27141481	0
3	27162739	27162265	0
3	27162739	27162460	0
3	27174526	27171818	0
3	27174834	27174438	0
3	27174834	27174440	0
3	27215881	27202427	0
3	27216476	27215731	0
3	27256372	27202427	0
3	27256372	27215606	0
3	27256372	27255111	0
3	27284705	27256295	0
3	27284705	27278687	0
3	27311017	27308925	0
3	27312178	27310948	0
3	27314339	27309156	0
3	27314339	27312098	0
3	27322262	27314296	0
3	27344371	27322176	0
3	27344371	27322225	0
3	27379357	27372722	3
3	27379357	27376605	2
3	27379357	27376728	2
3	27383251	27372720	0
3	27383251	27372722	0
3	27383251	27376605	1
3	27383251	27376763	0
3	27386024	27383152	0
3	27390105	27385891	0
3	27398354	27397683	0
3	27400870	27398191	0
3	27401045	27397864	0
3	27421780	27420699	0
3	27422841	27421621	0
3	27424087	27420699	0
3	27424153	27421621	0
3	27424153	27422780	0
3	27424503	27421671	0
3	27428287	27424036	0
3	27431670	27424036	0
3	27434105	27423640	0
3	27434105	27424036	0
3	27484348	27452416	0
3	27484397	27452416	0
3	27484421	27452416	0
3	27718649	27715948	0
3	27718649	27716376	0
3	27718649	27716508	0
3	27834137	27830887	0
3	27917423	27916773	0
3	27930956	27929056	0
3	27967409	27930834	0
3	27987410	27967285	0
3	27987410	27985566	0
3	28010565	27987369	0
3	28010565	27997543	0
3	28028604	27997209	0
3	28316424	28316752	0
3	28316424	28318731	0
3	28316424	28319508	0
3	28316860	28319508	0
3	28318880	28319508	0
3	28319314	28315002	0
3	28326951	28319201	0
3	28326951	28321046	0
3	28326951	28322352	0
3	28326951	28324305	0
3	28327003	28324186	0
3	28332408	28326831	0
3	28332428	28326489	0
3	28332428	28326831	0
3	28332428	28331688	1
3	28332428	28331689	1
3	28332428	28331690	1
3	28332428	28331825	1
3	28332438	28331690	1
3	28336886	28332368	0
3	28336954	28332368	1
3	28337123	28332368	1
3	28338037	28336736	4
3	28338037	28336827	3
3	28338616	28337936	5
3	28338618	28337936	2
3	28340602	28338492	14
3	28340623	28338492	9
3	28340623	28338545	9
3	28341597	28338492	2
3	29280905	29264193	0
3	29281441	29281550	15
3	29290727	29264193	0
3	29537665	29526250	0
3	29616448	29614420	0
3	29616475	29614578	0
3	29616480	29537625	0
3	29616480	29556337	0
3	29617056	29616056	0
3	29641148	29616056	0
3	29641148	29616310	0
3	29641148	29616325	0
3	29642810	29615974	0
3	29927174	29926810	0
3	3041155	3039032	0
3	3043014	3041044	0
3	30526214	30524989	0
3	3059381	3042841	0
3	3061146	3042912	0
3	3069243	3061066	0
3	3074867	3066325	0
3	3074867	3069548	0
3	3074867	3069736	0
3	3076628	3069725	0
3	30778269	30726199	0
3	30778269	30728107	0
3	30801089	30786354	0
3	30833935	30797676	0
3	30833935	30800888	0
3	3092363	3076530	0
3	3092363	3089970	0
3	3092363	3090172	0
3	3095445	3091803	0
3	3095445	3092012	0
3	3095445	3092223	0
3	3098058	3076530	0
3	3098058	3095298	0
3	3098291	3097869	0
3	3098291	3097989	0
3	3101831	3098136	0
3	3102821	3101691	0
3	3102821	3101731	0
3	3104988	3102674	0
3	3108692	3104902	0
3	3108692	3105467	0
3	3109981	3108549	0
3	3109984	3108549	0
3	3110348	3108549	0
3	3110366	3108583	0
3	3110367	3108549	0
3	3110375	3108549	0
3	3126614	3108549	0
3	3127290	3127945	4
3	3145615	3145452	0
3	3149234	3150539	2
3	3151046	3144627	0
3	3152588	3148991	2
3	3152588	3150010	3
3	3152588	3150859	5
3	3152588	3150882	5
3	3152588	3150987	5
3	3153489	3150010	1
3	3153489	3152455	10
3	3154076	3153423	0
3	3154193	3153423	0
3	3154832	3153959	0
3	3154971	3153959	1
3	3156282	3152455	4
3	3156282	3154549	0
3	3156282	3154746	0
3	3156785	3152455	0
3	31619831	31619964	1
3	31664233	31657889	0
3	31664233	31661671	0
3	31664620	31662073	2
3	31668825	31657911	1
3	31668825	31664078	1
3	3167794	3153423	0
3	3167794	3156089	0
3	3167794	3156218	0
3	31684115	31670796	0
3	31701830	31700298	0
3	31702472	31701680	0
3	31702509	31683633	0
3	31702509	31683867	0
3	31702509	31683968	0
3	31703801	31702358	0
3	31704759	31702358	0
3	31709165	31702375	1
3	3172924	3167633	0
3	3172926	3167429	1
3	3172926	3167633	0
3	3172926	3172175	2
3	31733412	31702358	0
3	31733412	31732586	0
3	3174122	3172775	0
3	3174262	3172716	2
3	3174262	3172775	0
3	31748121	31733256	0
3	3175251	3174058	0
3	3175267	3174058	0
3	3175270	3173886	0
3	3175270	3174058	0
3	3179692	3174058	0
3	3179711	3174058	0
3	31797842	31747909	0
3	31830075	31747909	0
3	31830106	31797754	0
3	31830181	31747909	0
3	31830232	31747909	0
3	31830232	31747971	0
3	31830232	31748013	0
3	31830232	31822127	0
3	31876513	31747909	0
3	31876513	31747932	0
3	31876513	31830039	0
3	31879554	31876432	0
3	31879831	31876432	0
3	31879831	31879429	0
3	31906997	31876432	0
3	31919501	31879654	0
3	31960337	31879654	0
3	31969556	31879654	0
3	31980947	31879405	0
3	31980947	31879654	0
3	31981301	31879654	0
3	31981303	31879654	0
3	31981306	31876434	0
3	32046604	31879654	0
3	32064422	32063973	0
3	32077581	32046490	0
3	32151896	32151082	0
3	32488037	32481311	3
3	32488382	32483738	0
3	32491887	32487732	0
3	32491887	32487937	0
3	32528602	32525970	0
3	32528602	32526099	1
3	32528602	32526283	0
3	32529661	32528445	0
3	32530329	32529539	0
3	32530329	32529629	1
3	32533098	32529539	0
3	32541207	32537010	0
3	32545107	32541036	0
3	32545107	32541051	0
3	32545966	32544875	0
3	32545966	32544988	1
3	32566736	32545848	0
3	32570254	32545848	0
3	32570420	32541036	0
3	32570420	32545426	0
3	32570420	32545848	0
3	32570859	32545873	0
3	3265852	3260806	0
3	32737455	32730634	0
3	32764491	32764681	3
3	33014311	32996607	0
3	33014311	32996608	0
3	33014311	32996728	0
3	33016841	33014055	0
3	33016841	33014072	0
3	33016841	33014142	0
3	33018562	33016707	0
3	33018562	33016708	0
3	33021656	33018447	0
3	33024326	33021565	0
3	33024326	33021626	0
3	33024426	33021253	0
3	33030199	33024250	0
3	33030812	33030141	0
3	33034504	33030698	0
3	33034673	33024250	0
3	33038020	33024250	0
3	33046193	33045605	0
3	33046233	33024246	0
3	33046233	33024250	0
3	33051799	33046119	0
3	33051799	33046143	0
3	33051799	33046155	0
3	33052005	33051757	0
3	33052792	33051882	0
3	33053550	33051880	0
3	33053550	33051882	0
3	33053550	33051906	0
3	33058270	33053490	0
3	33065558	33053490	0
3	33065558	33058086	0
3	33065558	33058088	0
3	33065558	33061667	0
3	33068971	33068229	0
3	33072714	33065462	0
3	33072714	33068818	0
3	33072714	33068819	0
3	33072714	33068918	0
3	33072716	33065462	0
3	33077238	33072543	0
3	33096793	33077093	0
3	33096802	33090420	0
3	33096802	33090424	0
3	33096836	33072543	0
3	33097044	33072543	5
3	33097119	33053490	0
3	33097122	33058088	0
3	33097143	33053490	0
3	33097147	33053490	0
3	33097147	33065462	3
3	33097147	33068819	2
3	33097147	33072543	6
3	33097203	33077093	0
3	33097231	33072543	0
3	33147722	33144103	28
3	33175075	33150041	0
3	33207927	33153709	0
3	33207927	33174885	0
3	33373356	33373577	0
3	3337464	3250686	0
3	3337464	3266087	0
3	3337464	3315305	0
3	33392615	33388335	5
3	33392615	33388338	5
3	33392615	33390096	5
3	33392615	33390133	5
3	33392615	33390265	4
3	33393455	33392362	1
3	33393455	33392562	1
3	33396281	33393311	4
3	33396303	33393311	4
3	33396622	33393311	2
3	33396879	33396161	3
3	33396879	33396242	4
3	33397136	33396161	3
3	33397136	33396744	3
3	33398439	33388337	1
3	33400268	33396581	1
3	33400283	33397044	0
3	33401017	33400188	0
3	33402905	33400961	0
3	33408723	33402800	1
3	33408798	33402800	1
3	33409347	33402800	1
3	33409347	33408689	7
3	33409588	33409235	2
3	33409602	33409235	2
3	33409602	33409284	2
3	33411688	33409235	0
3	33412757	33411580	0
3	33412828	33411580	0
3	33416101	33412721	0
3	33416821	33416005	0
3	33416835	33412721	0
3	33416835	33412725	0
3	33425742	33416757	0
3	33425742	33416792	0
3	33501769	33496244	1
3	33501769	33496248	1
3	33501769	33496992	0
3	33501769	33497754	0
3	33501769	33498466	0
3	33501769	33498512	0
3	33501769	33498583	0
3	33505452	33496244	0
3	33535449	33516980	0
3	33535462	33516980	0
3	33538943	33535232	0
3	33538943	33535372	0
3	33543540	33538788	0
3	33543540	33538922	0
3	33559176	33551251	0
3	33559342	33558335	2
3	33559386	33551251	2
3	33559386	33559124	0
3	33570791	33560807	0
3	33570791	33563963	0
3	33573355	33570726	0
3	33573355	33570730	0
3	33574497	33573109	0
3	33574497	33573169	0
3	33576276	33573109	0
3	33576422	33573109	0
3	33603126	33596710	0
3	33603126	33602412	0
3	33604210	33602442	0
3	33604210	33602443	0
3	33604210	33602951	0
3	33612072	33608566	0
3	33619739	33612000	0
3	33619739	33612008	0
3	33622281	33619602	0
3	33622281	33619689	0
3	33627081	33622134	0
3	33627081	33622152	0
3	33627081	33622186	0
3	33632372	33626987	0
3	33632375	33626987	0
3	33644904	33626987	0
3	33644904	33632291	0
3	33645275	33644756	0
3	33645459	33644756	0
3	33645470	33644756	0
3	33645491	33644756	0
3	33645493	33644756	0
3	33645504	33644756	0
3	33659010	33644756	0
3	33659106	33644756	0
3	33659108	33644381	0
3	33659141	33644756	0
3	33659442	33644756	0
3	33659673	33644756	0
3	33663516	33644756	0
3	33684457	33663444	0
3	33684457	33682978	0
3	33689933	33688276	0
3	33696934	33689729	0
3	33696934	33689828	0
3	33798540	33793643	15
3	34536076	34524817	0
3	35651962	35650196	0
3	35679693	35679786	0
3	35679702	35679786	0
3	35681171	35681713	0
3	35681493	35681713	0
3	35681563	35681713	0
3	35683816	35684020	0
3	36618364	36616005	0
3	36718178	36712421	0
3	36721660	36718009	0
3	36721660	36718092	0
3	36784168	36768724	0
3	36821434	36819275	0
3	36822499	36820549	0
3	36829663	36826819	0
3	36829663	36826825	0
3	36829663	36826831	0
3	36842711	36838612	0
3	36846405	36842621	0
3	36846405	36842679	0
3	36889961	36874125	0
3	36899260	36895639	0
3	36903276	36899106	0
3	36903276	36899108	0
3	36990436	36986809	91
3	36992269	36990310	241
3	36992941	36990375	279
3	37054516	37052655	2
3	37054516	37052889	2
3	37054516	37053003	8
3	37054516	37053686	2
3	37054516	37053720	2
3	37054516	37053749	2
3	37058911	37055085	0
3	37063792	37058789	0
3	37063792	37058858	0
3	37065335	37058789	0
3	37065943	37063741	0
3	37068764	37063741	0
3	37075117	37065809	0
3	37075117	37066223	0
3	37075117	37072789	0
3	37083751	37075023	0
3	37083807	37075023	0
3	37091539	37083635	0
3	37091539	37083644	0
3	37094909	37083635	0
3	37094909	37091466	0
3	37121537	37112914	0
3	37121537	37115053	0
3	37121692	37121491	0
3	37127681	37121634	0
3	37129150	37096615	0
3	37129150	37121463	0
3	37129150	37121634	0
3	37129150	37121665	0
3	37129150	37127629	0
3	37149039	37129062	0
3	37154657	37148893	0
3	37154657	37148926	0
3	37174565	37148893	0
3	37174606	37148893	0
3	37174606	37154613	0
3	37174606	37170332	2
3	37174606	37172769	0
3	37175136	37174538	0
3	37175190	37174538	0
3	37175210	37174538	0
3	37175216	37174538	0
3	37176058	37174538	0
3	37176145	37174538	2
3	37176252	37174538	2
3	37176303	37174538	2
3	37176309	37174538	2
3	37176328	37174118	0
3	37176338	37174538	0
3	37176361	37174538	0
3	37176533	37174538	0
3	37183690	37174538	0
3	374053	363834	0
3	37417143	37417252	0
3	37417493	37417666	0
3	37749665	37745431	0
3	37753998	37749535	0
3	37754053	37749218	0
3	3777804	3700813	0
3	37806186	37790864	0
3	37808881	37790750	0
3	37808881	37806077	0
3	37808881	37806078	0
3	37818931	37808494	0
3	37818931	37808495	0
3	37821101	37753688	0
3	37821101	37753928	0
3	37821101	37805828	0
3	37821101	37808467	0
3	37821101	37808495	0
3	37821101	37808500	0
3	37821101	37808703	0
3	37821101	37818276	0
3	37821101	37818679	0
3	37821101	37818809	0
3	37821411	37818809	0
3	3782702	3779240	0
3	37834749	37821013	0
3	37834768	37808495	0
3	37834768	37821013	0
3	37835072	37821013	0
3	37835164	37820915	0
3	37861733	37808495	0
3	3789075	3781351	0
3	3789075	3782502	0
3	3789075	3782637	0
3	3795429	3788913	0
3	37980864	37981824	13
3	37980864	37982565	13
3	3798215	3795238	0
3	37982644	37984247	4
3	3799897	3795295	0
3	38001001	38001455	0
3	38001594	38001701	0
3	38001861	38002395	0
3	38002576	38003167	0
3	38003314	38004254	0
3	38006253	38006448	0
3	38008164	38007495	0
3	38008164	38007497	0
3	38008336	38007495	0
3	38008368	38008013	0
3	38008637	38008234	1
3	3800876	3788913	0
3	38008765	38008273	1
3	38009159	38008234	0
3	38009159	38008457	0
3	38009159	38008462	0
3	38009159	38008577	0
3	38009812	38008457	0
3	38011446	38010360	0
3	38011674	38011213	0
3	38011674	38011292	0
3	38016720	38011543	0
3	38020353	38016490	0
3	38024577	38020228	0
3	38024788	38020187	0
3	38029560	38020187	0
3	38029763	38020187	0
3	38095072	38095887	0
3	38117101	38117207	0
3	38117303	38117526	0
3	38122376	38103128	0
3	38123084	38122263	18
3	38125711	38122709	0
3	38125711	38122710	0
3	38125711	38122718	0
3	38125711	38122832	0
3	38125711	38122909	0
3	38125882	38125563	0
3	38125882	38125564	0
3	38126342	38125825	2
3	38126343	38125564	1
3	38126701	38122715	0
3	38126701	38125825	0
3	38126701	38126161	0
3	38127867	38125825	0
3	38127867	38126060	0
3	38127867	38126161	0
3	38127867	38126450	0
3	38127867	38126492	0
3	38127867	38126509	0
3	38129389	38127630	0
3	38129389	38127785	0
3	38131639	38127785	0
3	38131639	38129289	0
3	38132006	38127785	0
3	38132006	38129289	0
3	38132006	38129328	0
3	38134010	38129289	0
3	38134010	38131925	0
3	38134468	38131925	0
3	38134553	38133872	0
3	38134553	38133951	0
3	38135295	38134395	0
3	38136625	38133951	0
3	38136686	38129289	0
3	38136686	38131925	0
3	38136686	38133779	0
3	38136686	38133951	0
3	38136686	38134508	0
3	38139781	38139863	2
3	38139999	38140387	3
3	38139999	38140756	3
3	38140569	38140756	11
3	38140593	38140756	11
3	3822898	3788913	0
3	382733	363369	0
3	38307358	38307565	0
3	38325557	38325236	0
3	38454821	38451026	1
3	38478293	38478374	0
3	38496930	38497628	0
3	38524404	38524598	29
3	38554550	38548056	0
3	38554550	38548061	0
3	38554550	38548065	0
3	38554550	38549127	0
3	38554550	38549967	0
3	38554550	38550320	0
3	38554550	38552980	0
3	385796	382566	0
3	38614067	38609733	0
3	38620972	38609733	0
3	38620972	38613742	0
3	38620972	38613974	0
3	38620972	38614027	0
3	38620972	38614542	0
3	38630430	38620842	0
3	38630430	38622399	0
3	38633221	38629841	0
3	38633317	38630310	0
3	38633333	38630310	0
3	38633350	38622399	0
3	38633350	38630309	0
3	38633350	38630310	0
3	38633360	38630310	0
3	38633363	38630310	0
3	38645777	38633110	0
3	38649629	38633034	0
3	38649673	38633034	0
3	38649674	38633034	0
3	38702110	38696806	0
3	38702110	38697345	0
3	38850752	38845768	0
3	38850752	38846693	0
3	38863300	38849277	0
3	38863300	38850480	0
3	39094067	39094647	0
3	39095415	39095480	25
3	39098854	39097458	21
3	39098894	39096658	17
3	39098894	39096664	17
3	39098894	39096667	17
3	39098894	39098027	0
3	39099210	39098386	0
3	39099504	39098740	0
3	39100455	39099352	0
3	39100504	39099352	0
3	39100504	39099398	0
3	39100504	39099410	0
3	39100637	39099434	0
3	39100878	39099352	0
3	39100878	39100304	0
3	39101103	39099167	0
3	39101103	39099352	0
3	39101103	39100304	0
3	39101103	39100434	0
3	39101103	39100456	0
3	39101103	39100746	0
3	39101103	39100787	0
3	39101103	39100851	0
3	39101473	39100791	0
3	39101571	39101015	0
3	39101571	39101022	0
3	39102882	39100304	0
3	39102882	39100787	0
3	39102882	39101015	0
3	39102882	39101022	0
3	39102882	39101509	0
3	39103512	39102677	0
3	39103548	39102753	0
3	39103554	39101509	0
3	39103554	39102479	0
3	39103554	39102597	0
3	39103554	39102677	0
3	39103554	39102692	0
3	39103554	39102782	0
3	39103554	39102827	0
3	39103726	39102839	0
3	39107141	39103472	0
3	39107182	39103472	0
3	39107337	39103472	0
3	39107570	39103472	0
3	39107580	39103472	0
3	39107586	39103472	0
3	39107609	39101015	0
3	39107612	39100661	0
3	39107612	39103472	0
3	39107615	39100746	0
3	39107622	39103472	0
3	39107628	39103472	0
3	39107631	39103173	0
3	39107634	39103472	0
3	39107636	39103472	0
3	39107639	39100304	0
3	39107639	39100787	0
3	39107639	39101015	0
3	39107639	39103472	0
3	39107641	39101015	0
3	39107864	39103472	0
3	39108364	39103472	0
3	39128933	39129071	0
3	39138624	39138710	0
3	39144452	39141854	150
3	39144452	39142337	163
3	39153576	39146477	1
3	39154563	39146477	1
3	39189526	39183209	0
3	39192595	39183214	0
3	39192596	39183215	0
3	39192597	39186088	0
3	39280035	39263493	0
3	39280440	39263494	0
3	39280440	39266010	0
3	39281274	39263494	0
3	39281274	39266190	0
3	39281736	39263494	0
3	39332432	39332604	0
3	39338880	39338128	0
3	39411000	39411648	32
3	39412062	39412273	32
3	39502222	39494836	0
3	39502568	39501965	0
3	40244639	40242194	0
3	40248472	40244451	0
3	40301397	40173144	0
3	40301397	40232856	0
3	40301397	40244456	0
3	40301397	40248183	0
3	40301397	40289127	0
3	40309462	40301236	0
3	40309479	40301236	0
3	40309513	40301236	0
3	40309543	40301236	0
3	40309699	40301236	0
3	40311057	40311469	6
3	40392570	40391849	0
3	40399629	40390950	0
3	40399629	40392453	0
3	40451783	40313801	0
3	40451783	40399473	0
3	40451783	40446342	0
3	40461507	40461607	8
3	40605428	40603124	0
3	4068746	3827241	0
3	40971579	40970540	0
3	41163262	41162286	0
3	41224082	41224189	1
3	41224082	41224525	1
3	41224322	41224525	0
3	41224992	41225102	349
3	41233445	41233528	0
3	41233868	41234138	0
3	41233868	41234204	0
3	41233868	41235723	0
3	41234298	41235723	0
3	41234298	41235726	0
3	41234298	41236348	0
3	41235844	41236348	0
3	41236500	41236563	1
3	41236500	41236587	1
3	41239355	41239640	77
3	41239355	41239659	77
3	41239355	41239812	92
3	41239355	41239818	92
3	41239355	41239821	92
3	41249575	41246598	0
3	41249575	41246606	0
3	41278152	41250922	0
3	41398265	41249488	0
3	41705152	41681752	0
3	41789844	41754360	0
3	41800294	41789660	0
3	41819507	41800131	0
3	41819507	41800132	0
3	41883953	41835863	0
3	41883953	41882149	0
3	41900830	41898431	0
3	41907942	41900724	0
3	41911387	41907844	0
3	41911387	41907919	0
3	41911660	41911316	0
3	41912900	41911540	0
3	41913205	41911551	0
3	41919819	41918456	0
3	41932007	41919716	0
3	41932007	41919719	0
3	41935941	41931750	0
3	41935941	41931843	0
3	41937341	41935861	0
3	41937341	41935894	0
3	41938198	41935800	0
3	41938198	41937094	0
3	41938198	41937228	0
3	41938198	41937294	0
3	41954799	41938097	0
3	41954808	41937858	0
3	41954808	41938097	0
3	41961995	41954621	0
3	41962056	41954621	0
3	41962078	41938097	0
3	41962103	41954621	0
3	41962116	41954621	0
3	41962131	41954621	0
3	41962431	41954621	0
3	42263633	42257824	0
3	42263633	42257825	0
3	42263948	42263416	0
3	42264766	42262983	0
3	42264904	42263416	0
3	42264908	42263416	0
3	42265438	42264696	0
3	42266208	42265268	0
3	42404125	42397077	0
3	42404125	42397082	0
3	42404125	42397096	0
3	42508007	42506708	0
3	42508936	42506523	0
3	42509372	42508811	0
3	42511758	42509184	0
3	42511844	42509724	0
3	42511910	42506464	0
3	42511910	42506656	0
3	42511910	42508811	0
3	42511910	42509304	0
3	42512201	42506522	0
3	42512293	42506546	0
3	42512293	42506649	0
3	42512293	42511714	0
3	42512312	42506548	0
3	42512312	42506691	0
3	42512312	42507085	0
3	42512312	42509182	0
3	42512312	42509200	0
3	42512312	42511714	0
3	42516817	42512207	0
3	42516819	42512057	0
3	42516837	42506527	0
3	42516837	42511714	0
3	42516837	42511959	0
3	42516837	42511964	0
3	42516837	42512057	0
3	42516837	42512093	0
3	42516837	42512137	0
3	42516837	42512183	0
3	42516837	42513326	0
3	42516837	42513603	0
3	42516837	42513604	0
3	42516837	42516544	0
3	42519340	42516630	0
3	42519340	42516781	0
3	42519391	42516726	0
3	42519453	42516781	0
3	42519510	42516781	0
3	42521373	42512057	0
3	42521373	42512177	0
3	42521373	42516781	0
3	42521373	42519250	0
3	42528584	42516781	0
3	42528655	42511714	0
3	42528655	42516781	0
3	42528659	42506975	0
3	42528659	42512057	0
3	42528659	42516781	0
3	42528659	42521313	0
3	42528659	42521476	0
3	42529462	42528476	0
3	42530603	42528548	0
3	42530921	42528548	0
3	42530949	42512057	0
3	42530949	42516781	0
3	42530949	42528514	0
3	42530949	42528548	0
3	42530959	42521476	0
3	42530959	42528414	0
3	42530959	42528548	0
3	42530959	42528602	0
3	42530959	42530121	0
3	42530959	42530576	0
3	42531053	42528548	0
3	42532057	42530859	0
3	42532058	42530859	0
3	42532063	42511714	0
3	42532063	42512057	0
3	42532063	42516781	0
3	42532063	42521313	0
3	42532063	42528548	0
3	42532063	42529339	0
3	42532063	42530676	0
3	42532063	42530714	0
3	42532063	42530859	0
3	42532096	42530859	0
3	42532669	42532028	0
3	42532714	42532020	0
3	42533232	42532020	0
3	42555996	42547968	0
3	42555996	42547970	0
3	42555996	42548003	2
3	42555996	42548182	3
3	42555996	42552923	0
3	42557697	42547968	0
3	42557697	42555929	0
3	42557697	42555930	0
3	42561297	42557577	0
3	42563633	42561116	0
3	42563687	42561114	0
3	42563687	42561116	0
3	42563687	42561214	0
3	42563881	42563522	5
3	42563981	42563522	1
3	42563981	42563523	1
3	42563981	42563544	5
3	42564416	42563608	2
3	42565884	42563764	2
3	42566837	42563522	0
3	42566837	42563764	0
3	42569074	42563522	0
3	42569074	42563546	0
3	42569074	42563764	0
3	42569074	42563844	1
3	42569074	42563926	1
3	42600525	42587410	0
3	42600779	42600983	2
3	42601081	42568864	5
3	42612368	42601962	0
3	42619128	42619663	0
3	42619709	42620015	0
3	42619709	42621428	0
3	42619724	42621415	0
3	42620044	42621428	0
3	42623813	42612291	0
3	42627228	42630545	0
3	42630576	42631170	2
3	42632696	42623763	1
3	42654327	42632567	0
3	42654389	42612289	4
3	42654389	42632628	4
3	42658848	42659035	3
3	42659239	42659636	0
3	42693190	42692662	0
3	42693219	42692662	0
3	42693451	42692662	0
3	42693819	42693076	0
3	42693964	42693076	0
3	42694202	42693099	0
3	42696878	42693076	0
3	42697100	42696841	0
3	42697146	42696841	0
3	42697680	42697000	0
3	42697680	42697032	0
3	42698352	42697507	0
3	42698903	42698140	0
3	42698903	42698141	0
3	42698903	42698223	0
3	42699146	42698141	0
3	42699146	42698290	0
3	42699146	42698707	0
3	42699146	42698837	0
3	42699826	42699031	0
3	42699826	42699052	0
3	42709799	42705755	0
3	42709799	42708268	0
3	42713317	42692662	0
3	42713317	42698707	0
3	42713317	42709683	0
3	42713317	42709697	0
3	42714127	42713161	0
3	42714150	42713161	0
3	42719164	42717967	0
3	42730590	42713161	0
3	42732923	42713161	0
3	42732971	42713161	0
3	42746028	42742895	0
3	42747374	42745734	0
3	42747374	42745922	0
3	42752026	42746793	0
3	42752026	42747256	0
3	42752026	42749814	0
3	42757215	42752574	0
3	42758352	42757065	0
3	42758352	42757176	0
3	42773244	42758124	0
3	42773254	42758124	0
3	42786163	42758124	0
3	42786163	42784297	6
3	42786163	42784329	6
3	42786163	42784525	6
3	42786163	42784904	6
3	42786163	42785086	1
3	42786163	42785251	1
3	42794276	42758124	0
3	42852426	42794156	0
3	42852426	42835243	0
3	42852429	42804939	0
3	42875899	42856004	0
3	42908149	42908792	0
3	42908149	42908795	0
3	42936786	42934251	0
3	42937064	42938849	0
3	43090610	43079231	0
3	43106077	43079233	0
3	4313230	4313646	3
3	4313230	4313666	3
3	43351382	43346922	23
3	43351382	43349643	18
3	43366209	43354858	0
3	43372848	43366555	0
3	43432728	43365847	0
3	43432728	43366347	0
3	43432728	43366358	0
3	43432728	43366642	0
3	43432728	43366888	0
3	43485881	43484971	0
3	43549849	43372727	0
3	43549849	43432610	0
3	43561403	43555277	0
3	43565728	43561219	0
3	43565728	43561372	0
3	43577262	43574808	0
3	43580473	43574808	0
3	43580473	43576691	0
3	43580473	43577034	0
3	43598667	43565652	0
3	43598667	43580352	0
3	43600582	43598531	0
3	43600582	43598564	0
3	43600582	43598580	0
3	43600582	43598581	0
3	43600582	43598601	0
3	43605864	43580352	0
3	43605864	43598531	0
3	43605864	43600383	0
3	43618087	43605713	0
3	43621898	43605713	0
3	43621966	43605713	0
3	43621985	43605713	0
3	43622004	43605713	0
3	43622012	43605713	0
3	43622067	43605713	0
3	43622069	43605713	0
3	43637784	43636308	0
3	43638895	43637602	0
3	43653038	43605736	0
3	43653041	43605713	0
3	43689477	43638674	0
3	43691595	43605713	0
3	43699362	43699501	0
3	43733964	43734049	0
3	4376390	4068568	0
3	4376390	4361145	0
3	4376390	4361765	0
3	4376390	4361794	0
3	43779718	43778960	0
3	4410979	4362108	0
3	4417243	4410864	0
3	44400588	44401202	0
3	44422938	44421129	0
3	44424008	44421129	0
3	44429098	44421141	0
3	44437768	44428930	0
3	44439918	44421126	0
3	44439947	44437697	0
3	44449624	44431719	0
3	44449624	44439769	1
3	44450574	44449512	0
3	44450963	44450120	0
3	44450963	44450122	0
3	44450963	44450446	3
3	44455174	44451469	2
3	44455484	44455120	2
3	44455518	44455174	3
3	44455522	44455484	4
3	44455697	44451313	1
3	44455701	44451313	1
3	44455701	44455518	0
3	44458265	44455120	0
3	44458365	44455120	0
3	44477650	44454878	0
3	44500638	44494846	0
3	44502642	44499893	0
3	44502669	44498969	0
3	44502669	44499522	0
3	44503057	44502541	0
3	44510637	44502541	0
3	44510637	44502964	0
3	4453050	4410864	0
3	44624798	44617127	0
3	44661387	44557356	0
3	44685654	44661261	0
3	44753553	44737660	0
3	44754369	44748743	15
3	44754369	44753344	4
3	44862117	44864196	0
3	44919339	44917408	0
3	44929353	44919977	3
3	44929437	44915256	3
3	44929437	44924845	0
3	44929437	44925170	0
3	44929437	44926522	0
3	44929437	44926612	0
3	4493164	4490890	0
3	44932991	44929305	1
3	44933200	44929305	0
3	44933200	44932906	0
3	44933450	44932906	0
3	44933985	44933117	0
3	44933985	44933137	0
3	44933985	44933187	0
3	44945197	44933887	0
3	44945293	44933887	0
3	44945330	44933887	0
3	44958686	44945167	0
3	44959433	44945167	0
3	44959461	44945167	0
3	44976186	44945167	0
3	45012291	45012503	13
3	45089142	45082277	0
3	45110842	45095346	0
3	45112446	45110215	0
3	45112446	45110472	0
3	45118622	45112082	0
3	45118622	45112336	0
3	45495501	45483973	0
3	45688883	45679042	0
3	45689135	45679231	0
3	45689498	45690347	0
3	45713197	45714045	0
3	45758452	45756003	0
3	45760023	45755449	0
3	45760023	45758237	0
3	45760023	45758503	0
3	45763073	45759856	0
3	45763073	45759979	0
3	45771459	45770208	0
3	45772340	45770208	0
3	45772616	45771216	0
3	45775989	45771216	0
3	45791729	45790300	0
3	45796471	45782082	0
3	45796484	45782082	0
3	45796536	45780008	0
3	45796536	45782082	0
3	45827460	45823315	0
3	45827460	45823319	0
3	45827460	45825965	0
3	45827460	45826240	0
3	45827460	45826277	0
3	45827460	45826301	0
3	45828574	45827127	0
3	45828616	45823319	0
3	45828616	45826056	0
3	45828616	45827355	0
3	45830991	45828438	0
3	45831139	45830912	0
3	45831139	45830945	0
3	45833122	45830912	0
3	45833122	45831072	0
3	45834299	45828438	0
3	45834299	45832827	0
3	45834299	45833049	0
3	45835785	45832579	0
3	45835785	45834237	0
3	45838048	45835589	0
3	45838052	45834237	0
3	45838052	45835589	0
3	45838052	45835669	0
3	45841861	45837926	0
3	45842002	45835589	0
3	45842117	45837926	0
3	45842130	45835589	0
3	45842137	45837926	0
3	45842146	45837926	0
3	45842167	45837926	0
3	45855075	45834237	0
3	45855075	45835589	0
3	45855075	45837926	0
3	45855075	45837940	0
3	45855075	45854410	0
3	45913178	45835589	0
3	45913178	45837926	0
3	45913178	45854985	0
3	45913178	45858939	0
3	45921841	45917903	7
3	45923766	45917898	0
3	45923766	45917903	0
3	45923766	45919412	0
3	45923766	45921584	0
3	45945183	45946460	0
3	45955394	45936447	0
3	45955394	45938195	0
3	45985023	45981569	0
3	45995816	45984855	0
3	45995825	45984580	0
3	45995825	45984855	0
3	46022278	46021839	0
3	46027488	46022155	0
3	46027743	46017023	0
3	46208397	46201708	0
3	46371418	46364954	0
3	46393053	46371243	0
3	46407192	46407388	0
3	46407642	46407755	0
3	46419664	46416523	0
3	46438130	46435644	0
3	46438130	46436018	0
3	46438130	46436192	0
3	46438130	46436200	0
3	46439481	46437939	0
3	46439481	46438033	0
3	46439481	46438094	0
3	46454361	46450494	0
3	46455443	46454013	0
3	46455443	46454304	0
3	46455824	46455294	0
3	46455979	46455294	0
3	46455979	46455428	0
3	46459820	46456289	0
3	46460598	46459655	0
3	46463645	46441415	0
3	46463672	46459655	0
3	46464869	46459655	0
3	46465164	46459655	0
3	46468320	46459655	0
3	46468320	46459656	0
3	46521659	46515422	0
3	46521659	46518348	0
3	46545254	46539044	0
3	46551611	46545045	0
3	46557432	46557673	0
3	46557736	46559151	0
3	46566235	46551107	0
3	46566525	46545150	0
3	46566551	46551466	0
3	46579148	46579231	0
3	46580100	46551466	0
3	46671585	46668996	0
3	46671585	46669188	0
3	46671585	46670281	0
3	46671585	46670564	0
3	46671585	46670571	0
3	46671585	46670598	0
3	46671585	46670599	0
3	46672034	46670783	0
3	46672034	46671487	0
3	46672202	46671487	0
3	46713068	46712114	0
3	46720004	46717718	0
3	46733896	46719582	0
3	46733896	46719748	0
3	46743074	46742091	0
3	46743083	46742091	0
3	46743083	46742349	0
3	46744141	46742091	0
3	46748652	46719943	0
3	46810311	46809358	0
3	46811342	46809497	0
3	46811874	46756041	0
3	46812575	46756041	0
3	46832037	46830403	0
3	46833207	46829541	0
3	46858273	46857871	0
3	46858462	46857871	0
3	46858462	46858230	0
3	46860988	46860675	0
3	46863397	46860978	0
3	46863443	46860959	0
3	46863484	46860959	0
3	46922313	46921725	10
3	46922313	46921730	10
3	46923364	46922235	7
3	46923364	46922304	4
3	46923669	46923142	5
3	46923669	46923328	9
3	46925536	46923042	2
3	46925536	46923606	3
3	46925536	46923645	3
3	46941066	46924919	0
3	46941066	46925289	0
3	46941066	46925330	0
3	46941066	46925455	0
3	46966130	46940997	0
3	46976438	46940997	0
3	46976482	46940997	0
3	46976484	46965983	0
3	46976502	46940997	0
3	46976746	46940997	0
3	46976758	46940614	0
3	46976760	46940997	0
3	46976781	46940997	0
3	46976844	46940997	0
3	46977041	46976636	0
3	46979562	46976636	0
3	46981966	46976636	0
3	46982011	46976006	0
3	46982011	46976636	0
3	47001180	47001278	0
3	47007156	47007240	0
3	47007351	47007524	0
3	47007911	47008069	4
3	47017740	47016428	0
3	47017740	47016435	0
3	47017740	47016688	1
3	47037778	47019759	0
3	47042701	47037664	0
3	47042701	47037665	0
3	47062347	47056820	0
3	47064631	47062162	0
3	47067119	47062159	0
3	47067119	47062162	0
3	47067119	47064554	0
3	47081084	47067069	0
3	47084383	47066991	0
3	47084383	47067069	0
3	47088248	47086194	1
3	47088250	47086194	1
3	47097962	47088112	0
3	47098082	47088112	0
3	47098452	47088183	0
3	47123536	47116622	4
3	47123788	47116622	8
3	47124251	47119451	10
3	47124549	47116622	1
3	47126664	47120181	0
3	47126664	47120482	10
3	47235618	47228025	0
3	47235618	47228394	0
3	47235618	47228396	0
3	47235618	47228651	0
3	47241016	47236442	0
3	47241016	47239562	0
3	47243246	47240800	0
3	47244925	47240800	0
3	47244925	47243050	0
3	47245512	47244790	0
3	47246253	47245420	0
3	47247478	47246196	0
3	47257561	47247372	0
3	47257561	47248017	0
3	47263900	47257482	0
3	47264351	47257482	0
3	47264351	47263832	0
3	47265789	47263638	0
3	47265878	47264285	0
3	47267069	47265729	0
3	47267069	47265863	0
3	47267264	47266975	0
3	47267264	47267040	0
3	47275491	47267179	0
3	47275491	47271236	0
3	47275491	47273551	0
3	47277380	47275227	0
3	47277380	47275251	2
3	47277380	47275324	2
3	47277381	47275324	2
3	47281196	47277281	1
3	47282386	47277281	5
3	47282519	47277281	5
3	47282538	47277281	5
3	47282753	47277281	9
3	47282767	47277093	3
3	47282767	47277281	9
3	47282848	47277281	6
3	47283120	47277281	1
3	47409318	47409416	4
3	47409569	47409654	5
3	47414387	47413693	1
3	47414387	47413712	1
3	47414387	47413720	10
3	47414387	47413735	10
3	47419705	47418654	0
3	47420773	47418654	1
3	47420773	47419327	0
3	47420773	47419384	1
3	47421030	47420553	0
3	47421030	47420589	1
3	47421030	47420653	0
3	47421366	47420618	3
3	47425612	47423932	0
3	47426170	47425274	0
3	47426170	47425484	0
3	47427668	47427156	1
3	47428671	47427446	0
3	47429027	47427638	2
3	47435138	47422441	3
3	47435138	47423932	1
3	47435138	47425996	0
3	47435138	47428512	0
3	47435138	47428525	0
3	47435138	47428560	0
3	47443092	47434995	1
3	47443092	47435007	1
3	47443093	47422441	1
3	47443095	47434852	1
3	47443095	47434924	0
3	47443303	47435007	0
3	47472831	47466375	0
3	47475598	47442871	0
3	47475938	47442871	0
3	47475956	47442871	0
3	47476114	47442871	0
3	47477127	47442871	0
3	47498433	47495639	0
3	47498433	47495640	0
3	47498433	47495945	2
3	47498433	47496028	2
3	47501852	47498265	0
3	47501852	47498285	0
3	47501852	47498287	0
3	47503450	47501649	0
3	47504449	47501526	0
3	47504449	47501615	0
3	47504449	47501649	0
3	47504449	47501658	0
3	47504449	47501715	0
3	47504449	47503124	0
3	47510255	47504193	0
3	47510255	47504329	0
3	47511216	47510148	0
3	47511227	47504329	0
3	47511227	47509955	0
3	47511227	47510183	0
3	47511316	47510183	0
3	47513340	47511147	1
3	47513343	47511147	1
3	47513362	47511768	2
3	47513382	47511147	0
3	47513391	47511147	0
3	47513414	47511147	0
3	47513703	47504329	0
3	47513710	47511147	5
3	47513712	47511147	5
3	47513762	47511147	0
3	4751591	4749191	0
3	47569228	47562238	0
3	47572875	47562238	0
3	47572875	47562246	0
3	47577929	47572685	0
3	47578134	47572685	0
3	47578870	47576832	0
3	47580241	47577686	0
3	47580793	47576832	0
3	47590838	47585271	2
3	47590838	47587589	2
3	47604678	47601714	0
3	47610328	47590660	0
3	47610328	47590805	0
3	47670718	47662333	0
3	47675589	47670349	0
3	47675589	47670657	0
3	47678312	47676628	0
3	47678366	47676628	0
3	47680509	47678195	10
3	47680509	47678197	10
3	47686171	47680222	1
3	47686171	47680436	1
3	47729095	47720665	0
3	47736127	47729024	0
3	47736127	47729036	0
3	47847957	47848179	0
3	47853353	47850689	340
3	47853353	47851093	263
3	47853353	47851867	344
3	47855361	47850695	6
3	47855361	47852144	2
3	47855361	47852619	0
3	47855361	47853162	3
3	47857479	47855124	0
3	47857513	47855247	0
3	47869328	47867245	0
3	47871106	47857430	0
3	47871106	47867245	0
3	47871106	47869211	0
3	47871106	47869213	0
3	47871287	47870812	0
3	47871287	47870857	0
3	47872101	47870812	0
3	47872101	47871226	0
3	47872101	47871247	0
3	47877524	47871916	0
3	47877524	47875684	0
3	47877766	47871916	0
3	47891337	47877416	0
3	47892576	47876919	0
3	47892836	47877416	0
3	47909268	47877416	0
3	47910389	47877416	0
3	47912422	47877416	0
3	47914940	47877416	0
3	47917175	47914816	0
3	47918842	47915950	0
3	47918842	47916861	0
3	47921879	47877326	0
3	47928303	47921764	0
3	47928351	47918718	0
3	47928351	47921764	0
3	47977934	47928227	0
3	47977934	47928272	0
3	47977934	47973083	0
3	47977934	47973085	0
3	47987434	47977864	0
3	4799388	4800424	0
3	47998880	47977864	0
3	47998880	47977928	0
3	4799982	4800424	0
3	4800004	4800424	0
3	4800032	4800424	0
3	4800300	4800424	0
3	4804287	4804599	0
3	48088802	47998637	0
3	48088825	47998637	0
3	48088840	47998637	0
3	48088842	47998637	0
3	48089204	47998637	0
3	48089273	47998637	0
3	4814733	4815052	0
3	4814764	4815052	0
3	4815174	4814311	0
3	48159456	48157145	16
3	4816277	4814311	0
3	48164438	48159343	1
3	48165735	48164306	0
3	48165735	48164401	0
3	4817552	4814304	0
3	48177443	48174283	0
3	48177989	48177365	0
3	48177989	48177370	0
3	48180841	48177853	0
3	48183028	48180720	1
3	48183031	48177853	0
3	48183031	48180720	1
3	48183837	48180720	0
3	48183837	48182928	3
3	4825863	4814296	0
3	4825863	4814300	0
3	4825863	4817432	0
3	48295236	48290721	8
3	48295236	48292782	5
3	48295236	48293263	5
3	48295236	48293994	2
3	48295236	48293996	2
3	48295236	48294082	3
3	48295236	48294158	3
3	48295236	48294446	3
3	48295236	48294518	3
3	48295236	48294521	3
3	48295236	48294523	3
3	48295236	48294654	3
3	48295236	48294675	3
3	48296159	48295074	0
3	48296159	48295134	0
3	48296237	48295074	0
3	48296237	48295144	0
3	48296830	48294196	0
3	48296830	48295074	0
3	48296830	48295204	0
3	48296830	48296118	0
3	48298524	48296726	0
3	48298524	48296755	0
3	48298525	48296726	0
3	48300635	48298426	1
3	48300724	48298426	1
3	48301339	48295074	0
3	48301354	48298426	1
3	48301359	48298426	1
3	48301368	48295074	0
3	48301368	48298426	1
3	48301369	48298106	0
3	48301388	48296726	0
3	48301388	48298426	1
3	48301389	48298426	1
3	48301395	48298426	1
3	48301397	48297476	1
3	48301410	48295074	0
3	48301412	48298255	0
3	48301424	48298426	1
3	48301686	48298426	1
3	48309947	48306841	0
3	4831019	4814293	0
3	4831019	4814296	0
3	48319619	48309903	0
3	48373346	48373547	0
3	48381879	48381954	0
3	48405799	48403853	0
3	48405799	48403855	0
3	48405799	48404485	0
3	48406066	48404508	0
3	48406899	48405723	0
3	48407092	48406722	0
3	48407092	48406822	0
3	48409405	48407026	0
3	48409477	48407021	0
3	48409477	48407026	0
3	48409720	48409328	0
3	48409732	48409328	0
3	48410078	48409398	0
3	48410078	48409570	0
3	48410366	48409904	0
3	48410381	48409904	0
3	48410381	48410014	0
3	48411037	48410295	0
3	48411037	48410454	0
3	48411968	48410454	0
3	48412010	48410867	0
3	48412305	48411005	0
3	48413819	48412741	0
3	48413819	48413068	0
3	48414007	48413068	0
3	48414072	48413669	0
3	48414072	48413758	0
3	48414981	48413219	0
3	48415042	48413894	0
3	48415042	48413907	0
3	48415042	48413986	0
3	48415348	48414798	0
3	48415348	48414990	1
3	48415536	48414798	0
3	48418364	48417910	0
3	48418543	48418188	0
3	48418543	48418190	0
3	48418543	48418286	0
3	48420258	48419243	1
3	48420258	48419576	1
3	48420774	48419243	0
3	48420774	48419576	0
3	48420774	48420078	0
3	48420774	48420223	0
3	48422460	48422104	0
3	48422948	48422330	0
3	48422948	48422412	0
3	48429482	48420847	0
3	48433872	48432163	0
3	48433872	48432169	0
3	48433977	48432194	2
3	48435016	48433706	2
3	48435137	48433706	2
3	48438219	48434816	2
3	48440066	48434816	0
3	48440082	48434816	0
3	48440101	48434816	0
3	48440120	48434816	0
3	48440313	48440402	2
3	48440457	48434941	1
3	48440459	48440540	0
3	48445166	48440778	0
3	48446633	48440351	2
3	48460420	48460708	20
3	48465939	48466250	1
3	48466170	48466667	11
3	48466310	48466629	9
3	48466310	48466739	11
3	48466310	48466777	12
3	48466310	48467064	16
3	48466642	48466739	21
3	48469120	48467876	698
3	48469187	48469022	433
3	48469451	48469120	199
3	48469574	48467797	16
3	48469574	48467869	20
3	48469574	48467875	20
3	48469574	48467876	20
3	48469574	48467910	80
3	48469574	48469360	359
3	48469844	48467875	517
3	48469844	48468767	15
3	48469844	48469359	11
3	48469844	48469360	11
3	48469844	48469462	9
3	48469846	48469360	11
3	48469924	48469451	11
3	48473080	48469360	2
3	48473104	48469727	2
3	48473128	48468664	3
3	48473209	48469727	2
3	48473533	48469727	4
3	48477092	48469727	0
3	48479258	48469727	0
3	48479258	48469793	0
3	48479560	48469727	0
3	48501294	48479176	0
3	48502453	48501136	0
3	48502544	48501178	0
3	48503194	48501136	0
3	48503194	48501181	0
3	48503194	48502320	0
3	48503194	48502360	0
3	48504130	48501157	0
3	48504155	48502320	0
3	48504166	48501136	0
3	48504432	48501136	0
3	48504796	48501136	0
3	48504827	48501136	0
3	48522051	48517683	0
3	48522051	48519673	0
3	48523831	48523536	0
3	48525670	48523700	0
3	48526073	48523759	0
3	48535659	48523700	0
3	48535659	48525564	0
3	48536464	48525564	0
3	48536464	48535511	0
3	48536464	48535532	0
3	48536821	48536444	0
3	48538620	48536255	0
3	48538620	48536744	0
3	48539311	48538497	0
3	48539311	48538500	0
3	48539772	48539253	0
3	48543647	48539410	0
3	48543647	48539696	0
3	48548660	48543579	0
3	48548660	48547878	0
3	48549896	48548531	0
3	48549961	48543579	0
3	48549961	48548531	0
3	48550146	48549863	0
3	48550235	48549863	0
3	48550236	48549863	0
3	48561973	48561586	0
3	48562016	48550117	0
3	48563774	48561726	2
3	48564981	48564072	0
3	48564981	48564073	0
3	48564993	48564072	0
3	48565020	48564072	0
3	48566564	48566266	0
3	48566738	48566509	0
3	48567364	48566539	0
3	4856756	4830946	0
3	48567764	48567573	0
3	48567892	48567697	0
3	48567892	48567709	0
3	48568171	48567837	0
3	48568535	48568089	0
3	48568535	48568163	0
3	48569761	48569591	0
3	48569916	48569724	0
3	48569916	48569757	0
3	48570969	48570638	0
3	48571161	48570860	0
3	48571331	48570893	0
3	48578955	48578452	0
3	48579278	48578918	0
3	48599711	48599001	1
3	48599711	48599002	1
3	48599711	48599053	1
3	48600152	48599033	1
3	48600152	48599634	0
3	48600568	48600062	0
3	48600568	48600117	0
3	48601426	48600679	0
3	48601468	48600974	0
3	48603644	48601351	0
3	48603644	48601405	0
3	48603645	48601351	0
3	48604432	48603562	1
3	48604432	48603563	1
3	48604781	48603997	0
3	48604781	48604232	0
3	48604787	48604232	0
3	48605857	48604650	0
3	48609303	48604262	0
3	48609627	48605769	0
3	48609632	48609161	0
3	48609636	48609161	0
3	48609637	48609161	0
3	48610038	48609161	0
3	48610977	48609595	0
3	48621856	48620758	0
3	48626355	48625722	0
3	48626355	48625724	0
3	48626355	48625726	0
3	48626355	48625745	0
3	48627053	48626630	0
3	48627056	48626630	0
3	48627073	48626630	0
3	48628039	48626630	1
3	48628039	48626875	1
3	48628493	48626893	1
3	48628542	48626630	0
3	48628542	48626875	1
3	48628542	48627528	1
3	48628542	48627945	1
3	48628715	48628168	0
3	48628715	48628414	1
3	48628715	48628433	1
3	48628715	48628468	1
3	48629712	48626875	0
3	48629979	48628621	0
3	48629979	48629641	0
3	48630158	48629641	0
3	48630158	48629871	2
3	48630158	48629914	2
3	48630516	48630061	0
3	48630721	48630437	1
3	48630721	48630451	1
3	48630721	48630462	1
3	48631127	48630606	0
3	48631141	48630606	0
3	48631293	48630925	0
3	48631307	48630606	0
3	48631307	48630992	0
3	48631348	48630992	0
3	48631401	48630713	0
3	48631798	48630992	0
3	48631798	48631223	0
3	48631798	48631252	0
3	48631802	48631223	0
3	48632045	48631223	0
3	48632045	48631648	0
3	48632045	48631744	0
3	48632045	48631762	0
3	48632093	48631648	0
3	48632286	48631879	0
3	48632338	48631879	0
3	48632368	48631879	0
3	48632397	48631879	0
3	48633085	48630606	0
3	48633085	48631648	0
3	48633085	48631879	0
3	48633085	48631937	0
3	48633085	48632018	0
3	48633391	48630992	0
3	48633832	48633476	0
3	48633847	48633250	0
3	48634328	48633250	0
3	48635442	48633476	0
3	48635455	48633476	0
3	48635484	48633476	0
3	48635494	48633476	0
3	48640560	48636468	1
3	48640560	48636598	1
3	48641525	48636598	3
3	48641525	48639673	3
3	48641525	48640483	1
3	48642468	48639673	1
3	48644296	48643553	3
3	48644829	48644215	4
3	48678737	48673843	0
3	48678737	48674365	0
3	48678737	48674634	0
3	48679122	48678876	0
3	48679184	48678563	0
3	48679184	48678876	0
3	48679458	48678876	0
3	48679458	48679054	0
3	48679714	48679075	0
3	48681585	48680058	0
3	48681781	48680058	0
3	48682136	48681286	0
3	48682157	48681192	0
3	48682157	48681286	0
3	48682157	48681529	0
3	48682157	48681533	0
3	48682553	48681286	0
3	48689714	48688002	0
3	48691483	48689537	0
3	48691483	48689609	0
3	48693180	48691306	0
3	48693336	48691306	1
3	48693339	48693058	2
3	48694526	48693452	1
3	48694825	48693487	1
3	48694825	48694174	2
3	48695419	48693080	2
3	48695419	48693108	2
3	48695419	48693122	1
3	48695419	48693983	2
3	48695419	48694171	9
3	48695419	48694693	7
3	48695419	48694701	7
3	48695422	48692953	1
3	48695422	48693067	2
3	48695422	48693120	1
3	48695422	48693269	1
3	48695422	48693447	2
3	48695422	48693455	1
3	48695422	48693952	2
3	48695422	48694458	2
3	48695422	48694770	4
3	48695583	48694871	2
3	48695589	48692953	1
3	48708238	48695089	0
3	48708238	48695127	0
3	48708238	48695129	0
3	48711460	48695089	0
3	48715418	48695089	0
3	48715528	48693520	0
3	48715528	48694050	0
3	48715528	48694623	0
3	48715528	48695089	0
3	48715528	48695168	0
3	48715530	48695089	0
3	48717167	48695089	0
3	48717189	48695089	0
3	48717193	48693784	0
3	48717194	48699361	0
3	48717204	48695089	0
3	48717207	48694344	0
3	48717215	48695089	0
3	48717217	48695089	0
3	48717251	48695089	0
3	48717279	48695089	0
3	48717488	48694693	0
3	48751719	48744596	85
3	48751719	48747514	127
3	48752318	48746578	68
3	48752318	48749647	67
3	48752318	48751584	5
3	48752319	48751584	5
3	48756445	48751338	0
3	48765350	48751257	0
3	48790628	48782985	0
3	48794014	48790543	0
3	48794050	48790543	0
3	48794050	48790598	0
3	48848026	48848104	0
3	4885789	4830946	0
3	48858632	48856930	0
3	48858632	48856935	0
3	48858632	48857391	0
3	48858669	48857240	0
3	48983867	48979931	2
3	48983986	48979917	3
3	48989989	48985048	0
3	48990611	48990832	0
3	48997956	48997220	0
3	49002597	49004097	0
3	49004261	49004860	0
3	49005047	49005776	0
3	49005171	49005717	0
3	49005868	49006063	0
3	4900698	4896808	0
3	4900698	4898225	0
3	4900698	4898678	0
3	49011517	49011634	3
3	49011742	49012021	103
3	49011879	49013853	151
3	49012915	49013041	139
3	49013102	49013290	111
3	49014117	49014209	1
3	49014294	49014382	3
3	49015873	49015487	164
3	49015873	49015492	160
3	49015873	49015576	169
3	49016061	49015803	11
3	49016087	49015487	104
3	49016087	49015492	106
3	49016087	49015803	11
3	49016087	49015818	9
3	49016284	49015487	11
3	49016341	49015490	7
3	49016341	49015492	6
3	49016341	49015523	7
3	49016341	49015803	6
3	49016341	49015818	6
3	49016341	49015972	9
3	49016512	49015524	7
3	49016512	49015803	3
3	49016512	49015972	9
3	49016512	49016157	3
3	49016674	49016428	2
3	49016848	49016428	2
3	49016848	49016611	2
3	49016851	49016428	2
3	49017357	49016773	0
3	49017357	49016788	0
3	49017514	49016773	0
3	49017514	49017227	3
3	49017870	49017227	3
3	49017870	49017433	10
3	49018022	49017433	15
3	49018214	49017612	17
3	49018319	49017612	19
3	49018554	49018022	22
3	49018554	49018195	25
3	49018565	49017612	10
3	49018565	49018022	22
3	49018567	49017612	10
3	49018572	49018022	22
3	49018577	49015490	2
3	49021059	49018399	1
3	49021252	49018022	0
3	49022222	49022345	342
3	49022292	49018399	0
3	49022294	49018022	0
3	49022769	49022875	144
3	49022977	49023055	171
3	49024579	49024324	104
3	49024803	49024324	134
3	49024803	49024342	134
3	49024803	49024494	122
3	49024839	49024328	121
3	49024977	49024494	119
3	49025041	49024324	121
3	49025041	49024658	120
3	49025194	49024895	106
3	49025244	49024895	116
3	49025270	49024895	115
3	49025416	49024490	110
3	49026420	49025125	91
3	49026420	49025994	89
3	49026610	49026323	60
3	49026887	49026516	78
3	49026887	49026518	78
3	49027048	49026544	63
3	49027917	49026959	63
3	49028128	49026686	69
3	49028143	49026959	64
3	49028323	49027709	65
3	49028323	49027710	65
3	49028474	49028247	62
3	49028533	49027709	66
3	49028533	49027869	69
3	49028533	49028247	62
3	49028807	49028198	62
3	49029379	49028757	97
3	49029391	49028757	91
3	49029399	49028430	89
3	49029409	49028757	97
3	49032274	49029706	3
3	49032274	49029931	3
3	49032274	49030211	3
3	49032274	49030374	3
3	49032774	49032182	3
3	49033169	49032618	4
3	49033202	49032621	4
3	49033229	49032182	1
3	49033229	49032621	1
3	49033831	49029930	3
3	49044443	49032621	0
3	49044505	49033046	0
3	49044505	49033082	0
3	49044505	49033119	0
3	49077039	49056861	0
3	49087090	49076872	0
3	49092457	49076708	0
3	49094072	49076706	0
3	49094231	49076706	0
3	49094364	49076706	0
3	49094364	49076708	0
3	49097288	49095932	0
3	49098093	49095936	0
3	49098118	49095931	0
3	49098118	49095932	0
3	49098118	49095933	0
3	49098118	49095936	0
3	49098118	49095938	0
3	49098118	49095940	0
3	49098118	49095953	0
3	49098118	49097109	0
3	49098118	49097133	0
3	49098252	49098093	3
3	49098259	49095931	0
3	49098259	49095932	0
3	49098259	49095936	0
3	49098259	49097991	3
3	49098259	49098034	3
3	49098481	49095931	0
3	49098481	49095932	0
3	49098481	49095947	0
3	49098481	49095960	0
3	49098481	49097991	0
3	49098693	49095993	0
3	49098693	49097991	0
3	49098990	49097991	0
3	49099254	49098599	0
3	49099254	49098884	0
3	49099348	49099109	0
3	49099427	49099109	0
3	49099432	49099109	0
3	49099432	49099239	0
3	49099584	49099343	0
3	49099596	49099343	0
3	49099648	49099109	0
3	49099648	49099329	0
3	49099648	49099343	0
3	49099648	49099402	0
3	49099854	49099509	0
3	49100092	49099589	0
3	49100092	49099760	0
3	49100103	49099760	0
3	49100229	49099760	0
3	49100242	49099960	0
3	49100299	49099760	0
3	49100299	49099960	0
3	49100299	49099993	0
3	49100299	49100083	0
3	49100422	49100189	0
3	49100459	49100189	0
3	49100459	49100198	0
3	49100459	49100240	0
3	49100668	49100379	0
3	49100675	49100379	0
3	49101442	49100574	0
3	49101442	49100588	0
3	49101442	49100607	0
3	49101442	49100630	0
3	49101442	49100659	0
3	49101706	49100574	0
3	49101706	49101354	0
3	49101706	49101378	0
3	49101900	49100574	0
3	49101900	49101354	0
3	49101900	49101619	0
3	49101900	49101626	0
3	49101900	49101685	0
3	49102266	49101827	0
3	49102266	49101883	0
3	49102266	49101887	0
3	49102449	49102204	0
3	49102473	49102204	0
3	49102473	49102251	0
3	49102473	49102262	0
3	49102733	49102418	0
3	49103410	49101863	0
3	49103410	49102418	0
3	49103410	49102419	0
3	49103410	49102606	0
3	49103410	49102665	0
3	49103410	49102702	0
3	49103432	49102418	0
3	49103467	49102418	0
3	49103707	49102204	0
3	49103707	49102418	0
3	49103707	49103332	0
3	49103707	49103344	0
3	49103707	49103376	0
3	49103869	49103344	0
3	49103881	49103344	0
3	49103973	49103344	0
3	49103973	49103476	0
3	49103973	49103555	0
3	49103973	49103630	0
3	49104099	49103477	0
3	49104099	49103630	0
3	49104421	49103862	0
3	49104445	49103862	0
3	49104463	49103862	0
3	49104466	49103862	0
3	49104472	49103630	0
3	49104472	49103664	0
3	49104472	49103862	0
3	49104472	49103880	1
3	49104512	49103862	0
3	49104533	49103862	0
3	49104699	49104323	0
3	49104753	49103862	0
3	49104753	49104323	2
3	49104758	49103862	0
3	49104758	49104323	2
3	49104758	49104372	2
3	49104759	49103862	0
3	49104759	49104323	2
3	49104759	49104356	2
3	49104760	49103862	0
3	49104760	49104014	2
3	49104760	49104323	2
3	49104760	49104372	2
3	49104761	49103862	0
3	49104761	49104323	2
3	49104761	49104372	2
3	49104764	49104323	2
3	49104810	49104323	0
3	49105102	49104323	0
3	49105106	49104323	0
3	49105124	49104323	1
3	49105131	49104323	1
3	49105136	49104323	1
3	49110363	49108045	2
3	49110363	49108049	2
3	49110363	49108130	4
3	49110363	49108672	0
3	49110363	49108674	0
3	49110363	49108752	2
3	49110605	49110012	3
3	49110605	49110183	3
3	49115640	49115227	8
3	49115939	49115443	11
3	49115945	49115443	6
3	49115945	49115580	34
3	49116163	49115443	8
3	49116163	49115723	8
3	49116352	49116046	6
3	49116352	49116047	6
3	49116944	49116450	6
3	49117359	49116726	7
3	49117359	49116733	7
3	49117362	49116726	7
3	49117571	49116726	7
3	49117571	49117058	7
3	49117571	49117118	9
3	49117571	49117200	9
3	49117571	49117303	6
3	49117712	49116726	19
3	49117831	49117058	7
3	49117979	49117656	8
3	49117980	49117656	8
3	49118121	49117436	8
3	49118121	49117656	6
3	49119282	49117656	3
3	49119282	49117946	4
3	49119282	49117964	4
3	49119288	49117946	4
3	49121593	49121113	1
3	49121593	49121132	1
3	49121593	49121256	1
3	49121597	49121114	1
3	49121861	49121113	0
3	49121861	49121432	0
3	49122599	49121943	3
3	49123053	49122162	1
3	49123374	49122703	4
3	49123632	49122493	4
3	49123632	49123131	4
3	49123755	49123446	0
3	49123956	49123324	11
3	49124101	49123446	0
3	49124287	49123719	2
3	49124287	49123727	2
3	49124480	49124189	2
3	49124613	49124189	2
3	49124624	49123958	2
3	49124926	49124394	5
3	49124926	49124442	5
3	49125170	49124680	1
3	49125170	49124700	1
3	49125170	49124810	1
3	49125170	49124851	2
3	49125205	49124700	0
3	49125380	49125005	2
3	49125485	49125005	4
3	49125573	49125005	4
3	49125722	49125005	4
3	49125891	49125252	4
3	49125891	49125286	7
3	49126160	49125004	7
3	49126160	49125539	7
3	49126160	49125746	7
3	49126184	49125746	7
3	49126426	49125966	1
3	49126498	49125966	1
3	49128557	49126364	1
3	49128586	49126362	1
3	49128586	49126364	1
3	49128741	49128457	7
3	49128820	49128457	7
3	49129153	49128572	4
3	49129153	49128660	1
3	49131153	49130739	8
3	49131443	49130949	11
3	49131443	49130964	11
3	49142259	49140085	0
3	49166322	49162534	0
3	49174967	49175061	0
3	49178539	49177631	0
3	49178539	49177635	0
3	49274141	49268785	0
3	49274141	49271202	0
3	49274141	49271405	0
3	49274535	49268601	0
3	49276842	49274048	1
3	49276843	49274048	1
3	49277910	49274048	2
3	49278903	49277830	0
3	49278903	49278105	0
3	49278903	49278157	0
3	49279232	49278142	2
3	49280848	49278169	2
3	49284585	49283986	0
3	49284920	49284465	2
3	49284920	49284535	0
3	49297965	49294406	0
3	49298636	49297869	0
3	49300692	49298551	0
3	49302543	49298551	0
3	49302543	49300466	0
3	49302543	49300594	0
3	49305889	49300466	0
3	49305889	49302383	0
3	49305889	49302437	0
3	49310738	49305714	0
3	49310738	49305777	0
3	49312864	49310619	0
3	49314045	49311513	0
3	49318658	49317118	0
3	49318775	49311513	0
3	49324764	49310619	1
3	49324764	49311513	1
3	49324764	49311784	1
3	49324764	49316731	2
3	49325040	49324696	3
3	49325040	49324701	3
3	49325040	49324703	3
3	49327817	49305714	0
3	49358132	49357179	82
3	49358326	49357200	204
3	49358326	49357476	204
3	49358326	49357607	204
3	49358359	49358026	859
3	49358601	49357170	30
3	49361067	49360121	14
3	49362627	49359144	18
3	49362627	49359891	26
3	49362627	49360927	24
3	49367007	49365144	0
3	49368549	49362495	0
3	49368549	49362516	0
3	49375592	49362495	1
3	49375592	49368427	0
3	49375592	49373239	0
3	49411969	49406711	0
3	49411971	49375433	0
3	49412098	49375433	0
3	49412203	49375433	0
3	49412603	49411944	39
3	49412999	49412403	0
3	49417719	49416777	0
3	49417719	49416793	0
3	49417719	49416821	0
3	49417719	49416836	0
3	49417719	49416852	0
3	49417719	49416901	0
3	49417719	49416993	0
3	49417974	49416774	0
3	49417974	49416776	0
3	49417974	49416777	0
3	49417974	49416778	0
3	49417974	49416790	0
3	49417974	49416793	0
3	49417974	49416794	0
3	49417974	49416796	0
3	49417974	49416797	0
3	49417974	49416804	0
3	49417974	49416821	0
3	49417974	49416823	0
3	49417974	49416825	0
3	49417974	49416826	0
3	49417974	49416828	0
3	49417974	49416835	0
3	49417974	49416860	0
3	49417974	49416879	0
3	49417974	49416897	0
3	49417974	49416901	0
3	49417974	49416939	0
3	49417974	49416968	0
3	49417974	49416984	0
3	49417974	49416986	0
3	49417974	49417044	0
3	49417974	49417202	0
3	49417974	49417488	0
3	49417974	49417506	0
3	49417974	49417614	0
3	49418143	49416869	0
3	49418229	49417817	0
3	49419027	49417817	0
3	49419152	49416779	0
3	49419152	49417817	0
3	49419152	49418166	0
3	49419152	49418207	0
3	49419336	49418970	0
3	49419394	49418970	0
3	49419406	49416833	0
3	49419406	49417529	0
3	49419406	49417817	0
3	49419406	49417932	0
3	49419406	49418970	0
3	49419406	49418990	0
3	49419789	49416800	0
3	49419789	49417817	0
3	49419789	49418970	0
3	49419789	49419259	0
3	49419789	49419287	0
3	49419851	49417433	0
3	49419955	49419259	0
3	49420343	49417817	0
3	49420343	49418166	0
3	49420343	49418970	0
3	49420343	49419259	0
3	49420343	49419709	0
3	49420343	49419770	0
3	49421573	49417817	0
3	49421573	49418166	0
3	49421573	49418970	0
3	49421573	49419259	0
3	49421573	49419709	0
3	49421573	49420210	0
3	49421573	49420214	0
3	49421573	49420215	0
3	49421804	49418782	0
3	49422013	49420210	0
3	49422050	49421491	0
3	49422173	49418970	0
3	49422173	49419259	0
3	49422173	49419709	0
3	49422173	49421491	0
3	49422239	49421491	0
3	49422258	49421491	0
3	49422272	49417817	0
3	49422272	49418605	0
3	49422272	49418970	0
3	49422272	49419259	0
3	49422272	49419709	0
3	49422272	49420210	0
3	49422272	49421491	0
3	49422354	49421491	0
3	49422378	49422103	0
3	49422394	49422103	0
3	49422421	49421491	0
3	49422432	49418970	0
3	49422443	49422103	0
3	49422449	49421740	0
3	49422452	49418970	0
3	49422452	49419259	0
3	49422452	49420210	0
3	49422452	49421491	0
3	49422452	49421981	0
3	49422452	49422103	0
3	49422455	49421491	0
3	49422455	49421981	0
3	49422455	49422103	0
3	49422458	49422103	0
3	49422459	49416963	0
3	49422459	49421491	0
3	49422459	49422103	0
3	49422461	49422103	0
3	49422464	49417817	0
3	49422464	49421491	0
3	49422464	49422103	0
3	49422468	49422103	0
3	49422469	49422103	0
3	49422470	49421491	0
3	49422470	49421959	0
3	49422470	49422103	0
3	49422474	49418970	0
3	49422474	49419259	0
3	49422474	49420210	0
3	49422474	49421491	0
3	49422474	49422103	0
3	49422492	49421491	0
3	49422492	49422103	0
3	49422530	49422103	0
3	49422555	49422103	0
3	49422594	49421491	0
3	49422686	49421981	0
3	49422754	49422103	0
3	49423302	49422103	0
3	49423644	49421491	0
3	49423857	49421491	0
3	49424875	49418970	0
3	49424875	49419259	0
3	49424875	49420210	0
3	49424875	49421491	0
3	49424875	49422103	4
3	49424875	49422946	6
3	49424875	49422992	6
3	49425054	49422103	4
3	49425054	49422945	3
3	49425054	49422981	4
3	49425054	49424074	6
3	49425054	49424161	6
3	49425054	49424176	6
3	49425054	49424226	10
3	49425439	49418970	0
3	49425439	49419259	0
3	49425439	49421491	1
3	49425439	49424074	0
3	49425439	49424948	0
3	49425974	49425366	0
3	49425997	49421491	0
3	49425997	49424948	0
3	49425997	49425271	0
3	49425997	49425297	0
3	49425997	49425366	0
3	49426429	49421491	0
3	49426429	49424948	0
3	49426429	49425366	0
3	49553666	49551294	0
3	49553688	49549305	0
3	49641770	49640482	0
3	49674414	49674488	20
3	49675310	49675693	1
3	49675967	49676055	4
3	49676220	49676377	0
3	49683147	49683236	0
3	49684454	49683946	1
3	49684454	49683975	0
3	49684454	49684048	0
3	49684657	49684313	0
3	49684836	49684549	0
3	49684885	49684549	0
3	49684984	49684479	0
3	49685086	49684737	0
3	49685090	49684737	0
3	49685091	49684737	0
3	49685299	49684324	0
3	49685383	49684737	0
3	49685383	49685011	0
3	49685400	49684737	0
3	49685507	49684549	0
3	49685507	49684843	0
3	49685507	49685261	0
3	49685733	49685406	1
3	49685733	49685470	1
3	49685733	49685481	1
3	49685786	49685470	1
3	49685875	49685470	1
3	49685963	49685595	1
3	49686188	49685682	0
3	49686193	49685859	0
3	49686271	49685595	0
3	49686482	49684737	0
3	49686482	49685470	0
3	49686482	49685744	0
3	49686482	49685859	0
3	49686482	49686061	0
3	49686803	49685595	0
3	49686803	49685884	0
3	49686803	49686061	0
3	49686803	49686312	0
3	49686804	49686312	0
3	49686853	49685595	0
3	49686858	49686061	0
3	49686867	49684860	0
3	49686961	49685595	0
3	49687068	49686683	0
3	49687068	49686741	0
3	49687286	49686167	0
3	49687286	49686683	0
3	49687286	49686946	0
3	49687286	49686950	0
3	49687286	49687039	0
3	49687479	49686946	0
3	49687669	49686946	0
3	49687669	49686967	0
3	49687898	49687148	0
3	49687898	49687555	0
3	49688069	49687555	0
3	49688659	49687749	0
3	49688672	49687555	0
3	49688674	49687749	0
3	49689054	49687749	0
3	49689494	49687555	0
3	49689502	49687812	0
3	49699773	49700226	0
3	49700353	49700471	0
3	49701911	49702082	0
3	49704757	49704983	2
3	49704757	49705081	2
3	49705680	49705981	0
3	49712657	49713512	1
3	49712893	49713512	3
3	49713826	49713909	1
3	49718263	49718391	84
3	49718605	49720510	41
3	49720654	49720799	31
3	49720895	49721019	34
3	49721106	49721184	15
3	49722148	49716843	17
3	49722148	49721475	19
3	49722359	49719923	33
3	49722359	49721964	8
3	49722755	49722431	26
3	49723115	49722595	24
3	49723303	49722971	16
3	49723469	49722731	25
3	49723473	49722991	24
3	49723473	49723253	25
3	49723944	49723253	29
3	49728279	49724293	31
3	49728279	49724294	31
3	49728279	49726912	14
3	49728279	49727027	12
3	49728397	49727408	17
3	49738423	49732790	0
3	49748169	49738211	0
3	49748169	49738271	0
3	49748929	49747817	0
3	49786195	49747817	0
3	49786195	49785479	0
3	49786200	49748011	0
3	49786528	49747817	0
3	49786541	49738211	0
3	49786541	49747817	0
3	49786543	49738211	0
3	49791469	49790731	0
3	49791472	49790731	0
3	49791802	49790731	0
3	49798918	49796921	0
3	49799157	49798326	0
3	49799157	49798825	0
3	49799438	49798231	0
3	49799438	49798993	0
3	4980032	4980300	12
3	49805998	49805206	0
3	49806166	49805896	0
3	49806291	49805223	0
3	49807928	49806072	0
3	49808113	49807735	0
3	49808469	49808019	0
3	49808469	49808041	0
3	49809160	49808385	0
3	49809465	49808975	0
3	49809706	49808975	0
3	49809726	49809389	0
3	49809880	49809007	0
3	49809880	49809541	0
3	49809880	49809574	0
3	49809888	49809183	0
3	49810048	49809814	0
3	49810184	49809814	0
3	49810351	49809814	0
3	49810429	49809977	0
3	49810565	49809978	0
3	49810673	49810262	0
3	49810833	49810459	0
3	49810833	49810516	0
3	49810833	49810525	0
3	49811456	49810983	0
3	49811793	49810751	0
3	49812017	49811272	0
3	49812207	49811369	0
3	49812207	49811869	0
3	49812472	49812108	0
3	49812544	49812108	0
3	49812739	49812407	3
3	49813169	49812447	1
3	49829509	49828598	1
3	49829509	49829087	4
3	49829767	49829255	0
3	49829767	49829457	0
3	49829775	49828620	0
3	49832069	49830019	0
3	49839861	49830019	0
3	49839861	49831915	0
3	49840374	49839720	0
3	49840374	49839771	0
3	49840374	49839808	0
3	49840553	49839771	0
3	49842548	49841825	0
3	49843929	49842452	0
3	49843929	49842495	0
3	49844018	49842485	0
3	49844581	49840283	0
3	49844581	49843144	0
3	49844581	49843715	0
3	49844581	49843800	0
3	49844581	49843850	0
3	49844588	49843800	0
3	49847609	49840283	0
3	49859882	49857988	0
3	49859882	49859260	0
3	49859882	49859292	0
3	49860259	49857987	0
3	49860259	49857988	0
3	49860259	49859254	0
3	49860259	49859260	0
3	49860259	49859768	0
3	49860259	49859769	0
3	49860550	49860170	0
3	49860550	49860199	0
3	49860845	49860470	0
3	49860853	49860470	0
3	49860853	49860493	0
3	49861019	49860715	0
3	49861025	49860470	0
3	49861301	49860470	0
3	49861301	49860715	0
3	49861301	49860942	0
3	49861449	49861179	0
3	49861538	49861179	0
3	49861562	49861129	0
3	49861562	49861187	0
3	49861578	49860715	0
3	49861578	49860942	0
3	49861578	49861179	0
3	49861866	49860942	0
3	49861866	49860958	0
3	49861866	49861179	0
3	49861866	49861438	0
3	49861866	49861463	0
3	49862177	49861438	0
3	49862177	49861790	0
3	49862403	49861438	0
3	49862403	49861788	0
3	49862403	49861790	0
3	49869904	49862293	0
3	49869906	49862044	0
3	49869906	49862273	0
3	49869906	49862293	0
3	49869906	49862331	0
3	49869907	49862044	0
3	49869907	49862293	0
3	49869907	49862331	0
3	49869910	49862293	0
3	49869932	49862293	0
3	49869936	49862331	0
3	49870223	49862293	0
3	49890061	49887001	0
3	49890061	49887004	0
3	49890061	49887006	0
3	49890061	49887164	0
3	49890651	49889923	0
3	49890651	49889949	0
3	49891307	49887006	0
3	49891307	49890484	0
3	49891307	49890546	0
3	49891307	49890569	0
3	49891839	49891398	0
3	49891943	49891398	0
3	49895374	49891757	0
3	49895397	49891757	0
3	49895440	49891770	0
3	49895549	49891757	0
3	49895549	49895166	0
3	49895791	49895446	0
3	49895817	49895446	0
3	49895881	49891757	0
3	49895881	49895166	0
3	49895881	49895446	0
3	49896139	49895430	0
3	49896405	49895714	0
3	49896405	49895960	0
3	49896634	49896119	0
3	49896634	49896194	0
3	49898212	49897519	0
3	49898689	49897986	0
3	49898689	49898050	0
3	49899264	49898866	0
3	49903610	49891398	0
3	49903610	49895714	0
3	49903610	49898517	0
3	49903610	49899005	0
3	49903610	49899074	0
3	49903638	49899074	0
3	49903867	49899074	0
3	49903874	49898517	0
3	49909401	49907159	0
3	49909401	49908861	1
3	49909401	49908872	1
3	49910885	49909252	8
3	49912012	49910118	9
3	49913360	49908874	10
3	49913360	49910118	0
3	49913360	49911525	0
3	49913360	49911620	2
3	49913360	49911765	4
3	49915991	49913219	0
3	49920674	49913219	0
3	49924674	49913219	0
3	49929542	49913219	0
3	49929606	49913219	0
3	49929835	49915872	0
3	49929888	49912396	0
3	49929890	49913219	0
3	49930146	49913219	0
3	50061548	50061961	5
3	50100052	50100531	3
3	50100606	50103082	0
3	50114100	50114179	0
3	50114252	50115427	0
3	50116718	50117073	1
3	50117172	50117249	7
3	50122589	50116021	0
3	50156021	50118164	0
3	50217841	50217916	0
3	50218371	50218592	0
3	50251744	50252099	0
3	50252143	50252396	8
3	50260564	50261132	0
3	50267372	50266640	0
3	50273444	50273534	0
3	50273647	50273743	0
3	50273647	50273758	0
3	50274058	50274362	2
3	50274935	50275011	0
3	50275054	50275301	0
3	50275845	50276301	0
3	50288505	50287731	156
3	50288505	50287742	156
3	50288505	50287940	156
3	50288640	50288426	144
3	50288712	50288130	134
3	50288712	50288370	129
3	50288712	50288408	126
3	50288712	50288429	128
3	50288938	50288582	94
3	50289061	50288582	66
3	50289227	50288511	63
3	50289264	50288662	65
3	50289357	50288799	50
3	50289361	50288798	50
3	50289361	50288799	50
3	50289602	50289254	195
3	50289629	50288799	67
3	50289629	50289207	61
3	50289629	50289254	53
3	50289763	50289247	63
3	50289763	50289254	63
3	50290071	50289446	79
3	50290087	50289446	87
3	50290087	50289711	111
3	50290252	50289928	97
3	50290295	50289446	86
3	50290295	50289711	99
3	50290295	50289928	113
3	50290295	50290005	94
3	50290473	50289928	102
3	50290473	50290169	92
3	50290473	50290180	93
3	50290680	50289928	95
3	50290680	50290169	62
3	50290680	50290387	47
3	50292050	50290559	12
3	50292057	50290559	12
3	50292390	50290559	17
3	50292421	50290169	18
3	50292425	50290559	16
3	50292428	50290559	16
3	50292437	50290008	14
3	50292596	50290559	7
3	50292848	50292481	0
3	50292919	50292587	0
3	50293722	50292830	0
3	50293722	50292831	0
3	50293722	50292980	15
3	50294854	50293044	0
3	50295620	50292830	0
3	50295620	50293044	2
3	50295620	50293631	2
3	50295774	50295123	15
3	50298084	50297435	2
3	50298832	50294708	0
3	50298860	50294708	0
3	50298860	50296403	0
3	50298890	50297292	2
3	50298890	50297806	2
3	50299118	50297204	1
3	50299233	50293044	8
3	50299233	50293631	0
3	50299233	50294708	6
3	50299401	50296451	2
3	50299402	50294708	5
3	50299417	50296401	2
3	50299422	50296417	2
3	50299469	50294708	5
3	50301078	50299888	0
3	50301078	50299889	0
3	50301078	50299893	0
3	50301078	50300481	0
3	50302981	50300310	0
3	50302981	50300987	0
3	50303573	50300987	0
3	50303574	50300987	0
3	50303574	50302056	0
3	50303575	50302646	0
3	50303621	50302056	0
3	50303954	50302056	0
3	50304088	50302056	0
3	50304117	50302748	0
3	50319046	50317789	9
3	50319046	50317795	9
3	50319046	50317808	9
3	50319046	50317811	9
3	50320536	50318588	30
3	50320536	50318955	30
3	50320949	50320245	17
3	50320988	50320136	21
3	50321150	50320346	10
3	50321218	50320126	12
3	50321714	50319568	10
3	50321774	50319568	10
3	50321774	50320259	2
3	50322742	50319568	0
3	50322783	50318955	13
3	50322907	50319568	0
3	50326478	50320026	6
3	50326478	50324906	18
3	50326478	50326007	4
3	50326478	50326089	4
3	50327220	50326356	10
3	50327225	50326355	10
3	50328158	50326356	9
3	50328239	50326384	4
3	50328244	50326356	3
3	50331450	50329781	5
3	50331450	50329785	5
3	50331450	50329787	5
3	50337465	50332049	1
3	50338012	50332049	4
3	50338012	50336569	1
3	50338024	50332049	1
3	50338234	50337904	1
3	50338289	50336799	1
3	50340831	50337904	0
3	50340842	50332049	1
3	50340842	50337904	0
3	50340913	50331558	3
3	50340913	50337904	0
3	50340937	50332049	1
3	50340981	50336376	0
3	50341700	50341109	0
3	50341700	50341113	0
3	50341700	50341114	0
3	50342141	50341809	0
3	50342449	50341809	0
3	50342570	50342014	0
3	50342570	50342036	0
3	50342656	50342014	0
3	50343019	50342396	0
3	50343019	50342521	0
3	50343169	50341809	0
3	50343207	50342396	0
3	50343207	50342917	0
3	50343445	50343117	0
3	50343617	50343117	0
3	50343617	50343168	0
3	50343617	50343306	0
3	50343617	50343400	0
3	50345233	50343733	0
3	50345233	50344838	0
3	50345237	50343733	0
3	50345673	50345123	0
3	50345682	50345123	0
3	50345722	50343733	0
3	50345722	50345123	0
3	50345733	50345123	0
3	50346853	50345123	0
3	50347902	50347329	8
3	50347902	50347487	11
3	50347902	50347493	11
3	50347902	50347498	11
3	50348242	50347489	10
3	50348242	50347490	10
3	50348242	50347517	10
3	50348242	50347758	10
3	50348411	50347758	9
3	50348411	50348123	7
3	50348411	50348145	8
3	50348411	50348160	8
3	50348564	50347758	9
3	50348564	50348315	8
3	50348564	50348316	8
3	50348783	50347758	9
3	50348783	50348316	8
3	50348783	50348526	9
3	50348787	50348526	9
3	50349011	50348316	9
3	50349011	50348526	9
3	50349011	50348684	9
3	50349130	50348252	9
3	50349491	50348526	2
3	50349491	50348684	6
3	50349491	50348873	2
3	50349495	50348873	2
3	50349829	50348684	7
3	50349829	50348873	5
3	50349829	50349385	8
3	50349834	50347487	3
3	50349834	50348873	5
3	50349834	50349385	3
3	50350023	50348873	5
3	50350023	50349155	5
3	50350023	50349385	7
3	50350023	50349664	7
3	50350366	50348522	9
3	50350705	50349930	8
3	50350746	50349912	11
3	50350755	50349930	7
3	50350767	50349664	8
3	50350768	50349664	8
3	50350776	50349930	5
3	50350780	50349664	8
3	50350782	50349930	5
3	50350783	50347758	9
3	50350783	50349385	4
3	50350822	50349434	7
3	50350985	50351342	4
3	50350985	50351408	4
3	50350989	50351342	4
3	50351092	50349930	5
3	50359611	50354748	18
3	50364971	50362801	0
3	50364971	50362891	0
3	50364971	50364665	0
3	50364977	50362798	0
3	50364977	50362801	0
3	50365185	50362801	0
3	50365185	50362854	0
3	50365689	50365355	2
3	50365783	50365355	2
3	50365863	50365632	2
3	50366164	50365809	0
3	50366626	50366266	0
3	50366629	50366266	0
3	50366920	50366266	0
3	50367498	50367010	0
3	50367705	50367393	0
3	50367903	50367641	0
3	50368236	50367811	0
3	50370381	50368137	0
3	50434430	50394108	0
3	50434430	50415802	0
3	50561065	50558024	0
3	50561065	50558030	0
3	50561065	50558031	0
3	50561065	50558810	0
3	50561065	50559221	0
3	50561065	50559282	0
3	50561065	50559453	0
3	50561065	50559524	0
3	50561065	50559598	0
3	50565701	50561721	0
3	50565862	50561721	0
3	50565862	50562372	0
3	50566095	50561721	0
3	50566095	50565465	0
3	50567622	50561721	0
3	50567643	50559279	0
3	50567666	50565465	0
3	50567677	50565383	0
3	50567677	50565525	0
3	50567681	50565465	0
3	50569575	50570930	0
3	50569575	50571709	0
3	50569812	50570930	0
3	50570992	50565465	2
3	50571028	50561721	0
3	50571295	50571709	0
3	50571333	50571709	0
3	50579940	50580115	0
3	50580230	50580380	0
3	50600282	50599878	0
3	50608594	50606495	0
3	50608594	50606521	0
3	50611762	50606489	0
3	50671177	50671370	0
3	50788286	50786673	0
3	5081442	5080211	0
3	50877658	50876711	0
3	51385437	51386207	53
3	51398828	51395866	129
3	51403396	51397841	0
3	51403396	51398734	0
3	5157852	5156904	0
3	51630389	51630704	0
3	51638322	51639418	0
3	51671289	51672209	7
3	51707655	51708847	0
3	51713311	51713963	0
3	51713311	51715061	0
3	51714122	51715061	0
3	51715184	51716017	0
3	51779188	51778560	0
3	51779242	51778562	0
3	51817763	51817969	0
3	51827315	51828155	0
3	51827348	51828155	0
3	51828222	51828645	0
3	51829307	51829422	0
3	51829494	51829664	0
3	5186512	5157761	0
3	5187330	5186423	0
3	51873753	51873835	0
3	51875585	51873720	0
3	5187685	5188180	84
3	51896895	51894875	0
3	51933782	51933429	3
3	51944579	51944777	0
3	51944911	51944997	0
3	51958960	51957453	28
3	51958960	51957455	28
3	51958960	51957457	28
3	51958960	51957458	28
3	51958960	51957459	28
3	51958960	51957494	26
3	51960024	51959576	0
3	51960321	51959228	0
3	51960321	51959576	0
3	51960321	51959894	0
3	51960321	51959905	0
3	51960638	51960188	0
3	51960643	51960188	0
3	51960643	51960201	0
3	51960643	51960255	0
3	51960643	51960300	0
3	51960899	51959576	0
3	51960899	51959894	0
3	51960899	51960188	0
3	51960899	51960521	0
3	51960899	51960525	0
3	51960899	51960556	0
3	51961034	51960525	0
3	51961034	51960628	0
3	51961034	51960865	0
3	51961271	51961009	0
3	51961305	51961009	0
3	51961637	51961009	1
3	51961895	51961159	1
3	51962080	51961159	1
3	51962089	51961159	1
3	51962089	51961211	2
3	51962893	51961159	0
3	51963257	51961159	0
3	51967435	51961009	0
3	51967435	51961159	3
3	51967446	51961159	3
3	51967455	51961159	3
3	51967458	51961159	3
3	51970124	51968510	290
3	51970185	51968509	9
3	51970185	51968515	9
3	51970185	51968529	63
3	51970185	51968552	102
3	51970185	51969272	9
3	51970635	51969942	2
3	51971699	51961940	6
3	51971699	51969083	172
3	51971699	51969942	2
3	51971699	51970761	3
3	51971893	51969942	2
3	51971893	51971459	104
3	51974017	51961940	5
3	51974022	51971459	1
3	51974032	51969942	3
3	51974032	51971459	2
3	51974050	51971811	2
3	51974067	51971459	1
3	51974080	51971336	2
3	51974235	51971459	6
3	51974631	51969942	2
3	51974631	51971459	1
3	51978375	51978680	1
3	51983410	51973964	0
3	51984159	51984653	0
3	51985272	51985333	0
3	51985272	51985360	0
3	51985898	51986604	0
3	51985947	51986254	0
3	51986332	51986414	0
3	51986332	51986604	0
3	51986505	51986604	0
3	51986662	51986944	0
3	51986662	51986952	0
3	51986662	51986987	0
3	51986662	51987146	0
3	51986662	51987308	0
3	51986662	51987555	0
3	51987062	51987146	0
3	51987062	51987555	0
3	51987197	51987308	0
3	51987454	51987555	0
3	51987625	51988523	0
3	51987625	51988765	0
3	51988604	51988765	0
3	51994858	51993627	40
3	51995107	51993521	25
3	51995107	51993599	26
3	51995107	51993627	29
3	51995107	51993628	32
3	51995107	51993722	36
3	51995107	51993749	42
3	51995107	51994772	119
3	51995470	51994296	45
3	51995470	51995041	10
3	51995815	51995424	0
3	51995816	51995424	0
3	51995831	51995424	0
3	51995845	51995424	0
3	51995858	51995424	0
3	51995864	51995424	0
3	51995882	51995424	0
3	51995896	51994934	1
3	51995943	51995424	0
3	52054375	52048918	70
3	52056166	52051631	66
3	52056551	52053939	50
3	52096713	52075252	0
3	52096713	52075453	0
3	52122478	52075285	0
3	52225636	52223919	0
3	52226164	52221079	0
3	52229774	52225526	0
3	52229783	52221080	0
3	52229783	52228609	0
3	52230071	52228647	0
3	52230996	52229919	0
3	52231191	52230869	0
3	52231232	52230869	0
3	52231232	52230897	0
3	52248238	52248334	0
3	52248454	52248636	0
3	52249323	52249644	0
3	52249323	52249669	0
3	52258679	52254420	6
3	52258679	52254959	29
3	52259873	52259196	8
3	52260502	52259716	0
3	52260502	52259849	0
3	52261480	52260384	0
3	52261480	52260444	1
3	52270810	52266951	0
3	52291112	52291744	1
3	52291112	52291746	1
3	52292570	52293045	4
3	52293162	52288582	1
3	52293175	52293306	2
3	52293193	52293306	2
3	52298915	52296656	0
3	52299025	52293026	0
3	52299068	52292729	0
3	52388610	52388805	1
3	52394662	52394914	0
3	52402675	52401012	57
3	52402675	52401022	56
3	52402675	52401025	56
3	52402675	52401815	65
3	52402675	52402023	19
3	52403895	52402778	7
3	52403895	52403137	15
3	52404478	52403800	3
3	52404587	52403415	6
3	52404587	52403702	5
3	52405913	52405109	5
3	52406323	52405764	3
3	52406377	52405764	4
3	52406908	52405764	6
3	52406908	52405810	6
3	52406908	52406252	4
3	52407317	52406252	3
3	52407317	52406828	6
3	52407461	52406645	5
3	52407461	52407172	2
3	52407461	52407173	2
3	52407461	52407178	2
3	52414509	52414509	5
3	52414588	52414727	4
3	52419878	52419878	0
3	52421706	52421706	0
3	52421755	52422221	0
3	52421755	52422759	0
3	52422339	52422759	0
3	52437667	52433052	0
3	52440522	52439866	0
3	52440824	52440376	0
3	52440824	52440389	0
3	52441910	52441573	0
3	52442305	52441818	0
3	52442305	52441864	0
3	52451528	52451101	0
3	52451859	52451390	0
3	52451859	52451414	0
3	52451992	52451438	0
3	52477643	52478096	0
3	52478283	52478448	0
3	52480296	52480878	6
3	52489679	52490074	1
3	52516239	52516355	0
3	52516769	52516983	0
3	52518004	52518311	0
3	52518360	52518535	0
3	52519405	52519504	0
3	52519565	52519943	0
3	52520121	52520203	0
3	52520699	52520803	0
3	52521701	52521843	0
3	52521952	52522036	0
3	52522231	52522329	0
3	52522475	52522554	0
3	52523577	52523651	0
3	52524882	52524384	3
3	52524882	52524386	3
3	52524882	52524388	11
3	52524882	52524400	64
3	52524882	52524469	48
3	52524882	52524612	3
3	52525061	52524522	3
3	52525104	52524816	4
3	52525296	52524962	1
3	52525296	52525059	1
3	52526291	52524962	3
3	52526492	52524962	4
3	52527376	52525208	1
3	52527685	52527293	7
3	52527719	52527293	5
3	52527769	52525208	3
3	52527932	52527293	7
3	52528074	52527828	7
3	52528075	52527616	7
3	52528312	52528006	4
3	52528312	52528012	7
3	52528312	52528020	7
3	52528540	52528182	2
3	52528693	52528182	0
3	52528693	52528191	0
3	52528936	52528636	0
3	52529335	52528636	7
3	52529335	52528860	7
3	52529335	52528912	7
3	52550638	52545351	0
3	52550638	52547840	0
3	52550638	52547989	0
3	52550638	52547990	0
3	52550638	52548009	0
3	52550638	52548010	0
3	52554880	52550746	0
3	52558414	52550746	0
3	52558414	52554723	0
3	52561969	52550746	0
3	52561969	52554723	0
3	52561969	52554782	0
3	52561969	52558248	0
3	5256762	5255534	0
3	52579200	52576540	0
3	52586689	52579053	0
3	52587436	52586424	0
3	52587511	52585472	0
3	52587511	52586424	0
3	52587511	52586429	0
3	52589256	52586424	0
3	52609462	52603520	0
3	52609956	52589069	0
3	52609956	52603520	0
3	52615400	52609085	0
3	52615457	52609312	0
3	52651811	52648343	0
3	52658316	52651741	0
3	52658316	52651763	0
3	52662277	52658198	0
3	52668646	52662132	0
3	52668646	52662203	0
3	52678568	52668497	0
3	52678598	52668497	0
3	52678598	52668526	0
3	52678598	52668620	0
3	52679714	52678499	0
3	52679715	52678499	0
3	52679724	52678499	0
3	52679727	52678499	0
3	52681821	52679581	0
3	52681821	52679633	0
3	52682234	52678499	0
3	52682234	52679573	0
3	52682234	52679582	0
3	52685583	52679573	0
3	52685837	52679573	0
3	52685851	52679573	0
3	52690705	52690944	15
3	52693330	52693407	9
3	52695303	52694487	9
3	52695303	52694488	9
3	52695303	52694491	9
3	52695303	52694502	15
3	52695303	52694671	13
3	52695303	52694898	11
3	52695588	52695189	10
3	52696041	52694801	12
3	52696041	52695420	7
3	52696319	52695189	7
3	52696319	52695927	0
3	52696581	52695927	0
3	52696638	52695239	1
3	52696660	52696233	0
3	52696660	52696242	0
3	52697535	52696541	0
3	52697935	52696196	0
3	52697935	52696541	0
3	52700361	52697720	0
3	52700361	52697781	0
3	52700361	52697859	0
3	52700361	52697862	0
3	52700497	52700261	0
3	52700497	52700284	0
3	52700498	52700261	0
3	52700658	52700261	0
3	52704949	52703798	1
3	52704953	52700444	0
3	52705655	52704723	2
3	52705683	52700444	2
3	52705765	52704723	2
3	52705772	52703086	0
3	52705782	52700444	2
3	52705787	52700444	2
3	52705792	52704723	2
3	52705841	52701208	0
3	52706033	52704812	7
3	52706283	52706643	2
3	52737720	52708448	0
3	52737720	52711776	0
3	52739635	52737497	0
3	52739635	52737585	0
3	52743462	52741410	3
3	52744306	52743227	0
3	52744306	52743351	0
3	52746211	52744238	0
3	52746905	52746060	0
3	52746905	52746149	0
3	52760937	52751931	0
3	52766376	52765886	1
3	52768567	52766315	0
3	52768605	52766177	0
3	52770857	52766177	0
3	52770940	52766177	0
3	52804010	52804725	0
3	52805841	52806102	0
3	52814072	52812974	0
3	52814072	52813269	0
3	52814072	52813281	0
3	52814072	52813285	0
3	52814072	52813312	0
3	52814213	52813282	0
3	52814364	52813974	0
3	52817059	52814208	0
3	52817059	52814276	0
3	52818169	52816883	0
3	52818284	52816883	0
3	52818284	52818051	0
3	52818537	52816883	0
3	52818537	52818051	0
3	52818537	52818256	0
3	52819519	52818461	0
3	52819519	52818525	0
3	52819599	52818461	0
3	52819991	52816883	0
3	52820318	52818051	0
3	52820786	52820290	0
3	52821065	52820381	0
3	52821131	52820630	0
3	52822340	52821078	0
3	52823401	52820589	0
3	52823742	52820990	0
3	52823818	52820990	0
3	52824566	52824189	0
3	52824959	52824396	0
3	52825248	52824460	0
3	52825979	52824841	0
3	52826015	52824841	0
3	52826652	52824841	0
3	52830671	52829118	0
3	52830673	52829118	0
3	52830674	52829118	0
3	52830688	52829118	0
3	52830689	52827092	0
3	52830740	52829118	0
3	52831479	52830552	0
3	52831480	52829859	0
3	52833248	52829877	0
3	52833248	52831407	0
3	52833431	52833113	0
3	52833646	52833382	0
3	52833750	52833113	0
3	52833750	52833120	0
3	52833750	52833122	0
3	52833750	52833149	0
3	52833750	52833382	0
3	52840263	52834939	12
3	52840608	52836218	6
3	52840611	52833616	1
3	52840611	52834939	16
3	52841785	52840217	1
3	52842948	52840499	1
3	52842961	52836755	3
3	52842961	52840293	0
3	52842961	52840499	1
3	52849914	52844828	2
3	52849914	52847256	0
3	52852699	52849791	0
3	52852700	52849791	0
3	52855445	52852602	0
3	52855445	52852620	0
3	52906242	52903571	2
3	52921832	52920536	0
3	52926114	52921702	0
3	52926114	52921704	0
3	52943594	52934812	0
3	52954412	52943352	0
3	52954412	52943433	0
3	52954412	52943565	0
3	52969259	52954314	0
3	52969259	52954316	0
3	53018229	52969100	0
3	53018229	52969118	0
3	53018229	52969232	0
3	53019123	53018085	0
3	53043255	52969100	0
3	53043255	53018085	0
3	53043255	53019015	0
3	53045270	53043135	0
3	53046053	53043135	0
3	53046058	53043135	0
3	53046069	52969100	0
3	53046642	53019029	0
3	53046664	52969100	0
3	53046751	53043135	0
3	53047240	53046458	5
3	53077829	53018085	0
3	53077829	53019029	0
3	53077829	53043135	0
3	53077829	53047119	0
3	53092619	53077687	0
3	53092619	53088482	1
3	53092619	53091664	2
3	53099454	53077687	0
3	53099454	53077978	0
3	53099454	53085749	0
3	53104098	53099380	0
3	53105804	53103572	0
3	53105804	53103952	0
3	53105804	53104041	0
3	53225932	53224713	141
3	53226879	53224706	3
3	53226879	53225656	2
3	53226879	53225658	3
3	53226879	53225701	3
3	53226879	53225750	3
3	53228150	53226755	1
3	53228360	53225651	2
3	53228360	53226755	5
3	53228360	53228055	5
3	53229138	53228275	3
3	53229437	53229006	0
3	53229438	53228680	3
3	53231551	53230456	5
3	53232300	53230456	2
3	53233275	53230456	2
3	53233275	53231349	2
3	53233275	53231356	2
3	53233275	53231453	2
3	53235020	53231459	2
3	53235065	53233155	1
3	53235117	53233155	2
3	53235161	53232759	0
3	53235175	53233155	2
3	53235175	53234982	982
3	53235608	53230456	1
3	53237821	53234982	2
3	53237922	53234982	1
3	53240290	53235148	0
3	53240349	53233155	1
3	53240349	53234851	5
3	53240349	53234982	2
3	53242200	53241131	0
3	53242243	53240250	0
3	53242243	53241131	0
3	53242243	53241149	0
3	53243623	53242124	0
3	53255975	53242124	0
3	53256001	53242124	0
3	53256014	53242124	0
3	53256023	53242124	0
3	53256032	53242124	0
3	53256053	53241894	0
3	53288284	53283427	2
3	53288284	53287369	2
3	53288362	53287365	2
3	53290857	53288064	0
3	53292828	53290790	0
3	53304291	53292068	0
3	53304291	53292632	1
3	53312380	53292068	0
3	53312380	53304176	0
3	53312380	53304220	1
3	53312380	53304256	1
3	53338146	53319406	0
3	53342272	53319406	0
3	53808771	53809961	0
3	53808771	53809977	0
3	53819041	53812334	0
3	53824068	53822490	0
3	53841000	53823305	0
3	53841000	53823543	0
3	53841000	53823630	0
3	53857691	53858718	0
3	53870146	53867065	2
3	53870146	53868501	0
3	53870146	53868652	0
3	53870298	53868495	0
3	53871497	53869981	4
3	53872525	53871157	2
3	53872525	53871231	2
3	53877294	53876619	1
3	53877388	53876619	0
3	53877752	53877213	0
3	53877752	53877258	0
3	53885831	53885199	0
3	53885905	53885300	0
3	53885913	53884409	4
3	53888484	53886850	0
3	53891061	53888394	1
3	53891856	53887995	1
3	53891866	53888392	0
3	53891963	53888392	0
3	53891989	53888392	0
3	54347	53347	0
3	54633741	54632121	0
3	54876312	54874604	0
3	54894756	54878687	0
3	54925216	54918236	0
3	54925216	54918332	0
3	55073558	55073776	0
3	55073560	55073778	0
3	55171262	55166909	0
3	55350916	55335461	0
3	55361830	55360442	0
3	55470142	55469387	11
3	55474630	55465714	0
3	55474630	55465715	0
3	55474630	55469992	0
3	55479565	55474333	0
3	55479565	55474336	0
3	55480919	55479313	0
3	55480921	55479039	0
3	55481197	55479313	0
3	55489946	55486979	0
3	55490168	55489154	0
3	55497478	55493829	0
3	55606967	55508310	0
3	55606967	55509233	0
3	55606967	55510562	0
3	55606967	55510775	0
3	55607911	55606750	0
3	55610894	55606595	0
3	55610911	55606750	0
3	55610911	55606779	0
3	55647227	55510562	0
3	55683860	55508307	0
3	55683860	55510903	0
3	55683860	55606779	0
3	55699513	55511139	0
3	55734915	55699377	0
3	55734919	55699377	0
3	55766800	55734770	0
3	55888550	55734770	0
3	55888550	55734837	0
3	56080985	56018893	0
3	56149133	56139508	0
3	56173511	56148976	0
3	56173521	56148976	0
3	56173900	56148987	0
3	56296436	56173445	0
3	56434748	56433788	0
3	56435148	56296018	0
3	56467135	56434581	0
3	56468338	56434350	0
3	56468364	56434350	0
3	56563826	56563905	3
3	56616054	56617111	0
3	56617606	56618171	0
3	56618213	56619270	0
3	56624644	56620132	6
3	56624644	56620544	12
3	56624644	56622737	4
3	56624644	56622858	4
3	56624644	56622861	4
3	56624644	56623116	5
3	56625007	56624478	4
3	56627071	56624478	0
3	56627146	56624827	0
3	56627146	56624834	0
3	56627742	56627036	3
3	56628615	56627581	2
3	56628615	56627648	5
3	56628641	56627581	2
3	56661018	56660730	0
3	56662491	56660913	0
3	56663573	56660968	0
3	56671693	56670072	0
3	56673674	56671351	0
3	56673726	56671599	0
3	56732425	56727417	0
3	56732425	56727420	0
3	56732425	56728231	0
3	56732425	56728986	0
3	56732425	56729020	0
3	56737356	56731592	0
3	56737356	56732237	0
3	56751133	56745204	0
3	56751397	56745204	0
3	56751397	56751055	0
3	56751397	56751117	0
3	56753567	56751299	0
3	56753567	56751348	0
3	56755152	56753493	0
3	56755152	56753503	0
3	56773817	56754980	0
3	56773817	56755071	0
3	56775568	56773708	0
3	56775658	56773708	0
3	56801950	56773708	0
3	56801968	56773708	0
3	56882355	56773708	0
3	56882355	56773766	0
3	56958890	56882291	0
3	56958890	56898549	0
3	56975821	56958822	0
3	56977376	56958822	0
3	57007337	56958822	0
3	57035177	56958822	0
3	57076893	57035087	0
3	57078816	56958822	0
3	57079266	57076745	0
3	57079309	56958822	0
3	57079309	57035087	0
3	57079330	57035087	0
3	57098539	57089981	0
3	57098539	57094249	2
3	57098539	57096177	0
3	57098539	57096180	0
3	57101364	57097472	0
3	57101364	57097595	0
3	57106009	57104341	0
3	57106155	57105856	0
3	57106155	57105951	0
3	57114818	57110192	0
3	57120314	57114691	0
3	57120314	57114740	0
3	57142492	57120255	0
3	57165179	57150289	0
3	57165376	57120255	0
3	57169395	57120255	0
3	57170296	57120255	0
3	57198493	57197837	0
3	57198493	57197842	0
3	57198953	57197915	0
3	57198953	57198390	0
3	57199939	57198752	0
3	57199988	57198752	0
3	57200029	57198752	0
3	57200029	57198788	0
3	57268488	57269540	2
3	57276729	57268346	5
3	57276729	57268350	5
3	57277921	57276527	3
3	57277921	57276549	3
3	57278921	57277766	2
3	57278953	57277766	2
3	57295593	57293698	0
3	57295593	57293699	0
3	57295593	57293703	0
3	57295593	57293748	0
3	57468980	57461488	0
3	57468980	57462689	0
3	57470637	57462689	0
3	57470637	57468652	0
3	57470637	57468735	0
3	57470637	57468767	0
3	57501413	57489508	0
3	57501413	57498003	0
3	57501413	57498499	0
3	57523610	57510789	0
3	57542904	57523802	0
3	57559389	57559561	20
3	57575674	57571362	1
3	57575674	57571391	3
3	57575674	57571397	3
3	57575674	57571404	3
3	57577388	57575547	0
3	57577388	57575622	3
3	57584008	57577315	0
3	57584033	57577315	0
3	57584465	57577315	1
3	57584465	57583897	0
3	57584465	57583924	0
3	57597199	57584383	0
3	57597224	57584383	0
3	57597326	57583897	0
3	57597335	57577315	2
3	57597367	57584383	0
3	57597369	57596605	6
3	57597405	57584383	0
3	57597409	57584383	0
3	57597509	57597073	92
3	57598221	57597073	6
3	57628886	57625456	20
3	57630524	57628810	0
3	57630825	57630348	0
3	57630825	57630420	0
3	57630979	57630714	0
3	57631185	57630738	0
3	57634770	57634557	0
3	57641748	57634703	0
3	57657736	57646315	0
3	57659181	57657650	0
3	57659181	57657679	0
3	57660827	57657679	0
3	57666195	57663635	3
3	57666236	57663635	2
3	57672299	57665960	0
3	57672299	57666122	0
3	57801449	57800055	0
3	57896372	57896510	6
3	58165315	58163972	4
3	58168659	58169589	3
3	58170637	58162546	1
3	58170715	58170715	55
3	58176037	58174477	0
3	58193440	58192256	0
3	58193440	58192627	0
3	58197979	58192626	0
3	58197979	58192627	0
3	58197979	58193342	0
3	58201110	58197820	0
3	58204824	58200996	0
3	58204882	58200996	0
3	58204882	58201069	0
3	58205561	58204768	0
3	58208307	58204768	0
3	58208307	58205470	0
3	58208307	58205489	0
3	58210921	58207759	0
3	58210933	58208217	0
3	58210970	58208217	0
3	58211004	58208217	0
3	58211224	58208217	0
3	58214197	58208217	0
3	58318576	58318768	17
3	58428615	58427629	2
3	58428615	58427650	6
3	58428615	58427671	6
3	58428615	58427682	6
3	58428615	58427691	7
3	58429800	58428351	0
3	58429800	58428472	1
3	58429942	58428472	1
3	58430239	58427680	1
3	58430239	58428472	1
3	58430239	58429707	0
3	58430789	58430127	0
3	58430943	58430127	1
3	58430943	58430209	1
3	58431629	58430656	0
3	58431629	58430842	0
3	58431794	58429707	0
3	58431794	58431333	0
3	58431794	58431592	2
3	58431985	58431431	0
3	58431985	58431592	0
3	58431985	58431730	0
3	58433685	58430656	0
3	58433685	58431730	0
3	58509026	58505135	0
3	58509026	58505137	0
3	58517388	58510978	0
3	58517424	58508892	0
3	58524606	58522495	0
3	58526657	58524425	0
3	58526657	58524461	0
3	58526750	58524425	0
3	58528957	58526465	0
3	58529207	58526504	0
3	58531367	58530465	0
3	58531393	58528793	0
3	58531813	58530465	0
3	58531813	58531250	0
3	58531813	58531292	0
3	58531813	58531309	0
3	58531813	58531320	0
3	58533553	58531692	0
3	58533554	58531692	0
3	58533826	58531692	0
3	58534146	58533444	0
3	58534146	58533513	0
3	58534523	58533993	0
3	58534609	58533993	0
3	58534609	58534057	0
3	58534980	58534489	0
3	58535198	58534117	0
3	58535198	58534359	0
3	58535198	58534575	0
3	58535241	58534359	0
3	58537148	58534576	0
3	58537173	58534946	0
3	58537176	58534946	0
3	58537179	58534946	0
3	58537284	58534946	0
3	58537320	58534946	0
3	58567365	58564116	0
3	58567365	58564125	0
3	58567365	58565460	0
3	58567365	58565851	0
3	58569866	58565460	0
3	58569866	58567207	0
3	58569866	58567218	0
3	58577389	58569690	0
3	58577441	58570325	0
3	58577765	58569690	0
3	58577765	58570325	0
3	58587114	58569690	0
3	58589270	58569690	0
3	58627421	58608873	0
3	58627578	58589205	0
3	58627611	58589205	0
3	58636421	58633945	0
3	58637226	58636293	0
3	58640178	58637140	0
3	58640178	58637141	0
3	58640178	58637151	0
3	58640178	58637154	0
3	58643721	58640126	0
3	58645627	58643661	0
3	58645627	58643675	0
3	58734559	58717366	0
3	58734559	58725867	0
3	58734559	58727969	0
3	58753844	58734471	0
3	58753864	58717364	0
3	58753864	58734471	0
3	58753864	58737155	0
3	58753864	58742005	0
3	58753864	58742009	0
3	58794331	58753702	0
3	58806457	58753768	0
3	58831890	58753699	0
3	58863893	58831685	0
3	58863893	58849031	0
3	58866689	58861227	0
3	58866689	58863557	0
3	58867898	58866565	0
3	58867937	58866565	0
3	58869491	58866565	0
3	58912743	58887345	0
3	58913865	58884544	0
3	58913865	58912565	2
3	58937763	58884544	0
3	58937763	58913569	0
3	58937763	58913697	0
3	58937763	58913707	0
3	58992616	58937647	0
3	59039630	58937647	0
3	59039630	58953486	0
3	59039630	58992507	0
3	59380830	59380023	0
3	59510679	59464329	0
3	59752322	59749309	0
3	59886288	59749701	0
3	59922415	59751406	0
3	59922415	59752220	0
3	60011401	59922345	0
3	60014076	60011370	0
3	60014151	60011370	0
3	60014153	60011370	0
3	60077527	60014006	0
3	60536980	60014006	0
3	60536980	60014019	0
3	60765564	60536859	0
3	60822012	60535809	0
3	60822012	60536859	0
3	61042100	60821918	0
3	61165829	60821918	0
3	61251385	61200616	0
3	61251413	61244009	0
3	61251414	61200616	0
3	61251451	61200616	0
3	61251460	61200616	0
3	62262741	62260864	0
3	62292718	62263874	0
3	62292718	62263928	0
3	62294779	62261822	0
3	62294779	62264041	7
3	62294779	62292613	27
3	62294779	62292633	27
3	62313971	62294699	0
3	62317193	62261824	0
3	62317193	62276774	0
3	62317193	62294272	0
3	62317193	62294699	0
3	62317231	62276426	0
3	62317901	62294699	0
3	62369327	62317807	0
3	62369331	62317807	0
3	62371350	62369680	0
3	62371350	62369683	0
3	62371350	62369691	0
3	62403186	62398345	0
3	62403186	62398346	0
3	62403186	62398347	0
3	62403186	62398349	0
3	62403186	62398351	0
3	62403186	62398354	0
3	62403186	62398971	0
3	62404876	62398347	0
3	62438212	62403080	0
3	62438212	62403093	0
3	62441136	62403080	0
3	62465451	62438103	0
3	62465451	62445764	0
3	62466414	62465366	0
3	62466682	62465366	0
3	62474321	62466338	0
3	62474321	62467297	0
3	62474326	62467297	0
3	62478317	62473707	0
3	62478324	62474172	0
3	62478417	62474172	0
3	62481856	62478260	0
3	62481870	62478260	0
3	62491481	62478005	0
3	62491481	62478260	0
3	62491481	62481722	0
3	62492347	62491338	0
3	62492447	62491338	0
3	62516183	62499161	0
3	62516183	62512750	0
3	62516183	62513637	0
3	62516644	62516058	0
3	62516644	62516113	0
3	62533059	62518148	0
3	62533059	62530653	0
3	62536467	62532870	0
3	62536582	62532870	0
3	62536582	62532918	0
3	62536582	62533021	0
3	62544860	62536444	0
3	62550115	62536015	0
3	62550116	62532870	0
3	62550116	62536444	0
3	62550116	62536495	0
3	62645844	62592636	0
3	62645844	62625229	0
3	62875030	62765870	0
3	62875242	62765870	0
3	62875339	62765870	0
3	62875380	62765870	0
3	62875390	62765870	0
3	63426807	63423595	0
3	63550052	63444270	0
3	63748185	63741826	0
3	63754222	63752615	0
3	63758479	63754049	0
3	63766772	63754125	0
3	63770421	63766672	0
3	63782539	63766672	0
3	63782539	63767066	0
3	63786072	63782431	0
3	63786072	63784730	0
3	63787214	63785976	0
3	63805094	63785976	0
3	63827446	63785985	0
3	63835224	63833869	0
3	63835224	63833870	0
3	63835391	63835153	1
3	63835391	63835164	1
3	63836359	63835323	1
3	63836359	63835326	1
3	63838063	63836300	0
3	63838500	63837975	0
3	63838500	63837991	0
3	63839774	63838371	0
3	63839780	63838100	0
3	63854743	63839655	0
3	63863787	63839655	0
3	63863800	63846103	0
3	63863869	63838371	0
3	63863904	63839655	0
3	63864689	63864897	0
3	63865000	63865285	1
3	64010956	64010548	4
3	64010956	64010549	4
3	64010956	64010553	4
3	64010956	64010554	4
3	64010956	64010583	6
3	64013289	64010554	1
3	64013608	64010877	2
3	64017733	64010877	2
3	64018708	64010877	0
3	64018708	64013438	1
3	64019038	64018320	3
3	64019038	64018598	3
3	64019038	64018662	3
3	64019335	64018817	1
3	64019390	64018817	1
3	64019442	64018817	1
3	64019442	64018898	0
3	64022524	64019295	37
3	64022524	64019423	39
3	64023438	64019295	60
3	64080008	64078360	0
3	64095192	64096922	0
3	64099580	64100806	0
3	64099864	64100806	0
3	64147703	64092241	0
3	64147703	64093869	0
3	64147703	64093870	0
3	64147703	64098520	0
3	64153369	64146829	0
3	64155037	64145406	0
3	64160078	64157161	0
3	64163130	64159939	0
3	64163130	64160056	0
3	64163439	64159913	0
3	64163913	64159939	0
3	64198968	64163015	0
3	64198968	64182647	0
3	64225482	64198783	0
3	64268175	64198783	0
3	64444569	64198783	0
3	64521669	64516914	0
3	64522261	64515653	0
3	64522261	64515812	0
3	64522261	64521480	0
3	64522261	64521493	0
3	64522512	64515656	0
3	64551063	64546757	0
3	64561752	64550148	0
3	64561752	64550891	0
3	64568536	64561577	0
3	64582647	64583272	0
3	64594435	64568367	0
3	64615486	64613344	0
3	64616151	64615320	0
3	64616171	64614857	0
3	64616171	64615320	0
3	64651164	64649636	0
3	64654459	64649941	0
3	64654459	64650901	0
3	64654459	64651016	0
3	64654613	64654352	0
3	64654613	64654389	0
3	64654680	64654352	2
3	65010487	65010760	0
3	65359153	65353524	3
3	65359153	65354230	0
3	65361338	65354230	0
3	65361338	65356377	0
3	65361338	65359063	0
3	65363609	65360351	0
3	65363609	65360370	0
3	65363609	65360864	0
3	65363609	65361076	0
3	65363609	65361148	0
3	65363609	65361198	0
3	65375946	65364852	0
3	65375949	65364852	0
3	65379555	65364852	0
3	65379555	65375744	0
3	65379555	65375764	0
3	65380832	65379260	0
3	65382070	65379260	0
3	65382070	65379343	0
3	65430141	65401438	0
3	65430882	65429519	0
3	65430882	65430075	0
3	65437248	65430698	0
3	65437248	65430794	0
3	65440013	65437154	0
3	65440013	65437211	0
3	65453341	65442791	0
3	65453341	65448021	0
3	65470485	65453257	0
3	65470488	65452581	0
3	65470488	65453257	0
3	65478635	65470282	0
3	65478693	65469751	0
3	65478707	65470282	0
3	65478799	65453257	0
3	65478799	65470282	0
3	65478799	65470366	0
3	65717526	65621971	0
3	65902809	65719980	0
3	65902809	65872814	0
3	65954559	65902596	0
3	66038309	65621971	0
3	66038551	65621971	0
3	66038835	65621971	0
3	6635198	6631899	0
3	6635198	6632357	0
3	6635198	6632535	0
3	66378071	66378409	6
3	66380862	66378796	4
3	66380862	66378797	4
3	66380862	66380224	2
3	66381632	66380576	0
3	66386302	66382981	0
3	66386302	66383990	0
3	66386302	66384131	0
3	66394204	66385980	0
3	66410273	66407347	0
3	66412932	66409753	0
3	66413015	66410128	0
3	66413015	66410150	0
3	66415064	66412870	0
3	66415064	66412925	0
3	66417267	66414919	0
3	66417267	66414957	0
3	6644895	6631688	0
3	66451634	66417128	0
3	66462510	66451557	0
3	66462510	66451558	0
3	6736838	6731171	0
3	6739904	6739537	0
3	67400852	67360459	0
3	67400852	67374718	0
3	6740629	6739786	0
3	6742688	6740366	0
3	67495941	67400730	0
3	67495941	67408605	0
3	67518337	67400730	0
3	67518337	67508806	0
3	6791106	6721314	0
3	6791142	6635086	0
3	6791142	6736739	0
3	6791142	6740436	0
3	6791142	6788933	0
3	68739200	68731765	0
3	68753019	68739074	0
3	68880846	68752862	0
3	68880846	68752915	0
3	68880846	68752975	0
3	68885311	68880729	0
3	6894023	6892631	0
3	68978436	68975213	0
3	68978436	68975216	0
3	68978436	68975231	0
3	68978436	68977179	0
3	68978436	68977617	0
3	68982873	68979667	0
3	68987514	68982810	0
3	68987860	68982736	0
3	69007822	69005139	0
3	69008529	69007712	0
3	69008529	69007736	0
3	69008529	69007761	0
3	69014061	69014137	22
3	69024181	69019826	0
3	69024181	69019841	0
3	69024181	69021847	2
3	69024181	69023076	0
3	69025713	69024054	0
3	69025713	69024281	0
3	69026098	69024798	0
3	69026098	69025559	0
3	69026101	69025559	0
3	69029978	69028225	0
3	69030008	69028225	0
3	69033705	69029814	0
3	69035116	69029814	0
3	69035116	69033547	0
3	69038721	69035022	0
3	69039694	69035022	0
3	69043877	69042806	0
3	69044596	69043749	0
3	69044629	69043791	0
3	69048563	69044491	0
3	69052291	69047357	5
3	69052304	69047357	5
3	69052334	69047348	4
3	69052340	69047357	5
3	69055906	69054729	0
3	69055906	69055297	0
3	69056064	69055850	0
3	69056284	69055999	0
3	69056694	69056182	1
3	69056816	69056611	3
3	69061928	69057255	0
3	69062180	69061582	0
3	69062180	69061813	0
3	69063138	69062076	0
3	69063504	69062981	0
3	69063504	69063117	2
3	69071618	69063438	0
3	69071618	69067927	0
3	69075511	69071092	0
3	69075511	69071534	0
3	69077357	69076405	0
3	69077919	69063438	0
3	69077919	69071534	0
3	69077919	69075082	0
3	69077919	69075083	0
3	69077919	69075429	0
3	69080154	69077338	0
3	69080154	69077797	0
3	69080354	69077797	0
3	69080355	69079743	1
3	69080364	69080111	0
3	69080366	69077797	0
3	69080366	69080111	0
3	69080369	69080111	0
3	69080378	69077797	0
3	69080382	69077797	0
3	69080409	69077797	0
3	69080409	69080111	0
3	69120061	69106871	0
3	69120061	69108671	0
3	69120061	69108723	0
3	69176657	69169989	0
3	69176657	69170806	0
3	69195365	69195021	0
3	69196397	69195230	0
3	69196397	69195248	0
3	69197039	69196254	0
3	69198775	69196718	0
3	69198775	69196895	0
3	69198775	69196899	0
3	69199271	69198697	0
3	69200522	69198697	0
3	69200849	69198697	0
3	69200899	69198697	0
3	69216350	69197714	0
3	69216350	69198696	0
3	69216350	69198697	0
3	69216350	69198725	0
3	69218380	69216262	0
3	69224691	69221857	0
3	69249249	69224606	0
3	69249249	69224682	0
3	69250249	69224606	0
3	69287837	69250042	0
3	69293062	69287751	0
3	69302436	69287644	0
3	69302436	69287750	0
3	69302436	69287751	0
3	69311358	69302342	0
3	69311358	69306406	0
3	69311358	69310437	0
3	69336587	69334171	0
3	69353698	69313451	0
3	69385928	69336504	0
3	69386074	69313451	0
3	69386089	69376806	0
3	69386305	69313451	0
3	69432762	69313451	0
3	69432762	69333960	0
3	69541341	69432633	0
3	69542584	69432633	0
3	69569627	69564105	0
3	70013673	70013793	0
3	70206791	70196893	0
3	70311974	70206568	0
3	70966057	70952816	0
3	70966057	70954714	0
3	70966057	70956744	0
3	70966057	70958138	0
3	70966057	70958772	0
3	70966057	70958778	0
3	70966057	70959180	0
3	70966057	70959188	0
3	70966057	70959190	0
3	70966057	70959203	0
3	70966057	70959205	0
3	70966057	70959207	0
3	70966057	70959210	0
3	70966057	70959223	0
3	70966057	70959224	0
3	70966057	70959225	0
3	70966057	70959230	0
3	70966057	70959231	0
3	70966057	70959236	0
3	70966057	70959241	0
3	70966057	70959246	0
3	70966057	70959247	0
3	70966057	70959315	0
3	70966353	70959190	0
3	70970806	70965889	0
3	70970806	70965893	0
3	70970806	70968847	0
3	70971168	70965889	0
3	70972181	70970735	0
3	70972677	70968443	0
3	70972677	70970735	0
3	70972677	70972010	0
3	70977043	70965889	0
3	70977043	70968367	0
3	70977043	70970735	0
3	70977043	70972010	0
3	70977043	70972554	0
3	70977720	70976940	0
3	70977723	70976085	0
3	70977723	70976940	0
3	70978030	70976940	0
3	70978030	70977642	2
3	70978030	70977646	2
3	70979116	70977642	0
3	70979308	70977642	0
3	70988078	70977827	0
3	70988078	70977984	0
3	71001060	70987993	0
3	71003408	70987993	0
3	71005337	71000971	0
3	71015654	70986910	0
3	71015654	70987993	0
3	71015654	71000971	0
3	71015654	71001033	0
3	71041519	71015548	0
3	71041533	71015548	0
3	71041533	71015589	0
3	71041533	71040277	0
3	71047078	71041327	0
3	71047090	71041327	0
3	71047096	71041327	0
3	71047096	71041527	0
3	71047096	71044694	0
3	71052624	71046941	0
3	71052624	71047057	0
3	71052627	71015548	0
3	71052627	71041327	0
3	71052627	71046941	0
3	71053774	71046941	0
3	71053774	71052536	0
3	71053774	71052602	0
3	71055434	71053717	0
3	71064096	71053635	0
3	71064927	71053635	0
3	71064929	71053635	0
3	71064931	71053635	0
3	71064941	71053635	0
3	71064964	71053635	0
3	71064984	71053635	0
3	71065768	71053635	0
3	71112546	71053635	0
3	71112629	71053635	0
3	71112638	71046941	0
3	71112638	71053635	0
3	71130585	71112535	0
3	71130593	71112535	0
3	71130760	71129976	1
3	71130893	71112535	0
3	71131006	71112535	0
3	71131388	71112535	0
3	71132128	71112535	0
3	71132206	71112535	0
3	71132212	71112535	0
3	71186547	71112535	0
3	71198382	71112535	0
3	71198393	71053635	0
3	71198393	71112535	0
3	71198393	71112549	0
3	71198393	71112590	0
3	71198393	71187649	0
3	71198393	71197881	2
3	71198393	71197885	2
3	71210870	71198201	0
3	71245365	71198201	0
3	71288370	71198201	0
3	71288423	71276086	0
3	71289714	71198201	0
3	71296446	71053635	0
3	71296446	71198201	0
3	71296446	71198209	0
3	71299841	71112535	0
3	71299881	71198201	0
3	71299881	71198274	0
3	71299881	71198330	0
3	71299881	71291872	0
3	71299881	71296084	0
3	71299881	71296432	0
3	71304761	71299819	0
3	71305987	71299819	0
3	71306016	71299819	0
3	71306023	71299819	0
3	71306034	71299819	0
3	71306054	71299819	0
3	71329821	71299819	0
3	71335278	71299819	0
3	71335282	71299819	0
3	71335282	71299834	0
3	71335282	71299851	0
3	71335282	71329780	0
3	71359203	71299819	0
3	71359245	71299694	0
3	71359245	71299819	0
3	71359245	71318201	0
3	71359245	71332193	0
3	71359245	71335159	0
3	71359245	71335168	0
3	71360761	71359149	0
3	71360770	71359149	0
3	71391565	71359149	0
3	71467316	71359149	0
3	71469568	71359149	0
3	71493556	71299819	0
3	71493556	71356488	0
3	71493556	71359149	0
3	71493556	71359227	0
3	71493556	71467250	0
3	71493565	71359149	0
3	71493571	71359149	0
3	71543558	71493425	0
3	71574458	71570254	0
3	71578267	71493425	0
3	71581517	71493425	0
3	71581557	71493149	0
3	71581574	71493425	0
3	71581586	71493425	0
3	71581698	71299819	0
3	71581698	71359149	0
3	71581698	71493425	0
3	71581698	71579644	0
3	71581949	71493425	0
3	71582113	71493425	0
3	71583587	71581548	0
3	71583593	71581548	0
3	71583600	71581548	0
3	71583639	71581548	0
3	71583684	71581548	0
3	71583699	71493425	0
3	71583702	71581548	0
3	71583713	71581548	0
3	71583720	71581548	0
3	71583740	71493425	0
3	71583757	71581548	0
3	71583763	71579662	0
3	71583940	71581548	0
3	71583990	71581548	0
3	71583994	71581548	0
3	71690166	71493425	0
3	71690166	71675415	0
3	71690166	71679288	0
3	71690166	71679290	0
3	71690166	71682726	0
3	71690166	71684619	0
3	71690166	71684681	0
3	71693942	71690009	0
3	71693942	71690040	0
3	71696521	71693874	0
3	71696521	71693896	0
3	71699709	71684540	0
3	71699709	71693874	0
3	71710485	71690009	0
3	71710485	71693874	0
3	71754230	71728475	0
3	71754384	71728475	0
3	71754774	71728475	0
3	71774508	71772100	0
3	71781593	71771655	0
3	72055963	72035299	0
3	72060110	72055860	0
3	72060612	72059686	0
3	72061095	72059821	0
3	72061095	72060509	0
3	72084642	72080563	0
3	72100007	72060932	0
3	72100011	72060763	0
3	72100011	72060796	0
3	72100011	72060802	0
3	72100011	72060840	0
3	72100011	72061060	0
3	72100011	72092428	0
3	72100011	72097727	0
3	72100113	72060802	0
3	72204285	72202943	0
3	72209893	72203910	0
3	72234245	72099903	0
3	72242566	72099903	0
3	72379139	72371824	12
3	72549505	72504805	0
3	72793037	72749276	0
3	72793037	72749278	0
3	72793037	72749958	0
3	72812795	72792915	0
3	72812795	72809619	0
3	72815404	72812670	0
3	72815404	72814496	0
3	72832482	72824423	0
3	72841200	72832368	0
3	72842403	72841044	0
3	73384931	73382432	0
3	73385786	73382432	0
3	73385786	73382898	0
3	73385786	73383078	0
3	73385786	73383135	0
3	73385786	73384182	0
3	73385786	73384469	0
3	73385786	73384648	0
3	73388070	73385668	0
3	73388070	73385697	0
3	73388147	73385668	0
3	73389879	73387967	0
3	73389879	73387986	0
3	73391117	73389815	0
3	73400966	73391017	0
3	73401010	73391017	0
3	73401010	73391083	0
3	73401010	73391101	0
3	73401083	73391017	0
3	73433905	73404147	0
3	73474633	73404147	0
3	73556939	73404147	0
3	73561619	73404147	0
3	73569462	73404147	0
3	73602462	73404147	0
3	73602462	73408057	0
3	73623730	73623857	0
3	73624841	73608597	0
3	73624941	73608597	0
3	73625507	73626262	0
3	74266650	74262567	0
3	74266650	74264384	0
3	7520281	7519740	0
3	75329967	75328548	0
3	7535285	7520163	0
3	75362040	75356436	0
3	75362269	75356436	0
3	75386885	75384058	0
3	75426600	75421559	2
3	75426600	75421565	2
3	75426600	75422418	2
3	75426600	75422717	2
3	75426600	75422960	3
3	75426622	75421551	1
3	75426622	75425275	0
3	75456814	75446768	0
3	75491203	75456660	0
3	75580000	75540048	0
3	7560334	7520137	0
3	75621746	75619505	0
3	75630202	75624274	0
3	75670157	75630079	0
3	75711317	75678659	0
3	75716542	75709642	3
3	75716542	75711186	2
3	75732122	75729960	0
3	75741369	75716418	2
3	75741369	75732059	0
3	75741369	75735874	0
3	75741369	75739291	2
3	77632657	77634869	0
3	78042243	78038704	0
3	78600310	78597239	0
3	78600310	78597240	0
3	78600310	78597245	0
3	78600310	78598687	0
3	78600310	78598810	0
3	78607042	78600112	0
3	78607290	78606732	0
3	78614801	78606732	0
3	78614801	78606807	0
3	78627570	78617634	0
3	78631302	78627320	0
3	78631306	78627320	0
3	78631306	78627406	0
3	78634043	78627320	0
3	78661262	78657097	0
3	78661262	78659685	0
3	78662115	78659685	0
3	78662115	78659938	0
3	78662115	78661025	0
3	78662115	78661029	0
3	78668050	78661992	0
3	78668303	78667882	0
3	78693357	78688647	0
3	78714521	78692887	0
3	78714525	78685745	0
3	78714525	78688647	0
3	78714525	78693347	0
3	78715258	78693347	0
3	78938928	78746742	0
3	79526577	79512804	0
3	7955467	7952804	0
3	7955467	7954638	0
3	79589962	79125455	0
3	80761574	80761041	0
3	81208915	81208192	0
3	81247841	81246578	0
3	81247841	81247092	0
3	81499228	81489698	0
3	81499228	81489932	0
3	81535326	81499109	0
3	81537096	81534666	0
3	81537096	81535194	0
3	81642991	81593907	0
3	81646483	81642780	0
3	81646505	81642570	0
3	81648992	81646391	0
3	81649879	81648855	0
3	81649922	81648855	0
3	81650347	81648966	0
3	81670954	81649795	0
3	81670983	81654578	0
3	81763944	81762705	0
3	82320280	82319171	0
3	8365800	8364706	0
3	84644287	84638405	0
3	84695516	84685639	0
3	84854016	84792167	0
3	84868669	84802448	0
3	84868669	84863705	0
3	84868669	84868127	0
3	8494767	7992225	0
3	8494767	8194248	0
3	8494767	8221146	0
3	84959493	84959589	0
3	8498850	8494680	0
3	8501599	8498549	0
3	8501630	8498484	0
3	8501647	8498549	0
3	8501656	8498549	0
3	85800952	85799986	0
3	8593125	8573725	0
3	86028008	85992182	0
3	8603380	8498608	0
3	8611360	8603243	0
3	8611360	8609437	0
3	8623657	8619399	0
3	8623657	8619405	0
3	8623657	8619582	0
3	8623657	8619594	0
3	8623657	8619599	0
3	8623657	8619600	0
3	8623657	8619610	0
3	86267362	86264554	0
3	8627784	8626228	0
3	8629378	8627654	0
3	8629727	8626228	0
3	8629727	8626913	0
3	8629727	8627697	0
3	8630930	8629663	0
3	8632110	8630804	0
3	8632110	8630810	0
3	8633716	8632048	0
3	8633796	8632048	0
3	8633796	8632075	0
3	8633942	8632048	0
3	8633942	8632080	0
3	8634646	8632048	0
3	8634646	8633665	0
3	8635382	8632048	0
3	8635382	8633665	0
3	8635382	8633880	0
3	8663803	8658924	0
3	8663912	8659489	0
3	8671154	8663743	0
3	8677353	8635758	0
3	8677354	8663740	0
3	8677354	8663743	0
3	86906155	86876387	0
3	86947068	86908985	0
3	86968632	86947009	0
3	86969124	86937968	0
3	86969124	86961905	0
3	86978644	86968702	0
3	86978803	86968589	0
3	8703233	8677205	0
3	8703233	8690634	0
3	87261334	87259403	0
3	87261334	87259740	0
3	87261334	87259894	0
3	87264513	87259896	0
3	8745874	8745969	0
3	87680380	87641411	0
3	8768330	8750407	0
3	8768592	8767265	0
3	8768592	8768057	0
3	8768678	8767911	0
3	8769614	8768442	0
3	8769618	8768495	0
3	8769629	8768495	0
3	87793630	87731441	0
3	88057293	88055413	6
3	88058224	88051943	11
3	88058224	88055425	8
3	88058224	88057190	4
3	88058946	88057637	9
3	88059049	88058018	8
3	88059069	88058018	8
3	88141079	88055657	0
3	88141079	88058018	0
3	88149816	88140969	0
3	88149886	88140969	0
3	8890452	8775401	0
3	8890452	8877075	0
3	8890452	8881263	0
3	8890452	8881419	0
3	8899048	8890108	0
3	8899048	8890388	0
3	89312898	89283015	0
3	8936056	8912311	0
3	8936056	8913643	0
3	8941805	8939553	0
3	8947291	8941466	0
3	8947291	8941512	0
3	8947291	8941530	0
3	8947291	8941550	0
3	8947291	8941795	0
3	8948571	8946951	0
3	8948571	8947219	0
3	8948571	8947242	0
3	8959002	8947219	0
3	8963503	8947219	0
3	8990840	8980590	0
3	8990840	8980593	0
3	8993056	8990511	0
3	8994455	8992627	0
3	8994524	8992905	0
3	8994524	8993958	0
3	9010375	8994342	0
3	9010388	8994342	0
3	9010388	9006962	0
3	9010388	9006978	0
3	9013536	9010307	0
3	9013843	9013307	0
3	9013843	9013419	0
3	9014842	9013736	0
3	9015732	9013736	0
3	9015732	9014741	0
3	90206240	90202315	0
3	9025339	9015596	0
3	9038091	9026934	0
3	9038091	9028099	0
3	9038091	9032649	0
3	9047476	9033430	0
3	9047476	9038062	0
3	9060360	9058250	0
3	9064582	9058737	0
3	9064582	9060230	0
3	9124918	9104679	0
3	9124978	9104679	0
3	91388035	91374235	0
3	9216761	9124724	0
3	9248992	9124724	0
3	9249214	9124724	0
3	9249380	9124724	0
3	9249686	9235521	0
3	9293330	9292587	0
3	9326169	9124737	0
3	9355860	9349684	0
3	9362942	9349684	0
3	9362979	9355771	0
3	9363007	9355800	0
3	9363030	9326009	0
3	9363054	9330527	0
3	9363304	9337601	0
3	93874406	93873131	27
3	93877192	93873032	0
3	93877192	93873108	0
3	93877192	93873123	0
3	93877192	93873190	0
3	93877192	93874243	0
3	93879315	93873135	0
3	93879315	93876965	0
3	93879315	93877002	0
3	93879315	93877050	0
3	9388128	9385263	4
3	9388128	9385794	3
3	9388128	9385821	3
3	9388128	9385835	3
3	9390498	9349688	0
3	9390498	9388086	17
3	9390498	9389359	28
3	9390498	9389491	68
3	9390498	9389510	68
3	9390498	9389698	76
3	93905916	93900803	0
3	93906144	93900803	0
3	93906144	93905783	0
3	93906144	93905820	0
3	93906144	93905828	0
3	9390620	9388086	25
3	93910706	93906020	0
3	93911158	93906039	0
3	9391823	9389914	79
3	9391827	9388086	24
3	9391827	9388848	28
3	9391827	9388882	28
3	9391827	9390087	99
3	9391827	9390137	97
3	9391827	9390279	103
3	9391827	9390289	101
3	9395580	9391311	3
3	9395580	9391678	5
3	9396606	9390279	9
3	9396606	9391678	7
3	9396624	9390289	7
3	9396625	9391380	11
3	9396635	9391678	7
3	9396655	9390289	7
3	9396659	9391719	7
3	9397033	9391364	3
3	93973638	93927249	0
3	93973638	93968491	0
3	93973729	93927249	0
3	93973834	93927249	0
3	93973889	93927249	0
3	93973898	93927249	0
3	93973934	93928701	0
3	93974090	93927249	0
3	9397429	9391426	10
3	9397430	9391678	4
3	9397494	9391678	4
3	9397496	9391704	4
3	9397497	9391659	4
3	93979056	93973562	0
3	93980004	93927249	0
3	9398368	9391346	4
3	9398580	9391678	3
3	94028611	94014368	0
3	94053301	94053456	19
3	94061607	94047835	1
3	94061607	94058724	6
3	94061607	94058753	7
3	94062842	94061413	0
3	94062900	94059978	2
3	94062988	94057921	0
3	94063224	94057923	5
3	94063390	94061168	0
3	9434182	9434276	0
3	9474583	9474793	4
3	9474583	9475067	4
3	9506204	9498360	0
3	9552308	9550611	0
3	9552848	9505966	0
3	9553796	9552571	0
3	9553803	9552273	0
3	95663341	95654422	0
3	95668766	95663243	0
3	95681126	95668409	0
3	95681482	95668319	0
3	96245336	96244731	0
3	9704628	9704748	0
3	9745710	9745811	23
3	9756817	9757043	37
3	9756817	9757060	45
3	9757847	9757341	4
3	9757847	9757391	4
3	9758048	9757353	4
3	9759576	9757346	1
3	9759576	9757347	1
3	9759576	9757728	0
3	9759751	9757728	0
3	9759751	9759487	0
3	9760571	9759487	0
3	9760769	9759671	0
3	9761537	9760655	0
3	9761726	9761460	0
3	9761758	9761460	0
3	9763053	9761630	0
3	9763053	9761687	0
3	9765891	9763138	0
3	9766214	9765758	26
3	9767782	9763138	0
3	9767782	9765758	0
3	9767782	9766124	0
3	97798204	97800702	3
3	97798204	97800765	1
3	97818504	97800732	0
3	97840698	97836985	0
3	9784214	9779859	1
3	9784214	9779966	1
3	9784214	9780255	1
3	9785426	9783127	0
3	9785426	9784027	1
3	97874297	97873167	0
3	97874692	97874216	2
3	9788084	9787005	1
3	9789615	9787198	4
3	9789964	9789508	13
3	9791382	9789702	1
3	9791486	9789884	1
3	9791494	9789712	1
3	97942444	97943225	10
3	97943571	97944833	21
3	97945888	97941817	15
3	97945888	97944350	25
3	97945888	97944405	26
3	97945888	97944559	4
3	97945888	97945176	4
3	97947402	97945337	4
3	97947450	97945797	1
3	97950013	97947360	2
3	97950016	97947360	2
3	97950016	97947415	1
3	97950025	97947360	2
3	97950889	97947360	1
3	97954496	97950785	0
3	97954496	97952151	0
3	97959180	97954006	0
3	97959180	97954391	0
3	97967624	97961588	0
3	97967633	97961588	0
3	97971878	97967256	2
3	97972088	97967161	2
3	97972452	97967161	2
3	97972458	97967161	2
3	97993049	97986672	0
3	97993049	97986682	0
3	98001768	97992851	0
3	98007905	98001614	0
3	98012422	97997442	0
3	9810395	9810620	0
3	98148135	98099907	0
3	98169625	98169728	0
3	9817760	9818554	0
3	9817760	9818821	0
3	9817760	9820545	0
3	9818921	9820545	0
3	9827073	9827214	1
3	9834908	9835093	6
3	9839172	9837848	0
3	9839172	9837881	0
3	9839172	9838164	0
3	9839714	9837893	1
3	9840308	9837848	0
3	9840308	9838019	0
3	9840308	9838984	0
3	9840308	9839031	0
3	9840336	9839031	0
3	9840617	9839031	0
3	9840617	9839940	0
3	9840617	9840183	0
3	9840618	9840183	0
3	9840806	9839900	0
3	9840806	9840531	0
3	9840867	9839031	1
3	9842083	9840681	0
3	9842083	9840697	0
3	9842244	9839900	3
3	9842244	9841256	1
3	9842244	9841407	11
3	9842244	9841735	1
3	9842244	9841853	0
3	9842244	9841982	0
3	9843572	9840697	0
3	9843602	9841982	0
3	9843602	9842198	0
3	9843738	9842198	0
3	9843943	9843464	0
3	9843977	9842198	0
3	9843987	9843464	0
3	9843996	9841697	0
3	9844003	9843464	0
3	9844015	9843464	0
3	9844017	9843150	0
3	9844017	9843464	0
3	9844019	9842198	0
3	9844060	9843464	0
3	9844603	9843464	0
3	98516880	98515483	62
3	98517161	98516799	2
3	98517190	98497911	0
3	98517190	98500839	0
3	98517190	98515472	55
3	98517190	98515479	52
3	98517190	98515482	49
3	98517190	98515486	49
3	98517190	98516543	3
3	98517190	98516652	3
3	98517190	98516684	3
3	98517190	98516686	3
3	98517190	98516702	3
3	98517190	98516710	2
3	98517190	98516773	2
3	98517190	98516776	2
3	98517190	98516781	3
3	98517346	98516653	2
3	98518996	98516822	0
3	98518996	98517051	0
3	98518996	98517061	0
3	98518996	98517075	0
3	98518996	98517111	0
3	98518996	98517157	0
3	98519015	98517138	0
3	98521284	98518884	0
3	98521378	98518884	0
3	98521438	98518884	0
3	98521443	98518734	0
3	98521443	98518884	0
3	98521697	98518884	0
3	98521697	98521132	0
3	98521704	98518884	0
3	98521704	98521132	0
3	98521704	98521329	0
3	98521719	98518884	0
3	98521719	98521132	0
3	98521719	98521155	0
3	98522515	98521132	0
3	98522755	98521132	0
3	98522847	98521132	1
3	98522876	98521132	2
3	98522888	98518884	1
3	98522900	98521329	1
3	98522903	98520718	0
3	98522906	98518884	0
3	98523042	98521132	0
3	98523044	98521132	0
3	98562443	98521132	0
3	98581512	98562323	0
3	98581512	98579445	1
3	98581512	98579449	1
3	98585499	98581406	0
3	98585660	98581406	0
3	98585863	98581407	0
3	98590658	98589661	2
3	98590743	98588712	0
3	98591066	98590631	0
3	98591156	98590518	0
3	98591156	98590631	0
3	9870070	9866710	0
3	9870070	9866713	0
3	9870070	9867028	0
3	98715522	98714329	0
3	98715522	98714331	0
3	98715778	98715304	0
3	98715778	98715375	0
3	9877220	9867062	0
3	9878489	9877065	0
3	9878512	9870163	0
3	9878512	9877065	0
3	9878813	9878433	0
3	9879057	9878433	0
3	98800717	98795940	546
3	98800717	98799835	20
3	98800759	98797782	476
3	98801456	98801548	39
3	98801650	98800578	28
3	98801972	98800578	30
3	9880252	9878433	0
3	9880255	9877882	0
3	9880255	9878433	0
3	98808175	98801382	7
3	98808175	98801599	11
3	98811320	98807906	3
3	98811320	98807910	3
3	98811320	98808080	3
3	98812483	98811467	2
3	98812485	98811467	2
3	98816290	98811467	1
3	98817829	98812331	2
3	98817894	98812330	1
3	98817894	98812331	1
3	98822362	98820247	2
3	98822742	98822227	0
3	98822742	98822308	0
3	98825367	98822668	2
3	98849599	98825314	4
3	98849599	98825333	4
3	98881768	98849387	2
3	98881768	98849460	4
3	98900990	98849460	9
3	9917421	9917518	0
3	9917735	9917863	2
3	9917735	9917922	2
3	9917735	9917926	2
3	9924021	9924231	0
3	9924138	9924231	0
3	9932704	9932819	24
3	9932704	9932952	28
3	9932859	9932952	40
3	9933853	9934419	1
3	9933921	9934419	1
3	9943154	9943380	0
3	9943173	9943380	0
3	9943254	9943481	0
3	9948002	9945541	4
3	9948914	9945541	4
3	9948914	9946084	4
3	9950173	9948579	0
3	9950173	9948757	0
3	99527114	99507186	0
3	9969802	9962536	2
3	9970662	9968643	0
3	9970662	9969718	0
3	9970662	9969728	0
3	9973710	9970581	0
3	9974489	9973505	0
3	9974489	9973627	0
3	9977051	9974383	0
3	9977447	9976956	0
3	9977447	9977028	0
3	99848613	99830478	0
3	99850428	99833216	0
3	99851071	99833143	0
3	99851071	99833216	0
3	99851076	99848294	0
3	99874487	99848444	0
3	99876105	99848294	0
3	99876174	99830140	0
3	99876204	99847922	0
3	99924409	99847927	0
3	99924409	99848294	0
3	99924409	99898126	0
