12	100039790	100028454	4
12	100039790	100037075	0
12	100039790	100037142	2
12	100050319	100047942	0
12	100051222	100050167	0
12	100051875	100050264	0
12	100072814	100059849	0
12	100072814	100069907	0
12	100083135	100072671	0
12	100083135	100072678	0
12	100083135	100072778	0
12	100083135	100072785	0
12	100084659	100083015	0
12	100086359	100083015	0
12	100086359	100084475	0
12	100086359	100084532	0
12	100103952	100102765	0
12	100108549	100103912	0
12	100108549	100103934	0
12	10013425	10010791	0
12	10015407	10015611	0
12	100157059	100156620	0
12	100157257	100156411	0
12	100157257	100156915	0
12	100157446	100156356	0
12	100157446	100156438	0
12	100157740	100156416	0
12	100158874	100157996	0
12	100161651	100157164	2
12	100162835	100158678	4
12	100166064	100158957	0
12	100166637	100165047	4
12	100166664	100165970	4
12	100170988	100161601	1
12	100173246	100170936	0
12	100173660	100170936	0
12	100173685	100173311	10
12	100177121	100173195	0
12	100177121	100173346	0
12	100177121	100173656	0
12	100180717	100177042	0
12	100195674	100180552	0
12	100198973	100180552	0
12	100199763	100180552	0
12	100221794	100203668	0
12	100238118	100221669	0
12	100241846	100237967	1
12	100242570	100241642	0
12	100248979	100237799	0
12	100248979	100241734	0
12	100252280	100248899	0
12	100252302	100242485	0
12	100252306	100248899	0
12	100252537	100252175	0
12	100253716	100252479	0
12	100256227	100252262	0
12	100256227	100252393	0
12	100256227	100252457	0
12	100256227	100252479	0
12	100256227	100253488	0
12	100261769	100256048	0
12	100262410	100255872	0
12	100262410	100256048	0
12	10028099	10015239	0
12	100335692	100335810	0
12	10052095	10052629	0
12	10073412	10069553	0
12	10073412	10070482	0
12	10073412	10070762	0
12	10081414	10075503	0
12	100859263	100852330	0
12	10089223	10081236	0
12	10089223	10081268	0
12	10092520	10089123	0
12	10098931	10089126	0
12	10098951	10075503	0
12	10098986	10089123	0
12	10099015	10081236	0
12	101039095	101038419	0
12	101158329	101155492	0
12	10118591	10116776	0
12	101202216	101195094	0
12	10123364	10116776	0
12	10123364	10118067	0
12	10123364	10118153	0
12	10123364	10118226	0
12	10123364	10118457	0
12	10123364	10118548	0
12	10125174	10123244	0
12	10125449	10117861	0
12	10125449	10118457	0
12	10125449	10123244	0
12	10125449	10125086	0
12	10126709	10125296	0
12	10127846	10124745	0
12	10127846	10125296	0
12	10127846	10126570	0
12	10127846	10127039	0
12	10127846	10127326	0
12	10130083	10123244	0
12	10130083	10127746	0
12	10130098	10127445	0
12	10130098	10127746	0
12	10130154	10127746	0
12	10130184	10127746	0
12	10130186	10125296	0
12	10130190	10127746	0
12	10130238	10127746	0
12	10130242	10127746	0
12	10130258	10125296	0
12	10130258	10126570	0
12	10130258	10127746	0
12	101396578	101393119	9
12	101396578	101394917	8
12	101396578	101394943	8
12	101396578	101395487	8
12	101396578	101395506	8
12	101396578	101395591	7
12	101400382	101396539	4
12	101401174	101396142	1
12	101401174	101396398	1
12	101401174	101396413	0
12	101401487	101396398	2
12	101405982	101402864	6
12	101405982	101403141	6
12	101405982	101403415	6
12	101407462	101405843	2
12	101407464	101405843	2
12	101407503	101405883	3
12	101407747	101402864	4
12	101407747	101405843	2
12	101407750	101396398	2
12	101407754	101405843	2
12	101407757	101405655	4
12	101407763	101405843	2
12	101407821	101405843	2
12	101409061	101408371	1
12	10160463	10158300	0
12	10160463	10159583	0
12	10160463	10159666	0
12	10160463	10159900	0
12	10160562	10159667	0
12	10160926	10159617	0
12	10160926	10160346	0
12	10160926	10160401	0
12	101650949	101646719	0
12	101659971	101646719	0
12	10166950	10160785	0
12	10166958	10159514	0
12	10166958	10160346	0
12	10166958	10160785	0
12	10166958	10160877	0
12	10167169	10160866	0
12	101726405	101728900	10
12	101726502	101728907	8
12	101729214	101728647	5
12	101729214	101728649	5
12	101729214	101728872	0
12	101731667	101728647	2
12	101731667	101729108	0
12	101733675	101728647	0
12	101733675	101729108	0
12	101749192	101745496	3
12	101753540	101749100	0
12	101753540	101749141	0
12	101756567	101753371	5
12	101757311	101753371	2
12	101757311	101756214	1
12	101757311	101756419	3
12	101757658	101756941	2
12	101757658	101757211	2
12	101766295	101764201	1
12	101768104	101765760	1
12	101768161	101766090	0
12	101770192	101767909	0
12	101770192	101768036	0
12	101780287	101770995	0
12	101780622	101778289	0
12	101780622	101780151	0
12	101786217	101780556	0
12	101786218	101780556	0
12	101788590	101785589	0
12	101788590	101786011	0
12	101796763	101789937	0
12	101796763	101795870	0
12	101796763	101795873	0
12	101810659	101796676	0
12	101830680	101796510	0
12	101830819	101796676	0
12	101830844	101796676	0
12	101830939	101796676	0
12	101923900	101923409	0
12	101961123	101957212	0
12	101962391	101954997	0
12	102017806	102012941	4
12	102019372	102012942	8
12	102026039	102012926	6
12	102026039	102012938	6
12	102026039	102012941	6
12	102026039	102012943	6
12	102026039	102012945	7
12	102026039	102012954	10
12	102026039	102017719	7
12	102026039	102019276	4
12	102039976	102025973	0
12	102039979	102025920	0
12	102039979	102025973	0
12	102040435	102025973	0
12	102044213	102025973	0
12	102044213	102039867	0
12	102044213	102039883	0
12	102046120	102043614	0
12	102046120	102044104	0
12	102061347	102046053	0
12	102061347	102048289	0
12	102061347	102050188	0
12	102061347	102050517	0
12	102061347	102059663	0
12	102075095	102073102	8
12	102075095	102074188	11
12	102075095	102074196	13
12	102075095	102074244	16
12	102075095	102074435	15
12	102077001	102075000	5
12	102077504	102076796	8
12	102079217	102077321	3
12	102085856	102079058	1
12	102085857	102076992	2
12	102085857	102077321	3
12	102085857	102079077	3
12	102099201	102076796	0
12	102112233	102101031	0
12	102115865	102112174	2
12	102118584	102112107	4
12	102118584	102115802	1
12	102119421	102118364	1
12	102120090	102118362	1
12	102120091	102118362	1
12	102120092	102118362	1
12	102120121	102118362	1
12	102120125	102118362	1
12	10212945	10213141	0
12	10212991	10213092	0
12	10213220	10213835	1
12	10213715	10213835	1
12	10213715	10214073	5
12	10213975	10214073	5
12	10214188	10214668	6
12	10214762	10214160	5
12	102197172	102196458	52
12	102197846	102196972	7
12	102304449	102304631	0
12	102304757	102315310	0
12	102315491	102348882	0
12	102415747	102402246	0
12	102418004	102402327	0
12	102418004	102402516	0
12	102419691	102395873	0
12	102419691	102402327	0
12	102419691	102402458	0
12	102419691	102417490	0
12	102419691	102417954	0
12	102475800	102419508	0
12	102813973	102809279	0
12	102840516	102836884	0
12	102840516	102838323	0
12	102840516	102839086	0
12	102840516	102839088	0
12	102840516	102839208	0
12	102843780	102840399	0
12	102843780	102840512	0
12	102855333	102852814	0
12	102866664	102854685	0
12	102866664	102855135	0
12	102877551	102855278	0
12	102877551	102866595	0
12	102894919	102877234	0
12	102894919	102877461	0
12	102894919	102877494	0
12	102894919	102886044	0
12	102912881	102894734	0
12	102912899	102894734	0
12	102912899	102894800	0
12	102912899	102894865	0
12	102917115	102912790	0
12	102917220	102912790	0
12	102917226	102912790	0
12	102917226	102916572	0
12	102917227	102912790	0
12	102917255	102913801	0
12	102917604	102912790	0
12	102923596	102917171	0
12	102946803	102923572	0
12	102946803	102945087	0
12	102946803	102945958	0
12	102950847	102917070	0
12	102958223	102912790	0
12	102958367	102917070	0
12	102958411	102917070	0
12	10308085	10309387	0
12	10308085	10309625	0
12	10309481	10309625	0
12	10314774	10315312	0
12	103178199	103080949	0
12	103178199	103081089	0
12	103263372	103237590	0
12	103263372	103262266	0
12	103263372	103262269	0
12	103267709	103263307	0
12	103267709	103263325	0
12	103267887	103263325	0
12	103267887	103267608	0
12	103267893	103267633	0
12	103267926	103267608	0
12	103268963	103263325	0
12	103268963	103267633	0
12	103268963	103267852	0
12	103269854	103267852	0
12	103269854	103268541	0
12	103269854	103268857	0
12	103270309	103269819	0
12	103273884	103269806	0
12	103277211	103269806	0
12	103306346	103301942	0
12	103306346	103301954	0
12	10336310	10332860	0
12	103368107	103305973	0
12	103368999	103277149	0
12	103368999	103305973	0
12	103368999	103305981	0
12	103368999	103349122	0
12	103397754	103396492	0
12	103401676	103368886	0
12	103401676	103378707	0
12	103478065	103401606	0
12	103478065	103476899	0
12	103478448	103401606	0
12	103478448	103471971	0
12	103506175	103505410	0
12	10361046	10358463	0
12	103657996	103654779	0
12	103669407	103668574	0
12	103766907	103746314	6
12	103766914	103763311	14
12	103775631	103770452	32
12	103778082	103775488	40
12	103780365	103772309	1
12	103780365	103777043	1
12	103780365	103777999	3
12	10378236	10372352	0
12	10378236	10372415	0
12	10378236	10372806	0
12	10378236	10372905	0
12	10378236	10372979	0
12	10378236	10372990	0
12	10378236	10373058	0
12	10378236	10373081	0
12	10378236	10373184	0
12	10378706	10378131	0
12	103787528	103785334	9
12	103787528	103785570	5
12	103788920	103787440	2
12	103789058	103787465	1
12	10379483	10378553	0
12	10379483	10378574	0
12	103797032	103793936	1
12	10379793	10378131	0
12	10379793	10378553	0
12	10379793	10379446	2
12	103798678	103796892	0
12	103798678	103796893	0
12	10382183	10379446	0
12	103841198	103814936	0
12	103844650	103843755	2
12	103857244	103843748	0
12	103857244	103844510	0
12	10387011	10378553	0
12	10387011	10379365	0
12	10387011	10379699	0
12	10387011	10379765	0
12	103882589	103870270	0
12	103882711	103870270	0
12	103882711	103879731	0
12	103889631	103883603	0
12	103889641	103885867	0
12	103890905	103889400	0
12	103893170	103890764	0
12	103893193	103889400	0
12	103893397	103889400	0
12	103897124	103892950	0
12	103897132	103892993	0
12	103915868	103911317	0
12	103920567	103914026	0
12	103930132	103914961	0
12	103931624	103931710	10
12	103941548	103941628	8
12	103942797	103943073	9
12	103953535	103950201	21
12	103953535	103950739	11
12	103953535	103951409	26
12	103953535	103951479	21
12	103953535	103951583	25
12	103954969	103953413	36
12	103955772	103954874	15
12	103956739	103955705	14
12	103956749	103950206	19
12	103956749	103951281	22
12	103956749	103951419	40
12	103956749	103953413	13
12	103956749	103954651	17
12	103956749	103954874	22
12	103957135	103956630	24
12	103957148	103953413	13
12	103957182	103956630	17
12	103957191	103950744	15
12	103957214	103956303	11
12	103957216	103956630	17
12	103957265	103956630	8
12	103957274	103956630	8
12	103965696	103953413	0
12	103965709	103956630	0
12	103982935	103983135	14
12	103982935	103983294	13
12	103983219	103983294	20
12	103993505	103988983	0
12	103993505	103988988	0
12	103993505	103989279	0
12	103994502	103993391	0
12	103996847	103993863	0
12	103996848	103994334	0
12	103999515	103997450	0
12	104003307	103999358	0
12	104003307	103999396	0
12	104003307	103999417	0
12	104014348	104012598	0
12	104015106	104003134	0
12	104049493	104003134	0
12	104050022	104019629	0
12	104050137	104021356	0
12	104050138	104021356	0
12	104050289	104019629	0
12	10405951	10388770	0
12	10405951	10389942	0
12	10405951	10391834	0
12	10405951	10393809	0
12	10407760	10405849	0
12	10407767	10391834	0
12	10407790	10379699	0
12	10407790	10388770	0
12	10407790	10391834	0
12	10407790	10393809	0
12	10407790	10405849	0
12	10408383	10407381	0
12	10408383	10407635	0
12	104120480	104117076	3
12	104120480	104119354	2
12	104121322	104120399	0
12	104123424	104121239	0
12	104123424	104121253	0
12	104126245	104123225	0
12	104126245	104123263	0
12	104131839	104128423	0
12	104135533	104128423	0
12	104135533	104131131	0
12	104135533	104131753	1
12	10415795	10412311	0
12	10416768	10415583	0
12	10416768	10415703	0
12	104280723	104262313	0
12	10431229	10426853	0
12	10432207	10430598	0
12	10432207	10430608	0
12	10432207	10430979	0
12	10432207	10431019	0
12	10432207	10431133	0
12	10434531	10418343	0
12	104348413	104348415	266
12	10442301	10437701	0
12	10446663	10442263	0
12	10447633	10446027	0
12	10447633	10446030	0
12	10447633	10446040	0
12	10447633	10446567	0
12	10449365	10447230	0
12	10449389	10447531	0
12	10450580	10449236	0
12	10450580	10449913	0
12	10451188	10450483	0
12	10451295	10449991	0
12	104834180	104804974	0
12	104844621	104802552	0
12	104861371	104845842	0
12	104889178	104886292	0
12	104895346	104889032	0
12	104928203	104895273	0
12	104928656	104909654	0
12	104931792	104928299	0
12	104931792	104928389	0
12	104931792	104928491	0
12	104951529	104928161	0
12	104958294	104928096	0
12	104958294	104928310	0
12	104958745	104928243	0
12	104994650	104995871	1
12	105026745	105019783	3
12	105026745	105019789	3
12	105026745	105024423	6
12	105030430	105026544	0
12	105031891	105030323	2
12	105031935	105030323	2
12	105031936	105030069	1
12	105034399	105030323	1
12	105050059	105046898	1
12	105050708	105046898	3
12	105052218	105046898	0
12	105061073	105058072	1
12	105070805	105068718	1
12	105074006	105070519	1
12	105074006	105070569	1
12	105084445	105073860	1
12	105084459	105073860	1
12	105084578	105073860	1
12	105107180	105102471	0
12	105144456	105144717	2
12	105176083	105173295	7
12	105176083	105173296	7
12	105176083	105173934	6
12	105176083	105174016	8
12	105176083	105174207	11
12	105176083	105174337	9
12	105176375	105174104	13
12	105177017	105176034	10
12	105177263	105176802	8
12	105177263	105176875	6
12	105177456	105176875	13
12	105188397	105177225	10
12	105188448	105177109	9
12	105188448	105177225	9
12	105188450	105177225	9
12	105189825	105177225	6
12	105189825	105188272	5
12	105189890	105188374	6
12	105197954	105195584	3
12	105199525	105197764	5
12	105199532	105197763	5
12	105199532	105197764	5
12	105203786	105197764	8
12	105203786	105199331	5
12	105203786	105199372	6
12	105207208	105203422	0
12	105207208	105203702	0
12	105207990	105207060	2
12	105208002	105207060	0
12	105208020	105207060	0
12	105208030	105206849	2
12	105208030	105207060	0
12	105208030	105207149	0
12	105208048	105207060	0
12	105208200	105207060	0
12	105211318	105208157	0
12	105217141	105211229	0
12	105217141	105211288	0
12	105308781	105304866	0
12	10592387	10588062	2
12	10592387	10588782	1
12	10592387	10589385	2
12	106051382	106050960	0
12	106070907	106063339	0
12	106070907	106067814	0
12	106070907	106067937	0
12	10607937	10604189	10
12	10607937	10606012	10
12	10607937	10606259	11
12	10607937	10606269	11
12	10608041	10606012	6
12	106084034	106067578	1
12	10609384	10607853	6
12	10609942	10606012	12
12	10609942	10607853	5
12	10609942	10609097	6
12	10609942	10609213	6
12	10609942	10609276	6
12	106106526	106086733	0
12	10610681	10607853	6
12	10610681	10609603	3
12	10610681	10609830	5
12	10612979	10610621	21
12	10613574	10612814	16
12	10613592	10610621	6
12	10613595	10610621	6
12	10613601	10610621	6
12	10613601	10612639	18
12	10613606	10612826	14
12	10613610	10612639	18
12	10613624	10610621	6
12	10621973	10618938	0
12	106246957	106245612	4
12	106247989	106237876	0
12	106254220	106240321	0
12	106276550	106239893	0
12	10627725	10624650	0
12	10629639	10627639	0
12	10629675	10627640	0
12	106304252	106276414	0
12	106304280	106276414	0
12	10631309	10629492	0
12	106323647	106323937	0
12	10634125	10631044	0
12	10634125	10631233	0
12	10634125	10631246	0
12	10634687	10633980	0
12	10634687	10633989	0
12	10634687	10634054	0
12	106500183	106495957	1
12	106500183	106496409	0
12	106682170	106680757	0
12	106683745	106681990	0
12	106733067	106714923	2
12	106774832	106507627	0
12	106774919	106500075	0
12	106901985	106901282	0
12	106980714	106978455	8
12	106985216	106977290	5
12	106985226	106977290	5
12	106985226	106978614	11
12	106987091	106978178	8
12	106987123	106985114	13
12	106987127	106977548	5
12	106987150	106985114	11
12	106987161	106985752	13
12	106987167	106985114	12
12	106992891	106991363	11
12	106993037	106992486	11
12	106993037	106992786	10
12	106997387	106992964	8
12	106997407	106991366	3
12	106999863	106997914	3
12	107000083	106999550	5
12	107001369	106999788	0
12	107001369	106999941	0
12	10701354	10699088	9
12	10701354	10699212	10
12	10701354	10699226	12
12	10701354	10699316	10
12	10701354	10699426	9
12	10701354	10699477	11
12	10701354	10699609	11
12	10702135	10701252	8
12	10702135	10701253	8
12	10702135	10701273	12
12	10702135	10701274	12
12	10702372	10701253	12
12	10702476	10701959	17
12	10702643	10701959	14
12	10703620	10701959	16
12	10704149	10701253	16
12	10704149	10701959	9
12	10704149	10702009	16
12	10704149	10703522	15
12	10704439	10701959	9
12	107093514	107072934	0
12	107093830	107022083	0
12	10710115	10704022	7
12	10710115	10704050	7
12	10710121	10704059	9
12	10710687	10709907	110
12	10710715	10709907	109
12	10713334	10701959	9
12	10713334	10704050	12
12	10713334	10709907	34
12	10713334	10710350	55
12	10715784	10709907	2
12	10715784	10713210	0
12	10715784	10713228	0
12	10716149	10713210	0
12	10717778	10715694	18
12	10718115	10717712	13
12	10718116	10715693	18
12	10718122	10715693	19
12	10718431	10718087	2
12	10719144	10717807	3
12	10719144	10718087	2
12	10719144	10718116	3
12	107617722	107610033	0
12	107739552	107732865	9
12	107739552	107734190	13
12	107741261	107739382	2
12	107742349	107740945	8
12	107742594	107741065	10
12	107743283	107742220	4
12	107743283	107742248	4
12	107754110	107746274	0
12	107754110	107751414	2
12	107754110	107751646	0
12	107754861	107754025	2
12	107756966	107753923	2
12	107756966	107754027	3
12	107760772	107756831	0
12	107760929	107756831	0
12	107835031	107832857	0
12	107845588	107839290	0
12	107845588	107839349	0
12	108293665	108288043	0
12	108293665	108291670	0
12	108293665	108292521	0
12	108293665	108292532	0
12	108330208	108291569	0
12	108438900	108434129	0
12	108459585	108459180	0
12	108461695	108459424	0
12	108461695	108459444	0
12	10847136	10845848	5
12	10847195	10845850	4
12	10847368	10845848	5
12	10847368	10845883	5
12	10848408	10845848	3
12	10848408	10846991	3
12	10848408	10847044	3
12	10848408	10847138	3
12	10848408	10847205	3
12	10848560	10848371	10
12	10848935	10847044	9
12	10848976	10847044	6
12	10849462	10848371	6
12	10849471	10848371	6
12	10849476	10848364	6
12	10849476	10848371	6
12	108524507	108522579	32
12	108524507	108522707	32
12	108524507	108523411	25
12	108525610	108523868	1
12	108525610	108524315	1
12	108526186	108525456	0
12	108526554	108525456	2
12	108530311	108526098	1
12	108530311	108526209	2
12	108531281	108530141	2
12	108531281	108530209	2
12	108531281	108530222	2
12	108531969	108531203	2
12	108532335	108531203	2
12	108532335	108531223	2
12	108532618	108531203	7
12	108537596	108536707	15
12	108537696	108536707	7
12	108538133	108537105	24
12	108538204	108536707	5
12	108538204	108537487	17
12	108543153	108538064	7
12	108543153	108538933	4
12	108543153	108538944	5
12	108543153	108542769	8
12	108544479	108543027	16
12	108544479	108543068	18
12	108544533	108543027	16
12	108544945	108543111	18
12	108545324	108543027	11
12	108545324	108544426	15
12	108547992	108545138	0
12	108547992	108545288	4
12	108561160	108549087	0
12	108561161	108549087	0
12	108561162	108549087	0
12	108561169	108549136	0
12	108561390	108549087	0
12	108562737	108564059	38
12	108562737	108564278	41
12	108564156	108564278	68
12	108567269	108567657	22
12	108567744	108568830	40
12	108567758	108567919	38
12	108567758	108568830	40
12	108568017	108568830	40
12	108594546	108592251	0
12	108594546	108592299	0
12	108598034	108591962	0
12	108598125	108589845	0
12	108624331	108622687	0
12	108632079	108622828	0
12	108633960	108622276	0
12	108647523	108646568	153
12	108648851	108645108	25
12	108648851	108645114	25
12	108648851	108646566	25
12	108648851	108646988	11
12	108648851	108647379	24
12	108648851	108647383	24
12	108648851	108647400	25
12	108648851	108647402	25
12	108648967	108648604	27
12	108649021	108648604	24
12	108649672	108648686	49
12	108652346	108648962	22
12	108652418	108648962	22
12	108653061	108652271	11
12	108654411	108652044	9
12	108654411	108652271	9
12	108657424	108654305	8
12	108658823	108657303	21
12	108658833	108657303	16
12	108658920	108657303	15
12	108658920	108657361	15
12	108662159	108654305	1
12	108662159	108658737	0
12	108662159	108658822	0
12	108662159	108658858	0
12	108662159	108658877	0
12	108662159	108658880	0
12	108678395	108662022	0
12	108678395	108662028	0
12	108678395	108662113	0
12	108701324	108648962	0
12	108701324	108678271	0
12	108701357	108678271	0
12	108701925	108701123	0
12	108701982	108701123	0
12	108702999	108701123	0
12	108703076	108701123	0
12	108730552	108701123	0
12	108730670	108701123	0
12	108730844	108701123	0
12	108731154	108701123	0
12	108731519	108678271	0
12	108731519	108700939	0
12	108731519	108701306	1
12	108731527	108701123	0
12	108731597	108701123	0
12	108792830	108778191	4
12	108792830	108784796	4
12	108799201	108791918	3
12	108799201	108791925	3
12	108799201	108792285	6
12	108807691	108806300	0
12	108807828	108806300	0
12	108809759	108807611	0
12	108809759	108807632	0
12	108809759	108807674	1
12	108809759	108807792	1
12	108811329	108809692	0
12	108811329	108809718	0
12	108811635	108809692	0
12	108817160	108811257	3
12	108817160	108811259	3
12	108817381	108809692	3
12	10882472	10881010	4
12	10882658	10824959	2
12	10882699	10848371	0
12	10882699	10880964	3
12	10882699	10882216	1
12	10883097	10882216	0
12	10883097	10882534	0
12	10883097	10882586	0
12	10884276	10882221	3
12	108852679	108817037	0
12	108852679	108818248	0
12	108852679	108823257	0
12	108899476	108900403	0
12	108915873	108907740	0
12	108934272	108922689	0
12	108937338	108934194	0
12	108938889	108936960	0
12	108938956	108937263	0
12	108940910	108938826	0
12	108945167	108940783	0
12	108945167	108940826	0
12	108961048	108945102	0
12	10896953	10895167	0
12	108972477	108960922	0
12	108972477	108960934	0
12	108978664	108972404	0
12	108978664	108977397	0
12	108983762	108972404	0
12	108983762	108978423	0
12	108983762	108978577	0
12	109021024	108983600	0
12	109021030	108983600	0
12	109021041	108983600	0
12	109021241	108983600	0
12	109053953	109052349	0
12	109082744	109082842	0
12	109086197	109086250	8
12	109090208	109088188	9
12	109090208	109088196	7
12	109092753	109089619	14
12	109092788	109090008	12
12	109092788	109090036	12
12	109092790	109088221	15
12	109092938	109088187	7
12	109092938	109090008	12
12	109093460	109092506	12
12	109093470	109092506	15
12	109093473	109090124	14
12	109093473	109092506	15
12	109093489	109092506	27
12	109093632	109092254	36
12	109281800	109277978	0
12	109281800	109277979	0
12	109281800	109279760	0
12	109285512	109277978	0
12	109357267	109354082	0
12	109447498	109445409	3
12	109456245	109451594	15
12	109456314	109448655	4
12	109456314	109449960	15
12	109456314	109449970	14
12	109456314	109451286	11
12	109456314	109451403	12
12	109456314	109451629	15
12	109456314	109451633	15
12	109456314	109451640	15
12	109456314	109451681	16
12	109457683	109456117	4
12	109457683	109456221	4
12	109457683	109456242	4
12	109457683	109456284	4
12	109457976	109456117	7
12	109459630	109449970	15
12	109460396	109457991	19
12	109460806	109457629	13
12	109460806	109457991	13
12	109464896	109460635	2
12	109469725	109460635	1
12	109469729	109457629	0
12	109469729	109457991	2
12	109469729	109460325	3
12	109469729	109460635	1
12	109471378	109460635	0
12	109477290	109460635	0
12	109477301	109460635	0
12	109477301	109469061	0
12	109477301	109469514	0
12	109477306	109469514	0
12	109477360	109469514	0
12	109477545	109469514	0
12	109490005	109490489	0
12	109490005	109491044	0
12	109559156	109553736	1
12	109559156	109556696	1
12	109559156	109556702	1
12	109559156	109556750	6
12	109559156	109556753	6
12	109561853	109561419	1
12	109565177	109561683	1
12	109565177	109561779	1
12	109565177	109561835	2
12	109567168	109565118	2
12	109568864	109564819	1
12	109568864	109565118	1
12	109568864	109567010	1
12	109570095	109568769	2
12	109571711	109567817	0
12	109571711	109568769	0
12	109573498	109565118	2
12	109573515	109568769	0
12	109735822	109734165	2
12	109735822	109734322	0
12	109735958	109734411	0
12	10973707	10895100	0
12	10973722	10848371	1
12	10973722	10883060	0
12	10973722	10884153	2
12	10973722	10891460	1
12	10973722	10937407	0
12	109773485	109742104	0
12	109773509	109735590	0
12	109784438	109783084	0
12	109784438	109783086	0
12	109784438	109783557	1
12	109784438	109783620	1
12	109814797	109808295	0
12	109814797	109814410	2
12	109814828	109808295	0
12	109814892	109808295	0
12	109832736	109814700	0
12	109833402	109814410	0
12	109855739	109852544	2
12	109855770	109850942	1
12	109855770	109852260	2
12	109855770	109852554	1
12	109855770	109852664	1
12	109857660	109855617	3
12	109857660	109855618	3
12	109858742	109855618	0
12	109860421	109859766	0
12	109880326	109858682	0
12	109880375	109858682	0
12	109880379	109858682	0
12	109880384	109858682	0
12	109880422	109858682	0
12	109880489	109858682	0
12	109914628	109915402	15
12	109932018	109932896	76
12	109934086	109929791	2
12	109934086	109929801	2
12	109934086	109929803	2
12	109934086	109932614	1
12	109934086	109932977	0
12	109934086	109933037	0
12	109934086	109933056	0
12	109934086	109933095	1
12	109934086	109933111	1
12	109938569	109934021	5
12	109938569	109934036	5
12	109938569	109934039	5
12	109938978	109934021	4
12	109939023	109938379	8
12	109939240	109938379	8
12	109939248	109938379	8
12	109939686	109938534	26
12	109947505	109939164	9
12	109947505	109945259	5
12	109948847	109939164	9
12	109951317	109939164	4
12	109951317	109947255	5
12	109951317	109947321	7
12	109953235	109939164	4
12	109953235	109947255	5
12	109953235	109948061	1
12	109953235	109950693	1
12	109953235	109951166	1
12	109953235	109951211	1
12	109954551	109951166	0
12	109959959	109952679	0
12	109959959	109953091	0
12	109961686	109961277	0
12	109965575	109961612	2
12	109965578	109961612	2
12	109965578	109961650	2
12	109967504	109961612	1
12	109981047	109967457	0
12	109983181	109967457	0
12	109983504	109980951	0
12	109983695	109983372	0
12	109989069	109983607	0
12	110027767	110028511	27
12	110044534	110042280	26
12	110048523	110042311	18
12	110048553	110044116	17
12	110048556	110027027	3
12	110048566	110044419	12
12	110048871	110041894	4
12	110057297	110041159	0
12	110057297	110041178	1
12	110059164	110057188	0
12	110059179	110057188	0
12	110073635	110042110	0
12	110073687	110049359	0
12	110203951	110205442	0
12	110346322	110347392	834
12	110346322	110350291	177
12	110347454	110350291	149
12	110347792	110350291	174
12	11034886	10973654	1
12	110376217	110372899	7
12	110376217	110373477	4
12	110376217	110373681	9
12	110376217	110374245	6
12	110377618	110375476	1
12	110377618	110376065	1
12	110377618	110376131	1
12	110377902	110376065	50
12	110378015	110377580	132
12	110378098	110375466	7
12	110379152	110377392	62
12	110381859	110376065	121
12	110381949	110377392	66
12	110381949	110377590	74
12	110386470	110382842	2
12	110387278	110382842	2
12	110387893	110386326	17
12	110387893	110386328	17
12	110387893	110386414	33
12	110388624	110387462	11
12	110388624	110387738	9
12	110395221	110387628	1
12	110436205	110434824	9
12	110436684	110434909	13
12	110436684	110436109	20
12	110436684	110436177	21
12	110437153	110436556	16
12	110437153	110436586	15
12	110437153	110436657	14
12	110437153	110436664	15
12	110437300	110436109	12
12	110440389	110437083	17
12	110440508	110437083	17
12	110445486	110445068	20
12	110445549	110396265	0
12	110445552	110436734	11
12	110445552	110440311	17
12	110445552	110442643	14
12	110445588	110440311	18
12	110450269	110445451	4
12	110450286	110445451	4
12	110450312	110445451	3
12	110450408	110445451	5
12	110450423	110444882	6
12	110453830	110452563	1
12	110453872	110452483	0
12	110453872	110452486	0
12	110453872	110452488	0
12	110455683	110453742	1
12	110455931	110455585	1
12	110457635	110453811	3
12	110457635	110455814	1
12	110457635	110455837	1
12	110459863	110457509	0
12	110465215	110459694	0
12	110465215	110459819	0
12	110468262	110464779	0
12	110468265	110465105	0
12	110468267	110465105	0
12	110468376	110465185	0
12	110468602	110465105	0
12	110468602	110468279	5
12	110468720	110468155	5
12	110468722	110465105	0
12	110469215	110468471	10
12	110469269	110468471	16
12	11047042	10973654	5
12	11047115	10973283	1
12	11047138	11005933	1
12	11047189	10973654	1
12	11047189	11034781	0
12	11047191	10973654	0
12	110493232	110491096	12
12	110493232	110491522	10
12	110493232	110491525	10
12	110493232	110491623	5
12	110493232	110491624	5
12	110493232	110491690	11
12	110493232	110491885	20
12	110496204	110492920	18
12	110496204	110492995	15
12	110496218	110491730	23
12	110497003	110496045	78
12	110498860	110496011	38
12	110498860	110496822	53
12	110499547	110496011	49
12	110499547	110498819	72
12	110501504	110499534	35
12	110501560	110499534	28
12	110502079	110498819	31
12	110502093	110501416	13
12	110502100	110499534	29
12	110502108	110498795	36
12	110502108	110499534	26
12	110502109	110496011	17
12	110502110	110496297	41
12	110502112	110499456	29
12	110502118	110496011	19
12	110530634	110531573	0
12	110538274	110533244	7
12	110538274	110536768	11
12	110645130	110647195	9
12	110645130	110647210	6
12	110645144	110647210	6
12	110647337	110647748	10
12	110650281	110627840	2
12	110650281	110648685	0
12	110650281	110648778	0
12	110650281	110648796	0
12	110650281	110649132	0
12	110651449	110650167	0
12	110655339	110651216	0
12	110655339	110651217	0
12	110655339	110651324	0
12	110661449	110655233	0
12	110683265	110661163	0
12	110683265	110661234	0
12	110683268	110655233	0
12	110683268	110661163	0
12	110683268	110661279	0
12	110688709	110661163	0
12	110688709	110682654	0
12	110688709	110683224	0
12	110688710	110683224	0
12	110721166	110719907	180
12	110721166	110719982	206
12	110722270	110719679	17
12	110722270	110720747	32
12	110722270	110720920	29
12	110722270	110721104	39
12	110722468	110720365	30
12	110722696	110720729	34
12	110722696	110721300	20
12	110722696	110722134	83
12	110724715	110722623	2
12	110724765	110721769	3
12	110724765	110722471	3
12	110726680	110722471	11
12	110730756	110722471	11
12	110730760	110724659	4
12	110731902	110730524	0
12	110731902	110730528	0
12	110732984	110730528	2
12	110734987	110731815	6
12	110742840	110731769	4
12	110742868	110731769	2
12	110742874	110731769	2
12	110742899	110731769	2
12	110742940	110731769	3
12	110913145	110910818	0
12	110913145	110910917	0
12	110913325	110913095	0
12	110914291	110913132	0
12	110914291	110913245	0
12	110914325	110913245	0
12	110919194	110914185	0
12	110919194	110915714	0
12	110920576	110919103	0
12	110920578	110919103	0
12	110920723	110918828	0
12	110956337	110951682	0
12	110956341	110951710	0
12	110957481	110956238	0
12	11121181	11047012	0
12	111363713	111361214	9
12	111363750	111360679	15
12	111365652	111360650	4
12	111366258	111363203	5
12	111369096	111363076	4
12	111451191	111443484	130
12	111452086	111451121	2
12	111453846	111451946	48
12	111453846	111452213	29
12	111453846	111452214	29
12	111453846	111452222	29
12	111453846	111452267	27
12	111453846	111452295	25
12	111453846	111452444	40
12	111453846	111452753	41
12	111454060	111452430	44
12	111455120	111453676	44
12	111456113	111453319	49
12	111456257	111452213	23
12	111456257	111453676	32
12	111456257	111455044	39
12	111457360	111452450	31
12	111457360	111453485	38
12	111457360	111456028	5
12	111457360	111456081	5
12	111457360	111456136	3
12	111457360	111456220	2
12	111457440	111455914	7
12	111458402	111456188	8
12	111461306	111457273	5
12	111464716	111457213	7
12	111470241	111457213	2
12	111470241	111461138	4
12	111470241	111464661	4
12	111470674	111470107	15
12	111470743	111468357	1
12	111470743	111469425	1
12	111470743	111469817	1
12	111470743	111470107	1
12	111470842	111470107	1
12	111471946	111470107	2
12	111479103	111457213	1
12	111485332	111470557	0
12	111485332	111479069	0
12	111485332	111482786	0
12	111485745	111485270	0
12	111485794	111485264	0
12	111485851	111485264	0
12	111485866	111470557	0
12	111485866	111479069	0
12	111485866	111485108	0
12	111485866	111485264	0
12	111485866	111485270	0
12	111486815	111485712	0
12	111486825	111485712	0
12	111488533	111486760	0
12	111488613	111486760	0
12	111488781	111486760	0
12	111488781	111486790	0
12	111509620	111488475	0
12	111509620	111488584	0
12	111509999	111509548	0
12	111510496	111509890	1
12	111510583	111509890	1
12	111512108	111509890	2
12	111513540	111509890	0
12	111513540	111509918	0
12	111513540	111510384	0
12	111516340	111513356	0
12	111516364	111512472	0
12	111516364	111513356	0
12	111518428	111513356	0
12	111518428	111513473	0
12	111519968	111518248	4
12	111520077	111518248	1
12	111520946	111519878	2
12	111520974	111519878	1
12	111520974	111519912	1
12	111520974	111520004	1
12	111520974	111520019	1
12	111597808	111552905	0
12	111598567	111555882	1
12	111598823	111555882	0
12	111599063	111525191	0
12	111599123	111555882	0
12	111599277	111555882	0
12	111599351	111555882	0
12	111599674	111554157	0
12	111599674	111555882	0
12	111599677	111555882	0
12	111650043	111642145	0
12	111650043	111644081	3
12	111650043	111644338	4
12	111672775	111665638	2
12	111673312	111665638	0
12	11171354	11166089	0
12	11171461	11120835	0
12	11171545	11047019	0
12	11171574	11047019	0
12	11171599	11047019	0
12	11171601	11047019	0
12	11171609	11121009	1
12	111755746	111756211	25
12	111755746	111756332	21
12	111756349	111756875	64
12	111813152	111813210	0
12	111840478	111839767	30
12	111840478	111839769	30
12	111840478	111839776	31
12	111840478	111839909	36
12	111841471	111840332	35
12	111841707	111839806	31
12	111841711	111840332	38
12	111841903	111839766	19
12	111841907	111840332	30
12	111842903	111839763	8
12	111842903	111840332	38
12	111843213	111843307	4
12	111851	106523	0
12	111880250	111879337	0
12	111893023	111893513	18
12	111893586	111896219	10
12	111932660	111931281	6
12	111932660	111931297	6
12	111932660	111931298	6
12	111932660	111931369	5
12	111932732	111931379	6
12	111934031	111932585	0
12	111936831	111932584	2
12	111936831	111933885	3
12	111937244	111933885	2
12	111937244	111936691	2
12	111937244	111936741	2
12	111937244	111936754	2
12	111938211	111937159	0
12	111938211	111937174	0
12	111943370	111938160	0
12	111965760	111938183	0
12	111965760	111943264	0
12	111978788	111943264	0
12	111978788	111965594	0
12	111991890	111938046	0
12	111991890	111938160	0
12	111991890	111943260	0
12	111991890	111943264	0
12	111991890	111965591	0
12	111991890	111965594	0
12	111991890	111978735	0
12	112003864	111991743	0
12	112003864	111991757	0
12	112003864	111991813	0
12	112005304	111991757	0
12	112005304	112003568	0
12	112005304	112003799	0
12	112013112	112005256	1
12	112013126	112005256	1
12	112013132	112005256	1
12	112013136	112005256	1
12	112013140	112005256	1
12	112013143	112005256	1
12	112013145	112005256	1
12	112013153	112005256	0
12	112013166	112005256	0
12	112013167	112005256	0
12	112033380	112026688	18
12	112033380	112027787	21
12	112033380	112029549	23
12	112035406	112029386	21
12	112039340	112033232	11
12	112040579	112033232	11
12	112040579	112039228	6
12	112040579	112039261	4
12	112040579	112039269	4
12	112042105	112039228	0
12	112068993	112061180	1
12	112072065	112068879	1
12	112078742	112078187	0
12	112081135	112078633	0
12	112081135	112078681	0
12	112090865	112081059	0
12	112090865	112087682	0
12	112093137	112090725	0
12	112108744	112090725	3
12	112108771	112090311	0
12	112125619	112126084	2
12	112160974	112160262	44
12	112161103	112160321	62
12	112162263	112160861	43
12	112163265	112160187	7
12	112163265	112160189	7
12	112163738	112162768	5
12	112163738	112163041	3
12	112167539	112164108	2
12	112167882	112166180	3
12	112167918	112167316	11
12	112171264	112170332	5
12	112172862	112170739	1
12	112172862	112171116	2
12	112195067	112193468	0
12	112200799	112194884	0
12	112200799	112194996	0
12	112203773	112200637	0
12	112204624	112202962	0
12	112204624	112203635	0
12	112216922	112216291	0
12	112217196	112216772	0
12	112217196	112216820	0
12	112226759	112219385	0
12	112228177	112226642	2
12	112228259	112226453	1
12	112228259	112226642	1
12	112250378	112248319	0
12	112251135	112249556	0
12	112251135	112250143	0
12	112258597	112256319	0
12	112259266	112258379	0
12	112259266	112258495	0
12	112265984	112265174	0
12	112266983	112265877	0
12	112266983	112265932	0
12	112269850	112266911	0
12	112306235	112283109	0
12	112319743	112269703	0
12	112382093	112319224	0
12	112382093	112319564	0
12	112382440	112319224	0
12	112406038	112405198	183
12	112406038	112405202	182
12	112406343	112405852	153
12	112406345	112405189	168
12	112406891	112406293	178
12	112406891	112406298	177
12	112408339	112406342	193
12	112408339	112406628	186
12	112408339	112406746	156
12	112408339	112406747	156
12	112408339	112406865	171
12	112408339	112406870	171
12	112408657	112406293	124
12	112408657	112408020	163
12	112408657	112408239	240
12	112408953	112408259	111
12	112409636	112406746	196
12	112410371	112408239	63
12	112418839	112411300	0
12	11267519	11265923	0
12	11268149	11265955	0
12	11268149	11267175	0
12	11268669	11267175	0
12	11268669	11267644	0
12	11268740	11267779	0
12	112868596	112869758	0
12	112908679	112907627	0
12	113009241	113010373	7
12	113010482	113010484	6
12	113017752	112908586	0
12	11308442	11307082	0
12	11308883	11307082	0
12	11308883	11308220	0
12	11308883	11308226	0
12	11309406	11308220	0
12	11309406	11308648	0
12	113100681	113098818	0
12	113100681	113099277	0
12	113100681	113099507	0
12	113100681	113099511	0
12	113100681	113099886	0
12	113100681	113099887	0
12	113100681	113099891	0
12	113103100	113101888	0
12	113104082	113101888	0
12	113104082	113103039	0
12	113105887	113100627	0
12	113107242	113104160	0
12	113107242	113105713	0
12	113107596	113105713	0
12	113108223	113107096	0
12	113108223	113107215	0
12	113108226	113105713	0
12	113108226	113107096	0
12	113112279	113107096	0
12	113115789	113115199	0
12	113116052	113115634	0
12	113116052	113115681	0
12	113157691	113158700	16
12	113161383	113157173	20
12	113161457	113158841	23
12	113161491	113158574	23
12	113161998	113161269	1
12	113163046	113161892	11
12	113163046	113161920	11
12	113163046	113161950	9
12	113163275	113162717	5
12	113163275	113162895	3
12	113163275	113162931	3
12	113174937	113174639	4
12	113175158	113174874	2
12	113175158	113174875	2
12	113176936	113175035	2
12	113177094	113176839	3
12	113177364	113176827	6
12	113179027	113177051	7
12	113192162	113185623	1
12	113197613	113195442	0
12	113200814	113197540	0
12	113208260	113195440	0
12	113208260	113200579	0
12	113208510	113200044	0
12	113288235	113288494	40
12	113288235	113288757	41
12	113288527	113288757	50
12	113291678	113291873	5
12	113291959	113292933	55
12	113302701	113298776	4
12	113304386	113298758	3
12	113304386	113298766	3
12	113304386	113298772	3
12	113304386	113298780	3
12	113304386	113299331	2
12	113304386	113299776	3
12	113307845	113306494	0
12	113308844	113306494	2
12	113310356	113307690	1
12	113310356	113307799	3
12	113315477	113310233	1
12	113316625	113315334	0
12	113316657	113315334	0
12	113316657	113315341	0
12	113317002	113315334	0
12	113320499	113318963	6
12	113320687	113318963	8
12	113320687	113320330	3
12	113320687	113320360	3
12	113320879	113320580	3
12	113320908	113320580	3
12	113321109	113319973	3
12	113321109	113320849	2
12	113321109	113320875	2
12	113321349	113321055	0
12	113332948	113321195	0
12	113332961	113321195	0
12	113334834	113332722	0
12	113334836	113332722	0
12	113334839	113332722	0
12	113335031	113334442	25
12	113335108	113318963	0
12	113335120	113334442	27
12	113335121	113332722	0
12	113335123	113332748	1
12	113335142	113332722	0
12	113335144	113332748	0
12	113338495	113334671	0
12	113359494	113332722	0
12	113394017	113392444	0
12	113397393	113393891	1
12	113398607	113396639	0
12	113398607	113397164	0
12	113398847	113398514	0
12	113399152	113398706	0
12	113399711	113397254	0
12	113399711	113398836	0
12	113399711	113399111	0
12	113403887	113399555	0
12	113403888	113399254	0
12	113403889	113399555	0
12	113425821	113399555	0
12	113467422	113462033	0
12	113472073	113469121	0
12	113472281	113471482	0
12	11353331	11351822	0
12	11353391	11351822	0
12	11353647	11351822	0
12	11354003	11351822	0
12	113706977	113679458	0
12	113753564	113751013	6
12	113767209	113706870	0
12	113767209	113745703	7
12	113767210	113737447	4
12	113773684	113744576	2
12	113818180	113816737	74
12	113823322	113816741	26
12	113823322	113822053	40
12	113823322	113822686	36
12	113844789	113822056	0
12	113844789	113823089	0
12	113844789	113823208	0
12	113915086	113858790	0
12	113918448	113914968	0
12	113937137	113927053	0
12	11393978	11391539	0
12	113940161	113937006	0
12	11394531	11353649	0
12	11394531	11392793	0
12	11394531	11393971	0
12	11395566	11394494	0
12	11395567	11394494	0
12	113958051	113955130	3
12	113959405	113957781	0
12	113959904	113957862	0
12	11400004	11399380	0
12	11406893	11401484	0
12	114241771	114238969	0
12	11431563	11399849	0
12	11431563	11406697	0
12	11431563	11430209	0
12	11431563	11430361	0
12	114366392	114353930	0
12	114366392	114355380	0
12	114385568	114366096	0
12	114385568	114366164	0
12	114394894	114385475	0
12	114398721	114394740	0
12	114398721	114394877	0
12	114408286	114408827	0
12	114408286	114408856	0
12	114674836	114670253	25
12	114674836	114670254	25
12	114677657	114676312	5
12	114679652	114677579	3
12	114679934	114677591	3
12	114679973	114679504	14
12	114681147	114679504	30
12	114681147	114679912	30
12	114683435	114679955	1
12	114683591	114680878	39
12	114684165	114680878	37
12	11486152	11431481	0
12	11486152	11434991	0
12	11486152	11435125	0
12	114898530	114894631	0
12	11501042	11394494	0
12	11521687	11516424	0
12	1153060	1151809	0
12	11555839	11541394	0
12	11556085	11556935	0
12	115582966	115582060	0
12	115597450	115582841	0
12	115601846	115582764	0
12	115832639	115810358	0
12	115886138	115832405	0
12	115960533	115957904	35
12	115963520	115953871	4
12	115963520	115958599	4
12	115963520	115958770	8
12	115963520	115959260	8
12	115963520	115959342	8
12	115963520	115959363	8
12	115963520	115959377	8
12	115963520	115959605	4
12	115963520	115959862	4
12	115963520	115961189	4
12	115963550	115959615	4
12	115970771	115966081	0
12	115970771	115968939	0
12	115972237	115970593	0
12	115972237	115970759	1
12	115974182	115970593	3
12	115980903	115975170	3
12	115980939	115975514	3
12	115982591	115980480	7
12	115982596	115980749	2
12	115982604	115975514	3
12	115982604	115980749	2
12	115983541	115980749	2
12	115983541	115981303	0
12	115983541	115982383	0
12	115984373	115983116	0
12	115984373	115983519	0
12	115985441	115981564	0
12	115991694	115987108	0
12	115991958	115987108	0
12	115996682	115991019	0
12	115996682	115991679	0
12	115996682	115991695	0
12	115997228	115996475	0
12	115997231	115996475	0
12	116000173	115995520	0
12	116003103	115996475	0
12	116003940	115997009	0
12	116005994	116003002	0
12	116006349	116003002	4
12	116006412	116005868	0
12	116007445	116005868	7
12	116007637	116006305	0
12	116007666	116003497	0
12	116008600	116007410	0
12	116009016	116003539	0
12	116009133	116007410	0
12	116010973	116007459	0
12	116012899	116009007	0
12	116012902	116008400	0
12	116096753	116022455	0
12	116096912	116022455	0
12	116111513	116096668	0
12	116111513	116109619	0
12	116181296	116174501	0
12	116232157	116230532	0
12	116236891	116230432	0
12	116236891	116230532	0
12	116237570	116230432	0
12	116237570	116236820	0
12	116237688	116111427	0
12	116237706	116111427	0
12	116276296	116237498	0
12	116276760	116237467	0
12	116277082	116237467	0
12	116277175	116237467	0
12	116277720	116237467	0
12	116719877	116710184	1
12	116719877	116717069	1
12	116720128	116717335	4
12	116737837	116717448	3
12	116867792	116861332	0
12	116876801	116867648	0
12	116876801	116869476	0
12	116879618	116861126	0
12	116881442	116856143	0
12	116980420	116977441	0
12	116985377	116980249	0
12	116987338	116985182	0
12	117041995	117038922	0
12	117041995	117038923	0
12	117041995	117038924	0
12	117046667	117038956	0
12	117046667	117041946	0
12	117046832	117046558	0
12	117046839	117046479	0
12	117046839	117046558	0
12	117046839	117046568	0
12	117048811	117046776	0
12	117049159	117046558	0
12	117049159	117046771	0
12	117049159	117046776	0
12	117049159	117048680	0
12	117053996	117049018	0
12	117056887	117048797	0
12	117056887	117049018	0
12	117075341	117049018	0
12	117075341	117056805	0
12	117084091	117075270	0
12	117098656	117075296	0
12	117099409	117075270	0
12	117099447	117075270	0
12	117099470	117075270	0
12	117099480	117075270	0
12	117155949	117141987	2
12	117155949	117143780	5
12	117155949	117145048	4
12	117155949	117145067	4
12	117155949	117154249	4
12	117155949	117155053	7
12	117172608	117165484	0
12	117172608	117166897	0
12	117174342	117172470	0
12	117174342	117172509	0
12	117186572	117177519	0
12	117188794	117186476	0
12	117189032	117186476	0
12	117189363	117186476	0
12	117218165	117208141	0
12	117218165	117208143	0
12	117218165	117215258	0
12	117218165	117215280	0
12	117246165	117245550	0
12	117247523	117243296	0
12	117331490	117311465	0
12	117361630	117348034	0
12	117361778	117330344	0
12	117361803	117330344	0
12	117452171	117331432	0
12	117453496	117456908	0
12	117469796	117453011	0
12	117469796	117453053	0
12	117525220	117485594	0
12	117525220	117517705	0
12	117539888	117531665	0
12	117555230	117539471	0
12	117555294	117539718	0
12	117968224	117860290	0
12	117968984	117860290	0
12	118017816	118017994	32
12	118017853	118017994	32
12	118035094	118032693	9
12	118035094	118032906	12
12	118035094	118034120	8
12	118035094	118034164	8
12	118035094	118034195	9
12	118035325	118034985	4
12	118035325	118035076	2
12	118036511	118034674	8
12	118036511	118035213	4
12	118038389	118035213	2
12	118038389	118036337	3
12	118038389	118036384	6
12	118038389	118036440	6
12	118042879	118038287	7
12	118042973	118036337	6
12	118042973	118038287	10
12	118043378	118042455	1
12	118043378	118042840	8
12	118043378	118042877	7
12	118052479	118038287	2
12	118068598	118063592	6
12	118071068	118068376	4
12	118071470	118071051	4
12	118073742	118070952	0
12	118073993	118071358	0
12	118079607	118073698	0
12	118082279	118079453	2
12	118082430	118079345	0
12	118095815	118079398	0
12	118095815	118082126	0
12	118095815	118082277	2
12	118103057	118101899	5
12	118103171	118095532	0
12	118103171	118095545	1
12	118103863	118102988	1
12	118103886	118101604	1
12	118103905	118095532	0
12	118103949	118095532	0
12	118103991	118102838	1
12	118104001	118102988	1
12	118117040	118114349	7
12	118117883	118117035	4
12	118121118	118117648	4
12	118121619	118117666	1
12	118126664	118095621	0
12	118151159	118149941	5
12	118152410	118149800	2
12	118152410	118150442	3
12	118152410	118150956	2
12	118152410	118151093	3
12	118152754	118150908	3
12	118160359	118152226	1
12	118161880	118159775	2
12	118162028	118160145	0
12	118181608	118177200	0
12	118189942	118181370	0
12	118189942	118181441	0
12	118189942	118181514	0
12	118190546	118181370	0
12	118199258	118189806	0
12	118201464	118199050	0
12	118212996	118201295	0
12	118212996	118201421	0
12	118214172	118198389	0
12	118238170	118235557	0
12	118238170	118235794	0
12	118239273	118238072	0
12	118239273	118238101	0
12	118243449	118238072	0
12	118243491	118239226	0
12	118243517	118239226	0
12	118244966	118243414	0
12	118244966	118243429	0
12	118255656	118244893	0
12	118255656	118244900	0
12	118255656	118244913	0
12	118256060	118255447	0
12	118261674	118255503	0
12	118261674	118255595	0
12	118266760	118255447	0
12	118266760	118255459	0
12	118266760	118255511	0
12	118376276	118375349	0
12	118647955	118645314	0
12	118760068	118758753	0
12	118761658	118758804	0
12	118773776	118773031	0
12	118833044	118818803	0
12	118864315	118849353	0
12	118891482	118867595	0
12	119036968	119031038	0
12	119176485	119174064	0
12	119183260	119182047	0
12	119226548	119225833	0
12	119285737	119283824	0
12	119302032	119284771	0
12	119402431	119387986	0
12	119553646	119387990	0
12	119553646	119402314	0
12	119668046	119668235	50
12	119668080	119553547	0
12	119679503	119679932	27
12	119690455	119685789	2
12	119690455	119685790	2
12	119690455	119685792	2
12	119690455	119687948	0
12	119690455	119688210	1
12	119697839	119690150	0
12	119697839	119690400	1
12	119698110	119690381	5
12	119700826	119697975	10
12	119701753	119700744	0
12	119701959	119701623	0
12	119704456	119701849	0
12	119704456	119701851	0
12	119708319	119704361	0
12	119708319	119704362	0
12	119710387	119708178	2
12	119710621	119710250	6
12	119710733	119708178	2
12	119711012	119710294	33
12	119712348	119710539	37
12	119712696	119712177	13
12	119712696	119712309	13
12	119713295	119712590	10
12	119713649	119713202	5
12	119713759	119713018	4
12	119713819	119713202	5
12	119714335	119713467	0
12	119718410	119714196	0
12	119718410	119714208	0
12	119720586	119718244	0
12	119720586	119718698	0
12	119721450	119720477	0
12	119730631	119728501	0
12	119734358	119730494	0
12	119734407	119730494	0
12	119735358	119730494	0
12	119735358	119734163	0
12	119742465	119735159	0
12	119742843	119735199	0
12	119782638	119776671	0
12	119784052	119687759	0
12	119784052	119782517	0
12	119784362	119783907	0
12	119785066	119782155	0
12	119785066	119783907	0
12	119785066	119784011	0
12	119803384	119784959	0
12	119803390	119783907	0
12	119803390	119784188	0
12	119803390	119784959	0
12	119803390	119785024	0
12	119803487	119784959	0
12	119850276	119720523	0
12	120093223	120094202	1
12	120098936	120095094	1
12	120098936	120096365	2
12	120098936	120097245	5
12	120098936	120097265	5
12	120099107	120098810	1
12	120099155	120096903	9
12	120099155	120098810	8
12	120099463	120099029	22
12	120103950	120098810	7
12	120103950	120098947	4
12	120103950	120099029	4
12	120117503	120108591	6
12	120129495	120127202	9
12	120134727	120134290	8
12	120136733	120134532	0
12	120136733	120134599	0
12	120138045	120137544	1
12	120138416	120137900	0
12	120138416	120138015	0
12	120155041	120153743	1
12	120155431	120154969	5
12	120155688	120155028	1
12	120155720	120155240	1
12	120155720	120155347	1
12	120158031	120156911	5
12	120158616	120157848	0
12	120158616	120157952	0
12	120160024	120158459	0
12	120164722	120164335	0
12	120168301	120164645	21
12	120168415	120164670	44
12	120175875	120175161	0
12	120176218	120175745	1
12	120176218	120175789	1
12	120197463	120196685	145
12	120197463	120196698	141
12	120197463	120196701	142
12	120197463	120196706	142
12	120197463	120196707	142
12	120197463	120196813	222
12	120197463	120196841	257
12	120197809	120196701	375
12	120198632	120197321	484
12	120198740	120197321	563
12	120198740	120197371	579
12	120198771	120197321	579
12	120198771	120197322	579
12	120199001	120197321	543
12	120199001	120198553	718
12	120199001	120198703	505
12	120199001	120198744	431
12	120199206	120197321	531
12	120199206	120198553	359
12	120199206	120198555	359
12	120199206	120198755	285
12	120199206	120198853	247
12	120199206	120198894	208
12	120199206	120198942	208
12	120199206	120198946	208
12	120199426	120199117	241
12	120199486	120198357	276
12	120199486	120198858	237
12	120199486	120198979	207
12	120199486	120198980	207
12	120199486	120199117	228
12	120200151	120199309	248
12	120200816	120199309	273
12	120200821	120199309	277
12	120200825	120199309	278
12	120200826	120199309	277
12	120200832	120199117	238
12	120200832	120199309	282
12	120200833	120199117	237
12	120200833	120199309	280
12	120200865	120199309	265
12	120200892	120199309	239
12	120201086	120199165	153
12	120201090	120199309	239
12	120201096	120199456	276
12	120201100	120199309	241
12	120201111	120199117	153
12	120201111	120199309	252
12	120201212	120199309	239
12	120209935	120210085	2
12	120211107	120212374	916
12	120213991	120210438	52
12	120213991	120210446	52
12	120213991	120210447	53
12	120213991	120210450	53
12	120213991	120212313	59
12	120214999	120214135	14
12	120215274	120214824	17
12	120215274	120214835	52
12	120215418	120214824	274
12	120215662	120214824	230
12	120215662	120215102	230
12	120215662	120215240	236
12	120221759	120214824	250
12	120221759	120215102	188
12	120221759	120215559	172
12	120221759	120216272	294
12	120221759	120219206	200
12	120222590	120221622	28
12	120222751	120221622	17
12	120222751	120221642	17
12	120223000	120222548	11
12	120223000	120222675	9
12	120223000	120222716	10
12	120223000	120222733	9
12	120223000	120222736	9
12	120223834	120222862	4
12	120224378	120223717	3
12	120224378	120223719	3
12	120224728	120224150	19
12	120224751	120224150	23
12	120226056	120224642	10
12	120226070	120224150	10
12	120226500	120224174	19
12	120226796	120224150	22
12	120226845	120224150	16
12	120227118	120224153	8
12	120248749	120224150	2
12	120248751	120226605	0
12	120250162	120224150	2
12	120264317	120224150	2
12	120265630	120224150	2
12	120265693	120226838	0
12	120265719	120224150	2
12	120265738	120224642	1
12	120265738	120226654	0
12	120265772	120224150	0
12	120325062	120322110	0
12	120325062	120322116	0
12	120326021	120322114	0
12	120345633	120341329	0
12	120346323	120345569	0
12	120347515	120346134	0
12	120347515	120346221	0
12	120353380	120347445	0
12	120353380	120351343	0
12	120357020	120353298	0
12	120357020	120353322	0
12	120446371	120444207	3
12	120446413	120443960	6
12	120464123	120461667	79
12	120464123	120461761	79
12	120464823	120463949	70
12	120464944	120461710	99
12	120465788	120463949	75
12	120465788	120463977	78
12	120465788	120464732	111
12	120469572	120465755	3
12	120469640	120465626	9
12	120469719	120465138	7
12	120469794	120465626	1
12	120495941	120490327	0
12	120496217	120496401	11
12	120496217	120496415	11
12	120504082	120503273	2
12	120504082	120503573	6
12	120504984	120503968	0
12	120504984	120503969	0
12	120510124	120504894	0
12	120516685	120509850	0
12	120516789	120510016	0
12	120516789	120510019	0
12	120516789	120510062	0
12	120522364	120510016	1
12	120522364	120516566	1
12	120523444	120522663	0
12	120524003	120522213	2
12	120526547	120522213	0
12	120529141	120526456	5
12	120529155	120526892	1
12	120529156	120526456	6
12	120529162	120522213	1
12	120529166	120516566	0
12	120529183	120522213	1
12	120534408	120534657	69
12	120534435	120522213	2
12	120579598	120578763	60
12	120579598	120579044	65
12	120579598	120579047	65
12	120579598	120579153	65
12	120579598	120579368	38
12	120579924	120579351	77
12	120579924	120579513	69
12	120579996	120579241	76
12	120580140	120579513	47
12	120581252	120579513	34
12	120581258	120579513	34
12	120581258	120579773	58
12	120581337	120579773	39
12	120581380	120581114	12
12	120581382	120580995	10
12	120581399	120580595	25
12	120581399	120581114	10
12	120640154	120630104	0
12	120641592	120629610	0
12	120659909	120660195	0
12	120660841	120661070	0
12	120696542	120700463	121
12	120699502	120697123	138
12	120699542	120698263	108
12	120723640	120721506	26
12	120737136	120737355	6
12	120741519	120740469	0
12	120766373	120762509	4
12	120766373	120764464	3
12	120766373	120764890	5
12	120768489	120767393	0
12	120768632	120767393	2
12	120769060	120768324	0
12	120769060	120768437	0
12	120770138	120768324	6
12	120782768	120768952	0
12	120782768	120768957	0
12	120782768	120768996	0
12	120783753	120782654	0
12	120783753	120782689	0
12	120784594	120783673	0
12	120791558	120784473	0
12	120791946	120784202	0
12	120810887	120784473	0
12	120901949	120810808	0
12	120903371	120810808	0
12	120904372	120810808	0
12	120970371	120962798	0
12	120970566	120965659	0
12	120974599	120970023	0
12	120974599	120970297	0
12	120976922	120974484	0
12	120979748	120970398	0
12	120980772	120941727	0
12	120980907	120968612	0
12	120980966	120974374	0
12	120996414	120996540	0
12	120996743	120997473	0
12	120999390	120999461	0
12	120999390	120999482	0
12	121005061	121003891	1
12	121005094	121000485	2
12	121005094	121002421	1
12	121005094	121003790	1
12	121005094	121003792	1
12	121005094	121003875	1
12	121005094	121004215	0
12	121005094	121004241	0
12	121006395	121005002	6
12	121007230	121005002	1
12	121010927	121005923	0
12	121010927	121006320	0
12	121011147	121006320	0
12	121024138	121019110	0
12	121024138	121020556	0
12	121027818	121023989	0
12	121031618	121020291	0
12	121031618	121023738	0
12	121031618	121023989	0
12	121059671	121053731	0
12	121177213	121177296	0
12	12120404	12116028	27
12	12121421	12120369	31
12	121217003	121217133	0
12	121222167	121222729	0
12	121222167	121222946	2
12	121222768	121222946	2
12	121228867	121228962	0
12	121232677	121232996	0
12	121233093	121233522	0
12	121244616	121237690	4
12	121244616	121237696	4
12	121244616	121237769	6
12	121244616	121240524	3
12	121244616	121240546	4
12	121244616	121243587	13
12	121245241	121237696	7
12	121245241	121240524	7
12	12124663	12116024	7
12	12124663	12121046	6
12	12124663	12121085	4
12	12124663	12121092	4
12	121253473	121252660	0
12	12125433	12124564	0
12	121255575	121253260	1
12	121255639	121253272	0
12	121263940	121260318	0
12	121268690	121263805	0
12	121268690	121263899	0
12	12126922	12125295	0
12	121269582	121268635	0
12	121269582	121268637	0
12	121269628	121268637	0
12	121270946	121268637	0
12	121274371	121270897	0
12	121274532	121270897	0
12	121274586	121255549	0
12	121274586	121270897	0
12	121296687	121274055	0
12	121296688	121274063	1
12	121296711	121274055	0
12	121296754	121274055	0
12	121297337	121274264	0
12	121297564	121274151	0
12	121298058	121274055	0
12	121298309	121274055	0
12	12130894	12124564	0
12	12130894	12125361	0
12	121309864	121308331	12
12	121309864	121308356	11
12	121309864	121308357	11
12	121310395	121308244	18
12	121318352	121317889	15
12	121318405	121309700	13
12	121318425	121309700	11
12	121318609	121309700	8
12	121318609	121309969	20
12	121318609	121318276	67
12	121319819	121318276	0
12	121319819	121318500	0
12	121319819	121318534	0
12	121327232	121320384	1
12	121327232	121326352	2
12	121328459	121327095	56
12	121328498	121320384	1
12	121328498	121326485	67
12	121328498	121327095	50
12	121328836	121328256	56
12	121330673	121327095	25
12	121330673	121328315	22
12	121331392	121328315	29
12	121331429	121330582	36
12	121335173	121327095	13
12	121335610	121331346	19
12	121335683	121330582	19
12	121335724	121328315	11
12	121335724	121330582	10
12	121335724	121331226	6
12	121335724	121331346	7
12	121337332	121335532	0
12	121337368	121335532	0
12	121337393	121335516	0
12	121337393	121335532	0
12	121337394	121335532	0
12	121337396	121328998	11
12	121346032	121342002	0
12	121346127	121345839	109
12	121347006	121342002	0
12	121347006	121345838	52
12	121347006	121345923	59
12	121347006	121345998	78
12	121347006	121346035	76
12	121347876	121346895	0
12	121347882	121345838	0
12	121347882	121346895	0
12	121347884	121346895	0
12	121351204	121347801	0
12	121352305	121347801	0
12	121352328	121346794	0
12	121352386	121346895	0
12	121352389	121347801	0
12	121352418	121347801	0
12	121352463	121347801	0
12	121399897	121347801	0
12	121430470	121429096	42
12	121430470	121429508	64
12	121439874	121429870	2
12	121440076	121429776	3
12	121440076	121430276	2
12	121440076	121430341	2
12	121440978	121429508	0
12	121440978	121439856	0
12	121440978	121439912	0
12	121441234	121439856	0
12	121444273	121442156	9
12	121444273	121442991	5
12	121444273	121443679	12
12	121444537	121444011	0
12	121444537	121444014	2
12	121445419	121439856	2
12	121445419	121444011	0
12	121453345	121429098	1
12	121453345	121429870	0
12	121494666	121453119	0
12	121509707	121494578	0
12	121510040	121493845	0
12	121510040	121494578	0
12	121513403	121509566	0
12	121513403	121509571	0
12	121513403	121509942	0
12	121513403	121510006	0
12	121516521	121513327	0
12	121521101	121513275	0
12	121521101	121513292	0
12	121521101	121516346	0
12	121521101	121516468	0
12	121524796	121520984	0
12	121532960	121520984	0
12	121532960	121521045	0
12	121534591	121513275	0
12	121534591	121532805	0
12	121534591	121532845	0
12	121534661	121532805	0
12	121574594	121549459	0
12	121575860	121574364	0
12	121575860	121574546	0
12	121578947	121574546	0
12	12159156	12150835	0
12	121626866	121626870	31
12	121652809	121648741	0
12	121652809	121651391	0
12	121776445	121776821	60
12	121776445	121778076	51
12	121777898	121778076	55
12	121778128	121779548	78
12	121778128	121780451	77
12	121779624	121780940	71
12	121781007	121777753	73
12	121781007	121779417	72
12	121781007	121779607	80
12	121781143	121782031	43
12	121781193	121780486	77
12	121781193	121780871	74
12	121781193	121780951	54
12	121793240	121781079	0
12	121793240	121781082	0
12	121793361	121781082	0
12	121793842	121793151	4
12	121794263	121793151	2
12	121796243	121795266	70
12	121796243	121795569	92
12	121799957	121793150	42
12	121799957	121793151	42
12	121799957	121795266	65
12	121799957	121795639	56
12	121799957	121795892	58
12	121799957	121795989	51
12	121799957	121796190	53
12	121799957	121799171	27
12	121799957	121799383	21
12	121799957	121799430	21
12	121799957	121799552	22
12	121800678	121793151	52
12	121801008	121799846	21
12	121801443	121799846	15
12	121801609	121799846	15
12	121801809	121799755	8
12	121801809	121799846	7
12	121801809	121799848	7
12	121801809	121801571	13
12	121802403	121799846	21
12	121802605	121799846	10
12	121802785	121799846	21
12	121802785	121801706	32
12	121802807	121801706	31
12	121802887	121801706	18
12	121802911	121801706	18
12	121802929	121801571	27
12	121802934	121802630	27
12	121802944	121801706	22
12	121802946	121802630	27
12	121802947	121801706	26
12	121803250	121801706	14
12	121803404	121801706	24
12	121803485	121802630	16
12	121803907	121803206	0
12	121817516	121817593	23
12	121817519	121817596	22
12	121840049	121839526	0
12	121840049	121839529	0
12	121849077	121847051	0
12	121849791	121848998	0
12	121849939	121848998	0
12	121854793	121848998	0
12	121856604	121856323	0
12	121856626	121856323	0
12	121857433	121856582	0
12	121857584	121856582	0
12	121857820	121856597	0
12	12187120	12183979	0
12	121915945	121916283	0
12	121949062	121951479	2
12	122020015	122007433	0
12	12203324	12186805	0
12	12203401	12186922	0
12	12203401	12187087	1
12	122064434	122064549	8
12	122127969	122129136	0
12	122129630	122129940	8
12	122133530	122133583	45
12	122135667	122137468	9
12	122138296	122138423	14
12	122173993	122172029	0
12	122204685	122206317	0
12	122204685	122206729	0
12	122207813	122208479	69
12	122209859	122207793	1
12	122209859	122208315	9
12	122216585	122207661	1
12	122216585	122207662	1
12	122216585	122207667	1
12	122216585	122207668	1
12	122216585	122207694	1
12	122216585	122207766	1
12	122216585	122207773	1
12	122216585	122207778	1
12	122216585	122207787	1
12	122216585	122207803	1
12	122216585	122207818	2
12	122216585	122207841	2
12	122216585	122208409	2
12	122216585	122208411	2
12	122216585	122208505	2
12	122216585	122208710	0
12	122216585	122209696	4
12	122216585	122209772	4
12	122216870	122216487	0
12	122216870	122216560	0
12	122217790	122216487	0
12	122226569	122218265	0
12	122226654	122224511	3
12	122227422	122224511	0
12	122227534	122226215	1
12	122227535	122225964	1
12	122232428	122218265	1
12	122232969	122229563	28
12	122232969	122231562	16
12	122232969	122231885	15
12	122232969	122232138	15
12	122232969	122232325	15
12	122235924	122232799	4
12	122235924	122232818	2
12	122242509	122239877	0
12	122242509	122241008	0
12	122244763	122242381	2
12	122244763	122242430	2
12	122244763	122242495	2
12	122249971	122239877	5
12	122250046	122244568	2
12	122250166	122244568	2
12	122251037	122249870	0
12	122251100	122248095	1
12	122251100	122249870	1
12	122261448	122249870	0
12	122261448	122250982	0
12	122261448	122252861	0
12	122274144	122272598	3
12	122274163	122271431	29
12	122274163	122271433	29
12	122274163	122272042	29
12	122274163	122272660	6
12	122274163	122272667	6
12	122274163	122272805	11
12	122274163	122272833	11
12	122275824	122272460	13
12	122278204	122274037	6
12	122278204	122276438	17
12	122278473	122274037	15
12	122278943	122277367	5
12	122278943	122278153	5
12	122319349	122316748	0
12	122324382	122319231	1
12	122328163	122319231	0
12	122333144	122328260	0
12	122334111	122332986	0
12	122334706	122334026	1
12	122334706	122334084	1
12	122341257	122336631	0
12	122341698	122334647	1
12	122341698	122336631	0
12	122344045	122336631	0
12	122347480	122336631	0
12	122347480	122340752	0
12	122347480	122340980	0
12	122351144	122347374	0
12	122352787	122336631	0
12	122352787	122340752	2
12	122352787	122340980	0
12	122352787	122341087	0
12	122352787	122347374	0
12	122352787	122351027	3
12	122352787	122351110	2
12	122355313	122354452	0
12	122356161	122352725	0
12	122361182	122354452	0
12	122361182	122354909	0
12	122361182	122355114	0
12	122377961	122363982	0
12	122380495	122377388	0
12	122380559	122377388	0
12	122380559	122377720	0
12	122380559	122377795	0
12	122380560	122377388	0
12	122380561	122377388	0
12	122400015	122380367	0
12	122400244	122380367	0
12	122422570	122380367	0
12	122422589	122380367	0
12	122422613	122400131	1
12	122422633	122380367	0
12	12244305	12203202	0
12	12244656	12203202	0
12	122477959	122471599	7
12	122477959	122472869	4
12	122477959	122472892	5
12	122477959	122472898	6
12	122477959	122473939	12
12	122478293	122477837	11
12	122478293	122477840	11
12	122478293	122477916	18
12	122478534	122477840	30
12	122481665	122480189	2
12	122482088	122481521	0
12	122482459	122481521	1
12	122482696	122481944	1
12	122482696	122481990	2
12	122483691	122482001	15
12	122492790	122490461	6
12	122492790	122490934	1
12	122506924	122503457	14
12	122506924	122505058	26
12	122506924	122505305	25
12	122506924	122505329	25
12	122508367	122506371	26
12	122508407	122505379	37
12	122508448	122506833	16
12	122508451	122506833	13
12	122511189	122506833	6
12	122511189	122508217	9
12	122511189	122508249	11
12	122511189	122508366	12
12	122511189	122508377	12
12	122513875	122511108	8
12	122513918	122511108	8
12	122514729	122511108	10
12	122515228	122511108	7
12	122515228	122511110	7
12	122515228	122514711	5
12	122517397	122514772	8
12	122517431	122515104	5
12	122517431	122515162	7
12	122519029	122517226	3
12	122519030	122517226	3
12	122519030	122517235	3
12	122519052	122515104	1
12	122519052	122517226	3
12	122519052	122517230	3
12	122520202	122519442	61
12	122520582	122517226	33
12	122520582	122518838	51
12	122520582	122518839	51
12	122520582	122518929	51
12	122520582	122520140	55
12	122521429	122517226	46
12	122521429	122518838	33
12	122521429	122519909	54
12	122521429	122520503	35
12	122521429	122520545	36
12	122522292	122521384	2
12	122522300	122518838	27
12	122522300	122521295	2
12	122522300	122521384	2
12	122522330	122521384	2
12	122522443	122521384	5
12	122526950	122520977	29
12	122526961	122521384	12
12	122526963	122521384	12
12	122602888	122603026	6
12	12266770	12244261	0
12	12266813	12244261	0
12	12267013	12203202	0
12	122714794	122715460	0
12	122826618	122827245	0
12	122860078	122860147	2
12	122860524	122860678	1
12	122861193	122861307	3
12	122861998	122862103	100
12	122865498	122866700	72
12	122868563	122865327	18
12	122868563	122867153	14
12	122868563	122867414	10
12	122871056	122868479	20
12	122871062	122868479	20
12	122871682	122870074	16
12	122890160	122870889	8
12	122896128	122870889	3
12	122896445	122870889	1
12	122932329	122920950	4
12	122932329	122924524	4
12	122932329	122928991	5
12	122932329	122928993	5
12	122932329	122928998	5
12	122932329	122928999	5
12	122932329	122930010	6
12	122935432	122931325	2
12	122935432	122931640	2
12	122935432	122932191	2
12	122940285	122935271	11
12	122940285	122935272	11
12	122940996	122939448	3
12	122940996	122940110	3
12	122940996	122940125	3
12	122940996	122940206	3
12	122944520	122940110	2
12	122944520	122940806	3
12	122944520	122940945	3
12	122944673	122940806	0
12	122944676	122940110	3
12	122944703	122944390	0
12	122946223	122940110	3
12	122946223	122940806	2
12	122946223	122944390	0
12	122946223	122944394	0
12	122946478	122944390	2
12	122948572	122946024	5
12	122948709	122946024	5
12	122948830	122946024	5
12	122948830	122946175	8
12	122949313	122946024	4
12	122949905	122946024	2
12	122960261	122950450	4
12	122960323	122950450	3
12	122966403	122959634	0
12	122966461	122959634	0
12	122966497	122959634	0
12	122966501	122959634	0
12	122966510	122959634	0
12	122973159	122960038	0
12	122974683	122973042	1
12	122975206	122959634	0
12	122975868	122976252	35
12	122975868	122976600	27
12	122975868	122976653	20
12	122976402	122976583	27
12	122976402	122976653	24
12	122976964	122978324	75
12	122976971	122977980	48
12	122976971	122978359	77
12	122976971	122978441	83
12	122977167	122978324	80
12	122978058	122978359	50
12	122978092	122978359	67
12	122978092	122978441	89
12	122978200	122978359	89
12	122978360	122978441	96
12	122979011	122979082	65
12	122980386	122981128	26
12	122980386	122981570	30
12	122980386	122981594	29
12	122980746	122981128	31
12	122980746	122981570	72
12	122980746	122981594	72
12	122980813	122981128	39
12	122980813	122981570	72
12	122980813	122981594	70
12	122980888	122981128	49
12	122980988	122981128	61
12	122981267	122981570	71
12	122981267	122981594	71
12	122981300	122981570	66
12	122981300	122981594	67
12	122981300	122981655	79
12	122981650	122959634	2
12	122982075	122982468	31
12	122982539	122982619	137
12	122986565	122983479	73
12	122986565	122983480	73
12	122997573	122996720	4
12	123000849	122997324	2
12	123000849	122997437	4
12	123000849	123000302	0
12	123000849	123000303	0
12	123012735	123009849	0
12	123014043	123012612	1
12	123034655	123013827	0
12	123034686	123013827	0
12	123034686	123013995	1
12	123076096	123034544	0
12	123081334	123034512	0
12	123105500	123034512	0
12	123110429	123034512	0
12	123110489	123034512	0
12	123110490	123034251	0
12	123110496	123034512	0
12	123154431	123152319	55
12	123155817	123154381	37
12	123160850	123152323	10
12	123160850	123154214	24
12	123160850	123156398	9
12	123160850	123156635	11
12	123160850	123156773	12
12	123161384	123159693	17
12	123161384	123160780	5
12	123162193	123161135	6
12	123162219	123161135	7
12	123162219	123161267	10
12	123163027	123161135	11
12	123163037	123162114	11
12	123163135	123161135	13
12	123163135	123162114	10
12	123163401	123162114	14
12	123163962	123163013	13
12	123164091	123162772	13
12	123164091	123163013	12
12	123164091	123163083	14
12	123165463	123163949	1
12	123165478	123163768	1
12	123165478	123163949	1
12	123165607	123163949	1
12	123166790	123165301	12
12	123176717	123166654	1
12	123176790	123166360	0
12	123176790	123166654	0
12	123194602	123181162	0
12	123198335	123194385	0
12	123198335	123194508	0
12	123203085	123202163	4
12	123203376	123202163	4
12	123203376	123202623	4
12	123203376	123202884	7
12	123210163	123202163	0
12	123210163	123202623	2
12	123218479	123214743	0
12	123218500	123214743	0
12	123221724	123218375	0
12	123221848	123218375	0
12	123221896	123214743	0
12	123221896	123218375	0
12	123221896	123218398	0
12	123223128	123218375	0
12	123223128	123221371	0
12	123223128	123221664	0
12	123223128	123221692	0
12	123223128	123221807	0
12	123223128	123221842	0
12	123227573	123223037	0
12	123227617	123221371	0
12	123227617	123223037	0
12	123227617	123226287	0
12	123230447	123227462	1
12	123230523	123218457	1
12	123230523	123221371	0
12	123230523	123223037	0
12	123230523	123227462	0
12	123230523	123227467	0
12	123230523	123227545	0
12	123233102	123230036	0
12	123233108	123230260	0
12	123233112	123230260	0
12	123233124	123230260	0
12	123233127	123230260	0
12	123233137	123230260	0
12	123233171	123230260	0
12	123233239	123230260	0
12	123233532	123233739	5
12	123243953	123240528	5
12	123244015	123230260	0
12	123259149	123252029	8
12	123259149	123252241	10
12	123259149	123258747	9
12	123260448	123259042	6
12	123260504	123258976	3
12	123260504	123259042	1
12	123261220	123260273	3
12	123261484	123260825	51
12	123265323	123260970	0
12	123265323	123260980	0
12	123265323	123261002	0
12	123265323	123261011	0
12	123265323	123261275	1
12	123267283	123265192	4
12	123267283	123265195	4
12	123268078	123265195	3
12	123298172	123289108	0
12	123298172	123295904	0
12	123350442	123348028	1
12	123364829	123350309	0
12	123364844	123350309	0
12	123365116	123365524	14
12	12338561	12326055	0
12	12338561	12329264	0
12	12338675	12329712	0
12	123408807	123408870	60
12	123423158	123410682	0
12	12343174	12338419	0
12	12343415	12338419	0
12	12343415	12343091	0
12	123475751	123471815	16
12	12348249	12343142	0
12	123484273	123470053	2
12	123484273	123472067	4
12	123484273	123472166	6
12	123484273	123475662	5
12	12350242	12343275	0
12	12350542	12343091	0
12	123523646	123499417	4
12	12357068	12355405	0
12	123583699	123575890	1
12	123605982	123606072	25
12	123605995	123606072	22
12	123607524	123607599	61
12	123607524	123607603	61
12	123607524	123608679	55
12	123607663	123608679	41
12	123622762	123620405	248
12	123622762	123621737	112
12	123624863	123622635	22
12	123626494	123622635	114
12	123626494	123624786	121
12	123627157	123626424	115
12	123630286	123624786	14
12	123630286	123625966	14
12	123630286	123627043	12
12	123630534	123630046	10
12	123630534	123630168	13
12	123630534	123630233	10
12	123695298	123696414	2
12	123696496	123697086	2
12	123708387	123707601	2
12	123813641	123813753	0
12	123923868	123924277	0
12	123926821	123928386	0
12	123928588	123929274	0
12	123929485	123929663	0
12	123929760	123930401	0
12	123934985	123925460	0
12	123942786	123918659	0
12	123942786	123922921	0
12	123942786	123935621	0
12	123942786	123936416	0
12	123942786	123936435	0
12	123942786	123937687	0
12	123942786	123937713	0
12	123942786	123937764	0
12	123944365	123943346	0
12	123944370	123943346	0
12	123944741	123944271	1
12	123946774	123942743	0
12	123956445	123943346	0
12	123956445	123944269	0
12	123956445	123944271	0
12	123972052	123945703	3
12	123972091	123956283	2
12	123972617	123956283	0
12	123972735	123943346	2
12	123972825	123944271	1
12	123972832	123956283	2
12	123973304	123973885	1
12	123973353	123973885	0
12	123973512	123973885	2
12	124326371	124324414	13
12	124326371	124324415	13
12	124326371	124324597	18
12	124326371	124325379	8
12	124326371	124325385	8
12	124326371	124325419	10
12	124327586	124326179	8
12	124327634	124326179	8
12	124327634	124326190	8
12	124327660	124326122	8
12	124330899	124326190	12
12	124330899	124327408	12
12	124330899	124327546	15
12	124330899	124328531	11
12	124332346	124330844	2
12	124332465	124330844	1
12	124332468	124330844	1
12	124333257	124332318	0
12	124333280	124330844	3
12	124333280	124331474	0
12	124333280	124332318	3
12	124334618	124333129	4
12	124334647	124333129	5
12	124335182	124334343	3
12	124335281	124333129	3
12	124335281	124334423	5
12	124336393	124334423	4
12	124337181	124335482	12
12	124340205	124336752	0
12	124340205	124337103	0
12	124340444	124340005	2
12	124340444	124340006	2
12	124346851	124344596	3
12	124347912	124346563	0
12	124347912	124346592	2
12	124348315	124347824	0
12	124348941	124347401	0
12	124354940	124354477	0
12	124355572	124354836	0
12	124356686	124355058	0
12	124356783	124355431	2
12	124356807	124355431	1
12	124356851	124355431	1
12	124362298	124355431	9
12	124372611	124363678	0
12	124374464	124372021	0
12	124378385	124372021	0
12	124378385	124372459	1
12	124385888	124378236	0
12	124420056	124402403	0
12	124422555	124419956	0
12	124422556	124419956	0
12	124422556	124419958	0
12	124429704	124426621	0
12	124429707	124426621	0
12	124430642	124429394	0
12	124430788	124426621	0
12	124430788	124429612	0
12	124437997	124430609	0
12	124437997	124430614	0
12	124437997	124430640	0
12	124486569	124483595	0
12	124495253	124486440	0
12	124495369	124486373	0
12	124495369	124486440	0
12	124518295	124495146	1
12	124535604	124495146	0
12	124535612	124495146	0
12	124567465	124535564	0
12	124567590	124535564	0
12	124782812	124777632	45
12	124782812	124778498	38
12	124786494	124777872	67
12	124786504	124776855	56
12	124786504	124777632	60
12	124786504	124778277	47
12	124786504	124782682	61
12	124787458	124782682	48
12	124787458	124785819	3
12	124787458	124786106	3
12	124787458	124786356	3
12	124787458	124786440	3
12	12480347	12474209	7
12	12480347	12475896	7
12	124815115	124814201	1
12	124817708	124814960	1
12	124817708	124814963	1
12	124817708	124814972	1
12	12487188	12477885	2
12	124913775	124911645	1123
12	124913775	124911703	1259
12	124913775	124913034	2343
12	124914066	124913349	76
12	124914075	124913495	70
12	124914080	124913322	71
12	124914120	124913305	87
12	124914142	124913289	83
12	124914305	124913403	87
12	124914444	124913361	63
12	124914592	124913369	33
12	124914602	124913423	31
12	124914763	124913320	31
12	124914763	124913586	30
12	124915032	124913586	10
12	124915148	124911647	23
12	124915304	124914586	0
12	124917369	124914586	0
12	124948182	124946824	3
12	124948182	124946825	3
12	124948616	124947600	9
12	124950060	124946830	2
12	124950060	124948083	3
12	124964627	124960311	0
12	124965007	124964392	0
12	124965007	124964393	0
12	12500683	12487027	0
12	125124770	125124901	17
12	12520001	12487027	0
12	12521464	12519861	0
12	12554660	12521080	0
12	12560887	12521326	1
12	12561126	12521023	1
12	12562384	12520870	0
12	125961982	125958687	0
12	125961982	125958701	0
12	125963084	125958689	0
12	126096101	126096239	0
12	12614864	12614358	0
12	126358404	126359088	0
12	126359153	126359404	0
12	126359647	126360100	0
12	126405529	126400791	0
12	126647450	126628171	0
12	126665565	126652965	0
12	126690261	126610033	0
12	126690269	126663678	0
12	126690307	126652949	0
12	126690319	126665444	0
12	126690323	126647369	0
12	126730804	126729786	0
12	126732408	126730762	0
12	126735399	126732295	0
12	126736832	126732342	0
12	126744889	126745005	12
12	126744920	126745005	13
12	126746333	126732342	0
12	126748128	126746260	0
12	126761046	126748055	1
12	126761046	126752163	2
12	126761058	126752340	0
12	126772412	126747930	0
12	12684508	12661060	0
12	12684508	12662270	0
12	12684522	12660890	0
12	126873505	126869489	0
12	126873505	126870100	0
12	126873505	126870465	0
12	12688933	12684397	2
12	126922960	126915202	0
12	12695512	12684094	0
12	12695512	12684350	0
12	126975918	126923029	0
12	127000651	126975838	0
12	127032067	127000555	0
12	127032067	127030527	0
12	127145835	127145071	5
12	127145990	127145640	14
12	127146533	127145703	4
12	12724012	12723296	0
12	127275575	127274466	0
12	127318495	127317708	0
12	127334157	127324154	0
12	127635403	127631247	0
12	127635403	127634095	0
12	127794765	127793526	0
12	127950161	127940594	0
12	128026200	128023787	0
12	128087857	128086984	0
12	128112845	128087728	0
12	128112845	128112228	0
12	128191365	128188003	0
12	128191390	128187933	0
12	12821397	12821654	5
12	12821727	12821964	2
12	12823320	12823869	69
12	12823320	12824539	53
12	12824017	12824539	22
12	128439207	128437777	0
12	128799418	128793190	13
12	128799418	128793194	13
12	128799418	128793894	19
12	128799418	128794172	15
12	128801010	128799258	9
12	128801702	128799258	8
12	128808957	128800806	0
12	128808957	128800853	1
12	128809474	128808787	1
12	128809474	128808805	1
12	128809474	128809080	1
12	128810359	128808787	9
12	128815071	128809395	2
12	128815071	128809942	8
12	128815929	128809395	8
12	128819868	128814959	2
12	128823523	128814774	0
12	128823594	128814774	3
12	128823780	128814774	3
12	128823984	128814774	1
12	128945204	128944273	0
12	129078726	129071724	0
12	129078726	129071725	0
12	129109758	129110992	0
12	129111140	129111419	0
12	12912143	12912446	5
12	12912301	12912446	4
12	129209664	129084496	0
12	129337818	129209519	0
12	12942329	12940774	1
12	12950385	12940841	6
12	12950385	12942260	8
12	12952148	12950022	5
12	129522764	129521302	0
12	129531206	129337633	0
12	129683069	129681426	0
12	129700699	129531058	0
12	12977578	12975314	5
12	129854945	129852207	0
12	12987333	12974863	0
12	12987333	12975066	0
12	12987333	12983460	0
12	12989281	12987151	0
12	12989412	12987151	0
12	12989416	12985644	0
12	12989416	12987151	0
12	129903667	129699809	0
12	130027255	130024492	0
12	130037018	130033453	0
12	130044957	130027111	0
12	130154689	130144314	0
12	130154692	130151592	0
12	130155783	130154472	0
12	130157211	130155733	0
12	130161679	130155351	0
12	130162145	130155271	0
12	130162224	130155351	0
12	130399814	130396136	0
12	130399814	130396176	0
12	130399814	130397309	0
12	130406244	130399678	0
12	130406244	130399750	0
12	130421020	130419534	0
12	130422562	130414124	0
12	130428338	130422452	0
12	130428338	130424141	0
12	130434881	130428178	0
12	130434881	130431646	0
12	130442661	130438364	0
12	130445270	130441847	0
12	130456701	130451194	0
12	130469170	130456495	0
12	130470744	130456495	0
12	130470744	130469019	0
12	130470744	130469148	0
12	130472339	130470692	0
12	130478964	130470692	0
12	130479017	130456495	0
12	130479017	130470201	0
12	130479017	130470692	0
12	130716282	130628321	0
12	130796121	130790833	7
12	130798636	130789599	2
12	130798636	130795994	4
12	130801291	130798392	0
12	130801291	130798524	0
12	130801461	130801152	1
12	130801489	130801152	1
12	130801489	130801253	1
12	13080915	13083002	18
12	130812444	130808630	0
12	130812623	130810820	0
12	130813032	130808630	0
12	130813032	130812309	0
12	130872127	130872583	16
12	130872618	130872835	91
12	130872630	130872835	95
12	13087264	13083559	0
12	13087264	13084576	0
12	13087264	13084586	0
12	13087264	13084822	0
12	13087264	13084824	0
12	130872913	130873002	85
12	130872921	130873002	82
12	130873129	130874033	43
12	130873129	130874545	43
12	130873129	130874550	61
12	130874085	130874545	38
12	13088060	13087151	0
12	13088060	13087244	0
12	13088910	13087151	0
12	13088910	13087906	0
12	13088910	13087951	0
12	13089277	13087906	0
12	13089277	13088737	0
12	13089277	13088861	0
12	13089349	13088742	0
12	13089349	13088861	0
12	13090819	13087906	0
12	13090819	13088737	0
12	13090819	13088861	0
12	130966547	130967031	0
12	130966547	130968976	0
12	130966547	130971457	0
12	130969073	130971457	0
12	130977674	130978471	0
12	130992469	130990137	0
12	130993968	130990160	0
12	130993977	130992348	0
12	131035488	131030569	0
12	131297973	131296109	0
12	131447971	131447336	0
12	131474459	131469310	0
12	131492952	131474306	0
12	131623204	131621890	0
12	131648122	131647112	0
12	131711448	131714070	40
12	131711448	131714821	56
12	131714194	131714821	17
12	131714241	131714821	14
12	131758048	131756965	4
12	131844082	131844535	6
12	131916160	131916397	4
12	131919385	131919471	1
12	131919591	131919978	6
12	131920137	131921099	17
12	131928191	131924735	7
12	131929381	131929734	9
12	131929797	131929906	11
12	132066970	132067361	5
12	132080461	132077802	134
12	132104171	132104374	6
12	132104171	132104377	6
12	132104171	132104566	26
12	13213822	13214533	12
12	13213822	13214570	17
12	132139770	132136593	29
12	132139770	132139112	15
12	132139925	132139634	19
12	132139974	132137434	47
12	132140200	132139854	14
12	132140200	132139860	14
12	132140540	132140097	8
12	132140736	132140421	16
12	132140736	132140422	16
12	132140822	132140422	12
12	132141021	132140619	40
12	132141421	132140619	101
12	132141421	132140830	107
12	132141421	132141005	98
12	132141607	132140830	99
12	132141957	132140830	85
12	132189696	132186734	0
12	132197960	132196371	0
12	132197960	132196508	0
12	132197960	132197072	0
12	132201262	132199173	0
12	132203691	132201123	0
12	132203691	132201136	0
12	132205712	132203504	0
12	132205793	132203504	0
12	132205803	132203506	0
12	132240729	132203504	0
12	132248028	132203504	0
12	132248028	132240506	0
12	132257743	132247909	0
12	132257887	132247439	0
12	132257887	132247909	0
12	132261123	132257688	0
12	132261123	132257850	0
12	132275219	132262458	0
12	132283609	132283163	0
12	132286431	132262458	0
12	132286472	132283528	1
12	132574349	132574492	0
12	132604377	132603149	0
12	132604377	132603168	0
12	132604585	132604014	0
12	132604585	132604253	0
12	132604832	132604461	3
12	132604964	132604461	0
12	132605019	132604461	0
12	132606265	132604461	0
12	132606265	132604613	0
12	132606265	132604700	0
12	132606265	132604705	0
12	132610375	132606146	0
12	132610398	132606146	0
12	132610452	132605813	0
12	132610544	132606146	0
12	132621541	132621618	0
12	132621697	132621897	1
12	132624995	132623761	154
12	132624995	132624262	249
12	132624995	132624689	17
12	132624995	132624705	19
12	132625771	132624904	20
12	132625771	132625297	34
12	132625952	132623752	25
12	132626318	132624554	22
12	132626318	132625644	15
12	132632417	132626116	15
12	132632438	132626310	22
12	132632489	132626266	24
12	132632509	132626116	17
12	132632558	132626116	17
12	132632796	132632314	18
12	132632796	132632447	22
12	132634169	132632314	2
12	132634379	132632507	2
12	132634379	132632663	2
12	132635986	132634185	0
12	132635993	132634185	0
12	132636001	132634185	0
12	132636025	132634185	0
12	132636025	132634364	0
12	132636026	132633970	0
12	132641379	132639124	30
12	132641852	132639124	7
12	132642207	132641373	53
12	132642398	132641646	2
12	132649073	132643836	6
12	132649366	132648545	4
12	132649516	132648928	0
12	132649890	132649305	0
12	132649890	132649320	1
12	132649890	132649352	1
12	132672323	132668810	0
12	132672840	132672214	37
12	132672840	132672280	40
12	132673234	132672543	2
12	132673278	132672579	1
12	132673278	132672626	1
12	132680688	132680177	7
12	132681280	132680177	6
12	132681280	132680530	6
12	132681280	132680606	4
12	132687329	132681137	0
12	132687348	132681137	0
12	132687360	132681137	0
12	132687366	132681027	0
12	132728164	132725502	5
12	132728164	132725667	14
12	132728164	132726805	15
12	132728164	132727132	4
12	132728164	132727285	6
12	132728164	132727349	6
12	132730271	132728031	5
12	132732101	132729678	57
12	132732211	132728031	29
12	132734072	132730232	52
12	132734576	132728031	44
12	132734576	132729678	59
12	132734576	132729722	67
12	132735124	132729678	54
12	132735440	132734384	61
12	132735513	132734384	59
12	132737066	132734967	28
12	132737066	132735405	39
12	132737066	132735406	39
12	132738908	132735405	42
12	132741486	132736892	20
12	132741486	132737042	37
12	132742559	132736892	40
12	132743255	132741418	13
12	132743277	132741418	13
12	132743277	132741808	22
12	132748021	132743153	0
12	132748021	132743238	0
12	132774321	132768908	61
12	132774321	132768914	61
12	132774321	132773259	13
12	132775306	132774156	9
12	132776693	132775065	6
12	132776757	132774497	6
12	132776757	132775140	7
12	132784308	132782295	3
12	132786556	132783867	8
12	132786556	132784163	0
12	132822312	132816539	5
12	132827714	132822271	22
12	132827903	132827606	18
12	132828703	132821995	17
12	132828732	132827823	15
12	132828841	132821995	14
12	132828854	132821995	15
12	132828859	132827807	20
12	132841597	132822186	5
12	132843084	132832356	2
12	132843084	132840348	4
12	132843084	132840351	4
12	132843084	132840404	6
12	132843084	132840909	4
12	132843084	132840974	4
12	132843084	132841124	4
12	132843084	132841372	5
12	132843084	132841392	5
12	132843084	132841517	3
12	132848156	132847042	15
12	132848193	132847042	12
12	132848224	132847042	12
12	132848258	132847042	11
12	132848725	132847042	9
12	132848725	132848084	4
12	132848725	132848181	2
12	132848992	132847042	12
12	132849961	132848154	3
12	132854105	132851617	23
12	132855056	132853636	41
12	132856566	132848640	17
12	132856631	132853430	12
12	132859228	132857404	1
12	132861635	132859067	0
12	132861635	132859184	1
12	132861905	132859078	1
12	132862426	132861466	7
12	132869799	132861466	0
12	132869799	132861546	10
12	132869835	132861466	0
12	132870784	132861466	0
12	132870784	132862332	1
12	132870784	132869618	5
12	132870784	132869638	6
12	132870784	132869723	11
12	132872395	132861466	1
12	132872395	132870723	1
12	132872395	132870724	1
12	132872395	132871972	1
12	132877655	132871904	0
12	132877655	132872284	0
12	132883018	132877554	0
12	132887341	132877554	0
12	132887523	132877554	0
12	132887533	132877554	0
12	132899214	132877554	0
12	132904874	132877554	0
12	132904895	132877554	0
12	132909148	132898999	0
12	132909187	132877560	0
12	132932806	132921461	7
12	132933156	132918307	2
12	132933156	132926671	5
12	132933156	132932712	1
12	132945798	132877554	4
12	132945798	132932811	4
12	132945798	132933034	3
12	132948271	132944797	1
12	132948271	132945620	1
12	132948616	132945715	3
12	132956263	132945620	7
12	132956292	132945620	7
12	132956305	132945620	7
12	132956307	132945620	7
12	133033305	133030388	0
12	133034104	133032658	0
12	133034104	133033144	0
12	133048082	133048752	7
12	133080552	133080821	2
12	133081614	133083102	5
12	133115734	133121990	4
12	133130474	133106816	2
12	133130755	133130836	0
12	133155690	133156091	25
12	133191616	133191907	0
12	133219368	133218311	0
12	13376426	13371088	0
12	13376426	13374797	0
12	13376431	13373013	0
12	13376676	13376223	0
12	13376708	13376228	0
12	13376712	13376223	0
12	13387168	13375526	0
12	13540377	13544140	0
12	13562292	13561876	0
12	13567264	13537336	0
12	13567264	13562809	0
12	13608672	13437941	0
12	13675768	13634175	0
12	13675821	13670280	0
12	13675860	13616454	0
12	13753916	13675744	0
12	138453	137410	0
12	138645	138299	0
12	13866227	13753316	0
12	1391503	1380059	0
12	13979984	13977345	0
12	13980357	13866102	0
12	13980364	13865797	0
12	140371	138550	0
12	140371	139533	0
12	14357518	14356864	0
12	14365504	14357295	0
12	14481186	14481607	9
12	14506269	14503660	0
12	14511401	14506932	0
12	14511712	14511259	0
12	14535804	14511510	0
12	14536126	14511510	0
12	14536711	14535658	0
12	14540903	14536569	0
12	14540903	14536693	0
12	14554247	14553192	0
12	14567729	14542207	0
12	14568350	14553192	0
12	14614944	14612631	0
12	14619310	14616632	0
12	14621217	14619210	0
12	14674761	14672872	0
12	14676972	14674291	0
12	14676972	14674624	0
12	14769623	14768157	3
12	14770171	14768924	1
12	14770277	14768938	3
12	14770794	14768995	4
12	14771132	14767998	3
12	14789134	14784578	15
12	14790750	14788950	1
12	14791271	14790455	5
12	14791271	14790688	8
12	14799729	14796806	1
12	14800784	14799440	1
12	14800784	14799634	0
12	14800784	14799665	0
12	14801429	14800751	2
12	14802033	14801319	4
12	14803477	14800999	4
12	14803487	14801319	2
12	14803541	14801319	3
12	14814183	14804649	0
12	14841154	14825568	0
12	14841154	14829353	0
12	14843063	14829353	0
12	14843063	14840359	0
12	14843063	14841081	0
12	14843534	14840444	0
12	14883048	14881180	0
12	14883048	14881897	0
12	14884246	14881890	0
12	14884246	14882971	0
12	14884888	14884212	0
12	14885855	14883053	0
12	14885927	14884212	0
12	14915687	14914034	0
12	14915687	14914411	0
12	14917280	14915645	0
12	14917304	14915488	0
12	14944840	14942016	0
12	14944840	14942044	1
12	14944840	14942329	0
12	14944840	14942369	1
12	14944840	14942507	1
12	14944840	14942651	1
12	14947947	14944775	0
12	14947950	14944775	0
12	14948897	14947872	0
12	14949886	14944775	0
12	14949886	14947688	0
12	14949886	14947872	0
12	14949886	14947876	0
12	14950696	14949801	0
12	14950725	14949801	0
12	15111418	15107782	0
12	15111418	15107789	0
12	15111418	15107816	0
12	15111418	15108606	0
12	15111418	15109408	0
12	15114699	15112362	0
12	15121120	15110926	0
12	15121120	15111343	0
12	15138164	15121062	0
12	15154	14521	24
12	15217604	15111343	0
12	15217604	15121062	0
12	15217604	15121064	0
12	15217630	15121062	0
12	15218052	15217428	0
12	15221269	15217095	0
12	15221407	15217428	0
12	15221418	15217428	0
12	15337471	15217428	0
12	15348599	15337376	0
12	15348676	15346476	0
12	15595058	15596089	2
12	15595641	15596089	0
12	15623288	15620157	4
12	15623288	15620161	4
12	15623288	15620180	4
12	15623288	15620190	5
12	15623288	15620194	5
12	15623288	15620233	5
12	15623288	15620348	7
12	15623288	15620376	7
12	15623288	15620411	7
12	15623288	15620982	5
12	15623288	15621202	10
12	15623288	15621273	10
12	15624408	15623157	0
12	15624408	15623219	0
12	15647261	15641721	1
12	15651007	15647126	0
12	15651007	15647149	0
12	15658154	15654144	5
12	15658586	15657893	0
12	15658586	15658075	0
12	15658586	15658078	0
12	15665893	15662025	1
12	15665893	15665022	1
12	15666506	15665755	2
12	15666523	15662025	0
12	15666523	15665348	2
12	15666523	15665755	2
12	15669468	15666439	0
12	15669537	15666439	0
12	15669826	15669386	0
12	15669826	15669465	1
12	15669826	15669518	1
12	15670924	15669663	0
12	15670924	15669667	0
12	15672505	15670855	0
12	15681303	15670855	0
12	15681303	15670858	0
12	15682973	15670855	0
12	15684303	15670855	0
12	15788011	15682892	0
12	15789371	15682892	0
12	15789382	15684168	0
12	15789384	15713265	0
12	15789387	15682892	0
12	15789389	15681225	0
12	15789389	15682892	0
12	15789389	15684196	0
12	15789389	15713265	0
12	15789401	15682892	0
12	15789577	15682892	0
12	15813753	15713265	0
12	15817111	15813492	0
12	15817111	15813561	0
12	15818064	15789160	0
12	15828373	15682892	0
12	15837725	15682892	0
12	15881200	15682892	0
12	1593039	1587360	1
12	1594166	1565992	0
12	16194454	16188484	0
12	16560539	16548372	0
12	16560539	16548419	0
12	16560539	16548420	0
12	16560539	16548423	0
12	16560539	16549374	0
12	16560539	16550198	1
12	16560539	16550201	1
12	16560539	16550382	1
12	16560539	16550448	1
12	16560539	16550809	0
12	16560539	16550874	0
12	16560539	16550967	0
12	16560539	16551044	0
12	16560539	16551181	0
12	16560539	16551227	0
12	16560539	16551231	0
12	16560539	16551303	0
12	16560539	16551317	0
12	16594262	16560412	0
12	16594335	16560412	0
12	16598968	16594136	0
12	16600722	16560412	0
12	16600861	16600713	0
12	16600869	16560412	0
12	16600869	16560452	0
12	16600869	16560474	0
12	16600869	16560480	0
12	16600869	16560491	0
12	16600869	16560505	0
12	16600869	16594136	0
12	16600869	16594251	0
12	16600869	16598791	0
12	16600869	16598874	0
12	16602197	16600654	0
12	16602294	16600685	0
12	16604850	16600654	0
12	16605057	16600016	0
12	16605380	16600654	0
12	16605914	16600713	0
12	16605971	16600654	0
12	16606133	16560412	0
12	16606133	16594136	0
12	16606133	16597615	0
12	16606133	16600600	0
12	16606133	16600654	0
12	16606133	16600713	0
12	16606532	16600654	0
12	16608001	16600600	0
12	16608028	16600713	0
12	16608089	16600654	0
12	16608215	16600654	0
12	16609825	16606065	0
12	16609890	16606065	0
12	16610038	16600654	0
12	16610090	16600713	0
12	16610095	16600713	0
12	16610527	16606065	0
12	16610595	16600654	0
12	166322	164663	0
12	167708	166855	0
12	1698045	1695829	0
12	17129095	17083530	0
12	1745941	1741196	0
12	174911	175216	0
12	17552892	17509352	0
12	176564	178010	0
12	1795382	1791956	0
12	1795382	1791962	0
12	1795382	1792772	0
12	1795382	1792801	0
12	1795382	1793042	0
12	1795382	1793168	0
12	1795382	1793507	0
12	1795382	1793522	0
12	1795382	1793565	0
12	1795382	1793602	0
12	1795382	1793613	0
12	1795781	1795059	0
12	1795781	1795108	0
12	1795781	1795142	0
12	1795781	1795298	0
12	1795950	1795113	0
12	1797525	1795335	0
12	1797536	1795667	0
12	1797536	1795672	0
12	1797558	1795667	0
12	1797661	1795667	0
12	1799689	1797417	0
12	1799696	1797417	0
12	1800053	1799674	0
12	1800439	1797417	0
12	1800439	1799674	0
12	1800439	1799675	0
12	1800439	1799999	0
12	1800757	1800006	0
12	1801119	1799674	0
12	1801119	1800179	0
12	1801119	1800206	0
12	1801119	1800227	0
12	1801119	1800385	0
12	1801645	1800385	0
12	18084563	18081336	0
12	18084666	18080868	0
12	18084666	18080881	0
12	18084666	18081217	0
12	18084666	18081363	0
12	1810341	1801042	0
12	1810341	1801573	0
12	1810341	1809378	0
12	182397	167619	0
12	182400	167001	0
12	1827595	1827728	0
12	1827631	1827728	0
12	18320108	18285304	0
12	1840820	1810542	0
12	1840820	1811661	0
12	1844530	1840738	0
12	1846690	1844401	0
12	1846690	1844424	0
12	18683632	18683181	0
12	18684280	18683175	0
12	18684280	18683177	0
12	18684280	18683181	0
12	18684280	18683186	0
12	18688219	18683168	0
12	18688219	18684129	0
12	18688219	18685489	0
12	18695038	18688088	0
12	18695045	18688088	0
12	18695079	18688169	0
12	18695080	18688087	0
12	18695080	18688088	0
12	18696267	18694909	0
12	18699951	18696149	0
12	18699951	18696190	0
12	18701569	18699793	0
12	18701569	18699796	0
12	18701591	18699793	0
12	18701777	18699793	0
12	18701777	18701500	0
12	18705285	18701500	0
12	18705316	18701500	0
12	18712911	18701691	0
12	18712987	18701500	0
12	18712987	18705165	0
12	18713826	18712841	0
12	18713826	18712883	0
12	18713826	18712898	0
12	18714748	18712841	0
12	18719614	18712841	0
12	18719633	18712841	0
12	18719633	18712913	0
12	18719633	18713736	0
12	18723543	18719430	0
12	18723543	18719458	0
12	18723546	18719430	0
12	18731119	18723457	1
12	18736329	18705165	0
12	18736329	18723310	0
12	18736329	18730993	0
12	18736345	18705165	0
12	18736345	18712841	0
12	18736345	18713736	0
12	18736345	18719430	0
12	18736345	18723310	0
12	18736749	18736220	0
12	18737470	18736220	0
12	18737510	18705165	0
12	18737510	18723310	0
12	18737510	18735763	0
12	18737510	18736220	0
12	18738013	18736220	0
12	18738013	18737360	0
12	18738013	18737382	0
12	18738013	18737404	0
12	18738016	18737360	0
12	18738027	18737360	0
12	18738040	18737382	0
12	18738056	18737360	0
12	18738058	18737360	0
12	18738101	18737360	0
12	1884322	1882866	0
12	1884880	1884029	0
12	1884882	1882866	0
12	1884882	1884242	0
12	192649	190076	0
12	192649	190085	0
12	192649	190135	0
12	192649	191067	0
12	1936575	1929201	0
12	1949335	1946053	2
12	1949335	1946151	2
12	19518114	19518674	24
12	195328	193276	0
12	1953289	1949085	1
12	1953289	1950035	0
12	1955561	1952415	0
12	1955561	1952776	0
12	196262	195224	0
12	196262	195225	0
12	1965694	1955431	0
12	1965694	1961315	0
12	196883	196123	0
12	196883	196233	0
12	197502	195224	0
12	197502	196769	0
12	197502	196829	0
12	198004	197376	0
12	198932	197899	0
12	198932	197910	0
12	199055	197376	0
12	199059	197899	0
12	199061	197899	0
12	1993392	1952776	0
12	1993392	1967843	0
12	1993392	1991120	1
12	199772	198796	0
12	1997976	1991455	0
12	1997976	1993263	2
12	200784	198670	0
12	200784	198796	0
12	20124500	20120979	0
12	201850	200650	0
12	202783	201227	0
12	202815	201761	0
12	202881	200650	0
12	202881	201761	0
12	203508	202739	0
12	20370263	20361731	0
12	204699	202739	0
12	204699	202791	0
12	204699	202868	0
12	20695613	20695735	0
12	210044	204563	0
12	210569	209772	0
12	210606	209772	0
12	211217	209772	0
12	212111	204563	0
12	212111	209695	0
12	212111	209772	0
12	212111	209890	0
12	212111	210204	0
12	21274587	21264599	0
12	21274587	21269337	0
12	21274587	21269413	0
12	21274587	21269458	0
12	21275425	21273941	0
12	21275425	21274468	0
12	21292337	21274902	0
12	21292337	21275359	1
12	21304574	21301170	0
12	21306989	21304426	0
12	21306989	21304522	0
12	21314682	21306881	0
12	21314682	21306913	0
12	21318924	21306881	0
12	21318924	21311626	0
12	21318924	21314548	0
12	21318924	21314584	0
12	21318924	21314610	0
12	21318924	21314619	0
12	21318924	21314663	0
12	21319580	21318781	0
12	21324682	21318781	0
12	213339	212025	0
12	21334672	21319371	0
12	21334705	21306881	0
12	21334705	21314548	0
12	21334705	21318781	0
12	21334705	21318830	0
12	21334710	21306881	0
12	21334710	21318781	0
12	21334710	21319371	0
12	21334896	21334587	0
12	21334901	21334587	0
12	21334908	21334587	0
12	21334914	21334587	0
12	213546	212025	0
12	213698	212025	0
12	213718	212071	0
12	21374526	21334587	0
12	21374526	21334608	0
12	21395262	21334587	0
12	21395398	21334587	0
12	21395398	21334642	0
12	21395398	21374398	0
12	21395438	21374398	0
12	21403658	21334587	0
12	21403664	21334587	0
12	214038	212025	0
12	214091	212025	0
12	214121	209772	0
12	21417946	21334587	0
12	21418017	21334587	0
12	21448315	21447544	0
12	21471099	21468910	40
12	21471099	21469801	50
12	21471648	21470968	4
12	21483575	21477802	18
12	21486586	21483375	0
12	21486586	21483441	0
12	21486586	21483476	0
12	21490379	21486478	1
12	21491717	21490198	0
12	21491717	21490273	0
12	21491717	21490302	0
12	21491717	21490374	0
12	21506977	21507116	9
12	21539339	21536188	0
12	21539339	21536202	0
12	21540574	21539257	0
12	21542592	21540409	0
12	21558314	21546343	0
12	21559170	21556913	0
12	21559170	21558199	0
12	21635645	21580341	0
12	21637195	21630660	0
12	21637195	21635341	7
12	21637375	21635341	11
12	21638471	21637070	5
12	21638539	21637070	12
12	21642126	21638352	15
12	21642126	21638367	15
12	21644109	21641951	11
12	21647017	21643544	3
12	21647017	21643934	1
12	21647017	21643945	2
12	21647017	21644049	2
12	21654571	21646898	18
12	21654678	21646898	8
12	21657215	21654542	9
12	21657363	21654542	8
12	21657795	21654542	4
12	21657799	21654542	4
12	21657836	21654656	7
12	21657843	21654542	7
12	21657972	21654354	8
12	21737787	21654542	0
12	21773687	21764954	4
12	21774822	21773242	0
12	21775582	21773274	0
12	21806061	21797400	0
12	21806061	21805173	0
12	21829061	21818149	0
12	21887935	21875653	0
12	21887935	21882765	0
12	21894175	21887825	0
12	21926064	21916936	0
12	21926064	21922968	0
12	21926064	21923463	0
12	21926064	21923570	0
12	21926064	21923812	0
12	22066436	22063772	10
12	22069021	22066344	0
12	22070626	22066418	0
12	22117037	22116628	0
12	22118490	22107158	0
12	22150235	22107274	0
12	221547	220620	0
12	221547	220624	0
12	2221696	2220536	0
12	22249047	22223271	0
12	22249099	22104104	0
12	22249099	22150197	0
12	22249099	22193390	0
12	22249099	22200998	0
12	22249099	22201467	0
12	22249099	22201660	0
12	22249099	22201903	0
12	22250788	22249005	0
12	22255390	22248825	0
12	22255390	22249005	0
12	222633	221375	0
12	22268606	22249005	0
12	22287294	22249005	0
12	223235	222531	0
12	223235	222579	0
12	22325933	22324378	1
12	22334164	22287148	0
12	22334672	22325098	2
12	22334701	22325797	1
12	22334715	22287148	0
12	22336201	22287148	0
12	22354326	22324411	0
12	22354784	22354178	0
12	22354784	22354202	0
12	223846	223131	0
12	22398076	22395087	0
12	224130	223131	0
12	224130	223745	0
12	22437042	22354696	0
12	224432	223991	0
12	224514	223991	0
12	224514	224025	0
12	22454043	22448582	8
12	22454043	22449544	16
12	22454043	22449580	16
12	22454043	22449655	16
12	22454043	22449814	5
12	22457162	22453895	13
12	22458556	22456970	22
12	22458586	22456970	16
12	22458865	22456970	25
12	22459543	22456970	15
12	22463915	22460518	12
12	22469796	22456970	16
12	22469796	22459491	9
12	22470912	22469708	0
12	22471489	22470823	0
12	22471489	22470835	0
12	22471489	22470896	0
12	22478478	22474750	0
12	22482744	22478027	2
12	22482744	22478312	0
12	22484889	22482556	1
12	22484889	22482561	1
12	22490183	22484337	0
12	22490219	22484696	0
12	22490219	22484742	0
12	22490219	22484754	0
12	22490219	22484794	0
12	22518138	22513293	0
12	22519240	22513293	0
12	22519240	22518095	17
12	22523625	22513293	0
12	22523625	22517985	7
12	22535345	22527720	0
12	22544180	22535257	0
12	22544190	22534706	0
12	22544254	22535257	0
12	22625016	22609227	0
12	226515	224400	0
12	226515	224467	0
12	226680	224400	0
12	23251500	23181333	0
12	2334162	2332860	0
12	235225	223113	0
12	235225	227564	0
12	23536670	23529499	2
12	23536670	23532297	2
12	23536670	23532351	2
12	23536670	23533682	0
12	23536670	23533786	0
12	23536670	23534033	0
12	23536670	23534047	0
12	23543385	23536452	0
12	23543385	23536529	0
12	23563404	23543210	0
12	23563404	23546315	0
12	23575839	23563257	0
12	23584613	23575660	0
12	23604534	23546315	0
12	23604534	23563315	0
12	23604534	23575658	0
12	23604534	23575660	0
12	23604534	23575812	0
12	23632195	23604386	0
12	23640898	23603920	0
12	23640898	23604386	0
12	237242	235089	0
12	237291	235089	0
12	237291	235193	0
12	23741040	23734683	0
12	23755725	23740850	0
12	23755725	23740866	0
12	238011	236905	0
12	238011	237157	0
12	238310	237149	0
12	238344	237947	0
12	23846194	23755637	0
12	23846194	23762474	0
12	23896025	23845982	0
12	23896025	23845990	0
12	23896025	23845998	0
12	23896027	23845982	0
12	23896028	23845982	0
12	23944353	23895792	0
12	23949593	23920037	0
12	23949648	23895897	0
12	23949662	23895897	0
12	23949704	23895792	0
12	23950908	23895792	0
12	23950921	23895792	0
12	23951033	23895792	0
12	24213418	23845982	0
12	24213418	23895792	0
12	24213418	23895851	0
12	24213418	23895897	0
12	242755	237925	0
12	242766	237925	0
12	24277313	24213342	0
12	24357431	24277215	0
12	24368640	24277215	0
12	24368640	24277249	0
12	24368640	24331285	0
12	243814	237925	0
12	24407567	24367934	0
12	24407567	24368562	0
12	24460777	24368562	0
12	2449235	2440188	0
12	24562488	24368562	0
12	24567790	24566963	0
12	24584169	24571533	0
12	24829898	24810021	0
12	24829898	24814802	2
12	24829898	24814820	2
12	24829898	24817480	0
12	24829898	24817655	0
12	24829898	24817808	0
12	24836597	24832722	0
12	24836597	24833810	0
12	24842225	24836446	0
12	24842225	24836510	0
12	24878650	24849785	0
12	24881399	24878529	0
12	24881412	24878529	0
12	24881412	24878535	0
12	24894476	24878529	0
12	24902389	24901813	1
12	24903076	24901813	0
12	24949044	24901813	0
12	24949050	24894274	0
12	24949062	24945430	12
12	24949087	24894274	0
12	24949460	24901813	0
12	24996068	24993423	0
12	24996340	24995062	0
12	24996340	24995669	0
12	24996340	24995806	0
12	25052350	25052793	0
12	25079463	25079655	0
12	25079463	25079701	0
12	25097588	25096867	0
12	25110241	25108419	0
12	25110241	25108420	0
12	25110241	25108423	0
12	25111940	25110126	0
12	25114871	25111771	0
12	25114871	25111816	0
12	25119302	25114655	0
12	25119302	25114656	0
12	25149693	25114655	0
12	25149775	25123210	0
12	25149775	25147000	0
12	25154457	25149627	0
12	25154457	25149761	0
12	25155413	25154318	0
12	25155413	25154340	0
12	25155413	25154374	0
12	25204008	25204065	2
12	25204008	25204090	2
12	25215561	25209430	0
12	25225774	25204788	0
12	25225774	25215436	0
12	25227413	25225613	0
12	25245396	25209167	0
12	25245396	25227233	0
12	25245396	25233818	0
12	25503801	25409306	0
12	25503801	25476081	0
12	25503801	25476109	0
12	25503801	25476280	0
12	25503801	25497512	0
12	25503801	25499851	0
12	25503801	25502924	0
12	25519962	25518794	0
12	25520076	25518794	0
12	25526157	25519857	0
12	25526219	25519857	0
12	25526219	25519869	0
12	25526956	25519857	0
12	25526956	25526098	0
12	25546555	25526768	0
12	25546555	25526797	0
12	25546555	25526811	0
12	25547352	25546373	0
12	25549547	25546373	0
12	25549547	25546509	0
12	25592926	25585993	0
12	25592929	25586009	0
12	25630751	25549325	0
12	25648545	25549325	0
12	25648555	25546373	0
12	25648563	25526768	0
12	25648580	25582421	0
12	256641	253441	0
12	25801821	25782705	0
12	25814172	25801694	0
12	25834183	25831415	0
12	25885856	25882954	0
12	25947623	25944856	7
12	25953077	25947518	8
12	25955242	25952757	11
12	25955242	25952862	10
12	25955242	25953007	11
12	25956348	25939328	4
12	25956348	25954804	6
12	25956348	25954807	6
12	25956348	25954920	6
12	25956348	25955034	7
12	25956348	25955137	10
12	25956765	25954654	6
12	260058	237925	0
12	260058	243678	0
12	26064713	26064714	94
12	26068924	26071655	103
12	2607441	2603349	0
12	26123742	26120025	2
12	26123769	26122957	0
12	26124180	26123629	1
12	26124583	26123987	1
12	26124583	26124071	1
12	26125582	26125154	2
12	26125753	26125312	2
12	26214778	26211163	0
12	26231986	26230818	0
12	26231986	26230848	0
12	26231986	26231393	0
12	26271823	26231922	0
12	26271921	26231922	0
12	262817	259850	0
12	262837	243678	0
12	262837	259004	0
12	262837	259850	0
12	262874	259850	0
12	26319721	26231922	0
12	26326477	26214716	0
12	26336951	26335863	4
12	26340329	26336514	1
12	26387595	26340166	0
12	26399042	26387433	0
12	26399042	26387541	0
12	26411413	26400127	0
12	26415499	26411212	0
12	26415499	26411319	0
12	26427938	26419048	0
12	26428089	26419048	0
12	26494234	26487067	0
12	26494341	26487067	0
12	26495246	26494034	0
12	26495261	26494152	0
12	26495561	26494205	0
12	26621297	26602616	0
12	26622406	26621122	0
12	26622406	26621181	0
12	26654127	26631865	0
12	26695651	26686480	0
12	26711269	26695601	0
12	26711269	26695605	0
12	26716243	26715751	0
12	2672221	2668499	0
12	26722556	26716143	0
12	26722556	26716161	0
12	26722556	26721286	0
12	26724743	26722396	0
12	26724743	26722437	0
12	2677222	2677732	0
12	26832782	26790156	0
12	26832787	26725649	0
12	26833199	26790156	0
12	2690211	2676000	0
12	26906438	26905180	0
12	26906485	26905184	0
12	2690980	2689897	0
12	2690980	2690139	0
12	2691119	2690806	0
12	2691158	2690806	0
12	2691201	2689862	0
12	26914129	26913456	0
12	26914533	26914045	10
12	26914579	26913973	9
12	26914579	26914019	10
12	26916181	26913973	5
12	26925852	26924354	0
12	26928286	26925760	0
12	26928906	26928204	0
12	26929057	26928253	1
12	26934631	26928702	2
12	26934631	26928715	2
12	26937973	26928702	0
12	26975659	26973194	10
12	26975659	26974153	3
12	26975776	26974095	4
12	26976358	26975495	11
12	26976358	26975555	21
12	26976358	26975576	21
12	26978095	26976259	20
12	26979937	26976259	14
12	26979937	26977951	17
12	26980272	26976329	19
12	26980609	26976259	20
12	26980647	26975495	16
12	26980647	26976261	20
12	26980647	26979783	10
12	26982860	26980565	7
12	26990547	26980565	8
12	26995269	26990449	3
12	26995298	26990449	4
12	26995409	26979901	2
12	26995409	26990449	0
12	26996786	26995236	3
12	26996863	26995234	0
12	26996863	26995236	0
12	26996863	26995239	0
12	26996863	26995300	3
12	26996863	26995360	3
12	26999649	26996741	6
12	26999677	26996741	4
12	26999677	26996850	6
12	26999767	26996782	4
12	27003286	26995236	6
12	27003391	26996741	3
12	27003391	26999525	1
12	27003391	26999703	0
12	27003406	26999588	1
12	27014212	26999525	1
12	27014348	26995236	5
12	27014360	26996741	4
12	27014374	26999525	4
12	2706299	2695764	0
12	27082515	27081057	0
12	27161267	27148282	0
12	27161394	27105150	0
12	2726586	2706251	0
12	27390490	27389788	0
12	27446626	27394423	2
12	27552774	27547049	0
12	27594040	27592460	0
12	2767519	2761199	0
12	27676600	27677063	39
12	27703621	27696387	2
12	27703621	27696555	1
12	27703621	27696900	2
12	27710732	27703460	0
12	27710771	27704737	0
12	2771908	2726469	0
12	2771908	2742625	0
12	27766800	27762737	1
12	27781068	27779820	48
12	27800709	27798640	68
12	2787488	2771852	0
12	2787583	2786930	0
12	2794296	2787363	0
12	2795021	2787341	0
12	27963771	27958083	3
12	27963771	27958089	4
12	27963771	27958269	3
12	27963771	27961667	5
12	2796947	2771852	0
12	27969495	27963347	2
12	27969517	27962321	3
12	27969517	27962327	3
12	27969517	27962586	1
12	27969517	27963347	2
12	27969517	27963355	2
12	27969517	27963562	2
12	27969562	27963347	2
12	27970048	27969393	2
12	27970135	27969393	4
12	27970268	27969393	2
12	27970278	27969393	0
12	27970350	27969393	0
12	2798827	2799087	15
12	2803241	2805167	8
12	2803939	2797135	14
12	2812382	2805133	1
12	2812817	2805130	1
12	2812903	2796876	3
12	28164191	28163297	2
12	28167640	28164068	0
12	2817319	2817908	0
12	28190367	28167542	0
12	2824253	2824681	70
12	2827678	2825347	13
12	2828048	2827624	12
12	2828415	2827925	20
12	2828415	2827949	15
12	2830861	2828331	11
12	2830861	2828345	11
12	2834842	2830707	4
12	2834949	2830707	5
12	2835025	2830707	3
12	2855447	2849038	7
12	2857479	2857631	4
12	2858332	2859533	213
12	2861413	2857682	132
12	286208	285455	3
12	2864496	2857680	73
12	2864496	2857682	73
12	2864496	2857683	73
12	2864496	2859487	67
12	2864496	2861298	64
12	2864711	2863748	28
12	2864753	2864319	15
12	2864753	2864431	25
12	2864756	2864319	15
12	2864855	2857680	54
12	2865400	2864319	23
12	2865400	2864682	19
12	2865400	2864884	23
12	2866522	2864319	17
12	2866522	2864682	9
12	2868582	2866392	4
12	2868755	2866392	5
12	2872245	2868562	8
12	2872248	2868230	8
12	2872248	2868562	8
12	2874215	2868562	22
12	2874526	2868562	3
12	28825832	28821974	0
12	29148676	29143195	0
12	29282361	29280417	0
12	29307970	29301631	0
12	29308045	29293065	0
12	293170	280128	2
12	29341762	29341017	3
12	29341817	29337351	13
12	29341817	29337355	13
12	29341817	29340856	3
12	29341817	29341019	3
12	29341866	29341032	3
12	29343283	29341733	5
12	29345541	29343119	2
12	29345558	29343244	1
12	29349159	29345442	2
12	29349178	29345442	2
12	29350069	29349078	1
12	29350069	29349100	1
12	29350069	29349144	1
12	29356478	29349078	0
12	29356478	29350012	0
12	29357669	29356381	0
12	29357725	29349078	0
12	29357725	29350012	0
12	29357725	29356381	0
12	29357725	29356427	0
12	29370169	29368240	0
12	29370223	29368240	0
12	29371613	29370113	0
12	29371671	29368240	0
12	29371671	29370113	0
12	2939425	2940021	42
12	2939425	2940194	43
12	2939425	2940529	38
12	2940082	2940194	37
12	29412726	29412473	0
12	29433814	29427570	0
12	29443501	29423126	0
12	29443501	29439327	0
12	29443501	29440530	0
12	29464703	29461853	0
12	29465220	29464506	0
12	29487883	29486245	0
12	29512121	29500839	0
12	29512121	29505598	0
12	29512121	29505698	0
12	29512121	29505976	0
12	29512121	29505981	0
12	29512121	29506795	0
12	29536318	29520617	0
12	29557001	29532567	0
12	29557001	29536208	0
12	29572219	29556856	0
12	29572219	29568720	0
12	29583575	29556856	0
12	29583575	29572104	0
12	29583575	29572183	0
12	29659984	29633146	0
12	29751873	29633146	0
12	30232853	30230778	0
12	30232861	30230784	0
12	30296665	30288408	0
12	30296684	30244334	0
12	30296708	30294446	0
12	30632012	30628987	19
12	30632012	30630471	28
12	30634287	30631625	5
12	30634287	30631894	9
12	30669283	30666174	0
12	30671097	30669182	0
12	30671097	30669267	0
12	30680639	30676497	0
12	30681818	30680371	0
12	30681818	30680481	0
12	30681818	30680521	0
12	30684458	30681658	0
12	30686660	30684336	0
12	30688747	30684300	0
12	30688757	30684300	0
12	30688759	30686320	2
12	30688760	30686523	1
12	30690549	30684300	0
12	30690578	30684300	0
12	30690578	30684434	1
12	307090	297040	0
12	30711630	30709551	48
12	30711630	30709552	48
12	30711630	30709553	48
12	30711630	30710339	53
12	30715082	30713784	22
12	30715142	30713784	22
12	30715145	30713784	22
12	30716677	30713784	25
12	30716677	30714958	113
12	30719226	30716289	17
12	30719226	30716507	18
12	30719226	30716622	22
12	30720916	30714958	15
12	30720916	30716507	40
12	30723315	30716507	44
12	30728779	30725965	1
12	30729326	30725965	1
12	30730283	30728378	0
12	30730283	30728647	1
12	30730283	30728667	2
12	30731511	30730238	3
12	30733712	30731342	2
12	30735015	30733628	3
12	30735148	30730238	1
12	30735207	30731342	3
12	30735207	30731469	5
12	30735207	30733628	3
12	30735207	30733659	3
12	30735207	30733706	3
12	30741107	30734954	1
12	30741107	30734967	1
12	30741107	30734975	1
12	30741107	30735153	2
12	30741107	30735175	1
12	30751134	30734967	0
12	307774	306893	0
12	30800022	30800533	17
12	308006	306945	1
12	30986840	30978363	3
12	30988587	30986775	1
12	30996053	30986733	0
12	309965	307453	0
12	30997504	30995986	1
12	30997504	30997037	1
12	30999305	30988463	0
12	30999305	30997253	1
12	30999305	30997410	0
12	31005907	30999186	2
12	31005921	30999186	2
12	31005973	30998915	2
12	31005987	30999186	2
12	31006011	30999186	2
12	31060751	31050915	0
12	31060771	31020762	0
12	31073508	31060589	0
12	31073848	31060659	0
12	31089152	31089402	60
12	31089152	31089885	79
12	31089491	31089839	122
12	31089491	31089885	122
12	31089491	31089890	119
12	31103732	31103806	164
12	31105439	31105104	18
12	311065	309802	0
12	311065	309890	0
12	31112289	31111651	0
12	31113084	31111656	0
12	31113084	31111658	0
12	31113084	31112111	0
12	31113084	31112235	0
12	311215	309893	0
12	31131525	31130507	0
12	31132329	31131350	0
12	31132329	31131454	0
12	31159055	31157985	0
12	31170505	31158885	0
12	31170505	31158896	0
12	31172961	31172322	0
12	31173575	31172815	0
12	31173575	31172905	0
12	31287785	31280583	1
12	31287785	31282061	4
12	31287785	31282638	1
12	31287785	31282687	0
12	31293932	31287633	2
12	31293932	31287736	4
12	31293932	31287759	4
12	31324163	31298076	0
12	31325495	31298076	0
12	31326117	31287633	1
12	31326129	31303494	0
12	31326200	31295233	0
12	31326373	31298076	0
12	31327059	31298076	0
12	31369302	31363480	0
12	31389499	31382222	0
12	31389499	31387392	0
12	31398363	31392613	0
12	31424688	31423596	0
12	31426425	31424534	0
12	31426752	31424568	0
12	31433249	31426292	0
12	31442926	31432374	0
12	31442926	31433154	0
12	31447770	31442774	2
12	31452477	31447537	1
12	31460382	31451701	0
12	31460382	31451939	0
12	31480256	31460193	0
12	31495903	31479588	0
12	31495920	31460238	0
12	31495920	31479588	0
12	31495920	31480128	0
12	31541032	31495809	0
12	31590443	31500392	0
12	31591013	31499605	0
12	31591019	31495809	0
12	31591098	31495809	0
12	31689119	31671136	0
12	31689119	31671944	0
12	31689119	31672169	0
12	31689119	31672277	0
12	31689119	31673551	0
12	31697418	31689006	0
12	31702008	31697739	0
12	31709011	31701998	1
12	31709168	31701867	0
12	31709168	31708569	4
12	31709168	31708917	1
12	31709426	31701862	0
12	31709426	31708957	0
12	31709426	31709052	0
12	31709426	31709079	0
12	31709426	31709091	0
12	31714952	31701862	0
12	31719357	31714881	3
12	31729020	31714881	1
12	31729022	31709292	0
12	31729058	31709292	0
12	31729111	31701862	0
12	31729122	31709292	0
12	31729175	31709292	0
12	31887204	31877078	0
12	32104774	32104116	0
12	32107529	32104675	1
12	32107545	32107661	28
12	32107674	32108644	27
12	322568	320994	0
12	323155	322262	0
12	323207	322416	0
12	32337707	32338785	11
12	32337817	32338785	8
12	323782	323081	0
12	32640454	32642760	8
12	32642843	32644593	8
12	32740241	32740408	37
12	32747364	32727489	8
12	32750108	32746543	6
12	32750108	32747075	2
12	32750108	32747203	2
12	32792732	32790744	22
12	32792732	32790853	33
12	32792876	32791942	1
12	32802557	32796108	0
12	32821530	32802402	0
12	32821815	32802449	0
12	32822632	32820888	0
12	32822632	32821355	0
12	32822632	32821466	0
12	32869063	32850765	0
12	32896602	32893308	0
12	32896757	32878919	0
12	32896841	32878919	0
12	329030	323599	0
12	329171	323594	0
12	3300225	3296201	0
12	3300993	3298695	0
12	3303404	3298209	0
12	3303404	3298658	0
12	3303404	3300845	2
12	3323453	3325089	0
12	3323513	3307747	3
12	3332393	3307747	0
12	333650	331818	0
12	3337203	3323323	0
12	33379962	33374237	0
12	33379962	33376272	0
12	33407357	33385170	0
12	33408319	33406788	0
12	33424010	33408238	0
12	33426161	33407797	0
12	33426496	33406788	0
12	334329	333067	3
12	33439647	33426137	1
12	33439820	33426137	1
12	334423	333486	1
12	3366123	3307747	0
12	34022745	34023961	5
12	34022771	34023961	5
12	34046418	34022280	3
12	34166424	34164772	0
12	34202583	34191278	0
12	34212022	34202456	0
12	3463587	3462717	0
12	3550092	3552702	0
12	3550092	3553650	0
12	3552835	3553650	0
12	3615440	3606632	33
12	3617031	3614934	0
12	3617031	3615327	0
12	3641839	3633603	3
12	3641839	3638123	0
12	3641839	3640386	3
12	3648614	3644594	2
12	3654224	3648541	1
12	3654400	3644594	1
12	3654400	3647942	1
12	3654400	3648359	1
12	3654400	3648541	0
12	366105	362962	0
12	3733211	3713236	0
12	37530	36601	0
12	3753098	3732941	0
12	3753103	3732941	0
12	3753201	3730885	0
12	3764820	3725911	0
12	3798837	3791046	0
12	38103	36660	0
12	38134	37324	0
12	3814189	3806887	0
12	3814189	3808860	2
12	3814189	3811736	0
12	3814189	3812122	0
12	38205426	38205097	0
12	38207193	38206230	0
12	3829031	3826157	0
12	3830019	3826157	0
12	3830019	3828909	0
12	3830019	3828973	0
12	38317039	38318260	1
12	38317065	38318260	1
12	384154	365933	1
12	384154	366045	2
12	38546478	38544327	0
12	38546509	38544176	0
12	385975	365969	2
12	385975	384030	1
12	3863958	3829889	0
12	38670803	38646821	0
12	38670803	38652184	0
12	38670803	38652357	2
12	38670803	38653370	0
12	38670803	38653833	2
12	38670996	38653961	1
12	38675775	38670728	1
12	38675775	38670756	1
12	38730359	38724845	0
12	38730359	38726358	1
12	3873351	3829889	0
12	3873356	3863835	0
12	3873371	3829889	0
12	3873375	3829889	0
12	3873437	3829889	0
12	3873443	3863835	0
12	3873449	3829889	0
12	38767718	38762111	0
12	38767739	38762111	0
12	38776302	38767634	0
12	38776302	38767690	0
12	389283	334240	0
12	38996883	38994802	0
12	39059400	39058027	0
12	39092683	39087712	0
12	39301680	39293227	4
12	39301680	39293228	4
12	39301680	39293230	4
12	39301680	39294386	4
12	39301680	39294420	4
12	39301680	39294423	4
12	39309767	39307564	1
12	39311554	39309585	3
12	39311554	39309751	5
12	39312827	39309585	3
12	39320014	39311414	0
12	39320014	39311416	0
12	39320014	39315931	0
12	39320014	39318072	0
12	39322883	39319905	0
12	39325894	39319905	0
12	39325894	39319989	0
12	39330263	39326263	2
12	39330912	39326263	0
12	39330912	39330051	1
12	39330912	39330241	2
12	39333108	39332590	0
12	39333281	39332892	0
12	39333281	39333036	0
12	39337204	39332892	0
12	39356896	39351776	0
12	39357288	39356599	0
12	39357438	39356831	0
12	39358374	39357247	0
12	39358374	39357250	0
12	39467346	39466441	0
12	39573842	39550032	0
12	39617169	39607598	0
12	39764613	39755020	0
12	39830229	39764736	0
12	39835761	39830124	0
12	39864883	39829407	0
12	39864883	39830102	0
12	39951366	39871797	0
12	40028510	39949489	0
12	40028510	39951256	0
12	40105860	40048050	0
12	40106090	40048050	0
12	40189206	40186008	0
12	40223804	40190252	0
12	40365051	40367005	0
12	40365051	40367643	0
12	40367060	40367643	0
12	40367078	40367643	0
12	40398665	40395852	0
12	40443848	40420219	0
12	40522697	40523391	0
12	40524570	40525071	0
12	40525108	40525382	0
12	40525431	40525567	0
12	40527150	40527290	0
12	40527345	40527754	0
12	40531111	40531208	0
12	40531263	40532028	0
12	40532083	40532228	0
12	4118133	4110027	0
12	41412285	41409466	0
12	41412285	41411524	0
12	41932593	41829897	0
12	42097615	42081844	1
12	42097615	42087144	0
12	42161766	42157103	0
12	42161766	42159123	2
12	42161766	42159901	5
12	42161766	42160265	1
12	42161766	42160495	2
12	42161766	42160607	2
12	42172210	42161612	2
12	42199236	42161612	0
12	42199236	42161670	0
12	42199236	42161671	0
12	42199545	42161670	0
12	42210455	42161612	0
12	42210455	42161627	0
12	42210455	42161652	0
12	42210455	42161689	0
12	42210455	42161748	0
12	42210620	42161612	0
12	42235756	42210547	0
12	42237513	42161612	0
12	42237725	42161612	2
12	42237725	42199135	0
12	42237725	42210354	2
12	42237725	42210547	3
12	42237725	42212443	0
12	42237725	42231223	2
12	42237725	42235613	2
12	42237784	42235641	2
12	42237801	42161698	0
12	42237801	42199135	0
12	42238288	42161612	0
12	42238304	42210547	0
12	42313766	42312077	2
12	42313766	42312930	2
12	42313987	42313689	0
12	42324105	42322417	2
12	42325998	42325352	7
12	42326088	42324067	3
12	42326095	42323879	2
12	42326106	42324018	2
12	42326119	42322417	2
12	42432302	42431664	1
12	42442742	42445046	60
12	42442742	42445972	58
12	42442742	42445990	58
12	42442742	42446065	68
12	42442742	42446591	61
12	42446291	42446591	16
12	42465081	42463621	20
12	42465259	42456756	0
12	42465259	42456762	0
12	42465259	42458359	3
12	42465259	42458371	3
12	42465259	42458396	3
12	42465259	42458824	2
12	42465259	42458828	3
12	42465259	42458950	5
12	42465259	42459264	3
12	42465259	42459279	3
12	42466381	42464394	0
12	42466392	42465136	1
12	42468830	42466193	3
12	42469588	42468625	1
12	42469588	42468722	2
12	42469661	42468625	1
12	42470360	42469449	0
12	42470360	42469476	0
12	42470360	42469504	0
12	42470360	42469837	0
12	42483986	42470245	0
12	42483986	42472384	0
12	42483994	42472384	0
12	42483996	42472384	0
12	42484299	42483757	1
12	42484307	42472384	1
12	42484342	42483757	0
12	42484445	42472384	0
12	42490020	42485352	0
12	4251545	4248781	0
12	4251545	4248793	0
12	4253186	4251439	0
12	4253819	4248793	0
12	4254204	4251439	0
12	42550330	42472384	0
12	42584481	42472384	0
12	42589284	42472384	0
12	42589677	42472384	0
12	42589745	42483812	3
12	42589747	42472384	0
12	42589747	42524754	0
12	42589771	42472384	0
12	42590356	42472384	0
12	42629687	42615502	0
12	42643425	42634280	0
12	4275066	4252734	0
12	4275459	4252366	0
12	4275478	4252534	0
12	4276185	4248764	0
12	42989848	42979253	0
12	4324592	4323723	0
12	43356589	43353865	0
12	43425691	43399065	0
12	43425691	43422818	0
12	43425691	43423575	0
12	43561298	43560783	0
12	4372698	4368226	0
12	43731759	43718992	15
12	43731759	43728606	8
12	43731759	43729257	4
12	43731759	43729762	3
12	43738392	43736380	1
12	43742556	43738309	0
12	43742556	43738332	0
12	43742556	43738352	0
12	4374409	4370641	0
12	43746239	43742456	0
12	43748610	43746045	0
12	43748610	43746213	0
12	43755262	43748449	2
12	43758608	43754866	0
12	43758759	43754335	0
12	43758760	43748449	0
12	43758760	43754335	0
12	43758760	43755216	0
12	43758768	43754335	0
12	43758774	43754335	0
12	43758794	43748449	0
12	43758818	43754335	0
12	43773043	43773044	7
12	43797098	43793722	10
12	43797098	43793724	10
12	43797098	43795492	29
12	43797098	43795555	18
12	43797453	43796975	5
12	43797834	43797301	2
12	43797852	43797301	1
12	43799503	43797707	4
12	43799503	43798564	4
12	43800531	43799397	3
12	43800531	43799416	3
12	43800531	43799461	3
12	43802465	43800434	5
12	43802465	43800473	8
12	43804241	43802283	4
12	43804241	43802285	4
12	43804573	43802285	2
12	43804573	43804175	2
12	43805638	43804494	1
12	43805886	43804494	1
12	43806003	43804494	1
12	43806250	43804494	1
12	43806256	43804152	0
12	43806263	43804494	1
12	43806301	43802285	0
12	43806329	43804494	1
12	43806376	43804494	1
12	44263983	44244393	0
12	4428716	4428154	0
12	4444220	4428155	0
12	4444237	4434142	0
12	44520230	44508274	0
12	44520230	44508277	0
12	44520230	44508281	0
12	44520230	44508534	0
12	44520230	44508602	0
12	44520230	44508627	0
12	44522177	44520004	0
12	44523485	44521999	0
12	44523636	44521961	0
12	44532622	44522776	0
12	44532722	44523290	0
12	44607265	44523290	0
12	44607265	44532514	0
12	44607265	44532580	0
12	44610971	44607168	0
12	44665610	44610847	0
12	44665610	44610909	0
12	44703781	44665483	0
12	44703855	44665435	0
12	44703855	44665483	0
12	44774850	44714649	0
12	44776151	44714649	0
12	44776151	44774608	0
12	44776151	44774746	0
12	44776151	44774761	0
12	44776151	44774777	0
12	44779760	44777241	0
12	44780023	44779662	0
12	44780023	44779687	0
12	44816137	44779848	0
12	44851848	44815985	0
12	44875354	44815908	0
12	44875354	44815985	0
12	44875469	44815985	0
12	44875640	44875224	0
12	44875655	44875224	0
12	44875813	44875224	0
12	44875901	44875224	0
12	44875901	44875341	0
12	44876017	44875224	0
12	44876287	44874998	0
12	44876316	44875224	0
12	44876375	44875224	0
12	44881840	44875814	0
12	4490590	4487727	2
12	4490590	4489414	2
12	4490590	4489794	1
12	44913929	44875814	0
12	44921849	44875814	0
12	4500341	4491176	3
12	45023895	45014671	0
12	4502483	4500137	0
12	4505381	4500137	0
12	4505381	4500314	0
12	4517107	4505305	4
12	4517190	4505305	3
12	45176434	45173063	9
12	4518256	4517060	2
12	4518256	4517091	2
12	4518256	4517105	2
12	45190962	45176426	0
12	45216007	45176240	0
12	45216027	45176033	0
12	45216042	45190793	0
12	4525376	4518057	0
12	4525376	4518773	2
12	4525584	4524934	0
12	4525584	4525253	0
12	4529896	4525483	0
12	4530051	4525483	0
12	4530051	4525516	0
12	4534303	4525483	0
12	4534303	4529868	0
12	4536083	4534156	0
12	4536212	4534156	0
12	4536220	4534044	0
12	4536220	4534156	0
12	4538444	4534156	0
12	4538505	4534156	0
12	4538509	4534156	0
12	45518412	45481870	0
12	45600785	45519053	0
12	45610591	45600663	0
12	45610621	45600141	0
12	45893544	45893629	0
12	45922583	45919130	47
12	45922583	45921408	85
12	45922583	45922047	28
12	45923101	45922462	29
12	45923155	45922355	31
12	45923155	45922462	29
12	45925075	45922935	20
12	45926711	45924946	166
12	45928860	45924727	148
12	45929966	45924727	32
12	45931613	45926141	1
12	45931613	45926715	8
12	45931613	45928783	1
12	45933173	45930949	0
12	45933233	45931505	0
12	45945314	45934446	1
12	45948531	45945083	0
12	45948538	45945248	0
12	45951728	45948436	0
12	45951728	45948529	0
12	45951753	45948436	0
12	45961858	45948436	8
12	45961858	45951649	1
12	45961858	45954733	4
12	45961858	45960454	6
12	45964189	45951649	3
12	45964189	45961406	0
12	45964189	45961695	0
12	45964189	45961699	0
12	46197818	46183062	17
12	46197818	46187800	20
12	46197818	46188564	31
12	46197818	46195724	14
12	46197818	46196126	12
12	46198022	46197377	7
12	46198061	46197719	0
12	46198744	46197918	0
12	46201199	46198624	0
12	46201199	46198727	0
12	46207622	46207154	0
12	46209128	46207528	0
12	46209128	46207582	0
12	46229269	46209053	0
12	46229640	46229152	0
12	46229640	46229231	0
12	46239894	46229563	0
12	46239896	46229563	0
12	46268807	46229563	0
12	46268996	46239678	1
12	46268998	46254813	1
12	46269013	46243199	0
12	46269044	46229563	0
12	46269120	46243199	0
12	46269131	46239678	1
12	46269952	46268864	0
12	46270018	46268859	0
12	4628806	4615507	0
12	4628806	4615508	0
12	4636141	4635348	0
12	46362382	46358188	63
12	46362382	46358480	557
12	46362382	46359384	219
12	46362382	46361110	77
12	46362382	46361117	78
12	46362543	46361852	77
12	46362562	46360959	75
12	46362639	46362283	62
12	46362639	46362289	65
12	46362639	46362324	57
12	46362905	46362283	78
12	46363146	46362493	72
12	46363827	46362493	71
12	46363827	46363020	87
12	46363827	46363114	70
12	46364554	46363923	19
12	46364557	46363923	19
12	46364703	46364388	64
12	46364703	46364441	82
12	46364743	46363923	33
12	46364833	46364388	39
12	46365190	46364641	39
12	46365190	46364643	39
12	46365308	46364643	45
12	46370628	46367266	60
12	46370790	46367266	62
12	46370858	46367266	58
12	46370858	46370511	48
12	46371380	46370775	11
12	46371434	46370775	8
12	46372447	46371177	2
12	46372772	46371177	1
12	46372774	46370798	10
12	46372868	46371177	2
12	4638197	4626495	0
12	4638197	4628416	0
12	4638197	4628611	0
12	46386992	46384232	2
12	4642005	4638100	0
12	4642034	4638100	0
12	4645158	4641898	0
12	4645193	4641898	0
12	4645201	4638100	0
12	4649009	4641985	0
12	4649048	4645054	0
12	46768408	46764760	0
12	46768408	46766015	0
12	46768408	46766302	0
12	46779863	46779610	0
12	46780031	46779779	0
12	46784635	46779948	0
12	4703441	4700416	0
12	47079249	47076497	713
12	47079249	47076599	671
12	47079866	47075706	442
12	47138371	47135761	2
12	47206586	47205897	0
12	47206586	47205898	0
12	47206589	47205897	0
12	47206589	47205900	0
12	47209375	47206510	0
12	47209459	47205897	0
12	47209459	47205901	0
12	47209459	47206378	0
12	47209459	47206510	0
12	47209483	47205900	0
12	47209483	47206510	0
12	47210738	47209280	0
12	47210758	47209280	0
12	47210762	47205897	0
12	47210762	47205900	0
12	47210762	47206510	0
12	47210762	47209280	0
12	47216201	47206510	1
12	47216201	47210639	0
12	47216250	47210639	0
12	47216265	47205940	0
12	47216265	47208419	0
12	47216265	47210639	0
12	47216435	47210639	1
12	47279022	47237733	0
12	47664844	47663289	21
12	47667081	47661248	12
12	47667081	47663291	21
12	47667081	47663292	21
12	47696404	47690517	0
12	47697702	47695941	0
12	47697720	47696275	0
12	47701605	47697596	1
12	47701605	47700014	8
12	47702817	47701463	3
12	47702847	47701190	3
12	47702847	47701463	3
12	47706027	47701463	2
12	47711776	47709733	0
12	47711776	47709744	0
12	47711776	47710453	0
12	47716500	47713274	0
12	47717059	47716299	0
12	47717059	47716378	0
12	47718195	47717517	0
12	47720876	47718128	0
12	47725535	47717517	0
12	47725568	47718128	0
12	47738094	47734366	2
12	47738094	47734671	1
12	47738094	47737243	0
12	47738094	47737245	0
12	47738094	47737255	0
12	47738094	47737256	0
12	47738094	47737539	0
12	47738248	47738021	0
12	47738755	47738192	0
12	47738755	47738195	0
12	47739231	47738689	0
12	47739231	47738743	0
12	47739419	47739142	0
12	47739725	47738689	0
12	47740192	47739142	0
12	47740192	47739166	0
12	47740192	47739370	0
12	47740342	47740140	0
12	47740396	47739458	0
12	47740396	47740140	0
12	47740824	47740140	2
12	47740824	47740304	7
12	47741041	47740304	2
12	47741041	47740641	0
12	47741603	47740914	0
12	47741899	47740914	1
12	47742293	47740914	1
12	47743677	47741504	6
12	47744069	47741504	1
12	47744907	47743529	3
12	47746900	47743986	1
12	47747627	47744452	0
12	47747627	47746856	0
12	47747627	47746859	0
12	47747863	47747543	4
12	47747910	47747543	10
12	47748153	47747711	7
12	47748153	47747718	7
12	47748913	47747711	3
12	47749991	47749389	0
12	47749991	47749740	0
12	47750426	47749929	0
12	47750426	47749952	0
12	47751217	47750340	1
12	47751521	47751047	0
12	47751521	47751169	0
12	47758079	47750340	0
12	47758079	47751915	1
12	47758184	47751915	1
12	47758188	47752561	3
12	47771035	47757865	6
12	47771041	47757865	3
12	47780290	47782217	38
12	47784218	47782721	60
12	47784218	47782725	60
12	47784218	47783515	60
12	47784218	47783637	60
12	47784218	47783650	29
12	47784218	47783673	32
12	47784218	47783720	35
12	47784218	47783799	42
12	47784218	47783840	37
12	47785382	47784078	66
12	47785472	47782725	76
12	47785472	47784078	71
12	47785472	47784694	84
12	47785886	47784078	23
12	47785886	47785386	26
12	47786668	47785710	15
12	47786704	47785450	15
12	47786704	47785751	15
12	47788165	47787711	4
12	47788170	47786584	9
12	47788952	47788095	11
12	47789349	47788044	13
12	47789349	47788834	17
12	47789921	47788044	6
12	47791309	47789522	13
12	47791309	47789812	42
12	47791309	47790376	43
12	47791707	47789812	1
12	47794934	47793368	2
12	47795381	47794759	2
12	47795381	47794835	22
12	47795381	47794868	22
12	47795605	47794806	44
12	47795611	47795183	41
12	47795768	47795183	35
12	47795768	47795376	60
12	47795851	47795183	38
12	47796017	47795183	13
12	47796017	47795586	13
12	47796299	47795586	13
12	47796299	47795666	14
12	47797143	47795586	10
12	47797143	47796206	6
12	47797143	47796214	6
12	47797428	47797016	2
12	47797428	47797106	1
12	47797428	47797117	1
12	47797493	47797016	1
12	47797500	47795586	4
12	47797500	47797016	1
12	47798190	47797383	0
12	47798220	47797016	0
12	47798220	47797383	0
12	47798220	47797429	0
12	47798653	47798107	0
12	47798653	47798113	0
12	47798653	47798117	0
12	47798653	47798187	0
12	47798973	47798559	3
12	47798973	47798561	3
12	47798973	47798639	3
12	47799141	47798561	1
12	47819143	47802223	3
12	47819263	47802223	3
12	47819786	47802223	0
12	47819867	47802223	2
12	47819876	47802223	2
12	47819884	47798561	0
12	47819887	47798784	2
12	47819962	47798784	2
12	47820574	47798784	0
12	47820602	47798784	1
12	47820613	47802223	0
12	47833133	47802223	0
12	47846452	47841536	0
12	47846452	47841538	0
12	47846452	47842627	14
12	47846452	47844469	0
12	47855802	47846656	0
12	47857250	47855629	0
12	47857250	47855633	0
12	47857689	47857128	0
12	47865178	47857503	0
12	47865178	47857647	0
12	47865178	47857660	0
12	47905004	47882693	0
12	47905017	47899836	0
12	47905023	47878815	0
12	47905023	47882693	0
12	47905032	47899836	0
12	47905041	47899836	0
12	47943049	47882693	0
12	47965346	47965837	41
12	47965346	47966088	49
12	47965998	47966088	51
12	47974332	47972964	0
12	47974332	47973200	0
12	47974332	47973406	0
12	47975606	47974674	0
12	47976071	47975316	0
12	47976071	47975352	0
12	47981397	47980914	0
12	47981830	47981342	0
12	47997708	47996547	0
12	47997925	47997605	0
12	47997925	47997614	0
12	47998202	47998031	0
12	47998432	47998168	0
12	47998860	47998168	0
12	48000126	47998414	0
12	48001095	47999918	0
12	48004363	48002621	0
12	48004450	48000984	0
12	48004487	47999918	0
12	48004507	47998414	0
12	48004555	47999696	0
12	48005730	48005276	0
12	48008651	48007980	0
12	48011228	48006054	0
12	48025383	48019770	0
12	48046449	48045321	0
12	48046452	48042897	8
12	48046452	48042973	5
12	48046452	48045321	0
12	48047063	48045321	0
12	48063842	48048928	0
12	48065221	48063630	0
12	48065221	48063709	0
12	48083763	48074689	0
12	48083763	48080083	0
12	48083763	48080092	0
12	4808642	4806541	0
12	48088961	48083590	0
12	48088961	48083694	0
12	48089294	48088800	0
12	48096428	48088552	0
12	48096428	48088800	0
12	48098035	48096342	0
12	48098125	48096342	0
12	48099155	48097993	0
12	48101473	48097993	0
12	48101517	48097736	0
12	48101517	48097993	0
12	48122654	48122766	0
12	48122678	48122766	0
12	48131394	48131678	3
12	48135039	48135290	39
12	48141828	48141913	11
12	48150141	48149528	23
12	48150141	48149791	10
12	48150171	48149838	11
12	48151306	48147787	8
12	48151306	48147788	8
12	48151306	48149608	9
12	48151306	48149802	7
12	48151306	48149850	8
12	48151306	48149860	9
12	48151306	48149890	9
12	48151306	48149895	9
12	48151306	48149919	9
12	48151306	48150086	7
12	48151387	48149456	8
12	48151666	48151200	8
12	48153526	48150915	15
12	48153526	48151200	5
12	48153526	48151564	10
12	48153530	48150917	14
12	48153530	48151200	5
12	48153530	48151564	10
12	48153530	48151593	11
12	48153530	48151609	11
12	48153926	48151281	8
12	48157503	48151200	8
12	48157503	48151564	5
12	48157516	48151200	8
12	48157516	48151564	5
12	48157521	48149429	6
12	48157592	48151200	4
12	48157592	48151564	4
12	48157596	48151200	4
12	48157596	48151564	4
12	48181214	48157458	0
12	48233777	48231097	0
12	48344713	48337179	1
12	48344713	48340007	1
12	48344713	48342420	0
12	48344713	48342555	0
12	48344774	48343460	0
12	48345368	48344420	0
12	48345475	48344598	0
12	48347344	48344598	0
12	48347344	48345344	0
12	48347344	48345382	0
12	48347344	48345427	0
12	48348116	48344650	0
12	48348116	48347148	0
12	48348116	48347251	0
12	48348116	48347296	0
12	48486682	48483286	0
12	48500962	48486467	0
12	48568593	48567683	0
12	48569241	48567687	0
12	48569241	48568516	0
12	48655061	48653400	17
12	48655061	48653401	17
12	48655061	48653415	17
12	48655061	48653688	23
12	48655061	48653709	23
12	48655061	48653833	19
12	48655061	48653868	17
12	48655061	48653888	17
12	48658675	48654940	14
12	48660620	48654940	15
12	48660620	48654952	18
12	48662655	48654940	14
12	48667790	48654940	14
12	48667790	48660365	10
12	48667790	48660467	11
12	48667790	48662559	7
12	48671963	48669105	0
12	48679151	48671798	1
12	48679151	48671918	1
12	48679239	48671798	1
12	48679694	48671798	0
12	48679834	48671798	0
12	48679834	48679035	0
12	48680059	48671857	0
12	48681417	48679654	0
12	48681611	48679654	0
12	48681642	48679654	0
12	48681642	48679760	0
12	48682066	48681381	1
12	48682066	48681423	1
12	48682159	48681381	0
12	48682212	48681381	1
12	48682226	48679654	0
12	48682226	48681381	1
12	48682237	48681223	0
12	48682239	48681570	0
12	48695830	48688457	85
12	48695830	48688463	85
12	48695830	48693032	11
12	48695978	48693929	8
12	48698184	48695758	12
12	48698184	48695998	15
12	48698184	48697952	7
12	48705897	48701012	0
12	48714521	48705623	0
12	48714525	48705767	0
12	48766465	48766881	70
12	48769062	48766193	46
12	48769062	48766197	46
12	48769062	48766328	33
12	48771974	48768936	10
12	48771974	48770765	9
12	48772340	48771742	22
12	48772425	48770765	12
12	48772425	48771256	14
12	48772425	48771709	21
12	48774025	48773468	9
12	48774099	48772507	3
12	48774099	48773468	11
12	48774497	48773468	12
12	48774507	48773942	13
12	48774519	48772507	9
12	48774519	48773468	12
12	48774519	48773939	12
12	48776351	48775962	0
12	48776485	48776208	0
12	48776587	48776208	1
12	48776587	48776293	3
12	48777737	48777103	3
12	48777737	48777409	3
12	48778186	48777614	5
12	48778258	48777614	3
12	48778425	48777671	5
12	48824734	48824948	4
12	48824734	48825162	4
12	48824969	48825162	6
12	48831317	48829763	3
12	48832187	48831141	22
12	48832187	48831213	31
12	48832574	48831828	15
12	48832574	48832077	11
12	48832821	48832002	15
12	48832916	48832077	12
12	48833346	48832421	11
12	48833520	48832421	11
12	48833520	48832507	13
12	48833562	48832522	11
12	48834498	48833276	7
12	48834761	48833276	7
12	48835215	48834319	23
12	48836267	48834319	17
12	48836267	48834457	17
12	48836267	48835119	17
12	48836681	48836120	13
12	48836795	48836120	12
12	48836795	48836175	14
12	48837038	48830056	9
12	48837038	48836120	12
12	48837038	48836568	12
12	48837038	48836771	6
12	48837333	48836641	13
12	48837394	48836893	13
12	48837394	48837025	13
12	48837658	48836893	15
12	48837658	48837280	27
12	48837701	48836893	21
12	48838062	48837280	18
12	48838081	48836568	17
12	48838081	48837291	17
12	48838081	48837523	21
12	48839856	48837941	0
12	48839910	48837532	0
12	48839910	48837941	0
12	48839910	48838014	0
12	48839910	48839486	0
12	48840107	48839843	0
12	48840152	48839843	0
12	48844051	48839843	0
12	48844051	48840012	0
12	48844051	48840128	0
12	48858242	48857144	0
12	48861132	48857144	0
12	48861132	48857994	0
12	48861132	48858096	0
12	48862119	48857685	0
12	48862119	48860996	0
12	48862119	48861029	0
12	48862211	48860996	0
12	48864871	48860996	0
12	48923853	48921958	72
12	48923853	48921976	75
12	48923853	48922564	75
12	48923853	48923125	60
12	48923975	48921959	69
12	48924257	48923241	45
12	48924257	48923762	31
12	48924257	48923781	31
12	48924616	48924222	24
12	48924649	48921960	43
12	48924649	48923938	29
12	48924649	48924222	28
12	48924730	48924222	34
12	48924789	48924222	38
12	48924968	48924560	43
12	48925112	48924560	23
12	48925123	48924560	23
12	48925157	48924560	22
12	48925167	48924560	18
12	48925486	48925045	44
12	48925493	48925045	44
12	48925511	48924825	43
12	48925511	48925045	53
12	48925512	48925045	53
12	48925521	48925045	54
12	48925828	48925045	54
12	48939109	48921962	8
12	48939664	48938950	8
12	48939780	48903502	5
12	48939780	48935722	105
12	48939780	48938553	7
12	48939780	48938924	8
12	48940108	48939654	0
12	48940108	48939731	0
12	48941189	48939654	1
12	48941189	48939996	1
12	48941189	48940103	1
12	48941578	48940947	2
12	48953275	48940947	0
12	48955761	48941123	3
12	48956198	48953112	3
12	48956351	48941093	5
12	48956441	48940974	5
12	48956493	48955694	1
12	48957070	48940947	3
12	48957206	48956097	1
12	48957366	48940947	4
12	48957379	48956097	1
12	48957446	48938420	3
12	48957446	48941567	2
12	48957463	48956151	2
12	48957478	48940947	1
12	48957552	48940947	0
12	48968007	48965404	4
12	48968007	48965555	15
12	48968320	48965339	4
12	48968320	48967945	26
12	48969145	48968295	15
12	48970352	48967945	4
12	48970352	48968148	6
12	48970352	48968202	8
12	48970352	48969109	6
12	48970570	48970088	0
12	48970570	48970119	0
12	48970653	48970119	0
12	48970757	48970088	0
12	48981355	48981387	0
12	48995355	48996260	9
12	48999310	48995148	0
12	49003007	49002273	72
12	49003291	49002277	23
12	49003291	49002280	23
12	49003291	49002311	23
12	49003291	49002613	23
12	49003291	49002639	23
12	49003291	49002964	22
12	49003291	49002968	22
12	49003923	49003143	7
12	49003923	49003557	13
12	49004634	49003756	14
12	49004634	49003761	15
12	49004634	49003771	22
12	49004634	49003879	31
12	49005019	49003756	9
12	49005019	49003809	27
12	49005019	49004506	4
12	49005019	49004571	4
12	49005166	49004223	6
12	49005166	49004506	3
12	49005166	49004963	3
12	49005365	49005119	6
12	49005365	49005130	8
12	49005365	49005137	8
12	49005392	49005119	7
12	49005544	49005119	18
12	49005544	49005305	21
12	49005544	49005310	21
12	49005593	49005305	22
12	49005830	49005305	17
12	49005836	49005461	23
12	49005853	49005305	20
12	49005853	49005461	24
12	49005882	49005461	25
12	49008600	49005742	20
12	49013111	49005305	15
12	49013111	49005461	17
12	49013111	49005667	30
12	49013111	49005742	23
12	49013111	49005794	18
12	49013111	49008425	20
12	49016840	49013061	4
12	49017551	49013061	2
12	49018416	49016606	3
12	49018744	49013061	1
12	49018749	49013061	1
12	49018751	49013061	1
12	49018758	49017156	2
12	49018765	49013061	3
12	49018776	49013061	3
12	49018778	49013061	3
12	49018780	49013061	3
12	49018787	49012612	1
12	49018788	49013061	3
12	49018808	49016606	3
12	49018826	49013061	3
12	49022152	49018974	45
12	49022152	49021577	16
12	49030440	49029400	0
12	49030769	49030279	3
12	49031034	49030279	3
12	49031034	49030600	3
12	49037297	49035574	1
12	49038990	49034811	1
12	49039300	49038467	12
12	49039359	49037124	54
12	49043187	49042740	0
12	49043429	49043075	0
12	49043699	49043077	0
12	49043783	49043362	0
12	49043999	49043634	0
12	49054417	49053977	0
12	49054752	49054306	0
12	49054752	49054379	1
12	49065432	49064684	7
12	49065432	49064685	7
12	49065432	49064701	7
12	49066533	49066230	2
12	49066702	49066475	10
12	49066702	49066491	10
12	49091390	49086655	2
12	49091390	49089420	3
12	49094802	49091127	1
12	49094820	49091127	0
12	49097740	49097156	4
12	49098106	49096550	3
12	49098106	49097135	4
12	49098106	49097136	4
12	49098106	49097141	4
12	49098106	49097157	4
12	49098106	49097326	4
12	49098106	49097565	6
12	49098106	49097673	2
12	49098106	49097699	4
12	49100455	49097144	3
12	49100455	49097943	0
12	49100455	49098001	4
12	49100647	49100387	11
12	49100733	49100387	11
12	49101264	49100555	18
12	49101264	49100599	17
12	49101324	49097943	5
12	49101324	49100387	17
12	49101324	49100555	16
12	49101502	49100758	13
12	49101550	49100387	7
12	49101550	49100555	10
12	49101550	49101102	6
12	49101550	49101168	5
12	49101550	49101249	5
12	49101659	49101128	6
12	49102177	49101471	8
12	49102197	49101450	8
12	49102197	49101471	8
12	49102344	49101471	6
12	49102377	49102119	4
12	49102541	49101919	3
12	49102541	49102292	2
12	49102541	49102352	2
12	49102952	49102467	1
12	49102952	49102475	1
12	49103121	49102886	0
12	49103160	49102886	0
12	49103779	49103090	2
12	49103814	49103080	0
12	49103814	49103090	0
12	49103814	49103102	0
12	49104380	49103090	2
12	49104552	49103686	7
12	49104886	49102886	6
12	49104886	49103700	6
12	49104886	49104447	8
12	49104886	49104473	7
12	49104886	49104498	7
12	49104886	49104502	7
12	49105233	49104493	7
12	49105958	49103686	2
12	49105958	49104745	4
12	49105958	49104750	4
12	49106081	49104745	5
12	49106747	49105923	5
12	49107012	49106510	3
12	49107046	49104469	2
12	49107046	49104718	8
12	49107046	49105923	4
12	49107046	49106422	4
12	49107046	49106544	3
12	49107046	49106653	3
12	49107063	49106690	2
12	49109882	49106960	0
12	49110206	49106960	0
12	49110668	49106960	1
12	49110669	49106960	1
12	49110676	49106960	1
12	49110678	49106960	1
12	49110682	49106960	1
12	49110694	49106960	1
12	49110846	49106960	0
12	49110848	49106960	0
12	49110851	49104745	1
12	49110851	49106960	0
12	49110872	49105923	0
12	49110899	49106960	0
12	49110901	49106588	0
12	4912267	4913640	0
12	49128208	49128626	5411
12	49128213	49128635	5307
12	49128939	49128453	4091
12	49129391	49127781	73
12	49129391	49127785	73
12	49129391	49127817	272
12	49129391	49128905	51
12	49129723	49129241	60
12	49129723	49129267	68
12	49129723	49129285	62
12	49129723	49129363	131
12	49130114	49129499	58
12	49130275	49129499	58
12	49130345	49129499	73
12	49130403	49129499	64
12	49131396	49128980	79
12	49131396	49129241	67
12	49131396	49129499	58
12	49131396	49130118	49
12	49131398	49130118	49
12	4913724	4917785	0
12	49186459	49184795	1
12	49186459	49184958	12
12	49186459	49185009	15
12	49186459	49185601	1
12	49186459	49185924	0
12	49186834	49185620	1
12	49186834	49186015	2
12	49186834	49186309	1
12	49186865	49186309	2
12	49187085	49186610	3
12	49187459	49186652	2
12	49188900	49186610	1
12	49188984	49186610	2
12	49189002	49186162	0
12	49189067	49186309	0
12	49189079	49186610	1
12	49189325	49186610	0
12	49264757	49232789	0
12	49273069	49273156	2689
12	49273307	49265155	48
12	49293542	49293723	0
12	49294536	49292630	0
12	49295543	49295638	2
12	49295876	49296177	0
12	49296528	49296888	0
12	49296585	49294447	0
12	49297707	49295259	0
12	49303231	49296715	0
12	49323753	49323844	5
12	49323753	49324211	51
12	49324038	49324154	51
12	49324038	49324230	50
12	49324340	49303805	0
12	49324577	49324146	50
12	49330574	49330660	466
12	49330944	49331213	299
12	49337189	49332410	0
12	49367022	49367519	3
12	49558971	49556543	1
12	49558971	49558294	23
12	49558971	49558300	23
12	49558971	49558301	23
12	49558971	49558319	23
12	49558971	49558362	20
12	49558971	49558503	30
12	49558971	49558572	26
12	49558971	49558642	23
12	49559261	49558478	15
12	49559302	49558842	15
12	49559333	49558842	15
12	49559536	49558842	17
12	49559536	49559213	16
12	49559781	49559452	27
12	49559822	49559452	25
12	49559968	49559728	8
12	49559968	49559737	7
12	49563547	49563000	2
12	49564591	49563437	1
12	49564591	49563486	0
12	49564896	49564480	11
12	49565668	49564736	8
12	49565680	49564762	9
12	49566216	49565528	5
12	49566842	49559012	13
12	49566842	49565528	5
12	49566842	49565529	5
12	49568132	49565528	5
12	49568146	49565528	5
12	49577506	49576839	3
12	49587753	49582884	7
12	49587753	49584277	7
12	49588624	49582885	7
12	49588624	49587504	4
12	49588624	49587561	6
12	49598790	49588453	8
12	49598948	49588453	8
12	49600479	49598754	3
12	49601135	49583207	2
12	49601135	49598754	2
12	49603368	49599468	2
12	49603368	49601006	5
12	49604539	49603184	3
12	49605619	49604312	1
12	49605628	49604312	1
12	49605640	49604312	1
12	49631926	49632595	15
12	49632624	49632854	9
12	49633125	49633426	20
12	49636850	49637469	21
12	49637585	49637732	16
12	49637825	49641907	15
12	49637825	49641928	11
12	49637825	49642234	21
12	49639144	49637941	12
12	49642025	49642234	26
12	49642373	49642579	42
12	49642676	49642926	33
12	49642676	49642929	33
12	49642676	49643222	17
12	49642979	49643222	17
12	49643017	49643222	17
12	49643398	49643690	30
12	49643753	49643860	32
12	49644005	49644099	37
12	49646754	49644930	1
12	49647010	49636498	16
12	49647010	49644952	0
12	49662050	49657081	1
12	49662050	49658441	1
12	49665909	49661734	0
12	49665909	49661965	0
12	49666208	49665831	0
12	49668555	49666126	0
12	49668555	49666158	0
12	49742116	49742437	3
12	49758481	49758682	0
12	49792589	49791145	25
12	49792987	49791145	4
12	49792987	49792445	11
12	49802997	49801847	3
12	49803166	49802267	4
12	49803166	49802957	5
12	49804081	49803096	1
12	49805391	49802723	8
12	49805720	49803096	10
12	49806042	49803921	9
12	49828426	49805979	0
12	49828751	49805937	0
12	49838641	49840126	7
12	49843095	49838595	3
12	49843130	49836038	2
12	49887440	49866895	0
12	49887440	49870399	0
12	49887440	49870414	0
12	49887440	49870530	0
12	49889203	49870572	0
12	49889203	49887385	0
12	49889569	49889106	0
12	49889569	49889107	0
12	49890155	49889106	0
12	49891115	49890682	0
12	49897070	49891063	0
12	49897085	49891063	0
12	49897085	49891076	0
12	49911055	49908881	0
12	49911279	49908881	0
12	49911291	49908892	0
12	49911291	49910908	0
12	49911843	49911172	0
12	49911858	49911172	0
12	49911859	49910444	0
12	49911864	49908881	0
12	49952089	49951511	0
12	49954349	49951967	0
12	49955424	49955785	0
12	49955941	49957487	0
12	49956126	49954638	0
12	49962784	49951918	0
12	49962923	49954133	1
12	49962925	49958871	3
12	49963657	49964091	1
12	49975740	49975811	0
12	49990793	49989161	11
12	49990793	49989163	11
12	49990793	49989978	11
12	49990793	49990267	9
12	49992134	49976922	0
12	49992134	49990683	3
12	49992359	49991997	4
12	49992378	49991997	4
12	49992378	49992078	4
12	49997205	49994413	4
12	49999272	49994413	1
12	49999272	49997039	3
12	49999272	49997068	3
12	49999272	49997130	4
12	49999272	49997159	4
12	49999734	49999138	3
12	49999734	49999140	3
12	49999737	49999140	3
12	50001253	49999309	1
12	50001253	49999615	0
12	50001253	49999674	0
12	50002301	50001170	0
12	50002301	50001171	0
12	50002692	50002246	2
12	50004272	50002246	2
12	50004305	50002246	2
12	50004305	50002247	2
12	50004305	50002271	2
12	50005393	50004233	5
12	50005393	50004234	5
12	50005393	50004264	5
12	50005393	50004277	5
12	50006637	50005255	0
12	50006637	50005263	0
12	50006637	50005290	0
12	50006637	50005293	0
12	50006637	50005346	0
12	50006637	50005357	0
12	50016720	50002246	1
12	50016720	50005255	1
12	50025494	50002246	0
12	50078578	50078923	25
12	50081779	50082715	64
12	50099142	50099486	176
12	50099566	50099799	180
12	50099566	50100053	157
12	50133065	50129791	12
12	50133065	50129797	12
12	50133166	50129857	14
12	50134069	50129797	4
12	50134703	50129305	8
12	50134703	50129797	4
12	50134703	50129798	4
12	50134703	50132961	6
12	50134703	50133784	3
12	50134707	50133078	4
12	50134829	50130412	7
12	50135538	50134545	1
12	50135653	50134545	4
12	50135793	50134545	3
12	50135839	50129797	5
12	50135839	50129798	5
12	50135839	50134399	3
12	50135839	50134545	1
12	50135839	50134572	1
12	50135839	50134619	1
12	50135839	50135405	2
12	50135839	50135432	4
12	50135839	50135518	4
12	50136014	50135731	1
12	50136070	50135439	2
12	50136070	50135731	1
12	50137794	50135940	0
12	50137817	50135940	0
12	50137821	50135940	0
12	50137821	50135957	0
12	50138618	50135940	1
12	50142094	50135940	1
12	50142111	50138566	0
12	50143205	50138566	0
12	50143205	50142052	0
12	50143205	50142079	0
12	50143373	50138566	2
12	50144058	50143073	3
12	50144058	50143079	3
12	50144058	50143137	3
12	50144058	50143164	3
12	50144137	50142052	0
12	50144372	50143071	8
12	50144500	50143951	22
12	50144970	50143951	24
12	50145062	50144348	24
12	50147404	50144018	18
12	50148589	50143951	17
12	50153952	50143951	9
12	50154321	50143951	9
12	50165944	50143951	3
12	50167301	50143951	0
12	50167301	50165935	5
12	50167303	50143951	0
12	50167304	50144768	4
12	50167321	50143951	0
12	50167327	50165821	4
12	50167329	50154227	4
12	50167344	50143951	0
12	50167360	50148471	0
12	50167370	50144768	0
12	50167370	50153828	0
12	50167394	50143073	3
12	50167423	50143951	0
12	50167506	50147325	2
12	50167534	50144768	1
12	5017636	5017946	0
12	5018148	5018301	0
12	5018148	5018860	0
12	50182035	50175787	1
12	50182035	50176884	0
12	50182035	50177773	1
12	50182038	50175787	0
12	50182038	50175789	0
12	50182038	50177005	0
12	50182180	50177697	1
12	5018382	5018860	0
12	5018382	5018968	0
12	50191364	50185579	0
12	50192562	50175787	0
12	50192562	50181903	0
12	50192562	50185389	0
12	50192565	50181903	0
12	50195888	50181903	0
12	50195888	50192451	0
12	50196048	50195829	0
12	50200848	50195829	0
12	50200885	50195829	0
12	50200893	50195617	0
12	50202113	50195829	0
12	50204701	50200776	4
12	50204701	50201302	1
12	50206069	50204343	0
12	50206069	50204551	0
12	5021769	5022490	0
12	50218344	50217661	0
12	5021843	5022490	0
12	50220557	50205983	0
12	50222166	50205983	0
12	50222349	50205983	0
12	50222357	50205983	0
12	50222486	50205983	0
12	50222706	50205983	0
12	50224482	50222166	0
12	50231711	50222020	0
12	50231711	50222259	0
12	50231711	50222317	0
12	5023622	5023791	0
12	50248775	50231664	0
12	50283457	50248632	0
12	50283485	50249682	0
12	50283507	50248632	0
12	50283547	50248632	0
12	50330759	50326229	0
12	50330759	50327308	0
12	50330759	50327311	0
12	50396485	50363144	0
12	50396623	50363144	0
12	50441596	50441597	0
12	50885389	50887261	0
12	50930292	50931614	3
12	50930423	50931597	4
12	50981804	50979400	3
12	50981804	50979819	1
12	50988436	50979534	2
12	50988436	50979783	2
12	50988436	50979808	1
12	50988436	50981008	3
12	50988436	50981437	2
12	50988436	50981638	2
12	50990949	50985991	0
12	50990949	50985992	0
12	50990949	50986070	0
12	50990949	50986080	0
12	50990949	50986163	0
12	50990949	50987945	1
12	50990949	50988172	1
12	50990949	50988299	0
12	50990949	50988319	0
12	50990949	50988324	0
12	50990949	50988381	0
12	50991668	50990583	0
12	50991673	50990794	0
12	50992210	50991598	0
12	50992340	50990794	0
12	50992340	50991486	0
12	50992340	50991598	0
12	50995788	50994543	1
12	50996909	50995628	4
12	50996973	50995628	2
12	50996973	50995683	2
12	50999242	50995628	0
12	50999242	50996816	0
12	50999242	50996870	0
12	50999242	50996940	0
12	50999242	50996960	0
12	50999416	50999173	0
12	50999566	50996816	0
12	51000419	50999344	0
12	51000420	50999344	0
12	51000420	50999367	0
12	51000634	51000312	0
12	51004908	51000312	0
12	51004908	51000317	0
12	51004908	51000349	0
12	51004908	51000401	0
12	51004908	51000562	0
12	51004908	51000597	0
12	51005437	51004787	1
12	51005437	51004837	2
12	51005678	51005310	12
12	51005678	51005318	14
12	51005849	51005310	12
12	51006272	51005599	12
12	51008545	51005310	3
12	51008625	51000312	0
12	51008625	51005310	1
12	51008625	51005321	1
12	51008625	51005403	5
12	51008625	51005652	6
12	51008625	51006173	11
12	51009169	51008475	0
12	51009271	51008475	0
12	51010767	51005310	0
12	51010767	51008144	0
12	51010767	51008475	0
12	51010767	51008585	0
12	51024844	51010719	0
12	51025782	51010694	0
12	51026142	51010694	0
12	51026339	51010694	0
12	51026340	51010694	0
12	51026352	50994543	0
12	51026352	51010694	0
12	51026364	51008475	0
12	51026366	51010694	0
12	51026369	51010694	0
12	51026380	51010694	0
12	51026385	51010694	0
12	51026392	51005310	0
12	51026394	51010694	0
12	51026401	51010694	0
12	51026417	51010694	0
12	51028242	51010694	0
12	51028412	51010694	0
12	51048372	51049033	77
12	51048479	51049012	78
12	51048479	51049033	84
12	51048519	51049033	84
12	51056022	51056143	121
12	51056022	51056349	129
12	51056246	51056349	102
12	51056503	51056679	110
12	51058129	51058603	52
12	51058129	51059360	87
12	51058739	51059360	90
12	51067970	51061204	5
12	51074083	51067672	4
12	51074083	51067898	0
12	51076648	51073822	0
12	51076648	51073889	1
12	51076648	51073974	1
12	51076648	51074057	1
12	51076648	51076415	1
12	51076836	51073927	4
12	51081462	51076620	1
12	51081497	51076568	3
12	51082695	51076410	0
12	51083111	51076410	0
12	51083551	51076410	5
12	51083583	51073822	2
12	51083644	51076410	0
12	51096041	51093662	4
12	51096041	51094882	0
12	51096041	51095157	0
12	51096041	51095221	0
12	51098919	51095988	1
12	51098919	51096022	1
12	51107347	51106524	0
12	51172435	51118620	0
12	51172794	51118620	1
12	51172882	51118620	0
12	51172913	51118620	0
12	51191765	51186935	0
12	51191765	51189160	0
12	51191765	51189199	0
12	51191765	51189430	0
12	51192472	51191595	0
12	51196174	51192329	0
12	51196174	51192389	0
12	51196928	51195969	0
12	51196947	51196130	0
12	51197036	51195969	0
12	51198024	51195969	0
12	51198024	51196798	0
12	51198168	51196798	0
12	51198679	51197769	0
12	51198687	51197769	0
12	51198687	51197974	0
12	51198776	51197769	0
12	51199864	51198549	0
12	51199869	51197769	0
12	51199869	51198549	0
12	51199869	51198698	0
12	51204369	51198549	0
12	51204369	51198639	2
12	51204369	51199746	0
12	51206884	51204172	0
12	51206948	51204320	0
12	51217694	51204172	0
12	51238921	51240342	4
12	51238921	51240870	12
12	51238994	51240342	4
12	51239009	51240342	7
12	51239336	51240342	7
12	51240462	51240654	23
12	51240462	51240870	38
12	51240462	51240898	43
12	51240462	51240966	40
12	51240771	51240870	44
12	51240930	51240995	75
12	51246832	51244557	27
12	51246832	51245350	12
12	51246832	51245387	12
12	51246832	51245744	23
12	51246832	51246084	12
12	51251584	51246750	3
12	51253594	51246750	3
12	51269317	51246463	1
12	51269317	51246596	1
12	51269317	51246750	1
12	51269950	51246750	1
12	51270891	51269244	4
12	51284781	51281037	0
12	51284788	51281037	0
12	51284788	51281281	0
12	51292345	51284715	0
12	51292345	51288107	0
12	51295879	51291590	0
12	51295879	51292161	0
12	51295879	51292201	0
12	51302781	51299606	0
12	51302781	51302019	0
12	51303142	51299606	0
12	51303142	51302019	0
12	51303142	51302685	0
12	51303142	51302716	0
12	51324086	51322584	0
12	51324094	51322747	0
12	51324116	51303086	0
12	51324143	51313822	0
12	51324155	51313822	0
12	51324199	51313822	0
12	51324669	51313822	0
12	51329834	51328442	0
12	51355959	51351246	6
12	51355959	51353752	3
12	51355959	51353768	3
12	51355959	51354270	3
12	51379782	51377194	0
12	51379885	51377194	0
12	51382510	51379663	0
12	51382510	51379711	0
12	51382510	51379785	0
12	51382510	51379840	0
12	51383564	51379290	0
12	51383583	51379545	0
12	51383583	51379575	0
12	51383583	51379593	0
12	51383583	51379615	0
12	51383583	51379712	0
12	51383583	51379812	0
12	51383583	51382312	0
12	51383583	51382334	0
12	51383583	51382460	0
12	51390938	51379290	0
12	51390938	51382312	0
12	51391437	51379412	0
12	51391653	51379369	0
12	51424612	51421955	0
12	51461292	51462309	0
12	51819804	51819961	0
12	51831918	51817892	0
12	51848767	51817839	0
12	51888332	51888567	0
12	51888819	51889066	0
12	51888819	51889070	0
12	51888819	51889371	0
12	51888819	51890583	0
12	51889197	51889371	0
12	51889197	51890583	0
12	51889483	51890583	0
12	51889513	51890426	0
12	51889513	51890583	0
12	51890490	51890583	0
12	51890986	51891185	0
12	51921828	51923139	1
12	52013781	52013876	0
12	52054652	52056029	17
12	52055205	52056029	9
12	52056160	52056493	5
12	52056162	52056493	5
12	52056263	52056645	4
12	52056646	52056889	1
12	52056646	52057056	3
12	52059333	52058458	9
12	52059504	52058749	8
12	52070049	52070353	21
12	52070072	52070353	22
12	52070243	52070353	15
12	52082085	52076840	0
12	52094853	52092484	0
12	52171714	52168995	317
12	52171714	52169522	284
12	52206644	52205583	0
12	52206644	52205784	0
12	52210824	52208104	0
12	52210856	52209748	0
12	52210926	52205555	0
12	52243138	52243303	0
12	52245439	52245439	34
12	52247449	52245047	0
12	52252059	52250465	6
12	52252059	52250543	6
12	52252482	52252026	8
12	52279157	52274646	0
12	52286494	52286254	569
12	52286823	52285912	56
12	52286823	52286353	56
12	52308372	52306615	0
12	52315344	52314300	0
12	52361499	52360005	0
12	52361499	52360555	0
12	52362980	52362250	0
12	52363411	52362850	0
12	52363411	52362853	0
12	5237085	5233996	0
12	5237085	5234417	0
12	5237085	5234673	0
12	52379908	52377811	0
12	5238273	5237003	0
12	5238324	5237003	0
12	52395791	52393930	0
12	5240104	5238206	0
12	5240106	5238206	0
12	5240113	5238047	0
12	52403910	52401288	0
12	52413386	52411741	0
12	52426852	52424069	0
12	52428477	52426816	0
12	52428744	52428255	0
12	52447574	52446650	0
12	52469446	52468515	0
12	52470631	52469669	0
12	52471297	52470504	0
12	52471434	52470021	0
12	52488104	52487173	0
12	52490069	52488327	0
12	52490623	52489895	0
12	52490734	52489942	0
12	52490734	52490034	0
12	52490954	52489976	0
12	52490954	52490279	0
12	52490954	52490568	0
12	52491158	52490568	0
12	52491173	52490568	0
12	52515833	52514574	0
12	52515833	52515112	0
12	52516197	52514995	0
12	52516858	52515457	0
12	52516858	52515797	0
12	52517233	52516127	0
12	52517233	52516636	0
12	52517755	52516689	0
12	52517755	52517106	0
12	52517755	52517156	0
12	52517755	52517180	0
12	52517889	52517106	0
12	52517993	52517589	0
12	52518164	52517589	0
12	52518164	52517896	0
12	52518164	52517957	0
12	52519161	52517896	0
12	52519924	52518945	0
12	52520372	52519741	0
12	52520395	52518945	0
12	52520395	52519750	0
12	52520531	52519900	0
12	52520688	52518945	0
12	52545600	52543908	0
12	52567694	52565781	0
12	52567694	52565818	0
12	52567694	52566998	0
12	52586173	52585588	0
12	52586981	52585588	0
12	52586981	52585713	0
12	52586981	52585957	0
12	52586981	52585962	0
12	52599113	52592891	0
12	52599303	52598953	0
12	52599410	52598897	0
12	52601464	52598897	0
12	52601539	52598897	0
12	52609282	52607569	0
12	52609282	52607735	0
12	52609282	52608136	0
12	52611330	52610614	0
12	52613853	52610614	0
12	52613853	52611203	0
12	52614675	52613687	0
12	52615333	52613687	0
12	52615340	52614578	0
12	52616381	52615278	0
12	52633702	52632865	0
12	52645570	52644557	0
12	52648338	52647729	0
12	52649103	52648172	0
12	52649103	52648207	0
12	52675745	52674735	0
12	52676496	52675709	0
12	52676496	52675722	0
12	52691973	52689625	0
12	52691973	52690803	0
12	52692881	52692420	0
12	52694791	52692754	0
12	52695353	52692827	0
12	52696431	52695771	0
12	52697897	52696369	0
12	52716591	52715566	0
12	52730228	52729516	0
12	52735482	52730095	0
12	52747479	52746595	0
12	52753521	52751977	0
12	52769584	52768154	0
12	52790873	52789684	0
12	52807394	52806548	0
12	52807394	52806599	0
12	52809479	52808685	0
12	52810817	52809382	0
12	52810928	52809074	0
12	52811978	52810755	0
12	52813617	52811445	0
12	52813729	52810755	0
12	52814117	52810755	0
12	52814117	52811762	0
12	52814552	52811762	0
12	52822380	52821409	0
12	52822380	52821446	0
12	52823141	52821743	0
12	52823237	52822344	0
12	52839488	52837803	0
12	52839488	52838961	0
12	52839815	52838965	0
12	52844724	52844092	0
12	52846293	52844558	0
12	52846293	52844603	0
12	52846825	52845995	0
12	52846825	52846196	0
12	52898520	52897186	0
12	52898520	52897193	0
12	52898520	52897207	0
12	52898520	52897215	0
12	52898520	52897280	1
12	52898520	52897296	1
12	52898900	52898460	4
12	52900066	52898468	0
12	52900066	52898678	2
12	52900684	52899774	0
12	52900684	52899793	0
12	52900684	52899934	0
12	52900684	52899995	0
12	52900684	52900007	0
12	52901220	52899774	0
12	52901220	52900587	0
12	52901948	52900587	0
12	52902073	52899774	0
12	52902073	52900587	0
12	52905028	52901863	2
12	52905045	52901863	2
12	52905053	52900587	0
12	52905080	52901863	2
12	52906619	52904657	3
12	52907061	52904675	6
12	52926470	52904657	0
12	52949518	52904657	2
12	52949518	52946613	30
12	52949579	52948650	86
12	52949586	52904657	2
12	52949586	52948483	65
12	52949777	52949455	63
12	52949825	52904657	1
12	52949832	52949455	55
12	52949843	52904657	1
12	52949875	52949455	57
12	52949883	52949455	61
12	52949921	52949455	52
12	52949955	52949215	59
12	52950411	52950749	34
12	52951646	52951730	22
12	52951857	52952118	54
12	52952343	52952721	44
12	53018960	53014595	6
12	53038412	53039237	30
12	53039344	53039629	48
12	53039703	53040142	37
12	53045187	53042704	2
12	53045654	53038966	8
12	53045654	53045064	1
12	53046004	53045599	2
12	53046062	53014628	5
12	53046062	53039717	2
12	53046062	53042884	2
12	53046062	53043188	3
12	53046062	53045599	0
12	53053575	53045960	0
12	53054385	53045960	1
12	53054419	53053103	12
12	53054439	53053395	5
12	53055691	53055780	29
12	53058446	53058571	8
12	53058638	53058713	24
12	53059972	53060166	124
12	53060760	53060848	231
12	53061941	53062152	15
12	53062692	53063088	51
12	53062698	53063088	50
12	53065967	53064950	29
12	53066360	53065701	1
12	53066487	53064315	13
12	53066487	53065660	1
12	53066693	53066313	3
12	53067706	53066572	0
12	53067706	53066601	0
12	53068305	53067647	0
12	53073472	53068154	1
12	53073472	53068290	1
12	53074785	53073159	0
12	53074785	53073285	0
12	53075220	53073285	0
12	53075812	53073285	0
12	53159713	53157662	0
12	53159713	53157688	0
12	53159713	53157689	0
12	53159713	53157693	0
12	53159713	53158138	1
12	53159713	53158510	1
12	53159939	53157688	1
12	53159939	53159621	0
12	53159939	53159622	0
12	53160320	53159886	4
12	53160845	53160119	1
12	53160845	53160276	1
12	53160845	53160290	1
12	53161192	53160762	0
12	53161390	53160762	0
12	53161390	53161126	1
12	53161390	53161163	1
12	53166328	53164621	4
12	53170127	53161272	3
12	53170127	53161321	5
12	53170127	53166204	6
12	53170377	53161272	1
12	53170503	53170070	0
12	53170503	53170071	0
12	53170654	53170071	0
12	53170713	53170071	5
12	53170891	53170071	6
12	53171442	53170422	12
12	53171989	53170422	7
12	53171989	53171176	7
12	53171989	53171272	6
12	53171989	53171325	10
12	53171989	53171403	11
12	53171989	53171664	4
12	53172372	53171881	8
12	53172437	53171325	11
12	53172437	53171877	3
12	53172437	53171881	3
12	53172437	53171894	3
12	53172437	53171945	2
12	53173375	53172521	2
12	53173477	53170422	2
12	53173477	53171877	2
12	53173477	53172521	1
12	53173493	53172521	1
12	53173500	53170422	2
12	53173768	53173344	0
12	53173771	53173344	0
12	53173776	53173344	0
12	53173791	53173344	0
12	53173920	53173344	0
12	53173945	53173268	0
12	53179143	53173344	25
12	53180013	53173344	33
12	53180597	53173344	31
12	53180647	53173344	25
12	53187764	53188536	35
12	53192020	53191317	9
12	53192020	53191322	9
12	53192020	53191370	8
12	53192020	53191556	9
12	53192489	53191858	7
12	53192539	53191858	5
12	53192911	53192329	5
12	53193364	53192690	8
12	53193902	53192329	3
12	53193902	53192967	7
12	53193902	53193139	6
12	53194259	53193707	7
12	53194345	53192329	10
12	53194345	53193707	10
12	53194459	53193676	7
12	53195464	53194197	6
12	53195722	53195373	3
12	53196200	53195625	4
12	53196200	53195653	4
12	53196821	53196040	4
12	53196821	53196100	5
12	53197112	53196040	5
12	53197664	53196578	7
12	53197710	53196578	12
12	53197952	53196331	9
12	53197952	53196593	2
12	53197952	53197492	2
12	53197952	53197590	3
12	53200444	53197749	0
12	53200447	53197749	0
12	53200447	53197871	0
12	53200447	53197886	0
12	53201195	53197749	0
12	53207252	53197749	0
12	53213244	53210566	0
12	53213244	53210569	0
12	53213244	53211330	0
12	53213244	53211392	0
12	53213244	53211413	0
12	53213701	53213084	1
12	53214236	53213236	4
12	53214236	53213495	2
12	53214607	53213939	2
12	53214607	53214058	1
12	53214858	53214093	4
12	53215435	53214445	2
12	53215463	53214445	3
12	53215795	53214445	3
12	53215795	53215292	2
12	53220085	53215373	4
12	53220260	53215645	1
12	53220378	53215645	1
12	53220414	53215292	2
12	53227688	53215645	0
12	53230054	53227557	0
12	53230054	53227597	0
12	53230054	53227634	0
12	53230075	53227607	0
12	53231233	53229841	0
12	53231233	53229910	0
12	53231236	53215292	0
12	53231236	53215645	0
12	53231236	53227361	0
12	53231236	53227447	0
12	53231236	53227499	0
12	53231236	53227555	0
12	53231236	53229910	0
12	53231551	53231167	0
12	53232189	53231168	0
12	53232193	53231168	0
12	53232215	53227373	0
12	53232217	53231168	0
12	53232223	53231168	0
12	53232232	53231168	0
12	53232233	53231168	0
12	53232253	53231168	0
12	53232257	53231168	0
12	53251625	53251704	0
12	53288700	53289089	22
12	53289595	53290084	55
12	53290213	53290346	59
12	53295640	53295838	25
12	53295942	53296243	163
12	53295942	53296429	126
12	53296468	53297371	96
12	53296468	53297849	95
12	53296552	53297849	124
12	53297925	53298018	40
12	53297925	53298044	41
12	53299954	53300149	10
12	53300315	53298654	7
12	53307930	53307455	61
12	53307930	53307456	57
12	53307930	53307458	57
12	53307930	53307459	57
12	53308134	53307489	55
12	53308134	53307844	58
12	53308350	53307737	22
12	53308350	53308051	7
12	53308816	53308434	6
12	53309021	53308724	6
12	53309021	53308746	5
12	53309282	53308959	2
12	53309666	53309156	2
12	53309722	53309156	2
12	53309722	53309159	3
12	53309722	53309254	3
12	53309863	53308961	3
12	53314442	53309600	3
12	53314442	53309649	4
12	53314816	53314297	24
12	53314850	53309600	4
12	53314850	53314297	22
12	53314850	53314388	21
12	53314850	53314399	21
12	53315128	53314297	22
12	53315141	53314297	22
12	53315141	53314750	21
12	53315141	53314773	22
12	53315141	53314793	22
12	53315244	53314750	22
12	53315427	53315093	27
12	53315487	53315093	22
12	53315783	53315093	13
12	53315783	53315243	11
12	53315783	53315334	7
12	53320693	53315423	2
12	53320693	53315551	2
12	53320693	53315726	2
12	53321209	53315726	0
12	53321258	53315726	0
12	53335694	53326574	0
12	53335755	53326578	0
12	53336343	53328145	0
12	53345316	53328580	0
12	53425488	53425685	0
12	53425488	53425688	0
12	53425574	53425688	0
12	53429626	53429830	0
12	53429626	53431176	0
12	53429979	53430145	0
12	53429979	53430149	0
12	53429979	53431176	0
12	53430283	53431176	0
12	53455371	53455460	0
12	53460426	53461014	152
12	53467844	53468776	112
12	53467844	53468779	112
12	53482212	53479668	14
12	53482212	53481120	8
12	53482212	53481121	8
12	53482212	53481181	7
12	53482370	53481940	6
12	53482588	53481940	9
12	53483724	53480489	21
12	53485215	53483910	26
12	53485215	53484245	19
12	53485215	53484256	19
12	53485476	53485055	17
12	53485708	53485035	27
12	53486623	53486055	23
12	53486729	53484256	31
12	53487146	53486442	35
12	53487156	53486438	34
12	53487429	53486438	38
12	53487429	53486946	30
12	53487910	53486946	23
12	53493071	53486984	1
12	53493867	53486946	2
12	53499457	53486946	0
12	53499458	53487254	0
12	53499459	53486846	0
12	53499616	53487254	0
12	53500064	53487314	2
12	53503213	53503458	38
12	53503809	53504396	34
12	53507143	53506689	3
12	53507143	53506690	3
12	53508221	53506687	13
12	53514052	53514352	31
12	53514482	53515508	29
12	53517355	53507855	17
12	53517355	53515780	22
12	53522702	53517014	5
12	53523385	53507020	3
12	53523385	53512058	1
12	53523385	53513441	0
12	53523385	53516648	0
12	53523385	53517014	0
12	53534660	53533159	1
12	53537553	53534501	0
12	53537553	53534539	0
12	53537553	53534541	0
12	53537553	53534605	0
12	53543449	53537414	0
12	53543952	53543090	1
12	53552638	53537414	0
12	53552638	53542886	0
12	53552638	53543296	0
12	53552638	53543329	0
12	53601022	53543329	0
12	53601022	53552540	0
12	53625972	53600952	1
12	53625980	53600952	1
12	53625997	53600952	1
12	53626001	53600952	1
12	53626364	53600952	0
12	53626371	53600952	0
12	53626388	53600751	0
12	53626408	53600952	0
12	53626411	53600952	0
12	53669213	53632725	0
12	53669342	53665165	4
12	53669342	53665170	4
12	53669342	53665182	7
12	53669342	53665201	21
12	53669342	53665238	24
12	53669342	53665313	22
12	53669949	53669147	10
12	53670115	53669147	11
12	53670262	53669221	9
12	53672646	53669147	24
12	53712847	53711118	14
12	53713204	53708516	4
12	53713207	53711118	4
12	53713207	53711789	8
12	53713207	53712774	19
12	53713901	53711158	7
12	53713901	53713099	6
12	53714242	53713169	6
12	53714242	53713700	4
12	53714630	53714132	0
12	53714694	53713700	0
12	53714694	53714132	0
12	53714694	53714136	0
12	53716048	53715199	2
12	53716350	53715199	0
12	53716416	53715674	0
12	53716416	53715792	0
12	53719779	53716259	0
12	53719830	53715792	0
12	53719830	53716259	0
12	53721616	53719738	0
12	53722184	53719771	0
12	53722184	53721466	0
12	53722937	53722163	2
12	53723685	53722024	0
12	53723763	53721466	0
12	53723763	53722024	0
12	53723784	53722024	0
12	53723784	53722139	0
12	53723784	53722154	0
12	53723784	53722899	0
12	53724748	53722024	0
12	53724748	53723549	0
12	53724748	53723592	0
12	53724748	53723593	0
12	53724748	53723620	0
12	53724748	53723639	0
12	53724748	53723682	0
12	53724748	53723695	0
12	53724748	53723728	0
12	53724748	53724043	0
12	53725259	53724644	1
12	53725264	53724644	1
12	53725267	53724403	0
12	53725267	53724584	1
12	53725267	53724644	1
12	53725268	53724644	1
12	53725760	53725086	0
12	53726335	53725086	0
12	53727429	53725086	0
12	53727440	53725086	0
12	53727441	53725086	0
12	53727452	53725086	0
12	53727453	53724582	0
12	53727453	53724644	0
12	53727453	53725086	0
12	53727468	53725086	0
12	53727492	53725086	0
12	53727746	53725086	0
12	53751836	53750446	0
12	53755936	53750838	0
12	53937358	53935327	0
12	53964284	53962307	8
12	53964284	53963900	2
12	53966060	53964230	4
12	53966084	53964084	3
12	53966088	53963748	6
12	53966088	53963801	6
12	53966088	53964230	4
12	53966378	53964230	4
12	53966378	53965963	0
12	53968757	53967268	2
12	53968915	53966275	1
12	53984759	53983670	0
12	53984839	53983449	0
12	53985084	53983950	0
12	53985520	53984963	8
12	53995910	53995207	4
12	53996786	53995832	19
12	53999621	53999021	18
12	54000011	53999021	17
12	54077509	54076837	0
12	54080289	54079266	0
12	54080345	54078922	0
12	54080434	54078922	0
12	54081904	54077272	0
12	54115028	54114012	0
12	54121456	54085131	0
12	54121456	54114727	0
12	54125831	54121303	3
12	54125892	54121303	5
12	54125895	54121275	5
12	54125993	54121278	2
12	54129753	54121276	4
12	54164453	54162064	0
12	54165479	54121276	0
12	54165479	54121278	0
12	54165479	54129517	0
12	54165479	54164744	0
12	54172110	54165373	0
12	54182624	54172024	2
12	54182624	54175026	10
12	54182624	54180357	25
12	54182624	54181452	49
12	54182624	54181470	49
12	54182624	54182071	52
12	54182760	54181452	30
12	54183934	54182503	12
12	54183960	54181274	21
12	54183960	54181467	21
12	54183960	54181484	21
12	54183960	54181953	16
12	54183960	54182391	12
12	54183960	54182503	17
12	54183960	54182584	18
12	54184297	54182557	22
12	54187012	54183669	18
12	54187012	54183694	22
12	54187841	54186982	18
12	54187903	54183653	12
12	54187906	54183655	12
12	54187906	54186846	19
12	54187906	54187213	30
12	54187907	54183764	26
12	54188597	54172024	10
12	54188597	54181456	23
12	54188597	54183655	17
12	54188597	54186846	30
12	54188608	54183655	20
12	54188623	54183655	22
12	54188977	54183655	16
12	54188981	54183655	16
12	54188986	54182097	16
12	54188993	54183416	17
12	54188995	54183655	13
12	54246216	54230939	0
12	54246216	54240624	0
12	54246216	54241746	0
12	54246216	54241754	0
12	54252228	54246114	0
12	54252526	54246114	0
12	54257693	54252040	0
12	54257693	54252090	0
12	54280103	54257513	0
12	54280134	54271840	2
12	54281503	54281794	289
12	54284318	54284548	1042
12	54286113	54286661	500
12	54286733	54286952	362
12	54295305	54292110	0
12	54295305	54292373	0
12	54295305	54292464	0
12	54295759	54292172	0
12	54349659	54350245	6
12	54349659	54350475	7
12	54364475	54362444	0
12	54370722	54369132	5
12	54370722	54369134	7
12	54370722	54369135	7
12	54370722	54369139	7
12	54370722	54369152	7
12	54370722	54369877	15
12	54370722	54370161	7
12	54371097	54370625	5
12	54371643	54370926	18
12	54371716	54370926	15
12	54371716	54371005	16
12	54371716	54371023	21
12	54373032	54371472	10
12	54374136	54370926	5
12	54374136	54371472	11
12	54374136	54371490	12
12	54374136	54371582	12
12	54374136	54371641	9
12	54374136	54371683	15
12	54374136	54372893	6
12	54374136	54372913	6
12	54397488	54395260	10
12	54397488	54395894	7
12	54397488	54396221	12
12	54398699	54397270	2
12	54398699	54397364	1
12	54398699	54397365	1
12	54398824	54397364	2
12	54401666	54401372	7
12	54401856	54401584	4
12	54402094	54401775	0
12	54402273	54401559	2
12	54402331	54402000	4
12	54402331	54402080	4
12	54403780	54402982	2
12	54403780	54403186	1
12	54403967	54403186	1
12	54403967	54403624	2
12	54404247	54403910	1
12	54404345	54403631	2
12	54404630	54403915	8
12	54404895	54404144	5
12	54404895	54404429	10
12	54405375	54404429	6
12	54405375	54404702	6
12	54405375	54404770	6
12	54405717	54405165	5
12	54405717	54405193	6
12	54411965	54409231	3
12	54411965	54409484	1
12	54412517	54411907	2
12	54419128	54411833	5
12	54419221	54409484	1
12	54419461	54411833	3
12	54459126	54455949	4
12	54459126	54455953	4
12	54459126	54455956	4
12	54459126	54455959	4
12	54459126	54455960	4
12	54459126	54456138	7
12	54465168	54463170	10
12	54468948	54464696	4
12	54471278	54463170	1
12	54471278	54464702	1
12	54471278	54465066	1
12	54471278	54468924	2
12	54518973	54519186	0
12	54544106	54543110	0
12	54570358	54572600	0
12	54575633	54575991	0
12	54576101	54576570	0
12	54576702	54577224	0
12	54580393	54575386	0
12	54581051	54579247	0
12	54581051	54580111	0
12	54581051	54580254	0
12	54581051	54580375	0
12	54608748	54608272	0
12	54608847	54608186	0
12	54608847	54608232	0
12	54609678	54608186	0
12	54609678	54608232	0
12	54631807	54630810	0
12	54631840	54630811	0
12	54632382	54630810	0
12	54632382	54631721	0
12	54632382	54631737	0
12	54633202	54632240	0
12	54633234	54631926	0
12	54633234	54632240	0
12	54644948	54644629	0
12	54645263	54644590	0
12	54645263	54644629	0
12	54856809	54856838	0
12	54961268	54948017	0
12	54961268	54949950	0
12	54961268	54950079	0
12	54961268	54950080	0
12	54961268	54950169	0
12	54961268	54950353	0
12	54962698	54950077	0
12	54963239	54961167	0
12	54963243	54961167	0
12	54963951	54950329	0
12	54963951	54961167	0
12	54963951	54962430	0
12	54963951	54963142	0
12	54966152	54962430	0
12	54966152	54963740	0
12	54966152	54963741	0
12	54966152	54963784	0
12	54966152	54963800	0
12	54966152	54963858	0
12	54966425	54963741	0
12	54967893	54967182	0
12	54967947	54967182	0
12	54968014	54967182	0
12	54973520	54967182	0
12	54973520	54967842	0
12	54973520	54967852	0
12	54973536	54967842	0
12	54973555	54967842	0
12	54973559	54967842	0
12	54973584	54967842	0
12	54973603	54967842	0
12	54973684	54967842	0
12	54973931	54967842	0
12	54974559	54973476	0
12	54974608	54973476	0
12	54981839	54974399	0
12	54981946	54974399	0
12	54984167	54974419	0
12	54984673	54974399	0
12	55129898	55132425	0
12	552529	553190	0
12	552529	553193	0
12	55296570	55293987	0
12	5533956	5531868	0
12	55365177	55365258	0
12	55365177	55367135	0
12	55378798	55376741	0
12	55476602	55434733	0
12	55476602	55434754	0
12	55476602	55434756	0
12	55493159	55434759	0
12	55493159	55476548	0
12	55493180	55476548	0
12	55585472	55493090	0
12	5563338	5533830	0
12	5564639	5562657	2
12	5565664	5562650	0
12	5565664	5562653	0
12	55659796	55638911	0
12	55684047	55684049	15
12	55686315	55684857	3
12	55688097	55684567	0
12	55688097	55684571	0
12	55688097	55684702	0
12	55694696	55694442	0
12	55694971	55694614	0
12	55695638	55694614	0
12	55695638	55694649	0
12	55697823	55697450	0
12	55698027	55697694	0
12	55698027	55697758	0
12	55698163	55697751	0
12	55698577	55697937	2
12	55698918	55697937	1
12	55698918	55698382	0
12	55698918	55698522	1
12	55699572	55698857	2
12	55699990	55698709	2
12	55699990	55698773	3
12	55699990	55699510	5
12	55700315	55698709	2
12	55700394	55698709	2
12	55700394	55699869	10
12	55701155	55698709	2
12	55701155	55699869	2
12	55701155	55699977	4
12	55701155	55700261	4
12	55701155	55700671	3
12	55701417	55700898	0
12	55702952	55700898	0
12	55702952	55700988	0
12	55702952	55700996	0
12	55702952	55701133	0
12	55703179	55702871	0
12	55707702	55703050	0
12	55707712	55703050	0
12	55707714	55702827	0
12	55707885	55703050	0
12	55707899	55703050	0
12	55712086	55703050	0
12	55712119	55700898	0
12	55712135	55698709	0
12	55712135	55700775	0
12	55712135	55700782	0
12	55712135	55701378	0
12	55712135	55703050	0
12	55712205	55700565	0
12	55712258	55703050	0
12	55719224	55719498	18
12	55721495	55721688	2
12	55721948	55723885	14
12	55721955	55724537	7
12	55724050	55724321	2
12	55725897	55725322	1
12	55725897	55725442	1
12	55725897	55725447	1
12	55725897	55725469	1
12	55725897	55725481	1
12	55725897	55725486	1
12	55725897	55725506	1
12	55725897	55725534	1
12	55725897	55725545	0
12	55725969	55725552	0
12	55726262	55725811	0
12	55726262	55725812	0
12	55726262	55725818	0
12	55726357	55725812	3
12	55726796	55726120	25
12	55726964	55726699	21
12	55726965	55726699	21
12	55726965	55726726	20
12	55727060	55726699	15
12	55727340	55726699	7
12	55729661	55729281	3
12	55729708	55728275	2
12	55749884	55757012	17
12	55757554	55752462	6
12	55757554	55752579	4
12	55760641	55757273	2
12	55760641	55757274	2
12	55760641	55757382	2
12	55760786	55757270	3
12	55762629	55761549	5
12	55789144	55760423	0
12	55789144	55760550	0
12	55794388	55790566	0
12	55794881	55792541	0
12	55794881	55794358	0
12	55803729	55800561	0
12	55803729	55800853	0
12	55815940	55803688	0
12	55817710	55803628	0
12	55817721	55803628	0
12	55817723	55803628	0
12	55817725	55803628	0
12	55817757	55803628	0
12	55818129	55803688	0
12	55818420	55818998	4
12	55820450	55803688	0
12	55822188	55803628	1
12	55822188	55803688	1
12	55822188	55815886	4
12	55822188	55817665	1
12	55822188	55820238	20
12	55822188	55821828	66
12	55822476	55820959	23
12	55822476	55821750	7
12	55822476	55822000	3
12	55822476	55822111	4
12	55822476	55822129	4
12	55828715	55823401	2
12	55829604	55828421	3
12	55829637	55827251	4
12	55830559	55827251	6
12	55830825	55828205	60
12	55831084	55831256	54
12	55833015	55833446	58
12	55833039	55833446	61
12	55833126	55833446	59
12	55835616	55836125	39
12	55837683	55836425	4
12	55837683	55836800	3
12	55838008	55836969	0
12	55838008	55837554	0
12	55838735	55837842	3
12	55839742	55835432	5
12	55839742	55837842	3
12	55839742	55838499	2
12	55839742	55838605	1
12	55840035	55838499	3
12	55840883	55838287	2
12	55840883	55838499	3
12	55841208	55840666	6
12	55841237	55839495	2
12	55841237	55840666	6
12	55842439	55838499	1
12	55842439	55839495	4
12	55842439	55840666	1
12	55842439	55841105	0
12	55842439	55841126	0
12	55842439	55841182	0
12	55903481	55901412	0
12	55903481	55901413	0
12	55903481	55901686	0
12	55903481	55901970	0
12	55903481	55902040	0
12	55914367	55903386	0
12	55927112	55914275	0
12	55927113	55903386	0
12	55927268	55913825	0
12	55927614	55903386	0
12	55927757	55913745	0
12	55927914	55903386	0
12	55932619	55903386	0
12	55935405	55936422	11
12	55935959	55936422	7
12	55936568	55936652	7
12	55936568	55937016	4
12	55936857	55937016	5
12	55938053	55938510	11
12	55938053	55938637	13
12	55938053	55938914	11
12	55938561	55938914	23
12	55938699	55938914	25
12	55938699	55938938	24
12	55938699	55939185	15
12	55938990	55939185	5
12	55939530	55940081	31
12	55939530	55940313	33
12	55940169	55940313	50
12	55940171	55940251	51
12	55940171	55940313	50
12	55940171	55940623	46
12	55940434	55940623	23
12	55940723	55940896	18
12	55940981	55941251	6
12	55942084	55942173	0
12	55951784	55952034	0
12	55952100	55952340	3
12	55952432	55952733	20
12	55953411	55953684	14
12	55955362	55954104	0
12	55955362	55954105	0
12	55955362	55954199	0
12	55955383	55954104	0
12	55955383	55954275	0
12	55955549	55955273	1
12	55955670	55954104	0
12	55955670	55955273	0
12	55955670	55955325	0
12	55955864	55955463	0
12	55956220	55955778	0
12	55956540	55955795	0
12	55957060	55956102	0
12	55957060	55956112	0
12	55957343	55955463	0
12	55957387	55956948	1
12	55957672	55956102	0
12	55957672	55956948	0
12	55958085	55956948	0
12	55958085	55957185	0
12	55958085	55957258	0
12	55958085	55957284	0
12	55958604	55957922	0
12	55958608	55955778	0
12	55958608	55956948	0
12	55958608	55957108	0
12	55958608	55957185	0
12	55958608	55957922	0
12	55958608	55957933	0
12	55958678	55957922	0
12	55961464	55958171	0
12	55961464	55958251	0
12	55961464	55958472	0
12	55961464	55958488	0
12	55961464	55958546	0
12	55961733	55958472	0
12	55961733	55961199	0
12	55961733	55961316	0
12	55966026	55961316	0
12	55966043	55958472	0
12	55966866	55967026	64
12	55967125	55967856	64
12	55967403	55967856	68
12	55967417	55967856	57
12	55967475	55966837	45
12	55971110	55961621	29
12	55971248	55971520	25
12	55971768	55970952	31
12	55973318	55971744	2
12	5599630	5578365	0
12	55997340	55997614	1
12	56001949	56002211	7
12	56002272	56002542	2
12	56002272	56002603	2
12	56003657	56004153	21
12	56005245	56005454	18
12	56024906	56025053	3
12	56041807	56029648	1
12	56042065	56042132	22
12	56042603	56043362	128
12	56079935	56080196	0
12	56079935	56080344	0
12	56083362	56083466	0
12	56087643	56087794	0
12	56087914	56088020	2
12	56094190	56094401	0
12	56098576	56098758	0
12	56107096	56107186	48
12	56110478	56110558	58
12	56110693	56110963	37
12	56111059	56111181	65
12	56113906	56104613	23
12	56116660	56116774	171
12	56116800	56117188	223
12	56116830	56117188	225
12	56116931	56117188	231
12	56118768	56119087	1
12	56119940	56118967	0
12	56122239	56120689	14
12	5612757	5599483	0
12	5612757	5608728	0
12	56128666	56120032	4
12	56128855	56122039	6
12	56129620	56128518	9
12	56131114	56131243	1
12	56138273	56138403	18
12	56142934	56143016	25
12	5615296	5612900	0
12	5615298	5612900	0
12	56154841	56155054	4
12	56155593	56155917	9
12	56157736	56157881	11
12	56157946	56150795	7
12	56158221	56157633	1
12	56158405	56158680	2
12	56158405	56158683	2
12	56158712	56158901	25
12	56158712	56159497	64
12	56158712	56159586	64
12	56158712	56159622	68
12	56158941	56159586	76
12	56159623	56159974	66
12	56159623	56160024	66
12	56159731	56159974	63
12	56160149	56160242	45
12	56160321	56160625	76
12	56164369	56162982	101
12	56164732	56163327	26
12	56164732	56163329	31
12	56164732	56163344	35
12	56165700	56163344	10
12	56171433	56170143	1
12	56171938	56171270	11
12	56172491	56171393	20
12	56172491	56171678	11
12	56172491	56171876	11
12	56172705	56172238	1
12	56172705	56172427	0
12	56174714	56173695	2
12	56174733	56173695	3
12	56174765	56173695	7
12	56178094	56174530	14
12	56178094	56174650	12
12	56178848	56178021	6
12	56178848	56178403	10
12	56179057	56178403	2
12	56179057	56178809	2
12	56179057	56178818	2
12	56181836	56180976	4
12	56181836	56181481	0
12	56182080	56181703	0
12	56182080	56181747	0
12	56183931	56182003	0
12	56184245	56182003	0
12	56184245	56183860	1
12	56184245	56183878	1
12	56184249	56183860	1
12	56184937	56184174	1
12	56185093	56184843	2
12	56185112	56184843	2
12	56185224	56184843	2
12	56186241	56184843	0
12	56186241	56185029	1
12	56187307	56183323	0
12	56187307	56185789	0
12	56187307	56186154	0
12	56190285	56162358	2
12	56207311	56205449	3
12	56207750	56202174	1
12	56207750	56202503	15
12	56207750	56205449	1
12	56207750	56206446	1
12	56207750	56206586	1
12	56207750	56206748	2
12	56207750	56207167	1
12	56208299	56207638	1
12	56208299	56207645	1
12	56208299	56207676	1
12	56208545	56207645	6
12	56210569	56208147	12
12	56210569	56208162	12
12	56213062	56210036	6
12	56213078	56210296	8
12	56213139	56210247	8
12	56213139	56210296	7
12	56214071	56210296	7
12	56221923	56210296	0
12	56224442	56224833	5
12	56224522	56224833	5
12	56226261	56226355	0
12	56231290	56231376	2
12	56237341	56237587	2
12	56243393	56237806	61
12	56243877	56237806	123
12	56243877	56243237	11
12	56254280	56253721	9
12	56254721	56254066	2
12	56254721	56254086	2
12	56254953	56254229	6
12	56269109	56269459	51
12	56269252	56269459	47
12	56270105	56267792	9
12	56270319	56270450	72
12	56273255	56271702	428
12	56273797	56271698	25
12	56273797	56271700	25
12	56273797	56272807	45
12	56273797	56273141	34
12	56274816	56273586	3
12	56274879	56273195	3
12	56274879	56273586	3
12	56274879	56273745	5
12	56275049	56274776	7
12	56275132	56274776	7
12	56275942	56274015	10
12	56276144	56275001	24
12	56276196	56274776	16
12	56276196	56275000	23
12	56276196	56275001	23
12	56282511	56275760	15
12	56282609	56275001	11
12	56282609	56275995	7
12	56282609	56276137	13
12	56282609	56276146	13
12	56282609	56276151	14
12	56282609	56276163	15
12	56282908	56282496	0
12	56282992	56276147	13
12	56282992	56282336	3
12	56282992	56282419	1
12	56282992	56282426	1
12	56282992	56282447	1
12	56282992	56282456	1
12	56282992	56282465	1
12	56282992	56282471	1
12	56282992	56282567	1
12	56283822	56282859	5
12	56283858	56282859	6
12	56283858	56282860	6
12	56283858	56282919	6
12	56283859	56282384	6
12	56285245	56283791	4
12	56285962	56283791	2
12	56286009	56283791	2
12	56286024	56282419	6
12	56286024	56282859	10
12	56286024	56283791	2
12	56286024	56285144	17
12	56286092	56283791	2
12	56286621	56285915	63
12	56286646	56282859	6
12	56286646	56283791	9
12	56286646	56285915	60
12	56286646	56285961	59
12	56291307	56286594	3
12	56291759	56286190	3
12	56291794	56286594	4
12	56298692	56286266	5
12	56298692	56286281	5
12	56298692	56286594	4
12	56299975	56286594	3
12	56300007	56286594	2
12	56300024	56286594	0
12	56300221	56286594	3
12	56300284	56298608	3
12	56300309	56286594	6
12	56300316	56286594	6
12	56300317	56286594	6
12	56300317	56298608	3
12	56300318	56286594	6
12	56300319	56286624	6
12	56300331	56286594	6
12	56300331	56291219	2
12	56300334	56282859	1
12	56300334	56298608	3
12	56300335	56286496	6
12	56300337	56286238	5
12	56300342	56286594	6
12	56300377	56286594	4
12	56300380	56300159	36
12	56300392	56286159	6
12	56300392	56286496	6
12	56300392	56286594	6
12	56300392	56291630	2
12	56300392	56298608	1
12	56300393	56286594	6
12	56310030	56300159	1
12	56310596	56309841	22
12	56311055	56309965	18
12	56311055	56310309	19
12	56311055	56310427	17
12	56311055	56310432	17
12	56311313	56310957	9
12	56311415	56310957	21
12	56311415	56311000	21
12	56311454	56310957	21
12	56311930	56310957	30
12	56314967	56286594	12
12	56314967	56300176	12
12	56314967	56311210	12
12	56314967	56311337	34
12	56314967	56312522	46
12	56314969	56311210	12
12	56315207	56314850	10
12	56315243	56314489	14
12	56315243	56314507	10
12	56315243	56314850	7
12	56315751	56315129	4
12	56315898	56314649	5
12	56315931	56314850	5
12	56315944	56315129	5
12	56316001	56315129	5
12	56316045	56315129	3
12	56316048	56315129	3
12	56316051	56315129	3
12	56316060	56315129	3
12	56316120	56315129	3
12	56316337	56315129	3
12	56318435	56316222	18
12	56318435	56316933	18
12	56318435	56316935	18
12	56318435	56316936	18
12	56318435	56316940	18
12	56318435	56316946	18
12	56318435	56317600	18
12	56318575	56317347	21
12	56319488	56318236	25
12	56319488	56319087	74
12	56319490	56317562	29
12	56319490	56318236	25
12	56319765	56319087	4
12	56319765	56319307	4
12	56319765	56319394	5
12	56320022	56319620	3
12	56322169	56319863	5
12	56322637	56319955	11
12	56323210	56322422	45
12	56323210	56322614	39
12	56323385	56322614	15
12	56323385	56323061	4
12	56323599	56323016	3
12	56323599	56323310	0
12	56323907	56323499	3
12	56323914	56323499	3
12	56324183	56323806	27
12	56324186	56323806	27
12	56324188	56323806	23
12	56324395	56323817	19
12	56324402	56323882	22
12	56324494	56323806	20
12	56324494	56324036	23
12	56324494	56324048	34
12	56324710	56323806	5
12	56324710	56324293	3
12	56324710	56324416	2
12	56325129	56324580	3
12	56325455	56325008	5
12	56326410	56325334	4
12	56326416	56325050	5
12	56326454	56325334	4
12	56327632	56326616	26
12	56328073	56327363	0
12	56328073	56327530	2
12	56328359	56327892	0
12	56328359	56327994	0
12	56332882	56328471	3
12	56333204	56328471	1
12	56333209	56328471	0
12	56333664	56332812	0
12	56333744	56332812	0
12	56333750	56332812	0
12	56333938	56332812	0
12	56333977	56328471	3
12	56333982	56332733	0
12	56334007	56332812	0
12	56334054	56332812	0
12	56344136	56341596	10
12	56344136	56342709	16
12	56344136	56342935	24
12	56346204	56343824	1
12	56346204	56344084	2
12	56346869	56346145	7
12	56346956	56346441	7
12	56348624	56346818	8
12	56348913	56346677	14
12	56349060	56348751	22
12	56349262	56348923	19
12	56349510	56348997	9
12	56349510	56349162	9
12	56349637	56349344	6
12	56349637	56349425	6
12	56349637	56349500	6
12	56349776	56349425	11
12	56350191	56349588	19
12	56350433	56349588	18
12	56350433	56350096	10
12	56350889	56349859	0
12	56350889	56350096	0
12	56350889	56350411	0
12	56351182	56350828	0
12	56351191	56350828	0
12	56351451	56351097	1
12	56351451	56351176	1
12	5635348	5615183	0
12	5635348	5615185	0
12	56354508	56351097	0
12	56354615	56351202	1
12	56354615	56351291	1
12	56354864	56354465	0
12	56354873	56354418	1
12	56355352	56354465	10
12	56355352	56354554	8
12	56355352	56354777	4
12	56355533	56354777	1
12	56355533	56355272	0
12	56355533	56355275	0
12	56362824	56360568	0
12	56381077	56380360	0
12	56418009	56416372	38
12	56418009	56417118	40
12	56418009	56417126	45
12	56418360	56417906	15
12	56420688	56418133	2
12	56420882	56418289	7
12	56421810	56420812	45
12	56421810	56421350	48
12	56422017	56420962	7
12	56422017	56421726	11
12	56422192	56421898	1
12	56422222	56421551	7
12	56453153	56449501	0
12	56453153	56449699	0
12	56453153	56451268	0
12	56453153	56451405	0
12	56453756	56452638	0
12	56453756	56453071	0
12	56469154	56458477	0
12	56469167	56453590	0
12	56471837	56470943	2
12	56471837	56470951	2
12	56471837	56470953	2
12	56472196	56471772	3
12	56472473	56470951	3
12	56472752	56472118	4
12	56473321	56472689	4
12	56473595	56473227	0
12	56474721	56473462	2
12	56474721	56473564	2
12	56474897	56474405	1
12	56474897	56474543	1
12	56474897	56474690	0
12	56475111	56474845	2
12	56475111	56474854	2
12	56475184	56474845	2
12	56475683	56474845	1
12	56475683	56475043	2
12	56475683	56475053	2
12	56475978	56474845	1
12	56475978	56475043	2
12	56475978	56475623	5
12	56476994	56475944	4
12	56477701	56475944	1
12	56477719	56475623	3
12	56477719	56475821	4
12	56477719	56475944	1
12	5647802	5635151	0
12	5647802	5635276	0
12	5647802	5635312	0
12	56478097	56477659	0
12	56478263	56477932	0
12	56479148	56478182	2
12	56479182	56478182	2
12	56479182	56478194	2
12	56479902	56475623	1
12	56479902	56475944	1
12	56479902	56478182	2
12	56479902	56479051	1
12	56480388	56479568	0
12	56480388	56479592	0
12	56480388	56479779	0
12	56480459	56479779	0
12	56488171	56453590	0
12	56488369	56478182	0
12	56488415	56478182	0
12	56488415	56479779	0
12	565402	564295	0
12	565402	564375	0
12	565402	564580	0
12	56599012	56595595	19
12	56599012	56595929	113
12	56599012	56598358	59
12	56599012	56598368	59
12	56600491	56599963	23
12	56600833	56600200	21
12	56600833	56600467	21
12	56601087	56600680	11
12	56601099	56600680	11
12	56601099	56600743	31
12	56601403	56600680	27
12	56604292	56603519	2
12	56604800	56604216	29
12	56605328	56604239	32
12	56605328	56604584	38
12	56605868	56604584	10
12	56606064	56605072	4
12	56606064	56605214	5
12	56606313	56605829	4
12	56606313	56605991	0
12	56606396	56605829	3
12	56606413	56605227	5
12	56606734	56605829	5
12	56610216	56606632	4
12	56610216	56609735	2
12	56610480	56610113	0
12	56610518	56610113	0
12	56610540	56610116	0
12	56611634	56610408	4
12	56611855	56611294	6
12	56612247	56611572	62
12	56613099	56611772	0
12	56613234	56611772	0
12	56614139	56613014	0
12	56614307	56613017	2
12	56615608	56613952	3
12	56615608	56615013	38
12	56617533	56615013	0
12	56617533	56615218	0
12	56617533	56615348	0
12	56617533	56615395	0
12	56617533	56615520	0
12	566179	565216	0
12	56630309	56615308	0
12	56639197	56638174	21
12	56639308	56638178	19
12	56639308	56638375	62
12	56639419	56638279	71
12	56640151	56639105	60
12	56640193	56639105	53
12	56642581	56639187	24
12	56642581	56639958	20
12	56642581	56639979	23
12	56642581	56639990	23
12	56642581	56640099	30
12	56642581	56640159	38
12	56643574	56642672	196
12	56643588	56642457	146
12	56643588	56642672	199
12	56643904	56643419	30
12	56643934	56643420	30
12	56643959	56643402	29
12	56645280	56639105	10
12	56645354	56639979	40
12	56645354	56643402	40
12	56645354	56643836	16
12	56645354	56644780	66
12	56645354	56644783	66
12	56645956	56644780	28
12	56645968	56644780	22
12	56664801	56663340	56
12	56664801	56663342	56
12	56664801	56663612	286
12	56664801	56664084	56
12	56664801	56664166	60
12	56664801	56664272	65
12	56671810	56670274	10
12	56671848	56664775	19
12	56671848	56666203	46
12	56671848	56670274	9
12	56672810	56666203	36
12	56672810	56670274	10
12	56673066	56670274	16
12	56712909	56712427	143
12	56712909	56712432	143
12	56712909	56712434	143
12	56712909	56712439	145
12	56712909	56712503	162
12	56712909	56712535	164
12	56713191	56712439	67
12	56713191	56712785	65
12	56713191	56712824	62
12	56713397	56712643	62
12	56713583	56713061	52
12	56713590	56713063	51
12	56713650	56713061	61
12	56713684	56713061	53
12	56713684	56713115	54
12	56713684	56713120	54
12	56714440	56713536	54
12	56714440	56713538	54
12	56714676	56714361	23
12	56714688	56713536	48
12	56714688	56713868	48
12	56714688	56714361	30
12	56714688	56714370	30
12	56714704	56714361	38
12	56714704	56714380	36
12	56714758	56714252	43
12	56716207	56714601	65
12	56719601	56714601	23
12	56721460	56714601	25
12	56724524	56714248	46
12	56724524	56714361	44
12	56724524	56714601	22
12	56724524	56714611	23
12	56724524	56714634	31
12	56724524	56715870	52
12	56724524	56719725	35
12	56724550	56714361	39
12	56724550	56714601	22
12	56724920	56724451	12
12	56725037	56724451	17
12	56725257	56724451	11
12	56725268	56724451	10
12	56725271	56724451	10
12	56725286	56724451	9
12	56725296	56724451	8
12	56725299	56724451	8
12	56725300	56714601	35
12	56725300	56724451	8
12	56725302	56724451	8
12	56725305	56724451	8
12	56725341	56724451	16
12	56725355	56724451	17
12	56725454	56724451	14
12	56725517	56724504	12
12	56725543	56724451	13
12	56727198	56724451	11
12	56731629	56725262	13
12	56734246	56725262	5
12	56734246	56731595	2
12	56734246	56731621	2
12	56738526	56734146	0
12	56739364	56738433	0
12	56739364	56738464	0
12	56741536	56739293	0
12	56741577	56739293	0
12	56741817	56741434	4
12	56741838	56741434	4
12	56741838	56741442	4
12	56744124	56742986	4
12	56746180	56743513	1
12	56746180	56744064	1
12	56746182	56744064	1
12	56746855	56744064	0
12	56746855	56746044	1
12	56747033	56746044	0
12	56747033	56746145	1
12	56747033	56746776	9
12	56747033	56746780	9
12	56751196	56746032	0
12	56751196	56746780	1
12	56751196	56746925	1
12	56751196	56746955	0
12	56929554	56923153	0
12	56952991	56951430	0
12	56952991	56951437	0
12	56982151	56981210	0
12	56996467	56998190	0
12	57006447	56998833	2
12	57010904	57010009	0
12	57012292	57010009	0
12	57012453	57009999	0
12	57012453	57010009	0
12	57012453	57012133	0
12	57012738	57012377	0
12	57012876	57012377	0
12	57013389	57012377	0
12	57013389	57012821	0
12	57013672	57013166	0
12	57013672	57013358	0
12	57028884	57016386	0
12	57029260	57028516	0
12	57029260	57028617	0
12	57029588	57029131	0
12	57029873	57029365	1
12	57029873	57029434	1
12	57030311	57029739	0
12	57030317	57029739	0
12	57031087	57030209	0
12	57031088	57029962	0
12	57031175	57029739	0
12	57031175	57030209	0
12	57036382	57030209	0
12	57038639	57037868	0
12	57039010	57038411	0
12	57039010	57038437	0
12	57041498	57041183	0
12	57043159	57041431	0
12	57043159	57041462	0
12	57047722	57047302	0
12	57047831	57047302	0
12	57048105	57047626	0
12	57048105	57047662	0
12	57048344	57047930	0
12	57048344	57047988	0
12	57050107	57043239	0
12	57060946	57055642	49
12	57060946	57055647	49
12	57060946	57059589	3
12	57070894	57064645	3
12	57070894	57069233	5
12	57072913	57069233	0
12	57072913	57070673	0
12	57072913	57070819	0
12	57096979	57095407	58
12	57096979	57095903	212
12	57096979	57096199	57
12	57096979	57096242	31
12	57096979	57096247	27
12	57096979	57096340	32
12	57096979	57096344	32
12	57096979	57096364	29
12	57096979	57096445	8
12	57097134	57096849	5
12	57097291	57096849	4
12	57098591	57097104	3
12	57098598	57097067	3
12	57098903	57098504	5
12	57098903	57098819	35
12	57099079	57098791	44
12	57099079	57098832	51
12	57099105	57098744	44
12	57099441	57098504	38
12	57099441	57099014	100
12	57099795	57099293	21
12	57099904	57098791	17
12	57099904	57099293	26
12	57099904	57099418	31
12	57100091	57099766	26
12	57100091	57099797	28
12	57104587	57102828	67
12	57104814	57103272	49
12	57104814	57104463	1
12	57104814	57104467	1
12	57106832	57106527	0
12	57107315	57106692	0
12	57107315	57106707	0
12	57107315	57106736	0
12	57107315	57106749	0
12	57107744	57107230	1
12	57107744	57107255	1
12	57107744	57107260	1
12	57108279	57107604	0
12	57108284	57107604	0
12	57108300	57107230	1
12	57108300	57107604	0
12	57108300	57107636	0
12	57108300	57107658	0
12	57108300	57107665	0
12	57111347	57107230	22
12	57111360	57107604	11
12	57147530	57146489	0
12	57147620	57144619	0
12	57204750	57205108	16
12	57208217	57208710	21
12	57230967	57231507	27
12	57231001	57231480	25
12	57231001	57231712	25
12	57231561	57231712	47
12	57232293	57232424	39
12	57232293	57232452	39
12	57232293	57232482	39
12	57232844	57233179	73
12	57233346	57233562	18
12	57233905	57234002	19
12	57234111	57234233	47
12	57235810	57234902	3
12	57235810	57234904	3
12	57235810	57234910	3
12	57236682	57235079	0
12	57236682	57235748	0
12	57237086	57236188	0
12	57237093	57236592	0
12	57237101	57236323	0
12	57237336	57236592	0
12	57237339	57236592	0
12	57237914	57237255	0
12	57240693	57237028	1
12	57240704	57237804	1
12	57240716	57239545	1
12	57244226	57243452	2
12	57244226	57243458	2
12	57244226	57243653	3
12	57244966	57244536	3
12	57245212	57244756	2
12	57245212	57244915	1
12	57246902	57244915	0
12	57248199	57246803	2
12	57248365	57246803	1
12	57248804	57248125	0
12	57249309	57248705	2
12	57249638	57249018	2
12	57249638	57249040	2
12	57249731	57249040	2
12	57251185	57249040	3
12	57251186	57248125	1
12	57251187	57248125	1
12	57251187	57249570	1
12	57251189	57249570	1
12	57251194	57249570	1
12	57251194	57249608	1
12	57256075	57250992	3
12	57256075	57253761	5
12	57256075	57253763	5
12	57256075	57253764	5
12	57256075	57253775	4
12	57256075	57254732	6
12	57256075	57254755	6
12	57256512	57255989	5
12	57256512	57256013	5
12	57258138	57256413	3
12	57258138	57256489	6
12	57280531	57269751	0
12	57280531	57272452	0
12	57284057	57280357	0
12	57284057	57280429	0
12	57284057	57280460	0
12	57298169	57297327	15
12	57298169	57297762	17
12	57299437	57298089	0
12	57299479	57298003	0
12	57299479	57298089	0
12	57310452	57303175	0
12	57310461	57303175	0
12	57310464	57303175	0
12	57310464	57305639	0
12	5732631	5647726	0
12	5732633	5647726	0
12	5732878	5732519	0
12	5733181	5732519	0
12	57341483	57310263	3
12	5739400	5647726	0
12	5739400	5732513	0
12	5739400	5732519	0
12	57395819	57310263	0
12	57430791	57310339	0
12	57430809	57395748	2
12	57431006	57395748	1
12	5744318	5732519	0
12	57473692	57472265	0
12	57473709	57472254	0
12	57473709	57472263	0
12	57473709	57472264	0
12	57473709	57472265	0
12	57473709	57472269	0
12	57473709	57472476	0
12	57473709	57472675	0
12	57474177	57472263	0
12	57474177	57472265	0
12	57474477	57472263	0
12	57474477	57473602	0
12	57474477	57474041	0
12	57474704	57473602	0
12	57474704	57474041	0
12	57474704	57474268	0
12	57474704	57474422	0
12	57475616	57475290	0
12	57475932	57475482	0
12	57475932	57475484	0
12	57476167	57475482	0
12	57476167	57475775	0
12	57476167	57475832	0
12	57476338	57476157	0
12	57476455	57475832	0
12	57476455	57476070	0
12	57476455	57476077	0
12	57476455	57476135	0
12	57476642	57476070	0
12	57476652	57476363	0
12	57476652	57476376	0
12	57476964	57476363	0
12	57476964	57476589	0
12	57477270	57476363	0
12	57477270	57476589	0
12	57477270	57476830	0
12	57477270	57476870	0
12	57477270	57476887	0
12	57477681	57476729	0
12	57477681	57476933	0
12	57477681	57477155	0
12	57477785	57477155	0
12	57477817	57477155	0
12	57477852	57477458	0
12	57477857	57477458	0
12	57477868	57477213	0
12	57477874	57477458	0
12	57478037	57477458	0
12	57478060	57477458	0
12	57478151	57477479	0
12	57478199	57477458	0
12	57478338	57477458	0
12	57478611	57477458	0
12	57478758	57477458	0
12	57478758	57477542	0
12	57488727	57483894	0
12	57488815	57483894	0
12	57489110	57489266	8
12	57489346	57489423	19
12	57489346	57489454	19
12	57512104	57512235	11
12	57512104	57512302	27
12	57515992	57516138	200
12	57515992	57516244	188
12	57516159	57516244	187
12	57516338	57516434	68
12	57517425	57516587	95
12	57517439	57516587	97
12	57517439	57516592	95
12	57517543	57516952	76
12	57517596	57516588	99
12	57517754	57516587	90
12	57517754	57516808	78
12	57517754	57517268	67
12	57520481	57517711	21
12	57520493	57517705	29
12	57520512	57517268	12
12	57520512	57517705	31
12	57520518	57517705	32
12	57521738	57517705	13
12	57524093	57524279	21
12	57527661	57527847	31
12	57529326	57529933	79
12	57529330	57529610	91
12	57529675	57529933	129
12	57532107	57530101	5
12	57532107	57530310	5
12	57532107	57530353	3
12	57532107	57530616	5
12	57532107	57530678	5
12	57532107	57530688	5
12	57532316	57532014	7
12	57532644	57532014	4
12	57532644	57532212	8
12	57532811	57532266	9
12	57532811	57532571	2
12	57532811	57532589	2
12	57532811	57532634	2
12	57533023	57532571	2
12	57533023	57532732	1
12	57533023	57532783	2
12	57533023	57532792	2
12	57533023	57532794	2
12	57533304	57532732	2
12	57533304	57532983	4
12	57533304	57532993	4
12	57533973	57532983	2
12	57534098	57532983	2
12	57534098	57533237	4
12	57534403	57533237	4
12	57534453	57533952	4
12	57534453	57534008	6
12	57534531	57532977	2
12	57535071	57534291	4
12	57535140	57534291	5
12	57535155	57532983	2
12	57535155	57533237	4
12	57535155	57534291	5
12	57535155	57534340	6
12	57535155	57534345	6
12	57535546	57534977	7
12	57535546	57535055	6
12	57535546	57535059	6
12	57535547	57534381	8
12	57535846	57535055	5
12	57535846	57535483	2
12	57536084	57535483	6
12	57538348	57535748	18
12	57538525	57535748	19
12	57538553	57535748	22
12	57538567	57535748	22
12	57541373	57535748	43
12	57546097	57535494	27
12	57546097	57535748	29
12	57546097	57538482	31
12	57546097	57538518	32
12	57546097	57541363	15
12	57546097	57542946	12
12	57547121	57546027	4
12	57547122	57546027	4
12	57547142	57546027	4
12	57547153	57546027	4
12	57547173	57546027	4
12	57547175	57546027	4
12	57547186	57546027	3
12	57547189	57546027	3
12	57547194	57546027	3
12	57547207	57546027	3
12	57547225	57535748	9
12	57547332	57546027	4
12	57601637	57601925	33
12	57604859	57605343	13
12	57604859	57605570	24
12	57604859	57605988	22
12	57604859	57606189	14
12	57605732	57606189	20
12	57606030	57606189	18
12	57606519	57606864	20
12	57606519	57606883	20
12	57608738	57609076	58
12	57612897	57613040	14
12	57613145	57613263	1
12	57613360	57613439	0
12	57613517	57613693	0
12	57614120	57614330	0
12	57614401	57614515	4
12	57614606	57614688	2
12	57615315	57615511	2
12	57615653	57612338	2
12	57615684	57612117	1
12	57616306	57615491	3
12	57618066	57615225	2
12	57618172	57615225	2
12	57619639	57615227	2
12	57621428	57621689	0
12	57623914	57624002	27
12	57624099	57624499	10
12	57624099	57624865	12
12	57624607	57624723	12
12	57624607	57624865	11
12	57624794	57624865	14
12	57624983	57625122	23
12	57625157	57625235	16
12	57625157	57625409	16
12	57625319	57625409	15
12	57625331	57625409	15
12	57625465	57625581	19
12	57625465	57625624	18
12	57625465	57625997	18
12	57625688	57625997	15
12	57625753	57625997	19
12	57627859	57625894	12
12	57627859	57626427	0
12	57627859	57626475	0
12	57627892	57626940	3
12	57628263	57623409	3
12	57628263	57627617	3
12	57628730	57628121	2
12	57628904	57627617	3
12	57628904	57628121	5
12	57628904	57628166	7
12	57629147	57628712	15
12	57629175	57628712	15
12	57629366	57626171	12
12	57630333	57628451	12
12	57630333	57628712	12
12	57630333	57629047	8
12	57630519	57629328	8
12	57630519	57629343	7
12	57630519	57630151	0
12	57631087	57630151	0
12	57631087	57630477	0
12	57631087	57630506	0
12	57631088	57630477	0
12	57631255	57630979	9
12	57631255	57630996	9
12	57631365	57630979	8
12	57631365	57631156	8
12	57631365	57631199	8
12	57632134	57630979	0
12	57632134	57631199	8
12	57632134	57631221	8
12	57632134	57631338	4
12	57632681	57631127	3
12	57695678	57695779	5
12	57695844	57695961	0
12	57695977	57696274	5
12	57696039	57696274	6
12	57715971	57716088	15
12	57715971	57716091	15
12	57719183	57720098	15
12	57720264	57720405	16
12	57721511	57694131	0
12	57727230	57723760	0
12	57727230	57725196	3
12	57727230	57726551	12
12	57727583	57726973	27
12	57727772	57727359	25
12	57728086	57727680	12
12	57728378	57727936	7
12	57729768	57727936	0
12	57729768	57728317	0
12	57730615	57729638	1
12	57730954	57730382	0
12	57730954	57730494	0
12	57746257	57746349	7
12	57746257	57746588	7
12	57746257	57746592	7
12	57746449	57746588	8
12	57746721	57747017	5
12	57747132	57747215	13
12	57749318	57747726	47
12	57749318	57748410	33
12	57749318	57748425	36
12	57749318	57748519	35
12	57749318	57748590	39
12	57749505	57749181	24
12	57749505	57749190	27
12	57749505	57749219	26
12	57749505	57749233	27
12	57749796	57749181	51
12	57750564	57749453	49
12	57750672	57749453	45
12	57750766	57749453	32
12	57751091	57749453	37
12	57751091	57750441	40
12	57751091	57750655	38
12	57751091	57750668	40
12	57751091	57750678	47
12	57751343	57750655	49
12	57751343	57750922	36
12	57751343	57750933	37
12	57751660	57751206	30
12	57751697	57751206	30
12	57751737	57750655	34
12	57751737	57750826	33
12	57751737	57750922	36
12	57751737	57751206	33
12	57751737	57751214	39
12	57751737	57751296	33
12	57751753	57751206	30
12	57751878	57751206	30
12	57752116	57751711	27
12	57752277	57751499	15
12	57752296	57751499	23
12	57752323	57751206	29
12	57752323	57751499	19
12	57752327	57751499	22
12	57752334	57751499	18
12	57752350	57751499	11
12	57752354	57749453	27
12	57752365	57751206	23
12	57752448	57751499	9
12	57752522	57751499	15
12	57756014	57751499	0
12	57763809	57762333	33
12	57763809	57762338	34
12	57764177	57763610	31
12	57764551	57764097	19
12	57764551	57764136	14
12	57764927	57764377	20
12	57765212	57764543	26
12	57765212	57764753	23
12	57765500	57764753	23
12	57765500	57765010	38
12	57765686	57765010	22
12	57766198	57765010	10
12	57766198	57765296	14
12	57766198	57765469	11
12	57766512	57765456	10
12	57768987	57766006	9
12	57769405	57768470	20
12	57769405	57768581	20
12	57769405	57769048	14
12	57769424	57768637	20
12	57769637	57769302	18
12	57769656	57769302	17
12	57769679	57769302	16
12	57769679	57769303	16
12	57769866	57769564	19
12	57769957	57769564	44
12	57769957	57769579	48
12	57771258	57769564	34
12	57771258	57769771	32
12	57771258	57770683	34
12	57771606	57771093	2
12	57772077	57769771	18
12	57772102	57770756	2
12	57772115	57771093	1
12	57772120	57771093	1
12	57772794	57771093	7
12	57799921	57797739	0
12	57799921	57797777	0
12	57799921	57797881	2
12	57800654	57797375	2
12	57802349	57801143	0
12	57803392	57802159	1
12	57803392	57802182	1
12	57803670	57803246	2
12	57806490	57803295	0
12	57806540	57803523	0
12	57807490	57806131	1
12	57807490	57806137	1
12	57807490	57806359	0
12	57807728	57806359	0
12	57808295	57807330	0
12	57808295	57807589	1
12	57809180	57805855	1
12	57810927	57810348	0
12	57811128	57810815	0
12	57811128	57810900	2
12	57815693	57814151	0
12	57816060	57814151	0
12	57816472	57814151	0
12	57823958	57822799	21
12	57824006	57823182	16
12	57824090	57819926	10
12	57824090	57822890	21
12	57824090	57823460	13
12	57824090	57823652	4
12	57824320	57823903	4
12	57824320	57823957	3
12	57824544	57823903	4
12	57826403	57824226	1
12	57827098	57826345	0
12	57827124	57826345	0
12	57827408	57826378	1
12	57827591	57826345	0
12	57829597	57823903	2
12	57845535	57829447	0
12	57846545	57829447	0
12	57846705	57829543	0
12	57846740	57829447	0
12	57872089	57869834	0
12	57893953	57886360	0
12	57896483	57872852	0
12	57935554	57931587	1
12	57936060	57931568	3
12	57936064	57935073	1
12	57936080	57931527	0
12	57936176	57935469	1
12	5827821	5807312	0
12	5830490	5827768	0
12	5830490	5827804	0
12	5854142	5830434	0
12	5854142	5832451	0
12	5854142	5836777	0
12	5854142	5851956	0
12	5856634	5854047	0
12	58569160	58565958	0
12	58569160	58565959	0
12	586487	585864	0
12	5870437	5854042	0
12	58757033	58712183	0
12	58768733	58571327	0
12	58781717	58616934	0
12	58874331	58872148	1
12	58874331	58872547	1
12	58874573	58873550	2
12	58874574	58874054	1
12	58876604	58874052	1
12	58876604	58874429	2
12	58880479	58878823	3
12	58880902	58878823	2
12	58880902	58880368	9
12	58882887	58880359	0
12	58883033	58880580	0
12	58885903	58883519	3
12	58886891	58885830	0
12	58887036	58885879	1
12	58888963	58888328	0
12	58890140	58888818	0
12	58890140	58888873	0
12	58914057	58890664	0
12	58914337	58913494	0
12	58914337	58913981	0
12	58914584	58913981	0
12	5921367	5832451	0
12	5921367	5854041	0
12	5921367	5854042	0
12	59402764	59366217	0
12	5949884	5948873	0
12	5951884	5949785	0
12	59523984	59523277	0
12	5952520	5951843	0
12	5952520	5951872	0
12	5953595	5952267	0
12	5953595	5952390	0
12	5953891	5952390	0
12	5994204	5991818	0
12	5994608	5993861	0
12	6019744	6016753	0
12	6021569	6019527	0
12	6022036	6018364	0
12	6095585	6075334	0
12	610419	565949	0
12	6110583	5993879	0
12	6110583	6095282	0
12	6110583	6095459	0
12	6121339	6110865	0
12	6122967	6121173	0
12	6122967	6121176	0
12	6123197	6121173	0
12	6123197	6122723	0
12	6123197	6122724	0
12	6124666	6123141	0
12	6124671	6123141	0
12	6124675	6122705	0
12	6124676	6123141	0
12	6124771	6123141	0
12	6157667	6155034	0
12	61720925	61708276	0
12	61753747	61708258	0
12	61753747	61708273	0
12	61753747	61708276	0
12	61753747	61720686	0
12	61755025	61753621	0
12	61755025	61753677	0
12	61755025	61753723	0
12	61827234	61754871	0
12	61867427	61710122	0
12	61867427	61754871	0
12	61890424	61867319	0
12	62023780	61867319	0
12	62023780	61890341	0
12	62104929	61867319	0
12	62136037	61878077	0
12	62145644	62139998	0
12	62191437	61867319	0
12	62192843	61867319	0
12	62198407	62070421	0
12	62207251	62198211	0
12	62253402	62242432	0
12	62258824	62023651	0
12	62258843	61867319	0
12	62258843	62242430	0
12	62258843	62253490	1
12	62258911	62023651	0
12	62258911	62207171	0
12	62258911	62242430	0
12	62258956	62206888	0
12	62259040	62255164	0
12	62259729	62258762	0
12	62259755	62258762	0
12	62260114	62258762	0
12	62260138	62258762	0
12	62260142	62258225	0
12	62260145	62258762	0
12	62260171	62258762	0
12	62267247	62258783	0
12	6232730	6232936	6
12	6235566	6236191	17
12	62383999	62384077	0
12	62484933	62482348	0
12	62566032	62566321	13
12	62667330	62643981	0
12	62667330	62648573	0
12	62689807	62667177	0
12	62694000	62689698	0
12	62694000	62689749	0
12	62788339	62737501	0
12	62788485	62737501	0
12	62802161	62788225	0
12	62832280	62801815	0
12	62832280	62801930	0
12	62832280	62801940	0
12	62934049	62832113	0
12	62935038	62832113	0
12	63005067	63004337	0
12	63006542	63004928	0
12	63147646	63145233	0
12	63150180	63147420	0
12	63150943	63142758	0
12	6330067	6328756	33
12	6330067	6329080	198
12	6330067	6329144	205
12	6330067	6329236	72
12	6330067	6329464	95
12	6330296	6329777	4
12	6330296	6329867	7
12	6330712	6330266	1
12	6330927	6330441	8
12	6330927	6330597	12
12	6331148	6330267	13
12	6331382	6330597	18
12	6333106	6330597	5
12	6333148	6330852	9
12	6333148	6331239	7
12	6333148	6331871	4
12	6333443	6333068	30
12	6333452	6333065	27
12	6333452	6333068	29
12	6333517	6333068	40
12	6333839	6333457	2
12	6333866	6333068	1
12	6333866	6333075	1
12	6333866	6333366	1
12	6334245	6333068	0
12	6334245	6333366	3
12	6334245	6333736	2
12	6334245	6333844	2
12	63360038	63292624	0
12	6341849	6334090	14
12	6341983	6334090	14
12	6342005	6333919	14
12	6342005	6334090	10
12	6342028	6334090	10
12	6342036	6334090	10
12	6342042	6334090	11
12	6342086	6334090	7
12	6342115	6333366	11
12	6342115	6333736	10
12	6342115	6334090	7
12	6348803	6346842	1
12	6348803	6346846	1
12	6348803	6347508	0
12	6348803	6347683	0
12	6348803	6348082	0
12	6349006	6348726	0
12	6349104	6348726	0
12	6349222	6348949	0
12	6349406	6348949	0
12	6354550	6349829	0
12	6354556	6349326	0
12	6354556	6353716	0
12	6354849	6354404	0
12	6354849	6354435	0
12	6354849	6354437	0
12	6355337	6354749	0
12	6355379	6354749	0
12	6355436	6354749	0
12	6355437	6354749	0
12	6355881	6354749	0
12	6355881	6355271	2
12	6355881	6355336	2
12	6356294	6355391	2
12	63569350	63558912	1
12	63569350	63560195	0
12	63569350	63560350	2
12	63569470	63560058	2
12	63594134	63583811	1
12	63594134	63590998	7
12	63596038	63594086	0
12	63597911	63595965	0
12	63600387	63597808	0
12	63600387	63597893	0
12	63624132	63621237	0
12	63626527	63621237	0
12	6363626	6362067	0
12	6363711	6355776	1
12	6363711	6362050	0
12	6364148	6362067	0
12	63661482	63647244	0
12	63663846	63660894	5
12	63663846	63661343	5
12	63663846	63661360	5
12	63665860	63661343	6
12	63668536	63666464	0
12	63668543	63665834	0
12	63668578	63665834	0
12	63668850	63668121	0
12	63668940	63665834	3
12	63688493	63682522	0
12	63688494	63684747	0
12	6374729	6363545	0
12	6374804	6363442	0
12	6374838	6363442	0
12	6374838	6363632	0
12	6375214	6374465	0
12	6375219	6374365	0
12	6375225	6363442	0
12	6375380	6374367	0
12	6375406	6375511	0
12	6375435	6356192	0
12	6375550	6374367	0
12	6375564	6374367	0
12	6375564	6374447	0
12	6375744	6374625	0
12	6376029	6374768	0
12	6377352	6374489	1
12	6377352	6375504	0
12	6377360	6374367	0
12	6377731	6374368	0
12	63795719	63623787	0
12	63805405	63808674	2
12	63808855	63804738	6
12	63812308	63808844	0
12	63822157	63816200	0
12	6385148	6385226	40
12	64042941	64038561	0
12	64097619	64042804	0
12	64120490	64108762	0
12	64127725	64127860	1
12	64147858	64146387	28
12	64194659	64186315	3
12	64215964	64191082	2
12	64215964	64192638	0
12	64215964	64193846	0
12	64222264	64221496	3
12	64222266	64215677	1
12	64222292	64215677	1
12	64222297	64215677	1
12	64267684	64266982	0
12	64270715	64264761	0
12	64270715	64266436	0
12	64270715	64266982	0
12	64274976	64270535	0
12	64275373	64270684	0
12	64303780	64285953	0
12	64312753	64303634	0
12	64312753	64303749	0
12	64331033	64303634	0
12	64353057	64330959	0
12	643637	565359	0
12	643666	565949	0
12	643686	565832	0
12	64390527	64352893	0
12	64390692	64352893	0
12	64391193	64352893	0
12	64425139	64425337	78
12	64425183	64425337	85
12	6443718	6439000	2
12	6443718	6439160	1
12	6443718	6439164	1
12	6443718	6439238	1
12	64443331	64442509	27
12	6447774	6443545	0
12	6448151	6446960	5
12	64485514	64485925	0
12	6448738	6447772	0
12	6448738	6447989	4
12	6448738	6448036	4
12	6448758	6447615	16
12	6448786	6447829	3
12	6450631	6450894	51
12	6450709	6448639	9
12	6450981	6448639	7
12	6450981	6450473	41
12	6451450	6450410	5
12	6451503	6450869	0
12	6451513	6450340	5
12	6451516	6448639	7
12	6451518	6448639	7
12	6451535	6450892	0
12	64515602	64507165	0
12	6451568	6450340	5
12	6457544	6457668	17
12	64609460	64599077	0
12	64610542	64610618	17
12	6464942	6462236	20
12	6464942	6462379	38
12	6464942	6462676	35
12	6464942	6463859	42
12	64655020	64654059	0
12	6466001	6462236	5
12	6466001	6464581	1
12	6466001	6464670	1
12	6466001	6464889	4
12	6466001	6465202	1
12	6466273	6465841	2
12	6466352	6465841	2
12	6470615	6465841	3
12	6470646	6466224	1
12	6470654	6466224	1
12	6470678	6465841	2
12	6470678	6466224	1
12	6470988	6466224	2
12	64720183	64713444	2
12	64720183	64713448	2
12	64720183	64716461	2
12	64720183	64716474	2
12	64720183	64716608	4
12	64721706	64720021	0
12	64721706	64720038	0
12	64721706	64720050	0
12	64723114	64721594	1
12	64729058	64723005	0
12	64729155	64723005	0
12	64729219	64722832	0
12	64737108	64723005	3
12	64739500	64737003	0
12	64740689	64739380	0
12	64740689	64739403	0
12	6492973	6491885	15
12	6492973	6492102	15
12	6492973	6492146	15
12	6492973	6492151	15
12	6492973	6492280	17
12	6493047	6492151	15
12	6493504	6494115	32
12	6493841	6492150	18
12	64957858	64920844	0
12	64982525	64957753	0
12	65055214	65050625	0
12	65055214	65051306	0
12	65067791	65066640	0
12	65068905	65067694	0
12	65068905	65067742	0
12	65120557	65077745	0
12	65120687	65077745	0
12	6514393	6514463	28
12	65245775	65245860	6
12	6533499	6532289	4
12	6536791	6536919	700
12	6536818	6536919	666
12	6537011	6537100	423
12	6537217	6537308	810
12	6537391	6537583	305
12	6538371	6537793	3053
12	6540589	6538374	8
12	6541643	6538960	25
12	6541643	6539527	2
12	6541643	6539528	2
12	6541643	6539538	2
12	6541643	6539539	2
12	6541643	6539576	28
12	6541643	6539606	28
12	6548158	6541511	1
12	6548161	6541511	1
12	6548546	6541511	0
12	65500085	65466819	0
12	65538700	65523262	0
12	65538762	65499898	0
12	65556998	65499886	0
12	65556998	65544237	0
12	65558690	65556757	0
12	65561942	65558430	0
12	65570049	65499690	0
12	65570049	65499927	0
12	65570049	65538683	0
12	65570049	65558427	0
12	65570069	65558133	0
12	6558138	6556870	17
12	6560327	6556862	26
12	6560327	6556869	23
12	6560327	6556870	23
12	6560327	6556885	33
12	6560327	6556935	30
12	6560327	6557220	38
12	6560327	6558015	36
12	6560327	6558027	34
12	6560570	6557553	54
12	6560570	6560097	166
12	6560744	6560446	57
12	6560788	6560203	122
12	6560788	6560446	46
12	6560794	6560097	46
12	6560982	6560240	39
12	6561071	6560446	32
12	6561071	6560697	20
12	65613230	65608470	14
12	65613278	65569990	0
12	65613278	65587342	0
12	6561805	6560930	30
12	6561805	6560935	30
12	6561972	6561663	16
12	6561972	6561673	16
12	6563513	6563080	45
12	6563515	6563080	45
12	6563755	6563080	67
12	6563772	6563080	89
12	6563772	6563314	41
12	6563772	6563439	98
12	6563947	6563314	6
12	6563947	6563611	6
12	6563947	6563613	6
12	65642199	65569990	0
12	65642373	65569990	0
12	6564249	6563890	1
12	6564306	6563625	1
12	6566325	6563890	17
12	6566337	6563890	16
12	6566337	6563907	17
12	6566337	6564149	28
12	6566458	6563890	25
12	6566560	6566100	58
12	6566618	6563890	10
12	6566618	6566097	41
12	6566618	6566100	43
12	6566823	6566100	16
12	6566823	6566259	18
12	6566823	6566261	18
12	6566823	6566528	13
12	6566823	6566575	13
12	6567923	6560697	32
12	6567923	6566528	22
12	6567923	6566776	11
12	6567923	6566800	18
12	6567963	6566776	11
12	6568276	6567815	6
12	6568279	6567815	7
12	6568282	6567815	7
12	6568283	6567815	7
12	6568287	6567815	7
12	6568292	6567499	10
12	6568294	6567815	7
12	6568297	6566776	10
12	6568298	6567815	7
12	6568300	6567815	7
12	6568315	6567815	7
12	6568325	6567815	7
12	6568326	6567815	7
12	6568333	6567815	7
12	6568692	6567815	9
12	6571033	6567815	9
12	6571033	6570081	20
12	6571033	6570086	20
12	6571033	6570087	20
12	6571033	6570144	43
12	6571033	6570180	45
12	6571033	6570183	45
12	6571033	6570185	20
12	6571033	6570187	20
12	6571033	6570190	20
12	6571033	6570191	20
12	6571033	6570201	20
12	6571033	6570207	20
12	6571033	6570212	20
12	6571033	6570239	62
12	6571033	6570318	220
12	6571033	6570351	220
12	6571033	6570371	219
12	6571033	6570402	220
12	6571033	6570421	205
12	6571033	6570508	30
12	6571033	6570579	24
12	6571925	6570344	8
12	6572985	6570868	3
12	6573163	6570170	14
12	6573270	6570241	22
12	6573270	6570868	15
12	6573270	6570955	14
12	6573403	6570157	22
12	6577918	6570868	19
12	6577918	6573070	16
12	6577918	6573073	16
12	6577918	6573118	19
12	6578118	6577784	19
12	6578136	6577784	19
12	6578138	6577784	19
12	6578142	6577719	21
12	6578547	6573073	5
12	6578547	6577784	17
12	6578547	6577874	15
12	6578905	6578028	1
12	6578907	6578408	0
12	6578918	6577784	4
12	6578918	6578028	1
12	6578918	6578337	0
12	6578918	6578408	0
12	6579278	6578408	1
12	6579498	6578845	0
12	6579588	6578408	1
12	6580549	6578845	0
12	6580608	6578845	0
12	6580680	6578845	0
12	6580700	6578845	0
12	6580727	6578845	1
12	6581174	6578845	0
12	6581174	6578864	0
12	6581174	6578870	0
12	6581174	6580581	0
12	6581174	6580796	0
12	6581344	6581043	0
12	6581386	6578845	0
12	6581386	6581037	0
12	6581386	6581043	0
12	6581389	6578845	0
12	6581389	6580834	0
12	6581389	6581037	0
12	6581389	6581043	0
12	6581815	6581037	0
12	6581815	6581043	0
12	6581815	6581290	1
12	65826975	65758019	5
12	6582749	6582136	3
12	6582937	6582614	0
12	6583107	6582847	5
12	6583114	6582847	5
12	6583114	6582878	0
12	6583332	6583026	47
12	6583376	6583026	15
12	6583379	6582847	7
12	6583379	6583026	14
12	6584128	6583026	9
12	65866955	65851339	12
12	65866955	65855946	6
12	6587393	6566528	62
12	6587451	6583026	13
12	6587514	6583197	11
12	6587560	6582847	5
12	6587560	6583026	2
12	6587560	6583195	3
12	6587560	6583197	3
12	65877133	65866803	5
12	65877133	65873811	4
12	6587735	6586829	13
12	6587950	6583026	2
12	6587950	6583197	10
12	6587950	6587383	6
12	6587950	6587468	143
12	65882042	65866803	9
12	65882168	65866803	9
12	6588319	6587383	6
12	6588423	6587383	1
12	6591584	6588297	0
12	6591584	6590072	0
12	6591699	6591465	0
12	6591826	6591239	0
12	6591826	6591465	0
12	6592058	6591693	0
12	6592567	6591761	0
12	6592567	6591915	0
12	65942694	65934776	11
12	65951416	65952355	19
12	6600564	6600216	0
12	6600670	6599772	0
12	6600670	6600216	0
12	6601054	6600533	0
12	6601054	6600534	0
12	6601978	6601647	0
12	6602155	6601647	0
12	6602176	6601647	1
12	6602489	6601959	3
12	6602498	6601647	8
12	6602498	6601959	1
12	6602498	6601963	3
12	6602498	6601999	6
12	66028700	66027724	0
12	6603143	6602375	0
12	6606321	6602375	3
12	6606362	6602375	3
12	6606374	6602375	3
12	6606435	6602375	1
12	6606452	6601959	3
12	6606452	6602375	1
12	6606994	6602444	2
12	6607335	6606273	1
12	6607357	6606273	1
12	6607368	6606273	1
12	6607369	6606273	1
12	6607382	6606273	1
12	6607398	6606273	1
12	6607414	6606273	2
12	6607418	6606273	2
12	6607420	6606273	2
12	6607453	6606273	2
12	6607477	6606273	2
12	6607583	6606273	1
12	6608431	6607299	0
12	66129114	66116554	3
12	66129114	66123306	3
12	66129114	66123916	4
12	66138130	66128895	21
12	66138166	66137833	19
12	66138735	66137919	11
12	66138743	66138055	12
12	66138770	66135845	13
12	66138770	66136936	13
12	66138770	66137838	13
12	66138770	66137839	13
12	66138770	66137841	10
12	66138770	66138105	12
12	66138770	66138723	12
12	66138938	66137828	15
12	6614166	6607299	0
12	6614385	6607299	0
12	6614525	6607299	0
12	66145362	66144748	18
12	66145959	66137833	14
12	66145959	66137963	19
12	66145959	66138723	13
12	66145959	66138744	12
12	66169354	66153339	1
12	66169512	66153339	1
12	66169963	66160164	10
12	66169964	66153339	1
12	66169970	66169289	4
12	66169981	66168914	6
12	66169986	66153339	1
12	66169990	66161087	5
12	66169999	66153339	1
12	66170000	66153339	1
12	66170005	66147907	3
12	66170013	66168745	6
12	66170028	66153339	0
12	66170073	66153339	0
12	66252384	66251744	0
12	66254846	66252308	0
12	6631650	6618834	0
12	6631672	6620432	0
12	66338213	66343455	6
12	66353564	66347430	0
12	66353564	66348824	0
12	66353564	66349035	0
12	66353564	66349178	0
12	6636448	6618834	0
12	66371928	66353416	0
12	66372342	66353416	0
12	66377062	66371693	0
12	66377062	66371753	0
12	66377286	66371693	0
12	66377286	66371818	0
12	66377286	66371863	0
12	663780	565949	0
12	6638852	6638074	0
12	6639038	6638074	0
12	6639038	6638159	0
12	6639038	6638509	0
12	66394353	66392676	0
12	66406429	66394207	0
12	66406429	66394327	0
12	66444730	66432547	0
12	6644507	6643538	0
12	66445509	66444583	0
12	66445509	66444724	0
12	6644606	6643538	2
12	6645338	6643538	0
12	6645338	6644054	0
12	6645338	6644136	0
12	6645338	6644239	0
12	6645338	6644497	0
12	6645338	6644553	0
12	66455562	66445321	0
12	66455565	66445321	0
12	66455565	66445395	0
12	66463094	66445321	0
12	6647013	6645219	0
12	6647013	6646482	0
12	6647284	6646482	0
12	6647394	6646793	0
12	6647412	6646793	0
12	6647429	6646578	0
12	6647434	6646793	0
12	6647461	6646793	0
12	6651386	6650279	16
12	6651386	6650538	8
12	6651386	6650590	8
12	6651386	6650625	10
12	6651386	6650790	14
12	6651386	6650823	24
12	6651386	6650964	8
12	6651386	6651011	0
12	6651386	6651013	0
12	6651386	6651095	0
12	6651386	6651194	0
12	66515765	66348826	0
12	66515765	66465274	0
12	66517923	66515618	0
12	66517940	66515618	0
12	66517977	66515618	0
12	66517977	66515629	0
12	66517977	66515726	0
12	6652310	6651323	0
12	6652419	6651321	1
12	6652419	6651323	1
12	6652419	6651364	1
12	6652768	6651323	1
12	6652768	6652270	3
12	6652771	6651323	1
12	6652771	6652270	3
12	6652771	6652311	3
12	6652771	6652338	3
12	66529915	66517900	0
12	66529915	66517948	0
12	6653051	6651323	2
12	6653051	6652270	2
12	66539109	66529830	0
12	66539224	66529830	0
12	66539224	66529844	0
12	66541951	66539077	0
12	6656758	6652935	4
12	6656791	6652935	0
12	6656799	6652270	0
12	6656799	6652661	4
12	6656799	6652935	0
12	6656799	6653229	3
12	6656799	6655637	3
12	66569195	66563966	0
12	66571059	66541814	0
12	6657853	6656726	2
12	66596928	66541814	0
12	66596928	66541871	0
12	66626813	66596846	0
12	6663086	6656726	3
12	6663102	6652935	0
12	6663102	6653229	2
12	6663102	6656726	3
12	6663105	6656437	3
12	6663115	6656726	3
12	6663120	6656726	3
12	6663130	6656726	3
12	6663141	6656726	3
12	6663143	6656726	3
12	6663149	6656726	3
12	66647350	66596846	0
12	66678935	66541814	0
12	66678974	66596846	0
12	66679146	66596846	0
12	6669158	6667691	21
12	6669190	6666476	19
12	6669190	6666647	25
12	6669190	6666729	36
12	6669190	6666737	41
12	6670839	6669030	28
12	6672533	6670759	16
12	6673396	6672040	39
12	6673441	6670759	12
12	6673441	6672349	40
12	6673441	6672403	55
12	6677260	6673215	10
12	6678344	6673215	14
12	6678461	6673215	16
12	6678461	6673247	12
12	6678461	6677166	8
12	6678543	6673059	12
12	6678711	6678126	30
12	6678711	6678200	32
12	6678711	6678431	4
12	6679184	6673215	8
12	6679184	6678126	8
12	6679184	6678260	65
12	6679184	6678660	73
12	6679184	6678662	73
12	6679184	6678664	73
12	6679522	6678945	9
12	6679526	6678809	9
12	6679526	6678945	9
12	66803981	66596846	0
12	66804115	66541814	0
12	66804187	66596846	0
12	6688227	6678945	1
12	6688227	6679219	1
12	6688227	6679454	1
12	6688570	6679454	0
12	6688690	6679454	0
12	6689300	6679454	1
12	6695652	6693791	1
12	6696525	6693791	1
12	6696525	6695429	4
12	6697793	6696442	0
12	6698105	6697286	0
12	6698105	6697294	0
12	6698105	6697579	0
12	6698307	6697477	0
12	67037493	67035507	0
12	67069163	66596846	0
12	67069163	66891875	0
12	67091629	67037384	0
12	67091629	67077625	0
12	67091629	67086777	0
12	6724331	6724613	7
12	6724369	6724613	12
12	6724379	6724613	14
12	67442560	67440997	0
12	6748983	6747995	56
12	6748983	6748003	56
12	6750008	6748720	27
12	6750008	6748766	25
12	6750008	6748769	27
12	6750008	6748794	23
12	6750008	6748881	33
12	6750306	6749847	21
12	6750319	6749847	21
12	6750767	6749786	22
12	6750767	6749847	24
12	6750767	6750144	21
12	6750767	6750176	23
12	6750767	6750211	20
12	6751157	6750343	12
12	6751677	6750176	11
12	6751677	6750712	10
12	6751677	6750744	11
12	6752055	6751640	10
12	6752363	6751924	5
12	6752679	6751924	4
12	6752709	6752284	2
12	6752917	6752284	3
12	6752968	6751821	7
12	6753070	6752284	6
12	6753118	6752284	3
12	6753556	6752284	6
12	67587307	67571196	0
12	67587307	67586589	0
12	67667667	67658990	31
12	6767476	6752284	0
12	67716204	67709046	0
12	6772911	6773191	9
12	6777507	6777790	4
12	6777922	6778243	8
12	6814301	6814758	0
12	6814464	6814758	0
12	68158096	68154767	0
12	681896	674800	0
12	68202084	68201350	0
12	6823764	6824008	2
12	68251579	68248241	0
12	68251579	68248788	0
12	6826855	6827001	6
12	68277760	68272442	0
12	6829371	6829864	1
12	68295324	68280647	0
12	68296983	68294567	2
12	68296983	68294862	6
12	68302873	68294814	1
12	68302873	68296922	2
12	68313553	68302619	3
12	68313553	68302802	3
12	68315222	68313643	0
12	68315266	68313643	0
12	68316254	68314947	3
12	68316397	68314947	4
12	68316409	68315015	6
12	68321447	68316077	11
12	68321447	68316580	15
12	68321629	68320972	7
12	68321629	68321346	6
12	68323213	68321524	3
12	68323241	68321524	3
12	68323241	68321551	2
12	68323241	68321573	2
12	68323399	68321372	2
12	68325576	68323072	5
12	68325576	68325172	3
12	68326111	68325440	5
12	68327022	68323072	3
12	68327022	68325440	6
12	68331222	68323072	0
12	68331222	68325004	0
12	68331222	68325120	0
12	68331222	68325440	0
12	68331222	68326656	0
12	68332037	68331106	0
12	68332256	68330695	0
12	68332258	68331106	0
12	68332287	68331106	0
12	68332325	68331106	0
12	68332333	68331106	0
12	68332382	68331106	0
12	68335782	68332887	0
12	6833645	6833741	16
12	6833645	6833743	16
12	6833645	6833745	16
12	6833645	6833924	18
12	6833810	6833924	15
12	6837087	6837422	5
12	68383606	68380434	0
12	68403801	68332947	0
12	6840421	6840868	45
12	6841345	6841585	28
12	68432655	68431854	0
12	68433372	68383319	0
12	68433372	68431845	0
12	68442142	68433283	0
12	68442217	68333252	0
12	68451386	68442063	0
12	68451485	68442063	0
12	68451664	68441887	0
12	6845803	6846791	67
12	6846904	6844858	133
12	6848368	6846724	78
12	6848873	6844798	65
12	6849414	6849153	66
12	6849430	6848808	66
12	6849430	6848815	64
12	6849430	6848828	68
12	6849808	6848831	143
12	6849859	6844792	84
12	6849859	6848828	79
12	6849859	6848842	75
12	6849859	6849074	70
12	6850491	6849564	43
12	6850597	6849322	47
12	6850597	6849564	42
12	6851010	6849322	44
12	6851010	6850198	46
12	6851010	6850466	49
12	6851259	6850466	37
12	6851263	6850466	37
12	6851293	6850466	37
12	6863974	6864049	15
12	6868510	6868863	58
12	68686018	68674370	0
12	68686018	68675349	0
12	68686838	68685568	0
12	68686860	68685858	0
12	68687756	68685862	0
12	6872987	6870934	9
12	6872998	6870934	7
12	6873286	6872237	9
12	6873337	6871592	9
12	6873337	6872237	9
12	6873776	6872654	7
12	6877601	6873639	8
12	6877601	6875763	8
12	6883920	6884370	3
12	68842525	68843763	89
12	68843238	68841287	90
12	68843265	68843740	111
12	68843833	68843933	109
12	6885378	6885649	6
12	68856545	68842196	1
12	68856680	68842207	1
12	68859072	68851174	2
12	68859072	68851179	2
12	68859072	68855756	1
12	68859072	68856643	1
12	68867049	68858922	1
12	68869496	68866824	0
12	68869496	68866895	0
12	68870239	68869324	0
12	68870383	68869324	0
12	68870400	68869324	0
12	68870400	68869363	0
12	68870400	68869374	0
12	68871957	68870214	0
12	68871957	68870229	0
12	68885886	68871693	0
12	68885890	68871783	0
12	68885890	68871805	0
12	6889359	6882189	3
12	68932841	68871783	0
12	68932841	68885791	0
12	68932841	68885827	0
12	68932885	68885791	0
12	68963270	68932677	0
12	68963301	68957589	0
12	6916513	6916670	0
12	6916730	6917037	14
12	69212419	69213013	0
12	69257906	69258034	31
12	69354226	69353492	0
12	6941555	6941746	28
12	6943663	6944106	29
12	6943663	6944475	29
12	6944174	6944379	23
12	6944174	6944475	26
12	6951292	6951458	0
12	6951516	6951608	1
12	6951521	6951608	1
12	6951732	6951911	1
12	6951732	6951982	1
12	6951732	6952016	0
12	6951732	6952112	0
12	6952178	6953341	0
12	6954854	6954953	0
12	69588007	69588149	35
12	6959606	6959926	2
12	6965917	6965326	83
12	6965917	6965351	83
12	6965917	6965684	85
12	6966501	6965351	70
12	6966501	6965353	70
12	6966501	6965910	90
12	69671567	69643359	0
12	69671580	69643553	0
12	69671580	69653608	0
12	69671580	69653818	0
12	69671580	69669678	0
12	6967239	6966423	111
12	6967249	6965463	123
12	6967249	6966422	116
12	6967249	6966423	116
12	69672966	69671427	0
12	69672966	69671572	0
12	6967336	6966423	115
12	6967576	6966423	116
12	69677258	69672884	0
12	69677258	69676915	0
12	6967780	6967170	255
12	69678894	69677179	0
12	69678894	69677233	0
12	6967963	6967170	284
12	6968022	6966423	82
12	6968022	6967170	226
12	6968022	6967675	243
12	6968022	6967710	199
12	6968588	6967746	122
12	6968596	6967170	83
12	6968596	6967675	84
12	6968596	6967891	147
12	6968709	6967891	91
12	69689212	69684364	0
12	69689277	69678738	0
12	69693820	69678738	0
12	69693908	69678738	0
12	69693908	69683238	0
12	69693908	69684407	0
12	69693908	69687258	0
12	69694073	69678738	0
12	69694465	69678738	0
12	6969578	6968410	72
12	6969578	6968450	127
12	6969578	6968497	126
12	6970064	6969497	52
12	6970069	6969497	52
12	6970281	6966423	70
12	6970281	6968410	60
12	6970281	6969497	52
12	6970281	6969506	55
12	6970281	6969955	54
12	6970624	6970195	127
12	6970643	6970195	74
12	6970646	6968410	63
12	6970646	6969497	54
12	6970646	6970195	63
12	6970650	6970195	63
12	6970668	6970195	63
12	6970681	6970195	63
12	6970703	6969927	35
12	6970717	6970195	63
12	6970752	6970195	63
12	6970754	6970195	63
12	6970826	6970195	63
12	69725390	69713632	0
12	69725390	69722321	0
12	6974441	6974551	4
12	6974694	6975089	15
12	69755479	69755570	17
12	6977263	6976185	47
12	6977263	6976805	25
12	6977526	6977133	23
12	6977746	6977366	35
12	6978508	6977133	44
12	6978508	6977366	49
12	6978508	6977597	47
12	6978508	6977646	51
12	6978508	6977698	52
12	6978690	6977366	27
12	6978690	6977839	51
12	6978690	6978340	51
12	6978690	6978420	53
12	6979271	6978040	52
12	6979580	6978602	53
12	6981149	6979470	16
12	6981158	6979594	18
12	6981183	6979470	16
12	69812878	69812963	6
12	6981633	6979470	12
12	6981633	6980706	13
12	6981633	6981003	7
12	6981859	6981594	1
12	6981905	6979470	13
12	6981905	6981003	7
12	6981905	6981293	4
12	6981905	6981594	1
12	6982783	6981559	11
12	6982783	6981808	12
12	6982783	6981810	12
12	6982784	6981810	12
12	69947082	69946542	1
12	7001487	6983431	5
12	7018475	6981541	6
12	7018475	6981810	6
12	7018475	6983431	6
12	7018478	6983431	6
12	7018511	6983431	4
12	70221863	70219131	0
12	70225391	70224992	0
12	70242894	69904032	0
12	70242894	70225210	0
12	70243121	70243189	2
12	70243205	70242796	3
12	70243238	70243332	4
12	70243350	70243065	5
12	70243359	70242488	5
12	70243359	70242796	4
12	70243361	70242305	5
12	70335564	70337388	0
12	70337514	70337755	5
12	70337514	70338442	4
12	70337821	70338442	3
12	70342169	70342257	0
12	70520268	70520785	0
12	70524592	70515865	0
12	70524592	70521315	0
12	70524592	70521402	0
12	70532171	70524470	0
12	70538232	70536024	0
12	70539015	70538154	0
12	70539707	70538923	0
12	70539845	70539624	2
12	70540023	70539826	2
12	70540060	70539413	2
12	70540958	70539938	1
12	70544664	70540857	0
12	70559625	70555869	0
12	70560935	70558787	0
12	70560935	70559342	0
12	70560935	70559472	0
12	70571290	70569674	0
12	70572088	70571025	0
12	70587268	70581035	0
12	70587268	70584964	0
12	70592546	70587006	0
12	70592546	70589963	0
12	70594725	70591733	0
12	70594725	70592281	0
12	70609340	70596048	0
12	70609789	70608728	0
12	70609844	70609068	0
12	70609845	70609068	0
12	7061409	7061751	0
12	7061409	7061838	0
12	70622528	70609068	0
12	70622647	70609068	0
12	70636067	70609068	0
12	70639673	70638078	0
12	7064106	7064293	0
12	7065225	7065380	0
12	70656818	70638072	0
12	70656818	70638073	0
12	70656818	70638078	0
12	70656818	70638081	0
12	70656818	70638930	0
12	70656818	70639059	0
12	70656818	70639129	0
12	70661098	70656703	0
12	70661208	70656703	0
12	70662606	70656703	0
12	70662606	70660939	0
12	70662606	70660989	0
12	7066634	7067008	0
12	7066634	7067038	0
12	70672977	70662494	0
12	70684265	70662494	0
12	70684265	70672719	0
12	70684784	70684126	0
12	70684897	70684126	0
12	70698350	70684703	0
12	70698350	70684731	0
12	7082107	7080198	0
12	7082107	7080208	0
12	7082107	7080213	0
12	7082107	7080418	0
12	7082107	7080420	0
12	7082107	7080480	0
12	7082107	7080740	1
12	7089490	7088609	1
12	7089490	7088838	0
12	7089734	7088838	0
12	7089734	7089292	0
12	7089734	7089464	0
12	7089821	7089357	0
12	7090147	7089586	0
12	7090174	7089614	0
12	7090249	7089586	0
12	7090249	7089627	0
12	7090249	7089654	0
12	7090249	7089695	0
12	7090359	7089647	0
12	7090793	7090055	0
12	7091637	7090055	0
12	7091681	7089586	0
12	7091681	7089935	0
12	7091681	7090055	0
12	7091892	7091451	0
12	7091893	7091451	0
12	70920844	70892678	0
12	7092431	7091451	0
12	7092442	7090055	0
12	7092442	7091451	0
12	7092446	7091451	0
12	7092473	7091451	0
12	7092490	7091451	0
12	7092494	7090055	0
12	7092494	7091155	0
12	7092494	7091451	0
12	7092541	7090055	0
12	7092608	7091451	0
12	7093871	7092386	1
12	7097259	7094753	2
12	7099761	7093639	1
12	7099761	7094553	13
12	7099761	7097153	5
12	7099761	7098295	8
12	7099761	7098296	8
12	7099808	7096390	8
12	7100014	7093706	6
12	71020766	71007772	0
12	7102086	7096769	7
12	7102088	7099685	3
12	7102088	7099900	3
12	71046742	71034121	0
12	71069360	71046677	0
12	7108300	7101897	1
12	7108304	7101897	1
12	7108480	7101604	3
12	7108480	7101897	2
12	7108602	7101899	0
12	7109129	7108144	2
12	7109198	7102003	1
12	7109198	7108250	2
12	7109211	7108250	1
12	7109239	7108250	1
12	7109274	7108250	1
12	71115959	71047401	0
12	71129415	71125084	0
12	71129415	71125099	0
12	71129415	71125100	0
12	71129415	71125152	0
12	71139849	71138155	0
12	71144214	71139710	0
12	71144214	71139832	0
12	71157788	71144150	0
12	71157788	71156899	0
12	71157900	71144150	0
12	71157974	71157618	0
12	71158000	71157230	0
12	71158100	71157618	0
12	7124731	7123683	2
12	7124731	7124066	1
12	71277413	71157618	0
12	71282820	71157747	0
12	7128419	7124628	3
12	7128419	7127498	18
12	7128432	7127549	18
12	7128562	7124628	3
12	7130253	7129078	16
12	7130374	7129507	23
12	7131199	7130322	16
12	7147818	7146481	0
12	71583563	71582292	0
12	71583853	71583454	0
12	71583913	71584494	0
12	71610758	71609471	105
12	71610758	71609697	93
12	71610758	71610387	84
12	71611098	71610694	27
12	71611255	71610109	60
12	71611287	71610694	45
12	71611888	71610694	45
12	71611888	71611057	26
12	71613436	71611057	22
12	71613436	71611785	23
12	71613749	71611555	23
12	71614701	71613334	32
12	71614701	71613366	30
12	71615149	71614534	15
12	71615317	71614833	10
12	71619410	71615070	5
12	71619410	71615205	1
12	71632515	71631777	133
12	71633018	71631971	3
12	71633092	71632222	1
12	71642560	71638417	0
12	71645076	71644094	1
12	71647814	71644876	0
12	71647814	71644913	0
12	71657302	71647748	0
12	71657302	71656342	5
12	71660428	71647748	0
12	71660428	71656882	3
12	71663820	71656884	2
12	71663825	71656342	3
12	71663859	71656884	2
12	71663970	71656884	1
12	71667726	71660288	9
12	71686321	71686659	17
12	71700879	71703976	11
12	71701026	71703976	14
12	71710375	71709170	0
12	7174682	7169784	0
12	71799628	71793854	1
12	7189070	7166673	0
12	7189751	7190021	0
12	7190217	7190361	9
12	72046981	72046148	0
12	72264622	72255680	53
12	72271992	72264481	74
12	72272163	72262546	63
12	72272527	72253512	37
12	72274908	72272764	11
12	72728845	72727922	0
12	73128017	73115956	0
12	73128017	73116008	0
12	73129162	73116494	0
12	73129162	73127889	0
12	73129163	73127889	0
12	73143855	73128984	0
12	73143857	73129091	0
12	73143859	73129091	0
12	73206836	73203814	0
12	7357487	7346684	0
12	7357487	7354959	5
12	7357487	7354962	5
12	7357487	7355041	4
12	7357607	7354959	3
12	7368966	7368086	0
12	7368971	7367235	0
12	7368971	7368057	0
12	7368971	7368086	0
12	7369494	7368836	0
12	7369666	7368932	0
12	7375596	7374830	1
12	7376015	7375280	1
12	7376015	7375509	10
12	7396416	7378977	0
12	7398585	7396094	0
12	7403881	7396193	0
12	74151051	74133165	1
12	74194154	74157789	0
12	74250582	74248636	0
12	74283670	74269308	0
12	74285094	74194073	1
12	74285094	74199571	0
12	74285947	74285024	1
12	74285947	74285035	1
12	74292535	74285697	0
12	74292623	74285859	4
12	74292632	74285859	4
12	74306670	74285859	2
12	7432737	7406531	0
12	7433695	7432415	0
12	7433695	7432708	0
12	7441247	7432415	0
12	7441247	7433343	0
12	7441247	7433373	0
12	74538634	74538144	91
12	7471937	7471170	0
12	7473180	7470973	0
12	7479898	7451003	0
12	7479914	7471179	0
12	7479997	7470812	0
12	7479997	7471175	0
12	7479997	7471179	0
12	7481257	7470815	0
12	7481257	7471179	0
12	7483493	7482965	0
12	7483575	7482965	0
12	7483676	7482965	0
12	7485345	7483399	0
12	7485417	7483366	0
12	7485419	7483293	0
12	75042375	75040076	0
12	75042375	75040079	0
12	75042375	75040108	0
12	75042375	75040116	0
12	75048318	75040076	0
12	75048318	75040077	0
12	75048318	75042279	0
12	75048318	75043356	0
12	75049989	75048152	0
12	75050928	75048228	0
12	75051318	75040076	0
12	75051318	75042279	0
12	75051318	75042960	0
12	75051318	75048152	0
12	75051318	75049884	0
12	75124113	75051066	0
12	75208003	75050389	0
12	75208005	75050389	0
12	75282348	75275978	0
12	75282348	75277210	0
12	75282348	75277228	0
12	75282348	75277664	0
12	75298781	75293248	0
12	75299912	75298686	0
12	75299912	75298870	0
12	75304877	75293248	0
12	75304877	75299836	0
12	75304877	75299870	0
12	75312916	75304756	0
12	75312916	75304795	0
12	75312916	75304869	0
12	75321577	75312847	0
12	75321577	75316283	0
12	75321577	75316311	0
12	75323088	75321399	0
12	75323223	75321399	0
12	75323223	75322935	0
12	75323223	75322973	0
12	75325289	75321399	0
12	75371483	75321456	0
12	75371483	75325238	0
12	75390382	75371078	0
12	75390382	75373497	0
12	75390902	75321399	0
12	75390902	75323176	0
12	75390902	75326417	0
12	75390909	75371078	0
12	75390911	75359883	0
12	75390922	75321399	0
12	75390929	75364808	0
12	75489821	75483453	4
12	75495663	75498693	24
12	75498721	75498823	96
12	75501817	75490860	21
12	75501817	75499808	36
12	75501817	75499829	44
12	75502001	75501722	5
12	75504075	75501922	8
12	75504283	75501922	5
12	75505255	75501922	3
12	75506400	75505197	5
12	75506610	75506315	5
12	75506917	75506163	4
12	75506917	75506483	3
12	75508447	75506519	5
12	75508447	75506781	1
12	75631315	75563201	0
12	75690860	75689494	0
12	75692180	75631166	0
12	75694771	75694009	4
12	75777531	75692104	0
12	75984016	75777499	0
12	76031605	76025446	40
12	76031777	76025446	73
12	76033933	76025446	8
12	76048465	76044901	82
12	76048465	76046903	229
12	76048465	76047154	302
12	76048465	76047595	279
12	76048465	76047633	294
12	76049251	76036586	4
12	76049251	76047594	113
12	76049251	76047631	113
12	76049251	76047966	86
12	76049251	76048029	76
12	76049251	76048392	84
12	76049251	76048420	80
12	76049722	76048392	149
12	76049786	76048994	129
12	76049786	76049199	125
12	76049786	76049428	154
12	76050654	76049145	43
12	76050654	76049433	20
12	76050654	76049464	20
12	76050654	76049561	21
12	76050654	76049588	23
12	76050654	76049755	20
12	76053351	76053090	8
12	76053910	76053090	1
12	76053910	76053204	0
12	76053910	76053327	0
12	76053910	76053328	0
12	76055091	76053769	0
12	76055091	76053787	0
12	76055091	76053832	0
12	76056159	76055018	2
12	76056162	76055018	2
12	76056162	76055019	2
12	76056162	76055047	2
12	76056673	76056032	17
12	76057777	76056032	25
12	76057886	76055018	20
12	76059879	76055018	24
12	76059879	76056032	7
12	76059879	76056124	13
12	76059879	76057743	21
12	76060280	76056032	23
12	76060280	76056573	29
12	76060280	76059595	6
12	76060280	76059776	6
12	76060280	76059797	6
12	76060280	76059820	6
12	76068994	76067370	25
12	76068995	76067370	25
12	76074240	76060137	6
12	76074240	76067370	9
12	76074240	76068577	23
12	76074240	76068908	26
12	76084095	76074202	2
12	76084613	76074202	6
12	76084660	76074202	6
12	76084667	76067370	6
12	76084667	76068908	8
12	76084667	76074202	6
12	76084684	76073804	6
12	76084685	76074202	6
12	76084686	76060137	6
12	76084686	76067370	6
12	76084686	76068908	8
12	76084686	76074202	6
12	76084730	76074202	7
12	76084732	76060137	6
12	76084736	76060137	5
12	76084736	76067370	6
12	76084736	76074202	7
12	76084959	76074202	1
12	76085034	76074202	3
12	76348416	76344505	25
12	76348443	76344473	24
12	76356729	76351796	28
12	76356729	76351799	28
12	76356729	76355835	0
12	76369302	76358705	0
12	76369823	76369213	0
12	76369823	76369218	0
12	76371585	76369636	0
12	76371585	76369712	2
12	76371585	76369717	2
12	76371863	76369636	0
12	76373434	76371447	4
12	76373490	76371211	0
12	76386267	76384253	0
12	76386661	76386029	0
12	76386661	76386167	0
12	76390658	76389644	1
12	76392753	76390280	0
12	76392753	76390419	0
12	76397898	76394644	0
12	76399975	76397693	0
12	76399975	76397855	0
12	76402767	76399872	0
12	76402767	76399880	0
12	76410635	76402688	0
12	76410635	76402698	0
12	76410635	76402755	0
12	76450980	76410563	0
12	76450989	76410563	0
12	76459896	76450850	0
12	76459896	76450892	0
12	76459896	76450900	0
12	7647087	7637395	0
12	76487619	76402723	0
12	76487619	76410563	0
12	76487619	76450850	0
12	76487619	76459858	0
12	7651142	7649399	0
12	76534282	76487509	0
12	76537042	76487549	0
12	76537987	76487509	0
12	76559749	76487509	0
12	76559794	76487509	0
12	76559806	76487509	0
12	76559809	76487509	0
12	76559810	76487509	0
12	76844948	76845708	19
12	76859641	76858714	1
12	76859641	76858715	1
12	76859641	76858828	1
12	76859641	76858841	1
12	76860414	76859468	0
12	76860414	76859546	0
12	76864955	76859546	2
12	76866262	76863175	1
12	76878975	76866104	0
12	76878986	76866148	0
12	76878992	76866148	0
12	76878998	76865668	0
12	76879024	76866148	0
12	76879061	76866148	0
12	7695777	7689781	0
12	77025983	77021246	54
12	77028139	77021247	18
12	77028139	77025557	20
12	77030333	77027882	21
12	77030333	77027943	21
12	77034043	77033049	0
12	77043200	77033856	4
12	77043200	77034005	3
12	77044796	77043064	8
12	77044796	77044245	6
12	77046329	77044533	2
12	77046329	77044636	1
12	77050742	77046037	1
12	77050745	77045621	0
12	77050745	77046037	1
12	77050747	77046037	1
12	77056131	77050575	0
12	77064636	77055854	0
12	77064654	77055877	0
12	77228694	77219602	0
12	7730913	7729414	0
12	7730913	7729441	0
12	7730913	7729442	0
12	7730913	7729703	0
12	78056345	78052180	0
12	7818035	7812511	0
12	7818035	7812512	0
12	7818035	7812513	0
12	7818035	7812518	0
12	7818035	7813528	0
12	7818035	7813800	0
12	7818035	7814019	0
12	7818035	7814071	0
12	78199196	78199334	0
12	7830007	7828703	0
12	7831765	7829765	0
12	7831765	7829771	0
12	7831765	7829821	0
12	7831765	7829855	0
12	7831765	7829923	0
12	7831765	7829987	0
12	7832766	7831263	0
12	7832815	7829765	0
12	7832815	7831603	0
12	7832815	7831622	0
12	7832815	7831648	0
12	7832815	7831733	0
12	7832817	7829765	0
12	78359747	78326679	0
12	7839921	7832721	0
12	78440789	78426825	0
12	78451944	78448994	0
12	78540676	78451710	0
12	78540676	78499299	0
12	7863456	7832721	0
12	7863458	7832721	0
12	7869938	7832721	0
12	7869938	7832765	0
12	7869938	7839716	0
12	7869938	7863368	0
12	7869938	7863436	0
12	7871063	7869862	0
12	7871284	7870840	0
12	7871284	7870849	0
12	7871949	7870840	0
12	7871949	7871178	0
12	7872381	7869862	0
12	7872803	7869862	0
12	7872853	7869862	0
12	7872862	7869862	0
12	7872875	7870840	0
12	7872884	7869862	0
12	7872917	7869862	0
12	7873028	7869862	0
12	7873040	7869862	0
12	7873115	7869862	0
12	7873252	7821220	0
12	7873485	7869862	0
12	7891149	7832721	0
12	78976670	78960257	0
12	7919751	7919230	15
12	7923025	7919229	3
12	7923025	7919230	3
12	7923025	7921544	1
12	7923290	7921070	1
12	7925949	7924409	0
12	7929872	7925843	3
12	7930036	7925357	2
12	7930056	7925843	1
12	7930643	7925843	0
12	7930643	7929683	2
12	7931486	7929503	0
12	7931486	7929683	0
12	7931486	7930479	0
12	7931486	7930634	0
12	7933148	7931244	0
12	7933180	7931350	0
12	7933903	7932645	0
12	7933903	7932986	0
12	7936168	7933809	0
12	7936170	7933809	0
12	7936185	7933477	0
12	7936187	7932986	0
12	7936188	7933809	0
12	7936276	7933809	0
12	79455461	79392251	0
12	79500688	79500118	2
12	79503363	79393671	1
12	79503397	79341204	0
12	79592694	79574978	4
12	79592694	79584878	20
12	79594434	79584873	56
12	79594434	79592514	2
12	79594434	79592610	2
12	79613610	79596510	0
12	79613610	79603667	0
12	79621208	79613574	0
12	79632163	79589791	0
12	79635621	79621114	2
12	79690031	79667978	1
12	79690058	79635549	0
12	79690062	79688371	0
12	79690081	79621075	0
12	79690392	79621075	0
12	79690582	79690053	45
12	79690815	79690017	12
12	79691098	79689728	0
12	79778601	79773562	3
12	79778601	79773567	3
12	79778601	79774405	0
12	79778601	79775540	3
12	79778601	79775777	1
12	79778601	79775913	2
12	79778601	79775917	2
12	79778601	79775922	2
12	79778601	79775928	2
12	79779352	79775930	6
12	79780746	79775934	3
12	79793929	79790466	3
12	79795760	79793796	0
12	79795760	79793862	0
12	79796951	79795637	0
12	79797238	79796781	4
12	79797255	79796781	4
12	79797396	79796781	0
12	79797396	79796916	11
12	79798499	79797194	0
12	79798585	79797194	0
12	79798585	79797233	0
12	79798585	79797268	0
12	79798585	79797329	0
12	79798585	79797346	0
12	79807331	79798493	0
12	79807331	79805591	1
12	79807331	79806165	7
12	79808578	79806815	0
12	79808578	79807225	0
12	79820932	79817393	0
12	79821119	79820773	0
12	79821167	79820773	0
12	79822191	79821077	0
12	79828465	79821111	0
12	79828465	79822115	1
12	79832492	79828319	0
12	79832492	79828370	0
12	79832597	79828127	0
12	79913912	79872807	0
12	79934716	79872807	0
12	79934932	79872807	0
12	79934952	79872807	0
12	79935131	79872807	0
12	79935199	79872807	0
12	8019008	8014092	0
12	8050072	8050162	0
12	80586759	80583682	0
12	8066338	8059745	0
12	8066472	8058301	0
12	80811684	80792519	0
12	80811684	80797574	0
12	80845940	80811464	0
12	80845940	80841688	0
12	80848176	80845729	0
12	80848323	80845563	0
12	80848323	80845729	0
12	80889349	80848250	0
12	80889370	80848250	0
12	8090037	8090194	3
12	8090300	8091768	15
12	8090300	8091839	16
12	8090300	8092675	15
12	8090300	8092871	23
12	8090344	8092675	13
12	8091851	8092675	22
12	8091851	8092871	27
12	8092785	8092871	27
12	80937705	80889250	0
12	80937781	80889250	0
12	80937926	80889250	0
12	8095704	8096041	1
12	81104829	81094374	0
12	81199445	81199659	0
12	81262041	81257974	0
12	81262041	81258265	0
12	81262041	81259267	0
12	81262041	81259435	0
12	81262041	81259600	0
12	81263391	81258266	0
12	81263391	81258876	0
12	81263391	81259165	0
12	81263391	81261948	0
12	81263391	81261960	0
12	81263391	81261966	0
12	81277415	81267911	0
12	81281433	81277316	0
12	81281451	81277316	0
12	81281451	81277371	0
12	81283040	81277316	0
12	81283040	81281256	0
12	81283040	81281337	0
12	81295036	81281256	0
12	81295036	81283009	0
12	81295036	81284240	1
12	81299332	81294581	0
12	81299383	81294834	0
12	81312169	81299300	0
12	81325811	81312159	0
12	81325871	81299300	0
12	81325871	81312159	0
12	81339215	81325776	0
12	81339335	81325776	0
12	81341209	81339179	0
12	81341209	81339187	0
12	81341209	81339209	0
12	81347771	81344663	0
12	81350487	81347532	0
12	81353340	81344663	0
12	81353340	81347532	0
12	81353340	81347663	0
12	81353340	81347711	0
12	81358218	81353118	0
12	81362785	81358081	0
12	81362785	81358182	0
12	81369195	81368724	0
12	81369350	81369110	0
12	81369406	81368724	0
12	81369415	81369110	0
12	81369424	81369110	0
12	81374769	81259100	0
12	81374769	81369110	0
12	81374769	81369124	0
12	8142698	8141167	0
12	81440047	81405786	0
12	81440047	81424848	0
12	81445579	81439971	0
12	81445721	81405786	0
12	81445721	81439879	0
12	81445721	81439971	0
12	81457867	81445555	0
12	81457867	81445630	0
12	81512346	81505679	0
12	81512363	81457764	0
12	81512385	81457764	0
12	81535512	81457764	0
12	81598257	81535421	0
12	81598341	81457764	0
12	81598372	81457764	0
12	81676845	81457764	0
12	81676845	81457805	0
12	81676845	81675485	0
12	81676848	81457764	0
12	81687561	81676790	0
12	81754224	81457764	0
12	81754224	81676656	0
12	81754224	81676790	0
12	8194328	8194419	0
12	8206711	8199598	1
12	8206820	8199688	0
12	8218912	8206650	4
12	8223558	8221259	4
12	8223558	8221262	4
12	8224889	8224015	1
12	8225993	8224709	3
12	8226015	8224790	5
12	8226479	8224709	1
12	82308316	82223680	0
12	8234427	8232511	5
12	82354595	82352305	11
12	82354595	82352846	11
12	8235517	8234275	11
12	8235519	8234341	6
12	82356122	82352838	11
12	82357270	82308250	0
12	82357270	82354494	24
12	82358293	82357114	0
12	82358397	82356959	0
12	82358410	82356856	0
12	82358787	82356959	0
12	82358789	82356959	0
12	82358806	82356843	0
12	8237073	8235600	8
12	8238750	8235600	17
12	8238750	8236970	7
12	8238750	8236972	7
12	8240703	8238666	10
12	8240707	8238671	10
12	8242949	8240641	6
12	8242949	8240645	6
12	82482029	82481117	0
12	82506189	82505210	0
12	8264598	8254526	0
12	8308733	8295985	0
12	8308856	8264434	0
12	83661720	83661008	0
12	8370430	8356962	0
12	8385300	8384104	0
12	8385728	8382843	1
12	8390338	8370212	0
12	8390421	8384116	0
12	8390512	8386762	0
12	8390753	8356962	0
12	8390970	8316355	0
12	8390970	8390269	0
12	8396496	8390901	0
12	8396804	8390269	0
12	84154339	84147303	0
12	84863602	84859487	8
12	84863602	84859712	8
12	84863602	84861593	1
12	84863602	84861602	1
12	84870671	84867033	1
12	84872795	84870477	2
12	84872795	84870561	5
12	84873329	84872601	9
12	84873331	84872601	9
12	84874529	84873086	1
12	84876608	84873086	1
12	84876608	84873128	1
12	84884041	84876496	9
12	84885562	84880844	8
12	84885562	84883858	8
12	84885562	84883997	6
12	84892309	84885910	1
12	84912025	84891832	0
12	84912706	84892061	1
12	84912794	84876496	1
12	84912794	84891831	0
12	84912802	84885910	0
12	84912822	84885910	0
12	84912826	84876496	1
12	84912877	84891831	1
12	85015972	85014316	0
12	85016302	85014316	0
12	85017596	85014310	0
12	85017600	85015887	0
12	85019737	85014317	0
12	85019737	85017455	0
12	85019737	85017489	0
12	85019737	85017508	0
12	85019737	85017559	0
12	85028024	85023325	0
12	85028024	85024651	0
12	85029792	85023325	0
12	85029792	85024651	0
12	85029792	85027898	0
12	85036254	85024651	0
12	8536206	8533304	0
12	8536206	8534508	0
12	8536206	8534762	0
12	8537267	8534580	0
12	8539256	8537114	0
12	8539307	8534483	0
12	8539307	8536089	0
12	8539307	8537114	0
12	8539948	8536089	0
12	8539948	8538953	0
12	8539948	8539141	0
12	8539948	8539199	0
12	8539948	8539216	0
12	8552141	8548360	0
12	85836571	85800696	0
12	85959562	85960564	0
12	85983671	85955665	0
12	85983671	85978736	0
12	85983671	85978744	0
12	85983671	85979012	0
12	85983671	85979532	0
12	85983671	85979735	0
12	86002479	85989399	0
12	86011903	86001493	0
12	86013759	86002351	0
12	86013759	86011799	0
12	86022545	85989399	0
12	86028205	85989399	0
12	86028205	86013680	0
12	86028208	85989399	0
12	8604893	8604283	0
12	8604923	8602165	0
12	8604923	8604284	0
12	86049724	85983522	0
12	86049724	85989399	0
12	86049724	86011799	0
12	86049724	86013680	0
12	86049724	86013726	0
12	86049724	86022448	0
12	86049724	86028087	0
12	86049724	86028103	0
12	86049726	86028087	0
12	8605486	8603685	0
12	8605486	8604283	0
12	8607017	8604283	0
12	86256268	86049673	0
12	86256306	86049673	0
12	86256317	86049673	0
12	86256324	86068090	0
12	86256381	86049673	0
12	86256415	86049673	0
12	86334128	86049673	0
12	86334128	86049674	0
12	8648204	8637345	0
12	8648204	8641245	0
12	8648556	8647876	0
12	8648556	8648139	0
12	8649575	8645955	0
12	8649575	8646489	0
12	8649575	8647589	0
12	8649575	8647637	0
12	8649575	8648061	0
12	8649575	8648090	0
12	8649575	8648101	0
12	8650555	8649500	0
12	8650590	8649500	0
12	8651692	8650377	0
12	8651692	8650501	0
12	8651692	8650563	0
12	8654482	8647955	0
12	8654482	8650501	0
12	8654482	8651661	0
12	8654482	8651728	0
12	8655448	8650501	0
12	8655448	8654263	0
12	8655448	8654436	0
12	86599662	86435156	0
12	86601305	86599577	0
12	867140	865287	0
12	86727242	86435156	0
12	86727242	86495250	0
12	86727242	86599577	0
12	8780113	8780574	54
12	87983196	87980034	0
12	87983196	87980121	0
12	87986054	87983102	0
12	87986417	87983380	0
12	87986417	87985849	0
12	87998191	87996568	0
12	88026609	87998034	0
12	88027071	88026487	0
12	88027964	88026950	0
12	88029370	88026950	0
12	88029413	88026950	0
12	88029420	88026950	0
12	88030238	88027020	0
12	88043716	88045581	10
12	88050434	88049013	12
12	88050434	88049015	12
12	88050434	88049019	12
12	88053747	88050353	2
12	88059021	88055575	4
12	88093976	88092680	0
12	88097000	88093596	0
12	88097000	88093769	0
12	88109182	88106995	0
12	88109182	88109131	0
12	88111352	88109065	0
12	88111352	88109160	0
12	88111859	88111201	0
12	88130421	88129693	0
12	88130566	88130267	2
12	88130566	88130390	2
12	88136787	88130544	2
12	88136787	88131164	1
12	88139192	88135657	0
12	88139192	88136642	0
12	8820714	8819815	0
12	8830948	8776218	0
12	8845307	8845441	0
12	8845312	8845441	0
12	88505236	88492792	0
12	88505236	88494470	0
12	88505236	88496581	0
12	88505236	88497079	0
12	88518868	88516333	0
12	88532504	88518696	0
12	88532504	88518832	0
12	88580472	88507027	0
12	89014869	89010680	0
12	89051268	89048186	0
12	8915277	8858142	0
12	8922657	8922732	3
12	89309554	89122937	0
12	8932814	8933306	42
12	8932832	8933206	44
12	8933064	8933254	42
12	89351026	89347231	151
12	89351026	89349481	174
12	89351172	89349071	168
12	89351583	89350587	75
12	89352406	89348368	128
12	89352498	89351688	130
12	89353272	89350587	53
12	8939565	8939728	82
12	8939823	8940575	33
12	8942518	8940750	189
12	89425380	89419717	0
12	89425380	89420786	1
12	89425380	89420895	1
12	89425380	89421153	1
12	8942543	8940362	71
12	8942543	8940364	71
12	8942543	8941648	58
12	89429461	89419717	2
12	8943421	8942415	24
12	8943536	8942178	24
12	8943536	8942415	27
12	8943585	8942450	32
12	8943887	8943404	26
12	8943911	8940363	25
12	8943911	8943295	25
12	8943911	8943404	29
12	8945480	8943800	22
12	8945585	8942415	27
12	8945585	8943800	20
12	8945585	8943824	19
12	89459719	89425160	0
12	89459719	89425166	0
12	89460039	89459637	0
12	89460039	89459670	0
12	89461843	89425160	0
12	8946241	8945417	6
12	8946369	8943404	25
12	8946388	8945417	4
12	8946406	8945236	5
12	8946406	8945417	5
12	8946406	8945432	4
12	89466923	89425286	0
12	89466923	89459637	0
12	89466923	89460015	0
12	89466923	89460709	0
12	89467686	89466672	0
12	89467686	89466767	0
12	89467686	89466769	0
12	8946849	8945484	31
12	89492116	89466769	0
12	89492116	89467616	0
12	89492116	89472167	0
12	89492116	89485268	0
12	89497343	89491935	0
12	89497343	89492074	0
12	89525205	89491935	0
12	89525205	89497038	0
12	89525205	89497170	0
12	89525205	89519407	13
12	89525205	89521933	9
12	89525206	89491935	0
12	89525416	89491935	0
12	89525564	89497170	0
12	89525616	89491935	0
12	89598744	89588048	3
12	89598744	89590527	4
12	89599300	89588050	6
12	89599300	89588071	6
12	89599300	89590841	5
12	89599300	89591102	4
12	89601434	89599116	1
12	89603153	89599116	2
12	89603255	89601325	2
12	89603767	89601403	2
12	89603926	89603042	6
12	89604347	89603711	10
12	89604347	89603837	13
12	89610044	89603795	0
12	89610044	89604154	0
12	89642356	89634996	0
12	89656020	89641822	0
12	89656068	89642157	0
12	89656108	89642157	0
12	89656112	89642157	0
12	89708832	89655678	0
12	89709301	89655582	0
12	8988431	8987174	0
12	8996567	8988311	0
12	9009526	9009998	1
12	9029090	9027531	0
12	9058877	9055585	0
12	90622823	90617758	0
12	9068225	9067711	0
12	9068843	9068182	0
12	9068956	9067711	0
12	9069079	9068182	0
12	9072487	9070487	0
12	9072722	9072432	0
12	9072872	9072358	0
12	9077858	9077345	0
12	9079332	9077700	0
12	9079332	9077768	0
12	9080178	9079638	0
12	9080399	9080093	0
12	9089252	9079980	0
12	9089252	9080093	0
12	9090024	9067663	0
12	9091413	9090355	0
12	9091430	9090355	0
12	9093580	9091200	0
12	9093580	9091395	0
12	90941078	90905621	0
12	90952920	90941038	0
12	90953697	90952494	0
12	90955175	90952778	0
12	90970140	90963678	0
12	90972003	90970043	0
12	90972981	90971799	0
12	90978263	90972555	0
12	90978263	90972821	0
12	9098757	9095538	0
12	9099524	9095538	0
12	9099524	9098381	0
12	9099524	9098606	0
12	9101675	9072652	0
12	91056290	91050490	0
12	9109406	9107523	0
12	9110036	9109320	0
12	9110036	9109339	0
12	9110335	9109866	0
12	91108284	91103582	0
12	91108688	91104138	2
12	91109001	91102628	0
12	9112212	9110313	0
12	9113544	9112158	0
12	9113544	9112376	0
12	9113544	9112638	0
12	91146209	91145525	0
12	91151793	91140483	0
12	91151793	91145258	0
12	91151793	91145735	0
12	91151793	91146057	0
12	91151793	91146165	0
12	91153150	91150782	0
12	91153190	91151653	0
12	91158510	91157074	0
12	9115861	9113359	0
12	9115867	9113359	0
12	9116018	9115157	0
12	9116062	9113359	0
12	9116158	9113359	0
12	91164718	91146057	0
12	91164718	91158295	0
12	91164718	91158297	0
12	91164718	91158311	0
12	91164718	91158475	0
12	91178553	91146235	0
12	91178553	91153095	0
12	91178553	91157074	0
12	91178553	91164604	0
12	91178586	91153095	0
12	91178586	91164604	0
12	91178586	91169633	0
12	91178586	91172141	0
12	91178586	91172527	0
12	91178586	91175117	0
12	91179356	91178341	0
12	91179440	91178341	0
12	91179496	91178341	0
12	91179514	91178341	0
12	91179534	91178341	0
12	91179583	91178341	0
12	91179687	91178341	0
12	91180366	91178341	0
12	91180482	91179198	0
12	91180977	91178341	0
12	91182653	91178341	0
12	91182710	91178341	0
12	91182806	91178341	0
12	91182825	91179361	0
12	91183124	91178341	0
12	914122	912076	42
12	914122	912154	78
12	914122	912488	29
12	914122	912494	30
12	914122	912544	30
12	914122	912757	5
12	914122	913233	22
12	914199	913358	15
12	914533	913891	24
12	914533	913893	24
12	9149603	9148839	0
12	9149603	9148931	0
12	9157356	9154615	0
12	9160491	9159937	0
12	9161117	9160313	0
12	9161117	9160432	0
12	9162445	9161032	0
12	9162649	9161032	0
12	9163790	9162596	0
12	9164260	9163667	0
12	9164260	9163747	0
12	916484	913893	44
12	916484	914410	33
12	916484	914430	27
12	916533	914430	33
12	916536	914430	33
12	9165368	9161032	0
12	9165368	9162596	0
12	9165368	9163716	0
12	916583	914410	33
12	916821	914430	37
12	916821	916205	25
12	916821	916343	33
12	9168975	9166051	0
12	9169592	9168455	0
12	9169592	9168868	0
12	91987644	91984975	2
12	91987644	91985777	2
12	91987795	91985089	1
12	91989194	91985777	3
12	91989194	91987532	5
12	91989194	91987555	5
12	91989194	91988322	2
12	91989194	91988386	1
12	91993530	91989096	3
12	91993530	91990283	3
12	91993530	91990287	3
12	91993530	91993191	5
12	92028258	91993084	0
12	92044549	91993369	0
12	92141714	91993369	0
12	92142669	91993369	0
12	92142672	91993369	0
12	92142832	91993369	0
12	92142915	92141038	0
12	92145234	92144117	2
12	92145898	92140277	1
12	92146244	92146661	1
12	92268980	92247755	0
12	9229414	9228532	0
12	9230356	9229371	0
12	9230356	9229375	0
12	9240715	9236973	0
12	9241381	9240931	0
12	9241460	9241869	0
12	9242112	9241253	0
12	92421174	92420093	0
12	92422637	92420998	0
12	9242678	9241883	0
12	92428147	92422546	0
12	92428149	92422546	0
12	9245601	9242622	0
12	9247713	9245548	0
12	9253755	9247547	0
12	9253755	9247655	0
12	925526	916343	1
12	925526	916638	4
12	925526	916704	4
12	9256787	9253584	0
12	9256787	9253604	0
12	9256794	9253604	0
12	9259558	9256643	0
12	9261310	9256643	0
12	9262758	9256643	0
12	926947	925449	0
12	926947	925462	0
12	92707139	92707649	0
12	927264	925449	1
12	927264	926795	4
12	927264	926848	4
12	92776943	92770636	31
12	92802735	92801599	0
12	92809157	92802403	0
12	92809157	92802664	0
12	92813094	92811278	0
12	92816401	92812979	0
12	92816401	92813003	0
12	92857486	92857274	0
12	92864988	92857430	0
12	92864988	92857445	0
12	92879364	92864859	0
12	92891722	92857430	0
12	92891722	92864859	0
12	92891722	92879246	0
12	929887	925449	2
12	929887	926795	3
12	929887	927144	2
12	929887	927222	6
12	93004599	93003414	0
12	93004599	93003757	0
12	930145	925449	4
12	930145	926795	4
12	930145	927144	6
12	930145	929763	2
12	930145	929771	2
12	930145	929818	2
12	93131134	93127663	0
12	931322	927144	2
12	931322	929763	1
12	931322	929818	1
12	931322	929929	1
12	931322	929936	1
12	931322	929972	2
12	931322	930050	3
12	93139133	93004513	0
12	9314738	9314401	19
12	93190413	93179657	0
12	93215680	93004513	0
12	93328056	93317134	0
12	93339737	93328026	0
12	93377709	93327995	0
12	93377737	93328026	0
12	93407324	93405672	5
12	93410875	93405689	43
12	93410875	93409741	24
12	93410875	93409762	21
12	93411300	93409800	51
12	93411300	93410733	73
12	93424391	93411052	6
12	93441899	93411125	2
12	93441936	93411052	2
12	93441944	93408370	3
12	93442263	93411052	1
12	93501312	93502705	29
12	93545359	93542463	3
12	93565745	93551432	0
12	93566971	93542462	0
12	93566971	93545070	2
12	93566971	93565583	3
12	93566971	93565612	3
12	93571915	93572684	7
12	93572187	93572684	8
12	93572376	93572684	8
12	93573037	93574721	3
12	93575174	93575509	28
12	93735731	93714534	0
12	93735734	93707790	0
12	93909006	93894964	0
12	9400327	9398354	55
12	94176405	94168005	0
12	94186045	94168008	0
12	9419191	9418672	31
12	94254541	94254786	0
12	94277196	94272149	0
12	94280181	94277757	3
12	94282116	94279818	2
12	94308918	94306448	22
12	94310108	94307695	1
12	94310108	94308279	0
12	94310108	94308285	0
12	94310108	94308782	0
12	94310108	94308826	0
12	94312930	94309917	0
12	94313018	94309917	0
12	94313018	94309992	0
12	94313179	94309917	0
12	94331799	94312913	2
12	94331830	94312913	2
12	94331830	94312930	2
12	94331830	94328204	11
12	94333640	94331699	2
12	94333675	94331685	2
12	94367944	94335588	0
12	94370037	94368056	4
12	94376018	94368397	0
12	94376018	94369921	0
12	94376018	94369952	0
12	94379043	94375885	0
12	94400982	94378790	0
12	94401122	94378791	0
12	94401282	94400903	10
12	94403263	94400849	2
12	94408098	94402778	0
12	94408105	94403169	0
12	94411848	94402977	0
12	94411848	94403169	0
12	94412513	94411696	0
12	94412592	94411696	0
12	94412592	94412317	6
12	94412596	94411696	0
12	94434054	94412483	0
12	94435328	94412317	0
12	94459679	94412516	0
12	94459947	94412317	0
12	9448230	9443534	6
12	94496443	94491545	0
12	94578530	94567123	1
12	94578530	94568568	0
12	94582539	94578393	0
12	94613926	94609788	0
12	94616062	94581621	0
12	94616421	94582126	1
12	94650563	94581621	0
12	94910344	94897091	0
12	94924807	94897054	0
12	949670	930050	0
12	94972490	94971477	7
12	94994258	94971331	0
12	94994258	94971332	0
12	94994354	94971332	0
12	95002822	94928016	0
12	95002822	94971331	0
12	95002822	94971335	0
12	95025256	95020228	5
12	95025256	95021892	5
12	95025256	95022333	7
12	95025350	95021920	7
12	95028510	95025149	7
12	95028525	95025149	7
12	95028525	95026832	6
12	95031395	95028105	11
12	95031489	95025149	2
12	95031489	95028386	3
12	95031489	95030408	12
12	95031489	95030417	12
12	95040598	95028457	1
12	95040599	95025149	0
12	95049234	95028386	8
12	95049234	95040475	0
12	95049493	95031348	3
12	95051870	95040475	2
12	95051944	95028386	1
12	95051944	95031348	0
12	95051944	95049067	3
12	95051944	95049127	4
12	95058394	95057730	36
12	95058490	95057552	47
12	95058490	95057730	37
12	95059985	95057730	0
12	95059985	95058309	0
12	95059985	95058408	0
12	95062739	95058352	0
12	95062739	95058419	0
12	95062739	95059905	0
12	95062739	95059919	0
12	95067371	95062849	0
12	95067385	95062507	0
12	95067392	95062507	0
12	95067392	95062849	0
12	95073018	95067336	0
12	95073504	95066927	0
12	95073511	95067330	0
12	95073538	95067330	0
12	95073546	95062507	0
12	95073570	95067330	0
12	95073581	95067330	0
12	95073616	95067330	0
12	95073629	95067330	0
12	95073704	95067330	0
12	9508441	9506346	0
12	95084647	95076748	2
12	95084647	95081397	1
12	95085909	95081169	1
12	95085909	95084497	0
12	95089697	95085542	0
12	95089697	95085779	0
12	95091788	95089568	1
12	95091810	95089568	1
12	95092846	95091706	0
12	95094695	95092698	0
12	95094695	95092827	0
12	95105087	95094591	0
12	95134827	95113650	0
12	95189642	95189191	0
12	95211268	95172599	0
12	95217483	95172599	0
12	95266397	95266401	12
12	95266420	95266423	29
12	95340490	95311311	0
12	95340490	95337180	0
12	95346210	95340372	0
12	95377370	95342775	0
12	95377370	95345999	0
12	95380897	95377207	0
12	95380959	95345852	0
12	95380959	95377234	0
12	95382573	95377234	0
12	95388559	95387889	0
12	95397001	95382451	0
12	95405505	95382451	0
12	95405505	95388598	0
12	95416099	95407912	0
12	95436643	95415830	0
12	95436643	95415998	0
12	95442483	95436753	0
12	95521203	95516559	0
12	95521203	95517275	0
12	95521203	95518153	0
12	95524789	95518142	0
12	95524789	95520996	0
12	95529001	95524519	0
12	95529003	95524679	0
12	95534327	95524679	0
12	95534327	95528806	0
12	95535427	95533763	0
12	95548273	95532828	0
12	95548670	95546449	0
12	95548799	95533922	0
12	95548820	95535372	0
12	95548845	95532828	0
12	95551491	95532828	0
12	9560974	9562944	0
12	9563020	9564159	0
12	9564326	9565091	0
12	95665860	95663396	3
12	95665981	95657806	1
12	95665981	95658987	7
12	95665981	95659085	7
12	9567568	9569057	0
12	95682823	95665809	0
12	95682823	95670077	0
12	95713339	95710440	0
12	95738145	95713211	0
12	95738145	95713296	0
12	95739996	95737865	0
12	9574950	9575642	3
12	95787469	95737865	0
12	95787469	95738088	0
12	95833085	95795344	0
12	95858799	95858236	0
12	95858840	95833016	0
12	95869574	95867047	0
12	95869574	95867048	0
12	95869803	95867047	0
12	95879796	95878210	0
12	95881555	95879643	0
12	95888507	95881484	0
12	95898466	95894988	0
12	95898744	95896517	0
12	95906452	95898567	0
12	95917295	95906386	0
12	95918977	95917126	0
12	95918977	95917128	0
12	95919624	95918875	0
12	95919624	95918879	0
12	95919658	95918941	0
12	95936524	95918875	0
12	95936524	95919438	0
12	95936524	95919553	0
12	95936524	95933184	0
12	95976499	95972661	2
12	95976499	95973629	0
12	95976499	95974079	0
12	95976707	95973846	0
12	95976707	95976102	0
12	95976707	95976428	0
12	9598162	9594550	0
12	95983992	95980555	2
12	95983992	95980797	2
12	95983992	95980814	2
12	95985967	95983910	0
12	95985968	95983681	0
12	95987215	95986064	0
12	95988241	95987066	0
12	95988241	95987073	0
12	95990508	95989562	0
12	95990533	95988192	0
12	95992788	95990288	0
12	95992806	95990392	0
12	95992806	95990504	0
12	96003065	96000827	5
12	96003065	96000829	5
12	96003065	96000832	5
12	96003065	96000906	9
12	96003921	96002959	9
12	96003982	96002989	9
12	96006410	96002959	2
12	96006410	96003593	6
12	96006410	96003837	7
12	96009149	96006313	3
12	96011259	96009093	26
12	96011866	96009093	20
12	96013253	96009093	12
12	96013259	96006313	4
12	96013259	96009093	12
12	96013259	96011294	11
12	96013259	96011752	16
12	96013854	96009093	12
12	96013854	96013187	0
12	96014325	96013238	2
12	96027504	96024478	0
12	96027565	96024478	0
12	96029186	96024478	0
12	96029186	96027443	0
12	96165432	96160691	0
12	96223974	96222796	2
12	96247284	96247602	77
12	96280886	96278260	22
12	96282600	96280423	4
12	96282600	96280543	10
12	96282600	96280807	10
12	96283634	96281738	2
12	96283646	96282508	3
12	96284454	96283606	1
12	96286149	96283602	1
12	96286149	96284407	0
12	96286751	96285729	0
12	96286762	96286042	0
12	96289288	96286663	0
12	96289288	96286712	0
12	96295071	96289166	0
12	96295123	96289166	0
12	96295123	96289257	1
12	96295404	96289166	0
12	96311178	96300303	0
12	96313455	96311051	0
12	96313455	96311057	0
12	96313455	96311111	0
12	96324113	96313320	1
12	96324113	96313409	1
12	96334866	96323947	0
12	96334866	96323965	0
12	96399365	96334718	0
12	96399405	96334718	0
12	96400075	96323947	0
12	96400481	96334718	0
12	96400561	96334718	0
12	96429468	96422325	6
12	9648010	9647013	0
12	96901552	96900696	0
12	96907625	96907701	15
12	9692932	9693033	6
12	9692932	9693824	2
12	9693116	9693415	4
12	9718775	9715859	0
12	9722662	9718640	0
12	9722814	9716560	0
12	9722814	9718684	0
12	97274714	97272691	0
12	9733120	9722643	0
12	9733300	9722494	0
12	9733300	9722643	0
12	9754691	9752485	0
12	9755262	9754138	0
12	9755262	9754586	0
12	9756420	9754567	0
12	9756420	9755061	0
12	97564329	97564737	0
12	9760902	9755959	0
12	9760902	9756296	0
12	97719291	97713411	0
12	97733401	97719183	0
12	97733401	97730047	0
12	97740568	97733164	0
12	97753599	97747259	0
12	97756491	97753098	0
12	97756518	97733164	0
12	97759471	97753255	0
12	98113938	98113013	0
12	9818026	9817349	0
12	98491087	98486972	0
12	98493485	98485543	0
12	98515786	98515963	351
12	98515815	98515970	407
12	98515898	98515293	109
12	98516211	98515476	179
12	98516423	98512972	13
12	9854485	9852983	0
12	9854850	9853132	2
12	9857638	9854380	6
12	98593741	98593974	65
12	98593741	98593978	65
12	98593745	98593974	65
12	98594136	98595432	183
12	98594136	98595726	169
12	98598036	98598521	79
12	9862574	9856900	7
12	9862574	9857473	2
12	98634414	98613404	1
12	98634414	98624248	1
12	98644955	98613404	1
12	9869355	9856927	3
12	9869387	9862498	0
12	9870137	9862498	0
12	98727192	98727278	0
12	98734846	98735020	8
12	98735635	98726456	0
12	98745840	98735517	0
12	98751437	98735131	0
12	98751523	98734683	0
12	98751523	98734790	0
12	98751523	98735421	0
12	98751523	98735559	0
12	98751523	98743973	0
12	98751523	98744215	0
12	98751523	98745350	0
12	98751523	98745399	0
12	98751523	98745459	0
12	98751523	98745738	0
12	98751523	98745832	0
12	98773180	98751354	0
12	98781204	98773041	0
12	98781213	98772993	0
12	98781224	98773041	0
12	98781499	98781116	0
12	98782138	98781116	0
12	98799006	98781116	0
12	98799006	98781489	0
12	98799006	98782125	0
12	98801126	98798929	0
12	98801126	98798933	0
12	98807916	98800996	0
12	98807916	98801089	0
12	98807919	98800996	0
12	98829252	98807843	0
12	98829354	98800996	0
12	98829354	98801092	0
12	98829354	98807843	0
12	98832137	98800996	0
12	98832137	98807843	0
12	98832137	98829173	0
12	98832137	98829174	0
12	98832142	98829173	0
12	98893717	98832028	0
12	98894862	98832028	0
12	98894865	98832028	0
12	98894892	98832028	0
12	98894900	98832028	0
12	98895190	98832028	0
12	98895209	98832028	0
12	98895264	98832028	0
12	98895301	98832028	0
12	990042	974132	5
12	990042	976803	5
12	990042	976978	4
12	990054	932974	0
12	99053305	99048713	0
12	99053310	98800996	0
12	99053310	98807843	0
12	99053310	98831003	0
12	99053310	98832028	0
12	99053310	98956351	0
12	990609	989851	7
12	99085024	99053156	0
12	991123	989808	3
12	991191	989808	6
12	99154396	99084924	0
12	99154493	99084924	0
12	99154716	99084924	0
12	99154747	99084924	0
12	99154765	99084924	0
12	9916804	9898672	0
12	9916804	9913226	0
12	99246436	99244341	0
12	99246865	99154288	0
12	99246865	99244341	0
12	99246865	99244353	0
12	99341249	99246435	0
12	99344972	99246364	0
12	99352130	99246483	0
12	9939171	9936578	0
12	99399812	99246274	0
12	99399812	99246830	0
12	99504642	99443672	0
12	9952080	9948136	0
12	99655211	99504475	0
12	99655211	99504597	0
12	9971470	9971576	0
12	99773089	99655066	0
12	99775644	99772709	0
12	99775662	99772921	0
12	9979065	9979335	0
12	9995247	9985641	0
12	9995247	9990949	0
12	9995247	9993060	0
12	9995247	9993064	0
12	9997001	9995139	0
12	99984272	99655066	0
