15	100051732	100048856	0
15	100054055	100051567	0
15	100054055	100051571	0
15	100063760	100053896	2
15	100096477	100053896	0
15	100096477	100063613	0
15	100096477	100063678	0
15	100132153	100116846	0
15	100199424	100155179	0
15	100199424	100168387	0
15	100261506	100254135	0
15	100261637	100254135	0
15	100261637	100256421	0
15	100262436	100261478	0
15	100281402	100262351	0
15	100281402	100262388	0
15	100331055	100281228	0
15	100331055	100305887	0
15	100339130	100330888	0
15	100341137	100330888	0
15	100341183	100331013	0
15	100341410	100330888	0
15	100342006	100330888	0
15	100349389	100344456	0
15	100349656	100344477	0
15	100349823	100344046	0
15	100456047	100400394	0
15	100456047	100402510	0
15	100476179	100472923	0
15	100479479	100476085	0
15	100479497	100475836	0
15	100480047	100479427	0
15	100480047	100479455	0
15	100501851	100490816	0
15	100501851	100500247	0
15	100503849	100501676	0
15	100503849	100501803	0
15	100521757	100501676	0
15	100544996	100402510	0
15	100558955	100553528	9
15	100559446	100559634	7
15	100564786	100559368	3
15	100570632	100569897	5
15	100572066	100566913	27
15	100573563	100569234	9
15	100573842	100565194	25
15	100574242	100571893	22
15	100574242	100572202	32
15	100575129	100573414	30
15	100575129	100573476	26
15	100575129	100573650	16
15	100575129	100574232	16
15	100580353	100574986	2
15	100580353	100575021	2
15	100580353	100575043	2
15	100580353	100576574	2
15	100580737	100580262	44
15	100580946	100580262	38
15	100580946	100580319	42
15	100586333	100580443	0
15	100596937	100580443	0
15	100602151	100580443	1
15	100602172	100580443	1
15	100602175	100580262	1
15	100602175	100580443	1
15	100602175	100580800	0
15	100602185	100580455	1
15	100602241	100580443	1
15	100603010	100580898	0
15	100862105	100862226	3
15	100893007	100893953	195
15	100894083	100895932	48
15	100918214	100915656	3
15	100919239	100913202	17
15	100919284	100892858	186
15	101049457	101043715	3
15	101065665	101050731	1
15	101086067	101065360	6
15	101186795	101178576	7
15	101187871	101178601	7
15	101188026	101186678	3
15	101188220	101177100	4
15	101189568	101187540	1
15	101235148	101187992	0
15	101235578	101175722	0
15	101242618	101235508	0
15	101251933	101235081	0
15	101272857	101270816	3
15	101272857	101271416	11
15	101274496	101272181	5
15	101274496	101272189	4
15	101274496	101272763	4
15	101274496	101272805	4
15	101274682	101274419	5
15	101275362	101274167	11
15	101275362	101274419	16
15	101275362	101274591	13
15	101276676	101275099	8
15	101276676	101275254	10
15	101277288	101276540	7
15	101277315	101276540	7
15	101277442	101276540	3
15	101277447	101276540	3
15	101277451	101276540	4
15	101277454	101276432	4
15	101277472	101274591	3
15	101277501	101276540	4
15	101285061	101281509	69
15	101285061	101281513	70
15	101285061	101281514	70
15	101285061	101281653	80
15	101285061	101281708	83
15	101285061	101281744	83
15	101285131	101281513	58
15	101285802	101284735	43
15	101285802	101284966	49
15	101287011	101284966	62
15	101287011	101285725	65
15	101287011	101286213	59
15	101287011	101286847	39
15	101287697	101286907	30
15	101287703	101285725	45
15	101287703	101286609	31
15	101287703	101286689	31
15	101287703	101286907	33
15	101287703	101286920	31
15	101287703	101286931	32
15	101288449	101285725	36
15	101289923	101287655	40
15	101292041	101287655	40
15	101292041	101288081	31
15	101293173	101291961	19
15	101293394	101293024	35
15	101294931	101293024	29
15	101294962	101293024	29
15	101295204	101287655	18
15	101295205	101293024	24
15	101295212	101293024	24
15	101295214	101287655	17
15	101295223	101293024	24
15	101295252	101293024	19
15	101295256	101286907	30
15	101295256	101293024	19
15	101295272	101292838	28
15	101295283	101293024	20
15	101307326	101297141	2
15	101307326	101303927	0
15	101307326	101303928	0
15	101307326	101303933	0
15	101307326	101304745	0
15	101307326	101305124	0
15	101307326	101305127	0
15	101307326	101305230	0
15	101308941	101307212	0
15	101309113	101303930	0
15	101312399	101307212	0
15	101313403	101307212	0
15	101313506	101307212	0
15	101313506	101312178	0
15	101313848	101307290	0
15	101316390	101313375	0
15	101318423	101313016	0
15	101318423	101313375	0
15	101325047	101322519	0
15	101326480	101324849	0
15	101326480	101324938	0
15	101331690	101300612	0
15	101331690	101326376	0
15	101331886	101326376	0
15	101332032	101326376	0
15	101332032	101326380	0
15	101365045	101346372	0
15	101366263	101331851	0
15	101366333	101331851	0
15	101366333	101346741	0
15	101366333	101364873	0
15	101366333	101364907	0
15	101366333	101364998	0
15	101370469	101331851	0
15	101370489	101366195	0
15	101370524	101331851	0
15	101370524	101365784	0
15	101370524	101366195	0
15	101384426	101382091	0
15	101389565	101370334	0
15	101389565	101384321	0
15	101525203	101313375	0
15	101528350	101527580	0
15	101614340	101613675	0
15	101626564	101621643	7
15	101633027	101626447	1
15	101633698	101632942	6
15	101645163	101632976	6
15	101645163	101636479	4
15	101645163	101641845	5
15	101645163	101641847	5
15	101645163	101641850	5
15	101645163	101641881	7
15	101646423	101641847	7
15	101646900	101645086	9
15	101646900	101645087	9
15	101650162	101646384	13
15	101650162	101646614	10
15	101650162	101646724	12
15	101650693	101646724	6
15	101651392	101650069	17
15	101651774	101650003	21
15	101651774	101651015	20
15	101651999	101651207	22
15	101652298	101650003	14
15	101652377	101650003	18
15	101652382	101650003	18
15	101652392	101650003	18
15	101656021	101654393	0
15	101657037	101653597	0
15	101657037	101654212	0
15	101657037	101654468	0
15	101657037	101655866	0
15	101657037	101655979	0
15	101699436	101685895	0
15	101701166	101695759	0
15	101701185	101685895	0
15	101714964	101711879	0
15	101721175	101714677	1
15	101721323	101714839	0
15	101737382	101732200	0
15	101744597	101737098	1
15	101744805	101737108	0
15	101745912	101737267	0
15	101772300	101771757	0
15	101772509	101772198	0
15	101775015	101772381	0
15	101932280	101926163	0
15	101960399	101959860	0
15	101960583	101959847	1
15	101961409	101960294	2
15	19965102	19964665	0
15	19973219	19972781	0
15	19988118	19987655	0
15	20144959	20128744	0
15	20145993	20144868	0
15	20147954	20145821	0
15	20239558	20228619	0
15	20383457	20379494	5
15	20431236	20383114	10
15	20431236	20383290	11
15	20431236	20383303	10
15	20431236	20408395	12
15	20435993	20431092	1
15	20438823	20437293	45
15	20439124	20438591	73
15	20439656	20438696	81
15	20439656	20438926	65
15	20440643	20438926	2
15	20440643	20439507	1
15	20440671	20439269	1
15	20444420	20440473	1
15	20444420	20443338	5
15	20444420	20443370	8
15	20446047	20444226	0
15	20446047	20444252	0
15	20446047	20444302	0
15	20457960	20457592	2
15	20458448	20457825	2
15	20458448	20457826	2
15	20461343	20458231	0
15	20461343	20458232	0
15	20462447	20461191	0
15	20462540	20458232	0
15	20462551	20461191	0
15	20463002	20462342	3
15	20463002	20462377	3
15	20463002	20462407	3
15	20535690	20531855	0
15	20546654	20545575	0
15	20598585	20593493	0
15	20639891	20639463	0
15	20662058	20657637	0
15	20662206	20661959	0
15	20663015	20662142	0
15	20669638	20662934	0
15	20669638	20664724	0
15	20756184	20729746	0
15	20774795	20759310	0
15	20818093	20803504	0
15	20837368	20835371	0
15	20856774	20854056	0
15	20858218	20854056	0
15	20920558	20916685	0
15	20990729	20991290	0
15	20990729	20992936	0
15	21130096	21127697	0
15	21257455	21250179	0
15	21325242	21298232	0
15	21343882	21328379	0
15	21411002	21408242	0
15	21411002	21408963	0
15	21426249	21425018	0
15	21427756	21420673	0
15	21427756	21422119	0
15	21430402	21427684	0
15	21494252	21490363	0
15	21500474	21498227	0
15	21500474	21500050	0
15	21638031	21638238	0
15	21705628	21703427	0
15	21718246	21717807	0
15	21735946	21735505	0
15	21742800	21742363	0
15	21752711	21752277	0
15	21848323	21846328	0
15	21863580	21862349	0
15	21865087	21858003	0
15	21865087	21859451	0
15	21867735	21865015	0
15	21869179	21865015	0
15	21872181	21869071	0
15	21872455	21872006	0
15	21872455	21872068	0
15	21931544	21927656	0
15	22080649	22080856	0
15	22148227	22145938	0
15	22160869	22160430	0
15	22178543	22178106	0
15	22185403	22184966	0
15	22195318	22194884	0
15	22428057	22427038	0
15	22428057	22427633	0
15	22429597	22428997	0
15	22465788	22465868	0
15	22466196	22466528	0
15	22482103	22480438	1
15	22607956	22606021	0
15	22607956	22607539	1
15	22609505	22608905	0
15	22610822	22609428	0
15	22611334	22610352	0
15	22611334	22610752	0
15	22672860	22674420	1
15	22756730	22756171	0
15	22771363	22770522	0
15	22773288	22771691	0
15	22773288	22773096	0
15	22773427	22773004	0
15	22773427	22773193	0
15	22773726	22773375	0
15	22773868	22773375	0
15	22774670	22773375	0
15	22774670	22773695	0
15	22776059	22774540	0
15	22776121	22774383	0
15	22776121	22774540	0
15	22776200	22774540	0
15	22838922	22839061	32
15	22872973	22867051	9
15	22872973	22867124	8
15	22872973	22869465	8
15	22873730	22872636	15
15	22873730	22872824	10
15	22874645	22873490	10
15	22874645	22873680	15
15	22903906	22892889	0
15	22905441	22892889	0
15	22909314	22903705	2
15	22909314	22903757	4
15	22910629	22909193	0
15	22914883	22912178	2
15	22915104	22912178	1
15	22916631	22914725	0
15	22917030	22914826	11
15	22917030	22916482	43
15	22917314	22914725	4
15	22917936	22916476	32
15	22943355	22939410	0
15	22944660	22943172	0
15	22944660	22943228	0
15	22944660	22943258	0
15	22944660	22943288	0
15	22944940	22944557	2
15	22944940	22944596	3
15	22996959	22983191	0
15	23000670	22996844	4
15	23000670	22999175	6
15	23003154	23000283	4
15	23003154	23000568	2
15	23004228	23003064	3
15	23004571	23003090	2
15	23005611	23004101	2
15	23006173	23005431	4
15	23006353	23005798	8
15	23006353	23006051	13
15	23010134	23008698	0
15	23011332	23009944	0
15	23011332	23009959	0
15	23026206	23024736	0
15	23027298	23026176	0
15	23027307	23026115	0
15	23027310	23026122	0
15	23130673	23128267	0
15	23141630	23140562	0
15	23161134	23161406	0
15	23226392	23225875	0
15	23290962	23289302	1
15	23327197	23326255	0
15	23328954	23327321	0
15	23329343	23328811	0
15	23329343	23328812	0
15	23339057	23337984	0
15	23358511	23358783	0
15	23441683	23439497	0
15	23442059	23439497	0
15	23442059	23440844	0
15	23442121	23439497	0
15	23442121	23441517	0
15	23442509	23439497	0
15	23565834	23566807	13
15	23566088	23566807	12
15	23566710	23566807	14
15	23569658	23567263	6
15	24169858	24162754	0
15	24169875	24162753	0
15	24169949	24164776	0
15	24240193	24238144	0
15	24848454	24849988	0
15	24850135	24851694	0
15	25032048	25027735	9
15	25087600	25089613	6
15	25103971	25106163	10
15	25109716	25110385	11
15	25109716	25111764	11
15	25193410	25193646	0
15	25203597	25204169	0
15	25218565	25218927	0
15	25340229	25333727	12
15	25340229	25337246	6
15	25340229	25337252	6
15	25340229	25339105	4
15	25340229	25339121	4
15	25340229	25339135	4
15	25340229	25339136	4
15	25346032	25340084	1
15	25354427	25333727	1
15	25354427	25340084	0
15	25354684	25354032	3
15	25354684	25354352	2
15	25354684	25354406	2
15	25355983	25354352	5
15	25371813	25360382	1
15	25375568	25371491	3
15	25375764	25370565	3
15	25375764	25371482	3
15	25375764	25371612	3
15	25375764	25371728	1
15	25393859	25375464	0
15	25405503	25375464	0
15	25405503	25375579	0
15	25405503	25375592	0
15	25405503	25375616	0
15	25405503	25375618	0
15	25405503	25375706	0
15	25405503	25393745	0
15	25405604	25375464	0
15	25407138	25405460	1
15	25407213	25405460	2
15	25407229	25405460	2
15	25407263	25405460	1
15	25408685	25405460	2
15	25408714	25405460	2
15	25409208	25405460	0
15	25409208	25405479	0
15	25409208	25405498	0
15	25409413	25405460	0
15	25411933	25409087	0
15	25411972	25405460	0
15	25411972	25409087	0
15	25415843	25411907	0
15	25420734	25415714	0
15	25420753	25415709	0
15	25421962	25411907	0
15	25438330	25411907	0
15	25438330	25415709	0
15	25438333	25411907	0
15	25438514	25411907	0
15	25438525	25411907	0
15	25438527	25411907	0
15	25438542	25411907	0
15	25438572	25411907	0
15	25438695	25411907	0
15	25438926	25411907	0
15	25438969	25411907	0
15	25439000	25409087	0
15	25439006	25405460	1
15	25439009	25411907	0
15	25439015	25411907	0
15	25439025	25405460	1
15	25439025	25411907	0
15	25439029	25411907	0
15	25439052	25405460	1
15	25439057	25405460	1
15	25501253	25484830	0
15	25680309	25677272	1
15	25681075	25680809	1
15	25683487	25680993	0
15	25684036	25680993	0
15	25687829	25683285	0
15	25687997	25683446	0
15	25714237	25708196	0
15	25714242	25708196	0
15	25716925	25708196	0
15	25781224	25736055	0
15	25841764	25841481	0
15	25841764	25841488	0
15	25861858	25841661	0
15	25862185	25841661	0
15	25862337	25861780	0
15	25862337	25861781	0
15	25863203	25781018	0
15	25863209	25781018	0
15	26052277	26050537	0
15	26550115	26548058	0
15	26553521	26543843	0
15	26561177	26543545	0
15	26561177	26543548	0
15	26561177	26543551	0
15	26561177	26543664	0
15	26561177	26544784	0
15	26561177	26544797	0
15	26561177	26546443	0
15	26561177	26547188	2
15	26561177	26547253	1
15	26561177	26547632	0
15	26561177	26547792	0
15	26561177	26553382	0
15	26567734	26560931	0
15	26567734	26561068	0
15	26567734	26561122	0
15	26569343	26567664	0
15	26580457	26567580	0
15	26580672	26567580	0
15	26583367	26581146	0
15	26583415	26580318	0
15	26616061	26615296	0
15	26621359	26590213	0
15	26621458	26583331	0
15	26621535	26583331	0
15	26658764	26657029	0
15	26666672	26621313	0
15	26716766	26621313	0
15	26767237	26621313	0
15	26772331	26621313	0
15	26772470	26583331	0
15	26772470	26621313	0
15	26772470	26642432	0
15	26772470	26749934	0
15	26772470	26771818	0
15	26816379	26796004	0
15	26816407	26798386	0
15	26816415	26772680	0
15	26939540	26816366	0
15	27158397	27157614	0
15	27420736	27418795	0
15	27541198	27483034	0
15	27541992	27536899	0
15	27685769	27684497	0
15	27845053	27754874	0
15	27926255	27871862	0
15	28016187	28014775	0
15	28018558	28016103	0
15	28022574	28018396	0
15	28022574	28018411	0
15	28024903	28016103	0
15	28113284	28111039	0
15	28113284	28111078	3
15	28113284	28111278	2
15	28113284	28111761	1
15	28115542	28114611	6
15	28116860	28115428	7
15	28118422	28115280	11
15	28130303	28125005	3
15	28130595	28130162	1
15	28130595	28130299	1
15	28132262	28125005	3
15	28141847	28141431	0
15	28142394	28141730	2
15	28142453	28141738	2
15	28152831	28146236	0
15	28163286	28152676	3
15	28167828	28152758	1
15	28191057	28186576	0
15	28191245	28190200	0
15	28191245	28190964	0
15	28222216	28220451	0
15	28228410	28222027	0
15	28228410	28222147	0
15	28254519	28248551	0
15	28255997	28254339	0
15	28255997	28254487	0
15	28272387	28270694	0
15	28273005	28272214	0
15	28273169	28272043	1
15	28280288	28274904	0
15	28293023	28280033	0
15	28293023	28280067	0
15	28321465	28299401	0
15	28321465	28320121	0
15	28352012	28349050	0
15	28363980	28362795	0
15	28382429	28382701	0
15	28455359	28454659	0
15	28522996	28519610	0
15	28522996	28519614	0
15	28522996	28520762	0
15	28522996	28522572	0
15	28524548	28523267	0
15	28524548	28523942	0
15	28529246	28528712	0
15	28529246	28528885	0
15	28530181	28528712	0
15	28530181	28528885	0
15	28530181	28529001	0
15	28530181	28529128	0
15	28530181	28529206	0
15	28530413	28530099	0
15	28530424	28528885	0
15	28530424	28530099	0
15	28531129	28530181	0
15	28531129	28530363	0
15	28576693	28575018	0
15	28636702	28636974	4
15	28641093	28641169	62
15	28655421	28655494	4
15	28680967	28679404	10
15	28682253	28680821	32
15	28702370	28701953	0
15	28703918	28703318	0
15	28709348	28708374	0
15	28709589	28709266	0
15	28719836	28718433	0
15	28738385	28719739	0
15	28738432	28719376	0
15	28831183	28830618	0
15	28843876	28841832	0
15	28845636	28844204	0
15	28845812	28844960	0
15	28845812	28845528	0
15	28977465	28970195	0
15	29124762	29120253	0
15	29124762	29123314	0
15	29196565	29151733	0
15	29196688	29151733	0
15	29252479	29196429	0
15	29381832	29252367	0
15	29452800	29381774	0
15	29569986	29381770	0
15	29570724	29381774	0
15	29704306	29699366	6
15	29704306	29700151	6
15	29704306	29700154	6
15	29704306	29700159	6
15	29704306	29701244	3
15	29704306	29701594	5
15	29719139	29718020	93
15	29720017	29718265	7
15	29720129	29718892	19
15	29720709	29718265	6
15	29732529	29727936	0
15	29732816	29732432	6
15	29732934	29732133	3
15	29741437	29737263	0
15	29742782	29741330	0
15	29743030	29741021	0
15	29761287	29742641	0
15	29761287	29758902	1
15	29766543	29762334	1
15	29772167	29766265	0
15	29772167	29766439	0
15	29800703	29773232	0
15	29820675	29800645	0
15	29822029	29800645	0
15	29822503	29800645	0
15	29822504	29800645	0
15	29956295	29800495	0
15	29956365	29800645	0
15	30045849	30005442	0
15	30068166	30052941	0
15	30073065	30068368	0
15	30101176	30098825	0
15	30152528	30150871	0
15	30170773	30170562	0
15	30179130	30170708	0
15	30367528	30357765	1
15	30367528	30361239	1
15	30367528	30362057	0
15	30373146	30372146	1
15	30377110	30372977	0
15	30377110	30372992	0
15	30377110	30373118	0
15	30380400	30377029	0
15	30381877	30380352	1
15	30383383	30380352	1
15	30383383	30381702	0
15	30386988	30380352	0
15	30386988	30383043	0
15	30386988	30383318	2
15	30393300	30386862	0
15	30393361	30386862	0
15	30393497	30386943	0
15	30393550	30386862	0
15	30393662	30386862	0
15	30404157	30403739	0
15	30405706	30405106	0
15	30409651	30408401	0
15	30409831	30409540	0
15	30409967	30409745	0
15	30410268	30409918	0
15	30411200	30410228	1
15	30411441	30411118	1
15	30412449	30411380	0
15	30414163	30412328	0
15	30570173	30567821	0
15	30625774	30616997	1
15	30635189	30635308	4
15	30943073	30938940	22
15	30943073	30939524	45
15	30943073	30941208	116
15	30947301	30938947	4
15	30947301	30941206	3
15	30947301	30942889	3
15	30947301	30946209	3
15	30947301	30946403	3
15	30948472	30947053	0
15	30948472	30947129	0
15	30950337	30947129	4
15	30958952	30954762	0
15	30959122	30958862	1
15	30960934	30959033	1
15	30961074	30959033	1
15	30961074	30959045	1
15	30966041	30960880	1
15	30968011	30960880	3
15	30968212	30960880	2
15	30974390	30960880	1
15	30974457	30960880	2
15	31026272	31001060	0
15	31026272	31001333	0
15	31026272	31001821	0
15	31026272	31002463	0
15	31027118	31026138	0
15	31028477	31026914	0
15	31028477	31026963	0
15	31029392	31028331	0
15	31029392	31028435	0
15	31037843	31035545	0
15	31042244	31040117	0
15	31046234	31041950	0
15	31060645	31050408	0
15	31061515	31060234	0
15	31061515	31060464	0
15	31061515	31060543	0
15	31066248	31062578	0
15	31066248	31063087	0
15	31066248	31063117	0
15	31066248	31063135	0
15	31068093	31028331	0
15	31070227	31067878	0
15	31076985	31069375	0
15	31076985	31070030	0
15	31222517	31221998	0
15	31223432	31222431	0
15	31223432	31222775	0
15	31223432	31222795	0
15	31223713	31222766	0
15	31229352	31223249	0
15	31229352	31223470	0
15	31229385	31223249	0
15	31229406	31223249	0
15	31229411	31222962	0
15	31376564	31377491	19
15	31487279	31475397	0
15	31559188	31530706	0
15	31559188	31555998	0
15	31570198	31558182	0
15	31570198	31558968	0
15	31649830	31570017	0
15	31655251	31570017	0
15	31655340	31570017	0
15	31870579	31689358	0
15	31870582	31689358	0
15	31870678	31689358	0
15	32156262	32157607	1
15	32156798	32157607	2
15	32157772	32158411	5
15	32157776	32158411	5
15	32157776	32158483	5
15	32157776	32159568	2
15	32157776	32163225	1
15	32158607	32159568	2
15	32158607	32159577	2
15	32158607	32163225	2
15	32159656	32160449	1
15	32159656	32163225	0
15	32251314	32250301	0
15	32393198	32392781	0
15	32394741	32394144	0
15	32398986	32398764	0
15	32399287	32398937	0
15	32399287	32398955	0
15	32403196	32401355	0
15	32406299	32401355	0
15	32407218	32406218	2
15	32410661	32406596	0
15	32410661	32406997	0
15	32421729	32410557	0
15	32421729	32410580	0
15	32421729	32410581	0
15	32424709	32421681	1
15	32424709	32423018	1
15	32428316	32410581	0
15	32428316	32424507	0
15	32428316	32424644	2
15	32428317	32424644	1
15	32445523	32445105	0
15	32447073	32446473	0
15	32451203	32450912	0
15	32451339	32451117	0
15	32451339	32451164	0
15	32490730	32489266	0
15	32495071	32494002	0
15	32523214	32519847	37
15	32524601	32522692	1
15	32524601	32523025	1
15	32526892	32523028	7
15	32526979	32524470	3
15	32528642	32526649	4
15	32528702	32526812	2
15	32529897	32528602	1
15	32529939	32528531	0
15	32596600	32597450	1
15	32597746	32586104	0
15	32614697	32597638	1
15	32614715	32586104	0
15	32615159	32606412	0
15	32615608	32615804	79
15	32624427	32625079	4
15	32625595	32624105	3
15	32637472	32626665	21
15	32641616	32637018	13
15	32666489	32656083	1
15	32666489	32665701	2
15	32718855	32718100	0
15	32730795	32730915	0
15	32730805	32730927	0
15	32776920	32765544	0
15	32776920	32765545	0
15	32776920	32774150	0
15	32776920	32774309	0
15	32776920	32774322	0
15	32857108	32804280	0
15	32857108	32810894	0
15	32900126	32898833	0
15	32902041	32899794	0
15	32902041	32899806	0
15	32902041	32899978	0
15	32908579	32901910	0
15	32910536	32908158	0
15	32910536	32908489	0
15	33008076	32968713	0
15	33065075	33008013	0
15	33067885	33064956	6
15	33068033	33064425	4
15	33068163	33062666	1
15	33088975	33064956	0
15	33154915	33088798	0
15	33155041	33008013	0
15	33155046	33088798	0
15	33155046	33149783	0
15	33236632	33235754	0
15	33236999	33236588	0
15	33241599	33235551	0
15	33241599	33236922	0
15	33242761	33242149	0
15	33244306	33242719	0
15	33244306	33243738	0
15	33244988	33244236	0
15	33245014	33242703	0
15	33245014	33244236	0
15	33245439	33244894	0
15	33245838	33244974	0
15	33245884	33245320	0
15	33245905	33244962	0
15	33245905	33245328	0
15	33306432	33303656	0
15	33306432	33303658	0
15	33854946	33851784	23
15	33856810	33854840	13
15	33864826	33858601	18
15	33867591	33866706	0
15	33867856	33866226	0
15	33871031	33867494	0
15	33871031	33867772	0
15	34003210	33875924	0
15	34088134	34084016	2
15	34088134	34084329	4
15	34088134	34084363	4
15	34101808	34090316	3
15	34101808	34095894	3
15	34101828	34100633	2
15	34101949	34095894	3
15	34145492	34140673	12
15	34145492	34141961	13
15	34145492	34142668	19
15	34145492	34144963	11
15	34145856	34142090	20
15	34146851	34145397	13
15	34147215	34146760	14
15	34147290	34146760	12
15	34147431	34146069	14
15	34147431	34146659	12
15	34147431	34147199	4
15	34147431	34147202	4
15	34147431	34147229	4
15	34148751	34145397	6
15	34148751	34147379	6
15	34153051	34148631	0
15	34153070	34148389	0
15	34153070	34148542	0
15	34153070	34148631	0
15	34153070	34148652	0
15	34153070	34148655	0
15	34153070	34148657	0
15	34154685	34148631	0
15	34154685	34152789	0
15	34154685	34153004	0
15	34154832	34148631	0
15	34154832	34152789	0
15	34163691	34154643	0
15	34166116	34163559	0
15	34178000	34163559	0
15	34198332	34163559	0
15	34210012	34165929	0
15	34210062	34163559	0
15	34210078	34198259	0
15	34210080	34163559	0
15	34210080	34177820	0
15	34210097	34154643	0
15	34210097	34163559	0
15	34235315	34229995	6
15	34235315	34233258	3
15	34235315	34233261	3
15	34235315	34233262	3
15	34235315	34233711	5
15	34235315	34233880	4
15	34237551	34236707	0
15	34238332	34236707	0
15	34238332	34237389	0
15	34238332	34237418	0
15	34238397	34237083	0
15	34238402	34236707	0
15	34238402	34237389	0
15	34238402	34237418	0
15	34238711	34237480	0
15	34239161	34237389	0
15	34239161	34237418	0
15	34239161	34238231	1
15	34241338	34240660	1
15	34242222	34241062	5
15	34242222	34241232	0
15	34256284	34255261	0
15	34257789	34256228	0
15	34257789	34256235	0
15	34258945	34256228	0
15	34258945	34257641	0
15	34261021	34258812	0
15	34261021	34258872	0
15	34275390	34260925	0
15	34275390	34260929	0
15	34275390	34260977	0
15	34299637	34260925	0
15	34318780	34275344	0
15	34336602	34275344	0
15	34336668	34275344	0
15	34336687	34275344	0
15	34336753	34275344	0
15	34336845	34260925	0
15	34336845	34275344	0
15	34337787	34275344	0
15	34338058	34275344	0
15	34343124	34341718	0
15	34343178	34341712	0
15	34359746	34358617	36
15	34359746	34358925	35
15	34359746	34359095	36
15	34360210	34358908	31
15	34361533	34359588	47
15	34361533	34360110	55
15	34362322	34359588	29
15	34362322	34360110	29
15	34362322	34360911	29
15	34362322	34361399	28
15	34362656	34362195	28
15	34362837	34362572	51
15	34362891	34362572	52
15	34363457	34362781	62
15	34363741	34362578	69
15	34364073	34363660	38
15	34364074	34363660	39
15	34364225	34364012	45
15	34364307	34364012	46
15	34364307	34364193	39
15	34365229	34363945	19
15	34365229	34364193	30
15	34365229	34364225	29
15	34365702	34365007	16
15	34365702	34365098	39
15	34365995	34365007	51
15	34366982	34365558	14
15	34367046	34365558	14
15	34367177	34365558	14
15	34367279	34365558	14
15	34381857	34379067	435
15	34381857	34379070	429
15	34381857	34381410	30
15	34382252	34381967	0
15	34398730	34391352	0
15	34405056	34400711	0
15	34406871	34404916	1
15	34406871	34404969	1
15	34407688	34406673	5
15	34407736	34406673	4
15	34407736	34406676	4
15	34428926	34407575	0
15	34435472	34407523	0
15	34528078	34525206	0
15	34528078	34525281	1
15	34528078	34525653	0
15	34528078	34526958	1
15	34528473	34528188	3
15	34544954	34537343	3
15	34545427	34544857	1
15	34546983	34545377	4
15	34546983	34545387	4
15	34551277	34546934	0
15	34552399	34551137	0
15	34553092	34551137	2
15	34553092	34551190	2
15	34553957	34551137	4
15	34553957	34552894	4
15	34553957	34552906	6
15	34553957	34552972	6
15	34574915	34553744	0
15	34581500	34553744	1
15	34582861	34553744	0
15	34582861	34565889	0
15	34583652	34553744	1
15	34588504	34553744	0
15	34651777	34651134	0
15	34754966	34751031	0
15	34791296	34788094	0
15	34791296	34790229	0
15	34792282	34791113	0
15	34792282	34791157	0
15	34792523	34791700	0
15	34792570	34792089	0
15	34792570	34792249	0
15	34860156	34851781	1
15	34860156	34856350	1
15	34860156	34856499	1
15	34860156	34856826	0
15	34944429	34942011	2
15	34948385	34944287	1
15	34948385	34944303	1
15	34952921	34948133	0
15	34952921	34948263	0
15	34987674	34978340	2
15	34988226	34983037	4
15	35085111	35084192	0
15	35169699	35099021	0
15	35373609	35217344	0
15	35373609	35330800	0
15	35373609	35370881	8
15	35373609	35372106	6
15	35381917	35373520	0
15	35410852	35381821	0
15	35410859	35381821	0
15	35410897	35381821	0
15	35410897	35381831	0
15	35410897	35381834	0
15	35538468	35454746	0
15	35538468	35489968	0
15	35538468	35518993	0
15	35542492	35538273	0
15	35542508	35538081	0
15	35542508	35538273	0
15	35546166	35538273	0
15	35965072	35939166	0
15	35965072	35945818	0
15	35974770	35965027	0
15	35974770	35970357	0
15	36215762	36033192	0
15	36444293	36441617	0
15	36444293	36443536	0
15	36444513	36438971	0
15	36641961	36641185	0
15	36669098	36641835	0
15	36804647	36798595	0
15	36808490	36808903	23
15	36817289	36804577	0
15	36818114	36817175	0
15	36818460	36817176	0
15	36880140	36879761	0
15	36881668	36879995	0
15	36881669	36876378	0
15	36882533	36881496	0
15	36887036	36881017	0
15	36894813	36891020	1
15	36894813	36891021	1
15	36894813	36891084	1
15	36894813	36891255	3
15	36894813	36891409	1
15	36894813	36891847	5
15	36894813	36891849	5
15	36894813	36892129	1
15	36894813	36892218	1
15	36894813	36892435	3
15	36895237	36891031	2
15	36895241	36889203	1
15	36895241	36894716	1
15	36895241	36894751	1
15	36895241	36894783	1
15	36895262	36889203	1
15	36895262	36894706	1
15	36895262	36894716	1
15	36895279	36894716	1
15	36895288	36892055	1
15	36895303	36894417	2
15	36896687	36889203	1
15	36896687	36894716	0
15	36896687	36895148	0
15	36896687	36895150	0
15	36897077	36895150	0
15	36897151	36895150	1
15	36898340	36895150	0
15	37036960	36896627	0
15	37036960	36950323	0
15	37083886	37036390	0
15	37083886	37036813	0
15	37083886	37066296	0
15	37093731	37083770	0
15	37093731	37083771	0
15	37093731	37083789	0
15	37093731	37083803	0
15	37094030	37083769	0
15	37094566	37093580	0
15	37094578	37093580	0
15	37095022	37094526	0
15	37095615	37094515	0
15	37095615	37094526	0
15	37099886	37097966	1
15	37100531	37097966	1
15	37101206	37099454	4
15	37101280	37097966	3
15	37101300	37097966	1
15	37367103	37365026	0
15	37490809	37420059	0
15	37942256	37943340	0
15	38071903	38069480	0
15	38072684	38071626	1
15	38142844	38139594	0
15	38224357	38142259	0
15	38224357	38142748	0
15	38494768	38488102	0
15	38494768	38488104	0
15	38494768	38490094	0
15	38494768	38490479	0
15	38494768	38490553	0
15	38498947	38490553	2
15	38498947	38494381	1
15	38499185	38494451	2
15	38500140	38490553	2
15	38500140	38498793	3
15	38500140	38498915	3
15	38503377	38502311	1
15	38505921	38502311	3
15	38505921	38503271	2
15	38518424	38516196	0
15	38519365	38518291	0
15	38519372	38518291	0
15	38519372	38518380	0
15	38526405	38518291	0
15	38526405	38519308	0
15	38560006	38519308	0
15	38560006	38526291	0
15	38560006	38526298	0
15	38560006	38526308	0
15	38560006	38526383	0
15	38560083	38526298	0
15	38756947	38756551	0
15	38868185	38865321	0
15	38885629	38868311	0
15	38886930	38885469	0
15	38886930	38885496	0
15	38974236	38886633	0
15	38974236	38886696	0
15	38974236	38886829	0
15	39071609	38974154	0
15	39071609	39018501	0
15	39109799	39071502	0
15	39118714	39071502	0
15	39179295	39179816	0
15	39194310	39188437	1
15	39196005	39109700	0
15	39273884	39071502	0
15	39308641	39307195	0
15	39310783	39300417	0
15	39360142	39071570	0
15	39420710	39419029	0
15	39420952	39299338	0
15	39420976	39071502	0
15	39427196	39359788	0
15	39513852	39512481	0
15	39513864	39512334	0
15	39593669	39594098	133
15	39594197	39594300	47
15	39594234	39588356	83
15	39594234	39593579	143
15	39600927	39594054	70
15	39600927	39600248	0
15	39618244	39600844	0
15	39618246	39600030	0
15	39739790	39738090	0
15	39741901	39739664	0
15	39770611	39765591	0
15	39776532	39770426	0
15	39776532	39770558	0
15	39782831	39776398	0
15	39801334	39776398	0
15	39807198	39799031	4
15	39807259	39800729	0
15	39807259	39800948	2
15	39807259	39801823	3
15	39814948	39813222	0
15	39829277	39807005	0
15	39860923	39801626	0
15	39860923	39807005	0
15	39920226	39807567	0
15	39920893	39807005	2
15	39921659	39922786	0
15	39992230	39992768	3
15	40002511	40002712	0
15	40037019	40035738	6
15	40037019	40036040	4
15	40037019	40036041	4
15	40037019	40036242	3
15	40037019	40036253	3
15	40037019	40036303	3
15	40037349	40036985	11
15	40037356	40036985	11
15	40038395	40036687	4
15	40038395	40036985	7
15	40038949	40036985	4
15	40078705	40075203	0
15	40089116	40089209	0
15	40104341	40087889	0
15	40104341	40087892	0
15	40104341	40091675	0
15	40104341	40091717	0
15	40104341	40091786	0
15	40106087	40104242	0
15	40106092	40091733	0
15	40106092	40091790	0
15	40106092	40104179	0
15	40106094	40104179	0
15	40106423	40105794	1
15	40106439	40105902	1
15	40106449	40105794	1
15	40106646	40105794	1
15	40108358	40105794	0
15	40108387	40105794	0
15	40108387	40106357	0
15	40108705	40106047	0
15	40108875	40108258	0
15	40108879	40108042	0
15	40108880	40108258	0
15	40108893	40108258	0
15	40185380	40185550	33
15	40252911	40250663	2
15	40253015	40253177	6
15	40276106	40277115	3
15	40284532	40278175	0
15	40288919	40287908	5
15	40289293	40288601	5
15	40289359	40284255	0
15	40289359	40287906	2
15	40289359	40287907	2
15	40289359	40287908	2
15	40289359	40288138	6
15	40289359	40288571	5
15	40289573	40284438	0
15	40290083	40289065	1
15	40290083	40289271	0
15	40290673	40289271	0
15	40290838	40289271	0
15	40291925	40291017	0
15	40291925	40291264	0
15	40291925	40291605	0
15	40292159	40291264	0
15	40292159	40291848	0
15	40292444	40291873	0
15	40292444	40292063	0
15	40296635	40296295	0
15	40296909	40296521	0
15	40296909	40296564	0
15	40297606	40296521	0
15	40298381	40297876	0
15	40298709	40298222	0
15	40298709	40298293	0
15	40301026	40301608	0
15	40302033	40299127	0
15	40302033	40300666	0
15	40304079	40303287	0
15	40307694	40304000	0
15	40307826	40304000	0
15	40307838	40304000	0
15	40307911	40304000	0
15	40307923	40304000	0
15	40307936	40303886	0
15	40325489	40326394	46
15	40335827	40331451	333
15	40335827	40333756	526
15	40335827	40335632	183
15	40336665	40335783	270
15	40336814	40335783	211
15	40336814	40336573	140
15	40337447	40336759	27
15	40337894	40336558	25
15	40337894	40337387	15
15	40338041	40337387	18
15	40338134	40337723	21
15	40338661	40337723	24
15	40338661	40337849	39
15	40339620	40338534	80
15	40339620	40338747	93
15	40340016	40339511	69
15	40340016	40339587	54
15	40340043	40339511	67
15	40340639	40338747	33
15	40369641	40368924	4
15	40369929	40370611	8
15	40372123	40372373	0
15	40391555	40391948	9
15	40453946	40453443	3
15	40465388	40464192	15
15	40466727	40465198	15
15	40471640	40471714	61
15	40539356	40534899	5
15	40554128	40531330	4
15	40554128	40534342	3
15	40557373	40528682	1
15	40557373	40531340	2
15	40557373	40539228	2
15	40557373	40539234	2
15	40557373	40539238	2
15	40557373	40553098	4
15	40557373	40553103	4
15	40557373	40553436	2
15	40557373	40553594	2
15	40557373	40553941	1
15	40557373	40553979	2
15	40557373	40554017	2
15	40562804	40561998	4
15	40563023	40557215	1
15	40563028	40556620	0
15	40563028	40557215	0
15	40563028	40561980	3
15	40565020	40557215	0
15	40625468	40625544	68
15	40662679	40663341	79
15	40662684	40663334	73
15	40687845	40686242	32
15	40694796	40686723	15
15	40694796	40687722	5
15	40694796	40687798	10
15	40695094	40694585	3
15	40695097	40694585	3
15	40695099	40694585	3
15	40695108	40693740	11
15	40737205	40735883	7
15	40737205	40735884	7
15	40737205	40735887	7
15	40737205	40736426	8
15	40737727	40737287	3
15	40737821	40736337	7
15	40738043	40737627	3
15	40738043	40737628	3
15	40738043	40737677	2
15	40738577	40737964	7
15	40739681	40737964	39
15	40740194	40738500	10
15	40740194	40738509	12
15	40744150	40740132	13
15	40744150	40740149	15
15	40744228	40740132	12
15	40744306	40740132	13
15	40745212	40744046	9
15	40745260	40737964	9
15	40745260	40744046	8
15	40745260	40744093	11
15	40751671	40740132	13
15	40765922	40767225	10
15	40770290	40767912	30
15	40773838	40765154	29
15	40773838	40767872	24
15	40773838	40767877	23
15	40774437	40773726	13
15	40774437	40773781	13
15	40775109	40774252	13
15	40775109	40774355	13
15	40775109	40774364	13
15	40775597	40774355	9
15	40775597	40774967	9
15	40775597	40775030	10
15	40775622	40775030	13
15	40776293	40775257	8
15	40776293	40775552	9
15	40776293	40775576	9
15	40776402	40775552	9
15	40776628	40775552	8
15	40776628	40776195	0
15	40776628	40776386	0
15	40776887	40776195	0
15	40779311	40776195	2
15	40779604	40776541	3
15	40779604	40779083	1
15	40779604	40779222	2
15	40779998	40779544	0
15	40779998	40779553	0
15	40807422	40807791	18
15	40808379	40809118	47
15	40809241	40809407	14
15	40809971	40810070	24
15	40813418	40813712	15
15	40814071	40814147	83
15	40815995	40815444	2
15	40815995	40815570	0
15	40838126	40835996	0
15	40838687	40835992	0
15	40838687	40838032	0
15	40840494	40838550	0
15	40844285	40838542	0
15	40844301	40838338	0
15	40844333	40835807	0
15	40844388	40838542	0
15	40854523	40854638	1
15	40873743	40872213	0
15	40930117	40930624	0
15	40955415	40955549	0
15	40980441	40978892	78
15	40983078	40978879	6
15	40983078	40978927	16
15	40983078	40979491	13
15	40983078	40980301	13
15	40983220	40979910	9
15	40983922	40980222	11
15	40983922	40982861	9
15	40983987	40982861	8
15	40984353	40983761	4
15	40984353	40983797	8
15	40984353	40983865	6
15	40985427	40984196	4
15	40985427	40984343	5
15	40987194	40985337	7
15	40987194	40985348	7
15	40997602	40987815	2
15	40997711	40987815	2
15	41005358	40997528	2
15	41005688	40997528	1
15	41005688	40997576	2
15	41016216	41005592	0
15	41021126	41005592	0
15	41021126	41016087	0
15	41027600	41023225	0
15	41027737	41005592	0
15	41027737	41016087	0
15	41027737	41020899	1
15	41045076	41027595	0
15	41069660	41059866	1
15	41069666	41059866	1
15	41070548	41069511	0
15	41070548	41069569	0
15	41116133	41096167	0
15	41116154	41096167	0
15	41116281	41096167	0
15	41116355	41096167	0
15	41190129	41182724	0
15	41190129	41183738	0
15	41190371	41182734	0
15	41195856	41191441	0
15	41216796	41215774	0
15	41217155	41216667	0
15	41217155	41216747	0
15	41219635	41217096	0
15	41219899	41217096	0
15	41226629	41217122	0
15	41230698	41217096	0
15	41313355	41309267	6
15	41313355	41309761	9
15	41388523	41387348	1
15	41388523	41387493	3
15	41395045	41388447	1
15	41395045	41394104	0
15	41397141	41394858	0
15	41397141	41394990	2
15	41402443	41396486	1
15	41402445	41396486	1
15	41402460	41396486	1
15	41402520	41396486	0
15	41504433	41503637	0
15	41504433	41503641	0
15	41504433	41503950	0
15	41504433	41503966	0
15	41504641	41503641	0
15	41505306	41504971	1
15	41505531	41505207	0
15	41505531	41505257	0
15	41517858	41517175	16
15	41518183	41517175	30
15	41518489	41517178	31
15	41522961	41522097	54
15	41523355	41522505	27
15	41523355	41522764	25
15	41523845	41523244	18
15	41523973	41523244	17
15	41524255	41523770	28
15	41524255	41523778	26
15	41524255	41523947	26
15	41528028	41527422	1
15	41528337	41527859	0
15	41528337	41527987	0
15	41534936	41531022	1
15	41535633	41534713	1
15	41535633	41534804	1
15	41536219	41535511	9
15	41536376	41535511	7
15	41536650	41536128	6
15	41536650	41536162	7
15	41537202	41536500	4
15	41544246	41536944	0
15	41544251	41536944	0
15	41544258	41536944	0
15	41544260	41536944	0
15	41544267	41536652	0
15	41544270	41536944	0
15	41561311	41561538	3
15	41610201	41609465	0
15	41770958	41772508	2
15	41772623	41770755	2
15	41772733	41770931	4
15	41812654	41812918	20
15	41813102	41813329	20
15	41813102	41813620	21
15	41813348	41813620	11
15	41815406	41815623	19
15	41819380	41819594	15
15	41822423	41822592	27
15	41822678	41822938	83
15	41826524	41825098	119
15	41827856	41826025	92
15	41827937	41826413	98
15	41834894	41834969	56
15	41836552	41836780	33
15	41837375	41840024	45
15	41837960	41838746	41
15	41838923	41840157	36
15	41841274	41841516	3
15	41841572	41841818	7
15	41842277	41842553	11
15	41842592	41843125	10
15	41845321	41845637	14
15	41846048	41846202	0
15	41849960	41848143	2
15	41850573	41848370	4
15	41852317	41851778	3
15	41867127	41866343	1
15	41893547	41892893	0
15	41894078	41893281	0
15	41895337	41895579	1
15	41895337	41895583	1
15	41895670	41895781	2
15	41897392	41897491	33
15	41897522	41898166	57
15	41909864	41895938	3
15	41943165	41919209	0
15	41953941	41941603	0
15	41953941	41943066	0
15	41984620	41981581	0
15	41984620	41981583	0
15	41987376	41985838	0
15	41988157	41986877	0
15	41988157	41987171	0
15	41997260	41995359	0
15	41997523	41995359	0
15	41999562	41997123	0
15	42013758	42007728	0
15	42070096	42067682	0
15	42070884	42067008	0
15	42081134	42079536	0
15	42081615	42080996	0
15	42082390	42081116	0
15	42142715	42139033	0
15	42142715	42141197	0
15	42142715	42141203	0
15	42142715	42141208	0
15	42147347	42146126	0
15	42147734	42146674	0
15	42147763	42147123	0
15	42150713	42150372	0
15	42150778	42150372	0
15	42152755	42150372	0
15	42152755	42150607	0
15	42152755	42150664	0
15	42154221	42153619	0
15	42154459	42153619	0
15	42154459	42154091	0
15	42154526	42154121	0
15	42161591	42160430	9
15	42161774	42158700	4
15	42161774	42158715	6
15	42161774	42160753	9
15	42161774	42161473	4
15	42162053	42161681	0
15	42162167	42161681	1
15	42162167	42161723	3
15	42162558	42161718	3
15	42163729	42163349	3
15	42164487	42163625	2
15	42164727	42163560	7
15	42165114	42164357	16
15	42165114	42164784	19
15	42165754	42164604	24
15	42165817	42163625	16
15	42165817	42164995	19
15	42166220	42164357	15
15	42169867	42167393	0
15	42173853	42169723	6
15	42178339	42169850	2
15	42178339	42173636	2
15	42178339	42173722	3
15	42184701	42178449	9
15	42187364	42184191	1
15	42187364	42184516	0
15	42191561	42191124	1
15	42192099	42191495	0
15	42199962	42191260	0
15	42199962	42191495	0
15	42199962	42192065	0
15	42217834	42210451	7
15	42217834	42210531	6
15	42218007	42211138	13
15	42226910	42220061	12
15	42227770	42226602	8
15	42227770	42226804	7
15	42227770	42226805	7
15	42228805	42227710	3
15	42228821	42227614	2
15	42228821	42227710	4
15	42233307	42228711	6
15	42233307	42231191	7
15	42233307	42231843	8
15	42236420	42232878	7
15	42236420	42233212	4
15	42237476	42236319	4
15	42237616	42236319	2
15	42237616	42236354	2
15	42239732	42237431	3
15	42239732	42237544	4
15	42244168	42239667	8
15	42244168	42239669	8
15	42261003	42244049	2
15	42261003	42244131	2
15	42261003	42257934	0
15	42261003	42258790	2
15	42352125	42354339	7
15	42402136	42402793	1
15	42402559	42402793	0
15	42411980	42412058	2
15	42411980	42412085	2
15	42417952	42412822	73
15	42417952	42415120	67
15	42417952	42415122	72
15	42417952	42415739	57
15	42417952	42415871	65
15	42421133	42415294	4
15	42421133	42417804	2
15	42421133	42417868	2
15	42421989	42421060	2
15	42422621	42421916	3
15	42422621	42421957	2
15	42424061	42422500	0
15	42424061	42422552	0
15	42424247	42422500	0
15	42428105	42424833	2
15	42428135	42424833	2
15	42442415	42438611	1
15	42442415	42439032	2
15	42444263	42441740	0
15	42444263	42442072	0
15	42446659	42444826	0
15	42448299	42446588	0
15	42448706	42446588	0
15	42448706	42446625	0
15	42451955	42448071	0
15	42457159	42449770	0
15	42457159	42451666	0
15	42457514	42448071	0
15	42457533	42449770	0
15	42457557	42449770	0
15	42466115	42448071	0
15	42512997	42513173	16
15	42512997	42513335	16
15	42512997	42513398	13
15	42515193	42497393	0
15	42515193	42497394	0
15	42528502	42515122	1
15	42531070	42528326	5
15	42532082	42528326	8
15	42532841	42531866	61
15	42545263	42530914	1
15	42545263	42537819	7
15	42545263	42542521	8
15	42545263	42542523	8
15	42545263	42544042	12
15	42545450	42543966	16
15	42547530	42545076	0
15	42548245	42545076	2
15	42548245	42547260	5
15	42548245	42547307	10
15	42548457	42547260	6
15	42569995	42567030	50
15	42569995	42569297	21
15	42662892	42663280	1
15	42663491	42663819	5
15	42725252	42723543	35
15	42725252	42723558	35
15	42725252	42723582	33
15	42725540	42724894	21
15	42725671	42725143	17
15	42726161	42725488	9
15	42726418	42725488	10
15	42727770	42726309	8
15	42728034	42726309	6
15	42736781	42735874	13
15	42737055	42736561	3
15	42737120	42735874	17
15	42737129	42736301	3
15	42739236	42741452	20
15	42741564	42742001	18
15	42753248	42738733	1
15	42753248	42744351	0
15	42777243	42775134	2
15	42783636	42776917	0
15	42783636	42776949	0
15	42783636	42777030	0
15	42801438	42798251	0
15	42802407	42800966	2
15	42810740	42794643	0
15	42810740	42801621	2
15	42828033	42817031	0
15	42830079	42817031	0
15	42830079	42827927	0
15	42830079	42827976	0
15	42840433	42829937	0
15	42840434	42829937	0
15	42840434	42829940	0
15	42840434	42829969	0
15	42857517	42855118	0
15	42872697	42829937	0
15	42872759	42829937	0
15	42872759	42840359	0
15	42878685	42829937	0
15	42878685	42840359	0
15	42950364	42942896	1
15	42950575	42945186	2
15	42988968	42984886	0
15	42990121	42988492	0
15	42990121	42988818	0
15	43003931	43002554	0
15	43003931	43003253	0
15	43015870	43007078	0
15	43017182	43015655	0
15	43017182	43015687	1
15	43021376	43017094	0
15	43022802	43021080	3
15	43022802	43021084	3
15	43022802	43021274	2
15	43043396	43038170	0
15	43047290	43043213	0
15	43047290	43043214	0
15	43047290	43043343	0
15	43082717	43074978	0
15	43086241	43082637	0
15	43086241	43082710	0
15	43092081	43085983	0
15	43106023	43091972	0
15	43106089	43082637	0
15	43106102	43085983	0
15	43106108	43091960	0
15	43106114	43085983	0
15	43106538	43106224	0
15	43131143	43108918	0
15	43179939	43130967	0
15	43185142	43184078	11
15	43185780	43179844	2
15	43185880	43186153	9
15	43189281	43190054	4
15	43189281	43190324	2
15	43190152	43190324	2
15	43194138	43194414	7
15	43201978	43179792	0
15	43201978	43197226	0
15	43201978	43197229	0
15	43201978	43197234	0
15	43201978	43197264	0
15	43206482	43203114	0
15	43206630	43203114	0
15	43207240	43205991	0
15	43207330	43206329	0
15	43207442	43206329	0
15	43208334	43207198	0
15	43208776	43207198	0
15	43208776	43208229	0
15	43208776	43208289	0
15	43233688	43232594	0
15	43233688	43233157	0
15	43233688	43233176	0
15	43239057	43235468	0
15	43239267	43238816	0
15	43239744	43238816	0
15	43240991	43239162	0
15	43240991	43239211	0
15	43241251	43239052	0
15	43252937	43240851	0
15	43276996	43276279	0
15	43277008	43276279	0
15	43330583	43328285	39
15	43351042	43351750	2
15	43364383	43358171	5
15	43364383	43361072	5
15	43364488	43361017	4
15	43366775	43363914	6
15	43366809	43363748	5
15	43366809	43363914	7
15	43366809	43364125	20
15	43369128	43361072	12
15	43369128	43363914	4
15	43369911	43368922	1
15	43370049	43368922	2
15	43370063	43368922	3
15	43370063	43369595	33
15	43370908	43369997	21
15	43371026	43369850	17
15	43395158	43395582	2
15	43401851	43403682	31
15	43403800	43404412	37
15	43403843	43404412	38
15	43404553	43405201	28
15	43404553	43406600	90
15	43408089	43403060	57
15	43408089	43407208	105
15	43408089	43407213	103
15	43408089	43407215	105
15	43409097	43407942	96
15	43409742	43408896	110
15	43409742	43409009	93
15	43412768	43409646	4
15	43413287	43412671	6
15	43413329	43409646	3
15	43413335	43409646	2
15	43414117	43413268	2
15	43415810	43409646	3
15	43415810	43413118	2
15	43415810	43414047	3
15	43416417	43415221	2
15	43416417	43415593	4
15	43416417	43415721	7
15	43417217	43415593	6
15	43421175	43420304	20
15	43422127	43420304	20
15	43422127	43421024	40
15	43422127	43421089	40
15	43428117	43421671	0
15	43428169	43421854	0
15	43432678	43428015	0
15	43438408	43428015	0
15	43438417	43432193	0
15	43438417	43432648	0
15	43441584	43438323	0
15	43446591	43441525	0
15	43446911	43446532	15
15	43446915	43446386	13
15	43447486	43446386	6
15	43447486	43446765	6
15	43456025	43447154	0
15	43456153	43441258	0
15	43456179	43447365	0
15	43456332	43447365	0
15	43457219	43446386	0
15	43457219	43447365	0
15	43510615	43492283	0
15	43510729	43497437	0
15	43536255	43533461	3
15	43539584	43533461	1
15	43539584	43533474	1
15	43539584	43536134	1
15	43558933	43539469	2
15	43558933	43539482	3
15	43558933	43548406	0
15	43560596	43558794	1
15	43560596	43558829	0
15	43564166	43558794	2
15	43564993	43558794	0
15	43564993	43560412	2
15	43564993	43564102	0
15	43568517	43564866	0
15	43568554	43558794	0
15	43568554	43564866	0
15	43569336	43568462	0
15	43571498	43568462	0
15	43571577	43568462	0
15	43571577	43569067	0
15	43571577	43569185	0
15	43571841	43571411	0
15	43571841	43571460	0
15	43573149	43572768	1
15	43573161	43572768	1
15	43573183	43571723	0
15	43573436	43573033	2
15	43573485	43572768	2
15	43573485	43573033	2
15	43573884	43573356	2
15	43574033	43573112	3
15	43574033	43573356	2
15	43574364	43573808	2
15	43574636	43573839	15
15	43576554	43574221	5
15	43576949	43576167	1
15	43576949	43576370	0
15	43579121	43578069	0
15	43581124	43579018	0
15	43581124	43579073	0
15	43581955	43581001	0
15	43581955	43581226	0
15	43582193	43581852	0
15	43582218	43581687	2
15	43582250	43581852	0
15	43582953	43582563	7
15	43583600	43582749	5
15	43583600	43582861	5
15	43583600	43582895	5
15	43584453	43583403	0
15	43584505	43583403	0
15	43584533	43583403	0
15	43584533	43583531	3
15	43584590	43583403	1
15	43584622	43583403	3
15	43584893	43583403	4
15	43590202	43583403	4
15	43600108	43599562	0
15	43600108	43599589	0
15	43600108	43599601	0
15	43600108	43599632	0
15	43600683	43600195	0
15	43601015	43600533	0
15	43601015	43600562	0
15	43601552	43600871	0
15	43601552	43600998	0
15	43601676	43600871	0
15	43603412	43601395	0
15	43603583	43601395	0
15	43604153	43601395	0
15	43604847	43604360	0
15	43605148	43604649	0
15	43605400	43604649	0
15	43605400	43604703	0
15	43607976	43601395	0
15	43607976	43604649	0
15	43611316	43608079	0
15	43611316	43609275	0
15	43611316	43610918	0
15	43611538	43608079	0
15	43611538	43609275	0
15	43611538	43610311	0
15	43611538	43611147	0
15	43611538	43611193	0
15	43611538	43611198	0
15	43614313	43613886	0
15	43614477	43614195	0
15	43614477	43614207	0
15	43615570	43614413	0
15	43616691	43614413	0
15	43616691	43615432	0
15	43617483	43615126	0
15	43617483	43615432	0
15	43617483	43616511	0
15	43631539	43630570	1
15	43632284	43618884	0
15	43632364	43628502	1
15	43632364	43630561	2
15	43632364	43630573	2
15	43632364	43630607	2
15	43632364	43631429	1
15	43632738	43632198	6
15	43632929	43632198	5
15	43632935	43632198	5
15	43633220	43632270	5
15	43635417	43630605	2
15	43635417	43632198	0
15	43636220	43632198	2
15	43639029	43636040	4
15	43639799	43638903	5
15	43640497	43639642	2
15	43647119	43639421	5
15	43647119	43640323	4
15	43647468	43647049	12
15	43648062	43647293	6
15	43648064	43647293	6
15	43648067	43647293	6
15	43648067	43647373	5
15	43648067	43647419	5
15	43649880	43647916	6
15	43664544	43647348	1
15	43664544	43649726	0
15	43664544	43663653	0
15	43699924	43699487	0
15	43702922	43701213	0
15	43728790	43726917	0
15	43728831	43727180	0
15	43735549	43732516	0
15	43736311	43735429	0
15	43737009	43736154	0
15	43744220	43736835	1
15	43744569	43735933	0
15	43744569	43736797	1
15	43744569	43744150	2
15	43745166	43744394	1
15	43745168	43743812	1
15	43745168	43744394	1
15	43745171	43744394	1
15	43770330	43770522	19
15	43773349	43772599	11
15	43773349	43772604	11
15	43773349	43772616	9
15	43773349	43772900	11
15	43774774	43774475	3
15	43775382	43774595	1
15	43775382	43774711	1
15	43775506	43774595	1
15	43775611	43775305	0
15	43775924	43775491	0
15	43775924	43775524	0
15	43775924	43775537	0
15	43775924	43775564	0
15	43776384	43775721	3
15	43776441	43776038	3
15	43776545	43776038	3
15	43776573	43776038	3
15	43776965	43776508	5
15	43776967	43776508	5
15	43776969	43776169	4
15	43777544	43776508	0
15	43793084	43793575	91
15	43793084	43793686	98
15	43793084	43793709	97
15	43793937	43794373	49
15	43795542	43776508	1
15	43795542	43794161	42
15	43795542	43794229	34
15	43795737	43795387	43
15	43796228	43795687	18
15	43796743	43796154	12
15	43796941	43796615	20
15	43797357	43796154	23
15	43797357	43796844	22
15	43798014	43796154	21
15	43798014	43796729	23
15	43798014	43796844	21
15	43798014	43797140	27
15	43798014	43797144	27
15	43798505	43797919	23
15	43799096	43797919	27
15	43799108	43799357	24
15	43799108	43799618	24
15	43799128	43797919	28
15	43799134	43797919	28
15	43799134	43798424	26
15	43799138	43798424	26
15	43799487	43798958	24
15	43799528	43798958	23
15	43800098	43799309	26
15	43800133	43799309	26
15	43800149	43800494	9
15	43800222	43799309	25
15	43801188	43801517	10
15	43801570	43801710	13
15	43805466	43804491	17
15	43805466	43804905	80
15	43874463	43870766	30
15	43874463	43873274	94
15	43874463	43873534	111
15	43879847	43873852	4
15	43883810	43870760	4
15	43883810	43870763	4
15	43883810	43873274	4
15	43883810	43874118	5
15	43883810	43874359	5
15	43888873	43873532	5
15	43902263	43888808	2
15	43902263	43891980	6
15	43905952	43888808	7
15	43905952	43891980	3
15	43905952	43901913	2
15	43905952	43902174	2
15	44101531	43924204	0
15	44195041	43924204	0
15	44195194	43924204	0
15	44195211	43924204	0
15	44195232	43924204	0
15	44195253	43924204	0
15	44288905	44289158	51
15	44390452	44387319	0
15	44405403	44402684	2
15	44413437	44414513	43
15	44413440	44405326	6
15	44414362	44413333	54
15	44427145	44414209	0
15	44517484	44516649	4
15	44535475	44527256	4
15	44535944	44535088	5
15	44536359	44535251	5
15	44536641	44535262	6
15	44536895	44535068	2
15	44536924	44533492	6
15	44564699	44562695	35
15	44564699	44562696	33
15	44564699	44562853	31
15	44566010	44564546	10
15	44566010	44564638	13
15	44566145	44564552	12
15	44566306	44565853	18
15	44566306	44565965	19
15	44567593	44563120	12
15	44567593	44566216	10
15	44569506	44567423	10
15	44570659	44567423	9
15	44570659	44569397	5
15	44572641	44570524	9
15	44572821	44567337	8
15	44572821	44570524	11
15	44572821	44570552	8
15	44572825	44570524	11
15	44573684	44572682	5
15	44573746	44572682	6
15	44573821	44572682	5
15	44575042	44573356	1
15	44575042	44573546	2
15	44575042	44573733	4
15	44575273	44573357	3
15	44584452	44583813	61
15	44584528	44570524	10
15	44584559	44572682	8
15	44584559	44574901	12
15	44585851	44583813	0
15	44585851	44584258	0
15	44588639	44585635	1
15	44588639	44585761	2
15	44589415	44585635	0
15	44589415	44585651	0
15	44589415	44585837	0
15	44596347	44592330	0
15	44596356	44595258	1
15	44596944	44596082	0
15	44597173	44596115	0
15	44598374	44596783	2
15	44598680	44596803	2
15	44598837	44598264	6
15	44598837	44598353	5
15	44600633	44598630	4
15	44604198	44600563	6
15	44606092	44600259	2
15	44606092	44600466	1
15	44606159	44600466	2
15	44613537	44610839	0
15	44615567	44613429	0
15	44615567	44613508	0
15	44620306	44615362	0
15	44620404	44615362	0
15	44621867	44615427	0
15	44622800	44622219	0
15	44626508	44622475	0
15	44626508	44622727	0
15	44633638	44629232	0
15	44649012	44633469	0
15	44649012	44633504	0
15	44666542	44665731	0
15	44666542	44665732	0
15	44666542	44665734	0
15	44666542	44665735	0
15	44667020	44665732	0
15	44669875	44669509	0
15	44670088	44669776	0
15	44670088	44669802	0
15	44672157	44669966	0
15	44672240	44669966	0
15	44672457	44669966	0
15	44672457	44672014	0
15	44672457	44672117	0
15	44675620	44674149	0
15	44675692	44674149	0
15	44676551	44675485	0
15	44676566	44674292	0
15	44676566	44675485	0
15	44676825	44674149	0
15	44676889	44676474	0
15	44711317	44674762	0
15	44715459	44715512	475
15	44715702	44716328	41
15	44715878	44716619	45
15	44716357	44717606	56
15	44717705	44718757	10
15	44717792	44717843	1001
15	44736446	44736560	0
15	44756464	44758612	0
15	44756464	44758620	0
15	44826768	44826898	96
15	44828572	44825746	16
15	44828572	44826950	25
15	44828572	44827059	24
15	44828732	44826370	26
15	44847563	44839370	0
15	44884695	44881494	0
15	44918968	44914801	0
15	44924740	44918873	0
15	44928705	44924660	0
15	44956783	44956895	0
15	45042489	45041715	1
15	45050667	45042366	1
15	45074049	45073491	174
15	45094692	45092649	0
15	45094692	45092654	0
15	45099483	45098008	0
15	45099893	45099382	0
15	45100229	45099028	0
15	45100229	45099661	0
15	45100414	45099816	0
15	45101275	45100754	0
15	45101858	45100842	0
15	45101990	45099661	0
15	45101990	45101204	0
15	45104054	45100754	0
15	45116730	45117090	0
15	45118070	45117366	0
15	45118070	45117370	0
15	45118070	45117373	0
15	45118070	45117514	0
15	45119366	45117903	0
15	45120321	45117373	0
15	45120321	45118720	0
15	45120321	45119099	0
15	45120321	45119146	0
15	45120368	45118555	0
15	45120806	45120102	0
15	45121222	45120591	0
15	45121222	45120781	0
15	45122243	45120591	0
15	45122243	45120778	0
15	45122243	45120795	0
15	45122243	45121086	0
15	45122243	45121208	0
15	45123015	45122184	0
15	45123021	45122184	0
15	45123044	45122184	0
15	45128905	45122867	0
15	45129135	45122867	0
15	45129135	45122976	0
15	45129324	45129017	0
15	45129340	45122967	0
15	45129616	45129017	0
15	45129616	45129231	0
15	45129647	45129017	0
15	45129860	45129459	0
15	45129862	45129017	0
15	45129862	45129459	0
15	45129871	45122867	0
15	45129878	45122867	0
15	45129878	45129172	0
15	45129878	45129459	0
15	45129880	45129459	0
15	45129881	45129154	0
15	45129910	45129459	0
15	45129939	45129459	0
15	45139169	45139426	1
15	45139245	45139426	1
15	45167527	45152663	0
15	45172003	45167213	0
15	45172003	45167712	0
15	45172003	45170207	0
15	45172079	45167833	0
15	45172319	45170665	0
15	45172319	45171593	0
15	45172319	45171845	0
15	45172319	45171882	0
15	45172319	45171929	0
15	45173717	45171882	0
15	45175270	45173575	0
15	45175327	45171882	1
15	45175426	45167250	0
15	45175426	45171882	0
15	45175426	45172146	0
15	45175426	45172148	0
15	45175426	45173575	0
15	45175426	45174222	0
15	45178261	45175218	0
15	45178307	45175218	0
15	45178307	45175379	0
15	45199121	45178164	0
15	45201117	45178164	0
15	45201176	45198771	0
15	45253935	45251579	0
15	45255368	45253505	0
15	45255368	45253780	0
15	45255999	45255123	0
15	45255999	45255329	0
15	45256003	45255329	0
15	45264810	45255951	0
15	45272394	45272672	1
15	45279228	45255951	0
15	45279252	45264626	0
15	45364017	45361123	0
15	45364017	45361125	0
15	45364861	45363630	0
15	45364861	45363899	0
15	45366071	45364323	0
15	45366211	45364796	0
15	45366211	45364823	0
15	45366509	45366045	0
15	45368261	45366370	0
15	45368261	45366461	0
15	45369522	45368069	0
15	45369708	45368069	0
15	45373332	45369382	0
15	45376820	45369325	0
15	45376820	45369326	0
15	45376820	45369328	0
15	45376820	45373235	0
15	45377036	45369377	0
15	45378076	45376600	0
15	45378485	45376600	0
15	45378520	45369325	0
15	45378545	45369325	0
15	45378548	45376600	0
15	45378794	45376600	0
15	45380560	45379201	0
15	45396254	45380499	0
15	45397083	45376600	0
15	45397083	45380483	0
15	45397260	45376608	0
15	45430656	45430769	0
15	45434151	45430651	0
15	45486746	45479610	1
15	45511285	45490727	0
15	45511285	45502050	0
15	45522237	45511137	0
15	45522469	45511137	0
15	45522808	45521963	1
15	45631780	45631926	0
15	46100393	46099192	0
15	47380596	47359999	0
15	47380596	47360004	0
15	47395689	47359429	0
15	47399555	47397500	0
15	47605353	47603879	0
15	47804879	47803383	0
15	47820158	47819627	0
15	47827617	47804773	0
15	47827617	47814001	0
15	48134985	48136682	1
15	48136964	48138968	1
15	48139176	48141112	0
15	48141215	48142028	7
15	48143072	48141797	9
15	48149084	48134630	1
15	48149084	48139431	1
15	48149084	48141795	1
15	48149084	48141796	1
15	48149084	48141805	1
15	48149084	48142651	1
15	48149084	48142895	1
15	48149084	48143060	1
15	48149314	48142665	2
15	48149327	48149031	1
15	48149372	48149031	1
15	48149987	48149031	0
15	48151172	48149162	1
15	48151572	48149162	1
15	48151572	48149196	1
15	48152275	48151472	2
15	48152281	48151873	2
15	48152285	48151873	2
15	48153894	48151873	1
15	48153894	48152116	2
15	48153894	48152233	2
15	48154077	48152233	4
15	48158057	48152306	4
15	48158057	48152307	4
15	48158057	48153791	1
15	48158057	48157135	3
15	48159671	48158768	0
15	48159805	48158768	0
15	48166027	48159612	1
15	48166027	48162694	1
15	48166027	48162718	1
15	48166028	48159612	1
15	48168840	48159595	0
15	48190158	48189119	0
15	48190158	48189386	0
15	48191032	48189036	0
15	48201685	48192190	0
15	48225948	48229188	0
15	48226572	48229188	0
15	48227175	48229188	0
15	48314964	48312352	0
15	48331793	48330345	7
15	48331847	48327565	1
15	48331857	48314894	0
15	48341364	48341458	14
15	48341364	48341462	14
15	48341364	48341514	15
15	48341364	48342021	11
15	48341586	48342021	10
15	48412744	48408305	0
15	48412744	48410073	0
15	48412744	48411200	0
15	48428472	48427566	0
15	48428472	48427881	0
15	48430803	48427943	0
15	48430803	48428345	0
15	48432892	48430670	0
15	48432989	48430670	0
15	48432989	48430763	0
15	48437918	48437321	0
15	48441847	48437621	0
15	48441847	48437767	0
15	48534206	48526129	0
15	48537809	48474527	0
15	48644833	48642846	4
15	48644951	48613009	0
15	48645710	48644605	2
15	48645722	48640988	2
15	48645850	48644605	1
15	48717170	48712927	1
15	48729845	48729079	1
15	48741705	48717017	1
15	48741705	48737934	21
15	48741705	48738150	38
15	48742015	48741630	6
15	48742101	48740505	25
15	48742101	48741600	4
15	48769082	48768218	0
15	48772692	48768955	0
15	48772692	48768972	0
15	48773532	48772486	0
15	48781360	48772486	0
15	48781360	48772514	0
15	48784121	48782138	0
15	48789002	48783972	0
15	48789002	48783982	0
15	48797731	48796009	0
15	48797731	48797300	0
15	48798052	48797660	0
15	48798052	48797716	0
15	48805657	48797670	0
15	48805657	48797947	0
15	48810595	48805562	0
15	48810808	48810930	0
15	48810988	48805562	0
15	48811031	48805562	0
15	48811077	48805519	0
15	48811080	48805562	0
15	48811142	48805562	0
15	48811147	48805562	0
15	48835023	48823734	0
15	48835023	48825166	0
15	48835023	48825778	0
15	48843589	48834768	0
15	48843589	48834845	0
15	48856125	48843408	0
15	48856125	48851187	0
15	48857816	48855952	0
15	48872143	48867817	0
15	48877282	48872012	0
15	48877490	48872088	0
15	48877630	48872088	0
15	48877637	48872088	0
15	48878051	48872088	0
15	48878055	48877567	2
15	48878273	48878338	232
15	48884368	48872088	0
15	48963445	48924878	0
15	48992927	48988475	36
15	48996490	48992797	2
15	48996587	48988637	1
15	48996587	48988769	3
15	48999988	48996366	0
15	48999988	48996383	0
15	49001098	48999832	0
15	49001098	48999919	0
15	49011864	49009215	0
15	49012818	49011730	0
15	49013142	49011546	1
15	49016702	49012647	1
15	49017016	49016559	2
15	49017054	49016435	2
15	49017629	49016847	2
15	49017629	49016916	3
15	49017629	49016946	2
15	49017794	49016951	5
15	49037770	49032964	0
15	49037770	49035333	0
15	49046434	49037590	0
15	49046447	49037394	0
15	49046447	49037590	0
15	49046448	49037590	0
15	49046564	49037590	0
15	49119168	49106067	1
15	49128761	49122727	36
15	49128761	49127349	36
15	49128761	49127535	36
15	49129560	49119044	9
15	49134109	49133758	11
15	49134515	49133929	4
15	49134515	49134032	4
15	49134515	49134082	14
15	49137228	49134134	2
15	49137228	49134339	3
15	49139654	49137149	2
15	49139654	49137347	3
15	49144305	49139257	2
15	49144305	49139527	5
15	49155605	49139527	0
15	49178742	49177609	0
15	49328131	49328665	40
15	49331850	49326961	1
15	49331850	49328390	0
15	49331850	49328392	0
15	49334303	49331779	1
15	49335497	49331779	1
15	49367609	49335418	0
15	49371400	49331779	0
15	49371400	49367447	1
15	49508295	49489060	0
15	49508349	49371301	0
15	49508349	49422399	0
15	49575110	49541679	0
15	49575110	49568244	0
15	49576846	49574737	0
15	49576846	49575010	0
15	49577306	49576493	3
15	49577306	49576760	2
15	49577665	49576135	2
15	49577665	49576559	0
15	49577665	49576740	2
15	49588084	49574860	0
15	49589944	49588015	0
15	49590008	49588015	0
15	49606219	49589775	0
15	49611269	49588015	0
15	49611269	49589775	0
15	49615172	49611214	0
15	49615239	49611214	0
15	49615244	49611214	0
15	49620191	49615120	0
15	49620810	49615120	0
15	49620817	49614791	0
15	49620823	49615120	0
15	49620898	49615120	0
15	49620930	49615120	0
15	49620932	49615120	0
15	49862376	49858237	0
15	49862376	49858238	0
15	49862376	49858999	0
15	49862376	49859001	0
15	49862376	49859638	0
15	49862376	49860213	0
15	49862376	49860456	0
15	49885926	49883158	0
15	49897516	49879375	0
15	49897516	49885810	0
15	49898222	49897291	0
15	49898252	49894891	0
15	49898252	49897291	0
15	49898252	49897434	0
15	49901240	49898067	0
15	49901240	49898145	0
15	49917040	49898067	0
15	49917277	49898067	0
15	49920411	49918838	0
15	49922406	49920273	0
15	49923495	49920245	0
15	49979814	49972581	0
15	49981295	49979605	0
15	49981295	49979616	0
15	49987550	49981205	0
15	49996760	49987390	0
15	50010918	49987511	0
15	50010918	50002152	0
15	50010918	50009271	0
15	50047465	50044593	0
15	50074186	50047350	0
15	50074186	50047391	0
15	50119458	50010844	0
15	50243245	50241946	0
15	50243245	50242012	0
15	50248344	50243142	0
15	50252521	50243142	0
15	50253306	50252429	0
15	50253667	50252611	0
15	50254274	50252919	0
15	50254274	50253123	0
15	50254274	50253599	0
15	50254665	50253725	0
15	50254665	50254129	0
15	50257548	50254529	0
15	50257548	50254551	0
15	50258518	50254529	0
15	50263408	50254529	0
15	50282392	50278541	7
15	50286184	50275391	7
15	50286184	50277262	6
15	50286184	50278401	4
15	50286184	50282278	7
15	50289666	50285893	0
15	50289669	50285879	0
15	50289669	50285881	0
15	50289669	50286067	0
15	50301316	50300788	3
15	50301369	50300788	3
15	50303124	50300788	0
15	50303124	50301220	1
15	50303124	50301256	1
15	50304000	50301112	0
15	50304134	50302928	0
15	50309799	50303965	0
15	50309799	50303972	0
15	50309799	50303973	0
15	50355125	50303965	0
15	50355154	50309690	0
15	50355192	50314415	0
15	50355199	50309690	0
15	50355203	50346371	6
15	50355409	50309690	0
15	50355409	50346371	2
15	50356258	50370329	28
15	50356919	50367380	40
15	50360195	50359449	30
15	50424515	50424595	24
15	50497081	50494017	8
15	50497698	50497194	7
15	50529930	50500561	0
15	50529930	50500798	0
15	50529930	50500885	0
15	50529930	50513409	0
15	50557699	50558622	12
15	50558629	50559998	9
15	50569994	50552472	10
15	50569994	50557157	2
15	50569994	50560292	4
15	50569994	50561639	17
15	50570156	50569886	0
15	50570156	50569968	0
15	50575009	50574636	11
15	50575086	50574273	2
15	50575136	50574636	1
15	50575790	50574851	1
15	50575790	50574958	2
15	50575920	50574851	1
15	50575920	50575027	1
15	50583157	50580873	1
15	50583160	50580873	1
15	50586489	50580873	1
15	50586489	50583023	3
15	50586489	50583088	3
15	50586583	50583088	3
15	50593750	50591910	0
15	50594614	50593616	0
15	50594614	50593618	0
15	50605145	50599121	4
15	50607329	50603946	0
15	50607329	50604865	0
15	50720101	50702265	3
15	50720101	50707447	4
15	50722202	50719939	0
15	50725324	50722123	0
15	50725324	50722140	0
15	50725520	50722172	0
15	50726127	50725220	6
15	50726328	50725220	6
15	50726378	50725220	4
15	50726378	50726072	11
15	50731040	50725915	1
15	50731040	50726320	1
15	50747509	50739679	0
15	50747532	50739679	0
15	50747629	50739679	0
15	50748203	50747494	0
15	50748203	50747503	0
15	50748871	50747996	0
15	50748871	50748112	0
15	50749747	50748687	0
15	50764562	50749635	0
15	50765710	50749635	0
15	50765809	50749635	0
15	50840940	50839878	0
15	50841757	50840683	0
15	50852541	50839875	0
15	50852541	50841654	0
15	50868714	50839874	0
15	51069587	51064608	0
15	51094502	51056676	0
15	51094688	51056597	0
15	51094706	51056603	0
15	51212562	51208056	0
15	51212562	51210180	0
15	51212562	51210513	0
15	51212562	51210980	0
15	51215225	51212258	0
15	51215233	51212319	0
15	51215233	51212526	0
15	51215818	51215031	0
15	51215818	51215069	0
15	51215818	51215181	0
15	51215988	51215069	0
15	51218537	51215786	0
15	51218549	51215786	0
15	51218656	51215702	0
15	51218656	51215710	0
15	51222355	51218540	0
15	51222526	51218540	0
15	51222526	51218557	0
15	51227934	51218540	0
15	51227934	51221378	0
15	51227934	51222263	0
15	51227934	51222348	0
15	51227934	51222460	0
15	51227934	51222478	0
15	51227934	51222482	0
15	51242951	51236858	0
15	51243012	51236858	0
15	51243065	51236858	0
15	51278161	51277135	0
15	51278163	51242767	0
15	51280016	51278926	0
15	51318493	51242767	0
15	51319000	51312226	0
15	51323925	51242767	0
15	51337909	51255517	0
15	51338576	51242767	0
15	51338581	51242767	0
15	51338582	51320227	0
15	51338597	51242767	0
15	51338598	51278007	0
15	51338599	51255517	0
15	51338602	51255517	0
15	51338611	51242767	0
15	51377298	51377448	0
15	51404936	51405035	2
15	51450347	51447710	0
15	51450347	51447775	0
15	51450347	51447787	0
15	51450347	51448811	3
15	51450674	51447790	3
15	51451698	51450128	6
15	51453642	51450194	5
15	51453642	51451644	3
15	51455214	51453549	0
15	51455229	51453247	1
15	51455229	51453549	1
15	51456319	51456065	0
15	51456370	51456065	0
15	51457467	51456308	0
15	51457467	51456312	0
15	51457467	51456324	0
15	51458628	51457327	1
15	51458628	51457371	1
15	51458628	51457446	0
15	51458879	51457327	1
15	51463497	51458708	32
15	51463497	51459597	14
15	51464877	51463075	0
15	51464877	51463378	0
15	51465652	51458708	6
15	51500232	51495023	0
15	51503034	51498551	0
15	51507254	51495023	1
15	51547409	51545582	0
15	51563448	51547229	0
15	51563448	51547331	0
15	51568559	51565087	0
15	51576182	51567042	0
15	51576182	51568486	0
15	51695766	51693215	0
15	51713157	51707994	0
15	51724992	51723243	4
15	51725122	51723010	3
15	51725122	51723068	3
15	51725122	51723237	3
15	51766568	51767070	0
15	51808545	51810178	10
15	51861294	51859184	0
15	51892479	51887559	0
15	51908863	51911013	62
15	51908863	51911039	64
15	51908877	51911039	64
15	51909643	51908901	48
15	51921874	51919072	1
15	51929479	51928206	4
15	51930628	51929333	3
15	51947390	51938024	3
15	51947390	51938026	3
15	51949995	51947291	0
15	51953264	51951843	1
15	51954576	51953128	3
15	51955062	51953214	1
15	51960045	51953128	3
15	52019096	52010998	0
15	52100524	52056674	0
15	52112769	52109749	0
15	52112776	52109262	0
15	52116969	52121652	1
15	52124640	52115104	2
15	52124640	52120938	5
15	52124640	52121625	5
15	52124640	52122205	5
15	52124640	52122208	5
15	52126045	52123558	5
15	52126045	52124472	2
15	52126045	52124538	6
15	52135757	52133377	2
15	52135848	52133377	1
15	52137945	52135612	3
15	52139956	52136979	3
15	52141212	52135612	2
15	52141273	52135612	2
15	52141273	52135688	2
15	52144462	52141205	0
15	52147536	52141139	1
15	52149926	52135612	0
15	52149926	52141139	1
15	52149926	52147166	0
15	52149926	52147458	0
15	52154077	52149277	0
15	52154077	52149883	0
15	52179880	52153939	0
15	52179888	52153939	0
15	52179901	52153939	0
15	52179974	52153939	0
15	52180002	52153939	0
15	52180402	52181049	0
15	52195458	52192321	0
15	52195458	52192658	2
15	52205148	52196308	0
15	52205967	52204864	0
15	52205967	52205047	0
15	52208644	52205815	0
15	52229314	52225438	0
15	52232686	52229132	0
15	52232686	52229229	1
15	52235764	52229132	0
15	52237647	52235669	0
15	52239880	52236788	0
15	52239880	52237481	0
15	52244568	52237481	0
15	52251516	52248699	0
15	52253458	52250990	0
15	52253458	52251389	0
15	52253458	52251421	0
15	52261128	52256638	0
15	52264297	52256638	0
15	52264297	52260861	0
15	52264297	52260901	0
15	52264297	52261006	0
15	52272724	52264189	0
15	52272724	52269752	0
15	52272724	52271762	0
15	52275719	52272579	0
15	52275719	52272688	0
15	52278028	52275561	0
15	52279018	52275561	0
15	52314204	52307282	25
15	52314204	52307285	24
15	52314204	52307287	24
15	52314204	52313303	4
15	52314204	52313695	0
15	52321510	52319059	0
15	52323445	52321358	0
15	52323897	52321468	0
15	52337885	52336462	0
15	52340395	52336462	0
15	52340395	52337809	0
15	52367125	52364553	0
15	52370418	52367030	0
15	52370418	52367084	0
15	52387913	52384160	0
15	52389364	52387749	0
15	52389364	52387828	0
15	52416302	52410332	0
15	52425968	52416004	0
15	52425975	52416144	0
15	52528842	52433174	0
15	52528881	52433174	0
15	52529051	52433174	0
15	52557054	52551919	2
15	52557223	52547044	2
15	52557223	52547243	10
15	52557223	52549526	2
15	52557223	52551366	8
15	52557223	52551593	2
15	52557223	52551671	2
15	52557223	52551734	2
15	52557223	52551768	1
15	52557223	52551808	1
15	52557223	52552008	2
15	52557745	52551260	1
15	52568903	52551648	13
15	52584945	52581320	1
15	52584945	52581852	2
15	52584945	52581931	2
15	52584945	52582187	2
15	52585324	52581316	0
15	52586408	52587060	8
15	52587220	52584742	3
15	52587220	52584744	3
15	52587220	52584904	5
15	52593737	52584744	9
15	52593737	52586021	4
15	52593737	52587055	4
15	52593737	52587150	6
15	52600236	52593416	3
15	52600236	52593577	1
15	52601166	52593577	2
15	52611256	52608567	0
15	52611778	52611129	0
15	52611778	52611232	0
15	52613858	52611574	0
15	52613858	52611600	0
15	52613858	52611624	0
15	52613858	52611693	0
15	52613858	52611710	0
15	52649867	52648633	0
15	52652051	52613672	0
15	52678117	52613672	0
15	52678123	52611574	0
15	52678123	52613672	0
15	52678123	52656052	0
15	52678222	52613672	0
15	52781184	52757439	0
15	52787128	52785724	0
15	52790013	52756988	0
15	52791079	52757314	0
15	52804298	52801613	0
15	53523323	53513740	6
15	53523323	53513741	6
15	53523323	53515158	6
15	53523323	53515162	6
15	53523323	53517469	9
15	53616244	53613665	0
15	53665769	53615425	0
15	53665769	53615880	0
15	53684628	53665691	0
15	53699946	53665571	0
15	53948609	53947623	0
15	53955832	53948145	0
15	53955832	53948205	0
15	53955832	53948488	0
15	55183401	55180805	2
15	55183401	55182044	6
15	55191048	55185361	4
15	55192834	55190974	3
15	55192834	55190992	3
15	55194184	55192719	4
15	55194360	55192756	5
15	55196626	55192719	8
15	55196915	55192402	6
15	55197050	55192719	5
15	55197068	55192719	5
15	55224013	55202965	0
15	55224013	55202968	0
15	55224013	55205348	0
15	55224013	55205352	0
15	55224013	55205615	0
15	55228713	55223888	0
15	55228713	55223915	0
15	55228713	55223947	0
15	55230487	55228608	0
15	55230487	55228665	0
15	55234957	55230400	0
15	55234957	55230424	0
15	55238492	55234781	0
15	55238492	55237315	0
15	55249036	55234781	0
15	55260024	55234781	0
15	55270257	55259920	0
15	55270285	55234781	0
15	55270285	55238117	0
15	55270285	55238402	0
15	55270287	55238402	0
15	55270395	55234781	0
15	55270875	55270164	1
15	55270902	55270164	0
15	55270910	55270164	0
15	55289792	55269793	0
15	55289814	55270164	0
15	55289816	55270164	0
15	55314161	55238402	0
15	55314161	55289887	0
15	55319046	55317183	7
15	55319108	55317703	7
15	55319111	55314019	3
15	55319114	55314038	3
15	55319162	55317321	3
15	55348467	55340038	4
15	55356410	55340031	8
15	55359683	55356311	25
15	55359691	55355644	12
15	55360208	55356127	22
15	55360945	55355238	8
15	55360945	55355247	8
15	55360945	55359538	64
15	55365277	55355777	2
15	55365310	55355249	0
15	55365310	55358838	3
15	55365310	55359017	3
15	55365310	55359538	4
15	55365310	55360839	1
15	55372031	55358838	3
15	55372045	55365187	5
15	55372953	55365187	0
15	55374251	55371872	4
15	55377151	55371792	1
15	55377151	55371986	3
15	55377151	55374154	0
15	55378377	55376948	0
15	55378377	55377023	0
15	55378377	55377126	0
15	55411156	55410524	0
15	55432603	55389364	0
15	55432603	55411108	0
15	55432603	55430307	2
15	55435059	55417754	0
15	55435059	55430307	0
15	55439582	55389364	0
15	55450368	55439471	0
15	55467162	55450221	0
15	55491257	55450221	0
15	55491257	55466929	0
15	55491257	55466960	0
15	55495203	55491122	0
15	55497860	55491018	0
15	55497860	55491122	0
15	55547148	55544408	16
15	55548996	55538889	8
15	55548996	55544686	2
15	55548996	55546004	3
15	55620768	55611545	6
15	55672634	55641112	0
15	55672634	55655075	0
15	55678045	55675518	0
15	55679446	55677796	0
15	55679831	55678012	0
15	55682498	55680490	0
15	55740685	55683786	0
15	55740685	55738222	0
15	55742535	55740477	0
15	55742980	55740381	0
15	55743091	55740381	0
15	55830587	55826921	112
15	55830587	55826996	137
15	55830587	55827334	156
15	55860779	55860406	4
15	55863032	55860660	3
15	55863080	55860660	2
15	55863080	55860714	2
15	55869682	55860660	0
15	55869682	55862912	1
15	55869682	55862982	2
15	55869682	55862987	2
15	55917132	55862912	0
15	55924700	55873957	0
15	55924700	55905211	1
15	55934755	55924362	0
15	55951401	55924645	0
15	55951415	55924645	0
15	55951440	55924645	0
15	55951590	55924645	0
15	55992006	55987208	0
15	55993549	55966472	0
15	55993614	55987730	1
15	55993661	55966472	0
15	55993747	55966472	0
15	56087991	56087279	1
15	56096621	56087907	47
15	56098377	56087282	45
15	56098377	56093632	47
15	56103671	56102168	2
15	56142901	56103551	0
15	56243267	56179269	0
15	56365478	56365578	0
15	56410187	56408482	1
15	56429194	56421543	1
15	56431499	56428730	1
15	56431499	56429085	0
15	56446944	56444443	0
15	56456522	56446840	0
15	56464248	56456393	0
15	56465086	56463779	0
15	56465138	56464025	0
15	56543813	56542951	0
15	56548008	56543558	0
15	56548602	56547859	0
15	56549511	56547937	0
15	56635251	56630180	0
15	56635251	56630326	0
15	56635251	56631842	0
15	56635779	56631297	0
15	56642998	56635194	3
15	56643145	56635174	1
15	56654235	56642951	1
15	56654504	56652487	2
15	56654504	56654197	1
15	56654843	56654384	1
15	56658487	56652489	0
15	56658487	56654384	0
15	56666536	56658423	0
15	56666987	56666394	0
15	56666987	56666494	0
15	56668242	56666678	0
15	56668958	56666394	0
15	56668958	56666511	0
15	56668958	56666678	0
15	56668958	56666799	0
15	56689151	56682253	0
15	56689471	56688788	0
15	56689471	56689040	0
15	56701073	56693097	0
15	56701239	56697762	0
15	56701239	56700932	0
15	56704268	56701172	0
15	56733495	56707262	1
15	56733508	56707262	2
15	56733531	56729753	2
15	56733578	56732603	4
15	56733590	56707262	1
15	56734087	56707262	0
15	56806423	56724846	0
15	56827652	56795459	0
15	56847482	56827523	0
15	56887171	56887687	0
15	56890168	56847323	0
15	56890168	56849955	0
15	56890168	56859667	0
15	56890168	56886169	0
15	56917213	56890013	0
15	56917213	56905747	2
15	56917649	56917064	5
15	56918386	56917064	7
15	56918494	56916725	3
15	56918500	56917064	8
15	56918572	56917146	5
15	57306623	57307042	2
15	57307069	57307541	5
15	57326448	57325471	0
15	57478330	57477483	0
15	57529010	57527186	0
15	57706373	57706491	0
15	57955270	57953424	0
15	57960845	57953423	0
15	57960845	57953428	0
15	57960845	57953430	0
15	57960845	57953819	0
15	57960845	57955062	0
15	57960845	57955166	0
15	57992819	57965724	0
15	57992819	57991423	0
15	57993074	57965724	0
15	57993074	57992704	0
15	57993074	57992782	0
15	57995140	57992944	0
15	58010779	57995077	0
15	58010779	57995089	0
15	58013995	58010648	0
15	58013999	57995077	0
15	58013999	58010648	0
15	58013999	58012088	0
15	58014102	58010648	0
15	58014282	58010648	0
15	58014282	58013857	0
15	58014282	58013905	0
15	58014282	58013937	0
15	58014282	58013985	0
15	58036724	58014176	0
15	58038583	58014176	0
15	58058109	58014176	0
15	58065712	58014176	0
15	58065739	58014176	0
15	58066419	58014176	0
15	58107469	58014176	0
15	58107469	58014260	0
15	58138573	58107318	0
15	58138573	58107416	0
15	58138826	58014176	0
15	58164145	58138446	0
15	58184441	58184486	0
15	58225772	58138446	0
15	58225772	58214053	0
15	58246266	58241899	0
15	58246303	58107318	0
15	58246303	58225613	0
15	58257556	58246182	0
15	58258240	58257425	0
15	58258240	58257447	0
15	58279228	58166647	0
15	58279264	58014176	0
15	58279271	58246134	0
15	58279281	58225613	0
15	58279322	58107318	0
15	58279322	58138446	0
15	58279322	58246134	0
15	58331465	58257447	0
15	58331631	58246182	0
15	58420106	58014176	0
15	58420106	58138446	0
15	58473761	58419970	0
15	58473914	58419970	0
15	58494884	58434889	0
15	58599725	58588806	5
15	58599725	58597164	1
15	58599725	58597201	1
15	58610518	58599597	1
15	58611108	58609157	10
15	58611108	58610296	7
15	58611992	58599597	2
15	58611992	58610926	9
15	58611992	58610998	7
15	58621505	58610296	0
15	58621505	58611275	0
15	58621511	58611807	2
15	58621542	58611807	2
15	58621622	58611807	0
15	58621622	58611853	0
15	58627884	58621470	0
15	58629465	58627699	0
15	58633360	58596871	2
15	58633360	58627699	0
15	58633360	58627711	2
15	58665198	58646054	0
15	58665198	58655242	2
15	58676294	58665096	0
15	58679283	58665096	0
15	58679283	58665151	0
15	58679283	58676142	0
15	58682315	58665145	0
15	58682315	58679123	0
15	58693126	58691105	0
15	58698405	58665181	0
15	58707381	58682251	0
15	58717728	58679158	0
15	58717728	58682195	0
15	58717728	58698279	0
15	58748967	58717576	1
15	58749595	58640776	0
15	58749631	58640776	0
15	58749708	58597163	1
15	58749720	58747344	1
15	58749721	58717576	0
15	58749759	58717576	0
15	58749771	58717576	0
15	58749775	58717576	0
15	58749792	58717576	0
15	58749979	58717576	0
15	58756248	58755624	0
15	58770975	58768071	0
15	58865064	58856830	6
15	58880108	58879424	177
15	58883787	58879044	8
15	58883787	58879418	24
15	58883787	58879428	24
15	58883787	58879431	24
15	58883787	58879559	34
15	58883787	58879979	22
15	58887008	58883625	10
15	58887120	58883478	11
15	58887120	58883625	10
15	58887125	58883625	10
15	58887541	58886974	6
15	58888423	58887225	4
15	58888556	58887225	4
15	58888574	58887456	3
15	58888730	58887291	4
15	58889491	58888384	3
15	58889555	58888384	5
15	58890462	58889429	8
15	58893061	58889143	5
15	58893988	58893278	2
15	58894194	58893278	2
15	58894194	58893820	2
15	58894194	58893901	0
15	58894194	58893925	0
15	58894583	58894089	4
15	58894583	58894157	4
15	58894583	58894188	2
15	58897121	58894432	4
15	58897234	58894432	7
15	58897234	58894458	7
15	58897565	58894432	4
15	58898853	58897114	3
15	58899084	58897114	3
15	58899884	58898802	37
15	58899938	58898802	34
15	58899938	58898815	34
15	58901288	58897981	23
15	58901288	58898802	32
15	58901288	58899468	27
15	58901288	58899610	32
15	58901288	58899704	33
15	58901288	58899790	26
15	58901288	58900416	25
15	58912611	58901259	4
15	58912802	58900967	4
15	58913697	58912562	15
15	58917000	58901259	7
15	58917000	58912562	6
15	58917000	58913498	11
15	58917000	58913556	12
15	58917021	58913498	12
15	58921585	58916934	2
15	58932444	58916573	2
15	58932444	58916934	4
15	58932444	58921445	2
15	58933450	58932355	2
15	58933559	58932355	3
15	58933575	58932355	3
15	58933577	58916934	1
15	58933577	58932355	3
15	58933580	58932355	3
15	58933582	58932355	3
15	58933595	58932355	3
15	58933599	58916934	1
15	58933600	58916934	1
15	58933601	58932355	3
15	58933617	58932151	2
15	58933654	58932355	3
15	59050386	59049398	0
15	59107451	59107556	0
15	59123628	59124766	28
15	59138368	59132433	7
15	59138368	59136365	7
15	59163304	59161072	2
15	59172043	59163156	1
15	59172043	59163218	3
15	59173916	59171896	2
15	59178538	59174125	1
15	59188217	59178392	3
15	59188217	59178423	2
15	59195568	59178392	1
15	59195568	59188117	1
15	59202408	59195460	0
15	59202408	59195496	0
15	59208782	59205399	1
15	59208849	59205399	0
15	59209001	59205399	1
15	59210601	59208680	0
15	59210601	59208808	0
15	59214315	59210513	0
15	59218088	59171896	2
15	59223192	59217890	0
15	59224824	59223058	1
15	59227591	59224688	0
15	59231792	59227458	0
15	59231792	59227482	0
15	59271163	59266719	0
15	59272450	59261419	0
15	59359890	59348647	0
15	59372528	59272305	0
15	59372872	59272245	0
15	59372901	59272305	0
15	59408155	59406962	0
15	59642263	59638061	5
15	59642263	59638858	4
15	59642263	59638868	4
15	59642263	59639108	4
15	59642263	59639112	5
15	59650765	59642135	2
15	59650765	59642213	2
15	59650774	59638865	2
15	59650774	59642135	2
15	59652327	59642135	2
15	59652327	59650668	5
15	59652976	59652299	7
15	59657034	59652205	3
15	59657476	59650668	3
15	59657480	59652205	1
15	59657498	59642135	5
15	59657521	59652205	1
15	59657522	59652205	1
15	59657539	59652205	1
15	59657542	59651184	3
15	59665443	59662892	20
15	59668139	59663378	16
15	59668950	59668102	8
15	59668991	59659145	4
15	59668991	59662864	18
15	59668991	59663365	21
15	59668991	59663756	19
15	59668991	59668102	9
15	59669363	59668754	2
15	59669363	59668891	1
15	59671315	59669275	1
15	59671315	59669288	1
15	59672303	59644297	4
15	59672740	59671180	1
15	59672740	59671182	1
15	59678017	59672636	10
15	59678088	59672636	5
15	59678641	59672636	3
15	59678835	59677910	1
15	59678835	59678048	2
15	59679769	59677812	1
15	59679769	59677910	1
15	59679769	59678571	1
15	59679769	59678747	2
15	59679769	59678775	2
15	59680297	59679591	0
15	59680309	59679255	1
15	59680309	59679591	0
15	59689281	59682407	3
15	59689310	59682407	3
15	59689321	59682407	3
15	59689340	59682407	2
15	59689444	59682407	1
15	59689535	59682407	2
15	60074936	60073553	0
15	60349198	60347133	119
15	60349198	60347326	135
15	60349198	60347331	189
15	60349198	60347336	186
15	60349198	60347341	187
15	60351252	60347336	98
15	60351252	60349074	76
15	60351554	60349074	78
15	60351820	60351191	55
15	60351820	60351192	55
15	60352477	60351723	47
15	60352477	60351732	48
15	60352477	60351781	55
15	60352477	60351786	53
15	60354214	60351723	40
15	60354214	60352378	33
15	60354214	60352382	35
15	60355999	60354152	65
15	60355999	60354153	65
15	60357237	60355427	1521
15	60357237	60355918	1529
15	60357237	60355960	1547
15	60361055	60357145	2474
15	60361055	60357190	2627
15	60361055	60357193	2614
15	60364524	60357145	22
15	60364524	60360930	14
15	60364524	60360940	14
15	60364524	60360941	14
15	60364524	60360966	16
15	60364524	60361447	13
15	60364524	60362626	17
15	60374506	60364428	7
15	60374683	60364428	7
15	60382442	60364428	11
15	60382442	60364475	13
15	60382442	60374618	12
15	60384828	60364428	7
15	60386087	60360940	13
15	60386087	60364428	10
15	60386087	60382341	33
15	60386087	60382347	33
15	60387098	60382341	27
15	60390318	60386027	22
15	60391128	60390212	21
15	60391152	60390212	24
15	60391298	60386027	22
15	60393441	60386027	16
15	60394696	60386027	19
15	60396428	60386027	20
15	60396428	60393096	30
15	60396428	60394573	29
15	60397339	60360940	34
15	60397339	60364428	19
15	60397339	60386027	24
15	60397339	60390212	24
15	60397339	60395644	36
15	60397339	60396150	26
15	60397339	60396279	24
15	60397975	60386027	28
15	60397975	60393037	34
15	60397985	60396279	25
15	60397986	60386027	30
15	60397987	60360940	20
15	60397987	60364428	9
15	60397987	60385556	20
15	60397987	60386027	30
15	60397987	60390212	14
15	60397987	60396150	22
15	60397987	60396279	27
15	60397987	60396372	24
15	60397989	60364428	9
15	60397989	60386027	30
15	60397989	60395906	16
15	60398002	60390212	14
15	60398034	60386027	24
15	60398044	60386027	24
15	60398743	60386027	29
15	60402884	60386027	16
15	60428688	60419608	10
15	60428688	60419612	10
15	60428688	60421475	10
15	60428688	60423651	10
15	60440669	60436142	4
15	60442546	60436142	5
15	60443072	60436142	4
15	60448146	60442415	4
15	60448952	60447490	14
15	60449842	60437819	4
15	60449842	60447969	27
15	60453784	60448847	20
15	60453785	60448847	20
15	60455163	60451094	16
15	60455163	60453602	4
15	60455163	60453711	4
15	60455443	60454687	3
15	60455443	60455002	3
15	60456795	60455325	0
15	60456795	60455355	0
15	60466714	60456656	2
15	60466714	60456665	2
15	60466714	60456760	2
15	60466714	60456764	2
15	60468163	60466593	2
15	60468163	60466672	2
15	60468323	60466593	3
15	60468323	60466686	2
15	60476168	60456656	0
15	60476168	60466593	1
15	60476168	60468060	0
15	60476168	60468170	0
15	60476168	60468186	0
15	60500005	60488283	0
15	60500005	60497263	0
15	60500005	60497284	0
15	60505630	60503534	0
15	60511622	60505507	0
15	60511622	60505605	2
15	60512098	60511225	0
15	60514758	60511225	1
15	60514758	60511293	2
15	60514758	60511456	1
15	60514758	60511591	1
15	60528728	60529541	1
15	60531852	60514615	1
15	60556929	60531765	0
15	60558307	60556852	0
15	60592518	60528072	0
15	60592542	60531765	0
15	60593127	60531765	0
15	60615028	60531765	0
15	60627464	60558224	0
15	60677233	60531765	0
15	60677233	60650620	0
15	60678687	60531527	0
15	60678687	60531765	0
15	60678687	60677150	0
15	60706353	60678656	0
15	61041135	61038825	0
15	61229134	60678656	0
15	61229156	61176067	0
15	61229226	60678656	0
15	61229232	60678223	0
15	61229234	61041103	0
15	61229244	60678656	0
15	61229320	60678656	0
15	61400432	61298790	0
15	61635450	61589915	0
15	61653202	61639348	0
15	61715172	61639374	0
15	61854955	61852388	40
15	61854955	61852392	40
15	61854955	61852403	40
15	61854955	61853451	7
15	61854955	61854412	2
15	61864761	61856285	5
15	61864821	61863439	14
15	61868774	61863439	8
15	61868774	61864305	6
15	61868774	61864640	13
15	61868774	61867743	10
15	61869624	61865557	4
15	61869624	61868658	5
15	61875846	61874875	0
15	61877055	61875731	0
15	61877087	61875786	0
15	61907391	61890164	0
15	61909126	61906642	0
15	61909126	61907263	0
15	61936751	61934218	0
15	61940795	61934218	0
15	61951981	61950944	0
15	61954555	61951823	0
15	61954555	61951859	0
15	61984013	61982458	0
15	61985000	61983712	0
15	61985000	61983819	0
15	62060844	62060967	0
15	62165284	62163534	0
15	62197047	62196144	0
15	62231011	62230383	24
15	62234813	62227895	12
15	62242946	62234401	5
15	62242946	62234686	5
15	62243083	62242765	4
15	62243181	62242750	2
15	62243181	62242765	2
15	62244693	62244096	17
15	62246656	62244773	72
15	62247113	62245681	33
15	62247113	62245706	51
15	62254394	62253729	30
15	62255972	62255685	41
15	62257700	62255527	29
15	62258115	62257567	3
15	62260027	62258055	4
15	62260181	62259921	4
15	62260342	62260108	4
15	62260646	62260286	15
15	62262247	62260600	7
15	62263598	62263070	11
15	62263759	62263545	9
15	62266285	62263243	6
15	62268450	62263710	5
15	62276536	62278165	6
15	62640262	62637635	0
15	62640363	62637171	0
15	62684105	62682915	0
15	62753917	62755531	2
15	62835178	62834659	0
15	62835398	62827674	0
15	62843074	62838109	1
15	62844502	62842888	3
15	62844582	62842123	1
15	62848139	62844427	0
15	63042944	63043468	20
15	63042944	63043705	17
15	63043832	63044026	17
15	63049249	63047693	10
15	63061274	63061712	150
15	63061274	63062214	111
15	63061789	63062214	110
15	63071912	63070024	256
15	63155716	63125871	1
15	63155732	63148249	4
15	63155732	63153852	24
15	63155732	63153858	25
15	63156522	63154970	19
15	63156522	63155620	15
15	63156775	63155620	19
15	63157478	63153852	8
15	63327234	63321377	0
15	63327234	63324687	0
15	63327234	63324706	0
15	63327234	63325979	0
15	63340446	63338818	0
15	63340784	63340021	0
15	63340784	63340287	0
15	63375679	63345476	0
15	63375679	63346529	0
15	63379074	63375459	0
15	63381836	63375657	0
15	63381847	63375657	0
15	63382162	63375657	0
15	63469204	63456293	0
15	63551343	63544246	2
15	63551343	63544288	2
15	63556471	63551829	0
15	63556980	63552911	0
15	63588424	63588701	32
15	63588816	63588943	4
15	63589055	63551294	5
15	63589056	63551829	2
15	63589101	63556641	2
15	63589101	63556831	5
15	63591374	63593781	16
15	63593878	63587709	27
15	63593916	63594428	25
15	63594705	63588828	9
15	63594787	63587925	19
15	63594787	63587933	19
15	63594787	63588828	6
15	63594787	63588962	6
15	63594787	63591070	18
15	63594787	63591185	21
15	63594787	63593748	10
15	63599304	63594694	1
15	63600740	63594694	2
15	63600753	63594694	2
15	63600756	63594694	2
15	63600761	63594694	2
15	63600798	63599182	2
15	63600810	63594694	2
15	63601590	63594694	0
15	63612557	63608617	8
15	63615921	63612250	8
15	63616683	63615767	3
15	63616733	63615780	3
15	63622892	63616429	17
15	63623891	63622814	4
15	63623891	63622837	5
15	63624328	63623724	6
15	63626155	63624157	4
15	63626155	63624280	4
15	63628816	63624157	1
15	63630552	63628676	0
15	63630636	63628676	0
15	63630698	63628676	0
15	63632606	63630531	1
15	63632812	63630465	0
15	63632812	63630519	1
15	63633971	63632708	0
15	63634889	63633847	1
15	63634889	63633962	1
15	63634942	63633847	1
15	63675118	63672495	4
15	63677987	63674740	6
15	63678366	63674341	2
15	63696340	63694773	0
15	63698997	63696123	0
15	63713666	63712774	2
15	63716474	63713352	0
15	63718695	63716301	0
15	63718898	63718428	0
15	63718898	63718573	0
15	63734850	63732923	0
15	63747084	63734642	0
15	63747084	63734723	0
15	63753086	63749646	0
15	63754649	63752514	0
15	63754649	63752957	0
15	63775650	63716301	0
15	63775650	63764095	0
15	63780010	63775563	0
15	63780553	63775187	0
15	63833889	63774693	1
15	63833918	63774693	1
15	63833918	63775164	0
15	63833943	63774693	1
15	63909775	63907035	1
15	63911217	63909183	1
15	63911944	63910699	1
15	63911992	63907035	0
15	63911992	63907922	0
15	63911992	63908252	0
15	63911992	63909676	1
15	63912198	63910622	0
15	63912198	63911851	0
15	63912198	63911907	0
15	63916593	63912107	0
15	63924862	63912107	0
15	63924862	63916146	0
15	63924862	63922734	0
15	63926075	63924511	0
15	63926094	63924815	0
15	63926202	63924815	0
15	63929578	63925940	0
15	63929779	63929550	1
15	63930456	63929550	0
15	63930456	63929673	0
15	63939362	63930406	0
15	63971562	63939231	0
15	63971562	63939292	0
15	63983755	63971422	0
15	63983755	63971523	0
15	63991352	63983532	0
15	64030021	63983624	0
15	64040268	63971422	0
15	64040268	63983532	0
15	64040268	63983604	0
15	64040268	63983624	0
15	64073818	64072564	10
15	64075538	64072558	12
15	64075538	64072577	13
15	64075538	64072980	13
15	64081152	64075404	9
15	64081152	64075491	9
15	64088852	64074317	4
15	64088852	64075491	3
15	64138098	64142667	60
15	64151851	64152242	3
15	64151851	64152637	1
15	64152327	64152637	0
15	64152743	64153244	1
15	64152743	64153651	1
15	64153340	64153651	0
15	64153387	64153651	0
15	64153685	64153934	0
15	64154003	64154386	2
15	64154753	64155390	0
15	64154904	64155106	0
15	64156910	64155811	61
15	64160198	64156724	42
15	64160198	64156777	34
15	64162155	64159273	4
15	64162155	64160103	5
15	64163007	64160103	24
15	64176286	64167899	26
15	64176286	64171833	4
15	64180455	64165516	7
15	64180455	64165732	11
15	64180455	64165736	11
15	64180455	64171133	6
15	64180455	64171136	7
15	64180455	64171628	6
15	64180455	64176261	5
15	64181910	64181184	0
15	64188486	64180347	0
15	64188486	64181175	0
15	64195080	64193943	0
15	64203180	64193943	0
15	64203190	64180069	1
15	64203190	64180347	0
15	64203190	64181175	0
15	64203190	64181179	0
15	64203190	64181737	0
15	64203190	64188374	0
15	64203190	64189340	0
15	64207595	64204864	0
15	64214125	64207508	0
15	64214125	64207537	0
15	64214152	64207508	0
15	64216714	64207508	0
15	64216714	64213889	0
15	64216714	64214018	0
15	64216714	64214082	0
15	64216714	64214098	0
15	64251582	64216561	0
15	64251582	64216590	0
15	64259242	64216561	0
15	64259242	64251438	0
15	64259242	64251511	0
15	64259242	64251521	0
15	64259242	64251529	0
15	64259242	64251544	0
15	64265915	64259200	0
15	64300468	64259200	0
15	64300628	64259200	0
15	64300633	64259200	0
15	64300698	64259200	0
15	64300724	64216561	0
15	64300724	64251511	0
15	64300724	64259150	0
15	64300724	64259200	0
15	64300724	64259213	0
15	64300724	64265765	0
15	64315752	64300318	0
15	64316997	64300318	0
15	64317008	64300318	0
15	64335862	64300377	0
15	64342686	64300318	0
15	64342686	64300321	0
15	64342686	64335784	0
15	64348383	64315702	0
15	64356072	64300318	0
15	64356133	64300318	0
15	64356133	64315702	0
15	64356174	64300318	0
15	64356260	64300318	0
15	64366076	64300318	0
15	64366076	64300441	3
15	64366076	64342542	0
15	64373412	64365973	12
15	64373765	64300606	8
15	64373765	64365733	17
15	64373769	64365985	17
15	64373770	64300318	0
15	64373770	64342542	3
15	64373770	64365973	16
15	64373770	64365985	17
15	64373772	64365943	16
15	64373782	64365973	17
15	64376906	64251544	0
15	64376906	64300318	0
15	64376906	64364310	5
15	64376906	64365605	9
15	64376906	64365747	13
15	64376906	64365867	13
15	64376906	64365973	12
15	64376906	64373697	9
15	64376906	64373706	8
15	64381039	64300318	0
15	64381039	64342542	0
15	64381039	64365364	16
15	64381039	64365973	2
15	64381039	64365985	2
15	64387685	64380957	0
15	64387688	64382424	0
15	64631915	64631108	0
15	64689170	64687572	5
15	64689170	64687575	5
15	64689170	64688484	12
15	64690550	64687603	7
15	64690550	64689083	9
15	64691010	64690419	16
15	64691515	64690373	13
15	64691515	64690907	14
15	64691592	64690166	15
15	64691592	64690444	17
15	64691592	64690460	17
15	64691592	64691433	29
15	64693182	64691433	15
15	64696051	64691433	13
15	64696304	64690373	18
15	64700591	64691433	14
15	64703195	64691433	13
15	64703202	64690373	12
15	64703209	64691515	10
15	64703216	64691433	9
15	64703216	64691515	10
15	64703216	64693074	3
15	64703219	64695963	11
15	64703282	64691515	10
15	64741243	64739891	10
15	64741243	64739897	10
15	64775588	64751560	0
15	64816766	64815631	49
15	64816766	64815636	49
15	64818092	64816573	40
15	64818345	64816651	56
15	64818345	64817945	55
15	64818825	64818009	56
15	64819224	64818256	59
15	64819987	64819116	26
15	64820020	64819036	24
15	64821089	64819846	59
15	64821132	64819116	60
15	64821282	64820981	87
15	64821420	64821066	91
15	64821458	64821166	90
15	64821521	64821166	116
15	64822392	64821366	95
15	64822611	64822265	32
15	64824355	64821589	65
15	64824355	64822477	70
15	64825618	64823265	16
15	64825626	64823777	16
15	64825640	64823777	14
15	64825669	64823777	15
15	64965461	64963020	4
15	64965461	64963026	4
15	64965461	64963055	5
15	64965461	64963203	6
15	64974748	64970113	1
15	64976556	64970113	0
15	64976556	64974601	0
15	64976556	64974629	0
15	64976556	64974665	0
15	64981026	64970113	1
15	64981026	64974601	0
15	64981026	64976472	0
15	64981026	64976474	0
15	64981628	64976474	0
15	64983594	64980863	14
15	64983594	64980873	14
15	64983594	64980929	19
15	64983594	64980968	19
15	64983594	64982932	14
15	64988817	64983506	44
15	64988817	64987171	45
15	64988926	64987171	40
15	64989274	64983506	29
15	64989475	64983506	27
15	64989497	64988618	32
15	64989507	64988618	32
15	64989527	64988731	33
15	64989708	64989168	34
15	64989816	64983506	39
15	64989912	64983506	20
15	64989937	64983506	17
15	64989947	64980863	18
15	64990311	64983506	21
15	65003257	65002577	4
15	65004937	65001511	2
15	65004937	65002853	8
15	65004937	65002995	7
15	65016528	65006112	3
15	65020273	65015832	0
15	65020273	65016254	0
15	65020273	65016435	0
15	65021617	65020196	3
15	65023795	65020196	0
15	65023795	65021513	1
15	65026932	65021513	2
15	65027041	65020196	0
15	65027041	65021513	0
15	65027041	65023671	0
15	65029533	65026747	1
15	65029575	65026830	2
15	65029599	65026817	1
15	65029617	65026830	2
15	65029628	65026830	2
15	65029640	65026830	1
15	65058618	65053336	0
15	65058618	65054227	0
15	65058618	65054776	0
15	65094577	65092769	6
15	65094577	65093005	5
15	65094665	65093047	16
15	65101629	65093008	15
15	65106242	65102564	0
15	65106360	65102105	2
15	65106389	65102105	2
15	65119464	65117378	12
15	65119464	65118758	10
15	65119775	65118963	7
15	65119955	65119375	5
15	65129171	65119375	1
15	65152537	65148218	4
15	65152537	65150513	7
15	65155082	65153546	5
15	65155852	65154678	0
15	65155857	65154781	0
15	65156933	65155691	5
15	65157911	65155691	2
15	65157911	65156685	3
15	65157911	65156777	4
15	65157911	65156843	4
15	65158752	65157745	6
15	65162646	65157745	1
15	65162646	65158574	3
15	65162646	65158686	3
15	65162648	65158190	1
15	65166786	65164028	4
15	65179052	65166630	1
15	65179052	65166650	1
15	65202030	65194757	0
15	65248229	65234459	0
15	65259543	65248116	1
15	65261008	65259463	2
15	65261027	65258093	0
15	65261027	65258095	0
15	65261027	65258098	0
15	65261027	65259285	0
15	65266769	65263148	0
15	65271073	65263148	0
15	65271073	65266561	0
15	65271073	65266576	0
15	65286367	65270934	1
15	65286493	65270934	0
15	65286844	65263148	0
15	65286873	65270934	0
15	65300619	65282546	0
15	65329598	65327126	0
15	65329865	65329389	0
15	65329865	65329578	0
15	65331215	65330549	0
15	65331660	65331049	0
15	65331660	65331103	0
15	65334866	65333256	0
15	65335422	65334727	0
15	65335422	65334770	0
15	65375301	65373488	0
15	65375403	65335811	0
15	65385116	65381463	0
15	65385116	65381486	0
15	65385771	65384953	0
15	65386032	65384847	0
15	65386060	65384953	0
15	65386646	65385615	0
15	65386657	65385830	0
15	65411086	65410365	0
15	65411371	65410177	0
15	65451111	65442462	3
15	65451111	65446616	4
15	65451111	65446618	4
15	65451111	65446620	4
15	65451111	65446636	4
15	65451111	65446739	5
15	65451111	65446740	5
15	65452103	65450738	2
15	65452103	65450998	2
15	65454416	65451959	1
15	65454416	65452043	4
15	65455692	65454262	3
15	65455842	65454262	2
15	65456372	65451959	2
15	65456372	65454262	2
15	65456372	65455393	2
15	65456372	65455711	1
15	65463846	65456224	0
15	65463907	65451959	1
15	65463907	65454262	1
15	65463907	65456224	0
15	65466814	65456286	2
15	65479040	65474208	1
15	65485161	65467070	0
15	65498033	65490188	0
15	65500780	65497863	0
15	65500780	65497950	0
15	65507356	65497916	1
15	65507356	65500605	0
15	65512565	65507242	1
15	65512565	65507302	1
15	65512565	65511960	3
15	65512832	65507242	1
15	65515792	65512294	2
15	65515805	65512294	2
15	65517274	65512294	3
15	65517629	65512294	3
15	65517664	65512294	2
15	65517681	65512294	3
15	65517682	65512301	3
15	65517700	65512294	2
15	65582020	65578752	2
15	65582020	65578781	2
15	65582020	65579026	5
15	65582020	65579064	5
15	65582020	65579096	3
15	65582020	65579146	3
15	65582020	65579247	2
15	65584889	65581953	8
15	65586959	65584828	6
15	65591732	65584769	6
15	65595826	65591597	4
15	65595826	65593427	2
15	65598464	65595732	4
15	65598866	65595764	5
15	65599930	65598871	1
15	65605233	65599773	1
15	65605233	65599882	1
15	65605237	65598871	0
15	65605237	65599376	0
15	65605237	65599773	1
15	65605237	65599809	1
15	65605237	65599837	1
15	65605237	65599846	1
15	65605237	65599896	1
15	65607410	65605128	7
15	65607426	65599773	6
15	65607426	65605128	7
15	65607443	65599773	6
15	65607443	65605128	7
15	65607443	65605202	9
15	65611122	65605128	7
15	65611124	65605182	6
15	65611132	65605128	6
15	65611243	65605128	7
15	65611768	65612579	9
15	65611903	65612579	7
15	65651760	65652641	4
15	65660339	65660692	4
15	65661930	65658045	9
15	65664395	65659122	1
15	65664395	65661776	0
15	65664395	65661814	0
15	65664395	65661820	0
15	65690539	65680634	2
15	65691512	65676444	0
15	65696498	65690414	0
15	65696498	65691457	0
15	65697384	65696315	0
15	65697384	65696365	0
15	65715624	65706090	1
15	65717997	65715074	0
15	65717997	65715477	0
15	65722949	65717777	0
15	65767399	65766459	0
15	65792125	65756139	0
15	65792125	65761359	0
15	65792125	65761366	0
15	65792208	65761359	0
15	65792294	65761359	0
15	65817482	65816301	0
15	65898935	65895078	0
15	65898935	65895295	0
15	65898935	65897933	0
15	65902538	65898732	0
15	65906142	65898727	0
15	65906142	65901771	0
15	65906142	65902195	2
15	65906142	65902495	0
15	65906142	65905273	1
15	65906142	65905783	0
15	65913974	65906084	1
15	65913974	65909739	1
15	65913974	65912081	0
15	65914119	65909915	1
15	65915599	65913525	0
15	65915599	65913736	0
15	65922376	65921691	0
15	65922473	65917965	0
15	65929884	65928424	1
15	65930944	65929719	2
15	65930944	65929720	2
15	65965121	65957546	0
15	65967137	65965174	0
15	65970690	65964907	0
15	65970690	65964951	0
15	65971239	65965046	0
15	66094495	65982241	0
15	66293358	66278497	0
15	66331704	66314913	0
15	66341357	66336205	0
15	66341357	66336383	0
15	66341357	66336980	0
15	66349124	66341149	0
15	66349438	66349059	0
15	66351601	66349301	0
15	66351601	66349314	0
15	66351601	66349375	0
15	66352208	66349314	0
15	66386708	66379269	2
15	66386713	66352814	0
15	66386725	66352814	0
15	66386747	66352814	0
15	66489277	66489717	25
15	66489764	66490501	33
15	66492110	66488657	41
15	66494553	66490134	17
15	66494553	66490305	17
15	66494553	66490635	17
15	66495420	66493467	13
15	66495420	66493812	18
15	66495420	66493843	20
15	66495420	66494276	14
15	66495420	66494414	21
15	66497739	66494227	20
15	66497751	66495329	8
15	66497760	66495329	8
15	66497763	66493879	22
15	66497781	66494902	20
15	66497781	66495329	9
15	66497814	66495329	8
15	66499819	66499322	57
15	66500149	66499574	51
15	66500177	66498014	37
15	66500177	66499319	46
15	66500177	66499322	46
15	66500177	66499345	46
15	66500377	66500055	48
15	66500377	66500057	48
15	66500377	66500130	49
15	66500843	66500055	70
15	66501106	66500292	79
15	66501382	66500948	112
15	66501505	66500292	103
15	66501505	66500948	97
15	66501913	66500948	95
15	66501913	66501007	89
15	66501913	66501374	80
15	66502408	66501374	72
15	66502751	66500055	89
15	66502751	66501398	72
15	66502751	66501559	79
15	66502751	66501784	73
15	66502751	66501787	71
15	66502872	66501787	78
15	66503165	66501787	63
15	66503165	66502269	76
15	66503165	66502611	64
15	66503165	66502690	70
15	66503530	66501787	41
15	66503530	66502611	49
15	66503530	66502701	70
15	66503530	66503057	46
15	66504828	66503357	26
15	66504834	66503357	25
15	66504846	66503357	23
15	66504847	66502995	17
15	66504847	66503057	25
15	66504847	66503357	23
15	66504884	66503357	19
15	66505749	66503357	6
15	66523412	66505242	0
15	66524533	66505327	0
15	66550105	66547178	11
15	66550105	66547467	10
15	66551862	66550040	4
15	66552170	66548332	6
15	66563626	66561186	3
15	66563999	66563515	10
15	66563999	66563566	18
15	66564743	66564277	2
15	66564840	66563768	9
15	66564840	66563910	9
15	66565965	66563910	6
15	66942152	66931536	0
15	66985484	66984107	0
15	66986498	66984107	0
15	66986498	66985441	0
15	66987263	66986367	0
15	66987648	66986367	0
15	67000991	66987157	0
15	67059213	67054704	0
15	67059254	66987157	0
15	67146142	67142733	0
15	67166692	67166778	1
15	67187131	67187364	15
15	67203598	67201032	18
15	67203598	67201672	63
15	67203598	67201706	57
15	67203598	67202739	18
15	67231898	67209461	1
15	67231898	67226698	2
15	67236069	67231813	0
15	67236069	67231847	0
15	67236821	67236407	0
15	67242872	67236629	0
15	67254655	67236629	0
15	67254655	67236717	0
15	67254676	67236629	0
15	67254737	67236629	0
15	67255196	67236629	0
15	67413539	67408076	0
15	67421499	67403618	0
15	67430401	67421208	0
15	67430401	67421334	0
15	67459976	67421334	1
15	67519103	67430320	0
15	67519103	67459691	0
15	67519103	67466493	0
15	67520266	67520005	0
15	67520950	67518999	0
15	67521637	67466961	0
15	67521845	67518999	1
15	67826627	67826863	1
15	67827093	67827593	0
15	67827900	67828010	0
15	67837434	67834309	0
15	68188232	68189202	39
15	68188894	68184031	35
15	68189271	68190492	19
15	68190179	68188767	29
15	68191807	68192153	39
15	68192303	68193515	45
15	68194113	68190088	28
15	68197629	68190704	27
15	68197629	68190705	27
15	68197629	68191129	28
15	68197629	68191354	44
15	68197629	68192056	4
15	68197629	68192862	7
15	68197629	68193802	11
15	68197629	68193803	11
15	68197629	68193842	9
15	68197751	68193803	10
15	68199682	68197439	53
15	68199682	68197528	70
15	68199963	68197439	21
15	68205152	68197439	52
15	68205299	68197439	76
15	68206080	68190792	14
15	68207681	68197439	79
15	68209721	68207932	32
15	68209760	68206991	26
15	68209760	68207029	26
15	68209760	68207268	30
15	68209760	68207629	29
15	68209760	68207840	30
15	68209760	68208039	25
15	68209760	68208066	23
15	68209760	68208112	14
15	68209760	68208115	14
15	68209760	68208142	26
15	68209760	68208148	26
15	68209760	68208172	26
15	68209760	68208183	26
15	68209760	68208185	26
15	68209760	68208221	26
15	68209760	68208326	26
15	68209760	68208360	31
15	68211319	68209636	26
15	68211319	68209671	29
15	68211319	68209702	27
15	68213333	68209636	45
15	68214389	68209636	45
15	68214389	68211262	72
15	68214389	68211555	61
15	68214389	68211648	64
15	68214389	68211674	54
15	68218574	68199540	25
15	68218645	68214289	29
15	68218651	68197439	11
15	68218651	68209636	39
15	68218651	68211262	24
15	68218651	68211674	19
15	68218651	68213256	25
15	68218651	68213824	31
15	68218651	68214289	28
15	68229511	68218535	11
15	68229671	68218535	10
15	68229673	68209636	24
15	68229678	68211262	11
15	68229678	68211674	10
15	68229678	68214289	5
15	68229678	68218535	10
15	68229694	68218535	10
15	68229701	68214289	6
15	68229704	68218535	10
15	68229710	68218535	7
15	68229714	68218535	4
15	68229717	68218535	6
15	68229719	68197439	6
15	68229719	68218535	6
15	68229743	68218535	4
15	68229744	68218535	4
15	68248384	68214289	0
15	68248394	68214289	0
15	68248482	68218565	0
15	68256998	68218535	0
15	68257022	68218535	0
15	68257107	68218535	0
15	68257132	68248353	0
15	68257212	68218535	0
15	68275118	68267791	0
15	68290488	68290709	83
15	68303886	68296532	0
15	68303886	68302766	0
15	68331112	68328095	0
15	68332063	68330980	0
15	68332063	68331077	0
15	68332479	68331858	0
15	68332479	68331950	0
15	68351403	68350616	0
15	68357300	68351255	0
15	68357300	68351257	0
15	68358586	68357078	0
15	68358586	68357144	0
15	68358586	68357150	0
15	68780474	68778534	153
15	68780474	68778906	60
15	68780474	68779742	24
15	68780474	68780071	19
15	68781606	68779323	18
15	68783054	68780409	20
15	68784467	68782771	20
15	68784596	68780419	11
15	68784596	68782955	9
15	68787496	68784396	9
15	68787536	68784270	10
15	68787536	68784384	8
15	68787536	68784396	8
15	68787830	68787412	7
15	68787920	68784396	11
15	68787920	68787178	11
15	68787920	68787412	14
15	68817600	68787769	2
15	68817616	68787769	3
15	68817716	68812945	2
15	68820869	68787769	4
15	68820887	68787769	4
15	68820896	68787769	4
15	68820898	68787769	4
15	68924103	68880662	0
15	69028366	69031517	0
15	69028366	69031601	0
15	69043566	69037548	0
15	69080966	69081229	3
15	69080966	69081311	3
15	69286287	69282962	0
15	69288440	69278327	0
15	69288530	69285918	0
15	69298759	69288421	0
15	69401028	69396903	3
15	69414221	69403844	5
15	69415030	69396903	2
15	69415030	69400972	3
15	69423035	69423158	1
15	69426183	69426335	7
15	69446365	69446870	74
15	69446588	69446870	80
15	69453021	69453646	135
15	69453722	69455169	162
15	69461807	69458521	1
15	69565791	69564723	0
15	69698531	69699812	0
15	69821752	69820755	0
15	69831643	69820755	0
15	70051468	70047789	19
15	70051468	70047792	19
15	70051468	70048274	21
15	70051468	70048868	7
15	70051468	70048975	11
15	70051468	70049090	13
15	70051468	70049798	11
15	70051468	70049801	11
15	70051468	70049835	13
15	70051468	70050096	10
15	70051506	70049800	15
15	70052525	70051390	9
15	70053375	70052373	10
15	70054681	70053226	3
15	70054686	70053173	3
15	70054686	70053226	3
15	70055299	70053226	2
15	70056375	70048976	3
15	70058292	70056297	5
15	70058292	70057458	3
15	70058292	70057473	6
15	70058791	70052373	3
15	70058816	70057458	3
15	70058816	70057473	6
15	70058816	70058090	4
15	70058816	70058149	4
15	70058816	70058158	4
15	70058816	70058185	5
15	70066216	70064453	2
15	70066219	70060529	1
15	70066219	70064453	2
15	70066940	70066143	3
15	70074608	70064453	1
15	70074608	70065996	2
15	70074608	70066013	2
15	70074608	70066122	2
15	70074608	70066142	2
15	70076159	70066013	1
15	70094577	70076095	0
15	70097572	70096160	29
15	70097849	70097404	48
15	70097867	70057473	0
15	70097889	70096160	14
15	70097901	70096160	14
15	70097918	70096160	14
15	70098177	70096160	20
15	70197081	70195637	0
15	70505929	70503906	0
15	70586607	70570957	0
15	70660217	70654553	1
15	70660217	70656801	1
15	70660217	70656931	1
15	70660217	70656934	1
15	70660217	70656976	1
15	70661697	70656933	3
15	70669463	70664661	1
15	70671092	70666723	1
15	70671092	70668917	1
15	70671974	70669093	2
15	70672002	70671038	2
15	70676592	70671038	3
15	70676592	70671877	3
15	70676592	70671964	4
15	70676592	70671970	4
15	70677141	70676306	3
15	70677141	70676492	2
15	70678207	70676492	3
15	70678207	70677107	1
15	70679677	70678098	0
15	70680035	70678098	2
15	70682796	70679607	18
15	70682796	70681536	19
15	70684401	70682757	4
15	70684447	70682757	3
15	70687644	70684264	1
15	70687647	70684264	1
15	70687647	70684356	3
15	70687821	70679607	4
15	70763431	70699526	0
15	70763594	70699526	0
15	70778869	70768010	0
15	70797393	70796656	0
15	70797752	70796596	0
15	70836506	70829129	0
15	70836506	70832881	0
15	70849771	70848882	6
15	70853459	70836294	0
15	70853526	70851426	3
15	70854009	70851488	3
15	70854122	70851426	5
15	70854160	70836294	0
15	70882909	70881341	2
15	70882909	70882299	0
15	70895701	70895848	0
15	70895736	70895848	0
15	70936661	70936760	0
15	71111427	71110559	0
15	71112295	71110243	0
15	71112295	71110249	0
15	71112295	71111270	0
15	71113764	71110243	0
15	71113764	71112147	0
15	71172158	71147649	0
15	71185507	71167024	0
15	71185507	71183105	0
15	71185507	71183938	0
15	71189017	71185404	0
15	71189017	71185424	0
15	71189026	71185620	0
15	71189030	71185424	0
15	71189043	71167007	0
15	71547770	71547279	0
15	71728725	71731120	0
15	71780546	71780547	22
15	71817816	71818213	2
15	71823137	71823210	38
15	71828027	71822288	19
15	71828027	71825991	3
15	71828027	71826048	2
15	71828027	71826271	2
15	71828027	71826579	1
15	71830312	71827883	0
15	71830312	71827933	0
15	71847469	71830108	0
15	71848969	71830108	0
15	71848969	71830205	0
15	71859797	71854376	0
15	71883737	71880334	0
15	71888117	71883593	0
15	71888608	71883700	2
15	71893178	71888003	0
15	71893779	71888003	0
15	71893779	71889471	1
15	71893779	71892964	0
15	71897814	71893461	1
15	71898839	71893678	0
15	71899033	71893678	0
15	71900007	71896889	1
15	71900007	71897460	0
15	71904040	71902940	0
15	71905007	71903928	0
15	71905007	71904010	0
15	71935485	71933669	1
15	71938928	71935139	0
15	71938928	71935340	0
15	71939012	71935442	0
15	71950392	71938851	0
15	71951897	71938851	0
15	71951897	71950233	0
15	71953693	71951776	0
15	71959956	71951776	0
15	71960097	71938762	1
15	71960097	71938851	0
15	71960097	71951701	0
15	71960097	71951776	0
15	71960404	71951731	0
15	71968079	71959900	0
15	71968126	71958499	0
15	71968126	71958516	0
15	71968126	71959900	0
15	72010448	72007825	0
15	72019096	72010349	0
15	72019096	72010377	0
15	72021018	72010349	0
15	72045983	72027730	0
15	72046635	72032493	0
15	72046637	72032493	0
15	72046638	72032493	0
15	72117713	72045723	0
15	72117769	72045723	0
15	72117884	72045723	0
15	72118000	72032493	0
15	72118082	72045723	0
15	72118224	72046141	0
15	72118578	72046343	0
15	72155460	72140503	0
15	72162378	72159806	0
15	72162378	72159807	0
15	72162378	72161481	0
15	72162378	72161826	0
15	72162378	72161907	0
15	72163364	72162272	0
15	72163477	72162272	0
15	72163477	72162759	0
15	72163758	72163265	0
15	72163790	72163265	0
15	72163834	72162272	0
15	72163856	72163265	0
15	72163869	72163265	0
15	72165411	72163612	0
15	72165411	72163694	0
15	72166703	72165353	0
15	72166704	72165353	0
15	72167093	72166631	0
15	72167093	72166645	0
15	72167093	72166678	0
15	72167840	72166993	0
15	72168567	72167735	0
15	72168567	72167808	0
15	72169564	72168938	0
15	72169940	72168938	0
15	72169940	72169261	0
15	72169940	72169416	0
15	72170075	72168938	0
15	72175828	72169846	0
15	72175828	72173564	0
15	72197786	72169846	0
15	72200656	72199028	31
15	72200656	72199031	65
15	72200656	72199104	715
15	72200656	72199589	43
15	72200656	72199628	37
15	72202054	72199035	440
15	72202621	72200473	600
15	72203189	72200473	597
15	72203189	72200507	604
15	72204560	72200473	481
15	72206799	72201866	408
15	72206855	72202689	310
15	72206881	72200473	161
15	72206881	72202453	302
15	72206881	72202532	329
15	72206881	72203021	309
15	72207168	72206258	281
15	72207278	72206674	50
15	72207278	72206727	35
15	72208843	72207126	37
15	72208892	72207126	33
15	72208963	72207126	29
15	72209845	72208620	17
15	72209860	72207126	36
15	72209860	72208616	17
15	72209860	72208620	17
15	72210027	72208665	27
15	72210479	72209505	35
15	72210479	72209672	26
15	72210479	72209732	33
15	72210479	72209750	32
15	72210479	72209782	32
15	72217452	72210346	10
15	72217501	72209672	10
15	72217501	72210059	8
15	72217501	72210346	11
15	72219111	72208620	15
15	72219111	72209672	11
15	72219111	72210346	19
15	72219111	72217408	9
15	72219111	72217483	4
15	72219426	72218943	12
15	72221285	72218943	18
15	72222532	72218943	10
15	72228677	72218943	7
15	72229723	72218943	5
15	72231172	72218943	11
15	72231191	72218943	8
15	72231207	72218943	7
15	72231226	72218943	8
15	72231387	72218943	3
15	72231392	72218942	3
15	72231625	72218943	3
15	72231681	72218943	4
15	72231823	72218978	8
15	72241986	72241180	10
15	72241986	72241181	10
15	72241986	72241196	11
15	72241986	72241198	14
15	72241986	72241217	15
15	72241986	72241222	15
15	72241986	72241274	8
15	72241986	72241286	8
15	72242221	72241900	16
15	72242700	72242156	20
15	72242700	72242205	20
15	72245788	72242156	33
15	72249315	72242619	31
15	72250093	72242619	28
15	72250093	72242673	31
15	72250093	72249244	32
15	72250266	72242619	36
15	72250449	72249127	35
15	72253505	72242619	11
15	72259657	72241180	1
15	72260624	72259607	0
15	72260689	72258036	0
15	72260689	72259607	0
15	72261708	72259607	0
15	72261708	72260477	0
15	72261708	72260533	0
15	72261708	72260537	0
15	72261708	72260593	0
15	72265474	72265080	10
15	72265930	72265412	13
15	72265931	72265412	13
15	72265992	72265080	13
15	72265992	72265269	12
15	72265992	72265412	16
15	72265992	72265428	16
15	72266783	72265896	12
15	72266823	72265896	12
15	72267029	72265896	12
15	72267524	72266744	31
15	72267537	72266744	29
15	72267650	72265896	14
15	72267672	72266744	23
15	72267672	72266745	23
15	72267672	72266746	23
15	72271052	72267474	1
15	72271100	72267474	1
15	72271105	72267474	1
15	72271216	72267474	1
15	72271282	72267631	1
15	72271288	72267474	1
15	72287393	72271022	0
15	72287393	72284726	0
15	72287393	72285183	0
15	72287393	72285904	0
15	72287393	72285950	0
15	72287393	72286247	0
15	72345551	72319612	4
15	72345551	72340918	24
15	72345551	72343886	25
15	72345551	72343907	27
15	72345551	72343925	27
15	72345805	72345229	27
15	72345883	72343856	30
15	72345890	72345445	58
15	72346326	72345233	34
15	72346326	72345282	33
15	72346326	72345410	29
15	72346326	72345445	29
15	72346711	72346131	10
15	72346711	72346234	10
15	72347759	72346234	7
15	72347759	72346526	9
15	72348135	72345976	7
15	72348135	72346234	7
15	72348135	72346526	4
15	72350651	72348047	2
15	72350651	72349078	0
15	72351235	72350517	2
15	72351235	72350579	1
15	72353179	72351131	5
15	72353179	72351132	5
15	72355625	72346234	0
15	72355625	72351132	8
15	72355625	72353067	4
15	72355625	72353690	5
15	72355977	72355558	0
15	72356618	72355443	1
15	72356618	72355558	1
15	72356651	72355558	1
15	72360454	72353690	1
15	72375832	72356524	1
15	72375845	72356524	1
15	72375954	72356524	0
15	72375970	72356524	0
15	72375973	72362375	1
15	72375976	72356524	0
15	72375982	72356524	0
15	72375990	72369958	0
15	72375994	72355558	2
15	72375994	72356524	0
15	72376004	72356524	0
15	72376421	72375719	2
15	72376477	72356524	0
15	72409517	72407777	0
15	72474210	72421424	0
15	72605009	72604398	2
15	72616248	72608636	2
15	72633407	72608480	2
15	72633407	72616129	1
15	72659845	72659944	0
15	72680194	72675781	0
15	72682905	72682265	0
15	72686150	72680014	0
15	72686252	72686461	2
15	72755655	72751368	32
15	72755655	72752201	34
15	72755655	72752634	44
15	72756000	72755555	12
15	72756162	72755555	14
15	72756268	72755981	12
15	72756448	72755555	31
15	72758611	72751371	30
15	72760528	72752429	72
15	72760528	72755555	104
15	72760528	72755635	93
15	72760528	72756250	91
15	72760528	72756260	90
15	72771846	72760248	2
15	72771846	72760406	1
15	72771846	72760417	1
15	72775098	72760406	4
15	72783716	72760406	4
15	72783729	72760222	8
15	72783731	72760442	6
15	72783777	72760406	2
15	73162929	73161778	0
15	73256110	73255333	0
15	73324254	73319858	0
15	73343809	73332130	0
15	73561971	73560013	9
15	73561971	73560816	10
15	73561971	73560833	12
15	73561971	73560933	9
15	73563246	73561895	8
15	73563246	73561909	8
15	73563258	73561895	8
15	73563493	73561895	9
15	73570424	73561895	18
15	73570424	73563235	37
15	73573796	73570149	5
15	73573796	73570227	5
15	73573796	73570273	5
15	73592070	73587523	0
15	73592138	73587523	0
15	73597370	73591965	0
15	73597370	73592007	0
15	73633222	73591635	0
15	73633228	73591965	0
15	73633244	73591965	0
15	73633246	73573661	0
15	73634135	73591965	0
15	73713064	73713289	272
15	73713064	73713841	315
15	73740616	73739926	2
15	73751098	73740255	0
15	73751476	73739801	0
15	73751698	73735430	0
15	73872008	73870949	0
15	73872104	73870950	0
15	73912304	73908070	0
15	73912304	73908195	0
15	73912304	73909771	0
15	73916448	73912184	0
15	73919871	73916342	0
15	73920039	73912184	0
15	73920039	73916303	0
15	73920039	73917467	0
15	73920039	73917595	0
15	73920039	73918760	0
15	73920039	73919027	0
15	73920039	73919058	0
15	73920039	73919154	0
15	73920039	73919160	0
15	73920039	73919202	0
15	73925506	73919837	0
15	73925506	73919959	0
15	73926332	73919837	0
15	73926343	73919837	0
15	73927696	73919837	0
15	73927941	73919837	0
15	73927943	73919837	0
15	73927960	73919959	0
15	73927961	73919039	0
15	73928204	73919959	0
15	73928249	73919837	0
15	73947224	73947806	0
15	73984869	73983205	0
15	73984869	73983217	0
15	73984869	73983219	0
15	73984869	73983236	1
15	73984872	73978922	6
15	73984872	73983217	0
15	73985514	73983217	0
15	73985514	73983936	2
15	73986501	73984658	3
15	73988803	73985317	2
15	73989258	73988598	7
15	73989258	73988653	9
15	73989258	73988665	9
15	73989258	73988791	8
15	73990458	73986362	6
15	73990458	73988598	6
15	73990458	73989029	6
15	73990458	73989107	6
15	73990946	73990350	9
15	73991835	73990350	6
15	73992224	73990350	4
15	73992252	73990350	4
15	73992257	73990026	6
15	73992298	73990350	3
15	73992319	73990350	3
15	73992349	73990350	3
15	73994609	73990350	0
15	73994623	73990350	0
15	74033415	74034477	1
15	74033423	74034477	1
15	74034531	74035131	40
15	74034531	74035142	39
15	74034531	74035171	34
15	74071278	74069856	0
15	74071311	74070645	1
15	74072310	74071553	0
15	74072818	74072217	0
15	74073014	74072250	0
15	74077125	74075898	0
15	74077303	74077017	0
15	74077454	74077075	0
15	74097474	74097105	0
15	74129279	74126372	0
15	74129728	74129929	0
15	74133229	74134461	0
15	74156204	74152799	0
15	74179227	74156126	1
15	74180938	74179465	2
15	74180938	74179468	2
15	74180938	74179814	3
15	74180938	74179974	4
15	74180938	74180001	3
15	74180938	74180141	3
15	74182263	74181294	2
15	74182461	74181294	2
15	74182461	74182160	4
15	74182879	74182226	3
15	74183990	74182342	8
15	74183990	74182447	6
15	74185056	74182342	2
15	74190902	74189114	2
15	74191109	74189114	2
15	74191244	74190839	5
15	74191492	74190839	1
15	74191492	74190884	1
15	74191492	74191166	1
15	74195469	74193799	1
15	74195676	74193799	1
15	74195676	74195301	2
15	74195676	74195422	3
15	74196121	74195651	1
15	74196148	74193799	1
15	74196148	74194386	3
15	74196148	74195301	1
15	74196148	74195584	2
15	74196148	74195651	1
15	74196255	74195651	1
15	74196290	74195651	1
15	74197424	74195651	1
15	74197424	74196007	1
15	74197424	74196103	1
15	74197819	74197337	0
15	74197819	74197338	0
15	74197863	74197337	0
15	74202283	74197337	0
15	74202315	74197337	0
15	74202406	74195330	0
15	74303095	74304051	0
15	74319689	74311515	0
15	74332846	74333220	0
15	74335089	74335924	0
15	74335411	74335511	0
15	74338769	74337758	0
15	74338769	74337779	0
15	74338769	74337871	0
15	74339754	74338570	0
15	74339754	74339236	0
15	74343138	74339586	0
15	74343993	74342976	0
15	74345244	74343788	0
15	74345244	74343855	0
15	74348056	74345043	0
15	74348056	74345210	0
15	74348245	74345201	0
15	74366159	74345114	0
15	74366179	74350165	0
15	74366190	74347899	0
15	74366207	74347899	0
15	74367628	74347899	0
15	74367647	74347899	0
15	74367647	74361374	0
15	74367741	74347899	0
15	74411357	74409288	153
15	74411357	74410025	106
15	74411357	74410315	185
15	74411640	74410967	46
15	74411711	74411294	30
15	74448559	74445976	6
15	74448601	74445976	10
15	74448601	74445977	9
15	74449312	74448477	4
15	74449354	74448477	2
15	74449676	74445976	4
15	74449676	74449185	1
15	74449676	74449225	1
15	74450070	74449625	0
15	74450860	74449935	3
15	74450860	74450027	2
15	74461419	74461882	5
15	74479279	74480620	0
15	74479279	74481050	1
15	74480915	74481050	1
15	74481399	74481024	0
15	74490287	74478069	0
15	74591435	74591559	1
15	74596919	74597780	9
15	74615597	74613193	1
15	74620226	74622119	41
15	74620226	74622493	25
15	74622217	74622493	31
15	74624347	74624969	15
15	74635217	74639436	80
15	74635627	74630557	32
15	74635627	74630574	32
15	74635627	74632124	30
15	74635627	74632508	24
15	74635627	74632541	24
15	74635728	74632732	44
15	74640620	74635180	36
15	74640620	74635408	49
15	74640620	74635561	57
15	74655894	74640465	0
15	74656069	74640465	0
15	74671600	74640560	0
15	74671775	74655732	0
15	74671775	74655793	0
15	74671775	74656019	0
15	74675143	74655732	0
15	74675143	74671454	0
15	74675143	74671544	0
15	74675143	74671567	0
15	74675143	74671634	0
15	74675143	74671661	0
15	74677023	74674960	0
15	74679926	74674960	0
15	74687180	74674960	0
15	74687180	74675030	0
15	74687180	74676940	0
15	74693019	74687090	0
15	74693019	74687129	0
15	74695615	74674960	0
15	74695663	74674960	0
15	74695674	74674960	0
15	74695937	74687090	0
15	74695941	74679801	0
15	74695977	74674860	0
15	74695988	74676940	1
15	74696001	74687090	0
15	74696008	74687090	0
15	74696013	74655732	0
15	74696030	74674960	0
15	74696044	74674960	0
15	74696293	74674960	0
15	74721054	74719541	11
15	74721054	74720155	14
15	74721054	74720719	4
15	74721323	74719541	2
15	74721323	74720429	2
15	74721323	74720719	2
15	74721323	74720966	0
15	74782149	74782667	239
15	74798313	74798614	97
15	74798729	74798825	16
15	74800506	74800680	43
15	74800747	74800822	45
15	74800923	74801011	5
15	74801891	74801996	32
15	74812864	74812949	0
15	74816312	74816426	1
15	74819273	74820043	0
15	74820100	74820634	0
15	74823683	74824350	1
15	74824479	74825472	0
15	74824479	74825475	0
15	74837436	74836115	83
15	74837436	74836117	83
15	74837436	74836131	82
15	74837436	74836632	141
15	74837436	74836804	77
15	74837436	74836892	27
15	74837436	74836963	20
15	74837436	74836972	20
15	74837436	74837198	10
15	74837436	74837212	10
15	74839714	74839267	11
15	74840317	74839522	15
15	74840317	74839557	15
15	74840642	74839557	10
15	74840642	74840233	98
15	74841506	74840233	1
15	74841506	74840241	2
15	74841510	74840233	1
15	74841510	74840264	2
15	74841510	74840296	3
15	74841510	74840318	3
15	74841510	74840497	1
15	74841510	74840586	1
15	74841510	74840594	1
15	74841510	74840614	1
15	74842119	74841404	0
15	74842196	74840233	1
15	74842196	74841404	0
15	74842196	74841448	0
15	74842196	74841493	0
15	74842421	74841404	1
15	74842675	74842279	31
15	74842677	74841404	21
15	74842677	74842074	25
15	74842677	74842279	31
15	74842699	74842279	33
15	74843106	74842650	24
15	74843125	74842279	33
15	74843125	74842534	20
15	74843130	74842279	33
15	74843140	74842279	33
15	74843142	74842279	33
15	74843164	74842279	32
15	74843194	74842279	30
15	74843198	74842279	30
15	74843212	74842074	7
15	74843347	74842279	24
15	74845580	74843763	26
15	74845594	74843729	25
15	74845594	74844854	25
15	74845594	74845007	16
15	74845594	74845205	19
15	74848646	74845472	14
15	74848702	74843731	16
15	74848702	74845472	17
15	74850674	74845472	7
15	74850674	74848425	5
15	74850674	74848599	4
15	74850674	74848603	4
15	74850674	74848681	4
15	74851482	74850511	4
15	74851482	74850513	4
15	74852182	74851352	3
15	74852187	74851352	3
15	74852214	74851352	3
15	74853497	74852068	9
15	74854120	74851352	3
15	74854120	74851903	4
15	74854120	74852068	5
15	74854120	74853367	11
15	74854587	74854020	0
15	74854650	74845472	11
15	74854650	74852068	3
15	74854650	74853756	0
15	74854650	74854020	0
15	74873311	74854020	0
15	74890090	74890437	7
15	74890090	74890526	8
15	74890090	74890552	8
15	74890090	74890555	8
15	74890202	74890526	8
15	74896326	74897010	40
15	74896326	74897511	36
15	74897220	74897511	31
15	74900201	74900483	71
15	74900572	74899992	65
15	74901257	74899991	69
15	74902064	74899991	75
15	74902064	74901168	85
15	74902787	74899991	60
15	74902787	74901919	73
15	74902787	74901949	70
15	74904713	74899986	7
15	74904713	74899991	7
15	74904713	74901821	7
15	74904713	74902000	7
15	74904713	74902099	7
15	74904713	74902468	7
15	74904713	74902515	7
15	74904713	74902603	8
15	74904713	74902703	8
15	74904713	74902708	8
15	74904713	74902709	7
15	74905232	74902529	9
15	74905232	74902625	7
15	74906366	74899992	11
15	74923771	74919790	5
15	74923771	74920274	8
15	74923771	74920311	7
15	74926888	74920279	3
15	74926888	74923593	3
15	74926888	74923647	3
15	74929233	74920274	1
15	75212168	75211300	32
15	75226745	75226400	0
15	75226984	75226685	0
15	75228553	75226752	0
15	75228553	75226858	0
15	75229366	75228849	0
15	75229691	75229234	0
15	75229696	75229234	0
15	75232519	75229317	0
15	75302665	75301641	0
15	75302966	75299952	0
15	75336093	75338061	6
15	75336093	75338354	11
15	75336093	75338645	8
15	75336222	75338061	8
15	75336231	75338354	13
15	75336231	75338645	12
15	75336476	75338061	6
15	75338134	75338354	22
15	75338134	75338645	77
15	75338139	75338354	23
15	75338421	75338575	103
15	75338421	75338645	107
15	75338421	75338984	77
15	75338686	75338984	66
15	75338686	75339036	71
15	75338686	75339263	78
15	75338686	75339964	71
15	75339105	75339263	83
15	75339105	75339964	101
15	75339345	75339701	178
15	75339345	75339964	161
15	75339879	75339964	96
15	75347111	75347202	52
15	75347111	75347246	53
15	75347872	75347958	59
15	75352702	75353738	77
15	75352702	75354249	74
15	75353867	75354249	62
15	75354278	75354430	48
15	75355801	75355209	37
15	75356033	75355793	108
15	75356212	75355791	43
15	75356212	75355793	43
15	75356212	75355804	52
15	75356220	75355791	48
15	75356220	75355989	50
15	75356381	75355791	45
15	75356381	75356109	56
15	75356450	75355791	49
15	75356450	75356109	72
15	75356686	75356109	109
15	75356686	75356189	106
15	75356686	75356293	118
15	75356686	75356298	116
15	75356686	75356300	116
15	75356820	75356605	238
15	75356886	75356293	141
15	75356903	75356293	161
15	75356903	75356605	231
15	75356958	75356293	183
15	75357049	75356119	169
15	75357368	75356605	170
15	75358345	75356605	114
15	75358345	75356792	172
15	75358619	75358200	185
15	75358620	75358045	166
15	75358809	75358200	155
15	75358809	75358461	117
15	75359101	75358461	61
15	75359154	75358314	64
15	75359154	75358459	64
15	75359154	75358703	61
15	75359181	75358461	57
15	75359192	75358703	55
15	75359426	75358461	54
15	75359426	75358642	174
15	75359426	75358703	130
15	75359426	75359058	192
15	75359439	75359058	193
15	75359681	75359327	320
15	75359763	75358703	130
15	75359776	75359058	319
15	75359776	75359327	296
15	75359960	75359619	95
15	75359989	75359341	155
15	75359989	75359619	100
15	75359989	75359620	100
15	75359989	75359622	100
15	75360062	75359116	175
15	75360127	75359902	170
15	75360212	75359902	174
15	75360524	75359902	82
15	75360689	75360089	117
15	75361063	75360118	162
15	75361192	75360564	129
15	75361192	75360631	160
15	75361382	75360954	21
15	75361382	75361045	19
15	75361382	75361096	11
15	75361721	75357734	186
15	75361721	75361097	16
15	75361721	75361285	15
15	75361721	75361295	15
15	75361721	75361320	14
15	75361948	75361285	12
15	75361948	75361603	15
15	75362026	75361637	15
15	75362173	75361603	14
15	75362175	75361285	12
15	75362213	75361854	12
15	75362392	75361854	14
15	75362454	75361854	12
15	75362454	75361884	14
15	75362638	75361854	14
15	75362749	75362342	48
15	75362749	75362374	47
15	75363178	75361854	40
15	75363180	75362342	160
15	75363291	75362641	154
15	75364135	75362641	121
15	75364189	75362641	109
15	75364189	75363209	88
15	75364609	75363753	80
15	75364666	75362342	16
15	75364666	75362641	35
15	75364666	75362711	100
15	75364666	75363998	14
15	75364666	75364045	17
15	75364666	75364115	21
15	75364666	75364139	22
15	75365699	75364487	4
15	75366010	75364587	4
15	75366593	75364487	5
15	75366593	75364497	5
15	75366593	75364525	5
15	75366593	75365600	5
15	75366593	75365961	4
15	75367635	75366521	4
15	75367635	75366541	4
15	75367646	75366521	4
15	75367978	75366521	7
15	75368007	75366515	6
15	75368160	75367510	26
15	75368199	75363998	5
15	75368199	75366521	8
15	75368199	75367510	26
15	75368589	75367510	18
15	75368593	75368072	19
15	75368594	75368072	19
15	75368596	75368072	19
15	75368604	75368072	17
15	75368605	75368072	17
15	75368606	75367510	15
15	75368606	75368072	17
15	75368610	75368072	17
15	75368613	75367510	14
15	75368613	75368072	17
15	75368631	75368072	16
15	75375873	75369378	3
15	75375873	75370932	3
15	75375873	75371129	1
15	75376381	75371981	1
15	75380724	75375664	1
15	75381089	75375739	1
15	75384438	75381612	0
15	75389822	75384007	0
15	75389822	75384263	0
15	75413046	75411491	0
15	75414312	75412762	0
15	75414312	75412989	0
15	75422824	75414204	0
15	75422824	75414251	0
15	75422824	75414286	0
15	75430409	75419209	0
15	75430409	75422642	0
15	75430409	75422646	0
15	75430409	75422691	1
15	75430409	75422718	1
15	75436444	75430186	0
15	75436444	75430320	0
15	75443708	75430186	0
15	75446396	75430186	0
15	75447744	75430186	0
15	75451538	75430068	0
15	75451586	75430186	0
15	75451665	75430186	0
15	75451705	75430186	0
15	75455027	75430186	0
15	75455784	75430186	0
15	75455814	75443592	0
15	75455816	75446228	0
15	75455816	75448052	0
15	75455841	75436345	0
15	75455843	75430186	0
15	75470000	75463250	2
15	75470000	75467126	5
15	75470000	75468860	4
15	75470831	75469791	1
15	75470910	75469791	1
15	75473768	75469809	0
15	75490302	75479847	0
15	75490302	75487287	1
15	75517365	75508916	0
15	75517365	75513190	0
15	75527262	75524208	0
15	75570347	75527178	1
15	75578753	75527117	0
15	75579290	75527117	0
15	75597481	75527178	0
15	75598682	75527149	0
15	75598682	75527178	0
15	75598682	75570229	1
15	75598682	75597339	13
15	75600891	75598278	12
15	75601185	75598278	14
15	75601187	75598278	14
15	75601187	75600636	14
15	75601206	75598278	11
15	75601219	75598082	8
15	75601219	75598088	8
15	75601219	75598121	10
15	75601219	75598507	11
15	75605228	75600790	1
15	75605228	75601137	1
15	75605365	75601137	1
15	75607314	75605149	3
15	75607314	75605198	4
15	75609995	75609557	0
15	75617525	75609889	0
15	75617553	75609889	0
15	75621057	75617407	0
15	75621057	75617408	0
15	75621057	75617519	0
15	75622409	75621045	1
15	75622491	75620893	0
15	75624936	75620893	0
15	75625180	75620893	0
15	75625639	75622341	0
15	75625664	75622341	0
15	75625689	75624714	0
15	75625694	75620893	0
15	75625795	75622341	0
15	75625816	75620893	0
15	75626160	75620893	0
15	75626470	75620893	0
15	75647258	75641041	0
15	75648707	75639084	2
15	75650309	75650530	28
15	75676737	75677109	533
15	75677887	75674321	459
15	75682460	75677702	14
15	75732153	75727669	0
15	75762130	75762341	0
15	75792684	75791469	0
15	75933031	75933741	40
15	75933832	75934108	46
15	75942773	75935968	64
15	75943655	75935968	29
15	75943655	75936263	26
15	75943655	75943043	9
15	75945846	75943571	0
15	75956012	75940935	1
15	75956012	75941972	0
15	75956012	75943008	0
15	75956012	75943165	0
15	75956012	75943233	0
15	75956012	75943571	0
15	75959141	75955931	0
15	75961975	75955931	0
15	75961975	75959021	0
15	75961975	75959073	0
15	75969225	75961827	0
15	75969225	75961929	0
15	76009294	75961827	0
15	76009294	75969128	0
15	76009294	75971165	0
15	76009296	76005739	0
15	76052178	76035943	0
15	76052984	76052066	0
15	76052984	76052097	0
15	76057018	76011220	0
15	76178785	76174890	0
15	76217678	76216558	7
15	76225930	76215354	7
15	76225930	76216083	3
15	76225930	76216129	3
15	76225930	76216249	2
15	76225930	76216320	3
15	76225930	76216467	4
15	76225930	76216482	7
15	76225930	76216582	7
15	76225930	76217585	8
15	76226336	76216434	11
15	76227898	76225848	17
15	76227919	76225904	8
15	76228250	76225848	29
15	76231399	76225848	1
15	76231399	76227712	26
15	76274495	76230503	0
15	76274495	76231332	2
15	76274495	76231377	1
15	76274495	76245211	1
15	76283826	76274175	1
15	76283826	76274411	1
15	76283826	76274418	1
15	76283826	76274482	0
15	76283842	76274132	1
15	76285739	76274411	0
15	76286482	76285636	0
15	76286492	76285636	0
15	76287946	76286370	3
15	76287946	76286405	2
15	76292492	76287845	0
15	76292514	76287767	0
15	76292514	76287845	0
15	76292623	76287845	0
15	76311415	76287845	0
15	76340493	76339608	5
15	76342064	76340262	1
15	76351289	76347903	0
15	76351289	76348184	0
15	76351289	76348187	0
15	76351289	76348452	0
15	76354141	76351236	0
15	76354652	76348196	1
15	76381616	76376161	0
15	76385252	76381563	0
15	76404680	76379708	0
15	76404680	76381377	0
15	76434311	76404523	0
15	76471336	76434077	0
15	76471336	76434132	0
15	76471336	76434180	0
15	76471336	76434259	0
15	76498598	76471211	0
15	76504975	76471095	0
15	76504975	76471211	0
15	76504975	76471261	0
15	76621830	76574157	0
15	76703003	76701757	0
15	76705985	76702849	0
15	76705985	76702965	0
15	76728738	76705902	0
15	76728738	76705925	0
15	76753949	76733228	0
15	76767089	76765562	0
15	76771955	76766917	0
15	76771955	76766979	0
15	76774410	76771741	0
15	76775065	76774367	0
15	76775118	76766917	0
15	76775118	76771723	0
15	76775118	76771741	0
15	76775118	76771812	0
15	76775118	76771882	0
15	76793392	76774854	0
15	76795441	76774854	0
15	76795441	76774931	0
15	76795441	76793232	0
15	76797544	76795279	0
15	76797609	76795279	0
15	76800268	76795240	0
15	76800365	76795279	0
15	76800365	76795303	0
15	76800365	76795391	0
15	76804634	76800247	0
15	76804634	76800274	0
15	76841932	76804532	0
15	76855877	76841733	0
15	76857880	76804532	0
15	76857880	76841733	0
15	76857880	76841791	0
15	76941691	76943757	34
15	76947518	76948409	22
15	77032395	77032861	0
15	77032429	77032861	0
15	77043838	77045054	7
15	77052469	77041403	3
15	77052469	77046029	1
15	77052469	77046059	1
15	77052469	77046083	1
15	77052469	77046331	1
15	77054280	77052776	0
15	77055830	77054180	22
15	77055864	77054177	24
15	77055935	77052776	9
15	77056256	77054177	27
15	77056256	77055788	20
15	77071035	77054177	16
15	77071093	77069866	27
15	77071110	77054177	15
15	77071110	77055788	16
15	77071110	77055835	16
15	77071110	77056063	21
15	77071123	77056063	21
15	77071229	77056063	17
15	77083985	77056063	0
15	77133751	77100655	1
15	77133751	77108163	0
15	77158697	77133004	0
15	77179148	77177855	8
15	77179809	77155199	0
15	77182041	77158502	0
15	77252527	77177818	0
15	77252527	77178789	0
15	77252527	77181746	1
15	77252527	77181978	1
15	77252532	77178789	0
15	77255553	77252366	0
15	77284031	77252421	0
15	77284031	77252478	0
15	77284031	77252498	0
15	77285056	77283882	0
15	77285079	77252366	0
15	77285079	77283882	0
15	77285101	77283761	0
15	77286505	77179957	0
15	77286505	77252366	0
15	77286505	77283882	0
15	77365226	77252366	0
15	77420101	77252366	0
15	77632491	77613026	0
15	77634354	77614943	0
15	77647962	77648143	0
15	77677175	77613669	0
15	77677175	77615512	0
15	77677175	77615672	0
15	77677175	77615721	0
15	77677175	77615781	0
15	77677175	77615832	0
15	77677175	77615853	0
15	77677175	77615876	0
15	77690902	77615352	0
15	77690902	77677088	0
15	77690902	77677106	0
15	77690902	77677108	0
15	77690902	77677155	0
15	77707508	77677088	0
15	77787015	77734991	0
15	77788146	77788380	0
15	77796054	77677088	0
15	77796054	77734991	0
15	77915552	77914216	0
15	77915552	77914724	0
15	77915552	77915183	0
15	77917093	77916493	0
15	77918489	77917016	0
15	77919316	77918419	0
15	77922073	77921538	0
15	77922073	77921720	0
15	77941802	77941441	0
15	77942165	77941681	0
15	77942454	77941898	0
15	77942454	77942124	0
15	77963655	77954074	0
15	77998901	77998243	23
15	78001664	77998518	4
15	78001667	77998502	3
15	78001685	77984035	0
15	78001741	77994984	10
15	78001741	77994985	10
15	78001955	77998115	6
15	78003491	78001618	4
15	78003580	78001703	5
15	78009115	78002481	2
15	78009115	78003304	2
15	78024540	78017846	1
15	78025498	78024155	1
15	78025498	78024415	1
15	78025629	78024400	2
15	78045069	78030006	0
15	78054002	78044996	0
15	78054188	78044899	0
15	78105935	78104605	0
15	78105935	78104648	0
15	78105935	78105011	0
15	78105935	78105146	0
15	78105935	78105187	0
15	78105935	78105283	0
15	78109383	78105298	0
15	78109383	78105489	0
15	78109383	78105738	0
15	78109510	78105738	0
15	78109510	78105853	0
15	78110734	78109234	0
15	78111252	78109234	0
15	78111277	78109234	0
15	78111277	78109287	0
15	78123740	78105738	0
15	78123740	78109234	0
15	78131434	78109234	0
15	78157163	78157547	9
15	78157163	78157572	9
15	78169078	78171049	90
15	78173840	78167467	4
15	78173840	78170853	0
15	78173840	78170913	0
15	78174525	78173592	0
15	78174813	78173592	0
15	78178832	78174384	0
15	78179781	78178613	0
15	78179781	78178807	0
15	78179781	78178962	0
15	78180937	78179549	0
15	78180937	78179737	0
15	78181084	78179549	0
15	78182786	78182465	0
15	78182887	78182465	0
15	78193627	78182704	0
15	78193627	78182711	0
15	78193627	78182741	0
15	78194009	78193611	0
15	78194021	78193505	0
15	78194727	78193931	1
15	78207786	78194505	0
15	78208103	78194505	0
15	78208103	78194647	0
15	78209250	78208001	0
15	78209250	78208054	0
15	78226606	78194505	0
15	78234526	78182704	0
15	78234526	78208001	0
15	78234575	78194505	0
15	78234626	78213522	0
15	78234708	78208001	0
15	78245689	78182704	0
15	78245689	78208001	0
15	78245689	78209144	0
15	78263958	78257544	0
15	78263988	78250501	0
15	78264586	78264756	0
15	78278302	78277834	0
15	78282191	78280949	1
15	78285340	78278207	1
15	78285340	78283234	13
15	78285340	78283255	11
15	78285340	78283467	13
15	78285725	78283234	9
15	78285901	78283234	6
15	78286134	78283234	9
15	78286134	78285260	32
15	78288383	78278207	4
15	78288383	78286040	16
15	78288918	78288338	9
15	78289638	78288288	9
15	78289713	78288288	9
15	78292789	78289950	36
15	78292886	78289950	30
15	78293273	78289950	31
15	78293273	78291761	22
15	78293273	78292073	19
15	78293273	78292615	20
15	78293273	78292631	18
15	78294974	78289950	20
15	78294974	78293166	19
15	78295726	78294474	11
15	78295726	78294945	15
15	78295794	78293166	16
15	78295794	78294945	10
15	78299571	78295674	5
15	78299592	78295674	5
15	78299598	78295674	6
15	78299602	78295674	9
15	78299606	78295674	8
15	78299608	78295674	8
15	78299610	78295674	8
15	78299615	78295674	8
15	78299637	78295674	9
15	78299704	78294736	4
15	78299795	78295674	9
15	78340499	78341042	0
15	78473382	78476187	4
15	78481821	78480056	0
15	78488337	78488646	10
15	78540464	78541904	17
15	78540540	78541904	23
15	78540836	78541904	33
15	78540951	78541904	41
15	78541772	78541904	24
15	78541931	78542176	17
15	78541931	78542482	28
15	78542220	78542482	38
15	78542220	78542575	35
15	78594012	78593051	2
15	78596733	78593051	1
15	78596733	78593913	1
15	78602265	78593051	0
15	78602265	78595304	1
15	78602265	78596539	2
15	78607525	78601775	0
15	78617134	78601252	0
15	78618662	78617023	0
15	78618916	78618379	0
15	78618916	78618616	0
15	78619279	78618629	0
15	78620262	78618848	0
15	78620790	78618775	0
15	78620864	78618775	0
15	78621180	78618775	0
15	78621296	78618775	0
15	78629946	78624118	0
15	78631186	78624407	0
15	78631186	78628966	0
15	78631186	78629352	0
15	78631333	78630927	0
15	78631333	78631061	0
15	78631333	78631075	0
15	78708053	78686917	0
15	78708106	78655543	0
15	78708106	78692577	0
15	78762566	78759202	2
15	78764100	78763698	1
15	78764708	78763925	8
15	78765114	78763950	7
15	78767052	78764554	8
15	78767593	78765644	7
15	78768260	78766832	3
15	78771304	78768132	6
15	78771830	78771161	6
15	78773204	78770625	1
15	78773204	78770794	1
15	78773204	78771584	1
15	78788299	78768132	0
15	78891015	78891483	15
15	78923119	78921057	1
15	78923119	78921764	2
15	78923119	78921768	2
15	78923119	78921774	2
15	78923119	78922116	1
15	78923119	78922129	1
15	78925441	78922992	2
15	78925441	78923058	2
15	78926905	78922992	1
15	78927782	78925333	1
15	78929494	78927206	1
15	78929494	78927608	1
15	78929494	78927712	0
15	78931507	78929410	0
15	78931507	78929411	0
15	78931507	78929440	0
15	78931954	78931450	1
15	78932031	78931450	0
15	78932039	78931450	0
15	78932042	78929411	0
15	78932445	78931450	0
15	78932459	78929411	0
15	78932459	78931450	0
15	78932459	78931884	0
15	78932459	78931900	0
15	78932459	78932005	0
15	78935083	78932371	1
15	78935751	78934843	0
15	78935751	78934846	0
15	78935751	78934977	0
15	78937424	78935679	0
15	78937497	78935679	0
15	78937716	78935679	0
15	78937824	78937317	0
15	78939172	78935679	0
15	78939172	78937317	0
15	78939172	78937412	0
15	78945063	78932371	0
15	78971935	78959946	0
15	78971935	78961941	0
15	78973421	78971865	0
15	78973421	78971902	0
15	78979126	78973302	0
15	78980700	78973302	0
15	78980700	78978379	0
15	78985205	78980619	0
15	78985205	78980656	0
15	78985311	78980424	0
15	78990274	78985006	0
15	78991795	78990188	0
15	78995801	78991690	0
15	78995801	78991711	0
15	79213360	79191970	0
15	79260302	79236846	0
15	79260307	79236742	0
15	79260307	79236880	0
15	79260847	79213096	0
15	79260847	79236705	0
15	79283826	79191706	0
15	79283832	79236565	0
15	79283872	79213186	0
15	79833555	79832465	0
15	79839710	79833584	0
15	79845328	79841209	0
15	79889355	79844975	0
15	79889355	79845149	0
15	79889355	79845194	0
15	79889355	79845375	0
15	79896998	79889091	1
15	79897050	79889092	1
15	79897380	79889092	1
15	79907685	79889092	7
15	79907685	79898846	7
15	79907685	79898903	7
15	79908037	79898839	4
15	79923107	79907628	5
15	79923703	79907628	6
15	79923745	79907628	4
15	79923755	79889092	7
15	79967693	79960891	0
15	79971447	79960888	0
15	79990380	79990380	0
15	80152842	80153025	0
15	80152906	80153025	2
15	80203741	80195483	0
15	80287854	80263067	0
15	80287854	80280130	0
15	80340414	80339206	0
15	80341768	80320998	0
15	80341769	80287814	0
15	80341778	80320712	0
15	80341806	80287814	0
15	80347785	80344852	0
15	80398007	80373412	0
15	80398008	80347687	0
15	80436388	80433794	0
15	80437187	80436159	0
15	80445153	80436086	0
15	80560168	80554608	0
15	80593628	80597194	35
15	80897340	80896189	0
15	80897340	80896190	0
15	80897340	80896197	0
15	80897340	80896206	0
15	80947066	80948796	15
15	80948868	80909499	1
15	80952297	80946288	10
15	80952297	80947328	104
15	80952297	80948085	127
15	80952297	80948501	76
15	80952297	80948675	59
15	80953037	80952074	0
15	80970660	80951958	1
15	80978814	80970461	2
15	80979141	80951958	2
15	80979478	80951958	1
15	80982183	80975746	4
15	80982183	80978930	12
15	80989796	80952936	0
15	80989820	80951958	2
15	81309392	81303214	3
15	81310140	81309355	7
15	81318503	81309052	0
15	81318503	81312666	0
15	81318503	81312667	0
15	81319457	81318408	0
15	81322541	81319338	1
15	81322541	81319350	1
15	81322541	81319399	1
15	81324142	81319338	0
15	81332024	81332344	0
15	81334976	81331216	0
15	81336652	81334719	0
15	81337925	81336608	0
15	81338781	81337641	0
15	81338781	81337845	0
15	81343346	81341389	0
15	81359472	81358401	0
15	81642191	81633886	1
15	81662139	81660481	2
15	81798125	81661999	0
15	81871126	81661999	1
15	81954470	81953302	0
15	82046142	82041777	1
15	82138843	82130229	1
15	82138843	82130232	1
15	82138843	82130240	4
15	82152424	82138657	0
15	82157861	82151464	0
15	82157861	82152156	3
15	82160071	82157712	2
15	82163958	82157465	0
15	82163985	82157712	0
15	82214856	82163852	0
15	82215664	82214782	0
15	82219819	82214716	1
15	82227573	82225164	0
15	82227580	82225164	0
15	82228328	82225164	0
15	82228328	82227449	0
15	82228328	82227465	0
15	82238522	82230847	2
15	82240556	82238306	0
15	82240556	82238453	0
15	82241404	82238307	0
15	82261798	82241269	0
15	82261798	82259087	0
15	82262349	82261687	1
15	82262465	82261728	1
15	82262639	82261687	0
15	82262715	82261687	0
15	82262735	82261687	0
15	82262764	82261687	0
15	82262933	82263138	3
15	82343221	82339997	4
15	82343221	82342739	2
15	82347630	82346826	2
15	82349438	82347241	5
15	82349438	82347509	3
15	82349476	82347509	3
15	82372913	82372195	1047
15	82430164	82431829	6
15	82431950	82432571	36
15	82431950	82432575	36
15	82431950	82432816	33
15	82432632	82432816	36
15	82475616	82472992	73
15	82475616	82473419	71
15	82475616	82473784	90
15	82476941	82475477	56
15	82476941	82476497	52
15	82477124	82476785	6
15	82477124	82476898	6
15	82477299	82477032	3
15	82477583	82477032	2
15	82477583	82477092	2
15	82477583	82477202	3
15	82477927	82477032	1
15	82533287	82531652	0
15	82534140	82533025	0
15	82538043	82536755	165
15	82538372	82533174	0
15	82538372	82536749	192
15	82538372	82536758	178
15	82538372	82536787	187
15	82538372	82537921	203
15	82538986	82536754	59
15	82538986	82536762	59
15	82538986	82536808	59
15	82538986	82538305	59
15	82539376	82538879	43
15	82540009	82538879	98
15	82540132	82539299	75
15	82540133	82538305	92
15	82540133	82538879	84
15	82540143	82538879	85
15	82540420	82538664	78
15	82540438	82539980	157
15	82540453	82539980	152
15	82540457	82539583	91
15	82540458	82538886	99
15	82540458	82539980	150
15	82540460	82539980	150
15	82540565	82539980	49
15	82546522	82539980	2
15	82546522	82543200	2
15	82546522	82543202	2
15	82546522	82543203	2
15	82546522	82543833	2
15	82546522	82544272	2
15	82546522	82544294	2
15	82546522	82544296	2
15	82546522	82544309	2
15	82546522	82544357	2
15	82546522	82544452	2
15	82557987	82555869	1
15	82571448	82557521	0
15	82571533	82555869	0
15	82571533	82557759	0
15	82571533	82557798	0
15	82571742	82557759	0
15	82571760	82571343	0
15	82571785	82571343	0
15	82571810	82557759	0
15	82571824	82571343	0
15	82572079	82571343	0
15	82573195	82571343	0
15	82573212	82571343	0
15	82583463	82571343	0
15	82627368	82571343	0
15	82627368	82571390	0
15	82627368	82571445	0
15	82627368	82583370	0
15	82628153	82627192	1
15	82628470	82627192	0
15	82630186	82627192	0
15	82633222	82627192	1
15	82638635	82633181	1
15	82641683	82633171	0
15	82647360	82627192	1
15	82647504	82627192	1
15	82647606	82627192	1
15	82647978	82627192	0
15	82648862	82627288	0
15	82659984	82659280	2
15	82659984	82659281	2
15	82659984	82659284	2
15	82659984	82659531	3
15	82659984	82659536	3
15	82662697	82661824	1
15	82662923	82662167	1
15	82663234	82662693	2
15	82663250	82662468	2
15	82663296	82662869	2
15	82680756	82680174	2
15	82681020	82680471	3
15	82681020	82680731	3
15	82681179	82680836	0
15	82681179	82680896	0
15	82681581	82681111	0
15	82681602	82681111	0
15	82688832	82681419	3
15	82688832	82685090	1
15	82688832	82686814	5
15	82689233	82681419	0
15	82689233	82681509	2
15	82689233	82688427	3
15	82689233	82688735	2
15	82689454	82688735	2
15	82689454	82689157	0
15	82689935	82689399	4
15	82697979	82689377	3
15	82699876	82689377	2
15	82708852	82689377	0
15	82709780	82689377	1
15	82709860	82689377	2
15	82709866	82689762	4
15	82709874	82689377	2
15	82709884	82689377	3
15	82709909	82689377	3
15	82709915	82689377	3
15	82711433	82710470	0
15	82711878	82711245	0
15	82712308	82711186	0
15	82714027	82710472	0
15	82738617	82725872	0
15	82738905	82730789	2
15	82754785	82756729	56
15	82754785	82756903	43
15	82756786	82756903	48
15	82756940	82757045	21
15	82762279	82755361	0
15	82762279	82759273	0
15	82787469	82786510	0
15	82796367	82787087	0
15	82806055	82786751	0
15	82806070	82786751	0
15	82849728	82836945	7
15	82851232	82848982	1
15	82851232	82849678	0
15	82852253	82851150	0
15	82852253	82851195	0
15	82852784	82851150	1
15	82854801	82852141	1
15	82859136	82854643	0
15	82859136	82854694	0
15	82859169	82854643	0
15	82859187	82854643	0
15	82864260	82854643	0
15	82864260	82859028	0
15	82875405	82864166	0
15	82875405	82864212	0
15	82892842	82875272	0
15	82898454	82892684	0
15	82952722	82892684	0
15	82952729	82892684	0
15	82985869	82958129	0
15	82986121	82892684	0
15	82986154	82892684	0
15	82992047	82990560	2
15	82992047	82990618	3
15	83008617	82988440	12
15	83008676	82988962	7
15	83008676	82991931	8
15	83008676	82991955	8
15	83008676	82994822	8
15	83008676	83004685	11
15	83008676	83004866	20
15	83008676	83005297	20
15	83010364	82989105	13
15	83010364	83007850	16
15	83010364	83008404	16
15	83010364	83008547	15
15	83011595	83008547	10
15	83011642	83005278	22
15	83018854	83016421	4
15	83018854	83017960	4
15	83020763	83018706	8
15	83020763	83018739	7
15	83024337	83022235	11
15	83028729	83020674	4
15	83030329	83018706	2
15	83030329	83020674	5
15	83030329	83028615	4
15	83030329	83029542	4
15	83030767	83020745	5
15	83050179	83041727	0
15	83056480	83041727	6
15	83067152	83056388	1
15	83067355	83056388	0
15	83114567	83113616	2
15	83151362	83112737	0
15	83151362	83127752	1
15	83151362	83139131	0
15	83157574	83151214	0
15	83157990	83157414	0
15	83158042	83157350	0
15	83158042	83157414	0
15	83164076	83157902	0
15	83169232	83163998	0
15	83189517	83164038	0
15	83192309	83163998	0
15	83207451	83163769	0
15	83208019	83163998	0
15	83264816	83255902	0
15	83264816	83257343	0
15	84080098	84053112	0
15	84173195	84171177	0
15	84203008	84200960	97
15	84203021	84199310	49
15	84203021	84199311	49
15	84203021	84200880	110
15	84204332	84202801	26
15	84204332	84202869	28
15	84204332	84203865	24
15	84204517	84199310	29
15	84204517	84202708	18
15	84204517	84202728	18
15	84204517	84202869	28
15	84204517	84204176	5
15	84204517	84204181	5
15	84204526	84202869	28
15	84204605	84204176	3
15	84230023	84204786	0
15	84230091	84204786	0
15	84230091	84205230	2
15	84230126	84204786	0
15	84230137	84205230	2
15	84238388	84238572	3
15	84238654	84239317	0
15	84239991	84240221	3
15	84240417	84240593	2
15	84399685	84398989	0
15	84401732	84399384	0
15	84406168	84398315	1
15	84406168	84401806	1
15	84421838	84412772	0
15	84500600	84491479	0
15	84510370	84507884	9
15	84510370	84509925	1
15	84512834	84511406	0
15	84513303	84511733	1
15	84513303	84512717	0
15	84514048	84513214	0
15	84514048	84513240	0
15	84526950	84514914	1
15	84527668	84526780	6
15	84534239	84527618	0
15	84538617	84527195	0
15	84538617	84527210	0
15	84538617	84527631	0
15	84538617	84534179	0
15	84539789	84538531	0
15	84542230	84539703	0
15	84542285	84538531	0
15	84542285	84539703	0
15	84542598	84538562	0
15	84546278	84539703	0
15	84546278	84542144	0
15	84546278	84542146	0
15	84569684	84554965	0
15	84569684	84563413	0
15	84570701	84561959	1
15	84570796	84554965	0
15	84603986	84597808	0
15	84606464	84603859	1
15	84614970	84611688	0
15	84620773	84622577	7
15	84620773	84622645	5
15	84620773	84623275	4
15	84622715	84623275	8
15	84622715	84623480	7
15	84631595	84632196	20
15	84632279	84606361	2
15	84633988	84631298	2
15	84639979	84642011	55
15	84640501	84641154	43
15	84641263	84641882	55
15	84645837	84639280	95
15	84645837	84642767	62
15	84645837	84643054	68
15	84645837	84643081	89
15	84646086	84645468	139
15	84646349	84643144	121
15	84646349	84645468	133
15	84646349	84645470	133
15	84646349	84645577	163
15	84646349	84645972	137
15	84646349	84645987	136
15	84646349	84646036	147
15	84647024	84646183	102
15	84647955	84645470	79
15	84647955	84645693	93
15	84647955	84645972	91
15	84647955	84646183	93
15	84647955	84646184	93
15	84647955	84646305	108
15	84647955	84646689	80
15	84648587	84645470	79
15	84648626	84645972	69
15	84648626	84646183	66
15	84648626	84647085	54
15	84648626	84647889	48
15	84652803	84644954	8
15	84652803	84646183	7
15	84652803	84647889	7
15	84652803	84648311	7
15	84652803	84648456	7
15	84652803	84648464	7
15	84652803	84648519	7
15	84652803	84648536	7
15	84653700	84652713	11
15	84653751	84652713	9
15	84654001	84652713	14
15	84654232	84652713	10
15	84654232	84653631	14
15	84654242	84653631	15
15	84654247	84652713	10
15	84654259	84653631	17
15	84654267	84653631	17
15	84654273	84652713	9
15	84654274	84653631	17
15	84654275	84653631	17
15	84654281	84653631	17
15	84654284	84653631	18
15	84654291	84653181	10
15	84654299	84653631	17
15	84654336	84653631	10
15	84654344	84653631	10
15	84657349	84655128	2
15	84670783	84669537	5
15	84670783	84669543	5
15	84670783	84669544	5
15	84670783	84669559	7
15	84670783	84669853	4
15	84673827	84669545	12
15	84679288	84670724	7
15	84679970	84670724	4
15	84680833	84669543	2
15	84680833	84670724	5
15	84680833	84679225	2
15	84680833	84679931	8
15	84687775	84669543	7
15	84687775	84670724	2
15	84687775	84680712	7
15	84687775	84680746	7
15	84691645	84670724	3
15	84691645	84680712	5
15	84746838	84717473	0
15	84803849	84804706	20
15	85207606	85205439	50
15	85207619	85180199	1
15	85208930	85207467	26
15	85208930	85208476	12
15	85209116	85208774	1
15	85209291	85209024	3
15	85209291	85209064	0
15	85209575	85209024	0
15	85209575	85209198	3
15	85209575	85209252	0
15	85209872	85209385	0
15	85209919	85209385	0
15	85234711	85209385	0
15	85234712	85209385	0
15	85234786	85209472	0
15	85234786	85209829	0
15	85234796	85209385	0
15	85258689	85255368	0
15	85270359	85269198	0
15	85270855	85270303	0
15	85270893	85270224	0
15	85274169	85270684	0
15	85315517	85314666	0
15	85319996	85314922	0
15	85330229	85273991	0
15	85330231	85326393	0
15	85330330	85319857	0
15	85330335	85315586	0
15	85580179	85579045	34
15	85624658	85621263	0
15	85670949	85619622	0
15	85722117	85722229	2
15	85727228	85726114	0
15	85747810	85748751	43
15	85749126	85744108	54
15	85750282	85748907	0
15	85752902	85750335	1
15	85755656	85754940	1
15	85769821	85759322	3
15	85794919	85760616	0
15	85795031	85768016	0
15	86079962	86078808	0
15	86086361	86080165	0
15	86086374	86083344	0
15	86088344	86086249	0
15	86107642	86083430	0
15	86107655	86088107	0
15	86107655	86088303	0
15	86107655	86105039	0
15	86262668	86262777	0
15	86299882	86295648	0
15	86305085	86296867	0
15	86312383	86304911	0
15	86317174	86305050	0
15	86631137	86630265	0
15	86939767	86938796	0
15	86988427	86939651	0
15	87433234	87432057	0
15	87487664	87433108	0
15	87703853	87542920	0
15	87880429	87859750	0
15	87880429	87876756	0
15	87880429	87876788	0
15	87880429	87876790	0
15	87925665	87916261	0
15	87929435	87880269	0
15	87929435	87885693	0
15	87929435	87908488	0
15	87929435	87916272	0
15	87929435	87925569	0
15	87933091	87929190	0
15	87933185	87926655	0
15	87933185	87929190	0
15	87933185	87931081	0
15	87978804	87977366	0
15	87981361	87977363	0
15	87981361	87979344	0
15	88033046	87940622	0
15	88033046	87979053	0
15	88098662	88072423	0
15	88126362	88072600	0
15	88126374	88032856	0
15	88126374	88072550	0
15	88127192	88032856	0
15	88135398	88127161	0
15	88135398	88128710	0
15	88135398	88131968	0
15	88135939	88127161	0
15	88137562	88136466	0
15	88147404	88137403	0
15	88147404	88137460	0
15	88256154	88184224	0
15	88256160	88184224	0
15	88256169	88184224	0
15	88256170	88184224	0
15	88256178	88184224	0
15	88256180	88184224	0
15	88256487	88255905	0
15	88460383	88459477	16
15	88464814	88460152	15
15	88464874	88459500	15
15	88464877	88459475	14
15	88464877	88459607	15
15	88464877	88459716	15
15	88465748	88459476	9
15	88465774	88464702	12
15	88467390	88464702	1
15	88467391	88465012	1
15	88467420	88465586	2
15	88467783	88467907	6
15	88467783	88467910	6
15	88503988	88494439	4
15	88511522	88465586	3
15	88511587	88465586	0
15	88511587	88503874	11
15	88513141	88511431	7
15	88516974	88512350	5
15	88516974	88512482	8
15	88531474	88516781	1
15	88531474	88527598	3
15	88531474	88530772	14
15	88531716	88516781	0
15	88531716	88527598	0
15	88531716	88530622	10
15	88536335	88530622	0
15	88536382	88530622	0
15	88544695	88530622	0
15	88546338	88531867	0
15	88546635	88531608	1
15	88546646	88531612	1
15	88546661	88531612	1
15	88546676	88530622	0
15	88603483	88585565	0
15	88603483	88586773	0
15	88604060	88603382	0
15	88604604	88603396	0
15	88605111	88603396	0
15	88626750	88629225	29
15	88648003	88652109	14
15	88650330	88651365	18
15	88651582	88652109	21
15	88798735	88797412	0
15	88855522	88855578	1
15	88879270	88877287	1
15	88879270	88877294	1
15	88879270	88877830	2
15	88879453	88879118	5
15	88880611	88878966	1
15	88881726	88878966	0
15	88881726	88879417	2
15	88887346	88881144	1
15	88887346	88881356	1
15	88899533	88898714	24
15	88899812	88898682	32
15	88899812	88898713	29
15	88899812	88899297	30
15	88899812	88899314	30
15	88899812	88899374	31
15	88901736	88898712	14
15	88901736	88899655	14
15	88901961	88899655	5
15	88904163	88902182	14
15	88904783	88903789	14
15	88905902	88901550	8
15	88905902	88903936	12
15	88906662	88905756	1
15	88906717	88905381	1
15	88906779	88905398	0
15	88906779	88905756	1
15	88907377	88906062	0
15	88907377	88906614	0
15	88907377	88906625	0
15	88907377	88906742	0
15	88909924	88907194	0
15	88910126	88907194	1
15	88910258	88909791	13
15	88912177	88909791	8
15	88913318	88910203	11
15	88913363	88909791	8
15	88913363	88910779	5
15	88913380	88907194	5
15	88913382	88909791	8
15	88913412	88909791	9
15	89087942	89087077	0
15	89088268	89087562	0
15	89210765	89210001	0
15	89210810	89209868	0
15	89211844	89210698	0
15	89211902	89210698	0
15	89211902	89210749	0
15	89219860	89218963	1
15	89221606	89219561	0
15	89221615	89219795	0
15	89221752	89219736	0
15	89281836	89283135	118
15	89316779	89305197	12
15	89317477	89316329	37
15	89317537	89316304	31
15	89317537	89316319	31
15	89317537	89316327	30
15	89317537	89316338	48
15	89317537	89316356	48
15	89317537	89316683	36
15	89317829	89316516	48
15	89317976	89317375	37
15	89318010	89317442	64
15	89318038	89317375	39
15	89318750	89317375	55
15	89319100	89318540	52
15	89319263	89319063	47
15	89319351	89318930	47
15	89319380	89319227	74
15	89319409	89318930	51
15	89320802	89319337	90
15	89320831	89319227	83
15	89320870	89319267	77
15	89321013	89318930	97
15	89321013	89319227	82
15	89321261	89319227	72
15	89321261	89320765	103
15	89321261	89320819	100
15	89321854	89320765	108
15	89321854	89321124	91
15	89322016	89321735	75
15	89322903	89320765	69
15	89322903	89321124	61
15	89322903	89321961	70
15	89323428	89322741	33
15	89323438	89322741	35
15	89323512	89321774	67
15	89323512	89322741	35
15	89323512	89322804	35
15	89323553	89322741	37
15	89323902	89322741	34
15	89323902	89323403	34
15	89324188	89323814	7
15	89324228	89323513	9
15	89324228	89323814	7
15	89324292	89323519	16
15	89327064	89326611	9
15	89327080	89326611	9
15	89327337	89326911	66
15	89327350	89326611	43
15	89327350	89326911	72
15	89328536	89327012	48
15	89328536	89327166	50
15	89330277	89328942	8
15	89332375	89330080	6
15	89333145	89330210	9
15	89333810	89330207	13
15	89333914	89330080	10
15	89333914	89332217	47
15	89334014	89333792	46
15	89334445	89333849	39
15	89334818	89333095	33
15	89334825	89333095	30
15	89334848	89333095	31
15	89334862	89333095	30
15	89335370	89335648	1
15	89386903	89387430	0
15	89387539	89387816	0
15	89472864	89471397	0
15	89472864	89471406	0
15	89472864	89471423	0
15	89472864	89471444	0
15	89472864	89471756	0
15	89477975	89477081	0
15	89477975	89477516	0
15	89479431	89477836	0
15	89479489	89477727	0
15	89479489	89477836	0
15	89479737	89477798	0
15	89510124	89505276	0
15	89510124	89505277	0
15	89517438	89510072	0
15	89517438	89514587	0
15	89523754	89510072	0
15	89582298	89579764	0
15	89618196	89608788	3
15	89628781	89618028	33
15	89629123	89627976	87
15	89629574	89628975	50
15	89630494	89629374	51
15	89631711	89630286	59
15	89648775	89647595	9
15	89649368	89648254	2
15	89649368	89648502	29
15	89667182	89664364	0
15	89667182	89664366	0
15	89667182	89664371	0
15	89677504	89673209	0
15	89679403	89677444	0
15	89679418	89676625	0
15	89679428	89677444	0
15	89681541	89677763	0
15	89686547	89681304	1
15	89686547	89681530	1
15	89686547	89683079	2
15	89690663	89686430	2
15	89690754	89686430	0
15	89690783	89681269	0
15	89690783	89686430	0
15	89690784	89683250	0
15	89751138	89749890	0
15	89751311	89748660	0
15	89790542	89784888	10
15	89791094	89790459	7
15	89792328	89790952	12
15	89797723	89793034	47
15	89799316	89797444	67
15	89799316	89797574	50
15	89799316	89797658	57
15	89804003	89803646	7
15	89804408	89803888	21
15	89804408	89803984	21
15	89804618	89804252	47
15	89804618	89804276	33
15	89804852	89804252	92
15	89806807	89805320	62
15	89814863	89805969	27
15	89814865	89806400	23
15	89815402	89806272	11
15	89837723	89830598	11
15	89837723	89834307	0
15	89837723	89834981	4
15	89837723	89835439	4
15	89837723	89835479	2
15	89837723	89835565	1
15	89837723	89835567	1
15	89837723	89835593	1
15	89837723	89835596	1
15	89837723	89835599	1
15	89837955	89835423	2
15	89838127	89837614	6
15	89849008	89837614	3
15	89852657	89837617	2
15	89871547	89837614	2
15	89871547	89837621	2
15	89871547	89865458	0
15	89871547	89865460	0
15	89871547	89865612	0
15	89877425	89871474	1
15	89878301	89871474	0
15	89888633	89871474	0
15	89888633	89877305	0
15	89888633	89878264	0
15	89888654	89871474	0
15	89889137	89888520	1
15	89889141	89888520	1
15	89889480	89888520	1
15	89893971	89889048	3
15	89893978	89889048	3
15	89893982	89889048	3
15	89893995	89889048	3
15	89894029	89889048	1
15	89894343	89889048	2
15	89903366	89889048	0
15	89903380	89871474	0
15	89903380	89889048	0
15	89903380	89895005	2
15	89903380	89900874	7
15	89903944	89902848	2
15	89903984	89903215	1
15	89908414	89903215	1
15	90081551	90081769	30
15	90082208	90074514	4
15	90084909	90083044	1
15	90084909	90083995	0
15	90084909	90084176	0
15	90085099	90084013	0
15	90225179	90225281	0
15	90228265	90229253	30
15	90231023	90229974	14
15	90231023	90230245	11
15	90231023	90230249	11
15	90234293	90234521	2
15	90257723	90258037	0
15	90257723	90258182	0
15	90258270	90258742	0
15	90263075	90263946	3
15	90263146	90263739	2
15	90263146	90263754	1
15	90263146	90263946	1
15	90264964	90265261	0
15	90265877	90266287	89
15	90285581	90284375	2
15	90397882	90393489	0
15	90473799	90473895	0
15	90596448	90595839	4
15	90606873	90604224	0
15	90614559	90606776	1
15	90631756	90630534	5
15	90641258	90620006	1
15	90713300	90641041	0
15	90715043	90712992	0
15	90717142	90713166	0
15	90879893	90879893	19
15	90879985	90880093	33
15	90885259	90885411	0
15	90889444	90889516	0
15	90903433	90903681	6
15	90904035	90904189	4
15	90910962	90911170	32
15	90911239	90911366	56
15	90911239	90911384	55
15	90911239	90911415	57
15	90912280	90912516	51
15	90912280	90912541	49
15	90913375	90913613	30
15	90913407	90913613	32
15	90918389	90918644	7
15	90919866	90920110	208
15	90919866	90920998	140
15	90921187	90920217	107
15	90930256	90930952	8
15	90931945	90929963	4
15	90931945	90930311	7
15	90931945	90930917	4
15	90931945	90930924	4
15	90931945	90931336	4
15	90932111	90931098	3
15	90932111	90931703	4
15	90932477	90932054	15
15	90932525	90931150	8
15	90932547	90932054	14
15	90932551	90932054	13
15	90932553	90931703	5
15	90932570	90932054	12
15	90932807	90932054	5
15	90935055	90932601	0
15	90935131	90932054	1
15	90935131	90932428	1
15	90935197	90931703	1
15	90935983	90936136	2
15	90935983	90936284	6
15	90942606	90942911	17
15	90948284	90948653	11
15	90949721	90950153	20
15	90953047	90953154	0
15	90955226	90952238	10
15	90956901	90957112	77
15	90959999	90960327	6
15	90959999	90960333	10
15	90960499	90961024	24
15	90961055	90961617	27
15	90961775	90961923	106
15	90969121	90966037	131
15	90969121	90966464	153
15	90969121	90966663	162
15	90969624	90966049	121
15	90969624	90966076	118
15	90969624	90966189	148
15	90969624	90966799	134
15	90969624	90969078	90
15	90970428	90969523	12
15	90970478	90969523	15
15	90970515	90969078	12
15	90970515	90969446	14
15	90970515	90969523	15
15	90974247	90969575	18
15	90974247	90970403	10
15	90974732	90974010	1
15	90974732	90974135	3
15	90976729	90974584	1
15	90976769	90974584	1
15	90976772	90974573	1
15	90976772	90974584	1
15	90976772	90974599	1
15	90979295	90976675	1
15	90980287	90979157	3
15	90980390	90979157	4
15	90980390	90979207	4
15	90980524	90979157	3
15	90981034	90980241	5
15	90981232	90980241	6
15	90981670	90980241	82
15	90981670	90980883	92
15	90981982	90980883	85
15	90981982	90980936	73
15	90981982	90980937	73
15	90981982	90980942	69
15	90981982	90981498	98
15	90981982	90981584	100
15	90982746	90981908	8
15	90984141	90981498	7
15	90984141	90981747	7
15	90984141	90981885	5
15	90984141	90981962	6
15	90984141	90982621	7
15	90984826	90981498	5
15	90984826	90981747	6
15	90984826	90983905	1
15	90984826	90984017	3
15	90984826	90984056	3
15	90994496	90984692	2
15	90994501	90984692	2
15	90994505	90984692	2
15	90994510	90985762	0
15	90994511	90981509	3
15	90994526	90984692	0
15	90994536	90984692	0
15	90994537	90984692	0
15	90994538	90984017	2
15	90994603	90984692	1
15	90995630	90984692	0
15	90999794	90984692	1
15	90999794	90998415	17
15	90999794	90998674	10
15	90999976	90999330	8
15	90999976	90999676	9
15	91000592	90998672	10
15	91006060	91005693	3
15	91006446	91005972	4
15	91007047	91006000	12
15	91007965	91007468	0
15	91009847	91007869	2
15	91009847	91007901	2
15	91013872	91009800	1
15	91014434	91013803	2
15	91031692	91031245	0
15	91032141	91031711	0
15	91099839	91094846	0
15	91293172	91294407	0
15	91644879	91643016	0
15	92157242	92148751	2
15	92172437	92162797	1
15	92313186	92157154	0
15	92471547	92470232	0
15	92570274	92567817	0
15	92570274	92568189	0
15	92596463	92595559	0
15	92630346	92617442	0
15	92630346	92617447	0
15	92630346	92618999	0
15	92630346	92619057	0
15	92630346	92619118	0
15	92630346	92619182	0
15	92630346	92619237	0
15	92630346	92619301	0
15	92639245	92630213	0
15	92645599	92630213	0
15	92653211	92630213	0
15	92655352	92630160	0
15	92655405	92630213	0
15	92655959	92630213	0
15	92656632	92630213	0
15	92668044	92630213	0
15	92699164	92630213	0
15	92724239	92715709	0
15	92724278	92699039	0
15	92734099	92724161	0
15	92788141	92782054	1
15	92788473	92787913	2
15	92808568	92805769	0
15	92809799	92699039	0
15	92809862	92787963	1
15	92809885	92808843	1
15	92883620	92883743	34
15	92901300	92902173	17
15	92943069	92944414	3
15	92944516	92945820	2
15	92946083	92946247	17
15	93014727	93014815	44
15	93052508	93035272	0
15	93052508	93043405	0
15	93052508	93043415	0
15	93052508	93043416	0
15	93052508	93044748	0
15	93052508	93044817	0
15	93052508	93044955	0
15	93058842	93051992	0
15	93063070	93052271	0
15	93066256	93051992	0
15	93066260	93051992	0
15	93073032	93051992	0
15	93073032	93052319	0
15	93073032	93065831	0
15	93073032	93066100	0
15	93073135	93066005	0
15	93073146	93044946	0
15	93073149	93051992	0
15	93073664	93072915	0
15	93073681	93072915	0
15	93073711	93072915	0
15	93074129	93072915	0
15	93088524	93072915	0
15	93088654	93072966	0
15	93089205	93072915	0
15	93180000	93177268	0
15	93422577	93416849	0
15	93731352	93718541	0
15	93761128	93731348	0
15	93801628	93761054	0
15	93821101	93760614	0
15	93829175	93820990	0
15	93852982	93837610	0
15	93867045	93820990	0
15	93897452	93896058	4
15	93899337	93866936	0
15	93899337	93874309	0
15	93899337	93890462	2
15	93899337	93896263	1
15	93900136	93899263	0
15	93900138	93899263	0
15	93900338	93899262	0
15	93900600	93899263	0
15	93947583	93905404	0
15	93975407	93962683	0
15	94001760	93982892	0
15	94030402	93900035	0
15	94030402	94028464	0
15	94038413	94030292	0
15	94066880	94030292	0
15	94066880	94064368	0
15	94083356	94001675	0
15	94099351	94082895	0
15	94107939	94082274	0
15	94584826	94583505	0
15	94857012	94855585	0
15	95035738	95034383	0
15	95092271	95080094	0
15	95132860	95092130	0
15	95212880	95209098	0
15	95256706	95212680	0
15	95256777	95255505	0
15	95288469	95256673	0
15	95288469	95274039	0
15	95288469	95279283	0
15	95289486	95288301	0
15	95289555	95288287	0
15	95289555	95288301	0
15	95327000	95289421	0
15	95327101	95289421	0
15	95327130	95289421	0
15	95464810	95463591	0
15	96046896	96045340	0
15	96084585	96080712	0
15	96121972	96110039	0
15	96121972	96118842	0
15	96127414	96125984	0
15	96132063	96127161	0
15	96132063	96127368	0
15	96156583	96153415	0
15	96191395	96131821	0
15	96191395	96162521	0
15	96269997	96232428	0
15	96269997	96266385	1
15	96269997	96266528	0
15	96271799	96268771	0
15	96271799	96269814	0
15	96271799	96269847	0
15	96272817	96271702	0
15	96275997	96272761	0
15	96282856	96271702	0
15	96282972	96271702	0
15	96282990	96271702	0
15	96282990	96272795	0
15	96285460	96282831	0
15	96285460	96282923	0
15	96288756	96285325	0
15	96290784	96191351	0
15	96290784	96285225	0
15	96290784	96285325	0
15	96290784	96288663	0
15	96322646	96290629	0
15	96327022	96290629	0
15	96327098	96290443	0
15	96327117	96290629	0
15	96327328	96290444	0
15	96327349	96290629	0
15	96327358	96290629	0
15	96327362	96290629	0
15	96396187	96393173	0
15	96401572	96393173	0
15	96402627	96393145	0
15	96405183	96393173	0
15	96405190	96402430	0
15	96772846	96772004	0
15	96772846	96772006	0
15	96783590	96784152	0
15	96783745	96784152	0
15	96783831	96784152	0
15	97317697	97272176	0
15	97397741	97370370	0
15	97427953	97397656	0
15	97515425	97427650	0
15	97541749	97540596	0
15	97554503	97553283	0
15	97559012	97541639	0
15	97576595	97572184	0
15	97652149	97647982	0
15	97652191	97631022	1
15	97652195	97576507	0
15	97652195	97629205	1
15	97670338	97665603	0
15	97704023	97653049	0
15	97704109	97665623	1
15	97743484	97653049	1
15	97743484	97705460	3
15	97753051	97743329	1
15	97758662	97742217	0
15	97809082	97743329	0
15	97874006	97838813	0
15	97874551	97742621	0
15	97874551	97758489	2
15	97874551	97808991	0
15	97983410	97982508	0
15	98088810	98085626	0
15	98103713	98085692	0
15	98131608	98122562	0
15	98257669	98046666	0
15	98291701	98257578	0
15	98327495	98324272	0
15	98441163	98437161	0
15	98441163	98439630	0
15	98446129	98441070	0
15	98452011	98441070	0
15	98480778	98451827	0
15	98520387	98485891	0
15	98520390	98518799	0
15	98647372	98646950	5
15	98893536	98880658	0
15	98966071	98954148	248
15	98969652	98968229	0
15	98969652	98968279	0
15	98969652	98968522	0
15	99100852	98965988	0
15	99131807	99128831	61
15	99131814	99132749	110
15	99139267	99137639	7
15	99139400	99136322	11
15	99139400	99136405	11
15	99139400	99137552	11
15	99139400	99137575	11
15	99139468	99136322	10
15	99139468	99136323	10
15	99139577	99137941	10
15	99139743	99137852	10
15	99151387	99148511	1
15	99156280	99151292	1
15	99156298	99136322	1
15	99156298	99139136	1
15	99156298	99139316	3
15	99156298	99139695	2
15	99161748	99156147	3
15	99161868	99155363	2
15	99161868	99156147	1
15	99218714	99199918	0
15	99219049	99199918	0
15	99219049	99218587	0
15	99219049	99218697	1
15	99221865	99218587	0
15	99221865	99218897	0
15	99221865	99219007	0
15	99228733	99221740	0
15	99228733	99221795	0
15	99235079	99228552	0
15	99235081	99228532	0
15	99241560	99228532	0
15	99241560	99228544	0
15	99241560	99234987	0
15	99241563	99228532	0
15	99245511	99228532	0
15	99245511	99241364	0
15	99245511	99241386	0
15	99249446	99228404	0
15	99249532	99241364	0
15	99249601	99228532	0
15	99249608	99241364	0
15	99249800	99228532	0
15	99251224	99228532	0
15	99386328	99387905	3
15	99387076	99390015	1
15	99396594	99395178	0
15	99401316	99396612	0
15	99431029	99427008	0
15	99712836	99715467	29
15	99720967	99715696	1
15	99731199	99727400	7
15	99731199	99727404	7
15	99731199	99727408	7
15	99731199	99729631	7
15	99732008	99727404	9
15	99732008	99729381	11
15	99733029	99729497	11
15	99733392	99720783	1
15	99733445	99715700	4
15	99733445	99727400	3
15	99791216	99791561	2
15	99791646	99792195	2
15	99792725	99792810	1
15	99800255	99790155	0
15	99800255	99790783	0
15	99800255	99790836	0
15	99800255	99798122	0
15	99801180	99799631	0
15	99801180	99799928	0
15	99801269	99799631	0
15	99972734	99973625	14
15	99974563	99972955	8
15	99976223	99971588	6
15	99976280	99973572	5
15	99993201	99976044	2
