6	100393890	100385014	0
6	100393890	100388871	0
6	100394043	100391082	0
6	100447416	100420789	0
6	100463678	100453761	0
6	100463936	100453761	0
6	100464890	100462602	0
6	100464930	100463293	0
6	100510108	100508193	3
6	100510309	100509217	3
6	100540388	100517990	0
6	10060766	9939288	0
6	10060767	9947426	0
6	100647452	100646614	0
6	100650715	100647225	0
6	100650715	100647287	0
6	100715534	100679617	0
6	100718252	100715129	0
6	100718252	100715461	0
6	100848708	100805759	0
6	100864215	100848003	0
6	100864215	100848147	0
6	100864215	100848419	0
6	100864215	100856302	1
6	100868039	100848147	0
6	10114775	10060649	0
6	10159500	10060701	0
6	10159500	9939288	0
6	10366583	10365592	0
6	10400590	10396676	3
6	10400590	10397409	7
6	10400590	10397871	2
6	10400590	10397914	3
6	10400590	10398012	3
6	10400590	10398687	2
6	10402611	10393185	3
6	10402611	10398601	8
6	10402611	10400447	4
6	10402611	10400713	3
6	104026764	104025539	0
6	10404595	10402491	1
6	10404740	10402025	1
6	10404740	10402491	1
6	10404740	10402537	1
6	10406845	10404507	2
6	10406845	10404620	2
6	10406845	10404667	2
6	10410095	10406792	2
6	10410139	10406792	2
6	10410336	10406135	2
6	10410336	10406792	2
6	10410336	10406793	2
6	10410336	10409900	6
6	10410943	10409900	0
6	10411019	10410281	0
6	10412047	10409900	6
6	10412176	10410281	2
6	10412390	10409900	1
6	10412880	10409996	23
6	10414986	10409900	3
6	10415001	10406792	4
6	10415070	10409900	3
6	10415207	10410281	3
6	10415263	10409900	3
6	10416191	10414940	1
6	10417208	10409900	0
6	10419555	10409085	0
6	10419624	10418188	0
6	10419639	10409900	2
6	10419660	10410281	2
6	10424853	10423139	0
6	10433254	10429795	0
6	10434364	10429717	0
6	10434427	10429254	0
6	10434496	10429708	0
6	10434875	10429547	0
6	104730417	104728092	1
6	104730417	104728094	1
6	104730417	104728096	1
6	104730417	104728921	1
6	104730417	104729041	1
6	104730417	104729317	0
6	104732371	104729169	1
6	104771390	104744511	0
6	104771390	104750340	0
6	104784174	104750340	0
6	10478503	10474499	0
6	104796757	104795578	0
6	104797026	104796654	0
6	104797026	104796716	0
6	104833174	104811310	0
6	104833174	104824813	0
6	104842354	104831128	0
6	104843299	104811310	0
6	104843299	104833041	0
6	104843299	104833059	0
6	104845821	104842345	0
6	104849247	104843222	0
6	104865088	104864463	0
6	104926883	104865038	0
6	104926883	104902555	0
6	104939537	104936119	0
6	104940214	104926583	0
6	104940214	104935205	0
6	104940214	104936293	0
6	105115828	105096821	0
6	105115828	105100612	0
6	105115828	105100830	0
6	10514547	10511035	0
6	105159820	105158279	5
6	105159820	105158299	5
6	105159820	105158359	5
6	105160122	105158580	5
6	105179861	105161424	4
6	105179996	105161795	0
6	105281903	105277564	2
6	105282583	105281745	3
6	105323769	105288757	0
6	105323769	105322254	0
6	105619463	105612666	0
6	105830194	105679377	0
6	105885154	105830056	0
6	105885154	105864233	0
6	106072212	106046570	0
6	106202090	106045422	0
6	106202090	106078254	0
6	106202090	106184475	0
6	106202090	106185941	0
6	106202090	106186539	0
6	106202430	106184475	0
6	106217602	106201971	0
6	106248245	106201745	0
6	106248245	106201971	0
6	106279824	106201971	0
6	106279824	106248149	0
6	106293107	106279660	0
6	106308492	106293027	0
6	106316267	106248149	0
6	106316267	106293027	0
6	106359718	106358565	0
6	106457249	106451495	0
6	106551979	106552183	0
6	106572412	106571976	0
6	106583421	106571970	0
6	106583421	106572002	0
6	106583632	106571974	0
6	106619327	106583327	0
6	106619327	106602873	0
6	106724661	106717451	0
6	106724661	106717455	0
6	106724661	106717991	0
6	106725390	106724566	0
6	10672637	10671421	0
6	106734074	106724566	0
6	106734078	106724566	0
6	106734078	106724614	0
6	106735419	106724566	0
6	106735419	106733981	0
6	106739771	106735297	0
6	106739776	106735044	0
6	106740088	106735297	0
6	106749789	106747089	0
6	106749789	106747249	0
6	106755991	106754399	0
6	106756262	106739700	0
6	106756262	106749633	0
6	106772294	106747084	0
6	106774794	106772117	0
6	106775001	106774776	0
6	106775005	106770125	0
6	106782468	106774460	0
6	106787426	106739700	0
6	106787432	106739700	0
6	106787436	106756104	0
6	106787475	106749633	0
6	106787480	106774854	0
6	106787535	106756104	0
6	106787542	106756104	0
6	10683233	10671417	0
6	10683233	10671419	0
6	10683233	10671421	0
6	10683233	10672546	0
6	10694534	10683186	0
6	10694534	10686965	0
6	10694534	10687479	0
6	10694607	10687479	0
6	10694610	10686965	0
6	10694798	10686965	0
6	106974040	106971379	0
6	106974733	106971093	2
6	106974755	106969830	0
6	106974755	106971468	0
6	106974755	106973386	0
6	106974756	106969832	0
6	106975328	106971002	0
6	106975460	106971359	0
6	107098754	107065181	0
6	107098754	107065186	0
6	107193855	107152556	0
6	107210571	107193821	0
6	107210571	107197840	0
6	107245620	107212108	0
6	107274228	107245547	0
6	107274228	107264185	0
6	10747570	10743323	0
6	10747664	10746952	2
6	107510769	107509802	0
6	107511722	107509802	0
6	10770231	10762722	0
6	10770231	10762739	0
6	10770231	10764200	0
6	107708012	107704103	0
6	107708012	107704650	0
6	107708012	107705199	0
6	107720994	107707865	0
6	107720994	107718953	0
6	10773109	10770110	1
6	107732104	107718444	0
6	107732396	107720702	0
6	107744055	107720708	0
6	107745144	107719729	0
6	107745144	107720670	0
6	107745144	107720702	0
6	107745144	107740064	0
6	107746890	107718954	0
6	107746890	107744948	0
6	107749814	107744948	0
6	10775460	10762739	0
6	10775460	10770110	0
6	107872913	107867755	3
6	107872913	107870764	3
6	107876663	107872807	0
6	107876663	107872884	0
6	107877401	107872807	0
6	107881251	107876563	3
6	107883113	107880959	1
6	107883147	107881148	0
6	107883468	107881148	0
6	107893656	107882987	4
6	107893898	107893481	1
6	107897732	107893579	0
6	107897732	107893837	0
6	107906581	107904628	0
6	107906778	107906447	0
6	107906778	107906464	0
6	107909036	107906682	0
6	107909160	107906682	0
6	107911397	107908926	0
6	107911397	107909007	0
6	107912775	107911167	0
6	107912775	107911345	0
6	107924933	107921796	0
6	107929515	107924817	0
6	107956107	107929414	0
6	107956107	107954583	0
6	107957341	107929414	0
6	107957932	107929414	0
6	107958043	107955964	0
6	107958112	107955964	0
6	107958190	107929414	0
6	107985691	107985088	0
6	10803892	10801891	1
6	108044239	108041471	56
6	108049419	108041408	0
6	108049419	108044378	0
6	108049419	108044732	0
6	108049419	108044830	0
6	108064300	108054489	0
6	108073799	108064184	0
6	108074738	108064184	0
6	108165705	108064184	0
6	108165705	108122335	0
6	108214623	108211221	0
6	108214623	108211512	1
6	108214623	108212004	0
6	108260965	108214497	0
6	108261245	108222949	0
6	108261247	108222949	0
6	108261261	108222949	0
6	10830878	10818885	0
6	10830880	10818885	0
6	10838556	10830547	0
6	108519811	108522296	0
6	10876017	10873222	0
6	108767270	108768390	0
6	108924104	108922975	0
6	108988688	108986436	4
6	108988688	108986441	4
6	108990836	108988362	0
6	108990836	108988542	0
6	108992900	108990644	0
6	108993017	108990644	0
6	108994610	108992786	0
6	108994610	108992818	0
6	108998756	108994461	0
6	108998876	108994461	0
6	109000674	108998512	0
6	109001473	108999938	0
6	109001489	109000490	0
6	109090660	109088101	0
6	109094820	109002277	0
6	109155924	109156057	3
6	109290504	109288570	0
6	109369018	109366513	325
6	109370468	109366513	12
6	109370468	109366517	12
6	109370468	109367278	21
6	109370468	109367820	12
6	109370468	109368683	7
6	109370468	109368921	11
6	109372870	109366513	10
6	109376113	109366517	2
6	109376113	109370410	4
6	109377972	109366517	1
6	109377972	109370410	6
6	109377972	109375886	3
6	109377972	109376073	3
6	109382813	109379578	3
6	109400171	109390214	0
6	109400171	109390215	0
6	109400171	109392469	0
6	109400171	109392727	0
6	109403109	109400034	0
6	109405049	109400034	0
6	109419244	109392836	0
6	109419244	109400034	0
6	109419244	109400112	0
6	109419244	109400159	0
6	109419244	109403030	0
6	109419244	109404928	0
6	109419244	109418087	0
6	109442300	109442542	6
6	109442626	109442751	5
6	109444799	109444061	0
6	109444799	109444064	0
6	109447441	109447072	5
6	109447723	109447356	5
6	109449784	109446135	5
6	109450254	109447072	2
6	109452402	109449969	3
6	109452402	109450299	3
6	109452402	109451599	12
6	109452402	109451728	18
6	109452532	109452245	7
6	109452616	109451599	3
6	109452616	109452245	7
6	109452616	109452345	4
6	109465969	109453938	1
6	109467735	109462593	2
6	109494096	109492855	0
6	109494096	109492858	0
6	109494096	109493273	0
6	109506801	109506326	0
6	109509381	109506653	0
6	109529074	109516429	0
6	109529074	109527627	0
6	109533334	109529010	0
6	109533471	109527628	0
6	109533471	109529010	0
6	109550303	109545866	0
6	109550538	109545866	0
6	109563713	109549683	0
6	109563713	109550089	0
6	109579627	109573441	0
6	109585238	109579344	0
6	109585238	109579549	0
6	109633104	109619091	0
6	109633324	109631692	0
6	109633324	109632922	1
6	109641617	109633183	0
6	109644689	109633243	0
6	109644689	109641517	0
6	109644689	109641537	0
6	109656885	109644504	0
6	109656885	109644613	0
6	109656885	109644669	0
6	10989838	10980758	0
6	110102217	110099818	4
6	110107195	110105406	0
6	110108682	110107076	0
6	110113461	110108527	0
6	110127630	110113325	0
6	110210804	110212132	0
6	110299151	110245927	0
6	110322873	110315341	0
6	110357978	110322737	0
6	110358273	110322773	0
6	110404951	110391770	0
6	110408443	110391770	0
6	110413467	110391770	0
6	110425383	110424686	0
6	110431271	110424686	0
6	110431271	110424755	0
6	110438848	110435851	0
6	110442776	110438719	0
6	11044315	11010745	0
6	110446991	110442243	0
6	110456804	110446872	0
6	110456822	110446872	0
6	110457018	110446872	0
6	110457018	110456537	0
6	110474998	110456899	0
6	110476397	110456537	0
6	110476399	110456537	0
6	110476441	110456899	0
6	110476642	110455428	0
6	110476642	110456537	0
6	110621371	110609977	0
6	110623363	110622814	0
6	110626846	110623289	0
6	110627146	110626775	0
6	110632162	110627001	0
6	110638707	110627001	0
6	110667575	110627001	0
6	110667575	110632029	0
6	110667575	110638648	0
6	110670542	110667433	0
6	110706883	110706361	0
6	110746202	110670430	0
6	110815097	110773875	0
6	110815126	110813158	2
6	110815205	110670430	0
6	110815210	110746125	0
6	110815317	110746125	0
6	110815638	110773875	0
6	110815959	110813158	0
6	110888984	110890253	4
6	110892444	110892734	5
6	11111733	11102488	0
6	111177564	111177565	21
6	111231547	111227746	0
6	111307571	111299027	3
6	111307571	111299030	3
6	111307571	111299051	3
6	111308246	111307360	1
6	111308246	111307730	2
6	111310100	111307360	3
6	111310100	111308013	2
6	111311260	111309852	2
6	111313490	111311068	0
6	111315382	111313351	1
6	111315423	111313351	0
6	111315638	111313351	1
6	111344044	111335468	0
6	111349337	111343924	0
6	111349337	111343949	0
6	11134988	11135304	78
6	111351734	111348952	0
6	111351792	111349217	0
6	111357126	111351675	0
6	111358902	111356667	0
6	111359015	111357013	0
6	111361608	111360640	0
6	111363979	111357013	0
6	111363979	111358821	0
6	111387914	111381324	0
6	111388086	111387745	0
6	111388086	111387764	0
6	111392973	111390085	0
6	111405631	111392875	0
6	111405633	111392694	0
6	111411555	111405469	0
6	111411557	111405426	0
6	111460407	111416282	0
6	111472141	111416282	0
6	111482932	111416282	0
6	111483212	111416282	0
6	111483230	111416282	0
6	111483666	111484117	0
6	111495714	111494990	3
6	111563040	111556453	1
6	111563040	111558939	3
6	111563040	111558941	3
6	111563040	111558960	3
6	111563040	111558985	1
6	111563040	111559018	1
6	111563040	111559236	5
6	111566501	111558944	1
6	111566558	111562964	0
6	111566561	111562964	0
6	111566561	111563024	0
6	111567277	111566443	0
6	111567280	111566443	0
6	111567361	111566443	0
6	111567693	111562964	0
6	111567693	111566443	0
6	111572984	111567252	0
6	111572984	111567623	0
6	111573987	111572894	1
6	111575822	111572716	2
6	111575822	111572894	1
6	111580390	111575642	0
6	111592095	111580196	0
6	111601215	111591257	0
6	111601307	111591257	0
6	111601319	111591257	0
6	111605871	111601195	0
6	111605872	111591257	0
6	111605963	111591257	0
6	111606247	111591257	0
6	111606279	111601195	0
6	111674631	111660331	0
6	111674631	111661281	2
6	111674631	111661285	2
6	111674631	111661556	0
6	111674631	111661759	0
6	111676545	111674498	0
6	111694529	111674464	0
6	111694529	111674498	0
6	111696457	111694627	0
6	111696525	111694627	0
6	111696816	111694627	0
6	111699671	111696276	0
6	111700269	111696276	2
6	111700269	111696281	2
6	111700269	111696299	2
6	111702987	111699934	2
6	111703035	111696276	0
6	111703035	111699514	2
6	111703035	111700103	0
6	111703035	111700186	0
6	111704103	111702415	0
6	111704103	111702877	0
6	111704103	111702884	0
6	111704103	111703022	0
6	111707954	111703998	0
6	111708021	111703998	0
6	111708021	111704019	0
6	111708021	111704086	0
6	111708021	111704087	0
6	111708228	111703998	0
6	111709065	111707921	0
6	111714444	111707921	0
6	111714444	111707929	0
6	111714444	111707945	0
6	111714444	111708010	0
6	111714444	111708016	0
6	111714493	111707921	0
6	111720063	111714346	0
6	111720063	111714370	0
6	111720063	111714381	0
6	111720063	111714429	0
6	111741094	111719804	0
6	111741098	111719804	0
6	111754678	111719855	0
6	111759115	111719804	0
6	111759132	111719804	0
6	111759918	111719804	0
6	111780636	111719656	0
6	111780636	111719804	0
6	111780636	111719857	0
6	111846630	111719804	0
6	11188308	11183297	0
6	11188308	11183300	0
6	11188308	11183305	0
6	11188308	11184817	3
6	111901852	111900488	0
6	11191206	11188217	0
6	11192447	11189963	0
6	11192568	11190857	0
6	11200422	11193590	0
6	112054162	112054334	2
6	112054171	112054334	2
6	112061043	112061044	0
6	112072077	112070776	4
6	112072077	112071264	4
6	112072077	112071328	4
6	112072899	112071901	2
6	112074851	112072757	3
6	112075152	112072781	2
6	112076113	112074709	1
6	112076172	112074709	1
6	112076510	112074709	4
6	112076510	112075936	7
6	112076510	112075998	12
6	112079755	112076321	4
6	112079755	112076434	3
6	112081204	112079632	0
6	112081208	112079399	0
6	112081208	112079632	0
6	112084247	112081091	0
6	112085695	112084188	0
6	112085702	112084188	0
6	112085744	112081091	0
6	112086609	112081091	0
6	112086609	112083915	0
6	112086609	112084188	0
6	112087307	112086555	0
6	112087467	112087232	0
6	112087480	112087232	0
6	112087499	112087232	0
6	112087510	112087232	0
6	112087514	112087232	0
6	112087530	112086813	0
6	112114196	112108759	0
6	112114196	112108859	0
6	112114196	112108873	0
6	112114196	112109292	0
6	112122202	112120282	0
6	112129076	112121774	0
6	112129076	112122013	0
6	112129076	112122060	0
6	112136255	112134466	0
6	11213728	11193590	0
6	11213728	11198307	0
6	11213728	11200270	0
6	112139277	112135824	0
6	112139292	112136122	0
6	112142293	112141357	0
6	112144934	112142118	0
6	112144934	112142143	0
6	112155707	112154850	0
6	112158881	112155564	1
6	112165165	112158731	0
6	112165277	112158731	0
6	112172805	112165159	0
6	112175481	112171629	0
6	112175481	112172610	0
6	112185348	112178120	0
6	112185348	112179734	0
6	112185348	112179765	0
6	112187602	112185236	0
6	112187602	112185318	0
6	112189206	112187449	0
6	112191765	112189109	0
6	112191802	112188891	0
6	112191812	112189130	0
6	112191851	112187449	0
6	112191851	112189109	0
6	112191851	112189130	0
6	112201689	112191635	0
6	112201689	112191718	0
6	112201689	112200132	0
6	112207146	112201607	0
6	112216450	112207020	0
6	112216470	112207020	0
6	112216470	112207122	0
6	112216470	112213542	0
6	112216755	112216367	0
6	112254292	112216367	0
6	112254292	112216401	0
6	112254292	112216420	0
6	112254486	112216367	0
6	112254539	112216367	0
6	112254539	112253955	18
6	112254573	112253955	12
6	112254579	112253783	13
6	112254589	112253360	8
6	112254601	112253955	8
6	112254648	112253789	13
6	112254711	112253955	5
6	112254716	112253955	5
6	112254723	112253955	5
6	112254940	112253955	4
6	11232659	11213280	0
6	11232683	11193590	0
6	11232683	11213280	0
6	112481637	112476537	0
6	11249215	11213721	0
6	11251727	11213632	0
6	11251727	11248932	0
6	11251727	11249138	0
6	11305160	11213280	0
6	11306156	11213280	0
6	11306156	11213643	0
6	11306156	11251263	0
6	11306156	11251563	0
6	11306156	11271445	0
6	11306156	11305065	0
6	11334562	11305991	0
6	11334562	11328524	0
6	113362671	113357002	0
6	113432642	113428550	0
6	113433422	113428539	0
6	113623055	113616926	0
6	113623647	113622880	0
6	113623823	113623170	0
6	113627676	113623534	0
6	113627676	113623739	0
6	113627676	113623778	0
6	11382273	11305991	0
6	11382300	11334500	0
6	11382304	11305991	0
6	11382307	11305991	0
6	11382309	11305852	0
6	11382311	11305991	0
6	11382315	11305991	0
6	11382319	11334500	0
6	11382333	11305991	0
6	11382339	11305991	0
6	11382349	11305991	0
6	11382349	11352156	0
6	113837369	113791828	0
6	113870735	113868012	0
6	113941766	113933027	4
6	113941766	113940717	5
6	113945471	113944279	0
6	113946149	113945361	2
6	113946149	113945379	2
6	113949261	113945361	2
6	113953419	113946007	2
6	113953419	113949167	1
6	113956152	113953276	2
6	113956152	113953399	1
6	113956603	113953276	0
6	113956694	113955926	0
6	113956694	113956012	0
6	113956694	113956109	0
6	113956694	113956118	0
6	113957287	113956012	0
6	113958767	113956618	1
6	113958767	113956628	1
6	113958767	113956669	1
6	113958767	113956673	1
6	113958767	113956689	0
6	113960019	113958426	0
6	113960019	113958648	0
6	113960019	113958661	0
6	113960019	113958683	0
6	113960040	113958648	0
6	113962395	113959905	0
6	113968531	113959905	0
6	113968697	113959905	0
6	113970496	113959905	0
6	113970725	113959905	0
6	113970879	113959905	0
6	113971137	113959905	0
6	113971138	113959609	0
6	113971138	113959905	0
6	113971286	113959905	0
6	114011309	113962366	0
6	114020484	114019620	0
6	114062878	114055585	0
6	114168451	114167476	0
6	114168463	114062738	0
6	114228779	114168350	0
6	114343046	114228584	0
6	114488682	114477349	0
6	114488753	114481424	0
6	114535876	114523450	0
6	115634192	115633541	0
6	115943186	115931148	0
6	116060759	116003876	0
6	116125508	116118922	0
6	116125508	116121466	0
6	116125901	116119025	0
6	116126121	116125338	0
6	116126134	116125338	0
6	116158748	116125338	0
6	116244729	116244186	14
6	116463693	116460738	0
6	116500667	116494988	0
6	116500667	116496482	0
6	116540463	116500480	0
6	116645935	116635617	2
6	116646259	116635617	1
6	116652193	116651571	0
6	116656853	116652003	0
6	116658925	116652003	0
6	116732369	116741505	2
6	116762086	116752196	0
6	116795836	116792084	0
6	116795836	116792111	0
6	11714513	11712053	0
6	11717415	11713674	0
6	11723501	11713523	0
6	11723501	11713953	0
6	11723501	11714320	0
6	11723501	11714333	0
6	11723501	11714377	0
6	11723501	11717129	0
6	11723501	11717308	0
6	117301138	117288299	0
6	117308929	117300973	0
6	117318253	117317142	0
6	117320031	117318187	0
6	117320031	117318210	0
6	117329447	117326223	0
6	117329447	117328419	0
6	11735657	11723348	0
6	11735684	11723348	0
6	11736715	11735567	0
6	117453526	117451129	0
6	117538836	117539254	0
6	117539380	117540667	0
6	117567035	117321216	0
6	117567035	117560268	3
6	117567035	117560271	3
6	117569737	117566853	0
6	117570956	117566853	0
6	117570956	117569571	1
6	11766333	11735567	0
6	11766376	11735567	0
6	11766376	11735569	0
6	11766376	11738532	0
6	118469304	118460771	0
6	118469304	118460780	0
6	118481934	118480395	0
6	118483859	118481778	0
6	118483859	118481802	0
6	118491866	118483705	0
6	118511416	118491430	0
6	118511416	118491631	0
6	118511416	118491685	0
6	118566317	118523801	0
6	118574069	118565558	0
6	118632612	118565034	0
6	118632612	118565528	0
6	118632612	118566054	0
6	118632612	118566091	0
6	118664522	118652699	0
6	118664522	118656762	0
6	118710076	118652699	0
6	118826293	118813441	0
6	118826293	118813448	0
6	118826293	118816180	0
6	118828131	118826781	1
6	118829251	118827926	0
6	118829251	118828013	0
6	118829254	118826781	0
6	118856546	118829047	0
6	118894273	118829027	0
6	118911770	118856370	0
6	118913421	118910596	0
6	118913421	118911649	0
6	118917762	118913294	0
6	118922087	118910596	0
6	118924053	118917560	0
6	118924128	118922004	0
6	118931739	118923810	0
6	118931739	118923962	0
6	118932741	118931419	0
6	118932741	118931489	0
6	118935115	118931419	0
6	118935163	118931419	0
6	118960864	118959829	1
6	118960864	118959832	1
6	118960864	118959921	3
6	118961964	118959762	0
6	118961964	118959828	0
6	118961964	118959829	0
6	118961964	118959832	0
6	118961964	118960102	0
6	118961997	118959829	0
6	118963921	118959829	0
6	118964772	118959829	0
6	118964772	118959832	0
6	119006609	119003500	0
6	119006609	119005286	0
6	119011432	119006446	0
6	119011432	119009548	0
6	119016945	119011176	0
6	119016945	119011308	0
6	119016945	119011330	0
6	119078373	119023958	0
6	119078648	119023958	0
6	119078744	119023958	0
6	119079180	119023958	0
6	119149142	119023958	0
6	119149188	119023958	0
6	119149388	119023958	0
6	119180428	119177208	11
6	119188578	119180311	0
6	119290764	119248259	0
6	119349288	119306895	0
6	11992013	11990342	0
6	121091042	121079493	0
6	121091042	121080236	0
6	121091042	121080770	0
6	121091042	121080858	0
6	121106164	121090852	1
6	121106164	121095909	1
6	121106171	121090852	1
6	121112660	121106022	0
6	121113178	121112385	0
6	121113178	121112504	0
6	121126462	121113061	0
6	121126462	121115171	0
6	121129925	121126377	0
6	121131753	121126377	0
6	121131753	121126454	0
6	121308102	121304754	0
6	121310848	121307975	0
6	121310848	121308024	0
6	121478884	121478272	0
6	122447005	122443353	0
6	122456651	122454150	0
6	122477940	122481898	0
6	122481957	122482146	0
6	122717662	122717786	0
6	122994487	122975197	0
6	123221523	123216338	0
6	123464984	123438943	0
6	123497253	123464905	0
6	123503902	123464249	0
6	123503902	123497192	0
6	123503902	123498188	0
6	123512363	123503650	0
6	123512363	123503718	0
6	123530566	123516140	0
6	123530566	123528680	0
6	123530566	123528713	0
6	123571133	123548453	0
6	124920249	124909092	0
6	125221984	125219961	0
6	125234414	125221844	0
6	125234414	125221927	0
6	125252037	125253716	0
6	125265353	125234345	0
6	125276218	125265181	0
6	125277241	125234345	1
6	125277241	125275349	16
6	125277241	125275881	14
6	125277241	125275885	14
6	125292910	125276954	0
6	125292910	125277101	0
6	125293232	125277078	0
6	125298817	125277101	3
6	125298817	125292840	8
6	125298817	125297486	5
6	125300660	125277101	4
6	125300660	125292840	6
6	125300660	125298649	0
6	125300660	125298713	0
6	125301938	125300537	0
6	125301959	125300537	0
6	125301975	125300537	0
6	125301976	125300537	0
6	125302073	125300276	3
6	125302079	125300537	0
6	125373411	125370033	0
6	125373411	125370045	0
6	125373435	125370045	0
6	125374322	125370045	0
6	125431203	125425626	0
6	125438237	125374138	0
6	125445154	125408493	0
6	125445182	125374138	0
6	125645701	125578557	0
6	125645701	125578566	0
6	125720508	125645633	0
6	125720508	125657428	0
6	125745029	125720423	0
6	125745066	125720423	0
6	125749187	125720342	0
6	125749187	125720423	0
6	125749191	125718235	0
6	125802445	125797855	0
6	12585405	12582914	0
6	127280341	127280515	2
6	127294745	127290045	3
6	127314897	127288709	0
6	127314897	127288711	0
6	127314897	127288719	0
6	127314897	127288761	0
6	127314897	127289266	1
6	127314897	127289631	0
6	127314897	127289633	0
6	127314897	127289868	0
6	127314897	127289876	0
6	127314897	127289928	0
6	127314897	127289987	0
6	127314897	127290049	0
6	127314897	127290109	0
6	127314897	127313065	0
6	127315139	127314815	0
6	127315861	127289779	1
6	127315975	127314815	0
6	127316082	127314815	0
6	127316460	127314815	0
6	127316503	127314815	0
6	127316503	127314854	0
6	127316503	127314858	0
6	127316503	127314865	0
6	127316503	127315933	0
6	127326575	127316449	0
6	127327013	127315933	0
6	127327138	127316449	0
6	127327145	127314815	0
6	127327145	127315134	0
6	127327145	127316255	0
6	127327145	127316449	0
6	127327145	127316458	0
6	127327145	127326495	0
6	127329883	127327001	0
6	127330901	127327001	0
6	127330950	127327001	0
6	127331031	127314815	0
6	127331031	127326880	0
6	127331031	127326997	0
6	127331031	127327001	0
6	127343550	127327001	0
6	127343563	127327001	0
6	127447086	127441047	0
6	127447741	127438405	0
6	127447741	127440342	0
6	127447741	127443246	0
6	127447741	127444038	0
6	127449902	127446407	0
6	127449902	127447597	0
6	127450353	127449821	0
6	127451217	127449821	0
6	127451318	127449989	0
6	127454088	127450186	0
6	127454102	127449989	0
6	127454102	127451281	0
6	127454243	127450045	0
6	127459366	127453846	0
6	127459392	127453846	0
6	127473218	127453869	0
6	127473392	127453846	0
6	127475474	127473079	0
6	127475695	127473079	0
6	127476065	127473079	0
6	127476469	127472793	0
6	127476469	127472805	0
6	127476469	127473079	0
6	127516703	127514822	0
6	127517767	127516583	0
6	127518892	127515513	0
6	127519002	127515513	0
6	127519192	127515513	0
6	127634184	127632957	0
6	127660580	127659689	0
6	127719824	127708071	0
6	127719824	127708193	0
6	127719824	127708810	0
6	127719824	127709382	0
6	127813932	127719687	0
6	127813932	127807215	0
6	127829935	127812882	0
6	127855189	127813576	0
6	127918541	127900841	0
6	127918598	127855029	0
6	127918632	127855029	0
6	127973158	127968778	0
6	127973158	127968976	0
6	127973158	127969836	2
6	127973158	127969895	2
6	127973158	127970112	0
6	127985876	127983241	0
6	127990886	127985720	0
6	127990886	127985820	0
6	127991392	127990768	0
6	127991392	127990859	0
6	128001208	127998719	0
6	128001208	127999986	0
6	128003233	127998719	0
6	128005245	127998719	0
6	128005245	128003196	2
6	128006056	128005083	0
6	128009173	128004976	0
6	128009266	128005083	0
6	128009269	128005083	0
6	128064764	128009129	0
6	128064795	128005083	0
6	128064795	128009129	0
6	128064795	128062065	0
6	128064795	128063435	0
6	128078919	128067518	0
6	128089993	128083714	0
6	128184726	128089689	0
6	128219097	128184431	0
6	128219097	128184572	0
6	128230866	128218921	0
6	128240151	128218921	0
6	128240151	128219069	0
6	128240151	128235379	0
6	128322174	128242520	0
6	128322182	128218921	0
6	128322311	128242520	0
6	128397618	128242520	0
6	128397689	128321040	0
6	128397689	128321402	0
6	128397689	128322038	0
6	128397689	128322250	0
6	128520359	128397565	0
6	128520477	128397565	0
6	128520516	128397565	0
6	128520566	128491731	0
6	128520571	128518927	0
6	128520584	128397565	0
6	128520588	128397565	0
6	128520600	128397565	0
6	128520600	128409293	0
6	128520617	128397565	0
6	128520675	128397565	0
6	129481411	129479614	0
6	129528739	129526625	0
6	129539376	129532915	0
6	129540543	129539175	0
6	129540543	129539347	0
6	129580132	129576131	0
6	129580132	129578418	1
6	129833586	129831243	0
6	129833586	129831321	0
6	130138197	130133511	0
6	130138467	130133516	0
6	130142814	130133565	0
6	130143204	130133409	0
6	130144371	130143009	0
6	130144805	130142683	0
6	130144805	130143749	0
6	130145423	130144314	0
6	130145423	130144317	0
6	130145423	130144380	0
6	130145423	130144433	0
6	130146182	130144683	0
6	130176009	130154824	0
6	130176009	130159531	0
6	130176187	130175903	0
6	130184188	130175757	0
6	130184188	130175834	0
6	130184188	130175840	0
6	130184188	130176094	0
6	130184188	130182987	0
6	130184188	130183225	0
6	130184621	130184102	0
6	130184621	130184122	0
6	130184624	130184102	0
6	130184633	130184102	0
6	130209534	130184437	0
6	130209603	130184437	0
6	130209609	130184102	0
6	130209609	130184437	0
6	130209609	130184486	0
6	130209609	130184500	0
6	130214527	130184437	0
6	130221776	130216570	0
6	130222814	130216570	0
6	130222814	130221525	0
6	130222814	130221636	0
6	130222955	130216570	0
6	130858244	130839346	0
6	130858244	130839349	0
6	130858244	130839351	0
6	130858244	130839352	1
6	130858244	130840134	0
6	130858244	130840181	0
6	130858244	130840375	0
6	130858329	130840372	0
6	130863719	130858130	0
6	130863719	130858135	0
6	130863719	130858224	3
6	130870127	130863637	2
6	130870127	130865535	3
6	130870127	130867458	7
6	130870127	130869851	143
6	130870382	130867458	10
6	130870382	130869658	30
6	130870382	130869851	18
6	130870382	130870038	15
6	130878251	130867458	3
6	130878251	130869562	2
6	130878626	130870076	3
6	130880207	130865535	1
6	130881883	130880453	2
6	130882064	130880453	2
6	130883095	130880453	1
6	130885269	130863637	0
6	130885269	130865535	3
6	130885269	130867458	1
6	130885269	130869562	2
6	130885269	130869811	2
6	130885269	130880143	1
6	130885269	130881581	1
6	130899579	130894966	0
6	130901181	130899490	0
6	130901181	130899493	0
6	130901181	130899552	0
6	130901181	130899574	0
6	130955318	130926604	0
6	130956462	130955104	5
6	130956486	130955104	5
6	130956500	130955104	0
6	130956500	130955272	27
6	130970419	130926604	0
6	130970484	130955993	0
6	130978797	130956103	0
6	131000768	130955993	0
6	131013596	130955993	0
6	131014192	130955997	0
6	131015334	130956024	0
6	131062577	130956131	0
6	131063226	130955993	0
6	131063234	130955993	0
6	131063244	130926604	0
6	131063246	130926604	0
6	131063252	130955993	0
6	131063259	130955993	0
6	131063304	130955993	0
6	131063319	130955993	0
6	131063323	130955993	0
6	131587847	131573965	0
6	131587847	131586748	27
6	131589597	131586732	0
6	131589597	131586737	0
6	131589597	131587244	0
6	131589597	131587708	0
6	131590443	131589460	0
6	131590443	131589464	0
6	131591528	131590321	0
6	131591985	131590409	1
6	131598468	131596517	0
6	131598762	131598250	2
6	131598762	131598286	2
6	131602382	131600037	0
6	131603205	131602217	0
6	131603205	131602298	0
6	131627484	131624864	0
6	131627673	131626960	0
6	131627673	131627395	0
6	131864572	131864865	0
6	131864572	131864891	0
6	131950161	131948175	27
6	132297956	132296054	0
6	132297956	132296068	0
6	132315778	132297786	0
6	132320689	132315634	0
6	132320689	132315696	0
6	132401476	132390421	0
6	132401546	132374630	0
6	1324023	1321697	0
6	132464076	132445866	0
6	132464076	132461713	0
6	132470048	132468402	0
6	132470627	132469950	0
6	132470627	132469993	0
6	132475663	132472281	0
6	132503515	132475592	0
6	132503589	132475279	0
6	132503589	132475592	0
6	132624276	132617149	0
6	13267836	13264860	0
6	132684506	132681589	0
6	132711840	132693989	0
6	132723908	132722786	0
6	132723908	132722788	0
6	132723908	132722925	0
6	132724980	132722925	0
6	132724980	132723733	0
6	132726839	132724605	0
6	132726839	132724920	0
6	132727013	132724605	0
6	132728934	132724605	0
6	132728934	132726721	0
6	132728980	132724605	0
6	132728980	132726721	0
6	132728980	132726993	0
6	132730661	132728911	0
6	132731528	132728740	0
6	132734334	132731374	0
6	132734384	132724605	0
6	132734384	132726721	0
6	132734384	132728740	0
6	132734384	132731374	0
6	132734387	132726721	0
6	132734693	132724605	0
6	132734693	132734252	0
6	132734766	132726721	0
6	132734766	132733633	0
6	132734766	132734252	0
6	13274060	13267495	0
6	132749866	132743869	0
6	132749866	132743894	0
6	132749866	132744025	0
6	132749866	132744195	0
6	132749866	132744299	0
6	132751279	132749694	0
6	132751515	132749694	0
6	132751519	132749694	0
6	132751519	132749748	0
6	132752750	132749694	0
6	132752750	132751144	0
6	132752750	132752460	0
6	132753492	132751144	0
6	132753492	132752713	0
6	132753950	132752723	0
6	132753950	132753452	0
6	132756036	132749694	0
6	132756036	132751144	0
6	132756036	132752460	0
6	132756036	132752672	0
6	132756036	132753417	0
6	132756036	132753827	0
6	132756036	132753875	0
6	132757547	132749694	0
6	132757547	132755842	0
6	132757547	132755881	0
6	132757547	132755913	0
6	132757760	132757415	0
6	132757874	132757415	0
6	132757884	132757415	0
6	132757903	132757415	0
6	132757903	132757456	0
6	132757905	132757415	0
6	132757971	132757415	0
6	132758009	132757415	0
6	132760804	132757415	0
6	132770940	132769369	4
6	132770940	132769382	4
6	132770960	132769384	5
6	132774314	132772992	2
6	132776430	132774221	0
6	132776430	132774241	0
6	132787582	132783932	0
6	132789530	132787476	0
6	132789838	132787433	0
6	132790273	132776327	2
6	13281554	13273390	0
6	13281554	13274848	0
6	13281554	13279294	1
6	13281554	13280959	0
6	13283442	13281428	0
6	13294899	13281428	0
6	13305188	13266541	0
6	13306528	13304950	0
6	13306528	13304953	0
6	13306528	13305061	0
6	13307746	13305617	0
6	13307746	13306397	0
6	13307746	13306444	0
6	13307746	13306490	0
6	13316709	13294795	0
6	13316709	13306644	0
6	13316709	13307595	0
6	13316709	13307599	0
6	13316709	13307713	0
6	13318194	13316570	0
6	13320982	13318097	0
6	13321096	13307599	0
6	13321096	13316570	0
6	13321096	13316620	0
6	13321096	13316681	0
6	13321096	13316697	0
6	13325175	13320831	0
6	13325175	13320907	0
6	13325175	13323710	0
6	13326907	13318717	0
6	13326907	13320907	0
6	13326907	13325093	0
6	13326913	13325093	0
6	13326964	13320907	0
6	13326964	13325093	0
6	13327819	13326786	0
6	13328131	13320907	0
6	13328131	13325093	0
6	13328131	13326786	0
6	13328333	13326837	0
6	13328459	13326786	0
6	13328532	13320907	0
6	13328532	13325093	0
6	13328532	13326786	1
6	13328545	13326786	0
6	13328556	13326786	0
6	13328584	13326786	0
6	133439465	133435076	0
6	133453663	133452856	0
6	133506271	133502251	0
6	133511729	133507243	0
6	133537359	133507243	1
6	133538193	133537173	0
6	133568249	133535779	0
6	133568249	133537212	0
6	133568249	133537310	0
6	133568249	133538071	0
6	133760261	133568189	0
6	133760261	133568193	0
6	133767609	133568189	0
6	133768924	133568189	0
6	133768924	133760184	0
6	133888744	133884721	0
6	133888983	133845876	0
6	133889213	133884721	0
6	133889431	133884721	0
6	133891811	133893154	0
6	133891937	133768830	0
6	133892803	133884721	0
6	133892803	133888603	0
6	133892803	133889125	0
6	134002130	133988696	0
6	134029722	134006811	0
6	13408138	13357829	0
6	134170916	134169245	12
6	134170916	134169249	12
6	134170916	134169251	12
6	134170916	134169352	55
6	134170916	134169880	18
6	134170916	134170105	12
6	134171179	134169283	10
6	134171179	134170825	18
6	134171733	134170799	10
6	134171733	134170825	8
6	134171733	134171022	8
6	134172135	134171104	10
6	134172298	134171636	10
6	134172317	134171364	6
6	134172317	134171636	9
6	134172317	134171650	9
6	134172740	134172192	5
6	134172775	134172192	6
6	134172908	134172192	4
6	134173155	134172661	7
6	134173155	134172723	9
6	134173155	134172725	9
6	134173346	134172599	11
6	134173358	134172661	6
6	134173358	134173022	10
6	134173358	134173063	10
6	134173358	134173080	10
6	134173567	134172661	8
6	134173567	134172776	5
6	134173567	134173022	5
6	134173567	134173116	5
6	134173567	134173171	6
6	134173567	134173273	5
6	134174081	134173273	5
6	134174081	134173461	4
6	134174081	134173554	4
6	134174192	134173461	5
6	134174248	134173461	5
6	134174380	134174004	5
6	134174587	134173699	0
6	134174587	134173800	0
6	134174587	134174004	4
6	134174843	134174510	0
6	134174862	134173908	1
6	134174862	134174510	0
6	134174865	134174510	0
6	134174866	134174004	1
6	134174867	134169247	0
6	134174867	134174510	0
6	134174869	134174510	0
6	134174897	134174510	0
6	134175992	134174510	0
6	134177848	134174510	0
6	134177861	134174510	0
6	134177906	134174510	0
6	134207432	134174510	0
6	134207432	134180254	0
6	134218773	134214944	0
6	134230468	134207355	0
6	134249541	134207355	0
6	134262018	134207355	0
6	134262060	134214953	0
6	134262149	134207355	0
6	134298696	134296996	0
6	134317543	134262037	0
6	134317630	134259792	0
6	134317912	134261932	0
6	134318059	134261932	0
6	134393901	134393141	0
6	134448002	134428239	0
6	134448002	134447429	0
6	134520586	134475115	0
6	134523535	134520162	0
6	134525544	134524105	0
6	134528943	134525516	0
6	134531007	134525317	1
6	134531065	134524354	0
6	134531065	134525313	0
6	134531065	134525324	0
6	134609438	134606298	0
6	134659837	134530837	0
6	134672591	134540574	0
6	134707350	134706059	0
6	13472045	13469267	0
6	13486184	13363354	0
6	13486184	13469274	0
6	13487556	13357829	0
6	13487663	13469267	0
6	134929162	134918529	0
6	134929216	134917389	0
6	134929216	134918172	0
6	134933033	134917395	0
6	134933033	134918159	0
6	134942565	134932775	0
6	134942565	134939265	0
6	134942565	134940180	0
6	134943967	134942408	0
6	134944236	134942492	0
6	134966474	134960377	0
6	134966474	134964628	1
6	134966474	134964630	1
6	134966474	134964632	1
6	134966474	134964841	2
6	134966474	134965148	2
6	134982563	134979177	0
6	134983574	134979177	0
6	134985410	134982292	2
6	134985410	134982457	0
6	134987746	134986735	0
6	134987792	134986735	0
6	134993876	134987644	0
6	134993876	134987653	0
6	134996943	134993757	0
6	134997422	134996776	0
6	134997657	134996776	0
6	134997657	134996821	0
6	135002843	134997396	0
6	135026864	135002733	0
6	135027157	135002733	0
6	135027197	135002733	0
6	135038027	135002620	0
6	135039768	135002733	0
6	135039768	135002781	0
6	135039768	135002814	0
6	135039768	135035856	0
6	135039768	135036695	0
6	135039768	135037810	0
6	135039768	135037848	0
6	135042127	134997396	0
6	135042127	135002733	0
6	135050622	135002733	0
6	135050648	135002733	0
6	135103057	135050581	0
6	135195996	135195082	0
6	135196909	135196960	0
6	135203325	135203715	0
6	135286549	135284895	4
6	135290526	135283531	0
6	135290526	135283985	0
6	135290526	135285184	0
6	135290526	135285294	0
6	135290526	135285295	0
6	135300559	135285291	0
6	135300654	135285380	1
6	135302818	135301407	8
6	135318617	135300499	0
6	135318617	135302372	4
6	135318617	135302711	2
6	135323325	135318518	0
6	135323380	135318518	0
6	135358188	135318433	0
6	135394897	135358131	0
6	135394897	135387783	0
6	135404978	135394656	0
6	135404978	135394775	0
6	135463307	135457493	0
6	135466374	135463124	0
6	135466374	135463136	0
6	135490748	135465813	0
6	135490748	135467580	0
6	135490748	135489916	0
6	135492292	135490459	0
6	135492292	135490622	0
6	135492379	135490457	0
6	135495641	135492227	1
6	135495710	135492251	3
6	135495899	135492227	0
6	135497250	135492227	0
6	135497738	135492227	1
6	135497746	135492227	0
6	135630269	135629404	0
6	135630434	135628788	0
6	135808467	135807147	0
6	135993138	135991935	0
6	136047485	136044463	0
6	136047485	136046262	0
6	136064639	136047308	0
6	136070297	136012630	0
6	136070332	136034030	0
6	136070332	136043851	0
6	136070332	136047308	0
6	136070332	136049016	0
6	136094829	136094027	0
6	136095826	136094714	0
6	136096020	136095715	0
6	136096289	136095993	0
6	136098044	136096176	0
6	136098073	136096176	0
6	136111102	136096119	0
6	136111102	136096152	0
6	136111102	136096176	0
6	136111102	136097997	0
6	136112615	136111053	0
6	136114950	136111040	0
6	136117173	136110995	0
6	136162145	136095959	0
6	136162145	136117069	0
6	136162349	136110995	0
6	136162349	136117069	0
6	13617802	13618057	2
6	136191876	136162251	0
6	136192170	136165511	0
6	136192175	136162251	0
6	136208440	136162251	0
6	136225596	136162251	0
6	136225752	136166319	0
6	136233500	136231023	0
6	136233500	136231029	0
6	136239547	136233143	0
6	136239821	136233324	2
6	136241677	136239465	0
6	136241677	136239469	0
6	136247561	136244764	0
6	136249154	136244764	0
6	136249154	136247460	0
6	136249154	136247461	0
6	136250293	136249036	0
6	136250295	136244764	0
6	136250300	136249036	0
6	136250312	136249036	0
6	136250325	136249036	0
6	136250336	136248690	0
6	13625765	13621497	0
6	13625765	13622332	0
6	136261116	136258293	176
6	136261478	136256626	44
6	136261478	136256862	180
6	136261478	136258585	183
6	136261478	136258592	181
6	136261478	136259350	230
6	136261478	136259690	170
6	136261478	136259695	170
6	136261478	136260745	80
6	136261478	136260894	4
6	136261478	136260901	4
6	136261478	136260927	4
6	136261478	136261003	32
6	136261478	136261029	47
6	136261478	136261109	18
6	136267176	136261264	2
6	136267176	136261300	2
6	136268323	136261264	2
6	136268340	136261264	2
6	136268672	136261264	4
6	136269304	136268161	7
6	136269521	136268161	6
6	136269613	136268161	1
6	136269613	136269140	0
6	136269613	136269263	2
6	136269741	136269088	3
6	136269960	136269140	3
6	136270384	136269261	3
6	136270384	136269436	3
6	136272077	136269475	3
6	136272080	136269230	3
6	136272080	136269436	1
6	136272080	136270322	4
6	136273145	136271994	0
6	136273167	136271994	0
6	136273188	136271994	0
6	136273551	136271918	1
6	136275702	136273081	1
6	136275702	136273962	2
6	136275990	136275531	2
6	136275990	136275554	54
6	136276509	136275531	175
6	136278771	136275531	2
6	136278777	136275531	0
6	136279867	136277864	0
6	136279877	136275842	0
6	136279877	136277864	0
6	136282688	136279482	0
6	136282688	136279762	0
6	13632522	13625652	0
6	13632756	13625652	0
6	13634553	13632369	1
6	136346080	136342280	0
6	136346080	136342736	0
6	136346080	136343542	1
6	136346080	136343781	1
6	136346080	136343818	1
6	136346080	136343839	1
6	136366019	136362449	0
6	136421800	136411619	0
6	136525972	136421700	0
6	136525984	136421700	0
6	136526214	136421700	0
6	136526607	136421700	0
6	136526661	136388392	0
6	136550820	136421700	0
6	136558877	136557046	0
6	136580407	136567630	0
6	136583741	136580300	0
6	136583741	136580333	0
6	136637407	136622847	0
6	136651092	136642519	0
6	136990361	136982164	0
6	136993235	136982164	0
6	137004761	136999970	0
6	137008744	137004620	0
6	137009427	137008655	0
6	137009493	137008598	0
6	137011453	137008887	0
6	137011453	137009316	0
6	137017104	137009316	0
6	137042959	137037974	0
6	137044249	137037926	0
6	137044279	137016967	0
6	137044313	137016967	0
6	137044965	137016967	0
6	137045181	137016967	0
6	137147892	137143819	0
6	137147892	137143830	0
6	137155120	137143830	0
6	137201009	137197483	0
6	137201009	137197484	0
6	137201009	137197496	2
6	137203686	137200880	1
6	137204505	137203498	0
6	137206207	137204331	0
6	137206309	137204331	0
6	137206309	137204362	0
6	137207078	137204331	0
6	137207078	137206135	0
6	137209973	137206962	0
6	137209985	137206962	0
6	137215378	137206962	0
6	137219029	137206962	0
6	137219123	137206962	0
6	137219245	137206962	0
6	137219450	137206641	0
6	137219450	137206962	0
6	137731246	137730169	0
6	137738984	137730169	0
6	137784857	137730169	0
6	137825895	137823672	0
6	137858049	137854861	1
6	137861012	137857285	0
6	137861012	137857592	0
6	137861492	137857699	0
6	137865321	137823674	1
6	137875721	137875721	0
6	137878814	137878815	8
6	137878958	137878959	6
6	137879324	137879325	2
6	137881161	137881162	18
6	13788705	13787133	51
6	13791993	13786556	1
6	13791993	13788645	15
6	13791993	13790787	0
6	137945803	137943078	0
6	138096495	138088504	3
6	138429844	138422042	9
6	138429844	138422570	11
6	138433681	138429710	25
6	138442115	138430392	0
6	138447194	138430392	0
6	138447194	138433507	0
6	138447194	138441982	2
6	138473434	138446789	0
6	138473434	138447000	0
6	138473434	138447064	0
6	138473434	138447123	0
6	138473434	138470540	0
6	138572463	138571529	0
6	138572541	138496218	0
6	138692572	138496218	0
6	138692572	138571698	0
6	138696756	138696902	38
6	138696756	138696994	39
6	138750270	138725210	0
6	138750270	138727466	0
6	138756094	138750127	0
6	138764379	138750127	0
6	138907601	138903492	0
6	138907601	138904016	1
6	138907601	138904859	2
6	138907601	138904860	2
6	138907601	138904866	2
6	138907601	138904869	2
6	138907601	138904891	2
6	138908738	138907371	0
6	138908817	138904865	0
6	138908817	138907494	0
6	138908913	138907534	0
6	138911372	138908667	0
6	138911372	138908794	0
6	138912838	138910922	0
6	138912872	138911275	0
6	138912951	138908667	0
6	138912951	138911245	0
6	138912951	138911275	0
6	138914762	138911275	0
6	138914762	138912674	0
6	138914762	138912764	0
6	138914762	138912865	0
6	138914885	138912764	0
6	138915188	138912764	1
6	138920317	138914696	0
6	138920317	138915857	1
6	138920317	138917554	0
6	138921125	138920214	0
6	138921125	138920301	0
6	138926479	138921036	0
6	138926482	138921036	0
6	138930099	138921036	0
6	138930099	138921063	0
6	138934327	138929976	0
6	138941490	138921036	0
6	138941490	138926400	0
6	138941490	138929976	0
6	138941490	138934224	0
6	138941490	138934288	0
6	138947914	138945500	0
6	138951161	138947881	0
6	138987641	138947789	0
6	138987721	138947789	0
6	138987776	138947789	0
6	138987882	138947789	0
6	138988002	138947789	0
6	138988212	138947789	0
6	138988258	138947789	0
6	138988262	138947789	0
6	139151276	139144390	0
6	139155753	139153009	0
6	139170565	139144203	0
6	139170565	139144476	0
6	139170565	139151080	0
6	139170565	139155599	0
6	139170565	139159156	0
6	139170565	139159163	0
6	139170565	139159164	0
6	139170565	139166026	0
6	139170565	139166890	0
6	139170565	139169579	0
6	139201784	139170399	0
6	139201784	139197711	0
6	139201784	139199881	0
6	139237506	139170399	0
6	139239170	139170374	0
6	139239303	139203574	0
6	139239306	139170056	0
6	139239306	139170399	0
6	139239306	139174468	0
6	139239306	139182988	0
6	139239306	139201674	0
6	139239306	139203574	0
6	139239306	139234195	0
6	139239306	139237379	0
6	139239332	139170399	0
6	139239654	139237376	0
6	139244691	139239085	0
6	139244691	139239098	0
6	139244691	139240060	0
6	139247910	139239082	0
6	139255639	139247816	0
6	139255639	139251451	0
6	139260327	139255563	0
6	139260438	139255379	0
6	139260438	139255563	0
6	139286903	139287009	0
6	139288914	139276829	0
6	139373953	139373073	158
6	139374214	139372254	148
6	139374363	139372254	13
6	139374606	139373468	27
6	139374621	139371806	47
6	139472596	139468994	0
6	139877392	139856103	0
6	140380	131909	0
6	140620996	140575787	0
6	140816231	140651477	0
6	140852925	140845957	2
6	140898382	140816131	0
6	142074285	142058329	0
6	142075923	142074196	0
6	142078904	142075607	0
6	14211187	14152195	0
6	142259633	142251846	0
6	14231571	14229774	0
6	142405392	142405687	5
6	142544994	142526454	0
6	142544994	142528326	0
6	142760668	142751466	0
6	142760668	142751468	0
6	142760668	142751477	0
6	142783616	142776146	0
6	142783616	142779542	0
6	142837048	142776146	0
6	142837048	142783520	0
6	14284181	14283047	0
6	14285146	14280126	0
6	142946366	142836934	0
6	142956699	142946046	0
6	142986131	142967032	0
6	143021954	142966420	0
6	143042325	143039424	0
6	143099646	143094033	0
6	143428685	143422831	2
6	143428685	143426988	14
6	143438695	143433830	0
6	143450674	143438589	0
6	143450674	143444556	0
6	143497498	143494810	4
6	143502123	143496951	3
6	143502123	143497388	0
6	143502566	143501931	4
6	143503515	143503930	2
6	143504253	143502354	1
6	143505458	143505969	1
6	143507425	143501944	0
6	143507425	143503912	0
6	143511691	143507236	0
6	143557742	143554324	0
6	14391872	14391230	0
6	143942664	143940301	6
6	143948461	143940299	0
6	143948461	143940301	0
6	143948461	143940334	0
6	143948461	143940745	0
6	143948461	143940797	0
6	143948461	143941283	0
6	143948461	143942296	0
6	143948461	143942623	0
6	143960543	143940301	0
6	143960543	143940911	0
6	143960543	143941423	0
6	143960543	143942419	0
6	143960543	143942435	0
6	143960543	143947984	0
6	143960543	143948343	0
6	143960557	143940337	0
6	143960557	143942439	0
6	143960557	143947984	0
6	143960557	143948246	0
6	143960557	143948259	0
6	143960581	143947984	0
6	143961413	143947984	0
6	143964819	143942352	0
6	143964819	143942623	0
6	143964819	143947984	0
6	143966199	143947984	0
6	143966199	143960468	2
6	143966199	143960472	2
6	143966199	143964786	4
6	143966199	143965107	6
6	143966213	143964786	4
6	143966213	143965179	3
6	143966231	143960468	1
6	143966231	143964786	4
6	143966286	143964786	1
6	143966286	143965179	3
6	143968839	143942506	1
6	143968951	143964786	0
6	143968979	143940301	0
6	143968979	143942623	0
6	143968979	143947984	0
6	143968979	143960468	1
6	143968979	143964786	0
6	143968979	143965179	0
6	143968979	143965786	1
6	143968979	143965849	0
6	143968979	143965955	1
6	143968979	143966157	1
6	143985175	143968906	0
6	143985197	143968608	0
6	144007348	143968906	0
6	144008119	143968906	0
6	144008233	143968906	0
6	144008257	143968906	0
6	144008260	143968906	0
6	144008262	143968906	0
6	144008385	143968906	0
6	144008407	143985134	0
6	144008417	143968906	0
6	144008431	143968906	0
6	144008795	143985134	0
6	144008824	143968906	0
6	144064512	143968906	0
6	144064541	143985134	0
6	144064576	143968906	0
6	144064599	143968906	0
6	144064599	143985134	0
6	144064600	143968906	0
6	144064600	143985134	0
6	144333302	144311698	0
6	144886	140210	0
6	145492093	145489629	0
6	145502576	145382534	0
6	145502576	145501582	0
6	145627694	145625311	3
6	145627694	145625370	7
6	145634683	145625995	0
6	145635487	145502521	0
6	145635487	145625303	0
6	145635487	145625305	0
6	145635487	145625352	0
6	145635487	145625944	0
6	145635487	145626759	0
6	145635487	145626789	0
6	145635487	145627328	0
6	145635487	145627385	0
6	145635487	145627441	0
6	145635487	145627487	0
6	145635487	145627489	0
6	145635487	145633719	0
6	145641287	145626809	0
6	145670412	145635244	0
6	145671360	145635084	0
6	145671400	145635244	0
6	145671400	145635370	0
6	145680131	145671304	0
6	145682660	145680082	0
6	145684893	145682504	0
6	145686147	145682408	0
6	145686220	145635244	0
6	145686297	145625490	0
6	145686297	145627278	0
6	145686297	145635244	0
6	145686297	145671238	0
6	145686297	145671334	0
6	145735277	145686121	0
6	145735282	145686121	0
6	145735471	145720900	0
6	145735499	145686121	0
6	145735515	145635429	0
6	145735856	145686121	0
6	145735965	145686121	0
6	145735987	145686121	0
6	145735990	145686121	0
6	145736024	145686121	0
6	145806422	145793501	1
6	145888101	145864244	0
6	145888101	145884806	4
6	145888101	145884812	4
6	145888101	145884815	4
6	145888101	145885492	4
6	145910637	145894884	0
6	145913550	145903255	0
6	145913550	145910447	0
6	145918233	145913477	0
6	145919492	145917112	0
6	145919492	145917119	0
6	145919492	145918130	0
6	145921393	145918416	0
6	145921393	145919347	0
6	145935164	145927188	0
6	145935164	145933049	0
6	145935164	145933056	0
6	145935442	145933049	0
6	145935442	145934905	0
6	145935442	145934906	0
6	145935843	145934907	0
6	145945638	145943142	0
6	145945657	145943142	0
6	145946342	145943142	0
6	145946342	145945380	0
6	145946342	145945559	0
6	14599691	14597513	0
6	146598172	146594515	0
6	146724328	146726082	0
6	146844713	146842565	0
6	146850654	146841900	0
6	146851006	146850158	0
6	146851332	146843113	0
6	146851332	146844318	0
6	146851332	146850539	0
6	146860744	146850824	0
6	146864603	146861805	0
6	146878335	146864458	0
6	146911666	146850820	0
6	146915886	146911551	0
6	146951160	146948527	0
6	146962567	146911825	0
6	146972071	146860617	0
6	146972071	146864469	0
6	147001544	146860656	0
6	147119464	147074804	0
6	147119478	147074804	0
6	147131919	147119416	0
6	147131987	147119416	0
6	147170084	147119416	0
6	147173648	147119416	0
6	147202468	147173814	0
6	147204541	147173814	0
6	147204615	147173814	0
6	147387737	147389061	3
6	147743325	147741433	0
6	14790099	14661828	0
6	148018956	148017421	0
6	148137405	148133808	0
6	148240062	148237584	0
6	148280429	148239986	0
6	148549733	148551424	36
6	148959042	148955627	0
6	149032574	149027699	0
6	149244002	149243298	0
6	149255341	149247320	0
6	149257544	149255289	0
6	149257552	149243625	0
6	149397765	149397968	0
6	149449381	149447657	0
6	149452723	149446794	0
6	149456870	149452116	0
6	149456901	149452615	0
6	149461971	149456665	0
6	149461971	149459523	0
6	149474614	149461667	0
6	149474614	149461830	0
6	149512303	149504732	1
6	149512303	149505274	1
6	149517451	149512154	1
6	149517865	149512154	4
6	149577524	149576088	0
6	149584531	149578086	0
6	149590865	149584414	1
6	149592664	149591754	0
6	149597190	149594872	1
6	149597190	149594876	1
6	149597642	149594872	1
6	149597642	149597062	0
6	149597642	149597129	0
6	149598351	149597506	1
6	149601753	149598052	1
6	149601753	149598223	1
6	149601753	149598267	0
6	149601800	149598223	0
6	149603374	149598223	1
6	149603374	149601593	0
6	149603374	149601639	0
6	149604783	149603267	0
6	149604783	149603363	0
6	149623284	149601593	0
6	149623284	149603267	0
6	149632917	149623102	0
6	149648694	149623102	0
6	149676367	149658152	0
6	149676367	149661093	0
6	149676367	149661696	0
6	149676738	149675695	0
6	149676738	149676259	0
6	149684593	149679874	1
6	149695222	149682918	0
6	149695222	149683078	0
6	149695222	149684324	0
6	149695222	149684403	0
6	149718025	149701778	0
6	149718035	149695073	0
6	149718106	149701778	0
6	149718257	149701778	0
6	149731736	149724314	6
6	149731736	149726767	6
6	149736623	149731397	0
6	149736623	149731564	0
6	149736623	149731612	0
6	149738779	149736470	0
6	149742571	149731612	0
6	149742571	149736470	0
6	149742571	149738642	0
6	149742571	149738765	0
6	149743716	149736470	0
6	149743716	149738642	0
6	149743716	149742389	0
6	149746063	149743637	0
6	149746084	149743637	0
6	149798173	149796150	0
6	149799151	149797374	1
6	149826295	149797316	0
6	149826360	149817936	3
6	149826360	149818797	2
6	149836200	149826110	0
6	149836298	149826263	0
6	149843125	149837337	0
6	149843125	149840437	0
6	149853161	149842982	0
6	149864027	149853002	4
6	149864974	149853002	2
6	149888668	149868861	0
6	149889624	149883374	0
6	149889624	149888464	0
6	149889624	149888471	0
6	149889624	149888497	0
6	149889624	149888538	0
6	149890042	149889347	0
6	149890146	149889094	0
6	149890146	149889347	0
6	149890902	149889884	0
6	149890933	149889990	0
6	149891035	149889347	0
6	149891035	149889884	0
6	149891035	149889989	0
6	149896012	149890816	0
6	149896033	149890816	0
6	149896060	149890816	0
6	149898078	149895478	0
6	149898103	149895845	0
6	149918285	149916912	0
6	149918385	149916877	0
6	149919325	149918173	0
6	149919817	149918706	0
6	149919817	149919042	0
6	14997476	14789989	0
6	14997476	14976787	0
6	150000195	149998018	0
6	150001129	150000089	0
6	150001669	150000065	0
6	150020240	150018333	0
6	150021187	150020107	0
6	150021187	150020129	0
6	150042034	150040546	0
6	150064714	150063149	0
6	150065674	150064584	0
6	150065674	150064606	0
6	150395567	150396470	0
6	150508685	150504810	0
6	150652026	150650771	0
6	150841136	150841838	0
6	15104131	15102945	0
6	151056058	151054896	0
6	151137746	151088102	0
6	151197639	151196680	0
6	151228448	151150888	0
6	151373650	151364116	0
6	151391549	151373464	0
6	151405837	151404761	1
6	151405837	151404853	1
6	151405837	151404883	1
6	151405837	151404900	1
6	151405837	151405052	1
6	151408901	151405719	4
6	151413946	151411258	0
6	151417400	151405719	1
6	151417400	151405720	1
6	151417400	151408642	1
6	151418580	151416590	2
6	151421322	151417278	0
6	151421322	151418532	1
6	151422606	151421244	0
6	151423632	151420705	0
6	151423632	151421244	0
6	151423632	151422540	0
6	151427583	151423524	0
6	151427583	151423525	0
6	151430178	151423524	0
6	151436467	151433154	0
6	151436555	151433154	0
6	151436827	151433154	0
6	151444626	151436419	0
6	151445709	151436445	2
6	151445826	151433154	1
6	151445826	151436234	1
6	151445826	151436419	1
6	151445826	151436445	1
6	151452019	151445307	0
6	151452075	151444969	0
6	151452093	151445307	0
6	151452126	151445307	0
6	151452127	151445307	0
6	151452146	151445307	0
6	151452159	151436445	0
6	151452182	151445307	0
6	151814180	151813275	0
6	152130779	152121683	0
6	152130779	152121686	0
6	152130779	152121779	0
6	152130779	152122356	2
6	152132215	152121686	0
6	152132215	152121768	0
6	152132215	152122604	0
6	152148379	152143622	0
6	152148379	152145486	0
6	152149507	152147883	0
6	152149669	152148044	0
6	152151691	152149476	0
6	152151691	152149598	0
6	152152142	152151552	0
6	152155043	152151958	0
6	152155396	152152064	0
6	152255747	152254879	0
6	152256766	152255590	0
6	152256766	152255625	0
6	152278281	152269154	0
6	152281981	152277501	0
6	152281981	152278088	0
6	152282043	152278102	0
6	152284173	152281806	0
6	152284185	152281806	0
6	152293750	152281806	0
6	152293750	152283977	0
6	152293750	152283981	0
6	152294128	152293587	0
6	152294128	152293679	0
6	152316987	152310687	0
6	152318264	152315197	0
6	152318264	152315221	0
6	152318264	152316848	0
6	152318345	152316848	0
6	152319016	152316848	0
6	152337018	152334007	0
6	152339367	152335277	0
6	152339367	152336840	0
6	152367383	152364846	0
6	152369128	152366991	0
6	152369128	152367217	0
6	152369615	152364846	0
6	152369615	152366996	0
6	152373220	152367217	0
6	152376559	152373036	0
6	152376913	152376380	0
6	152381221	152376775	0
6	152381363	152376064	0
6	152381363	152376775	0
6	152385839	152381005	0
6	152401342	152399615	0
6	152404315	152401137	0
6	152404315	152401302	0
6	152407197	152404212	0
6	152413532	152409558	0
6	152427817	152419568	0
6	152427817	152425380	0
6	152428393	152425380	0
6	152428393	152427603	0
6	152428393	152427692	0
6	152428393	152427712	0
6	152433943	152430481	0
6	152433946	152430481	0
6	152436102	152430481	0
6	152436102	152433794	0
6	152441271	152433524	0
6	152441271	152433794	0
6	152441271	152435390	0
6	152441271	152435925	0
6	152441271	152435940	0
6	152453721	152451046	0
6	152455591	152453415	0
6	152455591	152453416	0
6	152455591	152453585	1
6	152455635	152453585	1
6	152458931	152455885	0
6	152458931	152456667	0
6	152461741	152458756	0
6	152462891	152461596	0
6	152462891	152461615	0
6	152463518	152462529	0
6	152463518	152462737	0
6	152464933	152463352	0
6	152465461	152463352	0
6	152465461	152463475	0
6	152466079	152465257	0
6	152466079	152465292	0
6	152481173	152472300	0
6	152481173	152474634	0
6	152483250	152472300	0
6	152483250	152478516	0
6	15248635	15247814	0
6	152628332	152539959	0
6	152628484	152539959	0
6	152628555	152539959	0
6	152722254	152722762	0
6	152805129	152794495	0
6	152805129	152804752	0
6	152972455	152970528	2
6	152973986	152970518	1
6	152988015	152988675	81
6	152988023	152988675	81
6	152991322	152987361	13
6	152991417	152987361	12
6	152992975	152987361	5
6	152992975	152991184	1
6	152992975	152991227	2
6	152998630	152994512	1
6	152998630	152995135	1
6	152998630	152995243	1
6	152998630	152995262	1
6	152998743	152995262	1
6	153002537	152998292	0
6	153002686	152998549	0
6	153024497	153004458	0
6	153024497	153010721	0
6	153307823	153304594	0
6	154039306	154039410	0
6	154091473	154091808	0
6	154159517	154154495	0
6	154168114	154154608	0
6	154168114	154158073	0
6	154168114	154158923	0
6	154168114	154159611	0
6	154168114	154159681	0
6	154200041	154167919	0
6	154212856	154199667	0
6	154212856	154199722	0
6	154212856	154199828	0
6	154212856	154200017	0
6	154213331	154199667	0
6	154214277	154212769	0
6	154214277	154212834	0
6	154214314	154212769	0
6	154219190	154214217	0
6	154221329	154214217	0
6	154221329	154214256	0
6	154223244	154221256	0
6	154246761	154222960	0
6	154246761	154223169	0
6	154246857	154223169	0
6	154247232	154246590	0
6	154247423	154246590	0
6	154247486	154246590	0
6	154247486	154246598	0
6	154247489	154246590	0
6	154247581	154246590	0
6	154247683	154246590	0
6	154265965	154246590	0
6	154410433	154387503	0
6	154410433	154405462	0
6	154410433	154406109	0
6	154411143	154410342	0
6	154414424	154410933	0
6	154414424	154410962	0
6	154422653	154414298	0
6	154422653	154414722	0
6	154733504	154733794	15
6	154733504	154733846	15
6	154733551	154733794	14
6	155005142	155004834	0
6	15524668	15522836	3
6	15524668	15522842	3
6	15524670	15522800	2
6	15524670	15522806	2
6	15524670	15522809	2
6	15524670	15523054	3
6	155256725	155253138	15
6	155260401	155257508	2
6	155260401	155257652	2
6	155260569	155257976	4
6	155285200	155260272	2
6	155285278	155260272	2
6	155285278	155260822	0
6	155297070	155285157	0
6	155297105	155285157	0
6	155298586	155296952	0
6	155298586	155296960	0
6	155298586	155297080	0
6	155311340	155257672	0
6	155311340	155298476	0
6	155313245	155311187	0
6	155314428	155311176	0
6	155314451	155310845	0
6	155314485	155311187	0
6	155314485	155311331	0
6	15533396	15523562	0
6	15533396	15523984	1
6	15533396	15524525	2
6	15533396	15524539	2
6	15533548	15524111	0
6	155381184	155380510	0
6	155396963	155395369	0
6	15593082	15524525	0
6	156498967	156497745	0
6	156499037	156493225	0
6	156778423	156776359	9
6	156935577	156936501	1
6	157119707	157107726	0
6	157148952	157150724	0
6	157184436	157186354	1
6	157203997	157206166	0
6	157207492	157208474	72
6	157318920	157289385	0
6	157322806	157318180	0
6	157322806	157318781	1
6	157830574	157829142	0
6	157874752	157872570	0
6	157874752	157874109	0
6	157875211	157874693	0
6	157892787	157885113	0
6	158000750	158000108	0
6	158113593	158109514	2
6	158113593	158109534	2
6	158113593	158109540	2
6	158113593	158109690	3
6	158113593	158109692	3
6	158113593	158110598	2
6	158113593	158110619	2
6	158113593	158110626	2
6	158113593	158110667	2
6	158114972	158110224	0
6	158114972	158110871	0
6	158114972	158113448	0
6	158116283	158114470	0
6	158116283	158114534	0
6	158116283	158114592	0
6	158116283	158114730	0
6	158116283	158114788	0
6	158116283	158114825	0
6	158117822	158114788	1
6	158119171	158114788	0
6	158146914	158144298	0
6	158146914	158145263	0
6	158148955	158144298	0
6	158148955	158145919	0
6	158148955	158146781	0
6	158148955	158146869	0
6	158150588	158146781	0
6	158150590	158144298	0
6	158150590	158146781	0
6	158158365	158146781	0
6	158242798	158237335	0
6	158398562	158397884	0
6	158621637	158609705	9
6	158637206	158636473	8
6	158637895	158637127	9
6	158641361	158637219	3
6	158641361	158637770	2
6	158642789	158636473	2
6	158662813	158663204	0
6	158767513	158765740	9
6	158767513	158765741	9
6	158767513	158765747	9
6	158783667	158776407	0
6	158784728	158783519	0
6	158784728	158783533	0
6	158819350	158818081	0
6	158819413	158818081	0
6	158857372	158841116	0
6	158857633	158857253	0
6	158922151	158921270	0
6	158976843	158975390	2
6	158978347	158972870	0
6	158978347	158976833	0
6	158978347	158977235	0
6	159038229	159034467	0
6	159038229	159035136	0
6	159039310	159038113	0
6	159040833	159038911	0
6	159040833	159039113	0
6	159042245	159041353	0
6	159043656	159041353	0
6	159043656	159042077	0
6	159043656	159042191	0
6	159064939	159044878	0
6	159064939	159051673	0
6	159065274	159064727	0
6	159095824	159064767	0
6	159095900	159064767	0
6	159121496	159105221	0
6	159167354	159165898	0
6	159168762	159167247	0
6	159354837	159353921	0
6	159589170	159586954	0
6	159682639	159679063	34
6	159682639	159679115	32
6	159682639	159679118	32
6	159685034	159669056	0
6	159685034	159679063	1
6	159685034	159682164	2
6	159685034	159682460	4
6	159685034	159682473	4
6	159685034	159682481	4
6	159685034	159682609	1
6	159688243	159682138	1
6	159688243	159684853	0
6	159688243	159684874	0
6	159688243	159684895	0
6	159688243	159684903	0
6	159688349	159684853	0
6	159692079	159688125	0
6	159692651	159684853	0
6	159692864	159684853	0
6	159692864	159684938	0
6	159692864	159688125	0
6	159693229	159692660	0
6	159693235	159692660	0
6	159693242	159688125	0
6	159693242	159692530	2
6	159693242	159692660	0
6	159693245	159690918	0
6	159693279	159692660	0
6	159693329	159692660	0
6	159726945	159692660	0
6	159727354	159692660	1
6	159727358	159692660	1
6	159730966	159692660	0
6	159745187	159692660	0
6	159748370	159748589	186
6	159748677	159730884	0
6	159762333	159760257	0
6	159762530	159748537	0
6	159775314	159776149	0
6	159779791	159778497	12
6	159779791	159778963	28
6	159779791	159778986	33
6	159780088	159778984	25
6	159780088	159779626	28
6	159780262	159779591	4
6	159780567	159779894	2
6	159780567	159779915	2
6	159781111	159780442	2
6	159784068	159780934	1
6	159784068	159781024	8
6	159784848	159783940	8
6	159784848	159783989	9
6	159785326	159783940	8
6	159785497	159784665	5
6	159785497	159784798	9
6	159785497	159784810	9
6	159785872	159784675	17
6	159785998	159785385	14
6	159785998	159785399	14
6	159785998	159785417	12
6	159785998	159785473	12
6	159786021	159785385	17
6	159787872	159783940	7
6	159787872	159783989	7
6	159787872	159785385	5
6	159787872	159785899	7
6	159787872	159785936	7
6	159787903	159785899	7
6	159788144	159785899	9
6	159788144	159787742	15
6	159788275	159785899	8
6	159788440	159787742	17
6	159788697	159788057	20
6	159788869	159788057	22
6	159789573	159788057	17
6	159789577	159787743	26
6	159789585	159788057	17
6	159789586	159783940	10
6	159789597	159787742	25
6	159789603	159788057	17
6	159789673	159787742	7
6	159789673	159788057	14
6	159789673	159788609	17
6	159789674	159788436	24
6	159789704	159787742	7
6	159789750	159788057	19
6	160005159	160003290	0
6	160007665	160004950	0
6	160088148	160089106	0
6	160218059	160217013	0
6	160224805	160171060	0
6	160224805	160216761	0
6	160224805	160217452	0
6	160245542	160243571	0
6	160245546	160243571	0
6	160247299	160244184	0
6	160247299	160245438	0
6	160258716	160256613	0
6	160258740	160257749	0
6	160258759	160250547	0
6	160259017	160256613	0
6	160277639	160259412	0
6	160454341	160453427	0
6	160467018	160464212	0
6	160467720	160466868	0
6	160477196	160466554	0
6	160477289	160466808	0
6	160477289	160467183	0
6	160477289	160467540	0
6	160492963	160487250	0
6	160492963	160491362	0
6	160492963	160491621	0
6	160500941	160491890	0
6	160500941	160492780	0
6	160532650	160531482	0
6	160586631	160585045	0
6	160589713	160586448	0
6	160589713	160586479	0
6	160617277	160612931	0
6	160618666	160617115	0
6	160618666	160617116	0
6	160676524	160666227	0
6	160706143	160706406	0
6	160707807	160708157	0
6	160757519	160755397	0
6	160880395	160872887	0
6	160900400	160872887	0
6	160900400	160873015	0
6	160915858	160872893	0
6	160915858	160873085	0
6	160915858	160900223	0
6	161139621	161129978	0
6	161139621	161130024	1
6	161146600	161139421	0
6	161146600	161143955	0
6	161149290	161146523	1
6	161153500	161149186	0
6	161153500	161149204	0
6	161165714	161154148	0
6	161166418	161154148	0
6	161166418	161165576	0
6	161232237	161166247	0
6	161232303	161154148	0
6	161232303	161165837	0
6	161232303	161166247	0
6	161360206	161347419	0
6	161360206	161348638	0
6	161360206	161350098	0
6	161386878	161350098	0
6	161549004	161386793	0
6	161549004	161545111	0
6	161549004	161548753	0
6	161785909	161386793	0
6	162262766	161973301	0
6	162262766	162054090	0
6	162262766	162201130	0
6	162262769	162262460	0
6	162263271	162262525	0
6	162443474	161973301	0
6	162443474	162054090	0
6	162443474	162201130	0
6	162443474	162262524	0
6	1624541	1623805	0
6	1624541	1623806	0
6	162529788	162443309	0
6	16262927	16259100	0
6	162643928	162624348	0
6	16264554	16262681	0
6	162695067	162624348	0
6	162727669	162201130	0
6	162727669	162262524	0
6	162727669	162443309	0
6	162727765	162443309	0
6	162727772	162443309	0
6	162974229	162969049	0
6	163043170	163042556	0
6	163044747	163042978	0
6	163044747	163043053	0
6	163046684	163042979	0
6	163118446	163115690	0
6	163184874	163170440	0
6	163184919	163182602	0
6	163184919	163183375	0
6	163190983	163165413	0
6	163190983	163166053	0
6	163190983	163184824	0
6	163190983	163187672	0
6	163191803	163189417	0
6	163191809	163190907	0
6	163191944	163190907	0
6	163191992	163190907	0
6	163192003	163190907	0
6	16328471	16299111	0
6	163313846	163309984	0
6	163318912	163313756	0
6	163343591	163338393	0
6	163353221	163348018	0
6	163563720	163564666	11
6	163563720	163565945	10
6	163563720	163566720	5
6	163566796	163569437	40
6	163588166	163586582	0
6	163708805	163705936	0
6	164109695	164108619	0
6	16433097	16432563	0
6	164348645	164346488	0
6	164827964	164829520	0
6	16486110	16326393	0
6	16486110	16432945	0
6	16522689	16485134	0
6	16522689	16485971	0
6	165281537	165279663	0
6	165281537	165280032	0
6	165281694	165279675	0
6	165336212	165327286	0
6	165336212	165327288	0
6	165336212	165331049	0
6	165336212	165333024	0
6	165413688	165396316	0
6	165543569	165482314	0
6	165576449	165543439	0
6	165576450	165543439	0
6	165576540	165543439	0
6	165600779	165543439	0
6	165654882	165543439	0
6	165655337	165543439	0
6	165661074	165543439	0
6	165662101	165543439	0
6	165662101	165576411	0
6	165662555	165660068	0
6	165663246	165543439	0
6	165711154	165543439	0
6	165775187	165773200	0
6	165910933	165823644	0
6	165910933	165893824	3
6	165910933	165901819	2
6	165910933	165908801	0
6	165948609	165946771	12
6	165949620	165940588	5
6	165949915	165948463	15
6	165986497	165780268	2
6	165986604	165543532	0
6	165986604	165711018	0
6	165987915	165949254	0
6	165987923	165910807	1
6	165987924	165910807	1
6	165987992	165949254	0
6	165988040	165939455	3
6	165988049	165948222	1
6	165988063	165910807	0
6	165988079	165711018	0
6	166160967	166157655	0
6	166160967	166158414	0
6	166164667	166160836	0
6	166164667	166162446	0
6	166164862	166164604	0
6	166164862	166164605	0
6	166277078	166275461	0
6	166308449	166307792	0
6	166322887	166319727	5
6	166322887	166320155	8
6	166324596	166319859	4
6	166324596	166322856	9
6	166324689	166320027	9
6	166326168	166322856	6
6	166326168	166324360	7
6	166326168	166324536	7
6	166328340	166325872	6
6	166328358	166326131	4
6	166342548	166331384	2
6	166342577	166331384	2
6	166342592	166330160	4
6	166366107	166364918	0
6	166366107	166365073	0
6	166366107	166365229	0
6	166366107	166365331	0
6	166413932	166409363	0
6	166413932	166409387	0
6	166413932	166411231	1
6	166413932	166412295	0
6	166413932	166412658	0
6	166413932	166412747	0
6	166448850	166432400	0
6	166448850	166439888	0
6	166463142	166460662	0
6	166469906	166459448	0
6	166488922	166469840	0
6	166488922	166475725	0
6	166498651	166490670	0
6	166500925	166498507	0
6	166500925	166498610	0
6	166504613	166500886	0
6	166508283	166504505	0
6	166508283	166504514	0
6	166508283	166504598	0
6	166510311	166508202	0
6	166510358	166508202	0
6	166510358	166508222	0
6	16652117	16614978	0
6	166531314	166510276	0
6	166531314	166510279	0
6	16657902	16585779	0
6	16657902	16614974	0
6	166627244	166538667	0
6	166627523	166538667	0
6	166627973	166538667	0
6	166757912	166538667	0
6	166770914	166538667	0
6	166858260	166538667	0
6	166858260	166770862	0
6	166862191	166858199	0
6	166862512	166858199	0
6	166862552	166858199	0
6	166906452	166538667	0
6	166931119	166929503	0
6	166931119	166929515	0
6	166931119	166929524	0
6	166931119	166929539	0
6	166931119	166929544	0
6	166931119	166929597	0
6	166931119	166929632	0
6	166933050	166929517	0
6	166934137	166858093	0
6	166934137	166931043	0
6	166934137	166933424	0
6	166938654	166938574	1
6	166939009	166933364	0
6	166939009	166933374	0
6	166939009	166934038	0
6	166939009	166934090	0
6	166943090	166938595	0
6	166972789	166969625	0
6	166999066	166972738	6
6	166999512	166995734	2
6	167003248	167003722	1
6	167003812	167004263	0
6	167040340	167044404	19
6	167044577	167048591	0
6	167117088	167114956	0
6	167122833	167123118	0
6	167127296	167126222	0
6	167240481	167237507	0
6	167359413	167357030	0
6	167359413	167357165	0
6	167374452	167359294	0
6	167374452	167372176	0
6	167374452	167372967	0
6	167375802	167373089	0
6	167376078	167373895	0
6	167376078	167374350	0
6	167376705	167375965	0
6	167378093	167373890	0
6	167378093	167374350	0
6	167378093	167375965	0
6	167378093	167376545	0
6	167381337	167375965	0
6	167381337	167376545	0
6	167381337	167377858	0
6	167381337	167377954	0
6	167382925	167381120	0
6	167382956	167380904	0
6	167382956	167381120	0
6	167382961	167381112	0
6	167384433	167377954	0
6	16750093	16657775	0
6	16753309	16657775	0
6	16753348	16657775	0
6	16753348	16666516	0
6	16753348	16736850	0
6	16753348	16739601	0
6	16754092	16753232	0
6	16761371	16753232	0
6	16761457	16666967	0
6	16761461	16753232	0
6	16761477	16753232	0
6	16761480	16752961	0
6	16761491	16753232	0
6	16761492	16738464	0
6	167678200	167666839	0
6	167682448	167679625	0
6	167682448	167680691	0
6	167787608	167784536	0
6	167791094	167786819	0
6	167791094	167787313	0
6	167796847	167790946	0
6	167796860	167790946	0
6	167824775	167824109	0
6	167825269	167825028	0
6	167826710	167823875	0
6	167969019	167969113	5
6	167978371	167976581	0
6	167996104	167992821	0
6	167996104	167994171	0
6	168057724	168055804	0
6	168059189	168053165	0
6	168059189	168055744	0
6	168059189	168055783	0
6	168059189	168055803	0
6	168059189	168055804	0
6	168059189	168056816	0
6	168059189	168056988	0
6	168063757	168062893	0
6	168065058	168063600	0
6	168065058	168063674	0
6	168066832	168063600	0
6	168066832	168064870	0
6	168067130	168066238	0
6	168067130	168066754	0
6	168067447	168064904	0
6	168067447	168066754	0
6	168067524	168066754	0
6	168226518	168225278	0
6	168294198	168292829	0
6	168302115	168298068	0
6	168310323	168307222	0
6	168310447	168294632	0
6	168310447	168306903	0
6	168319711	168307222	0
6	168667433	168667433	0
6	168667440	168667442	0
6	168964342	168962609	0
6	169000528	168999400	0
6	169035643	169034196	0
6	169159137	169158260	0
6	169161215	169158144	0
6	169162925	169158091	0
6	169179395	169175303	0
6	169220338	169215779	0
6	169220338	169215793	0
6	169220338	169216191	0
6	169220338	169217453	1
6	169234908	169232889	0
6	169237347	169234733	0
6	169237413	169234509	0
6	169239696	169237169	0
6	169239696	169237609	0
6	169239696	169237624	0
6	169246282	169241761	0
6	169248681	169246064	0
6	169248974	169246196	0
6	169250807	169248416	0
6	169250807	169248774	0
6	169287210	169286533	0
6	169287477	169286533	0
6	169297960	169296470	0
6	169388386	169369997	0
6	169388386	169373680	0
6	169425157	169419003	0
6	169430713	169419968	0
6	169430713	169420106	0
6	169430713	169426419	0
6	169430713	169429469	0
6	169457635	169433322	0
6	169458465	169457215	0
6	169458465	169457533	1
6	169572541	169457211	0
6	169572541	169457623	0
6	169572541	169458220	0
6	169582935	169433322	0
6	169582935	169457211	0
6	169582935	169457354	0
6	169582935	169458220	0
6	169582935	169558320	0
6	169647871	169643696	0
6	169649234	169647772	2
6	169649276	169647647	2
6	169649276	169647772	4
6	169658359	169634427	0
6	169658359	169638538	0
6	169658359	169651929	0
6	169658359	169657758	7
6	169658359	169657761	7
6	169658359	169657779	7
6	169658359	169657793	7
6	169660757	169659085	3
6	169660767	169658275	1
6	169660767	169659085	4
6	169660767	169659450	1
6	169662425	169660662	4
6	169662425	169660705	5
6	169663650	169662303	2
6	169663707	169662303	2
6	169663724	169662303	2
6	169663879	169662303	1
6	169664287	169662303	1
6	169664287	169662366	2
6	169664287	169663562	3
6	169664633	169663562	10
6	169665011	169664165	30
6	169665093	169664176	31
6	169665557	169664165	31
6	169665557	169664769	28
6	169666659	169665485	18
6	169667188	169664285	23
6	169667188	169665485	18
6	169667276	169665485	14
6	169668096	169667135	13
6	169668186	169667135	11
6	169668777	169665134	21
6	169668777	169665485	22
6	169670694	169665485	12
6	169670694	169666917	13
6	169670694	169667135	12
6	169670694	169667981	11
6	169670958	169667135	13
6	169672397	169602218	0
6	169672397	169664165	2
6	169672397	169665485	24
6	169672397	169667135	9
6	169672397	169670356	0
6	169672397	169670568	0
6	169672397	169670878	1
6	169689013	169669520	0
6	169689013	169672254	0
6	169689013	169672321	0
6	169701659	169634427	1
6	169705322	169703904	33
6	169705322	169703907	33
6	169710392	169705615	17
6	169712540	169707027	9
6	169712540	169710235	4
6	169717901	169715954	0
6	169717907	169715954	0
6	169718919	169715954	0
6	169718919	169717822	0
6	169719299	169717741	0
6	169725567	169721004	0
6	169725570	169725090	2
6	169743239	169740113	0
6	169751560	169744067	0
6	169754	167606	0
6	169798826	169788789	0
6	169799550	169794243	0
6	169810103	169809317	0
6	170258502	170254333	0
6	170275589	170266668	0
6	170276763	170275330	0
6	170283106	170282205	0
6	170289809	170288728	0
6	170290474	170289511	0
6	170290486	170289700	0
6	170306566	170290085	0
6	170537341	170535116	13
6	170537341	170535221	11
6	170561911	170562063	112
6	170578971	170575294	13
6	170578971	170577435	8
6	170578971	170577558	13
6	170578971	170577593	12
6	170578971	170578481	8
6	170578971	170578506	8
6	170579722	170575327	4
6	170580106	170578856	6
6	170583189	170578856	14
6	170583189	170578882	10
6	170583189	170580001	9
6	170583189	170580092	9
6	170583189	170581744	39
6	170583189	170581746	38
6	170583189	170581747	38
6	170583624	170582848	10
6	170583624	170583056	9
6	170583748	170581088	14
6	170583748	170581791	28
6	170583748	170583056	5
6	170584693	170583056	39
6	170737552	170736172	0
6	1717644	1624471	0
6	1726478	1679171	0
6	1726513	1624471	0
6	1726513	1717507	0
6	1726513	1717594	0
6	17616696	17615034	8
6	17616696	17615037	8
6	17624834	17616526	1
6	17706388	17688395	0
6	17706835	17688395	0
6	17764947	17759182	1
6	17764947	17759253	1
6	17771219	17763692	0
6	17771219	17764109	0
6	17771219	17764154	0
6	17772060	17763694	0
6	17772060	17764154	0
6	17772060	17771113	0
6	17773584	17770364	0
6	17773584	17771907	0
6	17780907	17779591	0
6	17781302	17780729	0
6	17781302	17780759	0
6	17785642	17783645	0
6	17787876	17785514	0
6	17787876	17785592	0
6	17817191	17812043	2
6	17817201	17808767	0
6	17817234	17808767	0
6	17855618	17851954	0
6	17856123	17855436	0
6	17856123	17855476	0
6	17873438	17856029	0
6	17898181	17873262	0
6	17898181	17873376	0
6	17987078	17898167	0
6	17987145	17873376	0
6	17987145	17898167	0
6	17987145	17950405	0
6	18132178	18128310	1
6	18225731	18225024	553
6	18226243	18223867	8
6	18226243	18224216	15
6	18226243	18225469	7
6	18226243	18225610	6
6	18236597	18226173	5
6	18236601	18225878	3
6	18236601	18226173	5
6	18237517	18226173	2
6	18237517	18236451	0
6	18244604	18237380	2
6	182475	181465	0
6	18249741	18237380	2
6	18249840	18237049	2
6	18249840	18237380	0
6	18255852	18249650	0
6	18256375	18255730	0
6	18256456	18255730	0
6	18256456	18255735	0
6	18258032	18256360	0
6	18258063	18256360	0
6	18258063	18256372	0
6	18258406	18256360	1
6	18367754	18366735	0
6	184810	182365	0
6	186562	184592	0
6	187907	186355	0
6	1930231	1742467	0
6	1931000	1742467	0
6	19321022	19290318	0
6	19388639	19324987	0
6	19535030	19397416	0
6	19538470	19534886	0
6	19538470	19534943	0
6	1959972	1930102	0
6	1959972	1930106	0
6	19600075	19596398	0
6	19600949	19538782	0
6	1960791	1959866	0
6	1960910	1959705	0
6	1960967	1959866	0
6	19638809	19638039	0
6	19639455	19600835	0
6	19640584	19538782	0
6	19640584	19600835	0
6	19675426	19640480	0
6	19689875	19640480	0
6	19689875	19675358	0
6	19690877	19689826	0
6	19691024	19689826	0
6	19733475	19690923	0
6	19733475	19730431	0
6	19734568	19730426	0
6	19744135	19734450	0
6	19744135	19740176	0
6	19749759	19689824	0
6	19749759	19734450	0
6	19804278	19802163	0
6	19804278	19803679	0
6	19804369	19803715	0
6	19804647	19803370	0
6	19804710	19802086	0
6	19804743	19803606	0
6	19804788	19802086	0
6	19839081	19640480	0
6	20109750	20102144	0
6	203439	203962	0
6	20402371	20402374	1
6	205485	198164	0
6	20723656	20722327	0
6	20756769	20756102	0
6	21355297	21354410	0
6	21490299	21486060	0
6	21523773	21522475	0
6	21539025	21528738	0
6	21595594	21538896	0
6	22146752	22134956	0
6	22147194	22146678	0
6	22214238	22213305	0
6	22290354	22287243	0
6	22290354	22287250	0
6	2245693	2124686	0
6	22592588	22589136	0
6	23016821	22744394	0
6	2397627	2398576	0
6	24178633	24171755	0
6	24353624	24301967	0
6	24353624	24353231	0
6	24357654	24353568	0
6	24358053	24353568	0
6	24429119	24424564	0
6	24433238	24428176	0
6	24433238	24428974	0
6	24466820	24462729	0
6	24466940	24466679	0
6	24466940	24466695	0
6	24473668	24472581	0
6	24475232	24473078	0
6	24475232	24473424	0
6	24475232	24473618	0
6	24476279	24475120	0
6	24551526	24544103	0
6	24551526	24544106	0
6	24551526	24545421	0
6	24556730	24544103	0
6	24600710	24595872	0
6	24601209	24595872	0
6	24646022	24595872	0
6	24653154	24649976	0
6	24653154	24649978	0
6	24653154	24650986	2
6	24654531	24652982	0
6	24657904	24654377	0
6	24657904	24654411	0
6	24666592	24658560	0
6	24666612	24652982	1
6	24666612	24658560	0
6	24666787	24665986	2
6	24666931	24666525	1
6	24667034	24666525	1
6	24708912	24704860	2
6	24708912	24706095	6
6	24751626	24750670	0
6	24798890	24797320	0
6	24806474	24797372	0
6	24809799	24806366	0
6	24809808	24804280	0
6	24809808	24804281	0
6	24809808	24804283	0
6	24809808	24804324	0
6	24809808	24806322	0
6	24828296	24825225	0
6	24830671	24828136	0
6	24830671	24828138	0
6	24843137	24840271	1
6	24843555	24839090	0
6	24843555	24839358	0
6	24843555	24839372	0
6	24843555	24839427	0
6	24843555	24839441	0
6	24843555	24839978	0
6	24843555	24839993	0
6	24843555	24840296	0
6	24873800	24872880	0
6	24875818	24873643	0
6	24877356	24875690	0
6	24877366	24875690	0
6	24898567	24875709	0
6	24910704	24875690	0
6	24910712	24875690	0
6	24910886	24875690	0
6	24911049	24875690	0
6	24911064	24875690	0
6	24911071	24875690	0
6	24911171	24875690	0
6	24929448	24875690	0
6	24935949	24875690	0
6	24936053	24875690	0
6	25015836	25014951	1
6	25042019	24875690	0
6	25042171	25015757	1
6	25054046	25053626	0
6	25057074	25054455	0
6	25062661	25061625	0
6	25081874	25080698	0
6	25084577	25081108	0
6	25084577	25081569	0
6	25084577	25081802	0
6	25084577	25081861	0
6	25084786	25081067	0
6	25086900	25084479	0
6	25086900	25084652	0
6	25092013	25086616	0
6	25092013	25086783	0
6	25093689	25086783	0
6	25106451	25097060	0
6	25106495	25097060	0
6	25108683	25106358	2
6	25108714	25105811	0
6	25108714	25106358	2
6	25108714	25107829	1
6	25109527	25108575	0
6	25109582	25108575	0
6	25109582	25108613	0
6	25113783	25109955	0
6	25115101	25113591	0
6	25115101	25113692	0
6	25137824	25114990	0
6	25137824	25119133	0
6	25137824	25127545	0
6	25166350	25137619	0
6	25166556	25137619	0
6	25232609	25167294	0
6	25232717	25230234	0
6	25255307	25137619	0
6	25255307	25232479	0
6	25255307	25245355	0
6	25261411	25260347	0
6	25261412	25260347	0
6	25261447	25260347	0
6	25273101	25272199	0
6	25370080	25137619	0
6	25370080	25350606	0
6	25389168	25388170	0
6	25420384	25369945	0
6	25452185	25420301	0
6	25452191	25420301	0
6	25452220	25420301	0
6	25452264	25432906	0
6	25776728	25776811	0
6	25798920	25782896	0
6	25798920	25783125	0
6	25800981	25798582	0
6	25800981	25798782	0
6	25800981	25798784	0
6	25845517	25833065	0
6	25845517	25841304	0
6	25845517	25844855	0
6	25845517	25845099	0
6	25849878	25849373	0
6	25849953	25849373	0
6	25850178	25849804	0
6	25850621	25850047	0
6	25850878	25849813	0
6	25850878	25849912	0
6	25850878	25850177	0
6	25850878	25850458	0
6	25855231	25850047	0
6	25855231	25850524	0
6	25855231	25850758	0
6	25855231	25850772	0
6	25882287	25868296	0
6	25914671	25912753	0
6	25914671	25912762	0
6	25914671	25913316	0
6	25999168	25983811	0
6	26091105	26091313	1
6	26092642	26092726	0
6	26094219	26094403	10
6	26123911	26114872	0
6	26163677	26160764	0
6	26172803	26163307	0
6	26197270	26195594	2
6	26199294	26196039	0
6	26199294	26196719	0
6	26199294	26196753	0
6	26281588	26277608	1
6	26285535	26281054	0
6	26285639	26280898	0
6	2633793	2621912	0
6	26368051	26368177	0
6	26368051	26368182	0
6	26368051	26368564	1
6	26368051	26368720	1
6	26368268	26368449	1
6	26368268	26368564	1
6	26368609	26368720	26
6	26373098	26373275	0
6	26373297	26373386	0
6	26373414	26374326	1
6	26374374	26374770	0
6	26374799	26375514	0
6	26390212	26390686	0
6	26390708	26390802	0
6	26390830	26392221	4
6	26390830	26392374	2
6	26409915	26410005	0
6	26411582	26412411	0
6	26411582	26412704	2
6	26423278	26423398	0
6	26443443	26443569	0
6	26443443	26443640	0
6	26444305	26445703	0
6	26448449	26448616	0
6	26448449	26448727	0
6	26448638	26448727	0
6	26508941	26509036	0
6	26603592	26604655	0
6	26643729	26634382	0
6	26643729	26634392	1
6	26643729	26636290	0
6	26643729	26638626	0
6	26643729	26638639	0
6	26658647	26634392	0
6	26658647	26638475	0
6	26659753	26634392	0
6	2671349	2663628	0
6	26872251	26871483	1
6	26878836	26872123	0
6	26883518	26877920	0
6	26883518	26878571	0
6	26883518	26878699	0
6	26925214	26889009	0
6	26925276	26889009	0
6	27023398	27023749	0
6	27023398	27023764	0
6	27132549	27126078	1
6	27132751	27125896	0
6	27251120	27251216	0
6	27311313	27285902	0
6	27456922	27450742	0
6	27456922	27450819	0
6	27457410	27456825	0
6	27467921	27457282	0
6	27493317	27491421	0
6	27519436	27495987	0
6	27561745	27560821	0
6	27893107	27890634	0
6	28081131	28078791	0
6	28125820	28121794	0
6	28136867	28121797	0
6	28137294	28125622	0
6	28162767	28162942	0
6	28247093	28244622	3
6	28326718	28324692	0
6	28327534	28324736	0
6	28327534	28324739	0
6	28327534	28324748	0
6	28327534	28324946	0
6	28327534	28326294	0
6	28327534	28326596	0
6	28327534	28326735	0
6	28327534	28326774	0
6	28329715	28327382	0
6	28329715	28327447	0
6	28329715	28327471	0
6	28329779	28327382	0
6	28332394	28327382	0
6	28335452	28329302	0
6	28335937	28329302	0
6	28336135	28327382	0
6	28336135	28329302	0
6	28336166	28329302	0
6	28336199	28329302	0
6	28336376	28327382	0
6	28336944	28329302	0
6	28336944	28329363	1
6	28336944	28329373	1
6	28336944	28329449	1
6	28336944	28329610	0
6	28336944	28329631	0
6	28337894	28336789	0
6	28341752	28336789	0
6	28341796	28336789	0
6	28353483	28336899	0
6	28353953	28336789	0
6	28354205	28327382	0
6	28354205	28336789	0
6	2836024	2832331	2
6	2836251	2833511	2
6	2836251	2835855	1
6	2838000	2836107	0
6	28382610	28379218	1
6	2838687	2837881	3
6	28391743	28378954	0
6	28391743	28382190	1
6	2840486	2838548	3
6	2840595	2838548	2
6	28435079	28431929	0
6	28435608	28432654	0
6	28435608	28434890	0
6	28436344	28434451	0
6	28505803	28503295	0
6	28506430	28504185	0
6	28506430	28505702	0
6	28510773	28506311	0
6	28510905	28506311	0
6	28510905	28506332	0
6	28576137	28570534	0
6	28576137	28571629	1
6	28579420	28574643	0
6	28579420	28576016	0
6	2857996	2854656	0
6	28586525	28585205	2
6	28587336	28579271	0
6	28587597	28579271	0
6	28588120	28587461	0
6	28590542	28588006	0
6	28593648	28579271	0
6	28594248	28589359	0
6	28616213	28587955	0
6	28649067	28648285	0
6	2876511	2854925	0
6	28839007	28837868	0
6	28863351	28859624	0
6	28863678	28861149	0
6	28864631	28863289	0
6	28904666	28903001	142
6	28907263	28903001	7
6	28907263	28904553	10
6	28907564	28907235	17
6	28907585	28904473	22
6	28908841	28907235	22
6	28908841	28907491	19
6	28908990	28908807	3
6	28909089	28903001	7
6	28909089	28908807	4
6	28911719	28908972	5
6	2891989	2887265	0
6	28920184	28914775	0
6	28920243	28911306	2
6	28920243	28911695	1
6	28998839	28994784	0
6	2912114	2910612	0
6	29142662	29137409	0
6	29264080	29262702	0
6	29368866	29353748	0
6	29422683	29355229	0
6	29428467	29425503	0
6	29428961	29425503	0
6	29431968	29423024	0
6	29432075	29425503	0
6	29457072	29431863	0
6	29461751	29461990	0
6	29461751	29462003	0
6	29462734	29463748	0
6	29469807	29464595	0
6	2949070	2948158	6
6	2949070	2948159	6
6	2949070	2948161	6
6	2949070	2948162	6
6	2949070	2948163	6
6	2949070	2948169	6
6	2949070	2948170	6
6	2949070	2948174	6
6	2949070	2948192	6
6	2949070	2948195	6
6	2949070	2948216	6
6	2949070	2948244	6
6	29529585	29529948	0
6	29530044	29531051	0
6	29531169	29532079	0
6	2953187	2948913	3
6	2953187	2948965	1
6	2954710	2953043	1
6	2955671	2954591	1
6	2955671	2954702	1
6	2955883	2953043	1
6	29559926	29555514	0
6	2956815	2955523	2
6	2957589	2955523	3
6	2958170	2954591	2
6	2959343	2955523	4
6	2959343	2955604	4
6	2959343	2955651	2
6	2959343	2955654	2
6	2959343	2956695	9
6	29603717	29555628	0
6	2960379	2959167	9
6	2960379	2959297	10
6	29604638	29602227	11
6	29604638	29602229	8
6	29604638	29602234	8
6	29604638	29602237	8
6	29604638	29603313	4
6	29604638	29603540	3
6	29604989	29604493	2
6	29605150	29604493	2
6	29605697	29604859	1
6	29605697	29604912	2
6	29606110	29604950	0
6	29606485	29605568	0
6	29606590	29605409	0
6	29607219	29606896	0
6	29608734	29607101	6
6	29608734	29607154	7
6	29609380	29608600	4
6	2961097	2959167	11
6	29611002	29608453	1
6	29611002	29608600	1
6	29611002	29608704	0
6	2961328	2955523	3
6	29613486	29612550	0
6	2962030	2959167	3
6	2962109	2959167	4
6	29621293	29613242	0
6	29621293	29613460	1
6	29621818	29621100	0
6	29622206	29621751	0
6	29622206	29621803	0
6	29622206	29621813	0
6	29622570	29621751	0
6	29627647	29623889	1
6	29628039	29623889	0
6	29628053	29623889	0
6	29629108	29627485	7
6	29629248	29627485	11
6	29630644	29627485	8
6	29630644	29629086	8
6	29631600	29623889	0
6	29631600	29627485	7
6	29631600	29629086	6
6	29631600	29629898	5
6	29631600	29630457	7
6	29631600	29630462	7
6	29631600	29630521	7
6	29631600	29630546	7
6	2964006	2955523	1
6	2966591	2959167	1
6	29670722	29671171	0
6	29670722	29671421	0
6	29675488	29672391	0
6	29675488	29672482	0
6	29675488	29672499	0
6	2968914	2955523	5
6	2968914	2959167	4
6	2969103	2959167	3
6	2970744	2959167	3
6	2970825	2959167	2
6	2971049	2959167	3
6	2971207	2959167	1
6	2971271	2959167	1
6	2971568	2959167	2
6	2971586	2959167	3
6	2971606	2959167	5
6	2971662	2959167	5
6	2971857	2959167	2
6	29723001	29723305	0
6	29723528	29723657	3
6	29723528	29723769	3
6	29724083	29724246	2
6	29726044	29726402	0
6	29728496	29726600	1
6	29738202	29735027	2
6	29738437	29728364	0
6	29738445	29737758	3
6	29738456	29737965	4
6	29738887	29737965	3
6	29738887	29738334	4
6	29744153	29741730	0
6	29745728	29738550	1
6	29747426	29738550	0
6	29748970	29745472	0
6	29748994	29745472	0
6	29749050	29747147	0
6	29791775	29792224	0
6	29792306	29792436	0
6	29792707	29792944	0
6	29827918	29828046	0
6	29829694	29829815	0
6	29852487	29849549	0
6	29857439	29852321	0
6	29885616	29857345	0
6	2988710	2989527	0
6	29887831	29887954	0
6	2989734	2989868	4
6	29908646	29907782	0
6	29926531	29926659	0
6	29942097	29942403	4
6	29942627	29942756	1
6	29942855	29943284	31
6	29943027	29943267	9
6	29944617	29945058	8
6	29944617	29945062	7
6	29944635	29945058	8
6	29971969	29970800	0
6	2998744	2989721	0
6	2999135	2989725	0
6	29995315	29994436	0
6	30003369	30001010	0
6	30006140	30006439	6
6	30006670	30006799	0
6	30007397	30003166	0
6	30009172	30008631	0
6	30009832	30008892	0
6	30021762	30001010	0
6	30021762	30009725	1
6	30021762	30019769	0
6	30035016	30012098	0
6	30035111	30001010	0
6	30035111	30021666	0
6	30035984	30034907	0
6	30035984	30034934	0
6	30057718	30035429	0
6	30058191	30001010	0
6	30058191	30021666	0
6	30058191	30035915	0
6	30058191	30054600	0
6	30058191	30056948	0
6	30058191	30056964	0
6	30058191	30057090	0
6	30058613	30058114	0
6	30058733	30058114	0
6	30058748	30058114	0
6	30060929	30058114	0
6	30060996	30058114	0
6	30061144	30058114	0
6	30061145	30058114	0
6	30061180	30058114	0
6	30061185	30060740	0
6	30061190	30058114	0
6	30061390	30061514	37
6	30061399	30061514	39
6	30061414	30061514	42
6	30061641	30058114	0
6	30061670	30061916	3
6	30061670	30062223	4
6	30062018	30062223	3
6	30068354	30068589	6
6	30071692	30070265	1
6	30073249	30070265	4
6	30073249	30071398	5
6	30103790	30102896	0
6	30104168	30102896	0
6	30104168	30103471	0
6	30105243	30103872	0
6	30105243	30104101	0
6	30105441	30103930	0
6	30105658	30104101	0
6	30108169	30105167	0
6	30108169	30105195	0
6	30108200	30105167	0
6	30109049	30108052	0
6	30110679	30108745	0
6	30110679	30109025	0
6	30111707	30110447	0
6	30111744	30110447	0
6	30112187	30111647	0
6	30112476	30111217	0
6	30112889	30111647	0
6	30154487	30151944	0
6	30155760	30151944	0
6	30155760	30154310	0
6	30188615	30186797	0
6	30189200	30184454	2
6	30196747	30190012	2
6	30198525	30196515	1
6	30198525	30196535	1
6	30199154	30198428	24
6	30199154	30198490	28
6	30199265	30198428	33
6	30201084	30198665	0
6	30201139	30198428	0
6	30201139	30198665	3
6	30201139	30198763	5
6	30204766	30198665	0
6	30204766	30198737	3
6	30213386	30198665	0
6	30234451	30234038	0
6	30234478	30234038	0
6	30242312	30234357	0
6	30254465	30242146	0
6	30259698	30259814	0
6	30259698	30259926	0
6	30294965	30290793	16
6	30294965	30291005	17
6	30294965	30291374	13
6	30294965	30292244	22
6	30296238	30289295	17
6	30296238	30291005	11
6	30296238	30292333	21
6	30296238	30294406	1
6	30296238	30294470	2
6	30296238	30294676	2
6	30296238	30294852	1
6	30314483	30296131	1
6	30326135	30254346	7
6	30326138	30304074	0
6	30326348	30296131	3
6	30326377	30296131	4
6	30326387	30296131	4
6	30326388	30296131	4
6	30326405	30296131	4
6	30327151	30296131	3
6	30345229	30345297	11
6	30345399	30345466	7
6	30345399	30345490	7
6	30345399	30346431	3
6	30345574	30346431	4
6	30345930	30346431	5
6	30489596	30489725	13
6	30489996	30490239	6
6	30546837	30541376	12
6	30547275	30546484	2
6	30547275	30546695	1
6	30547531	30547111	9
6	30547818	30547195	14
6	30552547	30547351	3
6	30552662	30547351	3
6	30553121	30552176	5
6	30553180	30552466	0
6	30553558	30553083	4
6	30554647	30553349	0
6	30554647	30553359	2
6	30561509	30561833	4
6	30578386	30578469	3
6	30589721	30589805	10
6	30602692	30600399	12
6	30603667	30603209	0
6	30603844	30603471	1
6	30604213	30603572	3
6	30604255	30603779	1
6	30604736	30604352	1
6	30605095	30604587	2
6	30605999	30604611	2
6	30606036	30604993	4
6	30606036	30605017	4
6	30606244	30605808	0
6	30606244	30605922	0
6	30609956	30609076	0
6	30614603	30609946	0
6	30616999	30609837	0
6	30616999	30614548	2
6	30617245	30616477	9
6	30618613	30616583	0
6	30619602	30619680	1
6	30619602	30619708	1
6	30619602	30619920	1
6	30619807	30619920	0
6	30643012	30643528	7
6	30645975	30646066	2
6	30646110	30646274	9
6	30646110	30646468	10
6	30647304	30647605	3
6	30652718	30652801	2
6	30652729	30652801	3
6	30654880	30653118	3
6	30659625	30656951	0
6	30659835	30659471	0
6	30659835	30659472	0
6	30665275	30664800	4
6	30665734	30665070	0
6	30665734	30665129	0
6	30679390	30676388	4
6	30679390	30676390	4
6	30689453	30688046	3
6	30689453	30688049	3
6	30690244	30688046	5
6	30690354	30688046	3
6	30690975	30688046	1
6	30702664	30699806	0
6	30702664	30700314	1
6	30703538	30703103	1
6	30704082	30703103	37
6	30706099	30703417	79
6	30707455	30703620	2
6	30707455	30705447	2
6	30707686	30705581	1
6	30711505	30707383	0
6	30711505	30707565	0
6	30711727	30711411	0
6	30711727	30711471	0
6	30713355	30711666	34
6	30713718	30711873	0
6	30713718	30713207	0
6	30713933	30713802	22
6	30714184	30713647	18
6	30714184	30713825	14
6	30715179	30713802	0
6	30715179	30713832	0
6	30715179	30713939	0
6	30715179	30713979	0
6	30715179	30714030	0
6	30730187	30727708	4
6	30731101	30730427	0
6	30731101	30730681	2
6	30740311	30730681	0
6	30740311	30730918	0
6	30740311	30730990	0
6	30740311	30731066	0
6	30740592	30740157	0
6	30740592	30740160	0
6	30740592	30740175	0
6	30740592	30740253	0
6	30740592	30740254	0
6	30740795	30740157	0
6	30740799	30740495	0
6	30740799	30740508	0
6	30740854	30740495	0
6	30741705	30740678	9
6	30741705	30741189	9
6	30741868	30740678	8
6	30741868	30741189	8
6	30741868	30741613	7
6	30741868	30741661	6
6	30742204	30741791	4
6	30742277	30741791	6
6	30742308	30741189	8
6	30742358	30740495	7
6	30742501	30742146	4
6	30742525	30742146	3
6	30742678	30741353	7
6	30742707	30742146	1
6	30742733	30742146	0
6	30742734	30742146	0
6	30744555	30743198	85
6	30830660	30798653	0
6	30830660	30812865	0
6	30847150	30839525	0
6	30875919	30866981	0
6	30888815	30888907	0
6	30888815	30888936	0
6	30888981	30889201	0
6	30889011	30889201	0
6	30890790	30890972	0
6	30899038	30899155	5
6	30911768	30912013	0
6	30912147	30912327	1
6	30913158	30913308	5
6	30914345	30914804	25
6	30914470	30914804	26
6	30914470	30914809	26
6	30918916	30919757	3
6	30923506	30924353	9
6	30931796	30931352	0
6	30931796	30931361	0
6	30932110	30931352	0
6	30949411	30952038	0
6	30952532	30931706	0
6	30953205	30945978	0
6	30953205	30952361	0
6	30954863	30953066	0
6	30954916	30953057	0
6	30962397	30961402	0
6	31056511	31056514	0
6	31112560	31111222	0
6	31120447	31115089	1
6	31138460	31138655	0
6	31139351	31137535	0
6	31143135	31142438	2
6	31143135	31142443	3
6	31143135	31142519	8
6	31143414	31142962	5
6	31143414	31143095	5
6	31144789	31143261	4
6	31145074	31143059	5
6	31145074	31144686	5
6	31145116	31144628	5
6	31145303	31144519	2
6	31145303	31144686	2
6	31145303	31144884	1
6	31150216	31148617	1
6	31150566	31150065	0
6	31150861	31150454	0
6	31150861	31150501	0
6	31151123	31150724	0
6	31151123	31150744	0
6	31151123	31150747	0
6	31154752	31150866	0
6	31154800	31150958	0
6	31154800	31150974	0
6	31154800	31151069	0
6	31154800	31151091	0
6	31156837	31150958	0
6	31156837	31154495	0
6	31156837	31154542	1
6	31156945	31150884	1
6	31156945	31150958	1
6	31156945	31154495	1
6	31156945	31154530	1
6	31156945	31154555	2
6	31156945	31154571	2
6	31156945	31154610	2
6	31156945	31154673	2
6	31156945	31154682	2
6	31156945	31154741	2
6	31157090	31149159	0
6	31157090	31150958	0
6	31157090	31154495	0
6	31157090	31154727	1
6	31157090	31156231	1
6	31157090	31156730	1
6	31157090	31156837	1
6	31157156	31156730	0
6	31157156	31156750	1
6	31157501	31156730	1
6	31157792	31156852	1
6	31158195	31156730	0
6	31158206	31156730	0
6	31161578	31161750	88
6	31165287	31164336	0
6	31165287	31164346	0
6	31165287	31164347	0
6	31165287	31164350	0
6	31165287	31164600	0
6	31165702	31165127	0
6	31165943	31165570	0
6	31166048	31165570	0
6	31166839	31165570	0
6	31166839	31165926	1
6	31167171	31165127	1
6	31170305	31169917	0
6	31170659	31165699	0
6	31170694	31165926	0
6	31174271	31173734	0
6	31180732	31165926	0
6	31201919	31200164	0
6	31224856	31224341	0
6	31269386	31268748	6
6	31269526	31269337	4
6	31269526	31269338	4
6	31269544	31269337	4
6	31269667	31268748	1
6	31270086	31269337	2
6	31270086	31269492	3
6	31270423	31269492	10
6	31270486	31269965	0
6	31270486	31270213	172
6	31271332	31270209	17
6	31271349	31270209	6
6	31271349	31270220	6
6	31271349	31270438	7
6	31271699	31271072	4
6	31271869	31270209	7
6	31271869	31271072	4
6	31271869	31271598	177
6	31272051	31270209	17
6	31272070	31271598	3
6	31272072	31271817	0
6	31272087	31271598	3
6	31272091	31271098	3
6	31272106	31271598	1
6	31272131	31271072	1
6	31294296	31293907	0
6	31308550	31307814	0
6	31354527	31353871	6
6	31354527	31354479	0
6	31354662	31354485	0
6	31354666	31354478	0
6	31354666	31354500	0
6	31354807	31353871	6
6	31355077	31354478	0
6	31355224	31269490	0
6	31355224	31354632	1
6	31355405	31354632	1
6	31355405	31355106	2
6	31355593	31354632	2
6	31355593	31355102	5
6	31355593	31355106	5
6	31355803	31355121	1
6	31356443	31355316	1
6	31356443	31355506	6
6	31356906	31355521	9
6	31356958	31355390	9
6	31356958	31356166	0
6	31357159	31356687	0
6	31357180	31356166	0
6	31357188	31356687	0
6	31357189	31356166	0
6	3138180	3140385	2
6	31382289	31382073	0
6	31463509	31463589	10
6	31520292	31519479	0
6	3153063	3138393	0
6	31530927	31530218	21
6	31530936	31530242	28
6	31530950	31530218	21
6	31531179	31530778	30
6	31531198	31530218	13
6	31531198	31530778	29
6	31531406	31530778	35
6	31531406	31531052	30
6	31531672	31531115	71
6	31531745	31531052	61
6	31532912	31531273	64
6	31532912	31531295	57
6	31532912	31531301	57
6	31534512	31532779	197
6	31535476	31532779	90
6	31535486	31531295	214
6	31535486	31532779	89
6	31536684	31532412	68
6	31536684	31532779	50
6	31536684	31535366	4
6	31536684	31535387	4
6	31536684	31535394	4
6	31536684	31535406	4
6	31538856	31536499	0
6	31538856	31536622	0
6	31538940	31536608	0
6	31539275	31538762	1
6	31539275	31538818	2
6	31539275	31538830	2
6	31539275	31538881	2
6	31540535	31536499	2
6	31540535	31539146	4
6	31540537	31539146	3
6	31540567	31539146	4
6	31540665	31536499	2
6	31540665	31539146	7
6	31541328	31536499	11
6	31541328	31539146	19
6	31541328	31540321	11
6	31541485	31540321	16
6	31541532	31540321	15
6	31541730	31540321	17
6	31541938	31540321	23
6	31541982	31540321	19
6	31541987	31541152	16
6	31541990	31540321	17
6	31541992	31541152	16
6	31542002	31539146	3
6	31542004	31540321	18
6	31542018	31540321	17
6	31542019	31540321	17
6	31542149	31540321	15
6	31542149	31540413	18
6	31542402	31540321	4
6	31542449	31536499	1
6	31542449	31539146	8
6	31542449	31540321	5
6	31544759	31542197	0
6	31546210	31541949	0
6	31546210	31544461	0
6	31546210	31544697	0
6	31546210	31545237	0
6	31546210	31545275	0
6	31546210	31545283	0
6	31546583	31546108	0
6	31546594	31545755	0
6	31546594	31546108	0
6	31546609	31546108	0
6	31546638	31546186	0
6	31546756	31546048	0
6	31546845	31546108	0
6	31546849	31546108	0
6	31548428	31546108	0
6	3155736	3153668	3
6	3155736	3154578	3
6	31572842	31572927	0
6	31581631	31580524	0
6	31581631	31580554	0
6	31582407	31580623	0
6	31587107	31587199	0
6	31587319	31587640	0
6	31587319	31587815	0
6	31587319	31587943	0
6	31587319	31588496	0
6	31587319	31588517	0
6	31587319	31588562	0
6	31587734	31587815	0
6	31587734	31587943	0
6	31587734	31587948	0
6	31587734	31588496	0
6	31587734	31588517	0
6	31587734	31588562	0
6	31587967	31588496	0
6	31587967	31588517	0
6	31587967	31588562	0
6	31589634	31588894	0
6	31589634	31589273	0
6	31589634	31589296	0
6	31615737	31616103	0
6	31616146	31616343	0
6	31625872	31626019	3
6	31633990	31634235	8
6	31634558	31634752	8
6	31635466	31635581	9
6	31635750	31635966	11
6	31636609	31636732	18
6	31636946	31637041	15
6	31637325	31637445	31
6	31639647	31639027	3
6	31639647	31639028	3
6	31639789	31639027	3
6	31640307	31639027	3
6	31640307	31639028	3
6	31640938	31640644	2
6	31640939	31640644	2
6	31641229	31640791	0
6	31641423	31641103	2
6	31641593	31641319	7
6	31641946	31640824	4
6	31641946	31641538	7
6	31642146	31641775	4
6	31642301	31641775	4
6	31642404	31641775	4
6	31642404	31641847	42
6	31643116	31641775	6
6	31643116	31642111	4
6	31643116	31642218	8
6	31643975	31643100	0
6	31643978	31642683	0
6	31643978	31642828	0
6	31643978	31642831	0
6	31643978	31642958	0
6	31643978	31643112	0
6	31644415	31644081	18
6	31644603	31644081	10
6	31644603	31644306	10
6	31644603	31644316	10
6	31644630	31644081	12
6	31645070	31644524	12
6	31645186	31644493	10
6	31645199	31643889	0
6	31645199	31644081	2
6	31645199	31644524	2
6	31647827	31646393	0
6	31647845	31646393	0
6	31648752	31646393	0
6	31648752	31647590	0
6	31648752	31647592	0
6	31648752	31647593	0
6	31648752	31647599	0
6	31648752	31647603	0
6	31648752	31647679	0
6	31648752	31647705	0
6	31648752	31647787	0
6	31648965	31648676	0
6	31649396	31648676	0
6	31649396	31648910	0
6	31649396	31648911	0
6	31657724	31658063	0
6	31658680	31660399	21
6	31664578	31661228	5
6	31664578	31662075	5
6	31664581	31662075	1
6	31665004	31662075	6
6	31665004	31663852	8
6	31665004	31663984	8
6	31665004	31664022	8
6	31665004	31664209	8
6	31665391	31663852	6
6	31668655	31669096	5
6	31669173	31669318	42
6	31671009	31671155	6
6	31672442	31673160	67
6	31679269	31676683	0
6	31679269	31676699	0
6	31679269	31676739	0
6	31679269	31676847	0
6	31679269	31676956	0
6	31680365	31676956	0
6	31681402	31679100	1
6	31681477	31679100	0
6	31681961	31681347	2
6	31683342	31679100	0
6	31684041	31679100	0
6	31684041	31681229	0
6	31687545	31686948	2
6	31687545	31686954	2
6	31687545	31686958	2
6	31687545	31686961	2
6	31687545	31686988	2
6	31687545	31687185	3
6	31687741	31687386	3
6	31687741	31687497	3
6	31687901	31687574	2
6	31687901	31687641	1
6	31687901	31687652	1
6	31688104	31687823	2
6	31688304	31687823	3
6	31688306	31687772	3
6	31688322	31687823	5
6	31688390	31687823	6
6	31689120	31688040	0
6	31689120	31688248	2
6	31689120	31688722	2
6	31689705	31688722	3
6	31689705	31689014	4
6	31691647	31690538	1
6	31691681	31690538	2
6	31691919	31691445	0
6	31691919	31691578	0
6	31691919	31691648	0
6	31692295	31691588	0
6	31693057	31691803	0
6	31693150	31691803	0
6	31693433	31692751	0
6	31693433	31692893	0
6	31693433	31693026	0
6	31701341	31700941	0
6	31702131	31700941	0
6	31703071	31700941	0
6	31703301	31700941	0
6	31703357	31700941	0
6	31712116	31702073	0
6	31712790	31711770	0
6	31712790	31712016	0
6	31712790	31712335	0
6	31712790	31712340	0
6	31713813	31712340	0
6	31713813	31712663	0
6	31714066	31712663	0
6	31714073	31712663	0
6	31715411	31715501	0
6	31720204	31718647	0
6	31724628	31724745	0
6	31724628	31724764	0
6	31724845	31724969	0
6	31727644	31727037	0
6	31727693	31727037	0
6	31728293	31727037	0
6	31728293	31727542	0
6	31728293	31727574	0
6	31728293	31727605	0
6	31728525	31728172	0
6	31728746	31727542	0
6	31728746	31728172	0
6	31728746	31728450	0
6	31728878	31728645	0
6	31729222	31728645	1
6	31729226	31728180	1
6	31729226	31728645	1
6	31729508	31728172	1
6	31729793	31728645	3
6	31730228	31728645	1
6	31730263	31728645	2
6	31730618	31728864	3
6	31732399	31730580	4
6	31732399	31730582	4
6	31740063	31740193	4
6	31759178	31759424	28
6	31761781	31761865	6
6	31761956	31762111	27
6	31762571	31762789	31
6	31762571	31763050	26
6	31764356	31764435	37
6	31765589	31764309	4
6	31766058	31765589	3
6	31766385	31765882	0
6	31766765	31766036	1
6	31766765	31766244	0
6	31766765	31766288	0
6	31767251	31766244	0
6	31773008	31771269	0
6	31773124	31770000	0
6	31776243	31775332	0
6	31776795	31775332	0
6	31776795	31775963	0
6	31776795	31776163	0
6	31776920	31776058	0
6	31778183	31777517	11
6	31779293	31777517	10
6	31779537	31778966	22
6	31779537	31779229	20
6	31780569	31779997	2
6	31780784	31780440	4
6	31780784	31780454	4
6	31780784	31780550	6
6	31780939	31780704	7
6	31781124	31780869	5
6	31781124	31780876	4
6	31781607	31781018	5
6	31781751	31780877	3
6	31781762	31781480	4
6	31781926	31781018	3
6	31781953	31781357	3
6	31781953	31781690	13
6	31781953	31781692	13
6	31781953	31781699	13
6	31782421	31781690	6
6	31782430	31782040	13
6	31782444	31782086	15
6	31782590	31782401	13
6	31782634	31782284	13
6	31782846	31782284	13
6	31782846	31782529	15
6	31783187	31782411	4
6	31783187	31782720	1
6	31783240	31782529	5
6	31784715	31784393	0
6	31785328	31784594	1
6	31785328	31784597	1
6	31785734	31785245	2
6	3179043	3177043	0
6	31793121	31792756	0
6	31795251	31792985	0
6	31795500	31792985	2
6	31798050	31797395	2
6	31806122	31798476	0
6	31806143	31797395	0
6	31806143	31797989	0
6	31806143	31798476	0
6	31806143	31802879	1
6	31806818	31798476	1
6	31815066	31809618	0
6	31815832	31816326	2028
6	31860179	31859051	60
6	31860265	31859051	4
6	31860622	31859051	4
6	31860622	31860041	2
6	31861451	31859051	3
6	31861451	31860438	2
6	31862192	31857658	3
6	31862797	31860041	1
6	31864681	31863576	0
6	31864737	31863191	0
6	31864737	31863194	0
6	31864737	31863453	0
6	31865785	31865497	0
6	31866127	31865689	0
6	31869255	31865872	0
6	31869258	31865872	0
6	31869258	31866058	0
6	31869638	31865872	0
6	31869638	31869154	0
6	31870703	31869154	0
6	31870703	31869541	0
6	31870703	31869544	0
6	31870703	31869595	0
6	31871203	31869544	0
6	31871398	31869544	0
6	31874847	31874459	0
6	31875029	31874459	0
6	31875029	31874524	0
6	31875029	31874720	0
6	31875029	31874821	0
6	31880849	31879758	0
6	31881093	31880672	1
6	31882786	31881013	0
6	31883010	31882698	0
6	31883440	31882893	0
6	31883812	31883882	4
6	31883951	31883361	1
6	31884560	31883805	1
6	31884560	31883818	1
6	31884800	31883805	16
6	31884800	31884391	19
6	31884807	31884391	23
6	31885017	31884644	14
6	31885017	31884672	14
6	31885056	31884644	15
6	31885142	31884391	9
6	31886438	31884644	6
6	31886683	31884644	7
6	31892563	31889467	0
6	31892735	31892406	0
6	31892735	31892417	0
6	31896505	31893361	4
6	31896517	31892825	1
6	31896825	31895400	0
6	31896825	31896262	4
6	31901993	31899606	8
6	3191231	3182743	0
6	3191258	3182743	0
6	31935403	31934473	0
6	31936062	31937318	0
6	31941725	31935339	0
6	31946607	31947006	0
6	31948082	31948373	1
6	31948962	31949242	0
6	31950404	31950618	2
6	31950945	31951143	0
6	31951605	31951874	0
6	31953832	31952086	2
6	31953832	31952227	2
6	31953832	31952228	2
6	31954135	31952226	1
6	31954135	31952227	1
6	31954135	31953728	3
6	31954135	31953757	3
6	31954443	31953728	1
6	31954443	31954079	2
6	31954803	31954297	48
6	31954878	31954297	15
6	31954878	31954388	21
6	31954893	31954297	1
6	31954893	31954303	1
6	31955097	31954297	1
6	31955097	31954554	0
6	31955097	31954772	0
6	31955097	31954819	0
6	31955294	31954554	0
6	31955294	31955058	0
6	31955294	31955064	0
6	31955294	31955083	0
6	31957011	31955218	0
6	31957011	31956692	0
6	31957436	31956940	0
6	31958447	31957399	0
6	31958455	31956692	0
6	31958455	31956940	0
6	31958455	31957317	0
6	31958480	31956940	0
6	31958572	31956940	0
6	31958920	31956940	0
6	31961095	31961195	0
6	31961095	31961340	0
6	31961095	31961546	4
6	31961387	31961546	4
6	31962799	31962984	2
6	31968083	31968327	2
6	31968120	31968327	2
6	31968797	31968870	0
6	31969090	31969279	4
6	31969317	31969514	24
6	31969421	31969514	44
6	31970204	31969809	7
6	31970204	31969812	7
6	31970204	31969814	7
6	31970204	31969816	7
6	31970204	31969843	7
6	31970204	31969906	9
6	31970204	31969947	11
6	31970379	31970108	24
6	31970479	31970108	18
6	31970753	31970342	22
6	31970826	31970108	15
6	31970826	31970342	22
6	31970924	31970592	26
6	31971140	31970605	20
6	31971148	31969814	17
6	31971148	31970108	17
6	31971148	31970342	22
6	31971148	31970605	20
6	31971148	31970642	23
6	31971582	31970911	28
6	31971682	31970911	32
6	31971684	31969886	20
6	31971686	31970911	35
6	31971726	31970897	27
6	31971726	31970911	27
6	31971985	31970911	27
6	31971990	31970911	28
6	31972010	31971319	26
6	31972096	31970108	23
6	31972099	31971319	23
6	31972137	31971319	18
6	31972163	31970441	22
6	31972210	31970605	27
6	31972217	31972301	4
6	31972239	31970911	20
6	31972253	31970342	26
6	31972291	31971319	23
6	31972293	31971319	21
6	31979554	31980450	14
6	31980549	31980653	8
6	31983200	31983277	0
6	31993826	31993915	0
6	31999145	31999486	0
6	31999192	31999305	0
6	31999397	31999486	0
6	32001156	32001320	0
6	32001411	32001495	0
6	32001595	32001776	0
6	32001861	32002122	0
6	32003522	31999975	0
6	32005891	32005987	0
6	32006078	32006365	0
6	32009200	32008613	1
6	32015938	32016015	0
6	32026564	32026653	0
6	32028278	32028456	0
6	32031882	32032223	0
6	32031929	32032042	0
6	32032134	32032223	0
6	32033893	32034057	0
6	32034148	32034232	0
6	32034332	32034513	0
6	32034598	32034859	0
6	32036259	32032712	0
6	32038625	32038721	0
6	32038812	32039060	0
6	32038812	32039074	0
6	32038812	32039093	0
6	32038812	32039109	0
6	32039648	32039748	0
6	32040585	32040667	0
6	32041935	32041152	0
6	32041935	32041153	0
6	32041935	32041154	0
6	32042363	32042011	0
6	32042607	32042265	0
6	32065118	32062156	0
6	32067985	32064820	0
6	32067985	32065080	0
6	32079366	32073646	0
6	32095192	32089222	0
6	32095192	32093213	0
6	32097450	32089222	0
6	32097450	32095075	0
6	32098199	32095610	0
6	32098207	32095610	0
6	32109222	32095578	0
6	32109314	32097795	0
6	32109333	32097795	0
6	32109339	32097795	0
6	32109375	32097795	0
6	32115335	32098175	0
6	32116565	32115263	12
6	32116565	32115351	12
6	32116816	32098175	0
6	32118867	32117858	1
6	32119142	32118774	19
6	32119142	32118830	17
6	32119958	32118955	2
6	32120020	32118776	2
6	32120421	32118955	7
6	32120903	32119823	8
6	32121125	32120441	7
6	32121125	32120508	10
6	32121125	32120770	6
6	32126253	32121262	0
6	32127195	32126041	0
6	32127195	32126116	0
6	32130292	32128706	3
6	32149723	32148358	0
6	32149858	32148358	0
6	32150584	32149536	0
6	32150907	32149536	0
6	32151900	32150367	1
6	32151900	32150494	1
6	32151924	32149536	1
6	32151938	32149536	1
6	32151953	32150367	1
6	32152176	32151808	1
6	32153084	32152094	2
6	32153173	32151980	1
6	32153837	32152094	4
6	32153837	32152801	2
6	32153837	32153339	2
6	32153837	32153384	2
6	32153909	32152801	5
6	32153961	32152971	2
6	32166233	32166497	8
6	32166267	32166497	9
6	32167006	32167086	8
6	32167006	32167102	8
6	32167006	32167146	8
6	32167430	32167502	18
6	32168537	32169292	340
6	32170039	32168211	18
6	32170261	32169965	1
6	32170601	32170164	4
6	32171071	32170424	5
6	32171506	32170164	4
6	32171506	32170936	8
6	32173116	32171296	4
6	32175898	32171249	1
6	32176123	32171296	0
6	32177081	32171296	1
6	32177326	32171296	0
6	32177343	32171296	0
6	32177787	32171296	0
6	32178097	32171296	2
6	32181434	32180967	2
6	32181478	32180967	2
6	32181478	32181142	2
6	32181633	32180967	2
6	32181636	32180967	2
6	32182389	32180967	2
6	32182900	32182567	2
6	32182932	32182246	2
6	32183024	32182538	2
6	32183024	32182567	2
6	32183202	32182840	2
6	32183202	32182867	2
6	32183202	32182879	2
6	32183441	32183113	1
6	32183709	32183323	1
6	32183751	32181350	2
6	32183751	32183113	1
6	32183751	32183275	2
6	32183751	32183323	2
6	32183751	32183408	2
6	32183988	32182840	2
6	32183988	32183323	2
6	32185883	32184732	29
6	32186691	32184740	18
6	32186902	32186603	7
6	32187396	32186812	10
6	32187516	32186255	13
6	32187783	32186972	9
6	32187783	32187232	6
6	32187783	32187241	6
6	32188505	32187965	24
6	32188797	32188256	19
6	32188817	32187965	18
6	32189078	32188279	20
6	32191871	32190765	6
6	32191909	32190765	5
6	32191909	32190766	5
6	32192251	32190765	1
6	32195524	32194736	3
6	32196422	32194842	0
6	32196978	32194842	0
6	32197073	32196323	0
6	32210937	32204136	0
6	32212628	32210751	0
6	32212628	32210925	0
6	32217068	32215225	0
6	32217267	32215859	0
6	32217267	32216944	0
6	3226270	3224260	0
6	3226270	3224282	0
6	32293665	32292955	0
6	32293738	32293028	0
6	32294036	32288525	0
6	32294036	32293668	0
6	32299937	32292697	0
6	32299937	32292699	0
6	32299937	32292714	0
6	32299937	32293286	0
6	32299937	32293739	0
6	32330600	32324655	0
6	32330610	32323590	0
6	32330610	32324655	0
6	32335933	32335436	0
6	32335935	32335436	0
6	32336636	32335436	0
6	32336636	32335911	0
6	32336636	32335929	0
6	32339000	32336614	0
6	32343259	32336629	0
6	32349761	32343237	0
6	32349830	32339599	0
6	32349830	32343237	0
6	32355145	32343237	0
6	32355145	32349739	0
6	32390754	32391612	0
6	32395026	32393962	0
6	32396387	32394735	0
6	32396387	32394743	0
6	32401806	32394735	0
6	32405287	32401784	0
6	32405287	32402934	0
6	32407124	32401784	0
6	32407124	32404938	0
6	32407124	32405174	0
6	32407124	32405179	0
6	32407129	32404938	0
6	32407129	32405036	0
6	32473501	32459820	0
6	32518078	32517342	0
6	32553400	32552712	1
6	32553400	32552948	0
6	32553400	32553045	1
6	32580271	32578768	0
6	3263760	3264173	10
6	3263760	3264208	10
6	3263760	3267590	13
6	32642254	32642609	0
6	32642254	32642951	0
6	32642785	32642951	0
6	32642785	32643292	0
6	3264326	3267590	13
6	32660441	32659885	0
6	32660883	32659466	0
6	32661458	32659466	0
6	32661458	32660106	0
6	32662249	32659466	0
6	32662451	32659885	0
6	32665068	32659466	0
6	32718148	32718405	0
6	32731696	32730757	0
6	3273413	3271773	8
6	32757305	32756097	0
6	32757884	32756097	0
6	32757884	32757280	0
6	32759132	32756097	0
6	32759132	32756387	0
6	32759132	32757280	0
6	3276977	3273355	0
6	32813472	32812762	5
6	32813472	32812766	5
6	32813472	32813046	2
6	32813834	32813439	1
6	32814602	32813439	0
6	32814602	32813722	0
6	32814602	32813766	0
6	32815202	32814319	0
6	32815314	32813722	0
6	32815314	32814319	0
6	32815314	32814369	0
6	32816953	32814319	0
6	32829035	32825409	39
6	32829537	32816860	0
6	32829537	32821832	4
6	32829537	32825414	4
6	32829537	32828908	6
6	32829537	32828943	6
6	32832462	32830617	14
6	32832734	32832294	10
6	32832825	32832332	5
6	3283976	3268961	0
6	3283976	3269457	1
6	3283976	3271773	0
6	3283976	3272828	0
6	3283976	3272829	0
6	3284121	3276680	1
6	32841736	32840716	2
6	32841736	32840737	2
6	32841736	32841020	4
6	32842035	32840716	2
6	32844275	32844569	10
6	32844275	32844644	7
6	32844275	32844809	8
6	32847205	32845208	0
6	32847205	32845231	0
6	32847205	32845250	0
6	32847205	32845269	2
6	32847676	32845674	2
6	3284960	3283851	0
6	3285112	3283464	0
6	3285112	3283851	0
6	3285112	3283873	0
6	32856206	32857262	0
6	32857395	32858004	0
6	3287092	3285078	0
6	3289867	3286858	0
6	3289867	3286983	0
6	32935378	32934628	11
6	32935653	32934628	14
6	32935653	32935341	18
6	32936887	32935341	11
6	32936902	32934628	10
6	32937440	32935341	7
6	32937457	32935535	7
6	32938689	32937171	6
6	32938966	32937171	1
6	32938966	32937363	3
6	32940816	32938683	0
6	32940985	32934628	2
6	32941071	32938683	0
6	32949400	32948612	0
6	32949400	32948770	2
6	32949672	32948612	2
6	32949788	32949270	2
6	32949890	32949270	21
6	32950804	32949270	26
6	32950804	32949273	26
6	32950804	32949610	26
6	32950804	32949656	32
6	32952462	32950083	14
6	32952462	32950518	14
6	32953062	32949610	9
6	32953109	32949610	9
6	32953109	32950518	9
6	32953123	32940752	1
6	32953123	32950518	9
6	32968445	32949610	0
6	32969095	32950518	0
6	32972854	32972064	282
6	32976937	32977259	69
6	32976937	32977416	64
6	32976937	32977441	66
6	32980133	32980341	22
6	3298219	3289763	0
6	3298219	3289765	0
6	33007216	33004177	50
6	33007216	33006606	0
6	33007593	33006800	2
6	33007593	33007079	2
6	33008055	33007079	2
6	33008095	33007496	3
6	33008125	33007444	3
6	33008262	33007310	2
6	33009580	33008012	0
6	33009583	33008060	0
6	33009613	33008012	0
6	33068805	33064568	14
6	33069249	33067659	116
6	33069301	33068637	119
6	33069887	33069018	4
6	33069887	33069103	4
6	33069887	33069161	4
6	33073616	33065006	5
6	33073634	33069640	8
6	33073670	33069640	3
6	33073773	33069640	2
6	33080535	33080671	10
6	33080535	33080688	12
6	33080711	33073470	2
6	33080756	33069640	2
6	33080768	33073470	2
6	33080776	33073501	2
6	33092401	33091752	0
6	33103998	33103793	0
6	33143326	33131215	0
6	33164474	33162680	0
6	33164474	33162691	0
6	33164474	33162694	0
6	33178186	33177661	0
6	33178353	33178131	0
6	33186819	33181110	0
6	33186819	33184991	0
6	33186819	33185700	0
6	33188525	33186444	0
6	33188525	33186626	0
6	33195051	33193587	33
6	33195051	33194219	48
6	33195361	33194663	11
6	33196037	33195569	16
6	33196607	33195906	10
6	33197942	33195784	2
6	33197942	33196433	4
6	33200615	33199168	9
6	33200638	33198307	5
6	33200689	33199168	8
6	33200939	33201241	110
6	33204721	33204901	3
6	3323319	3298090	0
6	3324003	3298090	0
6	3324003	3323265	0
6	3324166	3323341	0
6	3324184	3323886	0
6	33246857	33246074	0
6	33251637	33250271	5
6	33251637	33250605	3
6	33251637	33250810	2
6	33251972	33251517	1
6	33263550	33251859	1
6	33263550	33251916	1
6	33263614	33251859	1
6	33263880	33263483	1
6	33264104	33263483	0
6	33264104	33263771	0
6	33264104	33263782	0
6	33264223	33263547	0
6	33264304	33263771	0
6	33264498	33264007	0
6	33264565	33264007	3
6	33264901	33264078	5
6	33267740	33267187	2
6	33267998	33266556	0
6	33267998	33267465	0
6	33267998	33267681	0
6	33268154	33267864	0
6	33268209	33267864	0
6	33268209	33267869	0
6	33268209	33267870	0
6	33275658	33275796	65
6	33275884	33275964	3
6	33276067	33276175	42
6	33276268	33276390	61
6	33279611	33279107	13
6	33279860	33279107	2
6	33279860	33279496	2
6	33279860	33279570	2
6	33280988	33279763	5
6	33280988	33280427	16
6	33286895	33280427	0
6	33286895	33280673	0
6	33286895	33280915	0
6	33287430	33287090	6
6	33287506	33287090	4
6	33287719	33287354	3
6	33287719	33287491	3
6	33288003	33287613	0
6	33288027	33287242	3
6	33288027	33287613	0
6	33288027	33287663	0
6	33288236	33287613	3
6	33288236	33287964	3
6	33288471	33287964	4
6	33288471	33288055	5
6	33288471	33288147	4
6	33288695	33288147	4
6	33289621	33289769	19
6	33289629	33289769	21
6	33289629	33289774	21
6	33290245	33290325	5
6	33290451	33290715	32
6	33292545	33291653	5
6	33292545	33292105	5
6	33293307	33292429	2
6	33293525	33293015	2
6	33293525	33293094	13
6	33293700	33293015	8
6	33295760	33295318	12
6	33296326	33295507	10
6	33296465	33295507	13
6	33296465	33295686	14
6	33296465	33295805	12
6	33296465	33296027	8
6	33296465	33296098	5
6	33296465	33296156	4
6	33296777	33296413	4
6	33296777	33296443	2
6	33297104	33296597	2
6	33297116	33296597	2
6	33297344	33297031	2
6	33297387	33296597	2
6	33297693	33297031	2
6	33297987	33297031	1
6	33297994	33297213	0
6	33298522	33297031	2
6	33298652	33297031	4
6	33298811	33297031	3
6	33298931	33297031	6
6	33303990	33299693	4
6	33303990	33301684	2
6	33303990	33301759	2
6	33304218	33303572	3
6	33304218	33303954	2
6	33304639	33304127	35
6	33305388	33304267	3
6	33305388	33304296	3
6	33308159	33304988	0
6	33313478	33303662	1
6	33313478	33304299	0
6	33313478	33304988	0
6	33313478	33305108	0
6	33313478	33308104	0
6	33313865	33304988	0
6	33313865	33313216	0
6	33313865	33313296	10
6	33313956	33313013	4
6	33314216	33313216	0
6	33317736	33314417	4
6	33317942	33316468	0
6	33317943	33314405	1
6	33319050	33318558	23
6	33319220	33318557	13
6	33319220	33318558	13
6	33319855	33318996	14
6	33319855	33319201	102
6	33320225	33319379	12
6	33320225	33319532	41
6	33320225	33319584	38
6	33320461	33319663	49
6	33321568	33320379	150
6	33321870	33320379	70
6	33321975	33320735	7
6	33321978	33320735	7
6	33321978	33321385	24
6	33322009	33321239	50
6	33322804	33321781	0
6	33322919	33320868	0
6	33322931	33320379	0
6	33322946	33321718	0
6	33322958	33321610	0
6	33323011	33321718	0
6	33323015	33321718	0
6	33323017	33320735	0
6	33323017	33321718	0
6	33324031	33321718	0
6	33324031	33323624	0
6	33413558	33413735	3
6	33414830	33414954	0
6	33414830	33414965	0
6	33415330	33415589	4
6	33415334	33415592	4
6	33416777	33416549	142
6	33416970	33416441	8
6	33416970	33416541	8
6	33416970	33416542	8
6	33416970	33416549	10
6	33416970	33416550	10
6	33416970	33416551	10
6	33416970	33416618	12
6	33416970	33416748	8
6	33417143	33416549	5
6	33417143	33416919	5
6	33417311	33416549	5
6	33417311	33416919	4
6	33417311	33417096	2
6	33417544	33417096	1
6	33417696	33417096	5
6	33417696	33417246	214
6	33417696	33417250	214
6	33417817	33417250	141
6	33417890	33417096	69
6	33417922	33417250	166
6	33418044	33417250	83
6	33418059	33417480	36
6	33418071	33417480	36
6	33418087	33417480	31
6	33418108	33417480	30
6	33418109	33416560	53
6	33418123	33417480	28
6	33418143	33417480	25
6	33418188	33417983	10
6	33418289	33417250	7
6	33418318	33417480	4
6	33446799	33437362	0
6	33454232	33455029	0
6	33454454	33446605	16
6	33454632	33455029	6
6	33454776	33455029	3
6	33455488	33455599	40
6	33574215	33572546	7
6	33574215	33572551	7
6	33583757	33583936	0
6	33593339	33586105	0
6	33695086	33695711	10
6	33697751	33695348	8
6	33700514	33696760	5
6	33700514	33697567	6
6	33700514	33697622	7
6	33725617	33721669	0
6	33725617	33722396	0
6	33728301	33726730	0
6	33735656	33728086	0
6	33735656	33728269	0
6	33772779	33771221	10
6	33777057	33771201	2
6	33777057	33771221	9
6	33777057	33771431	7
6	33777057	33771696	4
6	33777057	33772324	3
6	33777057	33772766	1
6	33777145	33776953	0
6	33777240	33776613	7
6	33777240	33776953	0
6	33777240	33777011	0
6	33777240	33777034	0
6	33778340	33777137	0
6	33778388	33777137	0
6	33778388	33777153	0
6	3377987	3323833	0
6	33780180	33777137	0
6	33780180	33778241	1
6	33780180	33778318	1
6	33780180	33778330	1
6	33780300	33778241	1
6	33781154	33780001	0
6	33781154	33780099	0
6	33781548	33780099	0
6	33782247	33778241	2
6	33795606	33794672	0
6	33795606	33794699	0
6	33795606	33794786	0
6	33892751	33891796	0
6	33892780	33891701	0
6	33893654	33867505	0
6	33893700	33889510	0
6	33893700	33892309	0
6	34024714	34022137	0
6	34028367	34018644	0
6	34028367	34021850	0
6	34028367	34021853	0
6	34028367	34022177	0
6	34028367	34022184	0
6	34028367	34022432	0
6	34028367	34022596	0
6	34028367	34022820	0
6	34040749	34040177	0
6	34056324	34040710	0
6	34056685	34040547	0
6	34056685	34040704	0
6	34059129	34040547	0
6	34059129	34056543	0
6	34062029	34054178	0
6	34092100	34058973	0
6	34092100	34061892	0
6	34100089	34061892	0
6	34102152	34091882	0
6	3410343	3323341	0
6	3410343	3323833	0
6	34103851	34091882	0
6	34103855	34091882	0
6	34111035	34091882	0
6	34133022	34091882	0
6	34133361	34091583	0
6	34133860	34058973	0
6	34133860	34061892	0
6	34133860	34091882	0
6	34155623	34091882	0
6	34236964	34237203	45
6	34247150	34246379	3
6	34247150	34246380	3
6	34247150	34246394	3
6	34247150	34246484	2
6	34247493	34247043	5
6	34247865	34246448	5
6	34247865	34247043	2
6	34247865	34247466	9
6	34248986	34247680	1
6	34248990	34247466	6
6	34248990	34247680	1
6	34248990	34247740	4
6	34249021	34247680	2
6	34249041	34247740	1
6	34249055	34247029	0
6	34249056	34247680	1
6	34249109	34247680	1
6	34249471	34247680	0
6	34281322	34283872	50
6	34282563	34283872	41
6	34293536	34279678	2
6	34293536	34284886	0
6	34293536	34286968	0
6	34293536	34288849	0
6	34417898	34417453	32
6	34418425	34295640	0
6	34418425	34341861	0
6	34418425	34417453	26
6	34418425	34417466	25
6	34418425	34417797	28
6	34421808	34417453	4
6	34421808	34418368	10
6	34424841	34421729	9
6	34424841	34421765	9
6	34425149	34424668	0
6	34425222	34424275	10
6	34425222	34424668	14
6	34539397	34537801	0
6	34606905	34587287	0
6	34606905	34590508	0
6	34646799	34606554	0
6	34654780	34606554	0
6	34696848	34654624	0
6	34696860	34654624	0
6	348275	348768	0
6	34879737	34877461	8
6	34880064	34877777	11
6	34880377	34877777	3
6	34883081	34880288	6
6	348842	350821	16
6	34888028	34882931	2
6	34888072	34882931	0
6	34888090	34882931	0
6	35087050	35088605	0
6	35119392	35118070	0
6	35119392	35118071	0
6	35119392	35118073	0
6	35119392	35118076	0
6	35119392	35118134	0
6	35119392	35118268	0
6	35120341	35119227	0
6	35120341	35119239	0
6	35120647	35120158	0
6	35120647	35120185	0
6	35121046	35120428	0
6	35122338	35120908	0
6	35128420	35122285	0
6	35128792	35122308	0
6	35129183	35122116	0
6	35129183	35122198	0
6	35129183	35122251	0
6	35129183	35122296	0
6	35129183	35128282	0
6	35129183	35128357	0
6	35129183	35128579	0
6	35129183	35128688	0
6	35129183	35128704	0
6	35136204	35129061	0
6	35136219	35129061	0
6	35136219	35129114	0
6	35137853	35136106	0
6	35140226	35122304	0
6	35140226	35129061	0
6	35140226	35136106	0
6	35140226	35136126	0
6	35140226	35137745	0
6	35140885	35129061	0
6	35140885	35136106	0
6	35140885	35137690	0
6	35141028	35129061	0
6	35141028	35136106	0
6	35141311	35122116	0
6	35141314	35129061	0
6	35141314	35136106	0
6	35141317	35129061	0
6	35141324	35136106	0
6	35141354	35129061	0
6	35141372	35136106	0
6	35148611	35136106	0
6	35279820	35279176	0
6	35286209	35286321	4
6	35290717	35291277	0
6	35293916	35294455	5
6	35294570	35295143	6
6	35468440	35468798	29
6	35468874	35468946	76
6	35469028	35469380	265
6	35469286	35469380	244
6	35475489	35473596	6
6	35475489	35474891	3
6	35500153	35497873	0
6	35500153	35497876	0
6	35503658	35499980	0
6	35503658	35500069	0
6	35503849	35503385	0
6	35503849	35503558	0
6	35504137	35503558	0
6	35505854	35503736	0
6	35505854	35503750	0
6	35509751	35509208	0
6	35509929	35509633	0
6	35509929	35509723	0
6	35511011	35509826	0
6	35511026	35509826	0
6	35511807	35510705	0
6	35511807	35510860	0
6	35511968	35509208	0
6	35512271	35509826	0
6	35512271	35510860	0
6	35577234	35573584	1
6	35577234	35573589	1
6	35587118	35580035	0
6	35591221	35587033	0
6	35597405	35580556	0
6	35619211	35597247	0
6	35688916	35642719	0
6	35688938	35642719	0
6	35688943	35642719	0
6	35720549	35642719	0
6	35735365	35733866	0
6	35795854	35794981	0
6	35797345	35794981	0
6	35838430	35832965	5
6	35838430	35833033	5
6	35838842	35835427	15
6	35857369	35842534	2
6	35869111	35857260	0
6	35869139	35856933	0
6	35869902	35869009	1
6	35870495	35869481	2
6	35870495	35869666	2
6	35870991	35869588	2
6	35874340	35872562	0
6	35886812	35874232	0
6	35886812	35874239	0
6	35888112	35886723	0
6	35888112	35886725	0
6	35888112	35886782	0
6	35888924	35887824	0
6	35888924	35888023	0
6	35891014	35888814	0
6	35891042	35888814	0
6	35895720	35890894	0
6	35904975	35888814	0
6	35904975	35890894	0
6	35920529	35870933	0
6	35920529	35888814	0
6	35920529	35890894	0
6	35920529	35890948	0
6	35921066	35890894	0
6	35951348	35943513	0
6	35951348	35943517	0
6	35951348	35943519	0
6	35951348	35943520	0
6	35951348	35943694	0
6	35960913	35959713	0
6	35961100	35960842	0
6	35962622	35959926	0
6	35962622	35960992	0
6	35990437	35989514	0
6	35991375	35990252	0
6	35991809	35982120	0
6	35997920	35982120	0
6	35997920	35992509	0
6	36000109	35997737	0
6	36000109	35997837	0
6	36012320	35999991	0
6	36012373	35999991	0
6	36019710	35999991	0
6	36019710	36012232	0
6	36019710	36012248	0
6	36027885	36028190	58
6	36138781	36138878	0
6	36179708	36146697	0
6	36179708	36158067	0
6	3623944	3594246	0
6	36319611	36315756	0
6	36366976	36354090	0
6	36366976	36354220	0
6	36366976	36366193	0
6	36366976	36366194	0
6	36391875	36391000	0
6	36400525	36391766	0
6	36400585	36390550	0
6	36496806	36493891	2
6	36524464	36521733	0
6	36600277	36601151	31
6	36601191	36601707	4
6	36601795	36601961	4
6	36743763	36740774	0
6	36743763	36740777	0
6	36743763	36742372	0
6	36744326	36743688	0
6	36744527	36743688	0
6	36745151	36743688	0
6	36756299	36748220	0
6	36756299	36753033	0
6	36757382	36756244	0
6	36757390	36756244	0
6	36757401	36754232	0
6	36757410	36756244	0
6	36762993	36756244	0
6	36762993	36756286	0
6	36775066	36765334	0
6	36778958	36774960	0
6	36792097	36778853	0
6	36792097	36778855	0
6	36856655	36854826	4
6	36944676	36940070	0
6	36970115	36968140	36
6	36970115	36968759	44
6	36970115	36968911	50
6	36970474	36969465	12
6	36970474	36970038	9
6	36970695	36970055	8
6	37013766	37013961	0
6	37021605	37022238	0
6	37022371	37025791	0
6	37027576	37027947	0
6	37215283	37212180	0
6	37215283	37212675	0
6	37218490	37217641	0
6	37219042	37212179	0
6	37219042	37215197	0
6	37257597	37218425	0
6	37257624	37218425	0
6	37257637	37212180	0
6	37257638	37215197	0
6	37258156	37218169	0
6	3727663	3722613	5
6	3727663	3722619	5
6	3738895	3738056	1
6	3739162	3738795	2
6	37461646	37461969	4
6	37484863	37482919	0
6	3751530	3739057	0
6	3751533	3738061	2
6	3752027	3738056	0
6	37545799	37543552	0
6	37546756	37545746	0
6	37547281	37546590	0
6	37632397	37630765	0
6	37638314	37630678	0
6	37638314	37632257	0
6	37638314	37633736	0
6	37638668	37637959	0
6	37638668	37638204	0
6	37639825	37638204	0
6	37641898	37638627	2
6	37643944	37638536	0
6	37643944	37638654	0
6	37643944	37643277	0
6	37646375	37644496	0
6	37646376	37644496	0
6	37646376	37645932	0
6	37647273	37646267	0
6	37647273	37646302	0
6	37647325	37646197	0
6	37650406	37648981	0
6	37652341	37649870	0
6	37652341	37650108	0
6	37655897	37654273	0
6	37655897	37654799	0
6	37658420	37654799	0
6	37658420	37655699	0
6	37658420	37655722	0
6	37658420	37655879	0
6	37818819	37815776	0
6	38192598	38168450	0
6	38192598	38171892	0
6	38192598	38174958	0
6	38256517	38192518	0
6	3849487	3849788	15
6	38504563	38344983	0
6	38577720	38344983	0
6	38577720	38402816	0
6	38577720	38504493	0
6	38577720	38571709	0
6	38580438	38577598	0
6	38580438	38577599	0
6	38592841	38580217	0
6	38594328	38592575	0
6	38594336	38592575	0
6	38594376	38592575	0
6	38595989	38592575	0
6	38595989	38593963	0
6	38596068	38593963	0
6	38598058	38593963	0
6	38598095	38593963	0
6	38598122	38593963	0
6	38598122	38594235	0
6	38682102	38675924	1
6	38682102	38675942	1
6	38715218	38714050	0
6	38925052	38923028	0
6	38931372	38924912	0
6	38931374	38929349	0
6	38936393	38924912	0
6	39109573	39104063	3
6	39115072	39113074	1
6	39115190	39104063	3
6	39194338	39188972	0
6	39300524	39299011	0
6	39304132	39299000	0
6	39304132	39300372	0
6	39304656	39303956	0
6	39311008	39303978	0
6	39311008	39304494	0
6	39316443	39314697	0
6	39316948	39314820	0
6	39316948	39314947	0
6	39316948	39315001	0
6	39316948	39316170	0
6	39316948	39316301	0
6	39343816	39329989	0
6	39343816	39335099	0
6	39343816	39336153	0
6	39343816	39343335	0
6	39357375	39345699	0
6	39357375	39346475	0
6	39578160	39545582	0
6	39584985	39578055	0
6	39584985	39583174	0
6	39634959	39613188	0
6	39639684	39634848	0
6	39639758	39634848	0
6	39714767	39639609	0
6	39714767	39639677	0
6	39714767	39689977	0
6	39861018	39861122	0
6	39867844	39868822	0
6	39884025	39881803	0
6	39884070	39886420	0
6	39886448	39887485	0
6	39887593	39888678	3
6	39888932	39883949	0
6	39891380	39888789	0
6	39891380	39888873	0
6	39891764	39891305	0
6	39897253	39888569	0
6	39897354	39891622	0
6	39897381	39891305	0
6	39899013	39897339	0
6	39900072	39898960	0
6	39904263	39899577	4
6	39909103	39904164	0
6	39909103	39905058	0
6	39909103	39905524	2
6	39909103	39906356	0
6	39909956	39904142	6
6	39909956	39905320	0
6	39909956	39909039	0
6	39909956	39909046	0
6	39909956	39909054	0
6	39913836	39913316	0
6	39916233	39913707	0
6	39916233	39913773	0
6	39925846	39916067	0
6	39927456	39925677	0
6	39927456	39925716	0
6	39927588	39925677	0
6	39927717	39925677	0
6	39934425	39925677	0
6	39934498	39925677	0
6	4021216	4018842	0
6	40276127	40271565	0
6	40346152	40344343	0
6	40369475	40358743	0
6	40378573	40378722	0
6	40433132	40391585	0
6	40502394	40501630	0
6	4050519	4049433	0
6	40517514	40505506	0
6	40517514	40516335	0
6	4056436	4056526	2
6	4056436	4057035	3
6	4056689	4057035	5
6	40587466	40431713	0
6	4060645	4061014	92
6	4060687	4061014	92
6	4061148	4061654	153
6	4061701	4062212	67
6	4063120	4064800	38
6	40714399	40713410	0
6	4073343	4050460	0
6	4073343	4068361	0
6	4073343	4068366	0
6	4073343	4068695	0
6	4073343	4069890	0
6	4073508	4073274	0
6	4073508	4073291	0
6	4074457	4073432	0
6	4074662	4073457	0
6	4084811	4073432	0
6	4087333	4073274	0
6	41030502	41026910	0
6	41030502	41028370	0
6	41030502	41028372	0
6	41034182	41032883	0
6	41035136	41033626	0
6	41035136	41033880	0
6	41052364	41034689	0
6	41068954	41064777	2
6	41068954	41066474	2
6	41068954	41066800	5
6	41068954	41067180	5
6	41068954	41067196	5
6	41068954	41067400	5
6	41070135	41052264	0
6	41070135	41066787	0
6	41070135	41066792	0
6	41070135	41066938	1
6	41070135	41068840	0
6	41071218	41070075	0
6	41071277	41067126	0
6	41071277	41067145	0
6	41071277	41069037	0
6	41071277	41070075	0
6	41071676	41070824	2
6	41071676	41071040	0
6	41071676	41071131	2
6	41071841	41071131	2
6	41072321	41071595	2
6	41072469	41071595	0
6	41072490	41071595	2
6	41072491	41071595	2
6	41072525	41071131	0
6	41072530	41071595	0
6	41072535	41071595	0
6	41072539	41071595	0
6	41072564	41071498	2
6	41072578	41071595	0
6	41072592	41071595	0
6	41072615	41071595	0
6	41075350	41071595	2
6	41097759	41071595	1
6	41097788	41075476	5
6	41150314	41149602	0
6	41150314	41149603	0
6	41150314	41149803	0
6	41150908	41149341	0
6	41159067	41158506	0
6	41159107	41158505	0
6	41159883	41158506	0
6	4117452	4115688	0
6	4117452	4115692	0
6	4117452	4115699	0
6	4117452	4115701	0
6	4117452	4115705	0
6	4117452	4115706	0
6	4119276	4115707	1
6	41192902	41190276	0
6	41209731	41208712	0
6	41215820	41209598	0
6	41215820	41209633	0
6	4125371	4119185	2
6	4126238	4117307	2
6	4126238	4119185	0
6	4126238	4125249	0
6	4127832	4117307	0
6	4127832	4119185	2
6	4127832	4125249	0
6	4127832	4126134	0
6	41281154	41267925	0
6	41281154	41275203	0
6	41281235	41275985	0
6	41282752	41275620	0
6	41282752	41279538	0
6	41282752	41280960	0
6	41286666	41282394	0
6	41286683	41282253	0
6	41286683	41282394	0
6	41286720	41282394	0
6	4130250	4127761	0
6	4130362	4130484	97
6	4130561	4127761	0
6	4130561	4127813	0
6	4130561	4130178	4
6	4130643	4127761	0
6	4130866	4127761	0
6	4130866	4130317	0
6	4130866	4130371	0
6	4133702	4130766	0
6	4133712	4130766	0
6	4133783	4130766	0
6	4135598	4130766	0
6	41546075	41523896	0
6	41546177	41523894	0
6	41546244	41494852	0
6	41547549	41523904	0
6	41548622	41523894	0
6	41638653	41638738	0
6	41686238	41683977	0
6	41686238	41683978	0
6	41686238	41683979	0
6	41687170	41686089	0
6	41687810	41686528	0
6	41687810	41687093	0
6	41687810	41687162	0
6	41688029	41687752	0
6	41688201	41687093	0
6	41689812	41687907	0
6	41689812	41687909	0
6	41690918	41689730	0
6	41691043	41689730	0
6	41691236	41689730	0
6	41691236	41690662	0
6	41691236	41690893	0
6	41691477	41690662	0
6	41705753	41691000	0
6	41705941	41691000	0
6	41723727	41691000	0
6	41732740	41691000	0
6	41732768	41691000	0
6	41733829	41691177	0
6	41733854	41691000	0
6	41734195	41691177	0
6	41734402	41691000	0
6	41735061	41691115	0
6	41735061	41732648	0
6	41735528	41691000	0
6	41735609	41691000	0
6	41736260	41691000	0
6	41737829	41736710	0
6	41740611	41739798	0
6	41741844	41740837	0
6	41742490	41740490	0
6	41742490	41740601	0
6	41744515	41743270	0
6	41744809	41742289	0
6	41744809	41744396	0
6	41744809	41744478	0
6	41771965	41770175	3
6	41772960	41771815	1
6	41775606	41772797	0
6	41775606	41772843	0
6	41777011	41775418	0
6	41777011	41775562	0
6	41777011	41776418	3
6	41783606	41783733	0
6	41783606	41784130	0
6	41786333	41786439	4
6	41786543	41778032	0
6	41798930	41789895	4
6	41798930	41796497	0
6	41798930	41796676	0
6	41799939	41797644	0
6	41799939	41798723	0
6	41799939	41798874	0
6	41807012	41803805	0
6	41871638	41805627	0
6	41871638	41806938	0
6	4188110	4186623	0
6	41909523	41905353	0
6	41909523	41905354	0
6	41909523	41906195	0
6	41909523	41906803	0
6	41909523	41907266	0
6	41913101	41909268	0
6	41916940	41908951	0
6	41916940	41909268	0
6	41916940	41909344	0
6	41916940	41912984	0
6	41917615	41916784	0
6	41917917	41916855	0
6	41920944	41916784	0
6	41921094	41916784	0
6	41921100	41916784	0
6	41921120	41916784	0
6	41921140	41909268	0
6	41936696	41934932	1
6	41936696	41934933	1
6	41936696	41934955	11
6	41936696	41934984	39
6	41937395	41935434	3
6	41937395	41935895	1
6	41937395	41936195	2
6	41937395	41936483	0
6	41937395	41936558	0
6	41937395	41936648	2
6	41937395	41936651	2
6	41937395	41936672	2
6	41938267	41937234	2
6	41940586	41936854	0
6	41940586	41937234	0
6	41940586	41937712	0
6	41940727	41937234	0
6	41941162	41940493	0
6	41941520	41940369	2
6	41941756	41937234	0
6	41941767	41936783	0
6	41941849	41940369	2
6	42030191	41937174	0
6	42030191	41937234	0
6	42030191	41940409	0
6	42048677	41940369	0
6	42048687	42030008	0
6	42048689	41937234	0
6	42048689	41940369	0
6	42048689	41940951	0
6	42048689	42030008	0
6	42048691	41937005	0
6	42048691	41937234	0
6	42048691	42030008	0
6	42048703	42010837	0
6	42048705	41937234	0
6	42048709	41940369	0
6	42048895	41937234	0
6	42048895	42030008	0
6	42048969	41940369	0
6	42050358	41940369	0
6	42107584	42101117	0
6	42128779	42110215	0
6	42128779	42126376	0
6	42185798	42184400	0
6	42208948	42206800	7
6	42232893	42224930	0
6	42232893	42225224	0
6	42232893	42228125	0
6	42232893	42228148	0
6	42232929	42228148	0
6	42236412	42228148	1
6	42704612	42696599	0
6	42886471	42887159	236
6	42935623	42935623	7
6	42964930	42963869	4
6	42964930	42964334	4
6	43008066	43008200	2
6	43013029	43011142	2
6	43013029	43012081	0
6	43013029	43012093	0
6	43020726	43021091	181
6	43038473	43037616	3
6	43038473	43037619	3
6	43042985	43040914	0
6	43043631	43043073	4
6	43044886	43043447	4
6	43045683	43045226	2
6	43046092	43045586	6
6	43055619	43054028	3
6	43055718	43054231	3
6	43056008	43054231	4
6	43056008	43055544	5
6	43056197	43055544	5
6	43056197	43055891	3
6	43056197	43055896	3
6	43056446	43055615	2
6	43056446	43055896	2
6	43056446	43056080	2
6	43058234	43054234	2
6	43058234	43056306	1
6	43059369	43058064	0
6	43059395	43058064	0
6	43059407	43058064	1
6	43059417	43058064	1
6	43059422	43057570	0
6	43059435	43058064	1
6	43059439	43057697	0
6	43059807	43058064	2
6	43060277	43060517	0
6	43070456	43070691	0
6	43142300	43143416	4
6	43142499	43143384	3
6	43142499	43143416	3
6	43142503	43143416	2
6	43144607	43145199	0
6	43188119	43188522	0
6	43196266	43196644	0
6	43213568	43213702	3
6	43220912	43221157	6
6	43221779	43222315	2
6	43222391	43222530	0
6	43222642	43222778	1
6	43222897	43223263	18
6	43223398	43224094	3
6	43223861	43213800	1
6	43226144	43225628	21
6	43226144	43225630	21
6	43226396	43225634	2
6	43226396	43226032	2
6	43226628	43226048	1
6	43299098	43299389	0
6	43299275	43299389	0
6	43306125	43299709	0
6	43306125	43305471	0
6	43306125	43305716	0
6	43306314	43305512	0
6	43306314	43305824	0
6	43306314	43306066	0
6	43306462	43306218	0
6	43306518	43306218	0
6	43306644	43306066	0
6	43307130	43306226	0
6	43307744	43306218	0
6	43307744	43306445	0
6	43307877	43307611	0
6	43307897	43307502	0
6	43307897	43307611	0
6	43308410	43307133	0
6	43308410	43307838	5
6	43308789	43307838	0
6	43318470	43308314	0
6	43318470	43311132	0
6	43331853	43318301	0
6	43331857	43318301	0
6	43340909	43336069	22
6	43342837	43331488	1
6	43342880	43331697	0
6	43365441	43357125	0
6	43438014	43438623	2
6	43443160	43443932	6
6	43451992	43450351	1
6	43452085	43450351	0
6	43452085	43450353	0
6	4346870	4345742	0
6	43500773	43501525	5
6	43502618	43503400	2
6	43503707	43504760	24
6	43504668	43504760	29
6	43505661	43506448	102
6	43507679	43506968	1
6	43512564	43511826	11
6	43512564	43511839	15
6	43512564	43511927	36
6	43512564	43512158	4
6	43512564	43512219	4
6	43512875	43512439	2
6	43512875	43512454	2
6	43512875	43512457	2
6	43512875	43512534	4
6	43513099	43512760	4
6	43513193	43512439	4
6	43513201	43512760	5
6	43513201	43512762	5
6	43513201	43512827	4
6	43513232	43512760	4
6	43513452	43512760	5
6	43513452	43513068	7
6	43513452	43513141	6
6	43513634	43513213	7
6	43513634	43513358	3
6	43513722	43513358	3
6	43513839	43513068	2
6	43515307	43513587	3
6	43515648	43513587	4
6	43515689	43515192	2
6	43515702	43513448	3
6	43515702	43513587	3
6	43515702	43513595	2
6	43516047	43515594	5
6	43516096	43515536	5
6	43516096	43515594	19
6	43516114	43515594	32
6	43516188	43512465	4
6	43516188	43513587	3
6	43516188	43515594	8
6	43516188	43515605	8
6	43516191	43515594	6
6	43516392	43515594	5
6	43519441	43519705	25
6	43519839	43520065	44
6	43519839	43520274	38
6	43519906	43520065	53
6	43520186	43520274	16
6	43520428	43520624	21
6	43520428	43520931	23
6	43520775	43520931	25
6	43521049	43521181	31
6	43524636	43522329	5
6	43524636	43522336	6
6	43524969	43524470	5
6	43524969	43524476	5
6	43524969	43524533	6
6	43526626	43524470	0
6	43527732	43526684	11
6	43528205	43527670	2
6	43528206	43527185	6
6	43528206	43527633	2
6	43528868	43528158	3
6	43528914	43528158	3
6	43528926	43528158	3
6	43530825	43528827	3
6	43534008	43531478	2
6	43546753	43533352	0
6	43546753	43533906	5
6	43547708	43546570	0
6	43548461	43547607	0
6	43548471	43547685	0
6	43549579	43548260	0
6	43549935	43549488	0
6	43549935	43549533	0
6	43551454	43549892	0
6	43553504	43551297	1
6	43553504	43551323	1
6	43555965	43553372	0
6	43558592	43555835	0
6	43560304	43555835	0
6	43562334	43560923	0
6	43562347	43560923	0
6	43565737	43562246	0
6	43570995	43570501	0
6	43572579	43570856	0
6	43572579	43570929	0
6	43591363	43588229	8
6	43620334	43605315	2
6	43621791	43620118	90
6	43621791	43620489	155
6	43622168	43620481	19
6	43622168	43620489	19
6	43622168	43621721	19
6	43622168	43621760	25
6	43622805	43620489	15
6	43622805	43622002	23
6	43623796	43622632	20
6	43623796	43622950	30
6	43624730	43623932	0
6	43625063	43624509	13
6	43625063	43624560	15
6	43625561	43624613	23
6	43625561	43624887	13
6	43625865	43624887	9
6	43625865	43625362	0
6	43675272	43671302	1
6	43675618	43671509	0
6	43675618	43671783	0
6	43729293	43722785	0
6	43774393	43777468	0
6	43778919	43780731	6
6	43778919	43781955	6
6	43778919	43784540	6
6	43780786	43781955	7
6	43780804	43781955	7
6	43780804	43784540	6
6	43780855	43781955	9
6	43782053	43784540	7
6	43782088	43784540	4
6	43782088	43784606	8
6	43848933	43844877	0
6	43848933	43847097	0
6	43851887	43850095	0
6	43852304	43851588	0
6	43852318	43850095	0
6	43852334	43851756	0
6	43999509	43995722	1
6	43999509	43997181	4
6	44000701	44000973	0
6	44000701	44001016	0
6	44001117	44000590	0
6	44003650	44001042	0
6	44074653	44001042	0
6	44116630	44113453	0
6	44179631	44179951	0
6	44180663	44180747	0
6	44180806	44180932	0
6	44230047	44230346	19
6	44230047	44230366	19
6	44232429	44232806	18
6	44256497	44254095	4
6	44256497	44254101	4
6	44256497	44254105	23
6	44256879	44254095	5
6	44256879	44254101	5
6	44257555	44254095	1
6	44257555	44254101	1
6	44257572	44254101	1
6	44259285	44258692	15
6	44260145	44259212	0
6	44260283	44258165	0
6	44260540	44260042	0
6	44261849	44260450	0
6	44261849	44260473	0
6	44282560	44278742	0
6	44286354	44280164	0
6	4428952	4304941	0
6	44301267	44299653	18
6	44301421	44300571	0
6	44301465	44301155	0
6	44307032	44306493	1
6	44307076	44307233	0
6	44307395	44306922	0
6	44310444	44307248	3
6	44342761	44343095	0
6	44829858	44809316	0
6	44932764	44828731	0
6	44932764	44828844	0
6	44932764	44829763	0
6	44932764	44829766	0
6	44932764	44829815	0
6	45106007	45020545	0
6	45321892	45105921	0
6	45328461	45328660	0
6	45328496	45328660	0
6	45365302	45105921	0
6	45365302	45250954	0
6	45377424	45365200	0
6	45377934	45365200	0
6	45377954	45365200	0
6	45576771	45573345	0
6	4581804	4431395	0
6	45883829	45880913	0
6	45892233	45880906	0
6	45892233	45880913	0
6	45900522	45892144	0
6	45901720	45900294	0
6	45901720	45900361	0
6	45903256	45892144	0
6	45903256	45901619	0
6	45913813	45881014	0
6	45913813	45892144	0
6	45913813	45903065	0
6	45914410	45880826	0
6	45914410	45892144	0
6	45914410	45898450	0
6	45914410	45898825	0
6	45914410	45902924	0
6	45914410	45911622	0
6	45914548	45892144	0
6	45914548	45902924	0
6	45914548	45911622	0
6	45934332	45932693	0
6	45937519	45914227	0
6	45937547	45920650	0
6	45937562	45914227	0
6	45937598	45920125	0
6	45937602	45914227	0
6	45941654	45914227	0
6	46015547	46014282	0
6	46015608	45955134	0
6	46015612	45955134	0
6	46015706	45955134	0
6	46015826	45955134	0
6	46015829	45955134	0
6	4602421	4599286	0
6	46080349	45955134	0
6	46102660	46097092	0
6	46123110	46102567	0
6	46129592	46102539	0
6	46165564	46159186	0
6	46165564	46160414	0
6	46167552	46164956	0
6	46168298	46165386	0
6	46223302	46221467	0
6	46246920	46220735	0
6	46246920	46220737	0
6	46246920	46223143	0
6	46456979	46248722	0
6	46553855	46549579	0
6	46553855	46549803	0
6	46587126	46586264	0
6	46587144	46583142	0
6	46587166	46553766	0
6	46588130	46587076	0
6	46596121	46588033	0
6	46596121	46588102	0
6	46676744	46677610	14
6	46687801	46670443	0
6	46688166	46670443	0
6	46705302	46704200	0
6	46705302	46704316	0
6	46761159	46758295	0
6	46793468	46793551	0
6	46856059	46852511	0
6	46856059	46852598	0
6	46859524	46856866	0
6	46860895	46858128	0
6	46860895	46859467	0
6	46888022	46886598	0
6	46888506	46884094	0
6	46921978	46906660	0
6	46954944	46906660	0
6	47001568	46997702	1
6	47001568	47000090	2
6	47001568	47000110	2
6	47001568	47000221	2
6	47001973	47000032	3
6	47012196	47008944	1
6	47014845	47008944	0
6	47014845	47012006	1
6	47014845	47012110	1
6	47016769	47012786	1
6	47016769	47014680	0
6	47018500	47016616	0
6	47018583	47016691	1
6	47020498	47012006	2
6	47020790	47012006	2
6	47020790	47014680	0
6	47020790	47016616	0
6	47020790	47018479	0
6	47020790	47019885	0
6	47020790	47020053	0
6	47022059	47020052	0
6	47022059	47020730	0
6	47022059	47020779	0
6	4718595	4714097	0
6	47234899	47231531	2
6	47740742	47729826	0
6	4775409	4774525	0
6	47795312	47795470	0
6	48009115	47878027	0
6	48009115	47899608	0
6	489039	485132	0
6	49360421	49358184	0
6	49435624	49430359	0
6	49551291	49551880	21
6	49551676	49551880	15
6	49570678	49565923	0
6	49605831	49605732	0
6	49606922	49605157	0
6	49606922	49605174	0
6	49606922	49605722	0
6	49606922	49605816	0
6	49607221	49605732	0
6	49607221	49605812	0
6	49612535	49607149	0
6	49612535	49611023	0
6	49614854	49612396	0
6	49614854	49612408	0
6	49615268	49614686	0
6	49615772	49614686	0
6	49615772	49615115	0
6	49695925	49692357	0
6	49695925	49692359	0
6	49731252	49727383	0
6	49731252	49727401	0
6	49731252	49728707	0
6	49733293	49731162	0
6	49733849	49733194	0
6	49733849	49733209	0
6	49824044	49823711	0
6	49838526	49834256	0
6	49838526	49834859	0
6	49840996	49834256	0
6	49840996	49834270	0
6	49949386	49946020	0
6	49949445	49946100	0
6	4996086	4994731	2
6	4996086	4995046	2
6	4996086	4995048	2
6	4996086	4995077	3
6	49964106	49960248	0
6	49969626	49968676	0
6	4998842	4996221	1
6	4999905	4996221	2
6	4999905	4998687	1
6	4999905	4998715	1
6	4999905	4998827	1
6	50021936	50009137	0
6	50021982	50018842	0
6	5002246	4999808	0
6	5002246	5000562	0
6	5002246	5001093	0
6	5003659	5002100	0
6	5004019	5002100	0
6	5004037	5002100	0
6	5004048	5002100	0
6	5004064	5001775	0
6	5004064	5002100	0
6	50048652	50043574	0
6	5054424	5031755	0
6	50595329	50587606	0
6	50598921	50596602	0
6	50599518	50598590	0
6	50636866	50598842	0
6	5109235	5103628	2
6	5113418	5108472	0
6	5132895	5108727	0
6	5138740	5136173	0
6	5144263	5108422	0
6	51627117	51615299	0
6	51744543	51658951	0
6	51744543	51720848	0
6	52010460	51959869	0
6	52147468	52146813	0
6	52151120	52147367	0
6	5216739	5102592	0
6	5216739	5113070	0
6	5216739	5138707	0
6	5216739	5144137	0
6	5216739	5186599	0
6	52238951	52236680	0
6	52239168	52236680	0
6	52265386	52264620	20
6	52266145	52264008	10
6	52266145	52264013	10
6	52266145	52264585	15
6	52276477	52273741	6
6	52277199	52275981	0
6	52277199	52276267	0
6	52282176	52279360	0
6	52282862	52282044	0
6	52282862	52282110	0
6	5240724	5236283	0
6	52438376	52438454	30
6	52452838	52452994	6
6	52452838	52454061	6
6	52452838	52454094	7
6	52504755	52497401	3
6	52516123	52509527	2
6	52516738	52516005	0
6	52535847	52516627	0
6	52577652	52578049	4
6	5260734	5216617	0
6	5260738	5216617	0
6	5260743	5108418	0
6	5260743	5216617	0
6	5260940	5216617	0
6	52664626	52664916	12
6	52666519	52666748	24
6	52666549	52666748	29
6	52690952	52687929	0
6	52741725	52739589	0
6	52751709	52750088	0
6	52766418	52765279	0
6	52792988	52791663	0
6	52794267	52792855	0
6	52796315	52794124	0
6	52796315	52794132	0
6	52797638	52794124	0
6	52799298	52794124	0
6	52806754	52805612	0
6	52832991	52831654	0
6	52832991	52831741	0
6	52849051	52847909	0
6	52874201	52873013	0
6	52897957	52896638	0
6	52900076	52897824	0
6	52900076	52897841	0
6	52945105	52939725	0
6	52945466	52939905	0
6	52982706	52977947	0
6	52982706	52977952	0
6	52982706	52978254	0
6	52982706	52978463	1
6	52984606	52982573	0
6	53006438	53001278	0
6	53006438	53001310	0
6	53092825	53093465	15
6	53097792	53098160	10
6	53130932	53126963	0
6	532611	499644	0
6	53270728	53267397	9
6	53270728	53267398	9
6	53275262	53270592	0
6	53275262	53273219	0
6	53276257	53275089	0
6	53276257	53275124	0
6	53277744	53276178	0
6	53287943	53276178	0
6	53290190	53276178	0
6	53290536	53276178	0
6	53291964	53276178	0
6	53295708	53291775	2
6	53295708	53294087	0
6	53348927	53295641	0
6	53348951	53295641	0
6	53348974	53295641	0
6	53349008	53295641	0
6	53349180	53295641	0
6	53500166	53497340	0
6	53500166	53497383	2
6	53500166	53498386	2
6	53500166	53498755	2
6	53500166	53498771	2
6	53500351	53500044	3
6	53500514	53500199	0
6	53500514	53500246	0
6	53501351	53498141	2
6	53505497	53500431	0
6	53505665	53500431	0
6	53505896	53505391	0
6	53505899	53505260	0
6	53507026	53505802	0
6	53507079	53505802	0
6	53507619	53506912	0
6	53508712	53507479	0
6	53509251	53508594	0
6	53509251	53508596	0
6	53510449	53508594	5
6	53514338	53509175	0
6	53514498	53512988	1
6	53514498	53514203	2
6	53514498	53514206	2
6	53514498	53514334	0
6	53514533	53514203	2
6	53522528	53520777	0
6	53522780	53520777	0
6	53523324	53522414	0
6	53544634	53522414	0
6	53544646	53522414	0
6	53545034	53522414	0
6	53545089	53514438	0
6	53545102	53522414	0
6	53545130	53522414	0
6	53548207	53522414	0
6	53564421	53522464	0
6	53564890	53561288	0
6	53564890	53561905	0
6	53564890	53561919	0
6	53564890	53564057	0
6	53564890	53564116	0
6	53564890	53564257	0
6	53564890	53564296	0
6	53569585	53564749	0
6	53569606	53564749	0
6	53573266	53569280	0
6	53573276	53569422	0
6	53583334	53569422	0
6	53616971	53564749	0
6	53616995	53569479	0
6	53617010	53564749	0
6	53617010	53569422	0
6	53617172	53569422	0
6	53655273	53651597	0
6	53655306	53647900	2
6	53744365	53740748	0
6	53747014	53745731	0
6	53747023	53744218	0
6	53793350	53746908	0
6	53793350	53790874	0
6	53920789	53918973	0
6	53994865	53994963	0
6	54030660	54029176	0
6	54031702	53978548	0
6	54031702	53988906	0
6	54031702	54017958	0
6	54031702	54028883	0
6	54031702	54029373	0
6	54031702	54030618	0
6	54031702	54030631	0
6	54032437	54031402	0
6	54032437	54031606	0
6	54043428	54031606	0
6	54045826	54032376	0
6	54047389	54031606	0
6	54047390	54031606	0
6	54047415	54046636	0
6	54047435	54047100	0
6	54047435	54047137	0
6	54047595	54031606	0
6	54047595	54032376	0
6	54047595	54041040	0
6	54047595	54043351	0
6	54047595	54045406	0
6	54047595	54045537	0
6	54047595	54045928	0
6	54367179	54365334	0
6	5457029	5451682	0
6	5458076	5452467	0
6	54840856	54840117	0
6	55439560	55434368	0
6	55439560	55434374	0
6	55439560	55434379	0
6	55439560	55434485	0
6	55439560	55435315	0
6	55439560	55435352	0
6	55439560	55435399	0
6	55439560	55435418	0
6	55514197	55499235	0
6	55516604	55514047	0
6	55541837	55439433	0
6	55541837	55495418	0
6	55541837	55512074	0
6	55541837	55514047	0
6	55759116	55753644	0
6	56059243	56056589	0
6	56059243	56056590	0
6	56059243	56057319	0
6	56059243	56057669	0
6	56060117	56059164	0
6	56060219	56059164	0
6	56060796	56059164	0
6	56060796	56060017	0
6	56060796	56060070	0
6	56061178	56059164	0
6	56069118	56067294	0
6	56070799	56068769	0
6	56070799	56069045	0
6	56075533	56074231	0
6	56077574	56075478	0
6	56078103	56075508	0
6	56125609	56124238	0
6	56125621	56124238	0
6	56126150	56125427	0
6	56126150	56125566	0
6	56126644	56125390	0
6	56180130	56170959	0
6	56182657	56179577	0
6	56182657	56179808	0
6	56394095	56182530	0
6	56460255	56457986	0
6	56460255	56457988	0
6	56460255	56457995	0
6	56460255	56458059	0
6	56460255	56458238	4
6	56460255	56458244	4
6	56460255	56458967	0
6	56460255	56459263	0
6	56462069	56458238	7
6	56464757	56463564	7
6	56466114	56464350	2
6	56466196	56463564	3
6	56466196	56464684	2
6	56467477	56463564	1
6	56472223	56471105	0
6	56473991	56471850	0
6	56474003	56472058	0
6	56474359	56472146	0
6	56476338	56473872	0
6	56477489	56476148	0
6	56477489	56476180	0
6	56485472	56482682	1
6	56487274	56483528	0
6	56487274	56485311	0
6	56493090	56492226	0
6	56494181	56492933	0
6	56494181	56493032	0
6	56497508	56494009	0
6	56497508	56494064	0
6	56497735	56494009	0
6	56535293	56532343	0
6	56536941	56535121	0
6	56536941	56535188	0
6	56555841	56552183	0
6	56557519	56555344	0
6	56557519	56555607	0
6	56572267	56569855	0
6	56573065	56572099	0
6	56609345	56603563	0
6	56610563	56600068	0
6	56610563	56603836	0
6	56614485	56611507	0
6	56620716	56614575	1
6	56624629	56614355	0
6	56624629	56614463	0
6	56624629	56617199	0
6	56624629	56617985	0
6	56625265	56624372	0
6	56625265	56624529	0
6	56639364	56636556	0
6	56639612	56638915	2
6	56639612	56638935	1
6	56639612	56639258	1
6	56640606	56639928	0
6	56642102	56640142	0
6	56642102	56640466	0
6	56642504	56641946	0
6	56642789	56642409	0
6	56642861	56642409	0
6	56642890	56642186	0
6	56642897	56642409	0
6	56642997	56642409	0
6	56645994	56642409	0
6	56670808	56651131	0
6	5668114	5664984	0
6	56693150	56670657	0
6	56693304	56670640	0
6	56699746	56670487	0
6	56699746	56670640	0
6	56699746	56670674	0
6	56699746	56670738	0
6	56735290	56704279	0
6	56742406	56735227	0
6	56785880	56735227	0
6	56843147	56735227	0
6	56843154	56735227	0
6	56843666	56735227	0
6	56851605	56735057	0
6	56851605	56735227	0
6	56851718	56735227	0
6	56851859	56851098	0
6	56851902	56851396	0
6	56851917	56851396	0
6	56851952	56851396	0
6	56900622	56851396	0
6	56953820	56900420	0
6	57115564	57114900	0
6	57115564	57114910	0
6	57115564	57114915	0
6	57115564	57114923	0
6	57115564	57114925	0
6	57115564	57115176	0
6	57134216	57115455	0
6	57134216	57116037	0
6	57134216	57116425	0
6	57150947	57116839	0
6	57151196	57115455	0
6	57151196	57116425	0
6	57151196	57116839	0
6	57151196	57134146	0
6	57151196	57147831	0
6	57151196	57150902	1
6	57151907	57134146	0
6	57151907	57150804	0
6	57151907	57151027	2
6	57171050	57114893	0
6	57171050	57115455	0
6	57171050	57116037	1
6	57171050	57116425	0
6	57171050	57134146	0
6	57171050	57150513	0
6	57171050	57151027	0
6	57171050	57151822	0
6	57171050	57164880	2
6	57171050	57165005	0
6	57171050	57165176	2
6	57171050	57165218	2
6	57171099	57114900	0
6	57171099	57115455	0
6	57172206	57171002	0
6	57172243	57171004	0
6	57172423	57171004	0
6	57173481	57171004	2
6	57193935	57186991	0
6	57193935	57188782	0
6	57924592	57919783	0
6	57924592	57919911	0
6	57949069	57946073	2
6	57949069	57946077	4
6	57949069	57946546	4
6	57950012	57946077	3
6	57950400	57946082	0
6	57959112	57930103	0
6	57959112	57946077	0
6	57959112	57948872	0
6	57959112	57948917	3
6	57959112	57949858	1
6	57961225	57959027	0
6	57961225	57959028	0
6	57961383	57959027	0
6	6002498	5997998	0
6	6002498	5998001	0
6	6002498	5998714	0
6	6151950	6144084	0
6	61652318	61630232	0
6	61681050	61678886	0
6	61697254	61679959	0
6	6174868	6167457	0
6	6222172	6197222	0
6	6222172	6206410	0
6	6250930	6248311	0
6	6266810	6250810	0
6	6266810	6250906	0
6	629962	619429	0
6	6305540	6266557	0
6	6305540	6266712	0
6	6305540	6266733	0
6	6305655	6266557	0
6	6318683	6305112	0
6	6318683	6305350	0
6	63281221	63275950	0
6	63281221	63279382	0
6	63285702	63280020	0
6	63285754	63279635	0
6	63285754	63281021	0
6	633118	629834	0
6	63396482	63395006	0
6	6348751	6346464	0
6	6366610	6348610	0
6	6366610	6360590	0
6	6369156	6366131	0
6	6369156	6366354	0
6	63726681	63719979	3
6	63726681	63720135	3
6	63762634	63726518	0
6	63762634	63741912	0
6	63762634	63744110	0
6	63787170	63786002	0
6	63788250	63778005	0
6	63806241	63789057	0
6	63806373	63789057	0
6	63864359	63806189	0
6	64436266	64388689	0
6	64593310	64590222	0
6	64617534	64593116	0
6	64617534	64593130	0
6	64713336	64626120	0
6	64733546	64730812	0
6	64733568	64728836	0
6	64813578	64626120	0
6	6492985	6475305	0
6	65296120	65057613	0
6	65300939	65295824	0
6	65302938	65300846	0
6	65303012	65295756	0
6	65335147	65295862	0
6	65335147	65329271	0
6	65344178	65334909	0
6	65344178	65334979	0
6	65490708	65405173	0
6	65491590	65490659	0
6	65495608	65489360	0
6	65495608	65490593	0
6	6564389	6438575	0
6	657251	637700	0
6	6587194	6438575	0
6	6622696	6591155	0
6	6622698	6620963	0
6	6622745	6569417	0
6	6622772	6620846	0
6	6711003	6692743	0
6	6711060	6704670	0
6	6759292	6758275	0
6	67889340	67887645	0
6	68266616	68226971	0
6	68630466	68628116	0
6	68630651	68629961	0
6	68634325	68632662	0
6	68634725	68630269	0
6	68634963	68630571	0
6	68635162	68630571	0
6	689213	657162	0
6	689213	679142	0
6	6918716	6901021	0
6	69233161	69233289	0
6	693112	637700	0
6	69676542	69675792	2
6	69676542	69675805	2
6	69676542	69675806	3
6	69676542	69675814	3
6	69676542	69675819	3
6	69676542	69675821	3
6	69676542	69675822	3
6	69676542	69675830	2
6	69676542	69675839	2
6	69676542	69675842	2
6	69676542	69675853	2
6	69676542	69675859	0
6	69676542	69675864	0
6	69676542	69675898	0
6	69676542	69675925	0
6	69676542	69675930	0
6	69676542	69675945	0
6	69676542	69675950	0
6	69676542	69675959	0
6	69676542	69675972	0
6	69676542	69675973	0
6	69676542	69676051	0
6	69676542	69676089	0
6	69676542	69676107	0
6	69700870	69699042	0
6	69701546	69699042	0
6	69701546	69700764	0
6	69701546	69700839	0
6	69701954	69701442	0
6	69701954	69701485	0
6	69705620	69701888	0
6	69709232	69701888	0
6	69710445	69701888	0
6	69713798	69701888	0
6	69713798	69705500	0
6	69748290	69741788	0
6	69748290	69743987	0
6	69749409	69741788	0
6	69749409	69743783	0
6	69749409	69743987	0
6	69749409	69748223	0
6	69752357	69741788	0
6	69752357	69749340	0
6	69752357	69749403	0
6	69780555	69741788	0
6	69780555	69749340	0
6	69790473	69780493	0
6	69792145	69780493	0
6	69796230	69790295	0
6	69796342	69790295	0
6	69796516	69790361	0
6	69796586	69790295	0
6	69796598	69790295	0
6	69796609	69790295	0
6	69796609	69796153	0
6	69796829	69790295	0
6	69796886	69790295	0
6	69796892	69790295	0
6	69796896	69790295	0
6	69796897	69790295	0
6	69796905	69790324	0
6	69796907	69790295	0
6	69796921	69790295	0
6	69796934	69790295	0
6	69796993	69790295	0
6	69797158	69790295	0
6	69798290	69790295	0
6	69824553	69790295	0
6	69836032	69790295	0
6	69836036	69790295	0
6	69866617	69790295	0
6	69866694	69790295	0
6	70226010	70215060	0
6	70226010	70216039	0
6	70226010	70216256	0
6	70226010	70216523	0
6	70226010	70216683	0
6	70226010	70216742	0
6	70234594	70232582	0
6	70234941	70234538	0
6	70234941	70234559	0
6	70239287	70234793	0
6	70239287	70234908	0
6	70242036	70241418	0
6	70242716	70241418	0
6	70242716	70241963	0
6	70252174	70242661	0
6	70252316	70252119	0
6	70252316	70252165	0
6	70274083	70272064	0
6	70274773	70274046	0
6	70275179	70274011	0
6	70280478	70274718	0
6	70280875	70274718	0
6	70280875	70279515	0
6	70280875	70279761	0
6	70413951	70412827	0
6	70524122	70524342	0
6	70525192	70525863	3
6	70857031	70857921	0
6	70858230	70859328	3
6	70858230	70860199	0
6	70859417	70860199	0
6	70861979	70856678	1
6	70861979	70857212	1
6	70894273	70861829	0
6	71222716	71221456	0
6	71229928	71222645	0
6	71233658	71229825	0
6	71277315	71251357	0
6	71277315	71251561	0
6	71283885	71253683	0
6	71283885	71277218	0
6	71283885	71281384	0
6	71284933	71233512	0
6	71284941	71251363	0
6	71295814	71295175	0
6	71303046	71283773	0
6	71303046	71284859	0
6	71303046	71295172	2
6	71303046	71295544	0
6	71303046	71295710	0
6	71304391	71302841	34
6	71304391	71302969	41
6	71304391	71302977	45
6	71310341	71284859	0
6	71310374	71277218	0
6	71310374	71284859	0
6	71310374	71302965	9
6	71310374	71302969	9
6	71310374	71303896	17
6	71310374	71304347	10
6	71310374	71307940	0
6	71310374	71307944	0
6	71310374	71308001	0
6	71310374	71308025	0
6	71310374	71308125	0
6	71310577	71310295	0
6	71310596	71310295	0
6	71310643	71307980	0
6	71310643	71310295	0
6	71328054	71310295	0
6	71328064	71284859	0
6	71348611	71344585	0
6	71416560	71310549	0
6	71416560	71344343	0
6	71416560	71348526	0
6	71417393	71414444	1
6	71417393	71416383	0
6	71417437	71416409	0
6	71417444	71416162	0
6	71417444	71416409	0
6	71417444	71416476	0
6	7181159	7181869	1
6	7181247	7181869	3
6	7181290	7181869	2
6	7246666	7246667	34
6	7246761	7246761	39
6	72618007	72614385	0
6	7261994	7258909	0
6	7287923	7268532	1
6	7287923	7268937	1
6	7289851	7287861	176
6	7289932	7268305	1
6	7289932	7287861	176
6	7295103	7287569	3
6	7295103	7289867	2
6	7295486	7281142	2
6	7295486	7288681	6
6	7295486	7289675	3
6	7295486	7289867	2
6	7295486	7295087	2
6	7298002	7295055	2
6	7298002	7295384	2
6	7298002	7295391	2
6	7298002	7296882	3
6	7298824	7297922	0
6	7301364	7298746	0
6	7301369	7298746	0
6	7301573	7298746	0
6	7303634	7301389	1
6	7303638	7298746	0
6	7303638	7301309	0
6	7303638	7301332	0
6	73135353	73134802	0
6	73209788	73209082	0
6	73210081	73209604	0
6	73216640	73209745	0
6	73223840	73216518	0
6	73224349	73223543	0
6	73224349	73223698	0
6	73225422	73224165	0
6	73225453	73224165	0
6	73225771	73224255	0
6	73241729	73241316	0
6	73242238	73225296	0
6	73242238	73241313	0
6	73242238	73241316	0
6	73242238	73241642	0
6	73242531	73242054	0
6	73242562	73242054	0
6	73275557	73275045	0
6	73292041	73242405	0
6	73292041	73274138	0
6	73292041	73275413	0
6	7329889	7326655	0
6	7329889	7326658	0
6	7329889	7326683	0
6	7329889	7326741	0
6	7329889	7326857	0
6	7329889	7329096	0
6	73309729	73291997	0
6	73310144	73291997	0
6	73310216	73291997	0
6	7334091	7309916	0
6	7334091	7329848	0
6	73354033	73353061	0
6	73369386	73368554	0
6	73369386	73368755	0
6	73369793	73369205	0
6	73394489	73369205	0
6	73395134	73369209	0
6	73413786	73413969	0
6	73425579	73413514	0
6	73428812	73423708	0
6	73428812	73425463	0
6	73440446	73428708	0
6	73445686	73439742	0
6	73445748	73440208	0
6	7347447	7334021	0
6	73479845	73479935	0
6	73480127	73480292	2
6	73480127	73480317	2
6	73492743	73492024	0
6	73518265	73515749	88
6	73518265	73515751	88
6	73518265	73517514	88
6	73518265	73517520	935
6	73518589	73518353	10132
6	73518611	73517518	285
6	73518611	73518029	524
6	73518611	73518567	1742
6	73518849	73518029	96
6	73518849	73518353	76
6	73518849	73518565	167
6	73518849	73518590	172
6	73519065	73518697	198
6	73519229	73517514	86
6	73519229	73518697	47
6	73519229	73518931	12466
6	73519418	73518980	6832
6	73519517	73518697	3527
6	73519517	73518793	194
6	73519517	73518931	39
6	73519517	73519116	4044
6	73519517	73519127	5274
6	73520057	73519336	38
6	73520057	73519340	189
6	73520060	73518931	42
6	73520060	73519336	38
6	73521019	73519336	16
6	7355112	7334021	0
6	73600442	73593378	0
6	73621963	73615314	0
6	73635501	73621803	0
6	73636708	73635232	0
6	73636708	73635381	0
6	73696132	73693902	3
6	7374132	7369918	0
6	7379021	7373072	0
6	7379021	7373180	0
6	7385873	7373072	0
6	7385873	7373952	0
6	7402716	7402816	0
6	74595214	74594178	0
6	74636632	74530247	0
6	74636632	74594582	0
6	74734280	74636562	0
6	75087748	75084325	5
6	75087748	75086470	5
6	75087748	75086546	5
6	75089175	75087189	2
6	75089175	75087576	3
6	75090299	75089105	0
6	75090299	75089159	0
6	75113314	75105205	0
6	75113314	75109017	0
6	75113745	75113021	0
6	75113745	75113203	0
6	75133423	75131939	0
6	75133998	75133292	0
6	75133998	75133375	0
6	75143389	75142031	0
6	75145456	75143203	0
6	75145456	75143251	0
6	75177936	75175037	2
6	75181212	75177651	0
6	75181212	75177662	0
6	75202828	75152332	0
6	75240386	75237674	0
6	75240386	75237683	0
6	75240386	75237786	1
6	75240386	75237788	8
6	75241266	75237786	3
6	75241266	75237822	3
6	75241266	75240276	3
6	75241266	75240300	3
6	75241939	75241175	5
6	75243786	75241175	1
6	75243788	75241122	1
6	75243789	75240300	0
6	75243796	75241175	1
6	75243810	75240444	1
6	75243874	75241175	0
6	75244010	75241175	1
6	75258987	75252923	7
6	75258987	75253612	17
6	75258987	75254598	3
6	75259491	75258779	1
6	75260912	75259346	0
6	75260912	75259441	0
6	75308898	75291858	0
6	75315203	75308083	0
6	75315203	75308087	0
6	75315203	75308091	0
6	75315203	75308839	0
6	75334791	75312396	0
6	75353718	75312396	0
6	75362918	75353538	0
6	75363004	75353538	0
6	75414979	75362743	0
6	75493630	75414696	0
6	75493739	75414696	0
6	75677257	75678582	0
6	75923707	75921114	0
6	75923707	75921730	0
6	75931152	75923633	0
6	7599681	7601335	5
6	76025259	76022115	0
6	76025259	76024897	0
6	76586567	76522450	0
6	780215	774746	0
6	78606037	78604466	0
6	78813304	78809714	0
6	7884489	7881516	2
6	7884489	7881521	2
6	7884489	7883143	3
6	7884489	7883154	3
6	78898299	78902618	1
6	78898299	78902991	0
6	78945498	78935866	1
6	78945498	78940545	1
6	78946261	78945299	0
6	78946875	78946000	0
6	7895203	7891620	0
6	7899682	7895105	0
6	7900243	7895154	0
6	79077508	79060667	0
6	79202156	79201248	4
6	79202390	79201244	3
6	79203631	79201244	1
6	79234690	79214971	0
6	79234739	79214971	0
6	79489217	79484990	0
6	79491731	79487827	0
6	79491731	79489083	0
6	79806049	79803582	0
6	79919548	79914811	2
6	8018060	8015084	0
6	8026426	7904573	0
6	8026426	8013566	0
6	8026426	8013977	0
6	8026426	8015062	0
6	8026426	8015656	0
6	8026426	8015723	0
6	8026426	8015725	0
6	80343813	80345974	14
6	80468093	80468633	0
6	8090282	8062533	0
6	8090282	8073359	9
6	8090282	8078493	10
6	8090282	8079394	3
6	8095496	8089984	0
6	8097312	8095377	0
6	8097468	8089953	0
6	8097468	8090185	0
6	8102047	8097306	0
6	8102482	8097266	0
6	8102531	8097266	0
6	8102549	8097266	0
6	8102560	8097266	0
6	8102579	8097266	0
6	81495114	81491438	0
6	81534645	81527366	0
6	81534914	81527101	0
6	81728393	81724721	0
6	81751754	81749869	0
6	81751813	81495033	0
6	81752179	81745729	2
6	81814158	81813285	0
6	81928902	81845184	0
6	82172513	82169982	8
6	82172513	82169985	8
6	82172513	82170238	1
6	82172513	82170742	8
6	82172513	82171402	1
6	82172513	82171411	1
6	82172513	82171507	1
6	82173579	82170235	0
6	82191855	82191072	2
6	82191880	82181878	0
6	82191880	82191072	5
6	82194596	82191786	0
6	82194643	82191072	0
6	82194643	82191330	0
6	82194643	82191786	0
6	82196447	82191786	0
6	82210911	82204856	0
6	8283239	8283328	0
6	82894034	82892466	0
6	82957451	82892397	0
6	82957451	82892952	0
6	82957451	82893024	0
6	83019137	82957311	0
6	83022562	83017181	0
6	83022562	83018972	0
6	83024039	83018972	0
6	83038486	83023968	0
6	83038486	83032241	0
6	83044660	83036025	0
6	83044660	83038415	0
6	83063246	83057825	0
6	83065719	83063208	0
6	83065752	83057825	0
6	83065824	83063152	0
6	83065840	83057825	0
6	83065842	83057825	0
6	83153621	83153893	0
6	83169324	83161149	1
6	83169324	83166129	29
6	83170479	83164872	8
6	83170479	83168527	3
6	83170479	83169062	3
6	83170479	83169122	3
6	83170479	83169241	3
6	83170479	83169520	3
6	83172014	83170304	1
6	83172060	83164872	8
6	83172060	83170300	1
6	83172060	83170304	1
6	83174488	83171936	0
6	83175983	83174373	2
6	83176061	83174373	2
6	83176136	83174436	3
6	83181932	83179809	3
6	83182979	83181735	0
6	83182979	83181761	0
6	83187076	83182844	0
6	83187076	83182949	0
6	83188795	83187007	0
6	83188799	83187007	0
6	83188799	83187024	0
6	83191015	83187007	0
6	83191015	83188613	0
6	83191015	83188616	0
6	83191015	83188744	0
6	83191324	83188613	1
6	83191324	83190808	2
6	83193232	83190808	0
6	83193249	83190509	0
6	83193256	83190808	0
6	83193267	83188613	1
6	83193294	83188613	0
6	83193294	83190808	0
6	83193937	83190808	0
6	83216597	83210388	0
6	83398517	83352063	0
6	8343022	8341936	0
6	83556246	83552879	0
6	83556246	83552884	0
6	83556246	83552890	0
6	83556246	83552894	0
6	83556246	83554028	0
6	83556246	83554214	0
6	83560209	83554050	0
6	83576054	83575009	0
6	83576054	83575180	0
6	83580507	83576022	0
6	83580585	83576022	0
6	83580600	83576022	0
6	83580600	83576046	0
6	83582357	83576022	0
6	83593742	83592945	0
6	83593742	83593181	0
6	83594482	83593477	0
6	83594529	83593635	0
6	83601439	83593593	0
6	83605804	83582221	0
6	83605804	83593181	0
6	83656866	83641095	0
6	83659093	83656753	0
6	83659093	83656831	0
6	83661605	83658998	0
6	83661605	83659087	0
6	83662423	83658998	0
6	83662423	83661501	0
6	83662423	83661506	0
6	83665582	83662346	0
6	83678904	83665438	0
6	83686224	83678777	0
6	83689646	83686828	0
6	83690437	83686089	0
6	83690437	83686127	0
6	83707928	83665438	0
6	83707958	83662346	0
6	83707958	83665438	0
6	83707958	83665513	0
6	83853774	83854096	0
6	83854162	83857241	0
6	84126513	84124240	0
6	84126513	84124241	0
6	84126513	84124954	0
6	8413700	8411462	0
6	8414978	8412884	0
6	8414978	8413067	0
6	8414978	8413073	0
6	8414978	8413093	0
6	84174955	84174047	0
6	84175348	84174726	0
6	84175348	84174771	0
6	84185449	84174726	0
6	84215466	84212956	0
6	84215923	84215281	0
6	84215923	84215407	0
6	84215967	84215281	0
6	84221172	84215281	0
6	84444452	84421027	0
6	84444452	84421030	0
6	84444452	84421047	0
6	84688668	84687372	0
6	84688748	84687350	0
6	84738592	84688580	0
6	84738592	84732601	6
6	84744326	84738496	3
6	84744326	84742023	1
6	84748088	84744260	0
6	84760357	84756697	0
6	84762749	84760254	0
6	84762749	84760282	0
6	85390187	85387218	0
6	85507290	85505495	1
6	85507290	85505498	1
6	85507290	85505792	1
6	85507290	85505797	1
6	85507290	85505798	1
6	85507290	85505801	1
6	85507290	85505805	1
6	85508060	85507207	4
6	85508060	85507232	3
6	85508458	85507232	4
6	85513896	85507967	8
6	85513896	85508006	8
6	85514235	85513799	0
6	85514235	85513856	0
6	85514630	85513799	0
6	85517876	85514505	0
6	85518049	85517568	0
6	85518049	85517755	0
6	85528352	85526125	0
6	85528363	85526125	0
6	85530276	85528261	0
6	85530276	85528263	0
6	85533681	85530191	0
6	85533801	85530191	0
6	85536925	85533598	0
6	85537025	85533674	0
6	85543761	85518007	0
6	85547551	85547316	0
6	85548377	85547401	0
6	85548377	85547505	0
6	85549880	85548300	0
6	85558061	85549722	0
6	85558061	85549788	0
6	85558061	85549800	0
6	85558061	85549823	0
6	85561341	85557975	0
6	85565420	85549722	0
6	85565420	85557975	0
6	85565420	85557977	0
6	85572216	85549722	0
6	85572216	85557975	0
6	85612921	85574257	2
6	85615235	85612831	345
6	85615348	85607784	14
6	85615348	85608328	16
6	85618940	85614105	2
6	85618940	85614980	2
6	85637144	85623976	6
6	85637357	85636966	5
6	85637357	85637077	3
6	85663727	85660949	0
6	85663727	85660991	0
6	85666148	85663673	0
6	85666148	85663686	0
6	85677192	85666003	8
6	85677493	85665559	6
6	85677493	85665851	12
6	85677493	85666003	8
6	85677493	85676989	13
6	85677493	85677081	28
6	85677493	85677082	28
6	85677493	85677083	28
6	85677493	85677092	28
6	85677493	85677104	28
6	85677869	85677423	55
6	85677876	85677328	49
6	85677876	85677423	61
6	85677900	85677423	61
6	85677994	85677081	52
6	85678033	85665641	4
6	85678033	85677083	39
6	85678033	85677423	49
6	85678033	85677790	59
6	85678033	85677794	59
6	85678189	85677083	44
6	85678189	85677127	42
6	85678189	85677423	39
6	85678189	85677953	35
6	85678200	85677953	36
6	85678206	85677953	36
6	85678236	85677953	35
6	85678260	85677468	51
6	85678406	85677953	55
6	85678414	85677095	63
6	85678414	85677953	55
6	85678432	85665771	1
6	85678437	85677953	55
6	85678521	85677953	83
6	85678653	85677423	71
6	85678721	85677953	55
6	85678723	85677794	50
6	85678737	85677423	40
6	85678737	85677953	59
6	87086435	87085497	0
6	87086435	87085502	0
6	87086435	87085683	0
6	87086610	87086249	0
6	87088208	87085789	0
6	87088208	87086249	0
6	87088208	87086335	0
6	87088208	87086516	0
6	87089168	87088112	0
6	87094881	87088093	0
6	87095105	87087698	0
6	87095105	87088112	0
6	87095407	87088112	0
6	87152870	87155190	0
6	87291989	87284424	0
6	87323044	87282977	0
6	87323044	87322282	0
6	87329242	87322865	0
6	87329279	87322865	0
6	87508438	87508438	3
6	87515021	87514377	2
6	87515021	87514406	2
6	87518740	87518168	5
6	87518892	87518629	4
6	87519232	87518475	2
6	87545700	87541917	0
6	87548647	87545615	0
6	87675932	87675071	29
6	87701526	87700509	2
6	87702210	87681619	0
6	8788947	8790271	0
6	8788965	8790271	0
6	8789419	8790271	0
6	88145275	88143855	16
6	88147807	88145040	1
6	88163025	88143855	0
6	88164344	88139875	0
6	88166360	88139863	0
6	88280950	88177803	0
6	88299016	88280813	0
6	88304221	88298860	6
6	88324146	88298949	0
6	88614396	88610271	1
6	88614396	88612718	0
6	88678420	88614271	0
6	88769875	88677993	0
6	88769875	88678352	0
6	88801633	88769773	0
6	88844522	88769769	0
6	88844522	88769773	0
6	89105261	89095958	0
6	89105261	89098936	0
6	89105531	89105118	0
6	89105539	89105144	0
6	89105817	89098852	0
6	89105967	89105118	0
6	89107025	89105480	0
6	89107028	89105426	0
6	89107259	89105426	0
6	89180489	89177500	0
6	89180489	89177507	0
6	89180489	89178598	0
6	89180489	89178769	0
6	89217262	89205470	0
6	89217434	89203434	0
6	89217778	89201158	0
6	89217778	89204595	0
6	89221447	89204595	0
6	89221450	89204595	0
6	89264609	89257207	0
6	89264609	89257519	0
6	89271723	89269010	0
6	89271723	89270392	0
6	89315300	89299758	0
6	89333206	89326624	4
6	89372586	89364635	0
6	89372586	89364997	0
6	89377814	89372436	0
6	89379339	89377670	0
6	89379339	89377704	0
6	89423049	89422098	0
6	89565360	89562389	0
6	89567045	89560874	0
6	89581639	89568143	0
6	89621949	89581525	0
6	89621949	89601600	0
6	89621949	89619596	0
6	89624603	89621720	0
6	89637883	89621378	2
6	89637883	89621720	0
6	89637883	89624488	1
6	89637883	89632223	31
6	89637883	89634806	77
6	89637883	89636856	0
6	89637883	89636912	0
6	89637883	89637026	0
6	89637883	89637047	0
6	89644194	89642774	64
6	89645158	89642498	9
6	89645158	89643511	9
6	89671081	89668013	1
6	89672364	89670918	0
6	89672575	89670917	0
6	89675580	89674103	0
6	89676208	89675463	1
6	89749370	89747328	0
6	89749752	89749222	0
6	89803555	89794576	0
6	89819719	89803327	0
6	89819724	89803327	0
6	89938351	89926528	0
6	89938351	89931484	0
6	89951863	89938143	0
6	90008828	90008089	0
6	90008857	89950269	0
6	90089110	90008601	0
6	90206677	90088960	0
6	90206682	90088960	0
6	90206682	90089053	0
6	90206682	90089065	0
6	90206682	90104364	0
6	90271942	90088960	0
6	90296743	90088960	0
6	90518563	90513572	1
6	90518563	90515633	1
6	90518563	90515682	1
6	90519320	90513572	3
6	909007	905444	0
6	91392328	91390312	0
6	9141141	9124220	0
6	91633836	91629914	0
6	92017128	92002609	0
6	92180157	92027890	0
6	9225071	9225326	0
6	92723830	92723002	2
6	92888582	92887250	0
6	93245454	93240019	0
6	93411171	93358255	0
6	93414768	93409653	0
6	93414768	93410500	0
6	95632930	95630114	0
6	9598880	9596109	0
6	9598880	9596289	0
6	9598880	9596296	0
6	962273	958323	0
6	96361588	96358373	0
6	96837464	96794125	0
6	96896154	96891150	1
6	96896848	96889312	1
6	96896919	96891011	1
6	9705443	9697633	0
6	9707973	9705189	0
6	9707973	9705424	0
6	97150021	97142160	0
6	97150021	97146544	1
6	97151868	97149852	0
6	97162046	97151577	0
6	97162166	97151770	0
6	97231653	97228893	0
6	97233981	97230268	0
6	97233981	97231425	0
6	97246691	97231425	0
6	97246691	97233860	0
6	97246691	97245978	0
6	97254734	97246627	0
6	97263353	97254556	2
6	97263449	97253464	0
6	97263449	97254556	0
6	97263449	97259371	4
6	97263449	97259662	4
6	97268003	97254556	1
6	97268003	97258662	0
6	97268003	97263334	0
6	97269993	97263334	1
6	97269993	97267871	0
6	97269993	97267903	0
6	97272882	97265719	0
6	9769056	9707756	0
6	9769056	9707761	0
6	9769056	9707932	0
6	9769056	9750250	0
6	97712493	97710952	0
6	9809791	9775806	0
6	9819425	9775806	0
6	9819425	9809576	0
6	9819425	9809744	0
6	98214684	98210019	0
6	9840515	9775806	0
6	9840515	9819161	0
6	9842024	9840236	0
6	9842637	9840236	0
6	9842637	9840321	0
6	98831388	98829966	0
6	98875728	98868537	5
6	98875728	98873724	4
6	9897004	9845516	0
6	9897004	9850397	0
6	9900490	9845516	0
6	9900490	9850397	0
6	9900490	9896710	0
6	9900490	9896865	0
6	9900490	9896870	0
6	9903407	9900325	0
6	9903442	9900325	0
6	9908605	9775806	0
6	9908605	9809576	0
6	9908605	9819403	0
6	9908605	9845516	0
6	9908605	9900325	0
6	9908605	9900412	0
6	99284213	99280734	0
6	99291821	99271168	0
6	99291821	99280666	0
6	99323668	99291703	0
6	99333548	99323443	0
6	99333548	99323482	0
6	99342935	99291703	0
6	99371588	99369399	0
6	99371588	99369403	0
6	99376183	99371427	0
6	99377455	99371427	0
6	99377486	99375939	0
6	99377486	99376117	0
6	9939320	9933241	0
6	9939329	9933241	0
6	9939350	9933241	0
6	99402598	99399974	45
6	99402711	99398050	22
6	99402711	99399963	38
6	99402711	99401460	3
6	99402711	99401461	3
6	99404547	99401459	47
6	99408272	99406030	0
6	99409345	99408080	10
6	99410965	99409172	11
6	99410993	99408152	14
6	99412740	99410740	21
6	99412740	99410940	14
6	99412740	99411735	9
6	99414687	99412550	1
6	99414691	99412550	1
6	99415748	99412550	2
6	99416429	99411790	2
6	9943334	9939288	0
6	99437400	99432378	6
6	99437400	99432435	6
6	99437400	99432438	6
6	99437400	99435543	3
6	99446464	99443564	0
6	99464748	99445796	1
6	99464748	99462463	5
6	99464748	99462595	3
6	99464748	99462597	3
6	99464903	99445961	1
6	99465137	99445796	1
6	99465137	99464603	1
6	99465137	99464635	1
6	99482866	99476142	0
6	99482884	99476142	0
6	99488296	99476142	0
6	99488296	99482261	0
6	99488296	99482513	0
6	99488296	99482752	0
6	99503774	99488680	0
6	99503866	99488680	0
6	99503866	99501742	0
6	99508782	99507427	0
6	99508783	99507427	0
6	99510231	99508609	0
6	99510231	99508725	0
6	99521729	99520939	0
6	99544274	99542501	28
6	99544274	99543463	20
6	99545231	99542379	2
6	99545231	99542386	2
6	99545231	99543288	13
6	99545231	99543447	9
6	99545231	99543474	9
6	99545231	99543779	2
6	99545231	99544178	2
6	99545231	99544205	5
6	99546475	99545111	1
6	99546475	99545167	0
6	99546475	99545204	1
6	99549400	99546394	3
6	99549573	99546394	2
6	99549576	99546394	2
6	99549576	99549311	0
6	99549576	99549388	0
6	99549648	99546394	1
6	99550310	99546394	3
6	99551029	99550217	3
6	99551029	99550570	2
6	99551896	99550855	2
6	99551896	99550992	1
6	99551896	99550993	1
6	99558549	99551839	0
6	99561437	99551839	0
6	99561437	99557239	0
6	99561437	99558413	0
6	99561437	99558496	0
6	99561437	99558500	0
6	99562949	99561366	0
6	99562949	99561596	0
6	99567039	99562841	1
6	99568228	99562841	1
6	99568624	99566897	4
6	99568629	99562841	1
6	99568632	99562841	1
6	99568647	99562841	1
6	99568653	99562841	1
6	99568661	99561596	0
6	99568663	99562841	1
6	99568690	99562019	3
6	99568714	99562841	1
6	99568768	99562841	1
6	99568815	99562841	1
6	99568826	99562841	1
6	99568974	99562841	1
6	9977600	9939288	0
6	99934518	99919909	0
6	99934518	99920751	0
