gene_id	baseMean	log2FoldChange	lfcSE	pvalue	padj
A2M	37.1048	1.7388	0.5647	0.0002	0.0005
A4GALT	88.8816	-1.5528	0.3691	0.0	0.0
AAK1	501.1387	-1.1547	0.1638	0.0	0.0
AAR2	885.4284	-1.1409	0.1214	0.0	0.0
AASDH	86.7418	-1.5739	0.3669	0.0	0.0
ABCC5	379.3708	-1.4266	0.2004	0.0	0.0
ABCF3	545.2201	-1.3384	0.1537	0.0	0.0
ABHD17C	1971.4594	1.1952	0.0911	0.0	0.0
ABHD4	139.1697	-1.5751	0.2888	0.0	0.0
ABHD5	306.9133	-1.2766	0.2008	0.0	0.0
ABHD6	178.4686	-2.132	0.2702	0.0	0.0
ABHD8	206.371	-1.5938	0.2399	0.0	0.0
ABI1	408.7958	-1.4091	0.1765	0.0	0.0
ABL1	1674.8874	-1.761	0.0986	0.0	0.0
ABTB1	94.5621	-2.0457	0.3676	0.0	0.0
ABTB2	346.9547	-2.6494	0.2403	0.0	0.0
AC005550.4	15.4249	-1.4104	0.7609	0.0087	0.0169
AC007040.7	49.2394	-1.973	0.5097	0.0	0.0
AC009948.5	57.4913	-1.3999	0.4355	0.0003	0.0007
AC010226.4	34.0959	2.7961	0.6763	0.0	0.0
AC012314.8	43.2724	4.282	0.784	0.0	0.0
AC091729.9	58.7333	-1.0037	0.4525	0.0118	0.0223
AC144449.1	27.0993	6.0698	2.1955	0.0	0.0
ACAP2	397.9964	-1.5657	0.1839	0.0	0.0
ACER2	32.9481	-1.7662	0.5945	0.0002	0.0006
ACPL2	243.7372	-1.7041	0.224	0.0	0.0
ACSS1	84.7282	-1.1672	0.3501	0.0003	0.0007
ACTB	127898.1868	1.2708	0.0541	0.0	0.0
ACTBL2	39.3922	1.8814	0.5376	0.0	0.0001
ACTL8	148.6737	1.1119	0.2647	0.0	0.0
ACTR8	385.972	-1.3041	0.1818	0.0	0.0
ACVR1B	299.9296	-1.5834	0.2029	0.0	0.0
ACVR2B	174.0853	-1.0067	0.2503	0.0	0.0001
ACYP2	82.2793	1.4389	0.3579	0.0	0.0
ADAM1A	43.8441	1.0837	0.4561	0.0069	0.0135
ADAM20P1	7.3021	1.2215	0.9363	0.0243	0.0437
ADAM8	33.4877	-1.5785	0.5659	0.0007	0.0016
ADAMTS1	1543.4386	2.3053	0.1096	0.0	0.0
ADAMTS12	716.1499	1.3409	0.1442	0.0	0.0
ADAMTS13	30.9773	2.2932	0.6355	0.0	0.0
ADAMTS15	144.4708	-1.5012	0.2841	0.0	0.0
ADAT1	447.7304	-1.206	0.1656	0.0	0.0
ADAT2	81.1155	-1.3272	0.369	0.0001	0.0002
ADAT3	70.7599	-3.2625	0.5159	0.0	0.0
ADCK3	612.1956	-1.1678	0.1444	0.0	0.0
ADIPOR2	1673.3673	-1.0518	0.0969	0.0	0.0
ADM	1306.9845	2.4361	0.1127	0.0	0.0
ADNP2	1213.6017	1.2266	0.1121	0.0	0.0
ADO	1630.3973	1.664	0.096	0.0	0.0
ADORA1	163.1375	-2.314	0.2906	0.0	0.0
ADORA2B	346.5539	-1.0606	0.1894	0.0	0.0
ADPRHL2	625.5238	-3.3205	0.1748	0.0	0.0
ADRB2	1077.2301	3.7186	0.1339	0.0	0.0
AEN	1699.3608	-3.6289	0.1167	0.0	0.0
AFAP1	1949.0214	-1.1217	0.098	0.0	0.0
AFAP1-AS1	20.8314	3.1833	1.6162	0.0	0.0001
AFF1	242.0132	-2.3182	0.2412	0.0	0.0
AFF3	24.6471	-1.3688	0.6342	0.0058	0.0115
AFF4	1271.0373	-1.5225	0.1115	0.0	0.0
AFG3L1P	90.7713	-2.5322	0.404	0.0	0.0
AFTPH	345.591	-1.8199	0.1918	0.0	0.0
AGAP5	20.6128	-2.1826	0.8282	0.0002	0.0004
AGAP9	35.0435	-1.2767	0.5272	0.004	0.0082
AGER	9.9609	-1.603	1.0576	0.0051	0.0102
AGFG1	684.7394	-1.7486	0.1409	0.0	0.0
AGFG2	209.936	-3.9752	0.322	0.0	0.0
AGPAT4	40.2455	-1.1616	0.5485	0.0107	0.0204
AGPAT6	1001.1992	-1.0945	0.1152	0.0	0.0
AGPAT9	2692.5162	-1.1566	0.0809	0.0	0.0
AHCTF1	2191.8394	-1.9235	0.0898	0.0	0.0
AHDC1	712.195	-1.7066	0.1494	0.0	0.0
AHRR	289.0118	-1.6372	0.2121	0.0	0.0
AHSA2	198.3757	-1.9849	0.2515	0.0	0.0
AIG1	150.0348	1.2614	0.269	0.0	0.0
AJUBA	808.2329	-1.4261	0.132	0.0	0.0
AK6	294.6492	-2.1647	0.227	0.0	0.0
AKAP1	911.2987	-1.6843	0.1332	0.0	0.0
AKAP10	351.2901	-2.4022	0.2045	0.0	0.0
AKAP11	627.432	-1.3797	0.1507	0.0	0.0
AKAP12	5300.7044	1.5639	0.0754	0.0	0.0
AKAP13	591.6604	-1.3241	0.1495	0.0	0.0
AKAP17A	2104.9524	1.681	0.1119	0.0	0.0
AKAP5	15.9751	-1.5917	0.7872	0.0038	0.0077
AKAP8L	696.6397	-1.1542	0.1363	0.0	0.0
AKIRIN1	1006.1406	-2.9151	0.1338	0.0	0.0
AKNA	66.4676	-2.3893	0.4605	0.0	0.0
AKR7A2P1	14.9168	2.7212	1.2314	0.0001	0.0002
AKTIP	205.4212	-1.3936	0.2505	0.0	0.0
AL109763.2	15.5128	-1.1822	0.7355	0.0245	0.044
ALCAM	2122.5376	1.1263	0.0875	0.0	0.0
ALDH5A1	316.5661	1.0131	0.1921	0.0	0.0
ALG11	51.4021	-1.5807	0.4626	0.0001	0.0002
ALKBH1	168.2357	-1.0575	0.2754	0.0001	0.0001
ALKBH8	410.0058	-1.114	0.1733	0.0	0.0
ALPK1	59.3521	-1.1501	0.4136	0.002	0.0042
ALPK3	8.6014	-1.2262	0.9374	0.0238	0.043
ALX1	70.8807	-1.7563	0.4089	0.0	0.0
ALYREF	5577.4562	1.0617	0.0709	0.0	0.0
AMBRA1	482.8526	-2.0186	0.1874	0.0	0.0
AMD1	1795.2844	-1.201	0.0941	0.0	0.0
AMDHD2	155.1713	-1.0837	0.2661	0.0	0.0001
AMER1	618.2205	1.1853	0.1391	0.0	0.0
AMIGO2	9304.7511	1.6473	0.0696	0.0	0.0
AMMECR1	294.8818	-1.5162	0.2114	0.0	0.0
AMOTL2	7900.8139	1.4699	0.062	0.0	0.0
ANAPC13	2079.171	1.3976	0.0955	0.0	0.0
ANGEL2	579.8529	-1.1681	0.1479	0.0	0.0
ANGPT1	140.995	-1.0	0.2747	0.0001	0.0003
ANGPTL4	88.2451	-2.2931	0.4282	0.0	0.0
ANKHD1-EIF4EBP3	308.4065	-3.1327	0.2593	0.0	0.0
ANKIB1	845.0589	-1.2616	0.1271	0.0	0.0
ANKLE1	122.9405	-3.9926	0.4366	0.0	0.0
ANKMY1	36.9893	-1.7769	0.624	0.0003	0.0008
ANKMY2	142.336	-1.4048	0.287	0.0	0.0
ANKRA2	225.8834	1.3943	0.2288	0.0	0.0
ANKRD11	3525.4916	-1.3233	0.0826	0.0	0.0
ANKRD12	200.669	-1.5121	0.2422	0.0	0.0
ANKRD13B	383.6031	-1.5412	0.192	0.0	0.0
ANKRD13D	367.5165	-1.3292	0.1876	0.0	0.0
ANKRD16	107.9661	-1.3827	0.3268	0.0	0.0
ANKRD17	1178.5121	-1.6995	0.1127	0.0	0.0
ANKRD23	15.4549	-1.1613	0.7196	0.0259	0.0463
ANKRD27	609.1421	-1.1214	0.1463	0.0	0.0
ANKRD28	1179.5204	-1.3144	0.1153	0.0	0.0
ANKRD32	371.5135	-1.6078	0.189	0.0	0.0
ANKRD33B	749.2684	1.9095	0.1328	0.0	0.0
ANKRD36	21.8303	-1.0812	0.6292	0.0278	0.0494
ANKRD37	38.9857	-2.8394	0.6761	0.0	0.0
ANKRD40	2642.321	1.0655	0.0808	0.0	0.0
ANKRD46	114.9575	-1.9977	0.3294	0.0	0.0
ANKRD54	630.4903	-1.7187	0.1544	0.0	0.0
ANKS1A	352.3116	-2.1855	0.2179	0.0	0.0
ANKS3	162.9642	-2.5228	0.2986	0.0	0.0
ANKZF1	261.669	-2.5899	0.2606	0.0	0.0
ANP32A-IT1	12.3002	1.5263	0.8646	0.0065	0.0128
ANPEP	11346.0351	1.0148	0.0634	0.0	0.0
ANXA10	101.8413	1.3816	0.3263	0.0	0.0
ANXA5	7369.481	1.0737	0.0671	0.0	0.0
AP1AR	278.1482	-1.69	0.2175	0.0	0.0
AP3M2	175.2157	-1.1962	0.2637	0.0	0.0
AP4B1	312.1963	-2.6738	0.2207	0.0	0.0
AP4M1	230.6148	-1.4857	0.2364	0.0	0.0
AP5B1	858.7326	-1.5866	0.1265	0.0	0.0
AP5M1	148.1224	-2.0264	0.2962	0.0	0.0
AP5S1	191.8259	-2.3041	0.2668	0.0	0.0
AP5Z1	368.5902	-2.0539	0.2071	0.0	0.0
APAF1	321.5413	-1.6853	0.1978	0.0	0.0
APC	599.2263	-1.1893	0.1441	0.0	0.0
APC2	143.3505	2.1237	0.2967	0.0	0.0
APEX2	1020.3845	-1.0626	0.1164	0.0	0.0
APLP2	7379.3181	1.1909	0.0633	0.0	0.0
APMAP	4429.324	1.0552	0.0717	0.0	0.0
APOD	18.1364	1.2133	0.6649	0.0165	0.0305
APOE	56.0078	1.0603	0.4163	0.0046	0.0092
APOL2	208.4271	-2.2006	0.2524	0.0	0.0
APOL3	22.3936	-1.2844	0.638	0.0097	0.0187
APOLD1	83.4992	1.57	0.3669	0.0	0.0
APP	12030.286	1.0989	0.0566	0.0	0.0
APPBP2	322.9188	-1.9232	0.199	0.0	0.0
AQPEP	7.6663	1.3022	0.9248	0.0179	0.0329
ARAP2	101.0581	-2.0559	0.3529	0.0	0.0
ARFGAP2	807.7929	-1.9188	0.1383	0.0	0.0
ARFGAP3	238.5855	-1.0689	0.218	0.0	0.0
ARFIP1	385.5909	-1.0575	0.1743	0.0	0.0
ARFRP1	496.6435	-2.2953	0.1812	0.0	0.0
ARHGAP11A	1560.2979	-1.0422	0.1137	0.0	0.0
ARHGAP12	581.273	-2.5135	0.167	0.0	0.0
ARHGAP19	431.686	-1.2776	0.1724	0.0	0.0
ARHGAP21	532.4374	-1.6847	0.1575	0.0	0.0
ARHGAP22	104.2931	-1.7774	0.3384	0.0	0.0
ARHGAP23	1272.3147	-1.7013	0.1168	0.0	0.0
ARHGAP24	58.9969	-1.2015	0.4399	0.0021	0.0044
ARHGAP27	169.4382	-1.9503	0.2829	0.0	0.0
ARHGAP29	988.433	-1.5726	0.1201	0.0	0.0
ARHGAP30	126.5461	3.0064	0.3439	0.0	0.0
ARHGAP31	231.5064	-1.5755	0.2261	0.0	0.0
ARHGAP39	268.0172	-2.1996	0.228	0.0	0.0
ARHGAP42	51.3995	-1.517	0.4648	0.0002	0.0005
ARHGEF10L	52.2645	-2.288	0.5308	0.0	0.0
ARHGEF11	1195.7303	-1.6855	0.1106	0.0	0.0
ARHGEF18	993.2263	-1.2719	0.1186	0.0	0.0
ARHGEF19	129.1591	-2.3067	0.3227	0.0	0.0
ARHGEF2	2464.5761	-2.1686	0.0892	0.0	0.0
ARHGEF26	101.0711	-1.3391	0.3427	0.0	0.0001
ARHGEF28	400.0417	-1.4087	0.1776	0.0	0.0
ARHGEF3	113.1153	-1.5328	0.3203	0.0	0.0
ARHGEF37	51.9902	-2.0031	0.4964	0.0	0.0
ARHGEF39	178.7258	-3.1735	0.3093	0.0	0.0
ARHGEF4	206.9972	-1.6391	0.2465	0.0	0.0
ARHGEF40	437.1619	-1.5306	0.1683	0.0	0.0
ARHGEF7	929.3151	-1.6591	0.1366	0.0	0.0
ARID1A	1376.3931	-1.9795	0.1105	0.0	0.0
ARID2	307.0129	-2.6474	0.221	0.0	0.0
ARID3A	73.6662	-1.6734	0.4092	0.0	0.0
ARID3B	152.8625	-3.3899	0.3561	0.0	0.0
ARID4A	74.1605	-1.3789	0.3795	0.0001	0.0002
ARID4B	646.3474	-1.2153	0.142	0.0	0.0
ARID5A	48.7066	-1.4072	0.4705	0.0006	0.0014
ARIH1	815.6562	-1.2952	0.127	0.0	0.0
ARL13B	282.4047	-1.1692	0.2088	0.0	0.0
ARL14EP	109.5324	-1.5354	0.3327	0.0	0.0
ARL6IP1	2331.893	-1.7924	0.0872	0.0	0.0
ARL6IP5	1803.2546	1.2355	0.096	0.0	0.0
ARL8A	322.031	-2.5032	0.2118	0.0	0.0
ARMC1	690.5926	-1.4192	0.1389	0.0	0.0
ARMC8	353.0843	-1.2846	0.1842	0.0	0.0
ARMCX4	34.8962	-1.6933	0.6039	0.0005	0.0011
ARMCX5	86.2301	-1.2184	0.3495	0.0002	0.0004
ARNT	356.7181	-1.0391	0.1814	0.0	0.0
ARNT2	393.3556	-2.3612	0.195	0.0	0.0
ARNTL	85.7415	-2.5508	0.4252	0.0	0.0
ARPC3	4379.479	1.0272	0.0761	0.0	0.0
ARRDC2	279.9005	-1.5687	0.2217	0.0	0.0
ARSB	875.5399	1.3171	0.1337	0.0	0.0
ARSJ	1386.4321	1.8515	0.1091	0.0	0.0
ARVCF	29.3789	-2.0126	0.6729	0.0001	0.0003
ASAH2B	106.4705	-1.3329	0.3768	0.0001	0.0003
ASAP1	885.5131	-1.2662	0.1305	0.0	0.0
ASAP2	686.738	-1.6201	0.1466	0.0	0.0
ASB13	179.0941	-2.949	0.2999	0.0	0.0
ASB16-AS1	56.2346	-3.3852	0.6192	0.0	0.0
ASF1A	350.4864	-1.3603	0.1881	0.0	0.0
ASH1L-AS1	168.7258	3.5912	0.3113	0.0	0.0
ASPHD2	41.1336	-2.3462	0.6458	0.0	0.0
ASPM	1360.4969	-1.1605	0.1037	0.0	0.0
ASTE1	79.939	-1.1771	0.379	0.0007	0.0015
ATAD5	216.9518	-1.8835	0.2398	0.0	0.0
ATF3	473.7571	1.1858	0.159	0.0	0.0
ATF6B	1087.7265	1.0121	0.1134	0.0	0.0
ATF7IP	537.924	-1.0098	0.1525	0.0	0.0
ATF7IP2	27.9253	-1.3931	0.6055	0.004	0.0081
ATG14	134.6897	-1.2599	0.2872	0.0	0.0
ATG16L1	475.3899	-2.7865	0.1886	0.0	0.0
ATG2B	193.4218	-1.0476	0.2396	0.0	0.0
ATG4C	126.2197	-1.7644	0.3149	0.0	0.0
ATL2	610.9544	-1.4764	0.1449	0.0	0.0
ATMIN	793.2469	-1.3016	0.137	0.0	0.0
ATOH8	26.9247	-1.3282	0.6087	0.0062	0.0122
ATP5E	3550.788	1.1633	0.0729	0.0	0.0
ATP5F1	4725.9152	1.0088	0.0768	0.0	0.0
ATP5H	2084.6379	1.0297	0.086	0.0	0.0
ATP5J	2129.7113	1.1166	0.0913	0.0	0.0
ATP5L	2939.8768	1.0954	0.0829	0.0	0.0
ATP5O	1779.2247	1.0432	0.0929	0.0	0.0
ATP6AP2	2350.792	1.375	0.0903	0.0	0.0
ATP6V0E2-AS1	62.7441	-1.3122	0.4076	0.0004	0.0008
ATP6V1B1	35.196	-1.5074	0.548	0.0009	0.0021
ATP6V1C2	36.6075	1.209	0.5051	0.0051	0.0101
ATP6V1D	1491.1239	1.1717	0.1015	0.0	0.0
ATP6V1E1	2470.3116	1.0464	0.0871	0.0	0.0
ATP6V1G1	1625.8215	1.0623	0.0945	0.0	0.0
ATRIP	355.0661	-1.4401	0.2022	0.0	0.0
ATXN2	444.8694	-1.7369	0.1729	0.0	0.0
ATXN7	405.8375	-1.5653	0.1752	0.0	0.0
ATXN7L2	196.5353	-1.6841	0.2482	0.0	0.0
ATXN7L3	1436.3788	-1.4717	0.103	0.0	0.0
ATXN7L3B	6494.7843	1.9766	0.0685	0.0	0.0
AUNIP	374.6917	1.0298	0.1729	0.0	0.0
AURKA	1720.8075	-1.2326	0.0948	0.0	0.0
AVEN	425.1492	1.0924	0.1946	0.0	0.0
AVL9	534.0985	-2.1192	0.1681	0.0	0.0
AXIN1	626.6777	-1.735	0.1474	0.0	0.0
AZI1	224.5411	-1.377	0.2474	0.0	0.0
B2M	10561.7024	1.1621	0.0647	0.0	0.0
B3GALT2	155.7142	4.4108	0.3852	0.0	0.0
B3GNT7	217.4941	-1.4104	0.2324	0.0	0.0
BAG2	617.2757	-1.5211	0.1447	0.0	0.0
BAG4	598.1389	1.0352	0.1422	0.0	0.0
BAG5	1705.7631	1.7294	0.0983	0.0	0.0
BAGE2	87.8108	-1.2953	0.3595	0.0001	0.0002
BAHCC1	339.4026	-1.9244	0.2005	0.0	0.0
BAHD1	621.7567	-2.5817	0.1578	0.0	0.0
BAIAP2	505.8742	-1.2827	0.1577	0.0	0.0
BAK1	403.2988	-4.1286	0.2398	0.0	0.0
BANF1	7429.51	1.2244	0.0812	0.0	0.0
BANP	333.8434	-2.5223	0.2295	0.0	0.0
BARD1	133.3675	-1.7794	0.3048	0.0	0.0
BATF2	27.669	-1.6594	0.6659	0.0012	0.0026
BAZ1A	739.8706	-1.4133	0.1328	0.0	0.0
BAZ2A	1743.5883	-1.4333	0.0963	0.0	0.0
BAZ2B	94.2409	-1.441	0.3574	0.0	0.0
BBS10	532.5116	1.2769	0.1596	0.0	0.0
BBS5	60.4817	-1.892	0.4445	0.0	0.0
BCAM	399.0042	1.1413	0.1774	0.0	0.0
BCAN	70.6578	-1.8656	0.4187	0.0	0.0
BCAR1	1310.0864	-2.5101	0.1129	0.0	0.0
BCDIN3D	109.1008	-2.169	0.3564	0.0	0.0
BCDIN3D-AS1	42.8903	1.5534	0.4955	0.0003	0.0006
BCL2	220.2914	1.0424	0.2215	0.0	0.0
BCL2L1	4421.6335	1.9809	0.0729	0.0	0.0
BCL2L2	429.4521	-1.7055	0.173	0.0	0.0
BCL3	144.2579	-3.096	0.3592	0.0	0.0
BCL7A	107.2692	-1.0944	0.3133	0.0002	0.0005
BCL9	489.1446	-1.0797	0.1616	0.0	0.0
BCORL1	208.3766	-2.1737	0.2618	0.0	0.0
BCYRN1	33.7524	1.8408	0.5889	0.0001	0.0003
BDNF	1305.2827	2.7689	0.1209	0.0	0.0
BDNF-AS	4.391	1.4164	1.2441	0.0055	0.011
BDP1	599.4824	-1.3514	0.1451	0.0	0.0
BEND3P3	56.1634	-1.7415	0.4738	0.0	0.0001
BEND7	15.8542	-1.3232	0.7587	0.0133	0.0251
BET1L	783.2554	-1.0458	0.1308	0.0	0.0
BFAR	3057.9404	1.0606	0.0777	0.0	0.0
BGN	368.7714	1.1982	0.1851	0.0	0.0
BHLHB9	18.4253	-1.284	0.705	0.0135	0.0254
BHLHE40	826.9417	2.2869	0.1404	0.0	0.0
BICD1	1187.0596	1.2557	0.1064	0.0	0.0
BIK	10.6103	-1.561	0.9603	0.0062	0.0123
BIN3	501.5014	-3.5996	0.1964	0.0	0.0
BIRC2	1453.6677	-1.1023	0.1007	0.0	0.0
BIRC3	793.5638	2.0617	0.1448	0.0	0.0
BLACAT1	24.8622	-3.0658	1.05	0.0	0.0
BLCAP	497.3661	-1.7846	0.1665	0.0	0.0
BLM	298.7575	-1.5918	0.2084	0.0	0.0
BLOC1S4	1115.3425	2.1073	0.1228	0.0	0.0
BMP2	410.8103	1.0344	0.1687	0.0	0.0
BMP4	60.4696	1.9387	0.4351	0.0	0.0
BMP8A	20.222	-1.171	0.6454	0.0188	0.0345
BMPR1A	420.8013	-1.5399	0.1736	0.0	0.0
BMPR1B	13.8745	-1.4617	0.818	0.008	0.0156
BMS1P4	12.108	-1.279	0.8684	0.0195	0.0357
BNC2	1168.7562	1.9258	0.1131	0.0	0.0
BNIP2	896.4204	-1.4638	0.1238	0.0	0.0
BOK	162.4693	-1.0216	0.2591	0.0	0.0001
BORA	108.7783	-1.9959	0.3549	0.0	0.0
BRAP	362.0168	-1.9017	0.1925	0.0	0.0
BRCA1	818.6981	-1.4832	0.13	0.0	0.0
BRCA2	195.6714	-1.3331	0.2476	0.0	0.0
BRD3	368.9119	-1.623	0.201	0.0	0.0
BRD8	748.6256	-1.0301	0.1297	0.0	0.0
BRE-AS1	27.7981	3.7805	0.9736	0.0	0.0
BRF1	393.9756	-1.4074	0.4571	0.0005	0.001
BRINP2	44.0181	-1.8072	0.5295	0.0001	0.0001
BRIP1	202.9141	-1.7972	0.2519	0.0	0.0
BRPF3	576.8127	-2.1862	0.1577	0.0	0.0
BRWD3	403.6073	-1.1428	0.1833	0.0	0.0
BSCL2	693.6302	1.0965	0.1336	0.0	0.0
BSG	14327.4604	1.0073	0.066	0.0	0.0
BTAF1	531.5792	-2.0449	0.1894	0.0	0.0
BTBD19	25.759	-1.2653	0.6221	0.0098	0.0189
BTBD3	782.4879	-1.4448	0.1312	0.0	0.0
BTBD7	296.7534	-1.1819	0.2046	0.0	0.0
BTF3	18593.3777	1.1427	0.0563	0.0	0.0
BTG2	862.3539	1.5505	0.1243	0.0	0.0
BTN2A1	296.2426	-1.3509	0.202	0.0	0.0
BTN2A2	92.8903	-1.6287	0.3528	0.0	0.0
BTRC	327.5565	-2.479	0.2174	0.0	0.0
C10orf118	158.2827	-1.4077	0.2785	0.0	0.0
C10orf12	267.1244	1.1153	0.2228	0.0	0.0
C10orf35	21.5399	-2.5497	0.939	0.0	0.0001
C10orf76	291.2181	-1.2697	0.2006	0.0	0.0
C10orf88	112.7721	-2.4972	0.3541	0.0	0.0
C11orf30	228.1753	-2.1051	0.2442	0.0	0.0
C11orf48	32.2803	-1.4074	0.5632	0.0024	0.005
C11orf71	200.3508	1.209	0.2627	0.0	0.0
C11orf82	324.6004	-3.0211	0.2242	0.0	0.0
C11orf84	1094.2478	-2.1133	0.1224	0.0	0.0
C12orf4	325.3194	-1.2725	0.1908	0.0	0.0
C12orf43	400.5498	-1.0332	0.1743	0.0	0.0
C12orf60	13.327	-1.793	0.9285	0.0021	0.0045
C12orf61	60.0356	2.8586	0.5298	0.0	0.0
C12orf66	91.2868	-1.4015	0.3481	0.0	0.0
C12orf75	2901.5287	1.0337	0.0782	0.0	0.0
C12orf76	63.2477	-2.3398	0.4575	0.0	0.0
C14orf169	727.3809	1.0811	0.1293	0.0	0.0
C14orf80	248.8462	-2.7457	0.2504	0.0	0.0
C15orf52	2171.0772	-1.7236	0.098	0.0	0.0
C15orf54	180.598	1.575	0.2509	0.0	0.0
C15orf57	184.8927	-1.9798	0.2611	0.0	0.0
C15orf60	122.8676	1.1997	0.2948	0.0	0.0
C15orf62	85.0404	1.6989	0.3629	0.0	0.0
C16orf45	222.5565	-1.2819	0.227	0.0	0.0
C16orf52	922.6638	-1.1869	0.1224	0.0	0.0
C16orf59	207.2986	-1.0296	0.23	0.0	0.0
C16orf70	224.3976	-1.7178	0.2569	0.0	0.0
C16orf91	854.5125	1.3096	0.1269	0.0	0.0
C17orf103	64.6925	-2.1951	0.451	0.0	0.0
C17orf53	197.518	-1.4722	0.2473	0.0	0.0
C17orf58	140.4236	-1.0581	0.2772	0.0001	0.0002
C17orf59	272.2735	1.1425	0.2174	0.0	0.0
C17orf62	448.9002	-1.9391	0.1752	0.0	0.0
C17orf80	343.1012	-2.6464	0.2168	0.0	0.0
C17orf85	609.2626	-1.3439	0.1588	0.0	0.0
C18orf21	282.4018	1.0405	0.1982	0.0	0.0
C18orf25	1860.2743	1.1594	0.0911	0.0	0.0
C18orf54	192.8585	-1.4286	0.2544	0.0	0.0
C19orf12	300.6342	-1.7748	0.2044	0.0	0.0
C19orf25	293.5826	-2.367	0.2221	0.0	0.0
C19orf26	148.2345	-1.1546	0.2764	0.0	0.0
C19orf40	83.3912	-1.9797	0.4086	0.0	0.0
C19orf48	1374.4963	-2.2274	0.1242	0.0	0.0
C19orf54	211.5624	-1.9161	0.2441	0.0	0.0
C19orf55	76.4832	-2.2812	0.4306	0.0	0.0
C19orf66	166.2707	-1.2601	0.2625	0.0	0.0
C19orf68	161.5545	-2.0284	0.2816	0.0	0.0
C1GALT1	332.7035	-1.5348	0.1915	0.0	0.0
C1orf106	271.9483	-1.5674	0.216	0.0	0.0
C1orf131	280.3363	-1.4214	0.2223	0.0	0.0
C1orf159	219.7454	-1.1398	0.2259	0.0	0.0
C1orf220	25.9021	1.2693	0.5888	0.0076	0.0148
C1orf226	165.9498	-2.3001	0.2945	0.0	0.0
C1orf35	341.022	-1.809	0.2008	0.0	0.0
C1QL1	68.6404	1.3352	0.3822	0.0001	0.0003
C1R	41.3574	1.0937	0.4725	0.0078	0.0153
C20orf112	173.4334	-2.8393	0.3021	0.0	0.0
C21orf119	134.0138	1.6488	0.3012	0.0	0.0
C21orf58	355.4268	1.7726	0.186	0.0	0.0
C22orf29	217.3475	-3.1137	0.2759	0.0	0.0
C2CD2L	792.4994	-1.0223	0.1266	0.0	0.0
C2CD5	373.9063	-1.4235	0.1887	0.0	0.0
C2orf42	81.0455	-1.8983	0.3875	0.0	0.0
C2orf72	6.4532	-1.7205	1.2986	0.0021	0.0045
C2orf76	75.5876	1.0103	0.3671	0.0028	0.0058
C3	500.631	1.1391	0.1525	0.0	0.0
C3orf18	74.1458	-1.1702	0.3714	0.0006	0.0013
C3orf38	860.5509	1.4947	0.1271	0.0	0.0
C3orf52	72.5242	-2.1131	0.4284	0.0	0.0
C3orf62	63.1826	-1.7639	0.4273	0.0	0.0
C3orf70	17.883	-1.7834	0.7889	0.0013	0.0029
C4orf19	28.2852	-2.1092	0.6907	0.0001	0.0002
C4orf21	111.393	-1.1241	0.3218	0.0002	0.0005
C5orf22	414.5256	-1.0713	0.1733	0.0	0.0
C5orf24	905.2871	-1.0659	0.1217	0.0	0.0
C5orf28	109.7868	-1.7491	0.3368	0.0	0.0
C5orf30	423.2454	-1.0768	0.1815	0.0	0.0
C5orf34	153.0875	-1.8413	0.2831	0.0	0.0
C5orf45	43.9189	-1.6064	0.54	0.0004	0.0009
C5orf51	546.967	-1.1036	0.1576	0.0	0.0
C5orf54	116.7722	-1.6534	0.3233	0.0	0.0
C5orf55	218.0404	2.2457	0.2401	0.0	0.0
C6orf120	1056.7106	1.5956	0.1213	0.0	0.0
C6orf136	116.534	-1.872	0.3432	0.0	0.0
C6orf141	148.0844	1.4777	0.2711	0.0	0.0
C6orf203	72.2594	-1.607	0.3919	0.0	0.0
C6orf226	55.0517	1.1551	0.426	0.0024	0.005
C6orf47	509.9014	1.1316	0.1538	0.0	0.0
C7orf13	93.2082	1.262	0.3313	0.0	0.0001
C7orf26	446.6576	-2.4237	0.1811	0.0	0.0
C7orf43	360.5661	-1.9305	0.1912	0.0	0.0
C7orf49	742.515	-1.2723	0.1321	0.0	0.0
C8orf44-SGK3	14.1604	-3.173	1.7046	0.0	0.0001
C8orf46	16.2376	1.7937	0.8097	0.0014	0.003
C8orf76	269.2225	-2.5847	0.2336	0.0	0.0
C9orf114	787.2995	-1.3331	0.1504	0.0	0.0
C9orf85	118.4511	-1.0883	0.3094	0.0002	0.0005
CA9	343.0785	1.9117	0.1941	0.0	0.0
CABLES1	381.3564	-1.449	0.1798	0.0	0.0
CABYR	58.0589	-1.071	0.4643	0.0084	0.0162
CACFD1	41.2609	-1.1996	0.4852	0.0042	0.0085
CACNA2D1	740.9611	1.0917	0.1299	0.0	0.0
CACNB1	75.3975	-1.7212	0.4141	0.0	0.0
CACNB3	277.5347	-1.0772	0.2076	0.0	0.0
CACUL1	641.4108	-2.2515	0.1585	0.0	0.0
CACYBP	8374.0966	1.0093	0.0679	0.0	0.0
CADPS2	618.6545	1.0299	0.1402	0.0	0.0
CAHM	17.6232	1.9953	0.8126	0.0005	0.001
CALHM1	8.2195	1.1972	0.9017	0.0272	0.0485
CALHM2	325.0723	-1.5637	0.1949	0.0	0.0
CALML4	64.701	-1.1457	0.3976	0.0015	0.0032
CALU	10937.1546	1.3274	0.069	0.0	0.0
CAMKK1	41.1301	-2.5944	0.6359	0.0	0.0
CAMKK2	572.6057	-1.0013	0.1495	0.0	0.0
CAMLG	357.6309	-1.4732	0.188	0.0	0.0
CAPN10-AS1	157.4665	4.6524	0.3866	0.0	0.0
CAPN7	624.6774	-1.3566	0.1425	0.0	0.0
CAPNS1	6787.8565	1.0519	0.0631	0.0	0.0
CAPRIN2	188.6072	-2.2127	0.2685	0.0	0.0
CARD10	649.7405	-1.9821	0.1613	0.0	0.0
CARD8	165.8632	-1.0249	0.2664	0.0001	0.0001
CARKD	686.7264	-1.2204	0.139	0.0	0.0
CASC10	311.5783	1.0355	0.201	0.0	0.0
CASC5	568.8377	-1.4003	0.1502	0.0	0.0
CASD1	116.8173	-1.4875	0.3128	0.0	0.0
CASKIN2	387.7639	-2.8735	0.2174	0.0	0.0
CASP2	668.9997	-1.4726	0.1509	0.0	0.0
CASP3	593.7042	-1.789	0.1557	0.0	0.0
CASP8	292.8506	-1.1496	0.2021	0.0	0.0
CASP8AP2	235.7408	-1.8555	0.2295	0.0	0.0
CBFA2T2	174.5554	-2.3997	0.2824	0.0	0.0
CBL	1156.2897	-1.5456	0.1138	0.0	0.0
CBLB	84.3459	-1.7518	0.3768	0.0	0.0
CBLL1	1256.1841	1.5671	0.1049	0.0	0.0
CBR3	87.0172	-1.0119	0.3505	0.0018	0.0039
CBWD3	428.407	1.4947	0.1683	0.0	0.0
CBWD5	1226.529	1.4647	0.1264	0.0	0.0
CBX2	368.4375	-2.158	0.1965	0.0	0.0
CBX7	65.8624	-2.2534	0.4515	0.0	0.0
CC2D1A	792.8256	-1.128	0.1484	0.0	0.0
CCAR2	1898.8481	-1.3006	0.0977	0.0	0.0
CCBE1	88.6258	-1.828	0.3654	0.0	0.0
CCDC101	139.7158	-1.9227	0.3017	0.0	0.0
CCDC102A	260.9561	-2.5318	0.249	0.0	0.0
CCDC112	65.5178	-2.086	0.4411	0.0	0.0
CCDC117	397.8681	-1.464	0.1798	0.0	0.0
CCDC120	38.5344	-3.9337	1.2183	0.0	0.0
CCDC121	56.6722	1.1857	0.4529	0.0029	0.0061
CCDC126	55.6889	-1.5848	0.4543	0.0001	0.0002
CCDC127	137.5961	-1.6407	0.3024	0.0	0.0
CCDC130	238.0407	-1.577	0.2243	0.0	0.0
CCDC137	1191.7287	-1.5123	0.1175	0.0	0.0
CCDC138	112.9022	-1.7476	0.3277	0.0	0.0
CCDC14	357.3717	-1.5968	0.1858	0.0	0.0
CCDC15	122.379	-2.0339	0.337	0.0	0.0
CCDC18	75.5953	-1.2743	0.3787	0.0002	0.0006
CCDC28A	71.1145	-1.1765	0.3795	0.0007	0.0016
CCDC41-AS1	18.1307	1.5025	0.6982	0.004	0.0081
CCDC42B	20.9553	2.1551	0.7489	0.0001	0.0002
CCDC51	575.2905	-1.1868	0.154	0.0	0.0
CCDC57	74.5757	-1.3275	0.3777	0.0001	0.0003
CCDC66	88.9614	-2.528	0.4012	0.0	0.0
CCDC71	344.0839	-3.6043	0.2389	0.0	0.0
CCDC73	28.3105	1.3835	0.5735	0.0032	0.0065
CCDC77	259.2613	-2.2668	0.2282	0.0	0.0
CCDC78	36.9974	-1.3275	0.5169	0.0025	0.0051
CCDC82	251.1168	-2.57	0.2528	0.0	0.0
CCDC85B	7960.5869	1.3499	0.0825	0.0	0.0
CCDC85C	397.6647	-1.8379	0.1811	0.0	0.0
CCDC88C	36.285	-1.2416	0.5406	0.0059	0.0117
CCDC9	272.2075	-1.94	0.2165	0.0	0.0
CCDC93	312.7237	-1.9763	0.2128	0.0	0.0
CCDC97	641.4744	-1.7176	0.1446	0.0	0.0
CCL2	12.9293	1.1921	0.7479	0.0241	0.0434
CCM2	304.179	-1.4575	0.2011	0.0	0.0
CCNE1	203.2907	-1.579	0.2437	0.0	0.0
CCNE2	254.8447	-2.3228	0.2385	0.0	0.0
CCNF	867.9184	-1.7684	0.1277	0.0	0.0
CCNG2	60.7482	-1.4767	0.4264	0.0001	0.0003
CCNK	686.9387	-1.3179	0.137	0.0	0.0
CCNL1	1558.4699	2.1626	0.1204	0.0	0.0
CCNT2	405.8696	1.0558	0.1678	0.0	0.0
CCP110	614.7568	-2.0791	0.1667	0.0	0.0
CCRN4L	697.1477	1.8413	0.1386	0.0	0.0
CCT6P1	91.9317	1.0037	0.3287	0.0011	0.0024
CCT8	8310.4843	1.024	0.0628	0.0	0.0
CD274	125.0598	-1.3207	0.3026	0.0	0.0
CD55	3873.0928	1.2903	0.0739	0.0	0.0
CD59	11548.5026	1.3069	0.0578	0.0	0.0
CD68	1148.3602	1.0619	0.1127	0.0	0.0
CD9	1767.2908	1.0309	0.0955	0.0	0.0
CD96	4719.9781	1.0866	0.0781	0.0	0.0
CDADC1	38.3872	-1.6058	0.5425	0.0004	0.0009
CDAN1	356.3925	-1.8054	0.194	0.0	0.0
CDC14A	100.0114	-2.1937	0.384	0.0	0.0
CDC23	614.4097	-1.7181	0.1503	0.0	0.0
CDC25A	1295.3284	-1.1541	0.1057	0.0	0.0
CDC25B	2320.5215	-1.4258	0.0855	0.0	0.0
CDC37L1	245.3589	-1.8576	0.2268	0.0	0.0
CDC40	353.8319	-1.6684	0.1902	0.0	0.0
CDC42	5727.84	1.087	0.0698	0.0	0.0
CDC42EP1	219.1708	-1.5777	0.241	0.0	0.0
CDC42EP3	3715.0966	1.1889	0.0789	0.0	0.0
CDC42EP4	803.5111	-1.3484	0.1274	0.0	0.0
CDC42SE1	1522.037	-2.2392	0.1038	0.0	0.0
CDC42SE2	300.5049	-1.3323	0.1973	0.0	0.0
CDC7	169.6459	-2.6394	0.2937	0.0	0.0
CDCA2	355.9209	-1.978	0.1927	0.0	0.0
CDCA4	865.8456	-1.8683	0.1275	0.0	0.0
CDCA5	1568.203	-2.426	0.1096	0.0	0.0
CDCA7	280.4702	-2.3319	0.2297	0.0	0.0
CDCA8	927.5751	-2.4181	0.1321	0.0	0.0
CDCP1	1150.9937	1.0287	0.1115	0.0	0.0
CDH13	3286.0528	1.4247	0.0856	0.0	0.0
CDK17	326.0987	-1.5301	0.1978	0.0	0.0
CDK20	86.5693	-1.7689	0.3702	0.0	0.0
CDK2AP1	5965.2332	1.0467	0.0682	0.0	0.0
CDK6	5061.4773	1.714	0.0696	0.0	0.0
CDK7	616.0824	-1.1912	0.1448	0.0	0.0
CDK8	249.3452	-2.5817	0.2419	0.0	0.0
CDKL1	44.6339	-1.5401	0.494	0.0003	0.0007
CDKL5	57.4253	-1.5941	0.4419	0.0	0.0001
CDKN1A	10554.9744	1.0198	0.0652	0.0	0.0
CDKN1B	1559.142	1.9102	0.1052	0.0	0.0
CDKN2AIP	1240.7991	1.7083	0.1103	0.0	0.0
CDPF1	57.8752	-1.1123	0.4205	0.0032	0.0065
CDR2L	425.6029	-1.0447	0.1675	0.0	0.0
CDRT15P1	7.3084	-1.2286	0.9965	0.0219	0.0397
CDS1	48.4938	-1.1711	0.4584	0.0036	0.0074
CDT1	987.4944	-1.9007	0.1267	0.0	0.0
CDYL2	89.9761	-1.0344	0.3396	0.0011	0.0023
CEACAM19	12.5455	-1.5875	0.9012	0.0052	0.0105
CEBPD	318.8379	2.0494	0.2005	0.0	0.0
CEBPG	349.3918	-1.6547	0.1937	0.0	0.0
CEBPZ	1604.0851	-1.8347	0.1074	0.0	0.0
CEMP1	68.2705	-2.3584	0.4507	0.0	0.0
CENPA	287.6414	-1.5401	0.2085	0.0	0.0
CENPB	8518.3106	1.6442	0.07	0.0	0.0
CENPBD1	500.797	1.5203	0.1542	0.0	0.0
CENPC	86.2019	-2.2645	0.4325	0.0	0.0
CENPE	720.8385	-1.0422	0.1598	0.0	0.0
CENPJ	272.4391	-1.3291	0.2122	0.0	0.0
CENPL	601.3021	1.0907	0.1471	0.0	0.0
CENPO	630.7496	-1.3855	0.165	0.0	0.0
CENPQ	134.9842	-1.3333	0.2893	0.0	0.0
CEP120	246.447	-1.8532	0.2311	0.0	0.0
CEP135	215.3787	-1.2362	0.2359	0.0	0.0
CEP152	223.2913	-1.1307	0.2245	0.0	0.0
CEP164	1069.819	-1.2299	0.1156	0.0	0.0
CEP170	2168.2192	-1.6312	0.0953	0.0	0.0
CEP192	249.687	-1.5973	0.2197	0.0	0.0
CEP44	127.8587	-1.9088	0.3153	0.0	0.0
CEP57	512.7991	-1.2752	0.1616	0.0	0.0
CEP57L1	55.5292	-1.4526	0.438	0.0002	0.0004
CEP68	85.6235	-1.7953	0.4042	0.0	0.0
CEP76	132.8928	-1.0683	0.2887	0.0001	0.0002
CEP85	542.1172	-2.3695	0.1642	0.0	0.0
CEP95	251.4589	-1.3801	0.224	0.0	0.0
CEP97	240.5084	-1.5721	0.2288	0.0	0.0
CERKL	53.6552	1.161	0.4569	0.0038	0.0078
CETN2	634.1638	1.1972	0.1421	0.0	0.0
CFDP1	633.8258	1.0952	0.1402	0.0	0.0
CFH	108.0145	1.0256	0.3246	0.0007	0.0017
CFL1	43356.3108	1.0768	0.0616	0.0	0.0
CFLAR	159.9436	-1.0404	0.2675	0.0	0.0001
CGB8	35.2277	1.5469	0.5369	0.0006	0.0013
CGN	56.9478	-1.8483	0.467	0.0	0.0
CGREF1	140.1671	1.1524	0.273	0.0	0.0
CHAC1	122.4305	-1.6437	0.3209	0.0	0.0
CHAF1A	1089.6719	-2.994	0.1281	0.0	0.0
CHCHD2	11348.7012	1.0733	0.0572	0.0	0.0
CHCHD6	276.0792	1.0148	0.2082	0.0	0.0
CHD1	737.1031	-1.7844	0.139	0.0	0.0
CHD8	1140.3044	-1.3087	0.1218	0.0	0.0
CHD9	693.0806	-1.5901	0.1565	0.0	0.0
CHERP	2502.0412	-1.9149	0.0934	0.0	0.0
CHIC1	95.8916	-1.7392	0.3503	0.0	0.0
CHIC2	228.9228	-2.029	0.2483	0.0	0.0
CHMP1B	2272.6901	2.4284	0.0976	0.0	0.0
CHMP6	387.4798	-1.172	0.1995	0.0	0.0
CHMP7	775.8175	-1.3653	0.1324	0.0	0.0
CHPF2	1961.374	1.0287	0.0967	0.0	0.0
CHRDL1	168.5903	1.1664	0.2515	0.0	0.0
CHST1	437.7633	-2.2755	0.1811	0.0	0.0
CHST10	285.1301	-1.8946	0.211	0.0	0.0
CHST14	2165.405	1.2969	0.0907	0.0	0.0
CHST6	118.1453	-1.2178	0.3041	0.0	0.0001
CHTF8	1842.0554	-1.4801	0.0963	0.0	0.0
CIC	1108.952	-2.3373	0.13	0.0	0.0
CIITA	674.8417	-1.8925	0.1495	0.0	0.0
CILP2	47.6266	-1.1219	0.4499	0.0047	0.0094
CIPC	132.5446	-3.5843	0.3905	0.0	0.0
CISH	24.4059	-3.2721	1.0869	0.0	0.0
CITED2	1860.0346	2.7656	0.1009	0.0	0.0
CKAP2	777.0826	-2.2808	0.1499	0.0	0.0
CKMT2-AS1	38.1572	-1.6194	1.1059	0.0045	0.0092
CKS2	1283.1509	-1.837	0.11	0.0	0.0
CLASRP	620.2211	-1.2593	0.1635	0.0	0.0
CLCF1	170.2269	-3.5976	0.3578	0.0	0.0
CLCN6	133.6592	-1.5411	0.3227	0.0	0.0
CLDN12	435.132	-2.9466	0.1921	0.0	0.0
CLDN23	11.3239	-1.202	0.8155	0.0259	0.0463
CLDN4	105.3073	-2.7724	0.3812	0.0	0.0
CLK2	399.3529	-2.3814	0.1954	0.0	0.0
CLK3	439.4695	-1.1644	0.1704	0.0	0.0
CLN8	279.6808	-2.6634	0.6073	0.0	0.0
CLOCK	457.1612	-1.9347	0.1754	0.0	0.0
CLP1	1607.7774	2.0067	0.0971	0.0	0.0
CLU	531.0896	1.1281	0.1569	0.0	0.0
CLUH	3770.6192	-1.0109	0.0889	0.0	0.0
CLUHP3	13.4117	-1.2679	0.7878	0.0185	0.0341
CMIP	449.4355	-1.5982	0.1773	0.0	0.0
CMTM3	726.043	-1.4617	0.1343	0.0	0.0
CMTM4	437.8311	-1.4586	0.1691	0.0	0.0
CMTM8	72.4661	-1.0963	0.3746	0.0014	0.003
CMTR2	319.1476	-1.9143	0.2009	0.0	0.0
CMYA5	26.6141	2.0	0.6629	0.0001	0.0003
CNEP1R1	112.5655	-2.8657	0.3832	0.0	0.0
CNKSR2	135.5717	-1.1925	0.288	0.0	0.0
CNKSR3	133.6291	-1.6685	0.2992	0.0	0.0
CNNM4	208.9222	-1.1936	0.2353	0.0	0.0
CNOT2	482.903	-2.4221	0.1723	0.0	0.0
CNOT4	236.1703	-2.897	0.2646	0.0	0.0
CNOT6	546.7092	-1.6274	0.1553	0.0	0.0
CNOT8	613.1756	-1.1188	0.1478	0.0	0.0
CNPPD1	412.171	-1.7534	0.2108	0.0	0.0
CNST	453.7677	-1.4198	0.1711	0.0	0.0
CNTN1	141.6903	1.767	0.2825	0.0	0.0
CNTRL	206.169	-1.5649	0.2395	0.0	0.0
CNTROB	441.5827	-1.1826	0.1659	0.0	0.0
COA3	1222.0975	1.1288	0.1049	0.0	0.0
COA7	1360.0123	1.0791	0.1023	0.0	0.0
COG2	446.3445	-1.0903	0.1753	0.0	0.0
COG3	216.439	-1.8864	0.2623	0.0	0.0
COL4A3BP	402.977	-1.1099	0.1758	0.0	0.0
COL4A6	22.1574	1.4889	0.6766	0.0038	0.0077
COL5A1	942.1119	1.2217	0.1346	0.0	0.0
COL5A3	351.7921	1.3852	0.1971	0.0	0.0
COL6A1	5539.522	1.111	0.0784	0.0	0.0
COL6A2	2203.3802	1.1806	0.1011	0.0	0.0
COL6A3	3225.7476	1.2475	0.0833	0.0	0.0
COLEC12	59.4463	1.5255	0.4204	0.0001	0.0001
COMMD10	465.6127	1.126	0.1586	0.0	0.0
COMMD2	305.4621	-2.05	0.238	0.0	0.0
COPS8	1367.4023	1.0278	0.1113	0.0	0.0
COQ10A	231.3126	-1.4964	0.2326	0.0	0.0
COQ10B	695.5203	1.3452	0.1445	0.0	0.0
COQ6	415.0236	1.012	0.1725	0.0	0.0
COX10	247.5184	-2.0021	0.2379	0.0	0.0
COX10-AS1	74.2342	-2.4895	0.446	0.0	0.0
COX16	874.4772	1.2024	0.1253	0.0	0.0
COX17	968.5116	1.0138	0.1354	0.0	0.0
COX5A	2813.6344	1.1015	0.0806	0.0	0.0
COX6A1	5304.1948	1.1345	0.0704	0.0	0.0
COX6B1	3352.3016	1.0978	0.0753	0.0	0.0
COX6C	1439.9515	1.0412	0.0985	0.0	0.0
COX7A2	2232.7452	1.2031	0.0862	0.0	0.0
COX7B	1518.8125	1.0327	0.109	0.0	0.0
COX7C	4031.7695	1.267	0.0721	0.0	0.0
CPD	3446.8209	1.23	0.0894	0.0	0.0
CPE	261.219	1.2563	0.2136	0.0	0.0
CPEB1	51.8285	-1.4259	0.4494	0.0003	0.0007
CPSF4	347.4228	-3.1938	0.2207	0.0	0.0
CPSF7	1428.4207	-1.7968	0.1095	0.0	0.0
CPT1B	115.4872	-1.7577	0.3224	0.0	0.0
CPVL	229.1812	1.2748	0.2201	0.0	0.0
CRAMP1L	617.2439	-1.5948	0.1454	0.0	0.0
CRCP	1320.5192	1.1084	0.1016	0.0	0.0
CREB1	282.1783	-2.4214	0.2228	0.0	0.0
CREB5	24.2323	-1.9345	0.7059	0.0003	0.0007
CREBBP	1304.8685	-1.697	0.1123	0.0	0.0
CREBRF	263.0169	2.5635	0.2358	0.0	0.0
CREBZF	4891.6462	3.3546	0.0761	0.0	0.0
CREG1	1657.1857	1.114	0.0936	0.0	0.0
CRELD2	827.4355	1.0751	0.1241	0.0	0.0
CRIPAK	81.2314	-1.102	0.3929	0.002	0.0043
CRKL	2727.9299	1.2643	0.084	0.0	0.0
CRLF1	80.5423	1.242	0.3545	0.0002	0.0004
CROCCP2	168.4069	-1.0062	0.2537	0.0	0.0001
CRTC1	396.9624	-1.8504	0.1814	0.0	0.0
CRTC2	889.4395	-1.1494	0.1234	0.0	0.0
CRTC3	278.4925	-1.7684	0.2153	0.0	0.0
CRY1	312.076	-1.4901	0.2041	0.0	0.0
CRY2	64.4516	-3.5536	0.5759	0.0	0.0
CRYBG3	178.9061	-2.0085	0.267	0.0	0.0
CSF1	288.2001	-1.169	0.2	0.0	0.0
CSF2	147.9015	1.6992	0.2751	0.0	0.0
CSNK1A1	2806.1796	-1.1239	0.0798	0.0	0.0
CSNK1D	1961.9676	-1.2816	0.1015	0.0	0.0
CSNK1G1	495.4592	-1.3248	0.1706	0.0	0.0
CSNK1G3	592.1375	-1.1252	0.1529	0.0	0.0
CSPP1	184.97	-2.8053	0.2952	0.0	0.0
CSRNP1	2280.9822	2.916	0.0916	0.0	0.0
CSRNP2	433.7351	-2.0848	0.177	0.0	0.0
CSRNP3	6.0856	-1.6415	1.2757	0.0028	0.0058
CSRP2BP	151.4536	-3.004	0.3288	0.0	0.0
CST3	3088.6641	1.1004	0.0777	0.0	0.0
CSTF2T	1525.5677	1.8166	0.0993	0.0	0.0
CT45A1	1949.9654	1.136	0.0907	0.0	0.0
CT45A3	1114.3599	1.3146	0.1212	0.0	0.0
CTAG1B	989.0699	2.0279	0.3405	0.0	0.0
CTAGE5	158.758	-1.443	0.2711	0.0	0.0
CTBP1-AS	52.5354	2.2519	0.4797	0.0	0.0
CTBP1-AS2	464.7606	1.4371	0.1632	0.0	0.0
CTDP1	564.0643	-1.2454	0.1516	0.0	0.0
CTDSP1	492.8289	-2.8386	0.1814	0.0	0.0
CTDSP2	1274.9945	-1.2681	0.1051	0.0	0.0
CTDSPL	199.8536	-1.6518	0.2575	0.0	0.0
CTGF	10994.0631	3.1829	0.066	0.0	0.0
CTIF	305.7882	-1.4321	0.2004	0.0	0.0
CTNS	271.6109	-2.0672	0.2282	0.0	0.0
CTSB	4641.3074	1.0137	0.0682	0.0	0.0
CTSL	2967.2288	1.089	0.0773	0.0	0.0
CUEDC1	847.6507	-1.4038	0.3201	0.0	0.0
CUL3	1095.5765	-1.2249	0.1153	0.0	0.0
CUX1	1379.0559	1.0699	0.107	0.0	0.0
CWC22	397.9658	-1.4338	0.1776	0.0	0.0
CXCL16	128.3763	1.0702	0.2879	0.0001	0.0002
CXXC5	271.647	-3.0059	0.2421	0.0	0.0
CYB561D1	132.5482	-3.4987	0.3825	0.0	0.0
CYB5D1	824.9688	1.4796	0.1295	0.0	0.0
CYB5R3	3638.6752	1.0112	0.0761	0.0	0.0
CYCS	7353.6405	1.4003	0.0638	0.0	0.0
CYP1A1	68.8554	-1.0358	0.3845	0.0031	0.0065
CYP1B1	218.4922	2.5447	0.2507	0.0	0.0
CYP2R1	26.6177	-1.9436	0.6771	0.0002	0.0005
CYR61	37234.0451	4.6102	0.0572	0.0	0.0
CYTH1	252.8429	-2.5137	0.2435	0.0	0.0
CYTH3	463.8904	-1.5007	0.1674	0.0	0.0
D2HGDH	185.3559	-1.3255	0.2933	0.0	0.0
DAAM2	333.2322	-1.0844	0.1924	0.0	0.0
DAB2	269.2262	-1.9607	0.2178	0.0	0.0
DAB2IP	543.0523	-2.4866	0.1659	0.0	0.0
DAD1	1918.1547	1.0585	0.0896	0.0	0.0
DAGLA	162.5274	-1.8887	0.2772	0.0	0.0
DAGLB	335.897	-1.4958	0.1901	0.0	0.0
DAPK1	150.5252	1.5035	0.281	0.0	0.0
DAPK3	836.7208	-2.3016	0.1417	0.0	0.0
DAXX	1021.8983	-1.4453	0.1173	0.0	0.0
DBF4	545.494	-1.3285	0.1687	0.0	0.0
DBF4B	344.7593	-1.5897	0.2003	0.0	0.0
DBR1	349.4803	-2.057	0.2024	0.0	0.0
DCAF15	790.9799	-1.2049	0.1318	0.0	0.0
DCAF16	532.3529	-2.685	0.1702	0.0	0.0
DCAF4	120.6129	-1.1421	0.2981	0.0001	0.0001
DCAF4L1	56.0311	1.7585	0.4421	0.0	0.0
DCBLD1	329.4734	-1.0971	0.1912	0.0	0.0
DCLRE1A	318.8129	-1.2164	0.1955	0.0	0.0
DCP1A	486.5673	-2.6556	0.1763	0.0	0.0
DCP1B	88.1516	-3.427	0.4659	0.0	0.0
DCTN4	932.2251	-1.0844	0.146	0.0	0.0
DCUN1D1	333.6185	-1.3599	0.1901	0.0	0.0
DCUN1D2	194.4229	-1.3062	0.2426	0.0	0.0
DCUN1D3	622.6259	2.4574	0.1581	0.0	0.0
DCUN1D4	282.8931	-2.8833	0.237	0.0	0.0
DDAH1	818.1326	1.2032	0.1306	0.0	0.0
DDN	26.9761	-1.7072	0.6606	0.0008	0.0019
DDOST	11523.586	1.1301	0.058	0.0	0.0
DDTL	59.6074	1.9485	0.4396	0.0	0.0
DDX12P	187.8382	-1.0869	0.2485	0.0	0.0
DDX26B	18.3785	-1.7222	0.828	0.0022	0.0047
DDX28	1174.5256	2.2639	0.1114	0.0	0.0
DDX31	575.3445	-1.682	0.1568	0.0	0.0
DDX42	1508.2061	-1.5789	0.1033	0.0	0.0
DDX55	535.4955	-1.2077	0.1567	0.0	0.0
DDX59	275.8516	-1.8076	0.2152	0.0	0.0
DDX6	1819.1082	-1.3587	0.0972	0.0	0.0
DEDD	632.3823	-1.0642	0.1489	0.0	0.0
DENND1B	84.3938	-1.3976	0.389	0.0001	0.0002
DENND2C	4.4566	-1.2745	1.1816	0.0103	0.0197
DENND3	162.4076	-1.097	0.2666	0.0	0.0
DENND4A	254.2284	-1.8689	0.2236	0.0	0.0
DENND4B	1674.1599	-1.245	0.0948	0.0	0.0
DENND4C	501.1894	-1.2758	0.1603	0.0	0.0
DENND6A	271.307	-2.0164	0.2189	0.0	0.0
DEPDC1	921.0207	-1.0866	0.127	0.0	0.0
DEPDC5	106.4867	-1.0377	0.3174	0.0005	0.0011
DEPDC7	201.1637	-1.5561	0.2419	0.0	0.0
DFFB	96.2412	-1.7167	0.3475	0.0	0.0
DGCR14	323.4202	-1.8412	0.2063	0.0	0.0
DGCR8	652.9525	-1.3024	0.1421	0.0	0.0
DGKD	533.3988	-1.3271	0.1614	0.0	0.0
DGKG	228.8414	-1.4619	0.2325	0.0	0.0
DHFRL1	128.489	-1.5372	0.3034	0.0	0.0
DHRS12	24.0618	1.1699	0.6054	0.0153	0.0285
DHRS13	160.9189	-1.1319	0.2612	0.0	0.0
DHRS3	267.6859	-1.1121	0.2143	0.0	0.0
DHRS4-AS1	88.1086	-1.1499	0.3434	0.0003	0.0007
DHX32	274.5799	-2.3452	0.2238	0.0	0.0
DHX33	1300.0526	-1.1433	0.1139	0.0	0.0
DHX34	1046.4562	-1.2578	0.1146	0.0	0.0
DHX35	223.0274	-2.2472	0.2455	0.0	0.0
DICER1	468.6976	-1.705	0.1678	0.0	0.0
DIDO1	1899.5459	-1.1623	0.093	0.0	0.0
DIEXF	704.1145	-1.0754	0.1374	0.0	0.0
DIRAS1	16.0609	-1.1401	0.7029	0.0273	0.0486
DIS3L2	411.7172	1.3974	0.1753	0.0	0.0
DISP1	51.4788	-1.3737	0.4518	0.0006	0.0013
DIXDC1	247.2409	-1.9229	0.2328	0.0	0.0
DKFZP434I0714	279.708	4.0003	0.2586	0.0	0.0
DLC1	3206.8141	2.0555	0.0782	0.0	0.0
DLEU1	179.5754	-1.036	0.2493	0.0	0.0
DLG3	221.6994	-1.1867	0.2425	0.0	0.0
DLGAP1-AS1	32.2721	-1.0376	0.5275	0.0193	0.0355
DLX2	919.3792	1.686	0.1236	0.0	0.0
DMPK	327.1534	-1.021	0.1914	0.0	0.0
DMTF1	271.3439	-2.3838	0.2261	0.0	0.0
DNAH1	47.771	-1.0568	0.4582	0.0086	0.0167
DNAH5	151.4639	1.0751	0.2965	0.0001	0.0003
DNAJA1	5816.8242	-1.3457	0.0654	0.0	0.0
DNAJA3	1789.5128	-1.3494	0.0975	0.0	0.0
DNAJB12	535.807	-1.2814	0.1531	0.0	0.0
DNAJB2	419.0983	-2.8627	0.1996	0.0	0.0
DNAJB7	19.4137	1.3985	0.6648	0.0059	0.0118
DNAJC10	2007.1506	1.0632	0.0997	0.0	0.0
DNAJC14	1170.1842	-1.1866	0.1091	0.0	0.0
DNAJC16	243.621	-1.7781	0.2245	0.0	0.0
DNAJC2	755.6936	-1.4812	0.134	0.0	0.0
DNAJC25	368.8635	1.2261	0.1781	0.0	0.0
DNAJC30	784.9255	2.134	0.1326	0.0	0.0
DNAJC5	1808.0773	-1.1746	0.0955	0.0	0.0
DNAL4	63.2634	-1.1039	0.4	0.0023	0.0048
DNASE1L2	18.803	-1.117	0.6586	0.0262	0.0468
DND1	107.7092	-1.024	0.311	0.0005	0.0011
DNMT3B	36.8665	-3.0046	0.7254	0.0	0.0
DOCK10	142.0354	-1.8066	0.295	0.0	0.0
DOK3	42.4887	-1.1381	0.4784	0.0061	0.0121
DOK4	387.7337	-1.1249	0.1749	0.0	0.0
DOLPP1	417.2943	-2.0784	0.1799	0.0	0.0
DOPEY1	100.1043	-2.0455	0.3524	0.0	0.0
DOT1L	978.0642	-1.474	0.1209	0.0	0.0
DPF1	113.0881	-1.6867	0.3309	0.0	0.0
DPF2	752.804	-2.3455	0.1409	0.0	0.0
DPY19L1	2001.7733	1.1602	0.109	0.0	0.0
DPY19L2P2	52.6657	-2.7939	0.5737	0.0	0.0
DPYSL3	4000.9159	1.0108	0.0774	0.0	0.0
DR1	2943.0468	1.5645	0.0823	0.0	0.0
DSCR3	446.3951	-1.2336	0.1728	0.0	0.0
DSN1	423.7955	-2.3418	0.1951	0.0	0.0
DSTN	4420.2741	1.2537	0.0889	0.0	0.0
DSTYK	275.5169	-3.0254	0.2602	0.0	0.0
DTL	1123.2916	-1.1799	0.1101	0.0	0.0
DTNBP1	138.4794	-1.2516	0.2847	0.0	0.0
DTWD1	221.1107	-1.1936	0.2279	0.0	0.0
DTX1	24.0297	-1.521	0.6504	0.0026	0.0053
DTX2	253.9479	-2.388	0.6049	0.0	0.0
DTX3L	462.1235	-1.4686	0.1665	0.0	0.0
DTX4	43.0011	-1.8955	0.53	0.0	0.0001
DUS2	184.7276	-1.5521	0.2536	0.0	0.0
DUSP1	511.4587	1.1169	0.151	0.0	0.0
DUSP11	219.5428	-2.5494	0.2651	0.0	0.0
DUSP14	1639.8632	1.283	0.095	0.0	0.0
DUSP18	28.5634	-1.4575	0.5934	0.0023	0.0049
DUSP3	647.5842	-1.3878	0.1417	0.0	0.0
DUSP4	12881.9356	1.385	0.0599	0.0	0.0
DUSP5	2551.2219	2.3212	0.0893	0.0	0.0
DUSP6	6313.4098	1.8042	0.0646	0.0	0.0
DVL1	2230.0762	-1.0452	0.0914	0.0	0.0
DVL2	781.3236	-1.09	0.1475	0.0	0.0
DVL3	888.2953	-1.5014	0.1343	0.0	0.0
DYNLL2	749.4918	-1.1821	0.1312	0.0	0.0
DYNLRB1	2171.0454	1.0352	0.085	0.0	0.0
DYRK1A	1180.6916	1.4787	0.1097	0.0	0.0
DYRK1B	148.8645	-1.3895	0.311	0.0	0.0
DYRK2	2437.2932	2.1788	0.088	0.0	0.0
DYRK3	346.9838	-2.0213	0.2116	0.0	0.0
DZANK1	25.5583	-1.08	0.5821	0.0219	0.0398
DZIP1L	66.8768	-1.386	0.406	0.0002	0.0004
E2F2	127.6899	-3.9109	0.4354	0.0	0.0
E2F4	2464.6546	-1.3821	0.0836	0.0	0.0
E2F5	127.3017	-3.1013	0.3908	0.0	0.0
E2F6	901.9872	1.061	0.1183	0.0	0.0
E2F7	664.1942	-2.6692	0.1595	0.0	0.0
E2F8	76.3608	-2.868	0.4759	0.0	0.0
E4F1	380.75	-2.3168	0.1988	0.0	0.0
EAF1	1959.3464	1.3724	0.094	0.0	0.0
EBF3	358.0421	-1.7452	0.1992	0.0	0.0
EBLN2	30.038	4.2868	1.3024	0.0	0.0
EDA2R	192.9346	-2.0763	0.272	0.0	0.0
EDC3	1040.9136	-1.1285	0.117	0.0	0.0
EDN1	566.1123	4.8923	0.2153	0.0	0.0
EDNRA	37.6047	-1.1679	0.505	0.0067	0.0133
EDRF1	479.7385	-2.2793	0.1813	0.0	0.0
EED	487.6417	-2.8758	0.1835	0.0	0.0
EEF1A1	234749.2961	1.2521	0.0548	0.0	0.0
EEF1B2	8777.7886	1.1121	0.0709	0.0	0.0
EEF1G	40648.6031	1.0859	0.0527	0.0	0.0
EEPD1	25.3763	-1.6623	0.6628	0.0011	0.0025
EFCAB14	697.6868	-1.2133	0.136	0.0	0.0
EFNA1	125.4183	-1.7222	0.313	0.0	0.0
EFNA3	29.437	-1.3261	0.6048	0.0061	0.012
EFNA4	85.6425	-3.1067	0.4549	0.0	0.0
EGFLAM	35.6128	-1.0766	0.5194	0.0142	0.0267
EGLN2	761.5088	-3.1043	0.1521	0.0	0.0
EGR1	1422.6206	2.852	0.1076	0.0	0.0
EGR2	16.3043	1.2875	0.7036	0.0132	0.0249
EGR3	358.8905	1.5656	0.1808	0.0	0.0
EHMT1	916.2428	-1.7111	0.1403	0.0	0.0
EID1	7270.4733	1.4908	0.0664	0.0	0.0
EID2	930.8814	1.684	0.1249	0.0	0.0
EID2B	289.4188	3.2686	0.234	0.0	0.0
EID3	27.3202	2.096	0.6542	0.0	0.0001
EIF2AK3	162.5184	-1.9355	0.2835	0.0	0.0
EIF3H	5161.7937	1.0878	0.0723	0.0	0.0
EIF4ENIF1	258.5437	-1.1457	0.2155	0.0	0.0
EIF5A2	88.11	-1.6518	0.3639	0.0	0.0
ELAC1	57.4395	-2.1432	0.4742	0.0	0.0
ELK4	608.9839	-1.9995	0.1577	0.0	0.0
ELL2	666.6231	-1.1565	0.1386	0.0	0.0
ELMO3	54.5029	-1.8412	0.4784	0.0	0.0
ELMOD3	71.5187	-2.6128	0.4617	0.0	0.0
ELOVL4	160.204	-1.7302	0.2749	0.0	0.0
ELTD1	227.8429	1.0297	0.2277	0.0	0.0
EMC10	1181.6589	1.0718	0.1137	0.0	0.0
EMC7	1889.1542	1.1643	0.0902	0.0	0.0
EMILIN2	201.1713	-1.9371	0.2569	0.0	0.0
ENC1	2590.9299	1.0224	0.0852	0.0	0.0
ENGASE	268.6987	-1.7085	0.2337	0.0	0.0
ENKD1	270.1402	-1.157	0.2217	0.0	0.0
ENSA	5331.0496	1.0985	0.0668	0.0	0.0
ENTHD2	288.0492	-1.5426	0.2396	0.0	0.0
ENTPD1	402.7901	-2.5002	0.2001	0.0	0.0
EP400NL	14.8539	-2.081	1.0014	0.0007	0.0015
EPB41L4B	61.2412	-1.7864	0.452	0.0	0.0
EPC2	235.1535	-1.3748	0.222	0.0	0.0
EPHB3	84.5937	-2.8526	0.4408	0.0	0.0
EPHB4	1247.0594	-1.5711	0.1152	0.0	0.0
EPM2AIP1	3084.4528	4.0155	0.1035	0.0	0.0
EPN2	299.2969	-3.0875	0.2466	0.0	0.0
EPOR	60.1569	-1.8522	0.4487	0.0	0.0
EPPK1	15.2835	1.9695	0.8579	0.0007	0.0015
ERAP1	1958.4843	1.0825	0.0948	0.0	0.0
ERBB2IP	1239.6621	-1.7045	0.1182	0.0	0.0
ERCC4	171.1148	-2.301	0.3004	0.0	0.0
ERCC6	168.7388	-1.8897	0.2723	0.0	0.0
EREG	19.016	1.9306	0.7534	0.0004	0.001
ERGIC3	2984.3102	1.0141	0.0774	0.0	0.0
ERH	3816.2301	1.0524	0.078	0.0	0.0
ERMP1	877.9982	1.1872	0.1242	0.0	0.0
ERN1	68.2362	-2.1638	0.4425	0.0	0.0
ERRFI1	2720.6814	-1.4351	0.085	0.0	0.0
ESAM	23.6964	-1.3791	0.6521	0.0061	0.0122
ESCO1	260.477	-1.1784	0.2099	0.0	0.0
ESPL1	1266.7147	-1.1841	0.1084	0.0	0.0
ESRRA	1213.3282	-1.5612	0.1356	0.0	0.0
ETV3	1815.7315	1.1824	0.0938	0.0	0.0
ETV5	731.4345	-2.2245	0.1474	0.0	0.0
EVI2A	40.9409	1.4723	0.4942	0.0005	0.0012
EVI5	245.0053	-1.1432	0.2218	0.0	0.0
EXO1	555.1033	-2.3184	0.161	0.0	0.0
EXO5	102.2944	-2.8837	0.4198	0.0	0.0
EXOC4	1193.3498	1.2379	0.1061	0.0	0.0
EXOC6	286.9741	-1.1241	0.2042	0.0	0.0
EXOC8	1515.5168	2.4719	0.1172	0.0	0.0
EXOSC3	1007.1213	-1.6381	0.1179	0.0	0.0
EXOSC6	3619.8223	2.3171	0.0767	0.0	0.0
EXT2	4244.3974	1.0642	0.0716	0.0	0.0
EYA1	148.0931	-3.4538	0.3555	0.0	0.0
EYA3	600.532	-1.5721	0.1476	0.0	0.0
EYA4	398.4904	-2.102	0.1856	0.0	0.0
EZH1	140.2265	-2.5093	0.3197	0.0	0.0
EZH2	651.5471	-1.5304	0.1512	0.0	0.0
F2R	1797.9123	1.0354	0.0952	0.0	0.0
FABP3	4.0947	-1.1839	1.1602	0.0144	0.027
FAHD1	1101.1624	1.7926	0.1114	0.0	0.0
FAM102A	300.4316	-3.6988	0.257	0.0	0.0
FAM102B	259.1066	-1.5096	0.2276	0.0	0.0
FAM109A	200.7064	-2.5172	0.2746	0.0	0.0
FAM110A	78.4113	-2.4886	0.4335	0.0	0.0
FAM111A	462.7107	-2.3413	0.1891	0.0	0.0
FAM111B	300.6206	-1.8977	0.2082	0.0	0.0
FAM117A	19.7081	-2.1019	0.8265	0.0003	0.0006
FAM118A	70.8532	-2.3708	0.4635	0.0	0.0
FAM118B	209.7313	-1.3763	0.2425	0.0	0.0
FAM122A	529.4317	1.1642	0.1495	0.0	0.0
FAM124A	11.5071	-1.3622	0.8504	0.0134	0.0252
FAM124B	6.1313	1.923	1.4012	0.001	0.0022
FAM126A	567.5289	-1.1642	0.1512	0.0	0.0
FAM126B	82.1806	-1.251	0.3722	0.0002	0.0006
FAM127A	1550.6802	1.4131	0.1128	0.0	0.0
FAM127B	982.2507	1.1233	0.1147	0.0	0.0
FAM127C	296.8447	1.2273	0.2034	0.0	0.0
FAM131A	131.3838	-2.9627	0.353	0.0	0.0
FAM134C	362.995	-2.2868	0.1951	0.0	0.0
FAM135A	122.3544	-1.9129	0.3325	0.0	0.0
FAM13B	437.6913	-1.208	0.1735	0.0	0.0
FAM160A2	165.4737	-1.657	0.2694	0.0	0.0
FAM160B1	235.1027	-1.7605	0.2399	0.0	0.0
FAM160B2	240.9255	-1.1412	0.222	0.0	0.0
FAM161A	77.9049	-2.3652	0.4185	0.0	0.0
FAM161B	43.426	-2.5264	0.59	0.0	0.0
FAM167A	29.124	-2.1716	0.6772	0.0	0.0001
FAM169A	247.7788	-1.5127	0.2296	0.0	0.0
FAM175B	397.164	-1.5137	0.1783	0.0	0.0
FAM185A	125.7817	1.1212	0.2931	0.0001	0.0001
FAM188B	148.1736	-1.3998	0.2798	0.0	0.0
FAM193A	274.1429	-1.4993	0.2114	0.0	0.0
FAM193B	240.8833	-1.5201	0.2213	0.0	0.0
FAM199X	690.7782	-1.6258	0.1407	0.0	0.0
FAM206A	229.9494	-1.7114	0.2305	0.0	0.0
FAM207A	313.8306	-1.2669	0.2393	0.0	0.0
FAM208B	1612.4782	-1.3794	0.1078	0.0	0.0
FAM20C	701.4995	-1.3165	0.1365	0.0	0.0
FAM211B	4.5664	-1.2382	1.1711	0.0119	0.0225
FAM212B	197.5522	-2.2369	0.2692	0.0	0.0
FAM214A	88.8039	-1.5716	0.3578	0.0	0.0
FAM214B	259.9097	-3.2227	0.2578	0.0	0.0
FAM217B	515.1974	-1.1347	0.1542	0.0	0.0
FAM218A	65.2997	3.673	0.5242	0.0	0.0
FAM219A	415.3073	-2.6574	0.1899	0.0	0.0
FAM220A	225.3755	-1.0207	0.2215	0.0	0.0
FAM222A	181.9013	-1.3566	0.2519	0.0	0.0
FAM225A	144.5153	-1.7497	0.293	0.0	0.0
FAM225B	49.5314	-1.2251	0.4737	0.003	0.0061
FAM26E	36.533	1.0325	0.4912	0.0146	0.0273
FAM35A	537.0661	-1.1774	0.1541	0.0	0.0
FAM43A	455.524	1.7081	0.1626	0.0	0.0
FAM53A	19.4154	-1.4915	0.7196	0.0048	0.0096
FAM53B	331.6539	-2.7718	0.2173	0.0	0.0
FAM53C	715.6984	-4.0268	0.179	0.0	0.0
FAM60A	3744.5295	1.6737	0.0793	0.0	0.0
FAM65B	14.2413	-1.9071	0.941	0.0013	0.0028
FAM72A	183.3043	-2.1397	0.2815	0.0	0.0
FAM72C	247.3775	-1.655	0.2224	0.0	0.0
FAM72D	301.4131	-1.1309	0.2002	0.0	0.0
FAM73B	325.8431	-3.25	0.2314	0.0	0.0
FAM76A	53.4062	-2.2277	0.4989	0.0	0.0
FAM76B	131.7615	-2.1609	0.3341	0.0	0.0
FAM83B	21.8923	-2.0043	0.7564	0.0003	0.0007
FAM83D	1030.4659	-1.4786	0.1175	0.0	0.0
FAM83G	441.799	-1.6824	0.1751	0.0	0.0
FAM84B	9515.2972	1.5414	0.0677	0.0	0.0
FAM86C1	121.8023	-1.403	0.3129	0.0	0.0
FAM86EP	30.7663	-1.3621	0.5617	0.0032	0.0067
FAM86JP	39.5123	-1.784	0.5661	0.0001	0.0003
FAM89A	212.2014	-1.4028	0.2352	0.0	0.0
FAM8A1	176.7239	-1.2812	0.2638	0.0	0.0
FANCB	137.9172	-1.2776	0.2862	0.0	0.0
FANCC	276.7886	-1.3189	0.2106	0.0	0.0
FANCE	176.6343	-2.3174	0.282	0.0	0.0
FANCF	396.9113	1.1569	0.1716	0.0	0.0
FANCM	180.4837	-1.4315	0.2524	0.0	0.0
FAS-AS1	50.3793	5.2342	1.0561	0.0	0.0
FAU	10833.9714	1.1029	0.0601	0.0	0.0
FAXC	110.4968	-1.7108	0.3765	0.0	0.0
FBLIM1	27.7408	-1.6399	0.6161	0.0008	0.0019
FBLL1	13.0758	-1.3784	0.8155	0.0118	0.0223
FBLN1	55.6574	1.2281	0.4395	0.0016	0.0035
FBRS	968.7489	-1.1602	0.1288	0.0	0.0
FBXL12	175.9445	-1.4042	0.2565	0.0	0.0
FBXL18	808.3029	-2.6268	0.1447	0.0	0.0
FBXL19	1147.7803	-1.9831	0.135	0.0	0.0
FBXL19-AS1	183.4104	1.368	0.2503	0.0	0.0
FBXL22	51.062	1.2273	0.4374	0.0016	0.0034
FBXL4	76.7949	-1.7278	0.3971	0.0	0.0
FBXL5	318.5306	-3.7645	0.2586	0.0	0.0
FBXO10	102.7479	-1.3541	0.3348	0.0	0.0
FBXO11	671.2462	-1.7674	0.141	0.0	0.0
FBXO21	592.2907	-1.3557	0.1467	0.0	0.0
FBXO28	851.2935	-1.2072	0.1274	0.0	0.0
FBXO31	455.6627	-1.4429	0.1728	0.0	0.0
FBXO41	351.6474	-1.138	0.1833	0.0	0.0
FBXO42	297.804	-1.9313	0.2306	0.0	0.0
FBXO5	1494.4214	2.3537	0.1136	0.0	0.0
FBXW11	1203.3509	-1.4318	0.1126	0.0	0.0
FBXW2	1102.1444	-1.5012	0.1213	0.0	0.0
FBXW4P1	195.9597	4.7964	0.3488	0.0	0.0
FCHO2	150.5173	-2.6266	0.3126	0.0	0.0
FCHSD1	102.3865	-1.2723	0.3284	0.0	0.0001
FCHSD2	343.6752	-1.1867	0.1876	0.0	0.0
FEM1A	6745.6009	2.4399	0.0686	0.0	0.0
FEM1C	983.5629	1.4507	0.122	0.0	0.0
FGD6	109.7293	-2.0073	0.3475	0.0	0.0
FGF14-AS2	74.836	2.1982	0.4019	0.0	0.0
FGF18	15.171	1.5878	0.8279	0.0044	0.009
FGFBP3	91.9159	1.054	0.3288	0.0006	0.0014
FGGY	38.8184	1.0606	0.4864	0.0116	0.0219
FHDC1	36.3809	-1.2802	0.5221	0.0037	0.0076
FHL3	175.9775	-1.2758	0.2584	0.0	0.0
FHL5	9.6686	-1.4365	0.9113	0.0103	0.0196
FICD	38.9943	-1.5116	0.5236	0.0006	0.0014
FIGN	171.5582	1.8902	0.2629	0.0	0.0
FIP1L1	788.7507	-1.6992	0.1316	0.0	0.0
FJX1	6538.1849	2.9807	0.0789	0.0	0.0
FKBP15	463.7188	-1.9557	0.171	0.0	0.0
FKBP1A	12418.1286	1.201	0.062	0.0	0.0
FLCN	272.0746	-1.0703	0.2059	0.0	0.0
FLI1	147.609	-3.6096	0.3659	0.0	0.0
FLJ10038	584.9968	3.0211	0.1586	0.0	0.0
FLJ16779	5.8651	1.2697	1.1373	0.0127	0.0239
FLJ20464	140.0586	1.4843	0.2804	0.0	0.0
FLJ32255	318.972	1.0313	0.1904	0.0	0.0
FLJ37453	247.3842	2.2731	0.2315	0.0	0.0
FLJ38576	9.1337	1.2544	0.8697	0.0216	0.0393
FLJ39632	46.0196	-1.6575	0.494	0.0001	0.0002
FLJ42627	842.6955	2.1609	0.1271	0.0	0.0
FLYWCH1	595.9572	-1.4592	0.1506	0.0	0.0
FMNL3	690.1443	-1.4102	0.1408	0.0	0.0
FN1	3276.8427	1.4231	0.0824	0.0	0.0
FNBP1L	211.2073	-2.6331	0.2646	0.0	0.0
FNDC3A	609.6634	-1.0387	0.1461	0.0	0.0
FNDC3B	783.4315	-1.5868	0.138	0.0	0.0
FNIP1	179.0504	-1.8621	0.2714	0.0	0.0
FNIP2	134.3147	-1.5151	0.293	0.0	0.0
FOS	117.1092	1.1681	0.3124	0.0001	0.0002
FOSB	473.0328	2.4252	0.1767	0.0	0.0
FOSL2	3027.0519	1.6539	0.0793	0.0	0.0
FOXD1	1844.3963	1.4552	0.0904	0.0	0.0
FOXD3	37.7419	-1.6466	0.5467	0.0003	0.0007
FOXF1	54.5115	-1.0581	0.4232	0.0052	0.0104
FOXG1	3.5553	-1.0179	1.1279	0.0262	0.0469
FOXJ2	290.3745	-2.7524	0.2363	0.0	0.0
FOXJ3	910.7502	-1.7223	0.1447	0.0	0.0
FOXK1	1017.7308	-1.5413	0.1206	0.0	0.0
FOXK2	1229.1812	-1.3147	0.107	0.0	0.0
FOXN2	1305.9404	1.824	0.128	0.0	0.0
FOXP4	560.1162	-1.2946	0.1755	0.0	0.0
FOXR2	109.8988	-2.2647	0.3586	0.0	0.0
FRAT2	858.0337	1.6822	0.1288	0.0	0.0
FRG1B	31.4242	-1.3264	0.5752	0.0047	0.0095
FRMD4A	712.3923	-2.3198	0.1443	0.0	0.0
FRMD4B	235.9989	-1.6081	0.2275	0.0	0.0
FRMD5	351.8857	-1.2781	0.1903	0.0	0.0
FRMD6-AS1	65.2161	2.3448	0.4495	0.0	0.0
FRMD8	1119.2671	-3.0947	0.1287	0.0	0.0
FRMPD4	42.3432	-1.9525	0.5486	0.0	0.0001
FRS2	1027.171	1.9174	0.1328	0.0	0.0
FRYL	666.6539	-1.0003	0.1397	0.0	0.0
FSD1L	131.9438	2.6762	0.3585	0.0	0.0
FTH1P3	17.4564	1.6692	0.7425	0.002	0.0042
FTSJ2	1168.4083	1.2242	0.1082	0.0	0.0
FUT9	24.3805	-1.5486	0.654	0.0022	0.0047
FYN	250.7864	-1.5004	0.2348	0.0	0.0
FZD2	1120.7407	1.547	0.1103	0.0	0.0
FZD4	81.6428	-1.3709	0.3716	0.0001	0.0001
FZD9	22.6189	-1.0935	0.6375	0.027	0.0482
FZR1	777.8474	-2.1624	0.1401	0.0	0.0
G2E3	340.3615	-1.713	0.1998	0.0	0.0
GAB1	40.9389	-1.9744	0.6001	0.0	0.0001
GABARAP	2301.4524	1.1403	0.0885	0.0	0.0
GABPB1-AS1	534.658	2.2655	0.1668	0.0	0.0
GABRE	7.819	-1.2902	1.0063	0.0172	0.0319
GADD45A	2849.8186	2.029	0.0815	0.0	0.0
GADD45B	1008.1611	2.6958	0.1245	0.0	0.0
GAL	167.6698	1.0278	0.2512	0.0	0.0001
GALNT2	9745.4363	1.0776	0.0601	0.0	0.0
GALNT4	253.0583	1.2685	0.2309	0.0	0.0
GALNT5	20.9416	1.206	0.6429	0.0154	0.0287
GAP43	255.6739	1.025	0.2106	0.0	0.0
GAPDH	156248.3862	1.0528	0.0507	0.0	0.0
GAPDHS	26.5601	1.2294	0.571	0.0084	0.0164
GAS2L3	184.3443	-1.9641	0.2632	0.0	0.0
GAS6	376.1501	1.0986	0.185	0.0	0.0
GATA4	146.5817	-2.3912	0.307	0.0	0.0
GATAD1	588.313	-1.4777	0.1696	0.0	0.0
GATAD2B	799.8608	-1.6408	0.1306	0.0	0.0
GATSL3	11.0791	-1.5124	0.9655	0.0076	0.0148
GBA2	551.6854	-1.6981	0.1594	0.0	0.0
GBGT1	148.6077	-3.7709	0.374	0.0	0.0
GBX2	31.0429	1.0388	0.5458	0.022	0.0398
GCC1	1398.1892	1.4141	0.1016	0.0	0.0
GCLC	336.4273	-2.7192	0.2118	0.0	0.0
GDE1	2213.2004	1.1018	0.0881	0.0	0.0
GDF1	132.8059	9.94	1.524	0.0	0.0
GDF9	13.5421	1.7751	0.8829	0.0021	0.0044
GDPD1	9.3494	-2.3642	1.4919	0.0003	0.0006
GDPGP1	29.2781	-3.2387	0.9352	0.0	0.0
GEMIN2	114.7303	-1.417	0.3263	0.0	0.0
GEMIN6	308.331	-1.6062	0.2008	0.0	0.0
GEMIN7	252.3005	-2.6598	0.2445	0.0	0.0
GEN1	271.8854	-2.1455	0.2242	0.0	0.0
GGA2	863.5824	-1.0045	0.1221	0.0	0.0
GGA3	518.6501	-2.2618	0.1683	0.0	0.0
GGH	1431.0612	1.3745	0.0998	0.0	0.0
GGNBP2	483.731	-2.1313	0.1723	0.0	0.0
GHITM	8855.2407	1.0309	0.0621	0.0	0.0
GID4	224.2917	-1.0917	0.2363	0.0	0.0
GIGYF1	587.064	-2.1693	0.1622	0.0	0.0
GIGYF2	740.943	-1.9854	0.1375	0.0	0.0
GIMAP2	13.3973	-1.9877	1.2768	0.001	0.0023
GIN1	71.7447	-1.0745	0.3761	0.0018	0.0039
GINS3	211.2326	-1.6482	0.2458	0.0	0.0
GIT1	1645.1252	-2.0455	0.1093	0.0	0.0
GIT2	628.8713	-1.0765	0.1404	0.0	0.0
GJA3	76.6772	-1.3774	0.3766	0.0001	0.0002
GJA5	65.0553	2.3001	0.4537	0.0	0.0
GJB3	547.5659	1.1031	0.1482	0.0	0.0
GJC1	759.5904	-1.3756	0.1316	0.0	0.0
GK5	161.808	-1.1983	0.2654	0.0	0.0
GKAP1	33.0638	-1.4659	0.5526	0.0014	0.003
GLB1L2	602.5325	1.118	0.1442	0.0	0.0
GLCCI1	47.3459	-1.1717	0.4532	0.0033	0.0068
GLI2	154.2072	-2.944	0.3215	0.0	0.0
GLI3	295.3323	-1.6113	0.2042	0.0	0.0
GLI4	105.2816	-1.5282	0.3277	0.0	0.0
GLIPR1	514.0358	1.2902	0.1534	0.0	0.0
GLIS2	205.286	-2.1756	0.2543	0.0	0.0
GLTSCR1L	82.5947	-1.6531	0.3846	0.0	0.0
GLUD1P3	131.2642	3.6959	0.3576	0.0	0.0
GMEB2	363.7463	-2.6709	0.2086	0.0	0.0
GMNN	418.4796	-2.0126	0.1889	0.0	0.0
GNA13	2222.4526	1.4908	0.0965	0.0	0.0
GNAS	23913.4706	1.063	0.0534	0.0	0.0
GNB1L	144.8848	-1.0008	0.278	0.0002	0.0004
GNB3	23.0917	-1.7491	0.7067	0.0009	0.0021
GNE	900.6937	-1.6514	0.1238	0.0	0.0
GNG10	1454.6503	1.057	0.1038	0.0	0.0
GNG11	1134.8968	1.1485	0.1147	0.0	0.0
GNG12	6800.9387	1.0713	0.0776	0.0	0.0
GNL3	1964.1858	-1.9178	0.0948	0.0	0.0
GNRHR2	37.9909	2.1093	0.5535	0.0	0.0
GOLGA1	366.336	-1.5792	0.1855	0.0	0.0
GOLGA2	1007.6119	-1.2236	0.1154	0.0	0.0
GOLGA6L9	49.3895	-1.0758	0.4517	0.0069	0.0135
GOLGA8B	40.4107	-1.7525	0.5381	0.0001	0.0003
GOLPH3	1125.2926	-1.1421	0.1142	0.0	0.0
GON4L	625.9948	-1.0606	0.1422	0.0	0.0
GOSR1	799.1469	-1.9358	0.1345	0.0	0.0
GPAM	253.6149	-1.2238	0.2247	0.0	0.0
GPANK1	974.3364	1.323	0.1178	0.0	0.0
GPATCH1	171.86	-2.0543	0.2792	0.0	0.0
GPATCH11	392.5789	-2.1086	0.1848	0.0	0.0
GPATCH2L	403.7675	1.2675	0.1691	0.0	0.0
GPATCH3	235.0591	-1.7017	0.2287	0.0	0.0
GPATCH8	1006.5365	-1.0382	0.119	0.0	0.0
GPBP1	799.253	-1.5202	0.1365	0.0	0.0
GPBP1L1	948.2326	-1.3549	0.1228	0.0	0.0
GPC6	1191.1173	1.2616	0.1233	0.0	0.0
GPCPD1	238.7828	-1.0046	0.2159	0.0	0.0
GPR113	13.7418	2.4154	1.4218	0.0002	0.0006
GPR135	45.6615	1.137	0.456	0.0046	0.0092
GPR137C	11.6782	-1.2096	0.7984	0.0245	0.044
GPR157	50.446	-2.3773	0.5307	0.0	0.0
GPR158	101.3886	-1.6877	0.3554	0.0	0.0
GPR161	481.781	-1.1255	0.1612	0.0	0.0
GPR180	274.0928	-3.1128	0.248	0.0	0.0
GPR19	9.0924	-1.5196	1.1609	0.0056	0.0111
GPR37	116.9851	1.3403	0.3099	0.0	0.0
GPR63	42.8792	-2.0372	0.5488	0.0	0.0
GPR98	90.7568	1.0051	0.3482	0.0019	0.004
GPRC5A	15002.7356	1.7464	0.0605	0.0	0.0
GPRC5B	38.4931	-1.6115	0.5376	0.0003	0.0008
GPSM1	912.8454	-1.223	0.1464	0.0	0.0
GPSM2	241.5367	-1.7039	0.235	0.0	0.0
GPX4	1592.5682	1.0175	0.1066	0.0	0.0
GRAMD1B	1727.3663	-2.3933	0.1058	0.0	0.0
GRAMD3	30.8424	-2.2582	0.6778	0.0	0.0
GRAMD4	146.4686	-1.2682	0.2794	0.0	0.0
GRASP	16.1717	-1.5759	0.8049	0.0044	0.0088
GRB10	198.5086	-1.3957	0.251	0.0	0.0
GREB1	46.526	-1.7164	0.5417	0.0002	0.0004
GRHL1	16.6033	-1.2121	0.7333	0.0211	0.0385
GRK5	248.4467	-2.4981	0.2464	0.0	0.0
GRN	3851.3249	1.0694	0.0822	0.0	0.0
GSG2	957.066	1.4739	0.1195	0.0	0.0
GSK3B	1207.9891	-1.2538	0.1085	0.0	0.0
GSKIP	315.7683	-1.0866	0.1905	0.0	0.0
GSPT2	560.0518	1.2492	0.1468	0.0	0.0
GSTM1	562.9276	1.0797	0.1467	0.0	0.0
GSTT2B	29.2981	1.0262	0.5382	0.0224	0.0406
GTF2B	232.7241	-1.0769	0.2193	0.0	0.0
GTF2E1	662.6076	1.7217	0.1387	0.0	0.0
GTF2H1	548.0895	-1.4019	0.1764	0.0	0.0
GTF2H2C	467.1046	-1.3355	0.168	0.0	0.0
GTF2IRD1	265.7008	-2.3042	0.2291	0.0	0.0
GTF2IRD1P1	23.9661	-4.6004	2.0	0.0	0.0
GTF3C4	3159.2502	2.514	0.083	0.0	0.0
GTF3C5	1290.8963	-1.2279	0.1191	0.0	0.0
GTPBP10	331.4833	-1.1732	0.197	0.0	0.0
GTPBP2	344.4652	-3.344	0.2284	0.0	0.0
GTPBP3	775.0019	-1.5662	0.1337	0.0	0.0
GTSE1	1044.4168	-1.2606	0.12	0.0	0.0
GTSE1-AS1	65.1024	3.0929	0.4896	0.0	0.0
GUCD1	917.9629	-1.6954	0.123	0.0	0.0
GUSBP1	72.1847	-1.9827	0.4328	0.0	0.0
GXYLT1	393.5443	-1.5831	0.1786	0.0	0.0
H2AFJ	88.1621	1.1407	0.3365	0.0003	0.0006
H2AFX	12375.7934	1.534	0.0652	0.0	0.0
H3F3A	7373.5642	1.0315	0.0633	0.0	0.0
H3F3AP4	1099.0144	1.1454	0.1308	0.0	0.0
HAND2	17.1403	-1.3241	0.716	0.0115	0.0218
HAS3	328.2464	-1.8603	0.1978	0.0	0.0
HAUS8	189.2111	-3.6276	0.3235	0.0	0.0
HBEGF	961.8373	1.5151	0.1201	0.0	0.0
HBP1	110.8681	-2.3954	0.3543	0.0	0.0
HCFC2	164.2224	-1.6673	0.2761	0.0	0.0
HCG18	292.4179	-1.0118	0.1999	0.0	0.0
HCG4	39.2242	1.4028	0.4992	0.001	0.0023
HCP5	26.8716	-2.2659	0.7758	0.0001	0.0002
HDAC11	46.9236	-1.6585	0.488	0.0001	0.0002
HDAC4	240.1229	-2.3232	0.2405	0.0	0.0
HDAC7	1142.116	-2.5389	0.1272	0.0	0.0
HDAC9	122.9211	-1.9961	0.3291	0.0	0.0
HDHD3	47.5187	-4.5547	1.2491	0.0	0.0
HDX	24.5464	-1.779	0.6735	0.0006	0.0013
HEATR5B	390.4222	-1.3948	0.176	0.0	0.0
HEATR6	314.1248	-1.7411	0.2104	0.0	0.0
HELZ	604.337	-1.1507	0.1449	0.0	0.0
HELZ2	433.6871	-1.9939	0.1813	0.0	0.0
HERC2P2	611.3261	-2.0567	0.1512	0.0	0.0
HERC2P9	106.4852	-1.7611	0.34	0.0	0.0
HERPUD1	670.7784	-1.234	0.1479	0.0	0.0
HERPUD2	139.3859	-1.5676	0.2914	0.0	0.0
HES6	45.6378	-1.9844	0.5265	0.0	0.0
HES7	47.0265	-1.7218	0.4907	0.0	0.0001
HEXA	1263.261	1.0068	0.1034	0.0	0.0
HEXB	2118.1184	1.148	0.0859	0.0	0.0
HEXIM1	1742.0237	-1.0987	0.0964	0.0	0.0
HHIP	180.4715	1.6896	0.2488	0.0	0.0
HIAT1	620.3451	-1.0329	0.1408	0.0	0.0
HIBADH	1124.8231	1.0641	0.1235	0.0	0.0
HIF1AN	839.1384	-2.2897	0.1343	0.0	0.0
HIGD1A	2153.6799	1.3254	0.0972	0.0	0.0
HILS1	22.5804	-3.0038	1.204	0.0	0.0001
HINFP	104.2785	-2.9803	0.4147	0.0	0.0
HINT1	5227.4656	1.0591	0.0681	0.0	0.0
HINT3	158.654	-1.1938	0.2715	0.0	0.0
HIPK1	736.7448	-1.6436	0.1457	0.0	0.0
HIRA	745.5428	-1.4206	0.1322	0.0	0.0
HIST2H2BC	66.4453	1.868	0.4111	0.0	0.0
HIST2H2BE	197.2913	2.3442	0.2513	0.0	0.0
HIST2H3A	13.7742	3.8315	1.9506	0.0	0.0
HIST2H3C	7.5307	-1.9535	1.3655	0.001	0.0022
HIST3H2A	252.9644	1.2914	0.2144	0.0	0.0
HIVEP1	360.2139	1.3318	0.1853	0.0	0.0
HIVEP3	462.0896	-1.1316	0.1639	0.0	0.0
HJURP	765.9172	-1.8377	0.1358	0.0	0.0
HKR1	119.371	-2.1975	0.3391	0.0	0.0
HLA-A	6093.7752	1.0292	0.0804	0.0	0.0
HLA-B	2313.1817	1.0869	0.0854	0.0	0.0
HMBOX1	168.6377	-1.5636	0.2881	0.0	0.0
HMG20A	406.3577	-2.0106	0.184	0.0	0.0
HMGB1	14318.3809	1.1122	0.0595	0.0	0.0
HMGCR	847.8548	-1.4853	0.1474	0.0	0.0
HMGCS1	326.9951	-1.2701	0.2128	0.0	0.0
HMGN1	4356.4001	1.0333	0.0706	0.0	0.0
HMGXB4	347.7895	-3.0469	0.2209	0.0	0.0
HNRNPA0	12025.737	1.6601	0.0627	0.0	0.0
HNRNPA1	46026.6065	1.1036	0.0549	0.0	0.0
HNRNPA1P10	110.8425	1.0255	0.3125	0.0005	0.0011
HNRNPA2B1	38718.547	1.0212	0.0603	0.0	0.0
HNRNPC	19268.8587	1.0528	0.0541	0.0	0.0
HNRNPD	9100.556	1.0322	0.0637	0.0	0.0
HNRNPH2	2830.2736	1.8369	0.0885	0.0	0.0
HNRNPU-AS1	178.1153	1.296	0.2676	0.0	0.0
HOMER1	259.8672	-1.4452	0.2137	0.0	0.0
HOMEZ	18.0544	-3.7499	1.8495	0.0	0.0
HOTAIR	8.4403	-1.2272	0.9377	0.0237	0.0428
HOXA3	136.8447	-2.1371	0.3231	0.0	0.0
HOXB2	2240.6268	1.8774	0.0922	0.0	0.0
HOXB9	225.6802	-1.4394	0.2408	0.0	0.0
HOXC-AS3	18.9379	1.3338	0.6808	0.0093	0.018
HOXC13-AS	23.1448	-1.0565	0.6021	0.0278	0.0494
HOXC6	154.4633	-2.5976	0.3091	0.0	0.0
HOXD4	9.5852	-1.4851	0.9619	0.0085	0.0165
HPS4	239.3437	-1.569	0.2257	0.0	0.0
HPS5	540.1245	-1.1982	0.1578	0.0	0.0
HPS6	1650.3796	1.3834	0.0997	0.0	0.0
HPSE	93.9797	1.0549	0.3631	0.0016	0.0035
HR	1856.5665	-1.6027	0.1161	0.0	0.0
HRSP12	359.5143	1.0638	0.1785	0.0	0.0
HS3ST1	51.9322	-1.3496	0.446	0.0006	0.0014
HS3ST3B1	122.4973	1.1374	0.2972	0.0001	0.0001
HSBP1	3794.0192	1.0102	0.0735	0.0	0.0
HSF4	20.4862	-1.2372	0.6869	0.016	0.0297
HSP90AA1	97249.1838	1.0094	0.0594	0.0	0.0
HSP90AB4P	6.8041	2.1021	1.4582	0.0006	0.0013
HSP90B1	21039.9834	1.2008	0.0663	0.0	0.0
HSP90B2P	70.719	2.1638	0.4333	0.0	0.0
HSPA13	1215.5296	1.0949	0.1161	0.0	0.0
HSPA1A	12255.7164	-3.3555	0.069	0.0	0.0
HSPA1B	9584.4204	-2.9052	0.0733	0.0	0.0
HSPA2	50.4122	-1.6271	0.4731	0.0001	0.0002
HSPA5	28461.1501	1.2908	0.0525	0.0	0.0
HSPA6	42.8844	-3.8052	0.8226	0.0	0.0
HSPA8	53189.0055	-1.3394	0.0527	0.0	0.0
HSPBAP1	100.0907	-1.0732	0.3294	0.0005	0.0011
HTR1D	15.5996	2.2871	0.9495	0.0002	0.0005
HTR7P1	113.5913	1.0952	0.2998	0.0001	0.0003
HYLS1	218.0175	-1.0919	0.2295	0.0	0.0
IBA57	226.8826	-1.2998	0.2312	0.0	0.0
ICK	323.7459	-1.1061	0.1923	0.0	0.0
ID3	2553.0312	-1.0181	0.0877	0.0	0.0
IER2	5851.0396	1.227	0.082	0.0	0.0
IER5	3252.176	1.2858	0.0873	0.0	0.0
IFNGR1	122.2709	-1.5158	0.3046	0.0	0.0
IFNLR1	47.7914	-2.3569	0.5457	0.0	0.0
IFRD1	510.5166	-2.262	0.1729	0.0	0.0
IGDCC4	9.5312	-1.5661	1.1722	0.0047	0.0095
IGF2BP1	1211.2268	-1.5971	0.1091	0.0	0.0
IGF2BP2	1056.5308	-1.97	0.1217	0.0	0.0
IGF2BP3	1462.8162	-1.2432	0.109	0.0	0.0
IGFBP2	1300.4917	1.0596	0.1105	0.0	0.0
IGFBP7	793.7503	1.0798	0.1305	0.0	0.0
IGIP	21.0666	-2.0633	0.7885	0.0003	0.0006
IGSF8	793.9189	1.0451	0.1404	0.0	0.0
IGSF9	46.5169	-1.2416	0.4651	0.0023	0.0048
IKBKB	355.6314	-1.0578	0.1936	0.0	0.0
IKZF2	58.2853	-1.1953	0.4167	0.0014	0.003
IKZF4	64.942	-2.5721	0.4882	0.0	0.0
IKZF5	197.8472	-1.1424	0.2469	0.0	0.0
IL12RB2	5.9933	1.3098	1.1462	0.0109	0.0208
IL13RA2	6898.8536	1.2162	0.0694	0.0	0.0
IL17RA	308.1727	-1.9251	0.2039	0.0	0.0
IL1RAPL1	282.5194	1.6228	0.2016	0.0	0.0
IL22RA1	15.7549	-2.3165	1.1438	0.0003	0.0007
IL32	79.2059	1.1495	0.3701	0.0007	0.0016
IL4R	366.5548	-1.316	0.1854	0.0	0.0
IL6	54.541	3.3138	0.5538	0.0	0.0
IL7	57.3338	-2.0399	0.4742	0.0	0.0
IL7R	966.0839	-1.3912	0.1329	0.0	0.0
IL8	3651.2004	2.3098	0.1002	0.0	0.0
ILF3-AS1	2702.9098	3.3367	0.0887	0.0	0.0
IMMP2L	143.379	1.4903	0.2774	0.0	0.0
IMP3	3164.7272	1.3872	0.0758	0.0	0.0
IMPAD1	7372.6678	1.2029	0.0643	0.0	0.0
INCENP	1840.3209	-1.4808	0.0971	0.0	0.0
ING3	202.8463	-1.7718	0.2517	0.0	0.0
ING4	139.5472	-1.4847	0.2929	0.0	0.0
ING5	265.8006	-1.6127	0.2586	0.0	0.0
INHBA	1970.2175	1.5631	0.09	0.0	0.0
INIP	211.8675	-1.9025	0.2447	0.0	0.0
INO80	725.6458	-1.1048	0.1318	0.0	0.0
INPP1	199.3405	-1.7633	0.2503	0.0	0.0
INSIG2	84.2421	-2.1389	0.3961	0.0	0.0
INTS2	307.0439	-1.7397	0.2038	0.0	0.0
INTS6	313.2812	-1.2766	0.196	0.0	0.0
IP6K2	444.7112	-1.4667	0.1776	0.0	0.0
IPMK	331.193	1.8322	0.2063	0.0	0.0
IPPK	582.6885	-2.2566	0.1588	0.0	0.0
IQSEC1	453.3516	-1.9978	0.1755	0.0	0.0
IRAK2	68.6188	-1.9695	0.4235	0.0	0.0
IREB2	959.8729	-3.1919	0.1389	0.0	0.0
IRF2	313.3822	-1.3424	0.197	0.0	0.0
IRF2BP1	2662.1792	1.3187	0.0904	0.0	0.0
IRF2BP2	2539.8318	1.0552	0.0818	0.0	0.0
IRF9	50.6747	-2.0557	0.5034	0.0	0.0
IRGQ	499.7089	-1.8901	0.1864	0.0	0.0
IRS1	5484.5869	2.8615	0.0779	0.0	0.0
IRS2	12627.6019	2.6456	0.0608	0.0	0.0
ISCA1	387.2233	-1.4057	0.1769	0.0	0.0
ISCA2	138.6395	-1.3607	0.2851	0.0	0.0
ISG20L2	1906.2635	-1.2118	0.0929	0.0	0.0
ISL1	67.2812	-2.0366	0.4347	0.0	0.0
ISL2	23.7557	-2.2743	0.7982	0.0001	0.0002
IST1	1091.1941	-1.5784	0.1178	0.0	0.0
ISY1-RAB43	239.4546	-1.1035	0.2181	0.0	0.0
ITCH	883.1695	-1.0408	0.1256	0.0	0.0
ITFG1	922.4504	1.2002	0.1218	0.0	0.0
ITGA1	1243.5527	1.1546	0.1102	0.0	0.0
ITGA9	22.5359	1.2282	0.6089	0.0112	0.0213
ITGAV	2301.3074	1.0112	0.0973	0.0	0.0
ITGB1	10622.0948	1.2834	0.0719	0.0	0.0
ITGB2-AS1	51.3221	2.4873	0.5034	0.0	0.0
ITM2A	366.7774	1.1697	0.1833	0.0	0.0
ITM2B	2059.3705	1.2287	0.09	0.0	0.0
ITPKB	392.5536	-1.1236	0.1747	0.0	0.0
ITPKC	220.9408	-1.8237	0.2397	0.0	0.0
ITPRIP	4540.7188	2.0375	0.0716	0.0	0.0
ITPRIPL2	3818.5761	1.2019	0.0737	0.0	0.0
ITSN2	363.1223	-2.0029	0.2011	0.0	0.0
IWS1	540.9601	-1.4107	0.152	0.0	0.0
JADE1	1003.0242	1.2178	0.1135	0.0	0.0
JADE2	1381.1086	-1.6185	0.1039	0.0	0.0
JADE3	207.4005	-1.9398	0.2726	0.0	0.0
JAGN1	491.4001	-2.8704	0.1859	0.0	0.0
JAK2	163.1336	-1.7397	0.2787	0.0	0.0
JAKMIP2	16.754	-2.4389	1.1468	0.0002	0.0005
JAZF1	43.9497	-1.9947	0.5304	0.0	0.0
JDP2	27.6823	-2.0068	0.6551	0.0001	0.0002
JMJD1C	387.8981	-1.332	0.1776	0.0	0.0
JMJD6	684.2495	-1.5851	0.1401	0.0	0.0
JMJD8	1924.3209	1.0383	0.0943	0.0	0.0
JMY	443.7611	1.1759	0.1611	0.0	0.0
JOSD1	663.4579	-2.0247	0.1486	0.0	0.0
JPH1	95.2039	-2.6008	0.4002	0.0	0.0
JPH3	18.3311	1.5875	0.7203	0.0028	0.0058
KALRN	34.2512	-1.3003	0.5596	0.0048	0.0097
KANK1	697.5453	-1.1309	0.1348	0.0	0.0
KANSL1L	37.1956	-2.5591	0.6317	0.0	0.0
KANSL2	1030.116	1.9742	0.1175	0.0	0.0
KANSL3	608.2955	-1.9475	0.1495	0.0	0.0
KATNA1	142.1612	-1.6866	0.291	0.0	0.0
KATNAL1	232.9653	-1.1497	0.2316	0.0	0.0
KATNBL1	211.4478	-2.2803	0.2581	0.0	0.0
KAZN	58.5222	-3.1647	0.5722	0.0	0.0
KBTBD2	1830.1618	1.5661	0.0961	0.0	0.0
KBTBD6	651.3351	1.2554	0.1373	0.0	0.0
KBTBD8	492.96	2.5088	0.1907	0.0	0.0
KCNAB3	23.5764	-1.1257	0.6166	0.0207	0.0378
KCNE4	16.5758	-1.3917	0.7346	0.0087	0.0169
KCNG1	632.5624	-1.5105	0.146	0.0	0.0
KCNH1-IT1	30.3742	1.5336	0.5689	0.001	0.0023
KCNN4	1343.6579	-1.4729	0.1202	0.0	0.0
KCNQ3	8.9839	-1.6991	1.1081	0.0034	0.007
KCNQ5	145.1688	-1.7535	0.2918	0.0	0.0
KCNS3	125.3835	-2.3875	0.3308	0.0	0.0
KCTD10	1273.624	-1.0949	0.1107	0.0	0.0
KCTD11	440.7523	1.1293	0.1632	0.0	0.0
KCTD15	997.1965	-1.6319	0.1279	0.0	0.0
KCTD18	120.0027	-1.0999	0.3048	0.0001	0.0003
KCTD20	484.1465	-2.0195	0.1681	0.0	0.0
KCTD21	89.1771	-3.6033	0.4854	0.0	0.0
KCTD3	1128.1627	-1.1368	0.1104	0.0	0.0
KCTD5	1110.3458	-1.1446	0.1111	0.0	0.0
KCTD6	81.0373	-1.4538	0.3883	0.0	0.0001
KCTD7	128.4599	-2.5703	0.3374	0.0	0.0
KDM2B	674.0779	-1.9174	0.1423	0.0	0.0
KDM3A	370.7157	-1.5644	0.1872	0.0	0.0
KDM4A	711.1679	-1.3932	0.1364	0.0	0.0
KDM4B	397.6148	-1.7048	0.1807	0.0	0.0
KDM6A	293.8185	-1.4538	0.2038	0.0	0.0
KDM6B	859.9368	-1.276	0.1293	0.0	0.0
KDM7A	78.3658	-1.1671	0.3651	0.0005	0.0012
KDM8	57.2621	-1.1876	0.4234	0.0017	0.0037
KHNYN	482.2098	-1.5084	0.162	0.0	0.0
KIAA0226	201.0702	-1.7986	0.2539	0.0	0.0
KIAA0226L	10.708	-1.6188	1.0406	0.0049	0.0098
KIAA0355	362.3153	-2.7307	0.2051	0.0	0.0
KIAA0753	274.2913	-2.2893	0.221	0.0	0.0
KIAA0895	74.6966	-1.8757	0.4081	0.0	0.0
KIAA0907	613.6307	-2.3706	0.1546	0.0	0.0
KIAA0922	140.4726	-1.9405	0.3024	0.0	0.0
KIAA0947	912.7719	-1.2483	0.1271	0.0	0.0
KIAA1147	170.7405	-1.1745	0.2547	0.0	0.0
KIAA1199	1381.077	-1.1043	0.104	0.0	0.0
KIAA1217	282.7662	-1.6497	0.2173	0.0	0.0
KIAA1328	37.8784	-1.024	0.4969	0.0163	0.0302
KIAA1377	43.6268	-2.2781	0.5589	0.0	0.0
KIAA1432	410.2309	-2.0493	0.1954	0.0	0.0
KIAA1522	225.6612	-1.1877	0.2274	0.0	0.0
KIAA1652	11.4137	1.327	0.8261	0.0152	0.0283
KIAA1671	274.7839	-1.8838	0.2196	0.0	0.0
KIAA1731	213.3613	-1.9778	0.2441	0.0	0.0
KIAA1804	183.3305	-1.8114	0.2631	0.0	0.0
KIAA2013	3626.0778	1.0186	0.08	0.0	0.0
KIF11	1941.7423	-1.3037	0.0979	0.0	0.0
KIF13B	292.0515	-1.1149	0.1983	0.0	0.0
KIF15	351.2095	-1.357	0.185	0.0	0.0
KIF16B	236.9041	-1.2573	0.2192	0.0	0.0
KIF18B	1042.2581	-2.3146	0.1219	0.0	0.0
KIF1B	902.318	-1.1742	0.1208	0.0	0.0
KIF20B	844.294	-1.5295	0.1351	0.0	0.0
KIF21A	426.1814	-1.5348	0.1707	0.0	0.0
KIF21B	287.1224	-3.1184	0.2508	0.0	0.0
KIF23	1198.0324	-2.0267	0.1255	0.0	0.0
KIF24	137.5843	-1.6374	0.3264	0.0	0.0
KIF2A	774.0782	-1.2234	0.1291	0.0	0.0
KIF2C	1294.8018	-2.0681	0.1147	0.0	0.0
KIF3A	296.1726	-1.1563	0.2162	0.0	0.0
KIF5A	19.8834	-1.2976	0.6684	0.0107	0.0204
KIF7	265.1235	-1.5816	0.2336	0.0	0.0
KIFC1	883.49	-1.7862	0.1356	0.0	0.0
KIN	133.0914	-1.4719	0.3077	0.0	0.0
KLB	32.0597	1.2171	0.536	0.0067	0.0131
KLF10	1479.5919	1.4382	0.1099	0.0	0.0
KLF12	135.6057	-1.1342	0.2824	0.0	0.0001
KLF15	11.9534	-2.8142	1.6154	0.0001	0.0002
KLF4	607.7581	1.2969	0.1411	0.0	0.0
KLF5	2790.7478	1.9527	0.0923	0.0	0.0
KLF7	399.9982	2.0481	0.1871	0.0	0.0
KLHDC10	371.5364	-2.1656	0.1933	0.0	0.0
KLHDC3	803.7533	-1.7337	0.1312	0.0	0.0
KLHDC7A	5.1792	1.1617	1.1158	0.0189	0.0346
KLHDC8B	90.0777	-3.0158	0.4514	0.0	0.0
KLHL11	238.8708	1.7929	0.2249	0.0	0.0
KLHL12	528.0225	-1.4222	0.1587	0.0	0.0
KLHL15	713.5397	1.2367	0.1502	0.0	0.0
KLHL18	862.402	-1.7223	0.1289	0.0	0.0
KLHL20	404.7856	-1.6379	0.1777	0.0	0.0
KLHL22	67.1076	-2.3428	0.4508	0.0	0.0
KLHL23	113.7783	-2.8316	0.3701	0.0	0.0
KLHL24	49.2263	-1.6013	0.4708	0.0001	0.0002
KLHL25	126.2071	-4.9232	0.5461	0.0	0.0
KLHL26	212.7018	-1.5535	0.2393	0.0	0.0
KLHL29	142.2378	-1.2858	0.2843	0.0	0.0
KLHL31	404.6786	1.4322	0.1737	0.0	0.0
KLHL8	366.7788	-1.2689	0.1812	0.0	0.0
KLHL9	2992.1497	2.149	0.0918	0.0	0.0
KLLN	102.2768	2.1127	0.3562	0.0	0.0
KLRAP1	4.0771	-1.1777	1.1586	0.0148	0.0276
KMT2A	1170.329	-1.1501	0.1228	0.0	0.0
KMT2B	1017.4652	-1.6302	0.125	0.0	0.0
KMT2C	692.9348	-1.1668	0.1384	0.0	0.0
KMT2D	1870.6122	-1.7859	0.1222	0.0	0.0
KMT2E	391.0458	-1.0239	0.1816	0.0	0.0
KMT2E-AS1	110.2025	2.4516	0.3527	0.0	0.0
KNOP1	503.1637	-1.669	0.1628	0.0	0.0
KNSTRN	837.1241	-1.5584	0.1266	0.0	0.0
KPNA2	10881.6046	1.1485	0.0607	0.0	0.0
KRAS	644.1581	-1.2343	0.1585	0.0	0.0
KRBA1	104.9462	-2.1231	0.3593	0.0	0.0
KRCC1	100.5007	-3.5096	0.4392	0.0	0.0
KRI1	994.8188	-1.8653	0.1199	0.0	0.0
KRIT1	314.773	-2.2207	0.2248	0.0	0.0
KRT6B	154.3994	1.0733	0.2615	0.0	0.0
KRT79	3.2496	1.0675	1.1627	0.0189	0.0347
KRTAP2-3	544.9889	3.8699	0.2021	0.0	0.0
KRTAP3-1	50.0192	4.0984	0.668	0.0	0.0
KRTAP4-8	10.9797	1.2662	0.8257	0.0198	0.0363
KRTAP4-9	5.221	1.6763	1.3255	0.0022	0.0046
KSR1	92.5511	-2.7206	0.4139	0.0	0.0
KTI12	2376.484	2.989	0.0908	0.0	0.0
L1CAM	5005.2052	1.0225	0.0729	0.0	0.0
L3MBTL3	69.1336	-1.4845	0.408	0.0001	0.0001
LAPTM4A	2613.9034	1.0147	0.081	0.0	0.0
LAPTM4B	6153.9006	1.1112	0.0656	0.0	0.0
LARP4	2014.2407	-1.5498	0.1086	0.0	0.0
LARP4B	909.9362	-2.8063	0.1379	0.0	0.0
LATS1	918.0308	1.9135	0.1219	0.0	0.0
LATS2	1469.1572	1.9485	0.1075	0.0	0.0
LBR	1084.2312	-1.1255	0.1185	0.0	0.0
LBX2-AS1	466.6073	1.7802	0.17	0.0	0.0
LCAT	33.5971	-1.8693	0.6016	0.0001	0.0003
LCMT2	1150.0484	1.2741	0.1077	0.0	0.0
LDB1	985.6528	-1.8741	0.1403	0.0	0.0
LDHA	29581.0055	1.1121	0.0595	0.0	0.0
LDHB	25449.9554	1.089	0.0567	0.0	0.0
LDLR	1984.6759	-1.3131	0.0905	0.0	0.0
LDLRAD2	23.0924	1.3849	0.6189	0.0047	0.0094
LDLRAP1	410.7989	-1.1423	0.1716	0.0	0.0
LDOC1	1192.0515	1.2004	0.1062	0.0	0.0
LEAP2	4.0139	-1.1187	1.1509	0.0178	0.0329
LEMD2	544.5789	-1.9072	0.1596	0.0	0.0
LENG1	301.3532	1.0646	0.1933	0.0	0.0
LENG8	927.715	-1.3329	0.1293	0.0	0.0
LEO1	511.7469	-2.353	0.1692	0.0	0.0
LEPREL1	122.8658	1.0449	0.2902	0.0001	0.0004
LETM2	64.9681	-2.1695	0.4762	0.0	0.0
LETMD1	310.4309	-1.4075	0.2008	0.0	0.0
LFNG	89.5889	-3.758	0.4925	0.0	0.0
LGALSL	84.3052	-1.1011	0.35	0.0007	0.0015
LGMN	412.6708	1.0977	0.1675	0.0	0.0
LGR4	67.2221	-1.6901	0.4139	0.0	0.0
LHFPL2	842.1351	-1.0073	0.1242	0.0	0.0
LHPP	55.5811	1.2157	0.4645	0.0028	0.0057
LHX4	55.847	-1.4107	0.4355	0.0003	0.0006
LHX8	6.2189	-1.1444	1.0864	0.0224	0.0406
LIF	2010.8841	1.0152	0.0876	0.0	0.0
LILRB3	7.1254	1.4668	1.1814	0.0061	0.0121
LIMA1	3558.0654	1.0	0.0776	0.0	0.0
LIMD1	243.4974	-3.3838	0.2701	0.0	0.0
LIMD1-AS1	43.1775	-2.6089	0.6008	0.0	0.0
LIME1	47.7373	-2.2247	0.5335	0.0	0.0
LIMK1	860.6987	-1.1523	0.1327	0.0	0.0
LIMK2	186.5975	-2.2053	0.2699	0.0	0.0
LIN28B	280.4542	1.0163	0.2034	0.0	0.0
LIN37	79.8538	-2.1818	0.4142	0.0	0.0
LIN52	70.1229	-1.6997	0.4041	0.0	0.0
LIN54	241.9947	-1.1582	0.2169	0.0	0.0
LIN9	201.1344	-1.743	0.2506	0.0	0.0
LINC00115	58.9663	3.2003	0.5273	0.0	0.0
LINC00163	8.837	1.7574	1.2533	0.0022	0.0046
LINC00235	41.5031	3.5721	0.7148	0.0	0.0
LINC00339	146.4206	-1.5463	0.2874	0.0	0.0
LINC00341	48.7824	-2.2248	0.5356	0.0	0.0
LINC00460	164.8323	1.0308	0.2531	0.0	0.0001
LINC00472	69.7247	1.8266	0.4035	0.0	0.0
LINC00491	16.909	-1.3288	0.751	0.0127	0.0239
LINC00552	26.7215	1.2551	0.5915	0.0085	0.0164
LINC00638	10.1385	-2.3859	1.5022	0.0003	0.0006
LINC00657	13938.2448	1.7664	0.0682	0.0	0.0
LINC00673	752.5899	1.4133	0.1318	0.0	0.0
LINC00704	122.1789	-1.0005	0.2931	0.0003	0.0007
LINC00847	48.2817	-3.3966	0.666	0.0	0.0
LINC00857	90.838	-1.532	0.3508	0.0	0.0
LINC00936	20.5779	1.37	0.6699	0.0072	0.0141
LINC00938	423.231	2.1781	0.1773	0.0	0.0
LINC00984	1448.6032	1.7423	0.1034	0.0	0.0
LINC00999	15.2598	-1.3859	0.7578	0.0098	0.0187
LINC01029	948.7358	-1.3242	0.1204	0.0	0.0
LINC01128	300.7774	-1.1454	0.1955	0.0	0.0
LINC01137	48.7472	-1.0995	0.4538	0.0059	0.0117
LINC01144	15.1385	1.8333	0.8314	0.0013	0.0027
LINC01184	38.7829	-1.2621	0.519	0.0041	0.0082
LIPT1	24.3454	-4.6124	2.0106	0.0	0.0
LIPT2	17.4496	-1.168	0.7005	0.0237	0.0427
LLPH	2151.8842	1.6169	0.0897	0.0	0.0
LMAN1	5095.4881	1.1519	0.0764	0.0	0.0
LMBR1L	66.4012	-1.8708	0.4304	0.0	0.0
LMCD1	191.8875	-1.5	0.2458	0.0	0.0
LMTK2	682.7903	-1.5198	0.139	0.0	0.0
LNP1	145.0137	2.957	0.3132	0.0	0.0
LNX1	22.0888	-1.1188	0.6274	0.0227	0.041
LNX2	120.1013	-1.1407	0.3069	0.0001	0.0002
LOC100128398	15.7978	1.6094	0.7601	0.003	0.0063
LOC100128494	14.5835	1.799	0.8704	0.0018	0.0038
LOC100128653	98.5255	2.9984	0.3926	0.0	0.0
LOC100129361	1195.1919	1.0523	0.1142	0.0	0.0
LOC100129518	10.516	1.98	1.3131	0.001	0.0022
LOC100129617	4.9223	1.1047	1.104	0.0234	0.0423
LOC100129917	100.4341	2.6264	0.3652	0.0	0.0
LOC100130093	620.6022	4.351	0.1833	0.0	0.0
LOC100130744	50.6651	-1.5289	0.4663	0.0002	0.0004
LOC100131496	3.4848	1.0848	1.1712	0.0173	0.0319
LOC100132249	47.7131	1.2202	0.4454	0.0019	0.0041
LOC100132356	54.3079	2.4656	0.5137	0.0	0.0
LOC100132815	164.8761	-1.1422	0.2577	0.0	0.0
LOC100133182	30.7313	-1.3793	0.6046	0.0043	0.0088
LOC100133331	60.9197	-2.0408	0.4741	0.0	0.0
LOC100270746	14.1816	1.1615	0.7203	0.0259	0.0463
LOC100270804	22.4784	1.5138	0.647	0.0026	0.0054
LOC100271836	150.4541	-1.4953	0.2833	0.0	0.0
LOC100272217	52.7591	4.6665	0.7619	0.0	0.0
LOC100287042	159.3615	2.1272	0.2757	0.0	0.0
LOC100287808	66.4328	1.3214	0.4056	0.0003	0.0007
LOC100287896	22.4282	-1.1961	0.6686	0.0183	0.0336
LOC100288069	13.3007	-1.9869	1.2752	0.001	0.0023
LOC100288123	11.6762	1.5311	0.8477	0.0062	0.0122
LOC100288181	402.3971	1.5431	0.1816	0.0	0.0
LOC100288637	89.0098	-1.4051	0.3604	0.0	0.0001
LOC100288846	15.6879	1.8681	0.848	0.0011	0.0025
LOC100288911	312.5563	2.2456	0.2127	0.0	0.0
LOC100289230	35.2116	2.0828	0.5938	0.0	0.0
LOC100289361	30.1372	2.0216	0.6347	0.0001	0.0001
LOC100289533	16.8294	1.6303	0.7393	0.0024	0.0051
LOC100289561	61.7959	-1.3314	0.4146	0.0004	0.0008
LOC100294145	139.2163	-1.4211	0.2853	0.0	0.0
LOC100499489	50.734	1.2313	0.4331	0.0014	0.003
LOC100505564	128.065	2.1422	0.31	0.0	0.0
LOC100505812	33.2639	-3.0948	0.813	0.0	0.0
LOC100506060	15.2114	-1.7424	0.8667	0.0023	0.0049
LOC100506188	4.3698	1.4254	1.2511	0.0052	0.0105
LOC100506538	8.1401	-1.3007	1.0082	0.0166	0.0307
LOC100506634	689.7426	1.3293	0.1341	0.0	0.0
LOC100506639	43.448	1.7537	0.5029	0.0	0.0001
LOC100506714	32.1916	-1.6446	0.5851	0.0005	0.0012
LOC100506731	58.4245	3.0438	0.5302	0.0	0.0
LOC100507156	22.7155	1.2032	0.6358	0.0151	0.0281
LOC100507373	37.7163	-1.1153	0.4967	0.0089	0.0171
LOC100507460	31.6548	-1.3883	0.5605	0.0027	0.0055
LOC100507534	3.0953	1.0543	1.1561	0.0203	0.0371
LOC100507599	276.5352	3.754	0.2456	0.0	0.0
LOC100507656	12.0511	-1.7362	0.9727	0.003	0.0061
LOC100630918	177.1879	3.0022	0.2812	0.0	0.0
LOC100652736	39.777	2.1022	0.5532	0.0	0.0
LOC100653515	18.1144	2.3358	0.8544	0.0001	0.0002
LOC100862671	61.3496	-1.9928	0.4541	0.0	0.0
LOC100996246	3.4622	-1.0227	1.1263	0.0262	0.0467
LOC100996273	8.379	1.6849	1.2362	0.0028	0.0058
LOC100996497	26.0118	-1.6425	0.6397	0.001	0.0023
LOC100996573	18.3702	1.527	0.6972	0.0034	0.007
LOC100996643	24.379	4.2114	0.9646	0.0	0.0
LOC100996724	15.3455	-1.4021	0.7613	0.0091	0.0176
LOC100996732	65.5296	-3.856	0.6406	0.0	0.0
LOC100996740	78.5773	1.1456	0.3781	0.0009	0.0021
LOC101060211	47.0324	7.8005	1.9926	0.0	0.0
LOC101060212	36.6086	1.113	0.5276	0.0122	0.023
LOC101060398	86.391	-1.049	0.3445	0.001	0.0023
LOC101593348	13.906	1.8222	0.8555	0.0015	0.0032
LOC101926922	22.2379	1.1486	0.6209	0.0187	0.0344
LOC101927018	7.2405	2.1563	1.4823	0.0005	0.0011
LOC101927071	5.6661	1.2045	1.1296	0.0157	0.0293
LOC101927085	72.43	1.1881	0.3842	0.0007	0.0016
LOC101927104	18.2062	-1.7992	0.7872	0.0012	0.0026
LOC101927322	36.4476	3.2454	0.6859	0.0	0.0
LOC101927385	9.0696	1.7883	1.2601	0.0019	0.0041
LOC101927393	7.1033	1.4365	1.0706	0.0091	0.0176
LOC101927647	9.3621	2.5703	1.6307	0.0001	0.0003
LOC101927673	24.7966	-1.963	0.7057	0.0002	0.0005
LOC101927792	7.6356	1.4381	0.9956	0.0101	0.0193
LOC101927824	9.9191	1.2378	0.8471	0.0229	0.0414
LOC101927838	85.0591	3.3056	0.4569	0.0	0.0
LOC101927848	44.5564	-1.0676	0.478	0.0101	0.0193
LOC101927858	9.3421	-1.5304	1.0332	0.0069	0.0135
LOC101928054	3.9426	-1.1243	1.1487	0.0178	0.0328
LOC101928061	31.5447	1.1144	0.53	0.0123	0.0233
LOC101928120	68.3463	1.3462	0.3937	0.0002	0.0004
LOC101928170	113.7386	-1.4427	0.3167	0.0	0.0
LOC101928240	11.9152	3.3698	1.8322	0.0	0.0
LOC101928262	22.7694	-1.388	0.6528	0.0059	0.0116
LOC101928281	58.027	5.503	1.0594	0.0	0.0
LOC101928370	14.6675	1.4806	0.7633	0.0061	0.0121
LOC101928465	157.3748	4.735	0.3855	0.0	0.0
LOC101928484	20.0433	-2.626	1.0488	0.0001	0.0001
LOC101928485	118.7243	2.2272	0.3188	0.0	0.0
LOC101928498	96.4639	1.8119	0.3538	0.0	0.0
LOC101928588	43.5762	4.1304	0.754	0.0	0.0
LOC101928621	13.0094	1.6624	0.8557	0.0033	0.0068
LOC101928660	43.8033	1.1601	0.4704	0.0047	0.0094
LOC101928707	76.2819	1.0698	0.3697	0.0016	0.0035
LOC101928728	109.599	3.0327	0.3619	0.0	0.0
LOC101928762	7.6645	-1.3407	1.1219	0.0109	0.0207
LOC101928820	15.4576	-1.2744	0.7378	0.0159	0.0295
LOC101928829	5.2598	1.1781	1.1181	0.0178	0.0328
LOC101928841	45.1774	1.324	0.4587	0.001	0.0022
LOC101928884	31.7682	1.5631	0.5684	0.0008	0.0018
LOC101928927	110.9745	4.7405	0.4769	0.0	0.0
LOC101929054	8.5569	-1.28	0.9105	0.0196	0.0358
LOC101929211	102.7338	1.5347	0.3521	0.0	0.0
LOC101929264	281.3565	1.0985	0.2066	0.0	0.0
LOC101929290	6.3039	1.3559	1.1552	0.0092	0.0178
LOC101929291	43.8523	4.511	0.8324	0.0	0.0
LOC101929340	7.9336	-1.3641	1.1262	0.01	0.0192
LOC101929500	23.396	2.731	0.8072	0.0	0.0
LOC101929521	10.8886	1.1913	0.799	0.0265	0.0474
LOC101929545	41.6077	-1.3872	0.5214	0.0017	0.0035
LOC101929668	37.0455	-1.0924	0.4997	0.0107	0.0204
LOC101929745	33.5693	-2.5549	0.6882	0.0	0.0
LOC101929792	108.6671	2.7287	0.3668	0.0	0.0
LOC101929796	58.6882	1.1792	0.4177	0.0017	0.0035
LOC101930137	12.058	2.1915	1.3684	0.0005	0.0011
LOC102723360	127.9027	-9.2441	1.6288	0.0	0.0
LOC102723564	16.8241	-1.1585	0.7016	0.0249	0.0447
LOC102723600	7.9892	1.347	0.9395	0.0149	0.0278
LOC102723616	11.6478	-1.8254	1.0753	0.0022	0.0046
LOC102723631	400.4532	1.1542	0.1856	0.0	0.0
LOC102723665	36.5794	1.3098	0.5066	0.0024	0.0051
LOC102723721	55.7317	-2.2433	0.4906	0.0	0.0
LOC102723728	701.6431	1.735	0.1575	0.0	0.0
LOC102723735	15.1988	1.1934	0.7578	0.0245	0.044
LOC102723773	828.2249	1.4024	0.1277	0.0	0.0
LOC102723779	50.3332	1.2431	0.4347	0.0013	0.0028
LOC102723820	16.0665	1.1971	0.7275	0.0223	0.0405
LOC102723863	26.7882	-1.574	0.6159	0.0013	0.0029
LOC102723893	3.7514	1.2564	1.2056	0.0096	0.0185
LOC102723996	18.1153	-2.4816	1.4139	0.0002	0.0005
LOC102724037	60.918	1.4781	0.4098	0.0001	0.0002
LOC102724092	5.16	1.628	1.3172	0.0025	0.0053
LOC102724112	18.0005	1.131	0.6599	0.0246	0.0441
LOC102724147	229.2693	1.2951	0.2417	0.0	0.0
LOC102724163	88.1992	1.6204	0.3591	0.0	0.0
LOC102724187	24.5491	-1.3827	0.6197	0.0048	0.0096
LOC102724232	33.4849	2.2414	0.6091	0.0	0.0
LOC102724250	360.8173	-1.8127	0.1912	0.0	0.0
LOC102724255	22.4771	1.6335	0.6581	0.0013	0.0029
LOC102724258	81.8209	1.1015	0.3491	0.0007	0.0015
LOC102724273	14.3739	1.8657	0.859	0.0012	0.0026
LOC102724275	3.4941	-1.0311	1.1282	0.0253	0.0454
LOC102724296	28.9773	2.6711	0.7042	0.0	0.0
LOC102724330	20.3177	1.0942	0.626	0.0256	0.0459
LOC102724342	33.3219	1.0658	0.5184	0.0151	0.0282
LOC102724343	4.8495	1.5649	1.2917	0.0032	0.0066
LOC102724391	4.352	1.4298	1.2523	0.0052	0.0103
LOC102724428	475.2247	1.4695	0.1585	0.0	0.0
LOC102724436	8.0493	-2.0464	1.394	0.0007	0.0016
LOC102724445	48.3733	-3.2503	0.6488	0.0	0.0
LOC102724493	4.0249	1.3365	1.2266	0.0072	0.0141
LOC102724499	8.1291	-1.3299	1.0186	0.0146	0.0274
LOC102724516	72.5811	-4.9513	0.8871	0.0	0.0
LOC102724535	131.1184	-2.5827	0.332	0.0	0.0
LOC102724537	7.1089	1.4908	1.1865	0.0056	0.0112
LOC102724594	44.3366	-4.399	1.2492	0.0	0.0
LOC102724614	9.7651	1.5038	0.9126	0.0077	0.015
LOC102724709	13.4859	2.4093	1.0817	0.0002	0.0004
LOC102724783	109.402	-2.1979	0.351	0.0	0.0
LOC102724795	21.5692	3.5435	1.2773	0.0	0.0
LOC102724833	53.4765	1.7453	0.4528	0.0	0.0
LOC102724869	5.6768	1.2053	1.13	0.0157	0.0292
LOC102724872	9.5592	-1.2167	0.885	0.0253	0.0453
LOC102724951	156.9687	-8.9725	2.0827	0.0	0.0
LOC146880	41.4953	-1.3877	0.5101	0.0014	0.003
LOC153684	40.7262	2.0018	0.5348	0.0	0.0
LOC154761	24.7814	1.6227	0.6269	0.0011	0.0023
LOC256880	3.9101	1.2886	1.2148	0.0085	0.0165
LOC257396	50.7305	-1.0188	0.4476	0.0099	0.0191
LOC284837	33.0823	1.9748	0.5883	0.0	0.0001
LOC286437	20.9925	-1.1791	0.6445	0.0179	0.033
LOC389199	63.6494	6.1528	2.0204	0.0	0.0
LOC389765	16.8079	-1.214	0.7052	0.0192	0.0353
LOC389831	122.1864	-2.2293	0.3412	0.0	0.0
LOC389906	186.4523	-1.047	0.2419	0.0	0.0
LOC399900	19.1854	1.6011	0.6963	0.0022	0.0046
LOC400043	102.4891	-1.9131	0.3449	0.0	0.0
LOC440157	250.4178	-1.5454	0.2327	0.0	0.0
LOC440386	26.3638	1.7062	0.6281	0.0006	0.0013
LOC441155	3.4502	-1.0183	1.1253	0.0266	0.0475
LOC493754	351.7715	2.1805	0.195	0.0	0.0
LOC550643	417.0536	1.0114	0.1709	0.0	0.0
LOC554206	40.9733	2.2523	0.5522	0.0	0.0
LOC641367	14.1426	1.3863	0.7802	0.0104	0.0199
LOC642441	176.4819	1.2922	0.2468	0.0	0.0
LOC642846	96.3766	-1.741	0.3493	0.0	0.0
LOC644656	34.1043	1.318	0.5431	0.0036	0.0074
LOC644961	228.1864	3.8755	0.2775	0.0	0.0
LOC646471	98.7545	1.9588	0.3468	0.0	0.0
LOC646719	992.1714	3.3023	0.1413	0.0	0.0
LOC646903	109.4206	2.7946	0.3745	0.0	0.0
LOC648987	186.4028	1.2751	0.2417	0.0	0.0
LOC650226	12.5902	1.7299	0.8915	0.0026	0.0055
LOC652276	229.4037	1.1635	0.2252	0.0	0.0
LOC728024	48.7574	1.4529	1.0165	0.0093	0.018
LOC728752	40.2813	1.0069	0.4704	0.0141	0.0264
LOC729291	39.1556	1.106	0.4795	0.0078	0.0152
LOC729770	34.9884	2.2524	0.6078	0.0	0.0
LOC730257	78.2761	1.5559	0.3752	0.0	0.0
LOC730268	23.8226	-2.114	0.7641	0.0001	0.0004
LOC90834	17.8134	2.9227	1.1224	0.0	0.0001
LOC93622	692.9949	1.3779	0.1332	0.0	0.0
LONRF1	79.5914	-2.8819	0.4588	0.0	0.0
LONRF3	77.9987	-1.5724	0.3803	0.0	0.0
LPAR2	19.9706	-1.598	0.7146	0.0025	0.0053
LPAR3	313.1299	-1.0724	0.1977	0.0	0.0
LPAR6	64.7259	1.0539	0.3856	0.0027	0.0057
LPIN1	336.5555	-2.0398	0.2042	0.0	0.0
LPIN2	341.676	-3.2078	0.2264	0.0	0.0
LPIN3	22.2502	-1.8106	0.7013	0.0006	0.0014
LPP-AS2	117.0105	1.3119	0.2994	0.0	0.0
LRAT	78.0726	-1.9648	0.3975	0.0	0.0
LRCH1	223.9169	-1.7606	0.2334	0.0	0.0
LRCH3	169.126	-2.0535	0.2776	0.0	0.0
LRCH4	437.0013	-1.825	0.188	0.0	0.0
LRFN1	201.5212	-1.092	0.2372	0.0	0.0
LRIF1	264.491	-1.6468	0.2135	0.0	0.0
LRRC1	67.9238	-1.1947	0.3881	0.0007	0.0016
LRRC16A	91.0586	-1.2237	0.3549	0.0002	0.0005
LRRC20	72.2741	-1.9665	0.4271	0.0	0.0
LRRC24	36.6352	1.4255	0.5475	0.0017	0.0037
LRRC27	42.8515	-1.0279	0.4766	0.013	0.0245
LRRC37B	20.0987	-2.2978	0.8803	0.0001	0.0003
LRRC47	1667.1143	-1.1612	0.0945	0.0	0.0
LRRC56	33.9449	-1.3074	0.535	0.0035	0.0073
LRRC57	191.146	-1.6001	0.2608	0.0	0.0
LRRC58	1649.2834	-1.3167	0.1045	0.0	0.0
LRRC73	25.9679	-1.8504	0.6669	0.0003	0.0008
LRRC8B	64.9603	-1.842	0.428	0.0	0.0
LRRC8E	143.9986	-1.3103	0.3018	0.0	0.0
LSM10	505.061	-1.2048	0.1718	0.0	0.0
LSM14A	1411.4809	-1.8082	0.1097	0.0	0.0
LSM14B	633.588	-2.0928	0.1682	0.0	0.0
LSM3	1845.2164	1.2675	0.0903	0.0	0.0
LSM8	356.4854	-1.1896	0.1825	0.0	0.0
LSMEM2	71.9339	1.7717	0.3948	0.0	0.0
LTB4R	93.8251	-1.2311	0.3589	0.0002	0.0005
LTB4R2	23.2785	-1.3462	0.6743	0.0084	0.0164
LTBP1	417.0947	1.3018	0.1681	0.0	0.0
LTV1	525.6295	-1.5525	0.1656	0.0	0.0
LUC7L3	1488.6348	-2.5572	0.1078	0.0	0.0
LURAP1	10.1138	-1.6375	1.0474	0.0045	0.0091
LURAP1L	132.7856	1.0199	0.2807	0.0001	0.0003
LUZP1	3881.244	1.1557	0.0748	0.0	0.0
LUZP6	5621.6447	1.4446	0.0748	0.0	0.0
LYSMD1	251.2434	1.0903	0.2111	0.0	0.0
LYSMD2	171.7075	-1.3129	0.2583	0.0	0.0
LYSMD3	233.4083	-2.0196	0.234	0.0	0.0
LYSMD4	44.9985	-1.7529	0.4993	0.0	0.0001
LYST	143.7563	-2.1234	0.3262	0.0	0.0
LYZ	153.327	1.0386	0.2601	0.0	0.0001
LZTS1	96.8214	-2.6338	0.3933	0.0	0.0
LZTS2	1312.6809	-1.8169	0.1142	0.0	0.0
MAB21L1	803.0673	2.1878	0.1358	0.0	0.0
MACF1	2304.662	-1.0156	0.0932	0.0	0.0
MAD2L1BP	618.1815	1.349	0.1446	0.0	0.0
MADD	887.064	-2.1216	0.1315	0.0	0.0
MAFG	1138.8031	-1.6069	0.1117	0.0	0.0
MAFG-AS1	121.7238	-1.0997	0.3199	0.0002	0.0006
MAGEA4	22453.5456	1.1074	0.0538	0.0	0.0
MAGEC2	6115.2309	1.4063	0.0651	0.0	0.0
MAGEF1	1275.5058	1.1108	0.1057	0.0	0.0
MALAT1	10320.1192	4.6555	0.0738	0.0	0.0
MALSU1	344.917	-1.2304	0.1872	0.0	0.0
MAMDC4	45.3903	-1.4622	0.4824	0.0005	0.0011
MAML1	1023.9184	-1.2219	0.1156	0.0	0.0
MAML2	824.1354	1.4125	0.1339	0.0	0.0
MAML3	830.9346	1.5251	0.1281	0.0	0.0
MAMLD1	52.1361	-2.2763	0.5172	0.0	0.0
MAMSTR	4.8986	-1.3929	1.2135	0.0066	0.0131
MAP1LC3A	147.2837	1.1489	0.2749	0.0	0.0
MAP1LC3B	2001.7452	1.0327	0.0989	0.0	0.0
MAP1S	905.6274	-2.9986	0.1533	0.0	0.0
MAP2K3	1427.0551	-1.1245	0.1015	0.0	0.0
MAP2K4	321.8141	-1.7477	0.1971	0.0	0.0
MAP2K7	869.9517	-2.3096	0.1324	0.0	0.0
MAP3K12	316.0887	-2.3522	0.2182	0.0	0.0
MAP3K14	338.9281	-2.4244	0.2178	0.0	0.0
MAP3K14-AS1	7.9777	1.3413	0.9374	0.0152	0.0284
MAP3K2	416.4899	-1.312	0.1711	0.0	0.0
MAP3K4	440.6087	-1.4425	0.1712	0.0	0.0
MAP3K7	710.7418	-1.1154	0.1331	0.0	0.0
MAP3K9	150.8349	-1.3351	0.2923	0.0	0.0
MAP4K3	284.265	-1.9616	0.2174	0.0	0.0
MAP6D1	25.71	-1.1667	0.5894	0.0141	0.0264
MAP7D1	3742.7525	-1.1046	0.0855	0.0	0.0
MAP7D3	443.056	-1.1546	0.1674	0.0	0.0
MAPK14	556.0675	-1.5838	0.1552	0.0	0.0
MAPKAPK2	1651.3638	-1.0485	0.101	0.0	0.0
MAPKBP1	572.1434	-1.3529	0.1494	0.0	0.0
MAPRE1	5557.2206	1.3202	0.079	0.0	0.0
MARCH7	416.905	-2.0612	0.1802	0.0	0.0
MARCH9	307.7348	-1.2628	0.1996	0.0	0.0
MARCKS	1422.6495	1.211	0.1014	0.0	0.0
MARK2	810.6349	-2.3527	0.1391	0.0	0.0
MARK3	699.3999	-2.0088	0.1423	0.0	0.0
MARK4	409.9744	-1.5275	0.1834	0.0	0.0
MARS2	1734.1995	2.706	0.1001	0.0	0.0
MARVELD1	2905.4422	1.2126	0.0805	0.0	0.0
MAST2	1065.0563	-1.0169	0.1148	0.0	0.0
MAST3	159.407	-1.9761	0.2821	0.0	0.0
MAST4	151.8433	-1.2857	0.2864	0.0	0.0
MASTL	329.4853	-1.2704	0.1888	0.0	0.0
MAT2A	3919.43	-2.5637	0.0796	0.0	0.0
MAU2	995.7301	-2.7477	0.1436	0.0	0.0
MAVS	1718.8104	-1.5419	0.0962	0.0	0.0
MAX	740.8204	-1.0035	0.1328	0.0	0.0
MB21D2	789.9144	2.1204	0.1498	0.0	0.0
MBD1	786.8042	-1.7323	0.1464	0.0	0.0
MBD4	344.562	-1.3316	0.1915	0.0	0.0
MBD6	769.4298	-1.9052	0.1392	0.0	0.0
MBIP	78.8765	-3.6867	0.5256	0.0	0.0
MBLAC2	227.972	-1.0122	0.2273	0.0	0.0
MBNL1-AS1	49.7288	2.3828	0.5007	0.0	0.0
MBOAT1	62.2227	-1.3328	0.4151	0.0003	0.0008
MBTD1	103.8248	-1.5494	0.3375	0.0	0.0
MCC	177.6965	-1.9388	0.2698	0.0	0.0
MCIDAS	58.3842	-2.1202	0.4698	0.0	0.0
MCM10	755.7454	-1.3955	0.132	0.0	0.0
MCPH1	553.7282	1.1842	0.1507	0.0	0.0
MDGA1	47.122	1.0219	0.4521	0.0103	0.0197
MDH1	3908.8197	1.0795	0.0851	0.0	0.0
MDK	1240.8021	1.087	0.1112	0.0	0.0
MDM1	120.9607	-1.4423	0.3075	0.0	0.0
MECOM	109.8718	-1.7294	0.3281	0.0	0.0
MED10	569.4434	-1.7821	0.1652	0.0	0.0
MED13L	880.2553	-1.3362	0.1226	0.0	0.0
MED15	889.0574	-1.2858	0.1342	0.0	0.0
MED17	774.1109	-2.2118	0.1408	0.0	0.0
MED22	645.3314	-1.6889	0.1478	0.0	0.0
MED23	230.5017	-1.4186	0.2246	0.0	0.0
MED26	1306.0064	2.0112	0.1106	0.0	0.0
MED29	852.6507	-2.1012	0.1306	0.0	0.0
MED4	275.7932	-2.0714	0.2181	0.0	0.0
MED6	359.8013	-1.1841	0.1884	0.0	0.0
MED7	259.984	1.4527	0.2098	0.0	0.0
MED8	737.2327	-1.4752	0.1381	0.0	0.0
MED9	191.97	-1.6349	0.2483	0.0	0.0
MEF2A	388.1943	-1.3338	0.191	0.0	0.0
MEF2D	654.1361	-2.8413	0.1584	0.0	0.0
MEIS1	42.1583	-2.4307	0.5953	0.0	0.0
MEIS2	243.3281	-1.9255	0.2277	0.0	0.0
MEOX2	1134.906	1.3191	0.1115	0.0	0.0
MEPCE	2008.9187	-1.4689	0.0912	0.0	0.0
MESDC1	1683.526	1.0024	0.1034	0.0	0.0
MESP1	78.8972	-1.263	0.3653	0.0002	0.0004
METTL1	301.629	-1.3272	0.1981	0.0	0.0
METTL13	2063.9019	-1.3462	0.0928	0.0	0.0
METTL14	204.7007	-1.2941	0.2419	0.0	0.0
METTL21A	173.9972	-1.1891	0.2568	0.0	0.0
METTL21B	76.5017	-2.3334	0.4242	0.0	0.0
METTL23	269.4075	-1.6484	0.2147	0.0	0.0
METTL2A	342.5948	-2.055	0.1959	0.0	0.0
METTL2B	487.2142	-1.3682	0.1599	0.0	0.0
MEX3A	1023.3136	1.1248	0.1125	0.0	0.0
MEX3C	1231.8225	1.0518	0.1086	0.0	0.0
MFAP3	769.0036	-1.2656	0.1316	0.0	0.0
MFAP3L	32.4561	-1.3201	0.5531	0.0039	0.008
MFGE8	541.5352	1.1488	0.1488	0.0	0.0
MFNG	13.0117	-1.5108	0.8605	0.0069	0.0136
MFSD1	1348.7421	1.0235	0.1055	0.0	0.0
MFSD2A	160.6122	-3.2817	0.3488	0.0	0.0
MGAT2	2007.8628	1.6993	0.0894	0.0	0.0
MGC12916	94.5693	2.7129	0.3894	0.0	0.0
MGC16025	78.319	1.7677	0.3771	0.0	0.0
MGC27345	132.7638	-1.9102	0.3125	0.0	0.0
MGC57346	108.4632	-2.336	0.3524	0.0	0.0
MGC72080	381.5439	1.1649	0.18	0.0	0.0
MGEA5	1157.9117	-1.2751	0.1108	0.0	0.0
MGST1	2578.7897	1.0988	0.0925	0.0	0.0
MGST3	646.6665	1.1279	0.1394	0.0	0.0
MIA-RAB4B	68.4239	-1.0697	0.4096	0.0038	0.0077
MICAL3	1300.1484	-1.6887	0.1286	0.0	0.0
MICALL2	119.2831	-1.1735	0.3179	0.0001	0.0002
MICU2	1017.1225	1.0745	0.1148	0.0	0.0
MID2	23.0145	-1.1044	0.6078	0.0222	0.0402
MIDN	2177.3071	1.5139	0.0928	0.0	0.0
MIEF1	2761.1783	1.1043	0.0785	0.0	0.0
MIEF2	66.1653	-3.0849	0.5213	0.0	0.0
MIER2	566.8291	-2.2367	0.1673	0.0	0.0
MIF	9399.4545	1.1299	0.0635	0.0	0.0
MIIP	252.16	-2.3696	0.2561	0.0	0.0
MINA	604.7138	-1.1512	0.1446	0.0	0.0
MINK1	979.2947	-1.8838	0.1214	0.0	0.0
MIOS	178.0553	-1.7917	0.2707	0.0	0.0
MIPEPP3	16.052	-2.0625	0.9269	0.0006	0.0013
MIR100HG	594.771	-1.6068	0.152	0.0	0.0
MIR4458HG	72.2723	2.2498	0.4107	0.0	0.0
MIR4697HG	100.9459	-1.152	0.3415	0.0003	0.0007
MIS12	962.3825	1.2758	0.1173	0.0	0.0
MIS18BP1	313.7567	-2.2912	0.2294	0.0	0.0
MKL1	266.4236	-2.9663	0.2476	0.0	0.0
MKL2	174.6033	-3.0747	0.3073	0.0	0.0
MKNK2	681.2514	-1.5925	0.1441	0.0	0.0
MKRN2	457.2909	-1.3393	0.1633	0.0	0.0
MKRN3	391.2481	3.3513	0.1974	0.0	0.0
MKRN9P	56.5362	1.3594	0.424	0.0003	0.0008
MLLT3	194.6035	-1.3795	0.2455	0.0	0.0
MLYCD	101.3132	-2.8356	0.3989	0.0	0.0
MMAA	42.4737	-1.3581	0.4937	0.0014	0.003
MME	289.8034	1.2914	0.2056	0.0	0.0
MMP1	276.6626	1.4158	0.2037	0.0	0.0
MMP14	3850.0133	1.0468	0.0758	0.0	0.0
MMP9	108.5439	1.0937	0.3089	0.0002	0.0004
MN1	28.8748	1.3749	0.5626	0.003	0.0062
MND1	105.5543	-1.1886	0.322	0.0001	0.0002
MNX1	32.0209	-1.8164	0.6122	0.0002	0.0005
MOAP1	536.8685	1.2072	0.1494	0.0	0.0
MOB1B	246.4586	-1.353	0.2492	0.0	0.0
MOB2	176.651	-2.1302	0.2719	0.0	0.0
MOB3A	280.5283	-1.9891	0.2216	0.0	0.0
MOB3C	264.9173	-1.5949	0.2092	0.0	0.0
MOCS1	219.3331	-1.2654	0.2384	0.0	0.0
MOCS3	2638.1693	2.8386	0.0861	0.0	0.0
MON1A	373.3112	-1.5843	0.1897	0.0	0.0
MON1B	573.6198	-1.248	0.1468	0.0	0.0
MORC3	182.6596	-1.8438	0.2615	0.0	0.0
MOSPD1	90.3708	-1.189	0.3407	0.0002	0.0004
MOSPD2	178.699	-1.2516	0.2613	0.0	0.0
MOXD1	68.97	1.1313	0.3797	0.0011	0.0025
MPHOSPH10	692.1389	-1.5798	0.1397	0.0	0.0
MPHOSPH8	861.4211	1.1608	0.122	0.0	0.0
MPHOSPH9	262.8253	-1.8416	0.2224	0.0	0.0
MPP4	102.8628	1.1168	0.314	0.0002	0.0004
MPP5	607.4109	-1.4399	0.1626	0.0	0.0
MPV17	1134.7583	1.0622	0.1083	0.0	0.0
MRFAP1	12005.646	1.1198	0.058	0.0	0.0
MRGPRX4	100.2423	1.6561	0.3321	0.0	0.0
MRM1	217.9807	-3.0648	0.2838	0.0	0.0
MRP63	1043.1072	1.0397	0.1126	0.0	0.0
MRPL19	2099.6055	1.1835	0.0964	0.0	0.0
MRPL36	883.7844	1.406	0.1288	0.0	0.0
MRPL46	376.0535	-1.4035	0.179	0.0	0.0
MRPL48	697.5719	1.033	0.1333	0.0	0.0
MRPL49	1420.9593	-1.1523	0.1039	0.0	0.0
MRPL50	1164.2963	1.4862	0.1142	0.0	0.0
MRPS26	1238.6146	-1.068	0.113	0.0	0.0
MSANTD2	196.8473	-1.4253	0.2558	0.0	0.0
MSANTD4	1305.3793	1.9195	0.1189	0.0	0.0
MSC	80.7724	-1.1973	0.3674	0.0004	0.0009
MSH5-SAPCD1	18.1291	-1.3933	0.7323	0.0086	0.0166
MSL2	2122.0977	2.711	0.1077	0.0	0.0
MSX1	497.5204	-1.5836	0.1656	0.0	0.0
MTA2	2484.2265	-1.7925	0.0852	0.0	0.0
MTBP	146.4835	-1.536	0.287	0.0	0.0
MTERF	233.563	-1.0222	0.2431	0.0	0.0
MTERFD1	250.6196	-1.4661	0.2169	0.0	0.0
MTERFD3	102.9018	-1.1521	0.3223	0.0001	0.0003
MTFP1	314.6669	-1.6077	0.1986	0.0	0.0
MTG2	694.0388	-1.7266	0.1405	0.0	0.0
MTHFR	172.2892	-2.0801	0.2769	0.0	0.0
MTHFSD	186.8502	-2.126	0.2705	0.0	0.0
MTM1	125.8435	-1.6052	0.3148	0.0	0.0
MTMR12	608.1117	-1.3238	0.1435	0.0	0.0
MTMR3	249.8985	-2.005	0.2273	0.0	0.0
MTMR4	474.3622	-1.6863	0.1751	0.0	0.0
MTMR9	266.4606	-1.387	0.2176	0.0	0.0
MTPN	5632.3413	1.4264	0.0761	0.0	0.0
MTRF1	67.4086	-1.1357	0.3996	0.0017	0.0036
MTSS1L	1243.5123	-1.6726	0.1188	0.0	0.0
MTUS1	100.7187	-1.6675	0.3585	0.0	0.0
MUM1	327.33	-1.0422	0.1906	0.0	0.0
MUS81	438.636	-2.304	0.1792	0.0	0.0
MVB12B	164.4531	-2.0426	0.2928	0.0	0.0
MVK	181.1802	-1.7051	0.2745	0.0	0.0
MXD3	274.486	1.1693	0.2063	0.0	0.0
MYADML2	7.3041	1.3754	0.99	0.0129	0.0243
MYBL1	212.9269	-1.9522	0.2517	0.0	0.0
MYC	4054.1432	3.8298	0.0798	0.0	0.0
MYH15	328.7942	1.0983	0.1838	0.0	0.0
MYL12A	2806.1226	1.1726	0.0946	0.0	0.0
MYL12B	5627.4391	1.3366	0.0801	0.0	0.0
MYO1D	148.2958	1.008	0.2652	0.0001	0.0002
MYO9A	215.3946	-1.1572	0.2317	0.0	0.0
MYPN	37.7773	-1.6196	0.5466	0.0004	0.0009
MYPOP	222.0848	-1.3376	0.2342	0.0	0.0
MYSM1	309.4031	-1.8196	0.2091	0.0	0.0
MZF1	216.1625	-1.3856	0.247	0.0	0.0
MZT2B	1869.2578	1.0002	0.1063	0.0	0.0
N4BP1	327.8032	-1.2293	0.2158	0.0	0.0
N4BP2	221.7956	-1.9569	0.2538	0.0	0.0
NAA30	268.2469	-1.6503	0.2146	0.0	0.0
NAA40	517.6335	-1.9826	0.1622	0.0	0.0
NAA60	732.3292	-1.3765	0.1355	0.0	0.0
NABP1	931.4566	2.1255	0.1269	0.0	0.0
NACC2	1138.3024	-2.6431	0.1216	0.0	0.0
NADK2	284.7029	-1.2198	0.2054	0.0	0.0
NAIF1	931.1355	1.4041	0.1271	0.0	0.0
NAIP	60.0251	-2.1976	0.4681	0.0	0.0
NAP1L2	93.7896	1.0081	0.3651	0.0027	0.0056
NAP1L3	207.3963	1.1597	0.2275	0.0	0.0
NAPB	52.2175	-1.4739	0.4549	0.0002	0.0005
NAPEPLD	178.8847	-1.0958	0.2481	0.0	0.0
NARFL	346.1203	-1.9885	0.1989	0.0	0.0
NAT16	13.6023	1.5571	0.798	0.0047	0.0095
NAT6	96.8256	-1.2777	0.348	0.0001	0.0002
NAT8L	498.5093	-2.3812	0.1728	0.0	0.0
NAT9	427.7115	-1.2845	0.1692	0.0	0.0
NAV1	819.7333	-1.1435	0.1331	0.0	0.0
NAV2	83.3379	-1.3484	0.3591	0.0	0.0001
NAV3	104.7485	-1.7556	0.3396	0.0	0.0
NBPF1	235.9366	-1.72	0.2285	0.0	0.0
NBPF11	154.4625	-1.4197	0.2751	0.0	0.0
NBPF12	137.6561	-1.2247	0.2824	0.0	0.0
NBPF26	311.8778	-1.1058	0.1949	0.0	0.0
NBPF6	30.6824	-1.2256	0.5749	0.0089	0.0172
NCAM1	50.7055	1.0509	0.4343	0.0065	0.0129
NCAPH	749.3958	-1.7168	0.1363	0.0	0.0
NCBP2-AS2	1217.6549	2.1783	0.1133	0.0	0.0
NCK1	463.8591	1.0559	0.161	0.0	0.0
NCKAP5	50.9748	-1.0936	0.4626	0.0069	0.0136
NCKAP5L	748.5659	-2.4882	0.1647	0.0	0.0
NCOA1	241.7577	-1.192	0.221	0.0	0.0
NCOA2	203.1784	-2.8765	0.2907	0.0	0.0
NCOA3	461.9916	-1.4349	0.1635	0.0	0.0
NCOA5	909.0085	-2.7009	0.1341	0.0	0.0
NCOA6	592.6672	-1.6735	0.1521	0.0	0.0
NCR3LG1	113.1951	-1.0646	0.3366	0.0007	0.0016
NCSTN	2529.8836	1.0411	0.0847	0.0	0.0
NDC80	341.9129	-1.4264	0.1903	0.0	0.0
NDEL1	369.0982	-3.5308	0.2315	0.0	0.0
NDN	596.0736	1.2023	0.1427	0.0	0.0
NDOR1	824.2823	-1.3482	0.1284	0.0	0.0
NDST2	133.0962	-2.3469	0.3367	0.0	0.0
NDUFA10	1252.4426	1.1902	0.1051	0.0	0.0
NDUFA13	3504.9575	1.0032	0.0905	0.0	0.0
NDUFA4	2932.9271	1.1155	0.0792	0.0	0.0
NDUFA5	1069.5097	1.0096	0.1192	0.0	0.0
NDUFA6-AS1	13.0789	-1.232	0.8404	0.0233	0.0421
NDUFAB1	3203.5655	1.0575	0.0771	0.0	0.0
NDUFAF4P1	6.1272	1.2033	1.0379	0.0218	0.0396
NDUFB11	2397.3588	1.0861	0.0873	0.0	0.0
NDUFB2-AS1	28.8187	1.0614	0.5435	0.0189	0.0348
NDUFB3	699.3296	1.3563	0.1327	0.0	0.0
NDUFB5	1067.2051	1.0573	0.1199	0.0	0.0
NDUFS5	2919.0543	1.2784	0.0804	0.0	0.0
NDUFV3	219.7745	-1.6525	0.241	0.0	0.0
NEAT1	2019.2822	1.3408	0.0908	0.0	0.0
NECAB1	32.7084	-1.1532	0.5358	0.0101	0.0194
NECAP1	558.8614	-1.23	0.1492	0.0	0.0
NEDD9	831.4068	1.8196	0.1252	0.0	0.0
NEGR1	860.8688	1.0555	0.1435	0.0	0.0
NEIL3	127.5283	-2.2945	0.3288	0.0	0.0
NEK6	414.9663	-1.8261	0.1787	0.0	0.0
NELFA	517.8107	-2.7304	0.1769	0.0	0.0
NEU3	109.8001	-1.7048	0.3265	0.0	0.0
NEURL1B	3.5993	-1.0489	1.1321	0.0236	0.0427
NEURL4	613.4365	-1.6874	0.1459	0.0	0.0
NEXN-AS1	46.5138	2.1312	0.5154	0.0	0.0
NFAT5	721.3731	-1.0371	0.1435	0.0	0.0
NFATC1	30.4363	-1.0983	0.5568	0.0168	0.031
NFATC2	142.3837	-1.3957	0.2887	0.0	0.0
NFE2	22.322	-1.482	0.6647	0.0036	0.0074
NFE2L3	1389.4393	1.3852	0.1009	0.0	0.0
NFIA	61.5898	-1.1939	0.4109	0.0012	0.0027
NFIC	1707.2641	-1.3274	0.101	0.0	0.0
NFKB1	1364.0017	-1.2363	0.1032	0.0	0.0
NFKBID	27.8248	-1.2791	0.5803	0.0067	0.0131
NFKBIE	160.9207	-1.8981	0.2851	0.0	0.0
NFKBIZ	332.0458	1.2045	0.1878	0.0	0.0
NFRKB	624.4622	-2.0007	0.1497	0.0	0.0
NFX1	602.0377	-2.7902	0.164	0.0	0.0
NFXL1	240.7458	-1.8655	0.2285	0.0	0.0
NFYC-AS1	60.6258	2.4451	0.4764	0.0	0.0
NGDN	365.8608	-3.0284	0.2122	0.0	0.0
NHLH2	10.9071	1.2179	0.8139	0.0241	0.0434
NHSL1	417.8773	-2.0438	0.1787	0.0	0.0
NID1	2811.5336	1.0486	0.0779	0.0	0.0
NID2	93.98	1.3344	0.3392	0.0	0.0001
NIF3L1	286.0551	-1.2929	0.2027	0.0	0.0
NIFK	686.8186	-1.3502	0.1407	0.0	0.0
NIFK-AS1	179.2877	2.2726	0.2663	0.0	0.0
NIPA1	467.9174	-1.8304	0.167	0.0	0.0
NIPAL1	30.4034	-1.857	0.62	0.0002	0.0004
NIPBL	509.5069	-1.8069	0.1723	0.0	0.0
NISCH	674.8465	-1.0763	0.1365	0.0	0.0
NKAIN1	25.2565	1.1344	0.574	0.0153	0.0285
NKTR	672.125	-1.4122	0.1413	0.0	0.0
NLK	381.7668	-1.559	0.1889	0.0	0.0
NLRC5	115.1812	-1.2656	0.3113	0.0	0.0
NME2	15738.9052	1.0912	0.0603	0.0	0.0
NME6	170.1967	-1.6439	0.261	0.0	0.0
NMNAT1	98.6377	-1.4765	0.3552	0.0	0.0
NNT-AS1	128.4215	-2.348	0.3253	0.0	0.0
NOB1	1255.123	-1.5328	0.1198	0.0	0.0
NOC3L	742.2521	-2.2504	0.1426	0.0	0.0
NOD1	91.6796	-1.5597	0.3497	0.0	0.0
NOG	193.9188	2.3484	0.2591	0.0	0.0
NOL9	748.0054	-1.3914	0.1352	0.0	0.0
NOM1	1653.2821	1.5742	0.1175	0.0	0.0
NOMO1	8200.072	1.1654	0.0602	0.0	0.0
NOMO2	6076.2347	1.1152	0.0674	0.0	0.0
NOMO3	4018.209	1.1589	0.0766	0.0	0.0
NOP14-AS1	380.2208	2.3408	0.1849	0.0	0.0
NOP16	975.495	-1.8097	0.1205	0.0	0.0
NOP2	2077.7854	-1.6064	0.1046	0.0	0.0
NOS1AP	59.9459	-1.0803	0.4075	0.0033	0.0068
NOTCH1	1538.8082	-1.3284	0.1093	0.0	0.0
NOTCH3	195.019	-1.3214	0.2422	0.0	0.0
NOX4	54.083	-1.3165	0.4295	0.0006	0.0013
NPAT	229.5465	-1.2786	0.2329	0.0	0.0
NPC2	1436.4576	1.127	0.1039	0.0	0.0
NPIPA2	40.2242	-1.6853	0.5303	0.0002	0.0004
NPIPA3	9.9645	2.8831	1.7012	0.0001	0.0002
NPIPA5	89.3791	-1.1714	0.4323	0.0023	0.0049
NPIPB15	9.2222	-1.3262	0.9557	0.016	0.0297
NPIPB4	36.3777	-1.5872	0.5409	0.0004	0.001
NR0B1	18.5501	-1.1866	0.671	0.0194	0.0355
NR1D1	811.2199	2.1413	0.1298	0.0	0.0
NR1D2	591.3406	-1.5923	0.1503	0.0	0.0
NR2C2	505.4708	-2.4225	0.1693	0.0	0.0
NR2C2AP	296.6177	-2.0995	0.2115	0.0	0.0
NR2F2	3405.1048	1.502	0.0777	0.0	0.0
NR2F6	2129.8724	-1.4644	0.0945	0.0	0.0
NR4A2	139.4876	1.9511	0.3035	0.0	0.0
NR4A3	47.7854	1.7178	0.4861	0.0	0.0001
NR6A1	35.523	-1.5489	0.5513	0.0007	0.0016
NRBF2	453.8683	1.2115	0.1619	0.0	0.0
NRDE2	108.3389	-1.5915	0.3413	0.0	0.0
NRF1	245.9048	-1.7568	0.2271	0.0	0.0
NRG2	95.616	-1.5966	0.3478	0.0	0.0
NRROS	45.5738	-1.4194	0.476	0.0006	0.0014
NS3BP	66.942	1.5629	0.4014	0.0	0.0
NSUN4	404.4319	-1.7635	0.1824	0.0	0.0
NSUN5	542.1489	-1.9135	0.1791	0.0	0.0
NSUN5P1	57.4877	-1.1808	0.446	0.0027	0.0057
NSUN6	104.5545	-1.0718	0.3179	0.0003	0.0008
NT5E	2535.9779	1.0639	0.0916	0.0	0.0
NTN1	50.2647	1.2014	0.4417	0.0021	0.0045
NUAK1	230.9693	1.3893	0.2233	0.0	0.0
NUAK2	1236.7323	3.6963	0.1224	0.0	0.0
NUBPL	179.8151	1.0792	0.2515	0.0	0.0
NUCB2	380.688	1.0989	0.178	0.0	0.0
NUDT12	143.389	-2.1368	0.304	0.0	0.0
NUDT18	26.1137	-1.4224	0.6194	0.0037	0.0076
NUDT19	415.8806	-1.1743	0.1699	0.0	0.0
NUDT4	1763.1466	-1.0849	0.0937	0.0	0.0
NUDT4P2	30.2559	6.3745	2.1973	0.0	0.0
NUFIP1	213.456	-1.6762	0.2424	0.0	0.0
NUFIP2	5030.2986	1.4288	0.0732	0.0	0.0
NUMB	387.2689	-1.9319	0.1985	0.0	0.0
NUMBL	465.505	-1.7355	0.1685	0.0	0.0
NUP153	1137.2513	-2.0624	0.1159	0.0	0.0
NUP214	1428.4778	-1.5518	0.104	0.0	0.0
NUP54	399.7979	-1.3062	0.1753	0.0	0.0
NUPL1	1102.4718	-1.6172	0.1137	0.0	0.0
NUPL2	306.34	-1.227	0.2057	0.0	0.0
NUTM2A	34.3045	-1.6277	0.5778	0.0006	0.0013
NUTM2D	13.1143	-2.0048	1.106	0.0011	0.0024
NXF1	1109.419	-1.6017	0.1194	0.0	0.0
NXPE3	702.2313	-1.0641	0.1368	0.0	0.0
OAZ1	9450.4335	1.0059	0.0598	0.0	0.0
OBSCN	45.5631	-1.0357	0.4581	0.01	0.0192
ODF2L	129.6053	-1.0684	0.295	0.0001	0.0003
OFD1	217.6625	-1.1672	0.23	0.0	0.0
OGFOD2	207.6445	-1.147	0.2441	0.0	0.0
OGFR	1321.1673	-1.3445	0.1277	0.0	0.0
OLFML2A	168.8692	1.0655	0.2706	0.0	0.0001
OPA3	659.4204	-1.8786	0.1697	0.0	0.0
OPHN1	125.5261	-1.6333	0.3054	0.0	0.0
OPRD1	48.8162	-1.6817	0.4775	0.0001	0.0001
ORAI1	523.1572	-2.5022	0.1691	0.0	0.0
ORAI3	121.2801	-1.6701	0.32	0.0	0.0
ORAOV1	152.3984	-2.2344	0.3146	0.0	0.0
ORC2	350.8333	-1.2779	0.1876	0.0	0.0
ORC4	338.6187	-1.2103	0.1912	0.0	0.0
ORC5	353.0274	-1.2391	0.2014	0.0	0.0
ORC6	683.8247	-2.0387	0.1442	0.0	0.0
OS9	3256.0996	1.0391	0.0823	0.0	0.0
OSBP	1156.2403	-1.4239	0.1101	0.0	0.0
OSBPL2	408.2215	-1.0527	0.1696	0.0	0.0
OSBPL5	93.8616	-2.3257	0.3801	0.0	0.0
OSBPL6	124.74	-1.4535	0.3522	0.0	0.0
OSBPL7	106.0579	-2.0065	0.3474	0.0	0.0
OSER1	1501.8608	1.7226	0.1003	0.0	0.0
OSGIN1	100.269	-2.6264	1.1164	0.0001	0.0002
OSGIN2	389.6722	-1.1469	0.1825	0.0	0.0
OTUB2	129.9109	-1.7067	0.3089	0.0	0.0
OTUD7B	572.9123	-2.6716	0.1637	0.0	0.0
OTX1	18.1182	-1.5388	0.752	0.0043	0.0087
OVCA2	1231.6325	1.1266	0.1151	0.0	0.0
OVGP1	52.7524	1.7815	0.4573	0.0	0.0
OXCT1	1375.075	1.0213	0.1099	0.0	0.0
OXGR1	8.1497	-2.0839	1.4039	0.0006	0.0014
P2RX5-TAX1BP3	649.1833	1.3695	0.137	0.0	0.0
P2RY1	50.2072	-1.4158	0.4782	0.0006	0.0015
PAFAH1B1	2031.4375	-1.3865	0.0912	0.0	0.0
PAFAH2	231.3269	-1.4408	0.2273	0.0	0.0
PAG1	163.6804	-3.0076	0.32	0.0	0.0
PAGE1	116.0132	1.5605	0.3048	0.0	0.0
PAGE2	643.3334	1.0581	0.1375	0.0	0.0
PAGE5	2893.9608	1.1472	0.0785	0.0	0.0
PALM3	40.517	-1.3955	0.5016	0.0012	0.0025
PAM	1746.6012	1.1651	0.0985	0.0	0.0
PAN3	286.9994	-1.5198	0.2098	0.0	0.0
PAN3-AS1	21.5525	1.8106	0.6892	0.0005	0.0012
PANK2	1349.0287	1.5424	0.1099	0.0	0.0
PANK3	404.0853	-1.748	0.1794	0.0	0.0
PAPD4	326.8066	-1.8699	0.2029	0.0	0.0
PAPD5	392.9309	-1.6431	0.1799	0.0	0.0
PAPD7	666.4844	-2.9434	0.1587	0.0	0.0
PAPLN	34.473	-1.5205	0.5551	0.0009	0.0021
PAPOLG	175.3299	-1.7413	0.2807	0.0	0.0
PAQR4	796.6628	-1.3952	0.1363	0.0	0.0
PAQR6	47.2899	-2.4475	0.5897	0.0	0.0
PAQR7	289.8103	-3.9999	0.273	0.0	0.0
PAQR8	65.8936	-1.4123	0.4024	0.0001	0.0003
PARG	413.9848	-1.0678	0.1726	0.0	0.0
PARK7	6379.9804	1.0199	0.064	0.0	0.0
PARP11	52.6293	-1.1958	0.4352	0.002	0.0042
PARP16	87.747	-2.4967	0.4112	0.0	0.0
PARP2	329.4484	-1.3899	0.192	0.0	0.0
PARP8	259.9592	-1.0006	0.2105	0.0	0.0
PAWR	2180.3967	1.0135	0.0857	0.0	0.0
PAXBP1-AS1	48.65	1.3097	0.4456	0.0009	0.002
PBX2	646.9961	-1.1503	0.1414	0.0	0.0
PBX3	204.5844	-1.7172	0.243	0.0	0.0
PCBD2	84.7412	-1.0526	0.3543	0.0013	0.0029
PCBP1	20083.0339	1.7048	0.0561	0.0	0.0
PCED1B	33.2451	-1.272	0.5713	0.0065	0.0127
PCF11	387.7249	-1.7323	0.1802	0.0	0.0
PCGF1	204.4288	-2.6882	0.257	0.0	0.0
PCGF2	813.7597	-1.0375	0.1254	0.0	0.0
PCGF6	275.5483	-1.0219	0.2035	0.0	0.0
PCIF1	367.0557	-1.1748	0.1803	0.0	0.0
PCMTD2	337.6008	-1.2201	0.1962	0.0	0.0
PCNXL2	486.1805	1.0031	0.1544	0.0	0.0
PCOLCE	1694.4186	1.0096	0.1095	0.0	0.0
PCOLCE-AS1	4.4864	1.4433	1.2588	0.0049	0.0098
PCTP	150.3552	-1.0336	0.27	0.0001	0.0002
PDCD1LG2	20.9834	-2.1794	0.8328	0.0002	0.0004
PDCD2L	236.8735	-1.1256	0.2178	0.0	0.0
PDCD7	773.1437	-1.487	0.1333	0.0	0.0
PDDC1	370.3118	-1.0451	0.1799	0.0	0.0
PDE3A	63.7565	-1.0893	0.4022	0.0027	0.0057
PDE4A	404.3393	-1.5696	0.1754	0.0	0.0
PDE4D	1441.1734	2.3414	0.1086	0.0	0.0
PDE7A	130.6109	-2.4883	0.3302	0.0	0.0
PDGFA	116.1743	-1.2823	0.3225	0.0	0.0001
PDGFB	42.9356	1.5129	0.5001	0.0004	0.001
PDHX	631.1067	-1.2658	0.1443	0.0	0.0
PDIA3	11064.5544	1.1567	0.0656	0.0	0.0
PDIA4	8041.5039	1.0737	0.0604	0.0	0.0
PDIA6	9996.9669	1.1249	0.0627	0.0	0.0
PDP1	2879.1243	1.3946	0.0857	0.0	0.0
PDPK1	1074.8468	-1.0586	0.1181	0.0	0.0
PDRG1	413.8257	-1.439	0.1856	0.0	0.0
PDS5B	452.1094	-1.242	0.1635	0.0	0.0
PDXDC2P	19.7314	-1.6838	0.7366	0.0017	0.0037
PDZD11	951.2896	1.0188	0.1164	0.0	0.0
PDZD2	209.2007	-2.0142	0.2507	0.0	0.0
PDZD8	1448.5928	1.1074	0.1029	0.0	0.0
PEAK1	435.8484	-1.0631	0.1662	0.0	0.0
PEAR1	72.4609	-1.3584	0.3875	0.0001	0.0003
PELI3	135.2376	-1.1553	0.2842	0.0	0.0001
PELO	3098.6068	1.8262	0.0771	0.0	0.0
PER1	223.0895	-2.3174	0.2468	0.0	0.0
PER2	43.4726	-1.7739	0.5465	0.0001	0.0002
PER3	25.6043	-1.0907	0.582	0.0207	0.0377
PERP	3162.7209	1.1662	0.0821	0.0	0.0
PEX11A	44.9778	-2.9965	0.6477	0.0	0.0
PEX11B	188.3733	-3.5626	0.3165	0.0	0.0
PEX12	667.1373	2.1036	0.1424	0.0	0.0
PEX14	293.1514	-2.1379	0.2134	0.0	0.0
PEX5	545.1688	-1.447	0.1537	0.0	0.0
PEX5L	11.5284	-1.2736	0.8498	0.0197	0.036
PFDN2	4444.9781	1.0438	0.0755	0.0	0.0
PFDN5	3086.3437	1.1115	0.0768	0.0	0.0
PFKFB4	540.2543	-2.6216	0.1699	0.0	0.0
PGBD1	90.9364	-1.6633	0.3809	0.0	0.0
PGBD4	100.8435	1.0661	0.3179	0.0004	0.0008
PGF	90.8701	-2.2316	0.3856	0.0	0.0
PGK1	21690.5966	1.0716	0.0562	0.0	0.0
PGP	1681.9949	1.1228	0.1126	0.0	0.0
PGPEP1	455.0643	-1.4187	0.1645	0.0	0.0
PGS1	367.3309	-1.1295	0.178	0.0	0.0
PHACTR2	110.6772	-1.7051	0.3304	0.0	0.0
PHACTR4	524.1489	-1.8948	0.163	0.0	0.0
PHAX	1758.5251	1.0824	0.0957	0.0	0.0
PHC2	3294.6693	-1.9173	0.0782	0.0	0.0
PHF12	457.2921	-1.6653	0.1725	0.0	0.0
PHF13	977.6101	1.1324	0.1176	0.0	0.0
PHF2	490.3251	-2.0056	0.173	0.0	0.0
PHF21A	175.4481	-2.1995	0.2801	0.0	0.0
PHF23	2162.73	1.156	0.0897	0.0	0.0
PHIP	504.3468	-1.1459	0.1705	0.0	0.0
PHKG1	160.9076	1.1159	0.2646	0.0	0.0
PHLDA1	18191.2075	1.3575	0.0554	0.0	0.0
PHLDB1	1496.0394	-1.2454	0.1031	0.0	0.0
PHLDB2	1357.8839	-1.4983	0.1046	0.0	0.0
PHLPP1	259.5476	-1.2034	0.21	0.0	0.0
PHLPP2	266.6395	-2.1781	0.2347	0.0	0.0
PHRF1	1189.2212	-2.0956	0.1149	0.0	0.0
PHYKPL	275.7616	1.338	0.2094	0.0	0.0
PI4K2A	982.1167	-1.3839	0.1186	0.0	0.0
PI4KB	1210.5251	-1.9172	0.1178	0.0	0.0
PIAS1	319.5142	-3.147	0.2288	0.0	0.0
PIAS4	184.6195	-3.0374	0.2962	0.0	0.0
PIF1	135.7331	-2.7343	0.3366	0.0	0.0
PIGC	300.3885	-1.1125	0.1956	0.0	0.0
PIGF	312.3535	1.2118	0.1965	0.0	0.0
PIGK	923.9987	1.0838	0.1278	0.0	0.0
PIGM	1179.3718	1.7176	0.1168	0.0	0.0
PIGN	374.0265	1.1391	0.175	0.0	0.0
PIGT	3058.7507	1.0428	0.0765	0.0	0.0
PIGW	1360.9903	2.2415	0.1162	0.0	0.0
PIK3C2B	79.5818	-2.1591	0.4307	0.0	0.0
PIK3R3	158.4451	-1.3309	0.2657	0.0	0.0
PIKFYVE	395.8771	-1.5238	0.1797	0.0	0.0
PIM2	279.1104	-2.2749	0.2292	0.0	0.0
PIM3	1158.931	-1.3192	0.116	0.0	0.0
PINK1-AS	209.2406	1.0379	0.2327	0.0	0.0
PIP4K2A	280.3204	-1.2373	0.2035	0.0	0.0
PIP4K2B	1278.1663	-1.3938	0.1074	0.0	0.0
PIP5K1A	2021.5066	-1.4116	0.0939	0.0	0.0
PISD	456.1966	-2.4631	0.1788	0.0	0.0
PITHD1	473.5198	-2.195	0.1775	0.0	0.0
PITPNA-AS1	93.2308	-1.6317	0.3597	0.0	0.0
PITPNB	868.7917	-2.2606	0.1346	0.0	0.0
PITPNM2	339.2594	-2.0707	0.2139	0.0	0.0
PITX1	17.6203	-1.175	0.6873	0.0219	0.0397
PITX2	63.5801	-1.2108	0.4107	0.0011	0.0023
PKD1	1145.3889	-1.3928	0.1139	0.0	0.0
PKD1P1	968.1061	-1.5892	0.1218	0.0	0.0
PKDCC	12.3995	-2.8765	1.6268	0.0001	0.0002
PKNOX1	239.5804	-2.0962	0.2363	0.0	0.0
PKNOX2	22.1865	-2.2036	0.8616	0.0002	0.0005
PKP4	457.1317	-1.0906	0.1621	0.0	0.0
PLA2G4B	27.6963	-4.9221	2.0768	0.0	0.0
PLAC4	4.7343	1.0715	1.098	0.0265	0.0472
PLAG1	99.1131	-1.0993	0.3245	0.0003	0.0007
PLAGL1	33.8524	-1.2507	0.5753	0.0077	0.0149
PLAGL2	544.2942	-1.262	0.1505	0.0	0.0
PLAUR	2250.9223	1.0786	0.0849	0.0	0.0
PLCXD1	434.0771	-1.6278	0.1709	0.0	0.0
PLCXD2	233.8403	2.4854	0.2401	0.0	0.0
PLD6	489.4995	1.3189	0.1604	0.0	0.0
PLEKHA1	282.2733	-1.142	0.217	0.0	0.0
PLEKHA2	219.5363	-2.3463	0.254	0.0	0.0
PLEKHA5	469.0934	-1.2107	0.1651	0.0	0.0
PLEKHA7	74.181	-2.4602	0.4436	0.0	0.0
PLEKHA8P1	47.8827	-1.8093	0.4981	0.0	0.0001
PLEKHG1	19.1732	-1.9844	0.8235	0.0005	0.0012
PLEKHG2	422.2444	-1.3294	0.1751	0.0	0.0
PLEKHG3	185.0275	-1.6779	0.2559	0.0	0.0
PLEKHH1	92.6034	-1.7032	0.352	0.0	0.0
PLEKHH3	227.5401	-1.9306	0.2384	0.0	0.0
PLEKHJ1	279.5619	-2.6714	0.2368	0.0	0.0
PLEKHM1	390.385	-1.5062	0.1869	0.0	0.0
PLEKHN1	39.2727	-1.3214	0.5169	0.0026	0.0053
PLEKHO1	147.6653	-1.9464	0.2959	0.0	0.0
PLIN2	3267.9093	-1.4412	0.0763	0.0	0.0
PLK1S1	64.5473	-1.2861	0.4267	0.0007	0.0016
PLK2	14553.4155	3.3668	0.0651	0.0	0.0
PLK3	313.4139	-2.2054	0.2172	0.0	0.0
PLOD2	1842.4026	1.0031	0.0978	0.0	0.0
PLP2	4044.3395	1.0362	0.071	0.0	0.0
PLTP	1380.6672	1.0767	0.1046	0.0	0.0
PMAIP1	1994.2478	1.8538	0.0924	0.0	0.0
PML	1102.3748	-1.6731	0.1166	0.0	0.0
PMS2	230.5339	-1.4685	0.2335	0.0	0.0
PMS2P3	40.2252	-1.3985	0.5493	0.0022	0.0046
PNISR	512.6944	-2.8637	0.1759	0.0	0.0
PNN	1279.9586	-1.6694	0.1077	0.0	0.0
PNPLA3	43.5429	-1.9874	0.5405	0.0	0.0
POC1B-GALNT4	61.2284	-1.4706	1.167	0.0064	0.0126
POC5	219.4207	-1.4729	0.2385	0.0	0.0
POLDIP3	1329.8495	-1.6896	0.1105	0.0	0.0
POLH	484.8511	-1.8717	0.1749	0.0	0.0
POLK	192.5057	-1.2066	0.2419	0.0	0.0
POLL	350.588	-1.0132	0.1827	0.0	0.0
POLM	266.6887	-1.1241	0.2075	0.0	0.0
POLR1C	362.188	-2.6792	0.2114	0.0	0.0
POLR2D	738.3177	-1.2966	0.1455	0.0	0.0
POLR2K	1610.5258	1.2079	0.0964	0.0	0.0
POLR2L	2535.8655	1.1514	0.0839	0.0	0.0
POLR3A	884.4313	-1.4197	0.1299	0.0	0.0
POLR3B	373.0738	-1.51	0.1812	0.0	0.0
POLR3E	992.3792	-1.9305	0.1213	0.0	0.0
POLR3F	265.7127	-1.1269	0.2094	0.0	0.0
POM121	2751.8907	-1.0708	0.0829	0.0	0.0
POM121C	2254.1988	-1.0414	0.0881	0.0	0.0
POMK	239.2203	1.2453	0.2143	0.0	0.0
POP1	736.6114	-1.529	0.1336	0.0	0.0
POU2F1	473.0221	-1.7888	0.1743	0.0	0.0
POU3F2	1275.957	2.3502	0.1154	0.0	0.0
PP13	31.778	-1.4185	0.5675	0.0023	0.0049
PPA2	648.4338	1.0536	0.1499	0.0	0.0
PPAN	1261.8888	-1.065	0.1155	0.0	0.0
PPAN-P2RY11	51.01	-2.0992	0.563	0.0	0.0
PPAP2B	651.9719	1.7286	0.1402	0.0	0.0
PPAPDC2	524.4748	1.3852	0.1509	0.0	0.0
PPARD	284.1012	-1.9648	0.2171	0.0	0.0
PPARG	669.5863	-1.3199	0.1388	0.0	0.0
PPAT	695.6083	-1.4448	0.1396	0.0	0.0
PPCDC	84.334	-2.6147	0.4257	0.0	0.0
PPFIA1	1075.8366	-1.3838	0.1137	0.0	0.0
PPFIA3	107.7083	-1.2181	0.3376	0.0001	0.0003
PPFIA4	27.8171	-1.1964	0.6072	0.0133	0.025
PPIA	38026.3801	1.0583	0.0516	0.0	0.0
PPIB	10740.7089	1.1071	0.058	0.0	0.0
PPIC	569.2334	1.0977	0.147	0.0	0.0
PPIG	291.132	-1.2242	0.2055	0.0	0.0
PPIH	1240.6158	1.0111	0.1065	0.0	0.0
PPM1B	295.5616	-1.8925	0.2191	0.0	0.0
PPM1D	912.5416	1.0108	0.1218	0.0	0.0
PPM1H	36.4091	-1.5897	0.5452	0.0005	0.0011
PPM1K	126.7745	-1.6217	0.3167	0.0	0.0
PPP1R12A	924.8462	-2.0199	0.1294	0.0	0.0
PPP1R13B	125.9198	-1.9967	0.3272	0.0	0.0
PPP1R15A	3166.1112	1.6968	0.0848	0.0	0.0
PPP1R15B	4653.2638	1.7545	0.071	0.0	0.0
PPP1R18	3326.1645	1.2672	0.083	0.0	0.0
PPP1R26-AS1	13.224	-1.4258	0.8199	0.0095	0.0183
PPP1R37	356.7661	-1.5435	0.1975	0.0	0.0
PPP1R8	860.4576	-2.3831	0.1333	0.0	0.0
PPP1R9B	2015.8314	-1.0862	0.0934	0.0	0.0
PPP2CA	6610.4477	1.246	0.0636	0.0	0.0
PPP2R2D	317.9051	-1.0533	0.1937	0.0	0.0
PPP2R3A	434.1196	-1.0868	0.1667	0.0	0.0
PPP2R5B	199.9291	-1.084	0.2596	0.0	0.0
PPP3R1	889.6147	-1.534	0.1232	0.0	0.0
PPP6R3	1314.4123	-1.1338	0.1135	0.0	0.0
PPRC1	1347.6989	-2.5301	0.1127	0.0	0.0
PQLC2	273.8524	-1.8375	0.2304	0.0	0.0
PRDM1	1785.3935	3.8025	0.1079	0.0	0.0
PRDM2	375.7754	-3.509	0.227	0.0	0.0
PRDX1	18588.2881	1.1627	0.0574	0.0	0.0
PRDX2	6029.3872	1.1445	0.0731	0.0	0.0
PRDX3	5415.4778	1.0629	0.0727	0.0	0.0
PRDX4	2143.6585	1.2098	0.0868	0.0	0.0
PRICKLE1	321.8298	1.123	0.1885	0.0	0.0
PRICKLE3	124.9327	-2.2132	0.3245	0.0	0.0
PRKAB1	397.7289	-1.3557	0.1764	0.0	0.0
PRKAB2	237.1809	-2.6807	0.2495	0.0	0.0
PRKAG2	185.1688	-1.5006	0.2684	0.0	0.0
PRKAR2A-AS1	15.4046	-1.1478	0.7235	0.0278	0.0495
PRKCD	833.2707	-1.5454	0.135	0.0	0.0
PRKCQ	64.5052	-1.2425	0.3987	0.0006	0.0013
PRKD2	616.0793	-1.7767	0.153	0.0	0.0
PRKD3	823.3202	-1.1319	0.1291	0.0	0.0
PRKRIP1	296.3077	-1.329	0.2102	0.0	0.0
PRKRIR	2072.4235	1.1114	0.0938	0.0	0.0
PRMT6	2243.1623	1.6045	0.0927	0.0	0.0
PRMT9	83.4434	-1.8994	0.3807	0.0	0.0
PROS1	378.1052	1.3774	0.1768	0.0	0.0
PROSER1	466.3725	-2.8376	0.1943	0.0	0.0
PROSER2	649.6831	1.9275	0.1491	0.0	0.0
PRPF18	485.6282	1.064	0.1572	0.0	0.0
PRR12	1048.9353	-2.4598	0.1313	0.0	0.0
PRR14L	494.1466	-1.3429	0.1585	0.0	0.0
PRR16	167.3562	1.5932	0.2568	0.0	0.0
PRR19	29.6035	-1.3436	0.5749	0.0042	0.0085
PRR3	737.7048	1.2794	0.1375	0.0	0.0
PRR5	80.5274	-1.1414	0.3604	0.0006	0.0013
PRRC2C	3979.479	-1.3696	0.073	0.0	0.0
PRRG1	186.3072	-1.4807	0.2549	0.0	0.0
PRRG4	29.2326	-2.035	0.6911	0.0001	0.0003
PRRX1	273.4833	-1.4663	0.2122	0.0	0.0
PRTG	323.5367	1.5036	0.1872	0.0	0.0
PRUNE	271.6912	-1.3343	0.2134	0.0	0.0
PSAP	13520.465	1.0792	0.0562	0.0	0.0
PSD4	28.1879	-1.9066	0.6525	0.0002	0.0004
PSEN1	371.1427	-1.5734	0.1846	0.0	0.0
PSMC3IP	458.4798	-1.2975	0.1679	0.0	0.0
PSME1	1590.9183	1.0473	0.0958	0.0	0.0
PSRC1	314.7542	-1.6135	0.2035	0.0	0.0
PSTK	49.1146	-1.1281	0.445	0.0041	0.0084
PTAR1	552.192	-1.7184	0.1614	0.0	0.0
PTCH1	159.5643	-2.5459	0.2981	0.0	0.0
PTGFR	15.5962	-1.6276	0.8395	0.0038	0.0077
PTGS2	168.4164	2.0461	0.271	0.0	0.0
PTHLH	580.8609	1.2808	0.145	0.0	0.0
PTMA	26228.6413	1.0007	0.0531	0.0	0.0
PTN	76.9511	1.1369	0.3651	0.0007	0.0016
PTP4A1	7046.2417	1.1965	0.0828	0.0	0.0
PTPDC1	89.0021	-1.1769	0.3451	0.0002	0.0006
PTPN1	1508.0407	-1.5682	0.1043	0.0	0.0
PTPN12	1539.1006	-1.3601	0.0993	0.0	0.0
PTPN21	139.6158	-2.3254	0.3126	0.0	0.0
PTPN3	269.0538	-2.9729	0.2568	0.0	0.0
PTPN4	96.3716	-1.274	0.3375	0.0001	0.0001
PTPN9	772.1366	-1.1641	0.1313	0.0	0.0
PTPRCAP	12.8333	-1.5285	0.8555	0.0063	0.0125
PTPRE	16.9975	-1.3549	0.7449	0.0109	0.0208
PTPRN	276.6371	1.2196	0.2097	0.0	0.0
PTRH2	970.9914	1.7013	0.1201	0.0	0.0
PTX3	1115.1508	1.0933	0.113	0.0	0.0
PUM2	1334.3004	-2.3887	0.1163	0.0	0.0
PURB	5097.0243	2.1678	0.0795	0.0	0.0
PUS1	661.4394	-2.1861	0.1473	0.0	0.0
PUS10	14.5113	-1.6605	0.8568	0.0034	0.0069
PVT1	79.8994	1.9365	0.3751	0.0	0.0
PXK	240.1405	-1.0911	0.2207	0.0	0.0
PXN-AS1	23.1484	-1.291	0.6523	0.0102	0.0195
PYCRL	621.9971	-1.0759	0.1467	0.0	0.0
PYGO2	919.1773	-2.4407	0.1309	0.0	0.0
PYURF	725.8442	1.1166	0.1328	0.0	0.0
QKI	1450.6968	-1.1752	0.1206	0.0	0.0
QPCT	137.8551	1.0416	0.3006	0.0002	0.0006
QRSL1	265.5393	-1.1838	0.2139	0.0	0.0
RAB11A	3107.3376	1.0232	0.079	0.0	0.0
RAB11FIP2	369.2445	-1.6022	0.1862	0.0	0.0
RAB11FIP5	719.9877	-1.1648	0.1399	0.0	0.0
RAB12	424.6363	-1.1309	0.1677	0.0	0.0
RAB14	1521.225	-1.4882	0.1001	0.0	0.0
RAB18	464.9533	-1.0522	0.1612	0.0	0.0
RAB20	966.4557	2.3216	0.143	0.0	0.0
RAB22A	538.5854	-1.759	0.1628	0.0	0.0
RAB23	182.9587	-3.0288	0.2913	0.0	0.0
RAB24	294.0611	-1.9351	0.212	0.0	0.0
RAB2B	134.1701	-1.9634	0.3058	0.0	0.0
RAB30	323.7368	2.0654	0.1955	0.0	0.0
RAB35	1136.305	-1.0284	0.1214	0.0	0.0
RAB36	138.0634	-1.7723	0.2954	0.0	0.0
RAB39B	20.5349	-1.26	0.6586	0.0125	0.0235
RAB3D	65.8408	-1.0844	0.3896	0.0022	0.0047
RAB3GAP2	788.4541	-1.2696	0.1316	0.0	0.0
RAB3IL1	146.5172	-1.7641	0.288	0.0	0.0
RAB40A	3.4327	-1.0081	1.1267	0.0271	0.0483
RAB40C	206.5634	-2.2427	0.2581	0.0	0.0
RAB43	269.5355	-1.3821	0.2229	0.0	0.0
RAB5B	1012.9255	-1.0975	0.1148	0.0	0.0
RAB7B	35.3736	-1.168	0.5227	0.0081	0.0158
RAB7L1	606.6775	-1.3699	0.1481	0.0	0.0
RACGAP1	1343.4763	-1.5163	0.1076	0.0	0.0
RAD1	652.2795	-1.0961	0.1443	0.0	0.0
RAD17	258.3205	-1.4098	0.2124	0.0	0.0
RAD18	489.9306	-1.3342	0.1582	0.0	0.0
RAD51	357.6604	-1.4158	0.1848	0.0	0.0
RAD51D	188.8821	-1.6353	0.2507	0.0	0.0
RAD51L3-RFFL	30.4264	-1.3032	1.112	0.0126	0.0238
RAD52	119.333	-1.383	0.3041	0.0	0.0
RAD54B	269.2919	-1.1539	0.2288	0.0	0.0
RAD54L	382.1573	-2.0574	0.1865	0.0	0.0
RAD54L2	437.9372	-1.1648	0.1721	0.0	0.0
RAD9A	219.4181	-1.9727	0.2441	0.0	0.0
RAE1	1051.5133	-1.2867	0.1163	0.0	0.0
RAI1	1453.9134	-1.77	0.1097	0.0	0.0
RALGAPA1P	32.7587	3.263	0.7436	0.0	0.0
RALGDS	425.6346	-1.8554	0.178	0.0	0.0
RALGPS2	565.8207	-1.1359	0.1494	0.0	0.0
RANBP10	380.4569	-1.5963	0.1802	0.0	0.0
RANBP2	1212.1158	-1.6635	0.1224	0.0	0.0
RANBP6	2044.105	1.7095	0.0974	0.0	0.0
RAP1GAP2	610.0917	-2.0965	0.163	0.0	0.0
RAP2B	1768.3236	1.8572	0.0959	0.0	0.0
RAP2C	562.0488	-1.1646	0.1505	0.0	0.0
RAPGEF2	359.0188	-1.7184	0.1909	0.0	0.0
RAPGEF3	50.2261	-1.1225	0.4583	0.0053	0.0105
RAPGEF5	44.8974	-1.961	0.5493	0.0	0.0001
RAPGEF6	335.9081	-1.3797	0.1935	0.0	0.0
RAPGEFL1	51.6799	-1.6433	0.4774	0.0001	0.0002
RARA	595.0431	-1.1958	0.1463	0.0	0.0
RASA1	757.8684	-1.8568	0.1353	0.0	0.0
RASA2	183.7021	-1.1901	0.2566	0.0	0.0
RASA3	873.9467	-1.0929	0.1239	0.0	0.0
RASAL2-AS1	93.3236	2.1326	0.3547	0.0	0.0
RASEF	27.111	-1.0311	0.5762	0.0277	0.0493
RASGRF2	4.0878	-1.1768	1.1584	0.0148	0.0277
RASSF1	243.7357	-2.3492	0.2406	0.0	0.0
RASSF4	17.1979	-1.283	0.7069	0.0137	0.0257
RASSF5	72.4836	-1.5543	0.408	0.0	0.0001
RASSF7	125.6579	-2.8641	0.3734	0.0	0.0
RASSF8	1688.3937	-2.133	0.1015	0.0	0.0
RBAK	1207.1632	2.6152	0.1232	0.0	0.0
RBBP5	537.7648	-1.9491	0.1593	0.0	0.0
RBM12B	1657.2162	1.5839	0.0984	0.0	0.0
RBM12B-AS1	210.2357	5.6178	0.4191	0.0	0.0
RBM15	705.7905	1.1692	0.1335	0.0	0.0
RBM15B	5211.5896	1.4559	0.0692	0.0	0.0
RBM20	12.1823	-1.8608	1.2425	0.0016	0.0035
RBM23	868.4275	-1.543	0.1274	0.0	0.0
RBM25	1398.547	-1.0278	0.1063	0.0	0.0
RBM34	583.8582	-1.2226	0.1491	0.0	0.0
RBM38	390.0623	-2.0887	0.1888	0.0	0.0
RBM43	26.0261	-2.6031	0.8462	0.0	0.0
RBM48	334.719	1.0143	0.1888	0.0	0.0
RBM5	523.4752	-1.9865	0.1613	0.0	0.0
RBM7	1389.4409	1.7924	0.1113	0.0	0.0
RBMS1	415.3997	-2.4869	0.1967	0.0	0.0
RBMXL1	276.8842	-1.8691	0.2154	0.0	0.0
RBPJ	1124.0102	-1.3879	0.113	0.0	0.0
RBPMS2	53.5284	-1.161	0.4599	0.004	0.0081
RCAN1	2980.0342	1.3491	0.0798	0.0	0.0
RCAN3	133.2418	-1.1468	0.305	0.0001	0.0002
RCE1	274.3213	-1.749	0.2203	0.0	0.0
RCN2	3190.1535	1.1836	0.078	0.0	0.0
RCOR1	503.8765	-2.2693	0.1869	0.0	0.0
RCOR3	297.004	-1.6054	0.2116	0.0	0.0
RDH10	306.2551	-1.5076	0.1982	0.0	0.0
RDH13	125.4502	-2.5107	0.3372	0.0	0.0
RECQL5	253.452	-1.396	0.2448	0.0	0.0
RELA	1268.0442	-1.4689	0.1274	0.0	0.0
RELB	388.8437	-1.208	0.1828	0.0	0.0
RELL1	186.4205	-1.4439	0.2505	0.0	0.0
RELT	308.9047	-2.6212	0.2246	0.0	0.0
REPS1	412.3488	-1.4646	0.1782	0.0	0.0
RERE	1061.788	-1.6527	0.1371	0.0	0.0
REV3L	307.5909	-1.7007	0.211	0.0	0.0
REXO1	743.8393	-1.5046	0.1331	0.0	0.0
REXO4	1153.1001	-1.62	0.1173	0.0	0.0
RFC1	1001.7221	-1.4443	0.1212	0.0	0.0
RFC3	766.1853	-1.3259	0.13	0.0	0.0
RFC4	315.8483	-2.0483	0.204	0.0	0.0
RFESD	11.4014	-1.3409	0.9122	0.0153	0.0285
RFFL	318.6016	-2.457	0.2397	0.0	0.0
RFWD3	1563.9251	-2.2189	0.1026	0.0	0.0
RFX1	296.9472	-2.1805	0.2143	0.0	0.0
RFX3	85.4789	-1.0896	0.3682	0.0013	0.0028
RGAG1	22.815	-1.1768	0.6188	0.0159	0.0295
RGL1	164.9618	-1.5336	0.2658	0.0	0.0
RGL3	46.2986	-1.0212	0.4526	0.0104	0.0199
RGPD2	75.7651	-1.0738	0.3833	0.0021	0.0045
RGPD5	146.1004	-2.3026	0.3629	0.0	0.0
RGPD8	128.0392	-2.6063	0.3385	0.0	0.0
RGS12	181.1872	-2.0366	0.3236	0.0	0.0
RGS14	35.012	-2.3916	0.6476	0.0	0.0
RGS16	3397.4846	3.7319	0.0859	0.0	0.0
RGS2	1075.3717	2.6726	0.1206	0.0	0.0
RGS7	13.5823	-1.5741	0.8616	0.0052	0.0104
RHBDL1	37.3709	-1.3004	0.5176	0.003	0.0062
RHEBL1	24.8003	-2.9554	1.5103	0.0	0.0001
RHNO1	546.0227	-1.0168	0.1524	0.0	0.0
RHOA	12721.7455	1.1949	0.0628	0.0	0.0
RHOB	3087.9775	1.6659	0.0769	0.0	0.0
RHOBTB1	25.3203	-1.3302	0.6136	0.0063	0.0125
RHOU	16.0017	-1.1973	0.717	0.0217	0.0393
RHPN1	279.4664	-1.187	0.2025	0.0	0.0
RHPN2	294.9757	-2.2955	0.2167	0.0	0.0
RIC8B	311.6497	-1.5784	0.2245	0.0	0.0
RICTOR	315.5834	-1.5684	0.1998	0.0	0.0
RIF1	818.6094	-1.5435	0.1348	0.0	0.0
RILPL1	143.7203	-1.495	0.2929	0.0	0.0
RIMKLB	4203.0876	3.0604	0.0863	0.0	0.0
RIN1	768.7254	-1.7856	0.1365	0.0	0.0
RIOK1	482.9445	-1.3774	0.1611	0.0	0.0
RIPK1	335.1299	-2.6238	0.2179	0.0	0.0
RIPK4	753.6492	1.8374	0.1372	0.0	0.0
RLF	1174.2335	2.0308	0.1172	0.0	0.0
RLIM	2650.6022	1.609	0.0955	0.0	0.0
RLTPR	117.9332	-1.0573	0.3005	0.0002	0.0005
RMI1	257.8322	-2.0193	0.2234	0.0	0.0
RNA28S5	184314.7905	1.0788	0.0609	0.0	0.0
RNASEL	159.3015	-1.4712	0.2726	0.0	0.0
RNASET2	206.3174	1.207	0.23	0.0	0.0
RND3	3821.9218	3.3494	0.0954	0.0	0.0
RNF113A	562.3649	1.5165	0.1494	0.0	0.0
RNF114	1115.6058	-1.6324	0.1135	0.0	0.0
RNF125	186.7869	-2.34	0.2725	0.0	0.0
RNF135	232.9062	-2.0827	0.2398	0.0	0.0
RNF138	414.8583	-2.157	0.1836	0.0	0.0
RNF138P1	17.3676	3.0013	1.2575	0.0	0.0001
RNF139	902.5265	1.4463	0.1255	0.0	0.0
RNF144A	345.7453	-1.8439	0.2021	0.0	0.0
RNF146	111.0712	-2.8011	0.3744	0.0	0.0
RNF149	338.7657	-1.5347	0.193	0.0	0.0
RNF152	6.9197	-1.9911	1.4011	0.0008	0.0018
RNF165	7.2007	-1.3328	1.1329	0.0107	0.0205
RNF166	264.8775	-1.8884	0.2236	0.0	0.0
RNF169	840.7281	1.633	0.1242	0.0	0.0
RNF185	278.087	-1.3803	0.2076	0.0	0.0
RNF19A	228.1372	-2.1078	0.2436	0.0	0.0
RNF207	83.0085	-1.3927	0.3603	0.0	0.0001
RNF214	240.2775	-1.475	0.2249	0.0	0.0
RNF215	122.8023	-1.2367	0.2993	0.0	0.0
RNF216	717.8993	-1.5589	0.1472	0.0	0.0
RNF216P1	296.8285	-2.9282	0.2353	0.0	0.0
RNF217	281.2704	1.1309	0.2239	0.0	0.0
RNF219	1258.0986	1.7394	0.1109	0.0	0.0
RNF220	670.3562	-2.4758	0.1517	0.0	0.0
RNF24	204.333	-1.3992	0.2523	0.0	0.0
RNF25	409.6578	-1.4246	0.1785	0.0	0.0
RNF26	3178.5719	1.2353	0.0787	0.0	0.0
RNF31	449.4045	-1.7618	0.1696	0.0	0.0
RNF34	501.7247	-3.3713	0.1923	0.0	0.0
RNF38	260.9854	-1.1495	0.2101	0.0	0.0
RNF4	725.0637	-1.7922	0.1415	0.0	0.0
RNF44	516.6821	-1.1667	0.1553	0.0	0.0
RNF8	232.0045	-1.4934	0.228	0.0	0.0
RNMT	615.4387	-1.7198	0.1524	0.0	0.0
RNR1	6940.1444	1.4488	0.1886	0.0	0.0
RNR2	12160.112	1.7362	0.064	0.0	0.0
RORB	39.958	-1.0387	0.4808	0.0126	0.0238
RP11-103C16.2	4.8501	1.565	1.2917	0.0032	0.0066
RP11-127L20.3	3.3284	1.1223	1.172	0.0157	0.0293
RP11-132A1.4	284.226	1.9724	0.2085	0.0	0.0
RP11-133O22.6	6.3355	1.3673	1.1591	0.0088	0.0171
RP11-14N7.2	271.022	1.3221	0.2569	0.0	0.0
RP11-191L9.4	9.6667	-1.4533	0.8913	0.0094	0.0181
RP11-242D8.1	22.889	-1.3333	0.646	0.0077	0.015
RP11-290F20.2	3.8215	-1.1092	1.1442	0.0189	0.0348
RP11-342C23.4	50.6932	-1.2016	0.4446	0.0022	0.0047
RP11-344E13.3	174.1297	-1.425	0.2669	0.0	0.0
RP11-395P17.3	27.6598	-1.2697	0.5869	0.0075	0.0146
RP11-41O4.2	55.5445	1.3468	0.4229	0.0004	0.0009
RP11-426A6.5	59.9189	4.3018	0.6192	0.0	0.0
RP11-438N16.1	119.5853	-2.8057	0.3623	0.0	0.0
RP11-466F5.8	23.3921	1.6605	0.643	0.001	0.0021
RP11-473M20.14	18.5678	-1.3768	0.6993	0.0081	0.0157
RP11-536C5.7	44.3621	3.4201	0.6262	0.0	0.0
RP11-54O15.3	4.311	1.4192	1.2495	0.0054	0.0107
RP11-685M7.3	18.2046	2.9675	1.1098	0.0	0.0
RP11-793H13.3	42.1573	-2.8278	0.6577	0.0	0.0
RP4-669L17.10-2	150.579	-1.2656	0.2886	0.0	0.0
RP4-724E16.2	73.5818	5.4593	0.8059	0.0	0.0
RP5-1033H22.2	7.0984	2.1822	1.4837	0.0004	0.001
RP5-1142A6.2	45.5702	2.7094	0.5674	0.0	0.0
RPA2	1014.0881	-1.2021	0.1177	0.0	0.0
RPAP2	123.4923	-1.0303	0.2944	0.0002	0.0005
RPL12	18783.5707	1.056	0.054	0.0	0.0
RPL14	19623.0599	1.1899	0.0595	0.0	0.0
RPL15	35952.8513	1.265	0.0531	0.0	0.0
RPL17-C18orf32	32.4736	1.6996	0.6198	0.0006	0.0013
RPL18A	33501.1339	1.1544	0.0561	0.0	0.0
RPL19	28186.7684	1.2313	0.0571	0.0	0.0
RPL21	10786.7401	1.1338	0.0637	0.0	0.0
RPL22	9036.8702	1.0894	0.0592	0.0	0.0
RPL22L1	1973.5942	1.6031	0.104	0.0	0.0
RPL23	15107.0062	1.0853	0.058	0.0	0.0
RPL23A	20077.3634	1.0512	0.0612	0.0	0.0
RPL23AP53	67.6442	-1.5998	0.4135	0.0	0.0
RPL23AP7	36.9984	-1.1935	0.5121	0.0061	0.0121
RPL24	16275.6083	1.1274	0.0579	0.0	0.0
RPL26	15650.8447	1.1837	0.065	0.0	0.0
RPL26L1	1114.8803	1.0495	0.11	0.0	0.0
RPL27	16518.0073	1.0527	0.0584	0.0	0.0
RPL29	25389.7223	1.0463	0.0555	0.0	0.0
RPL3	40144.4746	1.0424	0.0525	0.0	0.0
RPL30	12450.6909	1.0341	0.059	0.0	0.0
RPL32	17718.7452	1.0274	0.059	0.0	0.0
RPL34	7453.733	1.049	0.0664	0.0	0.0
RPL35	21389.8942	1.0097	0.0616	0.0	0.0
RPL36A	10269.2552	1.1464	0.0689	0.0	0.0
RPL37	12022.6828	1.2135	0.0611	0.0	0.0
RPL37A	14509.7356	1.0678	0.0595	0.0	0.0
RPL38	8319.9753	1.1017	0.0677	0.0	0.0
RPL39	13256.0053	1.2242	0.0672	0.0	0.0
RPL4	34848.8629	1.1896	0.0523	0.0	0.0
RPL41	20339.9613	1.1101	0.0622	0.0	0.0
RPL7	24477.7248	1.0382	0.0534	0.0	0.0
RPL8	49515.6348	1.1589	0.0553	0.0	0.0
RPL9	15918.4999	1.182	0.065	0.0	0.0
RPLP0	57583.6575	1.0373	0.0508	0.0	0.0
RPLP2	11816.026	1.0243	0.0608	0.0	0.0
RPN1	6530.8456	1.1738	0.0643	0.0	0.0
RPN2	10075.7208	1.1407	0.0603	0.0	0.0
RPP38	517.783	1.7043	0.1704	0.0	0.0
RPRD1B	804.6257	-1.116	0.1338	0.0	0.0
RPS10	15106.9679	1.1511	0.0589	0.0	0.0
RPS11	22290.5024	1.131	0.0557	0.0	0.0
RPS12	12598.8911	1.0609	0.0637	0.0	0.0
RPS14	23052.4907	1.0033	0.053	0.0	0.0
RPS15	13358.3065	1.0406	0.0591	0.0	0.0
RPS15A	10514.9717	1.1185	0.07	0.0	0.0
RPS15AP10	4.854	1.561	1.2927	0.0032	0.0067
RPS17	16246.4282	1.0006	0.0639	0.0	0.0
RPS19	24492.2152	1.0123	0.0539	0.0	0.0
RPS2	64903.9793	1.0309	0.0579	0.0	0.0
RPS20	18731.7155	1.0648	0.056	0.0	0.0
RPS21	13287.9141	1.0739	0.0612	0.0	0.0
RPS23	19980.0032	1.0717	0.0595	0.0	0.0
RPS24	20113.4993	1.134	0.0784	0.0	0.0
RPS27	15373.2568	1.0611	0.0557	0.0	0.0
RPS27A	19370.5923	1.1189	0.0696	0.0	0.0
RPS28	9699.2207	1.0445	0.0587	0.0	0.0
RPS29	3404.0361	1.0245	0.0757	0.0	0.0
RPS3	42739.4421	1.0687	0.06	0.0	0.0
RPS3A	22589.589	1.1361	0.0693	0.0	0.0
RPS4X	26832.2353	1.1516	0.0543	0.0	0.0
RPS5	27792.1709	1.0539	0.0523	0.0	0.0
RPS6	46964.8627	1.2459	0.0515	0.0	0.0
RPS6KL1	28.3048	-1.3739	0.6024	0.0044	0.0089
RPS8	24072.9226	1.0555	0.0591	0.0	0.0
RPSA	49622.5098	1.0914	0.0558	0.0	0.0
RPSAP52	40.6615	-1.8601	0.5391	0.0	0.0001
RPUSD2	768.4231	1.4419	0.1345	0.0	0.0
RQCD1	662.8227	-1.796	0.1544	0.0	0.0
RRAGA	3957.8843	1.3901	0.0728	0.0	0.0
RRN3	1124.8548	-1.3357	0.1143	0.0	0.0
RRP1	589.2643	-2.0241	0.1825	0.0	0.0
RRP1B	1805.3014	-1.0668	0.0923	0.0	0.0
RRP8	243.7675	-2.7277	0.2786	0.0	0.0
RRS1	5208.3534	1.9402	0.0687	0.0	0.0
RSAD1	749.2692	-1.414	0.1327	0.0	0.0
RSBN1	510.6664	1.4021	0.1576	0.0	0.0
RSC1A1	129.9726	-1.3659	0.3231	0.0	0.0
RSF1	503.483	-1.5373	0.1801	0.0	0.0
RSG1	54.6321	-1.1706	0.4343	0.0024	0.0051
RSL24D1	3519.457	1.0432	0.0743	0.0	0.0
RSRC2	3588.8774	2.5791	0.0766	0.0	0.0
RTKN	398.8924	-1.5744	0.1783	0.0	0.0
RTN4R	25.2463	-1.0859	0.5913	0.0224	0.0406
RUNDC1	515.4668	-1.3048	0.1594	0.0	0.0
RUNX1	1890.3651	1.021	0.0924	0.0	0.0
RUNX3	1093.5492	-1.6892	0.1196	0.0	0.0
RUSC2	845.8668	-1.4585	0.1282	0.0	0.0
RWDD1	836.5031	1.0966	0.1247	0.0	0.0
RWDD2A	40.5048	-2.3498	0.5639	0.0	0.0
RXFP3	25.641	2.4246	0.7162	0.0	0.0
RXRA	471.1367	-1.779	0.1769	0.0	0.0
RXRB	446.3369	-2.1575	0.1749	0.0	0.0
S100A1	271.0457	1.0318	0.2037	0.0	0.0
S100A10	9903.1997	1.2462	0.0653	0.0	0.0
S100A11	6536.0956	1.0733	0.0686	0.0	0.0
S100PBP	293.8818	-1.9267	0.2387	0.0	0.0
S1PR1	1932.7828	3.5276	0.1009	0.0	0.0
S1PR2	128.9562	-2.6391	0.3398	0.0	0.0
S1PR5	65.9352	-1.4733	0.4058	0.0001	0.0001
SAC3D1	427.5551	-1.5307	0.1701	0.0	0.0
SACM1L	701.3786	-1.0745	0.1502	0.0	0.0
SAFB	1792.8784	-1.9964	0.1005	0.0	0.0
SAMD4A	89.3588	-1.4031	0.3504	0.0	0.0
SAMHD1	1083.4433	1.1498	0.1127	0.0	0.0
SAP130	365.7523	-1.7104	0.1943	0.0	0.0
SAP18	2134.9543	1.0401	0.0865	0.0	0.0
SAP30L	402.5374	-1.4669	0.1742	0.0	0.0
SARNP	1074.4921	1.0308	0.1105	0.0	0.0
SART3	1595.9442	-1.5705	0.0986	0.0	0.0
SASH1	454.2503	-2.3375	0.1781	0.0	0.0
SASS6	241.0492	-3.3991	0.2742	0.0	0.0
SBDS	3157.9293	1.0431	0.0859	0.0	0.0
SBNO2	1324.0178	-2.7545	0.1189	0.0	0.0
SCAF11	1086.3101	-2.3274	0.1224	0.0	0.0
SCAF4	578.0465	-2.5935	0.1626	0.0	0.0
SCARA3	99.178	1.1084	0.3252	0.0003	0.0006
SCARB2	2508.8245	1.0223	0.0922	0.0	0.0
SCARNA10	4.1639	1.3949	1.2468	0.0057	0.0114
SCARNA12	24.0565	2.1575	0.7177	0.0001	0.0002
SCML2	163.8499	-3.759	0.3527	0.0	0.0
SCO2	254.3359	-1.1268	0.2113	0.0	0.0
SCYL3	118.108	-1.419	0.3083	0.0	0.0
SDAD1	552.7337	-1.3058	0.1655	0.0	0.0
SDC2	328.3131	1.141	0.1931	0.0	0.0
SDC4	4559.2063	1.328	0.0704	0.0	0.0
SDE2	2009.6163	1.1379	0.0893	0.0	0.0
SDF4	5681.1798	1.024	0.0726	0.0	0.0
SDHAF1	700.5734	1.7013	0.1505	0.0	0.0
SDHAF2	605.5925	-1.2112	0.1475	0.0	0.0
SEC11C	808.1831	1.0786	0.1242	0.0	0.0
SEC22A	134.4878	-1.0768	0.2842	0.0001	0.0002
SEC22C	577.1091	-1.2416	0.1486	0.0	0.0
SEC24B	518.1826	-1.3418	0.1618	0.0	0.0
SEC61B	1530.9564	1.059	0.1015	0.0	0.0
SEC61G	2092.2255	1.09	0.089	0.0	0.0
SECISBP2L	500.8215	-1.5285	0.1593	0.0	0.0
SEL1L3	547.1489	1.1097	0.1473	0.0	0.0
SELK	1100.0558	1.0526	0.1168	0.0	0.0
SELPLG	58.4168	2.7494	0.5101	0.0	0.0
SEMA4B	277.7851	-2.6621	0.2376	0.0	0.0
SEMA4C	459.3214	-2.4803	0.1787	0.0	0.0
SEMA4D	171.7554	-1.307	0.2676	0.0	0.0
SEMA6A	94.7549	-2.0483	0.376	0.0	0.0
SEMA7A	1237.0102	-1.3031	0.1082	0.0	0.0
SENCR	61.0437	1.2759	0.4059	0.0005	0.0011
SENP5	364.0133	-1.8228	0.1913	0.0	0.0
SENP6	499.6597	-1.4185	0.158	0.0	0.0
SENP8	17.7426	-2.3384	1.0496	0.0002	0.0005
SEP15	2114.6538	1.0183	0.0856	0.0	0.0
SEPHS2	3875.0731	1.2873	0.0716	0.0	0.0
SEPSECS	111.8191	-2.2645	0.3541	0.0	0.0
SEPT7P2	35.5358	-1.7924	0.5762	0.0001	0.0004
SERF1A	12.292	-2.8408	1.6207	0.0001	0.0002
SERF2	4363.1962	1.0133	0.0803	0.0	0.0
SERPINA1	130.705	1.0743	0.2895	0.0001	0.0002
SERPINA3	951.7376	1.3323	0.1181	0.0	0.0
SERPINE2	42532.7656	1.0636	0.0565	0.0	0.0
SERPINF1	140.0741	1.3918	0.2775	0.0	0.0
SERTAD2	3569.5772	2.2442	0.0834	0.0	0.0
SERTAD3	373.9704	1.2297	0.1787	0.0	0.0
SESN1	168.05	-2.6995	0.3108	0.0	0.0
SESN2	362.3784	-2.9609	0.213	0.0	0.0
SESN3	22.0581	-2.0207	0.7586	0.0003	0.0006
SESTD1	169.7686	-1.0476	0.2656	0.0	0.0001
SETD2	785.4474	-1.4854	0.1304	0.0	0.0
SETD4	101.6296	-1.1095	0.3308	0.0003	0.0008
SETD5	1166.1059	-1.949	0.1186	0.0	0.0
SF3B14	2509.1755	1.4542	0.0892	0.0	0.0
SF3B5	1770.429	1.3496	0.0918	0.0	0.0
SFMBT1	204.5042	-1.8418	0.2497	0.0	0.0
SFMBT2	256.2541	-1.0471	0.2202	0.0	0.0
SFR1	109.217	-1.826	0.3308	0.0	0.0
SFSWAP	785.5784	-1.6875	0.1392	0.0	0.0
SFT2D3	251.2719	1.3268	0.2106	0.0	0.0
SFXN5	235.4723	-2.2057	0.2414	0.0	0.0
SGK1	2259.1154	2.1198	0.0961	0.0	0.0
SGK223	745.0888	1.7789	0.1316	0.0	0.0
SGK3	52.2033	-1.1752	0.44	0.0026	0.0054
SGK494	27.4972	-1.666	0.6281	0.0008	0.0018
SGOL2	508.8214	-1.4597	0.1579	0.0	0.0
SGPP1	146.9045	-1.0852	0.2743	0.0	0.0001
SH2B1	861.0981	-1.6276	0.1318	0.0	0.0
SH2B2	48.6414	-2.0421	0.5427	0.0	0.0
SH2B3	3575.5316	-1.5858	0.0772	0.0	0.0
SH2D1B	33.0775	-1.0786	0.5223	0.0144	0.027
SH2D4A	230.7548	-1.9655	0.2383	0.0	0.0
SH2D5	80.0947	-1.0092	0.3673	0.0028	0.0058
SH3BGRL	366.7591	1.3922	0.1822	0.0	0.0
SH3BGRL3	10090.6785	1.1703	0.0691	0.0	0.0
SH3BP2	499.1378	-2.478	0.1877	0.0	0.0
SH3BP4	2198.8171	1.6918	0.0874	0.0	0.0
SH3BP5	313.8343	-1.4438	0.1951	0.0	0.0
SH3PXD2A	2228.4092	-2.6333	0.0966	0.0	0.0
SH3PXD2B	597.0448	-1.6849	0.169	0.0	0.0
SH3RF3	226.9683	-1.8696	0.2439	0.0	0.0
SH3TC1	126.6488	-1.616	0.3037	0.0	0.0
SHANK1	72.5718	-1.1394	0.3972	0.0016	0.0033
SHC4	93.137	-1.3568	0.3581	0.0	0.0001
SHF	20.9787	-1.4085	0.6752	0.006	0.0118
SHOX2	186.9659	-1.4617	0.2555	0.0	0.0
SHPK	293.2997	-1.1973	0.2142	0.0	0.0
SHPRH	138.6116	-1.5167	0.3192	0.0	0.0
SHROOM1	243.3069	-2.0796	0.2346	0.0	0.0
SHROOM2	2526.1455	1.0446	0.0843	0.0	0.0
SHROOM4	105.3256	-1.4707	0.3503	0.0	0.0
SIAE	464.2365	1.327	0.1644	0.0	0.0
SIK2	391.1042	-1.2953	0.1771	0.0	0.0
SIK3	399.0684	-2.0303	0.1886	0.0	0.0
SIKE1	577.858	-1.6592	0.1513	0.0	0.0
SIMC1	172.4552	-1.6168	0.2631	0.0	0.0
SIN3A	838.9553	-1.5114	0.1266	0.0	0.0
SIPA1L2	176.617	-1.7579	0.2656	0.0	0.0
SIPA1L3	984.2512	-1.2204	0.1219	0.0	0.0
SIRT7	306.2411	-1.1545	0.2068	0.0	0.0
SKA1	363.8965	-1.4358	0.1906	0.0	0.0
SKP1	5116.3906	1.0201	0.0849	0.0	0.0
SKP2	1103.5588	-1.2762	0.1131	0.0	0.0
SLAIN1	104.6999	-1.038	0.3345	0.0009	0.002
SLAIN2	890.1484	-1.5496	0.1234	0.0	0.0
SLAMF9	191.7804	1.3082	0.2411	0.0	0.0
SLBP	1132.3146	-3.2253	0.1319	0.0	0.0
SLC10A7	47.7846	-1.3549	0.4721	0.001	0.0022
SLC19A1	506.7615	-1.5833	0.158	0.0	0.0
SLC19A2	254.7763	-2.7693	0.2518	0.0	0.0
SLC19A3	31.1155	-1.6541	0.6096	0.0007	0.0016
SLC20A1	4763.4524	-1.0537	0.0692	0.0	0.0
SLC20A2	373.9888	-1.0956	0.1963	0.0	0.0
SLC25A12	223.7764	-1.7258	0.2432	0.0	0.0
SLC25A19	314.8199	-2.1905	0.2093	0.0	0.0
SLC25A28	200.7018	-2.7356	0.2821	0.0	0.0
SLC25A29	276.6147	-2.4274	0.2218	0.0	0.0
SLC25A30	214.3241	-1.3385	0.23	0.0	0.0
SLC25A34	6.039	-1.1014	1.0809	0.0261	0.0467
SLC25A36	612.7515	-1.2549	0.1434	0.0	0.0
SLC25A38	708.8054	-1.2748	0.1358	0.0	0.0
SLC25A42	78.0894	-2.634	0.4418	0.0	0.0
SLC25A44	708.0462	-3.3069	0.1619	0.0	0.0
SLC25A5	15239.4775	1.1197	0.0549	0.0	0.0
SLC25A5-AS1	35.3732	2.1466	0.595	0.0	0.0
SLC25A53	28.86	-1.5628	0.5907	0.0011	0.0024
SLC25A6	10863.4948	1.1661	0.0672	0.0	0.0
SLC26A1	200.0796	1.7921	0.2599	0.0	0.0
SLC26A11	139.9248	-1.4492	0.289	0.0	0.0
SLC26A6	229.723	-2.1051	0.2407	0.0	0.0
SLC29A2	104.0599	-1.4067	0.3257	0.0	0.0
SLC29A3	23.534	-1.1946	0.632	0.0155	0.0289
SLC30A1	1173.8413	2.2033	0.1129	0.0	0.0
SLC30A4	32.8044	-1.4557	0.5658	0.0017	0.0037
SLC35E4	159.9904	-2.4552	0.3063	0.0	0.0
SLC35F3	89.588	-1.1703	0.3443	0.0003	0.0006
SLC36A1	278.6363	-1.3956	0.2139	0.0	0.0
SLC37A2	486.8419	-1.0952	0.1575	0.0	0.0
SLC38A7	192.653	-1.7	0.2625	0.0	0.0
SLC38A9	108.3521	-1.7128	0.3329	0.0	0.0
SLC41A2	90.6916	-1.4857	0.3861	0.0	0.0001
SLC45A3	427.4101	-2.0217	0.1803	0.0	0.0
SLC45A4	175.477	-1.7595	0.2857	0.0	0.0
SLC4A7	825.3927	-1.2465	0.1492	0.0	0.0
SLC5A3	1182.2937	-1.8955	0.1186	0.0	0.0
SLC6A10P	43.2563	-2.4279	0.5822	0.0	0.0
SLC7A2	184.1579	-1.691	0.2579	0.0	0.0
SLC8B1	136.3073	-1.4777	0.2929	0.0	0.0
SLFN11	545.6906	-1.3602	0.1558	0.0	0.0
SLFN12	374.0057	1.4289	0.1765	0.0	0.0
SLFN5	195.062	-2.3694	0.2723	0.0	0.0
SLITRK1	88.62	-1.7651	0.3662	0.0	0.0
SLITRK6	1898.3102	2.3425	0.1099	0.0	0.0
SLMAP	919.36	-1.6488	0.1259	0.0	0.0
SLMO1	23.1832	-1.9683	0.7299	0.0003	0.0007
SLX1A-SULT1A3	174.6375	-2.205	0.6826	0.0	0.0001
SLX4	406.4342	-1.3887	0.1727	0.0	0.0
SMA4	46.1414	-1.6076	0.5179	0.0003	0.0006
SMA5	11.0302	-1.4167	0.8943	0.011	0.021
SMAD1	88.6424	-2.003	0.3855	0.0	0.0
SMAD3	1125.3699	-2.6399	0.1216	0.0	0.0
SMAD4	739.6112	-1.8039	0.1374	0.0	0.0
SMAD5	666.3349	-2.1036	0.145	0.0	0.0
SMAD5-AS1	15.3899	1.9703	0.9206	0.0009	0.002
SMAD7	1582.8703	3.0155	0.1045	0.0	0.0
SMAD9	7.5201	-1.2585	1.0666	0.0168	0.0311
SMARCAD1	470.2229	-1.461	0.1772	0.0	0.0
SMARCAL1	254.659	-1.0353	0.217	0.0	0.0
SMCR8	2203.66	1.5528	0.0894	0.0	0.0
SMEK2	1115.628	-1.0667	0.1118	0.0	0.0
SMG1	1378.8322	-1.1436	0.1335	0.0	0.0
SMG1P1	70.9756	-1.1909	0.383	0.0007	0.0015
SMG5	2030.1837	-2.5	0.095	0.0	0.0
SMG6	495.6067	-1.9953	0.1653	0.0	0.0
SMG7	2040.7023	-1.3741	0.0936	0.0	0.0
SMG8	1168.4034	1.1749	0.1113	0.0	0.0
SMG9	551.9108	-3.0543	0.1741	0.0	0.0
SMIM13	855.4734	1.1768	0.1362	0.0	0.0
SMIM2	4.9623	1.6022	1.3025	0.0028	0.0059
SMIM3	59.3551	-1.0218	0.4195	0.0066	0.013
SMNDC1	2856.3948	2.959	0.1018	0.0	0.0
SMURF1	666.7513	-1.4065	0.1388	0.0	0.0
SMYD4	194.2145	-1.9091	0.2676	0.0	0.0
SNAI2	37.3347	1.9054	0.5514	0.0	0.0001
SNAP47	671.3678	-1.5139	0.1663	0.0	0.0
SNAPC1	798.0413	-1.4909	0.1288	0.0	0.0
SNAPC4	581.3563	-1.5881	0.1517	0.0	0.0
SNHG10	138.9823	1.1066	0.2905	0.0001	0.0001
SNHG11	81.2474	-1.3062	0.3687	0.0001	0.0003
SNHG12	182.314	-1.7902	0.2663	0.0	0.0
SNHG16	6353.9767	1.0155	0.0795	0.0	0.0
SNHG3	1227.8258	2.3557	0.1112	0.0	0.0
SNHG6	1433.6257	1.0143	0.1053	0.0	0.0
SNHG7	966.7411	-2.841	0.1288	0.0	0.0
SNIP1	1260.1342	2.0046	0.1103	0.0	0.0
SNN	71.0587	-2.3782	0.4409	0.0	0.0
SNORA53	9.8531	2.8616	1.6982	0.0001	0.0002
SNPH	160.9915	-2.2264	0.2883	0.0	0.0
SNRNP40	826.8195	-1.1052	0.1247	0.0	0.0
SNRPB2	4530.545	1.0263	0.073	0.0	0.0
SNRPC	2448.9248	1.027	0.0846	0.0	0.0
SNRPD1	3434.7439	1.1046	0.0784	0.0	0.0
SNRPD2	5934.5761	1.0279	0.0695	0.0	0.0
SNRPE	3191.9999	1.1629	0.0767	0.0	0.0
SNX11	209.2034	-3.0069	0.3055	0.0	0.0
SNX19	2195.4049	1.5354	0.0861	0.0	0.0
SNX21	364.1273	-1.255	0.1833	0.0	0.0
SNX22	213.6078	3.0305	0.2602	0.0	0.0
SNX27	876.7758	-1.5092	0.1301	0.0	0.0
SNX3	2477.6262	1.0564	0.0811	0.0	0.0
SNX33	232.3289	-1.4937	0.2402	0.0	0.0
SNX4	342.5481	-1.2046	0.1965	0.0	0.0
SNX8	860.8297	-1.4732	0.1318	0.0	0.0
SOCS2	135.2499	-1.2028	0.2974	0.0	0.0001
SOCS5	2111.4551	2.3815	0.0969	0.0	0.0
SOCS6	929.0439	1.1167	0.1168	0.0	0.0
SOCS7	563.8773	-1.1849	0.1522	0.0	0.0
SOD1	4130.6088	1.018	0.0754	0.0	0.0
SOD3	264.5388	1.1318	0.2212	0.0	0.0
SOGA1	1056.7476	-2.5088	0.1369	0.0	0.0
SOGA2	251.2698	-1.0558	0.2149	0.0	0.0
SORBS2	613.0152	-1.8104	0.1487	0.0	0.0
SOS1	442.503	-2.2953	0.1876	0.0	0.0
SOS2	135.8711	-1.3304	0.2907	0.0	0.0
SOX10	6205.4203	-1.4353	0.0816	0.0	0.0
SOX13	202.1212	-3.5048	0.3088	0.0	0.0
SOX18	45.5914	-2.7124	0.595	0.0	0.0
SOX2	232.6629	1.8293	0.236	0.0	0.0
SOX6	32.7177	-1.8113	0.594	0.0002	0.0004
SOX9	672.8022	1.4104	0.138	0.0	0.0
SP1	2174.4337	1.0097	0.0869	0.0	0.0
SPA17	173.1536	1.0036	0.2459	0.0	0.0001
SPAG5-AS1	17.499	2.9476	1.1006	0.0	0.0
SPANXB1	1198.6566	1.2312	0.128	0.0	0.0
SPARC	28345.8953	1.0318	0.0546	0.0	0.0
SPAST	402.2231	-1.3566	0.1766	0.0	0.0
SPATA2L	128.6064	-4.1217	0.4365	0.0	0.0
SPATA31C2	27.5307	-1.4359	0.6105	0.0032	0.0065
SPATA33	79.0179	-1.5317	0.3753	0.0	0.0
SPC24	249.6518	-1.4666	0.2321	0.0	0.0
SPDL1	708.5584	-1.2455	0.1478	0.0	0.0
SPECC1L	734.3616	-2.4334	0.1458	0.0	0.0
SPEF2	28.0842	-1.1573	0.5638	0.0124	0.0235
SPEN	1700.4353	-1.0142	0.1029	0.0	0.0
SPHK2	503.2307	-1.9397	0.1772	0.0	0.0
SPIN2B	180.2105	1.0993	0.2427	0.0	0.0
SPIN3	447.0952	1.1507	0.1697	0.0	0.0
SPIRE1	290.3122	-1.8248	0.2163	0.0	0.0
SPIRE2	160.7654	-1.769	0.2911	0.0	0.0
SPOCK1	1533.6925	1.3533	0.1053	0.0	0.0
SPOCK2	10.139	-1.5408	0.9703	0.0068	0.0133
SPOP	715.1072	-1.232	0.1406	0.0	0.0
SPOPL	211.968	-1.2042	0.2301	0.0	0.0
SPPL3	625.9687	-1.1584	0.1409	0.0	0.0
SPRED3	254.0354	-1.962	0.2275	0.0	0.0
SPRN	61.5598	-2.9233	0.5278	0.0	0.0
SPRTN	587.0504	1.1158	0.1487	0.0	0.0
SPRY1	258.5936	2.6638	0.229	0.0	0.0
SPRY2	7182.4778	2.342	0.0661	0.0	0.0
SPRY3	13.5414	-1.8331	0.873	0.0015	0.0032
SPSB1	147.6646	-1.1878	0.272	0.0	0.0
SPSB4	18.3602	-2.6059	1.1655	0.0001	0.0002
SPTY2D1	1481.2149	1.6727	0.1138	0.0	0.0
SQLE	457.9519	-1.1253	0.1682	0.0	0.0
SRC	685.3172	-2.5425	0.1597	0.0	0.0
SRCAP	3044.4386	-1.1705	0.0821	0.0	0.0
SRF	814.1451	-1.136	0.1334	0.0	0.0
SRFBP1	225.0943	-1.0772	0.223	0.0	0.0
SRGAP2	1145.5394	-1.0014	0.1176	0.0	0.0
SRGAP2B	817.005	1.0354	0.1293	0.0	0.0
SRGAP3	39.6022	-1.363	0.5145	0.0018	0.0039
SRGN	89.9458	1.1992	0.3375	0.0001	0.0003
SRP14	5612.3657	1.1782	0.0654	0.0	0.0
SRPK2	656.0105	-1.9893	0.1505	0.0	0.0
SRPX	5985.8707	1.2523	0.0648	0.0	0.0
SRPX2	128.3476	1.002	0.286	0.0002	0.0005
SRR	111.6216	1.1406	0.3066	0.0001	0.0002
SRRD	138.7052	-1.5241	0.2884	0.0	0.0
SRRM3	42.7814	-1.6005	0.5074	0.0002	0.0005
SRRM5	30.3161	1.5792	0.5757	0.0008	0.0018
SRSF8	2156.1715	1.8448	0.0922	0.0	0.0
SS18L1	229.0964	-1.6992	0.2376	0.0	0.0
SSFA2	4895.2686	1.9342	0.0695	0.0	0.0
SSH1	1136.1639	-1.1957	0.121	0.0	0.0
SSR2	7816.3632	1.0396	0.0683	0.0	0.0
SSR4	2392.6971	1.1733	0.0859	0.0	0.0
SSU72	4394.2412	1.267	0.0793	0.0	0.0
ST13	6363.6084	1.0113	0.069	0.0	0.0
ST3GAL2	868.8438	-1.085	0.1228	0.0	0.0
ST3GAL4	3334.2436	-1.2538	0.081	0.0	0.0
ST3GAL4-AS1	30.4676	-1.5762	0.5948	0.001	0.0023
ST5	193.8934	-2.1247	0.2584	0.0	0.0
ST6GAL1	414.4682	-1.2399	0.1712	0.0	0.0
ST6GALNAC2	42.1791	2.9698	0.6184	0.0	0.0
ST8SIA1	23.3618	-1.2081	0.6217	0.0136	0.0255
STAG3L1	51.4178	-1.3888	0.4512	0.0005	0.0011
STAG3L2	110.7488	-1.3022	0.3218	0.0	0.0
STAG3L3	161.7832	-1.3083	0.2656	0.0	0.0
STAM	244.7756	-1.8796	0.2313	0.0	0.0
STAMBPL1	470.6474	-1.2012	0.1636	0.0	0.0
STARD8	40.252	-3.156	0.736	0.0	0.0
STARD9	55.8053	-1.4211	0.4391	0.0003	0.0006
STAT5A	273.9617	-1.0034	0.2039	0.0	0.0
STAT5B	431.6976	-1.029	0.1663	0.0	0.0
STC2	271.1809	-2.1349	0.223	0.0	0.0
STEAP1B	193.2327	-1.5082	0.246	0.0	0.0
STIL	561.7612	-2.1731	0.1589	0.0	0.0
STK10	1422.9463	-1.6938	0.1038	0.0	0.0
STK11	649.5088	-1.4216	0.1572	0.0	0.0
STK17A	1286.2858	-1.3533	0.1118	0.0	0.0
STK17B	156.5223	-1.7048	0.2789	0.0	0.0
STK19	87.5691	-1.6195	0.3598	0.0	0.0
STK38	318.8259	-1.4227	0.1971	0.0	0.0
STK38L	262.5464	-1.233	0.2158	0.0	0.0
STK40	563.058	-2.865	0.1789	0.0	0.0
STOML1	196.6797	-1.0038	0.243	0.0	0.0
STPG1	79.5241	-1.1749	0.3622	0.0004	0.001
STRADA	312.2686	-1.7066	0.1986	0.0	0.0
STRIP1	366.5256	-2.0498	0.1912	0.0	0.0
STRN	572.4637	-1.169	0.1511	0.0	0.0
STRN3	281.6266	-1.8934	0.2254	0.0	0.0
STX17	239.8948	-1.5293	0.235	0.0	0.0
STX18	262.607	-1.5712	0.2251	0.0	0.0
STX3	565.5706	-1.7546	0.1528	0.0	0.0
STX5	457.4885	-1.5416	0.1672	0.0	0.0
STX6	500.472	-2.4507	0.1709	0.0	0.0
STXBP5	156.0404	-1.3241	0.2833	0.0	0.0
SUMO2	5712.3913	1.1235	0.0698	0.0	0.0
SUOX	187.6086	-1.755	0.2554	0.0	0.0
SUPT20H	370.2709	-1.6175	0.1886	0.0	0.0
SUPT4H1	2156.1126	1.1568	0.0908	0.0	0.0
SUV420H1	243.749	-1.2072	0.2194	0.0	0.0
SUV420H2	104.5202	-1.0299	0.3349	0.001	0.0022
SUZ12	980.6263	-1.3986	0.1183	0.0	0.0
SWT1	38.1162	-1.6132	0.5338	0.0003	0.0007
SYDE1	2569.1366	-1.2905	0.1048	0.0	0.0
SYDE2	124.2741	1.8001	0.2996	0.0	0.0
SYF2	1650.2439	1.487	0.0962	0.0	0.0
SYNGAP1	127.09	-1.0648	0.2921	0.0001	0.0003
SYNGR3	18.7716	-1.1984	0.6797	0.0189	0.0347
SYNJ1	232.399	-1.9868	0.234	0.0	0.0
SYNM	705.9411	-1.9362	0.1423	0.0	0.0
SYNRG	454.9702	-1.0016	0.1652	0.0	0.0
SYT1	83.5186	-1.382	0.3797	0.0001	0.0002
SYVN1	694.1509	-2.0914	0.143	0.0	0.0
TAB1	355.0844	-1.8781	0.191	0.0	0.0
TACC2	409.1181	-1.8458	0.1835	0.0	0.0
TACO1	488.4009	-1.1271	0.1596	0.0	0.0
TADA1	156.1569	-3.2975	0.3402	0.0	0.0
TADA2A	166.6416	-2.1512	0.2793	0.0	0.0
TAF1	603.2419	-1.6554	0.1502	0.0	0.0
TAF11	259.0581	-1.3436	0.2144	0.0	0.0
TAF1B	219.1875	-1.0636	0.2249	0.0	0.0
TAF4	421.8066	-2.2	0.1915	0.0	0.0
TAF6L	381.3192	-1.0765	0.1964	0.0	0.0
TAGLN	65.7927	1.1275	0.4072	0.0021	0.0045
TAGLN2	25970.5166	1.1996	0.0547	0.0	0.0
TANC1	480.816	-1.7205	0.1642	0.0	0.0
TAOK1	1043.4593	-1.6087	0.121	0.0	0.0
TAOK2	1163.3288	-1.4297	0.1231	0.0	0.0
TAOK3	213.2047	-1.8624	0.2488	0.0	0.0
TAPT1-AS1	26.8329	1.0478	0.5775	0.0255	0.0457
TARBP1	817.9159	1.0006	0.1269	0.0	0.0
TAS1R3	28.5308	1.8802	0.62	0.0001	0.0003
TASP1	91.2001	-1.1042	0.3435	0.0005	0.0012
TBC1D10A	105.5586	-2.783	0.3838	0.0	0.0
TBC1D10B	1363.2461	-1.0555	0.1247	0.0	0.0
TBC1D12	122.7546	-1.0885	0.3092	0.0002	0.0004
TBC1D13	800.2721	-1.8115	0.1324	0.0	0.0
TBC1D14	820.0343	-1.744	0.1291	0.0	0.0
TBC1D2	112.2627	-2.3783	0.3503	0.0	0.0
TBC1D20	376.4446	-1.9958	0.1881	0.0	0.0
TBC1D22B	79.9185	-1.7359	0.3823	0.0	0.0
TBC1D23	412.7184	-1.0853	0.1688	0.0	0.0
TBC1D24	474.7395	-2.1272	0.4134	0.0	0.0
TBC1D2B	483.1637	-2.3459	0.1737	0.0	0.0
TBC1D30	15.5801	-1.6933	0.8241	0.0026	0.0053
TBC1D32	32.8117	-1.0158	0.5428	0.0245	0.0441
TBC1D4	805.0802	-1.3188	0.1337	0.0	0.0
TBCA	3308.1378	1.0432	0.0824	0.0	0.0
TBCC	916.518	1.716	0.1209	0.0	0.0
TBCCD1	130.4833	-1.3747	0.295	0.0	0.0
TBCEL	268.7876	-1.1631	0.2082	0.0	0.0
TBK1	411.6892	-2.8257	0.1954	0.0	0.0
TBKBP1	41.273	-1.9277	0.5385	0.0	0.0001
TBL1X	1457.6193	-1.2133	0.1145	0.0	0.0
TBP	288.9858	-1.1891	0.2045	0.0	0.0
TBPL1	222.3247	-2.6469	0.258	0.0	0.0
TBX19	15.553	-1.4068	0.7604	0.0089	0.0171
TBX2	174.3703	-1.8537	0.293	0.0	0.0
TBXA2R	48.6092	-1.3581	0.5308	0.0023	0.0049
TCEAL8	554.5643	1.156	0.1552	0.0	0.0
TCEANC2	135.9857	-2.0495	0.3074	0.0	0.0
TCEB1	2395.5591	1.0572	0.088	0.0	0.0
TCF12	1238.8806	-1.6125	0.1083	0.0	0.0
TCF20	791.841	-1.2649	0.1284	0.0	0.0
TCF7L1	10.8826	-1.394	0.9163	0.0123	0.0232
TCHP	469.6596	-2.4691	0.1758	0.0	0.0
TDG	543.7578	-1.6345	0.1535	0.0	0.0
TDRD3	108.6241	-1.7539	0.3299	0.0	0.0
TEAD1	1446.7595	-1.2327	0.1055	0.0	0.0
TEAD3	112.8303	-2.1546	0.3424	0.0	0.0
TEAD4	566.2068	-1.9358	0.1587	0.0	0.0
TEC	19.9815	-1.5708	0.748	0.0035	0.0073
TEFM	109.0384	-2.2796	0.3546	0.0	0.0
TENC1	795.5834	-1.8286	0.132	0.0	0.0
TERF2	372.376	-1.9238	0.2023	0.0	0.0
TESK1	387.6457	-1.2741	0.1804	0.0	0.0
TET2	396.3116	1.2358	0.1781	0.0	0.0
TEX10	940.3191	-1.1152	0.119	0.0	0.0
TFAP2A	198.8027	-1.3569	0.2505	0.0	0.0
TFAP2B	157.0452	-2.3945	0.3203	0.0	0.0
TFAP2C	1046.7133	-3.0141	0.1299	0.0	0.0
TFAP4	375.1079	-3.2995	0.2189	0.0	0.0
TFB1M	312.0166	-1.0443	0.2085	0.0	0.0
TFCP2	600.7974	-1.0975	0.1459	0.0	0.0
TFEB	22.9667	-2.0636	0.757	0.0002	0.0005
TFPI2	2244.911	1.2682	0.0874	0.0	0.0
TGDS	141.9855	-2.9863	0.3423	0.0	0.0
TGFB3	21.9574	-1.64	0.691	0.0017	0.0036
TGFBI	6009.8981	1.298	0.0665	0.0	0.0
TGIF1	896.1374	1.5784	0.1214	0.0	0.0
TGIF2	526.5417	-1.3314	0.1535	0.0	0.0
TGS1	643.5326	-1.844	0.1518	0.0	0.0
THAP1	310.6679	1.2566	0.1942	0.0	0.0
THAP10	97.2421	-2.2915	0.3755	0.0	0.0
THAP11	2031.7091	1.0466	0.0878	0.0	0.0
THAP2	36.0874	-1.7807	0.5657	0.0001	0.0003
THAP3	375.5006	-1.3814	0.1824	0.0	0.0
THAP6	82.713	-1.2021	0.407	0.0011	0.0023
THAP8	41.1911	-1.4666	0.5061	0.0007	0.0015
THEM6	338.1185	-1.5096	0.2148	0.0	0.0
THEMIS2	24.8004	-1.4971	0.6498	0.003	0.0061
THNSL1	157.1867	-1.4058	0.2731	0.0	0.0
THRB	30.8947	-2.2611	0.688	0.0	0.0001
THTPA	527.2835	1.4305	0.1596	0.0	0.0
THUMPD1	1604.1002	1.344	0.1007	0.0	0.0
THUMPD2	120.3124	-1.1211	0.3367	0.0004	0.0008
THUMPD3-AS1	154.899	2.1396	0.2821	0.0	0.0
TIAF1	35.9318	1.5622	0.5588	0.0007	0.0016
TIAM1	269.4202	-1.445	0.2103	0.0	0.0
TIAM2	28.7143	-1.3794	0.5827	0.0036	0.0073
TICAM1	379.7337	-1.1393	0.1817	0.0	0.0
TIE1	353.1495	1.1605	0.1855	0.0	0.0
TIFA	312.4879	1.1013	0.1963	0.0	0.0
TIGD1	320.1779	2.2777	0.2071	0.0	0.0
TIGD4	12.4767	-1.8522	1.2436	0.0017	0.0036
TIGD5	918.9217	1.48	0.1217	0.0	0.0
TIGD7	40.0913	-1.1434	0.5035	0.0079	0.0153
TIMM10B	970.455	1.6439	0.1187	0.0	0.0
TIMM8B	1036.9946	1.2072	0.1166	0.0	0.0
TIMM9	109.8451	-2.8767	0.382	0.0	0.0
TIMP1	7534.985	1.3013	0.0632	0.0	0.0
TIPARP	4185.4722	2.6021	0.0955	0.0	0.0
TIPARP-AS1	106.8277	7.2461	1.2803	0.0	0.0
TIRAP	97.2725	-1.1209	0.349	0.0005	0.0012
TJAP1	431.086	-1.5301	0.1765	0.0	0.0
TJP1	1102.8787	-1.1421	0.1138	0.0	0.0
TK2	231.7794	-1.4069	0.224	0.0	0.0
TLE1	516.9436	-1.93	0.1616	0.0	0.0
TLE3	324.1964	-2.2105	0.2069	0.0	0.0
TLE4	1139.9324	-2.2466	0.1163	0.0	0.0
TLK2	699.8195	-1.2562	0.1378	0.0	0.0
TLR6	145.2868	-1.0927	0.2919	0.0001	0.0002
TM2D3	228.9481	-3.0237	0.264	0.0	0.0
TMCC1-AS1	22.212	-1.6542	0.6928	0.0015	0.0033
TMCC3	119.0624	-2.1789	0.3343	0.0	0.0
TMCO1	3298.1265	1.0059	0.0749	0.0	0.0
TMED8	179.1579	-1.4427	0.264	0.0	0.0
TMEM101	315.1903	-1.8169	0.2001	0.0	0.0
TMEM104	495.7529	-1.2964	0.1744	0.0	0.0
TMEM106C	2148.965	1.0799	0.0854	0.0	0.0
TMEM115	2520.0054	1.2693	0.0817	0.0	0.0
TMEM121	91.6317	-1.9682	0.3828	0.0	0.0
TMEM133	9.265	-1.5415	1.1657	0.0052	0.0103
TMEM138	410.2288	-1.5394	0.1739	0.0	0.0
TMEM139	33.6453	1.1934	0.5536	0.0091	0.0177
TMEM147	2003.7166	1.0092	0.0878	0.0	0.0
TMEM14A	409.2326	1.0583	0.1662	0.0	0.0
TMEM14B	1425.1236	1.0536	0.1033	0.0	0.0
TMEM154	46.3274	-1.1857	0.4627	0.0034	0.007
TMEM158	2164.0659	1.3955	0.0859	0.0	0.0
TMEM159	26.1718	-1.6363	0.6365	0.0011	0.0023
TMEM161B	171.7666	-1.2103	0.2794	0.0	0.0
TMEM167B	566.3576	1.3485	0.1564	0.0	0.0
TMEM168	209.3772	-1.1822	0.2799	0.0	0.0
TMEM169	17.5696	-1.627	0.7624	0.0028	0.0058
TMEM170A	100.8295	-2.2872	0.3657	0.0	0.0
TMEM171	50.1335	-1.7403	0.4786	0.0	0.0001
TMEM182	31.1482	-1.0017	0.5326	0.0248	0.0445
TMEM184C	339.9876	-1.4972	0.1919	0.0	0.0
TMEM185A	154.613	-1.2513	0.2868	0.0	0.0
TMEM186	580.9335	1.4743	0.1482	0.0	0.0
TMEM187	14.4058	-1.7019	0.8643	0.0028	0.0058
TMEM189	705.8514	-1.2598	0.1381	0.0	0.0
TMEM194A	584.0647	-1.4019	0.147	0.0	0.0
TMEM198	54.5349	-1.2607	0.4305	0.001	0.0022
TMEM203	1824.0295	1.2111	0.0975	0.0	0.0
TMEM209	339.3029	-1.6116	0.1974	0.0	0.0
TMEM223	339.9286	-1.5811	0.1899	0.0	0.0
TMEM229B	126.823	-1.243	0.2931	0.0	0.0
TMEM230	2303.7114	1.0084	0.0848	0.0	0.0
TMEM243	216.6367	-2.7553	0.2647	0.0	0.0
TMEM249	5.0475	-1.3718	1.2043	0.0073	0.0142
TMEM251	278.5875	1.136	0.2073	0.0	0.0
TMEM258	1978.9795	1.1324	0.1002	0.0	0.0
TMEM260	136.8184	1.1211	0.2936	0.0001	0.0001
TMEM30A	3954.462	1.1059	0.0881	0.0	0.0
TMEM39A	378.8573	-1.5632	0.1844	0.0	0.0
TMEM44	60.7556	-1.0214	0.4022	0.005	0.01
TMEM44-AS1	18.1661	-1.1529	0.6883	0.0245	0.044
TMEM51	60.3575	-2.6571	0.522	0.0	0.0
TMEM54	644.9093	1.019	0.1514	0.0	0.0
TMEM55B	172.6123	-3.0609	0.3163	0.0	0.0
TMEM57	225.754	-2.1247	0.2414	0.0	0.0
TMEM59	2717.18	1.0576	0.0805	0.0	0.0
TMEM59L	117.9701	1.12	0.316	0.0002	0.0004
TMEM60	62.8186	-2.8074	0.5167	0.0	0.0
TMEM64	421.2143	-1.0409	0.1774	0.0	0.0
TMEM68	277.4874	-1.5229	0.2179	0.0	0.0
TMEM75	3.8435	1.2374	1.2033	0.0102	0.0195
TMEM79	135.9795	-1.5702	0.3043	0.0	0.0
TMF1	660.4001	-1.2434	0.1433	0.0	0.0
TMPRSS5	100.3519	-1.7311	0.3428	0.0	0.0
TMSB10	17254.3651	1.0589	0.068	0.0	0.0
TNFAIP1	1076.9815	-1.3586	0.1141	0.0	0.0
TNFAIP2	527.5165	-1.9273	0.1659	0.0	0.0
TNFAIP3	688.0508	2.4707	0.1453	0.0	0.0
TNFAIP8L1	158.3084	-1.5248	0.2698	0.0	0.0
TNFRSF12A	2998.245	-2.6846	0.0917	0.0	0.0
TNFRSF19	246.4298	-1.9928	0.2294	0.0	0.0
TNFRSF1A	1951.3197	-2.5163	0.0964	0.0	0.0
TNFRSF1B	27.1069	-1.2754	0.5883	0.0073	0.0142
TNFRSF25	125.0271	-2.4764	0.3325	0.0	0.0
TNFRSF8	106.9993	-1.543	0.3432	0.0	0.0
TNFSF13	125.4748	2.3829	0.3186	0.0	0.0
TNIP2	544.8772	-1.0906	0.1544	0.0	0.0
TNK2	577.4093	-1.3037	0.173	0.0	0.0
TNKS	387.4506	-1.2974	0.181	0.0	0.0
TNKS1BP1	1123.6668	-2.2559	0.1209	0.0	0.0
TNKS2	845.0128	-1.3225	0.1423	0.0	0.0
TNPO2	2118.5247	-2.3935	0.1033	0.0	0.0
TNPO3	1360.7484	-1.0062	0.1062	0.0	0.0
TNRC18	3010.5464	-1.3792	0.0937	0.0	0.0
TNRC18P1	10.6543	1.9485	1.0443	0.0013	0.0028
TNRC6A	1090.8785	-1.68	0.1157	0.0	0.0
TNRC6B	399.3794	-2.2518	0.1917	0.0	0.0
TNRC6C	233.3235	-2.3933	0.2543	0.0	0.0
TNS3	761.6324	-2.2572	0.1412	0.0	0.0
TOB1	267.24	-1.0068	0.2087	0.0	0.0
TOB2	748.4068	-3.184	0.1585	0.0	0.0
TOB2P1	72.6435	1.1204	0.3784	0.0012	0.0026
TOM1L2	844.2328	-1.1475	0.1259	0.0	0.0
TOMM22	3307.4329	1.0333	0.0755	0.0	0.0
TOMM40L	501.8363	-1.391	0.1572	0.0	0.0
TOMM5	4552.345	1.2813	0.0696	0.0	0.0
TOMM70A	1977.7604	-1.2527	0.0923	0.0	0.0
TONSL	1003.5013	-1.1274	0.1214	0.0	0.0
TOP3A	816.3597	-2.5396	0.1387	0.0	0.0
TOP3B	226.1033	-1.4712	0.2336	0.0	0.0
TOR1AIP2	3267.3447	1.0926	0.0816	0.0	0.0
TOR2A	112.8177	-1.7376	0.3337	0.0	0.0
TOX2	52.4702	-1.1267	0.4366	0.0037	0.0075
TP53RK	385.1644	-1.565	0.181	0.0	0.0
TP73	75.4556	-3.0767	0.5006	0.0	0.0
TP73-AS1	139.5214	1.4376	0.2808	0.0	0.0
TPK1	52.1248	1.3365	0.4338	0.0005	0.0012
TPP1	1285.6036	1.1572	0.1077	0.0	0.0
TPRA1	563.5033	-1.9181	0.1549	0.0	0.0
TPRN	425.1459	-2.9419	0.1971	0.0	0.0
TPT1	23791.0058	1.1262	0.0589	0.0	0.0
TPTE	33.8522	-1.6252	0.5642	0.0005	0.0011
TRAF1	24.5893	-1.9693	0.7278	0.0003	0.0006
TRAF2	448.4483	-3.3094	0.1985	0.0	0.0
TRAF4	1287.7424	-2.0319	0.1264	0.0	0.0
TRAF5	104.3686	-2.1842	0.3573	0.0	0.0
TRAF6	145.1047	-1.9635	0.2937	0.0	0.0
TRAFD1	534.9278	-1.4427	0.1542	0.0	0.0
TRAIP	187.3236	-2.2038	0.2699	0.0	0.0
TRAK2	292.3821	-1.692	0.2294	0.0	0.0
TRAM2	1643.3694	-1.131	0.1079	0.0	0.0
TRAPPC2	102.5726	-1.5512	0.3592	0.0	0.0
TRAPPC6A	24.7312	1.1264	0.5852	0.0173	0.0319
TRAPPC9	466.8577	1.1646	0.1589	0.0	0.0
TRERF1	184.2314	-1.9565	0.2643	0.0	0.0
TREX1	166.0061	-1.2401	0.2665	0.0	0.0
TRHDE	2472.7556	1.2385	0.0985	0.0	0.0
TRHDE-AS1	778.8659	1.0198	0.135	0.0	0.0
TRIB1	676.9711	1.4184	0.135	0.0	0.0
TRIM11	809.4686	-1.8757	0.1392	0.0	0.0
TRIM13	260.4536	-1.6855	0.2314	0.0	0.0
TRIM2	315.2447	-1.2744	0.1935	0.0	0.0
TRIM21	95.7088	-1.1455	0.3372	0.0003	0.0006
TRIM23	202.9404	-1.6401	0.244	0.0	0.0
TRIM24	341.8194	-2.1538	0.208	0.0	0.0
TRIM26	457.3421	-2.1014	0.1755	0.0	0.0
TRIM27	918.2693	-2.2942	0.1297	0.0	0.0
TRIM3	185.1355	-1.8706	0.2582	0.0	0.0
TRIM31	3.1842	1.0601	1.159	0.0197	0.036
TRIM32	1930.4982	2.2116	0.0932	0.0	0.0
TRIM35	288.3923	-1.512	0.2085	0.0	0.0
TRIM36	73.0907	-2.2578	0.4479	0.0	0.0
TRIM37	465.6158	-1.2063	0.165	0.0	0.0
TRIM38	128.0805	-1.1882	0.2924	0.0	0.0
TRIM39	131.9612	-1.3256	0.2974	0.0	0.0
TRIM45	38.5937	-1.827	0.5508	0.0001	0.0002
TRIM46	50.6346	-2.0349	0.5167	0.0	0.0
TRIM47	532.5715	-1.0529	0.1579	0.0	0.0
TRIM62	220.936	-2.6452	0.2633	0.0	0.0
TRIM65	589.6763	-3.0478	0.1714	0.0	0.0
TRIM66	51.2216	-2.7765	0.5732	0.0	0.0
TRIM68	110.3334	-3.4312	0.4121	0.0	0.0
TRIM9	29.43	-1.5797	0.6018	0.0011	0.0024
TRIML2	40.8898	-2.2954	0.5982	0.0	0.0
TRIP10	561.1989	-1.9481	0.1555	0.0	0.0
TRMT10B	94.4805	-1.144	0.3601	0.0006	0.0013
TRMT10C	3342.1643	2.3573	0.0924	0.0	0.0
TRMT12	1027.4315	2.3857	0.1199	0.0	0.0
TRMT1L	472.5464	-1.834	0.1692	0.0	0.0
TRMT2A	622.3086	-1.6954	0.1647	0.0	0.0
TRMT5	234.2285	-1.0582	0.2332	0.0	0.0
TRMT61A	666.5037	-1.319	0.1414	0.0	0.0
TRPM2	250.4512	-1.2819	0.2171	0.0	0.0
TRPV1	70.7932	-2.3599	0.4925	0.0	0.0
TSC1	276.2377	-1.296	0.2192	0.0	0.0
TSC22D2	1248.7358	1.3107	0.1157	0.0	0.0
TSC22D4	602.834	-2.3481	0.1549	0.0	0.0
TSEN2	185.1038	-1.6582	0.2705	0.0	0.0
TSEN54	315.4488	-1.2728	0.2009	0.0	0.0
TSKU	416.6358	-2.9127	0.192	0.0	0.0
TSNARE1	63.2907	-1.7218	0.4408	0.0	0.0
TSPAN14	1854.2951	-1.1479	0.0992	0.0	0.0
TSPAN5	302.7271	-1.0455	0.1965	0.0	0.0
TSPYL1	1669.1715	1.4173	0.0962	0.0	0.0
TSPYL4	1468.7481	2.9714	0.1093	0.0	0.0
TSTD2	258.6921	-1.3214	0.212	0.0	0.0
TTC23	113.5158	-2.4985	0.3519	0.0	0.0
TTC30A	334.6688	2.5097	0.2094	0.0	0.0
TTC30B	153.2243	1.6652	0.2888	0.0	0.0
TTC4	400.4638	-1.8542	0.1948	0.0	0.0
TTC7B	322.7697	1.0222	0.1849	0.0	0.0
TTC9C	239.2642	-1.2742	0.2212	0.0	0.0
TTF1	510.7182	-1.3062	0.1614	0.0	0.0
TTK	380.3162	-2.029	0.1888	0.0	0.0
TTPAL	775.5589	-1.6825	0.1348	0.0	0.0
TTYH2	29.9121	-1.2134	0.5681	0.0091	0.0176
TUB	137.8811	-1.1251	0.2825	0.0	0.0001
TUBA1B	76071.3404	1.154	0.05	0.0	0.0
TUBA3FP	4.1192	-1.181	1.16	0.0145	0.0272
TUBB	51387.9893	1.207	0.0515	0.0	0.0
TUBD1	77.1959	-1.5793	0.4017	0.0	0.0
TUFT1	348.998	-1.2346	0.1939	0.0	0.0
TUG1	2815.1384	1.6467	0.0899	0.0	0.0
TULP3	391.5409	-1.2158	0.1854	0.0	0.0
TUSC3	1701.1716	1.0931	0.0933	0.0	0.0
TUT1	668.236	-1.73	0.1472	0.0	0.0
TVP23A	22.908	1.6302	0.6533	0.0013	0.0028
TVP23C-CDRT4	96.377	-1.2325	0.3424	0.0001	0.0003
TWIST2	120.6064	-1.3065	0.3077	0.0	0.0
TWSG1	916.4915	1.0643	0.1182	0.0	0.0
TXLNA	1662.68	-2.7608	0.1054	0.0	0.0
TXLNG	570.3338	-1.2073	0.1502	0.0	0.0
TXN	7692.2417	1.1234	0.0748	0.0	0.0
TXNDC17	1433.0648	1.0531	0.1077	0.0	0.0
TXNIP	844.1613	1.8311	0.1262	0.0	0.0
TYW5	97.7357	-1.5051	0.3408	0.0	0.0
U2SURP	2361.5525	-1.0894	0.0928	0.0	0.0
UAP1L1	232.9425	-1.1731	0.2411	0.0	0.0
UBA52	22800.775	1.1307	0.0581	0.0	0.0
UBA6-AS1	117.7734	-1.8546	0.3199	0.0	0.0
UBALD1	392.6301	-1.1399	0.1796	0.0	0.0
UBAP2	493.4193	-1.9764	0.1651	0.0	0.0
UBE2B	453.7354	-1.5615	0.1672	0.0	0.0
UBE2G1	946.7816	-1.4656	0.1393	0.0	0.0
UBE2J2	992.5124	-1.9815	0.1225	0.0	0.0
UBE2O	930.9459	-1.7813	0.128	0.0	0.0
UBE2Q2	386.4487	-1.434	0.1778	0.0	0.0
UBE2R2	3533.489	1.2273	0.075	0.0	0.0
UBL5	3261.093	1.2848	0.09	0.0	0.0
UBN1	1556.9762	-1.3483	0.1051	0.0	0.0
UBP1	2068.7369	-1.0149	0.0883	0.0	0.0
UBQLN2	1693.803	1.1438	0.0951	0.0	0.0
UBR2	364.1046	-1.0378	0.1879	0.0	0.0
UBR5	1142.6742	-1.4017	0.113	0.0	0.0
UBXN7	575.6397	1.5088	0.1544	0.0	0.0
UCK1	747.6743	-1.4284	0.1363	0.0	0.0
UCKL1-AS1	65.6988	1.5158	0.3978	0.0	0.0001
UCN	8.316	-1.2204	0.9362	0.0244	0.0439
UCN2	224.4997	-1.7207	0.2343	0.0	0.0
UFSP1	110.075	1.7361	0.3361	0.0	0.0
UGGT2	655.1386	1.081	0.1397	0.0	0.0
UHRF1	4043.747	-1.6207	0.0745	0.0	0.0
ULK1	399.3448	-1.3947	0.1768	0.0	0.0
UNC119	326.0996	-1.3212	0.1927	0.0	0.0
UNC119B	681.4082	-1.8555	0.1422	0.0	0.0
UNC50	223.5459	-1.6982	0.2401	0.0	0.0
UNKL	516.9741	-2.2069	0.1661	0.0	0.0
UPF1	4446.2889	-1.0377	0.0765	0.0	0.0
UPF2	471.4728	-1.0906	0.1622	0.0	0.0
UPF3B	263.2335	-2.0936	0.2309	0.0	0.0
UQCRB	2850.8839	1.1101	0.1028	0.0	0.0
UQCRH	6898.6184	1.0264	0.0624	0.0	0.0
UQCRHL	534.5926	1.0819	0.1634	0.0	0.0
UQCRQ	3363.6338	1.0716	0.0744	0.0	0.0
URGCP	586.692	-1.0724	0.1604	0.0	0.0
USF1	602.0218	-2.3918	0.1575	0.0	0.0
USMG5	2673.841	1.0705	0.0854	0.0	0.0
USP10	1605.6533	-1.1975	0.1037	0.0	0.0
USP12	316.6593	-1.0762	0.214	0.0	0.0
USP20	335.7922	-1.948	0.1975	0.0	0.0
USP21	275.871	-2.7099	0.239	0.0	0.0
USP22	5031.9112	-1.0443	0.0694	0.0	0.0
USP3	313.7289	-1.1723	0.2045	0.0	0.0
USP3-AS1	11.5931	1.3006	0.8015	0.0164	0.0304
USP30	82.6555	-2.7363	0.4633	0.0	0.0
USP32P2	46.4245	-1.0039	0.4616	0.0131	0.0246
USP36	790.544	-1.9755	0.1358	0.0	0.0
USP37	249.759	-1.3861	0.2203	0.0	0.0
USP42	283.3913	-1.2221	0.2028	0.0	0.0
USP45	97.8692	-1.3702	0.3604	0.0	0.0001
USP47	498.0047	-1.222	0.1714	0.0	0.0
USP49	45.9979	-1.0793	0.4878	0.0103	0.0197
USP53	510.7246	-2.0397	0.1636	0.0	0.0
USP54	195.0677	-1.5237	0.2489	0.0	0.0
USP6	6.8776	-1.2204	1.1007	0.0169	0.0313
USP8	635.6346	-1.2772	0.1574	0.0	0.0
USPL1	418.5587	1.2642	0.171	0.0	0.0
UTP14C	260.2718	-1.5278	0.2291	0.0	0.0
UTP15	484.587	-1.4717	0.1622	0.0	0.0
UTP23	510.5724	-1.0446	0.1553	0.0	0.0
UTP3	3032.4315	2.2976	0.0793	0.0	0.0
VAC14-AS1	5.8143	1.181	1.0384	0.0234	0.0423
VANGL1	499.2946	-2.1107	0.1657	0.0	0.0
VAPB	729.158	-1.0585	0.1327	0.0	0.0
VASH2	14.252	-1.5629	0.8201	0.0049	0.0098
VAV2	673.0086	-2.3618	0.1499	0.0	0.0
VBP1	2273.8144	1.0081	0.096	0.0	0.0
VCPIP1	1686.994	2.6597	0.1068	0.0	0.0
VCPKMT	38.1151	-1.7106	0.5435	0.0002	0.0004
VCX	151.4121	1.396	0.2913	0.0	0.0
VCX3A	347.5031	1.0863	0.1821	0.0	0.0
VDR	282.3135	-2.0025	0.2153	0.0	0.0
VEZF1	828.7152	-1.335	0.1294	0.0	0.0
VGF	11753.807	1.5023	0.0724	0.0	0.0
VHL	626.922	-2.3989	0.1548	0.0	0.0
VIPAS39	210.7538	-1.5939	0.2406	0.0	0.0
VLDLR	75.6693	-1.265	0.3743	0.0002	0.0005
VPS13B	521.1379	1.9565	0.1776	0.0	0.0
VPS18	1673.5802	1.1043	0.1014	0.0	0.0
VPS37A	301.512	-2.4431	0.22	0.0	0.0
VPS37C	351.7239	-2.0289	0.1954	0.0	0.0
VPS37D	17.7157	-1.1907	0.7187	0.0225	0.0407
VPS4B	785.2039	-2.3003	0.1372	0.0	0.0
VPS54	251.737	-1.7105	0.2256	0.0	0.0
VRK3	259.7573	-1.3265	0.2117	0.0	0.0
VWCE	10.2709	-1.364	0.9365	0.0139	0.0261
WAC	969.2287	-2.9782	0.1345	0.0	0.0
WAC-AS1	160.4172	-1.5853	0.2857	0.0	0.0
WAPAL	1048.2524	-2.3869	0.1226	0.0	0.0
WASF2	2051.3518	-1.0766	0.0919	0.0	0.0
WASH3P	68.5086	-1.3658	0.3937	0.0001	0.0003
WASL	551.3453	-2.839	0.1695	0.0	0.0
WBP4	176.813	-1.3952	0.2619	0.0	0.0
WDR20	198.0094	-1.2941	0.245	0.0	0.0
WDR25	67.5986	-1.2228	0.4071	0.0009	0.0019
WDR26	1575.2052	-1.0959	0.1162	0.0	0.0
WDR3	2347.6153	-1.1208	0.085	0.0	0.0
WDR36	954.281	-1.1311	0.126	0.0	0.0
WDR37	198.6492	-1.1145	0.2386	0.0	0.0
WDR43	1742.6647	-1.1844	0.0988	0.0	0.0
WDR44	181.8664	-1.605	0.2551	0.0	0.0
WDR5	1622.9829	-1.1352	0.0973	0.0	0.0
WDR52	62.1653	-1.6719	0.4227	0.0	0.0
WDR53	85.9902	-1.2403	0.3497	0.0001	0.0003
WDR55	845.9581	-1.2242	0.1274	0.0	0.0
WDR59	375.709	-1.0612	0.1819	0.0	0.0
WDR5B	515.2494	2.1419	0.1642	0.0	0.0
WDR60	99.0976	-1.5143	0.367	0.0	0.0
WDR73	310.3515	-2.035	0.2052	0.0	0.0
WDR74	1132.0977	-1.8772	0.1355	0.0	0.0
WDR78	4.6921	1.5353	1.285	0.0035	0.0073
WDR82	2873.2204	-1.073	0.0791	0.0	0.0
WDR83OS	3195.646	1.0144	0.0759	0.0	0.0
WDR88	36.3601	2.0987	0.5681	0.0	0.0
WDR91	82.2718	-2.5407	0.4228	0.0	0.0
WDYHV1	143.3088	1.1091	0.2754	0.0	0.0001
WEE1	1330.3903	1.5994	0.1069	0.0	0.0
WIBG	277.0183	-1.2414	0.2041	0.0	0.0
WIPF2	686.6795	-1.6445	0.1492	0.0	0.0
WNT3	50.2751	-1.3619	0.4567	0.0007	0.0015
WNT9A	58.2468	-3.2558	0.6016	0.0	0.0
WRAP73	626.6201	-1.0954	0.1466	0.0	0.0
WSB1	429.5501	-1.6136	0.1705	0.0	0.0
WT1	171.1554	-2.5624	0.2933	0.0	0.0
WTAP	1902.6777	1.6082	0.0982	0.0	0.0
WTIP	62.281	-2.1744	0.4518	0.0	0.0
WWC1	349.2063	-1.2309	0.1927	0.0	0.0
WWP1	344.0765	-1.7909	0.2029	0.0	0.0
WWTR1-AS1	18.5959	2.3928	0.8534	0.0001	0.0001
XAGE1B	1955.9602	1.0565	0.4022	0.0037	0.0075
XCL1	3.6832	1.234	1.1996	0.0104	0.0199
XIAP	553.4332	-1.7808	0.176	0.0	0.0
XPC	808.8351	-1.6602	0.1307	0.0	0.0
XRCC3	466.0456	-1.2166	0.1734	0.0	0.0
XRCC6	13417.6132	1.0602	0.0609	0.0	0.0
XYLT2	571.409	-1.8877	0.1556	0.0	0.0
YAE1D1	101.4627	-2.9093	0.4018	0.0	0.0
YBX1	50339.3403	1.0964	0.0524	0.0	0.0
YEATS2	528.0292	-2.0681	0.1734	0.0	0.0
YEATS4	306.3256	-1.4724	0.1978	0.0	0.0
YOD1	1313.278	2.5787	0.1244	0.0	0.0
YPEL2	20.4621	-1.3429	0.6679	0.0083	0.0161
YPEL3	50.7667	-1.624	0.4701	0.0001	0.0002
YRDC	4726.6358	1.7815	0.0689	0.0	0.0
YTHDC1	760.3601	-1.1435	0.131	0.0	0.0
YWHAE	23570.5785	1.2476	0.0535	0.0	0.0
YWHAG	14344.9341	1.2681	0.0611	0.0	0.0
YY1AP1	727.0917	-1.5592	0.1341	0.0	0.0
ZADH2	547.2883	-1.2792	0.151	0.0	0.0
ZBED1	508.1691	-1.2184	0.1614	0.0	0.0
ZBED3	62.8814	-1.4324	0.4183	0.0001	0.0003
ZBED5	276.7656	-1.1549	0.2113	0.0	0.0
ZBED6	488.7132	2.468	0.1926	0.0	0.0
ZBTB11	1350.903	1.4269	0.1043	0.0	0.0
ZBTB11-AS1	452.6341	1.2887	0.1606	0.0	0.0
ZBTB17	303.1638	-1.9264	0.2063	0.0	0.0
ZBTB18	741.8442	1.1228	0.1349	0.0	0.0
ZBTB2	859.3264	1.5921	0.1388	0.0	0.0
ZBTB20	90.0442	1.6252	0.3514	0.0	0.0
ZBTB21	696.4787	1.4939	0.1482	0.0	0.0
ZBTB24	345.3451	2.2654	0.198	0.0	0.0
ZBTB26	52.6231	-1.095	0.4357	0.0047	0.0094
ZBTB3	202.8736	1.8591	0.2396	0.0	0.0
ZBTB32	11.1271	2.3691	1.2379	0.0003	0.0007
ZBTB33	847.403	1.7054	0.1326	0.0	0.0
ZBTB34	398.3008	1.0715	0.1697	0.0	0.0
ZBTB37	113.3065	2.0241	0.3279	0.0	0.0
ZBTB38	2529.5242	-2.0517	0.0873	0.0	0.0
ZBTB4	818.2107	-1.7633	0.1298	0.0	0.0
ZBTB41	244.9516	-2.0021	0.2566	0.0	0.0
ZBTB46	34.2921	-1.4566	0.5537	0.0015	0.0032
ZBTB47	361.0364	-1.4812	0.1876	0.0	0.0
ZBTB48	157.4343	-1.2373	0.2873	0.0	0.0
ZBTB5	787.5743	1.777	0.13	0.0	0.0
ZBTB6	1502.2519	2.7593	0.1155	0.0	0.0
ZBTB8B	23.0432	-1.5465	0.6602	0.0024	0.0049
ZBTB9	663.3635	1.5162	0.1445	0.0	0.0
ZC2HC1A	65.3581	-1.5487	0.4323	0.0001	0.0001
ZC3H10	380.2289	1.4536	0.1764	0.0	0.0
ZC3H11A	1544.9934	-1.1279	0.115	0.0	0.0
ZC3H12A	212.4944	1.6158	0.2331	0.0	0.0
ZC3H13	840.4763	-1.2823	0.13	0.0	0.0
ZC3H14	585.9665	-1.2973	0.1541	0.0	0.0
ZC3H18	1986.6903	-1.4876	0.0967	0.0	0.0
ZC3H3	289.1787	-2.8088	0.2311	0.0	0.0
ZC3H8	96.3259	-1.5363	0.3587	0.0	0.0
ZCCHC10	134.0151	-3.5746	0.3858	0.0	0.0
ZCCHC14	402.9469	-1.8332	0.182	0.0	0.0
ZCCHC2	269.2326	-1.2979	0.2092	0.0	0.0
ZCCHC24	768.4184	-4.1318	0.1793	0.0	0.0
ZCCHC3	2013.8578	1.8773	0.0922	0.0	0.0
ZCCHC4	149.3197	-1.699	0.2965	0.0	0.0
ZCCHC7	207.1561	-1.9205	0.2514	0.0	0.0
ZCCHC8	381.6236	-1.0782	0.1751	0.0	0.0
ZCCHC9	302.7629	-2.2673	0.2199	0.0	0.0
ZCWPW1	112.6221	-2.0986	0.3482	0.0	0.0
ZDBF2	192.5143	-1.8515	0.2575	0.0	0.0
ZDHHC18	390.7243	-3.4987	0.2203	0.0	0.0
ZDHHC2	612.1557	1.0006	0.1439	0.0	0.0
ZDHHC7	850.3802	-1.0947	0.1254	0.0	0.0
ZEB1-AS1	79.3152	2.2736	0.4051	0.0	0.0
ZFHX2	36.6223	-1.9849	0.5907	0.0	0.0001
ZFP14	43.0125	-1.0619	0.4803	0.0107	0.0205
ZFP36	144.3522	-1.9265	0.3054	0.0	0.0
ZFP36L1	3085.0908	1.3671	0.0788	0.0	0.0
ZFP36L2	3739.9817	1.0124	0.0742	0.0	0.0
ZFP42	498.212	1.6633	0.1678	0.0	0.0
ZFP64	302.2568	-2.275	0.2148	0.0	0.0
ZFP69	78.4549	-1.471	0.3801	0.0	0.0001
ZFP90	96.208	-1.6391	0.3533	0.0	0.0
ZFPM2	835.6265	1.7371	0.1301	0.0	0.0
ZFYVE1	143.5007	-1.8019	0.2895	0.0	0.0
ZFYVE20	408.8707	-1.7858	0.1766	0.0	0.0
ZFYVE21	112.0512	-2.2917	0.3461	0.0	0.0
ZFYVE26	230.469	-1.1892	0.2224	0.0	0.0
ZFYVE27	547.128	-3.6131	0.1935	0.0	0.0
ZGLP1	16.3787	-1.1838	0.7324	0.0241	0.0434
ZGPAT	521.7364	-1.5115	0.165	0.0	0.0
ZHX3	523.8763	-1.5693	0.1572	0.0	0.0
ZIK1	353.2861	1.4391	0.1871	0.0	0.0
ZKSCAN1	717.7689	-2.2395	0.1505	0.0	0.0
ZKSCAN3	33.1683	-1.3175	0.5487	0.0038	0.0078
ZKSCAN4	113.458	1.0999	0.31	0.0002	0.0004
ZKSCAN5	822.7265	1.6766	0.1283	0.0	0.0
ZKSCAN8	213.1945	-2.5237	0.2598	0.0	0.0
ZMAT2	1580.0922	1.06	0.0973	0.0	0.0
ZMAT3	965.1809	1.9408	0.128	0.0	0.0
ZMIZ1	1094.9199	-3.3235	0.1407	0.0	0.0
ZMYM1	164.9211	-2.0338	0.2926	0.0	0.0
ZMYM6	132.6756	-1.2259	0.2865	0.0	0.0
ZMYND19	729.791	-2.9691	0.1503	0.0	0.0
ZMYND8	1190.6511	-1.2461	0.1099	0.0	0.0
ZNF100	177.7437	-2.5636	0.291	0.0	0.0
ZNF106	1125.1299	-1.3573	0.1128	0.0	0.0
ZNF112	55.6025	-1.237	0.4318	0.0013	0.0028
ZNF117	16.7512	-1.171	0.7047	0.0236	0.0427
ZNF12	639.6684	1.628	0.1407	0.0	0.0
ZNF121	467.9666	2.5636	0.1792	0.0	0.0
ZNF124	79.0762	-2.1705	0.449	0.0	0.0
ZNF136	332.0874	1.8741	0.1944	0.0	0.0
ZNF138	56.3855	-1.0047	0.4824	0.0161	0.0299
ZNF14	199.5367	1.4824	0.2377	0.0	0.0
ZNF140	118.9985	-1.6332	0.3117	0.0	0.0
ZNF143	203.3137	-1.6383	0.2435	0.0	0.0
ZNF146	1044.7983	-1.4155	0.1281	0.0	0.0
ZNF148	423.5027	-2.1956	0.18	0.0	0.0
ZNF155	138.0921	1.4003	0.2807	0.0	0.0
ZNF16	264.7023	2.0393	0.2183	0.0	0.0
ZNF160	129.8724	-1.1403	0.3297	0.0002	0.0005
ZNF17	231.8881	2.3999	0.2537	0.0	0.0
ZNF174	179.4711	-2.3239	0.2746	0.0	0.0
ZNF175	61.8695	-1.415	0.4194	0.0002	0.0004
ZNF180	476.7971	1.8278	0.162	0.0	0.0
ZNF181	69.5251	-1.0775	0.3869	0.0022	0.0047
ZNF182	79.6997	-1.2022	0.3644	0.0003	0.0008
ZNF184	189.6847	1.287	0.2408	0.0	0.0
ZNF19	11.5835	-1.2277	0.8116	0.023	0.0416
ZNF195	304.917	1.2943	0.1917	0.0	0.0
ZNF197	133.021	-2.2937	0.3224	0.0	0.0
ZNF20	180.0879	2.0513	0.2596	0.0	0.0
ZNF200	721.5899	1.2395	0.1324	0.0	0.0
ZNF213	277.0108	-1.5127	0.2085	0.0	0.0
ZNF215	59.4418	-1.3821	0.424	0.0003	0.0006
ZNF217	2683.7271	1.8579	0.0994	0.0	0.0
ZNF22	841.0183	1.5221	0.1371	0.0	0.0
ZNF222	82.3533	1.4325	0.355	0.0	0.0
ZNF227	543.9421	1.3711	0.1575	0.0	0.0
ZNF229	141.0604	-1.488	0.2856	0.0	0.0
ZNF230	104.4899	1.3692	0.3235	0.0	0.0
ZNF236	185.9284	-1.1094	0.2473	0.0	0.0
ZNF24	3060.8092	2.0746	0.0891	0.0	0.0
ZNF248	90.3632	-2.0191	0.4035	0.0	0.0
ZNF25	20.5336	-2.234	0.8378	0.0001	0.0003
ZNF250	34.6312	-2.5793	0.6746	0.0	0.0
ZNF253	42.5008	-2.6688	0.6315	0.0	0.0
ZNF256	299.4016	2.2552	0.2076	0.0	0.0
ZNF26	417.3334	1.3508	0.1855	0.0	0.0
ZNF260	190.3884	-1.0583	0.2431	0.0	0.0
ZNF264	512.6294	1.3233	0.1556	0.0	0.0
ZNF267	375.5038	2.1916	0.1964	0.0	0.0
ZNF273	42.9432	-2.4014	0.586	0.0	0.0
ZNF274	249.8838	-1.7356	0.2221	0.0	0.0
ZNF275	240.7982	-1.1551	0.2261	0.0	0.0
ZNF277	111.6076	-1.1763	0.3169	0.0001	0.0002
ZNF28	117.0257	-1.2877	0.3085	0.0	0.0
ZNF280C	92.9507	-3.1391	0.4359	0.0	0.0
ZNF281	1447.5514	1.9744	0.1135	0.0	0.0
ZNF282	896.8197	-1.0705	0.1356	0.0	0.0
ZNF284	154.3336	2.1047	0.3089	0.0	0.0
ZNF285	12.9533	-1.5173	0.8538	0.0067	0.0131
ZNF286A	301.2161	-2.0947	0.2133	0.0	0.0
ZNF286B	44.8788	-1.3216	0.4789	0.0015	0.0032
ZNF296	285.8228	2.2465	0.2226	0.0	0.0
ZNF3	946.1519	1.4153	0.1202	0.0	0.0
ZNF30	50.4353	-1.8925	0.491	0.0	0.0
ZNF302	118.2821	-2.5019	0.3789	0.0	0.0
ZNF317	530.8295	-1.3943	0.1563	0.0	0.0
ZNF318	318.0195	-1.3174	0.193	0.0	0.0
ZNF322	486.4389	1.1426	0.1571	0.0	0.0
ZNF324	910.9293	1.9485	0.1265	0.0	0.0
ZNF324B	457.7899	1.4202	0.1702	0.0	0.0
ZNF329	347.1661	1.4653	0.1891	0.0	0.0
ZNF330	279.6507	-1.4113	0.2057	0.0	0.0
ZNF33B	120.6625	-1.8029	0.3278	0.0	0.0
ZNF341	90.3953	-2.2953	0.3954	0.0	0.0
ZNF343	484.9408	1.3308	0.1555	0.0	0.0
ZNF346	169.8685	-3.9409	0.3617	0.0	0.0
ZNF347	72.6447	-1.8119	0.4164	0.0	0.0
ZNF35	578.4906	2.24	0.152	0.0	0.0
ZNF350	143.7079	2.3635	0.2953	0.0	0.0
ZNF354C	56.1536	-1.4776	0.4522	0.0002	0.0005
ZNF362	100.4812	-2.4847	0.3883	0.0	0.0
ZNF365	83.5532	-1.8859	0.3935	0.0	0.0
ZNF37A	241.6362	-1.3549	0.2332	0.0	0.0
ZNF384	2312.3959	1.235	0.0851	0.0	0.0
ZNF385A	515.6912	-2.6719	0.1753	0.0	0.0
ZNF391	15.7507	-1.6066	0.8597	0.0044	0.0089
ZNF394	1212.2594	2.1452	0.1132	0.0	0.0
ZNF395	452.2434	-1.0651	0.162	0.0	0.0
ZNF408	1179.31	2.375	0.1191	0.0	0.0
ZNF414	169.2544	-2.5391	0.3018	0.0	0.0
ZNF416	322.4494	2.3865	0.2004	0.0	0.0
ZNF417	106.9211	-1.7819	0.3372	0.0	0.0
ZNF420	417.9462	2.3134	0.1812	0.0	0.0
ZNF426	338.1301	2.2812	0.1941	0.0	0.0
ZNF430	377.9441	1.6154	0.1892	0.0	0.0
ZNF431	243.3276	1.743	0.2244	0.0	0.0
ZNF432	137.3689	1.8415	0.2955	0.0	0.0
ZNF438	33.4232	-1.8524	0.5945	0.0001	0.0003
ZNF444	379.3068	-1.3864	0.1909	0.0	0.0
ZNF445	366.6492	-1.4286	0.1854	0.0	0.0
ZNF446	158.8467	-1.7411	0.2743	0.0	0.0
ZNF45	295.2164	-1.1692	0.1997	0.0	0.0
ZNF460	328.6126	3.4226	0.2368	0.0	0.0
ZNF484	203.6752	1.8527	0.2416	0.0	0.0
ZNF485	38.1885	-1.3194	0.511	0.0024	0.005
ZNF488	34.8348	-3.7626	1.0311	0.0	0.0
ZNF491	5.281	-1.4645	1.2285	0.0052	0.0104
ZNF492	121.5526	-1.3568	0.314	0.0	0.0
ZNF497	52.8298	-1.3092	0.4502	0.001	0.0022
ZNF500	92.8541	-2.0977	0.3776	0.0	0.0
ZNF501	7.3755	-1.2261	1.0096	0.0215	0.0391
ZNF503-AS2	33.1891	-1.5975	0.5648	0.0006	0.0013
ZNF507	509.1995	-1.0467	0.1665	0.0	0.0
ZNF512	127.8676	-1.6701	0.3041	0.0	0.0
ZNF512B	850.0122	-1.78	0.1297	0.0	0.0
ZNF513	710.9616	1.2092	0.1445	0.0	0.0
ZNF514	37.8341	-1.9274	0.5729	0.0	0.0001
ZNF517	33.3401	-2.3386	0.6576	0.0	0.0
ZNF518A	178.2324	-1.9914	0.266	0.0	0.0
ZNF519	25.7843	-2.3103	0.7433	0.0	0.0001
ZNF525	76.9385	1.0676	0.3608	0.0013	0.0029
ZNF526	1049.0489	2.1975	0.1277	0.0	0.0
ZNF543	226.7971	2.0842	0.2317	0.0	0.0
ZNF544	399.9738	-1.4249	0.1776	0.0	0.0
ZNF548	342.904	1.5547	0.1933	0.0	0.0
ZNF549	83.2232	-1.68	0.3737	0.0	0.0
ZNF550	721.334	2.3675	0.1459	0.0	0.0
ZNF554	19.867	-1.5869	0.7343	0.003	0.0062
ZNF558	79.1351	-1.6239	0.3806	0.0	0.0
ZNF559	115.4964	-2.3521	0.3517	0.0	0.0
ZNF563	13.4449	-1.5186	0.8707	0.0068	0.0134
ZNF564	82.1493	-1.1394	0.356	0.0005	0.0012
ZNF567	228.0449	2.1065	0.2311	0.0	0.0
ZNF57	202.9981	2.8035	0.2731	0.0	0.0
ZNF570	58.2281	1.0434	0.4141	0.0051	0.0101
ZNF574	2251.472	2.5978	0.0927	0.0	0.0
ZNF575	23.5877	-1.4479	0.6541	0.0041	0.0084
ZNF576	175.0065	-1.6173	0.2947	0.0	0.0
ZNF577	27.7016	-1.4619	0.6113	0.0027	0.0056
ZNF581	993.4058	1.9164	0.1184	0.0	0.0
ZNF584	431.788	1.0359	0.1669	0.0	0.0
ZNF585B	105.4553	-2.1825	0.383	0.0	0.0
ZNF586	493.8743	2.708	0.1704	0.0	0.0
ZNF587B	149.1453	-2.0229	0.2912	0.0	0.0
ZNF589	203.0919	-1.1251	0.2345	0.0	0.0
ZNF594	86.6837	-1.0772	0.3545	0.001	0.0022
ZNF597	156.4662	2.9952	0.3389	0.0	0.0
ZNF598	1901.6317	-1.7317	0.0978	0.0	0.0
ZNF605	137.2064	-1.36	0.2982	0.0	0.0
ZNF609	1054.3052	-2.7636	0.1272	0.0	0.0
ZNF611	76.4123	-1.32	0.3831	0.0002	0.0004
ZNF614	436.808	1.5086	0.1697	0.0	0.0
ZNF615	128.6891	1.1528	0.3046	0.0001	0.0002
ZNF616	341.1722	2.3951	0.1952	0.0	0.0
ZNF618	257.2893	-1.3082	0.2158	0.0	0.0
ZNF619	60.4823	-1.1995	0.4258	0.0016	0.0035
ZNF620	53.9069	1.2152	0.4256	0.0014	0.003
ZNF622	2928.3354	1.9826	0.0822	0.0	0.0
ZNF627	90.4892	-1.0007	0.339	0.0015	0.0033
ZNF628	554.6042	1.5187	0.1552	0.0	0.0
ZNF629	1017.6653	1.9154	0.1183	0.0	0.0
ZNF638	994.3317	-1.7056	0.1265	0.0	0.0
ZNF641	44.2947	-1.0769	0.4702	0.0086	0.0167
ZNF646	2069.2732	2.3159	0.0913	0.0	0.0
ZNF653	98.3853	-3.4765	0.4428	0.0	0.0
ZNF658	52.6351	-1.1107	0.4464	0.0049	0.0098
ZNF658B	6.4524	-1.1704	1.0889	0.0205	0.0375
ZNF660	9.1804	-1.5129	1.0543	0.0072	0.014
ZNF669	329.1392	2.3643	0.2024	0.0	0.0
ZNF672	519.2238	-2.6277	0.1742	0.0	0.0
ZNF674	40.5898	-1.9168	0.5683	0.0	0.0001
ZNF674-AS1	175.9754	2.6657	0.2843	0.0	0.0
ZNF675	329.0359	1.6921	0.1984	0.0	0.0
ZNF680	67.9683	-1.444	0.4154	0.0001	0.0003
ZNF681	87.832	-3.4134	0.4656	0.0	0.0
ZNF682	27.7116	-1.3758	0.5984	0.0042	0.0085
ZNF684	38.8948	-1.3107	0.5061	0.0024	0.005
ZNF691	93.5364	-2.1065	0.3826	0.0	0.0
ZNF692	331.3378	-1.2849	0.211	0.0	0.0
ZNF696	287.063	-1.5095	0.2087	0.0	0.0
ZNF697	1484.72	2.3126	0.1088	0.0	0.0
ZNF699	180.6279	3.0335	0.2811	0.0	0.0
ZNF70	132.7793	1.0197	0.2814	0.0001	0.0003
ZNF701	55.9412	1.6013	0.4339	0.0	0.0001
ZNF702P	79.4969	-1.1868	0.3683	0.0005	0.001
ZNF706	760.369	-1.2009	0.1345	0.0	0.0
ZNF710	240.3405	-2.6911	0.2501	0.0	0.0
ZNF711	14.6335	-1.3041	0.764	0.0148	0.0277
ZNF714	162.8762	-1.4829	0.2667	0.0	0.0
ZNF716	24.7729	-1.6432	0.6611	0.0013	0.0028
ZNF721	615.6047	1.5043	0.1605	0.0	0.0
ZNF724P	39.0253	1.6687	0.5269	0.0002	0.0004
ZNF728	33.313	1.7995	0.5873	0.0002	0.0004
ZNF729	10.6824	-1.2337	0.8534	0.0234	0.0422
ZNF730	17.0805	-1.3527	0.7409	0.0109	0.0207
ZNF736	29.1558	-1.7868	0.6205	0.0003	0.0007
ZNF74	221.2323	-1.2289	0.2273	0.0	0.0
ZNF740	492.9625	-3.023	0.1833	0.0	0.0
ZNF746	408.2384	-1.9517	0.1817	0.0	0.0
ZNF75D	44.9242	-1.4945	0.4866	0.0004	0.0009
ZNF76	176.0076	-1.0244	0.253	0.0	0.0001
ZNF761	112.6226	-1.3673	0.3148	0.0	0.0
ZNF764	440.8868	2.021	0.1681	0.0	0.0
ZNF765	280.479	1.4895	0.2058	0.0	0.0
ZNF767	49.1237	-3.5245	0.7022	0.0	0.0
ZNF773	228.4361	1.5078	0.2232	0.0	0.0
ZNF775	38.2127	-2.9463	0.6962	0.0	0.0
ZNF776	493.8002	1.7692	0.1579	0.0	0.0
ZNF777	1020.1454	1.1479	0.1244	0.0	0.0
ZNF778	104.8382	-2.3951	0.3664	0.0	0.0
ZNF782	28.471	-1.5784	0.6061	0.0012	0.0025
ZNF783	223.4161	-2.9505	0.2764	0.0	0.0
ZNF787	634.7474	-2.283	0.1645	0.0	0.0
ZNF789	22.5261	-1.2801	0.6802	0.0124	0.0235
ZNF79	431.0257	2.225	0.1803	0.0	0.0
ZNF791	685.162	2.117	0.1445	0.0	0.0
ZNF792	80.2146	1.1509	0.3543	0.0004	0.001
ZNF793	18.304	-2.0327	0.9325	0.0007	0.0015
ZNF799	36.8363	-1.2718	0.5366	0.0046	0.0093
ZNF8	74.0868	-1.4807	0.3881	0.0	0.0001
ZNF800	1220.4112	1.7392	0.1111	0.0	0.0
ZNF805	362.9776	2.3524	0.193	0.0	0.0
ZNF808	175.0386	2.4121	0.2683	0.0	0.0
ZNF81	89.5501	-1.3386	0.3499	0.0	0.0001
ZNF812	103.827	-2.1219	0.3513	0.0	0.0
ZNF815P	24.5012	-1.8484	0.6969	0.0005	0.001
ZNF816	173.6772	1.5091	0.2558	0.0	0.0
ZNF821	30.3814	-1.1486	0.5475	0.0115	0.0218
ZNF823	49.1015	-1.7132	0.5083	0.0001	0.0002
ZNF827	158.5414	-1.1111	0.2663	0.0	0.0
ZNF829	185.6276	1.0044	0.2388	0.0	0.0
ZNF830	725.6013	1.9619	0.1358	0.0	0.0
ZNF835	72.1381	2.2262	0.4061	0.0	0.0
ZNF836	15.1282	-1.2181	0.7416	0.021	0.0383
ZNF837	23.9887	-2.4589	0.8406	0.0	0.0001
ZNF839	146.461	-1.7019	0.3031	0.0	0.0
ZNF845	250.5971	1.7447	0.2169	0.0	0.0
ZNF85	119.3179	-1.0461	0.3079	0.0003	0.0007
ZNF850	206.4224	1.049	0.2334	0.0	0.0
ZNF852	14.196	-2.1572	1.1151	0.0006	0.0013
ZNF860	65.6286	-1.5064	0.4099	0.0	0.0001
ZNF880	37.6166	1.4203	0.5261	0.0014	0.003
ZNF91	578.8259	1.4376	0.1625	0.0	0.0
ZNF92	343.0325	1.3682	0.1939	0.0	0.0
ZNF98	49.2556	-2.6725	0.5698	0.0	0.0
ZNFX1	819.3576	-2.1491	0.1389	0.0	0.0
ZNHIT2	1426.2958	1.9641	0.111	0.0	0.0
ZNHIT6	434.8351	-1.5559	0.1688	0.0	0.0
ZNRF1	272.8798	-1.2968	0.2102	0.0	0.0
ZRANB1	425.0808	-2.721	0.1957	0.0	0.0
ZRSR2	111.4619	-1.2798	0.3165	0.0	0.0
ZSCAN12	164.5847	2.3569	0.2819	0.0	0.0
ZSCAN16	87.432	1.072	0.3491	0.0009	0.0021
ZSCAN22	97.0438	-1.601	0.3435	0.0	0.0
ZSCAN29	671.9233	1.1822	0.1354	0.0	0.0
ZSCAN5A	96.4244	-1.981	0.3613	0.0	0.0
ZSWIM3	78.6553	-1.231	0.3735	0.0003	0.0008
ZSWIM4	198.6206	-1.7136	0.2483	0.0	0.0
ZSWIM5	8.1971	-1.2149	0.9332	0.025	0.0448
ZSWIM8-AS1	34.1727	1.4637	0.5412	0.0012	0.0026
ZUFSP	114.6443	-1.1434	0.314	0.0001	0.0003
ZXDB	476.1949	1.4454	0.1722	0.0	0.0
ZYG11B	377.4588	-1.6596	0.1959	0.0	0.0
ZZZ3	727.1802	-1.6705	0.1386	0.0	0.0
