gene_id	baseMean	log2FoldChange	lfcSE	pvalue	padj
A2M	20.0379	1.639	0.676	0.0037	0.0068
A4GALT	171.8488	-1.0814	0.2849	0.0001	0.0002
AAAS	1187.5591	1.0664	0.1059	0.0	0.0
AAED1	144.4324	-1.3208	0.2853	0.0	0.0
AAK1	273.9605	-1.7447	0.221	0.0	0.0
AAMDC	77.467	1.0536	0.3936	0.0045	0.0082
AAR2	361.1544	-2.4023	0.2003	0.0	0.0
AASDH	89.3611	-1.7808	0.3713	0.0	0.0
ABCA17P	4.0569	1.5937	1.2064	0.0067	0.0118
ABCA3	654.0041	1.2828	0.1361	0.0	0.0
ABCB8	821.6289	1.2289	0.1299	0.0	0.0
ABCF3	444.0526	-2.1874	0.181	0.0	0.0
ABHD10	246.7133	-2.4906	0.2443	0.0	0.0
ABHD12	2076.7768	1.2182	0.0834	0.0	0.0
ABHD14A	187.6384	1.3246	0.2559	0.0	0.0
ABHD15	186.5812	-1.267	0.2519	0.0	0.0
ABHD17B	727.6282	1.5035	0.142	0.0	0.0
ABHD4	252.4289	-1.2766	0.2198	0.0	0.0
ABHD5	262.0108	-1.5161	0.2254	0.0	0.0
ABHD6	58.9053	-3.2213	0.5546	0.0	0.0
ABI1	507.5121	-1.934	0.1645	0.0	0.0
ABL1	1404.1605	-2.1116	0.1055	0.0	0.0
ABTB2	440.7782	-2.3877	0.1828	0.0	0.0
AC002480.3	32.5535	-1.8467	0.6038	0.0004	0.0009
AC009948.5	44.5751	-1.8285	0.5335	0.0001	0.0003
AC010226.4	18.6785	2.2293	0.7691	0.0003	0.0006
AC012314.8	59.7131	3.582	0.5098	0.0	0.0
AC144449.1	86.5713	6.8167	1.3992	0.0	0.0
ACAA1	718.2645	1.0897	0.1352	0.0	0.0
ACAD9	1425.282	1.0428	0.0986	0.0	0.0
ACADVL	4251.3511	1.2337	0.0653	0.0	0.0
ACAP2	645.9386	-2.5961	0.1756	0.0	0.0
ACAT1	2028.9134	1.3121	0.0857	0.0	0.0
ACBD3	547.956	-1.778	0.1574	0.0	0.0
ACBD4	60.0004	-1.3886	0.4401	0.0007	0.0013
ACBD5	354.0292	-1.006	0.1895	0.0	0.0
ACD	324.1069	-1.3357	0.1975	0.0	0.0
ACE2	146.3062	1.02	0.2996	0.0004	0.0009
ACHE	57.6673	1.0607	0.4204	0.007	0.0123
ACO2	3754.2788	1.2043	0.0775	0.0	0.0
ACOT7	2764.8813	1.1389	0.0775	0.0	0.0
ACOT8	216.008	1.0231	0.2278	0.0	0.0
ACSL5	17.9457	1.9746	0.745	0.001	0.002
ACSS1	108.2479	-1.1096	0.328	0.0004	0.0009
ACTA2	409.1785	1.4272	0.1751	0.0	0.0
ACTB	329023.3008	1.6247	0.0518	0.0	0.0
ACTG1	73361.5575	1.1866	0.0534	0.0	0.0
ACTG2	177.8714	1.4622	0.2507	0.0	0.0
ACTN4	35796.9434	1.1426	0.0515	0.0	0.0
ACTR10	833.0001	1.0517	0.1232	0.0	0.0
ACTR8	247.7234	-2.8453	0.2529	0.0	0.0
ACVR1	77.9325	-1.3134	0.3784	0.0002	0.0005
ACVR1B	374.4993	-1.9859	0.1934	0.0	0.0
ACVR2A	71.0673	-2.9991	0.4625	0.0	0.0
ACVR2B	241.8693	-1.3506	0.2295	0.0	0.0
ACVR2B-AS1	15.8752	1.8742	0.7664	0.0021	0.0039
ACY1	618.5879	1.3119	0.1395	0.0	0.0
ACYP2	76.8967	1.4443	0.3729	0.0	0.0001
ADA	219.697	1.1125	0.2267	0.0	0.0
ADAM11	162.4246	1.3905	0.2604	0.0	0.0
ADAM15	4811.7045	1.4549	0.063	0.0	0.0
ADAM17	1126.4585	1.002	0.1088	0.0	0.0
ADAM20P1	4.8828	1.3305	1.1485	0.0239	0.0392
ADAM22	354.2994	1.417	0.1838	0.0	0.0
ADAM9	10839.2707	1.4304	0.0595	0.0	0.0
ADAMTS1	4361.8855	2.3158	0.0894	0.0	0.0
ADAMTS13	21.2756	1.6866	0.6605	0.0025	0.0046
ADAMTS15	1330.9864	-1.3277	0.1235	0.0	0.0
ADAMTS17	87.3674	1.6304	0.3594	0.0	0.0
ADAMTS7	69.0392	1.5405	0.3931	0.0	0.0001
ADAMTS8	510.6119	1.4016	0.1594	0.0	0.0
ADAMTSL3	371.3099	1.1449	0.1769	0.0	0.0
ADAMTSL4	82.2341	1.3312	0.3843	0.0002	0.0005
ADAT1	206.878	-1.5217	0.2515	0.0	0.0
ADAT2	100.8965	-1.6186	0.3655	0.0	0.0
ADAT3	89.6392	-1.5204	0.3612	0.0	0.0
ADCK3	250.7786	-1.6498	0.2408	0.0	0.0
ADCY6	1976.6494	-1.0458	0.0868	0.0	0.0
ADI1	3339.4759	1.2089	0.0699	0.0	0.0
ADIPOR1	1676.3965	1.015	0.0934	0.0	0.0
ADIPOR2	824.7212	-2.1217	0.1348	0.0	0.0
ADIRF	10.4184	1.3964	0.848	0.0266	0.0434
ADK	782.7805	1.1878	0.1347	0.0	0.0
ADM	1452.9885	1.3587	0.1231	0.0	0.0
ADM2	52.1074	-2.2348	0.5021	0.0	0.0
ADO	1667.3308	1.9529	0.0961	0.0	0.0
ADORA1	437.8409	-1.7766	0.185	0.0	0.0
ADORA2B	59.7955	-1.0501	0.4238	0.008	0.014
ADPGK	1972.9783	1.2636	0.0855	0.0	0.0
ADPRHL2	322.8626	-2.9241	0.2274	0.0	0.0
ADRA2C	57.7623	1.0911	0.4253	0.006	0.0107
AEBP1	1716.0505	1.7411	0.0961	0.0	0.0
AEN	678.3745	-2.3683	0.1583	0.0	0.0
AES	3339.1238	1.3391	0.0708	0.0	0.0
AFAP1	432.5237	-1.5017	0.2012	0.0	0.0
AFF1	531.9488	-2.7404	0.178	0.0	0.0
AFF4	1153.1342	-1.9305	0.1219	0.0	0.0
AFG3L1P	124.0861	-2.5328	0.3491	0.0	0.0
AFG3L2	1563.7051	-1.1086	0.0982	0.0	0.0
AFTPH	307.6955	-1.971	0.2107	0.0	0.0
AGA	222.036	1.5684	0.2372	0.0	0.0
AGAP4	55.0013	-1.3114	0.4986	0.0038	0.0069
AGAP5	19.1885	-2.4411	1.1627	0.0003	0.0006
AGBL5	1159.9966	1.1256	0.1075	0.0	0.0
AGFG1	857.4469	-2.1677	0.1339	0.0	0.0
AGFG2	130.7788	-2.8187	0.3465	0.0	0.0
AGMAT	242.2593	1.0636	0.221	0.0	0.0
AGPAT4	175.2463	-1.3481	0.2631	0.0	0.0
AGPAT6	976.7297	-1.1401	0.1243	0.0	0.0
AGR2	1250.316	1.3019	0.1211	0.0	0.0
AGRN	27598.4429	1.2262	0.0448	0.0	0.0
AGTR1	11.1284	-1.7317	0.939	0.0078	0.0138
AGTRAP	681.0355	1.0017	0.1335	0.0	0.0
AHCTF1	1541.385	-1.9753	0.1028	0.0	0.0
AHCTF1P1	4.8319	-1.5326	1.1714	0.0103	0.0178
AHCY	9114.6077	1.2097	0.0554	0.0	0.0
AHDC1	395.6835	-2.0523	0.2066	0.0	0.0
AHRR	164.42	-1.6783	0.273	0.0	0.0
AHSA2	195.6477	-1.8107	0.25	0.0	0.0
AIG1	305.996	1.2608	0.206	0.0	0.0
AK1	1125.1964	1.4038	0.1069	0.0	0.0
AK6	272.6942	-2.7667	0.2395	0.0	0.0
AKAP1	659.3744	-1.8858	0.1498	0.0	0.0
AKAP10	283.9757	-1.6968	0.5048	0.0002	0.0004
AKAP11	341.4221	-3.1378	0.2239	0.0	0.0
AKAP17A	2000.6792	1.8681	0.0868	0.0	0.0
AKAP2	1268.3532	1.2033	0.1262	0.0	0.0
AKAP5	1219.5285	1.8947	0.1259	0.0	0.0
AKAP8L	431.9439	-1.2214	0.1807	0.0	0.0
AKAP9	321.8016	-1.415	0.2009	0.0	0.0
AKIRIN1	924.9926	-2.741	0.1362	0.0	0.0
AKNA	108.417	-2.1986	0.3526	0.0	0.0
AKR1B1	2387.3086	1.214	0.0793	0.0	0.0
AKR7A2	1297.2949	1.2813	0.1062	0.0	0.0
AKR7A2P1	14.188	2.7007	1.0543	0.0001	0.0002
AKT1S1	2436.1954	1.1732	0.0788	0.0	0.0
AKT2	3654.2516	1.0278	0.0712	0.0	0.0
AKTIP	230.9127	-1.7752	0.2391	0.0	0.0
ALAD	243.4146	-1.0272	0.2378	0.0	0.0
ALAS1	441.9616	-1.2893	0.1732	0.0	0.0
ALCAM	7444.9523	1.1152	0.0579	0.0	0.0
ALDH1A1	5216.1318	1.0951	0.0718	0.0	0.0
ALDH2	1114.2357	1.1388	0.111	0.0	0.0
ALDH4A1	409.8781	1.1588	0.1694	0.0	0.0
ALDH7A1	2277.8666	1.1583	0.0827	0.0	0.0
ALDOA	27958.4915	1.1604	0.05	0.0	0.0
ALG10B	94.8087	-1.1513	0.383	0.0015	0.0028
ALG11	115.6549	-1.7974	0.3263	0.0	0.0
ALG1L9P	4.638	1.4455	1.1494	0.0158	0.0267
ALKBH8	135.2148	-2.0048	0.3316	0.0	0.0
ALPK1	31.6616	-1.4271	0.5958	0.0059	0.0106
ALPL	194.5147	1.3423	0.2583	0.0	0.0
ALS2	500.2767	-1.2255	0.1763	0.0	0.0
ALYREF	7176.6063	1.5053	0.0576	0.0	0.0
AMBP	107.567	1.8128	0.3373	0.0	0.0
AMBRA1	414.3389	-2.0479	0.1858	0.0	0.0
AMIGO1	54.4527	-1.0446	0.4456	0.0115	0.0197
AMIGO3	591.7531	2.3971	0.1494	0.0	0.0
AMOTL1	351.2196	-2.3071	0.2019	0.0	0.0
AMOTL2	4607.8842	1.0902	0.0762	0.0	0.0
ANAPC10	99.7147	-1.272	0.3367	0.0001	0.0002
ANAPC11	2370.3688	1.4213	0.0826	0.0	0.0
ANAPC13	1585.1376	1.1851	0.1012	0.0	0.0
ANAPC15	1765.4462	1.2452	0.0886	0.0	0.0
ANAPC5	3498.5864	1.0164	0.0732	0.0	0.0
ANAPC7	576.9048	-1.5194	0.1584	0.0	0.0
ANGEL2	352.7263	-1.595	0.1995	0.0	0.0
ANK3	110.6063	-1.6093	0.3317	0.0	0.0
ANKAR	11.0606	-1.5249	0.9077	0.0177	0.0296
ANKFY1	1050.928	-1.0399	0.1175	0.0	0.0
ANKHD1	892.9819	1.0127	0.1207	0.0	0.0
ANKHD1-EIF4EBP3	370.7358	-1.4398	0.2108	0.0	0.0
ANKLE1	5.2372	-1.6119	1.1718	0.0077	0.0136
ANKMY2	223.0704	-2.516	0.2576	0.0	0.0
ANKRD1	188.7914	-2.1737	0.294	0.0	0.0
ANKRD11	2663.3064	-1.3363	0.0812	0.0	0.0
ANKRD12	231.6737	-2.0704	0.241	0.0	0.0
ANKRD13D	258.2268	-1.7205	0.2221	0.0	0.0
ANKRD16	104.6879	-1.7058	0.3689	0.0	0.0
ANKRD17	1263.9963	-2.0079	0.1164	0.0	0.0
ANKRD26	173.2643	-1.2278	0.2845	0.0	0.0
ANKRD27	410.8158	-2.5978	0.1931	0.0	0.0
ANKRD31	13.8669	-1.5761	0.8182	0.0115	0.0198
ANKRD32	204.9061	-2.5305	0.2865	0.0	0.0
ANKRD33B	3518.14	1.439	0.0789	0.0	0.0
ANKRD34A	11.6238	1.5754	0.8413	0.0125	0.0213
ANKRD36BP1	128.4809	-1.0847	0.3078	0.0003	0.0005
ANKRD37	17.0782	-2.3223	0.9178	0.0004	0.0009
ANKRD46	230.8133	-2.1735	0.2482	0.0	0.0
ANKRD54	332.6228	-2.6686	0.2271	0.0	0.0
ANKRD63	31.6947	1.1902	0.5592	0.0163	0.0274
ANKS1A	503.1828	-2.377	0.1757	0.0	0.0
ANKS3	247.5586	-1.0509	0.2549	0.0	0.0001
ANKZF1	190.7556	-2.4637	0.2798	0.0	0.0
ANP32A-IT1	21.0621	2.6479	0.8213	0.0	0.0001
ANP32B	6170.3545	1.019	0.0583	0.0	0.0
ANTXR1	1661.9069	1.195	0.0929	0.0	0.0
ANXA1	8726.3129	1.175	0.0587	0.0	0.0
ANXA2	28018.4556	1.2984	0.0521	0.0	0.0
ANXA4	4405.0273	1.2348	0.065	0.0	0.0
ANXA5	8556.3507	1.4111	0.0575	0.0	0.0
ANXA6	2096.5548	1.1587	0.0847	0.0	0.0
AP000688.14	100.5581	1.1431	0.3416	0.0005	0.0009
AP001258.4	12.704	-1.7362	0.8931	0.0071	0.0125
AP1AR	269.1847	-1.2573	0.2412	0.0	0.0
AP1B1	3909.3195	1.1341	0.0671	0.0	0.0
AP1G1	1169.833	-1.5081	0.1156	0.0	0.0
AP1S1	2235.6499	1.4698	0.0839	0.0	0.0
AP1S3	163.0875	-1.133	0.2702	0.0	0.0
AP2M1	7549.2196	1.3671	0.056	0.0	0.0
AP2S1	3554.1279	1.1793	0.0715	0.0	0.0
AP3M1	925.7452	-1.036	0.1185	0.0	0.0
AP3M2	328.4174	-1.7917	0.2015	0.0	0.0
AP3S2	334.9018	-2.22	0.205	0.0	0.0
AP4B1	112.4981	-2.9313	0.3758	0.0	0.0
AP4E1	211.1986	-1.1365	0.2455	0.0	0.0
AP4M1	211.9566	-1.0841	0.2384	0.0	0.0
AP5M1	315.5186	-1.6932	0.203	0.0	0.0
AP5S1	106.1889	-2.3123	0.4065	0.0	0.0
AP5Z1	226.2261	-2.7431	0.2675	0.0	0.0
APAF1	516.5822	-1.7096	0.1641	0.0	0.0
APBA1	722.3629	-1.3825	0.1401	0.0	0.0
APBB2	970.0795	-1.4855	0.1199	0.0	0.0
APC	307.6327	-1.7817	0.224	0.0	0.0
APC2	47.9786	1.5239	0.4711	0.0004	0.0009
APEH	3373.1771	1.0156	0.0715	0.0	0.0
APEX2	436.9916	-1.0295	0.1818	0.0	0.0
APH1B	81.3866	-1.6222	0.393	0.0	0.0
APITD1	449.0067	1.0601	0.1637	0.0	0.0
APLP1	1090.0022	1.2946	0.1277	0.0	0.0
APLP2	34844.4472	1.3375	0.0497	0.0	0.0
APMAP	6362.5763	1.5214	0.0598	0.0	0.0
APOA1	97.815	1.6741	0.3375	0.0	0.0
APOA1BP	1923.5156	1.2638	0.0859	0.0	0.0
APOBEC3B	867.5288	1.0677	0.1226	0.0	0.0
APOC1	135.6322	1.0065	0.2897	0.0003	0.0007
APOE	566.8372	1.8093	0.1575	0.0	0.0
APOL1	1186.7969	1.301	0.106	0.0	0.0
APOL2	137.693	-2.8582	0.3537	0.0	0.0
APP	19004.6889	1.4385	0.0466	0.0	0.0
APPBP2	363.4978	-2.0337	0.1926	0.0	0.0
APRT	4211.7549	1.3661	0.0679	0.0	0.0
AQP1	50.6249	-2.4147	0.5494	0.0	0.0
ARAP2	100.1091	-2.3682	0.379	0.0	0.0
AREL1	609.4537	-1.3118	0.1491	0.0	0.0
ARF3	4889.2108	1.1181	0.0631	0.0	0.0
ARF5	3458.6588	1.5162	0.0699	0.0	0.0
ARFGAP2	571.6296	-2.6218	0.1664	0.0	0.0
ARFGAP3	491.3302	-1.7078	0.1698	0.0	0.0
ARFIP1	355.3541	-1.7572	0.1957	0.0	0.0
ARFRP1	295.0433	-2.0009	0.2129	0.0	0.0
ARHGAP10	314.2065	-1.3829	0.1988	0.0	0.0
ARHGAP11A	1585.2649	-1.1603	0.1084	0.0	0.0
ARHGAP11B	27.6331	-1.4858	0.6175	0.0052	0.0094
ARHGAP12	177.8428	-2.7738	0.2973	0.0	0.0
ARHGAP19	418.5355	-2.7515	0.1937	0.0	0.0
ARHGAP21	644.6343	-1.4686	0.151	0.0	0.0
ARHGAP24	362.7535	-1.0563	0.185	0.0	0.0
ARHGAP27	255.5738	-1.3571	0.2216	0.0	0.0
ARHGAP29	1730.1942	-1.7367	0.1042	0.0	0.0
ARHGAP30	18.7288	2.2219	0.7962	0.0004	0.0008
ARHGAP32	206.4611	-1.1225	0.2422	0.0	0.0
ARHGAP39	340.854	-3.0694	0.2206	0.0	0.0
ARHGAP42	57.7669	-1.5899	0.4434	0.0001	0.0002
ARHGAP5-AS1	31.1736	2.4014	0.6019	0.0	0.0
ARHGAP8	36.6749	-1.6154	0.5498	0.001	0.0019
ARHGDIA	11631.5664	1.1688	0.0559	0.0	0.0
ARHGDIB	2363.7349	1.3129	0.0844	0.0	0.0
ARHGDIG	41.9955	1.1175	0.4805	0.011	0.019
ARHGEF10L	4.005	-1.3154	1.1743	0.0215	0.0356
ARHGEF11	835.6695	-1.6216	0.1321	0.0	0.0
ARHGEF16	102.8234	-2.209	0.3634	0.0	0.0
ARHGEF17	958.4532	-1.1675	0.121	0.0	0.0
ARHGEF18	640.1952	-1.7474	0.1481	0.0	0.0
ARHGEF19	58.9998	-1.8692	0.4733	0.0	0.0
ARHGEF2	442.415	-2.5381	0.1832	0.0	0.0
ARHGEF26	187.0847	-1.7397	0.2662	0.0	0.0
ARHGEF28	225.1494	-1.6714	0.2486	0.0	0.0
ARHGEF3	243.4908	-1.3827	0.2257	0.0	0.0
ARHGEF34P	51.0173	-1.9496	0.4904	0.0	0.0
ARHGEF35	61.4818	-1.7857	0.4408	0.0	0.0
ARHGEF39	286.5771	-2.2326	0.2276	0.0	0.0
ARHGEF40	294.2327	-1.5991	0.2128	0.0	0.0
ARHGEF5	171.4931	-2.6612	0.2996	0.0	0.0
ARHGEF7	489.4095	-1.4081	0.1642	0.0	0.0
ARHGEF9	70.893	-1.367	0.397	0.0003	0.0005
ARID1A	1766.2342	-1.0568	0.2315	0.0	0.0
ARID2	569.0993	-1.8782	0.1568	0.0	0.0
ARID3A	618.755	-1.619	0.1574	0.0	0.0
ARID3B	398.1739	-2.9184	0.2018	0.0	0.0
ARID4A	129.8173	-1.385	0.32	0.0	0.0
ARID4B	516.0977	-1.0126	0.1547	0.0	0.0
ARID5A	45.7056	-1.5439	0.4926	0.0006	0.0011
ARIH1	773.6248	-1.886	0.1365	0.0	0.0
ARL10	43.9484	-1.876	0.5944	0.0003	0.0006
ARL13B	341.419	-1.6044	0.2005	0.0	0.0
ARL14EP	115.6609	-1.7663	0.3351	0.0	0.0
ARL15	24.9675	-1.7741	0.6611	0.0015	0.0028
ARL2	1427.373	1.1816	0.0966	0.0	0.0
ARL3	888.6581	1.0164	0.1225	0.0	0.0
ARL4A	1191.3241	1.1529	0.11	0.0	0.0
ARL4C	2648.5272	1.9768	0.0786	0.0	0.0
ARL4D	1414.4674	1.929	0.099	0.0	0.0
ARL6	38.3466	-1.6154	0.5975	0.0019	0.0036
ARL6IP4	3035.6088	1.3158	0.0745	0.0	0.0
ARL6IP5	848.9219	1.1795	0.121	0.0	0.0
ARL6IP6	883.3761	1.2233	0.1218	0.0	0.0
ARL8A	233.932	-1.5221	0.2331	0.0	0.0
ARL8B	617.1123	-1.0527	0.1456	0.0	0.0
ARMC1	450.0571	-2.4906	0.1824	0.0	0.0
ARMC8	413.7386	-1.93	0.1806	0.0	0.0
ARMCX1	23.7928	-1.413	0.6435	0.0098	0.017
ARMCX2	123.3832	-1.0145	0.3284	0.0013	0.0025
ARMCX3	301.4608	-1.6761	0.2051	0.0	0.0
ARMCX4	190.2309	-1.6545	0.2594	0.0	0.0
ARMCX5	138.1724	-1.1297	0.2905	0.0001	0.0001
ARMCX5-GPRASP2	8.728	-2.216	1.2106	0.0007	0.0014
ARNT	460.7755	-1.0311	0.1619	0.0	0.0
ARNT2	975.5161	-1.275	0.1234	0.0	0.0
ARNTL	40.5683	-1.7404	0.5291	0.0002	0.0005
ARPC1B	4481.9067	1.4553	0.0685	0.0	0.0
ARPC2	6241.3694	1.1716	0.0585	0.0	0.0
ARPC3	3419.6399	1.2656	0.0714	0.0	0.0
ARRDC2	116.0141	-1.1833	0.3173	0.0001	0.0002
ARRDC3	989.5202	1.1204	0.1151	0.0	0.0
ARSA	354.0544	1.2225	0.1874	0.0	0.0
ARSB	1496.5357	1.7104	0.1095	0.0	0.0
ARSD	1006.7179	1.0399	0.1166	0.0	0.0
ARSJ	244.807	1.1317	0.2173	0.0	0.0
ARV1	99.8775	-1.6685	0.3484	0.0	0.0
ARVCF	165.5161	-2.3259	0.2918	0.0	0.0
ASAH1	783.1903	1.2973	0.1276	0.0	0.0
ASAP1	921.9024	-1.2613	0.1207	0.0	0.0
ASAP2	1124.027	-1.5275	0.1163	0.0	0.0
ASAP3	147.7709	-1.62	0.2932	0.0	0.0
ASB13	181.6645	-1.9735	0.2669	0.0	0.0
ASB16-AS1	67.5814	-3.0513	0.494	0.0	0.0
ASB6	2098.469	2.0718	0.0873	0.0	0.0
ASB9	240.2055	1.0884	0.2208	0.0	0.0
ASCL5	13.1877	1.7381	0.8209	0.0056	0.01
ASF1A	276.0826	-2.2432	0.2276	0.0	0.0
ASH1L-AS1	155.024	3.5506	0.3347	0.0	0.0
ASH2L	488.9808	-1.473	0.1704	0.0	0.0
ASL	602.1222	1.1272	0.1406	0.0	0.0
ASNA1	2000.3512	1.1341	0.0849	0.0	0.0
ASPH	4967.7104	1.281	0.0744	0.0	0.0
ASPHD2	67.8104	-3.1629	0.5113	0.0	0.0
ASPM	1837.2328	-1.6707	0.0952	0.0	0.0
ASS1	3568.9837	1.1772	0.0688	0.0	0.0
ASTE1	81.493	-1.9429	0.3954	0.0	0.0
ASUN	706.6559	-1.1576	0.1382	0.0	0.0
ASXL2	583.3886	-1.2746	0.1544	0.0	0.0
ATAD1	650.5731	-1.3642	0.1598	0.0	0.0
ATAD2	1864.1514	-1.7165	0.0935	0.0	0.0
ATAD5	264.0666	-2.3865	0.2369	0.0	0.0
ATE1	433.6754	-1.2168	0.1748	0.0	0.0
ATF2	458.2508	-1.435	0.1908	0.0	0.0
ATF6B	1718.4773	1.2286	0.0912	0.0	0.0
ATF7IP	546.3278	-1.0689	0.1533	0.0	0.0
ATF7IP2	29.6183	-1.4767	0.6306	0.0062	0.0111
ATG14	195.5347	-1.3458	0.2469	0.0	0.0
ATG16L1	371.9563	-2.3101	0.1956	0.0	0.0
ATG2B	266.9854	-1.7305	0.2196	0.0	0.0
ATG4C	136.7228	-1.8819	0.3072	0.0	0.0
ATG5	468.0616	-1.2533	0.1671	0.0	0.0
ATG9B	42.8032	2.5584	0.547	0.0	0.0
ATL2	1075.3983	-1.9346	0.124	0.0	0.0
ATMIN	853.6809	-1.5026	0.1328	0.0	0.0
ATOH8	4.0182	-1.3792	1.1744	0.0173	0.0289
ATOX1	407.5097	1.4809	0.1694	0.0	0.0
ATP1A1	18422.6552	1.1235	0.0464	0.0	0.0
ATP1B3	4780.3798	1.2403	0.0652	0.0	0.0
ATP2B1	789.5444	-1.4398	0.1296	0.0	0.0
ATP2C1	2754.9811	1.1018	0.0766	0.0	0.0
ATP5A1	14090.6489	1.0553	0.0485	0.0	0.0
ATP5B	26383.1074	1.1971	0.0462	0.0	0.0
ATP5D	2777.8462	1.286	0.0765	0.0	0.0
ATP5E	3307.9936	1.6035	0.072	0.0	0.0
ATP5G1	3169.3755	1.3805	0.0759	0.0	0.0
ATP5G2	4397.744	1.1634	0.0663	0.0	0.0
ATP5G3	5405.9337	1.341	0.0603	0.0	0.0
ATP5H	1732.2387	1.1251	0.0944	0.0	0.0
ATP5I	1277.0466	1.5056	0.1051	0.0	0.0
ATP5J	1977.4356	1.2606	0.0846	0.0	0.0
ATP5J2	4407.64	1.4421	0.0658	0.0	0.0
ATP5L	4174.5697	1.4245	0.0729	0.0	0.0
ATP5O	2430.9742	1.1221	0.0792	0.0	0.0
ATP6AP1	3859.6537	1.4754	0.0676	0.0	0.0
ATP6AP2	1944.3585	1.3805	0.0895	0.0	0.0
ATP6V0A1	604.9142	-1.0404	0.143	0.0	0.0
ATP6V0A2	857.7462	-1.9811	0.1303	0.0	0.0
ATP6V0B	2141.2077	1.0145	0.0883	0.0	0.0
ATP6V0C	5473.1999	1.3626	0.0601	0.0	0.0
ATP6V0E1	2256.5644	1.0083	0.0909	0.0	0.0
ATP6V1B2	756.9181	-1.5298	0.1371	0.0	0.0
ATP6V1C2	65.0174	1.5475	0.4044	0.0	0.0001
ATP6V1F	1844.8512	1.2941	0.0924	0.0	0.0
ATP6V1G1	2244.0418	1.4568	0.0882	0.0	0.0
ATP8B1	1744.5186	-1.5456	0.0941	0.0	0.0
ATPAF1	1670.7282	1.1692	0.0932	0.0	0.0
ATPIF1	1799.0667	1.141	0.0955	0.0	0.0
ATRAID	1983.4618	1.3549	0.0859	0.0	0.0
ATRIP	184.7513	-1.6107	0.2599	0.0	0.0
ATXN1	12.9326	-1.426	0.8424	0.0233	0.0384
ATXN10	5338.9985	1.0462	0.0692	0.0	0.0
ATXN2	284.9683	-2.5242	0.237	0.0	0.0
ATXN3	103.9221	-1.7862	0.3468	0.0	0.0
ATXN7	259.9677	-1.6432	0.2504	0.0	0.0
ATXN7L1	29.3412	-1.4367	0.6037	0.0061	0.0108
ATXN7L2	64.0237	-1.3867	0.4328	0.0006	0.0011
ATXN7L3B	4126.84	1.7123	0.066	0.0	0.0
AUNIP	701.9018	1.6327	0.1376	0.0	0.0
AURKA	1332.2381	-1.7116	0.1156	0.0	0.0
AURKAIP1	3048.4353	1.1216	0.0747	0.0	0.0
AUTS2	76.4578	-1.6858	0.3934	0.0	0.0
AVL9	350.5671	-2.053	0.2008	0.0	0.0
AVPI1	161.7539	-2.3787	0.2956	0.0	0.0
AVPR1B	8.4441	1.6548	0.9716	0.011	0.019
AVPR2	34.4706	-1.2526	0.5855	0.0145	0.0245
AXIN1	742.7487	-1.6468	0.1384	0.0	0.0
AXL	2596.1728	1.1468	0.2306	0.0	0.0
AZI1	392.8211	-1.4122	0.1821	0.0	0.0
B2M	3345.4815	1.8208	0.0857	0.0	0.0
B3GALT1	47.0358	-1.7771	0.4966	0.0001	0.0002
B3GALTL	656.1194	1.3186	0.1397	0.0	0.0
B3GNT1	1279.7436	1.4394	0.1043	0.0	0.0
B3GNT5	4.4153	-1.4383	1.1691	0.0145	0.0246
B3GNT7	1369.5474	1.1405	0.1049	0.0	0.0
B3GNT8	24.819	-1.3749	0.6448	0.012	0.0206
B4GALNT1	1155.7126	1.0741	0.1193	0.0	0.0
B4GALT2	2021.1014	1.0664	0.0859	0.0	0.0
B9D2	112.897	-1.2577	0.3168	0.0	0.0001
BABAM1	1750.2099	1.1302	0.0903	0.0	0.0
BACE2	147.6438	1.4626	0.2777	0.0	0.0
BACH1	412.1928	-1.0264	0.1767	0.0	0.0
BAG2	828.6621	-1.4366	0.1335	0.0	0.0
BAG3	1531.5724	-1.5652	0.0975	0.0	0.0
BAG4	1167.8427	1.4344	0.1107	0.0	0.0
BAG5	2045.8516	1.7891	0.0904	0.0	0.0
BAG6	8541.5809	1.1763	0.055	0.0	0.0
BAHCC1	157.4723	-1.6469	0.2831	0.0	0.0
BAHD1	666.7563	-2.3762	0.1499	0.0	0.0
BAI2	99.2475	1.4724	0.3523	0.0	0.0
BAIAP2	1120.4207	-3.784	0.14	0.0	0.0
BAIAP2L1	451.819	-1.1895	0.1705	0.0	0.0
BAIAP2L2	179.8504	-1.6196	0.2728	0.0	0.0
BAK1	471.722	-3.489	0.2042	0.0	0.0
BANF1	6930.9023	1.6211	0.0577	0.0	0.0
BANP	347.4191	-2.034	0.2062	0.0	0.0
BARD1	415.4616	-1.5622	0.1807	0.0	0.0
BASP1	49.4857	1.5272	0.4608	0.0003	0.0007
BAX	2053.9152	1.0569	0.085	0.0	0.0
BAZ1A	614.6942	-1.3015	0.1468	0.0	0.0
BAZ2B	147.1335	-1.7268	0.3031	0.0	0.0
BBS12	62.333	1.1182	0.4295	0.0052	0.0094
BBS4	195.4722	-1.1576	0.2568	0.0	0.0
BBS5	138.3068	-1.9597	0.3268	0.0	0.0
BBX	834.813	-1.2493	0.1318	0.0	0.0
BCAM	19424.4883	1.5775	0.0484	0.0	0.0
BCAP31	4524.3264	1.1358	0.0638	0.0	0.0
BCAR1	2709.5504	-1.7029	0.0796	0.0	0.0
BCAR3	374.1428	-1.6881	0.1897	0.0	0.0
BCAS2	369.4027	-1.4041	0.1898	0.0	0.0
BCDIN3D	52.3838	-1.241	0.4579	0.0033	0.0061
BCDIN3D-AS1	24.9483	1.2451	0.6113	0.0184	0.0307
BCKDHA	575.0326	1.0954	0.1433	0.0	0.0
BCL2	526.3838	1.2786	0.152	0.0	0.0
BCL2L1	3950.6279	1.1119	0.0681	0.0	0.0
BCL2L11	1050.6154	1.5211	0.1122	0.0	0.0
BCL2L2	369.8448	-1.6315	0.1926	0.0	0.0
BCL3	317.3417	-1.8925	0.2216	0.0	0.0
BCL6	77.033	1.0072	0.3719	0.0043	0.0079
BCL7A	730.8439	-1.1496	0.1449	0.0	0.0
BCL7B	435.9464	-1.0527	0.1662	0.0	0.0
BCL7C	2034.8505	1.6077	0.0854	0.0	0.0
BCOR	1579.8127	1.0753	0.0937	0.0	0.0
BCORL1	265.9456	-1.7976	0.2232	0.0	0.0
BCYRN1	8.544	1.9949	1.0535	0.0025	0.0047
BDH2	264.675	1.1066	0.2095	0.0	0.0
BDNF	243.6753	1.1882	0.2458	0.0	0.0
BDP1	541.4215	-2.2641	0.1836	0.0	0.0
BEND3	359.3527	-1.072	0.1848	0.0	0.0
BEND7	30.0243	-1.2042	0.5834	0.0184	0.0307
BET1	321.4273	-2.4847	0.2181	0.0	0.0
BET1L	526.3147	-1.2547	0.1565	0.0	0.0
BGN	800.6064	1.4516	0.1288	0.0	0.0
BHLHB9	60.2799	-2.5762	0.4973	0.0	0.0
BHLHE40	724.132	1.4083	0.1427	0.0	0.0
BID	586.247	1.0446	0.1435	0.0	0.0
BIN3	117.2765	-3.2062	0.3941	0.0	0.0
BIN3-IT1	14.6798	2.6856	0.9626	0.0001	0.0002
BIRC2	499.008	-1.2092	0.1673	0.0	0.0
BIRC3	132.4153	1.3505	0.2873	0.0	0.0
BIRC6	1253.2068	-1.1869	0.1222	0.0	0.0
BLACAT1	38.8674	-2.6962	0.6396	0.0	0.0
BLCAP	488.6087	-1.9112	0.1704	0.0	0.0
BLM	406.4211	-2.2866	0.1879	0.0	0.0
BLOC1S1	905.9415	1.339	0.1182	0.0	0.0
BLOC1S2	375.662	-1.2093	0.1802	0.0	0.0
BLOC1S4	685.5793	1.7604	0.1373	0.0	0.0
BLOC1S5	192.4988	-1.7452	0.2606	0.0	0.0
BLOC1S6	429.4744	-1.0259	0.1828	0.0	0.0
BLVRB	459.7521	1.0057	0.1724	0.0	0.0
BLZF1	109.4839	-1.3461	0.3302	0.0	0.0
BMP1	938.9766	1.2787	0.1322	0.0	0.0
BMP2	118.0575	1.0603	0.3004	0.0003	0.0005
BMP2K	1017.4075	-1.0687	0.1306	0.0	0.0
BMPR1A	934.0339	-1.3407	0.1207	0.0	0.0
BMPR1B	311.7377	-2.8581	0.2372	0.0	0.0
BMS1P4	11.952	-2.6169	1.27	0.0001	0.0003
BMS1P6	50.8463	-1.1026	0.4567	0.0089	0.0156
BNIP2	567.7942	-1.3742	0.1616	0.0	0.0
BOD1L1	560.0576	-1.1096	0.1505	0.0	0.0
BOLA2B	369.4406	1.03	0.1776	0.0	0.0
BOLA3	557.8492	1.4739	0.1519	0.0	0.0
BORA	219.9956	-2.825	0.2769	0.0	0.0
BRAP	238.9702	-1.844	0.2344	0.0	0.0
BRCA1	705.8574	-2.0153	0.1501	0.0	0.0
BRCA2	228.8319	-1.6119	0.2342	0.0	0.0
BRD2	5933.1152	1.0176	0.0621	0.0	0.0
BRD3	701.8567	-1.7191	0.1442	0.0	0.0
BRE-AS1	7.1651	1.4786	0.9709	0.022	0.0362
BRF1	419.5125	-1.1537	0.1801	0.0	0.0
BRICD5	47.7746	-1.0375	0.5086	0.0243	0.0398
BRIP1	341.3066	-2.4265	0.2108	0.0	0.0
BRIX1	741.6636	-1.005	0.1329	0.0	0.0
BRK1	2018.6064	1.0505	0.0854	0.0	0.0
BRPF3	589.4762	-2.6968	0.1662	0.0	0.0
BRSK1	14.8399	-1.4654	0.7948	0.0173	0.0289
BSCL2	403.5037	1.4158	0.1699	0.0	0.0
BSDC1	289.9351	-1.6746	0.2102	0.0	0.0
BSG	26387.423	1.4829	0.0462	0.0	0.0
BSN-AS2	8.358	1.5126	0.9404	0.0191	0.0318
BST2	127.1672	1.6575	0.2954	0.0	0.0
BTAF1	679.7774	-2.5164	0.1511	0.0	0.0
BTBD10	111.8273	-1.4568	0.3261	0.0	0.0
BTBD18	3.0168	1.2419	1.1982	0.0232	0.0382
BTBD7	452.6104	-1.1841	0.1696	0.0	0.0
BTBD9	131.9696	-1.0031	0.2943	0.0004	0.0009
BTF3	9744.1225	1.0324	0.055	0.0	0.0
BTF3L4	927.4232	-1.2289	0.1244	0.0	0.0
BTG2	458.2859	1.0258	0.1635	0.0	0.0
BTN2A2	52.0883	-1.9631	0.4925	0.0	0.0
BTRC	287.0001	-3.9347	0.2816	0.0	0.0
BUB1B	1718.7177	-1.8519	0.102	0.0	0.0
BUD13	374.0034	-1.233	0.1842	0.0	0.0
C10orf118	133.2455	-1.6639	0.3041	0.0	0.0
C10orf35	129.0775	-2.939	0.3529	0.0	0.0
C10orf55	27.7876	3.6358	0.8689	0.0	0.0
C10orf76	194.0074	-2.7102	0.3044	0.0	0.0
C10orf88	75.4081	-4.1368	0.6361	0.0	0.0
C11orf30	241.1864	-2.7032	0.2571	0.0	0.0
C11orf31	2305.9328	1.4468	0.0805	0.0	0.0
C11orf45	14.2619	-1.7642	0.8416	0.0053	0.0096
C11orf71	163.3973	1.222	0.2682	0.0	0.0
C11orf74	109.0603	1.2692	0.3168	0.0	0.0001
C11orf82	330.8416	-2.6777	0.2226	0.0	0.0
C11orf83	954.7098	1.0578	0.1166	0.0	0.0
C11orf84	985.7685	-2.1984	0.1291	0.0	0.0
C12orf29	211.2496	-1.8806	0.2575	0.0	0.0
C12orf4	236.7028	-1.9843	0.2655	0.0	0.0
C12orf43	304.6921	-1.4572	0.2062	0.0	0.0
C12orf5	368.1107	-1.1183	0.1824	0.0	0.0
C12orf55	14.4511	1.305	0.7451	0.0285	0.0463
C12orf57	1427.4891	1.4285	0.1013	0.0	0.0
C12orf60	18.4539	-1.6598	0.7449	0.0055	0.0099
C12orf61	39.6882	2.1484	0.5426	0.0	0.0
C12orf66	48.3958	-1.4859	0.4836	0.0008	0.0015
C12orf75	5459.599	1.5012	0.0709	0.0	0.0
C12orf76	75.1319	-1.0607	0.4287	0.008	0.014
C14orf1	493.7307	1.089	0.1557	0.0	0.0
C14orf2	1249.297	1.0657	0.1021	0.0	0.0
C14orf37	77.7278	1.0877	0.3823	0.0026	0.0049
C14orf80	528.4229	-2.5052	0.1806	0.0	0.0
C15orf39	1803.3681	1.5544	0.089	0.0	0.0
C15orf41	97.5014	-1.1323	0.3449	0.0006	0.0012
C15orf52	24.6035	-1.5497	0.6532	0.005	0.0091
C15orf57	110.7771	-1.7226	0.3337	0.0	0.0
C15orf60	182.0145	1.712	0.2527	0.0	0.0
C16orf13	1414.1805	1.5283	0.0986	0.0	0.0
C16orf3	4.8729	1.349	1.1473	0.0225	0.0371
C16orf70	189.2495	-2.6243	0.2816	0.0	0.0
C16orf91	552.3047	2.1899	0.162	0.0	0.0
C17orf103	23.6262	-1.8572	0.7118	0.0015	0.0028
C17orf49	1260.8814	1.5947	0.1031	0.0	0.0
C17orf53	119.6602	-1.2384	0.3188	0.0001	0.0001
C17orf62	362.1607	-2.1408	0.2036	0.0	0.0
C17orf72	40.3034	1.2952	0.4982	0.0042	0.0077
C17orf75	186.9623	-1.0757	0.2532	0.0	0.0
C17orf80	250.9633	-3.1097	0.2866	0.0	0.0
C17orf89	1481.303	1.3871	0.0973	0.0	0.0
C17orf96	1073.6337	1.274	0.1143	0.0	0.0
C18orf54	154.2939	-1.8884	0.2995	0.0	0.0
C18orf8	186.9971	-2.8023	0.3224	0.0	0.0
C19orf10	2795.0898	1.3862	0.0765	0.0	0.0
C19orf12	204.8217	-1.8569	0.2539	0.0	0.0
C19orf24	2020.4005	1.3884	0.0854	0.0	0.0
C19orf25	298.3112	-2.3115	0.2146	0.0	0.0
C19orf33	1184.4275	1.3357	0.1072	0.0	0.0
C19orf40	42.1933	-2.4767	0.5818	0.0	0.0
C19orf48	1476.1411	-1.7165	0.1028	0.0	0.0
C19orf52	438.5455	1.0912	0.1686	0.0	0.0
C19orf53	2783.1831	1.5139	0.0754	0.0	0.0
C19orf54	123.338	-2.3115	0.3293	0.0	0.0
C19orf55	64.9382	-2.2425	0.4717	0.0	0.0
C19orf68	166.2068	-1.4074	0.2709	0.0	0.0
C19orf70	673.7926	1.4539	0.1396	0.0	0.0
C1GALT1C1	622.4123	1.0771	0.1407	0.0	0.0
C1orf122	1677.0786	1.1601	0.0909	0.0	0.0
C1orf123	572.2105	1.0885	0.1453	0.0	0.0
C1orf131	161.6704	-1.8531	0.3067	0.0	0.0
C1orf213	62.8658	2.3261	0.4364	0.0	0.0
C1orf216	244.5726	-1.3424	0.233	0.0	0.0
C1orf226	187.7336	-2.3511	0.2926	0.0	0.0
C1orf233	310.2491	1.3063	0.1941	0.0	0.0
C1orf35	315.9433	-1.4304	0.2001	0.0	0.0
C1orf56	162.322	1.1868	0.2745	0.0	0.0
C1orf85	832.3505	1.059	0.1346	0.0	0.0
C1orf86	1404.151	1.4561	0.1043	0.0	0.0
C1QBP	9820.4413	1.2682	0.0555	0.0	0.0
C1QL1	48.7267	1.6393	0.4694	0.0001	0.0003
C1QL4	50.0553	1.0688	0.4432	0.0093	0.0163
C1QTNF6	1029.5391	1.1385	0.1177	0.0	0.0
C1R-2	145.1035	1.2885	0.2933	0.0	0.0
C1S	231.2484	1.4063	0.2265	0.0	0.0
C20orf112	218.5618	-2.4202	0.2973	0.0	0.0
C20orf194	136.2774	-1.622	0.3023	0.0	0.0
C20orf24	2559.4132	1.0527	0.0766	0.0	0.0
C20orf27	3107.3809	1.1419	0.0721	0.0	0.0
C21orf119	78.2666	1.4563	0.3819	0.0001	0.0001
C21orf58	155.373	2.6439	0.2992	0.0	0.0
C2CD2	325.9096	-1.3744	0.2042	0.0	0.0
C2CD2L	201.2789	-1.9234	0.2533	0.0	0.0
C2CD5	352.7607	-1.5082	0.191	0.0	0.0
C2orf42	60.1763	-2.1091	0.4638	0.0	0.0
C2orf44	241.7921	-1.0636	0.2201	0.0	0.0
C2orf47	282.718	-1.2283	0.2112	0.0	0.0
C2orf68	517.2403	1.4639	0.1656	0.0	0.0
C2orf72	13.0428	-1.784	0.8878	0.0057	0.0101
C3	75.4415	1.7551	0.3949	0.0	0.0
C3orf17	263.8875	-1.3708	0.2169	0.0	0.0
C3orf33	42.8092	-1.6205	0.5295	0.0006	0.0013
C3orf52	142.2285	-2.114	0.3231	0.0	0.0
C3orf62	46.1731	-1.0837	0.478	0.0133	0.0227
C4orf19	36.148	-1.9864	0.6129	0.0002	0.0004
C4orf21	240.8883	-1.6477	0.234	0.0	0.0
C4orf3	1350.6718	1.1549	0.1003	0.0	0.0
C4orf48	657.7149	1.4617	0.1419	0.0	0.0
C5AR1	8.522	-1.6001	1.1165	0.0105	0.0181
C5orf15	2820.2391	1.2384	0.0782	0.0	0.0
C5orf24	788.1508	-1.5701	0.1304	0.0	0.0
C5orf28	141.8945	-1.6028	0.2983	0.0	0.0
C5orf30	147.2937	-2.6172	0.3178	0.0	0.0
C5orf34	124.6227	-1.8404	0.3207	0.0	0.0
C5orf42	179.7825	-1.3959	0.2712	0.0	0.0
C5orf45	63.8834	-1.2974	0.4397	0.0015	0.0028
C5orf51	320.7828	-2.2746	0.2338	0.0	0.0
C5orf55	133.2098	1.6978	0.2962	0.0	0.0
C6orf120	1886.9387	1.4792	0.0868	0.0	0.0
C6orf136	120.6785	-1.8082	0.3412	0.0	0.0
C6orf203	70.1804	-1.7528	0.4201	0.0	0.0
C6orf226	128.7496	1.384	0.2976	0.0	0.0
C7orf26	324.0929	-2.3696	0.21	0.0	0.0
C7orf31	19.9315	-1.8214	0.7387	0.0023	0.0042
C7orf55	301.1212	1.0127	0.2014	0.0	0.0
C7orf55-LUC7L2	23.1575	-1.8873	1.3237	0.0013	0.0025
C7orf60	110.9773	-1.7841	0.3321	0.0	0.0
C7orf73	967.3358	1.0565	0.1165	0.0	0.0
C8orf34	37.6051	-1.1707	0.511	0.0113	0.0194
C8orf44-SGK3	16.931	-3.1299	1.4032	0.0	0.0
C8orf76	156.8136	-3.3663	0.3424	0.0	0.0
C9orf114	742.1028	-1.4622	0.1349	0.0	0.0
C9orf135-AS1	7.7145	-1.4487	1.0167	0.0238	0.039
C9orf142	981.6071	1.0618	0.1175	0.0	0.0
C9orf16	696.9267	1.4503	0.1337	0.0	0.0
C9orf163	89.709	2.9751	0.3866	0.0	0.0
C9orf91	186.8092	-1.9743	0.2636	0.0	0.0
CAB39	905.8272	-1.053	0.1244	0.0	0.0
CABLES1	416.6687	-1.0406	0.1717	0.0	0.0
CABYR	106.3567	-2.1351	0.3527	0.0	0.0
CACFD1	306.6345	-1.2184	0.2013	0.0	0.0
CACNB1	59.9069	-1.267	0.4722	0.0035	0.0064
CACNB3	321.0671	-1.054	0.1956	0.0	0.0
CACTIN-AS1	87.7597	1.5432	0.3605	0.0	0.0
CACUL1	702.2019	-2.3037	0.1509	0.0	0.0
CADM1	44.6793	1.504	0.4853	0.0007	0.0014
CADM4	1413.9711	1.5242	0.0987	0.0	0.0
CAHM	24.6873	2.787	0.7347	0.0	0.0
CALCRL	702.0398	-2.0437	0.1564	0.0	0.0
CALHM1	17.9775	2.8931	0.8923	0.0	0.0
CALHM2	189.9136	-1.2326	0.2483	0.0	0.0
CALM3	12417.8043	1.2518	0.0509	0.0	0.0
CALR	39070.9491	1.3725	0.0453	0.0	0.0
CALU	12050.966	1.4144	0.0533	0.0	0.0
CAMK1	821.6202	1.41	0.1228	0.0	0.0
CAMK2G	363.2323	-1.2725	0.1897	0.0	0.0
CAMKK1	21.291	-2.154	0.7846	0.0005	0.001
CAMLG	159.6714	-1.8183	0.2885	0.0	0.0
CAMSAP1	1022.3198	-1.0695	0.115	0.0	0.0
CAMSAP2	1053.4392	-1.1928	0.1205	0.0	0.0
CAMSAP3	275.8565	-2.0231	0.2194	0.0	0.0
CAMTA1	551.7128	1.3348	0.1506	0.0	0.0
CANX	19268.4867	1.0141	0.0546	0.0	0.0
CAP1	7062.2517	1.0025	0.0592	0.0	0.0
CAPG	511.8124	1.3982	0.1569	0.0	0.0
CAPN1	4236.1385	1.1193	0.0657	0.0	0.0
CAPN10-AS1	230.7538	3.7365	0.2633	0.0	0.0
CAPN2	8094.9571	1.2954	0.0615	0.0	0.0
CAPN7	429.2947	-2.0916	0.2013	0.0	0.0
CAPNS1	13514.0969	1.2527	0.0491	0.0	0.0
CAPRIN2	154.9054	-1.2509	0.2758	0.0	0.0
CAPZB	6771.453	1.0636	0.0611	0.0	0.0
CARD10	323.3815	-2.1085	0.2178	0.0	0.0
CARD8	145.4952	-1.9678	0.3048	0.0	0.0
CARF	24.7974	-1.3905	0.6294	0.0099	0.0171
CARKD	453.62	-1.2466	0.1713	0.0	0.0
CARS2	1700.0623	1.2977	0.0904	0.0	0.0
CASC10	357.4366	2.5789	0.191	0.0	0.0
CASC3	1383.1728	-1.1714	0.1015	0.0	0.0
CASC5	532.5957	-3.0177	0.1795	0.0	0.0
CASD1	445.0572	-1.3796	0.1755	0.0	0.0
CASKIN2	1264.8417	-1.4429	0.1117	0.0	0.0
CASP10	43.6207	-1.4316	0.5424	0.0031	0.0057
CASP2	877.5589	-1.0816	0.1439	0.0	0.0
CASP3	869.7463	-1.8455	0.1303	0.0	0.0
CASP8	322.6872	-1.6632	0.1988	0.0	0.0
CASP8AP2	264.5695	-2.2132	0.2276	0.0	0.0
CAV1	6519.0563	1.0608	0.0801	0.0	0.0
CBFA2T2	262.7446	-1.8831	0.2311	0.0	0.0
CBFB	1104.5374	-1.1374	0.1161	0.0	0.0
CBL	671.0614	-2.8	0.1572	0.0	0.0
CBLB	237.3445	-1.9118	0.2457	0.0	0.0
CBR3	305.6779	-1.7451	0.208	0.0	0.0
CBWD3	266.9703	2.1893	0.2184	0.0	0.0
CBWD5	505.2663	1.718	0.1546	0.0	0.0
CBX2	443.4573	-1.3205	0.1728	0.0	0.0
CBX7	26.8205	-2.5509	0.7584	0.0	0.0001
CC2D1A	295.1973	-1.9553	0.215	0.0	0.0
CC2D1B	599.7292	-1.4107	0.1459	0.0	0.0
CCAR2	2821.8222	-1.1535	0.0767	0.0	0.0
CCDC101	84.4825	-3.1626	0.455	0.0	0.0
CCDC102A	348.3248	-2.035	0.1999	0.0	0.0
CCDC109B	949.2823	1.2736	0.1193	0.0	0.0
CCDC112	50.3235	-1.9655	0.4987	0.0	0.0
CCDC117	1040.7051	-1.7315	0.1179	0.0	0.0
CCDC120	98.9216	-3.4038	0.4414	0.0	0.0
CCDC122	30.2304	-1.1099	0.5753	0.0282	0.0458
CCDC124	3929.0189	1.5126	0.074	0.0	0.0
CCDC125	132.6021	-1.3468	0.3057	0.0	0.0
CCDC126	59.9377	-1.8196	0.4606	0.0	0.0
CCDC127	221.1967	-1.8274	0.2712	0.0	0.0
CCDC130	129.8085	-1.8369	0.3206	0.0	0.0
CCDC137	419.534	-1.2473	0.1724	0.0	0.0
CCDC138	157.0174	-2.3729	0.3084	0.0	0.0
CCDC14	494.8545	-1.7209	0.1674	0.0	0.0
CCDC15	11.3681	-2.5875	1.267	0.0001	0.0003
CCDC157	33.1633	1.042	0.5378	0.0303	0.049
CCDC163P	23.5203	-1.4714	0.6649	0.0084	0.0148
CCDC167	721.4093	1.1967	0.132	0.0	0.0
CCDC18	169.8977	-2.6316	0.3025	0.0	0.0
CCDC28A	43.2549	-2.1158	0.5372	0.0	0.0
CCDC58	200.7444	-1.0139	0.2424	0.0	0.0
CCDC66	80.7703	-2.6571	0.4416	0.0	0.0
CCDC71	251.783	-2.8786	0.2519	0.0	0.0
CCDC74B	124.6027	1.0741	0.3095	0.0003	0.0007
CCDC77	97.094	-2.8915	0.4071	0.0	0.0
CCDC80	964.2799	1.2297	0.1214	0.0	0.0
CCDC82	249.2468	-2.9075	0.2545	0.0	0.0
CCDC85B	1496.5999	1.3811	0.0993	0.0	0.0
CCDC85C	1634.6773	-1.5434	0.1053	0.0	0.0
CCDC88C	507.0034	-1.8627	0.1654	0.0	0.0
CCDC9	382.5165	-1.6963	0.1908	0.0	0.0
CCDC93	336.7281	-1.6603	0.207	0.0	0.0
CCDC96	143.3295	2.8366	0.3077	0.0	0.0
CCDC97	426.4392	-2.1235	0.1907	0.0	0.0
CCL2	6.1114	1.5597	1.0617	0.0145	0.0246
CCL20	35.4827	1.9414	0.5581	0.0001	0.0002
CCM2L	29.7144	-1.8858	0.6251	0.0004	0.0009
CCNB1	3287.7342	-1.3389	0.0732	0.0	0.0
CCND2	6.8022	1.8628	1.0302	0.0046	0.0083
CCNE1	169.5668	-2.3202	0.2925	0.0	0.0
CCNE2	254.5275	-2.2317	0.2354	0.0	0.0
CCNF	1158.4369	-1.7848	0.283	0.0	0.0
CCNG2	249.3907	-1.7431	0.2415	0.0	0.0
CCNJ	384.5569	-1.2038	0.1959	0.0	0.0
CCNK	701.0675	-1.7851	0.1565	0.0	0.0
CCNL1	2233.9388	2.8106	0.0887	0.0	0.0
CCP110	373.4902	-2.6976	0.204	0.0	0.0
CCPG1	774.4816	1.0588	0.1394	0.0	0.0
CCRN4L	231.7029	1.1895	0.2319	0.0	0.0
CCSAP	304.2963	-1.2002	0.2002	0.0	0.0
CCT7	11385.488	1.2334	0.054	0.0	0.0
CCT8	8554.0986	1.0536	0.0603	0.0	0.0
CCZ1B	1217.9067	1.0423	0.1068	0.0	0.0
CD109	2456.5815	1.0275	0.0821	0.0	0.0
CD151	5331.9087	1.017	0.0601	0.0	0.0
CD164	6131.2873	1.0753	0.0609	0.0	0.0
CD1D	4.7298	1.3012	1.1471	0.0266	0.0434
CD276	2234.6197	1.2995	0.0841	0.0	0.0
CD302	270.2707	1.0124	0.2075	0.0	0.0
CD320	6184.763	1.507	0.0605	0.0	0.0
CD46	2480.9388	1.0282	0.0787	0.0	0.0
CD55	1761.2288	1.263	0.2421	0.0	0.0
CD58	84.386	-1.3173	0.3663	0.0002	0.0003
CD59	3109.7523	1.0464	0.0722	0.0	0.0
CD63	6566.0337	1.5071	0.0574	0.0	0.0
CD68	81.3955	1.5161	0.3734	0.0	0.0
CD7	56.6407	1.2832	0.439	0.0016	0.0031
CD81	6941.5593	1.4079	0.0567	0.0	0.0
CD81-AS1	8.1032	1.9208	1.0533	0.0035	0.0064
CD9	4877.8776	1.4307	0.0781	0.0	0.0
CD99	5488.3989	1.5185	0.0642	0.0	0.0
CDADC1	32.3805	-1.7999	0.6126	0.0007	0.0013
CDAN1	453.2011	-2.3081	0.1794	0.0	0.0
CDC14A	67.2493	-2.0534	0.4605	0.0	0.0
CDC20	3748.8123	-1.0674	0.0763	0.0	0.0
CDC23	525.4632	-2.9585	0.1788	0.0	0.0
CDC25A	1039.5776	-1.0438	0.1291	0.0	0.0
CDC25B	2080.5275	-1.5435	0.0875	0.0	0.0
CDC25C	140.0759	-1.7135	0.3057	0.0	0.0
CDC26	634.3508	1.0596	0.1383	0.0	0.0
CDC27	1352.1705	-2.0221	0.1076	0.0	0.0
CDC37	6528.8711	1.2107	0.0605	0.0	0.0
CDC37L1	98.2848	-2.5215	0.3813	0.0	0.0
CDC40	338.0003	-2.4907	0.2205	0.0	0.0
CDC42	6282.9432	1.2616	0.0586	0.0	0.0
CDC42EP2	517.9523	1.6586	0.1574	0.0	0.0
CDC42EP4	1254.9905	-1.3154	0.3369	0.0	0.0001
CDC42EP5	138.2052	1.095	0.2959	0.0001	0.0003
CDC42SE1	867.7284	-1.9807	0.1321	0.0	0.0
CDC42SE2	519.7876	-1.8798	0.1653	0.0	0.0
CDC6	1111.8114	-1.3657	0.1121	0.0	0.0
CDC7	517.1237	-2.5745	0.176	0.0	0.0
CDCA2	632.5325	-1.6272	0.1522	0.0	0.0
CDCA4	839.0999	-2.5944	0.1398	0.0	0.0
CDCA5	1113.8018	-1.7116	0.1317	0.0	0.0
CDCA7	1471.3615	-2.1925	0.1053	0.0	0.0
CDCA8	939.4358	-1.9788	0.128	0.0	0.0
CDCP1	17.3941	1.4784	0.7718	0.0149	0.0253
CDH1	610.8293	1.1273	0.1528	0.0	0.0
CDH17	98.8656	1.1377	0.3349	0.0004	0.0008
CDH23	37.8753	1.1809	0.5036	0.0097	0.0169
CDH24	2105.1792	1.3635	0.0852	0.0	0.0
CDH3	323.6985	1.1145	0.1884	0.0	0.0
CDHR1	71.095	1.0671	0.4259	0.0073	0.0128
CDIP1	125.4094	-1.9725	0.3324	0.0	0.0
CDK17	516.7653	-1.5573	0.1591	0.0	0.0
CDK18	113.1892	-2.0151	0.3479	0.0	0.0
CDK2AP1	3306.703	1.0338	0.0765	0.0	0.0
CDK4	10563.9618	1.1795	0.0528	0.0	0.0
CDK5	369.4424	1.0933	0.1766	0.0	0.0
CDK6	558.6891	1.2576	0.1688	0.0	0.0
CDK7	233.3713	-1.8939	0.2383	0.0	0.0
CDK8	292.9326	-3.3648	0.2576	0.0	0.0
CDKAL1	184.4495	-1.2951	0.2522	0.0	0.0
CDKL5	28.3238	-1.2215	0.6265	0.0229	0.0377
CDKN1A	1177.4856	1.1419	0.1121	0.0	0.0
CDKN1B	4694.7232	2.3848	0.071	0.0	0.0
CDKN2A	180.5758	1.8284	0.2612	0.0	0.0
CDKN2AIP	1320.4619	2.3985	0.129	0.0	0.0
CDPF1	99.914	-1.106	0.3452	0.0008	0.0016
CDT1	1043.8416	-1.4131	0.1259	0.0	0.0
CDYL	389.7235	-2.2247	0.1911	0.0	0.0
CEBPA	98.4836	-2.7261	0.3978	0.0	0.0
CEBPD	1796.3796	1.8559	0.0899	0.0	0.0
CEBPG	505.4463	-1.5705	0.1657	0.0	0.0
CEBPZ	806.0609	-2.1124	0.145	0.0	0.0
CECR1	86.0435	1.034	0.3488	0.0019	0.0036
CECR6	23.5093	-1.7833	0.6775	0.0016	0.0031
CELSR1	4753.5104	1.3997	0.0687	0.0	0.0
CEMP1	59.4369	-1.6644	0.4668	0.0001	0.0002
CENPA	505.5377	-1.9513	0.1661	0.0	0.0
CENPB	2521.0288	1.3974	0.0777	0.0	0.0
CENPC	118.6714	-3.0981	0.388	0.0	0.0
CENPE	612.6709	-3.0053	0.1661	0.0	0.0
CENPI	199.7451	-2.1923	0.2653	0.0	0.0
CENPJ	262.024	-1.7809	0.2352	0.0	0.0
CENPL	627.5864	1.6901	0.1446	0.0	0.0
CENPO	900.0377	-1.5903	0.126	0.0	0.0
CENPQ	87.7618	-2.6691	0.4122	0.0	0.0
CENPV	1932.2064	1.2483	0.0855	0.0	0.0
CENPW	701.3212	1.0023	0.1342	0.0	0.0
CEP120	203.2381	-2.3994	0.2661	0.0	0.0
CEP128	88.7892	-1.2294	0.3551	0.0003	0.0006
CEP135	329.4575	-1.7886	0.2021	0.0	0.0
CEP152	149.8734	-1.3661	0.2862	0.0	0.0
CEP164	292.7589	-1.267	0.2066	0.0	0.0
CEP170	800.4748	-1.7656	0.1419	0.0	0.0
CEP192	549.5464	-1.8867	0.1701	0.0	0.0
CEP350	553.4255	-1.3771	0.1517	0.0	0.0
CEP44	85.3259	-3.2311	0.4592	0.0	0.0
CEP55	1662.7411	-1.9401	0.1	0.0	0.0
CEP57	521.9839	-1.7306	0.1643	0.0	0.0
CEP57L1	86.4563	-2.0413	0.3834	0.0	0.0
CEP68	164.9252	-1.4672	0.2843	0.0	0.0
CEP72	159.0693	-1.3581	0.2723	0.0	0.0
CEP76	127.8485	-1.83	0.3307	0.0	0.0
CEP85	422.5503	-2.3418	0.1854	0.0	0.0
CEP97	183.9697	-1.4643	0.2803	0.0	0.0
CEPT1	243.8796	-1.6296	0.234	0.0	0.0
CERCAM	761.8977	1.3606	0.1271	0.0	0.0
CETN2	658.911	1.3507	0.1374	0.0	0.0
CFB	63.9387	1.7297	0.4129	0.0	0.0
CFD	645.1609	1.1704	0.1389	0.0	0.0
CFDP1	1207.8113	1.313	0.1051	0.0	0.0
CFL1	30088.2223	1.5185	0.0493	0.0	0.0
CGNL1	742.8405	-1.3809	0.1552	0.0	0.0
CHAF1A	1020.4654	-3.4565	0.1398	0.0	0.0
CHCHD1	734.8109	1.0209	0.1292	0.0	0.0
CHCHD2	7910.0781	1.4649	0.0567	0.0	0.0
CHCHD4	263.8348	-1.7696	0.2271	0.0	0.0
CHCHD6	318.4078	1.1547	0.1919	0.0	0.0
CHD1	879.3027	-2.0412	0.1313	0.0	0.0
CHD3	12843.7393	1.3162	0.0562	0.0	0.0
CHD9	655.0311	-1.819	0.1508	0.0	0.0
CHDH	272.5338	-1.6617	0.2157	0.0	0.0
CHERP	1311.0678	-1.5995	0.1074	0.0	0.0
CHIC1	63.4937	-3.0864	0.5539	0.0	0.0
CHIC2	80.2111	-1.5634	0.4193	0.0001	0.0001
CHID1	3328.5788	1.5115	0.0712	0.0	0.0
CHKA	759.2791	-1.1995	0.1402	0.0	0.0
CHKB-CPT1B	11.7739	-2.5577	1.2648	0.0002	0.0003
CHM	385.6571	-1.2933	0.1932	0.0	0.0
CHMP1B	1089.1311	1.9483	0.1145	0.0	0.0
CHMP2A	1322.4899	1.4582	0.1024	0.0	0.0
CHMP3	2181.1152	1.0443	0.0825	0.0	0.0
CHMP4A	791.2693	1.0332	0.1246	0.0	0.0
CHMP4B	2177.9697	1.0824	0.0832	0.0	0.0
CHMP5	958.9657	1.0435	0.1169	0.0	0.0
CHMP6	293.0595	-1.872	0.2186	0.0	0.0
CHMP7	621.0861	-2.1926	0.1532	0.0	0.0
CHORDC1	1627.2529	-1.5869	0.1059	0.0	0.0
CHPF	7524.708	1.6484	0.0613	0.0	0.0
CHPF2	2960.5467	1.5611	0.0771	0.0	0.0
CHPT1	465.2786	1.2046	0.1618	0.0	0.0
CHRNA10	6.2237	-1.3056	1.1148	0.0306	0.0495
CHRNB1	11.4472	-1.5669	0.9069	0.0149	0.0252
CHST10	26.1642	-1.5739	0.6294	0.0035	0.0064
CHST14	2525.8091	1.8483	0.0782	0.0	0.0
CHSY1	736.3777	-1.6324	0.1387	0.0	0.0
CHSY3	332.4639	1.7007	0.1924	0.0	0.0
CHTF8	1343.2055	-1.814	0.1077	0.0	0.0
CHUK	626.2862	-1.5904	0.1455	0.0	0.0
CHURC1-FNTB	128.7074	2.0793	0.3132	0.0	0.0
CIB1	1299.0837	1.1426	0.1023	0.0	0.0
CIB2	212.9609	1.4057	0.2355	0.0	0.0
CIC	1137.9879	-1.0091	0.1146	0.0	0.0
CIITA	52.3938	4.1145	0.6353	0.0	0.0
CILP	295.0663	1.3977	0.2177	0.0	0.0
CILP2	309.2331	1.3805	0.1949	0.0	0.0
CIPC	275.9559	-2.8389	0.2391	0.0	0.0
CIR1	98.5126	-1.83	0.3593	0.0	0.0
CIRBP-AS1	24.8514	1.184	0.6119	0.025	0.041
CIRH1A	1188.3767	-1.0376	0.1184	0.0	0.0
CISH	51.9328	-2.5231	0.5218	0.0	0.0
CIT	670.8131	-1.0221	0.1415	0.0	0.0
CITED2	7614.6904	2.2316	0.0591	0.0	0.0
CITED4	284.045	1.0939	0.2044	0.0	0.0
CKAP2	1012.5574	-2.2428	0.1252	0.0	0.0
CKAP2L	408.2348	-1.1019	0.1918	0.0	0.0
CKAP4	9552.9158	1.6758	0.0535	0.0	0.0
CKAP5	3461.0198	-1.2537	0.0727	0.0	0.0
CKB	3990.3998	1.1015	0.0714	0.0	0.0
CKM	38.4053	1.4248	0.508	0.0019	0.0037
CKMT1B	158.96	1.3964	0.2692	0.0	0.0
CKMT2-AS1	31.4935	-1.9791	0.6041	0.0002	0.0003
CKS2	1180.8197	-1.0286	0.1102	0.0	0.0
CLASP1	625.2644	-1.7653	0.1468	0.0	0.0
CLASRP	483.189	-1.1796	0.1638	0.0	0.0
CLCF1	136.7383	-1.5035	0.296	0.0	0.0
CLCN2	178.7818	-1.3624	0.2563	0.0	0.0
CLCN6	136.2154	-2.2955	0.3166	0.0	0.0
CLCN7	829.0247	-1.5443	0.1323	0.0	0.0
CLDN12	247.9354	-2.561	0.2479	0.0	0.0
CLDN16	91.3124	1.1717	0.3544	0.0005	0.0011
CLEC11A	128.3533	1.3446	0.2932	0.0	0.0
CLGN	162.6666	1.3167	0.2694	0.0	0.0
CLIC1	11796.6158	1.238	0.0506	0.0	0.0
CLIP1	742.7773	-1.2988	0.1349	0.0	0.0
CLIP2	200.6781	-1.1178	0.2523	0.0	0.0
CLK2	308.5927	-2.3154	0.2203	0.0	0.0
CLK3	306.2583	-1.2617	0.2012	0.0	0.0
CLK4	70.8267	-1.9594	0.42	0.0	0.0
CLN8	281.4996	-2.0602	0.2227	0.0	0.0
CLOCK	370.0565	-2.5263	0.206	0.0	0.0
CLP1	733.0102	1.9778	0.133	0.0	0.0
CLPTM1L	6077.3998	1.3855	0.0663	0.0	0.0
CLPX	643.802	-1.1117	0.141	0.0	0.0
CLSPN	956.4638	-1.3262	0.1229	0.0	0.0
CLSTN1	6027.9341	1.3107	0.0607	0.0	0.0
CLSTN2	338.7144	1.4743	0.2171	0.0	0.0
CLTA	4236.5797	1.052	0.0669	0.0	0.0
CLTB	2912.744	1.3378	0.0792	0.0	0.0
CLU	6262.8136	1.5559	0.061	0.0	0.0
CLUAP1	282.7049	-2.0834	0.2183	0.0	0.0
CLUH	2395.2543	-1.4593	0.0836	0.0	0.0
CMIP	746.1739	-2.0239	0.1576	0.0	0.0
CMKLR1	287.1048	-1.7321	0.2311	0.0	0.0
CMTM3	197.4944	-1.9976	0.257	0.0	0.0
CMTM6	3380.83	1.1288	0.0724	0.0	0.0
CMTR2	238.4921	-2.1892	0.2396	0.0	0.0
CNEP1R1	148.4494	-3.1962	0.3453	0.0	0.0
CNIH2	225.8749	1.2067	0.2503	0.0	0.0
CNIH3	6.851	-1.9757	1.1955	0.0018	0.0034
CNKSR1	142.6471	-1.395	0.2929	0.0	0.0
CNKSR3	465.0715	-1.2708	0.1714	0.0	0.0
CNN1	222.7396	1.0388	0.2301	0.0	0.0
CNNM2	437.5742	1.2572	0.1708	0.0	0.0
CNNM4	243.2324	-1.3118	0.2449	0.0	0.0
CNOT10	348.8376	-1.846	0.1941	0.0	0.0
CNOT11	748.1292	-1.1654	0.1311	0.0	0.0
CNOT2	494.1017	-2.6262	0.2005	0.0	0.0
CNOT4	198.3765	-2.6505	0.2868	0.0	0.0
CNOT6L	488.1465	-1.0634	0.1583	0.0	0.0
CNOT8	456.5094	-1.6449	0.1681	0.0	0.0
CNPPD1	426.972	-1.851	0.1766	0.0	0.0
CNPY2	2806.8714	1.2804	0.0757	0.0	0.0
CNPY3	1933.2137	1.2714	0.0909	0.0	0.0
CNPY4	314.056	1.2423	0.1918	0.0	0.0
CNST	297.9417	-1.5619	0.2097	0.0	0.0
CNTD1	10.5568	1.5094	0.8655	0.0175	0.0293
CNTD2	40.0161	-1.08	0.5008	0.0176	0.0294
CNTNAP1	452.1012	1.0049	0.1637	0.0	0.0
CNTRL	164.1887	-2.6634	0.2992	0.0	0.0
CNTROB	447.5388	-1.1166	0.1728	0.0	0.0
COA1	740.6821	1.1168	0.1281	0.0	0.0
COA3	1020.0486	1.3229	0.1152	0.0	0.0
COBLL1	2745.0251	-1.06	0.0851	0.0	0.0
COCH	598.0614	1.3613	0.1428	0.0	0.0
COG2	331.8399	-1.4554	0.1941	0.0	0.0
COG3	168.9683	-1.6095	0.2766	0.0	0.0
COIL	302.116	-1.0875	0.2064	0.0	0.0
COL11A2	41.8986	1.4195	0.5135	0.0022	0.0041
COL18A1	22822.9793	1.546	0.0463	0.0	0.0
COL18A1-AS1	9.4509	1.4864	0.8953	0.0203	0.0336
COL1A1	276.9666	1.2947	0.2185	0.0	0.0
COL1A2	3882.3681	1.3345	0.0869	0.0	0.0
COL26A1	5371.929	1.2111	0.0613	0.0	0.0
COL2A1	960.7927	1.4224	0.1164	0.0	0.0
COL3A1	532.0752	1.3997	0.1874	0.0	0.0
COL4A1	13347.0509	1.5094	0.0573	0.0	0.0
COL4A2	16057.9232	1.5055	0.0499	0.0	0.0
COL4A3BP	844.4882	-1.8698	0.1332	0.0	0.0
COL4A5	597.1373	1.1062	0.1543	0.0	0.0
COL5A1	19.7813	1.3658	0.6639	0.0143	0.0243
COL5A2	18623.5606	1.3333	0.0511	0.0	0.0
COL5A3	78.6325	1.2742	0.3792	0.0004	0.0008
COL6A1	4392.8156	1.5595	0.0691	0.0	0.0
COL6A2	2586.7565	1.6576	0.0853	0.0	0.0
COL8A1	17.7341	1.4105	0.7034	0.0147	0.0248
COL8A2	6.9658	1.4755	1.0258	0.0213	0.0352
COL9A2	199.4214	1.3724	0.2372	0.0	0.0
COL9A3	49.64	1.1269	0.4607	0.008	0.014
COLEC12	37.1371	1.1584	0.5404	0.0164	0.0276
COLGALT1	6025.9701	1.193	0.0608	0.0	0.0
COMMD1	331.9855	1.2783	0.1884	0.0	0.0
COMMD10	394.1941	1.0347	0.1741	0.0	0.0
COMMD4	1883.2282	1.2487	0.0868	0.0	0.0
COMMD6	480.6475	1.0642	0.159	0.0	0.0
COMP	37.7106	1.3898	0.5161	0.0028	0.0053
COMT	1677.0356	1.3993	0.0992	0.0	0.0
COPE	2945.8053	1.2664	0.0732	0.0	0.0
COPS6	4296.0034	1.2727	0.0657	0.0	0.0
COPS7A	1419.0466	1.1231	0.0965	0.0	0.0
COPS8	1097.3651	1.2213	0.1077	0.0	0.0
COQ10A	132.1818	-3.31	0.3674	0.0	0.0
COQ10B	439.3524	1.1929	0.1683	0.0	0.0
CORO1A	63.2907	1.0255	0.4199	0.009	0.0157
CORO1B	3157.979	1.2383	0.0787	0.0	0.0
CORO6	46.9716	-1.2734	0.4943	0.0046	0.0084
COTL1	19977.6663	1.4391	0.0648	0.0	0.0
COX10-AS1	30.7779	-1.9371	0.6152	0.0003	0.0006
COX14	449.304	1.0879	0.1658	0.0	0.0
COX16	1046.2223	1.2922	0.1132	0.0	0.0
COX4I1	5514.349	1.3721	0.0604	0.0	0.0
COX5A	2176.7532	1.2506	0.0815	0.0	0.0
COX5B	1993.5154	1.3616	0.0872	0.0	0.0
COX6A1	3633.95	1.4523	0.0746	0.0	0.0
COX6B1	2551.1665	1.4529	0.0791	0.0	0.0
COX6C	2166.8274	1.1368	0.0857	0.0	0.0
COX7A2	2122.6671	1.3137	0.0892	0.0	0.0
COX7B	1010.4446	1.05	0.1155	0.0	0.0
COX7C	3052.6312	1.1658	0.0722	0.0	0.0
COX8A	5070.1486	1.4275	0.063	0.0	0.0
CP	436.8949	1.3635	0.1704	0.0	0.0
CPA4	149.6525	1.3427	0.2748	0.0	0.0
CPD	4917.9366	1.2758	0.0652	0.0	0.0
CPNE2	2132.9553	1.1973	0.0847	0.0	0.0
CPQ	411.5725	1.5308	0.1768	0.0	0.0
CPSF4	365.9417	-3.1971	0.2186	0.0	0.0
CPSF7	1147.2831	-1.9131	0.1204	0.0	0.0
CPVL	37.0445	1.6494	0.5376	0.0006	0.0012
CRABP2	193.7295	1.4948	0.2445	0.0	0.0
CRAMP1L	372.2143	-1.5093	0.2037	0.0	0.0
CRBN	143.4585	-1.6402	0.2923	0.0	0.0
CREB1	417.4662	-2.7576	0.2109	0.0	0.0
CREBBP	1744.2093	-1.6564	0.0944	0.0	0.0
CREBRF	92.2544	1.5584	0.342	0.0	0.0
CREBZF	2986.935	2.7753	0.0795	0.0	0.0
CREG1	836.3572	1.3653	0.1222	0.0	0.0
CRELD1	334.3159	1.3122	0.1978	0.0	0.0
CRELD2	2106.3589	1.546	0.0858	0.0	0.0
CRIM1	8994.2692	1.006	0.1738	0.0	0.0
CRIPAK	46.3993	-1.8271	0.5225	0.0001	0.0002
CRKL	4078.3986	1.4286	0.0722	0.0	0.0
CRLF1	41.2462	1.2968	0.5039	0.0045	0.0082
CRLF3	172.4676	-2.2397	0.2809	0.0	0.0
CROCCP2	64.1681	-1.6565	0.429	0.0	0.0001
CROCCP3	16.5277	-3.0764	1.3892	0.0	0.0
CROT	139.3332	-1.1834	0.2877	0.0	0.0
CRTAP	5918.4636	1.3277	0.0618	0.0	0.0
CRTC1	118.6428	-1.5185	0.3237	0.0	0.0
CRTC3	333.3467	-1.5154	0.1934	0.0	0.0
CRY2	86.8021	-2.9123	0.4282	0.0	0.0
CRYBG3	124.9014	-2.8641	0.3678	0.0	0.0
CSF3R	26.2504	1.7344	0.6179	0.0011	0.0022
CSGALNACT2	148.9825	-1.5185	0.2872	0.0	0.0
CSK	1802.952	-1.0268	0.097	0.0	0.0
CSNK1A1	2180.1444	-1.4091	0.0862	0.0	0.0
CSNK1E	879.1498	-1.4065	0.1388	0.0	0.0
CSNK1G1	335.1809	-2.1418	0.2031	0.0	0.0
CSNK1G2-AS1	15.2714	2.6063	1.2334	0.0001	0.0003
CSNK1G3	328.5002	-1.7499	0.2172	0.0	0.0
CSPG5	266.549	1.34	0.212	0.0	0.0
CSPP1	211.6928	-2.8843	0.2756	0.0	0.0
CSRNP1	362.6437	2.7129	0.2101	0.0	0.0
CSRNP2	452.0548	-1.2724	0.1721	0.0	0.0
CSRP2BP	172.8298	-3.008	0.3193	0.0	0.0
CST3	4575.0386	1.699	0.0645	0.0	0.0
CSTB	3833.4749	1.3425	0.0703	0.0	0.0
CSTF1	696.121	1.2496	0.1432	0.0	0.0
CSTF2T	1322.8235	1.5531	0.1014	0.0	0.0
CTAGE5	139.0907	-1.0292	0.2939	0.0003	0.0006
CTAGE8	3.8827	-1.3121	1.1684	0.0226	0.0372
CTBP1-AS	72.6357	2.091	0.409	0.0	0.0
CTBP1-AS2	305.8273	1.4778	0.2051	0.0	0.0
CTDP1	420.4179	-1.4695	0.182	0.0	0.0
CTDSP1	1019.3191	-2.6842	0.1364	0.0	0.0
CTDSPL	1617.2928	-1.2017	0.1071	0.0	0.0
CTGF	11433.6449	2.4535	0.1794	0.0	0.0
CTIF	137.0167	-1.9557	0.3087	0.0	0.0
CTNNA1	12256.8185	1.0896	0.0518	0.0	0.0
CTNS	316.8635	-1.9213	0.2124	0.0	0.0
CTSA	3135.65	1.3807	0.0763	0.0	0.0
CTSB	4272.249	1.4431	0.0682	0.0	0.0
CTSC	3294.4445	1.404	0.0714	0.0	0.0
CTSD	7235.2921	1.3546	0.0596	0.0	0.0
CTSE	401.1091	1.4598	0.1724	0.0	0.0
CTSF	649.096	1.5365	0.1547	0.0	0.0
CTSH	1156.2227	1.3765	0.1072	0.0	0.0
CTSK	7.0537	-1.9609	1.1891	0.002	0.0037
CTSL	1195.5098	1.312	0.1045	0.0	0.0
CTSS	210.7896	1.6092	0.2369	0.0	0.0
CTSV	593.4446	1.3412	0.1461	0.0	0.0
CTSZ	2530.9287	1.4661	0.0799	0.0	0.0
CTTN	4638.8176	1.0354	0.0678	0.0	0.0
CTTNBP2	229.3031	-2.3332	0.2569	0.0	0.0
CTTNBP2NL	989.8091	1.4686	0.1461	0.0	0.0
CTXN1	3024.5384	1.3201	0.077	0.0	0.0
CUEDC2	1955.7457	1.3691	0.0875	0.0	0.0
CUL1	1218.8857	-1.1196	0.1107	0.0	0.0
CUL2	587.0833	-1.0852	0.1562	0.0	0.0
CUL3	1445.4762	-1.8123	0.1072	0.0	0.0
CUL5	599.142	-1.5981	0.1549	0.0	0.0
CUTA	2820.0079	1.2034	0.075	0.0	0.0
CWC22	411.6337	-1.6665	0.1767	0.0	0.0
CWF19L2	115.0265	-1.6483	0.3234	0.0	0.0
CXCL1	45.6127	1.6598	0.4822	0.0002	0.0003
CXCL16	238.6111	1.7307	0.2217	0.0	0.0
CXCL5	446.0259	2.0104	0.1748	0.0	0.0
CXorf23	43.4799	-1.5492	0.5099	0.0008	0.0015
CXorf38	279.7492	-1.2689	0.212	0.0	0.0
CXorf40A	63.8369	-1.0928	0.4303	0.0064	0.0114
CXXC5	671.6251	-2.4719	0.1539	0.0	0.0
CYB561	294.1863	-1.1748	0.2073	0.0	0.0
CYB561D1	131.1515	-1.7276	0.3101	0.0	0.0
CYB5A	1227.3487	1.526	0.1087	0.0	0.0
CYB5D1	645.1203	1.4337	0.1396	0.0	0.0
CYB5R3	5339.2453	1.4726	0.0702	0.0	0.0
CYBA	5101.8567	1.6271	0.0628	0.0	0.0
CYC1	5336.1074	1.0075	0.067	0.0	0.0
CYCS	5224.9444	1.3145	0.0684	0.0	0.0
CYFIP1	5018.8674	1.2145	0.0649	0.0	0.0
CYFIP2	1809.6754	1.0565	0.0876	0.0	0.0
CYP1A1	238.9354	-1.5631	0.228	0.0	0.0
CYP2R1	35.1566	-1.7929	0.5741	0.0004	0.0008
CYR61	51306.8963	3.9697	0.1943	0.0	0.0
CYSTM1	795.3345	1.0698	0.1236	0.0	0.0
CYTH1	147.4364	-3.3922	0.353	0.0	0.0
CYTH2	623.1099	-1.8308	0.1474	0.0	0.0
CYTH3	892.7203	-1.6805	0.1341	0.0	0.0
DAAM1	145.4758	-2.1592	0.3054	0.0	0.0
DAB2IP	906.0295	-2.5725	0.1351	0.0	0.0
DACH1	136.174	-2.1708	0.3155	0.0	0.0
DACT2	35.3165	-1.5203	0.5837	0.0029	0.0054
DACT3	18.2545	-1.4442	0.7211	0.0138	0.0234
DAD1	3691.0229	1.5045	0.0711	0.0	0.0
DAG1	20508.1206	1.279	0.0499	0.0	0.0
DAGLA	176.4877	-2.2206	0.2772	0.0	0.0
DAGLB	148.0874	-1.7361	0.2932	0.0	0.0
DAK	925.9526	1.3842	0.1181	0.0	0.0
DANCR	1594.8627	1.1986	0.1057	0.0	0.0
DAPK1	3965.3287	-1.8395	0.0713	0.0	0.0
DAPK2	26.457	-1.854	0.6571	0.0008	0.0017
DAPK3	739.3312	-2.2877	0.1487	0.0	0.0
DARS2	1230.6466	1.107	0.1027	0.0	0.0
DAZAP1	8257.712	1.1304	0.0544	0.0	0.0
DAZAP2	2519.9544	1.0526	0.0807	0.0	0.0
DBF4	597.6974	-1.3371	0.1563	0.0	0.0
DBF4B	373.2079	-1.8859	0.1888	0.0	0.0
DBI	2292.6732	1.3636	0.0815	0.0	0.0
DBIL5P	34.8308	1.4781	0.5348	0.002	0.0038
DBR1	273.6344	-2.5719	0.239	0.0	0.0
DBT	222.2646	-1.2335	0.2581	0.0	0.0
DCAF15	443.4295	-2.3069	0.1859	0.0	0.0
DCAF16	488.594	-1.797	0.1645	0.0	0.0
DCAF4	76.4052	-1.4904	0.4118	0.0001	0.0002
DCAF4L1	13.4382	1.5437	0.8144	0.0131	0.0224
DCHS1	34.083	1.0743	0.5256	0.023	0.0378
DCLRE1A	431.0912	-1.5506	0.1715	0.0	0.0
DCLRE1C	114.6444	-1.1464	0.3228	0.0002	0.0005
DCP1A	356.5539	-2.7898	0.2144	0.0	0.0
DCP1B	70.6338	-3.0115	0.4818	0.0	0.0
DCST2	43.728	1.0836	0.5351	0.0237	0.0389
DCTN3	815.0034	1.1837	0.1256	0.0	0.0
DCTN4	466.9907	-2.0481	0.1764	0.0	0.0
DCTN5	885.2788	-1.1466	0.1274	0.0	0.0
DCUN1D1	349.9678	-1.524	0.1981	0.0	0.0
DCUN1D2	118.5389	-1.1149	0.3146	0.0002	0.0005
DCUN1D3	614.0054	3.294	0.1575	0.0	0.0
DCUN1D4	362.858	-3.3869	0.2249	0.0	0.0
DCUN1D5	611.6208	-1.2076	0.1473	0.0	0.0
DCXR	1003.9587	1.3729	0.1242	0.0	0.0
DDOST	10003.8219	1.4448	0.0528	0.0	0.0
DDR1	3390.1451	1.1271	0.0886	0.0	0.0
DDT	1343.0695	1.3438	0.1032	0.0	0.0
DDTL	144.6112	3.2075	0.3221	0.0	0.0
DDX11	806.336	-1.8384	0.1361	0.0	0.0
DDX12P	161.0907	-1.4204	0.2774	0.0	0.0
DDX17	3420.9157	-1.6109	0.0728	0.0	0.0
DDX28	981.9154	2.5928	0.1194	0.0	0.0
DDX31	374.7382	-2.0675	0.1925	0.0	0.0
DDX39B	7152.8656	1.0196	0.0572	0.0	0.0
DDX41	2413.1593	1.2703	0.0807	0.0	0.0
DDX42	1670.1918	-1.4271	0.094	0.0	0.0
DDX49	1649.9464	1.0638	0.0948	0.0	0.0
DDX52	529.1805	-1.9015	0.165	0.0	0.0
DDX55	339.6161	-1.6052	0.194	0.0	0.0
DDX58	41.4364	-1.6477	0.5198	0.0004	0.0009
DDX59	191.866	-1.8048	0.2573	0.0	0.0
DDX6	1685.6704	-1.9528	0.0991	0.0	0.0
DECR1	1182.6411	1.0655	0.116	0.0	0.0
DEDD2	504.8522	-1.3354	0.1635	0.0	0.0
DENND1A	945.3257	1.1543	0.1182	0.0	0.0
DENND3	174.8014	-1.3807	0.2684	0.0	0.0
DENND4A	99.2128	-2.0991	0.3642	0.0	0.0
DENND4B	843.4216	-1.6038	0.1377	0.0	0.0
DENND4C	377.6507	-1.6527	0.1846	0.0	0.0
DENND5B	410.54	-1.61	0.1866	0.0	0.0
DENND6A	362.0372	-1.251	0.1836	0.0	0.0
DEPDC1	1012.2816	-1.3719	0.1169	0.0	0.0
DEPDC5	97.7827	-1.2068	0.3476	0.0003	0.0006
DEPDC7	4.2802	-1.4079	1.1694	0.0161	0.0271
DERL3	17.3654	2.1823	0.7526	0.0003	0.0006
DFFB	66.1417	-2.5022	0.4694	0.0	0.0
DGCR11	151.335	1.298	0.2748	0.0	0.0
DGCR14	313.6608	-1.434	0.1945	0.0	0.0
DGCR6L	888.0925	1.3295	0.1247	0.0	0.0
DGCR8	646.1487	-1.5975	0.1436	0.0	0.0
DGKD	593.0527	-1.5501	0.1502	0.0	0.0
DGKQ	211.1778	-2.278	0.2621	0.0	0.0
DGUOK	830.5164	1.2739	0.1246	0.0	0.0
DHFRL1	29.7298	-1.1927	0.63	0.0269	0.0438
DHRS3	57.4816	-1.1504	0.4302	0.0041	0.0075
DHRS4	775.0183	1.5824	0.1267	0.0	0.0
DHRS4-AS1	116.071	-1.8968	0.337	0.0	0.0
DHX30	2009.3076	-1.4714	0.09	0.0	0.0
DHX32	218.3461	-2.6792	0.2638	0.0	0.0
DHX33	844.8644	-1.5297	0.1262	0.0	0.0
DHX35	164.7412	-2.24	0.2913	0.0	0.0
DHX36	796.3173	-1.2377	0.1341	0.0	0.0
DHX57	339.0853	-1.161	0.1894	0.0	0.0
DHX9	10721.7055	1.0334	0.0537	0.0	0.0
DICER1	1226.3184	-1.7497	0.1202	0.0	0.0
DIDO1	1190.8966	-1.4443	0.1226	0.0	0.0
DIEXF	269.9467	-1.9911	0.2367	0.0	0.0
DIP2B	1045.9201	-1.538	0.122	0.0	0.0
DIP2C	277.0464	-1.2333	0.2166	0.0	0.0
DIRAS1	151.7757	-1.016	0.2737	0.0001	0.0003
DIS3	744.9097	-1.8792	0.1364	0.0	0.0
DISP1	89.8067	-1.1699	0.376	0.001	0.002
DIXDC1	118.9814	-1.4934	0.3236	0.0	0.0
DKFZP434I0714	515.0964	3.3918	0.1736	0.0	0.0
DKK3	30.7862	1.4089	0.5668	0.0049	0.0088
DLC1	6432.7163	1.5027	0.0659	0.0	0.0
DLEU1	127.5739	-1.6706	0.322	0.0	0.0
DLG1-AS1	20.1118	2.0084	0.7064	0.0006	0.0011
DLG3	254.745	-2.3408	0.2412	0.0	0.0
DLG4	108.4072	-1.3779	0.3251	0.0	0.0
DLG5-AS1	30.6738	2.3025	0.6083	0.0	0.0
DLGAP4	566.7582	-1.3725	0.152	0.0	0.0
DLX1	238.6803	1.2714	0.2196	0.0	0.0
DLX2	699.9701	3.5771	0.1664	0.0	0.0
DLX3	10.1268	-1.7754	1.0064	0.0067	0.0118
DLX6-AS1	29.3646	-1.3719	0.5908	0.0078	0.0137
DMC1	28.1797	1.684	0.5824	0.001	0.0019
DMKN	347.7077	1.3811	0.1833	0.0	0.0
DMTF1	235.9538	-2.465	0.2579	0.0	0.0
DNA2	386.3126	-1.5477	0.1858	0.0	0.0
DNAJA3	1021.4545	-2.3515	0.1238	0.0	0.0
DNAJB11	2536.6828	1.151	0.0788	0.0	0.0
DNAJB2	610.1332	-2.6186	0.1585	0.0	0.0
DNAJB4	200.1227	-1.9263	0.2546	0.0	0.0
DNAJB5	130.8081	-1.7307	0.3104	0.0	0.0
DNAJB6	1112.3373	-1.1655	0.111	0.0	0.0
DNAJB7	31.0446	2.4997	0.6314	0.0	0.0
DNAJC10	3750.7998	1.2496	0.0751	0.0	0.0
DNAJC14	548.4006	-1.3334	0.1527	0.0	0.0
DNAJC16	227.5374	-1.714	0.2373	0.0	0.0
DNAJC17	83.3903	-1.249	0.3685	0.0004	0.0007
DNAJC18	64.9562	-1.6605	0.4426	0.0001	0.0001
DNAJC2	478.9044	-1.6118	0.1648	0.0	0.0
DNAJC24	88.0416	-1.9353	0.3768	0.0	0.0
DNAJC25	653.4887	1.6066	0.1382	0.0	0.0
DNAJC25-GNG10	7.5094	1.4268	0.9913	0.0264	0.0431
DNAJC30	1072.4218	2.4228	0.1173	0.0	0.0
DNAJC4	379.6516	1.0473	0.1743	0.0	0.0
DNAJC5	1159.4055	-1.6784	0.1108	0.0	0.0
DNAJC8	3702.8343	1.1252	0.068	0.0	0.0
DNAL1	160.5102	-1.0769	0.2682	0.0	0.0001
DNAL4	62.7312	-3.0431	0.5175	0.0	0.0
DNASE1L1	581.8228	1.3379	0.1476	0.0	0.0
DNASE2	655.4388	1.1602	0.1373	0.0	0.0
DNLZ	349.2104	1.2452	0.2015	0.0	0.0
DNMBP	430.6493	-1.1018	0.1796	0.0	0.0
DNMT3B	268.0041	-1.778	0.219	0.0	0.0
DNPH1	747.2344	1.3935	0.1298	0.0	0.0
DOC2B	60.9026	1.0591	0.4284	0.008	0.0141
DOCK6	615.0288	1.0893	0.1441	0.0	0.0
DOK7	46.882	-1.3294	0.5159	0.0043	0.0078
DOLPP1	260.3671	-3.6046	0.2753	0.0	0.0
DOPEY1	202.5761	-2.2802	0.2598	0.0	0.0
DPCD	333.5442	1.0893	0.1864	0.0	0.0
DPF2	558.5636	-2.8828	0.173	0.0	0.0
DPH1	319.2705	-1.8956	0.2038	0.0	0.0
DPH3P1	36.7437	1.2157	0.5142	0.0088	0.0154
DPH5	256.3758	-1.1934	0.2216	0.0	0.0
DPM3	513.3354	1.2497	0.1632	0.0	0.0
DPP3	1805.2458	1.299	0.0916	0.0	0.0
DPP4	117.7847	1.5291	0.3096	0.0	0.0
DPP7	774.6188	1.3548	0.1261	0.0	0.0
DPY19L2P2	44.1416	-1.9955	0.5345	0.0	0.0001
DR1	4097.5233	1.2742	0.0744	0.0	0.0
DRAP1	3638.9129	1.6157	0.0715	0.0	0.0
DSC3	26.2327	1.1336	0.5889	0.0275	0.0448
DSCC1	340.4981	-1.0111	0.1902	0.0	0.0
DSCR3	352.2526	-1.6578	0.1918	0.0	0.0
DSN1	226.7522	-3.0969	0.2824	0.0	0.0
DSTN	9681.4823	1.3076	0.0662	0.0	0.0
DSTYK	228.8611	-3.5447	0.3024	0.0	0.0
DTD1	1188.8594	1.1023	0.1079	0.0	0.0
DTL	906.1267	-1.0856	0.1482	0.0	0.0
DTNBP1	111.8161	-1.3956	0.3235	0.0	0.0
DTWD1	109.2285	-2.6341	0.3776	0.0	0.0
DTWD2	131.891	-1.3776	0.3005	0.0	0.0
DTX2	134.3251	-2.5287	0.3483	0.0	0.0
DTX3L	322.3171	-2.3273	0.2165	0.0	0.0
DTYMK	2765.2824	1.0112	0.0776	0.0	0.0
DUS1L	3928.2614	1.0213	0.0774	0.0	0.0
DUS2	123.1297	-1.5677	0.3168	0.0	0.0
DUS4L	86.4685	-1.1386	0.3701	0.0012	0.0023
DUSP1	1458.3713	1.7844	0.1201	0.0	0.0
DUSP11	184.4896	-2.9488	0.3008	0.0	0.0
DUSP18	22.6521	-1.8473	0.7124	0.0016	0.003
DUSP28	166.4397	1.5257	0.2699	0.0	0.0
DUSP3	606.4629	-1.7094	0.151	0.0	0.0
DUSP4	808.6223	1.2143	0.1235	0.0	0.0
DUSP5	3149.9971	2.5321	0.2053	0.0	0.0
DUSP6	5159.999	1.2385	0.0644	0.0	0.0
DUSP8	29.6307	-1.1812	0.574	0.0193	0.0321
DUSP9	601.6874	1.0927	0.1493	0.0	0.0
DUT	2862.6981	1.1307	0.078	0.0	0.0
DVL1	1134.0523	-1.4731	0.115	0.0	0.0
DVL2	784.9643	-1.8724	0.1433	0.0	0.0
DYNC1LI1	522.8936	-1.5858	0.1577	0.0	0.0
DYNLL2	836.6214	-1.4384	0.1426	0.0	0.0
DYRK1A	2561.4206	1.7838	0.0847	0.0	0.0
DYRK1B	25.3106	-1.4418	0.6371	0.008	0.014
DYRK2	1903.6643	1.6135	0.0878	0.0	0.0
DYRK3	64.4381	-3.4834	0.584	0.0	0.0
DZIP1L	111.856	-1.2996	0.322	0.0	0.0001
E2F2	330.8204	-2.2838	0.2098	0.0	0.0
E2F4	1355.9636	-1.2245	0.1079	0.0	0.0
E2F5	383.204	-2.5959	0.2016	0.0	0.0
E2F7	422.9261	-2.8689	0.2075	0.0	0.0
E2F8	453.5041	-2.3017	0.1821	0.0	0.0
E4F1	380.4514	-1.7485	0.1839	0.0	0.0
EAF2	9.8708	-1.5529	0.946	0.0164	0.0276
EBF4	46.6375	1.5516	0.4676	0.0003	0.0006
EBI3	45.2071	1.2223	0.474	0.0049	0.0089
EBLN2	53.9342	3.7802	0.5657	0.0	0.0
EBNA1BP2	5497.6004	1.1953	0.077	0.0	0.0
EBPL	869.5017	1.0164	0.1191	0.0	0.0
ECE1	5390.4407	1.1154	0.0601	0.0	0.0
ECEL1	24.0934	1.2951	0.6552	0.0192	0.032
ECH1	2063.1051	1.3783	0.0851	0.0	0.0
ECI1	1837.617	1.044	0.0912	0.0	0.0
ECSCR	29.3435	1.0909	0.5571	0.0272	0.0443
ECSCR-2	85.2013	1.2259	0.3565	0.0003	0.0006
ECT2	3051.956	-1.614	0.0804	0.0	0.0
EDC3	628.4008	-1.6866	0.1556	0.0	0.0
EDEM2	919.844	1.3245	0.1254	0.0	0.0
EDF1	3485.0406	1.3065	0.0761	0.0	0.0
EDN1	3119.6869	2.7329	0.0973	0.0	0.0
EDN2	91.8542	-2.4721	0.3961	0.0	0.0
EDRF1	250.8359	-2.7925	0.2592	0.0	0.0
EEA1	326.9979	-1.5072	0.2088	0.0	0.0
EED	295.4903	-3.5759	0.2591	0.0	0.0
EEF1A1	297861.5472	1.4863	0.0447	0.0	0.0
EEF1A2	134.2788	1.207	0.3018	0.0	0.0001
EEF1B2	7138.7917	1.2645	0.0631	0.0	0.0
EEF1D	8067.3242	1.2845	0.0553	0.0	0.0
EEF1G	26030.5845	1.3765	0.0459	0.0	0.0
EEPD1	64.3703	-2.4087	0.4647	0.0	0.0
EFCAB7	41.2925	-1.8213	0.567	0.0003	0.0006
EFNA4	91.879	-1.8589	0.3655	0.0	0.0
EFNA5	570.5225	-1.1734	0.1476	0.0	0.0
EFR3B	129.6811	-2.4832	0.3329	0.0	0.0
EGFL7	615.3052	1.5409	0.1415	0.0	0.0
EGFLAM	51.6318	-1.8571	0.4785	0.0	0.0001
EGLN2	949.5795	-2.467	0.1291	0.0	0.0
EGR2	25.5424	1.868	0.6381	0.0006	0.0012
EHBP1	502.65	-1.4626	0.1656	0.0	0.0
EHBP1L1	2843.8859	1.047	0.0778	0.0	0.0
EHMT1	1300.7902	-1.0486	0.1082	0.0	0.0
EI24	4666.6817	1.1116	0.067	0.0	0.0
EID1	5403.049	1.5116	0.0633	0.0	0.0
EID2	1282.9557	2.228	0.1111	0.0	0.0
EID2B	351.6303	3.0826	0.2138	0.0	0.0
EID3	32.3119	3.4678	0.7363	0.0	0.0
EIF1B	366.3116	-1.1279	0.1942	0.0	0.0
EIF2AK3	199.6394	-1.7111	0.2555	0.0	0.0
EIF2B4	492.8628	-1.0016	0.1665	0.0	0.0
EIF2D	1035.3555	1.0548	0.1156	0.0	0.0
EIF3CL	11340.9243	1.2921	0.0553	0.0	0.0
EIF3H	2762.3868	1.0719	0.0829	0.0	0.0
EIF3I	6771.7253	1.3016	0.0612	0.0	0.0
EIF3J-AS1	129.9862	1.4472	0.3018	0.0	0.0
EIF3K	2752.4082	1.2827	0.0748	0.0	0.0
EIF4ENIF1	362.2117	-2.1921	0.2089	0.0	0.0
EIF4G1	25571.9614	1.0539	0.0489	0.0	0.0
EIF5	2615.1667	-1.1512	0.0826	0.0	0.0
EIF5A	29184.434	1.3945	0.051	0.0	0.0
EIF5AL1	117.6979	1.2453	0.3077	0.0	0.0001
ELAC1	80.0422	-2.3346	0.4155	0.0	0.0
ELF1	162.4843	-1.6743	0.2883	0.0	0.0
ELF3	1780.2196	1.4784	0.0895	0.0	0.0
ELK4	496.0944	-2.0635	0.1848	0.0	0.0
ELL2	58.8546	-1.6441	0.4564	0.0001	0.0002
ELMO2	359.8767	-1.8655	0.1931	0.0	0.0
ELMOD3	64.1888	-2.7408	0.4897	0.0	0.0
ELP3	412.7717	-1.6893	0.1777	0.0	0.0
ELP6	286.8674	-1.2073	0.2061	0.0	0.0
EMC1	4387.29	1.2515	0.0689	0.0	0.0
EMC10	7140.0617	1.6998	0.0618	0.0	0.0
EMC4	1373.4798	1.0319	0.0979	0.0	0.0
EMC7	1246.3104	1.1373	0.1065	0.0	0.0
EMD	1897.1976	1.0913	0.0891	0.0	0.0
EMID1	15.5916	2.0082	0.7887	0.0012	0.0023
EMILIN3	156.1405	1.2954	0.2721	0.0	0.0
EML5	40.8271	-1.2879	0.5047	0.0049	0.0088
ENDOD1	995.2307	1.2344	0.1142	0.0	0.0
ENGASE	312.797	-1.1677	0.2038	0.0	0.0
ENKD1	125.395	-1.189	0.3171	0.0001	0.0002
ENO1	50099.5818	1.1846	0.05	0.0	0.0
ENOX1	162.4023	-1.5513	0.2775	0.0	0.0
ENPP1	24.1106	1.6016	0.7165	0.0062	0.011
ENSA	4134.4266	1.3167	0.0656	0.0	0.0
ENTHD2	116.3208	-1.9823	0.3389	0.0	0.0
ENTPD1	219.9814	-1.5657	0.6643	0.0051	0.0091
ENY2	1622.9308	1.1029	0.0927	0.0	0.0
EP300	1629.1331	-1.2161	0.0946	0.0	0.0
EP400NL	11.8039	-1.9318	1.1253	0.0028	0.0052
EPAS1	349.6176	1.039	0.1884	0.0	0.0
EPB41L4A	233.4696	-1.5218	0.2362	0.0	0.0
EPB41L4B	183.4806	-1.1644	0.2633	0.0	0.0
EPB41L5	347.9473	-1.5162	0.1897	0.0	0.0
EPC1	269.7968	1.018	0.2161	0.0	0.0
EPC2	263.4922	-1.8896	0.2255	0.0	0.0
EPCAM	6312.9676	1.2567	0.0727	0.0	0.0
EPG5	198.694	-2.2046	0.3021	0.0	0.0
EPHB3	44.669	-1.7084	0.5187	0.0003	0.0005
EPHB4	1969.0511	-1.1821	0.0866	0.0	0.0
EPHX2	89.2712	1.2639	0.3432	0.0001	0.0002
EPN1	5160.1715	1.1766	0.0654	0.0	0.0
EPN2	446.9467	-3.3746	0.2064	0.0	0.0
EPOR	49.5491	-1.4366	0.471	0.0009	0.0017
EPPK1	1903.798	2.2059	0.095	0.0	0.0
EPS15L1	387.8019	-1.3011	0.1879	0.0	0.0
EPT1	872.114	-1.8984	0.1327	0.0	0.0
ERAP1	1336.7523	1.2284	0.1015	0.0	0.0
ERBB2IP	1106.7982	-2.1519	0.1165	0.0	0.0
ERBB4	1237.1151	1.1016	0.1024	0.0	0.0
ERC1	710.0346	-1.0958	0.1355	0.0	0.0
ERCC3	679.9915	-1.3679	0.1391	0.0	0.0
ERCC4	107.9342	-1.9304	0.3686	0.0	0.0
ERCC5	216.5618	-1.4391	0.2439	0.0	0.0
ERCC6	82.9743	-2.7291	0.4282	0.0	0.0
EREG	116.1243	2.0215	0.3337	0.0	0.0
ERGIC1	4736.783	1.3735	0.0667	0.0	0.0
ERGIC3	3526.9286	1.3345	0.0709	0.0	0.0
ERH	5763.6985	1.3256	0.0613	0.0	0.0
ERI2	185.5946	-1.7717	0.2718	0.0	0.0
ERLIN1	3742.6827	1.0115	0.0725	0.0	0.0
ERLIN2	1986.8681	1.3768	0.0853	0.0	0.0
ERMAP	69.2343	-1.1231	0.3943	0.0025	0.0047
ERMP1	3640.7509	1.2739	0.0753	0.0	0.0
ERN1	98.9051	-2.2361	0.3691	0.0	0.0
ERO1L	2010.8849	1.0637	0.0946	0.0	0.0
ERP29	4427.5067	1.4422	0.0644	0.0	0.0
ERP44	1168.7343	1.2278	0.1054	0.0	0.0
ERRFI1	3290.9739	-1.45	0.0809	0.0	0.0
ERV3-1	37.7559	1.3288	0.508	0.0039	0.007
ESAM	12.3322	1.3596	0.795	0.0269	0.0439
ESCO1	220.9207	-2.2464	0.2714	0.0	0.0
ESCO2	440.843	-1.1265	0.1712	0.0	0.0
ESPL1	1185.8998	-1.4245	0.1083	0.0	0.0
ESR2	9.1277	1.9343	0.9966	0.0034	0.0062
ESRP2	443.1177	-1.1563	0.1857	0.0	0.0
ESRRA	466.7458	-2.8864	0.1883	0.0	0.0
ESYT2	2171.2545	1.0362	0.0817	0.0	0.0
ETFA	2484.4482	1.2116	0.0788	0.0	0.0
ETFB	1062.124	1.2225	0.1142	0.0	0.0
ETHE1	968.7034	1.252	0.1243	0.0	0.0
ETV1	150.6485	-2.2252	0.3156	0.0	0.0
ETV5	611.2475	-2.3678	0.1765	0.0	0.0
ETV6	199.874	-1.1361	0.252	0.0	0.0
EVA1A	453.0939	-1.4332	0.1742	0.0	0.0
EVI5	297.9744	-2.1524	0.216	0.0	0.0
EVPL	323.2818	-1.1037	0.2006	0.0	0.0
EXO1	345.1116	-2.6291	0.2153	0.0	0.0
EXO5	74.1417	-2.1639	0.8653	0.0008	0.0016
EXOC1	196.9543	-1.4159	0.2466	0.0	0.0
EXOC4	1261.3989	1.2925	0.1021	0.0	0.0
EXOC6	282.5595	-1.2035	0.2084	0.0	0.0
EXOC8	786.9513	2.4458	0.1314	0.0	0.0
EXOG	117.936	-1.7338	0.3247	0.0	0.0
EXOSC10	1019.7089	-1.5835	0.1175	0.0	0.0
EXOSC3	548.4607	-1.1872	0.1612	0.0	0.0
EXOSC4	506.9712	-1.0544	0.1554	0.0	0.0
EXOSC5	1162.7203	1.3094	0.1127	0.0	0.0
EXOSC6	2667.1879	2.6249	0.089	0.0	0.0
EXOSC9	284.4631	-1.6024	0.2139	0.0	0.0
EXPH5	73.5144	-2.1977	0.4264	0.0	0.0
EXT2	4263.7865	1.4169	0.0661	0.0	0.0
EYA3	386.2089	-2.9319	0.2072	0.0	0.0
EYA4	227.2231	-2.1929	0.2458	0.0	0.0
EZH1	115.8364	-2.6844	0.3697	0.0	0.0
EZH2	582.7539	-2.0163	0.1657	0.0	0.0
F2	86.6932	1.2025	0.3508	0.0003	0.0007
F2R	7170.3755	1.2985	0.0756	0.0	0.0
F2RL1	3146.5191	1.8479	0.0803	0.0	0.0
FABP3	1156.3538	1.1486	0.108	0.0	0.0
FABP5	1625.2054	1.2254	0.0953	0.0	0.0
FADD	1039.0385	1.1931	0.1115	0.0	0.0
FAHD1	982.2916	1.5502	0.1151	0.0	0.0
FAM102A	245.8483	-2.1564	0.2369	0.0	0.0
FAM104B	271.826	1.2335	0.2074	0.0	0.0
FAM107A	37.9845	-1.9311	0.5608	0.0001	0.0002
FAM109A	106.1992	-2.2633	0.369	0.0	0.0
FAM109B	83.8277	-2.371	0.4046	0.0	0.0
FAM110A	110.2523	-2.7095	0.3736	0.0	0.0
FAM110C	78.0757	1.0817	0.3718	0.0022	0.0041
FAM111A	391.7944	-2.9325	0.2097	0.0	0.0
FAM111B	170.4773	-1.5832	0.267	0.0	0.0
FAM114A1	198.5161	-1.0254	0.2421	0.0	0.0
FAM117A	56.3681	-2.36	0.4931	0.0	0.0
FAM118A	129.3119	-2.2866	0.3293	0.0	0.0
FAM118B	280.5413	-1.47	0.22	0.0	0.0
FAM120A	6275.0452	1.1398	0.0606	0.0	0.0
FAM120B	202.2542	-1.8371	0.2562	0.0	0.0
FAM124A	6.4115	-1.3339	1.1145	0.0278	0.0452
FAM126B	294.7207	-1.16	0.2187	0.0	0.0
FAM127A	1656.2657	1.7217	0.096	0.0	0.0
FAM127B	1211.4639	1.5145	0.1046	0.0	0.0
FAM127C	534.4482	1.2702	0.1487	0.0	0.0
FAM131A	112.8311	-3.3984	0.4114	0.0	0.0
FAM133DP	7.6138	-2.0512	1.1956	0.0014	0.0026
FAM134C	257.1021	-3.3726	0.2671	0.0	0.0
FAM135A	282.0498	-2.6996	0.2426	0.0	0.0
FAM13B	339.8748	-1.6342	0.1935	0.0	0.0
FAM155B	213.4037	-1.2849	0.2606	0.0	0.0
FAM157A	5.2112	-1.627	1.1766	0.0071	0.0126
FAM160B1	259.4042	-1.9465	0.2247	0.0	0.0
FAM160B2	269.0731	-1.4688	0.2172	0.0	0.0
FAM161A	66.2687	-2.7667	0.4974	0.0	0.0
FAM161B	41.8805	-1.9096	0.5381	0.0001	0.0002
FAM162A	469.7438	1.2842	0.1617	0.0	0.0
FAM167A	12.623	-1.4196	0.8344	0.0235	0.0386
FAM168A	588.3385	-2.1511	0.157	0.0	0.0
FAM168B	2200.6685	-1.8596	0.0865	0.0	0.0
FAM169A	219.5735	-1.2799	0.236	0.0	0.0
FAM173A	620.5578	1.0499	0.1488	0.0	0.0
FAM174B	190.2724	-1.2314	0.2514	0.0	0.0
FAM175A	87.9886	-1.4048	0.3899	0.0001	0.0003
FAM175B	225.6517	-1.5316	0.233	0.0	0.0
FAM184B	10.0413	-1.5511	0.9607	0.0166	0.0279
FAM188A	156.4496	-1.0442	0.2695	0.0001	0.0001
FAM188B	46.1002	-1.2636	0.4798	0.004	0.0073
FAM193A	387.5585	-1.1112	0.1822	0.0	0.0
FAM193B	356.1253	-1.0624	0.1967	0.0	0.0
FAM195B	2292.0158	1.256	0.0822	0.0	0.0
FAM199X	717.0391	-2.2619	0.1439	0.0	0.0
FAM206A	167.6593	-1.3168	0.302	0.0	0.0
FAM208B	1681.7489	-1.4855	0.0946	0.0	0.0
FAM212B	15.5114	-1.4544	0.7734	0.0167	0.0281
FAM213A	1181.7983	1.1443	0.1061	0.0	0.0
FAM213B	1511.65	-1.3754	0.1023	0.0	0.0
FAM214A	45.3755	-1.9507	0.5197	0.0	0.0001
FAM214B	49.2231	-2.8303	0.575	0.0	0.0
FAM217B	260.5743	-1.5827	0.2196	0.0	0.0
FAM219A	198.5668	-2.8741	0.2902	0.0	0.0
FAM221A	59.4778	-2.0812	0.4889	0.0	0.0
FAM225A	63.9591	-2.8276	0.5032	0.0	0.0
FAM35A	404.7837	-1.0564	0.177	0.0	0.0
FAM3C	1545.5792	1.0041	0.0946	0.0	0.0
FAM43A	622.3089	1.9396	0.1426	0.0	0.0
FAM46A	1382.2962	1.2079	0.0986	0.0	0.0
FAM46B	226.7208	1.4934	0.2287	0.0	0.0
FAM53A	9.9894	-1.6504	0.9553	0.0111	0.0192
FAM53B	404.962	-2.421	0.198	0.0	0.0
FAM53C	474.3852	-3.6906	0.2079	0.0	0.0
FAM60A	3513.2271	1.4489	0.0732	0.0	0.0
FAM63A	26.033	-2.4833	0.7321	0.0	0.0001
FAM64A	700.1916	-1.1146	0.1386	0.0	0.0
FAM65B	287.0827	-2.6969	0.2298	0.0	0.0
FAM65C	59.2369	-1.4296	0.4348	0.0004	0.0008
FAM72A	72.5283	-2.393	0.4483	0.0	0.0
FAM72C	116.3019	-1.1438	0.3345	0.0004	0.0007
FAM72D	107.8495	-1.1433	0.338	0.0004	0.0008
FAM73B	285.397	-3.5751	0.2671	0.0	0.0
FAM76A	44.3791	-1.8941	0.5174	0.0	0.0001
FAM76B	179.3774	-1.5437	0.2695	0.0	0.0
FAM83G	83.9861	-1.1479	0.3737	0.0012	0.0023
FAM84B	14848.486	2.4625	0.0498	0.0	0.0
FAM86C1	100.0349	-1.2108	0.3371	0.0002	0.0004
FAM86C2P	75.785	-1.1375	0.3877	0.0019	0.0036
FAM86JP	37.3126	-1.5749	0.5542	0.0014	0.0026
FAM89A	38.3992	-2.1417	0.5714	0.0	0.0
FAM8A1	344.1708	-1.1203	0.1882	0.0	0.0
FAM96B	1139.7854	1.5109	0.112	0.0	0.0
FANCB	58.4708	-1.9687	0.4584	0.0	0.0
FANCC	338.15	-1.3566	0.1917	0.0	0.0
FANCE	194.9421	-2.8435	0.2837	0.0	0.0
FANCL	215.4244	-1.8588	0.2443	0.0	0.0
FANCM	197.6977	-1.3317	0.2477	0.0	0.0
FAR2P2	12.5976	-1.4356	0.8464	0.0227	0.0373
FARP1	4003.1309	1.2285	0.067	0.0	0.0
FASTKD1	132.5703	-1.928	0.3352	0.0	0.0
FASTKD2	504.6255	-1.3118	0.1632	0.0	0.0
FAT4	357.5032	1.1832	0.1796	0.0	0.0
FAU	8084.6312	1.4952	0.0602	0.0	0.0
FBL	6660.1992	1.1001	0.0585	0.0	0.0
FBLIM1	442.8225	-1.8379	0.1728	0.0	0.0
FBLN1	9357.8173	1.6361	0.0532	0.0	0.0
FBLN2	1820.4233	1.5333	0.0892	0.0	0.0
FBLN5	92.7978	1.2244	0.3869	0.0008	0.0016
FBLN7	7.8844	1.819	1.0578	0.0053	0.0095
FBN1	4701.3431	1.06	0.1678	0.0	0.0
FBN2	1356.6283	1.0715	0.118	0.0	0.0
FBXL18	427.1798	-3.4316	0.2106	0.0	0.0
FBXL19-AS1	53.1039	1.3095	0.4396	0.0013	0.0026
FBXL20	99.8631	-1.6558	0.373	0.0	0.0
FBXL22	87.0801	2.0205	0.3622	0.0	0.0
FBXL4	103.2883	-1.5944	0.3412	0.0	0.0
FBXL5	257.0003	-3.9502	0.2954	0.0	0.0
FBXO10	80.6315	-1.1073	0.3728	0.0017	0.0033
FBXO11	766.7175	-1.9743	0.1362	0.0	0.0
FBXO2	23.3727	1.3255	0.6535	0.0164	0.0276
FBXO21	510.3713	-2.5416	0.1727	0.0	0.0
FBXO28	490.1824	-1.2698	0.168	0.0	0.0
FBXO31	298.5063	-1.9388	0.2276	0.0	0.0
FBXO34	1146.7444	1.2785	0.1182	0.0	0.0
FBXO38	294.2747	-1.8934	0.2134	0.0	0.0
FBXO42	344.117	-1.7131	0.1993	0.0	0.0
FBXO43	140.9397	1.3743	0.287	0.0	0.0
FBXO44	82.6698	-2.1431	0.4092	0.0	0.0
FBXO5	1562.5136	1.7677	0.0949	0.0	0.0
FBXO9	370.1715	-1.2232	0.1811	0.0	0.0
FBXW11	838.6905	-2.0871	0.1336	0.0	0.0
FBXW2	1021.6053	-1.6476	0.1185	0.0	0.0
FBXW4P1	246.1491	3.6984	1.0409	0.0	0.0
FBXW5	4798.8038	1.2107	0.0624	0.0	0.0
FCGRT	978.6161	1.4263	0.1197	0.0	0.0
FCHO2	312.86	-1.7823	0.2096	0.0	0.0
FCHSD1	110.9977	-1.3612	0.3419	0.0	0.0001
FCHSD2	419.0064	-1.1092	0.1699	0.0	0.0
FDPS	3394.8	1.0521	0.0699	0.0	0.0
FDXR	514.6751	1.1188	0.1543	0.0	0.0
FEM1A	4393.0273	2.5399	0.0688	0.0	0.0
FEM1C	755.6023	1.405	0.1387	0.0	0.0
FEN1	3913.4861	1.0375	0.0668	0.0	0.0
FGD4	252.5332	-1.3455	0.2252	0.0	0.0
FGD6	117.2481	-1.7639	0.3241	0.0	0.0
FGF18	1857.6919	-1.7003	0.1029	0.0	0.0
FGFBP1	36.5185	1.1925	0.5155	0.0104	0.0179
FGFBP3	61.2538	1.4687	0.4271	0.0002	0.0005
FGFR2	2308.2727	-1.002	0.083	0.0	0.0
FGFR3	400.5153	-1.1561	0.1763	0.0	0.0
FGGY	102.8249	1.7259	0.3287	0.0	0.0
FHDC1	275.2225	-1.5489	0.2193	0.0	0.0
FHL1	41.5815	1.1683	0.5051	0.0107	0.0185
FHL2	205.1193	-1.8634	0.2518	0.0	0.0
FHL3	220.7422	-1.2709	0.2452	0.0	0.0
FIBP	1766.2121	1.1869	0.0894	0.0	0.0
FICD	37.7774	-2.3749	0.5963	0.0	0.0
FIGN	473.509	1.3334	0.1613	0.0	0.0
FIP1L1	490.5099	-2.0654	0.1688	0.0	0.0
FIS1	1198.7927	1.4675	0.1048	0.0	0.0
FJX1	1367.9104	2.3141	0.1095	0.0	0.0
FKBP10	8056.8267	1.5227	0.0552	0.0	0.0
FKBP11	691.7017	1.3146	0.1447	0.0	0.0
FKBP15	294.4346	-2.2297	0.2225	0.0	0.0
FKBP1A	6278.9523	1.4915	0.059	0.0	0.0
FKBP2	1307.3428	1.1938	0.1003	0.0	0.0
FKBP3	1162.1993	1.0895	0.1084	0.0	0.0
FKBP8	6078.9937	1.5186	0.0634	0.0	0.0
FKBP9	4356.902	1.2833	0.0685	0.0	0.0
FKBPL	174.8537	1.0354	0.249	0.0	0.0
FLCN	194.2239	-1.6112	0.2568	0.0	0.0
FLII	8910.3965	1.2007	0.0602	0.0	0.0
FLJ10038	470.9961	3.803	0.1877	0.0	0.0
FLJ13197	38.1385	3.8046	0.7083	0.0	0.0
FLJ13224	16.9759	2.3034	0.788	0.0002	0.0004
FLJ20464	104.2172	1.9233	0.3294	0.0	0.0
FLJ23867	54.3443	1.0118	0.4275	0.0112	0.0192
FLJ31306	196.5824	-1.381	0.2459	0.0	0.0
FLJ31945	27.0571	2.447	0.6469	0.0	0.0
FLJ37453	235.6478	2.4626	0.2381	0.0	0.0
FLJ38717	19.9952	1.7731	0.6871	0.0019	0.0036
FLJ42258	13.8885	2.4842	0.9102	0.0002	0.0004
FLJ42627	249.5355	1.8039	0.2338	0.0	0.0
FLNA	84051.2186	1.2163	0.0442	0.0	0.0
FLOT2	3781.4068	1.0329	0.0676	0.0	0.0
FLYWCH1	568.9349	-1.5498	0.153	0.0	0.0
FMNL3	334.4767	-1.5644	0.2011	0.0	0.0
FMR1	578.2425	-1.3541	0.1497	0.0	0.0
FN1	741.4583	1.269	0.1436	0.0	0.0
FNBP1L	922.308	-1.6698	0.1241	0.0	0.0
FNDC3A	733.9779	-1.4734	0.1337	0.0	0.0
FNDC3B	1084.4747	-2.1747	0.118	0.0	0.0
FNIP1	232.7892	-2.3691	0.251	0.0	0.0
FNIP2	286.3186	-1.6269	0.2116	0.0	0.0
FNTA	403.2016	-1.8745	0.1811	0.0	0.0
FOCAD	1709.9925	1.0637	0.0902	0.0	0.0
FOLR1	1567.5821	1.6283	0.0938	0.0	0.0
FOPNL	581.2186	-1.3456	0.1499	0.0	0.0
FOSB	280.9107	7.9783	0.6778	0.0	0.0
FOSL2	5245.483	2.3472	0.0668	0.0	0.0
FOXA1	826.4178	1.7427	0.1236	0.0	0.0
FOXC1	3512.0836	1.9306	0.0785	0.0	0.0
FOXD2	394.2898	2.0698	0.1762	0.0	0.0
FOXD2-AS1	512.7733	2.6889	0.1624	0.0	0.0
FOXE3	287.9922	2.2676	0.2245	0.0	0.0
FOXJ2	255.323	-2.3503	0.2396	0.0	0.0
FOXJ3	697.1104	-1.7957	0.1521	0.0	0.0
FOXK1	1124.1746	-1.7889	0.1244	0.0	0.0
FOXK2	1183.5566	-1.118	0.113	0.0	0.0
FOXL2	154.6599	1.0489	0.2728	0.0001	0.0002
FOXN2	862.6962	1.2763	0.1281	0.0	0.0
FOXO1	2380.3017	1.4513	0.0811	0.0	0.0
FOXO4	27.6612	-1.1935	0.6302	0.0268	0.0437
FOXP1	331.5681	-1.6416	0.2028	0.0	0.0
FPGT	86.2649	-1.5292	0.3685	0.0	0.0
FRA10AC1	110.3894	-1.8419	0.3901	0.0	0.0
FRG1	150.5907	-1.6011	0.2861	0.0	0.0
FRG1B	33.2924	-1.3845	0.5604	0.0052	0.0094
FRMD4A	308.6421	-2.4038	0.2267	0.0	0.0
FRMD6-AS1	30.0698	2.3839	0.6258	0.0	0.0
FRMD8	489.7719	-3.2984	0.2008	0.0	0.0
FRMPD2P1	4.4334	-1.4462	1.1695	0.0141	0.0239
FRS3	19.3838	-1.2601	0.6865	0.0268	0.0438
FRYL	587.0807	-1.4771	0.1562	0.0	0.0
FSBP	9.3221	-2.2828	1.22	0.0005	0.001
FSCN1	6402.8696	1.1463	0.1603	0.0	0.0
FSD1L	63.9248	1.4013	0.4829	0.0015	0.0029
FSTL1	12434.4409	1.5338	0.0664	0.0	0.0
FTH1	90141.3503	1.4742	0.0415	0.0	0.0
FTH1P3	14.7067	2.423	0.873	0.0002	0.0004
FTL	41367.7503	1.4709	0.0428	0.0	0.0
FUCA1	525.8836	1.315	0.1539	0.0	0.0
FUCA2	2809.5163	1.2372	0.0744	0.0	0.0
FUNDC2	1267.8417	1.3743	0.1053	0.0	0.0
FUOM	305.7505	1.2095	0.1923	0.0	0.0
FURIN	4609.5734	1.5446	0.0657	0.0	0.0
FUS	11059.7818	1.0546	0.0508	0.0	0.0
FUT1	39.7501	-1.1342	0.5079	0.0137	0.0232
FXR1	1682.8812	-1.6283	0.0993	0.0	0.0
FXR2	725.0137	-2.2905	0.1445	0.0	0.0
FXYD2	19.6926	1.2315	0.6663	0.0276	0.0449
FXYD5	1195.9674	1.4457	0.1044	0.0	0.0
FYN	45.4824	-1.4784	0.4966	0.0011	0.0021
FZD2	2797.9106	1.8697	0.0776	0.0	0.0
FZD3	239.117	-1.0028	0.2208	0.0	0.0
FZD9	38.9176	-1.6527	0.542	0.0006	0.0013
FZR1	736.1424	-2.4156	0.1469	0.0	0.0
G2E3	510.6778	-2.4401	0.1714	0.0	0.0
G6PC3	1895.191	1.3836	0.0871	0.0	0.0
G6PD	1733.1799	1.2612	0.0953	0.0	0.0
GAA	377.5643	1.4073	0.1754	0.0	0.0
GAB1	113.6113	-2.1602	0.3482	0.0	0.0
GAB2	2790.2705	1.4311	0.0787	0.0	0.0
GABARAP	3320.4634	1.4249	0.0743	0.0	0.0
GABARAPL1	54.518	-1.2726	0.4503	0.0023	0.0042
GABPB1	312.318	-2.0671	0.2114	0.0	0.0
GABPB1-AS1	286.3203	2.6729	0.223	0.0	0.0
GADD45A	1886.4092	2.849	0.1085	0.0	0.0
GADD45B	1966.7582	3.0584	0.1192	0.0	0.0
GADD45GIP1	2086.4001	1.2346	0.0926	0.0	0.0
GAL	128.9208	1.916	0.2997	0.0	0.0
GALC	185.6483	1.4404	0.2501	0.0	0.0
GALE	1724.0755	1.0908	0.0942	0.0	0.0
GALNS	852.1862	1.4104	0.1234	0.0	0.0
GALNT1	3208.9116	1.0917	0.0782	0.0	0.0
GALNT14	108.2398	1.1769	0.3195	0.0001	0.0003
GALNT18	99.8164	1.6846	0.3364	0.0	0.0
GALNT2	8753.0044	1.4322	0.0541	0.0	0.0
GALNT4	585.2916	1.3003	0.1501	0.0	0.0
GALNT6	358.9179	1.0732	0.1819	0.0	0.0
GALNT7	3809.6025	1.2041	0.0679	0.0	0.0
GAMT	1523.5273	1.332	0.0954	0.0	0.0
GANAB	20986.4994	1.3146	0.0464	0.0	0.0
GAPDH	113682.118	1.2698	0.0497	0.0	0.0
GAPDHS	17.5331	2.1217	0.7698	0.0005	0.0011
GAPVD1	836.6994	-1.3404	0.13	0.0	0.0
GAREM	124.9282	-1.4738	0.3132	0.0	0.0
GAS2L3	191.0224	-2.2662	0.2712	0.0	0.0
GAS8	181.8941	-1.1208	0.2524	0.0	0.0
GATA6-AS1	30.7939	1.8536	0.6132	0.0005	0.0009
GATAD1	353.356	-2.0989	0.1989	0.0	0.0
GATAD2B	462.7225	-1.9048	0.1735	0.0	0.0
GATSL2	48.4609	-1.1005	0.4616	0.0097	0.0168
GATSL3	61.5962	-1.5747	0.4438	0.0001	0.0003
GBA2	629.3358	-1.9227	0.1548	0.0	0.0
GBX2	195.1244	2.3461	0.2705	0.0	0.0
GCC1	667.2555	1.199	0.1342	0.0	0.0
GCC2	265.3456	-1.7967	0.2228	0.0	0.0
GCDH	655.5188	1.0496	0.1381	0.0	0.0
GCH1	102.6475	-1.9965	0.3573	0.0	0.0
GCLC	209.972	-3.3035	0.2941	0.0	0.0
GCLM	607.3964	-1.137	0.1605	0.0	0.0
GCNT1	188.6843	-1.6074	0.2704	0.0	0.0
GCNT2	284.7984	-1.0154	0.2071	0.0	0.0
GCOM1	10.3459	2.0715	0.994	0.0018	0.0035
GCSH	1696.3347	1.1915	0.1001	0.0	0.0
GCSHP3	30.8147	-1.125	0.5659	0.0243	0.0399
GDF1	494.5659	1.2244	0.1555	0.0	0.0
GDF15	742.335	1.4676	0.138	0.0	0.0
GDF9	16.3877	2.1465	0.7933	0.0006	0.0011
GDPD1	11.1346	-1.5453	0.9373	0.0168	0.0282
GDPGP1	12.9143	-2.0554	1.0042	0.002	0.0037
GEM	36.251	1.7514	0.5455	0.0003	0.0006
GEMIN2	160.0343	-1.7214	0.2907	0.0	0.0
GEMIN4	1446.1805	-1.0876	0.0986	0.0	0.0
GEMIN5	941.4646	-1.4281	0.1225	0.0	0.0
GEMIN6	148.8896	-1.471	0.2866	0.0	0.0
GEMIN7	277.5976	-2.7851	0.2337	0.0	0.0
GEN1	248.3373	-2.2748	0.272	0.0	0.0
GFOD1	115.3048	1.4794	0.309	0.0	0.0
GGA1	431.1351	-1.0181	0.1731	0.0	0.0
GGA3	377.5972	-1.9945	0.1897	0.0	0.0
GGCX	1416.216	1.1188	0.0975	0.0	0.0
GGH	1825.4649	1.4502	0.088	0.0	0.0
GGNBP2	484.4557	-2.335	0.1743	0.0	0.0
GGT7	432.3828	1.1291	0.1688	0.0	0.0
GHITM	5423.6814	1.0024	0.0615	0.0	0.0
GIGYF1	592.8178	-1.53	0.1561	0.0	0.0
GIGYF2	1021.8922	-1.9246	0.1186	0.0	0.0
GINM1	639.9528	1.1663	0.1442	0.0	0.0
GINS3	126.7503	-2.4985	0.3399	0.0	0.0
GIT1	1442.2868	-1.0648	0.0979	0.0	0.0
GIT2	387.9812	-1.6238	0.1855	0.0	0.0
GJD3	117.7443	1.3965	0.3213	0.0	0.0
GK5	240.437	-1.241	0.223	0.0	0.0
GKAP1	30.0472	-2.2117	0.6567	0.0001	0.0002
GLB1	2618.6097	1.2775	0.0777	0.0	0.0
GLB1L2	1734.9215	1.332	0.0895	0.0	0.0
GLG1	6516.5536	1.0396	0.0669	0.0	0.0
GLI1	90.5689	-1.7352	0.3641	0.0	0.0
GLI2	580.5341	-3.3935	0.1818	0.0	0.0
GLIPR1	130.6437	2.9535	0.3323	0.0	0.0
GLIS2	318.2441	-2.2361	0.2095	0.0	0.0
GLMN	148.8837	-1.2266	0.2811	0.0	0.0
GLRX5	2694.266	1.1812	0.0764	0.0	0.0
GLTPD2	59.7116	1.1701	0.4197	0.0029	0.0053
GLTSCR1L	160.0432	-1.7932	0.2802	0.0	0.0
GLUD1P3	117.7847	4.2007	0.4221	0.0	0.0
GLUD1P7	19.423	1.29	0.6917	0.0241	0.0395
GMDS	633.7587	1.1854	0.1394	0.0	0.0
GMEB2	340.7903	-3.2562	0.2291	0.0	0.0
GMNN	552.8871	-2.5876	0.1695	0.0	0.0
GMPS	1180.3019	-1.0791	0.1088	0.0	0.0
GNAS	26453.3389	1.4412	0.0449	0.0	0.0
GNB2	6816.3985	1.2176	0.0579	0.0	0.0
GNB3	29.1318	-1.7886	0.6203	0.0008	0.0016
GNE	482.7721	-1.8643	0.1735	0.0	0.0
GNG10	1702.362	1.1597	0.1029	0.0	0.0
GNG11	4792.9227	1.4185	0.064	0.0	0.0
GNG5	2275.1588	1.1399	0.0829	0.0	0.0
GNL2	700.2931	-1.0247	0.1364	0.0	0.0
GNL3	1347.4694	-2.6641	0.115	0.0	0.0
GNPDA2	122.3817	-1.2962	0.371	0.0002	0.0005
GNPTG	530.0362	1.337	0.1546	0.0	0.0
GNRHR2	27.9892	1.6555	0.6213	0.002	0.0037
GNS	2903.6681	1.0881	0.0741	0.0	0.0
GOLGA1	181.814	-1.7682	0.273	0.0	0.0
GOLGA2	540.2258	-2.4555	0.1673	0.0	0.0
GOLGA4	1067.3818	-1.2789	0.1158	0.0	0.0
GOLGA5	287.3755	-1.72	0.2273	0.0	0.0
GOLM1	4827.3307	1.2884	0.0675	0.0	0.0
GOLPH3L	236.5993	-1.766	0.2338	0.0	0.0
GON4L	386.8479	-1.3604	0.181	0.0	0.0
GOPC	547.0232	-1.5942	0.1585	0.0	0.0
GORASP1	444.6857	-1.4925	0.1699	0.0	0.0
GORASP2	1357.2141	-1.128	0.1018	0.0	0.0
GOSR1	583.9273	-1.8643	0.155	0.0	0.0
GP1BB	12.4074	3.1528	1.5096	0.0	0.0
GPAA1	4876.6048	1.443	0.0625	0.0	0.0
GPALPP1	214.7967	-1.9524	0.2464	0.0	0.0
GPAM	243.3366	-2.5145	0.2448	0.0	0.0
GPANK1	577.8641	1.3187	0.1525	0.0	0.0
GPATCH1	144.4645	-1.7059	0.2987	0.0	0.0
GPATCH11	122.8635	-2.9239	0.3626	0.0	0.0
GPATCH3	149.1527	-2.4972	0.3149	0.0	0.0
GPBP1	954.343	-1.3217	0.1214	0.0	0.0
GPBP1L1	721.9048	-1.9266	0.1543	0.0	0.0
GPC1	8403.8149	1.339	0.0549	0.0	0.0
GPC3	5697.7325	1.5515	0.0597	0.0	0.0
GPC4	3290.3483	1.1697	0.0765	0.0	0.0
GPC5	30.2944	1.1873	0.5587	0.0164	0.0276
GPCPD1	262.6388	-1.1888	0.2158	0.0	0.0
GPHN	295.5366	-1.4097	0.2042	0.0	0.0
GPI	8776.5285	1.023	0.0576	0.0	0.0
GPN3	642.6654	1.1663	0.1382	0.0	0.0
GPR113	19.4811	2.5783	0.7862	0.0	0.0001
GPR124	119.2047	1.5377	0.326	0.0	0.0
GPR137C	59.7455	-1.4734	0.4642	0.0006	0.0011
GPR176	1114.281	1.3723	0.1442	0.0	0.0
GPR180	480.7386	-1.3316	0.1728	0.0	0.0
GPR27	53.5926	1.6486	0.4432	0.0001	0.0001
GPR63	40.7492	-1.6708	0.5319	0.0005	0.0009
GPR75-ASB3	24.6612	-3.84	1.667	0.0	0.0
GPRASP2	191.9947	-1.0688	0.2491	0.0	0.0
GPRC5A	2010.3613	1.4328	0.0907	0.0	0.0
GPRC5B	718.3653	-1.1417	0.1434	0.0	0.0
GPRIN2	105.8482	-1.429	0.343	0.0	0.0
GPSM2	544.9801	-1.9244	0.1585	0.0	0.0
GPX1	5650.6831	1.5448	0.0611	0.0	0.0
GPX3	444.1348	1.0133	0.1626	0.0	0.0
GPX4	9737.4296	1.6631	0.0549	0.0	0.0
GPX7	784.4218	1.35	0.1294	0.0	0.0
GRAMD1A	477.5045	-1.0765	0.1725	0.0	0.0
GRAMD2	86.4412	-2.1509	0.4178	0.0	0.0
GRAMD3	197.4729	-1.6644	0.257	0.0	0.0
GRASP	21.4666	-2.2506	0.7547	0.0002	0.0004
GRB10	216.9248	-1.4141	0.2406	0.0	0.0
GRB7	168.1625	-3.1027	0.3172	0.0	0.0
GRHL1	62.1947	-1.8779	0.4851	0.0	0.0001
GRHL3	259.6873	-2.8007	0.2544	0.0	0.0
GRHPR	1681.3865	1.0121	0.0948	0.0	0.0
GRIN3B	297.6392	1.1622	0.2031	0.0	0.0
GRIPAP1	239.7721	-1.2097	0.2365	0.0	0.0
GRK4	53.3663	1.7378	0.4757	0.0001	0.0001
GRN	5666.0216	1.5829	0.0675	0.0	0.0
GRSF1	1834.0568	-1.4019	0.0949	0.0	0.0
GRTP1	161.4691	-1.3048	0.2694	0.0	0.0
GRWD1	770.6371	-1.0079	0.1383	0.0	0.0
GSG2	1228.7118	1.8658	0.1101	0.0	0.0
GSK3B	866.5261	-1.9457	0.1287	0.0	0.0
GSKIP	198.1378	-1.8792	0.254	0.0	0.0
GSN	882.2868	1.3584	0.1395	0.0	0.0
GSTK1	862.6714	1.1878	0.1223	0.0	0.0
GSTM2	33.6551	1.1829	0.5303	0.0129	0.022
GSTM3	2503.8925	1.2331	0.0832	0.0	0.0
GSTP1	39555.9055	1.4487	0.045	0.0	0.0
GSTT2B	44.3212	1.0917	0.4689	0.0113	0.0195
GSTZ1	135.5741	1.1764	0.2831	0.0	0.0
GTF2A1	830.7509	-1.5837	0.1364	0.0	0.0
GTF2B	130.27	-1.4832	0.3071	0.0	0.0
GTF2E1	888.9624	1.032	0.1179	0.0	0.0
GTF2H1	569.2528	-1.2737	0.1618	0.0	0.0
GTF2H2C	349.445	-1.3747	0.1889	0.0	0.0
GTF2H5	487.2129	1.3351	0.1563	0.0	0.0
GTF2IRD1	315.4952	-1.9785	0.2056	0.0	0.0
GTF2IRD1P1	20.4393	-3.4581	1.5187	0.0	0.0
GTF3A	2644.6372	1.2148	0.0765	0.0	0.0
GTF3C4	2876.6077	2.278	0.0822	0.0	0.0
GTF3C5	694.9785	-2.3911	0.1567	0.0	0.0
GTF3C6	1978.1762	1.0802	0.0897	0.0	0.0
GTPBP10	162.8512	-2.4597	0.303	0.0	0.0
GTPBP2	440.3339	-2.6284	0.1981	0.0	0.0
GTPBP3	645.0513	-1.3408	0.1448	0.0	0.0
GTPBP4	1439.8487	-1.1994	0.1058	0.0	0.0
GTPBP8	106.4243	-1.2147	0.3347	0.0002	0.0003
GTSE1	1735.4301	-1.1294	0.0931	0.0	0.0
GTSE1-AS1	64.4398	3.0048	0.4554	0.0	0.0
GUCA2B	14.9559	1.4087	0.7517	0.0187	0.0312
GUCD1	935.479	-1.1291	0.1186	0.0	0.0
GUK1	4113.0025	1.646	0.068	0.0	0.0
GUSB	1163.4074	1.2979	0.1126	0.0	0.0
GUSBP1	28.1309	-1.7687	0.676	0.0018	0.0034
GXYLT1	1125.0672	-1.012	0.1229	0.0	0.0
H1FX	6520.3347	1.3627	0.0581	0.0	0.0
H2AFJ	91.9668	1.5439	0.3521	0.0	0.0
H2AFV	5772.7702	1.1396	0.0591	0.0	0.0
H2AFX	14576.1398	1.6538	0.0509	0.0	0.0
H2AFY	6607.6329	1.1891	0.0569	0.0	0.0
H2AFZ	12618.1368	1.0327	0.0522	0.0	0.0
H3F3A	9866.8386	1.367	0.0534	0.0	0.0
H3F3AP4	1396.1922	1.1875	0.0982	0.0	0.0
HADH	1516.1978	1.1824	0.0943	0.0	0.0
HADHA	2682.0491	1.0234	0.0755	0.0	0.0
HADHB	1822.5236	1.1361	0.0876	0.0	0.0
HAP1	50.816	-2.005	0.5406	0.0	0.0001
HAPLN1	20.4958	1.4226	0.6598	0.0105	0.0181
HAPLN3	2046.4371	1.5617	0.0914	0.0	0.0
HARS2	256.4669	-1.6248	0.2258	0.0	0.0
HAS3	311.5031	-1.4898	0.2315	0.0	0.0
HAUS6	863.0645	-1.3777	0.1335	0.0	0.0
HAUS7	646.7715	1.1117	0.1415	0.0	0.0
HAUS8	267.5258	-4.4018	0.3282	0.0	0.0
HBEGF	129.0398	1.703	0.2985	0.0	0.0
HBP1	125.0601	-2.5439	0.3657	0.0	0.0
HCFC1R1	842.8893	1.1202	0.1227	0.0	0.0
HCFC2	57.6609	-2.1977	0.474	0.0	0.0
HCN3	185.2169	1.7218	0.2509	0.0	0.0
HCST	6.0858	1.5009	1.0711	0.0176	0.0295
HDAC1	5095.4197	1.3542	0.0619	0.0	0.0
HDAC11	32.1001	-2.0155	0.6215	0.0002	0.0004
HDAC4	327.0572	-2.4097	0.2092	0.0	0.0
HDAC7	2357.3736	-1.6917	0.083	0.0	0.0
HDAC9	1234.0116	-1.2589	0.1064	0.0	0.0
HDGF	17085.4763	1.0418	0.0534	0.0	0.0
HDHD3	114.5934	-3.2808	0.3977	0.0	0.0
HDLBP	20802.3297	1.1875	0.0461	0.0	0.0
HEATR2	3542.6831	1.1329	0.0694	0.0	0.0
HEATR5B	284.1565	-1.9169	0.2151	0.0	0.0
HEATR6	226.985	-1.8255	0.238	0.0	0.0
HEBP2	1715.1476	1.1018	0.0937	0.0	0.0
HECTD4	558.8066	-1.3207	0.1566	0.0	0.0
HEIH	78.0567	1.0899	0.3638	0.0016	0.0031
HELB	32.3457	-2.8615	0.7338	0.0	0.0
HELZ	549.0322	-1.7666	0.1566	0.0	0.0
HELZ2	123.6234	-1.6955	0.3279	0.0	0.0
HERC1	416.8563	-1.8842	0.1786	0.0	0.0
HERC2P2	268.2956	-2.5428	0.2356	0.0	0.0
HERC2P3	92.4457	-2.1564	0.377	0.0	0.0
HERC2P9	112.8166	-1.6714	0.328	0.0	0.0
HERC4	356.051	-1.2358	0.1869	0.0	0.0
HERPUD1	1069.7221	-1.2061	0.1145	0.0	0.0
HERPUD2	143.4321	-2.1194	0.3046	0.0	0.0
HES1	1655.5787	1.3187	0.0924	0.0	0.0
HES5	8.4238	1.4075	0.916	0.0282	0.0458
HES6	254.0217	-1.0675	0.2227	0.0	0.0
HEXA	1484.0107	1.3299	0.1004	0.0	0.0
HEXB	3640.4251	1.556	0.073	0.0	0.0
HEY1	41.195	1.9732	0.519	0.0	0.0001
HGD	38.0362	1.0278	0.5091	0.0257	0.042
HGS	1027.5847	-1.0085	0.1181	0.0	0.0
HHLA3	224.9154	1.3383	0.2255	0.0	0.0
HIAT1	736.7234	-1.0988	0.1339	0.0	0.0
HIBADH	829.0595	1.1796	0.1264	0.0	0.0
HIF1AN	629.1618	-2.8011	0.1631	0.0	0.0
HIGD1A	4287.1291	1.1115	0.0718	0.0	0.0
HIGD2A	1125.2722	1.168	0.1093	0.0	0.0
HINFP	82.9851	-2.2906	0.4259	0.0	0.0
HINT1	4754.1974	1.3758	0.0645	0.0	0.0
HINT3	391.9586	-1.3233	0.1783	0.0	0.0
HIPK1	932.3875	-1.7566	0.1225	0.0	0.0
HIST1H1C	324.2684	1.7182	0.198	0.0	0.0
HIST1H2AC	36.1361	1.1136	0.5131	0.0163	0.0274
HIST1H2AG	27.6986	1.2604	0.5849	0.0138	0.0235
HIST1H2AM	35.1969	1.3927	0.5269	0.0032	0.006
HIST1H2BD	71.2003	1.4028	0.4087	0.0003	0.0005
HIST1H2BK	478.0842	1.7754	0.1624	0.0	0.0
HIST1H3H	26.6617	1.506	0.5986	0.0038	0.007
HIST1H4C	9.4219	1.5497	0.914	0.0161	0.0272
HIST2H2AC	61.6967	1.2829	0.413	0.0009	0.0018
HIST2H2BC	76.6427	2.0157	0.392	0.0	0.0
HIST2H2BE	79.8633	2.3305	0.388	0.0	0.0
HIST3H2A	83.9153	1.2421	0.3577	0.0003	0.0005
HIVEP1	639.0506	1.6862	0.1435	0.0	0.0
HJURP	838.7042	-1.5218	0.1372	0.0	0.0
HK2	717.9487	-1.5229	0.1622	0.0	0.0
HKR1	127.3526	-2.0553	0.3186	0.0	0.0
HLA-A	3793.4682	1.7477	0.0703	0.0	0.0
HLA-B	215.3306	1.3901	0.2323	0.0	0.0
HLA-C	763.2236	1.5434	0.1336	0.0	0.0
HM13	2915.2748	1.0293	0.0761	0.0	0.0
HMG20A	388.1563	-1.9666	0.186	0.0	0.0
HMGA1	9789.1387	1.3549	0.0576	0.0	0.0
HMGB1	22189.1806	1.2264	0.0494	0.0	0.0
HMGCR	1362.3282	-1.4015	0.1226	0.0	0.0
HMGN1	11823.1726	1.3429	0.0505	0.0	0.0
HMGN2	21375.9027	1.0401	0.0475	0.0	0.0
HMGN3	4136.3798	1.1743	0.0729	0.0	0.0
HMGN3-AS1	106.471	2.714	0.3486	0.0	0.0
HMGN4	389.8773	-1.038	0.1939	0.0	0.0
HMGXB4	382.1316	-3.4295	0.2381	0.0	0.0
HMMR	683.1668	-1.0962	0.1406	0.0	0.0
HNF1A	185.7685	-2.2315	0.2679	0.0	0.0
HNF1B	270.131	-1.1273	0.2135	0.0	0.0
HNF4A	10.8836	-1.7023	0.9403	0.0089	0.0155
HNF4G	7.7154	-2.0558	1.1974	0.0013	0.0026
HNRNPA0	18393.7652	2.0135	0.047	0.0	0.0
HNRNPA1	39827.3842	1.2001	0.0444	0.0	0.0
HNRNPA2B1	31280.6125	1.0878	0.0451	0.0	0.0
HNRNPC	22255.7715	1.3331	0.047	0.0	0.0
HNRNPD	11293.841	1.0301	0.052	0.0	0.0
HNRNPH2	3913.095	1.8971	0.0699	0.0	0.0
HNRNPL	14796.1694	1.191	0.0502	0.0	0.0
HNRNPM	15835.1864	1.1396	0.0476	0.0	0.0
HNRNPU-AS1	234.9628	1.5102	0.2246	0.0	0.0
HOGA1	55.5872	-1.1125	0.4627	0.0091	0.0158
HOMER1	251.7832	-1.9014	0.2291	0.0	0.0
HOMEZ	106.5648	-3.9729	0.4772	0.0	0.0
HOOK3	742.0814	-1.1746	0.1323	0.0	0.0
HOXA-AS2	81.5168	1.5141	0.3909	0.0	0.0001
HOXA1	374.535	2.1466	0.1876	0.0	0.0
HOXA10	4277.7816	1.2367	0.0657	0.0	0.0
HOXA10-AS	824.5342	1.1989	0.1272	0.0	0.0
HOXA11	2428.1761	2.5791	0.083	0.0	0.0
HOXA11-AS	168.4472	1.8422	0.2862	0.0	0.0
HOXA13	95.8863	1.4077	0.3506	0.0	0.0001
HOXA5	1546.8465	2.4549	0.0978	0.0	0.0
HOXA9	6778.9676	3.1098	0.0601	0.0	0.0
HOXC-AS3	13.8876	1.6368	0.7888	0.0078	0.0137
HOXC10	78.6536	1.0039	0.3617	0.0035	0.0065
HOXC11	44.5445	1.0636	0.4762	0.0148	0.0251
HOXC13	117.0502	1.1265	0.31	0.0002	0.0003
HOXC6	39.9605	-1.2052	0.515	0.0095	0.0166
HOXD-AS1	67.793	-1.1952	0.4046	0.0017	0.0032
HPS1	784.1759	1.0983	0.1264	0.0	0.0
HPS4	309.7845	-1.8705	0.2101	0.0	0.0
HPS5	568.3494	-1.6985	0.1702	0.0	0.0
HPS6	818.524	1.0161	0.124	0.0	0.0
HPSE	844.0556	1.1636	0.1293	0.0	0.0
HRAS	1708.3623	1.1506	0.0941	0.0	0.0
HS3ST1	30.7626	-2.2365	0.6664	0.0001	0.0002
HS6ST2	2234.7979	1.1788	0.0851	0.0	0.0
HSBP1	3401.7271	1.3076	0.0713	0.0	0.0
HSD17B10	1441.2931	1.0488	0.0991	0.0	0.0
HSD17B4	1682.6714	1.2657	0.0972	0.0	0.0
HSD17B7	33.4549	-1.3341	0.5522	0.0065	0.0116
HSD17B8	129.9326	1.1881	0.2909	0.0	0.0001
HSDL1	306.1162	-1.5332	0.2051	0.0	0.0
HSP90AA1	71975.6419	1.0294	0.0452	0.0	0.0
HSP90AB1	71485.4076	1.0798	0.0454	0.0	0.0
HSP90AB4P	23.4313	3.231	1.3839	0.0	0.0
HSP90B1	31518.9527	1.2927	0.044	0.0	0.0
HSP90B2P	15.0085	2.262	0.8609	0.0005	0.0009
HSPA12A	145.4639	-1.3651	0.2837	0.0	0.0
HSPA13	2298.1296	1.048	0.0843	0.0	0.0
HSPA2	244.711	1.3139	0.2175	0.0	0.0
HSPA5	36641.8669	1.641	0.0435	0.0	0.0
HSPA8	33731.0286	-1.4025	0.0504	0.0	0.0
HSPB1	8480.5905	1.2824	0.0589	0.0	0.0
HSPBAP1	63.4784	-1.7452	0.443	0.0	0.0
HSPBP1	2082.803	1.0687	0.0828	0.0	0.0
HSPE1	6054.4037	1.1365	0.0663	0.0	0.0
HSPG2	11727.0036	1.0266	0.1961	0.0	0.0
HTATIP2	174.5423	1.4879	0.2529	0.0	0.0
HTATSF1	2241.2623	1.007	0.0807	0.0	0.0
HTR1D	133.5167	-1.0205	0.2904	0.0003	0.0006
HTR7P1	239.877	2.1704	0.2246	0.0	0.0
HTRA1	108.1627	1.587	0.3209	0.0	0.0
HUNK	236.4438	-2.6654	0.2536	0.0	0.0
HYAL2	2486.4285	1.0965	0.0776	0.0	0.0
HYI	1070.9933	1.0649	0.1085	0.0	0.0
HYLS1	51.627	-1.2225	0.4748	0.005	0.009
HYMAI	19.8794	2.9293	0.8407	0.0	0.0
HYOU1	10114.2537	1.3358	0.0528	0.0	0.0
HYPK	1009.9907	1.3709	0.1207	0.0	0.0
IARS	8794.9626	1.0469	0.0539	0.0	0.0
IARS2	5164.4383	1.1036	0.0617	0.0	0.0
IBA57	200.9918	-2.0995	0.2608	0.0	0.0
ICA1L	33.6457	-1.092	0.5547	0.0265	0.0433
ICAM1	1269.2656	1.3853	0.1277	0.0	0.0
ICK	187.7854	-2.0304	0.2669	0.0	0.0
ID1	12706.6276	2.4849	0.0656	0.0	0.0
ID2	2343.2481	2.3174	0.0946	0.0	0.0
IDH2	1038.7637	1.187	0.1186	0.0	0.0
IDH3G	1041.6825	1.0775	0.1105	0.0	0.0
IDNK	33.0019	1.1035	0.5391	0.022	0.0363
IDS	1624.6823	1.3961	0.1051	0.0	0.0
IDUA	30.0236	1.1415	0.5639	0.022	0.0363
IER2	2035.1504	1.2175	0.0911	0.0	0.0
IER5	1093.2366	1.2679	0.1086	0.0	0.0
IFI30	283.0743	1.2543	0.2018	0.0	0.0
IFI6	36.509	1.4319	0.5212	0.0023	0.0043
IFITM2	2657.257	1.7127	0.0775	0.0	0.0
IFITM3	3923.3356	1.5903	0.069	0.0	0.0
IFNGR1	202.1614	-1.6062	0.2676	0.0	0.0
IFNGR2	429.2636	-1.5538	0.1723	0.0	0.0
IFNLR1	58.8049	-2.9102	0.5233	0.0	0.0
IFRD1	803.8003	-2.3819	0.1467	0.0	0.0
IFT74	123.82	-1.0888	0.3166	0.0004	0.0007
IGF2	1189.5088	1.2259	0.1176	0.0	0.0
IGF2BP1	1413.94	-1.4826	0.1037	0.0	0.0
IGF2BP2	2387.9774	-1.3291	0.0852	0.0	0.0
IGF2BP3	1540.2635	-1.2998	0.1046	0.0	0.0
IGFALS	7.0681	1.6576	1.0719	0.0097	0.0169
IGFBP2	331.4267	1.7569	0.1944	0.0	0.0
IGFBP6	75.9754	2.1969	0.3974	0.0	0.0
IGFBP7	6975.0474	1.5784	0.0604	0.0	0.0
IGFBPL1	17.3626	1.3876	0.702	0.0162	0.0273
IGIP	48.2032	-2.2312	0.5177	0.0	0.0
IGSF3	1010.3889	1.4901	0.1137	0.0	0.0
IGSF8	863.543	1.3893	0.1218	0.0	0.0
IKBKB	229.681	-1.397	0.2335	0.0	0.0
IKBKG	165.97	-2.2491	0.2871	0.0	0.0
IKZF4	33.0708	-2.3023	0.6368	0.0	0.0001
IKZF5	113.4373	-1.2422	0.3217	0.0001	0.0001
IL12RB2	7.472	1.4613	1.0097	0.0229	0.0376
IL13RA1	1768.3092	1.1806	0.0919	0.0	0.0
IL18	212.8367	-1.2432	0.2367	0.0	0.0
IL18BP	30.565	-1.811	0.624	0.0007	0.0015
IL1R1	238.6182	-2.6295	0.2523	0.0	0.0
IL22RA1	10.8098	-1.6991	0.941	0.009	0.0157
IL27RA	213.4563	1.8119	0.233	0.0	0.0
IL32	1880.6884	2.0133	0.0999	0.0	0.0
IL3RA	21.0132	1.5066	0.6679	0.0072	0.0127
IL4I1	72.7485	1.1905	0.3904	0.0012	0.0024
IL4R	199.5286	-1.1531	0.2713	0.0	0.0
IL6ST	3679.6021	1.1521	0.2047	0.0	0.0
IL8	76.134	2.1859	0.4199	0.0	0.0
ILF3-AS1	1630.3276	3.2131	0.1006	0.0	0.0
ILK	3624.0864	1.1231	0.072	0.0	0.0
IMMP2L	102.8638	1.4479	0.3507	0.0	0.0
IMP3	1728.5343	1.076	0.0951	0.0	0.0
IMPA2	973.7161	1.0314	0.1151	0.0	0.0
IMPAD1	4321.7996	1.1653	0.0656	0.0	0.0
INCENP	1338.4038	-1.2629	0.1116	0.0	0.0
INE1	26.7093	1.7158	0.6088	0.0011	0.0022
ING1	778.1912	1.1751	0.1302	0.0	0.0
ING2	301.5667	1.4174	0.1956	0.0	0.0
ING3	132.1156	-1.4866	0.3076	0.0	0.0
ING4	56.8825	-2.1083	0.4775	0.0	0.0
ING5	385.3251	-1.2371	0.2003	0.0	0.0
INHA	18.8081	1.6985	0.717	0.0037	0.0068
INIP	131.4793	-2.3353	0.3275	0.0	0.0
INO80	547.7379	-1.2267	0.1545	0.0	0.0
INPP1	760.9092	-1.0871	0.1342	0.0	0.0
INPP4B	269.3241	-1.0043	0.2103	0.0	0.0
INPP5D	15.5949	-2.2162	0.9176	0.0008	0.0015
INSIG2	80.6742	-3.0272	0.4522	0.0	0.0
INTS1	7913.8715	1.3477	0.0545	0.0	0.0
INTS12	127.8281	-1.3121	0.3032	0.0	0.0
INTS2	328.9156	-2.3577	0.2132	0.0	0.0
INTS6	375.5452	-1.4077	0.1841	0.0	0.0
INTS7	483.383	-1.1614	0.1636	0.0	0.0
IP6K1	891.5214	-1.1812	0.1239	0.0	0.0
IPMK	420.7663	1.6634	0.1821	0.0	0.0
IPO4	7222.6807	1.1965	0.058	0.0	0.0
IPO9	3732.7572	1.0704	0.0675	0.0	0.0
IPO9-AS1	14.2527	1.3458	0.7532	0.0247	0.0405
IPP	165.2648	-2.0627	0.2824	0.0	0.0
IPPK	185.2518	-2.2553	0.2784	0.0	0.0
IQCB1	308.3637	-1.0239	0.1971	0.0	0.0
IQCD	25.7119	-1.2011	0.613	0.0232	0.0381
IQCH-AS1	46.3335	1.2969	0.606	0.0135	0.0229
IQSEC1	535.4203	-2.5717	0.1716	0.0	0.0
IRAK1	11358.0685	1.1634	0.058	0.0	0.0
IRAK1BP1	98.2142	-1.222	0.4336	0.0025	0.0046
IREB2	1151.655	-2.783	0.1218	0.0	0.0
IRF2	115.7974	-1.9049	0.3372	0.0	0.0
IRF2BP1	1903.5799	2.0373	0.088	0.0	0.0
IRF2BP2	4274.9117	1.0223	0.0669	0.0	0.0
IRF7	62.21	-1.5428	0.4311	0.0001	0.0003
IRF9	43.9749	-1.2703	0.4948	0.0048	0.0086
IRGQ	575.4905	-1.4395	0.1617	0.0	0.0
IRS1	1685.1573	2.3866	0.0951	0.0	0.0
IRS2	3967.1865	2.1191	0.0687	0.0	0.0
IRX5	158.5941	1.0256	0.2641	0.0001	0.0001
ISG15	180.7966	1.1665	0.2477	0.0	0.0
IST1	790.0659	-1.896	0.1444	0.0	0.0
ISY1-RAB43	178.0228	-1.0449	0.2626	0.0	0.0001
ITCH	1003.0142	-1.7231	0.1244	0.0	0.0
ITFG1	1551.9732	1.3547	0.0938	0.0	0.0
ITFG2	203.1791	-1.7152	0.2492	0.0	0.0
ITFG3	3942.674	1.3755	0.0731	0.0	0.0
ITGA1	73.7709	1.2753	0.3946	0.0006	0.0012
ITGA3	3030.383	1.5011	0.0746	0.0	0.0
ITGA5	407.6293	1.1696	0.1693	0.0	0.0
ITGA9	384.9658	1.3923	0.1746	0.0	0.0
ITGAV	15537.8818	1.2134	0.0574	0.0	0.0
ITGB1	27357.789	1.5065	0.0555	0.0	0.0
ITGB2	69.3959	1.406	0.3884	0.0001	0.0003
ITGB5	2469.2207	1.3772	0.0794	0.0	0.0
ITM2A	47.9761	1.5241	0.4799	0.0005	0.001
ITM2B	15309.6947	1.2884	0.0487	0.0	0.0
ITM2C	20792.7672	1.196	0.0669	0.0	0.0
ITPKB	232.8385	-1.3165	0.2322	0.0	0.0
ITPKC	201.4286	-1.9165	0.262	0.0	0.0
ITPR1-AS1	3.3775	1.3835	1.199	0.0143	0.0243
ITPR3	2765.7995	1.0122	0.0762	0.0	0.0
ITSN2	235.9563	-2.059	0.237	0.0	0.0
IVNS1ABP	3278.8526	-1.3012	0.0888	0.0	0.0
IWS1	803.2461	-1.5681	0.1302	0.0	0.0
JADE1	2359.5858	1.5335	0.0831	0.0	0.0
JADE2	100.6342	-1.6546	0.3449	0.0	0.0
JADE3	255.5756	-2.1579	0.2317	0.0	0.0
JAG1	6346.9304	-1.2976	0.0603	0.0	0.0
JAGN1	271.5421	-2.959	0.2533	0.0	0.0
JAK2	89.8531	-2.3032	0.3956	0.0	0.0
JARID2	761.4913	-1.6733	0.1344	0.0	0.0
JMJD1C	499.4449	-1.8347	0.1904	0.0	0.0
JMJD1C-AS1	82.0488	1.8187	0.3747	0.0	0.0
JMJD6	468.6667	-1.912	0.1776	0.0	0.0
JMJD8	3030.1412	1.3441	0.075	0.0	0.0
JOSD1	679.8486	-1.5926	0.1398	0.0	0.0
JOSD2	189.245	1.3152	0.2442	0.0	0.0
JPH1	15.3877	-2.1478	0.9275	0.0011	0.0022
JPH3	8.0259	1.4031	0.9345	0.029	0.047
JPX	41.6556	1.1597	0.4863	0.009	0.0157
JRKL	375.8841	1.4429	0.1774	0.0	0.0
JUNB	424.0071	1.4116	0.194	0.0	0.0
KAAG1	551.2201	3.4928	0.1683	0.0	0.0
KANK1	549.357	-1.8415	0.1564	0.0	0.0
KANSL1L	40.7065	-2.422	0.5732	0.0	0.0
KANSL2	977.9136	1.7902	0.1151	0.0	0.0
KANSL3	591.5152	-2.3198	0.1582	0.0	0.0
KAT5	438.4441	-2.0359	0.1793	0.0	0.0
KAT6B	299.363	-1.3189	0.2099	0.0	0.0
KAT8	318.0442	-1.3715	0.2049	0.0	0.0
KATNA1	129.7305	-2.06	0.3204	0.0	0.0
KATNBL1	188.3799	-2.873	0.3072	0.0	0.0
KAZN	310.6932	-2.8319	0.2272	0.0	0.0
KBTBD11	24.8728	-2.8806	0.8966	0.0	0.0
KBTBD3	12.3015	-1.6187	0.9085	0.0121	0.0207
KBTBD8	149.0299	1.1298	0.2799	0.0	0.0001
KCNC1	3.9209	-1.3075	1.1695	0.0228	0.0376
KCNE3	24.6885	-2.7607	0.8302	0.0	0.0
KCNG1	926.9745	-1.1493	0.1201	0.0	0.0
KCNG3	59.6258	1.2304	0.4179	0.0016	0.0031
KCNJ16	30.304	-2.1649	0.6473	0.0001	0.0002
KCNJ2-AS1	53.3828	1.3439	0.4519	0.0013	0.0025
KCNQ1OT1	242.0946	2.6259	0.2324	0.0	0.0
KCNQ4	41.7554	-2.072	0.565	0.0	0.0001
KCP	680.4434	1.3734	0.1351	0.0	0.0
KCTD1	2230.345	1.5084	0.0845	0.0	0.0
KCTD10	517.8949	-2.0763	0.169	0.0	0.0
KCTD11	491.9498	1.9822	0.1656	0.0	0.0
KCTD18	123.1725	-1.1712	0.3054	0.0001	0.0002
KCTD20	1235.5215	-1.2623	0.1057	0.0	0.0
KCTD21	77.0024	-3.3932	0.4883	0.0	0.0
KCTD3	352.9876	-1.2626	0.1877	0.0	0.0
KCTD5	503.6426	-1.3713	0.1598	0.0	0.0
KCTD7	135.477	-3.8675	0.4077	0.0	0.0
KCTD9	445.9486	-1.1736	0.1673	0.0	0.0
KDELC1	847.7043	1.3	0.1245	0.0	0.0
KDELC2	3304.4875	1.1601	0.07	0.0	0.0
KDELR1	5948.5216	1.2318	0.0592	0.0	0.0
KDELR2	5229.6511	1.0194	0.0649	0.0	0.0
KDM2B	687.6377	-1.5433	0.1384	0.0	0.0
KDM3A	254.6304	-1.3751	0.2208	0.0	0.0
KDM3B	1859.5859	-1.013	0.0909	0.0	0.0
KDM4A	726.8509	-1.6058	0.136	0.0	0.0
KDM4B	589.0535	-1.8284	0.1655	0.0	0.0
KDM4D	35.4257	-1.0792	0.5373	0.0247	0.0405
KDM6A	661.6224	-1.4305	0.1489	0.0	0.0
KDM6B	331.7117	-1.0935	0.1911	0.0	0.0
KDM7A	64.5092	-1.6644	0.4283	0.0	0.0001
KDM8	37.4131	-1.4271	0.5297	0.0027	0.005
KGFLP2	17.8945	1.2592	0.6857	0.0268	0.0438
KHNYN	647.9346	-1.0873	0.1531	0.0	0.0
KIAA0040	38.1022	-1.8495	0.5619	0.0002	0.0004
KIAA0100	9022.5625	1.1996	0.0537	0.0	0.0
KIAA0101	3417.2974	1.1078	0.0708	0.0	0.0
KIAA0226	302.9346	-1.3814	0.2041	0.0	0.0
KIAA0355	286.853	-2.5154	0.2271	0.0	0.0
KIAA0430	494.8629	-1.2056	0.1647	0.0	0.0
KIAA0556	182.1139	-1.4291	0.256	0.0	0.0
KIAA0586	191.5289	-1.6418	0.2667	0.0	0.0
KIAA0753	334.7747	-1.9209	0.2003	0.0	0.0
KIAA0895	596.4289	-1.1088	0.1481	0.0	0.0
KIAA0907	430.2221	-2.8474	0.1974	0.0	0.0
KIAA0922	161.9532	-1.6727	0.276	0.0	0.0
KIAA0947	1048.4002	-1.2711	0.1147	0.0	0.0
KIAA1033	430.5943	-1.5629	0.1772	0.0	0.0
KIAA1147	379.7741	-1.439	0.1857	0.0	0.0
KIAA1191	847.9061	-1.0651	0.1298	0.0	0.0
KIAA1211L	267.0213	-1.9826	0.2323	0.0	0.0
KIAA1217	91.4681	-2.3229	0.4067	0.0	0.0
KIAA1279	461.099	-1.928	0.1712	0.0	0.0
KIAA1432	423.4033	-2.3551	0.195	0.0	0.0
KIAA1549	418.0217	-1.0246	0.1728	0.0	0.0
KIAA1551	799.7468	-1.0954	0.1306	0.0	0.0
KIAA1614	15.6335	-1.7258	0.8164	0.0058	0.0103
KIAA1671	589.9476	-2.2665	0.1588	0.0	0.0
KIAA1731	238.3591	-2.3696	0.245	0.0	0.0
KIAA1804	162.1837	-1.4942	0.2735	0.0	0.0
KIAA2013	3874.604	1.5205	0.0691	0.0	0.0
KIAA2022	5.9853	-1.7695	1.1788	0.0042	0.0076
KIF11	1477.0889	-1.9653	0.1155	0.0	0.0
KIF13B	410.6413	-2.3062	0.1862	0.0	0.0
KIF14	805.1689	-1.4289	0.1329	0.0	0.0
KIF15	480.4931	-2.3607	0.1781	0.0	0.0
KIF16B	128.2569	-2.1219	0.3206	0.0	0.0
KIF18A	376.0173	-1.3839	0.1819	0.0	0.0
KIF18B	1279.7235	-1.268	0.1086	0.0	0.0
KIF1B	890.5892	-1.2084	0.131	0.0	0.0
KIF1C	11949.2039	1.1507	0.0533	0.0	0.0
KIF20B	607.038	-2.5457	0.1605	0.0	0.0
KIF21A	228.7705	-1.354	0.2317	0.0	0.0
KIF21B	308.2887	-2.0068	0.2162	0.0	0.0
KIF23	1427.1305	-2.2097	0.1141	0.0	0.0
KIF24	235.7147	-2.1343	0.2388	0.0	0.0
KIF27	48.0746	-1.6563	0.4917	0.0002	0.0004
KIF2A	882.1034	-1.6694	0.1289	0.0	0.0
KIF2C	860.8092	-2.8514	0.1511	0.0	0.0
KIF3A	159.7185	-1.5424	0.2872	0.0	0.0
KIF7	109.8203	-2.4431	0.3672	0.0	0.0
KIFC1	990.0855	-2.3498	0.1295	0.0	0.0
KIN	155.9367	-2.4507	0.297	0.0	0.0
KISS1	16.1785	1.333	0.7206	0.0228	0.0375
KITLG	77.0473	-1.3057	0.3854	0.0003	0.0007
KLB	34.6602	3.6411	0.7168	0.0	0.0
KLC2	895.5155	-1.0801	0.1314	0.0	0.0
KLF10	764.4976	1.5871	0.1287	0.0	0.0
KLF12	336.1166	-1.7737	0.1982	0.0	0.0
KLF15	30.6075	-2.843	0.7615	0.0	0.0
KLF4	48.7474	1.243	0.4589	0.0033	0.0061
KLF5	10769.0357	2.0028	0.0516	0.0	0.0
KLF7	314.4463	1.6061	0.2024	0.0	0.0
KLHDC10	901.9754	-2.6189	0.1331	0.0	0.0
KLHDC2	267.7573	-1.5306	0.2181	0.0	0.0
KLHDC7A	168.1628	1.1072	0.2554	0.0	0.0
KLHDC8B	219.592	-2.2009	0.2543	0.0	0.0
KLHL11	293.5002	1.494	0.2012	0.0	0.0
KLHL12	397.6498	-1.3915	0.1782	0.0	0.0
KLHL14	167.0158	-2.3935	0.2899	0.0	0.0
KLHL15	745.1374	1.3339	0.1324	0.0	0.0
KLHL18	310.9724	-2.1957	0.224	0.0	0.0
KLHL20	143.5477	-1.8682	0.3063	0.0	0.0
KLHL21	845.7472	-1.817	0.1296	0.0	0.0
KLHL22	231.9681	-2.9107	0.2702	0.0	0.0
KLHL23	343.0725	-3.1398	0.2289	0.0	0.0
KLHL24	59.4852	-1.8741	0.5233	0.0001	0.0001
KLHL25	158.3913	-3.2946	0.342	0.0	0.0
KLHL26	141.7206	-2.1493	0.3059	0.0	0.0
KLHL29	17.1762	-1.2993	0.7389	0.0285	0.0463
KLHL3	43.3904	-1.6499	0.5108	0.0004	0.0007
KLHL41	4.234	-1.3948	1.1693	0.0169	0.0283
KLHL42	603.1617	-1.9043	0.1529	0.0	0.0
KLHL8	423.3849	-2.193	0.1848	0.0	0.0
KLHL9	1261.0298	1.4744	0.1021	0.0	0.0
KLK10	109.6542	1.1807	0.3123	0.0001	0.0002
KLK6	8.2722	1.4339	0.9628	0.026	0.0425
KLLN	33.3299	1.6342	0.5592	0.001	0.0019
KMT2B	936.2988	-1.0573	0.1195	0.0	0.0
KMT2C	783.3291	-1.6164	0.1338	0.0	0.0
KMT2D	1798.2698	-1.7047	0.1011	0.0	0.0
KMT2E	669.5471	-1.2849	0.1412	0.0	0.0
KMT2E-AS1	171.6173	3.2583	0.2922	0.0	0.0
KNOP1	366.302	-1.1481	0.1908	0.0	0.0
KNSTRN	616.5355	-2.0325	0.1515	0.0	0.0
KNTC1	795.7174	-1.1538	0.1287	0.0	0.0
KPNA2	20170.7785	1.3105	0.048	0.0	0.0
KPNA4	1218.4384	-1.4365	0.1117	0.0	0.0
KPNA5	56.2801	-1.1537	0.4591	0.0064	0.0115
KPNA6	1489.8264	-1.2201	0.0974	0.0	0.0
KPNB1	7826.4841	-1.0281	0.0582	0.0	0.0
KPTN	299.2457	1.1419	0.1978	0.0	0.0
KRAS	678.6228	-2.2217	0.1479	0.0	0.0
KRBA1	95.7266	-2.3408	0.4246	0.0	0.0
KRCC1	149.2554	-3.8942	0.3873	0.0	0.0
KRI1	705.5566	-1.4452	0.14	0.0	0.0
KRIT1	328.7163	-2.586	0.2164	0.0	0.0
KRT17	48.8652	1.59	0.4695	0.0002	0.0005
KRT8	35819.7071	1.6364	0.054	0.0	0.0
KSR1	610.5049	-2.1379	0.1583	0.0	0.0
KTI12	1066.8054	3.0819	0.119	0.0	0.0
KTN1-AS1	40.5784	1.6231	0.4997	0.0003	0.0007
L1CAM	7783.8502	1.3002	0.066	0.0	0.0
L3MBTL3	107.2383	-1.2876	0.3584	0.0002	0.0003
LACC1	22.7257	-2.2059	0.7413	0.0002	0.0005
LAGE3	995.6867	1.4971	0.1175	0.0	0.0
LAMA3	503.6865	1.0419	0.1536	0.0	0.0
LAMA4	79.1275	1.1076	0.3803	0.0021	0.0039
LAMB1	7043.1132	1.0771	0.057	0.0	0.0
LAMB3	177.382	1.5421	0.2513	0.0	0.0
LAMC1	34822.3387	1.3343	0.0502	0.0	0.0
LAMC2	9958.39	1.7575	0.0586	0.0	0.0
LAMC3	25.875	1.9541	0.6427	0.0004	0.0007
LAMP1	8375.5229	1.4351	0.0541	0.0	0.0
LAMP2	2269.6797	1.0767	0.08	0.0	0.0
LAMTOR1	2217.4583	1.0137	0.0838	0.0	0.0
LAMTOR2	730.7225	1.588	0.1351	0.0	0.0
LAMTOR4	1078.6466	1.1499	0.1098	0.0	0.0
LAMTOR5	1079.4363	1.0844	0.1108	0.0	0.0
LAP3	1618.0136	1.2042	0.0971	0.0	0.0
LAPTM4A	2990.2437	1.1899	0.0748	0.0	0.0
LAPTM4B	8868.5906	1.265	0.0534	0.0	0.0
LARP1B	255.5183	-1.3069	0.2212	0.0	0.0
LARP4	736.8439	-2.5474	0.1508	0.0	0.0
LARP4B	1238.2615	-2.3496	0.1191	0.0	0.0
LARP6	946.9166	1.3144	0.1168	0.0	0.0
LARS	3290.9461	1.0353	0.0741	0.0	0.0
LAS1L	1484.8412	1.0274	0.0962	0.0	0.0
LBH	427.976	1.1025	0.1649	0.0	0.0
LBX2-AS1	93.3162	1.1407	0.339	0.0004	0.0009
LCAT	39.0946	-1.2613	0.5191	0.007	0.0124
LCMT2	337.0314	1.4931	0.1875	0.0	0.0
LCN15	4.6494	1.5072	1.1259	0.0142	0.0241
LCN2	7.1779	1.4444	0.9775	0.0249	0.0408
LCOR	333.1624	-1.4569	0.1941	0.0	0.0
LCP1	3.0556	1.2735	1.1974	0.021	0.0348
LDB1	850.2285	-1.4623	0.13	0.0	0.0
LDHA	26681.1023	1.1983	0.0623	0.0	0.0
LDHB	24623.6902	1.2876	0.0475	0.0	0.0
LDLRAP1	263.5062	-1.9544	0.2311	0.0	0.0
LDOC1	1551.7733	1.5828	0.1004	0.0	0.0
LEKR1	30.9817	2.4587	0.6239	0.0	0.0
LEMD2	848.9403	-2.0575	0.1327	0.0	0.0
LENG1	114.2266	1.2738	0.3067	0.0	0.0
LENG8	719.2758	-1.2675	0.1454	0.0	0.0
LEO1	434.6863	-2.5442	0.1897	0.0	0.0
LEPRE1	4749.413	1.2825	0.0624	0.0	0.0
LEPREL1	3302.1593	1.1835	0.0889	0.0	0.0
LEPREL2	1981.4403	1.3041	0.0925	0.0	0.0
LEPREL4	3275.6827	1.4896	0.0743	0.0	0.0
LETM2	75.7153	-2.1702	0.4094	0.0	0.0
LETMD1	103.9207	-2.5928	0.3742	0.0	0.0
LFNG	19.3426	-1.4063	0.7416	0.0181	0.0302
LGALS1	3302.7499	1.5637	0.0766	0.0	0.0
LGALS3	1686.0791	1.2811	0.1015	0.0	0.0
LGALS3BP	1887.0917	1.4834	0.0873	0.0	0.0
LGALS7	8.6584	1.8662	0.9945	0.0046	0.0083
LGALS7B	19.5054	1.6455	0.6889	0.004	0.0073
LGALSL	271.2952	-1.2101	0.2214	0.0	0.0
LGMN	1322.6498	1.3503	0.1009	0.0	0.0
LGR4	3876.005	-1.2278	0.0748	0.0	0.0
LGR5	36.8727	-1.8785	0.593	0.0003	0.0006
LHFPL2	167.8722	-2.0091	0.2789	0.0	0.0
LHPP	90.2571	1.6208	0.3479	0.0	0.0
LHX1	174.2217	1.7613	0.2575	0.0	0.0
LHX2	157.629	-3.418	0.3581	0.0	0.0
LHX9	31.6384	-2.1179	0.6817	0.0002	0.0004
LIF	383.9849	1.6515	0.1825	0.0	0.0
LIMD1	585.0757	-3.1991	0.1756	0.0	0.0
LIMD1-AS1	101.1376	-1.8688	0.8084	0.0028	0.0051
LIME1	33.9881	-1.6002	0.5916	0.0019	0.0037
LIMK2	260.8476	-2.0019	0.2272	0.0	0.0
LIN37	31.1585	-2.5821	0.6875	0.0	0.0
LIN52	96.4986	-1.9592	0.3721	0.0	0.0
LIN7B	7.0454	-1.4044	1.0254	0.0276	0.0449
LIN9	204.5739	-2.1631	0.263	0.0	0.0
LINC00115	95.6306	3.5338	0.399	0.0	0.0
LINC00167	22.204	2.7591	0.8105	0.0	0.0
LINC00235	48.1432	4.0787	0.6685	0.0	0.0
LINC00265	37.2999	-1.3986	0.5373	0.0036	0.0066
LINC00338	62.0079	-1.2861	0.4345	0.0015	0.0028
LINC00339	81.2281	-1.0771	0.3674	0.002	0.0038
LINC00472	250.7403	1.5658	0.2193	0.0	0.0
LINC00628	23.204	3.4738	1.1091	0.0	0.0
LINC00645	31.2996	-2.2345	0.6521	0.0001	0.0001
LINC00657	8456.0461	1.6991	0.0543	0.0	0.0
LINC00669	24.6172	-1.6332	0.6637	0.0035	0.0063
LINC00847	4.6424	-1.4919	1.1704	0.0119	0.0204
LINC00909	157.8293	1.0177	0.2677	0.0001	0.0002
LINC00938	279.622	1.9957	0.2084	0.0	0.0
LINC00958	106.6868	-4.0509	0.4956	0.0	0.0
LINC00984	2126.253	2.2263	0.0906	0.0	0.0
LINC01023	29.0161	1.5594	0.5777	0.0021	0.004
LINC01061	55.3016	-1.2093	0.4676	0.0049	0.0089
LINC01089	19.4168	1.335	0.6672	0.017	0.0286
LINC01126	16.0156	1.9811	0.7731	0.0012	0.0024
LINC01128	128.0219	-1.41	0.305	0.0	0.0
LINC01158	24.5346	-2.1347	0.7373	0.0004	0.0007
LINC01184	45.6015	-1.0825	0.5025	0.0176	0.0294
LINS	68.847	-1.1349	0.4087	0.0031	0.0057
LIPA	321.7924	1.4439	0.189	0.0	0.0
LIPE	79.5439	-3.5563	0.5161	0.0	0.0
LIPT1	10.5478	-1.5763	0.9532	0.015	0.0254
LIPT2	19.0231	-2.0473	0.7892	0.0009	0.0019
LLGL1	1911.5838	1.0232	0.0909	0.0	0.0
LLPH	1312.0604	1.6532	0.112	0.0	0.0
LMAN1	5229.0421	1.2126	0.0628	0.0	0.0
LMAN2	4519.4297	1.5021	0.0639	0.0	0.0
LMBR1L	60.6874	-1.8925	0.5243	0.0001	0.0001
LMCD1	41.2076	-2.3362	0.5678	0.0	0.0
LMO7	1022.6583	-1.0875	0.1293	0.0	0.0
LMTK2	664.7071	-2.1164	0.1512	0.0	0.0
LMX1B	24.0632	-1.1802	0.6272	0.028	0.0456
LNP1	20.5977	1.491	0.6668	0.0077	0.0136
LNX2	229.1208	-1.3488	0.2415	0.0	0.0
LOC100128494	17.166	2.1811	0.7874	0.0004	0.0009
LOC100128653	206.2402	3.8972	0.2887	0.0	0.0
LOC100129098	264.1316	1.741	0.2263	0.0	0.0
LOC100129361	881.6543	1.1531	0.1209	0.0	0.0
LOC100129550	58.5701	-1.5262	0.4419	0.0002	0.0004
LOC100129917	361.3353	4.4356	0.2364	0.0	0.0
LOC100129940	24.2262	1.346	0.6512	0.0146	0.0247
LOC100130093	266.4154	3.7741	0.2476	0.0	0.0
LOC100130502	11.3398	-1.718	0.9517	0.0084	0.0147
LOC100131270	3.3573	1.3442	1.2008	0.0161	0.0272
LOC100131496	10.7473	2.1766	1.0691	0.0011	0.0022
LOC100131655	25.1941	1.4024	0.6442	0.0104	0.018
LOC100132249	39.6937	2.1081	0.5306	0.0	0.0
LOC100132356	22.7272	2.808	0.7436	0.0	0.0
LOC100132815	151.7559	-1.0566	0.3087	0.0004	0.0008
LOC100133182	38.8243	-1.233	0.5373	0.0103	0.0178
LOC100272217	16.3016	1.5668	0.7322	0.0081	0.0142
LOC100287042	267.7194	3.2369	0.2322	0.0	0.0
LOC100287082	6.0588	1.4817	1.0748	0.0187	0.0312
LOC100287467	51.2173	1.7323	0.4583	0.0	0.0001
LOC100287497	6.0948	-1.7934	1.1797	0.0038	0.007
LOC100287808	57.2499	1.6408	0.4607	0.0001	0.0002
LOC100288123	22.027	2.2388	0.7008	0.0001	0.0002
LOC100288181	16.8964	2.9744	1.0626	0.0	0.0
LOC100288637	169.1374	-1.6788	0.2869	0.0	0.0
LOC100288778	103.8088	-1.0355	0.3313	0.0011	0.0022
LOC100288911	175.3832	2.5662	0.2702	0.0	0.0
LOC100289230	83.3661	3.6867	0.4522	0.0	0.0
LOC100289361	36.2193	2.3276	0.617	0.0	0.0
LOC100289511	16.2983	1.9726	0.791	0.0014	0.0028
LOC100505501	100.2839	1.4658	0.3298	0.0	0.0
LOC100505564	222.4705	2.7308	0.2489	0.0	0.0
LOC100505650	305.8311	-2.7641	0.2264	0.0	0.0
LOC100505771	43.7288	1.3231	0.4837	0.0028	0.0051
LOC100505812	10.0819	-1.436	0.9051	0.025	0.0409
LOC100506014	10.7346	-1.4346	0.8932	0.0248	0.0406
LOC100506023	11.8097	1.3855	0.8178	0.0259	0.0423
LOC100506083	3.9115	-1.3117	1.169	0.0226	0.0372
LOC100506286	35.0769	2.0439	0.555	0.0	0.0001
LOC100506472	10.7718	-1.8036	1.0148	0.0059	0.0106
LOC100506473	53.409	1.5477	0.4407	0.0002	0.0003
LOC100506504	20.8892	1.6423	0.6648	0.0033	0.0061
LOC100506538	10.2994	-1.633	0.9455	0.0119	0.0204
LOC100506634	500.5629	2.5234	0.1631	0.0	0.0
LOC100506639	18.9504	1.2367	0.6671	0.027	0.044
LOC100507346	8.4358	1.9277	1.0611	0.0033	0.0061
LOC100507424	68.3031	1.9042	0.4213	0.0	0.0
LOC100507507	213.5814	2.0343	0.2486	0.0	0.0
LOC100507520	43.52	1.885	0.5014	0.0	0.0001
LOC100507599	123.1455	3.7515	0.3636	0.0	0.0
LOC100507634	38.8848	1.2572	0.4983	0.0055	0.0099
LOC100630918	137.9507	2.7284	0.3192	0.0	0.0
LOC100652736	158.0066	4.0195	0.3308	0.0	0.0
LOC100653515	45.5759	3.6373	0.6255	0.0	0.0
LOC100862671	61.452	-1.8311	0.4436	0.0	0.0
LOC100996497	20.6282	-1.6415	0.7284	0.0054	0.0098
LOC100996573	39.1423	1.7731	0.5126	0.0001	0.0003
LOC100996643	28.5821	1.5884	0.5877	0.002	0.0038
LOC100996724	62.0476	-2.5812	0.4903	0.0	0.0
LOC100996735	6.4624	1.4831	1.0318	0.0205	0.034
LOC100996740	167.7447	2.1711	0.2685	0.0	0.0
LOC101059976	32.8473	1.1548	0.5435	0.0172	0.0288
LOC101060398	33.1279	-1.3789	0.5617	0.0055	0.0099
LOC101926909	5.4163	1.9441	1.2301	0.0017	0.0033
LOC101926967	24.6422	1.9315	0.6794	0.0007	0.0013
LOC101927018	14.9594	2.6016	1.2255	0.0001	0.0003
LOC101927044	8.1042	1.9274	1.0519	0.0034	0.0062
LOC101927060	41.4161	1.1113	0.4867	0.0124	0.0212
LOC101927071	25.2713	5.1855	2.1739	0.0	0.0
LOC101927085	24.1401	1.7011	0.6345	0.0017	0.0033
LOC101927178	12.8938	1.795	0.8448	0.0047	0.0085
LOC101927260	31.7382	-1.2916	0.5718	0.0103	0.0178
LOC101927279	28.257	1.3112	0.5961	0.0115	0.0197
LOC101927382	289.7161	4.3468	0.2616	0.0	0.0
LOC101927385	19.291	2.9315	1.2969	0.0	0.0001
LOC101927393	15.462	1.2706	0.7232	0.0302	0.0489
LOC101927479	31.4327	2.4064	0.6049	0.0	0.0
LOC101927509	12.7858	1.6954	0.8299	0.007	0.0124
LOC101927644	4.7225	1.7742	1.2164	0.0034	0.0062
LOC101927703	178.0359	4.3458	0.3507	0.0	0.0
LOC101927752	68.4364	1.1119	0.3974	0.003	0.0055
LOC101927838	100.3168	3.2107	0.4076	0.0	0.0
LOC101927848	13.8301	-1.6914	0.8573	0.0079	0.0138
LOC101927903	34.4769	1.3982	0.5325	0.0034	0.0062
LOC101927943	18.8072	1.4435	0.6998	0.0123	0.021
LOC101928000	58.4213	1.1267	0.4199	0.0041	0.0075
LOC101928076	25.6409	1.5187	0.6234	0.0046	0.0083
LOC101928120	88.982	1.6148	0.3614	0.0	0.0
LOC101928170	91.619	-2.9475	0.4187	0.0	0.0
LOC101928240	4.7468	1.7676	1.2171	0.0034	0.0063
LOC101928281	336.5479	2.5744	0.2071	0.0	0.0
LOC101928363	6.2361	1.6061	1.1483	0.0089	0.0155
LOC101928377	17.4744	1.7619	0.7278	0.0029	0.0053
LOC101928465	392.1663	6.3311	0.3569	0.0	0.0
LOC101928485	104.477	3.5871	0.3897	0.0	0.0
LOC101928498	106.6123	1.4548	0.3209	0.0	0.0
LOC101928588	87.3003	3.5851	0.4331	0.0	0.0
LOC101928645	14.41	1.9046	0.8022	0.0022	0.0042
LOC101928657	273.7716	1.1403	0.2092	0.0	0.0
LOC101928707	51.8801	2.0898	0.4827	0.0	0.0
LOC101928717	5.0885	1.3487	1.0682	0.0308	0.0499
LOC101928719	56.8093	1.1541	0.4384	0.0046	0.0084
LOC101928725	38.7766	2.1182	0.5624	0.0	0.0
LOC101928728	134.6606	3.0163	0.3235	0.0	0.0
LOC101928745	80.1288	1.9813	0.3804	0.0	0.0
LOC101928829	8.1346	1.5652	0.9849	0.0157	0.0265
LOC101928868	6.8641	-1.9299	1.187	0.0022	0.0042
LOC101928884	28.1322	2.4085	0.648	0.0	0.0
LOC101928927	85.5517	5.7903	0.8952	0.0	0.0
LOC101928963	9.6349	1.5776	0.96	0.015	0.0253
LOC101929039	8.4924	1.9381	1.0574	0.0032	0.0059
LOC101929051	28.9745	2.7645	0.7175	0.0	0.0
LOC101929220	10.3536	2.1456	1.1757	0.001	0.002
LOC101929264	192.9158	1.6932	0.2447	0.0	0.0
LOC101929280	11.1846	1.3916	0.8733	0.0284	0.0462
LOC101929290	7.6569	1.4081	0.95	0.0286	0.0464
LOC101929291	43.5001	2.3303	0.5113	0.0	0.0
LOC101929494	63.0005	1.1137	0.4383	0.0063	0.0111
LOC101929500	26.4887	2.8576	0.6922	0.0	0.0
LOC101929533	9.994	1.7892	0.9236	0.006	0.0107
LOC101929536	12.1696	1.4354	0.8092	0.0205	0.0341
LOC101929747	148.2406	2.2276	0.2976	0.0	0.0
LOC101929786	109.4876	1.5221	0.3236	0.0	0.0
LOC101929792	594.6409	3.6391	0.1676	0.0	0.0
LOC101929901	9.5865	2.0609	1.1702	0.0014	0.0028
LOC101930137	6.7759	2.2475	1.2654	0.0005	0.001
LOC102723328	17.2102	1.629	0.7388	0.0062	0.011
LOC102723410	28.4746	1.8738	0.6047	0.0004	0.0007
LOC102723471	86.9917	1.4233	0.3525	0.0	0.0001
LOC102723489	144.5247	1.8963	0.3088	0.0	0.0
LOC102723520	22.9039	2.1672	0.705	0.0002	0.0004
LOC102723521	438.2033	-1.1297	0.1665	0.0	0.0
LOC102723563	68.8273	2.7079	0.4432	0.0	0.0
LOC102723600	14.3535	1.61	0.7712	0.0081	0.0142
LOC102723665	36.4381	1.6278	0.5449	0.0008	0.0016
LOC102723728	399.2154	1.1738	0.4251	0.0031	0.0057
LOC102723735	56.3894	2.4844	0.4649	0.0	0.0
LOC102723893	11.2294	2.1192	0.9351	0.0013	0.0026
LOC102723897	190.0209	-1.0016	0.2507	0.0	0.0001
LOC102723990	69.1999	1.1725	0.3853	0.0013	0.0025
LOC102723995	39.7246	2.8901	0.5671	0.0	0.0
LOC102724037	36.1507	2.3529	0.5615	0.0	0.0
LOC102724147	83.2615	1.0491	0.3653	0.0025	0.0047
LOC102724157	7.588	1.8223	1.1549	0.0038	0.007
LOC102724159	765.2908	-1.3116	0.1391	0.0	0.0
LOC102724164	44.0383	1.407	0.492	0.0017	0.0032
LOC102724200	101.9448	-2.6386	0.3984	0.0	0.0
LOC102724217	22.5587	1.1648	0.6267	0.0301	0.0487
LOC102724225	16.4486	1.6523	0.7398	0.0055	0.0099
LOC102724250	335.535	-2.5073	0.214	0.0	0.0
LOC102724258	139.1059	2.4597	0.3078	0.0	0.0
LOC102724273	15.0913	2.3464	0.8978	0.0004	0.0007
LOC102724296	45.0619	3.5717	0.5951	0.0	0.0
LOC102724342	56.1149	1.8154	0.4407	0.0	0.0
LOC102724364	45.6692	-1.438	0.4911	0.0013	0.0025
LOC102724374	4.9363	-1.5289	1.1737	0.0103	0.0177
LOC102724376	13.9076	3.4318	1.6066	0.0	0.0
LOC102724391	16.3264	2.8114	0.965	0.0	0.0001
LOC102724397	9.2274	-1.6118	1.0059	0.0129	0.022
LOC102724445	54.3246	-3.4938	0.623	0.0	0.0
LOC102724516	25.1187	-3.8141	1.6727	0.0	0.0
LOC102724535	93.7238	-1.7356	0.3691	0.0	0.0
LOC102724537	4.7329	1.7623	1.2165	0.0035	0.0064
LOC102724559	6.5598	1.6509	1.1513	0.0074	0.0131
LOC102724583	18.1362	2.2953	0.7682	0.0002	0.0004
LOC102724614	40.1071	2.6624	0.5838	0.0	0.0
LOC102724641	51.3214	4.6103	0.8479	0.0	0.0
LOC102724708	8.0148	1.4502	0.9444	0.0244	0.04
LOC102724709	14.0771	2.5659	0.9766	0.0002	0.0003
LOC102724752	26.8297	1.3318	0.6025	0.0109	0.0187
LOC102724782	18.6519	2.8153	0.8138	0.0	0.0
LOC102724795	27.1356	2.8977	0.6883	0.0	0.0
LOC102724811	3.7198	1.4935	1.2023	0.0096	0.0167
LOC102724843	92.3009	-2.4603	2.8869	0.0	0.0
LOC102724852	69.2209	1.1333	0.3933	0.0022	0.0042
LOC102724944	7.7355	1.7815	1.0679	0.006	0.0107
LOC102724951	197.1562	-2.6208	1.2712	0.0001	0.0003
LOC143666	51.0208	1.5574	0.4521	0.0002	0.0004
LOC146880	31.3104	-1.2707	0.5711	0.0115	0.0198
LOC153684	23.8235	1.1961	0.6411	0.0282	0.0459
LOC256880	10.8573	2.0631	0.9381	0.0018	0.0033
LOC284837	41.702	3.2675	0.5876	0.0	0.0
LOC284889	187.0773	1.4305	0.2555	0.0	0.0
LOC286437	16.0099	-2.0354	0.8855	0.0017	0.0033
LOC388692	35.7037	-1.1481	0.5367	0.0168	0.0282
LOC389199	53.6419	5.4156	1.4676	0.0	0.0
LOC389765	17.9993	-1.693	0.7562	0.005	0.009
LOC389831	127.9878	-2.8154	0.3497	0.0	0.0
LOC389906	250.5075	-1.1276	0.2194	0.0	0.0
LOC399900	49.3272	3.0057	0.5802	0.0	0.0
LOC400043	3.8638	-1.3025	1.1688	0.0233	0.0383
LOC439994	174.9113	1.4692	0.273	0.0	0.0
LOC440300	35.7336	1.4564	0.5359	0.0024	0.0045
LOC493754	237.2213	1.2527	0.228	0.0	0.0
LOC550643	517.1268	1.4683	0.1665	0.0	0.0
LOC642361	120.9802	1.1313	0.2968	0.0001	0.0002
LOC642441	122.9836	2.279	0.3172	0.0	0.0
LOC642846	102.9633	-1.9009	0.3571	0.0	0.0
LOC642852	555.1665	1.249	0.147	0.0	0.0
LOC642934	259.2414	1.3441	0.2116	0.0	0.0
LOC644083	7.7273	2.4165	1.2953	0.0003	0.0005
LOC644172	12.2222	1.7199	0.8484	0.0067	0.0119
LOC644656	73.5472	2.212	0.4054	0.0	0.0
LOC644961	195.5273	5.5818	0.4489	0.0	0.0
LOC645967	10.889	1.5582	0.8604	0.0141	0.024
LOC646471	99.178	2.6356	0.3642	0.0	0.0
LOC646719	848.9209	3.2172	0.1339	0.0	0.0
LOC646903	97.6594	2.524	0.3534	0.0	0.0
LOC727896	9.5997	1.3776	0.872	0.0299	0.0485
LOC728024	24.9911	2.6472	0.696	0.0	0.0
LOC728554	364.4347	1.0877	0.18	0.0	0.0
LOC728752	37.5092	2.5634	0.5867	0.0	0.0
LOC729040	9.454	1.4193	0.899	0.0265	0.0432
LOC729683	93.1129	2.0756	0.3575	0.0	0.0
LOC729887	43.4902	1.673	0.4973	0.0002	0.0004
LOC730101	137.9952	-1.4294	0.2925	0.0	0.0
LOC730257	80.6631	2.2681	0.3884	0.0	0.0
LOC730268	32.8307	-1.4678	0.5903	0.0044	0.008
LOC730668	10.7073	1.9025	0.9145	0.0035	0.0065
LOC90246	48.5132	2.7942	0.5253	0.0	0.0
LOC90834	40.8096	1.8061	0.5304	0.0001	0.0003
LOC93622	442.4946	1.5473	0.1649	0.0	0.0
LONRF1	94.8803	-1.973	0.3666	0.0	0.0
LOXL2	4936.4552	1.4265	0.0645	0.0	0.0
LPAR2	122.4436	-1.6405	0.319	0.0	0.0
LPIN1	49.8933	-3.3536	0.6307	0.0	0.0
LPIN2	812.3183	-3.1097	0.1476	0.0	0.0
LPIN3	64.3842	-2.7712	0.4819	0.0	0.0
LPP-AS2	94.2294	1.7539	0.3443	0.0	0.0
LPPR2	1020.7745	1.2391	0.1203	0.0	0.0
LPPR3	118.0683	1.1484	0.3144	0.0001	0.0003
LRCH1	295.9516	-1.3174	0.2062	0.0	0.0
LRCH3	214.7881	-3.2236	0.3124	0.0	0.0
LRCH4	373.0224	-1.9444	0.2001	0.0	0.0
LRFN1	62.5227	-1.0078	0.4103	0.0088	0.0155
LRG1	216.7371	1.0813	0.2295	0.0	0.0
LRIF1	207.2771	-1.8125	0.2467	0.0	0.0
LRIG3	109.2543	-1.2735	0.3466	0.0001	0.0003
LRMP	37.4152	-1.5177	0.5405	0.0017	0.0032
LRP10	7669.8711	1.2996	0.0613	0.0	0.0
LRP11	1917.7303	1.2662	0.0886	0.0	0.0
LRP3	1672.6414	1.2106	0.0966	0.0	0.0
LRP4	821.1645	1.1339	0.1222	0.0	0.0
LRP5	2010.7552	1.4547	0.0876	0.0	0.0
LRP5L	11.4148	-1.4248	0.8648	0.0246	0.0403
LRPAP1	4177.9923	1.1783	0.0659	0.0	0.0
LRRC1	134.638	-2.4593	0.3273	0.0	0.0
LRRC14	1562.0431	1.5637	0.0962	0.0	0.0
LRRC16A	576.2828	-1.5475	0.1505	0.0	0.0
LRRC17	43.4201	1.0559	0.4703	0.0146	0.0247
LRRC20	158.2576	-3.2595	0.3331	0.0	0.0
LRRC23	36.1659	1.0322	0.5107	0.0254	0.0416
LRRC24	121.3598	1.5644	0.326	0.0	0.0
LRRC27	34.163	-1.3305	0.5516	0.0066	0.0118
LRRC37B	31.1196	-2.7143	0.7052	0.0	0.0
LRRC47	1050.962	-1.2724	0.1173	0.0	0.0
LRRC57	216.9923	-1.3687	0.2356	0.0	0.0
LRRC58	897.8597	-2.0032	0.1293	0.0	0.0
LRRC70	10.1942	1.7093	0.8916	0.008	0.014
LRRC73	25.3177	-1.5869	0.646	0.0038	0.007
LRRC8B	231.8245	-2.2097	0.2423	0.0	0.0
LRRFIP2	417.9578	-1.6903	0.1772	0.0	0.0
LSM14B	692.6532	-1.8605	0.1478	0.0	0.0
LSM3	1812.2449	1.2892	0.0897	0.0	0.0
LSM4	6699.6235	1.2256	0.0581	0.0	0.0
LSM7	1875.4688	1.3109	0.0867	0.0	0.0
LSM8	338.0401	-2.3974	0.2152	0.0	0.0
LTB	78.9354	1.3761	0.3771	0.0001	0.0002
LTBP1	1353.9313	1.2086	0.101	0.0	0.0
LTBP2	134.5001	1.591	0.2926	0.0	0.0
LTBP3	2127.8727	1.5971	0.0874	0.0	0.0
LTBP4	2319.9787	1.4331	0.0936	0.0	0.0
LTN1	347.337	-1.029	0.1884	0.0	0.0
LTV1	610.0259	-2.2581	0.1554	0.0	0.0
LUC7L	722.4695	-1.3277	0.139	0.0	0.0
LUC7L3	1083.1532	-3.2921	0.1371	0.0	0.0
LURAP1	11.8394	-1.7909	0.9433	0.0061	0.0109
LUZP1	2647.971	1.5041	0.0779	0.0	0.0
LUZP6	2032.3778	1.1104	0.0915	0.0	0.0
LY6E	1688.7004	1.5582	0.0943	0.0	0.0
LY6K	55.1926	1.9182	0.4589	0.0	0.0
LYAR	862.8425	-1.2035	0.1446	0.0	0.0
LYL1	44.3759	-1.859	0.5044	0.0	0.0001
LYPD6	723.7645	-1.9414	0.1481	0.0	0.0
LYRM7	332.1565	-1.117	0.1959	0.0	0.0
LYSMD3	239.5045	-2.4074	0.247	0.0	0.0
LYST	48.5843	-1.5929	0.4934	0.0004	0.0008
LZTS1	47.7473	-2.1386	0.5205	0.0	0.0
LZTS2	1214.8945	-1.1089	0.1065	0.0	0.0
MACF1	1298.4586	-1.3158	0.1045	0.0	0.0
MAD1L1	321.5816	-1.6499	0.2033	0.0	0.0
MAD2L1BP	612.1942	1.5524	0.1429	0.0	0.0
MADD	509.7477	-2.8902	0.1798	0.0	0.0
MAFF	467.0886	1.3952	0.1656	0.0	0.0
MAFK	854.696	1.3288	0.1207	0.0	0.0
MAGED1	3166.1702	1.1104	0.0821	0.0	0.0
MAGED2	1720.6484	1.1246	0.0945	0.0	0.0
MAGED4B	452.9179	1.1523	0.5213	0.0141	0.0239
MAGEF1	1493.7267	1.0936	0.0959	0.0	0.0
MAGT1	3079.1628	1.2401	0.0747	0.0	0.0
MAL2	116.156	1.089	0.3116	0.0003	0.0006
MALAT1	16334.0188	5.5828	0.0628	0.0	0.0
MALSU1	480.6649	-1.1335	0.1606	0.0	0.0
MAMDC2	61.8861	1.1491	0.4057	0.0026	0.0048
MAML1	1200.9215	-1.2022	0.1085	0.0	0.0
MAMLD1	28.8848	-1.3158	0.5975	0.0113	0.0195
MAMSTR	19.1069	-2.1427	0.8179	0.0007	0.0014
MAN1B1	2348.4055	1.2931	0.082	0.0	0.0
MAN2A1	1115.4141	1.158	0.1072	0.0	0.0
MAN2B1	1766.6766	1.4506	0.0894	0.0	0.0
MAN2B2	824.8261	1.4381	0.1253	0.0	0.0
MAN2C1	1090.7307	1.1382	0.1117	0.0	0.0
MANBA	394.0778	1.2611	0.1767	0.0	0.0
MANBAL	374.8849	-1.2506	0.1838	0.0	0.0
MAP1LC3B	1149.6433	1.2204	0.1103	0.0	0.0
MAP1S	581.9917	-3.4316	0.1817	0.0	0.0
MAP2K3	762.4193	-1.1387	0.1366	0.0	0.0
MAP2K4	347.3516	-1.6664	0.205	0.0	0.0
MAP2K5	113.3833	-1.3307	0.3192	0.0	0.0
MAP2K7	561.8758	-2.3339	0.161	0.0	0.0
MAP3K1	2958.3451	1.0928	0.0764	0.0	0.0
MAP3K10	176.8463	-1.176	0.2565	0.0	0.0
MAP3K12	172.0329	-2.0227	0.2983	0.0	0.0
MAP3K14	1039.1973	-3.6607	0.1464	0.0	0.0
MAP3K2	413.6723	-1.5978	0.1809	0.0	0.0
MAP3K4	529.2155	-1.2772	0.1546	0.0	0.0
MAP3K7	637.8082	-1.6394	0.1489	0.0	0.0
MAP3K7CL	5.3577	-1.6629	1.1812	0.0061	0.0108
MAP3K8	499.2055	1.9024	0.1589	0.0	0.0
MAP4K3	604.1304	-1.8748	0.1572	0.0	0.0
MAP6D1	68.6124	-2.8829	0.4882	0.0	0.0
MAP7D1	1302.6645	-1.3252	0.108	0.0	0.0
MAP7D3	229.9548	-1.3771	0.2373	0.0	0.0
MAPK13	26.6474	1.491	0.614	0.0049	0.0088
MAPK14	806.7421	-2.3809	0.1578	0.0	0.0
MAPK1IP1L	1104.9773	-1.807	0.127	0.0	0.0
MAPK3	693.7055	1.0004	0.1314	0.0	0.0
MAPK7	678.707	1.0508	0.1337	0.0	0.0
MAPK8	258.2928	-1.2842	0.2229	0.0	0.0
MAPKBP1	267.5024	-2.5498	0.2549	0.0	0.0
MAPRE1	4543.224	1.2537	0.0688	0.0	0.0
MARCH2	158.0043	1.0434	0.2654	0.0001	0.0001
MARCH6	1195.9064	-1.1847	0.1069	0.0	0.0
MARCH7	697.1644	-2.9446	0.1586	0.0	0.0
MARCH8	180.2265	-1.823	0.2797	0.0	0.0
MARCKSL1	6674.6496	1.1503	0.059	0.0	0.0
MARK2	882.5781	-2.2469	0.1336	0.0	0.0
MARK3	746.207	-1.7025	0.14	0.0	0.0
MARS2	982.8458	1.9211	0.1155	0.0	0.0
MARVELD1	1602.8062	1.1512	0.0943	0.0	0.0
MARVELD2	72.3818	-2.2881	0.436	0.0	0.0
MAST3	118.441	-2.5412	0.3512	0.0	0.0
MAST4	67.9262	-1.1326	0.4004	0.0026	0.0049
MASTL	416.2967	-1.1445	0.1755	0.0	0.0
MAT2A	2168.8249	-2.6981	0.0936	0.0	0.0
MATN2	639.2009	1.4283	0.1508	0.0	0.0
MATN3	733.6892	1.209	0.1299	0.0	0.0
MAU2	413.2927	-2.7628	0.1976	0.0	0.0
MAVS	1647.6837	-1.7345	0.0954	0.0	0.0
MAX	307.2713	-1.6018	0.22	0.0	0.0
MAZ	8670.7815	1.053	0.0535	0.0	0.0
MB21D2	531.5175	2.1096	0.158	0.0	0.0
MBD1	677.6045	-1.721	0.1412	0.0	0.0
MBD4	252.6144	-1.1932	0.2223	0.0	0.0
MBIP	184.1017	-2.4716	0.284	0.0	0.0
MBLAC1	36.7072	1.0034	0.5127	0.0304	0.0491
MBNL1	1302.5874	-1.0079	0.113	0.0	0.0
MBNL1-AS1	243.1002	2.724	0.2558	0.0	0.0
MBOAT1	490.7162	-1.0149	0.1619	0.0	0.0
MBOAT7	2731.4305	1.0834	0.0816	0.0	0.0
MBP	124.8857	-3.1379	0.3819	0.0	0.0
MBTD1	229.2779	-1.3708	0.2428	0.0	0.0
MCAM	584.4281	1.0436	0.1471	0.0	0.0
MCCC2	2707.0784	1.1225	0.0803	0.0	0.0
MCF2L	287.0331	-1.6764	0.2392	0.0	0.0
MCIDAS	62.8424	-2.1986	0.4609	0.0	0.0
MCM10	946.6231	-1.7008	0.1209	0.0	0.0
MCM9	211.5356	-1.0066	0.2447	0.0	0.0001
MDH2	6422.5015	1.2064	0.0641	0.0	0.0
MDK	19949.5467	1.6758	0.0538	0.0	0.0
MDM1	89.0058	-1.6244	0.3672	0.0	0.0
MDM2	1192.5763	-1.0982	0.1258	0.0	0.0
ME3	93.4698	1.335	0.358	0.0001	0.0002
MEA1	1981.2527	1.1719	0.0854	0.0	0.0
MEAF6	489.9894	-1.3416	0.1665	0.0	0.0
MECOM	1531.6302	-1.3112	0.1	0.0	0.0
MED1	1194.011	-1.0653	0.1108	0.0	0.0
MED10	180.1121	-2.0092	0.2737	0.0	0.0
MED13	982.3802	-1.2618	0.1184	0.0	0.0
MED13L	675.2022	-1.4848	0.1605	0.0	0.0
MED15	479.3499	-2.3272	0.1737	0.0	0.0
MED17	338.1919	-1.7278	0.2001	0.0	0.0
MED18	181.6115	-1.0514	0.2525	0.0	0.0
MED21	229.6976	-1.7819	0.2364	0.0	0.0
MED22	922.894	-1.0292	0.1197	0.0	0.0
MED23	279.9716	-1.6484	0.2148	0.0	0.0
MED24	2076.1042	1.0504	0.0841	0.0	0.0
MED26	864.455	2.2962	0.1308	0.0	0.0
MED27	317.6416	-1.0266	0.2021	0.0	0.0
MED29	706.076	-1.5933	0.1392	0.0	0.0
MED31	76.9794	-1.1399	0.3835	0.0017	0.0032
MED4	504.9057	-2.228	0.1678	0.0	0.0
MED6	321.7779	-1.3648	0.195	0.0	0.0
MED7	205.4758	1.2628	0.2344	0.0	0.0
MED8	338.0415	-1.8157	0.1973	0.0	0.0
MEF2A	450.5438	-1.7337	0.1766	0.0	0.0
MEF2C	162.7308	-1.1349	0.2681	0.0	0.0
MEF2D	274.8082	-2.2684	0.2429	0.0	0.0
MEGF8	2372.263	1.1438	0.0816	0.0	0.0
MEIS1	28.0358	-2.5915	0.7399	0.0	0.0
MEIS2	221.2373	-2.0441	0.2457	0.0	0.0
MELK	1125.6162	-1.055	0.1166	0.0	0.0
MEOX1	172.8101	-2.104	0.2876	0.0	0.0
MERTK	263.4564	-1.1845	0.2227	0.0	0.0
MESDC1	2421.1546	1.4692	0.0804	0.0	0.0
MESDC2	2118.9221	1.062	0.0828	0.0	0.0
MESP1	15.622	-1.9038	0.8329	0.0026	0.0049
MEST	37.7002	1.1128	0.5051	0.0151	0.0255
METRN	724.1448	1.6548	0.132	0.0	0.0
METRNL	14.5017	-1.6042	0.8266	0.0105	0.0181
METTL1	241.1516	-1.7847	0.2301	0.0	0.0
METTL12	91.2333	1.3428	0.3579	0.0001	0.0002
METTL13	797.433	-1.5559	0.1293	0.0	0.0
METTL14	195.7635	-1.4191	0.2497	0.0	0.0
METTL15	161.3225	-1.2228	0.3095	0.0	0.0001
METTL21B	67.7535	-2.5686	0.4614	0.0	0.0
METTL23	209.3238	-1.1145	0.2438	0.0	0.0
METTL2A	221.1029	-1.9969	0.2439	0.0	0.0
METTL2B	296.5251	-1.4223	0.2114	0.0	0.0
METTL3	334.7961	-1.7808	0.2019	0.0	0.0
METTL4	169.6542	-1.0176	0.2604	0.0001	0.0001
METTL8	190.2298	-1.3976	0.2831	0.0	0.0
METTL9	2074.0589	1.2004	0.0905	0.0	0.0
MEX3A	1785.5754	1.4355	0.0903	0.0	0.0
MEX3C	1668.6672	1.0022	0.0928	0.0	0.0
MFAP2	1733.2661	1.3261	0.1061	0.0	0.0
MFAP3	601.1738	-1.4718	0.1495	0.0	0.0
MFAP3L	232.5178	-2.6044	0.2545	0.0	0.0
MFAP5	1182.3634	1.369	0.105	0.0	0.0
MFGE8	3223.4005	1.6979	0.0715	0.0	0.0
MFHAS1	4189.9543	1.5	0.0662	0.0	0.0
MFI2	42.8695	1.0206	0.4733	0.0188	0.0313
MFSD1	588.9769	1.2483	0.1433	0.0	0.0
MFSD10	1738.1369	1.3991	0.0902	0.0	0.0
MFSD11	397.317	1.2404	0.176	0.0	0.0
MFSD2A	50.7775	-3.1763	0.6172	0.0	0.0
MFSD9	119.4926	-1.8288	0.3278	0.0	0.0
MGA	633.6931	-1.7934	0.1451	0.0	0.0
MGAT1	4472.3808	1.0347	0.0773	0.0	0.0
MGAT2	3220.4258	1.6265	0.0781	0.0	0.0
MGAT4B	5821.4932	1.254	0.0613	0.0	0.0
MGAT5B	376.8092	1.1046	0.1754	0.0	0.0
MGC12916	9.9486	1.4163	0.8723	0.0258	0.0421
MGC16025	5.908	1.5569	1.1478	0.0107	0.0185
MGC16275	20.7028	1.8219	0.688	0.0014	0.0028
MGC27345	88.5835	-2.9926	0.4369	0.0	0.0
MGC57346	86.2759	-3.0029	0.4388	0.0	0.0
MGC72080	162.2161	1.3455	0.2695	0.0	0.0
MGEA5	1048.0753	-1.0789	0.1124	0.0	0.0
MGMT	698.4458	1.2886	0.1374	0.0	0.0
MGP	85.4298	1.4338	0.3528	0.0	0.0
MGST1	609.5802	1.2731	0.1486	0.0	0.0
MGST3	430.5527	1.3147	0.169	0.0	0.0
MIA3	389.4722	-1.7952	0.1959	0.0	0.0
MICAL3	1013.5128	-1.8826	0.1209	0.0	0.0
MIDN	4191.8884	1.6163	0.0678	0.0	0.0
MIEF1	3267.9792	1.2245	0.074	0.0	0.0
MIEF2	116.6409	-2.1273	0.3418	0.0	0.0
MIEN1	783.1462	1.0505	0.1305	0.0	0.0
MIER1	576.6805	-1.0939	0.1581	0.0	0.0
MIER2	276.8932	-2.4995	0.2289	0.0	0.0
MIF	13817.8396	1.6693	0.0494	0.0	0.0
MIF4GD	302.4807	1.1221	0.2015	0.0	0.0
MIIP	300.3382	-1.8147	0.2135	0.0	0.0
MINA	541.0166	-1.364	0.1579	0.0	0.0
MINK1	1035.9489	-1.5154	0.1188	0.0	0.0
MINOS1	2044.774	1.1144	0.0868	0.0	0.0
MIOS	219.1844	-1.9111	0.2753	0.0	0.0
MIPEP	658.8378	1.0942	0.1366	0.0	0.0
MIPEPP3	28.2691	-2.5728	0.7376	0.0	0.0
MIPOL1	75.0173	-1.0898	0.3923	0.0032	0.006
MIR4458HG	140.6653	2.4204	0.3238	0.0	0.0
MIS12	479.0083	1.2972	0.1605	0.0	0.0
MIS18BP1	285.0106	-2.6433	0.2294	0.0	0.0
MIXL1	4.6709	-1.4809	1.1717	0.0123	0.021
MKL1	677.3476	-2.6969	0.1527	0.0	0.0
MKL2	356.2238	-2.9797	0.2339	0.0	0.0
MKLN1	652.6837	-1.9717	0.1479	0.0	0.0
MKLN1-AS	21.4527	1.5049	0.6708	0.0074	0.013
MKRN2	402.264	-1.8145	0.1974	0.0	0.0
MKS1	75.4113	-1.1637	0.3856	0.0014	0.0027
MLEC	11823.0622	1.1635	0.0499	0.0	0.0
MLH3	233.2141	-2.4245	0.2569	0.0	0.0
MLKL	58.0871	-1.0999	0.43	0.0061	0.0108
MLLT3	85.189	-1.2088	0.3612	0.0004	0.0009
MLX	447.4889	-1.9067	0.1777	0.0	0.0
MLYCD	84.2018	-2.7551	0.4259	0.0	0.0
MMAA	26.0008	-2.6734	0.78	0.0	0.0
MME	320.0311	1.5112	0.1899	0.0	0.0
MMEL1	95.8377	-1.0022	0.3372	0.0019	0.0036
MMP1	27.0112	1.488	0.5952	0.0041	0.0075
MMP14	6433.1122	1.3131	0.0585	0.0	0.0
MMP15	1794.6451	1.0664	0.1061	0.0	0.0
MMP2	126.6216	1.63	0.3002	0.0	0.0
MMP24	944.2079	1.3319	0.1252	0.0	0.0
MMP24-AS1	417.8546	1.3269	0.1875	0.0	0.0
MMP25	3.3607	1.368	1.1996	0.015	0.0254
MMS22L	464.4004	-1.1539	0.1717	0.0	0.0
MND1	203.9981	-2.3288	0.2618	0.0	0.0
MOB1B	240.8126	-2.8483	0.2679	0.0	0.0
MOB2	107.0725	-2.4422	0.366	0.0	0.0
MOB3A	405.449	-2.4896	0.1949	0.0	0.0
MOCS1	102.7299	-1.642	0.3433	0.0	0.0
MOCS3	1127.7164	2.9984	0.1187	0.0	0.0
MON1A	151.4612	-1.318	0.2807	0.0	0.0
MORC2	717.1009	-1.0701	0.1332	0.0	0.0
MORC3	229.7373	-1.8333	0.2373	0.0	0.0
MORN2	82.6855	1.1975	0.3578	0.0004	0.0009
MORN4	35.7062	-2.2297	0.6353	0.0	0.0001
MOSPD1	46.8189	-2.5561	0.5568	0.0	0.0
MOSPD2	90.0456	-1.6144	0.3835	0.0	0.0
MOXD1	404.442	1.2787	0.2002	0.0	0.0
MPDU1	1510.5865	1.1538	0.0958	0.0	0.0
MPHOSPH10	435.9709	-2.241	0.1803	0.0	0.0
MPHOSPH9	458.1376	-1.6956	0.1723	0.0	0.0
MPND	356.9826	1.0203	0.1788	0.0	0.0
MPP5	463.3574	-2.0538	0.1782	0.0	0.0
MPP6	276.6669	-1.0295	0.2138	0.0	0.0
MPV17	718.3132	1.389	0.1366	0.0	0.0
MR1	24.3288	1.3404	0.6242	0.0123	0.0211
MRAS	726.891	-1.0097	0.132	0.0	0.0
MRC2	1480.3062	1.3657	0.1154	0.0	0.0
MRFAP1	12001.1959	1.377	0.05	0.0	0.0
MRM1	123.0392	-1.8278	0.3329	0.0	0.0
MRP63	1647.9673	1.1712	0.0992	0.0	0.0
MRPL11	1993.7185	1.3878	0.0869	0.0	0.0
MRPL2	345.5265	-1.1406	0.1887	0.0	0.0
MRPL20	2198.7528	1.0865	0.0864	0.0	0.0
MRPL23	1412.8034	1.3383	0.1001	0.0	0.0
MRPL24	1615.8482	1.3044	0.0917	0.0	0.0
MRPL33	634.7104	1.1695	0.1377	0.0	0.0
MRPL36	635.8626	1.2412	0.153	0.0	0.0
MRPL39	290.9285	-1.0434	0.2019	0.0	0.0
MRPL40	643.7356	1.1675	0.1375	0.0	0.0
MRPL41	1565.4268	1.165	0.0935	0.0	0.0
MRPL46	195.2691	-1.7848	0.2571	0.0	0.0
MRPL48	524.0968	1.0242	0.1557	0.0	0.0
MRPL49	770.5397	-1.734	0.1354	0.0	0.0
MRPL50	812.231	1.4457	0.1249	0.0	0.0
MRPL51	3190.48	1.3052	0.0736	0.0	0.0
MRPL52	1429.5036	1.0858	0.0993	0.0	0.0
MRPL53	937.4991	1.3081	0.1155	0.0	0.0
MRPL54	640.3627	1.2062	0.1387	0.0	0.0
MRPS10	468.6386	-1.3017	0.1678	0.0	0.0
MRPS21	495.9759	1.0514	0.1627	0.0	0.0
MRPS22	275.5582	-1.2402	0.2156	0.0	0.0
MRPS24	1660.544	1.1314	0.0908	0.0	0.0
MRPS25	1051.2624	1.1481	0.1096	0.0	0.0
MRPS26	851.1375	-1.1207	0.1295	0.0	0.0
MRPS31	133.1943	-2.1849	0.3161	0.0	0.0
MRPS34	3327.0591	1.0146	0.0702	0.0	0.0
MSANTD2	130.1713	-1.0072	0.3408	0.002	0.0038
MSANTD4	558.5769	1.0332	0.1488	0.0	0.0
MSH6	1852.2001	-1.6862	0.0929	0.0	0.0
MSI1	57.2705	-1.4886	0.4504	0.0004	0.0007
MSL2	2251.9589	2.6326	0.0858	0.0	0.0
MSLN	677.0777	1.3704	0.1367	0.0	0.0
MSN	7318.0981	1.1507	0.0557	0.0	0.0
MSRB2	219.5311	1.3367	0.2312	0.0	0.0
MSX1	21238.8542	1.3869	0.0547	0.0	0.0
MT1A	71.599	1.1725	0.3788	0.0011	0.0021
MT1G	331.286	1.1338	0.1869	0.0	0.0
MT1L	13.1749	1.377	0.7812	0.024	0.0394
MT2A	1307.1047	1.4891	0.1046	0.0	0.0
MTA2	2590.7178	-1.0105	0.0827	0.0	0.0
MTBP	136.9976	-2.8207	0.3393	0.0	0.0
MTERF	65.1289	-1.9682	0.4358	0.0	0.0
MTERFD1	186.4873	-3.1452	0.3134	0.0	0.0
MTF2	661.3856	-1.2666	0.1434	0.0	0.0
MTFMT	212.2537	-1.1754	0.2369	0.0	0.0
MTG2	374.3096	-1.8814	0.1892	0.0	0.0
MTHFD1	6851.5177	1.0372	0.0598	0.0	0.0
MTHFR	168.5975	-2.3322	0.2885	0.0	0.0
MTHFSD	123.5987	-2.1372	0.3473	0.0	0.0
MTM1	64.4904	-1.9135	0.4374	0.0	0.0
MTMR1	621.5771	-1.0455	0.1432	0.0	0.0
MTMR12	480.9056	-1.8615	0.1715	0.0	0.0
MTMR3	456.0599	-2.0448	0.1744	0.0	0.0
MTMR4	582.2288	-1.6076	0.1499	0.0	0.0
MTMR6	551.945	-1.7876	0.1647	0.0	0.0
MTMR9	292.795	-1.5562	0.2088	0.0	0.0
MTPN	2047.4441	1.1644	0.0876	0.0	0.0
MTRF1	21.9658	-1.6683	0.6925	0.0036	0.0067
MTRNR2L2	5.0314	1.8464	1.2218	0.0025	0.0047
MTRNR2L4	3.0073	1.2382	1.198	0.0236	0.0387
MTX3	266.6182	-2.7954	0.2445	0.0	0.0
MUC1	387.8621	1.1213	0.1881	0.0	0.0
MUS81	528.0025	-2.2375	0.1646	0.0	0.0
MVB12A	494.016	1.2999	0.155	0.0	0.0
MVB12B	209.5041	-2.0434	0.3006	0.0	0.0
MVK	89.0187	-2.6613	0.4038	0.0	0.0
MXD1	133.1117	-1.3372	0.3063	0.0	0.0
MXD3	588.04	1.0324	0.1464	0.0	0.0
MXRA5	11897.7459	1.0568	0.0677	0.0	0.0
MXRA7	2276.6936	1.2494	0.0802	0.0	0.0
MYADM	6169.2333	1.9381	0.1635	0.0	0.0
MYADML2	7.5172	1.5326	0.9697	0.0179	0.0298
MYBL1	93.975	-1.821	0.3891	0.0	0.0
MYC	5067.8959	2.6876	0.1622	0.0	0.0
MYCL	950.109	1.4241	0.1167	0.0	0.0
MYCN	90.5643	1.7679	0.3586	0.0	0.0
MYEOV2	1133.7946	1.4489	0.1101	0.0	0.0
MYL12A	9516.9279	1.1609	0.0652	0.0	0.0
MYL12B	13994.951	1.5339	0.0563	0.0	0.0
MYL6	23072.6892	1.4528	0.0532	0.0	0.0
MYL6B	1282.2243	1.1964	0.1011	0.0	0.0
MYL9	16059.6539	1.4799	0.0549	0.0	0.0
MYLPF	62.801	1.2419	0.4093	0.0012	0.0024
MYNN	239.7708	-1.0821	0.2381	0.0	0.0
MYO10	521.9007	-1.0917	0.1539	0.0	0.0
MYO1E	728.6711	-1.0003	0.1483	0.0	0.0
MYO5C	1432.9226	1.1293	0.0963	0.0	0.0
MYO9A	389.2215	-1.7576	0.1821	0.0	0.0
MYOF	11636.9375	1.1339	0.0567	0.0	0.0
MYPOP	127.09	-2.531	0.3491	0.0	0.0
MYSM1	215.424	-2.2384	0.2598	0.0	0.0
MYZAP	16.9546	-2.2804	0.9196	0.0006	0.0011
MZF1	119.8162	-1.0484	0.3089	0.0004	0.0009
MZT2A	1643.1269	1.5642	0.0928	0.0	0.0
MZT2B	5499.0691	1.6777	0.0622	0.0	0.0
N4BP1	330.1581	-1.6748	0.2168	0.0	0.0
N4BP2	608.9665	-2.1146	0.1519	0.0	0.0
N4BP2L2	301.5919	-1.1495	0.2003	0.0	0.0
NAA15	1664.3847	-1.4414	0.0985	0.0	0.0
NAA25	766.2973	-1.7051	0.1371	0.0	0.0
NAA30	436.9058	-1.8033	0.1738	0.0	0.0
NAA35	420.8139	-1.2613	0.1707	0.0	0.0
NAA38	1203.9311	1.3408	0.1058	0.0	0.0
NAA40	757.6357	-2.0816	0.1488	0.0	0.0
NAAA	419.1585	1.6278	0.1779	0.0	0.0
NABP1	510.0381	1.487	0.1553	0.0	0.0
NACC2	1073.4489	-2.3117	0.1219	0.0	0.0
NADK2	470.0837	-1.0783	0.1627	0.0	0.0
NAF1	239.6097	-1.1173	0.2403	0.0	0.0
NAGA	1200.4917	1.1167	0.1047	0.0	0.0
NAGS	20.8746	-1.5701	0.7017	0.0066	0.0117
NAMPT	777.6737	-1.2409	0.1298	0.0	0.0
NANP	153.4965	-1.5328	0.2841	0.0	0.0
NAPB	58.8286	-1.4234	0.4333	0.0004	0.0008
NAPEPLD	223.9789	-2.0239	0.2421	0.0	0.0
NAPG	176.5867	-1.849	0.2782	0.0	0.0
NAPRT1	1101.1099	1.0489	0.1092	0.0	0.0
NARFL	215.6111	-2.6382	0.2649	0.0	0.0
NARR	81.1632	1.5673	0.4176	0.0001	0.0001
NAT10	1493.4256	-1.7182	0.101	0.0	0.0
NAT8L	510.0258	-1.5932	0.1601	0.0	0.0
NAT9	189.7336	-1.8495	0.2603	0.0	0.0
NAV2	11.2425	-1.6642	0.9096	0.01	0.0173
NBEA	172.0573	-1.1893	0.2685	0.0	0.0
NBL1	723.5111	1.5315	0.1319	0.0	0.0
NBPF1	171.3063	-2.1652	0.2835	0.0	0.0
NBPF11	110.9724	-1.4607	0.3429	0.0	0.0
NBPF12	120.2904	-1.3595	0.3171	0.0	0.0
NBPF15	181.4995	-1.5716	0.2752	0.0	0.0
NBPF8	152.2087	-1.2452	0.2979	0.0	0.0
NBPF9	219.6985	-1.456	0.2363	0.0	0.0
NCAPG	1463.187	-1.8118	0.1002	0.0	0.0
NCAPH	844.2266	-2.3076	0.1386	0.0	0.0
NCBP2-AS2	1097.2945	2.2677	0.112	0.0	0.0
NCDN	489.5935	-1.4747	0.1615	0.0	0.0
NCKAP5L	262.895	-1.8052	0.2251	0.0	0.0
NCKIPSD	340.9193	-2.3244	0.2057	0.0	0.0
NCL	32175.9194	1.0035	0.0516	0.0	0.0
NCOA2	298.6908	-2.8793	0.2376	0.0	0.0
NCOA3	608.3029	-2.1698	0.1539	0.0	0.0
NCOA5	600.5362	-3.3982	0.1791	0.0	0.0
NCOA6	715.4695	-1.7278	0.1504	0.0	0.0
NCR3LG1	245.7593	-1.0959	0.2325	0.0	0.0
NCSTN	3233.237	1.3809	0.0717	0.0	0.0
NDC80	494.6416	-3.3452	0.1975	0.0	0.0
NDE1	532.6088	-1.04	0.1611	0.0	0.0
NDEL1	272.0096	-2.9489	0.2478	0.0	0.0
NDRG4	61.9248	-1.2219	0.4254	0.0021	0.0039
NDST2	277.6914	-2.3843	0.2384	0.0	0.0
NDUFA1	1070.1886	1.5531	0.1117	0.0	0.0
NDUFA10	2172.2944	1.1872	0.082	0.0	0.0
NDUFA11	2977.8375	1.37	0.0731	0.0	0.0
NDUFA13	3394.1732	1.582	0.0706	0.0	0.0
NDUFA2	999.9342	1.4162	0.113	0.0	0.0
NDUFA3	664.2216	1.3951	0.1462	0.0	0.0
NDUFA4	2631.4029	1.4413	0.0805	0.0	0.0
NDUFA6-AS1	5.5728	-1.6889	1.1757	0.0057	0.0102
NDUFA7	578.8471	1.2342	0.1454	0.0	0.0
NDUFAB1	1564.9938	1.0932	0.0931	0.0	0.0
NDUFAF2	521.2169	1.0407	0.1539	0.0	0.0
NDUFAF3	1949.8276	1.2627	0.0903	0.0	0.0
NDUFB1	569.1543	1.3089	0.1509	0.0	0.0
NDUFB10	1777.3674	1.1008	0.0885	0.0	0.0
NDUFB11	2338.0001	1.5276	0.0854	0.0	0.0
NDUFB2	2581.225	1.5371	0.077	0.0	0.0
NDUFB3	1097.012	1.579	0.1192	0.0	0.0
NDUFB4	1583.0509	1.0341	0.0933	0.0	0.0
NDUFB5	1079.2656	1.1516	0.1136	0.0	0.0
NDUFB6	991.2966	1.2383	0.1146	0.0	0.0
NDUFB7	1464.5859	1.2861	0.0996	0.0	0.0
NDUFB8	3481.1173	1.4321	0.0706	0.0	0.0
NDUFB9	1744.1601	1.1772	0.0905	0.0	0.0
NDUFC1	821.768	1.4584	0.1306	0.0	0.0
NDUFC2	1629.4937	1.5968	0.096	0.0	0.0
NDUFS5	3279.8877	1.5336	0.0709	0.0	0.0
NDUFS6	2033.2641	1.3695	0.0862	0.0	0.0
NDUFS7	1392.1204	1.249	0.0981	0.0	0.0
NDUFS8	2214.0209	1.0854	0.081	0.0	0.0
NDUFV1	3435.8847	1.2662	0.0695	0.0	0.0
NECAB3	173.832	-1.6587	0.2735	0.0	0.0
NECAP1	185.0848	-1.8776	0.2633	0.0	0.0
NEDD1	308.9157	-1.462	0.2009	0.0	0.0
NEDD4	388.773	-1.3262	0.1845	0.0	0.0
NEDD8	2192.3362	1.406	0.0822	0.0	0.0
NEIL3	174.2174	-3.3069	0.329	0.0	0.0
NEK2	686.3231	-1.1746	0.1372	0.0	0.0
NEK3	140.5583	-1.6464	0.2935	0.0	0.0
NEK8	46.8912	-1.2377	0.4831	0.0051	0.0091
NELFA	501.2538	-2.835	0.1792	0.0	0.0
NELFCD	2003.6396	1.1144	0.0846	0.0	0.0
NELL2	2293.4974	1.4478	0.0849	0.0	0.0
NENF	906.5533	1.4819	0.1177	0.0	0.0
NEU1	1518.2648	1.2408	0.0966	0.0	0.0
NEU3	73.9748	-2.3685	0.4481	0.0	0.0
NEURL1B	88.2725	-4.6992	0.7752	0.0	0.0
NEURL4	534.8445	-1.5457	0.157	0.0	0.0
NFATC2	137.6205	-2.3162	0.3172	0.0	0.0
NFE2L3	301.494	1.8341	0.1988	0.0	0.0
NFIB	55.5013	-1.9778	0.4733	0.0	0.0
NFIC	800.1145	-1.6792	0.148	0.0	0.0
NFKB1	759.7685	-1.9009	0.1368	0.0	0.0
NFKB2	1009.3697	-2.1423	0.1267	0.0	0.0
NFKBIA	3409.3412	1.7854	0.073	0.0	0.0
NFKBID	37.3574	-1.5973	0.5414	0.0009	0.0019
NFKBIE	668.982	-1.3473	0.1427	0.0	0.0
NFRKB	691.7928	-2.0075	0.143	0.0	0.0
NFX1	462.7422	-3.1246	0.1948	0.0	0.0
NFXL1	247.2492	-2.3071	0.2408	0.0	0.0
NFYC-AS1	91.0102	3.0001	0.3843	0.0	0.0
NGDN	284.934	-3.1537	0.2373	0.0	0.0
NGFRAP1	3919.8553	1.3198	0.0672	0.0	0.0
NGRN	4679.7524	1.4737	0.0642	0.0	0.0
NHLRC1	18.1143	1.6422	0.7217	0.0052	0.0093
NHLRC2	399.8548	-1.1231	0.1816	0.0	0.0
NHP2	3602.3528	1.3537	0.0693	0.0	0.0
NHP2L1	4913.6378	1.489	0.0656	0.0	0.0
NHS	320.5132	-1.7483	0.2	0.0	0.0
NHSL1	403.7873	-1.8794	0.1905	0.0	0.0
NID1	859.935	1.3527	0.1223	0.0	0.0
NIF3L1	398.0044	-2.3446	0.1889	0.0	0.0
NIFK	454.4664	-2.439	0.1819	0.0	0.0
NIFK-AS1	88.5936	2.4498	0.3705	0.0	0.0
NIPA1	443.0483	-1.9316	0.1797	0.0	0.0
NIPAL1	174.5281	-3.0949	0.3115	0.0	0.0
NIPAL3	166.0427	-1.2134	0.2698	0.0	0.0
NIPBL	879.9495	-1.9731	0.1284	0.0	0.0
NIT2	790.0948	1.0913	0.1296	0.0	0.0
NKAP	166.8252	-1.1188	0.2654	0.0	0.0
NKD2	34.3245	-1.4866	0.5704	0.0031	0.0057
NKIRAS1	70.1113	-1.3947	0.4053	0.0002	0.0005
NKIRAS2	1155.6869	1.1611	0.1075	0.0	0.0
NKX6-3	25.4969	-2.5503	0.7822	0.0	0.0001
NLE1	532.132	-1.2779	0.1544	0.0	0.0
NLK	229.2281	-2.0295	0.2506	0.0	0.0
NLRX1	309.4563	-1.2277	0.207	0.0	0.0
NMB	278.5442	1.4531	0.2146	0.0	0.0
NMD3	599.4681	-1.444	0.1516	0.0	0.0
NME1	8455.9308	1.3781	0.0653	0.0	0.0
NME1-NME2	449.9027	1.3132	0.1924	0.0	0.0
NME2	14786.1584	1.5333	0.0516	0.0	0.0
NME4	2428.4235	1.4589	0.0788	0.0	0.0
NME6	244.7396	-1.1909	0.2216	0.0	0.0
NMNAT1	149.3416	-1.484	0.3087	0.0	0.0
NMRK2	11.9537	1.5596	0.8151	0.0123	0.021
NMU	127.3524	1.2198	0.299	0.0	0.0001
NNAT	18.6596	1.6548	0.6982	0.0041	0.0075
NNT	1912.0613	1.0378	0.0871	0.0	0.0
NNT-AS1	35.3762	-2.5584	0.6426	0.0	0.0
NOB1	971.7684	-2.1235	0.1282	0.0	0.0
NOC2L	5242.126	1.0707	0.0635	0.0	0.0
NOC3L	596.2227	-2.6957	0.1755	0.0	0.0
NOD1	50.3055	-1.1532	0.4674	0.0073	0.0129
NOG	6.7609	1.6414	1.0672	0.0105	0.0181
NOL11	904.8693	-1.9146	0.1356	0.0	0.0
NOL8	566.4312	-1.2019	0.1487	0.0	0.0
NOL9	762.8724	-1.6235	0.1321	0.0	0.0
NOMO1	6243.0038	1.3705	0.0582	0.0	0.0
NOMO2	4738.4199	1.4513	0.068	0.0	0.0
NOMO3	1655.6029	1.3785	0.1093	0.0	0.0
NOP10	1595.2495	1.1296	0.0959	0.0	0.0
NOP14-AS1	246.8814	2.4392	0.2312	0.0	0.0
NOP16	498.4432	-2.3162	0.1812	0.0	0.0
NOP2	1449.0555	-1.5156	0.1044	0.0	0.0
NOTCH1	978.3222	-2.1039	0.1255	0.0	0.0
NOTUM	98.1117	1.6277	0.3389	0.0	0.0
NPC2	1246.9937	1.3852	0.1035	0.0	0.0
NPDC1	1195.3748	1.1211	0.106	0.0	0.0
NPFF	4.0513	-1.3454	1.1684	0.0201	0.0334
NPIPA3	8.0972	2.4744	1.3061	0.0002	0.0004
NPIPA5	73.5963	-1.02	0.3817	0.0048	0.0086
NPIPB6	22.818	2.9495	0.8215	0.0	0.0
NPLOC4	1764.682	-1.2987	0.0953	0.0	0.0
NPM1	33658.9372	1.0193	0.0568	0.0	0.0
NPM3	1404.7275	1.426	0.0993	0.0	0.0
NPNT	1037.3865	1.3794	0.1121	0.0	0.0
NPR1	196.1366	1.1904	0.2419	0.0	0.0
NPTN	3387.2785	1.1882	0.0752	0.0	0.0
NPTN-IT1	4.0277	1.5535	1.2069	0.0076	0.0134
NPTX1	39.3203	1.3105	0.4994	0.0039	0.0071
NPTXR	70.4292	1.0373	0.3859	0.0045	0.0081
NPW	200.9642	1.8065	0.2457	0.0	0.0
NQO1	6608.1321	1.2678	0.0614	0.0	0.0
NR1D2	275.2985	-1.9159	0.2377	0.0	0.0
NR2C2	401.194	-2.6283	0.1962	0.0	0.0
NR2C2AP	235.5591	-1.3582	0.2268	0.0	0.0
NR2F2	13176.3182	1.667	0.0503	0.0	0.0
NR4A1	419.4229	2.3705	0.1854	0.0	0.0
NR4A3	80.5768	2.7021	0.3859	0.0	0.0
NR6A1	61.2761	-2.6352	0.4881	0.0	0.0
NRBF2	521.2505	1.5086	0.1593	0.0	0.0
NRCAM	730.132	1.0769	0.1398	0.0	0.0
NRDE2	116.2414	-2.5593	0.3663	0.0	0.0
NRF1	267.4556	-2.0834	0.239	0.0	0.0
NRGN	604.8855	1.209	0.1447	0.0	0.0
NRIP1	1550.537	1.0271	0.094	0.0	0.0
NRIP2	6.564	-1.883	1.1848	0.0027	0.005
NRN1	96.5909	-1.2087	0.3416	0.0002	0.0004
NRROS	218.8684	-2.5697	0.2636	0.0	0.0
NS3BP	63.9174	2.2443	0.4241	0.0	0.0
NSA2	1882.2482	1.0443	0.0926	0.0	0.0
NSMCE1	785.8182	1.0443	0.1252	0.0	0.0
NSRP1	388.2682	-1.2719	0.1777	0.0	0.0
NSUN3	39.1949	-1.5149	0.5519	0.002	0.0038
NSUN4	317.2715	-2.4484	0.2159	0.0	0.0
NSUN5	307.5074	-2.5954	0.2282	0.0	0.0
NSUN6	64.2202	-1.9123	0.4382	0.0	0.0
NSUN7	44.5523	-1.0229	0.477	0.0193	0.0321
NT5C3A	229.6342	-1.1128	0.2396	0.0	0.0
NT5C3B	2619.3874	1.1673	0.0805	0.0	0.0
NT5DC2	5365.42	1.5159	0.061	0.0	0.0
NT5DC3	180.8062	-1.0318	0.2549	0.0	0.0001
NT5E	2310.821	1.4347	0.0821	0.0	0.0
NTAN1	581.0764	1.1537	0.144	0.0	0.0
NTS	118.3887	1.219	0.309	0.0	0.0001
NUAK1	6804.9402	1.3458	0.075	0.0	0.0
NUAK2	2299.9974	2.4786	0.0861	0.0	0.0
NUCB1	4691.152	1.4022	0.0736	0.0	0.0
NUCB2	950.2874	1.3293	0.1184	0.0	0.0
NUDCD3	775.5608	-1.5954	0.135	0.0	0.0
NUDT1	592.8147	1.467	0.1451	0.0	0.0
NUDT12	119.629	-2.439	0.3438	0.0	0.0
NUDT14	296.0153	1.5409	0.2004	0.0	0.0
NUDT18	37.9808	-2.1198	0.5757	0.0	0.0001
NUDT19	193.9119	-1.8015	0.2553	0.0	0.0
NUDT4	2562.1597	-1.7394	0.0922	0.0	0.0
NUDT4P1	36.6268	-1.7822	0.5957	0.0006	0.0012
NUFIP1	264.0463	-1.6554	0.256	0.0	0.0
NUFIP2	3534.9677	1.0719	0.0706	0.0	0.0
NUMB	559.3951	-1.3445	0.156	0.0	0.0
NUMBL	445.3577	-2.006	0.1864	0.0	0.0
NUP153	1797.9459	-1.7702	0.096	0.0	0.0
NUP210	8063.0431	1.302	0.0569	0.0	0.0
NUP214	692.9489	-1.667	0.1389	0.0	0.0
NUP35	267.9648	-2.2356	0.2343	0.0	0.0
NUP43	811.3831	-1.5253	0.1423	0.0	0.0
NUP50	1805.1617	-1.2879	0.1008	0.0	0.0
NUP54	567.8895	-1.9454	0.1552	0.0	0.0
NUP62	1772.9177	-1.1644	0.1045	0.0	0.0
NUPL1	1134.9065	-2.3349	0.1194	0.0	0.0
NUPL2	267.8018	-1.1113	0.2275	0.0	0.0
NUTF2	3528.0069	1.1639	0.0686	0.0	0.0
NXF1	916.1494	-1.8184	0.128	0.0	0.0
NXT2	171.3569	1.1278	0.2523	0.0	0.0
NYAP1	24.6888	-2.2023	0.7136	0.0002	0.0004
NYX	293.4217	2.988	0.2201	0.0	0.0
OAF	321.3299	1.6053	0.1922	0.0	0.0
OAT	2556.7688	1.0918	0.0879	0.0	0.0
OAZ1	12801.5252	1.3806	0.05	0.0	0.0
OBSCN	104.5653	-1.4652	0.3391	0.0	0.0
OBSL1	3883.1235	1.1103	0.0684	0.0	0.0
OCIAD2	861.6324	1.193	0.1211	0.0	0.0
ODC1	10927.012	1.0193	0.0585	0.0	0.0
ODF2L	59.4714	-2.0497	0.4606	0.0	0.0
ODF3B	12.1873	1.4584	0.8018	0.0182	0.0304
OFD1	143.3168	-1.4893	0.2955	0.0	0.0
OGFOD3	1241.2469	1.3593	0.1078	0.0	0.0
OGFR	460.4037	-1.227	0.1645	0.0	0.0
OGT	1172.9983	-1.4608	0.1093	0.0	0.0
OLFM2	1149.3396	1.4443	0.112	0.0	0.0
OLFML1	920.6045	1.0589	0.1337	0.0	0.0
OLFML2A	33.5714	1.084	0.5311	0.0228	0.0376
OLFML2B	582.2296	1.3626	0.1468	0.0	0.0
OPA3	317.0628	-1.5531	0.2008	0.0	0.0
OPHN1	246.5096	-1.8424	0.2315	0.0	0.0
ORAI1	368.1769	-1.6895	0.1879	0.0	0.0
ORAI3	43.5998	-1.401	0.5068	0.0023	0.0043
ORAOV1	194.4806	-2.3533	0.2676	0.0	0.0
ORC1	544.502	-1.2622	0.1519	0.0	0.0
ORC2	425.6613	-2.8	0.1962	0.0	0.0
ORC4	368.7615	-2.3107	0.1991	0.0	0.0
ORC5	196.8113	-1.25	0.2486	0.0	0.0
ORC6	422.1194	-2.3955	0.1865	0.0	0.0
OS9	2965.7471	1.3587	0.0738	0.0	0.0
OSBP	829.3989	-1.6542	0.1293	0.0	0.0
OSBPL10	543.4803	-1.1486	0.1589	0.0	0.0
OSBPL3	257.2228	-1.602	0.2271	0.0	0.0
OSBPL5	65.7074	-2.1341	0.4446	0.0	0.0
OSBPL7	21.5919	-1.7444	0.7041	0.0026	0.0049
OSER1	1180.0972	1.8309	0.1076	0.0	0.0
OSGEP	602.8215	1.1369	0.1417	0.0	0.0
OSGEPL1	108.2684	-2.8159	0.377	0.0	0.0
OSGIN1	143.6985	-4.0731	0.416	0.0	0.0
OSGIN2	1218.6748	-1.0999	0.1201	0.0	0.0
OST4	2032.7698	1.6031	0.0846	0.0	0.0
OSTC	2256.4489	1.1804	0.0811	0.0	0.0
OSTM1	1226.4475	1.4523	0.1251	0.0	0.0
OTUD1	64.7684	-1.1639	0.4254	0.0034	0.0062
OTUD3	329.0417	-1.8723	0.2246	0.0	0.0
OTUD7B	438.2733	-1.9012	0.1788	0.0	0.0
OVCA2	1154.4735	1.2185	0.1059	0.0	0.0
OVGP1	23.3316	3.3455	0.8721	0.0	0.0
OXCT1	1302.7287	1.4638	0.1052	0.0	0.0
OXER1	15.7382	-1.4558	0.787	0.0175	0.0293
OXNAD1	114.1255	-1.6568	0.3265	0.0	0.0
OXR1	141.2847	-1.5847	0.2924	0.0	0.0
OXSM	133.5012	-1.1265	0.2912	0.0001	0.0001
P2RX5-TAX1BP3	795.4132	1.7308	0.1308	0.0	0.0
P2RY11	168.546	1.2967	0.2562	0.0	0.0
P2RY2	33.487	-1.1771	0.5755	0.02	0.0332
P4HA1	1874.7361	1.3356	0.0897	0.0	0.0
P4HA2	535.4002	1.0109	0.1535	0.0	0.0
P4HB	30281.8351	1.472	0.0444	0.0	0.0
P4HTM	514.8785	1.2606	0.1571	0.0	0.0
PABPC4	8706.679	1.1533	0.0542	0.0	0.0
PACRGL	85.9896	-1.1916	0.3627	0.0006	0.0011
PACS2	1468.1766	1.2217	0.0955	0.0	0.0
PACSIN2	955.9459	-1.3809	0.1226	0.0	0.0
PACSIN3	504.5891	-1.0403	0.1574	0.0	0.0
PADI2	47.3893	1.2138	0.4609	0.0043	0.0078
PAFAH1B1	1773.3893	-2.8906	0.1019	0.0	0.0
PAFAH1B3	1025.9229	1.0896	0.1201	0.0	0.0
PAFAH2	200.2631	-1.5587	0.2505	0.0	0.0
PAG1	14.5351	-2.1056	0.9226	0.0014	0.0026
PAK6	85.3045	-1.1165	0.3889	0.0024	0.0044
PALB2	182.9338	-1.1436	0.2668	0.0	0.0
PAM	1205.016	1.4448	0.1055	0.0	0.0
PAN3	385.5808	-1.4295	0.1929	0.0	0.0
PANK2	896.9512	1.9891	0.1219	0.0	0.0
PANX2	163.1299	1.4122	0.2669	0.0	0.0
PAPD4	366.2465	-2.5365	0.2043	0.0	0.0
PAPD7	684.137	-1.8128	0.1446	0.0	0.0
PAPOLG	161.1424	-2.7298	0.318	0.0	0.0
PAPSS1	2036.84	1.0949	0.0931	0.0	0.0
PAPSS2	1870.6307	1.3378	0.1136	0.0	0.0
PAQR3	633.0942	-1.1454	0.1569	0.0	0.0
PAQR7	483.6807	-2.8875	0.1896	0.0	0.0
PARD6G-AS1	20.5738	-1.6196	0.761	0.0074	0.013
PARG	623.7239	-1.3596	0.1563	0.0	0.0
PARK7	7363.9794	1.3859	0.0575	0.0	0.0
PARM1	31.8579	1.6516	0.5798	0.0012	0.0023
PARP1	9764.5668	1.0901	0.052	0.0	0.0
PARP11	22.838	-1.9239	0.7059	0.0009	0.0018
PARP16	86.1119	-2.2675	0.4018	0.0	0.0
PARP2	332.1343	-2.404	0.2108	0.0	0.0
PAX2	221.3637	-2.1182	0.2505	0.0	0.0
PAX6	194.9143	-1.5384	0.256	0.0	0.0
PAX8	918.3729	-2.9722	0.1376	0.0	0.0
PAX8-AS1	60.0821	1.4696	0.4183	0.0002	0.0004
PAXIP1	531.3941	-1.2661	0.1554	0.0	0.0
PBX3	190.2757	-1.0316	0.2478	0.0	0.0
PBX4	38.1017	-1.4332	0.5302	0.0026	0.0048
PCBD1	2818.598	1.3566	0.0744	0.0	0.0
PCBD2	94.8788	-1.023	0.3404	0.0017	0.0032
PCBP1	14232.9675	2.0522	0.0512	0.0	0.0
PCCB	1974.1418	1.2204	0.0867	0.0	0.0
PCDH10	49.2272	1.3261	0.4618	0.0018	0.0035
PCDH18	42.1497	1.7642	0.5191	0.0002	0.0003
PCDH7	1331.4131	1.2845	0.1052	0.0	0.0
PCED1B	14.5142	-2.1404	1.1363	0.0012	0.0022
PCF11	495.8275	-1.4231	0.1762	0.0	0.0
PCGF1	86.523	-3.4814	0.4558	0.0	0.0
PCGF3	718.6748	-1.1299	0.138	0.0	0.0
PCIF1	433.5753	-1.273	0.1748	0.0	0.0
PCMTD2	162.6891	-1.8231	0.2795	0.0	0.0
PCNXL3	3036.8797	1.0974	0.0728	0.0	0.0
PCNXL4	612.3966	-1.8519	0.1535	0.0	0.0
PCOLCE	2282.4596	1.5002	0.0895	0.0	0.0
PCOLCE-AS1	9.6751	1.4665	0.896	0.0219	0.0362
PCOLCE2	39.392	1.9407	0.5177	0.0	0.0001
PCSK1N	98.3091	1.8488	0.3378	0.0	0.0
PCSK5	592.5999	1.2511	0.1455	0.0	0.0
PCSK6	48.8991	1.4466	0.4704	0.0008	0.0016
PCSK9	725.4153	1.3113	0.1315	0.0	0.0
PCYOX1L	74.8233	1.2648	0.3797	0.0004	0.0009
PCYT1A	231.6167	-1.2272	0.2283	0.0	0.0
PDAP1	5524.9682	1.0322	0.0604	0.0	0.0
PDCD10	319.9935	-2.063	0.2127	0.0	0.0
PDCD2L	114.011	-1.8012	0.3464	0.0	0.0
PDE3A	976.8095	-1.0649	0.1258	0.0	0.0
PDE4B	20.3898	1.845	0.6853	0.0012	0.0024
PDE5A	63.3846	-1.8677	0.4588	0.0	0.0
PDE7A	208.8224	-2.4048	0.2606	0.0	0.0
PDE7B	76.1515	-4.3253	0.6864	0.0	0.0
PDE9A	197.4644	-1.3328	0.2451	0.0	0.0
PDGFD	622.0452	1.0494	0.1397	0.0	0.0
PDHA1	2419.7984	1.1601	0.08	0.0	0.0
PDHX	590.4454	-1.5859	0.1504	0.0	0.0
PDIA3	15761.7653	1.3523	0.0482	0.0	0.0
PDIA4	13318.3166	1.4502	0.0494	0.0	0.0
PDIA5	580.5636	1.2807	0.1443	0.0	0.0
PDIA6	15427.7782	1.5187	0.0489	0.0	0.0
PDP1	128.7436	-1.7866	0.3241	0.0	0.0
PDPK1	691.4485	-1.8067	0.1401	0.0	0.0
PDPN	16830.7093	1.3047	0.0503	0.0	0.0
PDRG1	431.9024	-1.0422	0.1757	0.0	0.0
PDS5B	100.5924	-1.2117	0.3434	0.0002	0.0005
PDXDC2P	32.4096	-1.7426	0.6049	0.0009	0.0018
PDZD11	447.3471	1.1337	0.1611	0.0	0.0
PDZD2	396.397	-1.9257	0.1965	0.0	0.0
PDZK1IP1	237.2936	1.794	0.2444	0.0	0.0
PEA15	1153.3826	-1.0071	0.1209	0.0	0.0
PEAK1	244.2051	-1.2149	0.221	0.0	0.0
PEBP1	8344.8375	1.3883	0.0539	0.0	0.0
PELI3	135.0793	-1.3523	0.3063	0.0	0.0
PELO	913.5413	1.8844	0.1238	0.0	0.0
PEPD	1763.3459	1.4313	0.0901	0.0	0.0
PER1	249.2667	-1.8735	0.2311	0.0	0.0
PER2	150.4986	-1.8307	0.2895	0.0	0.0
PERP	2242.4347	1.3615	0.0827	0.0	0.0
PET100	347.2737	1.39	0.1848	0.0	0.0
PET117	120.9962	-1.0612	0.3315	0.0008	0.0017
PEX11A	13.1641	-2.0908	0.998	0.0017	0.0032
PEX11B	175.5718	-3.7025	0.3384	0.0	0.0
PEX12	264.3588	2.0646	0.2139	0.0	0.0
PEX14	240.3055	-3.4879	0.2867	0.0	0.0
PEX5	567.3775	-1.1037	0.1644	0.0	0.0
PFDN2	997.9027	1.1768	0.1127	0.0	0.0
PFDN5	1928.9526	1.3469	0.0856	0.0	0.0
PFKFB2	117.4692	-2.6168	0.3644	0.0	0.0
PFKL	3718.0765	1.3778	0.0699	0.0	0.0
PFN1	47232.7562	1.5275	0.0497	0.0	0.0
PGAM1	15969.0728	1.2698	0.0504	0.0	0.0
PGBD1	45.4241	-2.119	0.5347	0.0	0.0
PGBD5	94.4469	-1.5789	0.3637	0.0	0.0
PGF	12.0358	-1.7991	0.95	0.0059	0.0106
PGGT1B	171.9639	-1.8332	0.2774	0.0	0.0
PGK1	10064.7328	1.3473	0.0556	0.0	0.0
PGLS	1248.7196	1.1364	0.1124	0.0	0.0
PGM1	3253.3521	1.1108	0.0786	0.0	0.0
PGP	2802.4946	1.5893	0.0751	0.0	0.0
PGPEP1	126.2438	-1.2924	0.3094	0.0	0.0
PGRMC1	2511.9536	1.1757	0.0777	0.0	0.0
PGS1	216.1786	-1.5044	0.2383	0.0	0.0
PHACTR2	1270.1648	-1.2807	0.1097	0.0	0.0
PHACTR4	619.415	-2.1571	0.1662	0.0	0.0
PHAX	1730.209	1.0004	0.0905	0.0	0.0
PHB	9084.7544	1.2588	0.0586	0.0	0.0
PHB2	8112.6976	1.0636	0.0582	0.0	0.0
PHC2	764.3889	-1.1011	0.1295	0.0	0.0
PHF12	653.7605	-1.1683	0.1481	0.0	0.0
PHF13	1787.4714	1.8589	0.09	0.0	0.0
PHF14	671.7968	-1.0992	0.1432	0.0	0.0
PHF2	163.4653	-1.1564	0.2709	0.0	0.0
PHF20	278.5144	-1.785	0.2156	0.0	0.0
PHF21A	131.71	-2.3628	0.3815	0.0	0.0
PHF23	1816.4875	1.5117	0.0881	0.0	0.0
PHIP	1369.2473	-1.1378	0.1265	0.0	0.0
PHKB	2230.19	1.2873	0.081	0.0	0.0
PHKG1	141.0136	1.543	0.2865	0.0	0.0
PHLDA1	11706.6334	2.4716	0.0605	0.0	0.0
PHLDA2	53.6132	1.2599	0.4383	0.002	0.0037
PHLDB1	1506.1115	-1.4589	0.0991	0.0	0.0
PHLDB2	118.8096	-1.6539	0.3205	0.0	0.0
PHLDB3	67.2228	-1.0594	0.4271	0.0078	0.0138
PHLPP1	666.0352	-1.0177	0.1402	0.0	0.0
PHLPP2	264.6038	-1.8721	0.2219	0.0	0.0
PHOSPHO2	17.0506	-1.6444	0.7753	0.007	0.0124
PHPT1	2172.7165	1.4884	0.0841	0.0	0.0
PHRF1	1562.4049	-1.3235	0.0967	0.0	0.0
PHYH	125.117	1.1514	0.2934	0.0001	0.0001
PHYKPL	219.105	1.5769	0.2392	0.0	0.0
PI4K2A	321.2114	-1.6489	0.2027	0.0	0.0
PI4KA	3525.9584	1.2872	0.0694	0.0	0.0
PI4KB	684.0712	-1.4281	0.1401	0.0	0.0
PIAS1	403.6147	-2.9668	0.2193	0.0	0.0
PIAS3	364.9997	-1.0383	0.1822	0.0	0.0
PIAS4	211.0337	-2.6807	0.2688	0.0	0.0
PIBF1	162.6338	-1.2218	0.2774	0.0	0.0
PIEZO1	8041.7542	1.3609	0.0603	0.0	0.0
PIF1	148.4689	-2.3379	0.3084	0.0	0.0
PIGH	95.1227	-1.1437	0.3434	0.0005	0.001
PIGK	830.3917	1.3163	0.1229	0.0	0.0
PIGM	426.0779	1.2459	0.1796	0.0	0.0
PIGN	652.0239	1.1976	0.1367	0.0	0.0
PIGS	1983.0911	1.145	0.0857	0.0	0.0
PIGT	2244.9295	1.5013	0.0817	0.0	0.0
PIGW	890.53	1.4788	0.1201	0.0	0.0
PIK3C2B	216.996	-2.2892	0.2521	0.0	0.0
PIK3CA	164.7945	-1.3158	0.2755	0.0	0.0
PIK3CB	706.2706	-1.0717	0.138	0.0	0.0
PIK3CD	30.9598	-1.3657	0.5801	0.0073	0.0128
PIK3R3	274.9571	-2.1761	0.2257	0.0	0.0
PIK3R4	387.5457	-1.0386	0.177	0.0	0.0
PIKFYVE	390.2021	-1.7292	0.1937	0.0	0.0
PIM1	1474.5763	1.6804	0.0965	0.0	0.0
PIM2	112.4227	-1.9302	0.3378	0.0	0.0
PIN1	2136.0238	1.2562	0.0865	0.0	0.0
PINK1-AS	349.6293	1.4067	0.1854	0.0	0.0
PIP4K2A	286.1171	-2.8955	0.236	0.0	0.0
PIP4K2B	1217.2396	-1.7097	0.108	0.0	0.0
PIP5K1A	1302.0581	-1.5689	0.1106	0.0	0.0
PISD	314.2544	-2.6787	0.2259	0.0	0.0
PITHD1	464.153	-2.2189	0.1763	0.0	0.0
PITPNA-AS1	70.9477	-1.6521	0.4105	0.0	0.0
PITPNB	833.044	-2.7387	0.1422	0.0	0.0
PITPNM2	176.0093	-1.3486	0.2807	0.0	0.0
PITRM1	2624.0114	1.2769	0.0773	0.0	0.0
PKD1	1220.6552	-1.2811	0.1075	0.0	0.0
PKDCC	169.964	-3.0832	0.3148	0.0	0.0
PKM	51076.3364	1.2678	0.0425	0.0	0.0
PKMYT1	896.2749	-1.7371	0.1258	0.0	0.0
PKN1	2751.5708	1.0164	0.0749	0.0	0.0
PKN2	998.5531	-1.639	0.1231	0.0	0.0
PKNOX1	288.2773	-2.2302	0.2271	0.0	0.0
PLA2R1	462.5052	1.0887	0.1587	0.0	0.0
PLAA	463.7233	-2.2141	0.1756	0.0	0.0
PLAG1	135.435	-2.7024	0.3385	0.0	0.0
PLAGL2	915.8064	-1.0989	0.1196	0.0	0.0
PLBD1	4297.6558	1.3988	0.0705	0.0	0.0
PLBD2	1120.7449	1.2283	0.115	0.0	0.0
PLCD4	17.1259	-1.3588	0.7364	0.0218	0.036
PLCG1	1064.5479	-1.2765	0.1163	0.0	0.0
PLCH1	82.7566	-2.1026	0.3978	0.0	0.0
PLCXD1	713.6791	-2.0782	0.1691	0.0	0.0
PLD1	71.6733	-1.5744	0.4	0.0	0.0001
PLD3	2942.0879	1.5023	0.0752	0.0	0.0
PLD6	243.6778	1.0383	0.2297	0.0	0.0
PLEKHA1	500.1388	-1.1271	0.1664	0.0	0.0
PLEKHA2	267.8256	-2.0821	0.2264	0.0	0.0
PLEKHA5	317.9469	-1.1155	0.2018	0.0	0.0
PLEKHA6	151.0062	-2.5557	0.3297	0.0	0.0
PLEKHA7	964.0967	-2.1859	0.1358	0.0	0.0
PLEKHG4B	879.2646	-1.2263	0.1301	0.0	0.0
PLEKHH1	81.0892	-1.759	0.4026	0.0	0.0
PLEKHH3	347.1681	-1.7049	0.1934	0.0	0.0
PLEKHJ1	735.1786	-1.2775	0.1352	0.0	0.0
PLEKHM1	159.2954	-1.8478	0.2953	0.0	0.0
PLEKHO2	131.4632	-1.1494	0.2989	0.0001	0.0002
PLIN2	68.3318	-2.039	0.429	0.0	0.0
PLK1S1	45.7229	-1.7339	0.5151	0.0002	0.0004
PLK2	23018.2787	2.8137	0.0539	0.0	0.0
PLK3	119.5324	-1.7165	0.3226	0.0	0.0
PLK4	658.2418	-1.0718	0.1401	0.0	0.0
PLLP	139.3073	-1.5858	0.3096	0.0	0.0
PLOD1	10667.3435	1.4105	0.0512	0.0	0.0
PLOD2	41.7494	1.7283	0.4972	0.0001	0.0003
PLOD3	3598.7855	1.4927	0.071	0.0	0.0
PLS3	31302.4012	1.1187	0.0532	0.0	0.0
PLTP	953.3505	1.3771	0.1241	0.0	0.0
PLXDC1	31.5446	1.0661	0.5401	0.0271	0.0442
PLXND1	26798.6547	1.0775	0.0515	0.0	0.0
PMAIP1	119.6011	-1.3359	0.3143	0.0	0.0
PMF1-BGLAP	262.4114	1.602	0.2114	0.0	0.0
PML	141.6947	-2.5027	0.3463	0.0	0.0
PMS1	248.2389	-1.6187	0.2268	0.0	0.0
PMS2	209.0851	-2.0444	0.2596	0.0	0.0
PMS2CL	43.1941	-1.101	0.486	0.0131	0.0224
PMVK	645.4161	1.0471	0.1427	0.0	0.0
PNISR	566.0087	-2.5067	0.1651	0.0	0.0
PNMAL1	965.579	-1.0935	0.1183	0.0	0.0
PNOC	158.5105	1.7789	0.2713	0.0	0.0
PNP	744.8141	-1.0405	0.1354	0.0	0.0
PNPLA3	10.0225	-1.704	1.0191	0.0089	0.0155
PNPLA8	118.9149	-1.2893	0.328	0.0	0.0001
POC1B-GALNT4	24.6353	-3.7677	1.6513	0.0	0.0
POC5	94.7595	-2.1883	0.3748	0.0	0.0
PODN	21.5747	1.2255	0.6391	0.0243	0.0399
PODXL2	808.7133	1.5496	0.1266	0.0	0.0
POGK	1159.591	-1.1659	0.1146	0.0	0.0
POGLUT1	538.0179	1.0523	0.1569	0.0	0.0
POLA2	685.3536	-1.2317	0.1425	0.0	0.0
POLD2	6882.9749	1.3448	0.0577	0.0	0.0
POLD3	378.3858	-1.342	0.1839	0.0	0.0
POLDIP3	1127.5556	-2.905	0.1297	0.0	0.0
POLE2	132.3136	-1.1183	0.297	0.0001	0.0002
POLE4	878.847	1.4137	0.1195	0.0	0.0
POLH	400.3602	-2.4986	0.1983	0.0	0.0
POLK	267.93	-1.501	0.243	0.0	0.0
POLM	66.829	-1.2156	0.4268	0.0023	0.0042
POLQ	799.967	-1.0376	0.1259	0.0	0.0
POLR1A	1264.0765	-1.2113	0.1099	0.0	0.0
POLR1C	401.8796	-2.9338	0.2045	0.0	0.0
POLR1E	478.4595	-1.2463	0.1689	0.0	0.0
POLR2A	3558.627	-1.1409	0.0796	0.0	0.0
POLR2D	544.9361	-1.9094	0.1578	0.0	0.0
POLR2E	8456.317	1.3585	0.0557	0.0	0.0
POLR2F	1753.9145	1.6602	0.0921	0.0	0.0
POLR2J	1171.2673	1.0622	0.1047	0.0	0.0
POLR2K	785.6114	1.1039	0.1351	0.0	0.0
POLR2L	4529.625	1.6254	0.0658	0.0	0.0
POLR3A	517.6707	-1.8932	0.1685	0.0	0.0
POLR3B	398.2017	-1.8323	0.1883	0.0	0.0
POLR3C	225.0567	-1.2029	0.2324	0.0	0.0
POLR3D	294.5085	-2.2056	0.2176	0.0	0.0
POLR3E	716.7151	-1.6958	0.1382	0.0	0.0
POLR3F	127.8402	-3.0735	0.3642	0.0	0.0
POLR3G	150.9281	-1.117	0.2815	0.0	0.0001
POM121	1752.0531	-1.1044	0.0939	0.0	0.0
POM121C	1606.108	-1.1161	0.1155	0.0	0.0
POMGNT1	1664.1219	1.3811	0.0909	0.0	0.0
POMZP3	127.614	1.8789	0.3079	0.0	0.0
PON2	2358.3058	1.2783	0.0791	0.0	0.0
POP1	383.4602	-2.0826	0.2089	0.0	0.0
POT1	180.8626	-1.1744	0.2625	0.0	0.0
POU2F1	457.3998	-2.2542	0.1827	0.0	0.0
POU3F1	19.3127	3.0152	0.8832	0.0	0.0
POU3F3	1830.2086	1.7537	0.0943	0.0	0.0
POU4F1	57.4901	-1.3364	0.4382	0.001	0.002
PP14571	107.8749	3.0276	0.3521	0.0	0.0
PPA2	1073.2007	1.1376	0.1086	0.0	0.0
PPAN	882.9462	-1.6114	0.1267	0.0	0.0
PPARD	270.9948	-2.2385	0.2266	0.0	0.0
PPARGC1A	98.8449	-1.4396	0.355	0.0	0.0
PPAT	779.2732	-2.035	0.1375	0.0	0.0
PPCDC	90.8124	-1.9734	0.3941	0.0	0.0
PPDPF	4784.5324	1.4352	0.0641	0.0	0.0
PPFIA1	950.4472	-1.5291	0.1241	0.0	0.0
PPFIBP2	290.7466	-1.6353	0.2074	0.0	0.0
PPIA	29718.9935	1.409	0.0482	0.0	0.0
PPIB	15094.6867	1.5238	0.0502	0.0	0.0
PPIC	2109.1489	1.4291	0.0875	0.0	0.0
PPID	738.3054	-1.0697	0.1434	0.0	0.0
PPIF	1438.6391	-1.3243	0.1022	0.0	0.0
PPIH	1331.6261	1.0816	0.1049	0.0	0.0
PPIL2	468.9983	-1.5102	0.1785	0.0	0.0
PPM1B	1256.8917	-1.0491	0.1115	0.0	0.0
PPM1F	934.6935	-1.0343	0.1177	0.0	0.0
PPM1H	426.6321	-1.6391	0.1758	0.0	0.0
PPM1K	42.5922	-2.544	0.6122	0.0	0.0
PPP1CA	7540.9346	1.2972	0.0558	0.0	0.0
PPP1R12A	980.7047	-1.9499	0.135	0.0	0.0
PPP1R13B	387.1304	-1.8918	0.1958	0.0	0.0
PPP1R13L	108.5534	-2.5572	0.3846	0.0	0.0
PPP1R14A	358.3107	1.1531	0.1861	0.0	0.0
PPP1R14B	12240.9399	1.6315	0.0517	0.0	0.0
PPP1R15A	2157.8189	2.4657	0.0886	0.0	0.0
PPP1R15B	2425.4339	1.9533	0.0803	0.0	0.0
PPP1R18	3173.4716	2.046	0.075	0.0	0.0
PPP1R37	418.824	-1.521	0.1833	0.0	0.0
PPP1R8	796.9473	-2.0655	0.1397	0.0	0.0
PPP1R9A	427.1047	-1.212	0.1713	0.0	0.0
PPP1R9B	1578.4012	-1.2256	0.0958	0.0	0.0
PPP2CB	1090.5624	-1.089	0.1104	0.0	0.0
PPP2R1A	11367.9294	1.3614	0.0504	0.0	0.0
PPP2R3A	114.9169	-1.9918	0.3346	0.0	0.0
PPP2R5B	82.1765	-2.1192	0.3973	0.0	0.0
PPP2R5E	839.2229	-1.0162	0.1412	0.0	0.0
PPP3CC	157.5926	-1.8077	0.2995	0.0	0.0
PPP3R1	706.8388	-2.2983	0.1477	0.0	0.0
PPP6R3	1323.967	-1.8682	0.1059	0.0	0.0
PPRC1	1151.5374	-2.158	0.1155	0.0	0.0
PPT1	3054.3678	1.2744	0.0745	0.0	0.0
PPWD1	301.3768	-2.1971	0.2167	0.0	0.0
PQLC2	263.4356	-1.611	0.2278	0.0	0.0
PRADC1	316.2405	1.138	0.1923	0.0	0.0
PRAF2	503.5639	1.1066	0.1586	0.0	0.0
PRC1	2047.9744	-1.62	0.09	0.0	0.0
PRCP	2204.2174	1.3213	0.0832	0.0	0.0
PRDM1	43.4414	1.4718	0.5011	0.0012	0.0023
PRDM10	188.7824	-1.3945	0.2546	0.0	0.0
PRDM11	218.5783	-1.1884	0.5803	0.0195	0.0325
PRDM12	10.0584	1.5645	0.8793	0.0144	0.0244
PRDM15	171.9816	-1.7323	0.278	0.0	0.0
PRDM2	309.891	-2.8077	0.2398	0.0	0.0
PRDM4	453.5106	-1.3233	0.1676	0.0	0.0
PRDX1	21637.1991	1.3802	0.0486	0.0	0.0
PRDX2	9668.4282	1.5092	0.0534	0.0	0.0
PRDX3	8526.3191	1.3099	0.0575	0.0	0.0
PRDX4	2762.1855	1.4314	0.075	0.0	0.0
PRDX5	3011.3306	1.5557	0.0746	0.0	0.0
PRDX6	6379.3957	1.2868	0.0727	0.0	0.0
PRELID1	10010.7888	1.3603	0.0554	0.0	0.0
PRG4	3.0419	1.2781	1.1968	0.0208	0.0344
PRICKLE1	1870.5501	1.1722	0.0901	0.0	0.0
PRICKLE3	137.827	-1.631	0.2956	0.0	0.0
PRIM1	192.683	-2.1791	0.2666	0.0	0.0
PRKAA1	860.9692	-1.4099	0.1323	0.0	0.0
PRKAB1	291.8086	-1.235	0.2043	0.0	0.0
PRKAB2	155.0196	-2.7783	0.3177	0.0	0.0
PRKACA	2409.7316	1.1188	0.0789	0.0	0.0
PRKACB	336.3773	-1.2846	0.2028	0.0	0.0
PRKAG2	675.4047	-1.2525	0.1488	0.0	0.0
PRKCD	241.937	-1.8317	0.2299	0.0	0.0
PRKCQ	84.5469	-1.6589	0.375	0.0	0.0
PRKCQ-AS1	44.9041	-1.0607	0.4962	0.0188	0.0313
PRKCSH	8065.3374	1.1206	0.0564	0.0	0.0
PRKD1	38.1214	-1.062	0.5136	0.0221	0.0364
PRKD2	408.6106	-2.096	0.1854	0.0	0.0
PRKD3	643.6978	-1.6949	0.1572	0.0	0.0
PRKRIP1	255.5554	-1.7221	0.223	0.0	0.0
PRMT1	10342.1129	1.0636	0.0562	0.0	0.0
PRMT6	818.8174	1.2501	0.1233	0.0	0.0
PRMT9	130.5653	-2.3094	0.3268	0.0	0.0
PROCR	819.7158	1.5212	0.1293	0.0	0.0
PROS1	241.5771	1.4067	0.2193	0.0	0.0
PROSER1	635.9606	-2.2301	0.1508	0.0	0.0
PRPF3	488.3298	-1.1322	0.1596	0.0	0.0
PRPF4	980.5654	-1.0087	0.1169	0.0	0.0
PRPF8	13259.9506	1.1098	0.0541	0.0	0.0
PRPSAP2	318.3952	-1.0069	0.1947	0.0	0.0
PRR12	990.8286	-2.3268	0.1389	0.0	0.0
PRR14L	604.2844	-1.5258	0.1469	0.0	0.0
PRR3	816.3158	1.6392	0.1291	0.0	0.0
PRR5L	141.1388	-1.9541	0.3039	0.0	0.0
PRRC1	719.7122	-1.5104	0.1399	0.0	0.0
PRRC2C	1774.2471	-1.3825	0.0946	0.0	0.0
PRRG1	81.8714	-2.5948	0.4275	0.0	0.0
PRRT3-AS1	102.7181	1.7825	0.3324	0.0	0.0
PRRX1	5.5535	-1.6889	1.1754	0.0057	0.0102
PRSS12	25.1162	1.9327	0.6402	0.0004	0.0008
PRSS23	1371.8561	1.4197	0.1004	0.0	0.0
PRSS35	381.844	1.227	0.176	0.0	0.0
PRTG	743.0499	2.001	0.1363	0.0	0.0
PRUNE	92.8212	-2.056	0.3842	0.0	0.0
PSAP	13435.4715	1.4124	0.0492	0.0	0.0
PSAPL1	27.7702	1.4309	0.5901	0.0055	0.0098
PSD4	141.5433	-1.5519	0.2953	0.0	0.0
PSEN1	536.0544	-1.825	0.1587	0.0	0.0
PSMA2	3215.924	1.0434	0.074	0.0	0.0
PSMA4	4534.8757	1.0065	0.0647	0.0	0.0
PSMA7	8789.9721	1.2298	0.0544	0.0	0.0
PSMB10	498.8119	1.3604	0.1589	0.0	0.0
PSMB3	3534.8473	1.2099	0.0763	0.0	0.0
PSMB4	5659.5004	1.064	0.0608	0.0	0.0
PSMB5	4760.0346	1.0216	0.0627	0.0	0.0
PSMB6	2261.5065	1.0834	0.0802	0.0	0.0
PSMB8	257.7814	1.0608	0.2132	0.0	0.0
PSMB9	28.279	1.568	0.5884	0.0023	0.0043
PSMC3IP	223.9285	-1.2393	0.2377	0.0	0.0
PSMC6	1283.4327	-1.3753	0.1051	0.0	0.0
PSMD12	659.7812	-1.5378	0.1508	0.0	0.0
PSMD2	12789.0831	1.2044	0.0506	0.0	0.0
PSMD5	639.0486	-1.132	0.14	0.0	0.0
PSMD8	4445.2313	1.1051	0.0656	0.0	0.0
PSME1	2246.0262	1.4026	0.0819	0.0	0.0
PSME2	1910.9256	1.3225	0.0871	0.0	0.0
PSMG2	358.859	-2.0641	0.1943	0.0	0.0
PSTPIP2	121.7361	-2.1365	0.3442	0.0	0.0
PTAR1	1410.2823	-2.5585	0.1155	0.0	0.0
PTCD2	97.4639	-1.6112	0.3598	0.0	0.0
PTCH1	466.6411	-1.5331	0.1858	0.0	0.0
PTCH2	43.045	-1.132	0.493	0.0117	0.0201
PTER	168.4029	-1.9626	0.2763	0.0	0.0
PTGDS	688.6335	2.0727	0.1413	0.0	0.0
PTGER2	156.7518	-1.3989	0.2851	0.0	0.0
PTGER4	5456.5313	3.0665	0.075	0.0	0.0
PTGES2	2201.407	1.0284	0.0862	0.0	0.0
PTGFRN	2101.2821	1.1874	0.0855	0.0	0.0
PTGR1	1503.4176	1.2427	0.0958	0.0	0.0
PTK7	5594.2465	1.1492	0.0755	0.0	0.0
PTMA	59707.6626	1.444	0.043	0.0	0.0
PTMS	11674.4387	1.3292	0.0511	0.0	0.0
PTOV1	3737.138	1.2214	0.0673	0.0	0.0
PTOV1-AS1	78.0159	-1.039	0.3716	0.0032	0.0059
PTP4A3	46.9515	-1.3029	0.4872	0.0034	0.0062
PTPDC1	61.3839	-2.6108	0.4915	0.0	0.0
PTPLA	226.5337	1.4089	0.2226	0.0	0.0
PTPN1	696.0384	-2.1261	0.1495	0.0	0.0
PTPN12	1169.0038	-1.2492	0.108	0.0	0.0
PTPN14	1334.3736	-1.3882	0.1101	0.0	0.0
PTPN21	211.8045	-2.4099	0.2588	0.0	0.0
PTPN3	319.2758	-2.3727	0.2186	0.0	0.0
PTPN4	126.5226	-1.5535	0.3274	0.0	0.0
PTPN6	99.3746	-1.3889	0.3438	0.0	0.0001
PTPN9	997.981	-1.1879	0.1169	0.0	0.0
PTPRF	18599.867	1.5764	0.0668	0.0	0.0
PTPRG	3060.4992	1.0384	0.0763	0.0	0.0
PTRF	14247.0276	1.2458	0.0647	0.0	0.0
PTRH2	527.1006	1.5693	0.1518	0.0	0.0
PTRHD1	453.4093	1.4105	0.1668	0.0	0.0
PTX3	3104.8098	1.6004	0.0988	0.0	0.0
PUM1	1302.8766	-1.3361	0.1038	0.0	0.0
PUM2	1385.7798	-2.2793	0.1079	0.0	0.0
PURB	3335.0072	2.3647	0.0735	0.0	0.0
PUS1	525.734	-1.8186	0.1667	0.0	0.0
PUS10	30.0046	-2.0687	0.6418	0.0002	0.0003
PVT1	47.0838	1.3375	0.483	0.0024	0.0046
PXK	172.5313	-2.0621	0.2841	0.0	0.0
PXMP2	621.446	1.6928	0.1429	0.0	0.0
PXMP4	110.6788	-1.0877	0.3291	0.0006	0.0012
PXN-AS1	23.4503	-1.8899	0.69	0.001	0.0019
PYCRL	273.5168	-1.6798	0.2148	0.0	0.0
PYROXD1	123.0257	-2.002	0.3446	0.0	0.0
PYROXD2	62.7642	1.2155	0.4194	0.0019	0.0037
QDPR	673.0507	1.2553	0.1441	0.0	0.0
QPCT	23.2366	1.3207	0.6268	0.014	0.0237
QPCTL	751.1958	1.0439	0.1279	0.0	0.0
QRICH1	1211.9536	-1.1732	0.1097	0.0	0.0
QRSL1	437.5465	-1.5195	0.1809	0.0	0.0
QSER1	1086.4274	-1.0833	0.1133	0.0	0.0
QSOX1	3656.6435	1.4639	0.0711	0.0	0.0
QSOX2	1738.4346	1.102	0.096	0.0	0.0
QTRT1	1379.0045	1.1563	0.1	0.0	0.0
R3HCC1L	174.5929	-1.1808	0.2589	0.0	0.0
R3HDM2	330.8822	-1.0456	0.1895	0.0	0.0
RAB11A	2969.7387	1.124	0.0727	0.0	0.0
RAB11B	2779.1848	1.1328	0.0758	0.0	0.0
RAB11FIP2	310.709	-2.1122	0.2115	0.0	0.0
RAB11FIP4	59.0139	-1.1557	0.4474	0.0053	0.0095
RAB11FIP5	203.6306	-1.4171	0.2481	0.0	0.0
RAB13	1541.8016	1.0844	0.1021	0.0	0.0
RAB14	1312.9348	-1.4794	0.104	0.0	0.0
RAB17	69.2755	-1.0582	0.4009	0.005	0.0091
RAB18	599.1227	-1.1723	0.1525	0.0	0.0
RAB1B	5468.0733	1.1298	0.0604	0.0	0.0
RAB21	633.1313	-1.0771	0.142	0.0	0.0
RAB22A	316.7984	-1.4627	0.1999	0.0	0.0
RAB23	377.6419	-3.4056	0.2186	0.0	0.0
RAB24	299.5611	-1.9605	0.214	0.0	0.0
RAB2B	70.6849	-2.3974	0.4461	0.0	0.0
RAB35	960.5251	-1.7445	0.125	0.0	0.0
RAB36	310.0311	-2.7899	0.2273	0.0	0.0
RAB3A	15.2461	-1.4231	0.7835	0.0199	0.033
RAB3GAP1	577.0561	-1.5731	0.153	0.0	0.0
RAB3GAP2	443.4325	-2.2781	0.1792	0.0	0.0
RAB3IL1	95.446	-1.4538	0.351	0.0	0.0
RAB40A	28.5492	-1.5428	0.6649	0.0058	0.0103
RAB40C	197.0699	-2.5622	0.2948	0.0	0.0
RAB5B	719.9673	-1.9294	0.1448	0.0	0.0
RAB5C	4076.6391	1.1061	0.0654	0.0	0.0
RAB7B	50.876	-1.9271	0.5234	0.0	0.0001
RAB7L1	226.3456	-2.0428	0.2432	0.0	0.0
RAB8B	850.5006	-1.1958	0.1257	0.0	0.0
RAB9A	238.1153	-1.163	0.2323	0.0	0.0
RABAC1	979.0392	1.3993	0.1136	0.0	0.0
RABEPK	1053.0357	1.0373	0.1209	0.0	0.0
RABGAP1	652.3816	-1.505	0.1455	0.0	0.0
RABGGTB	386.1015	-1.5748	0.1915	0.0	0.0
RABIF	192.2233	-1.2984	0.2565	0.0	0.0
RABL2A	67.5797	1.4543	0.4137	0.0002	0.0004
RABL5	835.2716	1.0541	0.1228	0.0	0.0
RABL6	6424.2456	1.0362	0.0613	0.0	0.0
RACGAP1	919.8447	-2.7898	0.1349	0.0	0.0
RAD1	381.1941	-1.5011	0.1838	0.0	0.0
RAD17	253.5975	-2.3243	0.2375	0.0	0.0
RAD18	239.8967	-2.7801	0.2562	0.0	0.0
RAD23A	4510.2556	1.3045	0.0692	0.0	0.0
RAD51	308.5992	-2.3837	0.2218	0.0	0.0
RAD51D	114.7787	-1.9654	0.3387	0.0	0.0
RAD51L3-RFFL	7.9268	-2.1009	1.1996	0.0011	0.0022
RAD54B	235.3609	-3.2844	0.2837	0.0	0.0
RAD54L	666.6095	-1.7142	0.147	0.0	0.0
RAD54L2	334.5925	-1.2502	0.1934	0.0	0.0
RAE1	321.99	-2.5272	0.2152	0.0	0.0
RAET1E-AS1	209.0562	1.8991	0.2374	0.0	0.0
RAET1K	10.2628	-1.4615	0.9032	0.0226	0.0372
RAI1	1232.0625	-3.0848	0.1375	0.0	0.0
RALGAPA1P	18.3824	2.0179	0.7375	0.0007	0.0014
RALGAPB	645.578	-1.3165	0.143	0.0	0.0
RALGDS	288.9241	-2.0885	0.2209	0.0	0.0
RALGPS2	324.5139	-1.1901	0.1978	0.0	0.0
RANBP1	7119.9674	1.2753	0.0582	0.0	0.0
RANBP10	304.5507	-1.6374	0.2146	0.0	0.0
RANBP2	1720.6574	-1.6927	0.1045	0.0	0.0
RANBP9	414.186	-2.2266	0.1833	0.0	0.0
RANGAP1	3979.1203	-1.2772	0.07	0.0	0.0
RAP1GAP2	1226.7669	-1.6179	0.1111	0.0	0.0
RAPGEF2	397.1073	-1.4369	0.1864	0.0	0.0
RAPGEF3	373.9117	-1.0545	0.189	0.0	0.0
RAPGEF6	236.2312	-1.4054	0.2295	0.0	0.0
RAPGEFL1	67.916	-2.3396	0.4496	0.0	0.0
RAPH1	205.2648	-1.2135	0.2729	0.0	0.0
RARA	268.8421	-1.3943	0.2158	0.0	0.0
RARG	134.6692	-1.8584	0.3067	0.0	0.0
RARRES1	36.403	1.1379	0.5174	0.0148	0.025
RASA1	342.0719	-1.9046	0.2005	0.0	0.0
RASA2	169.3323	-1.6306	0.2869	0.0	0.0
RASA3	387.0605	-1.9621	0.1862	0.0	0.0
RASAL2	324.9611	-1.1693	0.2051	0.0	0.0
RASGRP1	22.7217	-1.235	0.6506	0.0249	0.0407
RASL11A	55.1052	2.8365	0.4845	0.0	0.0
RASL11B	143.0243	1.2556	0.2807	0.0	0.0
RASL12	83.7918	-2.0208	0.3894	0.0	0.0
RASSF1	317.5425	-2.3317	0.219	0.0	0.0
RASSF1-AS1	29.8169	1.5231	0.5723	0.0025	0.0047
RASSF4	66.9064	-1.3467	0.4273	0.0007	0.0014
RASSF7	549.3031	-2.32	0.1711	0.0	0.0
RASSF8	511.9596	-2.1185	0.1662	0.0	0.0
RASSF9	177.2343	1.0747	0.2699	0.0	0.0001
RAVER2	388.8113	-1.2271	0.1818	0.0	0.0
RBAK	647.1413	1.3122	0.137	0.0	0.0
RBBP5	341.6372	-1.9679	0.2044	0.0	0.0
RBL1	428.6538	-1.6264	0.1842	0.0	0.0
RBM12B	1126.0128	1.7814	0.1103	0.0	0.0
RBM12B-AS1	108.735	4.1263	0.4221	0.0	0.0
RBM15B	4540.4946	2.0882	0.0653	0.0	0.0
RBM22	731.9789	-1.2399	0.1326	0.0	0.0
RBM23	1307.3164	-1.873	0.1058	0.0	0.0
RBM25	1619.8585	-1.006	0.0999	0.0	0.0
RBM26	1163.2682	-1.0894	0.1075	0.0	0.0
RBM26-AS1	11.7799	-1.8156	0.9355	0.0054	0.0097
RBM28	496.3369	-1.0193	0.1574	0.0	0.0
RBM34	214.4947	-2.4418	0.2935	0.0	0.0
RBM38	552.8983	-1.3447	0.1636	0.0	0.0
RBM43	8.2976	-1.5792	1.1151	0.0114	0.0196
RBM4B	173.0018	-1.2242	0.2786	0.0	0.0
RBM5	757.2387	-1.4531	0.1332	0.0	0.0
RBM5-AS1	29.5269	1.2136	0.5665	0.0152	0.0257
RBM7	613.3883	1.0643	0.1454	0.0	0.0
RBMS1	2411.2961	-1.6897	0.0861	0.0	0.0
RBMX2	176.485	-1.01	0.2561	0.0001	0.0001
RBMXL1	137.6138	-1.8985	0.3206	0.0	0.0
RBP1	205.2717	1.4317	0.2352	0.0	0.0
RBP7	717.6666	1.306	0.1525	0.0	0.0
RBPJ	822.1426	-1.3733	0.1322	0.0	0.0
RBX1	1294.7195	1.1505	0.1022	0.0	0.0
RC3H1	525.4416	-1.0722	0.156	0.0	0.0
RCE1	300.132	-1.1981	0.2001	0.0	0.0
RCHY1	213.4965	-1.3369	0.2407	0.0	0.0
RCL1	247.9477	-1.6241	0.2405	0.0	0.0
RCN1	5691.9929	1.3747	0.0602	0.0	0.0
RCN2	4147.3778	1.3869	0.0726	0.0	0.0
RCN3	210.4431	1.1164	0.2313	0.0	0.0
RCOR1	763.5851	-2.4121	0.1408	0.0	0.0
RCOR2	339.5144	-2.8655	0.217	0.0	0.0
RDH11	655.9071	-1.0338	0.1387	0.0	0.0
RDH13	158.1508	-3.1754	0.3299	0.0	0.0
REEP4	718.2487	-1.426	0.1381	0.0	0.0
RELA	827.1695	-1.6287	0.1283	0.0	0.0
RELL1	74.5496	-1.5792	0.4038	0.0	0.0001
RELT	201.0984	-1.8577	0.2539	0.0	0.0
REM2	14.6015	1.707	0.7886	0.0056	0.01
REPIN1	5056.591	1.3425	0.0613	0.0	0.0
REPS1	481.1104	-2.0259	0.1696	0.0	0.0
RERE	1179.4331	-1.4559	0.1088	0.0	0.0
REV1	299.0282	-1.3659	0.2087	0.0	0.0
REV3L	484.6532	-1.838	0.1684	0.0	0.0
REXO1	950.9033	-1.2603	0.1244	0.0	0.0
REXO4	620.3766	-1.0684	0.1414	0.0	0.0
RFC1	1088.4891	-1.6273	0.1148	0.0	0.0
RFC3	711.2022	-2.2871	0.1461	0.0	0.0
RFC4	527.7357	-3.5459	0.1946	0.0	0.0
RFESD	4.5479	-1.4834	1.1746	0.012	0.0205
RFFL	221.7542	-1.3673	0.2335	0.0	0.0
RFWD3	1221.7703	-1.7392	0.1178	0.0	0.0
RFX1	192.0734	-2.356	0.2709	0.0	0.0
RFX2	184.637	-1.3345	0.273	0.0	0.0
RFX3	146.7145	-1.3893	0.2984	0.0	0.0
RFXAP	97.0019	-1.1834	0.3627	0.0006	0.0012
RGCC	14.9562	-1.4051	0.7767	0.021	0.0347
RGL1	140.5683	-2.2141	0.3238	0.0	0.0
RGL2	1065.297	1.074	0.1161	0.0	0.0
RGP1	668.1953	-1.4181	0.1476	0.0	0.0
RGS12	309.6741	-2.2431	0.2129	0.0	0.0
RGS14	77.6127	-1.1881	0.383	0.001	0.002
RGS16	161.195	1.879	0.2728	0.0	0.0
RGS3	1803.3393	1.5457	0.095	0.0	0.0
RGS5	299.2895	1.1845	0.2039	0.0	0.0
RHEBL1	14.3586	-2.1179	0.9251	0.0013	0.0025
RHEBP2	99.3413	1.8967	0.3386	0.0	0.0
RHNO1	453.7024	-1.1493	0.1688	0.0	0.0
RHOA	17512.934	1.4199	0.0503	0.0	0.0
RHOBTB1	142.737	-1.2637	0.2834	0.0	0.0
RHOC	5806.9921	1.3734	0.0595	0.0	0.0
RHOD	662.6995	1.2389	0.1362	0.0	0.0
RHOT1	444.2286	-1.4143	0.1813	0.0	0.0
RHPN2	397.5768	-2.2133	0.1926	0.0	0.0
RIBC2	28.259	-2.0833	0.6567	0.0002	0.0004
RICTOR	184.8658	-1.4541	0.2576	0.0	0.0
RIF1	934.6482	-1.9844	0.1257	0.0	0.0
RIMKLB	1244.3273	1.6683	0.1209	0.0	0.0
RIMS1	59.8756	-1.0793	0.4224	0.0062	0.0111
RIN1	159.6007	-1.951	0.2858	0.0	0.0
RIOK1	434.6579	-1.9421	0.1799	0.0	0.0
RIOK2	344.9046	-1.0864	0.1962	0.0	0.0
RIPK1	174.3484	-1.8513	0.2794	0.0	0.0
RIPK4	2678.74	2.0148	0.0861	0.0	0.0
RLF	859.3847	1.1293	0.1355	0.0	0.0
RMDN2	25.5496	-2.0396	0.6796	0.0003	0.0007
RMI1	386.1256	-1.4761	0.1803	0.0	0.0
RMND1	184.2749	-1.1865	0.2526	0.0	0.0
RMRP	17.8863	1.6438	0.7875	0.0075	0.0132
RN7SK	74.1697	2.3578	0.416	0.0	0.0
RN7SL1	710.1164	1.4165	0.3408	0.0	0.0
RN7SL2	807.4424	1.6697	0.154	0.0	0.0
RNA18S5	100541.5776	1.7658	0.1191	0.0	0.0
RNA28S5	196648.6852	1.784	0.0578	0.0	0.0
RNA45S5	3713.2639	1.2113	0.0676	0.0	0.0
RNASEH2C	1247.7006	1.1435	0.1045	0.0	0.0
RNASEK	2207.9579	1.2628	0.0845	0.0	0.0
RNASEL	3.721	-1.265	1.1687	0.0265	0.0433
RNASET2	1832.5181	1.5257	0.0888	0.0	0.0
RND3	11870.8348	3.542	0.0653	0.0	0.0
RNF103	173.2918	-1.305	0.3163	0.0	0.0
RNF114	549.3472	-1.8153	0.1627	0.0	0.0
RNF122	28.073	-1.5187	0.6156	0.0042	0.0077
RNF126	762.9811	-1.4631	0.1376	0.0	0.0
RNF128	14.4768	1.2892	0.7495	0.0309	0.05
RNF135	118.7528	-1.7187	0.3266	0.0	0.0
RNF138	533.4747	-1.7264	0.1659	0.0	0.0
RNF138P1	30.266	3.9365	0.9842	0.0	0.0
RNF14	441.2679	-1.5192	0.1733	0.0	0.0
RNF144A	191.2218	-1.4889	0.2564	0.0	0.0
RNF146	168.9627	-2.6628	0.3073	0.0	0.0
RNF152	5.1527	-1.6649	1.182	0.006	0.0107
RNF166	187.3155	-2.0892	0.2696	0.0	0.0
RNF185	356.4015	-2.4369	0.2105	0.0	0.0
RNF19A	188.8772	-2.5016	0.2754	0.0	0.0
RNF207	128.4421	-1.7964	0.3151	0.0	0.0
RNF214	198.6283	-1.7213	0.2556	0.0	0.0
RNF215	95.4511	-1.9878	0.3986	0.0	0.0
RNF216	844.7923	-1.8791	0.1321	0.0	0.0
RNF216P1	229.7169	-2.5543	0.2588	0.0	0.0
RNF217	982.9994	1.4099	0.1331	0.0	0.0
RNF219	725.3547	1.2557	0.1304	0.0	0.0
RNF220	668.4862	-1.6735	0.1431	0.0	0.0
RNF24	55.3168	-1.1709	0.51	0.0111	0.0192
RNF25	236.6983	-1.6204	0.2399	0.0	0.0
RNF26	3350.7614	1.6925	0.072	0.0	0.0
RNF31	448.9602	-1.4363	0.1677	0.0	0.0
RNF34	356.6916	-3.1244	0.2189	0.0	0.0
RNF38	367.6174	-1.7856	0.1935	0.0	0.0
RNF4	991.7479	-1.8073	0.1279	0.0	0.0
RNF7	1258.0981	1.016	0.1035	0.0	0.0
RNF8	234.0426	-1.3597	0.2262	0.0	0.0
RNMT	497.3342	-2.7528	0.1814	0.0	0.0
RNPC3	27.0481	-1.1529	0.6056	0.028	0.0455
RNPEP	2579.3276	1.2619	0.0811	0.0	0.0
RNPEPL1	1824.1785	1.1407	0.0916	0.0	0.0
RNR1	6347.3041	2.1525	0.0636	0.0	0.0
RNR2	56356.9237	2.1706	0.0442	0.0	0.0
ROCK1	1091.8166	-2.162	0.1241	0.0	0.0
ROCK2	1066.6173	-1.6114	0.1178	0.0	0.0
ROMO1	1150.8908	1.5063	0.1071	0.0	0.0
RP11-119F19.2	23.1111	-1.3332	0.6741	0.0179	0.0299
RP11-132A1.4	189.4071	1.7473	0.2514	0.0	0.0
RP11-28G8.1	4.4008	1.6807	1.2113	0.0048	0.0087
RP11-317J10.2	62.4858	1.1231	0.4024	0.003	0.0055
RP11-344B5.2	7.1026	-1.4789	1.119	0.0162	0.0273
RP11-34F13.2	9.6776	1.7468	0.9254	0.0072	0.0127
RP11-426A6.5	112.7706	4.6203	0.4618	0.0	0.0
RP11-438N16.1	60.7077	-3.0895	0.5506	0.0	0.0
RP11-486O12.2	29.5242	2.3053	0.6145	0.0	0.0
RP11-521B24.3	97.3264	1.519	0.3371	0.0	0.0
RP11-536C5.7	28.696	3.8845	1.174	0.0	0.0
RP11-63P12.6	6.68	-1.3762	1.1142	0.024	0.0393
RP11-677M14.7	6.3003	1.3742	1.0333	0.0304	0.0492
RP11-685M7.3	46.9525	2.5927	0.5139	0.0	0.0
RP11-793H13.3	44.7771	-2.952	0.6099	0.0	0.0
RP3-476K8.3	6.9658	1.5888	1.007	0.0141	0.024
RP4-591N18.2	4.0067	1.4626	1.2091	0.0102	0.0176
RP4-639F20.1	27.9699	1.657	0.6388	0.0024	0.0044
RP4-669L17.10-2	232.1031	-1.1433	0.2395	0.0	0.0
RP4-724E16.2	44.6868	3.9605	0.6672	0.0	0.0
RP5-1142A6.2	54.6004	4.015	0.6309	0.0	0.0
RP5-886K2.3	6.8083	-1.3944	1.1139	0.0225	0.037
RP6-109B7.3	32.9048	1.0355	0.5325	0.03	0.0486
RPA2	490.7122	-2.1798	0.1716	0.0	0.0
RPA3	511.0889	1.1935	0.1601	0.0	0.0
RPAP2	178.8563	-2.1784	0.2894	0.0	0.0
RPF1	341.491	-1.7146	0.2091	0.0	0.0
RPH3AL	94.1239	-1.58	0.3751	0.0	0.0
RPIA	1297.5805	1.235	0.1022	0.0	0.0
RPL10	14246.2975	1.1533	0.0517	0.0	0.0
RPL10A	11248.2378	1.2213	0.0559	0.0	0.0
RPL11	10518.0903	1.1804	0.0584	0.0	0.0
RPL12	11978.0124	1.4024	0.0537	0.0	0.0
RPL13	23048.8715	1.3498	0.0464	0.0	0.0
RPL13A	28535.1284	1.0461	0.0458	0.0	0.0
RPL13AP5	181.8417	1.1152	0.2483	0.0	0.0
RPL14	17118.7992	1.3987	0.0545	0.0	0.0
RPL15	18549.3037	1.5149	0.0501	0.0	0.0
RPL18A	14032.6505	1.4765	0.0527	0.0	0.0
RPL19	19633.533	1.5118	0.0505	0.0	0.0
RPL21	9413.4787	1.1766	0.0574	0.0	0.0
RPL21P28	46.6472	1.0111	0.4594	0.0171	0.0286
RPL22	8108.2867	1.3704	0.0572	0.0	0.0
RPL22L1	4282.4882	1.4289	0.0752	0.0	0.0
RPL23	7409.7602	1.1631	0.0585	0.0	0.0
RPL23A	13261.9892	1.258	0.0508	0.0	0.0
RPL23AP53	141.4073	-2.8089	0.3337	0.0	0.0
RPL24	9705.757	1.3939	0.0565	0.0	0.0
RPL26	7067.9014	1.3339	0.0686	0.0	0.0
RPL26L1	1619.6088	1.5491	0.1061	0.0	0.0
RPL27	7402.2027	1.2932	0.0603	0.0	0.0
RPL27A	14591.6903	1.2805	0.0503	0.0	0.0
RPL28	11296.6598	1.3641	0.0523	0.0	0.0
RPL29	17393.546	1.5437	0.0505	0.0	0.0
RPL3	52582.0756	1.4287	0.0456	0.0	0.0
RPL30	10054.3773	1.3098	0.0531	0.0	0.0
RPL31	6255.4206	1.1436	0.0654	0.0	0.0
RPL32	10880.5533	1.3867	0.0538	0.0	0.0
RPL34	4537.0081	1.1771	0.0647	0.0	0.0
RPL35	14571.1398	1.5423	0.0536	0.0	0.0
RPL35A	7545.2096	1.2347	0.0573	0.0	0.0
RPL36	7261.7087	1.4832	0.0629	0.0	0.0
RPL36A	3984.8767	1.2935	0.0746	0.0	0.0
RPL36AL	2875.7045	1.5064	0.0747	0.0	0.0
RPL37	6594.6945	1.5254	0.0584	0.0	0.0
RPL37A	10552.5097	1.4558	0.0589	0.0	0.0
RPL38	3668.4022	1.4044	0.0692	0.0	0.0
RPL39	5627.1387	1.483	0.0656	0.0	0.0
RPL4	37806.7805	1.3346	0.047	0.0	0.0
RPL41	17548.7082	1.4428	0.0497	0.0	0.0
RPL5	12553.7875	1.016	0.0545	0.0	0.0
RPL6	18118.173	1.138	0.0488	0.0	0.0
RPL7	15638.5184	1.229	0.0517	0.0	0.0
RPL7A	23219.4931	1.1816	0.0481	0.0	0.0
RPL7L1	2176.7396	-1.2945	0.089	0.0	0.0
RPL8	36447.7688	1.643	0.0491	0.0	0.0
RPL9	8446.262	1.2743	0.0593	0.0	0.0
RPLP0	45824.2735	1.3158	0.0454	0.0	0.0
RPLP1	27999.2573	1.5547	0.0475	0.0	0.0
RPLP2	11035.7777	1.548	0.0511	0.0	0.0
RPN1	9362.158	1.5174	0.0537	0.0	0.0
RPN2	13935.2685	1.4646	0.0532	0.0	0.0
RPP14	372.2939	-1.673	0.1926	0.0	0.0
RPP30	434.5692	-1.0796	0.1739	0.0	0.0
RPP38	504.02	1.5685	0.155	0.0	0.0
RPP40	106.1411	-1.1441	0.3537	0.0007	0.0014
RPPH1	17.8212	1.707	0.7218	0.0037	0.0068
RPRD1B	498.2655	-1.6917	0.1694	0.0	0.0
RPS10	9595.895	1.334	0.0577	0.0	0.0
RPS11	14504.0244	1.3834	0.05	0.0	0.0
RPS12	12795.5527	1.2871	0.054	0.0	0.0
RPS14	13293.2415	1.3545	0.0519	0.0	0.0
RPS14P3	9.8422	1.6575	0.8946	0.01	0.0173
RPS15	13089.5222	1.5045	0.0529	0.0	0.0
RPS15A	6026.4466	1.216	0.0612	0.0	0.0
RPS16	12941.3395	1.2814	0.0523	0.0	0.0
RPS17	7834.5935	1.3633	0.062	0.0	0.0
RPS18	15229.4111	1.3351	0.0549	0.0	0.0
RPS19	16599.6654	1.4929	0.0536	0.0	0.0
RPS2	70554.6465	1.522	0.0441	0.0	0.0
RPS20	11373.6154	1.2384	0.0539	0.0	0.0
RPS21	6106.166	1.3313	0.0621	0.0	0.0
RPS23	10694.3777	1.3819	0.0557	0.0	0.0
RPS24	10663.5121	1.4076	0.0558	0.0	0.0
RPS25	6232.5983	1.2164	0.0631	0.0	0.0
RPS26	9716.019	1.2371	0.0524	0.0	0.0
RPS27	9314.1616	1.2887	0.0536	0.0	0.0
RPS27A	12290.0197	1.2192	0.061	0.0	0.0
RPS27L	1083.297	1.0079	0.1101	0.0	0.0
RPS28	11532.5031	1.4998	0.0509	0.0	0.0
RPS29	4142.0896	1.3482	0.0654	0.0	0.0
RPS3	19996.69	1.4561	0.0492	0.0	0.0
RPS3A	18097.12	1.2188	0.0541	0.0	0.0
RPS4X	19458.5606	1.3353	0.0484	0.0	0.0
RPS5	14605.0207	1.3272	0.0531	0.0	0.0
RPS6	16621.0146	1.3678	0.0535	0.0	0.0
RPS6KA4	2537.5433	1.2975	0.0771	0.0	0.0
RPS6KB2	1458.2894	1.2998	0.0959	0.0	0.0
RPS6KC1	128.2412	-1.5561	0.3132	0.0	0.0
RPS6KL1	48.1582	-1.7134	0.5181	0.0002	0.0005
RPS7	8606.2956	1.0153	0.0601	0.0	0.0
RPS8	15168.0359	1.2758	0.0524	0.0	0.0
RPS9	19992.7747	1.5728	0.0481	0.0	0.0
RPSA	33143.5824	1.4105	0.0459	0.0	0.0
RPSAP52	4.4335	-1.4462	1.1695	0.0141	0.0239
RPSAP9	38.4418	1.1716	0.5242	0.0129	0.0221
RPTOR	920.8933	-1.3126	0.125	0.0	0.0
RPUSD2	674.9703	1.4635	0.1365	0.0	0.0
RQCD1	920.5526	-1.9452	0.1302	0.0	0.0
RRAGA	839.8452	1.2666	0.1338	0.0	0.0
RRAGC	366.345	-1.256	0.1822	0.0	0.0
RRAS	1254.5332	1.3312	0.1049	0.0	0.0
RRM2	3879.3093	-1.0201	0.0692	0.0	0.0
RRM2B	288.7541	-1.3848	0.2058	0.0	0.0
RRN3	590.2657	-1.5738	0.1519	0.0	0.0
RRP1	1020.9774	-1.8337	0.1191	0.0	0.0
RRP1B	2669.5199	-1.5002	0.0908	0.0	0.0
RRP8	196.7563	-2.2002	0.2797	0.0	0.0
RRS1	3158.3786	1.9535	0.0779	0.0	0.0
RSAD1	155.5037	-2.098	0.2911	0.0	0.0
RSC1A1	92.7044	-1.5393	0.3722	0.0	0.0
RSF1	639.9625	-1.2483	0.1449	0.0	0.0
RSG1	28.5695	-1.2572	0.5861	0.0142	0.0241
RSPRY1	537.3282	-1.5948	0.154	0.0	0.0
RSRC2	1659.7208	1.6021	0.093	0.0	0.0
RSU1	2281.2498	1.3281	0.0859	0.0	0.0
RTKN	295.2453	-2.6176	0.2306	0.0	0.0
RTN4IP1	107.5727	-1.9485	0.3605	0.0	0.0
RTN4R	58.5963	-1.3351	0.4348	0.001	0.0019
RUFY2	97.6664	-1.6449	0.3765	0.0	0.0
RUNDC1	280.6908	-2.0111	0.219	0.0	0.0
RUSC2	245.6873	-1.7825	0.2311	0.0	0.0
RWDD2A	70.2199	-1.4426	0.3926	0.0001	0.0002
RWDD3	76.783	-1.0048	0.4044	0.0082	0.0144
RXRA	425.8545	-1.0023	0.1871	0.0	0.0
RXRB	487.4767	-1.7316	0.1685	0.0	0.0
S100A1	320.6461	1.4796	0.197	0.0	0.0
S100A10	4178.0587	1.6527	0.066	0.0	0.0
S100A11	7375.4504	1.5471	0.056	0.0	0.0
S100A13	1592.2595	1.4366	0.0931	0.0	0.0
S100A16	2505.2804	1.1506	0.0793	0.0	0.0
S100A2	555.0926	1.7419	0.1505	0.0	0.0
S100A3	75.1542	1.7012	0.384	0.0	0.0
S100A4	3827.3787	1.4564	0.0727	0.0	0.0
S100A6	13230.9046	1.7594	0.0542	0.0	0.0
S100P	155.1559	1.8038	0.2721	0.0	0.0
S100PBP	202.0177	-1.1774	0.2539	0.0	0.0
S1PR2	63.0001	-2.6076	0.4885	0.0	0.0
S1PR3	23.491	-1.6776	0.6674	0.0028	0.0051
SAA1	118.1602	1.6032	0.3533	0.0	0.0
SAA2	24.9845	1.21	0.6111	0.0219	0.0361
SACM1L	692.2209	-1.873	0.144	0.0	0.0
SACS	1036.9267	-1.1166	0.1147	0.0	0.0
SAFB	2201.9995	-1.2152	0.0839	0.0	0.0
SALL4	179.114	1.1014	0.2524	0.0	0.0
SAMD1	1420.9883	1.3616	0.1008	0.0	0.0
SAMD10	108.7161	-1.2749	0.3421	0.0001	0.0002
SAMD14	13.0824	-1.7843	0.8881	0.0057	0.0101
SAMD4A	385.1858	-1.7638	0.1882	0.0	0.0
SAMHD1	512.1562	1.0232	0.1557	0.0	0.0
SAP130	456.1484	-1.4648	0.1751	0.0	0.0
SAP18	3051.8817	1.3616	0.0775	0.0	0.0
SAP25	5.1696	-1.5612	1.166	0.0096	0.0166
SAP30BP	557.4866	-1.0276	0.1518	0.0	0.0
SAP30L	381.0542	-1.4034	0.1804	0.0	0.0
SAR1A	1203.2121	-1.246	0.1167	0.0	0.0
SARNP	1384.6003	1.1122	0.0986	0.0	0.0
SARS2	422.719	-1.3444	0.1739	0.0	0.0
SART3	1353.9164	-1.3568	0.1061	0.0	0.0
SASH1	531.9114	-2.1367	0.1808	0.0	0.0
SASS6	193.4912	-3.3518	0.3076	0.0	0.0
SBDS	2040.5419	1.306	0.0982	0.0	0.0
SBDSP1	676.5753	1.1215	0.1476	0.0	0.0
SBK1	177.5717	-1.5155	0.2818	0.0	0.0
SBNO1	1293.9576	-1.0656	0.1058	0.0	0.0
SBNO2	874.2641	-2.3356	0.1338	0.0	0.0
SCAF11	1398.4034	-2.3922	0.1121	0.0	0.0
SCAF4	623.2286	-2.1949	0.1537	0.0	0.0
SCAND2P	102.8956	-1.1161	0.3285	0.0004	0.0008
SCARA3	5059.1359	1.1035	0.0723	0.0	0.0
SCARB1	4617.8464	1.4418	0.0674	0.0	0.0
SCARB2	2315.8709	1.1049	0.0828	0.0	0.0
SCARF2	1874.0678	1.2857	0.0893	0.0	0.0
SCARNA12	12.4033	1.9106	0.8953	0.0032	0.006
SCLT1	191.1412	-1.6457	0.2709	0.0	0.0
SCML2	92.8666	-1.9195	0.3756	0.0	0.0
SCN8A	29.3915	-1.1683	0.5749	0.0208	0.0345
SCNM1	131.7681	-1.3484	0.3025	0.0	0.0
SCP2	1495.2617	1.1972	0.0957	0.0	0.0
SCPEP1	111.6963	1.2546	0.3112	0.0	0.0001
SCRIB	7309.3969	1.0816	0.0561	0.0	0.0
SCUBE3	512.5236	1.1908	0.1633	0.0	0.0
SCYL3	73.3712	-2.0454	0.4237	0.0	0.0
SDAD1	419.9226	-1.6473	0.177	0.0	0.0
SDC1	5636.898	1.0855	0.0644	0.0	0.0
SDC2	17977.2073	1.7871	0.0567	0.0	0.0
SDC4	3052.2146	1.8589	0.0887	0.0	0.0
SDE2	1618.5243	1.9791	0.0958	0.0	0.0
SDF2L1	1321.4267	1.3386	0.0997	0.0	0.0
SDF4	9485.6099	1.6015	0.0526	0.0	0.0
SDHAF1	352.5596	1.5296	0.1829	0.0	0.0
SDHAF2	300.1961	-1.2043	0.2121	0.0	0.0
SDHAP3	21.1928	-1.9544	0.7341	0.001	0.002
SDHC	1734.3934	1.1815	0.0915	0.0	0.0
SDK1	108.3231	1.5571	0.3252	0.0	0.0
SEC11C	756.6397	1.2332	0.1326	0.0	0.0
SEC22A	91.2752	-2.0325	0.3736	0.0	0.0
SEC22C	591.2544	-1.1398	0.1571	0.0	0.0
SEC24A	430.7001	-1.7281	0.179	0.0	0.0
SEC24B	611.8198	-1.6561	0.1492	0.0	0.0
SEC61A1	10065.3315	1.0167	0.0543	0.0	0.0
SEC61B	1822.5566	1.4397	0.0924	0.0	0.0
SEC61G	1197.0138	1.2877	0.1051	0.0	0.0
SECISBP2L	410.0161	-1.6467	0.1774	0.0	0.0
SEL1L3	373.2747	1.4111	0.1866	0.0	0.0
SELL	79.9816	1.235	0.3622	0.0003	0.0007
SELM	634.7457	1.3677	0.1432	0.0	0.0
SEMA3B	1040.65	1.0533	0.1169	0.0	0.0
SEMA3F	721.2527	1.0095	0.1361	0.0	0.0
SEMA4B	603.0938	-1.5843	0.3448	0.0	0.0
SEMA4C	429.1951	-1.7846	0.1763	0.0	0.0
SEMA4D	383.6043	-1.1232	0.1906	0.0	0.0
SEMA4F	321.1694	1.0769	0.1874	0.0	0.0
SEMA6A	48.6134	-1.9035	0.4977	0.0	0.0001
SENP1	550.9397	-1.0614	0.15	0.0	0.0
SENP2	381.0197	-1.441	0.1827	0.0	0.0
SENP5	367.4813	-2.6347	0.2165	0.0	0.0
SENP6	782.2865	-1.4988	0.131	0.0	0.0
SENP8	25.5277	-2.9733	0.8909	0.0	0.0
SEP15	3659.7925	1.2735	0.0706	0.0	0.0
SEPN1	4497.219	1.367	0.0663	0.0	0.0
SEPSECS	33.229	-2.9343	0.7312	0.0	0.0
SEPT1	25.6731	1.1316	0.5975	0.0294	0.0477
SEPT2	17207.6811	1.1879	0.0487	0.0	0.0
SEPT7P2	26.1767	-1.8479	0.6581	0.0009	0.0017
SEPW1	730.9508	1.1958	0.1318	0.0	0.0
SERAC1	129.8152	-1.3645	0.3013	0.0	0.0
SERF1A	22.2332	-3.5959	1.5778	0.0	0.0
SERF2	9074.2183	1.6805	0.0543	0.0	0.0
SERINC2	346.2144	1.0684	0.1822	0.0	0.0
SERPINE1	270.0079	1.2136	0.2271	0.0	0.0
SERPINE2	130.0624	1.5094	0.2928	0.0	0.0
SERPINF1	358.3467	1.7733	0.1827	0.0	0.0
SERPINH1	14554.666	1.2923	0.0491	0.0	0.0
SERTAD2	983.4872	1.4249	0.132	0.0	0.0
SERTAD3	468.1725	1.4704	0.1606	0.0	0.0
SERTAD4-AS1	24.1034	1.8254	0.6379	0.0008	0.0016
SESN1	103.354	-2.5656	0.3929	0.0	0.0
SESN2	239.0542	-3.1862	0.2684	0.0	0.0
SESN3	53.1825	-2.456	0.5169	0.0	0.0
SETD2	1178.9958	-1.4488	0.1113	0.0	0.0
SETD4	168.9007	-1.3194	0.2785	0.0	0.0
SETD5	1488.448	-2.074	0.1044	0.0	0.0
SETDB1	386.434	-1.3118	0.1914	0.0	0.0
SETDB2	88.6307	-1.0699	0.3841	0.0032	0.006
SETX	696.3203	-1.7907	0.1475	0.0	0.0
SEZ6L2	1346.2778	1.484	0.1164	0.0	0.0
SF3A2	1369.2337	-1.056	0.1005	0.0	0.0
SF3B14	1594.1514	1.4929	0.0944	0.0	0.0
SF3B4	3053.2577	1.0419	0.072	0.0	0.0
SF3B5	3021.0449	1.6664	0.0737	0.0	0.0
SFMBT1	283.4624	-1.6904	0.2126	0.0	0.0
SFMBT2	24.3021	-1.8245	0.6781	0.0013	0.0025
SFR1	56.5355	-2.2615	0.4945	0.0	0.0
SFSWAP	594.2941	-1.3797	0.147	0.0	0.0
SGCA	69.6051	1.3865	0.3881	0.0002	0.0003
SGCB	813.2927	1.1209	0.1231	0.0	0.0
SGK223	4051.8481	1.6399	0.0666	0.0	0.0
SGK494	44.3439	-1.2527	0.5302	0.0084	0.0148
SGMS2	283.0691	-1.3802	0.2168	0.0	0.0
SGOL1	270.4916	-1.7105	0.2286	0.0	0.0
SGOL2	362.0267	-3.1944	0.2283	0.0	0.0
SGPP2	59.2187	-1.3364	0.4541	0.0014	0.0028
SGTA	1657.2318	-1.5591	0.0971	0.0	0.0
SGTB	166.2538	-1.8742	0.2932	0.0	0.0
SH2B1	526.9666	-1.777	0.1592	0.0	0.0
SH2B2	120.6859	-1.8592	0.3286	0.0	0.0
SH2B3	147.5906	-1.7783	0.2923	0.0	0.0
SH2D3A	34.8696	-1.5982	0.5656	0.0014	0.0026
SH2D4A	160.1744	-2.3211	0.2943	0.0	0.0
SH2D5	65.5461	-1.5961	0.4213	0.0	0.0001
SH3BGRL	1039.6359	1.4343	0.1132	0.0	0.0
SH3BGRL2	213.5428	-1.0221	0.2369	0.0	0.0
SH3BGRL3	4745.7989	1.584	0.0631	0.0	0.0
SH3BP2	351.2595	-2.6203	0.2178	0.0	0.0
SH3BP5	48.8871	-1.2208	0.4786	0.0053	0.0096
SH3BP5L	367.0917	-1.1603	0.1847	0.0	0.0
SH3GL2	103.0465	-2.1655	0.4046	0.0	0.0
SH3GLB1	529.0993	-1.3103	0.1571	0.0	0.0
SH3PXD2B	336.0534	-1.9354	0.1991	0.0	0.0
SH3RF2	87.976	-1.372	0.3622	0.0001	0.0001
SH3RF3	102.0078	-2.6097	0.3825	0.0	0.0
SH3RF3-AS1	30.0386	-1.6259	0.6059	0.002	0.0037
SHB	587.2708	-1.2528	0.1524	0.0	0.0
SHFM1	2243.8291	1.378	0.0828	0.0	0.0
SHISA5	3611.618	1.0095	0.068	0.0	0.0
SHKBP1	1001.4593	1.1517	0.1127	0.0	0.0
SHOC2	467.3744	-1.0628	0.1651	0.0	0.0
SHPRH	234.7583	-1.8199	0.2349	0.0	0.0
SHROOM1	155.4208	-1.7133	0.2843	0.0	0.0
SHROOM4	119.2295	-2.0204	0.341	0.0	0.0
SIAE	268.4216	1.5358	0.2158	0.0	0.0
SIGLEC14	12.255	1.4786	0.7967	0.0164	0.0276
SIGMAR1	3169.1179	1.0875	0.0745	0.0	0.0
SIK2	377.4331	-1.735	0.1852	0.0	0.0
SIK3	514.6473	-2.0745	0.165	0.0	0.0
SIL1	664.5052	1.3072	0.1347	0.0	0.0
SIM2	307.3496	-1.5108	0.2035	0.0	0.0
SIMC1	217.787	-2.1078	0.2512	0.0	0.0
SIN3A	805.7955	-1.5637	0.1383	0.0	0.0
SIPA1L1	539.6165	-1.006	0.1542	0.0	0.0
SIPA1L3	1268.5988	-1.7132	0.1076	0.0	0.0
SIRT2	533.2385	1.1393	0.1566	0.0	0.0
SIRT7	214.5163	-1.3263	0.2496	0.0	0.0
SIVA1	2451.8309	1.2409	0.084	0.0	0.0
SIX2	52.8697	-2.0757	0.4859	0.0	0.0
SIX4	652.4788	1.1432	0.1374	0.0	0.0
SKA1	283.9845	-3.3072	0.2519	0.0	0.0
SKIV2L2	1067.2366	-1.1962	0.1161	0.0	0.0
SKP1	4536.1798	1.1687	0.0658	0.0	0.0
SLAIN1	256.2914	-1.2414	0.217	0.0	0.0
SLAIN2	710.0297	-1.3095	0.1346	0.0	0.0
SLBP	1183.2854	-3.0704	0.1438	0.0	0.0
SLC10A7	44.1825	-1.0149	0.4946	0.0242	0.0397
SLC11A1	23.7037	2.8657	0.7443	0.0	0.0
SLC12A6	70.8137	-1.5912	0.412	0.0	0.0001
SLC16A14	346.2514	-2.117	0.1988	0.0	0.0
SLC16A4	10.1218	1.4493	0.8895	0.0233	0.0383
SLC19A2	236.2762	-2.5873	0.2637	0.0	0.0
SLC1A4	500.491	-1.1321	0.1582	0.0	0.0
SLC20A1	1034.5752	-1.6814	0.1328	0.0	0.0
SLC22A15	21.5267	-1.3634	0.6721	0.0153	0.0258
SLC22A17	40.0467	1.3354	0.4999	0.0033	0.006
SLC22A23	228.8101	-1.0288	0.2503	0.0	0.0001
SLC25A12	176.707	-2.442	0.2865	0.0	0.0
SLC25A19	215.2656	-1.6864	0.2486	0.0	0.0
SLC25A23	1721.759	1.1619	0.098	0.0	0.0
SLC25A25	836.8063	1.4463	0.1327	0.0	0.0
SLC25A28	221.8903	-2.0709	0.302	0.0	0.0
SLC25A29	582.0376	-1.4999	0.1517	0.0	0.0
SLC25A30	209.5012	-2.2363	0.2554	0.0	0.0
SLC25A32	554.8273	-3.23	0.1924	0.0	0.0
SLC25A33	335.52	-1.066	0.2056	0.0	0.0
SLC25A36	519.7842	-1.1565	0.1626	0.0	0.0
SLC25A38	455.0627	-1.09	0.1645	0.0	0.0
SLC25A39	8728.3384	1.5562	0.0564	0.0	0.0
SLC25A40	228.9299	-1.2688	0.231	0.0	0.0
SLC25A42	20.2446	-1.7491	0.7232	0.003	0.0055
SLC25A44	505.8411	-2.9746	0.1854	0.0	0.0
SLC25A5	13303.5083	1.4222	0.0544	0.0	0.0
SLC25A5-AS1	48.2286	1.9715	0.4944	0.0	0.0
SLC25A53	48.5205	-2.0328	0.5026	0.0	0.0
SLC25A6	11231.27	1.2719	0.0505	0.0	0.0
SLC26A1	74.3717	-1.3288	0.3922	0.0003	0.0007
SLC26A11	196.545	-2.2774	0.2737	0.0	0.0
SLC26A2	2312.5994	-1.3697	0.0823	0.0	0.0
SLC26A6	232.7912	-1.1163	0.2493	0.0	0.0
SLC29A3	52.3969	-2.0584	0.4932	0.0	0.0
SLC30A1	660.7338	1.4399	0.1398	0.0	0.0
SLC30A6	622.6893	-1.3557	0.1451	0.0	0.0
SLC30A7	315.2034	-1.3433	0.2012	0.0	0.0
SLC35A1	168.2914	-1.1458	0.2761	0.0	0.0
SLC35B4	430.3094	-1.5069	0.1795	0.0	0.0
SLC35C1	127.6094	-1.4381	0.3066	0.0	0.0
SLC35D1	241.2834	-1.8416	0.2345	0.0	0.0
SLC35E2B	1006.0142	-1.5456	0.1211	0.0	0.0
SLC35E4	68.5166	-2.1513	0.4395	0.0	0.0
SLC35F2	489.1615	-1.5029	0.1642	0.0	0.0
SLC38A1	2834.5677	-1.087	0.0856	0.0	0.0
SLC38A10	4054.6496	1.3989	0.0666	0.0	0.0
SLC38A7	169.1392	-2.0626	0.2847	0.0	0.0
SLC38A9	73.8281	-2.212	0.4367	0.0	0.0
SLC39A11	183.1866	1.3565	0.2519	0.0	0.0
SLC39A6	3635.3502	1.1786	0.0699	0.0	0.0
SLC41A1	454.6862	-1.2701	0.1656	0.0	0.0
SLC44A1	1090.7178	1.1464	0.1123	0.0	0.0
SLC45A3	86.5199	-2.1997	0.4036	0.0	0.0
SLC45A4	231.4161	-2.6025	0.2562	0.0	0.0
SLC4A1AP	369.4994	-1.4388	0.1882	0.0	0.0
SLC4A4	22.2371	-1.2035	0.6485	0.0285	0.0462
SLC4A7	860.1835	-1.4497	0.126	0.0	0.0
SLC5A3	792.3041	-2.4896	0.1401	0.0	0.0
SLC6A9	132.5245	-1.0449	0.2906	0.0002	0.0004
SLC7A1	2073.8887	-1.9013	0.0964	0.0	0.0
SLC7A5P2	93.5337	1.0173	0.3357	0.0016	0.003
SLC8B1	366.6603	-2.0141	0.1938	0.0	0.0
SLFN11	101.1473	-1.2476	0.3336	0.0001	0.0002
SLFN12	194.6311	1.1871	0.248	0.0	0.0
SLFN5	25.5375	-2.5933	0.7813	0.0	0.0001
SLIRP	1024.5212	1.1489	0.1152	0.0	0.0
SLK	1088.4964	-1.4893	0.1137	0.0	0.0
SLMAP	912.0435	-1.9774	0.1468	0.0	0.0
SLMO1	43.252	-2.1166	0.5369	0.0	0.0
SLMO2-ATP5E	30.2861	-2.9205	1.2179	0.0	0.0001
SLPI	49.5544	1.1803	0.4466	0.0043	0.0079
SLU7	244.6107	-1.275	0.2351	0.0	0.0
SLX1A-SULT1A3	22.6827	-2.8331	0.9978	0.0	0.0001
SLX4	423.8697	-1.476	0.1728	0.0	0.0
SLX4IP	22.7753	-1.4426	0.6583	0.0094	0.0163
SMA4	29.7372	-2.4374	0.681	0.0	0.0
SMA5	13.1048	-1.6357	0.8534	0.0099	0.0172
SMAD1	144.4685	-2.8671	0.3258	0.0	0.0
SMAD3	823.3645	-2.2494	0.1342	0.0	0.0
SMAD4	760.7703	-2.2	0.1384	0.0	0.0
SMAD5	674.304	-2.8949	0.1576	0.0	0.0
SMAD5-AS1	14.3654	2.5633	1.2206	0.0002	0.0004
SMAD7	5657.2177	2.3054	0.0686	0.0	0.0
SMAGP	176.1648	-1.0156	0.2557	0.0	0.0001
SMAP2	205.8912	-1.8965	0.25	0.0	0.0
SMARCAD1	641.4934	-1.9795	0.149	0.0	0.0
SMARCAL1	288.7264	-1.5004	0.2081	0.0	0.0
SMC1A	6035.8435	1.014	0.0599	0.0	0.0
SMC3	1851.666	-1.3468	0.097	0.0	0.0
SMC4	3517.1202	-1.3658	0.0727	0.0	0.0
SMC5	547.8914	-1.1593	0.1548	0.0	0.0
SMC6	373.9829	-1.4706	0.1835	0.0	0.0
SMCR8	1506.1299	1.8553	0.1011	0.0	0.0
SMDT1	535.4044	1.3346	0.1499	0.0	0.0
SMG1	1485.9484	-1.6932	0.1046	0.0	0.0
SMG1P1	176.0862	-1.3689	0.2982	0.0	0.0
SMG5	2515.4009	-1.8976	0.0816	0.0	0.0
SMG6	585.5916	-2.4977	0.1665	0.0	0.0
SMG7	1862.9377	-1.4052	0.0939	0.0	0.0
SMG8	846.1144	1.1898	0.1207	0.0	0.0
SMG9	392.2801	-3.2505	0.222	0.0	0.0
SMIM10	165.1456	1.5399	0.2682	0.0	0.0
SMIM13	2376.5591	1.5826	0.0905	0.0	0.0
SMIM3	76.9148	-1.3422	0.3917	0.0003	0.0006
SMIM4	241.7138	1.2543	0.2167	0.0	0.0
SMIM5	42.7905	3.4865	0.5937	0.0	0.0
SMN1	460.9898	-1.6459	0.1698	0.0	0.0
SMN2	309.1865	-2.1325	0.2173	0.0	0.0
SMNDC1	2303.603	2.614	0.092	0.0	0.0
SMOC2	2201.8431	1.23	0.0856	0.0	0.0
SMOX	142.9068	-1.3444	0.2984	0.0	0.0
SMPD1	390.1021	1.4022	0.1732	0.0	0.0
SMPDL3B	56.5734	1.2244	0.4431	0.0029	0.0054
SMS	2277.44	1.1302	0.0843	0.0	0.0
SMTN	368.6432	-1.3047	0.1819	0.0	0.0
SMURF1	402.3239	-1.22	0.1759	0.0	0.0
SMURF2	632.6492	-1.4421	0.1503	0.0	0.0
SMYD2	820.6575	1.0467	0.1292	0.0	0.0
SMYD3	295.5772	1.1114	0.1958	0.0	0.0
SMYD4	224.1212	-2.9277	0.2758	0.0	0.0
SMYD5	357.6422	-2.2801	0.1984	0.0	0.0
SNAI1	134.6864	1.0987	0.2836	0.0001	0.0001
SNAP47	367.5517	-1.9962	0.1898	0.0	0.0
SNAPC1	187.1084	-2.4326	0.2822	0.0	0.0
SNAPC3	402.3734	-1.0571	0.1903	0.0	0.0
SNCG	608.4087	1.279	0.1485	0.0	0.0
SND1	3943.754	1.064	0.0662	0.0	0.0
SNF8	1523.7019	1.201	0.0952	0.0	0.0
SNHG10	516.6948	2.1206	0.1569	0.0	0.0
SNHG12	78.7837	-3.6568	0.5331	0.0	0.0
SNHG19	199.5548	1.005	0.2443	0.0	0.0001
SNHG3	677.8744	1.2317	0.1365	0.0	0.0
SNHG6	620.323	1.4742	0.1482	0.0	0.0
SNHG7	698.2368	-2.1012	0.1467	0.0	0.0
SNN	756.1511	-1.3513	0.1323	0.0	0.0
SNORA53	4.3954	1.6866	1.2111	0.0047	0.0085
SNRNP25	1769.7196	1.3927	0.0895	0.0	0.0
SNRNP40	1005.8642	-1.103	0.1146	0.0	0.0
SNRNP70	5294.4801	1.135	0.0676	0.0	0.0
SNRPB	8250.1413	1.0898	0.0557	0.0	0.0
SNRPC	2963.0459	1.3314	0.0787	0.0	0.0
SNRPD1	2972.2131	1.1651	0.0732	0.0	0.0
SNRPD2	5105.0979	1.4621	0.0627	0.0	0.0
SNRPE	2025.2675	1.3018	0.0932	0.0	0.0
SNRPF	2598.3966	1.0628	0.0776	0.0	0.0
SNRPG	2153.8048	1.1957	0.0839	0.0	0.0
SNTB1	11.5587	-1.4474	0.8667	0.0226	0.0372
SNX11	147.374	-3.3809	0.3544	0.0	0.0
SNX13	371.9829	-1.1534	0.1833	0.0	0.0
SNX16	31.5335	-2.2239	0.657	0.0001	0.0001
SNX18	1330.8585	1.7785	0.1106	0.0	0.0
SNX21	197.7506	-1.771	0.269	0.0	0.0
SNX22	210.1745	1.8048	0.2535	0.0	0.0
SNX24	176.653	-1.2978	0.2743	0.0	0.0
SNX27	555.6379	-2.5063	0.1726	0.0	0.0
SNX29	142.7857	-1.0669	0.295	0.0002	0.0004
SNX30	189.7595	-1.5005	0.2556	0.0	0.0
SNX33	170.2594	-1.5155	0.2664	0.0	0.0
SNX4	404.1378	-1.9439	0.1886	0.0	0.0
SNX9	589.9374	-1.142	0.1482	0.0	0.0
SOBP	232.3823	-1.254	0.251	0.0	0.0
SOCS2	119.9214	-2.2881	0.3487	0.0	0.0
SOCS3	1414.4414	1.4961	0.1124	0.0	0.0
SOCS5	574.4398	1.19	0.1556	0.0	0.0
SOCS7	593.3206	-1.1796	0.1461	0.0	0.0
SOD1	5465.8169	1.2656	0.06	0.0	0.0
SOD3	1245.4452	1.7646	0.1139	0.0	0.0
SOGA1	612.4507	-2.316	0.1604	0.0	0.0
SOGA2	292.7289	-1.0516	0.2173	0.0	0.0
SORBS1	47.1668	-1.8147	0.5193	0.0001	0.0002
SORBS2	199.7852	-2.2323	0.264	0.0	0.0
SOS1	489.0109	-2.7149	0.1798	0.0	0.0
SOS2	193.6945	-2.4905	0.3115	0.0	0.0
SOX13	172.4804	-3.4809	0.3308	0.0	0.0
SOX17	7805.3797	1.9821	0.0613	0.0	0.0
SOX4	3532.726	1.0826	0.0685	0.0	0.0
SOX5	58.7147	-1.0627	0.5048	0.0202	0.0336
SOX6	304.8322	-2.1123	0.212	0.0	0.0
SP2	267.3591	-1.5431	0.2243	0.0	0.0
SP4	101.1112	-1.9862	0.3681	0.0	0.0
SPAG5-AS1	14.188	2.5037	0.9116	0.0002	0.0003
SPARC	3239.5038	1.63	0.0726	0.0	0.0
SPAST	447.1626	-1.404	0.1672	0.0	0.0
SPATA13	508.7137	-1.3958	0.1569	0.0	0.0
SPATA20	1565.5	1.0888	0.0947	0.0	0.0
SPATA2L	152.3287	-3.6745	0.3679	0.0	0.0
SPATA33	121.9203	-1.2135	0.3092	0.0	0.0001
SPATA7	15.5058	-1.6992	0.8084	0.0063	0.0113
SPATS2	315.0921	-1.181	0.1956	0.0	0.0
SPC25	308.189	-1.1202	0.1974	0.0	0.0
SPCS1	1515.6253	1.1751	0.1025	0.0	0.0
SPCS2	1761.8411	1.1362	0.0886	0.0	0.0
SPCS3	2828.1892	1.1263	0.0873	0.0	0.0
SPDL1	937.9879	-1.4039	0.1212	0.0	0.0
SPDYE6	38.378	1.1468	0.5408	0.0176	0.0294
SPECC1L	777.5912	-2.5331	0.1449	0.0	0.0
SPEF2	22.1588	-1.2813	0.6646	0.0217	0.0358
SPG20	207.5212	-1.4714	0.2478	0.0	0.0
SPHK2	360.7655	-1.1849	0.1825	0.0	0.0
SPICE1	97.1154	-1.7581	0.3591	0.0	0.0
SPIN1	1383.0873	-1.1387	0.1035	0.0	0.0
SPIN3	277.6627	1.4869	0.2053	0.0	0.0
SPINT2	7859.2251	1.7142	0.0586	0.0	0.0
SPIRE1	799.7067	-1.4625	0.1421	0.0	0.0
SPIRE2	88.3185	-1.445	0.3615	0.0	0.0001
SPNS1	1872.7843	1.0243	0.0864	0.0	0.0
SPON1	1386.7836	1.247	0.1052	0.0	0.0
SPOP	445.0808	-1.6183	0.1908	0.0	0.0
SPOPL	387.3248	-2.0122	0.1962	0.0	0.0
SPP1	5110.3123	1.6006	0.0703	0.0	0.0
SPPL3	701.4751	-1.01	0.1352	0.0	0.0
SPRED3	27.491	-2.2528	0.6855	0.0001	0.0002
SPRN	51.8431	-1.4599	0.4629	0.0006	0.0012
SPRY1	7772.1984	2.211	0.0598	0.0	0.0
SPRY2	4162.5208	1.8319	0.0742	0.0	0.0
SPRY3	19.626	-2.8657	0.9231	0.0	0.0
SPRYD3	401.0797	-1.5062	0.1815	0.0	0.0
SPSB1	186.5049	-2.3748	0.2756	0.0	0.0
SPSB4	18.3062	-1.4229	0.7514	0.0175	0.0293
SPTLC1	1607.6681	1.0	0.0957	0.0	0.0
SPTY2D1	1058.1508	1.4782	0.1103	0.0	0.0
SQLE	480.3606	-1.7555	0.1749	0.0	0.0
SQSTM1	2756.2054	-1.3594	0.0793	0.0	0.0
SRC	372.9	-2.9679	0.2239	0.0	0.0
SRCAP	1975.9603	-1.3059	0.0954	0.0	0.0
SRFBP1	175.8898	-1.4201	0.2641	0.0	0.0
SRGAP1	312.0169	-1.2435	0.219	0.0	0.0
SRGAP2	581.3263	-1.7933	0.1535	0.0	0.0
SRGAP2B	212.6019	-1.0395	0.2453	0.0	0.0
SRGN	35.949	1.5088	0.5248	0.0014	0.0027
SRM	7374.5526	1.2229	0.0685	0.0	0.0
SRP14	6198.2467	1.4368	0.0603	0.0	0.0
SRP19	314.3429	-2.4414	0.2211	0.0	0.0
SRPK2	484.4086	-2.1479	0.1718	0.0	0.0
SRRD	167.5051	-1.9133	0.2782	0.0	0.0
SRRM5	29.32	2.7277	0.658	0.0	0.0
SRSF5	792.9906	-1.3512	0.1283	0.0	0.0
SRSF6	1655.2477	-1.1852	0.0992	0.0	0.0
SRSF8	898.8383	1.0407	0.1203	0.0	0.0
SRSF9	7074.2003	1.1742	0.0585	0.0	0.0
SS18	1505.4029	-1.2624	0.1102	0.0	0.0
SS18L1	200.7419	-2.5389	0.2746	0.0	0.0
SSBP2	131.8193	-1.8184	0.3493	0.0	0.0
SSFA2	8007.6312	1.929	0.0563	0.0	0.0
SSH1	1226.4147	-1.1251	0.1149	0.0	0.0
SSR2	4718.2873	1.2882	0.0699	0.0	0.0
SSR4	4076.9808	1.4754	0.0662	0.0	0.0
SSRP1	12312.4406	1.1069	0.0496	0.0	0.0
SSSCA1-AS1	15.4674	1.8173	0.7757	0.003	0.0055
SSU72	3286.3437	1.2487	0.0707	0.0	0.0
SSX2IP	347.9053	-1.5739	0.212	0.0	0.0
ST13	8773.651	1.1236	0.0574	0.0	0.0
ST14	885.5438	1.7101	0.1213	0.0	0.0
ST3GAL1	193.7519	-1.3263	0.2519	0.0	0.0
ST3GAL2	658.6305	-1.411	0.1424	0.0	0.0
ST3GAL3	84.3033	-2.0951	0.399	0.0	0.0
ST5	269.7552	-1.6714	0.2338	0.0	0.0
ST6GALNAC1	209.0356	1.2584	0.2308	0.0	0.0
ST6GALNAC2	29.2213	2.8335	0.6575	0.0	0.0
ST7-AS1	24.7716	1.7619	0.6545	0.0015	0.0028
STAG3L1	22.7939	-2.4974	0.7935	0.0001	0.0001
STAG3L2	52.5193	-2.1164	0.4937	0.0	0.0
STAM	250.0437	-2.1633	0.2535	0.0	0.0
STAM2	210.4236	-1.721	0.2453	0.0	0.0
STAP2	108.6921	1.0393	0.3115	0.0005	0.0011
STARD10	486.3852	1.1203	0.1589	0.0	0.0
STARD13	48.717	-1.5819	0.4869	0.0004	0.0007
STARD4	42.153	-1.5975	0.5309	0.0008	0.0016
STARD5	3.7065	-1.3055	1.1735	0.0224	0.0369
STARD8	158.8575	-3.1887	0.3294	0.0	0.0
STARD9	106.7442	-1.0905	0.3358	0.0007	0.0014
STAT2	259.4883	-1.2184	0.2251	0.0	0.0
STAT5A	92.521	-1.1383	0.3485	0.0006	0.0012
STC2	526.4233	-2.5437	0.1791	0.0	0.0
STIL	460.3374	-2.1163	0.1752	0.0	0.0
STK17A	138.8003	-2.2736	0.3222	0.0	0.0
STK17B	115.0884	-2.9881	0.3759	0.0	0.0
STK38	845.189	-1.9416	0.1468	0.0	0.0
STK38L	252.9745	-2.4211	0.2746	0.0	0.0
STMN1	7434.4256	1.3054	0.057	0.0	0.0
STOML1	42.4227	-1.2279	0.5024	0.0071	0.0125
STOML2	5766.4578	1.0305	0.0606	0.0	0.0
STOX1	154.8982	-1.1953	0.2854	0.0	0.0
STPG1	58.8323	-2.1893	0.4749	0.0	0.0
STRA13	1742.547	1.1561	0.0911	0.0	0.0
STRADA	158.8647	-1.1276	0.2724	0.0	0.0
STRIP1	392.7403	-2.5034	0.1971	0.0	0.0
STRN	486.2434	-2.1508	0.1712	0.0	0.0
STRN3	481.5559	-2.0632	0.1702	0.0	0.0
STS	807.4741	1.2066	0.1232	0.0	0.0
STT3A	6112.5562	1.2162	0.0613	0.0	0.0
STT3B	5730.1143	1.0016	0.0598	0.0	0.0
STX10	1318.274	1.0013	0.1034	0.0	0.0
STX12	212.8517	-1.341	0.2378	0.0	0.0
STX16	606.5951	-1.3625	0.1514	0.0	0.0
STX17	327.121	-1.495	0.2092	0.0	0.0
STX18	998.7487	-2.3695	0.1327	0.0	0.0
STX1A	62.8664	-1.1433	0.4185	0.0035	0.0064
STX5	290.301	-2.1059	0.2276	0.0	0.0
STX6	428.0992	-2.3601	0.1865	0.0	0.0
STX8	155.5566	1.2387	0.2675	0.0	0.0
STXBP3	266.5866	-2.2594	0.2332	0.0	0.0
STXBP5	174.1003	-1.153	0.2694	0.0	0.0
SUCLG2	1348.8554	1.1174	0.108	0.0	0.0
SUCO	505.2333	-1.0885	0.1558	0.0	0.0
SUDS3	539.8666	-1.4302	0.1573	0.0	0.0
SUGP1	306.7966	-1.1454	0.1969	0.0	0.0
SULF2	237.5574	1.4475	0.22	0.0	0.0
SUMF1	696.6673	1.3196	0.132	0.0	0.0
SUMF2	2403.4456	1.2293	0.0798	0.0	0.0
SUMO2	7015.6472	1.2608	0.0577	0.0	0.0
SUMO3	1824.0284	1.0763	0.088	0.0	0.0
SUOX	175.2648	-2.5974	0.2933	0.0	0.0
SUPT20H	471.6973	-2.5033	0.1815	0.0	0.0
SUPT4H1	939.3241	1.1138	0.1182	0.0	0.0
SUPV3L1	425.5572	-1.0459	0.177	0.0	0.0
SURF1	601.799	1.0593	0.1414	0.0	0.0
SURF2	245.3807	-1.386	0.2259	0.0	0.0
SUSD1	442.3477	1.3154	0.1623	0.0	0.0
SUSD2	15.7706	1.4206	0.75	0.0176	0.0294
SUSD5	75.8389	1.0615	0.3681	0.0024	0.0045
SUV39H1	374.0022	-1.0432	0.1809	0.0	0.0
SUV420H1	378.6726	-1.6202	0.2083	0.0	0.0
SUV420H2	176.8344	-1.1617	0.2619	0.0	0.0
SUZ12	1018.4514	-1.6614	0.1226	0.0	0.0
SVIL	1365.8342	-1.041	0.1061	0.0	0.0
SVIP	448.9775	1.2514	0.1744	0.0	0.0
SWAP70	648.2443	-1.6939	0.1501	0.0	0.0
SWT1	25.0316	-2.2171	0.712	0.0002	0.0003
SYCE1L	52.2832	1.3958	0.4633	0.0011	0.0021
SYDE1	1200.2985	-2.2251	0.1161	0.0	0.0
SYDE2	269.1056	1.6746	0.2745	0.0	0.0
SYF2	680.3083	1.266	0.1377	0.0	0.0
SYNE1	338.7509	-1.4467	0.1961	0.0	0.0
SYNJ1	103.2619	-1.5309	0.3379	0.0	0.0
SYNM	574.4779	-2.7406	0.1672	0.0	0.0
SYNRG	346.7478	-1.3749	0.2153	0.0	0.0
SYP	12.6535	1.3965	0.8034	0.0237	0.039
SYT17	39.1097	-1.1257	0.5101	0.0147	0.0249
SYTL4	42.1076	-1.6494	0.5263	0.0005	0.001
SYVN1	332.7603	-2.6642	0.2162	0.0	0.0
SZRD1	7257.8273	1.3262	0.0605	0.0	0.0
TAB1	358.041	-2.9248	0.2231	0.0	0.0
TACC2	717.5098	-2.0103	0.1423	0.0	0.0
TACO1	346.6812	-2.2109	0.2057	0.0	0.0
TADA1	143.0615	-3.4493	0.3853	0.0	0.0
TADA2A	150.2715	-3.2982	0.3466	0.0	0.0
TAF1	445.5359	-1.543	0.1755	0.0	0.0
TAF10	1953.5959	1.4392	0.0855	0.0	0.0
TAF1A	142.3819	-1.2083	0.286	0.0	0.0
TAF1B	192.2688	-1.1023	0.246	0.0	0.0
TAF4	463.7819	-1.8862	0.1756	0.0	0.0
TAF5	278.2093	-1.2888	0.2078	0.0	0.0
TAF5L	594.5437	-1.012	0.1437	0.0	0.0
TAF6L	304.0454	-1.1074	0.2136	0.0	0.0
TAGLN	18769.5629	1.6554	0.0649	0.0	0.0
TAGLN2	8001.0755	1.5957	0.0594	0.0	0.0
TALDO1	6940.4215	1.3799	0.0576	0.0	0.0
TANC1	720.4137	-1.1161	0.1349	0.0	0.0
TAOK1	1176.7951	-1.7645	0.1228	0.0	0.0
TAOK2	977.7508	-1.2253	0.1244	0.0	0.0
TAOK3	57.5499	-1.5646	0.4616	0.0002	0.0005
TAP1	874.9955	1.2663	0.1265	0.0	0.0
TAP2	1162.0675	1.4076	0.1153	0.0	0.0
TAPBP	4043.3687	1.4001	0.0682	0.0	0.0
TASP1	64.5679	-1.5239	0.4194	0.0001	0.0002
TATDN3	64.9005	-1.0466	0.4059	0.0061	0.0108
TAX1BP3	4097.2562	1.3725	0.0663	0.0	0.0
TBC1D10A	50.8571	-2.4546	0.5292	0.0	0.0
TBC1D13	488.6823	-1.7309	0.166	0.0	0.0
TBC1D14	927.5781	-1.5427	0.1232	0.0	0.0
TBC1D2	85.3664	-1.7341	0.3739	0.0	0.0
TBC1D20	379.9719	-1.715	0.1879	0.0	0.0
TBC1D22B	122.7381	-1.6632	0.3309	0.0	0.0
TBC1D23	206.5607	-2.0466	0.2532	0.0	0.0
TBC1D24	234.2916	-3.2853	0.2839	0.0	0.0
TBC1D2B	264.3411	-2.6558	0.2413	0.0	0.0
TBC1D31	144.4344	-1.967	0.298	0.0	0.0
TBC1D32	22.8369	-1.676	0.7066	0.0039	0.0071
TBC1D4	683.2562	-1.1258	0.1633	0.0	0.0
TBC1D5	1357.3222	1.0985	0.1029	0.0	0.0
TBC1D9	359.0445	-1.0463	0.1871	0.0	0.0
TBC1D9B	4192.8305	1.0413	0.0647	0.0	0.0
TBCA	2191.0633	1.3611	0.0818	0.0	0.0
TBCB	4075.3718	1.3787	0.0694	0.0	0.0
TBCC	1062.2921	2.0546	0.114	0.0	0.0
TBCCD1	221.6083	-1.3502	0.2344	0.0	0.0
TBCD	3716.3551	1.3067	0.0687	0.0	0.0
TBCEL	316.2934	-1.0611	0.1963	0.0	0.0
TBK1	309.9554	-3.2676	0.2439	0.0	0.0
TBKBP1	172.9086	-1.4359	0.2659	0.0	0.0
TBL1XR1	891.004	-1.136	0.1231	0.0	0.0
TBP	256.0869	-1.5888	0.2239	0.0	0.0
TBPL1	149.5333	-3.297	0.3468	0.0	0.0
TBX15	62.1324	-1.8648	0.4414	0.0	0.0
TBX18	136.8002	-1.3305	0.3072	0.0	0.0
TBX3	22.842	-1.3218	0.6681	0.0183	0.0305
TCEAL8	893.5714	1.2419	0.1295	0.0	0.0
TCEANC2	61.8023	-3.0163	0.519	0.0	0.0
TCEB2	2819.8209	1.4744	0.0755	0.0	0.0
TCF12	1198.5609	-1.9717	0.1112	0.0	0.0
TCF15	17.7311	-1.6567	0.7649	0.0063	0.0112
TCF20	894.28	-2.1031	0.133	0.0	0.0
TCF7L1	888.2831	-1.4949	0.127	0.0	0.0
TCHP	226.7641	-2.9215	0.2675	0.0	0.0
TCN2	267.813	1.8352	0.2162	0.0	0.0
TCTEX1D2	328.6663	1.2365	0.195	0.0	0.0
TCTN1	652.1226	1.4186	0.1459	0.0	0.0
TCTN3	1844.1683	1.1224	0.0875	0.0	0.0
TDP2	485.6452	-1.5521	0.1628	0.0	0.0
TDRD3	103.1557	-2.1737	0.3574	0.0	0.0
TEAD3	315.2877	-1.3703	0.1969	0.0	0.0
TEC	112.15	-2.6366	0.3654	0.0	0.0
TECPR2	300.0291	-1.2133	0.209	0.0	0.0
TECR	2084.6532	1.2532	0.0847	0.0	0.0
TEFM	86.5974	-2.4087	0.4021	0.0	0.0
TEN1	195.2077	1.0049	0.2508	0.0	0.0001
TERF2	228.9531	-2.2008	0.254	0.0	0.0
TERF2IP	1187.1424	1.1941	0.1063	0.0	0.0
TET1	106.1906	-1.2662	0.3372	0.0001	0.0002
TEX10	569.9831	-1.4254	0.1519	0.0	0.0
TEX19	36.0672	-1.405	0.5426	0.0037	0.0068
TEX22	12.0401	2.1004	0.895	0.0013	0.0025
TEX30	234.8038	-1.7272	0.2347	0.0	0.0
TFAP2A-AS1	157.6211	2.4366	0.2812	0.0	0.0
TFAP4	192.6129	-2.1619	0.2637	0.0	0.0
TFB1M	96.8653	-3.6781	0.443	0.0	0.0
TFB2M	268.3798	-1.3635	0.2169	0.0	0.0
TFCP2	587.2036	-1.1947	0.1475	0.0	0.0
TFCP2L1	45.415	-1.9667	0.5404	0.0	0.0001
TFDP2	415.8135	-1.645	0.2045	0.0	0.0
TFEB	7.6078	-2.0531	1.1955	0.0014	0.0026
TFG	1390.4345	-1.0958	0.1001	0.0	0.0
TFIP11	388.7576	-1.3602	0.1841	0.0	0.0
TFPI2	12322.6164	1.4313	0.0512	0.0	0.0
TFRC	14897.6664	1.1098	0.0565	0.0	0.0
TGDS	114.8468	-2.7072	0.3622	0.0	0.0
TGFB1	1858.3393	1.1142	0.0879	0.0	0.0
TGFB1I1	591.9012	-1.0035	0.1445	0.0	0.0
TGFB3	62.2684	-1.058	0.4169	0.0067	0.0119
TGFBR1	629.7518	-1.087	0.1418	0.0	0.0
TGFBR3	985.8011	-1.5252	0.1251	0.0	0.0
TGIF1	2171.367	1.7902	0.0988	0.0	0.0
TGM2	560.6267	1.1858	0.1485	0.0	0.0
TGS1	445.9065	-1.5014	0.1865	0.0	0.0
THAP2	22.6315	-2.6354	0.8338	0.0	0.0001
THAP3	254.6364	-1.6688	0.2239	0.0	0.0
THAP5	515.7561	-1.3035	0.1586	0.0	0.0
THAP6	114.825	-2.481	0.3769	0.0	0.0
THAP9	37.6787	-1.072	0.5141	0.021	0.0347
THBS3	591.2586	1.2206	0.1554	0.0	0.0
THEM6	209.2321	-1.8631	0.2472	0.0	0.0
THEMIS2	7.6058	-1.4302	1.0999	0.0209	0.0345
THNSL1	118.3971	-2.2061	0.3455	0.0	0.0
THOC1	347.4312	-1.395	0.188	0.0	0.0
THOC3	2588.6436	1.1408	0.0769	0.0	0.0
THRB	49.2616	-2.3371	0.5318	0.0	0.0
THSD4	213.4704	1.0932	0.2274	0.0	0.0
THTPA	369.5483	1.2056	0.1878	0.0	0.0
THUMPD1	1111.6231	1.0476	0.1087	0.0	0.0
THUMPD2	84.3039	-1.3686	0.3781	0.0001	0.0003
THUMPD3	719.9457	-1.4322	0.1392	0.0	0.0
THUMPD3-AS1	122.2006	2.0601	0.3183	0.0	0.0
TIAF1	36.3867	1.4473	0.5981	0.0054	0.0097
TIAL1	1308.3557	-1.0508	0.1019	0.0	0.0
TIE1	33.4219	1.6185	0.5429	0.0008	0.0016
TIGD1	195.6954	2.2519	0.2492	0.0	0.0
TIMM10B	812.2895	1.3285	0.1267	0.0	0.0
TIMM17B	1970.3003	1.4213	0.0865	0.0	0.0
TIMM44	777.885	-1.4255	0.132	0.0	0.0
TIMM8B	2139.359	1.5811	0.0869	0.0	0.0
TIMM9	183.45	-3.9135	0.3495	0.0	0.0
TIMMDC1	960.0144	1.2433	0.1202	0.0	0.0
TIMP1	1782.1925	1.6613	0.0897	0.0	0.0
TIMP2	16134.639	1.434	0.056	0.0	0.0
TINAGL1	32.6189	1.0515	0.5424	0.0298	0.0483
TIPARP	1365.5175	3.1852	0.1171	0.0	0.0
TIPARP-AS1	102.3334	7.2369	1.313	0.0	0.0
TIPIN	176.6855	-1.2445	0.2918	0.0	0.0
TIRAP	63.4753	-1.7304	0.443	0.0	0.0001
TJAP1	335.9713	-1.4124	0.2091	0.0	0.0
TJP1	2011.6416	-1.1531	0.0913	0.0	0.0
TK2	89.7682	-2.1669	0.4244	0.0	0.0
TKT	32266.9136	1.1534	0.0462	0.0	0.0
TLCD1	104.3864	-1.172	0.3512	0.0005	0.0009
TLDC1	227.5678	-1.5098	0.283	0.0	0.0
TLE1	620.8856	-2.2467	0.1596	0.0	0.0
TLE2	647.8285	1.1566	0.142	0.0	0.0
TLE3	532.0234	-2.379	0.1692	0.0	0.0
TLE4	26.2559	-1.7085	0.6447	0.0018	0.0035
TLK1	445.9636	-1.2491	0.1791	0.0	0.0
TLK2	577.8025	-1.2004	0.1488	0.0	0.0
TLN1	12283.9188	1.0883	0.0525	0.0	0.0
TLR5	10.5236	-1.7855	1.0117	0.0064	0.0113
TLX3	50.5305	-1.1116	0.4779	0.0111	0.0192
TM2D1	261.8	1.3205	0.2369	0.0	0.0
TM4SF1-AS1	8.0282	1.9412	1.0709	0.0031	0.0057
TM7SF3	2376.9124	1.2256	0.0823	0.0	0.0
TMA16	241.8483	-1.5965	0.2306	0.0	0.0
TMA7	4038.7088	1.4908	0.0725	0.0	0.0
TMBIM4	674.514	1.0825	0.1341	0.0	0.0
TMBIM6	12724.3427	1.2765	0.0501	0.0	0.0
TMCC1-AS1	28.8848	-1.8997	0.642	0.0005	0.001
TMCC2	36.2772	-1.3868	0.5369	0.0039	0.0071
TMCC3	27.1623	-4.0577	1.7511	0.0	0.0
TMCO1	1275.4029	1.0779	0.1048	0.0	0.0
TMCO3	2833.4994	1.2412	0.079	0.0	0.0
TMED10	6777.9815	1.2017	0.057	0.0	0.0
TMED2	7189.1674	1.0718	0.0588	0.0	0.0
TMED3	2061.7046	1.284	0.0847	0.0	0.0
TMED4	1324.7393	1.3758	0.1006	0.0	0.0
TMED7	3649.6053	1.1558	0.0752	0.0	0.0
TMED8	116.377	-2.7548	0.3787	0.0	0.0
TMED9	6934.7511	1.5272	0.0564	0.0	0.0
TMEM104	368.3141	-1.3754	0.1835	0.0	0.0
TMEM106A	29.2891	-1.6958	0.609	0.0013	0.0025
TMEM106C	3570.7846	1.4125	0.0688	0.0	0.0
TMEM11	403.5318	-1.3458	0.1769	0.0	0.0
TMEM115	2021.305	1.6468	0.0867	0.0	0.0
TMEM123	4391.0573	1.196	0.0686	0.0	0.0
TMEM132A	2833.2094	1.1521	0.0792	0.0	0.0
TMEM133	12.2874	-1.5431	0.8591	0.015	0.0254
TMEM134	301.9229	1.1613	0.2017	0.0	0.0
TMEM136	95.3572	-1.2756	0.345	0.0001	0.0002
TMEM139	881.2954	1.7871	0.121	0.0	0.0
TMEM140	307.092	1.4573	0.1961	0.0	0.0
TMEM141	492.4887	1.1173	0.1543	0.0	0.0
TMEM147	2481.2503	1.3688	0.0784	0.0	0.0
TMEM14B	1669.4251	1.2326	0.0996	0.0	0.0
TMEM14C	2753.3775	1.3804	0.0792	0.0	0.0
TMEM158	72.3682	1.8658	0.4037	0.0	0.0
TMEM159	24.9341	-2.5064	0.8104	0.0001	0.0002
TMEM160	1955.2753	1.3455	0.0919	0.0	0.0
TMEM161B	94.4024	-2.1261	0.3759	0.0	0.0
TMEM170A	118.8658	-2.2257	0.3391	0.0	0.0
TMEM177	218.3524	-2.1043	0.2501	0.0	0.0
TMEM179B	529.4359	1.1136	0.1507	0.0	0.0
TMEM181	531.4957	-1.1638	0.153	0.0	0.0
TMEM182	16.5957	-1.7074	0.7782	0.0053	0.0095
TMEM184C	393.4043	-1.2912	0.1825	0.0	0.0
TMEM185A	196.7809	-1.0574	0.282	0.0001	0.0002
TMEM186	360.11	1.5821	0.1854	0.0	0.0
TMEM187	44.5045	-1.7017	0.5187	0.0003	0.0006
TMEM189	492.2643	-1.2674	0.1593	0.0	0.0
TMEM191A	17.342	1.2483	0.7027	0.0305	0.0493
TMEM194A	769.3435	-2.3421	0.1421	0.0	0.0
TMEM201	852.0697	-1.0043	0.1233	0.0	0.0
TMEM208	553.9011	1.1066	0.1471	0.0	0.0
TMEM209	502.1462	-1.6345	0.165	0.0	0.0
TMEM219	794.0536	1.1659	0.1303	0.0	0.0
TMEM222	313.3561	-1.5815	0.2075	0.0	0.0
TMEM230	2518.2775	1.3112	0.0781	0.0	0.0
TMEM238	205.1824	1.7273	0.2406	0.0	0.0
TMEM243	180.575	-2.2351	0.2775	0.0	0.0
TMEM256	470.937	1.2891	0.1636	0.0	0.0
TMEM258	1790.0314	1.3611	0.0903	0.0	0.0
TMEM260	420.7017	1.1005	0.1689	0.0	0.0
TMEM261	1077.6457	1.1677	0.1092	0.0	0.0
TMEM30A	5305.3556	1.2947	0.0628	0.0	0.0
TMEM37	87.6592	-2.2106	0.3883	0.0	0.0
TMEM38B	738.5238	1.416	0.1322	0.0	0.0
TMEM39A	488.7588	-1.1504	0.1602	0.0	0.0
TMEM39B	222.4446	-1.8454	0.2455	0.0	0.0
TMEM44	125.3435	-1.7516	0.3154	0.0	0.0
TMEM45A	39.3415	1.0445	0.4968	0.0208	0.0344
TMEM51	364.8947	-1.8766	0.1922	0.0	0.0
TMEM54	73.7429	1.8726	0.4006	0.0	0.0
TMEM55A	82.4541	-1.4608	0.3825	0.0001	0.0001
TMEM55B	232.833	-2.458	0.2483	0.0	0.0
TMEM56	228.0219	-1.3258	0.2297	0.0	0.0
TMEM57	153.6183	-2.0873	0.29	0.0	0.0
TMEM59	797.1578	1.2527	0.1255	0.0	0.0
TMEM60	131.2839	-2.1076	0.3203	0.0	0.0
TMEM63A	351.4928	-1.4531	0.1983	0.0	0.0
TMEM66	2195.3268	1.0063	0.0819	0.0	0.0
TMEM68	207.5392	-1.987	0.2516	0.0	0.0
TMEM70	387.1493	-1.3831	0.1796	0.0	0.0
TMEM79	78.0547	-1.3334	0.3866	0.0003	0.0005
TMF1	745.8602	-1.4031	0.1334	0.0	0.0
TMPRSS9	7.3865	2.3946	1.2937	0.0003	0.0006
TMSB10	16910.8998	1.6567	0.0508	0.0	0.0
TMSB15A	380.5105	1.0859	0.1777	0.0	0.0
TMSB4X	54631.3073	1.5596	0.0494	0.0	0.0
TMX1	3527.191	1.2723	0.0864	0.0	0.0
TMX3	1811.3423	1.1262	0.0963	0.0	0.0
TNF	25.4042	1.632	0.6116	0.002	0.0038
TNFAIP2	1245.0404	-1.2499	0.1083	0.0	0.0
TNFAIP3	517.7511	2.0323	0.1611	0.0	0.0
TNFAIP8	92.2954	-1.4784	0.3562	0.0	0.0
TNFAIP8L1	371.1168	-1.2317	0.2047	0.0	0.0
TNFRSF12A	1130.4492	-2.6065	0.1373	0.0	0.0
TNFRSF1A	1243.1396	-2.1697	0.1129	0.0	0.0
TNFRSF1B	38.3834	-1.5118	0.5335	0.0016	0.003
TNFRSF6B	12.0653	-2.5781	1.271	0.0001	0.0003
TNFSF12	50.4747	1.0473	0.4445	0.0111	0.0191
TNFSF13	249.0864	1.4882	0.2162	0.0	0.0
TNK1	51.1189	-2.8675	0.5648	0.0	0.0
TNKS	475.2209	-1.7504	0.1848	0.0	0.0
TNKS1BP1	1090.2006	-1.4027	0.1184	0.0	0.0
TNKS2	673.2365	-2.0664	0.1536	0.0	0.0
TNNC1	3721.3349	1.2462	0.0818	0.0	0.0
TNNT1	676.9495	1.3213	0.1408	0.0	0.0
TNNT2	414.5261	1.3765	0.2037	0.0	0.0
TNPO1	3294.3794	-1.0522	0.0768	0.0	0.0
TNPO2	1021.7585	-2.0092	0.1294	0.0	0.0
TNPO3	1270.4252	-1.3581	0.1058	0.0	0.0
TNRC18P1	8.3718	2.4858	1.3155	0.0002	0.0004
TNRC6A	701.752	-1.3338	0.1403	0.0	0.0
TNRC6B	437.019	-2.8039	0.1923	0.0	0.0
TNRC6C	223.3235	-2.2587	0.2655	0.0	0.0
TNS3	3932.0064	-1.7754	0.0761	0.0	0.0
TOB2	910.6688	-1.6291	0.1239	0.0	0.0
TOM1	133.7296	-1.02	0.2933	0.0003	0.0007
TOM1L2	670.4266	-2.3324	0.1503	0.0	0.0
TOMM22	4094.0502	1.5739	0.0751	0.0	0.0
TOMM34	1511.0753	1.0461	0.0973	0.0	0.0
TOMM40L	83.0971	-1.8312	0.3847	0.0	0.0
TOMM5	3446.1883	1.743	0.0736	0.0	0.0
TOMM7	998.1127	1.5659	0.1131	0.0	0.0
TOMM70A	572.1134	-2.5516	0.171	0.0	0.0
TONSL	1032.0485	-1.3542	0.1222	0.0	0.0
TOP2A	6774.9248	-1.0148	0.0632	0.0	0.0
TOP3A	506.5003	-2.6757	0.1766	0.0	0.0
TOP3B	244.7364	-2.0207	0.2519	0.0	0.0
TOPORS-AS1	45.6207	1.2555	0.468	0.0035	0.0065
TP53RK	252.0166	-1.2924	0.2177	0.0	0.0
TP53TG1	67.8601	1.0775	0.4039	0.0045	0.0082
TP73	112.7524	-2.3778	0.3544	0.0	0.0
TP73-AS1	865.9485	1.6128	0.1226	0.0	0.0
TPGS2	2490.288	1.208	0.0871	0.0	0.0
TPI1	24849.1424	1.3413	0.0471	0.0	0.0
TPM1	28183.9038	1.0167	0.0602	0.0	0.0
TPM2	14023.4417	1.4305	0.0642	0.0	0.0
TPM4	25235.6311	1.0836	0.0564	0.0	0.0
TPP1	1916.204	1.4439	0.088	0.0	0.0
TPRA1	390.4721	-2.5417	0.196	0.0	0.0
TPRG1L	311.0361	-1.2666	0.1991	0.0	0.0
TPRN	301.5292	-2.1481	0.2153	0.0	0.0
TPRXL	12.1626	-1.9594	1.1264	0.0025	0.0047
TPST1	147.7782	-1.5257	0.2879	0.0	0.0
TPT1	15095.7248	1.05	0.0478	0.0	0.0
TRAF2	466.3244	-2.9191	0.1879	0.0	0.0
TRAF3IP2	76.3966	-1.1883	0.3839	0.0011	0.0021
TRAF4	976.8986	-1.6103	0.1219	0.0	0.0
TRAF5	265.9068	-2.3724	0.2343	0.0	0.0
TRAF6	139.6456	-2.1668	0.3137	0.0	0.0
TRAIP	109.5539	-2.7785	0.3762	0.0	0.0
TRAK2	493.4946	-1.1586	0.1636	0.0	0.0
TRAM2	1103.0138	-2.3204	0.119	0.0	0.0
TRAP1	7431.1577	1.1234	0.0589	0.0	0.0
TRAPPC1	1923.9176	1.3396	0.0866	0.0	0.0
TRAPPC11	360.0413	-1.2132	0.1897	0.0	0.0
TRAPPC13	218.5884	-1.0101	0.2441	0.0	0.0001
TRAPPC2	185.8588	-1.9998	0.2766	0.0	0.0
TRAPPC2L	918.5256	1.3366	0.1203	0.0	0.0
TRAPPC4	476.231	-1.0034	0.1613	0.0	0.0
TRAPPC5	1226.0619	1.2496	0.116	0.0	0.0
TRAPPC6B	195.4225	-2.2227	0.2989	0.0	0.0
TRAPPC9	508.5773	1.433	0.1613	0.0	0.0
TRERF1	160.2927	-1.6782	0.2804	0.0	0.0
TRIAP1	911.1315	1.0141	0.1285	0.0	0.0
TRIB1	485.8784	1.439	0.1608	0.0	0.0
TRIB2	1381.2485	1.0759	0.1008	0.0	0.0
TRIM13	284.3214	-1.0688	0.2159	0.0	0.0
TRIM16	215.2219	-1.0242	0.2394	0.0	0.0
TRIM16L	133.4422	-1.2673	0.2952	0.0	0.0
TRIM2	1276.3261	-1.5395	0.1135	0.0	0.0
TRIM21	49.5419	-2.1149	0.5242	0.0	0.0
TRIM23	134.9301	-2.7352	0.3343	0.0	0.0
TRIM24	320.9666	-2.6708	0.2221	0.0	0.0
TRIM26	524.9335	-2.0464	0.1656	0.0	0.0
TRIM27	731.1187	-2.4569	0.1635	0.0	0.0
TRIM3	112.9181	-2.9671	0.3928	0.0	0.0
TRIM35	145.487	-2.3314	0.3168	0.0	0.0
TRIM37	860.2996	-1.2206	0.1258	0.0	0.0
TRIM38	107.7005	-1.4832	0.33	0.0	0.0
TRIM44	1064.8657	-1.0153	0.1123	0.0	0.0
TRIM45	122.0313	-2.9115	0.3695	0.0	0.0
TRIM46	14.3177	-1.539	0.8316	0.0142	0.0241
TRIM59	111.0632	-1.3131	0.3287	0.0	0.0001
TRIM62	54.2071	-2.614	0.527	0.0	0.0
TRIM65	239.4799	-2.4508	0.2519	0.0	0.0
TRIM66	40.0108	-2.0927	0.6167	0.0001	0.0002
TRIM68	62.2525	-3.7108	0.6124	0.0	0.0
TRIM71	555.1029	2.1515	0.1532	0.0	0.0
TRIP10	309.2596	-2.0201	0.2104	0.0	0.0
TRIP4	167.946	-1.4041	0.2654	0.0	0.0
TRIQK	40.3803	-1.4932	0.5222	0.0015	0.0028
TRMT10B	71.2135	-1.3109	0.3999	0.0005	0.001
TRMT10C	1766.0038	2.7461	0.1068	0.0	0.0
TRMT112	5115.9886	1.4732	0.0613	0.0	0.0
TRMT12	414.0087	1.804	0.1741	0.0	0.0
TRMT1L	342.9308	-2.8236	0.2264	0.0	0.0
TRMT2A	484.5	-1.4846	0.1633	0.0	0.0
TRMT44	134.6896	-1.054	0.2938	0.0002	0.0004
TRNP1	2001.5108	1.3067	0.0866	0.0	0.0
TRNT1	222.3052	-2.7701	0.2709	0.0	0.0
TROVE2	182.407	-1.2673	0.2577	0.0	0.0
TRPC6	1076.8596	-2.4297	0.1386	0.0	0.0
TRPM2	129.4059	-1.6057	0.3048	0.0	0.0
TRPM7	561.7195	-1.0621	0.1659	0.0	0.0
TRPV1	40.9976	-2.4034	0.6116	0.0	0.0
TRPV2	38.9255	1.0839	0.4965	0.0164	0.0276
TSC22D1	1581.016	1.0555	0.1004	0.0	0.0
TSC22D3	120.1688	-1.172	0.311	0.0001	0.0002
TSC22D4	312.8649	-1.8396	0.2077	0.0	0.0
TSEN2	161.3777	-3.074	0.3187	0.0	0.0
TSEN54	805.2584	-1.1485	0.1303	0.0	0.0
TSHZ1	215.0913	-1.6026	0.2398	0.0	0.0
TSKU	278.6524	-2.2868	0.2239	0.0	0.0
TSPAN1	465.9127	1.6895	0.1671	0.0	0.0
TSPAN14	945.2968	-2.1329	0.1325	0.0	0.0
TSPAN3	6866.5973	1.3677	0.057	0.0	0.0
TSPAN4	3382.9507	1.4196	0.0717	0.0	0.0
TSPAN6	1443.2052	1.1704	0.0989	0.0	0.0
TSPEAR-AS1	4.0533	1.5924	1.2062	0.0067	0.0119
TSPO	1929.3631	1.5128	0.0906	0.0	0.0
TSPYL1	2049.9485	1.412	0.0844	0.0	0.0
TSPYL4	1671.1597	2.5182	0.0946	0.0	0.0
TSR3	2058.9552	1.0991	0.0905	0.0	0.0
TSSC4	1612.4282	1.3577	0.0945	0.0	0.0
TSSK2	26.0365	1.2969	0.6138	0.0143	0.0243
TSTA3	1918.4456	1.2052	0.0877	0.0	0.0
TSTD1	51.3174	1.638	0.4656	0.0001	0.0003
TSTD2	184.8114	-1.3239	0.2647	0.0	0.0
TTC1	432.4426	-1.3044	0.1786	0.0	0.0
TTC14	129.9004	-1.4795	0.311	0.0	0.0
TTC23	103.6205	-2.7526	0.38	0.0	0.0
TTC3	3965.3498	1.0044	0.066	0.0	0.0
TTC31	204.5583	-1.7678	0.2615	0.0	0.0
TTC33	286.4471	-1.3207	0.209	0.0	0.0
TTC37	1381.0564	1.0286	0.0992	0.0	0.0
TTC4	328.6042	-2.5559	0.2157	0.0	0.0
TTC8	205.3516	-1.424	0.2433	0.0	0.0
TTC9C	158.1301	-2.1301	0.2898	0.0	0.0
TTF1	174.9065	-1.5951	0.2674	0.0	0.0
TTK	483.4151	-2.6699	0.179	0.0	0.0
TTLL3	16.0441	-1.3266	0.7746	0.0289	0.0469
TTLL4	516.8691	-1.3298	0.1576	0.0	0.0
TTN-AS1	40.1016	-1.1807	0.5163	0.0113	0.0194
TTPAL	328.4447	-2.5855	0.2131	0.0	0.0
TTYH2	18.0372	-1.6862	0.7522	0.005	0.0091
TTYH3	7301.0078	1.1776	0.0566	0.0	0.0
TUBA1A	499.9785	1.0732	0.161	0.0	0.0
TUBA1B	68082.2522	1.3091	0.0419	0.0	0.0
TUBA1C	18340.6929	1.1181	0.0492	0.0	0.0
TUBB	68299.848	1.5008	0.0431	0.0	0.0
TUBB2B	71.0044	1.3769	0.3924	0.0002	0.0004
TUBB3	1212.708	1.3704	0.1086	0.0	0.0
TUBB6	3117.5057	1.0104	0.0785	0.0	0.0
TUBBP5	48.8183	-3.3138	0.6362	0.0	0.0
TUBD1	168.7063	-2.2507	0.2845	0.0	0.0
TUBE1	117.2848	-1.0543	0.3123	0.0005	0.0009
TUBGCP5	199.4807	-1.244	0.245	0.0	0.0
TUBGCP6	603.0725	-1.0207	0.1438	0.0	0.0
TUFM	8188.2233	1.2924	0.0583	0.0	0.0
TUG1	4094.0873	2.1102	0.0679	0.0	0.0
TULP3	356.0615	-2.0265	0.1999	0.0	0.0
TUSC3	2063.9324	1.5523	0.0845	0.0	0.0
TUT1	275.8166	-1.7295	0.2172	0.0	0.0
TVP23A	12.794	1.8114	0.8752	0.0048	0.0087
TWIST1	1543.8164	1.1358	0.0934	0.0	0.0
TWSG1	7446.1728	1.2272	0.0626	0.0	0.0
TXLNA	1062.0734	-3.5981	0.1407	0.0	0.0
TXLNG	756.1052	-2.2621	0.1486	0.0	0.0
TXN	2650.8923	1.3766	0.0825	0.0	0.0
TXNDC12	4282.1274	1.3244	0.0655	0.0	0.0
TXNDC15	1176.9701	1.2157	0.105	0.0	0.0
TXNDC17	1312.8892	1.3205	0.1032	0.0	0.0
TXNDC5	11589.7501	1.3637	0.0578	0.0	0.0
TXNL1	863.0538	-1.6226	0.1288	0.0	0.0
TXNL4A	2927.6665	1.1482	0.0738	0.0	0.0
TXNRD2	948.2759	1.1491	0.1178	0.0	0.0
TYRO3P	2.7023	1.1625	1.1957	0.031	0.05
TYW5	83.0524	-1.5056	0.3882	0.0	0.0001
U2AF2	10629.7851	1.1427	0.0539	0.0	0.0
UAP1L1	247.7622	-1.1772	0.2383	0.0	0.0
UBA1	17502.7126	1.1824	0.0472	0.0	0.0
UBA52	10986.032	1.4148	0.0517	0.0	0.0
UBA6-AS1	36.115	-2.1999	0.5982	0.0	0.0001
UBAC2-AS1	46.3156	1.1978	0.4667	0.0053	0.0095
UBAP2	482.4978	-1.4289	0.1659	0.0	0.0
UBE2B	291.9578	-2.078	0.2253	0.0	0.0
UBE2E2	428.3324	1.0136	0.1657	0.0	0.0
UBE2G1	1118.214	-1.566	0.1135	0.0	0.0
UBE2G2	1034.117	-1.7747	0.1192	0.0	0.0
UBE2J2	718.8422	-1.8465	0.1398	0.0	0.0
UBE2K	1617.5723	-1.142	0.0937	0.0	0.0
UBE2O	683.0093	-1.5616	0.1447	0.0	0.0
UBE2Q1	825.1732	-1.0533	0.1263	0.0	0.0
UBE2Q2	268.7768	-1.062	0.2128	0.0	0.0
UBE2Q2P2	21.27	1.2911	0.6764	0.0221	0.0365
UBE2R2	2956.6921	1.1135	0.0771	0.0	0.0
UBE2T	558.861	-1.3033	0.1549	0.0	0.0
UBE2Z	1293.8316	-1.5448	0.1068	0.0	0.0
UBE3D	62.7534	-1.6094	0.4381	0.0001	0.0002
UBL5	2137.6408	1.6043	0.0841	0.0	0.0
UBN1	1140.1051	-1.3761	0.1236	0.0	0.0
UBQLN2	1546.8595	1.1816	0.0997	0.0	0.0
UBR1	457.1328	-1.0935	0.163	0.0	0.0
UBR2	448.0127	-1.4297	0.1772	0.0	0.0
UBR5	1250.9878	-1.6839	0.1231	0.0	0.0
UBR7	898.5651	-1.4441	0.1283	0.0	0.0
UBXN7-AS1	13.7462	2.4842	1.213	0.0002	0.0005
UCHL1	95.5847	1.081	0.3332	0.0007	0.0014
UCK1	507.8999	-1.6535	0.1684	0.0	0.0
UCK2	1149.6534	-1.2301	0.1107	0.0	0.0
UFC1	1090.5679	1.0618	0.1101	0.0	0.0
UFL1	239.3059	-2.3038	0.2442	0.0	0.0
UFSP1	109.2214	1.5652	0.325	0.0	0.0
UGCG	1380.249	-1.266	0.1063	0.0	0.0
UGGT2	643.7477	1.2602	0.1375	0.0	0.0
UHMK1	947.3451	-2.1846	0.139	0.0	0.0
UHRF1	2162.4952	-1.7565	0.0861	0.0	0.0
ULBP2	26.1562	1.2184	0.6163	0.0217	0.0359
ULK1	312.869	-1.9082	0.2237	0.0	0.0
UMPS	759.5406	-1.4976	0.1344	0.0	0.0
UNC119	319.5971	-1.7127	0.2096	0.0	0.0
UNC119B	743.4382	-3.4102	0.1727	0.0	0.0
UNC13B	1014.2705	1.0864	0.1114	0.0	0.0
UNC50	281.3354	-2.3227	0.2233	0.0	0.0
UNC5A	40.7271	1.1935	0.4945	0.008	0.014
UNC5C	134.7918	-2.001	0.332	0.0	0.0
UNG	875.4599	-1.7991	0.1291	0.0	0.0
UNKL	747.0137	-1.5529	0.1431	0.0	0.0
UPF2	447.6105	-1.662	0.1697	0.0	0.0
UPF3B	227.5944	-2.1606	0.2444	0.0	0.0
UPK1B	625.8426	1.2614	0.144	0.0	0.0
UPK3B	1388.0837	1.1893	0.0983	0.0	0.0
UPRT	35.5619	-1.9623	0.5901	0.0001	0.0003
UQCC2	826.3839	1.2043	0.1232	0.0	0.0
UQCR10	1282.3505	1.2607	0.101	0.0	0.0
UQCR11	2665.8906	1.4128	0.0782	0.0	0.0
UQCRB	2732.0927	1.512	0.078	0.0	0.0
UQCRC1	5520.1377	1.1607	0.0603	0.0	0.0
UQCRC2	3364.239	1.012	0.0789	0.0	0.0
UQCRH	3729.5416	1.3	0.0707	0.0	0.0
UQCRHL	303.4933	1.0706	0.1947	0.0	0.0
UQCRQ	2936.7847	1.4914	0.0733	0.0	0.0
URGCP	363.9277	-1.8621	0.195	0.0	0.0
UROS	671.4326	1.0428	0.1355	0.0	0.0
USF1	321.6401	-1.4139	0.2008	0.0	0.0
USMG5	1893.8798	1.2873	0.0966	0.0	0.0
USP10	1440.5948	-1.4456	0.1057	0.0	0.0
USP2	31.2711	-1.5251	0.5913	0.0031	0.0058
USP20	178.0099	-1.9166	0.3033	0.0	0.0
USP21	205.0652	-1.6403	0.2461	0.0	0.0
USP22	3267.3962	-1.8434	0.076	0.0	0.0
USP25	558.8166	-2.043	0.1609	0.0	0.0
USP3	584.6374	-1.279	0.1481	0.0	0.0
USP3-AS1	30.3721	2.7662	0.658	0.0	0.0
USP30	76.7624	-2.8644	0.4642	0.0	0.0
USP31	327.5703	-1.6269	0.1976	0.0	0.0
USP36	724.7971	-2.3174	0.1454	0.0	0.0
USP37	439.7762	-1.7687	0.1916	0.0	0.0
USP38	468.2	-1.4718	0.1696	0.0	0.0
USP42	403.2983	-1.5149	0.179	0.0	0.0
USP45	135.4487	-1.7863	0.3112	0.0	0.0
USP46	696.2316	-1.2143	0.1404	0.0	0.0
USP47	1007.4837	-1.25	0.1213	0.0	0.0
USP49	107.9416	-1.7696	0.3671	0.0	0.0
USP51	20.4752	-1.234	0.6888	0.0305	0.0493
USP53	93.0474	-2.4931	0.4024	0.0	0.0
USP54	298.2039	-1.5408	0.2197	0.0	0.0
USP6NL-IT1	64.0334	1.0498	0.4079	0.0061	0.0109
USP8	553.0072	-2.0636	0.1689	0.0	0.0
UTP11L	260.153	-1.8336	0.2326	0.0	0.0
UTP14C	382.2411	-1.8847	0.1866	0.0	0.0
UTP15	342.9992	-1.7958	0.2039	0.0	0.0
UTP18	837.3814	-1.1754	0.1247	0.0	0.0
UTP3	2109.7885	2.8891	0.0882	0.0	0.0
UTP6	573.9858	-1.6082	0.1578	0.0	0.0
UXS1	1398.4369	1.1597	0.1043	0.0	0.0
UXT	642.0716	1.0366	0.1387	0.0	0.0
VAMP8	314.4813	1.4906	0.2005	0.0	0.0
VANGL1	525.316	-2.0257	0.1649	0.0	0.0
VAPA	1211.5959	-1.6233	0.111	0.0	0.0
VAPB	725.0037	-1.7613	0.1398	0.0	0.0
VASH2	44.1322	-2.0067	0.5302	0.0	0.0001
VAT1	1764.7946	1.1663	0.0896	0.0	0.0
VAV2	744.598	-1.9574	0.1376	0.0	0.0
VAV3	39.6966	-2.5339	0.6078	0.0	0.0
VCPIP1	712.0755	2.1161	0.1389	0.0	0.0
VDR	102.8256	-2.3744	0.3633	0.0	0.0
VEGFB	1083.2491	1.0234	0.1129	0.0	0.0
VEZF1	1196.7923	-1.2891	0.1108	0.0	0.0
VGF	207.8591	1.6376	0.2472	0.0	0.0
VHL	862.5025	-2.3378	0.1333	0.0	0.0
VIPAS39	170.5588	-2.2108	0.2846	0.0	0.0
VKORC1	2093.0057	1.3512	0.0904	0.0	0.0
VLDLR	1217.7702	-1.1849	0.1129	0.0	0.0
VPS13B	687.7843	1.3007	0.1435	0.0	0.0
VPS16	533.5481	1.0476	0.148	0.0	0.0
VPS18	1432.3158	1.5784	0.097	0.0	0.0
VPS28	855.5706	1.0131	0.1195	0.0	0.0
VPS33B	93.2784	-1.4173	0.3599	0.0	0.0001
VPS37A	285.4769	-3.3578	0.2542	0.0	0.0
VPS37C	312.0978	-2.9532	0.2321	0.0	0.0
VPS37D	46.3622	-1.1379	0.4834	0.01	0.0174
VPS41	1222.5196	1.0382	0.103	0.0	0.0
VPS4B	422.2729	-2.7656	0.1938	0.0	0.0
VPS51	2409.0538	1.1992	0.0808	0.0	0.0
VPS54	774.4598	-1.368	0.13	0.0	0.0
VPS8	371.8799	1.2572	0.1778	0.0	0.0
VTI1B	1647.3173	1.1851	0.093	0.0	0.0
VTN	164.4916	1.4001	0.2607	0.0	0.0
VWA1	447.7415	1.0172	0.1818	0.0	0.0
WAC	1317.1037	-2.6954	0.1187	0.0	0.0
WAC-AS1	116.5886	-1.1166	0.3112	0.0002	0.0004
WAPAL	1066.2126	-2.3079	0.1245	0.0	0.0
WARS2	312.1061	-1.1171	0.1951	0.0	0.0
WASF2	1669.2572	-1.421	0.0938	0.0	0.0
WASH1	55.7041	-1.3721	0.4818	0.0018	0.0035
WASH3P	91.8558	-1.1244	0.3676	0.0013	0.0025
WASH7P	160.2587	-1.7102	0.2813	0.0	0.0
WASL	725.4063	-2.2657	0.1449	0.0	0.0
WBP4	183.3177	-3.0862	0.3033	0.0	0.0
WBP5	6674.5014	1.5288	0.0738	0.0	0.0
WBSCR16	1227.6666	-1.0282	0.1081	0.0	0.0
WBSCR22	3071.7026	1.4101	0.0722	0.0	0.0
WDR1	15494.8875	1.1058	0.0545	0.0	0.0
WDR18	3105.4787	1.0674	0.0744	0.0	0.0
WDR19	126.2008	-1.0466	0.2986	0.0003	0.0006
WDR20	234.0925	-1.6548	0.234	0.0	0.0
WDR26	871.3973	-1.4112	0.1404	0.0	0.0
WDR3	1016.3308	-1.8912	0.1231	0.0	0.0
WDR34	2911.0461	1.0008	0.0797	0.0	0.0
WDR36	816.8526	-1.797	0.1394	0.0	0.0
WDR37	152.363	-2.4882	0.3059	0.0	0.0
WDR43	1294.578	-1.3544	0.1144	0.0	0.0
WDR44	71.9702	-2.4307	0.4433	0.0	0.0
WDR48	397.612	-1.7854	0.185	0.0	0.0
WDR5	867.664	-1.0287	0.124	0.0	0.0
WDR52	25.9906	-1.2739	0.6131	0.0161	0.0271
WDR53	80.414	-1.8599	0.3949	0.0	0.0
WDR54	680.2249	1.0828	0.1329	0.0	0.0
WDR5B	183.0305	1.8026	0.2531	0.0	0.0
WDR60	112.1392	-1.7962	0.3564	0.0	0.0
WDR73	246.6759	-1.3946	0.2234	0.0	0.0
WDR74	437.436	-2.0647	0.1799	0.0	0.0
WDR75	687.266	-2.2387	0.1587	0.0	0.0
WDR82	3756.5541	-1.6786	0.0806	0.0	0.0
WDR83OS	1768.3081	1.2653	0.0893	0.0	0.0
WDR88	14.2152	1.5147	0.7634	0.0122	0.0209
WDR91	718.7859	-2.6165	0.1486	0.0	0.0
WDSUB1	114.6885	-1.3296	0.3288	0.0	0.0001
WEE1	2299.6654	1.035	0.0898	0.0	0.0
WHAMM	407.9967	1.1156	0.1782	0.0	0.0
WIBG	344.0372	-1.1849	0.1994	0.0	0.0
WIPF2	498.2416	-1.5863	0.1732	0.0	0.0
WNT5A	84.4478	-1.4801	0.3811	0.0	0.0001
WNT7B	724.0178	-1.7815	0.1564	0.0	0.0
WNT9A	9.2947	-2.2943	1.2194	0.0005	0.001
WRAP73	248.2777	-2.3632	0.2419	0.0	0.0
WRN	462.257	-1.0731	0.1692	0.0	0.0
WSCD2	43.1918	-1.0649	0.486	0.0165	0.0277
WT1	98.4602	-2.3565	0.3933	0.0	0.0
WWC2-AS2	67.2012	3.3321	0.4784	0.0	0.0
WWC3	1641.9509	1.0538	0.0912	0.0	0.0
WWOX	221.0583	1.0466	0.2266	0.0	0.0
WWP1	374.7241	-2.3228	0.2016	0.0	0.0
WWP2	458.1272	-1.3861	0.1741	0.0	0.0
WWTR1-AS1	8.1266	1.9331	1.052	0.0033	0.0061
XAB2	708.0762	-1.2148	0.1348	0.0	0.0
XIAP	565.4364	-2.3822	0.1654	0.0	0.0
XKR5	4.6137	-1.4871	1.1702	0.0121	0.0208
XKR8	179.4068	-1.7562	0.2784	0.0	0.0
XPA	176.4052	-1.5151	0.262	0.0	0.0
XPC	512.8013	-2.041	0.1659	0.0	0.0
XPNPEP1	1427.2985	1.057	0.0972	0.0	0.0
XPO1	4290.8677	-1.3934	0.0658	0.0	0.0
XPR1	4588.1049	1.1257	0.0716	0.0	0.0
XRCC2	202.0855	-1.7901	0.2533	0.0	0.0
XRCC6	19039.2464	1.2935	0.0532	0.0	0.0
XRN1	257.3284	-1.2284	0.2297	0.0	0.0
XRRA1	117.0507	-1.5951	0.3246	0.0	0.0
XXYLT1	2809.2769	1.1342	0.0747	0.0	0.0
XYLT2	409.0369	-1.0712	0.1721	0.0	0.0
YAE1D1	64.5938	-2.9871	0.5189	0.0	0.0
YBX1	41034.6077	1.5609	0.0488	0.0	0.0
YEATS2	745.8287	-2.0579	0.1382	0.0	0.0
YEATS4	304.8362	-1.8516	0.2155	0.0	0.0
YIF1A	1046.8415	1.0028	0.1113	0.0	0.0
YIF1B	1437.7251	1.3559	0.1004	0.0	0.0
YIPF3	1697.2798	1.1454	0.0918	0.0	0.0
YOD1	1074.0098	2.4191	0.118	0.0	0.0
YPEL2	33.0494	-1.2958	0.5668	0.0096	0.0167
YPEL3	47.3942	-1.7148	0.4987	0.0002	0.0003
YPLR6490	177.5991	2.996	0.2892	0.0	0.0
YRDC	2299.5197	2.4859	0.0992	0.0	0.0
YTHDF2	2188.4667	1.0418	0.0838	0.0	0.0
YWHAE	20357.2308	1.4839	0.0469	0.0	0.0
YWHAG	8509.0374	1.3816	0.057	0.0	0.0
YY1AP1	562.1937	-1.3234	0.1504	0.0	0.0
ZADH2	230.1632	-2.0479	0.2485	0.0	0.0
ZBED1	845.3802	-1.085	0.1298	0.0	0.0
ZBED2	158.9842	1.0461	0.2968	0.0003	0.0006
ZBED3	109.871	-1.7128	0.3442	0.0	0.0
ZBED4	892.6585	-1.1584	0.1318	0.0	0.0
ZBED6	287.061	2.3307	0.2106	0.0	0.0
ZBED6CL	144.6286	1.1403	0.2964	0.0001	0.0002
ZBTB1	2837.8906	2.32	0.077	0.0	0.0
ZBTB10	3661.0856	1.9147	0.0727	0.0	0.0
ZBTB11	1034.0778	1.3289	0.1197	0.0	0.0
ZBTB11-AS1	229.1656	1.2788	0.2209	0.0	0.0
ZBTB17	187.7887	-1.6999	0.2597	0.0	0.0
ZBTB2	1237.1295	1.411	0.1039	0.0	0.0
ZBTB22	462.2848	1.2932	0.1614	0.0	0.0
ZBTB24	463.0408	1.265	0.1696	0.0	0.0
ZBTB25	133.74	1.0757	0.2963	0.0002	0.0004
ZBTB26	45.0944	-1.8267	0.5388	0.0001	0.0003
ZBTB3	141.361	1.2998	0.291	0.0	0.0
ZBTB32	11.4879	2.4709	1.0803	0.0003	0.0006
ZBTB33	706.6927	1.0049	0.1314	0.0	0.0
ZBTB34	332.6705	-1.0012	0.1995	0.0	0.0
ZBTB37	103.8138	2.0419	0.3312	0.0	0.0
ZBTB38	336.8974	-1.8087	0.199	0.0	0.0
ZBTB41	158.0321	-2.1624	0.2982	0.0	0.0
ZBTB42	42.8343	-1.213	0.5016	0.0077	0.0136
ZBTB46	58.821	-2.2105	0.4663	0.0	0.0
ZBTB48	84.184	-1.4136	0.3691	0.0001	0.0001
ZBTB5	993.9607	1.3773	0.1134	0.0	0.0
ZBTB6	549.7595	2.2214	0.1532	0.0	0.0
ZBTB8B	9.6022	-1.7229	1.1183	0.0065	0.0116
ZBTB9	612.8707	1.3862	0.1414	0.0	0.0
ZC2HC1A	79.3889	-2.6489	0.4372	0.0	0.0
ZC3H11A	1211.3874	-1.3785	0.1115	0.0	0.0
ZC3H12A	242.3352	1.9211	0.2257	0.0	0.0
ZC3H12C	145.2328	-1.876	0.3015	0.0	0.0
ZC3H13	861.1206	-1.5759	0.1268	0.0	0.0
ZC3H14	755.0173	-1.8777	0.1408	0.0	0.0
ZC3H18	1154.1707	-1.7579	0.1114	0.0	0.0
ZC3H3	288.2213	-2.5315	0.2318	0.0	0.0
ZC3H6	74.4857	-1.7128	0.4081	0.0	0.0
ZC3H7A	821.6567	-1.363	0.1269	0.0	0.0
ZC3H8	55.1685	-2.9298	0.5425	0.0	0.0
ZC3HAV1	447.2801	-1.2481	0.1683	0.0	0.0
ZC3HAV1L	147.017	-1.6822	0.3341	0.0	0.0
ZC3HC1	296.2787	-1.4262	0.2035	0.0	0.0
ZCCHC10	142.493	-3.2431	0.3509	0.0	0.0
ZCCHC11	560.7145	-1.4421	0.1549	0.0	0.0
ZCCHC14	549.3168	-1.5484	0.157	0.0	0.0
ZCCHC24	24.3227	-2.497	0.817	0.0001	0.0002
ZCCHC3	2044.6377	1.4499	0.0859	0.0	0.0
ZCCHC4	68.8439	-1.7654	0.4382	0.0	0.0
ZCCHC7	156.056	-2.4061	0.3048	0.0	0.0
ZCCHC9	298.9682	-1.5288	0.2043	0.0	0.0
ZDHHC17	164.6614	-1.4196	0.3024	0.0	0.0
ZDHHC18	461.0586	-2.9057	0.1935	0.0	0.0
ZDHHC2	1199.6934	1.2054	0.1082	0.0	0.0
ZDHHC23	80.2612	-1.6985	0.3809	0.0	0.0
ZFAND2A	78.4186	-1.4697	0.3936	0.0001	0.0002
ZFAND3	694.479	-1.0458	0.1372	0.0	0.0
ZFAS1	929.6499	1.2663	0.1158	0.0	0.0
ZFHX2	89.5833	-1.3806	0.3758	0.0001	0.0002
ZFP14	53.6181	-2.4968	0.5288	0.0	0.0
ZFP30	182.7881	-2.2658	0.2714	0.0	0.0
ZFP36L1	3702.8482	1.3614	0.0748	0.0	0.0
ZFP36L2	10287.5419	1.7202	0.0518	0.0	0.0
ZFP37	42.6106	-1.6758	0.5333	0.0005	0.0009
ZFP41	331.303	1.3563	0.1878	0.0	0.0
ZFP64	310.0355	-2.1541	0.2185	0.0	0.0
ZFP69	57.043	-1.8256	0.498	0.0001	0.0001
ZFP69B	46.7084	-1.7273	0.4966	0.0001	0.0003
ZFP82	97.5516	-1.919	0.3672	0.0	0.0
ZFP90	160.9975	-2.2616	0.2929	0.0	0.0
ZFPL1	290.2997	-1.2536	0.2167	0.0	0.0
ZFYVE1	62.2306	-2.3455	0.471	0.0	0.0
ZFYVE16	671.8389	-1.1712	0.1436	0.0	0.0
ZFYVE19	196.3898	-1.0266	0.2527	0.0	0.0001
ZFYVE20	373.8164	-1.5479	0.186	0.0	0.0
ZFYVE21	394.3453	-1.9612	0.1868	0.0	0.0
ZFYVE27	157.8682	-3.585	0.3562	0.0	0.0
ZFYVE9	409.7802	-1.2504	0.1732	0.0	0.0
ZGPAT	274.6565	-1.3734	0.2132	0.0	0.0
ZHX1	290.4467	-1.382	0.2103	0.0	0.0
ZHX2	943.0034	-1.9307	0.1244	0.0	0.0
ZHX3	218.9365	-1.7519	0.2422	0.0	0.0
ZIC2	1181.9775	1.1184	0.1095	0.0	0.0
ZIC5	304.7201	1.7797	0.2059	0.0	0.0
ZKSCAN1	448.2754	-2.5556	0.1865	0.0	0.0
ZKSCAN3	67.5862	-1.184	0.4176	0.0024	0.0046
ZKSCAN7	29.2943	-2.213	0.6545	0.0001	0.0001
ZKSCAN8	284.11	-1.8466	0.2348	0.0	0.0
ZMAT2	1486.9765	1.2196	0.0947	0.0	0.0
ZMIZ1	950.4107	-3.5949	0.1471	0.0	0.0
ZMYM1	163.7441	-2.619	0.3253	0.0	0.0
ZMYM2	464.7382	-1.6522	0.1712	0.0	0.0
ZMYM3	691.4497	-1.1467	0.1456	0.0	0.0
ZMYM6	97.6573	-1.5487	0.3461	0.0	0.0
ZMYM6NB	303.7186	1.2154	0.2112	0.0	0.0
ZMYND19	603.5461	-2.833	0.1792	0.0	0.0
ZNF10	58.0687	-1.1254	0.446	0.0065	0.0115
ZNF100	128.7026	-1.8747	0.3219	0.0	0.0
ZNF106	1448.79	-1.7522	0.1053	0.0	0.0
ZNF107	159.7495	-1.4559	0.3133	0.0	0.0
ZNF112	37.074	-3.251	0.7538	0.0	0.0
ZNF114	23.349	-2.8605	0.9935	0.0	0.0001
ZNF117	46.024	-1.5053	0.488	0.0007	0.0014
ZNF121	265.5723	1.4754	0.2237	0.0	0.0
ZNF124	94.7212	-1.9693	0.3637	0.0	0.0
ZNF136	195.744	1.1741	0.2444	0.0	0.0
ZNF14	198.9522	1.2388	0.2381	0.0	0.0
ZNF140	112.09	-2.0182	0.3408	0.0	0.0
ZNF143	187.4643	-1.6485	0.2574	0.0	0.0
ZNF146	1426.8973	-2.0805	0.1238	0.0	0.0
ZNF148	419.0436	-2.867	0.1994	0.0	0.0
ZNF154	14.2644	1.6658	0.7959	0.007	0.0124
ZNF160	153.1942	-1.3679	0.2824	0.0	0.0
ZNF174	136.2541	-1.9235	0.3093	0.0	0.0
ZNF175	53.8289	-3.067	0.573	0.0	0.0
ZNF177	28.7318	-1.2972	0.6779	0.0217	0.0358
ZNF18	64.0252	-2.0405	0.4425	0.0	0.0
ZNF181	72.1359	-2.7596	0.4488	0.0	0.0
ZNF182	65.7093	-1.9169	0.4487	0.0	0.0
ZNF197	133.6505	-2.7783	0.3497	0.0	0.0
ZNF2	54.5331	-2.18	0.4865	0.0	0.0
ZNF20	158.9289	1.7802	0.2794	0.0	0.0
ZNF212	143.8779	-1.2954	0.2964	0.0	0.0
ZNF213	178.4511	-1.1243	0.2612	0.0	0.0
ZNF217	4467.4769	1.7471	0.0651	0.0	0.0
ZNF224	63.2859	-2.4147	0.4684	0.0	0.0
ZNF225	28.7988	-2.0837	0.6556	0.0002	0.0004
ZNF234	100.8823	-1.8042	0.3514	0.0	0.0
ZNF236	230.4783	-1.3683	0.2287	0.0	0.0
ZNF239	77.6822	-1.7623	0.3972	0.0	0.0
ZNF24	2415.9264	1.7874	0.0843	0.0	0.0
ZNF248	154.2661	-2.176	0.2958	0.0	0.0
ZNF25	29.5445	-2.1305	0.6396	0.0001	0.0002
ZNF250	72.9063	-1.3984	0.4021	0.0002	0.0004
ZNF251	115.176	-1.0904	0.3137	0.0003	0.0006
ZNF253	51.5481	-3.91	0.8097	0.0	0.0
ZNF256	179.3737	2.2702	0.2602	0.0	0.0
ZNF260	370.3515	-2.1643	0.2068	0.0	0.0
ZNF267	309.2521	1.6123	0.2083	0.0	0.0
ZNF273	41.5764	-2.089	0.5638	0.0	0.0001
ZNF274	170.0092	-1.672	0.2842	0.0	0.0
ZNF277	97.1646	-2.7475	0.3872	0.0	0.0
ZNF28	125.7951	-1.9612	0.3203	0.0	0.0
ZNF280B	37.3074	-1.7876	0.5558	0.0003	0.0006
ZNF280C	110.0287	-3.2275	0.4034	0.0	0.0
ZNF280D	153.8659	-2.0232	0.2933	0.0	0.0
ZNF281	2212.3807	2.2356	0.0863	0.0	0.0
ZNF286A	514.3491	-1.2139	0.1683	0.0	0.0
ZNF287	58.4243	-2.3953	0.4847	0.0	0.0
ZNF296	254.0846	2.2145	0.2257	0.0	0.0
ZNF3	640.8294	1.6039	0.1465	0.0	0.0
ZNF30	36.602	-2.0336	0.5811	0.0001	0.0001
ZNF302	68.7869	-2.356	0.4545	0.0	0.0
ZNF317	511.2917	-1.222	0.157	0.0	0.0
ZNF318	520.3346	-1.6637	0.1629	0.0	0.0
ZNF319	508.9931	1.1885	0.1592	0.0	0.0
ZNF324	485.7365	1.661	0.1586	0.0	0.0
ZNF329	175.5092	1.1887	0.2496	0.0	0.0
ZNF330	344.9162	-1.2807	0.1953	0.0	0.0
ZNF337	158.3828	-1.1802	0.2891	0.0	0.0001
ZNF33A	336.5286	-1.4249	0.1917	0.0	0.0
ZNF33B	121.8498	-3.6533	0.4143	0.0	0.0
ZNF341	88.3436	-1.1713	0.3646	0.0007	0.0014
ZNF345	15.8919	-1.8127	0.8076	0.0036	0.0067
ZNF346	146.4975	-3.3842	0.3612	0.0	0.0
ZNF347	120.112	-2.0974	0.3374	0.0	0.0
ZNF35	466.8545	2.0596	0.163	0.0	0.0
ZNF350	136.1607	1.8722	0.294	0.0	0.0
ZNF354A	223.5916	-1.0614	0.2402	0.0	0.0
ZNF354C	82.6462	-2.4033	0.4095	0.0	0.0
ZNF358	1773.557	1.0884	0.0902	0.0	0.0
ZNF362	267.4476	-2.2145	0.2269	0.0	0.0
ZNF37A	225.3147	-2.2738	0.2592	0.0	0.0
ZNF37BP	120.7864	-1.0433	0.318	0.0007	0.0013
ZNF382	36.09	-3.2121	0.7522	0.0	0.0
ZNF385B	23.7287	-1.2434	0.6487	0.0236	0.0388
ZNF394	734.8946	2.5843	0.138	0.0	0.0
ZNF397	108.6538	-1.3393	0.3244	0.0	0.0
ZNF408	810.1906	2.3693	0.1287	0.0	0.0
ZNF41	136.5496	-1.4737	0.3018	0.0	0.0
ZNF414	164.921	-2.6621	0.3057	0.0	0.0
ZNF415	79.1292	-1.6165	0.3925	0.0	0.0
ZNF417	83.3381	-1.1257	0.3616	0.0011	0.0021
ZNF426	295.0513	1.5281	0.2006	0.0	0.0
ZNF428	1819.1364	1.3615	0.0913	0.0	0.0
ZNF430	146.1135	1.0291	0.2744	0.0001	0.0002
ZNF438	36.4887	-1.9212	0.5698	0.0001	0.0003
ZNF444	400.7552	-1.2999	0.1789	0.0	0.0
ZNF445	530.2062	-1.8676	0.1936	0.0	0.0
ZNF446	103.7789	-1.4593	0.335	0.0	0.0
ZNF449	69.7031	-1.4581	0.4078	0.0001	0.0003
ZNF45	211.6324	-2.0712	0.2847	0.0	0.0
ZNF460	270.8068	2.3151	0.2316	0.0	0.0
ZNF467	89.5297	-1.0645	0.3621	0.002	0.0038
ZNF470	50.8546	-1.53	0.5074	0.0009	0.0017
ZNF473	315.5227	-1.0322	0.1936	0.0	0.0
ZNF48	1164.8173	1.2369	0.1067	0.0	0.0
ZNF485	28.5266	-2.0211	0.6958	0.0005	0.0009
ZNF488	102.4076	-4.3888	0.5708	0.0	0.0
ZNF490	39.3163	-2.221	0.6014	0.0	0.0001
ZNF491	6.308	-1.3065	1.1155	0.0304	0.0493
ZNF493	27.919	-2.0834	0.6752	0.0002	0.0005
ZNF497	40.1007	-1.034	0.5098	0.025	0.0409
ZNF500	104.1896	-2.1734	0.3603	0.0	0.0
ZNF503	320.4536	1.3066	0.2031	0.0	0.0
ZNF507	397.1193	-1.5499	0.1814	0.0	0.0
ZNF510	125.6768	-1.4023	0.3078	0.0	0.0
ZNF512	453.1261	-1.1284	0.1733	0.0	0.0
ZNF514	57.0015	-2.3683	0.4921	0.0	0.0
ZNF516	38.0116	-1.1057	0.515	0.0174	0.0292
ZNF517	37.2846	-1.8569	0.5581	0.0002	0.0004
ZNF518A	393.87	-2.8508	0.214	0.0	0.0
ZNF519	34.2273	-2.4348	0.6559	0.0	0.0
ZNF526	800.4748	1.9192	0.1272	0.0	0.0
ZNF527	38.5657	-1.0447	0.5249	0.0269	0.0438
ZNF528	18.1251	-1.4185	0.7414	0.0171	0.0287
ZNF542	120.1828	-1.172	0.307	0.0001	0.0002
ZNF543	322.9587	1.3974	0.1964	0.0	0.0
ZNF547	19.7606	-1.2842	0.6872	0.0242	0.0396
ZNF549	62.0084	-1.8165	0.4613	0.0	0.0
ZNF550	239.2082	1.8749	0.2216	0.0	0.0
ZNF554	50.1623	-2.3893	0.5151	0.0	0.0
ZNF557	75.4266	-1.2745	0.3852	0.0005	0.0009
ZNF558	149.2575	-1.6494	0.2869	0.0	0.0
ZNF559	72.031	-2.3773	0.4404	0.0	0.0
ZNF559-ZNF177	7.1049	-1.8632	1.1912	0.0028	0.0052
ZNF564	66.5363	-2.1974	0.4474	0.0	0.0
ZNF566	148.8594	-1.1491	0.2964	0.0001	0.0001
ZNF567	266.0439	1.5134	0.2118	0.0	0.0
ZNF568	31.0307	-1.1051	0.5795	0.0297	0.0482
ZNF57	139.4326	1.5619	0.2943	0.0	0.0
ZNF572	23.5542	-1.3895	0.6526	0.0118	0.0202
ZNF573	26.443	-2.1753	0.6875	0.0002	0.0003
ZNF574	2051.691	2.6729	0.0893	0.0	0.0
ZNF576	169.9245	-1.063	0.2642	0.0	0.0001
ZNF581	895.2335	2.1873	0.1293	0.0	0.0
ZNF583	23.3876	-2.154	0.7244	0.0003	0.0006
ZNF585B	86.5069	-3.0795	0.4405	0.0	0.0
ZNF586	148.8811	1.13	0.2699	0.0	0.0
ZNF589	52.2512	-1.7326	0.4709	0.0001	0.0001
ZNF594	137.2416	-1.2404	0.3028	0.0	0.0001
ZNF595	121.9595	-1.6304	0.3227	0.0	0.0
ZNF596	44.6065	1.4359	0.4867	0.0012	0.0024
ZNF597	189.6094	3.2943	0.2771	0.0	0.0
ZNF598	1108.2321	-1.2238	0.112	0.0	0.0
ZNF600	52.9739	-1.0572	0.448	0.0109	0.0187
ZNF605	91.3216	-2.28	0.383	0.0	0.0
ZNF606	47.4049	-1.3575	0.4795	0.002	0.0037
ZNF609	577.7196	-2.8101	0.1699	0.0	0.0
ZNF611	56.3652	-1.7013	0.4617	0.0001	0.0001
ZNF614	472.5305	1.0436	0.157	0.0	0.0
ZNF616	351.3411	1.4197	0.1865	0.0	0.0
ZNF618	808.8709	-1.0985	0.1269	0.0	0.0
ZNF619	35.7375	-1.1996	0.5777	0.018	0.0301
ZNF621	286.0378	-1.4931	0.2324	0.0	0.0
ZNF622	993.8233	1.8487	0.1151	0.0	0.0
ZNF624	71.4677	-1.0309	0.3976	0.0059	0.0106
ZNF627	148.8252	-2.1021	0.3	0.0	0.0
ZNF628	1206.9419	2.871	0.116	0.0	0.0
ZNF629	1214.2965	1.3122	0.1045	0.0	0.0
ZNF638	964.4786	-1.9477	0.1253	0.0	0.0
ZNF641	109.2997	-1.4243	0.3271	0.0	0.0
ZNF644	650.9669	-1.3003	0.1457	0.0	0.0
ZNF646	1150.5696	2.3573	0.1111	0.0	0.0
ZNF649	526.7797	1.0575	0.1583	0.0	0.0
ZNF653	60.339	-3.2413	0.5488	0.0	0.0
ZNF658	37.2787	-2.8493	0.6625	0.0	0.0
ZNF658B	10.5004	-1.8105	1.1206	0.0046	0.0083
ZNF660	80.2677	-2.7248	0.4731	0.0	0.0
ZNF662	12.0672	-1.6886	0.8887	0.0086	0.0151
ZNF665	19.6144	-1.8653	0.7587	0.0021	0.0039
ZNF669	225.6168	2.06	0.2302	0.0	0.0
ZNF672	343.2173	-1.8942	0.2056	0.0	0.0
ZNF674	24.8762	-1.7651	0.6635	0.0016	0.003
ZNF674-AS1	210.8459	2.5007	0.2484	0.0	0.0
ZNF678	217.7664	-1.0214	0.2703	0.0001	0.0002
ZNF680	115.9385	-1.9394	0.3361	0.0	0.0
ZNF681	66.3504	-3.2987	0.5303	0.0	0.0
ZNF682	37.9643	-2.2652	0.6019	0.0	0.0
ZNF684	19.0687	-2.3277	0.86	0.0003	0.0007
ZNF69	145.5017	-1.1931	0.2876	0.0	0.0
ZNF691	79.0518	-2.0224	0.402	0.0	0.0
ZNF700	148.1834	-1.2054	0.3101	0.0001	0.0001
ZNF701	171.0043	1.1633	0.2614	0.0	0.0
ZNF703	385.8829	1.0109	0.1774	0.0	0.0
ZNF706	475.899	-1.4558	0.1662	0.0	0.0
ZNF710	181.2193	-2.4632	0.2793	0.0	0.0
ZNF711	25.6653	-1.6686	0.6693	0.003	0.0055
ZNF713	10.0521	-1.7443	1.1221	0.0059	0.0106
ZNF714	185.9595	-1.6655	0.2616	0.0	0.0
ZNF718	175.1365	1.2339	0.2501	0.0	0.0
ZNF720	59.6445	-2.0703	0.4648	0.0	0.0
ZNF736	38.1516	-1.8506	0.5503	0.0002	0.0003
ZNF74	365.3633	-1.2856	0.1946	0.0	0.0
ZNF740	245.0214	-3.4659	0.2848	0.0	0.0
ZNF746	424.8196	-1.2565	0.1771	0.0	0.0
ZNF747	453.2454	1.2809	0.1617	0.0	0.0
ZNF749	80.0773	-1.863	0.4019	0.0	0.0
ZNF75D	102.7109	-1.2714	0.3385	0.0001	0.0002
ZNF76	283.7668	-1.3917	0.2153	0.0	0.0
ZNF761	147.3009	-2.1474	0.3059	0.0	0.0
ZNF763	15.582	-1.3476	0.757	0.0249	0.0408
ZNF764	313.7408	1.4556	0.193	0.0	0.0
ZNF767	32.167	-2.3118	0.6478	0.0	0.0001
ZNF773	60.3493	1.234	0.4284	0.002	0.0038
ZNF775	69.9933	-3.1449	0.4963	0.0	0.0
ZNF776	585.813	1.5938	0.1462	0.0	0.0
ZNF778	86.8649	-3.1359	0.4564	0.0	0.0
ZNF780A	210.0101	-1.032	0.2356	0.0	0.0
ZNF780B	188.8355	-1.2898	0.2626	0.0	0.0
ZNF782	27.9123	-1.6651	0.6196	0.0018	0.0034
ZNF783	193.3467	-2.4876	0.2762	0.0	0.0
ZNF784	65.7028	-1.6208	0.4238	0.0	0.0001
ZNF787	748.9613	-1.3184	0.1353	0.0	0.0
ZNF788	154.9365	-2.0289	0.2921	0.0	0.0
ZNF79	293.3848	1.4891	0.1985	0.0	0.0
ZNF790	36.4889	-2.2375	0.6046	0.0	0.0
ZNF791	281.5717	2.0392	0.2065	0.0	0.0
ZNF793	36.0227	-3.0589	0.6819	0.0	0.0
ZNF8	70.4934	-1.9992	0.4927	0.0	0.0
ZNF800	530.8142	1.07	0.15	0.0	0.0
ZNF805	373.5031	1.3276	0.1799	0.0	0.0
ZNF808	120.2344	1.7726	0.3283	0.0	0.0
ZNF81	46.8497	-1.6181	0.4933	0.0003	0.0006
ZNF814	41.4151	-1.3625	0.5075	0.003	0.0056
ZNF818P	55.1335	-3.0014	0.5501	0.0	0.0
ZNF821	25.2664	-1.3925	0.6672	0.0128	0.0219
ZNF823	64.4673	-2.1347	0.4516	0.0	0.0
ZNF830	453.1229	1.5204	0.1734	0.0	0.0
ZNF837	12.7729	-1.5814	0.8559	0.0127	0.0216
ZNF839	157.4215	-2.4684	0.3185	0.0	0.0
ZNF844	441.788	1.2905	0.1675	0.0	0.0
ZNF85	99.739	-1.2538	0.3502	0.0002	0.0004
ZNF850	480.5174	1.0123	0.1812	0.0	0.0
ZNF852	35.7841	-2.3742	0.6144	0.0	0.0
ZNF862	83.2301	-1.0761	0.3619	0.0018	0.0034
ZNF878	11.0237	-1.5557	0.8983	0.0154	0.026
ZNF879	23.7325	-1.9587	0.7259	0.0009	0.0018
ZNF92	387.5514	1.0765	0.178	0.0	0.0
ZNF93	113.0438	-1.1635	0.3233	0.0002	0.0004
ZNFX1	370.8821	-1.741	0.1911	0.0	0.0
ZNHIT1	1274.8768	1.2386	0.1023	0.0	0.0
ZNHIT2	780.2147	2.1724	0.1297	0.0	0.0
ZNHIT3	230.6786	-1.0601	0.2254	0.0	0.0
ZNHIT6	522.9612	-2.2077	0.1694	0.0	0.0
ZNRD1-AS1	3.8638	-1.3024	1.1688	0.0233	0.0383
ZNRF1	575.9087	-1.6437	0.1533	0.0	0.0
ZNRF3-AS1	6.6024	1.6732	1.1494	0.0069	0.0122
ZRANB1	424.4444	-2.6523	0.194	0.0	0.0
ZRANB2	872.3422	-2.2016	0.1332	0.0	0.0
ZRANB3	102.4719	-1.5694	0.3415	0.0	0.0
ZRSR2	103.8503	-1.279	0.3413	0.0001	0.0002
ZSCAN12	16.7162	-3.1017	1.3955	0.0	0.0
ZSCAN18	223.615	-2.3363	0.2513	0.0	0.0
ZSCAN22	84.3575	-2.168	0.4043	0.0	0.0
ZSCAN23	5.6974	-1.3371	1.1212	0.0267	0.0435
ZSCAN26	57.6802	-2.1606	0.477	0.0	0.0
ZSCAN30	61.7454	-1.3277	0.4232	0.0008	0.0015
ZSCAN32	134.6798	-2.0858	0.3159	0.0	0.0
ZSCAN5A	69.9358	-1.0072	0.3901	0.0062	0.0111
ZSWIM4	167.0449	-1.0233	0.2848	0.0002	0.0004
ZSWIM8-AS1	43.1032	1.1827	0.4922	0.0083	0.0146
ZUFSP	102.3022	-1.7295	0.3511	0.0	0.0
ZYG11B	383.8955	-2.28	0.1968	0.0	0.0
ZZZ3	552.7558	-2.0716	0.1616	0.0	0.0
