gene_id	baseMean	log2FoldChange	lfcSE	pvalue	padj
A1BG	154.272	0.942	0.2639	2e-04	5e-04
A1BG-AS1	37.0474	-0.0851	0.5024	0.8522	0.8913
A2M	20.0379	1.639	0.676	0.0037	0.0068
A2M-AS1	0.5418	-0.1403	1.2488	0.6615	NA
A2ML1	22.1758	0.0367	0.6236	0.9453	0.9615
A4GALT	171.8488	-1.0814	0.2849	1e-04	2e-04
AAAS	1187.5591	1.0664	0.1059	0	0
AACS	479.2719	0.6036	0.1602	1e-04	3e-04
AADAT	185.1646	0.0168	0.2411	0.9433	0.9599
AAED1	144.4324	-1.3208	0.2853	0	0
AAGAB	980.6768	-0.2482	0.1187	0.0356	0.0569
AAK1	273.9605	-1.7447	0.221	0	0
AAMDC	77.467	1.0536	0.3936	0.0045	0.0082
AAMP	3482.5783	0.8131	0.0688	0	0
AANAT	0.8484	0.184	1.2232	0.6322	NA
AAR2	361.1544	-2.4023	0.2003	0	0
AARS	2627.7465	-0.065	0.076	0.3914	0.4767
AARS2	855.6221	0.1128	0.1258	0.3671	0.4531
AARSD1	488.177	0.6883	0.1535	0	0
AASDH	89.3611	-1.7808	0.3713	0	0
AASDHPPT	1871.9433	0.7459	0.0883	0	0
AASS	369.0564	0.3512	0.181	0.0496	0.0772
AATF	1347.7729	-0.5905	0.1041	0	0
AATK	6.602	0.3024	0.9144	0.6268	0.7001
ABAT	16.7943	0.6024	0.6931	0.2914	0.3729
ABCA1	70.1611	-0.3321	0.3784	0.3547	0.4405
ABCA11P	72.007	-0.6654	0.3781	0.0634	0.0966
ABCA12	5.8529	0.1243	0.936	0.8409	0.8818
ABCA17P	4.0569	1.5937	1.2064	0.0067	0.0118
ABCA2	1646.7831	0.9993	0.0996	0	0
ABCA3	654.0041	1.2828	0.1361	0	0
ABCA4	124.2472	0.6608	0.2928	0.0199	0.033
ABCA5	14.674	-4e-04	0.7429	0.9994	0.9997
ABCA7	165.1891	0.6822	0.2801	0.0122	0.0209
ABCB1	12.6016	-0.0634	0.7463	0.9147	0.9383
ABCB10	814.8093	0.636	0.1294	0	0
ABCB4	0.187	-0.0361	1.2501	0.9081	NA
ABCB5	0.2102	-0.0504	1.25	0.8722	NA
ABCB6	663.43	-0.4217	0.1369	0.0019	0.0037
ABCB7	321.9741	0.7428	0.1946	1e-04	2e-04
ABCB8	821.6289	1.2289	0.1299	0	0
ABCB9	93.6042	-0.2617	0.3397	0.4217	0.5081
ABCC1	2164.3376	0.3473	0.0816	0	0
ABCC10	276.0949	-0.6794	0.2133	0.0012	0.0023
ABCC11	0.5233	0.0575	1.2454	0.8602	NA
ABCC2	16.9329	0.3523	0.6746	0.5306	0.6131
ABCC3	141.7844	0.907	0.2963	0.0016	0.003
ABCC4	789.284	0.0302	0.1241	0.8066	0.8529
ABCC5	542.0833	-0.1074	0.1663	0.5144	0.597
ABCC6	21.8661	0.8132	0.6419	0.1359	0.1917
ABCC6P1	1.6061	-0.323	1.1715	0.4999	0.5838
ABCC6P2	6.1359	0.3942	0.9816	0.5208	0.6034
ABCC8	0.3797	-0.1048	1.2488	0.7422	NA
ABCD1	255.1047	0.9614	0.2195	0	0
ABCD3	1334.3905	0.0838	0.0983	0.3927	0.4779
ABCD4	116.3617	-0.3696	0.3054	0.2104	0.2814
ABCE1	3490.1147	-0.153	0.0856	0.073	0.1099
ABCF1	2502.1098	-0.494	0.0807	0	0
ABCF2	2320.8339	0.1296	0.0857	0.1296	0.1839
ABCF3	444.0526	-2.1874	0.181	0	0
ABCG1	0.3799	-0.1049	1.2488	0.7421	NA
ABCG2	91.3036	0.8012	0.339	0.0136	0.0232
ABHD1	0.5241	0.0572	1.2453	0.8609	NA
ABHD10	246.7133	-2.4906	0.2443	0	0
ABHD11	610.8268	0.6927	0.1523	0	0
ABHD12	2076.7768	1.2182	0.0834	0	0
ABHD12B	4.7176	-0.6173	0.9941	0.3159	0.3998
ABHD13	360.4988	-0.5131	0.1805	0.004	0.0073
ABHD14A	187.6384	1.3246	0.2559	0	0
ABHD14B	349.7127	0.7039	0.1792	1e-04	2e-04
ABHD15	186.5812	-1.267	0.2519	0	0
ABHD16A	793.1335	0.9152	0.1353	0	0
ABHD16B	161.5323	0.838	0.259	9e-04	0.0018
ABHD17A	1525.6792	0.8942	0.0944	0	0
ABHD17B	727.6282	1.5035	0.142	0	0
ABHD17C	302.2407	0.4084	0.1968	0.0354	0.0566
ABHD2	1013.2062	-0.6309	0.1173	0	0
ABHD3	628.5298	0.6775	0.139	0	0
ABHD4	252.4289	-1.2766	0.2198	0	0
ABHD5	262.0108	-1.5161	0.2254	0	0
ABHD6	58.9053	-3.2213	0.5546	0	0
ABHD8	317.7168	-0.5634	0.2208	0.0094	0.0164
ABI1	507.5121	-1.934	0.1645	0	0
ABI2	1036.9628	-0.9645	0.1143	0	0
ABI3BP	4.8866	1.0551	1.0264	0.0899	0.1326
ABL1	1404.1605	-2.1116	0.1055	0	0
ABL2	343.7239	-0.8379	0.2113	1e-04	1e-04
ABLIM1	2681.6216	-0.1023	0.0761	0.1778	0.2432
ABLIM2	2.4172	0.0626	1.1324	0.9038	0.9297
ABR	1373.964	0.4092	0.1081	1e-04	3e-04
ABRA	0.1898	-0.0377	1.2501	0.9042	NA
ABRACL	274.5	0.7732	0.2042	1e-04	3e-04
ABT1	954.243	0.5018	0.1172	0	0
ABTB1	136.9735	-0.9502	0.3128	0.0016	0.0031
ABTB2	440.7782	-2.3877	0.1828	0	0
AC002116.7	8.1883	0.6511	0.866	0.2961	0.3782
AC002454.1	0.1804	-0.0353	1.2501	0.9101	NA
AC002480.3	32.5535	-1.8467	0.6038	4e-04	9e-04
AC003102.3	0.7594	-0.211	1.2386	0.5485	NA
AC003665.1	16.0401	0.6421	0.6903	0.2597	0.3376
AC004893.11	40.1215	-0.601	0.4893	0.1786	0.2442
AC005592.2	1.8076	-0.3972	1.1601	0.4246	0.5106
AC005594.3	3.937	0.829	1.0679	0.1645	0.2269
AC006272.1	1.006	0.3859	1.2309	0.317	NA
AC007038.7	0.38	-0.1049	1.2488	0.742	NA
AC007040.7	6.0577	-1.2623	1.1082	0.0365	0.0583
AC007099.1	0.682	0.2462	1.2453	0.4666	NA
AC007163.6	3.6716	0.3895	1.2582	0.2311	0.3053
AC007246.3	24.5549	1.0969	0.5989	0.0351	0.0562
AC007551.3	0.9208	-0.3234	1.2174	0.4254	NA
AC007773.2	6.0749	-0.2807	0.9353	0.6509	0.7222
AC009299.3	61.5805	0.0234	0.3998	0.9505	0.9651
AC009473.1	0.378	-0.1042	1.2488	0.7435	NA
AC009501.4	6.4062	-0.2211	0.9008	0.722	0.7843
AC009948.5	44.5751	-1.8285	0.5335	1e-04	3e-04
AC010226.4	18.6785	2.2293	0.7691	3e-04	6e-04
AC011747.7	9.3566	0.7767	0.8288	0.209	0.2798
AC012314.8	59.7131	3.582	0.5098	0	0
AC016629.8	18.9631	1.0791	0.6929	0.0591	0.0908
AC016995.3	0.1804	-0.0353	1.2501	0.9101	NA
AC018470.4	0.3338	0.1444	1.2516	0.6445	NA
AC022007.5	3.5917	-0.4483	1.037	0.452	0.5372
AC024592.9	0.7201	-0.1973	1.2407	0.568	NA
AC058791.1	1.9679	-0.2045	1.1313	0.695	0.7606
AC072062.1	6.7853	-0.8873	0.9618	0.158	0.2192
AC074138.3	3.0436	-0.3077	1.0552	0.5979	0.6742
AC074286.1	2.1264	-0.0246	1.119	0.9631	0.9728
AC074289.1	3.1256	0.0866	1.0514	0.8817	0.9119
AC079145.4	1.823	-0.3975	1.1591	0.4254	0.5114
AC091729.9	21.6733	-1.0071	0.6425	0.065	0.0988
AC092295.7	3.7906	0.4532	1.0163	0.4535	0.5388
AC093391.2	1.2258	-0.1929	1.186	0.6693	NA
AC093690.1	1.4326	-0.0231	1.1639	0.9616	0.9718
AC095067.1	2.227	0.3513	1.1277	0.5076	0.5911
AC097662.2	0.7501	-0.247	1.2281	0.5137	NA
AC104134.2	1.9293	0.2599	1.1382	0.6146	0.6891
AC104653.1	2.0542	0.1888	1.1288	0.7186	0.7814
AC104655.2	0.1898	-0.0377	1.2501	0.9042	NA
AC105053.3	0.5235	0.0574	1.2453	0.8604	NA
AC107622.1	0.3797	-0.1048	1.2488	0.7422	NA
AC109828.1	0.3338	0.1444	1.2516	0.6445	NA
AC137932.6	1.7296	0.3189	1.1722	0.5043	0.5879
AC144449.1	86.5713	6.8167	1.3992	0	0
AC147651.4	0.522	0.0609	1.2455	0.8518	NA
AC159540.1	0.1932	-0.0414	1.2501	0.8946	NA
AC159540.1-2	5.9657	0.0288	0.9499	0.9627	0.9726
AC226118.1	0.18	-0.0351	1.2501	0.9106	NA
ACAA1	718.2645	1.0897	0.1352	0	0
ACAA2	3911.229	0.9204	0.0711	0	0
ACACA	2417.8735	0.3754	0.0844	0	0
ACACB	46.6608	-0.1702	0.4552	0.6862	0.7527
ACAD10	240.2252	0.6754	0.2143	0.0013	0.0026
ACAD11	214.7551	0.7894	0.2252	4e-04	7e-04
ACAD8	146.2278	-0.7897	0.2806	0.0038	0.0069
ACAD9	1425.282	1.0428	0.0986	0	0
ACADM	1380.5198	0.8147	0.1016	0	0
ACADS	205.2215	0.5521	0.2324	0.0154	0.026
ACADSB	475.6176	0.6815	0.1574	0	0
ACADVL	4251.3511	1.2337	0.0653	0	0
ACAN	0.8747	-0.0702	1.2189	0.8568	NA
ACAP1	1.912	0.596	1.1724	0.2309	0.3051
ACAP2	645.9386	-2.5961	0.1756	0	0
ACAP3	305.4654	-0.0575	0.1914	0.7608	0.8166
ACAT1	2028.9134	1.3121	0.0857	0	0
ACAT2	961.4053	0.606	0.1155	0	0
ACBD3	547.956	-1.778	0.1574	0	0
ACBD4	60.0004	-1.3886	0.4401	7e-04	0.0013
ACBD5	354.0292	-1.006	0.1895	0	0
ACBD6	701.471	0.1146	0.1335	0.3874	0.4726
ACBD7	88.0547	-0.5832	0.349	0.0804	0.1199
ACCS	19.7912	-0.5143	0.6731	0.3595	0.4456
ACD	324.1069	-1.3357	0.1975	0	0
ACE	2.5834	0.5174	1.0893	0.3631	0.4492
ACE2	146.3062	1.02	0.2996	4e-04	9e-04
ACER2	27.2455	-0.9525	0.5853	0.0629	0.0959
ACER3	287.0403	-0.3629	0.1994	0.0648	0.0985
ACHE	57.6673	1.0607	0.4204	0.007	0.0123
ACIN1	2994.4713	-0.3225	0.073	0	0
ACKR2	13.7069	-0.3079	0.7406	0.6019	0.6777
ACKR4	1.5469	0.1636	1.1399	0.7491	0.8072
ACLY	6065.1714	0.6055	0.0605	0	0
ACN9	212.7394	0.4079	0.2293	0.0698	0.1056
ACO1	1095.7118	0.6705	0.1105	0	0
ACO2	3754.2788	1.2043	0.0775	0	0
ACOT1	59.8809	0.4456	0.4085	0.2457	0.322
ACOT11	4.1509	-0.2703	0.9966	0.6566	0.7271
ACOT13	392.6767	0.4058	0.1762	0.0198	0.0329
ACOT2	379.561	0.687	0.1749	1e-04	2e-04
ACOT4	33.1457	-0.196	0.5267	0.6791	0.7468
ACOT6	0.1885	-0.0369	1.2501	0.906	NA
ACOT7	2764.8813	1.1389	0.0775	0	0
ACOT8	216.008	1.0231	0.2278	0	0
ACOT9	522.1357	0.1415	0.151	0.3446	0.4302
ACOX1	416.8148	-0.2523	0.167	0.1269	0.1805
ACOX2	95.6234	0.1544	0.3342	0.6303	0.7036
ACOX3	237.712	0.5788	0.217	0.0067	0.0118
ACOXL	1.0081	0.4509	1.2206	0.2747	NA
ACP1	1482.1412	0.19	0.1002	0.0569	0.0876
ACP2	754.1819	0.7716	0.1297	0	0
ACP5	0.6945	-0.0094	1.2309	0.9793	NA
ACP6	144.9464	0.3678	0.2895	0.1902	0.258
ACPL2	287.3537	-0.1677	0.197	0.3882	0.4735
ACPP	3.3426	0.3748	1.0309	0.5301	0.6126
ACR	0.19	-0.0378	1.2501	0.9039	NA
ACRC	6.5602	-0.0595	0.9235	0.9235	0.9452
ACRV1	0.1793	-0.0349	1.2501	0.9113	NA
ACSBG1	2.7837	0.1648	1.0951	0.766	0.8207
ACSBG2	0.8367	0.1833	1.2237	0.6325	NA
ACSF2	113.7283	0.8169	0.3051	0.0056	0.01
ACSF3	328.5986	-0.0898	0.1892	0.6305	0.7037
ACSL1	357.6459	-0.2101	0.2053	0.2986	0.3808
ACSL3	1079.2097	-0.4845	0.1162	0	1e-04
ACSL4	195.8791	-0.5696	0.2491	0.0193	0.0322
ACSL5	17.9457	1.9746	0.745	0.001	0.002
ACSL6	0.1898	-0.0377	1.2501	0.9042	NA
ACSM3	96.0446	0.3684	0.3372	0.2546	0.3319
ACSS1	108.2479	-1.1096	0.328	4e-04	9e-04
ACSS2	430.7977	0.5104	0.1638	0.0017	0.0032
ACTA1	3.2448	0.3743	1.0828	0.5099	0.5932
ACTA2	409.1785	1.4272	0.1751	0	0
ACTB	329023.3008	1.6247	0.0518	0	0
ACTBL2	0.3338	0.1444	1.2516	0.6445	NA
ACTC1	92.479	0.8695	0.3418	0.0079	0.0138
ACTG1	73361.5575	1.1866	0.0534	0	0
ACTG1P4	0.1893	-0.0374	1.2501	0.905	NA
ACTG2	177.8714	1.4622	0.2507	0	0
ACTL10	20.4953	-0.5072	0.6524	0.3571	0.443
ACTL6A	1409.5196	0.4216	0.0976	0	0
ACTL7A	1.0253	0.3932	1.2303	0.3108	NA
ACTL7B	0.3418	0.1456	1.2516	0.6419	NA
ACTL8	6.1892	0.5678	0.9339	0.363	0.4491
ACTN1	13761.5071	0.7965	0.0656	0	0
ACTN1-AS1	0.3303	0.1436	1.2516	0.6463	NA
ACTN4	35796.9434	1.1426	0.0515	0	0
ACTR10	833.0001	1.0517	0.1232	0	0
ACTR1A	1634.8831	-0.2404	0.0925	0.0092	0.016
ACTR1B	1537.9742	0.8792	0.1022	0	0
ACTR2	8527.7078	0.9659	0.0574	0	0
ACTR3	7574.8653	0.2049	0.0705	0.0036	0.0066
ACTR3B	269.326	-0.399	0.2043	0.0474	0.0742
ACTR3C	53.2346	0.9012	0.4385	0.0271	0.0441
ACTR5	101.8067	-0.588	0.3795	0.1021	0.1485
ACTR6	175.8469	-0.4088	0.2541	0.0995	0.1452
ACTR8	247.7234	-2.8453	0.2529	0	0
ACTRT3	84.2804	-0.3513	0.366	0.3131	0.3967
ACVR1	77.9325	-1.3134	0.3784	2e-04	5e-04
ACVR1B	374.4993	-1.9859	0.1934	0	0
ACVR1C	1.291	-0.4606	1.2037	0.2975	NA
ACVR2A	71.0673	-2.9991	0.4625	0	0
ACVR2B	241.8693	-1.3506	0.2295	0	0
ACVR2B-AS1	15.8752	1.8742	0.7664	0.0021	0.0039
ACVRL1	20.7567	-0.614	0.6494	0.2636	0.3421
ACY1	618.5879	1.3119	0.1395	0	0
ACY3	3.431	0.597	1.0519	0.3148	0.3984
ACYP1	63.5419	0.0816	0.3997	0.8285	0.8712
ACYP2	76.8967	1.4443	0.3729	0	1e-04
AD000090.2	107.5848	0.9985	0.3161	0.001	0.002
ADA	219.697	1.1125	0.2267	0	0
ADAD2	0.1804	-0.0353	1.2501	0.9101	NA
ADAL	66.727	-0.8237	0.3996	0.0286	0.0465
ADAM10	8367.4369	0.7459	0.0571	0	0
ADAM11	162.4246	1.3905	0.2604	0	0
ADAM15	4811.7045	1.4549	0.063	0	0
ADAM17	1126.4585	1.002	0.1088	0	0
ADAM19	5.828	0.0521	0.9228	0.9331	0.9528
ADAM1A	35.8432	0.0823	0.5144	0.8596	0.8962
ADAM20	2.717	1.1449	1.197	0.0325	0.0523
ADAM20P1	4.8828	1.3305	1.1485	0.0239	0.0392
ADAM21	0.6835	0.2469	1.2453	0.4657	NA
ADAM22	354.2994	1.417	0.1838	0	0
ADAM23	1.8917	0.2724	1.1373	0.5986	0.6749
ADAM28	2.9756	0.4541	1.0635	0.4358	0.5214
ADAM32	0.8335	0.172	1.2124	0.6715	NA
ADAM33	2.7124	0.7017	1.1384	0.1946	0.2632
ADAM8	4.2062	0.5446	1.0378	0.3628	0.449
ADAM9	10839.2707	1.4304	0.0595	0	0
ADAMTS1	4361.8855	2.3158	0.0894	0	0
ADAMTS10	8.4779	0.5259	0.8374	0.3947	0.4801
ADAMTS12	1.8825	0.5936	1.1697	0.2355	0.3103
ADAMTS13	21.2756	1.6866	0.6605	0.0025	0.0046
ADAMTS14	0.19	-0.0378	1.2501	0.9039	NA
ADAMTS15	1330.9864	-1.3277	0.1235	0	0
ADAMTS16	9.1467	0.0463	0.8234	0.9399	0.9578
ADAMTS17	87.3674	1.6304	0.3594	0	0
ADAMTS18	0.919	0.2174	1.2197	0.5807	NA
ADAMTS19	0.1898	-0.0377	1.2501	0.9042	NA
ADAMTS2	1.2714	0.5012	1.2237	0.2254	NA
ADAMTS3	8.3151	0.9344	0.8829	0.1373	0.1936
ADAMTS4	1.8027	-0.0699	1.1395	0.8911	0.9193
ADAMTS5	4.5138	0.414	0.984	0.4999	0.5838
ADAMTS7	69.0392	1.5405	0.3931	0	1e-04
ADAMTS7P1	0.3418	0.1456	1.2516	0.6419	NA
ADAMTS8	510.6119	1.4016	0.1594	0	0
ADAMTS9	371.2969	-0.7561	0.1778	0	0
ADAMTS9-AS2	0.3338	0.1444	1.2516	0.6445	NA
ADAMTSL2	0.3791	-0.1046	1.2488	0.7427	NA
ADAMTSL3	371.3099	1.1449	0.1769	0	0
ADAMTSL4	82.2341	1.3312	0.3843	2e-04	5e-04
ADAMTSL4-AS1	1.1801	0.3017	1.207	0.4758	NA
ADAMTSL5	174.587	0.2417	0.2515	0.3253	0.4096
ADAP1	285.1725	0.4692	0.2018	0.0183	0.0305
ADAP2	106.7368	0.3427	0.312	0.255	0.3324
ADAR	4564.1276	-0.1944	0.0642	0.0024	0.0045
ADARB1	180.2428	-0.2712	0.2497	0.2667	0.3456
ADAT1	206.878	-1.5217	0.2515	0	0
ADAT2	100.8965	-1.6186	0.3655	0	0
ADAT3	89.6392	-1.5204	0.3612	0	0
ADC	5.0043	-0.3592	0.9684	0.56	0.6407
ADCK1	161.1242	0.329	0.2716	0.2134	0.2849
ADCK2	345.2858	-0.8847	0.1851	0	0
ADCK3	250.7786	-1.6498	0.2408	0	0
ADCK4	367.0725	-0.4441	0.1766	0.011	0.0189
ADCK5	168.6823	0.0295	0.2532	0.9052	0.9309
ADCY1	24.7827	1	0.5942	0.0534	0.0826
ADCY10	0.416	-0.1177	1.2489	0.7121	NA
ADCY10P1	2.1167	0.1896	1.1263	0.7188	0.7815
ADCY3	1960.9995	0.6831	0.0893	0	0
ADCY5	95.2498	0.6224	0.3652	0.0733	0.1103
ADCY6	1976.6494	-1.0458	0.0868	0	0
ADCY7	870.3025	-0.096	0.1257	0.4424	0.5281
ADCY9	830.642	0.1694	0.1318	0.1961	0.2648
ADCYAP1R1	0.7409	-0.2461	1.2278	0.5157	NA
ADD1	2545.3331	-0.1373	0.0773	0.075	0.1126
ADD2	22.1652	0.3918	0.6237	0.4641	0.5492
ADD3	917.9121	0.5778	0.1162	0	0
ADD3-AS1	0.5623	-0.1679	1.2406	0.6252	NA
ADH1C	0.5695	-0.1449	1.2489	0.6513	NA
ADH5	2352.2005	0.3953	0.0787	0	0
ADH6	0.3699	-0.1024	1.2488	0.7479	NA
ADHFE1	0.5605	-0.1668	1.2407	0.6271	NA
ADI1	3339.4759	1.2089	0.0699	0	0
ADIPOR1	1676.3965	1.015	0.0934	0	0
ADIPOR2	824.7212	-2.1217	0.1348	0	0
ADIRF	10.4184	1.3964	0.848	0.0266	0.0434
ADK	782.7805	1.1878	0.1347	0	0
ADM	1452.9885	1.3587	0.1231	0	0
ADM2	52.1074	-2.2348	0.5021	0	0
ADM5	68.3032	0.8014	0.396	0.0318	0.0513
ADNP	2034.1491	-0.575	0.108	0	0
ADNP2	1174.4501	0.2636	0.1039	0.0109	0.0187
ADO	1667.3308	1.9529	0.0961	0	0
ADORA1	437.8409	-1.7766	0.185	0	0
ADORA2A	6.8545	-0.3938	1.2581	0.2272	0.3008
ADORA2A-AS1	0.9983	0.3825	1.2312	0.3202	NA
ADORA2B	59.7955	-1.0501	0.4238	0.008	0.014
ADORA3	0.794	0.2984	1.2402	0.4018	NA
ADPGK	1972.9783	1.2636	0.0855	0	0
ADPGK-AS1	3.2747	0.5699	1.1187	0.2994	0.3817
ADPRH	0.5402	-0.14	1.2488	0.6623	NA
ADPRHL1	78.6458	0.901	0.3657	0.0096	0.0167
ADPRHL2	322.8626	-2.9241	0.2274	0	0
ADPRM	19.1676	-0.8118	0.6686	0.1467	0.2052
ADRA1B	41.78	-0.2329	0.4946	0.6055	0.681
ADRA2A	1.3708	0.2327	1.1737	0.6217	NA
ADRA2B	0.5139	0.0592	1.2461	0.8553	NA
ADRA2C	57.7623	1.0911	0.4253	0.006	0.0107
ADRB2	6.7097	0.0085	0.8824	0.989	0.992
ADRBK1	1444.7517	-0.3189	0.0957	8e-04	0.0016
ADRBK2	133.3824	-0.3201	0.2994	0.2694	0.3484
ADRM1	2220.3298	-0.5212	0.0883	0	0
ADSL	2841.1574	0.4319	0.0774	0	0
ADSS	1113.4118	-0.7099	0.1131	0	0
ADSSL1	5.2089	0.3774	0.9436	0.543	0.6247
AEBP1	1716.0505	1.7411	0.0961	0	0
AEBP2	447.2212	-0.6903	0.1669	0	1e-04
AEN	678.3745	-2.3683	0.1583	0	0
AES	3339.1238	1.3391	0.0708	0	0
AFAP1	432.5237	-1.5017	0.2012	0	0
AFAP1-AS1	6.0012	1.0704	0.9749	0.0905	0.1332
AFAP1L1	456.5993	-0.3866	0.1686	0.0206	0.0341
AFAP1L2	871.0201	-0.8121	0.1261	0	0
AFF1	531.9488	-2.7404	0.178	0	0
AFF2	23.8134	-0.4187	0.6026	0.4232	0.5094
AFF4	1153.1342	-1.9305	0.1219	0	0
AFG3L1P	124.0861	-2.5328	0.3491	0	0
AFG3L2	1563.7051	-1.1086	0.0982	0	0
AFMID	112.9472	-0.7039	0.3126	0.0196	0.0325
AFTPH	307.6955	-1.971	0.2107	0	0
AGA	222.036	1.5684	0.2372	0	0
AGAP1	795.7708	0.4366	0.1245	4e-04	9e-04
AGAP1-IT1	2.69	-0.2082	1.0687	0.7166	0.7796
AGAP11	10.5426	-0.3882	0.8248	0.5276	0.6102
AGAP2	65.9988	-0.692	0.394	0.0627	0.0957
AGAP2-AS1	143.0226	0.5084	0.2805	0.0621	0.0948
AGAP3	1930.075	-0.1558	0.086	0.0692	0.1048
AGAP4	55.0013	-1.3114	0.4986	0.0038	0.0069
AGAP5	19.1885	-2.4411	1.1627	3e-04	6e-04
AGAP6	180.2428	-0.005	0.2467	0.9834	0.9879
AGAP7	5.178	-1.1411	1.1167	0.0533	0.0825
AGAP9	63.6527	-0.6986	0.4109	0.0701	0.106
AGBL2	0.3532	0.15	1.2517	0.6319	NA
AGBL3	5.656	0.5265	0.9324	0.3985	0.484
AGBL5	1159.9966	1.1256	0.1075	0	0
AGER	13.2849	-1.2458	0.8219	0.045	0.0707
AGFG1	857.4469	-2.1677	0.1339	0	0
AGFG2	130.7788	-2.8187	0.3465	0	0
AGGF1	524.3738	-0.7827	0.153	0	0
AGK	486.6695	-0.5543	0.1689	9e-04	0.0018
AGL	287.9449	-0.2217	0.2005	0.2618	0.3401
AGMAT	242.2593	1.0636	0.221	0	0
AGMO	8.1465	0.8322	0.8614	0.1828	0.2491
AGO1	887.3936	-0.1392	0.1231	0.2553	0.3327
AGO2	472.712	-0.4135	0.157	0.0079	0.0138
AGO3	130.3287	-0.5677	0.2936	0.0459	0.0721
AGO4	84.9418	-0.8695	0.3545	0.0101	0.0176
AGPAT1	2038.6586	0.789	0.0883	0	0
AGPAT2	772.659	0.745	0.1279	0	0
AGPAT3	1628.365	0.5158	0.1085	0	0
AGPAT4	175.2463	-1.3481	0.2631	0	0
AGPAT4-IT1	1.2079	0.0395	1.1941	0.9277	NA
AGPAT5	1452.563	-0.5026	0.1011	0	0
AGPAT6	976.7297	-1.1401	0.1243	0	0
AGPAT9	524.3897	-0.4944	0.1638	0.0023	0.0043
AGPS	1177.8543	0.2492	0.1109	0.024	0.0394
AGR2	1250.316	1.3019	0.1211	0	0
AGR3	5.245	0.3768	0.9417	0.5438	0.6254
AGRN	27598.4429	1.2262	0.0448	0	0
AGT	13.3844	1.1446	0.7869	0.0606	0.0928
AGTPBP1	416.5271	-0.0099	0.1661	0.9519	0.9662
AGTR1	11.1284	-1.7317	0.939	0.0078	0.0138
AGTRAP	681.0355	1.0017	0.1335	0	0
AHCTF1	1541.385	-1.9753	0.1028	0	0
AHCTF1P1	4.8319	-1.5326	1.1714	0.0103	0.0178
AHCY	9114.6077	1.2097	0.0554	0	0
AHCYL1	3983.2624	0.7825	0.0664	0	0
AHCYL2	447.363	0.5016	0.1601	0.0016	0.003
AHDC1	395.6835	-2.0523	0.2066	0	0
AHI1	251.6432	-0.0773	0.2158	0.7157	0.7789
AHNAK	20612.4984	0.915	0.0653	0	0
AHNAK2	276.5655	0.4754	0.2144	0.0242	0.0396
AHR	1099.4173	-0.3611	0.1287	0.0048	0.0086
AHRR	164.42	-1.6783	0.273	0	0
AHSA1	5032.0085	0.6588	0.0621	0	0
AHSA2	195.6477	-1.8107	0.25	0	0
AHSG	4.1624	0.547	1.0003	0.3715	0.4567
AICDA	0.3336	0.1444	1.2516	0.6446	NA
AIDA	1844.3748	0.6342	0.0893	0	0
AIF1L	932.6772	0.8014	0.125	0	0
AIFM1	1623.0555	0.8926	0.0927	0	0
AIFM2	21.8664	0.5025	0.6311	0.3514	0.4371
AIFM3	0.8528	0.1793	1.2227	0.6416	NA
AIG1	305.996	1.2608	0.206	0	0
AIM1	3.4575	-0.8147	1.1276	0.1445	0.2024
AIM1L	230.6701	-0.0127	0.2179	0.9527	0.9668
AIMP1	959.6964	0.0929	0.1152	0.4179	0.5043
AIMP2	865.5937	-0.3314	0.1252	0.0078	0.0137
AIP	807.3714	0.5583	0.1264	0	0
AIRN	0.675	0.2859	1.2368	0.4303	NA
AJUBA	2513.1276	-0.5426	0.0957	0	0
AK1	1125.1964	1.4038	0.1069	0	0
AK2	3573.248	0.8223	0.0755	0	0
AK3	901.3951	0.5228	0.1202	0	0
AK4	64.5533	-0.3694	0.394	0.3208	0.4049
AK5	1.1957	0.3269	1.1935	0.4647	NA
AK6	272.6942	-2.7667	0.2395	0	0
AK7	40.4641	0.1539	0.4796	0.7264	0.7883
AK8	1.0131	0.13	1.1949	0.7653	NA
AK9	52.3412	0.6919	0.431	0.0851	0.1263
AKAP1	659.3744	-1.8858	0.1498	0	0
AKAP10	283.9757	-1.6968	0.5048	2e-04	4e-04
AKAP11	341.4221	-3.1378	0.2239	0	0
AKAP12	9849.7401	0.566	0.0551	0	0
AKAP13	769.2894	-0.9966	0.1306	0	0
AKAP17A	2000.6792	1.8681	0.0868	0	0
AKAP2	1268.3532	1.2033	0.1262	0	0
AKAP3	4.8831	-0.3032	0.9585	0.6234	0.6971
AKAP5	1219.5285	1.8947	0.1259	0	0
AKAP6	2.0047	-0.4538	1.1537	0.3721	0.4571
AKAP7	34.2967	-0.4633	0.5232	0.3255	0.4098
AKAP8	650.6607	-0.6656	0.1381	0	0
AKAP8L	431.9439	-1.2214	0.1807	0	0
AKAP9	321.8016	-1.415	0.2009	0	0
AKIP1	286.329	0.1385	0.1968	0.4754	0.5605
AKIRIN1	924.9926	-2.741	0.1362	0	0
AKIRIN2	564.9297	-0.1137	0.1478	0.4379	0.5235
AKNA	108.417	-2.1986	0.3526	0	0
AKR1A1	1542.7718	0.9557	0.0941	0	0
AKR1B1	2387.3086	1.214	0.0793	0	0
AKR1C1	1101.5307	0.9406	0.1269	0	0
AKR1C2	140.2326	0.6851	0.3095	0.0219	0.0361
AKR1C3	32.222	0.6143	0.5502	0.2095	0.2803
AKR7A2	1297.2949	1.2813	0.1062	0	0
AKR7A2P1	14.188	2.7007	1.0543	1e-04	2e-04
AKR7A3	1.958	-0.2137	1.1179	0.6897	0.7558
AKR7L	5.5057	0.7877	0.9578	0.2086	0.2793
AKT1	4736.8034	0.9116	0.065	0	0
AKT1S1	2436.1954	1.1732	0.0788	0	0
AKT2	3654.2516	1.0278	0.0712	0	0
AKT3	59.0984	0.7373	0.4556	0.08	0.1193
AKTIP	230.9127	-1.7752	0.2391	0	0
AL022476.2	0.5231	0.0612	1.2454	0.8513	NA
ALAD	243.4146	-1.0272	0.2378	0	0
ALAS1	441.9616	-1.2893	0.1732	0	0
ALCAM	7444.9523	1.1152	0.0579	0	0
ALDH16A1	952.9995	0.7487	0.12	0	0
ALDH18A1	3620.9802	0.6777	0.0681	0	0
ALDH1A1	5216.1318	1.0951	0.0718	0	0
ALDH1A2	5.6444	-0.1466	0.934	0.8129	0.8582
ALDH1A3	3.7617	-0.2892	1.0173	0.6304	0.7036
ALDH1B1	1072.8707	0.2005	0.1107	0.0688	0.1041
ALDH1L1	0.9493	-0.2789	1.2293	0.4608	NA
ALDH1L2	26.1699	0.1306	0.5792	0.7973	0.8452
ALDH2	1114.2357	1.1388	0.111	0	0
ALDH3A1	22.8592	0.7008	0.6159	0.1866	0.2535
ALDH3A2	730.4805	0.2041	0.1322	0.1202	0.1719
ALDH3B1	282.9021	0.6717	0.2161	0.0016	0.003
ALDH3B2	0.5197	0.0596	1.2457	0.8548	NA
ALDH4A1	409.8781	1.1588	0.1694	0	0
ALDH5A1	711.6197	0.5231	0.1307	1e-04	1e-04
ALDH6A1	399.7952	0.9006	0.1716	0	0
ALDH7A1	2277.8666	1.1583	0.0827	0	0
ALDH8A1	0.8583	0.1826	1.2225	0.636	NA
ALDH9A1	1109.0247	0.5245	0.1077	0	0
ALDOA	27958.4915	1.1604	0.05	0	0
ALDOC	8.0691	-0.093	0.8434	0.8802	0.9106
ALG1	525.1596	0.1438	0.153	0.3434	0.4291
ALG10	72.7058	-0.7005	0.3815	0.0526	0.0815
ALG10B	94.8087	-1.1513	0.383	0.0015	0.0028
ALG11	115.6549	-1.7974	0.3263	0	0
ALG12	731.6256	0.6029	0.1307	0	0
ALG13	372.8879	0.6885	0.1805	1e-04	2e-04
ALG14	77.954	0.6992	0.3639	0.0436	0.0687
ALG1L9P	4.638	1.4455	1.1494	0.0158	0.0267
ALG2	478.5645	-0.3764	0.1584	0.0165	0.0277
ALG3	1119.7836	0.6931	0.1128	0	0
ALG5	241.0445	-0.3246	0.2165	0.1272	0.1808
ALG6	240.134	0.0711	0.2288	0.7515	0.8092
ALG8	1000.5125	0.7863	0.1152	0	0
ALG9	335.8838	0.0084	0.201	0.966	0.9749
ALKBH1	146.3218	-0.4567	0.28	0.0932	0.1369
ALKBH2	427.4106	0.0949	0.166	0.5635	0.6438
ALKBH4	202.7922	-0.4266	0.2365	0.0656	0.0997
ALKBH5	3675.7531	0.9503	0.0691	0	0
ALKBH6	97.2577	-0.9107	0.3338	0.0044	0.0081
ALKBH7	388.5161	0.7969	0.1876	0	0
ALKBH8	135.2148	-2.0048	0.3316	0	0
ALMS1	325.196	-0.8206	0.1889	0	0
ALMS1-IT1	2.376	-0.5576	1.1441	0.2884	0.3697
ALOX12	2.1198	-0.2391	1.1322	0.6468	0.7184
ALOX12B	0.3611	-0.1004	1.2488	0.7526	NA
ALOXE3	0.1805	-0.0354	1.2501	0.91	NA
ALPK1	31.6616	-1.4271	0.5958	0.0059	0.0106
ALPK2	15.3722	0.3726	0.6953	0.5145	0.5971
ALPK3	7.0024	-0.1748	0.9125	0.7784	0.8306
ALPL	194.5147	1.3423	0.2583	0	0
ALPP	18.168	0.3023	0.6648	0.5874	0.6648
ALPPL2	4.0396	0.3348	1.0411	0.5713	0.6507
ALS2	500.2767	-1.2255	0.1763	0	0
ALS2CL	403.4361	-0.7367	0.1709	0	0
ALS2CR11	0.1898	-0.0377	1.2501	0.9042	NA
ALS2CR12	0.341	0.1462	1.2517	0.6405	NA
ALX3	7.6334	-1.178	0.9855	0.0634	0.0966
ALX4	1.9741	-0.1394	1.1309	0.7889	0.8386
ALYREF	7176.6063	1.5053	0.0576	0	0
AMACR	216.1025	-0.6085	0.2302	0.007	0.0124
AMBP	107.567	1.8128	0.3373	0	0
AMBRA1	414.3389	-2.0479	0.1858	0	0
AMD1	3418.9084	-0.6931	0.0719	0	0
AMDHD2	147.1849	-0.2765	0.2734	0.2987	0.3809
AMER1	548.6072	0.5013	0.1552	0.0011	0.0022
AMFR	1291.0106	0.3478	0.1033	7e-04	0.0014
AMH	128.6029	0.1892	0.2934	0.5058	0.5893
AMHR2	0.2119	-0.0494	1.2499	0.8748	NA
AMIGO1	54.4527	-1.0446	0.4456	0.0115	0.0197
AMIGO2	2649.7645	0.7563	0.0759	0	0
AMIGO3	591.7531	2.3971	0.1494	0	0
AMMECR1	305.7196	-0.5409	0.2051	0.0074	0.0131
AMMECR1L	607.8532	-0.3311	0.3505	0.3231	0.4074
AMN	21.0856	0.9964	0.6981	0.0826	0.1228
AMN1	96.3245	-0.5383	0.3368	0.0956	0.1401
AMOT	23.6998	-0.7707	0.6153	0.1461	0.2044
AMOTL1	351.2196	-2.3071	0.2019	0	0
AMOTL2	4607.8842	1.0902	0.0762	0	0
AMPD2	1316.1965	-0.2081	0.1108	0.0592	0.0909
AMPD3	10.1911	0.0669	0.7905	0.9121	0.9365
AMPH	0.3435	-0.1032	1.2498	0.7439	NA
AMT	1.9829	-0.7036	1.1878	0.1508	0.2104
AMY2B	5.1869	-0.2585	0.961	0.6749	0.7432
AMZ1	1.0251	0.1093	1.1938	0.8023	NA
AMZ2	1236.2717	0.8071	0.1045	0	0
AMZ2P1	43.6545	0.1644	0.462	0.6999	0.7648
ANAPC1	2645.0663	0.2418	0.0791	0.0022	0.0041
ANAPC10	99.7147	-1.272	0.3367	1e-04	2e-04
ANAPC11	2370.3688	1.4213	0.0826	0	0
ANAPC13	1585.1376	1.1851	0.1012	0	0
ANAPC15	1765.4462	1.2452	0.0886	0	0
ANAPC16	1639.9772	0.8458	0.0925	0	0
ANAPC2	1022.292	0.3225	0.1112	0.0036	0.0066
ANAPC4	231.0055	-0.6559	0.2222	0.0027	0.0049
ANAPC5	3498.5864	1.0164	0.0732	0	0
ANAPC7	576.9048	-1.5194	0.1584	0	0
ANG	2.0946	0.2971	1.1319	0.5708	0.6502
ANGEL1	470.4811	0.0668	0.1584	0.6703	0.739
ANGEL2	352.7263	-1.595	0.1995	0	0
ANGPT1	6.0208	-0.0015	0.9936	0.9981	0.9988
ANGPT2	1.8475	0.5127	1.1863	0.2778	0.3579
ANGPTL1	1.0333	0.3981	1.2301	0.306	NA
ANGPTL2	1080.9926	0.7576	0.1261	0	0
ANGPTL3	0.5596	-0.1662	1.2408	0.6281	NA
ANGPTL4	28.6487	-0.8586	0.5765	0.0901	0.1328
ANGPTL6	3.6971	0.1001	1.0042	0.8684	0.9025
ANGPTL7	0.3414	0.1455	1.2516	0.6422	NA
ANK1	1508.4639	-0.2335	0.0989	0.0178	0.0297
ANK2	81.2543	0.6838	0.3534	0.0427	0.0674
ANK3	110.6063	-1.6093	0.3317	0	0
ANKAR	11.0606	-1.5249	0.9077	0.0177	0.0296
ANKDD1A	7.1507	0.1804	0.885	0.7715	0.8254
ANKDD1B	6.0164	0.0123	0.9102	0.9842	0.9884
ANKEF1	115.0888	-0.4515	0.3081	0.1291	0.1833
ANKFY1	1050.928	-1.0399	0.1175	0	0
ANKH	589.9476	0.4428	0.1439	0.0019	0.0037
ANKHD1	892.9819	1.0127	0.1207	0	0
ANKHD1-EIF4EBP3	370.7358	-1.4398	0.2108	0	0
ANKIB1	796.9211	-0.7539	0.1301	0	0
ANKLE1	5.2372	-1.6119	1.1718	0.0077	0.0136
ANKLE2	1230.4866	-0.0797	0.1026	0.4357	0.5213
ANKMY1	39.8528	-0.835	0.5383	0.0828	0.1231
ANKMY2	223.0704	-2.516	0.2576	0	0
ANKRA2	67.2028	0.4999	0.4009	0.1855	0.2523
ANKRD1	188.7914	-2.1737	0.294	0	0
ANKRD10	293.8059	-0.5666	0.197	0.0035	0.0065
ANKRD11	2663.3064	-1.3363	0.0812	0	0
ANKRD12	231.6737	-2.0704	0.241	0	0
ANKRD13A	212.1907	-0.9568	0.233	0	1e-04
ANKRD13B	240.1904	-0.4555	0.2187	0.0341	0.0547
ANKRD13C	864.152	0.4208	0.1217	5e-04	0.001
ANKRD13D	258.2268	-1.7205	0.2221	0	0
ANKRD16	104.6879	-1.7058	0.3689	0	0
ANKRD17	1263.9963	-2.0079	0.1164	0	0
ANKRD18A	51.3353	-0.6288	0.4433	0.1267	0.1802
ANKRD18B	1.6241	-0.1108	1.1386	0.8287	0.8714
ANKRD2	1.8172	-0.1725	1.1295	0.7414	0.8011
ANKRD20A1	7.6989	-0.4545	0.8788	0.4653	0.5503
ANKRD20A19P	17.6903	-0.0975	0.6683	0.8615	0.8978
ANKRD20A2	8.1257	-0.7566	0.9234	0.2282	0.3019
ANKRD20A3	4.109	0.1603	1.0356	0.7863	0.8365
ANKRD20A4	4.0271	0.3794	1.0148	0.5295	0.612
ANKRD20A8P	0.1804	-0.0353	1.2501	0.9101	NA
ANKRD20A9P	0.1804	-0.0353	1.2501	0.9101	NA
ANKRD22	0.3612	-0.1004	1.2488	0.7525	NA
ANKRD23	23.5921	-0.9918	0.6204	0.0629	0.0959
ANKRD24	1.8479	0.5127	1.1863	0.2778	0.3579
ANKRD26	173.2643	-1.2278	0.2845	0	0
ANKRD27	410.8158	-2.5978	0.1931	0	0
ANKRD28	892.5609	-0.9357	0.1229	0	0
ANKRD29	21.033	0.6981	0.6304	0.1952	0.2639
ANKRD31	13.8669	-1.5761	0.8182	0.0115	0.0198
ANKRD32	204.9061	-2.5305	0.2865	0	0
ANKRD33	0.1898	-0.0377	1.2501	0.9042	NA
ANKRD33B	3518.14	1.439	0.0789	0	0
ANKRD34A	11.6238	1.5754	0.8413	0.0125	0.0213
ANKRD34B	0.3608	-0.1002	1.2488	0.7529	NA
ANKRD35	0.7698	-0.2151	1.2381	0.5424	NA
ANKRD36	62.0919	-0.4403	0.408	0.2509	0.3277
ANKRD36B	45.565	0.208	0.4628	0.6262	0.6997
ANKRD36BP1	128.4809	-1.0847	0.3078	3e-04	5e-04
ANKRD36C	24.0488	0.7296	0.5958	0.1595	0.221
ANKRD37	17.0782	-2.3223	0.9178	4e-04	9e-04
ANKRD39	190.6652	0.0515	0.2417	0.8278	0.8707
ANKRD40	2020.9989	0.6976	0.091	0	0
ANKRD42	103.4816	-0.9966	0.338	0.0021	0.0039
ANKRD44	9.5814	-0.6287	0.8618	0.3125	0.3961
ANKRD45	7.6511	0.6589	0.8746	0.2912	0.3728
ANKRD46	230.8133	-2.1735	0.2482	0	0
ANKRD49	141.9955	0.775	0.2829	0.0048	0.0086
ANKRD50	301.6864	-0.2488	0.1951	0.196	0.2648
ANKRD52	3679.5735	-0.3385	0.0707	0	0
ANKRD53	0.8876	-0.0845	1.2181	0.8289	NA
ANKRD54	332.6228	-2.6686	0.2271	0	0
ANKRD55	0.1804	-0.0353	1.2501	0.9101	NA
ANKRD6	87.6053	-0.8325	0.395	0.0254	0.0416
ANKRD61	5.1791	-0.101	0.9516	0.87	0.9035
ANKRD63	31.6947	1.1902	0.5592	0.0163	0.0274
ANKRD65	6.5249	-0.168	0.897	0.7869	0.8369
ANKRD9	583.7626	0.3927	0.1437	0.0059	0.0106
ANKS1A	503.1828	-2.377	0.1757	0	0
ANKS3	247.5586	-1.0509	0.2549	0	1e-04
ANKS4B	0.3699	-0.1024	1.2488	0.7479	NA
ANKS6	627.0048	-0.7953	0.1396	0	0
ANKZF1	190.7556	-2.4637	0.2798	0	0
ANLN	3877.1164	-0.209	0.0731	0.0042	0.0076
ANO1	0.5235	0.0575	1.2453	0.8603	NA
ANO10	574.0132	0.9535	0.1438	0	0
ANO3	2.9553	0.3547	1.0532	0.5447	0.6262
ANO5	30.7888	-0.1596	0.5573	0.7469	0.8053
ANO6	1342.8863	-0.3198	0.0996	0.0013	0.0025
ANO7	18.994	-0.5799	0.6662	0.2986	0.3808
ANO8	145.2868	-0.7129	0.2999	0.014	0.0238
ANO9	36.0668	0.3729	0.5273	0.4316	0.5175
ANP32A	3224.3835	0.5397	0.0703	0	0
ANP32A-IT1	21.0621	2.6479	0.8213	0	1e-04
ANP32AP1	1.2354	0.0453	1.1627	0.9252	NA
ANP32B	6170.3545	1.019	0.0583	0	0
ANP32E	3393.444	0.4856	0.0714	0	0
ANPEP	2.0481	0.885	1.2003	0.0753	0.1131
ANTXR1	1661.9069	1.195	0.0929	0	0
ANTXR2	2.9705	0.379	1.0531	0.518	0.6005
ANXA1	8726.3129	1.175	0.0587	0	0
ANXA11	8315.6976	0.5546	0.056	0	0
ANXA13	1.2092	0.0393	1.194	0.928	NA
ANXA2	28018.4556	1.2984	0.0521	0	0
ANXA2P1	2.433	0.3169	1.0859	0.5742	0.6534
ANXA2P3	0.1801	-0.0352	1.2501	0.9105	NA
ANXA2R	7.1664	0.1767	0.8805	0.776	0.8289
ANXA3	1880.8846	0.8263	0.089	0	0
ANXA4	4405.0273	1.2348	0.065	0	0
ANXA5	8556.3507	1.4111	0.0575	0	0
ANXA6	2096.5548	1.1587	0.0847	0	0
ANXA7	1789.8986	0.4864	0.0981	0	0
ANXA8	4.2181	0.1367	0.9795	0.8231	0.8668
ANXA8L1	0.3325	0.1441	1.2516	0.6452	NA
ANXA9	5.7631	-0.0743	0.9182	0.9047	0.9305
AOAH	0.3608	-0.1002	1.2488	0.7529	NA
AOC2	14.0824	0.7872	0.7289	0.1798	0.2456
AOC3	5.4103	0.4992	0.9575	0.4211	0.5076
AOX1	0.6671	0.2401	1.2461	0.4744	NA
AP000330.8	19.9958	-0.0235	0.6439	0.9657	0.9746
AP000688.14	100.5581	1.1431	0.3416	5e-04	9e-04
AP000688.8	8.5083	0.5718	0.8396	0.3553	0.4411
AP001258.4	12.704	-1.7362	0.8931	0.0071	0.0125
AP1AR	269.1847	-1.2573	0.2412	0	0
AP1B1	3909.3195	1.1341	0.0671	0	0
AP1G1	1169.833	-1.5081	0.1156	0	0
AP1G2	359.4313	0.2527	0.1854	0.1677	0.231
AP1M1	1052.9471	-0.9853	0.1121	0	0
AP1M2	183.6943	0.6935	0.2555	0.0054	0.0097
AP1S1	2235.6499	1.4698	0.0839	0	0
AP1S2	1790.545	0.4424	0.0906	0	0
AP1S3	163.0875	-1.133	0.2702	0	0
AP2A1	2954.0374	0.8601	0.0759	0	0
AP2A2	2215.5547	0.5796	0.0825	0	0
AP2B1	5200.5	0.8535	0.062	0	0
AP2M1	7549.2196	1.3671	0.056	0	0
AP2S1	3554.1279	1.1793	0.0715	0	0
AP3B1	916.5257	0.3751	0.1159	0.0011	0.0022
AP3B2	1.3849	0.2168	1.187	0.6309	0.7039
AP3D1	4941.1379	0.0566	0.063	0.3687	0.4544
AP3M1	925.7452	-1.036	0.1185	0	0
AP3M2	328.4174	-1.7917	0.2015	0	0
AP3S1	1215.8354	0.9818	0.1032	0	0
AP3S2	334.9018	-2.22	0.205	0	0
AP4B1	112.4981	-2.9313	0.3758	0	0
AP4B1-AS1	4.5077	0.1964	1.0232	0.7423	0.8017
AP4E1	211.1986	-1.1365	0.2455	0	0
AP4M1	211.9566	-1.0841	0.2384	0	0
AP4S1	84.2679	-0.6036	0.3737	0.0889	0.1313
AP5B1	961.4386	0.1655	0.1166	0.1538	0.2141
AP5M1	315.5186	-1.6932	0.203	0	0
AP5S1	106.1889	-2.3123	0.4065	0	0
AP5Z1	226.2261	-2.7431	0.2675	0	0
APAF1	516.5822	-1.7096	0.1641	0	0
APBA1	722.3629	-1.3825	0.1401	0	0
APBA2	378.2589	0.6246	0.178	4e-04	8e-04
APBA3	218.3078	-0.6231	0.2262	0.005	0.009
APBB1	35.898	0.2055	0.5133	0.6581	0.7282
APBB1IP	0.5228	0.0574	1.2454	0.8604	NA
APBB2	970.0795	-1.4855	0.1199	0	0
APBB3	50.9091	-0.5167	0.4442	0.2103	0.2813
APC	307.6327	-1.7817	0.224	0	0
APC2	47.9786	1.5239	0.4711	4e-04	9e-04
APCDD1	0.5215	0.0609	1.2455	0.8517	NA
APCDD1L	1.6919	0.7654	1.202	0.1107	0.1596
APEH	3373.1771	1.0156	0.0715	0	0
APEX1	4402.8546	0.4022	0.0658	0	0
APEX2	436.9916	-1.0295	0.1818	0	0
APH1A	3747.2061	0.9854	0.0689	0	0
APH1B	81.3866	-1.6222	0.393	0	0
API5	3740.261	0.1075	0.0704	0.1263	0.1797
APIP	511.3827	0.8381	0.1533	0	0
APITD1	449.0067	1.0601	0.1637	0	0
APITD1-CORT	59.4439	0.4806	0.4163	0.2181	0.2903
APLF	20.0029	-0.4776	0.6393	0.3798	0.4645
APLP1	1090.0022	1.2946	0.1277	0	0
APLP2	34844.4472	1.3375	0.0497	0	0
APMAP	6362.5763	1.5214	0.0598	0	0
APOA1	97.815	1.6741	0.3375	0	0
APOA1BP	1923.5156	1.2638	0.0859	0	0
APOA5	0.5151	0.0592	1.246	0.8554	NA
APOB	0.1804	-0.0353	1.2501	0.9101	NA
APOBEC3B	867.5288	1.0677	0.1226	0	0
APOBEC3C	76.2669	0.5658	0.368	0.106	0.1535
APOBEC3D	1.1434	-0.058	1.2019	0.8905	NA
APOBEC3F	19.5048	-0.7247	0.6882	0.2026	0.2725
APOBEC3G	10.1484	0.0812	0.8051	0.894	0.9219
APOBEC4	2.8023	0.3675	1.0999	0.508	0.5914
APOBR	1.5472	0.4212	1.1941	0.3527	0.4385
APOC1	135.6322	1.0065	0.2897	3e-04	7e-04
APOC1P1	0.7226	0.2652	1.2434	0.4419	NA
APOC2	0.3797	-0.1048	1.2488	0.7422	NA
APOD	1.5584	0.1756	1.1394	0.7318	0.7926
APOE	566.8372	1.8093	0.1575	0	0
APOL1	1186.7969	1.301	0.106	0	0
APOL2	137.693	-2.8582	0.3537	0	0
APOL3	0.2003	-0.0434	1.25	0.8899	NA
APOL4	0.3797	-0.1048	1.2488	0.7422	NA
APOL6	13.8983	-0.9393	0.7512	0.1152	0.1654
APOLD1	77.4024	0.4179	0.3597	0.223	0.2961
APOM	19.2971	0.6648	0.674	0.2367	0.3118
APOO	424.7175	0.8763	0.1672	0	0
APOOL	221.3917	-0.3612	0.2834	0.1894	0.257
APOPT1	230.9114	-0.0541	0.2198	0.8024	0.8496
APP	19004.6889	1.4385	0.0466	0	0
APPBP2	363.4978	-2.0337	0.1926	0	0
APPL1	752.7128	-0.8234	0.1504	0	0
APPL2	614.0244	0.3345	0.1422	0.0178	0.0298
APRT	4211.7549	1.3661	0.0679	0	0
APTX	334.1858	-0.8234	0.1883	0	0
AQP1	50.6249	-2.4147	0.5494	0	0
AQP11	25.8088	-0.2392	0.6257	0.6555	0.726
AQP2	1.625	-0.3397	1.1664	0.485	0.5698
AQP3	6.7107	0.7852	0.91	0.2114	0.2825
AQP4	2.5461	-0.6017	1.1406	0.2577	0.3354
AQP4-AS1	0.5601	-0.1666	1.2407	0.6275	NA
AQP5	4.9417	-0.2133	0.9694	0.7285	0.79
AQP6	1.7665	-0.0833	1.1302	0.8729	0.9054
AQP7	0.1949	-0.0404	1.25	0.8972	NA
AQP7P1	6.051	-1.2835	1.1144	0.0331	0.0533
AQP7P3	5.4816	0.1251	0.9506	0.8394	0.8808
AQPEP	0.8794	0.2221	1.2109	0.5888	NA
AQR	1638.8363	0.4792	0.0926	0	0
AR	0.4	-0.1112	1.2488	0.7273	NA
ARAF	852.2162	0.3517	0.1278	0.0056	0.0101
ARAP1	727.7418	-0.5129	0.1357	1e-04	3e-04
ARAP2	100.1091	-2.3682	0.379	0	0
ARAP3	1046.9911	-0.011	0.1121	0.9214	0.9436
ARC	4.2109	0.3089	1.0039	0.6103	0.6855
ARCN1	2927.6156	-0.2755	0.0815	7e-04	0.0014
AREG	2.0689	0.4147	1.1606	0.405	0.4909
AREL1	609.4537	-1.3118	0.1491	0	0
ARF1	7580.4561	0.5602	0.0551	0	0
ARF3	4889.2108	1.1181	0.0631	0	0
ARF4	3963.8673	0.8342	0.074	0	0
ARF5	3458.6588	1.5162	0.0699	0	0
ARF6	3912.231	0.9899	0.0664	0	0
ARFGAP1	850.9123	-0.6294	0.1229	0	0
ARFGAP2	571.6296	-2.6218	0.1664	0	0
ARFGAP3	491.3302	-1.7078	0.1698	0	0
ARFGEF1	1938.1734	-0.9012	0.0953	0	0
ARFGEF2	1089.0046	-0.6688	0.1185	0	0
ARFIP1	355.3541	-1.7572	0.1957	0	0
ARFIP2	526.0786	-0.3863	0.1577	0.0134	0.0229
ARFRP1	295.0433	-2.0009	0.2129	0	0
ARG2	157.1154	0.397	0.2639	0.1229	0.1754
ARGFXP2	1.6885	0.7635	1.202	0.1114	0.1605
ARGLU1	1387.304	-0.447	0.1013	0	0
ARHGAP1	1863.1079	0.1596	0.09	0.0753	0.113
ARHGAP10	314.2065	-1.3829	0.1988	0	0
ARHGAP11A	1585.2649	-1.1603	0.1084	0	0
ARHGAP11B	27.6331	-1.4858	0.6175	0.0052	0.0094
ARHGAP12	177.8428	-2.7738	0.2973	0	0
ARHGAP17	1033.0532	0.1458	0.1127	0.1935	0.262
ARHGAP18	898.5969	0.0788	0.1191	0.5063	0.5897
ARHGAP19	418.5355	-2.7515	0.1937	0	0
ARHGAP21	644.6343	-1.4686	0.151	0	0
ARHGAP22	5.3957	-0.7946	1.0047	0.1986	0.2677
ARHGAP23	7448.7551	-0.0356	0.0625	0.568	0.6478
ARHGAP24	362.7535	-1.0563	0.185	0	0
ARHGAP26	29.8522	0.8183	0.5749	0.1056	0.153
ARHGAP27	255.5738	-1.3571	0.2216	0	0
ARHGAP28	0.5705	-0.1452	1.2489	0.6508	NA
ARHGAP29	1730.1942	-1.7367	0.1042	0	0
ARHGAP30	18.7288	2.2219	0.7962	4e-04	8e-04
ARHGAP31	9.6567	-0.695	0.8484	0.2632	0.3417
ARHGAP32	206.4611	-1.1225	0.2422	0	0
ARHGAP33	179.0952	-0.1021	0.2611	0.6887	0.7549
ARHGAP35	2927.3173	-0.9324	0.0755	0	0
ARHGAP39	340.854	-3.0694	0.2206	0	0
ARHGAP4	61.9013	-0.1621	0.4021	0.6687	0.7374
ARHGAP40	0.7195	-0.197	1.2407	0.5684	NA
ARHGAP42	57.7669	-1.5899	0.4434	1e-04	2e-04
ARHGAP44	59.5372	-0.6511	0.4258	0.1017	0.148
ARHGAP5	1088.8406	-0.7872	0.1101	0	0
ARHGAP5-AS1	31.1736	2.4014	0.6019	0	0
ARHGAP6	6.7353	-0.757	0.9426	0.2274	0.301
ARHGAP8	36.6749	-1.6154	0.5498	0.001	0.0019
ARHGAP9	6.2131	-0.3509	0.9689	0.569	0.6487
ARHGDIA	11631.5664	1.1688	0.0559	0	0
ARHGDIB	2363.7349	1.3129	0.0844	0	0
ARHGDIG	41.9955	1.1175	0.4805	0.011	0.019
ARHGEF1	479.9559	-0.5178	0.157	9e-04	0.0017
ARHGEF10	1029.607	-0.5922	0.1126	0	0
ARHGEF10L	4.005	-1.3154	1.1743	0.0215	0.0356
ARHGEF11	835.6695	-1.6216	0.1321	0	0
ARHGEF12	2613.7039	-0.0226	0.0764	0.7673	0.8219
ARHGEF16	102.8234	-2.209	0.3634	0	0
ARHGEF17	958.4532	-1.1675	0.121	0	0
ARHGEF18	640.1952	-1.7474	0.1481	0	0
ARHGEF19	58.9998	-1.8692	0.4733	0	0
ARHGEF2	442.415	-2.5381	0.1832	0	0
ARHGEF25	193.4934	0.3564	0.2402	0.1298	0.1841
ARHGEF26	187.0847	-1.7397	0.2662	0	0
ARHGEF26-AS1	0.3794	-0.1047	1.2488	0.7424	NA
ARHGEF28	225.1494	-1.6714	0.2486	0	0
ARHGEF3	243.4908	-1.3827	0.2257	0	0
ARHGEF33	0.1802	-0.0352	1.2501	0.9104	NA
ARHGEF34P	51.0173	-1.9496	0.4904	0	0
ARHGEF35	61.4818	-1.7857	0.4408	0	0
ARHGEF37	10.5163	-1.2176	0.9082	0.0557	0.0859
ARHGEF38	0.2386	-0.0641	1.2499	0.8383	NA
ARHGEF39	286.5771	-2.2326	0.2276	0	0
ARHGEF4	5.2573	-0.9582	1.0481	0.1168	0.1675
ARHGEF40	294.2327	-1.5991	0.2128	0	0
ARHGEF5	171.4931	-2.6612	0.2996	0	0
ARHGEF6	1.9508	0.243	1.157	0.6228	0.6965
ARHGEF7	489.4095	-1.4081	0.1642	0	0
ARHGEF9	70.893	-1.367	0.397	3e-04	5e-04
ARID1A	1766.2342	-1.0568	0.2315	0	0
ARID1B	1524.948	-0.5045	0.0974	0	0
ARID2	569.0993	-1.8782	0.1568	0	0
ARID3A	618.755	-1.619	0.1574	0	0
ARID3B	398.1739	-2.9184	0.2018	0	0
ARID3C	0.9112	-0.3142	1.2192	0.434	NA
ARID4A	129.8173	-1.385	0.32	0	0
ARID4B	516.0977	-1.0126	0.1547	0	0
ARID5A	45.7056	-1.5439	0.4926	6e-04	0.0011
ARID5B	912.3281	0.0037	0.1349	0.9778	0.9831
ARIH1	773.6248	-1.886	0.1365	0	0
ARIH2	1549.0905	-0.137	0.0931	0.1398	0.1965
ARIH2OS	9.4719	1.2235	0.8732	0.0529	0.0821
ARL1	1488.3953	0.7897	0.0986	0	0
ARL10	43.9484	-1.876	0.5944	3e-04	6e-04
ARL13A	0.8109	-0.2316	1.2361	0.519	NA
ARL13B	341.419	-1.6044	0.2005	0	0
ARL14EP	115.6609	-1.7663	0.3351	0	0
ARL15	24.9675	-1.7741	0.6611	0.0015	0.0028
ARL16	727.4761	0.4887	0.1415	5e-04	0.001
ARL17A	211.0906	0.0482	0.2299	0.8308	0.8734
ARL17B	62.7226	0.9226	0.4201	0.0189	0.0315
ARL2	1427.373	1.1816	0.0966	0	0
ARL2BP	1515.1143	0.6856	0.0946	0	0
ARL3	888.6581	1.0164	0.1225	0	0
ARL4A	1191.3241	1.1529	0.11	0	0
ARL4C	2648.5272	1.9768	0.0786	0	0
ARL4D	1414.4674	1.929	0.099	0	0
ARL5A	699.2805	-0.2632	0.1339	0.0479	0.0748
ARL5B	853.96	-0.3392	0.1287	0.008	0.0141
ARL6	38.3466	-1.6154	0.5975	0.0019	0.0036
ARL6IP1	5017.6498	-0.6337	0.0632	0	0
ARL6IP4	3035.6088	1.3158	0.0745	0	0
ARL6IP5	848.9219	1.1795	0.121	0	0
ARL6IP6	883.3761	1.2233	0.1218	0	0
ARL8A	233.932	-1.5221	0.2331	0	0
ARL8B	617.1123	-1.0527	0.1456	0	0
ARL9	0.5107	0.0403	1.246	0.9012	NA
ARMC1	450.0571	-2.4906	0.1824	0	0
ARMC10	1169.7879	0.7132	0.1105	0	0
ARMC12	1.2804	0.3996	1.2064	0.3549	NA
ARMC2	19.7424	0.1289	0.644	0.8134	0.8586
ARMC3	3.9822	-0.077	0.9945	0.8991	0.9262
ARMC5	182.5811	-0.7221	0.2486	0.003	0.0055
ARMC6	1048.4677	-0.7596	0.1119	0	0
ARMC7	650.5008	0.6848	0.1403	0	0
ARMC8	413.7386	-1.93	0.1806	0	0
ARMC9	440.5005	0.3897	0.1735	0.0232	0.0381
ARMCX1	23.7928	-1.413	0.6435	0.0098	0.017
ARMCX2	123.3832	-1.0145	0.3284	0.0013	0.0025
ARMCX3	301.4608	-1.6761	0.2051	0	0
ARMCX4	190.2309	-1.6545	0.2594	0	0
ARMCX5	138.1724	-1.1297	0.2905	1e-04	1e-04
ARMCX5-GPRASP2	8.728	-2.216	1.2106	7e-04	0.0014
ARMCX6	266.706	-0.1479	0.2043	0.4623	0.5475
ARMS2	0.694	0.2519	1.2447	0.4592	NA
ARNT	460.7755	-1.0311	0.1619	0	0
ARNT2	975.5161	-1.275	0.1234	0	0
ARNTL	40.5683	-1.7404	0.5291	2e-04	5e-04
ARNTL2	469.3736	0.8938	0.1575	0	0
ARPC1A	2766.9543	0.824	0.0748	0	0
ARPC1B	4481.9067	1.4553	0.0685	0	0
ARPC2	6241.3694	1.1716	0.0585	0	0
ARPC3	3419.6399	1.2656	0.0714	0	0
ARPC4	3137.4658	0.4675	0.0743	0	0
ARPC4-TTLL3	15.6668	0.2755	1.1348	0.5965	0.6731
ARPC5	4387.3808	0.6477	0.0713	0	0
ARPC5L	826.169	-0.797	0.125	0	0
ARPP19	4807.7135	0.3133	0.0653	0	0
ARRB1	359.6372	-0.6282	0.1982	0.0013	0.0025
ARRB2	696.5984	0.5473	0.1348	0	1e-04
ARRDC1	565.8219	0.0469	0.1434	0.7416	0.8011
ARRDC2	116.0141	-1.1833	0.3173	1e-04	2e-04
ARRDC3	989.5202	1.1204	0.1151	0	0
ARRDC3-AS1	18.2744	0.8401	0.6939	0.1417	0.1989
ARRDC4	142.3724	-0.713	0.2817	0.0092	0.016
ARSA	354.0544	1.2225	0.1874	0	0
ARSB	1496.5357	1.7104	0.1095	0	0
ARSD	1006.7179	1.0399	0.1166	0	0
ARSE	601.2371	0.9408	0.1452	0	0
ARSG	76.9953	0.6056	0.3618	0.0789	0.1178
ARSH	0.1892	-0.0373	1.2501	0.905	NA
ARSI	1.6613	-0.6228	1.1891	0.194	0.2626
ARSJ	244.807	1.1317	0.2173	0	0
ARSK	285.8513	0.8659	0.2029	0	0
ART1	0.1801	-0.0352	1.2501	0.9104	NA
ART4	0.7199	-0.0137	1.2292	0.9702	NA
ART5	3.1099	1.0002	1.1531	0.0712	0.1075
ARTN	13.6044	-1.3093	0.8039	0.0338	0.0542
ARV1	99.8775	-1.6685	0.3484	0	0
ARVCF	165.5161	-2.3259	0.2918	0	0
ARX	2.4393	0.289	1.1136	0.5933	0.67
AS3MT	173.5701	-0.8287	0.2555	9e-04	0.0017
ASAH1	783.1903	1.2973	0.1276	0	0
ASAH2	1.6804	-0.6255	1.1892	0.1921	0.2602
ASAH2B	33.0812	-0.8138	0.5883	0.1134	0.163
ASAP1	921.9024	-1.2613	0.1207	0	0
ASAP1-IT2	1.6834	0.7623	1.2022	0.1117	0.1609
ASAP2	1124.027	-1.5275	0.1163	0	0
ASAP3	147.7709	-1.62	0.2932	0	0
ASB1	475.3483	-0.3815	0.1569	0.0141	0.024
ASB11	0.379	-0.1046	1.2488	0.7428	NA
ASB13	181.6645	-1.9735	0.2669	0	0
ASB14	2.4821	-0.1361	1.0787	0.8099	0.8557
ASB16	14.0749	-0.4506	0.7229	0.4401	0.5256
ASB16-AS1	67.5814	-3.0513	0.494	0	0
ASB18	1.8226	-0.6676	1.1874	0.1698	0.2335
ASB3	195.2491	-0.5036	0.2383	0.031	0.05
ASB6	2098.469	2.0718	0.0873	0	0
ASB7	156.9528	-0.2884	0.274	0.2794	0.3596
ASB8	204.5449	-0.3837	0.2394	0.1018	0.1482
ASB9	240.2055	1.0884	0.2208	0	0
ASB9P1	0.5394	-0.1398	1.2488	0.6627	NA
ASCC1	342.9161	-0.2638	0.1882	0.1557	0.2165
ASCC2	1155.6534	0.6376	0.1096	0	0
ASCC3	996.9909	-0.0066	0.1175	0.9547	0.968
ASCL5	13.1877	1.7381	0.8209	0.0056	0.01
ASF1A	276.0826	-2.2432	0.2276	0	0
ASF1B	1463.6757	-0.7619	0.0988	0	0
ASGR1	0.6941	-0.0094	1.231	0.9793	NA
ASH1L	692.56	0.0167	0.1369	0.9023	0.9288
ASH1L-AS1	155.024	3.5506	0.3347	0	0
ASH2L	488.9808	-1.473	0.1704	0	0
ASIC1	167.0598	0.969	0.2594	1e-04	3e-04
ASIC3	0.3292	0.1421	1.2516	0.6497	NA
ASIC4	0.3418	0.1456	1.2516	0.6419	NA
ASIP	1.1205	-0.4056	1.2081	0.3452	NA
ASL	602.1222	1.1272	0.1406	0	0
ASMTL	918.523	0.7481	0.1187	0	0
ASMTL-AS1	27.3736	-0.2513	0.5957	0.628	0.7013
ASNA1	2000.3512	1.1341	0.0849	0	0
ASNS	872.337	0.5663	0.1316	0	0
ASNSD1	672.5397	-0.3632	0.1462	0.0123	0.0211
ASPDH	1.1337	0.2356	1.2064	0.5747	NA
ASPG	0.6724	-0.0471	1.2217	0.9021	NA
ASPH	4967.7104	1.281	0.0744	0	0
ASPHD1	323.1372	0.8241	0.1983	0	1e-04
ASPHD2	67.8104	-3.1629	0.5113	0	0
ASPM	1837.2328	-1.6707	0.0952	0	0
ASPN	0.8829	-0.0692	1.2184	0.8592	NA
ASPRV1	0.6676	0.2404	1.2461	0.474	NA
ASPSCR1	336.4321	-0.1358	0.189	0.4666	0.5513
ASRGL1	3035.4867	0.9544	0.0737	0	0
ASS1	3568.9837	1.1772	0.0688	0	0
ASTE1	81.493	-1.9429	0.3954	0	0
ASTN1	0.3338	0.1444	1.2516	0.6445	NA
ASTN2	60.2521	-0.7158	0.4386	0.0793	0.1184
ASUN	706.6559	-1.1576	0.1382	0	0
ASXL1	1591.9087	-0.0848	0.1048	0.4168	0.5033
ASXL2	583.3886	-1.2746	0.1544	0	0
ASZ1	1.376	0.032	1.1853	0.9431	0.9599
ATAD1	650.5731	-1.3642	0.1598	0	0
ATAD2	1864.1514	-1.7165	0.0935	0	0
ATAD2B	171.5134	-0.8743	0.2668	8e-04	0.0015
ATAD3A	3042.3248	0.3032	0.0783	1e-04	2e-04
ATAD3B	3120.6905	0.7205	0.0741	0	0
ATAD3C	0.2455	0.1203	1.2509	0.7013	NA
ATAD5	264.0666	-2.3865	0.2369	0	0
ATAT1	153.1416	-0.2213	0.2727	0.4044	0.4904
ATE1	433.6754	-1.2168	0.1748	0	0
ATE1-AS1	5.1428	-0.1018	0.942	0.8693	0.9031
ATF1	524.2726	-0.251	0.1526	0.0973	0.1423
ATF2	458.2508	-1.435	0.1908	0	0
ATF3	32.2778	0.4389	0.5357	0.3604	0.4466
ATF4	4722.1233	0.1444	0.068	0.0334	0.0536
ATF5	516.0808	-0.118	0.1508	0.4301	0.516
ATF6	1572.3791	0.9001	0.0924	0	0
ATF6B	1718.4773	1.2286	0.0912	0	0
ATF7	209.3469	-0.4058	0.2526	0.1001	0.1458
ATF7IP	546.3278	-1.0689	0.1533	0	0
ATF7IP2	29.6183	-1.4767	0.6306	0.0062	0.0111
ATG10	70.1631	-0.6568	0.4139	0.0906	0.1334
ATG12	439.0208	-0.8191	0.1647	0	0
ATG13	907.5979	-0.0387	0.1204	0.7463	0.8048
ATG14	195.5347	-1.3458	0.2469	0	0
ATG16L1	371.9563	-2.3101	0.1956	0	0
ATG16L2	22.4782	-1.0018	0.6413	0.0661	0.1003
ATG2A	609.7199	-0.0135	0.1397	0.9225	0.9445
ATG2B	266.9854	-1.7305	0.2196	0	0
ATG3	810.5439	-0.6731	0.1253	0	0
ATG4A	41.7008	-0.0038	0.487	0.9932	0.9953
ATG4B	958.7631	0.1908	0.122	0.1159	0.1663
ATG4C	136.7228	-1.8819	0.3072	0	0
ATG4D	413.0076	-0.7366	0.1733	0	0
ATG5	468.0616	-1.2533	0.1671	0	0
ATG7	533.6855	0.7513	0.1561	0	0
ATG9A	1774.6455	-0.1779	0.0889	0.0448	0.0705
ATG9B	42.8032	2.5584	0.547	0	0
ATHL1	146.7411	-0.0961	0.2712	0.716	0.7792
ATIC	2639.9259	0.4804	0.076	0	0
ATL1	26.3729	-0.8362	0.6012	0.1091	0.1577
ATL2	1075.3983	-1.9346	0.124	0	0
ATL3	1497.3853	-0.3437	0.0977	4e-04	8e-04
ATM	622.1696	0.2975	0.1454	0.0392	0.0623
ATMIN	853.6809	-1.5026	0.1328	0	0
ATN1	3580.3823	-0.1355	0.0698	0.0518	0.0804
ATOH7	1.2055	0.0393	1.1942	0.928	NA
ATOH8	4.0182	-1.3792	1.1744	0.0173	0.0289
ATOX1	407.5097	1.4809	0.1694	0	0
ATP10D	161.934	0.7729	0.2793	0.0044	0.008
ATP11A	1866.9348	-0.2966	0.091	0.0011	0.0021
ATP11A-AS1	1.3894	0.1978	1.1863	0.6614	0.7311
ATP11B	372.6415	-0.3868	0.1756	0.0259	0.0423
ATP11C	834.706	0.5149	0.1222	0	1e-04
ATP13A1	2158.7723	0.8396	0.0845	0	0
ATP13A2	1330.9114	0.5374	0.101	0	0
ATP13A3	2162.9196	-0.7282	0.1	0	0
ATP1A1	18422.6552	1.1235	0.0464	0	0
ATP1A1OS	13.4649	-0.0969	1.125	0.8539	0.8925
ATP1A2	0.8477	0.1843	1.2232	0.6315	NA
ATP1A3	1.2272	0.0395	1.1773	0.9318	NA
ATP1B1	1242.5053	0.0228	0.1104	0.8357	0.8779
ATP1B3	4780.3798	1.2403	0.0652	0	0
ATP2A1	5.5319	-0.4703	0.9526	0.4486	0.5343
ATP2A2	5336.1901	-0.2104	0.0653	0.0012	0.0024
ATP2A3	5.6698	0.1523	0.932	0.8058	0.8523
ATP2B1	789.5444	-1.4398	0.1296	0	0
ATP2B3	0.5236	0.0575	1.2453	0.8602	NA
ATP2B4	637.5769	6e-04	0.1384	0.9968	0.998
ATP2C1	2754.9811	1.1018	0.0766	0	0
ATP2C2	0.1802	-0.0352	1.2501	0.9103	NA
ATP4A	0.1801	-0.0352	1.2501	0.9104	NA
ATP4B	0.6714	0.2422	1.2459	0.4716	NA
ATP5A1	14090.6489	1.0553	0.0485	0	0
ATP5B	26383.1074	1.1971	0.0462	0	0
ATP5C1	3174.654	0.9799	0.0734	0	0
ATP5D	2777.8462	1.286	0.0765	0	0
ATP5E	3307.9936	1.6035	0.072	0	0
ATP5EP2	0.3418	0.1456	1.2516	0.6419	NA
ATP5F1	3485.5106	0.9398	0.0692	0	0
ATP5G1	3169.3755	1.3805	0.0759	0	0
ATP5G2	4397.744	1.1634	0.0663	0	0
ATP5G3	5405.9337	1.341	0.0603	0	0
ATP5H	1732.2387	1.1251	0.0944	0	0
ATP5I	1277.0466	1.5056	0.1051	0	0
ATP5J	1977.4356	1.2606	0.0846	0	0
ATP5J2	4407.64	1.4421	0.0658	0	0
ATP5L	4174.5697	1.4245	0.0729	0	0
ATP5L2	0.3295	0.1434	1.2516	0.6468	NA
ATP5O	2430.9742	1.1221	0.0792	0	0
ATP5S	117.5302	-0.1814	0.2992	0.531	0.6135
ATP5SL	870.4283	0.3642	0.1247	0.0033	0.0061
ATP6AP1	3859.6537	1.4754	0.0676	0	0
ATP6AP1L	3.9175	-0.3347	1.0115	0.5794	0.6582
ATP6AP2	1944.3585	1.3805	0.0895	0	0
ATP6V0A1	604.9142	-1.0404	0.143	0	0
ATP6V0A2	857.7462	-1.9811	0.1303	0	0
ATP6V0A4	4.1994	0.1395	0.9967	0.8181	0.8622
ATP6V0B	2141.2077	1.0145	0.0883	0	0
ATP6V0C	5473.1999	1.3626	0.0601	0	0
ATP6V0D1	1395.6075	0.9396	0.0969	0	0
ATP6V0D2	0.3418	0.1456	1.2516	0.6419	NA
ATP6V0E1	2256.5644	1.0083	0.0909	0	0
ATP6V0E2	1169.8702	0.8091	0.1042	0	0
ATP6V0E2-AS1	68.7241	0.2567	0.3854	0.4816	0.5665
ATP6V1A	995.8365	0.5113	0.1118	0	0
ATP6V1B1	80.4353	0.702	0.3741	0.048	0.0751
ATP6V1B2	756.9181	-1.5298	0.1371	0	0
ATP6V1C1	959.0464	-0.0641	0.1187	0.5871	0.6647
ATP6V1C2	65.0174	1.5475	0.4044	0	1e-04
ATP6V1D	911.9845	0.7171	0.1187	0	0
ATP6V1E1	1178.6718	0.7135	0.1079	0	0
ATP6V1E2	118.8388	0.6061	0.3056	0.0401	0.0636
ATP6V1F	1844.8512	1.2941	0.0924	0	0
ATP6V1G1	2244.0418	1.4568	0.0882	0	0
ATP6V1G2	6.4131	0.7127	0.9221	0.2557	0.3331
ATP6V1G2-DDX39B	13.5287	-0.4623	1.2631	0.1576	0.2187
ATP6V1G3	1.5196	-0.4698	1.2098	0.2782	0.3584
ATP6V1H	489.0343	-0.3554	0.1628	0.0275	0.0448
ATP7A	67.9871	0.3728	0.4048	0.3277	0.412
ATP7B	552.3719	0.1576	0.1481	0.2834	0.364
ATP8A1	184.7103	0.314	0.2485	0.1963	0.265
ATP8A2	1.4376	0.2986	1.1645	0.5396	0.6214
ATP8B1	1744.5186	-1.5456	0.0941	0	0
ATP8B2	1436.9686	0.3969	0.0989	1e-04	1e-04
ATP8B3	20.3074	-1.0484	0.684	0.0647	0.0983
ATP9A	3277.1715	0.1179	0.0723	0.1023	0.1487
ATP9B	317.2927	0.5208	0.191	0.0057	0.0102
ATPAF1	1670.7282	1.1692	0.0932	0	0
ATPAF2	418.207	0.7118	0.1693	0	0
ATPIF1	1799.0667	1.141	0.0955	0	0
ATR	535.8807	-0.2598	0.1478	0.0764	0.1146
ATRAID	1983.4618	1.3549	0.0859	0	0
ATRIP	184.7513	-1.6107	0.2599	0	0
ATRN	1421.9136	0.6192	0.0978	0	0
ATRNL1	39.6959	0.6862	0.4916	0.1259	0.1793
ATRX	1234.7118	0.3544	0.1067	9e-04	0.0017
ATXN1	12.9326	-1.426	0.8424	0.0233	0.0384
ATXN10	5338.9985	1.0462	0.0692	0	0
ATXN1L	1104.9965	0.2237	0.1065	0.0349	0.0559
ATXN2	284.9683	-2.5242	0.237	0	0
ATXN2L	3046.2138	-0.6471	0.0729	0	0
ATXN3	103.9221	-1.7862	0.3468	0	0
ATXN7	259.9677	-1.6432	0.2504	0	0
ATXN7L1	29.3412	-1.4367	0.6037	0.0061	0.0108
ATXN7L2	64.0237	-1.3867	0.4328	6e-04	0.0011
ATXN7L3	1482.5845	-0.6547	0.0997	0	0
ATXN7L3B	4126.84	1.7123	0.066	0	0
AUH	181.3422	0.2665	0.2429	0.2623	0.3406
AUNIP	701.9018	1.6327	0.1376	0	0
AUP1	2290.709	0.7289	0.0817	0	0
AURKA	1332.2381	-1.7116	0.1156	0	0
AURKAIP1	3048.4353	1.1216	0.0747	0	0
AURKAPS1	7.9349	0.9087	0.8739	0.1475	0.2062
AURKB	1090.8896	-0.6882	0.1122	0	0
AURKC	5.925	-0.5821	0.9394	0.3508	0.4365
AUTS2	76.4578	-1.6858	0.3934	0	0
AVEN	687.055	0.8644	0.135	0	0
AVIL	2.234	0.3778	1.1216	0.4818	0.5666
AVL9	350.5671	-2.053	0.2008	0	0
AVPI1	161.7539	-2.3787	0.2956	0	0
AVPR1A	1.0457	0.1317	1.1797	0.7744	NA
AVPR1B	8.4441	1.6548	0.9716	0.011	0.019
AVPR2	34.4706	-1.2526	0.5855	0.0145	0.0245
AXIN1	742.7487	-1.6468	0.1384	0	0
AXIN2	92.7711	0.2389	0.334	0.4562	0.5414
AXL	2596.1728	1.1468	0.2306	0	0
AZI1	392.8211	-1.4122	0.1821	0	0
AZI2	408.1538	-0.1809	0.1715	0.2865	0.3676
AZIN1	1897.035	-0.4226	0.0877	0	0
B2M	3345.4815	1.8208	0.0857	0	0
B3GALNT1	586.6472	0.1292	0.1428	0.3623	0.4484
B3GALNT2	1284.3478	0.4702	0.1108	0	0
B3GALT1	47.0358	-1.7771	0.4966	1e-04	2e-04
B3GALT2	0.3412	0.1454	1.2516	0.6424	NA
B3GALT4	2.2441	0.3706	1.1256	0.4869	0.5716
B3GALT5	0.3794	-0.1047	1.2488	0.7424	NA
B3GALT6	1572.9085	0.9735	0.0933	0	0
B3GALTL	656.1194	1.3186	0.1397	0	0
B3GAT1	2.5841	0.6405	1.1098	0.253	0.3302
B3GAT2	2.6053	0.506	1.1072	0.3621	0.4482
B3GAT3	939.0408	0.9569	0.1146	0	0
B3GNT1	1279.7436	1.4394	0.1043	0	0
B3GNT2	915.655	0.7408	0.1196	0	0
B3GNT3	5.1027	0.0754	0.9446	0.9029	0.929
B3GNT4	2.3667	-0.5557	1.1442	0.2898	0.3712
B3GNT5	4.4153	-1.4383	1.1691	0.0145	0.0246
B3GNT6	0.3328	0.1442	1.2516	0.645	NA
B3GNT7	1369.5474	1.1405	0.1049	0	0
B3GNT8	24.819	-1.3749	0.6448	0.012	0.0206
B3GNT9	16.7809	-0.307	0.6837	0.5877	0.665
B3GNTL1	68.915	0.9679	0.3944	0.0093	0.0161
B4GALNT1	1155.7126	1.0741	0.1193	0	0
B4GALNT2	0.3338	0.1444	1.2516	0.6445	NA
B4GALNT3	328.0065	0.8119	0.1919	0	0
B4GALNT4	162.6303	0.7181	0.2602	0.0047	0.0084
B4GALT1	1486.8621	0.8646	0.0957	0	0
B4GALT2	2021.1014	1.0664	0.0859	0	0
B4GALT3	663.84	0.085	0.1376	0.5341	0.6165
B4GALT4	942.9466	0.3716	0.1146	0.0011	0.0022
B4GALT5	3253.978	0.0557	0.0721	0.4388	0.5244
B4GALT6	89.8276	-0.2856	0.3703	0.4173	0.5038
B4GALT7	572.0604	0.1427	0.1432	0.3153	0.3991
B9D1	294.2368	0.9184	0.2034	0	0
B9D2	112.897	-1.2577	0.3168	0	1e-04
BAAT	0.6823	0.2464	1.2453	0.4665	NA
BABAM1	1750.2099	1.1302	0.0903	0	0
BACE1	852.4259	0.7667	0.1225	0	0
BACE1-AS	6.575	-0.8748	0.9522	0.1643	0.2267
BACE2	147.6438	1.4626	0.2777	0	0
BACH1	412.1928	-1.0264	0.1767	0	0
BACH2	1.2591	0.1976	1.1821	0.6662	NA
BAD	731.5219	0.7531	0.1305	0	0
BAG1	535.756	-0.4041	0.1561	0.009	0.0158
BAG2	828.6621	-1.4366	0.1335	0	0
BAG3	1531.5724	-1.5652	0.0975	0	0
BAG4	1167.8427	1.4344	0.1107	0	0
BAG5	2045.8516	1.7891	0.0904	0	0
BAG6	8541.5809	1.1763	0.055	0	0
BAHCC1	157.4723	-1.6469	0.2831	0	0
BAHD1	666.7563	-2.3762	0.1499	0	0
BAI1	3.2592	0.721	1.0658	0.2233	0.2965
BAI2	99.2475	1.4724	0.3523	0	0
BAI3	0.9492	-0.2788	1.2293	0.4608	NA
BAIAP2	1120.4207	-3.784	0.14	0	0
BAIAP2-AS1	817.5964	0.8864	0.1221	0	0
BAIAP2L1	451.819	-1.1895	0.1705	0	0
BAIAP2L2	179.8504	-1.6196	0.2728	0	0
BAIAP3	6.3603	0.9348	0.9316	0.1387	0.1953
BAK1	471.722	-3.489	0.2042	0	0
BAMBI	366.5175	0.3434	0.1791	0.0525	0.0814
BANF1	6930.9023	1.6211	0.0577	0	0
BANP	347.4191	-2.034	0.2062	0	0
BAP1	2641.3373	0.3367	0.0754	0	0
BARD1	415.4616	-1.5622	0.1807	0	0
BARHL1	0.3418	0.1456	1.2516	0.6419	NA
BARX1	1.6982	0.7688	1.202	0.1094	0.158
BARX2	0.5392	-0.1397	1.2488	0.6628	NA
BASP1	49.4857	1.5272	0.4608	3e-04	7e-04
BASP1P1	22.7641	-0.5029	0.6188	0.3448	0.4303
BATF2	2.4329	-0.8962	1.1753	0.0875	0.1294
BATF3	8.3901	0.3225	0.8369	0.601	0.6769
BAX	2053.9152	1.0569	0.085	0	0
BAZ1A	614.6942	-1.3015	0.1468	0	0
BAZ1B	4030.7725	0.2354	0.0703	8e-04	0.0016
BAZ2A	1847.4951	-0.7568	0.0889	0	0
BAZ2B	147.1335	-1.7268	0.3031	0	0
BBC3	155.8588	-0.0278	0.264	0.914	0.9377
BBIP1	236.6912	0.4918	0.2154	0.0202	0.0335
BBOX1	0.3785	-0.1061	1.2489	0.7391	NA
BBS1	116.7858	-0.5557	0.3068	0.0608	0.0931
BBS10	349.5262	0.9658	0.1809	0	0
BBS12	62.333	1.1182	0.4295	0.0052	0.0094
BBS2	272.4634	0.475	0.2015	0.0167	0.0281
BBS4	195.4722	-1.1576	0.2568	0	0
BBS5	138.3068	-1.9597	0.3268	0	0
BBS7	206.5906	0.1549	0.2311	0.4944	0.5787
BBS9	23.1143	0.7189	0.6179	0.1764	0.2415
BBX	834.813	-1.2493	0.1318	0	0
BCAM	19424.4883	1.5775	0.0484	0	0
BCAN	0.6769	-0.0268	1.232	0.9406	NA
BCAP29	621.265	0.4455	0.1414	0.0015	0.0029
BCAP31	4524.3264	1.1358	0.0638	0	0
BCAR1	2709.5504	-1.7029	0.0796	0	0
BCAR3	374.1428	-1.6881	0.1897	0	0
BCAR4	0.4829	-0.0077	1.2476	0.9809	NA
BCAS1	0.3817	-0.1055	1.2488	0.7407	NA
BCAS2	369.4027	-1.4041	0.1898	0	0
BCAS3	19.3268	0.2114	0.6566	0.7021	0.7663
BCAS4	543.6913	0.9408	0.1465	0	0
BCAT1	1540.2378	0.6508	0.0939	0	0
BCAT2	685.6625	0.9498	0.1346	0	0
BCCIP	1856.7285	0.5608	0.0897	0	0
BCDIN3D	52.3838	-1.241	0.4579	0.0033	0.0061
BCDIN3D-AS1	24.9483	1.2451	0.6113	0.0184	0.0307
BCKDHA	575.0326	1.0954	0.1433	0	0
BCKDHB	413.7289	0.8924	0.1737	0	0
BCKDK	1889.9427	0.8807	0.0975	0	0
BCL10	140.793	-0.7468	0.2879	0.0075	0.0132
BCL11A	47.5698	-0.3876	0.4477	0.3507	0.4364
BCL11B	0.3797	-0.1048	1.2488	0.7422	NA
BCL2	526.3838	1.2786	0.152	0	0
BCL2A1	0.1804	-0.0353	1.2501	0.9101	NA
BCL2L1	3950.6279	1.1119	0.0681	0	0
BCL2L10	2.4173	-0.4212	1.1172	0.4378	0.5235
BCL2L11	1050.6154	1.5211	0.1122	0	0
BCL2L12	740.4885	0.4458	0.1301	6e-04	0.0011
BCL2L13	799.105	-0.3759	0.1251	0.0025	0.0047
BCL2L14	0.8344	0.1608	1.2233	0.6745	NA
BCL2L15	1.606	-0.3229	1.1715	0.5002	0.584
BCL2L2	369.8448	-1.6315	0.1926	0	0
BCL2L2-PABPN1	1430.5976	0.1671	0.1063	0.1145	0.1645
BCL3	317.3417	-1.8925	0.2216	0	0
BCL6	77.033	1.0072	0.3719	0.0043	0.0079
BCL7A	730.8439	-1.1496	0.1449	0	0
BCL7B	435.9464	-1.0527	0.1662	0	0
BCL7C	2034.8505	1.6077	0.0854	0	0
BCL9	2203.0125	-0.218	0.0847	0.0098	0.017
BCL9L	2258.2222	-0.2918	0.084	5e-04	0.001
BCLAF1	4099.1532	0.2082	0.0688	0.0024	0.0045
BCMO1	24.6332	0.7809	0.596	0.1323	0.1873
BCO2	14.0019	0.7704	0.7313	0.19	0.2577
BCOR	1579.8127	1.0753	0.0937	0	0
BCORL1	265.9456	-1.7976	0.2232	0	0
BCR	1664.3937	-0.1087	0.0961	0.2566	0.3341
BCRP2	6.7824	-0.267	0.9158	0.6676	0.7364
BCRP3	2.2515	0.4052	1.1066	0.4622	0.5475
BCS1L	583.9884	0.4887	0.1432	6e-04	0.0012
BCYRN1	8.544	1.9949	1.0535	0.0025	0.0047
BDH1	393.9173	0.0672	0.1783	0.7033	0.7673
BDH2	264.675	1.1066	0.2095	0	0
BDKRB2	0.5695	-0.1449	1.2489	0.6513	NA
BDNF	243.6753	1.1882	0.2458	0	0
BDNF-AS	2.3678	0.7075	1.1589	0.1753	0.2401
BDP1	541.4215	-2.2641	0.1836	0	0
BEAN1	1.0014	0.3838	1.2311	0.319	NA
BECN1	753.0423	0.6869	0.1275	0	0
BEGAIN	2.4793	0.0639	1.0809	0.9098	0.9346
BEND3	359.3527	-1.072	0.1848	0	0
BEND3P3	12.692	-1.1613	0.7975	0.0584	0.0897
BEND4	0.9487	-0.2786	1.2294	0.4611	NA
BEND5	1.6946	0.0238	1.1251	0.9638	0.9734
BEND6	19.3923	1.0716	0.6566	0.0529	0.082
BEND7	30.0243	-1.2042	0.5834	0.0184	0.0307
BEST1	15.1908	0.9171	0.7345	0.1198	0.1714
BEST2	0.3726	-0.1037	1.2488	0.7447	NA
BEST3	0.1897	-0.0376	1.2501	0.9043	NA
BEST4	6.893	-0.1707	0.9108	0.7835	0.8346
BET1	321.4273	-2.4847	0.2181	0	0
BET1L	526.3147	-1.2547	0.1565	0	0
BEX1	18.3691	0.9223	0.6894	0.1055	0.1529
BEX2	477.073	0.6354	0.1598	1e-04	1e-04
BEX4	817.3004	0.2981	0.1317	0.0227	0.0374
BEX5	15.7237	0.5822	0.698	0.3097	0.3929
BFAR	1864.3613	0.6452	0.0872	0	0
BFSP1	102.1122	-0.3993	0.3205	0.1957	0.2645
BGN	800.6064	1.4516	0.1288	0	0
BHLHA15	1.8035	-0.1444	1.1405	0.7773	0.8297
BHLHB9	60.2799	-2.5762	0.4973	0	0
BHLHE40	724.132	1.4083	0.1427	0	0
BHLHE41	1.3591	0.6102	1.2099	0.1745	NA
BHMT	1.244	-0.1806	1.1999	0.6735	NA
BICC1	1083.3998	-0.52	0.1276	0	1e-04
BICD1	569.1837	0.5499	0.1503	2e-04	5e-04
BICD2	1295.0055	-0.198	0.1044	0.0568	0.0875
BID	586.247	1.0446	0.1435	0	0
BIK	50.613	0.7486	0.4541	0.0747	0.1123
BIN1	1237.8344	-0.598	0.1058	0	0
BIN2	0.3352	0.1447	1.2516	0.6437	NA
BIN3	117.2765	-3.2062	0.3941	0	0
BIN3-IT1	14.6798	2.6856	0.9626	1e-04	2e-04
BIRC2	499.008	-1.2092	0.1673	0	0
BIRC3	132.4153	1.3505	0.2873	0	0
BIRC5	2509.6391	-0.3973	0.0814	0	0
BIRC6	1253.2068	-1.1869	0.1222	0	0
BIRC7	0.9066	-0.0841	1.2044	0.8403	NA
BIVM	322.4646	-0.695	0.1899	2e-04	4e-04
BIVM-ERCC5	12.3501	0.5131	1.2676	0.1173	0.1681
BLACAT1	38.8674	-2.6962	0.6396	0	0
BLCAP	488.6087	-1.9112	0.1704	0	0
BLK	0.1804	-0.0353	1.2501	0.9101	NA
BLM	406.4211	-2.2866	0.1879	0	0
BLMH	1068.6914	0.3612	0.1137	0.0014	0.0027
BLOC1S1	905.9415	1.339	0.1182	0	0
BLOC1S1-RDH5	3.3108	0.0049	1.0652	0.9932	0.9953
BLOC1S2	375.662	-1.2093	0.1802	0	0
BLOC1S3	150.9363	0.0402	0.2661	0.8767	0.9082
BLOC1S4	685.5793	1.7604	0.1373	0	0
BLOC1S5	192.4988	-1.7452	0.2606	0	0
BLOC1S6	429.4744	-1.0259	0.1828	0	0
BLVRA	306.5258	0.8368	0.1957	0	0
BLVRB	459.7521	1.0057	0.1724	0	0
BLZF1	109.4839	-1.3461	0.3302	0	0
BMF	154.281	0.1434	0.2817	0.6003	0.6762
BMI1	688.7699	-0.6723	0.1334	0	0
BMP1	938.9766	1.2787	0.1322	0	0
BMP2	118.0575	1.0603	0.3004	3e-04	5e-04
BMP2K	1017.4075	-1.0687	0.1306	0	0
BMP4	2828.1441	0.0543	0.0872	0.5324	0.6149
BMP5	34.1698	0.3154	0.5303	0.5077	0.5912
BMP6	33.2629	-0.0199	0.5588	0.9679	0.9764
BMP7	1.6926	0.7658	1.202	0.1105	0.1595
BMP8A	221.6556	-0.413	0.2255	0.062	0.0948
BMP8B	249.1813	0.2427	0.2096	0.2394	0.3147
BMPER	0.4973	0.0218	1.2468	0.9459	NA
BMPR1A	934.0339	-1.3407	0.1207	0	0
BMPR1B	311.7377	-2.8581	0.2372	0	0
BMPR2	1838.3037	0.124	0.0932	0.1817	0.2478
BMS1	2304.659	0.3132	0.08	1e-04	2e-04
BMS1P17	0.6901	-0.0095	1.2312	0.979	NA
BMS1P18	0.3313	0.1439	1.2516	0.6458	NA
BMS1P2	19.8973	0.5501	0.6348	0.3094	0.3926
BMS1P20	295.3099	0.7398	0.1967	1e-04	3e-04
BMS1P4	11.952	-2.6169	1.27	1e-04	3e-04
BMS1P5	41.2648	-0.628	0.5227	0.1822	0.2484
BMS1P6	50.8463	-1.1026	0.4567	0.0089	0.0156
BMX	1.395	0.2398	1.1726	0.6125	0.6872
BNC2	167.8095	-0.3993	0.2678	0.126	0.1793
BNIP1	100.004	-0.7301	0.3343	0.0228	0.0375
BNIP2	567.7942	-1.3742	0.1616	0	0
BNIP3	442.1115	0.4644	0.1646	0.0044	0.0079
BNIP3L	357.192	0.3429	0.1772	0.0504	0.0785
BNIPL	1.2217	-0.4746	1.2055	0.2815	NA
BOC	13.2215	-0.0014	0.7612	0.9981	0.9988
BOD1	1541.5004	-0.1275	0.099	0.1959	0.2647
BOD1L1	560.0576	-1.1096	0.1505	0	0
BOK	216.2337	-0.6539	0.2499	0.0074	0.0131
BOK-AS1	1.1949	0.3004	1.2061	0.4791	NA
BOLA1	139.7952	-0.8553	0.2871	0.0021	0.004
BOLA2	420.0628	0.8091	0.1705	0	0
BOLA2B	369.4406	1.03	0.1776	0	0
BOLA3	557.8492	1.4739	0.1519	0	0
BOLA3-AS1	58.4673	-0.8321	0.4811	0.0589	0.0904
BOP1	4670.4525	0.682	0.0784	0	0
BORA	219.9956	-2.825	0.2769	0	0
BPGM	465.1286	0.8911	0.1591	0	0
BPHL	229.5791	0.8698	0.2238	1e-04	2e-04
BPNT1	268.1729	0.5805	0.2101	0.005	0.009
BPTF	994.9168	-0.6492	0.1147	0	0
BRAF	193.9573	-0.5125	0.2591	0.0426	0.0674
BRAP	238.9702	-1.844	0.2344	0	0
BRAT1	1104.697	0.2481	0.1072	0.0201	0.0334
BRCA1	705.8574	-2.0153	0.1501	0	0
BRCA2	228.8319	-1.6119	0.2342	0	0
BRCC3	1018.1522	0.9524	0.1184	0	0
BRD1	868.2757	-0.2683	0.1221	0.0271	0.0441
BRD2	5933.1152	1.0176	0.0621	0	0
BRD3	701.8567	-1.7191	0.1442	0	0
BRD4	2438.8748	0.1934	0.0793	0.0145	0.0246
BRD7	1458.8695	-0.3105	0.0957	0.0011	0.0022
BRD8	749.3919	-0.6157	0.1344	0	0
BRD9	719.5879	-0.8833	0.1398	0	0
BRE	542.8761	0.821	0.1589	0	0
BRE-AS1	7.1651	1.4786	0.9709	0.022	0.0362
BREA2	4.0932	0.7378	1.0512	0.2187	0.291
BRF1	419.5125	-1.1537	0.1801	0	0
BRF2	252.0074	-0.1188	0.2209	0.5842	0.6623
BRI3	1907.1644	0.5676	0.0866	0	0
BRI3BP	595.7362	0.1076	0.1471	0.4609	0.5463
BRICD5	47.7746	-1.0375	0.5086	0.0243	0.0398
BRIP1	341.3066	-2.4265	0.2108	0	0
BRIX1	741.6636	-1.005	0.1329	0	0
BRK1	2018.6064	1.0505	0.0854	0	0
BRMS1	771.1051	0.0015	0.1258	0.9902	0.9929
BRMS1L	209.7947	-0.5964	0.2513	0.0151	0.0256
BROX	395.3497	-0.355	0.2093	0.0849	0.1259
BRPF1	985.0505	0.7381	0.1169	0	0
BRPF3	589.4762	-2.6968	0.1662	0	0
BRSK1	14.8399	-1.4654	0.7948	0.0173	0.0289
BRSK2	12.7899	0.3683	0.7594	0.5373	0.6196
BRWD1	523.8204	0.1628	0.1642	0.3168	0.4006
BRWD1-IT2	14.0226	0.9075	0.7312	0.1229	0.1754
BRWD3	183.5259	-0.7232	0.2618	0.0046	0.0084
BSCL2	403.5037	1.4158	0.1699	0	0
BSDC1	289.9351	-1.6746	0.2102	0	0
BSG	26387.423	1.4829	0.0462	0	0
BSN	35.4571	0.3409	0.5065	0.4581	0.5435
BSN-AS2	8.358	1.5126	0.9404	0.0191	0.0318
BSPRY	1.647	0.3119	1.1605	0.5265	0.6091
BST1	2.5937	0.2747	1.0775	0.6292	0.7025
BST2	127.1672	1.6575	0.2954	0	0
BTAF1	679.7774	-2.5164	0.1511	0	0
BTBD1	1793.3519	0.7693	0.0908	0	0
BTBD10	111.8273	-1.4568	0.3261	0	0
BTBD11	0.9297	-0.0239	1.2018	0.9549	NA
BTBD18	3.0168	1.2419	1.1982	0.0232	0.0382
BTBD19	32.6655	-1.0151	0.5524	0.0386	0.0614
BTBD2	2546.0014	0.7348	0.0839	0	0
BTBD3	2135.5945	-0.7412	0.0866	0	0
BTBD6	1403.6969	0.6298	0.0981	0	0
BTBD7	452.6104	-1.1841	0.1696	0	0
BTBD9	131.9696	-1.0031	0.2943	4e-04	9e-04
BTC	1.5714	-0.1322	1.1566	0.7878	0.8377
BTD	102.3946	0.5707	0.3309	0.0725	0.1093
BTF3	9744.1225	1.0324	0.055	0	0
BTF3L4	927.4232	-1.2289	0.1244	0	0
BTG1	167.3796	-0.3127	0.2656	0.2272	0.3008
BTG2	458.2859	1.0258	0.1635	0	0
BTG3	960.7495	0.7735	0.1311	0	0
BTLA	0.5658	-0.1688	1.2403	0.624	NA
BTN1A1	0.6835	0.2469	1.2453	0.4657	NA
BTN2A1	379.0676	-0.7916	0.1824	0	0
BTN2A2	52.0883	-1.9631	0.4925	0	0
BTN2A3P	20.8581	-1.0183	0.656	0.0656	0.0997
BTN3A1	5.8755	-0.5494	0.9452	0.3777	0.4623
BTN3A2	3.3222	0.2269	1.0401	0.7005	0.7653
BTN3A3	5.8874	-0.1425	0.9342	0.8181	0.8622
BTNL9	0.3606	-0.1002	1.2488	0.753	NA
BTRC	287.0001	-3.9347	0.2816	0	0
BUB1	1494.6457	-0.7045	0.0958	0	0
BUB1B	1718.7177	-1.8519	0.102	0	0
BUB3	2368.4862	-0.2452	0.0795	0.002	0.0038
BUD13	374.0034	-1.233	0.1842	0	0
BUD31	1127.8708	0.7195	0.1084	0	0
BVES	5.712	0.5859	0.9317	0.3482	0.4338
BYSL	876.7914	-0.0379	0.1238	0.7582	0.8145
BZRAP1	1.6065	-0.0933	1.1356	0.8563	0.894
BZRAP1-AS1	2.2524	0.4095	1.1016	0.461	0.5463
BZW1	6927.3955	0.4677	0.0614	0	0
BZW2	2790.2883	0.8168	0.0749	0	0
C10orf10	41.6904	-0.3449	0.5242	0.4649	0.5498
C10orf105	0.3603	-0.1001	1.2488	0.7532	NA
C10orf107	39.2287	-0.3353	0.4932	0.456	0.5412
C10orf11	0.5394	0.0735	1.2443	0.8236	NA
C10orf111	3.28	0.439	1.0414	0.4597	0.545
C10orf118	133.2455	-1.6639	0.3041	0	0
C10orf12	302.987	0.6049	0.192	0.0014	0.0027
C10orf131	0.6867	0.2484	1.2451	0.4637	NA
C10orf2	1277.688	0.9097	0.101	0	0
C10orf25	18.2037	-0.9669	0.683	0.088	0.1301
C10orf32	98.9023	-0.8248	0.3338	0.01	0.0173
C10orf35	129.0775	-2.939	0.3529	0	0
C10orf54	421.7695	0.4791	0.1753	0.0057	0.0103
C10orf55	27.7876	3.6358	0.8689	0	0
C10orf62	0.8635	0.1895	1.2223	0.6239	NA
C10orf76	194.0074	-2.7102	0.3044	0	0
C10orf82	0.3676	-0.101	1.2488	0.7511	NA
C10orf88	75.4081	-4.1368	0.6361	0	0
C10orf91	35.7884	-0.3132	0.5154	0.5014	0.5851
C10orf95	9.0377	0.5845	0.8234	0.3423	0.4281
C10orf99	2.1358	-0.2435	1.1259	0.6448	0.7165
C11orf1	72.1128	0.4705	0.3836	0.1953	0.264
C11orf16	3.0144	-0.2791	1.08	0.6227	0.6964
C11orf24	1110.7668	0.1915	0.1069	0.072	0.1085
C11orf30	241.1864	-2.7032	0.2571	0	0
C11orf31	2305.9328	1.4468	0.0805	0	0
C11orf35	11.5372	0.0961	0.762	0.8722	0.9051
C11orf42	0.3338	0.1444	1.2516	0.6445	NA
C11orf45	14.2619	-1.7642	0.8416	0.0053	0.0096
C11orf48	19.5803	-0.5155	0.654	0.35	0.4357
C11orf49	431.9061	0.3179	0.1623	0.0481	0.0751
C11orf52	3.9833	-0.7236	1.0686	0.2206	0.2932
C11orf54	154.3611	-0.1276	0.266	0.6227	0.6964
C11orf57	478.7399	-0.25	0.1618	0.1187	0.1699
C11orf58	3621.6547	0.4842	0.0691	0	0
C11orf63	0.3791	-0.1043	1.2488	0.7432	NA
C11orf65	1.2107	-0.2318	1.1873	0.6076	NA
C11orf68	356.734	0.1032	0.1807	0.5634	0.6437
C11orf70	3.4841	0.456	1.0611	0.435	0.5205
C11orf71	163.3973	1.222	0.2682	0	0
C11orf73	548.2444	0.6527	0.1578	0	1e-04
C11orf74	109.0603	1.2692	0.3168	0	1e-04
C11orf80	121.7877	0.6197	0.2966	0.031	0.05
C11orf82	330.8416	-2.6777	0.2226	0	0
C11orf83	954.7098	1.0578	0.1166	0	0
C11orf84	985.7685	-2.1984	0.1291	0	0
C11orf91	1.0538	0.1131	1.192	0.797	NA
C11orf95	1803.8637	0.9238	0.0895	0	0
C11orf96	1.721	0.3469	1.1547	0.4888	0.5735
C12orf10	502.1132	-0.4465	0.1554	0.0037	0.0069
C12orf23	852.9014	-0.8394	0.123	0	0
C12orf29	211.2496	-1.8806	0.2575	0	0
C12orf39	0.5312	0.0589	1.2448	0.8574	NA
C12orf4	236.7028	-1.9843	0.2655	0	0
C12orf43	304.6921	-1.4572	0.2062	0	0
C12orf44	985.6348	0.4416	0.1131	1e-04	2e-04
C12orf45	130.5198	-0.2789	0.2918	0.3241	0.4084
C12orf49	1271.6976	-0.0918	0.1028	0.3701	0.4557
C12orf5	368.1107	-1.1183	0.1824	0	0
C12orf55	14.4511	1.305	0.7451	0.0285	0.0463
C12orf56	10.9174	0.9228	0.8041	0.1325	0.1875
C12orf57	1427.4891	1.4285	0.1013	0	0
C12orf60	18.4539	-1.6598	0.7449	0.0055	0.0099
C12orf61	39.6882	2.1484	0.5426	0	0
C12orf65	318.8531	-0.5018	0.1918	0.008	0.014
C12orf66	48.3958	-1.4859	0.4836	8e-04	0.0015
C12orf68	17.0575	-0.5889	0.6862	0.2995	0.3818
C12orf73	110.0134	0.8363	0.3152	0.0059	0.0106
C12orf75	5459.599	1.5012	0.0709	0	0
C12orf76	75.1319	-1.0607	0.4287	0.008	0.014
C13orf45	0.3418	0.1456	1.2516	0.6419	NA
C14orf1	493.7307	1.089	0.1557	0	0
C14orf105	25.187	-0.2197	0.5841	0.6676	0.7364
C14orf119	549.1373	-0.4948	0.1481	8e-04	0.0015
C14orf132	9.253	0.6321	0.9078	0.3125	0.3961
C14orf142	294.4007	0.7846	0.2126	2e-04	4e-04
C14orf159	334.2724	0.9613	0.1851	0	0
C14orf164	2.3756	-0.5574	1.1441	0.2886	0.3699
C14orf166	3212.4312	0.5906	0.0819	0	0
C14orf169	174.4718	0.6214	0.2506	0.0112	0.0192
C14orf182	0.6847	0.2475	1.2452	0.4649	NA
C14orf2	1249.297	1.0657	0.1021	0	0
C14orf23	0.1804	-0.0353	1.2501	0.9101	NA
C14orf28	13.5603	-1.0302	0.7689	0.0876	0.1296
C14orf37	77.7278	1.0877	0.3823	0.0026	0.0049
C14orf79	108.3533	0.3742	0.3138	0.2164	0.2885
C14orf80	528.4229	-2.5052	0.1806	0	0
C14orf93	33.6083	-0.7073	0.5342	0.1395	0.1962
C15orf26	1.2056	0.3099	1.206	0.4662	NA
C15orf27	0.7407	-0.246	1.2278	0.5159	NA
C15orf37	50.2182	0.7534	0.4413	0.0661	0.1004
C15orf38	386.1834	-0.1226	0.1772	0.4841	0.5689
C15orf38-AP3S2	134.1307	-0.3892	0.2976	0.1768	0.2421
C15orf39	1803.3681	1.5544	0.089	0	0
C15orf40	180.0942	0.4593	0.2446	0.0549	0.0848
C15orf41	97.5014	-1.1323	0.3449	6e-04	0.0012
C15orf48	0.3608	-0.1002	1.2488	0.7529	NA
C15orf52	24.6035	-1.5497	0.6532	0.005	0.0091
C15orf56	2.7861	0.1761	1.0611	0.7604	0.8162
C15orf57	110.7771	-1.7226	0.3337	0	0
C15orf59	8.2916	0.602	0.8732	0.3343	0.4194
C15orf60	182.0145	1.712	0.2527	0	0
C15orf61	103.775	-0.9388	0.3254	0.0027	0.005
C15orf62	19.961	0.8654	0.6405	0.112	0.1613
C15orf65	4.044	-0.5072	1.0522	0.3904	0.4757
C16orf11	0.5312	0.0592	1.2448	0.8567	NA
C16orf13	1414.1805	1.5283	0.0986	0	0
C16orf3	4.8729	1.349	1.1473	0.0225	0.0371
C16orf45	1.086	-0.3926	1.2095	0.3569	NA
C16orf46	25.0885	-0.3382	0.5857	0.5093	0.5928
C16orf52	70.161	-0.7064	0.4059	0.0641	0.0976
C16orf58	1315.7967	0.627	0.0998	0	0
C16orf59	353.7925	-0.7216	0.1814	1e-04	1e-04
C16orf62	757.8175	0.9067	0.1307	0	0
C16orf70	189.2495	-2.6243	0.2816	0	0
C16orf71	2.5159	0.0095	1.1041	0.9862	0.99
C16orf72	812.891	0.1998	0.1219	0.0994	0.145
C16orf74	5.8012	-0.733	0.9603	0.2407	0.3162
C16orf80	889.9016	0.4619	0.1244	2e-04	4e-04
C16orf86	7.0465	-0.0361	0.88	0.9536	0.9672
C16orf87	137.3079	0.3571	0.278	0.1865	0.2534
C16orf90	0.3338	0.1444	1.2516	0.6445	NA
C16orf91	552.3047	2.1899	0.162	0	0
C16orf93	58.4881	0.3507	0.4124	0.3649	0.4509
C16orf95	100.648	0.5575	0.3309	0.0794	0.1185
C16orf96	0.1804	-0.0353	1.2501	0.9101	NA
C16orf98	0.3608	-0.1002	1.2488	0.7529	NA
C17orf100	16.79	0.0188	0.6947	0.9737	0.9801
C17orf103	23.6262	-1.8572	0.7118	0.0015	0.0028
C17orf104	21.5905	-0.0704	0.617	0.8946	0.9224
C17orf107	4.2672	-0.2378	0.9853	0.697	0.7624
C17orf49	1260.8814	1.5947	0.1031	0	0
C17orf50	4.9292	1.1559	1.0317	0.0645	0.0981
C17orf53	119.6602	-1.2384	0.3188	1e-04	1e-04
C17orf58	168.711	-0.2622	0.26	0.3013	0.3837
C17orf59	179.2562	0.3815	0.2469	0.1143	0.1642
C17orf62	362.1607	-2.1408	0.2036	0	0
C17orf67	26.7281	-0.4469	0.5709	0.3744	0.4594
C17orf70	965.1736	0.2532	0.1145	0.0263	0.0429
C17orf72	40.3034	1.2952	0.4982	0.0042	0.0077
C17orf75	186.9623	-1.0757	0.2532	0	0
C17orf80	250.9633	-3.1097	0.2866	0	0
C17orf82	0.3416	0.1455	1.2516	0.642	NA
C17orf85	656.508	-0.8193	0.141	0	0
C17orf89	1481.303	1.3871	0.0973	0	0
C17orf96	1073.6337	1.274	0.1143	0	0
C17orf97	116.5463	-0.4499	0.3068	0.129	0.1832
C17orf99	0.9044	-0.1039	1.2045	0.8036	NA
C18orf21	250.0357	0.8839	0.2158	0	1e-04
C18orf25	1008.8497	0.751	0.1256	0	0
C18orf32	407.9889	0.6199	0.1705	2e-04	5e-04
C18orf54	154.2939	-1.8884	0.2995	0	0
C18orf56	67.7453	0.8151	0.3872	0.0259	0.0424
C18orf63	1.5883	-0.0857	1.1518	0.8628	0.8986
C18orf8	186.9971	-2.8023	0.3224	0	0
C19orf10	2795.0898	1.3862	0.0765	0	0
C19orf12	204.8217	-1.8569	0.2539	0	0
C19orf18	0.3656	-0.1019	1.2488	0.749	NA
C19orf24	2020.4005	1.3884	0.0854	0	0
C19orf25	298.3112	-2.3115	0.2146	0	0
C19orf26	292.5483	-0.3841	0.2066	0.059	0.0906
C19orf33	1184.4275	1.3357	0.1072	0	0
C19orf35	4.67	0.4397	1.0407	0.4592	0.5445
C19orf38	0.7571	-0.272	1.2283	0.4738	NA
C19orf40	42.1933	-2.4767	0.5818	0	0
C19orf43	3762.8766	0.58	0.0668	0	0
C19orf44	167.5667	0.7588	0.2619	0.003	0.0055
C19orf47	301.8584	-0.8365	0.2054	0	1e-04
C19orf48	1476.1411	-1.7165	0.1028	0	0
C19orf52	438.5455	1.0912	0.1686	0	0
C19orf53	2783.1831	1.5139	0.0754	0	0
C19orf54	123.338	-2.3115	0.3293	0	0
C19orf55	64.9382	-2.2425	0.4717	0	0
C19orf57	8.5515	-0.513	0.8576	0.4086	0.4946
C19orf60	770.603	0.7858	0.1251	0	0
C19orf66	32.7205	-0.5923	0.5423	0.2213	0.2939
C19orf68	166.2068	-1.4074	0.2709	0	0
C19orf70	673.7926	1.4539	0.1396	0	0
C19orf71	75.3996	-4e-04	0.367	0.9991	0.9996
C19orf73	22.3802	0.1165	0.6038	0.8239	0.8675
C19orf77	4.2534	0.9789	1.0442	0.1105	0.1594
C19orf80	0.8834	-0.0851	1.2059	0.8376	NA
C19orf82	49.1754	0.6462	0.4707	0.1354	0.1912
C19orf83	5.2549	0.0272	0.9437	0.9649	0.9742
C19orf84	0.7319	-0.24	1.2291	0.5227	NA
C1D	324.5512	-0.1507	0.1903	0.4225	0.5088
C1GALT1	343.5031	-0.6095	0.1863	9e-04	0.0018
C1GALT1C1	622.4123	1.0771	0.1407	0	0
C1orf101	0.3608	-0.1002	1.2488	0.7529	NA
C1orf105	1.17	0.2989	1.2074	0.4789	NA
C1orf106	2175.809	-0.927	0.0872	0	0
C1orf109	783.6961	0.2368	0.1416	0.0922	0.1355
C1orf111	2.48	-0.114	1.1327	0.8259	0.8691
C1orf112	247.7533	-0.6229	0.2142	0.0031	0.0058
C1orf115	94.1832	-0.1834	0.3311	0.5643	0.6444
C1orf116	10.479	-0.1243	0.8431	0.8404	0.8815
C1orf122	1677.0786	1.1601	0.0909	0	0
C1orf123	572.2105	1.0885	0.1453	0	0
C1orf127	0.3347	0.1446	1.2516	0.644	NA
C1orf131	161.6704	-1.8531	0.3067	0	0
C1orf145	4.3218	0.4395	0.9956	0.472	0.5569
C1orf159	330.9666	-0.9205	0.1893	0	0
C1orf162	0.5695	-0.1449	1.2489	0.6513	NA
C1orf167	1.4446	-0.2818	1.1737	0.5519	0.633
C1orf172	2.9524	-1.0554	1.1706	0.0533	0.0825
C1orf174	692.5556	-0.102	0.1372	0.4544	0.5397
C1orf185	6.0964	1.1655	1.0161	0.064	0.0974
C1orf186	31.5112	-0.9681	0.5759	0.0558	0.086
C1orf189	0.3784	-0.1044	1.2488	0.7432	NA
C1orf192	7.1282	-0.0794	0.9103	0.8983	0.9256
C1orf194	0.7936	0.2982	1.2402	0.402	NA
C1orf198	1613.274	-0.4147	0.1006	0	1e-04
C1orf204	0.1901	-0.0378	1.2501	0.9039	NA
C1orf21	5.7374	-0.7165	0.9701	0.2501	0.3269
C1orf210	0.3325	0.1429	1.2516	0.648	NA
C1orf213	62.8658	2.3261	0.4364	0	0
C1orf216	244.5726	-1.3424	0.233	0	0
C1orf220	5.6215	1.0095	0.98	0.109	0.1575
C1orf226	187.7336	-2.3511	0.2926	0	0
C1orf227	0.5164	0.0559	1.2458	0.8634	NA
C1orf229	3.047	-0.0846	1.0731	0.8818	0.9119
C1orf233	310.2491	1.3063	0.1941	0	0
C1orf27	250.2197	-0.3384	0.2161	0.1111	0.1602
C1orf35	315.9433	-1.4304	0.2001	0	0
C1orf43	1692.1896	-0.2891	0.0907	0.0014	0.0027
C1orf50	73.0331	-0.4434	0.373	0.2107	0.2817
C1orf51	0.5148	0.059	1.246	0.8558	NA
C1orf52	253.8728	-0.5775	0.2174	0.0069	0.0122
C1orf53	114.7081	0.9994	0.3102	8e-04	0.0016
C1orf54	1.6928	-0.3855	1.1644	0.4329	0.5187
C1orf56	162.322	1.1868	0.2745	0	0
C1orf63	319.9645	0.5621	0.1913	0.0029	0.0054
C1orf65	1.0837	-0.1557	1.1938	0.7221	NA
C1orf74	30.9913	-0.5535	0.5507	0.2586	0.3364
C1orf85	832.3505	1.059	0.1346	0	0
C1orf86	1404.151	1.4561	0.1043	0	0
C1orf95	0.3608	-0.1002	1.2488	0.7529	NA
C1QBP	9820.4413	1.2682	0.0555	0	0
C1QL1	48.7267	1.6393	0.4694	1e-04	3e-04
C1QL3	5.7971	-0.0878	0.9364	0.8872	0.9162
C1QL4	50.0553	1.0688	0.4432	0.0093	0.0163
C1QTNF1	0.1804	-0.0353	1.2501	0.9101	NA
C1QTNF2	2.1263	-0.2339	1.1073	0.6679	0.7365
C1QTNF3	2.5093	-0.3593	1.1084	0.512	0.5949
C1QTNF4	3.9353	0.6106	1.023	0.314	0.3977
C1QTNF5	32.2453	0.8763	0.5335	0.0668	0.1013
C1QTNF6	1029.5391	1.1385	0.1177	0	0
C1QTNF8	0.7115	-0.023	1.2192	0.9527	NA
C1QTNF9	0.3413	0.1454	1.2516	0.6423	NA
C1QTNF9B	5.4694	-0.046	0.929	0.9409	0.9584
C1QTNF9B-AS1	19.433	-0.5805	0.6543	0.2928	0.3744
C1R	107.8681	0.9268	0.3135	0.0022	0.0041
C1R-2	145.1035	1.2885	0.2933	0	0
C1RL	215.8639	0.7102	0.2291	0.0016	0.003
C1RL-AS1	12.7644	-0.1884	0.7393	0.7493	0.8073
C1S	231.2484	1.4063	0.2265	0	0
C2	0.3489	-0.0962	1.2488	0.7625	NA
C20orf112	218.5618	-2.4202	0.2973	0	0
C20orf144	0.5491	-0.1619	1.2415	0.635	NA
C20orf194	136.2774	-1.622	0.3023	0	0
C20orf196	10.8333	-0.5403	0.7942	0.3744	0.4594
C20orf24	2559.4132	1.0527	0.0766	0	0
C20orf26	0.5808	-0.1815	1.2394	0.6015	NA
C20orf27	3107.3809	1.1419	0.0721	0	0
C20orf96	107.4151	-0.2228	0.3124	0.4598	0.5451
C21orf119	78.2666	1.4563	0.3819	1e-04	1e-04
C21orf140	1.2627	-0.3875	1.2172	0.347	NA
C21orf2	251.8304	0.4485	0.2126	0.032	0.0515
C21orf33	26.2331	-0.4596	0.6636	0.4089	0.4949
C21orf58	155.373	2.6439	0.2992	0	0
C21orf59	749.9143	0.3211	0.1282	0.0117	0.0201
C21orf67	27.3576	-0.1164	0.5611	0.8148	0.8598
C21orf91	259.6289	-0.7917	0.2205	3e-04	5e-04
C22orf15	0.7971	0.115	1.2246	0.7611	NA
C22orf23	83.7125	-0.9892	0.3691	0.0048	0.0087
C22orf24	0.1899	-0.0377	1.2501	0.9041	NA
C22orf26	1.5774	0.1753	1.1384	0.7328	0.7935
C22orf29	746.2229	-0.84	0.1322	0	0
C22orf31	0.6676	0.2404	1.2461	0.4741	NA
C22orf39	370.8366	0.4643	0.1844	0.0108	0.0186
C22orf43	0.7372	0.2731	1.2427	0.4317	NA
C22orf46	154.8456	0.308	0.2648	0.2329	0.3075
C2CD2	325.9096	-1.3744	0.2042	0	0
C2CD2L	201.2789	-1.9234	0.2533	0	0
C2CD3	608.9219	-0.145	0.1406	0.2989	0.3812
C2CD4A	2.1569	-0.4867	1.1527	0.3414	0.4271
C2CD4B	0.7034	-0.0141	1.2197	0.9709	NA
C2CD4C	2.1204	-0.1769	1.1252	0.7372	0.7971
C2CD4D	0.5237	0.0573	1.2453	0.8607	NA
C2CD5	352.7607	-1.5082	0.191	0	0
C2orf15	5.7979	-0.7483	0.959	0.2314	0.3056
C2orf16	27.7335	0.1518	0.5723	0.7634	0.8186
C2orf27A	0.1818	-0.0359	1.2501	0.9086	NA
C2orf42	60.1763	-2.1091	0.4638	0	0
C2orf43	232.7212	-0.4482	0.2219	0.0397	0.0631
C2orf44	241.7921	-1.0636	0.2201	0	0
C2orf47	282.718	-1.2283	0.2112	0	0
C2orf48	0.188	-0.0367	1.2501	0.9067	NA
C2orf49	327.4043	0.4772	0.1907	0.0112	0.0193
C2orf62	5.1226	-0.0681	0.9557	0.912	0.9365
C2orf68	517.2403	1.4639	0.1656	0	0
C2orf69	456.7586	0.6415	0.1585	0	1e-04
C2orf70	1.2047	0.334	1.1929	0.4566	NA
C2orf72	13.0428	-1.784	0.8878	0.0057	0.0101
C2orf76	73.5209	0.3836	0.3809	0.288	0.3693
C2orf81	26.6276	-0.61	0.5757	0.2282	0.3019
C2orf82	1.8363	-0.3793	1.1582	0.447	0.5328
C2orf88	1120.0333	-0.6096	0.1128	0	0
C3	75.4415	1.7551	0.3949	0	0
C3orf14	0.1804	-0.0353	1.2501	0.9101	NA
C3orf17	263.8875	-1.3708	0.2169	0	0
C3orf18	9.0162	-0.7418	0.8525	0.2333	0.3079
C3orf33	42.8092	-1.6205	0.5295	6e-04	0.0013
C3orf35	0.9491	-0.3405	1.2162	0.4057	NA
C3orf38	460.5307	0.9031	0.1594	0	0
C3orf43	0.3338	0.1444	1.2516	0.6445	NA
C3orf52	142.2285	-2.114	0.3231	0	0
C3orf55	0.231	-0.0587	1.2498	0.8518	NA
C3orf58	345.4199	-0.3518	0.1813	0.0495	0.0772
C3orf62	46.1731	-1.0837	0.478	0.0133	0.0227
C3orf65	1.8634	0.593	1.1705	0.2351	0.3099
C3orf70	0.3703	-0.1026	1.2488	0.7475	NA
C3orf72	26.5463	-0.1538	0.5791	0.7623	0.8177
C3orf80	0.3615	-0.1005	1.2488	0.7523	NA
C3orf83	1.0348	0.1139	1.1932	0.7948	NA
C4A	22.9252	-0.2463	0.6116	0.641	0.7131
C4B	1.9218	0.026	1.13	0.9602	0.9711
C4BPA	1.4169	0.2113	1.1852	0.6414	0.7135
C4BPB	34.619	0.16	0.5263	0.7354	0.7957
C4orf19	36.148	-1.9864	0.6129	2e-04	4e-04
C4orf21	240.8883	-1.6477	0.234	0	0
C4orf27	266.0891	-0.6108	0.2082	0.0029	0.0053
C4orf29	40.9041	-0.4642	0.4891	0.2988	0.381
C4orf3	1350.6718	1.1549	0.1003	0	0
C4orf32	6.9307	0.3737	0.898	0.5484	0.63
C4orf33	25.4778	0.2579	0.5744	0.6099	0.6853
C4orf36	15.7008	-0.0305	0.7018	0.9576	0.9698
C4orf46	690.9853	0.0089	0.1339	0.9469	0.9626
C4orf47	0.6646	0.277	1.2372	0.4424	NA
C4orf48	657.7149	1.4617	0.1419	0	0
C5	259.3904	0.8587	0.2135	0	1e-04
C5AR1	8.522	-1.6001	1.1165	0.0105	0.0181
C5orf15	2820.2391	1.2384	0.0782	0	0
C5orf22	259.492	-0.977	0.2169	0	0
C5orf24	788.1508	-1.5701	0.1304	0	0
C5orf27	0.1898	-0.0377	1.2501	0.9042	NA
C5orf28	141.8945	-1.6028	0.2983	0	0
C5orf30	147.2937	-2.6172	0.3178	0	0
C5orf34	124.6227	-1.8404	0.3207	0	0
C5orf42	179.7825	-1.3959	0.2712	0	0
C5orf45	63.8834	-1.2974	0.4397	0.0015	0.0028
C5orf47	1.929	0.26	1.1382	0.6144	0.689
C5orf49	4.0704	1.1003	1.0804	0.0692	0.1048
C5orf51	320.7828	-2.2746	0.2338	0	0
C5orf54	110.1234	-0.5899	0.3107	0.0492	0.0766
C5orf55	133.2098	1.6978	0.2962	0	0
C5orf56	1.0915	-0.3865	1.211	0.3609	NA
C5orf60	0.2074	-0.049	1.25	0.8758	NA
C5orf63	22.2982	0.1741	0.6391	0.7487	0.8069
C5orf66	30.9765	0.9537	0.552	0.0519	0.0806
C6	0.8531	-0.2866	1.2219	0.4669	NA
C6orf1	118.5733	-0.6179	0.305	0.036	0.0575
C6orf10	0.3338	0.1444	1.2516	0.6445	NA
C6orf106	2558.0782	0.3361	0.081	0	1e-04
C6orf118	2.986	0.3987	1.0611	0.4936	0.5779
C6orf120	1886.9387	1.4792	0.0868	0	0
C6orf132	214.4638	-0.3209	0.2294	0.154	0.2143
C6orf136	120.6785	-1.8082	0.3412	0	0
C6orf141	1.5289	0.4704	1.1819	0.3218	0.406
C6orf147	0.3602	-0.1	1.2488	0.7533	NA
C6orf15	0.3327	0.1442	1.2516	0.645	NA
C6orf163	0.5547	-0.1651	1.2411	0.6295	NA
C6orf164	0.3603	-0.1001	1.2488	0.7532	NA
C6orf165	6.0753	-0.3925	0.9754	0.5235	0.6063
C6orf201	0.3784	-0.1067	1.2489	0.7377	NA
C6orf203	70.1804	-1.7528	0.4201	0	0
C6orf211	771.4208	-0.7542	0.1359	0	0
C6orf223	25.8338	0.906	0.6239	0.0905	0.1333
C6orf226	128.7496	1.384	0.2976	0	0
C6orf25	1.5859	-0.1184	1.1559	0.8097	0.8555
C6orf47	760.7156	0.8229	0.1332	0	0
C6orf48	567.9506	-0.1675	0.1506	0.2619	0.3403
C6orf52	34.4376	0.8829	0.527	0.0623	0.0951
C6orf57	42.9967	-0.2704	0.4698	0.5317	0.6141
C6orf58	0.3601	-0.1	1.2488	0.7534	NA
C6orf62	1675.492	-0.7637	0.1053	0	0
C6orf89	754.8955	0.497	0.1397	3e-04	7e-04
C6orf99	20.0586	0.4014	0.6737	0.4747	0.5597
C7	4.1362	0.553	1.0009	0.3662	0.4522
C7orf13	0.5221	0.061	1.2455	0.8516	NA
C7orf25	231.6478	-0.2812	0.2187	0.1909	0.2588
C7orf26	324.0929	-2.3696	0.21	0	0
C7orf31	19.9315	-1.8214	0.7387	0.0023	0.0042
C7orf43	164.5087	-0.5698	0.2608	0.0251	0.0411
C7orf49	827.1481	-0.47	0.1238	1e-04	3e-04
C7orf50	2614.8569	0.9899	0.076	0	0
C7orf55	301.1212	1.0127	0.2014	0	0
C7orf55-LUC7L2	23.1575	-1.8873	1.3237	0.0013	0.0025
C7orf57	1.8291	-0.4008	1.159	0.4219	0.5083
C7orf60	110.9773	-1.7841	0.3321	0	0
C7orf61	2.5388	-0.3909	1.0924	0.4865	0.5713
C7orf63	3.3933	-0.4896	1.069	0.3992	0.4847
C7orf65	0.8733	0.1878	1.2217	0.6281	NA
C7orf71	1.3692	0.542	1.2217	0.1992	NA
C7orf73	967.3358	1.0565	0.1165	0	0
C8G	5.0223	-0.087	0.9477	0.888	0.9167
C8orf31	0.3269	0.1429	1.2516	0.6481	NA
C8orf33	1551.2569	0.6373	0.093	0	0
C8orf34	37.6051	-1.1707	0.511	0.0113	0.0194
C8orf37	53.4496	-0.6861	0.4573	0.1044	0.1514
C8orf4	43.1239	-0.4995	0.4935	0.2669	0.3457
C8orf44	14.4798	0.8935	0.7338	0.1294	0.1837
C8orf44-SGK3	16.931	-3.1299	1.4032	0	0
C8orf46	3.1109	0.4598	1.0832	0.4204	0.5069
C8orf47	0.5708	-0.1452	1.2489	0.6507	NA
C8orf58	380.2663	0.1686	0.1777	0.3373	0.4227
C8orf59	217.7565	-0.1949	0.228	0.3838	0.4686
C8orf76	156.8136	-3.3663	0.3424	0	0
C8orf82	767.8097	0.8556	0.1252	0	0
C8orf88	0.1804	-0.0353	1.2501	0.9101	NA
C9orf114	742.1028	-1.4622	0.1349	0	0
C9orf116	74.1623	0.4801	0.3681	0.1703	0.2341
C9orf117	1.3959	0.2369	1.1704	0.6188	0.6928
C9orf129	1.848	0.0305	1.1572	0.9502	0.965
C9orf131	0.5504	-0.1626	1.2414	0.6337	NA
C9orf135	36.2386	0.7572	0.5033	0.0975	0.1425
C9orf135-AS1	7.7145	-1.4487	1.0167	0.0238	0.039
C9orf139	1.3334	0.5183	1.221	0.2176	NA
C9orf142	981.6071	1.0618	0.1175	0	0
C9orf152	0.5506	-0.1628	1.2414	0.6335	NA
C9orf153	0.3413	0.1454	1.2516	0.6423	NA
C9orf156	144.3958	0.0011	0.289	0.9969	0.998
C9orf16	696.9267	1.4503	0.1337	0	0
C9orf163	89.709	2.9751	0.3866	0	0
C9orf169	16.4507	0.8909	0.7575	0.1365	0.1925
C9orf172	83.9033	0.4683	0.3656	0.1784	0.2439
C9orf173	3.0267	0.5569	1.0953	0.3256	0.4098
C9orf24	2.1642	-0.3225	1.1244	0.5446	0.6261
C9orf3	318.4967	-0.3864	0.2004	0.0504	0.0785
C9orf37	200.6586	-0.0051	0.2346	0.9822	0.9869
C9orf40	620.3933	0.2079	0.1418	0.1396	0.1963
C9orf41	455.9895	-0.4476	0.1894	0.0167	0.028
C9orf43	17.7757	0.5503	0.6769	0.3285	0.413
C9orf47	1.6767	0.7435	1.204	0.1172	0.168
C9orf50	1.5589	0.1761	1.1394	0.7311	0.792
C9orf64	653.5156	0.7525	0.138	0	0
C9orf66	5.3542	0.6669	0.9762	0.2827	0.3632
C9orf69	1173.1711	-0.2582	0.1072	0.0156	0.0263
C9orf72	42.8072	-0.933	0.5227	0.0474	0.0742
C9orf78	1045.537	0.7071	0.1095	0	0
C9orf84	0.3335	0.1444	1.2516	0.6446	NA
C9orf85	36.3649	-0.8197	0.5157	0.0784	0.1171
C9orf89	112.2983	0.4122	0.3035	0.1601	0.2217
C9orf9	26.8529	-0.2452	0.5945	0.6359	0.7085
C9orf91	186.8092	-1.9743	0.2636	0	0
C9orf92	1.0564	0.1215	1.192	0.7825	NA
C9orf96	3.6881	0.5831	1.0485	0.327	0.4114
CA11	99.5325	0.8012	0.3579	0.0189	0.0314
CA12	2357.5609	0.6441	0.0981	0	0
CA13	2.5272	-0.3883	1.092	0.4895	0.5741
CA14	0.7212	-0.0122	1.2291	0.9734	NA
CA2	4795.9457	0.5398	0.0706	0	0
CA4	3.7414	0.4472	1.0691	0.44	0.5256
CA5B	194.4966	0.2299	0.2647	0.3731	0.4579
CA5BP1	148.2691	-0.0053	0.2844	0.9847	0.9888
CA8	2129.9397	-0.2392	0.1026	0.0193	0.0321
CAAP1	311.4576	-0.2381	0.224	0.2791	0.3592
CAB39	905.8272	-1.053	0.1244	0	0
CAB39L	95.0249	-0.3936	0.3331	0.2184	0.2906
CABIN1	2105.3396	0.6646	0.0862	0	0
CABLES1	416.6687	-1.0406	0.1717	0	0
CABLES2	487.414	-0.019	0.1564	0.9027	0.929
CABP1	2.0186	0.6976	1.1693	0.1716	0.2357
CABP7	1.2811	-0.2179	1.1841	0.6326	NA
CABYR	106.3567	-2.1351	0.3527	0	0
CACFD1	306.6345	-1.2184	0.2013	0	0
CACHD1	342.474	-0.5368	0.1879	0.0038	0.007
CACNA1B	0.1815	-0.0358	1.2501	0.909	NA
CACNA1D	5.7754	-0.7417	0.9602	0.2353	0.3101
CACNA1E	0.3797	-0.1048	1.2488	0.7422	NA
CACNA1G	5.1987	0.5522	0.9694	0.3727	0.4578
CACNA1H	54.741	0.1268	0.4254	0.7498	0.8077
CACNA1I	0.1898	-0.0377	1.2501	0.9042	NA
CACNA2D1	8.4679	0.7964	0.8688	0.2028	0.2725
CACNA2D2	8.5681	1.2399	0.9808	0.0516	0.0803
CACNA2D3	0.4026	0.1646	1.2518	0.6001	NA
CACNA2D4	0.3333	0.1443	1.2516	0.6447	NA
CACNB1	59.9069	-1.267	0.4722	0.0035	0.0064
CACNB2	0.9741	-0.3529	1.2152	0.3923	NA
CACNB3	321.0671	-1.054	0.1956	0	0
CACNB4	0.7745	-0.2379	1.2246	0.5364	NA
CACNG4	8.8746	0.1067	0.848	0.8628	0.8986
CACNG6	148.6513	0.3702	0.2728	0.1631	0.2253
CACNG7	30.6325	-0.3108	0.5411	0.5204	0.6031
CACNG8	49.6964	0.3433	0.4665	0.4244	0.5105
CACTIN	759.2912	-0.0988	0.1266	0.4327	0.5186
CACTIN-AS1	87.7597	1.5432	0.3605	0	0
CACUL1	702.2019	-2.3037	0.1509	0	0
CACYBP	5068.9767	0.7085	0.0654	0	0
CAD	4042.8648	0.0404	0.0671	0.5465	0.6281
CADM1	44.6793	1.504	0.4853	7e-04	0.0014
CADM4	1413.9711	1.5242	0.0987	0	0
CADPS2	130.7874	0.7707	0.2983	0.0076	0.0134
CAGE1	1.9305	0.0231	1.1297	0.9646	0.974
CAHM	24.6873	2.787	0.7347	0	0
CALB1	160.6437	0.2076	0.2578	0.4094	0.4954
CALCB	1.5453	0.4604	1.1964	0.3099	0.3931
CALCOCO1	101.8089	0.396	0.3225	0.202	0.2719
CALCOCO2	193.2752	-0.6735	0.2402	0.0042	0.0076
CALCRL	702.0398	-2.0437	0.1564	0	0
CALD1	15251.7571	0.8103	0.1822	0	0
CALHM1	17.9775	2.8931	0.8923	0	0
CALHM2	189.9136	-1.2326	0.2483	0	0
CALHM3	9.2004	0.5393	0.8197	0.3801	0.4648
CALM1	6290.0314	0.7097	0.0592	0	0
CALM2	8295.3035	0.0139	0.0596	0.8148	0.8598
CALM3	12417.8043	1.2518	0.0509	0	0
CALML3	1.2053	0.3098	1.206	0.4663	NA
CALML4	62.3381	-0.9584	0.414	0.0135	0.023
CALR	39070.9491	1.3725	0.0453	0	0
CALU	12050.966	1.4144	0.0533	0	0
CALY	9.1671	0.6835	0.8262	0.2679	0.3468
CAMK1	821.6202	1.41	0.1228	0	0
CAMK1D	3.6845	-0.4853	1.0312	0.4183	0.5047
CAMK1G	0.6835	0.2469	1.2453	0.4657	NA
CAMK2B	0.7215	-0.1979	1.2406	0.5671	NA
CAMK2D	1729.1026	0.2555	0.1156	0.0264	0.0431
CAMK2G	363.2323	-1.2725	0.1897	0	0
CAMK2N1	10.708	-0.5294	0.8039	0.386	0.4711
CAMK2N2	40.1127	0.9229	0.4855	0.0375	0.0598
CAMK4	1.5797	0.1511	1.1558	0.759	0.8151
CAMKK1	21.291	-2.154	0.7846	5e-04	0.001
CAMKK2	690.7401	-0.8183	0.1362	0	0
CAMKMT	113.7864	0.6099	0.3029	0.0373	0.0593
CAMKV	7.1614	-0.3416	0.8913	0.583	0.6614
CAMLG	159.6714	-1.8183	0.2885	0	0
CAMSAP1	1022.3198	-1.0695	0.115	0	0
CAMSAP2	1053.4392	-1.1928	0.1205	0	0
CAMSAP3	275.8565	-2.0231	0.2194	0	0
CAMTA1	551.7128	1.3348	0.1506	0	0
CAMTA2	378.588	-0.8067	0.1814	0	0
CAND1	2819.0603	-0.3602	0.08	0	0
CAND1.11	0.1799	-0.0351	1.2501	0.9106	NA
CAND2	95.5787	-0.2534	0.3587	0.4589	0.5442
CANT1	1252.9347	-0.9914	0.1104	0	0
CANX	19268.4867	1.0141	0.0546	0	0
CAP1	7062.2517	1.0025	0.0592	0	0
CAP2	412.0719	0.7977	0.1676	0	0
CAPG	511.8124	1.3982	0.1569	0	0
CAPN1	4236.1385	1.1193	0.0657	0	0
CAPN10	420.5389	-0.0801	0.1724	0.6387	0.711
CAPN10-AS1	230.7538	3.7365	0.2633	0	0
CAPN12	19.5198	0.4325	0.6504	0.4313	0.5173
CAPN15	2554.3605	-0.6875	0.0811	0	0
CAPN2	8094.9571	1.2954	0.0615	0	0
CAPN3	1.7915	-0.1396	1.1532	0.7782	0.8304
CAPN5	141.8272	0.2082	0.2835	0.4496	0.535
CAPN7	429.2947	-2.0916	0.2013	0	0
CAPN8-2	1.7224	0.3473	1.1547	0.4883	0.5731
CAPN9	1.0659	-0.32	1.2243	0.4145	NA
CAPNS1	13514.0969	1.2527	0.0491	0	0
CAPRIN1	4831.7136	-0.1998	0.0636	0.0017	0.0031
CAPRIN2	154.9054	-1.2509	0.2758	0	0
CAPS	27.5852	0.054	0.5903	0.9166	0.9396
CAPS2	0.7119	-0.2234	1.2311	0.5457	NA
CAPZA1	3405.812	0.3898	0.0716	0	0
CAPZA2	2731.81	0.6056	0.0788	0	0
CAPZB	6771.453	1.0636	0.0611	0	0
CARD10	323.3815	-2.1085	0.2178	0	0
CARD14	2.1623	0.0364	1.1029	0.9469	0.9626
CARD16	10.1492	0.8416	0.8561	0.1774	0.2428
CARD6	7.0496	-0.6388	0.9029	0.3074	0.3901
CARD8	145.4952	-1.9678	0.3048	0	0
CARD9	4.1505	0.2799	0.9928	0.6459	0.7175
CARF	24.7974	-1.3905	0.6294	0.0099	0.0171
CARHSP1	943.917	0.2766	0.1162	0.0168	0.0282
CARKD	453.62	-1.2466	0.1713	0	0
CARM1	3476.3855	0.764	0.0709	0	0
CARNS1	7.3579	-0.3354	0.9348	0.5891	0.6662
CARS	736.9817	-0.2931	0.1358	0.0297	0.0482
CARS2	1700.0623	1.2977	0.0904	0	0
CASC1	0.5341	-0.1385	1.2488	0.6655	NA
CASC10	357.4366	2.5789	0.191	0	0
CASC11	0.1797	-0.035	1.2501	0.9109	NA
CASC14	0.1804	-0.0353	1.2501	0.9101	NA
CASC18	4.2939	-0.2305	0.9928	0.7049	0.7689
CASC2	16.5179	-0.6645	0.6986	0.2467	0.3229
CASC3	1383.1728	-1.1714	0.1015	0	0
CASC4	1970.4645	0.8285	0.0852	0	0
CASC5	532.5957	-3.0177	0.1795	0	0
CASD1	445.0572	-1.3796	0.1755	0	0
CASK	1150.58	0.242	0.1116	0.0294	0.0476
CASKIN1	156.6553	-0.8943	0.28	0.001	0.002
CASKIN2	1264.8417	-1.4429	0.1117	0	0
CASP1	0.6544	0.069	1.2356	0.8445	NA
CASP10	43.6207	-1.4316	0.5424	0.0031	0.0057
CASP2	877.5589	-1.0816	0.1439	0	0
CASP3	869.7463	-1.8455	0.1303	0	0
CASP4	208.2863	0.0018	0.2284	0.9936	0.9956
CASP6	244.2078	-0.1272	0.2136	0.5449	0.6264
CASP7	386.8692	-0.4914	0.1744	0.0044	0.008
CASP8	322.6872	-1.6632	0.1988	0	0
CASP8AP2	264.5695	-2.2132	0.2276	0	0
CASP9	64.944	-0.6481	0.4197	0.0991	0.1446
CASQ1	0.1804	-0.0353	1.2501	0.9101	NA
CASS4	0.5531	-0.1622	1.2412	0.6351	NA
CAST	1770.9099	0.4341	0.0957	0	0
CASZ1	101.4032	-0.1607	0.333	0.6153	0.6897
CAT	359.6265	0.751	0.1937	1e-04	2e-04
CATSPER1	0.3797	-0.1048	1.2488	0.7422	NA
CATSPER2	2.4543	0.3461	1.0817	0.5423	0.6241
CATSPER2P1	6.5491	-0.1061	0.8943	0.8644	0.8997
CATSPER3	5.3605	-0.3149	0.9405	0.6116	0.6866
CATSPERG	2.7355	0.7257	1.1062	0.2014	0.2711
CAV1	6519.0563	1.0608	0.0801	0	0
CAV2	3290.7396	0.5445	0.1847	0.0028	0.0053
CBFA2T2	262.7446	-1.8831	0.2311	0	0
CBFB	1104.5374	-1.1374	0.1161	0	0
CBL	671.0614	-2.8	0.1572	0	0
CBLB	237.3445	-1.9118	0.2457	0	0
CBLC	44.2855	0.001	0.4871	0.9982	0.9989
CBLL1	664.964	0.5903	0.1366	0	0
CBLN1	12.1732	0.1009	0.7477	0.8648	0.8998
CBLN3	20.9829	1.1136	0.6573	0.0444	0.0699
CBR1	521.1732	0.7207	0.1501	0	0
CBR3	305.6779	-1.7451	0.208	0	0
CBR3-AS1	7.6292	0.9672	0.8978	0.1252	0.1784
CBR4	211.5708	-0.7535	0.2744	0.0047	0.0086
CBS	4094.3391	0.5086	0.0707	0	0
CBWD1	530.4245	0.9681	0.1557	0	0
CBWD2	453.3614	0.939	0.1619	0	0
CBWD3	266.9703	2.1893	0.2184	0	0
CBWD5	505.2663	1.718	0.1546	0	0
CBWD6	33.9367	-0.02	0.5309	0.9666	0.9753
CBX1	3041.4026	0.0992	0.0726	0.1713	0.2353
CBX2	443.4573	-1.3205	0.1728	0	0
CBX3	3936.3349	0.1185	0.0719	0.0988	0.1443
CBX3P2	0.5416	-0.1403	1.2488	0.6616	NA
CBX4	898.0616	0.1051	0.1183	0.3717	0.4569
CBX5	7959.5546	0.2824	0.057	0	0
CBX6	2748.0248	-0.3247	0.0774	0	1e-04
CBX7	26.8205	-2.5509	0.7584	0	1e-04
CBX8	262.4594	0.2693	0.2145	0.2018	0.2717
CBY1	349.4175	-0.3816	0.1843	0.0361	0.0577
CBY3	1.101	-0.3983	1.2089	0.3518	NA
CC2D1A	295.1973	-1.9553	0.215	0	0
CC2D1B	599.7292	-1.4107	0.1459	0	0
CC2D2A	247.1129	0.0372	0.2147	0.86	0.8965
CCAR1	1838.8029	-0.5725	0.0953	0	0
CCAR2	2821.8222	-1.1535	0.0767	0	0
CCAT1	4.1036	-0.0049	1.0052	0.9935	0.9955
CCBL1	85.7008	0.4732	0.3438	0.1505	0.21
CCBL2	347.8845	0.1893	0.1886	0.3094	0.3926
CCDC101	84.4825	-3.1626	0.455	0	0
CCDC102A	348.3248	-2.035	0.1999	0	0
CCDC102B	0.7404	-0.2458	1.2279	0.5161	NA
CCDC103	67.793	0.3386	0.3856	0.3536	0.4393
CCDC104	379.2193	0.6541	0.1737	1e-04	3e-04
CCDC106	28.5094	0.7207	0.5783	0.1558	0.2166
CCDC107	186.4563	0.0342	0.2428	0.8855	0.9148
CCDC109B	949.2823	1.2736	0.1193	0	0
CCDC11	4.6704	-0.2875	1.0089	0.6341	0.7068
CCDC110	1.5373	-0.4759	1.2094	0.2734	0.3531
CCDC112	50.3235	-1.9655	0.4987	0	0
CCDC113	10.9026	-0.676	0.7974	0.2677	0.3466
CCDC114	2.5552	-0.1527	1.103	0.7802	0.832
CCDC115	192.0771	-0.2945	0.2407	0.2115	0.2826
CCDC116	1.1319	-0.4162	1.2073	0.3353	NA
CCDC117	1040.7051	-1.7315	0.1179	0	0
CCDC12	418.4699	-0.5734	0.1749	9e-04	0.0018
CCDC120	98.9216	-3.4038	0.4414	0	0
CCDC121	83.7141	0.1997	0.3481	0.5488	0.6302
CCDC122	30.2304	-1.1099	0.5753	0.0282	0.0458
CCDC124	3929.0189	1.5126	0.074	0	0
CCDC125	132.6021	-1.3468	0.3057	0	0
CCDC126	59.9377	-1.8196	0.4606	0	0
CCDC127	221.1967	-1.8274	0.2712	0	0
CCDC13	6.7664	0.5335	0.8957	0.3928	0.478
CCDC130	129.8085	-1.8369	0.3206	0	0
CCDC132	188.1209	-0.913	0.3074	0.0021	0.0039
CCDC134	125.2884	-0.2012	0.3015	0.4903	0.5747
CCDC136	10.9566	0.5573	0.7909	0.3588	0.4449
CCDC137	419.534	-1.2473	0.1724	0	0
CCDC138	157.0174	-2.3729	0.3084	0	0
CCDC14	494.8545	-1.7209	0.1674	0	0
CCDC141	85.3704	0.2543	0.3529	0.4506	0.5361
CCDC142	209.6734	-0.1223	0.2295	0.5869	0.6646
CCDC144A	0.1898	-0.0376	1.2501	0.9042	NA
CCDC144CP	2.4319	0.3206	1.0916	0.567	0.6468
CCDC146	3.4919	-0.1917	1.0281	0.7473	0.8057
CCDC147	1.5609	0.1521	1.1568	0.757	0.8135
CCDC148	4.831	-0.2076	0.9677	0.7355	0.7958
CCDC149	141.5727	-0.7134	0.2814	0.0091	0.0158
CCDC15	11.3681	-2.5875	1.267	1e-04	3e-04
CCDC150	55.143	-0.7097	0.4581	0.0935	0.1372
CCDC151	8.1558	0.6684	0.8556	0.2826	0.3631
CCDC153	1.9047	0.6743	1.1692	0.1845	0.2511
CCDC154	0.3338	0.1444	1.2516	0.6445	NA
CCDC157	33.1633	1.042	0.5378	0.0303	0.049
CCDC158	0.7118	-0.0124	1.2191	0.9745	NA
CCDC159	18.6733	0.9028	0.6604	0.104	0.1509
CCDC160	1.0641	-0.1603	1.195	0.7132	NA
CCDC163P	23.5203	-1.4714	0.6649	0.0084	0.0148
CCDC166	0.6676	0.2404	1.2461	0.4741	NA
CCDC167	721.4093	1.1967	0.132	0	0
CCDC168	3.4192	-0.6156	1.0703	0.2926	0.3742
CCDC17	2.737	-0.2875	1.0699	0.6165	0.6908
CCDC171	13.604	-0.9913	0.78	0.1022	0.1487
CCDC173	1.2453	-0.2111	1.1856	0.6413	NA
CCDC174	135.0096	-0.9165	0.2886	0.0011	0.002
CCDC176	50.8724	0.7086	0.4456	0.0865	0.128
CCDC18	169.8977	-2.6316	0.3025	0	0
CCDC180	2.0494	0.7761	1.2096	0.1	0.1458
CCDC183	0.7135	-0.0152	1.2297	0.9667	NA
CCDC183-AS1	44.4882	0.9949	0.4716	0.0216	0.0357
CCDC19	5.7335	-0.3376	0.9774	0.5824	0.6609
CCDC22	389.9899	0.4526	0.1754	0.0091	0.0158
CCDC23	280.3984	0.4785	0.1997	0.015	0.0254
CCDC24	14.8521	-0.7943	0.7321	0.1769	0.2421
CCDC25	568.2587	-0.0846	0.1444	0.5548	0.6359
CCDC28A	43.2549	-2.1158	0.5372	0	0
CCDC28B	162.0901	0.6334	0.2606	0.0127	0.0217
CCDC3	0.8736	0.22	1.2113	0.5915	NA
CCDC30	1.4907	-0.5552	1.1942	0.2331	0.3076
CCDC34	1060.8679	0.4609	0.1103	0	1e-04
CCDC37	0.1898	-0.0377	1.2501	0.9042	NA
CCDC39	2.2043	-0.505	1.1497	0.3277	0.412
CCDC40	45.1089	0.5847	0.4676	0.1744	0.2392
CCDC41	228.0539	-0.6409	0.2229	0.0034	0.0063
CCDC41-AS1	15.1272	0.8903	0.7291	0.1295	0.1838
CCDC42	3.7798	0.9305	1.0585	0.1244	0.1774
CCDC42B	21.2967	1.1626	0.6506	0.0347	0.0555
CCDC43	515.4282	-0.2498	0.1571	0.1087	0.1572
CCDC47	2445.6673	0.2625	0.0879	0.0027	0.0051
CCDC50	1801.0419	-0.3081	0.0917	7e-04	0.0015
CCDC51	368.3311	-0.6751	0.1926	4e-04	8e-04
CCDC53	63.0835	0.3699	0.3956	0.3218	0.406
CCDC57	95.0127	-0.9883	0.3403	0.0024	0.0045
CCDC58	200.7444	-1.0139	0.2424	0	0
CCDC59	443.0202	0.1738	0.1753	0.3162	0.4
CCDC6	1248.2343	0.0842	0.1067	0.4286	0.5146
CCDC61	167.9566	-0.2523	0.2625	0.3245	0.4087
CCDC62	1.0847	-0.1534	1.1936	0.7262	NA
CCDC63	0.3418	0.1456	1.2516	0.6419	NA
CCDC64	4.7921	-0.0407	0.9666	0.9471	0.9627
CCDC64B	0.5603	-0.1667	1.2407	0.6273	NA
CCDC65	3.5472	0.472	1.0489	0.4246	0.5106
CCDC66	80.7703	-2.6571	0.4416	0	0
CCDC68	8.0226	-1.0626	0.9339	0.0938	0.1377
CCDC69	39.6913	0.7299	0.5136	0.1159	0.1664
CCDC7	10.3869	-0.5499	0.8025	0.3677	0.4536
CCDC71	251.783	-2.8786	0.2519	0	0
CCDC71L	191.7796	0.6176	0.2442	0.0097	0.0169
CCDC73	23.6159	1.0128	0.6197	0.0573	0.0882
CCDC74A	230.5312	0.9788	0.2261	0	0
CCDC74B	124.6027	1.0741	0.3095	3e-04	7e-04
CCDC77	97.094	-2.8915	0.4071	0	0
CCDC78	6.0146	-0.4267	0.9332	0.4928	0.5771
CCDC79	1.0253	0.3932	1.2303	0.3108	NA
CCDC8	393.483	0.5564	0.1707	0.001	0.0019
CCDC80	964.2799	1.2297	0.1214	0	0
CCDC81	2.8811	-0.6612	1.1331	0.223	0.2961
CCDC82	249.2468	-2.9075	0.2545	0	0
CCDC84	168.3329	-0.4498	0.2631	0.0796	0.1188
CCDC85A	4.6429	0.5677	0.9947	0.3553	0.4411
CCDC85B	1496.5999	1.3811	0.0993	0	0
CCDC85C	1634.6773	-1.5434	0.1053	0	0
CCDC86	2377.1078	0.0945	0.0802	0.2373	0.3123
CCDC87	9.0832	0.4393	0.8328	0.4761	0.5612
CCDC88A	1216.8599	-0.4316	0.1039	0	1e-04
CCDC88B	4.8469	-0.3773	0.976	0.5395	0.6214
CCDC88C	507.0034	-1.8627	0.1654	0	0
CCDC9	382.5165	-1.6963	0.1908	0	0
CCDC90B	401.2434	-0.0071	0.1726	0.9668	0.9755
CCDC91	116.3018	-0.1932	0.3092	0.5175	0.6001
CCDC92	364.2469	0.2104	0.1757	0.2261	0.2997
CCDC93	336.7281	-1.6603	0.207	0	0
CCDC94	237.722	-0.7072	0.2278	0.0016	0.003
CCDC96	143.3295	2.8366	0.3077	0	0
CCDC97	426.4392	-2.1235	0.1907	0	0
CCER2	0.1793	-0.0349	1.2501	0.9113	NA
CCHCR1	325.0362	-0.8258	0.1897	0	0
CCK	0.3418	0.1456	1.2516	0.6419	NA
CCKBR	1.3401	0.5211	1.2208	0.2158	NA
CCL2	6.1114	1.5597	1.0617	0.0145	0.0246
CCL20	35.4827	1.9414	0.5581	1e-04	2e-04
CCL22	0.3329	0.1442	1.2516	0.6449	NA
CCL25	1.0068	0.4502	1.2206	0.2753	NA
CCL26	0.6827	0.2475	1.2453	0.4645	NA
CCL28	1.8686	-0.1799	1.1373	0.7268	0.7886
CCL5	0.1901	-0.0378	1.2501	0.9039	NA
CCM2	724.1681	-0.2812	0.1317	0.0316	0.051
CCM2L	29.7144	-1.8858	0.6251	4e-04	9e-04
CCNA1	0.1835	-0.0366	1.2501	0.9067	NA
CCNA2	3040.714	-0.7126	0.0744	0	0
CCNB1	3287.7342	-1.3389	0.0732	0	0
CCNB1IP1	462.7817	0.7024	0.1574	0	0
CCNB2	1295.169	-0.4029	0.101	1e-04	1e-04
CCNB3	4.2861	-0.2413	0.9851	0.6928	0.7585
CCNC	834.1804	-0.1755	0.1288	0.1705	0.2344
CCND1	20498.7897	0.7499	0.0586	0	0
CCND2	6.8022	1.8628	1.0302	0.0046	0.0083
CCND3	737.9023	-0.5303	0.1347	1e-04	2e-04
CCNDBP1	314.4579	0.4693	0.189	0.0119	0.0204
CCNE1	169.5668	-2.3202	0.2925	0	0
CCNE2	254.5275	-2.2317	0.2354	0	0
CCNF	1158.4369	-1.7848	0.283	0	0
CCNG1	1165.116	-0.3703	0.1089	6e-04	0.0013
CCNG2	249.3907	-1.7431	0.2415	0	0
CCNH	374.8516	0.2951	0.1769	0.0916	0.1348
CCNI	3377.7483	0.3093	0.07	0	0
CCNJ	384.5569	-1.2038	0.1959	0	0
CCNJL	742.5179	-0.5442	0.1332	0	1e-04
CCNK	701.0675	-1.7851	0.1565	0	0
CCNL1	2233.9388	2.8106	0.0887	0	0
CCNL2	1258.0875	-0.4537	0.1062	0	0
CCNO	138.4101	0.2724	0.2848	0.3246	0.4089
CCNT1	869.9053	0.2227	0.1292	0.0829	0.1232
CCNT2	587.2657	0.1933	0.148	0.1881	0.2553
CCNT2-AS1	3.7255	-0.2832	1.0211	0.6366	0.709
CCNY	2547.4161	0.5804	0.0773	0	0
CCNYL1	243.003	-0.2207	0.2357	0.3395	0.4251
CCP110	373.4902	-2.6976	0.204	0	0
CCPG1	774.4816	1.0588	0.1394	0	0
CCR10	164.3688	0.9639	0.2601	1e-04	3e-04
CCR4	0.6835	0.2469	1.2453	0.4657	NA
CCR6	0.9026	-0.0786	1.2173	0.8413	NA
CCRN4L	231.7029	1.1895	0.2319	0	0
CCS	165.415	0.1488	0.2648	0.5645	0.6446
CCSAP	304.2963	-1.2002	0.2002	0	0
CCSER1	0.9908	-0.0621	1.2116	0.8777	NA
CCSER2	267.5134	-0.344	0.2119	0.0989	0.1444
CCT2	5698.2044	0.055	0.0633	0.3846	0.4696
CCT3	12094.3835	0.9583	0.0557	0	0
CCT4	5733.672	0.4824	0.062	0	0
CCT5	12100.8154	0.7756	0.0566	0	0
CCT6A	8876.6909	0.3878	0.0563	0	0
CCT6B	5.3269	-0.9967	1.0457	0.1044	0.1514
CCT6P1	71.7514	0.9071	0.3767	0.0111	0.0191
CCT6P3	57.5898	0.9151	0.4218	0.0203	0.0337
CCT7	11385.488	1.2334	0.054	0	0
CCT8	8554.0986	1.0536	0.0603	0	0
CCZ1	634.9783	0.7771	0.1424	0	0
CCZ1B	1217.9067	1.0423	0.1068	0	0
CD101	5.9718	0.0398	0.9103	0.9489	0.9641
CD109	2456.5815	1.0275	0.0821	0	0
CD14	4.2326	0.2814	1.0389	0.6342	0.7069
CD151	5331.9087	1.017	0.0601	0	0
CD160	0.7391	-0.2028	1.2397	0.5605	NA
CD164	6131.2873	1.0753	0.0609	0	0
CD177	16.7261	0.1005	0.6723	0.8577	0.8949
CD180	0.8733	0.1878	1.2217	0.6281	NA
CD1D	4.7298	1.3012	1.1471	0.0266	0.0434
CD200	117.5653	-0.7469	0.3154	0.014	0.0238
CD200R1	0.1873	-0.0363	1.2501	0.9078	NA
CD207	12.2848	0.6727	0.7802	0.266	0.3449
CD209	0.3797	-0.1048	1.2488	0.7422	NA
CD22	1.415	-0.0065	1.1647	0.9891	0.992
CD24	6566.6232	0.5633	0.0597	0	0
CD244	1.0461	-0.1342	1.1955	0.7574	NA
CD247	0.9497	-0.279	1.2293	0.4606	NA
CD248	11.2241	0.979	0.7952	0.1093	0.1578
CD27	0.7501	-0.2469	1.2281	0.5138	NA
CD27-AS1	27.4312	-0.2073	0.5692	0.6797	0.7472
CD274	0.3797	-0.1048	1.2488	0.7422	NA
CD276	2234.6197	1.2995	0.0841	0	0
CD2AP	1995.538	-0.42	0.0893	0	0
CD2BP2	1264.4672	-0.341	0.1013	7e-04	0.0014
CD300C	0.3338	0.1444	1.2516	0.6445	NA
CD302	270.2707	1.0124	0.2075	0	0
CD320	6184.763	1.507	0.0605	0	0
CD33	3.8662	0.169	1	0.7802	0.832
CD34	1.9872	-0.4264	1.1603	0.3929	0.4781
CD36	5.0491	0.2588	0.9674	0.6741	0.7424
CD37	2.3364	-0.3265	1.0992	0.5559	0.6367
CD3E	0.6824	0.2464	1.2453	0.4664	NA
CD3EAP	1261.0262	0.6323	0.1245	0	0
CD4	1.9044	0.3048	1.1375	0.5566	0.6373
CD40	42.3128	0.5151	0.4802	0.2418	0.3174
CD44	1247.3968	0.7748	0.1042	0	0
CD46	2480.9388	1.0282	0.0787	0	0
CD47	942.3678	0.4669	0.1254	2e-04	4e-04
CD52	5.1288	1.0458	1.0023	0.0955	0.14
CD55	1761.2288	1.263	0.2421	0	0
CD58	84.386	-1.3173	0.3663	2e-04	3e-04
CD59	3109.7523	1.0464	0.0722	0	0
CD63	6566.0337	1.5071	0.0574	0	0
CD68	81.3955	1.5161	0.3734	0	0
CD7	56.6407	1.2832	0.439	0.0016	0.0031
CD72	0.1811	-0.033	1.2501	0.916	NA
CD74	12.4386	0.7657	0.7869	0.2074	0.2781
CD79A	5.2487	0.5435	0.9603	0.3813	0.466
CD79B	2.2063	0.2716	1.1242	0.6089	0.6844
CD81	6941.5593	1.4079	0.0567	0	0
CD81-AS1	8.1032	1.9208	1.0533	0.0035	0.0064
CD82	219.441	0.8489	0.2467	4e-04	9e-04
CD83	466.663	0.7602	0.173	0	0
CD9	4877.8776	1.4307	0.0781	0	0
CD96	0.214	-0.0505	1.2499	0.8722	NA
CD97	196.7632	-0.9548	0.2412	1e-04	1e-04
CD99	5488.3989	1.5185	0.0642	0	0
CD99L2	847.2896	0.6935	0.1251	0	0
CD99P1	48.952	0.6938	0.4459	0.0935	0.1373
CDA	0.3428	0.1459	1.2516	0.6412	NA
CDADC1	32.3805	-1.7999	0.6126	7e-04	0.0013
CDAN1	453.2011	-2.3081	0.1794	0	0
CDC123	1837.5135	0.3202	0.0927	5e-04	0.0011
CDC14A	67.2493	-2.0534	0.4605	0	0
CDC14B	554.2926	0.0985	0.1466	0.4984	0.5824
CDC16	622.9084	-0.9364	0.1434	0	0
CDC20	3748.8123	-1.0674	0.0763	0	0
CDC20B	0.7032	-0.1905	1.2416	0.5785	NA
CDC23	525.4632	-2.9585	0.1788	0	0
CDC25A	1039.5776	-1.0438	0.1291	0	0
CDC25B	2080.5275	-1.5435	0.0875	0	0
CDC25C	140.0759	-1.7135	0.3057	0	0
CDC26	634.3508	1.0596	0.1383	0	0
CDC27	1352.1705	-2.0221	0.1076	0	0
CDC34	1778.5314	-0.2798	0.0889	0.0016	0.003
CDC37	6528.8711	1.2107	0.0605	0	0
CDC37L1	98.2848	-2.5215	0.3813	0	0
CDC40	338.0003	-2.4907	0.2205	0	0
CDC42	6282.9432	1.2616	0.0586	0	0
CDC42BPA	1053.5202	-0.5661	0.1107	0	0
CDC42BPB	5099.6833	0.4251	0.0638	0	0
CDC42BPG	37.9055	0.555	0.498	0.2207	0.2932
CDC42EP1	687.9423	-0.5634	0.1355	0	1e-04
CDC42EP2	517.9523	1.6586	0.1574	0	0
CDC42EP3	1033.6311	0.7467	0.1157	0	0
CDC42EP4	1254.9905	-1.3154	0.3369	0	1e-04
CDC42EP5	138.2052	1.095	0.2959	1e-04	3e-04
CDC42SE1	867.7284	-1.9807	0.1321	0	0
CDC42SE2	519.7876	-1.8798	0.1653	0	0
CDC45	908.2736	0.5104	0.1165	0	0
CDC5L	1212.198	-0.0793	0.1084	0.4625	0.5476
CDC6	1111.8114	-1.3657	0.1121	0	0
CDC7	517.1237	-2.5745	0.176	0	0
CDC73	728.4081	-0.7322	0.1462	0	0
CDCA2	632.5325	-1.6272	0.1522	0	0
CDCA3	1005.6175	-0.0972	0.1137	0.3903	0.4756
CDCA4	839.0999	-2.5944	0.1398	0	0
CDCA5	1113.8018	-1.7116	0.1317	0	0
CDCA7	1471.3615	-2.1925	0.1053	0	0
CDCA7L	7.9722	-0.9142	0.9253	0.1473	0.206
CDCA8	939.4358	-1.9788	0.128	0	0
CDCP1	17.3941	1.4784	0.7718	0.0149	0.0253
CDH1	610.8293	1.1273	0.1528	0	0
CDH11	1.1339	-0.4122	1.2072	0.3398	NA
CDH13	0.6835	0.2469	1.2453	0.4657	NA
CDH15	0.5601	-0.1666	1.2407	0.6275	NA
CDH16	50.0699	0.9548	0.4493	0.0218	0.0359
CDH17	98.8656	1.1377	0.3349	4e-04	8e-04
CDH19	0.6835	0.2469	1.2453	0.4657	NA
CDH2	2017.635	0.842	0.084	0	0
CDH23	37.8753	1.1809	0.5036	0.0097	0.0169
CDH24	2105.1792	1.3635	0.0852	0	0
CDH3	323.6985	1.1145	0.1884	0	0
CDH4	5.6323	1.0229	0.976	0.1048	0.152
CDH5	23.3991	0.8879	0.6048	0.0902	0.1329
CDH6	4.6019	0.0267	0.9772	0.9651	0.9743
CDHR1	71.095	1.0671	0.4259	0.0073	0.0128
CDHR3	15.8479	-0.396	0.6922	0.4875	0.5722
CDHR5	2.6599	0.0177	1.0659	0.9753	0.9813
CDIP1	125.4094	-1.9725	0.3324	0	0
CDIPT	1391.1822	0.2507	0.0984	0.0105	0.0182
CDIPT-AS1	0.6979	-0.0106	1.2307	0.9766	NA
CDK1	2313.5868	0.2134	0.0832	0.0101	0.0175
CDK10	422.2612	-0.498	0.1742	0.0038	0.007
CDK11A	206.152	-0.4055	0.2317	0.0743	0.1118
CDK11B	1082.1811	-0.1292	0.1171	0.2676	0.3466
CDK12	1550.7374	0.6385	0.0947	0	0
CDK13	731.913	-0.4642	0.1364	6e-04	0.0012
CDK14	1.5027	-0.2955	1.1755	0.5313	0.6137
CDK15	0.7215	-0.1979	1.2406	0.5671	NA
CDK16	4833.8653	0.5859	0.062	0	0
CDK17	516.7653	-1.5573	0.1591	0	0
CDK18	113.1892	-2.0151	0.3479	0	0
CDK19	763.8197	-0.4333	0.1313	9e-04	0.0018
CDK2	1852.4789	0.7087	0.0906	0	0
CDK20	7.4338	-1.3641	1.0205	0.0322	0.0518
CDK2AP1	3306.703	1.0338	0.0765	0	0
CDK2AP2	2754.2514	0.8017	0.0753	0	0
CDK3	26.3093	-0.4668	0.5871	0.3633	0.4494
CDK4	10563.9618	1.1795	0.0528	0	0
CDK5	369.4424	1.0933	0.1766	0	0
CDK5R1	81.0804	-0.72	0.3608	0.0362	0.0578
CDK5R2	0.1804	-0.0353	1.2501	0.9101	NA
CDK5RAP1	346.1117	-0.5353	0.1861	0.0036	0.0066
CDK5RAP2	990.6384	-0.5491	0.116	0	0
CDK5RAP3	986.7019	0.743	0.1122	0	0
CDK6	558.6891	1.2576	0.1688	0	0
CDK7	233.3713	-1.8939	0.2383	0	0
CDK8	292.9326	-3.3648	0.2576	0	0
CDK9	829.9491	-0.2251	0.1212	0.062	0.0947
CDKAL1	184.4495	-1.2951	0.2522	0	0
CDKL1	32.0648	-0.9611	0.5631	0.0536	0.0829
CDKL2	4.3553	-1.0402	1.1237	0.0722	0.1088
CDKL3	5.1595	-0.0565	0.9465	0.9271	0.9479
CDKL5	28.3238	-1.2215	0.6265	0.0229	0.0377
CDKN1A	1177.4856	1.1419	0.1121	0	0
CDKN1B	4694.7232	2.3848	0.071	0	0
CDKN1C	12.3095	-0.7461	0.8066	0.2234	0.2965
CDKN2A	180.5758	1.8284	0.2612	0	0
CDKN2AIP	1320.4619	2.3985	0.129	0	0
CDKN2AIPNL	756.4791	0.9102	0.1302	0	0
CDKN2B	5.0236	-0.5436	1.0069	0.3729	0.4578
CDKN2C	661.1873	0.7809	0.1354	0	0
CDKN2D	133.2075	0.2138	0.284	0.4383	0.5239
CDKN3	431.7302	-0.5517	0.1678	9e-04	0.0017
CDNF	1.3974	-0.0171	1.1685	0.9713	0.9784
CDON	132.2895	-0.6212	0.2865	0.0254	0.0416
CDPF1	99.914	-1.106	0.3452	8e-04	0.0016
CDR2	847.2995	0.5628	0.1291	0	0
CDR2L	2368.5364	-0.6664	0.0803	0	0
CDRT1	1.8254	-0.3976	1.1592	0.4251	0.5111
CDRT15P1	1.0905	-0.1542	1.1934	0.7251	NA
CDRT4	4.4434	0.4089	1.2594	0.2093	0.28
CDS1	458.7577	-0.9906	0.1686	0	0
CDS2	722.145	-0.2425	0.1335	0.0675	0.1023
CDSN	0.6754	0.2862	1.2368	0.4299	NA
CDT1	1043.8416	-1.4131	0.1259	0	0
CDV3	3928.28	-0.5043	0.079	0	0
CDX2	9.5009	-0.0021	0.8372	0.9972	0.9983
CDYL	389.7235	-2.2247	0.1911	0	0
CDYL2	5.2919	-0.6176	0.9827	0.3178	0.4018
CEACAM16	1.5306	0.4654	1.1814	0.3273	0.4116
CEACAM19	13.4748	-0.9147	0.766	0.1283	0.1823
CEACAM6	1.025	0.3931	1.2303	0.3109	NA
CEBPA	98.4836	-2.7261	0.3978	0	0
CEBPA-AS1	25.8293	-0.0811	0.6136	0.8782	0.9093
CEBPB	1026.3013	0.9552	0.1107	0	0
CEBPD	1796.3796	1.8559	0.0899	0	0
CEBPG	505.4463	-1.5705	0.1657	0	0
CEBPZ	806.0609	-2.1124	0.145	0	0
CEBPZ-AS1	600.2737	-0.2101	0.1418	0.1357	0.1916
CECR1	86.0435	1.034	0.3488	0.0019	0.0036
CECR2	9.7282	-1.033	0.9076	0.1025	0.149
CECR5	1833.8963	0.7442	0.0869	0	0
CECR5-AS1	10.0285	1.2592	0.929	0.0487	0.076
CECR6	23.5093	-1.7833	0.6775	0.0016	0.0031
CEL	11.5377	-0.3254	0.7685	0.5876	0.6649
CELA3A	2.0485	0.7758	1.2096	0.1001	0.1459
CELA3B	1.3659	0.5301	1.2202	0.2103	NA
CELF1	1753.0365	-0.9612	0.0921	0	0
CELF2	186.1988	0.6331	0.2764	0.0185	0.0308
CELF3	1.9205	0.0332	1.1148	0.9505	0.9651
CELF5	3.3957	-0.5211	1.0745	0.3678	0.4537
CELF6	2.3037	-0.2791	1.1044	0.611	0.686
CELSR1	4753.5104	1.3997	0.0687	0	0
CELSR2	1896.5382	0.7101	0.089	0	0
CELSR3	62.1145	-0.6496	0.4203	0.0986	0.144
CEMP1	59.4369	-1.6644	0.4668	1e-04	2e-04
CEND1	1.2258	0.0391	1.1774	0.9324	NA
CENPA	505.5377	-1.9513	0.1661	0	0
CENPB	2521.0288	1.3974	0.0777	0	0
CENPBD1	67.8491	-0.1438	0.3881	0.6954	0.7608
CENPBD1P1	1409.0991	0.5363	0.0971	0	0
CENPC	118.6714	-3.0981	0.388	0	0
CENPE	612.6709	-3.0053	0.1661	0	0
CENPF	4253.7743	-0.4402	0.0727	0	0
CENPH	599.7161	0.9109	0.1411	0	0
CENPI	199.7451	-2.1923	0.2653	0	0
CENPJ	262.024	-1.7809	0.2352	0	0
CENPK	450.1559	0.0252	0.1608	0.8744	0.9065
CENPL	627.5864	1.6901	0.1446	0	0
CENPM	1041.2366	0.9045	0.1148	0	0
CENPN	810.7595	-0.3288	0.1269	0.0092	0.016
CENPO	900.0377	-1.5903	0.126	0	0
CENPP	126.7607	-0.23	0.3216	0.4577	0.5431
CENPQ	87.7618	-2.6691	0.4122	0	0
CENPT	627.2216	-0.6354	0.1398	0	0
CENPU	506.8049	-0.3815	0.1561	0.0137	0.0232
CENPV	1932.2064	1.2483	0.0855	0	0
CENPW	701.3212	1.0023	0.1342	0	0
CEP104	535.8575	-0.4083	0.1543	0.0076	0.0134
CEP112	67.6894	0.3405	0.3895	0.355	0.4409
CEP120	203.2381	-2.3994	0.2661	0	0
CEP128	88.7892	-1.2294	0.3551	3e-04	6e-04
CEP135	329.4575	-1.7886	0.2021	0	0
CEP152	149.8734	-1.3661	0.2862	0	0
CEP164	292.7589	-1.267	0.2066	0	0
CEP170	800.4748	-1.7656	0.1419	0	0
CEP170B	1325.6328	0.1238	0.1022	0.2237	0.2969
CEP19	105.6768	-0.8235	0.3257	0.0085	0.0149
CEP192	549.5464	-1.8867	0.1701	0	0
CEP250	691.3597	-0.2721	0.1334	0.0401	0.0636
CEP290	242.4521	-0.6209	0.2205	0.0042	0.0076
CEP350	553.4255	-1.3771	0.1517	0	0
CEP41	32.0359	-0.7492	0.5509	0.1262	0.1796
CEP44	85.3259	-3.2311	0.4592	0	0
CEP55	1662.7411	-1.9401	0.1	0	0
CEP57	521.9839	-1.7306	0.1643	0	0
CEP57L1	86.4563	-2.0413	0.3834	0	0
CEP63	259.4018	-0.6226	0.2159	0.0034	0.0062
CEP68	164.9252	-1.4672	0.2843	0	0
CEP70	179.648	0.0203	0.2636	0.9371	0.9556
CEP72	159.0693	-1.3581	0.2723	0	0
CEP76	127.8485	-1.83	0.3307	0	0
CEP78	910.9339	-0.1901	0.1165	0.1012	0.1474
CEP85	422.5503	-2.3418	0.1854	0	0
CEP85L	25.1857	-0.8981	0.6397	0.0989	0.1443
CEP89	192.1894	-0.7735	0.2607	0.0024	0.0044
CEP95	299.951	-0.8011	0.1974	0	1e-04
CEP97	183.9697	-1.4643	0.2803	0	0
CEPT1	243.8796	-1.6296	0.234	0	0
CERCAM	761.8977	1.3606	0.1271	0	0
CERK	2466.607	0.1268	0.0899	0.1574	0.2185
CERKL	8.327	-0.5585	0.8571	0.3687	0.4544
CERS1	710.6226	0.4531	0.1337	6e-04	0.0013
CERS2	2025.1905	-0.5348	0.0939	0	0
CERS3	0.3617	-0.1005	1.2488	0.7522	NA
CERS4	26.4848	0.3925	0.6025	0.4527	0.538
CERS5	357.2138	-0.8567	0.1861	0	0
CERS6	526.3042	0.1939	0.1558	0.2093	0.28
CERS6-AS1	126.6636	0.5029	0.2906	0.0743	0.1117
CES1	3.9628	0.6276	1.0141	0.3036	0.3859
CES1P1	0.1804	-0.0353	1.2501	0.9101	NA
CES2	472.2131	-0.1712	0.1571	0.2715	0.3509
CES3	50.5178	0.7144	0.4427	0.0823	0.1224
CETN2	658.911	1.3507	0.1374	0	0
CETN3	320.0282	0.6529	0.1872	4e-04	8e-04
CETP	0.1992	-0.0428	1.25	0.8914	NA
CFB	63.9387	1.7297	0.4129	0	0
CFD	645.1609	1.1704	0.1389	0	0
CFDP1	1207.8113	1.313	0.1051	0	0
CFH	34.2059	0.4503	0.5307	0.3446	0.4302
CFHR1	0.5314	0.0592	1.2448	0.8568	NA
CFI	1.0352	0.3989	1.23	0.3053	NA
CFL1	30088.2223	1.5185	0.0493	0	0
CFL1P1	0.1799	-0.0351	1.2501	0.9107	NA
CFL2	765.8246	0.4028	0.1268	0.0014	0.0027
CFLAR	481.5772	-0.3875	0.1593	0.0141	0.0239
CFP	0.19	-0.0378	1.2501	0.9039	NA
CFTR	1.0377	0.1151	1.1931	0.7928	NA
CGB2	0.3547	-0.0982	1.2488	0.7578	NA
CGB5	0.5614	0.059	1.2424	0.8599	NA
CGB7	2.9263	-0.1542	1.0516	0.7914	0.8407
CGGBP1	1050.4898	-0.7405	0.1147	0	0
CGN	52.8154	-0.3582	0.4365	0.3782	0.4627
CGNL1	742.8405	-1.3809	0.1552	0	0
CGREF1	4.6672	0.5458	0.9842	0.3758	0.4607
CGRRF1	61.0508	-0.6808	0.418	0.082	0.1221
CHAC1	136.5573	-0.5656	0.2891	0.0437	0.0689
CHAC2	155.893	-0.4902	0.2722	0.0643	0.0978
CHAD	1.8811	0.5853	1.1727	0.2382	0.3132
CHADL	14.5353	0.042	0.7045	0.9419	0.9592
CHAF1A	1020.4654	-3.4565	0.1398	0	0
CHAF1B	828.1539	-0.449	0.1268	4e-04	7e-04
CHAMP1	789.4341	-0.4195	0.1246	7e-04	0.0014
CHCHD1	734.8109	1.0209	0.1292	0	0
CHCHD10	813.2346	0.9559	0.1246	0	0
CHCHD2	7910.0781	1.4649	0.0567	0	0
CHCHD3	1949.3962	0.5608	0.0887	0	0
CHCHD4	263.8348	-1.7696	0.2271	0	0
CHCHD5	107.1045	0.8741	0.3259	0.0053	0.0095
CHCHD6	318.4078	1.1547	0.1919	0	0
CHCHD7	341.5531	-0.1135	0.1858	0.5364	0.6188
CHD1	879.3027	-2.0412	0.1313	0	0
CHD1L	1338.1267	0.8233	0.0999	0	0
CHD2	826.3497	-0.7686	0.1278	0	0
CHD3	12843.7393	1.3162	0.0562	0	0
CHD4	6998.3229	0.6122	0.0571	0	0
CHD6	435.3235	-0.2099	0.1686	0.2084	0.2791
CHD7	846.0865	-0.8152	0.1225	0	0
CHD8	891.8151	-0.7415	0.1334	0	0
CHD9	655.0311	-1.819	0.1508	0	0
CHDC2	0.8469	0.184	1.2232	0.6321	NA
CHDH	272.5338	-1.6617	0.2157	0	0
CHEK1	589.2538	-0.0828	0.1417	0.5563	0.637
CHEK2	267.8453	0.1305	0.2027	0.5134	0.5962
CHERP	1311.0678	-1.5995	0.1074	0	0
CHFR	92.3838	-0.2827	0.3452	0.3923	0.4775
CHGA	1.795	0.5523	1.1704	0.2656	0.3443
CHGB	8.9092	1.0652	0.8645	0.09	0.1327
CHI3L1	6.5485	0.6442	0.9194	0.3034	0.3857
CHIC1	63.4937	-3.0864	0.5539	0	0
CHIC2	80.2111	-1.5634	0.4193	1e-04	1e-04
CHID1	3328.5788	1.5115	0.0712	0	0
CHIT1	0.1812	-0.0357	1.2501	0.9092	NA
CHKA	759.2791	-1.1995	0.1402	0	0
CHKB	289.2495	0.5097	0.2059	0.012	0.0205
CHKB-AS1	23.3968	-0.061	0.6189	0.9088	0.934
CHKB-CPT1B	11.7739	-2.5577	1.2648	2e-04	3e-04
CHM	385.6571	-1.2933	0.1932	0	0
CHML	551.3271	0.3394	0.1586	0.0308	0.0499
CHMP1A	1375.6184	-0.8082	0.1019	0	0
CHMP1B	1089.1311	1.9483	0.1145	0	0
CHMP2A	1322.4899	1.4582	0.1024	0	0
CHMP2B	326.8992	-0.629	0.1943	0.001	0.002
CHMP3	2181.1152	1.0443	0.0825	0	0
CHMP4A	791.2693	1.0332	0.1246	0	0
CHMP4B	2177.9697	1.0824	0.0832	0	0
CHMP4C	80.7893	-0.7382	0.3603	0.0315	0.0509
CHMP5	958.9657	1.0435	0.1169	0	0
CHMP6	293.0595	-1.872	0.2186	0	0
CHMP7	621.0861	-2.1926	0.1532	0	0
CHN1	8.7285	-0.3474	0.8354	0.5731	0.6524
CHN2	4.7398	-0.4472	0.983	0.4667	0.5514
CHODL	2.5266	-0.5943	1.1415	0.2624	0.3408
CHORDC1	1627.2529	-1.5869	0.1059	0	0
CHP1	1265.6682	0.6655	0.1023	0	0
CHP2	0.3418	0.1456	1.2516	0.6419	NA
CHPF	7524.708	1.6484	0.0613	0	0
CHPF2	2960.5467	1.5611	0.0771	0	0
CHPT1	465.2786	1.2046	0.1618	0	0
CHRAC1	755.982	0.0122	0.1335	0.9267	0.9477
CHRD	5.956	0.3516	0.9122	0.5721	0.6515
CHRDL1	0.3418	0.1456	1.2516	0.6419	NA
CHRDL2	0.6877	0.2489	1.245	0.4631	NA
CHRFAM7A	0.3622	0.152	1.2516	0.6277	NA
CHRM4	4.9615	-0.2275	0.958	0.7123	0.7758
CHRNA1	1.0262	0.3936	1.2302	0.3104	NA
CHRNA10	6.2237	-1.3056	1.1148	0.0306	0.0495
CHRNA3	13.3255	0.0206	0.7503	0.9723	0.979
CHRNA5	513.0756	0.9818	0.1616	0	0
CHRNA6	0.5524	-0.1635	1.2413	0.6323	NA
CHRNA7	4.4621	-1.0004	1.1212	0.0829	0.1233
CHRNA9	0.7247	-0.1992	1.2404	0.5652	NA
CHRNB1	11.4472	-1.5669	0.9069	0.0149	0.0252
CHRNB2	1.227	0.4734	1.2234	0.2488	NA
CHRNE	1.5965	-0.0923	1.1361	0.8576	0.8948
CHRNG	2.8987	0.8997	1.153	0.0988	0.1442
CHST1	0.1448	-0.0158	1.2498	0.9597	NA
CHST10	26.1642	-1.5739	0.6294	0.0035	0.0064
CHST11	238.0201	0.7621	0.2221	5e-04	0.001
CHST12	562.7946	0.6297	0.1446	0	0
CHST13	5.7306	0.3961	0.93	0.5243	0.6071
CHST14	2525.8091	1.8483	0.0782	0	0
CHST15	13.2693	-0.4131	0.7443	0.4851	0.5698
CHST2	920.6813	0.4249	0.1263	7e-04	0.0014
CHST3	2901.5174	0.6151	0.0867	0	0
CHST5	2.3003	-0.094	1.0875	0.8664	0.9009
CHST6	55.4784	0.0172	0.4468	0.9669	0.9756
CHST7	199.2032	0.8831	0.2354	1e-04	3e-04
CHST8	0.7661	-0.2136	1.2383	0.5446	NA
CHST9	126.4006	-0.0216	0.3076	0.942	0.9593
CHSY1	736.3777	-1.6324	0.1387	0	0
CHSY3	332.4639	1.7007	0.1924	0	0
CHTF18	1468.0673	0.7494	0.0976	0	0
CHTF8	1343.2055	-1.814	0.1077	0	0
CHTOP	1323.2903	-0.6745	0.1003	0	0
CHUK	626.2862	-1.5904	0.1455	0	0
CHURC1	389.1064	-0.3295	0.1756	0.0577	0.0888
CHURC1-FNTB	128.7074	2.0793	0.3132	0	0
CIAO1	1261.7286	-0.9633	0.1031	0	0
CIAPIN1	966.2197	-0.8755	0.1267	0	0
CIB1	1299.0837	1.1426	0.1023	0	0
CIB2	212.9609	1.4057	0.2355	0	0
CIC	1137.9879	-1.0091	0.1146	0	0
CIDEA	0.6835	0.2469	1.2453	0.4657	NA
CIDEB	19.8128	-0.0209	0.7109	0.9711	0.9784
CIDECP	25.0875	-0.2504	0.5853	0.625	0.6985
CIITA	52.3938	4.1145	0.6353	0	0
CILP	295.0663	1.3977	0.2177	0	0
CILP2	309.2331	1.3805	0.1949	0	0
CINP	502.043	0.9151	0.1536	0	0
CIPC	275.9559	-2.8389	0.2391	0	0
CIR1	98.5126	-1.83	0.3593	0	0
CIRBP	1124.4534	-0.6177	0.1131	0	0
CIRBP-AS1	24.8514	1.184	0.6119	0.025	0.041
CIRH1A	1188.3767	-1.0376	0.1184	0	0
CISD1	485.0869	0.4405	0.1657	0.0073	0.0128
CISD2	686.9484	-0.1004	0.1363	0.4585	0.5439
CISD3	902.8269	0.6977	0.1203	0	0
CISH	51.9328	-2.5231	0.5218	0	0
CISTR	0.6676	0.2404	1.2461	0.4741	NA
CIT	670.8131	-1.0221	0.1415	0	0
CITED1	4.0996	-0.371	1.0035	0.5413	0.6231
CITED2	7614.6904	2.2316	0.0591	0	0
CITED4	284.045	1.0939	0.2044	0	0
CIZ1	3253.8448	0.6946	0.0726	0	0
CKAP2	1012.5574	-2.2428	0.1252	0	0
CKAP2L	408.2348	-1.1019	0.1918	0	0
CKAP4	9552.9158	1.6758	0.0535	0	0
CKAP5	3461.0198	-1.2537	0.0727	0	0
CKB	3990.3998	1.1015	0.0714	0	0
CKLF	588.1455	0.781	0.1422	0	0
CKLF-CMTM1	3.1181	0.3021	1.0507	0.606	0.6814
CKM	38.4053	1.4248	0.508	0.0019	0.0037
CKMT1A	183.8051	0.9167	0.2671	4e-04	9e-04
CKMT1B	158.96	1.3964	0.2692	0	0
CKMT2	1.4433	-0.2826	1.1745	0.5499	0.6312
CKMT2-AS1	31.4935	-1.9791	0.6041	2e-04	3e-04
CKS1B	3142.6747	0.911	0.0752	0	0
CKS2	1180.8197	-1.0286	0.1102	0	0
CLASP1	625.2644	-1.7653	0.1468	0	0
CLASP2	1002.8664	-0.6656	0.1129	0	0
CLASRP	483.189	-1.1796	0.1638	0	0
CLCA2	0.8652	0.2112	1.2115	0.6056	NA
CLCC1	843.1539	-0.0022	0.1325	0.9869	0.9907
CLCF1	136.7383	-1.5035	0.296	0	0
CLCN1	4.3604	-0.6309	1.0154	0.3008	0.3832
CLCN2	178.7818	-1.3624	0.2563	0	0
CLCN3	1008.3926	-0.3263	0.1148	0.0043	0.0078
CLCN4	5.0166	-0.388	0.9693	0.5292	0.6117
CLCN5	295.0819	0.98	0.2215	0	0
CLCN6	136.2154	-2.2955	0.3166	0	0
CLCN7	829.0247	-1.5443	0.1323	0	0
CLCNKB	4.8264	-0.1502	0.9665	0.8069	0.853
CLDN1	1257.1659	-0.0263	0.1016	0.7948	0.8431
CLDN10	2.6811	-0.1935	1.0921	0.7281	0.7897
CLDN11	2.4977	-0.3762	1.0952	0.5011	0.5848
CLDN12	247.9354	-2.561	0.2479	0	0
CLDN14	1.0835	-0.1517	1.1935	0.7292	NA
CLDN15	63.3739	-0.5128	0.3991	0.1727	0.237
CLDN16	91.3124	1.1717	0.3544	5e-04	0.0011
CLDN18	2.9505	-1.0547	1.1706	0.0534	0.0827
CLDN19	34.9332	-0.064	0.525	0.8923	0.9204
CLDN2	2.0798	0.1985	1.1248	0.707	0.7709
CLDN22	0.7242	-0.1989	1.2405	0.5655	NA
CLDN23	20.4186	-0.4924	0.6899	0.3871	0.4723
CLDN24	1.6834	0.7625	1.2022	0.1116	0.1608
CLDN3	474.5243	0.483	0.1586	0.0021	0.004
CLDN4	73.8809	0.3663	0.3753	0.304	0.3863
CLDN5	1.838	-0.691	1.186	0.159	0.2204
CLDN6	4.2569	-0.0454	0.993	0.9405	0.9582
CLDN7	23.2458	0.0855	0.6066	0.8707	0.904
CLDN9	4.4308	0.8757	1.0221	0.1552	0.2159
CLDND1	742.2644	-0.076	0.1401	0.5848	0.6628
CLDND2	3.4167	0.9534	1.11	0.1005	0.1464
CLEC11A	128.3533	1.3446	0.2932	0	0
CLEC16A	1370.2849	0.9039	0.109	0	0
CLEC18B	0.1799	-0.0351	1.2501	0.9107	NA
CLEC2D	29.1477	-0.4804	0.5649	0.336	0.4211
CLEC3B	0.6737	0.284	1.2368	0.4329	NA
CLEC4A	0.549	-0.1618	1.2415	0.6352	NA
CLEC4F	3.0538	-1.1036	1.173	0.0446	0.0703
CLGN	162.6666	1.3167	0.2694	0	0
CLHC1	26.4563	-1.1753	0.6525	0.0331	0.0532
CLIC1	11796.6158	1.238	0.0506	0	0
CLIC2	0.3608	-0.1002	1.2488	0.7529	NA
CLIC3	118.9742	0.8491	0.3005	0.0035	0.0064
CLIC4	4009.1907	0.5051	0.0668	0	0
CLIC5	1594.7738	-0.1074	0.0926	0.2445	0.3205
CLINT1	1472.5285	-0.7833	0.0963	0	0
CLIP1	742.7773	-1.2988	0.1349	0	0
CLIP2	200.6781	-1.1178	0.2523	0	0
CLIP3	13.3517	0.2125	0.7759	0.724	0.7859
CLIP4	291.5502	-0.617	0.2287	0.006	0.0107
CLK1	407.2593	-0.7494	0.1867	0	1e-04
CLK2	308.5927	-2.3154	0.2203	0	0
CLK3	306.2583	-1.2617	0.2012	0	0
CLK4	70.8267	-1.9594	0.42	0	0
CLLU1	0.3418	0.1456	1.2516	0.6419	NA
CLMN	5.9604	0.4768	0.9342	0.4439	0.5295
CLMP	2.9839	0.123	1.0429	0.8341	0.8764
CLN3	384.19	0.583	0.1745	7e-04	0.0014
CLN5	417.8287	0.748	0.1654	0	0
CLN6	3043.6054	0.8519	0.0717	0	0
CLN8	281.4996	-2.0602	0.2227	0	0
CLNS1A	1637.3185	0.7356	0.0937	0	0
CLOCK	370.0565	-2.5263	0.206	0	0
CLP1	733.0102	1.9778	0.133	0	0
CLPB	563.2607	0.4486	0.1509	0.0027	0.0051
CLPP	1673.9521	0.9518	0.0928	0	0
CLPTM1	2912.1456	0.7991	0.0759	0	0
CLPTM1L	6077.3998	1.3855	0.0663	0	0
CLPX	643.802	-1.1117	0.141	0	0
CLSPN	956.4638	-1.3262	0.1229	0	0
CLSTN1	6027.9341	1.3107	0.0607	0	0
CLSTN2	338.7144	1.4743	0.2171	0	0
CLSTN3	339.8934	0.707	0.1854	1e-04	2e-04
CLTA	4236.5797	1.052	0.0669	0	0
CLTB	2912.744	1.3378	0.0792	0	0
CLTC	8836.369	0.2431	0.0567	0	0
CLTCL1	159.8515	-0.1504	0.2618	0.5558	0.6367
CLU	6262.8136	1.5559	0.061	0	0
CLUAP1	282.7049	-2.0834	0.2183	0	0
CLUH	2395.2543	-1.4593	0.0836	0	0
CLUHP3	10.9557	-1.1874	0.862	0.0593	0.091
CLUL1	1.0159	0.454	1.2203	0.2724	NA
CLVS1	0.9704	-0.2871	1.2285	0.4507	NA
CLYBL	25.8039	1.0449	0.5921	0.043	0.0679
CMAHP	0.3797	-0.1048	1.2488	0.7422	NA
CMAS	469.0681	0.4203	0.1589	0.0076	0.0134
CMBL	430.4251	0.4869	0.1624	0.0025	0.0046
CMC1	162.156	0.4713	0.2582	0.0615	0.094
CMC2	507.9517	-0.2245	0.1532	0.1395	0.1961
CMC4	143.9838	0.6476	0.2737	0.015	0.0254
CMIP	746.1739	-2.0239	0.1576	0	0
CMKLR1	287.1048	-1.7321	0.2311	0	0
CMPK1	2076.888	0.5522	0.0866	0	0
CMPK2	4.5686	-0.8673	1.0666	0.1475	0.2062
CMSS1	905.0266	0.8572	0.1191	0	0
CMTM1	17.0293	-0.4259	0.7019	0.4586	0.5439
CMTM3	197.4944	-1.9976	0.257	0	0
CMTM4	872.3167	-0.941	0.1219	0	0
CMTM6	3380.83	1.1288	0.0724	0	0
CMTM7	430.0768	-0.5544	0.1759	0.0014	0.0027
CMTM8	161.5828	-0.9174	0.2727	5e-04	0.0011
CMTR1	517.0301	-0.8461	0.1524	0	0
CMTR2	238.4921	-2.1892	0.2396	0	0
CMYA5	2.9202	0.6193	1.0761	0.2871	0.3684
CNBP	8111.4995	0.7649	0.0588	0	0
CNDP2	1886.5433	0.0803	0.0885	0.3628	0.449
CNEP1R1	148.4494	-3.1962	0.3453	0	0
CNFN	3.7661	0.4083	1.0508	0.4876	0.5723
CNGA1	62.3077	0.5047	0.3984	0.179	0.2447
CNGA4	0.2462	-0.0675	1.2498	0.8298	NA
CNGB1	4.3699	0.4626	0.9986	0.4487	0.5344
CNIH1	1670.5972	0.7033	0.0929	0	0
CNIH2	225.8749	1.2067	0.2503	0	0
CNIH3	6.851	-1.9757	1.1955	0.0018	0.0034
CNIH4	840.0755	0.1126	0.1252	0.3657	0.4517
CNKSR1	142.6471	-1.395	0.2929	0	0
CNKSR3	465.0715	-1.2708	0.1714	0	0
CNN1	222.7396	1.0388	0.2301	0	0
CNN2	8469.9597	0.1702	0.0626	0.0065	0.0115
CNN3	5178.3036	0.5463	0.0619	0	0
CNNM2	437.5742	1.2572	0.1708	0	0
CNNM3	752.1259	-0.4324	0.1321	0.001	0.0019
CNNM4	243.2324	-1.3118	0.2449	0	0
CNOT1	4756.3863	-0.3871	0.0646	0	0
CNOT10	348.8376	-1.846	0.1941	0	0
CNOT11	748.1292	-1.1654	0.1311	0	0
CNOT2	494.1017	-2.6262	0.2005	0	0
CNOT3	1293.6555	-0.6657	0.1011	0	0
CNOT4	198.3765	-2.6505	0.2868	0	0
CNOT6	970.0898	-0.9004	0.1174	0	0
CNOT6L	488.1465	-1.0634	0.1583	0	0
CNOT7	2337.7622	0.7802	0.0842	0	0
CNOT8	456.5094	-1.6449	0.1681	0	0
CNP	3360.7033	0.7855	0.0694	0	0
CNPPD1	426.972	-1.851	0.1766	0	0
CNPY2	2806.8714	1.2804	0.0757	0	0
CNPY3	1933.2137	1.2714	0.0909	0	0
CNPY4	314.056	1.2423	0.1918	0	0
CNST	297.9417	-1.5619	0.2097	0	0
CNTD1	10.5568	1.5094	0.8655	0.0175	0.0293
CNTD2	40.0161	-1.08	0.5008	0.0176	0.0294
CNTF	6.4743	-0.3882	1.2578	0.2338	0.3084
CNTFR	0.6676	0.2404	1.2461	0.4741	NA
CNTLN	208.5339	-0.4011	0.2534	0.1052	0.1525
CNTN2	1.3511	0.616	1.209	0.1724	NA
CNTNAP1	452.1012	1.0049	0.1637	0	0
CNTNAP2	0.5275	0.042	1.2448	0.898	NA
CNTNAP3	6.8878	0.2121	0.8803	0.7327	0.7934
CNTNAP3B	21.112	0.8672	0.643	0.1122	0.1615
CNTNAP5	0.401	-0.1088	1.2489	0.7328	NA
CNTRL	164.1887	-2.6634	0.2992	0	0
CNTROB	447.5388	-1.1166	0.1728	0	0
COA1	740.6821	1.1168	0.1281	0	0
COA3	1020.0486	1.3229	0.1152	0	0
COA4	1125.2444	0.7144	0.1086	0	0
COA5	233.7736	-0.1914	0.2208	0.3778	0.4624
COA6	301.7862	0.4704	0.1945	0.0142	0.0241
COA7	444.9199	-0.0329	0.1659	0.8412	0.8821
COASY	1741.341	0.074	0.0897	0.4082	0.4942
COBL	1.0712	-0.1013	1.1929	0.8171	NA
COBLL1	2745.0251	-1.06	0.0851	0	0
COCH	598.0614	1.3613	0.1428	0	0
COG1	341.3963	-0.646	0.1925	7e-04	0.0013
COG2	331.8399	-1.4554	0.1941	0	0
COG3	168.9683	-1.6095	0.2766	0	0
COG4	1426.6247	0.9014	0.0961	0	0
COG5	501.8878	0.2929	0.1531	0.0537	0.0831
COG6	234.8955	-0.8137	0.2201	2e-04	4e-04
COG7	225.4385	-0.6722	0.2243	0.0023	0.0043
COG8	567.1991	-0.2948	0.1483	0.0451	0.071
COIL	302.116	-1.0875	0.2064	0	0
COL10A1	0.2156	-0.0512	1.2499	0.8702	NA
COL11A1	0.3416	0.1455	1.2516	0.642	NA
COL11A2	41.8986	1.4195	0.5135	0.0022	0.0041
COL12A1	23349.9089	0.9889	0.0592	0	0
COL14A1	2.425	0.3272	1.0824	0.5639	0.6441
COL15A1	3.2725	0.4433	1.0416	0.4553	0.5406
COL16A1	1.2816	-0.4704	1.2018	0.2916	NA
COL17A1	4.4509	0.8942	1.0149	0.1485	0.2075
COL18A1	22822.9793	1.546	0.0463	0	0
COL18A1-AS1	9.4509	1.4864	0.8953	0.0203	0.0336
COL1A1	276.9666	1.2947	0.2185	0	0
COL1A2	3882.3681	1.3345	0.0869	0	0
COL21A1	0.3338	0.1444	1.2516	0.6445	NA
COL23A1	7.4592	0.7208	0.8853	0.2495	0.3263
COL24A1	3.0695	-0.5071	1.0897	0.3721	0.4572
COL25A1	0.6763	0.2866	1.2367	0.4294	NA
COL26A1	5371.929	1.2111	0.0613	0	0
COL27A1	432.1505	0.046	0.1645	0.7777	0.8301
COL2A1	960.7927	1.4224	0.1164	0	0
COL3A1	532.0752	1.3997	0.1874	0	0
COL4A1	13347.0509	1.5094	0.0573	0	0
COL4A2	16057.9232	1.5055	0.0499	0	0
COL4A2-AS2	1.1901	0.3001	1.2064	0.479	NA
COL4A3	0.6673	0.2402	1.2461	0.4742	NA
COL4A3BP	844.4882	-1.8698	0.1332	0	0
COL4A4	9.1551	0.7128	0.8291	0.2486	0.3251
COL4A5	597.1373	1.1062	0.1543	0	0
COL4A6	3.7258	0.4004	1.0418	0.4992	0.5831
COL5A1	19.7813	1.3658	0.6639	0.0143	0.0243
COL5A2	18623.5606	1.3333	0.0511	0	0
COL5A3	78.6325	1.2742	0.3792	4e-04	8e-04
COL6A1	4392.8156	1.5595	0.0691	0	0
COL6A2	2586.7565	1.6576	0.0853	0	0
COL7A1	72.9779	0.0935	0.3709	0.7909	0.8404
COL8A1	17.7341	1.4105	0.7034	0.0147	0.0248
COL8A2	6.9658	1.4755	1.0258	0.0213	0.0352
COL9A1	0.6835	0.2469	1.2453	0.4657	NA
COL9A2	199.4214	1.3724	0.2372	0	0
COL9A3	49.64	1.1269	0.4607	0.008	0.014
COLEC10	1.0248	0.393	1.2303	0.311	NA
COLEC11	8.7108	-0.1152	0.8305	0.8513	0.8904
COLEC12	37.1371	1.1584	0.5404	0.0164	0.0276
COLGALT1	6025.9701	1.193	0.0608	0	0
COLGALT2	19.1607	0.8168	0.6831	0.1494	0.2086
COMMD1	331.9855	1.2783	0.1884	0	0
COMMD10	394.1941	1.0347	0.1741	0	0
COMMD2	821.269	-0.3235	0.1427	0.0224	0.0369
COMMD3	138.9062	0.2403	0.2964	0.4025	0.4884
COMMD4	1883.2282	1.2487	0.0868	0	0
COMMD5	562.293	0.5945	0.1503	1e-04	1e-04
COMMD6	480.6475	1.0642	0.159	0	0
COMMD7	434.385	0.6256	0.1627	1e-04	2e-04
COMMD8	530.1762	0.8762	0.1483	0	0
COMMD9	410.2881	0.4908	0.1671	0.003	0.0056
COMP	37.7106	1.3898	0.5161	0.0028	0.0053
COMT	1677.0356	1.3993	0.0992	0	0
COMTD1	230.5157	0.2625	0.218	0.2206	0.2932
COPA	3840.7763	0.5548	0.067	0	0
COPB1	2964.3192	0.3782	0.0743	0	0
COPB2	3576.8863	0.7846	0.07	0	0
COPE	2945.8053	1.2664	0.0732	0	0
COPG1	2682.9211	0.7006	0.0785	0	0
COPG2	2000.7117	0.9983	0.0889	0	0
COPRS	1140.2	0.8798	0.1068	0	0
COPS2	994.9914	-0.8185	0.1164	0	0
COPS3	1076.1076	-0.574	0.1169	0	0
COPS4	1268.5593	0.6717	0.1054	0	0
COPS5	1070.6956	0.4823	0.1092	0	0
COPS6	4296.0034	1.2727	0.0657	0	0
COPS7A	1419.0466	1.1231	0.0965	0	0
COPS7B	857.8022	-0.5475	0.1219	0	0
COPS8	1097.3651	1.2213	0.1077	0	0
COPZ1	4147.045	0.8976	0.0654	0	0
COPZ2	49.2299	0.8129	0.443	0.0481	0.0752
COQ10A	132.1818	-3.31	0.3674	0	0
COQ10B	439.3524	1.1929	0.1683	0	0
COQ2	1092.2585	0.7691	0.1178	0	0
COQ3	222.8462	0.0662	0.223	0.7625	0.8178
COQ4	513.521	0.9858	0.1514	0	0
COQ5	497.9276	0.1028	0.1532	0.4987	0.5827
COQ6	314.3633	0.6775	0.1972	5e-04	0.001
COQ7	242.491	-0.3248	0.2138	0.1226	0.175
COQ9	833.0382	-0.1241	0.1215	0.3046	0.3869
CORIN	5.7315	0.7099	0.9406	0.2569	0.3345
CORO1A	63.2907	1.0255	0.4199	0.009	0.0157
CORO1B	3157.979	1.2383	0.0787	0	0
CORO1C	4083.4092	0.4973	0.0721	0	0
CORO2A	69.9164	-0.9245	0.3929	0.0126	0.0216
CORO6	46.9716	-1.2734	0.4943	0.0046	0.0084
CORO7	372.6778	0.8284	0.1744	0	0
CORT	6.5943	0.2965	0.935	0.6328	0.7057
COTL1	19977.6663	1.4391	0.0648	0	0
COX10	146.9098	-0.7936	0.2896	0.0047	0.0085
COX10-AS1	30.7779	-1.9371	0.6152	3e-04	6e-04
COX11	928.1249	0.9144	0.1184	0	0
COX14	449.304	1.0879	0.1658	0	0
COX15	961.6656	-0.0056	0.1183	0.9619	0.9721
COX16	1046.2223	1.2922	0.1132	0	0
COX17	258.8293	0.9141	0.2178	0	0
COX18	397.5448	0.1639	0.175	0.3437	0.4294
COX19	314.9464	0.7486	0.1898	1e-04	1e-04
COX20	580.0724	0.4026	0.1442	0.0049	0.0088
COX4I1	5514.349	1.3721	0.0604	0	0
COX5A	2176.7532	1.2506	0.0815	0	0
COX5B	1993.5154	1.3616	0.0872	0	0
COX6A1	3633.95	1.4523	0.0746	0	0
COX6B1	2551.1665	1.4529	0.0791	0	0
COX6B2	0.5229	0.0611	1.2454	0.8513	NA
COX6C	2166.8274	1.1368	0.0857	0	0
COX7A1	6.7436	0.7806	0.9111	0.214	0.2857
COX7A2	2122.6671	1.3137	0.0892	0	0
COX7A2L	1265.2365	0.8135	0.1021	0	0
COX7B	1010.4446	1.05	0.1155	0	0
COX7C	3052.6312	1.1658	0.0722	0	0
COX8A	5070.1486	1.4275	0.063	0	0
CP	436.8949	1.3635	0.1704	0	0
CPA1	15.3678	0.8258	0.713	0.1547	0.2153
CPA2	8.3809	1.3023	0.8959	0.0409	0.0647
CPA3	8.3332	-0.2825	0.8641	0.6487	0.7201
CPA4	149.6525	1.3427	0.2748	0	0
CPA5	1.3975	-0.0168	1.1658	0.972	0.9789
CPAMD8	9.3487	0.9234	0.8568	0.1396	0.1963
CPB1	0.7124	-0.0126	1.2191	0.974	NA
CPB2	0.6676	0.2404	1.2461	0.4741	NA
CPB2-AS1	0.3418	0.1456	1.2516	0.6419	NA
CPD	4917.9366	1.2758	0.0652	0	0
CPE	14.989	1.1501	0.7309	0.0509	0.0792
CPEB1	9.1942	-0.2323	0.827	0.7054	0.7693
CPEB2	15.9465	-0.5616	0.7069	0.3305	0.4152
CPEB3	26.5219	-0.9042	0.5909	0.0795	0.1186
CPEB4	383.8071	-0.5563	0.182	0.002	0.0037
CPED1	6.5946	-0.2562	0.8928	0.6803	0.7476
CPLX1	23.3789	0.5402	0.604	0.3022	0.3845
CPM	4.7408	0.5461	1.0173	0.368	0.4539
CPN1	0.1807	-0.0354	1.2501	0.9098	NA
CPN2	0.9831	-0.35	1.2162	0.3938	NA
CPNE1	1353.8223	0.9198	0.0991	0	0
CPNE2	2132.9553	1.1973	0.0847	0	0
CPNE3	2641.9618	0.8561	0.0831	0	0
CPNE4	0.2225	-0.0546	1.2499	0.8618	NA
CPNE7	306.4371	0.3297	0.1993	0.0933	0.137
CPNE8	223.8882	-0.85	0.2279	1e-04	3e-04
CPOX	889.7582	0.3582	0.117	0.0021	0.004
CPPED1	229.4275	-0.2022	0.2278	0.3657	0.4516
CPQ	411.5725	1.5308	0.1768	0	0
CPS1	229.7607	0.8001	0.2286	4e-04	7e-04
CPSF1	3732.7262	0.8953	0.0703	0	0
CPSF2	1570.3229	-0.4463	0.0927	0	0
CPSF3	1111.256	-0.0966	0.1075	0.367	0.453
CPSF3L	1705.1135	0.6062	0.0916	0	0
CPSF4	365.9417	-3.1971	0.2186	0	0
CPSF4L	0.1844	-0.037	1.2501	0.9058	NA
CPSF6	1874.2204	-0.243	0.0916	0.0078	0.0137
CPSF7	1147.2831	-1.9131	0.1204	0	0
CPT1A	851.9013	-0.3295	0.1238	0.0074	0.0131
CPT1B	80.8687	-0.5273	0.3784	0.1416	0.1988
CPT1C	0.5418	-0.1403	1.2488	0.6615	NA
CPT2	340.6947	-0.8364	0.1859	0	0
CPVL	37.0445	1.6494	0.5376	6e-04	0.0012
CPZ	1.1895	0.3469	1.1944	0.4379	NA
CR1	0.5407	-0.1401	1.2488	0.662	NA
CR2	0.3418	0.1456	1.2516	0.6419	NA
CRABP2	193.7295	1.4948	0.2445	0	0
CRADD	95.7285	0.9277	0.3344	0.0038	0.007
CRAMP1L	372.2143	-1.5093	0.2037	0	0
CRAT	276.2289	0.5916	0.2058	0.0035	0.0064
CRB2	1241.6677	-0.15	0.1078	0.1625	0.2245
CRB3	35.4734	-0.1609	0.5365	0.7377	0.7975
CRBN	143.4585	-1.6402	0.2923	0	0
CRCP	673.2083	0.4781	0.1355	4e-04	8e-04
CREB1	417.4662	-2.7576	0.2109	0	0
CREB3	1302.4041	0.5301	0.1045	0	0
CREB3L1	4.3038	0.0212	0.9782	0.9723	0.979
CREB3L2	2704.3855	0.8881	0.0781	0	0
CREB3L4	49.1997	-0.4961	0.4532	0.237	0.312
CREBBP	1744.2093	-1.6564	0.0944	0	0
CREBL2	293.6197	-0.1806	0.196	0.3502	0.4359
CREBRF	92.2544	1.5584	0.342	0	0
CREBZF	2986.935	2.7753	0.0795	0	0
CREG1	836.3572	1.3653	0.1222	0	0
CRELD1	334.3159	1.3122	0.1978	0	0
CRELD2	2106.3589	1.546	0.0858	0	0
CREM	276.3597	0.0289	0.2018	0.8844	0.9141
CRHR1-IT1	12.2355	-0.3976	0.7889	0.5118	0.5948
CRHR2	0.3608	-0.1002	1.2488	0.7529	NA
CRIM1	8994.2692	1.006	0.1738	0	0
CRIP1	15.626	0.8255	0.722	0.1576	0.2188
CRIP2	2490.4428	0.8473	0.0848	0	0
CRIP3	1.1556	-0.4297	1.2066	0.3227	NA
CRIPAK	46.3993	-1.8271	0.5225	1e-04	2e-04
CRIPT	153.3572	-0.0159	0.2669	0.9513	0.9656
CRISPLD1	9.1744	0.3353	0.8315	0.586	0.6638
CRISPLD2	3.175	0.0584	1.0334	0.9213	0.9436
CRK	2181.9743	0.0153	0.0854	0.8572	0.8947
CRKL	4078.3986	1.4286	0.0722	0	0
CRLF1	41.2462	1.2968	0.5039	0.0045	0.0082
CRLF3	172.4676	-2.2397	0.2809	0	0
CRLS1	798.688	0.1769	0.1255	0.1562	0.217
CRMP1	14.9198	0.2699	0.7179	0.6425	0.7145
CRNDE	296.9106	0.8148	0.1939	0	0
CRNKL1	355.1894	-0.3983	0.1824	0.0271	0.0441
CROCC	481.6944	0.0062	0.1636	0.9694	0.9774
CROCCP2	64.1681	-1.6565	0.429	0	1e-04
CROCCP3	16.5277	-3.0764	1.3892	0	0
CROT	139.3332	-1.1834	0.2877	0	0
CRSP8P	0.1808	-0.0355	1.2501	0.9097	NA
CRTAP	5918.4636	1.3277	0.0618	0	0
CRTC1	118.6428	-1.5185	0.3237	0	0
CRTC2	454.0742	-0.6516	0.1614	0	1e-04
CRTC3	333.3467	-1.5154	0.1934	0	0
CRY1	730.8394	-0.8854	0.1379	0	0
CRY2	86.8021	-2.9123	0.4282	0	0
CRYAB	7.2453	0.7753	0.8976	0.2167	0.2887
CRYBA2	1.5184	-0.0214	1.1773	0.9631	0.9728
CRYBB2P1	49.7775	-0.842	0.4529	0.0445	0.07
CRYBB3	0.7025	-0.0079	1.2304	0.9826	NA
CRYBG3	124.9014	-2.8641	0.3678	0	0
CRYGS	1.2911	-0.4779	1.2007	0.2865	NA
CRYL1	166.8204	0.7124	0.291	0.0115	0.0198
CRYM	16.2306	0.5651	0.6973	0.3239	0.4082
CRYM-AS1	1.5965	-0.0924	1.1361	0.8575	0.8948
CRYZ	1060.2714	0.6813	0.1091	0	0
CRYZL1	257.8433	-0.0312	0.2069	0.8783	0.9093
CS	5441.2942	0.8123	0.0655	0	0
CSAD	26.8432	-0.473	0.5936	0.3606	0.4468
CSDC2	1.4524	-0.5217	1.1988	0.2523	0.3294
CSDE1	13766.2925	0.9068	0.055	0	0
CSE1L	4939.9567	0.4109	0.0621	0	0
CSF1	1536.1988	0.0832	0.1093	0.4443	0.5299
CSF2RA	62.8173	0.286	0.418	0.4653	0.5503
CSF3	0.1804	-0.0353	1.2501	0.9101	NA
CSF3R	26.2504	1.7344	0.6179	0.0011	0.0022
CSGALNACT1	12.0954	-0.6306	0.7705	0.2945	0.3764
CSGALNACT2	148.9825	-1.5185	0.2872	0	0
CSK	1802.952	-1.0268	0.097	0	0
CSMD2	0.1804	-0.0353	1.2501	0.9101	NA
CSNK1A1	2180.1444	-1.4091	0.0862	0	0
CSNK1D	2471.0824	-0.5644	0.0822	0	0
CSNK1E	879.1498	-1.4065	0.1388	0	0
CSNK1G1	335.1809	-2.1418	0.2031	0	0
CSNK1G2	2284.7259	0.5458	0.0804	0	0
CSNK1G2-AS1	15.2714	2.6063	1.2334	1e-04	3e-04
CSNK1G3	328.5002	-1.7499	0.2172	0	0
CSNK2A1	1584.7726	-0.9704	0.0968	0	0
CSNK2A2	255.2244	-0.8781	0.2181	0	1e-04
CSNK2A3	5.7129	-1.1054	1.0336	0.0758	0.1137
CSNK2B	3144.8876	0.9891	0.0728	0	0
CSPG4	106.8749	-0.2121	0.3378	0.5127	0.5956
CSPG5	266.549	1.34	0.212	0	0
CSPP1	211.6928	-2.8843	0.2756	0	0
CSRNP1	362.6437	2.7129	0.2101	0	0
CSRNP2	452.0548	-1.2724	0.1721	0	0
CSRP1	1365.7428	0.6353	0.1029	0	0
CSRP2	467.5163	0.967	0.1646	0	0
CSRP2BP	172.8298	-3.008	0.3193	0	0
CSRP3	1.3882	-0.0173	1.1837	0.9695	0.9774
CST3	4575.0386	1.699	0.0645	0	0
CST7	0.1804	-0.0353	1.2501	0.9101	NA
CSTA	0.179	-0.0347	1.2501	0.9117	NA
CSTB	3833.4749	1.3425	0.0703	0	0
CSTF1	696.121	1.2496	0.1432	0	0
CSTF2	424.508	-0.3094	0.1699	0.0658	0.0999
CSTF2T	1322.8235	1.5531	0.1014	0	0
CSTF3	654.8728	0.316	0.1475	0.0309	0.0499
CSTF3-AS1	2.9586	0.1024	1.0766	0.8566	0.8942
CSTL1	0.3674	-0.1025	1.2488	0.7476	NA
CT45A3	0.7215	-0.1979	1.2406	0.5671	NA
CT62	0.6676	0.2404	1.2461	0.4741	NA
CTAGE1	0.6755	0.2862	1.2368	0.4298	NA
CTAGE15	2.0027	0.7618	1.21	0.1046	0.1517
CTAGE4	1.2911	-0.4779	1.2007	0.2865	NA
CTAGE5	139.0907	-1.0292	0.2939	3e-04	6e-04
CTAGE7P	5.5326	0.6505	0.9413	0.298	0.3802
CTAGE8	3.8827	-1.3121	1.1684	0.0226	0.0372
CTB-118N6.3	1.2733	-0.2202	1.1821	0.6314	NA
CTB-178M22.2	1.5226	0.4615	1.1815	0.3308	0.4155
CTBP1	4274.3894	0.549	0.0641	0	0
CTBP1-AS	72.6357	2.091	0.409	0	0
CTBP1-AS2	305.8273	1.4778	0.2051	0	0
CTBP2	1824.9321	-0.3701	0.0882	0	1e-04
CTBS	208.0402	0.9535	0.2317	0	1e-04
CTC-338M12.4	13.419	0.2029	0.7377	0.7306	0.7916
CTC1	197.3459	-0.2853	0.2507	0.2444	0.3204
CTCF	1733.2374	-0.3529	0.0953	2e-04	4e-04
CTD-2201I18.1	0.1804	-0.0353	1.2501	0.9101	NA
CTD-2297D10.2	0.1804	-0.0353	1.2501	0.9101	NA
CTDNEP1	2606.1306	0.6298	0.0758	0	0
CTDP1	420.4179	-1.4695	0.182	0	0
CTDSP1	1019.3191	-2.6842	0.1364	0	0
CTDSP2	1588.9426	-0.989	0.0958	0	0
CTDSPL	1617.2928	-1.2017	0.1071	0	0
CTDSPL2	822.4016	-0.4073	0.1295	0.0016	0.003
CTF1	116.6402	0.8533	0.3064	0.0039	0.0072
CTGF	11433.6449	2.4535	0.1794	0	0
CTGLF12P	0.1898	-0.0377	1.2501	0.9042	NA
CTH	318.9097	-0.3854	0.189	0.0388	0.0617
CTHRC1	12.5527	0.657	0.7561	0.271	0.3503
CTIF	137.0167	-1.9557	0.3087	0	0
CTNNA1	12256.8185	1.0896	0.0518	0	0
CTNNAL1	2093.663	0.9221	0.085	0	0
CTNNB1	6620.2296	0.4822	0.0569	0	0
CTNNBIP1	434.3896	0.422	0.1629	0.0089	0.0156
CTNNBL1	752.1991	0.3348	0.1331	0.0113	0.0195
CTNND1	4584.0972	-0.3671	0.0642	0	0
CTNND2	0.7223	-0.0167	1.2291	0.9636	NA
CTNS	316.8635	-1.9213	0.2124	0	0
CTPS1	1813.6977	-0.558	0.0932	0	0
CTPS2	302.8691	-0.3522	0.2029	0.0781	0.1168
CTR9	901.0398	-0.8342	0.1236	0	0
CTRL	15.2062	0.0407	0.6969	0.9432	0.9599
CTSA	3135.65	1.3807	0.0763	0	0
CTSB	4272.249	1.4431	0.0682	0	0
CTSC	3294.4445	1.404	0.0714	0	0
CTSD	7235.2921	1.3546	0.0596	0	0
CTSE	401.1091	1.4598	0.1724	0	0
CTSF	649.096	1.5365	0.1547	0	0
CTSH	1156.2227	1.3765	0.1072	0	0
CTSK	7.0537	-1.9609	1.1891	0.002	0.0037
CTSL	1195.5098	1.312	0.1045	0	0
CTSLP2	0.1898	-0.0377	1.2501	0.9042	NA
CTSO	13.6375	0.9589	0.7633	0.1104	0.1594
CTSS	210.7896	1.6092	0.2369	0	0
CTSV	593.4446	1.3412	0.1461	0	0
CTSZ	2530.9287	1.4661	0.0799	0	0
CTTN	4638.8176	1.0354	0.0678	0	0
CTTNBP2	229.3031	-2.3332	0.2569	0	0
CTTNBP2NL	989.8091	1.4686	0.1461	0	0
CTU1	406.6351	0.4326	0.1672	0.009	0.0156
CTU2	670.5639	0.7006	0.1376	0	0
CTXN1	3024.5384	1.3201	0.077	0	0
CUBN	1.3509	0.6159	1.209	0.1725	NA
CUEDC1	757.6026	-0.2383	0.1443	0.0961	0.1407
CUEDC2	1955.7457	1.3691	0.0875	0	0
CUL1	1218.8857	-1.1196	0.1107	0	0
CUL2	587.0833	-1.0852	0.1562	0	0
CUL3	1445.4762	-1.8123	0.1072	0	0
CUL4A	1548.1116	-0.8164	0.0956	0	0
CUL4B	928.1186	0.2596	0.1161	0.0247	0.0405
CUL5	599.142	-1.5981	0.1549	0	0
CUL7	1704.6495	0.5811	0.0915	0	0
CUL9	201.2445	0.2372	0.2445	0.3215	0.4057
CUTA	2820.0079	1.2034	0.075	0	0
CUTC	173.8545	-0.2881	0.2584	0.2535	0.3306
CUX1	1628.8271	0.9833	0.1013	0	0
CWC15	558.1245	-0.2399	0.1502	0.1074	0.1554
CWC22	411.6337	-1.6665	0.1767	0	0
CWC25	497.9946	0.0024	0.159	0.9879	0.9911
CWC27	611.4028	0.5513	0.141	1e-04	2e-04
CWF19L1	468.581	-0.2117	0.1679	0.2027	0.2725
CWF19L2	115.0265	-1.6483	0.3234	0	0
CX3CL1	275.8212	-0.162	0.2079	0.4287	0.5148
CX3CR1	0.3605	-0.1002	1.2488	0.7531	NA
CXADR	2427.0969	0.7081	0.1012	0	0
CXCL1	45.6127	1.6598	0.4822	2e-04	3e-04
CXCL10	0.1904	-0.038	1.2501	0.9034	NA
CXCL14	3.4514	0.3697	1.0295	0.536	0.6184
CXCL16	238.6111	1.7307	0.2217	0	0
CXCL2	4.8844	0.1206	0.9675	0.8443	0.8845
CXCL3	9.1426	0.1694	0.8174	0.7821	0.8336
CXCL5	446.0259	2.0104	0.1748	0	0
CXCR4	25.9009	0.0297	0.5785	0.9533	0.9671
CXCR5	0.8558	0.2131	1.2122	0.6013	NA
CXCR6	1.6156	-0.096	1.1389	0.8511	0.8902
CXorf22	4.4862	0.6363	0.9913	0.3022	0.3845
CXorf23	43.4799	-1.5492	0.5099	8e-04	0.0015
CXorf28	1.757	-0.1391	1.1469	0.7821	0.8337
CXorf30	0.1899	-0.0377	1.2501	0.9041	NA
CXorf38	279.7492	-1.2689	0.212	0	0
CXorf40A	63.8369	-1.0928	0.4303	0.0064	0.0114
CXorf40B	296.8387	-0.0993	0.195	0.6056	0.6811
CXorf56	413.4827	0.0839	0.1661	0.61	0.6853
CXorf57	1.4076	-0.0252	1.1632	0.9583	0.97
CXorf58	0.1796	-0.035	1.2501	0.911	NA
CXXC1	974.5631	-0.2415	0.1167	0.0375	0.0598
CXXC5	671.6251	-2.4719	0.1539	0	0
CYB561	294.1863	-1.1748	0.2073	0	0
CYB561A3	389.9144	-0.3097	0.1744	0.0726	0.1093
CYB561D1	131.1515	-1.7276	0.3101	0	0
CYB561D2	229.5148	0.2944	0.2211	0.1753	0.2401
CYB5A	1227.3487	1.526	0.1087	0	0
CYB5B	1577.303	-0.3422	0.0964	4e-04	7e-04
CYB5D1	645.1203	1.4337	0.1396	0	0
CYB5D2	163.0464	0.2676	0.2629	0.2966	0.3787
CYB5R1	277.1463	-0.3573	0.2117	0.0862	0.1276
CYB5R2	263.8298	0.9218	0.21	0	0
CYB5R3	5339.2453	1.4726	0.0702	0	0
CYB5R4	260.375	0.5302	0.2129	0.0113	0.0195
CYB5RL	87.6612	-0.77	0.3497	0.0212	0.0351
CYBA	5101.8567	1.6271	0.0628	0	0
CYBB	0.6753	0.2861	1.2368	0.43	NA
CYBRD1	42.8735	0.8264	0.4781	0.0593	0.091
CYC1	5336.1074	1.0075	0.067	0	0
CYCS	5224.9444	1.3145	0.0684	0	0
CYCSP52	0.3338	0.1444	1.2516	0.6445	NA
CYFIP1	5018.8674	1.2145	0.0649	0	0
CYFIP2	1809.6754	1.0565	0.0876	0	0
CYGB	291.5467	0.6723	0.2008	7e-04	0.0013
CYHR1	441.4264	-0.3207	0.1613	0.0448	0.0705
CYLD	265.6808	-0.2228	0.2194	0.3017	0.3839
CYP11A1	1.0723	-0.1485	1.1943	0.7339	NA
CYP1A1	238.9354	-1.5631	0.228	0	0
CYP1A2	5.6717	0.9815	0.9938	0.1173	0.1681
CYP1B1	177.9628	-0.3984	0.2626	0.1198	0.1714
CYP1B1-AS1	3.1805	-1.1058	1.1709	0.0449	0.0707
CYP20A1	334.0602	-0.1233	0.184	0.4975	0.5816
CYP21A2	1.0014	0.3838	1.2311	0.3189	NA
CYP26A1	48.0101	-0.794	0.4672	0.0648	0.0986
CYP26B1	11.0556	-0.1526	0.7845	0.8006	0.848
CYP26C1	0.1804	-0.0353	1.2501	0.9101	NA
CYP27A1	31.7184	0.8025	0.5536	0.1027	0.1492
CYP27B1	11.8871	-0.9371	0.7943	0.1249	0.178
CYP27C1	16.8547	-0.3763	0.6931	0.5097	0.5931
CYP2B6	28.3342	0.8388	0.5763	0.0977	0.1427
CYP2C18	54.4995	0.2812	0.4411	0.493	0.5774
CYP2C9	0.1899	-0.0377	1.2501	0.9041	NA
CYP2D6	2.6851	-0.4025	1.1047	0.4665	0.5513
CYP2D7P	6.376	-0.0606	0.9	0.9223	0.9443
CYP2J2	0.7588	-0.2521	1.2276	0.5065	NA
CYP2R1	35.1566	-1.7929	0.5741	4e-04	8e-04
CYP2S1	9.2519	0.259	0.8269	0.6734	0.7419
CYP2U1	124.4829	-0.4269	0.3039	0.1463	0.2046
CYP2W1	17.3175	-0.2128	0.6758	0.7052	0.7691
CYP39A1	5.8306	0.1402	0.9785	0.8187	0.8628
CYP3A5	4.932	-0.6704	0.9898	0.2781	0.3582
CYP46A1	1.2768	-0.4494	1.2039	0.3078	NA
CYP4B1	3.6799	0.2515	1.0559	0.6655	0.7345
CYP4F11	167.0982	-0.0076	0.2544	0.9757	0.9816
CYP4F12	0.1912	-0.0404	1.2501	0.8973	NA
CYP4F2	0.7314	-0.2396	1.2291	0.5232	NA
CYP4F22	0.7215	-0.1979	1.2406	0.5671	NA
CYP4F24P	0.3338	0.1444	1.2516	0.6445	NA
CYP4F3	0.6576	-0.1954	1.2334	0.5902	NA
CYP4V2	137.813	-0.5276	0.2819	0.0541	0.0836
CYP4X1	0.6841	0.2472	1.2452	0.4653	NA
CYP51A1	660.0091	-0.6318	0.1375	0	0
CYP8B1	1.7199	0.3601	1.1554	0.4723	0.5573
CYR61	51306.8963	3.9697	0.1943	0	0
CYS1	4.9987	-0.4047	0.9635	0.5125	0.5954
CYSTM1	795.3345	1.0698	0.1236	0	0
CYTH1	147.4364	-3.3922	0.353	0	0
CYTH2	623.1099	-1.8308	0.1474	0	0
CYTH3	892.7203	-1.6805	0.1341	0	0
CYTL1	0.3306	0.1437	1.2516	0.6462	NA
D2HGDH	163.7966	0.0486	0.2588	0.8474	0.8871
DAAM1	145.4758	-2.1592	0.3054	0	0
DAAM2	1.8731	0.2313	1.16	0.6367	0.7092
DAB1	78.3017	0.7211	0.3591	0.0351	0.0563
DAB2	5.9271	-1.2592	1.1147	0.036	0.0575
DAB2IP	906.0295	-2.5725	0.1351	0	0
DACH1	136.174	-2.1708	0.3155	0	0
DACT1	1.6171	-0.329	1.1664	0.4983	0.5823
DACT2	35.3165	-1.5203	0.5837	0.0029	0.0054
DACT3	18.2545	-1.4442	0.7211	0.0138	0.0234
DAD1	3691.0229	1.5045	0.0711	0	0
DAG1	20508.1206	1.279	0.0499	0	0
DAGLA	176.4877	-2.2206	0.2772	0	0
DAGLB	148.0874	-1.7361	0.2932	0	0
DAK	925.9526	1.3842	0.1181	0	0
DALRD3	450.8198	0.3003	0.1654	0.0667	0.1011
DANCR	1594.8627	1.1986	0.1057	0	0
DAND5	0.1798	-0.0351	1.2501	0.9107	NA
DAO	1.765	0.5188	1.1687	0.295	0.377
DAP	1725.9652	0.6538	0.0898	0	0
DAP3	1579.5803	0.5883	0.0931	0	0
DAPK1	3965.3287	-1.8395	0.0713	0	0
DAPK2	26.457	-1.854	0.6571	8e-04	0.0017
DAPK3	739.3312	-2.2877	0.1487	0	0
DAPP1	1.1107	-0.4041	1.208	0.347	NA
DARS	1523.2126	0.3724	0.0979	1e-04	3e-04
DARS2	1230.6466	1.107	0.1027	0	0
DAW1	3.012	-0.089	1.0495	0.8788	0.9097
DAXX	1220.9231	-0.8682	0.1149	0	0
DAZAP1	8257.712	1.1304	0.0544	0	0
DAZAP2	2519.9544	1.0526	0.0807	0	0
DBF4	597.6974	-1.3371	0.1563	0	0
DBF4B	373.2079	-1.8859	0.1888	0	0
DBI	2292.6732	1.3636	0.0815	0	0
DBIL5P	34.8308	1.4781	0.5348	0.002	0.0038
DBIL5P2	0.3412	0.1454	1.2516	0.6423	NA
DBN1	4690.7371	0.4727	0.0637	0	0
DBNDD1	660.1361	0.326	0.134	0.0143	0.0243
DBNDD2	329.122	0.0761	0.1854	0.6778	0.7458
DBNL	1776.1586	0.7164	0.0897	0	0
DBP	99.4406	-0.1534	0.3337	0.6321	0.705
DBR1	273.6344	-2.5719	0.239	0	0
DBT	222.2646	-1.2335	0.2581	0	0
DCAF10	484.3852	-0.3619	0.1656	0.0273	0.0444
DCAF11	995.11	0.7885	0.1132	0	0
DCAF12	1655.2145	0.1797	0.0909	0.0474	0.0742
DCAF12L1	3.2982	0.4493	1.0373	0.4509	0.5362
DCAF13	1464.7745	0.1904	0.097	0.0489	0.0762
DCAF13P3	7.0302	1.2427	0.973	0.0514	0.0799
DCAF15	443.4295	-2.3069	0.1859	0	0
DCAF16	488.594	-1.797	0.1645	0	0
DCAF17	270.2542	-0.2974	0.2051	0.141	0.198
DCAF4	76.4052	-1.4904	0.4118	1e-04	2e-04
DCAF4L1	13.4382	1.5437	0.8144	0.0131	0.0224
DCAF5	367.8864	-0.5747	0.1903	0.0022	0.0042
DCAF6	1070.9232	0.7151	0.1101	0	0
DCAF7	1738.0241	0.2075	0.0894	0.0199	0.033
DCAF8	773.5676	-0.2385	0.1284	0.0617	0.0943
DCAF8L2	0.3793	-0.1047	1.2488	0.7425	NA
DCAKD	761.316	0.6318	0.1256	0	0
DCBLD1	135.0507	-0.8614	0.2882	0.002	0.0039
DCBLD2	1520.0346	0.1578	0.0982	0.1067	0.1545
DCC	2.9165	-0.0702	1.067	0.9025	0.9289
DCDC1	0.5129	0.059	1.2461	0.8557	NA
DCDC2	1004.3222	-0.4284	0.1153	2e-04	4e-04
DCDC2C	0.1804	-0.0353	1.2501	0.9101	NA
DCDC5	0.1804	-0.0353	1.2501	0.9101	NA
DCHS1	34.083	1.0743	0.5256	0.023	0.0378
DCK	613.3721	-0.9074	0.1441	0	0
DCLK1	1.0847	0.1078	1.2032	0.7975	NA
DCLK2	213.3894	0.9419	0.2314	0	1e-04
DCLRE1A	431.0912	-1.5506	0.1715	0	0
DCLRE1B	377.4853	-0.1219	0.1793	0.4917	0.5762
DCLRE1C	114.6444	-1.1464	0.3228	2e-04	5e-04
DCP1A	356.5539	-2.7898	0.2144	0	0
DCP1B	70.6338	-3.0115	0.4818	0	0
DCP2	1292.6077	-0.5562	0.1143	0	0
DCPS	357.6431	0.8824	0.1851	0	0
DCST1	0.9536	-0.2805	1.2292	0.4587	NA
DCST2	43.728	1.0836	0.5351	0.0237	0.0389
DCT	0.3797	-0.1048	1.2488	0.7422	NA
DCTD	1089.1226	-0.0075	0.108	0.9444	0.9609
DCTN1	4257.4377	0.9165	0.0646	0	0
DCTN1-AS1	0.6676	0.2404	1.2461	0.4741	NA
DCTN2	776.0717	0.4113	0.1282	0.0013	0.0024
DCTN3	815.0034	1.1837	0.1256	0	0
DCTN4	466.9907	-2.0481	0.1764	0	0
DCTN5	885.2788	-1.1466	0.1274	0	0
DCTN6	411.7739	0.2412	0.1676	0.1461	0.2044
DCTPP1	2273.7582	0.8062	0.0935	0	0
DCUN1D1	349.9678	-1.524	0.1981	0	0
DCUN1D2	118.5389	-1.1149	0.3146	2e-04	5e-04
DCUN1D3	614.0054	3.294	0.1575	0	0
DCUN1D4	362.858	-3.3869	0.2249	0	0
DCUN1D5	611.6208	-1.2076	0.1473	0	0
DCXR	1003.9587	1.3729	0.1242	0	0
DDA1	746.8287	0.0916	0.1373	0.5018	0.5854
DDAH1	2596.0424	0.9748	0.0967	0	0
DDAH2	1896.2162	0.8342	0.1009	0	0
DDB1	7105.5149	0.9447	0.0561	0	0
DDB2	159.2418	-0.2641	0.2618	0.301	0.3834
DDC	1.5022	0.1254	1.177	0.7867	0.8367
DDHD1	346.9243	-0.3436	0.1928	0.0709	0.1071
DDHD2	714.7375	0.4867	0.1296	2e-04	3e-04
DDI1	0.1894	-0.0374	1.2501	0.9047	NA
DDI2	214.7282	-0.6861	0.2459	0.0043	0.0079
DDIT3	143.7228	0.5087	0.2738	0.0562	0.0866
DDIT4	1509.866	-0.7853	0.1133	0	0
DDIT4L	0.5414	-0.1402	1.2488	0.6617	NA
DDN	30.4351	-0.5202	0.5711	0.3013	0.3837
DDOST	10003.8219	1.4448	0.0528	0	0
DDR1	3390.1451	1.1271	0.0886	0	0
DDR2	288.6269	-0.4524	0.1987	0.0209	0.0346
DDRGK1	559.0009	0.201	0.1492	0.1744	0.2392
DDT	1343.0695	1.3438	0.1032	0	0
DDTL	144.6112	3.2075	0.3221	0	0
DDX1	3073.666	0.4379	0.0786	0	0
DDX10	605.289	-0.8625	0.1551	0	0
DDX11	806.336	-1.8384	0.1361	0	0
DDX11-AS1	21.8378	-0.1529	0.6156	0.7731	0.8266
DDX11L2	12.5194	0.4988	0.7641	0.405	0.4909
DDX11L9	0.3704	-0.1026	1.2488	0.7474	NA
DDX12P	161.0907	-1.4204	0.2774	0	0
DDX17	3420.9157	-1.6109	0.0728	0	0
DDX18	3134.5652	-0.0252	0.0793	0.7498	0.8077
DDX19A	1377.2517	-0.2783	0.1002	0.0053	0.0095
DDX19B	475.9193	0.409	0.1593	0.0095	0.0166
DDX20	547.0258	0.3851	0.1475	0.0085	0.0149
DDX21	7387.4071	-0.1634	0.0771	0.0338	0.0542
DDX23	2558.4575	-0.0201	0.0764	0.7922	0.8413
DDX24	1818.2516	-0.2233	0.0875	0.0105	0.0181
DDX26B	54.3848	-0.7774	0.4346	0.0547	0.0845
DDX27	996.7407	-0.1283	0.1169	0.2702	0.3494
DDX28	981.9154	2.5928	0.1194	0	0
DDX31	374.7382	-2.0675	0.1925	0	0
DDX39A	2805.089	0.9289	0.0825	0	0
DDX39B	7152.8656	1.0196	0.0572	0	0
DDX3X	8297.8116	-0.9037	0.0572	0	0
DDX4	5.5562	-0.3496	0.9415	0.5731	0.6524
DDX41	2413.1593	1.2703	0.0807	0	0
DDX42	1670.1918	-1.4271	0.094	0	0
DDX46	3636.12	0.8083	0.0783	0	0
DDX47	1159.1789	-0.682	0.1069	0	0
DDX49	1649.9464	1.0638	0.0948	0	0
DDX5	5541.0255	-0.1177	0.0644	0.0672	0.1019
DDX50	752.3563	-0.8653	0.1337	0	0
DDX51	529.1044	-0.0433	0.15	0.7709	0.8249
DDX52	529.1805	-1.9015	0.165	0	0
DDX54	3628.1479	0.639	0.071	0	0
DDX55	339.6161	-1.6052	0.194	0	0
DDX56	1401.2027	-0.906	0.1054	0	0
DDX58	41.4364	-1.6477	0.5198	4e-04	9e-04
DDX59	191.866	-1.8048	0.2573	0	0
DDX6	1685.6704	-1.9528	0.0991	0	0
DDX60	6.2046	0.5557	0.9359	0.373	0.4579
DDX60L	1.2616	-0.2483	1.1829	0.5885	NA
DEAF1	788.6339	0.4987	0.1244	1e-04	1e-04
DEAR	0.6676	0.2404	1.2461	0.4741	NA
DECR1	1182.6411	1.0655	0.116	0	0
DECR2	172.0324	0.4614	0.2534	0.0623	0.0951
DEDD	349.5624	-0.7176	0.1907	1e-04	3e-04
DEDD2	504.8522	-1.3354	0.1635	0	0
DEF6	261.3429	-0.0899	0.2075	0.6598	0.7299
DEF8	1083.0961	0.9458	0.1155	0	0
DEFB1	13.94	1.144	0.7521	0.0556	0.0857
DEGS1	1706.5257	0.6143	0.0938	0	0
DEGS2	0.1918	-0.0388	1.25	0.9015	NA
DEK	6218.6615	-0.1758	0.0597	0.0032	0.0059
DENND1A	945.3257	1.1543	0.1182	0	0
DENND1B	32.5553	-0.4538	0.5712	0.3673	0.4532
DENND1C	3.2344	-0.3573	1.0693	0.5352	0.6176
DENND2A	112.7611	-0.2071	0.3128	0.4926	0.577
DENND2C	1.3108	-0.4864	1.2011	0.2784	NA
DENND2D	22.454	-0.5171	0.6518	0.3475	0.4332
DENND3	174.8014	-1.3807	0.2684	0	0
DENND4A	99.2128	-2.0991	0.3642	0	0
DENND4B	843.4216	-1.6038	0.1377	0	0
DENND4C	377.6507	-1.6527	0.1846	0	0
DENND5A	1662.1175	0.1061	0.097	0.2722	0.3517
DENND5B	410.54	-1.61	0.1866	0	0
DENND5B-AS1	0.6786	0.2446	1.2455	0.4688	NA
DENND6A	362.0372	-1.251	0.1836	0	0
DENND6B	43.8585	0.5903	0.4771	0.1774	0.2428
DENR	1417.9241	-0.8753	0.099	0	0
DEPDC1	1012.2816	-1.3719	0.1169	0	0
DEPDC1B	749.5754	-0.5801	0.1295	0	0
DEPDC4	7.9591	-0.3458	0.8559	0.5768	0.6559
DEPDC5	97.7827	-1.2068	0.3476	3e-04	6e-04
DEPDC7	4.2802	-1.4079	1.1694	0.0161	0.0271
DEPTOR	18.2739	-0.7957	0.6769	0.1579	0.2191
DERA	486.2582	0.2837	0.1586	0.071	0.1072
DERL1	780.4577	-0.1843	0.1268	0.1437	0.2014
DERL2	468.3728	0.6517	0.1657	1e-04	2e-04
DERL3	17.3654	2.1823	0.7526	3e-04	6e-04
DESI1	905.7724	0.0595	0.1181	0.6128	0.6873
DESI2	1236.4361	-0.7737	0.1132	0	0
DET1	84.7445	-0.6283	0.3533	0.0625	0.0954
DEXI	436.1256	0.0481	0.1706	0.7757	0.8288
DFFA	1346.0756	0.0377	0.1024	0.7119	0.7754
DFFB	66.1417	-2.5022	0.4694	0	0
DFNA5	35.9295	0.653	0.5472	0.1804	0.2463
DFNB31	35.4638	-0.2204	0.5294	0.6431	0.7151
DFNB59	11.0843	-0.0167	0.802	0.9782	0.9834
DGAT1	883.07	0.7552	0.1178	0	0
DGAT2	22.1543	0.2108	0.6057	0.6878	0.7542
DGAT2L6	0.3608	-0.1002	1.2488	0.7529	NA
DGCR10	1.7285	0.0864	1.1451	0.864	0.8995
DGCR11	151.335	1.298	0.2748	0	0
DGCR14	313.6608	-1.434	0.1945	0	0
DGCR2	3115.0535	0.1511	0.073	0.038	0.0604
DGCR5	530.9553	-0.7927	0.1549	0	0
DGCR6	13.0483	0.067	0.8352	0.9133	0.9373
DGCR6L	888.0925	1.3295	0.1247	0	0
DGCR8	646.1487	-1.5975	0.1436	0	0
DGCR9	25.593	0.2264	0.5955	0.6625	0.732
DGKA	172.4509	0.1965	0.2546	0.4294	0.5153
DGKB	1.6178	0.1662	1.14	0.7453	0.8041
DGKD	593.0527	-1.5501	0.1502	0	0
DGKE	148.5624	-0.7297	0.292	0.0099	0.0172
DGKH	65.2426	-0.1777	0.4264	0.6557	0.7262
DGKQ	211.1778	-2.278	0.2621	0	0
DGKZ	1183.6221	0.6728	0.105	0	0
DGUOK	830.5164	1.2739	0.1246	0	0
DGUOK-AS1	1.1057	-0.1654	1.1929	0.7069	NA
DHCR24	3073.9918	0.4	0.0754	0	0
DHCR7	760.7405	0.2389	0.1255	0.0555	0.0856
DHDDS	582.7275	-0.6922	0.154	0	0
DHDH	0.8752	-0.0709	1.2189	0.8555	NA
DHFR	6002.1124	0.944	0.0609	0	0
DHFRL1	29.7298	-1.1927	0.63	0.0269	0.0438
DHH	1.8918	0.2723	1.1373	0.5988	0.6751
DHODH	233.582	-0.2737	0.2183	0.2021	0.272
DHPS	833.9113	0.6978	0.1268	0	0
DHRS1	58.6208	0.4903	0.4109	0.2038	0.2736
DHRS11	149.71	-0.0753	0.2718	0.7759	0.8289
DHRS12	26.8146	0.6881	0.5762	0.1743	0.239
DHRS13	492.5495	-0.6297	0.1582	1e-04	1e-04
DHRS2	6.6975	-0.2831	0.8947	0.6489	0.7202
DHRS3	57.4816	-1.1504	0.4302	0.0041	0.0075
DHRS4	775.0183	1.5824	0.1267	0	0
DHRS4-AS1	116.071	-1.8968	0.337	0	0
DHRS4L1	4.5357	-0.1153	0.9995	0.849	0.8885
DHRS4L2	403.7635	0.999	0.1717	0	0
DHRS7	164.8796	0.8699	0.2557	5e-04	0.001
DHRS7B	245.7841	0.045	0.2168	0.8328	0.8753
DHRSX	420.5579	0.4982	0.1726	0.0035	0.0065
DHTKD1	1081.7335	0.132	0.1131	0.241	0.3165
DHX15	4950.3629	0.3189	0.0729	0	0
DHX16	1236.1304	-0.3197	0.1046	0.0022	0.0041
DHX29	864.8731	0.3676	0.1223	0.0025	0.0047
DHX30	2009.3076	-1.4714	0.09	0	0
DHX32	218.3461	-2.6792	0.2638	0	0
DHX33	844.8644	-1.5297	0.1262	0	0
DHX34	735.295	-0.7933	0.1438	0	0
DHX35	164.7412	-2.24	0.2913	0	0
DHX36	796.3173	-1.2377	0.1341	0	0
DHX37	1726.7796	-0.5137	0.094	0	0
DHX38	2259.338	0.8315	0.0803	0	0
DHX40	785.45	0.5397	0.1241	0	0
DHX57	339.0853	-1.161	0.1894	0	0
DHX58	6.8369	-0.1842	0.9003	0.7669	0.8215
DHX8	1070.0936	-0.5915	0.1112	0	0
DHX9	10721.7055	1.0334	0.0537	0	0
DIABLO	757.7628	-0.8552	0.1356	0	0
DIAPH1	3480.3603	-0.2989	0.074	1e-04	1e-04
DIAPH2	189.2156	0.4369	0.2455	0.0689	0.1044
DIAPH3	1315.7925	0.2128	0.1075	0.0468	0.0733
DIAPH3-AS1	0.33	0.1436	1.2516	0.6465	NA
DICER1	1226.3184	-1.7497	0.1202	0	0
DICER1-AS1	2.3779	-0.8599	1.1778	0.097	0.1419
DIDO1	1190.8966	-1.4443	0.1226	0	0
DIEXF	269.9467	-1.9911	0.2367	0	0
DIMT1	567.6789	-0.8878	0.1561	0	0
DIO3	0.5599	-0.1664	1.2408	0.6278	NA
DIP2A	859.244	-0.2046	0.1226	0.0933	0.137
DIP2A-IT1	0.3338	0.1444	1.2516	0.6445	NA
DIP2B	1045.9201	-1.538	0.122	0	0
DIP2C	277.0464	-1.2333	0.2166	0	0
DIRAS1	151.7757	-1.016	0.2737	1e-04	3e-04
DIRAS2	12.7973	-1.0441	0.7854	0.0863	0.1278
DIRAS3	0.19	-0.0378	1.2501	0.9039	NA
DIRC2	388.951	-0.0542	0.1763	0.7558	0.8127
DIS3	744.9097	-1.8792	0.1364	0	0
DIS3L	424.029	-0.5397	0.1655	0.001	0.0019
DIS3L2	382.2067	0.6663	0.1864	3e-04	6e-04
DISC1	5.8853	-1.0392	1.0424	0.092	0.1353
DISP1	89.8067	-1.1699	0.376	0.001	0.002
DISP2	18.9218	0.2193	0.6585	0.6921	0.758
DIXDC1	118.9814	-1.4934	0.3236	0	0
DKC1	3435.3619	0.2046	0.0724	0.0047	0.0084
DKFZP434A062	1.6942	0.7667	1.202	0.1102	0.1591
DKFZP434F142	0.3414	0.1455	1.2516	0.6422	NA
DKFZP434I0714	515.0964	3.3918	0.1736	0	0
DKFZp451B082	1.0014	0.3838	1.2311	0.319	NA
DKFZP586I1420	44.3777	-0.482	0.4644	0.2602	0.3382
DKFZp686L13185	1.0828	-0.3949	1.2097	0.354	NA
DKK1	14.3968	-1.0843	0.7679	0.0722	0.1088
DKK3	30.7862	1.4089	0.5668	0.0049	0.0088
DKK4	0.3418	0.1456	1.2516	0.6419	NA
DKKL1	2.9885	0.5915	1.0699	0.3113	0.3947
DLAT	1498.1229	0.1537	0.0975	0.1136	0.1633
DLC1	6432.7163	1.5027	0.0659	0	0
DLD	2343.9607	0.7629	0.0833	0	0
DLEC1	0.3802	-0.105	1.2488	0.7419	NA
DLEU1	127.5739	-1.6706	0.322	0	0
DLEU2	18.7578	-0.1297	0.6509	0.8135	0.8587
DLEU2L	2.4143	0.324	1.0867	0.5654	0.6454
DLEU7	0.1946	-0.0422	1.2501	0.8927	NA
DLG1	1292.5033	-0.9026	0.1112	0	0
DLG1-AS1	20.1118	2.0084	0.7064	6e-04	0.0011
DLG3	254.745	-2.3408	0.2412	0	0
DLG3-AS1	0.9205	-0.3233	1.2174	0.4256	NA
DLG4	108.4072	-1.3779	0.3251	0	0
DLG5	1734.9211	0.1129	0.0889	0.2027	0.2725
DLG5-AS1	30.6738	2.3025	0.6083	0	0
DLGAP1	8.8226	0.3844	0.8438	0.5339	0.6164
DLGAP1-AS1	24.4162	-0.0113	0.5875	0.9824	0.9869
DLGAP3	10.6528	0.3287	0.7871	0.5872	0.6647
DLGAP4	566.7582	-1.3725	0.152	0	0
DLGAP5	1592.9745	-0.4933	0.0929	0	0
DLK2	14.8717	0.8116	0.7279	0.1665	0.2293
DLL1	2.9038	-0.6866	1.1341	0.2065	0.2771
DLL3	93.2519	0.4566	0.3326	0.1527	0.2128
DLL4	0.3418	0.1456	1.2516	0.6419	NA
DLST	1411.8821	-0.0157	0.0977	0.8721	0.9051
DLX1	238.6803	1.2714	0.2196	0	0
DLX2	699.9701	3.5771	0.1664	0	0
DLX3	10.1268	-1.7754	1.0064	0.0067	0.0118
DLX4	12.6441	-0.1717	0.7495	0.7723	0.826
DLX5	428.1355	0.1646	0.1658	0.3161	0.4
DLX6	201.3552	0.06	0.2327	0.7927	0.8416
DLX6-AS1	29.3646	-1.3719	0.5908	0.0078	0.0137
DMAP1	286.9194	-0.686	0.2171	0.0013	0.0025
DMBX1	0.921	-0.3235	1.2174	0.4253	NA
DMC1	28.1797	1.684	0.5824	0.001	0.0019
DMD	2.8519	-0.6736	1.1343	0.2144	0.286
DMGDH	0.1804	-0.0353	1.2501	0.9101	NA
DMKN	347.7077	1.3811	0.1833	0	0
DMP1	0.6827	0.2466	1.2453	0.4662	NA
DMPK	163.1639	-0.4843	0.2656	0.0613	0.0938
DMRTA1	5.0829	-0.7875	1.0001	0.2033	0.2731
DMRTA2	0.8923	-0.0832	1.2053	0.8415	NA
DMTF1	235.9538	-2.465	0.2579	0	0
DMTN	488.7006	0.6412	0.1612	1e-04	1e-04
DMWD	663.0688	0.0515	0.1457	0.7219	0.7842
DMXL1	278.8902	-0.9307	0.2105	0	0
DMXL2	231.6854	-0.4234	0.2249	0.0552	0.0852
DNA2	386.3126	-1.5477	0.1858	0	0
DNAAF2	453.503	0.6936	0.1588	0	0
DNAAF3	72.1823	-0.4618	0.4182	0.2385	0.3136
DNAH1	31.0425	-0.4057	0.5554	0.4107	0.4968
DNAH10	1.9555	0.0294	1.1285	0.955	0.9682
DNAH11	2.4683	0.0758	1.1015	0.8899	0.9183
DNAH14	37.1123	-0.6616	0.5055	0.1491	0.2082
DNAH17	3.0854	-0.7218	1.1334	0.1868	0.2537
DNAH2	1.3247	0.5967	1.2107	0.1815	NA
DNAH3	5.1579	-0.0973	0.9475	0.8748	0.9069
DNAH5	8.0905	0.1283	0.8437	0.8352	0.8775
DNAH6	0.3352	0.1447	1.2516	0.6437	NA
DNAH7	4.7465	0.1529	1.015	0.7989	0.8467
DNAH9	0.6696	-0.0062	1.2326	0.9861	NA
DNAJA1	6413.3388	-0.3741	0.0605	0	0
DNAJA2	1218.4878	-0.8546	0.1053	0	0
DNAJA3	1021.4545	-2.3515	0.1238	0	0
DNAJA4	0.3645	-0.0993	1.2488	0.7553	NA
DNAJB1	5500.2097	-0.7777	0.065	0	0
DNAJB11	2536.6828	1.151	0.0788	0	0
DNAJB12	640.8504	-0.6438	0.1432	0	0
DNAJB13	17.181	0.6757	0.6772	0.2305	0.3046
DNAJB14	413.7506	-0.5398	0.2095	0.0089	0.0155
DNAJB2	610.1332	-2.6186	0.1585	0	0
DNAJB4	200.1227	-1.9263	0.2546	0	0
DNAJB5	130.8081	-1.7307	0.3104	0	0
DNAJB6	1112.3373	-1.1655	0.111	0	0
DNAJB7	31.0446	2.4997	0.6314	0	0
DNAJB9	265.7228	0.154	0.2102	0.4565	0.5418
DNAJC1	248.3053	0.2769	0.2173	0.1949	0.2635
DNAJC10	3750.7998	1.2496	0.0751	0	0
DNAJC11	1605.1713	0.0534	0.0917	0.5592	0.6399
DNAJC12	0.188	-0.0366	1.2501	0.9068	NA
DNAJC13	1258.3129	0.5596	0.1041	0	0
DNAJC14	548.4006	-1.3334	0.1527	0	0
DNAJC15	373.1885	0.1561	0.1786	0.3768	0.4615
DNAJC16	227.5374	-1.714	0.2373	0	0
DNAJC17	83.3903	-1.249	0.3685	4e-04	7e-04
DNAJC18	64.9562	-1.6605	0.4426	1e-04	1e-04
DNAJC19	322.5857	0.4502	0.1878	0.0152	0.0257
DNAJC2	478.9044	-1.6118	0.1648	0	0
DNAJC21	1003.7722	-0.0214	0.1113	0.8467	0.8866
DNAJC22	37.3994	-0.0229	0.5367	0.962	0.9721
DNAJC24	88.0416	-1.9353	0.3768	0	0
DNAJC25	653.4887	1.6066	0.1382	0	0
DNAJC25-GNG10	7.5094	1.4268	0.9913	0.0264	0.0431
DNAJC27	52.2373	-0.7453	0.4393	0.0681	0.1031
DNAJC27-AS1	0.3703	-0.1026	1.2488	0.7474	NA
DNAJC28	2.2744	-0.8167	1.1773	0.112	0.1612
DNAJC3	1362.5227	0.4174	0.0997	0	1e-04
DNAJC3-AS1	53.6523	0.637	0.4269	0.1101	0.1589
DNAJC30	1072.4218	2.4228	0.1173	0	0
DNAJC4	379.6516	1.0473	0.1743	0	0
DNAJC5	1159.4055	-1.6784	0.1108	0	0
DNAJC6	2.6106	-0.9449	1.1738	0.0753	0.1131
DNAJC7	1365.7813	-0.1512	0.1001	0.1294	0.1837
DNAJC8	3702.8343	1.1252	0.068	0	0
DNAJC9	1471.1046	-0.0632	0.0951	0.505	0.5885
DNAL1	160.5102	-1.0769	0.2682	0	1e-04
DNAL4	62.7312	-3.0431	0.5175	0	0
DNALI1	2.9029	-0.4564	1.0942	0.4174	0.5038
DNASE1	92.3044	0.2635	0.3337	0.4108	0.4968
DNASE1L1	581.8228	1.3379	0.1476	0	0
DNASE1L2	21.131	-0.6605	0.6387	0.2243	0.2976
DNASE2	655.4388	1.1602	0.1373	0	0
DND1	50.7781	-0.1746	0.4383	0.6687	0.7374
DNER	5.44	0.7188	0.9633	0.2494	0.3262
DNHD1	63.4953	0.8149	0.4119	0.035	0.056
DNLZ	349.2104	1.2452	0.2015	0	0
DNM1	54.3518	0.1587	0.4211	0.6874	0.7539
DNM1L	2091.6193	-0.1415	0.0861	0.0993	0.1448
DNM1P35	0.3702	-0.1025	1.2488	0.7475	NA
DNM1P41	0.9116	-0.0775	1.2168	0.8439	NA
DNM2	3747.5016	0.3198	0.0684	0	0
DNM3	90.3954	-0.7015	0.3723	0.0473	0.074
DNM3OS	2.8228	0.4768	1.0685	0.4115	0.4976
DNMBP	430.6493	-1.1018	0.1796	0	0
DNMBP-AS1	0.1894	-0.0374	1.2501	0.9047	NA
DNMT1	6487.8855	0.5532	0.0572	0	0
DNMT3A	359.4517	-0.8545	0.1988	0	0
DNMT3B	268.0041	-1.778	0.219	0	0
DNPEP	986.6159	0.5787	0.1128	0	0
DNPH1	747.2344	1.3935	0.1298	0	0
DNTTIP1	431.1115	-0.5906	0.1672	4e-04	7e-04
DNTTIP2	972.3126	-0.7347	0.1153	0	0
DOC2A	0.5425	-0.1584	1.242	0.6409	NA
DOC2B	60.9026	1.0591	0.4284	0.008	0.0141
DOCK1	3409.3977	0.9465	0.0697	0	0
DOCK10	1.0008	0.3836	1.2311	0.3192	NA
DOCK11	8.4037	0.0633	0.8474	0.9183	0.9411
DOCK2	0.3338	0.1444	1.2516	0.6445	NA
DOCK3	6.8742	0.0588	0.9106	0.9245	0.946
DOCK4	112.7436	-0.8823	0.3468	0.0078	0.0137
DOCK4-AS1	0.3413	0.1454	1.2516	0.6422	NA
DOCK5	486.1852	0.1587	0.1603	0.3176	0.4015
DOCK6	615.0288	1.0893	0.1441	0	0
DOCK7	1620.8558	0.5318	0.0941	0	0
DOCK8	47.2	-0.3975	0.4545	0.3447	0.4302
DOCK9	421.4367	-0.2156	0.168	0.1948	0.2635
DOCK9-AS2	2.4249	0.3074	1.0915	0.5828	0.6613
DOHH	601.4624	0.0995	0.142	0.4804	0.5655
DOK1	121.5252	-0.5254	0.3097	0.0788	0.1178
DOK3	42.3251	-0.3717	0.4816	0.3994	0.4849
DOK4	1091.2075	-0.6376	0.1207	0	0
DOK5	0.6772	0.2449	1.2456	0.4679	NA
DOK6	1.6328	-0.3385	1.166	0.4869	0.5716
DOK7	46.882	-1.3294	0.5159	0.0043	0.0078
DOLK	857.8046	0.5575	0.1189	0	0
DOLPP1	260.3671	-3.6046	0.2753	0	0
DONSON	761.3938	-0.3344	0.1274	0.0083	0.0145
DOPEY1	202.5761	-2.2802	0.2598	0	0
DOPEY2	314.3956	-0.0888	0.1936	0.6418	0.7139
DOT1L	2511.4584	-0.6242	0.0803	0	0
DPAGT1	889.6471	0.9069	0.1195	0	0
DPCD	333.5442	1.0893	0.1864	0	0
DPCR1	10.6796	0.3554	0.7921	0.5581	0.6388
DPEP1	3.522	0.731	1.0792	0.2117	0.2829
DPEP2	0.333	0.1442	1.2516	0.6449	NA
DPF1	53.5462	-0.815	0.4643	0.0568	0.0874
DPF2	558.5636	-2.8828	0.173	0	0
DPH1	319.2705	-1.8956	0.2038	0	0
DPH2	1421.2708	0.2136	0.1009	0.0336	0.054
DPH3	473.088	0.2519	0.1673	0.1284	0.1823
DPH3P1	36.7437	1.2157	0.5142	0.0088	0.0154
DPH5	256.3758	-1.1934	0.2216	0	0
DPH6	80.0416	-0.2191	0.3631	0.5265	0.6091
DPH6-AS1	2.1579	-0.2601	1.1231	0.6246	0.6981
DPH7	400.5678	-0.6396	0.1706	2e-04	3e-04
DPM1	766.5666	0.1559	0.1421	0.2689	0.3479
DPM2	434.9384	-0.4547	0.1632	0.0049	0.0089
DPM3	513.3354	1.2497	0.1632	0	0
DPP10	0.3338	0.1444	1.2516	0.6445	NA
DPP3	1805.2458	1.299	0.0916	0	0
DPP4	117.7847	1.5291	0.3096	0	0
DPP7	774.6188	1.3548	0.1261	0	0
DPP8	571.47	-0.5235	0.1452	3e-04	6e-04
DPP9	1872.9983	0.6632	0.0888	0	0
DPPA2	28.8593	0.2459	0.5532	0.6171	0.6913
DPRXP4	1.3675	0.6146	1.2098	0.1722	NA
DPY19L1	1805.0961	0.9992	0.0882	0	0
DPY19L1P1	5.6563	-0.0647	0.9308	0.9168	0.9397
DPY19L2	12.1251	0.4801	0.7809	0.4268	0.5128
DPY19L2P2	44.1416	-1.9955	0.5345	0	1e-04
DPY19L2P3	7.1922	0.3306	0.8862	0.5951	0.6716
DPY19L3	578.8566	0.5203	0.146	3e-04	7e-04
DPY19L4	775.6594	0.7203	0.1338	0	0
DPY30	671.9161	0.904	0.1353	0	0
DPYD	2113.0243	0.8248	0.0832	0	0
DPYD-AS2	0.3383	0.1444	1.2516	0.6444	NA
DPYSL2	1656.2473	0.1771	0.0996	0.0744	0.1118
DPYSL3	23.1318	0.7932	0.6176	0.1356	0.1915
DPYSL4	16.0758	-0.2265	0.7004	0.6931	0.7587
DPYSL5	28.3401	0.3857	0.5669	0.4411	0.5266
DQX1	4.1335	-0.3894	0.9999	0.5224	0.6051
DR1	4097.5233	1.2742	0.0744	0	0
DRAM1	710.8362	-0.493	0.1509	0.001	0.0019
DRAM2	357.9386	0.466	0.1807	0.0091	0.0158
DRAP1	3638.9129	1.6157	0.0715	0	0
DRAXIN	2.2715	0.1166	1.1169	0.8273	0.8704
DRD4	5.9682	0.1774	0.9078	0.7752	0.8283
DRG1	1030.0699	-0.106	0.1127	0.345	0.4305
DRG2	448.8154	0.3469	0.1608	0.0294	0.0477
DROSHA	1084.0263	-0.3571	0.1128	0.0015	0.0028
DRP2	5.2835	0.066	0.9899	0.9135	0.9373
DSC2	10.3336	1.0141	0.8285	0.1022	0.1486
DSC3	26.2327	1.1336	0.5889	0.0275	0.0448
DSCAML1	224.5163	0.3414	0.2222	0.1177	0.1686
DSCC1	340.4981	-1.0111	0.1902	0	0
DSCR3	352.2526	-1.6578	0.1918	0	0
DSCR9	3.4486	0.6125	1.0521	0.3028	0.3851
DSE	755.5586	0.5967	0.1284	0	0
DSEL	134.5536	0.7221	0.2848	0.009	0.0157
DSERG1	0.1797	-0.035	1.2501	0.9109	NA
DSG2	647.2666	0.9436	0.1353	0	0
DSN1	226.7522	-3.0969	0.2824	0	0
DSP	2313.0286	0.4197	0.0927	0	0
DST	180.5471	-0.5447	0.2511	0.0265	0.0432
DSTN	9681.4823	1.3076	0.0662	0	0
DSTNP2	97.9711	-0.2086	0.3245	0.5041	0.5876
DSTYK	228.8611	-3.5447	0.3024	0	0
DTD1	1188.8594	1.1023	0.1079	0	0
DTD2	267.5144	-0.3775	0.223	0.0848	0.1258
DTL	906.1267	-1.0856	0.1482	0	0
DTNB	140.3095	0.4974	0.2936	0.0804	0.1198
DTNBP1	111.8161	-1.3956	0.3235	0	0
DTWD1	109.2285	-2.6341	0.3776	0	0
DTWD2	131.891	-1.3776	0.3005	0	0
DTX1	2.0221	-0.4525	1.1539	0.3731	0.4579
DTX2	134.3251	-2.5287	0.3483	0	0
DTX2P1-UPK3BP1-PMS2P11	15.0319	-1.1299	0.7719	0.0617	0.0944
DTX3	189.8109	-0.0965	0.2385	0.6795	0.7472
DTX3L	322.3171	-2.3273	0.2165	0	0
DTX4	554.1543	-0.8309	0.149	0	0
DTYMK	2765.2824	1.0112	0.0776	0	0
DUOX1	2.0913	0.2184	1.0995	0.692	0.7579
DUPD1	0.3798	-0.1048	1.2488	0.7421	NA
DUS1L	3928.2614	1.0213	0.0774	0	0
DUS2	123.1297	-1.5677	0.3168	0	0
DUS3L	875.9987	-0.0511	0.1219	0.6735	0.742
DUS4L	86.4685	-1.1386	0.3701	0.0012	0.0023
DUSP1	1458.3713	1.7844	0.1201	0	0
DUSP10	1.6602	-0.6282	1.19	0.1896	0.2572
DUSP11	184.4896	-2.9488	0.3008	0	0
DUSP12	349.5354	-0.3878	0.1826	0.0316	0.0509
DUSP13	6.5626	1.0777	0.9377	0.0894	0.1319
DUSP14	387.1107	0.3302	0.175	0.0564	0.0868
DUSP15	3.2923	0.4067	1.0699	0.4812	0.5662
DUSP16	669.1808	0.4801	0.1351	3e-04	7e-04
DUSP18	22.6521	-1.8473	0.7124	0.0016	0.003
DUSP19	22.7876	-1.0727	0.64	0.0488	0.0762
DUSP2	25.1286	-0.6873	0.597	0.1857	0.2526
DUSP22	260.827	0.2752	0.2114	0.1859	0.2528
DUSP23	19.3046	0.9896	0.6693	0.0772	0.1155
DUSP26	8.6726	0.0249	0.8294	0.9677	0.9762
DUSP27	0.3418	0.1456	1.2516	0.6419	NA
DUSP28	166.4397	1.5257	0.2699	0	0
DUSP3	606.4629	-1.7094	0.151	0	0
DUSP4	808.6223	1.2143	0.1235	0	0
DUSP5	3149.9971	2.5321	0.2053	0	0
DUSP5P1	0.7604	-0.2113	1.2386	0.5479	NA
DUSP6	5159.999	1.2385	0.0644	0	0
DUSP7	708.2767	-0.5472	0.1314	0	1e-04
DUSP8	29.6307	-1.1812	0.574	0.0193	0.0321
DUSP9	601.6874	1.0927	0.1493	0	0
DUT	2862.6981	1.1307	0.078	0	0
DUX4L2	0.3444	0.1464	1.2516	0.6401	NA
DVL1	1134.0523	-1.4731	0.115	0	0
DVL2	784.9643	-1.8724	0.1433	0	0
DVL3	2033.122	-0.3652	0.0844	0	0
DXO	391.1538	0.7454	0.1944	1e-04	2e-04
DYDC2	0.6676	0.2404	1.2461	0.4741	NA
DYM	1104.0587	0.4908	0.1067	0	0
DYNC1H1	5820.7289	0.4177	0.0738	0	0
DYNC1I1	89.9809	-0.1643	0.3439	0.6179	0.692
DYNC1I2	1053.0621	0.8206	0.1113	0	0
DYNC1LI1	522.8936	-1.5858	0.1577	0	0
DYNC1LI2	1131.5232	-0.9363	0.1167	0	0
DYNC2H1	296.0031	-0.2461	0.1987	0.209	0.2798
DYNC2LI1	78.4548	-0.0413	0.3649	0.9055	0.9312
DYNLL1	4756.4021	0.8258	0.066	0	0
DYNLL1-AS1	253.5282	0.3492	0.2132	0.0959	0.1404
DYNLL2	836.6214	-1.4384	0.1426	0	0
DYNLRB1	1501.5274	0.892	0.095	0	0
DYNLT1	658.8794	0.788	0.1394	0	0
DYNLT3	67.9938	0.7507	0.3843	0.039	0.062
DYRK1A	2561.4206	1.7838	0.0847	0	0
DYRK1B	25.3106	-1.4418	0.6371	0.008	0.014
DYRK2	1903.6643	1.6135	0.0878	0	0
DYRK3	64.4381	-3.4834	0.584	0	0
DYRK4	118.0416	0.2118	0.2969	0.4613	0.5465
DYSF	0.5237	0.0613	1.2454	0.851	NA
DYX1C1	21.4117	-0.1963	0.6442	0.7193	0.7818
DZANK1	10.9264	-1.3644	0.8927	0.0324	0.0521
DZIP1	516.6489	-0.8845	0.1539	0	0
DZIP1L	111.856	-1.2996	0.322	0	1e-04
DZIP3	202.3976	-0.6388	0.2407	0.0067	0.0119
E2F1	979.9195	-0.3003	0.1133	0.0078	0.0137
E2F2	330.8204	-2.2838	0.2098	0	0
E2F3	791.9141	-0.1802	0.1402	0.1956	0.2644
E2F4	1355.9636	-1.2245	0.1079	0	0
E2F5	383.204	-2.5959	0.2016	0	0
E2F6	544.5862	0.6502	0.1567	0	1e-04
E2F7	422.9261	-2.8689	0.2075	0	0
E2F8	453.5041	-2.3017	0.1821	0	0
E4F1	380.4514	-1.7485	0.1839	0	0
EAF1	545.7791	0.4345	0.1593	0.0059	0.0105
EAF2	9.8708	-1.5529	0.946	0.0164	0.0276
EAPP	156.4392	-0.9242	0.2889	0.001	0.0019
EARS2	796.5943	-0.3077	0.1338	0.0207	0.0342
EBAG9	249.3545	-0.5539	0.2124	0.008	0.0141
EBF1	1.2502	-0.4563	1.2028	0.3032	NA
EBF2	0.1804	-0.0353	1.2501	0.9101	NA
EBF3	0.1801	-0.0352	1.2501	0.9104	NA
EBF4	46.6375	1.5516	0.4676	3e-04	6e-04
EBI3	45.2071	1.2223	0.474	0.0049	0.0089
EBLN2	53.9342	3.7802	0.5657	0	0
EBNA1BP2	5497.6004	1.1953	0.077	0	0
EBP	596.2521	0.5196	0.1415	2e-04	5e-04
EBPL	869.5017	1.0164	0.1191	0	0
ECD	440.9243	-0.4707	0.1642	0.0038	0.0069
ECE1	5390.4407	1.1154	0.0601	0	0
ECE2	507.7717	0.7503	0.1642	0	0
ECEL1	24.0934	1.2951	0.6552	0.0192	0.032
ECH1	2063.1051	1.3783	0.0851	0	0
ECHDC1	1360.4075	0.3572	0.1028	5e-04	0.001
ECHDC2	430.0318	0.8107	0.1698	0	0
ECHDC3	235.5911	0.3733	0.219	0.0828	0.1231
ECHS1	2614.9253	0.9639	0.0779	0	0
ECI1	1837.617	1.044	0.0912	0	0
ECI2	459.9431	0.7875	0.1579	0	0
ECM1	17.2714	0.8553	0.6951	0.1351	0.1908
ECM2	1.424	0.5539	1.2191	0.1957	0.2644
ECSCR	29.3435	1.0909	0.5571	0.0272	0.0443
ECSCR-2	85.2013	1.2259	0.3565	3e-04	6e-04
ECSIT	875.582	0.6001	0.1268	0	0
ECT2	3051.956	-1.614	0.0804	0	0
ECT2L	2.5081	-0.3793	1.0949	0.4978	0.5818
EDA	15.22	0.7833	0.7371	0.1844	0.251
EDA2R	1.3632	-0.5011	1.1994	0.2683	NA
EDAR	0.38	-0.1049	1.2488	0.742	NA
EDARADD	2.126	-0.0238	1.0987	0.9655	0.9745
EDC3	628.4008	-1.6866	0.1556	0	0
EDC4	1541.419	-0.3543	0.0938	2e-04	3e-04
EDEM1	900.4421	0.2958	0.1179	0.0117	0.0201
EDEM2	919.844	1.3245	0.1254	0	0
EDEM3	795.4292	-0.2607	0.1252	0.0364	0.058
EDF1	3485.0406	1.3065	0.0761	0	0
EDN1	3119.6869	2.7329	0.0973	0	0
EDN2	91.8542	-2.4721	0.3961	0	0
EDNRA	9.8778	-0.9194	0.8415	0.1396	0.1962
EDNRB-AS1	0.1906	-0.0381	1.2501	0.9031	NA
EDRF1	250.8359	-2.7925	0.2592	0	0
EEA1	326.9979	-1.5072	0.2088	0	0
EED	295.4903	-3.5759	0.2591	0	0
EEF1A1	297861.5472	1.4863	0.0447	0	0
EEF1A2	134.2788	1.207	0.3018	0	1e-04
EEF1B2	7138.7917	1.2645	0.0631	0	0
EEF1D	8067.3242	1.2845	0.0553	0	0
EEF1E1	567.0522	-0.2251	0.1456	0.1191	0.1705
EEF1G	26030.5845	1.3765	0.0459	0	0
EEF2	36400.0509	0.9425	0.0445	0	0
EEF2K	822.0647	-0.5649	0.1252	0	0
EEFSEC	269.4327	-0.565	0.208	0.0058	0.0104
EEPD1	64.3703	-2.4087	0.4647	0	0
EFCAB10	12.0547	0.4204	0.7524	0.4797	0.5648
EFCAB11	107.0804	-0.4127	0.3213	0.1822	0.2484
EFCAB12	0.1936	-0.0398	1.25	0.8989	NA
EFCAB13	5.7036	-0.1876	0.9437	0.7618	0.8174
EFCAB14	1080.9064	-0.8271	0.1111	0	0
EFCAB14-AS1	0.3338	0.1444	1.2516	0.6445	NA
EFCAB2	122.8769	0.7064	0.2948	0.0134	0.0228
EFCAB4A	120.1204	0.2096	0.2955	0.4641	0.5492
EFCAB4B	2.9734	0.7724	1.0891	0.1843	0.2509
EFCAB5	0.9124	-0.3149	1.2191	0.4332	NA
EFCAB6	2.6525	-0.3702	1.1047	0.502	0.5857
EFCAB7	41.2925	-1.8213	0.567	3e-04	6e-04
EFCC1	0.6676	0.2404	1.2461	0.4741	NA
EFEMP2	1.2519	-0.2133	1.1854	0.6381	NA
EFHB	0.6149	0.2155	1.2488	0.5089	NA
EFHC1	224.0284	0.2212	0.2271	0.3212	0.4053
EFHC2	5.4567	-0.2253	0.9454	0.7157	0.779
EFHD1	3211.1217	0.7466	0.0824	0	0
EFHD2	1897.1533	0.4969	0.0892	0	0
EFNA1	51.7987	-0.6707	0.4485	0.1067	0.1545
EFNA2	67.1143	-0.7252	0.3993	0.0539	0.0833
EFNA3	17.4396	-0.8975	0.6926	0.1161	0.1666
EFNA4	91.879	-1.8589	0.3655	0	0
EFNA5	570.5225	-1.1734	0.1476	0	0
EFNB1	353.0751	0.0954	0.1815	0.5949	0.6716
EFNB2	79.4717	0.7193	0.3619	0.0369	0.0589
EFNB3	334.6237	0.6171	0.1879	9e-04	0.0017
EFR3A	1069.635	-0.3086	0.1091	0.0045	0.0082
EFR3B	129.6811	-2.4832	0.3329	0	0
EFTUD1	292.6673	-0.3141	0.1971	0.1061	0.1537
EFTUD2	4919.6569	0.7464	0.062	0	0
EGF	2.6802	0.2163	1.1264	0.6815	0.7485
EGFEM1P	0.6835	0.2469	1.2453	0.4657	NA
EGFL6	6.9663	0.3818	0.8895	0.5397	0.6214
EGFL7	615.3052	1.5409	0.1415	0	0
EGFL8	28.1309	-0.3047	1.1326	0.5606	0.6413
EGFLAM	51.6318	-1.8571	0.4785	0	1e-04
EGFR	501.542	-0.3375	0.1662	0.0402	0.0637
EGLN1	1113.6118	0.1497	0.1115	0.1777	0.2432
EGLN2	949.5795	-2.467	0.1291	0	0
EGLN3	1.5517	-0.2404	1.1655	0.6186	0.6927
EGOT	1.2085	0.3478	1.1933	0.4384	NA
EGR1	92.2742	0.8736	0.3371	0.0069	0.0121
EGR2	25.5424	1.868	0.6381	6e-04	0.0012
EGR3	5.7158	0.5665	0.9389	0.3638	0.4498
EHBP1	502.65	-1.4626	0.1656	0	0
EHBP1L1	2843.8859	1.047	0.0778	0	0
EHD1	2627.2578	0.5236	0.0815	0	0
EHD2	767.8293	-0.0185	0.1255	0.8821	0.9122
EHD3	83.9211	-0.1173	0.3609	0.7331	0.7937
EHD4	1758.2698	0.09	0.1007	0.3698	0.4554
EHF	309.7164	-0.7394	0.1993	2e-04	3e-04
EHHADH	2.7729	-1.0019	1.1717	0.0632	0.0963
EHMT1	1300.7902	-1.0486	0.1082	0	0
EHMT1-IT1	1.864	0.5931	1.1705	0.235	0.3098
EHMT2	1035.0526	-0.3963	0.1108	3e-04	7e-04
EI24	4666.6817	1.1116	0.067	0	0
EID1	5403.049	1.5116	0.0633	0	0
EID2	1282.9557	2.228	0.1111	0	0
EID2B	351.6303	3.0826	0.2138	0	0
EID3	32.3119	3.4678	0.7363	0	0
EIF1	5395.3483	0.8287	0.0629	0	0
EIF1AD	619.5449	0.1892	0.1391	0.1706	0.2345
EIF1AX	5818.3196	0.1593	0.0656	0.015	0.0254
EIF1B	366.3116	-1.1279	0.1942	0	0
EIF2A	908.8306	0.027	0.1211	0.8229	0.8667
EIF2AK1	3023.5425	0.7356	0.0723	0	0
EIF2AK2	665.2993	-0.4239	0.1396	0.0022	0.0042
EIF2AK3	199.6394	-1.7111	0.2555	0	0
EIF2AK4	1575.3124	0.3754	0.0939	1e-04	1e-04
EIF2B1	1088.8943	0.7212	0.1151	0	0
EIF2B2	689.3097	0.2679	0.1332	0.0429	0.0678
EIF2B3	429.0614	0.342	0.1646	0.0359	0.0573
EIF2B4	492.8628	-1.0016	0.1665	0	0
EIF2B5	726.8725	-0.9552	0.1375	0	0
EIF2D	1035.3555	1.0548	0.1156	0	0
EIF2S1	1954.9277	-0.2332	0.0864	0.0068	0.012
EIF2S2	2647.4036	0.1005	0.0806	0.2111	0.2822
EIF2S3	6052.0409	0.3857	0.0618	0	0
EIF3A	5310.3119	-0.6152	0.0619	0	0
EIF3B	7940.9806	0.4734	0.0609	0	0
EIF3C	8095.0711	0.9998	0.1516	0	0
EIF3CL	11340.9243	1.2921	0.0553	0	0
EIF3D	3265.3871	0.4537	0.0717	0	0
EIF3E	3227.7931	-0.126	0.0842	0.1336	0.1889
EIF3F	3192.2529	0.9466	0.0728	0	0
EIF3G	2396.3891	0.2538	0.0844	0.0026	0.0048
EIF3H	2762.3868	1.0719	0.0829	0	0
EIF3I	6771.7253	1.3016	0.0612	0	0
EIF3J	1529.375	-0.7903	0.1017	0	0
EIF3J-AS1	129.9862	1.4472	0.3018	0	0
EIF3K	2752.4082	1.2827	0.0748	0	0
EIF3L	4890.1859	0.8906	0.0624	0	0
EIF3M	1347.4321	-0.5472	0.1021	0	0
EIF4A1	23903.7205	0.6506	0.0531	0	0
EIF4A2	6353.0969	0.7136	0.0633	0	0
EIF4A3	2754.94	0.1309	0.0749	0.08	0.1193
EIF4B	5517.586	-0.2885	0.065	0	0
EIF4E	1522.6418	-0.8891	0.0962	0	0
EIF4E2	1277.7888	0.4645	0.1151	1e-04	1e-04
EIF4E3	24.3267	0.1127	0.5938	0.8276	0.8706
EIF4EBP1	1758.6003	0.9578	0.0941	0	0
EIF4EBP2	3410.6865	0.0065	0.0701	0.926	0.9473
EIF4EBP3	0.7362	-0.2038	1.2398	0.5583	NA
EIF4ENIF1	362.2117	-2.1921	0.2089	0	0
EIF4G1	25571.9614	1.0539	0.0489	0	0
EIF4G2	23616.5411	0.5068	0.0509	0	0
EIF4G3	1326.3975	-0.0609	0.1022	0.5498	0.6312
EIF4H	9823.6955	0.3126	0.0524	0	0
EIF5	2615.1667	-1.1512	0.0826	0	0
EIF5A	29184.434	1.3945	0.051	0	0
EIF5AL1	117.6979	1.2453	0.3077	0	1e-04
EIF5B	3255.4638	0.1007	0.0797	0.2057	0.276
EIF6	3083.5606	0.8178	0.072	0	0
ELAC1	80.0422	-2.3346	0.4155	0	0
ELAC2	2976.944	0.6047	0.0786	0	0
ELAVL1	4509.7689	0.6467	0.0653	0	0
ELAVL2	0.1804	-0.0353	1.2501	0.9101	NA
ELAVL3	0.3091	0.1374	1.2514	0.6608	NA
ELF1	162.4843	-1.6743	0.2883	0	0
ELF2	357.6555	-0.9365	0.1855	0	0
ELF3	1780.2196	1.4784	0.0895	0	0
ELF4	1258.5578	-0.0686	0.108	0.5237	0.6064
ELF5	0.3944	-0.1111	1.2489	0.7273	NA
ELFN1	155.7728	-0.6437	0.2719	0.015	0.0253
ELFN2	1096.7928	0.0331	0.1071	0.7562	0.8129
ELK1	912.0591	0.1173	0.1181	0.3184	0.4025
ELK3	1401.7472	0.8995	0.1062	0	0
ELK4	496.0944	-2.0635	0.1848	0	0
ELL	329.5886	-0.144	0.186	0.4332	0.5189
ELL2	58.8546	-1.6441	0.4564	1e-04	2e-04
ELL3	39.9981	-0.8084	0.5067	0.0784	0.1172
ELMO1	2.6881	-0.0652	1.061	0.91	0.9349
ELMO2	359.8767	-1.8655	0.1931	0	0
ELMO3	22.9699	-0.798	0.6248	0.1363	0.1923
ELMOD2	336.9352	-0.8202	0.1926	0	0
ELMOD3	64.1888	-2.7408	0.4897	0	0
ELMSAN1	1107.78	0.1477	0.1077	0.1685	0.2318
ELN	0.8896	0.2026	1.2212	0.603	NA
ELOF1	1129.0194	0.8845	0.1071	0	0
ELOVL1	1229.1852	-0.2292	0.1029	0.0254	0.0415
ELOVL2	174.3929	0.3129	0.2529	0.2054	0.2757
ELOVL2-AS1	1.0736	-0.1548	1.1929	0.7247	NA
ELOVL3	2.0998	0.2162	1.1027	0.6935	0.759
ELOVL4	1.1012	-0.3984	1.2089	0.3517	NA
ELOVL5	1660.3405	-0.2164	0.0928	0.0193	0.032
ELOVL6	288.2938	0.4214	0.2017	0.034	0.0545
ELOVL7	668.8172	0.2262	0.1418	0.1082	0.1564
ELP2	599.5724	-0.6248	0.144	0	0
ELP3	412.7717	-1.6893	0.1777	0	0
ELP4	198.1877	-0.2064	0.2388	0.3776	0.4623
ELP5	919.5833	0.372	0.1163	0.0013	0.0025
ELP6	286.8674	-1.2073	0.2061	0	0
EMC1	4387.29	1.2515	0.0689	0	0
EMC10	7140.0617	1.6998	0.0618	0	0
EMC2	357.0858	-0.3674	0.1832	0.0423	0.0669
EMC3	380.5877	0.2423	0.1721	0.1548	0.2154
EMC3-AS1	190.6547	-0.1205	0.2471	0.6181	0.6922
EMC4	1373.4798	1.0319	0.0979	0	0
EMC6	573.0854	0.0135	0.1677	0.9351	0.9542
EMC7	1246.3104	1.1373	0.1065	0	0
EMC8	793.735	-0.604	0.1273	0	0
EMC9	348.1155	0.65	0.1849	4e-04	8e-04
EMD	1897.1976	1.0913	0.0891	0	0
EME1	248.2053	-0.5507	0.2199	0.0108	0.0187
EME2	26.9473	-0.2365	0.5739	0.6396	0.7119
EMG1	1417.8518	0.0898	0.1032	0.3827	0.4675
EMID1	15.5916	2.0082	0.7887	0.0012	0.0023
EMILIN1	19.9664	0.773	0.6659	0.1659	0.2287
EMILIN2	98.7613	-0.9727	0.3397	0.0028	0.0052
EMILIN3	156.1405	1.2954	0.2721	0	0
EML1	1607.8701	-0.3696	0.0935	1e-04	2e-04
EML2	265.3731	0.1847	0.2036	0.3572	0.443
EML3	1061.2652	0.8922	0.1108	0	0
EML4	1089.5928	-0.6442	0.1112	0	0
EML5	40.8271	-1.2879	0.5047	0.0049	0.0088
EML6	5.4199	0.5156	0.9538	0.4066	0.4924
EMP1	11806.6011	0.7993	0.0632	0	0
EMP2	509.9047	0.7354	0.1557	0	0
EMP3	417.3872	0.9134	0.1689	0	0
EMR2	0.85	0.0767	1.2198	0.843	NA
EMX1	10.3234	-1.1784	0.9073	0.0637	0.097
EN2	418.8353	0.0482	0.1671	0.7708	0.8248
ENAH	1702.076	-0.3495	0.1109	0.0015	0.003
ENAM	1.7686	-0.1429	1.1422	0.7788	0.8309
ENC1	1141.3541	0.7142	0.1178	0	0
ENDOD1	995.2307	1.2344	0.1142	0	0
ENDOG	539.0418	0.571	0.1482	1e-04	2e-04
ENDOU	2.9987	-0.0889	1.0728	0.8759	0.9077
ENDOV	24.4936	0.2225	0.5948	0.6676	0.7364
ENG	10.4061	0.4032	0.8099	0.5097	0.5932
ENGASE	312.797	-1.1677	0.2038	0	0
ENHO	42.1119	0.6569	0.4887	0.141	0.198
ENKD1	125.395	-1.189	0.3171	1e-04	2e-04
ENKUR	1.7748	0.4302	1.1402	0.4094	0.4954
ENO1	50099.5818	1.1846	0.05	0	0
ENO1-AS1	2.3446	-0.3387	1.0991	0.5416	0.6234
ENO2	205.0368	-0.8304	0.2437	5e-04	0.001
ENO3	21.6224	0.123	0.6154	0.8165	0.8609
ENO4	0.7709	-0.2629	1.2262	0.4928	NA
ENOPH1	1892.352	0.7866	0.0904	0	0
ENOSF1	484.8189	0.8873	0.1624	0	0
ENOX1	162.4023	-1.5513	0.2775	0	0
ENOX2	132.4575	-0.7741	0.2905	0.006	0.0107
ENPP1	24.1106	1.6016	0.7165	0.0062	0.011
ENPP2	0.624	0.0668	1.2377	0.8471	NA
ENPP4	622.0858	-0.2478	0.1407	0.0761	0.1142
ENPP5	0.514	0.0591	1.2461	0.8554	NA
ENSA	4134.4266	1.3167	0.0656	0	0
ENTHD2	116.3208	-1.9823	0.3389	0	0
ENTPD1	219.9814	-1.5657	0.6643	0.0051	0.0091
ENTPD1-AS1	1.0448	0.1087	1.2056	0.7939	NA
ENTPD2	5.0625	0.5843	0.9969	0.3413	0.427
ENTPD3-AS1	0.8847	-0.0847	1.2058	0.8382	NA
ENTPD4	838.9252	-0.2592	0.1217	0.0324	0.0521
ENTPD5	89.0509	-0.4167	0.3447	0.2066	0.2771
ENTPD6	2057.0455	0.3015	0.0892	7e-04	0.0014
ENTPD7	926.7412	0.1411	0.1166	0.2238	0.297
ENTPD8	5.2206	-0.8093	0.9971	0.1921	0.2601
ENY2	1622.9308	1.1029	0.0927	0	0
EOGT	402.7992	0.3195	0.1686	0.0556	0.0858
EOMES	15.6073	-0.4079	0.702	0.4779	0.563
EP300	1629.1331	-1.2161	0.0946	0	0
EP400	1540.3015	-0.4337	0.0951	0	0
EP400NL	11.8039	-1.9318	1.1253	0.0028	0.0052
EPAS1	349.6176	1.039	0.1884	0	0
EPB41	903.0731	-0.1714	0.1218	0.1572	0.2183
EPB41L1	945.5761	0.3192	0.1149	0.0052	0.0094
EPB41L2	2963.48	0.9706	0.0731	0	0
EPB41L4A	233.4696	-1.5218	0.2362	0	0
EPB41L4A-AS1	126.071	0.7148	0.2893	0.0108	0.0187
EPB41L4A-AS2	28.6711	0.1919	0.553	0.6963	0.7617
EPB41L4B	183.4806	-1.1644	0.2633	0	0
EPB41L5	347.9473	-1.5162	0.1897	0	0
EPC1	269.7968	1.018	0.2161	0	0
EPC2	263.4922	-1.8896	0.2255	0	0
EPCAM	6312.9676	1.2567	0.0727	0	0
EPDR1	115.806	0.6955	0.3001	0.0166	0.0278
EPG5	198.694	-2.2046	0.3021	0	0
EPHA1	1.2646	-0.2174	1.1824	0.6352	NA
EPHA10	6.6887	0.1689	0.9085	0.7857	0.8362
EPHA2	3176.3183	-0.0072	0.0784	0.9268	0.9477
EPHA4	1.7863	-0.1581	1.1247	0.7644	0.8194
EPHA6	1.182	0.1334	1.1824	0.7696	NA
EPHA7	1.2388	0.14	1.1711	0.7668	NA
EPHA8	0.6835	0.2469	1.2453	0.4657	NA
EPHB1	2.7953	-0.0329	1.0708	0.954	0.9676
EPHB2	30.9947	1.052	0.5722	0.0368	0.0587
EPHB3	44.669	-1.7084	0.5187	3e-04	5e-04
EPHB4	1969.0511	-1.1821	0.0866	0	0
EPHB6	3.9936	0.4553	1.002	0.4551	0.5404
EPHX1	704.6717	0.8802	0.1423	0	0
EPHX2	89.2712	1.2639	0.3432	1e-04	2e-04
EPHX3	2.406	0.5757	1.1257	0.2896	0.371
EPHX4	4.3343	0.4645	0.9927	0.4481	0.5338
EPM2A	30.842	-0.162	0.5382	0.7366	0.7967
EPN1	5160.1715	1.1766	0.0654	0	0
EPN2	446.9467	-3.3746	0.2064	0	0
EPN2-IT1	0.1796	-0.035	1.2501	0.9109	NA
EPN3	13.5711	-0.7681	0.7745	0.2031	0.273
EPOR	49.5491	-1.4366	0.471	9e-04	0.0017
EPPK1	1903.798	2.2059	0.095	0	0
EPRS	5239.3475	0.9834	0.0614	0	0
EPS15	745.3679	-0.3328	0.1319	0.0111	0.0191
EPS15L1	387.8019	-1.3011	0.1879	0	0
EPS8	410.1529	-0.7279	0.1734	0	0
EPS8L1	8.8949	-1.0046	0.8964	0.1116	0.1608
EPS8L2	4682.1769	-3e-04	0.0715	0.9962	0.9978
EPS8L3	2.8824	-0.4342	1.0943	0.4397	0.5252
EPSTI1	5.2275	0.3156	0.9432	0.6106	0.6857
EPT1	872.114	-1.8984	0.1327	0	0
EPX	0.3413	-0.0935	1.2488	0.7688	NA
EQTN	0.186	-0.0377	1.2501	0.9041	NA
ERAL1	1320.7289	0.2666	0.1011	0.0082	0.0143
ERAP1	1336.7523	1.2284	0.1015	0	0
ERAP2	27.7598	0.1013	0.5723	0.8407	0.8818
ERBB2	4889.4989	0.7487	0.0645	0	0
ERBB2IP	1106.7982	-2.1519	0.1165	0	0
ERBB3	234.0081	-0.0398	0.2277	0.8586	0.8954
ERBB4	1237.1151	1.1016	0.1024	0	0
ERC1	710.0346	-1.0958	0.1355	0	0
ERC2	11.5415	-0.3961	0.7727	0.5101	0.5934
ERCC1	1065.0256	0.8575	0.1087	0	0
ERCC2	737.7515	0.197	0.1274	0.1197	0.1713
ERCC3	679.9915	-1.3679	0.1391	0	0
ERCC4	107.9342	-1.9304	0.3686	0	0
ERCC5	216.5618	-1.4391	0.2439	0	0
ERCC6	82.9743	-2.7291	0.4282	0	0
ERCC6-PGBD3	50.5399	-0.7123	0.4481	0.0864	0.1279
ERCC6L	404.2416	-0.257	0.1852	0.16	0.2216
ERCC6L2	114.9816	0.5575	0.3039	0.0578	0.0888
ERCC8	109.0266	-0.0579	0.3142	0.8485	0.8881
EREG	116.1243	2.0215	0.3337	0	0
ERF	1975.2741	0.6279	0.0865	0	0
ERG	0.1182	-6e-04	1.2496	0.9985	NA
ERGIC1	4736.783	1.3735	0.0667	0	0
ERGIC2	919.0813	0.7285	0.1286	0	0
ERGIC3	3526.9286	1.3345	0.0709	0	0
ERH	5763.6985	1.3256	0.0613	0	0
ERI1	778.0384	-0.6476	0.1385	0	0
ERI2	185.5946	-1.7717	0.2718	0	0
ERI3	1428.0959	0.8311	0.0985	0	0
ERI3-IT1	0.3608	-0.1002	1.2488	0.7529	NA
ERICH1	213.1673	-0.5698	0.2328	0.0126	0.0215
ERLEC1	733.7735	0.1243	0.1393	0.3689	0.4545
ERLIN1	3742.6827	1.0115	0.0725	0	0
ERLIN2	1986.8681	1.3768	0.0853	0	0
ERMAP	69.2343	-1.1231	0.3943	0.0025	0.0047
ERMARD	86.0256	-0.8923	0.3654	0.0102	0.0177
ERMP1	3640.7509	1.2739	0.0753	0	0
ERN1	98.9051	-2.2361	0.3691	0	0
ERO1L	2010.8849	1.0637	0.0946	0	0
ERO1LB	67.4447	0.5481	0.392	0.1388	0.1953
ERP27	166.2217	0.4196	0.2751	0.1169	0.1676
ERP29	4427.5067	1.4422	0.0644	0	0
ERP44	1168.7343	1.2278	0.1054	0	0
ERRFI1	3290.9739	-1.45	0.0809	0	0
ERV3-1	37.7559	1.3288	0.508	0.0039	0.007
ERVFRD-1	2.7469	0.3916	1.094	0.4848	0.5697
ERVK13-1	73.036	0.1918	0.3715	0.587	0.6647
ERVMER34-1	394.5019	0.7649	0.2001	1e-04	2e-04
ERVW-1	0.9488	-0.338	1.2162	0.409	NA
ESAM	12.3322	1.3596	0.795	0.0269	0.0439
ESCO1	220.9207	-2.2464	0.2714	0	0
ESCO2	440.843	-1.1265	0.1712	0	0
ESD	1591.3933	0.6292	0.0915	0	0
ESF1	617.0862	-0.5456	0.1653	9e-04	0.0017
ESPL1	1185.8998	-1.4245	0.1083	0	0
ESPN	4.3044	0.6984	1.0084	0.2553	0.3327
ESPNL	4.4668	-0.4606	0.9977	0.4508	0.5361
ESPNP	0.3413	0.1454	1.2516	0.6422	NA
ESR2	9.1277	1.9343	0.9966	0.0034	0.0062
ESRP1	0.1816	-0.0358	1.2501	0.9088	NA
ESRP2	443.1177	-1.1563	0.1857	0	0
ESRRA	466.7458	-2.8864	0.1883	0	0
ESRRG	0.1883	-0.0368	1.2501	0.9063	NA
ESYT1	5841.2395	0.9514	0.0602	0	0
ESYT2	2171.2545	1.0362	0.0817	0	0
ESYT3	5.0557	-0.8538	1.0299	0.1635	0.2258
ETAA1	316.3977	0.816	0.1928	0	0
ETF1	3548.767	-0.334	0.0783	0	0
ETFA	2484.4482	1.2116	0.0788	0	0
ETFB	1062.124	1.2225	0.1142	0	0
ETFDH	252.6427	0.9263	0.2198	0	0
ETHE1	968.7034	1.252	0.1243	0	0
ETNK1	649.9377	-0.3454	0.1675	0.0372	0.0593
ETNK2	335.1141	0.9135	0.184	0	0
ETS1	1491.0325	0.1512	0.1192	0.2021	0.272
ETS2	589.1653	-0.1777	0.1618	0.2676	0.3465
ETV1	150.6485	-2.2252	0.3156	0	0
ETV2	2.4614	0.0785	1.0728	0.8903	0.9186
ETV3	453.3512	0.4445	0.1674	0.0073	0.0129
ETV4	1497.7573	0.2407	0.0999	0.0155	0.0262
ETV5	611.2475	-2.3678	0.1765	0	0
ETV6	199.874	-1.1361	0.252	0	0
ETV7	0.555	-0.1655	1.2411	0.6287	NA
EVA1A	453.0939	-1.4332	0.1742	0	0
EVA1B	558.5259	0.2153	0.1482	0.143	0.2005
EVC	365.3364	0.354	0.2102	0.087	0.1288
EVI2A	0.3329	0.1442	1.2516	0.645	NA
EVI2B	0.3603	-0.1001	1.2488	0.7533	NA
EVI5	297.9744	-2.1524	0.216	0	0
EVI5L	233.9074	0.2614	0.2223	0.2311	0.3053
EVL	426.0745	0.8966	0.1754	0	0
EVPL	323.2818	-1.1037	0.2006	0	0
EWSR1	8432.7771	0.8036	0.0545	0	0
EXD2	190.3991	-0.6592	0.2463	0.0062	0.011
EXD3	107.4598	-0.5182	0.321	0.0936	0.1374
EXO1	345.1116	-2.6291	0.2153	0	0
EXO5	74.1417	-2.1639	0.8653	8e-04	0.0016
EXOC1	196.9543	-1.4159	0.2466	0	0
EXOC2	375.4655	-0.2152	0.1764	0.2173	0.2893
EXOC3	522.9132	-0.8905	0.1545	0	0
EXOC3L1	0.8564	0.1823	1.2226	0.6364	NA
EXOC3L4	1.4796	0.17	1.1455	0.7365	0.7967
EXOC4	1261.3989	1.2925	0.1021	0	0
EXOC5	1434.1719	-0.3378	0.1013	8e-04	0.0016
EXOC6	282.5595	-1.2035	0.2084	0	0
EXOC6B	368.238	-0.0723	0.1885	0.6978	0.763
EXOC7	2825.3838	0.2217	0.0775	0.0041	0.0076
EXOC8	786.9513	2.4458	0.1314	0	0
EXOG	117.936	-1.7338	0.3247	0	0
EXOSC1	296.9276	0.5196	0.1932	0.0064	0.0114
EXOSC10	1019.7089	-1.5835	0.1175	0	0
EXOSC2	761.3442	-0.7985	0.1571	0	0
EXOSC3	548.4607	-1.1872	0.1612	0	0
EXOSC4	506.9712	-1.0544	0.1554	0	0
EXOSC5	1162.7203	1.3094	0.1127	0	0
EXOSC6	2667.1879	2.6249	0.089	0	0
EXOSC7	916.7868	0.4918	0.1303	1e-04	3e-04
EXOSC8	529.3725	-0.6296	0.1504	0	1e-04
EXOSC9	284.4631	-1.6024	0.2139	0	0
EXPH5	73.5144	-2.1977	0.4264	0	0
EXT1	2010.7878	0.0513	0.089	0.5631	0.6436
EXT2	4263.7865	1.4169	0.0661	0	0
EXTL1	2.6172	0.6	1.1502	0.2505	0.3272
EXTL2	249.0308	0.4592	0.2115	0.0273	0.0445
EXTL3	2001.3444	0.3312	0.0861	1e-04	2e-04
EYA3	386.2089	-2.9319	0.2072	0	0
EYA4	227.2231	-2.1929	0.2458	0	0
EYS	3.639	-0.6442	1.0754	0.2694	0.3485
EZH1	115.8364	-2.6844	0.3697	0	0
EZH2	582.7539	-2.0163	0.1657	0	0
EZR	10221.5559	-0.2935	0.0572	0	0
F10	2.1863	-0.2723	1.1153	0.6135	0.688
F11	0.5741	0.0646	1.2415	0.8479	NA
F11R	1179.4991	0.324	0.1094	0.0029	0.0055
F12	24.3633	0.1674	0.5995	0.748	0.8063
F13B	0.1804	-0.0353	1.2501	0.9101	NA
F2	86.6932	1.2025	0.3508	3e-04	7e-04
F2R	7170.3755	1.2985	0.0756	0	0
F2RL1	3146.5191	1.8479	0.0803	0	0
F2RL2	444.4164	0.8554	0.1696	0	0
F2RL3	21.9232	0.6451	0.6174	0.2249	0.2982
F3	1479.0774	-0.5454	0.1031	0	0
F5	5.7764	0.3923	0.9296	0.5282	0.6107
F8	3.6933	-0.0547	1.0148	0.9273	0.9481
F8A1	512.58	-0.0512	0.1645	0.7532	0.8106
F8A3	2.4941	-0.7473	1.1937	0.1254	0.1787
FA2H	191.549	-0.7324	0.2504	0.0028	0.0051
FAAH	98.8011	0.9185	0.3379	0.0046	0.0083
FAAH2	4.8897	0.5776	0.9805	0.3498	0.4355
FABP1	0.3797	-0.1048	1.2488	0.7422	NA
FABP3	1156.3538	1.1486	0.108	0	0
FABP4	1.1728	0.2997	1.2073	0.4779	NA
FABP5	1625.2054	1.2254	0.0953	0	0
FABP6	2.4695	0.4625	1.092	0.4128	0.499
FADD	1039.0385	1.1931	0.1115	0	0
FADS1	2075.7052	-0.0402	0.0828	0.6266	0.7
FADS2	1846.5708	0.6209	0.0924	0	0
FADS3	1029.0679	0.2273	0.1144	0.0459	0.0721
FAF1	1213.6258	-0.0471	0.1033	0.6473	0.7188
FAF2	1107.7426	-0.8654	0.1097	0	0
FAH	434.1792	0.9827	0.167	0	0
FAHD1	982.2916	1.5502	0.1151	0	0
FAHD2A	286.7559	0.6819	0.2143	0.0012	0.0023
FAHD2B	85.6634	0.6597	0.346	0.0462	0.0726
FAHD2CP	3.3324	-1.1654	1.1689	0.0372	0.0593
FAIM	86.6078	-0.6232	0.3735	0.0788	0.1178
FAM101A	1.1393	-0.3448	1.2216	0.3883	NA
FAM101B	2192.1407	0.8229	0.0847	0	0
FAM102A	245.8483	-2.1564	0.2369	0	0
FAM102B	452.3992	-0.796	0.1728	0	0
FAM103A1	519.7593	0.6687	0.1525	0	0
FAM104A	548.8433	0.0663	0.151	0.6578	0.728
FAM104B	271.826	1.2335	0.2074	0	0
FAM105A	43.6639	-0.657	0.5128	0.1566	0.2175
FAM105B	618.1781	-0.921	0.1585	0	0
FAM106A	0.5695	-0.1449	1.2489	0.6513	NA
FAM106B	0.1804	-0.0353	1.2501	0.9101	NA
FAM107A	37.9845	-1.9311	0.5608	1e-04	2e-04
FAM107B	424.6871	-0.4258	0.1682	0.0105	0.0182
FAM109A	106.1992	-2.2633	0.369	0	0
FAM109B	83.8277	-2.371	0.4046	0	0
FAM110A	110.2523	-2.7095	0.3736	0	0
FAM110C	78.0757	1.0817	0.3718	0.0022	0.0041
FAM110D	12.6972	-0.5308	0.7654	0.3759	0.4608
FAM111A	391.7944	-2.9325	0.2097	0	0
FAM111B	170.4773	-1.5832	0.267	0	0
FAM114A1	198.5161	-1.0254	0.2421	0	0
FAM114A2	181.119	-0.1287	0.2458	0.5924	0.6691
FAM115A	927.5794	-0.7746	0.1169	0	0
FAM115C	1.3818	-0.2173	1.1746	0.6436	0.7155
FAM117A	56.3681	-2.36	0.4931	0	0
FAM117B	164.2244	-0.9805	0.2627	1e-04	3e-04
FAM118A	129.3119	-2.2866	0.3293	0	0
FAM118B	280.5413	-1.47	0.22	0	0
FAM120A	6275.0452	1.1398	0.0606	0	0
FAM120AOS	1007.8308	0.5828	0.1111	0	0
FAM120B	202.2542	-1.8371	0.2562	0	0
FAM120C	148.4964	-0.4278	0.277	0.1122	0.1615
FAM122A	594.4973	0.5483	0.144	1e-04	3e-04
FAM122B	1045.0821	0.8548	0.1161	0	0
FAM122C	20.731	-0.4144	0.6487	0.4501	0.5355
FAM124A	6.4115	-1.3339	1.1145	0.0278	0.0452
FAM124B	2.3417	0.9886	1.199	0.0539	0.0833
FAM126A	389.3122	-0.821	0.1784	0	0
FAM126B	294.7207	-1.16	0.2187	0	0
FAM127A	1656.2657	1.7217	0.096	0	0
FAM127B	1211.4639	1.5145	0.1046	0	0
FAM127C	534.4482	1.2702	0.1487	0	0
FAM129A	210.8563	0.8627	0.2381	2e-04	4e-04
FAM129B	3466.6115	-0.117	0.0688	0.0884	0.1306
FAM129C	1.0598	0.2656	1.2135	0.5158	NA
FAM131A	112.8311	-3.3984	0.4114	0	0
FAM131B	367.6642	0.1306	0.1855	0.4758	0.5609
FAM131C	2.2603	0.158	1.1176	0.7674	0.822
FAM132A	2.6806	-0.4022	1.1049	0.4666	0.5513
FAM132B	14.4124	0.0628	0.7546	0.9159	0.939
FAM133B	329.2078	-0.95	0.1935	0	0
FAM133CP	1.8647	0.5934	1.1705	0.2348	0.3096
FAM133DP	7.6138	-2.0512	1.1956	0.0014	0.0026
FAM134A	925.0965	-0.6254	0.1197	0	0
FAM134B	1.5906	-0.3098	1.1718	0.5166	0.5993
FAM134C	257.1021	-3.3726	0.2671	0	0
FAM135A	282.0498	-2.6996	0.2426	0	0
FAM136A	3352.1714	0.771	0.0731	0	0
FAM13A	141.7743	-0.0658	0.2881	0.814	0.859
FAM13A-AS1	3.8094	-0.5013	1.0302	0.4038	0.4897
FAM13B	339.8748	-1.6342	0.1935	0	0
FAM149A	27.4301	0.1637	0.5685	0.7442	0.8034
FAM149B1	259.5429	0.6778	0.2058	8e-04	0.0016
FAM150A	0.379	-0.1046	1.2488	0.7428	NA
FAM150B	1.4376	-0.2467	1.1723	0.6027	0.6784
FAM151B	16.0359	0.082	0.7032	0.8866	0.9157
FAM154B	0.8668	-0.2465	1.2329	0.5024	NA
FAM155A	7.1689	0.184	0.8742	0.7668	0.8214
FAM155B	213.4037	-1.2849	0.2606	0	0
FAM156A	68.4154	-0.2771	1.1639	0.569	0.6487
FAM156B	144.4819	-0.726	1.0456	0.2276	0.3013
FAM157A	5.2112	-1.627	1.1766	0.0071	0.0126
FAM159A	0.9976	0.0834	1.1954	0.8474	NA
FAM160A1	491.3375	0.3136	0.1595	0.0473	0.0741
FAM160A2	232.7133	-0.5741	0.2361	0.0131	0.0223
FAM160B1	259.4042	-1.9465	0.2247	0	0
FAM160B2	269.0731	-1.4688	0.2172	0	0
FAM161A	66.2687	-2.7667	0.4974	0	0
FAM161B	41.8805	-1.9096	0.5381	1e-04	2e-04
FAM162A	469.7438	1.2842	0.1617	0	0
FAM166A	1.2991	0.1697	1.1905	0.7022	NA
FAM166B	1.5764	0.1585	1.1561	0.7476	0.8059
FAM167A	12.623	-1.4196	0.8344	0.0235	0.0386
FAM167B	0.5135	0.0588	1.2461	0.8562	NA
FAM168A	588.3385	-2.1511	0.157	0	0
FAM168B	2200.6685	-1.8596	0.0865	0	0
FAM169A	219.5735	-1.2799	0.236	0	0
FAM171A1	1128.0241	0.7461	0.1069	0	0
FAM171A2	650.683	0.1319	0.1379	0.3355	0.4206
FAM171B	913.3624	-0.379	0.1177	0.0012	0.0024
FAM172A	244.8756	0.6271	0.2164	0.0032	0.0059
FAM172BP	0.1898	-0.0377	1.2501	0.9042	NA
FAM173A	620.5578	1.0499	0.1488	0	0
FAM173B	282.0897	0.0365	0.2015	0.8541	0.8926
FAM174A	103.3905	0.5885	0.3176	0.0545	0.0842
FAM174B	190.2724	-1.2314	0.2514	0	0
FAM175A	87.9886	-1.4048	0.3899	1e-04	3e-04
FAM175B	225.6517	-1.5316	0.233	0	0
FAM177A1	611.6473	0.8226	0.1594	0	0
FAM178A	394.6095	0.8356	0.1739	0	0
FAM178B	5.616	0.9666	0.9945	0.1226	0.1751
FAM179A	16.437	-0.6859	0.7149	0.2376	0.3125
FAM179B	44.7142	0.2818	0.4743	0.5177	0.6003
FAM180B	0.1795	-0.0349	1.2501	0.911	NA
FAM181B	6.3121	1.1723	0.9613	0.0655	0.0995
FAM182A	0.5598	-0.1664	1.2408	0.6278	NA
FAM184A	0.3774	-0.1057	1.2489	0.7399	NA
FAM184B	10.0413	-1.5511	0.9607	0.0166	0.0279
FAM185A	96.4816	0.9939	0.3284	0.0016	0.0031
FAM186A	0.9133	-0.3193	1.2177	0.4302	NA
FAM186B	2.8806	-0.4801	1.0802	0.4025	0.4884
FAM188A	156.4496	-1.0442	0.2695	1e-04	1e-04
FAM188B	46.1002	-1.2636	0.4798	0.004	0.0073
FAM189A1	117.7556	0.5873	0.3111	0.0505	0.0785
FAM189A2	7.3858	0.1419	0.863	0.8188	0.8628
FAM189B	1054.6784	0.0804	0.1203	0.5015	0.5852
FAM192A	875.1983	-0.1311	0.1243	0.289	0.3703
FAM193A	387.5585	-1.1112	0.1822	0	0
FAM193B	356.1253	-1.0624	0.1967	0	0
FAM195A	416.3453	0.9191	0.1754	0	0
FAM195B	2292.0158	1.256	0.0822	0	0
FAM196A	19.9706	-0.1214	0.6538	0.8257	0.8689
FAM198A	26.9114	-0.5095	0.5712	0.3114	0.3948
FAM198B	3.1357	0.2841	1.0414	0.6302	0.7035
FAM199X	717.0391	-2.2619	0.1439	0	0
FAM19A2	1.2106	0.0302	1.1782	0.9477	NA
FAM19A3	1.6141	0.232	1.1749	0.6215	0.6953
FAM19A4	1.5226	0.4092	1.1945	0.3649	0.4509
FAM200A	122.7477	0.4254	0.3241	0.1726	0.2368
FAM200B	254.2326	0.1294	0.2119	0.5348	0.6173
FAM201A	17.068	-0.5877	0.6874	0.301	0.3834
FAM201B	2.1292	-0.0377	1.0987	0.9454	0.9615
FAM203A	1110.2746	-0.8529	0.1157	0	0
FAM204A	508.4669	0.073	0.1559	0.6365	0.709
FAM206A	167.6593	-1.3168	0.302	0	0
FAM207A	476.6003	-0.6948	0.1617	0	0
FAM208A	994.0328	-0.4231	0.1127	2e-04	3e-04
FAM208B	1681.7489	-1.4855	0.0946	0	0
FAM209B	1.4063	-0.0133	1.1827	0.9766	0.9823
FAM20A	0.1898	-0.0376	1.2501	0.9043	NA
FAM20B	1918.1038	0.3298	0.0859	1e-04	3e-04
FAM20C	8.7322	0.4063	0.8327	0.5098	0.5932
FAM210A	314.1322	-0.088	0.2144	0.6764	0.7445
FAM210B	470.3725	0.7718	0.1566	0	0
FAM211A	31.1228	0.8386	0.5405	0.0825	0.1227
FAM211A-AS1	5143.8696	0.962	0.0674	0	0
FAM211B	14.2444	-1.069	0.7604	0.0749	0.1126
FAM212A	1.2612	-0.2209	1.1828	0.6295	NA
FAM212B	15.5114	-1.4544	0.7734	0.0167	0.0281
FAM213A	1181.7983	1.1443	0.1061	0	0
FAM213B	1511.65	-1.3754	0.1023	0	0
FAM214A	45.3755	-1.9507	0.5197	0	1e-04
FAM214B	49.2231	-2.8303	0.575	0	0
FAM216A	287.7466	-0.5698	0.2064	0.0051	0.0091
FAM217B	260.5743	-1.5827	0.2196	0	0
FAM218A	1.2369	0.0315	1.1925	0.9427	NA
FAM219A	198.5668	-2.8741	0.2902	0	0
FAM219B	224.6024	-0.7523	0.2429	0.0015	0.003
FAM21A	871.4589	0.4427	0.1195	2e-04	4e-04
FAM21C	684.2605	0.7071	0.1447	0	0
FAM220A	393.9461	-0.943	0.1799	0	0
FAM220BP	0.3418	0.1456	1.2516	0.6419	NA
FAM221A	59.4778	-2.0812	0.4889	0	0
FAM222A	151.1054	-0.4004	0.2808	0.1422	0.1995
FAM222A-AS1	0.5229	0.0611	1.2454	0.8515	NA
FAM222B	501.7757	-0.094	0.1577	0.5475	0.6292
FAM223B	0.5141	0.0586	1.2461	0.8566	NA
FAM225A	63.9591	-2.8276	0.5032	0	0
FAM226B	2.1102	-0.0321	1.0994	0.9533	0.9671
FAM227A	13.1706	-0.9308	0.8257	0.1326	0.1877
FAM227B	8.8399	0.9161	0.8479	0.1417	0.1989
FAM228A	2.0027	0.7618	1.21	0.1046	0.1517
FAM228B	3.8114	-0.5022	1.0302	0.403	0.4889
FAM229A	0.9159	-0.317	1.219	0.4307	NA
FAM229B	48.2762	0.7556	0.4701	0.0805	0.1199
FAM26E	0.8938	-0.0875	1.2053	0.8334	NA
FAM26F	0.5491	-0.1619	1.2415	0.635	NA
FAM27B	53.4	0.5347	0.4267	0.1797	0.2455
FAM27C	5.2906	0.4271	1.2421	0.2459	0.3221
FAM27E2	1.9201	0.0327	1.1149	0.9513	0.9656
FAM27E3	43.7291	-0.0347	0.4672	0.9358	0.9545
FAM32A	1302.0131	0.3868	0.101	1e-04	3e-04
FAM35A	404.7837	-1.0564	0.177	0	0
FAM35BP	2.1388	-0.0388	1.1042	0.9433	0.9599
FAM35DP	9.815	-1.2136	0.8892	0.0557	0.0859
FAM3A	708.0068	0.5581	0.1317	0	0
FAM3C	1545.5792	1.0041	0.0946	0	0
FAM41C	0.5503	-0.1626	1.2414	0.6338	NA
FAM43A	622.3089	1.9396	0.1426	0	0
FAM43B	2.1893	0.6794	1.1668	0.1838	0.2504
FAM45A	346.8775	-0.7701	0.1845	0	1e-04
FAM45B	34.9919	-0.1737	0.5172	0.7099	0.7736
FAM46A	1382.2962	1.2079	0.0986	0	0
FAM46B	226.7208	1.4934	0.2287	0	0
FAM46C	1.9935	-0.2	1.1319	0.701	0.7654
FAM47E	2.0812	0.1826	1.1485	0.7162	0.7793
FAM47E-STBD1	2.6771	-0.1809	1.0918	0.7452	0.804
FAM49B	1784.3571	0.2528	0.0955	0.0079	0.0139
FAM50A	1060.885	0.8525	0.1132	0	0
FAM50B	203.0741	0.1031	0.2323	0.6508	0.7222
FAM53A	9.9894	-1.6504	0.9553	0.0111	0.0192
FAM53B	404.962	-2.421	0.198	0	0
FAM53C	474.3852	-3.6906	0.2079	0	0
FAM57A	714.0162	-0.2499	0.1351	0.0626	0.0955
FAM57B	1.8802	0.0035	1.1321	0.9946	0.9965
FAM58A	371.5218	-0.7679	0.1777	0	0
FAM60A	3513.2271	1.4489	0.0732	0	0
FAM63A	26.033	-2.4833	0.7321	0	1e-04
FAM63B	1195.7238	-0.1239	0.1171	0.2878	0.3691
FAM64A	700.1916	-1.1146	0.1386	0	0
FAM65A	722.0537	-0.2884	0.1336	0.0299	0.0484
FAM65B	287.0827	-2.6969	0.2298	0	0
FAM65C	59.2369	-1.4296	0.4348	4e-04	8e-04
FAM66B	1.9192	0.2928	1.1203	0.5843	0.6624
FAM66C	6.3598	0.9345	0.9316	0.1388	0.1953
FAM66D	0.1804	-0.0353	1.2501	0.9101	NA
FAM69A	164.0867	0.7301	0.2566	0.0036	0.0065
FAM69B	606.163	0.6051	0.1525	1e-04	1e-04
FAM69C	0.1899	-0.0377	1.2501	0.9041	NA
FAM71E1	13.5183	0.7791	0.7345	0.186	0.2528
FAM71F2	0.1899	-0.0377	1.2501	0.9041	NA
FAM72A	72.5283	-2.393	0.4483	0	0
FAM72B	167.7062	-0.8552	0.2596	7e-04	0.0014
FAM72C	116.3019	-1.1438	0.3345	4e-04	7e-04
FAM72D	107.8495	-1.1433	0.338	4e-04	8e-04
FAM73A	212.3741	-0.5141	0.2383	0.0276	0.0449
FAM73B	285.397	-3.5751	0.2671	0	0
FAM76A	44.3791	-1.8941	0.5174	0	1e-04
FAM76B	179.3774	-1.5437	0.2695	0	0
FAM78A	6.7764	-0.2928	0.891	0.6378	0.7101
FAM78B	3.0855	-0.5031	1.0888	0.3763	0.4611
FAM81A	6.3375	1.0562	0.9945	0.0932	0.1369
FAM83B	4.3291	-0.9785	1.1206	0.0892	0.1316
FAM83D	1449.9897	-0.7732	0.0982	0	0
FAM83E	1.9299	0.031	1.1098	0.9542	0.9677
FAM83G	83.9861	-1.1479	0.3737	0.0012	0.0023
FAM83H	1149.4133	-0.1483	0.1107	0.1783	0.2438
FAM83H-AS1	16.4708	-0.4402	0.7028	0.444	0.5296
FAM84A	1.0974	-0.1701	1.1933	0.6987	NA
FAM84B	14848.486	2.4625	0.0498	0	0
FAM85A	21.0884	0.0232	0.6512	0.9664	0.9753
FAM86A	425.5285	0.0441	0.1764	0.8004	0.8479
FAM86B1	36.9113	-0.8117	0.5103	0.0789	0.1178
FAM86B2	9.7011	-0.33	0.8111	0.5894	0.6664
FAM86B3P	11.2641	-0.2839	0.7929	0.64	0.7121
FAM86C1	100.0349	-1.2108	0.3371	2e-04	4e-04
FAM86C2P	75.785	-1.1375	0.3877	0.0019	0.0036
FAM86DP	105.034	-0.0298	0.325	0.9241	0.9456
FAM86EP	38.4531	-0.69	0.4989	0.1284	0.1823
FAM86FP	30.0477	1.025	0.5654	0.0401	0.0636
FAM86HP	2.2715	0.1465	1.086	0.7938	0.8425
FAM86JP	37.3126	-1.5749	0.5542	0.0014	0.0026
FAM87B	0.7204	-0.0137	1.2292	0.9702	NA
FAM89A	38.3992	-2.1417	0.5714	0	0
FAM89B	1570.0396	0.9846	0.0974	0	0
FAM8A1	344.1708	-1.1203	0.1882	0	0
FAM90A1	0.3325	0.1441	1.2516	0.6451	NA
FAM90A25P	1.0361	0.1146	1.1931	0.7935	NA
FAM90A2P	0.5257	0.0615	1.2452	0.8507	NA
FAM91A1	1034.8149	-0.5217	0.1247	0	1e-04
FAM92A1	304.785	-0.6338	0.198	0.0012	0.0023
FAM95B1	1.0919	-0.1545	1.1934	0.7247	NA
FAM95C	16.3969	-0.77	0.7179	0.186	0.2528
FAM96A	897.0522	0.8406	0.1187	0	0
FAM96B	1139.7854	1.5109	0.112	0	0
FAM98A	729.1069	-0.8047	0.1349	0	0
FAM98B	1331.3129	0.5173	0.1023	0	0
FAM98C	172.0259	0.4591	0.2516	0.0618	0.0945
FAM9C	0.3329	0.1442	1.2516	0.6449	NA
FAN1	471.2147	-0.5495	0.1579	4e-04	9e-04
FANCA	1106.3502	-0.0955	0.115	0.4044	0.4903
FANCB	58.4708	-1.9687	0.4584	0	0
FANCC	338.15	-1.3566	0.1917	0	0
FANCD2	1928.4146	0.3834	0.0858	0	0
FANCD2OS	0.6835	0.2469	1.2453	0.4657	NA
FANCE	194.9421	-2.8435	0.2837	0	0
FANCF	183.4199	0.3897	0.2488	0.1092	0.1578
FANCG	1027.7	0.1323	0.1107	0.2301	0.3042
FANCI	3285.3377	0.7008	0.0708	0	0
FANCL	215.4244	-1.8588	0.2443	0	0
FANCM	197.6977	-1.3317	0.2477	0	0
FANK1	0.496	-0.1541	1.2469	0.637	NA
FAR1	1365.382	-0.6437	0.1021	0	0
FAR2	57.6944	0.5632	0.4327	0.1626	0.2246
FAR2P1	12.1582	-0.4932	0.797	0.4178	0.5042
FAR2P2	12.5976	-1.4356	0.8464	0.0227	0.0373
FAR2P3	0.6505	-0.2017	1.2348	0.5752	NA
FARP1	4003.1309	1.2285	0.067	0	0
FARP2	175.964	-0.6274	0.2534	0.0112	0.0193
FARS2	146.7688	-0.7002	0.2776	0.0095	0.0165
FARSA	1808.3667	-0.877	0.0981	0	0
FARSB	1208.3366	0.4223	0.1032	0	1e-04
FAS	21.6365	-0.8575	0.6425	0.116	0.1665
FAS-AS1	1.6819	0.7615	1.2022	0.112	0.1613
FASN	14937.2701	0.6542	0.0583	0	0
FASTK	1011.4381	-0.2677	0.1132	0.0175	0.0293
FASTKD1	132.5703	-1.928	0.3352	0	0
FASTKD2	504.6255	-1.3118	0.1632	0	0
FASTKD3	194.6833	0.0324	0.2502	0.8946	0.9224
FASTKD5	501.8195	-0.2512	0.1604	0.114	0.1638
FAT1	8944.8035	0.5311	0.0614	0	0
FAT2	41.3616	0.0238	0.486	0.9573	0.9697
FAT3	3.5975	1.0515	1.1486	0.0616	0.0942
FAT4	357.5032	1.1832	0.1796	0	0
FAU	8084.6312	1.4952	0.0602	0	0
FAXC	5.5123	-0.4905	1.0065	0.4205	0.507
FAXDC2	1.2121	0.0405	1.1783	0.9299	NA
FBF1	259.2556	0.1742	0.2062	0.3909	0.4762
FBL	6660.1992	1.1001	0.0585	0	0
FBLIM1	442.8225	-1.8379	0.1728	0	0
FBLL1	0.5697	-0.145	1.2489	0.6512	NA
FBLN1	9357.8173	1.6361	0.0532	0	0
FBLN2	1820.4233	1.5333	0.0892	0	0
FBLN5	92.7978	1.2244	0.3869	8e-04	0.0016
FBLN7	7.8844	1.819	1.0578	0.0053	0.0095
FBN1	4701.3431	1.06	0.1678	0	0
FBN2	1356.6283	1.0715	0.118	0	0
FBN3	6.4275	0.5354	0.9019	0.3913	0.4766
FBP1	0.5687	-0.1447	1.2489	0.6517	NA
FBRS	978.2421	-0.3049	0.1133	0.0069	0.0121
FBRSL1	2137.7849	-0.0026	0.0828	0.9752	0.9813
FBXL12	202.4931	-0.9989	0.2466	0	1e-04
FBXL13	4.9426	-0.4046	0.9758	0.5109	0.5941
FBXL14	304.0275	-0.1977	0.1924	0.2977	0.3799
FBXL15	169.309	-0.6082	0.2648	0.0184	0.0307
FBXL16	3.585	0.8161	1.0577	0.1741	0.2388
FBXL17	263.7954	0.6617	0.2076	0.0012	0.0023
FBXL18	427.1798	-3.4316	0.2106	0	0
FBXL19	1268.1285	-0.8149	0.104	0	0
FBXL19-AS1	53.1039	1.3095	0.4396	0.0013	0.0026
FBXL2	54.633	-0.6194	0.433	0.1248	0.1779
FBXL20	99.8631	-1.6558	0.373	0	0
FBXL22	87.0801	2.0205	0.3622	0	0
FBXL3	641.5955	-0.0404	0.1397	0.771	0.8249
FBXL4	103.2883	-1.5944	0.3412	0	0
FBXL5	257.0003	-3.9502	0.2954	0	0
FBXL6	386.5196	0.5254	0.1769	0.0027	0.005
FBXL7	7.1524	-0.4844	0.9112	0.4375	0.5231
FBXL8	30.0972	-0.0798	0.542	0.8691	0.903
FBXO10	80.6315	-1.1073	0.3728	0.0017	0.0033
FBXO11	766.7175	-1.9743	0.1362	0	0
FBXO15	2.6459	0.2745	1.0732	0.6311	0.7041
FBXO16	7.3631	-1.3555	1.0283	0.0328	0.0527
FBXO17	273.7803	-0.2297	0.2028	0.2502	0.327
FBXO18	1158.5507	0.0482	0.1061	0.6482	0.7196
FBXO2	23.3727	1.3255	0.6535	0.0164	0.0276
FBXO21	510.3713	-2.5416	0.1727	0	0
FBXO22	540.7338	-0.649	0.1532	0	0
FBXO22-AS1	2.0929	0.7915	1.2094	0.0951	0.1394
FBXO24	2.5965	-0.6207	1.1451	0.2404	0.3158
FBXO25	99.2792	0.1402	0.3253	0.6542	0.725
FBXO27	204.6696	0.4439	0.2418	0.0608	0.093
FBXO28	490.1824	-1.2698	0.168	0	0
FBXO3	193.1951	-0.8725	0.2657	7e-04	0.0015
FBXO30	348.3191	-0.3019	0.1822	0.0935	0.1372
FBXO31	298.5063	-1.9388	0.2276	0	0
FBXO32	21.0187	-1.0807	0.6598	0.0516	0.0802
FBXO33	214.9927	-0.196	0.2256	0.3763	0.4611
FBXO34	1146.7444	1.2785	0.1182	0	0
FBXO36	19.0732	-0.6198	0.6638	0.2656	0.3443
FBXO38	294.2747	-1.8934	0.2134	0	0
FBXO4	122.5606	0.4842	0.3007	0.096	0.1406
FBXO41	282.0059	-0.9782	0.204	0	0
FBXO42	344.117	-1.7131	0.1993	0	0
FBXO43	140.9397	1.3743	0.287	0	0
FBXO44	82.6698	-2.1431	0.4092	0	0
FBXO45	614.7443	-0.3662	0.1392	0.0081	0.0141
FBXO46	520.5686	0.0801	0.1492	0.5884	0.6657
FBXO48	14.623	-0.5935	0.7283	0.3112	0.3946
FBXO5	1562.5136	1.7677	0.0949	0	0
FBXO6	167.413	0.0379	0.2631	0.8827	0.9127
FBXO7	1236.9819	-0.1652	0.1044	0.1122	0.1615
FBXO8	142.1943	0.3309	0.2724	0.2121	0.2834
FBXO9	370.1715	-1.2232	0.1811	0	0
FBXW11	838.6905	-2.0871	0.1336	0	0
FBXW2	1021.6053	-1.6476	0.1185	0	0
FBXW4	505.8017	0.3641	0.1555	0.0182	0.0304
FBXW4P1	246.1491	3.6984	1.0409	0	0
FBXW5	4798.8038	1.2107	0.0624	0	0
FBXW7	480.1916	0.4484	0.1607	0.0049	0.0088
FBXW8	584.6335	0.5936	0.1516	1e-04	2e-04
FBXW9	269.0542	0.5525	0.2087	0.0072	0.0126
FCER1G	0.3364	0.1438	1.2516	0.6458	NA
FCER2	0.1804	-0.0353	1.2501	0.9101	NA
FCF1	692.6588	0.0488	0.1342	0.7144	0.7776
FCGBP	365.6982	0.4364	0.2267	0.0499	0.0777
FCGR2A	1.3609	0.21	1.1881	0.6402	NA
FCGR2B	0.1893	-0.0374	1.2501	0.9049	NA
FCGRT	978.6161	1.4263	0.1197	0	0
FCHO1	265.1235	-0.1609	0.2043	0.4242	0.5102
FCHO2	312.86	-1.7823	0.2096	0	0
FCHSD1	110.9977	-1.3612	0.3419	0	1e-04
FCHSD2	419.0064	-1.1092	0.1699	0	0
FCRLB	3.9298	0.1826	0.998	0.7633	0.8186
FDFT1	818.9482	0.35	0.1215	0.0038	0.0069
FDPS	3394.8	1.0521	0.0699	0	0
FDPSP2	2.0803	0.1964	1.1279	0.7083	0.7722
FDX1	551.5492	0.4919	0.1481	8e-04	0.0016
FDX1L	354.0839	0.0825	0.1827	0.6477	0.7191
FDXACB1	67.9714	-0.6379	0.3932	0.0857	0.1269
FDXR	514.6751	1.1188	0.1543	0	0
FECH	997.978	0.4093	0.1192	6e-04	0.0011
FEM1A	4393.0273	2.5399	0.0688	0	0
FEM1B	973.4002	-0.2609	0.1158	0.0236	0.0388
FEM1C	755.6023	1.405	0.1387	0	0
FEN1	3913.4861	1.0375	0.0668	0	0
FER	121.9165	-0.1281	0.298	0.6572	0.7275
FER1L4	4.8242	0.4775	0.977	0.4386	0.5242
FER1L6	0.1898	-0.0376	1.2501	0.9042	NA
FERMT1	151.8164	-0.4106	0.276	0.1261	0.1795
FERMT2	2339.3233	-0.5335	0.087	0	0
FERMT3	9.313	-0.587	0.8297	0.3413	0.4271
FES	13.9708	0.7155	0.7332	0.224	0.2973
FETUB	1.7098	-0.3886	1.1645	0.4293	0.5153
FEV	0.1898	-0.0377	1.2501	0.9042	NA
FEZ1	7.8901	0.4704	0.8571	0.4484	0.5342
FEZ2	289.1911	-0.6766	0.2007	6e-04	0.0012
FFAR4	1.0647	-0.1497	1.1948	0.7314	NA
FGD1	676.651	-0.085	0.1349	0.5262	0.6089
FGD3	2.6564	-0.6345	1.1359	0.2386	0.3137
FGD4	252.5332	-1.3455	0.2252	0	0
FGD5-AS1	3058.9698	0.6217	0.0769	0	0
FGD6	117.2481	-1.7639	0.3241	0	0
FGF1	9.4256	0.6184	0.8311	0.3165	0.4004
FGF11	3.4212	0.9249	1.0909	0.1168	0.1675
FGF14	0.1905	-0.0381	1.2501	0.9032	NA
FGF17	4.8729	0.6778	1.0136	0.2679	0.3469
FGF18	1857.6919	-1.7003	0.1029	0	0
FGF2	816.7767	-0.4146	0.1423	0.0033	0.0061
FGF21	0.1804	-0.0353	1.2501	0.9101	NA
FGF22	3.8201	0.4345	1.0375	0.4655	0.5504
FGF8	19.6425	0.1087	0.644	0.8422	0.8829
FGFBP1	36.5185	1.1925	0.5155	0.0104	0.0179
FGFBP2	1.7206	0.3597	1.1554	0.4728	0.5577
FGFBP3	61.2538	1.4687	0.4271	2e-04	5e-04
FGFR1	2925.9052	0.9066	0.0748	0	0
FGFR1OP	397.3303	-0.2504	0.1761	0.1504	0.2099
FGFR1OP2	464.3808	0.1964	0.16	0.2153	0.2872
FGFR2	2308.2727	-1.002	0.083	0	0
FGFR3	400.5153	-1.1561	0.1763	0	0
FGFR4	577.8815	0.6127	0.1419	0	0
FGFRL1	578.1267	0.2107	0.1437	0.1395	0.1962
FGGY	102.8249	1.7259	0.3287	0	0
FGL2	54.0088	0.9622	0.4269	0.0157	0.0265
FH	2253.419	0.4526	0.087	0	0
FHAD1	14.5599	-0.3035	0.713	0.6003	0.6762
FHDC1	275.2225	-1.5489	0.2193	0	0
FHIT	16.2752	0.6628	0.7256	0.2574	0.335
FHL1	41.5815	1.1683	0.5051	0.0107	0.0185
FHL2	205.1193	-1.8634	0.2518	0	0
FHL3	220.7422	-1.2709	0.2452	0	0
FHOD1	821.534	0.2161	0.1231	0.0775	0.1161
FHOD3	449.5187	-0.6495	0.1861	4e-04	8e-04
FIBIN	1.3888	-0.0168	1.1836	0.9704	0.9779
FIBP	1766.2121	1.1869	0.0894	0	0
FICD	37.7774	-2.3749	0.5963	0	0
FIG4	217.7849	0.7324	0.2246	9e-04	0.0018
FIGF	0.9484	-0.2785	1.2294	0.4612	NA
FIGN	473.509	1.3334	0.1613	0	0
FIGNL1	361.0979	-0.7866	0.1899	0	1e-04
FIGNL2	167.5343	-0.7014	0.2716	0.008	0.014
FILIP1L	22.9577	-0.5182	0.614	0.3278	0.4121
FIP1L1	490.5099	-2.0654	0.1688	0	0
FIRRE	2.2214	-0.8238	1.1778	0.1091	0.1577
FIS1	1198.7927	1.4675	0.1048	0	0
FITM1	0.5509	-0.163	1.2414	0.6331	NA
FITM2	36.5281	-0.9156	0.547	0.0602	0.0922
FIZ1	586.9914	0.7998	0.1477	0	0
FJX1	1367.9104	2.3141	0.1095	0	0
FKBP10	8056.8267	1.5227	0.0552	0	0
FKBP11	691.7017	1.3146	0.1447	0	0
FKBP14	487.6003	0.4798	0.1575	0.0021	0.004
FKBP15	294.4346	-2.2297	0.2225	0	0
FKBP1A	6278.9523	1.4915	0.059	0	0
FKBP1AP1	5.8244	1.1957	0.9928	0.0594	0.0911
FKBP1B	74.721	0.8159	0.3678	0.0196	0.0326
FKBP2	1307.3428	1.1938	0.1003	0	0
FKBP3	1162.1993	1.0895	0.1084	0	0
FKBP4	6746.2208	0.7928	0.0605	0	0
FKBP5	912.3968	0.1275	0.1178	0.2767	0.3568
FKBP7	79.4384	0.9066	0.369	0.0097	0.0169
FKBP8	6078.9937	1.5186	0.0634	0	0
FKBP9	4356.902	1.2833	0.0685	0	0
FKBP9L	28.614	0.6885	0.5663	0.1686	0.232
FKBPL	174.8537	1.0354	0.249	0	0
FKRP	396.7299	-0.6033	0.1747	5e-04	0.001
FKTN	612.2502	0.0512	0.1396	0.7118	0.7754
FLAD1	723.8923	0.2918	0.1332	0.0275	0.0447
FLCN	194.2239	-1.6112	0.2568	0	0
FLII	8910.3965	1.2007	0.0602	0	0
FLJ10038	470.9961	3.803	0.1877	0	0
FLJ12825	1.0631	0.1025	1.2044	0.8062	NA
FLJ13197	38.1385	3.8046	0.7083	0	0
FLJ13224	16.9759	2.3034	0.788	2e-04	4e-04
FLJ16779	7.3088	1.3497	0.9514	0.0354	0.0567
FLJ20021	4.2082	-0.1999	1.039	0.7348	0.7953
FLJ20444	1.6332	-0.3392	1.166	0.486	0.5708
FLJ20464	104.2172	1.9233	0.3294	0	0
FLJ22184	224.8378	-0.2849	0.2215	0.1904	0.2582
FLJ23867	54.3443	1.0118	0.4275	0.0112	0.0192
FLJ25715	0.5121	0.0588	1.2462	0.8561	NA
FLJ25917	0.3418	0.1456	1.2516	0.6419	NA
FLJ26850	0.1899	-0.0377	1.2501	0.9041	NA
FLJ27354	5.3129	0.0188	0.9365	0.9758	0.9816
FLJ30403	5.2862	0.0152	0.9602	0.9802	0.9851
FLJ30679	2.7395	0.6817	1.1194	0.2197	0.2921
FLJ31104	3.586	0.4749	1.0642	0.4153	0.5016
FLJ31306	196.5824	-1.381	0.2459	0	0
FLJ31356	0.1804	-0.0353	1.2501	0.9101	NA
FLJ31945	27.0571	2.447	0.6469	0	0
FLJ32255	7.5482	0.2402	0.8651	0.6984	0.7637
FLJ32756	0.7112	-0.0126	1.2192	0.974	NA
FLJ36777	0.3421	0.1457	1.2516	0.6417	NA
FLJ37035	2.3898	-0.8775	1.1757	0.0928	0.1363
FLJ37201	6.8493	0.0869	0.9579	0.8878	0.9167
FLJ37453	235.6478	2.4626	0.2381	0	0
FLJ38576	9.5708	0.9206	0.8736	0.1424	0.1998
FLJ38668	3.4028	-0.4064	1.0423	0.4928	0.5771
FLJ38717	19.9952	1.7731	0.6871	0.0019	0.0036
FLJ39095	0.1804	-0.0353	1.2501	0.9101	NA
FLJ39632	3.1096	-0.5049	1.0943	0.3714	0.4567
FLJ40448	5.2759	1.2371	1.0265	0.0496	0.0772
FLJ41309	0.1898	-0.0377	1.2501	0.9042	NA
FLJ42258	13.8885	2.4842	0.9102	2e-04	4e-04
FLJ42351	1.2305	0.3106	1.2047	0.4677	NA
FLJ42393	2.0051	0.7626	1.21	0.1043	0.1513
FLJ42627	249.5355	1.8039	0.2338	0	0
FLJ43681	1.2626	-0.2168	1.1825	0.636	NA
FLJ44342	18.1988	-1.1676	0.7059	0.0434	0.0685
FLJ44511	7.0173	1.0544	0.9245	0.0962	0.1409
FLJ45513	7.7716	0.0712	0.8643	0.9085	0.9337
FLJ46552	1.0456	0.1316	1.1797	0.7746	NA
FLJ46836	0.1804	-0.0353	1.2501	0.9101	NA
FLJ46906	13.5709	0.18	0.7244	0.7579	0.8143
FLNA	84051.2186	1.2163	0.0442	0	0
FLNB	6338.0982	0.0111	0.06	0.8536	0.8922
FLNC	4855.2444	0.913	0.0753	0	0
FLOT1	1896.9996	0.6821	0.0869	0	0
FLOT2	3781.4068	1.0329	0.0676	0	0
FLRT1	15.6814	-1.1969	0.757	0.046	0.0722
FLRT2	0.7499	-0.2468	1.2281	0.5139	NA
FLRT3	843.0227	-0.6342	0.1236	0	0
FLT1	2.3284	0.6372	1.1432	0.2307	0.3049
FLT3LG	1.2772	-0.4626	1.2018	0.2989	NA
FLT4	153.5484	0.6737	0.2719	0.0109	0.0188
FLVCR1	270.41	-0.7984	0.2144	2e-04	3e-04
FLVCR1-AS1	41.754	0.4858	0.4871	0.2752	0.355
FLVCR2	3.4572	-0.3882	1.0383	0.5133	0.5962
FLYWCH1	568.9349	-1.5498	0.153	0	0
FLYWCH2	419.0234	-0.2085	0.1662	0.2051	0.2754
FMN1	5.3414	-0.5806	1.013	0.3404	0.4262
FMN2	0.181	-0.0356	1.2501	0.9095	NA
FMNL1	365.3877	0.5442	0.1829	0.0026	0.0048
FMNL2	696.4885	-0.9878	0.135	0	0
FMNL3	334.4767	-1.5644	0.2011	0	0
FMO4	0.6985	0.0238	1.2306	0.9478	NA
FMOD	4.37	0.4624	0.9986	0.4489	0.5345
FMR1	578.2425	-1.3541	0.1497	0	0
FMR1-AS1	1.1397	-0.3449	1.2216	0.3882	NA
FN1	741.4583	1.269	0.1436	0	0
FN3K	14.8634	0.3532	0.7009	0.5385	0.6206
FN3KRP	577.7631	-0.6575	0.1472	0	0
FNBP1	783.8142	-0.7444	0.1308	0	0
FNBP1L	922.308	-1.6698	0.1241	0	0
FNBP4	1225.3012	0.5023	0.1083	0	0
FNDC1	1.4652	-0.2828	1.1735	0.5508	0.632
FNDC3A	733.9779	-1.4734	0.1337	0	0
FNDC3B	1084.4747	-2.1747	0.118	0	0
FNDC4	1.3115	-0.4867	1.2011	0.2781	NA
FNDC5	31.2321	0.6248	0.5398	0.1954	0.2641
FNDC8	26.2282	-0.2241	0.5806	0.6599	0.7299
FNDC9	0.6827	0.2466	1.2453	0.4662	NA
FNIP1	232.7892	-2.3691	0.251	0	0
FNIP2	286.3186	-1.6269	0.2116	0	0
FNTA	403.2016	-1.8745	0.1811	0	0
FNTB	353.9318	-0.908	0.1957	0	0
FOCAD	1709.9925	1.0637	0.0902	0	0
FOLH1	0.5338	0.0719	1.2446	0.8268	NA
FOLR1	1567.5821	1.6283	0.0938	0	0
FOLR2	1.4107	-0.0266	1.163	0.9559	0.9686
FOLR3	4.854	0.295	0.967	0.6319	0.7048
FOPNL	581.2186	-1.3456	0.1499	0	0
FOS	56.3074	-0.133	0.4334	0.742	0.8015
FOSB	280.9107	7.9783	0.6778	0	0
FOSL1	456.7257	0.5523	0.1738	0.0013	0.0025
FOSL2	5245.483	2.3472	0.0668	0	0
FOXA1	826.4178	1.7427	0.1236	0	0
FOXA2	8.5341	-0.8791	0.8823	0.1616	0.2235
FOXA3	15.5259	-0.4206	0.7081	0.4663	0.5511
FOXB2	2.5856	0.2255	1.0989	0.6829	0.7498
FOXC1	3512.0836	1.9306	0.0785	0	0
FOXC2	7.9255	0.0355	0.8496	0.9542	0.9677
FOXD1	62.6076	0.9579	0.4044	0.0117	0.0201
FOXD2	394.2898	2.0698	0.1762	0	0
FOXD2-AS1	512.7733	2.6889	0.1624	0	0
FOXD3	4.1361	0.3144	1.012	0.6023	0.6781
FOXD4	11.5568	-0.329	0.7659	0.5829	0.6613
FOXD4L1	1.9671	-0.2181	1.1156	0.6848	0.7514
FOXD4L3	0.5318	0.0593	1.2447	0.8566	NA
FOXD4L4	6.2138	-0.0246	0.9067	0.9684	0.9768
FOXD4L6	1.5401	0.1389	1.1753	0.7657	0.8205
FOXE1	73.7932	0.9715	0.3813	0.0071	0.0126
FOXE3	287.9922	2.2676	0.2245	0	0
FOXF1	3.4107	-0.4036	1.042	0.4958	0.58
FOXF2	2.6324	0.2415	1.0733	0.6723	0.7408
FOXG1	87.7959	-0.0013	0.3472	0.9969	0.998
FOXH1	1.1812	0.3023	1.207	0.4749	NA
FOXJ1	177.3333	0.2139	0.2547	0.3899	0.4753
FOXJ2	255.323	-2.3503	0.2396	0	0
FOXJ3	697.1104	-1.7957	0.1521	0	0
FOXK1	1124.1746	-1.7889	0.1244	0	0
FOXK2	1183.5566	-1.118	0.113	0	0
FOXL1	0.3608	-0.1002	1.2488	0.7529	NA
FOXL2	154.6599	1.0489	0.2728	1e-04	2e-04
FOXM1	7047.0921	0.8321	0.0576	0	0
FOXN1	0.3342	0.1445	1.2516	0.6443	NA
FOXN2	862.6962	1.2763	0.1281	0	0
FOXN3	230.8802	-0.7873	0.2235	3e-04	7e-04
FOXN3-AS1	30.6414	0.8824	0.5741	0.0806	0.1201
FOXO1	2380.3017	1.4513	0.0811	0	0
FOXO3	292.2837	-0.9201	0.2059	0	0
FOXO3B	183.4314	-0.979	0.2604	1e-04	2e-04
FOXO4	27.6612	-1.1935	0.6302	0.0268	0.0437
FOXO6	118.1213	-0.8092	0.3136	0.0074	0.0131
FOXP1	331.5681	-1.6416	0.2028	0	0
FOXP2	0.1898	-0.0377	1.2501	0.9042	NA
FOXP3	1.9764	0.1058	1.1338	0.8379	0.8796
FOXP4	1320.0815	-0.7784	0.1094	0	0
FOXQ1	0.8652	0.2111	1.2115	0.6058	NA
FOXRED1	885.2782	0.7464	0.1203	0	0
FOXRED2	854.3804	0.1273	0.1205	0.2886	0.37
FOXS1	10.3297	0.3061	0.7867	0.6131	0.6876
FPGS	1640.4258	0.5339	0.0962	0	0
FPGT	86.2649	-1.5292	0.3685	0	0
FRA10AC1	110.3894	-1.8419	0.3901	0	0
FRAS1	1833.0033	0.9211	0.091	0	0
FRAT1	22.8713	-0.2439	0.6124	0.6444	0.7162
FRAT2	272.1704	0.7751	0.2015	1e-04	2e-04
FREM2	511.6584	0.686	0.1561	0	0
FRG1	150.5907	-1.6011	0.2861	0	0
FRG1B	33.2924	-1.3845	0.5604	0.0052	0.0094
FRG2	1.7784	-0.1469	1.1407	0.7735	0.8269
FRG2C	0.3418	0.1456	1.2516	0.6419	NA
FRK	37.1085	-0.1193	0.4996	0.7929	0.8418
FRMD1	0.6887	-0.0384	1.2311	0.9154	NA
FRMD3	4.4394	-0.8177	1.062	0.1719	0.236
FRMD4A	308.6421	-2.4038	0.2267	0	0
FRMD4B	26.1657	-1.0877	0.6617	0.0505	0.0786
FRMD5	0.1872	-0.0362	1.2501	0.9079	NA
FRMD6	1219.3259	0.4954	0.1114	0	0
FRMD6-AS1	30.0698	2.3839	0.6258	0	0
FRMD8	489.7719	-3.2984	0.2008	0	0
FRMPD1	0.1803	-0.0353	1.2501	0.9102	NA
FRMPD2	3.7116	0.0944	1.0446	0.8721	0.9051
FRMPD2P1	4.4334	-1.4462	1.1695	0.0141	0.0239
FRMPD3	2.3144	-0.0783	1.11	0.8847	0.9143
FRRS1	36.6921	0.6465	0.5256	0.1715	0.2356
FRRS1L	3.2973	0.214	1.0393	0.7168	0.7797
FRS2	513.5671	0.3975	0.1681	0.0169	0.0284
FRS3	19.3838	-1.2601	0.6865	0.0268	0.0438
FRY	3.5426	-0.0404	1.0226	0.946	0.9621
FRYL	587.0807	-1.4771	0.1562	0	0
FRZB	867.9738	0.9672	0.1418	0	0
FSBP	9.3221	-2.2828	1.22	5e-04	0.001
FSCN1	6402.8696	1.1463	0.1603	0	0
FSCN2	6.9223	0.8982	0.9174	0.1543	0.2147
FSCN3	0.6676	0.2404	1.2461	0.4741	NA
FSD1	81.4744	0.5386	0.3617	0.118	0.169
FSD1L	63.9248	1.4013	0.4829	0.0015	0.0029
FSD2	18.5157	0.9204	0.6809	0.1037	0.1506
FSIP1	10.2755	-0.3744	0.7956	0.538	0.6202
FST	0.4069	-0.115	1.2489	0.7184	NA
FSTL1	12434.4409	1.5338	0.0664	0	0
FSTL3	583.1441	0.3148	0.1436	0.0272	0.0443
FSTL4	0.1804	-0.0353	1.2501	0.9101	NA
FTCDNL1	0.3418	0.1456	1.2516	0.6419	NA
FTH1	90141.3503	1.4742	0.0415	0	0
FTH1P3	14.7067	2.423	0.873	2e-04	4e-04
FTL	41367.7503	1.4709	0.0428	0	0
FTO	754.3504	0.4577	0.131	4e-04	9e-04
FTO-IT1	1.4457	-0.2832	1.1737	0.55	0.6312
FTSJ1	837.2726	0.2899	0.128	0.0227	0.0374
FTSJ2	1012.0144	0.9414	0.1146	0	0
FTSJ3	1295.0027	-0.2843	0.108	0.0082	0.0144
FTX	3.2494	-0.3615	1.0472	0.5393	0.6212
FUBP1	2788.4282	0.1309	0.0754	0.0817	0.1216
FUBP3	2046.6971	0.5824	0.0913	0	0
FUCA1	525.8836	1.315	0.1539	0	0
FUCA2	2809.5163	1.2372	0.0744	0	0
FUK	275.3073	0.9077	0.2037	0	0
FUNDC1	225.8729	0.4571	0.2306	0.0433	0.0684
FUNDC2	1267.8417	1.3743	0.1053	0	0
FUOM	305.7505	1.2095	0.1923	0	0
FURIN	4609.5734	1.5446	0.0657	0	0
FUS	11059.7818	1.0546	0.0508	0	0
FUT1	39.7501	-1.1342	0.5079	0.0137	0.0232
FUT10	384.805	0.4406	0.1726	0.0099	0.0171
FUT11	469.5215	0.8614	0.1662	0	0
FUT2	5.7318	-0.5132	0.9808	0.405	0.4909
FUT3	4.2012	0.1378	0.981	0.8216	0.8655
FUT4	148.5798	-0.7083	0.2816	0.0096	0.0167
FUT5	0.3338	0.1444	1.2516	0.6445	NA
FUT6	0.3789	-0.1045	1.2488	0.7429	NA
FUT8	203.7401	-0.1848	0.2326	0.4178	0.5042
FUT8-AS1	1.9202	0.0328	1.1149	0.9511	0.9656
FUZ	252.7516	0.4011	0.2197	0.0632	0.0964
FXN	414.2504	0.519	0.1686	0.0019	0.0035
FXR1	1682.8812	-1.6283	0.0993	0	0
FXR2	725.0137	-2.2905	0.1445	0	0
FXYD1	11.4411	1.1908	0.8029	0.053	0.0821
FXYD2	19.6926	1.2315	0.6663	0.0276	0.0449
FXYD3	1.5663	0.4851	1.1783	0.3129	0.3965
FXYD5	1195.9674	1.4457	0.1044	0	0
FXYD6	83.5049	0.9274	0.4409	0.0235	0.0387
FXYD7	1.718	0.3921	1.1388	0.4516	0.5369
FYCO1	431.3154	-0.6295	0.1667	1e-04	3e-04
FYN	45.4824	-1.4784	0.4966	0.0011	0.0021
FYTTD1	1094.9747	0.3832	0.1071	3e-04	7e-04
FZD1	489.6913	0.4233	0.1549	0.0059	0.0105
FZD2	2797.9106	1.8697	0.0776	0	0
FZD3	239.117	-1.0028	0.2208	0	0
FZD4	2042.6812	-0.3132	0.0847	2e-04	4e-04
FZD5	2471.7539	0.9362	0.0807	0	0
FZD6	725.121	0.3912	0.1295	0.0024	0.0044
FZD7	693.1785	0.8204	0.1333	0	0
FZD8	143.2471	-0.0557	0.2733	0.8342	0.8764
FZD9	38.9176	-1.6527	0.542	6e-04	0.0013
FZR1	736.1424	-2.4156	0.1469	0	0
G0S2	0.5596	-0.1662	1.2408	0.6281	NA
G2E3	510.6778	-2.4401	0.1714	0	0
G3BP1	4281.2152	0.0665	0.067	0.3202	0.4044
G3BP2	3862.6882	0.0873	0.0676	0.1962	0.265
G6PC3	1895.191	1.3836	0.0871	0	0
G6PD	1733.1799	1.2612	0.0953	0	0
GAA	377.5643	1.4073	0.1754	0	0
GAB1	113.6113	-2.1602	0.3482	0	0
GAB2	2790.2705	1.4311	0.0787	0	0
GAB3	0.3821	-0.1073	1.2489	0.7363	NA
GABARAP	3320.4634	1.4249	0.0743	0	0
GABARAPL1	54.518	-1.2726	0.4503	0.0023	0.0042
GABARAPL2	952.3947	0.9978	0.1171	0	0
GABBR1	63.888	-0.7189	0.4033	0.0582	0.0894
GABBR2	6.8832	-0.0325	0.8848	0.9582	0.97
GABPA	667.4276	-0.7812	0.143	0	0
GABPB1	312.318	-2.0671	0.2114	0	0
GABPB1-AS1	286.3203	2.6729	0.223	0	0
GABPB2	76.5507	-0.944	0.375	0.008	0.014
GABRD	0.7119	-0.0125	1.2191	0.9743	NA
GABRP	0.1903	0.1018	1.2503	0.7458	NA
GABRQ	0.3418	0.1456	1.2516	0.6419	NA
GABRR1	0.5315	0.0593	1.2448	0.8566	NA
GAD1	7.3773	-0.1306	0.8733	0.8332	0.8756
GADD45A	1886.4092	2.849	0.1085	0	0
GADD45B	1966.7582	3.0584	0.1192	0	0
GADD45G	0.6652	0.2393	1.2462	0.4756	NA
GADD45GIP1	2086.4001	1.2346	0.0926	0	0
GADL1	4.1563	0.3269	0.9946	0.5916	0.6683
GAK	1486.8845	0.3155	0.0949	8e-04	0.0017
GAL	128.9208	1.916	0.2997	0	0
GAL3ST1	67.6085	0.8513	0.4084	0.0265	0.0432
GAL3ST2	1.3977	-0.017	1.1685	0.9714	0.9784
GAL3ST3	0.1804	-0.0353	1.2501	0.9101	NA
GAL3ST4	2.2536	0.3648	1.1203	0.4976	0.5816
GALC	185.6483	1.4404	0.2501	0	0
GALE	1724.0755	1.0908	0.0942	0	0
GALK1	425.7366	0.7411	0.1669	0	0
GALK2	102.7597	0.5344	0.318	0.0811	0.1208
GALM	309.5005	0.0729	0.1972	0.7076	0.7715
GALNS	852.1862	1.4104	0.1234	0	0
GALNT1	3208.9116	1.0917	0.0782	0	0
GALNT10	2071.3216	0.4725	0.0831	0	0
GALNT11	607.8112	0.8774	0.1402	0	0
GALNT12	18.5106	0.9486	0.6647	0.0889	0.1312
GALNT14	108.2398	1.1769	0.3195	1e-04	3e-04
GALNT16	20.3111	0.0585	0.6301	0.9135	0.9373
GALNT18	99.8164	1.6846	0.3364	0	0
GALNT2	8753.0044	1.4322	0.0541	0	0
GALNT3	2.9836	-0.1495	1.0567	0.7965	0.8446
GALNT4	585.2916	1.3003	0.1501	0	0
GALNT5	0.3411	0.1453	1.2516	0.6424	NA
GALNT6	358.9179	1.0732	0.1819	0	0
GALNT7	3809.6025	1.2041	0.0679	0	0
GALNT8	0.3418	0.1456	1.2516	0.6419	NA
GALNTL6	0.342	0.1457	1.2516	0.6417	NA
GALR2	2.7667	0.3595	1.1007	0.5165	0.5992
GALR3	0.1904	-0.038	1.2501	0.9034	NA
GALT	168.464	0.4867	0.2695	0.0637	0.097
GAMT	1523.5273	1.332	0.0954	0	0
GAN	112.4125	3e-04	0.3404	0.9993	0.9997
GANAB	20986.4994	1.3146	0.0464	0	0
GANC	114.2678	0.778	0.3084	0.009	0.0156
GAPDH	113682.118	1.2698	0.0497	0	0
GAPDHS	17.5331	2.1217	0.7698	5e-04	0.0011
GAPVD1	836.6994	-1.3404	0.13	0	0
GAR1	645.152	-0.2441	0.1359	0.0706	0.1067
GAREM	124.9282	-1.4738	0.3132	0	0
GAREML	292.4998	-0.1938	0.1989	0.3228	0.4071
GARNL3	26.0029	0.2199	0.5727	0.6628	0.732
GARS	3226.7167	0.4488	0.0737	0	0
GART	2939.5592	0.0582	0.0791	0.461	0.5463
GAS1	14.1807	0.2731	0.7134	0.6374	0.7099
GAS2	3.0038	0.1076	1.0548	0.853	0.8918
GAS2L1	1214.1126	-0.0165	0.107	0.8768	0.9082
GAS2L2	0.5315	0.0593	1.2448	0.8566	NA
GAS2L3	191.0224	-2.2662	0.2712	0	0
GAS5	216.737	-0.9136	0.2452	1e-04	3e-04
GAS5-AS1	2.0905	0.2147	1.1065	0.6938	0.7593
GAS6	23.7819	1.0316	0.6109	0.0506	0.0787
GAS6-AS1	0.3301	0.1436	1.2516	0.6464	NA
GAS6-AS2	0.6815	0.246	1.2454	0.467	NA
GAS7	3.1523	0.0489	1.04	0.9337	0.9531
GAS8	181.8941	-1.1208	0.2524	0	0
GAST	0.3334	0.1443	1.2516	0.6447	NA
GATA2	428.3204	0.7398	0.1674	0	0
GATA3	15.2411	-0.9047	0.735	0.125	0.1782
GATA3-AS1	0.3418	0.1456	1.2516	0.6419	NA
GATA4	2.2955	-0.2594	1.1013	0.6377	0.7101
GATA5	0.3609	-0.1003	1.2488	0.7527	NA
GATA6	409.8598	-0.0983	0.1677	0.5538	0.6349
GATA6-AS1	30.7939	1.8536	0.6132	5e-04	9e-04
GATAD1	353.356	-2.0989	0.1989	0	0
GATAD2A	2737.6999	-0.0388	0.081	0.631	0.7041
GATAD2B	462.7225	-1.9048	0.1735	0	0
GATC	812.5605	-0.5506	0.1236	0	0
GATM	0.3599	-0.1	1.2488	0.7535	NA
GATS	83.39	-0.305	0.3574	0.371	0.4563
GATSL2	48.4609	-1.1005	0.4616	0.0097	0.0168
GATSL3	61.5962	-1.5747	0.4438	1e-04	3e-04
GBA	910.5064	0.8849	0.1227	0	0
GBA2	629.3358	-1.9227	0.1548	0	0
GBAP1	38.1791	0.1934	0.5176	0.679	0.7467
GBAS	1326.5095	0.4922	0.0989	0	0
GBE1	754.2998	0.704	0.1267	0	0
GBF1	1485.3775	-0.1306	0.0996	0.1885	0.2559
GBGT1	0.9153	-0.3165	1.219	0.4312	NA
GBP1	88.9884	0.7494	0.3646	0.0308	0.0498
GBP2	3.8996	1.1592	1.1467	0.0434	0.0685
GBP3	22.8085	-0.2012	0.6139	0.7039	0.7679
GBP4	0.1803	-0.0353	1.2501	0.9102	NA
GBX1	0.1804	-0.0353	1.2501	0.9101	NA
GBX2	195.1244	2.3461	0.2705	0	0
GCA	9.1906	0.3186	0.8196	0.6034	0.6791
GCAT	688.5403	0.6097	0.1366	0	0
GCC1	667.2555	1.199	0.1342	0	0
GCC2	265.3456	-1.7967	0.2228	0	0
GCDH	655.5188	1.0496	0.1381	0	0
GCFC2	241.9021	-0.0985	0.2173	0.6448	0.7165
GCH1	102.6475	-1.9965	0.3573	0	0
GCHFR	415.368	0.791	0.1689	0	0
GCLC	209.972	-3.3035	0.2941	0	0
GCLM	607.3964	-1.137	0.1605	0	0
GCN1L1	3268.4933	0.4311	0.072	0	0
GCNT1	188.6843	-1.6074	0.2704	0	0
GCNT2	284.7984	-1.0154	0.2071	0	0
GCNT3	1.2452	-0.211	1.1856	0.6414	NA
GCNT4	150.0807	-0.6532	0.2824	0.0172	0.0288
GCNT7	1.8717	0.5953	1.1703	0.2337	0.3083
GCOM1	10.3459	2.0715	0.994	0.0018	0.0035
GCSAM	5.2277	-1.1574	1.1154	0.0507	0.0789
GCSH	1696.3347	1.1915	0.1001	0	0
GCSHP3	30.8147	-1.125	0.5659	0.0243	0.0399
GDA	2851.1197	-0.4046	0.084	0	0
GDAP1	13.0542	0.1695	0.7825	0.779	0.831
GDAP2	175.2667	-0.2822	0.2566	0.2601	0.3381
GDE1	2262.7188	0.9587	0.0802	0	0
GDF1	494.5659	1.2244	0.1555	0	0
GDF11	815.9967	0.592	0.1323	0	0
GDF15	742.335	1.4676	0.138	0	0
GDF5	0.7025	-0.0078	1.2304	0.9828	NA
GDF6	1.1297	-0.4003	1.2096	0.3482	NA
GDF7	7.7641	-0.0653	0.8552	0.9159	0.939
GDF9	16.3877	2.1465	0.7933	6e-04	0.0011
GDI1	1708.9023	0.6732	0.0916	0	0
GDI2	4884.2563	0.264	0.0627	0	1e-04
GDPD1	11.1346	-1.5453	0.9373	0.0168	0.0282
GDPD2	1.0734	-0.1644	1.1943	0.707	NA
GDPD3	3.5598	-0.3664	1.0693	0.5252	0.608
GDPD5	192.4776	0.2955	0.2375	0.2042	0.2741
GDPGP1	12.9143	-2.0554	1.0042	0.002	0.0037
GEM	36.251	1.7514	0.5455	3e-04	6e-04
GEMIN2	160.0343	-1.7214	0.2907	0	0
GEMIN4	1446.1805	-1.0876	0.0986	0	0
GEMIN5	941.4646	-1.4281	0.1225	0	0
GEMIN6	148.8896	-1.471	0.2866	0	0
GEMIN7	277.5976	-2.7851	0.2337	0	0
GEMIN8	140.5126	-0.144	0.2929	0.612	0.6868
GEMIN8P4	38.9456	-0.6278	0.4937	0.1629	0.225
GEN1	248.3373	-2.2748	0.272	0	0
GET4	1340.5769	0.1207	0.0984	0.2183	0.2905
GFAP	0.8217	-0.231	1.2351	0.5227	NA
GFER	541.2566	0.0224	0.1472	0.8779	0.9091
GFI1	1.3287	-0.4906	1.2005	0.2757	NA
GFM1	1286.1128	0.3402	0.1001	7e-04	0.0013
GFM2	896.6139	0.8021	0.118	0	0
GFOD1	115.3048	1.4794	0.309	0	0
GFOD2	420.5929	-0.335	0.1831	0.0641	0.0975
GFPT1	1729.295	0.2365	0.0901	0.0085	0.0148
GFPT2	1.1284	-0.4101	1.2079	0.3408	NA
GFRA2	0.8637	0.1896	1.2223	0.6237	NA
GFRA3	0.675	0.2859	1.2368	0.4302	NA
GFY	5.5025	0.6204	0.9648	0.3183	0.4024
GGA1	431.1351	-1.0181	0.1731	0	0
GGA2	1302.1924	-0.9339	0.1033	0	0
GGA3	377.5972	-1.9945	0.1897	0	0
GGACT	130.6222	0.5808	0.2952	0.0422	0.0667
GGCT	1132.9603	0.5615	0.1065	0	0
GGCX	1416.216	1.1188	0.0975	0	0
GGH	1825.4649	1.4502	0.088	0	0
GGN	10.0281	0.887	0.8141	0.1497	0.2091
GGNBP2	484.4557	-2.335	0.1743	0	0
GGPS1	230.919	-0.4733	0.2234	0.031	0.0501
GGT1	28.4723	1.0564	0.579	0.0376	0.0599
GGT5	1.1984	0.3553	1.1941	0.4279	NA
GGT6	0.9924	0.0612	1.1954	0.8876	NA
GGT7	432.3828	1.1291	0.1688	0	0
GHDC	219.239	0.9066	0.2272	0	1e-04
GHITM	5423.6814	1.0024	0.0615	0	0
GHR	1.7786	-0.14	1.1406	0.7839	0.8349
GHRL	0.451	0.1564	1.2503	0.6222	NA
GHRLOS	4.7879	-0.3252	0.9689	0.5974	0.674
GHSR	0.3418	0.1456	1.2516	0.6419	NA
GID4	228.6189	-0.6224	0.2444	0.0092	0.0161
GID8	919.0797	-0.7395	0.12	0	0
GIGYF1	592.8178	-1.53	0.1561	0	0
GIGYF2	1021.8922	-1.9246	0.1186	0	0
GIMAP2	0.7317	-0.2398	1.2291	0.5229	NA
GIN1	52.7166	0.0146	0.4299	0.971	0.9783
GINM1	639.9528	1.1663	0.1442	0	0
GINS1	1655.6329	-0.622	0.0974	0	0
GINS2	1036.7243	0.3403	0.1131	0.0025	0.0047
GINS3	126.7503	-2.4985	0.3399	0	0
GINS4	1335.9509	0.2492	0.1064	0.0187	0.0312
GIPC1	5193.1794	0.5144	0.0633	0	0
GIPC2	7.7189	0.1378	0.8839	0.8244	0.8678
GIPC3	48.4447	0.7011	0.4654	0.102	0.1484
GIT1	1442.2868	-1.0648	0.0979	0	0
GIT2	387.9812	-1.6238	0.1855	0	0
GJA1	4.3881	0.2666	0.9949	0.6613	0.731
GJA3	1.8445	-0.6903	1.1848	0.1605	0.2222
GJA4	0.1805	-0.0354	1.2501	0.91	NA
GJA5	1.9859	-0.4467	1.1549	0.3778	0.4624
GJA9-MYCBP	5.2492	0.4507	1.0019	0.4595	0.5448
GJB2	6.935	-0.7423	0.9283	0.2368	0.3118
GJB3	40.66	0.7246	0.4917	0.1061	0.1537
GJB4	0.5315	0.0593	1.2448	0.8566	NA
GJB5	1.4159	-0.013	1.1822	0.9772	0.9827
GJB6	0.1898	-0.0377	1.2501	0.9042	NA
GJC1	955.9125	-0.7992	0.1208	0	0
GJC2	57.1196	-0.4764	0.4237	0.2292	0.3031
GJD3	117.7443	1.3965	0.3213	0	0
GJD4	1.3759	0.5342	1.22	0.2077	0.2785
GK	132.9265	0.1793	0.3012	0.5383	0.6205
GK3P	0.1893	-0.0374	1.2501	0.9049	NA
GK5	240.437	-1.241	0.223	0	0
GKAP1	30.0472	-2.2117	0.6567	1e-04	2e-04
GKN1	0.3418	0.1456	1.2516	0.6419	NA
GLA	882.407	0.859	0.1177	0	0
GLB1	2618.6097	1.2775	0.0777	0	0
GLB1L	109.9962	0.8549	0.3098	0.0042	0.0077
GLB1L2	1734.9215	1.332	0.0895	0	0
GLCCI1	335.6887	-0.786	0.1908	0	1e-04
GLCE	359.287	-0.1064	0.1998	0.5891	0.6662
GLDC	708.2487	0.5706	0.1347	0	0
GLE1	572.7042	-0.7969	0.1531	0	0
GLG1	6516.5536	1.0396	0.0669	0	0
GLI1	90.5689	-1.7352	0.3641	0	0
GLI2	580.5341	-3.3935	0.1818	0	0
GLI3	1.1012	-0.3984	1.2089	0.3517	NA
GLI4	23.1463	-1.0276	0.6396	0.059	0.0906
GLIDR	44.6489	0.7188	0.4682	0.0953	0.1396
GLIPR1	130.6437	2.9535	0.3323	0	0
GLIPR2	40.0343	0.7963	0.4839	0.072	0.1085
GLIS2	318.2441	-2.2361	0.2095	0	0
GLIS3	804.6443	0.1969	0.1334	0.1374	0.1937
GLIS3-AS1	12.1891	0.6179	0.7658	0.303	0.3853
GLMN	148.8837	-1.2266	0.2811	0	0
GLO1	3030.741	0.8681	0.0721	0	0
GLOD4	1243.6449	-0.3936	0.1025	1e-04	2e-04
GLP1R	0.6676	0.2404	1.2461	0.4741	NA
GLRA1	0.3299	0.1423	1.2516	0.6494	NA
GLRB	440.868	0.2625	0.1688	0.1161	0.1665
GLRX	9.2189	-0.068	0.8323	0.912	0.9365
GLRX2	94.1798	-0.9831	0.3441	0.0028	0.0052
GLRX3	1824.7062	0.6577	0.0889	0	0
GLRX5	2694.266	1.1812	0.0764	0	0
GLS	2526.8085	0.4724	0.0951	0	0
GLS2	29.7837	-0.6297	0.57	0.2102	0.2811
GLT8D1	829.8626	-0.0281	0.1213	0.816	0.8607
GLT8D2	9.1853	0.674	0.8421	0.2769	0.357
GLTP	534.559	0.1412	0.1501	0.3432	0.4289
GLTPD1	541.322	-0.6562	0.1514	0	0
GLTPD2	59.7116	1.1701	0.4197	0.0029	0.0053
GLTSCR1	344.3224	-0.6823	0.206	8e-04	0.0015
GLTSCR1L	160.0432	-1.7932	0.2802	0	0
GLTSCR2	1812.9188	-0.0616	0.09	0.4926	0.5771
GLUD1	8432.6691	0.6924	0.0536	0	0
GLUD1P3	117.7847	4.2007	0.4221	0	0
GLUD1P7	19.423	1.29	0.6917	0.0241	0.0395
GLUD2	20.5489	0.695	0.6292	0.1966	0.2654
GLUL	4073.296	-0.6941	0.0663	0	0
GLYCTK	481.7708	-0.4653	0.1817	0.0096	0.0166
GLYR1	3551.3478	0.8163	0.0708	0	0
GM2A	263.5189	0.7676	0.207	2e-04	3e-04
GMCL1	307.2361	-0.9908	0.1961	0	0
GMDS	633.7587	1.1854	0.1394	0	0
GMDS-AS1	5.9771	0.3291	0.9265	0.5965	0.6731
GMEB1	218.007	-0.7159	0.2313	0.0016	0.003
GMEB2	340.7903	-3.2562	0.2291	0	0
GMFB	1235.5144	-0.1782	0.1095	0.1022	0.1486
GMFG	0.2771	0.1305	1.2512	0.6771	NA
GMIP	410.2486	-0.5722	0.1787	0.0012	0.0023
GMNN	552.8871	-2.5876	0.1695	0	0
GMPPA	535.3179	0.6889	0.1526	0	0
GMPPB	585.1927	-0.2315	0.1443	0.106	0.1535
GMPR	2.7898	0.3796	1.0983	0.4954	0.5797
GMPR2	969.2067	0.6581	0.1157	0	0
GMPS	1180.3019	-1.0791	0.1088	0	0
GNA11	2626.5433	-3e-04	0.0764	0.9967	0.998
GNA12	1648.9066	-0.1201	0.092	0.1904	0.2582
GNA13	1364.4769	0.9827	0.1042	0	0
GNA14	0.3612	-0.1004	1.2488	0.7526	NA
GNAI1	1659.6003	-0.8417	0.0934	0	0
GNAI2	1702.382	0.4141	0.0939	0	0
GNAI3	1874.3831	0.3294	0.0912	3e-04	6e-04
GNAL	28.0524	-0.4971	0.6047	0.3428	0.4285
GNAO1	0.3415	0.1455	1.2516	0.6421	NA
GNAQ	1575.3612	-0.4074	0.1044	1e-04	2e-04
GNAS	26453.3389	1.4412	0.0449	0	0
GNAT2	2.7541	-0.6518	1.1364	0.2266	0.3002
GNAT3	0.1886	-0.037	1.2501	0.9059	NA
GNAZ	11.1611	0.3686	0.772	0.5397	0.6215
GNB1	9536.4934	0.744	0.0585	0	0
GNB1L	207.5693	-0.3105	0.2376	0.1822	0.2484
GNB2	6816.3985	1.2176	0.0579	0	0
GNB2L1	14838.6831	0.9138	0.0498	0	0
GNB3	29.1318	-1.7886	0.6203	8e-04	0.0016
GNB4	215.7491	-0.0832	0.2516	0.7352	0.7956
GNB5	651.3746	0.8621	0.1388	0	0
GNE	482.7721	-1.8643	0.1735	0	0
GNG10	1702.362	1.1597	0.1029	0	0
GNG11	4792.9227	1.4185	0.064	0	0
GNG12	2285.244	0.8406	0.0891	0	0
GNG12-AS1	0.3326	0.1442	1.2516	0.6451	NA
GNG13	0.9964	0.3816	1.2313	0.321	NA
GNG2	1.7484	-0.1558	1.1477	0.7565	0.8132
GNG3	1.0682	-0.3835	1.2101	0.366	NA
GNG4	7.6991	1.1894	0.9066	0.0614	0.0939
GNG5	2275.1588	1.1399	0.0829	0	0
GNG7	113.82	0.8222	0.3286	0.0092	0.016
GNGT1	1.4335	-0.0231	1.1815	0.9595	0.9707
GNL1	2077.0337	0.5646	0.0845	0	0
GNL2	700.2931	-1.0247	0.1364	0	0
GNL3	1347.4694	-2.6641	0.115	0	0
GNL3L	1773.8959	-0.1503	0.0887	0.0894	0.1319
GNMT	6.0161	-0.1276	0.9279	0.8369	0.8788
GNN	1.2356	0.0467	1.1627	0.9228	NA
GNPAT	1159.0594	0.8719	0.1095	0	0
GNPDA1	1377.8469	0.6312	0.1	0	0
GNPDA2	122.3817	-1.2962	0.371	2e-04	5e-04
GNPNAT1	1523.5499	-0.4441	0.0953	0	0
GNPTAB	965.8176	0.6468	0.1277	0	0
GNPTG	530.0362	1.337	0.1546	0	0
GNRH1	10.0499	0.6143	0.8246	0.3186	0.4027
GNRH2	0.1804	-0.0353	1.2501	0.9101	NA
GNRHR	1.6249	-0.5041	1.2071	0.2532	0.3304
GNRHR2	27.9892	1.6555	0.6213	0.002	0.0037
GNS	2903.6681	1.0881	0.0741	0	0
GOLGA1	181.814	-1.7682	0.273	0	0
GOLGA2	540.2258	-2.4555	0.1673	0	0
GOLGA2P5	11.4862	-0.7615	0.7975	0.2122	0.2835
GOLGA2P7	334.6587	0.2439	0.1911	0.196	0.2648
GOLGA3	1122.5753	-0.6776	0.1092	0	0
GOLGA4	1067.3818	-1.2789	0.1158	0	0
GOLGA5	287.3755	-1.72	0.2273	0	0
GOLGA6B	1.3351	0.519	1.2209	0.2171	NA
GOLGA6C	0.6835	0.2469	1.2453	0.4657	NA
GOLGA6L10	18.7026	-0.6313	0.6869	0.2664	0.3453
GOLGA6L4	1.5742	0.1345	1.1736	0.7741	0.8275
GOLGA6L5P	5.3698	-0.476	0.9617	0.4422	0.5278
GOLGA6L9	84.4375	-0.7763	0.3811	0.0315	0.0508
GOLGA7	691.7112	0.2259	0.1314	0.0837	0.1243
GOLGA7B	0.514	0.0592	1.2461	0.8552	NA
GOLGA8A	577.2056	-0.3896	0.146	0.0072	0.0126
GOLGA8B	230.8255	-0.3566	0.2201	0.0992	0.1447
GOLGA8N	0.332	-0.1011	1.2498	0.7489	NA
GOLGA8R	0.334	0.1445	1.2516	0.6444	NA
GOLGB1	697.3377	-0.6078	0.1388	0	0
GOLIM4	3358.3301	0.4222	0.0828	0	0
GOLM1	4827.3307	1.2884	0.0675	0	0
GOLPH3	1064.8606	-0.8522	0.1119	0	0
GOLPH3L	236.5993	-1.766	0.2338	0	0
GOLT1A	2.7736	0.1757	1.0635	0.7604	0.8162
GOLT1B	463.9983	-0.3512	0.1633	0.0299	0.0485
GON4L	386.8479	-1.3604	0.181	0	0
GOPC	547.0232	-1.5942	0.1585	0	0
GORAB	115.8061	0.0343	0.3134	0.9098	0.9346
GORASP1	444.6857	-1.4925	0.1699	0	0
GORASP2	1357.2141	-1.128	0.1018	0	0
GOSR1	583.9273	-1.8643	0.155	0	0
GOSR2	488.3516	-0.9833	0.1796	0	0
GOT1	684.0577	-0.5488	0.1337	0	1e-04
GOT2	4252.8534	0.8373	0.0665	0	0
GP1BA	4.4202	-0.2669	0.9951	0.6609	0.7306
GP1BB	12.4074	3.1528	1.5096	0	0
GP5	0.5141	0.0592	1.2461	0.8553	NA
GP6	0.1904	-0.038	1.2501	0.9034	NA
GPA33	0.3338	0.1444	1.2516	0.6445	NA
GPAA1	4876.6048	1.443	0.0625	0	0
GPALPP1	214.7967	-1.9524	0.2464	0	0
GPAM	243.3366	-2.5145	0.2448	0	0
GPANK1	577.8641	1.3187	0.1525	0	0
GPAT2	0.3803	-0.105	1.2488	0.7418	NA
GPATCH1	144.4645	-1.7059	0.2987	0	0
GPATCH11	122.8635	-2.9239	0.3626	0	0
GPATCH2	158.5473	-0.4735	0.2661	0.0678	0.1028
GPATCH2L	256.9224	0.1721	0.2179	0.4218	0.5082
GPATCH3	149.1527	-2.4972	0.3149	0	0
GPATCH4	1117.0565	-0.4261	0.1166	2e-04	5e-04
GPATCH8	985.8062	-0.7268	0.1265	0	0
GPBAR1	9.8469	-0.1111	0.8537	0.8574	0.8948
GPBP1	954.343	-1.3217	0.1214	0	0
GPBP1L1	721.9048	-1.9266	0.1543	0	0
GPC1	8403.8149	1.339	0.0549	0	0
GPC2	12.3717	-0.217	0.7596	0.7162	0.7793
GPC3	5697.7325	1.5515	0.0597	0	0
GPC4	3290.3483	1.1697	0.0765	0	0
GPC5	30.2944	1.1873	0.5587	0.0164	0.0276
GPC6	1.6457	-0.3321	1.1651	0.4959	0.5801
GPCPD1	262.6388	-1.1888	0.2158	0	0
GPD1	6.503	0.3262	0.9381	0.599	0.6752
GPD1L	196.6898	0.0663	0.2352	0.7735	0.8269
GPD2	1999.458	0.4196	0.106	1e-04	2e-04
GPER1	69.9987	-4e-04	0.3839	0.999	0.9995
GPHA2	0.3325	0.1441	1.2516	0.6452	NA
GPHN	295.5366	-1.4097	0.2042	0	0
GPI	8776.5285	1.023	0.0576	0	0
GPKOW	353.4553	-0.1678	0.1816	0.3498	0.4355
GPLD1	103.006	0.617	0.3218	0.0463	0.0727
GPM6B	5.0551	-1.0498	1.0617	0.0855	0.1267
GPN1	644.6144	0.1672	0.1361	0.2162	0.2882
GPN2	310.1894	-0.2315	0.1901	0.2173	0.2893
GPN3	642.6654	1.1663	0.1382	0	0
GPNMB	22.8185	1.0643	0.6175	0.0453	0.0712
GPR107	1585.3257	-0.3797	0.0924	0	1e-04
GPR108	439.0218	0.535	0.1637	0.001	0.0019
GPR110	93.3074	-0.8729	0.3644	0.0118	0.0203
GPR111	0.8923	-0.0831	1.2053	0.8416	NA
GPR113	19.4811	2.5783	0.7862	0	1e-04
GPR115	0.1804	-0.0353	1.2501	0.9101	NA
GPR116	0.3424	0.1458	1.2516	0.6414	NA
GPR123	0.1896	-0.0375	1.2501	0.9045	NA
GPR124	119.2047	1.5377	0.326	0	0
GPR125	1282.5322	0.4596	0.1021	0	0
GPR126	23.9128	0.2266	0.61	0.6674	0.7364
GPR132	1.7787	0.3525	1.156	0.4808	0.5659
GPR135	44.5698	0.1134	0.4647	0.7913	0.8406
GPR137	425.3878	0.487	0.1765	0.0053	0.0095
GPR137B	10.3609	0.0663	0.7891	0.9128	0.9369
GPR137C	59.7455	-1.4734	0.4642	6e-04	0.0011
GPR143	1.2839	0.3547	1.1893	0.4362	NA
GPR146	21.9747	0.0635	0.6392	0.907	0.9324
GPR150	0.6835	0.2469	1.2453	0.4657	NA
GPR151	0.3418	0.1456	1.2516	0.6419	NA
GPR153	99.1957	-0.0735	0.3275	0.8156	0.8604
GPR155	2.0788	0.4533	1.146	0.3804	0.465
GPR156	0.3788	-0.1045	1.2488	0.7429	NA
GPR157	20.4724	-1.0609	0.672	0.0588	0.0903
GPR158	0.1899	-0.0377	1.2501	0.9042	NA
GPR160	213.562	0.5041	0.2259	0.023	0.0378
GPR161	348.4121	-0.8853	0.1841	0	0
GPR162	200.3015	-0.9451	0.2495	1e-04	2e-04
GPR17	8.6315	0.8441	0.8475	0.1752	0.24
GPR173	6.1781	-0.1729	0.9125	0.7807	0.8324
GPR176	1114.281	1.3723	0.1442	0	0
GPR18	2.1062	0.4644	1.1404	0.3747	0.4597
GPR180	480.7386	-1.3316	0.1728	0	0
GPR182	0.5506	-0.1627	1.2414	0.6335	NA
GPR183	0.3608	-0.1002	1.2488	0.7529	NA
GPR19	10.4087	-0.7104	0.8457	0.2526	0.3297
GPR20	30.7646	-0.7653	0.5512	0.1185	0.1696
GPR21	1.1354	-0.1003	1.2012	0.8128	NA
GPR25	0.3326	0.1442	1.2516	0.6451	NA
GPR27	53.5926	1.6486	0.4432	1e-04	1e-04
GPR3	83.9259	-0.7639	0.3647	0.0277	0.0451
GPR35	1.6385	-0.5982	1.1912	0.2071	0.2777
GPR37	4.9532	-0.2211	0.9695	0.719	0.7816
GPR37L1	2.2726	0.139	1.0898	0.8031	0.85
GPR39	181.7662	-0.3638	0.2467	0.1316	0.1865
GPR4	0.5318	0.0593	1.2447	0.8565	NA
GPR45	1.1316	-0.4013	1.2095	0.3472	NA
GPR56	1.3518	0.6091	1.2102	0.1748	NA
GPR61	0.6676	0.2404	1.2461	0.4741	NA
GPR62	8.594	1.0219	0.8615	0.1033	0.15
GPR63	40.7492	-1.6708	0.5319	5e-04	9e-04
GPR64	2.2981	0.1383	1.0942	0.8029	0.85
GPR68	1.025	0.3931	1.2303	0.3109	NA
GPR75	17.6207	0.069	0.6584	0.9008	0.9279
GPR75-ASB3	24.6612	-3.84	1.667	0	0
GPR82	0.8653	0.2112	1.2115	0.6057	NA
GPR83	0.1802	-0.0352	1.2501	0.9104	NA
GPR87	0.3703	-0.1026	1.2488	0.7475	NA
GPR89A	401.7761	0.2132	0.1683	0.2007	0.2702
GPR89B	151.8053	-0.4596	0.2749	0.0857	0.1269
GPR98	10.7122	0.2366	0.7758	0.6942	0.7597
GPRASP1	6.9389	-0.1803	0.8872	0.7716	0.8254
GPRASP2	191.9947	-1.0688	0.2491	0	0
GPRC5A	2010.3613	1.4328	0.0907	0	0
GPRC5B	718.3653	-1.1417	0.1434	0	0
GPRC5C	1643.787	-0.7969	0.1112	0	0
GPRC5D	1.4286	-0.5505	1.1985	0.2305	0.3047
GPRIN1	254.7138	-0.4285	0.2097	0.0379	0.0603
GPRIN2	105.8482	-1.429	0.343	0	0
GPRIN3	59.0354	0.9647	0.4315	0.0164	0.0276
GPS1	2924.9343	0.9205	0.0753	0	0
GPS2	673.916	-0.0888	0.1444	0.5354	0.6177
GPSM1	80.2793	-0.578	0.3699	0.1002	0.146
GPSM2	544.9801	-1.9244	0.1585	0	0
GPSM3	49.4928	0.5051	0.4383	0.2154	0.2874
GPT	3.7068	-0.0952	1.0081	0.8744	0.9065
GPT2	761.7883	-0.5524	0.1296	0	0
GPX1	5650.6831	1.5448	0.0611	0	0
GPX2	5.5674	0.6291	0.9536	0.3129	0.3965
GPX3	444.1348	1.0133	0.1626	0	0
GPX4	9737.4296	1.6631	0.0549	0	0
GPX7	784.4218	1.35	0.1294	0	0
GPX8	1467.7658	0.5212	0.1006	0	0
GRAMD1A	477.5045	-1.0765	0.1725	0	0
GRAMD1B	4.4781	-0.6002	1.012	0.3251	0.4094
GRAMD1C	15.6092	-0.5004	0.7006	0.3835	0.4684
GRAMD2	86.4412	-2.1509	0.4178	0	0
GRAMD3	197.4729	-1.6644	0.257	0	0
GRAMD4	505.9539	-0.2313	0.1552	0.1326	0.1877
GRAPL	1.8777	0.2569	1.1415	0.6162	0.6905
GRASP	21.4666	-2.2506	0.7547	2e-04	4e-04
GRB10	216.9248	-1.4141	0.2406	0	0
GRB14	143.3169	-0.7058	0.3072	0.0174	0.0291
GRB2	2821.8291	-0.1357	0.0795	0.087	0.1288
GRB7	168.1625	-3.1027	0.3172	0	0
GREB1	2.79	-0.4816	1.0914	0.3947	0.4801
GREB1L	278.7378	-0.7501	0.2095	3e-04	6e-04
GREM1	0.1804	-0.0353	1.2501	0.9101	NA
GREM2	0.1804	-0.0353	1.2501	0.9101	NA
GRHL1	62.1947	-1.8779	0.4851	0	1e-04
GRHL2	1.6518	-0.6162	1.1898	0.1972	0.266
GRHL3	259.6873	-2.8007	0.2544	0	0
GRHPR	1681.3865	1.0121	0.0948	0	0
GRIA4	0.1807	-0.0354	1.2501	0.9098	NA
GRID1	14.7993	0.7773	0.7218	0.1832	0.2495
GRID2	0.3614	-0.1005	1.2488	0.7523	NA
GRIK1	0.1904	-0.038	1.2501	0.9034	NA
GRIK1-AS2	0.1804	-0.0353	1.2501	0.9101	NA
GRIK4	1.2335	0.0472	1.1769	0.9187	NA
GRIK5	1.5002	0.1262	1.1597	0.7956	0.8437
GRIN1	0.3412	0.1462	1.2517	0.6403	NA
GRIN2C	1.4184	-0.5168	1.1958	0.2608	0.3389
GRIN2D	50.2702	-0.5569	0.4726	0.1998	0.2691
GRIN3A	0.3702	-0.1025	1.2488	0.7475	NA
GRIN3B	297.6392	1.1622	0.2031	0	0
GRINA	1830.921	0.525	0.0883	0	0
GRIP1	8.1021	-0.6749	0.8709	0.2795	0.3596
GRIPAP1	239.7721	-1.2097	0.2365	0	0
GRK4	53.3663	1.7378	0.4757	1e-04	1e-04
GRK5	20.1562	-0.9326	0.6565	0.0919	0.1351
GRK5-IT1	0.3418	0.1456	1.2516	0.6419	NA
GRK6	1650.7358	0.1575	0.0945	0.0945	0.1386
GRM2	3.4978	-0.7788	1.1178	0.1666	0.2296
GRM4	0.1804	-0.0353	1.2501	0.9101	NA
GRM5	0.7211	-0.1977	1.2406	0.5674	NA
GRM8	1.2149	0.3079	1.2054	0.47	NA
GRN	5666.0216	1.5829	0.0675	0	0
GRPEL1	1210.2799	0.6351	0.1163	0	0
GRPEL2	661.4104	-0.0193	0.1337	0.8845	0.9141
GRPR	49.292	0.4455	0.4477	0.2833	0.3639
GRSF1	1834.0568	-1.4019	0.0949	0	0
GRTP1	161.4691	-1.3048	0.2694	0	0
GRWD1	770.6371	-1.0079	0.1383	0	0
GS1-24F4.2	1.6147	-0.0845	1.1504	0.8652	0.9002
GS1-251I9.4	81.9731	0.228	0.3548	0.5009	0.5847
GS1-259H13.2	1.055	0.1135	1.1919	0.7964	NA
GSAP	5.5537	0.3648	0.9304	0.5572	0.6379
GSC	0.9018	-0.0864	1.2047	0.8359	NA
GSDMB	10.7348	-1.3783	0.9027	0.0311	0.0502
GSDMC	1.8997	0.27	1.1397	0.6	0.676
GSDMD	463.5061	0.1922	0.1648	0.2388	0.3139
GSE1	191.578	-0.9603	0.2477	1e-04	2e-04
GSG1	6.8594	0.5631	0.9106	0.3675	0.4534
GSG2	1228.7118	1.8658	0.1101	0	0
GSK3A	1434.8589	-0.4443	0.0998	0	0
GSK3B	866.5261	-1.9457	0.1287	0	0
GSKIP	198.1378	-1.8792	0.254	0	0
GSN	882.2868	1.3584	0.1395	0	0
GSN-AS1	1.9112	0.0322	1.1363	0.9501	0.965
GSPT1	4885.9644	0.2868	0.0653	0	0
GSR	3449.8708	0.8289	0.0813	0	0
GSS	1477.4556	0.9427	0.0954	0	0
GSTA1	0.1339	-0.01	1.2498	0.9746	NA
GSTA4	138.4363	0.7449	0.2854	0.0072	0.0126
GSTCD	572.0201	-0.5183	0.1561	8e-04	0.0016
GSTK1	862.6714	1.1878	0.1223	0	0
GSTM2	33.6551	1.1829	0.5303	0.0129	0.022
GSTM3	2503.8925	1.2331	0.0832	0	0
GSTM4	446.7805	0.7164	0.1639	0	0
GSTO1	973.3706	0.8671	0.1137	0	0
GSTO2	487.3225	0.7811	0.1543	0	0
GSTP1	39555.9055	1.4487	0.045	0	0
GSTT2	0.331	0.1438	1.2516	0.6459	NA
GSTT2B	44.3212	1.0917	0.4689	0.0113	0.0195
GSTZ1	135.5741	1.1764	0.2831	0	0
GTDC1	187.76	-0.0545	0.241	0.8173	0.8617
GTF2A1	830.7509	-1.5837	0.1364	0	0
GTF2A2	1017.3505	0.2189	0.1109	0.0474	0.0743
GTF2B	130.27	-1.4832	0.3071	0	0
GTF2E1	888.9624	1.032	0.1179	0	0
GTF2E2	496.2005	-0.226	0.1538	0.1384	0.1949
GTF2F1	1272.322	-0.6187	0.102	0	0
GTF2F2	414.3276	-0.5475	0.1766	0.0017	0.0033
GTF2H1	569.2528	-1.2737	0.1618	0	0
GTF2H2	164.4271	-0.9604	0.2639	2e-04	4e-04
GTF2H2B	458.0387	-0.5914	0.1716	5e-04	0.001
GTF2H2C	349.445	-1.3747	0.1889	0	0
GTF2H3	955.5431	0.1996	0.1221	0.1004	0.1463
GTF2H4	587.8094	0.4736	0.1455	0.001	0.002
GTF2H5	487.2129	1.3351	0.1563	0	0
GTF2I	2930.0497	-0.4311	0.081	0	0
GTF2IP1	918.0743	-0.4204	0.1168	3e-04	6e-04
GTF2IRD1	315.4952	-1.9785	0.2056	0	0
GTF2IRD1P1	20.4393	-3.4581	1.5187	0	0
GTF2IRD2	68.5037	0.8661	0.3844	0.0172	0.0289
GTF2IRD2B	140.3693	-0.3067	0.2889	0.2738	0.3534
GTF3A	2644.6372	1.2148	0.0765	0	0
GTF3C1	2437.1023	-0.0844	0.0785	0.2815	0.3619
GTF3C2	2789.3226	0.4485	0.0784	0	0
GTF3C3	929.2267	-0.0863	0.1253	0.4884	0.5731
GTF3C4	2876.6077	2.278	0.0822	0	0
GTF3C5	694.9785	-2.3911	0.1567	0	0
GTF3C6	1978.1762	1.0802	0.0897	0	0
GTPBP1	963.4221	0.0231	0.1136	0.8384	0.88
GTPBP10	162.8512	-2.4597	0.303	0	0
GTPBP2	440.3339	-2.6284	0.1981	0	0
GTPBP3	645.0513	-1.3408	0.1448	0	0
GTPBP4	1439.8487	-1.1994	0.1058	0	0
GTPBP6	2414.6667	0.903	0.0805	0	0
GTPBP8	106.4243	-1.2147	0.3347	2e-04	3e-04
GTSE1	1735.4301	-1.1294	0.0931	0	0
GTSE1-AS1	64.4398	3.0048	0.4554	0	0
GUCA1B	2.9905	-1.0546	1.1715	0.0531	0.0823
GUCA2A	11.6309	1.2717	0.8035	0.0391	0.0621
GUCA2B	14.9559	1.4087	0.7517	0.0187	0.0312
GUCD1	935.479	-1.1291	0.1186	0	0
GUCY1A2	1.0727	-0.1485	1.1943	0.734	NA
GUCY1A3	0.1322	-0.0117	1.2497	0.9702	NA
GUCY1B2	1.5259	0.4101	1.1944	0.3642	0.4503
GUCY1B3	10.3041	-0.963	0.8386	0.1217	0.1738
GUCY2C	2.3372	-0.3327	1.0993	0.5485	0.6301
GUF1	648.4033	-0.2017	0.1368	0.1377	0.1941
GUK1	4113.0025	1.646	0.068	0	0
GULP1	1077.7502	-0.0965	0.113	0.3908	0.4761
GUSB	1163.4074	1.2979	0.1126	0	0
GUSBP1	28.1309	-1.7687	0.676	0.0018	0.0034
GUSBP11	53.0314	-0.3359	0.4339	0.4063	0.4921
GUSBP2	1.1299	-0.4004	1.2096	0.3481	NA
GUSBP3	0.9089	-0.3129	1.2193	0.4356	NA
GUSBP4	0.9402	-0.3252	1.2179	0.4221	NA
GUSBP5	16.5142	-0.523	0.7002	0.3623	0.4484
GUSBP9	2.1833	-0.2203	1.1505	0.6601	0.73
GXYLT1	1125.0672	-1.012	0.1229	0	0
GXYLT2	2.4802	-0.1438	1.0822	0.7985	0.8463
GYG1	738.323	0.2075	0.1294	0.1068	0.1546
GYG2	1313.465	-0.154	0.1037	0.136	0.1919
GYLTL1B	185.8113	0.7036	0.2501	0.004	0.0073
GYS1	3870.3799	0.6796	0.0737	0	0
GYS2	0.8793	-0.0961	1.2059	0.8168	NA
GZF1	381.9278	-0.2916	0.192	0.1239	0.1767
GZMM	3.467	0.3342	1.0467	0.5702	0.6497
H1F0	2121.5746	0.6673	0.0885	0	0
H1FX	6520.3347	1.3627	0.0581	0	0
H1FX-AS1	52.3575	0.8217	0.4403	0.0446	0.0702
H2AFB3	1.4221	-0.2699	1.178	0.5633	0.6437
H2AFJ	91.9668	1.5439	0.3521	0	0
H2AFV	5772.7702	1.1396	0.0591	0	0
H2AFX	14576.1398	1.6538	0.0509	0	0
H2AFY	6607.6329	1.1891	0.0569	0	0
H2AFY2	283.2608	0.2252	0.2091	0.2738	0.3534
H2AFZ	12618.1368	1.0327	0.0522	0	0
H2BFXP	9.7629	-0.1671	0.8041	0.784	0.8349
H3F3A	9866.8386	1.367	0.0534	0	0
H3F3AP4	1396.1922	1.1875	0.0982	0	0
H3F3B	9258.5615	0.3513	0.0551	0	0
H3F3C	2.2617	0.366	1.1201	0.4964	0.5805
H6PD	874.2733	0.1735	0.122	0.1529	0.213
HAAO	213.6227	0.8077	0.2328	4e-04	8e-04
HABP4	711.1773	-0.0169	0.1349	0.8996	0.9267
HACE1	225.0673	-0.117	0.2216	0.591	0.6678
HACL1	367.7202	0.3914	0.1776	0.0258	0.0422
HADH	1516.1978	1.1824	0.0943	0	0
HADHA	2682.0491	1.0234	0.0755	0	0
HADHB	1822.5236	1.1361	0.0876	0	0
HAGH	638.087	0.9485	0.1379	0	0
HAGHL	69.7713	0.8856	0.3811	0.0141	0.024
HAL	0.2025	-0.0445	1.25	0.887	NA
HAND1	0.1905	-0.0381	1.2501	0.9032	NA
HAP1	50.816	-2.005	0.5406	0	1e-04
HAPLN1	20.4958	1.4226	0.6598	0.0105	0.0181
HAPLN2	1.0253	0.3932	1.2303	0.3108	NA
HAPLN3	2046.4371	1.5617	0.0914	0	0
HAPLN4	0.1899	-0.0377	1.2501	0.9041	NA
HAR1A	1.6962	0.3104	1.1734	0.514	0.5966
HARBI1	40.7904	-0.3558	0.4855	0.423	0.5093
HARS	1464.4814	0.1851	0.1093	0.0888	0.1311
HARS2	256.4669	-1.6248	0.2258	0	0
HAS1	0.3705	-0.1027	1.2488	0.7471	NA
HAS3	311.5031	-1.4898	0.2315	0	0
HAT1	2005.4826	0.8065	0.0856	0	0
HAUS1	563.5996	-0.1293	0.1442	0.3665	0.4524
HAUS2	461.6739	-0.0819	0.1594	0.6043	0.6798
HAUS3	373.8883	0.3873	0.1744	0.0248	0.0406
HAUS4	774.3349	0.5226	0.1258	0	1e-04
HAUS5	364.6376	-0.724	0.1851	1e-04	2e-04
HAUS6	863.0645	-1.3777	0.1335	0	0
HAUS7	646.7715	1.1117	0.1415	0	0
HAUS8	267.5258	-4.4018	0.3282	0	0
HAVCR1	265.6409	0.4306	0.2105	0.0377	0.06
HAVCR1P1	0.1804	-0.0353	1.2501	0.9101	NA
HAVCR2	6.3231	0.8921	0.9524	0.1564	0.2173
HAX1	1261.3288	0.9312	0.1027	0	0
HBEGF	129.0398	1.703	0.2985	0	0
HBP1	125.0601	-2.5439	0.3657	0	0
HBS1L	1462.4282	0.567	0.1059	0	0
HCAR1	16.3233	-0.693	0.6968	0.2263	0.2999
HCAR2	0.5506	-0.1628	1.2414	0.6335	NA
HCAR3	0.1802	-0.0352	1.2501	0.9103	NA
HCCS	755.9015	0.2995	0.1272	0.0179	0.0298
HCFC1	5405.3861	-0.6419	0.0609	0	0
HCFC1R1	842.8893	1.1202	0.1227	0	0
HCFC2	57.6609	-2.1977	0.474	0	0
HCG11	250.5377	-0.4715	0.2149	0.0257	0.042
HCG16	1.4744	-0.2485	1.1911	0.5777	0.6566
HCG17	0.5709	-0.1452	1.2489	0.6506	NA
HCG18	301.653	-0.7881	0.2008	1e-04	1e-04
HCG26	0.5131	0.0589	1.2461	0.856	NA
HCG27	3.0611	0.8277	1.0968	0.1538	0.2141
HCG4	0.7214	-0.0137	1.2291	0.9701	NA
HCG4B	0.1802	-0.0352	1.2501	0.9103	NA
HCG8	9.2752	-0.7498	0.9059	0.2322	0.3066
HCLS1	2.4624	0.0722	1.0788	0.8984	0.9256
HCN2	266.7613	0.9017	0.2078	0	0
HCN3	185.2169	1.7218	0.2509	0	0
HCN4	0.7405	-0.2458	1.2278	0.5161	NA
HCP5	2.8477	-0.0327	1.08	0.9538	0.9674
HCRTR1	0.1897	-0.0376	1.2501	0.9044	NA
HCST	6.0858	1.5009	1.0711	0.0176	0.0295
HDAC1	5095.4197	1.3542	0.0619	0	0
HDAC10	205.8766	0.1279	0.2341	0.5776	0.6565
HDAC11	32.1001	-2.0155	0.6215	2e-04	4e-04
HDAC11-AS1	0.3429	0.1468	1.2517	0.6391	NA
HDAC2	2759.7827	0.008	0.0799	0.9201	0.9426
HDAC3	1369.0069	0.5489	0.0975	0	0
HDAC4	327.0572	-2.4097	0.2092	0	0
HDAC5	443.863	-0.1532	0.1667	0.3535	0.4393
HDAC6	538.3054	0.4288	0.1482	0.0035	0.0065
HDAC7	2357.3736	-1.6917	0.083	0	0
HDAC8	326.2839	0.6281	0.185	6e-04	0.0012
HDAC9	1234.0116	-1.2589	0.1064	0	0
HDDC2	1566.4093	0.9448	0.0929	0	0
HDDC3	87.9254	0.1095	0.3412	0.7376	0.7974
HDGF	17085.4763	1.0418	0.0534	0	0
HDGFRP2	1654.9879	0.2737	0.0958	0.0042	0.0076
HDGFRP3	1424.7255	0.2538	0.1007	0.0115	0.0197
HDHD1	1053.3976	0.0843	0.1099	0.441	0.5266
HDHD2	392.3776	-0.0246	0.1791	0.8895	0.918
HDHD3	114.5934	-3.2808	0.3977	0	0
HDLBP	20802.3297	1.1875	0.0461	0	0
HEATR1	2473.7603	0.0957	0.0777	0.217	0.2891
HEATR2	3542.6831	1.1329	0.0694	0	0
HEATR3	307.6953	-0.7471	0.2024	2e-04	4e-04
HEATR5A	537.0001	-0.3776	0.1486	0.0104	0.018
HEATR5B	284.1565	-1.9169	0.2151	0	0
HEATR6	226.985	-1.8255	0.238	0	0
HEBP1	885.684	0.526	0.1256	0	1e-04
HEBP2	1715.1476	1.1018	0.0937	0	0
HECA	208.8104	0.0403	0.232	0.8596	0.8962
HECTD1	2209.983	-0.9549	0.083	0	0
HECTD2	98.1402	0.0103	0.3279	0.974	0.9803
HECTD3	530.8252	-0.3571	0.1504	0.0167	0.028
HECTD4	558.8066	-1.3207	0.1566	0	0
HECW1	1.4897	-0.5548	1.1943	0.2334	0.3079
HEG1	1463.2521	0.2896	0.0951	0.0022	0.0042
HEIH	78.0567	1.0899	0.3638	0.0016	0.0031
HELB	32.3457	-2.8615	0.7338	0	0
HELLS	1033.7321	-0.3333	0.1112	0.0026	0.0048
HELQ	202.3503	0.7461	0.2377	0.0014	0.0026
HELZ	549.0322	-1.7666	0.1566	0	0
HELZ2	123.6234	-1.6955	0.3279	0	0
HEMK1	211.9525	0.8212	0.2279	2e-04	5e-04
HENMT1	0.9826	0.0785	1.1963	0.8557	NA
HEPACAM	0.5506	-0.1628	1.2414	0.6335	NA
HEPH	5.6741	1.1281	1.0016	0.0736	0.1108
HEPHL1	1.0361	0.1209	1.1932	0.7825	NA
HERC1	416.8563	-1.8842	0.1786	0	0
HERC2	2037.7264	-0.0958	0.0908	0.2897	0.3711
HERC2P10	4.8725	0.2992	0.9585	0.6279	0.7013
HERC2P2	268.2956	-2.5428	0.2356	0	0
HERC2P3	92.4457	-2.1564	0.377	0	0
HERC2P7	3.0279	-0.0811	1.0717	0.8868	0.9159
HERC2P9	112.8166	-1.6714	0.328	0	0
HERC3	222.8581	0.5061	0.226	0.0225	0.0372
HERC4	356.051	-1.2358	0.1869	0	0
HERC5	20.9984	1.0164	0.6533	0.0654	0.0994
HERC6	29.9457	0.1956	0.5534	0.691	0.757
HERPUD1	1069.7221	-1.2061	0.1145	0	0
HERPUD2	143.4321	-2.1194	0.3046	0	0
HES1	1655.5787	1.3187	0.0924	0	0
HES2	6.6293	-0.5324	0.9308	0.3933	0.4786
HES4	361.4453	-0.2017	0.1773	0.2499	0.3267
HES5	8.4238	1.4075	0.916	0.0282	0.0458
HES6	254.0217	-1.0675	0.2227	0	0
HES7	0.7431	-0.2475	1.2277	0.5138	NA
HESX1	2.066	0.4162	1.1172	0.4432	0.5288
HEXA	1484.0107	1.3299	0.1004	0	0
HEXA-AS1	0.8481	0.1843	1.2232	0.6316	NA
HEXB	3640.4251	1.556	0.073	0	0
HEXDC	158.1604	-0.4877	0.2657	0.0596	0.0915
HEXIM1	1808.8547	-0.007	0.0996	0.9437	0.9603
HEXIM2	152.019	-0.3672	0.2844	0.1835	0.2499
HEY1	41.195	1.9732	0.519	0	1e-04
HEY2	5.1986	-0.2429	0.9641	0.6932	0.7588
HEYL	12.8032	-0.3742	0.7439	0.527	0.6096
HFE	108.2684	0.6133	0.3116	0.0414	0.0655
HFM1	0.3946	-0.1112	1.2489	0.7271	NA
HGD	38.0362	1.0278	0.5091	0.0257	0.042
HGFAC	7.8319	-0.3468	0.8622	0.5761	0.6552
HGS	1027.5847	-1.0085	0.1181	0	0
HGSNAT	888.0021	0.7063	0.1254	0	0
HHAT	15.6532	1.0448	0.7086	0.0712	0.1074
HHEX	202.4709	0.4102	0.2403	0.0813	0.121
HHIP-AS1	0.5505	-0.1627	1.2414	0.6335	NA
HHIPL1	14.7143	0.266	0.7088	0.645	0.7167
HHIPL2	0.6753	0.2861	1.2368	0.43	NA
HHLA3	224.9154	1.3383	0.2255	0	0
HIAT1	736.7234	-1.0988	0.1339	0	0
HIATL1	1785.8469	-0.1629	0.0972	0.0927	0.1361
HIATL2	34.2497	-0.0452	0.5185	0.923	0.9449
HIBADH	829.0595	1.1796	0.1264	0	0
HIBCH	990.0227	0.955	0.1178	0	0
HIC1	51.5688	-0.305	0.4346	0.4514	0.5367
HIC2	532.4121	-0.1345	0.1514	0.3703	0.4557
HID1	198.4044	-0.1123	0.2509	0.6469	0.7184
HIF1A	1524.9326	-0.8062	0.1058	0	0
HIF1A-AS1	0.3844	-0.1063	1.2488	0.7387	NA
HIF1A-AS2	226.8984	-0.3115	0.2238	0.1563	0.2172
HIF1AN	629.1618	-2.8011	0.1631	0	0
HIGD1A	4287.1291	1.1115	0.0718	0	0
HIGD1B	0.664	-0.203	1.2339	0.5749	NA
HIGD2A	1125.2722	1.168	0.1093	0	0
HILPDA	149.8163	-0.4671	0.2754	0.0813	0.121
HINFP	82.9851	-2.2906	0.4259	0	0
HINT1	4754.1974	1.3758	0.0645	0	0
HINT2	309.9572	0.7847	0.1933	0	1e-04
HINT3	391.9586	-1.3233	0.1783	0	0
HIP1	1254.6139	-0.0326	0.1016	0.7471	0.8055
HIP1R	940.9071	-0.495	0.1193	0	1e-04
HIPK1	932.3875	-1.7566	0.1225	0	0
HIPK2	2038.7873	0.1447	0.0882	0.1001	0.1458
HIPK3	872.3115	-0.5984	0.1286	0	0
HIPK4	3.0137	-0.2788	1.08	0.6231	0.6968
HIRA	1314.594	-0.8019	0.1023	0	0
HIRIP3	864.2005	0.3257	0.1191	0.006	0.0107
HIST1H1B	4.7454	1.2014	1.0816	0.0494	0.0769
HIST1H1C	324.2684	1.7182	0.198	0	0
HIST1H1D	0.188	-0.0366	1.2501	0.9068	NA
HIST1H1E	7.5058	0.2492	0.8676	0.6878	0.7542
HIST1H1T	0.3418	0.1456	1.2516	0.6419	NA
HIST1H2AB	4.0406	0.3628	1.0178	0.5468	0.6284
HIST1H2AC	36.1361	1.1136	0.5131	0.0163	0.0274
HIST1H2AD	3.2685	0.3173	1.1055	0.5632	0.6437
HIST1H2AE	3.9644	0.389	1.0035	0.5221	0.6048
HIST1H2AG	27.6986	1.2604	0.5849	0.0138	0.0235
HIST1H2AH	6.9205	0.5358	0.885	0.3903	0.4756
HIST1H2AI	6.847	0.4093	0.9022	0.5112	0.5944
HIST1H2AK	0.8575	0.2126	1.2121	0.6024	NA
HIST1H2AL	4.8523	0.6922	0.987	0.2637	0.3422
HIST1H2AM	35.1969	1.3927	0.5269	0.0032	0.006
HIST1H2BC	12.0773	1.2423	0.795	0.0428	0.0677
HIST1H2BD	71.2003	1.4028	0.4087	3e-04	5e-04
HIST1H2BF	3.2557	0.434	1.0455	0.4632	0.5483
HIST1H2BG	0.5405	-0.14	1.2488	0.6622	NA
HIST1H2BJ	10.7663	0.8967	0.8113	0.1449	0.2029
HIST1H2BK	478.0842	1.7754	0.1624	0	0
HIST1H2BL	5.6502	0.5358	0.9518	0.3889	0.4742
HIST1H2BM	0.3608	-0.1002	1.2488	0.7529	NA
HIST1H2BN	1.7281	0.3869	1.1409	0.4556	0.5408
HIST1H2BO	4.4279	0.8132	1.0432	0.1799	0.2457
HIST1H3A	1.255	-0.2211	1.183	0.6289	NA
HIST1H3B	3.9569	0.1665	1.0261	0.7798	0.8317
HIST1H3D	18.3055	1.0027	0.7312	0.0885	0.1307
HIST1H3E	1.2613	-0.387	1.2173	0.3475	NA
HIST1H3H	26.6617	1.506	0.5986	0.0038	0.007
HIST1H3J	2.1094	-0.0175	1.1466	0.9722	0.979
HIST1H4A	3.4213	-0.1811	1.057	0.7549	0.8121
HIST1H4B	2.0551	0.1903	1.1258	0.718	0.7808
HIST1H4C	9.4219	1.5497	0.914	0.0161	0.0272
HIST1H4D	2.8802	0.5953	1.0795	0.3036	0.3859
HIST1H4E	2.2162	-0.5138	1.1495	0.3201	0.4043
HIST1H4H	1.3422	0.6107	1.2091	0.1754	NA
HIST1H4I	0.6835	0.2915	1.2364	0.423	NA
HIST1H4J	21.791	0.1379	0.6372	0.7994	0.8471
HIST2H2AA3	149.1983	0.3664	1.1867	0.4259	0.5117
HIST2H2AA4	81.9578	0.0878	1.2415	0.7947	0.8431
HIST2H2AB	0.5569	-0.1667	1.241	0.6266	NA
HIST2H2AC	61.6967	1.2829	0.413	9e-04	0.0018
HIST2H2BC	76.6427	2.0157	0.392	0	0
HIST2H2BE	79.8633	2.3305	0.388	0	0
HIST2H2BF	9.3058	0.0074	0.815	0.9903	0.9929
HIST2H3A	3.0374	-0.8802	1.1896	0.0834	0.1239
HIST2H3C	13.0968	1.0697	0.8689	0.0891	0.1314
HIST2H3D	3.0983	0.4749	1.0841	0.4052	0.4911
HIST2H4A	20.8751	0.3924	1.1423	0.4481	0.5338
HIST2H4B	2.9568	-0.8575	1.19	0.0896	0.1321
HIST3H2A	83.9153	1.2421	0.3577	3e-04	5e-04
HIST3H2BB	3.196	0.9853	1.1501	0.076	0.114
HIST4H4	1.0241	0.0919	1.2067	0.8242	NA
HIVEP1	639.0506	1.6862	0.1435	0	0
HIVEP2	271.7264	0.9678	0.2042	0	0
HIVEP3	566.5433	0.1558	0.1566	0.3156	0.3994
HJURP	838.7042	-1.5218	0.1372	0	0
HK1	1553.1948	0.5542	0.0968	0	0
HK2	717.9487	-1.5229	0.1622	0	0
HKDC1	296.4331	0.1364	0.1982	0.4851	0.5698
HKR1	127.3526	-2.0553	0.3186	0	0
HLA-A	3793.4682	1.7477	0.0703	0	0
HLA-B	215.3306	1.3901	0.2323	0	0
HLA-C	763.2236	1.5434	0.1336	0	0
HLA-DMA	24.3798	1.0451	0.5999	0.0449	0.0707
HLA-DMB	250.8003	0.9728	0.2608	1e-04	3e-04
HLA-DOA	1.5711	0.3869	1.1706	0.4238	0.51
HLA-DQB1	0.6662	0.2397	1.2461	0.4749	NA
HLA-E	1029.237	-0.0505	0.1159	0.6615	0.7311
HLA-F	0.3338	0.1444	1.2516	0.6445	NA
HLA-F-AS1	1.6239	-0.6086	1.196	0.1942	0.2628
HLA-G	0.3368	0.1451	1.2516	0.6429	NA
HLA-H	20.4137	1.1645	0.6991	0.0428	0.0677
HLA-J	0.5598	-0.1664	1.2408	0.6279	NA
HLA-L	6.8768	0.9079	0.9154	0.15	0.2093
HLCS	538.8399	0.1448	0.1504	0.3315	0.4163
HLF	1.5922	-0.0956	1.1518	0.8473	0.887
HLTF	1141.4093	-0.3838	0.1058	3e-04	6e-04
HLX	2.1571	-0.2782	1.1066	0.611	0.686
HM13	2915.2748	1.0293	0.0761	0	0
HMBOX1	314.7542	-0.7741	0.2414	0.001	0.002
HMBS	1102.9428	-0.0577	0.1089	0.5946	0.6713
HMCES	1098.9715	-0.3952	0.1077	2e-04	5e-04
HMCN1	7.7336	0.0756	0.8657	0.9029	0.929
HMCN2	0.1899	-0.0377	1.2501	0.9041	NA
HMG20A	388.1563	-1.9666	0.186	0	0
HMG20B	1441.6452	0.5573	0.0953	0	0
HMGA1	9789.1387	1.3549	0.0576	0	0
HMGA2	24024.3042	0.7873	0.0517	0	0
HMGB1	22189.1806	1.2264	0.0494	0	0
HMGB2	4270.4182	-0.1576	0.0687	0.0216	0.0357
HMGB3	1825.4002	0.1135	0.0925	0.2182	0.2904
HMGB3P1	0.1898	-0.0377	1.2501	0.9042	NA
HMGCL	164.2294	-0.827	0.2609	0.0012	0.0022
HMGCR	1362.3282	-1.4015	0.1226	0	0
HMGCS1	457.7883	-0.8361	0.173	0	0
HMGN1	11823.1726	1.3429	0.0505	0	0
HMGN2	21375.9027	1.0401	0.0475	0	0
HMGN3	4136.3798	1.1743	0.0729	0	0
HMGN3-AS1	106.471	2.714	0.3486	0	0
HMGN4	389.8773	-1.038	0.1939	0	0
HMGN5	118.5979	0.9708	0.3072	0.0011	0.0021
HMGXB3	1030.4212	-0.8349	0.1165	0	0
HMGXB4	382.1316	-3.4295	0.2381	0	0
HMHA1	516.3943	-0.3971	0.1556	0.01	0.0174
HMMR	683.1668	-1.0962	0.1406	0	0
HMOX1	38.0261	0.154	0.4903	0.7308	0.7917
HMOX2	443.4625	-0.4178	0.1746	0.0156	0.0263
HMP19	0.5719	-0.1455	1.2489	0.6501	NA
HMSD	16.8652	0.3217	0.675	0.5671	0.6469
HMX2	43.5447	-0.0936	0.466	0.8274	0.8705
HN1	2363.2396	-0.0096	0.0824	0.9069	0.9324
HN1L	2899.7202	-0.7646	0.0755	0	0
HNF1A	185.7685	-2.2315	0.2679	0	0
HNF1A-AS1	3.0326	-0.2875	1.0758	0.6143	0.6888
HNF1B	270.131	-1.1273	0.2135	0	0
HNF4A	10.8836	-1.7023	0.9403	0.0089	0.0155
HNF4G	7.7154	-2.0558	1.1974	0.0013	0.0026
HNMT	123.6615	0.5364	0.2944	0.06	0.0919
HNRNPA0	18393.7652	2.0135	0.047	0	0
HNRNPA1	39827.3842	1.2001	0.0444	0	0
HNRNPA1L2	88.3655	-0.8173	0.354	0.0155	0.0262
HNRNPA1P10	89.903	0.5802	0.3408	0.0755	0.1133
HNRNPA1P33	2.3914	0.5653	1.1272	0.2967	0.3787
HNRNPA2B1	31280.6125	1.0878	0.0451	0	0
HNRNPA3	14327.4083	0.9538	0.0504	0	0
HNRNPA3P1	6.1983	0.7907	0.927	0.2083	0.279
HNRNPAB	8264.7236	0.6655	0.0574	0	0
HNRNPC	22255.7715	1.3331	0.047	0	0
HNRNPCL1	0.18	-0.0351	1.2501	0.9105	NA
HNRNPD	11293.841	1.0301	0.052	0	0
HNRNPDL	5544.2988	0.5268	0.0596	0	0
HNRNPF	5269.872	-0.2835	0.0617	0	0
HNRNPH1	8234.5888	0.3185	0.0571	0	0
HNRNPH2	3913.095	1.8971	0.0699	0	0
HNRNPH3	5531.897	0.8727	0.0645	0	0
HNRNPK	21754.2723	0.7958	0.0489	0	0
HNRNPL	14796.1694	1.191	0.0502	0	0
HNRNPLL	1249.7181	-0.04	0.1025	0.6955	0.7609
HNRNPM	15835.1864	1.1396	0.0476	0	0
HNRNPR	7193.7323	0.586	0.0571	0	0
HNRNPU	17830.0301	0.5499	0.0474	0	0
HNRNPU-AS1	234.9628	1.5102	0.2246	0	0
HNRNPUL1	9394.027	0.4346	0.0523	0	0
HNRNPUL2	2948.6589	0.2861	0.08	3e-04	7e-04
HNRNPUL2-BSCL2	2616.7235	0.7639	0.078	0	0
HOGA1	55.5872	-1.1125	0.4627	0.0091	0.0158
HOMER1	251.7832	-1.9014	0.2291	0	0
HOMER2	527.114	0.9576	0.149	0	0
HOMER3	404.0431	0.9087	0.1745	0	0
HOMEZ	106.5648	-3.9729	0.4772	0	0
HOOK1	705.2453	-0.73	0.1322	0	0
HOOK2	132.6757	-0.8833	0.3152	0.0036	0.0067
HOOK3	742.0814	-1.1746	0.1323	0	0
HOTAIR	0.9418	-0.3262	1.2178	0.4209	NA
HOTAIRM1	133.0412	0.0322	0.2912	0.9092	0.9342
HOTTIP	7.1393	0.8244	0.9793	0.1867	0.2536
HOXA-AS2	81.5168	1.5141	0.3909	0	1e-04
HOXA-AS3	64.8642	-0.2143	0.3946	0.5651	0.6451
HOXA1	374.535	2.1466	0.1876	0	0
HOXA10	4277.7816	1.2367	0.0657	0	0
HOXA10-AS	824.5342	1.1989	0.1272	0	0
HOXA10-HOXA9	59.3998	-0.7638	0.4382	0.0609	0.0932
HOXA11	2428.1761	2.5791	0.083	0	0
HOXA11-AS	168.4472	1.8422	0.2862	0	0
HOXA13	95.8863	1.4077	0.3506	0	1e-04
HOXA2	99.0353	0.7331	0.3227	0.0182	0.0304
HOXA3	552.7341	-0.1173	0.1489	0.4272	0.5132
HOXA4	20.1076	0.5535	1.1279	0.3056	0.3881
HOXA5	1546.8465	2.4549	0.0978	0	0
HOXA6	34.7968	0.5962	0.5133	0.1989	0.2681
HOXA7	100.9889	0.9996	0.3266	0.0014	0.0028
HOXA9	6778.9676	3.1098	0.0601	0	0
HOXB-AS3	0.1412	-0.0167	1.2498	0.9576	NA
HOXB13	18.3412	-0.3175	0.6562	0.5656	0.6456
HOXB2	0.3603	-0.1001	1.2488	0.7533	NA
HOXB3	2.4624	0.4241	1.1113	0.4391	0.5246
HOXB4	1.4065	-0.0223	1.1506	0.9643	0.9738
HOXB5	2.8547	0.7693	1.1708	0.1358	0.1916
HOXB6	5.3223	-0.7274	0.9729	0.2429	0.3187
HOXB7	62.501	-0.355	0.4005	0.3469	0.4326
HOXB8	1.2441	-0.1807	1.1999	0.6734	NA
HOXB9	1.5678	0.1788	1.139	0.7273	0.7891
HOXC-AS1	1.6383	-0.6093	1.19	0.2013	0.271
HOXC-AS2	0.1804	-0.0353	1.2501	0.9101	NA
HOXC-AS3	13.8876	1.6368	0.7888	0.0078	0.0137
HOXC10	78.6536	1.0039	0.3617	0.0035	0.0065
HOXC11	44.5445	1.0636	0.4762	0.0148	0.0251
HOXC12	0.8645	0.2104	1.2115	0.607	NA
HOXC13	117.0502	1.1265	0.31	2e-04	3e-04
HOXC13-AS	2.0221	-0.7521	1.1814	0.1344	0.1899
HOXC4	25.0253	-0.7134	0.6013	0.1717	0.2358
HOXC5	11.8787	-0.3781	0.7737	0.5297	0.6122
HOXC6	39.9605	-1.2052	0.515	0.0095	0.0166
HOXC8	2.3854	-0.2919	1.1294	0.5792	0.6579
HOXC9	58.905	0.2846	0.4093	0.4594	0.5447
HOXD-AS1	67.793	-1.1952	0.4046	0.0017	0.0032
HOXD-AS2	125.4113	0.9204	0.3035	0.0017	0.0032
HOXD1	29.3338	0.3422	0.6113	0.5168	0.5994
HOXD10	2.6013	-0.9465	1.1734	0.0751	0.1128
HOXD11	15.1443	0.6584	0.7045	0.2532	0.3303
HOXD13	19.2997	-0.5645	0.6498	0.3042	0.3865
HOXD3	5.0812	-0.9494	1.0492	0.1197	0.1713
HOXD4	49.6236	-0.2199	0.4712	0.6119	0.6868
HOXD8	189.2246	0.0399	0.2477	0.8692	0.903
HOXD9	93.5253	-0.2656	0.3443	0.4203	0.5068
HP09025	0.3335	0.1444	1.2516	0.6446	NA
HP1BP3	2471.5269	-0.0419	0.0794	0.5971	0.6737
HPCA	1.1977	0.3495	1.194	0.4353	NA
HPCAL1	282.318	-0.7001	0.2062	6e-04	0.0011
HPD	1.2244	0.0439	1.1932	0.92	NA
HPDL	1.7772	0.0829	1.1438	0.8698	0.9035
HPRT1	910.1826	0.8706	0.1209	0	0
HPS1	784.1759	1.0983	0.1264	0	0
HPS3	1089.5541	0.1983	0.1134	0.0789	0.1179
HPS4	309.7845	-1.8705	0.2101	0	0
HPS5	568.3494	-1.6985	0.1702	0	0
HPS6	818.524	1.0161	0.124	0	0
HPSE	844.0556	1.1636	0.1293	0	0
HR	57.1764	-0.9321	0.4451	0.024	0.0393
HRAS	1708.3623	1.1506	0.0941	0	0
HRASLS	0.6752	0.286	1.2368	0.4301	NA
HRASLS2	6.2874	0.0819	0.915	0.895	0.9228
HRASLS5	0.5523	-0.1637	1.2413	0.6319	NA
HRC	3.2846	0.2286	1.0301	0.7007	0.7654
HRCT1	3.6037	-0.4538	1.0353	0.4471	0.5328
HRG	3.848	0.2494	1.005	0.6802	0.7475
HRH1	123.3168	-0.837	0.31	0.0051	0.0092
HRH3	1.3897	0.083	1.1656	0.8623	0.8985
HRH4	0.1898	-0.0377	1.2501	0.9042	NA
HRK	6.0845	0.4119	0.9499	0.5066	0.59
HRSP12	301.6846	0.8202	0.2079	1e-04	1e-04
HS1BP3	149.744	-0.2447	0.2687	0.3498	0.4355
HS1BP3-IT1	3.1785	0.2345	1.0814	0.6782	0.7462
HS2ST1	2349.8001	0.9081	0.0905	0	0
HS3ST1	30.7626	-2.2365	0.6664	1e-04	2e-04
HS3ST3A1	237.42	0.4686	0.2251	0.034	0.0545
HS3ST3B1	11.8902	0.1168	0.7655	0.8453	0.8854
HS3ST6	0.5219	0.061	1.2455	0.8517	NA
HS6ST1	7552.9498	-0.7603	0.0567	0	0
HS6ST2	2234.7979	1.1788	0.0851	0	0
HSBP1	3401.7271	1.3076	0.0713	0	0
HSBP1L1	113.1749	-0.5633	0.3203	0.0678	0.1027
HSCB	121.9354	-0.4046	0.3049	0.1699	0.2336
HSD11B1L	17.4728	0.5824	0.6675	0.2971	0.3792
HSD11B2	50.9349	-0.2432	0.4435	0.555	0.6361
HSD17B1	143.0683	0.3847	0.3169	0.208	0.2788
HSD17B10	1441.2931	1.0488	0.0991	0	0
HSD17B11	609.7461	-0.5506	0.1459	1e-04	3e-04
HSD17B12	1047.5065	0.7051	0.1126	0	0
HSD17B13	0.9361	-0.3294	1.2167	0.4191	NA
HSD17B14	3.0169	-0.0827	1.0473	0.8874	0.9164
HSD17B2	30.2945	-0.0586	0.5875	0.9092	0.9342
HSD17B4	1682.6714	1.2657	0.0972	0	0
HSD17B6	1.4445	-0.2709	1.177	0.5632	0.6437
HSD17B7	33.4549	-1.3341	0.5522	0.0065	0.0116
HSD17B7P2	8.0695	-0.6638	0.8727	0.2876	0.3689
HSD17B8	129.9326	1.1881	0.2909	0	1e-04
HSD3B7	43.7917	0.146	0.4703	0.7358	0.796
HSD3BP4	0.3607	-0.1002	1.2488	0.7529	NA
HSD52	1.2171	0.0415	1.1779	0.9282	NA
HSDL1	306.1162	-1.5332	0.2051	0	0
HSDL2	1180.2211	0.8847	0.1061	0	0
HSF1	3040.9531	0.8934	0.0726	0	0
HSF2	204.6486	-0.9016	0.2454	2e-04	4e-04
HSF2BP	35.6426	0.7823	0.5372	0.1036	0.1505
HSF4	27.1118	-0.3251	0.586	0.526	0.6088
HSFX1	7.1588	0.324	0.8801	0.6022	0.6781
HSH2D	0.3342	0.1445	1.2516	0.6443	NA
HSP90AA1	71975.6419	1.0294	0.0452	0	0
HSP90AB1	71485.4076	1.0798	0.0454	0	0
HSP90AB4P	23.4313	3.231	1.3839	0	0
HSP90B1	31518.9527	1.2927	0.044	0	0
HSP90B2P	15.0085	2.262	0.8609	5e-04	9e-04
HSPA12A	145.4639	-1.3651	0.2837	0	0
HSPA12B	78.9037	-0.651	0.3859	0.0745	0.112
HSPA13	2298.1296	1.048	0.0843	0	0
HSPA14	1738.6987	0.5384	0.0905	0	0
HSPA1A	33.8978	0.8439	0.5811	0.0977	0.1427
HSPA1B	44.0227	-0.5677	1.1364	0.2872	0.3685
HSPA1L	9.0475	-0.7022	0.8564	0.2593	0.3372
HSPA2	244.711	1.3139	0.2175	0	0
HSPA4	5831.347	0.3509	0.0626	0	0
HSPA4L	621.2115	-0.2002	0.1457	0.166	0.2288
HSPA5	36641.8669	1.641	0.0435	0	0
HSPA6	16.1708	-0.6714	0.7029	0.2434	0.3192
HSPA8	33731.0286	-1.4025	0.0504	0	0
HSPA9	13064.6464	0.6374	0.0533	0	0
HSPB1	8480.5905	1.2824	0.0589	0	0
HSPB11	412.3789	0.5779	0.1716	7e-04	0.0013
HSPB2	0.6643	0.2388	1.2462	0.4762	NA
HSPB3	2.9439	0.1134	1.0629	0.8439	0.8842
HSPB6	3.3162	0.2191	1.0316	0.7122	0.7757
HSPB7	2.3514	1.0218	1.1968	0.0491	0.0766
HSPB8	0.3332	0.1443	1.2516	0.6448	NA
HSPB9	0.3419	0.1456	1.2516	0.6418	NA
HSPBAP1	63.4784	-1.7452	0.443	0	0
HSPBP1	2082.803	1.0687	0.0828	0	0
HSPD1	26870.1282	0.9474	0.0506	0	0
HSPE1	6054.4037	1.1365	0.0663	0	0
HSPE1-MOB4	20.2856	0.3223	0.6692	0.5644	0.6445
HSPG2	11727.0036	1.0266	0.1961	0	0
HSPH1	7471.6608	-0.377	0.0595	0	0
HTATIP2	174.5423	1.4879	0.2529	0	0
HTATSF1	2241.2623	1.007	0.0807	0	0
HTATSF1P2	5.8508	-1.2488	1.1153	0.0372	0.0593
HTR1D	133.5167	-1.0205	0.2904	3e-04	6e-04
HTR2B	10.4557	1.1948	0.8754	0.0587	0.0902
HTR7	0.3797	-0.1048	1.2488	0.7422	NA
HTR7P1	239.877	2.1704	0.2246	0	0
HTRA1	108.1627	1.587	0.3209	0	0
HTRA2	496.5651	0.4564	0.1546	0.0029	0.0054
HTRA3	2.1752	0.5642	1.1383	0.2883	0.3697
HTT	3559.3752	0.8596	0.0702	0	0
HUNK	236.4438	-2.6654	0.2536	0	0
HUS1	221.9811	-0.5543	0.2242	0.0118	0.0203
HUS1B	0.5506	-0.1628	1.2414	0.6335	NA
HUWE1	5990.4669	0.386	0.0711	0	0
HVCN1	3.6416	0.2896	1.0255	0.628	0.7013
HYAL1	15.2944	0.9301	0.7204	0.1111	0.1602
HYAL2	2486.4285	1.0965	0.0776	0	0
HYAL3	81.9088	0.3761	0.3542	0.2662	0.345
HYAL4	3.1174	-0.4943	1.0984	0.3785	0.4631
HYDIN	4.3809	-0.0621	0.9802	0.919	0.9416
HYI	1070.9933	1.0649	0.1085	0	0
HYKK	18.9687	0.189	0.6565	0.7324	0.7931
HYLS1	51.627	-1.2225	0.4748	0.005	0.009
HYMAI	19.8794	2.9293	0.8407	0	0
HYOU1	10114.2537	1.3358	0.0528	0	0
HYPK	1009.9907	1.3709	0.1207	0	0
IAH1	456.5326	0.7936	0.1602	0	0
IARS	8794.9626	1.0469	0.0539	0	0
IARS2	5164.4383	1.1036	0.0617	0	0
IBA57	200.9918	-2.0995	0.2608	0	0
IBA57-AS1	4.1309	1.1977	1.143	0.0389	0.0618
IBTK	823.4716	-0.6143	0.1367	0	0
ICA1	0.3734	0.1554	1.2517	0.6203	NA
ICA1L	33.6457	-1.092	0.5547	0.0265	0.0433
ICAM1	1269.2656	1.3853	0.1277	0	0
ICAM2	281.3257	0.5031	0.1998	0.0106	0.0184
ICAM3	171.043	0.8343	0.2526	7e-04	0.0014
ICAM4	6.7783	1.2366	0.9514	0.0528	0.0819
ICAM5	367.7215	0.841	0.1789	0	0
ICK	187.7854	-2.0304	0.2669	0	0
ICMT	4253.36	0.3163	0.0684	0	0
ICOSLG	12.203	-1.2181	0.8826	0.0545	0.0842
ICT1	361.2152	-0.6906	0.1826	1e-04	3e-04
ID1	12706.6276	2.4849	0.0656	0	0
ID2	2343.2481	2.3174	0.0946	0	0
ID3	3224.3443	-0.3822	0.0791	0	0
ID4	3091.973	-0.3111	0.0719	0	0
IDE	854.583	0.1059	0.1261	0.3981	0.4837
IDH1	594.1459	0.0622	0.1587	0.6923	0.7581
IDH1-AS1	6.667	0.727	0.9287	0.2464	0.3226
IDH2	1038.7637	1.187	0.1186	0	0
IDH3A	920.0792	-0.6898	0.1255	0	0
IDH3B	1498.5824	0.9662	0.1003	0	0
IDH3G	1041.6825	1.0775	0.1105	0	0
IDI1	420.28	-0.8109	0.1708	0	0
IDI2	47.6144	-0.5484	0.4639	0.1997	0.2691
IDI2-AS1	2.7389	0.0169	1.0897	0.9758	0.9816
IDNK	33.0019	1.1035	0.5391	0.022	0.0363
IDO1	22.5061	0.7653	0.6447	0.1616	0.2236
IDS	1624.6823	1.3961	0.1051	0	0
IDUA	30.0236	1.1415	0.5639	0.022	0.0363
IER2	2035.1504	1.2175	0.0911	0	0
IER3	1057.0762	0.4402	0.1179	2e-04	4e-04
IER3IP1	1257.1598	0.7503	0.1038	0	0
IER5	1093.2366	1.2679	0.1086	0	0
IER5L	3366.3182	0.6894	0.0799	0	0
IFFO1	4.8219	-0.2011	0.9656	0.7437	0.8031
IFFO2	234.6055	-0.1666	0.2267	0.454	0.5394
IFI16	1.0683	-0.151	1.1946	0.7294	NA
IFI27	0.8215	-0.2359	1.2356	0.5132	NA
IFI27L1	34.4417	0.8396	0.5165	0.0718	0.1083
IFI27L2	10.1019	0.71	0.8263	0.25	0.3267
IFI30	283.0743	1.2543	0.2018	0	0
IFI35	13.7236	0.5356	0.7372	0.3635	0.4496
IFI6	36.509	1.4319	0.5212	0.0023	0.0043
IFIH1	0.1804	-0.0353	1.2501	0.9101	NA
IFIT1	14.306	0.0698	0.718	0.9044	0.9303
IFIT2	12.8647	-0.4957	0.7469	0.4032	0.4891
IFIT3	77.3048	0.4149	0.3598	0.2265	0.3001
IFIT5	229.1605	-0.5339	0.2258	0.016	0.027
IFITM1	578.9453	0.996	0.1527	0	0
IFITM10	14.2494	0.6507	0.7169	0.2632	0.3417
IFITM2	2657.257	1.7127	0.0775	0	0
IFITM3	3923.3356	1.5903	0.069	0	0
IFLTD1	0.1804	-0.0353	1.2501	0.9101	NA
IFNAR1	1140.8444	0.0315	0.115	0.7831	0.8345
IFNAR2	315.6933	0.6195	0.1899	9e-04	0.0019
IFNGR1	202.1614	-1.6062	0.2676	0	0
IFNGR2	429.2636	-1.5538	0.1723	0	0
IFNLR1	58.8049	-2.9102	0.5233	0	0
IFRD1	803.8003	-2.3819	0.1467	0	0
IFRD2	3082.3448	-0.3321	0.0806	0	1e-04
IFT122	364.4111	0.5031	0.1756	0.0038	0.0069
IFT140	586.7775	0.5411	0.1443	2e-04	3e-04
IFT172	187.4187	-0.4693	0.2433	0.0487	0.076
IFT20	163.4913	0.0861	0.2845	0.7552	0.8124
IFT27	157.437	0.1506	0.266	0.5613	0.642
IFT43	176.6003	0.8828	0.2549	4e-04	8e-04
IFT46	79.4653	-0.8394	0.3721	0.0175	0.0293
IFT52	663.6782	0.9904	0.137	0	0
IFT57	1073.4878	0.9541	0.11	0	0
IFT74	123.82	-1.0888	0.3166	4e-04	7e-04
IFT80	347.9138	-0.156	0.1834	0.3893	0.4747
IFT81	297.7382	-0.7321	0.1989	2e-04	4e-04
IFT88	179.7437	-0.7861	0.2487	0.0012	0.0024
IGBP1	243.0866	-0.4019	0.222	0.0654	0.0994
IGBP1P1	0.1804	-0.0353	1.2501	0.9101	NA
IGDCC3	1.0917	-0.1544	1.1934	0.7249	NA
IGDCC4	68.4418	0.2603	0.3912	0.4812	0.5662
IGF1R	1010.7746	-0.1695	0.1186	0.151	0.2107
IGF2	1189.5088	1.2259	0.1176	0	0
IGF2-AS	0.352	0.1497	1.2517	0.6327	NA
IGF2BP1	1413.94	-1.4826	0.1037	0	0
IGF2BP2	2387.9774	-1.3291	0.0852	0	0
IGF2BP3	1540.2635	-1.2998	0.1046	0	0
IGF2R	2378.1831	0.8863	0.0873	0	0
IGFALS	7.0681	1.6576	1.0719	0.0097	0.0169
IGFBP1	10.691	0.3545	0.78	0.5569	0.6376
IGFBP2	331.4267	1.7569	0.1944	0	0
IGFBP3	10148.2543	0.9409	0.0547	0	0
IGFBP4	488.9652	0.7201	0.1616	0	0
IGFBP6	75.9754	2.1969	0.3974	0	0
IGFBP7	6975.0474	1.5784	0.0604	0	0
IGFBPL1	17.3626	1.3876	0.702	0.0162	0.0273
IGFL1	0.3797	-0.1048	1.2488	0.7422	NA
IGFL2	0.1585	-0.0227	1.2499	0.9422	NA
IGFLR1	51.7015	-0.1211	0.4435	0.7688	0.8232
IGFN1	1.5803	-0.5803	1.1925	0.2175	0.2895
IGHMBP2	327.4944	-0.1746	0.1924	0.3579	0.4439
IGIP	48.2032	-2.2312	0.5177	0	0
IGSF1	0.6539	0.234	1.2468	0.4828	NA
IGSF10	12.3406	0.8602	0.7708	0.1536	0.2138
IGSF11	1.3187	-0.4931	1.2	0.2742	NA
IGSF3	1010.3889	1.4901	0.1137	0	0
IGSF5	1.226	0.0497	1.1632	0.9177	NA
IGSF6	0.6676	0.2404	1.2461	0.4741	NA
IGSF8	863.543	1.3893	0.1218	0	0
IGSF9	18.6275	-0.9948	0.6886	0.0807	0.1202
IHH	8.5055	-0.8806	0.8797	0.1607	0.2224
IK	1541.2629	0.3216	0.0957	7e-04	0.0015
IKBIP	1485.5123	0.9124	0.0975	0	0
IKBKAP	1402.1237	0.5544	0.0976	0	0
IKBKB	229.681	-1.397	0.2335	0	0
IKBKE	470.7286	0.5241	0.1678	0.0016	0.003
IKBKG	165.97	-2.2491	0.2871	0	0
IKZF2	171.6241	-0.576	0.2614	0.0239	0.0392
IKZF4	33.0708	-2.3023	0.6368	0	1e-04
IKZF5	113.4373	-1.2422	0.3217	1e-04	1e-04
IL10RA	0.1898	-0.0376	1.2501	0.9043	NA
IL10RB	265.5433	0.2207	0.2129	0.2922	0.3738
IL11	1.407	-0.0084	1.1681	0.9859	0.9898
IL11RA	11.4144	0.7914	0.778	0.1907	0.2585
IL12A	0.6926	-0.0093	1.231	0.9796	NA
IL12A-AS1	1.3351	0.519	1.2209	0.2171	NA
IL12RB2	7.472	1.4613	1.0097	0.0229	0.0376
IL13RA1	1768.3092	1.1806	0.0919	0	0
IL13RA2	0.1903	-0.0379	1.2501	0.9035	NA
IL15	1.926	-0.6952	1.1856	0.1572	0.2183
IL15RA	2.2476	0.6922	1.165	0.1783	0.2439
IL16	1.1712	-0.4017	1.2072	0.3513	NA
IL17B	4.6091	1.0031	1.0575	0.0999	0.1457
IL17C	0.6676	0.2404	1.2461	0.4741	NA
IL17D	93.48	0.1457	0.332	0.6477	0.7191
IL17RA	854.461	0.4384	0.1192	2e-04	4e-04
IL17RB	177.7181	-0.0499	0.2497	0.8381	0.8798
IL17RC	311.7456	0.7829	0.2013	1e-04	2e-04
IL17RD	156.5829	-0.2289	0.2773	0.3959	0.4813
IL17RE	13.848	0.4213	0.7247	0.4709	0.5556
IL17REL	1.3594	0.6104	1.2099	0.1744	NA
IL18	212.8367	-1.2432	0.2367	0	0
IL18BP	30.565	-1.811	0.624	7e-04	0.0015
IL18R1	13.0394	0.4722	0.7413	0.4242	0.5102
IL1A	1.7655	0.0929	1.1407	0.8553	0.8935
IL1B	0.3151	0.1388	1.2515	0.6574	NA
IL1R1	238.6182	-2.6295	0.2523	0	0
IL1R2	16.0877	0.5678	0.69	0.3187	0.4027
IL1RAP	343.0165	0.85	0.1843	0	0
IL1RAPL1	0.1797	-0.035	1.2501	0.9109	NA
IL1RN	0.9244	-0.2717	1.2304	0.4689	NA
IL20RB	2.8417	-0.0437	1.0526	0.9401	0.9579
IL22RA1	10.8098	-1.6991	0.941	0.009	0.0157
IL23A	1.0936	-0.1387	1.2071	0.7377	NA
IL27RA	213.4563	1.8119	0.233	0	0
IL2RB	0.8751	-0.0704	1.2189	0.8565	NA
IL2RG	26.7839	0.7745	0.5829	0.1293	0.1836
IL31RA	5.8128	0.255	0.9242	0.6813	0.7485
IL32	1880.6884	2.0133	0.0999	0	0
IL33	2.2915	-0.1315	1.0883	0.8139	0.8589
IL34	1.9008	0.2991	1.1182	0.5777	0.6566
IL36RN	0.187	-0.0361	1.2501	0.9082	NA
IL3RA	21.0132	1.5066	0.6679	0.0072	0.0127
IL4I1	72.7485	1.1905	0.3904	0.0012	0.0024
IL4R	199.5286	-1.1531	0.2713	0	0
IL6	13.6896	0.9537	0.7484	0.1091	0.1577
IL6R	8.4901	-0.1638	0.8367	0.7903	0.84
IL6ST	3679.6021	1.1521	0.2047	0	0
IL7R	0.1804	-0.0353	1.2501	0.9101	NA
IL8	76.134	2.1859	0.4199	0	0
IL9R	3.2891	0.4471	1.0375	0.453	0.5384
ILDR2	4.0987	0.4877	1.0581	0.4059	0.4918
ILF2	7998.9527	0.7784	0.0576	0	0
ILF3	15010.8493	0.5191	0.0485	0	0
ILF3-AS1	1630.3276	3.2131	0.1006	0	0
ILK	3624.0864	1.1231	0.072	0	0
ILKAP	574.7919	0.0199	0.1438	0.8893	0.9178
ILVBL	885.6889	-0.0652	0.1232	0.5946	0.6713
IMMP1L	65.7526	0.5443	0.3939	0.1431	0.2007
IMMP2L	102.8638	1.4479	0.3507	0	0
IMMT	2680.2369	0.5842	0.0831	0	0
IMP3	1728.5343	1.076	0.0951	0	0
IMP4	843.7591	-0.3378	0.1244	0.0063	0.0112
IMPA1	294.52	-0.6126	0.2017	0.0021	0.0039
IMPA2	973.7161	1.0314	0.1151	0	0
IMPACT	393.6204	-0.6521	0.1752	2e-04	4e-04
IMPAD1	4321.7996	1.1653	0.0656	0	0
IMPDH1	1977.1156	0.9021	0.0891	0	0
IMPDH2	5284.1166	0.8118	0.0666	0	0
IMPG2	5.8146	-0.0888	0.9305	0.8861	0.9154
INA	9.6539	-0.3862	0.8107	0.5277	0.6103
INADL	380.1581	-0.5514	0.1753	0.0015	0.0028
INCA1	9.9529	-0.1041	0.7966	0.864	0.8995
INCENP	1338.4038	-1.2629	0.1116	0	0
INE1	26.7093	1.7158	0.6088	0.0011	0.0022
INE2	4.6946	-0.8621	1.06	0.1518	0.2117
INF2	2576.1304	-0.2133	0.0898	0.0173	0.0289
ING1	778.1912	1.1751	0.1302	0	0
ING2	301.5667	1.4174	0.1956	0	0
ING3	132.1156	-1.4866	0.3076	0	0
ING4	56.8825	-2.1083	0.4775	0	0
ING5	385.3251	-1.2371	0.2003	0	0
INHA	18.8081	1.6985	0.717	0.0037	0.0068
INHBB	1.3497	0.6152	1.209	0.1729	NA
INHBC	0.1803	-0.0353	1.2501	0.9102	NA
INHBE	18.0936	-0.2912	0.6605	0.5997	0.6759
INIP	131.4793	-2.3353	0.3275	0	0
INO80	547.7379	-1.2267	0.1545	0	0
INO80B	201.3041	-0.3164	0.2474	0.1911	0.2589
INO80B-WBP1	0.5695	-0.1449	1.2489	0.6513	NA
INO80C	203.9292	0.0672	0.2305	0.7662	0.8209
INO80D	256.0428	-0.6459	0.2345	0.005	0.0089
INO80E	915.1825	-0.1192	0.1191	0.3148	0.3984
INPP1	760.9092	-1.0871	0.1342	0	0
INPP4A	481.9107	-0.4716	0.1573	0.0025	0.0046
INPP4B	269.3241	-1.0043	0.2103	0	0
INPP5A	1868.1394	0.7445	0.0882	0	0
INPP5B	247.9052	-0.386	0.2139	0.0665	0.101
INPP5D	15.5949	-2.2162	0.9176	8e-04	0.0015
INPP5E	467.8056	0.345	0.1571	0.0267	0.0436
INPP5F	270.7071	-0.5196	0.2119	0.0127	0.0216
INPP5J	18.4982	-0.8331	0.6758	0.1389	0.1954
INPP5K	335.064	-0.2018	0.1889	0.2793	0.3594
INPPL1	3570.2242	-0.4181	0.0684	0	0
INSC	0.9019	-0.2628	1.2314	0.4801	NA
INSIG1	151.09	-0.3326	0.272	0.2092	0.28
INSIG2	80.6742	-3.0272	0.4522	0	0
INSL5	0.3797	-0.1048	1.2488	0.7422	NA
INSM1	1.0175	0.4551	1.2203	0.2715	NA
INSM2	1.1892	0.3469	1.1944	0.4379	NA
INSR	386.0603	-0.7839	0.1754	0	0
INTS1	7913.8715	1.3477	0.0545	0	0
INTS10	700.1712	-0.2808	0.1334	0.0341	0.0547
INTS12	127.8281	-1.3121	0.3032	0	0
INTS2	328.9156	-2.3577	0.2132	0	0
INTS3	1319.4718	0.4638	0.1019	0	0
INTS4	366.8617	0.3623	0.1787	0.0403	0.0639
INTS4L1	15.2028	0.0479	0.7031	0.9336	0.9531
INTS5	797.5285	0.3402	0.1249	0.0062	0.011
INTS6	375.5452	-1.4077	0.1841	0	0
INTS6-AS1	2.1095	-0.0338	1.0994	0.9509	0.9655
INTS7	483.383	-1.1614	0.1636	0	0
INTS8	656.1772	-0.1303	0.1354	0.3327	0.4176
INTS9	242.6256	-0.6773	0.217	0.0015	0.0029
INTU	44.4395	-0.0728	0.4914	0.8711	0.9043
INVS	228.1354	-0.4142	0.2354	0.0726	0.1093
IP6K1	891.5214	-1.1812	0.1239	0	0
IP6K2	488.3675	-0.6167	0.1552	1e-04	1e-04
IPCEF1	0.1804	-0.0353	1.2501	0.9101	NA
IPMK	420.7663	1.6634	0.1821	0	0
IPO11	1327.094	0.5015	0.1006	0	0
IPO13	484.0058	-0.4311	0.1572	0.0057	0.0101
IPO4	7222.6807	1.1965	0.058	0	0
IPO5	7955.1559	0.8418	0.0644	0	0
IPO7	4563.7907	-0.503	0.0699	0	0
IPO8	1368.2962	0.1721	0.1	0.0842	0.1249
IPO9	3732.7572	1.0704	0.0675	0	0
IPO9-AS1	14.2527	1.3458	0.7532	0.0247	0.0405
IPP	165.2648	-2.0627	0.2824	0	0
IPPK	185.2518	-2.2553	0.2784	0	0
IQCB1	308.3637	-1.0239	0.1971	0	0
IQCC	81.3943	-0.4791	0.3557	0.1582	0.2195
IQCD	25.7119	-1.2011	0.613	0.0232	0.0381
IQCE	316.3644	0.6555	0.1973	7e-04	0.0015
IQCG	35.5171	0.049	0.5126	0.9159	0.939
IQCH	22.2049	0.0591	0.6083	0.9105	0.9353
IQCH-AS1	46.3335	1.2969	0.606	0.0135	0.0229
IQCJ-SCHIP1	719.0697	-0.8953	0.1382	0	0
IQCK	200.8863	0.4077	0.2431	0.0866	0.1281
IQGAP1	6383.7795	0.7448	0.0592	0	0
IQGAP2	2179.0526	0.5872	0.0903	0	0
IQGAP3	717.677	-0.8724	0.1436	0	0
IQSEC1	535.4203	-2.5717	0.1716	0	0
IQSEC2	244.4791	0.7844	0.2272	4e-04	9e-04
IQUB	2.4002	0.0602	1.0794	0.9151	0.9385
IRAK1	11358.0685	1.1634	0.058	0	0
IRAK1BP1	98.2142	-1.222	0.4336	0.0025	0.0046
IRAK2	21.4951	-0.8629	0.6752	0.1252	0.1784
IRAK3	0.5601	-0.1665	1.2407	0.6276	NA
IRAK4	111.6491	-0.6428	0.3106	0.032	0.0515
IREB2	1151.655	-2.783	0.1218	0	0
IRF1	138.8665	0.7233	0.2781	0.0075	0.0131
IRF2	115.7974	-1.9049	0.3372	0	0
IRF2BP1	1903.5799	2.0373	0.088	0	0
IRF2BP2	4274.9117	1.0223	0.0669	0	0
IRF2BPL	1836.6698	0.1575	0.1024	0.1227	0.1751
IRF3	915.3969	-0.1518	0.1248	0.2215	0.2942
IRF4	0.1804	-0.0353	1.2501	0.9101	NA
IRF5	9.4361	-1.2737	0.9143	0.0459	0.0722
IRF6	0.921	-0.3244	1.2174	0.4241	NA
IRF7	62.21	-1.5428	0.4311	1e-04	3e-04
IRF9	43.9749	-1.2703	0.4948	0.0048	0.0086
IRGQ	575.4905	-1.4395	0.1617	0	0
IRS1	1685.1573	2.3866	0.0951	0	0
IRS2	3967.1865	2.1191	0.0687	0	0
IRS4	2.0561	0.3936	1.1341	0.4542	0.5395
IRX3	102.5413	-0.6551	0.3459	0.0477	0.0746
IRX5	158.5941	1.0256	0.2641	1e-04	1e-04
IRX6	30.4485	-0.56	0.5562	0.2566	0.3341
ISCA1	372.8824	-0.6567	0.178	2e-04	4e-04
ISCA2	207.7468	-0.9864	0.2492	1e-04	1e-04
ISCU	1102.8798	0.8736	0.11	0	0
ISG15	180.7966	1.1665	0.2477	0	0
ISG20	9.7881	0.3301	0.7994	0.5877	0.665
ISG20L2	802.0472	-0.9849	0.1276	0	0
ISL2	0.5601	-0.1666	1.2407	0.6275	NA
ISLR	1.5141	0.4117	1.1951	0.3614	0.4475
ISM1	64.4354	-0.1417	0.4041	0.7094	0.7732
ISM2	2.5678	0.5155	1.0898	0.3645	0.4505
ISOC1	668.6387	0.6729	0.1359	0	0
ISOC2	1101.8419	0.9674	0.1095	0	0
ISPD	119.9664	-0.629	0.3072	0.034	0.0546
ISPD-AS1	4.0284	0.3835	1.0077	0.5269	0.6095
IST1	790.0659	-1.896	0.1444	0	0
ISY1	514.3771	-0.0025	0.1688	0.9881	0.9912
ISY1-RAB43	178.0228	-1.0449	0.2626	0	1e-04
ISYNA1	7664.1827	0.9119	0.0775	0	0
ITCH	1003.0142	-1.7231	0.1244	0	0
ITFG1	1551.9732	1.3547	0.0938	0	0
ITFG2	203.1791	-1.7152	0.2492	0	0
ITFG3	3942.674	1.3755	0.0731	0	0
ITGA1	73.7709	1.2753	0.3946	6e-04	0.0012
ITGA10	10.3117	-0.4636	0.8235	0.4508	0.5361
ITGA11	3.9636	0.609	1.0279	0.3138	0.3975
ITGA2	8.0999	0.1225	0.8545	0.843	0.8836
ITGA2B	12.1631	-0.4067	0.758	0.4955	0.5797
ITGA3	3030.383	1.5011	0.0746	0	0
ITGA4	0.8653	0.2112	1.2115	0.6056	NA
ITGA5	407.6293	1.1696	0.1693	0	0
ITGA6	3022.9138	0.9063	0.0836	0	0
ITGA7	60.6703	0.9179	0.4046	0.0158	0.0267
ITGA9	384.9658	1.3923	0.1746	0	0
ITGAE	170.176	0.9572	0.2695	3e-04	5e-04
ITGAL	0.514	0.0592	1.2461	0.8552	NA
ITGAM	6.2353	0.5956	0.9127	0.3409	0.4266
ITGAV	15537.8818	1.2134	0.0574	0	0
ITGB1	27357.789	1.5065	0.0555	0	0
ITGB1BP1	990.3205	0.9716	0.1136	0	0
ITGB1BP2	1.6176	-0.0612	1.1499	0.9023	0.9288
ITGB2	69.3959	1.406	0.3884	1e-04	3e-04
ITGB2-AS1	9.2223	1.3287	0.8735	0.0361	0.0577
ITGB3	1223.5528	-0.0134	0.104	0.8974	0.9247
ITGB3BP	333.6495	0.1961	0.1832	0.2787	0.3589
ITGB4	556.8414	0.032	0.1577	0.8376	0.8794
ITGB5	2469.2207	1.3772	0.0794	0	0
ITGB6	35.2868	0.9995	0.5296	0.0355	0.0567
ITGB7	0.8372	-0.0329	1.2208	0.9319	NA
ITGB8	1365.1214	-0.7226	0.1128	0	0
ITGBL1	7.9574	-0.5158	0.8577	0.4062	0.4921
ITIH2	0.3411	0.1454	1.2516	0.6424	NA
ITIH3	14.6706	0.8587	0.7178	0.1404	0.1973
ITLN1	15.4318	0.6195	0.706	0.2828	0.3633
ITM2A	47.9761	1.5241	0.4799	5e-04	0.001
ITM2B	15309.6947	1.2884	0.0487	0	0
ITM2C	20792.7672	1.196	0.0669	0	0
ITPA	786.023	0.9759	0.1252	0	0
ITPK1	4206.5119	0.0796	0.0674	0.2366	0.3116
ITPK1-AS1	7.8859	0.663	0.9138	0.2898	0.3712
ITPKA	44.6198	-0.2946	0.4777	0.5015	0.5851
ITPKB	232.8385	-1.3165	0.2322	0	0
ITPKC	201.4286	-1.9165	0.262	0	0
ITPR1	27.6664	-0.2348	0.5781	0.6437	0.7156
ITPR1-AS1	3.3775	1.3835	1.199	0.0143	0.0243
ITPR2	473.1365	0.6676	0.159	0	1e-04
ITPR3	2765.7995	1.0122	0.0762	0	0
ITPRIP	678.2602	0.594	0.1357	0	0
ITPRIPL1	206.4598	-0.1045	0.2365	0.6519	0.7231
ITPRIPL2	1978.6368	0.2817	0.0916	0.002	0.0038
ITSN1	1253.9333	-0.0542	0.1037	0.6	0.676
ITSN2	235.9563	-2.059	0.237	0	0
IVD	655.8585	-0.2132	0.1426	0.132	0.187
IVNS1ABP	3278.8526	-1.3012	0.0888	0	0
IWS1	803.2461	-1.5681	0.1302	0	0
IZUMO1	0.5985	0.0686	1.2397	0.8408	NA
IZUMO4	8.6454	0.4913	0.8339	0.4259	0.5117
JADE1	2359.5858	1.5335	0.0831	0	0
JADE2	100.6342	-1.6546	0.3449	0	0
JADE3	255.5756	-2.1579	0.2317	0	0
JAG1	6346.9304	-1.2976	0.0603	0	0
JAG2	138.7501	-0.166	0.2858	0.5495	0.6309
JAGN1	271.5421	-2.959	0.2533	0	0
JAK1	80.2894	-0.239	0.357	0.4829	0.5677
JAK2	89.8531	-2.3032	0.3956	0	0
JAK3	2.4734	-0.4786	1.1317	0.3688	0.4545
JAKMIP3	2.6219	-0.1058	1.0817	0.8511	0.8902
JAM2	1.9462	-0.1931	1.132	0.7108	0.7744
JAM3	29.5361	0.2816	0.5466	0.5634	0.6437
JARID2	761.4913	-1.6733	0.1344	0	0
JARID2-AS1	2.078	0.4522	1.146	0.3815	0.4661
JAZF1	3.1352	0.527	1.0572	0.3706	0.4559
JDP2	520.6266	-0.9946	0.1669	0	0
JHDM1D-AS1	17.9472	0.1905	0.6849	0.7368	0.7968
JKAMP	432.0858	-0.9795	0.1887	0	0
JMJD1C	499.4449	-1.8347	0.1904	0	0
JMJD1C-AS1	82.0488	1.8187	0.3747	0	0
JMJD4	529.4123	-0.1753	0.152	0.2448	0.3208
JMJD6	468.6667	-1.912	0.1776	0	0
JMJD7	206.144	0.2146	0.2388	0.359	0.445
JMJD7-PLA2G4B	20.6912	0.0798	1.1489	0.8731	0.9056
JMJD8	3030.1412	1.3441	0.075	0	0
JMY	295.25	0.4645	0.1993	0.018	0.0301
JOSD1	679.8486	-1.5926	0.1398	0	0
JOSD2	189.245	1.3152	0.2442	0	0
JPH1	15.3877	-2.1478	0.9275	0.0011	0.0022
JPH2	195.5793	0.0809	0.2536	0.744	0.8032
JPH3	8.0259	1.4031	0.9345	0.029	0.047
JPX	41.6556	1.1597	0.4863	0.009	0.0157
JRK	510.0694	0.1215	0.1529	0.4229	0.5092
JRKL	375.8841	1.4429	0.1774	0	0
JSRP1	3.4488	0.6135	1.0461	0.3043	0.3866
JTB	3987.5059	0.9728	0.0684	0	0
JUN	540.4868	-0.3435	0.1485	0.0197	0.0327
JUNB	424.0071	1.4116	0.194	0	0
JUND	2081.507	-0.1695	0.0865	0.0494	0.0769
JUP	4079.2387	-0.3862	0.0718	0	0
KAAG1	551.2201	3.4928	0.1683	0	0
KAL1	6.6213	1.1059	1.0015	0.0791	0.1181
KALRN	244.2532	0.2004	0.2223	0.3586	0.4446
KANK1	549.357	-1.8415	0.1564	0	0
KANK2	1975.3452	-0.5186	0.0883	0	0
KANK3	12.306	0.1812	0.7475	0.7598	0.8158
KANK4	13.4289	0.0112	0.723	0.9847	0.9888
KANSL1	647.3446	-0.6274	0.1413	0	0
KANSL1-AS1	72.4885	0.8939	0.3843	0.0139	0.0237
KANSL1L	40.7065	-2.422	0.5732	0	0
KANSL2	977.9136	1.7902	0.1151	0	0
KANSL3	591.5152	-2.3198	0.1582	0	0
KARS	4629.3099	0.9126	0.0631	0	0
KAT2A	2416.2902	0.7591	0.0801	0	0
KAT2B	240.1013	-0.4742	0.2248	0.0317	0.0511
KAT5	438.4441	-2.0359	0.1793	0	0
KAT6A	1324.6834	-0.2533	0.1033	0.0139	0.0236
KAT6B	299.363	-1.3189	0.2099	0	0
KAT7	677.996	-0.7332	0.1345	0	0
KAT8	318.0442	-1.3715	0.2049	0	0
KATNA1	129.7305	-2.06	0.3204	0	0
KATNAL1	183.3289	-0.7246	0.2485	0.0029	0.0053
KATNAL2	12.4012	-0.1955	0.7473	0.7414	0.8011
KATNB1	1239.1994	0.0016	0.1022	0.9871	0.9908
KATNBL1	188.3799	-2.873	0.3072	0	0
KAZALD1	930.6792	0.7654	0.1165	0	0
KAZN	310.6932	-2.8319	0.2272	0	0
KBTBD11	24.8728	-2.8806	0.8966	0	0
KBTBD12	0.6666	0.2399	1.2461	0.4747	NA
KBTBD13	0.7497	-0.2467	1.2281	0.5141	NA
KBTBD2	884.4855	0.9074	0.1224	0	0
KBTBD3	12.3015	-1.6187	0.9085	0.0121	0.0207
KBTBD4	254.3707	-0.3532	0.2104	0.0881	0.1302
KBTBD6	873.1196	0.9527	0.1227	0	0
KBTBD7	243.271	0.4278	0.2172	0.0451	0.071
KBTBD8	149.0299	1.1298	0.2799	0	1e-04
KCMF1	2338.3678	0.8116	0.0831	0	0
KCNA6	0.3797	-0.1048	1.2488	0.7422	NA
KCNA7	2.8117	0.1822	1.0603	0.7526	0.8102
KCNAB1	8.1364	-0.0085	0.8435	0.989	0.992
KCNAB2	3.4137	-0.6417	1.1157	0.2483	0.3249
KCNAB3	4.1571	-0.7957	1.0527	0.186	0.2528
KCNB1	0.2005	-0.0454	1.25	0.8848	NA
KCNB2	0.1898	-0.0377	1.2501	0.9042	NA
KCNC1	3.9209	-1.3075	1.1695	0.0228	0.0376
KCNC3	5.3511	0.5363	0.9523	0.3884	0.4736
KCNC4	974.6716	0.9664	0.1392	0	0
KCNC4-AS1	5.6619	1.0268	0.9733	0.1038	0.1506
KCND1	6.3264	-0.4949	0.9248	0.4274	0.5134
KCND2	0.3797	-0.1048	1.2488	0.7422	NA
KCND3	2.1757	-0.0258	1.122	0.9611	0.9717
KCNE2	0.9409	-0.3257	1.2178	0.4216	NA
KCNE3	24.6885	-2.7607	0.8302	0	0
KCNE4	0.1897	-0.0376	1.2501	0.9043	NA
KCNG1	926.9745	-1.1493	0.1201	0	0
KCNG2	3.7348	1.016	1.0844	0.0897	0.1322
KCNG3	59.6258	1.2304	0.4179	0.0016	0.0031
KCNH1	1.2816	-0.218	1.184	0.6325	NA
KCNH2	65.7655	0.7603	0.3899	0.039	0.062
KCNH3	31.8729	0.1881	0.5488	0.7004	0.7653
KCNH5	0.1804	-0.0353	1.2501	0.9101	NA
KCNIP1	43.0506	-0.161	0.5223	0.7323	0.7931
KCNIP2	3.7203	-0.0867	1.0059	0.8857	0.915
KCNIP2-AS1	2.9257	0.3432	1.0606	0.5548	0.636
KCNIP3	7.1046	0.4713	0.8947	0.4498	0.5352
KCNIP4	3.4777	-0.8237	1.1265	0.1412	0.1983
KCNJ1	1.2525	-0.2096	1.1852	0.6441	NA
KCNJ11	74.079	-0.4089	0.375	0.2507	0.3275
KCNJ12	2.0002	-0.2011	1.1316	0.6998	0.7648
KCNJ13	2.7667	0.6061	1.1436	0.252	0.3291
KCNJ14	18.1605	0.2964	0.6744	0.5977	0.6741
KCNJ16	30.304	-2.1649	0.6473	1e-04	2e-04
KCNJ2	461.4906	0.6313	0.1587	1e-04	1e-04
KCNJ2-AS1	53.3828	1.3439	0.4519	0.0013	0.0025
KCNJ4	6.9768	-1.1339	0.9722	0.0739	0.1112
KCNJ5	0.3608	-0.1002	1.2488	0.7529	NA
KCNK1	385.8622	-0.1991	0.196	0.3029	0.3852
KCNK10	1.0599	-0.1282	1.2086	0.7551	NA
KCNK12	0.3418	0.1456	1.2516	0.6419	NA
KCNK13	1.8512	-0.6935	1.1845	0.1592	0.2207
KCNK15	35.7202	0.5978	0.5114	0.1965	0.2653
KCNK3	1.5608	0.2617	1.1601	0.5939	0.6706
KCNK5	468.6254	0.2175	0.1653	0.1839	0.2504
KCNK6	41.4379	-0.5209	0.4883	0.2429	0.3187
KCNK7	8.2295	0.9288	0.8692	0.1386	0.1952
KCNK9	0.5221	0.061	1.2455	0.8516	NA
KCNMB1	2.8039	0.1781	1.0561	0.759	0.8151
KCNMB3	9.648	-0.0266	0.8123	0.9653	0.9744
KCNMB4	17.3504	0.1528	0.68	0.7867	0.8367
KCNN1	0.364	0.1525	1.2517	0.6265	NA
KCNN2	0.7048	-0.2238	1.2298	0.5481	NA
KCNN4	6.9976	-0.6223	0.9019	0.3198	0.404
KCNQ1	1.0729	-0.1483	1.1929	0.7356	NA
KCNQ1OT1	242.0946	2.6259	0.2324	0	0
KCNQ2	6.557	0.6557	0.9094	0.295	0.377
KCNQ3	1.0136	0.1883	1.2128	0.6424	NA
KCNQ4	41.7554	-2.072	0.565	0	1e-04
KCNRG	3.7797	-0.6641	1.0729	0.2568	0.3343
KCNS1	0.8749	-0.0703	1.2189	0.8566	NA
KCNS2	0.8923	-0.0832	1.2053	0.8415	NA
KCNS3	1.2446	-0.2108	1.1856	0.6417	NA
KCNT1	1.427	-0.0266	1.1818	0.9533	0.9671
KCNV2	1.0555	0.114	1.1919	0.7955	NA
KCP	680.4434	1.3734	0.1351	0	0
KCTD1	2230.345	1.5084	0.0845	0	0
KCTD10	517.8949	-2.0763	0.169	0	0
KCTD11	491.9498	1.9822	0.1656	0	0
KCTD12	98.8999	0.3983	0.3277	0.2061	0.2765
KCTD13	76.8319	-0.9793	0.389	0.0077	0.0135
KCTD14	44.6852	-0.8983	0.4734	0.0387	0.0616
KCTD15	1030.337	-0.3344	0.1171	0.0041	0.0075
KCTD17	626.2553	0.8754	0.1409	0	0
KCTD18	123.1725	-1.1712	0.3054	1e-04	2e-04
KCTD19	0.8398	0.171	1.2233	0.6557	NA
KCTD2	782.3462	0.3326	0.1357	0.0136	0.0232
KCTD20	1235.5215	-1.2623	0.1057	0	0
KCTD21	77.0024	-3.3932	0.4883	0	0
KCTD21-AS1	1.9223	-0.3333	1.1526	0.5075	0.591
KCTD3	352.9876	-1.2626	0.1877	0	0
KCTD4	0.6676	0.2404	1.2461	0.4741	NA
KCTD5	503.6426	-1.3713	0.1598	0	0
KCTD6	281.7448	-0.5856	0.2002	0.003	0.0055
KCTD7	135.477	-3.8675	0.4077	0	0
KCTD9	445.9486	-1.1736	0.1673	0	0
KDELC1	847.7043	1.3	0.1245	0	0
KDELC2	3304.4875	1.1601	0.07	0	0
KDELR1	5948.5216	1.2318	0.0592	0	0
KDELR2	5229.6511	1.0194	0.0649	0	0
KDELR3	407.5921	0.9558	0.1812	0	0
KDM1A	2617.256	0.2531	0.0767	9e-04	0.0018
KDM1B	733.5562	0.988	0.148	0	0
KDM2A	2394.6927	0.7397	0.0788	0	0
KDM2B	687.6377	-1.5433	0.1384	0	0
KDM3A	254.6304	-1.3751	0.2208	0	0
KDM3B	1859.5859	-1.013	0.0909	0	0
KDM4A	726.8509	-1.6058	0.136	0	0
KDM4A-AS1	30.9941	-0.1001	0.5406	0.8359	0.8781
KDM4B	589.0535	-1.8284	0.1655	0	0
KDM4C	170.502	-0.4333	0.254	0.0807	0.1203
KDM4D	35.4257	-1.0792	0.5373	0.0247	0.0405
KDM4E	0.3418	0.1456	1.2516	0.6419	NA
KDM5A	752.2704	-0.7903	0.1333	0	0
KDM5B	597.888	-0.6054	0.1429	0	0
KDM5C	4041.0669	-0.0877	0.0702	0.2106	0.2816
KDM6A	661.6224	-1.4305	0.1489	0	0
KDM6B	331.7117	-1.0935	0.1911	0	0
KDM7A	64.5092	-1.6644	0.4283	0	1e-04
KDM8	37.4131	-1.4271	0.5297	0.0027	0.005
KDSR	513.1536	-0.3724	0.1521	0.0135	0.023
KEAP1	1820.4129	0.0443	0.0871	0.6099	0.6853
KEL	0.1804	-0.0353	1.2501	0.9101	NA
KGFLP1	0.5513	-0.1632	1.2414	0.6328	NA
KGFLP2	17.8945	1.2592	0.6857	0.0268	0.0438
KHDC1	3.4492	0.3686	1.0296	0.5372	0.6196
KHDRBS1	7031.2527	0.67	0.0562	0	0
KHDRBS3	89.3456	0.7844	0.3422	0.0167	0.028
KHK	110.6492	-0.1184	0.3189	0.7	0.7649
KHNYN	647.9346	-1.0873	0.1531	0	0
KHSRP	11299.8821	0.5323	0.0517	0	0
KIAA0020	1185.5049	-0.8121	0.1091	0	0
KIAA0040	38.1022	-1.8495	0.5619	2e-04	4e-04
KIAA0100	9022.5625	1.1996	0.0537	0	0
KIAA0101	3417.2974	1.1078	0.0708	0	0
KIAA0141	357.236	-0.3455	0.1831	0.0562	0.0866
KIAA0195	1223.7743	0.8347	0.1075	0	0
KIAA0196	1294.293	0.6343	0.1028	0	0
KIAA0226	302.9346	-1.3814	0.2041	0	0
KIAA0226L	0.2016	-0.044	1.25	0.8883	NA
KIAA0232	522.6675	-0.6013	0.1635	2e-04	4e-04
KIAA0247	166.5893	-0.0864	0.2564	0.7301	0.7913
KIAA0319	4.9225	0.1993	0.9681	0.7458	0.8044
KIAA0319L	1849.4921	0.9646	0.0869	0	0
KIAA0355	286.853	-2.5154	0.2271	0	0
KIAA0368	1813.9887	-0.2571	0.0897	0.004	0.0074
KIAA0391	653.716	0.4167	0.1347	0.0019	0.0035
KIAA0430	494.8629	-1.2056	0.1647	0	0
KIAA0513	60.8244	-0.0696	0.4417	0.8654	0.9002
KIAA0556	182.1139	-1.4291	0.256	0	0
KIAA0586	191.5289	-1.6418	0.2667	0	0
KIAA0753	334.7747	-1.9209	0.2003	0	0
KIAA0754	81.2265	-0.2712	0.355	0.4237	0.5098
KIAA0825	2.8905	-0.8466	1.1417	0.1235	0.1762
KIAA0895	596.4289	-1.1088	0.1481	0	0
KIAA0895L	71.4584	-0.802	0.3873	0.0285	0.0463
KIAA0907	430.2221	-2.8474	0.1974	0	0
KIAA0922	161.9532	-1.6727	0.276	0	0
KIAA0930	1813.1793	0.4096	0.088	0	0
KIAA0947	1048.4002	-1.2711	0.1147	0	0
KIAA1009	102.6163	-0.982	0.3289	0.0019	0.0036
KIAA1024	14.1245	-0.8386	0.743	0.1571	0.2182
KIAA1033	430.5943	-1.5629	0.1772	0	0
KIAA1045	0.3334	0.1443	1.2516	0.6447	NA
KIAA1107	1.3889	-0.0167	1.1836	0.9706	0.978
KIAA1109	467.842	-0.436	0.1705	0.0098	0.017
KIAA1143	760.2252	-0.2764	0.1269	0.0284	0.0462
KIAA1147	379.7741	-1.439	0.1857	0	0
KIAA1161	3366.7705	0.5713	0.0701	0	0
KIAA1191	847.9061	-1.0651	0.1298	0	0
KIAA1199	16.6381	0.6023	0.6809	0.2866	0.3678
KIAA1211	16.3943	-0.3268	0.6831	0.5637	0.6439
KIAA1211L	267.0213	-1.9826	0.2323	0	0
KIAA1217	91.4681	-2.3229	0.4067	0	0
KIAA1244	494.1655	0.6389	0.1635	1e-04	2e-04
KIAA1279	461.099	-1.928	0.1712	0	0
KIAA1324	7.6997	0.0681	0.8675	0.9125	0.9367
KIAA1324L	17.3889	-0.5651	0.7004	0.325	0.4093
KIAA1328	14.6959	-0.4758	0.7362	0.4191	0.5056
KIAA1377	9.801	-1.3147	0.9064	0.0394	0.0626
KIAA1407	15.2389	-1.0096	0.7836	0.0968	0.1416
KIAA1429	899.2046	-0.6408	0.1274	0	0
KIAA1430	859.0875	-0.5331	0.1224	0	0
KIAA1432	423.4033	-2.3551	0.195	0	0
KIAA1462	0.1911	-0.0383	1.25	0.9025	NA
KIAA1467	252.0827	0.0618	0.2531	0.8028	0.85
KIAA1468	466.6752	-0.7038	0.1631	0	0
KIAA1522	1936.7663	-0.8036	0.0881	0	0
KIAA1524	985.8216	-0.5138	0.1139	0	0
KIAA1549	418.0217	-1.0246	0.1728	0	0
KIAA1549L	3.0638	0.8288	1.0968	0.1533	0.2135
KIAA1551	799.7468	-1.0954	0.1306	0	0
KIAA1586	113.7784	-0.7189	0.3113	0.0167	0.028
KIAA1598	361.6346	0.0807	0.1799	0.6501	0.7213
KIAA1614	15.6335	-1.7258	0.8164	0.0058	0.0103
KIAA1652	8.1068	1.0273	0.8828	0.1032	0.1499
KIAA1656	27.7566	0.5606	0.5585	0.2575	0.3352
KIAA1671	589.9476	-2.2665	0.1588	0	0
KIAA1683	1.088	-0.1591	1.1921	0.7182	NA
KIAA1715	603.4921	0.5069	0.1498	6e-04	0.0013
KIAA1731	238.3591	-2.3696	0.245	0	0
KIAA1751	0.1899	-0.0377	1.2501	0.9041	NA
KIAA1804	162.1837	-1.4942	0.2735	0	0
KIAA1841	98.9837	-0.6268	0.3305	0.0483	0.0755
KIAA1875	3.9725	0.6307	1.0167	0.3006	0.383
KIAA1919	427.3266	0.2755	0.1681	0.0978	0.1429
KIAA1958	218.234	0.2647	0.2297	0.2402	0.3157
KIAA2013	3874.604	1.5205	0.0691	0	0
KIAA2018	234.8713	-0.8005	0.2792	0.0032	0.0059
KIAA2022	5.9853	-1.7695	1.1788	0.0042	0.0076
KIAA2026	292.4137	-0.0825	0.1963	0.67	0.7387
KIDINS220	1912.3595	0.7103	0.0856	0	0
KIF11	1477.0889	-1.9653	0.1155	0	0
KIF12	14.1138	-0.3713	0.7757	0.5375	0.6198
KIF13A	832.9425	-0.9167	0.1295	0	0
KIF13B	410.6413	-2.3062	0.1862	0	0
KIF14	805.1689	-1.4289	0.1329	0	0
KIF15	480.4931	-2.3607	0.1781	0	0
KIF16B	128.2569	-2.1219	0.3206	0	0
KIF17	2.5432	0.0293	1.0711	0.959	0.9704
KIF18A	376.0173	-1.3839	0.1819	0	0
KIF18B	1279.7235	-1.268	0.1086	0	0
KIF1A	4.6684	0.5674	0.9739	0.3593	0.4453
KIF1B	890.5892	-1.2084	0.131	0	0
KIF1C	11949.2039	1.1507	0.0533	0	0
KIF20A	2181.0873	0.0671	0.0817	0.4106	0.4966
KIF20B	607.038	-2.5457	0.1605	0	0
KIF21A	228.7705	-1.354	0.2317	0	0
KIF21B	308.2887	-2.0068	0.2162	0	0
KIF22	2214.6743	-0.3963	0.0809	0	0
KIF23	1427.1305	-2.2097	0.1141	0	0
KIF24	235.7147	-2.1343	0.2388	0	0
KIF26A	615.0062	-0.8443	0.1494	0	0
KIF26B	4.602	-0.1421	0.9792	0.8163	0.8609
KIF27	48.0746	-1.6563	0.4917	2e-04	4e-04
KIF2A	882.1034	-1.6694	0.1289	0	0
KIF2C	860.8092	-2.8514	0.1511	0	0
KIF3A	159.7185	-1.5424	0.2872	0	0
KIF3B	1037.6183	-0.0262	0.1133	0.8165	0.8609
KIF3C	90.6869	-0.7489	0.3526	0.0261	0.0427
KIF4A	1401.3714	0.0924	0.1009	0.358	0.4439
KIF4B	1.551	0.1553	1.1573	0.7517	0.8093
KIF5A	3.5442	-0.0459	1.0137	0.9391	0.9572
KIF5B	3877.8307	-0.8082	0.0757	0	0
KIF5C	48.2148	-0.1859	0.4468	0.654	0.7247
KIF6	0.3335	0.1444	1.2516	0.6446	NA
KIF7	109.8203	-2.4431	0.3672	0	0
KIF9	70.7941	0.8795	0.3872	0.0162	0.0273
KIF9-AS1	11.9339	-1.2021	0.8218	0.0528	0.0819
KIFAP3	327.8144	0.2698	0.1844	0.1387	0.1953
KIFC1	990.0855	-2.3498	0.1295	0	0
KIFC2	127.5602	0.3667	0.3049	0.2134	0.285
KIFC3	2044.9407	-0.129	0.0959	0.1771	0.2424
KIN	155.9367	-2.4507	0.297	0	0
KIRREL	14662.2985	0.5935	0.0604	0	0
KIRREL2	17.3051	0.953	0.6894	0.0944	0.1385
KIRREL3	1.8761	0.2321	1.1598	0.6357	0.7082
KISS1	16.1785	1.333	0.7206	0.0228	0.0375
KISS1R	610.2903	0.4785	0.1419	7e-04	0.0014
KITLG	77.0473	-1.3057	0.3854	3e-04	7e-04
KLB	34.6602	3.6411	0.7168	0	0
KLC1	938.1613	-0.4991	0.1197	0	1e-04
KLC2	895.5155	-1.0801	0.1314	0	0
KLC3	68.6321	-0.0605	0.3884	0.8691	0.903
KLC4	87.7481	-0.0401	0.3644	0.9081	0.9333
KLF10	764.4976	1.5871	0.1287	0	0
KLF11	111.4621	-0.461	0.312	0.1257	0.179
KLF12	336.1166	-1.7737	0.1982	0	0
KLF13	1050.7679	0.0321	0.1118	0.7734	0.8269
KLF14	87.5699	0.7544	0.3452	0.0224	0.0369
KLF15	30.6075	-2.843	0.7615	0	0
KLF16	826.8736	-0.0307	0.1217	0.7999	0.8475
KLF2	144.471	-0.1139	0.2786	0.6742	0.7425
KLF3	1497.2943	0.467	0.0939	0	0
KLF4	48.7474	1.243	0.4589	0.0033	0.0061
KLF5	10769.0357	2.0028	0.0516	0	0
KLF6	952.4987	0.8459	0.1144	0	0
KLF7	314.4463	1.6061	0.2024	0	0
KLF8	0.8759	-0.2732	1.2204	0.4902	NA
KLF9	3.6592	0.3131	1.0105	0.6041	0.6797
KLHDC1	4.9496	-1.108	1.1167	0.0595	0.0912
KLHDC10	901.9754	-2.6189	0.1331	0	0
KLHDC2	267.7573	-1.5306	0.2181	0	0
KLHDC3	2531.7509	0.6321	0.0787	0	0
KLHDC4	448.6636	0.5109	0.1714	0.0026	0.0048
KLHDC7A	168.1628	1.1072	0.2554	0	0
KLHDC7B	0.3699	-0.1024	1.2488	0.7479	NA
KLHDC8A	4.8425	0.2517	1.0106	0.6764	0.7445
KLHDC8B	219.592	-2.2009	0.2543	0	0
KLHDC9	125.0582	-0.2791	0.3015	0.3386	0.4242
KLHL10	1.2487	-0.2123	1.1855	0.6396	NA
KLHL11	293.5002	1.494	0.2012	0	0
KLHL12	397.6498	-1.3915	0.1782	0	0
KLHL13	0.1804	-0.0353	1.2501	0.9101	NA
KLHL14	167.0158	-2.3935	0.2899	0	0
KLHL15	745.1374	1.3339	0.1324	0	0
KLHL17	182.9439	-0.1668	0.255	0.5032	0.5868
KLHL18	310.9724	-2.1957	0.224	0	0
KLHL2	165.3847	-0.3516	0.2574	0.1617	0.2236
KLHL20	143.5477	-1.8682	0.3063	0	0
KLHL21	845.7472	-1.817	0.1296	0	0
KLHL22	231.9681	-2.9107	0.2702	0	0
KLHL23	343.0725	-3.1398	0.2289	0	0
KLHL24	59.4852	-1.8741	0.5233	1e-04	1e-04
KLHL25	158.3913	-3.2946	0.342	0	0
KLHL26	141.7206	-2.1493	0.3059	0	0
KLHL28	87.8146	-0.1635	0.3619	0.6355	0.708
KLHL29	17.1762	-1.2993	0.7389	0.0285	0.0463
KLHL3	43.3904	-1.6499	0.5108	4e-04	7e-04
KLHL30	11.7509	-1.31	0.8466	0.0371	0.0591
KLHL31	0.6835	0.2469	1.2453	0.4657	NA
KLHL35	26.8181	-0.7445	0.5826	0.1447	0.2026
KLHL36	537.8185	0.3843	0.1489	0.0093	0.0161
KLHL38	0.1667	-0.0292	1.25	0.9255	NA
KLHL4	0.7025	-0.0078	1.2304	0.9829	NA
KLHL41	4.234	-1.3948	1.1693	0.0169	0.0283
KLHL42	603.1617	-1.9043	0.1529	0	0
KLHL5	1572.2517	0.9175	0.1017	0	0
KLHL7	288.1548	0.1605	0.1989	0.4131	0.4992
KLHL7-AS1	2.3289	-0.31	1.1151	0.5663	0.6462
KLHL8	423.3849	-2.193	0.1848	0	0
KLHL9	1261.0298	1.4744	0.1021	0	0
KLK10	109.6542	1.1807	0.3123	1e-04	2e-04
KLK11	9.464	0.6823	0.8439	0.2714	0.3508
KLK13	5.4847	-0.1803	0.9497	0.7704	0.8245
KLK14	1.3605	2e-04	1.1676	0.9997	NA
KLK6	8.2722	1.4339	0.9628	0.026	0.0425
KLLN	33.3299	1.6342	0.5592	0.001	0.0019
KLRAP1	7.6679	-1.0781	0.9307	0.0893	0.1317
KLRG1	0.731	-0.2394	1.2292	0.5235	NA
KLRG2	41.5024	-0.1041	0.4765	0.812	0.8574
KMO	1.0253	0.3932	1.2303	0.3108	NA
KMT2A	1366.1554	-0.6628	0.1211	0	0
KMT2B	936.2988	-1.0573	0.1195	0	0
KMT2C	783.3291	-1.6164	0.1338	0	0
KMT2D	1798.2698	-1.7047	0.1011	0	0
KMT2E	669.5471	-1.2849	0.1412	0	0
KMT2E-AS1	171.6173	3.2583	0.2922	0	0
KNDC1	0.3797	-0.1048	1.2488	0.7422	NA
KNG1	25.5624	0.5773	0.5836	0.2588	0.3366
KNOP1	366.302	-1.1481	0.1908	0	0
KNSTRN	616.5355	-2.0325	0.1515	0	0
KNTC1	795.7174	-1.1538	0.1287	0	0
KPNA1	1028.5055	-0.5088	0.1159	0	0
KPNA2	20170.7785	1.3105	0.048	0	0
KPNA3	819.7376	-0.8313	0.1316	0	0
KPNA4	1218.4384	-1.4365	0.1117	0	0
KPNA5	56.2801	-1.1537	0.4591	0.0064	0.0115
KPNA6	1489.8264	-1.2201	0.0974	0	0
KPNB1	7826.4841	-1.0281	0.0582	0	0
KPTN	299.2457	1.1419	0.1978	0	0
KRAS	678.6228	-2.2217	0.1479	0	0
KRBA1	95.7266	-2.3408	0.4246	0	0
KRBA2	28.1728	0.6689	0.5909	0.1946	0.2632
KRBOX4	77.0099	-0.8179	0.3703	0.0201	0.0333
KRCC1	149.2554	-3.8942	0.3873	0	0
KREMEN1	214.3279	-0.2179	0.2333	0.3409	0.4266
KREMEN2	383.1677	0.8585	0.172	0	0
KRI1	705.5566	-1.4452	0.14	0	0
KRIT1	328.7163	-2.586	0.2164	0	0
KRR1	802.6672	-0.6416	0.1414	0	0
KRT10	798.6606	0.7777	0.1277	0	0
KRT13	3.7105	0.0894	1.0189	0.8812	0.9114
KRT15	1.7647	0.0851	1.1406	0.8673	0.9016
KRT16	0.3608	-0.1002	1.2488	0.7529	NA
KRT17	48.8652	1.59	0.4695	2e-04	5e-04
KRT18	13785.6327	0.4626	0.0639	0	0
KRT19	2071.0902	0.1016	0.1025	0.3199	0.4041
KRT222	5.1331	-0.1032	0.948	0.8673	0.9016
KRT24	9.8453	0.5502	0.8175	0.3703	0.4557
KRT26	0.3702	-0.1025	1.2488	0.7475	NA
KRT27	18.8174	0.952	0.6733	0.0902	0.1329
KRT28	0.3338	0.1444	1.2516	0.6445	NA
KRT4	23.2683	0.909	0.6098	0.0846	0.1255
KRT7	49.5086	0.9916	0.4564	0.0187	0.0311
KRT8	35819.7071	1.6364	0.054	0	0
KRT80	24.6183	-0.7113	0.6047	0.1747	0.2395
KRT81	2.5584	0.4983	1.0961	0.3763	0.4611
KRT86	2.7861	0.1761	1.0611	0.7604	0.8162
KRT8P41	1.3397	0.6022	1.2103	0.1787	NA
KRT9	0.1897	-0.0376	1.2501	0.9044	NA
KRTAP4-8	0.3338	0.1444	1.2516	0.6445	NA
KRTAP5-AS1	0.3409	0.1453	1.2516	0.6426	NA
KRTCAP2	749.7547	0.5635	0.1359	0	1e-04
KRTCAP3	1.4375	-0.2933	1.1748	0.535	0.6175
KRTDAP	0.3418	0.1456	1.2516	0.6419	NA
KSR1	610.5049	-2.1379	0.1583	0	0
KSR2	4.2398	-0.1398	0.9965	0.8178	0.8621
KTI12	1066.8054	3.0819	0.119	0	0
KTN1	6806.7212	0.8487	0.0658	0	0
KTN1-AS1	40.5784	1.6231	0.4997	3e-04	7e-04
KXD1	1885.0613	0.5253	0.0912	0	0
KYNU	0.5094	0.0572	1.2464	0.8596	NA
L1CAM	7783.8502	1.3002	0.066	0	0
L2HGDH	490.8054	-0.6153	0.1555	1e-04	1e-04
L3HYPDH	143.48	-0.4655	0.2793	0.0864	0.1279
L3MBTL1	12.2978	-1.2014	0.836	0.0543	0.084
L3MBTL2	722.9834	-0.6754	0.1304	0	0
L3MBTL3	107.2383	-1.2876	0.3584	2e-04	3e-04
LACC1	22.7257	-2.2059	0.7413	2e-04	5e-04
LACE1	34.4547	-0.9274	0.5615	0.062	0.0947
LACTB	342.0981	-0.586	0.1861	0.0014	0.0027
LACTB2	143.3335	-0.5136	0.281	0.0599	0.0918
LAD1	359.611	0.2937	0.1774	0.094	0.1378
LAG3	3.0788	-0.7236	1.1337	0.1856	0.2524
LAGE3	995.6867	1.4971	0.1175	0	0
LAMA1	2.6179	0.1801	1.1258	0.7324	0.7931
LAMA2	23.906	0.0951	0.5941	0.8542	0.8926
LAMA3	503.6865	1.0419	0.1536	0	0
LAMA4	79.1275	1.1076	0.3803	0.0021	0.0039
LAMA5	22313.5598	0.9124	0.0557	0	0
LAMB1	7043.1132	1.0771	0.057	0	0
LAMB2	4314.6434	0.853	0.0672	0	0
LAMB2P1	0.1891	-0.0373	1.2501	0.9052	NA
LAMB3	177.382	1.5421	0.2513	0	0
LAMC1	34822.3387	1.3343	0.0502	0	0
LAMC2	9958.39	1.7575	0.0586	0	0
LAMC3	25.875	1.9541	0.6427	4e-04	7e-04
LAMP1	8375.5229	1.4351	0.0541	0	0
LAMP2	2269.6797	1.0767	0.08	0	0
LAMP3	9.1866	0.873	0.8349	0.1594	0.2209
LAMTOR1	2217.4583	1.0137	0.0838	0	0
LAMTOR2	730.7225	1.588	0.1351	0	0
LAMTOR3	469.2539	0.1666	0.1673	0.3146	0.3983
LAMTOR4	1078.6466	1.1499	0.1098	0	0
LAMTOR5	1079.4363	1.0844	0.1108	0	0
LAMTOR5-AS1	0.8622	0.2088	1.2116	0.6094	NA
LANCL1	542.2401	0.0909	0.1489	0.5383	0.6205
LANCL2	267.4257	-0.8685	0.2095	0	1e-04
LAP3	1618.0136	1.2042	0.0971	0	0
LAPTM4A	2990.2437	1.1899	0.0748	0	0
LAPTM4B	8868.5906	1.265	0.0534	0	0
LAPTM5	1.6924	0.7657	1.202	0.1106	0.1595
LARGE	153.544	0.0041	0.2647	0.9874	0.991
LARP1	5721.3158	-0.7129	0.0654	0	0
LARP1B	255.5183	-1.3069	0.2212	0	0
LARP4	736.8439	-2.5474	0.1508	0	0
LARP4B	1238.2615	-2.3496	0.1191	0	0
LARP6	946.9166	1.3144	0.1168	0	0
LARP7	836.2978	-0.3687	0.1229	0.0026	0.0048
LARS	3290.9461	1.0353	0.0741	0	0
LARS2	739.9607	-0.3013	0.1299	0.0196	0.0326
LARS2-AS1	0.3418	0.1456	1.2516	0.6419	NA
LAS1L	1484.8412	1.0274	0.0962	0	0
LASP1	11966.8031	-0.0416	0.0707	0.5555	0.6366
LAT	9.1302	-0.7848	0.8604	0.2085	0.2792
LAT2	11.7829	0.0203	0.7537	0.9728	0.9793
LATS1	768.8072	0.8207	0.128	0	0
LATS2	1958.471	0.8221	0.0956	0	0
LAYN	5.7245	-0.006	0.9285	0.9923	0.9947
LBH	427.976	1.1025	0.1649	0	0
LBR	1749.5558	-0.8392	0.0916	0	0
LBX1	4.9605	0.757	1.0005	0.2206	0.2932
LBX2	25.9999	0.3454	0.5764	0.4955	0.5797
LBX2-AS1	93.3162	1.1407	0.339	4e-04	9e-04
LCA5	160.5302	-0.0784	0.2653	0.7617	0.8173
LCA5L	2.7809	-0.018	1.067	0.975	0.9812
LCAT	39.0946	-1.2613	0.5191	0.007	0.0124
LCK	4.105	-0.1939	0.991	0.7501	0.8079
LCLAT1	343.6701	-0.272	0.1957	0.1588	0.2202
LCMT1	241.5036	-0.2338	0.2189	0.2772	0.3574
LCMT2	337.0314	1.4931	0.1875	0	0
LCN10	0.3338	0.1444	1.2516	0.6445	NA
LCN12	7.2245	0.8722	0.8985	0.1657	0.2284
LCN15	4.6494	1.5072	1.1259	0.0142	0.0241
LCN2	7.1779	1.4444	0.9775	0.0249	0.0408
LCNL1	0.1804	-0.0353	1.2501	0.9101	NA
LCOR	333.1624	-1.4569	0.1941	0	0
LCORL	156.7867	-0.2869	0.2651	0.2668	0.3457
LCP1	3.0556	1.2735	1.1974	0.021	0.0348
LCTL	4.7244	0.199	0.9675	0.7461	0.8047
LDB1	850.2285	-1.4623	0.13	0	0
LDB3	1.4144	-0.0176	1.1648	0.9707	0.9781
LDHA	26681.1023	1.1983	0.0623	0	0
LDHAL6A	0.7404	-0.2458	1.2279	0.5161	NA
LDHAL6B	1.3587	0.6099	1.2099	0.1747	NA
LDHB	24623.6902	1.2876	0.0475	0	0
LDHC	0.3418	0.1456	1.2516	0.6419	NA
LDHD	10.5221	0.3394	0.8292	0.5813	0.6599
LDLR	1383.7829	-0.7431	0.1007	0	0
LDLRAD2	21.0466	0.4899	0.6226	0.3594	0.4454
LDLRAD3	233.5591	-0.3153	0.2175	0.1403	0.1971
LDLRAD4	1.6863	-0.6286	1.1891	0.1904	0.2582
LDLRAP1	263.5062	-1.9544	0.2311	0	0
LDOC1	1551.7733	1.5828	0.1004	0	0
LDOC1L	1281.9389	0.2698	0.1007	0.0072	0.0127
LEAP2	2.2604	-0.8063	1.1809	0.1131	0.1627
LEF1	1.2399	0.5412	1.2116	0.217	NA
LEFTY1	741.2668	0.9477	0.4309	0.0183	0.0305
LEFTY2	7.1819	0.5146	0.88	0.409	0.4949
LEKR1	30.9817	2.4587	0.6239	0	0
LEMD1	16.0153	0.046	0.7173	0.9369	0.9554
LEMD2	848.9403	-2.0575	0.1327	0	0
LEMD3	674.9161	-0.8685	0.1355	0	0
LENEP	1.3469	0.6135	1.209	0.1738	NA
LENG1	114.2266	1.2738	0.3067	0	0
LENG8	719.2758	-1.2675	0.1454	0	0
LENG9	102.4749	0.7642	0.3281	0.0154	0.0259
LEO1	434.6863	-2.5442	0.1897	0	0
LEPR	33.4599	0.4948	0.521	0.2921	0.3737
LEPRE1	4749.413	1.2825	0.0624	0	0
LEPREL1	3302.1593	1.1835	0.0889	0	0
LEPREL2	1981.4403	1.3041	0.0925	0	0
LEPREL4	3275.6827	1.4896	0.0743	0	0
LEPROT	821.2202	0.8	0.1382	0	0
LEPROTL1	632.3396	-0.2597	0.1388	0.0596	0.0914
LETM1	1158.9597	-0.0501	0.1117	0.6526	0.7236
LETM2	75.7153	-2.1702	0.4094	0	0
LETMD1	103.9207	-2.5928	0.3742	0	0
LFNG	19.3426	-1.4063	0.7416	0.0181	0.0302
LGALS1	3302.7499	1.5637	0.0766	0	0
LGALS12	10.501	0.2734	0.7858	0.6514	0.7226
LGALS2	0.8492	0.179	1.223	0.6416	NA
LGALS3	1686.0791	1.2811	0.1015	0	0
LGALS3BP	1887.0917	1.4834	0.0873	0	0
LGALS4	0.9009	-0.0861	1.2048	0.8363	NA
LGALS7	8.6584	1.8662	0.9945	0.0046	0.0083
LGALS7B	19.5054	1.6455	0.6889	0.004	0.0073
LGALS8	203.3529	-0.765	0.2362	9e-04	0.0019
LGALS8-AS1	1.5678	0.1785	1.139	0.7278	0.7895
LGALS9	2.8953	0.2943	1.0521	0.6148	0.6893
LGALSL	271.2952	-1.2101	0.2214	0	0
LGI2	3.8233	0.2451	1.0055	0.6852	0.7518
LGI3	0.6676	0.2404	1.2461	0.4741	NA
LGMN	1322.6498	1.3503	0.1009	0	0
LGR4	3876.005	-1.2278	0.0748	0	0
LGR5	36.8727	-1.8785	0.593	3e-04	6e-04
LGSN	1.959	0.0418	1.1086	0.9384	0.9567
LHFP	228.3388	0.7115	0.2242	0.0012	0.0024
LHFPL2	167.8722	-2.0091	0.2789	0	0
LHFPL3	1.0467	0.0979	1.2054	0.814	NA
LHFPL3-AS2	1.8153	-0.3988	1.1595	0.4236	0.5098
LHPP	90.2571	1.6208	0.3479	0	0
LHX1	174.2217	1.7613	0.2575	0	0
LHX2	157.629	-3.418	0.3581	0	0
LHX4	57.0035	-0.9556	0.4343	0.0181	0.0302
LHX5	0.1799	-0.0351	1.2501	0.9106	NA
LHX6	5.8071	-0.7061	0.9718	0.2566	0.3341
LHX9	31.6384	-2.1179	0.6817	2e-04	4e-04
LIAS	108.5027	0.3673	0.3204	0.2339	0.3085
LIF	383.9849	1.6515	0.1825	0	0
LIFR	57.4358	0.1484	0.4113	0.7009	0.7654
LIFR-AS1	1.2532	0.0359	1.1916	0.9349	NA
LIG1	2216.1555	0.9081	0.0846	0	0
LIG3	1231.1356	0.2762	0.1025	0.0069	0.0121
LIG4	261.5862	-0.7759	0.2193	3e-04	6e-04
LILRA6	2.633	0.7879	1.157	0.1379	0.1943
LILRB3	5.5087	0.4296	0.9321	0.4899	0.5744
LIMA1	1132.8824	0.4787	0.1176	0	1e-04
LIMCH1	2154.1325	-0.5129	0.0971	0	0
LIMD1	585.0757	-3.1991	0.1756	0	0
LIMD1-AS1	101.1376	-1.8688	0.8084	0.0028	0.0051
LIMD2	1007.7899	0.7883	0.1149	0	0
LIME1	33.9881	-1.6002	0.5916	0.0019	0.0037
LIMK1	821.8827	-0.0062	0.1255	0.9605	0.9713
LIMK2	260.8476	-2.0019	0.2272	0	0
LIMS1	2121.3776	0.4075	0.0863	0	0
LIMS2	402.587	0.2439	0.1698	0.1467	0.2052
LIMS3L	38.1211	-0.0941	0.5229	0.8418	0.8825
LIN28A	1177.3305	-0.5675	0.1224	0	0
LIN37	31.1585	-2.5821	0.6875	0	0
LIN52	96.4986	-1.9592	0.3721	0	0
LIN54	868.7465	-0.9726	0.1414	0	0
LIN7A	1.7878	-0.1545	1.1413	0.7619	0.8174
LIN7B	7.0454	-1.4044	1.0254	0.0276	0.0449
LIN7C	621.0881	-0.2028	0.1408	0.1471	0.2057
LIN9	204.5739	-2.1631	0.263	0	0
LINC-PINT	9.7391	-0.0439	0.8041	0.9426	0.9597
LINC00035	0.701	-0.016	1.2199	0.9671	NA
LINC00086	11.0025	0.4	0.7966	0.5108	0.594
LINC00087	1.6045	-0.281	1.1863	0.5371	0.6195
LINC00092	0.1815	-0.0358	1.2501	0.9089	NA
LINC00094	630.2286	0.1776	0.1388	0.1977	0.2666
LINC00102	0.5133	0.0589	1.2461	0.8558	NA
LINC00115	95.6306	3.5338	0.399	0	0
LINC00152	265.6353	0.3874	0.2035	0.0534	0.0826
LINC00162	0.3338	0.1444	1.2516	0.6445	NA
LINC00163	0.3338	0.1444	1.2516	0.6445	NA
LINC00167	22.204	2.7591	0.8105	0	0
LINC00173	0.3035	-0.0776	1.2487	0.8069	NA
LINC00174	16.6083	-0.908	0.7069	0.1161	0.1666
LINC00176	5.8986	0.5255	0.921	0.3998	0.4853
LINC00184	0.3599	-0.1	1.2488	0.7535	NA
LINC00235	48.1432	4.0787	0.6685	0	0
LINC00239	0.7414	-0.2464	1.2278	0.5153	NA
LINC00240	3.0495	0.7787	1.1101	0.1708	0.2348
LINC00242	0.9198	-0.3228	1.2174	0.4261	NA
LINC00260	0.864	0.2105	1.2116	0.6067	NA
LINC00261	0.3793	-0.1047	1.2488	0.7425	NA
LINC00263	32.655	0.0781	0.5233	0.8684	0.9025
LINC00265	37.2999	-1.3986	0.5373	0.0036	0.0066
LINC00277	0.1804	-0.0353	1.2501	0.9101	NA
LINC00294	53.254	-0.9253	0.4426	0.0243	0.0399
LINC00304	0.514	0.0591	1.2461	0.8554	NA
LINC00310	0.3885	-0.0989	1.2488	0.7562	NA
LINC00312	0.9493	-0.2789	1.2293	0.4608	NA
LINC00316	0.3687	-0.1029	1.2488	0.7466	NA
LINC00319	10.3901	0.9141	0.82	0.1388	0.1953
LINC00324	7.5634	0.1105	0.865	0.8584	0.8953
LINC00332	0.5255	0.0615	1.2452	0.8508	NA
LINC00336	0.1899	-0.0377	1.2501	0.9041	NA
LINC00337	7.9442	0.7176	0.8762	0.251	0.3278
LINC00338	62.0079	-1.2861	0.4345	0.0015	0.0028
LINC00339	81.2281	-1.0771	0.3674	0.002	0.0038
LINC00341	0.5506	-0.1628	1.2414	0.6335	NA
LINC00342	6.7565	-0.4294	0.9053	0.4908	0.5753
LINC00346	3.7271	-0.0999	1.016	0.8676	0.9019
LINC00379	0.3337	0.1444	1.2516	0.6445	NA
LINC00441	0.544	-0.1408	1.2488	0.6603	NA
LINC00461	0.3412	0.1454	1.2516	0.6423	NA
LINC00462	2.9647	0.1208	1.0471	0.8365	0.8786
LINC00467	82.7926	0.842	0.3542	0.0127	0.0217
LINC00471	6.2924	-0.5038	0.9168	0.4195	0.5059
LINC00472	250.7403	1.5658	0.2193	0	0
LINC00476	33.5585	0.3664	0.518	0.4333	0.519
LINC00478	29.3419	-0.5506	0.5624	0.2685	0.3475
LINC00488	13.5856	-1.2537	0.7913	0.0406	0.0644
LINC00493	151.2683	0.9859	0.2807	3e-04	6e-04
LINC00511	1.2626	-0.2168	1.1825	0.636	NA
LINC00514	1.5975	-0.0885	1.1514	0.8586	0.8954
LINC00518	3.5336	0.1524	1.0266	0.7979	0.8458
LINC00525	1.2722	-0.2197	1.1822	0.6319	NA
LINC00526	0.1801	-0.0352	1.2501	0.9105	NA
LINC00528	0.3332	0.1443	1.2516	0.6448	NA
LINC00535	1.8452	0.512	1.1863	0.2784	0.3585
LINC00539	1.8931	0.5916	1.1724	0.234	0.3086
LINC00565	1.6824	0.7618	1.2022	0.1119	0.1612
LINC00598	1.7118	0.3853	1.1416	0.4568	0.542
LINC00612	0.3326	0.1441	1.2516	0.6451	NA
LINC00622	0.7241	-0.1989	1.2405	0.5656	NA
LINC00623	83.4404	-0.3899	0.3598	0.2556	0.3331
LINC00624	4.4583	-0.4268	1.0228	0.4779	0.563
LINC00628	23.204	3.4738	1.1091	0	0
LINC00630	17.6559	-0.4843	0.6703	0.3871	0.4723
LINC00634	1.1086	-0.4028	1.2081	0.3482	NA
LINC00637	1.0455	0.1314	1.1797	0.7749	NA
LINC00638	9.1895	-1.0511	0.9284	0.0973	0.1423
LINC00639	0.5503	-0.1626	1.2414	0.6338	NA
LINC00641	316.8664	-0.6585	0.195	6e-04	0.0012
LINC00645	31.2996	-2.2345	0.6521	1e-04	1e-04
LINC00649	0.1894	-0.0374	1.2501	0.9048	NA
LINC00654	1.2813	-0.4702	1.2018	0.2917	NA
LINC00657	8456.0461	1.6991	0.0543	0	0
LINC00659	0.3762	0.1562	1.2517	0.6185	NA
LINC00662	35.7149	0.897	0.5288	0.0589	0.0904
LINC00663	2.7271	-0.647	1.1374	0.229	0.3028
LINC00664	0.675	0.2859	1.2368	0.4303	NA
LINC00665	0.3413	0.1454	1.2516	0.6423	NA
LINC00667	0.514	0.0592	1.2461	0.8553	NA
LINC00669	24.6172	-1.6332	0.6637	0.0035	0.0063
LINC00672	2.5081	-0.1527	1.078	0.7875	0.8375
LINC00673	23.474	0.0147	0.5933	0.9773	0.9828
LINC00674	995.0215	0.3628	0.1202	0.0024	0.0045
LINC00685	11.2935	0.5717	0.7717	0.3421	0.4278
LINC00707	0.3428	0.1459	1.2516	0.6412	NA
LINC00842	0.7042	-0.0141	1.2197	0.9709	NA
LINC00843	152.6173	-0.1415	0.2755	0.5976	0.6741
LINC00847	4.6424	-1.4919	1.1704	0.0119	0.0204
LINC00852	5.485	-0.6599	0.9787	0.2872	0.3685
LINC00853	0.8807	0.1889	1.2212	0.627	NA
LINC00857	139.5251	-0.6409	0.2816	0.0191	0.0318
LINC00858	0.5233	0.0574	1.2454	0.8604	NA
LINC00865	0.1898	-0.0377	1.2501	0.9042	NA
LINC00867	0.6948	-0.0105	1.2309	0.9769	NA
LINC00869	3.5522	-0.6302	1.0623	0.2854	0.3664
LINC00882	3.3277	0.2124	1.0399	0.7187	0.7815
LINC00883	83.2	-0.1701	0.3628	0.6226	0.6964
LINC00884	1.3298	0.5168	1.221	0.2186	NA
LINC00886	0.1896	-0.0375	1.2501	0.9045	NA
LINC00887	2.1658	-0.4962	1.1504	0.335	0.4201
LINC00888	77.925	-0.61	0.3698	0.0827	0.1229
LINC00893	3.1174	0.5207	1.0576	0.376	0.4608
LINC00894	3.1536	0.2765	1.047	0.6377	0.7101
LINC00896	3.969	0.3326	1.0444	0.5728	0.6521
LINC00899	1.2719	-0.4555	1.2043	0.3013	NA
LINC00909	157.8293	1.0177	0.2677	1e-04	2e-04
LINC00910	3.6703	-0.26	1.0208	0.6643	0.7334
LINC00921	1.1202	-0.4055	1.2081	0.3453	NA
LINC00926	7.6875	-0.4582	0.8675	0.4611	0.5463
LINC00935	0.19	-0.0377	1.2501	0.904	NA
LINC00936	15.8908	0.4705	0.6883	0.408	0.4941
LINC00937	1.7494	0.3112	1.171	0.5158	0.5985
LINC00938	279.622	1.9957	0.2084	0	0
LINC00941	58.8284	0.72	0.4121	0.0626	0.0955
LINC00942	0.9197	-0.3228	1.2175	0.4262	NA
LINC00957	1.9186	0.4636	1.1756	0.3366	0.4219
LINC00958	106.6868	-4.0509	0.4956	0	0
LINC00959	12.0617	0.4287	0.7503	0.4705	0.5554
LINC00960	34.551	2e-04	0.5166	0.9996	0.9998
LINC00961	1.1889	0.2997	1.2064	0.4795	NA
LINC00963	22.607	-0.4888	0.6162	0.3571	0.443
LINC00969	0.5575	-0.1648	1.2409	0.6305	NA
LINC00982	0.5695	-0.1449	1.2489	0.6513	NA
LINC00984	2126.253	2.2263	0.0906	0	0
LINC00987	0.6671	0.2401	1.2461	0.4744	NA
LINC00997	103.6648	-0.3232	0.3224	0.2976	0.3798
LINC00998	190.9688	0.3927	0.2408	0.0958	0.1403
LINC00999	63.4325	-0.6072	0.4301	0.1302	0.1846
LINC01000	313.0094	-0.0179	0.1954	0.9261	0.9473
LINC01001	0.3805	-0.1051	1.2488	0.7416	NA
LINC01002	0.3702	-0.1025	1.2488	0.7475	NA
LINC01003	98.4717	0.1803	0.3256	0.5647	0.6448
LINC01004	30.8683	1.079	0.5735	0.0325	0.0523
LINC01011	11.1	-0.271	0.7745	0.6524	0.7235
LINC01012	3.9324	1.0412	1.083	0.0831	0.1235
LINC01018	1.7208	0.3941	1.1388	0.4494	0.5349
LINC01021	0.7028	-0.0079	1.2304	0.9826	NA
LINC01023	29.0161	1.5594	0.5777	0.0021	0.004
LINC01024	9.0544	0.2859	0.8161	0.6407	0.7129
LINC01057	8.3443	-0.0428	0.8398	0.9446	0.961
LINC01061	55.3016	-1.2093	0.4676	0.0049	0.0089
LINC01063	1.5892	0.1491	1.1553	0.7624	0.8177
LINC01089	19.4168	1.335	0.6672	0.017	0.0286
LINC01091	2.0605	-0.7267	1.1816	0.1457	0.2039
LINC01094	5.1437	-0.0973	0.9513	0.8747	0.9068
LINC01096	6.7961	-0.4422	0.9018	0.4781	0.5632
LINC01106	47.8998	-0.4609	0.453	0.2717	0.3511
LINC01107	0.1808	-0.0355	1.2501	0.9097	NA
LINC01116	8.8171	0.4688	0.8487	0.4491	0.5347
LINC01118	0.5658	-0.1441	1.2488	0.6531	NA
LINC01119	0.5322	0.0593	1.2447	0.8567	NA
LINC01123	542.8925	0.5917	0.153	1e-04	2e-04
LINC01125	1.4257	-0.0286	1.1496	0.9543	0.9677
LINC01126	16.0156	1.9811	0.7731	0.0012	0.0024
LINC01127	0.8647	0.2106	1.2115	0.6067	NA
LINC01128	128.0219	-1.41	0.305	0	0
LINC01132	4.2872	0.6476	1.0393	0.2815	0.3619
LINC01134	0.3798	-0.1048	1.2488	0.7422	NA
LINC01137	21.8971	-0.2949	0.6152	0.5781	0.6569
LINC01138	22.2086	-0.9558	0.6431	0.08	0.1193
LINC01139	6.9576	-1.1393	0.9739	0.0726	0.1093
LINC01140	2.1545	-0.2109	1.1074	0.6985	0.7637
LINC01144	4.1827	0.1347	0.99	0.8248	0.8681
LINC01152	0.3338	0.1444	1.2516	0.6445	NA
LINC01158	24.5346	-2.1347	0.7373	4e-04	7e-04
LINC01164	0.3418	0.1456	1.2516	0.6419	NA
LINC01165	7.5272	1.278	0.9231	0.0455	0.0715
LINC01168	1.3508	0.6158	1.209	0.1725	NA
LINC01176	0.3714	-0.1031	1.2488	0.7461	NA
LINC01184	45.6015	-1.0825	0.5025	0.0176	0.0294
LINC01186	1.0253	0.3932	1.2303	0.3108	NA
LINGO1	42.1936	0.8314	0.4792	0.0583	0.0895
LINS	68.847	-1.1349	0.4087	0.0031	0.0057
LIPA	321.7924	1.4439	0.189	0	0
LIPC	42.3055	0.6328	0.4714	0.1442	0.202
LIPE	79.5439	-3.5563	0.5161	0	0
LIPE-AS1	0.1897	-0.0376	1.2501	0.9043	NA
LIPG	1489.7591	-0.7975	0.0978	0	0
LIPH	6.006	-0.1722	0.9677	0.7793	0.8313
LIPT1	10.5478	-1.5763	0.9532	0.015	0.0254
LIPT2	19.0231	-2.0473	0.7892	9e-04	0.0019
LITAF	2409.1648	-0.0818	0.0783	0.2953	0.3773
LIX1	1121.7016	0.6326	0.1063	0	0
LIX1L	1344.9614	0.5016	0.1028	0	0
LKAAEAR1	0.5345	0.0606	1.2445	0.8537	NA
LLGL1	1911.5838	1.0232	0.0909	0	0
LLGL2	2060.0695	0.916	0.0841	0	0
LLPH	1312.0604	1.6532	0.112	0	0
LMAN1	5229.0421	1.2126	0.0628	0	0
LMAN2	4519.4297	1.5021	0.0639	0	0
LMAN2L	1347.4952	0.6318	0.0985	0	0
LMBR1	1209.5311	-0.123	0.1095	0.2591	0.337
LMBR1L	60.6874	-1.8925	0.5243	1e-04	1e-04
LMBRD1	319.7202	0.5148	0.187	0.0053	0.0095
LMBRD2	64.2492	-1e-04	0.4031	0.9998	0.9998
LMCD1	41.2076	-2.3362	0.5678	0	0
LMCD1-AS1	1.2171	0.0471	1.1796	0.9181	NA
LMF1	72.8351	0.4597	0.3753	0.1968	0.2657
LMF2	2139.8582	0.7457	0.0837	0	0
LMLN	162.8394	-0.6275	0.2674	0.016	0.027
LMNA	12846.1226	0.7996	0.0499	0	0
LMNB1	4581.2642	-0.1352	0.063	0.0315	0.0508
LMNB2	12876.9124	0.3277	0.0494	0	0
LMO2	6.3449	-1.211	1.0289	0.054	0.0834
LMO4	1931.2624	-0.0464	0.0868	0.5917	0.6684
LMO7	1022.6583	-1.0875	0.1293	0	0
LMOD1	16.9094	-0.3114	0.6947	0.5858	0.6636
LMOD3	0.7021	-0.0078	1.2304	0.9829	NA
LMTK2	664.7071	-2.1164	0.1512	0	0
LMTK3	22.0375	0.3551	0.6331	0.511	0.5942
LMX1B	24.0632	-1.1802	0.6272	0.028	0.0456
LNP1	20.5977	1.491	0.6668	0.0077	0.0136
LNPEP	929.0065	0.7605	0.1211	0	0
LNX1	12.7226	-0.3689	0.7553	0.5357	0.6181
LNX2	229.1208	-1.3488	0.2415	0	0
LOC100093631	917.813	-0.3624	0.1297	0.0049	0.0089
LOC100101148	1.6517	-0.6162	1.1898	0.1972	0.266
LOC100126582	0.9036	-0.0788	1.2173	0.8409	NA
LOC100126584	2.7122	1.1604	1.196	0.0311	0.0502
LOC100126784	0.1898	-0.0377	1.2501	0.9042	NA
LOC100128164	0.5218	0.061	1.2455	0.8517	NA
LOC100128288	2.6901	-0.4075	1.1025	0.4625	0.5476
LOC100128361	27.02	0.1117	0.5702	0.8242	0.8678
LOC100128374	0.3797	-0.1048	1.2488	0.7422	NA
LOC100128398	4.6963	0.351	0.966	0.5692	0.6488
LOC100128494	17.166	2.1811	0.7874	4e-04	9e-04
LOC100128573	0.1862	-0.0378	1.2501	0.9039	NA
LOC100128653	206.2402	3.8972	0.2887	0	0
LOC100128818	1.4075	-0.0253	1.1632	0.9581	0.97
LOC100128882	3.5931	0.5187	1.0391	0.3851	0.47
LOC100128885	89.6506	0.7444	0.3382	0.0216	0.0357
LOC100128905	0.3418	0.1456	1.2516	0.6419	NA
LOC100128966	1.0249	0.3943	1.2303	0.3094	NA
LOC100129034	448.9532	-0.2806	0.1903	0.1354	0.1912
LOC100129083	0.5134	0.0586	1.2461	0.8567	NA
LOC100129098	264.1316	1.741	0.2263	0	0
LOC100129203	0.1805	-0.0353	1.2501	0.91	NA
LOC100129215	19.7426	0.4946	0.6348	0.3609	0.447
LOC100129361	881.6543	1.1531	0.1209	0	0
LOC100129455	13.1973	0.8589	0.7629	0.1523	0.2122
LOC100129461	18.0739	0.7361	0.6613	0.1851	0.2519
LOC100129473	0.1904	-0.038	1.2501	0.9034	NA
LOC100129516	2.9795	0.1041	1.0535	0.8579	0.8949
LOC100129518	8.4643	1.3403	0.9423	0.0366	0.0584
LOC100129534	2.5238	-0.1367	1.1015	0.803	0.85
LOC100129550	58.5701	-1.5262	0.4419	2e-04	4e-04
LOC100129617	6.4648	1.3421	0.98	0.0362	0.0578
LOC100129637	168.1049	-0.137	0.2684	0.6004	0.6763
LOC100129722	3.1356	0.2836	1.0414	0.6309	0.7039
LOC100129781	10.3045	0.0871	0.8053	0.8864	0.9155
LOC100129917	361.3353	4.4356	0.2364	0	0
LOC100129924	0.1911	-0.0384	1.25	0.9024	NA
LOC100129940	24.2262	1.346	0.6512	0.0146	0.0247
LOC100130075	0.3338	0.1444	1.2516	0.6445	NA
LOC100130093	266.4154	3.7741	0.2476	0	0
LOC100130458	0.8559	0.1822	1.2226	0.6365	NA
LOC100130502	11.3398	-1.718	0.9517	0.0084	0.0147
LOC100130705	23.9474	0.5689	0.6301	0.2909	0.3724
LOC100130744	39.1115	-0.0834	0.4922	0.8526	0.8915
LOC100130872	1.693	0.766	1.202	0.1104	0.1594
LOC100130938	0.1784	-0.0344	1.2501	0.9123	NA
LOC100130987	18.9041	-0.1542	0.649	0.7788	0.8309
LOC100130992	2.1265	-0.0246	1.119	0.9631	0.9728
LOC100131270	3.3573	1.3442	1.2008	0.0161	0.0272
LOC100131289	0.5456	-0.1412	1.2488	0.6595	NA
LOC100131347	1.4454	-0.2823	1.1737	0.5513	0.6325
LOC100131372	0.3703	-0.1026	1.2488	0.7474	NA
LOC100131395	0.9296	-0.3267	1.217	0.422	NA
LOC100131496	10.7473	2.1766	1.0691	0.0011	0.0022
LOC100131530	0.7226	-0.1983	1.2406	0.5664	NA
LOC100131564	10.3315	-0.4843	0.8115	0.4289	0.515
LOC100131626	0.1905	-0.0381	1.2501	0.9032	NA
LOC100131655	25.1941	1.4024	0.6442	0.0104	0.018
LOC100132154	0.3418	0.1456	1.2516	0.6419	NA
LOC100132249	39.6937	2.1081	0.5306	0	0
LOC100132352	21.4834	-1.0672	0.6545	0.0533	0.0826
LOC100132356	22.7272	2.808	0.7436	0	0
LOC100132731	0.185	-0.0373	1.2501	0.9052	NA
LOC100132781	0.3698	-0.1023	1.2488	0.7481	NA
LOC100132813	0.3418	0.1456	1.2516	0.6419	NA
LOC100132815	151.7559	-1.0566	0.3087	4e-04	8e-04
LOC100132832	3.6132	-0.4253	1.0579	0.4672	0.5519
LOC100132874	2.3657	-0.555	1.1443	0.2904	0.3718
LOC100133091	70.0011	0.7312	0.3815	0.043	0.0679
LOC100133182	38.8243	-1.233	0.5373	0.0103	0.0178
LOC100133315	10.9375	0.5246	0.7838	0.386	0.4711
LOC100133331	99.3572	-0.8017	0.358	0.0188	0.0313
LOC100133445	16.4751	-0.619	0.7052	0.2829	0.3633
LOC100133985	25.1537	0.8572	0.5864	0.0946	0.1388
LOC100134317	0.1898	-0.0377	1.2501	0.9042	NA
LOC100134368	0.3615	-0.1005	1.2488	0.7523	NA
LOC100134822	9.5623	0.1421	0.901	0.8191	0.8631
LOC100134868	4.7102	-0.2998	1.2415	0.3958	0.4811
LOC100190986	73.1036	-0.4442	0.4086	0.2473	0.3237
LOC100233156	18.3348	-0.7726	0.7061	0.1807	0.2465
LOC100240734	0.179	-0.0347	1.2501	0.9117	NA
LOC100240735	0.1804	-0.0353	1.2501	0.9101	NA
LOC100268168	21.7811	0.0277	0.6429	0.9595	0.9707
LOC100270746	26.3678	1.0995	0.5885	0.0325	0.0523
LOC100270804	6.56	0.653	0.9063	0.297	0.3791
LOC100271836	219.9247	-0.9752	0.2389	0	1e-04
LOC100272216	0.6751	0.2859	1.2368	0.4302	NA
LOC100272217	16.3016	1.5668	0.7322	0.0081	0.0142
LOC100287015	66.0071	0.3794	0.3884	0.3017	0.3839
LOC100287042	267.7194	3.2369	0.2322	0	0
LOC100287082	6.0588	1.4817	1.0748	0.0187	0.0312
LOC100287098	2.4119	0.2721	1.1142	0.6144	0.6889
LOC100287175	1.8918	0.2718	1.1372	0.5995	0.6756
LOC100287467	51.2173	1.7323	0.4583	0	1e-04
LOC100287497	6.0948	-1.7934	1.1797	0.0038	0.007
LOC100287808	57.2499	1.6408	0.4607	1e-04	2e-04
LOC100287896	19.6728	-0.7536	0.6616	0.1751	0.24
LOC100287934	0.1804	-0.0353	1.2501	0.9101	NA
LOC100288069	21.7685	-0.9059	0.6707	0.1061	0.1536
LOC100288102	7.9356	-0.2366	0.8613	0.7025	0.7667
LOC100288123	22.027	2.2388	0.7008	1e-04	2e-04
LOC100288152	130.5546	0.4971	0.2837	0.0711	0.1074
LOC100288162	39.4932	0.4587	0.5075	0.3188	0.4028
LOC100288175	15.5238	-0.6939	0.7322	0.238	0.313
LOC100288181	16.8964	2.9744	1.0626	0	0
LOC100288637	169.1374	-1.6788	0.2869	0	0
LOC100288748	0.1894	-0.0374	1.2501	0.9048	NA
LOC100288778	103.8088	-1.0355	0.3313	0.0011	0.0022
LOC100288842	11.0361	-0.053	0.7981	0.9305	0.9505
LOC100288846	12.7159	0.6152	0.7531	0.3017	0.3839
LOC100288911	175.3832	2.5662	0.2702	0	0
LOC100289092	68.0996	0.4028	0.3948	0.2796	0.3598
LOC100289097	0.8726	0.1877	1.2217	0.6283	NA
LOC100289098	17.2858	0.1586	0.6667	0.7762	0.8289
LOC100289230	83.3661	3.6867	0.4522	0	0
LOC100289361	36.2193	2.3276	0.617	0	0
LOC100289495	3.5348	-0.2306	1.0328	0.6976	0.7629
LOC100289511	16.2983	1.9726	0.791	0.0014	0.0028
LOC100289533	0.7124	-0.0155	1.2297	0.966	NA
LOC100289561	34.9153	-0.7634	1.1162	0.1753	0.2401
LOC100293704	17.1269	-0.1664	0.6991	0.7716	0.8254
LOC100294145	352.7043	-0.5367	0.1852	0.0034	0.0062
LOC100294362	12.5285	0.5554	0.7456	0.3487	0.4344
LOC100303749	1.6941	0.7664	1.202	0.1103	0.1592
LOC100335030	2.4998	-0.1548	1.0783	0.7845	0.8352
LOC100379224	16.9699	-0.3919	0.7411	0.507	0.5904
LOC100499484	5.1075	-0.7395	1.0189	0.2271	0.3007
LOC100499484-C9ORF174	10.6394	-0.4769	0.8774	0.4437	0.5293
LOC100499489	5.9069	0.3088	0.9489	0.6179	0.692
LOC100505501	100.2839	1.4658	0.3298	0	0
LOC100505502	0.3338	0.1444	1.2516	0.6445	NA
LOC100505504	10.859	0.968	0.8095	0.1157	0.1661
LOC100505534	1.3554	0.2056	1.1883	0.6468	NA
LOC100505555	3.0329	-0.1131	1.047	0.8467	0.8866
LOC100505564	222.4705	2.7308	0.2489	0	0
LOC100505585	1.0014	0.3838	1.2311	0.319	NA
LOC100505588	0.705	-0.0155	1.2196	0.9681	NA
LOC100505650	305.8311	-2.7641	0.2264	0	0
LOC100505658	0.8474	0.1842	1.2232	0.6318	NA
LOC100505736	0.1804	-0.0353	1.2501	0.9101	NA
LOC100505761	79.8984	0.5086	0.357	0.1353	0.1911
LOC100505767	4.6559	-0.3288	0.9838	0.5913	0.668
LOC100505771	43.7288	1.3231	0.4837	0.0028	0.0051
LOC100505812	10.0819	-1.436	0.9051	0.025	0.0409
LOC100505817	18.5679	0.4989	0.6578	0.3675	0.4534
LOC100505909	1.7484	0.102	1.1254	0.8462	0.8862
LOC100505912	4.0681	-0.1891	0.9962	0.7554	0.8126
LOC100505915	0.3797	-0.1048	1.2488	0.7422	NA
LOC100505920	2.08	0.2105	1.1035	0.7008	0.7654
LOC100505940	0.8518	0.2098	1.2124	0.6067	NA
LOC100505942	0.5506	-0.1628	1.2414	0.6335	NA
LOC100506014	10.7346	-1.4346	0.8932	0.0248	0.0406
LOC100506022	1.8228	-0.3973	1.1591	0.4256	0.5116
LOC100506023	11.8097	1.3855	0.8178	0.0259	0.0423
LOC100506036	2.0657	0.1854	1.1253	0.7251	0.787
LOC100506060	13.3919	-0.8597	0.7778	0.1554	0.2161
LOC100506083	3.9115	-1.3117	1.169	0.0226	0.0372
LOC100506098	0.7215	-0.1979	1.2406	0.5671	NA
LOC100506100	17.4175	1.1364	0.6965	0.0476	0.0744
LOC100506113	0.3774	-0.1057	1.2489	0.7399	NA
LOC100506114	0.1804	-0.0353	1.2501	0.9101	NA
LOC100506124	3.7163	-0.0982	1.0061	0.8707	0.904
LOC100506127	7.6711	0.3575	0.8579	0.5641	0.6442
LOC100506142	0.3412	0.1454	1.2516	0.6423	NA
LOC100506157	4.9678	-0.0544	0.9491	0.9297	0.9498
LOC100506161	3.0762	-0.3224	1.053	0.5815	0.6601
LOC100506235	4.7381	0.5748	0.986	0.3511	0.4369
LOC100506258	0.5405	-0.14	1.2488	0.6622	NA
LOC100506271	52.4244	-0.273	0.4457	0.5093	0.5928
LOC100506281	0.1898	-0.0377	1.2501	0.9042	NA
LOC100506282	8.5808	0.3573	0.8866	0.5658	0.6457
LOC100506286	35.0769	2.0439	0.555	0	1e-04
LOC100506302	50.2847	0.0526	0.4384	0.8974	0.9247
LOC100506317	0.918	-0.3211	1.2176	0.4281	NA
LOC100506351	1.189	0.3468	1.1944	0.438	NA
LOC100506371	0.9122	-0.0779	1.2168	0.8432	NA
LOC100506374	0.1804	-0.0353	1.2501	0.9101	NA
LOC100506379	1.9291	0.0345	1.1144	0.9486	0.9639
LOC100506405	0.683	0.2467	1.2453	0.466	NA
LOC100506411	43.6008	0.5423	0.4738	0.2128	0.2842
LOC100506454	8.913	-0.1371	0.8372	0.8239	0.8675
LOC100506472	10.7718	-1.8036	1.0148	0.0059	0.0106
LOC100506473	53.409	1.5477	0.4407	2e-04	3e-04
LOC100506498	2.0616	0.5127	1.1249	0.343	0.4287
LOC100506504	20.8892	1.6423	0.6648	0.0033	0.0061
LOC100506518	5.6732	0.0826	0.9463	0.8937	0.9217
LOC100506538	10.2994	-1.633	0.9455	0.0119	0.0204
LOC100506548	313.7916	-0.2478	0.1901	0.1867	0.2536
LOC100506563	0.3418	0.1456	1.2516	0.6419	NA
LOC100506596	2.0622	0.1906	1.1285	0.7162	0.7793
LOC100506603	46.0521	-0.4473	0.4583	0.2908	0.3723
LOC100506621	31.2445	0.3397	0.5331	0.4774	0.5625
LOC100506634	500.5629	2.5234	0.1631	0	0
LOC100506639	18.9504	1.2367	0.6671	0.027	0.044
LOC100506691	27.028	0.0993	0.562	0.8418	0.8825
LOC100506710	393.1918	-0.376	0.1761	0.0309	0.0499
LOC100506713	4.482	0.8591	1.0246	0.1623	0.2243
LOC100506714	20.2665	-0.7082	0.6536	0.1991	0.2683
LOC100506730	50.516	0.1681	0.4564	0.6905	0.7566
LOC100506731	0.3418	0.1456	1.2516	0.6419	NA
LOC100506734	0.3608	-0.1002	1.2488	0.7529	NA
LOC100506737	1.0451	0.1308	1.1797	0.7759	NA
LOC100506746	6.5393	-0.6857	0.9441	0.2729	0.3525
LOC100506747	0.3418	0.1456	1.2516	0.6419	NA
LOC100506753	13.3349	1.1606	0.7674	0.0544	0.0841
LOC100506797	0.1804	-0.0353	1.2501	0.9101	NA
LOC100506851	0.7309	-0.2394	1.2292	0.5235	NA
LOC100506860	0.8646	0.2105	1.2115	0.6068	NA
LOC100506870	0.1886	-0.037	1.2501	0.9059	NA
LOC100506885	1.2058	0.0381	1.1942	0.9302	NA
LOC100506901	17.747	-0.843	0.7257	0.1501	0.2095
LOC100506922	20.1263	0.7478	0.6377	0.1684	0.2318
LOC100506974	0.3702	-0.1025	1.2488	0.7475	NA
LOC100506985	0.5228	0.0611	1.2454	0.8515	NA
LOC100506990	128.9845	-0.616	0.2897	0.0283	0.046
LOC100506999	0.3338	0.1444	1.2516	0.6445	NA
LOC100507033	1.5879	0.1535	1.1554	0.7556	0.8126
LOC100507071	1.4264	-0.031	1.1496	0.9504	0.9651
LOC100507131	9.0377	-0.1686	0.8185	0.7832	0.8345
LOC100507156	3.0989	0.5285	1.0584	0.3688	0.4544
LOC100507191	0.3313	0.1439	1.2516	0.6458	NA
LOC100507217	688.7288	0.49	0.1347	3e-04	5e-04
LOC100507258	0.5506	-0.1628	1.2414	0.6335	NA
LOC100507316	52.844	0.3677	0.437	0.3661	0.4521
LOC100507346	8.4358	1.9277	1.0611	0.0033	0.0061
LOC100507373	25.3257	-0.8331	0.603	0.1112	0.1603
LOC100507395	0.3797	-0.1048	1.2488	0.7422	NA
LOC100507412	5.038	0.4384	0.9507	0.4798	0.5649
LOC100507424	68.3031	1.9042	0.4213	0	0
LOC100507460	10.8407	-0.8004	0.8082	0.192	0.2601
LOC100507462	2.985	-0.0886	1.0551	0.8786	0.9095
LOC100507487	1.2431	-0.1854	1.1827	0.6847	NA
LOC100507507	213.5814	2.0343	0.2486	0	0
LOC100507520	43.52	1.885	0.5014	0	1e-04
LOC100507534	0.1805	-0.0354	1.2501	0.91	NA
LOC100507547	14.4045	0.5376	0.7242	0.3575	0.4434
LOC100507554	5.2302	0.6064	0.9825	0.3265	0.4108
LOC100507577	38.4541	0.0925	0.5082	0.8409	0.8818
LOC100507599	123.1455	3.7515	0.3636	0	0
LOC100507634	38.8848	1.2572	0.4983	0.0055	0.0099
LOC100507642	0.7405	-0.2459	1.2278	0.5161	NA
LOC100507656	1.625	-0.3397	1.1664	0.4849	0.5698
LOC100507670	6.8616	0.647	0.9323	0.301	0.3834
LOC100507747	3.0697	-0.5075	1.0897	0.3718	0.4569
LOC100510707	5.0939	0.0732	0.9426	0.9058	0.9314
LOC100630918	137.9507	2.7284	0.3192	0	0
LOC100630923	55.1591	-1.3317	0.8783	0.0359	0.0574
LOC100652736	158.0066	4.0195	0.3308	0	0
LOC100652758	29.954	1.0371	0.553	0.0348	0.0557
LOC100652768	12.0989	0.0966	0.7589	0.8713	0.9044
LOC100652777	0.182	-0.036	1.2501	0.9084	NA
LOC100652824	0.1898	-0.0377	1.2501	0.9042	NA
LOC100652901	0.361	-0.1003	1.2488	0.7526	NA
LOC100653515	45.5759	3.6373	0.6255	0	0
LOC100862671	61.452	-1.8311	0.4436	0	0
LOC100996246	0.5411	-0.1402	1.2488	0.6618	NA
LOC100996273	1.0361	0.1208	1.1932	0.7827	NA
LOC100996288	0.3382	0.1454	1.2517	0.6422	NA
LOC100996301	0.8549	0.1814	1.2227	0.6377	NA
LOC100996342	0.909	-0.0774	1.217	0.844	NA
LOC100996350	0.3338	0.1444	1.2516	0.6445	NA
LOC100996369	0.8992	-0.079	1.2175	0.8403	NA
LOC100996419	11.1757	1.1396	0.8004	0.0635	0.0968
LOC100996425	0.7595	-0.211	1.2386	0.5484	NA
LOC100996442	2.2877	0.7605	1.1497	0.1555	0.2162
LOC100996465	1.5486	0.1599	1.1575	0.7444	0.8035
LOC100996492	1.7299	0.3556	1.1521	0.4811	0.5662
LOC100996497	20.6282	-1.6415	0.7284	0.0054	0.0098
LOC100996506	5.7108	0.5707	0.9471	0.3596	0.4456
LOC100996517	0.7642	-0.2129	1.2384	0.5457	NA
LOC100996521	0.3605	-0.1002	1.2488	0.753	NA
LOC100996535	1.8814	0.5929	1.1697	0.236	0.3109
LOC100996573	39.1423	1.7731	0.5126	1e-04	3e-04
LOC100996643	28.5821	1.5884	0.5877	0.002	0.0038
LOC100996660	7.2862	-0.4046	0.8781	0.5154	0.598
LOC100996662	0.6835	0.2469	1.2453	0.4657	NA
LOC100996693	0.3469	0.1472	1.2516	0.6382	NA
LOC100996695	9.2806	0.0487	0.816	0.9366	0.9552
LOC100996716	0.3406	0.1452	1.2516	0.6428	NA
LOC100996717	58.1829	0.6544	0.4495	0.1162	0.1666
LOC100996724	62.0476	-2.5812	0.4903	0	0
LOC100996735	6.4624	1.4831	1.0318	0.0205	0.034
LOC100996740	167.7447	2.1711	0.2685	0	0
LOC100996741	10.508	-0.1654	0.7916	0.785	0.8356
LOC100996746	5.8161	-0.0945	0.9225	0.8789	0.9097
LOC100996758	1.1627	0.022	1.1812	0.9615	NA
LOC100996760	26.8432	0.477	0.5861	0.3522	0.4379
LOC100996761	0.3807	-0.1051	1.2488	0.7414	NA
LOC100996763	19.7605	0.4644	0.6443	0.3954	0.4808
LOC100996873	7.4852	0.8076	0.9422	0.1985	0.2676
LOC100996909	229.7424	-0.2441	0.2268	0.2729	0.3524
LOC101059906	0.189	-0.0372	1.2501	0.9054	NA
LOC101059936	0.3753	-0.1034	1.2488	0.7455	NA
LOC101059976	32.8473	1.1548	0.5435	0.0172	0.0288
LOC101060106	0.6676	0.2404	1.2461	0.4741	NA
LOC101060153	0.3338	0.1444	1.2516	0.6445	NA
LOC101060179	112.3496	0.2194	0.3038	0.4551	0.5404
LOC101060181	7.2878	0.3349	0.9259	0.5901	0.667
LOC101060195	59.7864	-0.6653	0.4146	0.087	0.1288
LOC101060212	25.4179	0.0857	0.584	0.867	0.9014
LOC101060216	0.3327	0.1442	1.2516	0.645	NA
LOC101060236	7.6158	-1.0461	0.9395	0.0988	0.1443
LOC101060264	10.9736	0.4897	0.7952	0.4208	0.5073
LOC101060321	4.8068	0.417	1.2599	0.2006	0.2701
LOC101060351	4.2265	-0.7985	1.0648	0.1805	0.2464
LOC101060376	68.0782	-0.6995	0.4449	0.0902	0.1329
LOC101060389	1.9472	-0.1598	1.1584	0.744	0.8032
LOC101060398	33.1279	-1.3789	0.5617	0.0055	0.0099
LOC101060494	3.7704	-0.6435	1.0807	0.2674	0.3463
LOC101060498	0.1884	-0.0369	1.2501	0.9061	NA
LOC101060553	5.7501	1.1101	1.0157	0.0767	0.1149
LOC101060581	20.5636	-0.7461	0.6512	0.1751	0.24
LOC101241902	0.1896	-0.0376	1.2501	0.9045	NA
LOC101409256	0.3418	0.1456	1.2516	0.6419	NA
LOC101559451	8.7498	0.2354	0.8257	0.7015	0.7659
LOC101593348	7.4725	0.5474	0.8725	0.3795	0.4641
LOC101805489	0.3338	0.1444	1.2516	0.6445	NA
LOC101926887	0.1804	-0.0353	1.2501	0.9101	NA
LOC101926889	0.3326	0.1441	1.2516	0.6451	NA
LOC101926893	0.3776	-0.1041	1.2488	0.7438	NA
LOC101926894	0.2245	-0.0438	1.249	0.8898	NA
LOC101926895	0.5695	-0.1449	1.2489	0.6513	NA
LOC101926896	0.6676	0.2404	1.2461	0.4741	NA
LOC101926901	0.1796	-0.035	1.2501	0.911	NA
LOC101926907	6.4124	0.7113	0.9221	0.2567	0.3341
LOC101926909	5.4163	1.9441	1.2301	0.0017	0.0033
LOC101926912	0.3729	-0.1039	1.2488	0.7443	NA
LOC101926916	2.1094	-0.0265	1.1051	0.9611	0.9717
LOC101926918	4.8304	0.1069	0.9593	0.8622	0.8984
LOC101926920	0.6768	0.2438	1.2456	0.4699	NA
LOC101926922	2.6771	-0.3711	1.1149	0.4943	0.5787
LOC101926931	0.5505	-0.1627	1.2414	0.6335	NA
LOC101926935	13.6928	0.6392	0.7342	0.2774	0.3576
LOC101926937	4.6685	-0.1405	0.9844	0.818	0.8621
LOC101926948	0.6786	0.2446	1.2455	0.4687	NA
LOC101926967	24.6422	1.9315	0.6794	7e-04	0.0013
LOC101926969	5.1311	-1.0023	1.0379	0.104	0.1509
LOC101926977	0.1805	-0.0354	1.2501	0.91	NA
LOC101926980	7.9083	-0.562	0.8606	0.366	0.452
LOC101926994	6.2643	0.6804	0.919	0.2775	0.3577
LOC101927002	1.0726	-0.1487	1.1943	0.7336	NA
LOC101927018	14.9594	2.6016	1.2255	1e-04	3e-04
LOC101927028	1.8284	0.2768	1.1647	0.5686	0.6484
LOC101927029	0.332	0.144	1.2516	0.6454	NA
LOC101927030	0.676	0.2865	1.2367	0.4294	NA
LOC101927042	0.1804	-0.0353	1.2501	0.9101	NA
LOC101927044	8.1042	1.9274	1.0519	0.0034	0.0062
LOC101927045	10.9765	-0.6979	0.7976	0.2526	0.3297
LOC101927051	2.0266	0.9068	1.1978	0.0715	0.1079
LOC101927054	8.0742	-1.2597	0.9824	0.0482	0.0753
LOC101927055	0.1804	-0.0353	1.2501	0.9101	NA
LOC101927060	41.4161	1.1113	0.4867	0.0124	0.0212
LOC101927066	0.3604	-0.1001	1.2488	0.7531	NA
LOC101927071	25.2713	5.1855	2.1739	0	0
LOC101927085	24.1401	1.7011	0.6345	0.0017	0.0033
LOC101927103	0.3338	0.1444	1.2516	0.6445	NA
LOC101927104	4.6078	-1.0499	1.1181	0.0715	0.108
LOC101927119	1.6388	0.414	1.1887	0.369	0.4545
LOC101927124	1.5473	0.4212	1.1941	0.3528	0.4385
LOC101927125	4.9734	-0.0566	0.9538	0.9268	0.9477
LOC101927127	0.8084	-0.2306	1.2362	0.5204	NA
LOC101927144	0.5854	-0.1694	1.2389	0.6263	NA
LOC101927151	39.3708	-0.251	0.4855	0.572	0.6514
LOC101927157	5.3799	-0.3145	0.9488	0.6114	0.6864
LOC101927160	0.3608	-0.1002	1.2488	0.7529	NA
LOC101927161	1.5255	0.4743	1.1802	0.3204	0.4045
LOC101927170	0.6676	0.2404	1.2461	0.4741	NA
LOC101927178	12.8938	1.795	0.8448	0.0047	0.0085
LOC101927180	0.6756	0.2863	1.2368	0.4298	NA
LOC101927181	20.6448	0.4508	0.626	0.4007	0.4863
LOC101927185	29.3168	-0.4427	0.567	0.3766	0.4613
LOC101927187	92.1366	-0.1867	0.3485	0.5753	0.6545
LOC101927201	0.7138	-0.0162	1.2296	0.9645	NA
LOC101927226	1.303	0.5901	1.2113	0.1846	NA
LOC101927241	0.5347	0.0592	1.2445	0.857	NA
LOC101927258	0.216	-0.0514	1.2499	0.8698	NA
LOC101927259	0.3338	0.1444	1.2516	0.6445	NA
LOC101927260	31.7382	-1.2916	0.5718	0.0103	0.0178
LOC101927262	0.6835	0.2469	1.2453	0.4657	NA
LOC101927263	7.2295	0.0471	0.8948	0.9396	0.9576
LOC101927266	1.5376	0.474	1.1796	0.3216	0.4058
LOC101927278	0.5199	0.0585	1.2457	0.8574	NA
LOC101927279	28.257	1.3112	0.5961	0.0115	0.0197
LOC101927300	2.6525	0.0458	1.0919	0.9342	0.9533
LOC101927308	0.7194	-0.0139	1.2293	0.9697	NA
LOC101927318	17.6544	0.7894	0.6675	0.1577	0.2189
LOC101927322	11.6549	0.7439	0.7733	0.2173	0.2893
LOC101927330	0.8452	0.183	1.2233	0.6337	NA
LOC101927340	2.5108	-0.5585	1.1506	0.2816	0.3619
LOC101927371	5.892	-0.1048	0.9244	0.8658	0.9004
LOC101927372	1.5943	-0.0773	1.1547	0.8754	0.9072
LOC101927377	2.2812	-0.0855	1.0974	0.8766	0.9082
LOC101927382	289.7161	4.3468	0.2616	0	0
LOC101927383	1.0357	0.1141	1.1932	0.7945	NA
LOC101927385	19.291	2.9315	1.2969	0	1e-04
LOC101927393	15.462	1.2706	0.7232	0.0302	0.0489
LOC101927400	0.8391	0.1814	1.2236	0.6361	NA
LOC101927402	6.1646	0.7356	0.9509	0.2399	0.3152
LOC101927407	1.8607	-0.6949	1.1845	0.1584	0.2197
LOC101927417	9.7417	0.0653	0.8095	0.9148	0.9384
LOC101927420	10.4204	0.6474	0.7917	0.2871	0.3683
LOC101927451	16.0144	0.6714	0.7205	0.2496	0.3263
LOC101927458	0.1816	-0.0358	1.2501	0.9088	NA
LOC101927469	14.9774	0.7494	0.7067	0.1943	0.2629
LOC101927479	31.4327	2.4064	0.6049	0	0
LOC101927481	0.1796	-0.035	1.2501	0.911	NA
LOC101927490	0.3585	-0.0995	1.2488	0.7547	NA
LOC101927503	0.3332	0.1443	1.2516	0.6448	NA
LOC101927506	0.54	-0.1542	1.2421	0.6493	NA
LOC101927509	12.7858	1.6954	0.8299	0.007	0.0124
LOC101927510	0.5294	0.059	1.2449	0.8572	NA
LOC101927512	0.3319	0.144	1.2516	0.6455	NA
LOC101927513	0.1804	-0.0353	1.2501	0.9101	NA
LOC101927529	0.1885	-0.0369	1.2501	0.906	NA
LOC101927546	0.3624	-0.1008	1.2488	0.7515	NA
LOC101927556	539.272	-0.9193	0.16	0	0
LOC101927559	4.6669	0.5665	0.9739	0.36	0.4461
LOC101927571	0.1998	-0.0431	1.25	0.8907	NA
LOC101927576	1.745	0.0925	1.1453	0.8544	0.8927
LOC101927578	34.9932	0.853	0.5281	0.0721	0.1087
LOC101927579	7.6521	1.0923	0.9016	0.0846	0.1256
LOC101927583	0.5698	-0.145	1.2489	0.6511	NA
LOC101927585	3.8477	1.0764	1.1551	0.0547	0.0844
LOC101927595	9.6867	-1.3744	0.9132	0.0318	0.0513
LOC101927603	1.305	-0.4777	1.2011	0.2862	NA
LOC101927608	0.6796	0.2451	1.2454	0.4681	NA
LOC101927609	2.5419	0.1972	1.1054	0.718	0.7808
LOC101927610	5.9061	0.3376	0.9227	0.5873	0.6648
LOC101927632	0.1854	-0.0352	1.2501	0.9105	NA
LOC101927633	0.3338	0.1444	1.2516	0.6445	NA
LOC101927635	0.522	0.0609	1.2455	0.8519	NA
LOC101927644	4.7225	1.7742	1.2164	0.0034	0.0062
LOC101927646	0.3418	0.1456	1.2516	0.6419	NA
LOC101927647	1.0171	0.4549	1.2203	0.2717	NA
LOC101927663	0.7628	-0.2123	1.2384	0.5465	NA
LOC101927673	6.1591	-0.8088	0.9582	0.197	0.2658
LOC101927675	0.3791	-0.1046	1.2488	0.7427	NA
LOC101927681	27.6862	1.0751	0.5689	0.0321	0.0517
LOC101927685	5.9297	-0.5925	0.9406	0.3424	0.4281
LOC101927687	0.6885	0.2947	1.2362	0.4191	NA
LOC101927696	3.7317	-0.1041	1.0057	0.863	0.8986
LOC101927699	21.4814	-0.132	0.655	0.811	0.8566
LOC101927703	178.0359	4.3458	0.3507	0	0
LOC101927705	0.1804	-0.0353	1.2501	0.9101	NA
LOC101927708	0.3363	0.1438	1.2516	0.6459	NA
LOC101927712	0.6703	0.2417	1.2459	0.4723	NA
LOC101927720	4.8673	-0.7071	1.0241	0.2458	0.3221
LOC101927734	0.8566	0.1822	1.2226	0.6365	NA
LOC101927741	0.3301	0.1436	1.2516	0.6464	NA
LOC101927751	0.8556	0.2128	1.2122	0.6018	NA
LOC101927752	68.4364	1.1119	0.3974	0.003	0.0055
LOC101927759	0.8923	-0.0832	1.2053	0.8414	NA
LOC101927761	0.659	0.2364	1.2465	0.4795	NA
LOC101927762	0.1804	-0.0353	1.2501	0.9101	NA
LOC101927765	2.6593	-0.1943	1.0912	0.7273	0.7891
LOC101927772	2.007	0.8708	1.2005	0.0789	0.1178
LOC101927789	0.7368	0.0897	1.2284	0.8079	NA
LOC101927792	10.0378	0.7411	0.8084	0.2268	0.3004
LOC101927803	1.0727	-0.1486	1.1943	0.7339	NA
LOC101927807	0.3418	0.1456	1.2516	0.6419	NA
LOC101927809	5.1293	0.7845	0.9733	0.2089	0.2796
LOC101927810	2.2226	0.3976	1.1075	0.4699	0.5548
LOC101927811	12.4789	0.8812	0.7949	0.1489	0.208
LOC101927814	0.7025	-0.0079	1.2304	0.9827	NA
LOC101927824	7.9151	1.1025	0.8949	0.0815	0.1214
LOC101927826	1.173	0.293	1.207	0.488	NA
LOC101927831	0.5231	0.0612	1.2454	0.8513	NA
LOC101927837	8.2595	-0.5494	0.8587	0.3766	0.4613
LOC101927838	100.3168	3.2107	0.4076	0	0
LOC101927841	15.197	0.2703	0.7088	0.6397	0.7119
LOC101927848	13.8301	-1.6914	0.8573	0.0079	0.0138
LOC101927850	3.8504	0.0499	1.003	0.9341	0.9533
LOC101927858	0.3813	-0.1053	1.2488	0.7411	NA
LOC101927864	1.3351	0.519	1.2209	0.2171	NA
LOC101927886	11.6304	0.1754	0.7615	0.769	0.8233
LOC101927895	5.4009	0.3062	0.9408	0.6213	0.6952
LOC101927897	1.0253	0.3932	1.2303	0.3108	NA
LOC101927898	3.2491	0.7122	1.0669	0.2283	0.302
LOC101927903	34.4769	1.3982	0.5325	0.0034	0.0062
LOC101927910	4.6665	-0.5078	0.9903	0.4081	0.4942
LOC101927911	2.5858	0.5177	1.0874	0.364	0.45
LOC101927919	1.7834	-0.1386	1.1413	0.7856	0.8361
LOC101927929	2.5726	-0.9351	1.174	0.0777	0.1163
LOC101927932	0.1789	-0.0347	1.2501	0.9117	NA
LOC101927934	1.9265	0.2634	1.1395	0.609	0.6844
LOC101927940	1.2048	0.3096	1.2061	0.4666	NA
LOC101927942	0.3488	0.1478	1.2516	0.6369	NA
LOC101927943	18.8072	1.4435	0.6998	0.0123	0.021
LOC101927952	0.1796	-0.035	1.2501	0.911	NA
LOC101927953	0.3435	0.1461	1.2516	0.6407	NA
LOC101927954	0.3345	0.1446	1.2516	0.6441	NA
LOC101927955	1.0634	0.1024	1.2044	0.8064	NA
LOC101927963	5.857	0.2278	0.9222	0.7138	0.777
LOC101927974	12.0037	0.0184	0.7501	0.9753	0.9813
LOC101927986	0.906	-0.0802	1.2172	0.8382	NA
LOC101927989	2.4432	0.0653	1.1009	0.9051	0.9309
LOC101927999	34.4231	-0.5558	0.5503	0.2564	0.3339
LOC101928000	58.4213	1.1267	0.4199	0.0041	0.0075
LOC101928004	2.7543	0.6936	1.1168	0.2141	0.2857
LOC101928005	2.2811	0.1446	1.0895	0.7955	0.8437
LOC101928006	0.743	-0.2474	1.2277	0.5139	NA
LOC101928025	0.3378	0.1443	1.2516	0.6448	NA
LOC101928037	2.3588	0.5689	1.129	0.2923	0.3739
LOC101928038	3.8467	0.4399	1.0284	0.4631	0.5482
LOC101928042	0.8573	0.1826	1.2225	0.6359	NA
LOC101928045	0.1804	-0.0353	1.2501	0.9101	NA
LOC101928047	5.0676	-0.4347	0.9604	0.4824	0.5672
LOC101928051	0.5218	0.0609	1.2455	0.8518	NA
LOC101928054	8.6557	-0.7562	0.8602	0.2253	0.2987
LOC101928055	3.1523	0.1098	1.0571	0.8496	0.889
LOC101928059	1.0362	-0.3689	1.2139	0.3755	NA
LOC101928061	30.4703	0.9662	0.5467	0.0473	0.074
LOC101928068	6.4986	0.8218	0.9374	0.1912	0.259
LOC101928069	10.1877	0.0972	0.7889	0.8725	0.9051
LOC101928070	1.2126	0.1538	1.1812	0.7369	NA
LOC101928076	25.6409	1.5187	0.6234	0.0046	0.0083
LOC101928081	4.6226	0.7784	1.0017	0.2081	0.2788
LOC101928083	46.6379	-0.0814	0.4776	0.8527	0.8915
LOC101928085	0.6586	0.2353	1.2465	0.4815	NA
LOC101928092	39.7388	-0.6227	0.4925	0.1656	0.2283
LOC101928098	0.1898	-0.0377	1.2501	0.9042	NA
LOC101928101	0.1898	-0.0377	1.2501	0.9042	NA
LOC101928102	2.5378	-0.3903	1.0924	0.4872	0.5719
LOC101928105	0.3379	0.1443	1.2516	0.6447	NA
LOC101928109	0.3338	0.1444	1.2516	0.6445	NA
LOC101928111	1.3075	0.3198	1.2003	0.4629	NA
LOC101928113	0.3357	0.1449	1.2516	0.6435	NA
LOC101928117	6.6544	0.6354	0.9214	0.3099	0.3931
LOC101928120	88.982	1.6148	0.3614	0	0
LOC101928123	0.3321	0.1441	1.2516	0.6453	NA
LOC101928124	1.8154	-0.3989	1.1595	0.4235	0.5097
LOC101928126	0.3711	-0.103	1.2488	0.7465	NA
LOC101928139	0.5213	0.0609	1.2455	0.8518	NA
LOC101928146	0.6869	0.2485	1.2451	0.4636	NA
LOC101928152	0.6627	0.2381	1.2463	0.4771	NA
LOC101928156	0.6676	0.2404	1.2461	0.4741	NA
LOC101928158	0.3418	0.1456	1.2516	0.6419	NA
LOC101928163	2.8809	0.8957	1.1531	0.1	0.1457
LOC101928170	91.619	-2.9475	0.4187	0	0
LOC101928172	1.1114	-0.4044	1.208	0.3466	NA
LOC101928173	1.8914	0.5826	1.172	0.2409	0.3164
LOC101928178	2.9318	0.608	1.0785	0.2943	0.3763
LOC101928189	0.1816	-0.0358	1.2501	0.9088	NA
LOC101928192	32.0418	-0.0173	0.5343	0.9712	0.9784
LOC101928195	4.3584	0.6282	1.0103	0.3041	0.3864
LOC101928221	0.7336	-0.241	1.229	0.5211	NA
LOC101928233	0.1899	-0.0377	1.2501	0.9041	NA
LOC101928236	27.0457	0.4901	0.5744	0.3321	0.417
LOC101928238	13.0066	1.1131	0.7756	0.0662	0.1005
LOC101928240	4.7468	1.7676	1.2171	0.0034	0.0063
LOC101928255	7.3769	1.2421	0.9788	0.0513	0.0798
LOC101928262	5.5221	-1.2043	1.115	0.0434	0.0685
LOC101928263	2.8524	0.856	1.1592	0.1098	0.1586
LOC101928268	2.0613	0.4673	1.1428	0.3697	0.4552
LOC101928279	3.6293	-0.8446	1.1272	0.1321	0.187
LOC101928281	336.5479	2.5744	0.2071	0	0
LOC101928284	1.0238	0.3925	1.2303	0.3114	NA
LOC101928291	21.9275	-0.2345	0.6217	0.6605	0.7303
LOC101928292	1.6691	0.3144	1.156	0.5278	0.6103
LOC101928303	0.3418	0.1456	1.2516	0.6419	NA
LOC101928318	1.5528	0.1711	1.1397	0.7383	0.7979
LOC101928319	0.6705	0.2829	1.237	0.4342	NA
LOC101928323	13.6136	1.1348	0.7482	0.0569	0.0876
LOC101928344	0.9658	0.0018	1.2119	0.9964	NA
LOC101928351	0.3338	0.1444	1.2516	0.6445	NA
LOC101928352	1.8594	0.5738	1.1726	0.2466	0.3229
LOC101928355	1.7334	0.6675	1.2133	0.1397	0.1963
LOC101928356	23.7844	0.7554	0.6011	0.1478	0.2065
LOC101928363	6.2361	1.6061	1.1483	0.0089	0.0155
LOC101928373	0.358	-0.0993	1.2488	0.7551	NA
LOC101928377	17.4744	1.7619	0.7278	0.0029	0.0053
LOC101928381	0.3329	0.1442	1.2516	0.645	NA
LOC101928388	0.7214	-0.0137	1.2291	0.9702	NA
LOC101928397	2.2536	0.4357	1.1023	0.4332	0.5189
LOC101928402	1.8851	0.278	1.1215	0.6023	0.6781
LOC101928403	4.3157	-0.4293	1.0004	0.4812	0.5662
LOC101928408	6.3066	1.3682	1.0288	0.0313	0.0505
LOC101928414	0.3891	-0.1078	1.2488	0.7352	NA
LOC101928415	4.6287	-0.2993	1.0104	0.6201	0.6941
LOC101928424	0.3338	0.1444	1.2516	0.6445	NA
LOC101928431	0.361	-0.1003	1.2488	0.7526	NA
LOC101928433	6.8758	0.7091	0.9073	0.258	0.3358
LOC101928445	4.8867	0.4691	0.9834	0.4455	0.531
LOC101928448	0.8745	0.1879	1.2216	0.6282	NA
LOC101928450	1.4124	-0.0189	1.1649	0.9686	0.9769
LOC101928451	45.4897	-0.4508	0.4712	0.2982	0.3804
LOC101928464	58.258	-0.2921	0.4417	0.4768	0.5619
LOC101928465	392.1663	6.3311	0.3569	0	0
LOC101928466	0.2204	-0.0555	1.2499	0.8595	NA
LOC101928473	1.0044	0.4489	1.2207	0.2764	NA
LOC101928485	104.477	3.5871	0.3897	0	0
LOC101928487	2.1153	0.184	1.1232	0.7282	0.7897
LOC101928489	6.5216	-0.1016	0.9205	0.8699	0.9035
LOC101928498	106.6123	1.4548	0.3209	0	0
LOC101928504	12.2865	0.8323	0.7592	0.1644	0.2268
LOC101928505	0.1899	-0.0377	1.2501	0.9041	NA
LOC101928510	0.1804	-0.0353	1.2501	0.9101	NA
LOC101928524	12.538	0.7469	0.8047	0.2225	0.2954
LOC101928527	115.8313	0.4044	0.3158	0.1841	0.2507
LOC101928548	1.0221	0.4579	1.2202	0.2692	NA
LOC101928552	1.4127	0.6469	1.2097	0.1545	0.2149
LOC101928553	0.1804	-0.0353	1.2501	0.9101	NA
LOC101928557	2.0109	0.8954	1.1984	0.0739	0.1112
LOC101928560	2.1974	0.6767	1.1662	0.186	0.2528
LOC101928561	2.4104	0.5711	1.1269	0.2923	0.3739
LOC101928571	1.887	0.2889	1.1217	0.5882	0.6655
LOC101928574	0.7117	-0.0127	1.2191	0.974	NA
LOC101928588	87.3003	3.5851	0.4331	0	0
LOC101928589	4.3795	-0.349	1.2555	0.2836	0.3642
LOC101928595	4.4	-0.0897	0.9825	0.8831	0.913
LOC101928596	0.3338	0.1444	1.2516	0.6445	NA
LOC101928609	1.3572	0.4633	1.1901	0.3167	NA
LOC101928615	20.3957	0.9482	0.6433	0.0825	0.1227
LOC101928621	6.1312	1.1112	0.9741	0.0795	0.1186
LOC101928624	0.5482	-0.1613	1.2416	0.636	NA
LOC101928632	1.0174	0.455	1.2203	0.2715	NA
LOC101928635	0.085	0.0205	1.2494	0.9481	NA
LOC101928639	0.3418	0.1456	1.2516	0.6419	NA
LOC101928641	66.7371	-0.4186	0.3903	0.2564	0.334
LOC101928645	14.41	1.9046	0.8022	0.0022	0.0042
LOC101928657	273.7716	1.1403	0.2092	0	0
LOC101928658	1.9012	0.2994	1.1182	0.5774	0.6564
LOC101928659	4.992	1.2347	1.0862	0.0435	0.0686
LOC101928660	18.477	0.4948	0.6609	0.3728	0.4578
LOC101928665	2.2353	0.6837	1.1655	0.1826	0.2488
LOC101928667	0.9212	-0.3236	1.2174	0.4252	NA
LOC101928668	6.7256	0.9491	0.9498	0.1325	0.1876
LOC101928669	0.1909	-0.0266	1.249	0.9329	NA
LOC101928673	1.3075	-0.4791	1.201	0.285	NA
LOC101928676	9.0999	1.0052	0.8489	0.1076	0.1557
LOC101928683	0.7131	-0.015	1.2297	0.9672	NA
LOC101928689	9.4461	0.8706	0.8461	0.162	0.224
LOC101928690	0.6031	0.2099	1.2495	0.5171	NA
LOC101928692	0.903	-0.0788	1.2173	0.8408	NA
LOC101928706	1.8046	-0.3879	1.1617	0.4334	0.519
LOC101928707	51.8801	2.0898	0.4827	0	0
LOC101928714	1.3972	-0.0167	1.1686	0.972	0.9789
LOC101928717	5.0885	1.3487	1.0682	0.0308	0.0499
LOC101928719	56.8093	1.1541	0.4384	0.0046	0.0084
LOC101928725	38.7766	2.1182	0.5624	0	0
LOC101928728	134.6606	3.0163	0.3235	0	0
LOC101928738	1.3673	0.5307	1.2202	0.2099	NA
LOC101928741	2.6125	0.2464	1.0799	0.6637	0.7328
LOC101928742	0.1898	-0.0377	1.2501	0.9042	NA
LOC101928745	80.1288	1.9813	0.3804	0	0
LOC101928762	2.3096	-0.3088	1.1109	0.5703	0.6498
LOC101928768	17.8961	-1.1227	0.7032	0.0516	0.0802
LOC101928783	0.1813	-0.0357	1.2501	0.9091	NA
LOC101928793	20.3786	0.0993	0.6284	0.8535	0.8922
LOC101928794	4.3505	0.2755	0.9781	0.6531	0.724
LOC101928796	3.6385	0.5088	1.0478	0.3907	0.4761
LOC101928801	6.5209	0.8515	0.9214	0.1762	0.2413
LOC101928803	0.1804	-0.0353	1.2501	0.9101	NA
LOC101928806	5.3109	0.7052	0.9616	0.2584	0.3363
LOC101928814	2.252	0.1403	1.0959	0.7996	0.8473
LOC101928817	1.0014	0.3838	1.2311	0.319	NA
LOC101928819	6.6101	0.4489	0.9121	0.4715	0.5563
LOC101928820	11.5852	-0.3319	0.7662	0.5797	0.6583
LOC101928825	0.371	-0.1037	1.2488	0.7448	NA
LOC101928829	8.1346	1.5652	0.9849	0.0157	0.0265
LOC101928830	2.3832	1.032	1.1968	0.0475	0.0743
LOC101928838	0.3502	0.1483	1.2516	0.636	NA
LOC101928841	2.276	-0.0638	1.0884	0.909	0.9341
LOC101928845	0.3576	-0.0992	1.2488	0.7554	NA
LOC101928852	2.5918	-0.9454	1.1733	0.0755	0.1132
LOC101928853	5.3575	-0.5999	1.0048	0.3271	0.4114
LOC101928854	1.6739	0.7422	1.204	0.1177	0.1686
LOC101928862	16.5933	0.0348	0.6729	0.9505	0.9651
LOC101928868	6.8641	-1.9299	1.187	0.0022	0.0042
LOC101928870	0.9043	-0.0795	1.2172	0.8395	NA
LOC101928884	28.1322	2.4085	0.648	0	0
LOC101928895	2.1935	-0.505	1.1482	0.3292	0.4137
LOC101928897	0.333	0.1442	1.2516	0.6449	NA
LOC101928902	0.3338	0.1444	1.2516	0.6445	NA
LOC101928906	5.1077	-0.5831	0.9857	0.3444	0.43
LOC101928913	1.4738	-0.5499	1.1947	0.2364	0.3114
LOC101928926	1.0106	0.4505	1.2204	0.2754	NA
LOC101928927	85.5517	5.7903	0.8952	0	0
LOC101928941	0.5695	-0.1449	1.2489	0.6513	NA
LOC101928948	1.7158	0.7574	1.2035	0.1123	0.1617
LOC101928955	2.5188	-0.1536	1.0811	0.7854	0.836
LOC101928958	0.683	0.2467	1.2453	0.466	NA
LOC101928963	9.6349	1.5776	0.96	0.015	0.0253
LOC101928965	0.2102	-0.0504	1.25	0.8723	NA
LOC101928967	0.1802	-0.0352	1.2501	0.9103	NA
LOC101928974	0.1804	-0.0353	1.2501	0.9101	NA
LOC101928976	0.4136	-0.1153	1.2489	0.7177	NA
LOC101928998	0.5123	0.0587	1.2462	0.8563	NA
LOC101929004	3.9531	-0.3364	1.0108	0.5777	0.6566
LOC101929005	2.6709	-0.2076	1.0693	0.7171	0.78
LOC101929014	0.3338	0.1444	1.2516	0.6445	NA
LOC101929017	0.1802	-0.0352	1.2501	0.9103	NA
LOC101929018	0.1944	-0.0421	1.2501	0.893	NA
LOC101929027	6.1923	0.7766	0.9354	0.2161	0.2881
LOC101929035	0.7397	-0.2454	1.2279	0.5167	NA
LOC101929039	8.4924	1.9381	1.0574	0.0032	0.0059
LOC101929042	0.3381	0.1454	1.2517	0.6422	NA
LOC101929046	16.2785	0.8682	0.6966	0.1297	0.184
LOC101929047	0.6553	-0.1771	1.2447	0.5958	NA
LOC101929051	28.9745	2.7645	0.7175	0	0
LOC101929054	8.3648	0.4757	0.852	0.4428	0.5285
LOC101929057	0.732	-0.2401	1.2291	0.5224	NA
LOC101929060	0.3605	-0.1002	1.2488	0.753	NA
LOC101929065	0.7623	-0.2121	1.2385	0.5468	NA
LOC101929070	0.3759	0.157	1.2517	0.6167	NA
LOC101929072	19.6526	-0.6355	0.6625	0.2531	0.3303
LOC101929074	12.5794	0.5401	0.7542	0.3646	0.4506
LOC101929078	1.5805	0.1508	1.1558	0.7595	0.8156
LOC101929079	0.728	-0.2382	1.2293	0.5251	NA
LOC101929098	0.3338	0.1444	1.2516	0.6445	NA
LOC101929109	0.3338	0.1444	1.2516	0.6445	NA
LOC101929112	8.6192	0.0233	0.8286	0.9698	0.9774
LOC101929115	8.458	0.5467	0.8749	0.3803	0.465
LOC101929125	0.3431	0.146	1.2516	0.641	NA
LOC101929132	0.6973	-0.0078	1.2308	0.9828	NA
LOC101929140	0.5411	-0.1402	1.2488	0.6618	NA
LOC101929143	0.1915	-0.0386	1.25	0.9018	NA
LOC101929145	4.9907	0.4792	0.9632	0.439	0.5246
LOC101929149	0.179	-0.0347	1.2501	0.9117	NA
LOC101929151	1.0442	0.1086	1.2057	0.794	NA
LOC101929160	0.1906	-0.04	1.2501	0.8982	NA
LOC101929177	20.4074	0.5595	0.6279	0.2979	0.3801
LOC101929185	5.9574	0.0095	0.9372	0.9877	0.9911
LOC101929188	95.778	0.5463	0.338	0.0919	0.1351
LOC101929191	0.5314	0.0591	1.2448	0.8569	NA
LOC101929200	3.7544	-0.1024	1.018	0.8642	0.8996
LOC101929201	0.1804	-0.0353	1.2501	0.9101	NA
LOC101929204	2.281	0.1448	1.0895	0.7952	0.8435
LOC101929206	9.0211	-1.1881	0.9463	0.0623	0.0951
LOC101929211	100.7471	0.7923	0.3361	0.0139	0.0237
LOC101929220	10.3536	2.1456	1.1757	0.001	0.002
LOC101929223	0.1865	-0.0379	1.2501	0.9035	NA
LOC101929240	1.8321	-0.6808	1.1858	0.1645	0.2269
LOC101929243	11.0308	0.9151	0.8205	0.1384	0.195
LOC101929264	192.9158	1.6932	0.2447	0	0
LOC101929270	4.7851	0.4513	0.9956	0.4604	0.5457
LOC101929280	11.1846	1.3916	0.8733	0.0284	0.0462
LOC101929285	0.797	-0.0485	1.2244	0.8977	NA
LOC101929289	0.3567	-0.0988	1.2488	0.7562	NA
LOC101929290	7.6569	1.4081	0.95	0.0286	0.0464
LOC101929291	43.5001	2.3303	0.5113	0	0
LOC101929295	0.7415	-0.2465	1.2278	0.5151	NA
LOC101929309	0.3338	0.1444	1.2516	0.6445	NA
LOC101929330	11.766	0.9723	0.782	0.1093	0.1579
LOC101929333	4.2567	-0.3935	1.0162	0.5142	0.5969
LOC101929336	0.9214	-0.3238	1.2174	0.425	NA
LOC101929340	2.4002	0.6095	1.1139	0.2724	0.3519
LOC101929343	11.2888	0.4472	0.7795	0.4588	0.5441
LOC101929346	3.4093	0.8681	1.1007	0.1348	0.1905
LOC101929351	0.3338	0.1444	1.2516	0.6445	NA
LOC101929356	2.9751	0.0955	1.0791	0.8658	0.9004
LOC101929360	0.1898	-0.0377	1.2501	0.9042	NA
LOC101929374	13.9622	-1.1674	0.7757	0.0542	0.0838
LOC101929379	0.1804	-0.0353	1.2501	0.9101	NA
LOC101929381	1.2593	0.1279	1.1919	0.7713	NA
LOC101929387	0.6807	0.2456	1.2454	0.4675	NA
LOC101929396	0.36	-0.1	1.2488	0.7535	NA
LOC101929409	0.3791	-0.1046	1.2488	0.7427	NA
LOC101929410	4.01	0.3919	1.0037	0.5189	0.6015
LOC101929419	2.0402	-0.7608	1.1813	0.1308	0.1854
LOC101929426	10.3996	-0.6214	0.8053	0.3096	0.3928
LOC101929431	0.6941	-0.0091	1.231	0.98	NA
LOC101929442	8.6594	0.3708	0.8615	0.55	0.6312
LOC101929449	0.3338	0.1444	1.2516	0.6445	NA
LOC101929451	82.726	0.6086	0.3686	0.0825	0.1227
LOC101929457	1.0172	0.4549	1.2203	0.2716	NA
LOC101929469	1.0547	0.114	1.1919	0.7955	NA
LOC101929479	251.8587	-0.0808	0.2396	0.7306	0.7916
LOC101929482	1.024	0.3926	1.2303	0.3113	NA
LOC101929491	1.46	0.0587	1.1624	0.9032	0.9292
LOC101929494	63.0005	1.1137	0.4383	0.0063	0.0111
LOC101929500	26.4887	2.8576	0.6922	0	0
LOC101929511	4.7383	1.1733	1.0867	0.0534	0.0827
LOC101929519	0.1804	-0.0353	1.2501	0.9101	NA
LOC101929521	2.6682	0.2739	1.0665	0.6344	0.7071
LOC101929523	5.0547	0.2481	0.9519	0.688	0.7543
LOC101929530	1.7202	0.3469	1.1548	0.4887	0.5734
LOC101929533	9.994	1.7892	0.9236	0.006	0.0107
LOC101929534	0.1804	-0.0353	1.2501	0.9101	NA
LOC101929536	12.1696	1.4354	0.8092	0.0205	0.0341
LOC101929540	5.1929	-0.4506	0.9575	0.4671	0.5518
LOC101929542	0.3418	0.1456	1.2516	0.6419	NA
LOC101929545	2.9125	0.5332	1.1042	0.34	0.4257
LOC101929548	3.0872	0.235	1.0769	0.6793	0.747
LOC101929555	0.19	-0.0377	1.2501	0.904	NA
LOC101929558	0.3289	0.1433	1.2516	0.6471	NA
LOC101929560	9.8445	0.1894	0.7998	0.7555	0.8126
LOC101929566	1.6006	-0.2842	1.1866	0.5324	0.6149
LOC101929571	5.8853	-0.5706	0.9544	0.359	0.4451
LOC101929574	3.2565	-0.5435	1.0852	0.3427	0.4284
LOC101929576	0.1804	-0.0353	1.2501	0.9101	NA
LOC101929580	1.3191	-0.0207	1.1726	0.9648	NA
LOC101929583	0.2417	0.1191	1.2508	0.7041	NA
LOC101929599	3.5151	0.9176	1.167	0.086	0.1274
LOC101929604	1.0426	0.0968	1.2056	0.8158	NA
LOC101929609	0.5208	0.0607	1.2456	0.8521	NA
LOC101929615	2.3701	-0.5584	1.1442	0.2877	0.369
LOC101929633	25.5817	0.1599	0.5741	0.7517	0.8093
LOC101929634	0.694	-0.0091	1.231	0.9799	NA
LOC101929636	4.2727	-0.9663	1.1224	0.092	0.1353
LOC101929641	8.2325	0.3615	0.855	0.5596	0.6403
LOC101929643	1.9196	0.032	1.1149	0.9523	0.9665
LOC101929657	14.7844	-0.6969	0.7487	0.2409	0.3164
LOC101929668	15.5585	-0.6995	0.7261	0.2322	0.3066
LOC101929670	0.7493	-0.2464	1.2281	0.5145	NA
LOC101929683	2.3844	1.0014	1.1989	0.0516	0.0803
LOC101929687	0.1902	-0.0379	1.2501	0.9037	NA
LOC101929691	0.3285	0.1432	1.2516	0.6473	NA
LOC101929704	9.0187	0.0798	0.8209	0.8964	0.924
LOC101929714	0.6835	0.2469	1.2453	0.4657	NA
LOC101929715	0.5225	0.0573	1.2454	0.8606	NA
LOC101929719	1.8659	0.1341	1.1365	0.7944	0.843
LOC101929725	0.6676	0.2404	1.2461	0.4741	NA
LOC101929726	0.3613	-0.1004	1.2488	0.7524	NA
LOC101929728	0.333	0.1442	1.2516	0.6449	NA
LOC101929732	0.1239	-0.0068	1.2497	0.9826	NA
LOC101929747	148.2406	2.2276	0.2976	0	0
LOC101929748	0.1802	-0.0352	1.2501	0.9103	NA
LOC101929751	11.1405	0.2468	0.7935	0.6843	0.751
LOC101929758	35.8721	0.446	0.5035	0.3293	0.4137
LOC101929759	0.1801	-0.0352	1.2501	0.9105	NA
LOC101929761	1.294	-0.4772	1.2015	0.2859	NA
LOC101929781	0.6794	0.245	1.2455	0.4683	NA
LOC101929786	109.4876	1.5221	0.3236	0	0
LOC101929787	6.6145	-0.2555	0.8962	0.6811	0.7484
LOC101929790	2.0126	0.874	1.2005	0.078	0.1167
LOC101929792	594.6409	3.6391	0.1676	0	0
LOC101929796	37.1577	0.7909	0.5137	0.0885	0.1307
LOC101929819	16.8606	-0.7469	0.6929	0.1909	0.2588
LOC101929824	3.5191	0.0875	1.0161	0.8839	0.9137
LOC101929837	0.5612	-0.1672	1.2407	0.6264	NA
LOC101929844	3.767	0.4054	1.0551	0.489	0.5737
LOC101929846	0.3769	-0.1039	1.2488	0.7444	NA
LOC101929882	0.5219	0.0608	1.2455	0.852	NA
LOC101929901	9.5865	2.0609	1.1702	0.0014	0.0028
LOC101929937	11.1101	0.3584	0.8	0.5561	0.637
LOC101929946	0.3743	-0.103	1.2488	0.7464	NA
LOC101929949	3.07	-0.3126	1.0547	0.5923	0.6689
LOC101929950	63.9728	-0.4048	0.3976	0.2803	0.3605
LOC101929959	51.3875	-0.1069	0.4331	0.7913	0.8406
LOC101929977	6.5117	0.0691	0.8999	0.9114	0.936
LOC101929986	59.406	-0.3805	0.4112	0.3244	0.4087
LOC101930010	0.3418	0.1456	1.2516	0.6419	NA
LOC101930026	2.801	-1.0011	1.1724	0.0631	0.0962
LOC101930033	6.9165	0.5424	0.8904	0.3848	0.4698
LOC101930048	0.1898	-0.0377	1.2501	0.9042	NA
LOC101930053	1.0643	0.1195	1.1914	0.7863	NA
LOC101930071	0.8566	0.2115	1.2121	0.6041	NA
LOC101930100	0.2023	-0.0463	1.25	0.8825	NA
LOC101930129	2.2892	0.1142	1.117	0.8307	0.8734
LOC101930137	6.7759	2.2475	1.2654	5e-04	0.001
LOC101930171	0.9012	-0.2625	1.2314	0.4805	NA
LOC101930307	21.1307	0.1059	0.6309	0.8443	0.8845
LOC101930332	2.4606	0.0703	1.0788	0.901	0.928
LOC101930370	5.4844	-0.1762	0.9376	0.776	0.8289
LOC101930375	0.5581	-0.1542	1.2494	0.6297	NA
LOC101930434	0.884	-0.0845	1.2058	0.8385	NA
LOC101930452	0.5315	0.0593	1.2448	0.8565	NA
LOC101930567	1.4012	-0.0273	1.1636	0.9547	0.968
LOC101930644	0.1898	-0.0377	1.2501	0.9042	NA
LOC102288414	1217.3732	0.6238	0.1025	0	0
LOC102467073	2.4598	0.0565	1.1079	0.9169	0.9398
LOC102467147	1.2751	-0.2212	1.1844	0.6272	NA
LOC102606465	27.9923	-1.0784	0.5849	0.0351	0.0562
LOC102659288	0.3338	0.1444	1.2516	0.6445	NA
LOC102723306	0.8751	0.1878	1.2216	0.6283	NA
LOC102723309	2.1617	0.601	1.18	0.2188	0.2911
LOC102723313	0.3418	0.1456	1.2516	0.6419	NA
LOC102723316	0.8898	-0.258	1.2319	0.4863	NA
LOC102723327	2.2048	0.6981	1.1621	0.1777	0.2432
LOC102723328	17.2102	1.629	0.7388	0.0062	0.011
LOC102723331	0.1831	-0.0365	1.2501	0.9072	NA
LOC102723335	0.1796	-0.035	1.2501	0.911	NA
LOC102723337	0.6823	0.2464	1.2453	0.4664	NA
LOC102723338	0.3778	-0.1042	1.2488	0.7437	NA
LOC102723342	5.1238	-1.0024	1.0377	0.104	0.1509
LOC102723354	3.778	0.792	1.0493	0.189	0.2565
LOC102723356	0.5146	0.059	1.246	0.8557	NA
LOC102723360	68.3895	-0.0314	1.241	0.9259	0.9473
LOC102723361	0.5958	-0.1886	1.2384	0.5904	NA
LOC102723365	0.3608	-0.1002	1.2488	0.7529	NA
LOC102723385	0.357	-0.099	1.2488	0.7559	NA
LOC102723398	0.5411	-0.1402	1.2488	0.6618	NA
LOC102723405	9.798	-0.1719	0.8087	0.7782	0.8304
LOC102723410	28.4746	1.8738	0.6047	4e-04	7e-04
LOC102723415	2.2714	0.1462	1.086	0.7942	0.8428
LOC102723420	0.3608	-0.1002	1.2488	0.7529	NA
LOC102723422	2.8224	0.1723	1.0632	0.765	0.8199
LOC102723428	1.1067	-0.1412	1.2065	0.7338	NA
LOC102723433	120.7758	0.583	0.2961	0.042	0.0664
LOC102723437	6.9012	-0.1796	0.8827	0.7724	0.8261
LOC102723451	1.8608	-0.6949	1.1845	0.1584	0.2197
LOC102723465	13.9636	-0.3335	0.7483	0.574	0.6531
LOC102723466	0.5695	-0.1449	1.2489	0.6513	NA
LOC102723471	86.9917	1.4233	0.3525	0	1e-04
LOC102723475	0.1898	-0.0377	1.2501	0.9042	NA
LOC102723480	0.1898	-0.0377	1.2501	0.9042	NA
LOC102723489	144.5247	1.8963	0.3088	0	0
LOC102723501	2.0599	0.5113	1.1249	0.3442	0.4299
LOC102723513	0.1898	-0.0377	1.2501	0.9042	NA
LOC102723520	22.9039	2.1672	0.705	2e-04	4e-04
LOC102723521	438.2033	-1.1297	0.1665	0	0
LOC102723534	0.1973	-0.0436	1.2501	0.8891	NA
LOC102723535	3.0828	-0.3123	1.0627	0.5897	0.6666
LOC102723539	6.2899	0.5562	0.9332	0.3727	0.4578
LOC102723542	20.1509	-0.3278	0.6568	0.5534	0.6345
LOC102723543	0.3698	-0.1023	1.2488	0.7481	NA
LOC102723545	0.7084	-0.0117	1.2194	0.9759	NA
LOC102723549	0.3418	0.1456	1.2516	0.6419	NA
LOC102723553	5.1273	-1.1328	1.1164	0.0549	0.0847
LOC102723554	110.5807	0.0551	0.3132	0.8553	0.8935
LOC102723563	68.8273	2.7079	0.4432	0	0
LOC102723564	7.8799	-1.2994	0.9659	0.0423	0.0669
LOC102723566	2.9857	-0.0863	1.075	0.8792	0.91
LOC102723571	0.1762	-0.0335	1.2501	0.9148	NA
LOC102723572	4.218	-0.055	0.9938	0.9278	0.9485
LOC102723579	0.1804	-0.0353	1.2501	0.9101	NA
LOC102723580	5.8458	-0.2564	0.9283	0.6796	0.7472
LOC102723582	4.6546	0.7882	1.0015	0.2027	0.2725
LOC102723584	6.8886	0.0344	1.2418	0.9184	0.9411
LOC102723591	1.0366	0.121	1.1932	0.7823	NA
LOC102723597	1.5464	0.421	1.1942	0.3529	0.4386
LOC102723600	14.3535	1.61	0.7712	0.0081	0.0142
LOC102723602	259.6954	0.686	0.2088	8e-04	0.0017
LOC102723603	6.6772	0.442	0.9294	0.4778	0.5629
LOC102723610	0.5489	-0.1618	1.2415	0.6352	NA
LOC102723616	0.7315	-0.2019	1.2401	0.5611	NA
LOC102723619	3.3504	-0.1886	1.059	0.7446	0.8036
LOC102723622	8.5917	1.0211	0.8615	0.1035	0.1503
LOC102723625	7.2641	1.2838	0.9703	0.0446	0.0702
LOC102723643	0.1804	-0.0353	1.2501	0.9101	NA
LOC102723648	0.3714	-0.1032	1.2488	0.746	NA
LOC102723651	1.8356	-0.3986	1.1611	0.422	0.5084
LOC102723652	2.4682	-0.1049	1.1329	0.8396	0.8809
LOC102723659	1.8842	0.5915	1.1693	0.2375	0.3125
LOC102723663	0.1903	-0.0398	1.2501	0.8987	NA
LOC102723665	36.4381	1.6278	0.5449	8e-04	0.0016
LOC102723666	52.2458	0.6885	0.4389	0.0917	0.1348
LOC102723671	1.904	0.2888	1.1178	0.5909	0.6678
LOC102723672	2.8318	-0.0469	1.0575	0.9354	0.9543
LOC102723678	2.3268	-0.7044	1.1955	0.1425	0.1999
LOC102723682	6.3525	0.9195	0.939	0.1449	0.2029
LOC102723694	2.3668	1.0377	1.1959	0.0469	0.0735
LOC102723701	1.3693	0.2421	1.1721	0.6096	NA
LOC102723703	3.3857	0.0031	1.0321	0.9958	0.9975
LOC102723704	0.3338	0.1444	1.2516	0.6445	NA
LOC102723709	3.8293	0.0445	1.0585	0.9386	0.9569
LOC102723716	0.3346	0.1446	1.2516	0.6441	NA
LOC102723722	8.0268	-0.6251	0.9488	0.3163	0.4002
LOC102723724	0.1884	-0.0388	1.2501	0.9013	NA
LOC102723726	18.9431	-0.2309	0.6491	0.6741	0.7424
LOC102723728	399.2154	1.1738	0.4251	0.0031	0.0057
LOC102723735	56.3894	2.4844	0.4649	0	0
LOC102723739	0.5308	-0.1378	1.2488	0.6672	NA
LOC102723743	0.5198	0.0606	1.2456	0.8524	NA
LOC102723755	1.4141	-0.0304	1.165	0.9494	0.9645
LOC102723757	2.2416	0.6868	1.1654	0.181	0.2469
LOC102723758	0.6641	0.2387	1.2463	0.4763	NA
LOC102723772	1.0014	0.3838	1.2311	0.319	NA
LOC102723773	446.2295	0.611	0.1647	2e-04	4e-04
LOC102723774	1.7088	0.6581	1.2136	0.1439	0.2016
LOC102723775	3.6629	-0.2729	1.0413	0.6437	0.7156
LOC102723779	18.0289	0.3229	0.6594	0.5603	0.6409
LOC102723782	0.3418	0.1456	1.2516	0.6419	NA
LOC102723794	7.6228	-0.8831	0.9188	0.1611	0.2229
LOC102723799	2.0874	-0.638	1.1985	0.1735	0.238
LOC102723801	0.3661	-0.1004	1.2488	0.7527	NA
LOC102723804	10.0374	-0.213	0.8258	0.7288	0.7903
LOC102723806	4.7425	0.1676	0.9563	0.7857	0.8362
LOC102723809	3.5746	0.8114	1.0578	0.1764	0.2415
LOC102723811	5.6223	1.3073	1.0231	0.0392	0.0622
LOC102723814	3.5741	0.4559	1.073	0.4295	0.5154
LOC102723817	4.0855	0.7276	1.0475	0.226	0.2996
LOC102723820	24.427	1.043	0.5993	0.0452	0.0711
LOC102723840	0.5132	0.0583	1.2461	0.8572	NA
LOC102723843	0.19	-0.0377	1.2501	0.904	NA
LOC102723845	11.1565	0.481	0.7723	0.4239	0.51
LOC102723851	0.369	-0.1019	1.2488	0.749	NA
LOC102723854	17.5032	-0.0882	0.6657	0.8743	0.9065
LOC102723863	5.8626	-0.3623	0.9298	0.56	0.6407
LOC102723864	5.4739	0.1352	0.9406	0.827	0.8702
LOC102723867	0.667	0.2401	1.2461	0.4744	NA
LOC102723877	0.3692	-0.102	1.2488	0.7488	NA
LOC102723885	1.3616	0.6113	1.2099	0.174	NA
LOC102723893	11.2294	2.1192	0.9351	0.0013	0.0026
LOC102723897	190.0209	-1.0016	0.2507	0	1e-04
LOC102723902	46.3053	0.6395	0.4578	0.1306	0.1851
LOC102723908	0.5507	-0.1628	1.2414	0.6333	NA
LOC102723919	6.3522	-1.1558	1.0415	0.0634	0.0966
LOC102723926	4.317	0.4782	0.9883	0.4359	0.5215
LOC102723929	2.9952	-0.0887	1.0729	0.8761	0.9078
LOC102723946	0.9139	-0.3162	1.2191	0.4315	NA
LOC102723953	0.5126	0.0589	1.2462	0.8558	NA
LOC102723954	23.1881	0.7433	0.6257	0.1657	0.2284
LOC102723958	3.3597	0.1874	1.0658	0.7445	0.8035
LOC102723973	0.1898	-0.0377	1.2501	0.9042	NA
LOC102723974	1.6331	-0.339	1.166	0.4862	0.571
LOC102723975	0.5503	-0.1626	1.2414	0.6337	NA
LOC102723980	5.4882	1.0624	1.0195	0.0888	0.1311
LOC102723981	4.3989	-0.099	0.9801	0.8713	0.9044
LOC102723983	10.839	0.2004	0.7801	0.7397	0.7994
LOC102723988	0.7135	-0.0154	1.2297	0.9664	NA
LOC102723989	3.4742	-1.1844	1.1704	0.0346	0.0554
LOC102723990	69.1999	1.1725	0.3853	0.0013	0.0025
LOC102723992	11.3134	-1.2417	0.86	0.0488	0.0761
LOC102723995	39.7246	2.8901	0.5671	0	0
LOC102723996	21.1605	-1.0079	1.077	0.0939	0.1378
LOC102724002	182.529	0.3432	0.2451	0.1523	0.2122
LOC102724006	7.594	0.1041	0.8612	0.8664	0.9009
LOC102724009	2.726	1.1478	1.197	0.0322	0.0518
LOC102724017	0.7116	-0.0129	1.2191	0.9734	NA
LOC102724023	570.1575	-0.0166	0.1492	0.9108	0.9356
LOC102724026	0.1879	-0.0366	1.2501	0.9068	NA
LOC102724037	36.1507	2.3529	0.5615	0	0
LOC102724040	0.9172	-0.3213	1.2176	0.428	NA
LOC102724043	1.7307	0.3553	1.152	0.4815	0.5663
LOC102724049	1.0333	0.1136	1.1933	0.7952	NA
LOC102724061	3.2712	-0.5897	1.0699	0.3127	0.3963
LOC102724064	3.3847	0.0036	1.0321	0.9951	0.9969
LOC102724065	0.6632	0.2384	1.2463	0.4768	NA
LOC102724075	2.914	-0.2541	1.076	0.6554	0.726
LOC102724077	1.113	-0.4054	1.208	0.3457	NA
LOC102724092	2.6767	1.1339	1.1969	0.0337	0.0542
LOC102724093	3.6829	0.2739	1.0525	0.6392	0.7115
LOC102724098	5.051	-0.5979	0.9751	0.3344	0.4194
LOC102724103	1.8426	0.5733	1.1733	0.2462	0.3224
LOC102724105	1.2165	0.0415	1.1779	0.9282	NA
LOC102724108	1.5542	0.4179	1.1936	0.3571	0.443
LOC102724112	18.9452	0.8822	0.6546	0.1101	0.159
LOC102724117	2.165	-0.6617	1.1973	0.1619	0.2239
LOC102724121	2.4319	0.0765	1.0864	0.8913	0.9194
LOC102724124	12.4779	-1.1356	0.8007	0.0645	0.0981
LOC102724126	2.2917	0.1405	1.0891	0.8012	0.8484
LOC102724129	0.3338	0.1444	1.2516	0.6445	NA
LOC102724133	4.6584	-0.1607	0.971	0.7935	0.8423
LOC102724135	72.5946	0.7546	0.3728	0.033	0.0531
LOC102724141	0.7497	-0.2467	1.2281	0.5142	NA
LOC102724147	83.2615	1.0491	0.3653	0.0025	0.0047
LOC102724149	1.8661	0.5924	1.1703	0.2357	0.3105
LOC102724156	0.5411	-0.1402	1.2488	0.6618	NA
LOC102724157	7.588	1.8223	1.1549	0.0038	0.007
LOC102724159	765.2908	-1.3116	0.1391	0	0
LOC102724164	44.0383	1.407	0.492	0.0017	0.0032
LOC102724169	1.8388	-0.2228	1.1226	0.6747	0.743
LOC102724170	0.3688	-0.1018	1.2488	0.7492	NA
LOC102724172	0.1931	-0.0414	1.2501	0.8948	NA
LOC102724187	8.387	-0.2548	0.8449	0.6799	0.7473
LOC102724192	2.5745	0.7787	1.1613	0.1388	0.1953
LOC102724193	0.1804	-0.0353	1.2501	0.9101	NA
LOC102724195	0.3338	0.1444	1.2516	0.6445	NA
LOC102724196	0.5221	0.061	1.2455	0.8516	NA
LOC102724200	101.9448	-2.6386	0.3984	0	0
LOC102724206	0.6676	0.2404	1.2461	0.4741	NA
LOC102724209	1.5676	0.1775	1.139	0.7292	0.7907
LOC102724217	22.5587	1.1648	0.6267	0.0301	0.0487
LOC102724219	58.2709	-0.2413	1.2455	0.4745	0.5596
LOC102724220	12.362	1.211	0.7795	0.0464	0.0728
LOC102724225	16.4486	1.6523	0.7398	0.0055	0.0099
LOC102724229	0.3837	-0.1061	1.2488	0.7392	NA
LOC102724232	22.6884	0.2745	0.6888	0.6292	0.7025
LOC102724235	14.3227	-0.0218	0.7087	0.9699	0.9774
LOC102724238	14.7252	0.8483	0.7274	0.1481	0.2069
LOC102724243	0.3338	0.1444	1.2516	0.6445	NA
LOC102724248	5.5125	-0.3455	0.9421	0.5775	0.6565
LOC102724249	39.0377	0.9529	0.5379	0.0476	0.0744
LOC102724250	335.535	-2.5073	0.214	0	0
LOC102724252	2.7571	-0.6537	1.1371	0.2248	0.2982
LOC102724255	1.8945	0.0252	1.156	0.959	0.9704
LOC102724258	139.1059	2.4597	0.3078	0	0
LOC102724259	5.682	-0.9033	0.9916	0.1481	0.2069
LOC102724262	6.8649	1.3079	0.9778	0.0409	0.0647
LOC102724272	0.5479	-0.1611	1.2416	0.6363	NA
LOC102724273	15.0913	2.3464	0.8978	4e-04	7e-04
LOC102724275	3.6463	-0.8511	1.1258	0.1302	0.1846
LOC102724279	0.1804	-0.0353	1.2501	0.9101	NA
LOC102724285	7.6756	1.1732	0.9078	0.0649	0.0986
LOC102724296	45.0619	3.5717	0.5951	0	0
LOC102724299	2.7345	0.3593	1.0996	0.5175	0.6
LOC102724301	0.3797	-0.1048	1.2488	0.7422	NA
LOC102724306	0.5505	-0.1627	1.2414	0.6335	NA
LOC102724314	6.9915	-0.2939	0.9025	0.6366	0.709
LOC102724316	1.4609	-0.5388	1.1961	0.2428	0.3187
LOC102724319	0.1804	-0.0353	1.2501	0.9101	NA
LOC102724322	0.1804	-0.0353	1.2501	0.9101	NA
LOC102724328	0.3418	0.1456	1.2516	0.6419	NA
LOC102724329	0.394	-0.1093	1.2488	0.7316	NA
LOC102724330	16.9957	0.7238	0.6964	0.2063	0.2767
LOC102724336	0.7259	-0.1996	1.2404	0.5645	NA
LOC102724341	0.3338	0.1444	1.2516	0.6445	NA
LOC102724342	56.1149	1.8154	0.4407	0	0
LOC102724345	5.3986	0.3149	0.9382	0.6118	0.6867
LOC102724350	0.6756	0.2863	1.2368	0.4298	NA
LOC102724351	0.9222	-0.1004	1.2034	0.8109	NA
LOC102724356	5.6262	-0.8533	1.0096	0.1679	0.2313
LOC102724360	0.1804	-0.0353	1.2501	0.9101	NA
LOC102724363	0.3797	-0.1048	1.2488	0.7422	NA
LOC102724364	45.6692	-1.438	0.4911	0.0013	0.0025
LOC102724368	0.2254	-0.0425	1.2489	0.8931	NA
LOC102724371	5.8358	0.9403	0.9576	0.1357	0.1916
LOC102724374	4.9363	-1.5289	1.1737	0.0103	0.0177
LOC102724376	13.9076	3.4318	1.6066	0	0
LOC102724378	6.0006	0.625	0.9393	0.3171	0.401
LOC102724384	1.8437	-0.6899	1.1848	0.1607	0.2224
LOC102724387	1.0441	0.1086	1.2057	0.794	NA
LOC102724391	16.3264	2.8114	0.965	0	1e-04
LOC102724397	9.2274	-1.6118	1.0059	0.0129	0.022
LOC102724409	3.8633	-0.3355	1.2547	0.3023	0.3846
LOC102724413	2.7528	0.158	1.096	0.7751	0.8283
LOC102724423	0.3338	0.1444	1.2516	0.6445	NA
LOC102724426	5.4259	0.3218	0.9379	0.6041	0.6797
LOC102724428	698.3647	0.7128	0.1338	0	0
LOC102724440	0.6835	0.2469	1.2453	0.4657	NA
LOC102724441	259.2327	-0.501	1.1839	0.2911	0.3726
LOC102724442	1.2948	0.5847	1.2114	0.1879	NA
LOC102724445	54.3246	-3.4938	0.623	0	0
LOC102724450	1.2116	-0.4118	1.2043	0.3456	NA
LOC102724451	3.5356	-0.0522	1.023	0.9303	0.9503
LOC102724455	15.1722	-0.1337	0.7139	0.8176	0.862
LOC102724457	0.5198	0.0606	1.2457	0.8524	NA
LOC102724462	0.3613	-0.1004	1.2488	0.7525	NA
LOC102724474	1.0726	-0.1487	1.1943	0.7336	NA
LOC102724484	0.3338	0.1444	1.2516	0.6445	NA
LOC102724487	0.1804	-0.0353	1.2501	0.9101	NA
LOC102724488	14.6206	0.1797	0.7258	0.7585	0.8147
LOC102724490	1.0558	0.114	1.1919	0.7956	NA
LOC102724493	0.5159	0.059	1.2459	0.8557	NA
LOC102724496	0.3338	0.1444	1.2516	0.6445	NA
LOC102724497	0.3418	0.1456	1.2516	0.6419	NA
LOC102724499	5.6784	-1.109	1.0317	0.0751	0.1128
LOC102724504	7.3768	0.4869	0.9605	0.4321	0.518
LOC102724507	0.189	-0.0372	1.2501	0.9054	NA
LOC102724515	1.3007	-0.4813	1.2004	0.2839	NA
LOC102724516	25.1187	-3.8141	1.6727	0	0
LOC102724517	12.9523	0.2458	0.7628	0.681	0.7484
LOC102724518	0.3418	0.1456	1.2516	0.6419	NA
LOC102724528	19.7694	-1.0487	0.7207	0.0727	0.1095
LOC102724532	5.9025	0.3389	0.9176	0.5859	0.6637
LOC102724535	93.7238	-1.7356	0.3691	0	0
LOC102724537	4.7329	1.7623	1.2165	0.0035	0.0064
LOC102724541	2.3555	-0.3086	1.1138	0.5688	0.6485
LOC102724545	2.4902	-0.2203	1.1396	0.6679	0.7365
LOC102724548	2.6122	0.7081	1.173	0.1627	0.2247
LOC102724549	13.034	-0.4232	0.7488	0.4758	0.5609
LOC102724552	1.9638	0.8428	1.1998	0.0871	0.1288
LOC102724554	23.8807	-0.7673	0.6362	0.157	0.218
LOC102724559	6.5598	1.6509	1.1513	0.0074	0.0131
LOC102724560	0.7587	-0.2107	1.2386	0.5489	NA
LOC102724562	0.8748	-0.0704	1.2189	0.8564	NA
LOC102724569	0.5122	0.0585	1.2462	0.8567	NA
LOC102724571	11.9553	0.7748	0.7725	0.1988	0.2679
LOC102724579	0.3338	0.1444	1.2516	0.6445	NA
LOC102724583	18.1362	2.2953	0.7682	2e-04	4e-04
LOC102724584	0.5217	0.061	1.2455	0.8517	NA
LOC102724593	7.3824	0.2779	0.8719	0.6544	0.7251
LOC102724594	244.5961	0.5475	0.81	0.3712	0.4565
LOC102724597	0.1884	-0.0369	1.2501	0.9061	NA
LOC102724607	2.2027	-0.5057	1.1484	0.3284	0.4128
LOC102724611	6.5278	-0.8754	0.9519	0.1641	0.2264
LOC102724614	40.1071	2.6624	0.5838	0	0
LOC102724621	8.8499	0.8015	0.9268	0.2023	0.2722
LOC102724624	0.3338	0.1444	1.2516	0.6445	NA
LOC102724641	51.3214	4.6103	0.8479	0	0
LOC102724642	1.5001	-0.5522	1.1951	0.2342	0.3088
LOC102724645	0.5369	-0.1392	1.2488	0.6641	NA
LOC102724660	3.0615	-0.2827	1.0746	0.6206	0.6945
LOC102724667	0.3418	0.1456	1.2516	0.6419	NA
LOC102724668	0.1765	-0.0336	1.2501	0.9144	NA
LOC102724681	4.9518	-0.0584	0.9487	0.9247	0.9461
LOC102724685	0.8536	0.2118	1.2123	0.6034	NA
LOC102724689	9.8074	1.0827	0.8493	0.0836	0.1242
LOC102724691	0.6811	0.2458	1.2454	0.4672	NA
LOC102724695	0.1759	-0.0334	1.2501	0.9151	NA
LOC102724699	3.0701	0.8335	1.0958	0.1516	0.2114
LOC102724705	2.9214	0.3408	1.0607	0.5575	0.6381
LOC102724708	8.0148	1.4502	0.9444	0.0244	0.04
LOC102724709	14.0771	2.5659	0.9766	2e-04	3e-04
LOC102724724	1.0083	0.451	1.2206	0.2746	NA
LOC102724730	3.1457	0.2779	1.0387	0.6384	0.7107
LOC102724733	1.5689	0.1293	1.1738	0.7823	0.8338
LOC102724748	2.2138	0.3629	1.1266	0.4949	0.5793
LOC102724751	1.215	0.3078	1.2054	0.4702	NA
LOC102724752	26.8297	1.3318	0.6025	0.0109	0.0187
LOC102724757	3.2597	-0.3603	1.0524	0.5388	0.6207
LOC102724759	0.5411	-0.1402	1.2488	0.6618	NA
LOC102724765	0.3657	-0.1001	1.2488	0.7532	NA
LOC102724770	616.3982	0.9051	0.1506	0	0
LOC102724781	1.0786	-0.1586	1.194	0.7171	NA
LOC102724782	18.6519	2.8153	0.8138	0	0
LOC102724788	3016.2426	0.1719	0.0865	0.0464	0.0727
LOC102724791	9.8479	-1.2168	0.8897	0.0551	0.0851
LOC102724792	1.0087	0.4512	1.2206	0.2744	NA
LOC102724795	27.1356	2.8977	0.6883	0	0
LOC102724800	1.1075	0.3084	1.2089	0.4629	NA
LOC102724804	0.3608	-0.1002	1.2488	0.7529	NA
LOC102724805	0.551	-0.163	1.2414	0.633	NA
LOC102724810	0.7117	-0.016	1.2298	0.965	NA
LOC102724811	3.7198	1.4935	1.2023	0.0096	0.0167
LOC102724812	0.33	0.1423	1.2516	0.6493	NA
LOC102724814	28.9169	0.1743	0.5539	0.7233	0.7853
LOC102724828	2.0107	0.8943	1.1984	0.0742	0.1116
LOC102724833	26.4762	0.9559	0.5783	0.0597	0.0916
LOC102724843	92.3009	-2.4603	2.8869	0	0
LOC102724851	2.3641	-0.5496	1.1447	0.2944	0.3763
LOC102724852	69.2209	1.1333	0.3933	0.0022	0.0042
LOC102724856	0.1898	-0.0377	1.2501	0.9042	NA
LOC102724860	0.5223	0.061	1.2455	0.8518	NA
LOC102724865	5.1524	-0.2656	0.9617	0.6666	0.7356
LOC102724867	1.0155	0.3888	1.2306	0.3147	NA
LOC102724870	0.7123	-0.008	1.2297	0.9824	NA
LOC102724872	22.3222	-0.9662	0.645	0.0774	0.1159
LOC102724873	19.8265	-0.4628	0.6414	0.3957	0.4811
LOC102724880	4.1525	0.5215	1.0189	0.3889	0.4743
LOC102724883	0.3466	0.1471	1.2516	0.6385	NA
LOC102724884	30.0975	0.1247	0.5408	0.7964	0.8445
LOC102724889	3.1674	0.0637	1.0452	0.9134	0.9373
LOC102724898	0.1804	-0.0353	1.2501	0.9101	NA
LOC102724908	0.1903	-0.0379	1.2501	0.9036	NA
LOC102724911	1.0541	0.48	1.2195	0.251	NA
LOC102724914	0.1898	-0.0377	1.2501	0.9042	NA
LOC102724919	0.1898	-0.0377	1.2501	0.9042	NA
LOC102724921	1.0093	0.4516	1.2206	0.2741	NA
LOC102724924	2.9069	0.6121	1.0762	0.2924	0.374
LOC102724927	2.6112	0.4532	1.1128	0.4083	0.4943
LOC102724930	0.578	-0.1702	1.2395	0.6235	NA
LOC102724935	0.3481	0.1476	1.2516	0.6374	NA
LOC102724942	5.8845	0.3343	0.9271	0.5907	0.6676
LOC102724943	0.3338	0.1444	1.2516	0.6445	NA
LOC102724944	7.7355	1.7815	1.0679	0.006	0.0107
LOC102724951	197.1562	-2.6208	1.2712	1e-04	3e-04
LOC102724965	10.2351	0.9235	0.8518	0.139	0.1956
LOC102724967	73.801	0.8538	0.3741	0.0162	0.0272
LOC102724974	2.5559	0.8051	1.1566	0.1309	0.1855
LOC102724975	1.7203	0.3938	1.1388	0.4498	0.5352
LOC113230	18.3216	0.7566	0.6818	0.1812	0.2471
LOC115110	6.0648	0.6434	0.9257	0.3039	0.3862
LOC143666	51.0208	1.5574	0.4521	2e-04	4e-04
LOC145783	35.9182	0.0418	0.5155	0.9284	0.949
LOC146880	31.3104	-1.2707	0.5711	0.0115	0.0198
LOC148413	263.0848	0.1936	0.2056	0.339	0.4246
LOC149351	0.5239	0.0574	1.2453	0.8605	NA
LOC150051	18.1092	1.0938	0.6757	0.0522	0.081
LOC150776	264.7895	0.8776	0.2055	0	0
LOC151760	3.0126	-0.0894	1.0495	0.8783	0.9093
LOC153684	23.8235	1.1961	0.6411	0.0282	0.0459
LOC154761	0.6842	0.2472	1.2452	0.4653	NA
LOC155060	6.8688	-1.2279	1.0424	0.0498	0.0775
LOC158960	11.0693	0.7357	0.7897	0.2263	0.2999
LOC166994	0.5414	-0.1402	1.2488	0.6617	NA
LOC202181	15.2632	-0.2277	0.6963	0.6906	0.7566
LOC220729	76.9923	-0.6095	0.3676	0.0813	0.1211
LOC254896	78.1994	-0.6209	0.3778	0.0831	0.1234
LOC256880	10.8573	2.0631	0.9381	0.0018	0.0033
LOC257358	0.37	-0.1024	1.2488	0.7478	NA
LOC257396	21.1134	-1.2094	0.6806	0.0327	0.0526
LOC283070	0.8829	-0.0692	1.2184	0.8592	NA
LOC283482	0.1804	-0.0353	1.2501	0.9101	NA
LOC283693	0.5592	-0.166	1.2408	0.6285	NA
LOC283788	123.8452	-0.8297	0.3032	0.0046	0.0084
LOC283887	0.1815	-0.0358	1.2501	0.909	NA
LOC283922	38.491	-0.214	0.491	0.6331	0.7059
LOC284023	97.8303	-0.7744	0.3437	0.0186	0.0309
LOC284412	1.0014	0.3838	1.2311	0.319	NA
LOC284454	41.6627	0.3674	0.4871	0.4092	0.4953
LOC284561	0.5409	-0.1401	1.2488	0.6619	NA
LOC284581	59.5541	-0.1361	0.4083	0.7229	0.7849
LOC284600	2.1473	-0.0367	1.1038	0.9463	0.9622
LOC284648	0.3338	0.1444	1.2516	0.6445	NA
LOC284837	41.702	3.2675	0.5876	0	0
LOC284865	4.1161	0.8098	1.0227	0.1868	0.2537
LOC284889	187.0773	1.4305	0.2555	0	0
LOC285074	170.88	0.6907	0.2567	0.0058	0.0104
LOC285556	0.1804	-0.0353	1.2501	0.9101	NA
LOC285593	1.2902	0.3482	1.2032	0.4212	NA
LOC285638	0.7119	-0.0124	1.2191	0.9745	NA
LOC285819	10.4869	0.149	0.7987	0.8064	0.8527
LOC286189	7.7564	-0.7441	0.9042	0.2356	0.3104
LOC286437	16.0099	-2.0354	0.8855	0.0017	0.0033
LOC339192	5.533	-1.1666	1.0572	0.0592	0.0908
LOC339593	0.1894	-0.0374	1.2501	0.9048	NA
LOC339803	0.1804	-0.0353	1.2501	0.9101	NA
LOC340073	1.0014	0.3838	1.2311	0.319	NA
LOC344887	3.981	-0.5449	1.0243	0.367	0.453
LOC344967	0.3329	0.1442	1.2516	0.6449	NA
LOC374443	19.9987	-0.6353	0.662	0.253	0.3302
LOC375196	0.3338	0.1444	1.2516	0.6445	NA
LOC388210	0.1899	-0.0377	1.2501	0.9041	NA
LOC388242	0.3423	0.1457	1.2516	0.6416	NA
LOC388282	0.6821	0.2463	1.2453	0.4666	NA
LOC388436	0.7212	-0.0141	1.2291	0.9693	NA
LOC388692	35.7037	-1.1481	0.5367	0.0168	0.0282
LOC388780	1.3188	0.5122	1.2213	0.2216	NA
LOC388849	1.0614	0.4189	1.2308	0.2827	NA
LOC388906	15.3364	0.6547	0.7028	0.2552	0.3327
LOC389199	53.6419	5.4156	1.4676	0	0
LOC389332	0.1804	-0.0353	1.2501	0.9101	NA
LOC389602	0.5616	-0.1675	1.2406	0.6259	NA
LOC389607	2.519	-0.1528	1.0887	0.7845	0.8352
LOC389641	22.7252	-0.4356	0.6195	0.4136	0.4997
LOC389765	17.9993	-1.693	0.7562	0.005	0.009
LOC389831	127.9878	-2.8154	0.3497	0	0
LOC389834	194.6467	0.6908	0.2409	0.0034	0.0062
LOC389895	2.5956	-0.5933	1.1449	0.2602	0.3382
LOC389906	250.5075	-1.1276	0.2194	0	0
LOC399900	49.3272	3.0057	0.5802	0	0
LOC400043	3.8638	-1.3025	1.1688	0.0233	0.0383
LOC400553	2.3663	1.0375	1.1959	0.0469	0.0735
LOC400743	0.6723	0.2417	1.2458	0.4727	NA
LOC400863	0.1898	-0.0377	1.2501	0.9042	NA
LOC400927	2.5534	-0.6072	1.1405	0.2539	0.3312
LOC401010	3.4977	0.1602	1.0156	0.7894	0.8392
LOC401127	2.1955	-0.5056	1.1481	0.3288	0.4132
LOC401296	2.0876	0.4069	1.1594	0.4148	0.5011
LOC401320	7.4758	-0.6795	0.9137	0.2782	0.3583
LOC407835	5.0173	-0.2305	0.9574	0.7086	0.7724
LOC439951	6.4998	-0.0997	0.9236	0.8723	0.9051
LOC439994	174.9113	1.4692	0.273	0	0
LOC440157	11.2218	-0.3864	0.7751	0.5211	0.6037
LOC440300	35.7336	1.4564	0.5359	0.0024	0.0045
LOC440311	0.1804	-0.0353	1.2501	0.9101	NA
LOC440354	75.3635	-0.3825	0.3851	0.294	0.3759
LOC440386	16.874	1.1605	0.6961	0.043	0.0679
LOC440390	1.0253	0.3932	1.2303	0.3108	NA
LOC440434	78.6105	0.03	0.3615	0.9307	0.9506
LOC440461	4.3239	0.4813	0.99	0.4327	0.5186
LOC440910	0.5411	-0.1402	1.2488	0.6618	NA
LOC440934	10.804	0.5633	0.7921	0.354	0.4397
LOC441081	2.4087	0.2817	1.1111	0.604	0.6797
LOC441124	22.6821	-0.5024	0.6106	0.3409	0.4266
LOC441155	2.8797	-0.4581	1.0957	0.4148	0.5011
LOC441242	5.8659	-0.3514	0.9415	0.5711	0.6505
LOC441454	2.4789	-0.1416	1.0992	0.7968	0.8448
LOC441493	0.3338	0.1444	1.2516	0.6445	NA
LOC441528	0.3797	-0.1048	1.2488	0.7422	NA
LOC493754	237.2213	1.2527	0.228	0	0
LOC550643	517.1268	1.4683	0.1665	0	0
LOC553103	1.2816	-0.4704	1.2018	0.2916	NA
LOC554206	3.2485	0.7217	1.0662	0.2227	0.2957
LOC595101	164.7265	-0.1033	0.2574	0.6812	0.7484
LOC606724	2.0304	0.8749	1.2001	0.0781	0.1167
LOC613037	58.6107	-0.2258	0.4153	0.5622	0.6427
LOC613038	2.5498	0.4566	1.1151	0.4033	0.4891
LOC641367	5.7194	0.5637	0.9528	0.365	0.4509
LOC641746	0.7501	-0.2469	1.2281	0.5138	NA
LOC642236	0.549	-0.1618	1.2415	0.6352	NA
LOC642361	120.9802	1.1313	0.2968	1e-04	2e-04
LOC642423	14.1979	0.172	0.7326	0.7695	0.8236
LOC642441	122.9836	2.279	0.3172	0	0
LOC642648	7.8608	0.8168	0.9149	0.194	0.2626
LOC642846	102.9633	-1.9009	0.3571	0	0
LOC642852	555.1665	1.249	0.147	0	0
LOC642934	259.2414	1.3441	0.2116	0	0
LOC643072	26.3858	0.2929	0.5736	0.5618	0.6425
LOC643327	0.3338	0.1444	1.2516	0.6445	NA
LOC643770	2.0842	0.1811	1.1275	0.7301	0.7913
LOC643797	2.4621	0.0718	1.0788	0.8988	0.926
LOC644083	7.7273	2.4165	1.2953	3e-04	5e-04
LOC644172	12.2222	1.7199	0.8484	0.0067	0.0119
LOC644249	1.6834	-0.6271	1.1892	0.1913	0.2591
LOC644554	2.3579	-0.5519	1.145	0.2922	0.3738
LOC644656	73.5472	2.212	0.4054	0	0
LOC644662	0.694	-0.0095	1.231	0.9791	NA
LOC644794	22.9416	-0.7964	0.6246	0.1371	0.1933
LOC644961	195.5273	5.5818	0.4489	0	0
LOC645513	35.2995	-0.9688	0.5258	0.0404	0.064
LOC645638	1.0622	0.1019	1.2045	0.8074	NA
LOC645769	0.9053	-0.0796	1.2172	0.8394	NA
LOC645967	10.889	1.5582	0.8604	0.0141	0.024
LOC646021	10.8809	-0.2221	0.7846	0.7133	0.7766
LOC646127	0.1901	-0.0378	1.2501	0.9039	NA
LOC646214	1.5787	0.1514	1.1559	0.7585	0.8148
LOC646278	3.725	-0.0959	1.0059	0.8736	0.906
LOC646471	99.178	2.6356	0.3642	0	0
LOC646513	0.3338	0.1444	1.2516	0.6445	NA
LOC646626	0.5224	0.0569	1.2454	0.8615	NA
LOC646652	1.7483	0.1029	1.1255	0.8448	0.8849
LOC646719	848.9209	3.2172	0.1339	0	0
LOC646730	0.1898	-0.0377	1.2501	0.9042	NA
LOC646762	261.2956	-0.3779	0.2066	0.0632	0.0964
LOC646862	3.7223	1.003	1.0866	0.0928	0.1364
LOC646903	97.6594	2.524	0.3534	0	0
LOC646976	1.796	-0.3875	1.162	0.4334	0.519
LOC647859	0.9109	-0.3141	1.2192	0.4341	NA
LOC648987	37.6078	0.7888	0.505	0.0851	0.1262
LOC650368	0.3418	0.1456	1.2516	0.6419	NA
LOC652276	101.6185	0.4859	0.3376	0.1333	0.1886
LOC653160	5.7698	0.2234	0.9171	0.7191	0.7816
LOC653653	2.3097	-0.0976	1.0872	0.8614	0.8978
LOC654342	72.3903	0.605	0.3775	0.0911	0.134
LOC723805	0.3338	0.1444	1.2516	0.6445	NA
LOC727896	9.5997	1.3776	0.872	0.0299	0.0485
LOC727978	5.4165	0.4883	0.9542	0.4315	0.5174
LOC728024	24.9911	2.6472	0.696	0	0
LOC728026	1.9099	0.2923	1.1208	0.5847	0.6627
LOC728323	2.9052	-0.4571	1.0942	0.4168	0.5032
LOC728392	15.3963	-0.0703	0.6912	0.9018	0.9286
LOC728407	15.9197	-0.654	0.7018	0.2553	0.3327
LOC728554	364.4347	1.0877	0.18	0	0
LOC728613	39.4803	-0.6527	0.5071	0.1556	0.2165
LOC728715	10.1632	-1.2591	0.887	0.0473	0.0741
LOC728728	0.3313	0.1439	1.2516	0.6458	NA
LOC728743	38.4355	0.0097	0.5051	0.9831	0.9876
LOC728752	37.5092	2.5634	0.5867	0	0
LOC728769	30.7266	0.2781	0.5342	0.5615	0.6422
LOC728819	11.1251	0.8467	0.8177	0.1695	0.2331
LOC728975	21.9751	-0.3078	0.6229	0.5648	0.6448
LOC729040	9.454	1.4193	0.899	0.0265	0.0432
LOC729041	7.0586	1.0473	0.9268	0.0984	0.1438
LOC729080	0.6676	0.2404	1.2461	0.4741	NA
LOC729162	204.1548	-0.8844	0.2376	1e-04	3e-04
LOC729291	10.7487	0.8358	0.7966	0.1711	0.2351
LOC729451	0.522	0.0609	1.2455	0.8518	NA
LOC729603	12.3392	0.7052	0.7547	0.2371	0.3121
LOC729652	7.5214	1.278	0.9231	0.0455	0.0715
LOC729683	93.1129	2.0756	0.3575	0	0
LOC729732	7.0748	0.6619	0.8902	0.2901	0.3715
LOC729737	14.5371	-0.2155	1.1161	0.6881	0.7543
LOC729770	0.3326	0.1442	1.2516	0.6451	NA
LOC729870	4.6478	-0.1489	0.9711	0.8083	0.8543
LOC729887	43.4902	1.673	0.4973	2e-04	4e-04
LOC729966	0.3392	0.1456	1.2517	0.6416	NA
LOC730101	137.9952	-1.4294	0.2925	0	0
LOC730102	85.8294	0.7644	0.348	0.0216	0.0357
LOC730183	10.2897	0.1725	0.8014	0.777	0.8295
LOC730257	80.6631	2.2681	0.3884	0	0
LOC730268	32.8307	-1.4678	0.5903	0.0044	0.008
LOC730668	10.7073	1.9025	0.9145	0.0035	0.0065
LOC731656	0.6835	0.2469	1.2453	0.4657	NA
LOC80154	349.3698	0.1589	0.1879	0.3918	0.4771
LOC81691	113.7369	0.2669	0.3241	0.3922	0.4775
LOC90246	48.5132	2.7942	0.5253	0	0
LOC90784	173.712	-0.7608	0.273	0.0042	0.0076
LOC90834	40.8096	1.8061	0.5304	1e-04	3e-04
LOC91450	1.4482	-0.4485	1.2116	0.2947	0.3766
LOC92249	161.955	0.6566	0.2568	0.0088	0.0154
LOC93622	442.4946	1.5473	0.1649	0	0
LOH12CR1	66.6004	-0.3146	0.3939	0.3976	0.4831
LOH12CR2	4.43	0.8177	1.0432	0.1776	0.243
LONP1	4908.8377	0.8602	0.0621	0	0
LONP2	1509.4618	0.5549	0.0947	0	0
LONRF1	94.8803	-1.973	0.3666	0	0
LONRF2	1.0537	0.12	1.1921	0.7849	NA
LOX	67.6763	0.8822	0.3847	0.0153	0.0259
LOXL1	33.6354	0.3412	0.5185	0.466	0.5509
LOXL1-AS1	22.898	0.0862	0.6076	0.8698	0.9035
LOXL2	4936.4552	1.4265	0.0645	0	0
LOXL3	118.9199	0.4344	0.2997	0.1341	0.1896
LOXL4	33.3873	0.8818	0.5407	0.0679	0.1028
LPAL2	1.0371	0.1146	1.1931	0.7935	NA
LPAR1	24.6167	-0.4062	0.5944	0.4328	0.5187
LPAR2	122.4436	-1.6405	0.319	0	0
LPAR4	0.7842	-0.2622	1.2254	0.4956	NA
LPAR5	8.7721	-0.9149	0.8912	0.146	0.2044
LPAR6	0.1802	-0.0352	1.2501	0.9103	NA
LPCAT1	2973.0485	-0.021	0.0741	0.7764	0.8291
LPCAT2	30.979	0.45	0.6343	0.4056	0.4914
LPCAT3	306.942	0.2891	0.1943	0.1315	0.1862
LPCAT4	498.0856	0.4874	0.1547	0.0015	0.0028
LPGAT1	1724.0032	0.2305	0.0921	0.0121	0.0207
LPHN1	1075.2915	-0.1243	0.124	0.3133	0.3969
LPHN2	5270.4646	-0.7321	0.0687	0	0
LPIN1	49.8933	-3.3536	0.6307	0	0
LPIN2	812.3183	-3.1097	0.1476	0	0
LPIN3	64.3842	-2.7712	0.4819	0	0
LPP	2565.7162	0.1543	0.0801	0.0536	0.0829
LPP-AS2	94.2294	1.7539	0.3443	0	0
LPPR2	1020.7745	1.2391	0.1203	0	0
LPPR3	118.0683	1.1484	0.3144	1e-04	3e-04
LPPR5	0.3344	0.1446	1.2516	0.6441	NA
LPXN	17.366	0.154	0.664	0.782	0.8336
LRBA	1398.2818	0.734	0.0979	0	0
LRCH1	295.9516	-1.3174	0.2062	0	0
LRCH2	1.2911	-0.1931	1.198	0.6551	NA
LRCH3	214.7881	-3.2236	0.3124	0	0
LRCH4	373.0224	-1.9444	0.2001	0	0
LRFN1	62.5227	-1.0078	0.4103	0.0088	0.0155
LRFN3	635.8625	0.5735	0.1379	0	1e-04
LRFN4	700.2454	0.527	0.1304	0	1e-04
LRFN5	0.7427	-0.2467	1.2277	0.515	NA
LRG1	216.7371	1.0813	0.2295	0	0
LRIF1	207.2771	-1.8125	0.2467	0	0
LRIG1	343.7263	-0.3052	0.1821	0.0898	0.1323
LRIG2	132.737	-0.4747	0.3342	0.1389	0.1954
LRIG3	109.2543	-1.2735	0.3466	1e-04	3e-04
LRIT1	0.1804	-0.0353	1.2501	0.9101	NA
LRIT2	1.7009	0.7521	1.2036	0.1142	0.1641
LRIT3	0.3334	0.1443	1.2516	0.6447	NA
LRMP	37.4152	-1.5177	0.5405	0.0017	0.0032
LRP1	2710.8674	0.7299	0.0915	0	0
LRP10	7669.8711	1.2996	0.0613	0	0
LRP11	1917.7303	1.2662	0.0886	0	0
LRP12	444.1854	0.7529	0.1609	0	0
LRP2	0.4565	-0.1173	1.2485	0.714	NA
LRP2BP	15.2525	-0.3415	0.721	0.5578	0.6384
LRP3	1672.6414	1.2106	0.0966	0	0
LRP4	821.1645	1.1339	0.1222	0	0
LRP4-AS1	1.2123	0.3073	1.2056	0.4707	NA
LRP5	2010.7552	1.4547	0.0876	0	0
LRP5L	11.4148	-1.4248	0.8648	0.0246	0.0403
LRP6	1761.0681	-0.1273	0.0935	0.1719	0.236
LRP8	613.296	0.0692	0.1401	0.6187	0.6927
LRPAP1	4177.9923	1.1783	0.0659	0	0
LRPPRC	5373.0563	0.2775	0.0647	0	0
LRR1	363.9327	0.0939	0.1766	0.5907	0.6676
LRRC1	134.638	-2.4593	0.3273	0	0
LRRC10B	0.6836	0.247	1.2452	0.4656	NA
LRRC14	1562.0431	1.5637	0.0962	0	0
LRRC14B	3.5649	1.0771	1.1484	0.0567	0.0873
LRRC15	1.9015	0.2997	1.1181	0.5771	0.6562
LRRC16A	576.2828	-1.5475	0.1505	0	0
LRRC16B	3.0314	-0.0989	1.0445	0.8661	0.9006
LRRC17	43.4201	1.0559	0.4703	0.0146	0.0247
LRRC19	3.0927	0.4922	1.0693	0.3966	0.4821
LRRC20	158.2576	-3.2595	0.3331	0	0
LRRC23	36.1659	1.0322	0.5107	0.0254	0.0416
LRRC24	121.3598	1.5644	0.326	0	0
LRRC25	0.1805	-0.0354	1.2501	0.91	NA
LRRC26	8.1539	0.3584	0.8584	0.5632	0.6437
LRRC27	34.163	-1.3305	0.5516	0.0066	0.0118
LRRC28	119.0193	0.4889	0.3077	0.0999	0.1457
LRRC29	1.2517	-0.2135	1.1854	0.6378	NA
LRRC3	47.8336	-0.3057	0.4568	0.4693	0.5541
LRRC3-AS1	0.3418	0.1456	1.2516	0.6419	NA
LRRC31	3.5872	-0.6557	1.0621	0.2673	0.3462
LRRC32	2.7614	0.0086	1.0638	0.988	0.9912
LRRC34	0.1703	-0.0309	1.25	0.9213	NA
LRRC37A	44.4366	-0.2223	0.5379	0.6442	0.716
LRRC37A2	120.4767	-0.2667	0.2983	0.3557	0.4415
LRRC37A3	54.9826	-0.0465	0.4312	0.908	0.9333
LRRC37A4P	124.475	-0.7264	0.298	0.0118	0.0202
LRRC37A6P	5.63	-0.0593	0.9458	0.9235	0.9452
LRRC37B	31.1196	-2.7143	0.7052	0	0
LRRC37BP1	181.5167	-0.8809	0.2513	3e-04	7e-04
LRRC38	1.5794	-0.3228	1.1686	0.5036	0.5872
LRRC39	1.9834	-0.7287	1.1827	0.1438	0.2015
LRRC3DN	15.0208	-0.6424	0.7219	0.271	0.3504
LRRC4	19.4855	-0.4957	0.6536	0.3687	0.4544
LRRC40	467.021	-0.2157	0.1711	0.2027	0.2725
LRRC41	3063.2018	0.4549	0.0718	0	0
LRRC42	607.1204	-0.9515	0.1472	0	0
LRRC43	0.1854	-0.0352	1.2501	0.9104	NA
LRRC45	368.2869	-0.0803	0.1772	0.6466	0.7182
LRRC46	8.0807	0.4601	0.8579	0.4584	0.5438
LRRC47	1050.962	-1.2724	0.1173	0	0
LRRC48	5.7562	0.3873	0.9379	0.5329	0.6154
LRRC49	100.2839	-0.3706	0.3242	0.2349	0.3096
LRRC4B	1.5319	0.466	1.1814	0.3267	0.411
LRRC56	25.3409	-1.1294	0.6387	0.0378	0.0602
LRRC57	216.9923	-1.3687	0.2356	0	0
LRRC58	897.8597	-2.0032	0.1293	0	0
LRRC59	4144.649	0.4348	0.0707	0	0
LRRC6	11.4485	0.5154	0.7695	0.3909	0.4762
LRRC61	1086.8123	-0.7764	0.1091	0	0
LRRC66	0.1965	-0.0432	1.2501	0.8902	NA
LRRC7	0.3747	0.1558	1.2517	0.6194	NA
LRRC70	10.1942	1.7093	0.8916	0.008	0.014
LRRC71	0.3411	0.1454	1.2516	0.6424	NA
LRRC73	25.3177	-1.5869	0.646	0.0038	0.007
LRRC8A	1614.5377	0.5005	0.096	0	0
LRRC8B	231.8245	-2.2097	0.2423	0	0
LRRC8C	549.7383	-0.1198	0.1481	0.4147	0.501
LRRC8D	1558.2922	-0.0324	0.1017	0.7492	0.8073
LRRC8E	254.1941	-0.7419	0.2169	5e-04	0.001
LRRCC1	343.1355	0.4764	0.1911	0.0115	0.0198
LRRFIP1	3606.156	-0.2326	0.0806	0.0038	0.0069
LRRFIP2	417.9578	-1.6903	0.1772	0	0
LRRIQ1	4.4933	0.0446	0.9657	0.9421	0.9593
LRRIQ3	5.0178	0.4273	0.9569	0.4903	0.5747
LRRK1	223.7722	-0.4181	0.228	0.0617	0.0943
LRRN3	0.3608	-0.1002	1.2488	0.7529	NA
LRRN4	3.6337	0.2931	1.0256	0.6238	0.6973
LRRN4CL	1.4441	-0.2818	1.1738	0.5519	0.633
LRRTM2	1.2273	0.0397	1.1773	0.9315	NA
LRSAM1	213.7117	-0.4394	0.2314	0.0529	0.082
LRTM2	0.1804	-0.0353	1.2501	0.9101	NA
LRTOMT	208.6669	0.5177	0.2282	0.0208	0.0344
LRWD1	773.6256	-0.1904	0.1267	0.1307	0.1852
LSG1	1046.6231	0.1929	0.1121	0.084	0.1247
LSM1	806.0351	0.7159	0.124	0	0
LSM10	487.7228	-0.0142	0.155	0.9262	0.9473
LSM11	72.5721	-0.7789	0.407	0.0417	0.066
LSM12	1098.2847	-0.4823	0.1103	0	0
LSM14A	2753.5862	-0.6009	0.0774	0	0
LSM14B	692.6532	-1.8605	0.1478	0	0
LSM2	1342.8225	0.4629	0.099	0	0
LSM3	1812.2449	1.2892	0.0897	0	0
LSM4	6699.6235	1.2256	0.0581	0	0
LSM5	1034.9132	0.8096	0.1137	0	0
LSM6	345.9878	0.2032	0.1846	0.2651	0.3437
LSM7	1875.4688	1.3109	0.0867	0	0
LSM8	338.0401	-2.3974	0.2152	0	0
LSMEM1	2.3538	-0.5	1.1412	0.3404	0.4262
LSMEM2	62.0874	1.2134	1.1551	0.0344	0.0552
LSP1	2.1697	-0.0352	1.1251	0.9466	0.9624
LSR	2017.8182	0.9292	0.0873	0	0
LSS	1097.3149	0.1891	0.1104	0.0855	0.1267
LST1	9.3007	0.7699	0.8261	0.2125	0.2839
LTA	4.0772	-0.0073	0.9886	0.9905	0.993
LTA4H	943.5289	0.9758	0.1202	0	0
LTB	78.9354	1.3761	0.3771	1e-04	2e-04
LTB4R	38.4263	0.1559	0.4938	0.7292	0.7907
LTB4R2	20.8444	-0.1364	0.6329	0.8006	0.848
LTBP1	1353.9313	1.2086	0.101	0	0
LTBP2	134.5001	1.591	0.2926	0	0
LTBP3	2127.8727	1.5971	0.0874	0	0
LTBP4	2319.9787	1.4331	0.0936	0	0
LTBR	3017.5677	0.5988	0.0735	0	0
LTC4S	0.5666	-0.1443	1.2488	0.6527	NA
LTK	26.2038	0.2171	0.5686	0.6652	0.7342
LTN1	347.337	-1.029	0.1884	0	0
LTV1	610.0259	-2.2581	0.1554	0	0
LUC7L	722.4695	-1.3277	0.139	0	0
LUC7L2	1873.0008	-0.0571	0.09	0.5245	0.6073
LUC7L3	1083.1532	-3.2921	0.1371	0	0
LURAP1	11.8394	-1.7909	0.9433	0.0061	0.0109
LURAP1L	5.4345	0.7961	0.9816	0.2014	0.2711
LUZP1	2647.971	1.5041	0.0779	0	0
LUZP6	2032.3778	1.1104	0.0915	0	0
LXN	22.0772	0.19	0.6511	0.7298	0.7911
LY6D	1.3654	0.5299	1.2202	0.2104	NA
LY6E	1688.7004	1.5582	0.0943	0	0
LY6G5B	48.7516	0.2229	0.4475	0.5913	0.6681
LY6G5C	1.4454	-0.2835	1.1737	0.5496	0.631
LY6G6C	3.6083	0.5236	1.0313	0.3834	0.4682
LY6K	55.1926	1.9182	0.4589	0	0
LY75-CD302	0.5408	-0.1401	1.2488	0.662	NA
LY96	0.6756	0.2863	1.2368	0.4298	NA
LYAR	862.8425	-1.2035	0.1446	0	0
LYG1	5.1809	-0.27	0.9495	0.6625	0.732
LYG2	0.7199	-0.0137	1.2292	0.9702	NA
LYL1	44.3759	-1.859	0.5044	0	1e-04
LYN	629.3918	-0.4937	0.1439	5e-04	0.0011
LYNX1	7.2773	0.6181	0.8908	0.3227	0.407
LYPD1	22.329	-0.3905	0.6121	0.4599	0.5451
LYPD2	0.8412	0.1814	1.2235	0.6362	NA
LYPD3	3.5689	-0.0392	1.0492	0.9465	0.9623
LYPD5	0.163	-0.0275	1.25	0.9299	NA
LYPD6	723.7645	-1.9414	0.1481	0	0
LYPD6B	575.7703	-0.9439	0.147	0	0
LYPLA1	1963.8721	0.348	0.0955	3e-04	5e-04
LYPLA2	1416.0405	0.5296	0.1039	0	0
LYRM1	374.6665	0.1792	0.1734	0.2962	0.3783
LYRM2	776.2479	-0.2678	0.1349	0.0456	0.0717
LYRM4	458.4933	0.7588	0.1606	0	0
LYRM5	114.2579	0.1877	0.3123	0.5334	0.6158
LYRM7	332.1565	-1.117	0.1959	0	0
LYRM9	14.532	-0.6964	0.7242	0.2337	0.3083
LYSMD1	136.7081	0.6945	0.2783	0.0102	0.0177
LYSMD2	13.0292	-0.3963	0.7442	0.503	0.5867
LYSMD3	239.5045	-2.4074	0.247	0	0
LYSMD4	57.7477	-0.888	0.4439	0.0311	0.0502
LYST	48.5843	-1.5929	0.4934	4e-04	8e-04
LYVE1	0.3418	0.1456	1.2516	0.6419	NA
LZIC	679.1828	0.4261	0.1327	0.0012	0.0024
LZTFL1	233.7228	-0.1002	0.2173	0.6389	0.7112
LZTR1	408.9557	-0.7753	0.1772	0	0
LZTS1	47.7473	-2.1386	0.5205	0	0
LZTS2	1214.8945	-1.1089	0.1065	0	0
LZTS3	80.1311	-0.4442	0.3642	0.2002	0.2697
M1AP	132.917	-0.0828	0.2982	0.7743	0.8276
M6PR	2445.859	0.4715	0.0874	0	0
MAATS1	0.3338	0.1444	1.2516	0.6445	NA
MAB21L1	2.0639	0.466	1.1382	0.3752	0.4602
MAB21L2	1.6827	0.7619	1.2022	0.1119	0.1611
MAB21L3	21.3604	-0.4016	0.6334	0.4574	0.5428
MACC1	1.9652	-0.1929	1.1328	0.7106	0.7743
MACF1	1298.4586	-1.3158	0.1045	0	0
MACROD1	443.9383	0.9724	0.1649	0	0
MACROD2	231.9731	0.7694	0.2194	4e-04	7e-04
MAD1L1	321.5816	-1.6499	0.2033	0	0
MAD2L1	1791.5795	-0.0532	0.094	0.5705	0.6499
MAD2L1BP	612.1942	1.5524	0.1429	0	0
MAD2L2	1048.3537	0.6371	0.113	0	0
MADCAM1	0.3446	0.1465	1.2516	0.6399	NA
MADD	509.7477	-2.8902	0.1798	0	0
MAEA	1103.1902	-0.78	0.1085	0	0
MAF	11.4331	-0.2263	0.765	0.7054	0.7693
MAF1	1789.344	0.7992	0.09	0	0
MAFA	17.778	1.0693	0.678	0.0582	0.0895
MAFB	2.3448	-0.3054	1.1141	0.5725	0.6519
MAFF	467.0886	1.3952	0.1656	0	0
MAFG	1038.6868	-0.563	0.1133	0	0
MAFG-AS1	110.6549	-0.9192	0.3284	0.0036	0.0065
MAFIP	260.4199	-0.4106	0.2108	0.0478	0.0747
MAFK	854.696	1.3288	0.1207	0	0
MAG	2.2024	-0.8125	1.1787	0.1125	0.1619
MAGEA11	0.3338	0.1444	1.2516	0.6445	NA
MAGEA2B	1.5888	0.1533	1.1554	0.7559	0.8128
MAGEA8	0.5498	-0.1622	1.2415	0.6344	NA
MAGEB17	1.0561	0.1139	1.1919	0.7958	NA
MAGEC2	0.3338	0.1444	1.2516	0.6445	NA
MAGED1	3166.1702	1.1104	0.0821	0	0
MAGED2	1720.6484	1.1246	0.0945	0	0
MAGED4	288.7166	-0.5279	0.7184	0.3643	0.4503
MAGED4B	452.9179	1.1523	0.5213	0.0141	0.0239
MAGEE1	108.3247	-0.2958	0.3141	0.329	0.4135
MAGEF1	1493.7267	1.0936	0.0959	0	0
MAGI1	564.5938	-0.808	0.1511	0	0
MAGI1-IT1	1.0024	0.3843	1.2311	0.3185	NA
MAGI2	24.7811	0.1358	0.5838	0.7906	0.8402
MAGI3	265.9667	-0.6121	0.2063	0.0026	0.0048
MAGIX	22.1425	-0.4387	0.645	0.4224	0.5087
MAGOH	837.6963	0.8886	0.1206	0	0
MAGOH2	0.3651	-0.1017	1.2488	0.7494	NA
MAGOHB	428.6874	0.6719	0.1743	1e-04	2e-04
MAGT1	3079.1628	1.2401	0.0747	0	0
MAK	3.6504	-0.5062	1.067	0.3849	0.4698
MAK16	820.6367	-0.8456	0.1275	0	0
MAL	1246.0472	0.7887	0.1049	0	0
MAL2	116.156	1.089	0.3116	3e-04	6e-04
MALAT1	16334.0188	5.5828	0.0628	0	0
MALL	219.0901	0.3737	0.2311	0.0993	0.1448
MALSU1	480.6649	-1.1335	0.1606	0	0
MALT1	897.6952	-0.6822	0.1451	0	0
MAMDC2	61.8861	1.1491	0.4057	0.0026	0.0048
MAMDC2-AS1	0.5695	-0.1449	1.2489	0.6513	NA
MAMDC4	64.819	-0.953	0.4019	0.0117	0.0201
MAML1	1200.9215	-1.2022	0.1085	0	0
MAML2	825.78	0.5266	0.1286	0	1e-04
MAML3	39.5917	0.3894	0.4819	0.3776	0.4623
MAMLD1	28.8848	-1.3158	0.5975	0.0113	0.0195
MAMSTR	19.1069	-2.1427	0.8179	7e-04	0.0014
MAN1A1	4.2853	0.4749	0.9936	0.438	0.5236
MAN1A2	1804.5532	0.3839	0.0885	0	0
MAN1B1	2348.4055	1.2931	0.082	0	0
MAN1B1-AS1	33.4087	0.303	0.5307	0.5248	0.6076
MAN1C1	32.0755	0.3946	0.589	0.4432	0.5288
MAN2A1	1115.4141	1.158	0.1072	0	0
MAN2A2	1522.3974	0.2057	0.0934	0.0271	0.0441
MAN2B1	1766.6766	1.4506	0.0894	0	0
MAN2B2	824.8261	1.4381	0.1253	0	0
MAN2C1	1090.7307	1.1382	0.1117	0	0
MANBA	394.0778	1.2611	0.1767	0	0
MANBAL	374.8849	-1.2506	0.1838	0	0
MANEA	344.835	0.0438	0.1835	0.8091	0.8551
MANEA-AS1	2.2062	0.7057	1.1627	0.1731	0.2374
MANEAL	1072.1161	0.6175	0.109	0	0
MANF	1039.0462	0.8861	0.1105	0	0
MANSC1	659.8464	0.9292	0.1525	0	0
MANSC4	0.3797	-0.1048	1.2488	0.7422	NA
MAOA	89.697	0.5122	0.3385	0.1144	0.1644
MAOB	3.6709	0.1039	1.0101	0.8629	0.8986
MAP1A	529.413	-0.0314	0.1558	0.8389	0.8804
MAP1B	12.6866	-0.4777	0.7503	0.4214	0.5079
MAP1LC3A	2.6752	1.1468	1.1956	0.0326	0.0525
MAP1LC3B	1149.6433	1.2204	0.1103	0	0
MAP1LC3B2	8.9065	1.046	0.8746	0.0966	0.1414
MAP1LC3C	3.3597	0.1438	1.0239	0.8094	0.8553
MAP1S	581.9917	-3.4316	0.1817	0	0
MAP2	145.0186	-0.2623	0.2741	0.3255	0.4097
MAP2K1	1291.4988	-0.2159	0.1036	0.0364	0.0582
MAP2K2	4312.0217	0.8944	0.0695	0	0
MAP2K3	762.4193	-1.1387	0.1366	0	0
MAP2K4	347.3516	-1.6664	0.205	0	0
MAP2K4P1	0.5691	-0.1449	1.2489	0.6515	NA
MAP2K5	113.3833	-1.3307	0.3192	0	0
MAP2K6	39.7698	-0.2077	0.5204	0.6581	0.7282
MAP2K7	561.8758	-2.3339	0.161	0	0
MAP3K1	2958.3451	1.0928	0.0764	0	0
MAP3K10	176.8463	-1.176	0.2565	0	0
MAP3K11	1368.5739	-0.4747	0.102	0	0
MAP3K12	172.0329	-2.0227	0.2983	0	0
MAP3K13	4.1247	-0.5417	1.0431	0.3634	0.4496
MAP3K14	1039.1973	-3.6607	0.1464	0	0
MAP3K14-AS1	7.1377	1.0034	0.9483	0.1126	0.162
MAP3K15	182.7467	0.4954	0.2473	0.0406	0.0643
MAP3K2	413.6723	-1.5978	0.1809	0	0
MAP3K3	469.4249	-0.9644	0.1626	0	0
MAP3K4	529.2155	-1.2772	0.1546	0	0
MAP3K5	107.3668	-0.9418	0.3377	0.0036	0.0066
MAP3K6	724.976	0.4453	0.1457	0.0021	0.0039
MAP3K7	637.8082	-1.6394	0.1489	0	0
MAP3K7CL	5.3577	-1.6629	1.1812	0.0061	0.0108
MAP3K8	499.2055	1.9024	0.1589	0	0
MAP3K9	606.3608	-0.8298	0.1752	0	0
MAP4	4944.9811	0.3653	0.0648	0	0
MAP4K1	4.8011	-0.123	0.9655	0.8414	0.8823
MAP4K2	405.3014	0.9248	0.1733	0	0
MAP4K3	604.1304	-1.8748	0.1572	0	0
MAP4K4	3187.031	0.6084	0.0718	0	0
MAP4K5	1542.834	0.1265	0.0929	0.1722	0.2363
MAP6	22.4528	0.6837	0.6384	0.2082	0.279
MAP6D1	68.6124	-2.8829	0.4882	0	0
MAP7	95.7444	-0.9847	0.341	0.0026	0.0048
MAP7D1	1302.6645	-1.3252	0.108	0	0
MAP7D2	19.1068	-0.1122	0.657	0.8392	0.8806
MAP7D3	229.9548	-1.3771	0.2373	0	0
MAP9	167.0435	-0.6037	0.2607	0.0176	0.0294
MAPK1	1806.6934	-0.6676	0.0899	0	0
MAPK10	17.4811	0.3035	0.6725	0.5885	0.6657
MAPK11	196.251	0.2149	0.2416	0.3637	0.4497
MAPK12	440.51	0.5508	0.1749	0.0015	0.0028
MAPK13	26.6474	1.491	0.614	0.0049	0.0088
MAPK14	806.7421	-2.3809	0.1578	0	0
MAPK15	12.8823	-0.3928	0.7511	0.5086	0.592
MAPK1IP1L	1104.9773	-1.807	0.127	0	0
MAPK3	693.7055	1.0004	0.1314	0	0
MAPK4	0.5411	-0.1402	1.2488	0.6618	NA
MAPK6	1137.5002	-0.1739	0.1197	0.1443	0.2022
MAPK7	678.707	1.0508	0.1337	0	0
MAPK8	258.2928	-1.2842	0.2229	0	0
MAPK8IP1	1339.7613	0.8123	0.0984	0	0
MAPK8IP2	155.4585	0.2091	0.2752	0.4347	0.5204
MAPK8IP3	753.9958	0.5364	0.1346	1e-04	1e-04
MAPK9	1296.4676	0.901	0.1063	0	0
MAPKAP1	2423.6312	0.781	0.0786	0	0
MAPKAPK2	2167.5611	-0.0231	0.0838	0.7819	0.8336
MAPKAPK3	1291.9122	0.9041	0.1081	0	0
MAPKAPK5	587.8276	-0.7885	0.1453	0	0
MAPKAPK5-AS1	171.0438	0.4975	0.2551	0.0458	0.072
MAPKBP1	267.5024	-2.5498	0.2549	0	0
MAPRE1	4543.224	1.2537	0.0688	0	0
MAPRE2	758.6363	-0.4959	0.1285	1e-04	2e-04
MAPRE3	14.6516	-0.9183	0.7395	0.1206	0.1724
MAPT	14.4523	0.3161	0.7147	0.5858	0.6636
MARC1	49.6581	0.418	0.4465	0.3131	0.3967
MARC2	39.107	0.5004	0.4911	0.2642	0.3428
MARCH1	6.5969	-0.6991	0.937	0.2643	0.3429
MARCH2	158.0043	1.0434	0.2654	1e-04	1e-04
MARCH3	14.5645	-0.9016	0.7379	0.1271	0.1807
MARCH4	1.994	-0.2001	1.1319	0.7009	0.7654
MARCH5	923.0969	-0.6594	0.1185	0	0
MARCH6	1195.9064	-1.1847	0.1069	0	0
MARCH7	697.1644	-2.9446	0.1586	0	0
MARCH8	180.2265	-1.823	0.2797	0	0
MARCH9	239.0668	-0.6741	0.2212	0.0019	0.0036
MARCKS	107.564	0.6039	0.3304	0.057	0.0878
MARCKSL1	6674.6496	1.1503	0.059	0	0
MARK1	11.4453	0.1083	0.7653	0.8564	0.894
MARK2	882.5781	-2.2469	0.1336	0	0
MARK2P9	1.0719	-0.1485	1.1943	0.7339	NA
MARK3	746.207	-1.7025	0.14	0	0
MARK4	618.4356	-0.931	0.1628	0	0
MARS	4056.8188	0.8369	0.0664	0	0
MARS2	982.8458	1.9211	0.1155	0	0
MARVELD1	1602.8062	1.1512	0.0943	0	0
MARVELD2	72.3818	-2.2881	0.436	0	0
MARVELD3	3.5921	-0.2699	1.0193	0.6528	0.7237
MASP1	0.1418	-0.017	1.2498	0.9568	NA
MASP2	9.1908	-0.3099	0.838	0.6153	0.6897
MAST1	48.2296	-0.5185	0.4527	0.2161	0.2881
MAST2	1118.3692	-0.5722	0.111	0	0
MAST3	118.441	-2.5412	0.3512	0	0
MAST4	67.9262	-1.1326	0.4004	0.0026	0.0049
MASTL	416.2967	-1.1445	0.1755	0	0
MAT1A	0.6755	0.2862	1.2368	0.4298	NA
MAT2A	2168.8249	-2.6981	0.0936	0	0
MAT2B	583.9004	-0.9058	0.147	0	0
MATN1	0.1803	-0.0353	1.2501	0.9103	NA
MATN1-AS1	0.8751	-0.0705	1.2189	0.8562	NA
MATN2	639.2009	1.4283	0.1508	0	0
MATN3	733.6892	1.209	0.1299	0	0
MATN4	1.8723	0.5753	1.1722	0.2459	0.3221
MATR3	9367.8824	0.957	0.0547	0	0
MAU2	413.2927	-2.7628	0.1976	0	0
MAVS	1647.6837	-1.7345	0.0954	0	0
MAX	307.2713	-1.6018	0.22	0	0
MAZ	8670.7815	1.053	0.0535	0	0
MB	0.872	0.1874	1.2218	0.6287	NA
MB21D1	1.3131	-0.2198	1.1974	0.613	NA
MB21D2	531.5175	2.1096	0.158	0	0
MBD1	677.6045	-1.721	0.1412	0	0
MBD2	776.7587	-0.6237	0.1301	0	0
MBD3	3545.2951	-0.1668	0.0693	0.016	0.0269
MBD4	252.6144	-1.1932	0.2223	0	0
MBD5	98.8944	-0.1975	0.3388	0.5432	0.6248
MBD6	556.36	-0.9996	0.1485	0	0
MBIP	184.1017	-2.4716	0.284	0	0
MBLAC1	36.7072	1.0034	0.5127	0.0304	0.0491
MBLAC2	197.7699	-0.8776	0.2511	3e-04	7e-04
MBNL1	1302.5874	-1.0079	0.113	0	0
MBNL1-AS1	243.1002	2.724	0.2558	0	0
MBNL2	528.5865	-0.5054	0.1707	0.0028	0.0052
MBNL3	54.1285	-0.597	0.494	0.1848	0.2514
MBOAT1	490.7162	-1.0149	0.1619	0	0
MBOAT2	250.5651	0.1361	0.2252	0.5382	0.6204
MBOAT7	2731.4305	1.0834	0.0816	0	0
MBP	124.8857	-3.1379	0.3819	0	0
MBTD1	229.2779	-1.3708	0.2428	0	0
MBTPS1	3328.2038	0.9509	0.0706	0	0
MBTPS2	782.6301	-0.1414	0.1319	0.2805	0.3607
MC1R	67.3053	0.5907	0.3838	0.104	0.1509
MCAM	584.4281	1.0436	0.1471	0	0
MCAT	414.3053	-0.5967	0.1679	3e-04	7e-04
MCC	13.8667	0.7101	0.7318	0.2271	0.3007
MCCC1	377.5457	0.951	0.1736	0	0
MCCC2	2707.0784	1.1225	0.0803	0	0
MCEE	28.7184	0.4125	0.5674	0.4103	0.4964
MCF2	0.1804	-0.0353	1.2501	0.9101	NA
MCF2L	287.0331	-1.6764	0.2392	0	0
MCF2L-AS1	20.6769	0.7431	0.6316	0.1684	0.2318
MCFD2	4996.2301	0.7783	0.0656	0	0
MCIDAS	62.8424	-2.1986	0.4609	0	0
MCL1	3682.4661	-0.0094	0.0709	0.8938	0.9218
MCM10	946.6231	-1.7008	0.1209	0	0
MCM2	4165.3596	-0.1155	0.0681	0.0892	0.1317
MCM3	4675.7671	0.0489	0.0632	0.4388	0.5244
MCM3AP	1817.1792	-0.7149	0.0897	0	0
MCM3AP-AS1	22.1892	-0.6676	0.6199	0.2103	0.2813
MCM4	7752.5515	0.4854	0.0545	0	0
MCM5	2825.1996	0.086	0.0743	0.2464	0.3226
MCM6	2802.3236	0.2571	0.0739	5e-04	0.001
MCM7	11850.4902	0.6018	0.0519	0	0
MCM8	993.1984	0.1875	0.1212	0.1199	0.1715
MCM9	211.5356	-1.0066	0.2447	0	1e-04
MCMBP	1883.5815	-0.6729	0.0884	0	0
MCMDC2	3.6237	0.5374	1.0263	0.3728	0.4578
MCOLN1	261.9932	-0.2687	0.206	0.1854	0.2522
MCOLN2	0.3702	-0.1025	1.2488	0.7475	NA
MCOLN3	1.0427	0.1242	1.1798	0.7869	NA
MCPH1	447.991	0.7026	0.1608	0	0
MCRS1	1439.9814	0.2669	0.0976	0.0061	0.0108
MCTP1	1.3157	-0.4956	1.2012	0.2702	NA
MCTP2	0.3318	-0.0901	1.2488	0.777	NA
MCTS1	573.8727	0.7483	0.151	0	0
MCU	1873.6694	0.1353	0.0942	0.1498	0.2091
MCUR1	787.769	0.5062	0.1256	1e-04	1e-04
MDC1	2187.6964	-0.1389	0.0873	0.1105	0.1595
MDFI	1.2628	-0.2169	1.1825	0.6358	NA
MDFIC	339.6163	0.1809	0.1858	0.3241	0.4084
MDGA1	7.8256	0.0127	0.8744	0.9836	0.988
MDH1	3263.024	0.972	0.0747	0	0
MDH1B	12.2659	0.937	0.783	0.1228	0.1753
MDH2	6422.5015	1.2064	0.0641	0	0
MDK	19949.5467	1.6758	0.0538	0	0
MDM1	89.0058	-1.6244	0.3672	0	0
MDM2	1192.5763	-1.0982	0.1258	0	0
MDM4	470.9563	-0.4434	0.1804	0.0129	0.022
MDN1	1079.7025	-0.497	0.1117	0	0
MDP1	70.9858	0.1583	0.3899	0.6675	0.7364
ME1	1.2358	-0.1816	1.2003	0.6713	NA
ME2	1750.0849	0.5882	0.1001	0	0
ME3	93.4698	1.335	0.358	1e-04	2e-04
MEA1	1981.2527	1.1719	0.0854	0	0
MEAF6	489.9894	-1.3416	0.1665	0	0
MECOM	1531.6302	-1.3112	0.1	0	0
MECP2	904.8988	0.6769	0.1262	0	0
MECR	403.807	0.9892	0.1723	0	0
MED1	1194.011	-1.0653	0.1108	0	0
MED10	180.1121	-2.0092	0.2737	0	0
MED11	173.1482	0.3179	0.2574	0.2059	0.2763
MED12	546.2809	-0.7179	0.1624	0	0
MED12L	45.7313	-0.1211	0.4579	0.7748	0.828
MED13	982.3802	-1.2618	0.1184	0	0
MED13L	675.2022	-1.4848	0.1605	0	0
MED14	1546.9812	-0.8438	0.0976	0	0
MED15	479.3499	-2.3272	0.1737	0	0
MED16	1319.1013	0.6213	0.1004	0	0
MED17	338.1919	-1.7278	0.2001	0	0
MED18	181.6115	-1.0514	0.2525	0	0
MED19	203.3959	-0.9207	0.2442	1e-04	2e-04
MED20	446.9962	-0.2526	0.1648	0.1218	0.174
MED21	229.6976	-1.7819	0.2364	0	0
MED22	922.894	-1.0292	0.1197	0	0
MED23	279.9716	-1.6484	0.2148	0	0
MED24	2076.1042	1.0504	0.0841	0	0
MED25	1351.3971	0.3864	0.1016	1e-04	3e-04
MED26	864.455	2.2962	0.1308	0	0
MED27	317.6416	-1.0266	0.2021	0	0
MED28	784.9104	0.4154	0.1243	8e-04	0.0015
MED29	706.076	-1.5933	0.1392	0	0
MED30	185.8929	0.3328	0.2577	0.1859	0.2527
MED31	76.9794	-1.1399	0.3835	0.0017	0.0032
MED4	504.9057	-2.228	0.1678	0	0
MED4-AS1	0.6927	-0.0104	1.231	0.9771	NA
MED6	321.7779	-1.3648	0.195	0	0
MED7	205.4758	1.2628	0.2344	0	0
MED8	338.0415	-1.8157	0.1973	0	0
MED9	232.6674	-0.4539	0.2202	0.0359	0.0574
MEF2A	450.5438	-1.7337	0.1766	0	0
MEF2B	29.3552	-0.0214	0.5525	0.9653	0.9744
MEF2BNB	285.7438	0.1359	0.1967	0.4837	0.5685
MEF2BNB-MEF2B	39.1206	0.7325	0.539	0.1286	0.1826
MEF2C	162.7308	-1.1349	0.2681	0	0
MEF2D	274.8082	-2.2684	0.2429	0	0
MEGF11	9.1274	0.9797	0.8576	0.1176	0.1684
MEGF6	360.4248	0.6987	0.1855	1e-04	3e-04
MEGF8	2372.263	1.1438	0.0816	0	0
MEGF9	911.6957	-0.6418	0.1188	0	0
MEIG1	0.3555	-0.0985	1.2488	0.7571	NA
MEIS1	28.0358	-2.5915	0.7399	0	0
MEIS1-AS3	0.1804	-0.0353	1.2501	0.9101	NA
MEIS2	221.2373	-2.0441	0.2457	0	0
MEIS3	4.4784	1.1243	1.0682	0.0662	0.1005
MEIS3P1	70.4216	0.0433	0.3761	0.9035	0.9295
MELK	1125.6162	-1.055	0.1166	0	0
MEMO1	903.1922	0.2471	0.1185	0.0362	0.0578
MEN1	759.3051	-0.3513	0.1282	0.0058	0.0104
MEOX1	172.8101	-2.104	0.2876	0	0
MEPCE	1272.656	-0.1729	0.1046	0.0972	0.1422
MERTK	263.4564	-1.1845	0.2227	0	0
MESDC1	2421.1546	1.4692	0.0804	0	0
MESDC2	2118.9221	1.062	0.0828	0	0
MESP1	15.622	-1.9038	0.8329	0.0026	0.0049
MESP2	0.3792	-0.1046	1.2488	0.7426	NA
MEST	37.7002	1.1128	0.5051	0.0151	0.0255
MESTIT1	0.3336	0.1444	1.2516	0.6446	NA
MET	2121.4955	0.064	0.0907	0.4787	0.5638
METAP1	1003.3512	-0.7919	0.1183	0	0
METAP1D	58.3421	-0.7015	0.424	0.0767	0.115
METAP2	2388.6075	-0.0647	0.0855	0.4477	0.5335
METRN	724.1448	1.6548	0.132	0	0
METRNL	14.5017	-1.6042	0.8266	0.0105	0.0181
METTL1	241.1516	-1.7847	0.2301	0	0
METTL10	170.5973	-0.3236	0.2555	0.1947	0.2633
METTL12	91.2333	1.3428	0.3579	1e-04	2e-04
METTL13	797.433	-1.5559	0.1293	0	0
METTL14	195.7635	-1.4191	0.2497	0	0
METTL15	161.3225	-1.2228	0.3095	0	1e-04
METTL16	1265.5079	-0.1374	0.1024	0.1778	0.2432
METTL17	604.706	-0.0111	0.1402	0.9364	0.955
METTL18	56.9582	-0.3128	0.424	0.4301	0.516
METTL20	11.9986	-1.1564	0.8376	0.0639	0.0973
METTL21A	382.3234	-0.4385	0.1768	0.0121	0.0208
METTL21B	67.7535	-2.5686	0.4614	0	0
METTL21C	0.3435	0.1461	1.2516	0.6407	NA
METTL22	119.1235	-0.1804	0.3034	0.5386	0.6206
METTL23	209.3238	-1.1145	0.2438	0	0
METTL24	2.4519	0.0745	1.0773	0.8953	0.923
METTL25	56.5933	-0.1525	0.4263	0.7019	0.7661
METTL2A	221.1029	-1.9969	0.2439	0	0
METTL2B	296.5251	-1.4223	0.2114	0	0
METTL3	334.7961	-1.7808	0.2019	0	0
METTL4	169.6542	-1.0176	0.2604	1e-04	1e-04
METTL5	389.9521	-0.7922	0.189	0	0
METTL6	157.9804	-0.7279	0.2652	0.0049	0.0088
METTL7A	61.7205	-0.4366	0.4158	0.2627	0.3411
METTL7B	41.0726	0.7964	0.4801	0.0701	0.1061
METTL8	190.2298	-1.3976	0.2831	0	0
METTL9	2074.0589	1.2004	0.0905	0	0
MEX3A	1785.5754	1.4355	0.0903	0	0
MEX3B	97.6794	-0.3298	0.3317	0.3006	0.3829
MEX3C	1668.6672	1.0022	0.0928	0	0
MEX3D	2864.9611	0.4675	0.0746	0	0
MFAP1	1099.2682	0.3987	0.1091	2e-04	5e-04
MFAP2	1733.2661	1.3261	0.1061	0	0
MFAP3	601.1738	-1.4718	0.1495	0	0
MFAP3L	232.5178	-2.6044	0.2545	0	0
MFAP4	3.2303	0.9909	1.1496	0.0748	0.1124
MFAP5	1182.3634	1.369	0.105	0	0
MFF	471.6384	-0.7083	0.1597	0	0
MFGE8	3223.4005	1.6979	0.0715	0	0
MFHAS1	4189.9543	1.5	0.0662	0	0
MFI2	42.8695	1.0206	0.4733	0.0188	0.0313
MFI2-AS1	15.4606	0.2578	0.6984	0.6528	0.7237
MFN1	647.2172	-0.3386	0.1361	0.0122	0.021
MFN2	2710.1318	-0.2571	0.0795	0.0012	0.0023
MFSD1	588.9769	1.2483	0.1433	0	0
MFSD10	1738.1369	1.3991	0.0902	0	0
MFSD11	397.317	1.2404	0.176	0	0
MFSD12	1816.2776	0.8488	0.0906	0	0
MFSD2A	50.7775	-3.1763	0.6172	0	0
MFSD2B	0.1804	-0.0353	1.2501	0.9101	NA
MFSD3	503.6789	0.863	0.1572	0	0
MFSD4	3.2774	-0.7764	1.1294	0.1611	0.2229
MFSD5	432.6539	-0.1842	0.1688	0.2703	0.3494
MFSD6	514.379	-0.9961	0.1581	0	0
MFSD7	5.1723	0.5214	0.9493	0.4018	0.4876
MFSD8	187.8811	-0.5224	0.2439	0.0286	0.0465
MFSD9	119.4926	-1.8288	0.3278	0	0
MGA	633.6931	-1.7934	0.1451	0	0
MGAT1	4472.3808	1.0347	0.0773	0	0
MGAT2	3220.4258	1.6265	0.0781	0	0
MGAT3	3912.7074	-0.7065	0.0668	0	0
MGAT4A	103.7044	-0.9934	0.3351	0.002	0.0038
MGAT4B	5821.4932	1.254	0.0613	0	0
MGAT5	1357.8274	0.0345	0.1089	0.7503	0.8081
MGAT5B	376.8092	1.1046	0.1754	0	0
MGC12916	9.9486	1.4163	0.8723	0.0258	0.0421
MGC15885	0.3701	-0.1025	1.2488	0.7477	NA
MGC16025	5.908	1.5569	1.1478	0.0107	0.0185
MGC16142	7.3482	-0.9903	0.9472	0.1172	0.168
MGC16275	20.7028	1.8219	0.688	0.0014	0.0028
MGC27345	88.5835	-2.9926	0.4369	0	0
MGC39372	3.9159	-0.3331	1.0116	0.5812	0.6599
MGC45922	1.2896	-0.4771	1.2008	0.2872	NA
MGC57346	86.2759	-3.0029	0.4388	0	0
MGC70870	58.7749	-0.6926	0.4158	0.0755	0.1133
MGC72080	162.2161	1.3455	0.2695	0	0
MGEA5	1048.0753	-1.0789	0.1124	0	0
MGLL	141.2553	0.261	0.2789	0.3357	0.4209
MGME1	524.161	-0.5467	0.1559	4e-04	8e-04
MGMT	698.4458	1.2886	0.1374	0	0
MGP	85.4298	1.4338	0.3528	0	0
MGRN1	1095.7245	-0.8087	0.1175	0	0
MGST1	609.5802	1.2731	0.1486	0	0
MGST2	417.2645	0.8422	0.1659	0	0
MGST3	430.5527	1.3147	0.169	0	0
MIA	2.8146	0.8726	1.1535	0.1074	0.1554
MIA3	389.4722	-1.7952	0.1959	0	0
MIAT	2.7264	1.112	1.1992	0.0356	0.057
MIB1	1181.1969	-0.8122	0.1059	0	0
MIB2	580.7967	-0.0247	0.1439	0.8628	0.8986
MICA	418.2121	0.2689	0.1716	0.1133	0.163
MICAL1	296.6341	0.2951	0.1954	0.1257	0.179
MICAL2	1731.087	-0.1036	0.0968	0.2828	0.3633
MICAL3	1013.5128	-1.8826	0.1209	0	0
MICALCL	6.6353	-0.5242	0.9574	0.3985	0.484
MICALL1	2064.3471	-0.0456	0.0924	0.6204	0.6944
MICALL2	31.2998	-0.6677	0.5615	0.1791	0.2447
MICB	954.9984	0.0585	0.1209	0.6264	0.6998
MICU1	1614.7533	0.8777	0.095	0	0
MICU2	837.459	0.8568	0.1238	0	0
MICU3	29.2755	0.5662	0.5814	0.2667	0.3456
MID1	636.6046	-0.0583	0.1457	0.6869	0.7534
MID1-2	4.6452	-0.2548	0.9779	0.6775	0.7456
MID1IP1	450.4288	0.8191	0.1778	0	0
MID2	57.8989	-0.8779	0.4249	0.027	0.0439
MIDN	4191.8884	1.6163	0.0678	0	0
MIEF1	3267.9792	1.2245	0.074	0	0
MIEF2	116.6409	-2.1273	0.3418	0	0
MIEN1	783.1462	1.0505	0.1305	0	0
MIER1	576.6805	-1.0939	0.1581	0	0
MIER2	276.8932	-2.4995	0.2289	0	0
MIER3	667.0733	-0.5588	0.1426	1e-04	2e-04
MIF	13817.8396	1.6693	0.0494	0	0
MIF4GD	302.4807	1.1221	0.2015	0	0
MIIP	300.3382	-1.8147	0.2135	0	0
MINA	541.0166	-1.364	0.1579	0	0
MINK1	1035.9489	-1.5154	0.1188	0	0
MINOS1	2044.774	1.1144	0.0868	0	0
MINOS1-NBL1	4.9984	0.0623	1.2423	0.8524	0.8914
MINOS1P1	0.3326	0.1442	1.2516	0.6451	NA
MINPP1	436.6515	-0.3683	0.1628	0.0224	0.0369
MIOS	219.1844	-1.9111	0.2753	0	0
MIP	2.3291	-0.31	1.115	0.5663	0.6462
MIPEP	658.8378	1.0942	0.1366	0	0
MIPEPP3	28.2691	-2.5728	0.7376	0	0
MIPOL1	75.0173	-1.0898	0.3923	0.0032	0.006
MIR137HG	2.1475	-0.2745	1.1077	0.615	0.6894
MIR143HG	3.7255	-0.1394	1.0143	0.8164	0.8609
MIR155HG	3.0815	0.4811	1.0817	0.4007	0.4863
MIR17HG	32.0522	0.0674	0.5326	0.8878	0.9167
MIR181A2HG	4.1671	0.1301	0.9974	0.8301	0.8728
MIR210HG	19.8882	-1.1154	0.6696	0.0465	0.073
MIR22HG	141.4204	0.7308	0.2796	0.0071	0.0126
MIR3648	1.591	-0.0827	1.1363	0.8723	0.9051
MIR4435-1HG	249.4608	0.502	0.2174	0.0188	0.0313
MIR4458HG	140.6653	2.4204	0.3238	0	0
MIR497HG	2.0426	0.4727	1.1396	0.3675	0.4534
MIR503HG	0.364	-0.1013	1.2488	0.7503	NA
MIR600HG	111.6664	-0.3667	0.3082	0.2179	0.2901
MIR647	0.3338	0.1444	1.2516	0.6445	NA
MIR6723	0.8797	0.1901	1.2213	0.6246	NA
MIR8075	0.513	0.0582	1.2461	0.8576	NA
MIRLET7BHG	41.4366	0.1836	0.4865	0.6799	0.7473
MIRLET7DHG	2.2712	0.146	1.086	0.7945	0.8431
MIS12	479.0083	1.2972	0.1605	0	0
MIS18A	823.3662	0.306	0.1242	0.0133	0.0226
MIS18BP1	285.0106	-2.6433	0.2294	0	0
MISP	1169.0876	0.6291	0.1042	0	0
MITD1	182.0165	-0.1012	0.2448	0.6728	0.7412
MITF	438.6284	0.1148	0.1615	0.4731	0.5581
MIXL1	4.6709	-1.4809	1.1717	0.0123	0.021
MKI67	6887.3672	-0.2062	0.0718	0.004	0.0073
MKKS	811.9937	0.0874	0.1308	0.5011	0.5848
MKL1	677.3476	-2.6969	0.1527	0	0
MKL2	356.2238	-2.9797	0.2339	0	0
MKLN1	652.6837	-1.9717	0.1479	0	0
MKLN1-AS	21.4527	1.5049	0.6708	0.0074	0.013
MKNK1	186.7632	-0.9446	0.2662	3e-04	6e-04
MKNK1-AS1	1.0444	0.1086	1.2056	0.794	NA
MKNK2	2090.031	-0.5636	0.0879	0	0
MKRN1	562.2262	-0.9693	0.156	0	0
MKRN2	402.264	-1.8145	0.1974	0	0
MKRN3	4.7563	1.2051	1.0816	0.0487	0.0761
MKS1	75.4113	-1.1637	0.3856	0.0014	0.0027
MKX	0.1898	-0.0377	1.2501	0.9042	NA
MLANA	0.6593	-0.2158	1.2344	0.5508	NA
MLEC	11823.0622	1.1635	0.0499	0	0
MLF2	7576.7143	0.8956	0.0597	0	0
MLH1	0.1898	-0.0377	1.2501	0.9042	NA
MLH3	233.2141	-2.4245	0.2569	0	0
MLK7-AS1	1.0176	0.4551	1.2203	0.2715	NA
MLKL	58.0871	-1.0999	0.43	0.0061	0.0108
MLLT1	1791.9346	-0.8977	0.0899	0	0
MLLT10	275.0877	-0.4238	0.2231	0.0531	0.0824
MLLT10P1	0.6518	0.233	1.2469	0.4842	NA
MLLT11	99.692	0.2709	0.3314	0.3948	0.4802
MLLT3	85.189	-1.2088	0.3612	4e-04	9e-04
MLLT4	1556.7028	-0.4617	0.0935	0	0
MLLT4-AS1	6.8125	0.5748	0.9114	0.3577	0.4437
MLLT6	1238.5539	-0.1124	0.103	0.2736	0.3532
MLNR	2.1652	-0.4966	1.1504	0.3347	0.4197
MLST8	1544.8521	0.7007	0.093	0	0
MLX	447.4889	-1.9067	0.1777	0	0
MLXIP	1079.828	-0.6975	0.1124	0	0
MLXIPL	4.3805	-0.2863	1.0201	0.6331	0.7059
MLYCD	84.2018	-2.7551	0.4259	0	0
MMAA	26.0008	-2.6734	0.78	0	0
MMAB	375.8425	0.7751	0.1753	0	0
MMACHC	236.7708	-0.2197	0.2384	0.3469	0.4326
MMADHC	1537.6696	-0.1532	0.0987	0.1192	0.1706
MMD	206.6297	-0.7778	0.236	8e-04	0.0015
MME	320.0311	1.5112	0.1899	0	0
MMEL1	95.8377	-1.0022	0.3372	0.0019	0.0036
MMGT1	619.8439	-0.184	0.1387	0.1818	0.2479
MMP1	27.0112	1.488	0.5952	0.0041	0.0075
MMP10	1.3423	0.6037	1.2103	0.1779	NA
MMP11	120.7408	0.8977	0.3251	0.0041	0.0074
MMP14	6433.1122	1.3131	0.0585	0	0
MMP15	1794.6451	1.0664	0.1061	0	0
MMP16	334.7322	0.8028	0.1899	0	0
MMP17	5.1512	0.0587	0.962	0.924	0.9456
MMP19	4.3393	0.2692	0.993	0.6584	0.7284
MMP2	126.6216	1.63	0.3002	0	0
MMP23B	5.526	-0.1223	0.9355	0.8435	0.884
MMP24	944.2079	1.3319	0.1252	0	0
MMP24-AS1	417.8546	1.3269	0.1875	0	0
MMP25	3.3607	1.368	1.1996	0.015	0.0254
MMP28	202.5768	0.7035	0.2419	0.003	0.0055
MMP7	5.804	1.2056	0.9891	0.0577	0.0887
MMP9	2.8634	0.8846	1.1554	0.1023	0.1487
MMRN2	539.7319	0.8724	0.1836	0	0
MMS19	1004.2061	0.2591	0.1117	0.0198	0.0329
MMS22L	464.4004	-1.1539	0.1717	0	0
MN1	10.1358	-0.104	0.8044	0.8644	0.8997
MNAT1	333.7549	-0.6813	0.2019	6e-04	0.0012
MND1	203.9981	-2.3288	0.2618	0	0
MNS1	51.9018	-0.8338	0.4524	0.0464	0.0728
MNT	293.9489	0.3614	0.2063	0.0752	0.1129
MNX1	312.9934	-0.4831	0.1918	0.0107	0.0185
MNX1-AS1	24.9664	-0.9478	0.6067	0.0711	0.1074
MOAP1	799.7679	0.9586	0.124	0	0
MOB1A	661.846	-0.2434	0.1357	0.071	0.1072
MOB1B	240.8126	-2.8483	0.2679	0	0
MOB2	107.0725	-2.4422	0.366	0	0
MOB3A	405.449	-2.4896	0.1949	0	0
MOB3B	649.6666	0.2997	0.1348	0.0253	0.0414
MOB3C	20.9875	-1.2261	0.7112	0.0348	0.0557
MOB4	699.215	-0.4654	0.1355	5e-04	0.0011
MOBP	0.2875	0.132	1.2512	0.6736	NA
MOCOS	249.6433	0.208	0.2127	0.3203	0.4045
MOCS1	102.7299	-1.642	0.3433	0	0
MOCS2	343.4253	0.1929	0.1806	0.2799	0.3601
MOCS3	1127.7164	2.9984	0.1187	0	0
MOGAT3	0.1859	-0.0376	1.2501	0.9043	NA
MOGS	2191.3141	0.6401	0.0833	0	0
MOK	66.2377	0.5115	0.3963	0.1712	0.2352
MON1A	151.4612	-1.318	0.2807	0	0
MON1B	294.2323	-0.776	0.201	1e-04	2e-04
MON2	480.207	-0.7034	0.1589	0	0
MORC1	1.3707	0.2327	1.1737	0.6217	NA
MORC2	717.1009	-1.0701	0.1332	0	0
MORC2-AS1	9.0076	0.8846	0.8521	0.1562	0.2171
MORC3	229.7373	-1.8333	0.2373	0	0
MORC4	341.2107	0.7481	0.1816	0	1e-04
MORF4L1	6127.0612	0.7145	0.0594	0	0
MORF4L2	4109.1889	0.3303	0.0651	0	0
MORF4L2-AS1	5.1133	-0.0958	0.9468	0.8768	0.9082
MORN1	40.7443	0.8761	0.4878	0.0492	0.0767
MORN2	82.6855	1.1975	0.3578	4e-04	9e-04
MORN3	2.4516	0.3128	1.0907	0.5768	0.656
MORN4	35.7062	-2.2297	0.6353	0	1e-04
MOSPD1	46.8189	-2.5561	0.5568	0	0
MOSPD2	90.0456	-1.6144	0.3835	0	0
MOSPD3	329.0133	0.9486	0.1947	0	0
MOV10	1313.4466	0.1557	0.1078	0.1471	0.2058
MOXD1	404.442	1.2787	0.2002	0	0
MPC1	437.2172	0.9665	0.1679	0	0
MPC1L	0.3302	0.1436	1.2516	0.6464	NA
MPC2	914.7789	0.9276	0.1178	0	0
MPDU1	1510.5865	1.1538	0.0958	0	0
MPDZ	429.8879	-0.5578	0.1652	6e-04	0.0013
MPG	1148.871	0.8687	0.1074	0	0
MPHOSPH10	435.9709	-2.241	0.1803	0	0
MPHOSPH6	283.7975	-0.985	0.2323	0	0
MPHOSPH8	680.6565	0.6167	0.1432	0	0
MPHOSPH9	458.1376	-1.6956	0.1723	0	0
MPI	639.4731	0.5827	0.1357	0	0
MPL	1.4525	-0.5217	1.1988	0.2523	0.3294
MPLKIP	428.228	0.4943	0.1706	0.0034	0.0063
MPND	356.9826	1.0203	0.1788	0	0
MPP1	14.1939	0.2566	0.7125	0.6577	0.7279
MPP2	238.0681	0.0483	0.2214	0.8243	0.8678
MPP3	30.5394	0.2065	0.5707	0.6814	0.7485
MPP5	463.3574	-2.0538	0.1782	0	0
MPP6	276.6669	-1.0295	0.2138	0	0
MPP7	9.6298	-0.3246	0.8083	0.5952	0.6718
MPPE1	177.5619	0.3221	0.2485	0.185	0.2517
MPPED2	7.3205	-0.5921	0.9023	0.3436	0.4293
MPRIP	7983.1799	0.8789	0.058	0	0
MPST	1912.9205	0.7563	0.0854	0	0
MPV17	718.3132	1.389	0.1366	0	0
MPV17L2	235.2636	-0.7173	0.2216	0.001	0.0019
MPZ	7.7843	0.6144	0.8678	0.3241	0.4084
MPZL1	2459.1277	0.1876	0.0797	0.0183	0.0305
MPZL2	3.2621	-0.4467	1.0822	0.4339	0.5195
MPZL3	18.7643	-0.3536	0.739	0.5487	0.6302
MR1	24.3288	1.3404	0.6242	0.0123	0.0211
MRAP	0.1898	-0.0377	1.2501	0.9042	NA
MRAP2	18.8657	0.3762	0.6533	0.4949	0.5793
MRAS	726.891	-1.0097	0.132	0	0
MRC2	1480.3062	1.3657	0.1154	0	0
MRE11A	496.5744	0.2331	0.1553	0.1301	0.1845
MREG	146.7033	-0.5633	0.2752	0.0354	0.0566
MRFAP1	12001.1959	1.377	0.05	0	0
MRFAP1L1	680.2509	0.2752	0.1379	0.0445	0.07
MRGBP	484.4941	-0.6175	0.168	2e-04	4e-04
MRGPRF	32.2816	-0.9739	0.5936	0.0597	0.0916
MRI1	534.0187	-0.1279	0.1546	0.404	0.49
MRM1	123.0392	-1.8278	0.3329	0	0
MROH1	369.2654	0.9773	0.1915	0	0
MROH2A	1.0251	0.3931	1.2303	0.3108	NA
MROH6	24.8134	0.435	0.6168	0.4128	0.499
MROH7-TTC4	1.6417	-0.6047	1.1913	0.2027	0.2725
MROH8	16.2013	-0.5855	0.6917	0.3045	0.3867
MRP63	1647.9673	1.1712	0.0992	0	0
MRPL1	352.595	-0.4439	0.1863	0.0158	0.0267
MRPL10	453.6542	-0.5563	0.1611	5e-04	0.001
MRPL11	1993.7185	1.3878	0.0869	0	0
MRPL12	4260.4969	0.8273	0.0658	0	0
MRPL13	700.6006	0.6114	0.1302	0	0
MRPL14	761.3581	0.0745	0.1284	0.5594	0.6401
MRPL15	1038.0014	-0.5795	0.1133	0	0
MRPL16	831.7614	0.0513	0.1246	0.6786	0.7465
MRPL17	791.7647	-0.1896	0.1242	0.1247	0.1777
MRPL18	1167.8526	-0.2079	0.1091	0.0558	0.086
MRPL19	2000.9662	0.897	0.0867	0	0
MRPL2	345.5265	-1.1406	0.1887	0	0
MRPL20	2198.7528	1.0865	0.0864	0	0
MRPL21	806.4882	0.3594	0.1314	0.0059	0.0106
MRPL22	428.0235	-0.1712	0.1638	0.2915	0.373
MRPL23	1412.8034	1.3383	0.1001	0	0
MRPL23-AS1	0.3418	0.1456	1.2516	0.6419	NA
MRPL24	1615.8482	1.3044	0.0917	0	0
MRPL27	725.4212	0.3569	0.1333	0.0071	0.0125
MRPL28	1640.4349	0.6744	0.0981	0	0
MRPL3	2801.0486	0.2336	0.0792	0.0031	0.0058
MRPL30	571.1963	-0.9428	0.1557	0	0
MRPL32	454.2932	-0.2038	0.1638	0.2092	0.28
MRPL33	634.7104	1.1695	0.1377	0	0
MRPL34	729.7696	0.1172	0.1317	0.3703	0.4557
MRPL35	610.714	-0.5983	0.1662	3e-04	6e-04
MRPL36	635.8626	1.2412	0.153	0	0
MRPL37	4175.1727	0.7834	0.0663	0	0
MRPL38	1155.5449	-0.3267	0.1102	0.0029	0.0054
MRPL39	290.9285	-1.0434	0.2019	0	0
MRPL4	2594.3511	0.8395	0.0813	0	0
MRPL40	643.7356	1.1675	0.1375	0	0
MRPL41	1565.4268	1.165	0.0935	0	0
MRPL42	1205.4086	0.7074	0.1046	0	0
MRPL43	1200.5492	0.8215	0.108	0	0
MRPL44	613.1609	0.7763	0.1418	0	0
MRPL45	742.6291	-0.3825	0.1287	0.0028	0.0052
MRPL45P2	15.6146	-0.6072	0.7152	0.2958	0.3778
MRPL46	195.2691	-1.7848	0.2571	0	0
MRPL47	604.9579	0.4407	0.143	0.0019	0.0036
MRPL48	524.0968	1.0242	0.1557	0	0
MRPL49	770.5397	-1.734	0.1354	0	0
MRPL50	812.231	1.4457	0.1249	0	0
MRPL51	3190.48	1.3052	0.0736	0	0
MRPL52	1429.5036	1.0858	0.0993	0	0
MRPL53	937.4991	1.3081	0.1155	0	0
MRPL54	640.3627	1.2062	0.1387	0	0
MRPL55	415.7888	0.2655	0.1723	0.1194	0.1708
MRPL9	1146.3807	0.2062	0.1107	0.0613	0.0938
MRPS10	468.6386	-1.3017	0.1678	0	0
MRPS11	600.6599	0.4412	0.1459	0.0023	0.0043
MRPS12	1048.218	-0.0118	0.1096	0.914	0.9377
MRPS14	422.0949	0.7663	0.1814	0	0
MRPS15	1555.1862	0.9976	0.0965	0	0
MRPS16	2163.8657	0.23	0.0811	0.0045	0.0081
MRPS17	347.694	0.2418	0.1843	0.1841	0.2507
MRPS18A	442.1269	-0.8438	0.1642	0	0
MRPS18B	1267.1422	0.3422	0.1015	7e-04	0.0014
MRPS18C	354.5361	-0.0682	0.1926	0.7197	0.782
MRPS2	1692.4585	0.4617	0.0893	0	0
MRPS21	495.9759	1.0514	0.1627	0	0
MRPS22	275.5582	-1.2402	0.2156	0	0
MRPS23	869.9915	-0.2209	0.119	0.062	0.0947
MRPS24	1660.544	1.1314	0.0908	0	0
MRPS25	1051.2624	1.1481	0.1096	0	0
MRPS26	851.1375	-1.1207	0.1295	0	0
MRPS27	976.8981	-0.9681	0.115	0	0
MRPS28	352.6094	0.7974	0.1825	0	0
MRPS30	617.6873	0.3457	0.1389	0.0122	0.0209
MRPS31	133.1943	-2.1849	0.3161	0	0
MRPS31P5	33.9625	0.0225	0.5141	0.9613	0.9718
MRPS33	598.8765	0.9482	0.1492	0	0
MRPS34	3327.0591	1.0146	0.0702	0	0
MRPS35	1062.7065	0.0706	0.1142	0.5346	0.617
MRPS36	178.5363	0.4689	0.2628	0.0673	0.102
MRPS5	988.1283	0.22	0.1178	0.0605	0.0927
MRPS6	1123.3704	0.5195	0.1084	0	0
MRPS7	1583.5157	0.7495	0.0942	0	0
MRPS9	525.8533	-0.5665	0.1501	1e-04	3e-04
MRRF	616.6825	0.3934	0.148	0.0074	0.013
MRS2	1002.9256	0.2797	0.1132	0.0131	0.0223
MRS2P2	0.5138	0.0591	1.2461	0.8554	NA
MRTO4	2731.62	0.1041	0.082	0.2033	0.2731
MRVI1	0.6955	-0.0141	1.2308	0.969	NA
MS4A12	0.1804	-0.0353	1.2501	0.9101	NA
MSANTD1	0.3338	0.1444	1.2516	0.6445	NA
MSANTD2	130.1713	-1.0072	0.3408	0.002	0.0038
MSANTD3	359.6273	0.3598	0.1924	0.0581	0.0893
MSANTD3-TMEFF1	181.2007	0.3251	0.2492	0.1821	0.2482
MSANTD4	558.5769	1.0332	0.1488	0	0
MSH2	2090.9021	-0.2613	0.0832	0.0016	0.0031
MSH3	408.851	-0.1366	0.1709	0.4194	0.5059
MSH4	2.8501	-0.2516	1.0643	0.6627	0.732
MSH5	75.6253	0.4061	0.3791	0.2586	0.3364
MSH5-SAPCD1	18.5483	-1.0779	0.7008	0.0611	0.0935
MSH6	1852.2001	-1.6862	0.0929	0	0
MSI1	57.2705	-1.4886	0.4504	4e-04	7e-04
MSI2	956.269	-0.4627	0.1229	2e-04	3e-04
MSL1	2498.2407	0.5055	0.0768	0	0
MSL2	2251.9589	2.6326	0.0858	0	0
MSL3	446.9811	0.6622	0.1633	0	1e-04
MSL3P1	62.8479	0.1074	0.3989	0.7751	0.8283
MSLN	677.0777	1.3704	0.1367	0	0
MSMB	0.2335	-0.0599	1.2498	0.8489	NA
MSMO1	262.6088	-0.8729	0.2114	0	1e-04
MSMP	3.7659	0.4396	1.0285	0.4634	0.5485
MSN	7318.0981	1.1507	0.0557	0	0
MSR1	0.3702	-0.1025	1.2488	0.7475	NA
MSRA	213.1566	0.9803	0.2273	0	0
MSRB1	449.1962	0.5754	0.1623	3e-04	7e-04
MSRB2	219.5311	1.3367	0.2312	0	0
MSRB3	1883.7849	0.493	0.0997	0	0
MSS51	8.124	-0.8238	0.8819	0.189	0.2565
MST1	30.4739	0.1071	0.5377	0.8239	0.8675
MST1L	1.462	-0.5392	1.196	0.2426	0.3184
MST1P2	9.7297	-0.0426	0.8049	0.9443	0.9608
MST1R	108.6373	0.6465	0.3194	0.0356	0.0569
MST4	224.237	0.6321	0.2331	0.0057	0.0101
MSTO1	960.2402	0.2889	0.1143	0.0111	0.0191
MSTO2P	59.3961	0.1494	0.482	0.7352	0.7956
MSX1	21238.8542	1.3869	0.0547	0	0
MSX2	46.2153	0.7581	0.4655	0.077	0.1154
MSX2P1	0.1898	-0.0377	1.2501	0.9042	NA
MT1A	71.599	1.1725	0.3788	0.0011	0.0021
MT1B	6.971	1.2654	0.9613	0.0477	0.0746
MT1E	615.1317	0.5935	0.1385	0	0
MT1F	318.9507	0.9712	0.1883	0	0
MT1G	331.286	1.1338	0.1869	0	0
MT1L	13.1749	1.377	0.7812	0.024	0.0394
MT1M	132.6501	0.6893	0.2851	0.0127	0.0217
MT1X	268.1511	0.7486	0.2088	3e-04	6e-04
MT2A	1307.1047	1.4891	0.1046	0	0
MTA1	1859.693	0.1117	0.0863	0.1946	0.2632
MTA2	2590.7178	-1.0105	0.0827	0	0
MTA3	498.073	-0.7968	0.1564	0	0
MTAP	1007.3883	-0.4514	0.1224	2e-04	4e-04
MTBP	136.9976	-2.8207	0.3393	0	0
MTCH1	3845.7581	0.6913	0.0665	0	0
MTCH2	1795.7219	0.9842	0.0877	0	0
MTCP1	8.7704	-1.3765	0.9706	0.0321	0.0517
MTDH	3003.5248	0.2226	0.0853	0.0088	0.0154
MTERF	65.1289	-1.9682	0.4358	0	0
MTERFD1	186.4873	-3.1452	0.3134	0	0
MTERFD2	314.2356	-0.1437	0.1943	0.4534	0.5388
MTERFD3	116.7826	-0.8817	0.3174	0.0039	0.0072
MTF1	310.4135	-0.9823	0.2159	0	0
MTF2	661.3856	-1.2666	0.1434	0	0
MTFMT	212.2537	-1.1754	0.2369	0	0
MTFP1	580.9778	-0.2031	0.1453	0.1589	0.2203
MTFR1	349.9694	0.1668	0.1801	0.3488	0.4345
MTFR1L	580.1832	0.09	0.143	0.526	0.6088
MTFR2	229.5186	-0.3272	0.2226	0.1345	0.1901
MTG1	505.5579	0.3162	0.1553	0.04	0.0635
MTG2	374.3096	-1.8814	0.1892	0	0
MTHFD1	6851.5177	1.0372	0.0598	0	0
MTHFD1L	2415.0516	0.4661	0.0914	0	0
MTHFD2	2724.8895	-0.1335	0.0897	0.1355	0.1913
MTHFD2L	42.0813	0.4581	0.4849	0.3017	0.384
MTHFR	168.5975	-2.3322	0.2885	0	0
MTHFS	330.2214	0.4687	0.1865	0.0109	0.0189
MTHFSD	123.5987	-2.1372	0.3473	0	0
MTIF2	701.175	-0.6364	0.1377	0	0
MTIF3	195.2657	-0.0226	0.2358	0.9222	0.9443
MTL5	37.5378	-0.8506	0.52	0.0696	0.1052
MTM1	64.4904	-1.9135	0.4374	0	0
MTMR1	621.5771	-1.0455	0.1432	0	0
MTMR10	776.323	-0.8241	0.1362	0	0
MTMR11	55.3293	-0.0152	0.4181	0.9691	0.9773
MTMR12	480.9056	-1.8615	0.1715	0	0
MTMR14	285.9509	-0.0459	0.2052	0.8205	0.8643
MTMR2	1981.2526	-0.0775	0.0887	0.3809	0.4655
MTMR3	456.0599	-2.0448	0.1744	0	0
MTMR4	582.2288	-1.6076	0.1499	0	0
MTMR6	551.945	-1.7876	0.1647	0	0
MTMR7	13.2643	-1.3148	0.8289	0.0351	0.0562
MTMR9	292.795	-1.5562	0.2088	0	0
MTMR9LP	11.6618	-0.9294	0.8739	0.1387	0.1953
MTNR1A	1.2911	-0.4779	1.2007	0.2865	NA
MTO1	403.5603	-0.4583	0.1692	0.0062	0.011
MTOR	2330.0591	0.5377	0.0793	0	0
MTPAP	528.1718	0.3554	0.1561	0.0216	0.0357
MTPN	2047.4441	1.1644	0.0876	0	0
MTR	502.7777	-0.5565	0.1576	4e-04	7e-04
MTRF1	21.9658	-1.6683	0.6925	0.0036	0.0067
MTRF1L	433.3475	-0.0922	0.1701	0.5841	0.6623
MTRNR2L1	0.3338	0.1444	1.2516	0.6445	NA
MTRNR2L2	5.0314	1.8464	1.2218	0.0025	0.0047
MTRNR2L3	1.6934	0.7662	1.202	0.1104	0.1593
MTRNR2L4	3.0073	1.2382	1.198	0.0236	0.0387
MTRNR2L8	0.1896	-0.0375	1.2501	0.9046	NA
MTRR	602.8754	-0.0035	0.1413	0.9801	0.985
MTSS1	10.6308	0.0385	0.8018	0.9496	0.9647
MTSS1L	1307.8889	-0.6219	0.1018	0	0
MTTP	1.7074	0.6576	1.2136	0.1441	0.2019
MTURN	435.194	0.6791	0.1657	0	1e-04
MTUS1	5.3193	0.3064	1.0146	0.611	0.686
MTUS2	1.0171	0.4549	1.2203	0.2717	NA
MTVR2	0.9886	0.3781	1.2315	0.3243	NA
MTX1	931.9308	0.7601	0.1176	0	0
MTX2	616.2898	0.0127	0.1439	0.929	0.9494
MTX3	266.6182	-2.7954	0.2445	0	0
MUC1	387.8621	1.1213	0.1881	0	0
MUC12	0.1899	-0.0377	1.2501	0.9041	NA
MUC13	2.8095	0.1668	1.0873	0.7657	0.8205
MUC15	30.6161	0.4725	0.5396	0.3275	0.4118
MUC16	21.8841	-0.0621	0.6135	0.9066	0.9322
MUC19	1.7132	0.386	1.1415	0.456	0.5412
MUC2	1.7767	0.0833	1.1438	0.8691	0.903
MUC20	6.1417	1.2791	0.9837	0.045	0.0708
MUC3A	3.27	-0.3555	1.0577	0.5421	0.6239
MUC4	0.1804	-0.0353	1.2501	0.9101	NA
MUC5AC	1.0633	0.1026	1.2044	0.8061	NA
MUC5B	1.2829	-0.194	1.1984	0.6531	NA
MUC6	4.751	0.915	1.0273	0.1376	0.1939
MUL1	515.6002	0.4543	0.1496	0.0022	0.0041
MUM1	985.3752	-0.426	0.1147	2e-04	4e-04
MURC	52.5535	0.3955	0.4274	0.3218	0.406
MUS81	528.0025	-2.2375	0.1646	0	0
MUSTN1	0.536	-0.139	1.2488	0.6645	NA
MUT	479.9999	0.6068	0.16	1e-04	3e-04
MUTYH	229.6821	-0.7532	0.2285	8e-04	0.0015
MVB12A	494.016	1.2999	0.155	0	0
MVB12B	209.5041	-2.0434	0.3006	0	0
MVD	360.9226	-0.728	0.1827	1e-04	1e-04
MVK	89.0187	-2.6613	0.4038	0	0
MVP	789.8942	0.9172	0.1262	0	0
MX1	0.4251	-0.1285	1.2493	0.6866	NA
MXD1	133.1117	-1.3372	0.3063	0	0
MXD3	588.04	1.0324	0.1464	0	0
MXD4	296.0273	0.3948	0.2004	0.0456	0.0716
MXI1	161.8894	0.3452	0.2596	0.1731	0.2374
MXRA5	11897.7459	1.0568	0.0677	0	0
MXRA7	2276.6936	1.2494	0.0802	0	0
MXRA8	559.302	0.8372	0.1489	0	0
MYADM	6169.2333	1.9381	0.1635	0	0
MYADML2	7.5172	1.5326	0.9697	0.0179	0.0298
MYB	2.9144	-1.0287	1.1712	0.058	0.0892
MYBBP1A	2766.6023	-0.0985	0.0827	0.2321	0.3065
MYBL1	93.975	-1.821	0.3891	0	0
MYBL2	8287.9644	0.9026	0.0539	0	0
MYBPH	0.5648	-0.169	1.2404	0.6235	NA
MYBPHL	2.5843	0.5166	1.0874	0.3649	0.4509
MYC	5067.8959	2.6876	0.1622	0	0
MYCBP	783.5743	0.8832	0.1393	0	0
MYCBP2	988.4829	-0.429	0.1193	3e-04	6e-04
MYCL	950.109	1.4241	0.1167	0	0
MYCN	90.5643	1.7679	0.3586	0	0
MYCNOS	0.3797	-0.0966	1.2487	0.7616	NA
MYCT1	0.3411	0.1454	1.2516	0.6424	NA
MYD88	336.3475	-0.4839	0.1903	0.01	0.0173
MYEF2	896.2102	0.0858	0.1296	0.5052	0.5886
MYEOV	388.8628	0.4357	0.181	0.0148	0.0251
MYEOV2	1133.7946	1.4489	0.1101	0	0
MYH10	13930.3152	0.842	0.0553	0	0
MYH11	3.963	0.8253	1.07	0.1655	0.2282
MYH14	42.0758	0.9826	0.4849	0.0266	0.0434
MYH16	1.4075	-0.0254	1.1632	0.9579	0.97
MYH3	11.4861	0.5339	0.7666	0.3735	0.4584
MYH7B	3.2757	0.4495	1.0379	0.4505	0.5359
MYH9	27311.6736	0.8208	0.0475	0	0
MYL12A	9516.9279	1.1609	0.0652	0	0
MYL12B	13994.951	1.5339	0.0563	0	0
MYL3	1.359	0.6099	1.2099	0.1747	NA
MYL4	24.8769	0.9276	0.5921	0.0724	0.1091
MYL5	27.9932	0.5589	0.5655	0.2633	0.3418
MYL6	23072.6892	1.4528	0.0532	0	0
MYL6B	1282.2243	1.1964	0.1011	0	0
MYL7	5.0161	0.4089	0.9885	0.5043	0.5879
MYL9	16059.6539	1.4799	0.0549	0	0
MYLIP	145.7	-0.2339	0.2824	0.3939	0.4793
MYLK	5133.9436	0.9177	0.0649	0	0
MYLK-AS1	1.6267	-0.0889	1.1571	0.856	0.894
MYLK2	10.1894	-0.4203	0.8055	0.4913	0.5757
MYLK3	4.4758	0.4841	0.9914	0.4298	0.5157
MYLK4	3.7615	-0.4836	1.0355	0.4184	0.5048
MYLPF	62.801	1.2419	0.4093	0.0012	0.0024
MYNN	239.7708	-1.0821	0.2381	0	0
MYO10	521.9007	-1.0917	0.1539	0	0
MYO15A	0.3338	0.1444	1.2516	0.6445	NA
MYO15B	0.731	-0.2394	1.2292	0.5235	NA
MYO16	1.0444	0.1086	1.2056	0.7939	NA
MYO18A	1585.342	-0.6987	0.0955	0	0
MYO18B	0.1495	-0.0183	1.2499	0.9535	NA
MYO19	905.4551	-0.2894	0.1179	0.0137	0.0232
MYO1A	0.3335	0.1444	1.2516	0.6446	NA
MYO1B	1887.494	-0.5289	0.0884	0	0
MYO1C	6271.9196	0.7439	0.0729	0	0
MYO1D	33.8584	0.9969	0.5256	0.0349	0.0559
MYO1E	728.6711	-1.0003	0.1483	0	0
MYO1F	2.2022	-0.5083	1.1487	0.3257	0.4099
MYO1G	0.6939	-0.0091	1.231	0.9799	NA
MYO1H	1.5148	0.412	1.1951	0.3611	0.4472
MYO3B	0.19	-0.0378	1.2501	0.9039	NA
MYO5A	1098.8687	0.5251	0.1095	0	0
MYO5B	1360.929	0.8221	0.1002	0	0
MYO5C	1432.9226	1.1293	0.0963	0	0
MYO6	157.0446	0.2536	0.2617	0.3205	0.4047
MYO7A	10.4678	-0.0323	0.8005	0.9576	0.9698
MYO7B	1.5395	0.4734	1.1815	0.3195	0.4036
MYO9A	389.2215	-1.7576	0.1821	0	0
MYO9B	2772.2427	-0.0581	0.0748	0.4362	0.5217
MYOC	0.19	-0.0377	1.2501	0.904	NA
MYOCD	2.2219	-0.8239	1.1778	0.1091	0.1576
MYOF	11636.9375	1.1339	0.0567	0	0
MYOM1	171.6776	0.3653	0.2498	0.1346	0.1902
MYOM2	2.9603	-1.0582	1.1704	0.0529	0.082
MYOM3	13.7591	-0.6068	0.7361	0.3031	0.3853
MYOT	1.5698	-0.0849	1.1564	0.8626	0.8986
MYOZ3	3.1233	-1.1003	1.1702	0.046	0.0722
MYPN	0.1802	-0.0352	1.2501	0.9103	NA
MYPOP	127.09	-2.531	0.3491	0	0
MYRF	828.5709	0.8737	0.1236	0	0
MYSM1	215.424	-2.2384	0.2598	0	0
MYT1	1.1814	0.3025	1.207	0.4747	NA
MYZAP	16.9546	-2.2804	0.9196	6e-04	0.0011
MZF1	119.8162	-1.0484	0.3089	4e-04	9e-04
MZT1	1095.5936	0.3241	0.1177	0.0057	0.0101
MZT2A	1643.1269	1.5642	0.0928	0	0
MZT2B	5499.0691	1.6777	0.0622	0	0
N4BP1	330.1581	-1.6748	0.2168	0	0
N4BP2	608.9665	-2.1146	0.1519	0	0
N4BP2L1	8.2411	-0.486	0.9125	0.436	0.5215
N4BP2L2	301.5919	-1.1495	0.2003	0	0
N4BP2L2-IT2	6.2435	-0.4887	0.9252	0.4332	0.5189
N4BP3	205.0032	-0.0723	0.2384	0.7569	0.8135
N6AMT1	93.9548	-0.5856	0.3364	0.0695	0.1051
N6AMT2	84.0645	0.4478	0.3545	0.1858	0.2526
NAA10	3136.6086	0.6172	0.0716	0	0
NAA15	1664.3847	-1.4414	0.0985	0	0
NAA16	314.6163	-0.7348	0.194	1e-04	3e-04
NAA20	850.4556	0.6292	0.1268	0	0
NAA25	766.2973	-1.7051	0.1371	0	0
NAA30	436.9058	-1.8033	0.1738	0	0
NAA35	420.8139	-1.2613	0.1707	0	0
NAA38	1203.9311	1.3408	0.1058	0	0
NAA40	757.6357	-2.0816	0.1488	0	0
NAA50	2530.6222	-0.8887	0.083	0	0
NAA60	729.5166	-0.8476	0.1384	0	0
NAAA	419.1585	1.6278	0.1779	0	0
NAALAD2	7.4801	-0.1445	0.872	0.8157	0.8604
NAALADL1	0.5515	-0.1633	1.2414	0.6325	NA
NAALADL2	1.1885	0.3041	1.2067	0.4729	NA
NAB1	2163.0158	-0.0786	0.0829	0.3416	0.4273
NAB2	376.0208	-0.158	0.1805	0.3758	0.4607
NABP1	510.0381	1.487	0.1553	0	0
NABP2	1003.8973	0.8597	0.113	0	0
NACA	8319.5406	0.9087	0.0586	0	0
NACA2	1.23	0.0301	1.1929	0.9451	NA
NACAD	19.7556	-0.8161	0.6743	0.1466	0.2051
NACAP1	0.3418	0.1456	1.2516	0.6419	NA
NACC1	5038.8227	-0.056	0.0614	0.3612	0.4473
NACC2	1073.4489	-2.3117	0.1219	0	0
NADK	1449.2646	-0.031	0.1003	0.7564	0.8131
NADK2	470.0837	-1.0783	0.1627	0	0
NADSYN1	574.2275	0.9274	0.1485	0	0
NAE1	1182.6331	-0.2345	0.1113	0.0343	0.0551
NAF1	239.6097	-1.1173	0.2403	0	0
NAGA	1200.4917	1.1167	0.1047	0	0
NAGK	206.0887	-0.3716	0.245	0.1211	0.173
NAGLU	723.5325	0.9208	0.1359	0	0
NAGPA	233.4976	0.591	0.2219	0.0067	0.0119
NAGPA-AS1	0.5588	-0.1657	1.2408	0.6289	NA
NAGS	20.8746	-1.5701	0.7017	0.0066	0.0117
NAIF1	228.6019	0.7301	0.2233	9e-04	0.0017
NAIP	40.1094	-0.9374	0.5237	0.0467	0.0732
NALCN	3.2494	-0.1344	1.0784	0.8123	0.8577
NAMPT	777.6737	-1.2409	0.1298	0	0
NANOS1	198.4503	0.4899	0.238	0.0356	0.057
NANOS3	3.8486	0.2479	1.005	0.6819	0.7489
NANP	153.4965	-1.5328	0.2841	0	0
NANS	892.8595	0.4167	0.1338	0.0017	0.0033
NAP1L1	9671.4303	0.9389	0.0558	0	0
NAP1L3	10.9366	0.7795	0.8011	0.2024	0.2723
NAP1L4	2118.3611	-0.5909	0.0864	0	0
NAP1L5	39.2543	0.7858	0.5139	0.0907	0.1335
NAPA	1530.7099	0.9377	0.0941	0	0
NAPA-AS1	26.2825	0.9702	0.5811	0.0568	0.0875
NAPB	58.8286	-1.4234	0.4333	4e-04	8e-04
NAPEPLD	223.9789	-2.0239	0.2421	0	0
NAPG	176.5867	-1.849	0.2782	0	0
NAPRT1	1101.1099	1.0489	0.1092	0	0
NAPSA	0.1907	-0.0381	1.2501	0.903	NA
NARF	611.0022	0.1262	0.1412	0.3681	0.4539
NARFL	215.6111	-2.6382	0.2649	0	0
NARG2	617.7553	-0.5285	0.1461	3e-04	6e-04
NARR	81.1632	1.5673	0.4176	1e-04	1e-04
NARS	5055.4413	0.6027	0.0652	0	0
NARS2	884.3812	-0.0445	0.1222	0.7143	0.7776
NASP	3445.7012	0.2188	0.0759	0.0039	0.0071
NAT1	9.7711	-1.1654	0.881	0.0654	0.0993
NAT10	1493.4256	-1.7182	0.101	0	0
NAT14	440.9947	0.0202	0.1653	0.9016	0.9285
NAT16	3.2315	0.989	1.1511	0.0747	0.1123
NAT6	47.3954	-0.9816	0.464	0.0216	0.0357
NAT8	0.18	-0.0351	1.2501	0.9105	NA
NAT8L	510.0258	-1.5932	0.1601	0	0
NAT9	189.7336	-1.8495	0.2603	0	0
NAV1	12.8481	-0.1254	0.7371	0.8313	0.8739
NAV2	11.2425	-1.6642	0.9096	0.01	0.0173
NAV3	0.9117	-0.3198	1.2178	0.4294	NA
NBAS	614.8319	0.1897	0.1409	0.1751	0.24
NBEA	172.0573	-1.1893	0.2685	0	0
NBEAL1	71.3222	-0.5462	0.3849	0.1337	0.1891
NBEAL2	1049.4935	0.3901	0.1095	3e-04	7e-04
NBL1	723.5111	1.5315	0.1319	0	0
NBN	2277.3642	-0.4554	0.0819	0	0
NBPF1	171.3063	-2.1652	0.2835	0	0
NBPF10	23.524	-0.598	1.106	0.2863	0.3675
NBPF11	110.9724	-1.4607	0.3429	0	0
NBPF12	120.2904	-1.3595	0.3171	0	0
NBPF14	224.403	-0.2801	0.2354	0.2247	0.2981
NBPF15	181.4995	-1.5716	0.2752	0	0
NBPF19	122.8387	-0.3151	0.3005	0.2785	0.3586
NBPF20	81.5514	-0.5691	0.3574	0.0951	0.1393
NBPF25P	18.1499	-0.3762	0.6584	0.497	0.581
NBPF26	193.8291	-0.5288	0.2558	0.0342	0.0549
NBPF3	25.0738	-0.9981	0.7046	0.0837	0.1243
NBPF8	152.2087	-1.2452	0.2979	0	0
NBPF9	219.6985	-1.456	0.2363	0	0
NBR1	1116.0539	0.3934	0.1088	3e-04	6e-04
NBR2	10.1978	-0.5831	0.8127	0.3416	0.4273
NCALD	1.73	0.3556	1.1521	0.4811	0.5662
NCAM1	2.1632	0.809	1.2079	0.0909	0.1338
NCAM2	1.1645	0.2641	1.206	0.5316	NA
NCAN	0.6857	-0.039	1.2208	0.9191	NA
NCAPD2	5386.8838	0.2502	0.0604	0	1e-04
NCAPD3	2131.1928	-0.4316	0.0909	0	0
NCAPG	1463.187	-1.8118	0.1002	0	0
NCAPG2	2934.1348	0.4791	0.0766	0	0
NCAPH	844.2266	-2.3076	0.1386	0	0
NCAPH2	1858.8921	0.6913	0.0907	0	0
NCBP1	1991.5786	0.4707	0.0903	0	0
NCBP2	1322.7047	0.4126	0.0994	0	1e-04
NCBP2-AS2	1097.2945	2.2677	0.112	0	0
NCCRP1	2.1579	-0.2598	1.1231	0.625	0.6985
NCDN	489.5935	-1.4747	0.1615	0	0
NCEH1	1543.6115	0.3167	0.1143	0.0054	0.0096
NCF1C	0.1804	-0.0353	1.2501	0.9101	NA
NCF2	2.0986	0.4597	1.1407	0.379	0.4637
NCK1	406.1839	0.278	0.1765	0.1113	0.1603
NCK2	519.1572	-0.9471	0.1538	0	0
NCKAP1	6934.9063	0.6015	0.0562	0	0
NCKAP5	10.2213	-1.0769	0.8544	0.0857	0.127
NCKAP5L	262.895	-1.8052	0.2251	0	0
NCKIPSD	340.9193	-2.3244	0.2057	0	0
NCL	32175.9194	1.0035	0.0516	0	0
NCLN	3696.1879	0.4471	0.0709	0	0
NCMAP	2.3461	-0.8212	1.1864	0.1037	0.1506
NCOA1	242.889	-0.906	0.218	0	1e-04
NCOA2	298.6908	-2.8793	0.2376	0	0
NCOA3	608.3029	-2.1698	0.1539	0	0
NCOA4	1854.2559	-0.1615	0.0869	0.0623	0.0951
NCOA5	600.5362	-3.3982	0.1791	0	0
NCOA6	715.4695	-1.7278	0.1504	0	0
NCOA7	631.0496	0.635	0.1448	0	0
NCOR1	2628.191	-0.4995	0.0788	0	0
NCOR2	8315.0536	0.0451	0.0582	0.4381	0.5237
NCR3	0.1804	-0.0353	1.2501	0.9101	NA
NCR3LG1	245.7593	-1.0959	0.2325	0	0
NCRNA00249	0.1804	-0.0353	1.2501	0.9101	NA
NCS1	1157.763	0.4204	0.1068	1e-04	2e-04
NCSTN	3233.237	1.3809	0.0717	0	0
NDC1	2743.8816	0.2368	0.0777	0.0022	0.0042
NDC80	494.6416	-3.3452	0.1975	0	0
NDE1	532.6088	-1.04	0.1611	0	0
NDEL1	272.0096	-2.9489	0.2478	0	0
NDFIP1	2114.8209	0.9873	0.0828	0	0
NDFIP2	1073.1589	0.5803	0.1317	0	0
NDNF	13.599	-0.106	0.7257	0.8561	0.894
NDNL2	495.6918	0.9094	0.1542	0	0
NDOR1	631.8967	-0.3829	0.1386	0.0054	0.0097
NDP	0.5601	-0.1665	1.2407	0.6275	NA
NDRG1	489.8134	-0.63	0.1561	0	1e-04
NDRG2	42.2277	0.3402	0.4743	0.435	0.5205
NDRG3	749.2477	0.4151	0.1305	0.0014	0.0026
NDRG4	61.9248	-1.2219	0.4254	0.0021	0.0039
NDST1	2118.2186	-0.2133	0.0894	0.0167	0.028
NDST2	277.6914	-2.3843	0.2384	0	0
NDUFA1	1070.1886	1.5531	0.1117	0	0
NDUFA10	2172.2944	1.1872	0.082	0	0
NDUFA11	2977.8375	1.37	0.0731	0	0
NDUFA12	740.474	0.9148	0.129	0	0
NDUFA13	3394.1732	1.582	0.0706	0	0
NDUFA2	999.9342	1.4162	0.113	0	0
NDUFA3	664.2216	1.3951	0.1462	0	0
NDUFA4	2631.4029	1.4413	0.0805	0	0
NDUFA4L2	9.7385	0.5508	0.8172	0.3697	0.4552
NDUFA5	982.3416	0.8661	0.1137	0	0
NDUFA6	1313.0767	0.9105	0.1022	0	0
NDUFA6-AS1	5.5728	-1.6889	1.1757	0.0057	0.0102
NDUFA7	578.8471	1.2342	0.1454	0	0
NDUFA8	774.9691	0.8035	0.1341	0	0
NDUFA9	1569.291	0.9135	0.096	0	0
NDUFAB1	1564.9938	1.0932	0.0931	0	0
NDUFAF1	237.053	0.6517	0.219	0.0025	0.0046
NDUFAF2	521.2169	1.0407	0.1539	0	0
NDUFAF3	1949.8276	1.2627	0.0903	0	0
NDUFAF4	548.0606	0.292	0.1526	0.0536	0.083
NDUFAF4P1	1.017	0.4548	1.2203	0.2718	NA
NDUFAF5	145.4027	0.0024	0.2786	0.9929	0.9952
NDUFAF6	118.6838	-0.5365	0.3022	0.0664	0.1008
NDUFAF7	126.201	-0.241	0.3045	0.4129	0.499
NDUFB1	569.1543	1.3089	0.1509	0	0
NDUFB10	1777.3674	1.1008	0.0885	0	0
NDUFB11	2338.0001	1.5276	0.0854	0	0
NDUFB2	2581.225	1.5371	0.077	0	0
NDUFB2-AS1	11.4232	-0.4155	0.7709	0.4892	0.5739
NDUFB3	1097.012	1.579	0.1192	0	0
NDUFB4	1583.0509	1.0341	0.0933	0	0
NDUFB5	1079.2656	1.1516	0.1136	0	0
NDUFB6	991.2966	1.2383	0.1146	0	0
NDUFB7	1464.5859	1.2861	0.0996	0	0
NDUFB8	3481.1173	1.4321	0.0706	0	0
NDUFB9	1744.1601	1.1772	0.0905	0	0
NDUFC1	821.768	1.4584	0.1306	0	0
NDUFC2	1629.4937	1.5968	0.096	0	0
NDUFC2-KCTD14	388.6297	-0.3302	0.1726	0.0532	0.0825
NDUFS1	1821.9075	0.5688	0.087	0	0
NDUFS2	1325.1568	0.8219	0.1012	0	0
NDUFS3	1229.9758	0.8306	0.1051	0	0
NDUFS4	418.9697	0.7806	0.1672	0	0
NDUFS5	3279.8877	1.5336	0.0709	0	0
NDUFS6	2033.2641	1.3695	0.0862	0	0
NDUFS7	1392.1204	1.249	0.0981	0	0
NDUFS8	2214.0209	1.0854	0.081	0	0
NDUFV1	3435.8847	1.2662	0.0695	0	0
NDUFV2	944.363	-0.2207	0.1233	0.0718	0.1083
NDUFV3	326.7849	-0.1433	0.1898	0.4443	0.5299
NEAT1	586.5695	0.3105	0.1584	0.048	0.0749
NEB	0.3081	-0.0812	1.2488	0.7983	NA
NEBL	10.2696	0.6549	0.8079	0.2849	0.3658
NECAB2	7.3417	0.1633	0.8812	0.7926	0.8415
NECAB3	173.832	-1.6587	0.2735	0	0
NECAP1	185.0848	-1.8776	0.2633	0	0
NECAP2	695.6818	-0.4102	0.1347	0.0022	0.0041
NEDD1	308.9157	-1.462	0.2009	0	0
NEDD4	388.773	-1.3262	0.1845	0	0
NEDD4L	1359.8836	-0.5214	0.1092	0	0
NEDD8	2192.3362	1.406	0.0822	0	0
NEDD9	2270.9449	0.8822	0.0879	0	0
NEFH	0.9299	-0.3258	1.217	0.4233	NA
NEGR1	0.3338	0.1444	1.2516	0.6445	NA
NEIL1	24.1883	-0.849	0.6276	0.1141	0.164
NEIL2	382.1186	-0.2055	0.177	0.2404	0.3158
NEIL3	174.2174	-3.3069	0.329	0	0
NEK1	232.0557	-0.3298	0.218	0.1238	0.1766
NEK10	3.6848	-0.2892	1.0338	0.6262	0.6997
NEK11	46.9722	-0.132	0.4724	0.7613	0.817
NEK2	686.3231	-1.1746	0.1372	0	0
NEK3	140.5583	-1.6464	0.2935	0	0
NEK4	625.4044	-0.3735	0.1394	0.007	0.0123
NEK5	1.9123	-0.3154	1.1603	0.5222	0.6049
NEK6	419.3583	-0.8359	0.1779	0	0
NEK7	1325.7254	-0.4655	0.101	0	0
NEK8	46.8912	-1.2377	0.4831	0.0051	0.0091
NEK9	1488.6952	-0.48	0.1034	0	0
NELFA	501.2538	-2.835	0.1792	0	0
NELFB	2237.1963	0.1153	0.0806	0.1513	0.2111
NELFCD	2003.6396	1.1144	0.0846	0	0
NELFE	1362.0803	0.5427	0.1021	0	0
NELL2	2293.4974	1.4478	0.0849	0	0
NEMF	790.7601	-0.2865	0.1247	0.0209	0.0345
NENF	906.5533	1.4819	0.1177	0	0
NEO1	249.6564	0.9805	0.2223	0	0
NES	139.3047	0.8902	0.2908	0.0016	0.003
NET1	1190.9567	-0.8416	0.1204	0	0
NETO2	4357.3138	0.8522	0.0685	0	0
NEU1	1518.2648	1.2408	0.0966	0	0
NEU3	73.9748	-2.3685	0.4481	0	0
NEURL1	1344.0306	-0.2337	0.1012	0.0205	0.034
NEURL1B	88.2725	-4.6992	0.7752	0	0
NEURL2	13.2564	0.0397	0.7339	0.9462	0.9621
NEURL3	0.936	-0.3305	1.2167	0.4176	NA
NEURL4	534.8445	-1.5457	0.157	0	0
NEUROG2	0.3414	0.1455	1.2516	0.6422	NA
NEXN	636.6388	-0.0796	0.1444	0.5788	0.6577
NEXN-AS1	9.7792	0.5422	0.8096	0.3758	0.4607
NF1	1584.6465	-0.2397	0.0942	0.0107	0.0185
NF2	1463.4832	0.0775	0.1056	0.4612	0.5464
NFASC	0.5411	-0.1402	1.2488	0.6618	NA
NFAT5	906.1324	-0.8439	0.3359	0.0088	0.0153
NFATC1	122.4572	-0.8729	0.3012	0.0027	0.0051
NFATC2	137.6205	-2.3162	0.3172	0	0
NFATC2IP	854.1678	-0.7295	0.1264	0	0
NFATC3	1000.531	-0.8164	0.136	0	0
NFATC4	15.9038	-0.5419	0.7392	0.3586	0.4446
NFE2	0.6848	-0.183	1.2426	0.5901	NA
NFE2L1	5641.382	0.5578	0.0609	0	0
NFE2L2	2027.1688	0.3055	0.0916	8e-04	0.0016
NFE2L3	301.494	1.8341	0.1988	0	0
NFIA	8.3275	-0.9587	0.9183	0.1291	0.1833
NFIB	55.5013	-1.9778	0.4733	0	0
NFIC	800.1145	-1.6792	0.148	0	0
NFIL3	243.2409	0.795	0.2179	2e-04	4e-04
NFIX	254.4429	-0.2755	0.209	0.1804	0.2463
NFKB1	759.7685	-1.9009	0.1368	0	0
NFKB2	1009.3697	-2.1423	0.1267	0	0
NFKBIA	3409.3412	1.7854	0.073	0	0
NFKBIB	819.8201	0.3356	0.1357	0.0128	0.0219
NFKBID	37.3574	-1.5973	0.5414	9e-04	0.0019
NFKBIE	668.982	-1.3473	0.1427	0	0
NFKBIL1	251.6021	-0.8077	0.2134	1e-04	3e-04
NFKBIZ	143.9838	0.7971	0.2735	0.0027	0.0051
NFRKB	691.7928	-2.0075	0.143	0	0
NFS1	328.7198	0.6176	0.1917	0.0011	0.0021
NFU1	322.6524	0.4566	0.1865	0.0132	0.0224
NFX1	462.7422	-3.1246	0.1948	0	0
NFXL1	247.2492	-2.3071	0.2408	0	0
NFYA	876.5478	-0.4794	0.1436	8e-04	0.0015
NFYB	638.2534	-0.213	0.14	0.1257	0.179
NFYC	563.093	-0.5444	0.1472	2e-04	4e-04
NFYC-AS1	91.0102	3.0001	0.3843	0	0
NGDN	284.934	-3.1537	0.2373	0	0
NGEF	37.6182	0.0615	0.5074	0.8936	0.9217
NGFR	7.0639	0.6455	0.9061	0.3025	0.3847
NGFRAP1	3919.8553	1.3198	0.0672	0	0
NGLY1	387.6656	-0.1874	0.1723	0.2718	0.3512
NGRN	4679.7524	1.4737	0.0642	0	0
NHEJ1	226.0326	-0.5914	0.2242	0.0072	0.0127
NHLH1	0.1804	-0.0353	1.2501	0.9101	NA
NHLH2	3.0112	0.9265	1.1496	0.0922	0.1355
NHLRC1	18.1143	1.6422	0.7217	0.0052	0.0093
NHLRC2	399.8548	-1.1231	0.1816	0	0
NHLRC3	148.6974	-0.4982	0.2726	0.0604	0.0925
NHLRC4	2.261	0.4017	1.1061	0.4664	0.5512
NHP2	3602.3528	1.3537	0.0693	0	0
NHP2L1	4913.6378	1.489	0.0656	0	0
NHS	320.5132	-1.7483	0.2	0	0
NHSL1	403.7873	-1.8794	0.1905	0	0
NHSL2	0.8504	-0.24	1.2337	0.5112	NA
NICN1	133.0179	-0.0153	0.2844	0.9559	0.9686
NID1	859.935	1.3527	0.1223	0	0
NID2	5.5229	-0.1863	0.9395	0.7635	0.8186
NIF3L1	398.0044	-2.3446	0.1889	0	0
NIFK	454.4664	-2.439	0.1819	0	0
NIFK-AS1	88.5936	2.4498	0.3705	0	0
NIM1K	0.6826	-0.2067	1.2318	0.5734	NA
NIN	1327.1558	-0.1511	0.1082	0.1609	0.2226
NINJ1	228.4058	-0.27	0.2194	0.2105	0.2815
NINJ2	2.9058	0.2908	1.0584	0.6169	0.6911
NINL	237.205	-0.9011	0.2208	0	1e-04
NIP7	1460.2591	0.0747	0.1156	0.5162	0.5988
NIPA1	443.0483	-1.9316	0.1797	0	0
NIPA2	1559.0561	0.1456	0.0951	0.1248	0.1779
NIPAL1	174.5281	-3.0949	0.3115	0	0
NIPAL2	1.5008	0.0792	1.1753	0.8648	0.8998
NIPAL3	166.0427	-1.2134	0.2698	0	0
NIPAL4	0.3338	0.1444	1.2516	0.6445	NA
NIPBL	879.9495	-1.9731	0.1284	0	0
NIPSNAP1	1884.003	0.8487	0.0884	0	0
NIPSNAP3A	349.9342	0.8004	0.1796	0	0
NIPSNAP3B	2.6145	-0.138	1.0897	0.8046	0.8511
NISCH	1491.4486	-0.0046	0.0953	0.9614	0.9718
NIT1	243.2863	-0.5549	0.2174	0.0094	0.0164
NIT2	790.0948	1.0913	0.1296	0	0
NKAIN1	62.2133	0.902	0.4242	0.0228	0.0376
NKAIN2	0.3338	0.1444	1.2516	0.6445	NA
NKAIN4	0.8834	-0.0639	1.2183	0.8699	NA
NKAP	166.8252	-1.1188	0.2654	0	0
NKAPP1	9.5409	-0.6187	0.8274	0.3157	0.3996
NKD1	4.1296	-0.0491	0.9965	0.9355	0.9543
NKD2	34.3245	-1.4866	0.5704	0.0031	0.0057
NKIRAS1	70.1113	-1.3947	0.4053	2e-04	5e-04
NKIRAS2	1155.6869	1.1611	0.1075	0	0
NKPD1	1.9585	-0.2017	1.1316	0.6988	0.7639
NKRF	403.0777	-0.8547	0.2018	0	0
NKTR	719.5017	-0.6043	0.1571	1e-04	2e-04
NKX1-2	0.3797	-0.1048	1.2488	0.7422	NA
NKX2-2	1.0367	-0.3678	1.2113	0.382	NA
NKX2-4	3.5555	-0.0539	1.0315	0.9275	0.9482
NKX2-5	2.2859	0.1698	1.0895	0.761	0.8167
NKX2-8	2.1836	-0.5013	1.1487	0.332	0.4169
NKX3-1	43.2022	0.1387	0.4777	0.7517	0.8093
NKX3-2	23.4668	-1.1893	0.6539	0.0313	0.0505
NKX6-3	25.4969	-2.5503	0.7822	0	1e-04
NLE1	532.132	-1.2779	0.1544	0	0
NLGN1	25.082	0.6722	0.6485	0.2206	0.2932
NLGN2	968.9078	0.647	0.1204	0	0
NLGN3	0.9415	-0.3337	1.2165	0.4139	NA
NLGN4X	64.7204	-0.0492	0.4005	0.8964	0.924
NLGN4Y	1.2544	-0.2177	1.183	0.6341	NA
NLK	229.2281	-2.0295	0.2506	0	0
NLN	1573.6369	0.3369	0.1017	9e-04	0.0017
NLRC3	3.4291	-0.6236	1.0679	0.2877	0.369
NLRC4	1.4065	-0.0221	1.1506	0.9646	0.974
NLRC5	2.1055	-0.77	1.1805	0.1276	0.1813
NLRP1	164.7932	0.6101	0.2607	0.0165	0.0277
NLRP11	0.5836	-0.1688	1.239	0.6272	NA
NLRP12	0.7198	-0.2343	1.2298	0.5303	NA
NLRP2	736.2726	0.5203	0.1312	1e-04	1e-04
NLRP3	1.0711	-0.1404	1.1941	0.7479	NA
NLRP9	0.334	0.1445	1.2516	0.6443	NA
NLRX1	309.4563	-1.2277	0.207	0	0
NMB	278.5442	1.4531	0.2146	0	0
NMD3	599.4681	-1.444	0.1516	0	0
NME1	8455.9308	1.3781	0.0653	0	0
NME1-NME2	449.9027	1.3132	0.1924	0	0
NME2	14786.1584	1.5333	0.0516	0	0
NME3	116.1624	0.6239	0.3146	0.0397	0.063
NME4	2428.4235	1.4589	0.0788	0	0
NME5	3.4528	-0.5523	1.0594	0.3479	0.4336
NME6	244.7396	-1.1909	0.2216	0	0
NME7	279.3485	0.3401	0.2021	0.0877	0.1297
NME9	0.6064	-0.1591	1.2476	0.6247	NA
NMI	82.1801	-0.6898	0.3599	0.0443	0.0697
NMNAT1	149.3416	-1.484	0.3087	0	0
NMNAT2	867.9087	-0.4854	0.121	1e-04	1e-04
NMNAT3	20.0914	-0.5099	0.6511	0.3539	0.4397
NMRAL1	368.5439	0.4132	0.1781	0.019	0.0315
NMRK1	25.9941	-0.0388	0.5728	0.9387	0.9569
NMRK2	11.9537	1.5596	0.8151	0.0123	0.021
NMT1	2318.0989	0.2457	0.0829	0.003	0.0055
NMT2	287.4738	0.3579	0.2147	0.0902	0.1329
NMU	127.3524	1.2198	0.299	0	1e-04
NMUR1	0.3608	-0.1002	1.2488	0.7529	NA
NMUR2	16.4295	-0.9915	0.711	0.0873	0.1292
NNAT	18.6596	1.6548	0.6982	0.0041	0.0075
NNMT	0.7408	-0.246	1.2278	0.5158	NA
NNT	1912.0613	1.0378	0.0871	0	0
NNT-AS1	35.3762	-2.5584	0.6426	0	0
NOA1	537.8013	-0.0932	0.1481	0.526	0.6088
NOB1	971.7684	-2.1235	0.1282	0	0
NOC2L	5242.126	1.0707	0.0635	0	0
NOC3L	596.2227	-2.6957	0.1755	0	0
NOC4L	662.5008	-0.4548	0.1375	9e-04	0.0017
NOD1	50.3055	-1.1532	0.4674	0.0073	0.0129
NODAL	2.3184	-0.0947	1.0868	0.8656	0.9003
NOG	6.7609	1.6414	1.0672	0.0105	0.0181
NOL10	655.241	-0.3742	0.138	0.0063	0.0112
NOL11	904.8693	-1.9146	0.1356	0	0
NOL12	301.9329	-0.2538	0.1925	0.1816	0.2476
NOL3	26.0127	-0.6219	0.5881	0.2263	0.2999
NOL6	1778.2192	-0.1059	0.0924	0.2503	0.3271
NOL7	948.9828	-0.6813	0.1177	0	0
NOL8	566.4312	-1.2019	0.1487	0	0
NOL9	762.8724	-1.6235	0.1321	0	0
NOLC1	4534.769	-0.2388	0.0712	8e-04	0.0015
NOM1	1181.1343	0.8178	0.1162	0	0
NOMO1	6243.0038	1.3705	0.0582	0	0
NOMO2	4738.4199	1.4513	0.068	0	0
NOMO3	1655.6029	1.3785	0.1093	0	0
NONO	11629.1578	0.8508	0.0509	0	0
NOP10	1595.2495	1.1296	0.0959	0	0
NOP14	2404.8504	0.0935	0.0864	0.2781	0.3583
NOP14-AS1	246.8814	2.4392	0.2312	0	0
NOP16	498.4432	-2.3162	0.1812	0	0
NOP2	1449.0555	-1.5156	0.1044	0	0
NOP56	3358.2694	-0.2085	0.0739	0.0047	0.0086
NOP58	1887.3902	0.0151	0.1055	0.8862	0.9154
NOP9	1649.4762	0.4436	0.0905	0	0
NOS1AP	82.8942	-0.3477	0.3531	0.3026	0.3848
NOS2	0.5221	0.061	1.2455	0.8515	NA
NOS3	421.8235	0.2133	0.205	0.2908	0.3723
NOSIP	504.4233	-0.3919	0.1703	0.02	0.0333
NOSTRIN	3.9431	-0.3434	1.0057	0.5709	0.6503
NOTCH1	978.3222	-2.1039	0.1255	0	0
NOTCH2	3722.7207	0.4177	0.0724	0	0
NOTCH2NL	76.956	0.6241	0.3735	0.0784	0.1172
NOTCH3	1786.2996	0.7432	0.2561	0.003	0.0055
NOTCH4	20.9446	1.0358	0.7016	0.072	0.1086
NOTUM	98.1117	1.6277	0.3389	0	0
NOV	225.1655	0.605	0.2419	0.0106	0.0184
NOXA1	21.5367	0.0081	0.6125	0.9878	0.9911
NOXO1	25.8754	0.1984	0.5947	0.7017	0.766
NOXRED1	3.1731	-0.1351	1.0438	0.8179	0.8621
NPAS1	408.8039	0.9713	0.1841	0	0
NPAS2	4.4864	0.1579	0.9691	0.7971	0.845
NPAS4	0.3699	-0.1024	1.2488	0.7478	NA
NPAT	286.9592	-0.9723	0.2198	0	0
NPB	6.2399	-1.0105	0.9828	0.1084	0.1567
NPC1	483.8379	-0.9603	0.1609	0	0
NPC1L1	1.2688	0.4118	1.1933	0.3642	NA
NPC2	1246.9937	1.3852	0.1035	0	0
NPDC1	1195.3748	1.1211	0.106	0	0
NPEPL1	583.4137	0.6467	0.1423	0	0
NPEPPS	1983.0161	-0.0118	0.084	0.8883	0.917
NPFF	4.0513	-1.3454	1.1684	0.0201	0.0334
NPFFR2	0.3596	-0.0999	1.2488	0.7538	NA
NPHP1	12.3493	0.1161	0.8291	0.8501	0.8894
NPHP3	382.6763	-0.4611	0.1903	0.0141	0.0239
NPHP3-ACAD11	45.8871	-0.8634	0.5699	0.0857	0.127
NPHP4	286.129	0.3604	0.2154	0.0888	0.1311
NPHS1	0.3797	-0.1048	1.2488	0.7422	NA
NPIPA1	248.1403	-0.4566	0.2191	0.034	0.0545
NPIPA2	18.4715	-0.1415	1.1259	0.7879	0.8378
NPIPA3	8.0972	2.4744	1.3061	2e-04	4e-04
NPIPA5	73.5963	-1.02	0.3817	0.0048	0.0086
NPIPA7	42.453	-0.8072	1.121	0.1514	0.2112
NPIPA8	174.6127	-0.3515	0.2512	0.1522	0.2122
NPIPB11	25.6386	-0.1568	0.6162	0.7676	0.8221
NPIPB15	6.4267	-1.2411	1.0252	0.049	0.0764
NPIPB3	129.4348	-0.2486	0.3001	0.3919	0.4771
NPIPB4	147.3538	-0.844	0.2834	0.0022	0.0041
NPIPB5	335.6344	-0.1743	0.1971	0.3699	0.4554
NPIPB6	22.818	2.9495	0.8215	0	0
NPIPB8	1.1531	-0.4283	1.2067	0.324	NA
NPIPB9	4.7267	0.3904	0.9623	0.5275	0.61
NPL	30.6976	-0.0409	0.548	0.9333	0.9528
NPLOC4	1764.682	-1.2987	0.0953	0	0
NPM1	33658.9372	1.0193	0.0568	0	0
NPM2	13.3499	0.016	0.7334	0.9782	0.9834
NPM3	1404.7275	1.426	0.0993	0	0
NPNT	1037.3865	1.3794	0.1121	0	0
NPPA	0.1898	-0.0377	1.2501	0.9042	NA
NPPA-AS1	2.8479	-0.0328	1.08	0.9536	0.9672
NPPB	4.9251	0.1181	0.9792	0.8469	0.8867
NPPC	5.9795	1.0771	0.977	0.0885	0.1307
NPR1	196.1366	1.1904	0.2419	0	0
NPR2	26.7941	-1.0907	0.6063	0.0378	0.0601
NPRL2	200.1319	-0.0757	0.2375	0.7448	0.8038
NPRL3	816.7443	0.1797	0.1227	0.1409	0.1979
NPSR1-AS1	0.3608	-0.1002	1.2488	0.7529	NA
NPTN	3387.2785	1.1882	0.0752	0	0
NPTN-IT1	4.0277	1.5535	1.2069	0.0076	0.0134
NPTX1	39.3203	1.3105	0.4994	0.0039	0.0071
NPTX2	1.0553	0.1141	1.1919	0.7954	NA
NPTXR	70.4292	1.0373	0.3859	0.0045	0.0081
NPW	200.9642	1.8065	0.2457	0	0
NPY1R	0.5089	0.0566	1.2464	0.861	NA
NPY4R	0.1838	-0.0367	1.2501	0.9065	NA
NPY6R	0.7408	-0.246	1.2278	0.5158	NA
NQO1	6608.1321	1.2678	0.0614	0	0
NQO2	307.7523	0.8914	0.1907	0	0
NR0B2	1.1108	-0.4041	1.208	0.347	NA
NR1D1	199.1111	0.6521	0.2332	0.0043	0.0079
NR1D2	275.2985	-1.9159	0.2377	0	0
NR1H2	552.0474	-0.6789	0.1475	0	0
NR1H3	74.8932	-0.3676	0.3783	0.3056	0.3881
NR2C1	210.0623	-0.3948	0.2414	0.0948	0.139
NR2C2	401.194	-2.6283	0.1962	0	0
NR2C2AP	235.5591	-1.3582	0.2268	0	0
NR2E3	2.0658	-0.7678	1.181	0.1281	0.182
NR2F1	57.4067	-0.4857	0.4334	0.2292	0.3031
NR2F1-AS1	11.6349	-0.434	0.7686	0.4697	0.5545
NR2F2	13176.3182	1.667	0.0503	0	0
NR2F2-AS1	2.3097	-0.0976	1.0872	0.8614	0.8978
NR2F6	2329.4983	-0.0856	0.0795	0.2807	0.3609
NR3C1	6.4134	-0.1855	0.9082	0.7653	0.8202
NR3C2	282.4555	-0.9867	0.2141	0	0
NR4A1	419.4229	2.3705	0.1854	0	0
NR4A2	26.1063	0.8217	0.5787	0.1058	0.1532
NR4A3	80.5768	2.7021	0.3859	0	0
NR5A1	1.3065	-0.426	1.2183	0.3036	NA
NR6A1	61.2761	-2.6352	0.4881	0	0
NRADDP	2.1389	-0.2693	1.1107	0.62	0.6941
NRARP	1977.3093	0.6996	0.0847	0	0
NRAS	3254.4431	0.9281	0.0786	0	0
NRBF2	521.2505	1.5086	0.1593	0	0
NRBP1	1900.3909	-0.0834	0.0864	0.3333	0.4182
NRBP2	208.9895	0.0167	0.2287	0.9408	0.9584
NRCAM	730.132	1.0769	0.1398	0	0
NRD1	4202.384	0.9942	0.0654	0	0
NRDE2	116.2414	-2.5593	0.3663	0	0
NREP	443.9073	0.9067	0.1733	0	0
NRF1	267.4556	-2.0834	0.239	0	0
NRG1	219.368	0.2166	0.2466	0.3693	0.4549
NRG2	7.0175	-0.1484	0.8867	0.8111	0.8566
NRG4	4.0493	0.1788	0.9983	0.7681	0.8226
NRGN	604.8855	1.209	0.1447	0	0
NRIP1	1550.537	1.0271	0.094	0	0
NRIP2	6.564	-1.883	1.1848	0.0027	0.005
NRIP3	12.9115	-1.1827	0.7974	0.0539	0.0834
NRL	9.7589	-0.9336	0.8408	0.1335	0.1889
NRM	1031.5026	0.8871	0.1135	0	0
NRN1	96.5909	-1.2087	0.3416	2e-04	4e-04
NRN1L	0.1826	-0.0362	1.2501	0.9078	NA
NRON	0.1803	-0.0353	1.2501	0.9103	NA
NRP1	4974.6748	0.5655	0.0652	0	0
NRP2	1109.507	0.7546	0.1154	0	0
NRROS	218.8684	-2.5697	0.2636	0	0
NRSN2	709.4902	0.767	0.1316	0	0
NRTN	141.4499	0.0756	0.3035	0.7968	0.8448
NRXN3	0.557	-0.1667	1.241	0.6266	NA
NS3BP	63.9174	2.2443	0.4241	0	0
NSA2	1882.2482	1.0443	0.0926	0	0
NSD1	748.3162	-0.3601	0.1351	0.0073	0.0128
NSDHL	366.1474	0.0955	0.1769	0.5852	0.6631
NSF	1112.9452	0.5745	0.1074	0	0
NSFL1C	1260.7407	0.2751	0.1041	0.008	0.014
NSFP1	16.4606	0.1019	1.242	0.7621	0.8176
NSG1	488.4713	0.8198	0.1725	0	0
NSL1	382.4329	-0.2569	0.1765	0.141	0.198
NSMAF	511.8764	-0.1901	0.1564	0.22	0.2925
NSMCE1	785.8182	1.0443	0.1252	0	0
NSMCE2	147.5412	-0.0493	0.2731	0.853	0.8918
NSMCE4A	562.8381	-0.3007	0.1454	0.0372	0.0592
NSMF	1296.0031	-0.1989	0.1013	0.0488	0.0762
NSRP1	388.2682	-1.2719	0.1777	0	0
NSUN2	1962.9	0.5927	0.0907	0	0
NSUN3	39.1949	-1.5149	0.5519	0.002	0.0038
NSUN4	317.2715	-2.4484	0.2159	0	0
NSUN5	307.5074	-2.5954	0.2282	0	0
NSUN5P1	60.4912	-0.6647	0.4102	0.0844	0.1252
NSUN5P2	32.8218	-0.3116	0.5435	0.5207	0.6034
NSUN6	64.2202	-1.9123	0.4382	0	0
NSUN7	44.5523	-1.0229	0.477	0.0193	0.0321
NT5C	14.9027	0.5748	0.7273	0.3264	0.4107
NT5C2	1759.9559	-0.7676	0.0923	0	0
NT5C3A	229.6342	-1.1128	0.2396	0	0
NT5C3B	2619.3874	1.1673	0.0805	0	0
NT5DC1	462.8954	0.1607	0.1581	0.3049	0.3872
NT5DC2	5365.42	1.5159	0.061	0	0
NT5DC3	180.8062	-1.0318	0.2549	0	1e-04
NT5E	2310.821	1.4347	0.0821	0	0
NT5M	22.5568	0.277	0.6103	0.5994	0.6756
NTAN1	581.0764	1.1537	0.144	0	0
NTF4	13.9118	0.0521	0.7352	0.9294	0.9498
NTHL1	526.458	0.2117	0.1484	0.1507	0.2103
NTMT1	1970.3503	0.8807	0.0844	0	0
NTN1	25.6509	0.7441	0.6194	0.1624	0.2244
NTN3	16.4603	0.2985	0.6797	0.5968	0.6733
NTN4	6307.3492	0.9024	0.064	0	0
NTN5	0.3634	-0.0979	1.2487	0.7586	NA
NTNG1	0.7332	-0.2399	1.2282	0.5249	NA
NTNG2	0.6672	0.2402	1.2461	0.4743	NA
NTPCR	323.3313	0.7963	0.186	0	0
NTRK2	0.1898	-0.0377	1.2501	0.9042	NA
NTS	118.3887	1.219	0.309	0	1e-04
NUAK1	6804.9402	1.3458	0.075	0	0
NUAK2	2299.9974	2.4786	0.0861	0	0
NUB1	288.7443	-0.7973	0.2127	1e-04	3e-04
NUBP1	377.2561	-0.3116	0.1791	0.0783	0.117
NUBP2	1730.8568	0.6985	0.0892	0	0
NUBPL	131.8487	0.9812	0.3333	0.0021	0.004
NUCB1	4691.152	1.4022	0.0736	0	0
NUCB2	950.2874	1.3293	0.1184	0	0
NUCKS1	11277.6092	0.6479	0.0555	0	0
NUDC	4562.4653	0.2772	0.0647	0	0
NUDCD1	1027.7615	-0.0603	0.1164	0.6026	0.6784
NUDCD2	738.6591	0.8444	0.1302	0	0
NUDCD3	775.5608	-1.5954	0.135	0	0
NUDT1	592.8147	1.467	0.1451	0	0
NUDT12	119.629	-2.439	0.3438	0	0
NUDT13	30.8167	-0.8445	0.5693	0.0925	0.1359
NUDT14	296.0153	1.5409	0.2004	0	0
NUDT15	2088.163	0.6371	0.0879	0	0
NUDT16	477.2806	0.3735	0.1589	0.0177	0.0296
NUDT16L1	574.0718	0.1654	0.148	0.2599	0.3378
NUDT17	21.4518	-0.6818	0.6353	0.2081	0.2789
NUDT18	37.9808	-2.1198	0.5757	0	1e-04
NUDT19	193.9119	-1.8015	0.2553	0	0
NUDT2	225.7472	-0.05	0.2237	0.8199	0.8638
NUDT21	3118.3399	-0.085	0.0729	0.2428	0.3186
NUDT22	235.5727	-0.0191	0.2178	0.9288	0.9493
NUDT3	574.1277	-0.3018	0.148	0.0398	0.0632
NUDT4	2562.1597	-1.7394	0.0922	0	0
NUDT4P1	36.6268	-1.7822	0.5957	6e-04	0.0012
NUDT4P2	1.0246	0.3929	1.2303	0.3111	NA
NUDT5	1181.5673	0.9869	0.108	0	0
NUDT6	114.31	-0.3728	0.3126	0.2164	0.2885
NUDT7	4.7088	-0.3745	0.9721	0.543	0.6247
NUDT8	69.9236	-0.0481	0.3927	0.8968	0.9243
NUDT9	1259.5538	0.9172	0.1033	0	0
NUDT9P1	0.3608	-0.1002	1.2488	0.7529	NA
NUF2	490.7654	-0.9237	0.1585	0	0
NUFIP1	264.0463	-1.6554	0.256	0	0
NUFIP2	3534.9677	1.0719	0.0706	0	0
NUGGC	0.1803	-0.0353	1.2501	0.9102	NA
NUMA1	2720.6322	-0.6538	0.0809	0	0
NUMB	559.3951	-1.3445	0.156	0	0
NUMBL	445.3577	-2.006	0.1864	0	0
NUP107	1766.4582	0.4698	0.0893	0	0
NUP133	1160.8329	-0.2983	0.1063	0.0048	0.0088
NUP153	1797.9459	-1.7702	0.096	0	0
NUP155	1047.1177	-0.5883	0.1232	0	0
NUP160	2111.8972	-0.7538	0.0846	0	0
NUP188	2338.571	0.8154	0.08	0	0
NUP205	3348.763	-0.0632	0.0729	0.3852	0.4702
NUP210	8063.0431	1.302	0.0569	0	0
NUP214	692.9489	-1.667	0.1389	0	0
NUP35	267.9648	-2.2356	0.2343	0	0
NUP37	490.0068	-0.4996	0.1624	0.0019	0.0036
NUP43	811.3831	-1.5253	0.1423	0	0
NUP50	1805.1617	-1.2879	0.1008	0	0
NUP54	567.8895	-1.9454	0.1552	0	0
NUP62	1772.9177	-1.1644	0.1045	0	0
NUP62CL	24.8845	1.0631	0.5984	0.041	0.0649
NUP85	743.4644	-0.8966	0.1292	0	0
NUP88	1242.0875	0.2155	0.1083	0.0456	0.0716
NUP93	2937.1533	0.6731	0.0758	0	0
NUP98	2570.2261	-0.6816	0.0777	0	0
NUPL1	1134.9065	-2.3349	0.1194	0	0
NUPL2	267.8018	-1.1113	0.2275	0	0
NUPR1	3.9604	0.632	1.0143	0.3003	0.3827
NUS1	1896.3976	-0.1337	0.0915	0.1428	0.2002
NUSAP1	1986.4385	-0.862	0.0868	0	0
NUTF2	3528.0069	1.1639	0.0686	0	0
NUTM1	0.5506	-0.1628	1.2414	0.6335	NA
NUTM2A	24.0897	-1.0656	0.6204	0.0457	0.0718
NUTM2A-AS1	73.8608	-0.325	0.3714	0.3571	0.443
NUTM2B	13.7467	-0.564	0.7689	0.3478	0.4336
NUTM2D	7.789	-1.2553	0.971	0.0492	0.0767
NUTM2G	3.2698	0.2557	1.0427	0.6641	0.7333
NVL	480.371	-0.6974	0.1571	0	0
NXF1	916.1494	-1.8184	0.128	0	0
NXF3	2.4041	0.5679	1.1328	0.2901	0.3715
NXN	2742.4056	-0.4313	0.0771	0	0
NXNL2	5.6342	-0.103	0.9424	0.8677	0.9019
NXPE3	96.9786	-0.6173	0.3311	0.0522	0.0811
NXPH2	0.3338	0.1444	1.2516	0.6445	NA
NXPH3	15.7647	-0.8396	0.7788	0.1654	0.2281
NXPH4	97.7156	0.9115	0.3454	0.0058	0.0103
NXT1	410.2288	-0.0867	0.1721	0.6106	0.6857
NXT2	171.3569	1.1278	0.2523	0	0
NYAP1	24.6888	-2.2023	0.7136	2e-04	4e-04
NYNRIN	55.2884	-0.3683	0.4342	0.3627	0.4489
NYX	293.4217	2.988	0.2201	0	0
OAF	321.3299	1.6053	0.1922	0	0
OARD1	122.4723	-0.5865	0.2966	0.0411	0.0651
OAS1	1.702	0.6575	1.2138	0.1439	0.2016
OAS2	0.5026	0.0139	1.2463	0.9658	NA
OAS3	683.6356	0.9909	0.1391	0	0
OAT	2556.7688	1.0918	0.0879	0	0
OAZ1	12801.5252	1.3806	0.05	0	0
OAZ2	1427.3947	0.2785	0.0977	0.0043	0.0077
OAZ3	10.8743	0.7855	0.7896	0.1966	0.2654
OBFC1	174.2805	0.1636	0.2588	0.5172	0.5999
OBSCN	104.5653	-1.4652	0.3391	0	0
OBSL1	3883.1235	1.1103	0.0684	0	0
OCA2	5.6183	0.2763	0.9294	0.6563	0.7268
OCEL1	49.5559	0.3639	0.4427	0.3764	0.4611
OCIAD1	1409.5208	0.2789	0.1008	0.0055	0.0098
OCIAD2	861.6324	1.193	0.1211	0	0
OCLM	2.6028	0.2505	1.0682	0.6628	0.732
OCLN	179.057	-0.5558	0.2492	0.0225	0.0371
OCRL	536.8819	-0.7184	0.1502	0	0
ODC1	10927.012	1.0193	0.0585	0	0
ODF2	1384.6043	0.2788	0.1006	0.0054	0.0097
ODF2L	59.4714	-2.0497	0.4606	0	0
ODF3B	12.1873	1.4584	0.8018	0.0182	0.0304
ODF3L1	0.5711	-0.1453	1.2489	0.6505	NA
OFD1	143.3168	-1.4893	0.2955	0	0
OGDH	2106.0123	0.458	0.0964	0	0
OGDHL	487.251	0.5358	0.1558	5e-04	0.001
OGFOD1	731.1774	-0.8026	0.1375	0	0
OGFOD2	118.9727	-0.7931	0.3334	0.0132	0.0225
OGFOD3	1241.2469	1.3593	0.1078	0	0
OGFR	460.4037	-1.227	0.1645	0	0
OGFR-AS1	1.0912	-0.1547	1.1934	0.7244	NA
OGFRL1	1077.3343	0.2239	0.1245	0.0707	0.1068
OGG1	275.4964	0.195	0.2042	0.3321	0.417
OGN	2.0172	0.8973	1.1984	0.0735	0.1106
OGT	1172.9983	-1.4608	0.1093	0	0
OIP5	358.7048	-0.2453	0.1816	0.1716	0.2357
OIP5-AS1	706.2497	0.4206	0.1321	0.0013	0.0026
OIT3	1.1205	-0.4056	1.2081	0.3452	NA
OLA1	2297.451	0.3702	0.086	0	0
OLAH	0.884	-0.0846	1.2058	0.8385	NA
OLFM2	1149.3396	1.4443	0.112	0	0
OLFML1	920.6045	1.0589	0.1337	0	0
OLFML2A	33.5714	1.084	0.5311	0.0228	0.0376
OLFML2B	582.2296	1.3626	0.1468	0	0
OLFML3	1.6424	-0.3412	1.1657	0.4839	0.5686
OLIG1	0.1804	-0.0353	1.2501	0.9101	NA
OLR1	5.9129	0.6863	0.954	0.2718	0.3512
OMA1	270.0175	0.6676	0.2039	9e-04	0.0017
OMD	3.1893	0.0587	1.0654	0.9185	0.9411
OMG	0.1893	-0.0374	1.2501	0.9049	NA
ONECUT1	16.7658	-0.563	0.6935	0.3242	0.4085
ONECUT2	171.4206	-0.9937	0.2579	1e-04	2e-04
ONECUT3	0.3608	-0.1002	1.2488	0.7529	NA
OPA1	1797.8523	0.3078	0.0965	0.0014	0.0026
OPA3	317.0628	-1.5531	0.2008	0	0
OPHN1	246.5096	-1.8424	0.2315	0	0
OPLAH	713.404	0.8933	0.134	0	0
OPN3	402.2542	0.8877	0.1774	0	0
OPRD1	0.3418	0.1456	1.2516	0.6419	NA
OPRK1	7.8029	-0.208	0.861	0.737	0.7969
OPRL1	1.0527	-0.1149	1.2087	0.7795	NA
OPTN	979.4942	0.9402	0.115	0	0
OR10AD1	2.1661	0.9605	1.1972	0.06	0.092
OR10H1	0.1898	-0.0377	1.2501	0.9042	NA
OR1F1	0.3703	-0.1026	1.2488	0.7475	NA
OR1F2P	0.9115	-0.0777	1.2168	0.8435	NA
OR2A1-AS1	4.1701	0.0969	1.0075	0.8723	0.9051
OR2A20P	3.6071	-0.2225	1.0509	0.7033	0.7673
OR2A7	0.3797	-0.1048	1.2488	0.7422	NA
OR2A9P	0.899	-0.2617	1.2315	0.4816	NA
OR2B6	0.3427	0.1459	1.2516	0.6413	NA
OR51E1	0.366	-0.102	1.2488	0.7487	NA
OR52W1	0.3797	-0.1048	1.2488	0.7422	NA
OR7E12P	0.1898	-0.0377	1.2501	0.9042	NA
OR7E14P	111.4876	0.5404	0.3202	0.0797	0.1188
ORAI1	368.1769	-1.6895	0.1879	0	0
ORAI2	1080.9184	0.4779	0.1089	0	0
ORAI3	43.5998	-1.401	0.5068	0.0023	0.0043
ORAOV1	194.4806	-2.3533	0.2676	0	0
ORC1	544.502	-1.2622	0.1519	0	0
ORC2	425.6613	-2.8	0.1962	0	0
ORC3	641.1736	0.1048	0.14	0.4509	0.5362
ORC4	368.7615	-2.3107	0.1991	0	0
ORC5	196.8113	-1.25	0.2486	0	0
ORC6	422.1194	-2.3955	0.1865	0	0
ORM2	0.6809	0.2457	1.2454	0.4673	NA
ORMDL1	409.4695	-0.9639	0.1765	0	0
ORMDL2	495.2662	0.6382	0.1612	1e-04	1e-04
ORMDL3	382.506	-0.6292	0.1851	6e-04	0.0012
OS9	2965.7471	1.3587	0.0738	0	0
OSBP	829.3989	-1.6542	0.1293	0	0
OSBP2	115.8703	-0.2175	0.3214	0.4823	0.5671
OSBPL10	543.4803	-1.1486	0.1589	0	0
OSBPL11	596.3646	-0.6283	0.1531	0	1e-04
OSBPL1A	85.9347	0.9096	0.3454	0.0059	0.0105
OSBPL2	478.9947	-0.7193	0.1582	0	0
OSBPL3	257.2228	-1.602	0.2271	0	0
OSBPL5	65.7074	-2.1341	0.4446	0	0
OSBPL6	10.4206	-0.6935	0.853	0.2648	0.3435
OSBPL7	21.5919	-1.7444	0.7041	0.0026	0.0049
OSBPL8	865.312	-0.6249	0.1207	0	0
OSBPL9	1635.7638	0.3654	0.0919	1e-04	1e-04
OSCAR	4.8301	0.4886	0.9691	0.4293	0.5153
OSCP1	18.0456	-0.4582	0.6856	0.4192	0.5057
OSER1	1180.0972	1.8309	0.1076	0	0
OSER1-AS1	8.3346	-1.3557	0.9869	0.0343	0.055
OSGEP	602.8215	1.1369	0.1417	0	0
OSGEPL1	108.2684	-2.8159	0.377	0	0
OSGEPL1-AS1	7.2185	1.189	0.9382	0.0621	0.0948
OSGIN1	143.6985	-4.0731	0.416	0	0
OSGIN2	1218.6748	-1.0999	0.1201	0	0
OSM	0.3338	0.1444	1.2516	0.6445	NA
OSMR	1101.6924	0.5974	0.1081	0	0
OSR1	0.6742	0.2853	1.2368	0.431	NA
OSR2	326.5511	0.591	0.1881	0.0015	0.0028
OST4	2032.7698	1.6031	0.0846	0	0
OSTC	2256.4489	1.1804	0.0811	0	0
OSTF1	76.714	0.3666	0.3624	0.2884	0.3697
OSTM1	1226.4475	1.4523	0.1251	0	0
OSTN	0.3608	-0.1002	1.2488	0.7529	NA
OTOGL	0.6676	0.2404	1.2461	0.4741	NA
OTUB1	2861.0915	0.6276	0.0739	0	0
OTUB2	7.8566	-0.3417	0.8621	0.5817	0.6603
OTUD1	64.7684	-1.1639	0.4254	0.0034	0.0062
OTUD3	329.0417	-1.8723	0.2246	0	0
OTUD4	862.8945	-0.9585	0.1394	0	0
OTUD5	833.9408	0.1189	0.1208	0.3223	0.4065
OTUD6B	270.6862	-0.8387	0.2299	2e-04	4e-04
OTUD7A	1.5564	-0.5669	1.1907	0.2293	0.3032
OTUD7B	438.2733	-1.9012	0.1788	0	0
OTX1	141.3455	0.1841	0.2738	0.4898	0.5744
OVCA2	1154.4735	1.2185	0.1059	0	0
OVCH1	4.6934	-0.3236	0.9812	0.5975	0.674
OVGP1	23.3316	3.3455	0.8721	0	0
OVOL1	1.5753	0.4866	1.1806	0.3085	0.3915
OVOL2	2.5073	-0.4995	1.1316	0.3495	0.4352
OVOS2	3.8966	0.0431	0.9993	0.9433	0.9599
OXA1L	2390.5791	0.4445	0.0814	0	0
OXCT1	1302.7287	1.4638	0.1052	0	0
OXCT1-AS1	0.5233	0.0573	1.2454	0.8607	NA
OXCT2	18.7129	-0.7497	0.6696	0.1805	0.2464
OXER1	15.7382	-1.4558	0.787	0.0175	0.0293
OXLD1	75.6049	-0.085	0.3726	0.8102	0.8559
OXNAD1	114.1255	-1.6568	0.3265	0	0
OXR1	141.2847	-1.5847	0.2924	0	0
OXSM	133.5012	-1.1265	0.2912	1e-04	1e-04
OXSR1	750.9032	-0.8846	0.1292	0	0
OXTR	15.5106	-0.9375	0.7807	0.1222	0.1745
P2RX2	0.5737	0.196	1.2511	0.5381	NA
P2RX3	1.0253	0.3932	1.2303	0.3108	NA
P2RX4	96.8074	0.951	0.3422	0.0037	0.0068
P2RX5	50.1188	-0.2496	0.4592	0.5563	0.637
P2RX5-TAX1BP3	795.4132	1.7308	0.1308	0	0
P2RX6	0.7122	-0.0125	1.2191	0.9743	NA
P2RY1	27.1973	-0.3554	0.5651	0.4767	0.5618
P2RY11	168.546	1.2967	0.2562	0	0
P2RY12	0.3408	0.1453	1.2516	0.6426	NA
P2RY2	33.487	-1.1771	0.5755	0.02	0.0332
P2RY6	26.0196	-0.6542	0.6113	0.2153	0.2872
P4HA1	1874.7361	1.3356	0.0897	0	0
P4HA2	535.4002	1.0109	0.1535	0	0
P4HA2-AS1	7.4626	-0.2786	0.8693	0.6535	0.7243
P4HA3	0.8185	0.0856	1.2114	0.8324	NA
P4HB	30281.8351	1.472	0.0444	0	0
P4HTM	514.8785	1.2606	0.1571	0	0
PA2G4	9092.9944	0.5684	0.0629	0	0
PA2G4P4	5.0867	0.0679	0.9501	0.9123	0.9366
PAAF1	383.7263	-0.0476	0.1904	0.8002	0.8477
PABPC1	31640.8009	0.9892	0.053	0	0
PABPC1L	91.8208	-0.0161	0.3373	0.9604	0.9713
PABPC3	8.2785	0.0931	0.8353	0.8799	0.9105
PABPC4	8706.679	1.1533	0.0542	0	0
PABPC4L	263.8681	0.7655	0.2163	3e-04	6e-04
PABPN1	2451.0146	0.7368	0.0826	0	0
PACRG	1.0119	-0.352	1.2147	0.3944	NA
PACRGL	85.9896	-1.1916	0.3627	6e-04	0.0011
PACS1	1634.6524	0.8653	0.0932	0	0
PACS2	1468.1766	1.2217	0.0955	0	0
PACSIN1	1.7372	0.3506	1.1576	0.4814	0.5663
PACSIN2	955.9459	-1.3809	0.1226	0	0
PACSIN3	504.5891	-1.0403	0.1574	0	0
PADI1	26.8635	-0.446	0.5716	0.3759	0.4608
PADI2	47.3893	1.2138	0.4609	0.0043	0.0078
PADI3	1.5146	0.4119	1.1951	0.3612	0.4473
PAF1	1246.4975	-0.0112	0.1045	0.914	0.9377
PAFAH1B1	1773.3893	-2.8906	0.1019	0	0
PAFAH1B2	2359.0029	0.7656	0.0829	0	0
PAFAH1B3	1025.9229	1.0896	0.1201	0	0
PAFAH2	200.2631	-1.5587	0.2505	0	0
PAG1	14.5351	-2.1056	0.9226	0.0014	0.0026
PAGR1	1183.8525	0.3757	0.1039	3e-04	6e-04
PAICS	10249.2863	0.9258	0.0559	0	0
PAIP1	1354.639	-0.4177	0.1024	0	1e-04
PAIP2	763.3459	0.0496	0.126	0.6921	0.758
PAIP2B	11.0815	-0.5876	0.7988	0.3352	0.4202
PAK1	254.7463	-0.3905	0.2124	0.0617	0.0943
PAK1IP1	779.2361	-0.7279	0.1442	0	0
PAK2	2971.4548	-0.0573	0.0731	0.4328	0.5186
PAK3	1.8992	0.5615	1.1552	0.2747	0.3544
PAK4	2111.3416	0.1759	0.0867	0.042	0.0664
PAK6	85.3045	-1.1165	0.3889	0.0024	0.0044
PAK7	0.8908	-0.0945	1.2054	0.8203	NA
PALB2	182.9338	-1.1436	0.2668	0	0
PALD1	158.4816	-0.1602	0.2675	0.5387	0.6207
PALLD	118.6558	-0.6128	0.3149	0.0436	0.0687
PALM	1103.0771	0.6273	0.1129	0	0
PALM2	42.7762	0.3294	0.467	0.4439	0.5295
PALM2-AKAP2	197.8595	0.2392	0.734	0.684	0.7506
PALM3	11.195	-0.8453	0.8072	0.1684	0.2318
PALMD	0.1898	-0.0377	1.2501	0.9042	NA
PAM	1205.016	1.4448	0.1055	0	0
PAM16	268.7067	-0.0211	0.2138	0.92	0.9425
PAN2	488.7755	0.8495	0.1542	0	0
PAN3	385.5808	-1.4295	0.1929	0	0
PAN3-AS1	38.2419	1.178	1.14	0.0422	0.0668
PANDAR	0.3418	0.1456	1.2516	0.6419	NA
PANK1	238.9119	-0.9098	0.2204	0	1e-04
PANK2	896.9512	1.9891	0.1219	0	0
PANK3	594.3292	-0.3613	0.1426	0.0107	0.0185
PANK4	497.9986	-0.5864	0.1599	2e-04	4e-04
PANO	26.7661	0.6553	0.5748	0.1949	0.2636
PANX1	787.2651	0.6156	0.131	0	0
PANX2	163.1299	1.4122	0.2669	0	0
PAOX	52.2774	-0.7094	0.4401	0.0829	0.1232
PAPD4	366.2465	-2.5365	0.2043	0	0
PAPD5	628.5115	-0.9287	0.1487	0	0
PAPD7	684.137	-1.8128	0.1446	0	0
PAPLN	110.5936	0.9339	0.3403	0.0042	0.0076
PAPOLA	6047.545	0.6308	0.06	0	0
PAPOLG	161.1424	-2.7298	0.318	0	0
PAPPA	4.0529	0.6051	1.0296	0.3163	0.4002
PAPPA2	5.4426	0.5505	0.948	0.3766	0.4613
PAPSS1	2036.84	1.0949	0.0931	0	0
PAPSS2	1870.6307	1.3378	0.1136	0	0
PAQR3	633.0942	-1.1454	0.1569	0	0
PAQR4	1494.6648	-0.9029	0.1021	0	0
PAQR5	438.1315	-0.3521	0.2125	0.0922	0.1355
PAQR6	12.8717	-0.785	0.7907	0.1971	0.2659
PAQR7	483.6807	-2.8875	0.1896	0	0
PAQR8	107.7962	-0.3518	0.3235	0.2585	0.3363
PAQR9	0.8556	0.213	1.2122	0.6015	NA
PARD3	967.9688	-0.3609	0.1136	0.0014	0.0027
PARD3B	376.0317	-0.4148	0.1814	0.0207	0.0343
PARD6A	220.8729	0.7296	0.2296	0.0012	0.0023
PARD6B	1038.1471	0.9634	0.1108	0	0
PARD6G	146.1492	-0.422	0.2789	0.1196	0.1711
PARD6G-AS1	20.5738	-1.6196	0.761	0.0074	0.013
PARG	623.7239	-1.3596	0.1563	0	0
PARK2	1.236	-0.1816	1.2003	0.6712	NA
PARK7	7363.9794	1.3859	0.0575	0	0
PARL	689.4602	0.6473	0.1383	0	0
PARM1	31.8579	1.6516	0.5798	0.0012	0.0023
PARN	563.7223	-0.7767	0.1467	0	0
PARP1	9764.5668	1.0901	0.052	0	0
PARP10	303.9165	0.3428	0.1913	0.0694	0.105
PARP11	22.838	-1.9239	0.7059	9e-04	0.0018
PARP12	68.0164	-0.3978	0.3854	0.2755	0.3553
PARP14	763.3062	0.2281	0.1302	0.078	0.1167
PARP16	86.1119	-2.2675	0.4018	0	0
PARP2	332.1343	-2.404	0.2108	0	0
PARP3	123.2928	0.3511	0.2921	0.215	0.2868
PARP4	1135.6028	0.648	0.1082	0	0
PARP6	264.963	0.3499	0.2038	0.0814	0.1212
PARP8	165.5726	-0.0378	0.2813	0.89	0.9184
PARP9	235.9677	-0.8149	0.2445	7e-04	0.0013
PARPBP	506.2337	-0.1776	0.1614	0.2668	0.3457
PARS2	162.9322	-0.3937	0.2644	0.1267	0.1802
PART1	0.1897	-0.0376	1.2501	0.9044	NA
PARVA	2591.8976	0.6441	0.0807	0	0
PARVB	11.359	0.6352	0.7777	0.2929	0.3745
PASK	358.9433	-0.7745	0.202	1e-04	2e-04
PATL1	736.2069	-0.8825	0.1305	0	0
PATZ1	716.2034	-0.856	0.1346	0	0
PAWR	2143.6383	0.3217	0.0997	0.0012	0.0023
PAX2	221.3637	-2.1182	0.2505	0	0
PAX6	194.9143	-1.5384	0.256	0	0
PAX8	918.3729	-2.9722	0.1376	0	0
PAX8-AS1	60.0821	1.4696	0.4183	2e-04	4e-04
PAX9	8.1512	-1.3557	1.0104	0.0336	0.0539
PAXBP1	704.1849	0.1957	0.1307	0.1318	0.1867
PAXBP1-AS1	11.3013	0.5168	0.77	0.3898	0.4752
PAXIP1	531.3941	-1.2661	0.1554	0	0
PAXIP1-AS1	116.8609	0.8741	0.3073	0.0032	0.0059
PAXIP1-AS2	8.7024	-0.8576	0.8762	0.1714	0.2355
PBDC1	197.3399	-0.9866	0.2558	1e-04	2e-04
PBK	1145.9989	-0.4315	0.1084	1e-04	1e-04
PBLD	24.9816	0.1856	0.5926	0.7195	0.7819
PBRM1	1621.2933	-0.2467	0.0974	0.011	0.019
PBX1	243.198	-0.7436	0.2177	5e-04	0.001
PBX2	1596.9415	-0.0429	0.092	0.6396	0.7119
PBX3	190.2757	-1.0316	0.2478	0	0
PBX4	38.1017	-1.4332	0.5302	0.0026	0.0048
PBXIP1	465.1782	0.2972	0.1621	0.0642	0.0977
PC	341.5351	0.7406	0.1827	0	1e-04
PCAT1	0.6945	-0.0093	1.2309	0.9795	NA
PCAT14	13.5353	-0.3871	0.733	0.5099	0.5932
PCAT18	0.7032	-0.0078	1.2303	0.9828	NA
PCAT6	8.3184	0.7762	0.8585	0.2133	0.2848
PCBD1	2818.598	1.3566	0.0744	0	0
PCBD2	94.8788	-1.023	0.3404	0.0017	0.0032
PCBP1	14232.9675	2.0522	0.0512	0	0
PCBP1-AS1	1.6712	-0.6261	1.1888	0.1922	0.2603
PCBP2	6792.543	0.2297	0.0626	2e-04	5e-04
PCBP2-OT1	1.6922	0.337	1.1592	0.4962	0.5804
PCBP4	491.0754	0.5994	0.1593	1e-04	3e-04
PCCA	253.7102	0.6058	0.208	0.0031	0.0057
PCCB	1974.1418	1.2204	0.0867	0	0
PCDH1	172.2981	-0.3634	0.2649	0.1593	0.2208
PCDH10	49.2272	1.3261	0.4618	0.0018	0.0035
PCDH12	3.3568	2e-04	1.0329	0.9997	0.9998
PCDH15	0.5141	0.0592	1.2461	0.8552	NA
PCDH17	20.0239	-0.0189	0.6443	0.9724	0.9791
PCDH18	42.1497	1.7642	0.5191	2e-04	3e-04
PCDH19	12.1727	-5e-04	0.7586	0.9994	0.9997
PCDH20	168.3045	0.7473	0.2813	0.0062	0.0111
PCDH7	1331.4131	1.2845	0.1052	0	0
PCDP1	1.1439	0.291	1.1942	0.5119	NA
PCED1A	219.8912	-0.467	0.2308	0.0391	0.0621
PCED1B	14.5142	-2.1404	1.1363	0.0012	0.0022
PCED1B-AS1	0.3414	0.1455	1.2516	0.6422	NA
PCF11	495.8275	-1.4231	0.1762	0	0
PCGF1	86.523	-3.4814	0.4558	0	0
PCGF2	1159.5931	-0.4328	0.112	1e-04	2e-04
PCGF3	718.6748	-1.1299	0.138	0	0
PCGF5	1201.7602	0.1463	0.1107	0.1842	0.2508
PCGF6	288.0675	-0.8394	0.2127	1e-04	1e-04
PCID2	866.9479	0.0869	0.1194	0.4643	0.5493
PCIF1	433.5753	-1.273	0.1748	0	0
PCK2	806.4571	0.714	0.1286	0	0
PCLO	1.7768	-0.1542	1.1263	0.7693	0.8235
PCM1	1451.1071	-0.5455	0.1049	0	0
PCMT1	1274.1859	0.4358	0.1055	0	1e-04
PCMTD1	57.8171	-0.6623	0.4297	0.0985	0.1438
PCMTD2	162.6891	-1.8231	0.2795	0	0
PCNA	2602.8204	-0.8535	0.0779	0	0
PCNA-AS1	433.5576	-0.5622	0.1737	0.0011	0.0021
PCNP	2692.5816	0.752	0.0808	0	0
PCNT	1048.8025	-0.9615	0.113	0	0
PCNX	616.6104	-0.9129	0.142	0	0
PCNXL2	89.8506	0.4649	0.3432	0.1571	0.2182
PCNXL3	3036.8797	1.0974	0.0728	0	0
PCNXL4	612.3966	-1.8519	0.1535	0	0
PCOLCE	2282.4596	1.5002	0.0895	0	0
PCOLCE-AS1	9.6751	1.4665	0.896	0.0219	0.0362
PCOLCE2	39.392	1.9407	0.5177	0	1e-04
PCP2	0.3651	-0.1017	1.2488	0.7494	NA
PCP4	64.0006	0.9554	0.3969	0.0106	0.0184
PCSK1N	98.3091	1.8488	0.3378	0	0
PCSK4	26.9115	0.1778	0.5708	0.7239	0.7858
PCSK5	592.5999	1.2511	0.1455	0	0
PCSK6	48.8991	1.4466	0.4704	8e-04	0.0016
PCSK7	1796.0912	0.9459	0.0985	0	0
PCSK9	725.4153	1.3113	0.1315	0	0
PCTP	136.33	-0.7215	0.2863	0.0094	0.0164
PCYOX1	2466.5108	0.9612	0.0789	0	0
PCYOX1L	74.8233	1.2648	0.3797	4e-04	9e-04
PCYT1A	231.6167	-1.2272	0.2283	0	0
PCYT1B	6.1844	0.1168	0.912	0.8508	0.89
PCYT2	517.4112	-0.133	0.153	0.3808	0.4655
PDAP1	5524.9682	1.0322	0.0604	0	0
PDCD10	319.9935	-2.063	0.2127	0	0
PDCD11	2188.4705	-0.5378	0.094	0	0
PDCD2	1055.566	0.4262	0.1103	1e-04	2e-04
PDCD2L	114.011	-1.8012	0.3464	0	0
PDCD4	181.4339	-0.6627	0.263	0.0097	0.0169
PDCD4-AS1	7.1179	0.6634	0.887	0.2888	0.3701
PDCD5	1377.2469	0.9007	0.0984	0	0
PDCD6	1647.0604	0.6373	0.0918	0	0
PDCD6IP	2442.0869	0.3976	0.0792	0	0
PDCD7	985.5378	-0.242	0.1153	0.0349	0.0559
PDCL	283.4358	-0.6076	0.2098	0.0032	0.006
PDCL2	0.3891	-0.1078	1.2488	0.7352	NA
PDCL3	576.4965	0.4615	0.1494	0.0018	0.0035
PDCL3P4	2.5153	-0.137	1.0987	0.8034	0.8503
PDDC1	436.8775	-0.122	0.1718	0.4731	0.5581
PDE10A	112.8717	-0.38	0.3136	0.209	0.2798
PDE11A	0.3608	-0.1002	1.2488	0.7529	NA
PDE12	1079.4758	-0.3635	0.112	0.0011	0.0022
PDE1A	0.9013	-0.2952	1.2202	0.4583	NA
PDE1B	0.5315	0.0593	1.2448	0.8566	NA
PDE2A	0.667	0.2401	1.2461	0.4744	NA
PDE3A	976.8095	-1.0649	0.1258	0	0
PDE3B	43.4743	0.4078	0.4784	0.3527	0.4385
PDE4A	207.5621	-0.4271	0.2312	0.0597	0.0915
PDE4B	20.3898	1.845	0.6853	0.0012	0.0024
PDE4C	0.8669	0.1904	1.2222	0.6227	NA
PDE4D	205.5433	0.5337	0.2347	0.0204	0.0338
PDE4DIP	1070.0882	0.038	0.1116	0.7319	0.7928
PDE5A	63.3846	-1.8677	0.4588	0	0
PDE6A	22.6175	0.4324	0.6093	0.4117	0.4978
PDE6B	3.7268	0.8254	1.0617	0.1682	0.2316
PDE6D	212.1148	0.45	0.2272	0.0436	0.0687
PDE7A	208.8224	-2.4048	0.2606	0	0
PDE7B	76.1515	-4.3253	0.6864	0	0
PDE8A	342.1367	-0.2971	0.1837	0.1016	0.1479
PDE8B	8.2755	0.2446	0.8476	0.6922	0.758
PDE9A	197.4644	-1.3328	0.2451	0	0
PDF	604.5491	0.3185	0.1492	0.0314	0.0507
PDGFA	104.9955	-0.3876	0.3262	0.2166	0.2887
PDGFB	1178.9192	0.7639	0.1128	0	0
PDGFC	2275.4528	0.408	0.0811	0	0
PDGFD	622.0452	1.0494	0.1397	0	0
PDGFRA	25.1701	-0.0029	0.6069	0.9956	0.9973
PDGFRB	346.459	-0.0666	0.1809	0.7095	0.7732
PDGFRL	12.7908	0.4059	0.7409	0.4919	0.5764
PDHA1	2419.7984	1.1601	0.08	0	0
PDHB	2891.437	0.5121	0.0825	0	0
PDHX	590.4454	-1.5859	0.1504	0	0
PDIA2	2.4424	0.0812	1.0822	0.8852	0.9146
PDIA3	15761.7653	1.3523	0.0482	0	0
PDIA3P1	56.3785	0.6556	0.4302	0.1023	0.1487
PDIA4	13318.3166	1.4502	0.0494	0	0
PDIA5	580.5636	1.2807	0.1443	0	0
PDIA6	15427.7782	1.5187	0.0489	0	0
PDIK1L	192.6134	-0.6772	0.2422	0.0043	0.0078
PDK1	202.3521	0.2835	0.2386	0.2253	0.2987
PDK2	157.7666	0.3899	0.266	0.1326	0.1876
PDK3	362.1376	0.8036	0.1919	0	0
PDK4	62.8731	-0.3832	0.4785	0.3826	0.4673
PDLIM1	2515.3203	0.6102	0.0793	0	0
PDLIM2	700.9812	0.8632	0.1362	0	0
PDLIM3	2.9001	-0.0939	1.062	0.8706	0.904
PDLIM4	31.7101	-0.4508	0.532	0.3449	0.4304
PDLIM5	2333.6087	-0.0481	0.0855	0.5725	0.6519
PDLIM7	3859.2261	0.4113	0.0667	0	0
PDP1	128.7436	-1.7866	0.3241	0	0
PDP2	433.9512	-0.4402	0.1668	0.0077	0.0135
PDPK1	691.4485	-1.8067	0.1401	0	0
PDPN	16830.7093	1.3047	0.0503	0	0
PDPR	874.1064	-0.4701	0.1205	1e-04	2e-04
PDRG1	431.9024	-1.0422	0.1757	0	0
PDS5A	3728.2541	-0.7075	0.0761	0	0
PDS5B	100.5924	-1.2117	0.3434	2e-04	5e-04
PDSS1	172.1137	-0.9083	0.2668	5e-04	0.001
PDSS2	205.7742	-0.1136	0.2362	0.6235	0.6971
PDX1	0.7501	-0.2469	1.2281	0.5138	NA
PDXDC1	1616.7982	-0.2157	0.0914	0.0179	0.0299
PDXDC2P	32.4096	-1.7426	0.6049	9e-04	0.0018
PDXK	9570.4464	0.0438	0.0596	0.4623	0.5475
PDXP	1247.755	0.7052	0.1013	0	0
PDYN	0.1804	-0.0353	1.2501	0.9101	NA
PDZD11	447.3471	1.1337	0.1611	0	0
PDZD2	396.397	-1.9257	0.1965	0	0
PDZD4	392.2801	0.785	0.1736	0	0
PDZD7	3.5499	-0.0235	1.0146	0.9688	0.977
PDZD8	1316.4502	0.6051	0.1057	0	0
PDZD9	32.9914	0.4877	0.6106	0.3553	0.4411
PDZK1	9.5528	0.2793	0.8173	0.6485	0.7198
PDZK1IP1	237.2936	1.794	0.2444	0	0
PEA15	1153.3826	-1.0071	0.1209	0	0
PEAK1	244.2051	-1.2149	0.221	0	0
PEAR1	2.0698	0.1806	1.1001	0.7426	0.802
PEBP1	8344.8375	1.3883	0.0539	0	0
PECAM1	23.9329	0.9958	0.614	0.06	0.092
PECR	180.4857	0.947	0.2465	1e-04	2e-04
PEF1	794.3754	-0.6408	0.1274	0	0
PEG10	33160.2932	0.9949	0.0565	0	0
PELI1	674.3415	0.4632	0.1378	7e-04	0.0014
PELI2	526.9852	0.5241	0.1744	0.0024	0.0045
PELI3	135.0793	-1.3523	0.3063	0	0
PELO	913.5413	1.8844	0.1238	0	0
PELP1	1780.8929	-0.2778	0.091	0.0022	0.0041
PEMT	621.9352	0.8736	0.1479	0	0
PEPD	1763.3459	1.4313	0.0901	0	0
PER1	249.2667	-1.8735	0.2311	0	0
PER2	150.4986	-1.8307	0.2895	0	0
PER3	142.3966	-0.2221	0.2972	0.4403	0.5258
PERM1	6.5267	0.6143	0.9323	0.3256	0.4098
PERP	2242.4347	1.3615	0.0827	0	0
PES1	3530.66	0.6424	0.0737	0	0
PET100	347.2737	1.39	0.1848	0	0
PET112	571.8569	0.9816	0.1449	0	0
PET117	120.9962	-1.0612	0.3315	8e-04	0.0017
PEX1	362.2323	-0.2879	0.1792	0.1041	0.1511
PEX10	945.9609	0.7592	0.1155	0	0
PEX11A	13.1641	-2.0908	0.998	0.0017	0.0032
PEX11B	175.5718	-3.7025	0.3384	0	0
PEX11G	17.8671	0.6616	0.6693	0.237	0.312
PEX12	264.3588	2.0646	0.2139	0	0
PEX13	373.0827	-0.4339	0.1774	0.0134	0.0228
PEX14	240.3055	-3.4879	0.2867	0	0
PEX16	100.6071	-0.5568	0.3272	0.0766	0.1148
PEX19	574.6015	-0.3462	0.1464	0.0172	0.0288
PEX2	330.0118	-0.6783	0.1916	3e-04	7e-04
PEX26	1012.1458	0.1458	0.1126	0.1932	0.2616
PEX3	169.1627	-0.6808	0.2572	0.0067	0.0119
PEX5	567.3775	-1.1037	0.1644	0	0
PEX5L	2.0502	-0.7604	1.1811	0.1311	0.1858
PEX6	548.4297	0.7661	0.1468	0	0
PEX7	91.7624	0.8783	0.344	0.0076	0.0134
PFAS	3671.2343	0.26	0.068	1e-04	3e-04
PFDN1	575.5077	0.145	0.1459	0.3167	0.4006
PFDN2	997.9027	1.1768	0.1127	0	0
PFDN4	263.7192	0.3763	0.2233	0.0862	0.1276
PFDN5	1928.9526	1.3469	0.0856	0	0
PFDN6	732.2004	0.9597	0.1379	0	0
PFKFB1	0.3713	-0.1031	1.2488	0.7462	NA
PFKFB2	117.4692	-2.6168	0.3644	0	0
PFKFB3	775.9922	-0.879	0.1462	0	0
PFKFB4	8.9971	-1.2569	0.9194	0.0489	0.0762
PFKL	3718.0765	1.3778	0.0699	0	0
PFKM	2041.0752	0.5947	0.0913	0	0
PFKP	3801.4154	0.871	0.0805	0	0
PFN1	47232.7562	1.5275	0.0497	0	0
PFN1P2	2.8799	-0.2628	1.0639	0.649	0.7203
PFN2	4187.6234	0.966	0.0672	0	0
PFN4	3.2476	0.0647	1.0426	0.9123	0.9366
PGA4	1.5179	0.4123	1.195	0.3609	0.4471
PGAM1	15969.0728	1.2698	0.0504	0	0
PGAM1P5	8.7112	1.1186	0.8794	0.0764	0.1146
PGAM2	8.7642	0.5917	0.8647	0.3418	0.4275
PGAM4	3.2327	0.989	1.1511	0.0747	0.1123
PGAM5	2203.434	-0.2856	0.0871	0.001	0.002
PGAP1	213.9409	-0.2742	0.2274	0.2192	0.2915
PGAP2	329.0037	-0.0734	0.1867	0.6905	0.7566
PGAP3	134.501	0.1226	0.284	0.6568	0.7272
PGBD1	45.4241	-2.119	0.5347	0	0
PGBD2	87.7572	-0.6113	0.3478	0.066	0.1003
PGBD4	15.2097	0.2948	0.6998	0.6073	0.6827
PGBD5	94.4469	-1.5789	0.3637	0	0
PGD	6723.8105	0.9588	0.0578	0	0
PGF	12.0358	-1.7991	0.95	0.0059	0.0106
PGGT1B	171.9639	-1.8332	0.2774	0	0
PGK1	10064.7328	1.3473	0.0556	0	0
PGLS	1248.7196	1.1364	0.1124	0	0
PGM1	3253.3521	1.1108	0.0786	0	0
PGM2	1035.78	0.8338	0.1174	0	0
PGM2L1	19.9748	-1.2032	0.6808	0.0336	0.054
PGM3	693.799	-0.5177	0.136	1e-04	3e-04
PGM5	11.9152	0.9127	0.7777	0.1317	0.1865
PGP	2802.4946	1.5893	0.0751	0	0
PGPEP1	126.2438	-1.2924	0.3094	0	0
PGPEP1L	0.1898	-0.0377	1.2501	0.9042	NA
PGRMC1	2511.9536	1.1757	0.0777	0	0
PGRMC2	1524.9067	0.1795	0.0931	0.0532	0.0824
PGS1	216.1786	-1.5044	0.2383	0	0
PHACTR1	1.7951	-0.4392	1.1629	0.3766	0.4613
PHACTR2	1270.1648	-1.2807	0.1097	0	0
PHACTR4	619.415	-2.1571	0.1662	0	0
PHAX	1730.209	1.0004	0.0905	0	0
PHB	9084.7544	1.2588	0.0586	0	0
PHB2	8112.6976	1.0636	0.0582	0	0
PHC1	1546.635	0.6866	0.0968	0	0
PHC2	764.3889	-1.1011	0.1295	0	0
PHC3	461.6556	-0.3331	0.1663	0.0431	0.068
PHEX	6.1093	0.4405	0.931	0.4792	0.5643
PHF1	459.0462	-0.2873	0.1594	0.0689	0.1043
PHF10	773.1392	0.4109	0.1295	0.0014	0.0027
PHF11	70.41	-0.8818	0.3999	0.0192	0.0319
PHF12	653.7605	-1.1683	0.1481	0	0
PHF13	1787.4714	1.8589	0.09	0	0
PHF14	671.7968	-1.0992	0.1432	0	0
PHF19	949.6494	0.5035	0.1145	0	0
PHF2	163.4653	-1.1564	0.2709	0	0
PHF20	278.5144	-1.785	0.2156	0	0
PHF20L1	523.2099	-0.6764	0.1535	0	0
PHF21A	131.71	-2.3628	0.3815	0	0
PHF21B	360.3034	0.6732	0.1784	1e-04	3e-04
PHF23	1816.4875	1.5117	0.0881	0	0
PHF3	1108.7034	-0.5351	0.1116	0	0
PHF5A	1008.8676	0.4626	0.112	0	1e-04
PHF6	743.9164	-0.8984	0.1302	0	0
PHF7	43.0235	0.3523	0.4786	0.4221	0.5084
PHF8	572.4974	-0.946	0.1465	0	0
PHGDH	2720.5229	0.79	0.0782	0	0
PHIP	1369.2473	-1.1378	0.1265	0	0
PHKA1	399.6576	0.8802	0.1728	0	0
PHKA2	397.6363	0.6045	0.1724	4e-04	8e-04
PHKA2-AS1	1.5487	0.4707	1.1809	0.3229	0.4072
PHKB	2230.19	1.2873	0.081	0	0
PHKG1	141.0136	1.543	0.2865	0	0
PHKG2	448.297	-0.0494	0.1618	0.7581	0.8145
PHLDA1	11706.6334	2.4716	0.0605	0	0
PHLDA2	53.6132	1.2599	0.4383	0.002	0.0037
PHLDA3	802.1031	0.9	0.1229	0	0
PHLDB1	1506.1115	-1.4589	0.0991	0	0
PHLDB2	118.8096	-1.6539	0.3205	0	0
PHLDB3	67.2228	-1.0594	0.4271	0.0078	0.0138
PHLPP1	666.0352	-1.0177	0.1402	0	0
PHLPP2	264.6038	-1.8721	0.2219	0	0
PHOSPHO1	3.8506	0.2324	1.0103	0.6998	0.7648
PHOSPHO2	17.0506	-1.6444	0.7753	0.007	0.0124
PHPT1	2172.7165	1.4884	0.0841	0	0
PHRF1	1562.4049	-1.3235	0.0967	0	0
PHTF1	386.5845	-0.0864	0.1721	0.612	0.6868
PHTF2	969.5812	-0.466	0.1182	1e-04	2e-04
PHYH	125.117	1.1514	0.2934	1e-04	1e-04
PHYHD1	167.8632	0.7357	0.2646	0.0043	0.0079
PHYHIP	0.455	0.0556	1.2499	0.8594	NA
PHYHIPL	1.4712	-0.5388	1.1957	0.2434	0.3192
PHYKPL	219.105	1.5769	0.2392	0	0
PI16	1.1648	-0.0257	1.1813	0.9551	NA
PI3	1.536	0.4725	1.1796	0.323	0.4072
PI4K2A	321.2114	-1.6489	0.2027	0	0
PI4K2B	357.7382	-0.4506	0.1789	0.0108	0.0187
PI4KA	3525.9584	1.2872	0.0694	0	0
PI4KAP1	87.1875	0.1303	0.3638	0.707	0.7709
PI4KAP2	287.9596	0.1128	0.1974	0.5621	0.6426
PI4KB	684.0712	-1.4281	0.1401	0	0
PIANP	0.7009	0.3032	1.2356	0.4084	NA
PIAS1	403.6147	-2.9668	0.2193	0	0
PIAS2	378.3983	-0.9258	0.1905	0	0
PIAS3	364.9997	-1.0383	0.1822	0	0
PIAS4	211.0337	-2.6807	0.2688	0	0
PIBF1	162.6338	-1.2218	0.2774	0	0
PICALM	2809.8746	-0.1933	0.0979	0.0475	0.0743
PICK1	244.1473	-0.9401	0.2183	0	0
PID1	0.3699	-0.1024	1.2488	0.7479	NA
PIDD	299.4913	0.334	0.1957	0.0836	0.1242
PIEZO1	8041.7542	1.3609	0.0603	0	0
PIF1	148.4689	-2.3379	0.3084	0	0
PIFO	1.8553	-0.3445	1.1792	0.4631	0.5482
PIGA	207.0835	-0.0999	0.2322	0.6608	0.7306
PIGB	102.5121	-0.1267	0.3501	0.7051	0.7691
PIGC	409.1419	-0.8087	0.1748	0	0
PIGF	226.1366	0.9382	0.2277	0	1e-04
PIGG	809.1667	0.7996	0.1249	0	0
PIGH	95.1227	-1.1437	0.3434	5e-04	0.001
PIGK	830.3917	1.3163	0.1229	0	0
PIGL	85.4334	-0.274	0.3602	0.425	0.511
PIGM	426.0779	1.2459	0.1796	0	0
PIGN	652.0239	1.1976	0.1367	0	0
PIGO	1240.2078	0.8119	0.1044	0	0
PIGP	102.0544	-0.1391	0.3344	0.6646	0.7337
PIGQ	632.0556	-0.0081	0.1449	0.9553	0.9683
PIGR	0.7079	0.3079	1.2353	0.4027	NA
PIGS	1983.0911	1.145	0.0857	0	0
PIGT	2244.9295	1.5013	0.0817	0	0
PIGU	568.5099	0.3708	0.1443	0.0096	0.0167
PIGV	87.4432	-0.9023	0.3496	0.0069	0.0122
PIGW	890.53	1.4788	0.1201	0	0
PIGX	621.6315	0.332	0.1384	0.0157	0.0266
PIGY	793.0364	0.7095	0.1331	0	0
PIGZ	38.1353	0.0296	0.4912	0.9473	0.9628
PIH1D1	943.5945	0.7728	0.1164	0	0
PIH1D2	2.298	0.1359	1.0942	0.8063	0.8526
PIK3AP1	5.3813	0.5103	0.9404	0.4125	0.4987
PIK3C2A	1699.1325	-0.3385	0.0956	4e-04	8e-04
PIK3C2B	216.996	-2.2892	0.2521	0	0
PIK3C3	227.3027	-0.8233	0.2236	2e-04	4e-04
PIK3CA	164.7945	-1.3158	0.2755	0	0
PIK3CB	706.2706	-1.0717	0.138	0	0
PIK3CD	30.9598	-1.3657	0.5801	0.0073	0.0128
PIK3IP1	17.6492	-0.6479	0.6909	0.2557	0.3331
PIK3R1	2097.1751	0.0174	0.0939	0.8523	0.8913
PIK3R2	1958.9401	0.6046	0.0868	0	0
PIK3R3	274.9571	-2.1761	0.2257	0	0
PIK3R4	387.5457	-1.0386	0.177	0	0
PIKFYVE	390.2021	-1.7292	0.1937	0	0
PILRA	1.3874	0.1942	1.1699	0.6829	0.7498
PILRB	76.0779	0.074	0.3661	0.8319	0.8744
PIM1	1474.5763	1.6804	0.0965	0	0
PIM2	112.4227	-1.9302	0.3378	0	0
PIM3	1222.3891	-0.1527	0.1035	0.1387	0.1953
PIN1	2136.0238	1.2562	0.0865	0	0
PIN4	480.42	0.6044	0.1546	1e-04	2e-04
PIN4P1	3.2604	0.6513	1.0853	0.2596	0.3375
PINK1	299.0124	0.9548	0.1957	0	0
PINK1-AS	349.6293	1.4067	0.1854	0	0
PINLYP	0.6778	0.1375	1.2353	0.6985	NA
PINX1	255.7343	-0.9206	0.2148	0	0
PIP4K2A	286.1171	-2.8955	0.236	0	0
PIP4K2B	1217.2396	-1.7097	0.108	0	0
PIP4K2C	538.7618	0.207	0.1489	0.1611	0.2229
PIP5K1A	1302.0581	-1.5689	0.1106	0	0
PIP5K1B	31.0475	-0.7874	0.5585	0.1117	0.1609
PIP5K1C	753.9615	-0.515	0.1355	1e-04	3e-04
PIP5KL1	1.5394	-0.1259	1.1426	0.8042	0.8509
PIPSL	3.041	-0.0994	1.0491	0.8647	0.8998
PIR	610.5237	0.8621	0.141	0	0
PIR-FIGF	1.2632	-0.3877	1.2172	0.3468	NA
PISD	314.2544	-2.6787	0.2259	0	0
PITHD1	464.153	-2.2189	0.1763	0	0
PITPNA	1480.5828	-0.0985	0.0962	0.3043	0.3866
PITPNA-AS1	70.9477	-1.6521	0.4105	0	0
PITPNB	833.044	-2.7387	0.1422	0	0
PITPNC1	133.6552	-0.8986	0.2878	0.0013	0.0025
PITPNM1	7566.0695	0.7991	0.0573	0	0
PITPNM2	176.0093	-1.3486	0.2807	0	0
PITPNM3	17.7309	-1.2694	0.7449	0.033	0.0531
PITRM1	2624.0114	1.2769	0.0773	0	0
PITRM1-AS1	8.973	0.2081	0.8217	0.7344	0.795
PITX1	1523.2066	0.3615	0.0953	1e-04	3e-04
PITX2	57.0476	-0.7157	0.4214	0.0694	0.1051
PITX3	20.3527	1.1213	0.6725	0.046	0.0722
PIWIL2	0.3801	-0.1049	1.2488	0.7419	NA
PIWIL3	0.5403	-0.14	1.2488	0.6623	NA
PIWIL4	0.3608	-0.1002	1.2488	0.7529	NA
PJA1	332.8678	0.2663	0.2101	0.1978	0.2667
PJA2	951.1408	-0.8559	0.1176	0	0
PKD1	1220.6552	-1.2811	0.1075	0	0
PKD1L1	1.3657	0.1293	1.1841	0.7752	NA
PKD1L2	4.2241	0.7264	1.0654	0.2203	0.2928
PKD1P1	1292.4975	-0.9016	0.1059	0	0
PKD2	1772.2802	0.6498	0.0878	0	0
PKD2L1	5.8875	0.3274	0.9362	0.5979	0.6742
PKD2L2	9.9948	-1.0922	0.8596	0.0819	0.1219
PKDCC	169.964	-3.0832	0.3148	0	0
PKDREJ	2.8771	0.4822	1.1275	0.3688	0.4545
PKHD1	1.2086	0.0399	1.1941	0.9269	NA
PKHD1L1	2.2098	0.3201	1.1472	0.5291	0.6117
PKI55	215.66	0.1931	0.2315	0.3951	0.4805
PKIG	303.9421	0.1868	0.1922	0.3246	0.4089
PKLR	0.5411	-0.1402	1.2488	0.6618	NA
PKM	51076.3364	1.2678	0.0425	0	0
PKMYT1	896.2749	-1.7371	0.1258	0	0
PKN1	2751.5708	1.0164	0.0749	0	0
PKN2	998.5531	-1.639	0.1231	0	0
PKN3	1122.2406	-0.5062	0.1123	0	0
PKNOX1	288.2773	-2.2302	0.2271	0	0
PKNOX2	0.3791	-0.1046	1.2488	0.7427	NA
PKP2	1846.5235	-0.3453	0.0892	1e-04	2e-04
PKP3	602.7062	0.1724	0.1398	0.2142	0.2858
PKP4	2052.392	-0.321	0.0896	3e-04	7e-04
PLA2G10	0.5411	-0.1402	1.2488	0.6618	NA
PLA2G12A	366.1908	0.5166	0.1788	0.0035	0.0064
PLA2G15	722.9798	0.6744	0.132	0	0
PLA2G16	2014.3673	0.9651	0.0839	0	0
PLA2G2A	0.3689	-0.1018	1.2488	0.7492	NA
PLA2G3	6.6151	-0.2579	0.9014	0.6783	0.7462
PLA2G4A	0.3799	-0.1049	1.2488	0.7421	NA
PLA2G4B	56.6406	-0.3977	1.1491	0.4358	0.5214
PLA2G4C	0.5982	0.1158	1.2402	0.7348	NA
PLA2G4E	0.3608	-0.1002	1.2488	0.7529	NA
PLA2G6	45.7012	0.1136	0.4589	0.7887	0.8386
PLA2R1	462.5052	1.0887	0.1587	0	0
PLAA	463.7233	-2.2141	0.1756	0	0
PLAC1	3.5698	0.4043	1.0983	0.4686	0.5534
PLAC4	0.1898	-0.0377	1.2501	0.9042	NA
PLAC8	483.2976	0.8527	0.1658	0	0
PLAC8L1	0.4991	-0.1312	1.2451	0.6909	NA
PLAC9	5.3645	-0.1446	0.9436	0.8151	0.86
PLAG1	135.435	-2.7024	0.3385	0	0
PLAGL1	233.8709	-0.2538	0.2194	0.2392	0.3144
PLAGL2	915.8064	-1.0989	0.1196	0	0
PLAT	9.1143	0.4642	0.8199	0.4497	0.5352
PLAU	806.5725	0.945	0.1435	0	0
PLAUR	26.921	0.1331	0.585	0.795	0.8433
PLB1	3.0739	-0.3126	1.0577	0.5912	0.668
PLBD1	4297.6558	1.3988	0.0705	0	0
PLBD2	1120.7449	1.2283	0.115	0	0
PLCB1	10.0203	0.3366	0.7949	0.5795	0.6582
PLCB2	561.5275	0.6014	0.1577	1e-04	3e-04
PLCB3	2186.8935	0.7313	0.0815	0	0
PLCB4	25.4899	-0.3572	0.5804	0.483	0.5677
PLCD1	16.4559	0.3128	0.6885	0.5821	0.6607
PLCD3	3219.763	0.7151	0.0711	0	0
PLCD4	17.1259	-1.3588	0.7364	0.0218	0.036
PLCE1	488.6228	-0.469	0.1605	0.0032	0.0059
PLCE1-AS1	1.5767	-0.0751	1.1591	0.8775	0.9088
PLCG1	1064.5479	-1.2765	0.1163	0	0
PLCG2	33.7137	-0.1819	0.5202	0.6982	0.7635
PLCH1	82.7566	-2.1026	0.3978	0	0
PLCH2	0.5325	0.0594	1.2447	0.8564	NA
PLCL1	1.3347	0.6061	1.2092	0.178	NA
PLCL2	22.3332	-0.7425	0.6384	0.1718	0.2358
PLCXD1	713.6791	-2.0782	0.1691	0	0
PLCXD2	20.0369	1.0185	0.6481	0.0635	0.0967
PLCXD3	0.1898	-0.0376	1.2501	0.9042	NA
PLD1	71.6733	-1.5744	0.4	0	1e-04
PLD2	492.5247	0.3293	0.1643	0.0431	0.068
PLD3	2942.0879	1.5023	0.0752	0	0
PLD4	1.0187	0.3902	1.2305	0.3135	NA
PLD6	243.6778	1.0383	0.2297	0	0
PLEC	12623.6621	0.5363	0.0517	0	0
PLEK	0.1898	-0.0377	1.2501	0.9042	NA
PLEK2	3.3556	-0.18	1.0588	0.756	0.8128
PLEKHA1	500.1388	-1.1271	0.1664	0	0
PLEKHA2	267.8256	-2.0821	0.2264	0	0
PLEKHA3	196.8551	-0.157	0.2395	0.5032	0.5869
PLEKHA4	556.1169	-0.7396	0.1603	0	0
PLEKHA5	317.9469	-1.1155	0.2018	0	0
PLEKHA6	151.0062	-2.5557	0.3297	0	0
PLEKHA7	964.0967	-2.1859	0.1358	0	0
PLEKHA8	426.9003	-0.4388	0.1727	0.0102	0.0177
PLEKHA8P1	19.7123	-0.3068	0.6412	0.5733	0.6525
PLEKHB1	10.1849	0.9487	0.8508	0.1287	0.1827
PLEKHB2	1896.3019	-0.1347	0.105	0.1979	0.2668
PLEKHF1	80.2833	-0.2662	0.3566	0.434	0.5195
PLEKHF2	264.9933	0.5178	0.2111	0.0127	0.0216
PLEKHG1	3.1544	-1.1157	1.17	0.0437	0.0689
PLEKHG2	1358.9535	-0.1193	0.099	0.2267	0.3003
PLEKHG3	1277.4359	-0.0178	0.1127	0.8739	0.9061
PLEKHG4	508.454	0.4621	0.1543	0.0025	0.0047
PLEKHG4B	879.2646	-1.2263	0.1301	0	0
PLEKHG5	134.59	-0.2529	0.2815	0.3552	0.441
PLEKHG6	126.5663	-0.2703	0.2982	0.3491	0.4348
PLEKHH1	81.0892	-1.759	0.4026	0	0
PLEKHH2	196.0426	-0.8457	0.2603	9e-04	0.0017
PLEKHH3	347.1681	-1.7049	0.1934	0	0
PLEKHJ1	735.1786	-1.2775	0.1352	0	0
PLEKHM1	159.2954	-1.8478	0.2953	0	0
PLEKHM1P	17.7977	-0.841	0.6821	0.1374	0.1937
PLEKHM2	1773.5166	-0.0177	0.0915	0.8465	0.8865
PLEKHM3	152.1435	0.4748	0.2723	0.0732	0.1103
PLEKHN1	9.464	-0.6041	0.8337	0.3282	0.4126
PLEKHO1	933.1289	-0.5341	0.1192	0	0
PLEKHO2	131.4632	-1.1494	0.2989	1e-04	2e-04
PLGLB1	1.3196	-0.472	1.2029	0.2884	NA
PLGLB2	1.2627	-0.3875	1.2172	0.347	NA
PLGRKT	165.493	0.8618	0.2587	6e-04	0.0013
PLIN2	68.3318	-2.039	0.429	0	0
PLIN3	969.8347	0.0095	0.1171	0.9351	0.9542
PLIN4	15.8197	0.549	0.6877	0.334	0.4192
PLIN5	1.4074	-0.0254	1.1632	0.958	0.97
PLK1	3156.363	-0.719	0.0717	0	0
PLK1S1	45.7229	-1.7339	0.5151	2e-04	4e-04
PLK2	23018.2787	2.8137	0.0539	0	0
PLK3	119.5324	-1.7165	0.3226	0	0
PLK4	658.2418	-1.0718	0.1401	0	0
PLK5	1.0253	0.3932	1.2303	0.3108	NA
PLLP	139.3073	-1.5858	0.3096	0	0
PLOD1	10667.3435	1.4105	0.0512	0	0
PLOD2	41.7494	1.7283	0.4972	1e-04	3e-04
PLOD3	3598.7855	1.4927	0.071	0	0
PLP2	638.4058	0.9945	0.1412	0	0
PLRG1	684.7668	-0.7803	0.1431	0	0
PLS1	575.0618	0.7295	0.1575	0	0
PLS3	31302.4012	1.1187	0.0532	0	0
PLSCR1	324.5469	0.0334	0.1868	0.8563	0.894
PLSCR3	303.8183	0.932	0.1931	0	0
PLSCR4	0.1939	-0.0399	1.25	0.8985	NA
PLTP	953.3505	1.3771	0.1241	0	0
PLVAP	4.9707	0.8626	0.9966	0.1656	0.2283
PLXDC1	31.5446	1.0661	0.5401	0.0271	0.0442
PLXDC2	6.9812	0.2209	0.8871	0.7222	0.7844
PLXNA1	4078.7627	-0.3589	0.075	0	0
PLXNA2	6.4575	0.3781	0.8973	0.5437	0.6254
PLXNA3	132.3404	0.2637	0.2861	0.3423	0.4281
PLXNA4	0.6674	0.2403	1.2461	0.4741	NA
PLXNB1	3236.5184	0.5172	0.0736	0	0
PLXNB2	8439.7995	0.1579	0.056	0.0048	0.0087
PLXNB3	89.0504	0.3008	0.347	0.3648	0.4509
PLXNC1	4.4993	-0.6306	1.022	0.2992	0.3815
PLXND1	26798.6547	1.0775	0.0515	0	0
PM20D1	0.3351	0.1447	1.2516	0.6438	NA
PM20D2	1194.1216	0.9516	0.2736	3e-04	7e-04
PMAIP1	119.6011	-1.3359	0.3143	0	0
PMCH	2.8414	-0.0489	1.0612	0.9325	0.9522
PMEL	15.1041	1.2336	0.7564	0.0397	0.0631
PMEPA1	4.8509	-0.9342	1.0405	0.1273	0.1809
PMF1	2132.9796	0.8885	0.0871	0	0
PMF1-BGLAP	262.4114	1.602	0.2114	0	0
PMFBP1	4.6941	0.3351	0.9626	0.5871	0.6647
PML	141.6947	-2.5027	0.3463	0	0
PMM1	165.0622	-0.2472	0.268	0.3438	0.4294
PMM2	606.1515	-0.9795	0.1447	0	0
PMP22	326.182	-0.6448	0.1927	7e-04	0.0014
PMPCA	2141.3671	0.7037	0.087	0	0
PMPCB	1019.9114	0.2216	0.1116	0.0461	0.0724
PMS1	248.2389	-1.6187	0.2268	0	0
PMS2	209.0851	-2.0444	0.2596	0	0
PMS2CL	43.1941	-1.101	0.486	0.0131	0.0224
PMS2L2	3.0165	0.1042	1.0779	0.8539	0.8925
PMS2P1	167.5698	0.5123	0.2527	0.038	0.0604
PMS2P3	14.1518	-1.2	0.7683	0.047	0.0736
PMS2P4	19.7641	0.0018	0.6341	0.9974	0.9983
PMS2P5	18.6907	-0.2882	0.6543	0.6014	0.6773
PMVK	645.4161	1.0471	0.1427	0	0
PNCK	9.6701	-0.0607	0.8064	0.9207	0.943
PNISR	566.0087	-2.5067	0.1651	0	0
PNKD	1127.8352	0.8691	0.1069	0	0
PNKP	962.471	0.6752	0.1176	0	0
PNLDC1	0.7216	-0.0137	1.2291	0.9701	NA
PNMA1	1066.3403	0.2376	0.1089	0.0285	0.0462
PNMA2	112.3695	-0.8975	0.3144	0.0031	0.0057
PNMA6A	15.3811	-0.5667	0.7584	0.3427	0.4284
PNMAL1	965.579	-1.0935	0.1183	0	0
PNMAL2	0.1804	-0.0353	1.2501	0.9101	NA
PNMT	2.9022	0.3255	1.0861	0.564	0.6442
PNN	2125.8497	-0.6004	0.0832	0	0
PNO1	773.5664	-0.9535	0.1398	0	0
PNOC	158.5105	1.7789	0.2713	0	0
PNP	744.8141	-1.0405	0.1354	0	0
PNPLA2	1082.3217	0.4914	0.1199	0	1e-04
PNPLA3	10.0225	-1.704	1.0191	0.0089	0.0155
PNPLA4	412.4738	0.8013	0.169	0	0
PNPLA6	1499.4505	0.4026	0.0976	0	1e-04
PNPLA7	2.2021	0.6803	1.1594	0.19	0.2577
PNPLA8	118.9149	-1.2893	0.328	0	1e-04
PNPO	638.2294	0.4316	0.138	0.0016	0.0031
PNPT1	1661.3547	0.1279	0.0967	0.1843	0.2509
PNRC1	117.1587	-0.2889	0.3184	0.3463	0.432
PNRC2	3011.8861	0.9186	0.0798	0	0
POC1A	692.5125	-0.6119	0.1356	0	0
POC1B	243.0908	-0.2639	0.2232	0.2287	0.3026
POC1B-GALNT4	24.6353	-3.7677	1.6513	0	0
POC5	94.7595	-2.1883	0.3748	0	0
PODN	21.5747	1.2255	0.6391	0.0243	0.0399
PODNL1	1.0549	-0.3129	1.2246	0.4234	NA
PODXL	2969.689	0.3259	0.0731	0	0
PODXL2	808.7133	1.5496	0.1266	0	0
POF1B	0.1665	-0.0292	1.25	0.9258	NA
POFUT1	2262.6984	0.2167	0.0845	0.0102	0.0176
POFUT2	708.9142	-0.1247	0.132	0.3419	0.4276
POGK	1159.591	-1.1659	0.1146	0	0
POGLUT1	538.0179	1.0523	0.1569	0	0
POGZ	702.5808	-0.9448	0.1335	0	0
POLA1	1062.0069	0.6705	0.1108	0	0
POLA2	685.3536	-1.2317	0.1425	0	0
POLB	214.2862	-0.282	0.2279	0.2074	0.2781
POLD1	2639.896	0.3264	0.0778	0	1e-04
POLD2	6882.9749	1.3448	0.0577	0	0
POLD3	378.3858	-1.342	0.1839	0	0
POLD4	276.1704	0.791	0.2215	3e-04	6e-04
POLDIP2	4301.4183	0.9426	0.0683	0	0
POLDIP3	1127.5556	-2.905	0.1297	0	0
POLE	2557.1566	0.0032	0.0843	0.9698	0.9774
POLE2	132.3136	-1.1183	0.297	1e-04	2e-04
POLE3	2609.5097	0.5322	0.077	0	0
POLE4	878.847	1.4137	0.1195	0	0
POLG	1953.0926	0.6336	0.085	0	0
POLG2	192.3273	0.745	0.2472	0.0021	0.0039
POLH	400.3602	-2.4986	0.1983	0	0
POLI	180.1042	-0.64	0.2697	0.0148	0.025
POLK	267.93	-1.501	0.243	0	0
POLL	178.1018	-0.5583	0.255	0.0249	0.0408
POLM	66.829	-1.2156	0.4268	0.0023	0.0042
POLN	4.1323	-0.3789	1.0052	0.5324	0.6149
POLQ	799.967	-1.0376	0.1259	0	0
POLR1A	1264.0765	-1.2113	0.1099	0	0
POLR1B	1016.5899	-0.9382	0.1145	0	0
POLR1C	401.8796	-2.9338	0.2045	0	0
POLR1D	971.3855	-0.0949	0.1187	0.4215	0.508
POLR1E	478.4595	-1.2463	0.1689	0	0
POLR2A	3558.627	-1.1409	0.0796	0	0
POLR2B	1468.9542	-0.2702	0.0963	0.0049	0.0088
POLR2C	1142.8364	-0.4911	0.1096	0	0
POLR2D	544.9361	-1.9094	0.1578	0	0
POLR2E	8456.317	1.3585	0.0557	0	0
POLR2F	1753.9145	1.6602	0.0921	0	0
POLR2G	882.2426	0.9529	0.1211	0	0
POLR2H	768.0435	0.3378	0.1278	0.0078	0.0138
POLR2I	1065.2987	0.9764	0.1088	0	0
POLR2J	1171.2673	1.0622	0.1047	0	0
POLR2J2	35.4379	-0.076	0.5718	0.8801	0.9106
POLR2J3	202.5685	0.0209	0.2454	0.9307	0.9506
POLR2J4	90.825	0.7977	0.3494	0.0169	0.0283
POLR2K	785.6114	1.1039	0.1351	0	0
POLR2L	4529.625	1.6254	0.0658	0	0
POLR2M	1193.7517	0.5946	0.1045	0	0
POLR3A	517.6707	-1.8932	0.1685	0	0
POLR3B	398.2017	-1.8323	0.1883	0	0
POLR3C	225.0567	-1.2029	0.2324	0	0
POLR3D	294.5085	-2.2056	0.2176	0	0
POLR3E	716.7151	-1.6958	0.1382	0	0
POLR3F	127.8402	-3.0735	0.3642	0	0
POLR3G	150.9281	-1.117	0.2815	0	1e-04
POLR3GL	99.5106	0.3902	0.3228	0.2092	0.28
POLR3H	1154.8439	-0.1909	0.1064	0.0717	0.1082
POLR3K	772.2453	0.0928	0.1343	0.4869	0.5716
POLRMT	1446.4129	-0.8706	0.0969	0	0
POM121	1752.0531	-1.1044	0.0939	0	0
POM121C	1606.108	-1.1161	0.1155	0	0
POM121L10P	0.3335	0.1444	1.2516	0.6446	NA
POM121L8P	0.3418	0.1456	1.2516	0.6419	NA
POM121L9P	1.5559	0.4188	1.1936	0.3561	0.442
POMC	0.8508	0.1847	1.223	0.6312	NA
POMGNT1	1664.1219	1.3811	0.0909	0	0
POMGNT2	688.239	0.1237	0.1342	0.3534	0.4391
POMK	309.8274	-0.0278	0.1916	0.8829	0.9128
POMP	2250.6225	0.9219	0.0883	0	0
POMT1	232.8311	0.1188	0.2182	0.5796	0.6583
POMT2	732.3933	0.4474	0.1297	5e-04	0.001
POMZP3	127.614	1.8789	0.3079	0	0
PON2	2358.3058	1.2783	0.0791	0	0
POP1	383.4602	-2.0826	0.2089	0	0
POP4	508.6747	0.3872	0.1513	0.0099	0.0171
POP5	372.9804	0.5235	0.174	0.0024	0.0044
POP7	1218.8187	0.9269	0.1071	0	0
POPDC2	0.19	-0.0397	1.2501	0.899	NA
POPDC3	0.1804	-0.0353	1.2501	0.9101	NA
POR	1732.5343	0.5084	0.0894	0	0
PORCN	57.4232	0.3153	0.4214	0.4241	0.5101
POSTN	1.6689	0.6448	1.2142	0.1497	0.2091
POT1	180.8626	-1.1744	0.2625	0	0
POTEE	10.8028	0.6837	0.803	0.2634	0.3419
POTEF	8.6079	-0.4731	0.8424	0.4442	0.5298
POTEI	1.0483	0.098	1.2053	0.8139	NA
POTEM	1.9409	0.0203	1.1334	0.9687	0.977
POU2F1	457.3998	-2.2542	0.1827	0	0
POU2F2	1.2743	-0.4567	1.2043	0.3002	NA
POU2F3	0.5506	-0.1627	1.2414	0.6335	NA
POU3F1	19.3127	3.0152	0.8832	0	0
POU3F2	6.4925	0.0518	0.8947	0.9335	0.953
POU3F3	1830.2086	1.7537	0.0943	0	0
POU4F1	57.4901	-1.3364	0.4382	0.001	0.002
POU5F1	127.7725	0.4953	0.3099	0.0978	0.1428
POU5F1B	1.2814	-0.2181	1.1841	0.6324	NA
POU5F1P3	0.3419	0.1456	1.2516	0.6419	NA
POU5F1P4	1.01	0.3877	1.2308	0.3154	NA
POU6F1	121.9613	-0.0258	0.3142	0.9321	0.9519
PP13	18.5619	-0.3378	0.6639	0.544	0.6255
PP14571	107.8749	3.0276	0.3521	0	0
PP2D1	3.1173	0.5206	1.0576	0.3761	0.4609
PP7080	338.6852	0.9809	0.1834	0	0
PPA1	3212.789	0.8528	0.0801	0	0
PPA2	1073.2007	1.1376	0.1086	0	0
PPAN	882.9462	-1.6114	0.1267	0	0
PPAN-P2RY11	8.0615	0.1096	1.2425	0.7441	0.8032
PPAP2A	180.5298	-0.8647	0.2503	4e-04	8e-04
PPAP2B	55.4699	-0.5955	0.4316	0.1389	0.1954
PPAP2C	197.3151	0.9057	0.2374	1e-04	2e-04
PPAPDC1A	0.3834	-0.106	1.2488	0.7395	NA
PPAPDC1B	725.3785	0.7295	0.1285	0	0
PPAPDC2	164.7618	-0.1198	0.2948	0.6751	0.7432
PPAPDC3	3.636	-0.1558	1.0196	0.7946	0.8431
PPARA	172.8084	-0.3669	0.2583	0.1456	0.2038
PPARD	270.9948	-2.2385	0.2266	0	0
PPARG	203.4843	-0.3986	0.2363	0.0852	0.1264
PPARGC1A	98.8449	-1.4396	0.355	0	0
PPARGC1B	130.7166	-0.5584	0.2964	0.0517	0.0803
PPAT	779.2732	-2.035	0.1375	0	0
PPCDC	90.8124	-1.9734	0.3941	0	0
PPCS	511.4786	0.4318	0.1558	0.0052	0.0093
PPDPF	4784.5324	1.4352	0.0641	0	0
PPFIA1	950.4472	-1.5291	0.1241	0	0
PPFIA3	119.9475	-0.743	0.301	0.0107	0.0184
PPFIA4	5.6435	-0.5129	0.9405	0.4102	0.4962
PPFIBP1	1014.6341	-0.8336	0.1198	0	0
PPFIBP2	290.7466	-1.6353	0.2074	0	0
PPHLN1	779.9291	-0.5498	0.1279	0	0
PPIA	29718.9935	1.409	0.0482	0	0
PPIAL4B	0.3293	0.1434	1.2516	0.6468	NA
PPIB	15094.6867	1.5238	0.0502	0	0
PPIC	2109.1489	1.4291	0.0875	0	0
PPID	738.3054	-1.0697	0.1434	0	0
PPIE	772.6926	0.9053	0.1263	0	0
PPIEL	0.9304	-0.3271	1.217	0.4215	NA
PPIF	1438.6391	-1.3243	0.1022	0	0
PPIG	1028.2104	-0.5421	0.112	0	0
PPIH	1331.6261	1.0816	0.1049	0	0
PPIL1	906.061	-0.5542	0.1203	0	0
PPIL2	468.9983	-1.5102	0.1785	0	0
PPIL3	103.7455	-0.8298	0.3298	0.0088	0.0154
PPIL4	462.3657	-0.6502	0.1646	1e-04	1e-04
PPIL6	19.1707	-0.6094	0.673	0.2777	0.3578
PPIP5K1	517.4108	0.7019	0.1689	0	1e-04
PPIP5K2	1228.1377	-0.1394	0.1176	0.2337	0.3083
PPL	151.6826	-0.0714	0.2698	0.7858	0.8362
PPM1A	505.7534	-0.51	0.1796	0.0041	0.0074
PPM1B	1256.8917	-1.0491	0.1115	0	0
PPM1D	506.4777	0.8748	0.1582	0	0
PPM1E	12.5533	0.1459	0.7444	0.8051	0.8516
PPM1F	934.6935	-1.0343	0.1177	0	0
PPM1G	5057.1888	0.573	0.0692	0	0
PPM1H	426.6321	-1.6391	0.1758	0	0
PPM1J	77.0581	0.7525	0.362	0.029	0.0471
PPM1K	42.5922	-2.544	0.6122	0	0
PPM1L	26.9093	0.2626	0.5667	0.5998	0.6759
PPM1M	484.556	0.8129	0.1605	0	0
PPM1N	16.1118	0.5716	0.6854	0.3136	0.3973
PPME1	646.6068	-0.9682	0.1421	0	0
PPOX	116.7465	0.4493	0.3084	0.1314	0.1861
PPP1CA	7540.9346	1.2972	0.0558	0	0
PPP1CB	2694.9942	-0.2155	0.077	0.005	0.0091
PPP1CC	4359.9907	0.1848	0.0701	0.0082	0.0144
PPP1R10	1541.1761	0.0956	0.1013	0.3436	0.4293
PPP1R11	558.6457	0.0571	0.1614	0.7208	0.7831
PPP1R12A	980.7047	-1.9499	0.135	0	0
PPP1R12B	124.6429	-0.8689	0.3404	0.0077	0.0135
PPP1R12C	1012.4864	-0.488	0.1116	0	0
PPP1R13B	387.1304	-1.8918	0.1958	0	0
PPP1R13L	108.5534	-2.5572	0.3846	0	0
PPP1R14A	358.3107	1.1531	0.1861	0	0
PPP1R14B	12240.9399	1.6315	0.0517	0	0
PPP1R14C	6.0416	0.2848	0.9084	0.647	0.7185
PPP1R14D	0.1933	-0.0415	1.2501	0.8944	NA
PPP1R15A	2157.8189	2.4657	0.0886	0	0
PPP1R15B	2425.4339	1.9533	0.0803	0	0
PPP1R16A	671.5036	0.1126	0.1342	0.3983	0.4838
PPP1R16B	0.8558	0.2132	1.2122	0.6012	NA
PPP1R18	3173.4716	2.046	0.075	0	0
PPP1R1A	3.1671	0.3022	1.0491	0.6064	0.6819
PPP1R1B	0.7025	-0.0079	1.2304	0.9827	NA
PPP1R2	261.5601	-0.5275	0.2462	0.0285	0.0463
PPP1R21	156.7166	-0.4221	0.2767	0.1167	0.1673
PPP1R26	1003.3615	0.0367	0.1119	0.7416	0.8011
PPP1R26-AS1	14.1892	-0.3675	0.7254	0.5295	0.612
PPP1R27	0.3352	0.1447	1.2516	0.6437	NA
PPP1R2P3	3.2209	-0.1469	1.0393	0.8031	0.85
PPP1R32	1.9569	-0.2091	1.1158	0.697	0.7624
PPP1R35	468.7273	0.3811	0.1582	0.0151	0.0255
PPP1R36	19.097	0.3731	0.6547	0.499	0.583
PPP1R37	418.824	-1.521	0.1833	0	0
PPP1R3B	672.8766	0.27	0.134	0.0426	0.0674
PPP1R3C	1.1297	-0.4003	1.2096	0.3482	NA
PPP1R3D	103.241	-0.6595	0.3213	0.033	0.053
PPP1R3E	75.157	0.5172	0.3689	0.1404	0.1972
PPP1R3F	49.0779	0.532	0.4505	0.2024	0.2723
PPP1R3G	1.2911	-0.4779	1.2007	0.2865	NA
PPP1R7	843.0802	0.8576	0.1249	0	0
PPP1R8	796.9473	-2.0655	0.1397	0	0
PPP1R9A	427.1047	-1.212	0.1713	0	0
PPP1R9B	1578.4012	-1.2256	0.0958	0	0
PPP2CA	4627.5657	0.8674	0.0648	0	0
PPP2CB	1090.5624	-1.089	0.1104	0	0
PPP2R1A	11367.9294	1.3614	0.0504	0	0
PPP2R1B	843.1582	-0.4559	0.1321	5e-04	0.001
PPP2R2A	1110.1517	-0.0132	0.1081	0.9021	0.9287
PPP2R2B	0.1798	-0.0351	1.2501	0.9107	NA
PPP2R2C	32.3264	0.4913	0.5364	0.3064	0.3889
PPP2R2D	327.4692	-0.7818	0.2072	1e-04	3e-04
PPP2R3A	114.9169	-1.9918	0.3346	0	0
PPP2R3B	425.2952	-0.1453	0.1654	0.375	0.4599
PPP2R3C	402.592	-0.1155	0.1734	0.5007	0.5845
PPP2R4	2942.9477	0.04	0.0729	0.5824	0.6609
PPP2R5A	1677.3549	0.3647	0.0976	2e-04	4e-04
PPP2R5B	82.1765	-2.1192	0.3973	0	0
PPP2R5C	1070.5478	-0.2586	0.1094	0.0176	0.0294
PPP2R5D	1027.6069	-0.6175	0.1131	0	0
PPP2R5E	839.2229	-1.0162	0.1412	0	0
PPP3CA	145.7972	-0.9202	0.2792	7e-04	0.0014
PPP3CB	575.1034	-0.3497	0.1469	0.0164	0.0276
PPP3CC	157.5926	-1.8077	0.2995	0	0
PPP3R1	706.8388	-2.2983	0.1477	0	0
PPP4C	2928.2252	0.8701	0.0747	0	0
PPP4R1	1964.3289	0.2632	0.0847	0.0018	0.0035
PPP4R1L	1.2531	-0.2098	1.1852	0.6439	NA
PPP4R2	624.9821	-0.1497	0.1387	0.2771	0.3573
PPP4R4	0.3777	-0.1063	1.2489	0.7385	NA
PPP5C	2083.2875	0.3872	0.0833	0	0
PPP5D1	2.8903	-0.1802	1.0694	0.7529	0.8105
PPP6C	1045.0487	-0.0354	0.1114	0.7496	0.8076
PPP6R1	3647.875	0.2697	0.068	1e-04	2e-04
PPP6R2	701.549	-0.4859	0.1372	4e-04	7e-04
PPP6R3	1323.967	-1.8682	0.1059	0	0
PPRC1	1151.5374	-2.158	0.1155	0	0
PPT1	3054.3678	1.2744	0.0745	0	0
PPT2	1175.5208	0.9059	0.1095	0	0
PPT2-EGFL8	37.284	-0.3559	0.5944	0.4919	0.5764
PPTC7	447.9526	-0.9445	0.1804	0	0
PPWD1	301.3768	-2.1971	0.2167	0	0
PQBP1	377.8755	-0.4744	0.1766	0.0066	0.0117
PQLC1	999.2121	-0.0901	0.1144	0.4287	0.5147
PQLC2	263.4356	-1.611	0.2278	0	0
PQLC3	174.17	0.9312	0.2607	2e-04	5e-04
PRADC1	316.2405	1.138	0.1923	0	0
PRAF2	503.5639	1.1066	0.1586	0	0
PRAM1	0.3335	0.1444	1.2516	0.6446	NA
PRAP1	22.4976	1.0313	0.6164	0.0521	0.0809
PRC1	2047.9744	-1.62	0.09	0	0
PRC1-AS1	12.8894	0.3877	1.1216	0.4708	0.5556
PRCC	1125.6601	-0.6111	0.107	0	0
PRCD	1.3052	-0.4846	1.2003	0.2811	NA
PRCP	2204.2174	1.3213	0.0832	0	0
PRDM1	43.4414	1.4718	0.5011	0.0012	0.0023
PRDM10	188.7824	-1.3945	0.2546	0	0
PRDM11	218.5783	-1.1884	0.5803	0.0195	0.0325
PRDM12	10.0584	1.5645	0.8793	0.0144	0.0244
PRDM13	21.5026	-0.2596	0.6463	0.6354	0.708
PRDM15	171.9816	-1.7323	0.278	0	0
PRDM16	0.4007	-0.1174	1.2491	0.7124	NA
PRDM2	309.891	-2.8077	0.2398	0	0
PRDM4	453.5106	-1.3233	0.1676	0	0
PRDM5	0.1802	-0.0352	1.2501	0.9103	NA
PRDM6	336.8528	0.218	0.1923	0.2504	0.3272
PRDM7	0.2198	-0.0552	1.2499	0.8603	NA
PRDX1	21637.1991	1.3802	0.0486	0	0
PRDX2	9668.4282	1.5092	0.0534	0	0
PRDX3	8526.3191	1.3099	0.0575	0	0
PRDX4	2762.1855	1.4314	0.075	0	0
PRDX5	3011.3306	1.5557	0.0746	0	0
PRDX6	6379.3957	1.2868	0.0727	0	0
PREB	932.9308	-0.8362	0.1203	0	0
PRELID1	10010.7888	1.3603	0.0554	0	0
PRELID2	121.0979	-0.4913	0.3099	0.1005	0.1464
PRELP	1.6944	0.31	1.1735	0.5144	0.597
PREP	905.556	0.5222	0.1211	0	0
PREPL	1092.1749	-0.1901	0.114	0.0938	0.1376
PREX1	13.2497	-0.3846	0.7344	0.5131	0.5961
PREX2	1275.7455	-0.2219	0.1053	0.0344	0.0551
PRF1	0.1899	-0.0377	1.2501	0.904	NA
PRG1	0.1898	-0.0377	1.2501	0.9042	NA
PRG4	3.0419	1.2781	1.1968	0.0208	0.0344
PRH1	0.5602	-0.1666	1.2407	0.6275	NA
PRH1-PRR4	19.3049	-0.2679	0.6557	0.6277	0.7011
PRH2	0.3792	-0.1063	1.2489	0.7386	NA
PRICKLE1	1870.5501	1.1722	0.0901	0	0
PRICKLE3	137.827	-1.631	0.2956	0	0
PRICKLE4	23.3231	-0.0371	0.5952	0.943	0.9599
PRIM1	192.683	-2.1791	0.2666	0	0
PRIM2	388.1977	-0.8069	0.1768	0	0
PRIMA1	1.4431	-0.4467	1.2118	0.2962	0.3783
PRIMPOL	152.3298	-0.9641	0.2829	4e-04	9e-04
PRKAA1	860.9692	-1.4099	0.1323	0	0
PRKAA2	1.8511	-0.3872	1.1642	0.4311	0.5171
PRKAB1	291.8086	-1.235	0.2043	0	0
PRKAB2	155.0196	-2.7783	0.3177	0	0
PRKACA	2409.7316	1.1188	0.0789	0	0
PRKACB	336.3773	-1.2846	0.2028	0	0
PRKAG1	324.6724	-0.5547	0.1885	0.0029	0.0053
PRKAG2	675.4047	-1.2525	0.1488	0	0
PRKAG2-AS1	0.7335	-0.2027	1.24	0.5599	NA
PRKAG3	0.1804	-0.0353	1.2501	0.9101	NA
PRKAR1A	5590.0877	0.9425	0.0677	0	0
PRKAR1B	255.5619	0.0914	0.2291	0.6844	0.751
PRKAR2A	2057.7992	0.376	0.0839	0	0
PRKAR2A-AS1	2.3753	-0.5572	1.1441	0.2888	0.3701
PRKAR2B	19.0846	-0.0208	0.6414	0.9695	0.9774
PRKCA	1216.732	0.2107	0.1121	0.059	0.0906
PRKCD	241.937	-1.8317	0.2299	0	0
PRKCDBP	0.3418	0.1456	1.2516	0.6419	NA
PRKCE	205.1569	0.0993	0.2337	0.6647	0.7338
PRKCG	8.7578	0.1119	0.8429	0.856	0.894
PRKCH	1.9555	-0.1848	1.1381	0.7192	0.7816
PRKCI	1065.0698	-0.8904	0.1126	0	0
PRKCQ	84.5469	-1.6589	0.375	0	0
PRKCQ-AS1	44.9041	-1.0607	0.4962	0.0188	0.0313
PRKCSH	8065.3374	1.1206	0.0564	0	0
PRKCZ	341.3115	-0.9116	0.1885	0	0
PRKD1	38.1214	-1.062	0.5136	0.0221	0.0364
PRKD2	408.6106	-2.096	0.1854	0	0
PRKD3	643.6978	-1.6949	0.1572	0	0
PRKDC	10226.4167	0.5851	0.0612	0	0
PRKG2	2.0929	-0.1824	1.1239	0.73	0.7913
PRKRA	551.5285	-0.2877	0.1462	0.0474	0.0741
PRKRIP1	255.5554	-1.7221	0.223	0	0
PRKRIR	1497.4685	0.4364	0.0952	0	0
PRKX	914.06	-0.7269	0.1196	0	0
PRKXP1	6.5144	-0.8625	0.9534	0.17	0.2338
PRMT1	10342.1129	1.0636	0.0562	0	0
PRMT2	1164.9932	0.3609	0.1074	7e-04	0.0015
PRMT3	541.4992	0.1235	0.1612	0.4393	0.5248
PRMT5	2699.8298	-0.1628	0.0782	0.0369	0.0589
PRMT6	818.8174	1.2501	0.1233	0	0
PRMT7	448.2973	-0.1511	0.1631	0.3498	0.4355
PRMT9	130.5653	-2.3094	0.3268	0	0
PRNCR1	1.7673	-0.1476	1.1312	0.7768	0.8294
PRNP	753.2037	0.2204	0.1303	0.0888	0.1311
PRO2852	0.3329	0.1442	1.2516	0.645	NA
PROB1	4.6862	-0.474	1.0162	0.4334	0.519
PROC	0.1758	-0.0307	1.2501	0.9219	NA
PROCA1	10.1207	-0.1681	0.7941	0.7819	0.8336
PROCR	819.7158	1.5212	0.1293	0	0
PRODH	254.8702	0.1409	0.2147	0.5046	0.5881
PRODH2	0.6949	-0.0094	1.2309	0.9793	NA
PROM1	2.2264	0.3994	1.1074	0.468	0.5528
PROM2	0.7235	-0.0324	1.2183	0.9337	NA
PRORSD1P	10.6735	1.1522	0.8151	0.0625	0.0954
PROS1	241.5771	1.4067	0.2193	0	0
PROSC	927.544	0.0326	0.1156	0.777	0.8295
PROSER1	635.9606	-2.2301	0.1508	0	0
PROSER2	552.1557	0.6408	0.1497	0	0
PROSER2-AS1	7.6681	1.1533	0.9191	0.0697	0.1054
PROX1	0.7346	-0.2219	1.2415	0.5207	NA
PROX2	0.6949	-0.0208	1.2202	0.9569	NA
PROZ	3.3739	-0.1968	1.0282	0.7408	0.8005
PRPF18	262.3127	0.5345	0.2107	0.01	0.0173
PRPF19	4914.7716	0.626	0.0627	0	0
PRPF3	488.3298	-1.1322	0.1596	0	0
PRPF31	3029.7915	0.9869	0.072	0	0
PRPF38A	1052.6369	-0.8869	0.111	0	0
PRPF38B	1577.2723	0.3624	0.0984	2e-04	5e-04
PRPF39	325.9871	-0.725	0.1914	1e-04	3e-04
PRPF4	980.5654	-1.0087	0.1169	0	0
PRPF40A	2021.889	-0.8707	0.0917	0	0
PRPF40B	99.0184	-0.0903	0.3293	0.7753	0.8283
PRPF4B	1392.9341	-0.3214	0.099	0.0011	0.0022
PRPF6	1510.6674	-0.19	0.0955	0.046	0.0723
PRPF8	13259.9506	1.1098	0.0541	0	0
PRPH	2.0714	0.7839	1.2095	0.0975	0.1425
PRPH2	0.731	-0.2394	1.2292	0.5235	NA
PRPS1	1359.976	0.5152	0.1056	0	0
PRPS2	849.5008	-0.1843	0.1327	0.1624	0.2244
PRPSAP1	487.8238	-0.8141	0.1572	0	0
PRPSAP2	318.3952	-1.0069	0.1947	0	0
PRR11	1670.5209	-0.8358	0.0969	0	0
PRR12	990.8286	-2.3268	0.1389	0	0
PRR13	1310.9198	0.3116	0.1143	0.0062	0.011
PRR14	412.6038	-0.5822	0.173	7e-04	0.0013
PRR14L	604.2844	-1.5258	0.1469	0	0
PRR15	22.3214	-0.1638	0.6125	0.7566	0.8132
PRR15L	2.1676	-0.0083	1.1158	0.9876	0.9911
PRR16	0.1898	-0.0377	1.2501	0.9042	NA
PRR18	1.0283	0.1039	1.2066	0.8018	NA
PRR19	16.862	-0.746	0.7014	0.1945	0.2631
PRR22	24.2423	-0.1711	0.6096	0.7454	0.8041
PRR24	156.6272	0.4585	0.2607	0.0715	0.1079
PRR25	1.0014	0.3838	1.2311	0.319	NA
PRR26	47.7697	0.5359	0.4456	0.1951	0.2637
PRR3	816.3158	1.6392	0.1291	0	0
PRR5	207.1271	-0.5206	0.231	0.0216	0.0357
PRR5L	141.1388	-1.9541	0.3039	0	0
PRR7	235.6663	0.7317	0.217	6e-04	0.0012
PRR7-AS1	2.0052	0.8696	1.2004	0.0792	0.1182
PRRC1	719.7122	-1.5104	0.1399	0	0
PRRC2A	6655.8648	-0.5889	0.0571	0	0
PRRC2B	5010.1273	0.0494	0.0629	0.4313	0.5173
PRRC2C	1774.2471	-1.3825	0.0946	0	0
PRRG1	81.8714	-2.5948	0.4275	0	0
PRRG2	21.183	0.6516	0.6385	0.2304	0.3046
PRRG4	1.0482	-0.3345	1.2272	0.3883	NA
PRRT1	13.9431	-0.4001	0.7705	0.5053	0.5888
PRRT2	24.3054	0.7785	0.6024	0.1363	0.1923
PRRT3	86.8379	0.5674	0.3535	0.0927	0.1362
PRRT3-AS1	102.7181	1.7825	0.3324	0	0
PRRX1	5.5535	-1.6889	1.1754	0.0057	0.0102
PRRX2	774.1978	-0.0694	0.1276	0.5841	0.6623
PRSS12	25.1162	1.9327	0.6402	4e-04	8e-04
PRSS16	7.1722	-1.3618	1.0202	0.0324	0.0522
PRSS22	1.5066	-0.5673	1.1941	0.2245	0.2979
PRSS23	1371.8561	1.4197	0.1004	0	0
PRSS27	0.2029	-0.0447	1.25	0.8865	NA
PRSS3	0.6857	0.248	1.2451	0.4643	NA
PRSS33	1.398	0.2374	1.1703	0.6183	0.6924
PRSS35	381.844	1.227	0.176	0	0
PRSS36	8.2896	0.344	0.8482	0.578	0.6569
PRSS50	0.5227	0.0572	1.2454	0.8609	NA
PRSS53	40.3993	0.1496	0.4864	0.7366	0.7967
PRSS56	0.7404	-0.2458	1.2279	0.5161	NA
PRSS8	56.057	0.4777	0.4347	0.2382	0.3132
PRTFDC1	657.7874	0.9635	0.14	0	0
PRTG	743.0499	2.001	0.1363	0	0
PRTN3	1.9399	-0.1801	1.1436	0.7228	0.7849
PRUNE	92.8212	-2.056	0.3842	0	0
PRUNE2	114.6874	-0.2819	0.3038	0.3373	0.4227
PRX	99.5453	-0.4591	0.3259	0.1429	0.2004
PSAP	13435.4715	1.4124	0.0492	0	0
PSAPL1	27.7702	1.4309	0.5901	0.0055	0.0098
PSAT1	4551.9564	0.6641	0.0749	0	0
PSCA	1.6117	-0.0812	1.1728	0.8624	0.8985
PSD	44.2634	0.4818	0.4734	0.268	0.3469
PSD2	0.5702	-0.1451	1.2489	0.651	NA
PSD3	2.4018	-0.3303	1.1274	0.5329	0.6154
PSD4	141.5433	-1.5519	0.2953	0	0
PSEN1	536.0544	-1.825	0.1587	0	0
PSEN2	234.1482	0.1015	0.2231	0.6432	0.7151
PSENEN	582.2972	0.8597	0.1466	0	0
PSG9	0.4935	-2e-04	1.2469	0.9995	NA
PSIMCT-1	28.7057	-0.814	0.5706	0.1055	0.1529
PSIP1	3183.3532	0.5829	0.071	0	0
PSKH1	872.5435	-0.2197	0.128	0.0843	0.1252
PSMA1	3622.4937	0.8453	0.0704	0	0
PSMA2	3215.924	1.0434	0.074	0	0
PSMA3	2241.1159	0.7784	0.0863	0	0
PSMA4	4534.8757	1.0065	0.0647	0	0
PSMA5	1955.0345	0.6589	0.0844	0	0
PSMA6	3207.6498	0.6751	0.0727	0	0
PSMA7	8789.9721	1.2298	0.0544	0	0
PSMB1	3622.3036	0.858	0.0713	0	0
PSMB10	498.8119	1.3604	0.1589	0	0
PSMB2	4608.0244	0.9183	0.0739	0	0
PSMB3	3534.8473	1.2099	0.0763	0	0
PSMB4	5659.5004	1.064	0.0608	0	0
PSMB5	4760.0346	1.0216	0.0627	0	0
PSMB6	2261.5065	1.0834	0.0802	0	0
PSMB7	3410.183	0.8088	0.0703	0	0
PSMB8	257.7814	1.0608	0.2132	0	0
PSMB9	28.279	1.568	0.5884	0.0023	0.0043
PSMC1	3399.7632	0.2437	0.0692	4e-04	8e-04
PSMC2	1839.7452	-0.0637	0.0876	0.466	0.5509
PSMC3	4334.6219	0.9578	0.0685	0	0
PSMC3IP	223.9285	-1.2393	0.2377	0	0
PSMC4	3958.2613	0.7127	0.0677	0	0
PSMC5	3264.2518	0.4448	0.0729	0	0
PSMC6	1283.4327	-1.3753	0.1051	0	0
PSMD1	4005.2318	0.6493	0.0658	0	0
PSMD10	1019.4552	0.7028	0.1105	0	0
PSMD11	3267.323	-0.0782	0.0724	0.2791	0.3593
PSMD12	659.7812	-1.5378	0.1508	0	0
PSMD13	3589.2288	0.9628	0.0684	0	0
PSMD14	1850.6781	0.0012	0.094	0.99	0.9928
PSMD2	12789.0831	1.2044	0.0506	0	0
PSMD3	5671.8009	0.8422	0.0595	0	0
PSMD4	3084.9689	0.8529	0.0729	0	0
PSMD5	639.0486	-1.132	0.14	0	0
PSMD5-AS1	81.1905	-0.4239	0.3572	0.2135	0.285
PSMD6	1518.824	0.0422	0.1017	0.6769	0.7449
PSMD6-AS2	6.3382	0.0932	0.8969	0.8807	0.911
PSMD7	1801.3275	-0.2093	0.0879	0.017	0.0285
PSMD8	4445.2313	1.1051	0.0656	0	0
PSMD9	1366.8818	0.8528	0.1033	0	0
PSME1	2246.0262	1.4026	0.0819	0	0
PSME2	1910.9256	1.3225	0.0871	0	0
PSME3	3727.7497	-0.2127	0.0734	0.0037	0.0068
PSME4	1905.8276	0.0698	0.0864	0.4179	0.5042
PSMF1	1837.7443	0.4362	0.0932	0	0
PSMG1	712.1323	-0.1521	0.1366	0.2622	0.3406
PSMG2	358.859	-2.0641	0.1943	0	0
PSMG3	409.538	-0.4914	0.1682	0.0032	0.0058
PSMG3-AS1	24.8965	-0.14	0.5844	0.7844	0.8352
PSMG4	215.1492	-0.1816	0.2304	0.4217	0.5081
PSORS1C1	1.2077	0.3472	1.1933	0.4391	NA
PSORS1C2	0.6748	0.2858	1.2368	0.4304	NA
PSORS1C3	1.3112	-0.4674	1.2031	0.2922	NA
PSPC1	1224.456	0.111	0.1031	0.2802	0.3604
PSPH	663.2126	-0.0545	0.1454	0.7058	0.7697
PSPN	1.0233	0.1006	1.2068	0.8078	NA
PSRC1	771.9625	-0.885	0.1402	0	0
PSTK	14.6822	-0.6041	0.7269	0.3022	0.3845
PSTPIP1	0.5507	-0.1583	1.2413	0.6426	NA
PSTPIP2	121.7361	-2.1365	0.3442	0	0
PTAFR	5.8584	-1.2498	1.1154	0.0371	0.0591
PTAR1	1410.2823	-2.5585	0.1155	0	0
PTBP1	16925.1268	0.7398	0.047	0	0
PTBP2	149.6774	-0.0968	0.2796	0.7217	0.784
PTBP3	2084.8604	-0.4003	0.0863	0	0
PTCD1	606.4084	0.2784	0.1399	0.045	0.0708
PTCD2	97.4639	-1.6112	0.3598	0	0
PTCD3	1186.4384	-0.5209	0.1073	0	0
PTCH1	466.6411	-1.5331	0.1858	0	0
PTCH2	43.045	-1.132	0.493	0.0117	0.0201
PTCHD2	0.3336	0.1444	1.2516	0.6446	NA
PTCHD3P1	351.8314	0.2789	0.1798	0.1164	0.167
PTDSS1	2204.5564	0.0418	0.0859	0.6255	0.699
PTDSS2	1141.8248	0.5326	0.11	0	0
PTEN	308.9044	0.4269	0.2172	0.0455	0.0715
PTER	168.4029	-1.9626	0.2763	0	0
PTGDR	1.1228	0.4375	1.2274	0.2726	NA
PTGDR2	1.8727	0.5957	1.1703	0.2334	0.308
PTGDS	688.6335	2.0727	0.1413	0	0
PTGER1	5.739	0.5786	0.935	0.354	0.4397
PTGER2	156.7518	-1.3989	0.2851	0	0
PTGER4	5456.5313	3.0665	0.075	0	0
PTGER4P2-CDK2AP2P2	1.7209	0.3942	1.1388	0.4493	0.5349
PTGES	623.2312	0.38	0.1468	0.0091	0.0159
PTGES2	2201.407	1.0284	0.0862	0	0
PTGES2-AS1	2.7755	0.4223	1.0702	0.4648	0.5498
PTGES3	6073.2096	0.0835	0.0612	0.1718	0.2358
PTGES3L	46.3869	0.2653	0.4526	0.5267	0.6093
PTGES3L-AARSD1	28.4848	0.946	0.6044	0.0709	0.1072
PTGFRN	2101.2821	1.1874	0.0855	0	0
PTGIR	0.1898	-0.0377	1.2501	0.9042	NA
PTGIS	2.8606	-0.2611	1.0611	0.652	0.7231
PTGR1	1503.4176	1.2427	0.0958	0	0
PTGR2	266.3937	0.7101	0.2045	4e-04	9e-04
PTGS1	1.056	-0.1275	1.2088	0.756	NA
PTGS2	1.3593	0.6104	1.2099	0.1744	NA
PTH1R	5.2056	0.3747	0.9468	0.5456	0.6272
PTK2	1846.735	-0.1245	0.0898	0.1644	0.2268
PTK2B	6.0166	-0.9623	0.9846	0.1252	0.1784
PTK6	3.3181	0.2134	1.0277	0.72	0.7824
PTK7	5594.2465	1.1492	0.0755	0	0
PTMA	59707.6626	1.444	0.043	0	0
PTMS	11674.4387	1.3292	0.0511	0	0
PTOV1	3737.138	1.2214	0.0673	0	0
PTOV1-AS1	78.0159	-1.039	0.3716	0.0032	0.0059
PTP4A1	4633.1398	0.7919	0.0706	0	0
PTP4A2	3934.7413	0.5561	0.0667	0	0
PTP4A3	46.9515	-1.3029	0.4872	0.0034	0.0062
PTPDC1	61.3839	-2.6108	0.4915	0	0
PTPLA	226.5337	1.4089	0.2226	0	0
PTPLAD1	3189.3439	0.2113	0.0731	0.0038	0.0069
PTPLAD2	105.3997	0.6692	0.3308	0.0351	0.0563
PTPLB	529.4255	0.443	0.1533	0.0036	0.0065
PTPMT1	749.0902	0.6323	0.1263	0	0
PTPN1	696.0384	-2.1261	0.1495	0	0
PTPN11	7419.2172	0.772	0.0663	0	0
PTPN12	1169.0038	-1.2492	0.108	0	0
PTPN13	1696.0573	-0.0977	0.0902	0.2774	0.3575
PTPN14	1334.3736	-1.3882	0.1101	0	0
PTPN18	440.6128	0.1671	0.1614	0.296	0.3781
PTPN2	538.6064	-0.294	0.1504	0.0488	0.0761
PTPN20B	0.3581	-0.0977	1.2488	0.7591	NA
PTPN21	211.8045	-2.4099	0.2588	0	0
PTPN22	0.1898	-0.0377	1.2501	0.9042	NA
PTPN23	1356.1737	-0.3522	0.099	4e-04	7e-04
PTPN3	319.2758	-2.3727	0.2186	0	0
PTPN4	126.5226	-1.5535	0.3274	0	0
PTPN5	1.861	0.2669	1.1224	0.6161	0.6905
PTPN6	99.3746	-1.3889	0.3438	0	1e-04
PTPN9	997.981	-1.1879	0.1169	0	0
PTPRA	1389.5541	0.3177	0.103	0.002	0.0037
PTPRB	111.8144	0.1699	0.3068	0.5664	0.6463
PTPRC	65.0398	0.2003	0.4048	0.599	0.6752
PTPRCAP	1.4522	-0.5216	1.1988	0.2524	0.3294
PTPRD	1110.5618	0.1429	0.1332	0.2801	0.3604
PTPRE	1.102	-0.3988	1.2088	0.3513	NA
PTPRF	18599.867	1.5764	0.0668	0	0
PTPRG	3060.4992	1.0384	0.0763	0	0
PTPRG-AS1	5.1344	0.77	0.9841	0.2157	0.2877
PTPRH	63.3735	-0.4681	0.4167	0.2307	0.3048
PTPRJ	2859.3102	-0.5435	0.0774	0	0
PTPRK	619.4867	0.5747	0.1394	0	1e-04
PTPRM	740.2055	0.9806	0.1315	0	0
PTPRN2	58.4056	-0.9769	0.4299	0.0148	0.0251
PTPRQ	0.1804	-0.0353	1.2501	0.9101	NA
PTPRS	2879.0889	0.7154	0.0797	0	0
PTPRU	358.2018	-0.5653	0.1793	0.0014	0.0027
PTRF	14247.0276	1.2458	0.0647	0	0
PTRH1	189.0836	0.7905	0.2397	8e-04	0.0015
PTRH2	527.1006	1.5693	0.1518	0	0
PTRHD1	453.4093	1.4105	0.1668	0	0
PTS	325.4058	0.3535	0.1919	0.0619	0.0947
PTTG1	1165.4598	0.29	0.1059	0.006	0.0107
PTTG1IP	6855.3985	0.6693	0.0629	0	0
PTTG3P	0.3797	-0.1048	1.2488	0.7422	NA
PTX3	3104.8098	1.6004	0.0988	0	0
PTX4	1.2741	-0.2197	1.1845	0.6294	NA
PUF60	3085.7183	0.1474	0.0772	0.0557	0.0858
PUM1	1302.8766	-1.3361	0.1038	0	0
PUM2	1385.7798	-2.2793	0.1079	0	0
PURA	928.417	0.6163	0.1225	0	0
PURB	3335.0072	2.3647	0.0735	0	0
PURG	48.613	-0.3148	0.4532	0.4531	0.5384
PUS1	525.734	-1.8186	0.1667	0	0
PUS10	30.0046	-2.0687	0.6418	2e-04	3e-04
PUS3	132.6171	-0.8548	0.3039	0.0036	0.0066
PUS7	688.8712	-0.6639	0.1359	0	0
PUS7L	161.1777	-0.2179	0.2645	0.3981	0.4837
PUSL1	522.0672	0.088	0.1578	0.5736	0.6527
PVR	2346.3863	-0.0565	0.0936	0.5445	0.6261
PVRIG	15.5775	-0.1798	0.6919	0.7524	0.81
PVRIG2P	88.3695	-0.2215	0.343	0.5003	0.584
PVRL1	816.2956	0.0133	0.1512	0.9291	0.9494
PVRL2	7161.8417	0.7593	0.0583	0	0
PVRL3	928.3861	-0.4625	0.1299	3e-04	7e-04
PVRL3-AS1	0.1904	-0.038	1.2501	0.9034	NA
PVRL4	5.608	-0.8835	0.9918	0.1567	0.2177
PVT1	47.0838	1.3375	0.483	0.0024	0.0046
PWP1	723.9089	-0.6557	0.1399	0	0
PWP2	51.8311	-0.1433	0.4806	0.745	0.804
PWWP2A	950.4787	0.5886	0.1183	0	0
PWWP2B	396.3609	-0.713	0.1825	1e-04	2e-04
PXDC1	125.4741	-0.8864	0.3073	0.0028	0.0052
PXDNL	0.56	-0.1665	1.2407	0.6277	NA
PXK	172.5313	-2.0621	0.2841	0	0
PXMP2	621.446	1.6928	0.1429	0	0
PXMP4	110.6788	-1.0877	0.3291	6e-04	0.0012
PXN	2282.4825	0.1404	0.09	0.1174	0.1682
PXN-AS1	23.4503	-1.8899	0.69	0.001	0.0019
PYCARD	44.5911	0.8651	0.4923	0.0539	0.0833
PYCR1	3510.3655	0.7824	0.0724	0	0
PYCR2	814.5769	-0.411	0.1291	0.0014	0.0026
PYCRL	273.5168	-1.6798	0.2148	0	0
PYGB	3602.1413	0.0944	0.0705	0.1798	0.2456
PYGL	3089.8029	0.9882	0.0758	0	0
PYGM	12.213	1.1879	0.8034	0.0536	0.0829
PYGO1	221.1432	-0.7078	0.2457	0.0032	0.006
PYGO2	884.3276	-0.8826	0.1228	0	0
PYROXD1	123.0257	-2.002	0.3446	0	0
PYROXD2	62.7642	1.2155	0.4194	0.0019	0.0037
PYURF	756.8199	0.6965	0.1312	0	0
PYY	0.6785	0.2882	1.2366	0.4273	NA
PYY2	5.1683	0.5679	0.956	0.3611	0.4472
QARS	2609.5082	0.847	0.0764	0	0
QDPR	673.0507	1.2553	0.1441	0	0
QKI	3162.1134	-0.478	0.0885	0	0
QPCT	23.2366	1.3207	0.6268	0.014	0.0237
QPCTL	751.1958	1.0439	0.1279	0	0
QPRT	34.4708	0.6495	0.5601	0.1905	0.2582
QRFP	0.1783	-0.0344	1.2501	0.9124	NA
QRICH1	1211.9536	-1.1732	0.1097	0	0
QRICH2	32.7635	-1.0197	0.55	0.0371	0.0592
QRSL1	437.5465	-1.5195	0.1809	0	0
QSER1	1086.4274	-1.0833	0.1133	0	0
QSOX1	3656.6435	1.4639	0.0711	0	0
QSOX2	1738.4346	1.102	0.096	0	0
QTRT1	1379.0045	1.1563	0.1	0	0
QTRTD1	785.2977	-0.1237	0.1289	0.3343	0.4194
R3HCC1	381.2221	-0.5266	0.1811	0.0033	0.006
R3HCC1L	174.5929	-1.1808	0.2589	0	0
R3HDM1	1232.3092	0.3332	0.1048	0.0014	0.0027
R3HDM2	330.8822	-1.0456	0.1895	0	0
R3HDM4	1071.833	-0.1846	0.1085	0.0874	0.1293
RAB10	1970.8018	-0.937	0.0918	0	0
RAB11A	2969.7387	1.124	0.0727	0	0
RAB11B	2779.1848	1.1328	0.0758	0	0
RAB11B-AS1	15.9327	0.7146	0.7008	0.2137	0.2852
RAB11FIP1	936.557	-0.8705	0.1172	0	0
RAB11FIP2	310.709	-2.1122	0.2115	0	0
RAB11FIP3	996.9154	-0.6999	0.1153	0	0
RAB11FIP4	59.0139	-1.1557	0.4474	0.0053	0.0095
RAB11FIP5	203.6306	-1.4171	0.2481	0	0
RAB12	443.9411	-0.85	0.1651	0	0
RAB13	1541.8016	1.0844	0.1021	0	0
RAB14	1312.9348	-1.4794	0.104	0	0
RAB15	1369.7972	0.1114	0.1004	0.2651	0.3437
RAB17	69.2755	-1.0582	0.4009	0.005	0.0091
RAB18	599.1227	-1.1723	0.1525	0	0
RAB19	2.1725	-0.2453	1.1522	0.6235	0.6971
RAB1A	2167.8453	0.0219	0.0828	0.791	0.8404
RAB1B	5468.0733	1.1298	0.0604	0	0
RAB20	270.5995	0.72	0.202	3e-04	6e-04
RAB21	633.1313	-1.0771	0.142	0	0
RAB22A	316.7984	-1.4627	0.1999	0	0
RAB23	377.6419	-3.4056	0.2186	0	0
RAB24	299.5611	-1.9605	0.214	0	0
RAB25	1.1878	0.3461	1.1944	0.4388	NA
RAB26	40.1787	0.8263	0.4918	0.0654	0.0993
RAB27A	318.0047	-0.774	0.1906	0	1e-04
RAB27B	11.6159	-0.6609	0.81	0.281	0.3612
RAB28	225.9847	0.0441	0.2231	0.8404	0.8815
RAB2A	2198.0987	0.4731	0.0847	0	0
RAB2B	70.6849	-2.3974	0.4461	0	0
RAB30	755.6549	0.8726	0.1388	0	0
RAB30-AS1	108.0077	0.7111	0.3414	0.0296	0.048
RAB31	252.8109	0.7721	0.2258	5e-04	0.001
RAB32	481.1502	0.0451	0.1547	0.7689	0.8232
RAB33A	3.9449	-0.1499	1.0127	0.8031	0.85
RAB33B	116.524	-0.4696	0.3088	0.1153	0.1656
RAB34	4880.8889	0.7009	0.0649	0	0
RAB35	960.5251	-1.7445	0.125	0	0
RAB36	310.0311	-2.7899	0.2273	0	0
RAB37	1.6346	-0.3424	1.1661	0.4819	0.5667
RAB38	9.9847	-0.1729	0.8004	0.7763	0.8291
RAB39A	0.1898	-0.0377	1.2501	0.9042	NA
RAB39B	7.4477	-0.8669	0.9115	0.1686	0.232
RAB3A	15.2461	-1.4231	0.7835	0.0199	0.033
RAB3B	1066.6951	0.0445	0.1095	0.683	0.7498
RAB3D	544.6391	-0.9329	0.1515	0	0
RAB3GAP1	577.0561	-1.5731	0.153	0	0
RAB3GAP2	443.4325	-2.2781	0.1792	0	0
RAB3IL1	95.446	-1.4538	0.351	0	0
RAB3IP	242.6654	-0.9099	0.521	0.0526	0.0815
RAB40A	28.5492	-1.5428	0.6649	0.0058	0.0103
RAB40AL	0.3415	0.1455	1.2516	0.6421	NA
RAB40B	139.7807	-0.0469	0.2839	0.8649	0.8998
RAB40C	197.0699	-2.5622	0.2948	0	0
RAB41	0.5126	0.0588	1.2462	0.8561	NA
RAB43	207.5925	-0.9093	0.2406	1e-04	2e-04
RAB44	0.3335	0.1444	1.2516	0.6446	NA
RAB4A	935.9484	0.5989	0.1151	0	0
RAB4B	80.5304	-0.3403	0.3616	0.3233	0.4076
RAB4B-EGLN2	3.3067	-1.1502	1.1698	0.039	0.0619
RAB5A	533.8586	-0.8607	0.1579	0	0
RAB5B	719.9673	-1.9294	0.1448	0	0
RAB5C	4076.6391	1.1061	0.0654	0	0
RAB6A	1461.1649	-0.1642	0.1021	0.1066	0.1543
RAB6B	21.8442	-0.3548	0.6208	0.506	0.5894
RAB7A	4931.2434	0.7939	0.0673	0	0
RAB7B	50.876	-1.9271	0.5234	0	1e-04
RAB7L1	226.3456	-2.0428	0.2432	0	0
RAB8A	1437.4297	-0.5481	0.0998	0	0
RAB8B	850.5006	-1.1958	0.1257	0	0
RAB9A	238.1153	-1.163	0.2323	0	0
RAB9B	26.3479	-0.9094	0.594	0.0789	0.1178
RABAC1	979.0392	1.3993	0.1136	0	0
RABEP1	1482.7879	-0.2009	0.1049	0.0545	0.0842
RABEP2	177.341	-0.8889	0.2592	4e-04	9e-04
RABEPK	1053.0357	1.0373	0.1209	0	0
RABGAP1	652.3816	-1.505	0.1455	0	0
RABGAP1L	314.0818	0.0867	0.1985	0.6576	0.7279
RABGEF1	529.6065	0.0305	0.161	0.8485	0.8881
RABGGTA	260.4321	-0.4197	0.2113	0.0436	0.0687
RABGGTB	386.1015	-1.5748	0.1915	0	0
RABIF	192.2233	-1.2984	0.2565	0	0
RABL2A	67.5797	1.4543	0.4137	2e-04	4e-04
RABL2B	388.219	0.5585	0.1725	0.0011	0.0021
RABL3	319.6202	-0.614	0.1981	0.0017	0.0032
RABL5	835.2716	1.0541	0.1228	0	0
RABL6	6424.2456	1.0362	0.0613	0	0
RAC1	7878.8222	0.7992	0.0577	0	0
RAC2	1.1885	-0.4484	1.2065	0.3043	NA
RAC3	729.3133	0.9866	0.1396	0	0
RACGAP1	919.8447	-2.7898	0.1349	0	0
RAD1	381.1941	-1.5011	0.1838	0	0
RAD17	253.5975	-2.3243	0.2375	0	0
RAD18	239.8967	-2.7801	0.2562	0	0
RAD21	6570.2314	0.5149	0.0574	0	0
RAD21-AS1	1.7262	0.3186	1.1724	0.5046	0.5881
RAD21L1	0.63	0.2218	1.248	0.5003	NA
RAD23A	4510.2556	1.3045	0.0692	0	0
RAD23B	4163.7611	0.0842	0.0649	0.194	0.2626
RAD50	849.5038	-0.5123	0.1223	0	1e-04
RAD51	308.5992	-2.3837	0.2218	0	0
RAD51-AS1	7.2046	-0.0998	0.9061	0.8724	0.9051
RAD51AP1	631.0745	0.1323	0.1436	0.3531	0.4388
RAD51B	42.8491	0.0348	0.5093	0.9399	0.9578
RAD51C	427.4775	0.322	0.1646	0.0482	0.0752
RAD51D	114.7787	-1.9654	0.3387	0	0
RAD51L3-RFFL	7.9268	-2.1009	1.1996	0.0011	0.0022
RAD52	121.7517	-0.9475	0.3045	0.0013	0.0025
RAD54B	235.3609	-3.2844	0.2837	0	0
RAD54L	666.6095	-1.7142	0.147	0	0
RAD54L2	334.5925	-1.2502	0.1934	0	0
RAD9A	208.0838	-0.7666	0.2334	8e-04	0.0016
RAD9B	26.5066	0.9543	0.5847	0.0622	0.095
RADIL	56.1581	-0.747	0.4391	0.0673	0.102
RAE1	321.99	-2.5272	0.2152	0	0
RAET1E	0.5664	0.2038	1.2523	0.5187	NA
RAET1E-AS1	209.0562	1.8991	0.2374	0	0
RAET1G	2.6298	0.227	1.0974	0.6815	0.7485
RAET1K	10.2628	-1.4615	0.9032	0.0226	0.0372
RAF1	1572.094	-0.7771	0.0941	0	0
RAG1	1.9287	0.0354	1.1144	0.9473	0.9628
RAI1	1232.0625	-3.0848	0.1375	0	0
RAI14	3372.4453	-0.2833	0.0787	3e-04	6e-04
RAI2	3.9729	0.9081	1.0579	0.1332	0.1885
RALA	790.5053	-0.3759	0.1262	0.0027	0.0051
RALB	1396.5605	-0.076	0.1071	0.4761	0.5612
RALBP1	3448.5959	0.3846	0.0712	0	0
RALGAPA1	275.5016	-0.7805	0.2053	1e-04	2e-04
RALGAPA1P	18.3824	2.0179	0.7375	7e-04	0.0014
RALGAPA2	166.4424	-0.3334	0.2778	0.217	0.2891
RALGAPB	645.578	-1.3165	0.143	0	0
RALGDS	288.9241	-2.0885	0.2209	0	0
RALGPS1	24.325	-0.1725	0.5885	0.7374	0.7972
RALGPS2	324.5139	-1.1901	0.1978	0	0
RALY	3890.5933	0.8972	0.068	0	0
RAMP1	1.3491	0.6148	1.209	0.1731	NA
RAMP2	16.1884	1.0859	0.7015	0.0593	0.091
RAMP2-AS1	2.932	-0.0401	1.0829	0.943	0.9599
RAN	13744.6335	0.9773	0.0506	0	0
RANBP1	7119.9674	1.2753	0.0582	0	0
RANBP10	304.5507	-1.6374	0.2146	0	0
RANBP17	93.1644	0.2042	0.3508	0.5425	0.6242
RANBP2	1720.6574	-1.6927	0.1045	0	0
RANBP3	1314.4148	-0.8755	0.1012	0	0
RANBP3L	0.3828	-0.1058	1.2488	0.7399	NA
RANBP6	725.9927	0.8399	0.1291	0	0
RANBP9	414.186	-2.2266	0.1833	0	0
RANGAP1	3979.1203	-1.2772	0.07	0	0
RANGRF	632.0226	0.4037	0.1456	0.0052	0.0093
RAP1A	617.1439	0.5248	0.1412	2e-04	4e-04
RAP1B	1532.9677	-0.9564	0.098	0	0
RAP1GAP	30.0014	-0.6069	0.5566	0.2191	0.2914
RAP1GAP2	1226.7669	-1.6179	0.1111	0	0
RAP1GDS1	1033.2415	0.2905	0.1096	0.0078	0.0136
RAP2A	441.5441	-0.4754	0.1644	0.0035	0.0064
RAP2B	606.0948	0.994	0.14	0	0
RAP2C	426.6279	-0.7225	0.1701	0	0
RAP2C-AS1	5.1587	-0.2625	0.953	0.671	0.7396
RAPGEF1	2404.9192	-0.3898	0.0804	0	0
RAPGEF2	397.1073	-1.4369	0.1864	0	0
RAPGEF3	373.9117	-1.0545	0.189	0	0
RAPGEF4	0.1947	-0.0404	1.25	0.8974	NA
RAPGEF5	1.216	-0.4344	1.2061	0.3189	NA
RAPGEF6	236.2312	-1.4054	0.2295	0	0
RAPGEFL1	67.916	-2.3396	0.4496	0	0
RAPH1	205.2648	-1.2135	0.2729	0	0
RARA	268.8421	-1.3943	0.2158	0	0
RARA-AS1	12.7936	-0.663	0.8006	0.2776	0.3577
RARB	2.693	0.3878	1.0811	0.496	0.5801
RARG	134.6692	-1.8584	0.3067	0	0
RARRES1	36.403	1.1379	0.5174	0.0148	0.025
RARRES2	2.5936	0.5054	1.0952	0.3704	0.4558
RARRES3	129.7844	0.975	0.2897	5e-04	0.001
RARS	1362.5834	-0.6625	0.1026	0	0
RARS2	389.0211	0.0089	0.1753	0.9588	0.9704
RASA1	342.0719	-1.9046	0.2005	0	0
RASA2	169.3323	-1.6306	0.2869	0	0
RASA3	387.0605	-1.9621	0.1862	0	0
RASA4	84.9841	0.151	0.3822	0.6768	0.7448
RASA4B	38.1639	-0.0931	0.5918	0.8569	0.8944
RASA4CP	0.731	-0.2394	1.2292	0.5235	NA
RASAL1	73.893	-0.4937	0.3911	0.1816	0.2476
RASAL2	324.9611	-1.1693	0.2051	0	0
RASAL2-AS1	12.2351	0.969	0.7689	0.1079	0.1561
RASD1	5.2183	-0.0927	0.9559	0.8805	0.9109
RASD2	0.181	-0.0356	1.2501	0.9094	NA
RASEF	15.606	-1.2894	0.7701	0.0332	0.0533
RASGEF1A	1.1046	-0.3937	1.2106	0.3535	NA
RASGEF1B	5.1107	0.4518	0.9592	0.4657	0.5506
RASGEF1C	1.7291	0.3903	1.141	0.4518	0.537
RASGRF1	0.6904	-0.2137	1.2307	0.5636	NA
RASGRF2	4.8686	-0.7	1.0252	0.2501	0.3269
RASGRP1	22.7217	-1.235	0.6506	0.0249	0.0407
RASGRP2	6.7257	0.2888	0.9147	0.6424	0.7144
RASGRP4	11.2082	0.3585	0.7756	0.5516	0.6329
RASIP1	4.0437	-0.7024	1.0514	0.2403	0.3158
RASL10A	6.1103	-0.6046	0.949	0.3321	0.417
RASL10B	636.0998	0.3469	0.1376	0.0111	0.0191
RASL11A	55.1052	2.8365	0.4845	0	0
RASL11B	143.0243	1.2556	0.2807	0	0
RASL12	83.7918	-2.0208	0.3894	0	0
RASSF1	317.5425	-2.3317	0.219	0	0
RASSF1-AS1	29.8169	1.5231	0.5723	0.0025	0.0047
RASSF10	2.0363	0.4609	1.1435	0.3753	0.4602
RASSF2	34.2826	-0.096	0.5147	0.8365	0.8786
RASSF3	639.742	-0.5498	0.1395	1e-04	2e-04
RASSF4	66.9064	-1.3467	0.4273	7e-04	0.0014
RASSF5	2.8824	-0.4837	1.0807	0.3988	0.4842
RASSF6	1.6368	-0.3399	1.1658	0.4854	0.5701
RASSF7	549.3031	-2.32	0.1711	0	0
RASSF8	511.9596	-2.1185	0.1662	0	0
RASSF8-AS1	12.3644	-0.0407	0.7527	0.9454	0.9615
RASSF9	177.2343	1.0747	0.2699	0	1e-04
RAVER1	2222.6975	-0.4833	0.0822	0	0
RAVER2	388.8113	-1.2271	0.1818	0	0
RAX	0.8842	-0.0844	1.2058	0.8388	NA
RAX2	0.7117	-0.0124	1.2191	0.9744	NA
RB1	1273.8735	-0.5444	0.107	0	0
RB1CC1	633.4876	-0.7761	0.1412	0	0
RBAK	647.1413	1.3122	0.137	0	0
RBAKDN	1.2345	0.0464	1.1768	0.92	NA
RBBP4	4064.192	0.332	0.0657	0	0
RBBP5	341.6372	-1.9679	0.2044	0	0
RBBP6	636.17	-0.588	0.1456	0	1e-04
RBBP7	5260.0167	0.7438	0.0637	0	0
RBBP8	1151.2934	-0.253	0.1137	0.0254	0.0416
RBBP8NL	0.3797	-0.1048	1.2488	0.7422	NA
RBBP9	256.9677	-0.2263	0.2081	0.2694	0.3484
RBCK1	868.5787	0.4428	0.1188	2e-04	4e-04
RBFA	523.34	0.5101	0.1617	0.0014	0.0028
RBFOX2	2242.7425	0.0392	0.087	0.6509	0.7222
RBFOX3	0.1806	-0.0354	1.2501	0.9099	NA
RBKS	31.7947	0.8172	0.5391	0.0899	0.1326
RBL1	428.6538	-1.6264	0.1842	0	0
RBL2	588.9271	0.2806	0.147	0.0544	0.0841
RBM10	1319.5546	-0.2141	0.1031	0.0372	0.0593
RBM11	0.3504	-0.0967	1.2488	0.7612	NA
RBM12	2205.342	-0.2083	0.0853	0.0144	0.0243
RBM12B	1126.0128	1.7814	0.1103	0	0
RBM12B-AS1	108.735	4.1263	0.4221	0	0
RBM14	1510.1502	-0.9694	0.0978	0	0
RBM14-RBM4	158.8801	-0.2012	0.3105	0.5021	0.5857
RBM15	443.8645	0.9551	0.1644	0	0
RBM15B	4540.4946	2.0882	0.0653	0	0
RBM17	1361.24	-0.8462	0.1072	0	0
RBM18	378.7164	0.255	0.179	0.1494	0.2087
RBM19	1069.9122	0.5498	0.1145	0	0
RBM22	731.9789	-1.2399	0.1326	0	0
RBM23	1307.3164	-1.873	0.1058	0	0
RBM24	2.4165	0.5784	1.1329	0.2818	0.3621
RBM25	1619.8585	-1.006	0.0999	0	0
RBM26	1163.2682	-1.0894	0.1075	0	0
RBM26-AS1	11.7799	-1.8156	0.9355	0.0054	0.0097
RBM27	590.3147	-0.2515	0.1427	0.0759	0.1138
RBM28	496.3369	-1.0193	0.1574	0	0
RBM3	4681.5517	0.9161	0.0642	0	0
RBM33	642.7219	-0.2074	0.1374	0.1287	0.1827
RBM34	214.4947	-2.4418	0.2935	0	0
RBM38	552.8983	-1.3447	0.1636	0	0
RBM39	2854.625	-0.2912	0.0801	3e-04	6e-04
RBM4	2399.8405	0.6266	0.0822	0	0
RBM41	176.9194	-0.6304	0.2594	0.0127	0.0218
RBM42	1648.896	0.2999	0.0923	0.0011	0.0022
RBM43	8.2976	-1.5792	1.1151	0.0114	0.0196
RBM44	10.3597	0.4082	0.8372	0.5083	0.5918
RBM45	117.7131	0.1025	0.3004	0.7243	0.7861
RBM47	1009.352	-0.3338	0.1189	0.0048	0.0087
RBM48	131.9264	0.0475	0.284	0.8631	0.8986
RBM4B	173.0018	-1.2242	0.2786	0	0
RBM5	757.2387	-1.4531	0.1332	0	0
RBM5-AS1	29.5269	1.2136	0.5665	0.0152	0.0257
RBM6	686.1891	-0.7559	0.1335	0	0
RBM7	613.3883	1.0643	0.1454	0	0
RBM8A	2912.3012	0.5173	0.0733	0	0
RBMS1	2411.2961	-1.6897	0.0861	0	0
RBMS2	1239.5707	-0.1513	0.1135	0.1803	0.2462
RBMS3	3.5002	-1.1134	1.1721	0.0434	0.0685
RBMS3-AS3	0.1898	-0.0377	1.2501	0.9042	NA
RBMX	4818.9659	0.2135	0.0631	7e-04	0.0014
RBMX2	176.485	-1.01	0.2561	1e-04	1e-04
RBMXL1	137.6138	-1.8985	0.3206	0	0
RBP1	205.2717	1.4317	0.2352	0	0
RBP2	2.3558	1.034	1.1959	0.0475	0.0743
RBP4	17.2476	1.2216	0.6968	0.0333	0.0536
RBP5	0.7265	-0.1999	1.2403	0.5641	NA
RBP7	717.6666	1.306	0.1525	0	0
RBPJ	822.1426	-1.3733	0.1322	0	0
RBPMS	798.6208	-0.4707	0.1273	2e-04	4e-04
RBPMS-AS1	10.793	0.5636	0.7877	0.3527	0.4385
RBPMS2	292.5339	-0.6573	0.2022	0.001	0.0019
RBX1	1294.7195	1.1505	0.1022	0	0
RC3H1	525.4416	-1.0722	0.156	0	0
RC3H2	568.3737	-0.2184	0.1478	0.1364	0.1925
RCAN1	291.004	0.4894	0.2111	0.0185	0.0308
RCAN2	5.1682	-0.2656	0.9626	0.6665	0.7356
RCAN3	11.6356	-1.0194	0.8193	0.0992	0.1447
RCBTB1	547.053	-0.1055	0.1516	0.483	0.5677
RCBTB2	148.5213	0.0839	0.2719	0.7512	0.809
RCC1	2803.4979	-0.5266	0.0761	0	0
RCC2	5648.6843	-0.1094	0.0614	0.0743	0.1118
RCCD1	404.9199	-0.4744	0.1713	0.0051	0.0092
RCE1	300.132	-1.1981	0.2001	0	0
RCHY1	213.4965	-1.3369	0.2407	0	0
RCL1	247.9477	-1.6241	0.2405	0	0
RCN1	5691.9929	1.3747	0.0602	0	0
RCN2	4147.3778	1.3869	0.0726	0	0
RCN3	210.4431	1.1164	0.2313	0	0
RCOR1	763.5851	-2.4121	0.1408	0	0
RCOR2	339.5144	-2.8655	0.217	0	0
RCOR3	136.5251	-0.9665	0.2972	8e-04	0.0015
RD3	10.9823	-1.071	0.8382	0.0858	0.127
RDH10	535.6615	-0.5697	0.1517	2e-04	3e-04
RDH11	655.9071	-1.0338	0.1387	0	0
RDH12	2.3828	-0.8702	1.1765	0.0945	0.1386
RDH13	158.1508	-3.1754	0.3299	0	0
RDH14	275.7138	-0.375	0.2071	0.0659	0.1001
RDH5	1.4444	-0.0228	1.1809	0.9601	0.971
RDM1	46.0008	0.7329	0.4754	0.093	0.1366
RDX	2454.4112	-0.5087	0.08	0	0
REC8	12.6125	-0.7078	0.8013	0.2468	0.323
RECK	200.8327	0.8282	0.2325	3e-04	6e-04
RECQL	1002.7173	0.8326	0.1116	0	0
RECQL4	1224.7953	-0.3692	0.1069	5e-04	0.001
RECQL5	134.0053	-0.6222	0.3247	0.0463	0.0727
REEP1	4.3025	0.2978	1.0454	0.6127	0.6873
REEP2	93.255	0.5631	0.3371	0.0815	0.1213
REEP3	898.6109	0.4178	0.1316	0.0014	0.0027
REEP4	718.2487	-1.426	0.1381	0	0
REEP5	2213.4229	0.9065	0.082	0	0
REEP6	97.1861	0.8572	0.3604	0.0125	0.0214
REG4	4.4868	-0.0337	1.016	0.9551	0.9682
REL	29.5126	-0.2479	0.567	0.6205	0.6945
RELA	827.1695	-1.6287	0.1283	0	0
RELB	340.4453	-0.7117	0.1864	1e-04	2e-04
RELL1	74.5496	-1.5792	0.4038	0	1e-04
RELL2	69.4861	-0.2459	0.3821	0.497	0.581
RELT	201.0984	-1.8577	0.2539	0	0
REM1	0.5605	-0.1668	1.2407	0.6271	NA
REM2	14.6015	1.707	0.7886	0.0056	0.01
RENBP	61.8063	0.119	0.4014	0.753	0.8105
REP15	19.5052	-0.5849	0.6478	0.2862	0.3673
REPIN1	5056.591	1.3425	0.0613	0	0
REPS1	481.1104	-2.0259	0.1696	0	0
REPS2	3.3049	-0.7076	1.0977	0.2166	0.2887
RER1	2071.5873	0.5507	0.0865	0	0
RERE	1179.4331	-1.4559	0.1088	0	0
RERG	29.2188	-0.8723	0.5741	0.0841	0.1249
REST	900.8178	-0.7877	0.1279	0	0
RET	0.1802	-0.0352	1.2501	0.9103	NA
RETSAT	246.8626	0.1026	0.2125	0.6236	0.6971
REV1	299.0282	-1.3659	0.2087	0	0
REV3L	484.6532	-1.838	0.1684	0	0
REXO1	950.9033	-1.2603	0.1244	0	0
REXO1L1P	0.6829	0.2467	1.2453	0.466	NA
REXO1L2P	0.1895	-0.0375	1.2501	0.9047	NA
REXO2	691.4684	0.7362	0.1343	0	0
REXO4	620.3766	-1.0684	0.1414	0	0
RFC1	1088.4891	-1.6273	0.1148	0	0
RFC2	1244.9794	0.4552	0.1013	0	0
RFC3	711.2022	-2.2871	0.1461	0	0
RFC4	527.7357	-3.5459	0.1946	0	0
RFC5	1000.7314	-0.2417	0.1173	0.0385	0.0612
RFESD	4.5479	-1.4834	1.1746	0.012	0.0205
RFFL	221.7542	-1.3673	0.2335	0	0
RFK	1193.995	-0.5696	0.1192	0	0
RFNG	554.926	-0.3233	0.1469	0.0265	0.0433
RFPL3	1.106	-0.1377	1.2064	0.7402	NA
RFPL3S	0.7234	0.2666	1.2434	0.4398	NA
RFPL4A	0.1804	-0.0353	1.2501	0.9101	NA
RFT1	644.8281	0.6814	0.1415	0	0
RFTN1	362.4397	-0.2591	0.1844	0.1549	0.2155
RFTN2	4.2528	0.9681	1.0475	0.1135	0.1632
RFWD2	576.163	-0.893	0.1584	0	0
RFWD3	1221.7703	-1.7392	0.1178	0	0
RFX1	192.0734	-2.356	0.2709	0	0
RFX2	184.637	-1.3345	0.273	0	0
RFX3	146.7145	-1.3893	0.2984	0	0
RFX5	567.7417	-0.3732	0.172	0.0283	0.046
RFX7	705.313	-0.8587	0.1457	0	0
RFXANK	560.0027	0.1595	0.1442	0.265	0.3437
RFXAP	97.0019	-1.1834	0.3627	6e-04	0.0012
RGAG1	0.7136	-0.015	1.2296	0.9672	NA
RGAG4	24.6665	-0.7193	0.6004	0.1678	0.231
RGCC	14.9562	-1.4051	0.7767	0.021	0.0347
RGL1	140.5683	-2.2141	0.3238	0	0
RGL2	1065.297	1.074	0.1161	0	0
RGL3	44.6489	-0.6095	0.4862	0.1703	0.2341
RGL4	23.1584	0.4136	0.6232	0.4393	0.5248
RGMA	5.6245	-0.7115	0.9633	0.2541	0.3313
RGMB	377.0824	-0.5197	0.175	0.0027	0.005
RGMB-AS1	0.5236	0.0573	1.2453	0.8606	NA
RGP1	668.1953	-1.4181	0.1476	0	0
RGPD1	2.4207	-0.8864	1.1755	0.0902	0.1329
RGPD3	12.6601	-1.0828	0.8194	0.0802	0.1196
RGPD4	11.5055	-0.8474	0.8678	0.1757	0.2406
RGPD5	376.6072	-0.5651	1.1872	0.2353	0.3101
RGPD6	322.0024	-0.6145	0.47	0.1552	0.2159
RGPD8	67.9354	-1.206	0.9304	0.0585	0.0899
RGS10	255.477	0.3769	0.2075	0.0651	0.099
RGS11	2.1084	0.0304	1.1024	0.9556	0.9686
RGS12	309.6741	-2.2431	0.2129	0	0
RGS14	77.6127	-1.1881	0.383	0.001	0.002
RGS16	161.195	1.879	0.2728	0	0
RGS17	1.8419	-0.6889	1.1846	0.1615	0.2234
RGS19	263.6254	-0.9001	0.2156	0	0
RGS2	88.4536	-0.0649	0.3416	0.8428	0.8834
RGS20	88.3942	-0.0581	0.3462	0.8607	0.8972
RGS22	1.4169	-0.4282	1.2118	0.3144	0.3981
RGS3	1803.3393	1.5457	0.095	0	0
RGS4	0.7018	0.002	1.2304	0.9955	NA
RGS5	299.2895	1.1845	0.2039	0	0
RGS7	24.8116	-0.9236	0.6271	0.0855	0.1268
RGS9	0.5509	-0.1629	1.2414	0.6332	NA
RGS9BP	2.6156	0.2318	1.0796	0.6824	0.7493
RHBDD1	247.0591	-0.404	0.2145	0.0555	0.0856
RHBDD2	755.9859	0.0795	0.1298	0.5374	0.6197
RHBDD3	710.1775	0.4232	0.1304	0.0011	0.0021
RHBDF1	503.2198	0.0339	0.1543	0.8245	0.8678
RHBDF2	571.317	0.2709	0.144	0.0581	0.0893
RHBDL1	6.7342	-0.1052	0.8908	0.8655	0.9002
RHBDL2	8.5411	-0.1889	0.8577	0.7602	0.8162
RHBDL3	0.1861	-0.0356	1.2501	0.9094	NA
RHCE	0.3604	-0.1001	1.2488	0.7531	NA
RHEB	3142.433	0.7107	0.0751	0	0
RHEBL1	14.3586	-2.1179	0.9251	0.0013	0.0025
RHEBP2	99.3413	1.8967	0.3386	0	0
RHNO1	453.7024	-1.1493	0.1688	0	0
RHOA	17512.934	1.4199	0.0503	0	0
RHOB	2488.9274	0.8201	0.0783	0	0
RHOBTB1	142.737	-1.2637	0.2834	0	0
RHOBTB2	641.7967	-0.5433	0.1378	1e-04	2e-04
RHOBTB3	73.6146	0.0523	0.3791	0.8844	0.9141
RHOC	5806.9921	1.3734	0.0595	0	0
RHOD	662.6995	1.2389	0.1362	0	0
RHOF	910.2831	0.1396	0.1197	0.2409	0.3164
RHOG	540.6516	-0.1787	0.1494	0.228	0.3018
RHOJ	2.4061	-0.8409	1.1721	0.107	0.1548
RHOQ	1073.2753	0.3886	0.111	4e-04	9e-04
RHOT1	444.2286	-1.4143	0.1813	0	0
RHOT2	1760.6681	0.1345	0.0884	0.127	0.1806
RHOU	123.4527	-0.1223	0.2938	0.6675	0.7364
RHOV	16.8455	-0.0615	0.7104	0.9152	0.9386
RHOXF1	0.1898	-0.0377	1.2501	0.9042	NA
RHPN1	151.4324	-0.7998	0.2744	0.0027	0.0051
RHPN1-AS1	42.1865	0.9163	0.4795	0.0369	0.0589
RHPN2	397.5768	-2.2133	0.1926	0	0
RIBC1	7.6619	-0.2035	0.8655	0.7426	0.802
RIBC2	28.259	-2.0833	0.6567	2e-04	4e-04
RIC3	2.0386	0.2925	1.134	0.5749	0.6541
RIC8A	1702.9778	-0.7826	0.0933	0	0
RIC8B	258.0796	-0.8264	0.2209	1e-04	3e-04
RICTOR	184.8658	-1.4541	0.2576	0	0
RIF1	934.6482	-1.9844	0.1257	0	0
RILP	134.2801	0.6937	0.2801	0.0108	0.0186
RILPL1	177.1194	-0.8563	0.286	0.002	0.0038
RILPL2	136.7266	0.4721	0.2877	0.0907	0.1335
RIMBP3	8.3715	-0.4357	0.8495	0.4816	0.5665
RIMBP3B	2.6106	-0.9449	1.1738	0.0753	0.1131
RIMKLA	36.8748	-0.4171	0.5814	0.4133	0.4995
RIMKLB	1244.3273	1.6683	0.1209	0	0
RIMS1	59.8756	-1.0793	0.4224	0.0062	0.0111
RIMS3	55.3741	0.0917	0.4191	0.8153	0.8602
RIMS4	19.4528	-0.426	0.6476	0.4371	0.5227
RIN1	159.6007	-1.951	0.2858	0	0
RIN2	279.0272	0.2328	0.2018	0.2419	0.3175
RIN3	188.6214	-0.2639	0.2453	0.2716	0.351
RING1	595.4311	0.1712	0.1447	0.2333	0.3079
RINL	240.3028	0.2676	0.2252	0.2261	0.2997
RINT1	353.1311	-0.2282	0.1812	0.2027	0.2725
RIOK1	434.6579	-1.9421	0.1799	0	0
RIOK2	344.9046	-1.0864	0.1962	0	0
RIOK3	286.9949	-0.8499	0.2042	0	1e-04
RIPK1	174.3484	-1.8513	0.2794	0	0
RIPK2	1609.1959	-0.6646	0.0928	0	0
RIPK3	10.2919	0.4305	0.7936	0.4786	0.5637
RIPK4	2678.74	2.0148	0.0861	0	0
RIPPLY1	0.3608	-0.1002	1.2488	0.7529	NA
RIPPLY2	1.6319	-0.6085	1.1895	0.2025	0.2723
RIPPLY3	36.5023	0.6123	0.5239	0.1942	0.2628
RIT1	134.5157	-0.9737	0.2905	5e-04	0.0011
RITA1	776.9044	-0.4177	0.1319	0.0014	0.0028
RLF	859.3847	1.1293	0.1355	0	0
RLIM	1849.1656	0.8703	0.0917	0	0
RLN2	0.1804	-0.0353	1.2501	0.9101	NA
RLTPR	70.0539	0.1114	0.378	0.756	0.8129
RMDN1	347.2589	0.6101	0.1905	0.0012	0.0023
RMDN2	25.5496	-2.0396	0.6796	3e-04	7e-04
RMDN3	687.5441	-0.2124	0.1372	0.1191	0.1704
RMI1	386.1256	-1.4761	0.1803	0	0
RMI2	566.5516	0.0479	0.1508	0.7486	0.8069
RMND1	184.2749	-1.1865	0.2526	0	0
RMND5A	1243.8715	-0.0153	0.104	0.8828	0.9128
RMND5B	518.4727	-0.8976	0.1524	0	0
RMRP	17.8863	1.6438	0.7875	0.0075	0.0132
RN7SK	74.1697	2.3578	0.416	0	0
RN7SL1	710.1164	1.4165	0.3408	0	0
RN7SL2	807.4424	1.6697	0.154	0	0
RNA18S5	100541.5776	1.7658	0.1191	0	0
RNA28S5	196648.6852	1.784	0.0578	0	0
RNA45S5	3713.2639	1.2113	0.0676	0	0
RNA5-8S5	15.3879	0.2679	1.2472	0.4251	0.511
RNASE10	0.5506	-0.1628	1.2414	0.6335	NA
RNASE4	2.9379	-0.1271	1.1153	0.8125	0.8578
RNASEH1	590.2956	-0.0453	0.1418	0.7474	0.8057
RNASEH1-AS1	156.7694	0.5894	0.2636	0.0218	0.036
RNASEH2A	1908.9537	0.9879	0.0871	0	0
RNASEH2B	226.6794	-0.3348	0.2222	0.125	0.1781
RNASEH2C	1247.7006	1.1435	0.1045	0	0
RNASEK	2207.9579	1.2628	0.0845	0	0
RNASEK-C17orf49	15.8236	0.4973	0.7924	0.413	0.4991
RNASEL	3.721	-1.265	1.1687	0.0265	0.0433
RNASET2	1832.5181	1.5257	0.0888	0	0
RND1	3.2404	-0.3606	1.0467	0.5404	0.6222
RND2	110.1425	0.9046	0.3447	0.0061	0.0108
RND3	11870.8348	3.542	0.0653	0	0
RNF10	2326.257	0.1691	0.0818	0.0383	0.061
RNF103	173.2918	-1.305	0.3163	0	0
RNF103-CHMP3	4.2578	-0.3785	1.033	0.5254	0.6082
RNF11	996.8312	0.7737	0.1123	0	0
RNF111	956.9009	0.7262	0.1148	0	0
RNF113A	181.8876	0.983	0.2484	1e-04	1e-04
RNF113B	0.1795	-0.0349	1.2501	0.9111	NA
RNF114	549.3472	-1.8153	0.1627	0	0
RNF115	309.2362	-0.7869	0.2001	1e-04	1e-04
RNF121	244.2661	-0.8236	0.2222	2e-04	3e-04
RNF122	28.073	-1.5187	0.6156	0.0042	0.0077
RNF123	574.0581	0.9438	0.1459	0	0
RNF125	16.9818	-0.9148	0.7317	0.1201	0.1717
RNF126	762.9811	-1.4631	0.1376	0	0
RNF128	14.4768	1.2892	0.7495	0.0309	0.05
RNF13	453.8623	-0.053	0.159	0.7366	0.7967
RNF130	603.3227	0.4125	0.1413	0.0033	0.006
RNF135	118.7528	-1.7187	0.3266	0	0
RNF138	533.4747	-1.7264	0.1659	0	0
RNF138P1	30.266	3.9365	0.9842	0	0
RNF139	672.7673	0.4242	0.1326	0.0013	0.0025
RNF139-AS1	3.0517	-0.2895	1.0766	0.6114	0.6864
RNF14	441.2679	-1.5192	0.1733	0	0
RNF141	826.1628	0.2144	0.1218	0.0769	0.1151
RNF144A	191.2218	-1.4889	0.2564	0	0
RNF144B	1079.3205	0.3635	0.1132	0.0013	0.0024
RNF145	2111.0157	-0.3724	0.0836	0	0
RNF146	168.9627	-2.6628	0.3073	0	0
RNF149	514.3293	-0.7024	0.1668	0	0
RNF150	20.8402	-0.3893	0.6319	0.4707	0.5556
RNF151	0.5547	-0.1416	1.2488	0.6587	NA
RNF152	5.1527	-1.6649	1.182	0.006	0.0107
RNF157	95.6254	0.5169	0.3291	0.1021	0.1486
RNF157-AS1	1.3101	-0.4805	1.2009	0.2838	NA
RNF165	66.6895	0.1639	0.3916	0.6577	0.7279
RNF166	187.3155	-2.0892	0.2696	0	0
RNF167	1431.448	0.6469	0.0962	0	0
RNF168	493.3715	-0.5165	0.1591	0.001	0.002
RNF169	467.8744	0.3979	0.161	0.0126	0.0216
RNF170	248.4691	0.0661	0.2135	0.753	0.8105
RNF180	3.6199	-0.4713	1.0673	0.4173	0.5038
RNF181	409.7507	0.6862	0.1671	0	1e-04
RNF182	0.7492	-0.2512	1.2274	0.5086	NA
RNF185	356.4015	-2.4369	0.2105	0	0
RNF187	2067.9556	0.6127	0.0854	0	0
RNF19A	188.8772	-2.5016	0.2754	0	0
RNF19B	450.3702	-0.8382	0.1652	0	0
RNF2	387.7458	-0.4122	0.1751	0.0173	0.029
RNF20	513.455	-0.7396	0.1577	0	0
RNF207	128.4421	-1.7964	0.3151	0	0
RNF208	80.703	0.5164	0.3736	0.1455	0.2037
RNF213	1456.5242	0.5326	0.0965	0	0
RNF214	198.6283	-1.7213	0.2556	0	0
RNF215	95.4511	-1.9878	0.3986	0	0
RNF216	844.7923	-1.8791	0.1321	0	0
RNF216P1	229.7169	-2.5543	0.2588	0	0
RNF217	982.9994	1.4099	0.1331	0	0
RNF219	725.3547	1.2557	0.1304	0	0
RNF219-AS1	3.1075	0.2535	1.0745	0.6568	0.7272
RNF220	668.4862	-1.6735	0.1431	0	0
RNF222	0.731	-0.2394	1.2292	0.5235	NA
RNF223	0.1804	-0.0353	1.2501	0.9101	NA
RNF224	1.2547	-0.2183	1.183	0.6332	NA
RNF24	55.3168	-1.1709	0.51	0.0111	0.0192
RNF25	236.6983	-1.6204	0.2399	0	0
RNF26	3350.7614	1.6925	0.072	0	0
RNF31	448.9602	-1.4363	0.1677	0	0
RNF32	1.1336	0.0668	1.1887	0.8805	NA
RNF34	356.6916	-3.1244	0.2189	0	0
RNF38	367.6174	-1.7856	0.1935	0	0
RNF39	7.4404	-0.168	0.8711	0.7865	0.8367
RNF4	991.7479	-1.8073	0.1279	0	0
RNF40	2398.4742	-0.4993	0.0824	0	0
RNF41	428.21	-0.9916	0.1679	0	0
RNF44	600.9406	-0.8679	0.1467	0	0
RNF5	1466.3728	0.8098	0.0987	0	0
RNF5P1	3.7812	0.4512	1.0234	0.4534	0.5387
RNF6	762.7856	-0.5321	0.1321	1e-04	1e-04
RNF7	1258.0981	1.016	0.1035	0	0
RNF8	234.0426	-1.3597	0.2262	0	0
RNFT1	112.6751	0.3903	0.307	0.1882	0.2555
RNFT2	113.679	-0.6944	0.3085	0.0197	0.0328
RNGTT	363.9048	-0.9932	0.1838	0	0
RNH1	3010.1105	0.7282	0.0759	0	0
RNLS	1.8927	-0.15	1.1411	0.7686	0.823
RNMT	497.3342	-2.7528	0.1814	0	0
RNMTL1	591.7482	0.2864	0.1423	0.0426	0.0673
RNPC3	27.0481	-1.1529	0.6056	0.028	0.0455
RNPEP	2579.3276	1.2619	0.0811	0	0
RNPEPL1	1824.1785	1.1407	0.0916	0	0
RNPS1	3449.7985	-0.3452	0.0714	0	0
RNR1	6347.3041	2.1525	0.0636	0	0
RNR2	56356.9237	2.1706	0.0442	0	0
RNU1-1	0.6832	0.2477	1.2453	0.4642	NA
RNU1-28P	0.1918	-0.0388	1.25	0.9014	NA
RNU105A	0.3338	0.1444	1.2516	0.6445	NA
RNVU1-4	0.3418	0.1456	1.2516	0.6419	NA
ROBO1	213.2731	0.7573	0.2327	9e-04	0.0018
ROBO2	350.7369	-0.8631	0.1966	0	0
ROBO3	8.7608	-0.238	0.8372	0.6993	0.7644
ROCK1	1091.8166	-2.162	0.1241	0	0
ROCK1P1	4.2565	-0.9724	1.1217	0.0905	0.1333
ROCK2	1066.6173	-1.6114	0.1178	0	0
ROGDI	229.7822	0.6594	0.2339	0.004	0.0073
ROM1	22.7534	0.9712	0.6355	0.0731	0.1101
ROMO1	1150.8908	1.5063	0.1071	0	0
ROPN1L	14.791	0.5262	0.7047	0.361	0.4471
ROPN1L-AS1	0.6888	0.2494	1.245	0.4624	NA
ROR1	1067.7812	0.1112	0.1191	0.3483	0.434
ROR2	3.0629	-0.7298	1.1309	0.1841	0.2507
RORA	0.9208	-0.3234	1.2174	0.4254	NA
RP1	6.8137	1.1201	0.9457	0.078	0.1167
RP1-149A16.3	4.8149	0.8783	1.0347	0.1514	0.2111
RP1-1J6.2	2.1966	0.6985	1.1636	0.1761	0.2412
RP1-224A6.3	0.1823	-0.0361	1.2501	0.9081	NA
RP1-234P15.4	0.9022	-0.0865	1.2047	0.8358	NA
RP1-257A7.4	1.3109	-0.4809	1.2009	0.2835	NA
RP1-278O22.1	14.3738	-0.1183	0.71	0.8378	0.8796
RP1-290I10.5	1.8269	-0.402	1.1596	0.4199	0.5063
RP1-60O19.1	0.1898	-0.0377	1.2501	0.9042	NA
RP1-63G5.5	5.2015	0.1814	0.9716	0.7675	0.822
RP1-93I3.1	5.0651	-0.4063	0.9689	0.5101	0.5934
RP11-103C16.2	2.3864	1.0024	1.1989	0.0515	0.08
RP11-1072A3.2	35.4853	0.8987	0.5427	0.0635	0.0968
RP11-1094H24.4	0.5695	-0.1449	1.2489	0.6513	NA
RP11-10A14.5	8.2804	0.7739	0.8562	0.2143	0.286
RP11-112L6.4	2.2959	-0.0735	1.1167	0.8905	0.9187
RP11-1134I14.8	0.7025	-0.0078	1.2304	0.9829	NA
RP11-118E18.4	0.1804	-0.0353	1.2501	0.9101	NA
RP11-119F19.2	23.1111	-1.3332	0.6741	0.0179	0.0299
RP11-122M14.1	1.1111	-0.4043	1.208	0.3468	NA
RP11-127L20.3	0.3407	0.1452	1.2516	0.6427	NA
RP11-12A2.3	1.395	0.2397	1.1726	0.6126	0.6873
RP11-132A1.4	189.4071	1.7473	0.2514	0	0
RP11-133O22.6	2.6901	1.1536	1.1959	0.0318	0.0513
RP11-134P9.3	0.1865	-0.0358	1.2501	0.9089	NA
RP11-13A1.1	0.1808	-0.0355	1.2501	0.9097	NA
RP11-143J12.2	8.5698	1.1625	0.8895	0.0665	0.1009
RP11-14N7.2	13.1935	0.949	0.8364	0.1268	0.1803
RP11-150O12.6	1.0193	0.4558	1.2202	0.2709	NA
RP11-154D17.1	0.3338	0.1444	1.2516	0.6445	NA
RP11-154D6.1	0.1776	-0.0341	1.2501	0.9132	NA
RP11-158M2.5	0.3316	0.1439	1.2516	0.6456	NA
RP11-15A1.7	2.1512	-0.736	1.1753	0.147	0.2055
RP11-15I11.3	0.3303	0.1436	1.2516	0.6463	NA
RP11-160O5.1	24.6528	0.4552	0.5829	0.3728	0.4578
RP11-161H23.9	1.3513	0.6161	1.209	0.1724	NA
RP11-163N6.2	1.0832	-0.3266	1.2237	0.4072	NA
RP11-168E14.1	15.0986	0.5705	0.7144	0.3256	0.4098
RP11-173B14.5	3.3183	0.0037	1.0605	0.9948	0.9967
RP11-175K6.1	0.3338	0.1444	1.2516	0.6445	NA
RP11-178C3.2	3.4016	0.8798	1.1022	0.1295	0.1838
RP11-18H21.1	0.1804	-0.0353	1.2501	0.9101	NA
RP11-193H5.1	0.3334	0.1443	1.2516	0.6447	NA
RP11-197N18.7	0.1804	-0.0353	1.2501	0.9101	NA
RP11-1C1.4	1.5413	0.1389	1.1752	0.7658	0.8206
RP11-203B9.4	1.9705	-0.2064	1.1312	0.6925	0.7582
RP11-205M3.3	0.3703	-0.1026	1.2488	0.7474	NA
RP11-214C8.2	1.1813	0.3024	1.207	0.4748	NA
RP11-219B17.1	0.426	0.1593	1.2507	0.6148	NA
RP11-21L23.3	0.5331	0.059	1.2446	0.8574	NA
RP11-227H15.4	0.5411	-0.1402	1.2488	0.6618	NA
RP11-230B22.1	0.55	-0.1624	1.2415	0.6341	NA
RP11-231I16.1	0.5231	0.0575	1.2454	0.8602	NA
RP11-234B24.2	0.3717	-0.1033	1.2488	0.7457	NA
RP11-234K24.3	0.1803	-0.0353	1.2501	0.9103	NA
RP11-242D8.1	8.6767	-0.5346	0.848	0.3883	0.4736
RP11-24J23.2	1.0616	0.4672	1.2185	0.2642	NA
RP11-260E18.1	0.3338	0.1444	1.2516	0.6445	NA
RP11-261C10.3	4.4749	-0.2832	0.9782	0.6442	0.716
RP11-27K13.3	1.0825	-0.1537	1.1924	0.727	NA
RP11-28G8.1	4.4008	1.6807	1.2113	0.0048	0.0087
RP11-290F20.1	0.5595	-0.1662	1.2408	0.6282	NA
RP11-290F20.2	1.0823	-0.3262	1.2237	0.4076	NA
RP11-293M10.5	1.3913	0.2338	1.1706	0.6232	0.6968
RP11-298I3.1	1.1812	0.3429	1.1946	0.4425	NA
RP11-299L17.3	0.19	-0.0377	1.2501	0.904	NA
RP11-305E17.6	1.0196	0.4562	1.2202	0.2706	NA
RP11-307C12.11	20.9354	-0.6984	0.635	0.1971	0.266
RP11-307E17.8	0.1802	-0.0352	1.2501	0.9104	NA
RP11-310P5.1	0.1898	-0.0377	1.2501	0.9042	NA
RP11-314C16.1	4.9865	-0.0297	0.9493	0.9616	0.9718
RP11-317J10.2	62.4858	1.1231	0.4024	0.003	0.0055
RP11-31F15.2	2.8534	0.7691	1.1708	0.1358	0.1916
RP11-320G24.1	7.889	-0.6142	0.8945	0.3259	0.4101
RP11-326F20.5	14.708	0.8821	0.733	0.1342	0.1896
RP11-329J18.2	1.0081	0.267	1.2158	0.509	NA
RP11-333E1.1	3.8392	0.251	1.0007	0.6789	0.7467
RP11-342C23.4	0.3702	-0.1025	1.2488	0.7475	NA
RP11-344B5.2	7.1026	-1.4789	1.119	0.0162	0.0273
RP11-346I3.4	1.587	0.1535	1.1555	0.7556	0.8126
RP11-34F13.2	9.6776	1.7468	0.9254	0.0072	0.0127
RP11-353N14.5	4.6459	-0.499	0.9912	0.416	0.5023
RP11-356I2.4	3.4202	0.8707	1.1005	0.1338	0.1892
RP11-35G9.3	25.4144	-0.217	0.5867	0.6723	0.7408
RP11-365O16.6	0.1808	-0.0355	1.2501	0.9097	NA
RP11-367J11.2	499.7742	-0.591	0.1548	1e-04	3e-04
RP11-367N14.2	2.9038	0.6059	1.0792	0.2956	0.3776
RP11-374P20.4	4.712	-0.152	0.9707	0.8044	0.851
RP11-379B18.5	1.7673	0.0967	1.1246	0.8543	0.8927
RP11-379F4.4	0.906	-0.2644	1.2312	0.4781	NA
RP11-379K22.2	0.3797	-0.1048	1.2488	0.7422	NA
RP11-37B2.1	9.5806	-0.1462	0.8089	0.8107	0.8563
RP11-381O7.3	4.3861	-0.8053	1.0596	0.1789	0.2445
RP11-383C5.3	1.8702	-0.6926	1.1851	0.159	0.2204
RP11-384K6.6	157.7033	0.5588	0.2643	0.0301	0.0487
RP11-387D10.3	0.3608	-0.1002	1.2488	0.7529	NA
RP11-389K14.3	17.6391	-1.2628	0.7436	0.0338	0.0542
RP11-392P7.6	18.1668	0.8747	0.6803	0.1218	0.1739
RP11-395P17.3	17.9798	-0.9888	0.7246	0.0914	0.1345
RP11-3P17.4	0.1898	-0.0377	1.2501	0.9042	NA
RP11-418J17.1	5.0253	0.4235	0.9568	0.494	0.5784
RP11-41O4.2	0.1804	-0.0353	1.2501	0.9101	NA
RP11-420A23.1	0.3798	-0.1048	1.2488	0.7421	NA
RP11-423C15.3	1.5398	0.4751	1.1795	0.3206	0.4047
RP11-423H2.3	0.3612	-0.1004	1.2488	0.7526	NA
RP11-426A6.5	112.7706	4.6203	0.4618	0	0
RP11-426L16.8	2.3288	-0.0978	1.0959	0.8595	0.8962
RP11-430B1.2	1.226	0.0496	1.1632	0.918	NA
RP11-434C1.1	0.5506	-0.1628	1.2414	0.6335	NA
RP11-438N16.1	60.7077	-3.0895	0.5506	0	0
RP11-43N5.1	0.1897	-0.0376	1.2501	0.9043	NA
RP11-452H21.4	1.9922	-0.2	1.132	0.701	0.7654
RP11-458D21.1	0.3488	-0.0961	1.2488	0.7625	NA
RP11-465B22.5	0.7309	-0.2393	1.2292	0.5236	NA
RP11-466F5.8	6.3051	1.1495	0.9663	0.0705	0.1065
RP11-473M20.14	24.3059	-0.6947	0.609	0.187	0.254
RP11-473M20.7	10.4289	-0.0181	0.7841	0.9761	0.9819
RP11-475N22.4	543.5888	0.5021	0.1479	6e-04	0.0012
RP11-47I22.2	0.3702	-0.1025	1.2488	0.7476	NA
RP11-480I12.7	2.5096	-0.3596	1.1084	0.5116	0.5946
RP11-482D24.2	0.8622	0.1892	1.2224	0.6244	NA
RP11-486A14.2	1.0125	0.4539	1.2205	0.2721	NA
RP11-486O12.2	29.5242	2.3053	0.6145	0	0
RP11-494M8.4	0.5504	-0.1626	1.2414	0.6337	NA
RP11-503N18.1	2.4014	1.0485	1.1959	0.0452	0.0711
RP11-508N12.2	1.3598	0.6106	1.2099	0.1743	NA
RP11-509J21.1	0.3852	-0.1066	1.2488	0.7381	NA
RP11-513O17.2	0.2014	-0.0458	1.25	0.8836	NA
RP11-513O17.2-2	1.9288	0.0351	1.1144	0.9477	0.9631
RP11-521B24.3	97.3264	1.519	0.3371	0	0
RP11-536C5.7	28.696	3.8845	1.174	0	0
RP11-538P18.2	10.7786	-0.6673	0.8067	0.2758	0.3557
RP11-539L10.2	1.3653	0.5298	1.2202	0.2105	NA
RP11-53O19.1	0.1804	-0.0353	1.2501	0.9101	NA
RP11-540A21.2	23.5506	-0.1834	0.5949	0.7234	0.7854
RP11-545I5.3	6.2553	-0.6819	0.9976	0.2686	0.3476
RP11-547D23.1	0.3608	-0.1002	1.2488	0.7529	NA
RP11-54O15.3	0.3418	0.1456	1.2516	0.6419	NA
RP11-554D15.1	13.8486	-0.5136	0.7416	0.3849	0.4698
RP11-563J2.2	0.3601	-0.1	1.2488	0.7534	NA
RP11-575F12.1	2.1481	-0.4707	1.1571	0.3519	0.4376
RP11-576D8.4	3.4221	-0.3813	1.0632	0.5114	0.5944
RP11-579D7.4	4.4307	0.6785	1.0112	0.268	0.3469
RP11-57H12.3	0.3722	0.155	1.2517	0.6211	NA
RP11-586D19.1	1.0822	-0.1536	1.1924	0.7271	NA
RP11-58E21.3	0.386	-0.1068	1.2488	0.7375	NA
RP11-593F23.1	0.1899	-0.0377	1.2501	0.904	NA
RP11-60I3.5	0.9498	-0.279	1.2293	0.4606	NA
RP11-611D20.2	4.1891	0.4195	1.0036	0.4903	0.5747
RP11-620J15.2	0.1806	-0.0354	1.2501	0.9098	NA
RP11-620J15.3	46.9992	-0.279	0.4515	0.5048	0.5883
RP11-637A17.2	3.5691	-0.2145	1.0516	0.7132	0.7766
RP11-63P12.6	6.68	-1.3762	1.1142	0.024	0.0393
RP11-65J3.1	31.2453	0.8551	0.5395	0.0762	0.1142
RP11-677M14.7	6.3003	1.3742	1.0333	0.0304	0.0492
RP11-682N22.1	3.8296	0.2492	1.0064	0.6801	0.7475
RP11-685M7.3	46.9525	2.5927	0.5139	0	0
RP11-692N5.1	0.7308	0.0366	1.2283	0.9208	NA
RP11-695J4.2	15.52	-0.0016	0.6891	0.9978	0.9987
RP11-696N14.1	5.4066	-0.4892	0.9533	0.4307	0.5166
RP11-701P16.5	0.3338	0.1444	1.2516	0.6445	NA
RP11-70F11.11	0.6863	0.2483	1.2451	0.4639	NA
RP11-710F7.3	0.1805	-0.0354	1.2501	0.91	NA
RP11-723O4.2	2.3673	-0.5562	1.1442	0.2894	0.3708
RP11-736K20.6	5.0765	-0.5467	1.0105	0.3693	0.4549
RP11-752G15.6	38.7879	0.6414	0.5167	0.1692	0.2328
RP11-756K15.2	0.1804	-0.0353	1.2501	0.9101	NA
RP11-75C9.1	46.0118	0.5496	0.4695	0.2033	0.2731
RP11-76N22.2	1.106	0.4383	1.2295	0.2669	NA
RP11-770J1.3	0.1898	-0.0377	1.2501	0.9042	NA
RP11-779O18.1	1.0253	0.3932	1.2303	0.3108	NA
RP11-793H13.3	44.7771	-2.952	0.6099	0	0
RP11-797H7.5	0.18	-0.0351	1.2501	0.9106	NA
RP11-806H10.4	10.2906	0.4683	0.804	0.443	0.5287
RP11-809M12.1	4.4959	0.4127	0.9781	0.5022	0.5857
RP11-80G7.1	2.0229	0.9049	1.1978	0.072	0.1085
RP11-81N13.1	15.6035	0.7086	0.7001	0.2173	0.2893
RP11-829H16.3	0.5411	-0.1402	1.2488	0.6618	NA
RP11-82L2.1	3.918	0.8472	1.0686	0.1558	0.2166
RP11-838N2.4	0.3338	0.1444	1.2516	0.6445	NA
RP11-840I19.3	0.6676	0.2404	1.2461	0.4741	NA
RP11-84C10.4	7.2497	0.7783	0.8976	0.215	0.2868
RP11-85B7.2	0.1805	-0.0354	1.2501	0.91	NA
RP11-85F14.5	13.5453	-1.057	0.7682	0.0797	0.1188
RP11-864J10.4	5.6189	1.0087	0.98	0.1092	0.1578
RP11-875O11.2	0.6945	-0.0092	1.2309	0.9797	NA
RP11-890B15.2	26.5895	-0.3086	0.6009	0.5542	0.6354
RP11-93B14.5	2.728	0.6653	1.1185	0.2307	0.3048
RP11-95P2.1	6.8911	-0.0325	0.8789	0.9583	0.97
RP11-96H19.1	10.323	1.1127	0.8211	0.0726	0.1093
RP11-97O12.2	0.1804	-0.0353	1.2501	0.9101	NA
RP11-983P16.4	16.2501	0.6441	0.7172	0.2681	0.347
RP11-98I9.4	32.8959	0.7546	0.5301	0.1127	0.1622
RP1L1	0.1898	-0.0377	1.2501	0.9042	NA
RP2	292.0939	-0.6371	0.2005	0.0013	0.0024
RP3-322G13.5	2.9542	0.3518	1.0532	0.548	0.6296
RP3-323P13.2	1.0838	-0.1556	1.1938	0.7223	NA
RP3-326I13.1	0.1799	-0.0351	1.2501	0.9106	NA
RP3-332B22.1	0.5771	-0.1466	1.2489	0.6476	NA
RP3-395M20.9	28.6425	0.6964	0.5661	0.1637	0.2259
RP3-399L15.3	0.1898	-0.0377	1.2501	0.9042	NA
RP3-400N23.6	0.8802	0.3391	1.2368	0.3569	NA
RP3-476K8.3	6.9658	1.5888	1.007	0.0141	0.024
RP4-533D7.5	1.0198	0.4586	1.2203	0.2682	NA
RP4-562J12.2	0.3418	0.1456	1.2516	0.6419	NA
RP4-591N18.2	4.0067	1.4626	1.2091	0.0102	0.0176
RP4-613A2.1	0.3418	0.1456	1.2516	0.6419	NA
RP4-639F20.1	27.9699	1.657	0.6388	0.0024	0.0044
RP4-655J12.4	0.6835	0.2469	1.2453	0.4657	NA
RP4-669L17.10	4.6846	-0.3556	1.2558	0.2747	0.3544
RP4-669L17.10-2	232.1031	-1.1433	0.2395	0	0
RP4-694A7.4	3.6652	-0.8606	1.1245	0.1271	0.1807
RP4-724E16.2	44.6868	3.9605	0.6672	0	0
RP4-753M9.1	17.6572	0.9005	0.6763	0.1099	0.1587
RP4-756H11.3	2.6327	0.0232	1.0774	0.9674	0.976
RP4-779E11.3	0.3797	-0.1048	1.2488	0.7422	NA
RP4-782L23.1	0.1898	-0.0377	1.2501	0.9042	NA
RP5-1021I20.1	0.181	-0.0356	1.2501	0.9095	NA
RP5-1024G6.5	7.358	-0.6785	0.9121	0.2789	0.359
RP5-1033H22.2	2.0416	0.8815	1.2002	0.0763	0.1143
RP5-1050D4.5	5.7041	-0.0661	0.9287	0.915	0.9385
RP5-1057J7.6	4.17	-0.9458	1.1241	0.0976	0.1426
RP5-1070A16.1	1.5785	-0.0816	1.1556	0.8682	0.9024
RP5-1071N3.1	0.894	-0.0877	1.2053	0.8331	NA
RP5-1074L1.1	2.6297	-0.9312	1.1757	0.0778	0.1164
RP5-1103G7.4	16.4337	-0.6189	0.6942	0.2788	0.3589
RP5-1125A11.1	8.0967	0.7251	0.8594	0.2446	0.3207
RP5-1142A6.2	54.6004	4.015	0.6309	0	0
RP5-1159O4.2	2.0836	0.1814	1.1276	0.7297	0.7911
RP5-1180C10.2	27.5925	0.3467	0.5815	0.4965	0.5806
RP5-858B6.3	3.3056	0.4319	1.0441	0.4659	0.5507
RP5-886K2.3	6.8083	-1.3944	1.1139	0.0225	0.037
RP5-887A10.1	5.0569	0.421	0.9679	0.4952	0.5795
RP5-914P20.5	19.6602	0.5633	0.6523	0.3064	0.3889
RP5-977B1.7	1.4351	-0.2781	1.1748	0.5557	0.6367
RP6-109B7.3	32.9048	1.0355	0.5325	0.03	0.0486
RP6-206I17.2	2.6918	0.3146	1.0667	0.5855	0.6634
RP9	155.8757	-0.0531	0.2662	0.8379	0.8796
RP9P	95.4706	0.4659	0.3274	0.1388	0.1953
RPA1	3055.4901	0.3973	0.072	0	0
RPA2	490.7122	-2.1798	0.1716	0	0
RPA3	511.0889	1.1935	0.1601	0	0
RPA3-AS1	104.9678	0.6241	0.3212	0.0436	0.0687
RPA4	3.4025	0.9277	1.0895	0.1163	0.1668
RPAIN	378.7578	-0.5386	0.1797	0.0024	0.0045
RPAP1	1055.8126	0.3696	0.1105	8e-04	0.0015
RPAP2	178.8563	-2.1784	0.2894	0	0
RPAP3	622.6642	-0.9126	0.1444	0	0
RPE	886.762	-0.0848	0.1203	0.4788	0.5639
RPEL1	0.1897	-0.0376	1.2501	0.9044	NA
RPF1	341.491	-1.7146	0.2091	0	0
RPF2	1216.1565	-0.646	0.1067	0	0
RPGR	59.1132	-0.3015	0.4098	0.4335	0.5191
RPGRIP1	0.5506	-0.1627	1.2414	0.6335	NA
RPGRIP1L	158.8911	-0.3862	0.2705	0.1427	0.2001
RPH3AL	94.1239	-1.58	0.3751	0	0
RPIA	1297.5805	1.235	0.1022	0	0
RPL10	14246.2975	1.1533	0.0517	0	0
RPL10A	11248.2378	1.2213	0.0559	0	0
RPL11	10518.0903	1.1804	0.0584	0	0
RPL12	11978.0124	1.4024	0.0537	0	0
RPL13	23048.8715	1.3498	0.0464	0	0
RPL13A	28535.1284	1.0461	0.0458	0	0
RPL13AP20	2.0596	0.5111	1.1249	0.3445	0.4301
RPL13AP5	181.8417	1.1152	0.2483	0	0
RPL13AP6	0.1814	-0.0357	1.2501	0.909	NA
RPL13P5	23.6207	-0.0655	0.6117	0.9013	0.9282
RPL14	17118.7992	1.3987	0.0545	0	0
RPL15	18549.3037	1.5149	0.0501	0	0
RPL17	14662.0961	0.888	0.0533	0	0
RPL17-C18orf32	145.022	0.4913	0.2852	0.0759	0.1139
RPL18	7713.5857	0.9622	0.0614	0	0
RPL18A	14032.6505	1.4765	0.0527	0	0
RPL19	19633.533	1.5118	0.0505	0	0
RPL19P12	1.5223	0.4679	1.182	0.324	0.4083
RPL21	9413.4787	1.1766	0.0574	0	0
RPL21P28	46.6472	1.0111	0.4594	0.0171	0.0286
RPL21P44	1.3438	0.6045	1.2103	0.1774	NA
RPL22	8108.2867	1.3704	0.0572	0	0
RPL22L1	4282.4882	1.4289	0.0752	0	0
RPL23	7409.7602	1.1631	0.0585	0	0
RPL23A	13261.9892	1.258	0.0508	0	0
RPL23AP32	0.905	-0.0803	1.2172	0.838	NA
RPL23AP53	141.4073	-2.8089	0.3337	0	0
RPL23AP64	8.8105	0.7823	0.8435	0.2079	0.2787
RPL23AP7	94.3612	-0.6677	0.3658	0.0551	0.0849
RPL23AP82	158.9637	0.3322	0.2656	0.1995	0.2687
RPL23P8	1.0033	0.3834	1.231	0.3198	NA
RPL24	9705.757	1.3939	0.0565	0	0
RPL26	7067.9014	1.3339	0.0686	0	0
RPL26L1	1619.6088	1.5491	0.1061	0	0
RPL27	7402.2027	1.2932	0.0603	0	0
RPL27A	14591.6903	1.2805	0.0503	0	0
RPL28	11296.6598	1.3641	0.0523	0	0
RPL29	17393.546	1.5437	0.0505	0	0
RPL29P2	0.1898	-0.0377	1.2501	0.9042	NA
RPL3	52582.0756	1.4287	0.0456	0	0
RPL30	10054.3773	1.3098	0.0531	0	0
RPL31	6255.4206	1.1436	0.0654	0	0
RPL32	10880.5533	1.3867	0.0538	0	0
RPL32P3	11.1832	0.0535	0.7888	0.9296	0.9498
RPL34	4537.0081	1.1771	0.0647	0	0
RPL35	14571.1398	1.5423	0.0536	0	0
RPL35A	7545.2096	1.2347	0.0573	0	0
RPL36	7261.7087	1.4832	0.0629	0	0
RPL36A	3984.8767	1.2935	0.0746	0	0
RPL36A-HNRNPH2	10.6526	-0.9402	1.2409	0.0411	0.065
RPL36AL	2875.7045	1.5064	0.0747	0	0
RPL37	6594.6945	1.5254	0.0584	0	0
RPL37A	10552.5097	1.4558	0.0589	0	0
RPL38	3668.4022	1.4044	0.0692	0	0
RPL39	5627.1387	1.483	0.0656	0	0
RPL39L	247.7069	0.1662	0.2109	0.4231	0.5093
RPL3L	0.3783	-0.1044	1.2488	0.7433	NA
RPL4	37806.7805	1.3346	0.047	0	0
RPL41	17548.7082	1.4428	0.0497	0	0
RPL5	12553.7875	1.016	0.0545	0	0
RPL6	18118.173	1.138	0.0488	0	0
RPL7	15638.5184	1.229	0.0517	0	0
RPL7A	23219.4931	1.1816	0.0481	0	0
RPL7L1	2176.7396	-1.2945	0.089	0	0
RPL8	36447.7688	1.643	0.0491	0	0
RPL9	8446.262	1.2743	0.0593	0	0
RPLP0	45824.2735	1.3158	0.0454	0	0
RPLP0P2	0.3611	-0.1003	1.2488	0.7526	NA
RPLP1	27999.2573	1.5547	0.0475	0	0
RPLP2	11035.7777	1.548	0.0511	0	0
RPN1	9362.158	1.5174	0.0537	0	0
RPN2	13935.2685	1.4646	0.0532	0	0
RPP14	372.2939	-1.673	0.1926	0	0
RPP21	379.8593	0.2939	0.178	0.0949	0.1391
RPP25	98.5714	-0.1658	0.3242	0.5951	0.6716
RPP25L	188.3708	-0.7289	0.2508	0.0029	0.0054
RPP30	434.5692	-1.0796	0.1739	0	0
RPP38	504.02	1.5685	0.155	0	0
RPP40	106.1411	-1.1441	0.3537	7e-04	0.0014
RPPH1	17.8212	1.707	0.7218	0.0037	0.0068
RPRD1A	1130.845	-0.1981	0.1178	0.0911	0.1341
RPRD1B	498.2655	-1.6917	0.1694	0	0
RPRD2	1377.0886	0.6929	0.0994	0	0
RPRM	0.8637	0.1896	1.2223	0.6238	NA
RPRML	0.7314	-0.2396	1.2291	0.5232	NA
RPS10	9595.895	1.334	0.0577	0	0
RPS10-NUDT3	0.6826	0.2465	1.2453	0.4662	NA
RPS10P7	2.7253	-0.64	1.1382	0.233	0.3076
RPS11	14504.0244	1.3834	0.05	0	0
RPS12	12795.5527	1.2871	0.054	0	0
RPS13	5414.1544	0.9686	0.0653	0	0
RPS14	13293.2415	1.3545	0.0519	0	0
RPS14P3	9.8422	1.6575	0.8946	0.01	0.0173
RPS15	13089.5222	1.5045	0.0529	0	0
RPS15A	6026.4466	1.216	0.0612	0	0
RPS15AP10	5.1067	1.2866	1.0774	0.0374	0.0595
RPS16	12941.3395	1.2814	0.0523	0	0
RPS16P5	0.9398	-0.3251	1.2179	0.4222	NA
RPS17	7834.5935	1.3633	0.062	0	0
RPS18	15229.4111	1.3351	0.0549	0	0
RPS18P9	42.3864	0.7289	0.4906	0.1035	0.1502
RPS19	16599.6654	1.4929	0.0536	0	0
RPS19BP1	1452.5967	0.0431	0.0988	0.6615	0.7311
RPS2	70554.6465	1.522	0.0441	0	0
RPS20	11373.6154	1.2384	0.0539	0	0
RPS21	6106.166	1.3313	0.0621	0	0
RPS23	10694.3777	1.3819	0.0557	0	0
RPS24	10663.5121	1.4076	0.0558	0	0
RPS25	6232.5983	1.2164	0.0631	0	0
RPS26	9716.019	1.2371	0.0524	0	0
RPS26P11	4.9027	1.127	1.035	0.0705	0.1066
RPS27	9314.1616	1.2887	0.0536	0	0
RPS27A	12290.0197	1.2192	0.061	0	0
RPS27L	1083.297	1.0079	0.1101	0	0
RPS28	11532.5031	1.4998	0.0509	0	0
RPS29	4142.0896	1.3482	0.0654	0	0
RPS2P32	0.8647	0.2106	1.2115	0.6066	NA
RPS3	19996.69	1.4561	0.0492	0	0
RPS3A	18097.12	1.2188	0.0541	0	0
RPS4X	19458.5606	1.3353	0.0484	0	0
RPS5	14605.0207	1.3272	0.0531	0	0
RPS6	16621.0146	1.3678	0.0535	0	0
RPS6KA1	2319.324	0.2404	0.0823	0.0034	0.0063
RPS6KA2	163.3569	-0.3159	0.2603	0.2136	0.2852
RPS6KA2-AS1	0.3299	0.1435	1.2516	0.6465	NA
RPS6KA3	928.9289	-0.0783	0.1244	0.527	0.6096
RPS6KA4	2537.5433	1.2975	0.0771	0	0
RPS6KA5	48.5644	-0.5068	0.4521	0.2261	0.2997
RPS6KB1	750.4502	-0.4142	0.1424	0.0034	0.0063
RPS6KB2	1458.2894	1.2998	0.0959	0	0
RPS6KC1	128.2412	-1.5561	0.3132	0	0
RPS6KL1	48.1582	-1.7134	0.5181	2e-04	5e-04
RPS7	8606.2956	1.0153	0.0601	0	0
RPS8	15168.0359	1.2758	0.0524	0	0
RPS9	19992.7747	1.5728	0.0481	0	0
RPSA	33143.5824	1.4105	0.0459	0	0
RPSAP52	4.4335	-1.4462	1.1695	0.0141	0.0239
RPSAP58	206.8428	0.9621	0.2423	0	1e-04
RPSAP9	38.4418	1.1716	0.5242	0.0129	0.0221
RPTOR	920.8933	-1.3126	0.125	0	0
RPUSD1	1266.8232	0.0103	0.1117	0.9259	0.9473
RPUSD2	674.9703	1.4635	0.1365	0	0
RPUSD3	448.0578	-0.4279	0.1616	0.0075	0.0132
RPUSD4	377.1856	-0.6953	0.1845	1e-04	3e-04
RQCD1	920.5526	-1.9452	0.1302	0	0
RRAD	6.3774	-1.0366	0.9801	0.1002	0.146
RRAGA	839.8452	1.2666	0.1338	0	0
RRAGB	131.6192	0.3978	0.304	0.1759	0.2408
RRAGC	366.345	-1.256	0.1822	0	0
RRAGD	4.059	-0.155	1.0508	0.7905	0.8402
RRAS	1254.5332	1.3312	0.1049	0	0
RRAS2	803.1313	-0.8401	0.1325	0	0
RRBP1	2649.5453	0.5272	0.0756	0	0
RREB1	614.1114	-0.5312	0.1505	4e-04	8e-04
RRH	2.1005	-0.0289	1.1055	0.9577	0.9698
RRM1	3706.1054	0.7201	0.0678	0	0
RRM2	3879.3093	-1.0201	0.0692	0	0
RRM2B	288.7541	-1.3848	0.2058	0	0
RRN3	590.2657	-1.5738	0.1519	0	0
RRN3P1	7.2703	-1.3224	1.0329	0.0366	0.0583
RRN3P2	0.9469	-0.2779	1.2294	0.4619	NA
RRN3P3	41.7859	0.5633	0.4769	0.1979	0.2669
RRNAD1	289.8861	0.7178	0.1964	2e-04	4e-04
RRP1	1020.9774	-1.8337	0.1191	0	0
RRP12	1372.7271	-0.7017	0.0997	0	0
RRP15	635.3087	0.1308	0.1476	0.372	0.4571
RRP1B	2669.5199	-1.5002	0.0908	0	0
RRP36	980.4481	0.3147	0.1177	0.0072	0.0127
RRP7A	1634.549	-0.2053	0.0977	0.035	0.056
RRP7B	184.8126	0.1973	0.257	0.4317	0.5176
RRP8	196.7563	-2.2002	0.2797	0	0
RRP9	860.1795	-0.4299	0.127	7e-04	0.0013
RRS1	3158.3786	1.9535	0.0779	0	0
RSAD1	155.5037	-2.098	0.2911	0	0
RSBN1	379.9385	0.4981	0.1768	0.0044	0.008
RSBN1L	317.0678	-0.5311	0.1895	0.0045	0.0082
RSBN1L-AS1	95.6462	-0.7483	0.3392	0.0213	0.0353
RSC1A1	92.7044	-1.5393	0.3722	0	0
RSF1	639.9625	-1.2483	0.1449	0	0
RSG1	28.5695	-1.2572	0.5861	0.0142	0.0241
RSL1D1	4497.8947	0.3861	0.0723	0	0
RSL24D1	2312.988	0.962	0.0847	0	0
RSPH1	1.227	0.3456	1.1918	0.4435	NA
RSPH10B	0.6343	-0.1705	1.2459	0.6057	NA
RSPH10B2	5.9768	0.0097	0.9144	0.9876	0.9911
RSPH3	60.2785	-0.1047	0.4053	0.7837	0.8348
RSPH4A	1.7805	-0.1399	1.1405	0.7841	0.835
RSPH6A	0.7132	-0.0151	1.2297	0.9671	NA
RSPO3	0.2697	-0.0653	1.2488	0.8369	NA
RSPRY1	537.3282	-1.5948	0.154	0	0
RSRC1	301.1213	0.088	0.2019	0.6582	0.7282
RSRC2	1659.7208	1.6021	0.093	0	0
RSU1	2281.2498	1.3281	0.0859	0	0
RTBDN	3.2213	0.4931	1.0777	0.3916	0.4769
RTCA	376.0228	-0.846	0.1772	0	0
RTCB	1705.4777	-0.2376	0.0909	0.0088	0.0153
RTDR1	4.0194	0.3879	1.0024	0.5234	0.6063
RTEL1	739.5061	0.1934	0.1272	0.1262	0.1796
RTEL1-TNFRSF6B	45.8705	0.7603	0.507	0.098	0.1431
RTF1	1527.4029	-0.7186	0.0949	0	0
RTFDC1	1215.9686	0.6243	0.1037	0	0
RTKN	295.2453	-2.6176	0.2306	0	0
RTKN2	566.2181	-0.587	0.1539	1e-04	3e-04
RTN1	6.6844	0.1707	0.9118	0.7834	0.8346
RTN2	79.317	0.4987	0.3826	0.1687	0.2322
RTN3	3455.906	0.9115	0.0729	0	0
RTN4	4857.294	0.7464	0.0697	0	0
RTN4IP1	107.5727	-1.9485	0.3605	0	0
RTN4R	58.5963	-1.3351	0.4348	0.001	0.0019
RTN4RL1	4.5694	-1.0381	1.1187	0.0742	0.1116
RTN4RL2	19.0741	0.7157	0.6729	0.2024	0.2723
RTP1	1.0253	0.3932	1.2303	0.3108	NA
RTTN	265.5818	-0.6561	0.2083	0.0014	0.0026
RUFY1	627.9569	-0.1951	0.1374	0.1529	0.213
RUFY2	97.6664	-1.6449	0.3765	0	0
RUFY3	376.6591	0.9802	0.1749	0	0
RUNDC1	280.6908	-2.0111	0.219	0	0
RUNDC3A	2.0534	0.3975	1.1603	0.424	0.5101
RUNDC3B	7.1874	-1.1591	0.9715	0.0681	0.1031
RUNX1	229.342	0.1179	0.2256	0.5946	0.6713
RUNX2	0.4092	-0.1157	1.249	0.7164	NA
RUNX3	6.6018	-0.3789	0.9066	0.5429	0.6247
RUSC1	680.9994	0.0653	0.1411	0.641	0.7132
RUSC1-AS1	5.5121	0.639	0.9461	0.3061	0.3887
RUSC2	245.6873	-1.7825	0.2311	0	0
RUVBL1	3013.9444	0.98	0.0745	0	0
RUVBL2	3994.0981	0.7738	0.0659	0	0
RWDD1	921.0424	0.9861	0.1209	0	0
RWDD2A	70.2199	-1.4426	0.3926	1e-04	2e-04
RWDD2B	255.8507	-0.1868	0.2087	0.363	0.4492
RWDD3	76.783	-1.0048	0.4044	0.0082	0.0144
RWDD4	477.5208	0.5022	0.1728	0.0033	0.0061
RXFP4	1.2748	-0.2201	1.1845	0.6288	NA
RXRA	425.8545	-1.0023	0.1871	0	0
RXRB	487.4767	-1.7316	0.1685	0	0
RYBP	944.5717	0.1726	0.1165	0.1364	0.1925
RYK	1022.9815	-0.4644	0.1222	1e-04	3e-04
RYR1	15.3047	0.7618	0.7036	0.186	0.2528
RYR2	2.586	0.6324	1.1229	0.2497	0.3265
RYR3	9.2348	0.0442	0.8301	0.9427	0.9597
S100A1	320.6461	1.4796	0.197	0	0
S100A10	4178.0587	1.6527	0.066	0	0
S100A11	7375.4504	1.5471	0.056	0	0
S100A13	1592.2595	1.4366	0.0931	0	0
S100A14	17.4866	0.1296	0.6855	0.8192	0.8631
S100A16	2505.2804	1.1506	0.0793	0	0
S100A2	555.0926	1.7419	0.1505	0	0
S100A3	75.1542	1.7012	0.384	0	0
S100A4	3827.3787	1.4564	0.0727	0	0
S100A5	11.8473	1.2437	0.8077	0.0439	0.0692
S100A6	13230.9046	1.7594	0.0542	0	0
S100A9	7.0668	1.2022	0.979	0.0587	0.0902
S100G	0.3221	0.1417	1.2515	0.6507	NA
S100P	155.1559	1.8038	0.2721	0	0
S100PBP	202.0177	-1.1774	0.2539	0	0
S100Z	7.4304	0.5496	0.8776	0.378	0.4625
S1PR1	0.1804	-0.0353	1.2501	0.9101	NA
S1PR2	63.0001	-2.6076	0.4885	0	0
S1PR3	23.491	-1.6776	0.6674	0.0028	0.0051
S1PR5	140.3229	0.2022	0.2777	0.4541	0.5394
SAA1	118.1602	1.6032	0.3533	0	0
SAA2	24.9845	1.21	0.6111	0.0219	0.0361
SAA2-SAA4	0.6675	0.2403	1.2461	0.4741	NA
SAAL1	323.7711	-0.1052	0.1869	0.5686	0.6484
SAC3D1	572.4781	-0.514	0.145	4e-04	7e-04
SACM1L	692.2209	-1.873	0.144	0	0
SACS	1036.9267	-1.1166	0.1147	0	0
SAE1	3847.5082	0.0296	0.0673	0.6599	0.7299
SAFB	2201.9995	-1.2152	0.0839	0	0
SAFB2	1081.8852	-0.3361	0.1125	0.0027	0.005
SALL1	112.94	0.3151	0.3096	0.2918	0.3734
SALL2	489.9317	0.2259	0.1719	0.184	0.2506
SALL4	179.114	1.1014	0.2524	0	0
SAMD1	1420.9883	1.3616	0.1008	0	0
SAMD10	108.7161	-1.2749	0.3421	1e-04	2e-04
SAMD11	32.8404	0.4114	0.5361	0.3916	0.4769
SAMD12	35.7788	0.5402	0.5137	0.2448	0.3208
SAMD13	1.3872	0.2664	1.1573	0.5899	0.6669
SAMD14	13.0824	-1.7843	0.8881	0.0057	0.0101
SAMD15	14.2314	0.3461	0.7156	0.5511	0.6323
SAMD4A	385.1858	-1.7638	0.1882	0	0
SAMD4B	2518.3258	0.561	0.0773	0	0
SAMD5	10.1154	0.1211	0.8297	0.8439	0.8842
SAMD8	722.51	-0.4427	0.1435	0.0019	0.0036
SAMD9L	0.1829	-0.0364	1.2501	0.9074	NA
SAMHD1	512.1562	1.0232	0.1557	0	0
SAMM50	976.6425	0.3429	0.1201	0.0041	0.0075
SAP130	456.1484	-1.4648	0.1751	0	0
SAP18	3051.8817	1.3616	0.0775	0	0
SAP25	5.1696	-1.5612	1.166	0.0096	0.0166
SAP30	262.4789	-0.9895	0.2131	0	0
SAP30BP	557.4866	-1.0276	0.1518	0	0
SAP30L	381.0542	-1.4034	0.1804	0	0
SAP30L-AS1	18.1212	1.1067	0.6727	0.0489	0.0762
SAPCD1	1.7308	0.6665	1.2134	0.1401	0.1969
SAPCD2	3304.8061	-0.2532	0.0715	4e-04	8e-04
SAR1A	1203.2121	-1.246	0.1167	0	0
SAR1B	429.9624	-0.3046	0.1679	0.0669	0.1014
SARDH	4.9784	0.6123	0.982	0.322	0.4062
SARM1	687.3566	0.448	0.1333	7e-04	0.0014
SARNP	1384.6003	1.1122	0.0986	0	0
SARS	2281.312	0.4904	0.0835	0	0
SARS2	422.719	-1.3444	0.1739	0	0
SART1	1096.2357	0.1288	0.1096	0.2377	0.3127
SART3	1353.9164	-1.3568	0.1061	0	0
SASH1	531.9114	-2.1367	0.1808	0	0
SASS6	193.4912	-3.3518	0.3076	0	0
SAT1	1346.9143	0.7332	0.1274	0	0
SAT2	298.3422	0.343	0.1934	0.0722	0.1089
SATB1	3.5234	0.6467	1.0692	0.2705	0.3498
SATB2	87.0659	-0.2225	0.3553	0.5117	0.5947
SAV1	2029.0176	0.7274	0.0881	0	0
SAYSD1	140.5617	-0.8326	0.3033	0.0045	0.0082
SBDS	2040.5419	1.306	0.0982	0	0
SBDSP1	676.5753	1.1215	0.1476	0	0
SBF1	4218.2684	0.3417	0.0654	0	0
SBF1P1	0.1804	-0.0353	1.2501	0.9101	NA
SBF2	511.5815	-0.7328	0.1532	0	0
SBF2-AS1	74.6061	-0.1747	0.3713	0.6206	0.6945
SBK1	177.5717	-1.5155	0.2818	0	0
SBK2	8.0382	0.4091	0.8628	0.5099	0.5932
SBK3	2.1928	-0.8014	1.1799	0.1158	0.1662
SBNO1	1293.9576	-1.0656	0.1058	0	0
SBNO2	874.2641	-2.3356	0.1338	0	0
SBSN	0.2246	0.1138	1.2507	0.7169	NA
SBSPON	11.3647	-0.9865	0.8217	0.1108	0.1597
SC5D	330.4094	-0.3763	0.1914	0.0464	0.0727
SCAF1	3515.6425	-0.2938	0.0708	0	1e-04
SCAF11	1398.4034	-2.3922	0.1121	0	0
SCAF4	623.2286	-2.1949	0.1537	0	0
SCAF8	816.6739	-0.7236	0.1555	0	0
SCAI	158.3381	-0.619	0.2708	0.0189	0.0314
SCAMP1	581.0175	0.1782	0.1427	0.2084	0.2792
SCAMP2	880.5159	-0.3632	0.1193	0.0022	0.0042
SCAMP3	1236.9147	0.4406	0.1056	0	1e-04
SCAMP4	1464.4457	-0.0444	0.096	0.6431	0.7151
SCAMP5	105.2491	-0.2794	0.3277	0.3753	0.4602
SCAND1	979.432	0.8656	0.1236	0	0
SCAND2P	102.8956	-1.1161	0.3285	4e-04	8e-04
SCAND3	27.7261	-0.0143	0.6085	0.9783	0.9834
SCAP	2941.4359	0.8226	0.0739	0	0
SCAPER	182.2125	-0.8354	0.2586	9e-04	0.0018
SCARA3	5059.1359	1.1035	0.0723	0	0
SCARB1	4617.8464	1.4418	0.0674	0	0
SCARB2	2315.8709	1.1049	0.0828	0	0
SCARF1	4.7492	-1.0707	1.1173	0.0671	0.1017
SCARF2	1874.0678	1.2857	0.0893	0	0
SCARNA10	2.029	0.4542	1.1434	0.382	0.4666
SCARNA12	12.4033	1.9106	0.8953	0.0032	0.006
SCARNA16	0.3338	0.1444	1.2516	0.6445	NA
SCARNA17	5.1648	0.559	0.9604	0.3681	0.4539
SCARNA2	7.9006	1.3489	0.975	0.0354	0.0566
SCARNA5	0.1804	-0.0353	1.2501	0.9101	NA
SCARNA9	0.1904	-0.038	1.2501	0.9034	NA
SCARNA9L	3.824	1.1274	1.1464	0.0484	0.0756
SCART1	2.6678	-0.3268	1.1361	0.5304	0.6129
SCCPDH	1251.566	0.901	0.1095	0	0
SCD	5768.0549	0.4566	0.0592	0	0
SCD5	881.0655	0.4149	0.1194	5e-04	0.001
SCFD1	681.2442	0.3272	0.1333	0.0135	0.023
SCFD2	493.5081	0.9375	0.1562	0	0
SCG2	1.4053	-0.0127	1.1827	0.9776	0.9831
SCG3	2.9177	0.5705	1.0984	0.3126	0.3962
SCG5	3.3067	0.4332	1.0441	0.4646	0.5496
SCGB1A1	0.3404	0.1451	1.2516	0.6429	NA
SCGB1D2	2.0559	0.5079	1.125	0.3472	0.433
SCGB2A1	10.815	0.8811	0.8166	0.1529	0.213
SCHIP1	70.977	-0.7426	0.4744	0.0882	0.1304
SCIMP	0.5216	-0.1356	1.2488	0.6722	NA
SCIN	731.4464	0.8763	0.1291	0	0
SCLT1	191.1412	-1.6457	0.2709	0	0
SCLY	572.156	0.3192	0.1465	0.0281	0.0457
SCMH1	362.3692	-0.1009	0.1861	0.5831	0.6614
SCML1	250.2941	-0.6957	0.2141	0.001	0.0019
SCML2	92.8666	-1.9195	0.3756	0	0
SCN1A	0.1898	-0.0377	1.2501	0.9042	NA
SCN1B	12.2221	-0.9394	0.7967	0.1244	0.1774
SCN2A	13.686	-1.16	0.7931	0.0581	0.0893
SCN3A	2.0599	-0.7565	1.1819	0.1321	0.1871
SCN3B	2.1959	0.1708	1.1065	0.7537	0.8111
SCN4B	2.2537	0.4034	1.1064	0.4644	0.5494
SCN5A	6.5103	0.052	0.8899	0.9333	0.9528
SCN7A	4.1597	-0.3618	1.0173	0.548	0.6296
SCN8A	29.3915	-1.1683	0.5749	0.0208	0.0345
SCN9A	0.3415	0.1455	1.2516	0.6421	NA
SCNM1	131.7681	-1.3484	0.3025	0	0
SCNN1A	282.14	0.2261	0.2112	0.2768	0.357
SCNN1D	7.0985	-0.4767	0.9112	0.4447	0.5302
SCNN1G	0.5248	0.0574	1.2452	0.8604	NA
SCO1	660.8156	0.0382	0.1403	0.7838	0.8349
SCO2	238.8772	-0.7285	0.2202	8e-04	0.0015
SCOC	1110.027	0.5124	0.1134	0	0
SCP2	1495.2617	1.1972	0.0957	0	0
SCPEP1	111.6963	1.2546	0.3112	0	1e-04
SCRG1	0.3338	0.1444	1.2516	0.6445	NA
SCRIB	7309.3969	1.0816	0.0561	0	0
SCRN1	2557.6742	-0.6181	0.0794	0	0
SCRN2	139.4424	0.3459	0.2773	0.1994	0.2687
SCRN3	96.0158	-0.4352	0.355	0.199	0.2682
SCRT1	1.2047	0.3097	1.2061	0.4664	NA
SCTR	0.203	-0.0467	1.25	0.8814	NA
SCUBE1	3.4883	0.3617	1.0336	0.5436	0.6253
SCUBE2	4.0296	0.9426	1.0715	0.1165	0.1671
SCUBE3	512.5236	1.1908	0.1633	0	0
SCXB	23.1	0.7767	0.6088	0.1401	0.1969
SCYL1	1380.1697	-0.9047	0.099	0	0
SCYL2	1001.0392	-0.7421	0.1163	0	0
SCYL3	73.3712	-2.0454	0.4237	0	0
SDAD1	419.9226	-1.6473	0.177	0	0
SDC1	5636.898	1.0855	0.0644	0	0
SDC2	17977.2073	1.7871	0.0567	0	0
SDC3	2080.8458	0.7411	0.0853	0	0
SDC4	3052.2146	1.8589	0.0887	0	0
SDCBP	1685.7027	0.4252	0.09	0	0
SDCBP2	7.1404	-0.1787	0.9401	0.7729	0.8264
SDCBP2-AS1	20.6744	0.3733	0.6229	0.485	0.5698
SDCCAG3	1064.8206	-0.5054	0.119	0	0
SDCCAG8	71.5288	-0.9668	0.3935	0.0092	0.016
SDE2	1618.5243	1.9791	0.0958	0	0
SDF2	491.1402	0.2962	0.1608	0.0631	0.0962
SDF2L1	1321.4267	1.3386	0.0997	0	0
SDF4	9485.6099	1.6015	0.0526	0	0
SDHA	4702.472	0.7252	0.0659	0	0
SDHAF1	352.5596	1.5296	0.1829	0	0
SDHAF2	300.1961	-1.2043	0.2121	0	0
SDHAP1	91.5433	-0.8615	0.3445	0.0089	0.0156
SDHAP2	117.1998	-0.2284	0.3174	0.4554	0.5407
SDHAP3	21.1928	-1.9544	0.7341	0.001	0.002
SDHB	1249.1754	0.9305	0.104	0	0
SDHC	1734.3934	1.1815	0.0915	0	0
SDHD	2022.6232	0.7747	0.0896	0	0
SDK1	108.3231	1.5571	0.3252	0	0
SDK2	223.4272	0.2595	0.232	0.2539	0.3312
SDPR	208.3114	-0.0697	0.2298	0.7573	0.8138
SDR39U1	558.1168	0.872	0.1483	0	0
SDS	0.3331	0.1443	1.2516	0.6448	NA
SDSL	380.9396	0.9118	0.1814	0	0
SEC11A	2212.9884	0.6008	0.0832	0	0
SEC11C	756.6397	1.2332	0.1326	0	0
SEC13	3257.6191	0.9309	0.0718	0	0
SEC14L1	2728.6389	0.2292	0.0843	0.0064	0.0114
SEC14L2	68.7311	0.0398	0.3965	0.9154	0.9387
SEC14L4	10.0388	-0.6341	0.8214	0.3029	0.3852
SEC16A	2574.8109	-0.4481	0.0771	0	0
SEC16B	5.4018	-0.7697	1.024	0.2082	0.279
SEC22A	91.2752	-2.0325	0.3736	0	0
SEC22B	647.8598	-0.788	0.1434	0	0
SEC22C	591.2544	-1.1398	0.1571	0	0
SEC23A	3661.0748	0.8407	0.0691	0	0
SEC23B	1429.7164	0.4714	0.0955	0	0
SEC23IP	1271.5501	-0.1902	0.111	0.0854	0.1266
SEC24A	430.7001	-1.7281	0.179	0	0
SEC24B	611.8198	-1.6561	0.1492	0	0
SEC24B-AS1	5.8358	-0.0967	0.9205	0.8761	0.9078
SEC24C	1929.085	-0.4645	0.0886	0	0
SEC24D	558.8656	-0.8887	0.1473	0	0
SEC31A	2580.6134	0.2647	0.0786	7e-04	0.0014
SEC31B	31.0421	-0.2032	0.5426	0.6751	0.7432
SEC61A1	10065.3315	1.0167	0.0543	0	0
SEC61A2	406.3461	0.9894	0.1679	0	0
SEC61B	1822.5566	1.4397	0.0924	0	0
SEC61G	1197.0138	1.2877	0.1051	0	0
SEC62	1614.8608	0.1403	0.0921	0.1267	0.1802
SEC63	1706.9622	0.515	0.0891	0	0
SECISBP2	532.5775	-0.8076	0.1526	0	0
SECISBP2L	410.0161	-1.6467	0.1774	0	0
SECTM1	1.4543	-0.2832	1.1741	0.5495	0.6309
SEH1L	1050.2734	-0.8054	0.1177	0	0
SEL1L	1275.8357	0.5006	0.1009	0	0
SEL1L3	373.2747	1.4111	0.1866	0	0
SELENBP1	493.6619	0.9604	0.1751	0	0
SELK	555.6609	0.9995	0.1472	0	0
SELL	79.9816	1.235	0.3622	3e-04	7e-04
SELM	634.7457	1.3677	0.1432	0	0
SELO	599.4112	0.664	0.1404	0	0
SELP	7.1356	0.6831	0.888	0.275	0.3548
SELPLG	5.2986	0.4292	0.946	0.4894	0.574
SELT	2201.841	0.9319	0.0863	0	0
SEMA3A	74.8297	-0.1577	0.3717	0.6553	0.7259
SEMA3B	1040.65	1.0533	0.1169	0	0
SEMA3B-AS1	2.0987	-0.0322	1.1056	0.9528	0.9668
SEMA3C	2426.6199	0.6124	0.0913	0	0
SEMA3D	4541.6905	0.1297	0.0675	0.0543	0.0839
SEMA3E	6.2615	0.4684	0.9667	0.4487	0.5344
SEMA3F	721.2527	1.0095	0.1361	0	0
SEMA3G	37.1516	-0.3979	0.5067	0.3865	0.4716
SEMA4A	298.3615	0.4284	0.2043	0.0333	0.0535
SEMA4B	603.0938	-1.5843	0.3448	0	0
SEMA4C	429.1951	-1.7846	0.1763	0	0
SEMA4D	383.6043	-1.1232	0.1906	0	0
SEMA4F	321.1694	1.0769	0.1874	0	0
SEMA4G	254.7207	0.2678	0.2076	0.1901	0.2578
SEMA5A	259.2561	0.7581	0.2214	5e-04	0.001
SEMA5B	2.4184	0.3046	1.0862	0.5889	0.6661
SEMA6A	48.6134	-1.9035	0.4977	0	1e-04
SEMA6B	917.9213	0.9412	0.1255	0	0
SEMA6C	80.9625	-0.5351	0.3571	0.1162	0.1667
SEMA6D	1.2246	-0.0352	1.1972	0.9347	NA
SEMA7A	44.616	-0.597	0.4846	0.178	0.2435
SENP1	550.9397	-1.0614	0.15	0	0
SENP2	381.0197	-1.441	0.1827	0	0
SENP3	2691.5427	0.2308	0.0782	0.0031	0.0057
SENP3-EIF4A1	44.7583	0.4992	0.4919	0.266	0.3448
SENP5	367.4813	-2.6347	0.2165	0	0
SENP6	782.2865	-1.4988	0.131	0	0
SENP7	204.0007	-0.0668	0.2323	0.7694	0.8236
SENP8	25.5277	-2.9733	0.8909	0	0
SEP15	3659.7925	1.2735	0.0706	0	0
SEPHS1	3380.9005	0.7143	0.071	0	0
SEPHS2	1309.4838	0.8748	0.101	0	0
SEPN1	4497.219	1.367	0.0663	0	0
SEPP1	0.6754	0.2862	1.2368	0.4299	NA
SEPSECS	33.229	-2.9343	0.7312	0	0
SEPT1	25.6731	1.1316	0.5975	0.0294	0.0477
SEPT10	2131.2111	0.7422	0.0859	0	0
SEPT11	10019.8406	0.9492	0.0565	0	0
SEPT2	17207.6811	1.1879	0.0487	0	0
SEPT3	5.6857	0.3303	0.9696	0.5917	0.6683
SEPT5	62.5382	0.0073	0.4136	0.9849	0.9889
SEPT5-GP1BB	27.0108	0.1374	0.5995	0.792	0.8412
SEPT6	161.7141	0.8428	0.2575	8e-04	0.0016
SEPT7	4486.2401	0.923	0.064	0	0
SEPT7P2	26.1767	-1.8479	0.6581	9e-04	0.0017
SEPT7P9	0.3487	0.1478	1.2516	0.637	NA
SEPT8	1191.8117	0.7584	0.1034	0	0
SEPT9	6548.3577	0.8399	0.0578	0	0
SEPW1	730.9508	1.1958	0.1318	0	0
SERAC1	129.8152	-1.3645	0.3013	0	0
SERBP1	13853.672	0.7923	0.0552	0	0
SERF1A	22.2332	-3.5959	1.5778	0	0
SERF1B	311.8173	0.9147	0.1954	0	0
SERF2	9074.2183	1.6805	0.0543	0	0
SERF2-C15ORF63	2.3586	-0.7142	1.1949	0.1386	0.1953
SERGEF	62.6643	-0.0669	0.4189	0.8646	0.8998
SERHL	1.0908	-0.1542	1.1934	0.7251	NA
SERHL2	14.653	-0.6294	0.7235	0.2814	0.3618
SERINC1	1683.1963	0.4752	0.0905	0	0
SERINC2	346.2144	1.0684	0.1822	0	0
SERINC3	971.8623	0.4394	0.1131	1e-04	2e-04
SERINC5	717.0702	-0.1758	0.1318	0.1795	0.2452
SERP1	2651.23	-0.0758	0.0794	0.3387	0.4242
SERP2	12.6999	0.4019	0.7479	0.498	0.582
SERPINA1	0.333	0.1442	1.2516	0.6449	NA
SERPINB1	322.7154	0.1221	0.1939	0.5235	0.6063
SERPINB2	3.582	-0.2438	1.0237	0.6833	0.75
SERPINB5	0.3707	-0.1028	1.2488	0.7469	NA
SERPINB6	351.1376	0.9777	0.1815	0	0
SERPINB8	249.9893	-0.0019	0.2292	0.9932	0.9953
SERPINB9	997.3773	0.2176	0.1254	0.0809	0.1205
SERPINC1	0.1935	-0.0397	1.25	0.8991	NA
SERPINE1	270.0079	1.2136	0.2271	0	0
SERPINE2	130.0624	1.5094	0.2928	0	0
SERPINF1	358.3467	1.7733	0.1827	0	0
SERPINF2	2.7583	-0.0569	1.0952	0.918	0.9408
SERPING1	18.3811	0.7753	0.6618	0.163	0.2252
SERPINH1	14554.666	1.2923	0.0491	0	0
SERPINI1	4.3353	0.3986	0.9943	0.514	0.5966
SERTAD1	104.9828	-0.7173	0.3219	0.0206	0.0341
SERTAD2	983.4872	1.4249	0.132	0	0
SERTAD3	468.1725	1.4704	0.1606	0	0
SERTAD4	1.2905	-0.4776	1.2008	0.2868	NA
SERTAD4-AS1	24.1034	1.8254	0.6379	8e-04	0.0016
SESN1	103.354	-2.5656	0.3929	0	0
SESN2	239.0542	-3.1862	0.2684	0	0
SESN3	53.1825	-2.456	0.5169	0	0
SESTD1	465.3879	-0.699	0.1605	0	0
SET	18976.0862	0.7807	0.0505	0	0
SETBP1	160.6906	-0.2605	0.6114	0.6218	0.6956
SETD1A	1229.069	-0.2132	0.1038	0.0392	0.0623
SETD1B	1908.0292	0.0683	0.0908	0.4507	0.5361
SETD2	1178.9958	-1.4488	0.1113	0	0
SETD3	1216.0112	0.0932	0.1039	0.3682	0.454
SETD4	168.9007	-1.3194	0.2785	0	0
SETD5	1488.448	-2.074	0.1044	0	0
SETD6	228.7899	-0.3608	0.2283	0.1073	0.1552
SETD7	565.6691	-0.8164	0.1653	0	0
SETD8	943.2727	0.2137	0.1163	0.0649	0.0986
SETD9	154.5575	0.3747	0.2633	0.1445	0.2024
SETDB1	386.434	-1.3118	0.1914	0	0
SETDB2	88.6307	-1.0699	0.3841	0.0032	0.006
SETMAR	121.3459	-0.7194	0.2995	0.013	0.0222
SETSIP	1.7306	0.3549	1.152	0.4819	0.5667
SETX	696.3203	-1.7907	0.1475	0	0
SEZ6	0.3338	0.1444	1.2516	0.6445	NA
SEZ6L2	1346.2778	1.484	0.1164	0	0
SF1	4962.3709	0.1434	0.0624	0.0214	0.0354
SF3A1	2564.9697	-0.1259	0.0768	0.1002	0.146
SF3A2	1369.2337	-1.056	0.1005	0	0
SF3A3	2197.4236	0.1153	0.0826	0.1617	0.2236
SF3B1	6864.5641	0.7961	0.0583	0	0
SF3B14	1594.1514	1.4929	0.0944	0	0
SF3B2	5971.4469	0.5669	0.0588	0	0
SF3B3	7331.3537	0.6042	0.0554	0	0
SF3B4	3053.2577	1.0419	0.072	0	0
SF3B5	3021.0449	1.6664	0.0737	0	0
SFI1	209.2034	-0.6727	0.24	0.0042	0.0076
SFMBT1	283.4624	-1.6904	0.2126	0	0
SFMBT2	24.3021	-1.8245	0.6781	0.0013	0.0025
SFN	353.4355	0.4868	0.1799	0.0062	0.011
SFPQ	10490.0819	0.2572	0.0514	0	0
SFR1	56.5355	-2.2615	0.4945	0	0
SFRP1	28.9404	0.8374	0.5937	0.1055	0.1529
SFRP2	0.6835	0.2469	1.2453	0.4657	NA
SFRP5	3.9526	0.894	1.0525	0.1403	0.1971
SFSWAP	594.2941	-1.3797	0.147	0	0
SFT2D1	370.1738	0.4835	0.1766	0.0056	0.0101
SFT2D2	81.5493	-0.3742	0.3543	0.2686	0.3476
SFT2D3	219.594	0.0904	0.2274	0.6855	0.752
SFTA1P	2.0491	0.5083	1.1252	0.3467	0.4324
SFTA2	5.2198	1.2122	1.0289	0.0537	0.0831
SFTPB	0.8445	0.3216	1.2381	0.3758	NA
SFTPD	0.6756	0.2862	1.2368	0.4298	NA
SFXN1	1391.4532	-0.3774	0.1008	2e-04	4e-04
SFXN2	444.3098	0.2678	0.1691	0.1096	0.1582
SFXN3	251.5015	-0.4037	0.2208	0.0628	0.0958
SFXN4	451.3512	-0.0736	0.16	0.6423	0.7144
SFXN5	286.6207	-0.8303	0.2021	0	1e-04
SGCA	69.6051	1.3865	0.3881	2e-04	3e-04
SGCB	813.2927	1.1209	0.1231	0	0
SGCD	0.6676	0.2404	1.2461	0.4741	NA
SGCE	1482.1504	0.9655	0.1026	0	0
SGCG	2.7472	0.4236	1.0732	0.462	0.5472
SGK1	47.3246	0.7056	0.4484	0.0895	0.1321
SGK2	138.5991	-0.214	0.302	0.4639	0.549
SGK223	4051.8481	1.6399	0.0666	0	0
SGK3	21.1307	-0.1823	0.7176	0.7538	0.8111
SGK494	44.3439	-1.2527	0.5302	0.0084	0.0148
SGMS1	779.8394	-0.2899	0.1337	0.0291	0.0472
SGMS2	283.0691	-1.3802	0.2168	0	0
SGOL1	270.4916	-1.7105	0.2286	0	0
SGOL1-AS1	2.4212	0.3054	1.0916	0.5852	0.6631
SGOL2	362.0267	-3.1944	0.2283	0	0
SGPL1	956.1869	-0.1449	0.1144	0.2033	0.2731
SGPP1	235.8112	-0.7938	0.2299	4e-04	9e-04
SGPP2	59.2187	-1.3364	0.4541	0.0014	0.0028
SGSH	506.9363	-0.3324	0.1609	0.037	0.0591
SGSM2	562.6872	-0.7111	0.146	0	0
SGSM3	1011.4401	0.9241	0.116	0	0
SGTA	1657.2318	-1.5591	0.0971	0	0
SGTB	166.2538	-1.8742	0.2932	0	0
SH2B1	526.9666	-1.777	0.1592	0	0
SH2B2	120.6859	-1.8592	0.3286	0	0
SH2B3	147.5906	-1.7783	0.2923	0	0
SH2D2A	1.8486	-0.6899	1.1847	0.1608	0.2226
SH2D3A	34.8696	-1.5982	0.5656	0.0014	0.0026
SH2D3C	1.8487	-0.4342	1.1608	0.3841	0.4691
SH2D4A	160.1744	-2.3211	0.2943	0	0
SH2D5	65.5461	-1.5961	0.4213	0	1e-04
SH2D7	1.6418	0.3231	1.1432	0.5288	0.6114
SH3BGR	22.7728	0.498	0.6068	0.3431	0.4287
SH3BGRL	1039.6359	1.4343	0.1132	0	0
SH3BGRL2	213.5428	-1.0221	0.2369	0	0
SH3BGRL3	4745.7989	1.584	0.0631	0	0
SH3BP1	424.6955	-0.1935	0.1652	0.2369	0.3118
SH3BP2	351.2595	-2.6203	0.2178	0	0
SH3BP4	4116.7254	0.1035	0.0741	0.1619	0.2239
SH3BP5	48.8871	-1.2208	0.4786	0.0053	0.0096
SH3BP5-AS1	12.3193	0.0724	0.7441	0.9025	0.9289
SH3BP5L	367.0917	-1.1603	0.1847	0	0
SH3D19	758.4928	-0.7289	0.1356	0	0
SH3D21	58.5483	-0.7975	0.4306	0.047	0.0736
SH3GL1	3038.8608	0.2577	0.0724	4e-04	7e-04
SH3GL1P1	3.8394	0.2514	1.0007	0.6785	0.7463
SH3GL1P2	2.4899	0.0606	1.1047	0.9114	0.936
SH3GL2	103.0465	-2.1655	0.4046	0	0
SH3GL3	18.1201	0.1923	0.6565	0.728	0.7896
SH3GLB1	529.0993	-1.3103	0.1571	0	0
SH3GLB2	1110.3685	0.3915	0.1101	4e-04	7e-04
SH3KBP1	897.4766	0.9634	0.1183	0	0
SH3PXD2A	1203.3448	-0.2155	0.1123	0.0539	0.0833
SH3PXD2A-AS1	1.0934	-0.1382	1.2071	0.7386	NA
SH3PXD2B	336.0534	-1.9354	0.1991	0	0
SH3RF1	184.037	-0.3744	0.2556	0.1336	0.1889
SH3RF2	87.976	-1.372	0.3622	1e-04	1e-04
SH3RF3	102.0078	-2.6097	0.3825	0	0
SH3RF3-AS1	30.0386	-1.6259	0.6059	0.002	0.0037
SH3TC1	55.055	-0.7758	0.4297	0.0529	0.0821
SH3TC2	119.3844	-0.7431	0.3108	0.0132	0.0225
SH3YL1	112.3993	0.4194	0.3188	0.172	0.2362
SHANK2	23.3339	-0.8283	0.6148	0.118	0.169
SHANK3	700.1173	0.5717	0.14	0	1e-04
SHARPIN	775.3503	0.6342	0.1274	0	0
SHB	587.2708	-1.2528	0.1524	0	0
SHBG	1.9827	0.1976	1.1079	0.7164	0.7794
SHC1	2281.5689	0.0162	0.0798	0.8389	0.8804
SHC2	12.6872	0.7518	0.7511	0.2067	0.2772
SHC3	20.0987	-0.3258	0.6385	0.5487	0.6302
SHC4	0.2164	-0.0535	1.2499	0.8645	NA
SHCBP1	1179.1995	-0.7557	0.1105	0	0
SHE	1.0001	0.3833	1.2311	0.3195	NA
SHF	31.5129	-0.7354	0.5501	0.1329	0.1881
SHFM1	2243.8291	1.378	0.0828	0	0
SHH	3.3444	0.0138	1.0382	0.9814	0.9861
SHISA2	0.1898	-0.0377	1.2501	0.9042	NA
SHISA3	6.4714	-0.3755	0.908	0.5465	0.6281
SHISA4	104.8877	0.5873	0.3334	0.0664	0.1008
SHISA5	3611.618	1.0095	0.068	0	0
SHISA6	0.5695	-0.1449	1.2489	0.6513	NA
SHISA8	4.3058	0.5492	1.007	0.3681	0.4539
SHISA9	97.3827	-0.0886	0.3258	0.7773	0.8297
SHKBP1	1001.4593	1.1517	0.1127	0	0
SHMT1	968.4213	0.6138	0.1153	0	0
SHMT2	4911.8415	0.8957	0.0684	0	0
SHOC2	467.3744	-1.0628	0.1651	0	0
SHOX2	18.3142	-1.2267	0.7502	0.04	0.0635
SHPK	536.9369	-0.9604	0.1514	0	0
SHPRH	234.7583	-1.8199	0.2349	0	0
SHQ1	234.4102	-0.9071	0.2244	0	1e-04
SHROOM1	155.4208	-1.7133	0.2843	0	0
SHROOM2	98.5569	-0.785	0.332	0.0138	0.0234
SHROOM3	5292.7355	-0.0795	0.0678	0.2404	0.3158
SHROOM4	119.2295	-2.0204	0.341	0	0
SIAE	268.4216	1.5358	0.2158	0	0
SIAH1	281.1161	-0.0147	0.1984	0.9401	0.9579
SIAH2	565.8065	0.2477	0.1435	0.082	0.1221
SIDT1	1.4184	0.5604	1.2207	0.1886	0.256
SIDT2	666.0015	0.4199	0.1345	0.0017	0.0032
SIGIRR	155.1677	0.2805	0.2657	0.2788	0.3589
SIGLEC1	0.1997	-0.043	1.25	0.8907	NA
SIGLEC10	0.5197	0.0267	1.2452	0.9347	NA
SIGLEC14	12.255	1.4786	0.7967	0.0164	0.0276
SIGLEC15	2.4127	1.0617	1.1967	0.043	0.0679
SIGLEC16	0.3696	-0.1022	1.2488	0.7483	NA
SIGMAR1	3169.1179	1.0875	0.0745	0	0
SIK1	11.4868	0.1094	0.7697	0.8553	0.8935
SIK2	377.4331	-1.735	0.1852	0	0
SIK3	514.6473	-2.0745	0.165	0	0
SIKE1	850.569	-0.6561	0.1402	0	0
SIL1	664.5052	1.3072	0.1347	0	0
SIM1	5.0406	0.5124	0.9644	0.4082	0.4942
SIM2	307.3496	-1.5108	0.2035	0	0
SIMC1	217.787	-2.1078	0.2512	0	0
SIN3A	805.7955	-1.5637	0.1383	0	0
SIN3B	691.636	-0.4999	0.14	3e-04	7e-04
SIPA1	1019.8538	0.3491	0.1111	0.0016	0.003
SIPA1L1	539.6165	-1.006	0.1542	0	0
SIPA1L2	15.0348	-0.9604	0.7334	0.1032	0.1499
SIPA1L3	1268.5988	-1.7132	0.1076	0	0
SIRPA	576.0957	0.2889	0.1482	0.0494	0.077
SIRPB1	0.1898	-0.0377	1.2501	0.9042	NA
SIRT1	351.2623	-0.7286	0.1909	1e-04	2e-04
SIRT2	533.2385	1.1393	0.1566	0	0
SIRT3	170.9243	-0.6865	0.2587	0.0065	0.0116
SIRT4	1.1812	-0.0473	1.1962	0.9127	NA
SIRT5	233.4415	0.1002	0.2225	0.6466	0.7182
SIRT6	221.7975	-0.9166	0.2364	1e-04	2e-04
SIRT7	214.5163	-1.3263	0.2496	0	0
SIVA1	2451.8309	1.2409	0.084	0	0
SIX1	242.1077	0.3248	0.2136	0.1222	0.1745
SIX2	52.8697	-2.0757	0.4859	0	0
SIX4	652.4788	1.1432	0.1374	0	0
SIX5	440.9697	-0.1437	0.1635	0.3748	0.4597
SKA1	283.9845	-3.3072	0.2519	0	0
SKA2	1607.745	0.2843	0.0956	0.0028	0.0053
SKA3	372.4644	-0.5521	0.1791	0.0018	0.0034
SKAP2	1277.8864	0.7594	0.1004	0	0
SKI	2178.3767	-0.7212	0.0822	0	0
SKIDA1	35.6497	0.7567	0.5085	0.1004	0.1462
SKIL	1358.9447	0.9349	0.098	0	0
SKIV2L	1302.6201	0.8957	0.1003	0	0
SKIV2L2	1067.2366	-1.1962	0.1161	0	0
SKOR1	0.1804	-0.0353	1.2501	0.9101	NA
SKP1	4536.1798	1.1687	0.0658	0	0
SKP1P2	0.3353	0.1448	1.2516	0.6437	NA
SKP2	1894.2495	-0.4728	0.0893	0	0
SLA2	2.3661	0.6124	1.1338	0.2557	0.3331
SLAIN1	256.2914	-1.2414	0.217	0	0
SLAIN2	710.0297	-1.3095	0.1346	0	0
SLBP	1183.2854	-3.0704	0.1438	0	0
SLC10A3	688.0935	0.3697	0.132	0.0048	0.0087
SLC10A4	8.5141	-0.8855	0.8758	0.1581	0.2194
SLC10A5	1.5589	0.1512	1.1569	0.7582	0.8145
SLC10A7	44.1825	-1.0149	0.4946	0.0242	0.0397
SLC11A1	23.7037	2.8657	0.7443	0	0
SLC11A2	639.4827	-0.1454	0.1418	0.3016	0.3839
SLC12A2	1270.2391	0.2673	0.103	0.0092	0.016
SLC12A3	192.8201	0.2359	0.2381	0.3117	0.3952
SLC12A4	832.5721	-0.6401	0.1231	0	0
SLC12A5	2.482	-0.1407	1.0991	0.7981	0.8459
SLC12A6	70.8137	-1.5912	0.412	0	1e-04
SLC12A7	576.6994	-0.9592	0.1729	0	0
SLC12A8	158.7665	-0.6414	0.2731	0.0158	0.0266
SLC12A9	822.0741	0.2375	0.1327	0.0716	0.1081
SLC13A3	0.5141	0.0592	1.2461	0.8553	NA
SLC13A4	0.1801	-0.0352	1.2501	0.9105	NA
SLC14A2	0.6676	0.2404	1.2461	0.4741	NA
SLC15A2	2.5886	0.0595	1.0747	0.9165	0.9396
SLC15A3	24.0366	0.963	0.6156	0.0695	0.1051
SLC15A4	301.3626	-0.5457	0.2018	0.0061	0.0108
SLC16A1	2731.8397	0.3865	0.0745	0	0
SLC16A1-AS1	5.9015	0.1739	0.9303	0.7791	0.8311
SLC16A10	154.0006	-0.3344	0.2655	0.1963	0.265
SLC16A11	0.6835	0.2469	1.2453	0.4657	NA
SLC16A12	18.3667	-0.3152	0.6592	0.5695	0.6491
SLC16A13	17.3257	-0.7034	0.6899	0.2169	0.289
SLC16A14	346.2514	-2.117	0.1988	0	0
SLC16A2	31.2764	0.881	0.5373	0.0668	0.1013
SLC16A3	1346.0423	0.3556	0.0982	3e-04	6e-04
SLC16A4	10.1218	1.4493	0.8895	0.0233	0.0383
SLC16A5	273.9631	-0.56	0.2076	0.0061	0.0109
SLC16A6	6.215	-0.3297	0.9147	0.5962	0.6728
SLC16A7	6.3911	0.5607	0.9217	0.3694	0.4549
SLC16A8	1.4352	-0.2778	1.1748	0.5561	0.637
SLC16A9	37.8847	0.3008	0.5138	0.5174	0.6
SLC17A5	1065.8801	0.2823	0.1119	0.0112	0.0193
SLC17A7	3.1389	0.2535	1.0572	0.6626	0.732
SLC17A9	2.8	-0.0128	1.0567	0.9824	0.9869
SLC18A2	89.8557	-0.9793	0.3578	0.0041	0.0074
SLC18A3	22.9869	0.6491	0.6082	0.2173	0.2893
SLC18B1	192.2601	0.6194	0.2388	0.0081	0.0142
SLC19A1	929.4569	-0.7029	0.1244	0	0
SLC19A2	236.2762	-2.5873	0.2637	0	0
SLC19A3	14.74	-0.6067	0.7167	0.2966	0.3787
SLC1A1	2.005	-0.454	1.1537	0.3718	0.4569
SLC1A3	390.6073	-0.168	0.177	0.3372	0.4226
SLC1A4	500.491	-1.1321	0.1582	0	0
SLC1A5	3790.8535	-0.1505	0.0777	0.0524	0.0813
SLC1A7	2.5351	0.4822	1.0882	0.3961	0.4815
SLC20A1	1034.5752	-1.6814	0.1328	0	0
SLC20A2	1566.0443	-0.9305	0.0985	0	0
SLC22A1	0.7654	-0.2558	1.2273	0.5014	NA
SLC22A13	0.5236	0.0574	1.2453	0.8605	NA
SLC22A15	21.5267	-1.3634	0.6721	0.0153	0.0258
SLC22A16	7.5386	0.4705	0.8679	0.4491	0.5347
SLC22A17	40.0467	1.3354	0.4999	0.0033	0.006
SLC22A18	1.2326	0.025	1.1769	0.9569	NA
SLC22A18AS	0.1804	-0.0353	1.2501	0.9101	NA
SLC22A2	10.1109	-0.2231	0.7951	0.7133	0.7766
SLC22A23	228.8101	-1.0288	0.2503	0	1e-04
SLC22A31	1.2318	0.309	1.2044	0.4703	NA
SLC22A4	3.7133	-0.255	1.0176	0.671	0.7396
SLC22A5	267.6279	-0.1086	0.2272	0.6263	0.6997
SLC23A1	2.2625	0.3661	1.12	0.4963	0.5804
SLC23A2	440.3287	0.1913	0.1613	0.2312	0.3054
SLC23A3	2.6032	-0.1984	1.0733	0.7278	0.7895
SLC24A1	110.0071	-0.6034	0.3269	0.0549	0.0847
SLC24A3	0.361	-0.1003	1.2488	0.7527	NA
SLC24A5	1.1989	0.35	1.194	0.4347	NA
SLC25A1	3103.5748	0.9605	0.074	0	0
SLC25A10	1595.5829	0.5286	0.0929	0	0
SLC25A11	1973.3395	0.519	0.0841	0	0
SLC25A12	176.707	-2.442	0.2865	0	0
SLC25A13	2095.6281	0.5674	0.0851	0	0
SLC25A14	60.941	-0.2501	0.4073	0.5137	0.5965
SLC25A15	745.9521	-0.1719	0.1505	0.2495	0.3263
SLC25A16	226.9102	-0.238	0.2221	0.2753	0.3552
SLC25A17	481.0128	-0.8588	0.1639	0	0
SLC25A18	9.9355	0.3637	0.8094	0.5519	0.633
SLC25A19	215.2656	-1.6864	0.2486	0	0
SLC25A20	90.7079	-0.0637	0.3368	0.8437	0.8841
SLC25A21	8.2218	-0.2002	0.8563	0.7463	0.8048
SLC25A21-AS1	3.2405	-0.5739	1.0738	0.3234	0.4076
SLC25A22	1768.8289	0.922	0.0998	0	0
SLC25A23	1721.759	1.1619	0.098	0	0
SLC25A24	3120.5127	0.8626	0.0854	0	0
SLC25A25	836.8063	1.4463	0.1327	0	0
SLC25A26	278.2856	0.3906	0.2038	0.0517	0.0803
SLC25A27	1.425	-0.1077	1.1639	0.823	0.8668
SLC25A28	221.8903	-2.0709	0.302	0	0
SLC25A29	582.0376	-1.4999	0.1517	0	0
SLC25A3	9721.7093	0.9604	0.0531	0	0
SLC25A30	209.5012	-2.2363	0.2554	0	0
SLC25A32	554.8273	-3.23	0.1924	0	0
SLC25A33	335.52	-1.066	0.2056	0	0
SLC25A34	3.3876	-0.558	1.0795	0.3335	0.4185
SLC25A35	73.9164	0.482	0.3691	0.1696	0.2333
SLC25A36	519.7842	-1.1565	0.1626	0	0
SLC25A37	403.392	0.044	0.168	0.7914	0.8407
SLC25A38	455.0627	-1.09	0.1645	0	0
SLC25A39	8728.3384	1.5562	0.0564	0	0
SLC25A4	1624.6722	0.7416	0.1006	0	0
SLC25A40	228.9299	-1.2688	0.231	0	0
SLC25A41	4.6291	-0.5127	0.9926	0.4032	0.4891
SLC25A42	20.2446	-1.7491	0.7232	0.003	0.0055
SLC25A43	159.2778	0.4739	0.29	0.0919	0.1351
SLC25A44	505.8411	-2.9746	0.1854	0	0
SLC25A45	15.4953	-0.3148	0.713	0.5868	0.6646
SLC25A46	374.5456	-0.326	0.1872	0.0778	0.1164
SLC25A47	0.5129	0.059	1.2461	0.8557	NA
SLC25A5	13303.5083	1.4222	0.0544	0	0
SLC25A5-AS1	48.2286	1.9715	0.4944	0	0
SLC25A51	193.7326	-0.4355	0.2542	0.0794	0.1185
SLC25A53	48.5205	-2.0328	0.5026	0	0
SLC25A6	11231.27	1.2719	0.0505	0	0
SLC26A1	74.3717	-1.3288	0.3922	3e-04	7e-04
SLC26A10	42.1383	0.6607	0.4757	0.1302	0.1846
SLC26A11	196.545	-2.2774	0.2737	0	0
SLC26A2	2312.5994	-1.3697	0.0823	0	0
SLC26A3	0.3608	-0.1002	1.2488	0.7529	NA
SLC26A4	1.2695	-0.0893	1.1794	0.8457	NA
SLC26A6	232.7912	-1.1163	0.2493	0	0
SLC27A1	48.9232	-0.7469	0.4528	0.0747	0.1122
SLC27A2	6.3472	-0.628	0.9403	0.3147	0.3984
SLC27A3	65.3296	0.4853	0.3996	0.1974	0.2663
SLC27A4	1723.2874	0.5121	0.0944	0	0
SLC27A5	29.5905	0.6536	0.548	0.1805	0.2464
SLC27A6	0.3363	-0.0917	1.2488	0.7731	NA
SLC28A1	0.3094	0.1375	1.2514	0.6606	NA
SLC28A2	0.1804	-0.0353	1.2501	0.9101	NA
SLC29A1	1527.1504	-0.1339	0.1	0.1788	0.2444
SLC29A2	132.2987	-0.8432	0.2906	0.0028	0.0051
SLC29A3	52.3969	-2.0584	0.4932	0	0
SLC29A4	296.9425	0.9183	0.2035	0	0
SLC2A1	2993.9094	-0.59	0.0744	0	0
SLC2A1-AS1	4.6481	-0.3246	0.9728	0.5975	0.674
SLC2A10	1.3562	-0.4946	1.1987	0.275	NA
SLC2A11	157.4528	0.6032	0.2958	0.0352	0.0563
SLC2A12	55.7152	-0.9233	0.4349	0.0226	0.0372
SLC2A13	154.4724	0.5826	0.2681	0.0257	0.042
SLC2A3	61.8468	0.4372	0.3981	0.2441	0.32
SLC2A4	4.0351	-0.7243	1.0673	0.2207	0.2933
SLC2A4RG	4232.6266	0.877	0.0659	0	0
SLC2A5	0.5242	-0.1445	1.2432	0.6667	NA
SLC2A6	293.9301	-0.2751	0.1974	0.1575	0.2187
SLC2A8	375.6816	-0.3689	0.1747	0.0328	0.0528
SLC2A9	2.5312	-0.1018	1.0746	0.8578	0.8949
SLC30A1	660.7338	1.4399	0.1398	0	0
SLC30A2	4.5051	-0.8095	1.0564	0.1778	0.2432
SLC30A3	1.0733	-0.3852	1.2099	0.3645	NA
SLC30A4	3.1203	-0.5025	1.0886	0.3769	0.4615
SLC30A5	886.579	-0.3662	0.1201	0.0022	0.0041
SLC30A6	622.6893	-1.3557	0.1451	0	0
SLC30A7	315.2034	-1.3433	0.2012	0	0
SLC30A9	1924.4018	0.6272	0.0867	0	0
SLC31A1	1119.9189	-0.262	0.1113	0.0181	0.0302
SLC31A2	25.9781	-0.6984	0.5983	0.1794	0.2451
SLC33A1	307.8394	-0.8428	0.1995	0	0
SLC34A2	2.0513	-0.7609	1.1811	0.1309	0.1855
SLC34A3	0.7214	-0.0137	1.2291	0.9701	NA
SLC35A1	168.2914	-1.1458	0.2761	0	0
SLC35A2	331.1101	-0.6492	0.1869	4e-04	9e-04
SLC35A3	377.9648	-0.0818	0.185	0.6543	0.725
SLC35A4	1896.8786	0.1195	0.0876	0.1713	0.2353
SLC35A5	364.3698	-0.478	0.1783	0.0067	0.0119
SLC35B1	1051.8701	0.6087	0.1139	0	0
SLC35B2	1585.0279	0.8587	0.0923	0	0
SLC35B3	410.5939	0.036	0.1672	0.828	0.8709
SLC35B4	430.3094	-1.5069	0.1795	0	0
SLC35C1	127.6094	-1.4381	0.3066	0	0
SLC35C2	578.9775	0.0302	0.1444	0.833	0.8754
SLC35D1	241.2834	-1.8416	0.2345	0	0
SLC35D2	188.2339	0.0728	0.241	0.7576	0.8141
SLC35D3	1.2264	0.0394	1.1774	0.932	NA
SLC35E1	1041.9127	-0.5354	0.1121	0	0
SLC35E2	66.6789	-0.1949	0.3997	0.6048	0.6804
SLC35E2B	1006.0142	-1.5456	0.1211	0	0
SLC35E3	185.9159	0.1336	0.2624	0.6018	0.6777
SLC35E4	68.5166	-2.1513	0.4395	0	0
SLC35F1	2.3226	-0.2615	1.1234	0.6225	0.6964
SLC35F2	489.1615	-1.5029	0.1642	0	0
SLC35F3	7.8475	-1.2872	0.9637	0.0442	0.0696
SLC35F5	2140.0444	0.4999	0.0934	0	0
SLC35F6	595.1502	-0.7781	0.1437	0	0
SLC35G1	202.1637	0.089	0.2329	0.6968	0.7622
SLC35G2	91.8514	-0.723	0.3467	0.0292	0.0474
SLC35G5	0.6835	0.2469	1.2453	0.4657	NA
SLC35G6	1.6835	0.7624	1.2022	0.1117	0.1609
SLC36A1	275.0015	-0.5169	0.2032	0.0098	0.0171
SLC37A1	10.4848	-0.3123	0.7944	0.6071	0.6826
SLC37A2	1.447	-0.2793	1.1743	0.5546	0.6358
SLC37A3	349.6181	-0.47	0.1877	0.0112	0.0193
SLC37A4	606.5135	0.4184	0.1392	0.0025	0.0046
SLC38A1	2834.5677	-1.087	0.0856	0	0
SLC38A10	4054.6496	1.3989	0.0666	0	0
SLC38A11	2.2344	-0.4095	1.1244	0.4448	0.5303
SLC38A2	7471.4392	-0.1121	0.0607	0.0643	0.0978
SLC38A3	2.4911	-0.1428	1.0998	0.795	0.8433
SLC38A4	318.9021	0.8833	0.1912	0	0
SLC38A5	1.9462	-0.0633	1.1092	0.9067	0.9323
SLC38A6	106.2857	0.895	0.3379	0.0057	0.0102
SLC38A7	169.1392	-2.0626	0.2847	0	0
SLC38A9	73.8281	-2.212	0.4367	0	0
SLC39A1	4204.641	0.6202	0.0702	0	0
SLC39A10	2375.5052	0.8426	0.0872	0	0
SLC39A11	183.1866	1.3565	0.2519	0	0
SLC39A13	347.7596	-0.9991	0.194	0	0
SLC39A14	1459.624	-0.5402	0.104	0	0
SLC39A3	1034.1746	0.8884	0.1138	0	0
SLC39A4	363.8849	0.6534	0.1915	5e-04	0.0011
SLC39A6	3635.3502	1.1786	0.0699	0	0
SLC39A7	3381.7884	-0.0477	0.0708	0.4992	0.5831
SLC39A8	7.4095	1.3459	0.946	0.0359	0.0574
SLC39A9	864.8636	0.0022	0.1194	0.9856	0.9895
SLC3A1	31.1479	0.3975	0.5326	0.4054	0.4913
SLC3A2	8392.4808	0.6579	0.0713	0	0
SLC40A1	14.0086	-0.5047	0.7295	0.3893	0.4747
SLC41A1	454.6862	-1.2701	0.1656	0	0
SLC41A2	151.5462	-0.6731	0.2912	0.0171	0.0286
SLC41A3	586.1628	0.7819	0.1461	0	0
SLC43A1	98.0735	-0.524	0.3284	0.0969	0.1417
SLC43A2	639.4034	0.5774	0.1463	1e-04	2e-04
SLC44A1	1090.7178	1.1464	0.1123	0	0
SLC44A2	1848.1336	0.6276	0.0918	0	0
SLC44A3	395.8286	0.5289	0.176	0.0024	0.0044
SLC44A4	6.5748	0.8777	0.9194	0.1637	0.2259
SLC44A5	743.3976	0.2075	0.1296	0.1071	0.1551
SLC45A1	8.7502	-0.9001	0.8819	0.1519	0.2118
SLC45A3	86.5199	-2.1997	0.4036	0	0
SLC45A4	231.4161	-2.6025	0.2562	0	0
SLC46A1	441.9633	-0.3477	0.1734	0.0426	0.0674
SLC46A3	7.9198	-0.2496	0.8844	0.6879	0.7543
SLC47A1	253.178	0.7675	0.218	3e-04	7e-04
SLC47A2	1.0828	-0.1538	1.1923	0.7269	NA
SLC48A1	923.5036	-0.8396	0.1218	0	0
SLC4A11	204.3997	-0.7889	0.2358	6e-04	0.0013
SLC4A1AP	369.4994	-1.4388	0.1882	0	0
SLC4A2	3082.5004	-0.0993	0.0764	0.1931	0.2615
SLC4A3	66.6541	0.8843	0.4232	0.0254	0.0415
SLC4A4	22.2371	-1.2035	0.6485	0.0285	0.0462
SLC4A5	187.5551	-0.1237	0.2528	0.6165	0.6908
SLC4A7	860.1835	-1.4497	0.126	0	0
SLC4A8	124.8112	-0.2049	0.3283	0.5161	0.5988
SLC50A1	349.7684	0.5398	0.1803	0.0025	0.0046
SLC51B	6.3362	0.4841	0.9025	0.4378	0.5235
SLC52A1	5.7875	-0.738	0.965	0.2371	0.3121
SLC52A2	1611.5493	0.3867	0.0983	1e-04	2e-04
SLC52A3	2.5179	-0.3852	1.0928	0.4925	0.577
SLC5A10	0.3702	-0.1025	1.2488	0.7475	NA
SLC5A11	0.575	-0.1779	1.2398	0.6075	NA
SLC5A2	3.3402	0.2586	1.0367	0.6623	0.7318
SLC5A3	792.3041	-2.4896	0.1401	0	0
SLC5A6	1903.7038	0.4565	0.0921	0	0
SLC6A1	0.1804	-0.0353	1.2501	0.9101	NA
SLC6A12	0.3534	-0.096	1.2488	0.7629	NA
SLC6A13	0.4041	0.1651	1.2518	0.5992	NA
SLC6A16	0.9208	-0.3234	1.2174	0.4254	NA
SLC6A17	0.3608	-0.1002	1.2488	0.7529	NA
SLC6A20	0.6868	0.2485	1.2451	0.4636	NA
SLC6A4	1.0553	-0.1274	1.2088	0.7563	NA
SLC6A6	195.7893	-0.0812	0.2507	0.7403	0.8
SLC6A8	1958.6598	0.2303	0.085	0.0066	0.0117
SLC6A9	132.5245	-1.0449	0.2906	2e-04	4e-04
SLC7A1	2073.8887	-1.9013	0.0964	0	0
SLC7A10	0.1804	-0.0353	1.2501	0.9101	NA
SLC7A11	646.953	-0.6487	0.4143	0.095	0.1392
SLC7A11-AS1	0.75	-0.2469	1.2281	0.5138	NA
SLC7A2	4.569	-0.6642	1.018	0.2762	0.3562
SLC7A3	0.3338	0.1444	1.2516	0.6445	NA
SLC7A4	1.7686	-0.1433	1.1422	0.7782	0.8304
SLC7A5	25182.9527	0.7893	0.1569	0	0
SLC7A5P1	28.7497	-0.1996	0.5509	0.6839	0.7506
SLC7A5P2	93.5337	1.0173	0.3357	0.0016	0.003
SLC7A6	1443.309	-0.0467	0.0977	0.6313	0.7043
SLC7A6OS	190.9347	-0.5485	0.2566	0.0286	0.0464
SLC7A7	399.0696	0.6339	0.1827	4e-04	9e-04
SLC7A8	1.0445	0.1781	1.1939	0.6847	NA
SLC7A9	1.1008	0.1047	1.2022	0.804	NA
SLC8A1	25.0659	-0.0728	0.5922	0.8879	0.9167
SLC8A1-AS1	0.3722	-0.1035	1.2488	0.7451	NA
SLC8A3	0.2881	0.1321	1.2512	0.6732	NA
SLC8B1	366.6603	-2.0141	0.1938	0	0
SLC9A1	645.5753	-0.5572	0.1455	1e-04	2e-04
SLC9A2	8.2599	0.0967	0.8364	0.8752	0.9071
SLC9A3	0.8557	0.2131	1.2122	0.6014	NA
SLC9A3R1	1457.4488	0.4232	0.1014	0	1e-04
SLC9A3R2	1346.2208	-0.3789	0.1043	3e-04	5e-04
SLC9A4	0.3795	-0.1047	1.2488	0.7424	NA
SLC9A5	0.9398	-0.3251	1.2179	0.4222	NA
SLC9A6	221.2703	-0.8368	0.2281	2e-04	4e-04
SLC9A7	419.2421	0.9995	0.1654	0	0
SLC9A7P1	3.6592	0.4715	1.0581	0.4212	0.5077
SLC9A8	141.742	-0.9978	0.2812	3e-04	5e-04
SLC9B1	2.3492	-0.2831	1.1075	0.6042	0.6798
SLC9B2	121.6432	0.3461	0.2971	0.229	0.3028
SLCO1B3	0.6659	0.2396	1.2462	0.4752	NA
SLCO1C1	0.1802	-0.0352	1.2501	0.9103	NA
SLCO2A1	22.4816	0.1049	0.6109	0.8424	0.883
SLCO2B1	4.8018	-0.0497	0.9757	0.9352	0.9542
SLCO3A1	688.2517	0.0594	0.1326	0.6518	0.7231
SLCO4A1	863.91	0.0883	0.1228	0.4696	0.5545
SLCO4C1	0.5221	0.0611	1.2455	0.8515	NA
SLCO5A1	0.703	-0.0078	1.2303	0.9828	NA
SLFN11	101.1473	-1.2476	0.3336	1e-04	2e-04
SLFN12	194.6311	1.1871	0.248	0	0
SLFN13	2.3567	0.0247	1.0827	0.965	0.9743
SLFN5	25.5375	-2.5933	0.7813	0	1e-04
SLFNL1	9.9772	0.2822	0.7955	0.6423	0.7144
SLFNL1-AS1	7.1253	-0.4894	0.9001	0.4327	0.5186
SLIRP	1024.5212	1.1489	0.1152	0	0
SLIT1	1.3952	0.2399	1.1726	0.6124	0.6871
SLIT2	2599.105	0.3133	0.0778	1e-04	1e-04
SLIT2-IT1	0.8459	0.1828	1.2233	0.6342	NA
SLIT3	2.6352	0.2589	1.0672	0.6526	0.7236
SLITRK5	166.8463	0.8053	0.2584	0.0014	0.0027
SLITRK6	0.3418	0.1456	1.2516	0.6419	NA
SLK	1088.4964	-1.4893	0.1137	0	0
SLMAP	912.0435	-1.9774	0.1468	0	0
SLMO1	43.252	-2.1166	0.5369	0	0
SLMO2	1087.8184	-0.5594	0.115	0	0
SLMO2-ATP5E	30.2861	-2.9205	1.2179	0	1e-04
SLN	0.1837	-0.0367	1.2501	0.9065	NA
SLPI	49.5544	1.1803	0.4466	0.0043	0.0079
SLTM	1804.4781	-0.2143	0.0902	0.0171	0.0287
SLU7	244.6107	-1.275	0.2351	0	0
SLX1A	344.9458	0.9025	0.2039	0	0
SLX1A-SULT1A3	22.6827	-2.8331	0.9978	0	1e-04
SLX1B	292.0373	0.3682	0.2363	0.1118	0.1611
SLX1B-SULT1A4	7.2181	-0.0951	0.9381	0.8779	0.9091
SLX4	423.8697	-1.476	0.1728	0	0
SLX4IP	22.7753	-1.4426	0.6583	0.0094	0.0163
SMA4	29.7372	-2.4374	0.681	0	0
SMA5	13.1048	-1.6357	0.8534	0.0099	0.0172
SMAD1	144.4685	-2.8671	0.3258	0	0
SMAD2	1067.7794	-0.311	0.1165	0.0073	0.0129
SMAD3	823.3645	-2.2494	0.1342	0	0
SMAD4	760.7703	-2.2	0.1384	0	0
SMAD5	674.304	-2.8949	0.1576	0	0
SMAD5-AS1	14.3654	2.5633	1.2206	2e-04	4e-04
SMAD6	1427.9011	0.464	0.1009	0	0
SMAD7	5657.2177	2.3054	0.0686	0	0
SMAD9	4.6735	-0.5113	0.9904	0.405	0.4909
SMAGP	176.1648	-1.0156	0.2557	0	1e-04
SMAP1	360.0948	0.1598	0.1806	0.3706	0.4559
SMAP2	205.8912	-1.8965	0.25	0	0
SMARCA1	1433.62	0.7666	0.0975	0	0
SMARCA2	282.1662	0.8194	0.2137	1e-04	2e-04
SMARCA4	9306.2023	0.736	0.0525	0	0
SMARCA5	3107.7905	0.2177	0.0721	0.0025	0.0047
SMARCA5-AS1	265.5534	0.7885	0.2043	1e-04	2e-04
SMARCAD1	641.4934	-1.9795	0.149	0	0
SMARCAL1	288.7264	-1.5004	0.2081	0	0
SMARCB1	2405.1982	0.0288	0.0815	0.7226	0.7848
SMARCC1	5351.6159	0.6611	0.0677	0	0
SMARCC2	1640.2387	-0.1538	0.0943	0.1017	0.1481
SMARCD1	1571.984	-0.825	0.0948	0	0
SMARCD2	1247.8112	-0.3435	0.1055	0.0011	0.0021
SMARCD3	116.4918	0.2123	0.3043	0.4705	0.5554
SMARCE1	2734.4153	0.2838	0.0761	2e-04	4e-04
SMC1A	6035.8435	1.014	0.0599	0	0
SMC1B	0.37	-0.1024	1.2488	0.7478	NA
SMC2	3155.3288	0.5646	0.0719	0	0
SMC3	1851.666	-1.3468	0.097	0	0
SMC4	3517.1202	-1.3658	0.0727	0	0
SMC5	547.8914	-1.1593	0.1548	0	0
SMC5-AS1	1.616	-0.0967	1.1389	0.8501	0.8894
SMC6	373.9829	-1.4706	0.1835	0	0
SMCHD1	1651.9035	-0.9464	0.0941	0	0
SMCO3	4.6487	0.7724	1.0032	0.2112	0.2823
SMCO4	168.47	-0.6436	0.267	0.0133	0.0227
SMCR5	1.0456	0.1315	1.1797	0.7747	NA
SMCR8	1506.1299	1.8553	0.1011	0	0
SMDT1	535.4044	1.3346	0.1499	0	0
SMEK1	1930.1616	0.0796	0.085	0.3479	0.4336
SMEK2	1064.9261	-0.6591	0.1126	0	0
SMG1	1485.9484	-1.6932	0.1046	0	0
SMG1P1	176.0862	-1.3689	0.2982	0	0
SMG5	2515.4009	-1.8976	0.0816	0	0
SMG6	585.5916	-2.4977	0.1665	0	0
SMG7	1862.9377	-1.4052	0.0939	0	0
SMG7-AS1	15.2638	0.97	0.7222	0.0971	0.1421
SMG8	846.1144	1.1898	0.1207	0	0
SMG9	392.2801	-3.2505	0.222	0	0
SMIM1	13.9303	4e-04	0.7137	0.9995	0.9997
SMIM10	165.1456	1.5399	0.2682	0	0
SMIM11	329.0751	0.8187	0.1913	0	0
SMIM12	686.7005	0.4657	0.1427	0.001	0.002
SMIM13	2376.5591	1.5826	0.0905	0	0
SMIM14	66.3789	0.3373	0.3946	0.3651	0.4511
SMIM15	1175.8479	0.0306	0.1134	0.7863	0.8365
SMIM17	1.9449	0.3524	1.1392	0.4968	0.5809
SMIM19	184.6056	0.0011	0.2601	0.9966	0.998
SMIM20	220.6611	0.1219	0.2248	0.5807	0.6593
SMIM22	1.2633	0.4978	1.2239	0.2278	NA
SMIM3	76.9148	-1.3422	0.3917	3e-04	6e-04
SMIM4	241.7138	1.2543	0.2167	0	0
SMIM5	42.7905	3.4865	0.5937	0	0
SMIM6	4.4116	0.3129	0.9741	0.6106	0.6857
SMIM7	537.5141	-0.5802	0.1494	1e-04	2e-04
SMIM8	59.9763	-0.7296	0.4123	0.0593	0.091
SMKR1	16.2422	-0.0114	0.6809	0.9839	0.9882
SMN1	460.9898	-1.6459	0.1698	0	0
SMN2	309.1865	-2.1325	0.2173	0	0
SMNDC1	2303.603	2.614	0.092	0	0
SMO	1406.8385	0.1567	0.0998	0.1153	0.1656
SMOC2	2201.8431	1.23	0.0856	0	0
SMOX	142.9068	-1.3444	0.2984	0	0
SMPD1	390.1021	1.4022	0.1732	0	0
SMPD2	393.8289	0.7063	0.1744	0	1e-04
SMPD3	10.1973	-0.5863	0.8152	0.3394	0.425
SMPD4	2226.93	-0.0623	0.0827	0.4503	0.5357
SMPD5	1.236	-0.1818	1.2003	0.6709	NA
SMPDL3A	2.4249	-0.136	1.1117	0.8009	0.8482
SMPDL3B	56.5734	1.2244	0.4431	0.0029	0.0054
SMS	2277.44	1.1302	0.0843	0	0
SMTN	368.6432	-1.3047	0.1819	0	0
SMTNL2	5.9251	-1.0544	1.0346	0.089	0.1313
SMU1	1782.4502	0.0911	0.0908	0.3141	0.3978
SMUG1	370.4249	0.7303	0.1806	0	1e-04
SMURF1	402.3239	-1.22	0.1759	0	0
SMURF2	632.6492	-1.4421	0.1503	0	0
SMYD2	820.6575	1.0467	0.1292	0	0
SMYD3	295.5772	1.1114	0.1958	0	0
SMYD4	224.1212	-2.9277	0.2758	0	0
SMYD5	357.6422	-2.2801	0.1984	0	0
SNAI1	134.6864	1.0987	0.2836	1e-04	1e-04
SNAI2	2.2537	0.3647	1.1203	0.4977	0.5817
SNAI3	1.8785	-0.0153	1.1361	0.9763	0.9819
SNAI3-AS1	16.5883	-0.7383	0.6949	0.1968	0.2656
SNAP23	1006.6531	0.018	0.1111	0.8704	0.9039
SNAP25	1.0745	-0.155	1.1929	0.7244	NA
SNAP29	524.0921	-0.2976	0.1524	0.0489	0.0763
SNAP47	367.5517	-1.9962	0.1898	0	0
SNAP91	58.2952	0.5115	0.4274	0.2	0.2693
SNAPC1	187.1084	-2.4326	0.2822	0	0
SNAPC2	459.943	0.1168	0.1708	0.4898	0.5744
SNAPC3	402.3734	-1.0571	0.1903	0	0
SNAPC4	447.0065	-0.5972	0.1681	3e-04	7e-04
SNAPC5	50.7989	0.2179	0.433	0.5895	0.6664
SNAPIN	455.6966	-0.3942	0.1667	0.0169	0.0284
SNCA	6.2411	-0.1499	0.9132	0.8093	0.8552
SNCG	608.4087	1.279	0.1485	0	0
SND1	3943.754	1.064	0.0662	0	0
SND1-IT1	0.5142	0.0591	1.2461	0.8554	NA
SNED1	17.2058	0.6765	0.6801	0.2311	0.3053
SNF8	1523.7019	1.201	0.0952	0	0
SNHG1	1104.5538	0.4802	0.1074	0	0
SNHG10	516.6948	2.1206	0.1569	0	0
SNHG11	59.9153	-0.7665	0.4136	0.0481	0.0751
SNHG12	78.7837	-3.6568	0.5331	0	0
SNHG15	200.6207	-0.3613	0.2373	0.1202	0.1719
SNHG16	2604.1648	0.3028	0.0822	2e-04	5e-04
SNHG17	142.6495	-0.6206	0.2816	0.0233	0.0383
SNHG18	9.8466	0.042	0.7986	0.9449	0.9612
SNHG19	199.5548	1.005	0.2443	0	1e-04
SNHG3	677.8744	1.2317	0.1365	0	0
SNHG4	18.1955	0.8034	0.6614	0.1482	0.2071
SNHG5	2186.3731	0.7785	0.093	0	0
SNHG6	620.323	1.4742	0.1482	0	0
SNHG7	698.2368	-2.1012	0.1467	0	0
SNHG8	172.1175	0.255	0.2621	0.3187	0.4027
SNHG9	14.0253	0.2037	0.7142	0.7253	0.7871
SNIP1	318.078	0.5757	0.1954	0.0028	0.0052
SNN	756.1511	-1.3513	0.1323	0	0
SNORA16A	0.3338	0.1444	1.2516	0.6445	NA
SNORA34	0.3338	0.1444	1.2516	0.6445	NA
SNORA4	1.0253	0.3932	1.2303	0.3108	NA
SNORA45	0.8724	0.2216	1.2115	0.5886	NA
SNORA51	0.3338	0.1444	1.2516	0.6445	NA
SNORA52	0.3418	0.1456	1.2516	0.6419	NA
SNORA53	4.3954	1.6866	1.2111	0.0047	0.0085
SNORA58	0.3418	0.1456	1.2516	0.6419	NA
SNORA5A	0.3338	0.1444	1.2516	0.6445	NA
SNORA67	1.6907	0.7652	1.2021	0.1107	0.1597
SNORA68	0.6835	0.2469	1.2453	0.4657	NA
SNORA73A	1.0239	0.3939	1.2304	0.3098	NA
SNORA8	0.6676	0.2404	1.2461	0.4741	NA
SNORA81	3.7774	0.9786	1.0991	0.0964	0.1411
SNORD10	1.6902	0.765	1.2021	0.1108	0.1597
SNORD15B	0.6676	0.2404	1.2461	0.4741	NA
SNORD17	1.2302	0.0393	1.1771	0.9322	NA
SNORD22	0.6676	0.2404	1.2461	0.4741	NA
SNORD3A	1.8813	0.5811	1.1723	0.2417	0.3173
SNPH	14.6964	-0.7955	0.7495	0.1812	0.2472
SNRK	433.0739	0.1254	0.1779	0.4759	0.561
SNRK-AS1	7.9339	0.8683	0.9025	0.1677	0.231
SNRNP200	11443.0943	0.9711	0.0506	0	0
SNRNP25	1769.7196	1.3927	0.0895	0	0
SNRNP27	385.0961	-0.0526	0.1771	0.7639	0.819
SNRNP35	116.5507	-0.8565	0.3139	0.0046	0.0084
SNRNP40	1005.8642	-1.103	0.1146	0	0
SNRNP48	832.1136	-0.8207	0.1297	0	0
SNRNP70	5294.4801	1.135	0.0676	0	0
SNRPA	2293.4737	0.5624	0.0827	0	0
SNRPA1	1329.8852	4e-04	0.099	0.997	0.9981
SNRPB	8250.1413	1.0898	0.0557	0	0
SNRPB2	1413.4677	0.9161	0.1045	0	0
SNRPC	2963.0459	1.3314	0.0787	0	0
SNRPD1	2972.2131	1.1651	0.0732	0	0
SNRPD2	5105.0979	1.4621	0.0627	0	0
SNRPD3	4005.3991	0.8559	0.0696	0	0
SNRPE	2025.2675	1.3018	0.0932	0	0
SNRPF	2598.3966	1.0628	0.0776	0	0
SNRPG	2153.8048	1.1957	0.0839	0	0
SNTA1	904.8493	0.9092	0.1172	0	0
SNTB1	11.5587	-1.4474	0.8667	0.0226	0.0372
SNTB2	783.6466	-0.928	0.1311	0	0
SNUPN	388.2024	-0.6701	0.1741	1e-04	2e-04
SNW1	984.3262	-0.7354	0.1156	0	0
SNX1	1322.6717	0.4206	0.102	0	1e-04
SNX10	59.2555	0.0556	0.4082	0.8849	0.9144
SNX11	147.374	-3.3809	0.3544	0	0
SNX12	1229.8727	0.5361	0.1115	0	0
SNX13	371.9829	-1.1534	0.1833	0	0
SNX14	2088.3574	0.4878	0.0844	0	0
SNX15	244.3115	-0.3079	0.2135	0.1427	0.2002
SNX16	31.5335	-2.2239	0.657	1e-04	1e-04
SNX17	3756.104	0.9394	0.0678	0	0
SNX18	1330.8585	1.7785	0.1106	0	0
SNX19	1703.2022	0.8578	0.0893	0	0
SNX2	2071.8756	0.1779	0.0875	0.0414	0.0655
SNX21	197.7506	-1.771	0.269	0	0
SNX22	210.1745	1.8048	0.2535	0	0
SNX24	176.653	-1.2978	0.2743	0	0
SNX25	466.2942	-0.7235	0.1599	0	0
SNX27	555.6379	-2.5063	0.1726	0	0
SNX29	142.7857	-1.0669	0.295	2e-04	4e-04
SNX3	3066.9777	0.9136	0.0776	0	0
SNX30	189.7595	-1.5005	0.2556	0	0
SNX31	0.7655	0.2762	1.2404	0.4342	NA
SNX32	0.1899	-0.0377	1.2501	0.9041	NA
SNX33	170.2594	-1.5155	0.2664	0	0
SNX4	404.1378	-1.9439	0.1886	0	0
SNX5	2200.3615	0.6229	0.0807	0	0
SNX6	1597.7166	0.4875	0.0929	0	0
SNX7	1210.465	0.8176	0.1034	0	0
SNX8	540.2625	-0.8318	0.1516	0	0
SNX9	589.9374	-1.142	0.1482	0	0
SOAT1	828.7725	0.1551	0.1225	0.2032	0.2731
SOAT2	0.6676	0.2404	1.2461	0.4741	NA
SOBP	232.3823	-1.254	0.251	0	0
SOCS1	69.5516	-0.2059	0.3818	0.5692	0.6488
SOCS2	119.9214	-2.2881	0.3487	0	0
SOCS2-AS1	2.6635	0.0149	1.0658	0.9793	0.9843
SOCS3	1414.4414	1.4961	0.1124	0	0
SOCS4	709.2091	-0.7061	0.1358	0	0
SOCS5	574.4398	1.19	0.1556	0	0
SOCS6	347.0078	-0.2047	0.1842	0.2606	0.3386
SOCS7	593.3206	-1.1796	0.1461	0	0
SOD1	5465.8169	1.2656	0.06	0	0
SOD2	1226.2231	0.9177	0.1028	0	0
SOD3	1245.4452	1.7646	0.1139	0	0
SOGA1	612.4507	-2.316	0.1604	0	0
SOGA2	292.7289	-1.0516	0.2173	0	0
SOGA3	12.5065	0.1497	0.74	0.7997	0.8473
SON	5566.331	-0.1699	0.0657	0.0096	0.0167
SORBS1	47.1668	-1.8147	0.5193	1e-04	2e-04
SORBS2	199.7852	-2.2323	0.264	0	0
SORBS3	2738.4613	0.6472	0.0759	0	0
SORCS2	381.244	0.6941	0.1789	1e-04	2e-04
SORD	836.6361	-0.0066	0.1266	0.958	0.97
SORL1	40.6409	0.826	0.4855	0.0627	0.0957
SORT1	7198.1361	0.8675	0.0606	0	0
SOS1	489.0109	-2.7149	0.1798	0	0
SOS2	193.6945	-2.4905	0.3115	0	0
SOST	95.7119	-0.7868	0.3421	0.0163	0.0274
SOSTDC1	824.3406	0.965	0.1226	0	0
SOWAHA	5.8747	0.7226	0.9329	0.2491	0.3258
SOWAHB	8.2545	0.9508	0.873	0.13	0.1844
SOWAHC	335.4919	-0.4216	0.184	0.0204	0.0338
SOX10	0.1801	-0.0352	1.2501	0.9105	NA
SOX12	721.9011	0.5288	0.1302	0	1e-04
SOX13	172.4804	-3.4809	0.3308	0	0
SOX15	4.2777	-0.2383	0.994	0.6953	0.7608
SOX17	7805.3797	1.9821	0.0613	0	0
SOX18	3.0224	-0.3025	1.0587	0.6027	0.6784
SOX2-OT	0.3702	-0.1025	1.2488	0.7475	NA
SOX21	0.1898	-0.0377	1.2501	0.9042	NA
SOX21-AS1	0.3347	0.1446	1.2516	0.644	NA
SOX30	0.1864	-0.0358	1.2501	0.9089	NA
SOX4	3532.726	1.0826	0.0685	0	0
SOX5	58.7147	-1.0627	0.5048	0.0202	0.0336
SOX6	304.8322	-2.1123	0.212	0	0
SOX7	3.617	-0.6262	1.0774	0.2814	0.3618
SOX8	13.573	-1.3257	0.8314	0.0338	0.0543
SOX9	109.0196	-0.7305	0.3603	0.0333	0.0536
SP1	3332.9579	0.8964	0.0697	0	0
SP100	130.1215	-0.167	0.2875	0.5496	0.631
SP110	2.8006	-1.001	1.1724	0.0631	0.0962
SP140	0.3605	-0.1001	1.2488	0.7531	NA
SP140L	101.9518	-0.6388	0.3302	0.044	0.0693
SP2	267.3591	-1.5431	0.2243	0	0
SP3	2423.8351	0.7358	0.0787	0	0
SP4	101.1112	-1.9862	0.3681	0	0
SP5	0.1804	-0.0353	1.2501	0.9101	NA
SP6	2.1473	-0.2743	1.1077	0.6152	0.6896
SP9	1.5304	0.4772	1.1801	0.3178	0.4018
SPA17	109.7935	0.8235	0.3121	0.0062	0.0111
SPACA4	0.6609	0.2373	1.2464	0.4783	NA
SPACA5B	0.1869	-0.0361	1.2501	0.9082	NA
SPACA6P	46.5724	-0.0403	0.455	0.9238	0.9454
SPACA6P-AS	15.6879	0.7807	0.7172	0.1798	0.2456
SPAG1	306.6565	-0.0376	0.2003	0.8489	0.8884
SPAG16	206.7207	0.6988	0.2301	0.002	0.0037
SPAG17	0.6835	0.2469	1.2453	0.4657	NA
SPAG4	6.8182	0.4645	0.9136	0.4564	0.5416
SPAG5	1980.5525	-0.5365	0.0859	0	0
SPAG5-AS1	14.188	2.5037	0.9116	2e-04	3e-04
SPAG7	544.7169	0.6488	0.1496	0	0
SPAG8	1.9138	-0.3474	1.1509	0.492	0.5764
SPAG9	1865.8174	0.0301	0.0877	0.7308	0.7917
SPANXA1	0.6757	0.2863	1.2367	0.4297	NA
SPARC	3239.5038	1.63	0.0726	0	0
SPARCL1	8.2246	0.2223	0.8478	0.719	0.7816
SPAST	447.1626	-1.404	0.1672	0	0
SPATA1	0.5131	0.059	1.2461	0.8556	NA
SPATA12	0.5418	-0.1403	1.2488	0.6615	NA
SPATA13	508.7137	-1.3958	0.1569	0	0
SPATA16	0.1908	-0.0382	1.25	0.9029	NA
SPATA17	0.5497	-0.1422	1.2489	0.6574	NA
SPATA18	30.3158	0.5032	0.5413	0.2982	0.3804
SPATA2	334.2333	0.8796	0.193	0	0
SPATA20	1565.5	1.0888	0.0947	0	0
SPATA21	22.9674	1.1146	0.6198	0.0365	0.0583
SPATA24	14.6715	0.2965	0.7184	0.6102	0.6854
SPATA25	2.0331	0.902	1.1982	0.0724	0.1091
SPATA2L	152.3287	-3.6745	0.3679	0	0
SPATA3-AS1	3.1846	-0.1461	1.0403	0.804	0.8508
SPATA32	1.7768	0.2018	1.1259	0.7019	0.7661
SPATA33	121.9203	-1.2135	0.3092	0	1e-04
SPATA41	1.0606	-0.0143	1.2063	0.9725	NA
SPATA5	308.5809	-0.4725	0.1938	0.0134	0.0229
SPATA5L1	299.3997	-0.7228	0.2072	4e-04	8e-04
SPATA6	67.8886	-0.7393	0.3931	0.0463	0.0727
SPATA6L	4.2534	0.4897	1.0001	0.4226	0.5089
SPATA7	15.5058	-1.6992	0.8084	0.0063	0.0113
SPATA9	0.1697	-0.028	1.25	0.9288	NA
SPATC1	0.8268	0.1793	1.2243	0.6386	NA
SPATC1L	238.0776	-0.1914	0.2168	0.3693	0.4549
SPATS2	315.0921	-1.181	0.1956	0	0
SPATS2L	2339.5622	0.4868	0.0932	0	0
SPC24	308.8552	0.0607	0.2015	0.7597	0.8157
SPC25	308.189	-1.1202	0.1974	0	0
SPCS1	1515.6253	1.1751	0.1025	0	0
SPCS2	1761.8411	1.1362	0.0886	0	0
SPCS3	2828.1892	1.1263	0.0873	0	0
SPDEF	0.7476	-0.2398	1.2281	0.5253	NA
SPDL1	937.9879	-1.4039	0.1212	0	0
SPDYA	1.6195	-0.0878	1.1574	0.8576	0.8948
SPDYC	7.1059	0.6581	0.894	0.293	0.3746
SPDYE1	12.3355	-0.0286	0.7748	0.9621	0.9721
SPDYE2	24.3833	0.378	0.5985	0.4676	0.5524
SPDYE2B	7.4393	-0.13	0.8738	0.834	0.8764
SPDYE3	17.1148	-0.1925	0.6881	0.7348	0.7953
SPDYE5	5.4631	-0.0168	0.9305	0.9784	0.9834
SPDYE6	38.378	1.1468	0.5408	0.0176	0.0294
SPECC1	922.9277	0.2384	0.1296	0.0643	0.0978
SPECC1L	777.5912	-2.5331	0.1449	0	0
SPECC1L-ADORA2A	23.6105	-1.1276	0.7041	0.0508	0.0789
SPEF1	4.2297	-0.0521	0.9829	0.9319	0.9518
SPEF2	22.1588	-1.2813	0.6646	0.0217	0.0358
SPEG	37.2934	-0.7276	0.5062	0.1129	0.1624
SPEN	1506.6856	-0.341	0.1	6e-04	0.0012
SPG11	756.7026	0.338	0.1263	0.0071	0.0126
SPG20	207.5212	-1.4714	0.2478	0	0
SPG21	1383.9536	0.8308	0.0998	0	0
SPG7	1362.9245	0.4077	0.0994	0	1e-04
SPHK1	147.4327	-0.1199	0.2691	0.6475	0.7189
SPHK2	360.7655	-1.1849	0.1825	0	0
SPIB	1.135	-0.418	1.2072	0.3336	NA
SPICE1	97.1154	-1.7581	0.3591	0	0
SPIDR	886.9753	0.9386	0.1186	0	0
SPIN1	1383.0873	-1.1387	0.1035	0	0
SPIN2A	0.1804	-0.0353	1.2501	0.9101	NA
SPIN2B	146.5392	0.508	0.2876	0.0687	0.104
SPIN3	277.6627	1.4869	0.2053	0	0
SPIN4	597.7397	0.4906	0.1506	0.001	0.002
SPINK4	0.3338	0.1444	1.2516	0.6445	NA
SPINK5	0.1904	-0.038	1.2501	0.9035	NA
SPINK7	0.1888	-0.0371	1.2501	0.9057	NA
SPINT1	329.7555	0.9255	0.1857	0	0
SPINT2	7859.2251	1.7142	0.0586	0	0
SPIRE1	799.7067	-1.4625	0.1421	0	0
SPIRE2	88.3185	-1.445	0.3615	0	1e-04
SPN	0.3609	-0.1003	1.2488	0.7527	NA
SPNS1	1872.7843	1.0243	0.0864	0	0
SPNS2	98.1904	-0.2721	0.3585	0.4263	0.5122
SPOCD1	1.0885	0.5011	1.2187	0.235	NA
SPOCK1	3.7932	0.7055	1.0363	0.2434	0.3192
SPOCK2	11.5091	0.0378	0.7725	0.9498	0.9648
SPON1	1386.7836	1.247	0.1052	0	0
SPON2	3.7711	-0.1546	1.0296	0.7947	0.8431
SPOP	445.0808	-1.6183	0.1908	0	0
SPOPL	387.3248	-2.0122	0.1962	0	0
SPP1	5110.3123	1.6006	0.0703	0	0
SPPL2A	571.1805	0.4727	0.1446	0.001	0.0019
SPPL2B	456.7716	-0.1219	0.1686	0.4651	0.55
SPPL3	701.4751	-1.01	0.1352	0	0
SPR	918.2158	0.7258	0.118	0	0
SPRED1	657.9702	-0.6576	0.1375	0	0
SPRED2	900.5747	-0.8697	0.1237	0	0
SPRED3	27.491	-2.2528	0.6855	1e-04	2e-04
SPRN	51.8431	-1.4599	0.4629	6e-04	0.0012
SPRR2A	0.3432	0.146	1.2516	0.6409	NA
SPRTN	321.4929	0.5258	0.1986	0.0072	0.0128
SPRY1	7772.1984	2.211	0.0598	0	0
SPRY2	4162.5208	1.8319	0.0742	0	0
SPRY3	19.626	-2.8657	0.9231	0	0
SPRY4	2847.0317	0.5904	0.0896	0	0
SPRYD3	401.0797	-1.5062	0.1815	0	0
SPRYD4	241.4602	0.0416	0.2153	0.8442	0.8844
SPRYD7	166.0231	-0.543	0.2904	0.0538	0.0832
SPSB1	186.5049	-2.3748	0.2756	0	0
SPSB2	236.7156	-0.1704	0.2226	0.4357	0.5213
SPSB3	291.3765	-0.8176	0.207	1e-04	1e-04
SPSB4	18.3062	-1.4229	0.7514	0.0175	0.0293
SPTAN1	3941.8015	-0.124	0.0662	0.0605	0.0926
SPTB	81.9809	-0.0195	0.3697	0.9557	0.9686
SPTBN1	7612.6642	0.3853	0.0562	0	0
SPTBN2	101.0288	0.7266	0.3284	0.0213	0.0352
SPTBN4	1.4697	-0.5161	1.1933	0.2651	0.3437
SPTBN5	24.5381	0.54	0.6008	0.3006	0.383
SPTLC1	1607.6681	1	0.0957	0	0
SPTLC2	1757.3522	-0.4667	0.0946	0	0
SPTLC3	1.8661	-0.187	1.1363	0.7171	0.78
SPTSSA	622.7081	0.2162	0.1392	0.1179	0.1689
SPTY2D1	1058.1508	1.4782	0.1103	0	0
SPTY2D1-AS1	0.9984	0.3825	1.2312	0.3202	NA
SQLE	480.3606	-1.7555	0.1749	0	0
SQRDL	3.0942	0.5005	1.0614	0.3926	0.4778
SQSTM1	2756.2054	-1.3594	0.0793	0	0
SRA1	651.8168	0.2533	0.135	0.059	0.0906
SRBD1	425.975	-0.0949	0.1822	0.5981	0.6744
SRC	372.9	-2.9679	0.2239	0	0
SRCAP	1975.9603	-1.3059	0.0954	0	0
SRCIN1	3.8954	0.0471	0.9985	0.938	0.9563
SRCRB4D	24.2371	0.3155	0.5888	0.5396	0.6214
SRD5A1	484.5471	0.8658	0.155	0	0
SRD5A3	449.1079	0.8417	0.1769	0	0
SRD5A3-AS1	1.2344	-0.182	1.2004	0.6705	NA
SREBF1	921.3569	-0.6939	0.1179	0	0
SREBF2	3192.4123	0.9502	0.0707	0	0
SREK1	824.4472	-0.4086	0.1226	8e-04	0.0016
SREK1IP1	471.442	-0.4639	0.1616	0.0038	0.0069
SRF	1868.2012	-0.8269	0.0898	0	0
SRFBP1	175.8898	-1.4201	0.2641	0	0
SRGAP1	312.0169	-1.2435	0.219	0	0
SRGAP2	581.3263	-1.7933	0.1535	0	0
SRGAP2-AS1	3.0729	0.7716	1.1084	0.1753	0.2401
SRGAP2B	212.6019	-1.0395	0.2453	0	0
SRGAP2C	190.0342	-0.5865	0.2428	0.0136	0.0231
SRGAP2D	252.4618	-0.9803	0.2159	0	0
SRGAP3	5.2485	-0.7048	1.0296	0.2458	0.3221
SRGN	35.949	1.5088	0.5248	0.0014	0.0027
SRI	804.8751	0.6119	0.1316	0	0
SRM	7374.5526	1.2229	0.0685	0	0
SRMS	0.1894	-0.0374	1.2501	0.9048	NA
SRP14	6198.2467	1.4368	0.0603	0	0
SRP14-AS1	5.0437	-0.0885	0.974	0.8852	0.9146
SRP19	314.3429	-2.4414	0.2211	0	0
SRP54	1369.7801	0.5548	0.099	0	0
SRP68	1798.2188	-0.8767	0.0932	0	0
SRP72	3078.2262	0.5102	0.079	0	0
SRP9	6116.112	0.8525	0.0605	0	0
SRPK1	2214.582	-0.5718	0.0876	0	0
SRPK2	484.4086	-2.1479	0.1718	0	0
SRPK3	2.5541	0.5071	1.0883	0.3729	0.4578
SRPR	1025.5311	0.3123	0.1131	0.0055	0.0099
SRPRB	929.0868	-0.4542	0.1257	3e-04	6e-04
SRPX	14.8895	1.1956	0.7389	0.0437	0.0688
SRPX2	4.9913	0.0756	0.9672	0.902	0.9286
SRR	265.9638	0.6215	0.2087	0.0025	0.0046
SRRD	167.5051	-1.9133	0.2782	0	0
SRRM1	2931.2592	-0.0258	0.0727	0.7225	0.7847
SRRM2	9943.9851	0.2454	0.0613	1e-04	1e-04
SRRM2-AS1	0.9053	-0.0798	1.2172	0.8391	NA
SRRM3	99.6741	-0.1846	0.3466	0.5779	0.6568
SRRM5	29.32	2.7277	0.658	0	0
SRRT	5809.3253	0.8556	0.0609	0	0
SRSF1	8076.052	0.0055	0.0595	0.9264	0.9475
SRSF10	3080.9215	0.0445	0.0864	0.6053	0.6808
SRSF11	2244.1639	-0.3465	0.0821	0	1e-04
SRSF12	52.056	-0.9952	0.4514	0.0172	0.0288
SRSF2	10240.3758	0.888	0.0516	0	0
SRSF3	9351.6764	0.7286	0.0534	0	0
SRSF4	1880.1317	-0.6921	0.0916	0	0
SRSF5	792.9906	-1.3512	0.1283	0	0
SRSF6	1655.2477	-1.1852	0.0992	0	0
SRSF7	2760.4898	-0.2968	0.0758	1e-04	2e-04
SRSF8	898.8383	1.0407	0.1203	0	0
SRSF9	7074.2003	1.1742	0.0585	0	0
SRXN1	1585.8736	-0.0826	0.0985	0.4004	0.486
SS18	1505.4029	-1.2624	0.1102	0	0
SS18L1	200.7419	-2.5389	0.2746	0	0
SS18L2	466.8354	0.7214	0.1643	0	0
SSB	3924.6084	0.8329	0.071	0	0
SSBP1	1691.8305	0.8545	0.0918	0	0
SSBP2	131.8193	-1.8184	0.3493	0	0
SSBP3	1303.4331	-0.8166	0.1043	0	0
SSBP3-AS1	5.2651	0.0311	0.9414	0.9599	0.971
SSBP4	2818.8989	0.7899	0.0752	0	0
SSC5D	4.0661	0.5279	1.0551	0.3707	0.4559
SSFA2	8007.6312	1.929	0.0563	0	0
SSH1	1226.4147	-1.1251	0.1149	0	0
SSH2	424.986	-0.456	0.1715	0.0072	0.0127
SSH3	825.3325	0.4421	0.1229	3e-04	6e-04
SSNA1	1267.7751	0.7106	0.1013	0	0
SSPN	1.6952	0.3104	1.1735	0.5139	0.5966
SSPO	0.7405	-0.2458	1.2278	0.5161	NA
SSR1	3379.9934	0.8074	0.0721	0	0
SSR2	4718.2873	1.2882	0.0699	0	0
SSR3	2538.6404	0.5633	0.0776	0	0
SSR4	4076.9808	1.4754	0.0662	0	0
SSR4P1	4.0956	-0.3741	1.007	0.5371	0.6195
SSRP1	12312.4406	1.1069	0.0496	0	0
SSSCA1	441.1618	0.1011	0.161	0.5263	0.609
SSSCA1-AS1	15.4674	1.8173	0.7757	0.003	0.0055
SSTR2	2.8978	-0.6829	1.1359	0.2074	0.2781
SSTR5	18.6123	0.5697	0.6592	0.3041	0.3864
SSTR5-AS1	1.416	-0.0255	1.1478	0.9594	0.9707
SSU72	3286.3437	1.2487	0.0707	0	0
SSUH2	0.7947	-0.0127	1.224	0.9732	NA
SSX2IP	347.9053	-1.5739	0.212	0	0
ST13	8773.651	1.1236	0.0574	0	0
ST13P4	11.5958	0.7442	0.7711	0.2166	0.2887
ST14	885.5438	1.7101	0.1213	0	0
ST20	61.7513	0.3686	0.4209	0.3495	0.4352
ST3GAL1	193.7519	-1.3263	0.2519	0	0
ST3GAL2	658.6305	-1.411	0.1424	0	0
ST3GAL3	84.3033	-2.0951	0.399	0	0
ST3GAL4	359.2724	-0.2915	0.1832	0.1074	0.1554
ST3GAL4-AS1	12.4998	-1.0115	0.791	0.0974	0.1424
ST3GAL5	102.3426	-0.7059	0.3357	0.0284	0.0461
ST3GAL6	0.3599	-0.1	1.2488	0.7535	NA
ST5	269.7552	-1.6714	0.2338	0	0
ST6GAL1	21.0019	-0.6953	0.6452	0.2037	0.2736
ST6GALNAC1	209.0356	1.2584	0.2308	0	0
ST6GALNAC2	29.2213	2.8335	0.6575	0	0
ST6GALNAC3	4.1169	-0.0287	1.0042	0.9621	0.9721
ST6GALNAC4	605.2754	0.8864	0.1433	0	0
ST6GALNAC6	717.7185	0.2106	0.1309	0.1056	0.153
ST7	460.7174	0.1317	0.1613	0.4097	0.4957
ST7-AS1	24.7716	1.7619	0.6545	0.0015	0.0028
ST7-OT3	0.36	-0.1	1.2488	0.7535	NA
ST7L	115.668	-0.3434	0.305	0.2441	0.32
ST8SIA2	8.5663	0.1561	0.8381	0.8001	0.8476
ST8SIA5	0.3703	-0.1026	1.2488	0.7473	NA
STAB1	1.0139	0.0997	1.1944	0.8188	NA
STAB2	0.1804	-0.0353	1.2501	0.9101	NA
STAC	1.6648	-0.2989	1.1848	0.5148	0.5973
STAC2	0.8743	-0.0703	1.2189	0.8567	NA
STAC3	4.8899	0.1449	0.9668	0.8136	0.8587
STAG1	936.0298	-0.7863	0.1182	0	0
STAG2	2038.8872	-0.7257	0.0864	0	0
STAG3	2.5683	0.5158	1.0898	0.3642	0.4503
STAG3L1	22.7939	-2.4974	0.7935	1e-04	1e-04
STAG3L2	52.5193	-2.1164	0.4937	0	0
STAG3L3	63.3567	-0.9945	0.4237	0.012	0.0205
STAG3L4	101.7516	-0.4774	0.3312	0.1335	0.1888
STAG3L5P	22.5845	0.624	0.612	0.2376	0.3125
STAG3L5P-PVRIG2P-PILRB	281.6248	-0.354	0.203	0.0767	0.1149
STAM	250.0437	-2.1633	0.2535	0	0
STAM2	210.4236	-1.721	0.2453	0	0
STAMBP	508.8449	-0.2726	0.1574	0.0805	0.12
STAMBPL1	0.3827	-0.1075	1.2489	0.7359	NA
STAP2	108.6921	1.0393	0.3115	5e-04	0.0011
STAR	0.1711	-0.0286	1.25	0.9272	NA
STARD10	486.3852	1.1203	0.1589	0	0
STARD13	48.717	-1.5819	0.4869	4e-04	7e-04
STARD3	535.309	-0.0555	0.1518	0.7124	0.7758
STARD3NL	481.5095	-0.091	0.1638	0.5746	0.6538
STARD4	42.153	-1.5975	0.5309	8e-04	0.0016
STARD4-AS1	8.068	0.6237	0.8979	0.3187	0.4027
STARD5	3.7065	-1.3055	1.1735	0.0224	0.0369
STARD7	3485.3471	-0.2723	0.0776	4e-04	9e-04
STARD7-AS1	73.8271	0.4764	0.373	0.1787	0.2443
STARD8	158.8575	-3.1887	0.3294	0	0
STARD9	106.7442	-1.0905	0.3358	7e-04	0.0014
STAT1	989.9008	-0.0928	0.1231	0.4485	0.5342
STAT2	259.4883	-1.2184	0.2251	0	0
STAT3	1765.0992	-0.7764	0.0939	0	0
STAT4	0.7222	-0.0137	1.2291	0.9701	NA
STAT5A	92.521	-1.1383	0.3485	6e-04	0.0012
STAT5B	619.7192	-0.9366	0.1413	0	0
STAT6	1419.5286	-0.0853	0.0978	0.3816	0.4663
STAU1	2427.1536	-0.1788	0.082	0.0289	0.0469
STAU2	417.6362	0.0717	0.1768	0.6816	0.7485
STBD1	191.5879	0.1447	0.2682	0.5799	0.6585
STC1	2635.8791	0.9388	0.0841	0	0
STC2	526.4233	-2.5437	0.1791	0	0
STEAP1	12.2715	-0.7454	0.7741	0.2166	0.2887
STEAP2	3.8879	-0.3147	1.0687	0.5846	0.6627
STEAP3	642.2417	0.8991	0.1476	0	0
STIL	460.3374	-2.1163	0.1752	0	0
STIM1	532.1957	-0.1939	0.1536	0.2031	0.273
STIM2	275.3024	-0.6599	0.2089	0.0013	0.0026
STIP1	9123.9468	0.2243	0.0579	1e-04	2e-04
STK10	223.2549	-0.7474	0.2256	7e-04	0.0015
STK11	1296.8394	-0.8027	0.1023	0	0
STK11IP	499.0453	0.2761	0.1576	0.077	0.1154
STK16	458.6944	0.9645	0.1592	0	0
STK17A	138.8003	-2.2736	0.3222	0	0
STK17B	115.0884	-2.9881	0.3759	0	0
STK19	101.6593	-0.9522	0.3278	0.0025	0.0047
STK24	2438.0493	-0.2606	0.0794	0.001	0.002
STK25	2208.2892	0.6732	0.0828	0	0
STK3	328.9859	-0.518	0.192	0.0063	0.0111
STK31	4.7513	1.0195	1.0519	0.0961	0.1407
STK32B	19.3661	-0.7459	0.6695	0.1827	0.2489
STK32C	565.4806	0.5563	0.147	1e-04	3e-04
STK33	12.9916	0.0012	0.7399	0.9984	0.999
STK35	891.5595	-0.2572	0.118	0.0285	0.0462
STK36	277.6273	-0.0498	0.205	0.8053	0.8518
STK38	845.189	-1.9416	0.1468	0	0
STK38L	252.9745	-2.4211	0.2746	0	0
STK39	458.7119	-0.5199	0.1652	0.0015	0.0028
STK4	985.4419	-0.8925	0.1214	0	0
STK4-AS1	1.223	0.0439	1.1933	0.9199	NA
STK40	1298.1639	-0.1706	0.1028	0.0957	0.1402
STL	1.9191	0.2933	1.1203	0.5836	0.6619
STMN1	7434.4256	1.3054	0.057	0	0
STMN3	1170.4735	0.5991	0.1043	0	0
STOM	59.0268	0.6766	0.409	0.0782	0.1169
STOML1	42.4227	-1.2279	0.5024	0.0071	0.0125
STOML2	5766.4578	1.0305	0.0606	0	0
STON1	29.8818	-0.9862	0.6007	0.0587	0.0902
STON2	400.6995	-0.2038	0.2227	0.3515	0.4373
STOX1	154.8982	-1.1953	0.2854	0	0
STOX2	2.0458	-0.0868	1.1057	0.8732	0.9057
STPG1	58.8323	-2.1893	0.4749	0	0
STRA13	1742.547	1.1561	0.0911	0	0
STRA6	1.4984	0.0565	1.1767	0.9028	0.929
STRADA	158.8647	-1.1276	0.2724	0	0
STRADB	666.981	-0.1591	0.1374	0.2436	0.3194
STRAP	3226.5481	0.0751	0.0837	0.3683	0.454
STRBP	1167.2978	0.0345	0.1066	0.7457	0.8044
STRC	0.4388	-0.1141	1.2485	0.7213	NA
STRIP1	392.7403	-2.5034	0.1971	0	0
STRIP2	143.231	0.3808	0.2795	0.1609	0.2227
STRN	486.2434	-2.1508	0.1712	0	0
STRN3	481.5559	-2.0632	0.1702	0	0
STRN4	1999.6763	-0.9776	0.0889	0	0
STS	807.4741	1.2066	0.1232	0	0
STT3A	6112.5562	1.2162	0.0613	0	0
STT3B	5730.1143	1.0016	0.0598	0	0
STUB1	2938.7683	0.999	0.0733	0	0
STX10	1318.274	1.0013	0.1034	0	0
STX11	16.345	0.4505	0.6821	0.4257	0.5117
STX12	212.8517	-1.341	0.2378	0	0
STX16	606.5951	-1.3625	0.1514	0	0
STX16-NPEPL1	2.3455	-0.7104	1.195	0.1403	0.1971
STX17	327.121	-1.495	0.2092	0	0
STX18	998.7487	-2.3695	0.1327	0	0
STX18-AS1	17.8918	-0.5038	0.6703	0.3682	0.454
STX19	1.0145	0.4531	1.2203	0.2732	NA
STX1A	62.8664	-1.1433	0.4185	0.0035	0.0064
STX2	398.7388	-0.4201	0.1773	0.0166	0.0278
STX3	728.8245	-0.8239	0.1342	0	0
STX4	226.9687	-0.7446	0.2285	9e-04	0.0017
STX5	290.301	-2.1059	0.2276	0	0
STX6	428.0992	-2.3601	0.1865	0	0
STX7	370.8997	-0.9688	0.1905	0	0
STX8	155.5566	1.2387	0.2675	0	0
STXBP1	237.256	0.4375	0.2174	0.0407	0.0644
STXBP2	842.8778	0.939	0.1251	0	0
STXBP3	266.5866	-2.2594	0.2332	0	0
STXBP4	126.5752	-0.9725	0.2956	7e-04	0.0013
STXBP5	174.1003	-1.153	0.2694	0	0
STXBP5L	1.4544	-0.2829	1.1741	0.55	0.6312
STXBP6	252.3188	-0.4503	0.2249	0.0414	0.0655
STYX	420.6433	-0.9313	0.1807	0	0
STYXL1	203.1182	0.4174	0.2328	0.0675	0.1023
SUB1	2440.0368	0.9809	0.0815	0	0
SUCLA2	2548.5522	0.7354	0.0766	0	0
SUCLG1	1265.2577	0.8908	0.1063	0	0
SUCLG2	1348.8554	1.1174	0.108	0	0
SUCNR1	0.1804	-0.0353	1.2501	0.9101	NA
SUCO	505.2333	-1.0885	0.1558	0	0
SUDS3	539.8666	-1.4302	0.1573	0	0
SUFU	192.5462	-0.99	0.2674	1e-04	3e-04
SUGCT	1.9244	0.2792	1.14	0.5876	0.6649
SUGP1	306.7966	-1.1454	0.1969	0	0
SUGP2	1583.3712	-0.128	0.0926	0.1656	0.2283
SUGT1	528.8759	-0.7048	0.154	0	0
SULF1	19.3444	0.6868	0.6702	0.2201	0.2926
SULF2	237.5574	1.4475	0.22	0	0
SULT1A1	42.8932	-0.2465	0.4878	0.5804	0.659
SULT1A2	7.3245	0.5567	0.8982	0.3728	0.4578
SULT1A3	32.8691	0.6137	1.2785	0.0625	0.0954
SULT1A4	65.8218	-0.0942	1.1661	0.8438	0.8842
SULT1C2	19.1018	-0.1222	0.6781	0.8283	0.8711
SULT1C4	4.9787	-0.2164	0.9582	0.7256	0.7874
SULT2B1	7.5265	0.2491	0.8575	0.6875	0.754
SULT4A1	0.1898	-0.0377	1.2501	0.9042	NA
SUMF1	696.6673	1.3196	0.132	0	0
SUMF2	2403.4456	1.2293	0.0798	0	0
SUMO1	2594.8489	0.9848	0.0762	0	0
SUMO1P3	4.8556	0.498	0.9611	0.4217	0.5081
SUMO2	7015.6472	1.2608	0.0577	0	0
SUMO3	1824.0284	1.0763	0.088	0	0
SUMO4	3.4267	0.5678	1.0712	0.3297	0.4142
SUN1	2212.2455	0.2359	0.082	0.0039	0.0072
SUN2	1433.8201	0.0038	0.1002	0.9693	0.9774
SUN3	6.7472	0.7559	0.9188	0.2286	0.3024
SUOX	175.2648	-2.5974	0.2933	0	0
SUPT16H	4090.9098	0.6324	0.0703	0	0
SUPT20H	471.6973	-2.5033	0.1815	0	0
SUPT20HL2	0.1898	-0.0377	1.2501	0.9042	NA
SUPT3H	41.2092	-0.0901	0.476	0.8367	0.8787
SUPT4H1	939.3241	1.1138	0.1182	0	0
SUPT5H	3030.5769	0.4849	0.0725	0	0
SUPT6H	2273.5737	-0.3092	0.0809	1e-04	3e-04
SUPT7L	445.8792	-0.5131	0.1694	0.0022	0.0041
SUPV3L1	425.5572	-1.0459	0.177	0	0
SURF1	601.799	1.0593	0.1414	0	0
SURF2	245.3807	-1.386	0.2259	0	0
SURF4	6796.9066	0.7061	0.0563	0	0
SURF6	1066.4768	0.2417	0.1171	0.038	0.0605
SUSD1	442.3477	1.3154	0.1623	0	0
SUSD2	15.7706	1.4206	0.75	0.0176	0.0294
SUSD3	0.3744	-0.1048	1.2488	0.7422	NA
SUSD4	307.3955	0.6849	0.204	7e-04	0.0013
SUSD5	75.8389	1.0615	0.3681	0.0024	0.0045
SUV39H1	374.0022	-1.0432	0.1809	0	0
SUV39H2	508.5712	-0.7045	0.1556	0	0
SUV420H1	378.6726	-1.6202	0.2083	0	0
SUV420H2	176.8344	-1.1617	0.2619	0	0
SUZ12	1018.4514	-1.6614	0.1226	0	0
SUZ12P1	7.0168	-1.1276	0.9789	0.0752	0.1129
SV2A	370.9394	0.1732	0.1829	0.3377	0.423
SVEP1	0.1898	-0.0377	1.2501	0.9042	NA
SVIL	1365.8342	-1.041	0.1061	0	0
SVIP	448.9775	1.2514	0.1744	0	0
SVOPL	1.7987	0.4451	1.1371	0.397	0.4824
SWAP70	648.2443	-1.6939	0.1501	0	0
SWI5	89.8553	0.1218	0.3408	0.7091	0.7729
SWSAP1	68.0582	0.0017	0.3842	0.9962	0.9978
SWT1	25.0316	-2.2171	0.712	2e-04	3e-04
SYAP1	2732.5065	0.6803	0.0777	0	0
SYBU	143.8607	0.3888	0.2864	0.1619	0.2238
SYCE1L	52.2832	1.3958	0.4633	0.0011	0.0021
SYCE2	13.0569	0.5675	0.7551	0.3411	0.4269
SYCP2	2.9851	0.1188	1.0429	0.8397	0.8809
SYCP2L	0.5599	-0.1664	1.2408	0.6278	NA
SYCP3	0.6775	0.245	1.2456	0.4678	NA
SYDE1	1200.2985	-2.2251	0.1161	0	0
SYDE2	269.1056	1.6746	0.2745	0	0
SYF2	680.3083	1.266	0.1377	0	0
SYMPK	2146.3929	0.7218	0.0872	0	0
SYN1	0.8653	0.2112	1.2115	0.6057	NA
SYNC	582.2617	0.4076	0.1415	0.0037	0.0068
SYNCRIP	10487.4692	0.6026	0.0582	0	0
SYNDIG1	0.1898	-0.0377	1.2501	0.9042	NA
SYNE1	338.7509	-1.4467	0.1961	0	0
SYNE2	1296.3979	-0.1984	0.1275	0.1176	0.1685
SYNE3	4.6271	0.0857	0.9692	0.8889	0.9175
SYNE4	17.3462	0.2967	0.6833	0.6001	0.6761
SYNGAP1	170.206	-0.5781	0.254	0.0198	0.0329
SYNGR1	630.9053	0.9747	0.1385	0	0
SYNGR2	7250.3301	0.8074	0.0567	0	0
SYNGR3	32.3869	-1.033	0.5481	0.0343	0.055
SYNGR4	0.8624	0.1892	1.2224	0.6243	NA
SYNJ1	103.2619	-1.5309	0.3379	0	0
SYNJ2	421.4584	-0.5634	0.1774	0.0013	0.0025
SYNJ2BP	331.0516	-0.8852	0.1992	0	0
SYNJ2BP-COX16	2.2047	0.6062	1.1788	0.2166	0.2887
SYNM	574.4779	-2.7406	0.1672	0	0
SYNPO	39.9161	0.0738	0.5058	0.8723	0.9051
SYNPO2	1.3809	-0.0181	1.1669	0.9696	0.9774
SYNRG	346.7478	-1.3749	0.2153	0	0
SYP	12.6535	1.3965	0.8034	0.0237	0.039
SYPL1	1241.9426	0.3126	0.1077	0.0035	0.0065
SYPL2	21.8444	-0.1305	0.6198	0.8065	0.8528
SYS1	562.1871	-0.0264	0.145	0.8546	0.8929
SYS1-DBNDD2	7.9271	-1.1853	0.9972	0.0613	0.0938
SYT1	3.9381	0.8293	1.0678	0.1643	0.2267
SYT11	131.6461	0.3346	0.2908	0.2353	0.3101
SYT15	11.7341	0.0195	0.7591	0.9739	0.9802
SYT16	1.5913	0.6146	1.2152	0.1644	0.2269
SYT17	39.1097	-1.1257	0.5101	0.0147	0.0249
SYT2	2.2782	0.1326	1.1167	0.8041	0.8508
SYT5	3.0698	0.8334	1.0958	0.1517	0.2115
SYT7	18.9187	0.6703	0.6619	0.2278	0.3015
SYT8	3.5303	0.1421	1.053	0.807	0.8531
SYTL1	63.4532	-0.8461	0.4136	0.0291	0.0472
SYTL2	7.5776	-0.5329	0.8787	0.3925	0.4778
SYTL3	0.4665	-0.1216	1.2486	0.7039	NA
SYTL4	42.1076	-1.6494	0.5263	5e-04	0.001
SYVN1	332.7603	-2.6642	0.2162	0	0
SZRD1	7257.8273	1.3262	0.0605	0	0
SZT2	315.3294	-0.278	0.1946	0.1475	0.2062
TAB1	358.041	-2.9248	0.2231	0	0
TAB2	2009.5053	0.5696	0.0857	0	0
TAB3	224.7524	-0.8553	0.235	2e-04	4e-04
TAC3	15.1256	0.69	0.7227	0.2375	0.3125
TACC1	722.1846	-0.3729	0.1326	0.0047	0.0084
TACC2	717.5098	-2.0103	0.1423	0	0
TACC3	2639.812	-0.6266	0.0771	0	0
TACO1	346.6812	-2.2109	0.2057	0	0
TACR1	0.2885	-0.0834	1.2497	0.7914	NA
TACR2	2.4414	0.3226	1.0874	0.5667	0.6466
TACSTD2	1.2531	-0.2098	1.1852	0.6438	NA
TADA1	143.0615	-3.4493	0.3853	0	0
TADA2A	150.2715	-3.2982	0.3466	0	0
TADA2B	576.2041	-0.7486	0.1477	0	0
TADA3	1738.257	0.8524	0.0939	0	0
TAF1	445.5359	-1.543	0.1755	0	0
TAF10	1953.5959	1.4392	0.0855	0	0
TAF11	436.0367	-0.6231	0.1751	3e-04	7e-04
TAF12	487.2858	0.5424	0.1638	8e-04	0.0016
TAF13	187.8264	-0.2829	0.2428	0.2338	0.3084
TAF15	4433.9036	0.9559	0.0635	0	0
TAF1A	142.3819	-1.2083	0.286	0	0
TAF1B	192.2688	-1.1023	0.246	0	0
TAF1C	900.8601	0.1372	0.1167	0.2373	0.3123
TAF1D	154.3448	0.1433	0.2693	0.5849	0.6628
TAF2	735.7403	-0.0729	0.1302	0.5731	0.6524
TAF3	271.2426	-0.2895	0.2079	0.1572	0.2183
TAF4	463.7819	-1.8862	0.1756	0	0
TAF4B	374.0261	-0.7135	0.1905	1e-04	3e-04
TAF5	278.2093	-1.2888	0.2078	0	0
TAF5L	594.5437	-1.012	0.1437	0	0
TAF6	1639.5906	0.6737	0.0928	0	0
TAF6L	304.0454	-1.1074	0.2136	0	0
TAF7L	4.6124	0.5493	0.9849	0.3726	0.4578
TAF8	153.3172	-0.2042	0.2811	0.4547	0.54
TAF9	1254.4042	0.7218	0.1023	0	0
TAF9B	544.8884	0.6325	0.1493	0	0
TAGLN	18769.5629	1.6554	0.0649	0	0
TAGLN2	8001.0755	1.5957	0.0594	0	0
TAGLN3	0.9185	-0.3221	1.2175	0.4271	NA
TAL1	1.6508	-0.6157	1.1898	0.1975	0.2664
TALDO1	6940.4215	1.3799	0.0576	0	0
TAMM41	136.5825	-0.8956	0.2959	0.0018	0.0033
TANC1	720.4137	-1.1161	0.1349	0	0
TANC2	23.0894	-0.334	0.7103	0.5636	0.6438
TANGO2	178.9214	0.0129	0.2543	0.9585	0.9701
TANGO6	327.7134	-0.6763	0.1949	4e-04	9e-04
TANK	148.8268	-0.8456	0.2818	0.002	0.0038
TAOK1	1176.7951	-1.7645	0.1228	0	0
TAOK2	977.7508	-1.2253	0.1244	0	0
TAOK3	57.5499	-1.5646	0.4616	2e-04	5e-04
TAP1	874.9955	1.2663	0.1265	0	0
TAP2	1162.0675	1.4076	0.1153	0	0
TAPBP	4043.3687	1.4001	0.0682	0	0
TAPBPL	111.6954	0.9235	0.3116	0.0021	0.004
TAPSAR1	6.9774	1.053	0.9882	0.0947	0.1388
TAPT1	109.4561	-0.8907	0.3298	0.0049	0.0089
TAPT1-AS1	28.6733	0.8858	0.5657	0.0762	0.1143
TARBP1	720.8383	0.9873	0.1332	0	0
TARBP2	737.7355	0.194	0.1367	0.1531	0.2133
TARDBP	5742.3989	0.5403	0.0602	0	0
TARS	2487.2769	-0.5077	0.0809	0	0
TARS2	373.7109	-0.2059	0.1859	0.2623	0.3407
TARSL2	228.362	0.653	0.2202	0.0025	0.0047
TAS1R1	0.3516	0.1495	1.2517	0.633	NA
TAS1R3	9.4434	0.9647	0.8428	0.1215	0.1737
TAS2R10	0.9497	-0.3085	1.2147	0.4514	NA
TAS2R13	0.1798	-0.035	1.2501	0.9108	NA
TAS2R14	1.0645	-0.1504	1.1948	0.7302	NA
TAS2R20	4.7889	-0.1794	0.9655	0.7704	0.8245
TAS2R31	2.526	0.7675	1.1618	0.1434	0.2011
TAS2R4	0.3583	-0.0994	1.2488	0.7549	NA
TAS2R40	0.3608	-0.1002	1.2488	0.7529	NA
TAS2R46	0.6676	0.2404	1.2461	0.4741	NA
TAS2R5	4.197	-0.9614	1.1214	0.0938	0.1377
TASP1	64.5679	-1.5239	0.4194	1e-04	2e-04
TATDN1	340.73	-0.4274	0.1861	0.02	0.0332
TATDN2	1486.4555	0.3441	0.0949	3e-04	6e-04
TATDN3	64.9005	-1.0466	0.4059	0.0061	0.0108
TAX1BP1	1535.1284	0.4799	0.0933	0	0
TAX1BP3	4097.2562	1.3725	0.0663	0	0
TAZ	239.3259	-0.1629	0.2164	0.4439	0.5295
TBC1D1	1759.9705	0.877	0.0895	0	0
TBC1D10A	50.8571	-2.4546	0.5292	0	0
TBC1D10B	1354.8211	-0.7255	0.0998	0	0
TBC1D10C	3.0337	-1.0484	1.1735	0.0535	0.0828
TBC1D12	183.2349	-0.5756	0.2489	0.018	0.0301
TBC1D13	488.6823	-1.7309	0.166	0	0
TBC1D14	927.5781	-1.5427	0.1232	0	0
TBC1D15	552.7282	-0.502	0.1474	6e-04	0.0012
TBC1D16	1403.4476	0.6967	0.1035	0	0
TBC1D17	265.2867	-0.449	0.212	0.0314	0.0506
TBC1D19	60.4413	0.768	0.4142	0.048	0.0749
TBC1D2	85.3664	-1.7341	0.3739	0	0
TBC1D20	379.9719	-1.715	0.1879	0	0
TBC1D22A	418.1988	0.3475	0.1768	0.0468	0.0734
TBC1D22B	122.7381	-1.6632	0.3309	0	0
TBC1D23	206.5607	-2.0466	0.2532	0	0
TBC1D24	234.2916	-3.2853	0.2839	0	0
TBC1D25	150.6582	-0.7846	0.272	0.003	0.0056
TBC1D26	0.7416	-0.2465	1.2278	0.5151	NA
TBC1D28	0.75	-0.2469	1.2281	0.5139	NA
TBC1D2B	264.3411	-2.6558	0.2413	0	0
TBC1D3	0.1898	-0.0377	1.2501	0.9042	NA
TBC1D30	3.8263	-0.4609	1.0521	0.434	0.5195
TBC1D31	144.4344	-1.967	0.298	0	0
TBC1D32	22.8369	-1.676	0.7066	0.0039	0.0071
TBC1D3H	1.4773	0.2661	1.1838	0.5617	0.6423
TBC1D3P1-DHX40P1	0.1804	-0.0353	1.2501	0.9101	NA
TBC1D4	683.2562	-1.1258	0.1633	0	0
TBC1D5	1357.3222	1.0985	0.1029	0	0
TBC1D7	243.7064	0.3601	0.2143	0.0876	0.1295
TBC1D8	702.6041	-0.8092	0.1326	0	0
TBC1D8B	17.3153	0.2215	0.6654	0.6911	0.757
TBC1D9	359.0445	-1.0463	0.1871	0	0
TBC1D9B	4192.8305	1.0413	0.0647	0	0
TBCA	2191.0633	1.3611	0.0818	0	0
TBCB	4075.3718	1.3787	0.0694	0	0
TBCC	1062.2921	2.0546	0.114	0	0
TBCCD1	221.6083	-1.3502	0.2344	0	0
TBCD	3716.3551	1.3067	0.0687	0	0
TBCE	454.4339	0.6264	0.1605	1e-04	2e-04
TBCEL	316.2934	-1.0611	0.1963	0	0
TBCK	343.6753	0.7039	0.1807	1e-04	2e-04
TBK1	309.9554	-3.2676	0.2439	0	0
TBKBP1	172.9086	-1.4359	0.2659	0	0
TBL1X	795.5827	-0.6201	0.13	0	0
TBL1XR1	891.004	-1.136	0.1231	0	0
TBL2	732.3833	-0.4192	0.1321	0.0014	0.0027
TBL3	1406.077	0.4223	0.0979	0	0
TBP	256.0869	-1.5888	0.2239	0	0
TBPL1	149.5333	-3.297	0.3468	0	0
TBR1	1.1003	-0.3979	1.2089	0.3522	NA
TBRG1	246.3954	-0.7291	0.2378	0.0017	0.0033
TBRG4	1972.6372	0.0912	0.0862	0.2884	0.3697
TBX1	8.3555	-0.2472	0.8429	0.6888	0.755
TBX15	62.1324	-1.8648	0.4414	0	0
TBX18	136.8002	-1.3305	0.3072	0	0
TBX19	5.4539	-0.8662	0.9937	0.1644	0.2268
TBX2	3.003	-0.0921	1.0451	0.8751	0.907
TBX3	22.842	-1.3218	0.6681	0.0183	0.0305
TBX6	12.7392	-0.8938	0.8001	0.1442	0.202
TBXA2R	27.4861	-0.4743	0.5675	0.3437	0.4294
TBXAS1	7.3849	0.3206	0.8642	0.6053	0.6808
TC2N	8.0635	-0.3686	0.8941	0.5538	0.6349
TCAIM	237.6893	-0.7028	0.2265	0.0016	0.003
TCAP	1.4065	-0.0229	1.1506	0.9632	0.9728
TCEA1	4214.0148	-0.0542	0.0715	0.4475	0.5333
TCEA2	25.5726	0.3759	0.5836	0.4621	0.5474
TCEA3	93.6616	0.065	0.3322	0.8385	0.8801
TCEAL1	89.3763	-0.1246	0.3383	0.7009	0.7654
TCEAL3	226.1782	0.7158	0.222	0.001	0.002
TCEAL4	984.8991	0.9079	0.1156	0	0
TCEAL7	383.7164	-0.782	0.1781	0	0
TCEAL8	893.5714	1.2419	0.1295	0	0
TCEANC	26.1035	-0.5649	0.6038	0.2805	0.3607
TCEANC2	61.8023	-3.0163	0.519	0	0
TCEB1	1062.6365	0.8222	0.119	0	0
TCEB2	2819.8209	1.4744	0.0755	0	0
TCEB3	1516.6611	0.3004	0.1063	0.0045	0.0082
TCERG1	1950.3096	0.6105	0.0884	0	0
TCF12	1198.5609	-1.9717	0.1112	0	0
TCF15	17.7311	-1.6567	0.7649	0.0063	0.0112
TCF19	1639.7032	0.5132	0.0904	0	0
TCF20	894.28	-2.1031	0.133	0	0
TCF24	3.1993	-1.0837	1.1734	0.0476	0.0744
TCF25	1963.1935	0.6383	0.0898	0	0
TCF3	3705.579	0.3462	0.0708	0	0
TCF7	59.7876	-0.1678	0.4234	0.6718	0.7403
TCF7L1	888.2831	-1.4949	0.127	0	0
TCF7L2	371.423	-0.8294	0.1846	0	0
TCFL5	679.5745	0.7509	0.1326	0	0
TCHH	9.3424	-0.0999	0.8166	0.8703	0.9039
TCHP	226.7641	-2.9215	0.2675	0	0
TCIRG1	397.5892	0.0719	0.1729	0.6741	0.7424
TCL1B	3.4197	0.9239	1.0909	0.1172	0.168
TCL6	0.5233	0.0574	1.2454	0.8603	NA
TCN1	0.913	-0.0778	1.2167	0.8434	NA
TCN2	267.813	1.8352	0.2162	0	0
TCOF1	6096.0566	0.602	0.068	0	0
TCP1	8642.333	0.4665	0.0571	0	0
TCP11	0.3428	0.1459	1.2516	0.6412	NA
TCP11L1	99.1992	-0.1868	0.3299	0.5557	0.6367
TCP11L2	3.7606	-0.7419	1.0777	0.2061	0.2765
TCTA	390.5244	0.207	0.1703	0.2193	0.2917
TCTE1	0.7237	-0.1987	1.2405	0.5658	NA
TCTE3	1.599	0.5215	1.179	0.2802	0.3604
TCTEX1D2	328.6663	1.2365	0.195	0	0
TCTEX1D4	4.1407	0.5613	1.0111	0.3568	0.4428
TCTN1	652.1226	1.4186	0.1459	0	0
TCTN2	418.9892	0.9192	0.1675	0	0
TCTN3	1844.1683	1.1224	0.0875	0	0
TDG	802.0243	-0.5687	0.1241	0	0
TDO2	0.522	0.061	1.2455	0.8516	NA
TDP1	458.5078	-0.5812	0.1598	2e-04	5e-04
TDP2	485.6452	-1.5521	0.1628	0	0
TDRD12	0.1902	-0.0379	1.2501	0.9037	NA
TDRD3	103.1557	-2.1737	0.3574	0	0
TDRD7	141.5541	-0.5576	0.2771	0.0385	0.0612
TDRD9	1.3874	0.2669	1.1573	0.5893	0.6663
TDRKH	131.871	0.4178	0.2818	0.127	0.1806
TDRP	72.0179	-0.222	0.3782	0.536	0.6184
TEAD1	3035.597	-0.4261	0.0928	0	0
TEAD2	1295.6194	0.6221	0.1092	0	0
TEAD3	315.2877	-1.3703	0.1969	0	0
TEAD4	1066.5154	-0.9791	0.115	0	0
TEC	112.15	-2.6366	0.3654	0	0
TECPR1	159.4713	0.0145	0.2637	0.955	0.9682
TECPR2	300.0291	-1.2133	0.209	0	0
TECR	2084.6532	1.2532	0.0847	0	0
TECTA	1.6613	-0.6228	1.1891	0.194	0.2626
TEDDM1	0.3702	-0.1025	1.2488	0.7475	NA
TEF	279.3461	0.5208	0.2008	0.0085	0.0149
TEFM	86.5974	-2.4087	0.4021	0	0
TEK	1.3649	-0.2077	1.1945	0.6361	NA
TEKT2	9.9881	-1.2204	0.8904	0.0545	0.0841
TEKT4	0.1804	-0.0353	1.2501	0.9101	NA
TEKT4P2	51.395	-0.5523	0.4447	0.181	0.2469
TELO2	1806.6809	-0.4208	0.0914	0	0
TEN1	195.2077	1.0049	0.2508	0	1e-04
TEN1-CDK3	11.136	-1.3117	0.8988	0.0396	0.0629
TENC1	140.1848	-0.5466	0.2934	0.0545	0.0842
TENM1	0.3336	0.1444	1.2516	0.6446	NA
TENM2	0.3875	-0.1073	1.2488	0.7364	NA
TENM3	5.3301	0.9158	0.9985	0.142	0.1992
TENM4	2.3004	-0.286	1.126	0.589	0.6662
TEP1	113.1396	-0.6325	0.3147	0.0371	0.0591
TERC	5.2561	0.3652	0.9477	0.5557	0.6367
TERF1	547.8472	-0.0552	0.1458	0.7025	0.7667
TERF2	228.9531	-2.2008	0.254	0	0
TERF2IP	1187.1424	1.1941	0.1063	0	0
TERT	22.7992	-0.7426	0.6877	0.1915	0.2595
TES	2755.4087	0.1037	0.0785	0.1853	0.2521
TESC	12.4094	0.2583	0.7452	0.6625	0.732
TESK1	358.425	-0.5898	0.1851	0.0013	0.0024
TESK2	8.9858	-0.8979	0.886	0.1532	0.2134
TET1	106.1906	-1.2662	0.3372	1e-04	2e-04
TET2	610.0179	0.8802	0.143	0	0
TET3	932.3321	-0.8907	0.124	0	0
TEX10	569.9831	-1.4254	0.1519	0	0
TEX14	0.3795	-0.1048	1.2488	0.7423	NA
TEX15	1.8601	-0.3452	1.179	0.4625	0.5476
TEX19	36.0672	-1.405	0.5426	0.0037	0.0068
TEX2	422.7703	-0.4573	0.1665	0.0055	0.0099
TEX21P	2.1836	-0.2541	1.1244	0.6316	0.7046
TEX22	12.0401	2.1004	0.895	0.0013	0.0025
TEX261	1469.9445	-0.5188	0.0984	0	0
TEX264	581.8546	0.0121	0.151	0.9355	0.9543
TEX30	234.8038	-1.7272	0.2347	0	0
TEX37	0.1898	-0.0377	1.2501	0.9042	NA
TEX40	17.3801	0.4836	0.6758	0.39	0.4753
TEX9	22.6992	-0.8635	0.6849	0.1281	0.182
TFAM	1188.3572	0.0993	0.1079	0.3558	0.4416
TFAP2A	1248.2371	-0.6475	0.1035	0	0
TFAP2A-AS1	157.6211	2.4366	0.2812	0	0
TFAP2C	1.443	-0.2764	1.1744	0.5585	0.6392
TFAP2E	9.4172	-0.4431	0.8209	0.4706	0.5555
TFAP4	192.6129	-2.1619	0.2637	0	0
TFB1M	96.8653	-3.6781	0.443	0	0
TFB2M	268.3798	-1.3635	0.2169	0	0
TFCP2	587.2036	-1.1947	0.1475	0	0
TFCP2L1	45.415	-1.9667	0.5404	0	1e-04
TFDP1	4566.324	0.3899	0.0669	0	0
TFDP2	415.8135	-1.645	0.2045	0	0
TFE3	892.8973	-0.5313	0.1183	0	0
TFEB	7.6078	-2.0531	1.1955	0.0014	0.0026
TFEC	1.4454	-0.0183	1.1632	0.9697	0.9774
TFF1	0.5203	0.0558	1.2455	0.8639	NA
TFF2	0.7308	-0.2393	1.2292	0.5236	NA
TFF3	3.7803	0.961	1.0971	0.1025	0.149
TFG	1390.4345	-1.0958	0.1001	0	0
TFIP11	388.7576	-1.3602	0.1841	0	0
TFPI	1078.0791	0.4529	0.113	1e-04	1e-04
TFPI2	12322.6164	1.4313	0.0512	0	0
TFPT	154.9474	-0.3029	0.271	0.251	0.3279
TFR2	10.7654	0.2963	0.8211	0.6292	0.7025
TFRC	14897.6664	1.1098	0.0565	0	0
TGDS	114.8468	-2.7072	0.3622	0	0
TGFA	0.3413	0.1454	1.2516	0.6422	NA
TGFB1	1858.3393	1.1142	0.0879	0	0
TGFB1I1	591.9012	-1.0035	0.1445	0	0
TGFB2	23.5537	0.0277	0.5924	0.9573	0.9697
TGFB3	62.2684	-1.058	0.4169	0.0067	0.0119
TGFBI	4.4797	0.3997	0.9912	0.5134	0.5962
TGFBR1	629.7518	-1.087	0.1418	0	0
TGFBR2	749.0041	0.2532	0.1285	0.0475	0.0743
TGFBR3	985.8011	-1.5252	0.1251	0	0
TGFBR3L	78.7281	0.3229	0.3598	0.3466	0.4324
TGFBRAP1	526.8021	-0.8217	0.1531	0	0
TGIF1	2171.367	1.7902	0.0988	0	0
TGIF2	626.7885	-0.7194	0.1411	0	0
TGIF2-C20orf24	13.7132	0.3257	0.7537	0.5842	0.6623
TGM1	56.6143	-0.3562	0.4237	0.3687	0.4544
TGM2	560.6267	1.1858	0.1485	0	0
TGM3	0.6686	0.2409	1.246	0.4734	NA
TGM4	0.3501	0.1491	1.2517	0.6341	NA
TGM5	0.3611	-0.1004	1.2488	0.7526	NA
TGM7	0.1899	-0.0377	1.2501	0.9041	NA
TGOLN2	6842.1297	0.9377	0.0608	0	0
TGS1	445.9065	-1.5014	0.1865	0	0
TH	0.3405	0.1452	1.2516	0.6428	NA
THADA	484.066	-0.0724	0.1625	0.6529	0.7237
THAP1	217.5391	0.6498	0.2483	0.0074	0.0131
THAP10	117.5585	-0.9889	0.3125	0.001	0.002
THAP11	1859.0263	0.9569	0.0877	0	0
THAP2	22.6315	-2.6354	0.8338	0	1e-04
THAP3	254.6364	-1.6688	0.2239	0	0
THAP4	1029.2696	-0.8301	0.115	0	0
THAP5	515.7561	-1.3035	0.1586	0	0
THAP6	114.825	-2.481	0.3769	0	0
THAP7	412.3222	-0.2547	0.1689	0.1276	0.1814
THAP7-AS1	21.2386	0.7373	0.6234	0.1681	0.2314
THAP8	63.5897	-0.4138	0.4111	0.2837	0.3643
THAP9	37.6787	-1.072	0.5141	0.021	0.0347
THAP9-AS1	359.897	-0.4859	0.1788	0.006	0.0106
THBD	2.2717	0.1468	1.086	0.7933	0.8422
THBS1	13405.1331	0.2908	0.1987	0.1377	0.194
THBS2	7.7364	0.0717	0.8521	0.9077	0.9331
THBS3	591.2586	1.2206	0.1554	0	0
THBS4	5.9556	-0.5814	0.9479	0.3508	0.4365
THEM4	171.4524	-0.0546	0.2521	0.8247	0.868
THEM6	209.2321	-1.8631	0.2472	0	0
THEMIS2	7.6058	-1.4302	1.0999	0.0209	0.0345
THG1L	139.0524	-0.6339	0.2805	0.02	0.0332
THNSL1	118.3971	-2.2061	0.3455	0	0
THNSL2	3.586	-0.1483	1.0186	0.8043	0.8509
THOC1	347.4312	-1.395	0.188	0	0
THOC2	1101.5916	-0.6616	0.1159	0	0
THOC3	2588.6436	1.1408	0.0769	0	0
THOC5	632.2578	-0.1336	0.1506	0.3711	0.4563
THOC6	1003.885	-0.069	0.1126	0.538	0.6202
THOC7	855.918	0.6369	0.1277	0	0
THOP1	2314.3296	0.1272	0.0832	0.1256	0.1789
THRA	171.4207	0.0343	0.252	0.8891	0.9177
THRAP3	4050.3937	0.1287	0.0674	0.0559	0.0861
THRB	49.2616	-2.3371	0.5318	0	0
THRSP	0.7032	-0.0143	1.2197	0.9706	NA
THSD1	12.9713	-1.1066	0.823	0.0743	0.1118
THSD4	213.4704	1.0932	0.2274	0	0
THSD7A	587.8129	0.9379	0.1417	0	0
THSD7B	1.606	-0.3228	1.1715	0.5002	0.584
THTPA	369.5483	1.2056	0.1878	0	0
THUMPD1	1111.6231	1.0476	0.1087	0	0
THUMPD2	84.3039	-1.3686	0.3781	1e-04	3e-04
THUMPD3	719.9457	-1.4322	0.1392	0	0
THUMPD3-AS1	122.2006	2.0601	0.3183	0	0
THYN1	283.8539	0.1757	0.2188	0.414	0.5001
TIA1	715.562	-0.7661	0.1401	0	0
TIAF1	36.3867	1.4473	0.5981	0.0054	0.0097
TIAL1	1308.3557	-1.0508	0.1019	0	0
TIAM1	24.5467	-0.9929	0.6212	0.0629	0.0959
TIAM2	10.6425	-0.2883	0.7948	0.635	0.7076
TICAM1	174.5392	-0.6065	0.2645	0.0187	0.0311
TICAM2	9.0191	-1.2945	0.9959	0.0423	0.0669
TICRR	706.3585	-0.5586	0.1351	0	1e-04
TIE1	33.4219	1.6185	0.5429	8e-04	0.0016
TIFA	249.9895	0.3912	0.2112	0.0597	0.0916
TIGD1	195.6954	2.2519	0.2492	0	0
TIGD2	87.6568	-0.7135	0.3832	0.0492	0.0767
TIGD3	16.7719	-1.0239	0.7088	0.077	0.1153
TIGD4	5.5274	-0.831	0.9903	0.1819	0.2481
TIGD5	592.1499	0.9728	0.1445	0	0
TIGD6	99.8917	-0.3633	0.3282	0.2495	0.3263
TIGD7	23.9708	-0.7935	0.6179	0.1357	0.1915
TIMD4	2.4299	-0.8911	1.1765	0.0883	0.1304
TIMELESS	3507.5869	0.8995	0.0705	0	0
TIMM10	1211.2917	0.705	0.103	0	0
TIMM10B	812.2895	1.3285	0.1267	0	0
TIMM13	3620.7241	0.902	0.0727	0	0
TIMM17A	1489.3693	0.1095	0.0976	0.2604	0.3385
TIMM17B	1970.3003	1.4213	0.0865	0	0
TIMM21	672.8526	-0.4799	0.1425	7e-04	0.0014
TIMM22	659.5957	-0.117	0.1382	0.3938	0.4791
TIMM23	1441.4047	-0.0483	0.0979	0.6207	0.6946
TIMM44	777.885	-1.4255	0.132	0	0
TIMM50	2688.2431	0.7462	0.0882	0	0
TIMM8A	282.2905	0.6461	0.2249	0.0034	0.0063
TIMM8B	2139.359	1.5811	0.0869	0	0
TIMM9	183.45	-3.9135	0.3495	0	0
TIMMDC1	960.0144	1.2433	0.1202	0	0
TIMP1	1782.1925	1.6613	0.0897	0	0
TIMP2	16134.639	1.434	0.056	0	0
TIMP3	1.3602	0.6109	1.2099	0.1741	NA
TIMP4	2.434	0.0675	1.1028	0.9017	0.9285
TINAG	0.1898	-0.0377	1.2501	0.9042	NA
TINAGL1	32.6189	1.0515	0.5424	0.0298	0.0483
TINCR	2.0925	-0.0274	1.1256	0.9584	0.9701
TINF2	489.2273	-0.0369	0.1567	0.8121	0.8575
TIPARP	1365.5175	3.1852	0.1171	0	0
TIPARP-AS1	102.3334	7.2369	1.313	0	0
TIPIN	176.6855	-1.2445	0.2918	0	0
TIPRL	613.8795	0.0154	0.1558	0.9204	0.9428
TIRAP	63.4753	-1.7304	0.443	0	1e-04
TJAP1	335.9713	-1.4124	0.2091	0	0
TJP1	2011.6416	-1.1531	0.0913	0	0
TJP2	2866.5969	-0.2828	0.0767	2e-04	5e-04
TJP3	58.0434	0.085	0.4128	0.8264	0.8696
TK1	4686.9849	0.6543	0.065	0	0
TK2	89.7682	-2.1669	0.4244	0	0
TKT	32266.9136	1.1534	0.0462	0	0
TLCD1	104.3864	-1.172	0.3512	5e-04	9e-04
TLCD2	51.9225	-0.3168	0.445	0.4432	0.5288
TLDC1	227.5678	-1.5098	0.283	0	0
TLDC2	0.7037	-0.014	1.2197	0.971	NA
TLE1	620.8856	-2.2467	0.1596	0	0
TLE2	647.8285	1.1566	0.142	0	0
TLE3	532.0234	-2.379	0.1692	0	0
TLE4	26.2559	-1.7085	0.6447	0.0018	0.0035
TLE6	5.2561	0.1694	0.9391	0.7844	0.8352
TLK1	445.9636	-1.2491	0.1791	0	0
TLK2	577.8025	-1.2004	0.1488	0	0
TLL1	0.1898	-0.0377	1.2501	0.9042	NA
TLL2	5.8603	0.7012	0.9413	0.2626	0.341
TLN1	12283.9188	1.0883	0.0525	0	0
TLN2	3428.142	0.2781	0.0718	1e-04	2e-04
TLR2	5.1705	-0.1775	0.9749	0.7721	0.8258
TLR3	1.0047	0.3853	1.231	0.3176	NA
TLR4	0.1898	-0.0376	1.2501	0.9042	NA
TLR5	10.5236	-1.7855	1.0117	0.0064	0.0113
TLR7	1.367	0.5305	1.2202	0.21	NA
TLR8	0.1896	-0.0375	1.2501	0.9045	NA
TLR8-AS1	0.8463	0.1837	1.2233	0.6325	NA
TLR9	1.7371	0.3506	1.1576	0.4814	0.5663
TLX1	5.4185	0.3165	0.9358	0.61	0.6853
TLX2	12.9688	0.2685	0.7647	0.6537	0.7245
TLX3	50.5305	-1.1116	0.4779	0.0111	0.0192
TM2D1	261.8	1.3205	0.2369	0	0
TM2D2	1045.5121	0.8289	0.1133	0	0
TM2D3	344.5118	-0.9356	0.1864	0	0
TM4SF1	2768.5699	-0.2437	0.0749	0.0011	0.0022
TM4SF1-AS1	8.0282	1.9412	1.0709	0.0031	0.0057
TM4SF18	378.1801	0.2404	0.1771	0.1697	0.2334
TM4SF20	0.1802	-0.0352	1.2501	0.9103	NA
TM4SF4	10.0651	0.5998	0.7991	0.3254	0.4097
TM6SF1	46.2421	-0.0773	0.4623	0.8562	0.894
TM6SF2	3.0985	-0.542	1.0755	0.3491	0.4349
TM7SF2	520.515	0.902	0.1515	0	0
TM7SF3	2376.9124	1.2256	0.0823	0	0
TM9SF1	1368.7373	0.9829	0.0987	0	0
TM9SF2	3529.1541	0.7982	0.0688	0	0
TM9SF3	5292.7331	0.7692	0.0641	0	0
TM9SF4	1630.8287	0.127	0.0912	0.1623	0.2243
TMA16	241.8483	-1.5965	0.2306	0	0
TMA7	4038.7088	1.4908	0.0725	0	0
TMBIM1	2001.1087	-0.9583	0.0862	0	0
TMBIM4	674.514	1.0825	0.1341	0	0
TMBIM6	12724.3427	1.2765	0.0501	0	0
TMC2	0.5695	-0.1449	1.2489	0.6513	NA
TMC4	4.3138	-0.1939	0.995	0.7496	0.8076
TMC5	2.7447	0.1739	1.0631	0.7629	0.8182
TMC6	926.5871	0.1244	0.121	0.3016	0.3839
TMC7	41.3029	-0.4265	0.4967	0.3457	0.4313
TMC8	58.6935	-0.311	0.4185	0.4277	0.5137
TMCC1	461.3059	0.4786	0.16	0.0025	0.0047
TMCC1-AS1	28.8848	-1.8997	0.642	5e-04	0.001
TMCC2	36.2772	-1.3868	0.5369	0.0039	0.0071
TMCC3	27.1623	-4.0577	1.7511	0	0
TMCO1	1275.4029	1.0779	0.1048	0	0
TMCO3	2833.4994	1.2412	0.079	0	0
TMCO4	89.1258	-0.1352	0.3499	0.6861	0.7527
TMCO6	94.7594	0.1728	0.3483	0.6039	0.6796
TMED1	838.5064	0.7155	0.1242	0	0
TMED10	6777.9815	1.2017	0.057	0	0
TMED10P1	27.4269	0.3057	0.5632	0.5395	0.6214
TMED2	7189.1674	1.0718	0.0588	0	0
TMED3	2061.7046	1.284	0.0847	0	0
TMED4	1324.7393	1.3758	0.1006	0	0
TMED5	2831.2964	0.643	0.0786	0	0
TMED6	2.6808	-0.2109	1.0691	0.7129	0.7763
TMED7	3649.6053	1.1558	0.0752	0	0
TMED7-TICAM2	58.424	-0.2562	0.4157	0.511	0.5942
TMED8	116.377	-2.7548	0.3787	0	0
TMED9	6934.7511	1.5272	0.0564	0	0
TMEFF1	232.494	0.6909	0.2258	0.0018	0.0035
TMEFF2	28.3029	-0.4105	0.5691	0.4135	0.4997
TMEM100	4.5722	-0.1183	0.9679	0.8472	0.887
TMEM101	3.1259	0.5154	1.0606	0.3794	0.4641
TMEM102	97.8448	0.3706	0.3345	0.2483	0.3249
TMEM104	368.3141	-1.3754	0.1835	0	0
TMEM105	0.379	-0.1046	1.2488	0.7427	NA
TMEM106A	29.2891	-1.6958	0.609	0.0013	0.0025
TMEM106B	828.155	0.3946	0.1252	0.0015	0.0029
TMEM106C	3570.7846	1.4125	0.0688	0	0
TMEM107	117.9335	0.8153	0.3105	0.0065	0.0115
TMEM109	3160.8842	0.4099	0.0709	0	0
TMEM11	403.5318	-1.3458	0.1769	0	0
TMEM110	319.3012	-0.9763	0.2052	0	0
TMEM110-MUSTN1	30.7466	0.8991	0.6147	0.0898	0.1324
TMEM115	2021.305	1.6468	0.0867	0	0
TMEM116	74.071	0.1986	0.3856	0.5863	0.6641
TMEM117	67.6092	0.036	0.3884	0.922	0.9441
TMEM119	0.3414	0.1455	1.2516	0.6422	NA
TMEM120A	246.6771	0.9029	0.2121	0	0
TMEM120B	1274.9264	0.6403	0.1028	0	0
TMEM121	144.3776	-0.4075	0.2798	0.134	0.1895
TMEM123	4391.0573	1.196	0.0686	0	0
TMEM125	6.0224	-0.9623	1.0064	0.1228	0.1752
TMEM126A	209.8629	-0.3127	0.2351	0.1748	0.2396
TMEM126B	446.6464	0.7436	0.1641	0	0
TMEM127	1021.9081	0.1416	0.1153	0.2172	0.2893
TMEM128	314.1541	-0.0902	0.1894	0.6294	0.7026
TMEM129	649.8656	0.1259	0.1349	0.3473	0.4331
TMEM130	1.7785	-0.1329	1.1457	0.7921	0.8412
TMEM131	882.8286	-0.4868	0.1188	0	1e-04
TMEM132A	2833.2094	1.1521	0.0792	0	0
TMEM132B	0.5533	-0.143	1.2489	0.6556	NA
TMEM132E	0.7079	0.2584	1.2441	0.4507	NA
TMEM133	12.2874	-1.5431	0.8591	0.015	0.0254
TMEM134	301.9229	1.1613	0.2017	0	0
TMEM135	291.001	-0.3268	0.2012	0.0993	0.1449
TMEM136	95.3572	-1.2756	0.345	1e-04	2e-04
TMEM138	318.7401	-0.6586	0.1903	5e-04	9e-04
TMEM139	881.2954	1.7871	0.121	0	0
TMEM140	307.092	1.4573	0.1961	0	0
TMEM141	492.4887	1.1173	0.1543	0	0
TMEM143	105.9537	0.753	0.3417	0.0214	0.0353
TMEM144	1.5	-0.5637	1.1938	0.2275	0.3011
TMEM145	2.566	0.5145	1.0898	0.3654	0.4514
TMEM147	2481.2503	1.3688	0.0784	0	0
TMEM14A	340.9935	0.9609	0.1819	0	0
TMEM14B	1669.4251	1.2326	0.0996	0	0
TMEM14C	2753.3775	1.3804	0.0792	0	0
TMEM150A	64.6243	0.3434	0.3993	0.3615	0.4476
TMEM150C	0.3332	0.1443	1.2516	0.6448	NA
TMEM151A	1.0535	0.1199	1.1921	0.7851	NA
TMEM151B	1.3874	0.2669	1.1573	0.5893	0.6663
TMEM154	0.3702	-0.1025	1.2488	0.7475	NA
TMEM158	72.3682	1.8658	0.4037	0	0
TMEM159	24.9341	-2.5064	0.8104	1e-04	2e-04
TMEM160	1955.2753	1.3455	0.0919	0	0
TMEM161A	831.9307	0.7928	0.1252	0	0
TMEM161B	94.4024	-2.1261	0.3759	0	0
TMEM161B-AS1	5.177	-0.488	0.9724	0.4294	0.5153
TMEM163	1.0159	0.4541	1.2203	0.2724	NA
TMEM164	645.4894	-0.7189	0.1381	0	0
TMEM165	1971.1714	0.0868	0.0848	0.3044	0.3866
TMEM167A	4151.6182	0.7587	0.0673	0	0
TMEM167B	406.5715	0.8799	0.1711	0	0
TMEM168	441.7758	-0.3485	0.1661	0.0341	0.0547
TMEM169	4.0424	-0.7822	1.0543	0.1926	0.2608
TMEM17	37.1191	-0.9046	0.5684	0.0712	0.1075
TMEM170A	118.8658	-2.2257	0.3391	0	0
TMEM170B	477.9685	-0.1849	0.1584	0.2388	0.314
TMEM171	4.4902	-0.0407	1.0154	0.9459	0.962
TMEM173	1187.4271	0.4248	0.1063	1e-04	1e-04
TMEM175	138.4976	0.2813	0.28	0.3013	0.3836
TMEM177	218.3524	-2.1043	0.2501	0	0
TMEM178A	825.029	0.8104	0.1261	0	0
TMEM178B	26.2974	0.1202	0.5724	0.8115	0.8571
TMEM179	0.3346	0.1446	1.2516	0.6441	NA
TMEM179B	529.4359	1.1136	0.1507	0	0
TMEM18	213.6327	0.231	0.227	0.2999	0.3822
TMEM180	62.9308	0.9145	0.3995	0.0151	0.0254
TMEM181	531.4957	-1.1638	0.153	0	0
TMEM182	16.5957	-1.7074	0.7782	0.0053	0.0095
TMEM183A	2527.6758	0.9521	0.0811	0	0
TMEM183B	18.3967	0.4457	0.6606	0.4219	0.5083
TMEM184A	118.3224	-0.1394	0.3024	0.6338	0.7065
TMEM184B	2271.9531	0.3036	0.0843	3e-04	6e-04
TMEM184C	393.4043	-1.2912	0.1825	0	0
TMEM185A	196.7809	-1.0574	0.282	1e-04	2e-04
TMEM185B	1362.7441	0.6949	0.1013	0	0
TMEM186	360.11	1.5821	0.1854	0	0
TMEM187	44.5045	-1.7017	0.5187	3e-04	6e-04
TMEM189	492.2643	-1.2674	0.1593	0	0
TMEM19	580.7352	0.3725	0.1476	0.011	0.0189
TMEM190	0.1875	-0.0364	1.2501	0.9075	NA
TMEM191A	17.342	1.2483	0.7027	0.0305	0.0493
TMEM191B	4.7614	-0.1744	0.9733	0.7761	0.8289
TMEM191C	4.741	0.1654	0.9847	0.7863	0.8365
TMEM192	480.8792	-0.7758	0.162	0	0
TMEM194A	769.3435	-2.3421	0.1421	0	0
TMEM194B	141.6713	-0.1133	0.2826	0.6797	0.7472
TMEM198	68.8702	-0.4281	0.3882	0.2435	0.3194
TMEM198B	31.3358	-0.3485	0.536	0.4679	0.5526
TMEM199	299.2207	-0.5167	0.2101	0.0125	0.0213
TMEM2	2869.0951	0.9133	0.0872	0	0
TMEM200A	0.341	0.1453	1.2516	0.6425	NA
TMEM200B	779.2703	0.5455	0.1264	0	0
TMEM200C	0.4646	0.011	1.2492	0.9721	NA
TMEM201	852.0697	-1.0043	0.1233	0	0
TMEM203	1140.3865	0.8519	0.1056	0	0
TMEM204	2.1827	0.0698	1.1202	0.8953	0.923
TMEM205	1486.1364	0.908	0.0967	0	0
TMEM206	218.2285	-0.0961	0.2249	0.6636	0.7327
TMEM208	553.9011	1.1066	0.1471	0	0
TMEM209	502.1462	-1.6345	0.165	0	0
TMEM214	1291.847	0.3791	0.1057	3e-04	7e-04
TMEM216	95.3157	-0.5514	0.3703	0.1172	0.168
TMEM217	4.5433	0.4013	0.9831	0.5132	0.5961
TMEM218	148.127	-0.1503	0.2763	0.576	0.6552
TMEM219	794.0536	1.1659	0.1303	0	0
TMEM220	19.3251	0.2482	0.6715	0.6577	0.7279
TMEM221	9.3891	-1.2402	0.9474	0.0521	0.081
TMEM222	313.3561	-1.5815	0.2075	0	0
TMEM223	161.1304	-0.9843	0.2695	2e-04	4e-04
TMEM229B	3.1254	0.2361	1.0758	0.6783	0.7462
TMEM230	2518.2775	1.3112	0.0781	0	0
TMEM231	531.147	0.7649	0.1499	0	0
TMEM234	155.7531	0.1728	0.2651	0.5037	0.5873
TMEM236	1.063	0.1025	1.2044	0.8062	NA
TMEM237	643.1399	0.6852	0.1359	0	0
TMEM238	205.1824	1.7273	0.2406	0	0
TMEM240	1.2534	-0.2181	1.183	0.6335	NA
TMEM241	94.2086	-0.4525	0.3377	0.1623	0.2243
TMEM242	139.4297	-0.795	0.2821	0.0037	0.0068
TMEM243	180.575	-2.2351	0.2775	0	0
TMEM245	1332.9792	-0.342	0.1012	7e-04	0.0014
TMEM248	2186.5091	0.392	0.0827	0	0
TMEM249	2.4632	-0.6202	1.1427	0.2428	0.3186
TMEM25	160.2703	-0.4735	0.2678	0.0695	0.1051
TMEM251	451.6689	0.7209	0.1704	0	0
TMEM252	1.036	0.1142	1.1932	0.7942	NA
TMEM253	0.7008	-0.0101	1.2305	0.9777	NA
TMEM254	229.6665	0.3844	0.2208	0.0763	0.1144
TMEM254-AS1	5.1459	0.7861	0.9729	0.208	0.2788
TMEM255A	8.3121	1.0562	0.8735	0.0934	0.1371
TMEM256	470.937	1.2891	0.1636	0	0
TMEM256-PLSCR3	24.152	-0.2175	0.6197	0.6831	0.7498
TMEM258	1790.0314	1.3611	0.0903	0	0
TMEM259	3223.0324	0.1627	0.0704	0.0206	0.0341
TMEM26	14.2648	-0.0156	0.7077	0.9785	0.9835
TMEM260	420.7017	1.1005	0.1689	0	0
TMEM261	1077.6457	1.1677	0.1092	0	0
TMEM27	12.6573	-0.1596	0.758	0.7889	0.8386
TMEM30A	5305.3556	1.2947	0.0628	0	0
TMEM30B	0.1805	-0.0354	1.2501	0.91	NA
TMEM31	0.9381	-0.3317	1.2166	0.4162	NA
TMEM33	1589.8017	-0.105	0.0985	0.2845	0.3653
TMEM37	87.6592	-2.2106	0.3883	0	0
TMEM38A	20.9436	0.5618	0.6342	0.299	0.3812
TMEM38B	738.5238	1.416	0.1322	0	0
TMEM39A	488.7588	-1.1504	0.1602	0	0
TMEM39B	222.4446	-1.8454	0.2455	0	0
TMEM40	1.1696	0.0074	1.1841	0.987	NA
TMEM41A	284.4359	-0.9195	0.209	0	0
TMEM41B	609.0651	0.187	0.1389	0.1752	0.24
TMEM42	81.2054	-0.1411	0.3542	0.6765	0.7446
TMEM43	2495.2543	0.3193	0.0778	0	1e-04
TMEM44	125.3435	-1.7516	0.3154	0	0
TMEM44-AS1	5.8575	0.0928	0.9227	0.881	0.9113
TMEM45A	39.3415	1.0445	0.4968	0.0208	0.0344
TMEM45B	97.8595	0.5226	0.3443	0.1128	0.1622
TMEM47	1716.1174	-0.5488	0.0928	0	0
TMEM5	324.9914	-0.021	0.1957	0.9135	0.9373
TMEM50A	720.7417	0.663	0.1295	0	0
TMEM50B	477.0842	0.3474	0.1606	0.029	0.0471
TMEM51	364.8947	-1.8766	0.1922	0	0
TMEM51-AS1	1.0629	-0.1263	1.2084	0.7587	NA
TMEM52	11.9354	0.2378	0.7512	0.6889	0.755
TMEM52B	0.8565	0.1823	1.2226	0.6364	NA
TMEM53	31.0405	-0.3438	0.5367	0.4743	0.5595
TMEM54	73.7429	1.8726	0.4006	0	0
TMEM55A	82.4541	-1.4608	0.3825	1e-04	1e-04
TMEM55B	232.833	-2.458	0.2483	0	0
TMEM56	228.0219	-1.3258	0.2297	0	0
TMEM56-RWDD3	10.4742	-1.2981	0.8814	0.0408	0.0647
TMEM57	153.6183	-2.0873	0.29	0	0
TMEM59	797.1578	1.2527	0.1255	0	0
TMEM59L	10.4385	0.1842	0.8025	0.7623	0.8177
TMEM60	131.2839	-2.1076	0.3203	0	0
TMEM62	228.3029	0.4185	0.2195	0.0523	0.0812
TMEM63A	351.4928	-1.4531	0.1983	0	0
TMEM63B	615.7442	0.0857	0.139	0.5347	0.6172
TMEM64	485.3498	-0.507	0.1783	0.004	0.0073
TMEM65	339.8513	0.3749	0.1829	0.038	0.0605
TMEM66	2195.3268	1.0063	0.0819	0	0
TMEM67	98.9985	0.1219	0.3291	0.7001	0.765
TMEM68	207.5392	-1.987	0.2516	0	0
TMEM69	509.105	-0.3306	0.1579	0.0346	0.0555
TMEM70	387.1493	-1.3831	0.1796	0	0
TMEM74	2.2454	-0.3867	1.1664	0.4291	0.5151
TMEM74B	3.1901	-0.7278	1.1278	0.1872	0.2542
TMEM75	3.2162	0.6271	1.0978	0.2698	0.3489
TMEM79	78.0547	-1.3334	0.3866	3e-04	5e-04
TMEM80	119.9457	0.9717	0.2971	7e-04	0.0014
TMEM81	19.4094	-0.5731	0.6635	0.3031	0.3853
TMEM86A	1.796	-0.3875	1.162	0.4333	0.519
TMEM86B	21.315	-0.3752	0.6313	0.4866	0.5713
TMEM87A	548.0519	-0.4237	0.1513	0.0048	0.0086
TMEM87B	243.1714	-0.6918	0.2342	0.0026	0.0048
TMEM88	1.0701	-0.1519	1.1944	0.7281	NA
TMEM88B	0.1767	-0.0337	1.2501	0.9141	NA
TMEM8A	2552.9948	0.9773	0.0774	0	0
TMEM8B	116.0226	0.8857	0.3017	0.0024	0.0045
TMEM9	1215.3445	-0.564	0.1035	0	0
TMEM91	11.9166	0.0306	0.7555	0.9591	0.9704
TMEM92	5.1256	-1.1799	1.1121	0.0477	0.0746
TMEM97	963.7267	-0.9138	0.1281	0	0
TMEM98	73.5195	0.8158	0.3894	0.0266	0.0434
TMEM99	286.7265	-0.2386	0.1974	0.2202	0.2927
TMEM9B	466.1075	0.5955	0.1579	1e-04	3e-04
TMEM9B-AS1	9.7106	0.4045	0.8192	0.5098	0.5932
TMF1	745.8602	-1.4031	0.1334	0	0
TMIE	53.8922	-0.6361	0.4411	0.1208	0.1726
TMIGD2	1.223	0.0928	1.1796	0.8397	NA
TMLHE	261.7227	0.4992	0.206	0.0138	0.0235
TMLHE-AS1	5.6731	-0.0597	0.9223	0.9234	0.9452
TMOD1	200.1637	0.027	0.2503	0.9121	0.9365
TMOD2	3.2467	-0.5361	1.0872	0.3479	0.4336
TMOD3	1236.0215	-0.2881	0.107	0.0069	0.0122
TMPO	4318.5359	-0.6179	0.0654	0	0
TMPO-AS1	302.3823	0.7705	0.194	1e-04	1e-04
TMPPE	130.8862	0.4475	0.2841	0.1047	0.1519
TMPRSS11E	0.3342	0.1445	1.2516	0.6443	NA
TMPRSS13	0.7042	0.0095	1.2302	0.9791	NA
TMPRSS2	5.6195	0.5795	0.9508	0.3521	0.4378
TMPRSS3	12.9203	0.8585	0.7686	0.1539	0.2142
TMPRSS4	10.7095	0.5752	0.8264	0.3505	0.4363
TMPRSS5	2.9657	-0.5129	1.0809	0.3717	0.4569
TMPRSS6	0.3341	0.1445	1.2516	0.6443	NA
TMPRSS9	7.3865	2.3946	1.2937	3e-04	6e-04
TMSB10	16910.8998	1.6567	0.0508	0	0
TMSB15A	380.5105	1.0859	0.1777	0	0
TMSB15B	106.0889	0.8375	0.3189	0.0064	0.0113
TMSB4X	54631.3073	1.5596	0.0494	0	0
TMTC1	6105.9528	0.3244	0.0633	0	0
TMTC2	185.9736	0.163	0.254	0.5114	0.5944
TMTC3	960.8445	0.032	0.115	0.78	0.8319
TMTC4	532.354	0.2845	0.1475	0.052	0.0807
TMUB1	1266.1344	0.687	0.1018	0	0
TMUB2	294.2094	-0.5663	0.2044	0.0049	0.0088
TMX1	3527.191	1.2723	0.0864	0	0
TMX2	1280.4339	0.0813	0.1039	0.432	0.5179
TMX2-CTNND1	2.5246	-0.7568	1.1932	0.122	0.1743
TMX3	1811.3423	1.1262	0.0963	0	0
TMX4	638.8335	0.9051	0.1429	0	0
TNC	10.5654	1.2157	0.8457	0.0524	0.0814
TNF	25.4042	1.632	0.6116	0.002	0.0038
TNFAIP1	905.8852	-0.9829	0.1297	0	0
TNFAIP2	1245.0404	-1.2499	0.1083	0	0
TNFAIP3	517.7511	2.0323	0.1611	0	0
TNFAIP8	92.2954	-1.4784	0.3562	0	0
TNFAIP8L1	371.1168	-1.2317	0.2047	0	0
TNFAIP8L3	0.1805	-0.0353	1.2501	0.91	NA
TNFRSF10A	89.8318	-0.8235	0.3533	0.0146	0.0247
TNFRSF10B	1314.9192	-0.1249	0.1044	0.23	0.304
TNFRSF10C	36.7524	-0.1109	0.4994	0.8072	0.8532
TNFRSF10D	877.7494	-0.7623	0.1367	0	0
TNFRSF11A	41.1692	-0.2572	0.4753	0.5557	0.6367
TNFRSF11B	3465.4959	0.9607	0.0722	0	0
TNFRSF12A	1130.4492	-2.6065	0.1373	0	0
TNFRSF13C	0.5376	-0.1394	1.2488	0.6637	NA
TNFRSF14	218.4022	-0.8028	0.2429	7e-04	0.0014
TNFRSF18	61.5917	0.9563	0.4029	0.0116	0.0199
TNFRSF19	12.7398	-0.26	0.7566	0.6626	0.732
TNFRSF1A	1243.1396	-2.1697	0.1129	0	0
TNFRSF1B	38.3834	-1.5118	0.5335	0.0016	0.003
TNFRSF21	6762.8595	0.7536	0.0618	0	0
TNFRSF25	13.6516	-1.0063	0.7772	0.0967	0.1415
TNFRSF4	1.7198	0.3464	1.1548	0.4894	0.574
TNFRSF6B	12.0653	-2.5781	1.271	1e-04	3e-04
TNFRSF8	1.6073	-0.0892	1.1544	0.8565	0.8941
TNFRSF9	1.2312	0.3523	1.2113	0.401	NA
TNFSF12	50.4747	1.0473	0.4445	0.0111	0.0191
TNFSF13	249.0864	1.4882	0.2162	0	0
TNFSF13B	0.3346	0.1446	1.2516	0.6441	NA
TNFSF15	0.7225	-0.0189	1.2291	0.9589	NA
TNFSF4	6.1974	0.1128	0.9371	0.8554	0.8935
TNFSF9	84.6925	-0.6782	0.3614	0.0488	0.0762
TNIK	5.4578	-0.1191	0.9768	0.8458	0.8858
TNIP1	1714.8485	0.1642	0.0937	0.0787	0.1177
TNIP2	589.7875	-0.8795	0.1459	0	0
TNK1	51.1189	-2.8675	0.5648	0	0
TNK2	611.4318	-0.3815	0.1519	0.0113	0.0195
TNKS	475.2209	-1.7504	0.1848	0	0
TNKS1BP1	1090.2006	-1.4027	0.1184	0	0
TNKS2	673.2365	-2.0664	0.1536	0	0
TNKS2-AS1	1.4916	0.1393	1.1602	0.7747	0.828
TNNC1	3721.3349	1.2462	0.0818	0	0
TNNC2	3.829	0.4593	1.0156	0.4478	0.5335
TNNI1	13.53	0.6796	0.7316	0.2475	0.3239
TNNI2	0.7322	-0.2408	1.2283	0.5232	NA
TNNI3	15.3545	0.6443	0.7172	0.268	0.3469
TNNT1	676.9495	1.3213	0.1408	0	0
TNNT2	414.5261	1.3765	0.2037	0	0
TNNT3	0.3338	0.1444	1.2516	0.6445	NA
TNPO1	3294.3794	-1.0522	0.0768	0	0
TNPO2	1021.7585	-2.0092	0.1294	0	0
TNPO3	1270.4252	-1.3581	0.1058	0	0
TNRC18	2554.013	-0.6708	0.0891	0	0
TNRC18P1	8.3718	2.4858	1.3155	2e-04	4e-04
TNRC6A	701.752	-1.3338	0.1403	0	0
TNRC6B	437.019	-2.8039	0.1923	0	0
TNRC6C	223.3235	-2.2587	0.2655	0	0
TNRC6C-AS1	75.7616	-0.9205	0.3993	0.0144	0.0244
TNS1	2.5177	-0.592	1.1407	0.2648	0.3435
TNS3	3932.0064	-1.7754	0.0761	0	0
TNXA	0.3338	0.1444	1.2516	0.6445	NA
TNXB	2.6338	0.8156	1.1827	0.1084	0.1567
TOB1	309.7983	-0.767	0.1984	1e-04	2e-04
TOB1-AS1	5.9399	0.3412	0.9136	0.5835	0.6618
TOB2	910.6688	-1.6291	0.1239	0	0
TOB2P1	3.0506	-0.4977	1.0924	0.3791	0.4638
TOE1	513.6542	0.659	0.1531	0	0
TOLLIP	620.2552	-0.3427	0.1437	0.0163	0.0274
TOLLIP-AS1	10.2522	0.1746	0.8347	0.7768	0.8294
TOM1	133.7296	-1.02	0.2933	3e-04	7e-04
TOM1L1	545.9387	-2e-04	0.1472	0.999	0.9995
TOM1L2	670.4266	-2.3324	0.1503	0	0
TOMM20	4217.6061	0.3018	0.0729	0	1e-04
TOMM22	4094.0502	1.5739	0.0751	0	0
TOMM34	1511.0753	1.0461	0.0973	0	0
TOMM40	6074.5794	0.3188	0.0663	0	0
TOMM40L	83.0971	-1.8312	0.3847	0	0
TOMM5	3446.1883	1.743	0.0736	0	0
TOMM6	1332.437	0.9219	0.103	0	0
TOMM7	998.1127	1.5659	0.1131	0	0
TOMM70A	572.1134	-2.5516	0.171	0	0
TONSL	1032.0485	-1.3542	0.1222	0	0
TOP1	3502.2303	-0.0775	0.0687	0.2588	0.3366
TOP1MT	543.0995	0.8732	0.1481	0	0
TOP1P1	0.8938	-0.0876	1.2053	0.8332	NA
TOP2A	6774.9248	-1.0148	0.0632	0	0
TOP2B	4327.4861	0.6423	0.0648	0	0
TOP3A	506.5003	-2.6757	0.1766	0	0
TOP3B	244.7364	-2.0207	0.2519	0	0
TOPBP1	1390.1526	-0.7571	0.1087	0	0
TOPORS	479.1292	0.3979	0.1551	0.0097	0.0168
TOPORS-AS1	45.6207	1.2555	0.468	0.0035	0.0065
TOR1A	1144.7698	0.1657	0.1075	0.1217	0.1739
TOR1AIP1	1220.998	0.4056	0.1106	2e-04	5e-04
TOR1AIP2	1426.4511	0.4665	0.1055	0	0
TOR1B	637.5906	0.338	0.1387	0.0141	0.024
TOR2A	233.6559	-0.0699	0.2188	0.7451	0.804
TOR3A	1365.7742	-0.0404	0.1063	0.703	0.7671
TOR4A	841.573	0.2592	0.1207	0.0309	0.0499
TOX	622.1176	-0.9351	0.1541	0	0
TOX2	23.2645	-1.0825	0.6514	0.0493	0.0769
TOX3	354.5787	-0.7234	0.186	1e-04	2e-04
TP53	3783.3203	0.5215	0.0709	0	0
TP53AIP1	0.6676	0.2404	1.2461	0.4741	NA
TP53BP1	943.1029	-0.6612	0.1174	0	0
TP53BP2	961.61	-0.3999	0.1143	4e-04	9e-04
TP53I11	449.173	0.5063	0.1628	0.0017	0.0032
TP53I13	935.7493	0.5089	0.1151	0	0
TP53I3	257.559	0.9132	0.2155	0	0
TP53INP1	145.7056	-0.7182	0.284	0.0092	0.016
TP53INP2	156.6734	0.6574	0.2647	0.0108	0.0187
TP53RK	252.0166	-1.2924	0.2177	0	0
TP53TG1	67.8601	1.0775	0.4039	0.0045	0.0082
TP53TG5	3.1853	-0.0578	1.075	0.9188	0.9414
TP63	0.4551	-0.1169	1.2485	0.7149	NA
TP73	112.7524	-2.3778	0.3544	0	0
TP73-AS1	865.9485	1.6128	0.1226	0	0
TPBG	805.1231	0.246	0.1229	0.0441	0.0695
TPBGL	10.6287	0.5881	0.7982	0.3347	0.4197
TPCN1	1527.1505	0.875	0.0944	0	0
TPCN2	149.6186	-0.6249	0.3361	0.0526	0.0816
TPD52	2017.2543	0.4664	0.0911	0	0
TPD52L1	3884.4842	0.5543	0.0727	0	0
TPD52L2	2374.6121	-0.5206	0.0834	0	0
TPGS1	427.9045	0.7882	0.1661	0	0
TPGS2	2490.288	1.208	0.0871	0	0
TPH1	0.5224	0.0611	1.2455	0.8515	NA
TPI1	24849.1424	1.3413	0.0471	0	0
TPI1P2	15.4426	0.2725	0.6932	0.633	0.7059
TPI1P3	1.5234	0.4683	1.182	0.3236	0.408
TPK1	179.0349	0.5808	0.2466	0.016	0.027
TPM1	28183.9038	1.0167	0.0602	0	0
TPM2	14023.4417	1.4305	0.0642	0	0
TPM3	9447.0667	0.8137	0.0568	0	0
TPM3P9	81.1379	-0.2865	0.3695	0.4149	0.5011
TPM4	25235.6311	1.0836	0.0564	0	0
TPMT	525.5003	0.7551	0.1518	0	0
TPP1	1916.204	1.4439	0.088	0	0
TPP2	1515.6912	0.1147	0.0942	0.222	0.2949
TPPP	46.6668	-0.6051	0.4712	0.1625	0.2245
TPPP3	5.3776	1.3139	1.0844	0.0333	0.0535
TPR	2597.1995	-0.4074	0.0782	0	0
TPRA1	390.4721	-2.5417	0.196	0	0
TPRG1L	311.0361	-1.2666	0.1991	0	0
TPRKB	213.3281	-0.4978	0.2313	0.0282	0.0458
TPRN	301.5292	-2.1481	0.2153	0	0
TPRXL	12.1626	-1.9594	1.1264	0.0025	0.0047
TPST1	147.7782	-1.5257	0.2879	0	0
TPST2	207.0795	0.6013	0.2314	0.0081	0.0141
TPT1	15095.7248	1.05	0.0478	0	0
TPT1-AS1	30.8602	-0.5987	0.5573	0.2258	0.2994
TPTE2	0.2246	-0.0575	1.2499	0.8545	NA
TPTE2P1	0.6835	0.247	1.2452	0.4657	NA
TPTE2P5	2.9954	-0.0861	1.0746	0.8795	0.9102
TPX2	4588.9985	-0.1512	0.0628	0.0159	0.0269
TRA2A	1018.4207	-0.5918	0.1185	0	0
TRA2B	3861.827	-0.1245	0.0667	0.0614	0.0939
TRABD	1242.3361	-0.4954	0.1051	0	0
TRABD2A	1.735	0.0872	1.1448	0.8628	0.8986
TRABD2B	1.2033	-0.4564	1.2057	0.2979	NA
TRADD	132.6522	0.2191	0.2839	0.4268	0.5128
TRAF1	5.6261	-0.3446	0.9353	0.5789	0.6577
TRAF2	466.3244	-2.9191	0.1879	0	0
TRAF3	1104.9387	-0.9369	0.1145	0	0
TRAF3IP1	429.2048	-0.9089	0.1668	0	0
TRAF3IP2	76.3966	-1.1883	0.3839	0.0011	0.0021
TRAF3IP2-AS1	48.8323	-0.6152	0.487	0.1669	0.2299
TRAF3IP3	1.1994	0.2289	1.1836	0.6165	NA
TRAF4	976.8986	-1.6103	0.1219	0	0
TRAF5	265.9068	-2.3724	0.2343	0	0
TRAF6	139.6456	-2.1668	0.3137	0	0
TRAF7	3332.1433	0.9519	0.0708	0	0
TRAFD1	453.3076	-0.7616	0.1685	0	0
TRAIP	109.5539	-2.7785	0.3762	0	0
TRAK1	617.9392	-0.3647	0.145	0.0113	0.0194
TRAK2	493.4946	-1.1586	0.1636	0	0
TRAM1	3136.7444	0.8946	0.0728	0	0
TRAM1L1	4.087	-0.3699	1.0126	0.5403	0.6221
TRAM2	1103.0138	-2.3204	0.119	0	0
TRAM2-AS1	56.414	0.5048	0.4166	0.196	0.2648
TRANK1	1.1012	-0.3984	1.2089	0.3517	NA
TRAP1	7431.1577	1.1234	0.0589	0	0
TRAPPC1	1923.9176	1.3396	0.0866	0	0
TRAPPC10	488.4037	-0.7061	0.1727	0	1e-04
TRAPPC11	360.0413	-1.2132	0.1897	0	0
TRAPPC12	538.8072	-0.1597	0.1708	0.3448	0.4303
TRAPPC13	218.5884	-1.0101	0.2441	0	1e-04
TRAPPC2	185.8588	-1.9998	0.2766	0	0
TRAPPC2L	918.5256	1.3366	0.1203	0	0
TRAPPC2P1	63.4138	0.3585	0.4092	0.3512	0.4369
TRAPPC3	818.7122	0.393	0.1255	0.0016	0.0031
TRAPPC4	476.231	-1.0034	0.1613	0	0
TRAPPC5	1226.0619	1.2496	0.116	0	0
TRAPPC6A	28.5977	1.0184	0.5655	0.0414	0.0656
TRAPPC6B	195.4225	-2.2227	0.2989	0	0
TRAPPC8	870.664	-0.8729	0.131	0	0
TRAPPC9	508.5773	1.433	0.1613	0	0
TRDMT1	97.4075	-0.4102	0.3394	0.2073	0.278
TREH	0.3533	0.1492	1.2516	0.6338	NA
TREM2	0.3418	0.1456	1.2516	0.6419	NA
TREML2	0.1898	-0.0376	1.2501	0.9043	NA
TRERF1	160.2927	-1.6782	0.2804	0	0
TREX1	68.8189	-0.3115	0.3822	0.3897	0.4751
TREX2	0.9213	-0.3237	1.2174	0.4251	NA
TRHDE	0.6676	0.2404	1.2461	0.4741	NA
TRHDE-AS1	0.1804	-0.0353	1.2501	0.9101	NA
TRIAP1	911.1315	1.0141	0.1285	0	0
TRIB1	485.8784	1.439	0.1608	0	0
TRIB2	1381.2485	1.0759	0.1008	0	0
TRIB3	260.7931	-0.9192	0.2183	0	0
TRIL	20.7218	1.0612	0.6609	0.0562	0.0866
TRIM11	404.5015	-0.8014	0.1745	0	0
TRIM13	284.3214	-1.0688	0.2159	0	0
TRIM14	444.34	-0.0159	0.1948	0.934	0.9533
TRIM16	215.2219	-1.0242	0.2394	0	0
TRIM16L	133.4422	-1.2673	0.2952	0	0
TRIM17	16.4257	-0.4605	0.6865	0.4173	0.5038
TRIM2	1276.3261	-1.5395	0.1135	0	0
TRIM21	49.5419	-2.1149	0.5242	0	0
TRIM22	52.5745	0.1354	0.4316	0.7367	0.7967
TRIM23	134.9301	-2.7352	0.3343	0	0
TRIM24	320.9666	-2.6708	0.2221	0	0
TRIM25	1177.4535	-0.72	0.1074	0	0
TRIM26	524.9335	-2.0464	0.1656	0	0
TRIM27	731.1187	-2.4569	0.1635	0	0
TRIM28	16825.2726	0.7568	0.0473	0	0
TRIM29	0.5839	-0.1813	1.2392	0.6025	NA
TRIM3	112.9181	-2.9671	0.3928	0	0
TRIM31	0.5473	-0.1612	1.2416	0.636	NA
TRIM32	643.9639	0.8786	0.1361	0	0
TRIM33	817.6436	-0.8237	0.1319	0	0
TRIM34	0.6247	0.2266	1.2498	0.4853	NA
TRIM35	145.487	-2.3314	0.3168	0	0
TRIM36	12.3398	-0.897	0.8647	0.1519	0.2117
TRIM37	860.2996	-1.2206	0.1258	0	0
TRIM38	107.7005	-1.4832	0.33	0	0
TRIM39	162.0512	-0.7879	0.2655	0.0023	0.0043
TRIM39-RPP21	14.041	-0.2734	1.1151	0.6122	0.6869
TRIM4	253.5128	-0.8239	0.2232	2e-04	4e-04
TRIM41	495.387	-0.9856	0.1592	0	0
TRIM43	0.6762	0.2435	1.2456	0.4703	NA
TRIM43B	1.0327	0.3965	1.23	0.3078	NA
TRIM44	1064.8657	-1.0153	0.1123	0	0
TRIM45	122.0313	-2.9115	0.3695	0	0
TRIM46	14.3177	-1.539	0.8316	0.0142	0.0241
TRIM47	150.9883	0.0476	0.2771	0.8599	0.8964
TRIM49B	0.6835	0.2469	1.2453	0.4657	NA
TRIM5	255.0319	-0.603	0.2162	0.0046	0.0083
TRIM52	74.2024	0.3203	0.3828	0.3771	0.4618
TRIM52-AS1	191.4952	0.6954	0.2377	0.0028	0.0052
TRIM54	0.7271	-0.014	1.2287	0.9695	NA
TRIM55	1.574	-0.0258	1.1748	0.9558	0.9686
TRIM56	270.9442	0.0621	0.2097	0.7635	0.8186
TRIM59	111.0632	-1.3131	0.3287	0	1e-04
TRIM62	54.2071	-2.614	0.527	0	0
TRIM65	239.4799	-2.4508	0.2519	0	0
TRIM66	40.0108	-2.0927	0.6167	1e-04	2e-04
TRIM67	0.2786	0.1296	1.2512	0.6791	NA
TRIM68	62.2525	-3.7108	0.6124	0	0
TRIM69	24.0081	-0.1106	0.5976	0.8316	0.8741
TRIM7	12.2684	0.6992	0.7733	0.2461	0.3223
TRIM71	555.1029	2.1515	0.1532	0	0
TRIM74	0.9419	0.0288	1.2136	0.9424	NA
TRIM8	1712.5676	-0.1994	0.1133	0.0771	0.1154
TRIM9	3.4922	-1.2041	1.169	0.0326	0.0525
TRIML2	8.0874	-0.4932	0.8727	0.4281	0.5141
TRIO	1457.4033	-0.3392	0.096	4e-04	8e-04
TRIOBP	1831.8473	0.2349	0.0902	0.009	0.0157
TRIP10	309.2596	-2.0201	0.2104	0	0
TRIP11	567.8036	-0.2389	0.1471	0.1017	0.148
TRIP12	2516.5219	-0.8233	0.0781	0	0
TRIP13	2238.6168	0.4509	0.0821	0	0
TRIP4	167.946	-1.4041	0.2654	0	0
TRIP6	810.8671	-0.6058	0.1288	0	0
TRIQK	40.3803	-1.4932	0.5222	0.0015	0.0028
TRIT1	222.2357	-0.2012	0.2289	0.3704	0.4558
TRMT1	796.2465	0.1565	0.1349	0.243	0.3187
TRMT10A	162.2679	0.0101	0.2728	0.9697	0.9774
TRMT10B	71.2135	-1.3109	0.3999	5e-04	0.001
TRMT10C	1766.0038	2.7461	0.1068	0	0
TRMT11	272.3769	-0.0821	0.2027	0.6812	0.7484
TRMT112	5115.9886	1.4732	0.0613	0	0
TRMT12	414.0087	1.804	0.1741	0	0
TRMT13	218.9493	-0.4795	0.2398	0.0412	0.0652
TRMT1L	342.9308	-2.8236	0.2264	0	0
TRMT2A	484.5	-1.4846	0.1633	0	0
TRMT2B	196.811	0.1326	0.2373	0.5684	0.6482
TRMT44	134.6896	-1.054	0.2938	2e-04	4e-04
TRMT5	388.3979	-0.4304	0.1807	0.0159	0.0269
TRMT6	566.1275	-0.1916	0.1448	0.1826	0.2488
TRMT61A	624.6337	-0.7965	0.1397	0	0
TRMT61B	191.7902	0.2494	0.2518	0.3108	0.3942
TRMU	358.4076	-0.5251	0.1806	0.0033	0.006
TRNAU1AP	447.4429	0.5905	0.1643	3e-04	6e-04
TRNE	0.3338	0.1444	1.2516	0.6445	NA
TRNP1	2001.5108	1.3067	0.0866	0	0
TRNT1	222.3052	-2.7701	0.2709	0	0
TRNY	0.6579	0.235	1.2465	0.4819	NA
TRO	0.1898	-0.0377	1.2501	0.9042	NA
TROAP	587.6463	-0.2072	0.1477	0.1573	0.2183
TROVE2	182.407	-1.2673	0.2577	0	0
TRPC1	40.0184	-0.2135	0.4918	0.6342	0.7069
TRPC4AP	1689.9863	0.052	0.0901	0.5627	0.6433
TRPC6	1076.8596	-2.4297	0.1386	0	0
TRPM1	0.0854	0.0202	1.2494	0.9488	NA
TRPM2	129.4059	-1.6057	0.3048	0	0
TRPM2-AS	1.4064	-0.0267	1.1633	0.9558	0.9686
TRPM4	284.6073	0.3188	0.1997	0.1053	0.1526
TRPM6	0.2201	-0.0535	1.2499	0.8647	NA
TRPM7	561.7195	-1.0621	0.1659	0	0
TRPM8	0.3703	-0.1026	1.2488	0.7475	NA
TRPS1	74.5263	-0.2016	0.368	0.5648	0.6448
TRPT1	237.3314	-0.348	0.2206	0.1083	0.1566
TRPV1	40.9976	-2.4034	0.6116	0	0
TRPV2	38.9255	1.0839	0.4965	0.0164	0.0276
TRPV3	0.5601	-0.1665	1.2407	0.6275	NA
TRPV4	15.9052	-1.2148	0.7635	0.0437	0.0689
TRRAP	3003.046	-0.3259	0.0752	0	0
TRUB1	605.4372	-0.4817	0.1519	0.0014	0.0027
TRUB2	803.1411	0.6714	0.124	0	0
TSACC	3.4566	-0.8073	1.1284	0.1473	0.206
TSC1	304.4533	-0.9974	0.2047	0	0
TSC2	1767.0889	0.8565	0.0966	0	0
TSC22D1	1581.016	1.0555	0.1004	0	0
TSC22D1-AS1	2.6612	-0.2032	1.0714	0.7222	0.7844
TSC22D2	587.8808	0.4044	0.1468	0.0055	0.0099
TSC22D3	120.1688	-1.172	0.311	1e-04	2e-04
TSC22D4	312.8649	-1.8396	0.2077	0	0
TSEN15	675.8378	0.2976	0.1405	0.0329	0.0529
TSEN2	161.3777	-3.074	0.3187	0	0
TSEN34	2713.5084	0.9744	0.0749	0	0
TSEN54	805.2584	-1.1485	0.1303	0	0
TSFM	801.1486	0.649	0.1291	0	0
TSG101	569.2538	-0.4896	0.1497	0.001	0.0019
TSGA10	12.5735	-0.9131	0.7825	0.1325	0.1875
TSHR	0.589	0.2105	1.2517	0.5082	NA
TSHZ1	215.0913	-1.6026	0.2398	0	0
TSHZ3	0.5696	-0.1449	1.2489	0.6513	NA
TSKU	278.6524	-2.2868	0.2239	0	0
TSN	3150.0577	0.6423	0.0757	0	0
TSNARE1	47.6974	-0.4731	0.5119	0.3071	0.3898
TSNAX	655.0005	-0.2729	0.1416	0.0522	0.0811
TSNAX-DISC1	7.2438	-0.0389	0.9404	0.9499	0.9648
TSNAXIP1	3.1146	0.257	1.0394	0.6635	0.7327
TSPAN1	465.9127	1.6895	0.1671	0	0
TSPAN10	2.7754	0.1669	1.0899	0.7648	0.8197
TSPAN11	4.7239	0.3522	0.9656	0.568	0.6478
TSPAN12	227.6716	0.2207	0.2247	0.317	0.4009
TSPAN13	1370.9038	0.9467	0.099	0	0
TSPAN14	945.2968	-2.1329	0.1325	0	0
TSPAN15	129.6494	-0.2516	0.2904	0.3717	0.4569
TSPAN16	0.1804	-0.0353	1.2501	0.9101	NA
TSPAN17	1005.2558	0.4843	0.1109	0	0
TSPAN18	0.5602	-0.1666	1.2407	0.6275	NA
TSPAN2	13.0071	0.6626	0.7385	0.2617	0.34
TSPAN3	6866.5973	1.3677	0.057	0	0
TSPAN31	81.2301	0.3389	0.3718	0.3376	0.4229
TSPAN33	266.2796	-0.0957	0.2036	0.6333	0.706
TSPAN4	3382.9507	1.4196	0.0717	0	0
TSPAN5	1.0638	-0.1289	1.2085	0.7539	NA
TSPAN6	1443.2052	1.1704	0.0989	0	0
TSPAN7	1.588	-0.0863	1.1518	0.862	0.8983
TSPAN8	1.4065	-0.0262	1.1633	0.9566	0.9692
TSPAN9	574.3114	0.7344	0.1482	0	0
TSPEAR-AS1	4.0533	1.5924	1.2062	0.0067	0.0119
TSPO	1929.3631	1.5128	0.0906	0	0
TSPY26P	49.1447	0.138	0.4445	0.7381	0.7978
TSPYL1	2049.9485	1.412	0.0844	0	0
TSPYL2	259.2658	0.8775	0.2111	0	1e-04
TSPYL4	1671.1597	2.5182	0.0946	0	0
TSR1	2528.2736	0.1333	0.0849	0.1154	0.1658
TSR2	501.0864	-0.494	0.156	0.0014	0.0027
TSR3	2058.9552	1.0991	0.0905	0	0
TSSC1	553.4098	0.6468	0.1524	0	0
TSSC4	1612.4282	1.3577	0.0945	0	0
TSSK2	26.0365	1.2969	0.6138	0.0143	0.0243
TSSK3	2.6013	-0.9466	1.1734	0.0751	0.1128
TSSK4	5.8273	-0.2468	0.945	0.6901	0.7562
TSSK6	33.3949	0.9096	0.5428	0.0604	0.0925
TST	220.7828	0.6605	0.2655	0.0107	0.0185
TSTA3	1918.4456	1.2052	0.0877	0	0
TSTD1	51.3174	1.638	0.4656	1e-04	3e-04
TSTD2	184.8114	-1.3239	0.2647	0	0
TSTD3	19.6398	0.0289	0.6386	0.9575	0.9698
TTBK1	2.6873	-0.586	1.1331	0.2757	0.3556
TTBK2	109.1589	-0.5467	0.3116	0.069	0.1045
TTC1	432.4426	-1.3044	0.1786	0	0
TTC12	110.3296	0.5261	0.3215	0.0891	0.1315
TTC13	447.119	0.4803	0.1611	0.0026	0.0049
TTC14	129.9004	-1.4795	0.311	0	0
TTC16	0.3123	0.1382	1.2514	0.659	NA
TTC17	759.9238	-0.421	0.1303	0.0012	0.0022
TTC18	2.0173	0.1026	1.1109	0.8492	0.8887
TTC19	860.6236	-0.1796	0.1261	0.152	0.2119
TTC21A	6.129	0.3829	0.9138	0.5386	0.6206
TTC21B	368.6062	-0.024	0.1874	0.8969	0.9243
TTC22	0.5594	-0.1661	1.2408	0.6283	NA
TTC23	103.6205	-2.7526	0.38	0	0
TTC25	5.0682	-0.6015	0.9805	0.3306	0.4153
TTC26	210.097	0.0994	0.2295	0.659	0.729
TTC27	644.3529	0.2236	0.1381	0.1031	0.1498
TTC28	808.2935	-0.5748	0.1244	0	0
TTC28-AS1	113.4872	0.3729	0.3079	0.2098	0.2806
TTC3	3965.3498	1.0044	0.066	0	0
TTC3-AS1	0.3324	0.1441	1.2516	0.6452	NA
TTC30A	38.0577	0.9225	0.5019	0.0429	0.0678
TTC30B	72.6374	0.3138	0.3929	0.3978	0.4833
TTC31	204.5583	-1.7678	0.2615	0	0
TTC32	21.2386	-0.5211	0.6278	0.3322	0.4171
TTC33	286.4471	-1.3207	0.209	0	0
TTC34	2.6148	0.2313	1.0797	0.683	0.7498
TTC36	4.5301	0.0357	0.9863	0.9533	0.9671
TTC37	1381.0564	1.0286	0.0992	0	0
TTC38	1199.8016	0.926	0.1044	0	0
TTC39A	4.6686	0.349	0.9768	0.57	0.6495
TTC39B	44.0358	-0.7462	0.4741	0.0865	0.128
TTC39C	345.9321	0.6636	0.1929	5e-04	0.001
TTC3P1	17.193	0.2841	0.6646	0.6099	0.6853
TTC4	328.6042	-2.5559	0.2157	0	0
TTC40	9.7504	0.5491	0.8124	0.3703	0.4557
TTC5	245.0887	-0.2318	0.2136	0.2698	0.3489
TTC6	6.8429	-0.5872	0.9222	0.3474	0.4332
TTC7A	608.0693	-0.0089	0.1513	0.9527	0.9668
TTC7B	803.9557	0.901	0.1264	0	0
TTC8	205.3516	-1.424	0.2433	0	0
TTC9	514.7806	0.3524	0.154	0.021	0.0348
TTC9B	2.0623	0.4668	1.1427	0.3702	0.4557
TTC9C	158.1301	-2.1301	0.2898	0	0
TTF1	174.9065	-1.5951	0.2674	0	0
TTF2	1126.9465	-0.6773	0.1074	0	0
TTI1	775.2056	0.0115	0.1312	0.9296	0.9498
TTI2	254.8227	-0.2791	0.2086	0.1742	0.2389
TTK	483.4151	-2.6699	0.179	0	0
TTL	819.971	-0.503	0.1279	1e-04	2e-04
TTLL1	35.2976	0.26	0.5046	0.5703	0.6498
TTLL11	53.7373	-0.8632	0.4365	0.0335	0.0539
TTLL12	4002.3391	0.182	0.0748	0.0148	0.025
TTLL13	0.552	-0.1636	1.2413	0.632	NA
TTLL2	0.1898	-0.0377	1.2501	0.9042	NA
TTLL3	16.0441	-1.3266	0.7746	0.0289	0.0469
TTLL4	516.8691	-1.3298	0.1576	0	0
TTLL5	484.6425	0.6372	0.157	0	1e-04
TTLL6	0.5045	0.0495	1.2467	0.8781	NA
TTLL7	5.6426	-0.2484	0.9325	0.6888	0.755
TTLL9	6.4852	0.42	0.919	0.5002	0.584
TTN	134.8669	0.0136	0.2885	0.9613	0.9718
TTN-AS1	40.1016	-1.1807	0.5163	0.0113	0.0194
TTPAL	328.4447	-2.5855	0.2131	0	0
TTYH1	0.3515	-0.0954	1.2488	0.7644	NA
TTYH2	18.0372	-1.6862	0.7522	0.005	0.0091
TTYH3	7301.0078	1.1776	0.0566	0	0
TUB	249.3561	-0.6292	0.2153	0.003	0.0055
TUBA1A	499.9785	1.0732	0.161	0	0
TUBA1B	68082.2522	1.3091	0.0419	0	0
TUBA1C	18340.6929	1.1181	0.0492	0	0
TUBA3D	3.0875	0.8211	1.0994	0.1557	0.2165
TUBA3FP	4.39	-1.0063	1.1195	0.0819	0.1219
TUBA4A	432.2926	0.8645	0.1772	0	0
TUBA8	32.746	-0.4615	0.5577	0.3508	0.4365
TUBB	68299.848	1.5008	0.0431	0	0
TUBB1	25.7852	0.3454	0.5726	0.4934	0.5777
TUBB2A	619.476	0.9628	0.1416	0	0
TUBB2B	71.0044	1.3769	0.3924	2e-04	4e-04
TUBB3	1212.708	1.3704	0.1086	0	0
TUBB4A	118.0911	0.8491	0.2985	0.0033	0.0061
TUBB4B	19591.6741	0.7228	0.0462	0	0
TUBB6	3117.5057	1.0104	0.0785	0	0
TUBB8	0.5508	-0.1629	1.2414	0.6332	NA
TUBBP5	48.8183	-3.3138	0.6362	0	0
TUBD1	168.7063	-2.2507	0.2845	0	0
TUBE1	117.2848	-1.0543	0.3123	5e-04	9e-04
TUBG1	3075.7657	0.7311	0.0748	0	0
TUBG2	109.0758	0.1179	0.3146	0.6975	0.7629
TUBGCP2	2535.0635	0.9853	0.0791	0	0
TUBGCP3	839.9298	-0.6573	0.1256	0	0
TUBGCP4	704.7586	0.0206	0.1299	0.8735	0.9059
TUBGCP5	199.4807	-1.244	0.245	0	0
TUBGCP6	603.0725	-1.0207	0.1438	0	0
TUFM	8188.2233	1.2924	0.0583	0	0
TUFT1	132.1535	-0.6597	0.2876	0.018	0.0301
TUG1	4094.0873	2.1102	0.0679	0	0
TULP1	4.1071	0.8052	1.0238	0.189	0.2565
TULP3	356.0615	-2.0265	0.1999	0	0
TULP4	526.5754	-0.9297	0.1593	0	0
TUSC1	44.4724	-0.2752	0.5066	0.5493	0.6308
TUSC2	1011.716	0.8604	0.1112	0	0
TUSC3	2063.9324	1.5523	0.0845	0	0
TUT1	275.8166	-1.7295	0.2172	0	0
TVP23A	12.794	1.8114	0.8752	0.0048	0.0087
TVP23B	453.0648	-0.6475	0.1706	1e-04	3e-04
TVP23C	53.7584	0.1088	0.4224	0.7832	0.8345
TVP23C-CDRT4	67.1943	-0.7014	1.1435	0.1909	0.2588
TWF1	2001.4915	0.0951	0.0837	0.2545	0.3319
TWF2	2734.063	0.9284	0.0747	0	0
TWIST1	1543.8164	1.1358	0.0934	0	0
TWISTNB	834.8666	0.3788	0.1291	0.0032	0.0058
TWSG1	7446.1728	1.2272	0.0626	0	0
TXK	39.2398	0.0803	0.4928	0.8582	0.8952
TXLNA	1062.0734	-3.5981	0.1407	0	0
TXLNG	756.1052	-2.2621	0.1486	0	0
TXN	2650.8923	1.3766	0.0825	0	0
TXN2	1636.6538	0.963	0.0926	0	0
TXNDC11	1118.3896	0.2908	0.106	0.0059	0.0105
TXNDC12	4282.1274	1.3244	0.0655	0	0
TXNDC15	1176.9701	1.2157	0.105	0	0
TXNDC16	562.3853	0.9759	0.1444	0	0
TXNDC17	1312.8892	1.3205	0.1032	0	0
TXNDC2	0.3604	-0.1001	1.2488	0.7532	NA
TXNDC5	11589.7501	1.3637	0.0578	0	0
TXNDC9	234.1693	-0.5713	0.2185	0.0078	0.0137
TXNIP	757.7066	0.3732	0.136	0.0057	0.0103
TXNL1	863.0538	-1.6226	0.1288	0	0
TXNL4A	2927.6665	1.1482	0.0738	0	0
TXNL4B	117.0743	-0.8916	0.3545	0.0084	0.0147
TXNRD1	7163.7744	0.146	0.0757	0.0533	0.0825
TXNRD2	948.2759	1.1491	0.1178	0	0
TXNRD3	184.8371	0.2324	0.2422	0.3271	0.4114
TYK2	2081.1623	0.7589	0.0841	0	0
TYMP	71.3255	0.8256	0.3785	0.0214	0.0354
TYMS	6354.1233	0.8691	0.0598	0	0
TYRO3	594.7158	0.9222	0.1417	0	0
TYRO3P	2.7023	1.1625	1.1957	0.031	0.05
TYSND1	326.8147	-0.6602	0.203	0.001	0.0019
TYW1	359.2028	-0.3044	0.1788	0.085	0.1261
TYW1B	20.2943	-0.2179	0.6513	0.692	0.7579
TYW3	523.5939	-0.8535	0.1596	0	0
TYW5	83.0524	-1.5056	0.3882	0	1e-04
U2AF1	2402.5993	0.2112	0.0915	0.0205	0.034
U2AF1L4	62.2147	-0.1003	0.4013	0.7909	0.8404
U2AF2	10629.7851	1.1427	0.0539	0	0
U2SURP	1806.4431	-0.6499	0.0899	0	0
UACA	1075.6039	-0.7831	0.1118	0	0
UAP1	376.7906	-0.2438	0.1791	0.1686	0.232
UAP1L1	247.7622	-1.1772	0.2383	0	0
UBA1	17502.7126	1.1824	0.0472	0	0
UBA2	3011.4068	-0.2839	0.0836	7e-04	0.0013
UBA3	640.6146	-0.0522	0.1412	0.7094	0.7732
UBA5	697.2974	0.0141	0.1358	0.9167	0.9397
UBA52	10986.032	1.4148	0.0517	0	0
UBA6	866.8551	-0.7395	0.1205	0	0
UBA6-AS1	36.115	-2.1999	0.5982	0	1e-04
UBA7	15.1212	0.1397	0.6947	0.8067	0.8529
UBAC1	857.2812	0.1837	0.1335	0.1661	0.2289
UBAC2	1112.674	0.1185	0.1088	0.2738	0.3534
UBAC2-AS1	46.3156	1.1978	0.4667	0.0053	0.0095
UBALD1	420.7071	0.0241	0.1644	0.8821	0.9122
UBALD2	566.7705	-0.9556	0.1491	0	0
UBAP1	503.42	-0.8044	0.1601	0	0
UBAP1L	8.1826	-0.2704	0.8474	0.6617	0.7313
UBAP2	482.4978	-1.4289	0.1659	0	0
UBAP2L	3416.353	-0.3928	0.0694	0	0
UBASH3B	15.3442	-0.557	0.7089	0.3352	0.4202
UBB	11589.2284	0.8074	0.0643	0	0
UBC	3199.3071	-0.2861	0.0734	1e-04	2e-04
UBD	2.2321	0.3937	1.107	0.4744	0.5595
UBE2A	1184.3849	0.8697	0.1091	0	0
UBE2B	291.9578	-2.078	0.2253	0	0
UBE2C	2227.3024	0.4814	0.0833	0	0
UBE2D1	302.2924	-0.7432	0.2043	2e-04	5e-04
UBE2D2	2214.5295	-0.8967	0.0902	0	0
UBE2D3	4058.3523	-0.0938	0.0669	0.16	0.2216
UBE2D4	317.5192	0.9427	0.2077	0	0
UBE2E1	1557.7083	0.2581	0.0969	0.0076	0.0133
UBE2E2	428.3324	1.0136	0.1657	0	0
UBE2E2-AS1	0.3418	0.1456	1.2516	0.6419	NA
UBE2E3	1383.8402	0.6372	0.0986	0	0
UBE2F	494.5125	0.2521	0.158	0.1074	0.1554
UBE2F-SCLY	0.7589	-0.2108	1.2386	0.5488	NA
UBE2G1	1118.214	-1.566	0.1135	0	0
UBE2G2	1034.117	-1.7747	0.1192	0	0
UBE2H	1725.1702	-0.6945	0.0909	0	0
UBE2I	2583.0382	0.4405	0.0773	0	0
UBE2J1	1172.9557	0.143	0.1053	0.1729	0.2373
UBE2J2	718.8422	-1.8465	0.1398	0	0
UBE2K	1617.5723	-1.142	0.0937	0	0
UBE2L3	2523.0531	0.2069	0.0817	0.0112	0.0192
UBE2L6	20.9603	0.631	0.629	0.241	0.3164
UBE2M	2517.5853	-0.0057	0.0789	0.9423	0.9595
UBE2MP1	6.7781	-0.2656	0.9178	0.6692	0.7378
UBE2N	1680.8602	0.058	0.0904	0.5201	0.6028
UBE2O	683.0093	-1.5616	0.1447	0	0
UBE2Q1	825.1732	-1.0533	0.1263	0	0
UBE2Q2	268.7768	-1.062	0.2128	0	0
UBE2Q2L	0.1764	-0.0336	1.2501	0.9145	NA
UBE2Q2P1	2.2808	-0.0839	1.1114	0.8763	0.908
UBE2Q2P2	21.27	1.2911	0.6764	0.0221	0.0365
UBE2Q2P3	7.7061	0.4863	0.8765	0.4348	0.5204
UBE2R2	2956.6921	1.1135	0.0771	0	0
UBE2S	4898.4825	0.2016	0.0624	0.0012	0.0023
UBE2T	558.861	-1.3033	0.1549	0	0
UBE2V1	2739.5704	0.5051	0.0787	0	0
UBE2V2	1043.9152	0.0879	0.1167	0.4489	0.5345
UBE2W	141.4517	-0.5579	0.3512	0.0964	0.1411
UBE2Z	1293.8316	-1.5448	0.1068	0	0
UBE3A	1193.9094	-0.97	0.1082	0	0
UBE3B	767.8328	0.2401	0.1284	0.06	0.0919
UBE3C	2781.4333	-0.3285	0.0802	0	1e-04
UBE3D	62.7534	-1.6094	0.4381	1e-04	2e-04
UBE4A	870.612	0.1036	0.1182	0.3783	0.4629
UBE4B	2061.9886	0.0945	0.0857	0.2693	0.3484
UBFD1	3002.2687	0.9222	0.0734	0	0
UBIAD1	491.4318	-0.7768	0.1672	0	0
UBL3	506.0051	-0.3834	0.1536	0.0118	0.0203
UBL4A	659.2898	-0.6961	0.14	0	0
UBL5	2137.6408	1.6043	0.0841	0	0
UBL7	752.3607	0.9561	0.1308	0	0
UBL7-AS1	51.4047	0.5804	0.4341	0.1513	0.211
UBLCP1	333.4556	-0.9448	0.1978	0	0
UBN1	1140.1051	-1.3761	0.1236	0	0
UBN2	180.6526	-0.3154	0.2541	0.2038	0.2736
UBOX5	151.0291	-0.783	0.2717	0.0031	0.0057
UBOX5-AS1	1.6651	0.6433	1.2142	0.1504	0.2099
UBP1	2139.444	-0.4388	0.0877	0	0
UBQLN1	3331.2577	-0.1343	0.0773	0.0818	0.1218
UBQLN2	1546.8595	1.1816	0.0997	0	0
UBQLN4	1986.3798	0.1602	0.0842	0.0564	0.0868
UBR1	457.1328	-1.0935	0.163	0	0
UBR2	448.0127	-1.4297	0.1772	0	0
UBR3	814.1194	-0.5282	0.1242	0	0
UBR4	2491.3014	-0.3984	0.0872	0	0
UBR5	1250.9878	-1.6839	0.1231	0	0
UBR7	898.5651	-1.4441	0.1283	0	0
UBTD1	498.1016	0.0134	0.1528	0.9295	0.9498
UBTD2	707.5649	-0.1723	0.1305	0.1841	0.2507
UBTF	3104.199	-0.5623	0.0728	0	0
UBXN1	1011.3522	0.2479	0.1151	0.0304	0.0493
UBXN10	0.18	-0.0352	1.2501	0.9105	NA
UBXN11	229.667	-0.0033	0.2189	0.9878	0.9911
UBXN2A	266.2012	-0.8692	0.2088	0	1e-04
UBXN2B	565.1576	0.0337	0.1458	0.8157	0.8604
UBXN4	2023.5878	-0.1373	0.0842	0.1021	0.1486
UBXN6	1686.2653	0.795	0.0916	0	0
UBXN7	524.7037	0.9283	0.1515	0	0
UBXN7-AS1	13.7462	2.4842	1.213	2e-04	5e-04
UBXN8	187.7928	0.4983	0.2392	0.0334	0.0538
UCA1	137.5394	0.7554	0.3017	0.0096	0.0167
UCHL1	95.5847	1.081	0.3332	7e-04	0.0014
UCHL3	484.0391	0.6505	0.1545	0	0
UCHL5	878.2549	-0.3673	0.1268	0.0036	0.0066
UCK1	507.8999	-1.6535	0.1684	0	0
UCK2	1149.6534	-1.2301	0.1107	0	0
UCKL1	692.7457	0.5794	0.1319	0	0
UCKL1-AS1	40.8856	0.4606	0.4805	0.2955	0.3776
UCN	2.0776	0.2088	1.1036	0.703	0.7671
UCN2	2.6904	-0.408	1.1025	0.462	0.5472
UCP1	0.9045	-0.0871	1.2045	0.8347	NA
UCP2	1419.676	-0.0431	0.1015	0.6704	0.739
UCP3	7.0052	-0.0787	0.9162	0.8991	0.9262
UEVLD	201.4715	-0.5293	0.2481	0.0291	0.0472
UFC1	1090.5679	1.0618	0.1101	0	0
UFD1L	1783.743	0.851	0.0909	0	0
UFL1	239.3059	-2.3038	0.2442	0	0
UFM1	544.6823	-0.5734	0.149	1e-04	2e-04
UFSP1	109.2214	1.5652	0.325	0	0
UFSP2	328.4702	0.0176	0.1984	0.9281	0.9488
UGCG	1380.249	-1.266	0.1063	0	0
UGDH	1618.2425	-0.0322	0.1006	0.7483	0.8065
UGDH-AS1	11.4069	-0.5079	0.8061	0.4059	0.4918
UGGT1	3397.4951	0.9237	0.0706	0	0
UGGT2	643.7477	1.2602	0.1375	0	0
UGP2	1734.9701	0.3308	0.092	3e-04	6e-04
UGT2A3	0.2188	-0.0528	1.2499	0.8663	NA
UGT2B15	0.6666	0.2399	1.2461	0.4747	NA
UGT2B7	197.5822	-0.2324	0.2461	0.3344	0.4194
UGT3A1	0.2707	0.1288	1.2511	0.6812	NA
UGT3A2	0.5101	0.0393	1.2461	0.9034	NA
UGT8	5.7735	0.5853	0.941	0.3481	0.4338
UHMK1	947.3451	-2.1846	0.139	0	0
UHRF1	2162.4952	-1.7565	0.0861	0	0
UHRF1BP1	933.0073	-0.3267	0.1289	0.0108	0.0186
UHRF1BP1L	311.333	-0.7273	0.1975	2e-04	4e-04
UHRF2	385.6541	-0.6012	0.1786	7e-04	0.0013
UIMC1	339.1105	-0.6148	0.1871	9e-04	0.0017
ULBP1	19.9197	-0.4687	0.678	0.4056	0.4915
ULBP2	26.1562	1.2184	0.6163	0.0217	0.0359
ULBP3	119.1844	-0.5749	0.3172	0.06	0.092
ULK1	312.869	-1.9082	0.2237	0	0
ULK2	611.1538	0.0631	0.1409	0.652	0.7231
ULK3	300.3704	-0.5328	0.1949	0.0056	0.01
ULK4	41.856	0.2387	0.4722	0.5824	0.6609
ULK4P1	0.1798	-0.0351	1.2501	0.9107	NA
UMPS	759.5406	-1.4976	0.1344	0	0
UNC119	319.5971	-1.7127	0.2096	0	0
UNC119B	743.4382	-3.4102	0.1727	0	0
UNC13A	625.9868	0.3138	0.1538	0.0396	0.0629
UNC13B	1014.2705	1.0864	0.1114	0	0
UNC13C	33.2261	0.7545	0.5507	0.1235	0.1761
UNC13D	256.4591	0.4763	0.2129	0.0229	0.0377
UNC45A	2037.0162	0.8712	0.0847	0	0
UNC50	281.3354	-2.3227	0.2233	0	0
UNC5A	40.7271	1.1935	0.4945	0.008	0.014
UNC5B	16.1867	-0.4845	0.7165	0.4044	0.4903
UNC5B-AS1	0.5129	0.0584	1.2461	0.857	NA
UNC5C	134.7918	-2.001	0.332	0	0
UNC79	5.02	0.7745	1.0232	0.2057	0.2761
UNC93A	2.4008	-0.881	1.1757	0.0918	0.135
UNC93B1	1639.8345	0.9506	0.0914	0	0
UNCX	0.3632	-0.101	1.2488	0.751	NA
UNG	875.4599	-1.7991	0.1291	0	0
UNK	367.8608	-0.2987	0.1831	0.0986	0.144
UNKL	747.0137	-1.5529	0.1431	0	0
UPF1	3484.7172	-0.6097	0.0717	0	0
UPF2	447.6105	-1.662	0.1697	0	0
UPF3A	366.3205	-0.7809	0.196	1e-04	1e-04
UPF3B	227.5944	-2.1606	0.2444	0	0
UPK1A	0.3639	-0.1013	1.2488	0.7503	NA
UPK1A-AS1	0.1786	-0.0345	1.2501	0.9121	NA
UPK1B	625.8426	1.2614	0.144	0	0
UPK2	1.5393	0.4727	1.1815	0.3201	0.4043
UPK3A	1.0253	0.3932	1.2303	0.3108	NA
UPK3B	1388.0837	1.1893	0.0983	0	0
UPK3BL	335.0095	0.2594	0.1867	0.1594	0.2209
UPP1	495.2817	0.6089	0.1572	1e-04	2e-04
UPRT	35.5619	-1.9623	0.5901	1e-04	3e-04
UQCC1	311.3796	-0.7866	0.2033	1e-04	2e-04
UQCC2	826.3839	1.2043	0.1232	0	0
UQCR10	1282.3505	1.2607	0.101	0	0
UQCR11	2665.8906	1.4128	0.0782	0	0
UQCRB	2732.0927	1.512	0.078	0	0
UQCRBP1	1.2076	0.3471	1.1933	0.4393	NA
UQCRC1	5520.1377	1.1607	0.0603	0	0
UQCRC2	3364.239	1.012	0.0789	0	0
UQCRFS1	2882.2421	0.8438	0.0786	0	0
UQCRH	3729.5416	1.3	0.0707	0	0
UQCRHL	303.4933	1.0706	0.1947	0	0
UQCRQ	2936.7847	1.4914	0.0733	0	0
URAHP	28.4348	-0.0061	0.5508	0.9901	0.9928
URB1	1072.8363	-0.8557	0.1217	0	0
URB2	1082.9518	-0.6763	0.1214	0	0
URGCP	363.9277	-1.8621	0.195	0	0
URGCP-MRPS24	3.0513	-0.0855	1.0772	0.88	0.9106
URI1	1163.6972	-0.1955	0.1144	0.0859	0.1273
URM1	965.7146	-0.0966	0.1143	0.3956	0.4811
UROD	1440.5005	0.9984	0.0962	0	0
UROS	671.4326	1.0428	0.1355	0	0
USB1	1606.4995	0.8898	0.0942	0	0
USE1	218.429	0.0112	0.2325	0.9609	0.9716
USF1	321.6401	-1.4139	0.2008	0	0
USF2	1675.6558	0.6274	0.0908	0	0
USH1C	1.5721	0.1576	1.1385	0.7587	0.8149
USH1G	4.6268	1	1.0533	0.1018	0.1481
USHBP1	2.615	-0.6172	1.1403	0.2469	0.3232
USMG5	1893.8798	1.2873	0.0966	0	0
USO1	1546.697	-0.1607	0.0978	0.0992	0.1447
USP1	4389.0701	0.6746	0.0664	0	0
USP10	1440.5948	-1.4456	0.1057	0	0
USP11	1438.2558	-0.0219	0.1011	0.8282	0.8711
USP12	404.0121	-0.9263	0.1878	0	0
USP12-AS2	0.1898	-0.0377	1.2501	0.9042	NA
USP13	335.737	-0.979	0.1894	0	0
USP14	1628.287	-0.4112	0.0922	0	0
USP15	444.0086	-0.5982	0.1643	2e-04	5e-04
USP16	717.0402	-0.1292	0.1309	0.3204	0.4045
USP17L2	0.1804	-0.0353	1.2501	0.9101	NA
USP18	123.3203	-0.3639	0.3064	0.219	0.2914
USP19	1022.6184	-0.9317	0.1195	0	0
USP2	31.2711	-1.5251	0.5913	0.0031	0.0058
USP2-AS1	7.1167	0.4928	0.8845	0.4291	0.5151
USP20	178.0099	-1.9166	0.3033	0	0
USP21	205.0652	-1.6403	0.2461	0	0
USP22	3267.3962	-1.8434	0.076	0	0
USP24	1659.069	-0.6717	0.1045	0	0
USP25	558.8166	-2.043	0.1609	0	0
USP27X	43.6934	-0.4119	0.483	0.3516	0.4373
USP27X-AS1	4.9026	-0.9508	1.0425	0.1207	0.1725
USP28	706.1586	-0.1212	0.1344	0.3643	0.4503
USP3	584.6374	-1.279	0.1481	0	0
USP3-AS1	30.3721	2.7662	0.658	0	0
USP30	76.7624	-2.8644	0.4642	0	0
USP31	327.5703	-1.6269	0.1976	0	0
USP32	494.1891	-0.484	0.1554	0.0017	0.0032
USP32P1	0.1903	-0.0379	1.2501	0.9035	NA
USP32P2	0.3606	-0.1002	1.2488	0.753	NA
USP33	661.9395	-0.5821	0.1369	0	0
USP34	1657.9649	-0.5685	0.0931	0	0
USP35	508.7028	0.7641	0.1657	0	0
USP36	724.7971	-2.3174	0.1454	0	0
USP37	439.7762	-1.7687	0.1916	0	0
USP38	468.2	-1.4718	0.1696	0	0
USP39	1726.711	0.5574	0.0888	0	0
USP4	1285.6266	0.5264	0.1012	0	0
USP40	53.8314	-0.6222	0.4458	0.1325	0.1876
USP41	2.271	0.1448	1.0952	0.7936	0.8423
USP42	403.2983	-1.5149	0.179	0	0
USP43	63.1854	-0.8987	0.407	0.0188	0.0312
USP44	162.995	0.1056	0.2813	0.6991	0.7642
USP45	135.4487	-1.7863	0.3112	0	0
USP46	696.2316	-1.2143	0.1404	0	0
USP46-AS1	15.8317	0.0374	0.6875	0.9474	0.9629
USP47	1007.4837	-1.25	0.1213	0	0
USP48	1446.3271	0.5758	0.0954	0	0
USP49	107.9416	-1.7696	0.3671	0	0
USP5	3847.1384	0.9899	0.0671	0	0
USP51	20.4752	-1.234	0.6888	0.0305	0.0493
USP53	93.0474	-2.4931	0.4024	0	0
USP54	298.2039	-1.5408	0.2197	0	0
USP6	5.8536	-1.2447	1.1161	0.0376	0.0599
USP6NL	541.1388	-0.4169	0.1501	0.0051	0.0092
USP6NL-IT1	64.0334	1.0498	0.4079	0.0061	0.0109
USP7	2354.328	-0.7792	0.0805	0	0
USP8	553.0072	-2.0636	0.1689	0	0
USP9X	3464.5796	-0.6559	0.0731	0	0
USPL1	332.4857	0.0432	0.1852	0.8134	0.8586
UST	166.8964	-0.7778	0.3215	0.012	0.0205
UTP11L	260.153	-1.8336	0.2326	0	0
UTP14A	439.761	-0.5697	0.1707	7e-04	0.0015
UTP14C	382.2411	-1.8847	0.1866	0	0
UTP15	342.9992	-1.7958	0.2039	0	0
UTP18	837.3814	-1.1754	0.1247	0	0
UTP20	1422.778	-0.8003	0.1143	0	0
UTP23	289.8859	-0.5404	0.2052	0.0075	0.0132
UTP3	2109.7885	2.8891	0.0882	0	0
UTP6	573.9858	-1.6082	0.1578	0	0
UTRN	3458.1349	0.1246	0.0732	0.0884	0.1306
UTS2B	0.6661	0.2397	1.2462	0.475	NA
UVRAG	138.3668	-0.5915	0.2833	0.0315	0.0509
UVSSA	112.9232	-0.6489	0.3116	0.0309	0.0499
UXS1	1398.4369	1.1597	0.1043	0	0
UXT	642.0716	1.0366	0.1387	0	0
UXT-AS1	0.5463	-0.1601	1.2417	0.6381	NA
VAC14	1063.9614	0.4509	0.1086	0	1e-04
VAC14-AS1	1.9937	-0.2002	1.1319	0.7008	0.7654
VAMP1	81.2413	0.2791	0.3663	0.4234	0.5096
VAMP2	190.6235	-0.9237	0.2604	3e-04	6e-04
VAMP3	1187.1785	0.1095	0.1171	0.3473	0.4331
VAMP4	61.7491	-0.6317	0.4259	0.1124	0.1617
VAMP5	1.1969	0.3486	1.194	0.4363	NA
VAMP7	483.9881	0.1245	0.1583	0.4273	0.5133
VAMP8	314.4813	1.4906	0.2005	0	0
VANGL1	525.316	-2.0257	0.1649	0	0
VANGL2	184.7645	-0.3644	0.2515	0.1381	0.1946
VAPA	1211.5959	-1.6233	0.111	0	0
VAPB	725.0037	-1.7613	0.1398	0	0
VARS	8356.8388	0.9898	0.0559	0	0
VARS2	1194.9669	0.7425	0.1063	0	0
VASH1	31.7292	-0.3021	0.6169	0.5695	0.6491
VASH2	44.1322	-2.0067	0.5302	0	1e-04
VASN	423.9574	-0.2235	0.181	0.2116	0.2827
VASP	2188.4131	0.1575	0.0897	0.0783	0.117
VAT1	1764.7946	1.1663	0.0896	0	0
VAV2	744.598	-1.9574	0.1376	0	0
VAV3	39.6966	-2.5339	0.6078	0	0
VAX1	1.234	-0.4744	1.2043	0.2837	NA
VAX2	80.7213	0.152	0.3771	0.671	0.7396
VBP1	1225.2987	0.7248	0.1061	0	0
VCAN	10814.5317	0.692	0.0651	0	0
VCL	16378.2104	0.7642	0.0557	0	0
VCP	8791.1552	0.7837	0.0541	0	0
VCPIP1	712.0755	2.1161	0.1389	0	0
VCPKMT	96.9142	-0.2163	0.3451	0.5126	0.5955
VDAC1	6934.9288	0.9992	0.0588	0	0
VDAC2	3940.2028	0.7508	0.0841	0	0
VDAC3	3050.5051	0.4495	0.0716	0	0
VDR	102.8256	-2.3744	0.3633	0	0
VEGFA	1239.2032	0.487	0.1173	0	1e-04
VEGFB	1083.2491	1.0234	0.1129	0	0
VEGFC	2.6038	0.2507	1.0743	0.6604	0.7302
VEPH1	62.281	0.4966	0.44	0.2249	0.2983
VEZF1	1196.7923	-1.2891	0.1108	0	0
VEZT	492.25	-0.8316	0.1579	0	0
VGF	207.8591	1.6376	0.2472	0	0
VGLL1	2.6513	0.0195	1.0662	0.9728	0.9793
VGLL3	0.6755	0.2441	1.2457	0.469	NA
VGLL4	1229.4234	-0.9793	0.1149	0	0
VHL	862.5025	-2.3378	0.1333	0	0
VIL1	1.3509	0.6159	1.209	0.1725	NA
VILL	22.3744	0.0937	0.6092	0.8589	0.8956
VIM	13141.8288	0.7272	0.0551	0	0
VIM-AS1	14.8717	-0.344	0.7239	0.5558	0.6367
VIMP	470.0152	-0.1348	0.1566	0.3853	0.4702
VIPAS39	170.5588	-2.2108	0.2846	0	0
VIPR1	174.2675	-0.4386	0.2535	0.0765	0.1146
VIT	1.4354	-0.5229	1.1953	0.2566	0.3341
VKORC1	2093.0057	1.3512	0.0904	0	0
VKORC1L1	1827.5613	-0.4173	0.1054	1e-04	2e-04
VLDLR	1217.7702	-1.1849	0.1129	0	0
VLDLR-AS1	11.3141	0.5587	0.7767	0.3544	0.4401
VMA21	1576.5357	-0.0749	0.0936	0.4224	0.5087
VMAC	14.2661	-1.0851	0.7651	0.0715	0.108
VMO1	2.0974	-0.0338	1.1203	0.9492	0.9644
VMP1	1375.3076	0.5085	0.0981	0	0
VN1R1	0.3707	-0.1028	1.2488	0.747	NA
VN1R2	0.1889	-0.0372	1.2501	0.9055	NA
VOPP1	1409.4334	0.1599	0.1015	0.1136	0.1633
VPRBP	900.7317	-0.4728	0.118	1e-04	1e-04
VPS11	447.796	0.4318	0.1609	0.0067	0.0119
VPS13A	497.4503	-0.5046	0.1544	0.001	0.0019
VPS13B	687.7843	1.3007	0.1435	0	0
VPS13C	197.918	-0.4476	0.2395	0.0563	0.0868
VPS13D	392.3768	-0.9015	0.175	0	0
VPS16	533.5481	1.0476	0.148	0	0
VPS18	1432.3158	1.5784	0.097	0	0
VPS25	1434.8965	0.9388	0.0991	0	0
VPS26A	1536.0296	0.2581	0.1005	0.01	0.0173
VPS26B	1181.2436	-0.2059	0.1039	0.0467	0.0733
VPS28	855.5706	1.0131	0.1195	0	0
VPS29	1215.5175	0.6165	0.1038	0	0
VPS33A	431.7326	-0.5679	0.1654	5e-04	0.0011
VPS33B	93.2784	-1.4173	0.3599	0	1e-04
VPS35	3211.8322	0.4701	0.0705	0	0
VPS36	1173.3015	0.1834	0.1083	0.0891	0.1315
VPS37A	285.4769	-3.3578	0.2542	0	0
VPS37B	697.0555	-0.5846	0.1355	0	0
VPS37C	312.0978	-2.9532	0.2321	0	0
VPS37D	46.3622	-1.1379	0.4834	0.01	0.0174
VPS39	745.4692	-0.2505	0.1314	0.0551	0.0849
VPS41	1222.5196	1.0382	0.103	0	0
VPS45	516.4102	-0.163	0.1498	0.2728	0.3524
VPS4A	2696.0901	0.3847	0.0798	0	0
VPS4B	422.2729	-2.7656	0.1938	0	0
VPS51	2409.0538	1.1992	0.0808	0	0
VPS52	1263.0825	0.9449	0.105	0	0
VPS53	829.0568	-0.1073	0.1233	0.3817	0.4663
VPS54	774.4598	-1.368	0.13	0	0
VPS72	605.8964	-0.5533	0.1429	1e-04	2e-04
VPS8	371.8799	1.2572	0.1778	0	0
VPS9D1	41.0708	-0.0438	0.487	0.9217	0.9438
VPS9D1-AS1	886.7832	0.1947	0.1198	0.1024	0.1488
VRK1	712.4311	0.1908	0.1307	0.142	0.1992
VRK2	282.9151	-0.987	0.2142	0	0
VRK3	221.0781	-0.6694	0.2302	0.003	0.0056
VRTN	3.4401	0.5628	1.0747	0.332	0.4169
VSIG1	3.6998	0.3982	1.0355	0.5036	0.5872
VSIG10	415.5458	-0.2802	0.1674	0.0907	0.1336
VSIG10L	58.3948	-0.1385	0.4374	0.7339	0.7945
VSTM1	5.8522	0.4878	0.9418	0.433	0.5189
VSTM2L	0.3338	0.1444	1.2516	0.6445	NA
VTA1	661.8351	-0.4122	0.1408	0.0032	0.0059
VTCN1	198.4568	0.8506	0.2497	5e-04	0.001
VTI1A	138.9951	-0.5614	0.3107	0.0612	0.0936
VTI1B	1647.3173	1.1851	0.093	0	0
VTN	164.4916	1.4001	0.2607	0	0
VWA1	447.7415	1.0172	0.1818	0	0
VWA2	2.6435	-0.1814	1.0967	0.7429	0.8022
VWA3B	1.0401	0.1083	1.2059	0.7942	NA
VWA5A	1.2615	0.3201	1.2036	0.457	NA
VWA5B2	6.4888	0.5478	0.9129	0.3805	0.4651
VWA7	44.6449	0.2561	0.4613	0.5477	0.6293
VWA8	530.9694	0.5386	0.161	7e-04	0.0015
VWA8-AS1	1.549	0.471	1.1809	0.3226	0.4069
VWA9	822.4416	-0.5007	0.1243	1e-04	1e-04
VWCE	1.5914	-0.0779	1.1362	0.8796	0.9103
VWDE	0.3608	-0.1002	1.2488	0.7529	NA
VWF	43.1321	0.1514	0.4798	0.7307	0.7917
WAC	1317.1037	-2.6954	0.1187	0	0
WAC-AS1	116.5886	-1.1166	0.3112	2e-04	4e-04
WAPAL	1066.2126	-2.3079	0.1245	0	0
WARS	2635.232	0.9636	0.0826	0	0
WARS2	312.1061	-1.1171	0.1951	0	0
WAS	2.1668	-0.2796	1.1072	0.6088	0.6844
WASF1	897.7893	-0.302	0.1198	0.0113	0.0194
WASF2	1669.2572	-1.421	0.0938	0	0
WASF3	503.7865	0.1376	0.1574	0.3776	0.4623
WASH1	55.7041	-1.3721	0.4818	0.0018	0.0035
WASH2P	97.0859	-0.6966	0.3558	0.0401	0.0636
WASH3P	91.8558	-1.1244	0.3676	0.0013	0.0025
WASH5P	35.3722	-0.9231	0.525	0.0506	0.0787
WASH7P	160.2587	-1.7102	0.2813	0	0
WASIR2	4.783	-0.9258	1.0443	0.1297	0.184
WASL	725.4063	-2.2657	0.1449	0	0
WBP1	616.7664	0.9811	0.1387	0	0
WBP11	3023.9779	-0.0163	0.0787	0.8353	0.8775
WBP11P1	0.1804	-0.0353	1.2501	0.9101	NA
WBP1L	402.3081	-0.9025	0.1754	0	0
WBP2	626.6868	0.1922	0.1374	0.1592	0.2207
WBP2NL	0.2994	-0.076	1.2487	0.8109	NA
WBP4	183.3177	-3.0862	0.3033	0	0
WBP5	6674.5014	1.5288	0.0738	0	0
WBSCR16	1227.6666	-1.0282	0.1081	0	0
WBSCR22	3071.7026	1.4101	0.0722	0	0
WBSCR27	43.4604	0.6854	0.4922	0.1267	0.1803
WDFY1	582.4771	-0.101	0.1441	0.4801	0.5653
WDFY2	129.6281	-0.1855	0.3152	0.5417	0.6235
WDFY3	891.1883	-0.7364	0.1206	0	0
WDFY3-AS2	9.9241	-0.1983	0.8162	0.746	0.8046
WDFY4	3.7151	-0.0927	1.0079	0.8777	0.9089
WDHD1	1002.8811	-0.7022	0.1179	0	0
WDPCP	55.3771	-0.6146	0.4282	0.1242	0.1771
WDR1	15494.8875	1.1058	0.0545	0	0
WDR11	985.4044	0.4525	0.1128	1e-04	1e-04
WDR12	681.0141	-0.8033	0.1411	0	0
WDR13	761.4917	0.6776	0.1267	0	0
WDR16	2.3118	0.1203	1.113	0.823	0.8668
WDR18	3105.4787	1.0674	0.0744	0	0
WDR19	126.2008	-1.0466	0.2986	3e-04	6e-04
WDR20	234.0925	-1.6548	0.234	0	0
WDR24	296.3814	-0.3308	0.2025	0.0973	0.1423
WDR25	79.9834	-0.4453	0.3737	0.2095	0.2803
WDR26	871.3973	-1.4112	0.1404	0	0
WDR27	108.5039	-0.3539	0.3176	0.2475	0.3239
WDR3	1016.3308	-1.8912	0.1231	0	0
WDR31	12.7778	-0.163	0.7436	0.7827	0.8342
WDR33	1372.8141	0.7926	0.0979	0	0
WDR34	2911.0461	1.0008	0.0797	0	0
WDR35	463.5315	-0.9147	0.1777	0	0
WDR36	816.8526	-1.797	0.1394	0	0
WDR37	152.363	-2.4882	0.3059	0	0
WDR38	3.0733	0.2757	1.0592	0.6348	0.7074
WDR4	1077.9407	0.2791	0.115	0.0148	0.025
WDR41	524.068	0.2684	0.1514	0.0739	0.1112
WDR43	1294.578	-1.3544	0.1144	0	0
WDR44	71.9702	-2.4307	0.4433	0	0
WDR45	589.0265	0.999	0.1438	0	0
WDR45B	1741.3318	-0.4351	0.0936	0	0
WDR46	2187.5869	0.7368	0.0862	0	0
WDR47	290.0177	-0.5519	0.2013	0.0054	0.0097
WDR48	397.612	-1.7854	0.185	0	0
WDR5	867.664	-1.0287	0.124	0	0
WDR52	25.9906	-1.2739	0.6131	0.0161	0.0271
WDR53	80.414	-1.8599	0.3949	0	0
WDR54	680.2249	1.0828	0.1329	0	0
WDR55	555.8143	-0.7424	0.1563	0	0
WDR59	418.1958	-0.7162	0.1698	0	0
WDR5B	183.0305	1.8026	0.2531	0	0
WDR6	2428.7662	-0.0058	0.078	0.9403	0.9581
WDR60	112.1392	-1.7962	0.3564	0	0
WDR61	717.6939	0.8999	0.1299	0	0
WDR62	886.2296	-0.7706	0.1209	0	0
WDR63	3.24	-0.1829	1.0465	0.7549	0.8121
WDR65	6.54	0.3825	0.8999	0.5391	0.621
WDR66	39.4968	0.4595	0.4822	0.2981	0.3803
WDR7	249.6068	-0.874	0.2185	0	1e-04
WDR70	281.7864	0.0934	0.2085	0.6492	0.7205
WDR72	29.1496	-1.0221	0.5742	0.043	0.0679
WDR73	246.6759	-1.3946	0.2234	0	0
WDR74	437.436	-2.0647	0.1799	0	0
WDR75	687.266	-2.2387	0.1587	0	0
WDR76	552.5239	-0.9955	0.1514	0	0
WDR77	2197.6218	0.5672	0.0838	0	0
WDR78	55.5158	0.1185	0.4373	0.771	0.8249
WDR81	650.2342	0.5634	0.1383	0	1e-04
WDR82	3756.5541	-1.6786	0.0806	0	0
WDR83	140.3676	0.4597	0.2789	0.0899	0.1325
WDR83OS	1768.3081	1.2653	0.0893	0	0
WDR86	1.9422	-0.5424	1.1586	0.2865	0.3676
WDR87	0.3608	-0.1002	1.2488	0.7529	NA
WDR88	14.2152	1.5147	0.7634	0.0122	0.0209
WDR89	289.9686	-0.5294	0.2023	0.0079	0.0139
WDR90	658.526	0.0236	0.1376	0.863	0.8986
WDR91	718.7859	-2.6165	0.1486	0	0
WDR92	200.121	-0.9382	0.2433	1e-04	2e-04
WDR96	0.75	-0.2469	1.2281	0.5138	NA
WDSUB1	114.6885	-1.3296	0.3288	0	1e-04
WDTC1	534.4414	0.6849	0.1523	0	0
WDYHV1	124.822	0.1271	0.2936	0.655	0.7256
WEE1	2299.6654	1.035	0.0898	0	0
WEE2	0.1803	-0.0353	1.2501	0.9102	NA
WEE2-AS1	0.7502	-0.247	1.2281	0.5137	NA
WFDC1	4.5122	0.5355	1.0312	0.3729	0.4578
WFDC2	4.5609	0.3442	1.0225	0.5661	0.646
WFDC3	0.6787	0.2884	1.2366	0.4271	NA
WFIKKN1	34.5154	0.8562	0.5202	0.0678	0.1027
WFS1	507.3666	-0.0193	0.158	0.902	0.9286
WHAMM	407.9967	1.1156	0.1782	0	0
WHAMMP1	7.0621	-0.9171	0.9666	0.1447	0.2026
WHAMMP3	1.9954	-0.4517	1.1539	0.374	0.4589
WHSC1	8971.5817	0.8983	0.0529	0	0
WHSC1L1	1411.0372	0.0741	0.098	0.4478	0.5335
WIBG	344.0372	-1.1849	0.1994	0	0
WIF1	0.3338	0.1444	1.2516	0.6445	NA
WIPF1	1.9237	0.0258	1.1299	0.9605	0.9713
WIPF2	498.2416	-1.5863	0.1732	0	0
WIPF3	5.5669	-0.3495	0.9397	0.5733	0.6525
WIPI1	24.6821	-0.2789	0.5862	0.5866	0.6643
WIPI2	1086.3463	0.1421	0.1082	0.1872	0.2541
WISP1	1.8657	0.2114	1.1599	0.6656	0.7346
WISP2	1.5469	0.4211	1.1942	0.3529	0.4386
WIZ	2106.3085	0.4195	0.0822	0	0
WLS	2047.2925	0.672	0.0832	0	0
WNK1	3346.573	-0.882	0.0756	0	0
WNK2	285.8091	-0.0426	0.2105	0.8369	0.8788
WNK3	12.9582	-0.7191	0.7554	0.2282	0.302
WNK4	5.5532	0.4552	0.9316	0.4647	0.5497
WNT10A	59.1797	0.664	0.4092	0.084	0.1247
WNT10B	3.3639	0.0057	1.0226	0.9923	0.9947
WNT11	5.9749	0.1725	0.9479	0.7801	0.832
WNT16	1.023	0.3922	1.2303	0.3117	NA
WNT2	4.238	0.2716	0.9946	0.6554	0.726
WNT2B	15.7932	0.2115	0.6949	0.7112	0.7748
WNT3	18.5729	-1.088	0.6893	0.0563	0.0868
WNT3A	1.0086	0.4512	1.2206	0.2745	NA
WNT4	2.4808	-0.1499	1.0789	0.791	0.8404
WNT5A	84.4478	-1.4801	0.3811	0	1e-04
WNT5B	15.5509	-0.5136	0.7271	0.3803	0.465
WNT6	25.2809	0.5807	0.5797	0.2536	0.3308
WNT7A	33.0419	-0.0385	0.5494	0.9373	0.9557
WNT7B	724.0178	-1.7815	0.1564	0	0
WNT8B	52.6662	0.5258	0.4385	0.1974	0.2663
WNT9A	9.2947	-2.2943	1.2194	5e-04	0.001
WRAP53	494.8541	-0.0958	0.1571	0.5386	0.6206
WRAP73	248.2777	-2.3632	0.2419	0	0
WRB	697.8108	0.6223	0.132	0	0
WRN	462.257	-1.0731	0.1692	0	0
WRNIP1	1777.0532	0.5844	0.0968	0	0
WSB1	455.3804	-0.7634	0.1664	0	0
WSB2	1518.2381	0.6919	0.0942	0	0
WSCD1	217.7437	-0.7928	0.2315	5e-04	0.001
WSCD2	43.1918	-1.0649	0.486	0.0165	0.0277
WT1	98.4602	-2.3565	0.3933	0	0
WT1-AS	6.7577	-0.4303	0.9079	0.4899	0.5744
WTAP	2040.8255	0.8011	0.0833	0	0
WTH3DI	1.5595	0.1766	1.1394	0.7304	0.7916
WTIP	1722.3441	0.0717	0.1083	0.5062	0.5897
WWC1	1933.5335	-0.945	0.1009	0	0
WWC2	4774.971	0.3394	0.1656	0.0384	0.0611
WWC2-AS2	67.2012	3.3321	0.4784	0	0
WWC3	1641.9509	1.0538	0.0912	0	0
WWOX	221.0583	1.0466	0.2266	0	0
WWP1	374.7241	-2.3228	0.2016	0	0
WWP2	458.1272	-1.3861	0.1741	0	0
WWTR1	1472.6216	0.0372	0.1018	0.7133	0.7766
WWTR1-AS1	8.1266	1.9331	1.052	0.0033	0.0061
XAB2	708.0762	-1.2148	0.1348	0	0
XAGE3	0.3338	0.1444	1.2516	0.6445	NA
XBP1	1491.2273	0.1757	0.0966	0.068	0.103
XDH	2.5963	0.4674	1.1061	0.3991	0.4846
XG	3.7722	0.499	1.0257	0.4073	0.4933
XIAP	565.4364	-2.3822	0.1654	0	0
XIRP2	0.9094	-0.1063	1.2146	0.7897	NA
XK	2.0996	0.2168	1.1027	0.6927	0.7584
XKR4	0.5695	-0.1449	1.2489	0.6513	NA
XKR5	4.6137	-1.4871	1.1702	0.0121	0.0208
XKR8	179.4068	-1.7562	0.2784	0	0
XKR9	0.2872	-0.0847	1.2498	0.7881	NA
XPA	176.4052	-1.5151	0.262	0	0
XPC	512.8013	-2.041	0.1659	0	0
XPNPEP1	1427.2985	1.057	0.0972	0	0
XPNPEP2	0.3338	0.1444	1.2516	0.6445	NA
XPNPEP3	727.6722	0.1523	0.1481	0.2998	0.382
XPO1	4290.8677	-1.3934	0.0658	0	0
XPO4	1349.7534	-0.0508	0.0999	0.6096	0.685
XPO5	2103.1697	-0.5053	0.0887	0	0
XPO6	3012.4401	-0.67	0.0764	0	0
XPO7	1642.4094	-0.4966	0.0925	0	0
XPOT	3474.107	0.2835	0.0765	2e-04	4e-04
XPR1	4588.1049	1.1257	0.0716	0	0
XRCC1	870.0513	-0.4517	0.1209	2e-04	4e-04
XRCC2	202.0855	-1.7901	0.2533	0	0
XRCC3	944.0537	-0.7137	0.1204	0	0
XRCC4	243.4722	-0.3939	0.2358	0.0883	0.1305
XRCC5	11429.9151	0.9456	0.0512	0	0
XRCC6	19039.2464	1.2935	0.0532	0	0
XRCC6BP1	52.3645	-0.79	0.4391	0.053	0.0821
XRN1	257.3284	-1.2284	0.2297	0	0
XRN2	2849.8473	0.427	0.0794	0	0
XRRA1	117.0507	-1.5951	0.3246	0	0
XXYLT1	2809.2769	1.1342	0.0747	0	0
XXYLT1-AS2	0.5167	0.0589	1.2459	0.8561	NA
XYLB	193.822	0.7296	0.2403	0.0019	0.0037
XYLT1	46.1024	0.7325	0.4593	0.0841	0.1248
XYLT2	409.0369	-1.0712	0.1721	0	0
YAE1D1	64.5938	-2.9871	0.5189	0	0
YAF2	190.3752	-0.4405	0.2888	0.1159	0.1663
YAP1	3523.1794	0.0234	0.0682	0.731	0.7919
YARS	3655.02	0.6125	0.072	0	0
YARS2	736.862	0.5149	0.1336	1e-04	2e-04
YBEY	217.0051	0.1421	0.2324	0.5332	0.6156
YBX1	41034.6077	1.5609	0.0488	0	0
YBX2	75.6025	0.9406	0.3848	0.0098	0.0169
YBX3	2544.3479	0.3666	0.1978	0.0602	0.0922
YBX3P1	0.1807	-0.0354	1.2501	0.9098	NA
YDJC	616.489	0.1687	0.1382	0.2191	0.2914
YEATS2	745.8287	-2.0579	0.1382	0	0
YEATS4	304.8362	-1.8516	0.2155	0	0
YES1	1210.7955	-0.5383	0.1061	0	0
YIF1A	1046.8415	1.0028	0.1113	0	0
YIF1B	1437.7251	1.3559	0.1004	0	0
YIPF1	149.5351	0.1768	0.2684	0.4989	0.5828
YIPF2	477.9448	0.2643	0.1551	0.0855	0.1268
YIPF3	1697.2798	1.1454	0.0918	0	0
YIPF4	329.6094	-0.9219	0.198	0	0
YIPF5	402.9863	-0.8679	0.173	0	0
YIPF6	660.2874	-0.3759	0.1457	0.0093	0.0162
YJEFN3	18.6611	0.4691	0.6612	0.3982	0.4837
YKT6	1773.5164	-0.1093	0.0908	0.2272	0.3008
YLPM1	1243.7548	-0.895	0.105	0	0
YME1L1	3573.128	0.3569	0.0703	0	0
YOD1	1074.0098	2.4191	0.118	0	0
YPEL1	21.2283	-0.6203	0.6442	0.2563	0.3338
YPEL2	33.0494	-1.2958	0.5668	0.0096	0.0167
YPEL3	47.3942	-1.7148	0.4987	2e-04	3e-04
YPEL4	4.7799	0.1545	0.9737	0.801	0.8483
YPEL5	127.2815	-0.2303	0.2891	0.4115	0.4976
YPLR6490	177.5991	2.996	0.2892	0	0
YRDC	2299.5197	2.4859	0.0992	0	0
YTHDC1	985.354	-0.8703	0.1172	0	0
YTHDC2	626.5215	-0.3103	0.1379	0.0235	0.0386
YTHDF1	987.2685	-0.9192	0.1149	0	0
YTHDF2	2188.4667	1.0418	0.0838	0	0
YTHDF3	1306.9449	-0.219	0.1075	0.0408	0.0647
YTHDF3-AS1	18.7949	0.2318	0.6436	0.6711	0.7396
YWHAB	6597.6534	0.9325	0.0658	0	0
YWHAE	20357.2308	1.4839	0.0469	0	0
YWHAEP1	0.5233	0.0573	1.2454	0.8606	NA
YWHAG	8509.0374	1.3816	0.057	0	0
YWHAH	2292.2148	-0.348	0.084	0	1e-04
YWHAQ	10039.7082	0.9394	0.0533	0	0
YWHAZ	15599.8226	0.9359	0.049	0	0
YY1	2374.7096	0.0268	0.0793	0.7349	0.7953
YY1AP1	562.1937	-1.3234	0.1504	0	0
YY2	79.8318	0.6776	0.3583	0.0473	0.0741
ZACN	2.5787	0.2116	1.099	0.7012	0.7656
ZADH2	230.1632	-2.0479	0.2485	0	0
ZAK	806.6595	0.0014	0.1337	0.9913	0.9938
ZAP70	0.7501	0.0252	1.2165	0.949	NA
ZAR1	0.8811	-0.0691	1.2185	0.8594	NA
ZAR1L	0.1898	-0.0377	1.2501	0.9042	NA
ZBBX	0.7815	0.0127	1.2139	0.9745	NA
ZBED1	845.3802	-1.085	0.1298	0	0
ZBED2	158.9842	1.0461	0.2968	3e-04	6e-04
ZBED3	109.871	-1.7128	0.3442	0	0
ZBED3-AS1	3.5137	-0.8222	1.1271	0.1415	0.1987
ZBED4	892.6585	-1.1584	0.1318	0	0
ZBED5	348.0654	-0.7366	0.1869	1e-04	1e-04
ZBED5-AS1	43.0566	0.4338	0.4671	0.3133	0.3969
ZBED6	287.061	2.3307	0.2106	0	0
ZBED6CL	144.6286	1.1403	0.2964	1e-04	2e-04
ZBTB1	2837.8906	2.32	0.077	0	0
ZBTB10	3661.0856	1.9147	0.0727	0	0
ZBTB11	1034.0778	1.3289	0.1197	0	0
ZBTB11-AS1	229.1656	1.2788	0.2209	0	0
ZBTB12	306.1397	0.4324	0.191	0.0218	0.036
ZBTB14	295.9832	-0.2926	0.1981	0.1341	0.1896
ZBTB17	187.7887	-1.6999	0.2597	0	0
ZBTB18	269.2872	0.9722	0.2035	0	0
ZBTB2	1237.1295	1.411	0.1039	0	0
ZBTB20	26.0225	0.31	0.6005	0.5522	0.6333
ZBTB21	377.5355	0.2438	0.174	0.1567	0.2177
ZBTB22	462.2848	1.2932	0.1614	0	0
ZBTB24	463.0408	1.265	0.1696	0	0
ZBTB25	133.74	1.0757	0.2963	2e-04	4e-04
ZBTB26	45.0944	-1.8267	0.5388	1e-04	3e-04
ZBTB3	141.361	1.2998	0.291	0	0
ZBTB32	11.4879	2.4709	1.0803	3e-04	6e-04
ZBTB33	706.6927	1.0049	0.1314	0	0
ZBTB34	332.6705	-1.0012	0.1995	0	0
ZBTB37	103.8138	2.0419	0.3312	0	0
ZBTB38	336.8974	-1.8087	0.199	0	0
ZBTB39	399.2544	-0.1768	0.1711	0.2963	0.3783
ZBTB4	702.1762	-0.8614	0.1329	0	0
ZBTB40	444.7957	-0.6906	0.1638	0	0
ZBTB41	158.0321	-2.1624	0.2982	0	0
ZBTB42	42.8343	-1.213	0.5016	0.0077	0.0136
ZBTB43	382.3081	0.6785	0.1749	1e-04	2e-04
ZBTB44	1394.6869	-0.2748	0.1075	0.0103	0.0178
ZBTB45	258.2944	0.1375	0.2127	0.5113	0.5944
ZBTB46	58.821	-2.2105	0.4663	0	0
ZBTB47	291.0548	-0.5282	0.2118	0.0113	0.0194
ZBTB48	84.184	-1.4136	0.3691	1e-04	1e-04
ZBTB49	41.7951	-0.3596	0.4952	0.4255	0.5115
ZBTB5	993.9607	1.3773	0.1134	0	0
ZBTB6	549.7595	2.2214	0.1532	0	0
ZBTB7A	583.921	-0.5637	0.1451	1e-04	2e-04
ZBTB7B	666.1341	0.7349	0.1335	0	0
ZBTB8A	213.826	-0.4757	0.2294	0.0345	0.0553
ZBTB8B	9.6022	-1.7229	1.1183	0.0065	0.0116
ZBTB8OS	188.2474	0.6596	0.2407	0.0051	0.0092
ZBTB9	612.8707	1.3862	0.1414	0	0
ZC2HC1A	79.3889	-2.6489	0.4372	0	0
ZC2HC1C	11.8038	-0.8776	0.8265	0.156	0.2169
ZC3H10	167.7034	0.364	0.259	0.1499	0.2092
ZC3H11A	1211.3874	-1.3785	0.1115	0	0
ZC3H12A	242.3352	1.9211	0.2257	0	0
ZC3H12B	5.9568	0.3426	0.9211	0.5817	0.6603
ZC3H12C	145.2328	-1.876	0.3015	0	0
ZC3H12D	0.731	-0.2394	1.2292	0.5235	NA
ZC3H13	861.1206	-1.5759	0.1268	0	0
ZC3H14	755.0173	-1.8777	0.1408	0	0
ZC3H15	1267.5485	-0.9399	0.109	0	0
ZC3H18	1154.1707	-1.7579	0.1114	0	0
ZC3H3	288.2213	-2.5315	0.2318	0	0
ZC3H4	918.6142	-0.4445	0.1242	3e-04	7e-04
ZC3H6	74.4857	-1.7128	0.4081	0	0
ZC3H7A	821.6567	-1.363	0.1269	0	0
ZC3H7B	5879.4193	0.9856	0.0639	0	0
ZC3H8	55.1685	-2.9298	0.5425	0	0
ZC3HAV1	447.2801	-1.2481	0.1683	0	0
ZC3HAV1L	147.017	-1.6822	0.3341	0	0
ZC3HC1	296.2787	-1.4262	0.2035	0	0
ZCCHC10	142.493	-3.2431	0.3509	0	0
ZCCHC11	560.7145	-1.4421	0.1549	0	0
ZCCHC14	549.3168	-1.5484	0.157	0	0
ZCCHC17	541.0725	-0.5936	0.1532	1e-04	2e-04
ZCCHC18	38.3166	-0.0818	0.4962	0.8564	0.894
ZCCHC2	401.0029	-0.8834	0.1792	0	0
ZCCHC24	24.3227	-2.497	0.817	1e-04	2e-04
ZCCHC3	2044.6377	1.4499	0.0859	0	0
ZCCHC4	68.8439	-1.7654	0.4382	0	0
ZCCHC6	85.1369	-0.4406	0.3636	0.2032	0.2731
ZCCHC7	156.056	-2.4061	0.3048	0	0
ZCCHC8	400.5541	-0.7495	0.1787	0	0
ZCCHC9	298.9682	-1.5288	0.2043	0	0
ZCRB1	815.0493	0.7663	0.1235	0	0
ZCWPW1	72.5451	-0.589	0.3993	0.1174	0.1682
ZCWPW2	1.1193	-0.4088	1.2077	0.3424	NA
ZDBF2	3.1219	-0.3758	1.0787	0.5103	0.5935
ZDHHC1	60.7143	0.0936	0.4008	0.8042	0.8509
ZDHHC11	9.1242	1.0522	0.8921	0.0958	0.1403
ZDHHC11B	0.3335	0.1444	1.2516	0.6446	NA
ZDHHC12	426.9377	0.6032	0.1634	2e-04	4e-04
ZDHHC13	161.5627	-0.4024	0.2698	0.1256	0.1789
ZDHHC14	161.3025	-0.8092	0.2677	0.0019	0.0036
ZDHHC16	967.5721	0.8933	0.1162	0	0
ZDHHC17	164.6614	-1.4196	0.3024	0	0
ZDHHC18	461.0586	-2.9057	0.1935	0	0
ZDHHC19	1.3252	0.5149	1.2211	0.2198	NA
ZDHHC2	1199.6934	1.2054	0.1082	0	0
ZDHHC20	2430.2873	0.6121	0.0789	0	0
ZDHHC21	164.1441	-0.9078	0.2762	7e-04	0.0014
ZDHHC22	4.7805	-0.1055	0.9548	0.8641	0.8995
ZDHHC23	80.2612	-1.6985	0.3809	0	0
ZDHHC24	140.8698	0.5418	0.2747	0.0426	0.0673
ZDHHC3	842.6639	0.6835	0.1199	0	0
ZDHHC4	587.8223	0.6037	0.141	0	0
ZDHHC5	1905.4909	-0.4993	0.0889	0	0
ZDHHC6	413.7242	-0.061	0.1712	0.7188	0.7815
ZDHHC7	1053.6061	-0.7548	0.1199	0	0
ZDHHC8	704.4431	0.247	0.1392	0.074	0.1114
ZDHHC8P1	126.5207	-0.5967	0.2968	0.0378	0.0602
ZDHHC9	525.7316	0.6982	0.1633	0	0
ZEB1	510.5121	-0.4036	0.1549	0.0086	0.015
ZEB1-AS1	105.4531	0.8604	0.3258	0.006	0.0107
ZEB2	2.7967	0.1727	1.0628	0.7645	0.8196
ZER1	352.4198	-0.6492	0.1846	4e-04	7e-04
ZFAND1	257.0183	-0.3133	0.2499	0.1998	0.2691
ZFAND2A	78.4186	-1.4697	0.3936	1e-04	2e-04
ZFAND2B	319.6666	-0.0999	0.1984	0.6096	0.685
ZFAND3	694.479	-1.0458	0.1372	0	0
ZFAND4	72.9551	-0.8716	0.4224	0.0273	0.0445
ZFAND5	4273.5526	-0.1776	0.0765	0.02	0.0333
ZFAND6	649.5583	-0.5648	0.1362	0	1e-04
ZFAS1	929.6499	1.2663	0.1158	0	0
ZFAT	127.1501	-0.6856	0.2946	0.0163	0.0274
ZFC3H1	430.7069	-0.012	0.163	0.9407	0.9583
ZFHX2	89.5833	-1.3806	0.3758	1e-04	2e-04
ZFHX3	753.7373	0.0739	0.1371	0.5874	0.6648
ZFHX4	1.8948	0.2558	1.1407	0.6183	0.6924
ZFP1	164.1898	-0.5323	0.2605	0.0362	0.0578
ZFP14	53.6181	-2.4968	0.5288	0	0
ZFP2	2.8597	-0.0424	1.0606	0.9414	0.9588
ZFP28	55.4341	-0.7041	0.4372	0.0835	0.1241
ZFP3	1.3856	0.2169	1.187	0.6308	0.7039
ZFP30	182.7881	-2.2658	0.2714	0	0
ZFP36	81.5203	-0.5682	0.3652	0.1021	0.1485
ZFP36L1	3702.8482	1.3614	0.0748	0	0
ZFP36L2	10287.5419	1.7202	0.0518	0	0
ZFP37	42.6106	-1.6758	0.5333	5e-04	9e-04
ZFP41	331.303	1.3563	0.1878	0	0
ZFP57	0.1892	-0.0373	1.2501	0.905	NA
ZFP62	291.5954	-0.2057	0.1971	0.2899	0.3713
ZFP64	310.0355	-2.1541	0.2185	0	0
ZFP69	57.043	-1.8256	0.498	1e-04	1e-04
ZFP69B	46.7084	-1.7273	0.4966	1e-04	3e-04
ZFP82	97.5516	-1.919	0.3672	0	0
ZFP90	160.9975	-2.2616	0.2929	0	0
ZFP91	2028.22	-0.6311	0.0855	0	0
ZFP91-CNTF	20.5441	0.0266	1.1568	0.9567	0.9692
ZFP92	4.8653	-0.5501	0.9851	0.3719	0.457
ZFPL1	290.2997	-1.2536	0.2167	0	0
ZFPM1	146.4944	0.3106	0.2789	0.2519	0.329
ZFPM2	0.1898	-0.0377	1.2501	0.9042	NA
ZFR	1616.88	-0.4914	0.0947	0	0
ZFX	993.6642	-0.3795	0.1297	0.0032	0.006
ZFYVE1	62.2306	-2.3455	0.471	0	0
ZFYVE16	671.8389	-1.1712	0.1436	0	0
ZFYVE19	196.3898	-1.0266	0.2527	0	1e-04
ZFYVE20	373.8164	-1.5479	0.186	0	0
ZFYVE21	394.3453	-1.9612	0.1868	0	0
ZFYVE26	342.4553	-0.9775	0.1896	0	0
ZFYVE27	157.8682	-3.585	0.3562	0	0
ZFYVE28	18.2652	0.0916	0.6971	0.8729	0.9054
ZFYVE9	409.7802	-1.2504	0.1732	0	0
ZG16	0.3332	0.1443	1.2516	0.6448	NA
ZGLP1	14.148	-1.1874	0.7737	0.05	0.0779
ZGPAT	274.6565	-1.3734	0.2132	0	0
ZHX1	290.4467	-1.382	0.2103	0	0
ZHX1-C8ORF76	9.2408	-0.1943	0.871	0.7541	0.8114
ZHX2	943.0034	-1.9307	0.1244	0	0
ZHX3	218.9365	-1.7519	0.2422	0	0
ZIC2	1181.9775	1.1184	0.1095	0	0
ZIC5	304.7201	1.7797	0.2059	0	0
ZKSCAN1	448.2754	-2.5556	0.1865	0	0
ZKSCAN2	132.3191	-0.1626	0.2889	0.5619	0.6425
ZKSCAN3	67.5862	-1.184	0.4176	0.0024	0.0046
ZKSCAN4	73.5514	0.649	0.3688	0.0641	0.0976
ZKSCAN5	553.4645	0.8377	0.1466	0	0
ZKSCAN7	29.2943	-2.213	0.6545	1e-04	1e-04
ZKSCAN8	284.11	-1.8466	0.2348	0	0
ZMAT1	21.502	-0.5086	0.6218	0.3409	0.4266
ZMAT2	1486.9765	1.2196	0.0947	0	0
ZMAT3	327.4359	0.0054	0.1974	0.9778	0.9831
ZMAT5	162.4113	0.0121	0.2608	0.9619	0.9721
ZMIZ1	950.4107	-3.5949	0.1471	0	0
ZMIZ2	1913.9486	0.7499	0.0938	0	0
ZMPSTE24	818.1453	0.5389	0.1319	0	1e-04
ZMYM1	163.7441	-2.619	0.3253	0	0
ZMYM2	464.7382	-1.6522	0.1712	0	0
ZMYM3	691.4497	-1.1467	0.1456	0	0
ZMYM4	1259.2187	-0.9961	0.1031	0	0
ZMYM5	118.3188	-0.3777	0.3081	0.2043	0.2743
ZMYM6	97.6573	-1.5487	0.3461	0	0
ZMYM6NB	303.7186	1.2154	0.2112	0	0
ZMYND10	9.116	0.8295	0.8439	0.1822	0.2483
ZMYND11	1597.209	-0.393	0.0951	0	1e-04
ZMYND12	3.0403	-0.1017	1.0421	0.8625	0.8986
ZMYND15	0.5819	-0.1476	1.2489	0.6453	NA
ZMYND19	603.5461	-2.833	0.1792	0	0
ZMYND8	734.0459	-0.7828	0.1351	0	0
ZNF10	58.0687	-1.1254	0.446	0.0065	0.0115
ZNF100	128.7026	-1.8747	0.3219	0	0
ZNF101	94.3203	-0.7918	0.345	0.0164	0.0276
ZNF106	1448.79	-1.7522	0.1053	0	0
ZNF107	159.7495	-1.4559	0.3133	0	0
ZNF112	37.074	-3.251	0.7538	0	0
ZNF114	23.349	-2.8605	0.9935	0	1e-04
ZNF117	46.024	-1.5053	0.488	7e-04	0.0014
ZNF12	321.9728	-0.5623	0.2115	0.0069	0.0122
ZNF121	265.5723	1.4754	0.2237	0	0
ZNF124	94.7212	-1.9693	0.3637	0	0
ZNF131	500.7153	0.0389	0.161	0.8075	0.8535
ZNF132	17.9682	-0.6429	0.6787	0.2544	0.3318
ZNF133	101.14	-0.3715	0.3251	0.235	0.3098
ZNF134	214.7552	0.7407	0.2256	8e-04	0.0016
ZNF136	195.744	1.1741	0.2444	0	0
ZNF137P	9.7014	-0.7728	0.8343	0.2121	0.2834
ZNF138	54.927	-0.8888	0.5018	0.0511	0.0795
ZNF14	198.9522	1.2388	0.2381	0	0
ZNF140	112.09	-2.0182	0.3408	0	0
ZNF141	59.7614	-0.5357	0.4115	0.1654	0.2281
ZNF142	623.4595	-0.3787	0.1395	0.0063	0.0112
ZNF143	187.4643	-1.6485	0.2574	0	0
ZNF146	1426.8973	-2.0805	0.1238	0	0
ZNF148	419.0436	-2.867	0.1994	0	0
ZNF154	14.2644	1.6658	0.7959	0.007	0.0124
ZNF155	69.9806	-0.0395	0.3787	0.9124	0.9366
ZNF157	0.9307	-0.3273	1.2169	0.4213	NA
ZNF16	143.5956	0.9879	0.2861	4e-04	7e-04
ZNF160	153.1942	-1.3679	0.2824	0	0
ZNF165	25.1406	-0.0023	0.5824	0.9965	0.9979
ZNF169	15.1982	-0.5676	0.729	0.333	0.4179
ZNF17	102.0459	0.9674	0.3199	0.0017	0.0032
ZNF174	136.2541	-1.9235	0.3093	0	0
ZNF175	53.8289	-3.067	0.573	0	0
ZNF177	28.7318	-1.2972	0.6779	0.0217	0.0358
ZNF18	64.0252	-2.0405	0.4425	0	0
ZNF180	303.662	0.3038	0.1952	0.1146	0.1646
ZNF181	72.1359	-2.7596	0.4488	0	0
ZNF182	65.7093	-1.9169	0.4487	0	0
ZNF184	143.6179	-0.7054	0.2799	0.0095	0.0165
ZNF185	1112.18	0.876	0.1119	0	0
ZNF189	179.6604	-0.2816	0.252	0.2527	0.3298
ZNF19	10.8162	-0.8414	0.8767	0.1795	0.2453
ZNF195	245.6777	0.0974	0.2154	0.6456	0.7173
ZNF197	133.6505	-2.7783	0.3497	0	0
ZNF2	54.5331	-2.18	0.4865	0	0
ZNF20	158.9289	1.7802	0.2794	0	0
ZNF200	383.8424	0.7776	0.1757	0	0
ZNF202	254.1899	-0.3438	0.2107	0.0973	0.1423
ZNF204P	3.2301	-0.3573	1.0475	0.5438	0.6254
ZNF205	206.3296	-0.7725	0.2347	8e-04	0.0015
ZNF205-AS1	5.2968	1.1313	1.0531	0.0671	0.1017
ZNF207	2462.306	-0.6904	0.0788	0	0
ZNF211	134.2937	0.2299	0.2813	0.4002	0.4858
ZNF212	143.8779	-1.2954	0.2964	0	0
ZNF213	178.4511	-1.1243	0.2612	0	0
ZNF217	4467.4769	1.7471	0.0651	0	0
ZNF219	289.003	0.1903	0.1979	0.3294	0.4139
ZNF22	1307.2627	0.6425	0.105	0	0
ZNF221	14.2474	-0.3765	0.7231	0.5188	0.6014
ZNF222	24.343	-0.1426	0.596	0.7834	0.8346
ZNF223	25.7544	-0.6177	0.6092	0.2409	0.3164
ZNF224	63.2859	-2.4147	0.4684	0	0
ZNF225	28.7988	-2.0837	0.6556	2e-04	4e-04
ZNF226	114.362	-0.2764	0.3267	0.379	0.4636
ZNF227	181.5464	-0.6741	0.252	0.0062	0.011
ZNF23	101.568	-0.6032	0.3246	0.0533	0.0826
ZNF230	35.904	-0.2324	0.5126	0.6164	0.6907
ZNF232	107.7887	-0.5991	0.3149	0.0485	0.0757
ZNF233	16.9324	-0.642	0.7265	0.2728	0.3524
ZNF234	100.8823	-1.8042	0.3514	0	0
ZNF235	54.4142	-0.0823	0.4405	0.8408	0.8818
ZNF236	230.4783	-1.3683	0.2287	0	0
ZNF239	77.6822	-1.7623	0.3972	0	0
ZNF24	2415.9264	1.7874	0.0843	0	0
ZNF248	154.2661	-2.176	0.2958	0	0
ZNF25	29.5445	-2.1305	0.6396	1e-04	2e-04
ZNF250	72.9063	-1.3984	0.4021	2e-04	4e-04
ZNF251	115.176	-1.0904	0.3137	3e-04	6e-04
ZNF252P	218.1259	-0.9845	0.233	0	0
ZNF252P-AS1	2.7581	0.1597	1.0958	0.7728	0.8264
ZNF253	51.5481	-3.91	0.8097	0	0
ZNF254	145.8656	-0.5466	0.8946	0.3813	0.466
ZNF256	179.3737	2.2702	0.2602	0	0
ZNF259	551.2821	-0.1121	0.1735	0.5139	0.5966
ZNF26	185.8913	0.3851	0.2559	0.1233	0.1759
ZNF260	370.3515	-2.1643	0.2068	0	0
ZNF263	730.0997	0.4239	0.1287	9e-04	0.0018
ZNF264	367.175	0.067	0.2061	0.7415	0.8011
ZNF266	267.5125	-0.6475	0.2104	0.0018	0.0033
ZNF267	309.2521	1.6123	0.2083	0	0
ZNF268	312.2667	0.3367	0.1889	0.071	0.1072
ZNF271	561.5544	0.6447	0.1447	0	0
ZNF273	41.5764	-2.089	0.5638	0	1e-04
ZNF274	170.0092	-1.672	0.2842	0	0
ZNF275	292.7245	-0.9112	0.2072	0	0
ZNF276	672.6396	0.1736	0.1349	0.1953	0.264
ZNF277	97.1646	-2.7475	0.3872	0	0
ZNF28	125.7951	-1.9612	0.3203	0	0
ZNF280B	37.3074	-1.7876	0.5558	3e-04	6e-04
ZNF280C	110.0287	-3.2275	0.4034	0	0
ZNF280D	153.8659	-2.0232	0.2933	0	0
ZNF281	2212.3807	2.2356	0.0863	0	0
ZNF282	668.1793	-0.7589	0.1402	0	0
ZNF283	45.7379	-0.6734	0.481	0.1263	0.1798
ZNF284	23.7987	-0.0186	0.5932	0.9713	0.9784
ZNF286A	514.3491	-1.2139	0.1683	0	0
ZNF286B	35.4067	-0.5714	0.5221	0.2245	0.2978
ZNF287	58.4243	-2.3953	0.4847	0	0
ZNF292	484.5769	0.1237	0.176	0.4773	0.5624
ZNF296	254.0846	2.2145	0.2257	0	0
ZNF3	640.8294	1.6039	0.1465	0	0
ZNF30	36.602	-2.0336	0.5811	1e-04	1e-04
ZNF302	68.7869	-2.356	0.4545	0	0
ZNF304	240.1333	0.5291	0.2244	0.0163	0.0275
ZNF316	755.3489	-0.5	0.1271	1e-04	2e-04
ZNF317	511.2917	-1.222	0.157	0	0
ZNF318	520.3346	-1.6637	0.1629	0	0
ZNF319	508.9931	1.1885	0.1592	0	0
ZNF32	272.0962	-0.2438	0.2036	0.2241	0.2974
ZNF32-AS2	2.8321	-0.0464	1.0575	0.9361	0.9547
ZNF320	227.9544	-0.6277	0.2217	0.0039	0.0072
ZNF321P	26.9634	-0.3404	0.5722	0.4994	0.5833
ZNF322	511.1935	-0.4137	0.1657	0.0117	0.0201
ZNF324	485.7365	1.661	0.1586	0	0
ZNF324B	161.1515	0.6777	0.2712	0.0103	0.0178
ZNF326	991.9573	0.3443	0.1116	0.0019	0.0037
ZNF329	175.5092	1.1887	0.2496	0	0
ZNF330	344.9162	-1.2807	0.1953	0	0
ZNF331	402.7517	0.2574	0.1854	0.1597	0.2213
ZNF333	53.6076	-0.7837	0.4562	0.063	0.0961
ZNF335	354.3966	-0.4431	0.1848	0.0152	0.0256
ZNF337	158.3828	-1.1802	0.2891	0	1e-04
ZNF33A	336.5286	-1.4249	0.1917	0	0
ZNF33B	121.8498	-3.6533	0.4143	0	0
ZNF34	64.7056	0.4581	0.3929	0.2169	0.289
ZNF341	88.3436	-1.1713	0.3646	7e-04	0.0014
ZNF343	253.7903	0.3839	0.2169	0.0718	0.1083
ZNF345	15.8919	-1.8127	0.8076	0.0036	0.0067
ZNF346	146.4975	-3.3842	0.3612	0	0
ZNF347	120.112	-2.0974	0.3374	0	0
ZNF35	466.8545	2.0596	0.163	0	0
ZNF350	136.1607	1.8722	0.294	0	0
ZNF354A	223.5916	-1.0614	0.2402	0	0
ZNF354B	62.2129	-0.2582	0.3999	0.4933	0.5776
ZNF354C	82.6462	-2.4033	0.4095	0	0
ZNF358	1773.557	1.0884	0.0902	0	0
ZNF362	267.4476	-2.2145	0.2269	0	0
ZNF365	5.9277	-0.4241	0.9291	0.4956	0.5798
ZNF367	825.8192	0.7422	0.1238	0	0
ZNF37A	225.3147	-2.2738	0.2592	0	0
ZNF37BP	120.7864	-1.0433	0.318	7e-04	0.0013
ZNF382	36.09	-3.2121	0.7522	0	0
ZNF383	33.1175	-0.3361	0.531	0.4808	0.5659
ZNF384	1262.5498	0.4604	0.1007	0	0
ZNF385A	346.435	-0.3951	0.1842	0.03	0.0485
ZNF385B	23.7287	-1.2434	0.6487	0.0236	0.0388
ZNF385C	74.603	0.4654	0.3658	0.1812	0.2472
ZNF391	16.2746	-0.9726	0.7521	0.1031	0.1498
ZNF394	734.8946	2.5843	0.138	0	0
ZNF395	617.2019	-0.6145	0.1539	1e-04	1e-04
ZNF396	0.7871	-0.2691	1.2262	0.4833	NA
ZNF397	108.6538	-1.3393	0.3244	0	0
ZNF398	269.9913	-0.2738	0.2043	0.1737	0.2382
ZNF404	0.3702	-0.1025	1.2488	0.7475	NA
ZNF407	277.3589	0.1571	0.2072	0.4411	0.5267
ZNF408	810.1906	2.3693	0.1287	0	0
ZNF41	136.5496	-1.4737	0.3018	0	0
ZNF410	649.1896	-0.1704	0.1364	0.2085	0.2792
ZNF414	164.921	-2.6621	0.3057	0	0
ZNF415	79.1292	-1.6165	0.3925	0	0
ZNF416	128.1155	0.9875	0.2906	5e-04	9e-04
ZNF417	83.3381	-1.1257	0.3616	0.0011	0.0021
ZNF418	1.0752	0.1639	1.1784	0.7229	NA
ZNF419	49.2962	-0.8384	0.4552	0.0463	0.0727
ZNF420	141.6752	0.5701	0.2844	0.0389	0.0619
ZNF423	501.3465	-0.7257	0.1667	0	0
ZNF425	19.8332	-1.0015	0.6863	0.0781	0.1168
ZNF426	295.0513	1.5281	0.2006	0	0
ZNF428	1819.1364	1.3615	0.0913	0	0
ZNF429	31.5744	-1.04	0.5557	0.0349	0.0559
ZNF43	116.4568	-0.8265	0.314	0.0063	0.0112
ZNF430	146.1135	1.0291	0.2744	1e-04	2e-04
ZNF431	131.6661	0.7771	0.2914	0.0059	0.0106
ZNF432	85.5379	0.7933	0.3556	0.0194	0.0322
ZNF433	34.2317	-0.9822	0.5348	0.0403	0.0639
ZNF436	189.8444	-0.5907	0.257	0.0185	0.0309
ZNF438	36.4887	-1.9212	0.5698	1e-04	3e-04
ZNF439	79.916	-0.5324	0.3609	0.1216	0.1738
ZNF44	88.0635	-0.5987	0.3683	0.0873	0.1292
ZNF440	204.9176	-0.2684	0.2368	0.2474	0.3238
ZNF441	92.1046	-0.3612	0.3381	0.2651	0.3438
ZNF442	27.3119	-0.839	0.5756	0.0973	0.1423
ZNF443	92.0095	-0.5186	0.3377	0.1092	0.1578
ZNF444	400.7552	-1.2999	0.1789	0	0
ZNF445	530.2062	-1.8676	0.1936	0	0
ZNF446	103.7789	-1.4593	0.335	0	0
ZNF449	69.7031	-1.4581	0.4078	1e-04	3e-04
ZNF45	211.6324	-2.0712	0.2847	0	0
ZNF451	555.5459	-0.7755	0.1715	0	0
ZNF460	270.8068	2.3151	0.2316	0	0
ZNF461	39.8027	-0.1238	0.5012	0.7859	0.8362
ZNF462	165.414	0.0088	0.267	0.9729	0.9793
ZNF467	89.5297	-1.0645	0.3621	0.002	0.0038
ZNF468	151.1143	-0.9155	0.2796	7e-04	0.0015
ZNF469	0.704	-0.0138	1.2197	0.9715	NA
ZNF470	50.8546	-1.53	0.5074	9e-04	0.0017
ZNF471	6.5759	-0.8061	0.9736	0.197	0.2658
ZNF473	315.5227	-1.0322	0.1936	0	0
ZNF48	1164.8173	1.2369	0.1067	0	0
ZNF480	249.4386	-0.6579	0.2156	0.0019	0.0036
ZNF483	9.9485	-0.7543	0.8272	0.222	0.2949
ZNF484	66.2683	-0.9359	0.399	0.0127	0.0218
ZNF485	28.5266	-2.0211	0.6958	5e-04	9e-04
ZNF487	7.4987	-1.0315	0.9389	0.1034	0.1502
ZNF488	102.4076	-4.3888	0.5708	0	0
ZNF490	39.3163	-2.221	0.6014	0	1e-04
ZNF491	6.308	-1.3065	1.1155	0.0304	0.0493
ZNF492	66.7352	-0.6587	0.4181	0.0926	0.136
ZNF493	27.919	-2.0834	0.6752	2e-04	5e-04
ZNF496	796.9561	-0.9024	0.1373	0	0
ZNF497	40.1007	-1.034	0.5098	0.025	0.0409
ZNF500	104.1896	-2.1734	0.3603	0	0
ZNF502	37.0532	-0.3931	0.509	0.3941	0.4794
ZNF503	320.4536	1.3066	0.2031	0	0
ZNF503-AS2	22.8348	0.5051	0.6029	0.3341	0.4192
ZNF506	1.0372	0.1149	1.1931	0.7931	NA
ZNF507	397.1193	-1.5499	0.1814	0	0
ZNF510	125.6768	-1.4023	0.3078	0	0
ZNF511	888.7342	0.5563	0.1172	0	0
ZNF512	453.1261	-1.1284	0.1733	0	0
ZNF512B	1326.819	-0.8177	0.1011	0	0
ZNF513	146.4956	0.7129	0.2702	0.0067	0.0119
ZNF514	57.0015	-2.3683	0.4921	0	0
ZNF516	38.0116	-1.1057	0.515	0.0174	0.0292
ZNF517	37.2846	-1.8569	0.5581	2e-04	4e-04
ZNF518A	393.87	-2.8508	0.214	0	0
ZNF518B	489.262	-0.3007	0.1707	0.075	0.1126
ZNF519	34.2273	-2.4348	0.6559	0	0
ZNF521	0.2087	-0.0477	1.2499	0.879	NA
ZNF524	170.1415	0.1761	0.261	0.4894	0.574
ZNF525	157.6608	-0.1228	0.2878	0.6601	0.73
ZNF526	800.4748	1.9192	0.1272	0	0
ZNF527	38.5657	-1.0447	0.5249	0.0269	0.0438
ZNF528	18.1251	-1.4185	0.7414	0.0171	0.0287
ZNF529	177.9074	-0.5883	0.2535	0.0175	0.0293
ZNF530	80.1232	0.6652	0.373	0.0604	0.0925
ZNF532	2234.2867	0.2756	0.0866	0.0014	0.0027
ZNF540	1.8472	-0.6906	1.1848	0.1604	0.2221
ZNF541	0.367	-0.1006	1.2488	0.752	NA
ZNF542	120.1828	-1.172	0.307	1e-04	2e-04
ZNF543	322.9587	1.3974	0.1964	0	0
ZNF544	316.4261	-0.7553	0.2041	2e-04	4e-04
ZNF546	40.6877	-0.4141	0.5066	0.3674	0.4533
ZNF547	19.7606	-1.2842	0.6872	0.0242	0.0396
ZNF548	255.2412	0.8119	0.2218	2e-04	4e-04
ZNF549	62.0084	-1.8165	0.4613	0	0
ZNF550	239.2082	1.8749	0.2216	0	0
ZNF551	239.8877	0.3747	0.2173	0.0794	0.1186
ZNF552	189.0334	0.8254	0.2399	4e-04	9e-04
ZNF554	50.1623	-2.3893	0.5151	0	0
ZNF555	58.5342	-0.683	0.418	0.081	0.1207
ZNF556	0.1801	-0.0352	1.2501	0.9104	NA
ZNF557	75.4266	-1.2745	0.3852	5e-04	9e-04
ZNF558	149.2575	-1.6494	0.2869	0	0
ZNF559	72.031	-2.3773	0.4404	0	0
ZNF559-ZNF177	7.1049	-1.8632	1.1912	0.0028	0.0052
ZNF561	359.2095	-0.4571	0.1821	0.0111	0.0191
ZNF562	449.8159	-0.1207	0.1616	0.451	0.5362
ZNF563	7.7115	-1.2406	1.0035	0.0505	0.0786
ZNF564	66.5363	-2.1974	0.4474	0	0
ZNF565	49.6852	0.7104	0.4399	0.0824	0.1226
ZNF566	148.8594	-1.1491	0.2964	1e-04	1e-04
ZNF567	266.0439	1.5134	0.2118	0	0
ZNF568	31.0307	-1.1051	0.5795	0.0297	0.0482
ZNF569	143.972	-0.5675	0.2753	0.034	0.0546
ZNF57	139.4326	1.5619	0.2943	0	0
ZNF570	20.9493	-0.8163	0.651	0.1379	0.1944
ZNF571	18.1904	-0.6237	0.6929	0.2746	0.3544
ZNF571-AS1	1.0464	0.0978	1.2054	0.8142	NA
ZNF572	23.5542	-1.3895	0.6526	0.0118	0.0202
ZNF573	26.443	-2.1753	0.6875	2e-04	3e-04
ZNF574	2051.691	2.6729	0.0893	0	0
ZNF575	18.3149	-0.8446	0.6857	0.1369	0.193
ZNF576	169.9245	-1.063	0.2642	0	1e-04
ZNF577	48.9049	-0.2293	0.4537	0.5852	0.6631
ZNF578	7.5336	0.5916	0.9169	0.344	0.4296
ZNF579	621.1362	0.198	0.1415	0.1588	0.2202
ZNF580	713.6527	0.6785	0.1315	0	0
ZNF581	895.2335	2.1873	0.1293	0	0
ZNF582	10.082	1.1474	0.8409	0.0663	0.1006
ZNF582-AS1	0.678	-0.0061	1.232	0.9864	NA
ZNF583	23.3876	-2.154	0.7244	3e-04	6e-04
ZNF584	238.2539	0.1191	0.2174	0.5773	0.6564
ZNF585A	65.0895	-0.3506	0.4223	0.3749	0.4599
ZNF585B	86.5069	-3.0795	0.4405	0	0
ZNF586	148.8811	1.13	0.2699	0	0
ZNF587	266.134	-0.7498	0.2236	6e-04	0.0013
ZNF587B	93.2347	-0.8333	0.3579	0.0146	0.0247
ZNF589	52.2512	-1.7326	0.4709	1e-04	1e-04
ZNF592	1140.1798	-0.1735	0.1094	0.1112	0.1603
ZNF593	479.5284	0.0756	0.1708	0.6545	0.7251
ZNF594	137.2416	-1.2404	0.3028	0	1e-04
ZNF595	121.9595	-1.6304	0.3227	0	0
ZNF596	44.6065	1.4359	0.4867	0.0012	0.0024
ZNF597	189.6094	3.2943	0.2771	0	0
ZNF598	1108.2321	-1.2238	0.112	0	0
ZNF599	37.6	-0.0396	0.5332	0.934	0.9533
ZNF600	52.9739	-1.0572	0.448	0.0109	0.0187
ZNF605	91.3216	-2.28	0.383	0	0
ZNF606	47.4049	-1.3575	0.4795	0.002	0.0037
ZNF607	157.7144	-0.4751	0.2759	0.0766	0.1148
ZNF608	487.2132	0.4871	0.1536	0.0014	0.0027
ZNF609	577.7196	-2.8101	0.1699	0	0
ZNF610	9.4301	-0.8659	0.849	0.1646	0.2271
ZNF611	56.3652	-1.7013	0.4617	1e-04	1e-04
ZNF613	71.315	-0.0049	0.3995	0.9897	0.9925
ZNF614	472.5305	1.0436	0.157	0	0
ZNF615	138.6741	0.4755	0.2763	0.0768	0.115
ZNF616	351.3411	1.4197	0.1865	0	0
ZNF618	808.8709	-1.0985	0.1269	0	0
ZNF619	35.7375	-1.1996	0.5777	0.018	0.0301
ZNF620	231.689	0.683	0.2179	0.0014	0.0027
ZNF621	286.0378	-1.4931	0.2324	0	0
ZNF622	993.8233	1.8487	0.1151	0	0
ZNF623	267.3317	-0.5648	0.2089	0.006	0.0107
ZNF624	71.4677	-1.0309	0.3976	0.0059	0.0106
ZNF625	88.4088	0.4855	0.3492	0.1458	0.204
ZNF625-ZNF20	2.3923	0.8865	1.2075	0.0703	0.1063
ZNF627	148.8252	-2.1021	0.3	0	0
ZNF628	1206.9419	2.871	0.116	0	0
ZNF629	1214.2965	1.3122	0.1045	0	0
ZNF630	3.9233	-0.6802	1.0683	0.2481	0.3246
ZNF638	964.4786	-1.9477	0.1253	0	0
ZNF638-IT1	2.0441	0.4738	1.1396	0.3664	0.4523
ZNF639	325.8332	-0.4143	0.1928	0.0294	0.0477
ZNF641	109.2997	-1.4243	0.3271	0	0
ZNF644	650.9669	-1.3003	0.1457	0	0
ZNF646	1150.5696	2.3573	0.1111	0	0
ZNF648	0.1801	-0.0352	1.2501	0.9104	NA
ZNF649	526.7797	1.0575	0.1583	0	0
ZNF652	210.8364	-0.7227	0.2438	0.0024	0.0046
ZNF653	60.339	-3.2413	0.5488	0	0
ZNF654	163.1593	0.4637	0.2633	0.0709	0.1072
ZNF655	373.5728	-0.6939	0.1849	1e-04	3e-04
ZNF658	37.2787	-2.8493	0.6625	0	0
ZNF658B	10.5004	-1.8105	1.1206	0.0046	0.0083
ZNF660	80.2677	-2.7248	0.4731	0	0
ZNF662	12.0672	-1.6886	0.8887	0.0086	0.0151
ZNF664	4187.583	0.5219	0.0677	0	0
ZNF664-FAM101A	2.0449	0.4742	1.1396	0.366	0.452
ZNF665	19.6144	-1.8653	0.7587	0.0021	0.0039
ZNF668	481.025	0.7757	0.1552	0	0
ZNF669	225.6168	2.06	0.2302	0	0
ZNF670	96.84	-0.0878	0.3488	0.7923	0.8414
ZNF670-ZNF695	3.1616	-1.1137	1.1698	0.0441	0.0694
ZNF671	44.598	-0.1124	0.4608	0.7917	0.8409
ZNF672	343.2173	-1.8942	0.2056	0	0
ZNF674	24.8762	-1.7651	0.6635	0.0016	0.003
ZNF674-AS1	210.8459	2.5007	0.2484	0	0
ZNF675	128.1195	0.4276	0.2858	0.1232	0.1758
ZNF677	0.1804	-0.0353	1.2501	0.9101	NA
ZNF678	217.7664	-1.0214	0.2703	1e-04	2e-04
ZNF680	115.9385	-1.9394	0.3361	0	0
ZNF681	66.3504	-3.2987	0.5303	0	0
ZNF682	37.9643	-2.2652	0.6019	0	0
ZNF684	19.0687	-2.3277	0.86	3e-04	7e-04
ZNF687	318.6335	-0.4021	0.206	0.0475	0.0743
ZNF688	67.3753	-0.0895	0.3956	0.8104	0.8561
ZNF689	385.3079	0.1758	0.1741	0.3073	0.39
ZNF69	145.5017	-1.1931	0.2876	0	0
ZNF691	79.0518	-2.0224	0.402	0	0
ZNF692	188.844	-0.7449	0.2451	0.0019	0.0036
ZNF695	100.0924	0.3583	0.3344	0.2642	0.3428
ZNF696	267.4709	-0.7165	0.209	5e-04	0.001
ZNF697	96.5231	-0.6418	0.3368	0.0469	0.0735
ZNF699	63.8236	-0.0076	0.3941	0.9837	0.988
ZNF7	298.1343	0.1911	0.2049	0.3439	0.4295
ZNF70	100.7761	-0.642	0.3268	0.041	0.0649
ZNF700	148.1834	-1.2054	0.3101	1e-04	1e-04
ZNF701	171.0043	1.1633	0.2614	0	0
ZNF702P	26.4301	-1.1333	0.6589	0.0411	0.0651
ZNF703	385.8829	1.0109	0.1774	0	0
ZNF704	985.7985	-0.2546	0.3115	0.397	0.4824
ZNF705E	0.1809	-0.0355	1.2501	0.9096	NA
ZNF706	475.899	-1.4558	0.1662	0	0
ZNF707	180.4737	0.265	0.2476	0.2738	0.3534
ZNF708	62.416	-0.9363	0.4124	0.0155	0.0261
ZNF709	65.8114	-0.7426	0.4181	0.0578	0.089
ZNF71	130.1927	-0.8882	0.3235	0.0043	0.0078
ZNF710	181.2193	-2.4632	0.2793	0	0
ZNF711	25.6653	-1.6686	0.6693	0.003	0.0055
ZNF713	10.0521	-1.7443	1.1221	0.0059	0.0106
ZNF714	185.9595	-1.6655	0.2616	0	0
ZNF717	28.5007	0.2712	0.5571	0.5831	0.6614
ZNF718	175.1365	1.2339	0.2501	0	0
ZNF720	59.6445	-2.0703	0.4648	0	0
ZNF721	530.0249	0.6094	0.1509	0	1e-04
ZNF724P	30.3124	0.3138	0.5959	0.5453	0.6268
ZNF736	38.1516	-1.8506	0.5503	2e-04	3e-04
ZNF737	110.491	-0.2976	0.3681	0.3953	0.4807
ZNF738	147.5765	-0.8603	0.2741	0.0012	0.0024
ZNF74	365.3633	-1.2856	0.1946	0	0
ZNF740	245.0214	-3.4659	0.2848	0	0
ZNF746	424.8196	-1.2565	0.1771	0	0
ZNF747	453.2454	1.2809	0.1617	0	0
ZNF749	80.0773	-1.863	0.4019	0	0
ZNF750	2.0145	-0.4537	1.1543	0.3715	0.4567
ZNF75A	26.3705	-0.8436	0.5863	0.0999	0.1457
ZNF75D	102.7109	-1.2714	0.3385	1e-04	2e-04
ZNF76	283.7668	-1.3917	0.2153	0	0
ZNF761	147.3009	-2.1474	0.3059	0	0
ZNF763	15.582	-1.3476	0.757	0.0249	0.0408
ZNF764	313.7408	1.4556	0.193	0	0
ZNF765	195.3201	0.8655	0.2357	2e-04	4e-04
ZNF766	148.5396	-0.5946	0.294	0.0368	0.0587
ZNF767	32.167	-2.3118	0.6478	0	1e-04
ZNF768	1284.3156	0.7229	0.1025	0	0
ZNF77	35.085	-0.4325	0.5409	0.371	0.4563
ZNF770	2386.9684	0.5149	0.0849	0	0
ZNF771	260.8172	0.0367	0.2089	0.8583	0.8953
ZNF772	1.3586	0.3044	1.1751	0.5197	NA
ZNF773	60.3493	1.234	0.4284	0.002	0.0038
ZNF774	3.4166	-1.1785	1.1678	0.0359	0.0573
ZNF775	69.9933	-3.1449	0.4963	0	0
ZNF776	585.813	1.5938	0.1462	0	0
ZNF777	920.9465	0.7924	0.1168	0	0
ZNF778	86.8649	-3.1359	0.4564	0	0
ZNF780A	210.0101	-1.032	0.2356	0	0
ZNF780B	188.8355	-1.2898	0.2626	0	0
ZNF781	2.5357	-0.513	1.1312	0.3376	0.4229
ZNF782	27.9123	-1.6651	0.6196	0.0018	0.0034
ZNF783	193.3467	-2.4876	0.2762	0	0
ZNF784	65.7028	-1.6208	0.4238	0	1e-04
ZNF785	5.6292	-0.345	0.9722	0.575	0.6541
ZNF786	147.1305	-0.8131	0.276	0.0024	0.0046
ZNF787	748.9613	-1.3184	0.1353	0	0
ZNF788	154.9365	-2.0289	0.2921	0	0
ZNF789	21.2566	-0.3156	0.6283	0.5572	0.6379
ZNF79	293.3848	1.4891	0.1985	0	0
ZNF790	36.4889	-2.2375	0.6046	0	0
ZNF791	281.5717	2.0392	0.2065	0	0
ZNF792	35.9341	-0.1077	0.5129	0.8165	0.8609
ZNF793	36.0227	-3.0589	0.6819	0	0
ZNF799	59.184	-0.4179	0.4319	0.2994	0.3817
ZNF8	70.4934	-1.9992	0.4927	0	0
ZNF800	530.8142	1.07	0.15	0	0
ZNF804A	1.416	-0.0254	1.1478	0.9596	0.9707
ZNF805	373.5031	1.3276	0.1799	0	0
ZNF808	120.2344	1.7726	0.3283	0	0
ZNF81	46.8497	-1.6181	0.4933	3e-04	6e-04
ZNF812	0.3146	0.14	1.2515	0.6549	NA
ZNF813	92.1385	-0.5727	0.3414	0.0799	0.1192
ZNF814	41.4151	-1.3625	0.5075	0.003	0.0056
ZNF816	104.4461	0.4623	0.3212	0.1349	0.1906
ZNF816-ZNF321P	0.3797	-0.1048	1.2488	0.7422	NA
ZNF818P	55.1335	-3.0014	0.5501	0	0
ZNF821	25.2664	-1.3925	0.6672	0.0128	0.0219
ZNF823	64.4673	-2.1347	0.4516	0	0
ZNF827	2.2222	-0.2298	1.1031	0.6753	0.7435
ZNF829	18.2198	-0.4621	0.6686	0.4085	0.4945
ZNF83	183.9987	-0.08	0.2428	0.7365	0.7967
ZNF830	453.1229	1.5204	0.1734	0	0
ZNF833P	3.2409	-0.5477	1.0861	0.3386	0.4241
ZNF836	11.1674	-0.8838	0.8724	0.1586	0.22
ZNF837	12.7729	-1.5814	0.8559	0.0127	0.0216
ZNF839	157.4215	-2.4684	0.3185	0	0
ZNF84	348.9897	-0.6532	0.1965	7e-04	0.0015
ZNF841	89.152	-0.33	0.3734	0.3522	0.4379
ZNF844	441.788	1.2905	0.1675	0	0
ZNF845	161.8743	0.8101	0.2626	0.0016	0.003
ZNF846	11.4079	-1.3612	0.8639	0.0314	0.0507
ZNF85	99.739	-1.2538	0.3502	2e-04	4e-04
ZNF850	480.5174	1.0123	0.1812	0	0
ZNF852	35.7841	-2.3742	0.6144	0	0
ZNF853	503.4236	0.6044	0.16	1e-04	3e-04
ZNF860	29.3755	-0.2239	0.5737	0.6575	0.7278
ZNF862	83.2301	-1.0761	0.3619	0.0018	0.0034
ZNF865	657.4681	-0.0887	0.1385	0.5189	0.6015
ZNF876P	6.3647	0.4792	0.947	0.4407	0.5262
ZNF878	11.0237	-1.5557	0.8983	0.0154	0.026
ZNF879	23.7325	-1.9587	0.7259	9e-04	0.0018
ZNF880	18.7288	0.4286	0.6728	0.4449	0.5304
ZNF883	63.2679	-0.6632	0.4017	0.0795	0.1186
ZNF888	90.0306	0.024	0.3401	0.9412	0.9586
ZNF891	25.6803	-1.0009	0.5988	0.0545	0.0841
ZNF91	244.536	0.3084	0.2231	0.1594	0.2208
ZNF92	387.5514	1.0765	0.178	0	0
ZNF93	113.0438	-1.1635	0.3233	2e-04	4e-04
ZNFX1	370.8821	-1.741	0.1911	0	0
ZNHIT1	1274.8768	1.2386	0.1023	0	0
ZNHIT2	780.2147	2.1724	0.1297	0	0
ZNHIT3	230.6786	-1.0601	0.2254	0	0
ZNHIT6	522.9612	-2.2077	0.1694	0	0
ZNRD1	204.4842	-0.7374	0.2413	0.0018	0.0034
ZNRD1-AS1	3.8638	-1.3024	1.1688	0.0233	0.0383
ZNRF1	575.9087	-1.6437	0.1533	0	0
ZNRF2	421.4269	0.1262	0.1671	0.4455	0.531
ZNRF2P1	41.2032	0.3575	0.4748	0.4123	0.4985
ZNRF2P2	28.6487	0.5816	0.5526	0.2364	0.3113
ZNRF3	1110.594	0.5999	0.1072	0	0
ZNRF3-AS1	6.6024	1.6732	1.1494	0.0069	0.0122
ZP3	28.1084	0.7009	0.5684	0.1622	0.2242
ZRANB1	424.4444	-2.6523	0.194	0	0
ZRANB2	872.3422	-2.2016	0.1332	0	0
ZRANB2-AS1	4.7513	0.1682	0.9582	0.7849	0.8356
ZRANB3	102.4719	-1.5694	0.3415	0	0
ZRSR2	103.8503	-1.279	0.3413	1e-04	2e-04
ZSCAN12	16.7162	-3.1017	1.3955	0	0
ZSCAN12P1	9.0084	-0.9313	0.8872	0.1389	0.1954
ZSCAN16	64.3628	0.6371	0.4011	0.0917	0.1349
ZSCAN16-AS1	43.572	0.6387	0.4686	0.1386	0.1952
ZSCAN18	223.615	-2.3363	0.2513	0	0
ZSCAN2	131.931	0.2621	0.2867	0.3462	0.4319
ZSCAN20	74.0993	-0.7703	0.3923	0.0375	0.0598
ZSCAN21	92.9126	-0.176	0.36	0.608	0.6835
ZSCAN22	84.3575	-2.168	0.4043	0	0
ZSCAN23	5.6974	-1.3371	1.1212	0.0267	0.0435
ZSCAN25	306.3233	-0.9573	0.2117	0	0
ZSCAN26	57.6802	-2.1606	0.477	0	0
ZSCAN29	774.506	0.9159	0.1248	0	0
ZSCAN30	61.7454	-1.3277	0.4232	8e-04	0.0015
ZSCAN31	17.2459	-1.1677	0.7237	0.0463	0.0727
ZSCAN32	134.6798	-2.0858	0.3159	0	0
ZSCAN5A	69.9358	-1.0072	0.3901	0.0062	0.0111
ZSCAN5B	0.3784	-0.1044	1.2488	0.7432	NA
ZSCAN9	118.3086	0.7297	0.2979	0.0114	0.0195
ZSWIM1	186.9825	-0.0364	0.2413	0.8775	0.9089
ZSWIM2	1.274	-0.2194	1.1845	0.6298	NA
ZSWIM3	22.0736	-0.4124	0.6203	0.4392	0.5248
ZSWIM4	167.0449	-1.0233	0.2848	2e-04	4e-04
ZSWIM5	15.7723	-0.9148	0.7294	0.1194	0.1709
ZSWIM6	179.3485	-0.1516	0.2615	0.5522	0.6333
ZSWIM7	195.4232	0.7827	0.2357	7e-04	0.0014
ZSWIM8	975.6492	0.4759	0.1188	1e-04	1e-04
ZSWIM8-AS1	43.1032	1.1827	0.4922	0.0083	0.0146
ZUFSP	102.3022	-1.7295	0.3511	0	0
ZW10	693.4934	0.2548	0.1307	0.0498	0.0775
ZWILCH	1408.8186	0.6202	0.1017	0	0
ZWINT	2674.3893	0.4301	0.0793	0	0
ZXDA	84.2958	0.3887	0.3507	0.2462	0.3224
ZXDB	335.7916	0.9487	0.185	0	0
ZXDC	423.7772	-0.7988	0.17	0	0
ZYG11B	383.8955	-2.28	0.1968	0	0
ZYX	7885.5778	0.104	0.0709	0.1418	0.199
ZZEF1	1088.0428	0.1509	0.1085	0.1626	0.2246
ZZZ3	552.7558	-2.0716	0.1616	0	0
