7	100023462	100023551	32
7	1000552	996985	0
7	1000552	996986	0
7	1000552	997005	0
7	1000552	997015	0
7	1000552	997493	0
7	1000552	997606	0
7	1000552	997632	0
7	100057277	100057387	20
7	100063980	100064082	27
7	100075262	100064032	2
7	100075262	100069971	0
7	100075262	100069978	0
7	100075262	100069987	1
7	100075262	100071929	0
7	100075262	100072079	0
7	100075262	100072170	0
7	100075631	100070176	0
7	100075631	100075134	0
7	100075631	100075235	0
7	100077434	100075229	2
7	100077434	100075311	0
7	100077434	100075316	0
7	100077434	100075541	0
7	100077588	100075541	2
7	100077840	100075541	0
7	100079168	100077302	0
7	100079573	100077302	0
7	100079657	100075541	0
7	100079657	100077017	0
7	100079657	100077228	0
7	100079657	100077302	0
7	100081712	100077302	0
7	100081731	100075541	0
7	100081740	100077302	0
7	100081763	100075134	0
7	100081765	100077302	0
7	100089416	100089614	0
7	100090488	100090591	0
7	100090655	100090901	0
7	100090950	100091037	0
7	100091153	100091237	0
7	100093402	100092727	14
7	100093402	100092728	14
7	100093402	100092780	10
7	100094342	100093291	3
7	100094342	100093315	2
7	100097949	100092779	2
7	100098291	100097833	0
7	100098716	100098058	0
7	100098716	100098139	0
7	100098716	100098140	0
7	100099404	100098577	4
7	100099404	100099022	4
7	100099738	100095773	2
7	100099754	100098577	3
7	100099754	100099022	4
7	100099754	100099278	5
7	100100094	100099022	2
7	100100094	100099318	0
7	100100094	100099463	0
7	100100094	100099588	0
7	100100394	100099685	0
7	100101773	100101879	0
7	100101969	100102245	0
7	100106004	100106240	0
7	100108124	100107069	11
7	100108124	100107077	11
7	100108124	100107078	11
7	100108124	100107167	27
7	100108541	100107925	8
7	100110074	100108366	5
7	100110275	100109947	0
7	100111322	100110199	0
7	100111325	100110076	0
7	100111830	100111138	0
7	100112000	100111727	2
7	100112000	100111798	2
7	100112254	100111921	0
7	100112254	100111953	0
7	100112254	100111964	0
7	100112918	100112107	0
7	100113406	100112797	0
7	100113770	100112797	0
7	100113770	100112846	0
7	100113770	100113348	0
7	100113770	100113400	0
7	100113955	100112797	0
7	100113955	100113348	0
7	100113955	100113615	0
7	100113955	100113641	0
7	100113955	100113669	0
7	100113955	100113679	0
7	100114232	100113867	40
7	100114269	100113867	4
7	100114269	100113881	4
7	100114559	100113867	4
7	100116613	100114181	3
7	100116634	100114168	3
7	100118650	100113867	1
7	100118650	100114053	1
7	100118650	100114083	4
7	100118650	100114228	3
7	100118977	100114053	1
7	100119318	100114053	1
7	100119347	100114053	0
7	100119350	100113867	1
7	100119350	100114053	0
7	100119350	100114083	1
7	100119360	100114053	0
7	100119365	100114053	0
7	100119399	100114053	0
7	100119568	100114053	0
7	100119842	100114053	0
7	100127140	100115213	8
7	100140683	100139628	0
7	100153518	100153849	6
7	100153518	100153866	6
7	100155447	100154423	10
7	100155456	100154419	5
7	100155456	100154423	5
7	100155456	100154823	48
7	100155675	100154474	17
7	100155826	100155261	5
7	100155920	100155261	4
7	100155932	100155261	4
7	100156441	100155670	0
7	100156550	100155261	0
7	100156550	100155670	0
7	100156717	100155670	0
7	100156717	100156264	0
7	100156717	100156385	0
7	100156993	100156633	0
7	100156997	100156633	0
7	100157140	100156844	0
7	100157200	100156844	0
7	100157215	100156844	0
7	100157453	100156938	0
7	100157460	100157093	0
7	100166806	100159243	0
7	100166806	100159244	0
7	100167231	100159815	0
7	100167284	100159645	0
7	100167284	100160728	0
7	100167284	100166501	0
7	100167284	100166532	0
7	100167284	100166598	0
7	100167285	100166501	0
7	100168113	100166501	0
7	100171437	100169605	0
7	100171679	100171068	0
7	100171679	100171260	0
7	100171926	100171538	0
7	100171960	100171650	0
7	100172218	100171778	0
7	100172219	100171778	0
7	100173998	100172086	0
7	100173998	100172189	0
7	100174766	100173834	0
7	100175786	100174684	0
7	100175895	100173457	0
7	100175895	100174684	0
7	100176366	100174684	0
7	100188530	100188811	0
7	100199368	100199540	0
7	100200329	100200452	0
7	100200970	100201089	1
7	100201161	100201263	0
7	100201352	100201785	5
7	100201867	100201948	4
7	100202042	100202171	0
7	100202341	100202453	5
7	100211552	100202212	0
7	100211995	100200652	0
7	100213134	100211393	6
7	100213134	100211934	4
7	100215180	100212952	2
7	100218642	100219248	0
7	100219401	100219712	0
7	100220465	100220546	3
7	100222721	100200652	0
7	100222721	100202312	0
7	100222721	100211583	0
7	100222721	100212021	0
7	100222721	100213046	0
7	100223699	100200652	0
7	100223699	100200659	0
7	100223699	100202240	0
7	100223699	100202289	0
7	100223699	100222596	0
7	100223699	100222644	0
7	100224076	100200652	0
7	100224076	100222596	0
7	100320036	100320890	48
7	100329020	100320991	2
7	100332582	100330462	0
7	100341909	100335837	0
7	100352668	100352760	27
7	100352915	100352996	0
7	100353484	100353894	20
7	100355241	100356393	0
7	100355241	100356749	0
7	100402042	100400852	0
7	100402044	100400825	0
7	100402577	100400854	0
7	100403786	100400872	0
7	100403786	100401093	0
7	100419190	100417065	0
7	100419814	100419145	0
7	100419878	100419001	0
7	100419884	100418732	0
7	100419884	100419110	0
7	100435768	100435281	50
7	100436065	100435358	47
7	100436071	100435282	45
7	100436137	100435281	41
7	100436424	100435630	101
7	100436474	100435630	43
7	100436566	100435847	43
7	100463687	100456614	0
7	100463874	100456923	0
7	100464030	100463358	0
7	100464272	100463362	0
7	100467601	100463962	0
7	100467601	100466518	2
7	100467601	100466522	2
7	100467601	100466537	5
7	100467601	100467165	0
7	100474441	100467551	0
7	100477460	100474273	0
7	100477503	100474273	0
7	100478308	100473787	0
7	100478308	100474273	0
7	100572752	100572227	0
7	100572752	100572231	0
7	100572752	100572255	0
7	100573067	100572316	0
7	100575783	100573105	26
7	100575783	100574010	5
7	100575783	100574659	0
7	100575783	100574708	0
7	100575783	100575062	0
7	100575963	100575870	1
7	100576009	100573296	1
7	100576009	100575704	1
7	100576009	100575947	1
7	100576324	100575870	0
7	100576324	100575956	0
7	100576324	100575963	0
7	100577006	100576237	0
7	100577006	100576693	0
7	100577096	100576237	0
7	100577101	100575870	0
7	100577155	100576693	0
7	100577155	100576901	0
7	100577390	100576693	0
7	100577390	100576901	1
7	100577390	100577085	1
7	100577559	100577085	0
7	100577559	100577272	1
7	100577741	100577496	0
7	100577885	100576984	0
7	100577913	100577663	0
7	100578259	100577821	0
7	100578512	100578158	0
7	100578701	100578398	0
7	100578740	100577845	0
7	100578787	100578398	0
7	100580874	100577663	0
7	100581883	100578649	0
7	100582168	100581776	0
7	100582351	100582040	0
7	100582454	100581636	0
7	100582460	100582040	0
7	100585121	100582314	0
7	100586130	100582137	0
7	100586154	100582314	0
7	100589644	100589976	0
7	100589794	100589976	0
7	100590332	100589401	0
7	100593075	100590229	0
7	100599803	100592824	0
7	100600853	100600039	0
7	100601684	100600722	0
7	100603167	100601619	0
7	100604039	100602339	2
7	100604207	100602913	2
7	100605216	100605504	4
7	100612997	100613193	0
7	100626904	100620415	0
7	100626904	100620419	0
7	100626904	100620454	0
7	100626904	100620462	0
7	100627492	100626762	0
7	100627605	100626552	0
7	100627662	100626762	0
7	100627662	100627263	0
7	100627662	100627440	0
7	100627821	100627263	0
7	100627821	100627576	0
7	100627821	100627601	0
7	100631053	100628072	0
7	100631053	100628223	0
7	100631053	100629252	0
7	100631597	100630888	0
7	100631946	100630888	0
7	100631946	100630984	0
7	100632061	100630888	0
7	100633091	100630888	0
7	100633105	100632081	0
7	100633124	100630888	0
7	100633124	100632081	0
7	100633341	100632768	0
7	100633341	100633000	0
7	100633405	100633000	0
7	100633409	100633000	0
7	100640873	100633415	0
7	100641229	100639802	0
7	100641229	100640685	0
7	100646336	100643096	0
7	100646336	100643141	0
7	100648663	100647443	0
7	100648824	100648227	0
7	100648824	100648555	0
7	100650136	100648728	0
7	100655120	100649960	0
7	100655120	100650037	0
7	100655120	100650062	0
7	100676177	100676232	47
7	100676800	100677351	0
7	100677661	100677751	0
7	100681994	100679506	23
7	100683919	100683549	0
7	100684158	100683817	1
7	100684338	100683878	0
7	100684895	100684449	0
7	100685147	100684722	0
7	100685482	100685048	0
7	100686080	100685343	0
7	100686434	100685396	0
7	100687407	100684837	0
7	100688719	100688450	9
7	100689449	100687980	9
7	100689556	100688591	8
7	100694038	100688597	0
7	100794019	100794119	0
7	100805322	100802564	0
7	100805322	100802567	0
7	100805695	100802564	0
7	100806570	100805500	0
7	100807580	100805972	0
7	100807581	100806417	0
7	100807581	100806419	0
7	100812995	100807364	0
7	100814022	100813651	0
7	100814089	100813651	0
7	100817358	100813918	0
7	100817358	100813988	0
7	100818645	100817191	0
7	100818645	100817261	0
7	100819890	100818519	0
7	100819890	100818550	0
7	100822668	100817191	0
7	100822668	100817244	0
7	100822668	100820140	0
7	100852617	100837313	0
7	100855838	100856867	2
7	100857177	100858834	1
7	100858943	100859049	0
7	100858943	100859884	0
7	100859162	100859884	0
7	100860043	100860149	0
7	100860233	100860516	0
7	100860233	100861011	0
7	100860233	100861137	0
7	100861263	100861391	1
7	100867989	100868107	0
7	100870464	100870573	0
7	100888144	100888256	3
7	100888144	100888277	4
7	100891339	100889993	0
7	100891339	100889994	0
7	100891339	100889996	0
7	100891339	100890210	0
7	100891339	100890715	0
7	100892819	100890210	0
7	100893905	100892333	0
7	100894234	100890210	0
7	100894234	100891168	0
7	100894234	100892686	0
7	100894234	100892707	0
7	100894234	100893164	0
7	100894253	100891168	0
7	100894253	100892333	0
7	100894256	100892333	0
7	100894389	100892333	0
7	100895885	100893164	0
7	100895887	100893164	0
7	100895921	100893164	0
7	100895972	100893164	0
7	100896134	100893164	0
7	100896282	100893756	0
7	100896920	100894148	0
7	100964457	100963827	0
7	100966236	100963827	0
7	100967418	100966368	0
7	100968125	100967340	0
7	101015268	101014324	0
7	101015291	101014319	0
7	101017398	101017574	0
7	101088129	101091637	24
7	101089892	101090170	35
7	101163840	101162509	90
7	101164864	101163810	141
7	101165115	101162515	103
7	101165559	101163841	4
7	101165594	101162508	9
7	101173521	101170492	0
7	101173521	101171914	0
7	101174812	101173295	0
7	101174812	101173363	0
7	101179137	101174495	0
7	101179237	101174495	0
7	101180216	101173699	0
7	101180277	101174495	0
7	101196390	101195006	0
7	101198366	101195896	0
7	101198366	101196186	0
7	101200305	101198625	0
7	101200516	101200049	0
7	101200516	101200233	0
7	101202315	101201808	0
7	101206905	101205976	0
7	101208958	101206778	1
7	101208958	101207577	2
7	101210162	101208852	1
7	101210440	101208592	1
7	101210445	101209821	0
7	101210445	101210092	0
7	101210445	101210127	0
7	101210656	101210330	1
7	101210674	101210330	1
7	101211104	101210355	1
7	101211673	101210531	10
7	101211717	101210531	9
7	101211717	101210594	10
7	101211916	101211540	12
7	101211938	101211303	10
7	101211951	101211563	9
7	101211951	101211590	9
7	101212375	101211634	1
7	101212656	101212252	0
7	101212944	101212252	0
7	101212944	101212529	0
7	101212944	101212543	0
7	101212977	101211845	0
7	101213205	101212252	0
7	101213205	101212529	0
7	101213205	101212841	0
7	101213205	101212920	0
7	101213556	101212841	0
7	101215153	101212841	0
7	101216021	101215088	0
7	101216327	101215907	1
7	101216547	101215907	0
7	101216547	101216162	0
7	101216547	101216196	0
7	101216787	101216409	0
7	101216787	101216520	0
7	101216843	101216409	0
7	101217674	101216694	5
7	101217900	101217165	38
7	101217995	101216694	77
7	101218367	101217422	60
7	101218421	101217848	12
7	101221797	101222603	0
7	101232721	101232091	6
7	101232721	101232092	6
7	101232721	101232404	5
7	101232721	101232487	5
7	101232915	101232603	5
7	101234117	101232832	5
7	101234374	101232832	4
7	101234443	101232832	3
7	101234443	101233872	2
7	101236887	101233768	0
7	101236887	101234277	1
7	101236887	101234337	2
7	101237478	101234277	1
7	101237761	101234277	3
7	101237770	101232832	1
7	101237825	101234277	2
7	101237947	101234277	2
7	101240248	101239457	0
7	101240248	101239551	0
7	101240248	101239593	0
7	101240248	101239606	0
7	101240248	101239611	0
7	101240248	101239731	0
7	101240907	101239660	0
7	101289772	101287481	0
7	101315283	101313693	23
7	101316543	101313366	3
7	101316543	101314174	2
7	101316543	101314403	2
7	101316543	101314655	1
7	101316543	101314752	1
7	101316543	101314787	1
7	101316543	101314794	1
7	101316543	101314877	1
7	101316543	101315071	1
7	101318214	101315824	0
7	101318214	101316339	0
7	101319033	101316339	0
7	101321791	101315492	0
7	101321824	101316339	0
7	101566634	101562778	0
7	101568972	101566485	0
7	101568977	101565316	0
7	101569007	101565305	0
7	101613711	101613324	0
7	101613711	101613474	0
7	101824730	101822246	0
7	102154464	102153354	0
7	102161214	102161119	0
7	102187040	102186818	0
7	102188829	102188598	0
7	102327996	102327255	0
7	102348162	102347205	3
7	102381200	102380464	0
7	102430135	102426817	0
7	102459711	102456833	0
7	102459802	102456237	0
7	102464858	102459396	0
7	102464864	102459603	0
7	102464877	102459603	0
7	102465628	102465816	0
7	102467824	102468061	0
7	102468188	102468262	0
7	102468378	102468553	0
7	102468655	102468854	0
7	102469883	102472217	0
7	102472310	102472453	3
7	102472610	102472691	0
7	102472805	102472881	6
7	102472805	102472908	8
7	102474536	102473117	10
7	102476271	102473937	9
7	102476271	102474360	10
7	102483890	102482444	13
7	102483890	102483138	0
7	102483890	102483143	0
7	102483890	102483343	1
7	102483890	102483483	0
7	102483890	102483561	0
7	102485160	102483170	0
7	102539727	102525098	0
7	102539727	102537917	1
7	102539727	102537918	1
7	102539727	102537919	1
7	102539727	102538340	0
7	102539727	102538416	0
7	102540092	102539605	0
7	102540092	102539675	0
7	102541304	102540014	0
7	102541304	102540023	0
7	102541304	102540058	0
7	102541663	102541092	0
7	102541663	102541103	0
7	102541663	102541150	0
7	102543662	102541500	0
7	102543698	102541500	0
7	102543703	102541500	0
7	102543765	102541500	0
7	102543850	102541500	0
7	102544777	102541500	0
7	102544777	102543524	5
7	102545421	102543567	8
7	102566630	102544705	4
7	102566659	102544705	1
7	102566737	102541500	3
7	102567071	102544705	1
7	102567084	102541500	2
7	102567084	102544705	1
7	102567084	102545302	5
7	102567084	102562132	6
7	102567084	102566581	5
7	102567084	102566626	5
7	102568185	102541500	0
7	102568185	102565975	10
7	102568185	102566996	10
7	102568185	102567050	15
7	102569925	102541500	0
7	102569925	102562655	1
7	102569925	102566287	2
7	102569925	102566996	0
7	102569925	102567483	4
7	102569925	102568009	2
7	102569925	102569199	0
7	102572471	102569834	0
7	102572522	102569834	0
7	102572540	102569834	0
7	102572554	102569834	0
7	102572556	102569834	0
7	102572561	102566996	0
7	102572561	102569834	0
7	102572568	102569834	0
7	102572581	102569304	0
7	102572581	102569834	0
7	102572584	102569834	0
7	102572650	102569834	0
7	102572654	102569834	0
7	102579797	102573806	0
7	102583069	102579645	0
7	102583069	102582322	0
7	102583069	102582324	0
7	102583069	102582522	1
7	102583069	102582690	0
7	102584339	102569834	0
7	102584339	102582349	0
7	102587771	102584217	0
7	102588446	102587446	0
7	102590297	102587634	0
7	102592445	102587634	0
7	102592455	102587341	0
7	102592455	102587634	0
7	102592455	102590158	0
7	102593139	102592284	0
7	102593139	102592350	0
7	102593845	102592993	0
7	102593992	102592993	0
7	102594243	102593706	1
7	102594461	102593713	3
7	102595370	102594049	2
7	102595370	102594446	1
7	102595370	102594491	1
7	102595738	102595304	0
7	102595785	102595301	0
7	102595785	102595304	0
7	102596108	102595633	0
7	102596130	102595633	0
7	102596130	102595664	1
7	102599955	102595633	0
7	102599955	102596011	0
7	102600389	102599859	0
7	102602397	102600256	0
7	102602406	102600256	0
7	102605988	102600256	0
7	102605988	102602323	0
7	102606178	102602323	0
7	102608823	102600256	0
7	102608823	102602323	0
7	102608823	102605857	0
7	102609455	102608557	0
7	102609455	102608760	0
7	102611143	102609074	0
7	102611143	102609340	0
7	102611592	102609340	0
7	102616739	102609340	0
7	102638835	102624188	0
7	102638835	102637024	1
7	102638835	102637048	1
7	102666164	102640611	2
7	102667265	102666076	17
7	102667265	102666130	20
7	102669005	102665367	6
7	102669005	102667089	5
7	102678857	102672878	0
7	102679296	102579103	0
7	102682130	102681835	0
7	102814417	102813237	0
7	102822204	102813229	0
7	102822204	102813232	0
7	102822204	102813274	0
7	102822229	102813235	0
7	1028340	1009949	0
7	1028353	1024501	7
7	102854861	102822039	0
7	102854861	102822382	0
7	102854861	102832839	0
7	102877594	102822039	0
7	102877594	102832839	0
7	102877594	102854746	0
7	102877594	102854776	0
7	102883686	102883304	0
7	102884313	102883567	0
7	102884313	102883571	0
7	102913216	102822039	0
7	102926375	102913085	0
7	102931934	102926273	0
7	102931934	102926282	0
7	102933736	102931880	0
7	102963666	102926273	0
7	102963666	102931880	0
7	102968118	102963532	0
7	102968118	102963537	0
7	103025231	102968021	0
7	103027559	103025062	0
7	103027559	103025196	0
7	103047021	103029350	0
7	103047035	103029350	0
7	103055179	103029350	0
7	103055748	103029350	0
7	103083831	103084029	0
7	103103123	103099898	12
7	103103123	103102523	12
7	103103555	103099775	7
7	103103555	103103050	3
7	103115175	103099777	0
7	103115175	103102509	0
7	103115175	103103086	0
7	103115175	103103423	0
7	103115341	103099775	0
7	103120224	103115059	0
7	103128793	103119576	0
7	103128793	103120145	0
7	103148105	103128759	0
7	103148889	103128482	0
7	103148977	103126789	0
7	103149074	103128482	0
7	103149100	103128482	0
7	103149183	103128482	0
7	103149233	103128482	0
7	103149561	103128482	0
7	103152326	103152006	0
7	103184128	103175132	0
7	103184128	103175272	0
7	103184128	103175342	0
7	103185538	103175272	0
7	103271870	103257603	0
7	103271870	103258443	0
7	103275628	103271731	2
7	103277639	103271731	4
7	103277639	103273091	0
7	103277639	103274069	0
7	103277639	103275539	0
7	103311729	103311807	0
7	103312132	103312206	23
7	103313102	103312473	31
7	103313102	103312518	30
7	103313102	103312568	28
7	103315872	103312946	2
7	103317015	103315987	0
7	103317351	103312521	2
7	103319679	103316829	0
7	103319777	103316702	0
7	103322082	103316829	0
7	103322633	103321931	1
7	103322795	103321931	0
7	103322795	103322510	1
7	103322795	103322599	1
7	103323626	103322510	0
7	103323664	103322510	0
7	103323664	103322702	0
7	103323664	103322726	0
7	103323664	103322736	0
7	103324563	103322510	0
7	103324563	103323597	0
7	103324731	103323597	0
7	103326685	103323597	0
7	103337812	103327655	0
7	103341866	103337735	0
7	103341938	103337735	0
7	103341955	103335241	0
7	103341955	103337735	0
7	103376863	103352729	0
7	103376863	103374206	0
7	103376863	103374211	0
7	103376863	103374215	0
7	103376863	103374260	0
7	103376863	103374265	0
7	103376863	103374377	0
7	103389115	103352729	0
7	103389115	103379242	0
7	103389115	103380479	0
7	103389425	103388522	0
7	103389425	103389007	0
7	103390507	103389007	0
7	103391736	103389007	0
7	103398015	103352729	0
7	103443195	103421362	0
7	103443197	103421362	0
7	103443212	103421362	0
7	103472919	103471783	0
7	103478395	103471783	0
7	103478525	103472229	0
7	103482949	103478388	0
7	103482972	103471783	0
7	103482972	103472914	0
7	103482972	103478388	0
7	103482972	103481940	0
7	103486258	103483652	0
7	103486417	103483652	0
7	103515442	103510850	0
7	103523532	103522021	0
7	103535485	103523390	0
7	103535485	103523499	0
7	103630137	103627908	0
7	103630177	103611610	0
7	104136894	104126340	0
7	104136894	104126342	0
7	104136894	104126837	0
7	104168526	104166771	0
7	104184034	104167993	0
7	104184034	104168472	1
7	104188382	104184122	2
7	104188382	104184219	1
7	104188382	104187542	3
7	104200959	104197724	0
7	104202545	104200757	0
7	104202545	104200820	0
7	104204235	104200757	0
7	104204235	104202376	0
7	104204235	104202410	0
7	104204235	104202508	0
7	104744181	104738596	0
7	104744181	104738597	0
7	104785786	104785211	0
7	104798408	104786517	0
7	104798408	104796515	0
7	104800070	104759702	0
7	104800070	104768668	0
7	104800070	104796505	0
7	104800070	104798336	0
7	104802964	104799392	0
7	104802964	104799817	0
7	104912077	104894627	0
7	104915828	104911915	0
7	104920426	104911915	0
7	104953907	104950314	0
7	105013025	104982098	0
7	105013045	104953699	0
7	105014322	105013424	20
7	105063376	105063376	6
7	105063389	105063389	9
7	105090127	105090127	35
7	105115504	105110703	5
7	105117480	105115386	112
7	105117512	105115268	72
7	105118023	105117366	189
7	105125875	105117387	0
7	105125875	105117579	0
7	105125875	105117707	0
7	105126341	105116375	0
7	105126341	105116376	0
7	105126341	105117295	0
7	105126341	105117525	0
7	105160614	105146492	0
7	105167465	105160300	0
7	105167465	105160506	0
7	105167465	105160544	0
7	105168096	105167376	0
7	105203657	105117348	0
7	105203733	105169156	0
7	105203786	105169156	0
7	105206530	105203626	0
7	105268870	105203627	0
7	105268870	105203693	0
7	105268870	105203722	0
7	105268870	105206400	0
7	105269016	105203627	0
7	105306572	105297420	0
7	105388703	105203627	0
7	105388703	105268805	0
7	105388703	105306435	0
7	105399309	105268805	0
7	105459260	105439660	0
7	105459260	105456510	3
7	105459260	105457658	0
7	105470849	105468336	0
7	105472189	105470285	0
7	105472194	105468336	0
7	105472194	105470687	0
7	105472194	105470760	0
7	105491618	105482311	0
7	105495254	105491539	0
7	105495254	105491585	0
7	105495348	105491548	0
7	1055307	1009949	0
7	105565458	105565529	0
7	105567491	105565127	0
7	105567491	105565232	0
7	105569291	105565119	3
7	105569291	105566322	8
7	105569291	105567101	3
7	105569291	105567194	3
7	105569291	105567466	4
7	105581487	105569406	0
7	105581497	105569406	0
7	105581501	105569406	0
7	105581691	105569202	0
7	105591392	105569406	0
7	105591521	105569406	0
7	105610604	105605066	0
7	105610604	105607770	0
7	105614817	105610528	0
7	10561578	10449819	0
7	105618098	105613473	0
7	105620322	105613473	0
7	105620322	105613732	0
7	105620322	105613861	0
7	105620322	105617791	0
7	105624267	105620199	0
7	105624268	105620199	0
7	105638610	105620232	0
7	105638610	105624074	0
7	105639570	105638352	0
7	105643122	105638368	0
7	105788709	105665065	0
7	105788709	105760372	0
7	105788709	105760553	0
7	105875881	105788122	0
7	105875881	105788603	0
7	105875881	105875090	0
7	105876478	105788603	0
7	1059262	1055359	0
7	106092670	106091406	4
7	106092670	106091456	0
7	106093138	106090502	1
7	106093138	106090504	1
7	106093138	106091639	0
7	106093253	106091698	1
7	106112143	106099157	0
7	106112212	106099157	0
7	106112222	106099157	0
7	106112332	106099157	0
7	106112577	106111831	0
7	106112577	106112139	0
7	106253152	106248284	0
7	106253619	106251124	0
7	106261708	106254363	1
7	106263618	106261500	0
7	106263618	106261587	0
7	106268601	106263157	0
7	106268601	106263391	0
7	106269206	106268334	0
7	106269313	106268463	0
7	106272659	106269153	0
7	106272659	106269154	0
7	106272659	106270214	0
7	106272659	106270257	0
7	106272659	106272038	0
7	106275050	106271864	0
7	106275050	106272529	0
7	106277180	106274945	0
7	106277180	106274999	0
7	106284633	106277022	0
7	106284888	106277022	0
7	106284922	106277022	0
7	106284932	106277055	0
7	106284951	106275326	0
7	106284951	106277022	0
7	106284952	106272529	0
7	106284952	106277022	0
7	106284982	106277022	0
7	106285193	106277022	0
7	106285613	106284827	1
7	106286327	106284827	0
7	106465937	106462012	0
7	106491131	106372250	0
7	106491131	106465751	0
7	106491131	106473871	0
7	106491131	106489723	0
7	106573161	106569875	0
7	106573161	106570946	0
7	106610464	106491009	0
7	106610464	106520728	0
7	106660559	106659316	97
7	106660927	106660554	94
7	106732450	106610396	0
7	106760682	106610396	0
7	107067328	107066590	0
7	107068869	107067142	0
7	107078239	107077316	0
7	107079521	107068747	0
7	107129086	107068538	0
7	107129086	107077225	0
7	107129086	107081838	0
7	107133665	107128787	0
7	107133665	107129033	0
7	107133734	107129033	0
7	107196152	107196289	2
7	107210606	107201554	0
7	107210606	107202563	0
7	107211226	107207847	0
7	107211226	107210454	0
7	107211226	107210525	0
7	107236688	107230614	0
7	107248500	107236449	0
7	107248500	107236554	0
7	107248500	107236654	0
7	107362111	107324439	0
7	107362421	107362032	0
7	107362421	107362067	0
7	107372761	107362307	0
7	107412633	107372594	0
7	107480943	107412501	0
7	107527358	107412501	0
7	107548181	107527236	0
7	107548333	107547997	0
7	107548333	107548110	0
7	107564060	107564587	2
7	107564210	107564587	1
7	107564248	107564587	1
7	107580578	107580758	1
7	107580646	107580758	1
7	107654817	107653971	0
7	107655313	107653967	0
7	107655313	107653975	0
7	107661759	107653971	0
7	107661759	107653975	0
7	107661759	107654610	0
7	107661759	107654643	0
7	107661759	107656121	0
7	107661823	107656629	0
7	107661823	107659751	0
7	107662065	107661601	0
7	107662066	107653975	0
7	107662066	107655095	0
7	107662066	107661601	0
7	107662152	107661300	0
7	107744051	107742968	10
7	107744129	107742816	9
7	107744582	107742961	10
7	107767645	107765466	0
7	107767645	107765471	1
7	107776545	107774776	0
7	107776707	107776451	0
7	107776753	107776014	0
7	107782875	107779667	0
7	107783094	107782796	0
7	107783094	107782829	0
7	107791941	107791047	0
7	107793832	107791829	0
7	107793882	107791829	0
7	107793882	107791851	0
7	107794598	107791829	0
7	10779945	10561481	0
7	107903548	107903564	0
7	107904747	107904862	0
7	107924390	107923798	2
7	107924390	107923802	2
7	107924390	107923817	17
7	107929620	107929063	2
7	107929978	107926182	0
7	107931501	107929411	0
7	107931501	107929448	0
7	107932378	107931355	1
7	107932494	107931355	1
7	107932625	107931356	1
7	107935657	107931355	0
7	107935657	107932173	0
7	107936374	107935373	0
7	107937160	107935414	0
7	107937164	107936278	0
7	107937171	107935355	0
7	107937278	107935414	0
7	107940359	107937092	0
7	107940565	107937089	0
7	107951323	107939988	0
7	107951323	107942398	1
7	107952091	107951100	0
7	107952224	107951225	0
7	107959835	107959248	0
7	107960650	107959505	0
7	107960650	107959690	0
7	107998493	107994886	1
7	108001734	107998356	0
7	108001734	107998412	0
7	108001734	107998430	0
7	108002028	107998356	0
7	108029197	108023547	0
7	108029197	108023550	0
7	108029197	108023810	0
7	108029197	108026560	0
7	108030980	108029042	0
7	108034347	108029042	0
7	108034347	108030805	0
7	108034347	108030944	0
7	108062995	108057831	0
7	108063900	108062773	0
7	108063986	108062396	0
7	108063986	108062469	0
7	108063986	108062773	0
7	108077065	108069707	0
7	108077065	108075536	0
7	108150754	108147622	3
7	108156638	108150694	0
7	108159542	108147625	0
7	108159542	108147661	0
7	108159542	108148116	0
7	108159542	108149909	0
7	108159542	108149951	0
7	108159542	108150048	0
7	108159542	108156386	0
7	108180428	108177989	0
7	108182921	108178149	0
7	108198100	108195760	0
7	108207660	108197955	0
7	108207660	108197994	0
7	108209604	108207227	0
7	108209606	108207527	0
7	108232523	108231030	0
7	108234689	108232325	0
7	108234689	108232398	0
7	108234689	108232416	0
7	108237770	108234582	0
7	108237770	108234629	0
7	108240171	108234582	0
7	108479380	108470421	0
7	108479380	108471554	0
7	108479380	108471626	0
7	108479380	108471660	0
7	108479380	108472530	0
7	108496756	108491409	0
7	108497578	108496426	0
7	108497578	108496583	0
7	108497578	108496584	0
7	108497578	108496591	0
7	108502643	108497480	0
7	108502643	108497482	0
7	108502789	108497482	0
7	108514294	108502490	0
7	108515448	108514143	43
7	108515575	108514143	49
7	108518288	108515326	0
7	108518302	108514435	0
7	108521522	108514143	0
7	108521522	108514435	0
7	108526072	108514435	0
7	108526121	108514143	0
7	108526124	108514913	0
7	108526164	108502490	0
7	108526316	108514435	0
7	108526319	108514435	0
7	108566023	108562226	0
7	108566023	108564085	0
7	108566023	108564569	1
7	108566023	108564992	0
7	108568579	108565829	0
7	108569257	108565951	0
7	108569454	108565829	0
7	108569598	108554542	0
7	108569646	108564381	0
7	108569667	108502490	0
7	108569689	108565170	0
7	108569724	108565829	0
7	108569751	108565951	0
7	108884588	108883974	0
7	1092643	1092924	0
7	1093190	1093422	0
7	109326316	109322319	0
7	10938148	10931950	0
7	10938148	10933664	0
7	10938518	10933514	0
7	10938897	10937866	0
7	10938897	10938089	0
7	10939052	10938103	0
7	10939835	10938807	0
7	10940080	10938807	0
7	10940136	10939212	0
7	10940257	10938807	0
7	109562836	109521980	0
7	110432907	110432238	0
7	11062086	11062670	0
7	110665013	110663300	0
7	110725826	110724158	0
7	110886696	110663050	0
7	110886696	110663053	0
7	110886696	110663415	0
7	110886696	110663425	0
7	1109462	1009949	0
7	110963566	110663207	0
7	110963566	110664823	0
7	110963566	110886592	0
7	110963566	110962307	0
7	111390751	110963499	0
7	111392020	110963499	0
7	111487342	110963499	0
7	111487342	111483433	0
7	111521448	111487233	0
7	111521450	111487237	0
7	111521450	111487239	0
7	111732288	111726109	0
7	111732288	111726477	0
7	111732288	111726746	0
7	111732288	111728219	0
7	111732288	111728273	0
7	111732515	111728420	0
7	111760323	111758623	0
7	111765223	111760180	0
7	111765223	111760223	0
7	111767119	111765117	0
7	111767119	111765154	0
7	111767119	111765195	0
7	111769678	111767031	0
7	111769678	111767080	0
7	111778370	111769528	0
7	111778370	111769656	0
7	111782925	111778275	0
7	111782925	111778326	0
7	111783953	111778275	0
7	111788748	111783856	0
7	111788748	111784096	0
7	111788921	111783856	0
7	111789025	111784096	0
7	111789261	111788661	0
7	111790606	111788500	0
7	111790606	111788661	0
7	111807595	111801685	0
7	111808880	111790456	0
7	111822425	111811873	0
7	111822457	111811873	0
7	111863565	111846998	0
7	111868155	111862882	0
7	111868155	111863371	0
7	111869656	111867983	0
7	111872091	111869459	0
7	111872091	111869573	0
7	111977284	111945716	0
7	111984391	111976537	0
7	111984391	111977131	0
7	112341123	112328256	0
7	112350542	112341054	2
7	112385105	112328188	0
7	112423204	112423367	1
7	112738694	112735165	0
7	1127387	1009949	0
7	112772819	112767174	1
7	112773056	112762381	0
7	112773056	112767084	0
7	112773056	112767135	0
7	112775319	112772780	0
7	112775319	112772801	0
7	112775319	112772945	0
7	112775319	112773014	0
7	112832676	112819146	0
7	112832676	112821636	0
7	112832676	112822352	0
7	112956703	112954645	0
7	112973673	112956521	0
7	112977200	112973618	0
7	112980165	112973604	0
7	113084892	113078330	0
7	113086090	113083067	2
7	113086107	113084508	0
7	113086107	113084730	0
7	113086110	113080246	0
7	113086110	113082280	0
7	113086339	113083608	0
7	113086370	113084357	0
7	113118162	113116717	0
7	113118162	113116860	0
7	113118535	113117256	0
7	113118555	113117482	0
7	113118561	113118067	0
7	113118614	113118067	0
7	113145776	113146039	0
7	11376658	11370356	0
7	11376658	11370436	0
7	11376658	11374619	0
7	11379281	11376569	0
7	11379713	11379069	0
7	11379756	11379069	0
7	113882164	113876776	0
7	113882164	113879555	0
7	113882164	113879770	0
7	11401969	11382520	0
7	11417604	11412655	0
7	114419876	114414243	0
7	11446325	11428946	0
7	11447425	11446060	0
7	11447425	11446301	0
7	115123681	115061536	0
7	115126549	115123602	0
7	115136751	115136474	0
7	115155207	115129470	0
7	115231356	115155065	0
7	1153225	1152070	0
7	11541632	11447229	0
7	11541632	11481787	0
7	1155585	1152906	0
7	1155585	1152907	0
7	1155585	1153072	1
7	1155678	1152907	0
7	115676330	115647460	0
7	115682619	115679344	0
7	1157733	1155452	0
7	1157751	1155452	0
7	1158258	1157022	0
7	1158258	1157655	0
7	115942041	115935147	0
7	115942041	115935155	0
7	115942041	115939948	0
7	115950895	115941892	0
7	115950950	115939948	0
7	115950950	115941755	0
7	115950950	115941892	0
7	115956794	115954585	0
7	115968314	115956678	0
7	115968314	115956748	0
7	115974257	115956678	0
7	115984514	115956678	0
7	1160154	1158157	0
7	1160179	1158157	0
7	1160220	1158157	0
7	1160760	1160025	2
7	116110927	115984261	0
7	116112039	116110707	0
7	116112039	116110772	0
7	116120430	116117481	0
7	116121469	116120189	0
7	116159896	116120119	0
7	116159897	116111991	0
7	116239250	116237928	0
7	116239250	116238003	0
7	116239250	116238259	0
7	116255236	116243841	0
7	116284407	116277002	0
7	116286196	116275605	0
7	116286196	116277131	0
7	116286196	116283840	0
7	116286196	116284367	0
7	116327897	116255117	0
7	11636962	11593253	0
7	116417310	116416116	0
7	116482904	116243877	0
7	116500448	116500533	12
7	116526389	116526524	330
7	116551970	116542717	0
7	116571231	116563593	0
7	116571235	116563593	0
7	116573745	116570959	0
7	116573745	116571117	0
7	116573745	116571151	0
7	116600935	116573440	0
7	116600935	116573484	0
7	116614684	116573440	0
7	116875540	116873453	0
7	116967473	116965845	0
7	117073141	117072071	0
7	117073927	117072426	0
7	117073927	117072453	0
7	117117984	117112291	0
7	117118454	117117900	0
7	117128344	117117900	0
7	117130688	117128296	0
7	117144254	117080864	0
7	117144254	117118350	0
7	117144254	117130527	0
7	117145559	117144166	0
7	117145561	117144166	0
7	117145593	117144166	0
7	117146481	117145364	0
7	117264889	117262917	0
7	117297877	117275450	0
7	117297877	117276630	0
7	117297877	117277530	0
7	117301157	117297611	0
7	117315285	117297611	0
7	117315349	117297611	0
7	117320794	117297611	0
7	117320794	117297725	0
7	117320794	117315070	0
7	117323042	117320566	0
7	117323100	117320566	0
7	117323115	117320566	0
7	117323153	117320468	0
7	117323290	117320566	0
7	117367466	117363221	0
7	117367466	117363535	0
7	117368718	117363307	0
7	117368718	117363314	0
7	117422360	117420162	0
7	117426936	117420162	0
7	117426936	117422236	0
7	117426936	117422271	0
7	117440781	117439981	0
7	11751354	11636611	0
7	117564677	117560732	0
7	117616341	117604790	0
7	117647416	117616228	0
7	117710331	117710610	0
7	117718120	117710650	0
7	117718120	117710740	0
7	117718120	117710862	0
7	117718120	117711627	0
7	117735422	117734912	0
7	117745931	117735268	0
7	117745931	117735330	0
7	117756635	117745830	0
7	117756635	117746012	0
7	117756635	117755371	0
7	117756635	117755379	0
7	117760594	117757874	0
7	117760648	117757874	0
7	117760711	117757874	0
7	117767177	117760434	0
7	117767192	117760267	0
7	117792782	117784250	0
7	117793606	117792595	0
7	117810990	117784250	0
7	117810990	117791127	0
7	117810990	117791290	0
7	117810990	117792585	0
7	117810990	117792661	0
7	117861317	117810764	0
7	117861317	117810766	0
7	118003291	117998857	0
7	118184255	118185653	0
7	118184281	118185646	0
7	118188406	118191911	0
7	11832199	11636129	0
7	118881289	118880102	0
7	119782358	119750814	0
7	119800875	119704555	0
7	120142997	120141015	0
7	120752019	120746737	0
7	120806693	120787319	0
7	120806693	120788321	0
7	120806693	120788373	0
7	120810571	120806548	0
7	120814248	120810462	0
7	120815804	120810462	0
7	120815804	120810488	0
7	120815804	120814004	0
7	120838798	120815728	0
7	120838913	120815728	0
7	120838913	120815750	0
7	120840110	120838776	0
7	120955625	120956159	0
7	121351270	121348850	11
7	121351542	121350382	0
7	121360128	121351142	0
7	121362948	121360042	0
7	121362948	121360055	0
7	121362948	121360091	0
7	121364189	121362896	0
7	121364553	121362704	0
7	121643759	121643333	0
7	121844172	121842367	0
7	122011310	122012821	0
7	122034116	122034281	0
7	122078015	122075646	0
7	122078015	122076132	0
7	122078015	122076148	0
7	122078015	122076241	0
7	122078015	122076302	0
7	122078951	122077835	0
7	122078951	122077837	0
7	122079713	122077837	0
7	122082873	122081499	0
7	122082892	122081499	0
7	122086180	122078861	0
7	122086180	122079596	0
7	122086180	122081499	0
7	122302932	122301393	0
7	122302932	122301968	0
7	122304500	122303636	0
7	122304506	122303176	0
7	122310692	122304330	0
7	122325582	122318424	0
7	122325582	122318426	0
7	122325582	122319398	0
7	122325582	122319745	0
7	122325582	122320002	0
7	122325582	122320036	0
7	122345682	122325476	0
7	122379443	122360929	0
7	122386310	122379367	0
7	122387174	122379367	0
7	122436381	122416060	0
7	122438465	122416060	0
7	122441576	122438340	0
7	122491421	122490080	0
7	122513316	122491311	0
7	122513316	122491417	0
7	122702316	122701669	3
7	122702913	122702192	0
7	122737069	122663236	0
7	122886358	122736954	0
7	122886459	122736954	0
7	122886760	122736954	0
7	123070116	123069248	0
7	123117609	123113530	0
7	123117609	123114524	0
7	123117609	123115374	0
7	12333569	12330884	0
7	12333569	12330917	0
7	12333727	12330886	0
7	12344470	12344194	0
7	123457567	123452399	0
7	123457567	123452404	0
7	123457567	123452454	0
7	123457567	123452697	0
7	12345961	12344373	0
7	123461606	123457380	0
7	123461617	123457380	0
7	123502753	123496695	0
7	123503117	123502596	0
7	123503311	123502943	0
7	123503364	123502943	0
7	123510036	123501057	0
7	123510036	123503201	0
7	12351714	12344373	0
7	12351714	12345738	0
7	123534579	123503201	0
7	12354488	12351572	0
7	123545677	123536996	0
7	123545677	123541028	0
7	123545677	123541029	0
7	123545677	123541095	0
7	123545677	123541857	0
7	123545677	123542000	0
7	123545826	123541836	0
7	123546818	123545610	0
7	123550587	123545610	0
7	123550587	123546657	0
7	123551577	123550208	0
7	123551577	123550469	0
7	123557449	123545610	0
7	123557449	123550104	0
7	123557449	123550469	0
7	123557449	123551367	0
7	123557456	123550469	0
7	123557680	123550469	0
7	123557781	123557403	0
7	123557802	123557403	0
7	123557805	123557403	0
7	123557819	123557403	0
7	123557823	123554694	0
7	123557905	123545610	0
7	123557905	123550469	0
7	123557905	123557403	0
7	123558256	123557403	0
7	12356331	12351572	0
7	123596439	123584858	0
7	123615401	123614160	0
7	123621531	123615307	0
7	123621531	123615456	0
7	123621531	123619981	0
7	123623161	123621393	0
7	123624583	123598800	0
7	123624686	123622755	0
7	123624686	123624774	0
7	123624724	123622973	0
7	123624730	123621393	0
7	123624958	123622973	0
7	123689151	123681934	0
7	12377921	12370655	0
7	12377921	12375009	0
7	12379567	12377563	0
7	12379567	12377775	0
7	124287545	124274678	0
7	124342562	124337379	0
7	124765628	124745996	0
7	124782077	124777291	0
7	124824075	124822385	6
7	124824075	124822400	6
7	124825358	124822385	0
7	124825358	124822386	0
7	124825358	124823796	0
7	124825358	124823855	0
7	124825358	124823961	0
7	124825358	124823970	0
7	124841179	124835278	0
7	124842833	124840655	0
7	124842964	124840972	0
7	124843250	124840980	0
7	124851952	124846941	0
7	124851952	124848539	0
7	124853139	124851807	0
7	124853139	124851871	0
7	124853528	124851925	0
7	124859051	124852971	0
7	124859113	124852971	0
7	124863386	124858780	0
7	124863641	124858956	0
7	124863641	124858977	0
7	124871042	124863349	0
7	124892381	124863349	0
7	124892381	124870910	0
7	124892381	124870918	0
7	124892381	124870944	0
7	124892816	124892373	0
7	124897185	124892265	0
7	124897203	124892265	0
7	124897213	124892265	0
7	124897213	124892701	0
7	124897213	124892725	0
7	124898375	124897164	0
7	124915647	124898260	0
7	124928997	124915573	0
7	124929000	124898260	0
7	124929000	124915573	0
7	124929787	124928920	0
7	124929803	124928814	0
7	124929826	124915573	0
7	124929826	124928814	0
7	124929828	124928814	0
7	124929945	124928814	0
7	124929982	124928814	0
7	124929984	124928814	0
7	125153612	125151325	0
7	125246531	125229578	0
7	12541244	12541806	0
7	12571393	12570124	0
7	126445454	126439076	0
7	126446373	126438597	0
7	126446373	126438614	0
7	126446373	126438627	0
7	126446373	126438691	0
7	126446373	126438692	0
7	126446373	126439118	0
7	126533888	126446070	0
7	126533888	126446125	0
7	126533906	126446125	0
7	12654486	12654860	0
7	126609499	126532951	0
7	126609499	126533050	0
7	126770066	126609361	0
7	126770066	126701756	0
7	126902680	126769864	0
7	126902680	126769920	0
7	126904127	126902541	0
7	126904684	126903971	0
7	126904684	126904108	0
7	127082175	127080692	0
7	127084790	127082103	0
7	127084790	127084288	0
7	127091014	127084690	0
7	127095811	127090908	0
7	127105371	126904547	0
7	127105371	127090922	0
7	127106653	127075964	0
7	127106713	126904547	0
7	127243220	127106495	0
7	127243516	127106495	0
7	127251027	127243142	0
7	127251220	127242694	0
7	127252382	127242694	0
7	127253094	127242694	0
7	127253295	127242694	0
7	127373566	127346789	4
7	127375035	127370042	5
7	127375035	127370298	18
7	127375035	127371599	38
7	127375035	127373927	52
7	127377330	127373341	0
7	127377330	127374327	0
7	127377330	127374609	0
7	127377330	127374945	0
7	127386156	127377185	0
7	127386156	127377190	0
7	127585608	127580617	10
7	127589595	127590065	1
7	127589952	127582819	1
7	127592005	127591491	0
7	127592238	127591812	2
7	127593607	127589755	1
7	127610986	127610810	0
7	127611677	127610291	0
7	127611677	127610810	0
7	127611677	127610854	0
7	127611677	127610937	0
7	127611849	127610936	0
7	127612001	127611534	0
7	127612001	127611815	0
7	127613092	127611750	0
7	127613092	127611944	0
7	127645168	127644684	0
7	128030997	128030356	0
7	128030997	128030488	0
7	128031006	128030158	0
7	128031071	128027070	0
7	128313275	128297684	5
7	128313275	128310396	0
7	128313275	128310479	0
7	128314972	128313087	0
7	128315021	128313174	0
7	128323592	128321265	0
7	128324695	128323526	0
7	128324695	128323558	0
7	128335680	128333289	0
7	128336043	128335542	0
7	128336043	128335544	0
7	128337161	128335846	0
7	128337203	128335846	0
7	128337205	128335546	0
7	128338343	128337130	0
7	128338802	128337130	0
7	128338802	128338249	0
7	128338802	128338279	0
7	128343871	128337130	0
7	128352679	128350324	0
7	128358801	128350325	0
7	128358801	128350353	0
7	128358801	128350855	0
7	128358801	128352116	0
7	128358801	128352448	0
7	128359636	128359148	0
7	128360064	128359148	0
7	128361423	128359339	0
7	128361423	128359366	0
7	128361605	128359339	0
7	128361682	128359339	0
7	128361686	128359339	0
7	128361686	128359374	0
7	128393739	128392276	0
7	128393739	128392849	0
7	128394362	128392276	0
7	128394362	128392277	0
7	128394362	128392292	0
7	128394362	128392300	0
7	128394362	128392738	0
7	128394362	128392849	0
7	128394362	128393721	2
7	128394600	128394277	0
7	128394999	128394274	2
7	128398614	128396931	0
7	128400183	128398413	0
7	128400205	128398413	0
7	128400205	128398489	0
7	128400537	128398413	0
7	128400537	128400094	9
7	128400540	128400094	4
7	128400540	128400134	4
7	128400686	128400094	1
7	128400892	128400094	1
7	128400892	128400332	2
7	128401117	128400332	0
7	128401117	128400671	0
7	128401117	128400816	0
7	128401117	128400831	0
7	128401117	128400842	0
7	128476876	128477081	20
7	128501833	128502613	99
7	128658792	128655961	1
7	128669893	128669086	0
7	128683256	128683822	0
7	128683256	128686560	0
7	128683310	128683822	0
7	128773889	128772490	14
7	128792184	128792319	0
7	128806396	128806687	0
7	128841364	128841453	0
7	128851501	128850161	0
7	128862627	128853284	0
7	128865011	128862450	0
7	128874449	128864901	0
7	128874611	128873814	0
7	128874611	128874295	0
7	128877791	128876864	0
7	128877791	128876939	0
7	128877791	128877042	0
7	128878723	128874523	0
7	128879624	128874523	0
7	128890514	128888862	0
7	128891088	128890342	0
7	128891097	128889946	0
7	128891097	128890342	0
7	128891279	128890342	0
7	128913175	128912731	0
7	128947057	128947229	0
7	128947057	128947277	0
7	128947307	128947336	0
7	128957316	128954179	0
7	128957316	128955087	0
7	128967393	128957222	0
7	128967393	128957223	0
7	128972583	128970147	0
7	129041718	129017956	0
7	129054884	129017956	0
7	129054915	129017956	0
7	129055145	129017956	0
7	129055174	129017956	0
7	129095812	129095300	0
7	129096736	129096026	0
7	129213546	129209774	0
7	129388941	129389055	0
7	129784472	129783369	0
7	129839336	129830731	0
7	129839336	129830743	0
7	129839336	129834936	0
7	129839336	129834940	0
7	129839742	129834977	0
7	129857564	129839203	0
7	129857564	129839206	0
7	129857564	129839224	0
7	129858942	129856972	0
7	129858942	129857510	0
7	129858942	129857547	0
7	129858970	129857078	0
7	129879643	129839206	0
7	130022526	130018285	0
7	130022526	130018286	0
7	130022526	130018291	0
7	130022526	130018292	0
7	130022526	130018314	0
7	130022526	130018325	0
7	130023724	130022318	0
7	130024378	130023510	0
7	130024507	130022318	0
7	130024507	130023510	0
7	130024507	130023563	0
7	130024507	130023676	0
7	130026313	130023510	0
7	130026313	130024262	0
7	130029030	130026157	0
7	130029030	130026235	0
7	130039548	130028901	0
7	130039548	130036649	0
7	130039548	130039274	0
7	130039627	130028901	0
7	130041102	130039463	0
7	130041102	130039506	0
7	130043881	130039518	0
7	130049145	130039463	0
7	130051375	130039463	0
7	130170474	130164714	0
7	130170474	130166077	0
7	130175610	130173824	0
7	130178462	130175175	0
7	130178528	130175511	0
7	130181720	130175511	0
7	130181720	130178401	0
7	130182058	130178458	0
7	130202092	130192621	0
7	130202664	130201849	0
7	130202664	130201982	0
7	130203847	130202531	0
7	130204111	130203787	0
7	130204111	130203814	0
7	130205349	130203973	0
7	130205383	130203973	0
7	130205404	130203973	0
7	130205499	130203973	0
7	130206979	130203973	0
7	130345206	130345838	0
7	130345331	130345838	0
7	130367572	130367905	0
7	130383795	130384535	0
7	130384627	130385145	0
7	130400255	130393770	1
7	130400255	130397507	1
7	130400255	130398728	0
7	130400822	130393770	0
7	130400822	130398738	0
7	130400822	130400038	0
7	130401147	130400038	0
7	130401949	130400267	0
7	130401949	130400706	0
7	130401949	130400779	0
7	130402687	130401880	0
7	130402800	130401880	0
7	130402800	130401932	0
7	130404709	130402647	0
7	130404709	130402668	0
7	130404709	130402694	0
7	130411192	130402647	0
7	130411192	130404563	0
7	130411192	130404598	0
7	130411192	130404639	0
7	130412241	130410875	0
7	130412241	130411121	0
7	130412241	130411164	0
7	130416967	130412018	0
7	130416967	130412178	0
7	130426714	130416918	0
7	130426731	130416918	0
7	130426760	130416918	0
7	130426760	130421852	0
7	130426980	130416918	0
7	130428019	130412178	0
7	130428019	130416918	0
7	130428019	130419033	0
7	130428019	130421434	0
7	130490978	130486041	0
7	130491034	130486041	0
7	130497236	130497935	0
7	130498014	130498138	0
7	130498014	130498168	0
7	130498014	130498418	0
7	130498276	130498418	0
7	130500519	130500834	0
7	130500533	130500788	0
7	130507373	130506237	0
7	130507373	130506523	0
7	130507824	130507273	0
7	130508660	130507684	0
7	130547846	130507684	0
7	130547846	130508561	0
7	130547846	130508568	0
7	130548543	130546786	0
7	130548543	130547673	0
7	130611111	130564259	0
7	130652949	130616989	0
7	130668706	130667481	0
7	130668749	130667481	0
7	130671789	130668647	0
7	130671789	130668926	0
7	130679368	130672733	0
7	130681018	130679154	0
7	130681018	130679312	0
7	130683673	130680945	0
7	130832586	130791263	0
7	130841586	130840203	0
7	130866686	130862646	0
7	130866686	130865083	0
7	130872640	130831072	0
7	130884397	130832520	0
7	130884397	130872459	2
7	130884397	130872500	4
7	130884397	130876808	0
7	130884397	130881669	0
7	130884397	130881761	0
7	130912153	130881057	0
7	130912153	130884108	0
7	130912153	130884316	0
7	130945836	130884316	0
7	130945836	130912109	0
7	130945836	130938962	0
7	130945836	130941759	0
7	130945836	130944161	0
7	130945836	130944164	1
7	130945836	130944165	1
7	130945836	130944167	1
7	130945836	130944170	1
7	130945836	130944174	1
7	130945836	130944197	1
7	130945836	130944506	0
7	130945836	130944578	0
7	130945836	130944707	0
7	130945836	130944795	1
7	130945856	130944197	1
7	130959971	130945719	0
7	130967518	130945609	0
7	130978529	130944292	0
7	130978529	130945719	0
7	130984110	130872459	0
7	130984110	130944166	0
7	130984110	130944168	0
7	130984110	130944189	0
7	130984110	130944197	0
7	130984110	130945719	0
7	131002321	130984052	0
7	131009779	130984052	0
7	131049703	131042835	0
7	131052494	130984052	0
7	131052551	131049537	0
7	131052556	130984052	0
7	131052556	130993981	0
7	131052556	131001707	0
7	131052556	131002196	0
7	131052556	131009708	0
7	131076588	131052424	0
7	131081014	131052424	0
7	131088475	131052424	0
7	131106357	131052424	0
7	131106562	131052424	0
7	131106618	130984052	0
7	131106618	131052424	0
7	131107036	131052424	0
7	131107809	131052424	0
7	131107921	131052424	0
7	131107922	131052424	0
7	131107924	131052424	0
7	131107929	131051864	0
7	131107929	131052424	0
7	131107980	131052424	0
7	131108031	131052424	0
7	131108064	130984052	0
7	131108804	131052424	0
7	131311224	131309468	0
7	131311224	131309743	0
7	131323869	131311129	0
7	131323869	131321878	0
7	131324426	131323364	0
7	131324426	131323593	0
7	131324426	131323631	0
7	131324426	131323685	0
7	131324426	131323688	0
7	131324426	131323776	0
7	131506036	131500261	0
7	131506036	131504130	0
7	131506106	131503949	0
7	131506322	131505867	0
7	131506322	131505875	0
7	131506322	131505888	0
7	131509403	131506578	0
7	131509586	131506578	0
7	131509586	131508950	0
7	131510332	131509364	0
7	131510899	131509068	0
7	131511434	131508950	0
7	131511434	131509364	0
7	131511434	131510235	1
7	131556564	131510827	0
7	131556608	131510827	0
7	131556610	131510827	0
7	131557242	131511194	0
7	131893616	131892615	0
7	132133200	132123331	0
7	132133200	132123340	0
7	132140812	132133048	0
7	132145289	132140598	0
7	132145508	132140603	0
7	132298223	132241065	0
7	132489475	132298090	0
7	132489475	132383487	0
7	132489475	132484757	0
7	132796578	132784867	0
7	132796578	132785392	0
7	132796578	132785509	0
7	132796578	132785524	0
7	132885746	132838398	0
7	132975287	132885661	0
7	132975287	132886973	0
7	132975287	132972914	0
7	133052063	133024545	0
7	133070199	133024545	0
7	133070230	133024545	0
7	133070230	133035748	0
7	13340261	13339200	0
7	133733596	133732492	0
7	134295178	134294605	43
7	134296467	134289331	20
7	134296467	134294551	1
7	134299599	134296390	0
7	134300262	134299308	0
7	134300262	134299522	0
7	134350792	134346070	0
7	134418127	134416289	0
7	134418975	134417781	1
7	134432417	134418626	0
7	134432432	134417971	0
7	134432454	134418470	0
7	134445321	134442349	0
7	134445321	134442385	0
7	134445321	134442386	0
7	134447382	134444726	0
7	134447382	134445237	0
7	134448025	134447297	0
7	134448062	134445237	0
7	134448062	134447297	0
7	134448494	134447297	0
7	134448494	134447460	0
7	134448494	134447849	0
7	134448494	134447955	0
7	134448494	134447979	0
7	134449120	134448386	0
7	134449333	134448386	0
7	134449798	134448996	0
7	134449798	134449054	0
7	134449798	134449095	0
7	134450903	134449057	0
7	134450903	134449577	0
7	134450903	134449684	0
7	134450903	134449719	0
7	134450958	134449718	0
7	134451754	134450785	0
7	134451807	134450785	0
7	134459099	134451585	0
7	134459103	134451585	0
7	134459130	134451585	0
7	134459131	134451585	0
7	134459135	134451293	0
7	134459143	134451585	0
7	134459193	134451585	0
7	134459253	134451585	0
7	134459285	134451585	0
7	134960112	134960532	0
7	135148164	135093378	0
7	135167808	135165781	3
7	135167808	135165784	3
7	135167808	135165828	0
7	135167808	135166467	2
7	135167808	135166574	2
7	135167808	135166599	2
7	135167810	135167362	0
7	135168180	135166343	2
7	135169061	135092362	0
7	135169061	135167731	0
7	135169460	135168748	0
7	135169475	135168930	0
7	135170512	135168595	0
7	135170525	135168748	2
7	135170662	135168748	2
7	135170676	135168968	9
7	135170696	135167731	0
7	135170696	135168748	1
7	135170696	135168785	2
7	135170739	135168303	0
7	135170796	135168744	0
7	135187170	135183838	0
7	135187170	135185781	0
7	135188546	135186971	0
7	135189453	135188412	0
7	135189453	135188432	0
7	135189453	135188449	0
7	135193400	135189343	0
7	135193559	135189343	0
7	135193670	135193230	0
7	135193673	135193214	0
7	135193673	135193230	0
7	135193874	135193214	0
7	135196318	135194933	0
7	135196338	135194933	0
7	135197270	135196219	0
7	135198152	135196143	0
7	135198152	135196272	0
7	135204434	135196143	0
7	135204434	135197043	0
7	135204434	135197992	0
7	135204466	135197992	0
7	135206059	135197992	0
7	135207149	135205927	0
7	135207203	135205927	0
7	135209756	135208790	0
7	135210900	135209575	0
7	135211535	135209575	0
7	135247218	135246112	0
7	135259907	135247133	0
7	135270321	135270016	0
7	135288398	135259761	0
7	135288398	135277199	0
7	135307311	135279352	0
7	135317737	135310564	0
7	135317753	135316214	0
7	135363088	135361797	31
7	135363187	135363054	15
7	135364067	135361794	0
7	135364067	135362998	0
7	135387888	135363853	0
7	135394416	135361797	1
7	135394416	135362884	0
7	135394416	135363088	0
7	135394416	135363853	0
7	135394416	135384289	0
7	135394416	135386150	0
7	135394416	135387069	0
7	135422354	135415175	0
7	135438332	135422155	0
7	135438424	135422155	0
7	135438424	135422220	0
7	135438424	135422275	0
7	135438424	135422313	0
7	135509158	135438157	0
7	135509694	135438157	0
7	135510077	135438157	0
7	135510078	135438157	0
7	135510081	135438157	0
7	135510092	135438157	0
7	135510128	135438157	0
7	135684262	135681236	0
7	135684262	135681240	0
7	135685686	135681236	0
7	135691646	135691200	0
7	135692425	135691547	0
7	135694239	135692322	0
7	135699549	135695367	0
7	135701761	135699363	0
7	135705651	135702844	0
7	135705808	135702844	0
7	135706301	135699363	0
7	135708251	135701679	0
7	135708251	135706127	0
7	135721524	135707436	0
7	135721524	135708113	0
7	135721524	135708140	0
7	135727625	135721394	0
7	135727695	135721392	0
7	135728175	135721394	0
7	135728187	135721394	0
7	135728205	135721394	0
7	135729227	135727397	0
7	135729259	135727397	0
7	135734320	135729598	1
7	135734320	135729606	1
7	135737200	135728347	0
7	135737200	135733555	0
7	135737200	135733645	0
7	135737200	135733676	0
7	135950683	135926760	0
7	135977317	135951516	0
7	135977354	135929458	0
7	136687920	136685558	0
7	136752491	136743762	0
7	136785892	136687833	0
7	136785892	136752266	0
7	136902002	136898772	0
7	136906966	136901905	0
7	137031964	136743764	0
7	137031964	136784074	0
7	137032914	136752263	0
7	137032914	136785698	0
7	137032914	136785831	0
7	137032914	136901849	0
7	137164271	137119756	0
7	137164274	137032793	0
7	137164276	136785698	0
7	137164276	137032793	0
7	137164342	137032793	0
7	137181724	137032793	0
7	137181772	137032793	0
7	137236243	137227363	0
7	137251392	137227340	0
7	137343775	137254858	0
7	137343866	137254858	0
7	137350467	137344929	0
7	137352609	137348768	0
7	137352609	137350368	0
7	137395698	137381036	0
7	137395698	137388816	0
7	137395698	137390523	0
7	137395698	137391037	0
7	137395698	137391154	0
7	137395698	137391219	0
7	137395974	137391084	0
7	137463612	137444076	0
7	137466036	137444076	0
7	137466036	137463488	0
7	137521967	137487609	0
7	137521967	137493782	0
7	137585347	137581849	0
7	137587211	137585208	0
7	137678653	137585260	0
7	137678653	137656465	0
7	137690003	137678556	0
7	137690003	137678606	0
7	137690005	137678556	0
7	137774650	137771598	0
7	137774991	137689893	0
7	137843463	137678556	0
7	137846864	137689893	0
7	137847093	137689893	0
7	137882629	137874978	0
7	137882629	137874980	2
7	137885122	137882411	0
7	137885503	137884266	0
7	137885503	137884994	0
7	137913079	137878840	0
7	137913079	137908251	0
7	137915912	137912990	0
7	137916013	137912810	0
7	137916013	137912823	0
7	137916013	137912833	0
7	137916013	137912990	0
7	137916013	137913056	0
7	138001828	137928149	0
7	138001867	137928149	0
7	138002048	137928149	0
7	138002048	137999658	0
7	138002058	137928149	0
7	138002068	137928149	0
7	13859026	13854354	0
7	138596531	138594284	0
7	138596531	138594285	0
7	138596531	138594286	0
7	138596531	138594436	0
7	138596531	138594599	0
7	138597250	138594284	0
7	138621136	138594284	0
7	138626051	138596416	0
7	138626051	138621045	0
7	138626095	138621045	0
7	138646449	138645670	0
7	138649138	138644716	0
7	138701353	138678963	0
7	138709796	138706293	0
7	138709796	138706294	0
7	138709796	138706309	0
7	138709796	138706338	0
7	138709796	138706525	0
7	138722026	138706326	0
7	138734255	138732876	0
7	138739634	138734135	0
7	138747676	138734187	0
7	138759879	138756457	0
7	138762435	138759751	0
7	138762435	138759875	0
7	138786251	138780033	0
7	138786261	138771130	0
7	138798105	138771130	0
7	138798197	138786157	0
7	138798298	138786243	0
7	138799561	138798033	0
7	138840279	138831380	0
7	138840279	138837524	0
7	138879654	138871156	0
7	13900840	13891227	0
7	13900840	13891232	0
7	13900840	13893029	0
7	13900840	13893267	0
7	13900840	13894154	0
7	13900840	13894380	0
7	13900840	13895735	0
7	13900840	13895857	0
7	139026834	139025705	9
7	139053582	139043519	0
7	139053582	139045915	0
7	139061139	139055204	0
7	13906499	13900372	0
7	139065000	139060337	0
7	139065000	139061035	0
7	13906600	13900737	0
7	13907857	13906429	0
7	13909701	13906197	0
7	13909701	13906429	0
7	13909701	13906500	0
7	13911308	13909631	0
7	139227829	139227536	0
7	13931750	13909631	0
7	13931750	13911238	0
7	13931750	13911246	0
7	13931750	13911281	0
7	13935897	13931501	0
7	13935897	13931641	0
7	139375584	139376061	0
7	13939247	13931501	0
7	13939247	13935707	0
7	13939247	13935710	0
7	13939247	13935892	0
7	139454215	139452689	0
7	139483664	139453337	0
7	139575289	139561569	46
7	139575289	139572628	0
7	139584065	139575127	2
7	139596999	139583816	0
7	139600597	139583523	0
7	13977481	13939116	0
7	13977481	13939195	0
7	13977481	13958756	0
7	13977481	13974863	0
7	13986453	13939116	0
7	13986515	13939116	0
7	13986686	13939116	0
7	13988174	13986637	0
7	13988514	13986637	0
7	13988874	13988085	0
7	13989104	13988085	0
7	13989140	13988085	0
7	13989140	13988158	0
7	13989465	13989007	0
7	13989640	13989007	0
7	13989667	13989007	0
7	13989677	13989007	0
7	13989877	13989307	0
7	13989947	13989267	0
7	13989948	13989007	0
7	13990691	13989267	0
7	13990703	13989007	0
7	13991250	13989007	0
7	13991426	13989007	0
7	140026349	140023743	0
7	140026349	140023748	0
7	140026349	140023785	0
7	140026349	140024533	0
7	140026349	140024580	0
7	140026349	140025242	0
7	140027319	140026196	0
7	140027407	140026195	0
7	140027407	140026196	0
7	140027668	140026203	0
7	140028689	140026196	0
7	140028689	140027275	0
7	140029143	140027275	0
7	140034332	140028612	0
7	140034332	140033841	0
7	140034737	140028612	0
7	140041729	140037714	0
7	140041840	140034234	0
7	140041840	140037714	0
7	140047008	140041378	0
7	140047008	140041643	0
7	140054764	140034234	0
7	140054764	140037714	0
7	140058035	140056855	0
7	140058035	140057406	0
7	140092078	140084745	0
7	140092078	140084854	0
7	140092142	140090902	0
7	140095712	140094055	0
7	140096764	140094055	0
7	140296138	140293692	0
7	140337350	140297299	0
7	140337350	140333751	0
7	140337350	140333753	1
7	140337350	140334869	0
7	140337350	140334890	0
7	140337350	140335104	0
7	140337350	140335289	0
7	140337350	140335320	0
7	140337350	140335454	0
7	140337826	140335471	0
7	140343490	140333790	0
7	140343531	140334988	0
7	140348687	140337283	0
7	140348768	140337283	0
7	140348768	140345868	0
7	140351358	140337283	0
7	140351406	140348457	0
7	140351452	140348625	0
7	140351970	140348625	0
7	140352101	140351272	0
7	140352147	140348625	0
7	140352147	140351272	0
7	140352147	140351430	0
7	140352147	140351519	0
7	140352147	140351875	0
7	140352182	140351360	0
7	140352182	140351888	0
7	140355765	140348625	0
7	140355765	140351272	0
7	140355765	140352061	0
7	140358786	140355667	0
7	140364492	140351272	0
7	140364492	140352061	0
7	140364492	140355667	0
7	140364492	140358639	0
7	140369655	140364407	0
7	140369663	140364407	0
7	140369683	140355667	0
7	140369683	140358639	0
7	140369683	140364407	0
7	140369683	140364458	0
7	140379308	140369589	0
7	140380391	140369589	0
7	140380391	140379213	0
7	140380391	140379258	0
7	140382475	140379877	0
7	140382597	140358639	0
7	140382597	140369589	0
7	140382597	140380281	0
7	140398458	140382437	0
7	140398479	140382437	0
7	140398482	140382437	0
7	140398490	140382437	0
7	140398503	140382437	0
7	140398505	140382437	0
7	140398508	140382437	0
7	140398509	140382437	0
7	140398533	140382437	0
7	140398550	140382437	0
7	140398551	140382437	0
7	140398682	140382482	0
7	140402823	140398598	0
7	140404311	140402601	0
7	140404434	140400335	0
7	140455234	140453039	5
7	140455234	140454142	5
7	140455234	140454267	5
7	140455234	140454463	1
7	140455234	140454664	5
7	140455901	140453046	1
7	140456867	140455094	0
7	140456867	140455789	1
7	140456920	140455789	8
7	140459234	140456185	0
7	140459234	140456191	0
7	140459234	140456651	0
7	140459937	140459006	0
7	140459937	140459090	1
7	140459937	140459177	1
7	140460244	140459928	0
7	140472012	140456179	0
7	140472012	140456651	0
7	140472012	140459706	0
7	140472012	140459771	0
7	140472012	140459797	0
7	140472012	140459840	0
7	140519719	140518419	0
7	140519719	140518429	0
7	140519719	140518459	0
7	140519719	140518463	0
7	140527438	140525750	0
7	140527496	140525750	0
7	140544767	140525750	0
7	140544767	140527315	0
7	140544767	140527317	0
7	140546940	140543577	0
7	140546940	140544617	0
7	140569739	140568762	0
7	140574009	140569644	0
7	140602513	140587652	0
7	140602543	140587652	0
7	140605807	140601402	0
7	140605807	140601924	0
7	140605807	140602161	0
7	140640299	140605704	0
7	140640546	140605704	0
7	140640777	140601402	0
7	140640787	140587652	0
7	140641486	140605704	0
7	140673994	140602125	0
7	140697078	140695335	4
7	140734771	140719326	0
7	140734771	140725324	0
7	140734771	140726368	0
7	140739947	140725144	0
7	140739947	140730664	0
7	140739947	140732562	0
7	140739947	140734313	0
7	140739947	140734485	0
7	140739947	140734486	0
7	140739947	140734520	0
7	140739947	140734557	0
7	140739947	140734596	0
7	140739947	140734616	0
7	140741718	140734486	0
7	140781678	140777990	0
7	140781694	140777990	0
7	140781694	140779806	0
7	140783158	140781575	0
7	140783465	140780358	0
7	140800385	140794307	0
7	140800438	140794307	0
7	140800463	140794307	0
7	140800482	140787547	0
7	140800482	140794307	0
7	140801561	140794307	0
7	140801561	140799053	0
7	140801561	140800361	0
7	140808063	140801411	0
7	140808272	140801019	0
7	140808996	140807959	0
7	140808996	140808236	0
7	140824399	140808891	0
7	140834704	140808891	0
7	140834873	140807959	0
7	140834873	140808882	0
7	140834873	140808891	0
7	140834873	140822384	0
7	140850213	140808891	0
7	140850213	140833971	0
7	140850213	140834608	0
7	140924704	140850110	0
7	140924707	140850110	0
7	140924709	140850110	0
7	140924710	140850110	0
7	140924713	140850110	0
7	140924727	140850110	0
7	140924733	140850110	0
7	140924743	140850110	0
7	140924811	140850110	0
7	140924929	140850110	0
7	140999801	140997951	0
7	141010095	141006167	0
7	141010618	141006168	0
7	141010661	141002609	0
7	141010661	141006053	0
7	141010661	141006167	0
7	141014430	141010418	1
7	141014649	141006167	0
7	141014653	141010227	0
7	141014680	141010418	0
7	141014950	141010158	0
7	141014967	141010418	0
7	141014984	141010418	0
7	141015229	141010418	0
7	141396270	141392154	0
7	141416391	141414382	0
7	141431269	141429710	0
7	141513184	141512697	0
7	141531244	141529202	0
7	141547401	141531072	0
7	141551194	141530915	0
7	141615566	141615873	0
7	141651610	141652786	0
7	141656811	141652380	3
7	141664241	141656727	7
7	141664241	141661929	2
7	141711801	141705702	0
7	141714375	141704337	0
7	141714375	141704631	0
7	141724025	141704631	0
7	141724025	141705695	0
7	141724025	141714188	0
7	141724025	141720794	0
7	141727379	141723915	0
7	141727643	141723915	0
7	141728146	141723901	0
7	141728146	141723915	0
7	141728146	141727203	0
7	141737542	141727991	0
7	141737568	141727991	0
7	141737776	141727991	0
7	141738221	141723915	0
7	141738221	141727991	0
7	141738231	141727991	0
7	141738232	141727648	0
7	141738347	141727991	0
7	14176900	14145048	0
7	14176900	14146233	0
7	14176900	14148308	0
7	14176900	14149156	0
7	14178152	14175972	0
7	14178152	14176838	0
7	141837249	141836285	0
7	141837249	141836299	0
7	141837249	141836328	0
7	141837249	141836358	0
7	141931827	141927356	0
7	141931827	141929130	0
7	141931827	141929339	0
7	141931827	141930014	0
7	141935951	141931506	0
7	141935951	141931719	0
7	141936332	141931766	0
7	141945401	141931719	0
7	141946888	141931507	0
7	142242364	142240739	0
7	142242364	142240773	0
7	142252612	142252142	0
7	142252612	142252143	0
7	142266824	142265832	0
7	142269886	142266690	0
7	142271302	142268283	0
7	142271302	142269630	0
7	142288052	142287371	0
7	142288076	142287250	0
7	142288850	142287937	0
7	142289782	142288598	0
7	142291598	142288323	0
7	14269202	14178030	0
7	142750715	142751068	0
7	142750715	142751773	0
7	142751111	142751773	0
7	142751807	142751836	0
7	142773432	142773476	0
7	142813400	142812585	0
7	142862834	142863126	0
7	142862834	142863130	0
7	142864263	142864533	0
7	142866317	142866480	0
7	142867723	142867996	0
7	142868050	142868240	0
7	142872479	142871202	0
7	142872479	142871208	0
7	142872479	142871212	0
7	142872479	142871706	0
7	142874143	142872371	0
7	142874143	142873447	0
7	142874657	142873447	0
7	142874657	142874075	0
7	142874657	142874097	0
7	142874981	142873813	0
7	142876445	142875467	0
7	142876541	142875757	0
7	142876584	142875757	0
7	142876809	142876113	0
7	142876838	142876407	0
7	142877280	142876738	0
7	142877774	142876823	0
7	142877774	142877141	0
7	142877807	142877239	0
7	142877956	142877141	0
7	142885390	142876738	0
7	142885746	142875467	0
7	142909597	142908100	0
7	142909597	142908513	0
7	142925742	142915481	0
7	142928235	142924794	0
7	142928235	142925528	0
7	142928867	142925528	0
7	142942530	142941113	0
7	142942948	142942065	0
7	142943045	142942433	0
7	142943155	142942458	0
7	142943597	142942874	0
7	142943597	142943275	0
7	142943840	142943485	0
7	142943884	142943485	0
7	142943884	142943548	0
7	142946318	142944642	0
7	142952639	142946073	0
7	142952639	142946206	0
7	142954373	142953807	0
7	142954524	142954285	0
7	142954528	142954183	0
7	142957974	142954464	0
7	142958428	142957826	0
7	142958429	142954343	0
7	142958429	142957826	0
7	142958429	142957829	0
7	142961105	142958303	0
7	143047581	143047212	0
7	143063586	143062329	0
7	143263586	143264085	2
7	143264168	143264547	0
7	143264677	143264991	1
7	143265093	143265260	12
7	143284975	143285344	1
7	143284975	143285347	1
7	143284999	143285347	1
7	143285839	143255263	0
7	143286172	143285717	3
7	143286664	143285976	1
7	143287381	143285719	0
7	143300295	143300379	0
7	143300295	143303783	0
7	143300441	143303783	0
7	143357424	143353399	0
7	143357424	143353400	0
7	143357424	143353401	0
7	143357424	143353821	1
7	143357424	143356970	0
7	143359025	143357279	0
7	143359025	143357280	0
7	143359420	143358826	0
7	143359519	143358842	0
7	143359768	143358826	0
7	143359768	143358886	0
7	143360150	143358826	0
7	143380496	143379691	13
7	143381410	143381556	2
7	143382448	143382592	0
7	14338711	14178030	0
7	14338711	14209071	0
7	143391392	143390288	0
7	143391776	143391111	0
7	143391776	143391410	0
7	143394344	143393670	0
7	143395015	143394193	0
7	143395015	143394209	0
7	143395183	143394193	0
7	143395183	143394806	0
7	143395183	143394807	0
7	143397658	143397303	0
7	143398071	143397480	0
7	143398071	143397560	0
7	143401606	143399650	0
7	143407651	143400825	0
7	143407679	143401323	0
7	143513885	143509255	0
7	1435148	1428618	0
7	1435148	1434359	0
7	1435148	1434365	2
7	143519470	143513739	0
7	143546736	143545185	0
7	143642978	143639229	0
7	143644127	143642639	0
7	143644680	143643886	0
7	143646049	143644465	0
7	1436857	1434209	0
7	1436857	1434365	0
7	1436857	1435100	0
7	1437609	1428478	0
7	1437609	1436741	0
7	1437609	1436742	0
7	1437612	1428464	0
7	143762158	143761789	0
7	1437914	1437433	0
7	1437981	1437534	0
7	1437981	1437535	0
7	143810045	143809582	0
7	143811627	143762003	0
7	143811627	143809903	0
7	143813178	143813516	0
7	143813780	143811389	0
7	143813780	143811547	0
7	143833884	143811968	0
7	143833884	143811970	0
7	143833884	143813458	0
7	1438354	1437534	0
7	143836209	143833246	0
7	143836226	143833728	0
7	143836270	143813334	0
7	143836687	143813620	0
7	143836706	143813620	0
7	143836707	143813620	0
7	143836709	143833246	0
7	143836934	143811967	0
7	143857351	143851374	0
7	143857351	143853695	0
7	143857351	143853827	0
7	143876623	143862801	0
7	143882100	143876107	0
7	143882100	143876383	0
7	143882906	143876158	0
7	143885272	143862801	0
7	1438963	1438288	0
7	1438992	1438288	0
7	1438996	1438288	0
7	143902127	143875988	0
7	143902156	143875988	0
7	143902199	143876171	0
7	1439159	1438096	0
7	1439432	1436741	0
7	143959995	143960630	0
7	143980226	143979120	0
7	1439872	1438288	0
7	1440023	1434358	0
7	1440086	1438288	0
7	1440086	1438839	0
7	1440728	1438924	1
7	144195656	144186082	0
7	144238744	144228243	0
7	144239096	144239274	0
7	144253589	144250044	0
7	144253589	144251661	0
7	144254697	144251263	0
7	144254697	144253532	0
7	144255733	144253532	0
7	144255733	144254433	0
7	144255733	144254603	0
7	144264793	144257662	0
7	144274122	144272444	0
7	144282535	144278312	0
7	144298681	144299365	0
7	144311705	144251324	0
7	144311705	144300470	0
7	144311705	144307144	0
7	144311705	144307147	0
7	144311937	144311590	0
7	144311940	144311590	0
7	144335133	144311883	0
7	144343299	144251386	0
7	144343299	144311590	0
7	144343299	144311882	0
7	144343299	144311883	0
7	144343299	144318672	0
7	144343299	144336767	0
7	144343300	144335078	0
7	144343302	144300394	0
7	144349444	144343241	0
7	144350825	144343170	0
7	144350825	144343186	0
7	144354161	144254095	0
7	144355139	144254433	0
7	144355152	144343186	0
7	144355521	144343186	0
7	144355601	144252295	0
7	144355704	144343186	0
7	144355708	144251407	0
7	144398587	144397239	0
7	144398587	144397510	0
7	144531170	144451940	0
7	144531170	144530870	0
7	1445429	1440590	0
7	1445429	1442191	0
7	144548603	144451940	0
7	144548603	144451942	0
7	144548603	144451949	0
7	144548603	144452581	0
7	144548603	144453427	0
7	144548603	144531063	0
7	144548603	144531109	0
7	144591570	144548490	0
7	144607051	144591422	0
7	144623262	144548490	0
7	144623262	144591136	0
7	144623262	144591422	0
7	144623262	144591423	0
7	144623262	144606928	0
7	144646115	144623165	0
7	144646164	144643543	0
7	144648880	144619180	0
7	144648880	144623165	0
7	144648880	144646085	0
7	144681865	144667725	0
7	1446829	1444651	0
7	1446829	1445070	0
7	144682979	144648806	0
7	144682979	144667725	0
7	144682979	144681739	0
7	144682979	144681806	0
7	1447766	1446712	0
7	1447953	1446712	0
7	1448034	1446656	0
7	144835619	144765879	0
7	144836000	144835130	0
7	144836054	144835559	0
7	144836396	144835559	0
7	145416	135852	0
7	145431	144443	2
7	145681370	145675881	0
7	14580952	14574211	0
7	14583138	14580861	0
7	14583138	14580902	0
7	14621495	14613339	0
7	14630269	14621140	0
7	14630269	14621377	0
7	14630272	14621377	0
7	14673028	14621377	0
7	14694195	14685244	0
7	14698170	14694074	0
7	14698170	14694076	0
7	147083222	147080933	0
7	1470956	1470276	15
7	1470956	1470477	0
7	1471225	1470845	0
7	1471642	1471132	0
7	1471762	1471170	0
7	14718686	14621377	0
7	14736170	14718541	0
7	14736195	14718541	0
7	1474361	1473565	0
7	1474839	1474167	0
7	1474839	1474199	0
7	14753949	14736040	0
7	14753949	14736137	0
7	14757732	14736040	0
7	14757732	14736173	0
7	1482708	1481341	1
7	1483854	1482545	1
7	14841348	14757654	0
7	14841451	14757654	0
7	14841451	14757689	0
7	1484171	1482277	0
7	1484171	1483741	0
7	148477516	148473598	0
7	148546340	148543676	0
7	148619	145293	5
7	148754010	148754081	7
7	148809156	148807382	0
7	148809156	148807383	0
7	148809156	148807384	0
7	148809156	148807481	0
7	148809156	148807524	0
7	148810415	148809309	0
7	148811721	148810332	0
7	148811824	148810199	0
7	148817392	148816683	0
7	148818118	148815505	0
7	148818118	148817221	0
7	148819060	148816683	0
7	148819060	148818036	0
7	148819688	148817356	0
7	148819688	148817876	0
7	148826633	148819595	0
7	148827267	148819595	0
7	148883262	148847181	0
7	148883510	148847181	0
7	148884246	148847181	0
7	148884249	148847181	0
7	148884279	148847181	0
7	148884284	148847181	0
7	148884288	148847181	0
7	148884322	148847181	0
7	149005375	149003061	0
7	149005375	149004198	0
7	149019198	149014903	0
7	149021148	149018991	0
7	149021148	149019120	0
7	14902909	14757654	0
7	149074539	149069642	0
7	149074539	149069962	0
7	149112296	149102783	0
7	149112296	149105488	0
7	149112397	149105272	0
7	149113455	149112017	0
7	149118349	149112136	0
7	149126307	149118221	0
7	149126347	149118221	0
7	149223991	149224247	31
7	149276657	149275618	0
7	149293493	149293750	0
7	149294413	149294539	2
7	149363	148531	3
7	149436827	149431362	0
7	149439	148231	0
7	149467	148010	0
7	149477048	149472695	0
7	149477048	149472793	0
7	149477048	149472795	0
7	149477048	149475377	1
7	1494894	1493753	0
7	1494894	1494455	0
7	149492973	149477563	0
7	149492973	149487619	0
7	149549375	149547158	0
7	149550947	149547153	0
7	149550947	149549082	0
7	149550947	149549192	0
7	149558840	149551654	0
7	149558840	149552800	0
7	149563604	149558785	0
7	149620038	149552800	0
7	149620038	149558607	0
7	149620038	149563519	0
7	149621151	149619923	0
7	149621173	149619748	0
7	149621173	149619923	0
7	149621560	149619923	0
7	149715067	149715238	1
7	149769201	149764181	0
7	149769201	149764362	0
7	149784883	149784884	0
7	149786224	149787368	0
7	149791394	149791474	0
7	149795667	149796370	0
7	149797345	149798067	0
7	149806830	149806833	0
7	149809125	149809126	0
7	149824673	149824964	0
7	149825093	149825096	0
7	149826578	149826678	0
7	149826578	149826912	0
7	149826578	149827768	0
7	149826822	149826912	0
7	149826960	149827768	0
7	149826960	149827770	0
7	149859527	149860382	0
7	149870352	149867772	0
7	149871797	149867696	0
7	149871797	149870241	0
7	149871797	149870297	0
7	149880611	149871641	0
7	149892399	149891190	0
7	1499633	1499254	0
7	1500022	1499472	0
7	1500022	1499527	0
7	150133	151810	0
7	150133	152440	0
7	150249055	150247212	0
7	150284846	150243915	0
7	150284846	150248947	0
7	150286541	150284746	0
7	150286541	150284752	0
7	150289594	150286366	0
7	150289594	150286467	0
7	150293420	150289449	0
7	150295297	150293311	0
7	150295348	150289449	0
7	150295348	150293311	0
7	150338742	150338316	0
7	150338742	150338318	0
7	150338742	150338357	0
7	150339082	150338336	0
7	150339082	150338614	0
7	150339082	150338624	0
7	150371156	150363776	2
7	150372591	150371077	252
7	150383886	150379853	0
7	150630143	150625374	0
7	150630143	150625377	0
7	150630143	150627675	0
7	150677397	150676832	0
7	150737709	150740016	0
7	150737709	150740878	0
7	150740504	150740878	0
7	150792176	150791284	0
7	150792176	150791286	0
7	150792176	150791291	0
7	150792176	150791300	0
7	150792176	150791301	0
7	150801567	150802214	0
7	150801725	150802214	0
7	150801870	150802214	0
7	150802326	150803399	0
7	150803457	150803619	0
7	1509428	1508654	0
7	150947055	150944960	0
7	150950421	150948855	0
7	150951121	150949414	0
7	150951121	150949422	0
7	150951121	150949898	0
7	150951121	150950167	0
7	150951836	150949415	0
7	151010808	151010898	0
7	151012473	151013230	0
7	151012786	151012208	0
7	151013913	151012213	0
7	151013913	151012246	0
7	151013913	151013237	0
7	151014290	151013729	0
7	151014290	151013853	0
7	151014305	151013294	0
7	151015124	151014081	0
7	151015590	151014945	0
7	151015714	151014945	0
7	151015997	151014870	0
7	151016024	151015002	0
7	151016024	151015171	0
7	151016024	151015359	0
7	151016236	151015181	0
7	151016236	151015881	0
7	151021330	151018293	0
7	151021330	151018619	0
7	151021330	151019836	0
7	151023207	151020917	0
7	151023207	151021187	0
7	151028611	151028779	0
7	151028611	151028800	0
7	151029755	151028780	0
7	151034429	151034504	5
7	151035743	151035881	0
7	151035968	151036072	0
7	151050609	151050757	0
7	151052238	151052415	6
7	151052238	151052573	6
7	151052475	151052553	7
7	151052475	151052573	7
7	151052475	151052646	3
7	151054293	151053811	0
7	151054293	151054008	0
7	151055374	151055026	0
7	151055607	151055276	0
7	151055607	151055298	0
7	151055849	151055531	0
7	151056361	151055488	0
7	151056637	151055531	0
7	151056637	151055752	0
7	151056797	151056579	0
7	151056976	151056735	0
7	151057161	151056565	0
7	151057161	151056907	0
7	151064368	151064525	0
7	151070912	151071071	0
7	151071606	151071688	1
7	151071838	151071941	0
7	151074294	151074398	0
7	151074489	151074674	0
7	151074842	151075254	1
7	151076531	151074741	37
7	151077028	151076623	0
7	151077028	151076625	0
7	151077028	151076628	0
7	151077028	151076645	0
7	151077156	151076625	0
7	151077237	151076592	0
7	151077237	151076625	4
7	151077237	151076654	6
7	151077237	151076912	3
7	151077402	151076625	0
7	151077402	151076912	3
7	151077513	151076990	0
7	151077781	151076637	4
7	151077781	151076912	4
7	151077781	151077100	1
7	151077781	151077309	4
7	151078093	151076715	13
7	151078093	151076912	0
7	151078093	151077100	0
7	151078093	151077309	4
7	151078093	151077620	16
7	151078700	151077771	0
7	151078702	151076912	2
7	151078702	151077309	2
7	151078702	151077620	2
7	151078702	151077878	0
7	151079050	151077874	0
7	151079923	151078561	0
7	151079923	151078841	0
7	151079923	151078922	4
7	151079932	151077698	2
7	151080497	151078561	0
7	151080791	151079499	3
7	151080795	151078922	5
7	151080796	151079499	3
7	151080830	151079497	4
7	151080843	151078841	3
7	151080845	151079499	4
7	151080847	151078922	5
7	151080863	151079499	3
7	151080867	151078841	0
7	151082594	151081079	24
7	151082594	151081084	24
7	151082594	151081483	24
7	151082594	151081495	24
7	151082594	151081777	104
7	151082594	151081833	118
7	151082909	151081085	6
7	151086787	151086894	6
7	151118345	151118473	0
7	151118345	151118504	0
7	151140117	151141897	0
7	151167192	151149776	0
7	151167549	151148588	0
7	151176298	151175697	0
7	151176298	151175701	0
7	151186660	151180938	0
7	151187054	151186644	0
7	151187156	151186391	0
7	151187392	151186391	0
7	151187833	151186391	0
7	151191877	151190872	0
7	151192454	151191637	0
7	151192454	151191826	0
7	151194280	151193196	0
7	151194364	151193290	0
7	151194599	151194255	0
7	151210379	151207836	0
7	151214192	151207836	0
7	151215083	151212489	21
7	151215083	151214057	0
7	151218192	151215966	0
7	151218651	151218080	0
7	151218651	151218159	0
7	151221681	151219063	0
7	151221985	151221577	0
7	151222617	151221577	0
7	151222617	151221635	0
7	151223850	151222520	0
7	151224115	151223677	1
7	151224115	151223679	1
7	151226501	151224775	0
7	151226627	151224775	0
7	151226959	151226472	1
7	151227036	151226304	0
7	151227167	151226304	0
7	151227231	151226304	0
7	151232815	151234085	66
7	151239471	151238763	0
7	151239498	151238972	0
7	151239498	151238973	0
7	151239498	151238975	0
7	151239498	151239007	0
7	151239747	151239395	0
7	151240209	151238980	1
7	151240248	151239623	1
7	151240523	151240111	0
7	151241493	151239623	0
7	151241654	151240111	0
7	151241654	151240421	0
7	151241654	151240424	0
7	151241979	151240424	0
7	151241979	151240899	0
7	151241979	151241491	0
7	151242233	151241257	0
7	151242233	151241876	0
7	151242233	151241907	0
7	151242233	151241957	0
7	151242604	151241798	0
7	151242604	151242136	0
7	151242793	151242464	0
7	151242844	151242136	0
7	151242844	151242480	0
7	151243687	151242720	0
7	151243702	151242480	0
7	151243702	151242704	0
7	151243702	151242720	0
7	151254479	151245459	0
7	151275252	151245459	0
7	151275253	151243658	0
7	151375944	151376633	0
7	151376812	151377046	0
7	151381982	151381120	0
7	151381982	151381127	0
7	151395918	151375908	0
7	151409632	151400099	0
7	151409714	151408972	0
7	151409990	151408559	0
7	151410021	151400099	0
7	151410039	151400099	0
7	151410706	151400099	0
7	151410728	151400099	0
7	151411793	151411966	0
7	151432286	151429969	0
7	151436274	151431813	0
7	151436326	151428834	0
7	151436326	151429718	0
7	151436326	151429969	0
7	151436326	151432167	0
7	151438245	151430000	0
7	151440009	151437838	0
7	151440045	151437995	0
7	151440814	151437838	0
7	151470653	151466011	0
7	151470653	151466873	0
7	151470653	151466952	0
7	151470653	151467100	0
7	151471442	151470570	0
7	151471606	151471393	0
7	151471606	151471399	0
7	151471804	151470298	0
7	151472068	151471403	0
7	151518070	151490942	0
7	151519184	151490942	0
7	151519852	151498088	0
7	151519925	151490942	0
7	151520121	151490942	0
7	151560618	151556110	0
7	151560618	151556123	0
7	151560618	151556160	1
7	151560618	151556940	2
7	151560618	151556992	1
7	151564225	151560523	0
7	151564314	151560523	0
7	151564315	151560374	0
7	151565384	151564077	0
7	151565384	151564194	0
7	151568843	151565719	0
7	151568843	151566572	0
7	151570226	151568693	0
7	151570226	151568715	0
7	151570226	151568736	0
7	151572710	151570170	0
7	151572710	151570189	0
7	151574950	151572407	0
7	151574950	151572663	0
7	151574952	151572663	0
7	151576453	151574890	0
7	151595455	151576182	0
7	151595455	151576370	0
7	151675638	151595344	0
7	151675638	151632068	0
7	151734312	151675418	0
7	151736315	151675419	0
7	151781432	151674938	0
7	151781432	151675419	0
7	151781432	151675547	0
7	151814841	151786469	0
7	151876789	151837267	0
7	151876849	151786469	0
7	151877126	151786469	0
7	151954986	151950385	0
7	151996	152440	0
7	152094084	152094189	0
7	152117376	152118677	0
7	152121718	152120000	0
7	152138905	152134924	0
7	152138905	152134928	0
7	152138905	152135532	3
7	152138905	152136583	1
7	152139260	152134921	1
7	152139260	152138795	0
7	152152955	152151441	0
7	152154147	152152704	0
7	152154147	152152888	0
7	152154147	152152898	0
7	152177969	152174130	1
7	152178011	152174130	0
7	152180127	152176190	0
7	152180127	152177828	0
7	152220736	152207299	0
7	152222067	152220522	0
7	152222068	152220041	0
7	152224180	152222572	0
7	152224617	152224014	3
7	152224617	152224121	3
7	152310076	152273704	0
7	152311947	152309965	0
7	152312297	152309933	0
7	152315339	152311797	0
7	152330740	152315137	0
7	152330743	152315264	0
7	152435800	152358586	0
7	152436006	152358586	0
7	152590942	152590640	0
7	152602893	152602212	0
7	152660783	152644778	0
7	152660783	152646503	0
7	152811734	152814549	0
7	153361221	153355364	0
7	153405599	153368598	0
7	153405599	153399919	0
7	153407085	153405491	0
7	153412235	153406955	0
7	153413937	153405492	0
7	153413964	153411233	0
7	153413982	153405491	0
7	15365620	15200317	0
7	15365620	15306234	0
7	15365620	15358213	0
7	15394180	15390839	0
7	15396595	15394112	0
7	154027047	154026286	0
7	154059562	154055584	0
7	154096044	154092200	0
7	1541275	1542298	134
7	15418654	15394112	0
7	1545780	1543829	1
7	1546250	1543813	0
7	154793876	154794078	0
7	1547940	1542234	0
7	1547940	1543813	0
7	1547940	1546228	0
7	154865484	154838387	0
7	1548689	1547741	0
7	154946426	154943686	0
7	154946426	154943688	0
7	154946426	154943690	0
7	154946426	154943783	0
7	154946494	154946592	1
7	154946494	154946639	1
7	154946588	154946362	1
7	154946588	154946364	1
7	154946792	154947692	0
7	154946814	154946511	1
7	154947774	154947897	0
7	154948004	154946678	1
7	154948091	154949297	0
7	154954424	154946678	1
7	154954424	154947831	0
7	154954424	154947902	0
7	154957295	154955528	0
7	1549605	1548648	0
7	154961078	154959889	0
7	154961649	154960892	0
7	154961649	154961048	0
7	154967911	154963670	0
7	154969127	154967319	0
7	154969127	154967815	0
7	154974624	154969048	0
7	154976332	154968402	0
7	154983333	154975695	0
7	154983333	154976122	0
7	154983745	154975695	0
7	1549946	1547741	0
7	1549946	1548518	0
7	1549946	1549546	0
7	1550199	1548518	0
7	1550199	1549477	0
7	1550199	1549853	0
7	1550199	1549897	0
7	1550380	1550122	0
7	1550396	1548518	0
7	1550396	1549853	0
7	1550396	1550122	0
7	1550396	1550147	0
7	155071558	155067066	0
7	155071558	155070426	0
7	1550931	1550304	0
7	1550983	1550122	0
7	1550983	1550304	0
7	1550983	1550361	0
7	155197375	155196686	0
7	155197394	155196562	0
7	155302418	155302746	0
7	155360044	155356984	0
7	155451323	155421205	0
7	155481988	155474255	0
7	155503106	155474205	0
7	155503106	155482834	0
7	155503106	155501297	0
7	155503106	155502013	0
7	155507117	155500580	0
7	155507117	155501131	0
7	155507117	155501146	0
7	155507117	155502013	0
7	155507117	155503020	0
7	155509098	155503020	0
7	155533839	155508893	0
7	155533863	155508893	0
7	155545944	155508893	0
7	155643605	155576549	0
7	155643605	155611230	0
7	155643605	155641915	1
7	155644187	155643467	0
7	155644378	155643467	2
7	155644397	155643467	0
7	155644402	155643467	0
7	155644407	155643083	0
7	155644407	155643200	0
7	155644407	155643467	0
7	155645206	155643467	2
7	155738404	155739714	0
7	155800598	155800049	0
7	155800668	155800038	0
7	155806558	155799985	0
7	155806558	155800039	0
7	155806558	155800457	0
7	155806840	155806295	0
7	155807371	155806581	0
7	155809073	155806710	0
7	155812274	155806295	0
7	15626919	15611211	0
7	156435834	156432522	0
7	156441381	156437788	0
7	156603196	156472195	0
7	156603912	156584159	0
7	156605381	156472245	0
7	156605381	156603617	0
7	156605381	156603784	0
7	156605745	156605131	0
7	156605765	156605187	0
7	156640564	156639431	4
7	156640582	156605657	0
7	156640593	156605187	0
7	156654458	156654575	0
7	156657694	156654184	0
7	156676625	156668945	2
7	156679110	156676250	1
7	156679134	156677842	0
7	156679307	156676385	2
7	156680575	156679076	0
7	156682094	156680442	11
7	156688192	156677790	2
7	156688192	156682210	0
7	156688192	156682990	0
7	156724179	156680876	0
7	156724179	156681519	0
7	156724179	156688029	0
7	156724179	156688097	0
7	156724179	156688102	0
7	156724179	156688113	0
7	156734258	156724111	0
7	156734258	156728643	0
7	156736616	156734176	0
7	156747979	156734176	0
7	156756466	156733860	0
7	156756466	156734176	0
7	156763177	156762133	0
7	156763178	156762133	0
7	156763796	156763107	0
7	156763796	156763109	0
7	156763796	156763124	0
7	156763796	156763142	0
7	156779733	156763668	0
7	156796493	156763668	0
7	156796493	156763702	0
7	156796493	156779654	0
7	156796494	156779654	0
7	156826745	156796388	0
7	156826745	156796473	0
7	156826745	156822240	0
7	156833793	156826598	0
7	156833793	156826604	0
7	156833793	156826633	0
7	156834576	156833752	0
7	156834596	156833752	0
7	156836886	156763668	0
7	156836886	156826604	0
7	156836886	156833477	0
7	156836886	156833738	0
7	156836886	156833752	0
7	156836886	156834477	0
7	156836886	156834575	0
7	15686813	15626745	0
7	156892580	156836812	0
7	156892591	156836812	0
7	156892988	156836812	0
7	156893158	156836812	0
7	156893160	156836812	0
7	156893180	156833752	0
7	156893183	156826604	0
7	156893184	156836812	0
7	156893209	156836812	0
7	156893217	156836808	0
7	156893231	156836812	0
7	15690855	15689074	0
7	1569361	1567350	0
7	1569361	1567612	0
7	156963176	156963904	4
7	1569994	1567329	0
7	157006640	157004852	0
7	157006640	157005841	0
7	157009076	156994050	0
7	157009288	157005841	0
7	157009436	157006478	0
7	157009698	156994050	0
7	157010652	157006478	0
7	157058515	157057708	0
7	157139171	157139211	134
7	157198512	157197599	0
7	157220777	157223253	0
7	157282687	157281535	0
7	157381987	157382245	0
7	157516480	157516795	0
7	157540786	157540336	0
7	157549020	157539055	0
7	157549020	157539060	0
7	157549020	157539065	0
7	157549020	157540717	0
7	157576780	157571439	0
7	157621510	157604001	0
7	157740457	157739009	0
7	157898738	157682724	0
7	158081378	157898672	0
7	158110916	158081297	0
7	158134060	158081297	0
7	158134060	158110824	0
7	158134060	158110828	0
7	15842361	15841296	0
7	1585618	1587820	0
7	158587680	158489734	0
7	158587712	158316818	0
7	158587774	158489734	0
7	158587789	158489734	0
7	158644389	158631310	0
7	158644389	158631312	0
7	158644389	158631313	0
7	158644389	158631435	0
7	158644389	158631665	0
7	158644389	158639795	0
7	158656706	158656259	0
7	158658409	158656551	0
7	158658409	158656601	0
7	158662368	158658337	0
7	158664297	158658337	0
7	158664297	158662193	0
7	158664297	158662225	0
7	158664297	158662239	0
7	158693498	158692841	0
7	158696652	158693411	0
7	158701939	158693308	0
7	158734472	158730994	89
7	158734472	158733610	69
7	158734472	158733612	70
7	158734472	158734206	0
7	158773397	158767653	0
7	158788094	158773340	0
7	158788094	158773366	0
7	158793727	158788344	0
7	158798077	158793649	0
7	158798077	158793673	0
7	159031870	159028174	0
7	159031870	159030454	0
7	159031870	159030517	0
7	159142546	159109811	0
7	159142546	159116921	0
7	16216198	16087526	0
7	16216198	16091191	0
7	16258483	16216065	0
7	16269591	16270516	0
7	16278227	16258919	0
7	16278227	16276576	0
7	16464388	16461542	0
7	16465850	16461480	0
7	16496510	16465463	0
7	16602510	16599775	0
7	16602510	16599781	0
7	16603661	16602379	0
7	16604850	16602379	0
7	16604850	16603548	0
7	16604850	16603645	0
7	16625082	16615743	0
7	16627179	16624982	0
7	16627179	16625041	0
7	16636456	16627039	0
7	16636456	16627090	0
7	16644813	16636390	0
7	16645574	16644669	0
7	16645663	16644625	0
7	16645756	16636390	0
7	16645817	16644684	0
7	16645818	16636390	0
7	16698280	16695870	0
7	16719899	16700745	0
7	16795020	16791810	0
7	16795020	16792639	0
7	16797695	16794673	0
7	16797695	16794850	0
7	16797695	16794935	0
7	16799818	16797630	0
7	16801197	16799743	0
7	16801204	16799573	0
7	16801204	16799743	0
7	16801384	16801150	0
7	16801804	16801319	0
7	16804988	16801657	0
7	16804996	16803144	0
7	16805000	16801283	0
7	16805000	16801657	0
7	16805081	16801657	0
7	16811756	16801657	0
7	16860584	16859404	0
7	16861448	16860452	0
7	16861448	16860499	0
7	16873844	16862609	0
7	16878646	16873415	0
7	16878646	16873779	0
7	16881988	16873779	0
7	1692451	1691905	0
7	1694326	1692809	0
7	1694358	1693258	0
7	17150207	17144252	0
7	17259329	16970319	0
7	17259329	17168368	0
7	17281304	17279833	0
7	17281307	17279943	0
7	17281314	17279834	0
7	17286517	17281240	0
7	17287815	17286276	0
7	17291372	17286278	0
7	17292441	17286276	0
7	17295274	17286278	0
7	17298447	17286242	0
7	17298454	17259251	0
7	17299289	17259251	0
7	17299358	17286274	0
7	17343854	17345250	50
7	1742273	1738629	0
7	1742292	1738982	0
7	17435106	17434476	0
7	17456763	17405478	0
7	17456763	17434947	0
7	17456763	17436029	0
7	17463543	17463097	0
7	17465227	17463399	0
7	17465227	17463444	0
7	17482783	17465169	0
7	17483535	17465169	0
7	17796940	17790760	0
7	17796940	17793419	0
7	17796940	17793763	0
7	17798759	17792841	0
7	17798759	17796826	0
7	17816290	17814833	0
7	17821649	17816181	0
7	17821649	17816219	0
7	17821682	17816181	0
7	17821698	17816181	0
7	17826092	17816181	0
7	17868491	17850825	0
7	17873617	17868281	0
7	17873617	17868406	0
7	17888723	17875668	0
7	17890485	17875668	0
7	17890485	17879426	0
7	17890485	17888559	0
7	17891636	17888155	0
7	17891636	17890362	0
7	17893435	17891545	0
7	17893435	17891561	0
7	17897447	17891545	0
7	17897447	17893331	0
7	17897447	17893347	0
7	17897885	17897333	0
7	17907341	17897333	0
7	17940452	17897333	0
7	17940469	17897333	0
7	17940485	17897333	0
7	17940492	17897333	0
7	17940495	17897333	0
7	17940502	17897333	0
7	1817086	1815794	0
7	1817500	1815815	0
7	18290348	18290440	0
7	1829665	1815794	0
7	183815	182934	0
7	18430739	18429061	0
7	1872757	1815792	0
7	18892641	18892095	0
7	1898391	1815793	0
7	1898391	1816081	0
7	19056166	19020990	0
7	19113924	19056050	0
7	19113924	19113046	0
7	19116925	19113876	5
7	19117119	19113876	5
7	19117673	19115467	3
7	1936898	1898199	0
7	1957720	1936686	0
7	19700281	19695461	0
7	19700336	19698564	0
7	19709088	19704778	0
7	19724352	19721782	0
7	19724354	19719309	0
7	19724354	19721777	0
7	19725769	19719315	0
7	19725769	19721852	0
7	1980542	1957628	0
7	1980792	1980452	0
7	19816315	19813684	0
7	19919978	19918980	0
7	19960995	19918991	0
7	19960995	19919199	0
7	19960995	19919865	0
7	19960995	19931070	0
7	19960995	19931252	0
7	19960995	19943218	0
7	20002845	19968153	0
7	20002923	19968136	0
7	2002122	1980452	0
7	2002122	1980485	0
7	20028960	19960921	0
7	20028960	19968136	0
7	20028960	19968153	0
7	20028960	20007104	0
7	20130974	20129119	0
7	20140375	20045502	0
7	20140427	20045502	0
7	20140454	20133923	0
7	2014643	2002064	0
7	20154382	20134654	0
7	20154382	20140624	0
7	20154382	20140916	0
7	20164400	20161747	0
7	20170779	20164255	0
7	20170782	20164368	0
7	20185079	20161747	0
7	20198671	20170713	0
7	20217353	20170227	0
7	20217391	20170713	0
7	20217405	20161747	0
7	20329514	20328298	0
7	20329514	20328528	0
7	20379298	20380665	0
7	20380832	20381726	0
7	20647375	20647534	0
7	2069339	2014501	0
7	2069339	2014505	0
7	20785796	20782282	0
7	20786044	20784286	0
7	20786887	20784286	0
7	20786887	20785454	0
7	2080014	2069193	0
7	2089252	2069193	0
7	20964343	20959390	0
7	21028814	20986693	0
7	21030	19017	0
7	21030	19618	0
7	2107709	2069193	0
7	2109602	2069193	0
7	21401614	21400919	0
7	2149239	2069193	0
7	2149239	2148373	0
7	21894806	21894883	4
7	21903115	21900899	12
7	21903115	21900900	12
7	21903115	21901798	0
7	21904260	21902653	0
7	21904260	21902977	0
7	21905576	21903758	0
7	21905632	21904109	0
7	21905632	21904149	0
7	21905710	21904109	0
7	21908508	21906567	0
7	21911752	21908366	0
7	21911755	21908129	0
7	21911755	21908200	0
7	21911755	21908420	0
7	21916895	21908129	0
7	21916898	21908129	0
7	2202099	2200264	0
7	22125659	22118237	0
7	22125659	22118290	0
7	22125659	22118308	0
7	22125659	22125231	0
7	2213235	2149151	0
7	2213274	2149151	0
7	2213274	2201850	0
7	2213274	2209947	0
7	22140116	22136932	0
7	22145115	22140024	0
7	22145223	22140024	0
7	22145267	22139756	0
7	22154605	22145043	0
7	22154605	22150406	0
7	22156889	22154454	0
7	22156889	22154533	0
7	22156889	22154569	0
7	22157886	22156809	0
7	2215928	2213211	0
7	2216000	2213211	0
7	22160616	22157854	0
7	22160616	22157863	0
7	2216288	2215884	0
7	2216288	2215956	0
7	22167149	22162396	0
7	22191643	22167069	0
7	22193456	22167069	0
7	22193456	22191438	0
7	22193736	22167069	0
7	22193745	22191528	0
7	22193910	22167069	0
7	22194034	22192176	0
7	22194034	22193366	0
7	2219457	2217961	0
7	2221023	2219331	0
7	2222755	2219331	0
7	2222755	2219352	0
7	2222755	2220883	0
7	2223629	2222574	0
7	2225551	2222574	0
7	2225599	2222574	0
7	2230144	2222574	0
7	22308508	22291174	0
7	22310091	22308338	0
7	22310091	22308446	0
7	2232946	2222574	0
7	22356911	22356309	0
7	22356915	22317986	0
7	22357145	22317986	0
7	2238938	2234294	2
7	2239245	2235046	2
7	2239708	2234230	2
7	2239708	2234290	2
7	2239708	2234292	2
7	2242293	2242924	0
7	22492730	22419443	0
7	22492730	22438418	0
7	22493780	22492564	1
7	22493837	22492391	0
7	22493837	22492564	1
7	22493837	22492676	14
7	22494887	22492564	0
7	2257024	2251769	1
7	2257024	2255039	0
7	22572014	22572084	0
7	2257619	2256873	0
7	2257804	2257364	0
7	22632923	22571663	0
7	22632926	22494771	0
7	2263363	2257665	0
7	2263363	2257734	0
7	2264459	2263229	0
7	22653152	22632715	0
7	22653152	22649959	0
7	22661793	22571606	0
7	2269640	2264297	0
7	2269640	2264365	0
7	2269640	2264392	0
7	2269640	2264439	0
7	22727282	22727443	0
7	22727282	22727512	0
7	22727614	22632809	0
7	22727621	22725394	0
7	2275230	2271849	0
7	2278306	2274959	0
7	2278306	2275111	0
7	2278306	2275115	0
7	22817549	22812972	0
7	22818049	22812631	0
7	22818049	22812970	0
7	22818049	22817339	0
7	22818049	22817411	0
7	22818336	22812970	0
7	22822345	22817999	0
7	22822792	22817999	0
7	22822811	22817662	0
7	22822850	22812627	0
7	22822852	22817999	0
7	22822853	22817999	0
7	22864562	22863873	0
7	22891150	22889370	0
7	22941084	22890934	0
7	22941191	22940971	0
7	22947248	22941268	55
7	22947248	22944508	13
7	22947248	22945982	2
7	22960416	22934210	0
7	22976809	22976209	0
7	22977422	22976692	0
7	22977422	22976768	0
7	22978449	22977340	0
7	22984046	22978163	0
7	22984046	22978268	0
7	22985736	22983993	0
7	22991140	22978268	0
7	22991140	22983749	0
7	22991140	22983943	0
7	2299438	2278099	0
7	23014131	22978268	0
7	23014131	22983943	0
7	2307951	2278113	0
7	2309947	2278099	0
7	23104318	23101227	0
7	2314442	2278099	0
7	2314465	2278099	0
7	23206060	23200130	0
7	23273372	23273520	0
7	23312849	23310208	177
7	23312849	23311126	59
7	23312849	23311240	120
7	23312849	23312372	0
7	23317714	23313521	0
7	23317834	23313521	0
7	23319255	23317638	0
7	23319255	23317692	0
7	23342190	23317638	0
7	23342190	23319137	0
7	23343854	23342063	0
7	23343854	23342065	0
7	23343854	23342095	0
7	23346063	23342063	0
7	23347705	23345939	0
7	23347735	23345939	0
7	23347804	23345939	0
7	23347813	23345939	0
7	23351587	23347599	0
7	23351587	23347630	0
7	23351587	23347662	0
7	23351587	23347698	0
7	23351587	23347723	0
7	23361598	23351304	0
7	23361598	23351386	0
7	23361598	23351443	0
7	23361598	23351479	0
7	23361598	23351505	0
7	23361742	23361340	0
7	23361742	23361533	0
7	2337282	2278099	0
7	23394678	23361689	0
7	23402586	23361689	0
7	23402711	23361689	0
7	23416220	23361689	0
7	23416220	23413243	0
7	23418825	23361533	0
7	23418825	23361689	0
7	23418825	23362526	0
7	23418825	23405018	0
7	23467927	23418775	0
7	23468543	23361533	0
7	23468543	23418775	0
7	23505811	23504783	1
7	23505811	23505248	0
7	23505814	23504779	1
7	23505814	23504783	1
7	23505814	23505319	0
7	23505886	23505315	0
7	23506207	23505745	0
7	23506209	23505467	0
7	23506267	23504783	0
7	23506267	23505745	0
7	23506481	23505745	0
7	23507536	23506137	0
7	23513083	23507156	0
7	23513083	23507419	0
7	23513083	23507420	0
7	23516529	23512893	0
7	23516529	23513024	0
7	23521841	23516362	0
7	23521841	23516394	0
7	23522433	23516362	0
7	2354310	2278099	0
7	2355117	2355233	1180
7	2366449	2366524	3
7	23680787	23680194	0
7	2374607	2375388	0
7	23771125	23772146	0
7	2378767	2379133	1
7	2379512	2380203	32
7	2379512	2380278	30
7	23897336	23891703	0
7	24255720	24196661	0
7	2437921	2445941	0
7	24702834	24698350	0
7	24702834	24698354	0
7	24702834	24698388	0
7	24702834	24698490	0
7	24702834	24698994	0
7	24706038	24698355	0
7	24706227	24702426	0
7	24706377	24702759	0
7	24708255	24706183	0
7	24708255	24707278	0
7	24710389	24707312	0
7	24710389	24708126	0
7	24710389	24708251	0
7	24710588	24708035	0
7	24715574	24710224	0
7	24717317	24710223	0
7	24717375	24710223	0
7	24717375	24715490	0
7	24719097	24717253	0
7	24719219	24716468	0
7	24719219	24717253	0
7	24744735	24719046	0
7	24744755	24719046	0
7	24749794	24744561	0
7	24749795	24744010	0
7	2475308	2474843	0
7	24757476	24744561	0
7	24757941	24744561	0
7	2475829	2475140	0
7	2476000	2475429	0
7	2476000	2475668	0
7	24804438	24796538	0
7	24804438	24799765	0
7	24804438	24799924	0
7	24804438	24800004	0
7	24804438	24800021	0
7	24804438	24800028	0
7	24804438	24800059	0
7	24804438	24800134	0
7	24806903	24804314	0
7	24809952	24804314	0
7	24809952	24806775	0
7	24810360	24806819	0
7	24842414	24840689	0
7	24849177	24842278	0
7	24849337	24842375	0
7	24852635	24842278	0
7	24870846	24866069	0
7	24871796	24870731	0
7	24871796	24870774	0
7	24872070	24871741	0
7	24892576	24871952	1
7	24892613	24871952	1
7	24892622	24871952	0
7	24892622	24871982	0
7	24918081	24892376	0
7	24918094	24892376	0
7	24980189	24892376	0
7	24981635	24892376	0
7	25124128	25120090	15
7	25124128	25123306	500
7	25124128	25123443	382
7	25124128	25123715	179
7	25142333	25134696	0
7	25142333	25135734	0
7	25155193	25151595	0
7	25158531	25155010	0
7	25158531	25155144	0
7	25161261	25158500	0
7	25168466	25161188	0
7	25168466	25161224	0
7	25179333	25168288	0
7	25179333	25168321	0
7	25179403	25168288	0
7	25227027	25224569	0
7	2525319	2525413	1
7	25257130	25254964	0
7	25325407	25321301	0
7	2539352	2537876	8
7	2539352	2537880	13
7	2539643	2537880	12
7	2539643	2538411	0
7	2539643	2539178	0
7	2541485	2537880	1
7	2542212	2541717	0
7	2543324	2542119	0
7	2543324	2542180	0
7	2543963	2541717	0
7	2543963	2542119	0
7	2544253	2539543	0
7	2545057	2542119	0
7	25551063	25547761	0
7	25658094	25593350	0
7	25658094	25594532	0
7	25661732	25657070	0
7	25661732	25657959	0
7	2571546	2571604	0
7	25750995	25661669	0
7	26191129	26190124	28
7	26191679	26189926	31
7	26192578	26173056	2
7	26192578	26189926	41
7	26192578	26189935	40
7	26192578	26190992	40
7	26192578	26191843	32
7	26192578	26191848	43
7	26193374	26190303	46
7	26193374	26192494	1
7	26195856	26193574	0
7	26195910	26193574	0
7	26196482	26195711	0
7	26196482	26195846	0
7	26196659	26195846	0
7	26202610	26202970	6
7	26254710	26226412	0
7	26376273	26372143	0
7	26376702	26372331	0
7	26538789	26533120	0
7	26554920	26555021	2
7	26670193	26667061	25
7	26690363	26684735	0
7	26725566	26690284	0
7	26725566	26690306	0
7	26727007	26725922	0
7	26738879	26726681	0
7	26738879	26726881	0
7	26738879	26726888	0
7	26739965	26738794	0
7	26739965	26738839	0
7	26742476	26739886	0
7	26844138	26739886	0
7	26844138	26746566	0
7	26848069	26844029	0
7	26854163	26844028	0
7	26854163	26844029	0
7	26995240	26893838	0
7	2702606	2702721	0
7	27095356	27093312	4
7	27095975	27092992	2
7	27095989	27093312	0
7	27102812	27100353	2
7	27110761	27106183	0
7	27110761	27106189	0
7	27110761	27107011	1
7	27113846	27110478	0
7	27119596	27110114	0
7	27122027	27122466	8
7	27122643	27110114	0
7	27122643	27110387	0
7	27122643	27110690	0
7	27123639	27124011	0
7	27123639	27124330	0
7	27124550	27122558	1
7	27127021	27122558	0
7	27127071	27122558	0
7	27127071	27124433	0
7	27129572	27128532	31
7	27130192	27128663	24
7	27130734	27128968	7
7	27130781	27128506	0
7	27130800	27128506	0
7	27140187	27126927	0
7	27140187	27128968	0
7	27140207	27122558	0
7	27140220	27126885	0
7	27140226	27126885	0
7	27142776	27141806	0
7	27143669	27141051	0
7	27147570	27145661	0
7	27147775	27145395	0
7	27150604	27147307	0
7	27152562	27140082	0
7	27152582	27140082	0
7	27152599	27147365	0
7	27155999	27154782	0
7	27156678	27153715	0
7	27157289	27156453	0
7	27164968	27163306	0
7	27164968	27163520	0
7	27164968	27163534	0
7	27164968	27163681	0
7	27165531	27162434	0
7	27169445	27162599	0
7	27169738	27164877	0
7	27170499	27164877	0
7	27172890	27171462	0
7	27172890	27171776	0
7	27172964	27171377	0
7	27173618	27170591	0
7	27174307	27170590	0
7	27175181	27163663	0
7	27180014	27164877	0
7	27180262	27171219	0
7	27184986	27181509	0
7	27185217	27181514	0
7	27185245	27185408	1
7	27185604	27185747	2
7	27185633	27185747	2
7	27185633	27186071	0
7	27185965	27186108	2
7	27193449	27186572	0
7	27195601	27193502	0
7	27200092	27194363	0
7	27200107	27194363	0
7	27241229	27239242	0
7	27241642	27241428	0
7	27242011	27241548	0
7	27242737	27241949	0
7	27242963	27241929	0
7	27247230	27241914	0
7	2733502	2728111	6
7	2733502	2728560	39
7	2733502	2728565	42
7	2733502	2729823	0
7	2733502	2731022	0
7	2733502	2731350	0
7	27531349	27525441	0
7	27531349	27525474	0
7	27538418	27531191	0
7	27538418	27531253	0
7	27649634	27632335	0
7	27662858	27649223	0
7	27662869	27632335	0
7	27662996	27649472	0
7	27740396	27733063	0
7	27840868	27830572	0
7	27840868	27830592	0
7	27840868	27832804	0
7	27840868	27832912	0
7	27840868	27832914	0
7	27864081	27840697	0
7	27895417	27840697	0
7	27895417	27840768	0
7	27895417	27846502	0
7	27913454	27895218	0
7	27914809	27895219	0
7	2795144	2733450	0
7	2795146	2733450	0
7	27991982	27895219	0
7	27992057	27895219	0
7	2814390	2794927	0
7	2815259	2794966	0
7	28180579	27991908	0
7	28180612	28101618	0
7	28180633	27991908	0
7	28180744	27991908	0
7	28410015	28410726	3
7	2844325	2794927	0
7	29030760	28995230	0
7	29030760	28995630	0
7	29030760	28995633	0
7	29030760	28995636	0
7	29066122	29064060	0
7	29071846	29064060	0
7	29071905	29030576	0
7	29071905	29066022	0
7	29071905	29066041	0
7	29072424	29071772	0
7	29086551	29072300	0
7	29086551	29072382	0
7	29086551	29072397	0
7	29096218	29095083	0
7	29096456	29096102	0
7	2910166	2906140	0
7	29112823	29096102	0
7	29112922	29096102	0
7	29121072	29112703	0
7	29146498	29120892	0
7	29146538	29120892	0
7	2917386	2915236	0
7	29181413	29120892	0
7	29181413	29120904	0
7	29181413	29120930	0
7	29181413	29121041	0
7	2918588	2917289	0
7	29195187	29184420	0
7	29195237	29181289	0
7	29195277	29186446	0
7	29195448	29181289	0
7	29195452	29185512	0
7	2919613	2918490	0
7	29200748	29199539	0
7	2922761	2919371	0
7	2922761	2919479	0
7	2923041	2919371	0
7	2945957	2944211	0
7	2947788	2945818	0
7	29480149	29480278	0
7	29561923	29514768	0
7	29563671	29514224	0
7	2958632	2947574	0
7	2958632	2947575	0
7	29685139	29651042	0
7	29685256	29598794	0
7	29926633	29920102	0
7	29926633	29920103	0
7	29926633	29923561	0
7	29926633	29923673	0
7	29926633	29923856	0
7	29940877	29936555	0
7	29944180	29940681	0
7	29944180	29940683	0
7	29955361	29943976	0
7	29955361	29944043	0
7	29955361	29944096	0
7	29955361	29947198	0
7	29955361	29947220	0
7	30019124	30010586	0
7	30019124	30014287	0
7	30019124	30014670	0
7	30022817	30018995	0
7	30022817	30020212	0
7	30026420	30022664	0
7	30026637	30022390	0
7	30026663	30018995	0
7	30026685	30022664	0
7	30072125	30069657	0
7	30157596	30158985	15
7	30179015	30176386	0
7	30428610	30424529	0
7	30429458	30424526	0
7	30429458	30424533	0
7	30429458	30425208	0
7	3043846	2980519	0
7	3043946	2958499	0
7	30457043	30455136	0
7	30459241	30456720	0
7	30459241	30456742	0
7	30460042	30456784	0
7	30497897	30496783	7
7	30497897	30496976	4
7	30497897	30497001	4
7	30498939	30496620	0
7	30498939	30497076	0
7	30498939	30497472	0
7	30498939	30497740	0
7	30500682	30496622	0
7	30500682	30497740	0
7	30504802	30496632	0
7	30521853	30517205	0
7	30524381	30521763	0
7	30524487	30500535	0
7	30524487	30516308	0
7	30524487	30516974	0
7	30550345	30551270	0
7	30550762	30524366	0
7	30550782	30523974	0
7	30550782	30524366	0
7	30550782	30528355	0
7	30550782	30533241	0
7	30550782	30544793	0
7	30550782	30547165	0
7	30550782	30550458	3
7	30551396	30550567	0
7	30551396	30550635	0
7	30551480	30548358	0
7	30552178	30551317	0
7	30552180	30550320	0
7	30552180	30550635	0
7	30552180	30551317	0
7	30552221	30550317	0
7	30561488	30552099	0
7	30561517	30552099	0
7	30561520	30552099	0
7	30561704	30550635	0
7	30562129	30550635	0
7	30562129	30552099	0
7	30562129	30558095	0
7	30562826	30561465	0
7	30563894	30562076	0
7	30563999	30550635	3
7	30563999	30561465	0
7	30563999	30561561	0
7	30564618	30548356	0
7	30568990	30563722	0
7	30568990	30563730	0
7	30568990	30564143	0
7	30568990	30568487	0
7	30568995	30564146	0
7	30573014	30568832	1
7	30573089	30568832	1
7	30573101	30568832	1
7	30573149	30568832	1
7	30573783	30568832	0
7	30576711	30568832	0
7	30576711	30574703	0
7	30576743	30574422	0
7	30577760	30576563	0
7	30579129	30568832	0
7	30579129	30577903	0
7	30579129	30578067	0
7	30579129	30578069	0
7	30579315	30568832	0
7	30579315	30576563	0
7	30579315	30577511	0
7	30579315	30577584	0
7	30584454	30568676	0
7	30584809	30568801	0
7	30584809	30568832	0
7	30585480	30566403	0
7	30585480	30568832	0
7	30654809	30651942	0
7	30655081	30651942	0
7	30655081	30652583	0
7	30655081	30653246	0
7	30682526	30681914	0
7	30682699	30681914	0
7	30686616	30681914	0
7	30686616	30682219	0
7	30689009	30686407	0
7	30689285	30681914	0
7	30689285	30682219	0
7	30689285	30686388	0
7	30700046	30689190	0
7	30700064	30689190	0
7	30700104	30689190	0
7	30700130	30689190	0
7	30803411	30796690	0
7	3086422	3083251	0
7	30969691	30969866	0
7	31195	26288	0
7	31340895	31337460	0
7	31415576	31414644	0
7	3149069	3140499	0
7	3149069	3140916	0
7	3158256	3140233	0
7	3158256	3140919	0
7	3158256	3146991	0
7	31607	20833	0
7	31707421	31707514	0
7	31775733	31751178	0
7	31775733	31753017	0
7	31775733	31753075	0
7	31809109	31775663	0
7	31809109	31783503	0
7	31809109	31790170	0
7	31809109	31790199	0
7	31848097	31837869	0
7	31850742	31847967	0
7	31850903	31847863	0
7	31865083	31850640	0
7	31873409	31864941	0
7	31873409	31865016	0
7	31878037	31873291	0
7	31878037	31873331	0
7	31880861	31878995	0
7	3198064	3196625	0
7	32051581	31880746	0
7	32051581	31880848	0
7	32070631	32051553	0
7	32070850	32051553	0
7	32070863	32051553	0
7	32071372	32070483	21
7	32071409	32070292	11
7	32071434	32070292	12
7	32071437	32070292	12
7	32078011	31880746	0
7	32169957	31880746	0
7	32487758	32485331	44
7	32487758	32486804	0
7	32487758	32487028	0
7	32487758	32487034	0
7	32487758	32487039	0
7	32487758	32487062	0
7	32488062	32487034	0
7	32488653	32487684	0
7	32489345	32487064	0
7	32489345	32487684	0
7	32489345	32488624	0
7	32581665	32580948	0
7	32584103	32585452	56
7	32585536	32585925	40
7	32586137	32581571	40
7	32591005	32585976	0
7	32755409	32726349	0
7	32759301	32755273	31
7	32761788	32759265	12
7	32870881	32870086	102
7	32875158	32868171	0
7	32875158	32870232	0
7	32875158	32870807	0
7	32879494	32874521	0
7	32879673	32874991	0
7	32879943	32874991	0
7	32891154	32879563	0
7	32891898	32879434	0
7	32892145	32879461	0
7	32892145	32879700	0
7	32892734	32879591	0
7	32894132	32879515	0
7	32918373	32916814	0
7	32974763	32975181	0
7	33015871	33014112	8
7	33015871	33014113	8
7	33015871	33014129	5
7	33015871	33014138	5
7	33015871	33014450	8
7	33015927	33014719	12
7	33017602	33015669	1
7	33019725	33017203	0
7	33019725	33017438	0
7	33022100	33021271	0
7	33024109	33021824	0
7	33024109	33022052	0
7	3302453	3264031	0
7	33026916	33023718	0
7	33026916	33024038	0
7	33026916	33024080	0
7	33027034	33024038	0
7	33029710	33026816	0
7	33029715	33026816	0
7	33035984	33026816	0
7	33035989	33026816	0
7	33035989	33029230	0
7	33035989	33029628	0
7	33040901	33035933	0
7	33040908	33035933	0
7	33040910	33035933	0
7	33040911	33035933	0
7	33041166	33035933	0
7	33062777	33026816	0
7	33062797	33026816	0
7	33062797	33035933	0
7	33062798	33026816	0
7	33062798	33035933	0
7	33096555	33094796	0
7	33096555	33095298	0
7	33099437	33097270	0
7	33100562	33099113	0
7	33100562	33099306	0
7	33100887	33100530	0
7	33109329	33100137	0
7	33109391	33100530	0
7	33109402	33100530	0
7	33604976	33605194	0
7	33732065	33730291	0
7	33793	31389	0
7	33796810	33795467	0
7	33803131	33793167	0
7	33869501	33868500	0
7	33905954	33906817	0
7	34417673	34346511	0
7	34417673	34350421	0
7	34567152	34566722	0
7	34569862	34417578	0
7	34569862	34567080	0
7	34569862	34568251	0
7	34704200	34569711	0
7	34723396	34718861	0
7	34728817	34569711	0
7	34728817	34643226	0
7	34728817	34703849	0
7	34728817	34704079	0
7	34758235	34728736	0
7	34758273	34728736	0
7	34761192	34728736	0
7	34768441	34728736	0
7	34834329	34768341	0
7	34871583	34761111	0
7	34938120	34928875	0
7	34938120	34931399	0
7	34939369	34931567	0
7	34941885	34940152	0
7	34945717	34942614	0
7	34947702	34945666	0
7	34947702	34945682	0
7	34954779	34949796	0
7	34955368	34954545	0
7	34955368	34954697	0
7	34958071	34955307	0
7	34966972	34955307	0
7	34966972	34955328	0
7	34973606	34969432	0
7	34988235	34973513	0
7	34989942	34973512	0
7	34989942	34973513	0
7	35010562	34989883	0
7	35011451	35010467	0
7	35090446	35079988	2
7	35090448	35081592	1
7	35091947	35090319	3
7	35091963	35090318	3
7	35103031	35091846	0
7	35103143	35091812	0
7	35104764	35089843	0
7	35179222	35164830	0
7	35204583	35202429	0
7	35231581	35204469	0
7	35241038	35231499	0
7	35241038	35231503	0
7	35259730	35258380	0
7	35458	31059	0
7	35510264	35496020	0
7	35634430	35632658	0
7	35634430	35633068	0
7	35635459	35634311	0
7	35638473	35635134	0
7	35638473	35635343	0
7	35638473	35635425	0
7	35667589	35638349	0
7	35668580	35667433	0
7	35670329	35667433	0
7	35694567	35670214	0
7	35694598	35667553	0
7	35694602	35667433	0
7	35694628	35673200	0
7	35695024	35694183	27
7	35695136	35673200	0
7	35695136	35694183	10
7	35695572	35694274	18
7	35716869	35717030	0
7	35755818	35755145	0
7	35758274	35751855	0
7	35781346	35758178	0
7	35781346	35763763	0
7	35898384	35903075	0
7	36154162	36154220	1
7	36231108	36229279	0
7	36331080	36324220	0
7	36331080	36324222	0
7	36331080	36324229	0
7	36331080	36326133	0
7	36331080	36326495	0
7	36331080	36326704	0
7	36334162	36330981	0
7	36335179	36333854	0
7	36335179	36333855	0
7	36335179	36334042	0
7	36335179	36334134	0
7	36357591	36335045	0
7	36357591	36336153	0
7	36366914	36356901	0
7	36367172	36336153	0
7	36367174	36355195	0
7	36367202	36356367	0
7	36367202	36356901	0
7	36367215	36336153	0
7	36367231	36335045	0
7	36367242	36335045	0
7	36367242	36356901	0
7	36367270	36356901	0
7	36368358	36336153	0
7	36383929	36356901	0
7	36383929	36356944	0
7	3643785	3642814	0
7	36514591	36513001	0
7	36514677	36513001	0
7	36522116	36512948	0
7	36522116	36512998	0
7	36522116	36513002	0
7	36530515	36522038	0
7	36530685	36522038	0
7	36532207	36530417	0
7	36532207	36530433	0
7	36532345	36532146	0
7	36540492	36532285	0
7	36540492	36532329	0
7	36540492	36532333	0
7	36548687	36540310	0
7	36548687	36540318	0
7	36598307	36597833	0
7	36616475	36594338	0
7	36623251	36621709	0
7	36632107	36623189	0
7	36637911	36632035	0
7	36659266	36637850	0
7	36659266	36637878	0
7	36686795	36673942	0
7	36690181	36686780	0
7	36724450	36686698	0
7	36724501	36673942	0
7	36724549	36686698	0
7	36724550	36673942	0
7	36861737	36854360	0
7	36861737	36854461	0
7	36861737	36855290	0
7	36861737	36855497	0
7	36861737	36855550	0
7	36862151	36855366	0
7	36870476	36861658	0
7	36878118	36870392	0
7	36895018	36861658	0
7	36895018	36878009	0
7	36895018	36887559	0
7	36985061	36894853	0
7	36986117	36894853	0
7	36986150	36895008	0
7	36986510	36894853	0
7	37013436	36894853	0
7	37013436	36894921	0
7	37033413	37013298	0
7	37096728	37013298	0
7	37096728	37033346	0
7	37133235	37096618	0
7	37133235	37096677	0
7	37197224	37133129	0
7	37211518	37133005	0
7	37211518	37133129	0
7	37213458	37211084	0
7	37213458	37211385	0
7	37233195	37224878	0
7	37244392	37233094	0
7	37259351	37233104	0
7	37259351	37244355	0
7	37271883	37259180	0
7	37314923	37269453	0
7	37314923	37271831	0
7	37315961	37314849	0
7	37315961	37314864	0
7	37353669	37342612	0
7	37393918	37342612	0
7	37448857	37342612	0
7	37448951	37393821	0
7	37448951	37429256	0
7	37449187	37393821	0
7	37449224	37342612	0
7	37449250	37342612	0
7	37909681	37905931	0
7	37909840	37907261	0
7	37912318	37909616	0
7	37912318	37909658	0
7	38025696	37926679	0
7	38215106	38217024	0
7	38215106	38217187	0
7	38217079	38217187	0
7	38242476	38239579	0
7	38262219	38257878	0
7	38318862	38317016	0
7	38329644	38326069	0
7	38330936	38330342	0
7	38335515	38335040	0
7	38345500	38345029	0
7	38350023	38349354	0
7	38354518	38353714	0
7	38359163	38358511	0
7	38363519	38362863	0
7	38368170	38367585	0
7	38389906	38383703	0
7	38389906	38384817	0
7	38392018	38389803	0
7	38392018	38389847	0
7	38392720	38391747	0
7	38394215	38391747	0
7	38394215	38391890	0
7	38394215	38391987	0
7	38417951	38394004	0
7	38417951	38394069	0
7	38418032	38394004	0
7	38421017	38394004	0
7	38422478	38394004	0
7	38535012	38503649	0
7	38687038	38685345	0
7	38726989	38722962	38
7	38726989	38725554	2
7	38726989	38726235	1
7	38726989	38726318	1
7	38727187	38726108	1
7	38742122	38728691	0
7	38742122	38741283	0
7	38758482	38756837	0
7	38763548	38758353	0
7	38763548	38758401	0
7	38772638	38771197	0
7	38774245	38772521	0
7	38774245	38772598	0
7	38775673	38774157	0
7	38776777	38774114	0
7	38795612	38789800	0
7	38796527	38795541	0
7	38796865	38795464	0
7	38796865	38795491	0
7	38796865	38796414	0
7	38797042	38795464	0
7	38817883	38796744	0
7	38821266	38817802	0
7	38821266	38817816	0
7	38830329	38821202	0
7	38830329	38821217	0
7	38862623	38821202	0
7	38984922	38984242	0
7	39405006	39404597	0
7	39553945	39545645	0
7	39610291	39609609	0
7	39703297	39700340	0
7	40078835	40078835	0
7	40134653	40126022	3
7	40134653	40132742	4
7	40546929	40538126	0
7	40968185	40964666	0
7	4132553	4130180	0
7	4134838	4132370	0
7	41668075	41667167	0
7	41692565	41689515	3
7	41700518	41685113	0
7	41700518	41689589	2
7	41700610	41689533	2
7	41705336	41667878	0
7	41710783	41711662	0
7	41967924	41960949	16
7	41967924	41964081	6
7	41972628	41967595	0
7	41977723	41972336	0
7	41977923	41972439	0
7	42048697	42045383	0
7	42076858	42048490	0
7	42076858	42048629	0
7	42145607	42118192	0
7	42148469	42076751	0
7	42148469	42118192	0
7	42148469	42145317	0
7	42148469	42145437	0
7	42223296	42148225	0
7	42223296	42172490	0
7	42227722	42223129	0
7	42237014	42223129	0
7	42237060	42223129	0
7	42237871	42222799	0
7	4265249	4268677	4
7	42672972	42661725	0
7	42844439	42829671	0
7	42911911	42909621	0
7	42911945	42910645	7
7	42912091	42909274	3
7	42912091	42909452	6
7	42912170	42908725	5
7	42912306	42910366	2
7	42912553	42910738	0
7	42917691	42909272	0
7	42917836	42916856	81
7	42917836	42916881	79
7	42917836	42917308	87
7	42917836	42917412	75
7	42917836	42917513	0
7	42918828	42919128	0
7	42921932	42911914	0
7	42921932	42917777	0
7	42923407	42918073	0
7	42923407	42921857	0
7	42935137	42937163	2
7	42955458	42954134	0
7	42956133	42955376	0
7	42959991	42955954	0
7	42982985	42972680	0
7	43028396	42971540	0
7	43028396	42972623	0
7	43028396	42972625	0
7	43028396	42972680	0
7	43044621	42956021	0
7	43044621	42972680	0
7	43070755	42972678	0
7	43070755	42972680	0
7	43113932	43044546	0
7	43240021	43239065	0
7	43249243	43245362	0
7	43249248	43241069	0
7	43249269	43239911	0
7	43512124	43508727	0
7	43623621	43623708	9
7	43625036	43626477	65
7	43639682	43608455	1
7	43639682	43608818	1
7	43639682	43609232	2
7	43639682	43631151	1
7	43640650	43638798	0
7	43640650	43639246	0
7	43640650	43639256	0
7	43640650	43639448	0
7	43641070	43639256	0
7	43642165	43640572	0
7	43645400	43640572	0
7	43646426	43640572	0
7	43647635	43645250	0
7	43647635	43646296	0
7	43648615	43647457	0
7	43648653	43646471	0
7	43648653	43647274	0
7	43648653	43647350	0
7	43648653	43647534	0
7	43648755	43647215	0
7	43650297	43647534	0
7	43650713	43647227	0
7	43650713	43648599	0
7	43656154	43650611	0
7	43657270	43656032	0
7	43659145	43657221	0
7	43665723	43648599	0
7	43665723	43657215	0
7	43711450	43648599	0
7	43729475	43650611	0
7	43729484	43650611	0
7	43729490	43650492	0
7	43729498	43648599	0
7	43729502	43650611	0
7	43729511	43648187	0
7	43729514	43648599	0
7	43729542	43648599	0
7	43869075	43866557	0
7	43869075	43866561	0
7	43869075	43866804	0
7	43869150	43866777	0
7	43869377	43868962	0
7	43869508	43867547	0
7	43869518	43868962	2
7	43879787	43875893	60
7	43881698	43869307	2
7	43881698	43875912	0
7	43881698	43875914	0
7	43881698	43878790	0
7	43881698	43878843	0
7	43881698	43878966	0
7	43881698	43879047	0
7	43881698	43879667	0
7	43881698	43881137	0
7	43881897	43878943	0
7	43887486	43881906	0
7	43887812	43887414	0
7	43887817	43887414	0
7	43888108	43887414	0
7	43889635	43881906	0
7	43906590	43887414	0
7	43906594	43881906	0
7	43906616	43887414	0
7	43906628	43887414	0
7	43926339	43881906	0
7	43926412	43887789	0
7	43926412	43910730	0
7	43942858	43942953	0
7	43946325	43940894	0
7	43953197	43946133	0
7	43962091	43951909	0
7	43962091	43952520	0
7	43962138	43961589	0
7	43966396	43965866	0
7	43969862	43965866	0
7	43969862	43966002	0
7	43969862	43966263	0
7	43972692	43966263	0
7	43972692	43966339	0
7	43986313	43984994	0
7	43986678	43973209	0
7	44007329	44004045	0
7	44013680	43973209	0
7	44013680	43988085	2
7	44014784	44013592	39
7	44016524	44011881	0
7	44016524	44013561	0
7	44016524	44013592	0
7	44016524	44014602	0
7	44016524	44014605	0
7	44029632	44026950	0
7	44029632	44029226	0
7	44029632	44029333	0
7	44030902	44016433	0
7	44040370	44039518	0
7	44040772	44040231	0
7	44041087	44040578	0
7	44041893	44040976	0
7	44050281	44051829	0
7	44057860	44057972	0
7	44057860	44058128	0
7	44057993	44058128	0
7	44058481	44058877	2
7	44058481	44058901	2
7	44065013	44062726	7
7	44065518	44065981	7
7	44065518	44065985	7
7	44065588	44064831	5
7	44073709	44072246	2
7	44073709	44072249	2
7	44073709	44072255	2
7	44073709	44072261	11
7	44073709	44073217	0
7	44074026	44073624	0
7	44074119	44073624	1
7	44074221	44073782	0
7	44074234	44073782	0
7	44074523	44073782	2
7	44074531	44073624	2
7	44074531	44073782	2
7	44074531	44073861	2
7	44074531	44074130	4
7	44074531	44074140	3
7	44076630	44073782	0
7	44076630	44074130	0
7	44076630	44074397	0
7	44077027	44076508	2
7	44078439	44076508	0
7	44078812	44073782	1
7	44078812	44074130	1
7	44078812	44074397	0
7	44078812	44075718	0
7	44078812	44076508	0
7	44078812	44076576	0
7	44078812	44078321	1
7	44079742	44076508	0
7	44079742	44078350	0
7	44079742	44078465	0
7	44079742	44078553	0
7	44079742	44078739	0
7	44079742	44078755	0
7	44079925	44079570	0
7	44079960	44079570	0
7	44079960	44079732	0
7	44080472	44079860	0
7	44080917	44078647	0
7	44080917	44078739	0
7	44080917	44079570	0
7	44080917	44079636	0
7	44080917	44079814	0
7	44080917	44079860	0
7	44110810	44110912	4
7	44111058	44111153	0
7	44111631	44111853	0
7	44111773	44111853	0
7	44115355	44114698	0
7	44115397	44114680	0
7	44115397	44114686	0
7	44115397	44114784	0
7	44115565	44114687	0
7	44115894	44115294	0
7	44116210	44115820	0
7	44116273	44115765	0
7	44116511	44116114	0
7	44116511	44116116	0
7	44117016	44116429	0
7	44117248	44116816	1
7	44117248	44116936	1
7	44117561	44116902	1
7	44117743	44117062	0
7	44117743	44117132	0
7	44117743	44117148	0
7	44118065	44117516	0
7	44118065	44117583	1
7	44118065	44117618	2
7	44118065	44117640	2
7	44118094	44117313	0
7	44118305	44117576	3
7	44121906	44117942	0
7	44122110	44117132	0
7	44122110	44117792	0
7	44122110	44117942	0
7	44122196	44117942	0
7	44122197	44117942	0
7	44122283	44117942	0
7	44122460	44121833	0
7	44122460	44122087	0
7	44123030	44121833	0
7	44123531	44121833	0
7	44123533	44121833	0
7	44123534	44121833	0
7	44123538	44121833	0
7	44123560	44121833	0
7	44123669	44121833	0
7	44124359	44121833	0
7	44139570	44138863	0
7	44139570	44138865	0
7	44139570	44138868	0
7	44139665	44138868	0
7	44139861	44138863	0
7	44139861	44138868	0
7	44139861	44139421	0
7	44139861	44139517	0
7	44139861	44139520	0
7	44139861	44139534	0
7	44140402	44139781	0
7	44140428	44139651	0
7	44140428	44139781	0
7	44140518	44139781	0
7	44140567	44139781	0
7	44140788	44139781	0
7	44140788	44140322	0
7	44140828	44140336	0
7	44140857	44140322	0
7	44141037	44140711	0
7	44141068	44140322	0
7	44141075	44140322	0
7	44141075	44140711	0
7	44141286	44140711	0
7	44141333	44140612	0
7	44145731	44144270	0
7	44145731	44144274	0
7	44145731	44144276	0
7	44145731	44144277	0
7	44145731	44145131	0
7	44146130	44144272	0
7	44146145	44145496	0
7	44146619	44145496	0
7	44146619	44145643	0
7	44153464	44152270	0
7	44158115	44153300	0
7	44158197	44153300	0
7	44159283	44153300	0
7	44188988	44153300	0
7	44189424	44153300	0
7	44198171	44153390	0
7	44208199	44208406	3
7	44210932	44211022	2
7	44220295	44217149	0
7	44220295	44217155	0
7	44220295	44217558	0
7	44220295	44219212	0
7	44220295	44219291	0
7	44220295	44219345	0
7	44220295	44219348	0
7	44220295	44219350	0
7	44220295	44219364	0
7	44220295	44219416	0
7	44220295	44219429	0
7	44220633	44220059	0
7	44220711	44220059	0
7	44220711	44220061	0
7	44220902	44220059	0
7	44225914	44220825	0
7	44226645	44220825	0
7	44231055	44220615	0
7	44231055	44220825	0
7	44231055	44225834	0
7	44240750	44220825	0
7	44243334	44242559	0
7	44243528	44243249	0
7	44243528	44243250	0
7	44247193	44243424	0
7	44247193	44243455	0
7	44247193	44243469	0
7	44247193	44243484	0
7	44247193	44244888	0
7	44247229	44243472	0
7	44254608	44247119	0
7	44254608	44247128	0
7	44263065	44247119	0
7	44263065	44258871	0
7	44264006	44263004	0
7	44267076	44263004	0
7	44268826	44263004	0
7	44284226	44263004	0
7	44392486	44379120	1
7	44392486	44383590	0
7	44392486	44385813	0
7	44392486	44385892	0
7	44392509	44385350	0
7	44402790	44383590	0
7	44402924	44392296	0
7	44404584	44392296	0
7	44404584	44392384	0
7	44413284	44404439	0
7	44425951	44404439	0
7	44426280	44413190	0
7	44427642	44425909	0
7	44427704	44404439	0
7	44427704	44404512	0
7	44427704	44425899	0
7	44471961	44427570	0
7	44481463	44427570	0
7	44485275	44484443	0
7	44485285	44427570	0
7	44485623	44484967	0
7	44490266	44485068	0
7	44490881	44484967	0
7	44515966	44512534	0
7	44515966	44512537	0
7	44515966	44513360	0
7	44533559	44532079	0
7	44533854	44533430	0
7	44534630	44533226	0
7	44566525	44565416	3
7	44566525	44565803	2
7	44566525	44565804	2
7	44566525	44565806	2
7	44566525	44565818	2
7	44566525	44565836	1
7	44566525	44566001	1
7	44567783	44566447	0
7	44568224	44566137	0
7	44568224	44566447	0
7	44568993	44568117	0
7	44569006	44568117	0
7	44569006	44568215	0
7	44569204	44568117	0
7	44569843	44569129	0
7	44569904	44569129	0
7	44570129	44569808	0
7	44570766	44569751	0
7	44570878	44569808	0
7	44570878	44569983	0
7	44570878	44570014	0
7	44571737	44570014	0
7	44572745	44572346	0
7	44573047	44572573	0
7	44573051	44572346	1
7	44573051	44572562	0
7	44573051	44572573	0
7	44573051	44572649	3
7	44573665	44572573	0
7	44573745	44572573	8
7	44573926	44572573	0
7	44581240	44577893	8
7	44581575	44577893	31
7	44581575	44579896	6
7	44581575	44579903	8
7	44581575	44581092	0
7	44697608	44697610	6
7	44697623	44697623	18
7	44707934	44707934	45
7	44756540	44756946	0
7	44756540	44756974	0
7	44760229	44760424	1
7	44761594	44761694	0
7	44761858	44761859	86
7	44761881	44761882	47
7	44766057	44766163	2
7	44787341	44785049	0
7	44798815	44799246	10
7	44798905	44799246	11
7	44799481	44799701	1
7	44835659	44826790	74
7	44835659	44829896	121
7	44835659	44834227	1
7	44841013	44834238	0
7	44841013	44834309	0
7	44841013	44834924	0
7	44841013	44835528	0
7	44843355	44835528	0
7	44963125	44962661	2
7	44963125	44962665	2
7	44964163	44962665	0
7	44964163	44962855	0
7	44964163	44962969	0
7	44964520	44962969	0
7	44969484	44967883	0
7	44969876	44967883	0
7	44969876	44968522	0
7	44969876	44968919	0
7	44969876	44969412	0
7	44970155	44968522	0
7	44970155	44969704	0
7	44983958	44983136	2
7	44984047	44983022	2
7	44984047	44983025	2
7	44984047	44983033	2
7	44984047	44983084	3
7	44984427	44983821	2
7	44984427	44983846	2
7	44986098	44983614	1
7	44986098	44983821	1
7	44986098	44984356	3
7	44986561	44986020	1
7	44986571	44983821	1
7	44986638	44983022	1
7	44986651	44984356	2
7	44986657	44986020	1
7	44986669	44985881	0
7	44986670	44985881	0
7	44986675	44986020	1
7	44986835	44986020	0
7	44986962	44985461	1
7	45069962	45070093	0
7	45069962	45070388	0
7	45069962	45071749	0
7	45069962	45072725	0
7	45069962	45073459	0
7	45070169	45070388	0
7	45071873	45072725	0
7	45072784	45073459	0
7	45073572	45074269	0
7	45080763	45080437	0
7	45081023	45080639	0
7	45081264	45080875	0
7	45081401	45080978	0
7	45101373	45100099	1
7	45101373	45100100	1
7	45101615	45101257	0
7	45102071	45101502	2
7	45102071	45101599	2
7	45102492	45101824	2
7	45102572	45101824	2
7	45102691	45101773	0
7	45103444	45101824	2
7	45103444	45102280	0
7	45103444	45102346	0
7	45104241	45103332	5
7	45104257	45103030	4
7	45104257	45103332	5
7	45104710	45103631	7
7	45104710	45104098	5
7	45104710	45104208	11
7	45105479	45104537	2
7	45105670	45104537	5
7	45105765	45103332	1
7	45105765	45104537	1
7	45107465	45104537	0
7	45108944	45105285	0
7	45109084	45105440	0
7	45109244	45105440	0
7	45109288	45105440	0
7	45109288	45107750	0
7	45109288	45108826	221
7	45110878	45108927	0
7	45111502	45108883	0
7	45111681	45109222	0
7	45111698	45108826	0
7	45111707	45108826	0
7	45111709	45108931	0
7	45111715	45108826	0
7	45111719	45108826	0
7	45112022	45108853	0
7	45112048	45108826	0
7	45724481	45723779	0
7	45724481	45723787	0
7	45725716	45723786	0
7	45726237	45724049	1
7	45726237	45724352	1
7	45728311	45724352	0
7	45728314	45726044	0
7	45728314	45726183	0
7	45728991	45728177	0
7	45729027	45728177	0
7	45736911	45727826	0
7	45736911	45728177	0
7	45736911	45728831	0
7	45745049	45736786	0
7	45758178	45751528	0
7	45758178	45756908	0
7	45759175	45758042	0
7	45759175	45758110	0
7	45759473	45757983	0
7	45866495	45859993	0
7	45914946	45912244	0
7	45914946	45912250	0
7	45914946	45912597	0
7	45914946	45913804	0
7	45914946	45914100	0
7	45915326	45913772	0
7	45916668	45914469	0
7	45916668	45914804	0
7	45916668	45914819	0
7	45917398	45916547	0
7	45917427	45916547	0
7	45917440	45916547	0
7	45917440	45916571	0
7	45917440	45916620	0
7	45920416	45917212	0
7	45920841	45917212	0
7	45920868	45916995	0
7	45921021	45917212	0
7	45921030	45917212	0
7	45921252	45917212	0
7	45921275	45917212	0
7	45921875	45917212	0
7	46477941	46476456	0
7	46479696	46477821	0
7	46676134	46673784	0
7	46692970	46687878	0
7	46692970	46688939	0
7	46759852	46678672	0
7	46900933	46890624	0
7	46937498	46890626	0
7	47001362	47000619	0
7	47001362	47000620	0
7	47026424	47001301	0
7	47038056	47001301	0
7	47049679	46937433	0
7	47079114	47037958	0
7	47079129	47026254	0
7	47280191	47275153	3
7	47280319	47275153	0
7	47280355	47280163	0
7	47303585	47302185	0
7	47305004	47302949	0
7	47305004	47302966	0
7	47369622	47346186	0
7	47396905	47368364	0
7	47396905	47369280	0
7	47396905	47369496	0
7	47400439	47396593	0
7	47400459	47396799	0
7	47400915	47400392	0
7	47403426	47400784	0
7	47405560	47400900	0
7	47411803	47400784	0
7	47411803	47405493	0
7	47411803	47405497	0
7	47424185	47415093	0
7	47428377	47424100	0
7	47428377	47424158	0
7	47435405	47428311	0
7	47437314	47435281	0
7	47439659	47437262	0
7	47442056	47439486	0
7	47442056	47439642	0
7	47581632	47557036	0
7	47582100	47579169	0
7	47582145	47529035	0
7	47582559	47529035	0
7	47792798	47740201	0
7	47792798	47774651	0
7	47809578	47808246	0
7	47809763	47809409	0
7	47812031	47809472	0
7	47812052	47809116	0
7	47812052	47809409	0
7	47812052	47809472	0
7	47821187	47815333	0
7	4783461	4783688	0
7	4785453	4785521	0
7	4785685	4786000	0
7	4785685	4786249	0
7	4788295	4788839	0
7	4789930	4790213	2
7	4789930	4790388	2
7	4789930	4790458	3
7	47965439	47964319	23
7	47967926	47963287	0
7	47967926	47965165	0
7	47967926	47965299	0
7	47969319	47967805	0
7	47971517	47968818	0
7	47975688	47969218	0
7	47975688	47969244	0
7	47975688	47971259	0
7	47976422	47975612	0
7	47976838	47975612	0
7	47976838	47975654	0
7	47978535	47976729	0
7	47978594	47976729	0
7	47978817	47978259	0
7	47978817	47978416	0
7	47978845	47978416	0
7	47978896	47978416	0
7	47988863	47987329	0
7	47988881	47987147	0
7	47988881	47987150	0
7	47988881	47987152	0
7	47988881	47987155	0
7	47988881	47987329	0
7	47988964	47987147	0
7	4799770	4797054	0
7	4799770	4799104	0
7	4799770	4799108	0
7	4805717	4803545	0
7	4815334	4805244	0
7	4815451	4805565	0
7	4816466	4815277	0
7	48663306	48660574	0
7	4878204	4836357	0
7	4882210	4877737	0
7	4883655	4877604	0
7	4883720	4877604	0
7	48848081	48846425	0
7	48849346	48847533	0
7	48852899	48849198	0
7	4909779	4905988	0
7	4909951	4905997	0
7	4909951	4909728	0
7	4909951	4909733	0
7	4910023	4905988	0
7	494957	484106	0
7	49901216	49850420	0
7	49901216	49850477	0
7	49936162	49901117	0
7	49983520	49901117	0
7	49983520	49937440	0
7	49983520	49937527	0
7	500500	498308	0
7	50081900	50031091	0
7	50081900	50057988	0
7	50089710	50081773	0
7	50089710	50081859	0
7	501243	497257	0
7	501243	498492	0
7	501243	500430	0
7	50142579	50141539	0
7	50204067	50202000	0
7	50204319	50202238	0
7	50275460	50274789	0
7	5031959	5031607	0
7	50393969	50388488	0
7	50399961	50394278	0
7	50400098	50399898	0
7	50447298	50446786	50
7	50448056	50446980	0
7	50448056	50446994	0
7	50448056	50447127	0
7	50448056	50447182	0
7	50448290	50444127	3
7	50448290	50444128	3
7	50448290	50444132	3
7	50448290	50444476	56
7	50448290	50446911	0
7	50448290	50447131	0
7	50449724	50444128	3
7	50449725	50445141	2
7	50450391	50444128	2
7	5045959	5046254	2
7	50459685	50458441	0
7	50463432	50458435	0
7	50463432	50458437	0
7	50463432	50458439	0
7	50463432	50458464	0
7	50463432	50458476	0
7	50463432	50458569	0
7	50495418	50479786	0
7	50495418	50492646	0
7	50528281	50503992	0
7	50528281	50527691	0
7	50529343	50503992	0
7	50537980	50503992	0
7	50540029	50503992	0
7	50542536	50444128	0
7	50543983	50539914	0
7	50544114	50503992	0
7	50544114	50528136	0
7	50544114	50529207	0
7	50544114	50537859	0
7	50544114	50539914	0
7	50544120	50539914	0
7	50561049	50543884	0
7	50561055	50543884	0
7	50561072	50543884	0
7	50564335	50543993	0
7	50565458	50543884	0
7	50595531	50590062	0
7	50595531	50590067	0
7	50595531	50590068	0
7	50595531	50590078	0
7	50595531	50591122	0
7	50595531	50592347	0
7	50595531	50592579	0
7	50595531	50592609	0
7	50595531	50592762	0
7	50595531	50592951	0
7	50595841	50592878	0
7	50604086	50595436	0
7	50604086	50595469	0
7	50605407	50604310	0
7	50606414	50604908	0
7	50606415	50605289	0
7	50607069	50605289	0
7	50618140	50614769	0
7	50618140	50616209	0
7	50619286	50617880	0
7	50619286	50618070	0
7	50674659	50669721	0
7	50703909	50674435	0
7	50703909	50674613	0
7	50703909	50674650	0
7	50726036	50674435	0
7	50727891	50726012	0
7	50729400	50727792	0
7	50732354	50703820	0
7	50732369	50703820	0
7	50732369	50710874	0
7	50755904	50732271	0
7	50756057	50674435	0
7	50756057	50703820	0
7	50756057	50705139	0
7	50756057	50710874	0
7	50756057	50727792	0
7	50756057	50732271	0
7	50756065	50705139	0
7	50779163	50755891	0
7	50779163	50761657	0
7	50779571	50779134	0
7	50779776	50779134	0
7	50779776	50779456	0
7	50780737	50755886	0
7	50780737	50779717	0
7	50780737	50779743	0
7	50781501	50779508	0
7	50782446	50755886	0
7	50782911	50755886	0
7	50792685	50755886	0
7	50792970	50755886	0
7	50793314	50755886	0
7	50793433	50732271	0
7	50793437	50703820	0
7	50793463	50755886	0
7	50841993	50839362	0
7	51025232	51016211	0
7	51025232	51016212	0
7	51025373	51016211	0
7	51025373	51017279	0
7	51026666	51016211	1
7	51029592	51026545	25
7	51030910	51027711	0
7	51030910	51029179	0
7	51035956	51027711	0
7	51083229	51043382	0
7	51085305	51043382	0
7	51085305	51064398	0
7	51085305	51070827	0
7	51085305	51072715	0
7	51085305	51083057	0
7	510997	500777	0
7	510997	501115	0
7	51191079	51184101	0
7	51191079	51187913	0
7	51193436	51190849	0
7	51193590	51190849	0
7	51193590	51190997	0
7	512456	510808	0
7	5126926	5121238	0
7	5126926	5121571	0
7	51316472	51219740	0
7	51316764	51219740	0
7	51316765	51219740	0
7	51316768	51219740	0
7	51316800	51219740	0
7	51316819	51219740	0
7	513468	510808	0
7	517491	512350	0
7	517491	512356	0
7	517491	512444	0
7	5217188	5217921	0
7	52176820	52165234	0
7	52897808	52891836	0
7	5308950	5306789	0
7	5308950	5306799	0
7	5313860	5309131	0
7	5313864	5309131	0
7	5315149	5309131	0
7	5315149	5312502	0
7	5315149	5313110	0
7	5316073	5312502	0
7	5320427	5315955	0
7	5320608	5320317	0
7	5320663	5320139	0
7	5324356	5321072	0
7	5325249	5324213	0
7	5325249	5324221	0
7	5325575	5324246	0
7	53517117	53514991	0
7	5352095	5345561	0
7	53564670	53559213	0
7	5357277	5351818	0
7	5357277	5352001	0
7	53692090	53655508	0
7	5376225	5374054	0
7	5376994	5376033	0
7	5376994	5376113	0
7	53780039	53765482	0
7	53811932	53779945	0
7	5389337	5377921	0
7	5390629	5387671	0
7	5390629	5389304	0
7	53930249	53926675	0
7	5394596	5389449	0
7	5394596	5390484	0
7	5421490	5394439	0
7	5423547	5421059	0
7	5425415	5394439	0
7	5438652	5431334	0
7	54550171	54550752	0
7	54578795	54576051	0
7	54755882	54752249	0
7	54755882	54752250	0
7	54755882	54752252	0
7	54755882	54752256	0
7	54757595	54754791	0
7	54757595	54755404	0
7	54757595	54755778	0
7	54759216	54755502	0
7	5491450	5447725	0
7	5491450	5480557	0
7	5491450	5480581	0
7	5491450	5489177	0
7	5500887	5491230	4
7	5501001	5480450	7
7	5501920	5491230	1
7	5502032	5491230	0
7	551471	549196	8
7	551471	549197	8
7	551471	549741	0
7	551471	549749	0
7	551471	550269	0
7	55188935	55179749	0
7	55238667	55235964	0
7	55255419	55238561	0
7	5527892	5527150	12674
7	5528099	5527732	7751
7	5528186	5527146	9
7	5528186	5527147	9
7	5528186	5527155	9
7	5528186	5527535	11468
7	5528672	5528010	10855
7	5528720	5528003	2144
7	5528720	5528149	20376
7	5529060	5528280	3
7	5529060	5528716	0
7	5529401	5528003	9
7	5529401	5528280	3
7	5529401	5528585	9
7	5529401	5528591	9
7	5529401	5528933	9
7	5529401	5529018	2455
7	5529664	5528280	3
7	5529664	5528469	95
7	5529664	5529160	40
7	5529664	5529215	95
7	5529664	5529234	75
7	5529664	5529281	78
7	5529734	5529160	18
7	5529950	5529160	7
7	5529983	5529534	4
7	5530584	5529066	0
7	5530591	5529160	0
7	5530596	5529160	0
7	5530598	5529534	1
7	5530601	5529534	1
7	5530602	5529160	0
7	5530602	5529534	0
7	5530603	5529534	0
7	5530605	5528280	6
7	5530710	5529534	0
7	5540772	5529534	0
7	55492419	55436055	1
7	55492419	55470612	0
7	55492419	55470613	0
7	55492419	55471936	1
7	55492419	55471967	1
7	55492419	55472202	0
7	55492419	55472708	0
7	55492419	55472753	0
7	55492419	55472776	0
7	55492419	55472884	0
7	55492419	55472916	0
7	55492419	55473014	0
7	55493210	55492839	0
7	55497691	55492262	0
7	55497691	55492281	0
7	55497691	55492343	0
7	55497691	55492385	0
7	55521131	55492281	0
7	5562717	5561851	3
7	5562791	5540675	0
7	5562829	5529534	0
7	5563785	5529534	0
7	55659182	55656767	0
7	55685336	55681073	0
7	55685336	55682651	0
7	55687925	55685171	0
7	55805391	55793543	0
7	55819224	55807089	0
7	55844719	55842941	0
7	55846638	55844522	0
7	55846638	55844536	0
7	55923289	55923606	0
7	55923700	55924191	0
7	55940174	55941391	0
7	55979887	55981472	0
7	56011870	56011050	52
7	56015172	56011066	0
7	56015172	56011067	0
7	56015172	56011537	0
7	56015172	56011543	0
7	56017380	56015022	0
7	56017380	56015030	0
7	56019735	56017233	0
7	56019809	56017276	0
7	56021232	56019599	0
7	56031978	56021072	0
7	56031978	56021180	0
7	56032055	56021072	0
7	56032055	56021205	0
7	56033495	56031928	0
7	56034104	56033380	0
7	56034107	56021072	0
7	56034107	56031928	0
7	56034155	56031928	0
7	56034155	56033380	3
7	56034157	56031928	0
7	56034172	56015022	0
7	56034172	56033133	0
7	56034173	56031928	0
7	56051449	56021072	0
7	56051468	56033380	1
7	56051605	56031928	0
7	56081756	56080282	0
7	56081756	56080981	0
7	56082047	56081629	0
7	56082254	56081892	0
7	56082254	56082013	0
7	56083442	56081716	0
7	56083442	56082162	0
7	56083716	56083150	0
7	56083716	56083277	0
7	56083716	56083340	0
7	56083725	56083277	0
7	56084245	56083649	0
7	56087025	56083277	0
7	56087025	56083649	0
7	56087025	56084148	0
7	56087025	56084160	0
7	56087694	56083649	0
7	56087777	56083649	0
7	56087777	56086874	0
7	56087777	56086969	0
7	56088976	56083649	0
7	56088976	56087597	0
7	56092933	56088858	0
7	56092947	56088858	0
7	56092952	56088858	0
7	56092953	56088858	0
7	56092978	56088858	0
7	56092997	56088553	0
7	56092997	56088858	0
7	56103012	56101568	0
7	56104476	56102635	0
7	56104476	56102866	0
7	56116401	56114680	0
7	5624126	5620046	2
7	5624126	5622606	0
7	5624126	5622694	0
7	5624126	5622926	0
7	56409211	56408698	0
7	5641377	5624055	0
7	56424638	56421856	0
7	56427011	56426134	0
7	56428442	56426858	0
7	56432703	56426834	0
7	56483296	56482104	0
7	5650016	5641153	0
7	5652511	5641153	0
7	5652511	5641347	0
7	56538131	56534229	0
7	56568859	56567905	0
7	56632728	56631738	0
7	56650075	56638942	0
7	5666705	5662431	0
7	56686277	56685035	0
7	56815589	56813489	0
7	56815979	56815466	0
7	56817475	56817021	0
7	56817865	56817352	0
7	56819313	56818907	0
7	56819703	56819190	0
7	56821295	56820745	0
7	56821685	56821172	0
7	56833139	56809213	0
7	56875686	56875384	0
7	56877551	56875568	0
7	56877553	56876499	0
7	56941037	56940340	0
7	57016791	57014284	0
7	57061302	57060589	0
7	57074665	57067949	0
7	5711840	5652412	0
7	57120467	57119839	0
7	57121153	57120383	0
7	57126114	57119613	0
7	57126114	57119620	0
7	57126114	57120718	0
7	5712864	5711760	0
7	57150153	57147985	0
7	57164582	57163167	0
7	57177889	57177408	0
7	57201338	57200824	0
7	57222160	57209864	0
7	57222175	57221168	0
7	5729597	5725323	0
7	5730818	5729431	0
7	5730818	5729529	0
7	57412148	57412841	0
7	5741645	5730714	0
7	5741645	5739275	0
7	5741816	5739275	0
7	5752980	5739275	0
7	5752980	5740972	0
7	5752980	5741578	0
7	5761139	5752845	0
7	5761139	5760390	0
7	57630256	57628961	0
7	57630278	57628478	0
7	57637211	57630052	0
7	57637211	57630080	0
7	57637212	57630052	0
7	57641955	57637111	0
7	57643849	57637110	0
7	57651120	57650380	0
7	57653460	57652735	0
7	5766940	5761010	0
7	5766940	5761087	0
7	5781647	5761002	0
7	5781697	5761002	0
7	5781740	5761002	0
7	579378	551388	0
7	584569	579255	0
7	5900382	5900472	0
7	5900567	5900854	0
7	5900933	5901656	0
7	5918901	5919848	0
7	5928395	5925549	0
7	5928395	5926145	0
7	5932876	5928195	0
7	5935149	5928031	0
7	5951417	5948219	0
7	5953220	5951294	0
7	5953235	5951342	0
7	5953584	5951351	0
7	5956182	5953074	0
7	5958028	5953074	0
7	5958028	5956004	0
7	5958028	5956103	0
7	5958028	5956131	0
7	596305	584507	0
7	5967202	5965636	0
7	5967205	5965636	0
7	5967438	5965636	0
7	5967438	5966862	0
7	5967438	5967076	0
7	5970633	5967103	0
7	5970684	5966862	0
7	5977758	5973238	0
7	5977758	5973241	0
7	5977758	5973246	0
7	5977758	5973273	0
7	5977758	5973360	0
7	5977758	5973398	0
7	5978697	5977587	0
7	5982992	5978595	0
7	5987621	5977673	0
7	5987621	5982823	0
7	5997424	5982823	0
7	6002637	5997325	0
7	6002637	5999107	0
7	6003793	6001965	0
7	6003793	6002452	0
7	6004007	6002452	0
7	6004059	6002452	0
7	6004059	6003689	0
7	6006027	6003971	0
7	6006032	5982874	0
7	6006032	6003971	0
7	6006067	6003309	0
7	6009098	6003971	0
7	6024802	6023175	57
7	6026553	6024708	0
7	602684	596145	0
7	6026962	6022243	0
7	6026962	6024355	0
7	6037525	6028917	0
7	6041220	6038559	0
7	6042994	6040891	0
7	6042994	6040958	0
7	6042994	6040975	0
7	6042994	6041152	0
7	6046152	6044561	0
7	6046438	6044561	0
7	6046903	6046070	2
7	6046981	6044561	0
7	6047092	6046070	0
7	6048845	6046722	0
7	6048845	6046991	0
7	6048845	6047203	0
7	6050046	6048806	0
7	6054705	6049783	0
7	6054705	6049911	0
7	6058243	6054545	0
7	6059057	6054545	0
7	6059165	6054545	0
7	6059176	6054545	0
7	6059231	6054545	0
7	606240	596145	0
7	606240	596179	0
7	607453	606192	0
7	6139195	6140127	0
7	6165428	6161775	106
7	6165428	6164739	1
7	6165617	6165272	0
7	6165811	6165544	0
7	6165811	6165566	0
7	6170222	6165272	0
7	6170647	6165733	0
7	6170960	6165733	0
7	6170979	6165733	0
7	6170979	6170531	0
7	6170979	6170534	0
7	6171315	6170829	0
7	6171315	6170851	0
7	6171817	6171201	3
7	6172111	6170848	0
7	6172138	6171201	0
7	6173076	6171125	0
7	6173076	6171201	0
7	6173734	6171009	0
7	6173734	6171201	0
7	6187117	6177822	0
7	6187722	6187049	0
7	6187722	6187063	0
7	6272645	6190448	0
7	63054432	63044826	0
7	63124671	63117500	0
7	63233752	63233034	0
7	63233752	63233114	0
7	63241646	63233625	0
7	63248322	63241589	0
7	63297789	63291517	0
7	63298393	63291551	0
7	63346170	63326673	0
7	63349549	63351598	0
7	63351015	63351598	0
7	63354327	63345959	0
7	63385790	63380465	0
7	6338694	6330794	0
7	63392970	63388807	0
7	63399210	63396344	0
7	6341971	6331163	0
7	6348759	6331214	0
7	6348960	6329408	0
7	6348960	6329411	0
7	6348976	6330827	0
7	63568667	63567742	0
7	63771048	63768256	0
7	63891221	63888224	0
7	63893287	63888199	0
7	63893287	63888315	0
7	63893287	63891073	0
7	63893287	63891751	0
7	63893479	63888224	0
7	63898835	63893164	0
7	63898842	63893164	0
7	63898910	63893164	0
7	63899144	63893164	0
7	63899328	63893164	0
7	63899791	63898761	0
7	63899804	63898825	0
7	63900736	63898761	0
7	63900795	63898878	0
7	63925747	63924786	0
7	63926278	63924847	0
7	63963736	63959843	0
7	63980460	63963598	0
7	63981478	63980368	0
7	63981478	63980384	0
7	64026953	64024427	0
7	64027913	64024408	0
7	64028411	64027851	0
7	64028775	64028190	0
7	64029362	64027790	0
7	64029362	64028064	0
7	6410381	6409125	2
7	6410381	6409128	2
7	6410381	6409129	2
7	6410381	6409516	49
7	6410381	6409599	45
7	64107573	64106821	0
7	64113290	64114213	0
7	6412884	6410129	0
7	6413035	6412609	0
7	6413035	6412810	0
7	6416712	6412965	0
7	6416755	6412965	0
7	6416755	6412986	0
7	6426115	6424751	0
7	6430608	6425987	0
7	6432960	6425987	0
7	6436534	6426085	0
7	6436534	6432836	0
7	6436534	6434761	0
7	6436534	6435435	0
7	64426335	64425622	0
7	6446105	6432836	0
7	6446105	6436361	0
7	6446105	6445700	0
7	6447933	6445952	0
7	6447935	6445952	0
7	6447953	6445952	0
7	6447972	6445952	0
7	6448013	6445952	0
7	64543803	64519883	0
7	64543803	64521925	0
7	64543803	64524698	0
7	64544220	64522449	0
7	64544433	64543706	0
7	64561274	64544345	0
7	64563023	64543706	0
7	64563042	64544305	0
7	64563107	64544305	0
7	64567444	64566813	0
7	6466324	6461080	0
7	6466324	6461761	0
7	64687394	64678953	1
7	6469755	6462871	1
7	6469755	6466070	1
7	6470407	6466070	0
7	6474285	6469595	0
7	6474285	6469653	0
7	6482590	6474183	0
7	6484058	6474183	1
7	6484144	6474079	0
7	6484191	6445952	1
7	6484243	6474183	0
7	64889188	64888526	0
7	64890101	64889065	0
7	64979537	64976784	1
7	64981483	64971775	0
7	64981483	64974451	0
7	64981483	64978735	0
7	64982022	64981386	0
7	64982117	64979922	0
7	64982117	64981386	0
7	64982120	64981386	0
7	6498229	6497461	0
7	6498229	6497726	0
7	6498229	6497773	0
7	64991037	64981983	0
7	65006654	64990808	0
7	65006660	65006083	3
7	65006685	64981983	0
7	65006744	65003668	0
7	65068791	65069660	0
7	65069758	65070345	0
7	65236724	65235789	0
7	65528242	65525628	0
7	65648421	65647009	3
7	65727109	65671150	0
7	65763018	65727054	0
7	65770811	65762930	0
7	6577499	6577589	34
7	6580679	6580811	0
7	6588975	6578564	2
7	65964459	65960683	0
7	65964459	65960687	0
7	65964459	65960697	0
7	65964459	65960700	0
7	65967908	65964322	0
7	65967908	65964329	0
7	65967909	65964145	0
7	65974402	65970281	0
7	65974442	65970281	0
7	65974705	65974293	8
7	65974705	65974294	8
7	65974705	65974356	8
7	65974848	65974294	0
7	65975007	65974403	1
7	65975072	65974525	0
7	65976161	65967730	0
7	65976203	65974502	0
7	65976203	65974525	0
7	65976203	65974918	0
7	65976203	65975011	0
7	65979509	65976014	0
7	65979542	65975851	0
7	65979542	65976014	0
7	65979912	65974918	0
7	65979912	65979398	0
7	65979912	65979477	2
7	65980410	65974918	0
7	65980410	65976014	0
7	65980410	65979385	0
7	65980410	65979398	0
7	65980412	65974525	0
7	65982089	65976014	0
7	6599893	6600126	168
7	66028658	66025125	0
7	66075857	66076038	41
7	66082937	66083076	2
7	66089176	66089275	0
7	66120731	66119602	0
7	66165012	66128665	0
7	66382428	66379826	0
7	66382432	66376043	0
7	66382913	66382418	0
7	66390251	66382236	0
7	66390251	66382701	0
7	66390251	66388634	0
7	66391543	66390081	0
7	66393730	66390130	0
7	66395920	66390103	0
7	66395957	66382236	0
7	66395957	66388324	0
7	66399796	66389184	0
7	66407365	66402456	0
7	66407805	66407287	0
7	66409240	66407747	0
7	66409245	66407289	0
7	66411703	66409059	0
7	66411703	66409142	0
7	6641963	6642381	1
7	66428041	66411614	0
7	66428041	66423147	0
7	66429758	66427948	0
7	66430018	66427948	0
7	66439303	66432739	0
7	66439305	66427948	0
7	66439305	66429883	0
7	66450237	66427948	0
7	66450237	66429883	0
7	66476328	66467681	0
7	66479097	66450070	0
7	66479097	66476244	0
7	66479097	66476258	0
7	66479097	66476302	0
7	66480449	66479008	0
7	66481600	66479008	0
7	66481600	66480393	0
7	66485154	66481540	0
7	66486533	66485094	0
7	66487991	66485094	0
7	66488039	66485094	0
7	66490108	66485094	0
7	66490109	66482800	0
7	66492340	66491349	0
7	66493356	66491030	0
7	66493518	66492273	0
7	66493567	66492008	0
7	66531872	66530296	0
7	66541469	66530523	0
7	66541469	66539623	0
7	66542550	66526087	0
7	66545687	66531790	0
7	66545687	66542502	0
7	66554838	66545600	1
7	66560676	66554584	0
7	66573551	66553484	0
7	66573551	66554584	0
7	66573552	66554587	0
7	66588581	66578528	0
7	66588581	66584102	0
7	66592364	66576754	0
7	66592387	66573384	0
7	66638392	66638855	0
7	66638432	66638855	0
7	66638432	66639960	8
7	66638930	66639127	28
7	66638930	66639960	13
7	66638930	66643534	11
7	66639229	66639960	14
7	66639229	66640393	10
7	66639229	66642281	10
7	66816203	66809992	0
7	66816215	66815835	0
7	66832481	66831195	1
7	66833023	66831852	0
7	66833023	66832269	0
7	66833027	66832399	0
7	6692704	6688432	19
7	6692704	6690448	25
7	6697435	6688432	0
7	6697435	6692601	0
7	6697812	6697338	0
7	6697812	6697372	0
7	66991302	66987676	0
7	66991302	66987743	0
7	66991302	66988340	0
7	66993418	66991060	0
7	66993418	66991136	0
7	66995588	66995289	267
7	6705224	6697684	0
7	6705224	6697688	0
7	6705224	6704159	0
7	67067335	67067335	0
7	6715981	6715629	0
7	67297038	67295607	0
7	67297304	67295617	0
7	67299425	67297214	0
7	67299425	67297216	0
7	67308357	67307604	0
7	67308653	67308934	0
7	6754278	6754456	0
7	6757477	6757592	0
7	67697030	67691057	0
7	677321	607390	0
7	677321	607395	0
7	67770469	67769628	0
7	6796679	6794140	0
7	6796937	6796632	0
7	6796943	6794133	0
7	6798708	6796835	0
7	6798894	6796808	0
7	6798894	6798646	0
7	6799280	6798761	2
7	6799280	6798863	43
7	6801002	6799124	1
7	6801076	6798360	0
7	6801076	6798940	0
7	6801076	6799124	0
7	6801076	6799194	0
7	6806038	6804937	0
7	6807179	6801364	0
7	680727	677228	0
7	6812064	6806003	0
7	6812511	6806003	0
7	6813038	6811951	0
7	6814829	6811540	0
7	6814846	6812975	0
7	6814846	6813022	0
7	68155185	68150282	0
7	6819942	6814643	0
7	6819942	6814763	0
7	6822365	6814763	0
7	6824167	6823312	0
7	6824549	6823855	0
7	6824549	6824088	0
7	6824738	6824037	0
7	6824738	6824088	0
7	6824738	6824454	1
7	6826206	6824639	0
7	6826217	6824639	0
7	6826244	6824639	0
7	6826273	6824387	0
7	6826771	6824639	0
7	68288234	68236298	0
7	6857751	6855484	0
7	691795	680555	0
7	69188178	69187832	0
7	69272007	69269777	0
7	69272399	69224695	0
7	6935328	6931683	0
7	69388334	69359081	0
7	69430872	69388165	0
7	69430924	69271964	0
7	69597449	69595957	0
7	711528	680555	0
7	711528	696712	0
7	71810493	71779490	0
7	71810493	71787774	0
7	71810496	71779491	0
7	71834	70971	0
7	72023770	71810335	0
7	72106295	72023656	0
7	72616840	72558743	0
7	72616840	72574514	0
7	726978	716618	1
7	72713799	72694686	0
7	727238	711328	2
7	72728932	72713620	0
7	727342	711328	1
7	72744602	72728821	0
7	72744602	72728843	0
7	727651	711328	0
7	72777534	72744483	0
7	72826986	72815379	0
7	72863963	72862756	0
7	72864329	72863857	0
7	72864329	72863902	0
7	72948809	72948292	9
7	72948809	72948297	9
7	72948809	72948484	11
7	72948981	72948667	25
7	72949103	72947580	8
7	72949103	72948667	25
7	72949103	72948891	7
7	72949492	72948891	5
7	72949492	72949052	18
7	72949962	72948891	3
7	72949962	72949312	3
7	72950197	72949845	2
7	72952296	72950057	8
7	72954707	72950057	1
7	72954714	72950057	1
7	72960252	72959484	0
7	72969871	72969956	4
7	72980018	72969695	1
7	72998791	72997058	12
7	72998791	72998026	5
7	72999163	72998489	3
7	72999163	72998675	5
7	72999551	72979943	0
7	72999551	72998492	3
7	72999551	72999054	1
7	72999860	72998483	1
7	72999860	72999470	0
7	73022159	73020337	0
7	73022525	73022053	0
7	73022525	73022098	0
7	73050302	73048054	1
7	73050302	73048480	0
7	73050668	73050196	0
7	73050668	73050241	0
7	73078412	73076164	1
7	73078412	73076590	0
7	73078778	73078306	0
7	73078778	73078351	0
7	73106445	73104200	0
7	73106811	73106339	0
7	73106811	73106384	0
7	73229692	73230142	0
7	73248606	73242750	0
7	73248606	73242868	0
7	73248606	73243270	0
7	73303741	73303224	29
7	73303741	73303229	28
7	73303741	73303234	28
7	73304037	73302516	4
7	73304037	73303229	5
7	73304037	73303599	46
7	73304405	73303825	0
7	73304409	73303825	0
7	73304704	73303930	13
7	73304863	73303825	0
7	73304863	73304229	0
7	73304863	73304315	0
7	73316690	73312538	0
7	73316690	73312910	0
7	73316943	73313340	0
7	73324806	73320146	0
7	73324806	73321898	0
7	73328486	73328574	0
7	73442554	73440397	13
7	73442829	73441564	57
7	73442829	73442180	0
7	73463100	73459535	0
7	73465538	73462463	0
7	73465538	73462921	0
7	73508472	73498496	0
7	73538014	73536355	0
7	73538014	73536370	1
7	73538014	73536387	2
7	73538014	73536953	0
7	73538014	73537100	0
7	73538014	73537115	0
7	73538014	73537141	0
7	73538014	73537265	0
7	73538014	73537323	0
7	73538239	73536355	0
7	73539946	73537933	0
7	73540053	73537158	1
7	73540053	73537933	0
7	73540569	73537933	0
7	73542908	73539881	1
7	73543602	73539881	2
7	73543645	73537933	0
7	73543645	73539715	0
7	73543645	73539881	2
7	73543894	73539883	0
7	73552243	73537933	0
7	73552243	73539881	0
7	73557688	73539881	0
7	73570973	73569664	98
7	73571342	73567532	13
7	73571342	73569659	25
7	73571342	73570007	97
7	73571342	73570194	118
7	73571342	73570410	13
7	73571342	73570544	13
7	73571342	73570885	7
7	73571395	73570470	12
7	73572971	73571188	0
7	73572971	73571583	0
7	73573333	73571981	1
7	73573472	73572843	2
7	73573472	73572847	2
7	73573472	73572877	2
7	73574056	73573319	0
7	73574123	73573319	1
7	73574123	73573320	1
7	73574123	73573340	4
7	73574123	73573342	4
7	73574123	73573400	1
7	73574514	73573319	1
7	73574514	73573831	1
7	73574514	73573878	1
7	73574514	73573937	1
7	73574514	73573960	2
7	73574572	73573937	1
7	73574805	73573937	1
7	73576702	73574382	0
7	73576702	73574444	0
7	73576702	73574476	0
7	73576749	73574382	0
7	73578270	73574382	0
7	73578337	73574382	0
7	73578348	73574382	0
7	73578355	73574382	0
7	73578420	73574382	1
7	73578555	73573937	1
7	73578561	73574382	0
7	73578577	73573937	1
7	73578577	73574382	0
7	73578591	73574382	0
7	73578600	73574382	0
7	73578635	73574382	0
7	73578677	73574382	0
7	73578792	73574382	0
7	7358806	7356202	0
7	7358806	7356567	0
7	73594404	73593193	0
7	73595761	73593201	0
7	73595761	73594273	0
7	73596267	73595636	0
7	73596267	73595841	0
7	73596273	73595636	0
7	73596273	73595841	0
7	73596480	73595841	0
7	73596480	73596152	0
7	73596787	73596363	0
7	73596790	73596173	0
7	73596790	73596363	0
7	73596933	73596363	0
7	73596933	73596638	0
7	73597363	73596864	0
7	73597714	73596709	0
7	73597714	73596864	0
7	73599696	73597181	0
7	73599696	73597644	0
7	7360460	7358628	0
7	7360529	7357631	0
7	7360529	7357874	0
7	73605769	73599525	0
7	73605769	73599591	0
7	73605926	73605687	0
7	73606112	73605687	0
7	73606825	73605687	0
7	73607019	73605909	0
7	73607121	73605909	0
7	73607421	73605909	0
7	73616162	73607589	0
7	73616178	73599525	0
7	73616178	73607589	0
7	73692647	73693328	0
7	73697517	73697604	0
7	73700795	73699205	22
7	73700841	73699205	18
7	73700932	73699758	16
7	73700932	73700286	6
7	73701211	73700315	1
7	73702983	73699205	0
7	73702983	73700728	0
7	73702983	73700729	0
7	73702983	73700776	0
7	73702983	73700782	0
7	73702983	73700804	0
7	73702983	73700826	0
7	73703829	73702536	0
7	73703829	73702729	0
7	73703829	73702844	0
7	73704056	73702844	0
7	73704192	73703754	0
7	73704257	73703754	0
7	73704257	73703762	0
7	73704260	73703754	0
7	73704424	73704147	1
7	73704497	73703754	0
7	73705225	73704179	0
7	73705225	73704349	0
7	73705466	73704349	0
7	73705881	73705149	0
7	73708689	73705149	0
7	73716735	73709044	0
7	73719632	73709044	0
7	73719658	73709044	0
7	73719659	73709044	0
7	73719660	73709044	0
7	73719673	73709044	0
7	73737111	73736093	5
7	73737111	73736558	22
7	73737111	73736563	22
7	73737111	73736662	22
7	73737221	73736535	30
7	73737361	73736928	26
7	73737392	73736928	22
7	73737503	73736856	16
7	73737736	73736289	15
7	73737736	73736928	11
7	73737736	73737220	15
7	73738073	73737567	3
7	73738143	73737645	1
7	73738384	73737875	1
7	73738443	73737561	1
7	73738464	73736928	1
7	73738464	73737220	4
7	73738464	73737561	1
7	73738464	73737669	1
7	73738464	73737713	1
7	73738464	73737875	1
7	73738511	73737561	0
7	73738853	73737561	1
7	73828674	73829201	0
7	73840121	73834589	0
7	73840121	73834914	0
7	73840550	73840030	0
7	73841199	73839580	0
7	73841199	73840030	0
7	74043035	74043102	0
7	74043035	74043117	0
7	74051840	74051923	0
7	74062285	74059575	0
7	7417928	7381543	0
7	74189738	74189821	0
7	74189919	74190246	0
7	7419954	7417631	0
7	7419954	7417858	0
7	7420311	7417631	0
7	74233895	74232103	1
7	74235646	74231498	0
7	74235646	74231503	0
7	74235646	74231536	0
7	74235646	74231773	0
7	74235646	74233774	0
7	74237443	74235530	0
7	74237443	74235531	0
7	74238989	74235531	0
7	74238989	74237288	0
7	74238989	74237349	0
7	74238989	74237361	0
7	74238989	74237407	0
7	74240008	74238922	0
7	74240096	74238922	0
7	74240096	74238936	0
7	74246764	74243145	0
7	74249119	74243145	2
7	74249119	74246661	0
7	74249119	74246714	2
7	74249221	74243145	0
7	74249221	74246661	0
7	74249781	74243145	0
7	74249781	74246661	0
7	74249830	74243145	0
7	74249830	74246661	0
7	7432542	7419884	0
7	7432542	7431217	0
7	74601181	74602364	5
7	74700381	74688938	0
7	74722789	74700086	0
7	74727523	74699459	0
7	74727523	74700086	0
7	74727523	74700209	0
7	74727523	74722734	0
7	74727884	74726949	0
7	74727887	74727401	0
7	74728766	74727401	0
7	74728850	74727401	0
7	74728890	74726443	0
7	74729002	74727401	0
7	74755538	74756819	0
7	74758856	74759547	64
7	74783062	74783524	0
7	74788089	74788558	0
7	74799518	74799029	0
7	74802014	74796143	0
7	74802014	74799452	0
7	74803482	74801894	0
7	74803482	74801984	0
7	74804861	74803297	0
7	74807012	74804776	0
7	74807050	74804579	0
7	74819598	74812738	0
7	74820024	74819553	0
7	74821225	74818806	0
7	74822456	74819968	0
7	74822808	74822426	0
7	74825053	74821533	0
7	74825053	74822623	0
7	74832944	74824932	0
7	74836384	74832632	0
7	74836384	74832804	0
7	74883042	74882704	30
7	74883464	74882935	7
7	74883836	74882162	5
7	74883836	74883348	5
7	74883836	74883412	5
7	74884224	74883727	2
7	74884525	74883766	0
7	74884525	74883794	0
7	74884525	74884143	0
7	74907096	74906672	9
7	75052797	75027121	0
7	75052797	75042182	1
7	75052797	75042973	0
7	75056075	75052710	0
7	75057617	75055574	0
7	75057617	75055900	0
7	75057617	75056516	0
7	75058770	75057528	0
7	75063344	75061206	0
7	75064649	75063291	0
7	75064649	75063313	0
7	75064729	75063291	0
7	75123320	75123487	0
7	75146509	75146511	1
7	75157396	75156638	0
7	75187296	75185395	49
7	75188117	75185384	0
7	75188117	75186115	0
7	75188117	75187060	0
7	75188117	75187219	0
7	75188117	75187241	0
7	75196797	75194656	0
7	75197040	75196612	0
7	75197040	75196667	0
7	75199726	75197947	0
7	75200007	75197947	0
7	75200180	75199650	0
7	75200180	75199670	0
7	75201305	75200120	0
7	75201317	75199808	0
7	75202614	75201120	0
7	75202614	75201864	0
7	75208015	75202541	0
7	75208015	75205994	0
7	75237697	75217153	0
7	75296127	75288119	2
7	75299796	75297673	0
7	75324055	75316047	2
7	75327766	75325642	0
7	75352022	75344014	1
7	75355689	75353568	0
7	75393568	75391954	0
7	75394357	75393364	0
7	75394357	75393506	0
7	75395136	75394266	0
7	75395282	75395017	1
7	75395435	75395017	0
7	75403741	75404838	0
7	75410461	75410605	0
7	75410461	75411407	2
7	75410727	75411407	6
7	75410835	75411407	2
7	75412933	75414639	7
7	75412933	75414884	8
7	75414799	75414884	5
7	75415771	75415980	4
7	75415779	75415980	4
7	75416031	75416102	9
7	75416416	75416485	24
7	75419443	75416789	5
7	75419443	75418795	1
7	75421286	75416786	0
7	75423204	75419319	1
7	75424226	75421508	0
7	75424226	75423101	0
7	75424226	75423169	0
7	75425196	75424525	0
7	75425709	75425073	0
7	75425709	75425135	0
7	75426454	75425531	0
7	75426454	75425634	0
7	75437554	75425634	0
7	75441116	75439143	1
7	75441648	75440953	1
7	75441648	75441053	1
7	75474883	75441431	0
7	75475189	75474703	0
7	75475189	75474706	0
7	75501477	75501551	1
7	75507868	75502929	0
7	75511115	75507746	2
7	75511115	75507749	2
7	75511115	75507752	2
7	75511115	75507780	3
7	75512422	75510930	0
7	75512676	75510930	0
7	75512676	75511016	0
7	75512676	75512308	0
7	75514780	75512588	0
7	75514785	75512588	0
7	75515829	75512588	0
7	75516221	75515717	0
7	7552441	7550103	0
7	75525956	75516042	0
7	75525964	75516093	0
7	75526008	75516093	0
7	75539432	75533299	11
7	75539432	75534087	27
7	75539432	75538082	0
7	7554750	7552736	0
7	7555190	7552461	0
7	7555190	7552852	0
7	75558256	75557653	0
7	75559916	75558166	0
7	75559916	75558221	0
7	75582152	75581236	0
7	75586834	75582074	0
7	75586834	75582091	0
7	7567485	7567606	17
7	75738936	75654412	0
7	75738942	75599183	0
7	75738948	75599183	0
7	75738963	75733459	0
7	75772004	75769532	0
7	75813424	75811664	0
7	75915210	75915660	2
7	75983637	75983737	0
7	75986242	75986316	0
7	75986242	75986336	0
7	75987420	75986988	1
7	75987429	75986836	1
7	75987429	75986984	1
7	75987429	75987040	11
7	75987536	75986991	0
7	75987603	75986982	0
7	75987603	75987149	0
7	75987603	75987359	0
7	75987669	75986984	0
7	75987811	75987359	0
7	75987811	75987537	0
7	75987811	75987541	0
7	75987979	75987441	0
7	75987985	75987717	0
7	75988149	75987922	0
7	75988149	75987926	0
7	75988212	75987922	0
7	75988321	75988082	14
7	75988342	75987717	0
7	75988342	75987922	0
7	75988342	75988082	10
7	75988342	75988129	6
7	75988517	75988035	0
7	75988517	75988082	0
7	75988517	75988251	0
7	75988588	75988202	0
7	76001003	75996337	0
7	76001003	75996341	0
7	76001003	75996365	0
7	76001003	75996408	0
7	76001003	75998544	0
7	76003856	75996365	0
7	76003856	75996498	0
7	76003856	76000889	0
7	76005405	76003738	0
7	76005405	76003757	0
7	76013888	76005258	0
7	76021993	76005258	0
7	76021993	76013741	0
7	76021993	76013752	0
7	76028704	76005258	0
7	76047954	76030420	0
7	76047964	76030420	0
7	76047981	76030420	0
7	76047984	76030420	0
7	76047989	76030420	0
7	76048004	76030420	0
7	76048005	76030420	0
7	76093402	76090430	0
7	76099515	76093296	0
7	76099957	76099439	0
7	76108763	76108433	0
7	76108780	76108230	0
7	76117887	76108676	0
7	76303077	76303801	0
7	76303728	76303801	162
7	76359032	76326793	0
7	7637973	7636517	0
7	7637973	7636926	0
7	7637973	7636931	0
7	7637973	7636974	0
7	7638407	7636984	0
7	7639145	7637863	0
7	76392042	76389333	0
7	7640027	7639069	0
7	7640578	7638413	0
7	7640582	7639069	0
7	7640817	7639069	0
7	7640950	7638578	0
7	7641176	7639069	0
7	76478857	76474586	0
7	76510738	76510902	0
7	76533754	76531324	0
7	76533976	76533693	0
7	76534120	76531318	0
7	76534120	76533648	0
7	76611592	76609985	0
7	76611592	76610027	0
7	76611628	76609993	0
7	76611814	76611453	0
7	76618301	76609985	0
7	76618301	76611721	0
7	76618616	76611721	0
7	76625684	76611721	0
7	76625684	76618182	2
7	76625684	76618496	3
7	76626128	76625521	17
7	76626216	76625521	10
7	76627241	76625999	10
7	76627242	76625999	10
7	76627262	76625999	10
7	76819289	76818376	0
7	76976962	76972678	0
7	77025113	77024690	0
7	77026915	77024868	0
7	77053204	77052784	0
7	77094098	77083786	0
7	77094098	77083885	0
7	77119627	77113390	0
7	7715227	7687227	0
7	77199827	77193370	0
7	77255476	77246339	0
7	77311941	77310750	0
7	77311941	77311322	0
7	77311941	77311334	0
7	77312203	77311840	0
7	77313550	77310751	0
7	77313550	77312100	0
7	77313550	77312165	0
7	77314490	77313487	0
7	77314816	77313487	0
7	77316315	77313487	0
7	77320820	77314369	0
7	77320820	77314373	0
7	77321404	77320724	0
7	77323743	77320724	0
7	77323743	77321332	0
7	77323743	77321338	0
7	77326274	77320724	0
7	77326274	77321332	0
7	77328638	77326211	0
7	77329392	77328605	0
7	77329392	77328614	0
7	77330368	77326211	0
7	77330368	77328605	0
7	77330368	77329332	0
7	77330719	77329332	0
7	77331945	77330181	0
7	77349405	77329332	0
7	77349405	77329526	0
7	77349405	77330238	0
7	77353027	77349350	0
7	77353027	77351596	0
7	77397036	77387359	0
7	77397416	77396981	0
7	77397416	77397000	0
7	7740843	7738592	0
7	7741121	7738638	0
7	7742575	7738523	0
7	77661334	77659092	0
7	77685329	77661197	0
7	77685329	77683942	0
7	77685329	77684220	0
7	77696254	77684784	0
7	77696263	77685201	0
7	77696266	77657659	0
7	77696266	77685201	0
7	77798581	77793727	0
7	77908959	77910244	0
7	78019977	78017091	2
7	78026105	78019901	0
7	78035017	78019960	0
7	78065652	78026067	0
7	78065656	78035189	0
7	78065663	78017080	0
7	78065663	78019016	0
7	78065663	78019032	0
7	78078974	78039558	0
7	78079086	78017056	0
7	78079086	78017075	0
7	78079086	78017080	0
7	78079086	78019923	0
7	78079086	78065573	0
7	78079086	78072557	0
7	78125838	78078058	0
7	78125838	78078382	0
7	78125838	78078946	0
7	78133061	78127196	0
7	78135207	78132888	0
7	78135207	78132938	0
7	78160274	78132888	0
7	78160274	78135020	0
7	78160274	78158206	0
7	78167974	78159798	0
7	78168109	78160024	0
7	78168109	78160069	0
7	78178068	78167915	0
7	78178103	78167915	0
7	78184652	78178035	0
7	78185671	78178010	0
7	78185671	78184427	0
7	78195064	78178010	0
7	78195064	78185504	0
7	78195064	78185628	0
7	78201194	78178010	0
7	78201194	78185628	0
7	78256159	78201161	0
7	78256582	78201161	0
7	78256582	78255942	0
7	78285769	78256542	0
7	78285807	78256515	0
7	78343961	78251413	0
7	78343961	78255768	0
7	78343961	78255788	0
7	78343961	78255942	0
7	78343961	78256024	0
7	78343961	78256247	0
7	78345573	78343916	0
7	78346044	78343777	0
7	78369214	78345921	0
7	78449000	78392625	0
7	78489792	78369155	0
7	78489830	78456925	0
7	78489841	78369155	0
7	78489841	78484137	0
7	78489901	78369155	0
7	78489969	78369155	0
7	78501788	78489760	0
7	78509384	78501720	0
7	78519102	78501757	0
7	78521646	78501576	0
7	78521646	78518063	0
7	78521646	78518658	0
7	78627198	78621278	0
7	78627240	78521429	0
7	78627240	78554566	0
7	78627240	78583420	0
7	78627240	78614365	0
7	78627244	78521429	0
7	78902613	78901274	0
7	79000299	78904020	0
7	79000331	78946706	0
7	79007207	78627119	0
7	79007207	79000204	0
7	79008939	79007089	0
7	79351886	79007190	0
7	79453036	79409988	0
7	79453121	79006666	0
7	79453460	79007089	0
7	79453488	79007089	0
7	79453556	79007089	0
7	79453575	79007089	0
7	79458731	79458846	0
7	79459000	79459406	0
7	79459000	79459535	0
7	79459454	79459535	0
7	7950710	7949852	0
7	7969904	7958182	0
7	80134049	80134219	0
7	80134069	80134219	0
7	80248867	80246408	0
7	80331369	80330186	0
7	80331369	80330194	0
7	80355147	80333682	0
7	80355147	80338747	0
7	80360646	80355006	0
7	80362225	80355006	0
7	80362225	80360523	0
7	80362225	80361468	0
7	80372168	80331209	0
7	80372230	80362114	0
7	80372295	80312573	0
7	80372295	80325489	0
7	80372295	80355006	0
7	80372295	80362114	0
7	80372295	80370924	0
7	80373835	80330195	0
7	80373863	80372126	0
7	80373878	80372126	0
7	80373888	80372126	0
7	80373991	80371920	0
7	80373991	80372126	0
7	80374461	80373811	0
7	80374461	80373839	0
7	80374461	80373854	0
7	80374461	80373861	0
7	80374470	80373811	0
7	80380447	80374340	0
7	80380475	80373838	0
7	80380475	80374340	0
7	80380556	80374340	0
7	80382061	80374340	0
7	80382061	80380294	0
7	80384106	80380294	0
7	80384125	80374340	0
7	80384125	80380294	0
7	80384128	80381850	0
7	80384980	80383902	0
7	80390006	80383979	0
7	80391475	80383902	0
7	80462313	80458670	0
7	80646519	80646651	0
7	80670023	80670976	0
7	80672844	80673354	0
7	80673410	80673982	0
7	80749029	80742537	0
7	80749029	80744867	0
7	80798237	80789305	0
7	80798237	80793356	0
7	80798239	80796388	0
7	80818410	80815948	0
7	80818419	80810610	0
7	80827488	80818298	0
7	80828746	80827424	0
7	80828746	80827429	0
7	80828746	80827448	0
7	80905917	80828584	0
7	80916820	80810610	0
7	80916820	80828584	0
7	80916820	80847259	0
7	80916820	80905828	0
7	80916820	80915688	0
7	8114045	8113245	2
7	8128143	8113183	0
7	8128143	8113186	0
7	8128143	8113254	0
7	8128143	8113308	0
7	8128143	8113592	0
7	8128143	8113771	0
7	8128143	8113778	0
7	8128143	8113922	0
7	8138882	8127872	0
7	8139048	8127872	0
7	8141818	8138984	0
7	8142056	8141764	0
7	8143973	8141764	0
7	81497194	81489471	0
7	81515773	81489203	0
7	81528577	81515633	0
7	81560266	81515633	0
7	81560266	81528402	0
7	81560266	81528428	0
7	8157215	8143874	0
7	8157765	8143874	0
7	81578509	81560119	0
7	81578509	81574877	0
7	81581905	81576385	0
7	81581905	81576386	0
7	81581905	81578416	0
7	81583271	81581652	0
7	81583271	81581721	0
7	81584441	81581721	0
7	8158653	8127872	0
7	8158653	8156556	0
7	8158653	8157115	0
7	81597827	81578416	0
7	81624444	81607475	0
7	81625227	81607475	0
7	81690493	81607475	0
7	81705536	81699007	0
7	81705536	81702126	0
7	81743472	81729604	0
7	81743472	81742690	0
7	81743472	81742731	0
7	81752248	81744999	0
7	81752263	81744999	0
7	81757304	81744999	0
7	81757304	81750888	0
7	81757304	81751915	0
7	81757304	81752119	0
7	81757304	81755120	0
7	81758805	81755120	0
7	81758805	81756985	0
7	81758805	81757188	0
7	81758805	81757245	0
7	81762873	81758691	0
7	81762873	81758703	0
7	81762997	81758691	0
7	81959358	81946443	0
7	81959358	81950101	0
7	81962024	81959719	0
7	81962496	81961893	0
7	81967208	81965593	0
7	81967664	81967164	0
7	81967664	81967168	0
7	81969985	81968886	0
7	81970738	81969880	0
7	81971090	81967595	0
7	82005498	81997178	0
7	82005498	82001658	0
7	82005791	82005422	0
7	82005840	82005330	0
7	82005840	82005422	0
7	82005840	82005446	0
7	82007757	82005764	0
7	82012244	82007661	0
7	82012244	82007678	0
7	82012252	82007678	0
7	82013511	82012042	0
7	82013511	82012153	0
7	82032902	82014400	0
7	82060528	82038076	0
7	82060528	82050335	0
7	82060528	82050934	0
7	82117174	82084768	0
7	82136677	82117043	0
7	8218460	8158330	0
7	8218504	8158526	0
7	8218952	8218440	0
7	8221399	8218304	0
7	8221399	8218397	0
7	8221399	8218478	0
7	8223560	8221352	0
7	8227852	8221274	0
7	8228674	8221274	0
7	8228674	8223487	0
7	8228674	8227637	0
7	8232734	8228600	0
7	8232753	8228600	0
7	8232753	8228641	0
7	8232756	8228600	0
7	8236006	8228600	0
7	8262146	8127872	0
7	8262613	8235909	0
7	8262688	8235909	0
7	82760785	82754012	0
7	82801592	82761358	0
7	82805830	82801517	0
7	82805830	82801536	0
7	82821295	82805687	0
7	82822591	82821111	32
7	82822690	82805687	0
7	82824417	82820476	0
7	82824417	82822096	0
7	82824417	82822108	0
7	82824417	82822494	0
7	82838343	82827872	0
7	82838343	82835666	0
7	82841510	82838217	0
7	82845486	82841458	0
7	82846635	82845270	0
7	82846635	82845426	0
7	82916874	82908876	0
7	82950749	82914360	0
7	82951491	82914685	0
7	82966488	82951855	0
7	83134611	82966420	0
7	83135657	82965770	0
7	83385434	83363237	0
7	83385434	83363905	0
7	83385434	83367484	0
7	83385434	83371495	0
7	83407240	83405944	0
7	83408488	83407096	0
7	83408488	83407139	0
7	83418484	83408367	0
7	83462161	83408367	0
7	83466602	83418389	0
7	83490275	83469242	0
7	83612649	83490113	0
7	83616713	83490187	0
7	83641432	83490113	0
7	83648551	83490113	0
7	83649009	83490113	0
7	83649114	83490113	0
7	83963348	83955776	0
7	83963348	83961300	0
7	84110590	84060464	0
7	84129186	84110469	0
7	84129186	84110475	0
7	84194669	84134793	0
7	84194902	84134793	0
7	84195162	84194474	1
7	84195446	84194474	0
7	84307293	84194474	0
7	84307293	84194528	0
7	84307293	84306381	0
7	84371901	84307206	0
7	84940246	84939348	0
7	849604	849922	0
7	85006942	84995552	0
7	85006942	84999396	0
7	85037034	85022390	0
7	85041940	85040672	0
7	85042286	85040672	0
7	85055766	85041077	0
7	85055860	85042170	0
7	85055860	85050356	0
7	852668	852809	0
7	852668	852812	0
7	852668	853408	0
7	852953	853408	0
7	86776023	86775080	0
7	86786148	86784225	0
7	86786593	86786056	0
7	86786671	86784378	0
7	86891890	86876905	0
7	86891890	86879938	0
7	86891890	86880015	0
7	86891890	86880076	0
7	86892936	86891194	0
7	86893101	86891723	0
7	86907772	86897505	0
7	86908544	86907669	0
7	86908544	86907696	0
7	86912172	86909811	0
7	86912203	86911621	0
7	86912246	86909811	0
7	86913066	86912071	0
7	86913161	86911824	0
7	86913205	86912071	0
7	86914861	86912071	0
7	86914861	86912940	0
7	86914861	86913015	0
7	86914861	86913025	0
7	86942105	86940009	0
7	86942105	86941351	0
7	86945047	86942017	0
7	86945047	86942080	0
7	86947923	86944898	0
7	86947923	86944949	0
7	86965025	86944898	0
7	87152283	87151422	0
7	87152421	87151439	1
7	87163287	87163494	0
7	87163333	87163494	0
7	87194103	87194683	0
7	87194103	87195030	1
7	87194829	87195030	0
7	87198046	87196159	0
7	87198046	87196161	0
7	87198046	87196599	1
7	87199058	87197700	0
7	87199058	87197717	0
7	87199058	87197940	0
7	87199614	87197982	0
7	87203044	87199006	0
7	87216922	87199006	0
7	87219627	87198227	0
7	87219631	87199006	0
7	87219719	87199006	0
7	87219734	87199006	0
7	87220531	87219488	14
7	87220588	87219425	4
7	87341685	87325224	0
7	87341685	87325298	0
7	87341685	87325346	0
7	87341685	87325349	0
7	87345234	87341401	0
7	87345234	87341522	0
7	87345464	87341354	0
7	87345487	87341469	0
7	87345487	87341522	0
7	87345516	87341522	0
7	87345516	87345042	7
7	87402303	87401696	0
7	87403202	87402128	0
7	87403282	87401698	0
7	87403282	87402044	0
7	87403282	87402048	0
7	87403282	87402058	0
7	87403282	87402095	0
7	87403380	87402133	0
7	87406495	87403134	0
7	87406516	87403134	0
7	87408235	87403134	0
7	87408235	87405919	0
7	87408235	87406287	0
7	87424053	87422120	0
7	87426921	87423574	0
7	87426921	87423848	0
7	87426921	87423905	0
7	87431501	87426749	0
7	87431566	87426749	0
7	87431566	87426821	0
7	87453136	87449967	0
7	87453136	87451622	0
7	87454593	87452371	0
7	87454593	87452943	0
7	87462909	87454534	0
7	87472676	87462757	0
7	87472676	87462860	0
7	87506044	87503632	0
7	87506044	87503858	0
7	87506044	87503862	0
7	87506044	87503863	0
7	87506142	87504155	0
7	87509482	87505896	0
7	87509482	87505901	0
7	87515429	87509274	0
7	87516666	87515227	0
7	87516666	87515230	0
7	87518964	87516508	0
7	87519467	87516508	0
7	87531498	87520775	0
7	87546025	87544822	0
7	87549519	87545862	0
7	87549519	87545948	0
7	87585681	87570171	0
7	87595815	87585511	0
7	87595815	87585653	0
7	87600826	87600116	0
7	87601074	87600116	0
7	87601079	87600116	0
7	87601079	87600754	0
7	87603141	87600812	0
7	87713249	87600754	0
7	87713295	87600972	0
7	87713296	87602959	0
7	87713324	87600754	0
7	87836811	87833567	22
7	87836811	87836109	2
7	87836811	87836110	2
7	87836811	87836167	2
7	87837148	87836296	0
7	87842268	87836248	1
7	87854311	87849880	0
7	87856352	87854203	0
7	87856390	87854203	0
7	87856390	87854256	0
7	87858752	87854203	0
7	87858752	87856290	0
7	87858752	87856291	0
7	88208566	88205117	2
7	88208566	88205657	1
7	88208566	88206285	1
7	88208566	88206437	0
7	88208566	88206455	0
7	88209433	88208506	0
7	88209453	88207675	0
7	88209453	88208488	0
7	88209453	88208506	0
7	88210131	88208506	0
7	88210131	88208859	0
7	88210131	88209338	0
7	88210494	88209338	0
7	88210926	88209338	0
7	88210926	88209982	0
7	88210926	88210082	0
7	88214937	88210881	0
7	88217192	88210554	0
7	88217192	88210567	0
7	88217192	88210881	0
7	88218943	88217121	0
7	88220037	88218858	0
7	88220039	88218858	0
7	88220061	88218858	0
7	88220066	88218858	0
7	88220080	88218858	0
7	88226954	88218858	0
7	88226977	88217121	0
7	88226977	88218858	0
7	88226994	88218858	0
7	88271871	88276955	0
7	88281080	88270891	0
7	88281080	88278027	0
7	88283169	88280914	0
7	88284272	88280914	0
7	88284272	88281482	0
7	88284272	88282640	0
7	88291015	88283813	0
7	88306881	88290915	0
7	88306889	88283813	0
7	88306892	88283813	0
7	884395	886055	0
7	88795722	88794105	0
7	893816	893898	2
7	899262	897900	0
7	899262	897902	0
7	899262	897908	0
7	899262	897909	0
7	899262	897944	0
7	899262	898777	0
7	899262	898916	0
7	899491	899032	0
7	900165	899418	0
7	900165	899464	0
7	900614	900101	0
7	900617	900101	0
7	900617	900141	0
7	901032	900532	0
7	90122891	90119298	0
7	901400	900101	0
7	90209939	89882352	0
7	90211636	90209269	0
7	90211636	90209850	0
7	90232485	90236890	3
7	90268938	90266033	0
7	90300060	90303968	0
7	90300060	90304743	0
7	90304107	90304743	0
7	90321309	90316502	0
7	904273	900101	0
7	904273	900532	0
7	904273	900935	0
7	905078	904125	0
7	905139	903956	0
7	905173	904125	0
7	905173	904151	0
7	905173	904186	0
7	905173	904246	0
7	905617	904125	0
7	90591902	90590618	0
7	90591902	90590622	0
7	90709611	90709815	0
7	9124494	9097270	0
7	91556849	91380777	0
7	91643513	91638846	0
7	91693460	91692007	0
7	91876927	91874314	0
7	91876979	91873321	0
7	91880114	91827414	0
7	91880114	91872890	0
7	91880114	91874317	0
7	91880114	91876877	0
7	91880440	91876894	0
7	91880664	91874653	0
7	91880703	91870928	0
7	9189766	9097270	0
7	9189786	9082556	0
7	9189786	9097270	0
7	9189858	9142615	0
7	920051	905059	0
7	92040857	92040858	0
7	920890	919967	0
7	92117093	92113584	1
7	92117213	92112150	0
7	92117213	92112158	0
7	92117213	92113411	0
7	92117449	92113693	0
7	92131873	92128879	0
7	92134531	92131773	0
7	92134804	92131773	0
7	92142953	92131806	0
7	92146201	92144841	0
7	92146201	92144883	0
7	92150696	92131773	0
7	92150696	92141642	0
7	92165277	92159004	0
7	92179128	92165025	0
7	92179134	92163285	0
7	92179512	92150533	0
7	92179532	92159004	0
7	92201424	92198968	1
7	92201424	92199412	3
7	92201424	92200177	0
7	92201424	92200357	0
7	92201424	92200372	0
7	92201556	92200453	0
7	92206858	92200013	0
7	92213402	92131773	0
7	92213402	92201306	0
7	92225828	92222821	0
7	92226683	92222821	0
7	92226683	92225719	0
7	92226683	92225765	0
7	92235616	92234807	1
7	92235647	92234807	0
7	92235774	92234807	0
7	92236543	92234807	0
7	92236543	92235402	0
7	92236543	92235578	2
7	92237760	92235402	0
7	92237760	92236410	0
7	92237760	92236412	0
7	92241120	92237666	0
7	92241153	92237666	0
7	92241153	92237685	0
7	92241153	92237728	0
7	92242138	92240992	0
7	92242138	92241046	0
7	92242138	92241057	0
7	92242138	92241080	0
7	92242138	92241140	0
7	92242162	92240848	0
7	92244150	92242033	0
7	92244150	92242060	0
7	92244150	92242100	0
7	92245135	92244001	1
7	92245135	92244049	1
7	92245172	92242033	0
7	92245172	92244001	1
7	92245575	92242033	0
7	92245596	92242033	0
7	92245596	92244001	10
7	92245596	92244901	10
7	92245796	92244901	7
7	92245872	92242033	0
7	92245913	92244901	2
7	92245915	92242033	0
7	92245915	92244901	1
7	92245915	92245109	7
7	92245916	92242033	0
7	92245924	92244901	1
7	92245925	92244901	1
7	92245931	92244901	1
7	92245944	92244901	1
7	92246101	92244901	9
7	92246167	92244901	5
7	923339	919967	0
7	92415533	92412549	0
7	92415533	92412607	0
7	92415533	92412978	0
7	92447814	92435696	0
7	92448878	92449091	0
7	92473190	92468379	0
7	92477916	92468379	0
7	92477947	92468379	0
7	92477987	92474591	0
7	92489424	92487019	0
7	92489424	92487025	0
7	92489424	92487296	0
7	92489424	92487456	0
7	92489795	92487289	0
7	92489912	92489292	1
7	92490247	92489371	1
7	92491503	92489292	0
7	92491503	92489713	0
7	92491503	92489718	0
7	92493130	92491271	0
7	92494397	92491271	0
7	92502080	92499703	0
7	92502080	92501506	0
7	92503065	92501767	0
7	92503196	92501506	0
7	92503196	92501889	0
7	92504903	92503040	0
7	92506345	92503040	0
7	92506345	92504731	0
7	92506345	92504886	0
7	92507824	92504731	0
7	92511048	92506993	0
7	92511048	92509328	0
7	92511704	92510864	0
7	92511704	92510943	0
7	92534971	92536850	0
7	92548863	92540267	0
7	92566062	92560792	0
7	92566062	92561102	0
7	92566062	92561136	0
7	92566062	92562281	0
7	92569916	92561215	0
7	92569916	92565507	0
7	92569916	92566009	0
7	92569916	92566013	0
7	92569916	92566049	0
7	92575822	92569541	0
7	92575822	92569822	0
7	92575855	92569822	0
7	92578394	92577654	0
7	92578394	92578149	0
7	92579396	92578318	0
7	92581604	92579154	0
7	92581604	92579316	0
7	92581807	92579316	0
7	92585397	92581505	0
7	92590031	92581505	0
7	92590071	92581505	0
7	92590330	92581505	0
7	92590339	92581505	0
7	92590391	92581505	0
7	92590395	92581505	0
7	92618208	92604920	2
7	92618208	92615139	0
7	92618278	92614713	0
7	926645	919967	0
7	92671536	92623035	0
7	927056	919967	0
7	92725711	92671234	0
7	92725794	92671425	0
7	92833691	92774695	0
7	92833918	92833090	13
7	92835298	92833402	0
7	92836595	92833090	0
7	93114896	93099515	0
7	93117963	93102248	0
7	93118024	93099512	0
7	93135972	93131216	4
7	93144834	93130054	0
7	93144834	93130762	0
7	93144834	93131032	0
7	93144834	93135762	0
7	93146041	93144731	0
7	93146041	93145384	0
7	93147147	93145384	0
7	93147147	93145908	0
7	93148346	93135762	0
7	93148346	93145384	0
7	93148346	93145908	0
7	93148370	93145605	0
7	93192364	93188585	0
7	93192364	93188878	0
7	93192364	93188966	0
7	93258277	93258356	0
7	93434295	93424486	0
7	93434295	93424491	0
7	93434295	93424538	0
7	93434295	93426309	0
7	93434295	93426322	0
7	93434295	93426355	0
7	93486982	93479353	0
7	93487008	93479353	0
7	93487014	93479353	0
7	93887356	93886433	33
7	93887432	93885395	12
7	93887432	93885822	22
7	93887432	93886470	2
7	93889221	93887380	2
7	93889224	93887260	1
7	93889224	93887374	1
7	93890171	93889034	0
7	93890287	93889034	0
7	93890320	93887260	1
7	93890320	93889016	0
7	93890320	93889034	0
7	93890748	93890136	0
7	93890754	93889034	0
7	93890754	93889917	0
7	93890754	93890136	0
7	93890992	93890136	0
7	93906645	93906735	0
7	93968391	93965409	0
7	93972664	93962761	0
7	93976101	93972382	0
7	93976101	93972494	0
7	93976101	93972574	0
7	93994386	93975903	0
7	93994386	93993259	62
7	93996322	93975903	0
7	93996322	93993241	0
7	93996322	93993272	0
7	93996322	93994351	0
7	93999295	93996030	0
7	93999295	93996264	0
7	94004330	93999169	0
7	94004356	93999169	0
7	94004362	93999169	0
7	94004376	93999169	0
7	94004383	93999169	0
7	94072334	94071758	0
7	94279391	94278679	0
7	94367280	94307558	0
7	94391534	94390627	0
7	94392197	94391404	0
7	94395609	94391404	0
7	94420649	94421008	0
7	94423119	94424335	0
7	94424444	94425116	0
7	94426531	94427007	0
7	94427296	94427626	0
7	94429431	94430246	0
7	94587810	94585293	0
7	94587813	94584979	0
7	94587813	94585223	0
7	94587813	94585229	0
7	94587813	94585246	0
7	94587813	94585268	0
7	94587813	94585269	0
7	94587813	94585283	0
7	94587813	94585284	0
7	94587813	94585291	0
7	94587813	94585293	0
7	94587813	94585298	0
7	94587813	94585300	0
7	94587813	94585345	0
7	94587813	94585360	0
7	94587813	94585367	0
7	94587813	94585374	0
7	94587813	94585379	0
7	94587813	94585381	0
7	94587813	94585386	0
7	94587813	94585404	0
7	94587813	94585438	0
7	94587813	94585448	0
7	94587850	94585269	0
7	94587850	94585293	0
7	94587850	94585365	0
7	94587850	94585397	0
7	94587850	94585409	0
7	94587885	94585223	0
7	94588733	94524203	0
7	94588733	94585222	0
7	94588733	94585223	0
7	94588733	94585226	0
7	94588733	94585229	0
7	94588733	94585231	0
7	94588733	94585236	0
7	94588733	94585240	0
7	94588733	94585263	0
7	94588733	94585268	0
7	94588733	94585269	0
7	94588733	94585273	0
7	94588733	94585279	0
7	94588733	94585283	0
7	94588733	94585284	0
7	94588733	94585288	0
7	94588733	94585293	0
7	94588733	94585300	0
7	94588733	94585357	0
7	94588733	94585365	0
7	94588733	94585374	0
7	94588733	94585398	0
7	94588733	94585409	0
7	94588733	94585469	0
7	94588733	94585489	0
7	94588733	94586584	0
7	94588733	94587777	0
7	94590022	94587777	0
7	94594547	94588688	0
7	94597840	94588688	0
7	94598005	94588688	0
7	94598005	94597748	2
7	94598964	94585263	0
7	94598964	94585283	0
7	94598964	94585370	0
7	94598964	94585398	0
7	94598964	94586535	0
7	94598964	94587777	0
7	94598964	94588202	0
7	94598964	94588688	0
7	94598964	94588707	0
7	94598964	94590524	0
7	94598964	94594431	0
7	94598964	94597748	0
7	94598964	94597895	0
7	94598964	94597923	0
7	94598964	94597929	0
7	94599138	94588688	0
7	94599401	94598774	0
7	94599724	94585229	0
7	94599724	94585283	0
7	94599724	94585398	0
7	94599724	94587777	0
7	94599724	94588688	0
7	94599724	94597224	0
7	94599724	94598382	0
7	94599724	94598774	0
7	94599724	94598836	0
7	94599724	94598935	0
7	94599724	94599326	0
7	94599980	94598774	0
7	94600675	94599696	0
7	94600741	94599696	0
7	94600858	94588688	0
7	94600858	94598462	0
7	94600858	94598774	0
7	94600858	94599696	0
7	94600858	94599706	0
7	94603328	94600645	0
7	94603346	94600645	0
7	94603453	94598774	0
7	94603453	94599696	0
7	94603453	94600645	0
7	94603453	94600789	0
7	94603453	94600809	0
7	94603453	94600847	0
7	94618933	94603289	0
7	94618936	94603289	0
7	94618957	94603289	0
7	94618965	94603289	0
7	94619242	94603289	0
7	94620456	94603289	0
7	94621996	94618757	0
7	94622627	94618757	0
7	94622627	94621848	0
7	94623351	94618757	0
7	94623352	94618757	0
7	94623398	94603289	0
7	94623398	94616866	0
7	94623398	94618757	0
7	94623398	94618758	0
7	94623398	94618806	0
7	94623398	94618807	0
7	94623398	94621848	0
7	94623398	94622515	0
7	94623398	94622545	0
7	94623450	94620398	0
7	94623716	94618757	0
7	94624150	94622515	0
7	94624250	94618757	0
7	94624487	94618757	0
7	94624543	94618757	0
7	94624561	94618757	0
7	94624679	94618757	0
7	94626402	94618757	0
7	94628273	94623324	0
7	94628313	94623324	0
7	94628360	94603289	0
7	94628360	94618757	0
7	94628360	94623324	0
7	94628360	94624218	0
7	94629812	94628201	0
7	94629813	94628201	0
7	94629822	94628201	0
7	94629842	94618757	0
7	94629842	94623324	0
7	94629842	94626825	0
7	94629842	94628201	0
7	94629896	94626695	0
7	94644668	94623324	0
7	94644668	94628201	0
7	94656046	94623324	0
7	94656046	94628201	0
7	94656097	94628201	0
7	94656102	94628201	0
7	94656120	94628201	0
7	94656142	94628201	0
7	94656148	94623324	0
7	94656148	94628201	0
7	94656149	94623324	0
7	94656150	94628201	0
7	94656166	94627058	0
7	94656178	94628201	0
7	94656187	94628201	0
7	94663430	94669181	2
7	94664508	94664509	2
7	94665076	94668733	5
7	95108942	95035730	0
7	95175090	95108866	0
7	95175090	95154712	0
7	95214333	95036535	0
7	95302334	95297675	0
7	95302334	95298913	0
7	95302404	95298748	0
7	95311578	95308010	0
7	95315450	95311450	0
7	95315491	95311450	0
7	95315491	95311489	0
7	95316790	95311450	0
7	95362439	95359945	0
7	95362491	95359943	0
7	95362491	95359945	0
7	95362491	95359960	0
7	95362799	95359986	0
7	95362842	95359945	0
7	95364064	95359943	0
7	95364064	95362759	0
7	95365914	95362759	0
7	95367489	95363481	0
7	95367489	95363862	0
7	95372339	95363862	0
7	95377677	95372172	0
7	95390210	95372172	0
7	95390210	95377532	0
7	95394715	95372172	0
7	95406248	95404862	0
7	95406248	95404866	0
7	95406248	95404879	0
7	95406248	95404896	0
7	95406248	95405338	0
7	95406273	95405277	0
7	95410102	95406986	1
7	95411685	95409506	0
7	95411704	95409900	0
7	95411744	95409900	0
7	95411780	95406986	0
7	95411780	95409900	0
7	95411780	95409953	0
7	95411780	95409996	0
7	95412462	95411681	0
7	95412478	95409900	0
7	95412478	95411650	0
7	95412478	95411652	0
7	95412478	95411703	0
7	95412478	95411729	0
7	95415273	95412323	0
7	95416246	95412311	0
7	95416298	95412311	0
7	95416298	95412743	0
7	95416298	95415147	1
7	95424586	95412311	0
7	95424586	95415875	0
7	95424586	95416171	0
7	95424586	95416241	0
7	95424586	95418175	0
7	95434334	95424514	0
7	95434952	95424514	0
7	95434964	95424514	0
7	95434977	95424514	0
7	95434992	95424514	0
7	95434999	95416171	0
7	95435009	95424514	0
7	95435029	95424163	0
7	95435031	95424514	0
7	95435073	95424514	0
7	95435127	95424514	0
7	95435199	95424514	0
7	95435330	95424514	0
7	95587124	95583498	0
7	95587124	95584374	0
7	95587529	95587009	0
7	95587546	95586679	0
7	95587826	95587417	0
7	95589717	95587726	0
7	95589718	95587483	0
7	95595165	95593698	0
7	95596461	95594770	0
7	95596492	95595022	0
7	95684	71676	0
7	96121746	96120219	0
7	96121746	96120220	0
7	96121999	96120955	0
7	96146697	96131742	0
7	96166979	96146553	0
7	96170126	96146555	0
7	96170126	96166921	0
7	96170126	96169867	0
7	96171525	96170043	0
7	96171525	96170044	0
7	96193184	96191108	0
7	96208978	96193036	0
7	96208978	96193147	0
7	96234918	96208837	0
7	96277339	96208837	0
7	96296952	96277195	0
7	96309685	96296897	0
7	96322094	96296897	0
7	96322137	96296897	0
7	96322148	96296897	0
7	96484855	96481625	0
7	96486418	96481625	0
7	96486418	96483712	0
7	96486418	96484824	0
7	96496342	96486202	0
7	96496342	96486271	0
7	96496343	96486202	0
7	96506699	96486205	0
7	96506699	96486271	0
7	96506699	96486272	0
7	96623105	96622429	0
7	96637307	96558116	0
7	96645933	96622952	0
7	96645937	96621656	0
7	96647541	96645723	0
7	96647541	96645822	0
7	96647541	96645837	0
7	96653839	96645389	0
7	96653839	96647428	0
7	96656586	96506622	0
7	96656586	96647428	0
7	96672953	96672563	0
7	96673860	96672899	0
7	96694892	96506622	0
7	96694892	96558116	0
7	96694892	96622561	0
7	96694892	96637239	0
7	96694892	96645390	0
7	96694892	96645587	0
7	96694892	96649194	0
7	96694892	96656456	0
7	96694892	96673456	0
7	96694892	96673745	0
7	96694892	96687950	0
7	96697373	96688768	0
7	96708215	96706221	0
7	96709776	96694797	0
7	96709781	96694797	0
7	96709813	96694797	0
7	96709827	96694797	0
7	96709852	96673248	0
7	96709852	96694797	0
7	96709859	96694797	0
7	96709862	96694797	0
7	96709881	96694797	0
7	96709892	96694797	0
7	96979592	96955140	0
7	96979592	96968526	0
7	97004299	96965526	0
7	97007530	97007637	0
7	97011883	96979080	0
7	97011883	96979083	0
7	97012050	96978467	0
7	97012304	96965526	0
7	97014026	97011824	0
7	97014061	97012180	0
7	97014065	96965433	0
7	97014066	96978346	0
7	97022288	97020665	0
7	97022370	97020391	0
7	97022370	97020395	0
7	97024828	97022184	0
7	97024832	97022184	0
7	97024951	97021977	0
7	973293	935374	0
7	973293	966074	0
7	975117	972941	0
7	975550	972700	0
7	975550	973180	0
7	975600	973180	0
7	97853216	97851687	0
7	97853216	97852117	0
7	97853216	97852127	0
7	97853216	97852130	0
7	97853216	97852135	0
7	97853216	97852145	0
7	97853216	97852151	0
7	97853216	97852203	0
7	97853216	97852313	0
7	97855460	97853304	0
7	97855460	97854579	0
7	97856817	97854990	0
7	97856817	97855352	0
7	97859399	97858853	0
7	97864497	97859212	0
7	97864497	97859241	0
7	97869077	97864258	0
7	97869106	97864258	0
7	97869180	97864258	0
7	97869180	97864389	0
7	97869185	97863095	0
7	97869814	97864258	0
7	97869814	97868904	0
7	97869814	97868907	0
7	97869814	97869058	0
7	97869814	97869071	0
7	97869978	97868907	0
7	97871880	97869777	0
7	97871997	97869777	0
7	97872114	97864258	0
7	97872132	97869777	0
7	97872159	97869777	0
7	97872166	97869777	0
7	97872395	97864258	0
7	97872437	97869777	0
7	97872450	97869777	0
7	97872468	97868907	0
7	97872472	97869777	0
7	97909012	97872350	0
7	97913105	97872350	0
7	97928318	97913012	0
7	97928412	97868907	0
7	97928778	97928081	0
7	97937161	97913012	0
7	97945616	97936946	0
7	97969846	97969004	0
7	97970228	97966376	0
7	97970405	97969004	0
7	97972300	97945507	6
7	97972986	97937079	0
7	97987157	97984683	0
7	97988549	97987046	0
7	98217504	98215515	36
7	98217812	98214623	22
7	98217812	98216736	22
7	98217812	98216812	31
7	98217839	98216759	23
7	98218043	98217691	0
7	98218043	98217742	1
7	98221754	98217935	1
7	98221754	98217966	0
7	98222522	98221660	0
7	98222962	98221660	0
7	98222975	98222385	0
7	98223171	98222384	0
7	98223171	98222385	0
7	98223719	98222989	0
7	98223719	98223030	0
7	98223744	98222989	0
7	98228117	98225005	0
7	98228117	98226591	0
7	98229167	98228013	0
7	98231119	98229038	0
7	98231119	98229043	0
7	98233843	98231803	0
7	98233912	98232826	0
7	98236863	98233426	0
7	98236922	98233420	0
7	98238611	98236775	0
7	98240952	98238503	0
7	98240952	98238508	0
7	98243575	98241069	0
7	98243593	98241069	0
7	98244694	98243466	0
7	98244694	98243570	0
7	98245068	98244570	0
7	98246124	98236775	0
7	98246166	98244884	1
7	98246166	98244989	1
7	98246166	98245034	1
7	98246166	98245042	1
7	98251549	98244884	0
7	98251549	98245921	0
7	98251928	98251418	0
7	98252118	98251418	0
7	98252176	98250913	0
7	98252207	98251393	0
7	98252219	98251418	0
7	98252252	98251393	0
7	98294112	98291650	1
7	98304377	98294073	0
7	98306517	98304195	2
7	98306958	98304195	2
7	98307897	98306438	0
7	98310593	98307688	2
7	98310593	98308303	2
7	98317357	98315459	0
7	98320130	98317218	0
7	98320130	98317236	0
7	98355129	98320236	0
7	98355427	98320236	0
7	98362433	98355040	0
7	98362433	98355041	0
7	98400338	98362356	0
7	98401069	98362356	0
7	98479226	98478550	0
7	988419	988521	0
7	988419	988634	0
7	98847729	98846548	1
7	98848696	98846487	0
7	98848696	98846500	0
7	98848696	98846856	0
7	98851624	98848582	0
7	98855325	98851420	0
7	98855325	98851524	0
7	98860339	98856016	0
7	98863401	98860178	0
7	98863401	98860187	0
7	98866947	98863094	0
7	98869295	98863094	0
7	98869867	98863094	0
7	98869958	98860178	0
7	98870015	98856016	0
7	98870037	98863094	0
7	98870772	98863094	0
7	99033122	99027437	0
7	99033122	99027440	0
7	99035717	99033036	0
7	99037188	99035514	0
7	99047883	99045697	0
7	99049710	99047683	3
7	99050993	99049562	0
7	99051442	99049562	0
7	99052447	99051356	3
7	99054866	99052204	1
7	99054866	99052211	1
7	99057271	99054789	0
7	99057552	99057204	0
7	99178067	99173573	0
7	99252877	99253726	0
7	99290977	99252451	0
7	99290977	99260569	0
7	99290977	99287806	0
7	99305770	99290876	0
7	99319445	99290876	0
7	99319445	99299463	0
7	99319445	99305588	0
7	99392800	99392047	17
7	99394120	99394342	30
7	99394120	99394450	30
7	99397961	99392699	46
7	99398014	99394962	34
7	99398014	99396522	31
7	99403506	99400302	0
7	99403526	99400302	0
7	99404943	99403316	1
7	99404954	99400302	0
7	99404954	99403397	0
7	99404954	99403510	0
7	99417596	99419390	20
7	99423958	99416738	0
7	99423958	99419748	0
7	99429205	99424794	0
7	99429807	99429097	0
7	99429807	99429102	0
7	99433419	99429587	0
7	99433419	99432923	4
7	99435020	99433277	0
7	99435269	99433277	1
7	99435269	99433379	0
7	99438648	99434809	0
7	99438756	99434924	2
7	99438917	99434789	0
7	99441488	99435177	0
7	99448189	99435030	3
7	99458356	99448955	2
7	99459264	99458189	3
7	99459264	99458194	3
7	99459264	99458308	7
7	99460194	99434789	0
7	99460194	99441389	0
7	99460194	99458194	2
7	99460194	99458196	2
7	99460194	99458197	2
7	99460194	99459146	1
7	99460224	99459146	1
7	99460466	99459146	0
7	99460500	99458939	1
7	99466162	99460085	0
7	99466163	99460085	0
7	99466164	99434789	0
7	99466165	99459663	0
7	99466165	99460085	0
7	99466166	99448474	0
7	99466166	99460085	0
7	99466168	99459146	0
7	99466168	99459236	0
7	99466168	99460085	0
7	99466187	99459654	0
7	99466198	99447951	0
7	99466332	99460085	0
7	99478357	99479660	1
7	99479788	99482162	9
7	99483854	99484029	0
7	99498799	99486518	4
7	99498843	99493239	0
7	99498843	99494578	1
7	99499705	99498584	0
7	99499872	99498715	2
7	99500265	99493241	0
7	99500276	99497861	0
7	99500298	99498483	1
7	99500298	99498715	2
7	99552135	99546307	0
7	99558537	99546800	1
7	99561974	99562343	4
7	99561974	99562348	4
7	99561974	99562367	4
7	99571380	99571687	10
7	99619994	99621372	0
7	99619998	99621372	0
7	99621575	99622548	0
7	99650233	99648193	0
7	99650233	99648197	0
7	99650233	99648199	0
7	99652780	99650072	0
7	99660603	99652290	0
7	99660660	99652552	0
7	99660660	99660227	0
7	99662883	99660218	0
7	99662883	99660498	0
7	99663583	99658832	0
7	99664096	99660498	0
7	99664096	99662815	0
7	99665315	99662815	0
7	99665315	99663541	0
7	99665315	99663967	0
7	99666811	99665165	0
7	99667066	99665165	0
7	99667066	99666600	0
7	99667066	99666712	0
7	99667066	99666715	0
7	99671879	99666951	1
7	99672680	99666951	1
7	99672680	99671221	0
7	99672680	99671770	0
7	99672699	99666951	1
7	99672916	99666951	0
7	99672916	99670909	0
7	99672916	99672579	0
7	99672934	99672588	0
7	99674586	99672579	0
7	99674586	99672660	0
7	99674586	99672783	0
7	99676209	99674225	0
7	99676209	99674532	0
7	99676577	99674532	0
7	99679997	99674532	0
7	99695840	99685144	0
7	99695847	99685225	0
7	99705596	99695745	0
7	99707975	99684956	0
7	99707975	99705036	0
7	99707975	99705043	0
7	99707975	99705514	0
7	99715907	99714554	0
7	99717266	99715347	0
7	99717266	99715757	0
7	99731153	99722295	0
7	99735094	99731058	0
7	99735097	99731058	0
7	99735103	99731058	0
7	99735197	99730572	0
7	99760982	99756959	0
7	99760982	99757675	0
7	99767259	99766376	0
7	99769857	99768353	0
7	99770236	99769534	0
7	99770236	99769767	0
7	99772690	99770121	0
7	99772690	99770131	0
7	99784189	99768353	0
7	99847602	99848165	0
7	99847615	99848165	0
7	99847660	99848165	0
7	99903316	99876957	0
7	99903316	99890412	1
7	99903316	99901165	1
7	99908813	99903575	1
7	99909599	99908245	0
7	99909661	99908581	0
7	99929621	99923268	0
7	99967594	99966719	2
7	99968178	99966730	1
7	99968431	99966729	0
7	99968764	99967108	0
7	99971995	99968154	0
7	99972007	99966737	0
7	99972007	99968154	0
7	99976018	99971745	0
7	99976043	99971564	0
7	99976158	99971745	0
