19	1002162	999795	2
19	1004585	1004801	9
19	10089209	10089306	6
19	10089379	10089656	11
19	10089696	10089897	1
19	10089696	10089928	2
19	10091354	10091475	67
19	10091354	10091583	66
19	10091631	10092069	3
19	10093620	10092337	34
19	10093620	10092338	35
19	10093620	10092340	35
19	10094939	10093348	0
19	10094939	10093692	0
19	10094939	10093812	0
19	10096132	10094520	0
19	10096574	10094757	0
19	10096599	10094757	0
19	1010612	1010858	1190
19	1010896	1009651	482
19	10110021	10110122	34
19	1011096	1009647	510
19	1011096	1009652	519
19	1011196	1009647	120
19	1011196	1009649	120
19	1011196	1010694	70
19	1011500	1009647	114
19	1011500	1009650	114
19	1011500	1010176	97
19	1011500	1010990	87
19	1011500	1011095	72
19	10115586	10115016	168
19	10115586	10115017	168
19	10115586	10115061	152
19	10115782	10115478	103
19	10115821	10115478	104
19	10115821	10115533	101
19	10116075	10115478	89
19	10116075	10115683	72
19	10116075	10115736	77
19	10116075	10115741	77
19	1011613	1011095	90
19	10116689	10115683	350
19	10116828	10115966	276
19	10116990	10115966	77
19	10117189	10115966	233
19	10117189	10116049	244
19	10117189	10116799	135
19	10117189	10116823	166
19	10117189	10116835	139
19	10117189	10116935	165
19	10117189	10116942	166
19	10117591	10116900	350
19	1011799	1011095	72
19	10118558	10117083	245
19	10118728	10116799	222
19	10118728	10117083	260
19	10118728	10118075	209
19	10118728	10118369	114
19	10118728	10118439	95
19	10118957	10118667	7
19	10119172	10118667	23
19	10119172	10118861	15
19	10119172	10118867	15
19	10119172	10118883	13
19	10119256	10118867	14
19	10119701	10118867	15
19	10119701	10119066	22
19	10119701	10119087	22
19	10119849	10119087	18
19	10119865	10119653	11
19	10119870	10119653	11
19	10119879	10119653	11
19	10119887	10119653	11
19	10119900	10119653	11
19	10119903	10119653	11
19	10119906	10119653	11
19	10119909	10119653	11
19	10119919	10118886	7
19	10119919	10119653	11
19	1011993	1011579	57
19	1011993	1011740	33
19	1012189	1011851	47
19	1012189	1011891	57
19	1012290	1011891	450
19	1012574	1011865	528
19	1012574	1011891	565
19	1012574	1012065	383
19	1012574	1012112	356
19	1013341	1012065	9
19	1013341	1012462	8
19	1013343	1012462	8
19	1013359	1012462	9
19	10134308	10133344	71
19	10134308	10133345	71
19	10134308	10133350	70
19	10134308	10133366	90
19	10134308	10133539	112
19	1013640	1012540	17
19	10138010	10137084	8
19	10138471	10137466	12
19	10138606	10137831	8
19	10138606	10137887	49
19	10140131	10139675	136
19	10140196	10138438	75
19	10140329	10139675	144
19	10140910	10140029	60
19	10140910	10140045	60
19	10140910	10140253	63
19	10140910	10140279	63
19	10141190	10140528	53
19	10141190	10140780	35
19	10141447	10140688	63
19	10141573	10140780	161
19	10142075	10141104	163
19	10142221	10141104	144
19	10142897	10142027	2
19	10143792	10141696	3
19	10143902	10142027	3
19	10143988	10142027	4
19	10144755	10142027	16
19	10149018	10146350	0
19	10149658	10148883	0
19	10149658	10148924	0
19	10149969	10149452	0
19	10151546	10149852	5
19	10151546	10149947	7
19	10151698	10149852	10
19	10154731	10154292	37
19	10154774	10154292	0
19	10154978	10154585	45
19	10155057	10154585	54
19	10155057	10154663	45
19	10159923	10159657	14
19	10160064	10159841	23
19	10160264	10159841	36
19	10160419	10159911	33
19	10160419	10159943	30
19	10160419	10160017	29
19	10162749	10160017	21
19	10162749	10160383	17
19	10162984	10160206	17
19	10168365	10166597	2
19	10173175	10168329	3
19	10173906	10173089	0
19	10175619	10173870	1
19	10177368	10175539	9
19	10177368	10175541	9
19	10177368	10175562	8
19	10179983	10177318	4
19	10180235	10177291	6
19	10180382	10180186	6
19	10180530	10180186	87
19	10180570	10177291	5
19	10180570	10180186	10
19	10180837	10180349	1
19	10180886	10180186	3
19	10180886	10180349	3
19	10180886	10180354	3
19	10180886	10180462	1
19	10182078	10180349	3
19	10231273	10221432	0
19	10231274	10182040	2
19	10231287	10218751	1
19	10231332	10221432	0
19	10252010	10252145	59
19	10252311	10252363	8
19	10252311	10252396	8
19	10252311	10252550	5
19	10252464	10252550	6
19	10258523	10258608	52
19	10260046	10259108	130
19	10260429	10252267	25
19	10283495	10283557	14
19	10285109	10260211	1
19	10287407	10287535	0
19	10287407	10287612	0
19	10287407	10287985	0
19	10287839	10287985	0
19	10305484	10304802	1
19	10305484	10305074	5
19	10305612	10304802	3
19	10305953	10305389	0
19	10305953	10305426	0
19	10308392	10305845	2
19	10308551	10305845	0
19	10308551	10308184	13
19	10309449	10308184	10
19	10309449	10308371	15
19	10309449	10308479	13
19	10309881	10305845	9
19	10310284	10309348	36
19	10310606	10309556	33
19	10310643	10309556	31
19	10310941	10309556	25
19	10310941	10310044	36
19	10310941	10310216	1
19	10310941	10310326	1
19	10310941	10310354	1
19	10310941	10310422	1
19	10310941	10310472	0
19	10310941	10310495	0
19	10310941	10310508	0
19	10315493	10310852	2
19	10315554	10310852	1
19	10315760	10310852	1
19	10315760	10315385	14
19	10315760	10315470	19
19	10315769	10315385	14
19	10315796	10315385	14
19	10315997	10315385	7
19	10316007	10315330	7
19	10316010	10315704	8
19	10316011	10315385	7
19	10316014	10315385	7
19	10316016	10315704	8
19	10316098	10315704	8
19	10317601	10316017	362
19	10317774	10316211	275
19	10317774	10316214	275
19	10317774	10316218	278
19	10317774	10316234	267
19	10318319	10317473	39
19	10318373	10317689	32
19	10319241	10318228	31
19	10319241	10318295	30
19	10319241	10318365	26
19	10321260	10318228	10
19	10323567	10323144	39
19	10329053	10323505	37
19	10329112	10323374	37
19	10333492	10330459	12
19	10333512	10328641	13
19	10333547	10330459	12
19	10333639	10330459	8
19	10333641	10330459	8
19	10334409	10333775	24
19	10334409	10333777	24
19	10334409	10333778	24
19	10334409	10333974	24
19	10334724	10334228	24
19	10334783	10334159	24
19	10335354	10334527	16
19	10335774	10335140	15
19	10335977	10333775	16
19	10335977	10334527	15
19	10335977	10335065	16
19	10338864	10335145	0
19	10338864	10335888	0
19	10338949	10334159	0
19	10338949	10335065	0
19	10338949	10335670	0
19	10338949	10335966	0
19	10339246	10335065	0
19	10339246	10335670	0
19	10339246	10338681	0
19	10339620	10338681	0
19	10339625	10338681	0
19	10339625	10339017	0
19	10339630	10338681	0
19	10339636	10338723	0
19	10339642	10339061	0
19	10339662	10338681	0
19	10339824	10338681	0
19	10351163	10350528	173
19	10351163	10350532	173
19	10351163	10350946	112
19	10351286	10350852	135
19	10352493	10350532	141
19	10352552	10351051	135
19	10352552	10351420	155
19	10353099	10352433	150
19	10353138	10350787	172
19	10353257	10350532	164
19	10354079	10352925	280
19	10354104	10353527	252
19	10354235	10350747	182
19	10354235	10352925	263
19	10354235	10353527	258
19	10354523	10354041	1
19	10354610	10353910	1
19	10354610	10354041	0
19	10356614	10354511	1
19	10356719	10354511	0
19	10357085	10354537	2
19	10357902	10356567	84
19	10357919	10356567	68
19	10358139	10357384	50
19	10358139	10357763	32
19	10358139	10357793	32
19	10361599	10359174	10
19	10361599	10360961	15
19	10361906	10361510	10
19	10361956	10361304	6
19	10361956	10361510	10
19	10362658	10362263	27
19	10364772	10362548	52
19	10364772	10362579	49
19	10368203	10366416	0
19	10368372	10368121	2
19	10368419	10368054	2
19	10368419	10368163	6
19	10368540	10368062	2
19	10368742	10368294	3
19	10369878	10368328	5
19	1037001	1037624	25
19	10378427	10368294	2
19	10378509	10368294	2
19	10380566	10366416	1
19	10393158	10391133	15
19	10393158	10391452	19
19	10393158	10391517	23
19	10393414	10392775	23
19	10393442	10393085	44
19	10393442	10393094	44
19	10393787	10393084	42
19	10395039	10393258	28
19	10395144	10393085	10
19	10395144	10393258	30
19	10395144	10393259	30
19	10395144	10393279	32
19	10395144	10393290	32
19	10395144	10393407	32
19	10395269	10395020	38
19	10395344	10395020	39
19	10395544	10393258	43
19	10395544	10395020	114
19	10395544	10395022	114
19	10395697	10395020	96
19	10396204	10395020	32
19	10403512	10400574	13
19	10403518	10395927	3
19	10403531	10395927	4
19	10403534	10395927	4
19	10403596	10395927	4
19	1041428	1041509	0
19	1041428	1041515	0
19	1041604	1041830	0
19	10419598	10403377	2
19	1041973	1042063	2
19	10459499	10459594	11
19	10461681	10461876	2
19	10489369	10486119	0
19	10489369	10486125	0
19	10489369	10486717	1
19	10489436	10486611	1
19	10489854	10486124	1
19	10491001	10490338	9
19	10491721	10489647	7
19	10491881	10489191	7
19	10492263	10489647	2
19	10492718	10491946	2
19	10499510	10492572	0
19	10499587	10491998	1
19	10500081	10491576	2
19	10500081	10492063	5
19	10502686	10499397	5
19	10502688	10499394	5
19	10502897	10499394	3
19	10503187	10499394	5
19	10503559	10499394	3
19	10503742	10499394	6
19	10515022	10512891	7
19	10517428	10514851	0
19	10517451	10512741	0
19	10517932	10512946	0
19	10544867	10544956	14
19	10547072	10547188	63
19	10547083	10547188	54
19	10547116	10547188	49
19	10551976	10552044	29
19	10555186	10553077	3
19	10555186	10553084	3
19	10555186	10553090	3
19	10555186	10553575	3
19	10555186	10553590	3
19	10555350	10555086	3
19	10555350	10555130	2
19	10557683	10555284	4
19	10557791	10557551	270
19	10557896	10555284	4
19	10557896	10555308	5
19	10557896	10557551	191
19	10557896	10557557	191
19	10558061	10557551	38
19	10558222	10557551	28
19	10559831	10559358	31
19	10559929	10553212	9
19	10559937	10559358	8
19	10559937	10559612	5
19	10560449	10559809	4
19	10561081	10560311	7
19	10561081	10560371	12
19	10561081	10560380	12
19	10561266	10561002	4
19	10561717	10561168	1
19	10561717	10561232	0
19	10561846	10557768	6
19	10561846	10561168	1
19	10568669	10566600	1
19	10568979	10566461	0
19	1057085	1057313	1
19	10574493	10572670	0
19	10574493	10572671	0
19	10574493	10572688	0
19	10575030	10574357	5
19	10575030	10574416	2
19	10577232	10574416	2
19	10577273	10574903	1
19	10577315	10574903	1
19	10577357	10574903	1
19	10578964	10577197	0
19	10578964	10577271	0
19	10579859	10578891	0
19	10579865	10578891	0
19	10581393	10578891	0
19	10581393	10579715	0
19	10581393	10579735	0
19	10581635	10581265	0
19	10581635	10581281	0
19	10581879	10581486	0
19	10583674	10581745	0
19	10583674	10581747	0
19	10584071	10581747	0
19	10584071	10583605	0
19	10585045	10583913	0
19	10587220	10581747	0
19	10587220	10583559	0
19	10587251	10583913	0
19	10587296	10583605	0
19	10587315	10583913	0
19	10587316	10583913	0
19	10634888	10634973	7
19	10635256	10635430	22
19	10643022	10643278	3
19	10681330	10681992	874
19	10683971	10684415	128
19	10683971	10684858	157
19	10683971	10684921	154
19	10702019	10702115	48
19	10702019	10702160	48
19	10712300	10712552	235
19	1073591	1073673	1
19	1080380	1080463	0
19	10808581	10812263	131
19	1083067	1083142	0
19	1083067	1083275	0
19	10835005	10832686	18
19	10835064	10833050	19
19	10835118	10832437	11
19	10835118	10832974	7
19	10835118	10832984	7
19	10835354	10832812	9
19	1088167	1086594	52
19	1088721	1088065	78
19	1089552	1086578	41
19	1089552	1087644	30
19	1089552	1088147	36
19	1089552	1088166	26
19	1089552	1088387	26
19	1089552	1088608	30
19	1089552	1088644	30
19	1089574	1088162	25
19	1089931	1088423	28
19	1089963	1089471	14
19	1089963	1089489	12
19	1090142	1089883	1
19	1090142	1089896	1
19	1090146	1089883	1
19	1090989	1089883	9
19	1091908	1090086	10
19	1091908	1090907	11
19	10920947	10921049	12
19	10921444	10921614	47
19	10923408	10922184	248
19	10923408	10922767	56
19	10923408	10922769	52
19	10923408	10922834	37
19	1092347	1091791	21
19	10923618	10923100	34
19	10923678	10923271	14
19	10923678	10923351	29
19	10923981	10923494	12
19	10924000	10923494	12
19	10924000	10923495	12
19	10924118	10923832	32
19	10924148	10923832	30
19	10924193	10923832	30
19	10924193	10923836	30
19	10925774	10923832	10
19	10925774	10923841	10
19	10925774	10924075	7
19	10927717	10925685	20
19	10927770	10925685	17
19	10927960	10925685	17
19	10927960	10927629	32
19	10928441	10925685	23
19	10928441	10927629	15
19	10928441	10927798	20
19	10928513	10927798	22
19	10928548	10927597	10
19	10928658	10927798	21
19	1093904	1091791	10
19	1094079	1091500	8
19	1094079	1091791	9
19	1095262	1091791	8
19	1095337	1093755	1
19	1095350	1093729	1
19	1095355	1093903	2
19	1095358	1093903	2
19	1095362	1093903	2
19	1095367	1093903	2
19	1095375	1093903	2
19	1095376	1091791	9
19	1095381	1093903	2
19	11016012	11010916	1
19	11019024	11019590	0
19	1105275	1105365	0
19	1105281	1105365	0
19	1105403	1105405	1
19	1105810	1106180	0
19	1105810	1106241	0
19	1108970	1107635	36
19	1108970	1107636	37
19	1108970	1107640	37
19	1108970	1108564	163
19	1109599	1108778	41
19	1109599	1109291	65
19	1109778	1109134	38
19	1109778	1109505	34
19	1110889	1109500	41
19	1110889	1109682	35
19	11137416	11131519	8
19	11147895	11137311	4
19	11147895	11145493	14
19	11147895	11145922	32
19	11147895	11146021	43
19	11147895	11147080	24
19	11147895	11147133	29
19	11148118	11147598	24
19	11148118	11147817	23
19	11148118	11147869	21
19	11155762	11147817	9
19	1116104	1114230	8
19	1116927	1115355	5
19	1116927	1116020	5
19	11169967	11164266	11
19	11169967	11166308	16
19	11169967	11166557	18
19	11170249	11164269	9
19	11170249	11169675	12
19	11170249	11169876	25
19	1117470	1116828	3
19	1117500	1116828	3
19	1119165	1116828	9
19	1119165	1117322	10
19	1119165	1117395	12
19	11194043	11178552	5
19	11194512	11192830	4
19	11194591	11192431	2
19	11194591	11192830	4
19	11194591	11193636	3
19	11194591	11193945	2
19	11195193	11194474	0
19	11195686	11192880	30
19	11195821	11194474	2
19	11195821	11194503	2
19	11195821	11194552	0
19	11195882	11194474	0
19	11196228	11195555	4
19	11196228	11195622	7
19	11196230	11195621	7
19	11197522	11195621	13
19	11197531	11196049	7
19	11197548	11195555	10
19	11197549	11195555	10
19	11197792	11194474	11
19	11200470	11199294	0
19	11200470	11199496	0
19	11201964	11199302	3
19	11202126	11200908	0
19	11202484	11201888	2
19	11202484	11202081	5
19	11202716	11201888	5
19	11208759	11206180	3
19	11208830	11202583	2
19	11208830	11204199	2
19	11208945	11208685	2
19	11209104	11208685	3
19	11215928	11215386	1
19	11217097	11215610	0
19	11217097	11215800	0
19	11217269	11216675	0
19	11217297	11216913	0
19	11217392	11216913	0
19	11222021	11217230	1
19	11222249	11221850	2
19	11222325	11221985	4
19	11227478	11222992	0
19	11229036	11227336	1
19	11229333	11228839	1
19	11229391	11228939	0
19	11229391	11229000	0
19	11232290	11228939	1
19	11233367	11228939	0
19	11236498	11235597	0
19	11236578	11235597	0
19	11236880	11236345	1
19	11237558	11236792	2
19	11237575	11238056	7
19	11237780	11237455	11
19	11238116	11237640	1
19	11238291	11238044	1
19	11238305	11238044	1
19	11242208	11238186	0
19	11248152	11245811	0
19	11251087	11248065	0
19	11252551	11252118	2
19	11252959	11247257	0
19	11252959	11252403	5
19	11252959	11252481	5
19	11253668	11252782	0
19	11253727	11250873	0
19	11253727	11252782	0
19	11254049	11252881	0
19	1127766	1123941	0
19	11306825	11300776	0
19	11306825	11300866	0
19	11321324	11306678	0
19	1132222	1127603	0
19	11322983	11324116	5
19	11324442	11306678	0
19	11335572	11322045	0
19	11335572	11325338	0
19	11345416	11342775	1
19	11345416	11342777	1
19	11345416	11342778	1
19	11345416	11342784	2
19	11345416	11342841	4
19	11345416	11342872	4
19	11345416	11343063	1
19	11345629	11342849	6
19	11345629	11345251	29
19	11345738	11345251	20
19	11346047	11345251	19
19	11346056	11342777	6
19	11346211	11345251	13
19	11346249	11345519	20
19	11346256	11345519	20
19	11346257	11342809	2
19	11346263	11345519	19
19	11346269	11345519	18
19	11346271	11337171	0
19	11346272	11345519	18
19	11346286	11345519	18
19	11346301	11345519	16
19	11346306	11345519	16
19	11346328	11345251	20
19	11346407	11345519	21
19	11346519	11345519	21
19	11349084	11349653	2
19	11353573	11353791	12
19	11354697	11354872	5
19	11359721	11359820	4
19	11363820	11364160	3
19	11363836	11364160	3
19	11371872	11368122	0
19	11378779	11377204	13
19	11378779	11377762	8
19	11378779	11377865	15
19	11378779	11377873	14
19	11380972	11377624	1
19	11380972	11378690	1
19	11381210	11380883	2
19	11381239	11378255	2
19	11381314	11380883	6
19	11381850	11380883	4
19	11384343	11382846	1
19	11394679	11394063	13
19	11397359	11384340	4
19	11397359	11384511	4
19	11397359	11394055	4
19	11397359	11394056	4
19	11397359	11394324	11
19	11397359	11394605	9
19	11397547	11397243	9
19	11397598	11397243	10
19	11397770	11397243	10
19	11402133	11400201	9
19	11402248	11402010	5
19	11402248	11402077	3
19	11402542	11400201	6
19	11402542	11402214	23
19	11402707	11402010	7
19	11402707	11402454	2
19	11405232	11402227	1
19	11405232	11402649	1
19	11405427	11405146	1
19	11405427	11405211	3
19	11406603	11405146	1
19	11406832	11406418	2
19	11406865	11406418	4
19	11406944	11406418	1
19	11411271	11406721	1
19	11411445	11406721	1
19	11411445	11406823	0
19	11416149	11406721	0
19	11416149	11406735	0
19	11416149	11411252	0
19	11416235	11411252	0
19	11416663	11415936	3
19	11416668	11406721	4
19	11416668	11415936	6
19	11416668	11415946	5
19	11416668	11416006	6
19	11416668	11416038	6
19	11416831	11416613	18
19	11417060	11406721	1
19	11417060	11415936	6
19	11417060	11416613	19
19	11418574	11416835	1
19	11418785	11416462	5
19	11418785	11416613	5
19	11418785	11416835	1
19	11418893	11416849	0
19	11421213	11420603	0
19	11421213	11420604	0
19	11430777	11426872	0
19	11431021	11426872	1
19	11431021	11430558	0
19	11431021	11430698	0
19	11431219	11430698	2
19	11435444	11435644	7
19	11435809	11436040	18
19	11436197	11436388	2
19	11447598	11447692	104
19	11447619	11447692	118
19	11447619	11447722	135
19	11448292	11448539	410
19	11448989	11449075	97
19	11457149	11451325	1
19	11457149	11454402	0
19	11466276	11458457	0
19	11466828	11466171	0
19	11466828	11466175	0
19	11466828	11466239	0
19	1147421	1127603	2
19	1147421	1127659	3
19	1147421	1127660	3
19	1147421	1127709	3
19	11480626	11466607	0
19	11480698	11466607	0
19	11481034	11466607	0
19	11481047	11480252	0
19	11484142	11483426	4
19	11484142	11483440	5
19	11484142	11483681	3
19	11485771	11483426	1
19	11485771	11484011	1
19	11485771	11484041	1
19	11485771	11484079	1
19	11486831	11484041	0
19	11496166	11466607	0
19	11496166	11486986	4
19	11496166	11487291	5
19	11498340	11495724	4
19	11498340	11495949	4
19	11498340	11496035	2
19	11505924	11498295	1
19	11507563	11505915	1
19	11507563	11505928	2
19	11507563	11505957	2
19	11507563	11506001	2
19	11507563	11506183	2
19	11507563	11506300	2
19	11507710	11506074	3
19	11507730	11507456	31
19	11507851	11507456	36
19	11507851	11507489	39
19	11508049	11507456	36
19	11508049	11507701	47
19	11508049	11507771	57
19	11510661	11507990	18
19	11513169	11510616	23
19	11513280	11507456	3
19	11513280	11507701	5
19	11513280	11507990	24
19	11513285	11507699	5
19	11513859	11507990	32
19	11513971	11513055	2
19	11514222	11513055	10
19	11514222	11513110	10
19	11514222	11513138	10
19	11519194	11507990	24
19	11519194	11513803	8
19	11519967	11519096	6
19	11525738	11519074	7
19	11528828	11513803	7
19	11528866	11519074	6
19	11529097	11519074	2
19	11529100	11519843	8
19	11529125	11513803	3
19	11529133	11513803	3
19	11529138	11519074	2
19	11529173	11519074	3
19	11529175	11519074	3
19	11549470	11549549	0
19	11549746	11550032	0
19	11554082	11551146	0
19	11554082	11553042	7
19	11554082	11553046	7
19	11554082	11553456	8
19	11554082	11553530	8
19	11554082	11553563	7
19	11554082	11553590	5
19	11554366	11553627	5
19	11554366	11554010	2
19	11555254	11554231	10
19	11555468	11555173	12
19	11555656	11554231	13
19	11555716	11554231	25
19	11559146	11554231	11
19	11559224	11554819	7
19	11559231	11554231	10
19	11559231	11555174	7
19	11559237	11554231	10
19	11576589	11574659	2
19	11576589	11574690	2
19	11576589	11574691	2
19	11576589	11574739	2
19	11576844	11576242	2
19	11576944	11576378	2
19	11577318	11574999	1
19	11577318	11576715	2
19	11577528	11576731	2
19	11577633	11577263	2
19	11577646	11577056	2
19	11577680	11576599	2
19	11577680	11577056	2
19	11577680	11577093	2
19	11577680	11577104	2
19	11577680	11577159	2
19	11577701	11576841	2
19	11577742	11577056	2
19	11578195	11577300	2
19	11724255	11721264	0
19	11724255	11721992	1
19	11725328	11723112	0
19	11730784	11725960	0
19	11738883	11722710	0
19	11738946	11724193	1
19	11738974	11725200	0
19	11739010	11725200	0
19	11758073	11756532	0
19	11842440	11841240	0
19	12017937	12014731	1
19	12017937	12014757	1
19	12017937	12016236	1
19	12017937	12016401	2
19	12017937	12016403	2
19	12017937	12016411	2
19	12017937	12016547	2
19	12017937	12016604	1
19	12017937	12016631	1
19	12018293	12017875	1
19	12018302	12017875	1
19	12018302	12017887	1
19	12018381	12017875	2
19	12018678	12017875	2
19	12022190	12018190	3
19	12030199	12017875	2
19	12030199	12018165	1
19	12034875	12017875	3
19	12034875	12018165	1
19	12035670	12034827	0
19	12035677	12030139	0
19	12035679	12018165	0
19	12035689	12034827	0
19	12035697	12034827	0
19	12035704	12018165	0
19	12035711	12018165	0
19	12035713	12030139	1
19	12035742	12021929	1
19	12046429	12018165	0
19	12046429	12043804	0
19	12135561	12092842	0
19	12135561	12130484	6
19	12135561	12131349	8
19	12135561	12132116	3
19	12135561	12133667	1
19	12135561	12133677	1
19	12135561	12133690	1
19	12135896	12135499	1
19	12135905	12135499	1
19	12136875	12135768	2
19	12136877	12135768	2
19	12137703	12136850	4
19	12140316	12135768	1
19	12140326	12135768	3
19	12140327	12136850	4
19	12140342	12135768	2
19	12140356	12135485	2
19	12140356	12136905	3
19	12140408	12135768	2
19	12142716	12140179	12
19	12142716	12142089	27
19	12142737	12140216	9
19	12146225	12142640	19
19	12147456	12142640	15
19	12147456	12144889	0
19	12147456	12145257	0
19	12147456	12145264	0
19	12185912	12186113	0
19	1220506	1220580	68
19	1221341	1221948	7
19	12226528	12224685	0
19	12230516	12226158	0
19	12230516	12226371	0
19	12237557	12234666	0
19	12237590	12234666	0
19	12238103	12237451	1
19	12250039	12247642	0
19	12250039	12248402	0
19	1226567	1226567	63
19	1226601	1226602	61
19	1226664	1227592	20
19	12274064	12250241	0
19	12275034	12244580	1
19	12275034	12271811	9
19	12275034	12272328	31
19	12275034	12272486	15
19	12276083	12274972	6
19	12276083	12274978	8
19	12291251	12275955	10
19	12293376	12275955	3
19	12293376	12291027	4
19	12293376	12291219	5
19	12294835	12275955	4
19	12294888	12275955	4
19	1231276	1228286	29
19	1231276	1229178	34
19	1231276	1229947	47
19	12319834	12319186	0
19	12321333	12317476	0
19	12321333	12319178	0
19	12321333	12319429	0
19	12321333	12319541	0
19	1233637	1228286	13
19	1233637	1231100	19
19	1234743	1233425	9
19	1234743	1234190	6
19	1234828	1234190	12
19	1235086	1234570	0
19	1235146	1234190	12
19	1235146	1234570	9
19	12352071	12345948	0
19	12352071	12349582	0
19	12352071	12349700	0
19	12352071	12350915	0
19	12353115	12351790	0
19	12353115	12352009	0
19	1235343	1234573	12
19	1235343	1234646	17
19	1235566	1234570	10
19	12365642	12352009	0
19	12365906	12352009	0
19	12382632	12379188	0
19	12382632	12379745	0
19	12392664	12390015	12
19	12392664	12391948	1
19	12392664	12392137	1
19	12401275	12383560	2
19	1241992	1242455	95
19	12432438	12429706	6
19	12432438	12431568	0
19	12433198	12432286	0
19	12433198	12432376	0
19	12441022	12433070	1
19	12441083	12393296	1
19	12441113	12433070	1
19	1244441	1244690	180
19	1244441	1244736	188
19	12457577	12433102	0
19	12466520	12457430	0
19	12466520	12461183	2
19	12466520	12461558	2
19	12466520	12465608	0
19	12513834	12466723	0
19	12513855	12494817	0
19	12528365	12525369	17
19	12528365	12525719	5
19	12528365	12527857	0
19	12528365	12527906	0
19	12532974	12529767	2
19	12541538	12528569	0
19	12550653	12528569	0
19	12551433	12550241	0
19	12551435	12548712	0
19	12551468	12550462	0
19	12551475	12466723	1
19	12551530	12528569	0
19	12551543	12541424	0
19	12580976	12528569	0
19	12582911	12577960	5
19	12582911	12581306	0
19	12582911	12581522	0
19	12583557	12582849	0
19	12597312	12583429	0
19	12609203	12583429	0
19	12609203	12583484	1
19	12623400	12609157	0
19	12634489	12623260	15
19	12646733	12643830	0
19	12647147	12646512	0
19	12647336	12646492	0
19	12647336	12646512	0
19	12647336	12646515	0
19	12647336	12646560	0
19	12647585	12646510	0
19	12652271	12650103	3
19	12652430	12652191	4
19	12652461	12652152	4
19	12652461	12652198	4
19	12652461	12652244	4
19	12652461	12652254	4
19	12656688	12652362	7
19	12656688	12655693	12
19	12657057	12655693	10
19	12657057	12656570	4
19	12657057	12656658	0
19	12657475	12656948	0
19	12657556	12656948	0
19	12657761	12656948	0
19	12658142	12657445	0
19	12658142	12657454	0
19	12659011	12657445	6
19	12661377	12658223	4
19	12661377	12658427	2
19	12663419	12660896	0
19	12663463	12661259	0
19	12663836	12663316	0
19	12663836	12663434	0
19	12664986	12663702	0
19	12665526	12663702	0
19	12665526	12664791	0
19	12665526	12664803	1
19	12665526	12664827	1
19	12665526	12664932	1
19	12665806	12665245	1
19	12665806	12665351	1
19	12665833	12665351	1
19	12666743	12665351	2
19	12668612	12668074	45
19	12668618	12668070	37
19	12669234	12665702	2
19	12669234	12668144	12
19	12669234	12668519	6
19	12669894	12669976	160
19	12670081	12670179	173
19	12670098	12670179	178
19	12671024	12670078	164
19	12672550	12672846	170
19	12672602	12669127	163
19	12673085	12669353	119
19	12675934	12673023	66
19	12676073	12675720	86
19	12676079	12675716	86
19	12676079	12675721	86
19	12676106	12675721	71
19	12676140	12675831	110
19	12676143	12675720	75
19	12676143	12675733	76
19	12676143	12675742	80
19	12676143	12675761	94
19	12676143	12675817	126
19	12676919	12675750	177
19	12677212	12676016	173
19	12677397	12675721	179
19	12677397	12676016	165
19	12677397	12676774	245
19	12677397	12677098	241
19	12677397	12677107	239
19	12677397	12677164	220
19	12677397	12677167	220
19	12679521	12677290	115
19	12679541	12677290	121
19	12679544	12677089	116
19	12679544	12677270	126
19	12679544	12677290	118
19	12679544	12677302	115
19	12679544	12677327	103
19	12679720	12677290	79
19	12679720	12679456	47
19	12679720	12679461	46
19	12679915	12679622	46
19	12679923	12679622	46
19	12679923	12679624	46
19	12679923	12679656	40
19	12679923	12679693	37
19	12680031	12679456	88
19	12680031	12679622	58
19	12680178	12679622	97
19	12680221	12679800	104
19	12680282	12679800	104
19	12680326	12679456	110
19	12680326	12679622	82
19	12680326	12679800	93
19	12681162	12680195	6
19	12681207	12680160	5
19	12681212	12680149	5
19	12681333	12680160	4
19	12681414	12680160	6
19	12681564	12680160	5
19	12681725	12680160	4
19	12681772	12680160	4
19	12681808	12680160	6
19	12681835	12680201	6
19	12681839	12680149	6
19	12681854	12679943	6
19	12681861	12680160	6
19	12681869	12680195	7
19	12681903	12680160	7
19	12687280	12682692	20
19	12688142	12688255	47
19	12689069	12689113	110
19	12689291	12688052	42
19	12689438	12688916	39
19	12689438	12689082	44
19	12689438	12689215	28
19	12701454	12699193	197
19	12701454	12699200	197
19	12701454	12699672	282
19	12701454	12701053	58
19	12701454	12701152	50
19	12701645	12701325	31
19	12701673	12701325	31
19	12701673	12701326	31
19	12701852	12701325	48
19	12701852	12701597	101
19	12702148	12701598	48
19	12702148	12701751	47
19	12702178	12701751	49
19	1270242	1267813	21
19	12702846	12702071	40
19	12702919	12701751	56
19	12702919	12702071	36
19	12703051	12702071	21
19	12703527	12702822	41
19	12703527	12702827	41
19	12703802	12703427	47
19	12705399	12703713	24
19	12705399	12703756	20
19	12705399	12703757	21
19	12705491	12703675	33
19	12706675	12706195	46
19	12706796	12706195	13
19	1270883	1270927	47
19	1271037	1271120	28
19	1271037	1271139	30
19	1271037	1271328	37
19	12710774	12706569	12
19	12711427	12710742	110
19	12711462	12710620	116
19	12711614	12711242	8
19	12711614	12711295	10
19	1271247	1271328	49
19	1271247	1271550	43
19	1271366	1271550	15
19	1271468	1271550	14
19	12714940	12711552	10
19	12715170	12714820	23
19	12715170	12714903	80
19	12715267	12715046	116
19	12715325	12715046	108
19	12715539	12715197	64
19	12715539	12715242	55
19	12715711	12715404	37
19	12715711	12715440	32
19	12715740	12711295	21
19	12715740	12715404	29
19	1271633	1271980	8
19	12719179	12715404	55
19	12719179	12715632	45
19	12719179	12715709	40
19	12719288	12719028	20
19	12719337	12719028	21
19	12719337	12719097	19
19	1272052	1272426	162
19	1272052	1273493	194
19	1272052	1273600	211
19	1272052	1274306	90
19	12720991	12719260	21
19	12720991	12719266	22
19	12721716	12719260	19
19	12725887	12725516	0
19	1273026	1274350	113
19	12731422	12730639	30
19	12731422	12730641	30
19	12731558	12730639	44
19	12731854	12730648	99
19	12734667	12730639	92
19	1273716	1274306	123
19	1273716	1274648	108
19	12737561	12737562	15
19	1274441	1274648	140
19	1274441	1274651	139
19	1274445	1274648	139
19	12745526	12745608	9
19	1276104	1277182	28
19	12763600	12763002	3
19	12763600	12763003	3
19	12763723	12763362	4
19	12763779	12763527	4
19	12764918	12763667	1
19	12764918	12763700	1
19	12764918	12763758	1
19	12765082	12764813	2
19	12765365	12764813	3
19	12765725	12764998	7
19	12765835	12765689	9
19	12765959	12765689	11
19	12766015	12765689	11
19	12766015	12765828	13
19	12766241	12765792	7
19	12766241	12765926	3
19	12766524	12764347	1
19	12766615	12765656	8
19	1276674	1277182	27
19	12770083	12768012	2
19	12771073	12769880	2
19	12771073	12769955	2
19	12771320	12770931	2
19	12771320	12770936	2
19	12771478	12771158	0
19	12771478	12771228	2
19	12771478	12771276	1
19	12772253	12765926	4
19	12772253	12771394	0
19	12772253	12771396	0
19	12772253	12771816	0
19	12772681	12772189	0
19	12772703	12772189	0
19	12772913	12772189	0
19	12774742	12765166	1
19	12774742	12772993	12
19	12774898	12772993	7
19	12774898	12774077	15
19	12774898	12774335	16
19	12774898	12774404	16
19	12774898	12774501	13
19	12774898	12774534	15
19	12774898	12774560	15
19	12774898	12774634	12
19	12774898	12774668	15
19	12775524	12774811	11
19	12775534	12774811	15
19	12775540	12774668	13
19	12775545	12774811	11
19	12775571	12774811	11
19	12775573	12773951	15
19	12775621	12774811	7
19	12778393	12773972	0
19	12778410	12774811	3
19	12778413	12774811	3
19	12778420	12774811	3
19	12778421	12774811	3
19	12778447	12774811	1
19	12778458	12774811	1
19	12785102	12784538	0
19	12792583	12774811	2
19	12799990	12796819	16
19	12800248	12799555	16
19	12800300	12796819	20
19	12800300	12799858	15
19	12800462	12799861	16
19	12801070	12796822	18
19	12801070	12799915	11
19	12801070	12800176	10
19	12801271	12799858	15
19	12801788	12801158	4
19	12801789	12801158	4
19	12801790	12801158	4
19	12801860	12801158	3
19	12806801	12807007	7
19	12807080	12807205	11
19	12807330	12807418	14
19	12825183	12774158	3
19	12826501	12825177	0
19	12826872	12825477	0
19	12826872	12825478	0
19	12826872	12825481	0
19	12826872	12825482	0
19	12826872	12825753	0
19	12826872	12825797	0
19	12826872	12825836	0
19	12826872	12825841	0
19	12828768	12826774	1
19	12828768	12826789	1
19	12828768	12826845	1
19	12828936	12828656	0
19	12828954	12828656	0
19	12829029	12828656	0
19	12829986	12828656	0
19	12829986	12828868	0
19	12829998	12828656	0
19	12829998	12828868	0
19	12829998	12828892	0
19	12829998	12828952	0
19	12834549	12829810	0
19	12834577	12829810	0
19	12834847	12829810	0
19	12835416	12829810	0
19	12865179	12865315	0
19	12872741	12826496	0
19	12878580	12875210	0
19	12878580	12876253	1
19	12878681	12875935	2
19	12878835	12878037	2
19	12878835	12878381	1
19	12880881	12878381	1
19	12881467	12880971	1
19	12881469	12880971	1
19	12886143	12884421	0
19	12891203	12891270	16
19	12891523	12891830	32
19	12891661	12891830	24
19	12897429	12897702	40
19	12900118	12899081	51
19	12900121	12898785	26
19	12900485	12899957	34
19	12900649	12900003	29
19	12904667	12900459	25
19	12906204	12904516	31
19	12918338	12904491	4
19	12924266	12922478	58
19	12924266	12922479	58
19	12924266	12922529	45
19	12924266	12922539	45
19	12924527	12924150	14
19	12924808	12922544	50
19	12928440	12925089	8
19	12928458	12925089	8
19	12928664	12928341	19
19	12928664	12928409	31
19	12928848	12928341	4
19	12928848	12928397	3
19	12928848	12928534	3
19	12928848	12928572	3
19	12930342	12928534	11
19	12930342	12928754	11
19	12930528	12930222	5
19	12930750	12930222	7
19	12930750	12930306	4
19	12930750	12930428	8
19	12933643	12930428	12
19	12933681	12930222	4
19	12933682	12930611	8
19	12933697	12930611	11
19	12933699	12930611	11
19	12933712	12930611	11
19	12933715	12930611	11
19	12933716	12930611	11
19	12938771	12939133	158
19	12940148	12940242	96
19	12943757	12943941	1059
19	12943989	12944211	949
19	12944488	12944117	478
19	12948814	12949080	197
19	12957237	12953118	11
19	13014512	13013661	0
19	13094986	13098687	126
19	13100749	13099032	0
19	13101049	13100689	3
19	13101196	13100656	2
19	13102868	13100836	0
19	13103162	13100836	0
19	13105397	13104901	18
19	13105397	13104906	18
19	13105607	13104906	24
19	13105607	13104938	111
19	13107651	13105266	19
19	13107651	13105486	20
19	13107860	13107573	14
19	13109467	13107601	22
19	13109467	13107750	22
19	13109467	13107774	17
19	13109685	13109380	208
19	13109733	13109380	252
19	13109839	13109549	322
19	13109839	13109644	328
19	13110307	13109768	274
19	13110307	13109914	229
19	13112818	13110157	65
19	13112818	13110185	68
19	13113012	13110157	91
19	13113012	13112704	21
19	13115403	13112895	18
19	13115467	13112704	10
19	13115467	13112895	18
19	13115467	13112908	19
19	13115467	13112954	20
19	13115467	13113000	22
19	13115769	13112895	31
19	13115769	13115278	30
19	13115769	13115378	55
19	13115769	13115457	59
19	13115769	13115463	44
19	13116028	13115625	61
19	13116053	13115625	60
19	13116053	13115626	60
19	13116160	13115278	57
19	13116341	13115996	450
19	13116432	13115278	62
19	13116432	13115422	69
19	13116432	13115625	62
19	13116432	13115870	78
19	13116432	13115996	246
19	13116623	13115440	119
19	13116650	13115996	54
19	13116658	13115996	54
19	13116703	13115278	67
19	13116713	13116145	52
19	13116722	13115701	56
19	13116726	13115996	54
19	13116734	13116186	43
19	13116737	13116105	54
19	13116737	13116145	45
19	13116741	13116145	43
19	13116749	13115996	54
19	13116749	13116171	39
19	13116749	13116186	34
19	13116750	13116145	43
19	13116760	13115835	70
19	13116760	13115946	60
19	13117113	13116145	3
19	13141148	13139616	168
19	13144672	13144057	103
19	13144672	13144061	102
19	13144672	13144088	100
19	13144672	13144270	117
19	13144871	13144061	12
19	13144871	13144488	12
19	13144871	13144576	12
19	13144871	13144600	12
19	13144871	13144614	12
19	13145386	13144763	8
19	13145396	13144576	8
19	13145396	13144763	8
19	13145396	13144767	8
19	13145415	13144763	8
19	13149092	13145287	13
19	13149092	13145302	13
19	13149594	13145287	12
19	13149898	13145287	11
19	13153713	13153070	937
19	13154194	13153095	717
19	13158789	13157958	0
19	13209010	13206441	0
19	13209010	13206444	0
19	13209010	13206445	0
19	13209010	13206493	0
19	13209010	13206590	0
19	13209010	13206739	0
19	13209010	13207265	0
19	13209010	13207273	0
19	13209010	13207300	0
19	13209010	13207301	0
19	13209010	13207660	0
19	13209010	13208018	0
19	13209010	13208045	0
19	13209499	13208755	0
19	13209499	13208891	0
19	13209499	13208995	1
19	13212741	13212383	0
19	13214334	13212630	0
19	13214334	13212706	0
19	13214552	13213867	0
19	13214609	13213782	0
19	13214609	13214232	0
19	13224773	13214500	0
19	13224957	13214439	0
19	13225315	13214500	0
19	13226556	13214500	0
19	13227528	13224666	0
19	13228796	13224666	0
19	13230210	13224666	0
19	13230210	13227430	0
19	13230210	13228616	0
19	13230210	13228698	0
19	13230210	13228789	0
19	13230210	13229061	0
19	13231737	13230081	0
19	13231861	13224666	0
19	13231861	13229688	0
19	13231861	13230081	0
19	13231861	13230131	0
19	13231861	13230132	0
19	13235037	13231709	0
19	13235037	13231768	0
19	13235275	13234807	0
19	13235275	13234920	0
19	13235731	13234920	0
19	13245216	13241520	0
19	13245266	13235613	0
19	13245266	13236448	0
19	13245266	13241520	0
19	13245519	13241520	0
19	13252996	13245181	0
19	13253012	13245181	0
19	13253081	13245181	0
19	13253102	13243768	0
19	13253102	13245181	0
19	13253102	13245208	0
19	13255099	13252990	0
19	13255248	13252990	0
19	13255260	13252516	0
19	13255260	13252566	0
19	13255260	13252990	0
19	13257401	13255094	0
19	13257552	13235613	0
19	13257552	13255094	0
19	13259608	13257349	0
19	13259702	13257349	0
19	13260235	13256254	0
19	13261611	13259563	0
19	13262812	13261449	0
19	13262834	13261449	0
19	13263145	13261449	0
19	13263511	13261449	0
19	13275957	13262733	0
19	13277129	13273497	0
19	13277129	13273937	0
19	13277129	13275849	0
19	13277934	13271340	0
19	13307855	13303766	0
19	13307855	13306563	0
19	13308252	13307278	0
19	13308252	13307346	0
19	13308252	13307781	0
19	13312782	13308415	0
19	13317322	13312651	0
19	13317322	13312668	0
19	13330334	13317111	0
19	13330337	13317111	0
19	13330340	13317111	0
19	13332926	13317111	0
19	13334437	13332868	0
19	13334494	13332868	0
19	13335910	13333639	0
19	13335910	13334377	0
19	13365460	13359605	0
19	13365470	13359605	0
19	13371780	13362050	0
19	13371780	13365316	0
19	13453016	13370790	0
19	13453016	13371687	0
19	13453016	13371760	0
19	13455190	13452875	0
19	13455212	13452875	0
19	13455213	13450341	0
19	13455213	13452875	0
19	13506225	13452875	0
19	13506460	13452875	0
19	13520310	13518974	0
19	1357095	1358393	12
19	13600057	13455106	0
19	13600057	13518796	0
19	1371079	1371233	9
19	13759011	13759099	92
19	13759011	13759116	90
19	13762438	13762589	12
19	13768448	13768614	268
19	13768738	13768823	127
19	1377239	1376772	50
19	13773632	13772405	120
19	13773634	13772117	89
19	13774119	13772472	185
19	13774575	13774651	20
19	1377521	1376772	42
19	13825714	13828644	3
19	13828727	13830190	2
19	13877375	13877431	1
19	1388301	1386803	12
19	13883401	13882354	3
19	13883401	13882388	3
19	13883601	13882600	3
19	1388594	1388742	9
19	1388594	1388832	9
19	13886056	13882347	1
19	13886056	13882354	1
19	13886056	13883307	3
19	13886056	13884934	3
19	13886056	13885269	3
19	1388939	1390870	17
19	13893224	13892785	0
19	13895547	13893141	0
19	1389652	1388217	16
19	13904914	13893179	0
19	1391051	1391066	34
19	1391051	1391110	28
19	1391051	1391118	28
19	1391086	1391130	18
19	1391117	1391120	12
19	13927078	13927174	8
19	13927266	13927892	37
19	13932113	13931460	3
19	13932945	13931186	2
19	1393331	1394417	92
19	1393331	1395390	79
19	13933456	13931963	4
19	13933994	13931186	2
19	13933994	13931471	2
19	13933994	13932352	2
19	13933994	13932354	2
19	13933994	13932667	2
19	13933994	13932797	2
19	13933994	13933208	2
19	13933994	13933237	2
19	13933994	13933238	2
19	13934363	13933877	0
19	13934386	13933877	0
19	13934411	13933877	0
19	13935831	13933878	0
19	13936045	13933877	0
19	13936461	13933877	0
19	13936461	13933956	0
19	13936461	13935720	0
19	13936461	13935979	0
19	13937886	13936366	0
19	13938007	13936366	0
19	13938007	13936428	0
19	13938066	13936366	0
19	13938097	13936366	0
19	1394358	1392169	94
19	1394358	1393565	94
19	1394358	1393577	94
19	1394868	1393887	89
19	1394879	1393887	89
19	13953278	13949287	0
19	13953303	13937784	0
19	13953382	13937784	0
19	13953384	13939896	0
19	13953393	13937784	0
19	1395401	1395401	119
19	1395401	1395404	119
19	13959674	13959766	22
19	13960070	13960286	91
19	13960392	13960464	110
19	13963040	13961537	66
19	13963747	13963121	5
19	13964008	13963537	1
19	13964056	13963703	1
19	1396468	1393887	57
19	13970176	13968774	2
19	13973128	13969639	0
19	13973128	13969993	0
19	13983271	13982120	8
19	13983596	13983027	0
19	13983596	13983068	0
19	13983596	13983186	0
19	13983596	13983312	0
19	1399027	1397025	1
19	1399027	1397267	5
19	1399027	1397382	2
19	1399027	1398599	0
19	1399196	1397810	2
19	1399196	1398915	0
19	13998318	13993524	2
19	14006263	13998117	2
19	14006268	13993524	1
19	14006286	13993524	1
19	14006290	13983485	1
19	14006323	13993524	1
19	14007040	13998167	4
19	14031558	14030854	0
19	14055426	14053364	0
19	14055426	14054894	2
19	14055426	14055134	0
19	14073878	14074324	1
19	14073878	14074389	1
19	14073878	14074705	2
19	14074464	14074705	3
19	14082604	14081618	0
19	14082604	14081890	0
19	14083606	14083236	0
19	14083878	14083504	0
19	14085876	14083532	0
19	14088783	14087839	14
19	14088783	14088428	14
19	14090709	14089067	6
19	14091014	14090508	0
19	14091037	14089067	10
19	14093793	14091687	8
19	14093793	14091696	8
19	14093793	14093049	8
19	14097484	14093042	14
19	14097484	14093627	11
19	14097484	14093649	14
19	14097675	14096970	13
19	14097675	14097360	14
19	14097891	14097247	14
19	14097891	14097578	2
19	14100909	14097763	1
19	14101279	14097763	0
19	14102915	14100825	1
19	14106861	14102815	0
19	14106889	14102815	0
19	14106889	14102900	0
19	14107410	14092035	0
19	14121678	14120447	26
19	14121709	14119508	15
19	14121709	14120497	16
19	14126238	14120218	8
19	14126238	14121286	12
19	14126238	14121531	12
19	14136590	14121531	7
19	14152151	14147742	53
19	14152151	14149952	26
19	14152223	14151207	12
19	14152438	14151168	11
19	14155528	14152783	13
19	14156202	14155358	16
19	14159216	14158337	8
19	14159585	14159089	8
19	14159585	14159174	13
19	14159774	14159400	11
19	14159774	14159488	13
19	14163407	14161311	20
19	14164706	14162947	28
19	14167031	14162605	18
19	14170735	14167015	26
19	14170792	14162605	23
19	14170792	14167015	29
19	14177651	14170487	2
19	14177745	14170681	3
19	14269378	14267806	0
19	14279896	14254188	0
19	14320352	14305457	0
19	14325432	14320239	0
19	1432691	1433738	34
19	1432691	1434736	37
19	1432691	1434739	41
19	1433828	1434736	38
19	14347410	14325351	0
19	14363991	14325307	0
19	1438429	1438806	53
19	1438429	1438810	53
19	1438581	1438806	70
19	1438893	1439605	29
19	1438893	1439715	40
19	1438893	1439960	50
19	1438893	1439967	50
19	1438893	1440018	44
19	1438893	1440025	64
19	14397805	14397888	0
19	1439827	1440018	51
19	1439827	1440025	56
19	1440242	1440348	47
19	1440254	1440348	44
19	14408724	14402716	20
19	14409185	14408818	31
19	14409185	14408849	29
19	14409185	14408850	29
19	14409646	14409036	98
19	14409646	14409302	209
19	14409874	14409302	157
19	14409874	14409535	247
19	14409982	14409535	310
19	14410335	14409302	95
19	14410335	14409535	305
19	14410335	14409538	311
19	14410335	14409741	257
19	14410335	14409909	248
19	14410606	14409741	92
19	14410606	14409772	152
19	14410606	14410215	65
19	14410606	14410260	65
19	14410930	14409302	66
19	14411137	14410307	65
19	14411173	14409741	75
19	14411173	14410215	68
19	14411173	14410420	60
19	14411173	14410547	78
19	14411387	14410420	76
19	14411517	14410988	70
19	14411555	14410646	79
19	14411599	14410988	58
19	14412679	14411061	66
19	14412679	14411505	54
19	14412679	14411542	56
19	14412679	14411559	53
19	14412712	14411505	55
19	14413183	14412550	105
19	14413221	14412550	94
19	14413225	14411217	89
19	14413225	14411505	71
19	14413225	14412358	101
19	14413225	14412550	89
19	14413225	14412560	94
19	14413225	14412561	94
19	14413225	14412609	108
19	14419342	14412550	34
19	14467642	14467717	18
19	14467794	14467875	12
19	14469518	14469751	15
19	14469815	14469911	6
19	14470683	14470770	8
19	14474338	14472465	4
19	14478766	14477759	59
19	14478766	14477761	59
19	14478766	14477763	57
19	14478766	14478003	274
19	14478766	14478245	75
19	14478766	14478255	61
19	14479525	14478683	14
19	14479858	14479411	8
19	14480486	14479411	7
19	14480597	14478683	9
19	14480779	14479411	8
19	14480779	14480304	18
19	14480897	14480305	34
19	14483007	14480592	33
19	14483446	14482856	203
19	14483580	14482855	220
19	14491744	14480592	63
19	14491744	14482688	94
19	14491744	14483488	125
19	14496133	14480592	14
19	14496133	14482688	33
19	14496150	14480592	14
19	14517047	14514769	365
19	14517047	14515648	395
19	14517047	14516112	431
19	14517570	14516568	262
19	14517834	14516465	269
19	14518269	14516718	273
19	14518421	14516465	138
19	1452319	1452983	0
19	14527811	14516465	4
19	14527811	14516607	4
19	14527811	14516609	4
19	14527811	14516635	4
19	14527811	14516684	3
19	14527811	14516716	3
19	14527811	14518138	5
19	14529194	14527725	0
19	14529252	14527725	0
19	14529254	14527366	0
19	14529301	14527725	0
19	14529309	14527686	0
19	14529309	14527725	0
19	14529323	14527686	0
19	14529771	14527686	0
19	14563703	14563770	15
19	14563703	14563778	15
19	14563703	14563799	15
19	14563703	14563834	15
19	14564098	14564181	15
19	14564859	14564948	91
19	14564859	14565065	94
19	14564993	14565065	65
19	14565124	14565201	31
19	14565664	14565743	38
19	14566932	14566077	17
19	14566934	14566077	17
19	14572063	14566077	39
19	1457244	1457964	14
19	14625600	14619116	0
19	14625600	14619235	0
19	14625600	14619238	0
19	14630208	14625491	0
19	14668853	14663417	0
19	14674845	14668801	0
19	14674872	14668801	0
19	14674919	14668801	0
19	14674999	14668619	0
19	14690028	14668801	0
19	14717090	14717656	8
19	14743531	14732392	0
19	14743531	14735575	2
19	14743531	14736078	0
19	14743531	14736106	1
19	14743531	14736235	0
19	14743531	14741474	2
19	14743785	14743419	1
19	14746324	14743615	0
19	14746324	14743763	0
19	14746963	14743615	1
19	14751672	14746895	0
19	14752527	14751435	0
19	14752527	14751502	1
19	1475259	1473203	29
19	14756346	14751435	0
19	14767110	14765523	0
19	14767110	14765657	0
19	14767110	14766234	0
19	14772375	14766977	1
19	14772498	14765523	0
19	14772498	14765657	1
19	14772498	14766977	1
19	14772498	14767085	1
19	14772498	14768790	1
19	14774055	14771879	1
19	14774055	14772341	2
19	1478898	1474478	21
19	1478906	1461142	6
19	1478906	1473947	22
19	1478906	1474154	21
19	1478906	1474167	21
19	1478906	1474173	21
19	1478906	1475145	29
19	1478906	1475903	20
19	1478906	1478412	17
19	1478917	1474185	17
19	1479119	1473200	17
19	1479135	1478434	11
19	1479182	1478773	0
19	1479184	1478773	0
19	1479195	1478773	0
19	1479202	1478773	0
19	1479214	1478773	0
19	1479217	1478653	2
19	1479220	1478773	0
19	1479557	1478773	0
19	14800445	14789259	0
19	14809994	14789259	0
19	1482476	1481427	1
19	1482668	1481985	0
19	1483021	1481427	0
19	1483021	1482352	0
19	1483021	1482401	0
19	1483021	1482410	0
19	1483021	1482438	0
19	1483464	1482352	0
19	14835286	14809805	0
19	14835286	14821418	0
19	14835286	14824250	0
19	14835377	14809805	0
19	1483768	1483283	3
19	1483845	1483283	3
19	1483942	1483283	3
19	1483942	1483649	4
19	1484128	1483497	3
19	1484128	1483649	4
19	1484128	1483837	4
19	14848923	14840465	0
19	14867359	14863713	0
19	1487314	1484026	0
19	1487314	1486852	1
19	1487692	1487140	0
19	1487862	1486852	0
19	1487862	1487140	0
19	1487862	1487197	0
19	1487862	1487217	0
19	1487862	1487292	0
19	1487862	1487602	1
19	1488093	1487784	1
19	14881872	14878202	0
19	1488281	1487847	0
19	1488281	1487963	0
19	14897846	14891736	0
19	14953063	14950033	0
19	14953063	14950178	0
19	14953063	14950194	0
19	14962346	14954134	0
19	14962346	14956475	0
19	14964362	14961309	0
19	14964362	14962001	0
19	14968508	14964008	0
19	14968508	14964318	0
19	14971875	14964318	0
19	14971875	14968302	0
19	14971875	14968368	0
19	14971875	14968424	0
19	14972914	14971736	0
19	14972918	14971736	0
19	14972918	14971749	0
19	14972919	14971736	0
19	1497323	1497641	4
19	14975274	14971736	0
19	14977028	14972705	0
19	14977033	14972688	0
19	14977778	14972705	0
19	14979689	14972804	0
19	14979723	14972705	0
19	14980299	14972705	0
19	15010621	14972705	0
19	15010644	14972705	0
19	15022991	14972705	0
19	1505996	1505040	12
19	1506662	1505017	6
19	1506662	1505866	6
19	1506929	1505866	6
19	1506929	1506261	6
19	1506929	1506589	5
19	1507406	1506738	2
19	1507423	1506625	1
19	1508110	1507556	2
19	1508571	1507997	4
19	1510259	1508442	5
19	1510259	1508537	5
19	1510259	1508812	4
19	1510429	1510149	4
19	15109398	15109703	221
19	15110349	15110520	67
19	15115672	15114986	49
19	15115672	15115015	62
19	15115672	15115271	46
19	15115922	15115565	41
19	15116072	15114983	54
19	15116072	15115557	41
19	15116072	15115849	55
19	15116072	15115859	54
19	15116322	15115849	67
19	15116322	15116000	74
19	15116523	15115884	54
19	15116523	15116151	54
19	15116523	15116282	51
19	15116681	15116151	44
19	15116783	15116000	45
19	15117932	15116407	39
19	15118016	15116151	44
19	15118016	15116407	37
19	15118016	15116461	33
19	15119303	15116407	30
19	15119303	15117880	18
19	15119516	15119165	2
19	15119516	15119245	1
19	15120082	15119417	0
19	15122805	15119979	11
19	15122805	15119981	11
19	15122805	15120010	11
19	15123031	15119981	9
19	15123031	15122692	35
19	15123244	15122692	13
19	15123244	15122891	13
19	15123244	15122997	13
19	15125070	15123115	43
19	15125070	15123374	36
19	15125096	15123374	41
19	15125363	15123374	20
19	15125634	15124924	11
19	15125660	15124924	11
19	15125667	15122692	20
19	15125717	15124562	9
19	15125723	15123374	20
19	15125773	15123374	20
19	15125786	15124924	8
19	15162563	15159037	4
19	15162563	15161624	1
19	15165516	15162332	2
19	15165516	15162464	1
19	15178091	15174067	6
19	15178942	15177524	6
19	15178942	15177910	8
19	15179221	15178389	12
19	15179283	15178822	7
19	15179283	15178937	44
19	15179497	15179024	7
19	15179660	15179024	7
19	15222298	15221014	4
19	15227908	15226918	8
19	15227908	15226921	9
19	15227908	15226924	13
19	15231397	15230961	10
19	15231862	15231238	2
19	15231862	15231348	4
19	15238981	15235518	74
19	15244601	15242899	7
19	15244763	15244230	25
19	15246619	15244522	24
19	15254263	15244709	17
19	15254263	15247046	14
19	15254263	15252991	35
19	15255367	15253750	2
19	15255593	15254151	2
19	15256264	15255296	2
19	15257174	15256063	2
19	15257174	15256098	2
19	15257174	15256134	2
19	15257316	15256207	6
19	15265644	15264403	15
19	15267552	15265353	18
19	15267552	15265626	26
19	15268241	15267513	9
19	15268282	15267415	13
19	15269043	15267415	11
19	15269043	15268153	8
19	15269043	15268263	4
19	15272982	15268904	7
19	15273134	15268904	5
19	15273134	15269012	5
19	15348418	15346067	5
19	15359063	15353384	16
19	15359063	15353520	19
19	15361823	15360847	7
19	15362252	15361472	4
19	15362252	15361728	8
19	15370180	15368234	15
19	15370180	15369066	18
19	15371999	15370144	17
19	15371999	15370145	17
19	15374066	15372850	64
19	15374636	15372850	28
19	15374636	15373716	32
19	15374636	15373785	20
19	15379162	15376975	21
19	15379782	15372850	17
19	15379793	15376975	17
19	15379799	15376975	20
19	15380613	15380047	16
19	15380613	15380049	16
19	15380613	15380050	16
19	15397281	15380516	10
19	15397281	15381881	10
19	15397626	15397149	4
19	15397856	15397519	6
19	15398404	15397519	54
19	15398704	15397713	60
19	15398762	15397713	61
19	15398767	15397713	61
19	15399411	15397713	80
19	15399411	15398629	77
19	15400353	15398562	66
19	15400359	15397713	55
19	15400359	15398629	66
19	15400359	15399301	55
19	15400865	15399934	16
19	15400865	15400294	8
19	15401044	15400399	5
19	15401044	15400793	4
19	15401277	15400946	4
19	15401294	15400967	19
19	15401604	15400946	143
19	15403556	15401149	7
19	15403556	15401294	9
19	15403556	15401380	10
19	15403556	15401430	10
19	15403716	15401149	5
19	15403716	15401444	7
19	15403716	15401452	7
19	15403716	15403474	172
19	15403806	15401539	10
19	15404043	15401149	4
19	15404043	15401429	9
19	15404043	15403318	20
19	15404043	15403474	12
19	15404043	15403652	23
19	15404043	15403657	23
19	15410595	15403474	2
19	15424379	15419979	16
19	15424379	15421507	63
19	15424379	15421522	69
19	15424379	15422086	53
19	15424379	15422090	53
19	15424379	15422093	53
19	15424840	15424059	41
19	15425033	15424182	73
19	15437130	15426981	6
19	15437130	15429585	0
19	15437130	15431011	0
19	15438928	15436474	0
19	15440716	15436805	0
19	15442749	15436805	0
19	15448368	15436805	0
19	15448368	15436933	0
19	15449609	15448102	0
19	15449942	15448102	0
19	15449952	15448102	0
19	15452109	15451623	0
19	15452816	15451623	0
19	15452816	15452044	0
19	15453498	15451623	0
19	15453498	15451657	0
19	15453498	15452044	0
19	15453498	15452657	0
19	15456249	15454656	0
19	15456600	15456103	0
19	15456647	15456103	0
19	15456647	15456164	0
19	15456892	15456501	0
19	15457320	15456375	0
19	15457835	15456501	0
19	15458118	15457468	0
19	15458427	15456501	0
19	15458427	15457291	0
19	15458656	15457291	0
19	15469930	15468644	0
19	15472101	15468644	0
19	15472101	15469631	0
19	15476609	15471889	0
19	15479436	15476234	0
19	15479436	15476352	0
19	15479502	15475537	0
19	15479853	15475537	0
19	15516110	15515341	0
19	1556924	1554671	10
19	15614554	15613246	0
19	15615281	15615615	0
19	15615376	15615615	0
19	15618145	15619489	0
19	15619544	15619634	0
19	15628436	15628530	0
19	15628436	15628760	0
19	15628596	15628760	0
19	15647106	15647196	0
19	15660768	15661197	0
19	1567531	1555576	4
19	15680298	15680391	0
19	15680520	15681059	0
19	1568059	1554668	0
19	15681723	15682388	0
19	15683764	15684815	0
19	15696226	15696429	0
19	15760898	15760240	0
19	15761150	15760814	0
19	15771256	15769912	0
19	1578535	1576639	80
19	1578539	1573595	14
19	1578539	1576677	79
19	1578539	1578011	82
19	15808842	15804548	0
19	1581270	1576639	17
19	1581270	1577745	5
19	1581270	1578334	18
19	1581270	1578338	18
19	1581738	1578444	13
19	15823798	15821795	0
19	1582713	1581091	4
19	1582713	1581107	20
19	1582713	1581158	17
19	1582713	1581209	23
19	15829038	15829163	0
19	15829038	15829172	0
19	15830598	15831254	6
19	15835115	15835178	9
19	15835115	15835187	9
19	15835115	15835217	9
19	15835115	15835253	9
19	15835281	15835553	6
19	15835281	15835753	5
19	15835788	15827044	4
19	15835854	15835105	5
19	1585215	1584539	20
19	1585308	1584539	16
19	1585334	1584539	15
19	15854837	15851992	0
19	15854837	15852042	0
19	15854837	15852110	0
19	1585531	1584539	22
19	1586363	1585054	108
19	15879429	15878022	0
19	15879429	15878299	0
19	15879429	15878622	0
19	15879669	15879345	0
19	15879898	15879603	0
19	15879898	15879636	0
19	15886026	15879345	0
19	15886054	15879763	0
19	15886054	15879893	0
19	15886502	15879763	0
19	15892437	15890311	0
19	15892583	15890311	0
19	15892583	15892308	0
19	15892583	15892372	0
19	15893882	15892528	0
19	15895651	15892308	0
19	15895651	15892385	0
19	15895651	15892528	0
19	15897613	15892308	0
19	15897613	15892528	0
19	15914388	15912366	0
19	15914388	15912369	0
19	15914388	15912572	0
19	15914388	15912938	0
19	1592360	1585054	70
19	1592393	1585054	74
19	1592709	1585054	53
19	1592802	1585054	58
19	15980992	15979834	0
19	1599561	1585054	6
19	1599561	1597171	11
19	1599561	1598048	29
19	1602130	1599411	10
19	1602427	1599411	11
19	16035013	16035470	0
19	16035723	16035887	0
19	16037440	16037008	0
19	1605437	1599411	8
19	1605446	1599411	9
19	1605474	1598921	6
19	1605491	1599411	9
19	16075710	16076046	2
19	16075876	16076046	1
19	16088850	16089044	4
19	16095592	16095775	18
19	16101410	16102059	378
19	16104255	16103760	2
19	1611850	1609290	35
19	1611850	1609292	34
19	1611850	1609471	19
19	1611850	1611167	81
19	1612431	1610964	15
19	1612431	1611703	25
19	1612434	1609289	33
19	1612434	1611055	26
19	1612434	1611313	26
19	1612434	1611703	26
19	16139822	16132570	0
19	16139893	16123660	8
19	16152642	16153031	0
19	16152642	16153042	0
19	1615486	1611754	24
19	1615521	1609289	18
19	1615521	1609292	21
19	1615521	1611686	22
19	1615521	1611703	23
19	1615799	1612206	28
19	1615799	1615284	10
19	1615805	1615284	11
19	1615822	1609289	11
19	1615822	1611248	32
19	1615822	1611703	21
19	1615822	1612206	28
19	1615822	1615284	11
19	16164914	16161367	0
19	16164914	16161414	0
19	16185517	16185623	50
19	16189459	16186275	12
19	1619136	1615685	9
19	1619151	1615685	9
19	1619210	1615685	11
19	1619235	1615284	15
19	1619235	1615685	11
19	1619235	1615790	11
19	1619235	1615810	11
19	1619475	1615284	11
19	1619475	1615685	5
19	16197974	16198010	10
19	1619854	1615685	4
19	1622416	1622053	1
19	1624001	1622312	1
19	1624001	1622323	1
19	16292971	16283360	0
19	1632117	1627358	1
19	1632406	1627358	2
19	1632406	1631950	4
19	1632406	1632037	2
19	1632406	1632050	2
19	16324515	16283358	0
19	16361954	16355238	22
19	16361985	16355238	14
19	16377255	16361578	2
19	16377255	16361580	2
19	16377255	16361778	4
19	16385212	16361596	4
19	16385212	16361778	8
19	16385212	16361888	8
19	16385212	16377121	2
19	16385212	16382988	9
19	16402486	16395343	3
19	16403746	16402320	2
19	16403931	16395343	6
19	16403931	16400630	4
19	16403931	16402314	1
19	16403931	16402320	1
19	16413846	16404587	0
19	16417638	16413772	0
19	16418105	16417438	0
19	16418105	16417551	4
19	16425317	16421318	0
19	16428762	16425082	0
19	16428762	16425091	0
19	16434484	16428701	0
19	16434491	16428701	0
19	16435297	16428701	0
19	16437000	16434364	0
19	16437065	16434364	0
19	16437866	16434364	1
19	16437866	16436595	2
19	16437866	16436936	2
19	16440910	16437769	1
19	16441982	16434364	1
19	16441982	16437769	1
19	16441982	16440652	0
19	16441982	16440861	0
19	16441982	16440884	0
19	16442220	16441510	0
19	16442220	16441891	0
19	1646428	1627358	2
19	16471944	16442177	0
19	16471951	16442177	0
19	16471952	16442177	0
19	16471960	16442177	0
19	16471962	16442177	0
19	16471967	16442177	0
19	16471971	16442177	0
19	16471976	16442177	0
19	16471977	16442177	0
19	16472013	16442177	0
19	16472086	16442177	0
19	16480707	16479056	0
19	16480707	16479066	0
19	16482582	16480613	0
19	16482786	16482449	0
19	16482786	16482453	0
19	16484114	16482677	0
19	16484116	16482677	0
19	16485258	16483929	0
19	16485258	16483968	0
19	16495853	16482677	0
19	16519353	16495750	21
19	16519716	16517888	155
19	16519716	16517895	155
19	16519716	16518956	155
19	16519826	16518883	201
19	16520266	16519620	176
19	16520508	16519903	155
19	16520508	16520148	172
19	16520874	16520363	96
19	16520913	16520363	94
19	16521655	16520825	92
19	16532750	16530584	42
19	16532750	16530768	30
19	16533149	16531983	20
19	16533149	16532597	4
19	16542044	16535451	15
19	16542210	16535451	7
19	16542401	16541204	15
19	16542416	16541869	15
19	16542531	16541869	15
19	16551898	16552021	144
19	16552329	16551758	185
19	16552334	16549830	126
19	16553910	16519166	7
19	16555398	16549830	116
19	16555398	16550849	116
19	16555398	16553370	11
19	16555398	16553388	11
19	16555398	16553816	10
19	16555602	16553848	115
19	16557136	16555151	51
19	16564256	16555151	58
19	16565133	16555151	28
19	16565574	16566163	40
19	16566592	16555348	55
19	16566658	16553769	65
19	16566658	16555151	54
19	16566658	16565036	41
19	16568170	16565227	9
19	16568170	16566531	1
19	16571583	16566531	5
19	16577683	16566531	18
19	16577683	16576029	47
19	16578410	16574918	19
19	16578410	16576642	4
19	16578410	16577416	5
19	16578410	16577556	5
19	16578410	16577584	6
19	16578410	16577604	6
19	16578410	16577641	5
19	16578410	16577648	4
19	16578410	16577649	4
19	16578410	16577650	4
19	16587602	16578334	6
19	16597454	16578334	1
19	16624662	16578334	0
19	16627944	16578334	0
19	16628174	16578233	0
19	16628205	16597429	0
19	16628207	16578334	0
19	16629063	16578334	0
19	16630560	16578334	0
19	16631488	16630750	35
19	16640669	16639966	66
19	16647262	16577745	4
19	16647262	16578334	1
19	16647262	16630467	56
19	16647262	16630750	32
19	16647262	16630996	37
19	16647262	16631042	33
19	16647262	16631123	36
19	16647262	16631376	36
19	16647262	16640914	37
19	16647262	16646147	96
19	16647262	16646363	134
19	16647262	16646587	176
19	16647262	16646658	153
19	16652962	16645660	21
19	16652962	16645679	19
19	16654126	16578334	1
19	16654126	16644744	8
19	16654126	16646262	18
19	16654126	16646452	20
19	16654126	16647006	17
19	16654126	16647095	22
19	16654126	16647119	23
19	16654126	16652355	11
19	16654126	16652604	13
19	16654126	16652697	14
19	16655369	16654034	9
19	16659256	16654034	6
19	16659448	16578334	1
19	16659448	16646341	10
19	16659448	16647095	11
19	16659448	16653679	7
19	16659448	16654034	6
19	16660001	16647095	6
19	16660001	16654034	3
19	16863363	16863679	21
19	16877336	16877544	30
19	16896216	16894007	0
19	16896253	16893843	0
19	16896327	16892946	0
19	16896327	16892950	0
19	16896327	16892951	0
19	16896327	16892957	0
19	16896327	16893738	0
19	16896327	16893807	0
19	16896327	16894082	0
19	16896327	16894352	0
19	16896666	16896038	0
19	16896666	16896175	0
19	16896666	16896228	0
19	16896894	16896195	0
19	16896924	16896455	0
19	16896942	16896175	0
19	16896945	16896455	0
19	16896974	16892953	0
19	16896974	16895864	0
19	16896974	16896175	0
19	16896974	16896455	0
19	16897393	16896472	0
19	16897802	16896175	0
19	16897802	16896455	0
19	16897890	16896175	0
19	16914499	16906951	0
19	16947228	16945548	0
19	16952201	16947073	0
19	16957916	16947081	0
19	16957916	16951968	0
19	16957916	16951988	0
19	16971034	16957546	0
19	16971034	16957852	0
19	16971126	16957852	0
19	17000523	16997110	0
19	17002351	17000413	0
19	17002531	17000205	0
19	17011517	17009302	0
19	17020354	17011591	0
19	17052967	17049728	20
19	17052967	17049760	19
19	17052967	17049765	19
19	17052967	17050063	22
19	17053084	17049760	23
19	17056003	17052824	13
19	17056003	17052867	15
19	17058708	17055830	6
19	17058708	17055860	6
19	17099308	17095417	0
19	17157391	17152615	0
19	17157713	17152587	0
19	17178477	17177510	6
19	17202884	17203146	102
19	17203005	17203146	178
19	17208011	17207137	2
19	17211775	17211894	273
19	17211787	17211894	286
19	17215852	17215991	4
19	17217463	17218363	27
19	17226870	17226974	2
19	17226870	17226993	2
19	17228310	17228380	0
19	17228310	17228410	0
19	17228310	17228430	0
19	17228310	17228802	0
19	17228827	17228945	5
19	17228916	17229008	10
19	17236066	17231882	39
19	17240766	17235498	51
19	17240766	17235701	74
19	17240766	17235939	54
19	17251705	17240670	0
19	17251705	17249175	0
19	17251705	17250153	0
19	17251705	17250157	0
19	17251705	17250158	0
19	17262991	17259896	0
19	17264151	17259896	0
19	17264151	17262551	0
19	17264151	17262783	0
19	17264151	17262828	0
19	17264348	17259896	0
19	17264348	17262551	0
19	17264348	17262583	0
19	17264348	17263832	0
19	17264348	17263839	0
19	17264348	17264001	0
19	17264348	17264106	0
19	17268939	17269041	191
19	17274565	17264245	6
19	17276625	17276822	111
19	17276910	17277246	91
19	17276910	17277383	95
19	17281950	17282056	5
19	17281983	17282056	5
19	17281983	17282061	5
19	17282762	17282863	7
19	17282787	17274412	9
19	17294505	17292130	9
19	17301625	17294674	21
19	17302233	17301288	25
19	17303474	17300855	25
19	17310237	17301139	44
19	17319726	17320250	215
19	17319726	17320329	214
19	17325387	17323222	37
19	17329542	17327688	36
19	17329832	17327688	37
19	17329832	17328161	10
19	17329832	17329199	48
19	17333555	17333100	11
19	17333801	17333421	5
19	17334730	17333287	9
19	17334738	17333689	11
19	17334830	17333689	14
19	17336728	17336819	1
19	17337648	17338007	66
19	17337665	17337873	64
19	17337665	17337898	59
19	17337665	17338007	63
19	17338256	17338364	47
19	17339027	17339122	58
19	17341734	17342155	199
19	17360610	17351447	0
19	17365999	17351449	0
19	17365999	17360771	0
19	17365999	17365415	0
19	17366196	17365285	0
19	17391344	17390508	0
19	17391847	17391210	0
19	17394159	17391749	0
19	17403825	17402938	0
19	17403825	17403240	0
19	17404190	17403679	0
19	17404190	17403790	0
19	17405772	17406076	0
19	17405772	17406244	0
19	17405988	17406076	0
19	17405988	17406244	0
19	17405996	17406076	0
19	17405996	17406244	0
19	17413105	17413220	0
19	17420412	17420537	8
19	17420635	17420960	23
19	17422325	17414256	1
19	17425015	17425046	72
19	17445285	17435508	0
19	17445285	17436610	0
19	17448310	17444811	0
19	17448568	17445198	0
19	17455960	17445198	0
19	17460805	17455731	0
19	17460955	17455424	0
19	17486958	17487099	7
19	17486958	17487173	7
19	17491198	17488989	10
19	17491198	17489800	12
19	17511469	17503435	16
19	17511890	17491075	6
19	17511961	17512944	43
19	17520566	17518329	7
19	17543434	17543523	0
19	17610100	17601327	0
19	17610100	17605320	0
19	17610100	17605960	0
19	17610100	17606050	0
19	17610100	17606313	0
19	17611856	17609939	0
19	17611856	17609974	0
19	17612161	17609939	0
19	17616465	17611762	0
19	17617850	17611762	0
19	17623548	17621831	0
19	17624953	17618905	0
19	17626786	17624828	0
19	17627598	17626287	0
19	17627598	17626632	0
19	17720821	17720935	5
19	17733260	17727839	44
19	17734514	17733254	14
19	17754362	17754591	2
19	17754467	17754591	0
19	17776162	17776246	0
19	17820491	17816513	0
19	17821506	17816512	0
19	17821524	17816511	0
19	17830219	17824785	0
19	17830219	17826151	0
19	17830621	17829787	0
19	17830621	17830107	0
19	17837214	17824779	0
19	17838391	17837931	0
19	17839294	17838269	0
19	17839664	17838262	0
19	17839664	17839179	0
19	17840342	17839423	0
19	17840342	17839476	0
19	17842526	17841639	0
19	17842611	17841639	0
19	17843173	17842315	0
19	17843492	17842434	0
19	17843492	17843026	0
19	1784947	1782074	0
19	1784947	1782076	0
19	1784947	1783027	0
19	1785709	1785158	0
19	17861308	17861424	425
19	17861473	17862093	56
19	1787187	1785468	0
19	1787187	1785557	0
19	17882073	17882148	0
19	1800156	1796973	0
19	1800450	1798760	1
19	1800450	1798763	1
19	1800450	1799946	1
19	18008229	18008453	82
19	18008585	18008710	48
19	18008778	18008970	2
19	18009119	18009591	4
19	18009695	18009782	15
19	18010040	18010195	6
19	18010359	18010571	3
19	1805457	1802486	0
19	1805457	1805189	0
19	18060086	18058994	0
19	18072350	18069545	0
19	18072350	18070561	0
19	1807267	1806627	0
19	18081002	18077515	0
19	18082265	18080831	0
19	18082277	18080897	0
19	1808336	1807167	0
19	18083492	18082149	0
19	18083492	18082186	0
19	18083492	18082233	0
19	18086931	18083111	0
19	18086933	18083431	0
19	18086997	18083431	0
19	18087004	18083431	0
19	18151692	18144521	6
19	1815587	1815764	127
19	1816346	1815245	149
19	1816346	1815969	152
19	1816388	1816038	106
19	1816570	1816224	51
19	1816766	1816093	52
19	1816814	1816430	44
19	18168547	18168725	7
19	18168547	18168729	7
19	1817330	1816697	4
19	1817459	1816697	15
19	18177293	18177710	5
19	1817781	1816697	6
19	1817781	1817178	6
19	1817781	1817218	6
19	1818596	1817706	6
19	1818736	1818481	8
19	1818844	1818481	8
19	1818844	1818557	9
19	18193469	18193863	9
19	18198850	18196783	1
19	18198850	18196798	1
19	18200446	18198724	0
19	18202741	18200326	0
19	18202856	18200326	0
19	18204013	18202512	0
19	18204036	18202337	0
19	18204043	18200326	1
19	18204075	18202512	0
19	18208430	18208937	0
19	18211942	18207960	0
19	18211942	18208651	2
19	18211942	18210542	1
19	18211942	18210551	1
19	18211942	18210559	1
19	18211942	18210830	2
19	18211942	18210928	2
19	18213491	18211758	0
19	18220320	18218939	0
19	18220320	18219233	0
19	18220516	18220225	0
19	18220709	18220236	5
19	18220770	18220236	3
19	18220924	18220268	2
19	18220924	18220402	3
19	18221123	18220225	0
19	18221136	18220236	0
19	18221136	18220402	0
19	18221162	18220402	0
19	18221179	18220225	0
19	18221179	18220402	0
19	18221179	18220873	0
19	18221179	18220904	0
19	18221233	18220225	0
19	18221298	18220402	0
19	18222324	18221260	0
19	18224494	18222131	0
19	18225787	18222131	0
19	18226426	18222131	0
19	18226476	18222131	0
19	1822693	1823014	42
19	1823258	1823622	14
19	18233386	18222131	0
19	18233401	18222131	0
19	18233401	18222285	0
19	18233672	18222131	0
19	1823717	1824108	78
19	1823717	1824217	79
19	1823786	1821518	34
19	18250473	18236857	0
19	18250473	18249949	0
19	18250473	18250038	0
19	18252162	18250311	0
19	18252432	18250138	0
19	18252472	18250311	0
19	18255420	18250311	0
19	1825944	1823571	21
19	18265542	18257096	0
19	18267527	18257097	0
19	18267527	18264923	0
19	18267566	18257097	0
19	18267968	18267335	0
19	18267968	18267378	0
19	18269588	18257097	0
19	18269588	18264362	0
19	18269588	18264923	0
19	18269588	18266699	0
19	18269588	18267118	0
19	18269592	18267089	0
19	18280930	18280018	135
19	1828632	1825838	47
19	1830867	1827647	3
19	18309862	18306229	38
19	18309862	18306906	41
19	18309862	18306915	41
19	18310215	18309677	25
19	18312703	18309290	18
19	18312703	18309677	24
19	18312703	18309750	22
19	18312703	18310109	14
19	18316066	18312168	1
19	18316066	18312603	5
19	18316260	18312603	0
19	18323072	18312603	6
19	18396973	18391148	0
19	18397618	18391143	0
19	18431707	18431792	80
19	18432605	18432699	12
19	18435484	18434387	19
19	18435484	18434808	16
19	18435484	18434814	15
19	18435484	18434820	15
19	18435484	18434821	15
19	18435484	18434860	15
19	18435665	18435393	22
19	18435677	18434820	15
19	18435677	18435247	15
19	18435677	18435265	15
19	18435738	18435265	20
19	18435867	18435415	25
19	18435903	18435562	22
19	18435922	18435562	25
19	18436248	18435756	18
19	18436480	18436031	25
19	18436480	18436147	32
19	18436617	18436031	25
19	18436878	18436329	42
19	18437106	18436031	23
19	18437106	18436329	23
19	18437106	18436683	23
19	18437106	18436843	14
19	18437106	18436846	14
19	18437310	18436683	15
19	18437761	18436031	16
19	18437761	18436329	15
19	18437989	18436329	15
19	18437989	18436683	30
19	18438112	18436683	12
19	18445269	18442662	48
19	18445269	18442664	48
19	18445269	18444750	6
19	18445400	18444515	3
19	18446481	18445223	4
19	18446815	18446145	5
19	18446815	18446308	5
19	18450527	18446747	5
19	18450976	18446747	5
19	18472883	18465796	0
19	18472883	18470975	0
19	18475934	18472834	1
19	1848464	1826877	3
19	18522068	18472406	0
19	18522117	18472834	0
19	18522128	18472834	0
19	1852451	1853191	17
19	18532796	18531750	4
19	18532796	18531751	4
19	18532796	18531761	4
19	18532796	18531813	10
19	18532796	18532104	5
19	18532815	18532128	4
19	18537705	18533269	12
19	18537774	18532663	4
19	18537774	18533269	8
19	18538372	18537600	21
19	18538434	18537600	20
19	18538437	18537600	20
19	18539449	18538075	9
19	18539460	18537600	8
19	18539460	18538215	11
19	18539460	18538375	13
19	18539721	18539370	12
19	18539721	18539418	13
19	18539721	18539431	13
19	18541996	18537600	9
19	18541996	18539370	9
19	18541996	18539550	9
19	18542499	18539550	11
19	18542973	18541678	7
19	18543246	18541678	4
19	18543484	18541678	2
19	18543525	18541678	1
19	18543574	18541678	1
19	18543578	18541678	1
19	18543661	18541678	0
19	18544059	18541901	0
19	18544078	18541678	0
19	1854761	1852398	18
19	1854761	1852399	18
19	18557915	18559172	58
19	18559286	18559580	72
19	18561561	18557774	51
19	18568680	18568829	170
19	18568690	18568829	167
19	18569376	18568505	139
19	18571888	18572350	119
19	18571910	18572350	122
19	18573404	18573661	25
19	18574973	18575056	84
19	18574973	18575102	87
19	18575152	18577002	103
19	18583613	18572219	1
19	18589078	18589412	90
19	18589078	18589478	113
19	18590934	18592088	61
19	18590934	18592107	46
19	18594108	18593236	2
19	18594135	18593236	2
19	18594435	18594064	0
19	18594436	18583569	2
19	18596791	18594246	1
19	18596791	18594361	1
19	18599847	18598771	1
19	18606851	18599564	0
19	18607742	18599699	1
19	18618223	18618374	3
19	18618273	18618374	0
19	1862859	1854317	2
19	1863498	1854280	10
19	1863569	1852398	5
19	18667803	18669241	35
19	1875210	1875605	30
19	1877648	1876978	140
19	1877688	1876809	142
19	1877688	1876975	119
19	1877688	1876976	119
19	1877688	1877203	142
19	18783194	18782772	0
19	18783194	18782773	0
19	18786147	18785672	0
19	18786292	18785964	0
19	18786292	18786117	0
19	1880116	1876976	71
19	18855039	18855123	133
19	18865451	18865560	14
19	18870620	18868544	5
19	18870620	18868551	5
19	18879040	18869982	4
19	18879040	18877916	14
19	18879389	18877908	3
19	18879389	18877910	3
19	18879389	18878929	2
19	18884234	18880273	14
19	18884268	18880273	10
19	18899938	18899513	20
19	18899948	18899513	20
19	18899948	18899516	21
19	18899948	18899562	21
19	18899948	18899566	18
19	18899948	18899572	18
19	18900007	18899528	14
19	18900450	18899872	5
19	18900450	18899890	5
19	18907113	18905575	55
19	18907113	18905866	58
19	18911072	18903267	54
19	18911072	18904770	39
19	18911072	18905575	37
19	18911072	18906598	83
19	18911072	18906959	55
19	18911072	18907012	112
19	18913047	18905575	24
19	18913047	18907012	112
19	18913047	18910554	24
19	18913047	18910566	24
19	18913047	18910970	29
19	18913047	18911026	20
19	18921749	18921842	42
19	18921965	18922325	15
19	18924700	18924852	143
19	18924700	18924881	132
19	18924980	18925129	91
19	18931412	18912983	11
19	18931412	18929200	12
19	18931412	18929202	12
19	18931412	18929205	12
19	18931412	18929438	13
19	18931412	18929442	13
19	18931626	18931239	4
19	18931626	18931324	4
19	18932025	18931508	4
19	18932133	18931508	3
19	18932133	18931585	5
19	18933046	18931508	13
19	18933046	18931975	5
19	18933048	18931975	4
19	18934398	18932923	0
19	18934411	18932923	0
19	18934411	18933004	0
19	18938485	18932923	3
19	18938485	18934302	2
19	18938885	18938352	15
19	18938885	18938398	15
19	18938983	18938727	19
19	18939028	18938388	13
19	18939050	18931975	3
19	18939050	18938727	20
19	18939636	18938727	43
19	18991554	18990892	344
19	18991619	18990892	356
19	18993443	18990892	312
19	18993714	18991267	321
19	18993741	18990887	288
19	18993741	18990889	288
19	18994487	18990887	197
19	18994487	18990892	194
19	18994487	18991339	288
19	18994487	18993461	231
19	18994487	18993637	225
19	18995281	18992366	222
19	18995281	18992924	198
19	18995281	18993647	207
19	18995281	18994365	183
19	18998986	18995143	49
19	19001675	18992366	49
19	19001675	18994365	63
19	19001675	18994597	50
19	19001675	18995143	36
19	19026227	19019108	2
19	19026227	19024618	247
19	19031031	19025854	1
19	19031083	19024618	0
19	19031083	19026013	1
19	19031108	19024618	1
19	19033531	19025556	0
19	19120862	19119168	0
19	19120862	19119614	0
19	19120862	19119639	0
19	19120862	19119648	0
19	19120862	19119659	0
19	19120976	19119737	0
19	19121167	19120764	26
19	19121422	19120991	13
19	19121422	19121083	14
19	19121669	19120991	15
19	19121669	19121307	30
19	19121669	19121317	31
19	19121820	19120991	13
19	19121820	19121307	15
19	19121820	19121341	15
19	19121820	19121524	22
19	19121820	19121656	14
19	19130308	19121758	9
19	19130512	19121758	11
19	19132402	19130155	6
19	19132434	19130155	7
19	19132509	19130155	6
19	19132509	19130191	4
19	19132509	19130264	5
19	19132755	19121758	8
19	19132755	19130155	4
19	19132755	19132351	18
19	19133211	19132351	26
19	19133211	19132656	27
19	19133307	19132656	30
19	19133358	19132657	36
19	19134888	19132656	39
19	19134888	19132879	32
19	19134888	19133129	31
19	19134917	19133129	32
19	19138448	19133129	23
19	19138463	19133129	18
19	19138502	19133129	20
19	191430	186372	2
19	19146385	19145568	21
19	19146385	19145571	21
19	19146406	19145568	26
19	19146649	19145566	15
19	19146649	19145567	15
19	19146649	19145568	15
19	19146649	19145569	15
19	19146649	19145583	15
19	19146649	19145592	15
19	19146649	19146272	14
19	19146876	19146554	14
19	19147184	19146554	10
19	19147184	19146741	8
19	19147184	19146867	10
19	19149430	19147697	0
19	19150765	19147697	0
19	19150765	19149216	0
19	19150765	19149225	0
19	19150765	19149292	0
19	19157143	19150681	3
19	19157284	19150685	3
19	19170246	19150681	4
19	19170249	19150681	4
19	19170264	19150681	5
19	19180762	19150681	2
19	19180762	19157215	4
19	19180762	19176902	21
19	19180762	19176905	22
19	19180762	19176931	23
19	19180762	19177007	32
19	19182348	19180685	7
19	19182684	19150681	5
19	19182684	19178846	7
19	19182684	19180685	3
19	19186099	19181881	0
19	19186099	19182459	2
19	19186099	19182572	2
19	19192132	19182572	17
19	19192139	19182572	17
19	19192140	19182572	17
19	19192592	19182622	8
19	19197047	19197185	10
19	19197252	19197520	64
19	19202042	19201415	50
19	19202399	19201415	18
19	19202399	19201638	18
19	19202399	19201872	13
19	19202399	19201930	12
19	19202576	19202057	15
19	19202576	19202330	27
19	19202845	19202077	14
19	19202882	19201425	16
19	19202882	19202330	16
19	19202882	19202469	23
19	19203412	19202469	28
19	19258856	19254747	0
19	19258856	19255640	0
19	19261176	19258522	0
19	19261176	19258845	0
19	19266610	19262729	0
19	19266610	19264363	0
19	19266610	19264364	0
19	19266610	19264365	0
19	19266717	19264363	0
19	19268755	19267985	0
19	19269770	19267985	0
19	19269770	19268629	0
19	19269770	19268684	0
19	19270390	19267985	0
19	19270443	19267985	0
19	19271126	19267985	0
19	19277077	19276017	4
19	19277077	19276510	4
19	19277077	19276512	4
19	19277077	19276513	4
19	19277077	19276514	4
19	19297345	19280184	2
19	19302389	19296988	7
19	19302389	19297181	10
19	19302389	19301658	6
19	19302444	19296988	6
19	19302456	19296988	6
19	19303407	19302264	22
19	19303449	19296988	7
19	19303449	19297170	10
19	19303449	19302264	18
19	19303449	19302329	23
19	19303687	19302264	21
19	19303829	19303347	77
19	19303848	19303347	75
19	19303848	19303350	73
19	19304044	19303347	128
19	19306077	19302264	108
19	19306077	19303347	56
19	19306077	19303723	81
19	19306077	19303724	82
19	19310201	19305645	3
19	19310201	19305848	3
19	19310201	19306042	2
19	19316594	19305848	2
19	19320510	19305848	0
19	19344927	19345303	172
19	19348939	19349154	29
19	19402604	19401978	0
19	19514936	19512455	8
19	19515549	19512417	8
19	19527353	19527700	32
19	19527373	19527700	32
19	19527771	19528006	23
19	1953507	1952530	2
19	1953507	1952588	2
19	19563616	19561706	2
19	19563616	19561712	2
19	19563825	19561706	0
19	19565090	19563508	0
19	19569585	19564774	3
19	19569585	19564932	3
19	195697	191211	3
19	19570300	19569448	0
19	19570834	19569448	0
19	19570834	19570098	4
19	19570834	19570108	3
19	19579955	19570225	0
19	19599366	19570108	1
19	19599366	19570585	0
19	19599366	19570686	1
19	19618682	19599291	0
19	19618694	19599291	0
19	19618917	19599291	0
19	19627285	19623668	2
19	19627347	19623667	3
19	19627505	19626542	22
19	19627505	19627223	13
19	19627801	19627208	21
19	19627970	19627396	14
19	19628168	19627753	4
19	19628202	19627847	4
19	19628209	19626542	12
19	19628214	19627753	4
19	19628216	19627043	22
19	19628222	19627504	6
19	19628240	19626542	9
19	19628762	19627060	1
19	19630538	19629475	13
19	19630538	19629842	12
19	19634191	19630470	0
19	19634704	19633802	1
19	19634930	19634110	1
19	19635214	19634791	6
19	19635541	19635024	7
19	19635570	19635024	6
19	19635570	19635094	6
19	19635722	19635091	9
19	19638188	19637919	1
19	19638330	19637919	2
19	19638483	19638158	0
19	19638483	19638167	0
19	19638483	19638205	0
19	19640361	19640084	1
19	19640572	19640084	1
19	19640572	19640295	1
19	19640572	19640327	1
19	19645791	19645199	87
19	19645791	19645202	86
19	19645986	19645202	86
19	19645986	19645646	149
19	19646348	19645646	41
19	19647712	19645197	39
19	19651798	19649566	129
19	19651798	19649740	103
19	19652721	19649740	97
19	19652721	19651139	24
19	19652721	19651688	15
19	19653397	19649740	44
19	19653895	19652594	33
19	19653937	19652594	33
19	19654075	19653776	70
19	19654075	19653783	70
19	19654145	19653717	71
19	19654145	19653783	70
19	19654563	19653968	2
19	19654701	19653783	2
19	19654701	19653968	6
19	19655240	19654542	2
19	19655452	19654542	2
19	19655585	19655315	42
19	19655655	19655118	33
19	19655655	19655315	37
19	19655686	19655315	35
19	19655934	19655315	25
19	19655934	19655527	21
19	19655934	19655543	21
19	19656917	19656053	3
19	19656917	19656659	295
19	19657150	19656659	140
19	19657150	19656846	165
19	19657409	19656885	22
19	19657409	19656993	15
19	19657409	19657101	21
19	19659988	19659600	17
19	19660620	19659940	29
19	19662117	19659897	32
19	19663233	19659897	33
19	19663694	19659897	21
19	19680386	19682431	26
19	19680555	19680855	19
19	19681470	19683082	20
19	19714152	19710470	0
19	19761422	19757782	0
19	19761422	19758142	0
19	19761422	19758395	0
19	19762647	19757365	0
19	19762647	19761037	0
19	19762647	19761157	0
19	19762647	19761203	0
19	19762647	19761256	0
19	19762647	19761325	0
19	19776377	19762537	0
19	19776381	19762537	0
19	19776386	19762537	0
19	19776394	19762537	0
19	19776395	19771571	0
19	19776414	19762537	0
19	1978346	1978441	2
19	1978512	1978601	9
19	19790532	19788754	13
19	1979094	1979162	116
19	19791732	19786561	15
19	19792485	19785838	10
19	19792485	19785841	10
19	19792485	19790971	9
19	19795661	19791561	44
19	1979836	1979910	12
19	19806127	19786386	7
19	19806127	19791561	8
19	19806127	19792410	9
19	19806127	19792460	7
19	19806127	19793833	7
19	19806127	19794551	14
19	19806127	19798237	9
19	19806127	19798788	6
19	19807069	19794551	6
19	19807069	19806030	9
19	19821693	19806941	5
19	19821710	19806941	6
19	19821711	19806941	6
19	19821717	19762537	3
19	19821723	19806941	7
19	19821724	19795212	8
19	19821733	19806941	7
19	19821741	19806941	7
19	19821750	19806941	7
19	19821751	19820254	1
19	19821752	19806941	7
19	1986977	1985437	26
19	1987254	1986829	27
19	1987254	1986963	24
19	1987693	1987165	24
19	1987693	1987207	24
19	1988570	1986829	32
19	19891918	19892589	37
19	19895848	19892432	7
19	1989868	1990009	35
19	1990147	1987499	32
19	1990202	1987499	28
19	1990823	1990003	8
19	19909147	19908267	1
19	1991275	1989689	35
19	1991301	1990003	26
19	1993177	1990716	10
19	1993177	1991876	13
19	19934025	19934102	8
19	1997425	1993019	5
19	1997464	1993018	5
19	1997464	1993019	5
19	1997464	1993100	7
19	1997464	1993154	8
19	19978962	19978189	0
19	20007263	20004419	7
19	20015267	20007155	6
19	20015838	20007101	7
19	20023100	19997057	3
19	20023100	20004417	3
19	20023100	20004419	3
19	20023100	20005666	5
19	20023100	20006003	3
19	20023100	20006993	3
19	20030883	20024249	0
19	20031114	20030707	2
19	20031114	20030716	2
19	20039206	20030992	0
19	20039256	20024249	0
19	20039277	20024249	0
19	20039442	20024249	0
19	20039444	20005666	4
19	20039451	20030992	1
19	20039463	20024249	0
19	20039466	20024249	0
19	20039507	20024249	0
19	200508	198263	1
19	200737	199834	4
19	20080540	20079817	0
19	201003	199375	4
19	20132588	20125376	0
19	20132588	20125418	0
19	20132588	20125544	0
19	20132588	20131893	0
19	2013881	1997343	6
19	20150549	20132460	0
19	20151909	20132460	0
19	2015543	2013546	9
19	2015725	1997343	2
19	201663	201403	74
19	2017095	1997343	7
19	2017301	1997343	3
19	2017301	1997351	3
19	20177064	20175012	1
19	201814	200111	3
19	201814	201196	1
19	201814	201346	19
19	201814	201359	17
19	201814	201361	16
19	201814	201454	1
19	201814	201522	1
19	201814	201636	0
19	202159	201408	0
19	20220420	20216145	1
19	20238432	20228009	2
19	20238453	20132460	0
19	20238461	20176099	7
19	20240638	20132460	0
19	20301388	20240499	0
19	20321306	20301308	0
19	2034873	2017182	0
19	2034873	2028707	0
19	2034882	2028707	0
19	20376010	20340268	0
19	2039857	2037464	21
19	203988	201755	1
19	2040178	2037464	26
19	2040178	2037481	26
19	2040178	2039411	25
19	2040178	2039630	22
19	204025	201353	3
19	20406133	20398657	4
19	204066	201755	0
19	204080	201755	0
19	20409025	20395954	2
19	20409025	20397333	0
19	20409046	20340367	0
19	20409046	20404966	1
19	20409046	20406008	1
19	2041205	2038247	18
19	2041205	2039954	6
19	2041205	2040131	9
19	2041205	2040133	9
19	20417784	20415304	0
19	2041843	2041039	3
19	2042035	2037472	13
19	2042035	2041039	3
19	2042079	2040308	2
19	2042083	2041039	4
19	2042141	2041039	3
19	20424922	20408949	0
19	20424957	20408949	0
19	20424960	20408949	0
19	20424970	20375959	0
19	20424970	20408949	0
19	2046469	2043502	5
19	2046469	2046185	3
19	2046692	2046366	6
19	2046692	2046460	6
19	205077	203936	1
19	205077	203940	1
19	205077	203950	1
19	205077	203961	1
19	205077	203970	1
19	205077	203973	1
19	205077	204011	1
19	2050854	2046603	5
19	2050888	2046603	4
19	2050948	2046521	3
19	2050948	2046603	2
19	205228	201251	1
19	205228	203874	1
19	205228	203975	1
19	205228	204015	2
19	205228	204817	0
19	205228	204833	0
19	205228	204843	0
19	205228	204920	0
19	205328	203874	1
19	205412	204843	0
19	20544710	20535824	1
19	205460	201216	2
19	20552571	20543430	0
19	20552571	20545309	1
19	20552571	20545895	0
19	20552571	20551084	0
19	20553836	20552474	0
19	20564139	20553708	0
19	20565736	20553708	0
19	20565747	20552474	0
19	20565810	20553708	0
19	20580322	20553791	0
19	20625651	20621366	3
19	20645780	20580206	0
19	20645780	20620060	1
19	20645780	20624531	4
19	20645780	20644701	2
19	20661538	20625243	1
19	2077014	2071037	5
19	2077014	2073136	0
19	2078680	2076810	4
19	2078720	2076810	3
19	208388	203874	5
19	208392	201755	0
19	208392	203870	7
19	208392	203874	5
19	208392	203904	8
19	208392	205169	1
19	20839531	20838514	0
19	2085326	2078373	6
19	2085329	2078139	6
19	2085329	2078371	6
19	2085329	2078396	7
19	2085329	2078445	7
19	2085329	2078510	7
19	2085343	2073034	5
19	2085393	2078330	6
19	209015	208326	1
19	209317	208326	0
19	209370	208326	1
19	209371	208957	0
19	209380	208326	1
19	209397	208326	1
19	209605	208326	2
19	209645	208326	7
19	209655	208247	7
19	2097333	2097423	0
19	2097956	2098051	0
19	2097956	2098286	2
19	2098128	2098286	3
19	2098451	2098786	6
19	2098451	2098975	7
19	2098451	2099254	5
19	209867	208957	9
19	2098805	2098975	0
19	2098805	2099254	3
19	2099030	2099254	4
19	21057905	21058070	66
19	2108767	2100987	11
19	2108767	2100988	11
19	2108767	2100993	11
19	2108767	2100994	11
19	2108767	2100995	11
19	2108767	2101112	16
19	2108767	2101620	12
19	2108877	2102236	17
19	2111829	2111284	39
19	2112407	2110135	28
19	2112824	2110135	25
19	2112932	2111678	26
19	2112968	2111678	23
19	2113414	2111678	25
19	2113414	2111790	23
19	2114303	2111678	16
19	2115419	2114747	9
19	2115614	2115218	7
19	2115614	2115346	7
19	2116797	2116206	3
19	2117368	2116206	7
19	2117368	2116604	7
19	21184598	21189864	35
19	2118627	2116766	4
19	21186288	21189864	19
19	211867	209768	13
19	2118833	2117221	3
19	211886	208187	7
19	211886	209218	13
19	2120868	2118600	11
19	2121093	2118600	3
19	2121093	2118820	6
19	2121312	2120861	1
19	2121312	2121048	0
19	212220	211761	6
19	21244608	21225097	0
19	2130538	2129317	13
19	21306942	21294542	3
19	21309342	21291159	0
19	21309342	21292603	1
19	21309342	21294395	5
19	2132579	2130407	57
19	2132579	2130521	48
19	21328142	21309245	1
19	21329337	21309245	1
19	21329383	21309245	1
19	21329411	21310500	0
19	21381922	21381219	1
19	21453778	21449128	15
19	21453778	21453025	18
19	21454473	21444240	7
19	21454473	21453195	7
19	21454473	21453549	7
19	21456589	21454382	2
19	21456589	21455330	3
19	21463873	21456460	4
19	21463874	21456460	3
19	21463881	21456460	1
19	21463885	21452039	0
19	21463898	21456460	1
19	21463909	21456460	1
19	21505775	21505984	2
19	21536797	21536880	2
19	21537026	21537026	12
19	21537048	21537052	10
19	21537092	21537092	14
19	21537120	21537121	7
19	21569238	21554639	0
19	21587323	21570821	0
19	21594007	21587431	0
19	21594629	21593684	0
19	21726635	21726528	48
19	21726721	21726607	45
19	21727990	21726636	56
19	21744113	21726192	1
19	21744113	21726724	0
19	21744113	21727930	1
19	21744116	21722765	1
19	21744116	21743077	0
19	21750784	21744940	3
19	21765777	21753192	0
19	21765784	21744940	2
19	21765787	21744940	2
19	21793632	21768771	0
19	21793861	21788879	0
19	21817987	21804948	0
19	21817987	21804949	0
19	21817987	21807280	4
19	21817987	21807325	3
19	21817987	21807352	3
19	21817987	21809478	3
19	21817987	21809680	2
19	21817987	21812012	1
19	21819222	21817887	2
19	21819222	21817917	2
19	21836188	21817887	2
19	21836209	21819094	2
19	21838035	21819094	1
19	21840087	21819094	6
19	21843327	21819094	1
19	21845507	21843144	2
19	21845507	21843187	2
19	21845507	21843319	2
19	21852069	21819094	3
19	21852126	21817887	1
19	21972086	21970682	8
19	21973347	21971201	6
19	21974808	21932957	0
19	21974808	21972169	2
19	21987312	21939772	0
19	21987312	21971190	0
19	21987312	21973646	0
19	21987312	21974728	0
19	21987312	21986727	0
19	21988909	21986727	0
19	21988910	21987215	0
19	21991738	21988824	0
19	22009582	21988782	0
19	22010944	21988782	0
19	22010944	21991438	0
19	22010950	21988782	0
19	22022285	22017958	0
19	22045986	22043499	0
19	221200	211251	0
19	221206	211251	0
19	221206	211761	0
19	221206	218834	0
19	2212462	2213538	0
19	22129448	22128626	0
19	2213641	2213848	0
19	2213987	2214470	3
19	2214229	2214470	3
19	221505	214323	0
19	2215566	2212028	7
19	22193112	22179090	0
19	22193112	22179949	0
19	2220223	2221975	25
19	22215776	22196599	0
19	22299869	22298976	0
19	2233833	2233320	105
19	2234062	2230083	181
19	2234062	2233152	40
19	2234062	2233154	40
19	2234062	2233155	40
19	2234062	2233407	72
19	2234062	2233852	14
19	2234241	2233148	15
19	2234241	2233963	9
19	2234241	2233997	9
19	2234332	2233354	14
19	2235829	2233997	15
19	2235829	2234149	16
19	2235991	2233153	9
19	2235991	2233997	14
19	2235991	2235462	15
19	2235991	2235761	15
19	2236142	2235761	1
19	2236240	2235761	1
19	2236264	2234149	11
19	2236273	2235922	1
19	2236295	2235922	0
19	2236299	2235761	1
19	2236321	2235922	1
19	2236327	2235922	1
19	2236331	2235922	1
19	2236666	2235922	2
19	2236953	2235922	4
19	224008	221140	0
19	22402885	22391018	1
19	22402885	22392720	3
19	22402885	22402381	5
19	22403513	22402788	0
19	224049	221140	0
19	22422347	22403385	0
19	22422355	22403385	0
19	22422358	22403385	0
19	2244616	2244732	29
19	22448778	22447933	0
19	22458213	22457328	0
19	2246803	2246881	59
19	2249745	2250336	225
19	2249745	2250651	216
19	2250480	2250651	204
19	22514631	22403433	0
19	22522194	22520994	0
19	2253004	2252251	0
19	22532486	22435661	0
19	22532486	22514363	0
19	22532743	22532806	0
19	2253794	2252911	0
19	2254302	2253619	0
19	2254302	2253668	0
19	22595900	22595478	0
19	22601476	22601963	0
19	22623972	22615556	0
19	22671459	22665551	1
19	2269409	2268486	0
19	2269760	2255205	0
19	2270677	2271384	22
19	2271443	2271443	111
19	22714563	22671353	0
19	22714563	22698119	0
19	2271531	2271781	151
19	2271955	2272734	99
19	2272821	2272971	19
19	22756779	22756204	0
19	22757335	22756436	0
19	22759081	22756938	0
19	22759683	22757441	0
19	22768401	22752182	0
19	22768401	22759416	0
19	22784108	22769197	0
19	2279114	2274621	0
19	22910958	22907085	0
19	229802	221140	0
19	22985832	22976633	0
19	229863	223912	0
19	22987404	22975467	0
19	23003177	22988324	0
19	230152	223966	0
19	23016332	23015074	0
19	23055791	23054822	0
19	23060319	23046957	0
19	23069474	23068472	0
19	23070578	23069248	0
19	23070578	23069334	0
19	231316	224014	0
19	23231362	23221598	0
19	23231362	23222754	0
19	23231362	23223929	0
19	23232294	23230859	0
19	23232294	23231265	0
19	2324193	2321520	18
19	2324197	2321516	18
19	2324197	2321519	18
19	2324197	2321520	18
19	23242711	23232166	0
19	2324533	2321520	29
19	23250361	23232166	0
19	23250391	23232166	0
19	23260935	23232166	2
19	23260935	23259905	9
19	23260935	23260000	8
19	23260935	23260021	9
19	23261745	23260658	1
19	23261745	23260730	1
19	23261745	23260863	1
19	23262635	23259960	2
19	23270293	23257254	1
19	23270293	23261619	1
19	23270293	23269162	1
19	23272720	23269762	0
19	23272724	23261619	1
19	23274197	23270217	0
19	23274222	23270217	0
19	23274233	23270217	0
19	23274245	23270217	0
19	23274248	23261354	0
19	23274248	23269885	0
19	23274249	23261619	1
19	23274252	23261619	1
19	2328478	2321520	72
19	2328478	2324124	30
19	2328478	2325979	82
19	2328587	2324124	29
19	2328588	2327961	48
19	2328612	2328386	12
19	2328621	2328386	12
19	23307403	23304998	0
19	23309098	23304990	0
19	23309098	23307315	0
19	23310564	23308923	0
19	23310574	23308923	0
19	23310623	23308743	0
19	23339261	23338852	29
19	23342266	23339230	24
19	233543	231256	1
19	23358846	23306808	8
19	23358849	23342169	8
19	23358981	23338875	15
19	23373838	23308902	0
19	23373838	23338748	14
19	23373838	23357695	3
19	23374765	23359402	1
19	23395419	23362124	0
19	23395447	23374637	0
19	23395458	23374637	0
19	23395472	23374637	0
19	23395561	23374637	0
19	23402513	23399469	1
19	23403494	23399232	1
19	23403494	23400986	0
19	23403494	23402176	0
19	23403494	23402361	0
19	23403510	23400983	0
19	23403510	23402416	0
19	23403748	23403205	1
19	23403748	23403211	1
19	23405109	23403719	1
19	23405109	23404751	1
19	23405336	23403279	1
19	23405336	23403719	1
19	23416066	23403205	1
19	23416075	23403205	1
19	23416076	23403719	0
19	234642	233371	1
19	234642	233476	1
19	23480469	23479761	0
19	23505371	23492427	0
19	23528015	23525630	0
19	23656823	23654545	15
19	23662210	23527917	0
19	23662210	23534179	0
19	23662210	23574056	0
19	23662210	23652800	16
19	23662210	23654411	9
19	23662210	23656721	5
19	23662210	23658384	9
19	23663159	23661934	0
19	23663159	23662113	2
19	23754898	23744963	0
19	23754919	23739194	0
19	23754919	23744885	0
19	237968	234425	0
19	238068	234423	0
19	238068	234425	0
19	23823907	23817598	3
19	23827183	23823739	4
19	23874702	23827055	0
19	23919500	23919986	1
19	23933953	23934113	1
19	23934197	23934269	1
19	23952437	23919080	4
19	23952437	23949578	0
19	24106067	24106547	0
19	24106644	24107215	3
19	2424107	2424188	57
19	2427325	2425623	46
19	2427325	2426564	30
19	2427895	2427255	34
19	2431659	2427637	359
19	2431659	2428165	73
19	2431830	2429470	335
19	2432524	2431782	9
19	2433900	2432415	0
19	2434106	2432415	0
19	2434106	2432507	4
19	2434516	2433825	16
19	2434914	2434294	5
19	2434960	2434294	5
19	2435172	2434787	9
19	2437122	2435002	9
19	2437159	2435000	10
19	2438289	2435000	11
19	2462186	2458934	7
19	2476403	2476528	29
19	2476432	2476528	27
19	2476629	2477028	45
19	2476631	2477028	44
19	2477252	2477487	63
19	2517083	2514992	0
19	2520726	2511218	0
19	2555189	2520607	0
19	2646281	2555148	0
19	2702710	2646223	0
19	2719183	2717398	2
19	2721419	2714566	0
19	2733486	2732203	16
19	2737301	2733287	12
19	2737380	2717768	2
19	2737380	2732523	4
19	2737380	2732754	5
19	2737380	2733372	6
19	2739476	2737047	1
19	2740018	2737047	1
19	2740018	2737277	0
19	2740029	2734523	0
19	2740049	2737047	1
19	2740153	2737047	1
19	2757458	2754713	12
19	2757458	2755548	15
19	2763758	2762505	2
19	27640639	27638482	0
19	27646484	27638508	0
19	2765286	2763652	2
19	2765286	2763662	2
19	2767687	2767135	6
19	2769092	2767579	6
19	2769092	2767581	6
19	27701646	27684579	0
19	27732968	27715785	0
19	27732968	27723028	0
19	27732968	27730272	1
19	27771833	27732795	0
19	27793032	27778639	0
19	27793233	27790490	1
19	27793372	27775756	0
19	27793379	27701490	0
19	27793379	27773962	1
19	27793379	27791702	1
19	27793395	27746097	0
19	27794123	27794697	6
19	27794143	27794681	6
19	2782659	2768968	2
19	2783283	2777492	1
19	2783372	2768968	4
19	27889223	27849729	0
19	27892934	27892494	0
19	2807774	2808242	75
19	2807781	2808242	86
19	2807809	2808242	76
19	2810099	2810303	26
19	282311	281039	13
19	282311	281042	12
19	282311	281045	12
19	282311	281462	15
19	282810	281990	0
19	282810	282133	0
19	28312893	28294092	0
19	28317365	28316704	0
19	28337745	28332796	0
19	28375377	28320199	0
19	28375377	28337491	0
19	28375377	28371774	0
19	28396429	28394850	0
19	28429491	28418482	0
19	28437135	28435387	0
19	28437719	28436915	0
19	28437719	28437059	0
19	28453936	28437640	0
19	28461498	28437484	0
19	28461498	28457010	0
19	28461498	28460338	0
19	28466781	28437581	0
19	28466781	28453843	0
19	28535278	28466401	0
19	2858717	2847226	1
19	28632729	28491863	0
19	28648304	28602378	0
19	28687388	28683070	0
19	28704386	28700949	0
19	28707035	28704255	0
19	28722116	28704248	0
19	28722781	28466401	0
19	28724319	28722569	0
19	28724341	28722569	0
19	28724990	28724203	0
19	28724990	28724275	0
19	2875593	2874949	0
19	287637	282751	23
19	287752	282751	28
19	287752	282774	26
19	28792872	28790811	0
19	288172	287473	28
19	288190	287473	28
19	288538	282133	21
19	288539	287583	47
19	28950201	28949436	0
19	28964502	28960505	0
19	2917107	2915145	1
19	29213542	29205320	5
19	2926808	2917004	0
19	2936705	2933217	3
19	29391609	29287010	0
19	2939408	2936523	2
19	29412967	29398624	0
19	29428811	29412230	0
19	29428811	29412774	0
19	2944934	2939280	0
19	2944972	2939389	0
19	29525735	29428730	0
19	29525753	29428730	0
19	29526949	29489774	1
19	29702978	29701688	48
19	29705395	29702841	31
19	29708424	29698885	31
19	29708424	29700813	13
19	29708424	29702402	31
19	29708424	29702847	27
19	29708641	29702818	24
19	29715057	29698885	16
19	29715222	29701162	13
19	29715458	29702340	18
19	29821818	29821995	12
19	2987239	2987355	0
19	2987373	2987723	0
19	2987439	2987723	0
19	2987791	2987897	2
19	2987975	2988090	2
19	3000724	2997637	0
19	3000724	2997638	0
19	3000724	2997681	0
19	3000724	2997847	0
19	3002504	2997638	0
19	3002504	2997645	0
19	3005585	3002352	0
19	3005969	3005436	0
19	3005969	3005437	0
19	3006670	3005720	0
19	3006670	3005838	1
19	3009578	3008868	0
19	3009703	3008868	1
19	3011161	3009541	1
19	3011161	3009571	2
19	3011161	3009660	1
19	3013819	3011021	0
19	3014615	3013668	0
19	3014615	3013746	0
19	3014615	3013790	0
19	3015761	3014569	0
19	3015761	3014570	0
19	3015761	3014596	0
19	3015761	3014601	0
19	3017860	3015652	0
19	3017860	3015714	0
19	3019373	3015652	0
19	3019464	2997646	0
19	3019464	3017839	0
19	3019467	3017839	0
19	3019481	3015652	0
19	3019774	3009541	0
19	3019774	3015652	0
19	3019774	3017839	0
19	3019774	3019282	0
19	3019774	3019300	0
19	3019774	3019411	0
19	3020228	3019698	0
19	3020590	3019698	0
19	30228716	30219665	0
19	3025028	3019698	0
19	3025083	3015652	0
19	3025083	3019282	0
19	3025083	3019430	0
19	3025083	3019499	0
19	3025083	3019552	0
19	3025083	3019698	0
19	3025376	3019701	0
19	3027874	3015652	0
19	3053336	3053586	376
19	3054195	3052909	255
19	3054195	3053161	38
19	3054195	3053211	130
19	3054195	3053548	42
19	3054195	3053590	57
19	3054195	3054022	43
19	3055727	3052982	40
19	3055727	3054119	39
19	3055727	3054167	39
19	3056197	3054119	14
19	3056357	3053407	58
19	3056357	3055663	13
19	3056680	3055663	20
19	3056769	3052909	26
19	305704	306056	138
19	3057743	3056311	17
19	3057749	3056311	14
19	3061258	3055663	20
19	3061258	3057439	21
19	3061258	3057678	21
19	3061405	3057678	17
19	3062191	3061159	8
19	3062235	3060951	11
19	3062278	3061159	10
19	3062411	3061159	6
19	3062558	3061159	11
19	3062884	3061159	3
19	3063108	3061159	1
19	30668648	30665273	0
19	307537	301443	2
19	307537	305572	14
19	3118820	3118923	9
19	3119054	3119205	19
19	3119305	3118664	14
19	3121174	3121344	94
19	3121453	3121115	74
19	3122129	3121395	59
19	31305764	31279193	0
19	31349256	31308344	0
19	31349548	31274944	0
19	3143194	3141575	0
19	3155176	3148615	0
19	31588317	31588817	0
19	31588317	31591219	0
19	31588949	31591219	0
19	31591311	31592408	0
19	31592343	31592654	0
19	31595721	31588039	0
19	31859944	31859102	0
19	31886979	31859871	0
19	31887927	31886625	0
19	31887927	31886703	0
19	31922911	31910576	0
19	31930422	31922883	0
19	31937302	31922728	0
19	31937302	31930287	0
19	31941663	31937215	0
19	31942448	31937150	0
19	31965925	31944374	0
19	31966883	31965833	0
19	31967634	31965638	0
19	31967634	31966703	0
19	32010557	31967098	0
19	32010557	31967555	0
19	32010557	32002490	0
19	32071928	31966703	0
19	32072081	32010423	0
19	3207748	3209234	516
19	3207748	3209477	339
19	32102502	32102087	0
19	32105917	32103076	0
19	32399869	32390049	2
19	32467627	32468730	40
19	32585908	32586857	58
19	32586930	32587252	46
19	32599777	32597006	2
19	32599777	32598327	1
19	32615781	32607634	13
19	32626828	32625873	5
19	32628166	32626711	7
19	32628166	32626806	7
19	32639489	32631401	1
19	32640386	32637299	3
19	32640386	32639355	2
19	32643200	32640306	3
19	32643200	32642023	4
19	32643301	32643122	0
19	32643353	32643122	0
19	32643353	32643126	0
19	32643485	32643062	2
19	32643485	32643286	4
19	32643632	32643286	5
19	32644480	32643571	9
19	32646616	32644324	1
19	32646616	32644396	1
19	32649793	32644324	0
19	32649793	32646458	0
19	32649793	32646603	0
19	32659046	32649681	0
19	326599	325634	11
19	32675148	32658913	0
19	32675170	32658913	0
19	32675188	32649681	0
19	32675193	32658913	0
19	32675200	32658913	0
19	32676598	32658913	0
19	32691751	32687088	0
19	32719596	32718297	0
19	327257	326506	49
19	327257	326593	48
19	327990	326619	15
19	327990	327063	1
19	327990	327132	1
19	32826162	32826243	0
19	32833324	32830508	0
19	32833324	32830514	0
19	32833324	32830587	0
19	32833324	32830619	0
19	32842318	32833148	0
19	32858544	32842167	0
19	32858544	32843854	0
19	32859965	32858439	0
19	32859965	32858475	0
19	32860651	32858439	0
19	32864339	32859840	0
19	32864339	32860605	0
19	32864339	32862460	0
19	32864519	32862460	0
19	32878422	32875924	7
19	32882014	32875924	0
19	32882014	32879002	1
19	32882014	32879008	1
19	32931572	32926933	1
19	32933670	32931206	0
19	32933670	32931428	0
19	3293487	3295043	0
19	32937674	32933450	0
19	32937674	32937012	0
19	32939886	32937529	0
19	32939886	32937630	0
19	32966420	32959899	0
19	32966467	32959899	0
19	32971917	32971172	13
19	32971956	32966359	0
19	32971964	32966359	0
19	32971976	32966010	0
19	32971992	32968908	16
19	32977317	32977496	3
19	32990670	32978592	0
19	32990670	32979638	2
19	32990670	32979790	2
19	32990773	32979953	3
19	32991418	32990513	0
19	32991970	32990513	0
19	32992146	32990452	0
19	32994054	32991822	0
19	32996221	32993976	0
19	32996462	32994021	0
19	3302922	3296764	0
19	3302971	3296764	0
19	3303004	3296764	0
19	330381	327863	11
19	33064889	33044248	0
19	33204853	33205245	15
19	33209486	33208663	0
19	33209486	33208775	0
19	33209486	33208819	0
19	33211538	33211224	0
19	33211690	33210466	0
19	33212446	33211413	0
19	33212446	33211426	0
19	33212640	33211538	0
19	33212640	33212291	0
19	33225799	33212850	0
19	33225799	33215768	0
19	33225851	33215768	0
19	33285740	33283977	0
19	33300475	33301050	3
19	33301635	33301814	3
19	33387724	33386954	1
19	33388082	33386949	2
19	33388082	33386954	2
19	33388082	33386979	3
19	33388082	33387023	3
19	33389121	33386949	3
19	33391480	33387889	2
19	33395149	33391294	6
19	33396156	33391422	3
19	33401870	33391294	3
19	33401870	33396089	3
19	33411750	33401720	0
19	33411750	33401805	0
19	33411750	33401807	0
19	33411750	33401838	0
19	334543	327863	3
19	334543	330263	4
19	33463042	33413574	0
19	33464063	33462945	0
19	33464063	33462950	0
19	33464063	33462994	0
19	33478091	33413574	0
19	336174	334399	11
19	336195	334399	11
19	33798391	33798670	6
19	33811553	33811790	24
19	33813926	33814009	141
19	34299924	34300264	33
19	34299924	34300754	33
19	34358917	34348355	3
19	34365066	34365259	1
19	34365091	34365259	1
19	34393309	34393727	34
19	34393772	34393913	21
19	34399336	34399555	8
19	34399632	34399718	7
19	34399786	34399900	13
19	34404816	34404929	10
19	34428274	34426111	0
19	344808	334114	8
19	344816	334399	18
19	34534085	34533426	0
19	34545013	34542461	0
19	34577457	34576732	1
19	34577461	34576732	1
19	34594360	34593441	0
19	34608756	34593328	0
19	34640690	34638121	0
19	34675700	34594502	0
19	34684170	34684191	5
19	34684304	34684307	19
19	34734256	34734969	4
19	34734311	34734969	4
19	34734361	34734969	4
19	34739269	34739522	1
19	34739269	34739525	1
19	34767412	34758075	2
19	34767412	34762794	2
19	34769556	34766967	2
19	34769556	34767022	2
19	34769556	34767315	2
19	3478479	3473985	0
19	3478479	3474507	0
19	3478489	3474406	0
19	3478930	3478418	0
19	3479089	3478418	0
19	34791916	34788581	0
19	3480523	3478819	0
19	3480543	3478817	0
19	34816460	34791819	0
19	34816901	34816248	0
19	34818767	34816156	0
19	34829254	34818586	0
19	3483447	3482803	0
19	34850795	34849277	0
19	34860291	34850668	0
19	34860577	34850627	0
19	34893457	34892028	0
19	34903084	34902201	0
19	34905058	34904391	0
19	3492500	3490821	15
19	34926813	34923298	0
19	34960358	34956353	4
19	34960704	34957473	6
19	34999498	34998232	1
19	35000171	34999396	0
19	35013369	35013540	28
19	35025336	35014960	12
19	35039259	35039634	9
19	35039707	35039796	20
19	35041873	35042307	6
19	35041873	35042452	6
19	35049392	35049474	0
19	35059386	35059672	34
19	35059803	35059873	51
19	35059997	35060128	36
19	35060170	35060346	47
19	35066033	35066248	39
19	35087101	35059058	14
19	35106305	35099204	14
19	35122840	35122917	14
19	35122955	35123270	13
19	35126776	35124512	1
19	35126776	35124665	1
19	35127018	35124512	0
19	35127018	35124673	0
19	35127018	35126269	1
19	35131556	35126269	0
19	35131556	35126700	0
19	35131556	35126852	0
19	35131861	35124673	0
19	35131861	35131083	0
19	35131861	35131137	0
19	35131861	35131385	0
19	35131861	35131531	0
19	35132043	35131385	0
19	35141207	35141442	0
19	35141207	35141535	0
19	35142452	35134510	1
19	35142772	35142916	1
19	35151329	35151439	2
19	35154810	35155532	11
19	35154810	35155550	11
19	35154870	35155550	13
19	35155033	35155550	12
19	35166172	35166250	93
19	35228730	35224799	0
19	35253640	35251439	0
19	3526184	3526258	18
19	35266739	35266835	9
19	35266739	35266838	9
19	35269493	35269580	32
19	35269700	35269802	10
19	35270004	35270446	21
19	35278793	35278945	20
19	35278793	35278969	19
19	35279075	35279166	80
19	35282668	35284788	0
19	35284849	35284937	0
19	35332075	35332546	2
19	35332075	35332552	2
19	35332075	35332577	2
19	35332075	35332593	2
19	35332075	35332652	2
19	35341139	35341342	0
19	35341139	35341525	0
19	35341139	35341701	0
19	35341607	35341701	0
19	35406698	35407080	0
19	35406698	35408998	0
19	35407200	35407439	0
19	35407562	35408998	0
19	35408094	35408397	0
19	35424653	35424061	0
19	3542978	3538274	290
19	3543383	3538649	326
19	35433834	35432956	0
19	3544733	3544198	557
19	3544733	3544199	549
19	3544940	3538260	62
19	3544940	3542775	425
19	3544940	3544198	512
19	3544940	3544354	579
19	3544940	3544356	567
19	3546169	3544675	86
19	3546169	3544808	86
19	3546169	3544833	86
19	3547332	3546254	102
19	3547365	3546073	112
19	3547365	3546254	110
19	3547548	3547271	63
19	3547548	3547290	59
19	3547548	3547326	46
19	3548031	3547454	216
19	3548268	3547847	98
19	35487760	35487323	0
19	35487760	35487325	0
19	35497682	35497219	0
19	35497682	35497220	0
19	35497682	35497337	0
19	35497682	35497489	0
19	35497934	35497219	0
19	35498764	35497219	0
19	35498764	35497220	0
19	35498764	35497221	0
19	35498764	35497222	0
19	35498764	35497284	0
19	35498764	35497305	0
19	35498764	35497310	0
19	35498764	35497336	0
19	35498764	35497337	0
19	35498764	35497447	0
19	35498764	35497468	0
19	35498764	35497470	0
19	35498764	35497477	0
19	35498764	35497491	0
19	35498764	35497498	0
19	35498764	35497646	0
19	35498898	35497219	0
19	35498898	35497646	0
19	35498898	35498501	0
19	35498898	35498597	0
19	35498898	35498715	0
19	35498898	35498716	0
19	35499139	35498246	0
19	35499149	35497337	0
19	35499283	35497219	0
19	35499283	35497337	0
19	35499283	35497646	0
19	35499283	35498597	0
19	35499283	35498715	0
19	35500030	35498715	0
19	35500030	35498873	0
19	35500420	35499928	0
19	35500420	35499957	0
19	35500430	35498873	0
19	35500581	35498715	0
19	35500581	35498873	0
19	35500581	35499898	0
19	35500581	35499928	0
19	35500581	35499957	0
19	35500581	35499964	0
19	35500581	35499973	0
19	35500581	35500377	0
19	35501879	35500532	0
19	35501893	35500532	0
19	35501912	35500532	0
19	35502184	35499957	0
19	35502184	35500084	0
19	35502184	35500206	0
19	35502184	35500267	0
19	35502184	35500280	0
19	35502184	35500377	0
19	35502184	35500444	0
19	35502184	35500457	0
19	35502184	35500532	0
19	35502184	35500537	0
19	35505766	35499957	0
19	35505766	35500377	0
19	35505766	35500532	0
19	35505766	35502135	0
19	35505766	35502829	0
19	35505766	35503303	0
19	35505766	35503305	0
19	35505766	35503314	0
19	35505766	35503330	0
19	35505766	35503419	0
19	35505766	35503431	0
19	35509962	35505717	0
19	35509962	35505938	1
19	35509962	35506125	0
19	35509962	35506478	0
19	35509962	35508204	1
19	35510212	35509910	0
19	35510232	35505938	0
19	35510250	35505938	0
19	35510253	35505717	0
19	35510253	35505938	0
19	35510253	35509518	0
19	35510253	35509910	0
19	35510385	35509910	0
19	35510390	35505717	0
19	35510399	35509910	0
19	35510411	35505938	0
19	35510419	35510183	0
19	35510424	35510183	0
19	35510426	35510183	0
19	35510428	35505717	0
19	35510428	35505938	0
19	35510428	35510183	0
19	35510429	35510183	0
19	35510432	35510183	0
19	35510436	35510183	0
19	35510437	35510183	0
19	35510440	35510183	0
19	35510441	35505717	0
19	35510443	35510183	0
19	35510447	35510183	0
19	35510453	35510183	0
19	35510458	35509913	0
19	3551046	3548122	39
19	35510460	35510183	0
19	35510470	35509910	0
19	35510471	35510183	0
19	35510476	35510183	0
19	35510509	35510183	0
19	35510510	35510183	0
19	35510511	35505717	0
19	35510511	35505938	0
19	35510511	35510183	0
19	35511594	35510183	0
19	35511814	35510183	0
19	3551195	3547918	53
19	3551195	3548122	43
19	35524756	35523366	0
19	35541929	35541293	57
19	35542075	35540737	48
19	35542075	35540738	48
19	35542410	35542489	65
19	35542609	35542944	65
19	35543027	35543339	63
19	35543098	35541959	66
19	35543140	35541750	65
19	35543274	35541750	62
19	35543492	35543664	52
19	35543828	35544908	58
19	35545007	35545097	59
19	35545041	35541750	59
19	35545504	35542910	51
19	35545817	35545887	33
19	35545958	35546525	25
19	35546030	35542910	72
19	35546586	35546671	32
19	35546586	35547118	52
19	35546809	35546944	54
19	35547030	35547118	62
19	35547241	35547323	0
19	35550926	35550042	0
19	35550926	35550203	0
19	35553830	35553036	0
19	35553850	35553036	0
19	35555077	35553705	0
19	35555335	35553705	0
19	35555591	35553705	0
19	35560933	35560362	0
19	35562639	35560818	0
19	3557564	3550983	22
19	3557574	3550983	22
19	35612667	35608284	0
19	35613793	35613867	26
19	35613901	35614034	7
19	35619759	35620011	180
19	35620124	35620194	63
19	35642157	35642433	0
19	35642531	35642614	0
19	35643433	35643584	0
19	35643435	35643435	0
19	35643441	35643589	0
19	35643597	35643598	0
19	35644348	35644651	6
19	3567243	3547847	4
19	3567243	3550987	3
19	35673292	35667947	0
19	35720941	35721373	171
19	3572995	3573291	100
19	3573022	3567144	2
19	3573022	3571571	2
19	35733509	35733596	64
19	3573630	3567144	2
19	35736828	35736911	10
19	3573739	3572860	5
19	3573790	3550983	0
19	3573801	3573902	871
19	3573801	3574340	852
19	3573801	3574369	836
19	3573801	3574382	852
19	3573852	3550983	0
19	35739770	35739214	4
19	35739770	35739527	4
19	35740087	35739256	4
19	35740089	35738800	8
19	35740089	35739251	4
19	35740089	35739253	4
19	35740089	35739535	4
19	35740550	35739709	2
19	35740565	35739709	2
19	35740565	35740016	2
19	35740597	35739823	2
19	35741105	35739709	2
19	35741224	35739709	0
19	35741224	35740379	1
19	35741229	35740379	1
19	35741336	35739156	0
19	35741348	35740379	0
19	35741592	35741132	1
19	35742412	35741023	1
19	35742448	35741023	1
19	35742450	35740739	2
19	35742451	35741023	1
19	35742454	35741023	1
19	35742620	35741023	3
19	3574291	3573555	896
19	35743206	35742526	24
19	35743209	35742531	24
19	35743346	35742530	24
19	35743346	35742531	24
19	35743346	35743154	20
19	35743905	35742395	12
19	35743905	35742463	8
19	35743905	35742528	7
19	35743905	35742530	7
19	35743905	35742531	7
19	35743905	35743154	8
19	35743905	35743295	8
19	35744146	35743010	7
19	35744146	35743808	8
19	35744146	35743848	8
19	35744422	35742528	7
19	35744422	35743808	16
19	35744422	35744011	18
19	35744422	35744069	18
19	35744541	35744322	49
19	35744564	35744011	26
19	35744661	35744069	36
19	35744688	35744322	40
19	35744693	35744322	46
19	35744693	35744490	48
19	35744700	35744322	48
19	35744739	35744069	32
19	35744739	35744103	37
19	35744739	35744322	48
19	35744739	35744346	49
19	35744982	35744069	46
19	35745158	35744625	44
19	35745177	35744625	40
19	35745188	35744069	34
19	35745188	35744322	36
19	35745188	35744625	36
19	35745188	35744662	40
19	35745213	35742532	14
19	35745213	35743808	36
19	35745213	35744069	37
19	35745213	35744322	37
19	35745213	35744625	40
19	35745354	35744794	26
19	35745398	35745124	6
19	35745399	35745124	6
19	35745403	35744069	24
19	35745406	35745124	6
19	35745415	35744069	23
19	35745415	35745124	6
19	35745417	35745124	6
19	35745419	35745124	6
19	35745423	35744625	29
19	35745427	35745124	6
19	35745433	35745124	6
19	35745442	35745124	10
19	35745443	35744322	19
19	35745443	35745124	10
19	35745446	35745124	10
19	35746524	35746707	7
19	35748289	35747056	2
19	35752485	35752803	9
19	35752489	35752887	10
19	35752834	35752913	8
19	35753000	35753086	33
19	35753194	35754016	45
19	35753254	35754016	43
19	35753416	35747224	6
19	35754320	35754392	34
19	35754872	35755136	0
19	35755895	35754568	8
19	35755895	35755638	11
19	3575661	3576260	124
19	35757010	35755382	10
19	35757030	35755771	6
19	35757034	35755771	7
19	35758227	35759373	23
19	35758227	35759381	23
19	35758227	35759788	12
19	35759471	35759788	6
19	35762147	35762252	4
19	35762147	35762255	4
19	3576308	3576552	131
19	35766956	35767071	14
19	35766956	35767803	67
19	35768237	35768403	30
19	35768570	35768764	35
19	35771029	35769143	98
19	35787560	35787643	30
19	35787560	35788704	28
19	35789221	35785696	23
19	35789221	35788875	0
19	35789568	35789136	0
19	35789929	35789170	0
19	35789929	35789406	0
19	35790106	35789406	0
19	35790106	35789715	0
19	35790106	35789786	0
19	35790515	35788873	0
19	35790745	35790017	0
19	35790818	35790017	0
19	35791139	35790586	0
19	35791354	35790586	0
19	35791853	35790017	0
19	35791853	35790586	0
19	35791853	35791016	0
19	35792065	35791759	0
19	35792207	35791948	0
19	35792443	35790586	0
19	35792443	35791016	0
19	35792443	35791102	0
19	35792443	35791759	0
19	35792443	35792145	0
19	35792675	35792287	0
19	35797839	35792387	0
19	35797872	35792287	0
19	35797876	35791966	0
19	35797886	35792287	0
19	35797903	35792287	0
19	35802277	35799989	0
19	35802471	35799987	0
19	35803079	35799989	0
19	35803079	35801792	0
19	35803079	35802190	0
19	35812049	35807040	0
19	35812273	35811961	0
19	35812557	35806429	0
19	35812557	35811994	0
19	35812871	35811961	0
19	35830957	35825963	0
19	35830957	35826379	0
19	35843594	35842378	0
19	35844244	35843471	0
19	35844460	35843497	0
19	35844460	35844102	0
19	35848166	35846007	0
19	35848398	35847926	0
19	35848398	35848040	0
19	35851673	35851261	0
19	35851838	35851456	0
19	35851839	35851456	0
19	35856956	35857049	0
19	35866196	35866464	0
19	35866594	35851650	0
19	35868131	35866486	0
19	35890055	35887652	5
19	35890055	35888240	5
19	35890491	35889889	1
19	35890697	35890373	0
19	35896129	35890373	0
19	35896129	35890577	1
19	35896260	35895979	25
19	35896270	35895979	24
19	35896539	35890445	2
19	35896539	35896217	19
19	35896832	35895978	4
19	35896832	35896391	4
19	35897059	35895979	12
19	35897059	35896120	12
19	35897059	35896272	12
19	35897668	35896912	13
19	35897857	35896725	5
19	35897857	35896912	11
19	35898533	35896725	1
19	35898533	35897488	1
19	35898533	35897650	0
19	35898533	35897774	0
19	35902304	35898718	0
19	35902637	35903350	0
19	35903417	35903771	0
19	35907262	35904400	0
19	35907262	35904445	0
19	35907262	35904559	0
19	35907265	35904400	0
19	35907265	35904402	0
19	35907265	35904409	0
19	35907265	35904460	0
19	35907358	35904402	0
19	35907581	35904400	0
19	35907581	35904402	0
19	35907581	35907217	0
19	35907763	35907217	0
19	35907763	35907293	0
19	35907763	35907445	0
19	35908224	35907445	0
19	35908276	35907445	0
19	35908296	35907445	0
19	3595934	3594779	0
19	3600134	3597921	0
19	36003672	36003298	0
19	36003672	36003307	0
19	36003672	36003309	0
19	36005438	36003306	0
19	36005438	36003309	0
19	36006672	36003309	0
19	3600670	3594551	0
19	3600718	3594505	0
19	3600718	3595736	0
19	36008368	36003309	0
19	36008645	36008216	1
19	36008768	36008216	1
19	36008783	36008216	1
19	36008794	36008216	1
19	36009554	36008637	8
19	36010646	36009119	6
19	36010646	36009123	6
19	36010646	36009174	8
19	36010646	36009460	9
19	36010684	36009120	7
19	36010684	36009123	7
19	36010684	36009204	9
19	36010684	36009281	6
19	36011046	36009123	4
19	36011046	36010566	54
19	36011046	36010635	49
19	36011066	36010566	49
19	36011078	36009123	6
19	36011078	36009258	28
19	36011078	36010566	46
19	36011465	36010289	29
19	36011465	36010543	25
19	36011465	36010566	25
19	36011465	36010737	29
19	36011465	36010893	27
19	36011465	36011037	25
19	36013090	36010566	31
19	36013090	36010893	33
19	36013090	36011179	29
19	36013090	36011403	23
19	36013304	36011403	27
19	36013423	36009121	31
19	36013423	36010566	33
19	36013423	36010893	25
19	36013423	36011403	27
19	36013423	36012542	16
19	36013423	36013000	13
19	36013423	36013020	10
19	36014184	36013020	2
19	36014200	36013020	2
19	36014213	36010566	2
19	36014223	36013020	2
19	36016980	36014659	0
19	36016980	36016035	0
19	36017451	36016906	2
19	36024633	36019170	1
19	36026226	36024343	4
19	36026266	36024395	4
19	36027046	36026585	1
19	36027272	36026951	1
19	36032416	36027131	1
19	36032514	36027131	1
19	36032672	36027131	1
19	36032767	36032191	1
19	36032872	36032191	1
19	36032887	36032145	1
19	36032894	36032191	1
19	36039719	36034984	5
19	36039719	36035147	8
19	36040137	36039322	4
19	36054378	36039322	2
19	36054402	36039943	1
19	36054740	36039960	1
19	36054763	36039943	1
19	36101318	36101663	130
19	36101775	36102013	64
19	36102152	36102736	169
19	36102152	36102751	159
19	36111297	36111368	0
19	3611266	3611765	103
19	3611361	3610646	138
19	3611365	3610659	134
19	36114067	36113709	3
19	36114067	36113713	3
19	36114067	36113715	3
19	36114067	36113722	2
19	36114067	36113723	2
19	36114252	36114014	1
19	36114395	36115052	9
19	36114413	36114014	1
19	36114413	36114150	0
19	36114413	36114176	1
19	36114714	36114176	6
19	36114714	36114338	7
19	36114860	36114190	6
19	36114861	36114338	9
19	36114892	36114338	9
19	36114907	36114658	9
19	36115194	36114338	10
19	36115214	36114658	24
19	36115347	36114658	23
19	36115929	36116040	1
19	3612277	3610644	140
19	3612414	3610644	113
19	3612414	3610649	112
19	3612414	3611228	113
19	3613366	3610640	53
19	3613366	3611228	69
19	3613366	3611567	53
19	3613366	3611899	53
19	3613366	3611903	53
19	3613539	3613057	79
19	3613587	3613057	58
19	3614495	3613506	40
19	3614590	3613463	38
19	36148349	36144080	1
19	36149637	36149812	3
19	36151547	36150921	9
19	36151547	36151012	9
19	36151756	36150921	7
19	3618990	3613463	47
19	3618990	3614385	35
19	3618990	3614396	35
19	36194329	36182059	1
19	36194329	36182293	1
19	36194329	36182991	0
19	36195157	36194232	0
19	36195157	36194295	0
19	36202051	36194826	0
19	36202051	36195029	0
19	36203543	36201976	1
19	36213131	36203446	0
19	36214656	36194624	0
19	36214664	36201976	0
19	36214674	36201976	1
19	36214874	36195029	0
19	36215082	36201976	1
19	36246258	36201976	8
19	36311389	36311622	2
19	36311793	36312521	1
19	36316071	36313066	5
19	36316071	36313076	5
19	36316071	36315359	5
19	36321358	36315575	4
19	36321358	36315956	5
19	36321358	36319715	2
19	36321358	36319750	3
19	36330448	36321992	15
19	36330493	36321992	4
19	36330493	36322129	4
19	36330493	36324936	12
19	3633521	3630182	110
19	36360534	36334452	0
19	36362239	36360111	0
19	36362239	36360434	0
19	36379200	36367883	0
19	36380913	36379350	0
19	3639017	3632875	54
19	3639017	3633436	39
19	3639017	3636600	40
19	36405624	36383119	0
19	36405673	36391959	0
19	3644252	3643242	1
19	36449556	36445118	26
19	3646059	3644086	4
19	3646059	3644088	4
19	36473007	36445118	0
19	36473007	36447681	0
19	36473007	36449532	1
19	36473010	36447628	1
19	36473010	36449763	2
19	36473459	36472910	3
19	36476617	36447020	0
19	36476617	36456459	0
19	36476617	36472990	0
19	36476617	36473140	0
19	36476617	36473331	0
19	36489436	36476548	1
19	36489507	36476548	0
19	36489519	36476548	0
19	36489520	36476548	0
19	36489538	36476548	0
19	36489562	36476548	0
19	36489862	36476548	0
19	36489903	36476108	0
19	36489903	36476548	0
19	36517394	36511778	22
19	36518144	36511027	12
19	3652032	3648624	2
19	3652032	3649890	0
19	36525300	36511778	4
19	36525300	36517285	1
19	36525374	36510694	0
19	36525374	36518029	2
19	36528266	36525090	2
19	36528269	36525154	1
19	36528661	36525154	0
19	36545934	36543612	41
19	36547529	36545869	52
19	36547765	36534773	2
19	36551978	36543615	24
19	36554797	36544385	4
19	36554797	36548100	7
19	36554797	36548226	9
19	36554797	36548227	9
19	36587458	36582397	0
19	36589702	36554669	1
19	36589702	36556103	0
19	36589702	36572332	2
19	36589702	36580254	1
19	36605244	36589614	0
19	36605258	36589614	0
19	36605263	36589614	0
19	36605277	36589614	0
19	3662002	3660965	1
19	36627489	36628373	0
19	36628400	36628460	0
19	36628477	36628765	0
19	36629007	36629854	0
19	36637768	36637224	1
19	36639538	36637819	9
19	36643608	36638630	1
19	36643863	36637191	4
19	36643863	36637988	0
19	36643863	36638652	2
19	3664915	3661870	1
19	3664915	3661929	0
19	36656544	36638146	2
19	36656544	36639654	5
19	36656544	36640022	4
19	36656544	36643793	2
19	36656544	36643821	2
19	36656544	36645151	3
19	36657751	36656447	4
19	36658426	36656447	4
19	36658426	36657652	3
19	36658447	36656447	4
19	36658564	36658298	1
19	36664787	36656447	0
19	36664787	36657652	0
19	36664787	36658091	0
19	36664787	36658298	0
19	36664787	36658335	0
19	36686016	36685439	1
19	36686807	36685464	2
19	36686807	36685836	3
19	36687411	36686685	2
19	36687438	36686426	3
19	36687450	36686685	2
19	3669905	3668403	2
19	367225	361746	0
19	367225	362056	0
19	367225	362162	0
19	36761739	36714382	0
19	36761739	36743484	2
19	36762432	36743477	0
19	36823381	36817427	3
19	36823381	36818321	3
19	36823381	36819806	3
19	36823381	36819923	4
19	36823381	36819936	4
19	36823791	36823284	2
19	36823791	36823364	2
19	36838028	36825610	5
19	36838096	36825610	7
19	36838385	36825610	4
19	36850268	36825610	2
19	36850314	36825610	0
19	36850788	36825610	1
19	36851724	36851829	0
19	36876829	36876927	6
19	36876985	36877050	12
19	36877298	36877549	6
19	36908025	36888123	0
19	36908025	36891350	1
19	36908460	36905433	0
19	36908460	36907928	0
19	36915023	36908332	0
19	36950462	36950463	10
19	36991300	36991750	0
19	3700391	3667321	2
19	3700442	3667321	2
19	3700463	3669672	2
19	3700466	3667321	2
19	3700480	3667321	2
19	37078606	37075112	0
19	37108386	37106733	1
19	37115166	37111515	0
19	37128403	37130036	16
19	37128403	37130143	16
19	37128907	37130143	11
19	371323	367064	0
19	371323	367201	0
19	37133865	37128678	0
19	37150880	37115035	0
19	37155958	37093018	0
19	37155958	37114997	0
19	37155958	37145539	2
19	37155958	37147437	3
19	37155958	37150834	2
19	37155958	37151009	2
19	37156356	37155864	2
19	37165697	37156228	0
19	37170055	37156228	1
19	37170055	37165382	0
19	37170055	37165384	0
19	37170055	37165594	2
19	37187245	37184821	13
19	37189754	37169838	0
19	37189754	37181578	5
19	37189754	37184819	1
19	37189754	37187079	0
19	37189754	37187098	0
19	37190151	37189547	0
19	37190151	37189660	0
19	37190151	37189702	0
19	37190151	37189733	0
19	37190477	37189660	0
19	37196020	37190023	0
19	37196028	37156330	0
19	37199009	37190023	0
19	37199055	37190023	0
19	37199055	37190072	0
19	37207075	37156228	2
19	37207255	37190023	0
19	37207255	37195880	2
19	37207255	37198938	0
19	37207255	37199399	0
19	37210485	37207039	1
19	37210506	37190023	0
19	37210506	37195880	1
19	37210506	37198938	0
19	37210506	37207039	1
19	37210513	37207039	1
19	37210532	37207039	2
19	37210550	37207039	2
19	37218154	37207194	0
19	37235676	37235978	7
19	37235759	37235978	7
19	37266984	37265938	3
19	37266984	37265946	3
19	37266984	37266069	3
19	37267194	37265940	3
19	37267612	37266813	2
19	37268985	37266813	0
19	37271389	37266813	0
19	37271519	37267217	0
19	37334783	37335168	3
19	37334783	37335199	3
19	37347053	37347189	15
19	37384982	37385304	0
19	37425964	37411154	0
19	37425964	37413948	0
19	37426379	37425628	0
19	37426379	37425867	0
19	37431648	37426338	1
19	37444960	37412554	0
19	37444965	37414184	2
19	37444965	37426251	0
19	374621	367064	0
19	37498176	37497163	0
19	37506041	37497158	0
19	37506041	37497356	0
19	37506041	37497362	0
19	37506268	37505845	0
19	37506625	37505971	0
19	37506968	37505845	0
19	37507047	37505578	0
19	3751330	3750818	11
19	3751330	3750879	7
19	3751554	3750878	13
19	3751554	3751188	20
19	3751732	3751065	19
19	3751895	3751249	18
19	3752721	3751188	6
19	3752721	3751433	8
19	3752991	3752507	7
19	3752991	3752599	11
19	37533404	37533485	1
19	37533404	37536464	3
19	37537068	37542207	3
19	37537514	37537514	10
19	3753927	3752819	8
19	3754106	3753764	6
19	3754106	3753896	4
19	3754142	3753764	5
19	37546924	37548361	0
19	3754801	3754018	22
19	37549172	37545469	0
19	3756273	3752507	7
19	37566292	37562391	1
19	3756660	3754619	13
19	37584098	37554781	0
19	37584098	37563823	0
19	37584098	37564252	0
19	37584098	37564263	0
19	37584098	37564568	0
19	37584157	37566184	0
19	37585162	37585338	4
19	37586746	37583970	2
19	37594320	37586667	0
19	37594747	37586667	0
19	37594773	37586667	0
19	37594791	37586667	0
19	3759601	3754194	7
19	3760128	3754194	7
19	3760302	3759560	54
19	3761571	3759611	2
19	3761700	3759688	2
19	37643361	37613748	1
19	37643361	37636164	1
19	37643364	37631008	3
19	37643364	37632487	0
19	37644737	37643264	1
19	37644737	37643329	1
19	37647900	37644395	0
19	37647900	37644609	0
19	37651549	37647869	0
19	37654730	37647813	0
19	37654786	37647812	0
19	37654786	37647813	0
19	37654786	37647815	0
19	37654880	37647813	0
19	37654880	37647883	0
19	37654880	37651430	0
19	37655410	37654711	0
19	37655413	37654711	0
19	37655466	37654714	0
19	37655468	37654711	0
19	37655831	37654711	0
19	37656262	37654711	0
19	37656422	37654711	0
19	37666263	37654711	0
19	37676395	37668853	3
19	37686523	37654711	0
19	37686523	37667750	0
19	37686523	37670653	0
19	37686523	37676268	0
19	37686523	37678622	0
19	37691619	37654711	0
19	37691619	37656309	0
19	37691619	37665983	0
19	37691619	37686450	0
19	37691619	37689864	0
19	37691619	37689882	0
19	37691619	37689883	0
19	37699896	37691520	5
19	37706584	37699324	2
19	37708010	37696372	1
19	37708010	37699784	1
19	37708013	37696362	1
19	37708013	37699784	1
19	37709823	37699784	0
19	37709823	37699819	0
19	3771752	3769088	0
19	37719126	37699784	1
19	37719188	37699519	0
19	3772011	3769088	0
19	37730644	37728585	14
19	37740139	37735832	12
19	37740711	37739905	0
19	37755262	37740083	0
19	37758597	37738286	1
19	37758597	37738301	1
19	37770098	37738286	0
19	37770098	37738301	0
19	37770098	37739945	0
19	37770098	37740060	0
19	37770098	37740640	0
19	37770098	37759046	0
19	37770598	37770004	0
19	37771691	37770004	0
19	37771697	37738301	0
19	37771697	37770004	0
19	37771697	37770038	0
19	37771697	37770406	0
19	37773752	37738301	0
19	37773752	37770004	0
19	3778593	3777974	0
19	3778596	3777969	0
19	3778596	3777972	0
19	3778596	3777974	0
19	3779188	3777974	0
19	3779188	3778508	0
19	37794056	37792569	0
19	37794056	37793629	0
19	37794246	37794034	0
19	3779452	3778991	0
19	3779452	3779132	0
19	3779618	3779377	0
19	3779618	3779388	0
19	3779798	3779532	0
19	37799164	37793975	0
19	37810801	37793975	0
19	3781673	3779697	0
19	3781673	3779788	0
19	37817262	37793432	0
19	37817301	37771563	0
19	37825341	37823721	0
19	37833515	37825068	0
19	37833515	37829049	0
19	37836965	37833406	0
19	37837016	37833346	0
19	37837016	37833367	0
19	37837016	37833462	0
19	3783919	3783125	0
19	3784034	3781606	0
19	3784034	3783125	0
19	3784153	3783813	0
19	3784240	3783813	0
19	3784240	3783871	0
19	3784240	3784020	0
19	3785287	3784824	0
19	37853122	37836817	0
19	37853122	37836892	0
19	37853963	37836892	0
19	3786017	3785096	0
19	3786074	3785063	0
19	3786283	3785063	0
19	3786414	3784824	0
19	3786417	3785063	0
19	37891821	37884822	0
19	37891821	37884931	0
19	3789348	3784824	0
19	3789405	3784824	0
19	3789405	3785246	0
19	3789405	3787459	0
19	37896309	37892577	0
19	37898286	37892577	0
19	37898286	37896011	0
19	37898286	37896137	0
19	37898286	37896254	0
19	3801687	3789272	0
19	3801782	3793073	0
19	3801800	3784824	0
19	3801803	3789272	0
19	3801804	3793129	0
19	3801813	3789272	0
19	3807270	3804023	0
19	38109534	38108499	19
19	38212362	38211008	4
19	38212362	38211699	5
19	38212362	38211701	5
19	38212362	38211702	5
19	38212362	38211716	4
19	38212362	38211754	3
19	38212362	38211961	3
19	38212362	38211973	3
19	38212362	38212064	5
19	38212362	38212071	5
19	38212392	38211005	3
19	38212392	38211008	3
19	38212392	38211042	6
19	38213757	38211008	3
19	3821480	3820181	0
19	38216260	38213643	2
19	38216404	38216139	4
19	38216404	38216241	3
19	38216511	38216139	5
19	38217592	38216352	4
19	38217653	38216139	5
19	38217877	38216352	4
19	38217877	38217459	5
19	38218663	38216352	1
19	38218663	38217390	0
19	38218663	38217459	0
19	38218663	38217797	0
19	38219059	38218572	2
19	38219059	38218627	1
19	38219940	38218572	2
19	3822201	3821339	0
19	3822201	3821426	0
19	38222465	38218930	2
19	38222465	38219028	2
19	38252339	38251236	0
19	38252975	38251236	0
19	38252975	38251864	0
19	38252975	38252305	0
19	38253258	38252305	0
19	38256533	38251236	0
19	38256533	38252305	0
19	38289192	38290118	0
19	38290576	38291839	0
19	38304284	38304374	1
19	38306991	38305113	2
19	38306991	38305361	5
19	38307522	38305103	4
19	38307522	38305114	2
19	38307522	38305117	7
19	38307522	38305197	12
19	38307522	38305351	7
19	38307522	38306696	3
19	38307522	38306913	6
19	38307636	38306913	6
19	38307753	38305115	3
19	38307753	38307427	41
19	38307753	38307470	34
19	38308850	38307427	7
19	38308850	38307596	4
19	38309058	38308791	3
19	38309058	38308810	3
19	38309140	38308791	3
19	38309329	38308978	5
19	38309644	38306761	3
19	38309644	38308978	5
19	38309644	38309223	8
19	38309924	38309223	2
19	3831557	3827470	0
19	38315764	38309223	4
19	38315943	38308791	2
19	3831811	3831500	0
19	3831879	3831302	0
19	3833779	3831659	0
19	38344120	38344295	0
19	3834984	3833540	0
19	3834984	3833663	0
19	3834984	3833719	0
19	38362485	38361794	0
19	38362575	38362713	0
19	38365118	38367155	2
19	38367313	38367508	2
19	38367573	38367680	0
19	38367777	38368047	0
19	38376233	38376351	12
19	38381000	38381148	6
19	38385501	38384352	15
19	38387015	38385420	11
19	38387281	38384264	12
19	38387823	38385420	17
19	38387823	38385646	17
19	38387993	38386766	17
19	38388083	38387082	14
19	38403219	38403337	11
19	38403487	38403559	6
19	38405636	38406909	12
19	38405636	38408750	13
19	38407078	38408750	15
19	38410097	38409057	1
19	38410097	38409114	0
19	38410999	38409054	0
19	38410999	38409056	0
19	38410999	38409057	0
19	38410999	38409058	0
19	38410999	38409839	0
19	38410999	38409954	0
19	38411610	38409050	0
19	38412817	38410885	0
19	38412817	38411114	0
19	38412817	38411344	0
19	38413050	38412671	0
19	38413298	38412413	0
19	38413298	38412414	0
19	38413298	38412671	0
19	38527776	38526953	0
19	38537129	38535516	0
19	3855560	3834772	0
19	3855560	3851804	0
19	3855560	3852361	0
19	3855591	3852439	0
19	38589276	38587640	0
19	38592498	38587640	0
19	38593338	38587640	0
19	38593338	38587643	0
19	38593338	38587645	0
19	38593338	38587668	0
19	38593338	38587699	0
19	38593338	38589177	0
19	38593338	38592449	0
19	38593370	38587673	0
19	38595544	38593281	0
19	38595556	38593281	0
19	38595730	38593270	0
19	38597385	38597033	0
19	38597595	38597325	0
19	38599986	38597485	0
19	38600154	38597347	0
19	38601526	38600076	0
19	38605492	38601440	0
19	38606216	38605567	0
19	38607912	38606172	0
19	38607912	38606185	0
19	38608034	38606172	0
19	38609675	38595484	0
19	38611133	38609908	0
19	38611306	38611050	0
19	38611306	38611088	0
19	38611306	38611099	0
19	38612743	38609908	0
19	38614086	38613879	0
19	38614293	38614042	0
19	38614446	38614066	0
19	38614446	38614244	0
19	38614478	38614042	0
19	38614499	38613879	0
19	38614874	38614244	0
19	38616260	38614389	0
19	38617445	38616177	0
19	38617445	38616194	0
19	38632497	38632600	22
19	3869029	3834772	0
19	3869030	3834772	0
19	3869033	3851812	0
19	38693607	38683872	4
19	38731024	38730186	31
19	38731024	38730273	25
19	38731024	38730430	25
19	38731024	38730457	25
19	38731024	38730533	25
19	38731024	38730558	25
19	38731024	38730677	25
19	38731224	38730964	22
19	38733782	38731106	24
19	38733782	38731167	23
19	38733941	38731106	23
19	38734205	38731106	21
19	38734205	38733702	22
19	38734390	38733702	18
19	38734390	38734141	23
19	38734871	38731106	22
19	38734871	38733702	18
19	38734871	38734141	16
19	38734871	38734318	17
19	38735406	38733702	15
19	38735411	38734812	9
19	38735423	38734812	9
19	38735430	38734565	8
19	38735430	38734812	9
19	38735545	38734318	9
19	38735545	38735369	18
19	38735625	38734812	9
19	38735663	38735369	18
19	38735678	38734318	12
19	38736319	38735369	19
19	38736319	38735501	19
19	38738348	38737474	28
19	38738504	38738272	13
19	38738649	38738417	14
19	38740220	38738573	14
19	38741911	38740050	7
19	38742508	38741776	6
19	38742529	38741776	6
19	38742529	38742242	6
19	38743103	38741776	6
19	38772031	38770970	0
19	38773104	38771828	0
19	38773433	38771883	0
19	38802158	38801670	0
19	38802158	38801678	0
19	38802158	38801758	2
19	38802158	38801882	2
19	38802405	38801991	0
19	38803552	38802315	0
19	38803652	38802315	0
19	38803671	38802315	0
19	38803781	38803521	0
19	38803896	38802342	0
19	38803896	38803521	0
19	38803896	38803656	0
19	38803896	38803741	0
19	38806508	38803521	0
19	38806596	38803019	0
19	38806596	38803521	0
19	38806596	38803868	0
19	38808806	38806460	0
19	38808949	38806460	0
19	38812520	38806460	0
19	38812520	38808743	0
19	38812946	38808897	0
19	38816008	38815421	33
19	38816271	38815421	12
19	38816356	38815482	16
19	38816356	38815856	8
19	38816524	38815856	5
19	38816524	38816135	0
19	38816524	38816283	0
19	38817130	38816452	0
19	38817130	38816469	0
19	38817365	38817064	4
19	38817576	38817021	4
19	38817576	38817267	6
19	38817576	38817295	4
19	38817576	38817315	4
19	38831167	38816934	1
19	38831167	38817315	4
19	38831167	38817450	4
19	38831167	38817470	4
19	38831389	38830903	3
19	38831413	38830903	4
19	38831517	38831077	2
19	38831517	38831134	2
19	38831660	38831077	2
19	38831675	38831308	2
19	38831749	38831449	2
19	38831755	38831308	2
19	38831762	38831308	2
19	38831767	38831077	6
19	38831776	38831077	6
19	38831776	38831308	2
19	38831783	38831308	2
19	38831790	38831308	2
19	38831842	38831308	2
19	38832006	38831308	2
19	38837480	38817470	3
19	38837480	38831308	2
19	38837480	38836387	71
19	38837480	38836394	70
19	38837480	38836397	70
19	38837480	38836634	83
19	38837586	38836394	58
19	38837652	38836388	48
19	38837652	38837383	62
19	38839016	38838396	47
19	38839665	38838396	82
19	38840179	38837593	82
19	38840179	38838651	92
19	38840179	38838893	80
19	38840377	38838893	87
19	38840560	38838893	77
19	38840560	38840095	241
19	38841683	38840487	191
19	38841750	38840095	200
19	38842329	38838893	211
19	38843915	38840095	243
19	38843915	38840302	294
19	38843915	38840487	252
19	38843915	38841612	237
19	38844105	38843370	209
19	38844105	38843841	37
19	38844105	38843856	35
19	38845500	38844728	54
19	38845736	38844007	42
19	38845736	38844024	39
19	38846091	38845649	43
19	38846091	38845666	43
19	38869411	38868981	0
19	38869705	38867833	0
19	38869705	38869246	0
19	38869705	38869283	0
19	38869926	38869230	0
19	38870852	38870569	0
19	38870993	38869942	0
19	38871228	38870569	0
19	38871712	38871077	0
19	38871871	38870569	0
19	38871871	38871646	0
19	38873989	38871465	0
19	38873989	38871797	0
19	38876475	38873750	0
19	38876475	38873885	0
19	38876491	38871077	0
19	38876491	38873885	0
19	38876782	38873885	0
19	38878267	38873885	0
19	38879311	38879107	47
19	38879501	38878554	22
19	38879501	38878556	22
19	38879501	38879259	21
19	38879501	38879293	18
19	38879703	38879433	22
19	38880154	38879433	36
19	38880737	38879631	21
19	38880898	38879433	17
19	38880898	38880684	16
19	38881156	38880820	17
19	38881156	38880849	16
19	38881492	38878556	12
19	38881492	38881099	13
19	38883757	38880820	3
19	38883757	38881431	1
19	38889156	38883626	0
19	38889156	38883638	0
19	38889324	38889086	2
19	38889746	38889086	3
19	38889746	38889168	3
19	38889746	38889253	3
19	38889962	38889230	3
19	38889962	38889688	3
19	38889962	38889696	3
19	38890145	38883626	2
19	38890145	38889688	3
19	38890145	38889854	4
19	38890145	38889859	4
19	38890145	38889882	5
19	38890145	38889898	5
19	38894109	38889086	0
19	38898426	38893413	22
19	38898426	38893818	20
19	38898919	38893818	14
19	38898919	38898378	21
19	38899519	38893818	15
19	38899582	38893818	13
19	38899589	38898379	22
19	38899601	38893818	10
19	38899603	38893818	10
19	38899646	38893818	13
19	38899679	38893818	16
19	38899712	38893818	16
19	38899712	38898378	9
19	38899715	38898793	9
19	38899824	38893818	17
19	38899824	38898378	13
19	38899824	38898793	10
19	38899863	38893818	19
19	38907660	38908730	46
19	38909326	38908979	5
19	38910875	38909277	2
19	38911084	38908979	2
19	38915750	38915317	154
19	38915907	38915265	47
19	38915907	38915268	47
19	38915907	38915298	47
19	38915907	38915403	98
19	38915907	38915563	49
19	38915907	38915614	46
19	38916047	38915265	42
19	38916315	38916036	22
19	38917828	38916220	47
19	38917834	38916220	48
19	38917925	38916207	42
19	38918009	38916220	48
19	38918009	38917723	49
19	38918009	38917725	49
19	38918140	38917723	37
19	38918140	38917914	50
19	38918140	38917920	47
19	38918531	38917813	32
19	38918531	38918036	24
19	38918531	38918093	20
19	38919868	38918765	8
19	38920000	38918765	7
19	38920150	38919761	39
19	38920150	38919798	38
19	38921447	38919761	18
19	38921447	38920085	18
19	38921597	38921391	10
19	38921668	38921391	34
19	38921875	38921391	70
19	38922079	38921526	67
19	38922268	38921391	59
19	38922268	38921526	68
19	38922268	38922001	56
19	38922268	38922011	54
19	38926301	38921635	36
19	38926301	38922237	42
19	38930999	38931275	17
19	38931172	38931275	13
19	38942752	38926204	34
19	38945105	38941400	20
19	38945105	38942277	27
19	38945105	38942530	35
19	38945105	38942681	36
19	38945105	38942682	36
19	38946568	38944727	37
19	38946568	38944968	37
19	38946606	38944968	44
19	38946717	38942277	24
19	38947047	38944968	43
19	38947419	38944979	44
19	38948679	38944968	22
19	39014548	38990713	0
19	39025555	39024024	12
19	39026961	39014386	2
19	39027006	39024052	2
19	39027006	39024399	6
19	39027006	39024828	2
19	39027006	39025411	0
19	39027006	39025518	0
19	39031125	39026869	1
19	39031318	39031028	3
19	39031321	39026869	1
19	39031321	39031028	3
19	39031403	39031028	0
19	39032064	39031028	0
19	39032254	39031028	0
19	39032254	39031208	3
19	39032254	39031284	3
19	39100643	39100738	0
19	39136464	39134881	0
19	39204267	39202830	0
19	39236957	39236432	0
19	39243908	39243552	0
19	39243908	39243605	0
19	39247464	39246313	0
19	39247667	39246313	0
19	39247996	39246313	0
19	3925722	3926257	0
19	39315337	39306567	4
19	39316137	39314650	2
19	39329074	39328352	0
19	39329074	39328356	0
19	39329074	39328358	0
19	39329074	39328361	0
19	39329074	39328364	0
19	39329074	39328383	0
19	39329627	39328358	0
19	39329627	39328999	0
19	39333127	39328358	0
19	39333127	39328999	0
19	39333127	39329543	0
19	39333127	39329547	0
19	39335311	39328364	0
19	39335311	39333076	0
19	39335532	39332903	0
19	39335532	39333076	0
19	39336006	39333076	0
19	39336038	39329543	0
19	39342373	39335434	0
19	39380756	39380757	50
19	39383292	39383498	77
19	39386573	39385851	24
19	39386573	39385852	26
19	3938670	3938706	0
19	39386767	39386364	4
19	39386800	39386481	5
19	39388866	39388559	15
19	39389016	39388761	26
19	39389199	39388841	19
19	39389199	39388946	18
19	39389384	39389092	3
19	39389547	39389281	8
19	39389762	39389293	15
19	39390162	39389479	7
19	39390162	39389639	7
19	39390290	39389885	7
19	39390290	39390068	7
19	39391083	39390259	13
19	39391118	39390259	12
19	39391155	39390068	10
19	39391196	39390259	17
19	39413892	39414064	8
19	39423762	39425237	79
19	39424456	39425237	74
19	39424883	39425237	89
19	39425418	39425541	53
19	39433570	39433206	168
19	39433570	39433216	171
19	39433570	39433222	167
19	39433570	39433259	185
19	39433762	39433206	169
19	39433762	39433222	172
19	39433762	39433493	218
19	39433762	39433517	231
19	39433762	39433521	224
19	39434391	39433252	327
19	39435709	39433206	339
19	39435709	39433222	341
19	39435709	39433521	302
19	39435949	39433521	177
19	39482917	39483134	45
19	39482964	39483134	51
19	39485264	39485543	58
19	39485603	39485687	72
19	39485808	39486186	51
19	39492769	39493294	42
19	39507915	39508251	3
19	39518615	39518617	0
19	39532844	39531336	9
19	3960105	3958452	31
19	3960105	3958453	31
19	3960105	3958457	31
19	39607337	39607339	0
19	3961160	3959638	34
19	3961162	3960058	30
19	3961841	3960058	116
19	3963670	3961008	71
19	3964374	3963870	29
19	3964992	3964243	27
19	3964992	3964321	11
19	3964992	3964322	10
19	39683764	39684709	0
19	39684808	39685301	0
19	3969829	3964630	6
19	3969830	3964630	6
19	3969939	3964630	4
19	39726776	39726029	0
19	39734494	39731249	0
19	3977348	3976055	177
19	3978135	3976055	155
19	3978173	3977427	259
19	3979437	3977818	120
19	3979460	3978085	150
19	3980710	3979807	150
19	3980980	3980513	49
19	3981453	3980686	44
19	3981453	3980840	48
19	3981453	3980939	44
19	3982535	3981946	27
19	39826287	39825349	10
19	39826287	39825352	10
19	39826287	39825714	16
19	39828584	39827509	3
19	39830028	39828296	1
19	39830144	39828401	3
19	3983019	3982245	13
19	39830564	39829879	2
19	39830564	39829881	1
19	39830784	39830205	2
19	39830784	39830374	3
19	3983292	3982806	57
19	39834814	39834457	16
19	39834814	39834459	16
19	39834814	39834502	13
19	39836669	39834457	3
19	39836669	39834667	10
19	39836669	39834690	9
19	39836669	39834716	9
19	39837844	39836555	42
19	39838092	39837710	24
19	39839206	39837710	28
19	39839206	39837819	24
19	39840328	39838259	12
19	39840328	39839034	9
19	39840328	39839073	11
19	39840516	39839034	14
19	3984351	3983109	29
19	3984351	3983253	33
19	3985113	3984135	20
19	3985464	3983856	14
19	3985470	3984135	17
19	39863893	39863322	0
19	39885873	39883304	0
19	39886586	39885672	2
19	39886586	39885729	2
19	39887293	39886265	0
19	39890072	39885990	0
19	39915790	39913689	0
19	39980147	39980285	31
19	39980455	39980661	49
19	40025503	40023383	22
19	40047471	40028259	24
19	40047471	40033578	29
19	40047471	40036530	30
19	40047474	40036530	31
19	40048797	40036530	28
19	40048797	40047280	2
19	40048797	40047374	2
19	40048797	40047378	2
19	40048797	40047405	2
19	40049057	40048669	0
19	40050378	40048669	0
19	40050378	40048756	0
19	40072980	40071005	20
19	40076210	40072836	21
19	40081915	40050323	0
19	40081915	40069151	2
19	40081915	40072992	0
19	40081915	40073179	0
19	40081915	40075973	2
19	40081915	40076113	1
19	40081915	40076122	2
19	40081915	40076135	2
19	40081915	40076169	2
19	40081918	40072992	0
19	40081918	40074515	1
19	40081918	40076113	2
19	40083238	40072992	2
19	40083238	40076113	0
19	40090861	40090165	9
19	40090889	40090165	8
19	40090904	40090165	8
19	40090926	40090165	8
19	40090939	40084744	0
19	40090939	40090165	5
19	40192455	40192637	62
19	40204634	40205120	14
19	40213189	40213516	26
19	40217370	40216057	0
19	40218400	40217186	0
19	40223304	40222207	2
19	40223304	40222213	2
19	40223547	40222207	4
19	40223547	40223047	4
19	40223547	40223151	2
19	40223565	40223151	3
19	40223643	40222214	2
19	40234572	40233878	24
19	40235148	40230316	27
19	40235148	40230317	27
19	40235148	40232334	69
19	40235148	40232336	70
19	40235148	40233667	44
19	40235148	40233669	44
19	40235148	40233754	54
19	40235148	40233780	56
19	40235148	40233820	53
19	40235148	40233840	52
19	40235148	40234448	45
19	40235351	40234497	39
19	40235351	40235044	26
19	40235351	40235100	29
19	40235351	40235101	29
19	40235468	40235044	40
19	40235959	40235262	65
19	40236032	40235262	68
19	40236072	40235262	73
19	40236105	40235262	69
19	40236386	40235262	94
19	40236386	40235889	79
19	40236386	40235893	83
19	40236386	40236023	87
19	40236386	40236031	89
19	40237308	40236256	103
19	40238067	40235889	90
19	40238092	40235889	91
19	40238092	40236023	173
19	40238092	40236237	58
19	40238092	40236256	58
19	40238974	40237968	11
19	40238974	40237989	10
19	40239006	40237968	10
19	40239133	40237968	10
19	40239270	40237968	98
19	40239501	40236256	47
19	40240111	40238904	49
19	40240111	40238941	49
19	40240122	40238904	48
19	40240300	40240044	47
19	40242012	40236301	16
19	40242070	40238904	8
19	40242070	40239589	51
19	40242070	40240044	17
19	40242070	40240069	16
19	40242609	40241937	1
19	40242688	40241381	6
19	40242688	40241937	6
19	40242688	40241958	6
19	40242688	40242039	6
19	40242688	40242055	4
19	40243303	40241937	5
19	40244415	40242533	3
19	40255178	40242533	3
19	40255270	40242533	4
19	40255270	40242572	6
19	40255270	40242573	6
19	40255270	40242576	6
19	40255270	40242583	6
19	40255270	40242615	8
19	40255270	40242652	8
19	40255270	40242676	6
19	40255270	40244318	5
19	40255300	40242627	8
19	40256964	40255157	8
19	40257055	40255157	7
19	40257055	40255243	4
19	40268686	40265221	16
19	40269541	40268583	11
19	40269590	40268583	13
19	40275480	40273488	5
19	40279225	40268641	7
19	40279331	40265221	0
19	40279640	40265221	1
19	40280833	40265221	1
19	40282305	40265221	6
19	40282445	40265221	2
19	40282777	40282216	5
19	40283166	40282247	11
19	40284950	40265221	2
19	40284952	40282216	7
19	40284955	40265221	2
19	40285093	40265221	7
19	40285266	40265221	4
19	40285343	40256925	4
19	40285343	40265258	2
19	40285374	40256925	4
19	40285396	40265221	1
19	40285537	40265221	2
19	40322340	40321079	19
19	40322377	40321062	20
19	40324077	40319535	3
19	40324077	40321062	4
19	40324077	40321415	1
19	40324077	40322043	2
19	40324685	40321078	0
19	40326424	40324005	0
19	40326487	40324005	0
19	40328551	40326333	0
19	40328551	40326408	0
19	40332644	40328412	0
19	40333930	40328412	0
19	40333930	40328469	1
19	40341886	40336319	0
19	40341891	40336319	0
19	40343806	40341838	1
19	40348387	40341785	0
19	40348515	40341838	0
19	40348520	40336319	0
19	40348528	40341838	1
19	40365586	40365717	20
19	40366685	40366772	1
19	40366916	40367600	4
19	40366916	40367695	4
19	40381169	40379270	0
19	40384140	40380322	0
19	40398817	40393767	0
19	40403863	40393767	0
19	40403863	40398619	0
19	40408032	40403705	0
19	40408032	40407456	0
19	40426026	40421591	5
19	40441386	40440846	20
19	40442516	40441805	13
19	40442599	40440843	15
19	40444063	40441547	4
19	40444276	40442322	3
19	40444706	40440843	1
19	40451493	40447764	0
19	40451493	40447788	0
19	40451493	40447794	0
19	40451493	40447802	0
19	40451493	40447820	0
19	40458245	40447788	0
19	40458546	40447788	0
19	40549399	40549399	0
19	4055248	4044363	13
19	4055248	4047741	30
19	40572193	40572337	0
19	40577285	40577395	3
19	40577442	40577556	1
19	40578213	40578447	38
19	40578213	40578461	38
19	40617021	40617099	18
19	4062750	4061614	24
19	4065733	4053970	12
19	4066946	4053970	12
19	40670021	40665904	0
19	40670021	40667033	0
19	40670021	40667340	0
19	40673650	40669897	2
19	40677422	40673343	1
19	40677422	40673443	1
19	40677422	40673521	2
19	40677422	40673551	2
19	40681058	40677231	0
19	40682803	40680916	0
19	40682803	40680986	0
19	40682803	40680997	0
19	40682803	40681002	0
19	40682856	40680916	0
19	40684557	40682893	8
19	40684557	40683023	6
19	40684956	40682893	10
19	40686996	40684416	27
19	40690123	40684416	24
19	40690554	40684416	36
19	40693038	40691528	3
19	40693038	40691529	3
19	40700452	40700066	1
19	40701460	40700066	9
19	40702694	40700309	6
19	40702694	40700404	9
19	40703623	40702598	2
19	40703623	40702599	2
19	40703856	40703540	7
19	40705182	40703368	14
19	40705182	40703714	16
19	40705182	40703721	16
19	40705182	40703741	17
19	40705448	40703714	15
19	40705448	40705095	16
19	40705448	40705117	16
19	40710137	40703714	2
19	40710137	40704167	1
19	40710137	40705095	8
19	40710137	40705311	4
19	40710137	40705324	4
19	40710137	40705341	4
19	40710137	40705366	2
19	40714134	40705095	3
19	40714134	40705333	2
19	40714134	40710058	2
19	40714134	40710061	2
19	40714134	40710094	1
19	40714154	40710058	2
19	40714398	40710058	0
19	40714636	40714277	0
19	40714786	40714277	0
19	40715072	40714530	0
19	40715074	40714530	0
19	40715085	40714277	0
19	40715086	40714277	0
19	40715099	40714530	0
19	40715107	40714277	0
19	40715614	40714530	0
19	40715617	40714602	0
19	40715786	40714277	0
19	40715968	40714530	0
19	40716886	40714530	0
19	40716897	40714530	0
19	40718208	40714530	1
19	40741681	40740861	32
19	40741865	40740855	34
19	40742190	40741790	36
19	40742190	40741821	37
19	40742771	40741691	31
19	40742771	40741693	31
19	40742771	40742072	45
19	40743976	40740855	10
19	40743976	40742514	6
19	40743982	40740855	11
19	40743982	40740860	11
19	40743982	40740861	11
19	40743982	40742072	8
19	40743982	40742398	9
19	40743982	40742576	6
19	40745199	40744558	8
19	40749554	40745129	9
19	40749595	40744943	5
19	40749606	40745129	8
19	40749608	40745129	8
19	40749924	40745129	5
19	40750938	40751386	77
19	40750978	40751386	87
19	40780098	40780384	46
19	40780100	40780384	48
19	40794800	40779779	20
19	40796944	40794525	25
19	40799639	40800338	7
19	40799707	40800338	8
19	40799778	40800338	9
19	40799807	40800338	9
19	40799831	40800338	9
19	40799969	40800338	14
19	40799973	40800338	11
19	40806675	40807137	19
19	40807275	40807483	25
19	40807552	40807808	32
19	40807914	40808160	93
19	40808925	40808524	2
19	40809633	40808785	2
19	40809862	40809446	5
19	40810120	40809728	3
19	40810496	40809946	2
19	40810811	40810336	3
19	40811098	40808473	3
19	40821629	40818720	1
19	40825262	40818413	1
19	40837211	40831220	10
19	40844773	40843537	0
19	40844853	40843540	0
19	40845482	40844630	1
19	40846098	40844921	0
19	40846098	40845293	0
19	40847052	40845955	2
19	40847052	40846028	2
19	40876445	40875797	0
19	40876669	40875438	0
19	40877378	40876526	0
19	40877994	40877074	0
19	40877994	40877189	0
19	40878937	40877851	0
19	40880091	40878759	0
19	40880245	40878759	0
19	40880245	40878876	0
19	40891399	40891990	0
19	40909373	40908479	0
19	409171	405437	0
19	4094499	4090320	15
19	4094499	4090323	15
19	4094499	4090332	15
19	4094499	4090433	28
19	4094499	4090596	28
19	4095450	4090323	20
19	4095450	4094452	48
19	4097344	4094452	16
19	4097344	4095387	14
19	4099415	4097278	14
19	4099852	4097278	17
19	4100073	4099200	102
19	4100680	4097278	84
19	4101048	4097278	68
19	4101144	4095387	14
19	4101144	4099194	50
19	4101144	4099200	51
19	4101144	4099408	84
19	4101273	4101018	10
19	4101281	4100458	22
19	4101281	4101018	10
19	4101281	4101070	9
19	41025769	41024267	0
19	41052166	41050448	0
19	41124907	41125492	0
19	41125635	41125738	2
19	41222052	41221425	39
19	41264606	41264734	216
19	41302721	41301586	44
19	41332282	41302623	10
19	41332282	41330322	8
19	41342031	41332127	5
19	41342248	41332054	2
19	41342248	41341882	2
19	41344841	41342169	0
19	41344865	41342020	0
19	41344865	41342169	0
19	41358023	41354420	3
19	41358023	41354686	3
19	41363078	41357896	3
19	41363524	41357896	1
19	41363524	41361009	2
19	41382922	41383560	8
19	41382922	41383714	9
19	41382922	41383862	11
19	41382922	41383873	11
19	41382922	41383885	12
19	41383633	41383862	7
19	41383633	41383873	8
19	41387604	41386373	15
19	41387604	41386414	19
19	41391963	41389764	22
19	41392147	41391889	8
19	41392981	41386375	17
19	41392981	41391536	7
19	41392981	41391840	8
19	41397343	41391840	2
19	41410817	41410922	0
19	41425551	41426085	3
19	41427363	41426055	1
19	41427559	41425410	1
19	41427571	41425358	2
19	41432409	41431748	50
19	41433435	41431318	18
19	41433435	41431338	19
19	41433435	41431987	23
19	41433435	41432314	22
19	41433674	41431317	10
19	41433674	41431318	10
19	41433674	41431755	29
19	41433674	41431871	19
19	41433674	41432845	20
19	41433674	41432853	18
19	41433674	41432928	20
19	41433674	41433223	17
19	41433674	41433271	20
19	41433674	41433283	20
19	41436440	41433536	8
19	41436473	41433439	8
19	41436473	41433536	6
19	41436473	41433626	5
19	41438415	41433536	8
19	41439538	41433536	5
19	41439540	41438217	7
19	41439577	41438217	7
19	41439897	41438217	5
19	41439906	41438217	5
19	41439909	41438217	5
19	41439911	41438217	5
19	41439911	41438234	5
19	41439937	41438217	5
19	41440718	41438217	6
19	41456488	41454537	0
19	41456924	41456255	0
19	41456924	41456360	0
19	41474540	41456028	0
19	41479285	41454168	0
19	41479285	41455695	0
19	41495428	41455778	0
19	41500645	41455316	0
19	41521990	41521042	0
19	41531334	41531425	0
19	41531576	41531869	0
19	41535602	41535713	0
19	41535602	41535727	0
19	41535784	41536597	0
19	41535784	41536600	0
19	41605672	41605340	0
19	41619712	41618970	0
19	41620243	41619544	0
19	41620243	41619669	0
19	41625961	41621650	0
19	41627075	41625566	0
19	41627075	41625600	0
19	41640603	41639658	0
19	41677504	41673306	0
19	41677504	41674442	0
19	41684064	41677375	0
19	41687222	41677408	0
19	41687222	41683784	0
19	41687222	41684044	0
19	41715250	41715649	0
19	4175112	4174108	72
19	4175112	4174140	60
19	4175152	4174108	75
19	4175152	4174109	75
19	4175152	4174635	75
19	4175152	4174703	75
19	4175761	4174108	61
19	4175761	4174703	62
19	4175761	4174860	81
19	4175761	4175027	61
19	4175938	4174619	71
19	4175938	4174703	73
19	4175938	4174877	69
19	4175938	4175027	54
19	4175938	4175571	55
19	4175938	4175679	46
19	4177139	4175027	17
19	4177139	4175679	11
19	4177139	4175790	9
19	4177139	4175841	6
19	41786894	41757897	0
19	41808931	41809299	0
19	4180910	4177078	6
19	4180910	4179103	22
19	4182280	4180781	0
19	4182501	4180781	0
19	4182531	4179103	0
19	4182534	4180781	0
19	4182535	4180781	0
19	4182545	4179103	0
19	4182547	4180611	0
19	4182548	4180781	0
19	4182551	4180781	0
19	4182566	4179103	0
19	4182567	4180781	0
19	4182605	4180781	0
19	41838262	41837073	0
19	41850373	41850525	0
19	41850701	41851583	0
19	41861213	41861479	51
19	41879176	41879534	0
19	41879290	41879534	0
19	41892124	41892330	135
19	41898114	41898441	337
19	419057	416582	0
19	419057	416588	0
19	419057	417199	0
19	41906621	41906702	14
19	41909178	41907704	1
19	41957120	41956680	2
19	41957120	41956685	2
19	41957120	41956780	3
19	41957500	41956691	2
19	41958384	41956680	2
19	41958384	41956878	7
19	41958384	41957017	2
19	41958384	41957033	2
19	41958915	41957017	5
19	41958949	41957858	4
19	41958949	41958285	4
19	41959303	41958151	8
19	41959311	41958285	4
19	41967341	41958735	0
19	41967341	41966581	0
19	41967341	41966583	0
19	41967341	41966620	0
19	41967764	41966581	0
19	41967764	41967248	0
19	41985187	41981907	0
19	41985343	41984253	0
19	41985424	41984917	0
19	41985424	41985066	0
19	41985999	41985305	0
19	41986702	41985209	0
19	419880	416588	0
19	41988140	41986115	0
19	41988378	41987935	0
19	41988378	41987998	0
19	41988558	41988204	0
19	41988563	41988317	0
19	41988602	41988317	0
19	41990952	41988507	0
19	41992954	41988489	0
19	41993080	41988490	0
19	41993468	41988475	0
19	41993523	41988475	0
19	41993865	41988475	0
19	41994080	41988475	0
19	41994215	41988475	0
19	41994231	41988475	0
19	41994233	41988475	0
19	41994271	41988475	0
19	41994277	41988475	0
19	41997498	41988475	0
19	42003454	41998320	0
19	42003454	41998813	0
19	42003454	41999242	0
19	42003454	42001785	0
19	42021475	42006644	0
19	42022057	42021300	0
19	42022057	42021330	0
19	42091941	42089352	3
19	42091941	42091159	4
19	42092135	42090204	3
19	42092271	42086109	3
19	42092271	42089552	2
19	42092271	42089789	4
19	42092271	42091077	2
19	42092271	42091148	4
19	42092271	42091229	3
19	42092271	42091866	2
19	42093896	42091814	0
19	42093896	42091866	0
19	42093896	42092068	0
19	42095406	42093828	0
19	42095463	42093466	1
19	42095463	42093828	1
19	42095930	42095544	2
19	42096196	42095787	1
19	42096244	42095787	1
19	42096244	42095808	1
19	42099619	42095787	0
19	42099619	42096081	0
19	42099822	42099328	0
19	42099822	42099526	0
19	42110606	42099715	0
19	42110757	42110546	0
19	42117006	42099715	0
19	42117367	42099714	0
19	42117367	42099715	0
19	42117367	42110700	0
19	42117367	42110705	0
19	42117367	42116782	0
19	42117367	42116923	0
19	42117433	42099715	0
19	42117433	42116708	0
19	42122183	42099715	0
19	42122183	42117249	0
19	42122183	42117265	0
19	42122379	42122092	0
19	42122379	42122125	0
19	42160393	42122510	0
19	42202073	42199464	6
19	42202073	42199792	6
19	42204560	42199566	4
19	42204560	42199593	3
19	42209841	42198597	0
19	42209841	42198612	0
19	42209841	42198615	0
19	42209841	42199358	0
19	42209841	42199602	2
19	42209841	42201713	2
19	42209841	42201854	2
19	42209841	42201903	3
19	42209841	42201988	3
19	42209841	42202050	3
19	42215253	42209699	0
19	42215253	42211911	0
19	42217046	42209699	1
19	42217046	42215132	1
19	42217046	42215147	1
19	42217046	42215227	3
19	42217702	42215132	1
19	42217707	42215132	1
19	42217709	42215147	1
19	42217713	42215132	1
19	42217725	42215132	1
19	42217743	42215132	1
19	42217758	42215132	1
19	42220141	42215132	0
19	42230868	42230221	89
19	42232150	42230185	26
19	42232150	42230189	26
19	42232150	42230541	43
19	42232150	42230678	30
19	42234679	42234352	31
19	42236717	42234547	8
19	42236717	42234582	8
19	42249943	42247571	102
19	42249943	42248156	205
19	42249943	42249592	113
19	42249943	42249621	109
19	42250173	42249527	120
19	42250442	42249826	118
19	42250566	42249826	111
19	42251441	42250443	95
19	42253900	42250330	64
19	42254636	42250330	58
19	42255108	42250129	50
19	42255133	42239954	9
19	42255158	42250330	64
19	42300093	42297032	14
19	42300093	42297035	14
19	42300093	42297279	14
19	42300093	42297315	15
19	42300288	42299969	18
19	42300288	42300008	18
19	42300288	42300041	13
19	42300288	42300088	13
19	42302040	42299916	6
19	42302040	42300170	5
19	42302729	42302231	6
19	42302771	42302231	5
19	42302778	42302231	3
19	42303547	42302231	1
19	42310186	42310270	1
19	42321378	42321574	0
19	42387477	42387018	0
19	42387477	42387100	0
19	42403032	42401506	4
19	42403032	42401815	4
19	42403056	42402036	3
19	42405562	42402606	4
19	42405838	42402672	4
19	42407469	42406160	3
19	42407792	42407173	2
19	42407792	42407399	3
19	42408122	42407605	2
19	42408323	42407975	0
19	42408323	42408086	0
19	42408323	42408094	0
19	42410843	42408231	0
19	42410843	42408310	1
19	42412348	42410581	3
19	42412449	42410306	2
19	42423204	42410306	0
19	42423223	42408231	0
19	42424124	42410306	0
19	42425072	42424383	0
19	42427427	42410306	0
19	42433078	42428287	0
19	42433095	42428532	0
19	42510921	42507303	0
19	42510921	42507305	0
19	42510921	42507313	0
19	42510921	42509091	0
19	42510921	42509099	0
19	42510921	42509102	0
19	42510921	42509206	0
19	42511085	42509103	0
19	42511411	42510888	0
19	42511629	42510888	0
19	42512480	42510888	0
19	42519236	42512349	0
19	42519464	42512349	0
19	42521522	42512349	0
19	42521522	42515010	0
19	42521522	42516772	1
19	42521522	42518515	0
19	42521522	42518947	0
19	42522203	42520541	0
19	42522203	42521266	1
19	42527401	42521923	0
19	42527789	42527047	2
19	42527823	42527061	2
19	42528381	42527040	3
19	42528447	42527040	3
19	42528450	42527040	3
19	42528467	42527040	3
19	42528470	42527040	3
19	42528479	42527040	3
19	42528482	42527040	3
19	42528510	42527040	3
19	42561235	42527744	0
19	42561751	42560432	0
19	42583338	42580240	0
19	42589039	42583205	0
19	42595056	42583084	0
19	42626052	42620211	0
19	42724026	42721637	0
19	42724026	42721641	0
19	42729217	42723941	0
19	42729378	42721702	0
19	42729378	42723941	0
19	42729378	42723981	0
19	42730057	42723941	0
19	42733063	42729777	0
19	42733727	42732783	0
19	42734196	42733588	0
19	42739090	42731907	0
19	42739090	42732783	0
19	42739090	42733386	0
19	42754588	42752685	0
19	42754588	42752691	0
19	42754588	42752724	0
19	42754588	42752726	0
19	42755267	42754232	0
19	42755267	42754332	0
19	42756125	42752690	0
19	42758281	42754332	0
19	42758281	42754987	0
19	42758281	42754991	0
19	42764282	42754332	0
19	42764282	42754987	0
19	42764282	42758001	0
19	42765663	42758001	0
19	42765664	42763691	0
19	42765668	42758601	0
19	42765670	42758601	0
19	42765679	42763915	0
19	42765680	42763915	0
19	42785966	42781205	0
19	42839765	42839367	0
19	42844614	42839555	0
19	42845295	42844356	0
19	42845295	42844358	0
19	42855692	42763915	0
19	42868356	42866463	0
19	42868356	42866465	0
19	42868356	42866470	0
19	42868356	42866482	0
19	42868356	42867192	0
19	42869035	42867205	0
19	42869035	42868100	0
19	42870646	42868100	0
19	42872046	42868100	0
19	42872046	42868755	0
19	42878104	42871766	0
19	42878279	42868100	0
19	42878279	42868755	0
19	42878279	42871766	0
19	42878279	42874101	0
19	42878279	42876738	0
19	42878425	42871800	0
19	42907177	42902078	0
19	42907177	42902085	0
19	42907177	42902120	0
19	42907177	42903615	0
19	42907855	42906921	0
19	42907938	42906921	0
19	42910805	42907575	0
19	42910859	42906635	0
19	42910859	42906921	0
19	42910859	42907575	0
19	42910859	42907724	0
19	42916399	42910579	0
19	42916488	42909698	0
19	42916488	42910579	0
19	42917838	42916124	0
19	42917859	42916124	0
19	42917883	42916124	0
19	42917888	42910579	0
19	42918011	42910475	0
19	42919564	42915301	0
19	42926028	42924139	0
19	42926028	42924331	0
19	42926717	42924878	0
19	42926717	42925772	0
19	42927578	42924131	0
19	42929721	42926437	0
19	42935558	42929188	0
19	42935770	42929441	0
19	42937099	42929441	0
19	42937167	42935403	0
19	42937174	42935403	0
19	42937179	42936156	0
19	4294681	4292231	0
19	4294681	4292598	0
19	4294817	4292231	0
19	42950388	42949502	0
19	43010042	43007655	0
19	43010042	43007657	0
19	43010042	43007899	0
19	43010707	43007829	0
19	43015210	43009957	0
19	43015275	43010269	0
19	43015371	43009957	0
19	43016046	43014253	0
19	43016046	43015115	0
19	43016046	43015119	0
19	43019048	43017230	0
19	43019049	43015115	0
19	43019049	43015766	0
19	43019713	43018769	0
19	4302386	4292598	0
19	43024845	43018341	0
19	43025057	43014080	0
19	43025057	43015115	0
19	43025057	43015766	0
19	43025057	43018769	0
19	43025057	43019372	0
19	43025353	43024690	0
19	43026449	43024690	0
19	43026455	43024466	0
19	43026463	43024690	0
19	43026467	43018769	0
19	43026470	43018769	0
19	43026475	43018687	0
19	43026513	43024690	0
19	43040629	43035868	0
19	43066601	43064210	0
19	43066601	43065488	0
19	43071955	43066516	0
19	43072630	43071770	0
19	430748	422145	0
19	430748	425096	0
19	43075408	43071699	0
19	43075633	43071699	0
19	43082669	43080880	0
19	43082669	43081786	0
19	43083046	43072350	0
19	43097361	43096455	0
19	43170139	43166255	0
19	43170139	43167742	0
19	43170566	43168121	0
19	43170572	43167771	0
19	43175470	43170054	0
19	43176149	43174122	0
19	43176149	43175214	0
19	43179158	43175869	0
19	43184936	43180346	0
19	43185148	43170054	0
19	43185148	43175662	0
19	43185148	43175869	0
19	43185148	43178878	0
19	43185148	43183281	0
19	43194595	43192701	0
19	43194595	43192703	0
19	43194595	43192750	0
19	43194595	43193605	0
19	43194887	43192737	0
19	43195150	43193954	0
19	43195274	43194339	0
19	43195274	43194405	0
19	43195274	43194508	0
19	43198080	43194994	0
19	43198131	43194994	0
19	43198275	43196457	0
19	43198276	43194339	0
19	43198276	43194397	0
19	43198276	43194994	0
19	43198276	43194998	0
19	43198938	43197996	0
19	43204052	43197743	0
19	43204252	43194339	0
19	43204252	43194994	0
19	43204252	43197996	0
19	43204252	43198257	0
19	43204615	43203885	0
19	43204948	43203885	0
19	43205552	43197996	0
19	43205564	43203885	0
19	43205613	43198597	0
19	43205634	43197996	0
19	43205636	43197996	0
19	43205639	43197914	0
19	43205775	43203885	0
19	43207300	43203088	0
19	43215380	43211790	0
19	43220243	43215252	0
19	43220872	43219987	0
19	43222959	43219987	0
19	4324530	4324042	2
19	4324665	4324043	3
19	4324668	4324042	3
19	4325309	4324042	3
19	4325309	4324454	2
19	4325309	4324609	0
19	4325546	4324878	0
19	4325546	4325215	0
19	43258457	43211790	0
19	43258457	43211791	0
19	43258457	43253278	0
19	43258457	43253281	0
19	43258457	43253282	0
19	43258457	43253286	0
19	43259136	43258201	0
19	43260747	43258201	0
19	43262139	43257159	0
19	43262139	43258201	0
19	43268150	43257164	0
19	43268150	43258201	0
19	4326953	4325395	0
19	4327008	4324454	0
19	4327008	4324816	0
19	4327008	4325395	0
19	4327008	4325417	0
19	4327008	4325458	0
19	43283691	43278932	0
19	43304524	43303170	0
19	43331431	43329294	0
19	43362628	43360684	0
19	43368971	43362469	0
19	43373336	43372741	0
19	43463288	43460786	0
19	43463288	43461800	0
19	43463770	43461442	0
19	43464457	43463125	0
19	43464457	43463598	0
19	43465607	43464324	0
19	43465609	43464004	0
19	43465661	43464324	0
19	43478133	43474953	0
19	43478133	43475102	0
19	43479492	43478046	1
19	43479594	43478046	0
19	4348231	4347779	1
19	43486323	43478046	1
19	43486323	43479376	0
19	43486323	43479453	1
19	43486323	43479512	1
19	434866	430683	0
19	434866	430740	0
19	43494816	43479449	4
19	43497280	43495255	8
19	43497280	43495494	7
19	43497829	43497117	0
19	43497877	43496017	3
19	43497877	43497117	0
19	43501872	43497747	0
19	43502284	43501529	0
19	43502284	43501733	0
19	43504133	43502100	1
19	43504239	43502193	3
19	43504415	43502165	4
19	43508061	43506718	0
19	43508061	43506791	0
19	43508865	43507627	6
19	43508865	43507636	7
19	43508865	43507943	7
19	43511567	43508774	4
19	43526239	43526426	15
19	43526350	43511436	4
19	43526350	43511468	10
19	43526660	43511436	4
19	43526660	43526200	22
19	43527193	43526514	0
19	43527202	43526514	0
19	43527206	43526514	0
19	43527223	43526514	0
19	43527231	43526200	1
19	43527245	43526514	0
19	4354058	4347243	5
19	43543688	43543039	2
19	43543688	43543311	0
19	43551688	43546883	4
19	43552276	43551570	18
19	43552844	43552016	0
19	43552909	43552016	0
19	43552909	43552077	0
19	43552909	43552243	0
19	43553092	43552072	0
19	43553092	43552796	4
19	43553513	43552796	0
19	43553513	43552981	4
19	43553513	43552990	4
19	43553513	43553064	3
19	43554805	43553608	0
19	43560950	43554645	0
19	43561021	43554645	0
19	43561021	43554691	0
19	4357422	4357514	3
19	43575003	43554645	0
19	43575003	43560909	0
19	43575505	43574528	0
19	43575507	43574909	0
19	43575528	43574909	1
19	43575564	43560909	0
19	4357586	4357950	12
19	4357586	4358082	12
19	43576007	43574909	3
19	43580435	43560909	1
19	43580474	43574909	0
19	43581704	43581867	1
19	43593008	43586276	47
19	43593037	43560909	1
19	43595341	43584368	19
19	43595525	43591873	6
19	43596136	43594808	0
19	43596136	43594930	1
19	43596586	43597093	1
19	43596586	43597096	1
19	43596639	43597093	2
19	43596744	43597093	2
19	43596744	43597096	2
19	43608604	43607627	8
19	43614435	43607218	8
19	43614435	43608504	10
19	43619600	43614228	2
19	43619629	43613936	3
19	43619875	43614228	2
19	4362386	4360369	48
19	4362386	4360370	48
19	4362386	4361315	48
19	43624243	43622367	38
19	43625251	43624113	17
19	43625251	43624835	14
19	436269	434708	0
19	436292	434708	0
19	436292	435778	0
19	4363879	4363369	14
19	4364121	4363719	11
19	4364222	4363719	12
19	4364222	4363821	13
19	4364222	4363852	13
19	43652372	43646094	13
19	43652372	43648575	13
19	43652372	43648579	13
19	43652372	43651823	9
19	43655574	43648578	10
19	43655574	43652224	22
19	43655574	43652225	22
19	43655574	43652263	22
19	4365626	4363719	8
19	4365626	4364087	8
19	43656574	43655438	3
19	43656617	43655438	4
19	43656641	43652224	12
19	43656641	43655438	5
19	43656641	43655512	6
19	43656803	43652040	9
19	43661443	43656478	7
19	43661549	43656565	18
19	43665460	43656478	9
19	4366574	4364087	3
19	4366574	4365481	6
19	4366574	4365572	5
19	43667692	43656478	5
19	43667692	43665109	0
19	43667692	43665315	0
19	43667692	43665356	0
19	43668245	43667580	0
19	43668257	43667580	0
19	43668305	43667580	0
19	43668321	43667580	0
19	4366995	4366500	2
19	4366995	4366502	2
19	43670142	43660973	5
19	43670154	43667580	1
19	43670167	43667580	1
19	43670168	43667580	1
19	43670169	43667214	0
19	43670351	43667580	0
19	43670548	43667580	1
19	43733003	43727991	10
19	43733111	43731389	26
19	43733453	43732269	21
19	43733453	43732857	8
19	43733734	43733323	33
19	43733734	43733423	34
19	43734080	43733343	41
19	43734496	43733625	50
19	43734826	43733625	63
19	43737683	43734388	134
19	43737683	43734459	188
19	43738218	43737596	54
19	43740219	43737849	26
19	43740219	43738121	18
19	43744885	43738121	5
19	43747540	43744771	4
19	43747735	43747441	5
19	43747898	43747441	6
19	43747898	43747478	6
19	43748053	43747632	3
19	43748053	43747654	7
19	43748053	43747676	6
19	43748053	43747761	4
19	43748053	43747776	4
19	43750748	43747796	0
19	43750748	43747977	0
19	43767708	43766532	49
19	43767708	43766538	47
19	43767708	43766585	54
19	43767708	43766821	102
19	43767708	43766952	96
19	43768978	43766532	20
19	43769033	43767539	47
19	43769033	43767576	45
19	43769158	43767539	41
19	43769561	43767451	45
19	43774350	43771999	53
19	43774497	43771999	47
19	43774620	43771999	57
19	43774620	43774191	211
19	43776637	43774191	76
19	43776637	43774560	130
19	43776827	43774218	161
19	43780977	43771999	38
19	43795659	43794308	0
19	43798602	43795928	0
19	43798602	43796240	0
19	43798602	43796958	0
19	43798602	43797681	0
19	43798697	43797495	0
19	43798989	43798454	0
19	43798989	43798459	0
19	43798989	43798501	0
19	43799068	43798454	0
19	43827200	43799705	0
19	43827207	43822056	0
19	43837133	43837229	10
19	43880137	43872362	1
19	43880143	43872366	1
19	43883965	43880009	1
19	43884052	43881639	2
19	43900955	43883955	1
19	43900955	43891803	3
19	43901386	43900867	10
19	43901512	43900917	9
19	43901806	43900867	9
19	43918963	43912628	12
19	43918963	43912630	12
19	43918963	43913128	1
19	43918963	43914940	5
19	43931366	43929956	3
19	43932691	43925324	1
19	43932691	43931246	4
19	43934543	43932402	4
19	43934695	43932603	3
19	43999233	43996898	8
19	44002834	43998522	0
19	44002837	43996895	1
19	44025020	44023603	0
19	44112957	44111950	1
19	44113146	44105462	3
19	44165614	44165756	4
19	44172953	44174983	16
19	44172953	44175497	19
19	44234870	44228728	2
19	44298904	44234754	1
19	44298904	44236109	2
19	44298904	44274751	0
19	44298904	44286349	0
19	44298904	44286363	0
19	44298904	44288804	3
19	4430935	4429688	2
19	44336719	44326554	1
19	44336719	44326942	0
19	44336719	44329520	4
19	44336719	44329694	4
19	44336719	44329707	4
19	44336719	44329719	4
19	44336719	44329787	4
19	44392467	44382297	1
19	44392467	44385648	1
19	44392467	44385928	1
19	44392467	44387921	0
19	44394541	44392205	2
19	44394541	44392339	3
19	44397257	44340415	0
19	44397257	44387661	3
19	44397257	44392339	2
19	44397257	44392438	2
19	44397257	44394519	1
19	44401576	44397198	0
19	44401577	44397198	0
19	44401590	44397198	0
19	44401602	44396663	0
19	44401602	44397198	0
19	44401609	44397198	0
19	44432367	44426250	10
19	44432367	44426254	10
19	44432367	44426707	17
19	44442622	44397198	0
19	44442622	44417518	3
19	44442622	44431766	0
19	44442622	44432221	4
19	44442622	44432239	4
19	44442622	44432338	1
19	4446198	4444998	49
19	4446198	4445005	44
19	4446198	4445009	44
19	4446198	4445090	79
19	4446414	4445009	67
19	4446414	4445475	67
19	4446414	4446048	80
19	4446621	4446048	66
19	4446699	4446048	62
19	4446720	4446282	92
19	4446921	4446048	50
19	4446921	4446499	47
19	4447326	4447699	24
19	4447626	4446835	27
19	44479410	44474427	7
19	44479410	44475636	7
19	44479410	44475638	7
19	44479410	44475643	7
19	44479410	44477789	0
19	44479410	44477848	0
19	4448117	4446499	39
19	4448416	4447549	28
19	44484436	44478103	4
19	44484436	44479282	4
19	44484436	44479409	7
19	4448871	4447549	51
19	44496666	44484649	2
19	44497373	44479282	1
19	44497373	44484360	1
19	44497373	44496547	1
19	44497378	44484360	1
19	44497378	44485035	2
19	44497378	44496547	1
19	44500523	44484360	1
19	44500523	44496547	1
19	44511156	44501676	0
19	44511156	44506158	0
19	44511156	44511009	0
19	4452413	4447838	44
19	4452493	4448317	24
19	4452493	4448395	25
19	4453523	4448317	42
19	44536614	44536262	0
19	44539297	44537057	0
19	44543016	44540999	0
19	44543933	44542760	0
19	44543933	44542797	0
19	44547434	44543653	0
19	44549080	44547178	0
19	44549167	44547178	0
19	44549177	44547312	0
19	4455299	4453929	21
19	4455439	4453929	16
19	4457823	4453929	1
19	4458760	4457961	0
19	44620822	44556601	0
19	44682621	44683433	0
19	44682621	44683436	1
19	44699178	44632198	0
19	4471280	4457961	0
19	4471494	4470500	0
19	44716082	44699083	0
19	44718632	44715949	0
19	44718686	44715563	0
19	44718760	44716107	0
19	4475031	4475274	1
19	44758414	44758723	12
19	44758474	44758723	12
19	44818883	44819055	8
19	44819727	44820704	7
19	44890877	44882026	1
19	44891315	44891406	153
19	44891315	44891409	153
19	44901311	44903029	187
19	44901453	44903029	244
19	44914490	44914671	0
19	44914490	44914871	0
19	44914734	44914871	0
19	44926830	44926955	0
19	44926833	44926955	0
19	44948819	44949158	0
19	44948861	44949158	0
19	44951027	44950043	2
19	4501318	4501461	44
19	4501318	4501910	57
19	4501318	4501913	58
19	45034313	45034450	7
19	4504948	4502179	4
19	4504948	4502191	1
19	45052893	45053097	70
19	45069125	45069201	21
19	45070562	45070802	50
19	45075863	45071499	0
19	45075863	45071500	0
19	45076588	45076075	2
19	45076589	45075712	2
19	45090375	45085328	22
19	45090392	45076509	23
19	45136978	45135992	2
19	45142212	45142302	51
19	45142459	45143520	34
19	45143634	45144853	44
19	45145261	45145352	60
19	45146050	45146389	38
19	45146481	45146570	41
19	45155917	45149749	1
19	45164010	45162927	1
19	45164010	45162932	1
19	45164010	45163140	2
19	45164971	45164163	1
19	45165195	45164724	0
19	45165195	45164852	0
19	45178228	45164852	1
19	45178238	45164852	1
19	45179943	45180267	6
19	45179943	45181271	13
19	45180414	45181271	19
19	45216195	45212620	0
19	45216195	45213068	0
19	45217684	45216072	0
19	4525077	4522530	0
19	4525077	4523908	0
19	4529254	4525632	0
19	4529867	4529072	0
19	4529867	4529409	0
19	45307651	45306413	0
19	4531823	4528426	0
19	4531823	4529277	0
19	4531823	4529783	0
19	4534096	4531626	0
19	45350432	45350513	66
19	45350552	45350640	152
19	45350748	45350953	121
19	45351018	45351285	226
19	4535186	4534014	0
19	4535225	4533248	0
19	4535225	4534014	0
19	45352353	45349836	31
19	45352353	45350889	28
19	45352353	45351390	33
19	45352353	45351594	34
19	45352650	45352208	7
19	45353156	45352745	9
19	45353335	45353082	7
19	45353335	45353149	7
19	45358939	45357269	72
19	45361643	45357629	99
19	45361643	45358758	99
19	45361932	45357629	44
19	45364058	45363742	68
19	45364120	45363742	66
19	45364332	45363985	34
19	45364332	45364036	38
19	45364332	45364090	37
19	45364548	45364234	10
19	45364955	45364235	20
19	45365159	45364837	10
19	45368744	45364234	10
19	45368744	45364423	9
19	45368744	45365041	11
19	45368747	45364234	14
19	45369148	45364234	5
19	45382593	45379637	3
19	45382727	45379633	0
19	45382727	45379637	0
19	45385619	45379637	2
19	45385729	45382526	1
19	45385729	45382563	2
19	4539185	4538473	0
19	45395887	45391879	2
19	45396260	45394652	3
19	45396260	45395435	0
19	45397059	45396337	11
19	45398148	45396544	1
19	45398148	45396871	2
19	45398340	45398004	0
19	45398340	45398022	0
19	4540068	4534014	0
19	4540475	4536408	0
19	45406719	45407093	29
19	45406725	45407093	27
19	45413746	45407332	46
19	45413746	45407333	46
19	45413746	45409545	59
19	45413746	45409613	65
19	45413746	45409615	65
19	45413746	45409667	62
19	45414035	45413433	22
19	45414035	45413435	22
19	45414035	45413676	22
19	45414478	45413962	26
19	45414617	45413962	30
19	45414961	45413435	28
19	45414961	45413676	28
19	45414961	45413962	26
19	45416860	45414860	20
19	45416898	45409618	24
19	45416898	45413676	28
19	45416898	45414737	25
19	45416898	45414860	24
19	45419187	45416820	26
19	45419198	45416490	35
19	45419198	45416820	27
19	45420383	45419410	16
19	45420428	45419097	14
19	45421394	45420323	15
19	45423382	45420323	6
19	45423486	45420323	5
19	4544530	4542913	43
19	45449245	45423269	0
19	4546275	4542592	0
19	4546275	4544416	0
19	4546470	4545789	0
19	4546470	4546215	0
19	45470413	45470628	28
19	45470950	45471193	10
19	45472707	45472846	71
19	45472707	45472847	71
19	45478829	45423269	0
19	45486114	45485288	2
19	45486114	45485293	2
19	45486114	45485637	2
19	45486114	45485648	2
19	45486114	45485681	2
19	45486114	45485695	2
19	45488518	45486054	0
19	45488570	45486054	0
19	45488974	45485934	1
19	45488987	45488470	0
19	45488987	45488636	0
19	45489104	45488636	1
19	45489554	45488759	2
19	45489554	45488847	2
19	45493221	45486054	1
19	45493239	45488847	1
19	45494421	45489345	2
19	45494421	45493159	1
19	45494906	45493885	4
19	45495006	45489345	0
19	45495006	45494117	0
19	45495006	45494165	0
19	45495140	45494525	1
19	45495140	45494554	1
19	45495215	45494525	1
19	45497056	45494525	0
19	45499412	45499948	3
19	45499726	45499948	2
19	45523696	45523840	2
19	45523878	45524096	1
19	45584820	45546280	2
19	45584843	45527426	2
19	45599754	45592232	0
19	45602209	45589763	0
19	45602213	45552883	0
19	45613672	45606993	3
19	45613672	45609399	0
19	45613672	45609401	0
19	45613672	45609637	6
19	45613672	45609661	6
19	45613672	45609719	6
19	45615890	45614604	1
19	45615890	45614825	3
19	45616153	45614604	3
19	45616496	45615801	51
19	45616559	45615801	44
19	45616854	45615801	16
19	45616854	45615858	24
19	45616854	45616460	16
19	45616854	45616484	15
19	45616854	45616495	15
19	45616854	45616499	15
19	45616854	45616517	17
19	45617698	45616764	8
19	45618944	45617629	1
19	45619091	45617629	2
19	45619192	45616764	2
19	45619192	45617629	1
19	45619192	45617676	1
19	45619495	45617629	3
19	45621333	45616764	17
19	45621333	45617629	15
19	45621333	45619059	31
19	45621638	45620811	18
19	45621638	45621162	17
19	45621638	45621206	17
19	45624783	45621482	6
19	45624819	45621206	10
19	45624819	45621482	5
19	45624819	45621553	3
19	45624819	45623455	15
19	45626753	45624718	9
19	45626840	45621206	11
19	45626840	45621482	6
19	45626840	45624718	6
19	45626840	45624719	6
19	45628796	45626704	8
19	45630033	45621206	5
19	45630047	45626704	3
19	45630047	45628697	8
19	45632663	45629950	7
19	45632972	45626704	8
19	45632972	45629950	4
19	45633112	45632860	3
19	45633140	45629963	1
19	45633140	45632860	3
19	45633140	45632905	3
19	45634472	45633069	7
19	45634472	45633107	7
19	45634497	45632860	5
19	45638874	45633069	3
19	45639105	45638504	2
19	45639243	45638844	2
19	45639392	45638844	2
19	45639396	45638844	2
19	45639398	45638844	2
19	45639402	45638844	2
19	45639404	45638844	2
19	45639428	45638844	2
19	45640132	45638844	4
19	45641746	45638844	2
19	45641749	45638844	2
19	45641767	45641878	2
19	45641767	45642224	6
19	45642042	45638844	2
19	45642042	45641640	5
19	45642073	45642224	12
19	45642353	45641671	11
19	45642353	45641917	18
19	45642382	45641917	13
19	45642563	45642133	13
19	45643728	45642133	2
19	45644918	45642133	0
19	45645350	45640929	0
19	45645357	45641917	1
19	45645630	45642133	0
19	45677662	45677905	0
19	45677780	45677905	0
19	45681646	45681728	0
19	45688467	45687459	54
19	45688567	45687453	35
19	45688567	45687461	35
19	45688567	45687462	35
19	45688567	45687510	46
19	45692317	45691886	3
19	45692334	45688386	20
19	45692570	45692153	2
19	45715279	45713455	20
19	45723497	45712943	1
19	45730905	45710628	2
19	45767156	45764784	21
19	45768113	45765392	47
19	45768628	45764888	20
19	45768852	45766349	16
19	45768856	45768041	28
19	45769054	45764785	9
19	45769227	45766349	17
19	45770641	45769846	431
19	45771057	45769719	144
19	45771057	45769846	334
19	45771057	45770249	142
19	45771061	45769716	147
19	45771061	45769724	147
19	45771061	45769735	147
19	45771397	45770970	138
19	45771666	45770380	121
19	45771666	45770509	108
19	45771666	45770921	80
19	45771666	45771349	68
19	45771929	45771532	62
19	45771929	45771567	62
19	45772713	45771770	42
19	45772753	45771567	59
19	45772753	45771770	49
19	45775035	45772640	57
19	45775269	45772640	47
19	45777038	45774947	44
19	45777448	45774948	44
19	45777591	45774948	51
19	45777874	45774948	44
19	45777874	45777326	93
19	45777874	45777341	97
19	45777955	45777565	134
19	45778221	45777666	12
19	45778221	45777693	12
19	45778221	45777769	10
19	45778642	45778126	14
19	45778951	45778126	59
19	45779169	45778492	55
19	45779360	45778492	50
19	45779360	45778634	58
19	45779523	45778546	51
19	45779523	45779263	1
19	45779570	45778902	24
19	45779620	45779263	0
19	45779870	45779436	1
19	45779870	45779438	1
19	45779870	45779470	1
19	45779870	45779471	1
19	45780507	45779438	177
19	45780604	45779438	200
19	45780748	45779438	181
19	45784716	45782192	92
19	45784716	45783008	61
19	45785660	45783938	54
19	45785714	45779777	43
19	45785714	45780213	172
19	45785714	45782192	77
19	45785714	45784640	48
19	45785974	45779777	107
19	45786872	45782946	52
19	45786872	45784640	48
19	45791046	45789258	10
19	45791088	45785593	21
19	45791088	45786849	21
19	45792438	45790566	11
19	45792774	45790904	12
19	45792803	45790904	10
19	45800564	45795709	0
19	45800564	45795712	0
19	45800564	45795764	0
19	45816184	45815409	3
19	45816184	45815427	3
19	45816184	45815434	3
19	45816184	45815447	3
19	45816184	45815467	3
19	45816578	45815850	0
19	45816615	45815895	12
19	45816975	45816481	13
19	45816975	45816482	13
19	45817134	45816481	10
19	45821486	45817958	42
19	45822847	45818912	39
19	45822847	45818954	36
19	45822847	45821383	10
19	45831589	45830053	23
19	45835229	45831169	0
19	45835229	45831383	1
19	45838616	45835077	0
19	45838616	45835095	1
19	45842490	45838460	0
19	45842490	45838592	0
19	45842733	45838554	1
19	45848877	45847751	1
19	45852386	45848749	1
19	45852386	45848762	2
19	45852386	45848829	2
19	45852536	45852311	0
19	45854241	45852481	0
19	45854508	45852481	0
19	45854508	45854174	4
19	45854508	45854194	4
19	45854586	45854174	4
19	45855711	45854174	24
19	45855808	45854174	18
19	45863143	45854174	0
19	45901826	45890019	5
19	45953947	45933733	0
19	45953947	45940893	0
19	45973310	45967393	0
19	45973547	45961009	0
19	46003167	46003418	3
19	46019648	46019152	1
19	46023066	46019525	5
19	46040417	46039747	0
19	46040417	46039823	0
19	46040569	46040156	3
19	46040767	46040322	3
19	460572	440861	0
19	46060294	46041051	0
19	46062929	46060184	0
19	46077095	46060184	0
19	46077119	46057673	0
19	460997	440861	0
19	46113864	46111078	0
19	46124157	46120070	0
19	46164652	46163892	0
19	46174030	46173534	0
19	46174053	46164577	0
19	46198443	46189165	0
19	46198443	46189635	0
19	46198443	46195777	0
19	46202735	46198286	1
19	46202967	46198099	1
19	46203035	46198407	0
19	46203063	46198407	0
19	46203084	46198407	0
19	46203084	46200786	0
19	46230389	46228963	0
19	46249777	46249393	0
19	46260859	46260419	0
19	46305136	46305244	0
19	46312268	46312505	0
19	46340005	46320196	0
19	46383170	46382491	80
19	46383477	46383779	56
19	46383477	46383783	58
19	46387454	46388407	7
19	46388449	46388552	1
19	46390133	46390283	42
19	46390853	46390514	59
19	46471115	46466490	2
19	46471115	46466497	2
19	46471115	46468527	21
19	46490121	46481084	0
19	46495880	46486905	0
19	46525785	46480795	0
19	46525785	46518678	0
19	46527073	46525475	0
19	46527073	46525662	0
19	4655525	4654963	12
19	46576718	46547055	0
19	46576718	46568077	0
19	4660004	4641373	6
19	4660004	4657544	6
19	46600862	46589563	0
19	46600932	46526924	0
19	46600933	46526924	0
19	46601201	46526924	0
19	4660751	4659687	5
19	4660751	4659930	1
19	46608589	46608845	29
19	46610780	46609276	182
19	46623575	46621166	0
19	46623600	46621166	0
19	46624238	46620467	0
19	46624238	46623129	0
19	46625038	46623457	0
19	46625073	46621166	0
19	46625073	46623457	0
19	46625119	46623457	0
19	46634686	46634075	0
19	4664907	4660668	2
19	4664938	4660579	1
19	4664938	4660668	0
19	46652813	46647611	0
19	46653076	46650147	0
19	46653076	46652659	0
19	46675119	46674274	2
19	46675119	46674313	2
19	46675119	46674315	2
19	46675119	46674316	2
19	46675119	46674318	2
19	46675119	46674319	2
19	46675119	46674338	2
19	46675119	46674345	2
19	46675119	46674507	2
19	46678664	46675032	1
19	46681749	46675032	0
19	46681749	46678365	1
19	46681749	46678395	1
19	46681749	46678528	8
19	46685522	46681649	0
19	46686181	46681649	0
19	46689699	46681649	0
19	46689699	46681682	0
19	46689699	46685424	0
19	46689710	46681649	0
19	46697851	46697156	0
19	46700953	46697732	0
19	46700953	46697839	1
19	46704392	46701034	3
19	46704650	46704168	1
19	46704650	46704336	1
19	46711039	46701034	2
19	46711039	46704486	6
19	46711039	46704494	6
19	46711039	46704633	8
19	46714002	46710906	0
19	46714024	46710906	0
19	46714033	46710353	1
19	46714325	46710906	0
19	46716221	46713862	4
19	46716245	46710906	3
19	46716260	46713862	5
19	46716536	46713862	2
19	46716597	46713862	2
19	46717083	46716130	46
19	46717113	46716164	37
19	46717115	46716130	39
19	46717116	46716130	37
19	46717128	46716130	32
19	46720772	46719506	84
19	46720772	46719510	87
19	46720772	46719512	87
19	46720772	46720070	84
19	46722073	46720408	65
19	46722073	46720535	78
19	46722341	46720535	44
19	46722341	46720698	61
19	46722341	46721985	52
19	46722951	46721985	36
19	46722951	46722241	39
19	46722951	46722337	36
19	46723212	46722809	67
19	46723285	46722809	63
19	46723285	46722859	69
19	46723285	46722933	68
19	46724893	46722922	33
19	46724929	46723113	45
19	46725380	46724806	7
19	46725380	46724827	7
19	46725633	46725331	98
19	46725649	46725331	113
19	46725649	46725332	113
19	46726266	46725331	159
19	46727547	46725472	198
19	46727568	46725472	209
19	46727692	46725331	188
19	46727692	46725472	174
19	46727692	46725480	175
19	46727960	46727451	141
19	46728008	46725472	98
19	46728008	46727451	126
19	46728008	46727452	126
19	46728127	46727451	104
19	46728316	46727451	50
19	46728332	46727893	2
19	46728407	46727893	2
19	46728778	46727451	8
19	46728778	46727893	6
19	46728778	46727906	6
19	46730858	46728617	2
19	46730874	46728617	2
19	46730874	46728684	3
19	46730874	46728686	3
19	46730932	46728617	5
19	46731789	46730731	2
19	46733237	46730731	3
19	46733237	46730732	3
19	46733237	46730835	2
19	46733450	46730731	3
19	46733876	46733038	13
19	46736350	46733038	5
19	46736902	46733038	4
19	46736902	46733074	4
19	46736902	46733109	4
19	46736902	46733199	3
19	46736902	46733815	5
19	46736902	46736204	3
19	46747682	46748026	11
19	46747733	46748026	11
19	46748666	46748774	21
19	467763	463345	0
19	467763	464166	0
19	46777110	46774882	7
19	46777110	46774884	7
19	46777110	46774923	31
19	46777406	46776974	50
19	46778909	46777210	12
19	46782550	46778674	11
19	46784145	46782382	4
19	46784145	46782435	10
19	46788595	46784516	15
19	4679947	4675223	2
19	4679947	4675225	2
19	4679947	4675763	33
19	4679947	4676463	44
19	4679947	4676563	48
19	4682839	4679834	8
19	4682839	4679836	9
19	46828441	46826894	0
19	4683325	4682695	8
19	4683630	4679834	6
19	4683630	4682695	9
19	4683630	4682943	8
19	4683630	4683189	13
19	46838800	46838135	5
19	46838800	46838157	5
19	46838800	46838166	5
19	46838800	46838171	6
19	46838800	46838445	3
19	46838800	46838446	3
19	46838821	46838171	6
19	46846143	46838739	13
19	46846143	46839464	15
19	46846149	46839464	15
19	4684810	4683476	2
19	4684811	4683476	1
19	4684863	4683476	3
19	46850317	46845992	16
19	46850767	46845992	11
19	46850770	46845992	11
19	46850778	46845992	8
19	46850826	46845650	4
19	46850835	46839464	9
19	46850993	46845992	9
19	4685684	4684662	67
19	4685748	4684662	60
19	4685772	4683476	11
19	4685772	4684662	60
19	4688804	4685625	6
19	4688893	4684662	7
19	4688893	4685625	1
19	4688893	4685627	1
19	4689684	4688756	4
19	4689723	4688291	2
19	4689723	4688756	3
19	4690907	4689569	1
19	4690958	4689569	1
19	4690958	4689655	2
19	4694736	4690877	3
19	4694824	4690877	1
19	4695095	4690877	3
19	4695556	4694316	4
19	4695556	4694660	4
19	4697652	4694317	7
19	4697652	4694660	7
19	46988067	46989543	0
19	46999145	46999303	6
19	47001715	47002137	29
19	4702717	4702026	0
19	4704055	4702602	7
19	4704055	4702683	7
19	47046686	47045906	15
19	4705971	4704130	1
19	47069344	47064186	16
19	47072122	47064191	7
19	47085196	47064858	8
19	47090190	47085317	0
19	47090190	47086383	0
19	47094081	47089966	0
19	47094081	47090018	2
19	47094488	47093748	2
19	47094609	47093969	2
19	4714221	4705857	34
19	4714307	4705857	23
19	4714338	4705857	12
19	4714338	4705862	12
19	4714338	4705898	17
19	4714338	4705914	19
19	4714338	4705925	22
19	4715727	4714080	4
19	4716128	4714245	5
19	4716153	4714186	5
19	4717889	4714203	9
19	4719325	4714080	12
19	4719942	4704130	12
19	4719942	4714080	6
19	4719942	4714105	6
19	4719942	4714160	6
19	4719942	4715528	5
19	4719942	4715889	5
19	4719942	4716052	8
19	4719942	4719202	5
19	4722305	4719850	2
19	4722552	4719617	3
19	4722552	4719850	3
19	4722552	4719922	3
19	47226755	47220823	11
19	47226755	47220826	11
19	47227190	47221644	7
19	4722732	4719850	2
19	47228447	47226563	2
19	47232767	47220823	1
19	47232767	47226563	2
19	4723836	4719850	4
19	47376098	47376442	42
19	47376561	47376914	14
19	47376561	47377099	16
19	47376990	47377099	12
19	47380993	47381185	79
19	47406527	47403123	2
19	47406527	47403124	2
19	47406527	47403125	2
19	47406527	47403171	2
19	47406972	47403127	0
19	47406972	47405955	0
19	47406972	47406459	0
19	47407138	47406887	0
19	47407429	47407078	0
19	47407567	47407078	1
19	47407636	47407097	2
19	47409153	47407351	0
19	47409248	47407078	0
19	47409248	47407351	0
19	47409248	47407468	0
19	47414867	47409435	1
19	47414939	47409435	1
19	47415102	47409435	3
19	47415102	47414716	1
19	47416703	47414835	2
19	47416703	47415050	3
19	47416703	47415062	3
19	47416726	47414716	4
19	47416964	47416651	1
19	47417351	47416803	3
19	47417899	47415875	1
19	47432446	47428016	0
19	47432446	47428660	0
19	47432446	47429739	0
19	47432569	47430234	0
19	47437562	47432166	0
19	47437562	47432406	0
19	47457595	47447808	0
19	47466148	47457512	0
19	47466420	47456929	0
19	47471864	47447808	0
19	47471869	47465728	0
19	47471873	47456929	0
19	47471894	47465734	0
19	47472169	47465728	0
19	47476188	47475149	0
19	47476715	47475143	1
19	47476715	47475192	3
19	47476939	47476531	1
19	47477782	47476802	4
19	47477782	47476843	4
19	47479941	47477705	5
19	47479941	47477720	6
19	47480834	47480297	24
19	47481034	47480297	25
19	47481034	47480556	21
19	47481034	47480691	13
19	47481034	47480722	9
19	47481034	47480759	10
19	47481034	47480763	10
19	47481034	47480826	11
19	47488390	47487641	343
19	47489762	47487636	16
19	47489762	47487637	16
19	47489762	47487661	42
19	47489762	47487678	43
19	47489762	47487679	43
19	47489762	47488234	44
19	47490857	47489710	13
19	47490857	47489721	13
19	47490857	47489753	9
19	47491476	47489710	15
19	47492045	47490787	83
19	47492120	47490787	99
19	47492120	47490843	105
19	47493046	47492014	126
19	47493046	47492060	142
19	47493175	47492960	114
19	47493494	47490787	126
19	47493494	47492014	97
19	47493494	47492585	79
19	47493494	47492876	38
19	47493494	47492949	38
19	47493494	47492993	42
19	47493494	47493017	36
19	47493494	47493082	33
19	47493494	47493100	35
19	47493494	47493118	32
19	47493641	47493118	29
19	47495597	47493070	19
19	47495597	47493415	17
19	47495827	47493415	21
19	47497097	47492014	31
19	47497503	47495549	26
19	47500750	47495549	18
19	47500750	47495772	19
19	47503503	47495549	15
19	47503503	47500632	8
19	47512767	47495549	3
19	47514946	47500632	3
19	47515023	47495549	10
19	47515040	47496595	6
19	47515059	47495549	11
19	47515092	47500632	2
19	47521655	47520684	0
19	47521655	47520689	0
19	47521655	47520690	0
19	47521655	47521223	0
19	47532271	47531641	0
19	47532973	47532127	0
19	47532973	47532166	0
19	47539879	47521853	0
19	47626396	47615698	0
19	47679334	47679335	18
19	4769170	4769283	0
19	47751108	47751519	22
19	47752608	47754526	31
19	47754632	47754708	73
19	47755823	47756527	139
19	47756605	47756687	12
19	47766820	47757035	2
19	47779857	47780724	28
19	47780132	47780733	26
19	47780732	47780734	11
19	47780918	47781107	6
19	47781001	47781107	13
19	47802981	47801479	0
19	47803559	47802547	0
19	47803674	47801242	0
19	47803690	47801242	0
19	47840434	47842553	0
19	47840755	47842511	0
19	47864500	47863482	0
19	47865342	47863615	0
19	47874835	47870465	0
19	4791208	4785119	0
19	4795556	4791744	103
19	4795560	4794981	72
19	47976855	47968045	0
19	48008694	48008694	0
19	48034363	48029952	0
19	48041604	48040604	0
19	48043882	48041328	0
19	48044054	48041572	0
19	48053148	48047842	0
19	48053148	48047843	0
19	48053148	48047845	0
19	48053148	48048342	0
19	48053148	48051796	0
19	48055050	48052953	0
19	48055050	48052992	0
19	48055050	48052996	0
19	48055060	48052996	0
19	48061838	48061359	0
19	48062153	48054877	0
19	48062153	48054889	0
19	48062153	48054921	0
19	48062153	48061804	0
19	48062195	48061631	0
19	48067887	48061997	0
19	48067887	48062121	0
19	48067932	48061997	0
19	48074838	48067790	0
19	48074875	48067790	0
19	48077825	48074437	0
19	48077825	48074766	0
19	48077825	48074845	0
19	48090410	48085058	0
19	48090418	48088685	0
19	48090604	48088685	0
19	48095605	48067790	0
19	48095605	48088685	0
19	48095605	48090193	0
19	48095605	48090363	0
19	48096938	48095463	0
19	48097128	48095463	0
19	48098209	48095463	0
19	48098238	48096698	0
19	48098260	48095463	0
19	48098260	48097021	0
19	48099758	48098138	0
19	48099861	48097764	0
19	48099861	48098138	0
19	48100007	48098138	0
19	48104725	48099670	0
19	48104725	48099743	0
19	48104725	48099781	0
19	48104725	48103419	0
19	48105414	48104587	0
19	48105445	48099771	0
19	48105445	48099797	0
19	48105445	48104587	0
19	48105482	48104031	0
19	48106562	48104587	0
19	48106562	48105332	0
19	48106562	48105402	0
19	48106667	48105333	0
19	48110564	48104587	0
19	48115966	48115444	4
19	48115966	48115445	4
19	48115966	48115448	4
19	48115966	48115449	4
19	48115966	48115467	4
19	48115966	48115523	8
19	48116175	48115445	4
19	48121323	48119136	12
19	48123017	48119136	4
19	48123017	48120166	5
19	48123017	48121169	2
19	48123017	48121196	2
19	48123017	48121271	2
19	48127349	48123173	14
19	48128021	48127276	0
19	48135780	48133980	27
19	48136126	48135679	20
19	48136126	48135753	21
19	48137085	48136033	17
19	48137085	48136043	17
19	48149842	48143882	1
19	48150211	48149762	1
19	48150211	48149802	2
19	48150211	48149809	2
19	48150211	48149825	2
19	48151337	48150087	2
19	48151340	48150087	2
19	48151386	48150087	1
19	48153968	48150087	4
19	48153968	48151231	7
19	48154048	48151231	5
19	48154208	48151231	3
19	48154565	48153871	1
19	48157141	48150087	1
19	48157141	48150131	3
19	48157141	48151231	1
19	48157141	48153871	2
19	48157141	48153900	2
19	48161508	48150087	0
19	48161508	48151231	0
19	48161508	48157013	1
19	48162352	48161173	0
19	48162352	48161371	0
19	48162352	48161437	0
19	48165624	48161371	0
19	48165624	48162261	0
19	48165624	48162283	0
19	48165628	48162261	0
19	4817892	4816234	49
19	4817896	4816481	46
19	4817936	4817892	52
19	4817940	4817896	53
19	4817953	4817936	51
19	4817971	4817940	51
19	48186766	48180769	5
19	48195919	48197229	7
19	48203953	48193016	0
19	48206521	48203145	1
19	48215385	48203631	1
19	48215385	48206383	3
19	48215385	48208085	1
19	48215385	48208103	1
19	48215385	48209643	3
19	48215385	48210486	1
19	48215385	48210786	1
19	48215385	48210789	1
19	48215385	48211151	2
19	48215385	48211376	1
19	48215385	48211565	2
19	48215385	48211616	2
19	48215385	48211826	2
19	48215385	48211896	2
19	48218954	48215339	1
19	48219013	48215339	1
19	48221856	48215137	1
19	48221856	48215339	1
19	48230701	48215339	1
19	48231811	48221729	2
19	48231811	48230776	1
19	48232115	48230776	3
19	48232494	48231659	3
19	48232790	48231659	4
19	48234465	48233409	14
19	48234544	48231659	11
19	48234544	48231728	13
19	48234544	48232452	16
19	48234544	48233271	9
19	48234544	48233845	14
19	48238527	48233820	1
19	48238533	48231659	0
19	48238533	48232452	0
19	48238533	48234402	0
19	48241064	48232452	1
19	48241064	48234277	1
19	48241064	48234402	2
19	48241064	48234471	2
19	48241064	48238261	0
19	48241064	48238333	0
19	48241064	48238335	0
19	48241064	48238382	1
19	48241064	48238474	1
19	48270234	48262899	0
19	48271284	48270144	0
19	48297669	48296456	0
19	48297669	48296463	0
19	48298098	48296461	0
19	48298098	48297589	0
19	48298341	48297589	0
19	48306324	48303952	0
19	48311667	48306255	0
19	48311667	48306299	0
19	4831705	4815931	2
19	48318577	48311993	0
19	48318813	48318386	0
19	48318813	48318464	0
19	48320076	48318712	0
19	48320386	48318712	0
19	48320392	48311552	0
19	48320392	48318712	0
19	48320797	48319859	0
19	48320812	48320298	0
19	48334198	48332355	5
19	48334198	48332356	5
19	48334198	48332360	5
19	48334198	48333275	4
19	48342810	48334007	3
19	48342992	48334007	2
19	48343452	48342529	3
19	48343452	48342797	3
19	48345355	48343320	0
19	48345355	48343344	0
19	48345355	48343413	0
19	48360177	48342746	0
19	48360177	48343320	0
19	48360177	48345159	0
19	48360177	48345268	0
19	48360177	48345272	0
19	48360184	48345159	0
19	48360411	48360071	1
19	48360569	48345159	0
19	48363532	48342876	0
19	48363532	48343320	0
19	48363532	48345159	0
19	48363532	48359875	0
19	48363532	48360071	0
19	48363532	48360286	0
19	48363532	48360318	0
19	48363675	48360071	0
19	48363941	48345159	0
19	48363941	48360071	0
19	4838411	4838475	49
19	48384483	48382569	2
19	48384483	48382577	2
19	48387822	48384238	6
19	48389712	48384229	2
19	48389712	48387754	5
19	48390525	48389481	0
19	48390525	48389552	0
19	48390856	48389552	6
19	48391503	48390198	11
19	48391512	48390423	15
19	48391519	48390423	15
19	48391554	48390423	5
19	48446193	48446384	19
19	4844794	4838340	2
19	4844794	4838368	2
19	4844794	4838370	2
19	4844794	4839061	4
19	48466608	48465607	33
19	48466608	48465610	31
19	48466802	48465662	19
19	48466938	48465592	25
19	48469145	48466568	0
19	48469508	48466568	4
19	48469694	48466568	1
19	48473379	48473721	2
19	48473379	48473904	3
19	48474950	48477716	10
19	48474950	48478065	19
19	48474950	48478068	19
19	48474954	48478068	19
19	48476528	48476528	28
19	48477720	48478068	21
19	48480089	48480749	98
19	48481922	48481922	118
19	48491246	48485270	0
19	48491246	48485772	0
19	48501405	48500995	0
19	48501563	48501282	0
19	48513936	48511500	0
19	4852266	4847690	1
19	4852302	4844667	1
19	4852302	4847690	1
19	4852302	4847816	3
19	4859637	4852015	1
19	4859673	4847690	1
19	4859673	4852015	0
19	4859673	4852038	0
19	4859673	4852207	0
19	4860025	4859589	2
19	48603912	48600809	0
19	48610001	48603493	0
19	48610848	48609875	0
19	48613308	48610790	1
19	48613563	48610679	1
19	4861412	4859825	0
19	4861412	4859983	0
19	48614628	48614194	0
19	48614816	48612907	0
19	48614842	48614171	0
19	48614855	48614439	0
19	48615906	48615330	200
19	48615947	48615327	202
19	48615947	48615330	210
19	48615947	48615332	210
19	48615947	48615335	208
19	48615947	48615392	192
19	48616203	48615365	170
19	48616203	48615876	154
19	48616221	48615876	152
19	48616426	48615330	171
19	48616825	48615329	145
19	48616825	48615876	166
19	48616825	48616078	155
19	48617416	48616725	130
19	48617424	48615330	105
19	48617424	48615876	167
19	48617424	48615981	171
19	48617424	48616265	136
19	48617424	48616725	130
19	48617798	48617315	47
19	48617878	48616078	128
19	48617878	48616725	76
19	48617878	48617315	46
19	48617885	48617315	47
19	48619128	48617790	79
19	48619164	48617790	70
19	48619165	48617315	95
19	48619169	48617790	70
19	48619177	48617790	70
19	48619178	48617790	69
19	48619182	48617315	75
19	48619184	48617790	69
19	48619185	48617157	93
19	48619537	48617790	36
19	48620587	48619271	5
19	48620894	48620503	15
19	48623402	48619568	26
19	48623859	48620388	30
19	48625077	48625890	35
19	48633656	48630029	0
19	48633656	48630684	1
19	48633656	48630730	1
19	48634527	48633443	1
19	48634637	48633443	0
19	48635991	48633085	0
19	48635991	48633443	0
19	48637314	48630692	0
19	48637364	48635579	0
19	48637439	48635579	1
19	48638294	48638021	0
19	48638386	48638015	1
19	48639054	48637941	1
19	48639139	48638014	2
19	48663544	48661406	0
19	48663544	48661964	0
19	48663815	48663462	0
19	48664293	48662474	0
19	48664293	48663760	0
19	4867638	4859825	0
19	48704209	48705316	0
19	48713771	48712741	1
19	48713771	48712995	4
19	48713771	48712996	4
19	48714909	48713859	0
19	48714909	48714365	0
19	48715447	48714805	0
19	48715447	48714825	0
19	48715768	48715261	0
19	48715798	48715343	0
19	48715918	48715261	0
19	48716744	48715261	0
19	48722002	48720586	0
19	48724961	48724336	0
19	48725582	48724336	0
19	48726889	48724716	0
19	48729591	48727392	1
19	48735552	48724829	0
19	48735552	48728936	1
19	48735552	48729552	0
19	48741479	48740887	0
19	48741479	48740907	0
19	48741524	48740851	0
19	48743526	48742208	0
19	48744196	48742208	0
19	48744196	48743407	0
19	48744196	48743444	0
19	48744540	48743031	0
19	48744540	48744174	0
19	48745289	48744452	0
19	48745289	48744463	0
19	48746181	48744452	0
19	48752726	48748010	0
19	48753123	48748010	0
19	48753123	48752489	0
19	48753123	48752611	0
19	48753564	48752489	0
19	48753564	48752611	0
19	48753564	48752891	0
19	48753661	48752489	0
19	48753661	48752611	0
19	48753661	48752891	0
19	48796330	48795099	16
19	48796503	48795061	11
19	48796503	48795064	11
19	48796503	48795065	11
19	48796503	48795109	13
19	48796503	48796146	15
19	48796719	48795864	18
19	48796719	48796246	13
19	48796719	48796258	13
19	48796719	48796427	15
19	48799839	48797190	11
19	48800101	48798809	11
19	48800101	48799674	5
19	48800298	48799980	5
19	48800298	48800065	13
19	48807075	48806516	8
19	48807793	48806516	18
19	48808237	48806999	17
19	48808237	48807012	22
19	48810917	48806999	17
19	48810922	48807755	17
19	48811013	48800186	15
19	48811021	48806999	18
19	48811028	48806999	18
19	48811028	48807755	15
19	48811030	48800186	14
19	48811030	48807755	15
19	48811030	48807788	15
19	48813553	48813016	0
19	48813553	48813017	0
19	48813553	48813023	0
19	48813731	48813108	0
19	48838130	48837096	0
19	48838130	48837109	0
19	48838315	48837182	2
19	48845447	48838016	4
19	48845447	48841148	15
19	48845552	48845369	15
19	48845597	48845140	11
19	48845617	48845369	12
19	48848041	48845192	0
19	48848041	48845516	0
19	48848041	48845550	0
19	48852307	48847899	0
19	48852327	48847899	0
19	48853832	48852227	14
19	48853832	48852237	14
19	48859140	48854216	3
19	48859140	48857421	3
19	48859375	48857421	1
19	48859383	48854216	1
19	48859685	48858859	3
19	48859685	48858860	3
19	48859685	48859096	5
19	48874899	48875613	51
19	48882126	48880970	0
19	48882204	48880964	0
19	48888262	48885447	0
19	48889632	48887949	0
19	48889632	48888067	0
19	48889632	48888257	0
19	48895163	48889509	0
19	48895163	48889527	0
19	48895504	48894997	0
19	48896557	48894997	0
19	48896557	48895365	0
19	48896740	48895374	0
19	48897397	48895365	0
19	48900659	48900785	1
19	48918785	48919029	1
19	48918892	48910929	1
19	48919123	48919193	24
19	48922466	48922604	514
19	48954963	48955547	162
19	48955600	48955686	113
19	48955714	48955714	101
19	48960915	48961531	164
19	48960915	48961570	182
19	4896877	4890436	0
19	48969856	48968124	196
19	48969856	48968129	180
19	48970710	48969774	6
19	48971024	48970545	19
19	48974340	48970749	1
19	48974340	48970927	2
19	48974340	48970943	2
19	48981637	48978097	34
19	48982376	48981430	13
19	48982376	48981529	13
19	48987386	48985849	9
19	48991484	48985849	26
19	48991484	48987193	27
19	48991539	48987193	31
19	49010067	49010487	143
19	49016715	49015979	16
19	49016821	49016074	16
19	49019001	49017495	14
19	49019001	49018246	14
19	49023604	49022868	0
19	49023604	49022952	0
19	49023604	49023145	0
19	49036304	49035609	0
19	49036304	49035652	0
19	49036886	49023435	0
19	49036896	49023435	0
19	49048373	49047637	0
19	49055009	49054274	0
19	49056596	49054840	0
19	49057197	49055792	0
19	49057249	49055360	0
19	49057249	49056087	0
19	49057249	49056268	0
19	49058058	49055360	0
19	49058058	49057120	0
19	49058347	49057857	1
19	49058347	49057894	1
19	49058861	49057120	1
19	49062010	49058145	0
19	49063863	49061567	0
19	49063863	49061754	0
19	49064296	49063738	0
19	49064842	49063738	0
19	49065055	49064152	0
19	49065077	49063738	0
19	49072942	49067417	0
19	49103588	49104633	209
19	4910495	4910875	9
19	49128114	49128366	0
19	49150152	49150235	21
19	49150152	49150256	21
19	49151554	49151197	1
19	49151554	49151288	1
19	49152059	49151516	0
19	49152379	49151198	0
19	49152379	49152003	0
19	49153308	49151954	0
19	49153332	49152003	0
19	49153332	49152309	0
19	49188771	49188945	4
19	49211270	49211493	4
19	49255833	49255471	0
19	49290768	49289637	0
19	49293383	49289764	0
19	49293383	49290604	0
19	49293383	49290690	0
19	49294029	49293149	0
19	49294029	49293222	0
19	49308953	49305756	1
19	49309118	49294366	2
19	49309412	49305884	0
19	49309827	49306084	3
19	49325133	49294366	0
19	49325216	49294366	0
19	49332297	49331616	3
19	49332321	49331658	2
19	49335576	49335713	1
19	49335610	49335713	1
19	49335783	49336908	2
19	49335787	49335885	1
19	49335787	49336908	2
19	49336030	49336908	4
19	49339414	49339657	2
19	49339414	49340250	1
19	49340283	49332053	0
19	49340304	49332053	0
19	49342591	49340594	1
19	49342591	49340599	1
19	49342591	49341081	0
19	49343399	49342437	0
19	49347364	49343230	0
19	49348846	49347189	0
19	49348846	49347223	0
19	49348846	49347232	0
19	49348846	49347356	0
19	49359500	49357251	0
19	49359858	49359304	0
19	49360082	49359434	0
19	49360439	49359434	2
19	49362442	49359434	0
19	49382949	49368704	0
19	49399143	49399456	0
19	49409032	49409195	0
19	49423442	49422413	0
19	49431143	49429400	0
19	49431143	49429985	0
19	49431143	49430754	0
19	49432652	49431337	0
19	49432961	49432518	0
19	49433044	49432621	0
19	49433869	49432810	0
19	49434047	49433258	0
19	49434047	49433725	0
19	49446596	49446298	0
19	49446695	49446297	0
19	49446695	49446298	0
19	49446695	49446368	7
19	49446695	49446400	11
19	49446745	49446298	7
19	49446795	49446298	13
19	49446900	49446298	35
19	49447046	49446550	47
19	49447100	49446298	34
19	49447100	49446550	50
19	49447100	49446741	48
19	49447178	49446550	50
19	49447418	49447023	54
19	49447421	49447023	52
19	49447468	49447023	53
19	49447909	49447023	38
19	49447909	49447286	26
19	49447909	49447337	26
19	49447909	49447374	26
19	49447909	49447423	26
19	49448011	49447213	52
19	49448011	49447826	111
19	49448042	49447826	116
19	49448063	49447709	117
19	49448063	49447826	117
19	49448575	49447826	116
19	49449521	49448000	145
19	49449588	49448000	145
19	49449644	49448000	145
19	49449655	49447826	59
19	49449655	49448000	145
19	49450837	49449474	20
19	49450849	49448000	27
19	49450849	49448991	21
19	49450849	49449339	26
19	49450849	49449474	20
19	49450849	49449565	15
19	49450940	49449110	14
19	49450940	49449474	18
19	49451531	49450781	16
19	49451579	49450781	17
19	49451592	49450781	17
19	49451602	49450781	17
19	49451749	49450781	19
19	49451792	49450781	25
19	49451801	49450781	27
19	49451811	49450781	30
19	49451818	49450781	29
19	49451902	49450890	16
19	49461801	49461883	100
19	49468987	49470305	21
19	49489913	49490231	239
19	49489913	49490474	250
19	49489923	49490126	256
19	49489923	49490231	240
19	49489923	49490474	244
19	49490091	49490231	282
19	49490298	49490474	206
19	49490298	49490778	222
19	49490577	49490778	260
19	49490601	49490778	260
19	49490865	49491039	231
19	49491100	49491424	144
19	49491267	49491424	95
19	49497283	49497580	208
19	49497326	49497519	245
19	49497596	49497916	142
19	49513244	49513386	0
19	49513244	49513881	0
19	49513474	49513881	0
19	49514134	49514210	0
19	49524777	49525456	0
19	49556426	49555710	3
19	49556426	49555717	3
19	49556658	49556387	3
19	49556737	49556316	22
19	49556994	49555712	4
19	49556994	49556316	19
19	49556994	49556548	14
19	49556994	49556582	17
19	49556994	49556602	17
19	49557250	49556874	23
19	49557250	49556957	26
19	49557296	49556548	19
19	49557946	49556978	31
19	49558200	49556316	23
19	49558200	49557080	31
19	49558200	49557876	25
19	49558974	49557089	21
19	49558979	49556316	18
19	49558979	49556874	19
19	49558979	49557080	21
19	49558979	49557089	23
19	49558979	49557217	29
19	49558979	49557272	27
19	49558979	49558061	19
19	49560038	49558432	14
19	49560040	49557089	8
19	49560040	49558896	12
19	49560050	49558896	12
19	49560051	49558896	12
19	49560398	49558896	9
19	49560631	49559933	8
19	49560692	49559933	8
19	49560693	49559210	9
19	49560693	49559933	8
19	49579279	49560621	1
19	49580533	49560621	1
19	49580536	49560621	1
19	49580548	49560621	0
19	49580556	49560621	0
19	49580557	49560621	0
19	49580559	49560621	0
19	49580573	49560621	0
19	49583305	49583374	0
19	49583305	49583541	0
19	49590263	49560621	1
19	49595573	49596849	125
19	49626440	49625993	30
19	49635853	49635291	9
19	49636728	49635733	14
19	49636728	49635811	14
19	49660829	49659569	19
19	49660829	49659571	21
19	49660829	49659572	21
19	49660829	49659574	21
19	49660829	49659578	21
19	49660829	49659631	36
19	49660829	49659757	28
19	49660845	49659568	21
19	49660845	49659571	20
19	49661004	49659574	22
19	49662329	49659571	55
19	49662329	49660712	70
19	49662330	49661594	72
19	49662618	49659571	16
19	49662618	49660712	52
19	49662618	49661449	70
19	49662618	49661947	69
19	49662618	49662068	100
19	49662618	49662132	71
19	49662618	49662174	80
19	49662618	49662238	78
19	49662618	49662300	77
19	49663259	49662374	9
19	49663259	49662424	9
19	49663259	49662453	9
19	49663259	49662538	6
19	49663259	49662584	6
19	49663259	49662592	6
19	49663515	49662426	35
19	49663515	49663187	39
19	49663870	49663235	32
19	49664524	49663342	41
19	49664674	49663187	39
19	49664674	49663342	46
19	49664674	49663420	42
19	49664724	49663342	41
19	49664839	49663187	36
19	49664847	49663187	33
19	49664847	49663342	41
19	49664847	49663372	46
19	49664951	49663342	43
19	49665170	49663342	41
19	49665232	49663342	41
19	49665706	49663187	33
19	49665706	49663342	41
19	49665732	49663187	30
19	49665756	49663342	41
19	49665785	49663342	41
19	49665858	49663187	19
19	49665858	49663342	15
19	49665876	49663187	15
19	49665876	49663342	14
19	49666800	49667018	22
19	49666800	49667021	22
19	49676261	49676345	0
19	49684842	49684921	117
19	49685038	49685161	94
19	49690574	49688852	111
19	49705115	49705213	2
19	49710485	49710722	0
19	49710858	49711808	1
19	49712850	49712971	0
19	49713542	49713615	1
19	49740184	49739754	0
19	49740184	49739756	0
19	49742021	49740058	0
19	49800018	49800096	46
19	49801622	49801721	19
19	49802142	49802533	22
19	49802142	49802948	11
19	49802600	49802948	11
19	49803006	49803106	12
19	49803190	49803286	10
19	49805577	49805660	26
19	49805577	49805724	24
19	49805577	49805871	19
19	49805778	49805871	6
19	49805942	49806118	6
19	49806254	49806680	76
19	49808160	49806884	20
19	49808489	49806868	6
19	49808489	49806889	8
19	49808489	49806896	9
19	49808489	49806919	10
19	49808492	49806892	8
19	49808492	49808114	4
19	49808639	49808122	3
19	49808639	49808413	1
19	49808640	49808413	1
19	49808824	49808573	3
19	49808824	49808618	3
19	49808826	49808573	3
19	49809576	49809162	42
19	49809866	49809377	34
19	49811468	49809377	23
19	49811492	49809394	28
19	49811700	49811035	14
19	49811700	49811362	5
19	49811700	49811364	5
19	49811700	49811380	5
19	49811700	49811383	5
19	49811700	49811430	2
19	49812336	49811630	9
19	49812686	49812279	21
19	49812737	49811630	8
19	49812737	49812250	18
19	49813287	49812250	10
19	49829861	49829862	6
19	49830743	49830743	35
19	49832022	49832099	0
19	49836407	49836846	45
19	49836840	49836843	56
19	49844599	49839226	1
19	49844893	49838638	0
19	49854592	49852886	9
19	49854735	49854830	4
19	49854889	49854969	23
19	49854968	49854454	8
19	49857131	49857692	233
19	49857783	49857903	141
19	49857783	49857908	140
19	49857783	49858056	142
19	49857978	49858056	199
19	49858428	49856969	194
19	49858627	49858346	187
19	49859027	49858294	154
19	49859098	49858553	155
19	49859288	49858153	128
19	49859290	49858842	125
19	49860184	49860267	97
19	49860337	49860565	173
19	49860337	49860613	151
19	49860515	49859881	238
19	49861503	49861264	153
19	49861511	49861203	149
19	49861511	49861204	149
19	49861511	49861214	138
19	49861511	49861230	139
19	49861511	49861239	139
19	49861511	49861265	153
19	49861667	49860098	141
19	49861696	49861252	141
19	49861696	49861448	148
19	49861882	49861203	121
19	49861882	49861448	150
19	49861882	49861607	164
19	49861897	49861448	150
19	49862076	49861607	190
19	49862106	49861448	153
19	49862106	49861607	199
19	49862106	49861771	201
19	49862210	49862043	130
19	49862282	49862043	111
19	49862282	49862085	89
19	49862464	49861816	89
19	49862464	49862043	73
19	49862464	49862184	45
19	49862464	49862270	44
19	49862609	49862043	47
19	49862609	49862184	64
19	49863761	49862689	36
19	49863761	49862800	24
19	49863971	49863688	6
19	49864063	49863688	13
19	49864072	49863688	13
19	49864072	49863730	13
19	49864237	49863688	15
19	49864237	49863963	12
19	49864237	49863965	12
19	49864404	49863688	13
19	49864404	49863963	8
19	49864404	49864178	42
19	49865243	49864323	29
19	49865384	49863963	19
19	49865427	49863963	20
19	49865427	49864178	25
19	49865427	49864323	69
19	49865427	49864371	39
19	49865543	49864391	24
19	49866446	49864323	72
19	49866446	49865126	72
19	49866446	49865380	109
19	49866529	49865126	84
19	49866529	49865251	119
19	49866849	49866398	97
19	49867011	49865126	84
19	49867205	49866398	59
19	49867218	49865126	61
19	49867218	49865953	68
19	49867218	49866140	89
19	49867218	49866398	59
19	49867235	49866398	59
19	49867259	49866031	92
19	49867259	49866398	61
19	49867287	49866398	61
19	49867353	49867158	3
19	49867533	49867195	0
19	49867534	49867053	0
19	49867556	49867053	0
19	49867562	49867053	0
19	49867565	49867053	0
19	49867577	49867053	0
19	49867589	49867053	0
19	49867881	49867053	0
19	49867887	49867053	0
19	49867910	49867053	0
19	49871717	49869032	24
19	49871717	49869037	26
19	49871717	49869038	28
19	49871717	49869045	28
19	49873303	49871811	12
19	49873801	49873195	38
19	49875286	49871811	36
19	49876250	49872916	64
19	49877280	49872916	32
19	49877341	49872916	13
19	49878029	49872916	63
19	49878352	49864178	9
19	49878357	49872916	38
19	49878357	49876657	6
19	49878460	49872969	40
19	49878573	49879322	70
19	498869	498870	1
19	498874	498874	1
19	49891108	49889653	0
19	49894470	49891404	0
19	49895181	49894267	0
19	49895181	49894273	0
19	49896054	49895067	0
19	49896183	49895067	0
19	49896183	49895814	0
19	49896183	49895853	0
19	49896183	49895925	0
19	49896183	49895969	0
19	49901822	49895814	0
19	49901880	49895814	0
19	49904322	49895814	0
19	49909885	49908104	304
19	49911232	49909176	40
19	49911344	49909854	34
19	49911367	49909580	39
19	49911367	49909698	29
19	49911367	49909738	28
19	49911371	49909736	28
19	49913091	49909509	33
19	49913160	49911060	40
19	49913160	49911318	37
19	49917642	49912898	20
19	49917662	49909405	38
19	49917813	49911235	23
19	49918622	49909394	19
19	49918622	49909507	19
19	49918622	49909699	25
19	49918622	49909751	31
19	49927816	49904198	20
19	49927816	49907542	46
19	49927816	49908973	25
19	49927816	49909858	45
19	49927816	49911104	29
19	49927816	49912898	20
19	49927849	49908104	38
19	49927849	49911104	30
19	49927849	49911172	27
19	49927849	49912938	20
19	49929466	49911104	14
19	49929476	49911104	14
19	49929505	49908105	19
19	49929505	49911104	13
19	49929745	49906824	22
19	49951973	49909500	0
19	49951973	49948984	0
19	49951973	49949299	0
19	49951973	49949669	0
19	49979243	49976466	4
19	49979243	49976491	4
19	49979243	49976759	11
19	49981014	49978568	4
19	49981014	49978712	4
19	49981014	49978759	4
19	49981014	49979082	3
19	49981185	49978877	4
19	49988493	49980954	0
19	49988493	49981653	2
19	49988493	49981699	2
19	49988493	49986298	9
19	49988493	49986741	12
19	49989772	49987700	3
19	49989772	49988290	8
19	49989772	49988371	10
19	49992911	49989638	2
19	49992953	49989638	2
19	49992953	49989665	4
19	49992953	49989695	2
19	49994920	49992859	4
19	49995276	49994813	6
19	49997542	49995190	1
19	49997571	49995190	3
19	50000855	49994813	2
19	50000855	49994862	4
19	50000855	49995190	3
19	50000855	49995204	3
19	50000855	49997503	1
19	50001416	49997543	1
19	50007827	50000789	1
19	50009290	50007568	0
19	50009386	50007568	0
19	50009386	50007608	0
19	50009386	50007777	0
19	50009386	50008755	0
19	50015794	50009235	4
19	50016164	50007568	0
19	50016164	50009235	2
19	50016164	50015731	0
19	50020648	50015673	0
19	50020648	50016023	0
19	50020650	50016023	0
19	50025373	50016023	0
19	50044788	50043195	9
19	50044788	50043317	9
19	50048086	50044631	30
19	50051036	50047958	1
19	50051063	50044631	3
19	50153807	50152548	0
19	50154727	50152547	0
19	50154727	50152590	0
19	50160781	50159965	0
19	501625	490045	0
19	50162812	50159493	0
19	50162814	50159493	0
19	501672	501673	0
19	50210402	50210523	10
19	50286536	50286536	2
19	50309178	50309639	1
19	50310540	50310021	25
19	50316092	50311936	6
19	50316092	50311941	6
19	50320350	50315507	4
19	50320785	50316032	5
19	50334406	50333799	0
19	50334406	50333876	0
19	50334562	50333795	0
19	50334974	50334306	0
19	50335182	50334620	0
19	50335182	50334828	0
19	50337136	50336505	0
19	50337449	50334633	0
19	50337449	50337016	0
19	50337676	50337007	0
19	50337676	50337324	0
19	50359110	50358476	2
19	50359222	50358477	1
19	50359648	50359010	1
19	50359863	50359502	2
19	50359863	50359605	2
19	50361141	50359739	0
19	50361141	50359748	0
19	50361755	50360940	0
19	50361782	50360940	0
19	50362093	50360940	0
19	50362093	50361662	0
19	50362314	50360944	2
19	50362314	50361662	2
19	50362314	50361968	2
19	50362783	50361908	3
19	50362844	50358477	1
19	50365626	50362171	1
19	50365788	50361662	0
19	50365831	50362171	0
19	50369332	50365879	0
19	50376577	50376718	14
19	50377871	50378148	23
19	50378797	50379001	37
19	50378797	50379091	37
19	50378797	50379133	37
19	50402125	50402204	99
19	50415827	50416395	227
19	50416529	50416609	8
19	50422546	50422822	0
19	50467733	50466784	0
19	50467733	50466787	0
19	50467830	50466786	0
19	50467830	50466787	0
19	50467830	50466789	0
19	50475456	50466787	0
19	50475456	50467555	0
19	50475456	50467621	0
19	50475486	50467621	0
19	50475504	50467621	0
19	50475934	50467621	0
19	50475934	50475324	0
19	50476257	50475303	0
19	50482256	50482397	22
19	50483352	50480118	0
19	50487639	50486809	0
19	50506573	50505997	12
19	50506573	50506001	12
19	50506573	50506256	21
19	50507700	50506377	2
19	50508030	50506445	2
19	50510446	50507573	8
19	50510449	50506377	2
19	50510449	50507573	8
19	50511146	50510139	1
19	50511160	50510285	1
19	50511163	50510285	1
19	50511221	50510285	0
19	50511354	50510285	0
19	50512291	50511599	2
19	50512291	50511603	2
19	50512291	50511731	2
19	50512497	50511603	2
19	50512581	50512135	2
19	50512581	50512160	2
19	50512811	50512359	0
19	50513012	50512359	0
19	50513012	50512643	0
19	50513012	50512660	0
19	50513012	50512772	0
19	50514660	50511825	0
19	50514666	50512359	0
19	50548874	50516891	0
19	50548874	50518996	0
19	50557970	50555369	2
19	50568046	50548541	0
19	50622756	50621976	0
19	50622756	50622419	0
19	50625291	50621306	0
19	50632812	50629783	0
19	50637427	50632285	0
19	50637427	50632670	0
19	50637791	50632285	0
19	50638046	50632285	0
19	50639163	50632285	0
19	50663170	50662333	0
19	50663170	50662629	0
19	50669286	50661826	0
19	50669286	50661940	0
19	50669286	50661964	0
19	50703831	50702466	0
19	50704187	50703499	0
19	50704507	50703698	0
19	50704515	50704119	0
19	50711488	50704436	0
19	50712115	50711026	0
19	50712115	50711370	0
19	50725082	50725315	26
19	507834	501540	0
19	50785824	50776140	6
19	50786002	50785725	7
19	50786002	50785730	5
19	50786002	50785742	5
19	50793143	50792404	9
19	50793585	50792684	6
19	50799358	50797703	114
19	50799358	50797704	112
19	50799358	50798202	174
19	50799358	50798302	214
19	50799358	50798319	187
19	50799358	50798334	185
19	50799358	50798373	148
19	50799358	50798515	114
19	50799358	50798664	92
19	50799358	50798703	89
19	50801350	50799293	29
19	50802250	50799271	17
19	50802258	50798205	21
19	50802258	50798893	33
19	50802258	50799271	17
19	50802258	50799293	17
19	50802258	50801182	22
19	50802259	50797760	21
19	50802615	50802216	49
19	50802651	50799293	29
19	50804559	50802216	14
19	50804595	50801988	25
19	50804596	50802216	14
19	50804670	50802216	14
19	50804716	50802216	14
19	50804930	50802216	16
19	50808759	50808144	0
19	50820036	50819147	0
19	50820036	50819152	0
19	50820036	50819270	0
19	50820444	50819147	0
19	50826758	50825304	0
19	50826758	50825742	0
19	50826758	50825755	0
19	50827162	50825288	0
19	50827162	50825755	0
19	50827162	50826620	0
19	50827813	50826620	0
19	50827813	50826877	0
19	50827813	50826995	0
19	50827813	50827027	0
19	50827816	50826620	0
19	50827816	50826877	0
19	50831524	50826877	0
19	50854985	50856333	0
19	50855002	50856225	0
19	50855002	50856239	0
19	50855425	50856239	0
19	50856240	50856310	0
19	50858087	50858157	0
19	50858175	50858298	0
19	50858176	50858298	0
19	50858316	50858458	0
19	50858334	50858458	0
19	50873520	50874720	0
19	50876759	50876871	1
19	50876759	50876884	2
19	50877009	50877202	1
19	50887875	50882095	0
19	50888662	50882095	0
19	50895269	50887718	0
19	50906821	50906352	0
19	50908492	50906874	0
19	50908492	50906903	0
19	50908496	50906351	0
19	50908496	50906933	0
19	50908830	50906933	0
19	50908830	50908358	0
19	50909137	50908578	0
19	50909329	50906933	0
19	50909329	50908358	0
19	50909329	50908578	0
19	50909383	50907989	0
19	50909396	50908578	0
19	50909415	50908578	0
19	50910739	50908578	0
19	50948774	50943302	0
19	50949116	50943307	0
19	50949116	50948639	0
19	50949116	50948749	0
19	50950117	50948639	0
19	50961881	50958630	0
19	50961881	50958631	0
19	50961881	50959148	0
19	50961881	50959157	0
19	50963550	50961743	0
19	50967326	50963301	0
19	50968113	50963301	0
19	50968768	50963301	0
19	50979925	50976481	0
19	50979925	50976487	0
19	50979925	50976787	0
19	50979925	50977358	0
19	50980488	50979787	0
19	50981915	50980239	0
19	50981915	50980285	0
19	50982458	50980239	0
19	50982458	50981766	0
19	50983816	50982326	0
19	50983915	50982326	0
19	50984039	50980239	0
19	50984039	50981766	0
19	50984039	50982326	0
19	50984065	50982094	0
19	50984100	50982326	0
19	50997885	50996006	0
19	50997885	50996007	0
19	50997885	50996008	0
19	50997885	50996017	0
19	50997885	50996083	0
19	50997885	50996159	0
19	50997968	50996008	0
19	51000259	50997750	0
19	51000584	50999995	0
19	51000584	51000197	0
19	51000719	50999995	0
19	51001127	50999995	0
19	51001168	50996017	0
19	51001176	50996007	0
19	51001176	50997750	0
19	51001176	50999995	0
19	51001176	51000384	0
19	51001176	51000423	0
19	51001176	51000549	0
19	51003261	51001097	0
19	51003830	51002407	0
19	51003841	51002407	0
19	51003841	51003110	0
19	51014483	51014603	0
19	51015551	51012738	0
19	51015551	51012744	0
19	51015551	51014269	0
19	51015551	51014509	0
19	51016157	51015416	0
19	51017291	51015881	0
19	51017291	51015996	0
19	51017323	51015812	0
19	51023229	51022215	0
19	51023229	51022230	0
19	51023229	51022232	0
19	51023229	51022235	0
19	51023229	51022488	0
19	51024212	51023091	0
19	51024311	51022689	0
19	51024311	51023091	0
19	51024311	51023179	0
19	51024382	51023091	0
19	51024795	51023091	0
19	51024795	51024044	0
19	51024795	51024222	0
19	51024795	51024302	0
19	51025667	51023091	0
19	51025667	51024044	0
19	51029458	51029093	0
19	51029458	51029129	0
19	51029458	51029154	0
19	51030922	51029091	0
19	51030922	51029093	0
19	51030922	51029129	0
19	51030922	51029341	0
19	51034140	51030787	0
19	51034140	51031779	0
19	51034140	51031875	0
19	51034641	51033979	0
19	51034742	51033979	0
19	51034863	51033979	0
19	51058675	51056205	0
19	51058675	51056536	0
19	51058675	51056586	0
19	51060094	51058537	0
19	51060620	51058537	0
19	51060620	51059642	0
19	51060620	51059744	0
19	51060620	51059824	0
19	51060620	51060035	0
19	51060620	51060043	0
19	51065068	51058537	0
19	51078160	51077494	18
19	51078952	51077896	0
19	51078952	51077968	0
19	51078952	51077995	0
19	51104591	51097605	15
19	51154299	51152922	0
19	51156474	51154243	0
19	51172160	51172490	1
19	51172160	51172516	1
19	51172160	51172975	1
19	51172592	51172975	2
19	51181967	51165220	0
19	51195541	51194117	0
19	51225156	51225217	0
19	51235677	51235822	0
19	51239305	51239517	0
19	51270245	51251230	0
19	51333946	51331535	0
19	51333946	51331817	0
19	51347059	51345168	6
19	51347059	51345170	6
19	51347059	51345284	14
19	51350392	51346899	12
19	51353291	51350186	6
19	51353291	51350328	6
19	51353291	51350372	5
19	51354309	51350328	7
19	51354309	51353131	0
19	51357107	51353131	20
19	51365545	51361711	17
19	51366350	51354149	15
19	51366367	51354149	16
19	51366419	51354149	16
19	51367577	51367097	10
19	51367577	51367099	12
19	51368100	51354149	7
19	51372075	51371611	2
19	51372075	51371619	2
19	51372075	51371697	2
19	51372203	51371605	3
19	51372203	51371619	3
19	51380640	51379908	0
19	51380640	51379909	0
19	51390564	51388936	0
19	51390575	51388288	0
19	51403527	51396754	0
19	51413824	51410020	1
19	51413824	51410021	1
19	51413824	51410857	0
19	51413824	51411048	0
19	51413824	51411053	0
19	51415109	51414421	0
19	51415439	51414421	1
19	51415439	51414823	0
19	51416168	51415567	2
19	51416358	51415567	0
19	51416358	51415897	0
19	51416777	51416309	0
19	51416807	51416309	0
19	51416951	51415567	0
19	51416951	51415897	0
19	51416951	51416309	0
19	51417359	51416713	0
19	51417466	51416309	0
19	51417466	51416665	0
19	51417582	51417081	0
19	51417592	51417081	0
19	51417632	51416922	0
19	51417637	51417081	0
19	51417643	51417081	0
19	51417699	51417081	0
19	51417712	51416309	0
19	51417712	51416665	0
19	51417738	51417081	0
19	51417804	51417081	0
19	51452634	51450846	0
19	51454316	51450996	0
19	51454316	51452337	0
19	51454316	51452375	0
19	51455688	51454683	0
19	51457232	51455417	0
19	51457232	51455495	0
19	51458453	51455417	0
19	51496977	51491356	0
19	51496977	51491363	0
19	51496977	51491640	0
19	51520038	51520137	0
19	51527829	51519524	0
19	51527829	51519729	0
19	51527829	51519746	0
19	51527829	51519965	0
19	51528254	51519729	0
19	51529982	51519729	0
19	51529982	51519998	0
19	51529982	51528159	0
19	51530485	51529389	0
19	51530485	51529518	0
19	51530485	51529723	0
19	51530518	51529723	0
19	51530960	51529723	0
19	51560591	51560121	0
19	51626114	51611926	0
19	51626114	51612090	0
19	51643398	51642822	0
19	51643673	51642552	0
19	51643673	51643327	0
19	51645546	51630298	0
19	51646641	51629357	0
19	51646890	51629832	0
19	51693457	51685362	0
19	51693741	51694477	14
19	51704187	51704269	16
19	51704187	51704437	19
19	51716389	51713111	0
19	51716389	51713891	0
19	51717194	51713891	0
19	5174083	5158494	0
19	51750254	51745171	0
19	51750812	51746419	0
19	51751910	51745171	0
19	51777784	51746875	0
19	51811675	51804815	0
19	51840118	51811456	0
19	51840946	51839770	0
19	51842914	51839892	0
19	51843316	51842820	0
19	51843316	51842877	0
19	51860979	51855801	1
19	51860979	51855803	1
19	51860979	51855809	1
19	51861080	51855809	0
19	51871848	51860903	3
19	51877378	51844757	5
19	51877378	51860903	3
19	51877378	51871281	2
19	51877378	51871998	3
19	51877378	51872456	2
19	51877378	51872549	1
19	51878516	51877281	0
19	51878843	51860903	3
19	51880390	51878442	1
19	51880402	51878388	2
19	51880402	51878396	2
19	51880402	51878400	2
19	51880878	51880322	0
19	51880878	51880338	0
19	51886146	51880678	0
19	51886466	51880697	1
19	51886913	51878388	1
19	51886913	51880678	0
19	51886913	51880717	2
19	51887921	51880678	1
19	51887937	51880678	1
19	51887943	51880678	1
19	51887952	51880678	1
19	51887975	51880678	1
19	51890951	51880678	5
19	51891898	51890053	25
19	51896568	51889223	0
19	51896568	51891482	0
19	51896979	51896471	0
19	51897220	51896109	0
19	51899913	51896858	1
19	51900295	51896723	1
19	51900295	51896851	1
19	51900295	51899797	6
19	51904246	51900092	0
19	51905012	51900092	0
19	51905018	51900092	0
19	51905020	51899797	0
19	51905041	51900092	0
19	51916964	51914674	0
19	51968674	51964342	0
19	51968674	51965855	1
19	51968674	51967287	1
19	51969132	51968478	1
19	51969132	51968577	3
19	51969132	51968613	3
19	51969132	51968629	3
19	51969132	51968658	3
19	51969146	51968577	3
19	51974532	51968577	2
19	51974532	51969004	3
19	51974854	51974345	1
19	51984170	51974345	4
19	51986671	51974345	1
19	51986791	51974345	2
19	51986806	51972966	0
19	51986827	51974345	2
19	51986828	51981924	0
19	51986857	51974345	1
19	52000379	51991333	3
19	52000379	51991337	3
19	52000379	51992743	6
19	52000379	51992879	8
19	52000379	51994614	6
19	52000379	51994706	5
19	52000379	51994807	3
19	52001796	51992856	5
19	52001909	51991331	1
19	52001909	51991344	1
19	52001909	51992452	3
19	52001909	52000124	0
19	52001909	52000258	0
19	52001909	52000345	0
19	52001909	52000357	0
19	52002282	52001810	0
19	52002282	52001812	0
19	52003712	52002154	0
19	52003750	52002154	0
19	52003901	52002154	0
19	52003901	52002272	0
19	52004724	52003696	0
19	52004724	52003781	0
19	52004850	52003848	1
19	52007331	52002154	1
19	52007331	52003696	0
19	52008164	52003696	1
19	52008197	52003696	1
19	52008202	52002154	1
19	52008202	52003696	1
19	52008216	52003696	1
19	52008224	52003696	1
19	52008231	52002154	1
19	52017360	52012764	18
19	52017698	52017000	1
19	52018104	52013324	22
19	52018104	52017116	0
19	52018495	52018007	2
19	52025962	52018367	5
19	52025962	52018392	5
19	52040584	52031378	4
19	52040584	52033419	10
19	52040584	52035141	7
19	52040584	52035306	8
19	52041607	52040363	0
19	52041607	52040487	0
19	52047061	52041479	3
19	52047365	52041513	2
19	52048821	52046853	2
19	52063704	52058489	9
19	52064529	52046853	3
19	52067569	52064617	92
19	52076173	52064465	0
19	52076390	52067498	0
19	52077085	52076043	0
19	5208058	5173968	0
19	5208058	5206367	6
19	5208058	5206536	6
19	5208058	5206773	3
19	52084879	52064465	0
19	52084879	52076907	1
19	52084879	52076957	0
19	52084889	52076957	0
19	52095739	52048809	2
19	52122458	52114789	1
19	52122458	52116912	0
19	52124050	52113090	0
19	52124050	52122268	0
19	52124050	52122359	0
19	52124050	52122407	0
19	52130589	52123922	0
19	52130589	52123943	0
19	52138826	52130500	0
19	52139747	52130500	0
19	52139905	52130500	0
19	52139918	52130500	0
19	52139923	52130500	0
19	5215413	5214560	0
19	52154965	52153863	2
19	5215596	5215288	0
19	5215596	5215366	2
19	52160592	52130547	0
19	52160592	52130563	0
19	52160592	52154847	1
19	52160592	52157365	0
19	52160597	52154871	1
19	52160649	52160464	1
19	52168153	52160320	0
19	52168153	52160464	0
19	52168153	52165183	0
19	52212834	52212954	0
19	52225809	52225964	4
19	52228610	52222224	1
19	52231288	52228454	3
19	52231290	52229207	5
19	52231295	52228242	4
19	52291125	52292148	23
19	52297921	52284779	5
19	52302131	52300692	3
19	52323675	52325882	35
19	52325896	52308666	0
19	52330391	52325823	0
19	52374395	52374483	5
19	52394848	52389018	1
19	52395751	52394790	3
19	52396500	52395526	0
19	52396500	52395597	0
19	52396753	52396315	0
19	52396753	52396364	2
19	52397268	52396609	0
19	52397670	52396638	0
19	52397758	52396609	0
19	52397767	52397194	1
19	52414369	52414938	6
19	52414369	52415123	5
19	52415040	52415123	4
19	52453608	52456867	0
19	52453718	52456676	0
19	52456737	52456867	0
19	52456959	52457886	2
19	52456959	52457919	2
19	52512343	52511281	0
19	52555528	52555695	9
19	52585562	52575882	1
19	52598888	52597698	6
19	52614798	52594059	0
19	52616816	52614617	0
19	52616842	52614671	0
19	52616842	52614689	0
19	52616876	52614664	0
19	52617336	52616717	20
19	52618041	52612377	16
19	52618766	52616717	15
19	52619063	52594150	0
19	52619063	52612366	1
19	52619063	52612377	1
19	52619063	52614657	14
19	52619063	52616717	11
19	52619063	52617245	19
19	52619063	52617291	22
19	52619063	52618627	26
19	52619063	52618674	21
19	52635154	52612366	0
19	52635154	52614688	1
19	52635154	52618499	1
19	52635154	52618711	1
19	52635154	52618935	0
19	52635205	52612377	0
19	52637087	52612376	1
19	52655688	52635065	14
19	52655688	52654070	0
19	52660844	52635065	3
19	52660844	52654864	0
19	52660844	52655560	2
19	52660845	52655560	2
19	52707539	52704731	14
19	52707543	52702812	15
19	52707543	52706610	3
19	52707543	52706653	3
19	52707543	52706776	2
19	52708327	52706621	0
19	52708832	52708203	0
19	52711305	52706655	2
19	52711305	52707420	0
19	52711305	52707468	0
19	52714142	52702812	1
19	52714142	52704218	1
19	52714142	52706709	0
19	52714142	52707391	1
19	52714142	52708176	0
19	52715914	52702812	0
19	52715914	52704731	0
19	52715914	52706459	1
19	52715914	52707420	1
19	52715914	52707468	0
19	52723990	52721152	3
19	52728787	52715831	8
19	52728787	52716110	8
19	52728832	52715831	8
19	52728832	52716110	8
19	52728832	52720908	9
19	52728832	52721182	4
19	52728832	52723870	5
19	52735045	52703609	3
19	52735045	52715831	7
19	52735050	52715831	7
19	5273584	5265007	0
19	5273584	5273060	0
19	5274345	5273441	1
19	5274345	5273548	0
19	52755104	52749941	0
19	52755104	52750109	0
19	52767773	52760376	0
19	52767773	52763147	2
19	52774702	52764549	0
19	52774702	52767442	0
19	52778908	52764194	0
19	52781465	52778825	4
19	52781465	52780827	2
19	52786701	52780828	1
19	52786725	52781316	1
19	52786743	52781316	1
19	52786762	52778825	1
19	52786764	52778825	1
19	52786772	52780991	0
19	52786792	52780652	0
19	52786808	52778825	0
19	52805263	52801309	3
19	52805263	52801380	5
19	52805263	52801456	5
19	52806022	52797408	1
19	52808134	52797408	0
19	52808134	52805144	1
19	52810448	52808006	0
19	52818029	52814283	0
19	52818032	52800047	4
19	52818032	52805144	0
19	52818032	52807875	0
19	52818032	52808006	0
19	52845297	52838535	0
19	52845297	52842027	0
19	52846612	52841935	2
19	52849214	52838007	2
19	52849214	52845178	0
19	52849214	52845224	0
19	52849214	52845236	0
19	52849219	52845178	0
19	52849631	52845194	1
19	52857601	52817943	0
19	5286141	5274198	0
19	5286164	5274198	0
19	5286235	5274198	1
19	5286241	5274198	0
19	5286389	5274198	1
19	52864152	52861806	0
19	52874073	52863789	0
19	52874073	52863865	0
19	52874073	52863921	0
19	52879634	52873991	29
19	52888254	52873991	2
19	52888254	52876171	7
19	52888254	52876179	7
19	52888254	52880662	4
19	52888254	52881616	2
19	52888254	52881755	4
19	52888254	52881867	3
19	52888254	52881953	2
19	52890329	52888126	1
19	52890329	52888191	0
19	52890376	52888126	0
19	52891347	52890240	5
19	52891347	52890260	5
19	52891347	52890308	3
19	52895157	52876177	8
19	52895436	52894125	60
19	52897561	52895338	35
19	52897636	52895390	37
19	52897650	52893778	34
19	52897651	52891228	15
19	52897655	52893778	34
19	52897656	52893383	37
19	52897685	52891228	8
19	52897694	52891228	8
19	52915323	52904416	0
19	52915323	52908168	0
19	52942602	52927134	0
19	52952861	52951335	2
19	52952878	52928474	3
19	52952878	52949378	10
19	52952878	52949441	9
19	52952878	52951431	4
19	52952878	52951750	2
19	52953390	52952750	0
19	52956105	52952518	0
19	52956105	52952588	0
19	52956105	52952750	0
19	52956105	52953283	0
19	52956266	52956026	1
19	52960178	52956026	1
19	52962769	52895338	2
19	52962824	52956026	1
19	52962852	52956026	1
19	52962872	52956026	0
19	52962879	52956026	0
19	52962883	52956026	0
19	52962912	52956026	0
19	52970843	52956040	2
19	52980973	52968250	0
19	52980973	52970382	4
19	52980973	52970444	2
19	52980973	52970623	4
19	52980973	52970761	3
19	52980973	52974041	0
19	52980973	52975372	0
19	52980973	52978792	4
19	52980973	52978899	2
19	52986720	52982838	1
19	52986847	52980835	0
19	52986847	52980891	0
19	52990211	52986451	0
19	52990211	52986565	0
19	52990211	52986574	0
19	52993525	52986574	0
19	52993526	52986574	0
19	52993527	52986574	0
19	52993532	52986574	0
19	53037884	52986574	0
19	53037899	52986574	0
19	53074269	53066605	0
19	53074269	53066613	0
19	53074269	53066614	0
19	53074269	53068865	0
19	53074269	53070072	0
19	53074269	53072885	0
19	53075184	53074139	0
19	53075968	53074139	10
19	53085385	53075056	6
19	53085396	53076912	7
19	53086110	53085160	7
19	53086322	53075056	2
19	53086322	53075158	7
19	53086322	53085808	7
19	53086322	53085939	7
19	53086322	53086056	7
19	53091498	53086261	15
19	53091530	53084953	9
19	53091530	53086131	15
19	53091530	53086261	16
19	53091554	53086261	19
19	53091721	53086261	8
19	53091721	53091412	30
19	53093638	53091636	0
19	53103328	53091033	3
19	53103352	53091636	0
19	53103379	53091636	0
19	53103394	53091636	0
19	53103404	53091636	0
19	53103409	53095359	0
19	53103414	53091412	0
19	53103417	53091636	0
19	53103423	53093581	1
19	53103424	53091636	0
19	53103435	53091636	0
19	53103437	53091412	0
19	53115308	53107878	0
19	53115308	53107879	0
19	53115308	53107897	0
19	53115308	53109805	0
19	53115308	53109876	0
19	53115812	53115209	0
19	53115812	53115257	0
19	53115925	53107878	0
19	53115925	53108100	0
19	53115925	53115234	0
19	53116434	53107878	0
19	53116434	53107879	0
19	53116434	53107882	0
19	53116434	53109691	0
19	53116434	53109726	0
19	53116434	53115209	0
19	53116434	53115703	0
19	53116434	53115733	0
19	53116434	53115756	0
19	53116434	53115783	0
19	53116434	53115846	0
19	53122613	53109606	0
19	53122613	53116312	0
19	53122617	53116259	0
19	53122617	53116312	0
19	53122744	53107878	0
19	53122744	53109671	0
19	53122744	53109737	0
19	53122744	53116104	0
19	53122744	53116312	0
19	53122744	53116378	0
19	53129666	53123500	0
19	53129700	53123500	0
19	53129710	53122661	0
19	53132876	53122661	0
19	53132882	53122661	0
19	53132885	53122403	0
19	53132887	53122661	0
19	53132889	53122403	0
19	53132893	53122661	0
19	53132893	53123500	0
19	53132896	53122661	0
19	53132901	53116312	0
19	53132901	53122403	0
19	53132901	53122661	0
19	53132901	53123792	0
19	53132905	53116312	0
19	53132905	53122403	0
19	53132905	53122661	0
19	53132905	53123500	0
19	53132917	53122403	0
19	53132919	53122661	0
19	53132921	53122403	0
19	53133078	53122661	0
19	53148810	53134936	1
19	53148810	53142413	0
19	53148813	53124071	1
19	53148813	53138704	0
19	53148813	53140109	1
19	53148813	53142277	1
19	53149368	53148680	2
19	53149536	53148680	2
19	53153794	53148680	1
19	53153794	53148891	2
19	53153794	53149240	2
19	53153814	53149278	2
19	53161552	53159212	0
19	53162584	53163360	0
19	53163900	53161457	0
19	53175572	53162420	0
19	53182944	53175444	0
19	53182944	53179567	0
19	53182944	53179696	0
19	53190321	53182883	1
19	53193357	53182883	1
19	53193367	53180646	2
19	53193375	53164137	0
19	53193387	53182883	1
19	53240862	53241763	10
19	53243898	53235380	6
19	53243898	53235384	6
19	53243898	53238289	7
19	53243898	53241391	4
19	53243898	53241923	7
19	53243898	53242080	9
19	53251606	53243332	0
19	53251606	53243555	0
19	53251606	53243743	0
19	53251606	53249121	2
19	53251631	53243743	0
19	53270321	53267869	0
19	53300874	53299050	0
19	53302127	53301359	0
19	53303108	53302121	0
19	53375897	53376138	0
19	53384057	53384969	5
19	5340804	5286049	0
19	53423503	53425070	0
19	53425148	53425329	0
19	53425452	53426017	0
19	53426043	53426489	0
19	53426585	53426864	0
19	53426596	53426868	0
19	53426937	53427086	0
19	53512149	53512600	0
19	53555582	53555844	2
19	53576854	53577443	110
19	53601373	53599627	0
19	53601373	53600318	0
19	53658463	53657399	0
19	53768554	53767970	0
19	53788170	53787596	0
19	53796030	53793602	0
19	53796030	53793741	0
19	53796030	53793742	0
19	53798414	53793742	0
19	53801398	53793742	0
19	53804123	53793742	0
19	53857965	53854580	0
19	53869108	53863079	1
19	53869599	53869753	4
19	53876050	53874625	135
19	53882360	53882556	0
19	54041817	54040824	0
19	54041817	54040828	0
19	54041817	54040832	0
19	54041817	54040833	0
19	54051449	54041915	0
19	54051449	54042168	0
19	54051449	54042226	0
19	54051449	54042276	0
19	54051449	54048365	0
19	54055800	54051409	0
19	54058424	54051409	0
19	54058591	54051409	0
19	54063954	54042276	0
19	54074217	54069894	0
19	54074217	54069946	0
19	54096154	54094669	0
19	54096992	54095773	0
19	54097165	54094667	0
19	54097165	54094669	0
19	54097165	54095871	0
19	54097166	54095871	0
19	54102889	54103113	0
19	54102899	54103113	0
19	54102960	54103113	0
19	54106012	54106352	7
19	54108208	54107019	34
19	54108245	54107012	20
19	54108245	54107019	20
19	54108396	54107019	37
19	54110122	54108325	20
19	54114701	54108325	15
19	54121916	54119510	2
19	54125344	54122062	5
19	54128201	54128304	43
19	54129186	54129271	154
19	54143750	54144005	9
19	54153841	54153943	67
19	54153841	54155257	63
19	54153841	54155308	52
19	54157026	54155160	2
19	54160546	54160107	2
19	54160546	54160164	4
19	54160611	54160107	5
19	54160650	54160107	5
19	54162286	54161129	0
19	54162771	54162101	0
19	54162771	54162225	0
19	54163160	54162672	1
19	54163268	54162672	1
19	54163888	54163032	1
19	54164602	54163723	1
19	54164717	54163652	1
19	54165567	54164433	1
19	54165567	54164551	0
19	54168293	54164538	0
19	54168293	54165418	0
19	54168483	54165418	0
19	54168681	54168170	0
19	54169661	54163107	0
19	54178942	54173411	37
19	54178942	54173412	37
19	54178942	54173414	33
19	54180791	54173418	25
19	54181134	54178336	51
19	54181134	54178764	46
19	54183635	54179662	3
19	54183681	54174073	24
19	54183681	54180772	5
19	54183681	54180858	5
19	54183681	54181115	6
19	54183681	54181123	6
19	54187288	54183520	19
19	54188279	54187160	10
19	54188347	54183520	5
19	54188347	54186955	14
19	54188347	54187160	9
19	54188347	54187285	10
19	54188413	54187160	7
19	54190372	54191360	0
19	54190451	54191360	0
19	54191038	54191360	2
19	54191608	54191720	10
19	54193319	54193621	70
19	54199972	54199453	0
19	54206463	54206552	328
19	54206463	54207397	287
19	54206725	54207397	285
19	54217475	54216277	2
19	54217475	54216673	3
19	54217475	54216883	2
19	54217475	54217119	2
19	54217478	54216927	2
19	54217699	54217095	3
19	54218683	54218360	4
19	54218839	54218594	1
19	54218839	54218644	1
19	54218867	54218644	1
19	54219246	54218644	4
19	54222131	54221082	3
19	54222131	54221617	1
19	54222563	54221827	14
19	54222563	54221913	13
19	54222563	54221977	11
19	54222563	54222010	15
19	54238614	54236591	7
19	54239090	54238485	5
19	54239952	54238548	4
19	54239952	54238821	3
19	54240577	54238952	4
19	54241128	54240273	7
19	54241879	54240830	6
19	54241879	54241037	6
19	54242311	54240830	3
19	54246281	54246100	0
19	54247323	54246204	0
19	54252107	54249430	0
19	54252107	54250424	0
19	54252107	54250466	0
19	54252107	54250495	0
19	54252404	54252053	0
19	54252550	54252365	0
19	54252988	54252485	0
19	54254066	54252870	0
19	54254069	54252485	0
19	54254069	54252870	0
19	54254416	54252870	0
19	54254416	54254017	0
19	54255038	54254364	0
19	54255583	54250545	0
19	54255583	54254734	0
19	54276004	54273820	0
19	54276004	54273821	0
19	54276004	54274351	0
19	54276004	54274465	0
19	54279961	54279344	0
19	54280076	54279344	0
19	54280300	54279790	0
19	54280462	54279849	0
19	54280545	54279790	0
19	54294367	54294048	0
19	54298619	54298104	0
19	54306027	54301757	0
19	54307749	54307069	0
19	54307749	54307253	0
19	54310543	54308914	0
19	54311664	54307458	0
19	54311717	54307697	0
19	54312149	54311164	0
19	54312149	54311282	0
19	54312149	54311413	0
19	54312622	54310303	0
19	54320587	54312536	0
19	54329804	54328271	0
19	54330256	54320419	0
19	54333966	54332516	0
19	54333966	54333184	0
19	54337144	54333914	0
19	54337169	54333914	0
19	54337449	54336771	0
19	54337697	54336840	0
19	54338236	54337399	0
19	54338681	54337935	0
19	54338681	54338211	0
19	54356007	54351383	0
19	54356007	54353623	0
19	54356007	54354674	0
19	54356007	54355200	0
19	54356007	54355257	0
19	54356007	54355266	0
19	54356007	54355345	0
19	54356268	54355953	0
19	54356268	54355979	0
19	54356399	54355953	0
19	54356399	54356229	0
19	54356399	54356236	0
19	54356620	54356229	0
19	54356620	54356285	0
19	54356620	54356355	0
19	54356967	54356490	0
19	54356967	54356556	0
19	54356967	54356584	0
19	54356967	54356607	0
19	54357348	54356355	0
19	54357630	54356490	0
19	54360073	54356490	0
19	54360073	54356711	0
19	54360073	54356927	0
19	54360073	54358005	0
19	54360950	54360021	0
19	54361194	54360021	0
19	54361207	54356927	0
19	54361207	54360021	0
19	54361210	54356927	0
19	54361210	54359842	0
19	54361210	54360021	0
19	54361210	54360694	0
19	54361244	54360021	0
19	54364331	54356927	0
19	54364331	54360021	0
19	54364331	54360799	0
19	54364331	54360915	0
19	54364331	54360959	0
19	54364331	54360981	0
19	54364331	54361009	0
19	54364487	54360021	0
19	54364487	54360915	0
19	54364487	54360958	0
19	54364487	54361009	0
19	54364932	54360915	0
19	54364932	54361009	0
19	54368600	54364294	0
19	54370492	54364294	0
19	54370559	54360915	0
19	54416067	54416788	0
19	54419307	54419450	0
19	54430906	54431098	2
19	54434699	54430653	4
19	54436172	54436332	1
19	54448216	54444812	11
19	54448603	54445035	9
19	54449015	54448164	9
19	54449046	54448164	9
19	54458522	54460765	920
19	54458522	54461225	1052
19	54458568	54461551	1018
19	54461693	54461802	1158
19	54471686	54465025	1
19	54473172	54471505	0
19	54473265	54471544	0
19	54532832	54533042	0
19	54543429	54543536	0
19	54594279	54594440	0
19	54630634	54631025	0
19	54634403	54634640	0
19	54635610	54636493	0
19	54635610	54636496	0
19	54638893	54635721	0
19	54888643	54888975	0
19	54906222	54906298	0
19	54906335	54906522	0
19	54927739	54923651	0
19	54927776	54923509	0
19	54927776	54923514	0
19	54927776	54923652	0
19	54930667	54923508	0
19	54930667	54923514	0
19	54941006	54938887	0
19	54941751	54940930	0
19	54941751	54940992	0
19	54941753	54940930	0
19	54947498	54941434	0
19	54947506	54941434	0
19	54947506	54941501	0
19	54947506	54941550	0
19	54966244	54947468	0
19	54966244	54947631	0
19	54966244	54947642	0
19	54966254	54941434	0
19	54966313	54947468	0
19	54970154	54970222	0
19	54990097	54990214	0
19	55015734	55013704	0
19	55015734	55014525	0
19	55018712	55013704	0
19	55027863	55018651	0
19	55027863	55025217	0
19	55032397	55027577	0
19	55032397	55027604	0
19	55041025	55039110	10
19	55042005	55039110	31
19	55043108	55039107	33
19	55044950	55042038	25
19	55045310	55027592	1
19	55047489	55044323	5
19	55047489	55044342	5
19	55047489	55044854	4
19	55047489	55044904	4
19	55048258	55044342	5
19	55048258	55047104	2
19	55048258	55047386	2
19	55048542	55047386	3
19	55048542	55047412	3
19	55048542	55048045	3
19	55048764	55048328	4
19	55051003	55048656	6
19	55053929	55048658	4
19	55056809	55041245	7
19	55056809	55048658	2
19	55056809	55050699	1
19	55056809	55050873	2
19	55059175	55056652	0
19	55059276	55056652	0
19	55063077	55056675	2
19	55063087	55059156	0
19	55063120	55059156	0
19	55063149	55056652	0
19	55063177	55059156	0
19	55063218	55059156	0
19	55063218	55059252	0
19	55063834	55059156	0
19	55064000	55063270	0
19	55064343	55063219	0
19	55064369	55063040	0
19	55064394	55063507	0
19	55064413	55059156	0
19	55064413	55063751	0
19	55064413	55063863	0
19	55068531	55059156	0
19	55068531	55062967	0
19	55068829	55064295	0
19	55069492	55064295	0
19	55069503	55067194	0
19	55069521	55064295	0
19	55069524	55064295	0
19	55069530	55059156	0
19	55069530	55064295	0
19	55069532	55063900	0
19	55069893	55064039	0
19	55071292	55063947	0
19	55080542	55080771	0
19	55082181	55082274	0
19	55083520	55083615	1
19	55091701	55090912	90
19	55091701	55090913	90
19	55091701	55091207	257
19	55091701	55091360	9
19	55091701	55091415	5
19	55092866	55092621	2
19	55092869	55092621	2
19	55093077	55092621	3
19	55093077	55092775	2
19	55093077	55092782	3
19	55093234	55092621	3
19	55093234	55092789	2
19	55096179	55095866	16
19	55096336	55096050	29
19	55097065	55096076	20
19	55098859	55096261	12
19	55112586	55103408	9
19	55112796	55112466	13
19	55113619	55112664	10
19	55117414	55112664	13
19	55117560	55112664	12
19	55120006	55119249	0
19	55133675	55132949	0
19	55133928	55132793	0
19	55133928	55132825	0
19	55133928	55132827	0
19	55133928	55132831	0
19	55133928	55132834	0
19	55133928	55132864	0
19	55133928	55132875	0
19	55137178	55134065	1
19	55137213	55133886	1
19	55137213	55134065	1
19	55138075	55137102	0
19	55140700	55138004	0
19	55140913	55137960	0
19	55140923	55137960	0
19	55140961	55137960	0
19	55140961	55137975	0
19	55140961	55138017	0
19	55145566	55141185	0
19	55145566	55141856	0
19	55146455	55145543	1
19	55146467	55145399	1
19	55146467	55145543	1
19	55146708	55140882	0
19	55146708	55145543	1
19	55146943	55145543	1
19	55147022	55145543	1
19	55154207	55151766	0
19	55154207	55151769	0
19	55154207	55151770	0
19	55154407	55151769	0
19	55154831	55154029	0
19	55154831	55154109	0
19	55156333	55154304	0
19	55156333	55154740	0
19	55156333	55154745	0
19	55156333	55154756	0
19	55156482	55154740	0
19	55156645	55156200	0
19	55156726	55156200	0
19	55156793	55156274	0
19	55157129	55156602	0
19	55157134	55156602	0
19	55157283	55157049	0
19	55157309	55157049	0
19	55157731	55157049	0
19	55157733	55156728	0
19	55159339	55159421	11
19	55159450	55157561	3
19	55159608	55158660	8
19	55159608	55158662	8
19	55159608	55158793	8
19	55159608	55159192	8
19	55159721	55158752	6
19	55160011	55159532	1
19	55160014	55159532	1
19	55160660	55159898	3
19	55160672	55159898	3
19	55160690	55159898	4
19	55160776	55159532	6
19	55160776	55159898	3
19	55161188	55160639	1
19	55161419	55161064	1
19	55161419	55161126	1
19	55161826	55161292	3
19	55161826	55161333	3
19	55162068	55161292	3
19	55162291	55161009	3
19	55162291	55161642	2
19	55162350	55161642	3
19	55162808	55162132	0
19	55162819	55162132	0
19	55165464	55162132	0
19	55165464	55162221	1
19	55165464	55162241	1
19	55165464	55162261	1
19	55166001	55165369	2
19	55166064	55165369	2
19	55166078	55165369	2
19	55166418	55165369	1
19	55166418	55165781	2
19	55166418	55165816	2
19	55166418	55165857	2
19	55166434	55165857	2
19	55166553	55166328	1
19	55166577	55165857	2
19	55166577	55166328	1
19	55166622	55166328	1
19	55166641	55165988	1
19	55166641	55166328	1
19	55166651	55166328	1
19	55166652	55166328	1
19	55166723	55166328	1
19	55173094	55171686	0
19	55174567	55173639	0
19	55174651	55171198	0
19	55174651	55171222	0
19	55174651	55173095	0
19	55174651	55173594	0
19	55174651	55173597	0
19	55174651	55173639	0
19	55175340	55174516	0
19	55175340	55174881	1
19	55175345	55174881	1
19	55175877	55175171	0
19	55175877	55175286	0
19	55176125	55175708	0
19	55176125	55175784	0
19	55176125	55175792	0
19	55176258	55175708	0
19	55178369	55176004	0
19	55179391	55176004	0
19	55182152	55181247	4
19	55196789	55191662	0
19	55196789	55194013	0
19	55204049	55202055	0
19	55205593	55203781	0
19	55205593	55203991	0
19	55206956	55202055	0
19	55206956	55205325	0
19	55206956	55205391	0
19	55206977	55205325	0
19	55206977	55205403	0
19	55206977	55205501	0
19	55207200	55205325	0
19	55228438	55226747	29
19	55228774	55226638	21
19	55229265	55228190	36
19	55230685	55229779	194
19	55230685	55230489	82
19	55231492	55230773	2
19	55236822	55232074	12
19	55236971	55236312	11
19	55236971	55236642	6
19	55239503	55236912	4
19	55239506	55236912	4
19	55239684	55239404	0
19	55239689	55238693	2
19	55240115	55239825	8
19	55240301	55239985	3
19	55240301	55239998	3
19	55241640	55241238	228
19	55242280	55241476	155
19	55242369	55241476	145
19	55245403	55245119	3
19	55245679	55245264	4
19	55245679	55245343	4
19	55265305	55262639	37
19	55265390	55262230	16
19	55265390	55262352	25
19	55265390	55262486	38
19	55266287	55265885	15
19	55274623	55265277	8
19	55274623	55266130	15
19	55274623	55266235	12
19	55277706	55274397	4
19	55277781	55274471	6
19	55277847	55274395	5
19	55277847	55274397	5
19	55279691	55277641	5
19	55279703	55277641	4
19	55279703	55277643	4
19	55279705	55277641	4
19	55279706	55277646	4
19	55279857	55277641	4
19	55279857	55279398	2
19	55280078	55279398	1
19	55280109	55279398	1
19	55280178	55279398	1
19	55280382	55279513	1
19	55312496	55312028	1
19	55316967	55312800	0
19	55316967	55312801	0
19	55316967	55312968	0
19	55316967	55312972	0
19	55320167	55316785	0
19	55320167	55316887	0
19	55320452	55320038	0
19	55320459	55316774	0
19	55320459	55319463	0
19	55320459	55320038	0
19	55320618	55320038	0
19	55342047	55342214	14
19	55342852	55343679	5
19	55342852	55343723	5
19	55342852	55343977	7
19	55343844	55343977	7
19	55351891	55350412	0
19	55352327	55349707	0
19	55352327	55351698	0
19	55352503	55352080	0
19	55352503	55352178	0
19	55352737	55352080	0
19	55352737	55352300	0
19	55353394	55352080	0
19	55353395	55351756	0
19	55353690	55352414	0
19	55353775	55349305	0
19	55353775	55349701	0
19	55353775	55352532	0
19	55353775	55353311	0
19	55353967	55353596	0
19	55353967	55353606	0
19	55354540	55353606	0
19	55354540	55353865	0
19	55354541	55353865	0
19	55354697	55354409	1
19	55354712	55354107	0
19	55354712	55354409	1
19	55354720	55354409	1
19	55354815	55354409	1
19	55355096	55353865	0
19	55355346	55354649	0
19	55355346	55354907	0
19	55368372	55364388	4
19	55368372	55365558	8
19	55368570	55368209	4
19	55368570	55368281	2
19	55377719	55377801	2
19	55377887	55377974	4
19	55384599	55379244	0
19	55385966	55386349	29
19	55386675	55387929	123
19	55386694	55386766	141
19	55386694	55387284	109
19	55386694	55387929	139
19	55388049	55388242	72
19	55388049	55391553	87
19	55404148	55401578	60
19	55404402	55401713	70
19	55404479	55399744	63
19	55404479	55404060	43
19	55437755	55428739	0
19	55437755	55431975	0
19	55455107	55452984	2
19	55455107	55452988	2
19	55455331	55454988	11
19	55455331	55454989	11
19	55455331	55455001	11
19	55455379	55454988	11
19	55455586	55452988	4
19	55455846	55454988	14
19	55455846	55455259	28
19	55456490	55455259	12
19	55456490	55455331	12
19	55456490	55455635	8
19	55457213	55456348	4
19	55460032	55456348	2
19	55461570	55456348	3
19	55461625	55455896	2
19	55461643	55456348	3
19	55461646	55456348	3
19	55462344	55456348	0
19	55464708	55463001	0
19	55485781	55486407	44
19	55486861	55487277	22
19	55489033	55489353	2
19	55531346	55529732	0
19	55544303	55540655	0
19	55544950	55544099	0
19	55544950	55544247	0
19	55580822	55576769	89
19	55580846	55579593	43
19	55595735	55593432	6
19	55597843	55595619	7
19	55597902	55591370	7
19	55597902	55593409	14
19	55598789	55597733	28
19	55599528	55597571	4
19	55599631	55597719	11
19	55601971	55593359	7
19	55616017	55616414	70
19	5562212	5558166	2
19	5562212	5560773	1
19	5562212	5561631	1
19	5562299	5561033	1
19	55624567	55621205	13
19	55624602	55620741	4
19	55642149	55642496	31
19	55648278	55648757	17
19	55648278	55648894	8
19	55648278	55648945	12
19	55648278	55649001	12
19	55649078	55649204	4
19	55649078	55649407	6
19	55649310	55649407	4
19	55674711	55661911	61
19	55674716	55661900	62
19	5567832	5562081	2
19	5567954	5562635	2
19	5568035	5562081	4
19	55696299	55697707	18
19	55711971	55708431	0
19	55711971	55711432	0
19	55738375	55731998	0
19	55738403	55731998	0
19	5578350	5562081	0
19	55788978	55785396	0
19	55788978	55785403	0
19	55792472	55789228	0
19	55796251	55792300	0
19	55796251	55792369	0
19	55810339	55801571	0
19	55810339	55807852	0
19	55818237	55808768	0
19	55818238	55808768	0
19	55831988	55808768	0
19	55832095	55808768	0
19	55832095	55810235	0
19	5587768	5586998	75
19	5587768	5587109	87
19	5587981	5587700	28
19	5589021	5587867	87
19	55896120	55891698	0
19	55898938	55895944	0
19	55898938	55895991	0
19	5590409	5587867	53
19	5591794	5590277	49
19	5592882	5591295	18
19	5592888	5591747	17
19	5598885	5595360	5
19	5600173	5598484	0
19	5600261	5598792	2
19	5600261	5598831	2
19	5604696	5600129	0
19	5604696	5600199	2
19	5604696	5600213	2
19	5604696	5600225	2
19	56103228	56087365	12
19	56103485	56089052	7
19	56121251	56101649	3
19	56121281	56103138	2
19	5612474	5609994	51
19	5612568	5610638	62
19	5612568	5611119	62
19	5613528	5611875	0
19	5613528	5612519	0
19	5613528	5612539	0
19	56157547	56158493	32
19	56190988	56189569	0
19	56190988	56189688	0
19	56192054	56190836	0
19	56193053	56191849	0
19	56193055	56191929	0
19	56193055	56192026	0
19	56193180	56191849	0
19	56222742	56219669	2
19	56222742	56221311	3
19	56222742	56221486	5
19	56222742	56222057	0
19	56225049	56223630	0
19	56225174	56223630	0
19	56228291	56224662	0
19	56228312	56224662	0
19	56313381	56283344	1
19	56313385	56222590	1
19	56313385	56223630	1
19	56313385	56224730	0
19	56313385	56224792	0
19	56313385	56224919	0
19	56313385	56224931	0
19	56313385	56274503	0
19	56313385	56274538	0
19	56313385	56280601	0
19	56313385	56296067	1
19	56313388	56263217	2
19	56316269	56224662	0
19	56322311	56319789	0
19	56363399	56315913	0
19	56363399	56354492	0
19	56364998	56363175	0
19	56365058	56363234	0
19	56365950	56364955	0
19	56367361	56365714	0
19	56368384	56363234	0
19	56390097	56375845	2
19	56390097	56382751	0
19	56390097	56383278	3
19	56390097	56383769	4
19	56390097	56384872	4
19	56390097	56384881	5
19	56390502	56389997	3
19	56390502	56390000	3
19	56394039	56394216	1
19	56394054	56394216	1
19	56398049	56398276	9
19	56398384	56398893	6
19	56414086	56414344	1
19	56442748	56439329	0
19	56444282	56439324	0
19	56449658	56439329	0
19	56458248	56439324	0
19	56458248	56442519	0
19	56458248	56444130	0
19	56458248	56449556	0
19	56460816	56458154	0
19	56472185	56467718	0
19	56472188	56462337	0
19	56473069	56462337	0
19	56477119	56462337	0
19	56477331	56474011	0
19	56477368	56462337	0
19	56477375	56462337	0
19	56478066	56462337	0
19	56483978	56480396	0
19	56488041	56485922	0
19	56494281	56491126	0
19	56494343	56495047	0
19	56537738	56536155	0
19	56537738	56536157	0
19	56538316	56537650	0
19	56538376	56537650	0
19	56538419	56537650	0
19	56538576	56537650	0
19	56567412	56545565	1
19	56590282	56589494	0
19	5667165	5667346	7
19	5667165	5667352	7
19	5667165	5667819	19
19	56671761	56661980	0
19	56671784	56664921	0
19	5667451	5667819	29
19	56779473	56774546	0
19	56779473	56774561	0
19	56779473	56774593	0
19	56779473	56774625	0
19	56779473	56775378	0
19	5678903	5678420	31
19	5679397	5678421	38
19	5679397	5678774	43
19	5679397	5678831	37
19	5679397	5678914	43
19	5679764	5679344	47
19	5680195	5679585	12
19	5680253	5679585	14
19	5680489	5679585	15
19	5680511	5679043	23
19	5680897	5679585	11
19	56811284	56810090	1
19	56817836	56810076	0
19	56817836	56813674	1
19	56817836	56813677	1
19	56817839	56789871	0
19	56817839	56810076	0
19	56817839	56810101	0
19	56817839	56810120	0
19	56817839	56810186	0
19	56817839	56810917	1
19	56817839	56811080	2
19	56817839	56813147	0
19	56817839	56814387	1
19	56818703	56789871	0
19	56818703	56810076	1
19	56818703	56812157	0
19	56818703	56812818	1
19	56818703	56816789	0
19	56818703	56817745	0
19	56822837	56821650	0
19	56823680	56822496	0
19	56823680	56822752	0
19	56824428	56822752	0
19	56824649	56823589	0
19	56824742	56822752	0
19	56824742	56823589	0
19	56824742	56823592	0
19	56825007	56823592	0
19	56826464	56823589	0
19	56826464	56823592	0
19	56826464	56824261	0
19	56833421	56824261	0
19	56836079	56824261	0
19	56836105	56823589	0
19	56836105	56823592	0
19	56836105	56824261	0
19	56836105	56824545	0
19	5684906	5684988	4
19	5684906	5684992	4
19	5687376	5687502	19
19	5687669	5687752	55
19	5687669	5687915	58
19	5690328	5690505	82
19	5690390	5690505	92
19	5690601	5690820	28
19	5690601	5691318	61
19	5691454	5691531	13
19	5693463	5691833	17
19	5693463	5691834	17
19	5693463	5691954	17
19	5693463	5691992	17
19	5696758	5696053	47
19	5696758	5696248	50
19	5699206	5696248	19
19	5699206	5696669	19
19	5699206	5696686	18
19	5700928	5699026	19
19	5705948	5700908	25
19	5705993	5700788	19
19	5705993	5700884	21
19	5707144	5705771	19
19	5707144	5705910	22
19	5707812	5705771	22
19	5707827	5707059	17
19	5708033	5707059	23
19	5708404	5707696	42
19	5708404	5707811	49
19	5708959	5707696	24
19	5712469	5705771	24
19	57136972	57134095	0
19	57155373	57154020	0
19	571597	567220	2
19	571597	567310	2
19	571597	567432	2
19	571735	571439	2
19	571737	571439	2
19	571746	567209	0
19	57191528	57191698	21
19	57191791	57191873	38
19	5719805	5714182	11
19	5719817	5714182	11
19	5719834	5714182	11
19	5719850	5714182	11
19	5719872	5714182	11
19	5720144	5712462	8
19	5720147	5711770	7
19	5720157	5714902	10
19	5720164	5717354	7
19	5720291	5714182	5
19	5720573	5714182	6
19	572229	571439	3
19	57231307	57231741	1
19	57231307	57231750	1
19	57233592	57233593	0
19	57277057	57267219	2
19	57277057	57267375	0
19	57351418	57351491	29
19	57352013	57350847	15
19	57363704	57364814	4
19	57455744	57437969	11
19	57456183	57455447	6
19	57456183	57455652	4
19	57456240	57455378	6
19	57474422	57473273	19
19	57475147	57469585	23
19	57475147	57474360	12
19	57475787	57456125	2
19	57475787	57473044	18
19	57475787	57474360	5
19	57475787	57475023	3
19	57475787	57475032	4
19	57475787	57475047	4
19	57476673	57456125	1
19	57476673	57466662	13
19	57476673	57473149	11
19	57476673	57475659	3
19	57476673	57475736	3
19	57477505	57466831	20
19	57477571	57456125	1
19	57477571	57469585	2
19	57477571	57475659	1
19	57487984	57490130	7
19	57487984	57490146	7
19	57487984	57491467	9
19	57487984	57491470	9
19	57490186	57491467	11
19	57490186	57491470	11
19	57491598	57492112	12
19	57493784	57493951	29
19	57513152	57516053	1
19	57544584	57541839	51
19	57547994	57541835	42
19	57547994	57541839	42
19	57547994	57542635	45
19	57547994	57543650	36
19	57547994	57544236	47
19	57552723	57535256	7
19	57552723	57546456	4
19	57556358	57552626	3
19	57556361	57546762	5
19	57559813	57556230	2
19	57559861	57555997	0
19	57559864	57556230	0
19	57575931	57571565	8
19	57633906	57634022	14
19	57701146	57697366	0
19	57702789	57697366	0
19	57702789	57700987	0
19	57722439	57719750	8
19	57722439	57720120	9
19	57723341	57722315	7
19	57723341	57722321	7
19	57727026	57723264	4
19	57727614	57723213	5
19	57727616	57721686	4
19	57727623	57722315	2
19	57727623	57723213	5
19	57727625	57723213	5
19	57755692	57756871	33
19	57813405	57803840	3
19	57813421	57807081	3
19	57813421	57807908	3
19	57814914	57813058	2
19	57814914	57813293	2
19	5784440	5782959	116
19	5784766	5784376	120
19	57852389	57852165	22
19	5785512	5784004	129
19	5785512	5785139	135
19	5785620	5785382	54
19	57857290	57848730	16
19	5785756	5784831	128
19	5785792	5785382	96
19	5785792	5785455	96
19	5785792	5785463	96
19	57858984	57852337	17
19	5786000	5785455	86
19	57861474	57861793	88
19	57868173	57867037	31
19	57868580	57858814	97
19	57868580	57864757	38
19	57868580	57864758	38
19	57868580	57864764	33
19	57870813	57868535	37
19	57873549	57872821	31
19	5787362	5786466	61
19	5787362	5786748	72
19	5787362	5787060	38
19	57873969	57873206	31
19	57874221	57873800	32
19	57875227	57868457	39
19	57875227	57874052	13
19	57877043	57850314	30
19	57877043	57850319	30
19	57877043	57850678	30
19	57877043	57868457	28
19	57877043	57868486	28
19	57877043	57870721	9
19	57877043	57872478	9
19	57877043	57874634	3
19	57877043	57875155	5
19	5787706	5787246	15
19	5787706	5787295	16
19	5788035	5787588	3
19	5788123	5787555	2
19	5788171	5787588	15
19	5788177	5787588	15
19	5788399	5788023	28
19	57885970	57876915	5
19	57888781	57876915	4
19	57888808	57876915	4
19	57888818	57876915	4
19	57888822	57858129	6
19	57888921	57876915	3
19	57888970	57876474	4
19	57889009	57876764	3
19	57889020	57876915	1
19	57889038	57876915	1
19	57889075	57876915	1
19	5789540	5788356	24
19	5789717	5788356	30
19	5789720	5788356	32
19	57901716	57888766	0
19	57901716	57900295	13
19	5790266	5789133	43
19	5790336	5788356	25
19	5790336	5789206	47
19	5790336	5789250	51
19	5790336	5789293	25
19	5790955	5790042	27
19	5791039	5790042	22
19	5791207	5790259	24
19	5791211	5789936	22
19	5791211	5790042	21
19	57912168	57901656	39
19	57912187	57901656	39
19	57912187	57908479	7
19	57912187	57909976	3
19	57912187	57910084	3
19	57912190	57906845	7
19	57912190	57909994	3
19	57912190	57910103	3
19	5791226	5790068	27
19	5791239	5790046	24
19	57923290	57921883	1
19	57923290	57922265	2
19	57923290	57922430	1
19	57925795	57922260	1
19	57928048	57923191	2
19	57930513	57927977	0
19	57930555	57923191	1
19	57930555	57925622	1
19	57930555	57926051	1
19	57930555	57927976	1
19	57930558	57925622	1
19	57930558	57927887	1
19	57930558	57927904	1
19	57933903	57925622	1
19	57935136	57922260	0
19	57935136	57933816	1
19	57935177	57933816	1
19	57935355	57935079	1
19	57935373	57933816	1
19	57935375	57934814	1
19	57935381	57935079	1
19	57935384	57925769	2
19	57935388	57933816	1
19	57935394	57935030	1
19	57944061	57940832	5
19	57947676	57940923	2
19	57961552	57958436	0
19	57988303	57977052	0
19	57988303	57978264	0
19	57988303	57979153	0
19	57988722	57988206	0
19	57999897	57988594	1
19	58000740	57988594	0
19	58000740	57988675	0
19	58000740	57997395	3
19	58000740	57999263	2
19	58000740	57999807	2
19	58001371	58000223	1
19	58001371	58000570	2
19	58001371	58000682	1
19	58002747	58001156	2
19	58002783	58001288	2
19	58002796	58001288	1
19	58002818	58001288	1
19	58002820	58001288	1
19	58002828	58001288	2
19	58003350	58001288	1
19	58004701	58005906	1
19	58005996	58009330	4
19	58020195	58012588	0
19	580462	580645	24
19	58067568	58068407	0
19	58086267	58083837	1
19	58086267	58083838	1
19	58086267	58083858	1
19	58086267	58084336	1
19	58086267	58084437	1
19	58086267	58084481	1
19	58087009	58086173	5
19	58087378	58086173	4
19	58087405	58086905	4
19	58087454	58086579	4
19	58088028	58086905	2
19	58088838	58087092	2
19	58088838	58087315	2
19	58089962	58088687	2
19	58090387	58087636	2
19	58090387	58088684	2
19	58090387	58088687	2
19	58090599	58083842	1
19	58092569	58090232	0
19	58093399	58089864	0
19	58098204	58089864	0
19	58098211	58089864	0
19	58098229	58088687	0
19	58098232	58089864	0
19	58098364	58089864	0
19	58118367	58108801	0
19	58118398	58090175	0
19	58118427	58089864	0
19	58118428	58107615	0
19	58129512	58126334	11
19	58132677	58126251	0
19	58142662	58126327	0
19	58142662	58127424	0
19	58142662	58132241	0
19	58142665	58126329	0
19	58155068	58129375	1
19	58183443	58183920	16
19	58183597	58183920	10
19	58210074	58211559	23
19	58229571	58229952	8
19	58278809	58257269	6
19	58285844	58286109	0
19	58311381	58312020	92
19	58312062	58312165	113
19	58313114	58310448	63
19	58315037	58312969	73
19	58325362	58314805	2
19	5832568	5831377	0
19	5832906	5830625	0
19	5832906	5832360	0
19	58347635	58345177	1
19	58347641	58346849	1
19	58347641	58346853	1
19	58347641	58346857	1
19	58347658	58346859	1
19	58350652	58347352	15
19	58350652	58348465	24
19	5835078	5830625	0
19	5835078	5832156	0
19	5835078	5832367	0
19	5835078	5832433	0
19	5835078	5832476	0
19	5835078	5832860	0
19	5835078	5834306	0
19	58351688	58349564	23
19	58351688	58350369	24
19	58351688	58350593	24
19	58352185	58351390	23
19	58352556	58350369	22
19	58352556	58351390	16
19	58352556	58352097	21
19	58353130	58352282	17
19	58353198	58351390	24
19	58353198	58352282	15
19	58353328	58352927	16
19	58353328	58353020	13
19	58353858	58354368	17
19	58356084	58353291	18
19	58356226	58353291	30
19	58357650	58353291	16
19	58358287	58357438	10
19	58358287	58357584	10
19	58358586	58354356	13
19	58359324	58358488	15
19	58362752	58359196	8
19	58362755	58358488	8
19	58362826	58358488	8
19	58362849	58355560	14
19	58369929	58367617	2
19	58369929	58367622	2
19	5838374	5834949	0
19	5838400	5834949	0
19	5838731	5834771	0
19	5838733	5838173	0
19	58387340	58388136	14
19	5838747	5838173	0
19	5838761	5834949	0
19	5838791	5834839	0
19	58388246	58388417	50
19	5838826	5834949	0
19	5839018	5830609	0
19	58393186	58393358	51
19	58393488	58394496	27
19	58394596	58394681	22
19	5839693	5838676	0
19	5839718	5830773	0
19	5839732	5834949	0
19	58405363	58404719	16
19	58407178	58406395	47
19	58408485	58406558	43
19	58415647	58415792	0
19	58415647	58415818	0
19	58415647	58416810	1
19	58415941	58416810	1
19	58434247	58433400	6
19	58434803	58434178	7
19	58434967	58434498	8
19	58435201	58434916	10
19	58435502	58435143	7
19	58435716	58435484	5
19	58437216	58432813	5
19	5846565	5842890	0
19	5846600	5844518	0
19	5846619	5842890	0
19	5846619	5844539	0
19	5846967	5842887	0
19	5846967	5844825	0
19	5847035	5844706	0
19	58471327	58471439	87
19	58472163	58472329	37
19	58476197	58476439	9
19	5847695	5846564	0
19	5847709	5846806	0
19	58477561	58477636	13
19	58477827	58478086	7
19	58479728	58479929	14
19	58480020	58480175	17
19	58480020	58480328	22
19	58480620	58480703	36
19	58481188	58479511	24
19	58483647	58481063	2
19	5848772	5846425	0
19	5848902	5847582	0
19	5848906	5846425	0
19	5849546	5847582	0
19	58498692	58483531	1
19	58498916	58498332	5
19	58498916	58498336	5
19	58498916	58498385	7
19	58498916	58498493	4
19	58499143	58498474	8
19	58499242	58498336	1
19	58500707	58500338	2
19	58501411	58500511	5
19	58501411	58500593	3
19	58510006	58501285	3
19	58510173	58501285	3
19	58510931	58509846	2
19	58511993	58510720	2
19	58512066	58510720	3
19	5851450	5842889	0
19	5851450	5846425	0
19	5851472	5846425	0
19	5851475	5846425	0
19	58517674	58513529	28
19	58517674	58513565	31
19	58519555	58516394	15
19	58519560	58517622	14
19	58519752	58516394	14
19	58520223	58516394	17
19	58538912	58517308	0
19	58544562	58544937	1442
19	58548777	58548861	100
19	58548777	58548885	111
19	58548911	58548987	96
19	58549651	58549736	169
19	58549861	58549948	132
19	58551968	58551565	17
19	58552186	58551565	18
19	58552186	58551905	19
19	58552439	58552054	29
19	58554098	58552258	16
19	58554237	58552097	22
19	58554237	58552258	20
19	58554639	58552258	20
19	58554961	58554044	54
19	58554974	58554044	45
19	58554991	58554045	46
19	58554994	58554044	46
19	58555091	58553747	53
19	58555125	58554044	38
19	58556380	58555711	62
19	58556380	58556140	63
19	58556791	58556200	89
19	58556791	58556315	73
19	58556931	58556593	36
19	58556931	58556686	32
19	58557130	58556581	31
19	5870541	5865825	0
19	5870624	5866170	0
19	5896576	5867614	0
19	5896576	5870464	0
19	5896576	5891275	3
19	5896576	5894676	56
19	5896651	5867614	0
19	5896682	5894680	81
19	5896998	5867614	0
19	5896998	5894674	30
19	5896998	5896452	6
19	5901455	5896904	2
19	5903704	5896904	2
19	5903755	5901334	2
19	5903757	5896904	2
19	5903772	5896904	2
19	5903787	5896904	2
19	5903788	5896904	2
19	5904007	5902430	2
19	5912442	5913689	33
19	5913900	5911577	33
19	5914310	5914384	16
19	5914490	5914562	20
19	5914741	5914939	5
19	5917981	5916138	50
19	5917981	5917315	59
19	5917981	5917321	59
19	5917981	5917322	59
19	5917981	5917351	56
19	5917981	5917639	29
19	5918639	5917793	3
19	5921322	5918402	8
19	5921322	5918495	5
19	5923304	5920891	6
19	5923304	5921200	7
19	5923875	5923193	4
19	5923915	5923193	4
19	5923915	5923214	5
19	5924906	5923811	10
19	5925738	5923811	4
19	5925738	5924826	5
19	5925766	5924826	5
19	5928088	5924826	1
19	5928088	5925633	7
19	5928088	5925651	7
19	5928445	5925663	2
19	5931532	5927967	4
19	5931532	5928015	4
19	5931532	5928061	4
19	5931532	5928279	1
19	5932545	5927967	6
19	5932545	5931403	10
19	5932545	5931418	10
19	5932545	5931450	10
19	5932545	5931495	11
19	5932545	5931500	11
19	5932545	5931512	11
19	5933319	5931403	11
19	5933480	5932451	5
19	5933657	5932451	11
19	5933930	5933413	67
19	5934463	5932451	57
19	5935840	5933413	55
19	5941708	5932451	28
19	5941708	5933411	37
19	5941708	5933413	37
19	5941708	5933416	35
19	5941708	5933419	36
19	5941708	5933473	41
19	5941708	5933802	35
19	5941708	5935684	39
19	5941836	5941620	5
19	5941836	5941670	5
19	5950873	5941798	1
19	5950876	5941798	1
19	5951597	5941798	3
19	5951597	5950576	0
19	5951597	5950716	0
19	5957936	5941798	2
19	5957969	5941798	2
19	5957974	5941798	2
19	5978080	5941798	0
19	5978086	5941798	0
19	5978094	5941798	1
19	5978141	5933413	1
19	5978141	5941798	0
19	5978143	5921200	2
19	5995644	5993163	1
19	5995644	5993516	1
19	5995644	5994501	0
19	5995644	5994815	0
19	6002871	6001814	0
19	6004299	6002720	0
19	6007167	6002721	0
19	6007803	6007011	0
19	6008225	6007689	1
19	6008225	6007774	1
19	6008227	6007689	1
19	6010252	6007865	1
19	6010252	6008105	0
19	6010252	6008188	0
19	6013106	6010135	0
19	6013106	6010181	0
19	6016272	6010135	0
19	6016272	6012985	0
19	6016272	6013038	0
19	6023206	6016089	0
19	6026238	6016089	0
19	6026700	6016089	0
19	6040242	6016089	0
19	6040242	6026162	0
19	6040242	6026195	0
19	6040242	6027163	0
19	6042124	6039979	0
19	6042124	6040034	0
19	6042124	6040073	0
19	6042124	6040085	0
19	6042124	6040185	0
19	6042124	6040202	0
19	6044283	6039979	0
19	6047505	6039979	0
19	6110447	6047406	0
19	6110469	6078100	0
19	6110474	6047406	0
19	6110477	6072004	0
19	6110479	6047406	0
19	6110481	6016089	0
19	6110483	6026162	0
19	6110513	6016089	0
19	6110533	6047406	0
19	6110535	6047406	0
19	6110602	6044192	0
19	6113762	6044192	0
19	6135664	6135823	0
19	6135674	6135823	0
19	6148330	6047406	0
19	617481	617223	8
19	617481	617227	8
19	617656	617418	10
19	617656	617430	11
19	617850	617569	31
19	617998	617569	22
19	618583	617776	49
19	618587	617418	39
19	618587	617645	49
19	618587	617776	49
19	618759	617569	11
19	618761	617776	53
19	6192030	6191325	2
19	6199508	6191864	3
19	6199525	6176274	1
19	6199530	6148230	0
19	6199530	6189727	2
19	6199564	6175872	0
19	6199573	6191569	2
19	6211477	6210688	333
19	6213409	6210378	215
19	6213409	6213119	19
19	622753	622148	25
19	622986	622534	34
19	622986	622581	19
19	623604	622820	19
19	624906	623453	3
19	624906	623466	4
19	6262311	6230569	0
19	6270760	6262227	0
19	630169	625123	10
19	630170	625123	10
19	6307291	6306141	0
19	632939	629539	5
19	632939	629635	5
19	6353468	6343760	0
19	6361941	6362445	14
19	6375850	6375293	7
19	6380691	6379568	35
19	6380691	6379877	247
19	6380691	6380189	12
19	6380691	6380390	9
19	6381479	6380903	9
19	6381479	6381121	10
19	6381616	6380903	8
19	6381616	6381121	13
19	6381616	6381358	21
19	6381616	6381412	21
19	6381776	6381358	26
19	6387560	6383310	0
19	6389638	6383310	1
19	6389638	6387388	1
19	6389638	6387504	3
19	6390401	6386761	1
19	6391953	6389443	4
19	6391975	6389443	5
19	6393142	6392856	153
19	6393206	6392856	80
19	6393461	6392856	55
19	6413573	6413429	188
19	6415302	6413347	354
19	6415302	6413542	774
19	6415302	6413640	673
19	6415302	6413964	707
19	6415449	6415140	38
19	6415458	6413410	682
19	6415458	6414456	595
19	6415458	6414702	686
19	6415458	6415140	44
19	6415458	6415254	37
19	6415722	6415215	163
19	6416651	6416297	82
19	6416813	6416489	22
19	6416883	6416489	21
19	6417842	6416986	39
19	6418080	6417738	4
19	6418582	6417980	5
19	6418582	6418019	7
19	6418877	6418482	20
19	6419261	6418700	24
19	6419261	6418701	24
19	6421318	6420421	25
19	6421689	6421277	22
19	6421699	6421277	20
19	6422358	6421000	30
19	6422437	6421649	15
19	6426562	6426036	0
19	6427251	6426038	0
19	6427251	6426301	0
19	6438313	6436078	0
19	6438535	6436080	0
19	6438772	6436191	0
19	6438822	6436420	0
19	6442160	6441341	12
19	6444280	6438723	0
19	6444302	6436078	0
19	6444302	6438190	0
19	6444302	6438446	1
19	6444302	6438723	0
19	6444302	6440063	0
19	6444302	6441473	0
19	6444302	6441929	1
19	6444302	6441978	0
19	6444302	6443561	1
19	6456532	6454558	0
19	6456532	6455951	1
19	6457591	6456302	0
19	6457591	6456419	0
19	6466610	6466950	0
19	6468442	6467206	0
19	6468442	6467207	0
19	6468442	6467209	0
19	6468442	6467497	0
19	6468646	6468233	0
19	6468954	6467949	0
19	6468954	6468577	0
19	6469641	6468845	0
19	6469652	6468845	0
19	6470367	6469595	0
19	6476216	6475483	0
19	6476247	6475483	0
19	6476968	6475836	0
19	6477128	6476027	0
19	6477128	6476493	0
19	6477128	6476850	0
19	6477128	6476856	0
19	6477279	6477111	0
19	6477284	6476856	0
19	6477284	6477073	0
19	6477284	6477085	0
19	6477284	6477092	0
19	6477459	6477217	0
19	6477589	6477073	0
19	6478801	6477377	0
19	6478853	6477377	0
19	6478853	6477427	0
19	648488	647525	82
19	648488	647528	82
19	648488	647529	81
19	648488	648131	64
19	6494514	6494703	2
19	6494550	6494735	2
19	6496464	6496141	0
19	6500743	6496169	0
19	6501398	6494318	0
19	6501398	6495904	0
19	6501398	6495958	0
19	6501398	6496015	0
19	6501398	6496060	0
19	6501398	6496130	0
19	6501398	6496175	0
19	6501398	6496178	0
19	6501624	6495721	0
19	6501624	6495806	0
19	6501624	6495807	0
19	651785	650233	79
19	651856	650233	71
19	651916	650233	68
19	652297	650233	58
19	652297	651384	56
19	652297	651610	47
19	652297	651691	52
19	652885	652232	43
19	6553958	6552357	0
19	6562781	6562122	0
19	6586406	6583182	29
19	6590137	6585838	17
19	6590137	6586153	38
19	6591056	6590102	7
19	6591140	6590102	7
19	6591153	6590102	7
19	6604104	6592415	2
19	661403	652825	16
19	663172	652357	20
19	663186	652825	21
19	663195	652825	21
19	663234	652825	16
19	663278	652825	17
19	66383	65050	32
19	66421	65821	31
19	66500	60950	23
19	66500	63820	49
19	66500	65821	25
19	6667155	6661252	0
19	6667155	6664554	0
19	6678288	6677703	0
19	6678288	6677840	0
19	6678288	6677866	0
19	6678331	6677834	0
19	6678456	6677863	0
19	6678456	6678151	0
19	6680264	6679406	0
19	6682031	6680157	0
19	6682031	6680158	0
19	6684440	6682141	0
19	6684479	6682141	0
19	6684633	6684232	0
19	6684651	6682141	0
19	6684651	6684387	0
19	6684835	6684559	0
19	6686377	6684987	0
19	6686903	6677896	0
19	6686903	6686123	0
19	6690713	6686745	0
19	6690728	6686288	0
19	6690728	6686745	0
19	6696660	6696378	0
19	6697557	6696592	0
19	6697716	6696613	0
19	6697795	6697343	0
19	6702213	6697651	0
19	6702213	6697661	0
19	6709843	6707799	0
19	6710846	6709683	0
19	6710958	6709755	0
19	6712407	6710986	0
19	6712603	6712279	0
19	6712624	6712256	0
19	6712624	6712306	0
19	6712624	6712315	0
19	6718165	6714351	0
19	6718413	6718033	0
19	6718413	6718093	0
19	6719404	6718246	0
19	6730563	6723440	0
19	6731055	6730055	0
19	6731112	6729913	0
19	6731112	6730054	0
19	6731112	6730067	0
19	6731112	6730084	0
19	6731112	6730085	0
19	6731112	6730097	0
19	6731283	6730986	10
19	6731523	6730986	18
19	6731523	6731198	22
19	6731523	6731252	22
19	6732156	6731890	29
19	6732338	6732024	3
19	6732381	6732024	4
19	6732381	6732082	3
19	6733302	6732475	27
19	6733302	6732986	26
19	6733675	6733167	14
19	6733675	6733189	14
19	6733675	6733233	11
19	6733914	6733569	10
19	6734055	6733844	14
19	6734308	6733934	6
19	6734308	6734004	5
19	6735705	6734182	13
19	6735959	6734182	5
19	6735959	6735373	3
19	6735959	6735539	1
19	6735959	6735621	2
19	6736712	6734182	6
19	6736712	6735621	7
19	6736712	6735907	6
19	6736785	6735907	6
19	6737261	6736591	11
19	6737274	6735907	6
19	6737318	6736591	12
19	6737322	6736591	12
19	6737510	6736591	10
19	6737540	6736591	10
19	6737550	6736591	7
19	6737561	6736591	7
19	6737575	6736591	5
19	6737604	6736591	11
19	6741126	6741224	5
19	6743257	6743369	12
19	6743257	6743493	14
19	6750432	6750511	2
19	6751468	6748292	10
19	6753642	6752164	1
19	6753642	6752297	1
19	6754164	6753455	1
19	6754164	6753582	1
19	6754426	6753455	1
19	6754732	6752159	3
19	6754732	6753455	1
19	6754732	6754051	3
19	6754732	6754250	3
19	6754933	6754615	0
19	6755242	6754699	1
19	6755316	6754051	1
19	6755316	6754250	1
19	6755316	6754615	1
19	6759671	6754615	0
19	6759671	6754830	0
19	6759671	6754973	0
19	6760988	6757329	0
19	6760988	6759593	0
19	6763817	6754905	0
19	6763817	6759593	0
19	681561	681649	57
19	6828488	6828621	0
19	687189	685545	0
19	687189	685570	0
19	692003	686924	0
19	6954700	6952499	0
19	6954700	6952532	0
19	6954700	6953065	0
19	6957225	6954603	0
19	6957225	6954658	0
19	7019731	7018970	0
19	7021433	7019142	0
19	7021451	7018968	0
19	7040180	7037747	0
19	7058641	7056208	0
19	70946	66345	17
19	70952	66345	17
19	70964	65821	18
19	70977	66345	18
19	7119584	7112254	0
19	7119584	7116626	0
19	7120750	7119448	0
19	7122774	7120619	0
19	7122990	7122569	0
19	7122990	7122613	0
19	7123159	7122613	0
19	7141817	7132157	0
19	7143041	7141509	0
19	7143091	7141676	0
19	7152928	7142815	0
19	7152928	7150496	0
19	71567	66377	17
19	7163200	7151970	0
19	7163200	7152725	0
19	7163200	7159422	0
19	7392708	7390521	0
19	7441766	7441911	0
19	7470242	7470778	33
19	7470316	7470536	41
19	7478377	7476874	2
19	7478377	7476875	2
19	7478377	7476893	2
19	7478377	7476900	2
19	7505437	7505516	0
19	7520461	7519915	41
19	7527629	7527863	47
19	7528704	7528820	27
19	7528971	7529100	1
19	7534447	7534749	2
19	7534903	7535126	0
19	7534903	7535508	0
19	7535006	7535508	1
19	7535203	7535508	1
19	7535214	7535508	1
19	7536021	7536190	0
19	7542929	7543006	19
19	7556570	7556654	7
19	7619857	7619524	19
19	7620076	7619525	16
19	7620076	7619746	20
19	7620447	7619945	20
19	7620670	7619945	20
19	7620670	7620274	17
19	7621037	7620274	20
19	7621037	7620546	23
19	7621298	7620845	6
19	7621534	7620892	38
19	7622445	7620274	8
19	7622662	7620845	5
19	7629861	7630572	0
19	7629861	7630822	2
19	7630660	7630822	11
19	7630847	7631231	27
19	7630847	7631472	32
19	7631322	7631472	7
19	7632518	7631610	3
19	7632518	7631614	2
19	7636991	7633765	0
19	7638776	7639018	2
19	7639862	7639933	1
19	7639985	7639988	1
19	7640130	7640134	0
19	7640810	7640899	4
19	7642537	7642765	0
19	7646345	7647161	0
19	7646345	7647724	0
19	7647248	7647353	0
19	7647248	7647724	0
19	7647512	7647724	0
19	7682323	7682523	78
19	7690266	7688757	0
19	7690266	7688773	0
19	7690266	7688775	0
19	7690266	7688780	0
19	7690266	7688781	0
19	7690266	7688943	0
19	7690558	7690158	0
19	7696915	7690405	0
19	7696915	7690486	0
19	77091	76162	0
19	7729937	7728956	0
19	7730860	7730350	0
19	7731089	7730754	0
19	7731089	7730820	0
19	7731320	7731025	0
19	7731772	7731038	0
19	7731772	7731265	0
19	7744194	7743038	0
19	7744202	7743038	0
19	7744220	7739993	0
19	7744220	7742510	0
19	7744220	7742646	0
19	7744220	7742849	0
19	7744220	7743038	0
19	7745093	7743038	0
19	7745093	7743174	0
19	7763411	7763434	0
19	7765823	7765891	0
19	7765823	7766655	0
19	7765863	7766655	0
19	7765932	7766655	0
19	77660	76219	0
19	7766070	7766655	0
19	7766139	7766655	0
19	7766208	7766655	0
19	7766808	7767515	0
19	77687	76885	0
19	7814426	7813614	0
19	7857125	7858190	2
19	7858332	7858407	6
19	7869918	7869063	0
19	7872487	7869714	0
19	7872757	7868718	0
19	7872962	7869714	0
19	7910130	7910259	22
19	7910374	7910452	92
19	7910573	7910695	20
19	7913519	7912647	37
19	7922348	7922444	4
19	7926167	7924484	0
19	7927768	7926720	51
19	7927768	7926735	53
19	7927768	7926739	61
19	7927768	7926913	89
19	7927768	7927048	49
19	7928167	7927656	90
19	7931189	7927656	44
19	7931189	7928076	90
19	7931189	7928122	102
19	7931382	7927823	101
19	7931600	7928076	128
19	7932747	7931137	84
19	7932752	7931137	84
19	7932933	7932275	70
19	7932933	7932626	37
19	7932933	7932698	30
19	7933953	7933484	30
19	7934004	7933484	25
19	7934239	7933763	7
19	7934239	7933863	4
19	7934242	7933863	4
19	7935146	7933863	13
19	7938198	7934088	11
19	7938198	7935064	8
19	7941198	7937797	4
19	7941198	7938026	5
19	7943652	7938026	2
19	7959529	7959890	30
19	7967791	7958578	22
19	7967791	7963158	33
19	7973626	7963629	25
19	7973786	7972887	14
19	7973879	7960916	22
19	7973879	7967564	21
19	7973879	7973558	13
19	804209	804291	130
19	804439	804531	42
19	804439	804540	42
19	804940	805012	101
19	805188	805491	209
19	805188	805512	204
19	805188	806407	195
19	805570	806407	159
19	806557	807868	313
19	8072199	8065401	0
19	8072199	8065402	0
19	8075191	8073062	0
19	8075412	8075070	0
19	807903	808359	270
19	8081057	8074765	0
19	8087212	8086199	0
19	8087948	8087076	0
19	8087948	8087203	0
19	8088180	8087824	0
19	8095504	8094445	0
19	8096081	8095374	0
19	8096081	8095378	0
19	8110968	8109630	0
19	8111184	8110844	0
19	8111184	8110887	0
19	814572	813755	6
19	814608	812487	9
19	814750	812487	7
19	815328	814885	6
19	815852	815185	13
19	815852	815202	13
19	8239649	8222152	0
19	8255880	8256235	0
19	8302981	8302126	22
19	8302981	8302316	57
19	8305157	8302776	22
19	8305157	8303854	42
19	8305806	8303854	49
19	8308272	8305030	50
19	8308301	8305030	53
19	8308336	8304766	41
19	8308351	8303854	31
19	8308356	8305030	50
19	8308357	8305634	46
19	830942	831715	0
19	8311596	8308282	14
19	8311596	8308767	6
19	8311596	8308772	6
19	8311596	8308877	7
19	8316646	8311283	4
19	8316646	8311411	2
19	8316813	8311365	2
19	8319561	8310504	3
19	8320907	8311411	7
19	8321704	8321952	118
19	8322092	8322271	17
19	8324548	8322583	2
19	8324548	8323314	3
19	8333231	8324950	0
19	8333231	8332744	0
19	8333736	8332990	0
19	8333809	8333013	0
19	8333809	8333216	0
19	8334117	8333723	2
19	8334420	8333909	0
19	8334431	8333723	2
19	8334783	8334112	0
19	8335793	8334319	0
19	8337857	8334319	0
19	8364552	8364621	18
19	8371152	8371240	6
19	8373956	8374015	23
19	8377068	8374372	3
19	8377068	8374378	3
19	8377068	8374420	3
19	8390125	8376904	2
19	8390686	8376961	0
19	8427828	8423354	0
19	8465363	8465479	297
19	8488067	8488690	50
19	8490373	8490055	0
19	8490373	8490084	0
19	8490510	8490055	0
19	8490510	8490337	0
19	8499781	8498222	0
19	8499781	8499195	0
19	8503113	8498375	0
19	8511025	8509677	2
19	8511537	8510579	1
19	8511537	8510850	1
19	8511537	8510977	1
19	8511537	8510995	1
19	8511700	8511485	12
19	8511807	8510977	12
19	8511961	8511334	23
19	8511961	8511475	45
19	8511961	8511485	45
19	8512008	8511484	64
19	8512132	8511616	15
19	8512415	8511616	11
19	8512493	8511616	11
19	8512493	8511866	9
19	8513342	8512603	17
19	8514149	8513028	14
19	8514154	8512603	23
19	8514161	8513028	15
19	8514165	8512995	13
19	8522547	8520789	0
19	8522547	8520796	0
19	8522547	8521111	0
19	8522830	8522376	0
19	8525563	8522633	0
19	8525563	8522809	0
19	8526602	8525478	0
19	8526623	8525225	0
19	8526936	8525478	0
19	8530366	8527337	0
19	8530366	8529808	0
19	8530463	8530074	1
19	8530485	8530039	1
19	8530574	8530195	0
19	8536397	8530458	0
19	8536397	8530481	0
19	8541957	8539946	0
19	8541992	8539946	0
19	8541992	8540318	0
19	8544465	8541727	0
19	8544465	8541905	0
19	8545719	8544067	0
19	8545737	8544296	0
19	8548044	8545649	0
19	8548123	8545442	0
19	8548123	8545649	0
19	8548318	8547853	1
19	8548318	8548035	0
19	8549583	8549919	0
19	8549601	8548236	0
19	8550333	8548236	0
19	8550357	8548236	0
19	8550357	8549594	0
19	8550414	8548297	0
19	8550657	8549579	0
19	8550695	8550159	0
19	8550695	8550165	0
19	8551875	8550561	0
19	8552037	8551739	1
19	8552165	8551422	0
19	8552165	8551739	0
19	8552165	8551829	0
19	8553229	8551665	0
19	8553229	8552032	0
19	8553438	8552032	0
19	8553438	8553138	0
19	8553438	8553211	0
19	8553438	8553221	0
19	8554565	8553349	0
19	8554572	8553138	0
19	8554572	8553349	0
19	8554744	8553138	0
19	8554744	8553349	0
19	8555778	8554476	0
19	8555797	8554476	0
19	8555797	8554653	0
19	8577434	8555391	0
19	8577439	8554653	0
19	8577439	8555628	0
19	8577439	8555636	0
19	8577439	8555658	0
19	8577443	8555658	0
19	8577578	8555658	0
19	8585055	8580241	0
19	8585055	8580687	0
19	8585055	8580726	0
19	8585309	8584894	0
19	8585661	8584962	0
19	8586722	8586343	0
19	8586897	8586557	0
19	8586897	8586621	0
19	8586897	8586655	0
19	8589992	8589241	0
19	8589992	8589451	0
19	8591864	8589800	0
19	8591864	8589888	0
19	8591864	8589940	0
19	8592104	8591799	0
19	8592175	8591799	0
19	8592197	8591799	0
19	8592217	8591799	0
19	8595904	8592762	0
19	8596220	8592762	0
19	8596220	8595761	0
19	8596220	8595772	0
19	8596358	8595612	0
19	8596413	8595761	0
19	8597318	8596986	0
19	8597323	8596986	0
19	8597323	8597083	0
19	8601146	8596986	0
19	8601146	8597233	0
19	8601146	8597236	0
19	8601146	8597245	0
19	8605359	8603727	0
19	8605780	8605011	0
19	8605810	8605011	0
19	8608249	8604935	0
19	8608249	8605011	0
19	8610681	8605011	0
19	868500	867962	103
19	868500	867963	103
19	868892	867963	6
19	868947	867629	49
19	868947	867852	7
19	868947	867962	8
19	868947	867963	8
19	868947	868410	7
19	868947	868415	7
19	873583	871036	4
19	873583	871925	4
19	873583	872912	5
19	875332	873535	3
19	875455	873448	3
19	875455	873535	2
19	8812644	8806169	0
19	8812644	8809705	4
19	8812644	8810937	5
19	8822725	8821179	0
19	8822725	8821441	0
19	8822725	8822002	0
19	8822890	8822002	0
19	8824418	8822628	0
19	8824418	8822707	0
19	8825100	8824081	0
19	8825109	8824081	0
19	8825109	8824180	0
19	8825109	8824279	0
19	8831402	8825001	0
19	8831402	8830769	0
19	8832243	8831143	0
19	8832270	8831317	0
19	8832305	8831317	0
19	8832315	8831317	1
19	8832329	8831317	1
19	8851356	8848843	0
19	8851356	8848844	0
19	885910	884902	2
19	886202	867971	8
19	886202	868862	8
19	886202	884902	6
19	8863427	8862872	0
19	8865757	8863295	0
19	8865973	8863315	0
19	8871654	8862872	0
19	889808	875243	2
19	889808	884902	1
19	889808	885769	1
19	889808	886031	2
19	889808	886147	1
19	890424	885821	3
19	891132	890136	5
19	891149	867971	8
19	891149	890136	6
19	891150	890136	6
19	892816	890983	1
19	893159	890962	0
19	893194	890962	0
19	893201	890962	0
19	893217	890962	0
19	893219	890962	0
19	899496	896502	26
19	899496	896503	26
19	899496	897518	25
19	899687	899439	10
19	900147	899600	8
19	900147	899643	8
19	900953	900060	0
19	900953	900077	0
19	901237	900060	5
19	901547	900828	8
19	902068	901421	3
19	902131	900828	7
19	902131	901421	3
19	902411	901975	8
19	902435	901419	4
19	902628	901975	8
19	9107476	9100406	0
19	913152	901490	5
19	913158	902560	2
19	913205	902518	2
19	913232	901975	1
19	913246	901421	3
19	913246	901975	1
19	9156749	9157267	20
19	9183049	9182368	0
19	9219590	9210275	0
19	9268820	9265473	0
19	928818	928258	0
19	9297480	9294274	7
19	9297480	9295309	3
19	9302505	9297879	0
19	9305120	9302377	0
19	9305125	9302377	0
19	9309839	9302462	0
19	9324405	9324694	3
19	9341185	9341616	13
19	9341185	9341694	15
19	9385476	9383580	1
19	9407025	9384906	0
19	9407056	9385259	0
19	9415743	9412460	2
19	9415743	9412597	19
19	9415743	9412600	19
19	9415743	9412603	19
19	9415743	9412627	37
19	9415743	9414707	0
19	9433787	9420064	6
19	9434236	9420064	7
19	9434236	9433667	8
19	9434236	9433773	6
19	9434860	9420064	7
19	9435194	9420064	6
19	9469188	9466506	14
19	9469188	9468164	2
19	9531068	9523223	21
19	9531068	9528006	1
19	9531068	9529617	0
19	9532926	9529296	2
19	9567706	9560352	133
19	9567744	9566659	6
19	9568176	9565781	10
19	9614104	9604679	9
19	9614104	9607325	5
19	9614104	9607331	5
19	9614104	9610815	5
19	9614104	9610936	2
19	9614104	9610955	2
19	9614104	9611105	8
19	9614104	9611207	7
19	9614281	9611028	4
19	9617172	9609755	11
19	9617172	9614020	6
19	9617172	9614058	8
19	9617227	9614020	10
19	9617412	9614020	10
19	9617759	9617044	28
19	9617769	9617051	27
19	9618167	9617044	26
19	9618180	9614020	12
19	9618180	9616976	29
19	9618180	9617044	31
19	9618180	9617048	30
19	9618180	9617057	29
19	9618180	9617118	30
19	9618180	9617161	27
19	9618180	9617201	34
19	9618180	9617620	30
19	9618180	9617629	30
19	9619530	9618090	21
19	9619583	9614020	12
19	9619583	9617044	17
19	9619583	9617811	15
19	9619583	9618062	20
19	9619583	9618090	21
19	9620964	9619431	3
19	9621050	9618090	21
19	9621050	9619431	3
19	9621189	9619431	2
19	9621196	9619431	2
19	9621209	9619074	3
19	9621209	9619431	1
19	9621220	9619431	1
19	9621231	9619431	2
19	9621232	9619431	2
19	9621233	9619431	2
19	9621235	9619431	2
19	9621400	9619431	4
19	9656654	9641807	48
19	9656654	9652278	1
19	9656654	9652712	0
19	9656654	9652820	0
19	9656654	9653757	1
19	9658136	9653707	5
19	9658136	9656546	2
19	9659468	9656546	3
19	9659468	9658008	3
19	9660822	9659378	9
19	9660875	9656546	6
19	9660875	9658008	3
19	9660875	9659378	5
19	9660875	9659462	5
19	9675081	9659378	10
19	9692820	9689923	5
19	9694893	9693693	1
19	9696249	9689923	4
19	9696249	9694806	0
19	9725087	9724007	0
19	9752441	9751992	0
19	9755635	9752389	1
19	9758765	9752139	0
19	9758765	9752384	1
19	9758765	9755516	0
19	9759943	9757474	0
19	9759943	9758546	0
19	9762166	9758058	0
19	9762166	9759859	0
19	9762169	9757474	0
19	9762169	9758058	0
19	9762169	9758748	0
19	9762169	9759859	0
19	9762169	9759872	0
19	9762464	9758473	0
19	9763409	9758058	1
19	9763409	9759859	0
19	9763409	9762081	0
19	9763409	9762387	1
19	9763462	9762081	1
19	9763462	9762099	1
19	9765036	9762081	0
19	9768733	9758058	1
19	9785997	9764935	0
19	9786024	9764809	0
19	9786052	9764935	0
19	9786090	9764935	0
19	9793098	9764935	0
19	9793181	9787407	0
19	9813275	9810266	11
19	9813275	9811281	8
19	9813414	9810895	15
19	9814340	9811155	19
19	9814343	9811307	23
19	9814670	9811125	24
19	9818618	9810266	12
19	9818618	9810270	12
19	9818618	9810860	27
19	9818618	9811453	19
19	9818618	9813230	22
19	9818618	9814137	31
19	9818618	9814571	32
19	9818786	9818544	10
19	9818814	9814137	30
19	9818817	9818544	12
19	9818830	9810266	22
19	9818846	9818153	31
19	9819056	9818544	18
19	9819076	9818544	17
19	9819077	9818544	17
19	9819080	9818544	17
19	9819104	9811549	22
19	9827817	9818544	9
19	9828394	9828591	68
19	9828875	9829964	26
19	9835014	9834078	0
19	9835403	9836354	25
19	9835403	9836822	19
19	9835403	9838011	27
19	9835403	9838435	10
19	9836013	9836354	26
19	9836876	9838435	16
19	9836881	9838016	19
19	9838076	9838435	25
19	9838099	9838435	23
19	9849196	9849532	90
19	9849202	9849532	89
19	9849312	9849532	89
19	9856914	9853717	0
19	9856914	9853744	0
19	9856914	9854550	0
19	9856914	9854615	0
19	9857483	9856806	0
19	9857862	9856806	0
19	9857862	9857207	0
19	9857862	9857262	0
19	9857862	9857386	0
19	989896	990222	32
19	990104	990222	46
19	990996	991080	34
19	9960891	9959560	1
19	9967940	9967346	3
19	9968080	9967903	3
19	9968493	9967572	3
19	9968493	9968025	3
19	9996120	9995563	0
19	9996263	9996065	0
19	9996517	9996205	0
19	9996690	9996432	3
19	9997434	9996614	3
