9	100006648	99984966	2
9	100292437	100292946	27
9	100303786	100302076	26
9	100303843	100302083	24
9	100307870	100302085	39
9	100329276	100327786	2
9	100330170	100329139	6
9	100330170	100329185	6
9	101337907	101334083	0
9	101368323	101360416	0
9	101368323	101361503	0
9	101376604	101375343	0
9	101383520	101370938	2
9	101398615	101387632	1
9	101424901	101421551	0
9	101425043	101420577	0
9	101425043	101421375	0
9	101425043	101421438	0
9	101425043	101421633	0
9	101425043	101424842	0
9	101425628	101424453	0
9	101425628	101424842	0
9	101425628	101424937	0
9	101426639	101425452	0
9	101426639	101425560	0
9	101429876	101426554	0
9	101429967	101428468	0
9	101430898	101429120	0
9	101430898	101429754	0
9	101430898	101429853	0
9	101430908	101429754	0
9	101431058	101429139	0
9	101480726	101473170	0
9	101487118	101480670	0
9	101487194	101473170	0
9	101489201	101473170	0
9	101531560	101489113	0
9	101533449	101531347	0
9	101533538	101531234	0
9	101577845	101569352	2
9	101595022	101593753	0
9	101603035	101600848	0
9	101613528	101579195	0
9	102542	100993	0
9	102612156	102611161	0
9	102851	100803	0
9	103144367	103140522	0
9	103227812	103188045	0
9	103227812	103207172	0
9	103276149	103264523	0
9	103277500	103276030	0
9	103365063	103361951	0
9	104087156	104080023	0
9	104092475	104087039	0
9	104659056	104655362	0
9	104785640	104781001	1
9	104825888	104824464	0
9	104827170	104825590	0
9	104827170	104825682	0
9	104858699	104845476	0
9	104858699	104855565	0
9	104861801	104858521	0
9	104883158	104861437	0
9	104883158	104861678	0
9	104991782	104990795	0
9	1050483	1050619	0
9	1051662	1052129	25
9	105389109	105389186	60
9	105557176	105554034	0
9	1055800	1056215	3
9	105635149	105636672	45
9	105635149	105640100	37
9	1056831	1056864	19
9	106064826	106061353	0
9	10612506	10340962	0
9	10632204	10631749	0
9	106591953	106584141	0
9	106615807	106615077	0
9	107061225	106974832	0
9	107102449	107097174	0
9	107102873	107102043	0
9	107102989	107102368	0
9	107118198	107117458	0
9	107283310	107283526	232
9	107427336	107420283	0
9	107428403	107427239	0
9	107428420	107427280	0
9	107487191	107484853	17
9	107487193	107484851	17
9	107488268	107484851	17
9	107488268	107487027	67
9	107488448	107487027	65
9	107489051	107487027	35
9	107489051	107487294	24
9	107489131	107487668	26
9	107489438	107488929	18
9	107489564	107488988	38
9	107489647	107488929	16
9	107489767	107488929	24
9	107854259	107853782	0
9	108254821	108252153	0
9	108703093	108701369	0
9	108874971	108867516	11
9	108874971	108868640	9
9	108879558	108878622	0
9	108880166	108879445	0
9	108880166	108879460	0
9	108943045	108942568	10
9	108943045	108942570	10
9	108943045	108942578	9
9	108952364	108948185	10
9	108972834	108970401	0
9	108977049	108972674	0
9	108977421	108972674	0
9	108992820	108990725	0
9	108992820	108991895	0
9	109033502	109015151	1
9	109033502	109018925	1
9	109033502	109019903	2
9	109033502	109020087	2
9	109036381	109033306	0
9	109038118	109036205	0
9	109038211	109036019	0
9	109039328	109036205	12
9	109050429	109038016	0
9	109141590	109130292	0
9	109141590	109137445	0
9	109141590	109137622	0
9	109147190	109140789	0
9	109147190	109141342	0
9	109147190	109141560	0
9	109148264	109137656	0
9	109176697	109171974	0
9	109200335	109194219	0
9	109243683	109216921	0
9	109243683	109239730	1
9	109320965	109279816	0
9	109378981	109375465	18
9	109381788	109375693	6
9	109381788	109375699	6
9	109389380	109382301	10
9	109389380	109383306	10
9	109389380	109383422	10
9	109391200	109389232	0
9	109391200	109389236	0
9	109534333	109532829	0
9	109765561	109760359	0
9	110207481	110190047	0
9	110208190	110199560	0
9	110244844	110243810	7
9	110245117	110244018	22
9	110304533	110303520	0
9	110304533	110303586	0
9	110304533	110303625	0
9	110326241	110304466	0
9	110326241	110322460	0
9	110370017	110365250	0
9	110370017	110365255	0
9	110377367	110375367	0
9	110379379	110376810	0
9	110379518	110377270	0
9	110443721	110435240	0
9	110443721	110436379	0
9	110446039	110436379	0
9	110446039	110442478	0
9	110446039	110443537	0
9	110446039	110443544	0
9	110476316	110472158	0
9	110479757	110475882	0
9	110479757	110476203	0
9	110942169	110873262	0
9	110942169	110873777	0
9	110942169	110874176	0
9	110942169	110874320	0
9	110945402	110941420	0
9	110972221	110941420	0
9	110972221	110941667	0
9	111272966	111139245	0
9	111330184	111327482	0
9	111363660	111360691	46
9	111363660	111360692	46
9	111366328	111363587	36
9	111366628	111365553	34
9	111366628	111366238	6
9	111370628	111361885	13
9	111408673	111397029	0
9	111410214	111408570	0
9	111412149	111410979	0
9	111442425	111440371	0
9	111444495	111442305	0
9	111444495	111442310	0
9	111564263	111562576	4
9	111570210	111549721	0
9	111570210	111562966	8
9	111570210	111562972	8
9	111570210	111564156	8
9	111578952	111574733	0
9	111583590	111578795	0
9	111586166	111583471	0
9	111586166	111583551	0
9	111592983	111585997	1
9	111592983	111589263	5
9	111594268	111585997	9
9	111594268	111592297	0
9	111594268	111592366	0
9	111594268	111592925	0
9	111597414	111592690	1
9	111609270	111602830	0
9	111609270	111603288	0
9	111613554	111609013	0
9	111613595	111609013	0
9	111631290	111609013	0
9	111692512	111686172	0
9	111692512	111686518	0
9	111692512	111686572	0
9	111738523	111727632	0
9	111741571	111737868	0
9	111741571	111738279	0
9	112037116	112035860	0
9	112037731	112032554	0
9	112041961	112040784	0
9	112041961	112041078	0
9	112041961	112041082	0
9	112080166	112078537	0
9	112098663	112080073	0
9	112102286	112098469	0
9	112102286	112098581	0
9	112103164	112102175	0
9	112104959	112102175	0
9	112111841	112102175	0
9	112112084	112102175	0
9	112112869	112111649	0
9	112112869	112111653	0
9	112124437	112112770	0
9	112124437	112112791	0
9	112142467	112124256	0
9	112142500	112124256	0
9	112142500	112124295	0
9	112142589	112124256	0
9	112175186	112157499	0
9	112175268	112157499	0
9	112175298	112157499	0
9	112175409	112157499	0
9	112224211	112217715	46
9	112224211	112218434	22
9	112224211	112222244	54
9	112224211	112222660	56
9	112251104	112234819	0
9	112252789	112250928	0
9	112262600	112252677	0
9	112268196	112262434	0
9	112268196	112262504	0
9	112276014	112268048	0
9	112281336	112280977	0
9	112297917	112268048	0
9	112297917	112275843	0
9	112297917	112275909	0
9	112330475	112275843	0
9	112333547	112268048	0
9	112469838	112433815	4
9	112484627	112469722	2
9	112485164	112484528	3
9	112486506	112484929	1
9	112486542	112484441	4
9	112486652	112484960	1
9	112582030	112581778	0
9	112689618	112683925	9
9	112689618	112687096	6
9	112689618	112687116	6
9	112694234	112687131	5
9	112694234	112687144	6
9	112694234	112689526	4
9	112701881	112694130	0
9	112716542	112694033	0
9	112716542	112694130	0
9	112718108	112694130	0
9	112718150	112694130	0
9	112750457	112748901	0
9	11276315	11275313	0
9	112886617	112878919	8
9	112886617	112879256	5
9	112959172	112957742	0
9	112959452	112957721	0
9	112959452	112959125	0
9	112959452	112959133	0
9	112966741	112959792	0
9	112966741	112964897	0
9	112976018	112972079	0
9	112999012	112983459	8
9	112999092	112969339	2
9	112999139	112973149	6
9	112999815	112997119	5
9	112999815	112998120	1
9	113049497	113038379	2
9	113049497	113042240	2
9	113049497	113042693	2
9	113050044	112997119	2
9	113111017	113104722	7
9	113111474	113103337	13
9	113113164	113113556	7
9	113161699	113162748	17
9	113168557	113161005	6
9	113168557	113165519	2
9	113184400	113183750	0
9	113184805	113184291	0
9	113187900	113186248	12
9	113188492	113186435	12
9	113188492	113187792	0
9	113188562	113187792	0
9	113206579	113202960	0
9	113207297	113206010	0
9	113207297	113206508	0
9	113211593	113206926	0
9	113211593	113207211	0
9	113256549	113255834	0
9	113272549	113256454	1
9	113272549	113267007	2
9	113282734	113283131	4
9	113298866	113297442	0
9	113299197	113297092	0
9	113299776	113297453	0
9	113301752	113299647	0
9	113301889	113299646	0
9	113302314	113299571	0
9	113302314	113301671	0
9	113302314	113301981	0
9	113303116	113302194	0
9	113303272	113301671	0
9	113303275	113302194	0
9	113303377	113302100	0
9	113314729	113313222	1
9	113316910	113314510	1
9	113318638	113313221	1
9	113318638	113315670	1
9	113318638	113315683	1
9	113318638	113315890	0
9	113321579	113320356	0
9	113322912	113320356	0
9	113322912	113321471	0
9	113322912	113321510	0
9	113322912	113321521	0
9	113375527	113373887	6
9	113375568	113373418	2
9	113376176	113373418	3
9	113389107	113386316	14
9	113389107	113386318	14
9	113389829	113389598	11
9	113390494	113389772	7
9	113390494	113389790	7
9	113390677	113390404	8
9	113390934	113390404	19
9	113390934	113390592	21
9	113391624	113390592	2
9	113391624	113390797	2
9	113391624	113390859	2
9	113391624	113390905	2
9	113392170	113391526	3
9	113392336	113391526	4
9	113392556	113391526	3
9	113393631	113390627	12
9	113393635	113391526	5
9	113393635	113392118	4
9	113393635	113392131	5
9	113396876	113393544	15
9	113397403	113393446	5
9	113398125	113393446	6
9	113401244	113393446	6
9	113401259	113393446	6
9	113401285	113393160	5
9	113401285	113393446	6
9	113401334	113393446	6
9	113409729	113407234	15
9	113409729	113408943	15
9	113410141	113407234	17
9	113410383	113410054	39
9	113410409	113410054	33
9	113479372	113479490	0
9	113581006	113581558	0
9	113581006	113582071	0
9	113581659	113582071	0
9	113582243	113583449	0
9	113583717	113584181	2
9	113589217	113570189	0
9	113594339	113594429	3
9	113755	112712	0
9	114061099	114060126	0
9	114061592	114060924	0
9	114061592	114060991	0
9	114062759	114060909	0
9	114062759	114061423	0
9	114062759	114061456	0
9	114062759	114061499	0
9	114092175	114091637	0
9	114092452	114091637	0
9	114092452	114091639	0
9	114093334	114092541	0
9	114093334	114092750	0
9	114093498	114086125	0
9	114093498	114093228	0
9	114093498	114093305	3
9	114093918	114093228	0
9	114097437	114096386	0
9	114097717	114096386	0
9	114097742	114097300	0
9	114097937	114097399	0
9	114341726	114334155	1
9	114341726	114336126	1
9	114341726	114336127	1
9	114341726	114336130	1
9	114341726	114336164	3
9	114347901	114346668	0
9	114349000	114347723	0
9	114349000	114347772	0
9	114351022	114347723	0
9	114356137	114350858	0
9	114356970	114355924	0
9	114356970	114356125	0
9	114359795	114357920	0
9	114360063	114359086	0
9	114360063	114359593	2
9	114398504	114396723	0
9	114403340	114402079	0
9	114403340	114402080	0
9	114478772	114466266	0
9	114503174	114478552	0
9	114504340	114503550	0
9	114504971	114478552	0
9	114505451	114478320	0
9	114643400	114644066	26
9	114657813	114656303	0
9	114662375	114656303	1
9	114668338	114666433	0
9	114792455	114784634	0
9	114904309	114893722	0
9	114904326	114893342	0
9	114905900	114902843	0
9	114905900	114904226	0
9	115024137	115019577	61
9	115024137	115020533	61
9	115024137	115020559	70
9	115024137	115020945	72
9	115024137	115021028	73
9	115024137	115021156	61
9	115029457	115026533	20
9	115030406	115029359	19
9	115030406	115029371	19
9	115031686	115030253	10
9	115031686	115030256	10
9	115036242	115035203	3
9	115038381	115036097	3
9	115038381	115036101	3
9	115038381	115036184	4
9	115046683	115042218	10
9	115048533	115046409	29
9	115053016	115046409	20
9	115053016	115048259	26
9	115057426	115046409	15
9	115057426	115048259	16
9	115059740	115046623	28
9	115060003	115042218	15
9	115063169	115042218	7
9	115073642	115042218	7
9	115073773	115046466	665
9	115073867	115042218	5
9	115091019	115085863	0
9	115091142	115085863	0
9	115091148	115085863	0
9	115091155	115085863	0
9	115112758	115090561	0
9	115115107	115090742	0
9	115118258	115090561	0
9	115122873	115119538	0
9	115253164	115252537	0
9	115613759	115607824	0
9	115689318	115613676	0
9	115741292	115739338	0
9	115741563	115324931	0
9	115741563	115641465	0
9	115741563	115689223	0
9	115741563	115739221	0
9	115741563	115739339	0
9	115741563	115739662	0
9	115904643	115888168	0
9	116288770	116285828	0
9	116316547	116288617	0
9	116426089	116425227	1
9	116426089	116425589	1
9	116437592	116437222	1
9	116440793	116425224	0
9	116440793	116425227	0
9	116440793	116425854	0
9	116440793	116425875	0
9	116618473	116487358	0
9	116618473	116610899	0
9	116725951	116651527	0
9	116975334	116863582	0
9	116975346	116863582	0
9	116976189	116863582	0
9	117214554	117141325	0
9	117214743	117096043	0
9	117214743	117141325	0
9	117291514	117214357	0
9	117466261	117462293	0
9	117759545	117760284	0
9	117870228	117840321	0
9	117870485	117876814	0
9	117875037	117870043	0
9	117897257	117874958	0
9	118705961	118687751	0
9	119208887	119153457	0
9	119208942	119166629	0
9	119214156	119208718	0
9	119238761	119213619	0
9	119238761	119213918	0
9	120389788	120388868	24
9	120389788	120388869	24
9	120389788	120388875	24
9	120389788	120389195	24
9	120389788	120389197	24
9	120389788	120389198	24
9	120389788	120389200	24
9	120390278	120389194	33
9	120407249	120404035	28
9	120408469	120404035	24
9	120408469	120407011	21
9	120409317	120406145	6
9	120409317	120408346	1
9	120439973	120437294	0
9	120440420	120439517	19
9	120443743	120439398	9
9	120443743	120439789	18
9	120448073	120439398	0
9	120518646	120491306	0
9	120518646	120517756	0
9	120525079	120518426	0
9	120525079	120518599	0
9	120527926	120524985	0
9	120528774	120527905	0
9	120528798	120527805	0
9	120528798	120527825	0
9	120572042	120568320	1
9	120580006	120571976	0
9	120580062	120571973	0
9	120580159	120571973	0
9	120580171	120571746	0
9	120580171	120571973	0
9	120608011	120600812	5
9	120771518	120751977	11
9	120771518	120756973	14
9	120772841	120771347	5
9	120772841	120771410	4
9	120776227	120772753	14
9	120776656	120772753	17
9	120778546	120776088	39
9	120778546	120776092	39
9	120788187	120778350	2
9	120788279	120778350	2
9	120793258	120778350	1
9	120793258	120787768	18
9	120793258	120788015	32
9	120793368	120787768	20
9	120793383	120793148	4
9	120793413	120793148	3
9	120820980	120815495	6
9	120820980	120816052	9
9	120820980	120817795	18
9	120824519	120821354	14
9	120824686	120821354	14
9	120826895	120824129	8
9	120826908	120824493	12
9	120829209	120826764	10
9	120831402	120826594	7
9	120831460	120829098	7
9	120831946	120829098	5
9	120831946	120831330	2
9	120831946	120831366	2
9	120833457	120831669	0
9	120833457	120831831	3
9	120842910	120831899	0
9	120842912	120831831	0
9	120844900	120844992	14
9	120846804	120847293	23
9	120846862	120847293	27
9	120860186	120855651	17
9	120860186	120855697	17
9	120860186	120855698	17
9	120860186	120857929	12
9	120860547	120858193	10
9	120861175	120860089	32
9	120862006	120861088	7
9	120862006	120861110	8
9	120862750	120860911	15
9	120862750	120861088	15
9	120862750	120861917	6
9	120862750	120861987	8
9	120863027	120861917	7
9	120864117	120862587	0
9	120865770	120864048	7
9	120865831	120864048	7
9	120866097	120864078	8
9	120866097	120865709	17
9	120866097	120865802	18
9	120866966	120865709	16
9	120866966	120865783	13
9	120866966	120866027	15
9	120869331	120866869	6
9	120869946	120869181	49
9	120869946	120869298	68
9	120870539	120869586	45
9	120870539	120869844	44
9	120874061	120870442	19
9	120874061	120870486	14
9	120909379	120902392	0
9	120953869	120952334	0
9	120957369	120953729	0
9	120960338	120956960	0
9	120960338	120957284	0
9	120980255	120976699	0
9	120980255	120979558	0
9	121006059	120997546	0
9	121006059	120999676	0
9	121027275	121025453	0
9	121027275	121025695	0
9	121157881	121157982	2
9	121168137	121168211	26
9	12116866	12098659	0
9	121182961	121178136	23
9	121182961	121181498	26
9	121222254	121193360	1
9	121240090	121238116	0
9	121281563	121282438	8
9	121282551	121283318	7
9	121282731	121279862	3
9	121310846	121312338	0
9	121312489	121313933	8
9	121329016	121329237	17
9	121348150	121339076	9
9	121349324	121338987	11
9	121356157	121340769	4
9	121452276	121446910	0
9	121452282	121444990	0
9	121455842	121444990	0
9	121460220	121444990	0
9	121460220	121452143	0
9	121460220	121452145	0
9	121460220	121455039	0
9	121460220	121455040	0
9	121460220	121455654	0
9	121463329	121460103	0
9	121463329	121461251	0
9	121463329	121461253	0
9	121499758	121479065	0
9	121499817	121479065	0
9	121500028	121467842	0
9	121576215	121574890	0
9	121782402	121783535	19
9	121822861	121821966	5
9	121860444	121821927	0
9	121860444	121821970	0
9	121860444	121822012	0
9	121963720	121884635	0
9	121974115	121870496	0
9	121974125	121870496	0
9	121974980	121870496	0
9	121989618	121974883	0
9	121989771	121974883	0
9	122031857	121974883	0
9	122031857	121988909	0
9	122031857	121989194	1
9	122039369	121988909	0
9	122039369	121989194	0
9	122091	121037	17
9	122091	121040	17
9	122091	121057	17
9	122091	121059	17
9	122091	121088	18
9	122091	121090	18
9	122091	121223	22
9	122091	121406	17
9	122091	121408	17
9	122091	121409	17
9	122091	121410	17
9	122091	121417	17
9	122137	121502	17
9	122148278	122144057	2
9	122209718	122202576	0
9	122209718	122202578	0
9	122209718	122202582	0
9	122209718	122204254	1
9	122213781	122202578	0
9	122213781	122202930	0
9	122213923	122204431	0
9	122217289	122214282	0
9	122221741	122217067	0
9	122226498	122217067	0
9	122226498	122217104	0
9	122226762	122217082	0
9	122227031	122226375	0
9	122227124	122226375	0
9	122227481	122226847	0
9	122227481	122226998	0
9	122227587	122226847	0
9	122227860	122227415	0
9	122228429	122227408	0
9	122228432	122227408	0
9	122228846	122227408	0
9	122228942	122227408	0
9	122243869	122241669	11
9	122245342	122237623	1
9	122245342	122241757	8
9	122285288	122285779	33
9	122371092	122371185	0
9	122402907	122400969	0
9	122572909	122567116	0
9	122823198	122798388	0
9	122823198	122818343	3
9	122823198	122820543	5
9	122851230	122844555	15
9	122851230	122847554	33
9	122851230	122849436	5
9	122851230	122849452	5
9	122851230	122849798	3
9	122854087	122851322	11
9	122854267	122853744	4
9	122854267	122853773	4
9	122854267	122853951	0
9	122877584	122865348	0
9	122877584	122865623	0
9	122877584	122873785	1
9	122880795	122879992	0
9	122890546	122883203	0
9	122893027	122890170	1
9	122893027	122890311	2
9	122905281	122890169	2
9	122913331	122908055	9
9	122931266	122918099	4
9	122931501	122915565	6
9	122989472	122990055	0
9	123062771	123061844	0
9	123115884	123109513	4
9	123116099	123109556	4
9	123122224	123109499	5
9	123122327	123115763	2
9	123122327	123121290	2
9	123128259	123115928	1
9	123128259	123121630	1
9	123128259	123122192	1
9	123128259	123124708	2
9	123128259	123125038	3
9	123128259	123125219	3
9	123136137	123132844	0
9	123136182	123132844	0
9	123136504	123135806	0
9	123136516	123136040	0
9	123179228	123169901	0
9	123179228	123173676	0
9	123180976	123179006	0
9	123184299	123179006	0
9	123184311	123179006	0
9	123283	121088	9
9	123283	121960	12
9	123383914	123379653	4
9	123403491	123383654	1
9	123403491	123387729	2
9	123403491	123400098	0
9	123403491	123401809	0
9	123403574	123401547	1
9	123440492	123403401	0
9	123440492	123403474	0
9	123440492	123411292	0
9	123440492	123413270	0
9	123440492	123437646	0
9	123440492	123439726	0
9	123455	121051	12
9	123455	122690	19
9	123455	122842	23
9	123455	123216	9
9	123557696	123452275	0
9	123557696	123457792	0
9	123583218	123557569	0
9	123583271	123557569	0
9	123583271	123569544	0
9	123630477	123609435	0
9	123652124	123630375	0
9	123652292	123630395	0
9	123748	123216	10
9	123757760	123671290	0
9	123757823	123671290	0
9	123757823	123676719	0
9	123769564	123757702	0
9	123792631	123757702	0
9	123879022	123792586	0
9	124009397	124006276	0
9	124032068	124031623	0
9	124032525	124031971	0
9	124261157	124259249	1
9	124356916	124353465	77
9	124384209	124383595	5
9	124384657	124356763	6
9	124384657	124383621	3
9	124398473	124396759	0
9	124405433	124384597	3
9	124412493	124384597	0
9	124412493	124405316	0
9	124414006	124412351	0
9	124414006	124412399	0
9	124491229	124481235	0
9	124491229	124481236	0
9	124491229	124482727	0
9	124500716	124491080	0
9	124500716	124493029	0
9	124500987	124500089	0
9	124503221	124500089	0
9	124503221	124500426	0
9	124516057	124514937	0
9	124524874	124517274	5
9	124524874	124522423	5
9	124524874	124522425	5
9	124524874	124522466	5
9	124538317	124535877	0
9	124538320	124535877	0
9	124540188	124535877	0
9	124540188	124538091	0
9	124599581	124598706	0
9	124733350	124543801	0
9	124733350	124554327	0
9	124858538	124857879	183
9	124858538	124857882	183
9	124860265	124857882	184
9	124860265	124857883	184
9	124860265	124858275	171
9	124860265	124858457	145
9	124860265	124858468	148
9	124861556	124860182	156
9	124861916	124861418	117
9	124861936	124861418	116
9	124861937	124860182	111
9	124861962	124861418	100
9	124861982	124860978	92
9	124881258	124878356	10
9	124881258	124878377	10
9	124888397	124882509	2
9	124889304	124888252	0
9	124889537	124889142	0
9	124889537	124889178	0
9	124900548	124898548	0
9	124900548	124899328	0
9	124908473	124899328	0
9	124908473	124900140	0
9	124908473	124900451	0
9	124908473	124900524	0
9	124928286	124926708	0
9	124929269	124928187	0
9	124929291	124928187	0
9	124929291	124928248	0
9	124948014	124938576	7
9	124971471	124942607	0
9	124971471	124952787	0
9	124971471	124952868	0
9	124971763	124971369	3
9	124971845	124971257	0
9	124971845	124971369	3
9	124976187	124971369	0
9	124999924	124994933	0
9	124999991	124994933	0
9	125002044	124999890	0
9	125002044	124999910	0
9	125142678	125055875	0
9	125142678	125065989	0
9	125143488	125142632	0
9	125143497	125142632	0
9	125143507	125142253	0
9	125153743	125146572	31
9	125153743	125146573	31
9	125153986	125153532	11
9	125158383	125153905	4
9	125158383	125153953	4
9	125195822	125194648	0
9	125238309	125234852	47
9	125331973	125331973	0
9	125341265	125341751	1
9	125444599	125437392	11
9	125444599	125437393	11
9	125444599	125438468	15
9	125444599	125438654	17
9	125444599	125438706	17
9	125444599	125438812	16
9	125447488	125444500	2
9	125451102	125444500	1
9	125468110	125444500	1
9	125484502	125444500	2
9	125506367	125484442	0
9	125506418	125467971	1
9	125506418	125484442	0
9	125543169	125467971	0
9	125543169	125484442	0
9	125543169	125505943	1
9	125543169	125506309	0
9	125543169	125521467	1
9	125559810	125543058	0
9	125585628	125559113	3
9	125585728	125559632	0
9	125585728	125559782	0
9	125585728	125565365	0
9	125599928	125585554	0
9	125650462	125585554	0
9	125652258	125585554	0
9	125657711	125652116	0
9	125657800	125585554	0
9	125669846	125657650	0
9	125669908	125657650	0
9	125669908	125657668	0
9	125672644	125669817	0
9	125672644	125669886	0
9	125707178	125657650	0
9	125707213	125669817	0
9	125707235	125657650	0
9	125745741	125743753	0
9	125748429	125748549	5
9	126272401	126270120	0
9	126590544	126589593	0
9	126609215	126608277	0
9	126612520	126608112	0
9	126613701	126590409	0
9	127091941	127087331	0
9	127091941	127087348	0
9	127108045	127106924	3
9	127108048	127106924	3
9	127108781	127093732	0
9	127122635	127093732	0
9	127216171	127213782	2
9	127216180	127213788	2
9	127221908	127216034	7
9	127264881	127264951	0
9	127300983	127300092	0
9	127364034	127364588	3
9	127364777	127365299	2
9	127404068	127404817	0
9	127447990	127447673	150
9	127447990	127447676	150
9	127448424	127447679	175
9	127448424	127447876	168
9	127449363	127448336	100
9	127449701	127449109	98
9	127449709	127449280	91
9	127450805	127449280	287
9	127451406	127449280	255
9	127451670	127451928	10
9	127507935	127507171	55
9	127507979	127505338	54
9	127507979	127505342	54
9	127507979	127507183	59
9	127510334	127508975	62
9	127516894	127509887	21
9	127517020	127510145	14
9	127525164	127507866	0
9	127525164	127523678	1
9	127527222	127524805	0
9	127527323	127525057	2
9	127531779	127505342	3
9	127569077	127508421	0
9	12759625	12700099	0
9	12759744	12698553	0
9	127694960	127690347	3
9	127695142	127692977	2
9	127695232	127695378	0
9	127711931	127712198	25
9	127711951	127712198	26
9	127712350	127712604	21
9	127712350	127712708	20
9	127714425	127713509	10
9	127714425	127713948	23
9	127714425	127713971	22
9	127714425	127714067	20
9	127714703	127713492	7
9	127714703	127714378	6
9	127715195	127714378	11
9	127715195	127714602	4
9	127715216	127714627	7
9	127715605	127714974	3
9	127715632	127714974	3
9	127715648	127694926	0
9	127715652	127714974	3
9	127715658	127714974	3
9	127716004	127714974	0
9	127716960	127714974	0
9	127724365	127724755	0
9	127724833	127715979	0
9	127724874	127715543	0
9	127727466	127729580	0
9	127729669	127730635	0
9	127732692	127731523	25
9	127732692	127731843	29
9	127732875	127731911	31
9	127733561	127731523	19
9	127733561	127731779	30
9	127733561	127732168	27
9	127733561	127732563	19
9	127734565	127731524	20
9	127734565	127733384	16
9	127735276	127733384	11
9	127735295	127731524	8
9	127735308	127731526	7
9	127735314	127733384	10
9	127739889	127738316	0
9	127739889	127738317	0
9	127739889	127738318	0
9	127739889	127738485	0
9	127741960	127740257	0
9	127742965	127741787	0
9	127742965	127741844	0
9	127744721	127742658	0
9	127744816	127742848	0
9	127745100	127742848	0
9	127747272	127744563	0
9	127747272	127744897	0
9	127747272	127745017	0
9	127749666	127747146	0
9	127751301	127744563	0
9	127751301	127749210	0
9	127751301	127749211	0
9	127774468	127744563	0
9	127816054	127815011	118
9	127816054	127815012	118
9	127817204	127815016	56
9	127817204	127815942	73
9	127819661	127818715	25
9	127820038	127819237	37
9	127820038	127819621	43
9	127824406	127819899	7
9	127824447	127819899	12
9	127825861	127825230	2
9	127826673	127825694	1
9	127826673	127825788	1
9	127843246	127829686	0
9	127868476	127867840	12
9	127868513	127866479	2
9	127868513	127866490	5
9	127868513	127867849	2
9	127868513	127867851	2
9	127868513	127867863	2
9	127868513	127867889	2
9	127868513	127867928	2
9	127868513	127867998	2
9	127868513	127868000	2
9	127868513	127868046	2
9	127871940	127868320	1
9	127871940	127868462	4
9	127872714	127871822	0
9	127872854	127871822	0
9	127873055	127871822	0
9	127873062	127872689	4
9	127873062	127872711	4
9	127873062	127872825	7
9	127873181	127872689	2
9	127874650	127872689	0
9	127885344	127874610	0
9	127885433	127874610	0
9	127885543	127879513	1
9	127885590	127879513	3
9	127886789	127874610	0
9	127886789	127879513	2
9	127886789	127885185	34
9	127887592	127885185	13
9	127887592	127885320	20
9	127887592	127885321	20
9	127887592	127885325	25
9	127887592	127886635	6
9	127887592	127886753	10
9	127891044	127887483	4
9	127891044	127887534	4
9	127894630	127890636	13
9	127894630	127890697	19
9	127894692	127887483	4
9	127894692	127890636	6
9	127894692	127890655	11
9	127896333	127890636	2
9	127896333	127894511	0
9	127896333	127894521	0
9	127896333	127894548	0
9	127897409	127896241	2
9	127897982	127896241	2
9	127898011	127896241	2
9	127898011	127896245	2
9	127899592	127896241	2
9	127899594	127896241	2
9	127899607	127896241	2
9	127899656	127896241	2
9	127905303	127896241	2
9	127905331	127896241	2
9	127905349	127896241	2
9	127905409	127897825	1
9	127905976	127905206	3
9	127906023	127905206	3
9	12790766	12759551	0
9	127910059	127907885	28
9	127910059	127908343	41
9	127910059	127908446	41
9	127910529	127908317	21
9	127912395	127908324	35
9	127912681	127909950	6
9	127914763	127912267	1
9	127914842	127909950	2
9	127914842	127912267	1
9	127914867	127912386	2
9	127916495	127914655	3
9	127916997	127914655	3
9	127917019	127916407	3
9	127917027	127916407	0
9	127917039	127915975	0
9	127921735	127920880	8
9	127921912	127920880	12
9	127925261	127920878	5
9	127925261	127921528	2
9	127925261	127921775	5
9	127925261	127921789	5
9	127925980	127925106	7
9	127925980	127925134	7
9	127925980	127925203	9
9	127925980	127925495	9
9	127927209	127925106	2
9	127927209	127925135	2
9	127927332	127925134	2
9	127928128	127927647	0
9	127928220	127927647	0
9	127928484	127927776	6
9	127928484	127928064	6
9	127936656	127935098	26
9	127936656	127935340	27
9	127937524	127935098	27
9	127937524	127936033	98
9	127937524	127936552	91
9	127937780	127935382	97
9	127937819	127936552	69
9	127937827	127936552	74
9	127938214	127938457	1
9	127944685	127940578	11
9	127944685	127940880	17
9	127944685	127940882	17
9	127944899	127940880	17
9	127944899	127944614	11
9	127948226	127945648	4
9	127948415	127948070	8
9	127948415	127948198	9
9	127950723	127945648	1
9	127953605	127950422	0
9	127953926	127953574	0
9	127980079	127953268	0
9	127980462	127972581	0
9	127980514	127953804	0
9	128057363	128039134	0
9	128063743	128061232	23
9	128066285	128061989	12
9	128067322	128061232	5
9	128068207	128063641	4
9	128094458	128090968	1
9	128107180	128107259	21
9	128114687	128108580	17
9	128122480	128120692	37
9	128122480	128120693	37
9	128122647	128120750	39
9	128123135	128120722	35
9	128123135	128120751	48
9	128123135	128122361	138
9	128123135	128122445	130
9	128123135	128122447	122
9	128123135	128122465	127
9	128123756	128122933	14
9	128123848	128122933	7
9	128123852	128122361	20
9	128123852	128122933	7
9	128123852	128122990	5
9	128123852	128123007	7
9	128123852	128123121	13
9	128124551	128122933	9
9	128124551	128123701	7
9	128124872	128124330	9
9	128124872	128124491	7
9	128125254	128124491	7
9	128125284	128124491	7
9	128125337	128124491	7
9	128125442	128124491	9
9	128125442	128124778	10
9	128125442	128125243	47
9	128127676	128125243	8
9	128127710	128125243	9
9	128127712	128125243	9
9	128127718	128125243	9
9	128127725	128125243	9
9	128128115	128125243	14
9	128128147	128125375	22
9	128128189	128125375	23
9	128128396	128125243	9
9	128128419	128125243	9
9	128128463	128125243	7
9	128153127	128153310	0
9	128166881	128166063	11
9	128166881	128166064	11
9	128166881	128166065	12
9	128166881	128166066	13
9	128166881	128166068	13
9	128166881	128166070	13
9	128166881	128166072	13
9	128166881	128166088	6
9	128166881	128166151	10
9	128166881	128166268	8
9	128166998	128166306	10
9	128167165	128166758	4
9	128167474	128166758	72
9	128167684	128167094	112
9	128169104	128166620	53
9	128169202	128167094	77
9	128169452	128168734	10
9	128169462	128169075	0
9	128169520	128169051	2
9	128177609	128176350	4
9	128177764	128176350	4
9	128178491	128177565	30
9	128178491	128177587	30
9	128179010	128177568	27
9	128179416	128170019	2
9	128179416	128178368	139
9	128179416	128178708	253
9	128180524	128178708	0
9	128180524	128178988	1
9	128180524	128179050	1
9	128180524	128179072	1
9	128180524	128179116	3
9	128180524	128179213	3
9	128180524	128179243	3
9	128180524	128179372	1
9	128180524	128179377	1
9	128180799	128180414	0
9	128180800	128180414	0
9	128180815	128180414	0
9	128180815	128180447	0
9	128185735	128180720	10
9	128185777	128180414	10
9	128185777	128180720	7
9	128185777	128180798	7
9	128187935	128185546	2
9	128187935	128185628	6
9	128190445	128180720	1
9	128190445	128185546	5
9	128190859	128185546	8
9	128190863	128180720	1
9	128190863	128185546	2
9	128198368	128190687	2
9	128200185	128196846	2
9	128200185	128198310	1
9	128204384	128190687	4
9	128247936	128248582	8
9	128250941	128253100	29
9	128253138	128253784	33
9	128253138	128253887	27
9	128253138	128254005	37
9	128253138	128254008	38
9	128253138	128254653	45
9	128257526	128255828	108
9	128257526	128255829	108
9	128257526	128255831	108
9	128257526	128257066	32
9	128257893	128257086	5
9	128258571	128257979	2
9	128259083	128258454	3
9	128259083	128258544	2
9	128259247	128258712	2
9	128259392	128259006	6
9	128260190	128259166	1
9	128260515	128259166	1
9	128260561	128260075	21
9	128260803	128260075	25
9	128260992	128260125	20
9	128261224	128260665	16
9	128261260	128260464	10
9	128261562	128261120	2
9	128261562	128261171	2
9	128261562	128261191	2
9	128261758	128261453	1
9	128261971	128261453	1
9	128262705	128261667	3
9	128262705	128261684	3
9	128263093	128261667	2
9	128263093	128262562	2
9	128265692	128262562	2
9	128265692	128263033	3
9	128273973	128258454	4
9	128273973	128268419	11
9	128273973	128272784	12
9	128275939	128273895	0
9	128275941	128273849	0
9	128275988	128273639	0
9	128275990	128273849	0
9	128275996	128273849	0
9	128311024	128305160	45
9	128311024	128309692	5
9	128311355	128309783	19
9	128317227	128315566	0
9	128317227	128315821	2
9	128323148	128323282	69
9	128332283	128332849	75
9	128387898	128389260	51
9	128389310	128389665	97
9	128421075	128421203	71
9	128421075	128422867	37
9	128421512	128422867	36
9	128422979	128423145	3
9	128429032	128429032	4
9	128437116	128437117	106
9	128437184	128437184	103
9	128473013	128468956	7
9	128536956	128528900	6
9	128543685	128536826	5
9	128543687	128540537	5
9	128552411	128543378	0
9	128593043	128594174	37
9	128598987	128600079	17
9	128608050	128608129	26
9	128627499	128627924	23
9	128631686	128630327	24
9	128632719	128632807	36
9	128634384	128633660	10
9	128634922	128634225	0
9	128635260	128634688	18
9	128635260	128634694	17
9	128635768	128635091	34
9	128635768	128635178	34
9	128636064	128635091	33
9	128636439	128635322	34
9	128636439	128635657	28
9	128637028	128635917	7
9	128637028	128636280	7
9	128637029	128636280	7
9	128640940	128636083	7
9	128640940	128636280	11
9	128656682	128640690	0
9	128656700	128640690	0
9	128656788	128640690	0
9	128663579	128663133	2
9	128721818	128720868	45
9	128721818	128720869	45
9	128721818	128720879	45
9	128721818	128721396	8
9	128722087	128721650	1
9	128722087	128721667	1
9	128733529	128729785	6
9	128750790	128742529	2
9	128753601	128752672	0
9	128753960	128753163	2
9	128753960	128753317	2
9	128753960	128753415	2
9	128755660	128753808	2
9	128755660	128753814	2
9	128771689	128753808	2
9	128820849	128822327	126
9	128823895	128819650	25
9	128823895	128822797	24
9	128824175	128822090	24
9	128826153	128824976	7
9	128826224	128824976	6
9	128826434	128826020	20
9	128826434	128826021	20
9	128826630	128825981	4
9	128826630	128826383	2
9	128833827	128832941	18
9	128833827	128833112	18
9	128833827	128833118	18
9	128833827	128833122	18
9	128835403	128833739	16
9	128835512	128835177	13
9	128835668	128835322	16
9	128836074	128835778	7
9	128836106	128835778	5
9	128836923	128835778	4
9	128836923	128835996	4
9	128836923	128836008	4
9	128837814	128836801	4
9	128838138	128837684	0
9	128838138	128837699	0
9	128838138	128837750	0
9	128838368	128838050	2
9	128840673	128838217	1
9	128840673	128838274	3
9	128842802	128838050	6
9	128842802	128838217	4
9	128921285	128921481	0
9	128940498	128940598	0
9	128941572	128941667	0
9	129001730	129001883	14
9	129008792	129008033	175
9	129009347	129007035	40
9	129009347	129007791	17
9	129009347	129008038	23
9	129009347	129008136	24
9	129009347	129008449	21
9	129009347	129008683	18
9	129009468	129009105	18
9	129009872	129009105	9
9	129009872	129009226	9
9	129009872	129009452	10
9	129010210	129009735	2
9	129010210	129009770	2
9	129012017	129010119	134
9	129012299	129010669	134
9	129013020	129012235	12
9	129013951	129009770	23
9	129014459	129011723	6
9	129014504	129010669	5
9	129014504	129012229	6
9	129014504	129012235	6
9	129014504	129013007	6
9	129014905	129014410	5
9	129014905	129014420	5
9	129067872	129067994	21
9	129069130	129069848	67
9	129096136	129094809	4
9	129096136	129095205	4
9	129096136	129095396	3
9	129096153	129095455	3
9	129098372	129098012	0
9	129100690	129099865	0
9	129102058	129100510	1
9	129102566	129101882	7
9	129102566	129101906	7
9	129103067	129102399	6
9	129103067	129102441	7
9	129104307	129103012	0
9	129108078	129103012	1
9	129108078	129104187	1
9	129108078	129104196	1
9	129108479	129107813	1
9	129108904	129107813	2
9	129109278	129107813	2
9	129110712	129107333	0
9	129110805	129107813	0
9	129111190	129107813	4
9	129142553	129142680	30
9	129175984	129176364	13
9	129176741	129177432	175
9	129447291	129430651	0
9	129451423	129446631	0
9	129502520	129502915	7
9	129503673	129504891	40
9	129613252	129612224	0
9	129613252	129612268	0
9	12962418	12958502	0
9	129638660	129636891	191
9	129639311	129634603	70
9	129642125	129640540	18
9	129642166	129640540	13
9	129642170	129640540	13
9	129718636	129712895	0
9	129748738	129738330	0
9	129818648	129812943	48
9	129818648	129813607	59
9	129818782	129818352	20
9	129818921	129818322	19
9	129818921	129818519	15
9	129822847	129818744	2
9	129823594	129822580	0
9	129824105	129821375	3
9	129824135	129822580	0
9	129829304	129827289	18
9	129829304	129827967	18
9	129829542	129828427	17
9	129829542	129829204	15
9	129829542	129829278	12
9	129830686	129828441	5
9	129830962	129829404	14
9	129831069	129829404	8
9	129831974	129830870	4
9	129831974	129830934	7
9	129831974	129831409	7
9	129834767	129830870	2
9	129835255	129834711	1
9	129835276	129834706	1
9	129880290	129880378	24
9	129880290	129880466	26
9	129884171	129883692	0
9	129895997	129887186	4
9	129900102	129895267	1
9	129900102	129895811	0
9	129900102	129895837	0
9	129900533	129899992	0
9	129900548	129899964	0
9	129900548	129899967	0
9	129923940	129915965	1
9	129923997	129908889	0
9	129924027	129908889	0
9	129924027	129915965	1
9	129925070	129919018	2
9	129925158	129908889	1
9	129925158	129915965	0
9	129957465	129929566	0
9	129978613	129958490	0
9	129979375	129978346	0
9	129979375	129978464	0
9	13003623	12962319	0
9	130144220	130140609	0
9	13029578	13004932	0
9	130429686	130430283	0
9	130430605	130431366	0
9	130432556	130433347	0
9	130697628	130698161	68
9	130700936	130702133	191
9	130700936	130702157	186
9	130700936	130702187	180
9	130895982	130892701	3
9	130905414	130902437	0
9	130905414	130902439	0
9	130905414	130903675	0
9	130911889	130902439	0
9	130911889	130905233	0
9	130923881	130911791	0
9	130923881	130911870	0
9	130938649	130929566	0
9	130938649	130938016	0
9	130938851	130929566	0
9	13109060	13105703	5
9	13109060	13105705	5
9	13109060	13105709	5
9	13109060	13105711	5
9	13109060	13106490	5
9	13109060	13106497	5
9	13109060	13106571	3
9	13109060	13106741	3
9	13109060	13106858	3
9	13109060	13106859	3
9	13109060	13106930	3
9	13109060	13106942	3
9	131133716	131133103	0
9	131136823	131132971	0
9	131136823	131133044	0
9	131141767	131133008	0
9	131141767	131133626	1
9	131141767	131136564	1
9	131141767	131136721	1
9	131153346	131133007	2
9	13115335	13113930	4
9	131159464	131132851	0
9	131159464	131136468	2
9	131159464	131136721	1
9	131159464	131141677	0
9	131159464	131153152	0
9	131163334	131159377	0
9	131164707	131163273	0
9	131165271	131164250	1
9	131167315	131159361	0
9	131167321	131164358	0
9	131167326	131162845	0
9	131167326	131164359	0
9	131167409	131159002	0
9	131167466	131163282	1
9	131167506	131159361	0
9	131190173	131192207	6
9	131190481	131192207	10
9	131194206	131189909	3
9	13119650	13113930	6
9	13119650	13115247	4
9	13119650	13115320	5
9	131197417	131197918	222
9	13120651	13113930	6
9	131229826	131230629	24
9	131233502	131233562	143
9	13125391	13123152	3
9	131262738	131258075	6
9	131263600	131258075	1
9	131263600	131260788	2
9	13126591	13125215	0
9	131276548	131258075	0
9	13136182	13133823	0
9	13136183	13126679	0
9	13136183	13133823	0
9	13136804	13133823	0
9	13136804	13136091	0
9	13136804	13136155	0
9	13138154	13133823	0
9	13138154	13136091	0
9	13138154	13136711	0
9	13140046	13137956	0
9	13140071	13137956	0
9	13140150	13137956	0
9	13140150	13138047	0
9	13143565	13139986	1
9	13147659	13139986	0
9	13147659	13143465	0
9	131499951	131498804	338
9	131500172	131499560	224
9	13150689	13139986	0
9	13150689	13143484	0
9	131509997	131510259	31
9	131510063	131510259	32
9	131511468	131512040	20
9	131511473	131512040	20
9	131522230	131516557	12
9	131525978	131523800	12
9	131525978	131525147	11
9	131526160	131524737	12
9	131526504	131525928	15
9	131529039	131525928	14
9	131529039	131526444	13
9	131529158	131528794	24
9	131529271	131525928	14
9	131529271	131525944	15
9	131529271	131528943	19
9	131529585	131528943	13
9	131580392	131576769	3
9	131580392	131576777	3
9	131587831	131584517	0
9	131588027	131587735	0
9	131602150	131598198	0
9	131604054	131602060	0
9	131605189	131602113	0
9	131621999	131602060	0
9	131626423	131621795	0
9	131628097	131625921	0
9	131628097	131626159	0
9	131638792	131629101	4
9	131638792	131630235	0
9	131643392	131638634	0
9	131643418	131638634	0
9	131643418	131638697	0
9	13168565	13139986	0
9	131737539	131650809	0
9	131739945	131650809	0
9	131740075	131650809	0
9	131863141	131860106	7
9	13206100	13205035	0
9	132077587	132014336	0
9	132077587	132031885	0
9	132077587	132073350	0
9	13216863	13205915	0
9	13216863	13205919	0
9	132266250	132261355	41
9	132269490	132261355	33
9	132269703	132261355	24
9	132275383	132271709	22
9	132275421	132271709	22
9	132277153	132274922	3
9	132277153	132275255	1
9	132283414	132281466	3
9	132286495	132283263	0
9	132286498	132282769	1
9	132379145	132375547	1
9	132379145	132375620	4
9	132379206	132375734	10
9	132582678	132582764	0
9	132612256	132592996	12
9	132612256	132594288	14
9	132612256	132594385	14
9	132612314	132592996	7
9	132642064	132632040	0
9	132642064	132637862	0
9	132658736	132652447	0
9	132658736	132658080	0
9	132661252	132659709	4
9	132662337	132661075	0
9	132662337	132661207	0
9	132678040	132678877	95
9	132727535	132725577	0
9	132727599	132725582	0
9	13276772	13274509	2
9	132770213	132768964	0
9	132792776	132727453	0
9	13279408	13250299	0
9	13279565	13250299	1
9	13279591	13250299	1
9	132863713	132861395	0
9	132863779	132854856	0
9	132888438	132889956	12
9	132897346	132891347	50
9	132897346	132891349	50
9	132897346	132891352	51
9	132897346	132891374	51
9	132897346	132891389	50
9	132897346	132891391	50
9	132897346	132893352	45
9	132897346	132894777	8
9	132897346	132894848	25
9	132897346	132895077	36
9	132897346	132895911	8
9	132897346	132895977	8
9	132897346	132895998	8
9	132897346	132896087	8
9	132897346	132896166	8
9	132897346	132896197	8
9	132897346	132896541	4
9	132897611	132896540	4
9	132900838	132897183	4
9	132900838	132897422	0
9	132900838	132897427	0
9	132901700	132898979	0
9	132901700	132900714	10
9	132902788	132900714	1
9	132906836	132905580	2
9	132907371	132906730	9
9	132907371	132906743	9
9	132907371	132906750	9
9	132910690	132907300	5
9	132910693	132907300	5
9	132911114	132907300	5
9	132911114	132909751	17
9	132911114	132909806	17
9	132911114	132910260	21
9	132911114	132910570	20
9	132911114	132910636	19
9	132911207	132910570	21
9	132911569	132907300	5
9	132911569	132911001	19
9	132912458	132907300	5
9	132912458	132910570	4
9	132912458	132910998	0
9	132912458	132911001	0
9	132912458	132911290	0
9	132912458	132911409	0
9	132912458	132911452	0
9	132912458	132911507	0
9	132912469	132911452	0
9	132912922	132910570	4
9	132921437	132912281	0
9	132921974	132912281	0
9	132921974	132921362	1
9	132921974	132921425	1
9	132923493	132921818	1
9	132923493	132921940	0
9	132923685	132921818	0
9	132924907	132923347	5
9	132924940	132923347	8
9	132925008	132923347	6
9	132925740	132923347	5
9	132925740	132923479	9
9	132925740	132924814	9
9	132927305	132923347	0
9	132927305	132925586	3
9	132927305	132925734	0
9	132928953	132923347	0
9	132928953	132925586	0
9	132935096	132925586	0
9	132941493	132939070	3
9	132942427	132941419	4
9	132943655	132941395	1
9	132943707	132940734	3
9	132944559	132942214	2
9	132944573	132935032	2
9	132944609	132935032	1
9	132944613	132935032	1
9	132944616	132935032	1
9	132944617	132935032	1
9	132944618	132935032	1
9	132944620	132925586	0
9	132944620	132928766	0
9	132944620	132935032	1
9	132944624	132935032	1
9	132944627	132935032	1
9	132944628	132935032	1
9	132944632	132935032	1
9	132944634	132935032	1
9	132944695	132935032	1
9	132944770	132935032	2
9	132944835	132939070	1
9	132945376	132935032	0
9	132946875	132935032	2
9	133054810	133054943	10
9	133100383	133097719	32
9	133100383	133097720	32
9	133100383	133098120	48
9	133100383	133098220	48
9	133100383	133098359	35
9	133100546	133098637	38
9	133101583	133099970	65
9	133101763	133100267	56
9	133101915	133100267	75
9	133102140	133097719	37
9	133102140	133100267	38
9	133102140	133100495	39
9	133102140	133101519	78
9	133102140	133101727	81
9	133102572	133097719	18
9	133102572	133101937	11
9	133102901	133102475	2
9	133102901	133102517	2
9	133103834	133103229	3
9	133104332	133103685	0
9	133104332	133103746	0
9	133104332	133103768	0
9	133104603	133103746	2
9	133155313	133112041	2
9	133155313	133152947	39
9	133155313	133152952	39
9	133155313	133153401	45
9	133155313	133154074	50
9	133155350	133153426	52
9	133155937	133152952	12
9	133155937	133155177	11
9	133156066	133152952	12
9	133161533	133152952	13
9	133161533	133155900	9
9	133161533	133156014	7
9	133161533	133160010	11
9	133161533	133160017	11
9	133161533	133161047	5
9	133162533	133161354	1
9	133162533	133161466	2
9	133163703	133162341	0
9	133163896	133162341	1
9	133163898	133162341	1
9	133163902	133162341	1
9	133163915	133162341	0
9	133163915	133163105	2
9	133163920	133162341	0
9	133163934	133162341	0
9	133163946	133162341	0
9	133205415	133205317	0
9	133205941	133205276	0
9	133205941	133205279	0
9	133205941	133205411	0
9	133225251	133224904	0
9	133256357	133255601	0
9	133257522	133255175	0
9	133257522	133255674	0
9	133257543	133250400	0
9	133275215	133250731	0
9	133332761	133328773	55
9	133332940	133331805	134
9	133344334	133338322	27
9	133344334	133340904	61
9	133345253	133340904	31
9	133345253	133340905	31
9	133345253	133343689	4
9	133345253	133343746	3
9	133345253	133344124	3
9	133345253	133344132	3
9	133345253	133344204	3
9	133346701	133345171	10
9	133346701	133345189	10
9	133347704	133346539	5
9	133347780	133346539	5
9	133348023	133346539	5
9	133348076	133345171	9
9	133348118	133346539	5
9	133348119	133346406	3
9	133348124	133346539	5
9	133348132	133346539	5
9	133350053	133350239	164
9	133350320	133350596	394
9	133352143	133351754	15
9	133352143	133351804	15
9	133352143	133351874	15
9	133352143	133351912	15
9	133356321	133354823	11
9	133356486	133354823	8
9	133356486	133356268	0
9	133356677	133356104	6
9	133365027	133361448	52
9	133365027	133361449	52
9	133365027	133362867	51
9	133365027	133363554	45
9	133365027	133363794	38
9	133366029	133361449	37
9	133366029	133364839	38
9	133366029	133364914	36
9	133366029	133364968	34
9	133366078	133363452	38
9	133407882	133406058	6
9	133407882	133406061	6
9	133407882	133407005	8
9	133411074	133408767	7
9	133412493	133410984	2
9	133412493	133411003	2
9	133412922	133412298	0
9	133412922	133412362	0
9	133414834	133410984	2
9	133473251	133471094	0
9	133475612	133474960	3
9	133476337	133475399	2
9	133476415	133475405	4
9	133515608	133514585	0
9	133519023	133515490	0
9	133519023	133515530	0
9	133580247	133578414	0
9	133580247	133578956	0
9	133633100	133611797	0
9	133657314	133654585	0
9	133666767	133663563	0
9	133666871	133663559	0
9	133666871	133663563	0
9	133666937	133663563	0
9	133667124	133663971	0
9	133670753	133663563	0
9	133694372	133690379	0
9	133696362	133694257	0
9	133696362	133694353	0
9	133719043	133717325	0
9	133719043	133718321	0
9	133729866	133718937	0
9	133729866	133725392	0
9	133768597	133761893	15
9	133861433	133834271	0
9	133926328	133925850	0
9	133939220	133861211	0
9	133939220	133861373	0
9	134026091	134026207	2
9	134026550	134028825	27
9	134027263	134028825	31
9	134028434	134031345	25
9	134034830	134030304	5
9	134034830	134033401	1
9	134036325	134034700	4
9	134040270	134036027	4
9	134040270	134036031	3
9	134041795	134036031	8
9	134048455	134045292	1
9	134050428	134048001	3
9	134050589	134048082	0
9	134052444	134051561	0
9	134053591	134052305	0
9	134053591	134052432	0
9	134054141	134053417	10
9	134056013	134053264	2
9	134068018	134053264	0
9	134068536	134053264	0
9	134135442	134135678	14
9	134135650	134134215	1
9	134135773	134132241	0
9	13416546	13406379	0
9	134295398	134293930	0
9	13431330	13416398	0
9	13432495	13416398	0
9	134652844	134649384	0
9	134911268	134909584	0
9	134912616	134905889	0
9	135237598	135204721	0
9	135252709	135245695	0
9	135468710	135462726	3
9	135472250	135468087	2
9	135480719	135471625	4
9	135480778	135468171	3
9	135498664	135495180	0
9	135498664	135495451	0
9	135499022	135495440	1
9	135503279	135503541	79
9	135504320	135503272	328
9	135506448	135504235	0
9	135624671	135623655	0
9	135626207	135623655	0
9	135626207	135624099	0
9	135665909	135666095	0
9	135694458	135693410	0
9	135695264	135693406	0
9	135695264	135694386	0
9	135757231	135757297	0
9	135785331	135786196	0
9	135811612	135810422	82
9	135815216	135808486	12
9	135815216	135809580	12
9	135815216	135810489	16
9	135815216	135811095	12
9	135815216	135811512	10
9	135815216	135811514	10
9	135818080	135815889	12
9	135818080	135817787	2
9	135818172	135815096	6
9	135850234	135827406	0
9	135850462	135849856	0
9	135850462	135850136	0
9	135865365	135862466	1
9	135866537	135850321	0
9	135866537	135862466	0
9	135866537	135865247	0
9	135866537	135865331	0
9	135881719	135866455	0
9	135881795	135866378	0
9	135881795	135866455	0
9	135938361	135932968	14
9	135938361	135933041	17
9	135939760	135938221	7
9	135939760	135938339	5
9	135942290	135939672	1
9	135942290	135939731	3
9	135945251	135939672	2
9	135947906	135946268	15
9	135948045	135946268	5
9	135953754	135947515	0
9	135953754	135947797	0
9	135953894	135947876	0
9	136013297	136006536	93
9	136016430	136013863	9
9	136019481	136016290	4
9	136050581	136016264	3
9	136109425	136108104	9
9	136117025	136114588	113
9	136118275	136116785	40
9	136118432	136114580	51
9	136118439	136116803	37
9	136118535	136115455	73
9	136118864	136114580	19
9	136198821	136196249	0
9	136198821	136196251	0
9	136211453	136206332	21
9	136215305	136211263	10
9	136255734	136249970	0
9	136266044	136263621	0
9	136267512	136265955	0
9	136281664	136276650	0
9	136285607	136280941	0
9	136285607	136281379	0
9	136285607	136281550	0
9	136285704	136281384	0
9	136297822	136292160	0
9	136297822	136295851	0
9	136363129	136361899	6
9	136363720	136359479	63
9	136364402	136361902	12
9	136364560	136363955	37
9	136364560	136364292	18
9	136365218	136362988	36
9	136365218	136363955	33
9	136366846	136363956	33
9	136370702	136367215	9
9	136370702	136370293	29
9	136370894	136369749	28
9	136371146	136370521	25
9	136371462	136370593	14
9	136371462	136370840	4
9	136371462	136370933	4
9	136376482	136375576	62
9	136384815	136383952	39
9	136387580	136384719	53
9	136387580	136384785	70
9	136404109	136402643	55
9	136404195	136401921	32
9	136404195	136401924	32
9	136404195	136401950	56
9	136404195	136402479	45
9	136404195	136402664	40
9	136404195	136402681	40
9	136404694	136404054	41
9	136404694	136404109	38
9	136404781	136404054	38
9	136407186	136405904	110
9	136407209	136405904	116
9	136407562	136405904	103
9	136407939	136407144	59
9	136407967	136407016	62
9	136409068	136407825	8
9	136410240	136407825	22
9	136410269	136407874	53
9	136410601	136407825	33
9	136412200	136412489	6
9	136416392	136416950	125
9	136416392	136416999	120
9	136421977	136423094	70
9	136430414	136428618	36
9	136439823	136434739	24
9	136443901	136440096	48
9	136443901	136440100	48
9	136443901	136440102	48
9	136443901	136441754	48
9	136444083	136440095	71
9	136462962	136461176	11
9	136463133	136461176	4
9	136463602	136462886	26
9	136463741	136462942	29
9	136483760	136474048	4
9	136498997	136494432	19
9	136502489	136502000	24
9	136503331	136502271	14
9	136503331	136502445	16
9	136504846	136503181	13
9	136505105	136502436	9
9	136505105	136503181	13
9	136510806	136509732	0
9	136511272	136510510	0
9	136511272	136510652	0
9	136523189	136519442	0
9	136523899	136522627	2
9	136523980	136522849	0
9	136544103	136523716	2
9	136612904	136612023	0
9	136612904	136612027	0
9	136616847	136616311	0
9	136617182	136612702	0
9	136660422	136648609	0
9	136673928	136673149	74
9	136674808	136673142	0
9	136674808	136673399	0
9	136674808	136673708	0
9	136677137	136674734	2
9	136677137	136676584	2
9	136677381	136676584	1
9	136677557	136676960	8
9	136687366	136677026	10
9	136687397	136677422	9
9	136687399	136677422	9
9	136687424	136677422	6
9	136722029	136722124	36
9	136722302	136722961	37
9	136724001	136721365	44
9	136725111	136723896	27
9	136725111	136724657	308
9	136725111	136724659	308
9	136726417	136725054	148
9	136726484	136725054	140
9	136727087	136726310	157
9	136728185	136725233	61
9	136728185	136727045	53
9	136729400	136728952	9
9	136740049	136738166	0
9	136740049	136739460	0
9	136740049	136739523	0
9	136740049	136739524	0
9	136740944	136738166	0
9	136741959	136739949	0
9	136741989	136740835	0
9	136742005	136739949	0
9	136742021	136739949	0
9	136742021	136740835	0
9	136742021	136741251	0
9	136742904	136741880	0
9	136742941	136741880	0
9	136742960	136739949	0
9	136742960	136741880	0
9	136742963	136741880	0
9	136743357	136741655	0
9	136744365	136741880	0
9	136744365	136742786	0
9	136744365	136744010	0
9	136744365	136744066	0
9	136744365	136744068	0
9	136744365	136744077	0
9	136744742	136744338	0
9	136745281	136744016	0
9	136745281	136744639	0
9	136745281	136744716	0
9	136747564	136745843	0
9	136755161	136754385	0
9	136755161	136754387	0
9	136755334	136755134	0
9	136755517	136755134	0
9	136756593	136754385	0
9	136761854	136759633	0
9	136761854	136759635	0
9	136763784	136759633	0
9	136791425	136791625	0
9	136791425	136791710	0
9	136791425	136791777	0
9	136791778	136791946	3
9	136792031	136792250	3
9	136799224	136799712	4
9	136799791	136800001	2
9	136804628	136804761	27
9	136804817	136805356	10
9	136806129	136803926	17
9	136806239	136806503	21
9	136806538	136806049	22
9	136806673	136806756	15
9	136807203	136806384	14
9	136808327	136809254	25
9	136808849	136806828	23
9	136809430	136809687	24
9	136814193	136812787	0
9	136831862	136832261	30
9	136831862	136832264	30
9	136832371	136833719	69
9	136835846	136837345	108
9	136850138	136850502	231
9	136850138	136850505	223
9	136853459	136853544	44
9	136853671	136853776	12
9	136856576	136856709	60
9	136858098	136858185	10
9	136858098	136858399	10
9	136858277	136858399	18
9	136858854	136859004	77
9	136859318	136859885	83
9	136863000	136862118	123
9	136863449	136862489	9
9	136863449	136862905	9
9	136941464	136940434	211
9	136941685	136941250	251
9	136941685	136941410	252
9	136942669	136941754	353
9	136942696	136941536	205
9	136942696	136942045	304
9	136942944	136941536	217
9	136942944	136942045	235
9	136942944	136942099	250
9	136942944	136942546	242
9	136942974	136942650	200
9	136943004	136942546	255
9	136943507	136942045	146
9	136943507	136942546	53
9	136943507	136942768	69
9	136943507	136942906	48
9	136946690	136946767	5
9	136953780	136953847	0
9	136953780	136953923	0
9	136953780	136954153	3
9	136953965	136954153	5
9	136954256	136954723	2
9	136954256	136955370	3
9	136954827	136955370	6
9	136980063	136980182	0
9	136983709	136984489	0
9	136985138	136985396	0
9	136992563	136992639	156
9	136992563	136992924	286
9	136992701	136992924	319
9	136992975	136993052	257
9	136993412	136993579	14
9	136995106	136994634	2
9	136995106	136994733	2
9	136995293	136994634	2
9	137008596	137007850	43
9	137008623	137007226	14
9	137008623	137007233	14
9	137008623	137007241	14
9	137008623	137007376	17
9	137008623	137007656	20
9	137008789	137008235	22
9	137008869	137008415	16
9	137009463	137008950	1
9	137009579	137009369	3
9	137009645	137009350	1
9	137009645	137009369	2
9	137009645	137009406	2
9	137011555	137010972	15
9	137011555	137011185	18
9	137011750	137010972	6
9	137011750	137011185	12
9	137011750	137011406	5
9	137011750	137011476	4
9	137012019	137011406	3
9	137012377	137012101	3
9	137012591	137012264	2
9	137012638	137012324	3
9	137017693	137017195	7
9	137017902	137017501	11
9	137018076	137017786	6
9	137018212	137017972	0
9	137018219	137017561	11
9	137018220	137017972	0
9	137018352	137017972	13
9	137018816	137018177	4
9	137018816	137018211	10
9	137019071	137018718	7
9	137019071	137018782	12
9	137019307	137018902	3
9	137019364	137018954	2
9	137020480	137019177	0
9	137020496	137019177	0
9	137020806	137020335	0
9	137021062	137019425	1
9	137021062	137020182	1
9	137021062	137020335	1
9	137022002	137020693	0
9	137022002	137021391	0
9	137022479	137021391	0
9	137022479	137021666	0
9	137022479	137021780	0
9	137022479	137021890	0
9	137023053	137022350	10
9	137023053	137022701	9
9	137023054	137022701	9
9	137023061	137022940	6
9	137023841	137022701	13
9	137023841	137022940	5
9	137024237	137022701	11
9	137024237	137022940	1
9	137024237	137023058	5
9	137024237	137023812	1
9	137024237	137023837	1
9	137032063	137031240	0
9	137032063	137031316	0
9	137033011	137030173	0
9	137037395	137037613	3
9	137040068	137031978	0
9	137040068	137032735	3
9	137040068	137039469	151
9	137040126	137039683	141
9	137040157	137039667	141
9	137040985	137040670	179
9	137041188	137040813	164
9	137043074	137040812	59
9	137043074	137041061	66
9	137044093	137041061	179
9	137046057	137042926	525
9	137046180	137042869	288
9	137046204	137042926	300
9	137049007	137048596	1
9	137049076	137048097	1
9	137049614	137048106	0
9	137050539	137049869	0
9	137051130	137050283	0
9	137051130	137050287	0
9	137054001	137052230	1
9	137054019	137052230	0
9	137054046	137052230	0
9	137064142	137064440	122
9	137064980	137062123	146
9	137078255	137078501	43
9	137079450	137080001	44
9	137080143	137080688	33
9	137082065	137082636	22
9	137088184	137088267	0
9	137104330	137104602	32
9	137106316	137106688	23
9	137110951	137110541	37
9	137110951	137110545	37
9	137110951	137110605	48
9	137110951	137110611	48
9	137112030	137111689	40
9	137112170	137111872	36
9	137112216	137111689	68
9	137112231	137111689	66
9	137112231	137111872	66
9	137112231	137111940	80
9	137112231	137111998	72
9	137112605	137111872	341
9	137112806	137111872	348
9	137112806	137112111	308
9	137112806	137112132	349
9	137113113	137112719	137
9	137113120	137112377	212
9	137113120	137112744	156
9	137113250	137112952	80
9	137113288	137112816	128
9	137113288	137112952	114
9	137113288	137112962	128
9	137113416	137113205	164
9	137113497	137113205	167
9	137114029	137112952	132
9	137114029	137113205	147
9	137114029	137113360	184
9	137114029	137113374	178
9	137114029	137113433	170
9	137158524	137158620	0
9	137163905	137165185	0
9	137168015	137168462	0
9	137170052	137168757	0
9	137171444	137168853	0
9	137171444	137170927	0
9	137171444	137170929	0
9	137171528	137170857	0
9	137171582	137170927	0
9	137175473	137174783	101
9	137175838	137175236	99
9	137175838	137175331	89
9	137176073	137175707	123
9	137176110	137175273	88
9	137177073	137175236	147
9	137180385	137175274	57
9	137180385	137175707	57
9	137181863	137180787	3
9	137183243	137181680	1
9	137183243	137181814	1
9	137183615	137181681	4
9	137188104	137186223	72
9	137188538	137187480	15
9	137188550	137186672	76
9	137188779	137189065	168
9	137192366	137191616	24
9	137192366	137191618	24
9	137192692	137191616	10
9	137192692	137192258	18
9	137195138	137192258	22
9	137200106	137192450	45
9	137200742	137192450	62
9	137204194	137192651	64
9	137215019	137215094	366
9	137221582	137220246	7
9	137242022	137242495	321
9	137244289	137243584	2
9	137244979	137243583	0
9	137245219	137244170	0
9	137245219	137244641	0
9	137245558	137245088	0
9	137245854	137245151	0
9	137251896	137252000	7
9	137252507	137250218	3
9	137252976	137252390	9
9	137253498	137252874	6
9	137307647	137306904	0
9	137307647	137306916	0
9	137309701	137306895	0
9	137345977	137343158	0
9	137348152	137324089	0
9	137348239	137324089	0
9	137349283	137324089	0
9	137349532	137349109	2
9	137351148	137349368	0
9	137351148	137349380	0
9	137351529	137351037	0
9	137352202	137351317	0
9	137352202	137351475	0
9	137352787	137351317	0
9	137352787	137352065	0
9	137352945	137352619	0
9	137352985	137352065	0
9	137353759	137352619	0
9	137354378	137352619	0
9	137354378	137352632	0
9	137354378	137353899	0
9	137366157	137356267	0
9	137366542	137365126	1
9	137366633	137356267	0
9	137366633	137366144	6
9	137367990	137366492	7
9	137373073	137367564	1
9	137373073	137367935	1
9	137395405	137383312	2
9	137395405	137391801	13
9	137395409	137383312	2
9	137435339	137434363	1
9	137435339	137434669	1
9	137436752	137436012	0
9	137436991	137436561	2
9	137437029	137436520	2
9	137437310	137436012	0
9	137438085	137436520	0
9	137449492	137448224	274
9	137449675	137447572	200
9	137449675	137448224	288
9	137449675	137448231	287
9	137449675	137449390	9
9	137450026	137449598	8
9	137450026	137449606	8
9	137450256	137449922	5
9	137450256	137449934	5
9	137452587	137452364	14
9	137452820	137452552	57
9	137453172	137452735	49
9	137453181	137452464	60
9	137453181	137452552	62
9	137453181	137452735	47
9	137453821	137452552	46
9	137453821	137452735	55
9	137454444	137452735	47
9	137460738	137459952	12
9	137461621	137459952	11
9	137463532	137459952	6
9	137463532	137462684	2
9	137464196	137463414	0
9	137464457	137460633	3
9	137464457	137463414	2
9	137464821	137463434	2
9	137515520	137505982	11
9	137515520	137508807	9
9	137522858	137521635	0
9	137540723	137522728	0
9	137540856	137522736	0
9	137564607	137554903	9
9	137564607	137554908	9
9	137564607	137556602	31
9	137564959	137564433	66
9	137564959	137564548	58
9	137564959	137564583	59
9	137565000	137554903	11
9	137565155	137564433	55
9	137565155	137564470	56
9	137565155	137564892	54
9	137565155	137564895	51
9	137565494	137564892	11
9	137574381	137564892	12
9	137574381	137565084	8
9	137574844	137574206	23
9	137574844	137574207	23
9	137574844	137574214	23
9	137574847	137574207	23
9	137574847	137574263	33
9	137575217	137574207	36
9	137575370	137565096	2
9	137575893	137574751	68
9	137576168	137574207	55
9	137576168	137574751	60
9	137576168	137575708	74
9	137576403	137574751	45
9	137576403	137575708	14
9	137576403	137576079	8
9	137577604	137575708	13
9	137577604	137576079	7
9	137578876	137575708	6
9	137578889	137576079	13
9	137578909	137575452	16
9	137583164	137582078	28
9	137587108	137582982	28
9	137587824	137586966	68
9	137588719	137587716	10
9	137589107	137587012	14
9	137612574	137612895	68
9	137613007	137613412	132
9	137613007	137613422	128
9	137613007	137613459	121
9	137613770	137613980	63
9	137613770	137614031	61
9	137613770	137614139	60
9	137614899	137615073	99
9	137615001	137615073	76
9	137618192	137615331	58
9	137618832	137615366	67
9	137618907	137615748	84
9	137762821	137764126	0
9	137787205	137784072	0
9	137788194	137787057	0
9	137789236	137776538	0
9	137815643	137815946	46
9	137816384	137817438	0
9	137817526	137818059	0
9	137817957	137818059	2
9	137874215	137867926	0
9	137875681	137867924	1
9	137892571	137882836	0
9	138178148	138177425	0
9	138203326	138199932	0
9	14093465	14087636	4
9	14096614	14087881	2
9	14096651	14094217	2
9	14102511	14081842	0
9	14102511	14087571	3
9	14102511	14087599	3
9	14102511	14087602	3
9	14102511	14087628	3
9	14102511	14087630	3
9	14102511	14087673	3
9	14102511	14093459	0
9	14113082	14087568	2
9	14113082	14087673	2
9	14120625	14081847	2
9	14120625	14087628	0
9	14120625	14087859	0
9	14120625	14088303	2
9	14150266	14146688	0
9	14155894	14150144	0
9	14155894	14150179	0
9	14300232	14179726	0
9	14307521	14179726	0
9	14307521	14305752	2
9	14307521	14305759	2
9	14307929	14306988	0
9	14308014	14307035	0
9	14308074	14306988	0
9	14313649	14306988	3
9	14313668	14306988	3
9	14313844	14307213	3
9	14313958	14306988	3
9	14313964	14306989	3
9	14313986	14306988	3
9	14314070	14306988	3
9	14314520	14306988	0
9	14314583	14306988	0
9	14321949	14306988	2
9	14322002	14307213	2
9	14322061	14306988	2
9	14322339	14306988	2
9	14398712	14361293	0
9	14398984	14306988	0
9	146141	134978	2
9	146155	134978	2
9	146159	134978	2
9	14619683	14611070	23
9	14680163	14674186	10
9	14680163	14677365	10
9	14722718	14719723	0
9	14740235	14734665	0
9	14740235	14737151	0
9	14740235	14737199	0
9	14740235	14737365	0
9	14740235	14737395	0
9	14756447	14747680	0
9	14756447	14750126	0
9	14756447	14751704	0
9	14775906	14770604	3
9	14776204	14770604	3
9	14776257	14770604	3
9	14779534	14775788	0
9	14784635	14775788	0
9	14784635	14775822	0
9	14784635	14775934	1
9	14789067	14784369	0
9	14789115	14784271	0
9	14789115	14784369	0
9	14792802	14788918	1
9	14792885	14750126	0
9	14792885	14788918	1
9	148041	146101	18
9	14851608	14848664	0
9	148626	134978	2
9	149447	134978	5
9	14989341	14987301	0
9	15035976	15034160	0
9	15048057	15016939	0
9	15065985	15047898	0
9	150726	146101	25
9	150726	146113	27
9	151428	146101	5
9	151428	147949	21
9	15146402	15125729	0
9	15150	14520	32
9	15175136	15163621	0
9	15175136	15170844	0
9	15175136	15171563	0
9	15175136	15171928	0
9	15175136	15171945	0
9	15187036	15182306	0
9	15187036	15185279	0
9	15188066	15186943	0
9	15188133	15186586	0
9	15188133	15186943	0
9	152079	134978	2
9	152079	146101	18
9	152079	147900	14
9	152079	150508	10
9	152079	150641	16
9	152079	151304	14
9	15214250	15211265	0
9	15224506	15214137	0
9	15224506	15214138	0
9	15226013	15214138	0
9	15250011	15249041	0
9	15250117	15214138	0
9	15267949	15211265	0
9	15267949	15225916	0
9	15460314	15461630	16
9	15461806	15462864	63
9	15466860	15464065	52
9	15472751	15469937	32
9	15472751	15470635	44
9	15472751	15470645	45
9	15472751	15470989	63
9	15474202	15472080	18
9	15474238	15472631	7
9	154796	151576	2
9	154796	151744	2
9	154796	152033	1
9	15486069	15479590	2
9	15486932	15485902	0
9	15486932	15486005	0
9	15490125	15486826	2
9	15490125	15489269	1
9	15506638	15489985	2
9	15506638	15491951	1
9	15510290	15506560	0
9	15510327	15506560	0
9	15510330	15504958	0
9	15510330	15506560	0
9	156528	150131	0
9	156528	152033	2
9	156528	152913	1
9	156528	154708	0
9	156528	154731	0
9	160141	156480	0
9	161648	156480	0
9	161655	156480	0
9	161655	160000	0
9	16215280	16203934	0
9	16215280	16203937	0
9	16215280	16203946	0
9	16215900	16203947	0
9	162470	156480	0
9	162470	160000	0
9	162470	160087	0
9	16410991	16400419	0
9	16421296	16418293	18
9	16421296	16418542	13
9	16435100	16418542	8
9	16435100	16418567	8
9	16437525	16409502	1
9	16437525	16418809	9
9	16437525	16429299	5
9	16437525	16435037	50
9	16552766	16435554	0
9	16552766	16437075	0
9	16552766	16437224	0
9	16583086	16552529	0
9	16583086	16552579	0
9	16583086	16552599	0
9	16583086	16579790	0
9	16583086	16579836	0
9	16705083	16582982	0
9	16727998	16582982	0
9	16727998	16583059	0
9	16728166	16582982	0
9	16738486	16582982	0
9	16867693	16582982	0
9	16867693	16727796	0
9	16867693	16738359	0
9	16868171	16727796	0
9	16870707	16738359	0
9	16870732	16738359	0
9	16870748	16727796	0
9	16870761	16738359	0
9	16870844	16727796	0
9	16983460	16982722	0
9	172173	162431	0
9	172173	163977	2
9	172173	164402	0
9	172180	163977	2
9	173326	172080	7
9	173367	172080	2
9	173372	171595	5
9	175785	171952	3
9	175785	173269	5
9	17591319	17589160	0
9	18362221	18360596	0
9	18886379	18858905	0
9	18893383	18886292	0
9	18906913	18908441	2
9	18925133	18901012	0
9	18929056	18925761	0
9	18941840	18926313	0
9	18941840	18927657	0
9	18941840	18927661	0
9	18950938	18927891	0
9	18950938	18941636	0
9	18950938	18947691	0
9	19033189	18950757	0
9	19033210	18950757	0
9	19033254	18950757	0
9	19049355	18950757	0
9	19049359	18950757	0
9	19059002	19053142	55
9	19060224	19056617	40
9	19060224	19057960	21
9	19060224	19058763	16
9	19065085	19063513	13
9	19070301	19063513	6
9	19076705	19070218	0
9	19093214	19089411	1
9	19093304	19089411	1
9	19116650	19108374	3
9	19118447	19116358	57
9	19118456	19115769	45
9	19121166	19119649	10
9	19123648	19120879	6
9	19123648	19121099	3
9	19123648	19123234	7
9	19126310	19123312	14
9	19126310	19123564	12
9	19126449	19125632	18
9	19126449	19126113	12
9	19127476	19125505	7
9	19127477	19126396	9
9	19127491	19126396	8
9	19127577	19126396	5
9	19131272	19126396	0
9	19149279	19131214	0
9	19149291	19129736	0
9	19292577	19291336	0
9	19336415	19336685	0
9	19376652	19375714	26
9	19376652	19376269	189
9	19376652	19376284	189
9	19376840	19376254	168
9	19378919	19378367	115
9	19379619	19378707	215
9	19380199	19379486	153
9	19380207	19378707	120
9	19380237	19378773	168
9	19380255	19379486	149
9	19383888	19383216	0
9	19408533	19386926	0
9	19463829	19461159	0
9	19521061	19507451	0
9	19521061	19515979	0
9	19786929	19622260	0
9	20353597	20341664	0
9	20353597	20346198	1
9	20353597	20346352	1
9	20353597	20346405	1
9	20354880	20345075	0
9	20354880	20345076	0
9	20360842	20346292	0
9	20360842	20354807	0
9	20363570	20360741	0
9	20363606	20360741	0
9	20363606	20360752	0
9	20365745	20362704	0
9	20365745	20363475	0
9	20382472	20354807	0
9	2039901	2041330	12
9	20411963	20410560	0
9	20414426	20365668	0
9	20448267	20413720	0
9	2046024	2041899	13
9	20620835	20413720	0
9	20620835	20456703	0
9	20683939	20683388	1
9	20684689	20683303	0
9	21008147	20999514	3
9	21016011	21011588	3
9	21017911	21015136	0
9	21026724	21015897	2
9	21136351	21135597	0
9	21477036	21455641	0
9	21559670	21477168	1
9	2160620	2161000	0
9	21859426	21861766	62
9	2191409	2192703	5
9	21968772	21968055	10
9	21970468	21969582	6
9	21971209	21967752	6
9	21971209	21967990	6
9	21971209	21968000	6
9	21971209	21968104	11
9	21971209	21968179	13
9	21971209	21968181	13
9	21971209	21968574	10
9	21971209	21969568	14
9	21971333	21967995	6
9	21971333	21970441	14
9	21971347	21970901	11
9	21971401	21970715	10
9	21974828	21970901	8
9	21974859	21970975	6
9	21974867	21970901	6
9	21975099	21970901	7
9	21994054	21970901	0
9	21994069	21989339	0
9	21994412	21970975	0
9	21994625	21970901	0
9	21994850	21995047	0
9	21995302	21970901	0
9	22009273	22005986	0
9	22009364	22002902	0
9	22213350	22203989	7
9	22741521	22703515	0
9	22748309	22741377	0
9	22752817	22748227	0
9	22822086	22765161	0
9	22874320	22822017	0
9	23509758	23500690	0
9	23648460	23604781	0
9	23671818	23666264	0
9	23672388	23671728	0
9	23672400	23671787	0
9	23693487	23690103	0
9	23693487	23690106	0
9	23693487	23691810	2
9	23701605	23690103	0
9	23701605	23693447	0
9	23705072	23701378	0
9	23705072	23701414	0
9	23705072	23701522	0
9	23765100	23762005	0
9	23779376	23762005	0
9	23821276	23765008	0
9	23821481	23762005	0
9	23821849	23762005	0
9	23826066	23762005	0
9	23826175	23765044	0
9	23826338	23762005	0
9	23898055	23894989	0
9	2425541	2421596	0
9	2425541	2422701	0
9	24543755	24542951	0
9	24543755	24543214	0
9	24543755	24543306	0
9	25005	18380	118
9	2503404	2494179	0
9	2506541	2494179	0
9	2506541	2503269	0
9	2506541	2503279	0
9	2536454	2525537	0
9	2536454	2535651	0
9	2536454	2535656	0
9	2570755	2539398	0
9	2621387	2539398	0
9	2621414	2539398	0
9	2622272	2539398	0
9	2622374	2539398	0
9	2643360	2641376	0
9	26861140	26840684	0
9	26861140	26840710	0
9	26861140	26841735	2
9	26861140	26842393	1
9	26866781	26861065	0
9	26869978	26866633	1
9	26884886	26861065	0
9	26884886	26861088	0
9	26884886	26869925	0
9	26884903	26861065	0
9	26886189	26861065	0
9	26892804	26842265	0
9	26907999	26904082	18
9	26910440	26905882	20
9	26910440	26907609	12
9	26910440	26907802	14
9	26910440	26907833	15
9	26917166	26913878	15
9	26917166	26916455	11
9	26919375	26913878	17
9	26919462	26917096	8
9	26919530	26917096	8
9	26920347	26919192	3
9	26920385	26919309	3
9	26925961	26923177	0
9	26926561	26925824	0
9	26926561	26925892	0
9	26956296	26955779	0
9	26996366	26995540	0
9	26996500	26993135	0
9	27247511	27245679	0
9	27247511	27245683	0
9	27278504	27271926	0
9	27278729	27277550	0
9	27280616	27278360	0
9	27280922	27278306	0
9	27284870	27282329	0
9	27286363	27284658	0
9	27286363	27284722	0
9	27292488	27291018	0
9	27294403	27291018	0
9	27294403	27292132	0
9	27294403	27292400	0
9	27294496	27292412	0
9	273003	267965	0
9	27359237	27325208	0
9	27421715	27359023	0
9	27455749	27359033	0
9	27529782	27455132	0
9	27548667	27546544	11
9	27548667	27546545	11
9	27548667	27546554	11
9	27548667	27547107	20
9	27556797	27550649	2
9	27556797	27554592	1
9	27558608	27556455	0
9	27558608	27556560	0
9	27560300	27556560	7
9	27561650	27558490	4
9	27561650	27560226	2
9	27562477	27560500	0
9	27562477	27561548	0
9	27562477	27561584	0
9	27562477	27561589	0
9	2782808	2720468	7
9	28012406	27948077	0
9	28012408	27948085	0
9	2804464	2782755	10
9	2807831	2804256	1
9	2807905	2804163	1
9	2807975	2804166	4
9	28129674	27948085	0
9	28129674	28012354	0
9	2828779	2827072	135
9	28295332	28080604	0
9	28295367	28012354	0
9	28295383	28129650	0
9	28295383	28129655	0
9	2829926	2828474	10
9	2829949	2828674	0
9	28670286	28475926	0
9	28670286	28475939	0
9	28670287	28475926	0
9	2916833	2907072	0
9	2919331	2916694	0
9	2921875	2919098	0
9	2921875	2919238	0
9	2943655	2923190	0
9	2943656	2923190	0
9	2948283	2943506	0
9	2948283	2943564	0
9	29740	24850	16
9	2992556	2948104	0
9	2992556	2992061	0
9	30390358	30388934	1
9	30575013	30446695	0
9	30671429	30670963	0
9	31381491	31371610	0
9	3228890	3218296	7
9	3228890	3218301	7
9	32459515	32455704	1
9	3248186	3228846	0
9	3248186	3247513	6
9	32550969	32540543	7
9	32552480	32552800	14
9	32552554	32540825	12
9	32552554	32550773	4
9	32552651	32552800	12
9	32558955	32552998	6
9	32558955	32553532	9
9	32571053	32553650	7
9	32571053	32558909	5
9	3257200	3247036	0
9	3257200	3248031	0
9	32573185	32558909	4
9	3263085	3256990	0
9	3263085	3257001	0
9	32645027	32643102	0
9	3271119	3270370	0
9	3275613	3270929	0
9	3275613	3271002	0
9	32841763	32840597	0
9	32842381	32836574	0
9	3293259	3288130	0
9	32974562	32972605	7
9	32974562	32972606	7
9	32974562	32972615	8
9	32974562	32972617	8
9	32974562	32972748	9
9	32974562	32972762	9
9	32974562	32973164	11
9	32974562	32973241	8
9	32974562	32973375	10
9	32974562	32973395	11
9	32974562	32973406	11
9	32984858	32974457	12
9	32984858	32980387	11
9	32986031	32974457	10
9	32986031	32984630	3
9	32986031	32984658	3
9	32986031	32984714	3
9	32986031	32984771	3
9	32987732	32985970	0
9	32987763	32985970	0
9	32987843	32985970	0
9	32987847	32974457	7
9	32987847	32984630	0
9	32987847	32985970	0
9	32988125	32985970	2
9	32988125	32987543	14
9	32988130	32985970	2
9	32988130	32987542	11
9	32988130	32987543	11
9	32988130	32987759	15
9	32988135	32985988	2
9	32989896	32984630	6
9	32989896	32985970	5
9	32989896	32987543	15
9	32989896	32987776	17
9	32989896	32988078	13
9	32989896	32988082	13
9	32990089	32987543	10
9	32990089	32988078	8
9	32990089	32988082	9
9	3301621	3293076	0
9	33024988	33019953	10
9	33025111	33015887	5
9	33025113	32989758	0
9	33025169	32989758	1
9	33048259	33041763	17
9	33113879	33110636	44
9	33135425	33104081	1
9	33248422	33247819	4
9	33255928	33248311	5
9	33255928	33252470	4
9	33255928	33255024	32
9	33255928	33255025	32
9	33255928	33255048	33
9	33255928	33255218	37
9	33256807	33255864	14
9	33256909	33255864	12
9	33257672	33255863	3
9	33259034	33256800	3
9	33259034	33257719	4
9	33260442	33256800	4
9	33260489	33258919	11
9	33261120	33258919	8
9	33261170	33258918	4
9	33261170	33258919	4
9	33262247	33261086	6
9	33262831	33261086	3
9	33262831	33262104	1
9	33262831	33262217	1
9	33264560	33262701	3
9	33264572	33262701	3
9	33264671	33262740	9
9	33264675	33262701	12
9	33264706	33262701	3
9	33264721	33262701	2
9	3330518	3293083	0
9	3330518	3301542	0
9	3330518	3301545	0
9	3330518	3323960	0
9	33385867	33383178	0
9	33385867	33384949	0
9	33385867	33385208	0
9	33385867	33385248	0
9	33386196	33384766	0
9	33386196	33385343	0
9	33386196	33385360	0
9	33386196	33385379	0
9	33386196	33385505	0
9	33386196	33385564	0
9	33386196	33385590	0
9	33386196	33385648	0
9	33386542	33385457	0
9	33386542	33386076	0
9	33387093	33386403	0
9	33391574	33386403	0
9	33394177	33386403	0
9	33394278	33386403	0
9	33395196	33385768	0
9	33395196	33386403	0
9	33395196	33386504	0
9	33395196	33386968	0
9	33395196	33394126	0
9	33395196	33394271	0
9	33395235	33386174	0
9	33395236	33386403	0
9	33395236	33386968	0
9	33395246	33386968	0
9	33395269	33394126	0
9	33395514	33386968	0
9	33401288	33385648	0
9	33401288	33386403	0
9	33401288	33386968	0
9	33401288	33395077	0
9	33401673	33401236	0
9	33401881	33401236	0
9	33402467	33401236	0
9	33402497	33401236	0
9	33402509	33401236	0
9	33402515	33401236	0
9	33402520	33401236	0
9	33402555	33401236	0
9	33402587	33401236	0
9	33402653	33401001	0
9	33402681	33401236	0
9	33402683	33401236	0
9	33442519	33441153	0
9	33442519	33441789	4
9	33442971	33441807	0
9	33442971	33442300	0
9	33442971	33442380	0
9	33443110	33442300	0
9	33443459	33442303	1
9	33443459	33442851	7
9	33443481	33442864	7
9	33443893	33442851	0
9	33443893	33443178	0
9	33443893	33443320	0
9	33447510	33443765	0
9	33447554	33443765	0
9	33447583	33443765	0
9	33447597	33441155	0
9	33447597	33443765	0
9	33447634	33443765	0
9	33463135	33461451	52
9	33463921	33461451	52
9	33466988	33461440	20
9	3346765	3330258	0
9	3346765	3330316	0
9	3346765	3344731	0
9	33468146	33467690	35
9	33468873	33462113	48
9	33472121	33469206	2
9	33472121	33470011	4
9	33472121	33470415	2
9	33504592	33503654	0
9	33514326	33512958	0
9	33738417	33732974	0
9	33798558	33785949	0
9	33799914	33798367	0
9	33922879	33921692	32
9	33922879	33921858	135
9	33922879	33922140	71
9	33924001	33923378	14
9	33924285	33923794	10
9	33924285	33923824	10
9	33927081	33926616	0
9	33927993	33926988	0
9	33927993	33927026	0
9	33928836	33926988	27
9	33934355	33933489	9
9	33934365	33933489	9
9	33935879	33933489	5
9	33941712	33935838	0
9	33941863	33935321	1
9	33941863	33935838	1
9	33944640	33943419	0
9	33948588	33944364	1
9	33948588	33944514	1
9	33948967	33944364	0
9	33953475	33948373	2
9	3395589	3346666	0
9	3395597	3346666	0
9	33971755	33960825	0
9	33971755	33963725	0
9	33986838	33963725	0
9	33996334	33988972	0
9	33998865	33996222	0
9	34011665	33996477	0
9	34017190	33994480	0
9	34017190	33998786	0
9	34048888	33998786	0
9	34089591	34086386	6
9	34093449	34089411	2
9	34093780	34089411	2
9	34096782	34093285	4
9	34098518	34096715	0
9	34106495	34098323	0
9	34106495	34098383	0
9	34106495	34098487	0
9	34107566	34106433	0
9	34125278	34107358	0
9	34125278	34107360	0
9	34201400	34201272	2
9	34255166	34252380	22
9	34286705	34271808	0
9	34306442	34271808	0
9	34372833	34372067	1
9	34376854	34366669	0
9	34379733	34379018	0
9	34379776	34379018	0
9	34382870	34381368	0
9	34385782	34382669	0
9	34385782	34382753	0
9	34397530	34385636	0
9	34397833	34385636	0
9	34401123	34398183	34
9	34401721	34398183	40
9	34401721	34398184	40
9	34401721	34398189	40
9	34401721	34401012	0
9	34401721	34401027	0
9	34402468	34401665	2
9	34402808	34402249	2
9	34402808	34402386	2
9	34514543	34514639	0
9	34523042	34521039	0
9	34552330	34551431	0
9	34552330	34551433	0
9	34556419	34552673	0
9	34557693	34556254	0
9	34581206	34568896	0
9	34589707	34568896	0
9	34589738	34581094	0
9	34590124	34581094	0
9	34590141	34581094	0
9	34612105	34610485	14
9	34614102	34613544	23
9	34614102	34613545	23
9	34614102	34613550	23
9	34614199	34613550	25
9	34614741	34613731	18
9	34614769	34613550	18
9	34614769	34613603	20
9	34614769	34614041	12
9	34615012	34614041	19
9	34616114	34614186	30
9	34616114	34614709	41
9	34616453	34614709	35
9	34616744	34613550	31
9	34617972	34614709	19
9	34617972	34616029	27
9	34618761	34617670	1
9	34618761	34617884	0
9	34622110	34621378	0
9	34637090	34634721	71
9	34637413	34636750	68
9	34637421	34635482	64
9	34637421	34635809	68
9	34637421	34636996	63
9	34637684	34636996	67
9	34637733	34636996	56
9	34637797	34635496	65
9	34646787	34647088	12
9	34646787	34647120	12
9	34646868	34647088	12
9	34646920	34647088	15
9	34647259	34647388	54
9	34647259	34647474	57
9	34647259	34647491	60
9	34647259	34647540	60
9	34647259	34647656	60
9	34647259	34647831	60
9	34647259	34648047	60
9	34647259	34648114	60
9	34647568	34647656	61
9	34647706	34647831	79
9	34647962	34648047	18
9	34647962	34648091	18
9	34647962	34648114	18
9	34648457	34648761	73
9	34648895	34648997	84
9	34648908	34648997	80
9	34649082	34649409	62
9	34655318	34655604	27
9	34660601	34660803	44
9	34662417	34661879	1
9	34662417	34661895	0
9	34665191	34661902	13
9	34665374	34662283	3
9	34665374	34664162	6
9	34665374	34665031	19
9	34665496	34665021	10
9	34665681	34665027	6
9	34665681	34665313	2
9	34666050	34665313	7
9	34690024	34689566	0
9	34690239	34689571	0
9	34690343	34689856	0
9	34690343	34689929	0
9	34709683	34709004	0
9	34709898	34709274	0
9	34709898	34709499	0
9	34728083	34723054	0
9	34837127	34832294	0
9	34837127	34832644	0
9	34837700	34837065	0
9	34838494	34837653	0
9	34838498	34837441	0
9	34838587	34837653	0
9	34893153	34889063	0
9	34893153	34889363	0
9	34893153	34889560	0
9	34980253	34982441	0
9	34989380	34985409	0
9	34990612	34993199	0
9	34990813	34993199	0
9	34991417	34993199	0
9	34992987	34993199	0
9	35041157	35042410	1
9	35041157	35042860	1
9	35041441	35042410	1
9	35041441	35042860	1
9	35042381	35042860	1
9	35042486	35042860	1
9	35042566	35042860	1
9	35057531	35056063	89
9	35057531	35056869	89
9	35057834	35057172	97
9	35059220	35057375	44
9	35059802	35059063	86
9	35059893	35059060	85
9	35060526	35059492	25
9	35060924	35059747	31
9	35064286	35062977	2
9	35065382	35064153	0
9	35065382	35064245	0
9	35066818	35065250	1
9	35066818	35065345	0
9	35074433	35073838	67
9	35074495	35073834	55
9	35074495	35073837	55
9	35075083	35074370	120
9	35075326	35074926	115
9	35075510	35074778	70
9	35075755	35075278	46
9	35076566	35074370	58
9	35076584	35075961	49
9	35076853	35076140	55
9	35076871	35076431	36
9	35077400	35076970	53
9	35078344	35077263	35
9	35078344	35077264	35
9	35078647	35077997	16
9	35078737	35077263	27
9	35078737	35078140	13
9	35079242	35078604	11
9	35079670	35078601	14
9	35089451	35088687	24
9	35089451	35088688	24
9	35089451	35088690	24
9	35089451	35088734	24
9	35090281	35089379	29
9	35090670	35089379	28
9	35090673	35088692	27
9	35090673	35090065	35
9	35091292	35090465	21
9	35092768	35090465	121
9	35092768	35091239	143
9	35093210	35091239	23
9	35093210	35092542	14
9	35093581	35093029	16
9	35094025	35088689	19
9	35094025	35093420	10
9	35094360	35090465	14
9	35094360	35093900	16
9	35095567	35091239	12
9	35095567	35094211	16
9	35095567	35094215	16
9	35095977	35095054	8
9	35096255	35095054	7
9	35096481	35095143	10
9	35096549	35095054	10
9	35096551	35094215	9
9	35096577	35095054	7
9	35096602	35095054	8
9	35100727	35099775	30
9	35100727	35099890	35
9	35101012	35099895	28
9	35101812	35101134	32
9	35101812	35101425	34
9	35101963	35101709	6
9	35101963	35101780	7
9	35105858	35104111	51
9	35105858	35104120	51
9	35105858	35104122	51
9	35105858	35104141	51
9	35108350	35106832	24
9	35108350	35107380	20
9	35108738	35107380	10
9	35108738	35108127	4
9	35111424	35108593	5
9	35111575	35107380	2
9	35111589	35108593	2
9	35112393	35108593	2
9	35115851	35108593	1
9	35115863	35108234	0
9	35115863	35108344	3
9	35115897	35108593	0
9	35116342	35108593	0
9	35265	34393	2
9	35265	34487	2
9	35438829	35440391	0
9	35562402	35561831	1
9	35562507	35561948	1
9	35562529	35561830	1
9	35562529	35562379	1
9	35562575	35561834	1
9	35562575	35561947	1
9	35562701	35562379	1
9	35562701	35562399	1
9	35562701	35562403	1
9	35562958	35562156	1
9	35563048	35562648	1
9	35563081	35562648	0
9	35605426	35605473	24
9	35606984	35607326	7
9	35607410	35607581	29
9	35607673	35607927	19
9	35610754	35609532	0
9	35610754	35609978	0
9	35610754	35609984	0
9	35616279	35612847	0
9	35616690	35612847	0
9	35616690	35615942	0
9	35617248	35615942	0
9	35617248	35616169	0
9	35617248	35616599	0
9	35617248	35616602	0
9	35618122	35616565	0
9	35618122	35616893	0
9	35618122	35616938	0
9	35618122	35617175	0
9	35646811	35618013	0
9	35650246	35649294	0
9	35650246	35649302	0
9	35650246	35649367	0
9	35650246	35649426	0
9	35660462	35660556	44
9	35660648	35660745	94
9	35660648	35660765	94
9	35660648	35660773	95
9	35660648	35660939	84
9	35660859	35660939	76
9	35660968	35658874	28
9	35662003	35658876	12
9	35662003	35660093	33
9	35662228	35661837	20
9	35662268	35659343	44
9	35662268	35660093	25
9	35662268	35661518	25
9	35662268	35661712	20
9	35663075	35662511	59
9	35663393	35662178	47
9	35663393	35662511	65
9	35663393	35662945	50
9	35664127	35662966	3
9	35664127	35663321	3
9	35675867	35669583	0
9	35684316	35681991	168
9	35684316	35682013	153
9	35684316	35682268	211
9	35684316	35682925	195
9	35684316	35682931	197
9	35684316	35682936	192
9	35684551	35684040	78
9	35684551	35684245	52
9	35684803	35684487	73
9	35684808	35684487	73
9	35685140	35684250	194
9	35685140	35684487	194
9	35685340	35684487	211
9	35685340	35684731	178
9	35685340	35685063	171
9	35685467	35685268	32
9	35685544	35684750	137
9	35685552	35685144	32
9	35685552	35685268	23
9	35698173	35696947	14
9	35698506	35698043	0
9	35703677	35700190	2
9	35703901	35703558	1
9	35703901	35703559	1
9	35704175	35703774	28
9	35704194	35703774	26
9	35704416	35703782	84
9	35704499	35703990	27
9	35704783	35704331	36
9	35704816	35704331	39
9	35705671	35704322	35
9	35707489	35707071	4
9	35707875	35704668	20
9	35707893	35707347	8
9	35707968	35707355	11
9	35710684	35708340	1
9	35710887	35710560	1
9	35724080	35722860	5
9	35724335	35723103	5
9	35724335	35723951	0
9	35733144	35733214	14
9	35737940	35736865	126
9	35737940	35736866	127
9	35738153	35737747	123
9	35738153	35737911	99
9	35738375	35738036	208
9	35738633	35738231	219
9	35738636	35736866	110
9	35738904	35738052	103
9	35738904	35738525	93
9	35739042	35738751	16
9	35739110	35738751	10
9	35739111	35738366	78
9	35741891	35740824	47
9	35742030	35740824	57
9	35743327	35741319	52
9	35744392	35743275	31
9	35744413	35741671	38
9	35744707	35744296	1
9	35750742	35750839	21
9	35752803	35753895	87
9	35753769	35752989	81
9	35753769	35752991	69
9	35754270	35753659	86
9	35756614	35753659	87
9	35757941	35756711	39
9	35808684	35808754	6
9	35809513	35808044	3
9	35809878	35808130	4
9	35810292	35809794	2
9	35810310	35808044	3
9	35810310	35808046	3
9	35810310	35809403	4
9	35810310	35809818	3
9	35810310	35809835	4
9	35810310	35809866	4
9	35810310	35810003	6
9	35810554	35808044	3
9	35810554	35809403	8
9	35810554	35810246	9
9	35810683	35808044	3
9	35810683	35809403	4
9	35810683	35810246	7
9	35810683	35810438	6
9	35811058	35810207	6
9	35811058	35810255	7
9	35811058	35810438	6
9	35811058	35810636	6
9	35811075	35810636	4
9	35813339	35812959	15
9	35813368	35812960	15
9	35813520	35813265	9
9	35813550	35812973	9
9	35813550	35813265	8
9	35813695	35813444	8
9	35813771	35812959	6
9	35813785	35813265	10
9	35813785	35813444	10
9	35815353	35813265	8
9	35818507	35813643	0
9	35819010	35816390	0
9	35819010	35817016	0
9	35819010	35817913	0
9	35819395	35818889	0
9	35820001	35818889	0
9	35820001	35819196	0
9	35820001	35819343	0
9	35820001	35819374	0
9	35826162	35825229	0
9	35826938	35825563	0
9	35826970	35825890	0
9	35828733	35821437	0
9	35828733	35825563	0
9	35828748	35825563	0
9	35846069	35846257	0
9	35861	35059	0
9	35872	34964	1
9	36217601	36214443	27
9	36218300	36214440	117
9	36218300	36216765	36
9	36218300	36216942	36
9	36218300	36217151	14
9	36218300	36217188	15
9	36218300	36217189	15
9	36276977	36264972	3
9	36277043	36246030	1
9	36277057	36249191	2
9	36304925	36303498	7
9	36342425	36336395	6
9	36342425	36336403	6
9	36342425	36339580	6
9	36356474	36353169	2
9	36357943	36356302	2
9	36357943	36356339	1
9	36369933	36357774	0
9	36372594	36369718	0
9	36376128	36369718	0
9	36376128	36369722	0
9	36376128	36372495	0
9	36390617	36375933	0
9	36390617	36376007	0
9	36400300	36375933	0
9	36400873	36375933	0
9	36400924	36375933	0
9	36401199	36375933	0
9	368136	369221	0
9	368136	370229	0
9	368301	370229	0
9	36846930	36833274	0
9	36846930	36840171	0
9	36846930	36840550	0
9	36846930	36840557	0
9	36882106	36840171	0
9	36882106	36840550	0
9	36882106	36846842	0
9	3689627	3684075	1
9	36923485	36840171	0
9	36923485	36840550	0
9	36923485	36846842	0
9	36923485	36882003	0
9	36930945	36840550	0
9	36930945	36846842	0
9	36930945	36882003	0
9	36930945	36923354	0
9	369448	370229	0
9	36966590	36922693	0
9	36966725	36840171	0
9	36966725	36840550	0
9	36966725	36846842	0
9	36966725	36882003	0
9	36966725	36923354	0
9	37002753	36840557	0
9	37015195	37006472	0
9	37020802	37006472	0
9	37034032	37006472	0
9	37075793	37073530	0
9	37115491	37112547	0
9	37270	35059	1
9	37384435	37383177	0
9	37425995	37426537	13
9	37428573	37429731	60
9	37429837	37430510	17
9	37430647	37432007	63
9	37465400	37438113	2
9	37516086	37510891	17
9	37516086	37512546	14
9	37518439	37514993	7
9	37518439	37515903	8
9	37521839	37518124	4
9	37522978	37521568	1
9	37522978	37521717	1
9	37522978	37522346	1
9	37541775	37537109	0
9	37575662	37541555	0
9	37576254	37541183	0
9	37576324	37541183	0
9	37586167	37582645	25
9	37588875	37531908	0
9	37588875	37541183	0
9	37588933	37541339	0
9	37588933	37586037	13
9	37592470	37588810	35
9	37592470	37588812	35
9	37592597	37588641	29
9	37592598	37588412	17
9	37592605	37588457	20
9	37592643	37588412	23
9	37693266	37588412	0
9	37728029	37693141	0
9	37780881	37766977	21
9	37782138	37779713	13
9	37782138	37780690	13
9	37782138	37780805	12
9	37784064	37727927	0
9	37784064	37780274	10
9	37784064	37780587	12
9	37784064	37780606	13
9	37784064	37781803	14
9	37784064	37781985	12
9	37784714	37783913	8
9	37784746	37783871	7
9	37784746	37783913	8
9	37785058	37783913	8
9	37785062	37783913	8
9	37785065	37783913	8
9	37800710	37783913	1
9	37801438	37783913	5
9	37832142	37783913	2
9	37881632	37879399	2
9	37899951	37832062	0
9	37899951	37881517	0
9	37899951	37887603	0
9	37899951	37887650	1
9	37948755	37899828	0
9	37948755	37919133	0
9	3829493	3824126	5
9	3829493	3825254	22
9	3829493	3827682	4
9	3829493	3827697	4
9	38411550	38408993	0
9	38541563	38540566	22
9	38541563	38540568	22
9	38541563	38540682	24
9	38542590	38541455	27
9	38542793	38541455	27
9	38543056	38540568	4
9	38543056	38542311	54
9	38543056	38542478	60
9	38543157	38541288	50
9	38543216	38542388	62
9	38543364	38542311	58
9	38543364	38542947	96
9	38543497	38543252	99
9	38544639	38540568	8
9	38545373	38542311	14
9	3856185	3829309	0
9	38568423	38542947	18
9	38571153	38543238	2
9	38571202	38543238	3
9	38571202	38543460	7
9	38572060	38571121	10
9	38573130	38572005	1
9	38575699	38571357	0
9	38575699	38573083	0
9	38601205	38595485	6
9	38603213	38601130	0
9	38603213	38601168	0
9	38704003	38694262	0
9	38704003	38694265	0
9	3879596	3855436	0
9	3879596	3856008	0
9	3898836	3879426	0
9	39078457	39072766	4
9	39078457	39073673	7
9	39078921	39078384	22
9	39085824	39078302	9
9	39085824	39078689	9
9	39085824	39078817	8
9	39086149	39085735	12
9	39086850	39085735	1
9	39088474	39086715	0
9	39088648	39084976	0
9	39088648	39086715	0
9	39100151	39088422	0
9	39102716	39088422	0
9	39102716	39099814	1
9	39102716	39099910	0
9	39103915	39102496	1
9	39106608	39103690	0
9	39109288	39103680	0
9	39109288	39103743	0
9	39118260	39103678	0
9	39118260	39109159	0
9	39133133	39109159	0
9	39133133	39117926	2
9	39133133	39118102	2
9	39133136	39118102	2
9	39140577	39132931	0
9	39140618	39139749	0
9	39140639	39118102	0
9	39140639	39132931	3
9	39166077	39140518	0
9	39166077	39149805	0
9	39176093	39171368	2
9	39176093	39172785	0
9	39193276	39178156	0
9	3932471	3898253	0
9	3932471	3898690	1
9	3932919	3932359	0
9	39369106	39359889	0
9	3937190	3932359	0
9	3937190	3932794	0
9	39385519	39384505	0
9	39397407	39395736	0
9	39405306	39385411	0
9	39456605	39444303	0
9	39508886	39456879	0
9	39749687	39748513	0
9	3975200	3937027	0
9	39778567	39749458	0
9	39778945	39777349	0
9	39809616	39778893	1
9	39809616	39807694	15
9	39810014	39809485	37
9	39810055	39778330	1
9	39810059	39807380	15
9	39810064	39807360	15
9	39810098	39809485	26
9	39818924	39817529	3
9	39818925	39816541	3
9	39818925	39816599	3
9	39874207	39863832	2
9	39887561	39818820	4
9	39988565	39983792	0
9	40106612	39990509	0
9	40106662	39887449	0
9	40191765	40187791	0
9	40324086	40324550	4
9	40324086	40324586	4
9	40324086	40324683	6
9	40324183	40324550	4
9	40324803	40324888	7
9	40324803	40324984	7
9	40324803	40325461	7
9	40324803	40325587	6
9	40325093	40325461	6
9	40325731	40326283	2
9	40325731	40326317	2
9	40325731	40328917	2
9	40326446	40327942	2
9	40326446	40328917	2
9	40328106	40328917	0
9	4035043	3937093	0
9	40482418	40481557	22
9	40482418	40481558	22
9	40566282	40505398	0
9	40612367	40611251	10
9	4071885	4070905	0
9	40758334	40755406	0
9	40761053	40758254	0
9	4081362	3937027	0
9	41025854	41006998	58
9	41039766	41031370	9
9	41040551	41039610	1
9	41074449	41053736	5
9	41074618	41053736	6
9	41102532	41100983	0
9	41102842	41100793	0
9	41132358	41131305	19
9	41132358	41131307	19
9	41132358	41131308	19
9	41132358	41131324	19
9	41132358	41131355	19
9	41132358	41131357	19
9	41132358	41131675	19
9	41132358	41131676	19
9	41132358	41131677	19
9	41132358	41131678	19
9	41132358	41131702	19
9	41133571	41132227	26
9	41133743	41131355	14
9	41133743	41133504	9
9	41134035	41133504	17
9	41145333	41133673	3
9	41145993	41133673	7
9	41156440	41145280	6
9	41156440	41145317	3
9	41157202	41145280	1
9	41158330	41156382	38
9	41158917	41145280	1
9	41161022	41145280	1
9	41161022	41156382	33
9	41161022	41156394	33
9	41161724	41156382	7
9	41162378	41145280	3
9	41162378	41156382	28
9	41165088	41162332	2
9	41166831	41162332	2
9	41166831	41164132	1
9	41166831	41165000	1
9	41166831	41165023	1
9	41171935	41166783	0
9	41171935	41170283	0
9	41172750	41166783	0
9	41172750	41170278	0
9	41172750	41170283	0
9	41172750	41171846	0
9	41172750	41171919	0
9	4118018	3937027	0
9	4118882	3937027	0
9	4125942	4117767	0
9	4125942	4118744	0
9	4125942	4123693	0
9	41273998	41269915	9
9	41311274	41310815	0
9	41341612	41340999	2
9	4145194	4118744	0
9	4151057	3937027	0
9	41688125	41687110	0
9	41694536	41657707	0
9	41694536	41687825	0
9	41698911	41694383	0
9	41698961	41694356	0
9	41698973	41694383	0
9	41699073	41694356	0
9	41898534	41890313	12
9	41898534	41891886	1
9	41898534	41892869	3
9	41898534	41893836	3
9	41899000	41898461	2
9	41899000	41898495	2
9	41899945	41898471	8
9	41905956	41898461	8
9	41905956	41898768	3
9	41905956	41898896	1
9	41905956	41904889	13
9	41906280	41905867	14
9	41906341	41898768	8
9	41906984	41906180	12
9	41906988	41905867	15
9	41908571	41906853	0
9	41908682	41906853	0
9	41908782	41905097	0
9	41908782	41906853	0
9	41920310	41906853	0
9	41924094	41922676	3
9	41926779	41923868	1
9	41929445	41923859	2
9	41929445	41923922	2
9	41938401	41929316	5
9	41953208	41929316	0
9	41953384	41938059	0
9	41953384	41938062	0
9	41953384	41938243	0
9	41953387	41929316	0
9	41953387	41938243	0
9	41960893	41938243	0
9	41960893	41953182	1
9	41960893	41960002	0
9	41986312	41960772	0
9	41986312	41970073	0
9	41996349	41991609	4
9	41996349	41993026	6
9	42013526	41998400	0
9	42568915	42566992	4
9	42569311	42568784	21
9	42569354	42566678	2
9	42583352	42579413	5
9	42668888	42667505	5
9	42821060	42817104	0
9	4286524	4118744	1
9	4286524	4125733	0
9	4298497	4118744	0
9	4298497	4125733	0
9	4298497	4286037	0
9	4299595	4286037	0
9	4299837	4118529	3
9	4299917	4285538	0
9	4299917	4286037	0
9	4308969	4285538	0
9	43110729	43109865	8
9	454607	452491	0
9	454607	452492	0
9	45505	24891	0
9	456208	454506	0
9	456704	454303	0
9	456704	454438	0
9	456704	454446	0
9	456704	454575	0
9	456704	454584	0
9	456989	454431	0
9	457048	456203	0
9	457048	456520	0
9	457048	456529	0
9	457048	456544	0
9	458282	456210	0
9	4596531	4588820	0
9	459867	456914	0
9	459867	457003	0
9	4600810	4553385	0
9	4600810	4588820	0
9	4600810	4596434	0
9	460228	458369	0
9	4604270	4600609	0
9	4604270	4600610	0
9	4604270	4600652	0
9	460508	456200	0
9	4605441	4600519	0
9	4625567	4622407	0
9	4626556	4622407	0
9	4626556	4625216	1
9	4626556	4625326	0
9	4626556	4625403	1
9	4627857	4625326	0
9	4627857	4625508	0
9	4627857	4626425	0
9	4629169	4625326	0
9	4629169	4626425	0
9	4629169	4627752	0
9	4635400	4625525	0
9	4635400	4625637	0
9	4635400	4629090	0
9	464279	465072	0
9	4646529	4635274	0
9	4656090	4635274	0
9	4656090	4646298	0
9	4656090	4646486	0
9	466066	459715	0
9	466070	456200	0
9	466070	456914	0
9	466070	459715	0
9	4662037	4629090	0
9	4662037	4635274	0
9	4666257	4661898	0
9	4666308	4661898	0
9	4666348	4661898	0
9	4666400	4661898	0
9	4666424	4661898	0
9	4666437	4661898	0
9	4666450	4661898	0
9	4666465	4663097	10
9	466854	456200	0
9	467391	456517	0
9	4679472	4676599	2
9	4679503	4678818	0
9	469803	456200	0
9	470962	456200	0
9	4718538	4709558	1
9	4718538	4711154	4
9	4718538	4712044	8
9	4718538	4712974	8
9	489067	456200	0
9	4945903	4944669	0
9	5132845	5131978	0
9	5133593	5123879	1
9	5164252	5133424	0
9	5164266	5133424	0
9	5185648	5164178	0
9	5185669	5163862	0
9	52615	45407	0
9	5304197	5299875	0
9	5304970	5299867	0
9	5339397	5334968	0
9	5339874	5334968	0
9	5361188	5357972	1
9	5361889	5361077	0
9	5382032	5361757	0
9	5431984	5361757	0
9	5431984	5361780	0
9	5431984	5381862	0
9	5431984	5392332	0
9	5462969	5463074	18
9	5720245	5719020	0
9	5765573	5765661	2
9	5787309	5765075	9
9	5787594	5784570	24
9	5787594	5784572	24
9	5787594	5786642	13
9	5787594	5787034	8
9	5787594	5787060	5
9	5813036	5812124	0
9	5824002	5812736	0
9	5824002	5812888	0
9	5890937	5891054	0
9	5910708	5881595	0
9	5910708	5898936	3
9	5921098	5913857	1
9	5924846	5919007	0
9	5924846	5919021	0
9	5924846	5919631	19
9	5969437	5954015	0
9	5988546	5968018	0
9	6007902	5968176	0
9	6015613	6013497	114
9	6015626	6013865	125
9	60927823	60918580	0
9	60944324	60943310	0
9	60956487	60955251	0
9	60964133	60944216	0
9	60964186	60955482	0
9	61066553	61063751	0
9	61192457	61193820	0
9	61203447	61194210	0
9	61231864	61229912	0
9	61862568	61861852	12
9	61866966	61865754	2
9	61899819	61898804	0
9	61906556	61899519	0
9	61910994	61906403	0
9	61910996	61906373	0
9	61911023	61906376	0
9	61945137	61944231	0
9	61972564	61973502	1
9	61972671	61973502	1
9	62350560	62349940	0
9	62351537	62350142	0
9	62376127	62375327	5
9	62376383	62374461	13
9	62376781	62376252	29
9	62376784	62374127	8
9	62376837	62375331	8
9	62390822	62387170	0
9	62432980	62434066	4
9	62476334	62474947	5
9	62532689	62532802	15
9	62532933	62533657	8
9	62533114	62533657	6
9	62607749	62606796	0
9	62859194	62857832	6
9	62864958	62861381	5
9	62867111	62856998	4
9	62867111	62859071	3
9	62867111	62865596	1
9	62867877	62866966	8
9	62868234	62866966	5
9	62869301	62866966	4
9	62869305	62866966	4
9	62869305	62867696	8
9	62869305	62867707	8
9	62869305	62868138	7
9	62869869	62868196	6
9	62873692	62869189	3
9	62876615	62873366	2
9	62877429	62873592	1
9	62897708	62869189	6
9	62897778	62869189	10
9	62897980	62898703	16
9	62898088	62869189	4
9	62898161	62898703	13
9	63117072	63112427	4
9	63121844	63111254	5
9	63121844	63112427	4
9	63121844	63113777	4
9	63121844	63116963	5
9	63122372	63113939	1
9	63124293	63121690	5
9	6328963	6330181	0
9	63309313	63299452	65
9	63317933	63317066	39
9	63372979	63309141	14
9	63373469	63372802	4
9	63803694	63802143	2
9	63805862	63803556	1
9	63811648	63804040	0
9	63811648	63804783	0
9	63814160	63811490	0
9	63833449	63832126	31
9	63986284	63974761	0
9	6413356	6413482	234
9	6449559	6415144	0
9	64622422	64621559	20
9	64706400	64705733	0
9	64765536	64765053	3
9	64881878	64878789	0
9	6493933	6495584	133
9	65190661	65189994	2
9	65221104	65219986	9
9	65223263	65220966	7
9	65223666	65222858	4
9	65288533	65287913	0
9	6534180	6532466	0
9	6534789	6532463	0
9	6534789	6532466	0
9	6534789	6532468	0
9	6534789	6532481	0
9	6534789	6532502	0
9	6534789	6532506	0
9	6534789	6532508	0
9	6534789	6532556	0
9	6534789	6532652	0
9	6534789	6532898	0
9	6534789	6532920	0
9	6550915	6536063	0
9	6550915	6540050	0
9	6558685	6556152	0
9	6558685	6557919	0
9	65648306	65646981	2
9	6565430	6557665	0
9	6565430	6558558	1
9	6565440	6558558	1
9	6565499	6558558	1
9	6565561	6558471	0
9	6565862	6558558	0
9	65703015	65704330	20
9	65707153	65708901	23
9	65731868	65732946	18
9	65731868	65732992	18
9	65731868	65733509	18
9	65733123	65733509	17
9	6585076	6565353	0
9	65868479	65865189	4
9	6587284	6565353	0
9	65873251	65868370	8
9	65875700	65873097	4
9	6589293	6588617	0
9	6592224	6589194	0
9	6592224	6589206	0
9	6592991	6592142	0
9	6593095	6591847	0
9	6595120	6592850	0
9	66020817	66014524	0
9	6602206	6595013	0
9	6602206	6595027	0
9	66023726	66022660	0
9	66024339	66023595	0
9	66026676	66024255	0
9	66049990	66047083	0
9	66050024	66047086	2
9	66050024	66047112	2
9	66050846	66047086	2
9	66050846	66047169	2
9	66050846	66049861	3
9	66050858	66049861	3
9	66050908	66049861	3
9	66051417	66050576	6
9	66051719	66050576	3
9	66051755	66051212	7
9	66052300	66051502	3
9	66052735	66051502	4
9	6605279	6604587	0
9	6605371	6604587	0
9	66055007	66050576	2
9	6606150	6605130	0
9	6606670	6605130	0
9	6606670	6605275	0
9	6610357	6606591	0
9	66113100	66109393	0
9	66113552	66106814	0
9	66114691	66112918	0
9	66114691	66113042	0
9	66114691	66113047	0
9	66134515	66131727	0
9	66141118	66134399	0
9	66141118	66134483	0
9	66143853	66141061	0
9	66149063	66144898	0
9	66149340	66148825	0
9	66149340	66148888	0
9	66153095	66148825	0
9	66162203	66159953	0
9	66164905	66164294	0
9	66171431	66164523	0
9	6620320	6610191	0
9	6620320	6610255	0
9	66206722	66204895	0
9	66254034	66253423	2
9	6644565	6620183	0
9	6644693	6620183	0
9	6644792	6610191	0
9	6644831	6620183	0
9	66642278	66641313	0
9	66990506	66986303	0
9	67206812	67203634	0
9	67515394	67512033	0
9	67719179	67717410	12
9	677629	674123	0
9	681047	673477	0
9	68247710	68248805	10
9	68268979	68269599	19
9	68268979	68270301	24
9	68269723	68269851	18
9	68269897	68270301	31
9	68273004	68273035	8
9	68273198	68274881	9
9	68297818	68298963	21
9	68299094	68299480	7
9	68326955	68328579	0
9	68356347	68355188	0
9	68357853	68355188	0
9	68398167	68393882	0
9	68398690	68397932	0
9	68399150	68398047	0
9	68399154	68393880	0
9	68399272	68395692	0
9	68399272	68397932	0
9	68399272	68398091	0
9	68406447	68399082	0
9	68406455	68399082	0
9	68406501	68405723	0
9	68540868	68536579	0
9	68545625	68543540	0
9	68789671	68788306	0
9	68824291	68822402	0
9	68843276	68824129	0
9	69246791	69248011	14
9	69251365	69252814	11
9	69252901	69254208	48
9	69305078	69296681	0
9	69305078	69296684	0
9	69377478	69377610	0
9	69383119	69383445	11
9	69385948	69386558	0
9	69385948	69388157	0
9	69387684	69388157	3
9	69428722	69428247	0
9	69432677	69427529	0
9	69456433	69452121	0
9	69457140	69456246	0
9	69457140	69456278	0
9	69467949	69457052	0
9	69467969	69458155	0
9	69517280	69476047	0
9	69718685	69718020	104
9	69718685	69718137	105
9	69723572	69718649	14
9	69723631	69709521	9
9	69723631	69718649	9
9	69732353	69723325	6
9	69734255	69732138	0
9	69734259	69731931	0
9	69741859	69734149	0
9	69750951	69741515	0
9	69750951	69741791	0
9	69759942	69734149	0
9	69759943	69750780	1
9	69759956	69750780	1
9	69759960	69757122	2
9	69820668	69819404	0
9	69820684	69819826	0
9	69820740	69818982	0
9	70079360	70071589	0
9	70079360	70071708	0
9	70082075	70033920	0
9	70082075	70034087	0
9	70082075	70060556	0
9	70082075	70062534	0
9	70082075	70071580	0
9	70082075	70071607	0
9	70082075	70079245	0
9	70082663	70081973	0
9	70082901	70081492	0
9	70082901	70081973	0
9	70082901	70082621	0
9	70087631	70033920	0
9	70087631	70062579	0
9	70087631	70062879	0
9	70087631	70081973	0
9	70087631	70082602	0
9	70087631	70082804	0
9	70087631	70083405	0
9	70088425	70087538	0
9	70088495	70085815	0
9	70088495	70087418	0
9	70088495	70087589	0
9	70089237	70087418	0
9	70154242	70147980	0
9	70154242	70153133	0
9	70157541	70154147	0
9	70157743	70153133	0
9	70171125	70153133	0
9	70171125	70154147	0
9	70171125	70157511	0
9	70172768	70171998	0
9	70172866	70169641	0
9	70175833	70171037	0
9	70175884	70171037	0
9	70216422	70193996	8
9	70218486	70216285	3
9	70258867	70218314	0
9	70414625	70384596	0
9	70537406	70535032	0
9	70549675	70529062	0
9	70549675	70535051	0
9	70549675	70535943	0
9	70549675	70535952	0
9	70549675	70537121	0
9	70591206	70553159	0
9	70598671	70553159	0
9	70761725	70681505	0
9	70784280	70760687	0
9	70784280	70761600	0
9	70784280	70774087	0
9	70811245	70784104	0
9	70828019	70783859	0
9	70828019	70784104	0
9	70828019	70811169	0
9	70843128	70824435	0
9	70843128	70827846	0
9	70846592	70842918	0
9	70846592	70843002	0
9	70863039	70846377	0
9	70863113	70846377	0
9	70864512	70862907	0
9	70864512	70862921	0
9	71121599	70864431	0
9	71446836	70864431	0
9	71446905	70864431	0
9	71685847	71683365	202
9	71685847	71683371	199
9	71685847	71683984	273
9	71685847	71685055	30
9	71687429	71683570	47
9	71698205	71694508	5
9	71698242	71694508	4
9	71700825	71697827	11
9	71700825	71697984	10
9	71700825	71699191	17
9	71704804	71700641	0
9	71704814	71700641	0
9	71704933	71700641	0
9	71709331	71704594	2
9	71709475	71704416	1
9	71709475	71704594	1
9	71709475	71704799	5
9	71730254	71729844	0
9	71730915	71730047	0
9	71730985	71730152	0
9	71732521	71730047	0
9	71750386	71746200	3
9	71768387	71750042	2
9	71768514	71750000	3
9	71768885	71750042	1
9	71815293	71750318	0
9	71867007	71862451	6
9	71870263	71865151	4
9	71870263	71866798	7
9	71910743	71874613	0
9	71910932	71874613	0
9	72056197	72051375	0
9	72056197	72051382	0
9	72248339	72250749	176
9	72248407	72250749	159
9	72250842	72251811	192
9	72357057	72351424	39
9	72357057	72354457	39
9	72357057	72355832	21
9	72357057	72355954	25
9	72359522	72356930	27
9	72359522	72356945	27
9	72360785	72360109	32
9	72360788	72360109	32
9	72363607	72360627	64
9	72364347	72360627	70
9	72364593	72360627	70
9	72364665	72360627	54
9	72364977	72360437	54
9	72365236	72360627	16
9	72872232	72871727	0
9	72906033	72900661	0
9	72917105	72911957	0
9	72918823	72916919	0
9	72924133	72916968	0
9	72924133	72918719	0
9	72925613	72923848	0
9	72925613	72924018	0
9	72925613	72924049	0
9	72925613	72924088	0
9	72927178	72925483	0
9	72927178	72925507	0
9	72929022	72926982	0
9	72929022	72927115	0
9	730249	731157	2
9	73080396	73054054	0
9	73080443	72952934	0
9	731267	732377	22
9	732618	734747	34
9	73375	52451	0
9	73866	52451	0
9	73871617	73870895	0
9	744590	745172	39
9	74486290	74485550	0
9	74728346	74722494	0
9	74800483	74796740	0
9	74808175	74803793	0
9	74820428	74816891	0
9	74821838	74820231	0
9	74821838	74820303	0
9	74827950	74821668	0
9	74827950	74826756	0
9	74858749	74855526	0
9	74952887	74946580	15
9	74985011	74981019	11
9	74996561	74984906	4
9	74998777	74996446	3
9	74999871	74998597	0
9	74999871	74998609	0
9	75016037	75009827	3
9	75016432	74999729	0
9	75017449	75016267	0
9	75027100	75017252	0
9	75028395	75017252	0
9	75028424	75016848	0
9	75066841	75060572	0
9	75066841	75061199	0
9	75066841	75061201	0
9	75067206	75061199	0
9	75083151	75077489	1
9	75083151	75078325	0
9	75087812	75082708	0
9	75088136	75087543	0
9	75088191	75083086	0
9	75088210	75083086	0
9	75088218	75083086	0
9	76288082	76286493	0
9	76388287	76385545	7
9	76388657	76385516	6
9	76388657	76386980	5
9	76388657	76387283	9
9	76388657	76387307	8
9	76388657	76388182	4
9	76392570	76388553	1
9	76394518	76387583	5
9	76394518	76388553	0
9	76615163	76614007	1
9	76619388	76611375	1
9	76619388	76611376	1
9	76619388	76611480	1
9	76619388	76614449	1
9	76629291	76611480	0
9	76629291	76614288	0
9	76637550	76611375	0
9	76637550	76611376	0
9	76641981	76638185	0
9	76644910	76638185	0
9	76644910	76641971	0
9	76644913	76638185	0
9	76645139	76641946	0
9	76652550	76644738	0
9	76652684	76638185	0
9	76652684	76644496	0
9	76652684	76644738	0
9	76655503	76651967	0
9	76655503	76652482	0
9	76711359	76703336	0
9	76713722	76704760	0
9	76736616	76737715	0
9	76736616	76738658	0
9	76737787	76738658	0
9	76783888	76784115	0
9	76823727	76713562	0
9	76823727	76788343	0
9	76826733	76823247	0
9	76826733	76823631	0
9	76846679	76826579	0
9	76850666	76846514	0
9	76850666	76846598	0
9	76869183	76854103	0
9	76906042	76854103	0
9	76906086	76854103	0
9	76906088	76854103	0
9	77177995	77176759	0
9	77178181	77176759	0
9	77425716	77423078	0
9	77425716	77424127	0
9	77529254	77434367	0
9	77648308	77529068	0
9	77728668	77716086	0
9	77797649	77794462	0
9	77815771	77797519	0
9	77815771	77797527	0
9	7800068	7796489	4
9	7800149	7798198	15
9	78248874	78250245	16
9	7834007	7798343	0
9	79137178	79135436	0
9	79138711	79135421	0
9	79138711	79136626	0
9	7932171	7930826	0
9	79507000	79505857	0
9	79527865	79517952	0
9	79532343	79505803	0
9	79532343	79515642	0
9	7961081	7960412	0
9	79886679	79874695	0
9	80870556	80869757	0
9	81584525	81583682	0
9	81610297	81593024	0
9	81610297	81599864	0
9	81611960	81610219	3
9	81612394	81611842	5
9	81613522	81611768	1
9	81613522	81611805	1
9	81613523	81611768	1
9	81620540	81616645	0
9	81620558	81616645	0
9	81633365	81620440	0
9	81633365	81620453	0
9	81634302	81633347	10
9	81652289	81633468	0
9	81652289	81634096	0
9	81654037	81634096	2
9	81931369	81928020	0
9	81946487	81930225	0
9	81967689	81946389	0
9	81967689	81946437	0
9	81974248	81967535	0
9	82061671	82057646	0
9	82990468	82979584	0
9	83063129	83025774	0
9	83063178	83054659	0
9	8317943	8317276	0
9	8319967	8314245	0
9	8319967	8314246	0
9	8319967	8317403	0
9	8319967	8317404	0
9	8319967	8317703	0
9	83248517	83242989	14
9	83267288	83248054	0
9	83281609	83247971	1
9	83290728	83244621	0
9	83290728	83244625	0
9	83290728	83248054	0
9	83298817	83290602	0
9	83298817	83297531	0
9	83664044	83659962	10
9	83664044	83659970	10
9	83664044	83661428	3
9	83664044	83661901	10
9	83664044	83661910	10
9	83677962	83665029	3
9	83677962	83666349	6
9	83677962	83669184	7
9	83678600	83677726	0
9	83678600	83677751	0
9	83742030	83739420	0
9	83742030	83739424	0
9	83742030	83739503	0
9	83768971	83753257	0
9	83780405	83753257	0
9	83780405	83768817	1
9	83780405	83768916	0
9	83784839	83780381	0
9	83788679	83784714	0
9	83789106	83784793	0
9	83806561	83799184	0
9	83817128	83806301	0
9	83817128	83806354	0
9	83817297	83816995	0
9	83817633	83816995	0
9	83817743	83816995	0
9	83817745	83816995	0
9	83818122	83816995	0
9	83837144	83837407	14
9	83837300	83837407	10
9	83842402	83836697	0
9	83850298	83842236	1
9	83859161	83859277	8
9	83859372	83853628	0
9	83867861	83859155	0
9	83870633	83867683	0
9	83880495	83859155	0
9	83880495	83870518	0
9	83884019	83870518	0
9	83884019	83880117	0
9	83884019	83880296	0
9	83899805	83891294	0
9	83899805	83898695	0
9	83944990	83938310	0
9	83944990	83938313	0
9	83955641	83944793	0
9	83955641	83953647	0
9	83970332	83968082	142
9	83970332	83968083	142
9	83970332	83968196	98
9	83970332	83968908	106
9	83970332	83969415	104
9	83970787	83969197	117
9	83970820	83969495	120
9	83970820	83970161	101
9	83970820	83970312	134
9	83972973	83971881	36
9	83973400	83972843	26
9	83973974	83973285	29
9	83973974	83973291	29
9	83974590	83973285	28
9	83975506	83974516	170
9	83975771	83974516	158
9	83977052	83974516	131
9	83977052	83975461	129
9	83977787	83976507	8
9	83977787	83976994	11
9	84279386	84275456	0
9	84290280	84288047	0
9	84305346	84302199	0
9	84309715	84305253	0
9	84309715	84305275	0
9	8436690	8404536	0
9	8437240	8436591	0
9	8438821	8436646	0
9	8449838	8436591	0
9	8484260	8470994	0
9	8484379	8470994	0
9	8485325	8484118	0
9	8485328	8484118	0
9	8485637	8484237	0
9	8486350	8485226	0
9	8492980	8485761	0
9	8492980	8485762	0
9	8504406	8484118	0
9	8504406	8485226	0
9	8525036	8521276	0
9	8525036	8523512	0
9	8525037	8521276	0
9	8525047	8524924	0
9	8526645	8524924	0
9	8527354	8524924	0
9	8528780	8524924	0
9	8528780	8524948	0
9	8528780	8525038	0
9	8528780	8526626	0
9	8528780	8527344	0
9	8528780	8528151	0
9	85401964	85370218	0
9	85575476	85546538	0
9	85575476	85546539	0
9	85575476	85546541	0
9	85575476	85546670	0
9	85575476	85553872	0
9	85655321	85646320	0
9	85657644	85646320	2
9	85657644	85655142	1
9	85660974	85657434	1
9	85660974	85657437	1
9	85669579	85655215	2
9	85669579	85657453	0
9	85764802	85756041	0
9	85765113	85764743	0
9	85786530	85786002	1
9	85786552	85785721	0
9	85786552	85785998	1
9	85786552	85786000	1
9	85788039	85786437	0
9	85791537	85786437	0
9	85791540	85786437	0
9	86033396	86026145	6
9	86033396	86026146	6
9	86035626	86033281	3
9	86036508	86035367	1
9	86036508	86035587	1
9	86036814	86035394	10
9	86040869	86036347	5
9	86046573	86040738	0
9	86046573	86040740	0
9	86052592	86046469	12
9	86077540	86052536	0
9	86077592	86046469	0
9	86077592	86052536	0
9	86078013	86077411	0
9	86079342	86052536	0
9	86079342	86077411	1
9	86079342	86077480	1
9	86228031	86220264	0
9	86228031	86221473	0
9	86228031	86227310	0
9	86228031	86227332	0
9	86229630	86221469	0
9	86229630	86227543	0
9	86229630	86227854	0
9	86229631	86227854	0
9	86259605	86229537	0
9	86259658	86229537	0
9	86272113	86264545	9
9	86272113	86265678	13
9	86272113	86266093	11
9	86272113	86266862	6
9	86301602	86287732	1
9	86301602	86287734	1
9	86301602	86287958	24
9	86323961	86317218	1
9	86323961	86322324	20
9	86324654	86323627	0
9	86325515	86322872	0
9	8633459	8528590	0
9	8633461	8528590	0
9	86337539	86328339	0
9	86338950	86336878	0
9	86338950	86337418	1
9	86343164	86328339	0
9	86345155	86343074	0
9	86345786	86344869	0
9	86345786	86344976	0
9	8636845	8633316	0
9	8636845	8633389	0
9	86705459	86669348	0
9	87012033	87009032	0
9	8701553	8700594	0
9	87042127	87008454	0
9	8733895	8636698	0
9	8733947	8636698	0
9	8733950	8636698	0
9	87639699	87639788	0
9	87820812	87799500	0
9	87826630	87810641	0
9	87832893	87826485	0
9	87837199	87832773	0
9	87837226	87832754	0
9	87849682	87848112	0
9	87859400	87857014	0
9	87969350	87966445	11
9	87969350	87966449	11
9	87969350	87966610	21
9	87969350	87966633	22
9	87969350	87966881	26
9	87969920	87969193	18
9	87970631	87969795	12
9	87970898	87966440	10
9	87970898	87969193	8
9	87970898	87969795	10
9	87970898	87970567	8
9	87971336	87969193	8
9	87971336	87969795	10
9	87971336	87970567	7
9	87971336	87970775	8
9	87974036	87970439	6
9	87974036	87971036	6
9	87974036	87971146	5
9	87974075	87971146	5
9	87974535	87966445	10
9	88133027	88129457	14
9	88190046	88187734	0
9	8857777	8733779	0
9	88628347	88627188	0
9	88647661	88628256	0
9	88652137	88646920	0
9	88652161	88647178	0
9	88991696	88991851	0
9	89038289	89005770	0
9	89038289	89037365	0
9	89109129	89088886	0
9	89109299	89088603	0
9	89112627	89077839	0
9	89363528	89360786	2
9	89363528	89360790	2
9	89363528	89361600	3
9	89363528	89361608	3
9	89363528	89361978	3
9	89363528	89362238	3
9	89365655	89361600	6
9	89377052	89363740	0
9	89377283	89363740	0
9	89381099	89376385	5
9	89381099	89376832	5
9	89381099	89377234	5
9	89381099	89377236	5
9	89381099	89377390	6
9	89381099	89379374	3
9	89381188	89379586	3
9	89381347	89381054	17
9	89381347	89381055	17
9	89381844	89381054	11
9	89386483	89363740	0
9	89387609	89386366	1
9	89388727	89387171	1
9	89388793	89387385	0
9	89393656	89392422	0
9	89396836	89393561	0
9	89396836	89393630	0
9	89403017	89399275	0
9	89405700	89402870	0
9	89405700	89402895	0
9	89405700	89402924	0
9	89405700	89402944	0
9	89405927	89405350	0
9	89418119	89405350	0
9	89418119	89405453	0
9	89418119	89405601	0
9	89418234	89405560	0
9	89436464	89405350	0
9	89455954	89405350	0
9	89455954	89418055	0
9	89455954	89418362	0
9	89479891	89455887	0
9	89497433	89455887	0
9	89498039	89418055	0
9	89498090	89455887	0
9	89498131	89455887	0
9	89564822	89563536	0
9	89600735	89567620	0
9	89602862	89598783	0
9	89602862	89599430	0
9	89602862	89600513	0
9	89602862	89600568	0
9	89603140	89600682	0
9	89605175	89605431	0
9	89803062	89801726	0
9	90026100	90020653	0
9	9018736	8733779	0
9	90383722	90300901	0
9	90385584	90383609	0
9	90433490	90383519	0
9	90466946	90463523	0
9	90501785	90463658	0
9	90582695	90561028	0
9	90582745	90508798	0
9	90626176	90613489	0
9	90626176	90613698	0
9	90643106	90609831	0
9	90965394	90957259	0
9	91106672	91104956	0
9	91163088	91119137	0
9	91216107	91213814	0
9	91217328	91213959	3
9	91298077	91296020	0
9	91325405	91297983	0
9	91325405	91297990	0
9	91355971	91297983	0
9	91355971	91325317	0
9	91355971	91342714	2
9	91423863	91409044	0
9	91694412	91563090	0
9	91725108	91722525	0
9	91726744	91722596	0
9	91726744	91722601	0
9	91726744	91724153	0
9	91756102	91737390	0
9	91757560	91755939	0
9	91757560	91756070	0
9	91775782	91757428	0
9	91775819	91757271	0
9	91775819	91757333	0
9	91775819	91757435	0
9	9183364	9018696	0
9	91923929	91775740	0
9	91923929	91883257	0
9	91948677	91923764	0
9	91948716	91923667	0
9	91948742	91923764	0
9	91948881	91775740	0
9	91949907	91923652	0
9	91950163	91775740	0
9	92000713	92000086	0
9	92001407	92000498	0
9	92028738	92000941	0
9	92029347	92001301	0
9	92029347	92028457	0
9	92029347	92028639	0
9	92034884	92029179	27
9	92034884	92029249	29
9	92034884	92031145	28
9	92034884	92031271	36
9	92034884	92031998	45
9	92034884	92032353	30
9	92059309	92055404	0
9	92068099	92059178	0
9	92079567	92067965	4
9	92080077	92076797	9
9	92080089	92067965	6
9	92080089	92070123	3
9	92080089	92076797	9
9	92080089	92079060	1
9	92080089	92079433	0
9	92080964	92079852	0
9	92080964	92080015	0
9	92108769	92080869	0
9	92108835	92080869	0
9	92108835	92107800	3
9	92112563	92108159	0
9	92112563	92108739	1
9	92157446	92150381	0
9	92158211	92158333	0
9	92186872	92177234	0
9	92210890	92210344	376
9	92222673	92210206	1
9	92222673	92210210	1
9	92222673	92210344	1
9	92222673	92210872	10
9	92229127	92223345	13
9	92240692	92229000	7
9	92240962	92229000	5
9	92240962	92240642	0
9	92242331	92240762	1
9	92242331	92240855	0
9	92243229	92240288	2
9	92250290	92249857	0
9	92250835	92250186	1
9	92250911	92250189	1
9	92256801	92253361	41
9	92258999	92256356	4
9	92258999	92256679	5
9	92274522	92271532	0
9	92277924	92274425	0
9	92278287	92277862	0
9	92287911	92286535	5
9	92288283	92287412	0
9	92288283	92287790	0
9	92289427	92287790	0
9	92289427	92287823	0
9	92293642	92289300	9
9	92293695	92289300	5
9	92293696	92289300	7
9	92293701	92289300	7
9	92293717	92289300	7
9	92293757	92289300	7
9	92298337	92297357	1
9	92298337	92297358	1
9	92298337	92297423	9
9	92298337	92297483	25
9	92298337	92297489	25
9	92298337	92297613	3
9	92298337	92297616	3
9	92298337	92297835	3
9	92298955	92297483	28
9	92301823	92298883	38
9	92301823	92299889	25
9	92305831	92301550	7
9	92305831	92301578	7
9	92305831	92301816	7
9	92307025	92305752	1
9	92308951	92306885	4
9	92310262	92306885	2
9	92310262	92306949	2
9	92310262	92306970	2
9	92316139	92310552	10
9	92316139	92311145	6
9	92318687	92314266	5
9	92318687	92315383	1
9	92318687	92315851	4
9	92318687	92315956	2
9	92318687	92315981	2
9	92318687	92316093	1
9	92318948	92315688	3
9	92319357	92318617	1
9	92319357	92318668	1
9	92320138	92319220	13
9	92320380	92319220	12
9	92321747	92311145	14
9	92321747	92319220	9
9	92321747	92319277	12
9	92321747	92319287	13
9	92321747	92319319	13
9	92321747	92319942	10
9	92321747	92319987	11
9	92321747	92320129	14
9	92321747	92320190	13
9	92323352	92321667	12
9	92323504	92321667	7
9	92323504	92322849	11
9	92323504	92323235	9
9	92324081	92323440	0
9	92324162	92323440	0
9	92324210	92323136	0
9	92324210	92323440	6
9	92324252	92323440	5
9	92324661	92323440	3
9	92324676	92323440	3
9	92325334	92323440	6
9	92325386	92323440	5
9	92341664	92339657	0
9	92386297	92383966	0
9	92390057	92386200	0
9	92393153	92389640	0
9	92393245	92389853	0
9	92417575	92414244	1
9	92459771	92456204	0
9	92465030	92456204	0
9	92501054	92493553	1
9	92501054	92495311	0
9	92517876	92512010	0
9	92517876	92514630	0
9	92522894	92516711	0
9	92522894	92517686	0
9	92522894	92517687	0
9	92535983	92522574	0
9	92536056	92522574	0
9	92536093	92522574	0
9	92611428	92600093	7
9	92612369	92611337	5
9	92619566	92613183	24
9	92619566	92615526	25
9	92620331	92614555	19
9	92634489	92619485	7
9	92715464	92711362	36
9	92717949	92711362	13
9	92717949	92715252	10
9	92855904	92845030	0
9	92855904	92846068	0
9	93032874	93034540	0
9	93032874	93034543	0
9	93095530	93094938	0
9	93110722	93111878	43
9	93110722	93112217	28
9	93111939	93112217	62
9	93125063	93121488	2
9	93125063	93121832	4
9	93125063	93121896	4
9	93126191	93121496	2
9	93126586	93124898	1
9	93126639	93124898	1
9	93131542	93126409	0
9	93134220	93126227	1
9	93134239	93126409	1
9	93134289	93126409	1
9	93292989	93292992	2
9	93293017	93293018	2
9	93299111	93299114	2
9	93306822	93308327	4
9	93317632	93317872	3
9	93317632	93318027	2
9	93319175	93318198	7
9	93335661	93319100	0
9	93335977	93335373	0
9	93431300	93430341	0
9	93433090	93431440	3
9	93437122	93435331	3
9	93438819	93432854	5
9	93438819	93434323	1
9	93447698	93441259	14
9	93448490	93446904	3
9	93448490	93446923	3
9	93448490	93447267	3
9	93450588	93446532	5
9	93450600	93443339	8
9	93450600	93446493	4
9	93450600	93446524	4
9	93450600	93446904	5
9	93450600	93447257	5
9	93450600	93447634	7
9	93529581	93530710	3
9	93952814	93951621	2
9	93952814	93951626	2
9	94199252	94176601	0
9	94200873	94199197	2
9	94204569	94199197	0
9	94293070	94293441	17
9	94319730	94318195	0
9	94458371	94458371	24
9	94563462	94558719	1
9	94567408	94563341	6
9	94571603	94567269	9
9	94605577	94603132	0
9	94605577	94603140	0
9	94606953	94605456	0
9	94610062	94606814	0
9	94934947	94928550	3
9	94965625	94964368	0
9	95107270	95099053	0
9	95107270	95099054	0
9	95107270	95101709	4
9	95111638	95107065	2
9	95111638	95107100	8
9	95111638	95107347	2
9	95111638	95109596	6
9	95111638	95110511	5
9	95114711	95111462	2
9	95117391	95114134	1
9	95117391	95114628	3
9	95125186	95117314	0
9	95135374	95126528	0
9	95135503	95126528	0
9	95135503	95132894	0
9	95135544	95126528	0
9	95150034	95145269	0
9	95150088	95135345	0
9	95171144	95149922	0
9	95171144	95150014	0
9	95172148	95171078	0
9	95172148	95171115	0
9	95172148	95171139	0
9	95186596	95172036	0
9	95186646	95172036	0
9	95221066	95185189	0
9	95240709	95172036	0
9	95240744	95172036	0
9	95240744	95172042	0
9	95240744	95172085	0
9	95240744	95186500	0
9	95240744	95186530	0
9	95240744	95205949	0
9	95240744	95220921	0
9	95240744	95234671	0
9	95247517	95240648	0
9	95249292	95247431	0
9	95249331	95247431	0
9	95249370	95247431	0
9	95249370	95247506	0
9	95293872	95265595	0
9	95310356	95249126	0
9	95310356	95293616	0
9	95316885	95249126	0
9	95316895	95249126	0
9	95316934	95249126	0
9	95317255	95249126	0
9	95317672	95249126	0
9	95317692	95265595	0
9	95317710	95249126	0
9	95426743	95249126	0
9	95426797	95414833	1
9	95447452	95442979	2
9	95447452	95442983	2
9	95447452	95443411	2
9	95447452	95444161	3
9	95447452	95446158	2
9	95449324	95443411	4
9	95449324	95446910	1
9	95449937	95446910	1
9	95456414	95449840	3
9	95456414	95453477	4
9	95458294	95456275	0
9	95458294	95456406	0
9	95467426	95461855	0
9	95469154	95467115	0
9	95469190	95467286	0
9	95469932	95468750	0
9	95469932	95468937	0
9	95480091	95478999	0
9	95480456	95479855	0
9	95480486	95479968	0
9	95480589	95479968	0
9	95480589	95479995	0
9	95480589	95480060	0
9	95482041	95480389	0
9	95482041	95480439	0
9	95482041	95480538	0
9	95482041	95480543	0
9	95482204	95481828	0
9	95482204	95481948	0
9	95482204	95481965	0
9	95482204	95481970	0
9	95482239	95481948	0
9	95484310	95481828	0
9	95485875	95480389	0
9	95485875	95481948	0
9	95485875	95482133	0
9	95494402	95485684	0
9	95503347	95485684	0
9	95506600	95480538	0
9	95506600	95485684	0
9	95506611	95485684	0
9	95506666	95480389	0
9	95507200	95506406	5
9	95507267	95506406	4
9	95507418	95506406	8
9	95508041	95506406	5
9	95508662	95506406	5
9	95516659	95485684	0
9	95516659	95485823	1
9	95516966	95506406	9
9	95517058	95506406	6
9	95602160	95599437	0
9	95602160	95599544	0
9	9574782	9397448	0
9	9574782	9414751	0
9	95759837	95759230	0
9	95774018	95759721	0
9	95850293	95813292	0
9	95850293	95840599	0
9	95874549	95870282	2
9	95874623	95870283	2
9	95875271	95869839	3
9	95875481	95773887	0
9	95875588	95850226	0
9	95875978	95850226	0
9	95966715	95967458	1
9	96021812	96019723	0
9	96027960	96023424	0
9	96027961	96020770	0
9	96027961	96023298	0
9	96027967	96023277	0
9	96027994	96023259	0
9	96114755	96106660	0
9	96115761	96106749	0
9	96239961	96235462	0
9	96240908	96235305	0
9	96240908	96235309	0
9	96240908	96235330	0
9	96240908	96235335	0
9	96240908	96235351	0
9	96240908	96235462	0
9	96240908	96235547	0
9	96240908	96239326	1
9	96244395	96235459	2
9	96249787	96245344	0
9	96249787	96246555	0
9	96250053	96249750	0
9	96250486	96249750	4
9	96250486	96249909	4
9	96251262	96249909	0
9	96251262	96250295	2
9	96251486	96245344	0
9	96251486	96249552	0
9	96251486	96249750	0
9	96298463	96245344	0
9	96298463	96251417	0
9	96298463	96252802	0
9	96298463	96254867	0
9	96314277	96308953	0
9	96314900	96308953	0
9	96321342	96313443	0
9	96321342	96313965	0
9	96322081	96320705	2
9	96322081	96320709	2
9	96322081	96320997	4
9	96324170	96320997	5
9	96345402	96343903	0
9	96351172	96324090	3
9	96351172	96345298	3
9	96351172	96345394	2
9	96352059	96351102	2
9	96352110	96350748	3
9	96352110	96351102	2
9	96392537	96385940	9
9	96418330	96398163	3
9	96496360	96490240	2
9	96509790	96500107	10
9	96509790	96500112	10
9	96509790	96502611	17
9	96515793	96503564	7
9	96515793	96509672	4
9	96515793	96514502	4
9	96522604	96496206	6
9	96522604	96502585	4
9	96522604	96509672	6
9	96534158	96523586	0
9	96534543	96533926	0
9	96534543	96534000	0
9	96534543	96534140	0
9	96539141	96534454	0
9	96539141	96538626	5
9	96541893	96538974	0
9	96541893	96539077	0
9	96551873	96541825	0
9	96562786	96551795	0
9	96562786	96551800	0
9	96564837	96562692	0
9	96564853	96562547	0
9	96564853	96562692	0
9	96646025	96639576	1
9	96651496	96639576	0
9	96651496	96645892	0
9	96651496	96645989	0
9	96763214	96755864	12
9	96763633	96763066	0
9	96763633	96763117	0
9	96763694	96762946	0
9	96827182	96816471	1
9	96827182	96816990	2
9	96827182	96817632	2
9	96827182	96819407	4
9	96845017	96827079	0
9	96852006	96827079	0
9	96852006	96844889	3
9	96852006	96844920	3
9	96852006	96844945	3
9	96853015	96851946	1
9	96853070	96851946	1
9	96853073	96851946	1
9	96854184	96851946	3
9	96854278	96852852	4
9	96854361	96851946	4
9	96854361	96852982	4
9	96854489	96852852	3
9	96860415	96852852	1
9	96875575	96827079	0
9	96898128	96887372	27
9	96903109	96897916	20
9	96918827	96897934	7
9	96918827	96898065	7
9	96918827	96902916	7
9	96918827	96902983	7
9	96933916	96918642	6
9	96942731	96933794	1
9	96942753	96933521	0
9	96942753	96933794	0
9	96949586	96942602	8
9	96949683	96918642	6
9	96949683	96918687	8
9	96949683	96942602	13
9	96949683	96942912	11
9	96949683	96946044	11
9	96949683	96948910	7
9	96958898	96949295	1
9	96958898	96949554	0
9	97034844	97029678	0
9	97034844	97032657	0
9	97037399	97036522	0
9	97037616	97037251	0
9	97037616	97037290	0
9	97079443	97075670	0
9	97160403	97156569	0
9	97194841	97191730	0
9	97196595	97195350	9
9	97200566	97194702	4
9	97205035	97200458	0
9	97211488	97200474	0
9	97238679	97237763	1
9	97238701	97211372	0
9	97307807	97307982	0
9	97362252	97362362	1
9	97370779	97371594	3
9	97371707	97374542	1
9	97375590	97376762	0
9	97386577	97386239	0
9	97513890	97512705	0
9	97513890	97513143	0
9	97604866	97600082	24
9	97604866	97602717	36
9	97605642	97604068	3
9	97605642	97604726	3
9	97610452	97606142	13
9	97611700	97610209	5
9	97611700	97610345	5
9	97611700	97610844	5
9	97617878	97606142	0
9	97635867	97634514	0
9	97672782	97673511	143
9	97675956	97675066	35
9	97682431	97674908	13
9	97685041	97674908	7
9	97685041	97682199	1
9	97687262	97684922	3
9	97687262	97684960	3
9	97709012	97699624	0
9	97722935	97717648	0
9	97724531	97722799	0
9	97804391	97724412	0
9	97806025	97722799	0
9	97806025	97724412	0
9	97810040	97722799	0
9	97853081	97722799	0
9	97853081	97724412	0
9	97910167	97904551	9
9	97910617	97904488	4
9	97910617	97909959	21
9	97912472	97904533	5
9	97912976	97910167	7
9	97912976	97910282	10
9	97912976	97910502	10
9	97913559	97909959	6
9	97913559	97909988	9
9	97913559	97910917	4
9	97913559	97912872	1
9	97914027	97913400	1
9	97916339	97913251	0
9	97916339	97913400	3
9	97916339	97913978	1
9	97922469	97913400	0
9	97922473	97913400	0
9	97931222	97926790	0
9	97987657	97986550	2
9	98075733	98076917	7
9	98088002	98080839	48
9	98088006	98069274	13
9	98088006	98084354	99
9	98092002	98084354	7
9	98092002	98087441	7
9	98092002	98087899	7
9	98095030	98091908	3
9	98099977	98094866	2
9	98100165	98094866	3
9	98119137	98110068	13
9	98119199	98109888	15
9	98119211	98109888	15
9	98119213	98099930	11
9	98126824	98120974	0
9	98200342	98199028	7
9	98200375	98198998	3
9	98200375	98199025	3
9	98200375	98199028	3
9	98201665	98199028	3
9	98209145	98203287	4
9	98210739	98208674	2
9	98210844	98208667	1
9	98233550	98228951	0
9	98244130	98233415	0
9	98293903	98288081	0
9	98293903	98290646	0
9	98303335	98302842	0
9	98303424	98299223	0
9	98306346	98303240	0
9	98306346	98303329	0
9	98306572	98304177	0
9	98311206	98306120	0
9	98311206	98306213	0
9	98362838	98306120	0
9	98362838	98311094	0
9	98371572	98362554	0
9	98371572	98362714	0
9	98454218	98406080	0
9	98473347	98453980	0
9	98473347	98454163	0
9	98480998	98473145	0
9	98480998	98473229	0
9	98480998	98473335	0
9	98542044	98496412	0
9	98552119	98542012	0
9	98555899	98541872	0
9	98578073	98541872	0
9	98578073	98541886	0
9	98607651	98577934	0
9	98707462	98577934	0
9	98709198	98577934	0
9	98736624	98731328	23
9	98736624	98731995	30
9	98736624	98732012	32
9	98745676	98732018	1
9	98745676	98736495	1
9	98745676	98736526	1
9	98784158	98782466	2
9	98784469	98783569	3
9	98784877	98783949	3
9	98784877	98783952	3
9	98790497	98784831	10
9	98790607	98784831	13
9	98795997	98783952	35
9	98796540	98789910	13
9	98796540	98790103	21
9	98796966	98784831	15
9	98807565	98798465	0
9	98849142	98847230	1
9	98849614	98847392	4
9	98866853	98847171	0
9	98866853	98854192	0
9	98866853	98862238	0
9	98869684	98869114	0
9	98869684	98869164	0
9	98869684	98869336	0
9	98869684	98869381	0
9	98870065	98867038	0
9	98870065	98869586	0
9	98870772	98869066	0
9	98870772	98869240	0
9	98870772	98869586	0
9	98870772	98869980	0
9	98870985	98868990	0
9	98870985	98870432	0
9	98871397	98870432	0
9	98872258	98867038	0
9	98872263	98870432	0
9	98872264	98859571	0
9	98872264	98864443	0
9	98872264	98867038	0
9	98872264	98868990	0
9	98872264	98869061	0
9	98872264	98869586	0
9	98872264	98869964	0
9	98872264	98870348	0
9	98872264	98870432	0
9	98872264	98870802	0
9	98872264	98870890	0
9	98872279	98847228	0
9	98872404	98848927	0
9	98872416	98868990	0
9	98872416	98868994	0
9	98872416	98869001	0
9	98872416	98870113	0
9	99221138	99216425	36
9	99221141	99217371	36
9	99221957	99217366	24
9	99359510	99355343	0
9	99359510	99355409	0
9	99359878	99359384	1
9	99360500	99359673	0
9	99360500	99359699	0
9	99366473	99359384	0
9	99366544	99360387	0
9	99367809	99355336	0
9	99367809	99360389	0
9	99367809	99366398	0
9	99367809	99366416	0
9	99368915	99367660	0
9	99369869	99367611	0
9	99369869	99367660	0
9	99372513	99367660	0
9	99374408	99370853	0
9	99375228	99374005	0
9	99375785	99374353	0
9	99376497	99374353	0
9	9938611	9766809	0
9	99586985	99585785	0
9	99895006	99886321	0
9	99929897	99915076	0
9	99985070	99979178	11
