5	100066155	100062274	0
5	100379580	100375699	0
5	100457125	100450934	0
5	100518612	100449753	0
5	100655476	100654111	0
5	100856397	100806934	0
5	100886601	100856102	3
5	100890883	100886351	0
5	100895786	100885310	0
5	100895786	100886342	0
5	100900464	100895661	0
5	100903215	100895653	0
5	100903267	100895653	0
5	102239389	102233985	0
5	10235262	10226329	8
5	10235262	10226732	6
5	10235262	10227579	5
5	10235262	10227609	5
5	10236616	10226955	8
5	10236616	10227557	3
5	10236616	10235210	4
5	10237041	10236477	0
5	102373430	102371787	0
5	102373495	102371781	0
5	102373495	102371944	0
5	102373495	102371945	0
5	10239357	10235210	0
5	10239357	10236147	0
5	10239357	10236477	0
5	10239357	10236521	0
5	102420022	102412989	0
5	102438762	102419825	0
5	102438762	102419922	0
5	102458492	102438540	0
5	102458492	102438616	0
5	102475794	102412989	0
5	102475794	102458381	0
5	102475794	102459655	0
5	102477691	102475721	0
5	102477698	102475696	0
5	102477862	102475696	0
5	102480435	102475696	0
5	10249886	10239041	0
5	10249887	10239066	1
5	10249889	10239066	1
5	10249897	10244433	0
5	10249898	10239066	1
5	102611956	102609259	6
5	102617929	102609556	0
5	102617929	102611892	2
5	102636292	102609390	0
5	102671560	102609155	0
5	10282289	10275874	1
5	10282289	10279276	0
5	10286497	10280465	1
5	10286497	10282196	1
5	10288530	10286131	0
5	10288530	10286172	0
5	10288530	10286353	1
5	10290782	10288421	0
5	10307549	10307196	0
5	10307564	10290547	0
5	10307604	10290547	0
5	10307840	10290403	0
5	10307860	10290547	0
5	10308027	10290547	0
5	103096827	103085999	0
5	103096827	103086332	3
5	103097694	103087814	5
5	103104622	103102275	0
5	103104847	103087812	1
5	103104847	103088125	1
5	103104847	103097589	0
5	103106910	103104540	0
5	103108715	103104540	0
5	103108715	103106563	0
5	103108715	103106715	0
5	103253520	103246047	0
5	103412512	103408940	0
5	103432624	103430405	0
5	103432624	103430532	0
5	103447814	103445818	0
5	103461344	103445818	0
5	103485880	103473334	0
5	103485923	103447655	0
5	103485923	103447780	0
5	103529795	103528433	0
5	103552417	103548854	2
5	103552417	103550507	2
5	103554854	103552216	0
5	103556090	103554501	0
5	103556099	103554739	0
5	103559469	103555930	0
5	103560255	103558878	5
5	103562790	103560096	1
5	103562791	103559404	2
5	103562794	103560042	1
5	103885508	103880890	0
5	103885866	103883953	0
5	103886468	103880128	0
5	103886468	103880320	0
5	103886468	103881618	0
5	103887302	103886163	0
5	103887302	103886340	0
5	103891361	103886374	0
5	103891369	103880198	0
5	103891394	103886340	0
5	10400843	10402058	92
5	10401487	10402058	148
5	10434208	10436794	244
5	10441793	10441289	1
5	10442004	10442126	1
5	104739413	104736760	0
5	104739542	104739296	0
5	104739636	104739253	0
5	104739636	104739260	0
5	104744192	104743691	2
5	104746610	104739496	0
5	104763384	104630386	0
5	104763384	104630535	0
5	104763384	104739496	0
5	104763384	104744034	0
5	104773661	104763279	0
5	104773697	104763279	0
5	104773785	104763230	0
5	104773792	104763279	0
5	104773823	104763279	0
5	104886976	104383297	0
5	104886976	104484203	0
5	10494095	10493290	0
5	10495314	10493526	0
5	104975886	104973286	0
5	105008918	104917491	0
5	10506576	10504995	0
5	10506576	10505442	0
5	105246365	105008860	0
5	1053483	1050375	23
5	1053483	1052185	16
5	105392971	104886857	0
5	1057650	1053348	15
5	1057650	1056581	11
5	1060452	1057210	4
5	1060452	1057470	4
5	1060452	1057527	3
5	10628226	10627259	0
5	1063883	1060343	2
5	1063976	1060343	2
5	10655926	10652210	24
5	106818478	106815196	0
5	10683572	10679229	16
5	10683572	10681090	17
5	106844215	106815204	0
5	1073802	1065282	1
5	107387316	107376888	1
5	107387316	107380983	2
5	107387772	107381237	6
5	107427510	107387705	0
5	107427515	107387705	0
5	1074672	1073632	0
5	1074672	1073781	0
5	10748272	10680433	3
5	10748272	10683095	0
5	10748272	10683308	1
5	10748272	10683528	2
5	10748272	10733771	1
5	107506192	107427216	0
5	10761102	10748082	4
5	10761137	10748174	2
5	10761200	10748174	2
5	10761226	10748174	2
5	10761229	10748174	2
5	10761273	10748174	1
5	107670628	107427216	0
5	107670886	107426975	0
5	107670896	107427216	0
5	107702308	107699834	0
5	107702308	107699956	0
5	10777063	10775057	0
5	1078759	1077832	26
5	107881180	107859034	0
5	107881180	107859044	0
5	107881180	107859052	0
5	1079497	1078518	14
5	1079497	1078700	15
5	108021002	107878236	0
5	108021002	107881036	0
5	108186248	108020798	0
5	108186248	108020924	0
5	108364996	108348398	0
5	108367954	108364737	0
5	108367954	108364822	0
5	108367955	108364737	0
5	108830791	108818040	0
5	109320636	109237119	0
5	109344312	109334708	0
5	109344312	109334712	0
5	109379255	109368560	0
5	109381704	109378203	0
5	109381704	109379166	0
5	109383434	109381502	0
5	109383521	109381502	0
5	109390759	109383395	0
5	109409317	109383402	0
5	109409995	109383402	0
5	109449064	109448348	0
5	10981847	10971839	0
5	10981847	10972531	0
5	10981847	10972880	0
5	10981847	10972894	0
5	10981847	10972932	0
5	10981847	10973188	0
5	10981847	10973339	0
5	10981847	10973586	0
5	110321320	110289232	0
5	110387360	110323233	0
5	110420757	110417677	0
5	110424917	110397772	0
5	110424917	110420103	0
5	110424917	110420110	0
5	110424917	110420496	0
5	110528836	110424822	0
5	110568626	110329726	0
5	110568626	110424822	0
5	110568626	110528587	0
5	110605359	110568446	0
5	110605359	110568494	0
5	110625434	110618428	0
5	110625598	110618428	0
5	110627881	110625266	0
5	110627881	110625291	0
5	110628942	110618428	0
5	110638356	110627780	0
5	110640997	110638197	0
5	110640997	110638206	0
5	110642372	110640875	0
5	110642372	110640890	0
5	110667365	110627780	0
5	110667365	110642259	0
5	110667365	110666645	0
5	110667365	110666767	0
5	110667730	110667227	0
5	110720877	110667227	0
5	110725822	110720549	0
5	110726659	110667694	0
5	110726666	110667227	0
5	110726672	110642259	0
5	110726672	110667227	0
5	110726672	110720525	0
5	110726706	110667227	0
5	110726799	110667227	0
5	110735016	110667227	0
5	11082754	11022768	0
5	11082847	11022768	0
5	111004753	110970950	0
5	111077477	111076920	0
5	111084524	111077371	0
5	111155891	111155243	0
5	111270090	111265808	0
5	111283037	111277516	0
5	111482508	111482784	0
5	111484533	111489589	17
5	111501117	111496032	6
5	111501117	111496946	3
5	111501117	111499401	8
5	111501117	111499584	6
5	111501117	111499881	5
5	111502089	111500146	3
5	111502089	111500463	2
5	111502089	111500987	3
5	111502089	111501001	3
5	111505044	111500630	2
5	111506380	111500245	0
5	111506380	111500608	0
5	111506380	111501001	1
5	111506380	111501085	1
5	111506380	111501961	2
5	111506380	111505014	0
5	111507443	111506215	0
5	111507443	111506329	0
5	111512536	111506329	0
5	111669905	111662620	0
5	111678015	111669190	0
5	111678015	111669734	0
5	111734743	111730516	17
5	111734743	111730657	24
5	111735508	111677939	0
5	111735508	111728811	13
5	111735508	111729295	14
5	111735508	111729302	14
5	111735508	111729315	14
5	111735508	111729983	20
5	111735508	111730641	18
5	111735508	111730690	18
5	111735508	111730703	18
5	111735508	111730723	18
5	111735508	111730746	18
5	111735508	111730805	18
5	111735508	111730867	19
5	111735508	111730931	18
5	111735508	111730953	18
5	111735508	111731026	19
5	111735508	111734669	7
5	111755831	111734983	0
5	111755831	111735429	0
5	111755927	111735429	1
5	111755927	111735495	0
5	111756252	111735429	1
5	111757165	111755356	1
5	111757174	111755769	3
5	111757180	111735429	0
5	111757180	111755769	3
5	111757195	111734487	2
5	111757195	111755769	2
5	111757230	111735429	1
5	111757259	111755769	3
5	111975379	111735429	0
5	111997465	111755769	0
5	112145999	112142440	0
5	112161776	112162150	34
5	112168821	112158400	1
5	112168821	112162617	0
5	112168821	112162620	0
5	112168821	112165000	1
5	112170370	112168994	0
5	112170993	112168994	0
5	112170993	112170008	0
5	112170993	112170255	0
5	112170993	112170300	0
5	112183388	112170944	0
5	112184136	112170944	0
5	112195709	112194567	0
5	112204489	112195660	0
5	112209983	112205420	0
5	112228779	112209891	0
5	112234756	112209891	0
5	112239738	112234633	0
5	112240811	112239599	0
5	112240811	112239659	0
5	112259293	112240718	0
5	112262582	112259890	0
5	112264988	112262493	0
5	112265017	112262493	0
5	112265017	112262552	0
5	112266331	112263407	0
5	112266331	112264895	0
5	112275405	112266232	0
5	112280324	112275238	0
5	112280324	112275325	0
5	112392785	112307385	0
5	112419314	112307385	0
5	112419317	112307385	0
5	112864529	112864620	29
5	112887184	112876378	12
5	112887184	112878084	19
5	112887184	112878576	13
5	112887184	112878832	11
5	112892818	112887014	11
5	112902519	112878084	6
5	112902519	112887014	5
5	112902519	112892449	9
5	112921257	112878084	6
5	112921257	112887014	2
5	113029057	113022098	0
5	113029057	113026131	3
5	113029057	113027301	0
5	113049300	113043529	0
5	113049300	113048562	0
5	113053960	113048875	0
5	113053960	113049092	0
5	113101946	113085163	0
5	113104356	113101499	0
5	113104356	113101733	0
5	113104356	113101738	0
5	113104626	113101542	0
5	11346628	11236690	0
5	113488824	113448122	0
5	113488831	113384967	0
5	113581710	113584301	7
5	113592179	113593302	30
5	113593391	113593481	55
5	11364891	11346371	0
5	11364891	11346427	0
5	11364891	11346591	0
5	11364891	11346594	0
5	11384772	11364695	0
5	11384913	11364611	0
5	11384938	11364597	0
5	11385230	11364695	0
5	11386012	11384981	0
5	11397204	11364695	0
5	11397204	11384664	0
5	11397204	11385024	0
5	11411653	11364695	0
5	11411653	11364856	0
5	11411653	11397030	0
5	11411653	11397092	0
5	114486804	114487049	0
5	114496179	114488996	0
5	114667748	114496101	0
5	114667748	114662960	0
5	115130890	115124761	2
5	115130890	115124762	2
5	115130890	115126502	0
5	115141375	115137362	0
5	115144745	115141278	0
5	115144745	115141323	0
5	115147395	115144597	0
5	115153812	115147068	0
5	115159671	115147175	0
5	115163753	115147067	0
5	115163753	115147068	0
5	115169867	115147068	0
5	115174282	115171105	0
5	115180038	115147068	0
5	115180160	115163517	0
5	115180547	115171101	0
5	115180547	115177122	0
5	115216974	115204011	5
5	115216974	115212401	1
5	115222009	115216864	5
5	115231022	115216864	0
5	115236523	115216864	0
5	115253177	115241538	0
5	115253256	115241538	0
5	115262852	115253136	0
5	115262866	115252830	0
5	115262873	115253136	0
5	115269001	115267187	0
5	115269001	115267354	0
5	115269001	115267374	0
5	115269001	115267638	2
5	115269799	115268881	0
5	115271611	115269598	2
5	115271627	115268881	1
5	115271627	115269702	1
5	115275607	115271212	2
5	115276070	115275215	0
5	115276070	115275334	0
5	115276070	115275338	0
5	115296066	115284786	0
5	115296269	115284786	0
5	115296624	115279646	0
5	115296694	115284786	0
5	115296832	115284786	0
5	115543684	115520907	0
5	115602190	115581729	3
5	115602480	115578649	0
5	115616446	115578641	2
5	115616446	115578650	2
5	115616565	115580826	0
5	115620681	115613507	5
5	115620681	115616065	5
5	115620681	115616317	3
5	115625983	115620627	1
5	115626015	115620434	0
5	115626037	115620434	0
5	115626162	115620434	0
5	115626174	115620434	0
5	11565057	11364695	0
5	11565057	11412034	0
5	11565057	11508370	0
5	115806519	115804732	0
5	115806519	115805263	0
5	115813259	115811160	0
5	115813955	115813188	0
5	115814482	115813181	0
5	115816658	115813180	0
5	115816955	115813180	0
5	115832665	115828199	40
5	115832665	115830672	39
5	115832665	115831274	39
5	115832665	115831478	6
5	115832665	115831487	6
5	115832665	115831511	6
5	115832665	115831513	6
5	115832665	115831545	5
5	115832665	115831581	6
5	115832665	115831583	6
5	115832665	115831719	10
5	115834353	115830340	59
5	115840613	115837627	44
5	115840935	115837627	43
5	115840935	115840496	53
5	115841545	115840817	70
5	115841560	115840551	58
5	115841566	115832601	27
5	115841566	115840817	70
5	115841824	115837627	41
5	115841838	115840496	44
5	115841859	115837627	40
5	115963111	115963146	0
5	116304135	116302353	1
5	116449647	116446463	4
5	116467748	116443615	0
5	116467748	116445749	1
5	116467748	116446612	2
5	116467748	116447687	0
5	116469545	116446133	0
5	116472936	116467582	8
5	116473094	116446133	0
5	116473094	116467582	8
5	116478678	116478013	0
5	116478719	116478013	0
5	116480241	116478265	0
5	116480278	116478541	0
5	116480280	116478013	0
5	116482576	116480121	0
5	116486967	116482443	0
5	116487230	116482458	1
5	116488197	116486640	3
5	116488197	116486748	3
5	116489008	116488107	1
5	116489010	116488107	1
5	116491831	116488887	1
5	116491831	116488914	0
5	116492486	116491739	3
5	116495515	116491739	1
5	116495515	116491795	1
5	116496314	116495412	8
5	116497388	116496250	4
5	116502328	116497326	3
5	116536429	116504844	0
5	116536459	116504844	0
5	116554897	116504844	0
5	116574235	116550114	0
5	116574396	116504844	0
5	116574935	116504844	0
5	116760790	116742990	0
5	116825874	116820992	0
5	1174631	1173140	0
5	1175689	1174523	0
5	1176545	1175128	0
5	1176545	1175396	0
5	117722098	117719239	0
5	1178547	1175956	0
5	1178595	1175970	0
5	1178606	1175960	0
5	118469149	118468155	0
5	118552550	118545857	0
5	118562118	118523648	0
5	118785460	118760473	0
5	118848219	118837321	0
5	118848219	118839540	0
5	118848219	118840278	0
5	118988221	118944558	0
5	118988540	118944558	0
5	118988546	118944558	0
5	119006862	119006346	0
5	119020241	119007073	0
5	119020241	119011802	0
5	119034347	119020076	0
5	119070862	119019914	0
5	119070891	119020076	0
5	119128445	119126781	0
5	119355393	119356022	1
5	119492125	119493817	13
5	120333503	120245447	0
5	120404838	120345906	0
5	1216687	1216788	0
5	122070169	122063194	6
5	122070169	122065796	3
5	122070169	122065943	3
5	122070169	122065944	3
5	122070169	122069960	2
5	122070590	122070052	0
5	122070769	122070519	1
5	122074170	122070493	1
5	122075542	122074012	1
5	122076084	122075403	5
5	122077002	122075403	3
5	122077175	122075403	2
5	122077224	122075403	2
5	122077473	122075403	0
5	122154857	122128761	0
5	122156016	122154495	0
5	122323359	122321290	0
5	122371495	122369761	0
5	122444196	122444562	0
5	122450667	122436496	0
5	122450667	122436758	0
5	122451807	122450546	0
5	122469060	122436761	0
5	122469068	122450546	0
5	122477091	122444658	0
5	122478816	122454375	0
5	122479081	122437253	0
5	122638979	122629183	0
5	122638982	122628951	0
5	122697343	122641132	0
5	122699861	122697170	0
5	122704349	122641132	0
5	122704349	122699389	0
5	122704349	122699656	0
5	122730560	122728341	0
5	122730686	122729408	0
5	122775212	122775606	0
5	122827460	122827574	2
5	123025969	123023249	1
5	123028869	123025783	5
5	123029419	123028774	8
5	123036726	123028492	3
5	123036742	123029304	0
5	123089296	123087247	0
5	123090300	123087633	1
5	123350090	123344884	2
5	123350090	123344885	2
5	123350090	123345002	2
5	123350090	123346399	1
5	123358446	123349943	1
5	123364595	123349943	1
5	123364595	123350059	1
5	123391338	123389923	0
5	123393450	123390908	0
5	123393498	123391109	0
5	123399285	123393299	0
5	123403345	123399135	1
5	123412541	123399135	0
5	123412541	123399251	0
5	123418516	123416009	0
5	123422576	123418393	0
5	123423031	123418358	0
5	123423304	123418358	0
5	123423345	123418358	0
5	123423593	123418358	0
5	124062511	124059793	0
5	124313701	124306229	0
5	124386274	124062417	0
5	124405080	124386228	0
5	124512493	124492774	0
5	124638824	124636912	1
5	124638824	124637277	1
5	124639215	124636915	2
5	124639215	124636916	2
5	124643684	124639132	0
5	124643684	124641251	0
5	124644338	124643510	0
5	124644662	124643510	0
5	124649134	124644243	3
5	124649698	124643510	1
5	124649698	124644243	1
5	124649698	124646678	2
5	124649698	124648236	0
5	124649698	124648262	0
5	124701270	124649609	0
5	124701270	124666270	0
5	124744368	124701013	0
5	124744522	124701013	0
5	124745082	124701013	0
5	124745113	124701013	0
5	124745173	124701013	0
5	124745426	124701013	0
5	124746075	124744655	0
5	124746628	124744083	2
5	124748808	124744083	0
5	1254506	1253146	8
5	1254506	1253166	8
5	1254506	1253727	10
5	12571905	12553889	0
5	125968086	125966776	0
5	126098162	126076799	0
5	126279802	126098006	0
5	126393631	126372476	0
5	1264593	1260473	40
5	126465221	126465376	0
5	126465221	126465425	0
5	126467632	126393552	0
5	126467632	126433504	0
5	126467632	126458786	0
5	126480217	126480455	0
5	126480528	126480626	0
5	126484516	126480410	1
5	126490353	126467440	0
5	126490372	126484378	2
5	126493009	126493489	13
5	126509022	126467440	0
5	126546400	126531199	1
5	126546400	126540416	10
5	126546400	126541840	0
5	126546400	126543997	10
5	126546400	126544009	13
5	126546400	126544042	6
5	126546400	126544089	14
5	126546400	126544149	13
5	126546400	126544152	13
5	126546400	126544153	13
5	126546400	126544595	4
5	126546400	126544752	1
5	126546400	126544756	0
5	126546400	126544775	0
5	126546400	126544781	0
5	126546400	126544784	0
5	126546400	126544818	0
5	126546400	126544828	0
5	126546400	126544918	3
5	126550003	126546323	2
5	126550003	126546344	2
5	126550165	126546323	2
5	126550294	126549503	1
5	126550294	126549928	11
5	126552103	126549891	0
5	126552138	126549928	0
5	126552138	126550148	0
5	126552138	126550195	0
5	126552138	126550262	0
5	126554394	126550195	0
5	126554394	126552020	0
5	126555433	126552020	0
5	126556016	126554286	0
5	126556016	126554387	0
5	126559296	126555994	2
5	126559326	126555930	1
5	126559335	126552020	4
5	126559335	126555930	1
5	126559353	126555930	1
5	126561125	126552020	1
5	126561125	126554286	4
5	126561125	126555930	7
5	126564593	126561082	12
5	126568357	126561082	16
5	126568357	126564357	14
5	126568357	126564375	14
5	126568357	126564457	17
5	126570860	126561082	1
5	126570860	126568039	0
5	126570860	126568258	1
5	126570860	126568323	0
5	126575465	126570781	0
5	126577212	126575419	0
5	126577212	126575435	0
5	126580091	126577078	0
5	126582150	126577078	0
5	126582975	126577078	0
5	126582975	126577081	0
5	126582975	126581188	0
5	126582975	126582104	0
5	126583939	126582778	0
5	126583978	126582850	0
5	126584013	126577078	0
5	126584013	126582850	0
5	126584013	126582952	0
5	126592730	126577078	0
5	126592730	126582850	0
5	126592730	126583931	1
5	126592730	126584362	0
5	126592730	126586126	1
5	126593405	126582850	0
5	126593405	126583931	0
5	126593405	126591927	1
5	126593405	126592663	1
5	126593448	126592663	1
5	126594268	126592663	2
5	126594319	126592663	2
5	126595072	126577078	0
5	126595113	126577078	0
5	126595219	126583931	0
5	126595219	126592663	4
5	126595220	126583931	0
5	126595226	126582850	0
5	1266525	1264247	1
5	1266536	1260473	3
5	1266536	1264403	0
5	126755713	126751962	0
5	126777253	126777360	726
5	126777407	126777697	921
5	126878395	126867713	0
5	126878398	126870190	0
5	126914991	126898872	0
5	126915135	126878184	0
5	126918228	126914929	12
5	126918228	126914930	12
5	126918229	126914660	10
5	127052670	127042557	0
5	127052670	127045358	0
5	127052670	127047526	2
5	127052670	127051303	2
5	127052670	127051611	3
5	127056507	127052612	0
5	127058918	127052612	0
5	127059003	127052381	1
5	127059003	127052612	0
5	127059003	127056396	0
5	127071624	127058881	0
5	127071686	127058752	0
5	127071686	127058881	0
5	127228919	127215158	0
5	127228919	127227616	0
5	127229581	127227103	0
5	127229755	127228860	0
5	127229773	127227616	0
5	127229810	127227616	0
5	127547922	127551706	10
5	127551879	127553796	60
5	127590711	127588745	0
5	127652362	127651692	0
5	127663769	127652252	0
5	127857805	127838485	0
5	127956922	127940425	0
5	127956922	127941004	0
5	128003989	128002694	2
5	128024161	128002528	2
5	128061245	127956803	0
5	128061245	127965887	1
5	128061245	127966548	1
5	128061245	127966672	1
5	128061245	128021527	0
5	128061245	128024026	0
5	128061245	128060583	0
5	128077094	127966734	2
5	128261908	128257908	0
5	128261908	128258036	0
5	128328822	128318878	0
5	128330696	128328069	0
5	128330696	128328298	0
5	128330696	128328695	0
5	128366431	128364599	0
5	128366431	128365169	0
5	128374751	128369181	0
5	128446607	128408673	0
5	128446607	128441997	0
5	128464922	128446075	0
5	128464922	128446480	0
5	128965698	128965873	0
5	128965753	128965977	0
5	129460690	129459558	0
5	1294667	1282428	5
5	1294990	1293312	43
5	1295048	1293312	43
5	1295070	1294557	41
5	129735063	129500360	0
5	129762670	129734942	0
5	129780482	129762492	0
5	129899510	129762506	0
5	13032076	12914067	0
5	131160845	131159287	109
5	131160885	131159284	124
5	131160885	131159603	124
5	131162478	131160655	105
5	131162628	131162477	46
5	131162677	131159026	74
5	131162677	131159334	101
5	131162677	131159477	115
5	131162677	131160655	80
5	131162677	131162110	63
5	131162677	131162361	57
5	131165221	131162571	44
5	131165241	131162571	37
5	131165257	131162290	43
5	131165302	131162571	26
5	131165326	131162571	27
5	131165334	131162571	27
5	131165342	131162242	34
5	131165486	131162571	19
5	131171736	131162571	0
5	131202814	131203590	39
5	131391109	131391917	11
5	131392268	131393385	24
5	131429217	131423920	1
5	131429217	131425886	4
5	131429217	131425890	4
5	131429217	131426558	1
5	131431350	131426235	1
5	131431350	131427215	0
5	131439716	131433429	6
5	131439716	131435760	7
5	131439716	131435950	6
5	131439716	131436289	6
5	131440229	131439580	0
5	131442538	131439580	0
5	131442538	131440145	1
5	131464282	131461704	0
5	131469816	131464040	0
5	131469816	131464049	0
5	131472745	131463614	1
5	131472745	131464040	2
5	131472745	131469800	0
5	131472921	131469800	0
5	131479754	131472089	0
5	131479754	131472586	0
5	131505523	131504625	0
5	131508158	131505363	0
5	131508208	131505363	0
5	131508208	131505481	0
5	131510492	131508070	0
5	131510492	131508104	0
5	131510492	131508122	0
5	131548191	131521389	0
5	131562048	131548046	0
5	131592437	131548095	0
5	131647206	131641713	9
5	131647206	131641714	9
5	131647206	131644436	4
5	131677873	131671504	0
5	131677873	131672685	0
5	131679176	131677596	1
5	131679176	131677702	1
5	131744691	131604622	0
5	131796922	131744563	0
5	131796951	131744563	0
5	131796984	131744563	0
5	131797017	131744563	0
5	131797018	131744563	0
5	131797064	131744563	0
5	131818864	131806992	0
5	131818864	131807122	0
5	131818864	131807142	0
5	131818864	131807235	0
5	131879021	131851263	0
5	131879049	131854753	0
5	131911880	131854753	0
5	131911880	131878904	0
5	131911880	131878977	0
5	131916926	131911814	0
5	131921939	131916885	0
5	131921942	131916885	0
5	131921942	131916896	0
5	131959608	131947583	0
5	131959608	131949972	0
5	131959608	131949975	0
5	131959608	131953897	0
5	131959608	131953901	0
5	131959608	131953903	0
5	131959608	131953904	0
5	131959608	131953906	0
5	131959608	131953933	0
5	131959608	131954233	0
5	131960622	131959535	0
5	131960946	131959572	0
5	131968029	131966415	0
5	131970201	131967939	0
5	131971646	131970127	0
5	131972859	131971549	0
5	131972859	131971571	0
5	131973359	131972723	0
5	131973401	131972723	0
5	131973401	131972786	0
5	131974036	131972723	0
5	131985459	131976647	0
5	131986855	131981858	0
5	131986855	131985406	0
5	131988227	131986821	0
5	131988601	131988047	0
5	131988905	131988047	0
5	131988905	131988164	0
5	131989509	131988804	0
5	131990165	131989406	0
5	131990165	131989425	0
5	131990165	131989449	0
5	131990165	131989479	0
5	131994226	131990852	0
5	131994252	131990852	0
5	131994252	131993165	0
5	131994254	131990852	0
5	131994279	131990852	0
5	131994580	131994030	0
5	131994702	131990852	0
5	131999625	131994030	0
5	132001882	131994030	0
5	132011614	131994030	0
5	132011663	131994030	0
5	132011818	131993754	0
5	132011891	131994135	0
5	132011904	131994030	0
5	132011915	131994135	0
5	132012087	131994030	0
5	132012178	131990852	0
5	132012178	131994030	0
5	132012178	131994135	0
5	132012244	131994030	0
5	1320732	1317743	181
5	1320732	1317752	180
5	1320732	1317867	178
5	1320732	1317891	211
5	1320732	1318174	194
5	1320732	1318298	215
5	1320732	1318354	212
5	132149560	132147490	0
5	1321680	1320207	122
5	1321680	1320615	121
5	132181129	132179233	0
5	1321820	1320614	104
5	1321820	1320683	118
5	1321820	1321634	89
5	1321830	1321634	86
5	132193569	132192985	0
5	132195023	132191837	2
5	132195023	132192609	2
5	132195023	132192612	2
5	132195023	132193040	2
5	132195259	132192670	2
5	132203848	132198878	0
5	132210524	132209137	0
5	132214054	132210283	0
5	132214054	132210379	0
5	132214054	132210380	0
5	132214054	132210440	0
5	132214054	132210489	0
5	132217349	132213915	0
5	132217349	132213923	0
5	132217349	132213944	0
5	132217349	132214040	0
5	132217849	132217196	0
5	132217849	132217222	0
5	132218645	132217196	0
5	132218645	132217751	0
5	132218645	132217778	0
5	132218669	132217751	0
5	132227222	132217751	0
5	132271094	132271302	10
5	132271467	132271790	91
5	132277489	132218544	0
5	132277489	132248906	6
5	132277601	132218544	0
5	132277856	132277341	0
5	132277923	132277208	0
5	132280955	132277341	0
5	1322912	1321634	56
5	1322912	1321646	53
5	1322912	1321763	52
5	1322916	1321634	56
5	132295272	132218544	0
5	132332311	132311284	0
5	132334927	132332188	0
5	132349958	132334784	7
5	132352551	132349432	1
5	132352632	132349814	1
5	132360117	132349814	1
5	132365028	132349814	4
5	132366050	132364934	9
5	132366782	132364934	6
5	132366782	132365858	5
5	132369649	132366280	0
5	132369660	132366567	0
5	132369917	132366567	0
5	132378482	132384146	4
5	1323831	1322876	36
5	1323870	1322833	37
5	1323870	1322876	35
5	132389022	132390689	4
5	132389022	132390775	4
5	1324038	1322876	43
5	132426455	132425380	0
5	132426715	132419415	0
5	132473044	132468889	3
5	1324814	1323786	56
5	1324814	1323832	56
5	132484498	132481608	7
5	132484498	132483085	19
5	132484498	132484050	7
5	132485717	132484361	8
5	1324858	1323786	62
5	132486374	132485666	7
5	132486687	132484361	6
5	132486687	132485666	7
5	132486687	132486250	12
5	132486687	132486340	7
5	132486845	132486122	4
5	132486845	132486556	3
5	132486845	132486616	2
5	132486845	132486663	2
5	132487131	132486794	4
5	132488026	132486953	1
5	132488026	132486961	1
5	132488053	132486953	0
5	132489033	132483084	3
5	132489484	132486953	3
5	132489484	132487925	2
5	132489646	132487925	1
5	132490263	132489391	0
5	132490305	132489391	0
5	132490656	132489391	0
5	132490727	132489391	1
5	132490755	132488670	3
5	132490766	132489391	1
5	132490768	132486953	3
5	132490778	132489391	1
5	132490799	132489391	1
5	132542144	132541443	0
5	132543127	132542014	0
5	132543127	132542065	0
5	132543921	132542065	0
5	132579503	132579861	6
5	1325817	1323786	42
5	132638266	132630588	3
5	132641774	132638157	4
5	132641834	132638075	4
5	132642283	132638047	7
5	132642283	132641745	8
5	132655893	132638049	0
5	132656155	132642197	0
5	132658361	132659417	0
5	132660280	132660282	0
5	132664273	132642182	0
5	132699296	132692627	4
5	132699296	132695629	13
5	132699296	132695631	13
5	132699296	132696453	6
5	132699296	132696633	7
5	132699481	132696547	6
5	132700701	132700215	2
5	132702213	132700535	1
5	132702213	132700646	1
5	132702669	132700646	0
5	132726213	132720608	0
5	132726499	132726127	0
5	132750998	132751693	0
5	132750998	132751917	0
5	132750998	132751965	0
5	132760872	132751458	22
5	132760993	132750816	4
5	132760993	132754178	34
5	132760993	132756000	21
5	132760993	132756004	21
5	132760993	132756332	39
5	132760993	132758142	50
5	132760993	132758143	50
5	132760993	132758199	42
5	132761627	132761132	2
5	132761897	132761457	3
5	132762646	132761500	3
5	132762646	132761799	3
5	132763887	132762483	6
5	132763887	132762602	12
5	132763893	132762483	6
5	132764065	132763705	43
5	132764420	132762483	4
5	132764420	132763705	24
5	132764420	132763768	50
5	132764420	132763823	43
5	132764420	132764038	44
5	132765475	132764223	5
5	132765530	132763960	3
5	132765530	132764223	5
5	132765530	132764258	5
5	132765530	132764390	4
5	132823523	132822140	16
5	132823523	132822160	16
5	132823523	132822319	37
5	132823523	132822795	34
5	132823765	132823249	7
5	132823806	132823282	5
5	132824420	132823622	28
5	132824420	132824038	55
5	132824822	132823849	7
5	132825074	132823849	7
5	132825074	132824614	4
5	132826141	132825017	39
5	132826183	132825017	42
5	132826311	132825017	53
5	132826588	132825162	24
5	132826679	132825162	22
5	132830660	132825168	13
5	132864301	132861183	1
5	132864301	132862465	0
5	132864314	132861183	0
5	132864314	132862383	0
5	132864381	132861183	0
5	132865362	132861180	0
5	132866688	132866868	13
5	132866692	132866868	15
5	132866885	132864136	1
5	132866885	132865436	0
5	132867036	132867487	82
5	132873752	132873949	17
5	132883561	132875378	11
5	132892405	132889078	6
5	132893119	132891816	0
5	132893119	132892163	3
5	132897241	132893029	0
5	132898393	132896322	1
5	132898393	132896810	1
5	132898393	132897203	1
5	132899142	132897203	1
5	132899142	132898229	0
5	132899142	132898282	1
5	132904405	132902441	0
5	132904405	132903860	0
5	132927208	132904367	0
5	132927563	132904367	0
5	132932223	132904367	0
5	132932223	132926700	0
5	132932223	132927120	0
5	132934942	132932177	0
5	132937194	132934146	0
5	132937194	132934619	0
5	132963514	132937066	0
5	132963515	132937066	0
5	132963619	132937066	0
5	132963635	132937066	0
5	133000174	132996984	13
5	133000174	132996995	14
5	133000174	132998099	15
5	133000174	132998616	15
5	133000202	132998407	13
5	133000202	132998412	13
5	133000202	132998527	15
5	133000202	132998704	14
5	133006921	132998211	8
5	133006921	133000131	10
5	133022907	133006758	0
5	133022907	133019037	0
5	133026535	133006758	0
5	133026546	133006758	0
5	133026546	133011338	0
5	133026550	133006758	0
5	133026550	133011338	0
5	133026572	133006758	0
5	133026605	133006758	0
5	133091216	133091216	88
5	133096146	133096150	52
5	133096205	133096205	52
5	133101810	133101810	14
5	133114476	133111054	0
5	133202043	133196454	0
5	133202043	133198467	0
5	133202043	133199732	0
5	133220867	133217228	0
5	133220994	133217228	0
5	133224217	133217228	0
5	133224217	133220747	0
5	133225285	133220772	0
5	133225285	133224189	0
5	133249566	133233416	0
5	133249577	133233416	0
5	133312778	133249409	0
5	133312778	133312416	0
5	133316653	133312653	0
5	133334059	133316458	0
5	133400987	133249409	0
5	133400987	133316458	0
5	133400987	133316596	0
5	1334384	1331798	12
5	1334384	1331802	12
5	1335122	1334288	2
5	1335156	1334288	2
5	1335175	1334288	2
5	1335175	1334357	2
5	133567220	133400737	0
5	133567220	133400915	0
5	133583642	133567185	0
5	133603994	133567185	0
5	133603995	133567185	0
5	133960021	133955501	14
5	133967460	133959777	12
5	133968675	133959534	16
5	133968788	133959493	8
5	133973849	133971914	36
5	133973849	133971951	49
5	133973849	133972725	51
5	133980957	133975870	28
5	133981018	133975870	26
5	133990908	133980728	13
5	133990908	133988787	7
5	134115631	134115908	0
5	134115675	134115908	0
5	134142884	134142992	0
5	134143641	134144796	1
5	134143641	134145259	1
5	134143641	134145740	0
5	134143641	134146223	0
5	134144870	134146200	1
5	134144870	134146223	1
5	134145341	134146223	0
5	134146245	134146369	2
5	134158596	134148934	1
5	134158596	134157507	6
5	134158596	134157509	6
5	134158596	134157571	7
5	134158596	134157940	5
5	134158629	134157391	4
5	134161131	134157337	0
5	134161131	134158454	0
5	134161131	134158479	0
5	134161131	134158483	0
5	134161898	134157473	2
5	134167244	134158454	4
5	134167244	134160986	1
5	134167244	134160995	1
5	134167244	134161019	1
5	134171039	134167169	0
5	134173767	134167169	0
5	134174023	134167169	1
5	134174023	134170950	0
5	134174023	134173700	1
5	134174515	134173925	12
5	134174515	134173966	10
5	134174766	134173925	13
5	134176921	134173925	19
5	134176951	134173386	1
5	134176951	134173925	17
5	134176965	134173925	18
5	134177039	134173925	13
5	134199205	134194333	16
5	134199451	134197635	3
5	134201075	134200334	5
5	134202022	134200984	2
5	134202022	134200987	2
5	134202486	134200973	19
5	134206132	134201847	8
5	134206132	134201858	17
5	134206132	134203524	9
5	134224394	134205921	0
5	134225555	134205921	1
5	134226072	134173925	16
5	134226074	134205921	1
5	134226143	134205921	1
5	134299751	134298628	0
5	134302211	134286349	0
5	134302211	134298431	0
5	134302688	134205613	0
5	134302688	134205953	0
5	134302688	134286437	0
5	134302688	134298418	0
5	134302688	134299424	0
5	134302688	134299655	0
5	134308467	134304404	0
5	134308467	134306608	0
5	134308728	134308000	4
5	134308728	134308137	4
5	134312381	134308137	1
5	134319390	134308573	5
5	134319498	134308137	5
5	134319498	134308573	2
5	134319498	134312291	4
5	134319498	134319030	4
5	134321904	134308000	0
5	134321904	134308573	4
5	134410003	134402086	1
5	134411882	134410548	6
5	134411899	134409902	5
5	134429952	134429050	0
5	134608504	134601143	21
5	134608504	134606428	0
5	134608504	134606429	0
5	134608504	134606737	0
5	134608504	134606801	0
5	134608504	134606948	0
5	134608504	134606986	0
5	134608504	134606989	0
5	134608504	134607036	0
5	134609675	134608371	1
5	134609675	134608975	1
5	134612757	134609570	2
5	134612757	134609609	2
5	134614904	134609570	2
5	134632196	134623961	0
5	134632200	134623961	0
5	134632770	134625776	1
5	134632775	134632076	0
5	134632810	134631601	0
5	134632826	134632076	0
5	134632989	134623961	0
5	134649272	134620932	0
5	134811359	134811695	9
5	134816604	134817495	5
5	134816607	134817495	5
5	134855163	134857356	128
5	134855328	134857356	120
5	134900155	134901065	35
5	135031509	135027734	0
5	135031509	135028552	0
5	135031509	135029221	0
5	135032011	135029286	0
5	135033136	135031275	1
5	135033950	135031275	1
5	135033950	135031285	1
5	135033950	135031335	0
5	135034299	135031275	0
5	135034635	135033712	0
5	135034758	135033712	0
5	135034814	135033712	0
5	135039697	135038840	0
5	135040048	135038830	0
5	135131250	135124379	0
5	135239305	135236233	0
5	135247813	135239152	0
5	135247816	135247045	0
5	135343435	135333899	39
5	135343435	135334380	43
5	135343435	135334382	43
5	135343435	135334409	48
5	135343435	135334416	48
5	135343435	135334434	48
5	135343435	135334472	48
5	135343435	135334855	34
5	135343435	135334912	37
5	135345988	135335100	53
5	135346058	135343259	71
5	135347607	135343259	59
5	135350914	135345967	50
5	135350956	135345689	68
5	135351545	135345967	29
5	135353046	135345967	52
5	135360605	135350813	75
5	135360605	135352945	67
5	135360605	135359396	42
5	135360608	135345967	67
5	135360608	135350822	76
5	135360608	135352945	67
5	135360608	135359721	37
5	135360781	135345967	46
5	135362902	135345967	66
5	135369604	135345967	29
5	135369604	135352945	4
5	135369604	135360415	4
5	135369604	135360496	4
5	135369604	135360518	4
5	135370143	135369367	0
5	135370143	135369405	0
5	135370143	135369480	0
5	135370147	135369405	0
5	135389060	135370035	0
5	135389127	135345967	0
5	135389127	135370035	0
5	135389297	135370035	0
5	135399178	135388921	2
5	135399205	135388921	2
5	135399207	135370035	0
5	135399212	135388921	2
5	135399215	135388921	2
5	135399223	135388921	2
5	135399230	135388921	3
5	135399239	135388921	3
5	135399623	135388921	0
5	135399885	135388921	0
5	135399888	135388916	0
5	135399888	135388921	0
5	135399915	135388921	0
5	135452400	135444217	0
5	135574686	135570678	0
5	135574686	135570682	0
5	135652462	135648583	0
5	135746357	135742461	0
5	135894152	135892245	0
5	135908439	135900352	0
5	135940661	135941027	1
5	135940681	135938583	1
5	135941162	135941782	3
5	135941363	135941782	2
5	135950945	135951111	0
5	135951369	135922278	0
5	135951369	135940511	0
5	135951369	135946910	0
5	135951369	135947149	0
5	135952968	135950871	0
5	135952968	135951222	0
5	135953117	135951222	0
5	135953139	135951222	0
5	136046496	136046850	55
5	136046557	136046850	49
5	136047016	136047273	1
5	136047421	136048252	1
5	136047421	136049438	0
5	136048350	136049438	2
5	136058920	136059089	0
5	136134891	136129506	0
5	136216276	136213319	0
5	136216276	136213348	0
5	136216276	136213434	0
5	136225355	136216199	0
5	136315780	136266219	0
5	136315780	136274656	0
5	136315780	136274672	0
5	136357386	136251648	0
5	136357386	136266219	0
5	136357386	136274672	0
5	136357386	136315596	0
5	136397043	136376347	0
5	1368396	1364113	0
5	136979470	136975297	63
5	136979470	136975299	63
5	136979470	136978791	4
5	136979501	136978453	4
5	136988644	136985139	2
5	136988838	136988421	0
5	136992601	136988421	1
5	136992601	136988552	2
5	136993161	136992483	2
5	13700872	13690330	0
5	137067830	136992483	0
5	137067830	136992514	0
5	137067830	136992553	0
5	137112562	137067714	0
5	137140695	137112434	0
5	137140695	137112491	0
5	137140695	137112493	0
5	137267056	137140579	0
5	137273385	137267009	0
5	137313539	137267009	0
5	137365462	137267014	0
5	137498559	137267009	0
5	137498595	137267009	0
5	137499300	137267009	0
5	137505708	137267009	0
5	137625897	137617499	0
5	137625897	137621220	0
5	137625897	137621501	0
5	137625897	137621938	0
5	137628681	137617658	0
5	13762902	13758845	0
5	137634166	137628296	0
5	137637396	137634036	0
5	137639151	137634036	0
5	137639151	137634043	0
5	137639151	137637293	0
5	137658281	137628296	0
5	137658281	137639859	0
5	13766180	13762721	0
5	137662032	137658130	0
5	137672859	137671766	0
5	137672928	137661914	0
5	137673852	137672666	0
5	137673898	137661914	0
5	137677650	137661914	0
5	137677655	137660710	0
5	137677655	137661914	0
5	137677655	137672753	0
5	137677655	137677416	0
5	13769137	13762750	0
5	137692448	137661914	0
5	137706140	137698286	0
5	137706428	137698286	0
5	137706437	137698286	0
5	137707610	137706049	0
5	137709857	137698286	0
5	137858482	137814332	0
5	137870526	137870876	6
5	137888289	137859055	0
5	137888289	137882792	0
5	137889318	137888159	0
5	137889337	137888159	0
5	137942046	137937959	0
5	137942046	137940171	4
5	137942046	137940180	4
5	137943039	137941943	2
5	137943217	137942874	0
5	137945998	137943132	0
5	137946396	137943194	0
5	137953466	137952627	0
5	137954377	137953335	0
5	137954625	137953345	0
5	1380049	1363625	0
5	1380068	1363581	0
5	138011946	138011007	0
5	138018515	138011767	0
5	138018515	138011889	0
5	138019147	138018301	8
5	138019147	138018385	16
5	138019147	138018408	16
5	138019147	138018478	15
5	138019978	138018954	7
5	138021198	138018301	2
5	138021198	138018954	2
5	138021198	138019880	2
5	138032929	138020762	0
5	138033032	138021030	0
5	138033086	138021030	0
5	138033087	138021030	0
5	138033870	138021030	0
5	138034074	138021030	0
5	138038607	138021030	2
5	138051916	138021030	0
5	138051962	138021030	0
5	13807726	13793935	0
5	138084158	138084249	0
5	138091008	138091423	0
5	138091057	138091358	0
5	13809187	13807590	0
5	13809187	13807657	0
5	138116382	138115552	0
5	138118937	138115171	0
5	138118937	138115406	0
5	138128580	138118817	0
5	138128580	138127432	0
5	138128644	138118817	0
5	138129436	138128478	0
5	138129469	138128478	0
5	138138786	138129262	0
5	138139168	138129420	0
5	138139416	138138651	0
5	138139444	138138340	0
5	138140883	138139765	0
5	138145246	138140626	0
5	138145246	138140704	0
5	138157895	138156881	82
5	138159600	138152481	0
5	138159600	138156881	72
5	138159600	138156914	73
5	138159600	138157641	66
5	138160130	138159554	34
5	138160174	138156881	18
5	138160174	138156896	22
5	138160174	138159554	28
5	138160174	138159574	28
5	138161069	138160068	6
5	138161069	138160090	6
5	138161236	138160068	26
5	138161865	138160890	13
5	138161865	138160894	16
5	138161865	138160967	19
5	138162088	138160890	14
5	138162147	138161795	11
5	138163345	138162051	7
5	138163345	138162053	7
5	138163644	138162053	9
5	138164134	138162053	10
5	138165167	138164319	2
5	138165963	138164319	1
5	138166062	138164713	1
5	138166109	138164713	3
5	138166109	138165111	74
5	138166226	138165021	63
5	138166611	138165827	54
5	138166728	138165827	65
5	138166946	138165827	43
5	138168079	138165827	129
5	138168079	138165998	181
5	138168079	138166517	75
5	138168689	138167933	35
5	138169350	138168469	11
5	138169359	138167642	24
5	138169359	138167933	15
5	138169359	138167986	16
5	138169359	138168469	11
5	138170410	138168469	3
5	138170410	138169221	2
5	138170410	138169262	1
5	138170410	138169362	0
5	138170881	138170344	4
5	138170913	138170344	2
5	138170913	138170380	2
5	138171061	138170831	5
5	138171161	138170729	3
5	138171161	138170831	5
5	138171411	138171037	0
5	138172135	138171037	0
5	138172135	138171344	0
5	138172135	138171360	0
5	138177668	138171360	0
5	138177668	138172064	0
5	138177668	138172719	0
5	138178600	138177570	0
5	138178629	138177570	0
5	138178630	138172064	0
5	138178630	138177565	0
5	138178630	138177570	0
5	138178631	138177570	0
5	138178634	138177570	0
5	138178639	138177163	0
5	138178670	138177570	0
5	138178679	138177570	0
5	138178954	138177570	0
5	138178987	138177570	0
5	138179203	138179659	2
5	138179334	138179659	2
5	138181449	138181502	1
5	138189753	138187647	8
5	138189753	138188986	3
5	138189907	138189632	12
5	138189907	138189669	12
5	138190071	138189113	22
5	138190108	138189632	18
5	138201240	138198604	6
5	138201449	138200926	3
5	138201449	138201106	2
5	138201449	138201164	2
5	138206681	138202112	1
5	138206685	138201342	1
5	138206685	138202112	1
5	138213064	138202112	0
5	138213064	138205870	0
5	138213064	138206470	0
5	138213064	138206546	0
5	138213324	138206546	0
5	138253376	138252378	0
5	138253376	138252381	0
5	138267758	138266995	0
5	138274566	138264260	0
5	138274672	138264260	0
5	138286134	138285264	4
5	138286134	138285572	7
5	138286134	138285576	7
5	138286134	138285579	7
5	138286134	138285691	7
5	138286134	138285743	6
5	138292115	138290638	2
5	138292117	138290638	2
5	138303683	138291969	0
5	138319375	138291969	1
5	138319375	138291984	1
5	138325905	138319218	2
5	138326055	138319218	1
5	138326055	138325814	0
5	138328530	138319218	3
5	138328530	138326020	1
5	138328883	138325917	0
5	138338326	138330986	2
5	138338356	138330986	2
5	138341265	138341808	17
5	138341414	138341808	16
5	138349642	138347026	122
5	138386191	138386288	74
5	138445327	138445328	0
5	138508817	138506094	42
5	138508817	138506098	42
5	138508817	138507989	42
5	138511201	138510564	36
5	138511605	138511044	18
5	138512955	138511103	35
5	138512955	138511474	17
5	138512955	138511524	31
5	138513707	138512698	10
5	138513707	138512763	8
5	138513707	138512771	8
5	138517642	138513567	0
5	138517663	138513567	0
5	138517701	138513567	0
5	138517701	138513650	0
5	138518868	138513567	1
5	138518868	138517560	0
5	138556574	138556046	16
5	138556593	138553755	12
5	138556593	138553781	19
5	138556593	138555334	52
5	138556593	138555826	17
5	138557497	138556451	160
5	138557497	138556773	185
5	138557892	138556773	31
5	138557987	138557401	28
5	138558632	138557868	27
5	138558658	138557341	37
5	138558658	138557868	29
5	138560092	138558552	75
5	138560932	138559863	82
5	138561790	138559719	51
5	138561790	138559863	52
5	138561790	138560780	58
5	138566719	138555359	34
5	138567011	138566625	39
5	138567164	138566625	30
5	138567562	138567000	3
5	138569050	138567454	59
5	138569050	138567648	43
5	138571142	138568924	9
5	138571142	138568965	10
5	138571142	138568967	10
5	138573851	138570798	2
5	138573851	138570959	4
5	138573851	138570976	4
5	138574127	138570959	3
5	138753310	138744433	0
5	138875291	138868922	0
5	138875305	138872454	0
5	138875342	138874045	0
5	138875369	138872631	0
5	138951336	138946719	0
5	138951336	138946753	0
5	138951336	138946994	1
5	138951336	138947022	1
5	138951885	138951170	0
5	138953434	138951787	2
5	13900413	13894649	0
5	13901574	13900205	0
5	139021293	138951787	0
5	139021293	138951788	0
5	139021293	138951819	0
5	139026993	139021170	0
5	139035644	139035147	0
5	139042683	139021170	0
5	139042720	139026800	0
5	139042720	139026956	0
5	139051047	139042619	0
5	139051047	139042702	0
5	139093882	139050937	0
5	13911494	13902052	0
5	139121171	139050937	0
5	139121174	139050937	0
5	139121174	139050945	0
5	139121174	139050949	0
5	139121174	139051006	0
5	139121174	139108006	0
5	139127854	139050937	0
5	139127854	139121034	0
5	13913959	13911356	0
5	13913959	13911385	0
5	139196522	139137328	0
5	139196529	139127738	0
5	139196529	139127943	0
5	139196529	139187750	0
5	139198305	139127943	0
5	139198307	139133333	0
5	139198399	139127738	0
5	139279130	139279548	223
5	139280686	139127738	0
5	139280686	139273537	20
5	139285311	139280567	328
5	139314737	139315696	23
5	139314737	139316075	20
5	139315739	139316075	23
5	139369718	139364676	21
5	139372254	139367195	0
5	139378685	139378221	0
5	139379355	139378578	0
5	139379355	139378590	0
5	139379835	139379206	0
5	139380077	139379206	0
5	139380214	139379330	0
5	139380608	139379955	0
5	139380633	139380207	0
5	139380887	139380207	0
5	139380887	139380552	0
5	139380887	139380564	0
5	139380887	139380597	0
5	139382050	139380797	0
5	139382414	139380825	0
5	139382606	139381891	0
5	139382606	139381912	0
5	139388132	139387479	0
5	139388132	139387485	0
5	139388132	139387567	0
5	139388132	139387568	0
5	139388132	139387784	0
5	139388586	139388020	0
5	139388602	139388020	0
5	139388668	139388020	0
5	139388763	139387594	0
5	139389421	139388460	0
5	139389849	139389326	1
5	139389884	139388020	0
5	139389896	139388020	0
5	139389914	139388460	0
5	139389915	139388460	0
5	139389915	139388595	1
5	139390082	139388460	1
5	139397144	139396562	10
5	139397144	139396766	10
5	139397144	139396777	11
5	139401817	139397040	0
5	139401826	139396853	0
5	139401826	139397040	1
5	139402046	139397040	6
5	139402046	139401459	0
5	139402046	139401500	0
5	139402046	139401524	0
5	139402046	139401754	0
5	139414240	139408587	6
5	139418834	139414186	2
5	139420226	139410202	0
5	139420226	139418718	1
5	139420226	139419067	1
5	139420311	139414054	3
5	139422818	139420052	0
5	139425049	139422707	0
5	139425115	139420201	0
5	139425115	139422707	0
5	139425115	139422784	0
5	139426230	139425004	0
5	139426358	139425004	0
5	139428684	139426171	0
5	139428684	139426186	0
5	139428684	139426211	0
5	139437559	139426171	0
5	139437559	139428537	0
5	139437561	139428537	0
5	139439460	139437371	0
5	139439493	139437371	0
5	139439493	139437522	0
5	139439502	139428537	0
5	139439527	139437371	0
5	139442485	139439405	0
5	139442485	139440678	0
5	139443768	139439405	0
5	139443768	139442286	0
5	139443768	139442315	0
5	139448909	139443684	0
5	139449175	139448555	0
5	139449175	139448804	0
5	139477516	139475533	3
5	139477516	139475963	2
5	139477516	139476344	6
5	139478509	139476025	7
5	139478509	139476300	5
5	139478509	139477328	4
5	139478509	139477454	16
5	139478509	139477482	16
5	139479205	139477328	14
5	139479205	139478461	16
5	139480871	139478367	7
5	139480899	139478269	4
5	139480899	139478351	7
5	139480899	139479103	14
5	139481088	139478269	5
5	139481343	139480789	8
5	139481350	139479169	14
5	139481369	139480789	8
5	139481462	139480789	14
5	139481630	139481158	34
5	139481705	139478269	8
5	139481705	139480789	8
5	139481705	139481158	25
5	139481705	139481185	24
5	139482297	139481158	10
5	139482303	139480789	9
5	139482303	139481158	10
5	139482303	139481418	9
5	139482303	139481477	10
5	139482311	139481245	14
5	139482311	139481477	10
5	139482352	139481477	9
5	139482690	139482209	1
5	139482699	139482209	1
5	139482721	139481845	1
5	139482759	139482209	1
5	139482791	139482209	1
5	139482936	139482209	1
5	139627058	139627551	98
5	139649729	139648998	0
5	139683154	139683385	49
5	139745260	139741348	0
5	139775407	139772527	0
5	139851832	139846778	5
5	139851832	139847648	6
5	139851832	139847674	6
5	139851832	139847916	4
5	139852560	139851603	0
5	139852560	139851752	0
5	139859913	139855675	0
5	139865174	139855675	1
5	139865626	139855675	0
5	139871149	139869398	2
5	139871842	139855675	1
5	139871842	139859888	0
5	139871842	139865114	0
5	139871842	139865548	1
5	139871842	139869537	1
5	139880975	139855675	0
5	140043070	139887339	0
5	140043148	139887339	0
5	140043295	139887339	0
5	140043300	139887339	0
5	1400987	1392789	0
5	1400987	1394028	0
5	140105763	140072856	0
5	140105763	140102921	3
5	140105763	140103832	0
5	140105763	140103839	0
5	140106462	140105586	4
5	140106483	140105301	3
5	140106491	140105586	4
5	140106491	140105599	1
5	140107644	140105586	2
5	140108589	140105424	3
5	140108631	140105586	2
5	140164813	140167364	0
5	140262532	140245447	0
5	140281534	140245038	0
5	140281534	140245124	1
5	140281534	140245551	0
5	140281534	140262528	0
5	140281536	140245346	1
5	140293208	140281448	0
5	140300583	140280959	0
5	140300583	140281444	0
5	140300583	140281448	0
5	140300584	140245086	0
5	140303114	140281448	0
5	140334749	140332842	4
5	140335131	140333523	5
5	140336028	140334657	2
5	140342813	140335871	6
5	140343063	140335890	7
5	140357795	140348483	0
5	140367582	140367719	0
5	140401368	140370890	2
5	140539084	140539358	10
5	140539084	140542171	6
5	140550912	140537339	13
5	140551129	140550840	16
5	140551170	140550067	23
5	140551170	140550551	23
5	140551170	140550681	23
5	140552185	140550533	37
5	140560505	140558267	34
5	140560505	140558268	34
5	140560505	140558271	34
5	140560505	140558393	24
5	140560505	140558584	34
5	140560755	140560312	14
5	140561102	140560312	13
5	140561102	140560400	14
5	140561102	140560638	14
5	140561102	140560698	13
5	140561102	140560718	10
5	140561702	140561364	5
5	140561723	140561364	5
5	140561850	140561364	72
5	140561850	140561586	167
5	140561996	140561586	168
5	140562047	140561586	130
5	140562150	140561586	109
5	140562228	140561364	106
5	140562228	140561586	115
5	140562228	140561642	105
5	140562228	140561843	111
5	140562500	140561586	68
5	140562500	140561843	68
5	140562500	140562031	19
5	140562500	140562099	23
5	140562500	140562140	29
5	140562500	140562172	29
5	140562508	140562099	29
5	140562724	140562352	57
5	140562724	140562368	59
5	140562724	140562442	50
5	140562843	140561842	46
5	140562908	140562352	66
5	140563671	140562662	106
5	140563916	140562352	66
5	140563916	140563337	66
5	140563916	140563593	49
5	140564246	140563751	57
5	140564261	140563751	58
5	140564275	140563751	60
5	140564333	140563751	66
5	140564372	140563751	72
5	140564375	140563533	70
5	140564390	140563751	68
5	140564470	140563593	79
5	140564597	140563593	53
5	140564605	140563751	38
5	140564690	140563751	48
5	140564702	140563751	48
5	140564750	140563405	80
5	140564782	140563751	36
5	140570447	140569961	0
5	140571319	140563889	73
5	140571358	140570287	0
5	140571849	140571198	0
5	140590992	140563751	0
5	140590992	140571927	0
5	140590992	140575442	0
5	140590992	140575709	0
5	140590992	140576947	0
5	140633193	140632343	4
5	140633193	140632740	5
5	140633293	140631727	5
5	140633293	140632818	4
5	140633702	140631727	3
5	140639564	140639738	14
5	140639609	140639738	14
5	140639613	140639738	14
5	140641781	140641869	35
5	140642054	140642314	95
5	140644741	140644984	39
5	140647315	140638739	36
5	140647363	140645284	20
5	140647363	140645368	25
5	140647646	140647255	27
5	140647772	140645473	16
5	140647786	140647255	25
5	140660196	140660757	14
5	140660816	140661619	66
5	140661632	140661632	21
5	140662214	140662301	7
5	140668335	140668414	107
5	140668991	140669078	67
5	140669691	140671268	134
5	140669691	140671321	138
5	140672907	140670793	124
5	140673389	140672444	119
5	140673587	140673270	145
5	140674826	140673903	10
5	140674826	140673904	10
5	140674826	140673905	10
5	140674826	140673914	10
5	140674826	140673919	10
5	140674826	140673931	10
5	140674826	140674173	8
5	140674826	140674200	10
5	140676897	140675016	49
5	140677117	140675422	60
5	140677117	140676653	7
5	140679884	140677654	46
5	140679884	140677907	43
5	140679884	140679001	53
5	140679884	140679061	48
5	140683220	140677654	21
5	140683220	140677907	18
5	140683220	140679388	26
5	140683220	140679787	27
5	140683665	140683099	67
5	140683668	140683099	67
5	140685339	140683099	63
5	140687543	140683099	36
5	140687934	140683099	31
5	140690945	140677654	8
5	140690945	140677907	32
5	140690945	140679787	45
5	140690945	140682760	25
5	140690945	140683099	29
5	140691516	140691606	64
5	140693509	140693590	26
5	140695846	140696028	65
5	140695846	140696102	63
5	140732864	140732289	0
5	140801092	140788811	5
5	140801566	140800990	14
5	140822194	140788456	12
5	140882643	140878072	1
5	141009729	141010165	62
5	141051171	141046259	0
5	141057851	141050964	0
5	141057851	141051002	0
5	141062534	141050878	0
5	141062534	141057749	0
5	141062534	141057777	0
5	141078025	141057749	0
5	141094832	141095226	46
5	141094832	141095259	46
5	141094832	141095346	48
5	141096358	141095581	123
5	141096403	141062410	0
5	141096867	141097001	71
5	141102214	141100241	1
5	141102720	141102854	4
5	141122031	141123154	5
5	141135290	141136641	80
5	141150290	141150494	41
5	141152371	141100329	0
5	141172591	141100458	0
5	141172591	141100704	0
5	141173523	141172432	21
5	141174058	141172432	32
5	141174392	141173916	39
5	141182595	141183567	69
5	141184462	141183731	18
5	141187354	141188278	13
5	141187354	141188537	15
5	141194089	141191598	7
5	141199810	141200506	2
5	141201397	141183400	31
5	141208943	141209820	7
5	141209073	141209820	7
5	141223541	141223908	19
5	141234586	141234791	3
5	141241458	141240738	0
5	141241688	141240740	0
5	141241745	141136682	4
5	141242180	141240843	1
5	141242200	141241452	2
5	141245381	141240738	0
5	141245614	141246144	13
5	141263935	141260224	0
5	141320646	141263812	0
5	141320782	141319899	278
5	141326638	141327769	0
5	141344343	141344439	0
5	141476147	141476530	177
5	141476147	141476970	177
5	141476147	141478393	224
5	1414816	1411242	0
5	141485186	141485309	5
5	141518788	141515072	13
5	141518997	141515020	10
5	141524230	141515015	5
5	141524230	141515021	5
5	141524230	141515054	4
5	141524230	141515974	1
5	141524230	141516571	2
5	141524230	141516624	2
5	141524756	141515015	3
5	141528583	141526296	3
5	141528583	141527570	3
5	141528583	141527572	3
5	141528942	141528452	17
5	141528942	141528543	17
5	141528942	141528544	17
5	141529274	141528701	20
5	141529274	141528799	17
5	141571437	141534334	0
5	141572041	141534334	0
5	141572041	141550498	0
5	141574209	141571925	0
5	141575147	141573491	1
5	141575147	141574031	1
5	141577592	141576755	0
5	141578344	141577474	1
5	141578344	141577492	1
5	141578626	141577988	0
5	141578626	141578224	0
5	141583616	141583205	0
5	141583616	141583230	0
5	141584226	141583484	0
5	141584226	141583518	0
5	141618915	141587041	0
5	141619000	141588223	0
5	141619056	141587041	0
5	141619056	141588223	0
5	1416202	1414690	0
5	141625366	141620875	5
5	141625366	141620924	6
5	141625366	141621484	5
5	141625765	141624861	6
5	141625765	141625207	6
5	141626071	141625207	6
5	141626072	141625684	7
5	141626284	141625684	11
5	141626284	141625700	13
5	141626284	141625749	15
5	141626284	141626012	22
5	141626445	141626025	23
5	141626486	141625684	9
5	141627937	141626193	23
5	141627958	141626193	23
5	141627958	141626232	22
5	141628188	141627891	7
5	141628188	141627892	7
5	141628563	141628113	7
5	141628640	141627892	13
5	141628640	141627898	13
5	141628640	141628113	7
5	141629225	141628558	7
5	141629259	141628113	6
5	141629307	141628558	7
5	141629740	141629172	30
5	141629743	141628604	16
5	141629973	141628558	19
5	141630126	141629172	24
5	141630126	141629265	30
5	141636631	141629859	34
5	141636631	141630043	43
5	141636631	141634810	39
5	141636826	141636547	0
5	141636834	141636547	0
5	141636839	141636547	0
5	141636844	141635908	21
5	141636871	141636547	0
5	141637742	141638169	50
5	141639650	141639919	39
5	141640296	141640411	25
5	141640296	141640670	25
5	141640446	141640670	28
5	141641758	141639301	31
5	141641758	141639307	28
5	141641758	141640981	24
5	141641758	141640986	24
5	141641758	141641208	24
5	141642622	141639302	28
5	141644691	141644217	17
5	141644939	141644572	11
5	141644943	141644572	9
5	141644943	141644629	10
5	141645149	141644572	8
5	141646723	141645019	4
5	141646723	141645770	16
5	141646723	141646086	13
5	141647231	141645770	5
5	141647231	141646086	4
5	141647231	141646507	5
5	141647231	141646602	5
5	141647231	141646671	4
5	141648097	141647397	15
5	141649021	141647883	5
5	141649021	141647967	9
5	141655401	141653400	15
5	141655401	141653402	15
5	141655401	141653407	15
5	141655759	141653790	17
5	1416579	1414740	0
5	141672302	141671894	20
5	141672659	141672101	11
5	141672659	141672266	16
5	141672926	141672551	14
5	141673134	141672740	0
5	141673161	141672740	0
5	141673388	141672767	0
5	141856263	141853372	0
5	141857472	141853110	0
5	141865428	141857251	0
5	141866203	141862884	42
5	141867615	141865061	17
5	141868576	141863012	23
5	141869432	141857251	0
5	141869432	141862651	13
5	141869432	141863056	16
5	141869432	141863231	16
5	141869590	141868568	51
5	141878410	141868568	2
5	141878411	141868568	2
5	141879247	141868953	2
5	141938761	141938855	147
5	141938761	141939553	154
5	141938905	141939505	142
5	141949584	141943584	4
5	141958813	141957780	1
5	141959063	141951492	1
5	141963215	141958036	3
5	141981685	141970636	2
5	142003215	142002085	4
5	142003263	141991748	0
5	142003263	142000668	3
5	142003263	142000673	3
5	142003263	142000677	3
5	142003263	142002089	3
5	142005117	142003087	4
5	142005442	142003217	10
5	142006315	142004874	16
5	142006327	142003087	8
5	142006327	142004931	12
5	142006327	142004985	18
5	142006327	142005043	17
5	142006327	142005111	12
5	142007901	142006035	8
5	142007901	142006143	7
5	142012042	142007798	3
5	142012340	142011911	21
5	142012340	142011948	20
5	142012378	142011911	21
5	142012795	142007798	3
5	142012997	142011911	2
5	142013028	142011911	6
5	142013032	142011911	6
5	142013042	142011848	2
5	142319795	142310426	89
5	142319795	142314957	93
5	142324418	142315108	87
5	142325002	142319743	81
5	142325041	142312973	59
5	142326456	142324898	8
5	142600801	142595230	0
5	142600806	142592177	0
5	142600806	142592178	0
5	142600806	142593368	0
5	142600806	142594751	0
5	142600806	142595230	0
5	142600806	142595242	0
5	142614162	142595087	1
5	142614162	142595160	1
5	142614162	142595230	1
5	142614162	142600701	1
5	142614162	142600799	0
5	142621343	142613958	0
5	142644202	142613958	0
5	142644302	142613958	0
5	142680068	142614004	0
5	142685673	142613958	0
5	142685704	142613958	0
5	142686052	142613958	0
5	142686089	142613958	0
5	142686386	142613958	0
5	142697716	142613958	0
5	142698047	142613958	0
5	142698053	142600701	0
5	142698053	142613958	0
5	142698071	142613958	0
5	142860162	142859603	0
5	142866886	142859603	0
5	143207309	143207443	3
5	143282726	143277930	82
5	143282726	143277935	79
5	143282726	143279566	34
5	143282726	143281119	15
5	143282726	143281137	15
5	143282726	143281161	15
5	143282726	143281810	2
5	143300764	143298667	0
5	143310214	143300484	0
5	143310214	143300560	1
5	143390002	143314001	0
5	143399825	143314001	0
5	143400853	143310096	0
5	143400853	143313998	0
5	143400853	143314001	0
5	143400853	143399655	45
5	143401398	143400407	0
5	143402738	143400403	0
5	143403330	143399655	0
5	143403690	143399655	0
5	143403701	143399655	0
5	143403883	143400403	0
5	143404130	143399655	0
5	143404545	143399655	0
5	143404668	143400403	2
5	143405324	143400403	2
5	143433818	143399655	0
5	143433828	143408989	0
5	143434773	143408989	0
5	143435513	143399655	0
5	143531351	143489854	0
5	144162400	144158158	10
5	144162400	144159272	10
5	144162400	144160477	10
5	144164257	144162217	6
5	144164257	144162361	5
5	144165601	144164110	4
5	144165605	144163862	6
5	144165605	144164110	4
5	144169966	144164110	2
5	144447544	144439203	0
5	145005790	145001852	0
5	145228983	145222609	0
5	145381671	145337931	0
5	145473316	145471798	0
5	145729350	145728359	1
5	145754380	145704091	0
5	145765001	145473199	0
5	145765001	145703903	0
5	145765001	145759018	0
5	145765001	145760255	0
5	145765001	145760316	0
5	145796532	145764930	0
5	145796548	145764930	0
5	145818055	145795074	0
5	145818055	145796441	0
5	145820019	145817893	0
5	145820019	145819378	0
5	145823135	145819687	0
5	145823135	145819944	0
5	145835234	145834651	0
5	145835286	145823076	0
5	145835305	145823076	0
5	145835337	145825997	0
5	145835370	145823076	0
5	145866729	145858520	0
5	145866729	145859495	0
5	1460379	1456479	0
5	146085563	146084385	9
5	146085598	146084385	5
5	146098293	146084385	5
5	146120504	146113037	8
5	146120504	146113895	17
5	146120504	146113910	14
5	146122588	146120370	4
5	146124087	146122491	1
5	146126546	146123978	0
5	146126546	146123981	0
5	146129119	146128671	1
5	146130159	146128977	0
5	146130217	146128977	0
5	146130558	146129082	2
5	146132627	146128977	67
5	146133082	146131018	58
5	146135665	146132897	0
5	146135665	146133056	0
5	146139704	146135600	0
5	146140262	146135600	0
5	146142991	146140203	149
5	146143085	146140203	133
5	146143539	146142871	38
5	146143551	146142781	30
5	146143551	146142871	50
5	146143551	146142958	39
5	146144334	146143411	25
5	146144350	146143243	27
5	146144350	146143411	24
5	146144350	146143486	32
5	146157629	146153892	0
5	146157796	146157396	3
5	146157796	146157402	3
5	146164472	146160373	2
5	146164472	146164314	36
5	146168266	146142871	1
5	146168266	146164309	0
5	146168266	146164397	0
5	146168266	146164459	0
5	146171991	146164309	0
5	146171991	146168127	0
5	146171991	146168147	0
5	146171991	146168228	0
5	146172775	146164309	0
5	146172775	146168127	0
5	146172775	146171909	0
5	146177666	146172686	0
5	146177666	146172690	0
5	146182624	146172686	1
5	146361777	146360694	0
5	146375497	146307097	0
5	146376220	146375590	0
5	146376964	146375342	0
5	1463836	1461189	273
5	146481201	146482591	68
5	146507779	146507872	31
5	146592194	146590037	0
5	146593063	146581145	0
5	146593063	146589503	0
5	146593063	146589506	0
5	146593063	146589508	0
5	146593063	146589510	0
5	146593063	146589671	0
5	146593063	146589946	0
5	146638416	146600290	0
5	14664052	14663100	0
5	14664276	14663102	3
5	14664574	14663878	6
5	146650725	146638250	0
5	1466891	1461422	34
5	1466891	1461428	35
5	1466891	1461839	34
5	146691241	146650546	0
5	146698145	146691127	0
5	146698145	146691213	0
5	146701143	146697978	0
5	146701143	146698016	0
5	146701143	146698028	0
5	146701143	146698039	0
5	146701143	146698060	0
5	146701143	146698077	0
5	146856584	146650546	0
5	146856584	146701044	0
5	146878196	146701044	0
5	146878196	146701071	0
5	146878196	146701085	0
5	146878643	146701044	0
5	146878786	146701044	0
5	146917912	146914206	0
5	146919843	146701044	0
5	146922523	146751221	0
5	146922577	146856498	0
5	147035241	146701044	0
5	147035241	146878001	0
5	147040806	146701044	0
5	147054660	146701044	0
5	147055932	146701044	0
5	147055932	146856498	0
5	147055975	146701044	0
5	147056028	146878001	0
5	147081137	146701044	0
5	147081137	146878001	0
5	14712974	14704799	46
5	14712974	14711087	60
5	147202152	147180203	0
5	147383955	147384374	0
5	147395722	147390810	15
5	147395722	147390811	15
5	147395722	147393824	10
5	147397846	147395558	1
5	147397846	147395653	1
5	147397846	147395676	1
5	147399253	147395558	1
5	147401603	147400691	0
5	147401697	147399081	0
5	147401697	147400691	3
5	147405641	147401539	0
5	147405731	147401539	0
5	147406199	147401539	0
5	147408797	147405609	8
5	147412689	147408727	0
5	147418632	147413595	0
5	147418632	147415708	0
5	14741923	14716705	0
5	14741923	14741291	1
5	147424964	147418446	0
5	147424964	147418477	0
5	147424964	147418482	0
5	147453689	147399081	0
5	14745963	14741456	0
5	14745963	14741826	0
5	147509536	147472631	0
5	147510057	147424874	0
5	147601812	147585438	0
5	147601812	147588426	0
5	147601812	147591361	0
5	147612372	147588565	0
5	147632779	147631412	0
5	147636285	147632678	0
5	147636285	147632679	0
5	147637049	147632679	0
5	147648475	147644849	0
5	147650548	147648375	0
5	147661446	147650337	0
5	147661447	147648375	0
5	147671955	147660947	0
5	14769151	14768161	0
5	14769192	14758479	0
5	147782769	147660947	0
5	147828129	147824567	0
5	147828131	147824571	0
5	147829631	147827085	0
5	147829631	147828021	0
5	14788218	14769006	0
5	147897042	147892707	0
5	147901774	147880725	0
5	147901774	147896983	0
5	147906491	147901628	0
5	147906503	147901628	0
5	147906539	147901307	0
5	1479676	1477403	31
5	1480977	1479475	3
5	1480977	1479620	6
5	148202894	148203020	0
5	148268508	148268718	0
5	148283576	148282319	0
5	148290996	148268306	0
5	148290996	148283399	0
5	148308166	148290251	0
5	148313400	148314099	0
5	1483487	1480941	1
5	148378846	148308003	0
5	148430808	148430158	3
5	148461944	148451169	0
5	148465926	148451184	0
5	148484380	148481546	0
5	148484380	148481557	0
5	148490847	148482855	0
5	148510025	148451031	0
5	148510025	148465849	0
5	148510025	148476635	0
5	148510025	148481469	0
5	148510025	148481546	0
5	148510025	148483164	0
5	148510025	148484259	0
5	148510025	148490599	0
5	148523347	148509316	0
5	148523347	148509455	0
5	148550263	148548667	0
5	148637015	148550136	0
5	148637017	148550136	0
5	148637021	148550136	0
5	148637030	148550136	0
5	148637034	148550136	0
5	148637062	148550136	0
5	148637062	148628450	0
5	148654154	148636988	0
5	148654528	148636988	0
5	148662689	148636988	0
5	14871473	14768615	0
5	14871727	14868708	0
5	14871786	14768974	0
5	1488452	1483427	0
5	148924179	148923638	0
5	148954886	148923978	0
5	1489859	1488376	2
5	1489859	1488390	1
5	149003843	148954672	1
5	149003843	149001566	21
5	149003843	149002827	23
5	149006252	149003725	22
5	149007070	149003946	20
5	149007078	149001347	20
5	149007078	149003725	17
5	149007078	149004550	22
5	149007078	149004620	16
5	149007078	149004621	16
5	149007112	148954800	1
5	149008612	149003952	21
5	149026753	149012583	3
5	149028555	149026571	32
5	149028719	149025777	35
5	149028719	149026563	45
5	149028719	149026571	43
5	149028719	149026859	45
5	149028719	149028384	3
5	149031617	149026859	0
5	149031688	149028676	0
5	149034521	149031553	0
5	149035603	149031553	0
5	149038491	149031553	0
5	149038491	149031585	0
5	149042748	149041473	0
5	149042817	149041415	0
5	149042838	149040603	0
5	149042838	149041415	0
5	149042838	149041473	0
5	149044639	149041415	0
5	149044639	149042693	0
5	149044639	149042719	0
5	149045962	149044532	0
5	149047990	149044532	0
5	149047990	149045893	0
5	149048020	149044532	0
5	149052241	149043654	0
5	149052241	149044532	0
5	149052241	149047861	0
5	149063045	149052141	0
5	149063048	149052141	0
5	149063059	149052141	0
5	149063063	149052141	0
5	149063090	149052141	0
5	149063125	149052141	0
5	149063164	149052141	0
5	149064175	149064249	43
5	149141655	149142008	1
5	149177080	149174507	0
5	149276763	149176943	0
5	149276777	149163954	0
5	149276806	149216522	0
5	149345334	149324219	1
5	149357643	149348115	4
5	149362844	149362966	5
5	149362844	149364035	3
5	149363017	149364035	1
5	149364211	149365941	6
5	149364211	149366118	5
5	149372334	149371323	0
5	149374343	149372203	0
5	149377026	149374266	0
5	149377026	149374356	0
5	149408158	149410161	0
5	149420545	149421480	0
5	149421602	149423185	0
5	149421602	149424089	0
5	149423310	149424089	0
5	149424398	149425096	0
5	149426395	149427872	0
5	149428290	149425770	0
5	149501223	149499162	42
5	149504671	149494313	47
5	149505596	149492196	36
5	149505596	149495895	89
5	149505596	149496053	71
5	149505596	149496587	80
5	149505596	149496852	90
5	149505596	149501014	65
5	149507134	149504845	1
5	149507134	149505446	1
5	149507134	149505482	1
5	149525172	149520289	0
5	149529720	149525134	0
5	149550182	149525044	0
5	149550182	149529603	0
5	149550182	149549327	2
5	149550300	149525044	0
5	149845915	149847291	8
5	149845915	149847457	11
5	149860972	149857954	0
5	149863267	149857955	0
5	149863267	149857956	0
5	149863267	149859891	0
5	149863267	149860653	0
5	149934020	149931027	0
5	149944794	149931027	0
5	149944794	149934565	0
5	150000654	149999839	3
5	150000655	149994727	3
5	150001168	149993117	4
5	150024409	150024504	143
5	150054431	150053290	2
5	150054821	150053837	0
5	150056138	150055236	0
5	150056342	150056025	0
5	150059863	150057503	0
5	150060973	150057503	0
5	150060973	150058154	0
5	150060973	150059699	0
5	150060973	150059777	1
5	150070572	150070181	0
5	150073494	150070455	0
5	150077436	150070539	0
5	150077436	150073300	0
5	150078249	150076903	0
5	150078249	150077275	0
5	150080337	150078111	0
5	150081025	150080051	0
5	150113373	150080766	0
5	150113373	150086378	0
5	150114959	150113841	5
5	150117851	150113836	0
5	150117851	150115726	0
5	150119567	150118746	0
5	150120124	150119466	0
5	150121011	150120011	0
5	150121323	150120887	0
5	150121323	150120926	0
5	150124361	150123041	1
5	150124832	150124249	0
5	150125521	150124169	0
5	150125578	150124726	0
5	150133761	150132749	0
5	150134009	150133585	0
5	150134111	150133694	0
5	150135017	150133880	0
5	150135879	150133880	0
5	150135879	150134715	0
5	150135879	150134749	0
5	150135879	150134856	0
5	150137438	150137007	1
5	150155628	150135554	0
5	150155860	150137007	0
5	150155861	150137007	0
5	150155861	150137303	0
5	150155873	150153410	0
5	150166913	150167232	0
5	150223218	150219490	0
5	150223218	150221773	0
5	150223218	150222690	0
5	150238749	150231304	0
5	150239737	150238288	0
5	150239737	150238699	0
5	150245202	150238699	0
5	150245329	150238699	0
5	150253547	150251981	0
5	150256646	150253443	0
5	150256646	150253500	0
5	150257618	150256765	0
5	150265016	150257562	0
5	150265398	150264955	0
5	150273160	150257562	0
5	150273160	150264955	0
5	150273160	150265141	0
5	150302954	150296342	0
5	150339294	150298234	0
5	150339308	150297213	0
5	150367918	150368715	0
5	150374812	150374953	2
5	150375164	150375338	1
5	150375910	150376081	20
5	150391658	150391956	35
5	150391796	150391956	30
5	150392177	150392704	51
5	150392177	150392707	50
5	150392177	150393371	42
5	150392791	150393371	47
5	150402626	150401636	134
5	150402626	150401669	398
5	150402626	150402151	134
5	150402626	150402169	134
5	150403313	150401698	187
5	150403313	150402562	197
5	150404768	150402562	159
5	150404768	150403120	139
5	150405181	150404485	62
5	150405181	150404663	56
5	150405181	150404679	52
5	150406322	150401863	149
5	150406322	150402562	105
5	150406322	150403120	124
5	150406322	150405084	121
5	150406322	150405315	118
5	150406961	150405977	112
5	150406961	150406258	86
5	150407325	150406038	113
5	150407325	150406258	66
5	150407325	150406704	84
5	150407325	150406880	100
5	150412752	150406258	46
5	150412913	150406880	22
5	150444642	150444237	127
5	150445686	150442634	49
5	150445686	150444228	84
5	150445686	150444232	84
5	150445686	150444237	77
5	150445686	150444291	61
5	150445686	150444478	147
5	150446938	150445423	99
5	150446964	150445608	85
5	150449728	150445608	60
5	150485300	150475530	0
5	150614712	150608427	0
5	150672391	150670657	0
5	150693027	150690793	18
5	150693027	150691518	18
5	150695707	150694075	55
5	150696706	150695323	19
5	150696706	150695505	18
5	150696706	150695693	21
5	150696892	150696532	30
5	150698632	150696594	4
5	150698632	150696666	4
5	150698632	150696790	2
5	150699272	150696790	5
5	150715663	150708439	6
5	150715663	150708747	4
5	150715663	150710857	6
5	150718384	150715564	1
5	150719771	150718275	0
5	150730741	150722906	2
5	150731157	150730630	1
5	150731157	150730634	1
5	150731311	150730630	1
5	150731490	150731043	6
5	150731490	150731063	10
5	150731490	150731110	9
5	150731795	150731043	2
5	150731907	150731415	2
5	150733476	150731374	0
5	150733476	150731415	0
5	150733476	150731453	0
5	150733476	150731885	0
5	150733910	150731415	0
5	150734476	150733395	1
5	150742158	150733367	0
5	150742158	150733383	0
5	150742158	150733390	0
5	150742158	150736308	0
5	150753658	150733393	0
5	150898185	150894391	95
5	150898185	150894398	95
5	150898555	150894398	95
5	150898555	150898057	5
5	150898555	150898061	5
5	150903183	150898427	6
5	150903978	150898427	1
5	150942314	150930644	0
5	150942314	150930762	2
5	150951172	150950108	0
5	151025469	151025471	0
5	151028777	151028902	1
5	151032384	151029944	3
5	151032384	151029948	3
5	151032384	151029960	4
5	151032384	151030483	7
5	151032384	151030491	5
5	151032384	151030580	5
5	151032384	151030688	5
5	151032401	151029946	3
5	151033580	151032286	5
5	151033800	151032286	2
5	151035068	151029946	2
5	151035068	151029948	2
5	151035068	151030618	4
5	151035068	151032286	2
5	151035068	151033479	0
5	151035068	151033607	1
5	151035655	151034495	2
5	151035708	151035001	2
5	151035708	151035040	2
5	151042962	151042539	0
5	151045951	151032049	0
5	151045951	151042895	0
5	151046362	151042897	1
5	151049904	151045920	0
5	151049948	151045860	0
5	151049948	151045865	0
5	151060396	151056765	0
5	151062213	151060317	0
5	151062213	151060321	0
5	151062213	151060353	0
5	151080360	151064959	0
5	151080360	151078402	0
5	151081017	151063612	0
5	151081055	151064959	0
5	151081075	151064959	0
5	151081085	151064959	0
5	151087159	151064959	0
5	151087167	151063612	0
5	151087661	151064959	0
5	151093578	151064959	0
5	151101508	151100711	3
5	151103693	151101104	2
5	151103693	151101108	2
5	151103693	151101143	4
5	151103693	151101458	3
5	151103693	151101479	3
5	151119391	151117757	0
5	151122261	151119299	0
5	151122261	151119373	0
5	151123012	151122146	0
5	151123012	151122220	0
5	151126447	151124285	0
5	151126481	151124285	0
5	151128240	151126401	0
5	151128240	151126444	0
5	151128372	151126401	0
5	151129480	151128180	0
5	151129530	151128180	0
5	151131290	151129406	0
5	151131290	151129459	0
5	151134484	151133093	0
5	151136336	151134426	0
5	151137322	151133093	0
5	151137322	151136255	0
5	151137322	151136259	0
5	151138792	151103569	0
5	151138792	151126401	0
5	151138792	151129406	0
5	151138792	151137230	0
5	151138792	151137274	0
5	151138792	151137308	0
5	151139448	151122146	0
5	151139448	151137212	0
5	151157748	151147883	0
5	151157753	151147883	0
5	151157761	151147883	0
5	151157762	151154884	3
5	151157766	151140152	0
5	151157766	151147883	0
5	151157768	151147883	0
5	151157786	151147883	0
5	151157883	151147883	0
5	151158463	151158105	0
5	15116265	15112376	0
5	151184442	151181051	0
5	151184442	151181392	1
5	151185216	151181234	0
5	151185542	151184343	0
5	151186125	151184343	0
5	151186125	151185421	0
5	151186125	151185446	0
5	151199085	151187385	0
5	151201689	151187385	0
5	151201689	151198841	0
5	151201689	151198996	0
5	151205476	151201581	0
5	151205478	151201581	0
5	151211146	151205399	0
5	151224093	151215565	0
5	151224094	151201581	0
5	151224146	151205399	0
5	151281184	151276761	0
5	151281184	151277147	0
5	151281184	151277350	0
5	151322216	151314977	0
5	151322216	151316192	0
5	151325453	151321884	0
5	151325453	151322045	0
5	151332526	151325285	0
5	151333323	151325285	0
5	151333325	151325150	0
5	151339145	151335328	0
5	151342984	151335328	0
5	151342984	151338612	0
5	151342984	151339059	0
5	151387233	151366432	0
5	151412750	151366298	0
5	151447707	151447768	24
5	151507612	151504092	3
5	151507612	151504093	3
5	151510175	151507153	8
5	151512349	151510020	5
5	151512607	151510020	4
5	151517766	151510020	3
5	151517766	151512164	2
5	151525966	151521275	0
5	151664236	151661095	42
5	151664236	151662487	472
5	151666510	151664086	29
5	151667585	151666424	8
5	151667601	151666360	7
5	151667601	151666372	7
5	151667601	151666476	7
5	151667655	151666360	5
5	151669785	151667466	31
5	151669785	151667473	31
5	151671695	151669663	26
5	151671830	151669663	22
5	151673217	151671569	2
5	151673217	151671572	2
5	151674675	151672596	1
5	151674675	151673128	1
5	151674675	151673177	0
5	151686964	151671572	5
5	151686964	151679073	5
5	151686969	151673128	6
5	151686976	151676131	6
5	151687166	151676131	3
5	151746450	151742821	15
5	151746450	151742822	15
5	151746564	151742821	13
5	151751780	151742315	10
5	151751780	151746045	15
5	151751780	151746278	12
5	151752119	151746278	10
5	151771509	151770241	2
5	151772533	151758545	1
5	151829068	151822512	4
5	151829068	151822626	2
5	151851605	151828920	0
5	151851605	151849690	0
5	151886789	151859784	0
5	1521481	1501460	0
5	152267356	152270194	0
5	152395585	152391531	0
5	1523963	1501460	1
5	1523978	1501460	1
5	152398145	152395458	0
5	152398145	152395497	0
5	15243768	15192138	0
5	152623353	152618964	0
5	152684786	152619033	0
5	152684786	152620504	0
5	152966335	152820244	0
5	152966335	152885426	0
5	152966335	152938837	0
5	153068814	152684660	0
5	153895786	153887427	0
5	153994744	153992687	4
5	153994973	153990127	7
5	153994973	153991702	7
5	153994973	153992498	4
5	153994973	153992954	6
5	153995308	153992713	5
5	154026523	154011240	0
5	154027335	154026398	0
5	154027382	154026311	0
5	154028284	154027175	0
5	154029581	154028148	0
5	154029581	154028242	1
5	154029581	154028279	1
5	154033878	154029488	0
5	154033884	154029488	0
5	154034378	154033790	0
5	154034378	154033816	0
5	154034947	154027294	0
5	154034947	154034277	0
5	154034968	154033790	0
5	154034968	154034277	0
5	154034968	154034349	0
5	154036386	154034743	1
5	154037311	154034762	4
5	154038435	154034743	5
5	154038435	154034875	7
5	154038748	154034762	3
5	154038867	154034743	2
5	154038899	154034743	2
5	154038899	154034907	3
5	154038908	154034847	1
5	154038911	154034743	2
5	154038920	154034743	2
5	154038922	154034743	2
5	154038937	154034743	2
5	154329958	154329436	0
5	154443481	154329792	0
5	154443481	154392170	4
5	154443481	154436000	2
5	154445814	154443361	0
5	154445820	154443361	0
5	154445823	154442996	0
5	154445851	154443361	0
5	154478265	154474971	0
5	154485930	154483916	0
5	154486151	154485272	0
5	1546966	1544106	0
5	154821427	154818490	4
5	154821427	154820193	2
5	154821427	154820368	2
5	154822578	154818493	4
5	154822578	154819749	3
5	154822578	154821259	2
5	154823593	154822469	11
5	154823593	154822471	11
5	154823593	154822494	11
5	154823593	154822526	11
5	154824709	154822471	14
5	154830923	154822471	5
5	154830923	154823307	12
5	154830923	154823386	11
5	154830923	154823449	6
5	154830923	154823560	9
5	154830923	154824460	9
5	154831299	154823503	6
5	154834729	154823307	10
5	154834729	154824483	6
5	154834729	154830326	4
5	154834729	154830800	4
5	154834729	154830889	4
5	154834935	154823386	9
5	154834935	154834624	0
5	154834955	154834624	0
5	154835089	154830800	0
5	154835120	154834624	0
5	154835275	154834624	0
5	154836323	154834842	0
5	154838179	154823386	4
5	154838179	154830800	0
5	154838179	154834624	0
5	154838179	154834842	0
5	154838179	154834887	0
5	154850604	154834842	0
5	154850610	154834842	0
5	154858526	154858638	10
5	154858544	154858638	10
5	154859253	154858615	28
5	154889418	154887415	1
5	154891743	154889320	1
5	154892550	154891240	0
5	154892651	154891433	0
5	154927551	154925861	3
5	154928660	154927384	0
5	154928660	154927385	0
5	154941139	154941216	1
5	154956437	154957134	0
5	155112325	155111183	0
5	15607250	15606759	0
5	15607349	15602188	0
5	156738663	156704057	0
5	156920504	156919281	0
5	156920504	156919354	0
5	156920504	156919388	0
5	156926313	156922098	0
5	157032871	157029739	0
5	157032888	157029425	0
5	157032888	157029515	0
5	157037362	157029412	0
5	157037362	157029519	0
5	157052655	157049037	0
5	157055534	157052360	0
5	157055534	157052364	0
5	157088978	157085831	0
5	157088978	157087087	0
5	157095460	157088940	0
5	157098902	157095305	0
5	157098902	157095407	0
5	157098902	157095449	0
5	157106963	157098857	0
5	157106963	157104665	0
5	157107284	157104665	0
5	157107303	157106653	0
5	157109093	157106119	0
5	157109123	157106626	0
5	157109715	157106626	0
5	157142776	157138441	1
5	157142870	157106626	0
5	157143060	157138845	2
5	157143185	157137411	1
5	157166265	157161845	0
5	157224381	157199241	0
5	157240196	157241645	0
5	157243795	157244261	0
5	157265424	157260121	0
5	157325639	157326170	2
5	157345565	157342995	0
5	157345722	157341599	0
5	157345817	157341595	0
5	157364606	157361460	0
5	157365502	157363381	0
5	157376507	157364525	0
5	157384518	157380013	2
5	157384940	157375740	0
5	157384951	157384436	0
5	157398215	157395533	0
5	1574296	1572221	14
5	157460101	157376381	0
5	157460358	157460547	0
5	157481944	157477303	1
5	157488490	157398160	0
5	157488490	157481226	4
5	157488490	157481790	2
5	157570981	157564372	0
5	157575742	157570894	0
5	157575758	157570445	0
5	157575776	157570894	0
5	157605638	157604706	0
5	157638723	157625678	0
5	157638723	157626174	0
5	157646817	157625678	0
5	157690267	157682984	0
5	157789514	157786288	30
5	157789514	157786290	30
5	157789514	157787470	27
5	157789514	157787601	24
5	157789568	157785742	35
5	157789568	157786286	19
5	157789568	157787404	22
5	157790562	157786286	31
5	157791725	157789362	47
5	157791842	157790599	100
5	157791996	157789362	58
5	157794973	157791619	7
5	157794973	157791702	7
5	157796146	157791702	10
5	157803720	157791757	4
5	157809806	157805865	0
5	157986078	157984657	0
5	157988228	157985874	0
5	158176423	158173600	0
5	158226371	158225351	0
5	158326205	158320682	0
5	158707637	158698640	0
5	158708174	158695915	0
5	158708174	158695919	0
5	158708174	158698663	0
5	158708174	158698688	0
5	158708174	158698884	0
5	158731158	158714116	0
5	158777540	158731043	0
5	158777540	158731068	0
5	1589366	1576543	25
5	159019130	158840028	0
5	159073465	158840028	0
5	159084740	158840028	0
5	159084740	159073395	0
5	159095676	159084665	0
5	159159036	159157823	239
5	159161361	159158839	55
5	159161581	159157410	48
5	159161623	159157408	47
5	159161623	159157412	47
5	159161623	159158290	45
5	159161623	159158298	48
5	159161623	159158520	47
5	159163029	159161140	5
5	159163080	159161265	5
5	159163080	159161483	3
5	159182052	159176631	2
5	159194825	159181959	1
5	159316817	159314782	0
5	159318894	159316684	0
5	1593285	1589027	0
5	1593290	1589246	0
5	159452794	159448555	0
5	159488294	159484129	0
5	159704577	159698588	0
5	159708273	159698585	0
5	159778688	159750904	0
5	159867036	159776771	0
5	159867929	159778629	0
5	159929098	159867857	0
5	1599828	1598919	1
5	160063674	160061800	6
5	160065023	160065276	145
5	160066613	160063541	3
5	160080771	160075881	3
5	160080771	160077843	5
5	160089611	160066779	2
5	160093181	160089505	24
5	160093285	160089505	15
5	160094066	160077932	6
5	160094066	160080650	1
5	160108615	160093757	0
5	160119423	160093100	7
5	160119424	160091338	4
5	160119424	160093100	7
5	160199096	160195743	0
5	160204827	160196590	0
5	160254336	160251652	20
5	160254336	160251666	21
5	160255709	160249105	7
5	160255709	160251651	7
5	160255709	160251656	7
5	160255709	160251663	7
5	160255709	160251672	7
5	160255709	160254128	3
5	160255709	160254300	7
5	160259772	160254128	1
5	160259772	160255548	1
5	160261338	160259468	2
5	160269545	160259468	0
5	1602736	1598919	6
5	1602736	1599120	6
5	1602736	1599626	5
5	160274859	160259468	0
5	160276413	160259468	0
5	160280739	160259468	0
5	160280739	160261080	0
5	160280739	160269462	0
5	160280739	160274821	1
5	160280739	160276268	3
5	160280949	160259589	0
5	160281390	160280524	0
5	160294964	160280524	0
5	160311973	160280524	0
5	160315506	160280524	0
5	160315506	160280630	0
5	160339651	160315381	0
5	160342717	160315381	0
5	160345397	160342215	0
5	160355021	160347750	0
5	160397516	160393527	4
5	160400098	160393147	3
5	160404557	160401640	6
5	160404620	160403152	4
5	160406630	160405030	2
5	160407616	160406348	3
5	160407616	160406467	4
5	160407811	160406364	2
5	160413621	160412450	0
5	160413980	160413455	0
5	160413980	160413594	4
5	160414473	160413801	0
5	160414473	160413898	0
5	160414473	160413931	0
5	160415311	160414116	0
5	160415311	160414318	0
5	160415311	160414337	0
5	160422156	160422301	57
5	160422237	160422339	67
5	160422404	160422708	3
5	160569684	160563119	0
5	160602703	160598769	0
5	160603292	160602565	0
5	160604042	160602576	1
5	160606917	160603619	2
5	160607087	160603964	0
5	160612899	160611796	0
5	160612926	160606764	0
5	160615965	160612238	0
5	160615965	160612740	0
5	160634559	160632128	0
5	160634607	160632128	0
5	160636310	160632623	0
5	160636310	160633254	0
5	160636310	160633752	0
5	160636310	160634353	0
5	160640593	160636181	0
5	160686274	160670462	0
5	160688095	160686078	0
5	160688095	160686220	0
5	160688944	160687799	0
5	160717035	160687799	0
5	160717035	160687910	0
5	160717035	160688759	0
5	160717035	160688819	0
5	160785804	160687799	0
5	160852213	160687799	0
5	16091082	16067138	0
5	160936110	160931777	0
5	160936110	160931780	0
5	161326482	161288428	0
5	161331128	161293863	0
5	161331128	161293897	0
5	161331128	161326367	0
5	161334905	161329433	0
5	161334905	161330882	0
5	161459845	161410974	0
5	161545295	161410974	0
5	161545295	161459134	0
5	161545295	161459623	0
5	161546796	161545226	0
5	161546796	161546321	0
5	161548024	161546745	0
5	161548125	161546566	0
5	161548136	161546566	0
5	161548228	161546566	0
5	161689409	161687346	0
5	161689780	161690200	0
5	16177830	16067313	0
5	16177882	16090886	0
5	16177882	16090888	0
5	161847714	161848190	0
5	161847787	161848190	0
5	161850668	161850795	0
5	161850681	161850795	0
5	161850686	161850795	0
5	161923865	161910251	0
5	162067642	162068062	0
5	162101318	162102553	0
5	162101318	162103888	0
5	162102674	162103888	0
5	162149314	162150994	0
5	162149314	162151729	0
5	162149314	162152999	0
5	162149314	162153092	0
5	162151754	162153092	0
5	162427444	162424041	0
5	162427444	162424377	0
5	162535064	162507827	0
5	162547227	162427305	0
5	162556311	162552038	0
5	162558405	162555598	0
5	162558405	162556030	0
5	162559058	162558294	0
5	162561945	162558294	0
5	162561945	162558684	0
5	162561945	162558852	0
5	162561945	162558936	0
5	1626927	1602690	3
5	162795831	162623974	0
5	162795920	162660101	0
5	1629631	1626785	2
5	1630567	1628754	10
5	1630567	1629000	12
5	163089347	163011896	0
5	163089347	163038062	0
5	163256968	163089244	0
5	163256988	163256070	0
5	1632752	1601915	3
5	1632752	1628754	5
5	1632907	1602690	5
5	1632907	1628754	6
5	163425921	163089244	0
5	163425921	163256850	0
5	163437665	163437764	37
5	163437670	163437793	37
5	163443926	163444336	62
5	163457006	163453922	1
5	163457081	163446525	2
5	163457611	163456928	3
5	163457611	163456963	3
5	163457611	163456987	3
5	163483173	163483267	5
5	163489384	163483175	10
5	163493550	163489250	6
5	163494035	163483064	14
5	163512197	163513554	4
5	163516712	163517560	4
5	163517403	163517464	8
5	163517675	163518192	12
5	163601875	163597351	0
5	16384345	16373360	0
5	163856643	163855139	0
5	164194357	164119097	0
5	164230449	164194144	0
5	16437916	16431047	0
5	164449414	164448421	0
5	16453157	16451518	9
5	164601263	164601347	0
5	16475235	16473037	10
5	16477789	16473052	0
5	16477789	16473053	0
5	16477789	16474648	1
5	16477789	16475230	1
5	16483473	16481008	1
5	16508687	16482996	0
5	16508999	16483345	0
5	16509437	16483345	0
5	165140251	165129306	0
5	165240530	165238482	0
5	165240758	165220576	0
5	16565794	16483345	0
5	16617039	16616078	4
5	16617059	16571995	0
5	16668469	16661913	1
5	16668469	16665285	1
5	16668469	16666379	5
5	16668469	16666561	5
5	166908012	166905221	0
5	16703159	16702542	0
5	16704686	16702924	0
5	16704686	16702976	0
5	16704686	16702998	0
5	16704686	16702999	0
5	16711015	16704578	0
5	16711023	16704578	0
5	16711246	16704578	0
5	16711246	16710671	0
5	16711246	16710703	0
5	16711246	16710907	0
5	167119586	167116317	0
5	167168402	167164933	0
5	167294274	167287319	0
5	167297551	167296233	0
5	167308052	167306272	0
5	16754909	16710907	0
5	167660482	167653227	0
5	16780742	16780523	0
5	16781830	16780727	0
5	16781830	16780733	0
5	167938632	167937716	0
5	167953470	167948815	0
5	167967087	167965186	0
5	168087441	168085328	0
5	168165180	168088222	0
5	16818168	16794645	0
5	16818168	16814516	0
5	168231057	168229582	0
5	168559158	168548494	56
5	168559158	168557610	9
5	168561517	168559031	11
5	168566267	168563888	1
5	168568999	168566012	0
5	168568999	168566236	0
5	168669992	168661732	0
5	168669992	168661739	0
5	168669992	168666224	0
5	168684097	168673176	0
5	168685928	168683965	0
5	168687117	168683965	0
5	168707268	168708436	0
5	168711059	168700581	0
5	168711059	168707975	0
5	168722328	168712282	0
5	168753099	168749471	0
5	168754008	168752402	0
5	168754008	168752954	0
5	168772945	168762538	0
5	168774379	168772186	0
5	168774379	168772780	0
5	16877708	16818008	0
5	168785979	168774234	0
5	168792342	168785906	0
5	168795579	168789559	0
5	16916528	16877608	0
5	169193551	168883264	0
5	169193551	169119870	0
5	169300747	169251387	0
5	169300778	169251387	0
5	169300783	169251387	0
5	169301130	169251387	0
5	16935939	16818008	0
5	16936260	16877608	0
5	16936264	16877608	0
5	16936277	16877608	0
5	169779366	169772965	0
5	169881443	169864263	0
5	169884817	169881367	3
5	169980449	169884374	0
5	169980741	169882552	0
5	170056769	170057579	1
5	170079147	170080162	0
5	170080284	170081841	0
5	170194007	170191578	0
5	170196632	170193915	0
5	170197830	170196574	0
5	170199142	170196483	0
5	170233008	170234114	2
5	170250886	170246236	0
5	170250886	170248084	0
5	170250886	170248299	0
5	170251693	170247571	0
5	170252512	170250729	0
5	170253214	170252433	0
5	170256576	170253118	0
5	170258167	170256525	0
5	170258167	170256556	0
5	170258499	170256525	0
5	170270918	170268384	0
5	170274339	170270499	0
5	170274339	170270718	0
5	170275352	170273780	0
5	170275352	170274300	0
5	170275861	170275319	0
5	170288017	170275624	0
5	170288017	170275794	0
5	170293373	170287716	0
5	170293373	170287969	0
5	170312717	170308700	0
5	170383851	170374670	0
5	170385472	170382651	0
5	170385472	170383678	0
5	170486408	170483805	0
5	170642146	170639157	0
5	170753649	170747046	0
5	170758180	170753512	0
5	170767559	170757884	0
5	170788342	170767203	0
5	170909766	170910968	0
5	171309778	171305979	0
5	171391425	171391705	16
5	171392817	171392913	8
5	17162566	17130027	0
5	171733057	171724574	0
5	171868663	171867777	16
5	171868797	171861548	4
5	171868797	171861551	4
5	171868797	171863620	5
5	171868797	171863926	5
5	171868797	171867834	5
5	171876535	171872871	0
5	171878130	171876284	0
5	171878130	171876401	0
5	171900101	171899003	0
5	171908860	171899913	0
5	171910798	171899913	0
5	171910798	171899932	0
5	171910798	171899946	0
5	171914406	171910571	0
5	171914406	171910630	0
5	171914406	171910671	0
5	171957699	171910571	0
5	171997052	171910571	0
5	172003311	171910733	0
5	172006651	171910571	0
5	172045481	172044667	24
5	172053043	172042072	9
5	172053201	172043110	18
5	172055777	172054568	8
5	172057474	172055587	5
5	172057474	172055721	5
5	172061169	172057348	4
5	172061196	172057011	2
5	172061269	172057348	6
5	172061534	172057463	11
5	172061631	172057348	11
5	172064813	172061138	9
5	172082406	172064364	0
5	172082506	172064719	0
5	172093578	172092427	5
5	172093961	172090231	3
5	172096561	172093411	5
5	172105738	172096425	0
5	172105738	172096437	0
5	172106799	172105570	0
5	172106815	172105655	0
5	172106815	172105657	0
5	172107853	172106619	0
5	172107853	172106802	0
5	172107853	172106815	0
5	172108027	172106709	3
5	172108062	172106815	2
5	172108289	172106619	0
5	172117631	172106661	8
5	17217048	17162468	0
5	172234359	172209639	0
5	172284072	172234121	0
5	172334236	172333498	36
5	172346262	172324999	0
5	172346262	172325180	0
5	172346262	172333498	0
5	172558096	172557391	0
5	172697721	172690453	0
5	172769795	172768089	14
5	172914839	172915517	1
5	172932537	172935187	22
5	172956029	172955764	3
5	172957303	172954785	2
5	172957303	172955878	4
5	172958258	172955153	2
5	172958258	172957153	5
5	172959378	172957153	0
5	173086211	173085341	0
5	173108819	173110521	0
5	173145040	173144161	0
5	173235207	173232894	6
5	173235265	173232892	8
5	173235312	173234047	13
5	173235358	173232108	10
5	173323431	173314712	28
5	173323431	173318177	33
5	173324287	173323218	8
5	173326011	173322968	6
5	173326011	173323218	5
5	173326011	173323309	2
5	173326798	173325867	0
5	173328054	173325867	4
5	173328448	173325833	3
5	173329504	173325867	1
5	17354011	17354133	5
5	173609435	173607513	28
5	173609435	173607798	44
5	173609741	173608059	43
5	173613256	173607520	42
5	173613256	173609237	56
5	173613256	173609356	61
5	173613256	173609567	57
5	173616359	173609237	21
5	173616654	173607932	42
5	173711949	173707613	0
5	173719693	173710439	0
5	173746210	173711845	0
5	173746212	173719245	0
5	17375578	17369224	0
5	173787746	173786789	0
5	173787746	173786927	0
5	173790728	173787688	0
5	173790728	173789274	0
5	173790926	173790635	0
5	173790943	173790635	0
5	173807882	173790458	0
5	173809040	173790808	0
5	17385441	17378905	0
5	174056586	174056059	0
5	174082628	174081505	0
5	174082628	174081517	0
5	174084159	174082418	0
5	174084291	174082274	0
5	174086476	174082274	0
5	174086543	174082418	0
5	174976533	174919081	0
5	174995514	174976448	0
5	175444209	175440038	0
5	175958539	175906938	0
5	175961118	175926558	1
5	175961152	175917872	1
5	175961152	175959526	1
5	175961152	175959532	3
5	175961152	175959882	8
5	175961325	175961050	0
5	175961414	175959590	8
5	175961435	175960218	10
5	175961435	175961050	9
5	175961435	175961080	10
5	175961435	175961141	10
5	175965156	175961272	10
5	175965156	175961364	14
5	175965156	175961419	15
5	175965269	175961272	7
5	175972669	175972904	0
5	176007142	175967110	0
5	176011100	176007001	0
5	176034613	175967110	0
5	176034681	175961272	0
5	176060366	176049677	0
5	176131462	176124209	0
5	176145196	176143084	0
5	176145196	176143449	0
5	176146208	176145024	0
5	176147106	176145024	0
5	176155633	176148013	0
5	176155633	176153702	0
5	176156990	176154750	0
5	176159197	176156861	0
5	176167718	176158863	0
5	176168039	176158610	0
5	176173564	176171752	0
5	176175061	176173352	0
5	176175061	176173505	0
5	176175213	176173344	0
5	176176824	176176281	1
5	176180349	176176758	0
5	176180887	176180006	0
5	176180887	176180323	1
5	176182764	176176519	0
5	176295078	176295149	26
5	176345567	176345701	25
5	176348064	176346060	52
5	176348064	176346061	52
5	176348064	176346064	52
5	176348064	176347493	3
5	176348357	176347920	4
5	176348357	176347968	2
5	176350738	176348249	9
5	176352749	176350612	13
5	176352749	176350727	18
5	176355750	176352621	12
5	176355750	176352688	12
5	176355750	176352702	12
5	176355750	176353195	16
5	176357274	176355570	8
5	176359568	176348249	8
5	176359568	176355570	9
5	176359919	176348249	3
5	176359919	176355570	4
5	176359919	176359461	10
5	176359919	176359480	10
5	176359919	176359524	10
5	176361563	176359810	0
5	176361736	176359810	0
5	176361740	176359810	0
5	176361762	176359480	0
5	176361765	176355570	7
5	176361765	176357175	1
5	176361765	176359519	0
5	176361765	176359810	0
5	176361766	176359810	0
5	176361788	176359810	0
5	176361798	176355570	8
5	176361808	176352621	5
5	176361808	176355570	8
5	176361969	176359810	0
5	176384287	176383937	263
5	176385328	176383945	73
5	176385328	176383980	70
5	176385328	176384100	91
5	176385328	176384207	80
5	176385328	176384333	95
5	176385328	176384361	93
5	176386910	176384642	83
5	176386910	176385220	80
5	176386910	176385940	86
5	176386927	176385220	78
5	176386944	176385220	78
5	176388344	176385220	78
5	176388344	176386023	87
5	176388344	176386839	72
5	176388569	176388234	83
5	176388572	176386839	63
5	176388576	176383957	59
5	176388588	176388234	83
5	176388599	176386839	53
5	176388599	176388234	83
5	176388763	176388234	43
5	176388928	176388234	72
5	176388976	176388234	43
5	176396533	176392454	5
5	176397719	176392454	10
5	176397719	176392648	7
5	176398048	176392641	1
5	176406341	176405589	11
5	176406709	176397929	4
5	176407592	176406166	10
5	176410304	176392792	7
5	176410304	176397929	0
5	176410304	176397943	0
5	176410304	176406156	6
5	176494085	176494183	0
5	176529388	176526696	148
5	176529388	176528957	47
5	176529645	176528938	43
5	176529645	176529287	30
5	176529809	176529077	40
5	176529819	176529522	23
5	176530207	176529487	34
5	176531022	176530581	10
5	176531631	176530847	52
5	176531631	176530936	62
5	176532130	176531462	61
5	176532133	176531462	61
5	176532194	176531462	72
5	176532517	176531462	58
5	176532517	176532003	25
5	176536331	176532479	10
5	176537297	176532365	10
5	176537421	176532365	7
5	176537881	176531881	10
5	176538026	176532365	8
5	176589439	176589527	0
5	176610134	176595801	2
5	176621304	176620083	0
5	176621304	176620209	0
5	176621304	176620240	0
5	176621304	176620680	0
5	176621304	176620784	0
5	176626517	176621213	0
5	176626762	176621213	0
5	176629664	176626397	0
5	176629664	176626719	0
5	176630049	176626397	0
5	176643735	176644375	0
5	176645244	176645376	0
5	176645244	176645414	0
5	176645244	176645865	0
5	176645517	176645865	0
5	176652914	176654894	24
5	176656817	176656894	41
5	176656817	176657517	48
5	176656925	176657517	44
5	176656957	176657517	46
5	176726244	176707355	0
5	176728735	176726941	0
5	176881536	176880868	0
5	176881536	176880870	0
5	176881848	176881301	0
5	176881873	176881301	0
5	176882128	176881691	0
5	176883870	176881943	0
5	176883870	176881955	0
5	176887122	176884038	0
5	176887338	176887001	0
5	176889745	176889380	0
5	176890731	176889644	0
5	176890731	176889660	0
5	176891280	176887065	0
5	176906048	176905004	14
5	176906048	176905049	16
5	176906048	176905052	16
5	176906048	176905065	18
5	176906177	176905192	22
5	176907178	176906010	16
5	176907308	176905657	20
5	176908695	176907113	6
5	176911390	176908522	2
5	176911390	176908632	2
5	176969292	176958092	3
5	176969707	176958092	0
5	176969707	176968554	15
5	176969707	176969052	10
5	176969707	176969282	12
5	176970794	176969600	0
5	176970867	176968554	1
5	176970867	176969596	2
5	176970867	176969600	2
5	176975481	176969940	0
5	176975481	176970689	0
5	176975481	176970741	0
5	176975481	176970831	0
5	176980277	176975415	1
5	176982624	176975395	0
5	177001502	176982468	0
5	177002112	176982520	0
5	177006366	176982468	0
5	177006409	176982468	0
5	177006582	176982468	0
5	177006716	176982468	0
5	177006752	176982468	0
5	177022603	176982468	0
5	177022634	176982468	0
5	177090826	177090937	15
5	177093178	177093405	22
5	177093332	177093405	30
5	177093332	177093417	30
5	177135201	177135940	16
5	177301988	177301197	30
5	177301988	177301450	30
5	177301988	177301451	30
5	177301988	177301460	30
5	177301988	177301463	30
5	177301988	177301485	35
5	177302497	177301502	34
5	177302497	177301924	91
5	177302497	177302127	93
5	177302645	177301924	16
5	177302645	177302127	44
5	177302645	177302234	56
5	177302645	177302396	16
5	177302831	177302576	8
5	177303078	177302576	18
5	177303078	177302751	11
5	177303078	177302819	11
5	177303321	177303008	27
5	177303643	177303008	138
5	177303662	177303056	163
5	177303682	177302751	34
5	177303706	177302576	18
5	177303707	177303171	139
5	177303709	177303008	156
5	177303711	177302751	8
5	177303734	177303008	142
5	177303745	177303171	87
5	177305985	177306097	20
5	177306177	177306362	26
5	177306177	177306421	33
5	177306177	177306454	33
5	177307965	177303171	12
5	177307965	177305499	17
5	177307965	177307204	57
5	177307965	177307207	57
5	177307965	177307434	41
5	177308063	177303171	15
5	177310541	177306816	19
5	177310541	177307780	14
5	177310541	177307812	17
5	177310541	177307881	20
5	177311485	177307780	18
5	177334337	177332201	66
5	177334404	177331561	43
5	177334404	177332030	64
5	177334553	177331953	63
5	177337251	177334283	23
5	177337251	177334308	25
5	177337525	177336910	17
5	177337525	177337135	7
5	177337525	177337137	7
5	177337765	177337362	0
5	177337786	177334283	23
5	177337786	177337362	0
5	177337786	177337434	0
5	177338606	177337362	0
5	177351292	177338487	0
5	177351523	177338487	0
5	177367558	177367713	2
5	177367826	177368156	0
5	177371397	177371474	4
5	177387874	177387993	0
5	177388190	177388276	0
5	177397075	177397782	0
5	177402699	177402139	0
5	177402699	177402159	1
5	177402699	177402162	1
5	177402699	177402171	1
5	177403398	177402549	3
5	177403398	177402624	3
5	177403527	177403253	7
5	177403618	177403253	7
5	177403751	177402549	3
5	177404091	177403253	8
5	177404091	177403480	12
5	177404091	177403491	12
5	177404473	177403253	11
5	177404473	177403480	16
5	177404915	177404498	1
5	177440032	177438502	77
5	177443503	177442802	92
5	177444478	177443066	71
5	177444581	177443302	88
5	177444595	177439913	69
5	177447699	177445978	59
5	177447700	177444395	86
5	177457758	177456607	4
5	177457758	177456926	247
5	177457758	177456933	268
5	177457758	177456935	273
5	177458708	177457654	71
5	177459269	177457366	310
5	177459269	177458057	4
5	177459269	177458296	10
5	177460556	177459097	8
5	177460556	177459602	11
5	177460643	177459097	8
5	177460704	177460431	6
5	177466836	177460643	1
5	177467063	177466771	36
5	177467333	177466830	5
5	177467333	177466910	1
5	177467599	177467254	1
5	177467628	177467254	1
5	177467818	177467254	1
5	177467818	177467480	0
5	177467818	177467489	1
5	177467818	177467585	1
5	177468221	177467480	0
5	177468900	177467742	2
5	177468900	177468107	3
5	177472398	177468843	18
5	177472871	177468843	3
5	177473523	177468843	10
5	177473614	177468843	9
5	177473623	177468552	4
5	177473625	177468843	9
5	177473638	177468843	8
5	177473742	177468843	3
5	177483983	177483393	35
5	177483983	177483395	38
5	177483983	177483397	38
5	177483983	177483694	62
5	177484191	177483866	45
5	177484191	177483874	46
5	177484474	177483866	65
5	177488249	177484069	88
5	177489628	177487896	22
5	177489628	177488067	12
5	177489833	177489392	25
5	177490032	177489392	31
5	177490907	177489392	116
5	177490907	177489770	98
5	177490907	177489810	114
5	177490907	177490245	115
5	177491147	177490869	45
5	177491421	177491009	67
5	177491421	177491095	91
5	177491926	177491009	64
5	177491926	177491024	62
5	177491926	177491072	71
5	177491926	177491403	98
5	177491977	177491009	71
5	177491977	177491071	66
5	177491996	177491403	67
5	177492436	177491009	78
5	177492436	177491403	67
5	177492436	177491806	100
5	177492573	177492404	39
5	177492678	177491758	109
5	177492678	177492404	34
5	177492678	177492412	35
5	177492971	177492404	4
5	177504916	177501906	29
5	177504916	177502087	54
5	177504916	177503747	34
5	177504916	177503749	34
5	177504916	177503783	44
5	177505111	177504742	23
5	177505111	177504746	23
5	177508543	177505010	22
5	177508543	177505012	22
5	177508543	177505050	22
5	177508878	177505010	22
5	177509576	177508236	18
5	177509585	177508236	19
5	177509658	177505010	16
5	177509658	177508236	20
5	177509658	177508477	28
5	177509827	177509165	30
5	177509827	177509474	31
5	177509830	177509474	32
5	177509847	177509474	32
5	177509858	177509474	32
5	177510383	177508783	28
5	177510383	177509474	21
5	177510386	177509474	21
5	177510582	177509501	37
5	177511275	177509474	32
5	177512207	177511576	17
5	177512207	177511577	17
5	177512207	177511599	14
5	177512546	177512095	18
5	177512646	177512321	25
5	177512877	177512495	23
5	177513083	177512495	22
5	177513083	177512779	11
5	177513485	177513010	23
5	177513485	177513071	21
5	177513785	177513001	42
5	177513848	177513010	18
5	177513848	177513352	52
5	177513848	177513398	48
5	177513848	177513434	52
5	177514838	177513352	17
5	177515026	177514700	55
5	177515040	177513684	44
5	177515070	177514700	55
5	177515259	177514915	44
5	177515259	177514928	40
5	177515259	177515021	52
5	177515334	177514915	52
5	177515340	177514980	55
5	177515354	177514915	52
5	177515362	177514937	56
5	177515732	177515185	93
5	177515822	177515185	90
5	177515822	177515304	127
5	177515990	177515185	59
5	177515990	177515684	58
5	177515990	177515771	69
5	177516194	177514915	52
5	177516194	177515185	25
5	177516194	177515684	25
5	177516194	177515928	20
5	177516325	177516118	0
5	177516448	177515185	22
5	177516448	177515340	22
5	177516448	177515928	13
5	177516448	177516118	13
5	177516517	177516118	15
5	177516836	177515928	16
5	177516836	177516118	15
5	177516836	177516287	12
5	177516836	177516504	13
5	177516896	177516287	10
5	177516917	177516287	10
5	177516962	177516287	7
5	177522072	177519787	20
5	177522072	177519788	20
5	177522072	177519789	20
5	177522072	177519790	20
5	177522072	177519791	20
5	177522072	177519930	21
5	177522072	177520055	20
5	177522163	177519790	21
5	177523266	177521973	18
5	177524014	177523162	32
5	177524033	177521973	16
5	177524033	177523158	29
5	177524033	177523179	33
5	177525206	177523956	176
5	177525488	177523956	47
5	177531522	177524184	12
5	177531835	177525053	11
5	177532132	177531281	27
5	177532201	177531281	22
5	177532201	177531337	33
5	177532534	177531281	24
5	177532642	177524184	5
5	177532642	177525196	6
5	177532642	177531281	23
5	177536391	177532442	7
5	177536487	177532442	8
5	177536746	177532442	3
5	177538020	177536303	0
5	177538108	177532442	2
5	177538108	177536357	1
5	177539043	177538005	11
5	177539067	177537872	2
5	177539148	177537872	2
5	177539148	177538084	7
5	177539352	177537986	12
5	177547229	177532442	4
5	177547229	177538904	3
5	177552132	177538904	7
5	177553351	177538910	8
5	177553767	177538904	9
5	177554508	177538904	0
5	177592399	177592574	3
5	177593711	177594138	4
5	177593776	177594138	5
5	177607528	177608538	4
5	177608623	177608909	5
5	177620507	177619058	11
5	177626506	177620472	1
5	177627615	177626435	0
5	177632739	177627381	0
5	177672150	177631365	1
5	177672210	177632074	3
5	177713917	177707980	0
5	177713917	177711068	0
5	177713917	177713024	0
5	177713917	177713068	0
5	177714153	177713747	0
5	177714178	177713747	0
5	177716416	177713747	0
5	177722570	177718448	0
5	177723157	177722335	3
5	177724207	177721906	0
5	177724207	177722294	0
5	177724363	177723363	0
5	177724363	177723364	0
5	177724363	177723576	2
5	177724363	177724100	7
5	177724363	177724158	5
5	177724822	177723950	2
5	177724822	177724294	4
5	177731600	177724783	0
5	177731600	177729484	0
5	177732101	177724783	0
5	177732101	177729022	0
5	177732101	177731568	0
5	177732101	177731573	0
5	177737113	177736578	0
5	177739138	177737041	0
5	177739138	177737047	0
5	177739671	177739112	0
5	177740802	177737041	0
5	177740802	177739599	0
5	177740802	177739614	0
5	177740802	177739634	0
5	177740802	177740192	0
5	177741333	177740776	0
5	177744419	177732029	0
5	177744419	177741255	0
5	177744419	177741293	0
5	177744968	177732029	0
5	177744968	177734379	0
5	177747794	177744887	0
5	177747818	177744887	0
5	177748700	177744887	0
5	177748700	177747453	0
5	177748700	177747526	0
5	177748700	177747723	0
5	177748700	177747768	0
5	177763511	177748640	0
5	177767181	177763316	0
5	177780466	177748640	0
5	177780505	177748640	0
5	177780505	177762928	0
5	177780505	177763316	0
5	177780505	177767149	0
5	177780505	177779496	0
5	177780505	177779555	0
5	177780634	177767149	0
5	177780677	177748640	0
5	177780846	177748640	0
5	177803345	177801203	0
5	177837647	177836433	0
5	177870901	177864392	0
5	177871184	177864564	0
5	177871191	177857944	0
5	177994339	177992234	0
5	178046940	178047027	0
5	178131055	178131236	4
5	178142729	178142851	25
5	178143728	178143941	10
5	178146280	178147532	32
5	178150994	178149459	14
5	178150994	178150638	13
5	178153561	178149481	14
5	178153561	178150825	12
5	178153561	178150887	9
5	178153580	178150530	15
5	178153830	178153490	114
5	178153883	178153490	17
5	178153885	178153221	11
5	178153895	178153490	12
5	178153968	178153490	31
5	178204741	178204814	502
5	178211971	178208496	31
5	178211971	178208498	31
5	178211971	178208583	41
5	178211971	178208586	39
5	178211971	178208622	46
5	178211971	178208638	43
5	178211971	178208643	42
5	178211971	178208653	42
5	178213104	178210967	13
5	178213104	178211760	12
5	178213104	178211889	12
5	178214886	178211889	12
5	178222477	178215275	34
5	178222493	178215275	34
5	178222546	178215275	34
5	178222581	178214795	6
5	178222581	178215275	30
5	178222935	178215275	21
5	178222935	178222354	19
5	178222935	178222475	16
5	178223452	178222851	17
5	178224497	178223387	27
5	178224565	178222851	31
5	178224730	178222851	28
5	178224730	178223319	19
5	178224730	178224447	49
5	178224730	178224448	49
5	178224730	178224511	57
5	178225011	178222851	17
5	178225430	178224330	17
5	178225430	178224615	21
5	178225430	178224641	19
5	178226080	178224641	30
5	178229721	178225354	21
5	178230050	178225354	40
5	178230074	178225354	41
5	178230100	178225354	41
5	178230100	178226465	40
5	178230100	178228124	41
5	178230307	178225354	34
5	178230321	178214795	31
5	178230941	178215275	34
5	178231524	178224615	59
5	178239180	178237617	0
5	178239180	178237619	0
5	178263325	178262216	0
5	178265835	178263207	0
5	178267334	178263207	0
5	178443095	178438680	0
5	178560749	178306874	0
5	178560749	178523504	0
5	178603897	178603588	10
5	178603899	178602664	19
5	178603935	178602663	17
5	178603935	178603167	19
5	178603935	178603269	15
5	178603935	178603271	15
5	178603935	178603843	0
5	178605383	178603843	3
5	178605866	178605302	5
5	178608459	178605302	4
5	178612546	178603269	5
5	178612546	178603843	3
5	178612891	178603843	3
5	178612891	178603929	1
5	178616949	178613726	3
5	178617389	178613726	3
5	178617435	178616881	21
5	178618779	178613726	3
5	178618779	178616881	10
5	178618779	178617070	13
5	178618779	178617343	12
5	178619897	178616881	12
5	178619897	178617343	17
5	178620120	178618555	8
5	178620674	178618555	12
5	178620674	178618693	14
5	178622460	178619837	12
5	178623340	178621808	9
5	178623417	178616881	11
5	178623417	178617343	8
5	178623417	178617696	17
5	178623417	178617730	17
5	178623417	178618555	9
5	178623417	178619837	7
5	178623417	178622392	8
5	178627002	178623255	0
5	178627030	178623255	0
5	178627031	178621811	0
5	178627042	178623255	0
5	178627053	178623255	0
5	178627054	178623255	0
5	178627055	178623255	0
5	178627056	178623255	0
5	178627089	178623255	0
5	178627113	178623255	0
5	178627115	178623255	0
5	178630616	178623255	0
5	178695599	178694604	0
5	178725472	178706938	0
5	178725472	178711591	4
5	178725472	178713472	1
5	178726228	178725375	1
5	178727126	178725375	1
5	178767336	178764860	21
5	178768665	178767129	8
5	178772632	178767203	22
5	178983222	178978326	0
5	178984069	178977586	0
5	178986253	178982806	0
5	178986754	178982909	0
5	178986984	178986129	0
5	178988973	178986442	0
5	178989136	178986837	0
5	178990747	178989264	0
5	179121751	179110850	0
5	179121751	179114288	0
5	179121855	179114063	0
5	179122774	179120171	0
5	179122774	179121660	0
5	179122840	179121660	0
5	179152256	179139889	0
5	179152256	179150887	0
5	179378762	179377530	0
5	179515580	179503321	0
5	179559836	179560024	24
5	179596962	179595903	2
5	179602267	179600072	6
5	179602773	179602063	19
5	179603742	179602376	11
5	179607486	179607581	51
5	179615596	179614177	193
5	179615596	179614178	193
5	179615596	179614179	193
5	179615596	179614180	193
5	179615596	179614518	236
5	179615596	179614685	211
5	179615596	179614889	232
5	179616219	179614180	246
5	179616219	179614876	282
5	179616219	179615545	273
5	179616219	179615559	269
5	179616288	179614523	252
5	179616925	179616140	750
5	179616959	179616125	760
5	179616959	179616157	752
5	179617111	179614180	192
5	179617111	179615545	315
5	179617111	179616125	678
5	179617111	179616868	629
5	179617111	179616898	845
5	179617582	179617059	239
5	179617635	179616868	248
5	179617650	179615545	226
5	179617650	179616125	261
5	179617650	179616763	267
5	179617650	179616873	267
5	179617650	179617020	257
5	179617650	179617050	254
5	179617912	179617513	112
5	179617933	179614179	249
5	179617933	179616125	238
5	179617933	179616868	277
5	179617933	179617513	187
5	179618044	179617798	254
5	179618061	179617513	177
5	179618061	179617798	209
5	179618302	179617988	973
5	179618324	179617798	209
5	179618324	179617988	1131
5	179618324	179618044	1371
5	179618454	179617988	1545
5	179618516	179617798	857
5	179618900	179617988	1015
5	179619361	179618144	1027
5	179619408	179618144	1188
5	179619408	179618217	1188
5	179619408	179618223	1188
5	179619408	179618238	1188
5	179619709	179618143	1100
5	179620033	179617988	789
5	179620960	179619268	918
5	179621036	179617816	464
5	179621036	179618144	629
5	179621036	179618160	647
5	179621036	179618204	951
5	179621036	179618207	941
5	179621036	179618235	955
5	179621036	179619100	831
5	179621036	179619268	1200
5	179621036	179619272	1121
5	179621036	179619300	1092
5	179621036	179619314	1030
5	179621036	179619468	1067
5	179621336	179620891	466
5	179621371	179620891	488
5	179621398	179618144	819
5	179621398	179619268	826
5	179621398	179620674	624
5	179621398	179620772	505
5	179621398	179620813	457
5	179621398	179620891	406
5	179621398	179620896	407
5	179621398	179620942	385
5	179621462	179620891	495
5	179621512	179620891	595
5	179621687	179620732	597
5	179621977	179621241	634
5	179621977	179621253	634
5	179623134	179621950	518
5	179623165	179619268	635
5	179623165	179620891	673
5	179623165	179621010	552
5	179623165	179621241	381
5	179623165	179621346	478
5	179623165	179621370	515
5	179623165	179621842	541
5	179623169	179621241	381
5	179623170	179621241	381
5	179623188	179621241	381
5	179623647	179622848	99
5	179623669	179623036	96
5	179623670	179623036	96
5	179623671	179621241	381
5	179623671	179622951	88
5	179623671	179623036	96
5	179623672	179621241	368
5	179623672	179623036	96
5	179623699	179623036	97
5	179623708	179623036	91
5	179623711	179623036	89
5	179623713	179623036	93
5	179623722	179623036	92
5	179624116	179623036	67
5	179624203	179623036	64
5	179624412	179623036	71
5	179624585	179623036	64
5	179624601	179623036	60
5	179624670	179620891	82
5	179624670	179621241	117
5	179624670	179623036	51
5	179634158	179623036	17
5	179634441	179623048	10
5	179634474	179633891	12
5	179634785	179634064	3
5	179642441	179641789	0
5	179642490	179641543	0
5	179643211	179641545	0
5	179643211	179642325	0
5	179643491	179642325	0
5	179643491	179642868	0
5	179643491	179642894	0
5	179643491	179642934	0
5	179644087	179643429	0
5	179644254	179643429	0
5	179645008	179641543	0
5	179645008	179643429	0
5	179645008	179643724	0
5	179645008	179644028	0
5	179645008	179644330	0
5	179645047	179644028	0
5	179680975	179678582	3
5	179795684	179795785	2
5	179795857	179795940	2
5	179798278	179797596	90
5	179798278	179797609	90
5	179798278	179797670	146
5	179798278	179797883	102
5	179798278	179797945	90
5	179798435	179798105	49
5	179798435	179798164	34
5	179798577	179798346	61
5	179798577	179798406	64
5	179798592	179798164	66
5	179798592	179798346	66
5	179798836	179798346	59
5	179799122	179798346	62
5	179799308	179798927	47
5	179799311	179798512	66
5	179799311	179798927	50
5	179799311	179799064	41
5	179799577	179799202	47
5	179799637	179798927	49
5	179799637	179799202	51
5	179799637	179799295	52
5	179800069	179798927	75
5	179800069	179799202	114
5	179800069	179799505	138
5	179800069	179799511	138
5	179800260	179799505	43
5	179800260	179799953	15
5	179800260	179799979	18
5	179800432	179799723	31
5	179800590	179800183	25
5	179800598	179800183	20
5	179800940	179800483	4
5	179800946	179800483	3
5	179800954	179800483	2
5	179800998	179800483	6
5	179801368	179800906	31
5	179801390	179800906	27
5	179801468	179800906	28
5	179801468	179800937	32
5	179801693	179801333	49
5	179801695	179800906	32
5	179801695	179801333	49
5	179801720	179801374	48
5	179801910	179801553	55
5	179801970	179801333	64
5	179801970	179801553	71
5	179802116	179801553	102
5	179802999	179801553	113
5	179803031	179801783	90
5	179803031	179801806	85
5	179803777	179802803	79
5	179805386	179802951	82
5	179806306	179802312	79
5	179806325	179802803	79
5	179806331	179801783	31
5	179806335	179801783	33
5	179806555	179801783	70
5	179806935	179801783	42
5	179806953	179801783	40
5	179837886	179835132	304
5	179837886	179836633	359
5	179837886	179836801	336
5	179837886	179837276	304
5	179838256	179837142	343
5	179840960	179837265	84
5	179840960	179837275	83
5	179840960	179837526	47
5	179840960	179837759	53
5	179840960	179837853	55
5	179842021	179840871	23
5	179842065	179837273	16
5	179842065	179837275	16
5	179842065	179840239	15
5	179842065	179840589	7
5	179842065	179840712	7
5	179842065	179840808	14
5	179842065	179840871	16
5	179842065	179840920	16
5	179842065	179841268	16
5	179844221	179841457	4
5	179844222	179841999	9
5	179844228	179837692	19
5	179844228	179841906	9
5	179844228	179841907	9
5	179844228	179842007	8
5	179844228	179842046	11
5	179844326	179841906	11
5	179848067	179841906	8
5	179848067	179844151	4
5	179848067	179844172	4
5	179848067	179844173	4
5	179851338	179847977	6
5	179851425	179847977	5
5	179853277	179847977	3
5	179853277	179851092	3
5	179853277	179851242	5
5	179853438	179841906	4
5	179853438	179844151	8
5	179853438	179847356	2
5	179853438	179847977	1
5	179853438	179851242	4
5	179853438	179853196	5
5	179858798	179853377	1
5	179858807	179853377	1
5	179858809	179847977	1
5	179858809	179853196	1
5	179858809	179853377	1
5	179858810	179853377	1
5	179858818	179853377	1
5	179858835	179853377	1
5	179858839	179853377	1
5	179858840	179853377	1
5	179858845	179853377	1
5	179858847	179853377	1
5	179858861	179853377	1
5	179858888	179853377	0
5	179860708	179853282	4
5	179862174	179860513	3
5	179865267	179863403	5
5	179865361	179862065	12
5	179865361	179862737	10
5	179865361	179862742	10
5	179867029	179862065	42
5	179867303	179865253	70
5	179867496	179865837	79
5	179867850	179865837	59
5	179867850	179867240	63
5	179867850	179867444	59
5	179869835	179867303	54
5	179869835	179867777	33
5	179869835	179867804	33
5	179870409	179868057	46
5	179870496	179869768	23
5	179870701	179869768	47
5	179872991	179871461	63
5	179873136	179872415	17
5	179873249	179872891	10
5	179875188	179873118	11
5	179876038	179874901	2
5	179876038	179874926	2
5	179878524	179862372	64
5	179879198	179878308	46
5	179879407	179878308	60
5	179879704	179879046	52
5	179879790	179879046	37
5	179880024	179879045	36
5	179888313	179879627	5
5	179888313	179884368	2
5	179888315	179887670	12
5	179891587	179865253	2
5	179891587	179888102	5
5	179893468	179891378	0
5	179894459	179888102	5
5	179894615	179893208	0
5	179894615	179893424	0
5	179899308	179894385	0
5	179904813	179894385	0
5	179904813	179894540	1
5	179956517	179955479	13
5	179963565	179955066	4
5	179963565	179955479	3
5	179963944	179955479	3
5	179967011	179911650	0
5	179967011	179955452	3
5	179967011	179963470	5
5	179970507	179966805	1
5	179970507	179966982	0
5	1799751	1798828	1
5	179978286	179970409	1
5	179978288	179976773	5
5	179980201	179978202	1
5	179980519	179978202	2
5	1799839	1798389	6
5	1799840	1798385	6
5	1799896	1798386	1
5	180013279	179980128	2
5	180013312	179980128	2
5	180040648	179980128	0
5	180040648	180013060	0
5	180087039	180085716	0
5	180102144	180100790	0
5	180102144	180100795	0
5	180102144	180100803	0
5	180102144	180100807	0
5	180102144	180100810	0
5	180102144	180101331	0
5	180118867	180118608	0
5	180119445	180118831	0
5	180119449	180118786	0
5	1801367	1798385	5
5	180238404	180233142	9
5	180238404	180233593	11
5	180238404	180236186	10
5	180239988	180236525	1
5	180239988	180238308	0
5	180239988	180238331	0
5	180242756	180241030	2
5	180242901	180241030	1
5	180247511	180242572	6
5	180247511	180242577	6
5	180247511	180242727	12
5	180247729	180246544	10
5	180247927	180242572	9
5	180249139	180241030	12
5	180249139	180242572	13
5	180249139	180246027	11
5	180249139	180247438	14
5	180261823	180248972	1
5	180261823	180253506	0
5	180264840	180261683	0
5	180264843	180261683	0
5	180269410	180264780	0
5	180302585	180300689	6
5	180316862	180316340	2
5	180317059	180316763	0
5	180318957	180316962	3
5	180324306	180318792	1
5	180324306	180318808	1
5	180324306	180318843	1
5	180324365	180318618	0
5	180324487	180318792	1
5	180331554	180330699	1
5	180331649	180330699	2
5	180335954	180331411	0
5	180335954	180331494	0
5	180336578	180335827	0
5	180338601	180335868	0
5	180338601	180336478	0
5	180352901	180338572	0
5	180353337	180338492	0
5	180353388	180338492	0
5	180494498	180494574	3
5	180564579	180564674	2
5	180564594	180564674	2
5	180590839	180590102	0
5	180591164	180590104	0
5	180609054	180601505	0
5	180609054	180603088	0
5	180609054	180607964	0
5	180609054	180607967	0
5	180610026	180607964	0
5	180610026	180608964	0
5	180610026	180608967	0
5	180611480	180608967	0
5	180612612	180611330	0
5	180613111	180612505	0
5	180613394	180612402	0
5	180614180	180612505	0
5	180614180	180613010	0
5	180616490	180613010	0
5	180616490	180614067	0
5	180616490	180614075	0
5	180616490	180614085	0
5	180621008	180620608	0
5	180621253	180620875	0
5	180621905	180620974	0
5	180621905	180621105	0
5	180629000	180626110	0
5	180629339	180628881	0
5	180629428	180628881	0
5	180629836	180628881	0
5	180629836	180628927	0
5	180629836	180629258	0
5	180630106	180629695	0
5	180630106	180629778	0
5	180795876	180792372	8
5	180795876	180792869	8
5	180802768	180795429	3
5	180802795	180795837	7
5	180802804	180795655	4
5	180802886	180790542	9
5	180803400	180792637	4
5	180803482	180792624	4
5	180803905	180791481	4
5	180803924	180792589	4
5	180808598	180793061	2
5	180808759	180792661	4
5	180809067	180784781	3
5	180809077	180790547	8
5	180809077	180792510	4
5	180809077	180808501	7
5	180809077	180808525	7
5	180809830	180808647	8
5	180809851	180808885	9
5	180809876	180808843	3
5	180810128	180808647	7
5	180810138	180808647	7
5	180810441	180809013	2
5	180810504	180808835	3
5	180810506	180808837	3
5	180810921	180808885	5
5	180810939	180808840	3
5	180815542	180808647	1
5	180815542	180808838	0
5	180815568	180792685	6
5	180815568	180795405	3
5	180815581	180792657	4
5	180815653	180808840	0
5	180849517	180847927	67
5	180851494	180847610	34
5	180852061	180847614	46
5	180852061	180851084	3
5	180852061	180851160	1
5	180852061	180851380	2
5	180860698	180850914	1
5	180861278	180848137	0
5	180948376	180948919	0
5	180970763	180967188	0
5	181053502	181054238	2
5	181054141	181054238	1
5	181055454	181055988	0
5	181129576	181123121	0
5	181130578	181123121	0
5	181147656	181147952	0
5	181191853	181191045	0
5	181198219	181193923	1
5	181198219	181193924	1
5	181198219	181194612	2
5	181198758	181193929	1
5	181198806	181198182	0
5	181200082	181199094	1
5	181200931	181199094	0
5	181203641	181199850	1
5	181203821	181203117	4
5	181204341	181199850	2
5	181204341	181203476	0
5	181204341	181203544	0
5	181205173	181203544	2
5	181205294	181203117	0
5	181206121	181205360	0
5	181224813	181230743	3
5	181230686	181224645	1
5	181230840	181232658	39
5	181232890	181233412	95
5	181232890	181233635	95
5	181232890	181234173	109
5	181233436	181233635	142
5	181233764	181234124	22
5	181233764	181234173	20
5	181234350	181234931	222
5	181234350	181234995	196
5	181234350	181235353	236
5	181234996	181235353	195
5	181235080	181235353	208
5	181237320	181236928	443
5	181237695	181236940	450
5	181237720	181236908	461
5	181237720	181236925	454
5	181237720	181236927	459
5	181237720	181236928	459
5	181237720	181236936	470
5	181237720	181236944	473
5	181237720	181236960	474
5	181237720	181237019	480
5	181237720	181237224	516
5	181237861	181236936	243
5	181238196	181236928	210
5	181238240	181236936	169
5	181238240	181237608	232
5	181238664	181237608	419
5	181239178	181236933	220
5	181239178	181238098	371
5	181239178	181238119	366
5	181239178	181238123	366
5	181239178	181238169	369
5	181239583	181238098	293
5	181239583	181238205	410
5	181239583	181239066	250
5	181239583	181239069	255
5	181239583	181239070	255
5	181239583	181239133	240
5	181239583	181239149	229
5	181239585	181239066	255
5	181240328	181239322	172
5	181240328	181239486	172
5	181240346	181239486	158
5	181240474	181239286	158
5	181241564	181239486	196
5	181241564	181240215	148
5	181241640	181239037	143
5	181241640	181239486	164
5	181241640	181239538	147
5	181241640	181240215	159
5	181241640	181240312	131
5	181241640	181240956	139
5	181241881	181240215	159
5	181242207	181241491	419
5	181242214	181241491	429
5	181242247	181241491	424
5	181242346	181239486	125
5	181242346	181240215	110
5	181242346	181241436	418
5	181242346	181241442	418
5	181242346	181241491	475
5	181243371	181242173	66
5	181243406	181242173	66
5	181243406	181242249	66
5	181243743	181242173	86
5	181243873	181242173	82
5	181243881	181241491	74
5	181243881	181242169	79
5	181243881	181242173	79
5	181243882	181242173	80
5	181243890	181242169	79
5	181243892	181237608	135
5	181243894	181242173	80
5	181243903	181241491	68
5	181243903	181242169	68
5	181243903	181242173	68
5	181243903	181242285	68
5	181243904	181241491	65
5	181243904	181242173	65
5	181243905	181242173	65
5	181243905	181243253	55
5	181243905	181243285	63
5	181243907	181242169	62
5	181243909	181243041	66
5	181243915	181242173	57
5	181243917	181242173	57
5	181243948	181241491	54
5	181244210	181242173	69
5	181247577	181242173	6
5	181248097	181242173	56
5	181260195	181254416	50
5	181260258	181256483	52
5	181260325	181257008	49
5	181261082	181259260	26
5	181261119	181255146	37
5	181263767	181264051	10
5	181263790	181264051	10
5	1856569	1855969	0
5	18746174	18704432	1
5	1879833	1877412	0
5	1879833	1877426	0
5	1879833	1877447	0
5	1879833	1878784	0
5	1879871	1877813	0
5	1880144	1879503	0
5	1880144	1879669	0
5	1880835	1879503	0
5	1886985	1882602	0
5	1887180	1882602	0
5	1887219	1882602	0
5	1887237	1882602	0
5	19037715	19035905	0
5	19038741	19035196	0
5	19142347	18965860	0
5	19478637	19472950	0
5	19483444	19473578	0
5	19483447	19473572	0
5	19483447	19473614	0
5	19483553	19473031	0
5	19483553	19473047	0
5	19503110	19483300	0
5	19520779	19502681	0
5	19520779	19502991	0
5	19544006	19483300	0
5	1966964	1963608	0
5	19721467	19612433	0
5	19747237	19721346	0
5	19747237	19721390	0
5	19839243	19746941	0
5	19839245	19746941	0
5	19848212	19839138	0
5	19878091	19838758	0
5	19878091	19838971	0
5	19981179	19838758	0
5	19988208	19838758	0
5	20255506	19839049	0
5	20255506	19991872	0
5	20575864	20255443	0
5	20575874	20255443	0
5	20614766	20612624	0
5	21329631	21323872	0
5	216860	196870	2
5	217219	205872	2
5	217280	213897	5
5	21755843	21750672	0
5	21755843	21751044	0
5	21755843	21751496	0
5	21755843	21751694	0
5	21755843	21751736	0
5	21783495	21764977	0
5	21889848	21854670	0
5	21975386	21842160	0
5	21975386	21854670	0
5	22078863	21975090	0
5	22141253	22139246	0
5	22172513	22078700	0
5	22212489	22078483	0
5	22212640	22078445	0
5	22212644	22078445	0
5	22212770	22078445	0
5	22405352	22212497	0
5	22405352	22278010	0
5	22505365	22212497	0
5	22638995	22505269	0
5	227757	228184	0
5	22853342	22505269	0
5	22853623	22505269	0
5	23263186	23262158	0
5	235340	236427	5
5	24353444	24352308	0
5	24491828	24487099	0
5	24491828	24487145	0
5	24491828	24487347	0
5	24491828	24487531	0
5	24593614	24537379	0
5	24644781	24593259	0
5	24644979	24593259	0
5	24838939	24835279	0
5	24885462	24881942	0
5	250777	250991	9
5	25093268	25087449	0
5	25136446	25093112	0
5	25136446	25101017	0
5	25136446	25126304	0
5	25190657	25167161	0
5	25190691	25167161	0
5	25190957	25167161	0
5	25224930	25218972	0
5	25413845	25404732	0
5	25422856	25413438	0
5	25422856	25413766	0
5	25422856	25415645	0
5	25445908	25422729	0
5	25445926	25422729	0
5	26384162	26382518	0
5	26734444	26711550	0
5	26749998	26734359	0
5	26885866	26880599	0
5	26885866	26880685	0
5	26903825	26902475	0
5	26906127	26903007	0
5	26906127	26903636	0
5	26915925	26906718	0
5	26988383	26915629	0
5	26988383	26915754	0
5	26988383	26915907	0
5	27121151	26988105	0
5	271517	269857	1
5	271691	271775	107
5	2737760	2736661	0
5	27423602	27412612	0
5	2747617	2745844	0
5	2749053	2746765	0
5	2749053	2747540	0
5	28287666	28286388	0
5	2835140	2831020	0
5	28809250	28782677	2
5	290322	288832	5
5	29381963	29380295	0
5	29384393	29381852	2
5	29384393	29383103	3
5	304222	306601	70
5	31095642	31093976	0
5	31267611	31115546	0
5	31405724	31400496	30
5	31405724	31400501	30
5	31405724	31401133	17
5	31405724	31401146	17
5	31405724	31401411	28
5	31405724	31401550	31
5	31409160	31406852	23
5	31409333	31409055	25
5	31409552	31408735	31
5	31421378	31410745	7
5	31422945	31421271	3
5	31422945	31421323	3
5	31422945	31421750	2
5	31423322	31421271	6
5	31449420	31448546	0
5	31451641	31449276	0
5	31451641	31449280	0
5	31451641	31449368	0
5	31464344	31451532	0
5	31466282	31464087	0
5	31466282	31464235	0
5	31466487	31464235	0
5	31467992	31466181	3
5	31468007	31467141	6
5	31468064	31466181	5
5	31468064	31467458	8
5	31472233	31467938	2
5	31472233	31467944	2
5	31472234	31467517	0
5	31483629	31472062	0
5	31483629	31472126	0
5	31493294	31486490	0
5	31495373	31493206	0
5	31495373	31493208	0
5	31508776	31504554	1
5	31515220	31511034	0
5	31515565	31514987	0
5	31515565	31514993	0
5	31521216	31514987	0
5	31526421	31514987	1
5	31526913	31521122	0
5	31527581	31526754	4
5	31529106	31526078	0
5	31529106	31526328	0
5	31529107	31526078	0
5	32106181	32103444	2
5	32121580	32106400	0
5	32135687	32124703	1
5	32135687	32126366	7
5	32135687	32126594	9
5	32233021	32230084	6
5	32233935	32227005	4
5	32235130	32226993	10
5	32235130	32233772	7
5	32239174	32229607	5
5	32243600	32242056	2
5	32248127	32243520	0
5	32268795	32263112	0
5	32270948	32268700	0
5	32271906	32270816	0
5	32274123	32271832	0
5	32312925	32296353	0
5	32312939	32276681	0
5	32312970	32276681	0
5	32312988	32273979	0
5	32313010	32276681	0
5	32364046	32354349	5
5	32364046	32354350	5
5	32364046	32354628	10
5	32364046	32354851	4
5	32364046	32355647	11
5	32395305	32390274	8
5	32407022	32403905	0
5	32415188	32406726	0
5	32415188	32406773	0
5	32420104	32417647	0
5	32444329	32419820	0
5	32444497	32419819	0
5	32651977	32646563	0
5	33017096	33011321	0
5	33023328	32925638	0
5	33049402	33023100	0
5	33263667	33023054	0
5	33440620	33424024	1
5	33440777	33441045	9
5	33440792	33441045	8
5	33522231	33519615	0
5	33534993	33523534	0
5	33534993	33527180	1
5	33577161	33561026	0
5	33588810	33576053	0
5	33588810	33576962	0
5	33614377	33595933	0
5	33614377	33603441	4
5	33751549	33683858	0
5	33840313	33751403	0
5	33881481	33751197	0
5	33881481	33751403	0
5	33891609	33880863	0
5	33891942	33881118	0
5	33892020	33881118	0
5	33892193	33881118	0
5	33947375	33944615	0
5	33951678	33945865	0
5	33951678	33947162	0
5	33951678	33947267	0
5	33954505	33951404	0
5	33954505	33951553	0
5	33964017	33954360	0
5	33982413	33954360	0
5	33982413	33963690	0
5	33984238	33963690	0
5	33984563	33963641	0
5	33989503	33988306	23
5	33994121	33988083	0
5	33998783	33988683	3
5	33998828	33986177	3
5	33998828	33987173	3
5	33998828	33988083	4
5	33998828	33989110	0
5	33998828	33993947	0
5	33998828	33994077	1
5	33998828	33997006	3
5	33998828	33997203	3
5	33998828	33997243	3
5	34020743	34005755	0
5	34024009	34019447	0
5	34024009	34019452	0
5	34024009	34019704	0
5	34024009	34020586	0
5	34024009	34020667	0
5	34024419	34019696	0
5	34033314	34028753	1
5	34033459	34028753	0
5	34035759	34033064	0
5	34035759	34033303	0
5	34124529	34035646	1
5	34175538	34164697	8
5	34175958	34175444	1
5	34179098	34175821	0
5	34182868	34179012	0
5	34189515	34182679	0
5	34200922	34182826	2
5	3421305	3417151	0
5	34218344	34182679	0
5	34218451	34199796	0
5	34218451	34200820	0
5	34657251	34656411	0
5	34839279	34837548	0
5	34861507	34860782	0
5	34867070	34868904	0
5	34909357	34905263	50
5	34909357	34908171	34
5	34909357	34908553	13
5	34909357	34908654	16
5	34911813	34909257	8
5	34913579	34911553	8
5	34914027	34911617	16
5	34914027	34913469	15
5	34914802	34913870	14
5	34914962	34911553	7
5	34914962	34913469	13
5	34914962	34913926	11
5	34914962	34913969	11
5	34915505	34914476	12
5	34915518	34914694	5
5	34915549	34914694	17
5	34915616	34914694	19
5	34915627	34914694	22
5	34916767	34914694	11
5	34916770	34914694	11
5	34918137	34915415	4
5	34922288	34922538	33
5	34922589	34922694	45
5	34922769	34923000	65
5	34923052	34923132	64
5	34924976	34925225	11
5	3497412	3496228	0
5	34998827	34998249	0
5	35003862	34998100	0
5	35003862	34998102	0
5	35003862	34998673	0
5	35013046	35009999	0
5	35014120	35012396	0
5	35014120	35012953	0
5	35025856	35009999	0
5	35033554	35032731	0
5	35035317	35033010	0
5	35035317	35033459	0
5	35066103	35048755	0
5	35066103	35048758	0
5	35066103	35065088	0
5	35068286	35048755	0
5	35068286	35048758	0
5	35068286	35048771	0
5	35068286	35055696	0
5	35068286	35064797	0
5	35068286	35065088	0
5	35068286	35065948	0
5	35068879	35068215	0
5	35070266	35048758	0
5	35070266	35048771	0
5	35070266	35068229	0
5	35084640	35072574	0
5	35086339	35084469	0
5	35086341	35084469	0
5	35086341	35084481	0
5	35086341	35084508	0
5	35086341	35084534	0
5	35089621	35072574	0
5	35089621	35086207	0
5	35089638	35084469	0
5	35089638	35086207	0
5	35089664	35070123	0
5	35089664	35072574	0
5	35089664	35086207	0
5	35089664	35086224	0
5	35089664	35086307	0
5	3531879	3422281	0
5	35684043	35678483	0
5	35697794	35700495	0
5	35827019	35697957	0
5	35910076	35904294	0
5	35910076	35904297	0
5	35910076	35904601	0
5	35910544	35909829	0
5	35910544	35909865	0
5	35955865	35951009	0
5	35955865	35953107	0
5	35957420	35954818	0
5	35957420	35955194	0
5	35957420	35955380	0
5	35957420	35955644	0
5	35957420	35955728	0
5	35962952	35957187	0
5	35965918	35957187	0
5	35965918	35960755	0
5	35965918	35961988	0
5	35965918	35962873	0
5	35991335	35957187	0
5	3600189	3596210	0
5	36038017	36035016	0
5	36038017	36035336	0
5	36038017	36035354	0
5	36039709	36037796	0
5	36049421	36039476	0
5	36051985	36039476	0
5	36051985	36039659	0
5	36051985	36048888	0
5	36051985	36049316	0
5	36105198	36098411	11
5	36108640	36105067	6
5	36109992	36108521	2
5	36109992	36108533	2
5	36141203	36137273	1
5	36142600	36141106	5
5	36142758	36141040	1
5	36151962	36143175	1
5	36152239	36152241	15
5	36197665	36192591	9
5	36197665	36192884	9
5	36197665	36193712	10
5	36197665	36194229	15
5	36197665	36194821	14
5	36197665	36194985	14
5	36197665	36194987	14
5	36197665	36195061	13
5	36197665	36195143	13
5	36217885	36211843	4
5	36218258	36211843	5
5	36219680	36217747	3
5	36219680	36217793	5
5	36225613	36219595	4
5	36225624	36219595	4
5	36251500	36248433	0
5	36251500	36249332	0
5	36257072	36255469	0
5	36257557	36256795	0
5	36257557	36256940	0
5	36265521	36264958	0
5	36268268	36265448	0
5	36269468	36265448	0
5	36269468	36265462	0
5	36638791	36636018	0
5	36668712	36666213	7
5	36705852	36702477	0
5	36705852	36702629	0
5	36725174	36668564	0
5	36867239	36861735	4
5	36876208	36871918	59
5	36876658	36864424	12
5	37108472	37106227	6
5	37108472	37106977	3
5	37120341	37114959	0
5	37121785	37120215	0
5	37121785	37120261	0
5	37125410	37122429	0
5	37125410	37124870	0
5	37125441	37122429	0
5	37138849	37121616	0
5	37138849	37122429	0
5	37138849	37125243	0
5	37139371	37138701	0
5	37139371	37138719	0
5	37139588	37138685	0
5	37142481	37138719	0
5	37142481	37138788	0
5	37148269	37138719	0
5	37153845	37148180	0
5	37153994	37148180	0
5	37157421	37153739	0
5	37157421	37153860	0
5	37157421	37153904	0
5	37157463	37153739	0
5	37157815	37153739	0
5	37157815	37157312	0
5	37157869	37153739	0
5	37157869	37157312	0
5	37157933	37157312	0
5	37158278	37157669	0
5	37158346	37153739	0
5	37158346	37157312	0
5	37158346	37157667	0
5	37158346	37157669	0
5	37169562	37167046	0
5	37170332	37168790	1
5	37170332	37169531	1
5	37205455	37201590	0
5	37206297	37205314	0
5	37206383	37205193	0
5	37206426	37205314	0
5	37213623	37205314	1
5	37213623	37206196	0
5	37213733	37206196	0
5	37247746	37245709	0
5	37247793	37245709	0
5	37292986	37288136	22
5	37292986	37291837	8
5	37292986	37291838	8
5	37292986	37291899	7
5	37293175	37291632	4
5	37301551	37299447	2
5	37302909	37301013	2
5	37302909	37301436	1
5	37327777	37325900	5
5	37342647	37341089	0
5	37348597	37342396	0
5	37348597	37342548	0
5	37363985	37358080	0
5	37364385	37363887	0
5	37721216	37722854	6
5	37722935	37724933	7
5	37813706	37814197	14
5	37814487	37814822	12
5	37824090	37812676	0
5	37834823	37812676	0
5	37834823	37815650	0
5	37834823	37816025	0
5	37834909	37816025	0
5	37835828	37812676	2
5	37835828	37815650	4
5	37919791	37899362	0
5	37947956	37939364	0
5	38284104	38282263	0
5	38346552	38345346	0
5	38402082	38399813	0
5	38402082	38401068	0
5	38427377	38425035	0
5	38468308	38460924	0
5	38468340	38466162	0
5	38482668	38474962	7
5	38482668	38480967	4
5	38485981	38484774	0
5	38489246	38485596	0
5	38489246	38485818	0
5	38489246	38485936	0
5	38493786	38490189	0
5	38493786	38490619	0
5	38527295	38523418	0
5	38528841	38527154	0
5	38528841	38527174	0
5	38530667	38528725	0
5	38530667	38528758	0
5	38530918	38528671	0
5	38595384	38594970	0
5	38595405	38530505	0
5	38608355	38606204	0
5	38711421	38710366	0
5	38711421	38710368	0
5	38744018	38716464	0
5	38744018	38736054	0
5	38764290	38763157	0
5	38796470	38743926	0
5	38845764	38796352	0
5	38845769	38796352	0
5	38845830	38843262	1
5	38942972	38937918	54
5	38942972	38940014	32
5	38942972	38940019	31
5	38943248	38942223	8
5	38945069	38944445	0
5	38945611	38944912	3
5	38945725	38944912	2
5	38946553	38944912	2
5	38946553	38945490	0
5	38954862	38953460	0
5	38955705	38954698	5
5	38955705	38954773	5
5	38963042	38962484	2
5	38964893	38962875	0
5	38964893	38962950	0
5	38967228	38966640	0
5	38967428	38966814	0
5	38967428	38967160	0
5	38970621	38967942	0
5	38971960	38967942	0
5	38971962	38967942	0
5	38975605	38969686	0
5	38975605	38971876	0
5	38982037	38975536	0
5	38982037	38978582	0
5	38991076	38980879	0
5	38991076	38981866	1
5	38991076	38981897	2
5	39074159	39021038	0
5	39074390	39021038	0
5	39108263	39105254	0
5	39108263	39107057	0
5	39108263	39107168	0
5	39108263	39107283	0
5	39108263	39107301	0
5	39108263	39107307	0
5	39137721	39134854	0
5	39138692	39137599	0
5	39139253	39138656	0
5	39141142	39139232	0
5	39170336	39169209	0
5	39202988	39153447	0
5	39203028	39153447	0
5	39208965	39202955	0
5	39211092	39202893	0
5	39213018	39202773	0
5	39219574	39201825	0
5	39219607	39201825	0
5	39250807	39202616	0
5	39270641	39201825	0
5	39270645	39250670	0
5	39270658	39201825	0
5	39270829	39269644	0
5	39274529	39202437	0
5	39288952	39284261	0
5	39316030	39311136	0
5	39331815	39315768	0
5	39331815	39315774	0
5	39341294	39331675	0
5	39341294	39331772	0
5	39341701	39341080	0
5	39341701	39341145	0
5	39375085	39371674	5
5	39375085	39371677	5
5	39375085	39373020	7
5	39376043	39374744	8
5	39376107	39375013	9
5	39388368	39381453	10
5	39388368	39382617	10
5	39388368	39385167	3
5	39388853	39342090	0
5	39388853	39381453	9
5	39388853	39382617	6
5	39388853	39388304	2
5	39388858	39387696	1
5	39389124	39388798	1
5	39389933	39389096	1
5	39389933	39389107	1
5	39393394	39390443	0
5	39393394	39392203	0
5	39393394	39392364	0
5	39394401	39393253	0
5	39394422	39393253	0
5	39394422	39393257	0
5	39394422	39393283	0
5	39394422	39393368	0
5	39408838	39394293	0
5	39417285	39394229	0
5	39418346	39394353	0
5	39418346	39417188	0
5	39418346	39417552	0
5	39418346	39417572	0
5	39423898	39394229	0
5	39424869	39388798	0
5	39424871	39418180	0
5	39424914	39394229	0
5	39424960	39417945	0
5	39424977	39418180	0
5	39424981	39394229	0
5	39425171	39394229	0
5	39425234	39394229	0
5	39462155	39418180	0
5	39462299	39460866	0
5	39462301	39394229	0
5	4013650	4012707	0
5	4037482	4033712	0
5	40478093	40474907	0
5	40604037	40512332	0
5	40728477	40714474	0
5	40728477	40715943	0
5	40730344	40716144	0
5	40747020	40568104	0
5	40747020	40603931	0
5	40747020	40611491	0
5	40747020	40715135	1
5	40764641	40759378	16
5	40764641	40762769	49
5	40764789	40764241	34
5	40765239	40764513	141
5	40767691	40764751	3
5	40767691	40764769	5
5	40767691	40764936	4
5	40769504	40767465	3
5	40769504	40768384	5
5	40771864	40767506	11
5	40777587	40775409	61
5	40777587	40777159	58
5	40798149	40777444	2
5	40798160	40777015	2
5	40798171	40777444	0
5	40798175	40777444	0
5	40798190	40777444	0
5	40798199	40777444	0
5	40798375	40777444	0
5	40831395	40827702	213
5	40832556	40831322	190
5	40834038	40832447	54
5	40834266	40825261	200
5	40834266	40832457	65
5	40834266	40833960	25
5	40834607	40832102	46
5	40834607	40833878	12
5	40834607	40834180	12
5	40834608	40834180	12
5	40998678	40998016	0
5	40998678	40998019	0
5	40998678	40998020	0
5	40998678	40998021	0
5	41048466	41047720	0
5	41049142	41048203	0
5	41049142	41048323	0
5	41049437	41048323	0
5	41149483	41142233	0
5	41153999	41149934	0
5	41153999	41152746	0
5	41155105	41153809	0
5	41158786	41154971	0
5	41158786	41155058	0
5	41160368	41159081	0
5	41160370	41159081	0
5	41161860	41160141	0
5	41161860	41160209	0
5	41161860	41160303	0
5	41199913	41195791	0
5	41201715	41199767	0
5	41201715	41199812	0
5	41203251	41201557	0
5	41203735	41203137	0
5	41213022	41203087	0
5	41213511	41203087	0
5	41261439	41203087	0
5	41313771	41306956	0
5	41382535	41306953	0
5	41382535	41312728	0
5	41587788	41585881	0
5	41739492	41730064	15
5	41739492	41730740	28
5	41739492	41730840	20
5	41739492	41731369	15
5	41739492	41731580	27
5	41739722	41731738	26
5	41749608	41739389	24
5	41762201	41749526	1
5	41762201	41749600	0
5	41870520	41862641	1
5	41918689	41918693	96
5	41968367	41967138	0
5	42468869	42465399	0
5	42804774	42799879	0
5	42804774	42800111	0
5	42804774	42800130	0
5	42804774	42800927	0
5	42804774	42800933	0
5	42804774	42801199	0
5	42804774	42801237	0
5	42807109	42799882	0
5	42807109	42801104	0
5	42807109	42804655	0
5	42807109	42804668	0
5	42807299	42804655	0
5	42807690	42806901	0
5	42808367	42800818	0
5	42808367	42804655	0
5	42808367	42806582	0
5	42808367	42806895	0
5	42808367	42807603	0
5	42808406	42806895	0
5	42809789	42808150	0
5	42810779	42808150	0
5	42811890	42806582	0
5	42811893	42807817	0
5	42811893	42808150	0
5	42811894	42808150	0
5	42812080	42808150	0
5	42825897	42808150	0
5	42887393	42808150	0
5	43016478	43014733	6
5	43018725	43014413	6
5	43043171	43039232	5
5	43067158	43014735	6
5	43121829	43122038	29
5	43121829	43122043	29
5	43161607	43161708	15
5	43161614	43161708	16
5	43174495	43175455	99
5	432525	432805	10
5	43289666	43290467	94
5	43292638	43289394	7
5	43294163	43292847	10
5	43294853	43293733	7
5	43294862	43294055	7
5	43295858	43294412	7
5	43295918	43294690	8
5	43298976	43298008	13
5	43307825	43298445	0
5	43307825	43298517	0
5	43313225	43298678	2
5	43313474	43298143	0
5	43313513	43298517	0
5	43382053	43376644	6
5	43388477	43379192	4
5	43388477	43380891	2
5	43388477	43381800	7
5	43397265	43388349	0
5	43412375	43388021	0
5	43412376	43388349	0
5	43412392	43388349	0
5	43446558	43445892	38
5	43454044	43444251	4
5	43454044	43444669	8
5	43454044	43445237	5
5	43454044	43446341	16
5	43479988	43445978	6
5	43483894	43446379	3
5	43487950	43486700	14
5	43490730	43487908	3
5	43492310	43490328	2
5	43492310	43490630	2
5	43493613	43492719	1
5	43494602	43493542	1
5	43494602	43493548	1
5	43494606	43493542	1
5	43502496	43494509	10
5	43503761	43494509	9
5	43503761	43502371	7
5	43506007	43503664	9
5	43506395	43503664	5
5	43508667	43505549	3
5	43508667	43505747	4
5	43509376	43508576	1
5	43515025	43505747	6
5	43515079	43508576	6
5	43515146	43509144	2
5	43529880	43526266	18
5	43529880	43527091	18
5	43529880	43527092	18
5	43529880	43527144	17
5	43533793	43527092	11
5	43533793	43527112	10
5	43536945	43535533	1
5	43539036	43536818	1
5	43539036	43536853	1
5	43543117	43536818	1
5	43543117	43538923	2
5	43543117	43538928	2
5	43547914	43543003	0
5	43547914	43543060	0
5	43555962	43547727	0
5	43556000	43547727	0
5	43557078	43547727	0
5	43583567	43571593	5
5	43583567	43577641	5
5	43583567	43578336	13
5	43583567	43579129	9
5	43588224	43586917	6
5	43602938	43583466	3
5	43603064	43583466	1
5	43603105	43583466	0
5	43603177	43575777	2
5	43603231	43588640	4
5	44310531	44303543	0
5	44388798	44310426	0
5	44389707	44388484	0
5	4440260	4436849	0
5	44500652	44495617	0
5	44504473	44500631	0
5	44510241	44500540	0
5	44700809	44698430	0
5	44746039	44744899	0
5	44746039	44745008	0
5	44746039	44745137	0
5	44747697	44745996	0
5	44777102	44745941	0
5	44777102	44747626	0
5	44777102	44775693	14
5	44777993	44776755	12
5	44777993	44777065	11
5	44808667	44777036	1
5	44808737	44777203	1
5	44808742	44745941	1
5	44808743	44777036	0
5	44808760	44777036	0
5	44808778	44745941	1
5	4481756	4451929	0
5	4522368	4481691	0
5	45267254	45254949	0
5	45267254	45259456	0
5	45645262	45617327	0
5	45645609	45461845	0
5	45695726	45695074	0
5	45696335	45645184	0
5	45696499	45641700	0
5	457007	457899	11
5	464413	465110	76
5	472744	472106	5
5	472877	466123	46
5	472961	471246	14
5	473099	470509	15
5	475133	473309	5
5	475133	473360	5
5	475672	470457	9
5	476093	475560	13
5	476379	476019	12
5	476673	476201	14
5	4784965	4522264	0
5	479966	477331	18
5	480217	480361	11
5	4805770	4775475	0
5	481636	479636	2
5	481636	479835	2
5	4849801	4831698	0
5	4866222	4805719	0
5	4968911	4967763	0
5	4975261	4974689	0
5	50399914	50396191	38
5	50399914	50398026	31
5	50399914	50398676	3
5	50399914	50398938	3
5	50403455	50402285	1
5	50405853	50403177	1
5	50405853	50403255	1
5	5047455	5046979	0
5	5049498	5046795	0
5	50666998	50667084	13
5	5078312	5069191	0
5	50860021	50858759	0
5	50933811	50929483	0
5	50967009	50965686	0
5	50969578	50969216	0
5	50969968	50969504	0
5	50970168	50969216	0
5	5133771	5132779	0
5	51379676	51378574	0
5	51383333	51377067	0
5	5176215	5142137	0
5	52685691	52675192	0
5	52932137	52933893	3
5	52948908	52932418	0
5	52948908	52932475	0
5	52978400	52948824	0
5	52988277	52948824	0
5	53100488	53098070	7
5	53100535	53095678	9
5	53100535	53098061	8
5	53100535	53098067	8
5	53100535	53098383	9
5	53100535	53098539	9
5	53101510	53098066	6
5	53101510	53098098	7
5	53101510	53100410	8
5	53101510	53100452	8
5	53102225	53100410	1
5	53102225	53101125	0
5	53102225	53101358	0
5	53107222	53100410	1
5	53107222	53101358	1
5	53113035	53113858	2
5	53304908	53297871	0
5	53778378	53777013	0
5	53784131	53776643	0
5	54067168	53884783	0
5	54113411	53883944	0
5	54113411	53884783	0
5	54113411	53886444	0
5	54113411	53887364	0
5	54113411	54067161	0
5	54154640	54113132	0
5	54154640	54113201	0
5	54171929	54154390	0
5	54171929	54154579	0
5	54307947	54154579	0
5	54310416	54171783	0
5	54310574	54171783	0
5	54310577	54171783	0
5	54810964	54808209	0
5	54867041	54856539	0
5	54957847	54956234	0
5	54982147	54977863	10
5	54985594	54978486	13
5	54985664	54981996	12
5	54993732	54979057	0
5	55022672	54985248	0
5	55022672	54993546	0
5	55022713	55021298	0
5	55022713	55021348	0
5	55022713	55021358	0
5	55022713	55021377	0
5	55023338	55022627	0
5	55023338	55022628	0
5	55023617	55022627	0
5	55024077	55022627	0
5	55024543	55022627	0
5	55025042	55023928	0
5	55025112	55023928	0
5	55025765	55022627	0
5	55025765	55023137	0
5	55025765	55023928	0
5	55025765	55024946	0
5	55026875	55025675	0
5	55026910	55025675	0
5	55026925	55025675	0
5	55026997	55023137	0
5	55026997	55025675	0
5	55026997	55025678	0
5	55028269	55026830	0
5	55028307	55026830	0
5	55028588	55026830	0
5	55032565	55026830	0
5	55032565	55028261	0
5	55032567	55028217	0
5	55032704	55024946	0
5	55033864	55032648	0
5	55034271	55022627	0
5	55036756	55033735	0
5	55042069	55040506	0
5	55119919	55112994	0
5	55119919	55113332	0
5	55119919	55114147	0
5	55120551	55119800	0
5	55120551	55119812	0
5	55125029	55119800	0
5	55137637	55135756	0
5	55140408	55133411	0
5	55160244	55160329	38
5	55164180	55164599	60
5	55172651	55146627	0
5	55173162	55146627	0
5	55221127	55219613	40
5	55221127	55219964	37
5	55222400	55221015	12
5	55222400	55221106	14
5	55232547	55231151	15
5	55256541	55256245	48
5	55259945	55256244	6
5	55259945	55256248	6
5	55259945	55256490	12
5	55270488	55269412	10
5	55270707	55270411	3
5	55272176	55270443	0
5	55272176	55270577	0
5	55295525	55294016	0
5	55296350	55295378	2
5	55296350	55295443	0
5	55422983	55424719	21
5	55426040	55424853	4
5	55426040	55424884	7
5	55441909	55425862	3
5	55468150	55441850	0
5	55468150	55441905	0
5	55468291	55441879	0
5	55491115	55467868	0
5	55491115	55475298	0
5	55534952	55490959	0
5	55534965	55467868	0
5	55534965	55530435	3
5	55534970	55490959	0
5	55535051	55475298	0
5	55627981	55625844	5
5	55627981	55625846	5
5	55627981	55625857	5
5	55627981	55626410	6
5	55627981	55626559	6
5	55633809	55627890	6
5	55633903	55627890	3
5	55635658	55627890	1
5	55635658	55633395	1
5	55635658	55633694	1
5	55635658	55633753	1
5	55645896	55633694	0
5	55649315	55645788	0
5	55652724	55645788	0
5	55652724	55649206	0
5	55652724	55649209	0
5	55656775	55652528	0
5	55658039	55656714	0
5	55664864	55649206	0
5	55664864	55656714	0
5	55664864	55656720	0
5	55665133	55656744	0
5	55669322	55664559	0
5	55669322	55664692	0
5	55669621	55669120	0
5	55669621	55669227	0
5	55669621	55669258	0
5	55669666	55669227	0
5	55669880	55669556	0
5	55669880	55669595	0
5	55672696	55669757	0
5	55672696	55669828	0
5	55672696	55669835	0
5	55672823	55669757	0
5	55693054	55672562	0
5	55694205	55692870	0
5	55697993	55669757	0
5	55697993	55672562	0
5	55697993	55694082	5
5	55697993	55695991	5
5	55697995	55669757	0
5	55697995	55672562	0
5	55702895	55697845	2
5	55702895	55697878	2
5	55702895	55697958	2
5	55704435	55697845	6
5	55704435	55702738	0
5	55704435	55704042	0
5	55711500	55669757	0
5	55711500	55672562	0
5	55711500	55697845	0
5	55711500	55702738	0
5	55711500	55704274	0
5	55711500	55704321	0
5	55712331	55697845	1
5	55773195	55712216	0
5	55936337	55941046	68
5	55941120	55941197	96
5	55942752	55935094	67
5	55942752	55935098	67
5	55942752	55935124	63
5	55942752	55940965	5
5	55942752	55941027	5
5	55942752	55941081	6
5	55942752	55941522	1
5	55942752	55941693	1
5	55942752	55941764	1
5	55947590	55942669	1
5	55947595	55942669	2
5	55948983	55947564	1
5	55951605	55947492	1
5	55951605	55947560	1
5	55951638	55947492	1
5	55956236	55952249	2
5	55956236	55954809	3
5	55957292	55955979	0
5	55957292	55956024	0
5	55960562	55942669	0
5	55960562	55956024	0
5	55964313	55963351	0
5	55968397	55964145	0
5	55969856	55963351	0
5	55976279	55942669	0
5	55976279	55964208	0
5	55976294	55964208	0
5	56102587	56099677	0
5	56102587	56099772	0
5	56102587	56099881	0
5	56111783	56102493	0
5	56114301	56111577	0
5	56116783	56111117	0
5	56116952	56111117	0
5	56127107	56116614	0
5	56143930	56116614	0
5	56143930	56126921	0
5	56156996	56143800	0
5	56159894	56116614	0
5	56159894	56126921	0
5	56159894	56143782	0
5	56159894	56143800	0
5	56176283	56170693	0
5	56183635	56176151	0
5	56183635	56176234	0
5	56232927	56183511	0
5	56232947	56183511	0
5	56233295	56183511	0
5	56321398	56313904	0
5	56464117	56457794	0
5	56465068	56464008	0
5	56467813	56464986	0
5	56467813	56465009	0
5	56513926	56511566	0
5	56513926	56511721	0
5	56537827	56536582	0
5	56556173	56535129	0
5	56556188	56535129	0
5	56852075	56842015	0
5	56887521	56888225	13
5	56910715	56900040	0
5	56910923	56911041	3
5	56923834	56919601	55
5	56923834	56919602	55
5	56923834	56919603	55
5	56923834	56922583	63
5	56928859	56923914	9
5	56928862	56923914	9
5	56930746	56923914	13
5	56930746	56928766	2
5	56935752	56935427	0
5	56936937	56935743	0
5	56937699	56935665	2
5	56937699	56935670	2
5	56938972	56938295	0
5	56939018	56937577	0
5	56939018	56938295	0
5	56941134	56938882	0
5	56947072	56938813	1
5	56947072	56938882	1
5	56947087	56938882	2
5	56950653	56938882	0
5	56950653	56946925	0
5	56950653	56947030	0
5	56950653	56947031	0
5	56959521	56947030	0
5	56971676	56947030	0
5	57894996	57890326	0
5	58115978	58108081	0
5	58455022	58453981	22
5	58455022	58453986	22
5	58455117	58454705	28
5	58455415	58454910	27
5	58455415	58454974	29
5	58455780	58455284	30
5	58456156	58455538	15
5	58456195	58455538	20
5	58456414	58455610	37
5	58456590	58453984	20
5	58456590	58456025	23
5	58457093	58456146	11
5	58457093	58456491	9
5	58457280	58456944	8
5	58457380	58456944	9
5	58457380	58457005	9
5	58457380	58457060	33
5	58457422	58456742	7
5	58457570	58457180	8
5	58457584	58457180	9
5	58457584	58457308	8
5	58457738	58457180	9
5	58458172	58457487	6
5	58458172	58457515	8
5	58458529	58457487	7
5	58458529	58458083	9
5	58458574	58457493	8
5	58458842	58458083	10
5	58458842	58458398	8
5	58458896	58458398	10
5	58459093	58458296	9
5	58459093	58458724	9
5	58459140	58458724	10
5	58459506	58458724	10
5	58459756	58458984	5
5	58459860	58458984	5
5	58460087	58458864	5
5	58460261	58458984	5
5	58546160	58541566	0
5	58784780	58741580	0
5	58814746	58741580	0
5	58848575	58846884	0
5	58863415	58848417	0
5	58975840	58969037	25
5	58975840	58969044	25
5	58975840	58970286	31
5	58975840	58973687	25
5	58975840	58973771	17
5	58975840	58974017	1
5	58975840	58974560	1
5	58975840	58974562	1
5	58975840	58974654	1
5	58975840	58974656	1
5	58975840	58974920	0
5	58993466	58991831	0
5	58999933	58993371	0
5	59038972	58993371	0
5	59039516	58993371	0
5	59091126	59038858	0
5	59166435	59164946	0
5	59180645	58993424	0
5	59180645	59038858	0
5	59180645	59091081	0
5	59180645	59157065	0
5	59180645	59172801	0
5	59180645	59174349	0
5	59185263	59180592	0
5	59185263	59180594	0
5	59215936	59193499	0
5	59215969	59193499	0
5	59216755	59215776	0
5	59217237	59215776	0
5	59276120	59215776	0
5	59356976	59215776	0
5	59430601	59215776	0
5	59560915	59558559	0
5	59586394	59038858	0
5	59586500	59215776	0
5	59768510	59215776	0
5	59768637	59215776	0
5	59768646	59215776	0
5	59797133	59215453	0
5	59893286	59215776	0
5	59893799	59215776	0
5	59988633	59797059	0
5	59988705	59560829	0
5	59988705	59988234	2
5	59988718	59215776	0
5	60127682	59988601	0
5	60147895	59986397	0
5	60185688	59988158	0
5	60185688	59988320	0
5	60185688	59988360	0
5	60185688	59988440	0
5	60185688	59988487	0
5	60185688	59988516	0
5	60185688	59988535	0
5	60335131	60185556	0
5	60372715	60185556	0
5	60448708	60185556	0
5	60488064	60188295	0
5	60488066	60335081	0
5	60488077	60185556	0
5	60488099	60185556	0
5	60522121	60185556	0
5	60599261	60596911	43
5	60603568	60597628	37
5	60603568	60597667	36
5	60605857	60603390	0
5	60628692	60605683	0
5	60638891	60605689	0
5	60645620	60644744	0
5	60647534	60645491	0
5	60648148	60645515	0
5	60687228	60647397	0
5	60757646	60751790	0
5	60757646	60751791	0
5	60757646	60751792	0
5	60757646	60754457	0
5	60764333	60757508	0
5	60766631	60764226	0
5	60766631	60764229	0
5	60766631	60764260	0
5	60887521	60873830	2
5	60887521	60873831	2
5	60887521	60873832	2
5	60887521	60873833	2
5	60887521	60873834	2
5	60887521	60873878	2
5	60891087	60887439	1
5	60893644	60890888	9
5	60898401	60890888	3
5	60898401	60890910	2
5	60898401	60892036	1
5	60899728	60898275	0
5	60899728	60898313	0
5	60899728	60898323	0
5	60902509	60899626	0
5	60902509	60900650	0
5	60903717	60902441	0
5	60903717	60902481	0
5	60904874	60902441	0
5	60904874	60903359	0
5	60904874	60903566	0
5	60904874	60903647	0
5	60918389	60902441	2
5	60918389	60903647	2
5	60918389	60904787	0
5	60918389	60904791	0
5	60918389	60909647	2
5	60918389	60915185	1
5	60918560	60918264	2
5	60918614	60918264	2
5	60922156	60917962	0
5	60922156	60918264	0
5	61161228	61157708	21
5	61161228	61159921	11
5	61162469	61162216	33
5	611754	602619	0
5	61252890	61201308	0
5	61252890	61250556	0
5	61663544	61658473	0
5	61667878	61663149	0
5	61667878	61663389	0
5	61677692	61663058	0
5	61735669	61732773	0
5	61735670	61735137	0
5	62390983	62387253	44
5	62391368	62388909	51
5	62392235	62390875	38
5	62392235	62391716	25
5	62392991	62392170	28
5	62392991	62392177	28
5	62394048	62392811	6
5	62394048	62392925	7
5	62579484	62580453	3
5	62579633	62580453	4
5	6337293	6310440	0
5	6339885	6337238	0
5	6374427	6371880	59
5	6374812	6372164	69
5	6377250	6374323	52
5	6378572	6376811	24
5	6378595	6377165	21
5	63962508	63961594	0
5	63981044	63957892	0
5	64406640	64404511	0
5	64728180	64718143	3
5	64741201	64727670	0
5	64741201	64728106	0
5	64754363	64741056	0
5	64754363	64741135	0
5	65170774	65148735	0
5	65170774	65148738	0
5	65170774	65151527	4
5	65173009	65170616	1
5	65188221	65172831	0
5	65188221	65172939	0
5	65214184	65197021	0
5	65214933	65197021	0
5	65215488	65214397	0
5	65215488	65214644	0
5	65215488	65214793	0
5	65260664	65242103	0
5	65260664	65256389	0
5	65451621	65334041	0
5	65452217	65451474	0
5	65452222	65451315	0
5	65452222	65451474	0
5	65452919	65451474	0
5	65487049	65486443	18
5	65521529	65517765	16
5	65521529	65517766	16
5	65521529	65517819	18
5	65521529	65518334	26
5	65521529	65518556	25
5	65528579	65521474	9
5	65528579	65524600	4
5	65529018	65528451	4
5	65529018	65528463	4
5	65529018	65528525	7
5	65529018	65528542	5
5	65529050	65528451	4
5	65529200	65528451	4
5	65529200	65528527	4
5	65529200	65528918	6
5	65529200	65528992	4
5	65529787	65528979	15
5	65551236	65542801	1
5	65551243	65542801	1
5	65551637	65542801	6
5	65551637	65550466	2
5	65551637	65551105	1
5	65561536	65554796	8
5	65561565	65542801	8
5	65561565	65552492	31
5	65561565	65554796	9
5	65563009	65561115	0
5	65563126	65561462	2
5	65563128	65561496	2
5	65563137	65560969	2
5	65563146	65561462	2
5	65563169	65561496	2
5	65563172	65561462	2
5	65591503	65590175	28
5	65591949	65591447	23
5	65594646	65589679	1
5	65594646	65591447	1
5	65594646	65591842	0
5	65594646	65591871	0
5	65605046	65597050	2
5	65609459	65604910	0
5	65609459	65606915	0
5	65610875	65609242	0
5	65611044	65609242	0
5	65611882	65610860	1
5	65611882	65610861	1
5	65613856	65611669	0
5	65614220	65611602	1
5	65614220	65611756	1
5	65618256	65614097	0
5	65624297	65618092	1
5	65624300	65618092	1
5	65624321	65614097	0
5	65624361	65618092	0
5	65624504	65618231	0
5	65624647	65618092	1
5	65660898	65662049	17
5	65662151	65664233	11
5	65662151	65664236	11
5	65671999	65665927	4
5	65680795	65680493	0
5	65685473	65680655	0
5	65685473	65680687	0
5	6582267	6582419	0
5	6602501	6599238	71
5	6602501	6599239	71
5	6602501	6599240	71
5	6602501	6599399	111
5	6602501	6599568	117
5	6602501	6600029	121
5	6604277	6602460	43
5	6604686	6604137	19
5	6604709	6603868	37
5	6604883	6604137	48
5	6605409	6604604	242
5	6606913	6604604	66
5	6606913	6605272	66
5	6606927	6604800	115
5	66076409	66076874	6
5	66144796	66144155	1
5	66153491	66153567	20
5	66158231	66158808	123
5	66158933	66159218	56
5	66162593	66163791	14
5	66163923	66164607	23
5	66163923	66164782	30
5	66163923	66170050	29
5	66164898	66170050	30
5	6620299	6617949	1
5	66209448	66206211	0
5	6621490	6617949	2
5	6621745	6620115	49
5	6622101	6620105	36
5	6623286	6620105	23
5	663573	665179	15
5	66508948	66507543	0
5	666124	659861	1
5	67003954	67001382	0
5	67004692	67004951	1
5	6702710	6686324	0
5	6706273	6705149	2
5	6707712	6702557	1
5	67186018	67179612	0
5	67186298	67184521	0
5	67465328	67463808	0
5	67466939	67465034	0
5	67466939	67465253	0
5	67634396	67632265	0
5	67646790	67634306	0
5	67701653	67699428	0
5	67701653	67699450	0
5	678065	665969	14
5	67818049	67701490	0
5	67824043	67701490	0
5	67889720	67800739	0
5	67902601	67823973	0
5	68290835	68292258	1
5	68292730	68293100	2
5	68293200	68293302	0
5	68433586	68430426	0
5	68533531	68531689	0
5	68960627	68832584	0
5	69027996	69026754	0
5	69029928	68970691	0
5	69043822	69038517	0
5	69115403	69113111	3
5	69121753	69121753	57
5	69128109	69115234	6
5	69130546	69128033	14
5	69134603	69130342	2
5	69285468	69280174	3
5	69285468	69280692	4
5	69285468	69281344	0
5	69285468	69282057	0
5	69285468	69282476	1
5	69308029	69306816	1
5	69311205	69307950	0
5	69314044	69311117	1
5	69314047	69311117	1
5	69314047	69313637	5
5	69320346	69300011	5
5	69320581	69307667	2
5	69320581	69311117	0
5	69355795	69350983	13
5	69355795	69351725	6
5	69355795	69351929	9
5	69355954	69355491	2
5	69355954	69355648	2
5	69366596	69351644	2
5	69366596	69355894	6
5	69366596	69364743	27
5	69366596	69364744	27
5	69366596	69365144	49
5	69366596	69365238	27
5	69366596	69365330	28
5	69366596	69365356	27
5	69366596	69365431	27
5	69366822	69364742	20
5	69369521	69355894	3
5	69372055	69372156	20
5	69420111	69420458	0
5	69441817	69443082	0
5	69485613	69477479	0
5	69502467	69477471	0
5	69544790	69544903	0
5	69578803	69579020	3
5	69642290	69639458	0
5	69642290	69640265	0
5	69679194	69645881	0
5	69679260	69645881	0
5	70041632	70041740	21
5	70098850	70094658	54
5	70202043	70197254	0
5	70222016	70219917	0
5	70478582	70479027	34
5	70497122	70495099	0
5	70518406	70516386	0
5	70917049	70917157	19
5	70951995	70952438	14
5	70971572	70970246	4
5	70974294	70968482	28
5	70974294	70969819	54
5	70974294	70970049	54
5	70998824	70987792	23
5	71001818	70998120	7
5	71001818	70998723	18
5	71003858	71002091	35
5	71003858	71002929	29
5	71011375	71003597	0
5	71011375	71003775	0
5	71020775	71003775	0
5	71020785	71003775	0
5	71034401	71033167	25
5	71037547	71032669	15
5	71037547	71035015	5
5	71037547	71035075	6
5	71037547	71035328	10
5	71048114	71045443	11
5	71048850	71048005	32
5	71049159	71047455	24
5	71049159	71048088	23
5	71049159	71048761	26
5	71055458	71048761	7
5	71055458	71049067	1
5	71055458	71050216	0
5	71059745	71035581	15
5	71059745	71055029	3
5	71059745	71055351	3
5	71059745	71057874	5
5	71060931	71060119	10
5	71061309	71060506	6
5	71061309	71060843	2
5	71061766	71060843	2
5	71061766	71061271	1
5	71062764	71061409	0
5	71062797	71061687	2
5	71062797	71061750	1
5	71062800	71061687	2
5	71065223	71062707	0
5	71065223	71062751	0
5	71067602	71062707	0
5	71067649	71062707	0
5	71067653	71062707	0
5	71067675	71062707	0
5	71067677	71062707	0
5	71067690	71062707	0
5	71076353	71074224	0
5	71104912	71102897	21
5	71202428	71197645	0
5	71222380	71220355	0
5	71374683	71372675	0
5	71445786	71353486	0
5	71446337	71445644	0
5	71446343	71351854	0
5	71509604	71509604	40
5	71635247	71636103	6
5	716866	710359	3
5	716866	711807	0
5	71756302	71754377	0
5	72098438	72095854	2
5	72107310	72107394	2
5	72220774	72220048	264
5	72223731	72222448	24
5	72223851	72219408	13
5	72223851	72219527	14
5	72223851	72219528	14
5	72223851	72220836	26
5	72223851	72221088	26
5	72226200	72223682	12
5	72226200	72223802	15
5	72227276	72226056	20
5	72228369	72226056	33
5	72228369	72226092	38
5	72228369	72227049	36
5	72229554	72226056	9
5	72232559	72227762	5
5	72232559	72228265	4
5	72238129	72234118	1
5	72238131	72234118	1
5	72241689	72238013	5
5	72241689	72238074	4
5	72288873	72238013	0
5	72295590	72238013	0
5	72295590	72238024	0
5	72295590	72241461	0
5	72295590	72241646	0
5	72295590	72294553	0
5	72297703	72295314	0
5	72297703	72295530	0
5	72297703	72295548	0
5	72320192	72314080	1
5	72320210	72314080	1
5	72320223	72297631	0
5	72320229	72314080	1
5	72320232	72314080	1
5	72320239	72314080	1
5	72320240	72314080	1
5	72320256	72314080	1
5	72320262	72314080	1
5	72320527	72314080	0
5	72358824	72359603	14
5	72447418	72442651	0
5	72461511	72456403	0
5	72461511	72460961	0
5	72493661	72461304	0
5	72494294	72461329	0
5	72507728	72460164	0
5	72574829	72574119	0
5	72574853	72574119	0
5	72574853	72574185	0
5	72689956	72687111	0
5	72690705	72689907	0
5	72693783	72690522	0
5	72761666	72693550	0
5	72761671	72690548	0
5	72816566	72794404	0
5	7288478	7287923	0
5	7301895	7299773	0
5	730469	716800	0
5	730469	716807	0
5	73150593	73132007	0
5	7326190	7326403	0
5	73446756	73446959	70
5	73446989	73444826	2
5	73461626	73454186	0
5	7347978	7346985	0
5	73502602	73502915	60
5	73553487	73552334	11
5	73553487	73552530	10
5	73553487	73552618	13
5	73554987	73554321	4
5	73555209	73554321	7
5	73555586	73554860	10
5	73555586	73554906	10
5	73557641	73555487	5
5	73561289	73557430	3
5	73561289	73557574	6
5	73561370	73557433	3
5	73562647	73561129	5
5	73562986	73557574	5
5	73562986	73561129	3
5	73565205	73562485	1
5	73565397	73562592	0
5	73565668	73562592	0
5	73565687	73562592	0
5	7363585	7362978	0
5	7369506	7367928	0
5	73780431	73778038	0
5	73898094	73901183	3
5	73901285	73904221	3
5	74103217	74084067	0
5	74307215	74306409	0
5	74334767	74327994	0
5	74476453	74369375	0
5	74632263	74629551	40
5	74636363	74627408	33
5	74636499	74627405	22
5	74636499	74629928	38
5	74637619	74636336	27
5	74637702	74634683	38
5	74637702	74636473	27
5	74640430	74634683	22
5	74640650	74640306	88
5	74641425	74634683	20
5	74722562	74721203	26
5	74722562	74721205	26
5	74722562	74721257	29
5	74722562	74721272	26
5	74725756	74722378	14
5	74726127	74722378	12
5	74726127	74725639	9
5	74726127	74725671	8
5	74730399	74725940	7
5	74730776	74730259	6
5	74733099	74725940	4
5	74733099	74730259	4
5	74733389	74730259	4
5	74736964	74733021	9
5	74736986	74733021	9
5	74738375	74736795	5
5	74738418	74736668	2
5	74738418	74736795	3
5	74740138	74738317	3
5	74740138	74738501	1
5	74741610	74739988	2
5	74741610	74740085	3
5	74741849	74739988	2
5	74751494	74750578	0
5	74758947	74750578	0
5	74758947	74751367	0
5	74758947	74751378	0
5	74783135	74777573	5
5	74783135	74777575	4
5	74801031	74796029	0
5	74814020	74805155	0
5	74834598	74805155	0
5	74834598	74813839	0
5	74834598	74813841	0
5	74834598	74813984	0
5	74839051	74805155	0
5	74839051	74813839	0
5	74839051	74834425	0
5	74840174	74838964	0
5	74840174	74839024	0
5	748560	745182	0
5	748560	747351	8
5	74866345	74841544	0
5	74866388	74841544	0
5	74866839	74841544	0
5	74866952	74841544	0
5	74919287	74917725	0
5	74987624	74919028	0
5	75017543	74987500	0
5	75052228	75048032	0
5	75052644	75047718	0
5	75080640	75068274	0
5	75080640	75068296	0
5	75230636	75222248	0
5	75335039	75320154	0
5	75351316	75351423	6
5	75355215	75355364	27
5	75369338	75368485	4
5	75379474	75356344	1
5	75379474	75368485	4
5	75379474	75368486	4
5	75379474	75368487	4
5	75379474	75368517	8
5	75379474	75371120	10
5	75379474	75372418	21
5	75379474	75372430	20
5	75379474	75372597	14
5	75379474	75373269	2
5	75379474	75373362	3
5	75379474	75373739	8
5	75379474	75374155	8
5	75381202	75356351	3
5	75381202	75372330	2
5	75381202	75373962	8
5	75381202	75374096	7
5	75381202	75378517	0
5	75381202	75379336	0
5	75381202	75379354	0
5	75381202	75379399	0
5	75381202	75379418	2
5	75381202	75379454	0
5	75381202	75379459	0
5	75411104	75389591	0
5	75411104	75400204	0
5	75411104	75402971	0
5	75417034	75400204	0
5	75417034	75402971	0
5	75417034	75410689	0
5	75417034	75411010	0
5	75419420	75416875	0
5	75419425	75416875	0
5	75419425	75417010	0
5	75425500	75419340	0
5	75426439	75425269	0
5	75426479	75419340	0
5	75426479	75425291	0
5	75426479	75425360	0
5	75426479	75425494	0
5	75506005	75459064	0
5	75506117	75459064	0
5	75511201	75505229	0
5	75511267	75505981	0
5	75511284	75505981	0
5	75511287	75505981	0
5	75511303	75505981	0
5	75511318	75505981	0
5	75511421	75505981	0
5	75511488	75505981	0
5	75511506	75505981	0
5	75511608	75505981	0
5	75511616	75505981	0
5	75511618	75505981	0
5	75511621	75505981	0
5	75511626	75505981	0
5	75511634	75505981	0
5	75511639	75505981	0
5	75511702	75505981	0
5	75581449	75582037	16
5	75597790	75597933	2
5	75599381	75598481	33
5	75677951	75674123	5
5	75677951	75674201	5
5	75677951	75674430	15
5	75685369	75677520	10
5	75685485	75674430	9
5	75685485	75677773	11
5	75690563	75689011	2
5	75692501	75690382	7
5	75692501	75690520	6
5	75694832	75692393	0
5	75694832	75692395	0
5	75696112	75694654	3
5	75702811	75694654	0
5	75702811	75694751	0
5	75702833	75694658	0
5	75705788	75702604	23
5	75705788	75702614	21
5	75705788	75702669	18
5	75707876	75702604	3
5	75707876	75705238	3
5	75707876	75705572	1
5	75707876	75705703	1
5	75712426	75707736	3
5	75712433	75707736	3
5	75712456	75707736	2
5	75712666	75707483	0
5	75712666	75707736	3
5	75712952	75702604	0
5	75712952	75705703	2
5	75712952	75707736	2
5	75717427	75705703	2
5	75717449	75707736	0
5	76084187	76081945	0
5	76286804	76285541	0
5	76311463	76286706	0
5	76608971	76606607	0
5	76623414	76617372	0
5	76623435	76615481	0
5	76693975	76691438	0
5	76699497	76693829	1
5	76716216	76699355	1
5	768931	767381	35
5	77074238	77074492	14
5	77078729	77072071	3
5	77086905	77087486	4
5	77087184	77077426	6
5	77087201	77079040	4
5	77087304	77087486	0
5	77087324	77078593	1
5	77147163	77147651	0
5	77427035	77425969	6
5	77432956	77426943	7
5	77433160	77426653	7
5	77433288	77426651	7
5	77436280	77432892	2
5	77436395	77430932	6
5	77436395	77432243	3
5	77436395	77432812	3
5	77436395	77432892	3
5	77437425	77436260	3
5	77437425	77436378	5
5	77438362	77436359	5
5	77438362	77437335	3
5	77438362	77437406	7
5	77440998	77438239	4
5	77440998	77438257	4
5	77449861	77440812	0
5	77449861	77440930	2
5	77449871	77440812	0
5	77449871	77440816	0
5	77451347	77449764	1
5	77451354	77449759	1
5	77451354	77449803	1
5	77451354	77449830	1
5	77452874	77449759	5
5	77453911	77451290	4
5	77453929	77440812	1
5	77453929	77449759	8
5	77453929	77449814	8
5	77453929	77451290	4
5	77453929	77451323	4
5	77459125	77440812	4
5	77459125	77449759	3
5	77459125	77451290	3
5	77459125	77453801	5
5	77459125	77453816	5
5	77459125	77453865	3
5	77459125	77453878	2
5	77459125	77453888	2
5	77463227	77453816	2
5	77463227	77458858	0
5	77463227	77459049	0
5	77463227	77459061	0
5	7746341	7707801	0
5	77464810	77463092	0
5	77464810	77463094	0
5	77464810	77463105	0
5	77464810	77463123	0
5	77489573	77440812	0
5	77489573	77463094	0
5	77492317	77463094	0
5	77620577	77540457	0
5	77620612	77489456	0
5	77636994	77635930	0
5	77637231	77628711	0
5	77693353	77691165	12
5	77693353	77691240	13
5	77693353	77691258	14
5	77693353	77691266	14
5	77693353	77691403	16
5	77694278	77693265	8
5	77705635	77693265	4
5	77708348	77691240	1
5	77708348	77691247	1
5	77708348	77693265	1
5	77708614	77693265	2
5	77776275	77693265	0
5	77868781	77708241	0
5	77946439	77942756	0
5	78015549	78000524	1
5	78015549	78002325	2
5	78015549	78002337	2
5	78015874	78002994	1
5	78020790	78015409	0
5	78034446	78020691	0
5	78034446	78020707	0
5	78043251	78039042	0
5	78089500	78039042	0
5	78089500	78087495	0
5	78101026	78088980	0
5	78101026	78089392	0
5	78128161	78116125	0
5	78128161	78121721	0
5	78225609	78216054	0
5	78342946	78342364	0
5	7835499	7830377	0
5	7835499	7831397	0
5	78360394	78342868	0
5	78360508	78358800	21
5	78491307	78488811	23
5	78510399	78485214	2
5	78510399	78485216	2
5	78549152	78509783	0
5	78564872	78509783	2
5	78564872	78509999	2
5	78564872	78510026	2
5	78564872	78510038	2
5	7861264	7859158	3
5	7861264	7859335	6
5	7861264	7859380	6
5	7861264	7859396	6
5	7861264	7859402	6
5	7861653	7861148	0
5	7861774	7861148	0
5	7862998	7861148	3
5	7862998	7861582	9
5	78632369	78564812	3
5	78632369	78624816	1
5	7863297	7861608	3
5	78642163	78632263	4
5	78648618	78564812	3
5	78648826	78632263	4
5	78648896	78632263	3
5	7867390	7865897	60
5	7868171	7865897	59
5	7868171	7866645	73
5	7868197	7865897	59
5	7869003	7866645	22
5	7869011	7865897	24
5	7869027	7865897	25
5	7869033	7867489	27
5	7869038	7867349	25
5	78709758	78708733	0
5	78766865	78632259	0
5	78781975	78777208	0
5	78781975	78780351	0
5	78839427	78781851	0
5	78839427	78815510	0
5	78885828	78839355	0
5	78885828	78884293	0
5	78955375	78885583	0
5	78955503	78882881	0
5	78955503	78885583	0
5	78985250	78969005	0
5	78985559	78969005	0
5	78985788	78969005	0
5	78985839	78985111	3
5	78986088	78984936	3
5	7900458	7901042	107
5	79005408	78997605	0
5	79024331	79005272	0
5	79024331	79020671	0
5	79024331	79021505	0
5	79024331	79021506	0
5	79026582	79024270	0
5	79028651	79026423	0
5	79028651	79026435	0
5	79042482	79033238	0
5	79044553	79042282	0
5	79044553	79042426	0
5	79051492	79044303	0
5	79054241	79051286	0
5	79054349	79051286	0
5	79055905	79044303	0
5	79055905	79054183	0
5	79055909	79054183	0
5	79063788	79033238	0
5	79063788	79044303	0
5	79063788	79055809	0
5	79069627	79055809	0
5	79069675	79055809	0
5	79077526	79077587	0
5	79104279	79055853	0
5	79120454	79104163	0
5	79121353	79120276	0
5	79121353	79120340	0
5	79223927	79222145	0
5	79235939	79121202	0
5	79236006	79223807	0
5	79236039	79121202	0
5	79396904	79372635	0
5	79396904	79375907	0
5	79396904	79375929	0
5	79439150	79375929	0
5	79512795	79401898	0
5	79512795	79456861	0
5	79514218	79456861	0
5	795869	795606	99
5	795915	795850	82
5	795937	795869	64
5	796062	795915	109
5	796065	795938	119
5	79612692	79613010	42
5	79612736	79613010	50
5	79612770	79613010	52
5	796161	796063	211
5	796185	796125	326
5	796201	796163	425
5	796581	796185	431
5	79761958	79763061	0
5	79778119	79774347	0
5	79801715	79777994	0
5	79985660	79976739	17
5	79985660	79979760	66
5	79987108	79982899	4
5	79988645	79976730	3
5	80068775	80052373	0
5	80068775	80066348	0
5	80080225	80068513	0
5	80080225	80072507	0
5	80083655	80082359	0
5	80113626	80111650	0
5	801146	796201	10
5	801165	795605	9
5	801165	795606	12
5	801165	796324	8
5	80146235	80113571	0
5	80146235	80114513	0
5	80146235	80116137	0
5	80146235	80138726	0
5	80158957	80150881	0
5	80158963	80150881	0
5	80166479	80150881	0
5	80166479	80158835	1
5	80167181	80156993	0
5	80177398	80174953	0
5	80178065	80177314	0
5	80302848	80299677	0
5	80455775	80456460	8
5	80485562	80482292	6
5	80485562	80482711	4
5	80563816	80556754	0
5	80563816	80559968	0
5	80622525	80608622	1
5	80629166	80628016	214
5	80631591	80630312	9
5	80633993	80626227	7
5	80633993	80628222	22
5	80633993	80628537	14
5	80633993	80629038	17
5	80633993	80629063	16
5	80638010	80628123	6
5	80649495	80633876	4
5	80649495	80637882	7
5	80654036	80648940	0
5	80654058	80649388	1
5	80654102	80649388	1
5	80654548	80649388	1
5	80654559	80649388	1
5	80948405	80947696	0
5	80951481	80948328	0
5	80952981	80951128	0
5	80960908	80951446	0
5	80998048	80997182	0
5	81114853	81113384	0
5	81219793	81204083	0
5	81219793	81210100	0
5	81245410	81237827	16
5	81246973	81237564	10
5	81246973	81244857	12
5	81301486	81219659	1
5	81301498	81223314	0
5	81301524	81235758	0
5	81301545	81250702	0
5	81301556	81244743	0
5	81301560	81237564	0
5	81301561	81246889	0
5	81301671	81304740	24
5	81301699	81304740	22
5	81302056	81304740	38
5	81308712	81308945	15
5	81330941	81330004	0
5	81330941	81330361	0
5	81332606	81330452	0
5	81332606	81330813	0
5	81360039	81347773	0
5	81363890	81359851	0
5	81363890	81359902	0
5	81428684	81413020	0
5	81428684	81417359	0
5	81428684	81419917	0
5	81428684	81419935	0
5	81428684	81419962	0
5	81428684	81419978	0
5	81428684	81420013	0
5	81428684	81420180	0
5	81428684	81420287	0
5	81428684	81420434	0
5	81437459	81419872	0
5	81442724	81440537	0
5	81442724	81440557	0
5	81443274	81440557	0
5	81446923	81442650	0
5	81446923	81442652	0
5	81448064	81446867	1
5	81448826	81446867	1
5	81448826	81446868	1
5	81467042	81461054	0
5	81467066	81461054	0
5	81473771	81461054	0
5	81473771	81466972	1
5	81473771	81466973	1
5	81473771	81467016	0
5	81474563	81473699	0
5	81615558	81474495	0
5	81615558	81489249	0
5	81615558	81513627	0
5	81616474	81615472	0
5	81616586	81615485	0
5	81636619	81615055	0
5	81636619	81615472	0
5	81650340	81636471	0
5	81650340	81636556	0
5	81751121	81615472	0
5	819613	814760	3
5	82275296	82274523	71
5	82276256	82275208	57
5	82276256	82275243	60
5	82276519	82273357	31
5	82276519	82275420	47
5	82276519	82276059	40
5	82276519	82276154	47
5	82276519	82276177	43
5	82277853	82275877	57
5	82277853	82276397	56
5	82277853	82276450	67
5	82277952	82276397	72
5	82278144	82277692	100
5	82278342	82277692	13
5	82278352	82277692	8
5	82278355	82277692	8
5	82278356	82277358	93
5	82278397	82277692	8
5	82278578	82277692	8
5	824094	821860	7
5	825252	821860	9
5	825252	823388	17
5	825252	824007	12
5	82852099	82850863	0
5	82921120	82919375	0
5	83061912	83052845	2
5	83061912	83054061	20
5	83061912	83056726	6
5	83061912	83056883	12
5	83061976	83056534	12
5	83065118	83061876	2
5	83077425	83056766	2
5	83077454	83061876	0
5	8334727	8333480	0
5	83534174	83531351	0
5	83562315	83534098	0
5	83580163	83580306	2
5	83581321	83541476	0
5	83644666	83637804	4
5	83652822	83644587	4
5	83652825	83644362	0
5	83652825	83644540	4
5	83652825	83644628	4
5	83673545	83652452	0
5	83673550	83652019	0
5	83673550	83652452	0
5	83673550	83652465	0
5	83673738	83652452	1
5	83720814	83675287	0
5	83721614	83673423	0
5	837479	833772	4
5	837481	833772	4
5	8387710	8337180	0
5	83963361	83940553	0
5	83963361	83940599	0
5	840598	837435	146
5	84060485	83963204	0
5	84060485	84047605	0
5	840651	833772	126
5	840651	837364	148
5	84106831	84066450	0
5	84137355	84106648	0
5	84137355	84106659	0
5	84229885	84180392	0
5	842496	840494	198
5	84254213	84180392	0
5	8433149	8387637	0
5	843694	842408	30
5	843702	839441	56
5	843725	840494	133
5	843747	841577	27
5	84385631	84385751	1
5	8452281	8387526	0
5	8452281	8433854	0
5	8452281	8446100	0
5	8457533	8452222	0
5	8457559	8452222	0
5	8457565	8452222	0
5	847600	843599	20
5	847616	843599	19
5	847624	843341	19
5	848661	847513	34
5	848661	847707	35
5	849789	847513	39
5	850506	837364	43
5	850624	848481	38
5	850987	848481	52
5	85210904	85210059	0
5	85238075	85237680	0
5	865582	863740	16
5	865582	863744	16
5	865582	864122	3
5	865582	864272	4
5	865582	864422	2
5	86619443	86620667	30
5	86619497	86619738	26
5	86619497	86620667	26
5	86619879	86620667	26
5	866502	863740	11
5	86749174	86749321	0
5	868805	865413	16
5	869120	865413	13
5	869120	868606	40
5	869120	868701	43
5	869395	865413	14
5	869395	868748	32
5	869405	865413	14
5	869405	868606	25
5	870554	869244	11
5	870576	865413	16
5	870576	869037	12
5	870576	869244	11
5	871565	870287	4
5	871565	870472	4
5	87239791	87216605	0
5	87240146	87205407	0
5	87376566	87376880	16
5	87392905	87318415	4
5	87392905	87376252	19
5	87394485	87391493	24
5	87395105	87392706	18
5	87395105	87392769	18
5	87395105	87394264	10
5	87395105	87394273	10
5	87395105	87394279	11
5	87395105	87394325	11
5	87395105	87394404	16
5	87399452	87395043	3
5	87399506	87393416	1
5	87399506	87395043	4
5	87404951	87401701	5
5	87405008	87401701	2
5	87408007	87404841	2
5	87408181	87401701	3
5	87408187	87404843	1
5	87409130	87408037	11
5	87409364	87407975	9
5	87409364	87409087	6
5	87411295	87409289	2
5	87411347	87409072	2
5	87411347	87409289	2
5	876204	871525	14
5	876213	871525	11
5	87715635	87713134	0
5	878441	876100	8
5	878488	850290	23
5	878488	876100	8
5	878488	876108	8
5	878488	876159	8
5	879316	876100	9
5	879890	878354	37
5	880099	878354	69
5	88196489	88189632	7
5	88197766	88195046	18
5	88197766	88195205	18
5	88197766	88195827	18
5	88197766	88196116	16
5	88197766	88196375	18
5	88198452	88196349	23
5	88199151	88195206	10
5	88203076	88195168	21
5	88203076	88197668	24
5	88203076	88198975	25
5	88205955	88197668	16
5	88205955	88202683	18
5	88205955	88202942	14
5	88205955	88202961	11
5	88206500	88202961	6
5	88206500	88205753	4
5	88206500	88205800	4
5	88206500	88205813	4
5	88207143	88206438	0
5	88207181	88206419	0
5	88207181	88206438	0
5	88220632	88207028	4
5	88220720	88206438	3
5	88220720	88207028	2
5	88220720	88207034	2
5	88221472	88220614	3
5	88221761	88220562	1
5	88225867	88220562	0
5	88228529	88220562	0
5	88228529	88225768	0
5	88240917	88228440	0
5	88240917	88228444	0
5	88240917	88228458	0
5	88268823	88228444	0
5	88268830	88228444	0
5	88268849	88228444	0
5	88268858	88228444	0
5	88269477	88268787	0
5	884071	879793	54
5	884071	881106	35
5	884071	883350	38
5	88426794	88408981	0
5	88429489	88426501	0
5	88429815	88426410	0
5	88436044	88429780	0
5	88439091	88435979	0
5	88498698	88433891	0
5	88508355	88507545	0
5	88541124	88508281	0
5	88542071	88540510	0
5	88542071	88540726	0
5	88542071	88540727	0
5	88542071	88540830	0
5	88542071	88540846	0
5	88542071	88540883	0
5	88542071	88541079	0
5	88611777	88542034	0
5	88659836	88542034	0
5	886708	881106	17
5	886708	882955	10
5	886708	883937	15
5	88671086	88542034	0
5	88671086	88664444	0
5	88671086	88664445	0
5	88671086	88666319	0
5	88671086	88666878	0
5	88671086	88666953	0
5	88671086	88667273	0
5	88671086	88667341	0
5	88671086	88667352	0
5	886768	879793	28
5	886768	883937	5
5	886768	883939	5
5	88692700	88692826	0
5	88693973	88692644	0
5	88728629	88717116	0
5	88728629	88718240	0
5	88728629	88718273	0
5	88728629	88720025	0
5	88728629	88720336	0
5	88728629	88720824	0
5	88728629	88720828	0
5	88728629	88720843	0
5	88728629	88720855	0
5	88728629	88721569	0
5	88728629	88721576	0
5	88728629	88721619	0
5	88728629	88721646	0
5	88728629	88721924	0
5	88728629	88722488	0
5	88728629	88722494	0
5	88728629	88722497	0
5	88728629	88722566	0
5	88728629	88722603	0
5	88728629	88722836	0
5	88731828	88730210	0
5	88731902	88729217	0
5	88731902	88730210	0
5	887472	883937	4
5	88749098	88732471	0
5	88749116	88731728	0
5	88749118	88731728	0
5	88749118	88731804	0
5	88749118	88731851	0
5	88749125	88731436	0
5	88752044	88749069	0
5	88752044	88749085	0
5	88761126	88751856	0
5	88761329	88749069	0
5	88761329	88751856	0
5	88761329	88751861	0
5	88761329	88751865	0
5	88761329	88760987	0
5	88761913	88761184	0
5	88771859	88761268	0
5	88772347	88761309	0
5	88785543	88761184	0
5	88804618	88772281	0
5	88804620	88771788	0
5	88804670	88771972	0
5	88804802	88751856	0
5	88804802	88760987	0
5	88804802	88761022	0
5	88804802	88761184	0
5	88804802	88761199	0
5	88804802	88761208	0
5	88804802	88761216	0
5	88804802	88761268	0
5	88804802	88761324	0
5	8881052	8881135	0
5	88817832	88804753	0
5	88823789	88804597	0
5	88823928	88804525	0
5	88823928	88804597	0
5	88823931	88804597	0
5	88824276	88804769	0
5	88824296	88823734	0
5	88824341	88823734	0
5	88824915	88823862	0
5	88825847	88823734	0
5	88825849	88823734	0
5	88825865	88823734	0
5	88827159	88823734	0
5	88827193	88823734	0
5	88839310	88823900	0
5	88839624	88823860	0
5	88877978	88823734	0
5	88878000	88823734	0
5	88881023	88823734	0
5	88882997	88877962	0
5	88883000	88823734	0
5	88883000	88880981	1
5	88883148	88823734	0
5	88883173	88823734	0
5	88883175	88823734	0
5	88883182	88823734	0
5	88883183	88823734	0
5	88883185	88823734	0
5	88883225	88823734	0
5	88883225	88839378	0
5	88883228	88880923	0
5	88883465	88823734	0
5	88883467	88823734	0
5	88883748	88882954	0
5	88884388	88882959	0
5	88884569	88823734	0
5	88887591	88884355	0
5	88887599	88804597	0
5	88887599	88823734	0
5	88887599	88823795	0
5	88887599	88882954	0
5	88888233	88887564	0
5	88888933	88887542	0
5	88888965	88887584	0
5	88889300	88887501	0
5	88889325	88887501	0
5	88904053	88887391	0
5	88904053	88887501	0
5	88904054	88887501	0
5	88904098	88887501	0
5	88904106	88887501	0
5	88904258	88887501	0
5	889161	887360	5
5	889166	887360	5
5	889166	888234	1
5	889648	887360	6
5	889648	889020	9
5	889767	889020	16
5	889767	889042	16
5	890047	889020	15
5	891288	889020	20
5	89470040	89466536	0
5	90160590	90158338	0
5	90160590	90159988	0
5	90160634	90158355	0
5	90235536	90234925	0
5	90260587	90160528	0
5	90260587	90200466	0
5	90356610	90353036	0
5	90396565	90393709	6
5	90396565	90393858	13
5	90399550	90392260	4
5	90399550	90393932	9
5	90399550	90396492	9
5	9040368	9041496	0
5	90405800	90396492	0
5	90405800	90399046	0
5	90405800	90399357	0
5	90405800	90399471	0
5	90407831	90405688	0
5	90407835	90405393	0
5	90407835	90405684	0
5	90410305	90410499	0
5	9041605	9042060	0
5	9044585	9035025	0
5	90474769	90458202	7
5	9050458	9044372	0
5	90520462	90519432	7
5	90525301	90515610	5
5	90525301	90515625	5
5	90525301	90518290	6
5	9054258	9051872	0
5	90756631	90756978	0
5	91135995	91132302	0
5	91195593	91181387	0
5	91202701	91054833	0
5	91202701	91151237	0
5	91202701	91181395	0
5	91243003	91151897	0
5	91243003	91207632	0
5	91243003	91218364	0
5	91243003	91220738	0
5	91243003	91231285	0
5	91303972	91286181	0
5	91303972	91301903	5
5	91303972	91302077	7
5	91303972	91302730	4
5	91303972	91302732	4
5	91303972	91302735	4
5	91303972	91302736	4
5	91303972	91302967	7
5	91305772	91303872	5
5	91306097	91303872	9
5	91311033	91302730	9
5	91311033	91303872	13
5	91311033	91306031	12
5	91311033	91307678	12
5	91311738	91305679	20
5	91311738	91310640	18
5	91311881	91302795	12
5	91312376	91310743	14
5	91312414	91303868	13
5	91312414	91303872	12
5	91312414	91308795	13
5	91312414	91310626	14
5	91312414	91310640	14
5	91312414	91311645	12
5	91312482	91305679	16
5	91312496	91302730	3
5	91312496	91303872	7
5	91312496	91305679	13
5	91312496	91306031	12
5	91312496	91306837	15
5	91312496	91310626	10
5	91312496	91310737	11
5	91312496	91310855	14
5	91312496	91311645	12
5	91313182	91312294	7
5	91313206	91310626	10
5	91313230	91303028	13
5	91313230	91303872	8
5	91313230	91305679	14
5	91313230	91310626	11
5	91313230	91310640	12
5	91313230	91311549	7
5	91313230	91311645	7
5	91313230	91312294	6
5	91313676	91311645	5
5	91313676	91312294	4
5	91313676	91313077	2
5	91313778	91151210	0
5	91313778	91207632	0
5	91313778	91244819	0
5	91313778	91264662	0
5	91313778	91283910	1
5	91313778	91285159	2
5	91313778	91286415	4
5	91313778	91301910	4
5	91313778	91302730	9
5	91313778	91303872	22
5	91313778	91310613	4
5	91313778	91310626	4
5	91313778	91310855	7
5	91313778	91312013	4
5	91313778	91312768	4
5	91313778	91313056	4
5	91313778	91313077	3
5	91313782	91313050	4
5	91313782	91313077	3
5	91314245	91303330	14
5	91314248	91303872	17
5	91314253	91313077	4
5	91314376	91309712	7
5	91314387	91313077	3
5	91314403	91303872	12
5	91314403	91313077	3
5	91314431	91303872	11
5	91314548	91307617	8
5	91373839	91368723	3
5	91373846	91370797	5
5	91374277	91373683	1
5	91375179	91374113	2
5	91375345	91374224	3
5	91375614	91374921	1
5	91375614	91374999	1
5	91376769	91375510	0
5	91376769	91375520	0
5	91376769	91375526	0
5	91378776	91375510	0
5	91378776	91376558	0
5	91378776	91376620	0
5	917152	917335	404
5	917152	917718	338
5	9202241	9197167	0
5	9224888	9201954	0
5	9224888	9202123	0
5	9237891	9226868	0
5	92507466	92410255	0
5	92507466	92432202	0
5	92560034	92507347	0
5	92560034	92553442	0
5	9265546	9237827	0
5	92660864	92507347	0
5	92688255	92675955	0
5	9280808	9237718	0
5	92913886	92907179	0
5	93051777	93019662	0
5	9318418	9237827	0
5	93422414	93411401	0
5	93422424	93411032	0
5	93423243	93411017	0
5	93432461	93411020	0
5	93438738	93411017	0
5	93438742	93409808	0
5	93544916	93411446	0
5	93544916	93438702	0
5	93544916	93541871	0
5	93544916	93543541	0
5	93553864	93409358	0
5	93553864	93438702	0
5	93553864	93496056	0
5	93553864	93544794	0
5	93554996	93553752	0
5	93554996	93553760	0
5	93563464	93411288	0
5	93585108	93585182	46
5	93585108	93585260	42
5	93737941	93621080	0
5	93776244	93618068	0
5	93776244	93620690	1
5	93776244	93620882	2
5	93776244	93620928	2
5	93776244	93737811	0
5	93784500	93776157	0
5	93784500	93776158	0
5	93824255	93784382	0
5	93824268	93784194	0
5	93824268	93784382	0
5	93881602	93824147	0
5	93881689	93824147	0
5	93958969	93881310	0
5	93958969	93881469	0
5	93958969	93910695	0
5	93964524	93881469	0
5	9437853	9379822	0
5	94384463	94152965	0
5	94417366	94403568	0
5	94440122	94412973	0
5	94440122	94417200	0
5	94520918	94484768	0
5	94524099	94519205	0
5	94524099	94520247	0
5	94582584	94536995	0
5	94615696	94611905	1
5	94618572	94536995	0
5	94618598	94582432	0
5	94708610	94703740	4
5	94708610	94705099	7
5	94708610	94706578	3
5	94708610	94706590	6
5	94708610	94707495	8
5	94710694	94707524	13
5	94710928	94708511	13
5	94710928	94708548	9
5	94779164	94714776	0
5	94799133	94779109	0
5	94868453	94779109	0
5	94868453	94799012	0
5	94868453	94799084	0
5	94868453	94867142	0
5	94870492	94867221	0
5	94870492	94868332	0
5	94888973	94873138	0
5	94909382	94894648	0
5	94912977	94909250	0
5	94912977	94909315	0
5	94917974	94912805	3
5	94924022	94912805	2
5	94929702	94912805	0
5	94931992	94912805	0
5	94931992	94923961	0
5	94940177	94923961	0
5	94940196	94912805	0
5	94940196	94912857	0
5	94940196	94930742	0
5	94940196	94931952	1
5	94942428	94940083	0
5	94953320	94942347	0
5	94953362	94942347	0
5	94953362	94942349	0
5	94953362	94942384	0
5	94953362	94942393	0
5	94976810	94953218	0
5	95017485	94953218	0
5	95017485	94953292	0
5	95017488	94953218	0
5	95038188	95017366	0
5	95068830	95017366	0
5	95081483	95017366	0
5	95081573	94953218	0
5	95081628	95017366	0
5	95081638	95017366	0
5	95081646	95017366	0
5	95154275	95017366	0
5	9523179	9519852	0
5	95284001	95017366	0
5	95284576	95017366	0
5	9546076	9437755	0
5	95467990	95461754	7
5	95467990	95463894	4
5	95482632	95478289	0
5	95484846	95482472	0
5	95484846	95482593	1
5	9549150	9549301	0
5	95503004	95498369	0
5	95503939	95502879	0
5	95503939	95502902	0
5	95506993	95503813	1
5	95507012	95503813	1
5	95507012	95503849	1
5	95509688	95503813	0
5	95509688	95506933	2
5	95509688	95506976	1
5	95513646	95512476	15
5	95514924	95513131	0
5	95514924	95513570	1
5	95522087	95520715	3
5	95522308	95520715	1
5	95523327	95522053	0
5	95523327	95522077	0
5	95523327	95522087	0
5	95528153	95525586	0
5	95529103	95528012	0
5	95529362	95529000	0
5	95530230	95528834	0
5	95530230	95529000	0
5	95536926	95523201	0
5	95536926	95530088	1
5	95537108	95536816	0
5	95537142	95536523	0
5	95537142	95536816	0
5	95541907	95541304	0
5	95543328	95541814	0
5	95543328	95541854	0
5	95547152	95541814	0
5	95547152	95543183	0
5	95548716	95546973	0
5	95548716	95547060	0
5	95652332	95653116	3
5	95655496	95652180	3
5	95655496	95652639	2
5	95655496	95652980	1
5	95656078	95655330	2
5	95657105	95655948	2
5	95658914	95655948	1
5	95658914	95656957	1
5	95664049	95658429	0
5	95664049	95658431	0
5	95664049	95658600	0
5	95664049	95658616	0
5	95664049	95658771	0
5	95698712	95663952	0
5	95708836	95701248	0
5	95719774	95708634	0
5	95719774	95716981	0
5	95732288	95719643	0
5	95732296	95719643	0
5	95789651	95781335	2
5	95793171	95794018	69
5	95816627	95751318	2
5	95816627	95789589	3
5	95816627	95813848	1
5	95816627	95813970	1
5	95816627	95814562	3
5	95819503	95813978	4
5	95822292	95816506	2
5	95822712	95816409	1
5	95822715	95816506	2
5	95822723	95816506	2
5	95822727	95816506	2
5	95823006	95816506	1
5	95835047	95834423	1
5	95852722	95835942	0
5	95889131	95885097	15
5	95891275	95889085	14
5	95895692	95890948	8
5	95895692	95891102	10
5	95898811	95895627	1
5	95900781	95898239	1
5	95900781	95898763	1
5	95901081	95900692	0
5	95901133	95900227	0
5	95906783	95900955	1
5	95913935	95906522	4
5	95919546	95913325	1
5	95919546	95913770	1
5	95919546	95913819	1
5	95943014	95919423	0
5	95943050	95900955	0
5	95943050	95906523	0
5	95943050	95919423	0
5	95943050	95932631	0
5	95961675	95943001	0
5	95961783	95942917	0
5	95961788	95943001	0
5	95961849	95943001	0
5	95962072	95943001	0
5	95970297	95964998	0
5	95980528	95970221	0
5	96215076	96213345	0
5	9623603	9621376	0
5	96395026	96390414	0
5	96395026	96392924	0
5	96395026	96392926	0
5	9641942	9641304	0
5	9641942	9641314	0
5	9641942	9641404	0
5	96423460	96421879	0
5	96425931	96423312	0
5	96425931	96423382	0
5	9658459	9623465	0
5	9659582	9629728	0
5	96742699	96741078	2
5	96771703	96772639	11
5	96772888	96773267	113
5	96776552	96760809	4
5	96776552	96775916	110
5	96780505	96774483	7
5	96780505	96776403	15
5	96781855	96781057	4
5	96783236	96781692	4
5	96783236	96781693	4
5	96785972	96783923	6
5	96786550	96785638	5
5	96786550	96785787	6
5	96790627	96790295	1
5	96790644	96790295	1
5	96792193	96790511	0
5	96792193	96790584	0
5	96797310	96795041	0
5	96801001	96797174	0
5	96803828	96797246	0
5	96803828	96800933	0
5	96803944	96800861	0
5	96804941	96803539	2
5	96807910	96803402	1
5	96807923	96803402	1
5	96807923	96804820	1
5	96808101	96803402	2
5	96823118	96814027	0
5	96823118	96814173	0
5	96873379	96814031	0
5	96873379	96822936	0
5	96873379	96848691	0
5	96935696	96935993	3
5	96935810	96873285	0
5	97096888	97091866	0
5	97107501	97105189	0
5	9712379	9629445	0
5	97124630	97107359	0
5	97124630	97107483	0
5	97165148	97160866	1
5	97165148	97162935	7
5	97166372	97165050	4
5	97167578	97166266	12
5	97167720	97164958	2
5	97167992	97165050	6
5	97168853	97166745	2
5	97168853	97167466	3
5	97177292	97173174	0
5	97177849	97177003	2
5	97177849	97177115	2
5	97179194	97177731	0
5	97183161	97178829	0
5	97183171	97179054	0
5	97183223	97179054	0
5	97183243	97179142	0
5	97183261	97179054	0
5	97201881	97188089	0
5	97227958	97223370	0
5	9765694	9714079	0
5	98093572	98086259	0
5	9867191	9862881	0
5	9870225	9862922	0
5	98769626	98770352	17
5	98769626	98770597	13
5	98771767	98771079	64
5	98772799	98769617	50
5	98773073	98770757	50
5	98773089	98769617	59
5	98773126	98772621	60
5	98773470	98770949	43
5	9883368	9765470	0
5	98858391	98853984	15
5	98858391	98855203	21
5	98858391	98855731	16
5	98858391	98856282	24
5	98858391	98856566	18
5	98858665	98856424	35
5	98863587	98858963	13
5	98863587	98859971	13
5	98868540	98859971	13
5	98868630	98863407	4
5	98868636	98863407	4
5	98869278	98868494	4
5	98869883	98868494	1
5	98869883	98868929	4
5	98869883	98869013	5
5	98870717	98869478	2
5	98870791	98869753	1
5	98870804	98869753	1
5	98881376	98881075	0
5	98882124	98881246	0
5	98882124	98881278	0
5	98883238	98881974	0
5	98885650	98883087	0
5	98886232	98883133	0
5	98892714	98889075	0
5	9902679	9883922	0
5	9902754	9883922	0
5	997309	987179	0
