11	10028558	10002556	0
11	10028558	10016467	0
11	100687956	100684161	0
11	1008136	1009099	15
11	1009818	1010547	8
11	101042103	101029623	0
11	101042103	101038679	0
11	101042103	101039060	0
11	101042103	101039115	0
11	101050008	101041944	0
11	101050060	101041660	0
11	101050060	101041944	0
11	101050950	101049933	0
11	101051471	101049928	0
11	101051569	101041944	0
11	101051569	101049928	0
11	101051569	101049952	0
11	101062753	101051423	0
11	101064026	101051423	0
11	101091877	101051423	0
11	101091877	101062446	0
11	101091877	101062568	0
11	101126159	101051423	0
11	101126159	101062446	0
11	1013899	1013472	0
11	1014002	1012820	0
11	101453726	101451563	0
11	101453726	101452871	0
11	101453726	101452954	0
11	101455102	101453649	0
11	101455578	101453640	0
11	101491739	101482948	0
11	101491739	101488936	0
11	101504091	101491380	0
11	101504799	101482948	0
11	101504799	101491555	0
11	101583504	101504023	0
11	101583507	101504023	0
11	101583929	101504023	0
11	101769962	101765934	0
11	101872563	101504704	0
11	101895065	101890673	0
11	101900551	101894878	0
11	101900551	101894954	0
11	10193958	10042843	0
11	10193988	10042843	0
11	1020258	1019274	0
11	102047581	102047814	0
11	1020735	1019904	0
11	1020735	1020089	0
11	102230923	102229850	133
11	102321896	102324455	8
11	102321901	102324460	8
11	102348720	102350345	118
11	102348765	102349877	99
11	102348765	102350000	101
11	102401693	102396331	11
11	102401693	102396335	11
11	102401693	102398823	11
11	102401693	102398855	12
11	102402207	102401538	20
11	102448376	102402098	0
11	102448869	102401743	0
11	102448869	102401915	0
11	102448869	102401924	0
11	102448869	102402033	0
11	102452840	102401915	0
11	102470385	102448811	0
11	102523402	102520507	0
11	102525065	102523239	0
11	102527673	102524275	0
11	102527673	102524935	0
11	102527984	102526985	0
11	102527984	102527523	0
11	102579143	102576834	0
11	102579143	102577143	0
11	102594758	102593438	0
11	102605429	102594687	0
11	102606677	102594620	0
11	102607851	102606928	0
11	102609099	102606534	0
11	102693042	102691486	0
11	102713858	102711794	3
11	102713858	102712631	14
11	102713858	102713129	0
11	102721527	102718413	0
11	102721763	102721400	0
11	102721763	102721468	0
11	102722674	102721613	0
11	102723079	102722428	0
11	102723079	102722499	0
11	102723079	102722542	0
11	102723547	102722428	0
11	102724782	102722428	0
11	102724955	102722428	0
11	102751424	102751069	0
11	102752214	102751322	0
11	102753453	102752122	0
11	102753513	102752050	0
11	102772116	102770502	0
11	102778750	102776611	0
11	102779362	102778623	0
11	102779362	102778668	0
11	102790807	102789919	0
11	102795608	102795173	0
11	102837402	102835800	0
11	102837402	102836496	0
11	102842280	102840428	0
11	102842580	102842153	0
11	102842580	102842251	0
11	102864253	102862735	0
11	10294208	10193901	0
11	102945237	102944329	0
11	102945750	102942994	0
11	102948051	102944142	0
11	102964157	102963459	0
11	10303705	10302656	0
11	10305230	10305679	11
11	10305799	10305948	15
11	10306099	10306300	12
11	10306099	10306331	12
11	103064378	103062078	5
11	103064378	103062097	9
11	103064378	103062104	9
11	103064378	103062170	8
11	103064378	103062345	4
11	103064378	103062380	6
11	103066374	103062075	5
11	103066374	103064274	5
11	10306649	10306769	95
11	103066568	103066268	6
11	103079998	103066458	6
11	103082840	103066458	5
11	103082840	103066487	7
11	103083327	103066458	7
11	103089319	103083255	1
11	103091862	103089226	8
11	103092127	103089270	7
11	103092149	103089226	7
11	103092155	103083255	2
11	103092162	103089226	10
11	103092178	103089226	7
11	103092190	103066458	4
11	103092195	103083255	3
11	103092216	103089226	7
11	103154607	103154694	2
11	1031734	1031168	0
11	1032054	1031606	0
11	1032054	1031618	0
11	103293706	103252216	1
11	103680343	103675993	0
11	103893954	103704753	0
11	103927127	103907185	0
11	103927127	103907188	0
11	103947725	103943451	0
11	103996246	103947661	0
11	103996246	103947683	0
11	104037027	104000050	0
11	104164108	104000050	0
11	104164380	104000050	0
11	104512234	104445867	0
11	104544787	104512148	0
11	104544787	104539930	0
11	104569132	104568529	0
11	104609297	104544875	0
11	104609322	104544875	0
11	104886813	104885717	0
11	104887306	104886689	0
11	104887306	104886692	0
11	104887306	104886713	0
11	104890524	104886689	0
11	104903552	104901548	0
11	104903552	104901552	0
11	104903711	104901549	0
11	104905558	104903390	0
11	104905558	104903452	0
11	104905558	104903516	0
11	104907117	104905447	0
11	104907216	104905447	0
11	104907619	104905447	0
11	104907619	104906976	0
11	104908706	104903390	0
11	104909009	104905447	0
11	104909009	104906449	0
11	104909009	104906557	0
11	104909009	104906959	0
11	104909009	104907473	0
11	104909916	104908834	0
11	104918142	104908834	0
11	104918144	104908687	0
11	104918146	104908834	0
11	104918148	104908834	0
11	104918159	104908834	0
11	104918176	104908834	0
11	104919074	104908834	0
11	104944852	104942865	14
11	104944852	104942867	14
11	104944852	104942872	14
11	104947193	104942868	8
11	104947193	104944747	5
11	104947193	104944752	6
11	104947359	104944747	8
11	104948677	104947082	5
11	104948735	104946623	3
11	104948895	104947082	5
11	104949778	104942869	2
11	104949778	104948532	6
11	104949778	104948601	6
11	104950993	104947082	5
11	104951099	104949401	0
11	104951099	104949542	0
11	104951099	104949660	0
11	104952006	104950924	0
11	104952006	104951027	0
11	104952064	104950924	0
11	104955002	104949542	0
11	104955002	104950924	0
11	104955002	104951396	1
11	104955002	104951895	1
11	104976117	104975355	0
11	104995254	104994234	0
11	104995843	104994239	0
11	104995843	104994242	0
11	104995843	104994276	0
11	104995843	104995188	0
11	104997493	104995739	0
11	104997493	104995743	0
11	104997493	104995785	0
11	105003384	105002027	0
11	105007335	105002027	0
11	105007335	105003273	0
11	105023137	105002027	0
11	105023137	105003273	0
11	105023169	105003273	0
11	105026357	105025507	0
11	105026357	105025520	0
11	105026952	105025442	0
11	105026952	105025507	0
11	105026952	105026208	0
11	105026952	105026224	0
11	105026952	105026225	0
11	105027173	105025507	0
11	105029268	105026420	0
11	105029268	105026545	0
11	105029268	105026841	0
11	105029900	105026841	0
11	105030504	105029664	0
11	105031281	105030329	0
11	105033127	105030441	0
11	105033127	105031122	0
11	105033127	105031164	0
11	105034359	105030853	0
11	105034475	105026841	0
11	105034475	105030329	0
11	105034475	105031164	0
11	105034476	105030444	0
11	105034703	105031164	0
11	105043546	105041522	0
11	105043546	105041570	0
11	105044659	105041325	0
11	105044659	105041658	0
11	105044659	105043482	0
11	105045308	105044391	0
11	105045316	105044391	0
11	105045321	105043910	0
11	105045377	105044391	0
11	105064013	105063344	0
11	105093162	105092485	0
11	105099422	105092468	0
11	105101432	105044391	0
11	105123340	105122660	0
11	105139079	105137720	0
11	105139079	105138027	0
11	105139283	105137942	0
11	105160357	105156108	0
11	105160357	105157926	0
11	10519142	10511677	2
11	10525374	10518317	3
11	10525374	10519033	1
11	105259686	105160264	0
11	10530752	10525191	0
11	1054393	1055113	0
11	105458454	105268262	0
11	105531698	105268262	0
11	10559895	10556965	0
11	10559895	10558362	0
11	10559895	10558876	0
11	10560801	10559815	0
11	10580590	10573090	0
11	10580590	10573094	0
11	10580590	10575759	0
11	10580590	10576004	0
11	10580590	10576223	0
11	10580590	10576305	0
11	10580590	10576323	0
11	10581987	10580454	0
11	10591613	10581866	0
11	10591613	10581905	0
11	10593600	10591547	0
11	10594024	10591575	0
11	105996618	105995622	7
11	106009749	105996202	7
11	106010111	106009728	62
11	106010555	106009897	4
11	106010586	106010455	31
11	10601060	10593491	0
11	10601060	10594145	0
11	106011068	106007901	10
11	106011068	106009983	58
11	106022228	106010455	1
11	106022251	106010584	3
11	106022251	106010702	3
11	106022404	106010455	2
11	106059110	106051097	0
11	106059110	106052673	0
11	106059112	106057425	0
11	106076640	106058738	0
11	106076701	106054352	0
11	106076708	106058864	0
11	106077349	106076003	0
11	106077350	106051097	0
11	106077460	106058864	0
11	106077766	106076506	0
11	106089558	106085989	10
11	106091478	106094582	6
11	106094641	106089525	7
11	106095852	106094568	4
11	10609852	10606741	0
11	106101923	106095783	0
11	106101976	106096546	0
11	10611690	10564202	0
11	106119907	106112458	0
11	10623857	10609727	0
11	10623857	10609760	0
11	10629712	10628750	0
11	10630072	10629684	0
11	10632062	10629537	0
11	10632062	10630005	0
11	10633985	10631990	0
11	10634072	10631990	0
11	10634072	10632027	0
11	10634075	10631990	0
11	10652183	10631990	0
11	10652183	10632031	0
11	10652183	10633967	0
11	10652186	10631990	0
11	10652287	10633967	0
11	10652377	10633967	0
11	10658580	10652024	0
11	106708667	106674011	0
11	106708667	106687183	0
11	106708667	106687374	0
11	10687778	10633967	0
11	10687778	10652103	0
11	10690370	10631990	0
11	10690370	10633967	0
11	10690370	10652024	0
11	10693523	10652024	0
11	10693615	10633967	0
11	10693623	10633967	0
11	10693623	10652024	0
11	106936713	106809992	0
11	10693753	10652024	0
11	10693805	10652024	0
11	10693958	10652024	0
11	10693989	10633967	0
11	106940179	106809992	0
11	107330020	107326344	0
11	107330020	107326359	0
11	107330020	107326796	1
11	107349054	107336557	0
11	107349054	107345413	0
11	107353679	107348936	0
11	107353731	107348710	0
11	107353737	107348936	0
11	107390212	107348936	0
11	107416299	107392778	0
11	107511037	107502725	3
11	107511037	107504594	3
11	107511037	107504657	3
11	107525593	107504597	6
11	107532407	107525440	0
11	107549824	107532299	0
11	107549824	107532313	0
11	107551913	107503028	2
11	107551913	107532299	1
11	107553974	107553107	0
11	107553979	107553107	0
11	107557004	107553107	0
11	107557004	107553846	0
11	107557004	107553856	0
11	107643872	107642886	0
11	107712062	107707382	0
11	107712163	107707377	0
11	107719658	107707611	0
11	107738719	107736008	0
11	107803156	107790990	1
11	107803156	107792597	1
11	107803156	107792614	1
11	107803156	107792658	1
11	107806877	107805358	5
11	107811795	107806716	0
11	107811795	107806844	0
11	107908555	107859685	0
11	107928294	107908440	0
11	10799114	10797049	38
11	10799114	10797052	38
11	10799114	10797053	38
11	10799114	10797169	39
11	10799114	10797727	44
11	10799114	10797815	40
11	10799362	10798742	43
11	10799425	10798991	93
11	10799627	10798991	247
11	10800296	10799551	178
11	10800349	10799212	166
11	10800349	10799551	145
11	10800349	10800091	267
11	10800483	10800089	192
11	10800648	10799551	130
11	10800648	10800089	156
11	10800648	10800243	297
11	10800836	10800431	118
11	10800836	10800530	111
11	10801088	10800730	14
11	10801589	10800730	37
11	10801775	10800961	27
11	10802210	10800961	25
11	10802210	10801054	25
11	10802210	10801660	25
11	10802347	10797711	132
11	10802436	10800961	29
11	10802436	10801660	20
11	10802436	10802048	29
11	10802436	10802059	29
11	10803295	10803029	51
11	10803591	10803210	39
11	10803591	10803260	36
11	10804051	10803210	39
11	10804051	10803479	39
11	10804051	10803511	38
11	10804051	10803560	39
11	10804204	10803479	34
11	10804204	10803898	30
11	10804419	10804136	35
11	10804419	10804180	35
11	10804539	10804136	32
11	10804607	10803941	37
11	10805016	10804136	25
11	10805016	10804286	33
11	10805016	10804291	31
11	10805016	10804296	31
11	10805016	10804339	33
11	10805016	10804363	33
11	10805016	10804371	33
11	10805016	10804380	30
11	10805941	10804912	29
11	10805950	10804286	33
11	10806011	10804912	29
11	10806025	10804912	29
11	10806048	10802293	35
11	10806048	10804912	30
11	10806048	10804915	27
11	10806048	10804926	27
11	10806048	10804945	28
11	10806048	10804984	31
11	10806264	10804912	29
11	10806886	10805906	46
11	10807296	10806819	30
11	10807320	10806819	27
11	10807335	10806819	26
11	10807382	10804912	32
11	10807382	10805906	39
11	10807382	10806819	26
11	10807463	10806819	27
11	10807678	10806502	31
11	10807877	10807254	25
11	10807974	10807254	23
11	10808029	10804286	31
11	10808085	10807254	21
11	10808310	10807254	23
11	10808509	10807254	19
11	10808631	10806819	22
11	10808709	10807254	13
11	10808744	10807254	21
11	10808920	10807073	24
11	10808924	10805906	26
11	10808924	10806819	20
11	10808924	10807254	17
11	10808924	10807288	19
11	10808924	10807309	21
11	10808925	10807254	17
11	10808930	10807254	17
11	10808941	10807254	20
11	10809111	10807254	15
11	108104903	108106206	18
11	108106799	108105073	14
11	108110395	108106700	0
11	108150382	108142457	2
11	108161684	108158637	12
11	108162015	108157214	0
11	108162015	108158792	0
11	108162166	108161183	40
11	108162181	108160879	34
11	108173852	108169927	14
11	108176375	108171131	3
11	108176375	108172198	0
11	108190501	108188097	0
11	108190501	108189105	0
11	108192191	108190459	0
11	108223187	108224783	3
11	108223187	108225500	2
11	108223187	108227594	3
11	108223687	108227594	2
11	108224137	108224783	3
11	108224872	108225500	2
11	108224872	108226163	1
11	108224872	108227594	1
11	108224872	108227598	1
11	108225575	108227594	1
11	108226248	108227594	3
11	10823268	10812073	0
11	10823268	10813005	1
11	108335293	108331198	0
11	108335293	108331200	0
11	108335293	108331410	0
11	108356110	108335219	0
11	108366566	108368278	29
11	108383176	108354914	0
11	108385976	108308518	0
11	108385976	108382999	0
11	108385976	108383019	0
11	108393379	108335219	0
11	108393379	108340158	0
11	108393379	108385919	0
11	108405484	108393207	0
11	108405529	108393207	0
11	108405560	108393207	0
11	108405560	108393312	0
11	108477712	108472104	1
11	108477712	108472111	1
11	108477712	108473074	2
11	108477712	108474549	1
11	108477712	108474739	1
11	108482223	108481179	1
11	108486238	108477606	3
11	108486441	108482005	0
11	108486441	108482160	3
11	108518374	108505430	0
11	108518374	108508948	0
11	108518374	108510078	0
11	108518374	108511366	0
11	108518374	108513406	0
11	108528185	108518234	0
11	108538188	108528135	0
11	108538208	108518234	0
11	108539187	108528135	0
11	108539187	108528162	0
11	10856206	10854766	43
11	10856219	10838268	0
11	10856258	10849896	34
11	10856258	10852703	34
11	10856258	10852863	40
11	10856258	10854618	38
11	10856258	10854667	39
11	10856258	10854736	44
11	10856258	10855657	30
11	108730105	108727740	0
11	108959184	108959185	0
11	108959255	108959255	0
11	10899173	10896502	0
11	10899323	10884884	0
11	109037968	109002464	0
11	109365069	109355084	0
11	109416172	109413253	0
11	109512726	109365005	0
11	109512726	109415923	0
11	109781037	109751441	0
11	1098269	1098272	0
11	1098297	1098301	0
11	1098338	1098341	0
11	1098351	1098355	0
11	1098371	1098374	0
11	109990790	109864294	0
11	110124271	109990755	0
11	110175235	110131435	0
11	110181839	110174879	0
11	110199679	110174879	0
11	110199679	110181791	0
11	110199679	110185072	0
11	110199679	110195560	0
11	110199679	110195589	0
11	110232005	110199580	0
11	110232034	110199580	0
11	110232034	110200277	0
11	110233467	110231872	0
11	110233480	110174966	0
11	110233480	110229440	0
11	110233480	110229442	0
11	110233480	110229446	1
11	110233480	110229449	1
11	110233480	110231550	0
11	110233480	110231837	0
11	110233480	110231872	0
11	110233524	110231549	0
11	110254110	110247702	0
11	110255386	110253944	0
11	110255386	110253945	0
11	110257914	110255288	0
11	110257914	110255305	0
11	110258190	110231872	0
11	110258190	110257766	0
11	110258209	110257766	0
11	110263436	110258113	0
11	110264021	110258105	0
11	110264235	110258105	0
11	110264235	110258156	0
11	110264235	110258178	0
11	110264235	110263331	1
11	110264825	110263959	0
11	110264875	110263959	0
11	110264875	110264044	0
11	110272620	110258105	0
11	110272620	110263959	0
11	110272620	110264778	0
11	110279757	110247702	0
11	110279757	110258105	0
11	110279757	110263959	0
11	110581226	110577042	0
11	110582436	110577041	0
11	110582436	110577053	0
11	110582436	110579391	0
11	111097358	111091931	0
11	111170525	111092044	0
11	111299254	111293388	0
11	111299815	111293445	0
11	111300010	111298342	0
11	111300233	111293388	0
11	111305046	111290786	0
11	111357711	111352251	0
11	111357711	111354536	0
11	111357838	111357444	0
11	111357838	111357525	0
11	111358919	111357794	0
11	111359407	111358787	0
11	111364278	111358816	0
11	111364299	111363330	0
11	111377853	111358807	0
11	111379276	111362970	0
11	111379693	111358787	0
11	111386293	111384736	0
11	111397044	111386253	0
11	111397707	111396797	0
11	111397772	111396850	0
11	111397881	111396797	0
11	111398046	111396797	0
11	111404723	111358787	0
11	111404723	111397579	0
11	111414982	111414241	0
11	111435045	111404620	0
11	111449982	111404620	0
11	111455631	111404639	0
11	111495315	111467525	0
11	111497410	111495162	0
11	111498136	111496511	0
11	111498136	111497210	0
11	111498136	111497238	0
11	111526756	111514042	0
11	111534465	111536769	0
11	111735324	111726969	0
11	111737504	111735280	0
11	111737570	111726907	0
11	111737570	111726913	0
11	111742145	111737447	9
11	111742145	111737880	20
11	111742145	111741054	7
11	111742145	111741320	2
11	111742145	111741516	2
11	111742666	111741547	4
11	111742666	111742052	2
11	111742666	111742056	2
11	111743531	111742052	2
11	111759952	111755294	0
11	111761052	111759803	1
11	111761052	111759813	1
11	111761292	111759803	0
11	111764906	111755294	0
11	111764906	111759803	0
11	111764906	111760818	0
11	111764906	111760955	0
11	111765385	111760818	0
11	111766387	111760818	0
11	111769453	111768667	0
11	111771037	111768856	0
11	111786521	111782194	1
11	111788570	111786280	0
11	111798196	111786285	0
11	111805316	111786283	0
11	111809691	111798093	0
11	111809710	111805093	0
11	111809774	111786151	0
11	111809774	111786255	0
11	111809774	111786275	0
11	111809774	111786283	0
11	111809774	111786285	0
11	111809774	111786401	0
11	111809774	111788440	0
11	111814722	111809642	0
11	11182702	11183009	0
11	111829213	111817213	0
11	111836295	111809642	0
11	111837616	111836164	0
11	111838306	111837467	0
11	111838379	111837467	0
11	111838379	111837538	0
11	111838379	111837542	0
11	111838400	111837467	0
11	111840810	111837467	0
11	111840810	111838248	0
11	111844724	111840654	0
11	111844724	111840765	0
11	111853486	111809618	0
11	111853486	111844600	0
11	111853486	111849463	0
11	111857738	111853379	3
11	111857738	111853648	3
11	111857945	111853648	3
11	111860636	111853379	0
11	111860636	111853648	0
11	111860636	111857601	1
11	111865252	111860546	0
11	111868737	111860546	0
11	111868737	111865180	0
11	111870371	111868601	0
11	111870371	111868633	0
11	111870866	111870231	0
11	111871284	111870227	0
11	111871302	111870231	0
11	111871490	111870231	1
11	111871490	111870294	1
11	111871534	111870231	0
11	111871544	111870231	0
11	111871547	111870231	0
11	111871561	111868601	0
11	111871582	111868601	0
11	111871582	111870227	0
11	111871582	111870231	0
11	111876105	111871351	0
11	111876568	111870231	0
11	111876640	111871351	2
11	111876640	111874055	4
11	111876640	111874758	4
11	111876640	111875341	4
11	111876640	111875697	2
11	111909268	111908618	0
11	111910450	111908564	0
11	111910450	111908619	0
11	111910450	111908621	0
11	111910450	111908622	0
11	111910450	111908628	0
11	111910450	111908645	0
11	111910450	111908765	0
11	111910450	111908767	0
11	111910450	111908770	0
11	111910450	111908902	0
11	111910745	111910326	0
11	111910831	111910326	0
11	111910861	111910326	0
11	111910894	111908619	0
11	111911817	111909761	0
11	111911818	111910326	0
11	111911923	111910326	0
11	111911923	111910418	0
11	111911923	111910444	0
11	111912015	111910326	0
11	111913198	111912262	0
11	111913580	111911523	0
11	111913850	111911523	0
11	111923723	111911523	0
11	111946893	111945638	0
11	112070702	112064009	1
11	112070702	112064012	1
11	112070702	112067797	0
11	112070702	112067800	0
11	112070702	112067929	0
11	112071233	112070435	0
11	112071284	112069736	0
11	112071284	112070435	0
11	112071759	112070435	0
11	112071759	112070992	0
11	112071759	112071037	0
11	112071759	112071131	0
11	112074359	112074886	6
11	112080559	112081981	3
11	112086311	112084799	3
11	112086311	112085148	4
11	112086796	112084799	2
11	112086799	112084816	3
11	112148737	112143250	0
11	112148737	112143252	0
11	112148737	112143256	0
11	112148737	112143595	0
11	112148737	112143682	0
11	112153604	112150071	0
11	112155062	112150071	0
11	112155062	112150996	0
11	112155062	112152998	0
11	112155062	112153591	0
11	112155083	112153591	0
11	112166177	112165196	0
11	112172607	112170392	0
11	112193686	112193878	0
11	112193698	112193878	0
11	112193995	112194652	0
11	112252410	112248478	0
11	112260861	112255387	0
11	11243716	11243187	0
11	112548358	112534219	0
11	11293194	11270875	0
11	112961300	112960326	0
11	112961477	112959278	0
11	112961477	112959534	0
11	112961963	112961366	0
11	112963461	112961366	0
11	113175	112966	1
11	113270522	113269531	0
11	113273807	113270203	0
11	113273902	113269718	0
11	113279650	113278436	0
11	113279650	113278552	0
11	113280633	113279382	0
11	113280633	113279489	0
11	113316054	113316242	0
11	113329809	113329919	3
11	113412884	113409614	0
11	113412884	113409615	0
11	113412884	113409912	0
11	113412884	113410571	0
11	113414462	113412555	0
11	113414462	113413334	0
11	113415612	113412555	0
11	113415612	113413863	0
11	113415612	113414374	0
11	113417000	113415293	0
11	113417000	113415420	0
11	113418118	113416862	0
11	113418130	113416862	0
11	113418137	113415420	0
11	113418137	113416862	0
11	113424652	113418026	0
11	113424683	113418026	0
11	113424685	113418026	0
11	113424973	113418026	0
11	113447722	113424366	0
11	113474416	113424629	0
11	113475121	113424366	0
11	113475390	113424366	0
11	113475692	113424366	0
11	11352841	11353128	51
11	113689918	113687545	26
11	113689918	113687546	26
11	113689918	113687549	26
11	113689918	113687696	30
11	113689918	113687980	33
11	113689918	113688087	31
11	113690374	113687549	25
11	113690374	113689764	24
11	113690940	113690229	55
11	113690940	113690230	55
11	113693250	113690840	54
11	113693250	113690951	56
11	113693738	113693070	59
11	113694415	113693070	53
11	113694641	113693070	39
11	113694641	113693206	55
11	113694641	113693225	55
11	113696972	113693070	24
11	113699028	113697282	9
11	113699694	113698837	4
11	113699694	113698904	4
11	113706303	113697282	5
11	113706307	113698904	8
11	113706344	113698904	6
11	11372630	11340818	0
11	113736774	113733274	7
11	113736823	113733186	2
11	113747714	113743801	2
11	113748421	113747530	0
11	113748421	113747639	2
11	113757854	113748256	0
11	113771692	113770392	0
11	113773692	113768832	0
11	113773736	113768832	0
11	113773812	113768832	0
11	113801679	113797873	0
11	113801679	113798091	4
11	113801679	113798804	5
11	113801679	113799061	4
11	113801702	113798978	4
11	113805047	113804672	5
11	113806585	113804867	0
11	113806585	113804927	0
11	113808438	113804867	1
11	113812415	113809062	2
11	113812505	113809062	2
11	113813956	113812275	2
11	113813956	113812278	2
11	113815383	113813754	2
11	113815383	113813884	2
11	113817695	113815263	7
11	113817838	113815173	3
11	113820359	113812275	5
11	113823701	113815173	1
11	113823701	113817657	2
11	113823701	113817705	2
11	113823701	113817830	3
11	113823701	113820291	1
11	113829346	113827232	5
11	113829346	113828843	8
11	113829468	113827232	4
11	113830944	113829196	8
11	113830944	113829220	8
11	113830947	113829196	8
11	113830977	113829196	9
11	113831990	113830866	13
11	113831994	113830866	9
11	113833518	113830866	7
11	113833553	113830866	8
11	113833558	113830866	8
11	113833558	113830882	8
11	113852634	113841662	0
11	113854336	113852500	0
11	113854336	113852526	0
11	113854336	113852621	0
11	113874801	113854257	0
11	113874880	113854257	0
11	113875497	113841662	0
11	113875529	113854257	0
11	113875534	113854257	0
11	113875567	113854257	0
11	113875571	113841662	0
11	113875571	113854257	0
11	113986729	113986824	0
11	114269490	114210615	0
11	114356572	114269483	0
11	114378991	114360634	1
11	114400418	114391442	2
11	114405800	114407444	4
11	114444213	114444540	29
11	114523092	114521644	0
11	114523092	114521714	0
11	114523092	114521715	0
11	114527902	114522878	0
11	114527902	114526511	0
11	114530909	114527839	0
11	114530909	114528795	0
11	114551202	114530174	0
11	114551212	114530174	0
11	114551212	114530642	0
11	114552881	114530174	0
11	114580339	114570590	0
11	114580339	114570931	0
11	114594770	114581724	0
11	114594770	114582287	0
11	114594770	114582751	0
11	11476453	11475176	0
11	115178776	115169217	2
11	115178776	115169235	2
11	115178776	115169588	3
11	115178776	115173624	3
11	115178776	115174306	11
11	115178776	115175340	5
11	115178776	115176294	4
11	115178776	115176329	4
11	115178776	115176407	4
11	115178776	115176466	4
11	115179112	115176326	2
11	115190942	115178643	5
11	115191047	115178643	3
11	115194111	115178643	2
11	115198439	115178643	1
11	115198439	115190608	2
11	115198439	115190887	2
11	115198441	115190887	2
11	115209658	115178643	2
11	115214695	115209573	1
11	115214781	115178643	1
11	115214781	115198405	1
11	115214781	115209573	1
11	115217992	115214489	0
11	115217992	115214607	0
11	115218145	115214698	0
11	115229272	115217891	0
11	115229272	115217939	0
11	115231491	115229112	0
11	115231491	115229155	0
11	115231491	115229188	0
11	115231491	115229219	0
11	115238653	115231352	0
11	115238653	115231439	0
11	115396892	115397265	0
11	115396892	115397268	0
11	115397529	115397582	0
11	115445837	115240273	0
11	115504390	115240273	0
11	115504395	115240273	0
11	115504416	115240273	0
11	115504416	115399083	0
11	115504524	115240273	0
11	115504566	115240273	0
11	115504958	115240273	0
11	115532954	115532321	0
11	115758253	115754247	0
11	115758907	115757450	0
11	115760187	115757716	0
11	115760195	115758140	0
11	115760198	115757462	0
11	115760201	115757919	0
11	115760628	115758806	0
11	11621759	11476315	0
11	11622006	11448743	0
11	116500631	116496898	0
11	116757228	116748169	2
11	116775877	116775109	17
11	116779838	116773798	18
11	116779838	116777719	4
11	116782245	116779771	3
11	116783030	116779771	3
11	116783030	116782157	2
11	116785637	116784854	2
11	116785637	116785098	1
11	116785844	116785513	3
11	116785883	116785513	3
11	116785883	116785577	3
11	116786582	116785795	3
11	116787060	116786510	2
11	116787337	116786524	2
11	116787603	116786968	4
11	116787644	116786968	7
11	116787980	116786968	4
11	116787988	116787011	4
11	116791698	116789366	0
11	116791698	116789372	0
11	116791698	116790742	0
11	116814004	116813203	0
11	116820813	116821019	0
11	116822786	116820699	0
11	116837158	116835750	0
11	116837611	116835750	0
11	116846458	116845183	14
11	116846554	116843401	3
11	116846554	116845411	19
11	116846554	116845592	15
11	116858520	116849119	2
11	116858700	116849119	2
11	116859605	116849119	1
11	116859605	116856913	9
11	116859605	116857809	5
11	116868090	116863667	16
11	116870252	116863667	13
11	116870402	116863667	8
11	116870402	116867687	4
11	116870402	116867945	2
11	116873637	116868791	0
11	116873637	116870330	0
11	116873673	116870330	0
11	116874057	116873480	0
11	116875268	116873902	0
11	116875268	116874039	2
11	116896377	116876923	1
11	116896377	116893844	2
11	116927381	116897192	0
11	116927381	116904745	0
11	117098272	116956947	0
11	117098306	116956947	0
11	117098396	116956947	0
11	117098422	116956947	0
11	117098438	116956947	0
11	117118705	117117793	0
11	117178826	117179143	12
11	117178942	117179223	13
11	117181515	117181806	1
11	117181538	117181806	1
11	117182106	117182518	0
11	117187700	117187891	3
11	117187700	117188707	5
11	117187700	117188728	6
11	117187955	117188707	5
11	117189402	117189951	1
11	117190741	117191877	2
11	117192651	117192819	10
11	117192867	117193152	16
11	117195916	117196003	18
11	117196037	117197012	37
11	117199433	117199632	6
11	117201942	117203001	8
11	117203173	117203306	6
11	117203194	117203306	6
11	117203885	117204214	5
11	117206799	117204336	90
11	117206799	117205073	22
11	117206799	117205077	22
11	117206799	117205946	23
11	117206799	117206147	23
11	117207110	117206680	4
11	117207161	117206679	4
11	117207161	117206680	4
11	117207736	117207066	2
11	117208065	117206773	3
11	117208065	117207066	3
11	117208065	117207653	5
11	117208065	117207774	7
11	117208137	117206680	5
11	117208489	117207692	28
11	117208682	117207066	33
11	117209047	117207969	91
11	117209054	117207066	109
11	117209054	117207969	91
11	117209366	117207969	79
11	117218465	117208672	78
11	117218569	117207969	44
11	117218569	117208896	79
11	117219165	117218465	9
11	117219166	117218465	9
11	117219759	117219056	4
11	117219759	117219123	4
11	117220139	117208896	71
11	117224756	117224077	3
11	117226022	117224699	4
11	117226022	117224700	4
11	117226877	117223207	1
11	117229857	117228215	2
11	117230241	117228215	6
11	117230469	117229376	4
11	117230469	117229505	3
11	117230469	117229566	3
11	117230469	117229569	3
11	117238647	117239800	6
11	117239112	117239800	3
11	117281912	117282215	51
11	117290660	117285206	59
11	117290660	117285705	86
11	117290660	117287350	46
11	117290660	117289486	29
11	117290660	117289534	26
11	117290930	117291702	28
11	117291050	117290487	21
11	117291050	117290502	26
11	117291050	117290633	27
11	117291814	117290899	17
11	117291998	117290899	17
11	117292334	117293074	28
11	117293189	117290899	30
11	117293189	117291711	22
11	117293189	117291798	33
11	117293934	117293053	37
11	117294009	117293053	43
11	117294009	117293070	43
11	117294442	117293053	33
11	117295348	117293053	22
11	117295348	117293870	17
11	117296962	117293870	8
11	117299697	117296872	8
11	117315796	117296872	6
11	117315799	117296872	6
11	117316257	117296872	4
11	117316260	117296872	4
11	117324009	117316361	0
11	117395004	117395122	10
11	117409029	117409617	20
11	117431034	117427772	0
11	117776938	117532375	0
11	117780811	117524804	0
11	117780811	117776790	0
11	117780811	117776808	0
11	117817526	117780492	0
11	117819420	117800843	0
11	117820697	117801729	0
11	117820697	117820069	0
11	117820697	117820074	0
11	117820697	117820139	0
11	117820697	117820146	0
11	117820697	117820162	0
11	117820697	117820221	0
11	117820896	117820559	0
11	117820896	117820665	0
11	117822481	117820858	0
11	117822718	117820858	0
11	117822718	117822405	0
11	117824741	117822678	0
11	117824745	117821241	0
11	117824745	117822678	0
11	117828069	117822678	0
11	117828093	117822678	0
11	117828109	117822678	0
11	117839831	117822678	0
11	117839831	117836975	0
11	117839831	117836977	0
11	117839831	117836980	0
11	117839831	117837011	0
11	117839831	117837850	1
11	117839831	117837945	1
11	117839831	117837983	1
11	117839831	117837999	1
11	117839831	117838207	0
11	117839831	117838234	0
11	117840369	117839576	0
11	117840369	117839780	0
11	117841185	117839022	0
11	117841185	117839780	0
11	117841185	117840147	0
11	117841185	117840236	0
11	117841185	117840318	0
11	117841185	117840343	0
11	117841866	117839780	0
11	117841866	117840318	0
11	117841866	117841147	0
11	117842026	117841790	0
11	117842029	117841790	0
11	117842262	117841790	0
11	117842262	117841989	0
11	117842782	117841790	0
11	117842782	117841989	0
11	117842785	117841567	0
11	117903808	117900642	0
11	117903808	117902050	0
11	117903808	117903041	0
11	117904102	117903044	0
11	117904102	117903654	0
11	117908785	117905637	0
11	117909969	117907453	0
11	117909969	117908611	0
11	117910751	117909805	0
11	117911861	117910706	0
11	117913907	117910569	0
11	117917275	117914391	0
11	117918839	117914391	0
11	117918839	117917162	0
11	117918839	117917169	0
11	117929431	117914391	0
11	117986535	117986606	0
11	117986535	117986683	0
11	117986814	117988381	0
11	118013881	118003633	0
11	118015810	118014707	0
11	118031970	118015771	0
11	118059269	118015771	0
11	118086794	118059116	0
11	118086794	118059462	0
11	118086881	118015692	0
11	118107876	118108855	0
11	118141337	118133376	0
11	118141337	118133378	0
11	118141337	118136960	0
11	118141865	118136572	0
11	118142874	118141206	0
11	118144062	118141205	0
11	118144062	118141206	0
11	118152889	118141206	0
11	118168296	118161950	0
11	118196822	118193739	0
11	118196822	118193962	0
11	118196822	118193993	0
11	118196822	118194003	0
11	118196822	118194076	0
11	118196822	118194164	0
11	118198092	118193964	0
11	118198092	118196734	0
11	118200613	118196734	0
11	118200613	118197608	0
11	118200613	118197967	0
11	118200613	118197997	0
11	118203666	118196734	0
11	118203666	118200473	0
11	118203666	118203040	0
11	118205391	118200473	0
11	118205992	118200473	0
11	118205992	118203427	0
11	118210713	118203427	0
11	118210713	118205658	0
11	118210713	118205881	0
11	118210713	118205914	0
11	118210713	118205936	0
11	118210713	118205948	0
11	118210713	118205950	0
11	118233524	118226689	0
11	118233524	118229137	0
11	118233524	118229237	0
11	118233524	118229453	0
11	118257314	118253402	0
11	118257314	118254624	0
11	118257661	118255074	0
11	118260202	118256910	0
11	118260202	118257237	0
11	118262649	118259236	0
11	118262649	118260053	0
11	118263098	118262437	0
11	118263098	118262719	0
11	118263204	118262437	0
11	118264274	118262930	0
11	118264283	118262930	0
11	118264284	118262930	0
11	118264387	118262480	0
11	118264537	118262930	0
11	118312171	118312617	0
11	118312867	118313706	0
11	118339495	118338953	0
11	118339495	118339075	0
11	118339495	118339076	0
11	118339495	118339093	0
11	118349051	118349263	0
11	118349051	118349742	0
11	118349051	118349759	0
11	118349172	118349263	0
11	118349323	118349742	0
11	118401310	118397094	4
11	118401896	118398905	4
11	118447737	118449798	3
11	118471986	118474178	59
11	118482093	118482421	0
11	118484315	118484861	1
11	118495894	118496260	3
11	118496368	118497935	6
11	118498529	118499302	3
11	118499421	118499834	1
11	118499914	118500986	0
11	118521315	118511910	1
11	118521315	118519384	2
11	118521315	118519438	2
11	118521315	118519495	2
11	118521315	118519615	2
11	118527576	118521265	143
11	118530571	118521245	3
11	118530578	118521265	3
11	118530776	118521265	2
11	118531095	118521265	4
11	118531235	118531774	3
11	118531235	118531777	3
11	118531235	118532149	2
11	118531527	118531774	3
11	118531602	118531774	3
11	118531834	118532347	1
11	118531872	118532096	1
11	118531872	118532149	1
11	118531872	118532245	1
11	118531872	118532289	1
11	118531872	118532409	1
11	118532200	118532334	1
11	118532462	118532916	1
11	118532462	118533089	1
11	118532462	118533419	1
11	118532462	118533856	1
11	118533208	118533419	1
11	118533208	118533856	1
11	118533552	118533856	1
11	118545495	118544527	8
11	118545495	118544542	8
11	118545495	118544900	8
11	118545854	118544591	8
11	118545854	118545408	7
11	118551853	118545792	1
11	118551853	118545824	1
11	118552336	118551785	3
11	118554588	118552213	1
11	118554588	118552229	1
11	118554588	118552234	1
11	118555084	118554458	0
11	118555323	118554989	0
11	118555323	118555019	0
11	118555323	118555020	0
11	118555628	118554989	0
11	118557046	118555247	0
11	118557657	118555247	0
11	118557891	118556905	2
11	118559865	118556905	6
11	118559865	118556993	6
11	118560423	118556905	0
11	118565062	118559784	3
11	118565062	118560064	3
11	118565092	118559784	3
11	118613451	118613815	0
11	118627544	118627545	188
11	118632297	118634922	7
11	118643941	118644071	29
11	118644175	118644646	6
11	118644692	118645355	9
11	118645651	118645734	51
11	118658734	118657315	6
11	118658734	118658231	5
11	118658734	118658268	6
11	118659965	118659369	2
11	118660734	118659746	3
11	118660734	118659808	3
11	118662969	118661392	4
11	118662969	118661636	4
11	118662969	118661889	4
11	118663197	118662730	3
11	118663197	118662787	3
11	118663197	118662880	3
11	118689783	118688032	0
11	118754888	118747765	3
11	118754888	118751364	7
11	118755504	118754588	2
11	118755504	118754704	2
11	118765356	118749886	4
11	118768353	118765208	0
11	118768353	118765307	2
11	118779737	118768222	0
11	118781185	118779631	0
11	118786519	118767626	0
11	118786519	118781120	0
11	118790360	118781119	1
11	118790949	118786051	0
11	118791137	118786051	0
11	118791148	118786051	0
11	118791150	118785832	0
11	118887743	118885840	0
11	118900199	118893874	103
11	118900199	118897745	203
11	118900762	118899936	30
11	118902909	118899916	82
11	118903075	118900618	58
11	118903075	118902773	24
11	118908626	118907482	12
11	118908656	118907482	10
11	118910016	118908416	20
11	118910905	118908269	17
11	118911294	118900618	9
11	118918880	118909913	15
11	118925609	118908269	13
11	118996605	118994823	10
11	118998005	118996194	9
11	118998318	118998429	0
11	119004894	119003741	32
11	119012004	119012148	32
11	119012255	119013231	33
11	119015940	119015711	97
11	119015940	119015725	100
11	119017434	119015840	85
11	119017546	119015840	91
11	119018045	119017697	251
11	119018054	119015840	119
11	119018054	119017361	221
11	119018331	119017924	111
11	119018667	119017360	83
11	119018679	119017957	99
11	119018691	119017957	107
11	119018692	119015840	112
11	119018971	119019142	1
11	119019425	119020149	11
11	119025330	119024113	10
11	119025330	119024350	10
11	119025330	119024355	10
11	119025330	119024367	10
11	119025330	119024387	10
11	119025330	119024422	15
11	119025330	119024423	15
11	119025330	119024429	19
11	119025330	119024877	9
11	119025330	119024909	8
11	119025758	119025190	11
11	119026081	119025151	9
11	119026081	119025190	10
11	119026689	119025966	11
11	119027096	119024355	11
11	119027096	119025966	9
11	119027096	119026505	14
11	119027096	119026570	12
11	119027096	119026602	14
11	119027725	119026936	14
11	119027771	119026936	12
11	119027873	119026665	18
11	119027873	119026936	18
11	119027873	119026953	19
11	119027873	119027627	37
11	119028427	119026936	27
11	119028427	119027627	29
11	119028427	119027725	37
11	119028835	119028193	14
11	119029035	119026936	13
11	119029370	119026936	31
11	119029370	119027627	16
11	119029370	119028193	17
11	119029388	119028193	20
11	119029565	119026936	14
11	119029565	119027627	17
11	119029565	119028193	28
11	119029565	119028240	28
11	119029665	119027811	28
11	119030864	119025190	9
11	119044746	119045384	730
11	119045476	119044190	649
11	119045832	119044188	383
11	119045832	119044191	383
11	119045832	119045310	120
11	119046752	119045113	26
11	119047819	119046561	20
11	119048081	119047733	18
11	119048107	119047169	27
11	119048371	119047946	18
11	119048564	119048247	18
11	119048564	119048359	14
11	119048826	119048356	17
11	119048887	119048475	15
11	119049204	119044190	25
11	119049204	119046743	22
11	119049204	119048713	11
11	119049371	119048713	23
11	119049636	119048713	17
11	119049636	119049017	15
11	119049636	119049039	37
11	119052430	119052089	9
11	119052830	119052294	10
11	119054237	119052636	2
11	119054676	119052372	6
11	119054676	119054120	3
11	119055061	119045426	23
11	119055061	119054493	28
11	119055061	119054498	28
11	119055061	119054536	32
11	119055061	119054584	35
11	119055340	119054983	32
11	119055340	119055015	33
11	119055340	119055032	32
11	119055340	119055043	29
11	119055419	119054983	31
11	119055572	119055022	26
11	119055572	119055154	28
11	119055572	119055184	9
11	119055572	119055295	9
11	119055572	119055327	13
11	119055844	119055201	25
11	119055844	119055492	21
11	119056168	119055488	9
11	119056168	119055492	9
11	119056168	119055749	11
11	119057135	119055492	7
11	119073400	119073799	9
11	119078335	119078564	13
11	119078705	119078794	16
11	119081567	119081567	78
11	119088079	119088174	10
11	119088079	119088178	10
11	119088079	119088254	13
11	119088708	119089081	16
11	119088708	119089099	15
11	119088849	119089081	16
11	119089761	119089989	8
11	119089776	119089989	8
11	119091875	119092124	16
11	119091875	119092403	19
11	119091875	119092757	19
11	119092164	119092403	32
11	119092164	119092757	22
11	119092524	119092757	21
11	119092812	119092934	8
11	119095450	119093878	330
11	119097298	119096502	119
11	119097298	119096506	119
11	119097298	119096509	119
11	119097298	119096510	119
11	119097298	119096548	122
11	119097298	119096594	115
11	119097298	119096595	115
11	119097298	119096596	115
11	119097298	119096957	116
11	119097552	119097139	63
11	119097552	119097141	63
11	119097926	119097463	57
11	119098044	119097141	52
11	119098044	119097336	47
11	119098044	119097444	52
11	119098044	119097463	50
11	119098436	119097854	32
11	119098488	119096595	37
11	119098488	119097141	52
11	119098488	119097262	34
11	119098488	119097463	36
11	119098488	119097854	25
11	119098488	119097959	25
11	119100409	119098402	12
11	119100410	119096510	9
11	119100751	119100261	24
11	119100828	119100261	19
11	119100844	119100261	19
11	119100878	119100261	22
11	119100917	119098073	11
11	119101024	119100261	73
11	119101048	119100628	72
11	119101129	119100261	57
11	119101139	119100261	61
11	119101139	119100629	80
11	119101778	119101017	78
11	119101825	119100629	72
11	119101833	119101017	73
11	119101838	119101017	69
11	119101854	119100929	55
11	119101857	119101017	78
11	119101861	119100628	35
11	119101861	119101017	78
11	119101879	119100629	28
11	119102143	119100261	24
11	119102143	119101017	15
11	119102372	119100629	21
11	119106775	119107070	5
11	119106879	119107070	7
11	119107127	119107374	7
11	119107127	119107512	8
11	119108332	119102103	7
11	119110681	119110846	15
11	119111630	119112327	25
11	119112393	119112481	9
11	119112875	119113610	30
11	119113713	119113851	23
11	119113713	119113854	23
11	119113989	119114079	2
11	119114366	119116024	11
11	119114366	119116044	10
11	119124237	119126934	8
11	119130955	119131113	16
11	119130955	119131534	28
11	119131647	119131829	3
11	119131983	119132242	7
11	119131983	119132495	7
11	119132298	119132495	4
11	119156453	119156563	0
11	119158333	119158556	2
11	119185511	119185848	0
11	119185511	119185921	0
11	119185511	119185924	0
11	119185629	119185848	0
11	119185629	119185921	0
11	119185953	119186091	0
11	119186166	119186478	0
11	119186242	119186478	0
11	119187659	119187939	0
11	119187701	119187939	0
11	119188145	119188354	0
11	119188552	119188639	0
11	119188868	119189004	0
11	119190841	119189637	0
11	119190841	119190249	0
11	119190841	119190255	0
11	119195488	119194922	0
11	119195500	119194922	0
11	119195875	119195180	0
11	119196001	119195423	0
11	119299588	119308069	36
11	119299636	119306287	37
11	119306381	119307478	60
11	119309916	119308985	373
11	119310467	119308528	170
11	119310467	119308971	285
11	119310467	119309622	136
11	119310467	119309986	124
11	119310904	119309886	109
11	119312950	119312526	22
11	119314577	119312526	25
11	119314577	119312769	25
11	119314577	119312871	27
11	119314750	119312769	32
11	119314750	119314488	28
11	119314750	119314501	27
11	119314750	119314504	26
11	119315032	119314691	48
11	119315041	119314615	37
11	119315041	119314678	37
11	119315041	119314684	37
11	119315041	119314693	37
11	119315264	119314721	33
11	119315264	119314832	33
11	119315264	119314869	35
11	119315264	119314886	36
11	119315264	119314892	36
11	119315264	119314989	33
11	119317131	119314832	31
11	119337310	119336248	47
11	119340441	119338938	0
11	119340441	119338941	0
11	119340441	119339774	0
11	119340568	119339186	0
11	119340799	119339369	0
11	119341773	119340183	0
11	119341985	119340694	0
11	119341985	119341593	0
11	119342728	119341422	0
11	119344758	119342872	0
11	119344758	119344314	0
11	119345005	119344631	0
11	119345634	119344873	0
11	119345634	119344923	0
11	119345929	119345419	0
11	119346160	119345772	0
11	119346317	119345776	0
11	119357308	119355214	0
11	119357308	119355215	0
11	119357308	119356533	0
11	119358062	119357756	0
11	119358253	119357980	0
11	119358253	119358034	0
11	119358838	119358148	0
11	119359135	119358664	0
11	119359135	119358772	0
11	119359343	119358772	0
11	119373522	119360183	0
11	119376357	119372977	0
11	119379116	119373067	0
11	119381712	119360183	0
11	119381727	119372706	0
11	119418135	119418666	0
11	119420336	119419374	0
11	119420379	119419072	0
11	119420387	119417377	0
11	119420387	119418819	0
11	119420387	119419307	0
11	119420387	119419435	0
11	119420449	119419464	0
11	119420930	119420050	0
11	119422563	119420868	0
11	119423173	119420050	0
11	119423173	119420868	0
11	119423199	119420868	0
11	119423200	119420868	0
11	119423202	119420408	0
11	119424129	119420868	0
11	119424986	119420868	0
11	11951770	11952740	16
11	119629277	119623407	0
11	119638201	119629094	0
11	119638807	119638097	0
11	11965966	11963105	0
11	11965966	11964390	0
11	11965966	11964614	0
11	11967099	11965808	0
11	11967099	11965849	0
11	11967099	11965872	0
11	11967099	11965879	0
11	11967099	11965934	0
11	119675311	119639864	0
11	119675311	119660991	0
11	119675311	119674591	1
11	119675670	119674381	0
11	119677220	119675158	0
11	119677602	119676814	0
11	119677858	119677094	0
11	119677858	119677101	0
11	11968488	11966953	0
11	11968488	11966992	0
11	11968747	11966953	0
11	119728554	119678414	0
11	119729085	119678414	0
11	11979784	11978839	0
11	11979917	11968394	0
11	11994720	11968394	0
11	11998780	11968394	0
11	11998780	11979685	0
11	119988835	119987953	0
11	119989457	119988763	0
11	119989680	119988664	0
11	120012159	120008603	0
11	12002427	11998199	0
11	12002438	11968394	0
11	12002438	11968442	0
11	12002438	11998695	0
11	12002438	12001674	0
11	12002438	12001903	2
11	12008609	12001748	0
11	12008609	12002299	0
11	12008625	12002299	0
11	12008631	11963105	0
11	12008898	12002299	0
11	120113656	120112409	0
11	120115415	120111274	0
11	120115415	120111297	0
11	120115415	120112409	0
11	120115415	120113536	0
11	120117058	120115337	0
11	120117107	120112409	0
11	120118042	120115337	0
11	120118322	120115337	0
11	120118322	120115339	0
11	120118322	120115363	0
11	120123033	120120572	0
11	120123034	120120572	0
11	120123056	120120572	0
11	120123272	120122953	0
11	120123443	120122953	0
11	120125579	120122953	0
11	120125890	120122953	0
11	120126358	120122951	0
11	120127570	120125690	0
11	120128496	120127335	0
11	120128911	120127407	0
11	120137687	120128399	0
11	120138032	120137369	0
11	120138115	120137227	0
11	120138454	120128399	0
11	120138454	120137739	0
11	120139198	120137746	0
11	120185424	120137764	0
11	120185530	120137916	0
11	120253655	120249758	0
11	120261320	120256011	0
11	120261320	120258918	0
11	120301090	120302285	0
11	120327327	120327440	17
11	120330050	120330406	14
11	120407824	120409393	0
11	120457251	120457720	0
11	120457757	120458079	0
11	120458235	120459173	0
11	120894798	120867932	0
11	121168218	121168676	0
11	121303586	121304339	0
11	121303586	121304360	0
11	121307244	121307456	37
11	121427	113115	1
11	121452920	121449695	0
11	121453014	121447330	0
11	121629594	121632015	0
11	122032311	122028329	0
11	122033463	122028350	0
11	122033463	122028360	0
11	122033463	122028365	0
11	122033463	122028370	0
11	122039535	122028332	0
11	122040250	122028363	0
11	122064272	122038026	0
11	122064272	122040216	0
11	122064272	122062394	0
11	122066435	122033313	0
11	122066435	122038026	0
11	122066435	122064179	0
11	122067512	122064179	0
11	122067512	122066135	0
11	122069182	122066335	0
11	122100407	122091054	57
11	122100407	122091284	65
11	122100448	122089109	71
11	122100449	122066135	0
11	122100476	122064179	0
11	122100493	122064179	0
11	122100540	122082696	54
11	122101030	122089109	38
11	122101687	122100373	0
11	122101687	122100677	0
11	122101687	122100908	0
11	122101698	122064954	0
11	122101698	122100373	0
11	122101703	122028326	0
11	122101714	122066135	0
11	122102167	122089105	44
11	122102179	122089102	40
11	122105170	122091253	53
11	122105943	122091416	4
11	122116324	122091544	0
11	122155633	122089120	0
11	122155633	122089143	3
11	122155633	122089185	4
11	122155633	122089195	4
11	122155633	122090138	0
11	122155633	122091628	0
11	122155633	122116132	2
11	122156372	122155550	2
11	122157114	122155550	1
11	122180399	122154754	3
11	122180399	122155421	1
11	122180399	122155550	2
11	122180439	122155550	3
11	122189526	122180335	0
11	122202910	122180335	0
11	122203004	122199118	0
11	122203063	122180335	0
11	122234376	122232853	0
11	122292404	122180335	0
11	122292404	122180337	0
11	122292404	122189453	0
11	122292404	122202763	0
11	122292404	122203508	0
11	122292404	122232857	0
11	122292404	122233243	0
11	122292404	122234261	0
11	122292404	122234280	0
11	122293607	122292283	0
11	122295006	122293306	0
11	122301400	122294841	0
11	122301764	122294937	0
11	122309452	122292283	0
11	122309488	122293306	0
11	122367606	122292283	0
11	122367659	122301324	0
11	122367816	122292283	0
11	122367873	122292283	0
11	122367974	122293306	0
11	122367978	122180335	0
11	122384622	122292283	0
11	122422757	122384365	0
11	122422840	122412430	0
11	122422872	122292273	0
11	122453732	122293306	0
11	122539507	122293306	0
11	12255751	12256784	0
11	12259898	12260635	4
11	12259898	12262479	4
11	12259898	12263559	4
11	12262538	12263559	4
11	12262636	12263559	3
11	12263174	12261425	6
11	122753085	122751146	0
11	12276332	12276619	0
11	122851618	122765955	1
11	122979458	122977569	0
11	123050354	123049786	3
11	123058485	123057488	142
11	123058485	123057496	140
11	123058485	123057497	140
11	123058485	123057700	144
11	123058485	123057778	150
11	123058485	123057878	124
11	123058831	123057488	135
11	123058831	123058251	206
11	123059098	123058251	275
11	123059104	123058790	274
11	123059262	123057495	152
11	123059262	123058631	242
11	123059262	123058766	286
11	123059449	123058631	216
11	123059763	123059155	2812
11	123059849	123059058	2745
11	123060029	123058251	233
11	123060029	123059058	231
11	123060212	123059472	254
11	123060224	123059472	248
11	123060269	123059232	2127
11	123060269	123059472	205
11	123060269	123059475	326
11	123060269	123059964	251
11	123060387	123059472	258
11	123060427	123059472	215
11	123060676	123060115	67
11	123060799	123059058	196
11	123060799	123059472	83
11	123060799	123059813	251
11	123060799	123060115	53
11	123060799	123060117	53
11	123060799	123060128	55
11	123060799	123060145	63
11	123060799	123060164	65
11	123061259	123060592	81
11	123061330	123059981	53
11	123061330	123060115	36
11	123061330	123060592	33
11	123061330	123060606	33
11	123061330	123060697	33
11	123061330	123060704	33
11	123061332	123060592	38
11	123061333	123060592	40
11	123061484	123061119	48
11	123061790	123061119	47
11	123061834	123061119	52
11	123062023	123061119	26
11	123062033	123061119	26
11	123062125	123061119	26
11	123062137	123060824	43
11	123062137	123061119	26
11	123062140	123061119	26
11	123062208	123061119	28
11	123062336	123061119	25
11	123062353	123061119	22
11	123062670	123061119	19
11	123063231	123061119	3
11	123074817	123073484	1
11	123074844	123069864	5
11	123074851	123073705	1
11	123083208	123074701	2
11	123083737	123083084	0
11	123083848	123083081	0
11	123083848	123083084	0
11	123195282	123097794	0
11	123314399	123313702	0
11	123314771	123313673	0
11	123622639	123626593	129
11	123634207	123629186	0
11	123634207	123629188	0
11	123638325	123631213	0
11	123638325	123634120	0
11	123641125	123634120	0
11	123642672	123638185	0
11	123645751	123642445	0
11	123645751	123642466	0
11	123645751	123642609	0
11	123727596	123724176	64
11	123727596	123724779	69
11	123730986	123729614	12
11	123739544	123730857	10
11	123740190	123730751	14
11	123740193	123730486	10
11	123740233	123730509	14
11	123740233	123730807	14
11	123740233	123738623	8
11	123740537	123730486	7
11	123740537	123730859	12
11	123741672	123730486	3
11	123841931	123839034	0
11	123884210	123882925	0
11	123884210	123883214	0
11	1239028	1239437	0
11	124041326	124036012	0
11	124108408	124104964	0
11	124111093	124104964	0
11	124115483	124116565	1
11	124311677	124302830	0
11	124367299	124365464	0
11	124384463	124382393	0
11	124399025	124395533	0
11	124413704	124406996	0
11	124441624	124437444	0
11	124482871	124476962	0
11	124543372	124539634	0
11	124545334	124543240	0
11	124630486	124630744	7
11	124630856	124631239	8
11	124630856	124631274	8
11	124630856	124632092	14
11	124631418	124632092	14
11	124638738	124633112	12
11	124638738	124635788	6
11	124638738	124636846	7
11	124654794	124649618	4
11	124660804	124654654	0
11	124669522	124658873	0
11	124669522	124660627	0
11	124669613	124660627	0
11	124673822	124669359	0
11	124673882	124669359	0
11	124673953	124675237	0
11	124675403	124669359	0
11	124675403	124669435	0
11	124675678	124675257	1
11	124675680	124675257	1
11	124676304	124675570	1
11	124694443	124696176	1
11	124694522	124675257	0
11	124695708	124694282	0
11	124745999	124744633	2
11	124748535	124747471	7
11	124748764	124748105	7
11	124748764	124748389	7
11	124754341	124752582	2
11	124754341	124753122	5
11	124754341	124753198	3
11	124754764	124754213	4
11	124754764	124754244	3
11	124756363	124754213	6
11	124773055	124766497	1
11	124773055	124766515	1
11	124773055	124766527	1
11	124773055	124766615	1
11	124773055	124767493	0
11	124773055	124767947	1
11	124773381	124767833	0
11	124774819	124772993	4
11	124774832	124772993	4
11	124774975	124772993	6
11	124776243	124772993	42
11	124779140	124774718	35
11	124779140	124774803	36
11	124800365	124779049	5
11	124800384	124772993	5
11	124800390	124774718	2
11	124800391	124774718	2
11	124800674	124774718	5
11	124801257	124801983	1
11	124876126	124876274	0
11	124876739	124877160	6
11	124876933	124877160	13
11	124876933	124877266	13
11	124876933	124877284	13
11	124876933	124877518	15
11	124877185	124877266	13
11	124877185	124877518	15
11	124877185	124877562	16
11	124877310	124877518	31
11	124877310	124877936	38
11	124877659	124877936	41
11	124877659	124878297	43
11	124877753	124877936	41
11	124878132	124878297	20
11	124878437	124878583	3
11	124878797	124879189	25
11	124885248	124883690	2
11	124885248	124884217	3
11	124885248	124884710	2
11	124886823	124885040	4
11	124887214	124886379	18
11	124887214	124886463	17
11	124887841	124885040	2
11	124887841	124887357	3
11	124891563	124886463	1
11	124891563	124887732	2
11	124891803	124891298	1
11	124891803	124891487	3
11	124893026	124891298	1
11	124893731	124891665	1
11	124895913	124895456	0
11	124896319	124895784	0
11	124896319	124895790	0
11	124896319	124895799	0
11	124896319	124895860	0
11	124896671	124896197	0
11	124896847	124896197	0
11	124897056	124896512	0
11	124897262	124896512	2
11	124897262	124896615	3
11	124897633	124896931	1
11	124897869	124896771	1
11	124897869	124896931	2
11	124898282	124896931	0
11	124898495	124896931	2
11	124898501	124896931	2
11	124922459	124919192	0
11	124924011	124923339	0
11	124924927	124923614	0
11	124925070	124923728	0
11	124936413	124924614	0
11	124936413	124924727	0
11	124951551	124950330	4
11	1249677	1242260	48
11	125086019	125086203	18
11	125086019	125088118	22
11	125086261	125088118	28
11	125101257	125097242	4
11	125101257	125097441	7
11	125101304	125096544	1
11	125101304	125097070	4
11	125101304	125097141	3
11	125101304	125097243	4
11	125101304	125097256	5
11	125101304	125097325	5
11	125101304	125097338	5
11	125101304	125097485	6
11	125101304	125097529	5
11	125101522	125101200	12
11	125102303	125101200	14
11	125102318	125101200	13
11	125102318	125101255	13
11	125102318	125101443	16
11	125102352	125101200	13
11	125102810	125101200	9
11	125102810	125101201	9
11	125102810	125101202	9
11	125102810	125102131	9
11	125105042	125097034	4
11	125110550	125102733	2
11	125110747	125102131	3
11	125110747	125102636	1
11	125110747	125102733	1
11	125111580	125102131	1
11	125111580	125102636	2
11	125111599	125102733	2
11	125111618	125102733	2
11	125111622	125102733	1
11	125111633	125102131	1
11	125111633	125102304	2
11	125111709	125102636	2
11	125111764	125102636	2
11	125139588	125132846	0
11	125160649	125158460	0
11	125266799	125258625	0
11	12540968	12538082	0
11	125410326	125410778	0
11	125410877	125411745	2
11	125448568	125442880	0
11	125448568	125445744	0
11	125448568	125445752	0
11	125448568	125445760	0
11	125448568	125445764	0
11	125448568	125445846	0
11	125451521	125448501	0
11	125452410	125448501	0
11	125452410	125448506	0
11	125452826	125452333	0
11	125453929	125448501	1
11	125454211	125452333	0
11	125454358	125452333	1
11	125456107	125454129	2
11	125456287	125454129	3
11	125460667	125455449	0
11	125460667	125455834	1
11	125460667	125455951	1
11	125460667	125456009	1
11	125463541	125460240	0
11	125463571	125460497	1
11	125469157	125463483	0
11	125481598	125455834	0
11	125481634	125460497	1
11	125481634	125463249	0
11	125481634	125463483	0
11	125481757	125463483	0
11	125489823	125481533	1
11	125495666	125489350	0
11	125496123	125489540	0
11	125496219	125489466	0
11	125496278	125488926	0
11	125496311	125489466	0
11	125496318	125489466	0
11	125557817	125489466	0
11	125573575	125557722	0
11	125573575	125570283	5
11	125577571	125577735	12
11	125592511	125573455	0
11	125592569	125573455	0
11	125609590	125609709	20
11	125626576	125626748	9
11	125626643	125626748	9
11	125655348	125656205	66
11	125676479	125671521	4
11	125676479	125672342	3
11	125676479	125672482	3
11	125676479	125672492	3
11	125746357	125746660	0
11	125747412	125747699	0
11	125778003	125776112	0
11	125778576	125776893	0
11	125785	121278	6
11	125874399	125873030	1
11	125895790	125893484	13
11	125895790	125893485	13
11	125896331	125895223	19
11	125896331	125895660	30
11	125900845	125895969	12
11	125903222	125895223	8
11	125903222	125895906	6
11	125921380	125922099	0
11	125926107	125925168	0
11	125928	121257	0
11	125931404	125926003	0
11	125931468	125903246	0
11	125939265	125940059	0
11	125943086	125943614	0
11	125961999	125955795	20
11	125961999	125957451	9
11	125961999	125960678	2
11	126004077	126001718	0
11	126004446	126001718	0
11	126006058	126003901	0
11	126006058	126003905	0
11	126006058	126005392	0
11	126015511	126010340	0
11	126015511	126010810	0
11	126017376	126014817	0
11	126017376	126015240	0
11	126019766	126018329	0
11	126021521	126019618	0
11	126021521	126019686	0
11	126021523	126019618	0
11	126023538	126021247	0
11	126023538	126021262	0
11	126023540	126021247	0
11	126204329	126202093	10
11	126204329	126202413	35
11	126204329	126202781	10
11	126204329	126203321	6
11	126205520	126204324	10
11	126205540	126204230	6
11	126205613	126204230	8
11	126205782	126204230	11
11	126205782	126205467	40
11	126205782	126205570	40
11	126206513	126205467	57
11	126206554	126205718	48
11	126209028	126208610	30
11	126209723	126205467	20
11	126209723	126205687	35
11	126209723	126205707	43
11	126209724	126206253	40
11	126211056	126205687	17
11	126211056	126209039	1
11	126211056	126209490	3
11	126211056	126209520	3
11	126211056	126209605	1
11	126211298	126209550	3
11	126264290	126262918	263
11	126264290	126263473	446
11	126264540	126264190	83
11	126264756	126263840	76
11	126265173	126264375	63
11	126265441	126264958	49
11	126265441	126265079	81
11	126265658	126265020	31
11	126267336	126266762	40
11	126267713	126267174	48
11	126268087	126267173	36
11	126268087	126267548	37
11	126268087	126267577	39
11	126268983	126267548	33
11	126275022	126275326	34
11	126275429	126275793	11
11	126294255	126292921	21
11	126297127	126294306	10
11	126304319	126294297	4
11	126354916	126350171	7
11	126355580	126340888	9
11	126406311	126406472	2
11	126425725	126423358	3
11	126425725	126423494	0
11	126429289	126425637	2
11	126431527	126429178	3
11	126435304	126430941	2
11	126435304	126431418	3
11	126437010	126431418	6
11	126437010	126435267	1
11	126440550	126436810	7
11	126440819	126436863	2
11	126562913	126526537	0
11	126562913	126549283	0
11	126562913	126549417	0
11	126562913	126549538	0
11	126940660	126920187	0
11	127000521	126562834	0
11	127000760	126562834	0
11	127000771	126562834	0
11	127000811	126562834	0
11	127000871	126562834	0
11	127001166	126562834	0
11	127003829	127003830	0
11	127649	127203	12
11	12823668	12822434	0
11	1283598	1276816	4
11	128463628	128458760	4
11	128463628	128458764	4
11	128463628	128460243	160
11	128463628	128461765	5
11	128463951	128462543	3
11	128480452	128461493	6
11	128489491	128486068	2
11	128490577	128489289	1
11	128490577	128489469	3
11	128522311	128480190	0
11	128556436	128490456	0
11	128556436	128536411	0
11	128573145	128556290	0
11	128573145	128571807	0
11	1286093	1274370	0
11	1286093	1274371	0
11	1286093	1274372	0
11	1286093	1275652	4
11	1286093	1277154	2
11	128620775	128614346	0
11	128620775	128615866	0
11	128651937	128620703	0
11	128651937	128629652	0
11	128686429	128664979	0
11	128686434	128664979	0
11	128686923	128681239	0
11	128693392	128691671	0
11	128805432	128807179	0
11	128842535	128838743	0
11	128850891	128838014	0
11	128850891	128838154	0
11	128850891	128839825	0
11	128850921	128840063	0
11	128866656	128838056	0
11	128867297	128836314	0
11	1288777	1286001	2
11	128903508	128902419	0
11	128903512	128899564	0
11	128903512	128902556	0
11	128936650	128934730	0
11	128936650	128935369	0
11	128936650	128935590	0
11	128937819	128936537	0
11	128937835	128936536	0
11	128937895	128936537	0
11	128942928	128937677	0
11	128943144	128935369	0
11	128943146	128936761	0
11	128943400	128935376	0
11	128973433	128965059	9
11	128973433	128967946	9
11	128973433	128968868	17
11	128975003	128967924	5
11	128975003	128972452	8
11	128976635	128968762	3
11	128976635	128972452	4
11	128976635	128974123	0
11	128980749	128978769	3
11	128981555	128980486	0
11	128981562	128980552	0
11	128986086	128981828	1
11	128986669	128985878	0
11	128986669	128986002	0
11	128998403	128988022	0
11	128998459	128988022	0
11	128998469	128988022	0
11	1290410	1288623	1
11	1290410	1288635	1
11	129041010	128998318	0
11	129066814	129064840	0
11	129066869	129064840	0
11	129093708	129066730	0
11	129093708	129066743	0
11	1292171	1290226	1
11	12922926	12921185	0
11	129279325	129164318	0
11	1295732	1290226	1
11	1295795	1277012	6
11	1295795	1288623	2
11	1295795	1290094	1
11	1295795	1290226	1
11	1295795	1290914	1
11	129614488	129612115	0
11	12965215	12961841	0
11	12984293	12980486	0
11	12984339	12980628	0
11	12984339	12980668	0
11	12986145	12980037	0
11	12986145	12980210	0
11	129865102	129863635	47
11	129865102	129864469	7
11	129865102	129864703	2
11	129870262	129865876	19
11	129873097	129869493	7
11	129873097	129870092	8
11	129873818	129872588	10
11	129874016	129872883	5
11	129884847	129884069	1
11	129884883	129884069	2
11	129885610	129884069	1
11	129885610	129884743	0
11	129885610	129884744	0
11	129886445	129885434	0
11	129886445	129885510	0
11	129888796	129886316	0
11	129888796	129888312	2
11	129892871	129888593	0
11	129892871	129888654	0
11	129892877	129888593	0
11	129893010	129888593	0
11	129893102	129892714	16
11	129893153	129892709	16
11	129893153	129892714	16
11	129893386	129892714	17
11	129894442	129892714	8
11	12989548	12965107	0
11	12989549	12979534	0
11	129895591	129892714	8
11	129905742	129899705	1
11	129905742	129899714	1
11	129905742	129899716	1
11	129905742	129902284	2
11	129905742	129902339	2
11	129947293	129944770	3
11	129947371	129944770	3
11	129947462	129944770	1
11	129947554	129944770	1
11	129947623	129944770	0
11	129955572	129944770	3
11	129955572	129947144	4
11	129955572	129948055	3
11	129957911	129947185	3
11	13009160	13001089	0
11	130141573	130141918	1
11	130229975	130226676	27
11	130229975	130226683	22
11	130231716	130229828	31
11	130233383	130230968	21
11	130233383	130230978	21
11	130233383	130231638	33
11	130234274	130233307	28
11	130236217	130234155	7
11	130237094	130226676	6
11	130237094	130226677	6
11	130237094	130231665	9
11	130237094	130233307	7
11	130237094	130234155	3
11	130237094	130236109	5
11	130238557	130237009	1
11	130238592	130236630	0
11	130238608	130236792	1
11	130238608	130237009	1
11	130239897	130237009	2
11	130239897	130238443	2
11	130261113	130239811	0
11	130261435	130239811	0
11	130261890	130239811	0
11	130261930	130239811	0
11	130261932	130238814	0
11	1302791	1295644	1
11	130285834	130285022	0
11	130314592	130260855	0
11	130314613	130260855	0
11	130314687	130260855	0
11	130314909	130260855	0
11	130408640	130404924	0
11	1306195	1295738	1
11	130846192	130844190	0
11	130846192	130844752	1
11	130879712	130875435	8
11	130879712	130877839	2
11	130879712	130877912	2
11	130879712	130877957	2
11	130879712	130878050	2
11	130879712	130878195	2
11	130879712	130878256	2
11	130879712	130878392	2
11	130903385	130879623	1
11	130903385	130880621	1
11	130903385	130901810	1
11	130906000	130903254	0
11	130906083	130905654	1
11	130906134	130903254	0
11	130906135	130903068	0
11	130910371	130910017	8
11	130910372	130910017	8
11	130911772	130910269	11
11	130911772	130910307	14
11	1309584	1290226	1
11	1309591	1295644	0
11	1309598	1295644	0
11	1309620	1295644	0
11	1309623	1295644	0
11	1309624	1288623	1
11	1309624	1290226	1
11	1309624	1295376	1
11	1309624	1295644	0
11	1309645	1298148	0
11	1309655	1295644	0
11	13134840	13054614	0
11	131536832	131533856	0
11	131537172	131502758	0
11	131537172	131536475	0
11	131537172	131536621	0
11	131573601	131546661	0
11	131573638	131564543	0
11	131663584	131662130	0
11	131897109	131877679	0
11	131911094	131911563	21
11	131984662	131981095	0
11	132335148	132335355	201
11	132435186	132414980	0
11	132436238	132414976	0
11	132436238	132414980	0
11	132436238	132419859	0
11	132436238	132420019	0
11	132529187	132437221	0
11	132657320	132529060	0
11	132810798	132657086	0
11	132860078	132859244	0
11	132860778	132817125	0
11	132943011	132657086	0
11	132943093	132810792	0
11	132943672	132657086	0
11	133366081	133360028	0
11	133532403	132657086	0
11	133532520	132942925	0
11	133779	131466	0
11	13378446	13381160	1
11	133810170	133783670	0
11	133842106	133840630	0
11	133842106	133840761	0
11	133912008	133908563	5
11	133912119	133909182	7
11	133921398	133911885	4
11	133921398	133919038	25
11	133922731	133922176	0
11	133924905	133922568	0
11	133924905	133922575	0
11	133937494	133936052	0
11	133937962	133937375	0
11	133937962	133937406	0
11	133938101	133937375	1
11	133944367	133937809	0
11	133946259	133944219	0
11	133946259	133944283	0
11	133946293	133944219	0
11	13403279	13388000	2
11	13403279	13388023	2
11	13403279	13388682	0
11	13403279	13388701	0
11	134037108	134035831	0
11	13405857	13403167	0
11	13413651	13405327	0
11	13413651	13405548	0
11	13413651	13405658	0
11	13413651	13405765	0
11	134153201	134152433	25
11	134153201	134152444	23
11	134153201	134152846	25
11	134154050	134150118	51
11	134157096	134153288	51
11	134158050	134156874	2
11	134158068	134157017	3
11	134160075	134158328	1
11	134161892	134159889	2
11	134161892	134159891	2
11	134168196	134161779	0
11	134168196	134161780	0
11	134168473	134161780	2
11	134176387	134168916	0
11	134178742	134177218	0
11	134178915	134178482	0
11	134178937	134178633	0
11	134192910	134185334	3
11	13419746	13413529	0
11	13419746	13417157	0
11	13419746	13417246	0
11	134208952	134206598	0
11	134209207	134208863	0
11	134209207	134208870	0
11	134209207	134208878	0
11	13421816	13419459	0
11	13421839	13419459	0
11	13421839	13419492	0
11	134220727	134210269	0
11	134220727	134216935	0
11	134223942	134220571	0
11	134223992	134220571	0
11	134224001	134220568	0
11	134224001	134220685	0
11	134224001	134223446	0
11	134224217	134220571	0
11	134224533	134220571	0
11	134224533	134223092	1
11	134224762	134224799	43
11	134248960	134248278	3
11	134249263	134248287	6
11	134249263	134248808	4
11	134249921	134248881	2
11	134249921	134249038	2
11	134249921	134249166	2
11	134250339	134249888	5
11	134250344	134249827	5
11	134251309	134250274	2
11	134251779	134250274	7
11	134251896	134251230	6
11	134252917	134251129	8
11	134253345	134251129	4
11	134253349	134251129	4
11	134259085	134259607	6
11	134259746	134260028	45
11	134259746	134261043	64
11	134262277	134262519	34
11	134262623	134262769	36
11	134292214	134293144	0
11	134309764	134310570	0
11	134310652	134311063	0
11	134311171	134312348	0
11	134375885	134376094	58
11	134382025	134378503	13
11	134382025	134378505	13
11	134382025	134378507	13
11	134382025	134381644	2
11	134384189	134382709	1
11	134387198	134382709	2
11	134387695	134383679	7
11	134387941	134383679	6
11	134387941	134383998	6
11	13440209	13421641	0
11	13440280	13421641	0
11	13445182	13419459	0
11	13445182	13421641	0
11	13445182	13421741	1
11	13445182	13421746	1
11	13459737	13445164	0
11	13462798	13445023	1
11	13463181	13421641	0
11	13463227	13445023	0
11	13463281	13445023	0
11	13463298	13421641	0
11	13463298	13445023	0
11	134672025	134671425	0
11	134696188	134685043	0
11	134797	133572	3
11	134797	133613	3
11	13492861	13492054	0
11	13492861	13492098	0
11	134997089	134994981	0
11	138112	133587	3
11	13868677	13844861	0
11	13879500	13826842	0
11	13924864	13921449	0
11	14273692	14262845	2
11	14281721	14277925	4
11	14281721	14277963	6
11	14281721	14278681	5
11	14281721	14278749	4
11	14281721	14278938	4
11	14281721	14279102	4
11	14281721	14279109	4
11	14281721	14279396	1
11	14294580	14281601	4
11	14294580	14281689	5
11	14294863	14294459	0
11	14294863	14294470	0
11	14453306	14451834	0
11	14457884	14453224	0
11	14457887	14443439	0
11	14458688	14457505	6
11	14458688	14457549	5
11	14458688	14457783	8
11	14460298	14458531	5
11	14461223	14460207	0
11	14461332	14460207	1
11	14461342	14460015	0
11	14474616	14469335	0
11	14475876	14474009	2
11	14475946	14474494	1
11	14477016	14475784	0
11	14479715	14476916	7
11	14479715	14476918	7
11	14493812	14490564	0
11	14494440	14493641	0
11	14494440	14493720	0
11	14494440	14493736	0
11	14494440	14493782	0
11	14494728	14494259	0
11	14494728	14494309	0
11	14494728	14494316	0
11	14498986	14494209	0
11	14505249	14498837	0
11	14507767	14504873	12
11	14507767	14504875	12
11	14507767	14504912	12
11	14507767	14505063	10
11	14507767	14505156	13
11	14510952	14504923	11
11	14510952	14507586	7
11	14510952	14507655	4
11	14511032	14507655	4
11	14513700	14510871	12
11	14513700	14510913	12
11	14513888	14513569	20
11	14514003	14510871	19
11	14514294	14513569	82
11	14514492	14510871	10
11	14514492	14513569	96
11	14514492	14513663	84
11	14514492	14513816	86
11	14517674	14513816	4
11	14517746	14513459	2
11	14517746	14513816	4
11	14517746	14514314	0
11	14517746	14514341	0
11	14517746	14514389	0
11	14517746	14514402	0
11	14517982	14517641	0
11	14519042	14517879	0
11	14519042	14517911	0
11	14519042	14517948	0
11	14611152	14518996	0
11	14643618	14610965	0
11	14643636	14610853	0
11	1467633	1464581	0
11	1471420	1469961	7
11	1471420	1470171	3
11	1471420	1470244	4
11	1473437	1469456	3
11	1480487	1471294	3
11	1480886	1471304	4
11	1480886	1480392	13
11	1480888	1480392	13
11	1480896	1480724	7
11	1481586	1480664	0
11	1486747	1480724	1
11	14879200	14878006	0
11	14879208	14878008	0
11	14879208	14878011	0
11	14879444	14877439	0
11	14879444	14878008	0
11	14879444	14878037	1
11	14880360	14879113	1
11	14880769	14878008	2
11	14880769	14879113	3
11	14885842	14879113	1
11	14885918	14879113	0
11	14885918	14880134	1
11	14885918	14880135	1
11	14885918	14880314	1
11	14885918	14880633	1
11	14885978	14880336	2
11	14887335	14880379	1
11	14967855	14966667	0
11	14967855	14966668	0
11	14967855	14967039	0
11	14968998	14966670	0
11	14968998	14967673	0
11	14970017	14967673	0
11	14970076	14967673	0
11	14970076	14968500	0
11	14970076	14968705	0
11	14970076	14968825	0
11	1501248	1480578	0
11	1501248	1480724	0
11	1557918	1554043	1
11	1557918	1554050	1
11	1557918	1557522	4
11	15589251	15571818	0
11	15622392	15572022	0
11	15622404	15589080	0
11	15702343	15701962	0
11	15707095	15704543	0
11	15986421	15966448	0
11	15986421	15972698	0
11	15986421	15972707	0
11	15989171	15986203	0
11	15989231	15986203	0
11	15989231	15986264	0
11	16015051	15986203	0
11	16046702	16014941	0
11	16049939	16046513	0
11	16055902	16046513	0
11	16055902	16049712	0
11	16055902	16049754	0
11	16055902	16049781	0
11	16186956	16183885	0
11	1622094	1621406	0
11	16234672	16186780	0
11	16234672	16186782	0
11	16252537	16234581	0
11	16270069	16264448	0
11	16318654	16234581	0
11	16318654	16234639	0
11	16318654	16283755	0
11	16318654	16311244	0
11	16341253	16318025	0
11	16341253	16318445	0
11	16341253	16318471	0
11	16341270	16318445	0
11	16382399	16341011	0
11	16397563	16341011	0
11	16402847	16341011	0
11	16402864	16341011	0
11	16408885	16341011	0
11	16434451	16341010	0
11	16465817	16341011	0
11	16476389	16341011	0
11	16476389	16465700	0
11	16476389	16465780	0
11	16476389	16465790	0
11	16567379	16476314	0
11	16605992	16567326	0
11	16607728	16476314	0
11	16612261	16476314	0
11	16612261	16476337	0
11	1663344	1662583	0
11	1666544	1666701	0
11	16781053	16777316	0
11	16782897	16778294	0
11	16782897	16780941	0
11	16782897	16781027	0
11	16786388	16783699	0
11	16787238	16786292	1
11	16789297	16786228	3
11	16789297	16787109	4
11	16789858	16789095	1
11	16789870	16788982	1
11	16789879	16787483	3
11	16789879	16787659	6
11	16789879	16787689	6
11	16789879	16788814	1
11	16789879	16789095	1
11	16790096	16789267	0
11	16790916	16789774	1
11	16791200	16790797	0
11	16791203	16790797	0
11	16791346	16787659	1
11	16791729	16791010	0
11	16794638	16791010	0
11	16794715	16790797	0
11	16794715	16791010	0
11	16794715	16791170	0
11	16795019	16794487	0
11	16795324	16794487	0
11	16801045	16794909	0
11	16801076	16794487	0
11	16801076	16794909	0
11	16801076	16794962	0
11	16801818	16800973	1
11	16801818	16801015	1
11	16801818	16801024	1
11	1684303	1683268	0
11	16851292	16841546	0
11	16852356	16851190	0
11	16852356	16851197	0
11	16854994	16852282	0
11	16855712	16854888	0
11	16855915	16854888	0
11	16855915	16854893	0
11	169053	167783	0
11	17013343	16871098	0
11	17014047	16871098	0
11	17014202	16789774	0
11	17014413	17014124	0
11	17014413	17014142	0
11	17014444	17014124	0
11	17075164	17074388	72
11	17075198	17074388	66
11	17075198	17074392	65
11	17075613	17074388	65
11	17075624	17074388	62
11	17075624	17075096	80
11	17076021	17075096	84
11	17076548	17075530	72
11	17077247	17075453	54
11	17077247	17076442	85
11	17077474	17077167	31
11	17077478	17076824	68
11	17077478	17077167	28
11	17077648	17077428	13
11	17077667	17077428	11
11	17077668	17076708	47
11	17077669	17077167	24
11	17077679	17076954	24
11	17077707	17077428	5
11	17077716	17077428	5
11	17077788	17077428	2
11	17091460	17077729	0
11	17091460	17086571	1
11	17117672	17114360	1
11	17145732	17112573	0
11	17145732	17136481	1
11	17148788	17141321	2
11	17169742	17155525	0
11	17169807	17155525	0
11	17194415	17169351	0
11	17204376	17194393	0
11	17207921	17150497	0
11	17207948	17168676	0
11	17207951	17194388	0
11	17351704	17349052	0
11	17373475	17373623	20
11	17386751	17386062	0
11	17388077	17387369	0
11	17388873	17387642	0
11	17389086	17388017	0
11	17389332	17385858	0
11	17393760	17392497	0
11	17393760	17392884	0
11	17393760	17392893	0
11	17393760	17392896	0
11	17393760	17392897	0
11	17393760	17392902	0
11	17393760	17392912	0
11	17393760	17392913	0
11	17393760	17392916	0
11	17393760	17392924	0
11	17393760	17392926	0
11	17393760	17392936	0
11	17393760	17392946	0
11	17393760	17392987	0
11	17393760	17393040	0
11	17393760	17393071	0
11	17393760	17393075	0
11	17393760	17393079	0
11	17393760	17393107	0
11	17394400	17392934	0
11	17394400	17393696	0
11	17395276	17394265	0
11	17395276	17394286	0
11	17395471	17394265	0
11	17395719	17394265	0
11	17395781	17394265	0
11	17395916	17394265	0
11	17395918	17395609	0
11	17395931	17395171	0
11	17395931	17395609	0
11	17397017	17395851	0
11	17397047	17395851	0
11	17397059	17395920	0
11	17397112	17395851	0
11	17397314	17392924	0
11	17397314	17394265	0
11	17397314	17395171	0
11	17397314	17395609	0
11	17397314	17395851	0
11	17397314	17396915	0
11	17397314	17396932	0
11	17397509	17395912	0
11	17397798	17395171	0
11	17397798	17395609	0
11	17397798	17395851	0
11	17397798	17396263	0
11	17397798	17396810	0
11	17397798	17396915	0
11	17397798	17396934	0
11	17397798	17397154	0
11	17397798	17397192	0
11	17398442	17395609	0
11	17398442	17395851	0
11	17398442	17396877	0
11	17398442	17396915	0
11	17398442	17397192	0
11	17402754	17397683	0
11	17402754	17398338	0
11	17402754	17399006	0
11	17404539	17402660	0
11	17404562	17402660	0
11	17404670	17402660	0
11	17404670	17402734	0
11	17406789	17405493	0
11	17407077	17406621	0
11	17407130	17406621	0
11	17407130	17406676	0
11	17407176	17406621	0
11	17407182	17406621	0
11	17407210	17406621	0
11	17407413	17406887	0
11	17407440	17406887	0
11	17407454	17406447	0
11	17407454	17406621	0
11	17407454	17406882	0
11	17407454	17406887	0
11	17408518	17406621	0
11	17408518	17406887	0
11	17408518	17407353	0
11	17408518	17408199	0
11	17410654	17408391	0
11	17410654	17408433	0
11	17412747	17410245	0
11	17412747	17410515	0
11	17412747	17410596	0
11	17427920	17427048	0
11	17427943	17427048	0
11	17428094	17427048	0
11	17428398	17427866	0
11	17428406	17427866	0
11	17428406	17427885	0
11	17428406	17427904	0
11	17428472	17427866	0
11	17428671	17427866	0
11	17430960	17428288	0
11	17430960	17428564	0
11	17431033	17428288	0
11	17431033	17428564	0
11	17432228	17430813	0
11	17432245	17428288	0
11	17432245	17428564	0
11	17432245	17430596	0
11	17432245	17430647	0
11	17432245	17430813	0
11	17432245	17430821	0
11	17432347	17428288	0
11	17432347	17428564	0
11	17432347	17430813	0
11	17442792	17432203	0
11	17442883	17428288	0
11	17442883	17428564	0
11	17442883	17430813	0
11	17442883	17432203	0
11	17443313	17428288	0
11	17443313	17432203	0
11	17448672	17432203	0
11	17448672	17443163	0
11	17448672	17443177	0
11	17448672	17444281	0
11	17453284	17448143	0
11	17453284	17448515	0
11	17460677	17432203	0
11	17470223	17461585	0
11	17470223	17463437	0
11	17470223	17463458	0
11	17470223	17465397	0
11	17475028	17463437	0
11	17475028	17470100	0
11	17476779	17470189	0
11	17476842	17470100	0
11	1748120	1732409	2
11	1748120	1734820	3
11	1748120	1744358	2
11	1749103	1735212	7
11	1749127	1747666	6
11	1749198	1747929	5
11	17495678	17494331	0
11	17496814	17493894	0
11	17496814	17493896	0
11	17496814	17493899	0
11	17496814	17493964	0
11	17496914	17494161	0
11	17501151	17498161	0
11	17501536	17501050	0
11	17501536	17501071	0
11	1750592	1747666	1
11	17516291	17511901	0
11	17516291	17514440	0
11	17516623	17501938	0
11	17517475	17501938	0
11	17520995	17501938	0
11	17522927	17521345	0
11	17523268	17522783	0
11	17523268	17522882	0
11	17523479	17522783	0
11	1753671	1747746	0
11	1753875	1735151	2
11	1753881	1753205	159
11	1753902	1747666	1
11	1753902	1752751	1
11	1753902	1752767	7
11	1753902	1752774	8
11	1753902	1752787	12
11	1753902	1752998	176
11	1753902	1753139	192
11	1753902	1753312	13
11	1753902	1753382	0
11	1753902	1753532	0
11	1754132	1753802	0
11	1754139	1753802	0
11	1754256	1753802	0
11	1754947	1753993	0
11	1755029	1753802	0
11	1755029	1753993	0
11	1755029	1754023	0
11	1755349	1753798	1
11	1757453	1754905	4
11	1757557	1753993	0
11	1757557	1754901	0
11	1757557	1754905	0
11	1757557	1754923	0
11	1758034	1757323	0
11	1759088	1757323	1
11	1759634	1758968	1
11	1759640	1758968	1
11	1759640	1759051	1
11	1761469	1758968	6
11	1761469	1759515	10
11	1761541	1759515	9
11	1762404	1761308	4
11	1763750	1763008	6
11	1763897	1761308	5
11	1763902	1761308	5
11	1763907	1761308	5
11	1763928	1761329	18
11	1763933	1761308	5
11	1763942	1761308	5
11	1763949	1761308	5
11	1763955	1761308	5
11	1763993	1761308	5
11	1764574	1761308	7
11	17696941	17695266	0
11	17772599	17773768	0
11	17779645	17781669	0
11	1778389	1776929	0
11	17846762	17788195	0
11	17863698	17788051	0
11	17866865	17788047	0
11	17874279	17788047	0
11	17878245	17788047	0
11	17878245	17788048	0
11	17878245	17788051	0
11	17878245	17788154	0
11	17878245	17788248	0
11	17878245	17846561	1
11	17878245	17846584	1
11	17878245	17846587	1
11	17878245	17877846	0
11	17959624	17878207	0
11	17959637	17878207	0
11	17959637	17918694	0
11	17988756	17878207	0
11	17988756	17926737	0
11	17988756	17959452	0
11	17988756	17959469	0
11	17988758	17959469	0
11	17992994	17878207	0
11	17992994	17988596	0
11	17992994	17988604	0
11	17992994	17988686	0
11	17995836	17878207	0
11	17995866	17992930	0
11	17995910	17992930	0
11	17995910	17992949	0
11	17995910	17992987	0
11	17999573	17995795	0
11	18000558	17995795	0
11	18000558	17999493	0
11	18000558	17999545	0
11	18000805	18000496	0
11	18002059	18000496	0
11	18004498	18000496	0
11	18004536	18000496	0
11	18004536	18000523	0
11	18004536	18000541	0
11	18006747	18000496	0
11	18008077	18006590	0
11	18010140	18007940	3
11	18010343	18007940	3
11	18012899	18007940	2
11	18012919	18007940	2
11	18012925	18007940	2
11	18012930	18007940	2
11	18012954	18007940	2
11	18013029	18007940	2
11	18013037	18007940	2
11	18013163	18007940	1
11	18021166	18007940	0
11	18022932	18017563	0
11	18022932	18020990	0
11	18022932	18021014	0
11	18023170	18021076	0
11	18029580	18026489	0
11	18029580	18029164	0
11	18033375	18029511	0
11	18033375	18029514	0
11	18079683	18069934	0
11	18080492	18079618	0
11	18081436	18080410	5
11	18081504	18080291	7
11	18081504	18080343	7
11	18081504	18080344	7
11	18081504	18080348	7
11	18081504	18080372	7
11	18081738	18080347	7
11	18083547	18081410	34
11	18083710	18081410	26
11	18083729	18081410	27
11	18083732	18081410	27
11	18086961	18083534	25
11	18087055	18081410	24
11	18087055	18083214	24
11	18087055	18083534	19
11	18087226	18081410	16
11	18087226	18083534	16
11	18089511	18087142	16
11	18090262	18089437	12
11	18090275	18089329	10
11	18090291	18089329	11
11	18090317	18089351	12
11	18090317	18089495	11
11	18096855	18092244	6
11	18096855	18093799	6
11	18103347	18083534	2
11	18113288	18112471	0
11	18113293	18112625	0
11	18189496	18140185	0
11	18232534	18231348	0
11	18232534	18231422	0
11	18246049	18235835	0
11	18246049	18239222	0
11	18246049	18240202	0
11	18246049	18242138	0
11	18246049	18245227	0
11	18246049	18245237	0
11	18246049	18245242	0
11	18248517	18247920	0
11	18248636	18247920	0
11	18248640	18248455	0
11	18248644	18247920	0
11	18266297	18266382	0
11	18280643	18279617	4
11	18282221	18278667	5
11	18282221	18279058	6
11	18282221	18280508	6
11	18283902	18281913	5
11	18283902	18281949	5
11	18285460	18283792	3
11	18285460	18283794	3
11	18286711	18283794	4
11	18286711	18285345	2
11	18286711	18285372	2
11	18286915	18285345	2
11	18288014	18287534	14
11	18291943	18287892	16
11	18292020	18287892	10
11	18292977	18287892	13
11	18295170	18287890	5
11	18295170	18287892	5
11	18296985	18295998	6
11	18297718	18296161	4
11	18297718	18296797	2
11	18312025	18311386	0
11	18314520	18311955	0
11	18317908	18311516	1
11	18317908	18311913	0
11	18322175	18311913	2
11	18322199	18311913	2
11	18341411	18341527	1
11	1834602	1835093	0
11	1834618	1835093	0
11	1834618	1835096	0
11	1834618	1835295	1
11	1835200	1835278	1
11	1835200	1835295	1
11	1835200	1835885	0
11	1835460	1835885	0
11	1835617	1835885	0
11	1835985	1836125	2
11	1836285	1836424	0
11	1836593	1836755	2
11	1837091	1837191	0
11	18396611	18396818	8
11	18398989	18399430	12
11	18400746	18400836	45
11	1840239	1840402	0
11	18456079	18456671	0
11	18476488	18476488	3
11	18480047	18475218	3
11	18480636	18469030	1
11	18480636	18479902	5
11	18481732	18480484	2
11	18481772	18480507	3
11	18481870	18468335	1
11	18481870	18480310	2
11	18484062	18481490	1
11	18484073	18481629	1
11	18502578	18483835	0
11	18502578	18483869	0
11	18502578	18483935	3
11	18502578	18490829	1
11	18506924	18502484	0
11	18506924	18502485	0
11	18506924	18502542	0
11	18508821	18507607	0
11	18509666	18506856	0
11	18509666	18506865	0
11	18514842	18502485	0
11	18514842	18509541	0
11	18514844	18509541	0
11	18514851	18509541	0
11	18516165	18509541	1
11	18526882	18509541	0
11	18534454	18529608	1
11	18534454	18531676	1
11	18534454	18531873	1
11	18534454	18532280	1
11	18534454	18532405	1
11	18536470	18531200	1
11	18536470	18531697	3
11	18536470	18531778	3
11	18544797	18532384	0
11	18544797	18536405	2
11	18565011	18558227	0
11	18565011	18563645	0
11	18566483	18564891	0
11	18566483	18564894	0
11	18570378	18566346	2
11	18570739	18570344	3
11	18575413	18564891	1
11	18575413	18566346	0
11	18575413	18569897	2
11	18575413	18570213	0
11	18578809	18566346	0
11	18578809	18570213	0
11	18588682	18570213	0
11	18596296	18595458	4
11	18599595	18595903	3
11	18599684	18596169	0
11	18611555	18606400	4
11	18612489	18611476	2
11	18616099	18612164	0
11	18616099	18612313	1
11	18616990	18614562	0
11	18616990	18615772	0
11	18706130	18705417	0
11	18706147	18704304	0
11	18706147	18704311	0
11	18707214	18705816	0
11	18707997	18706913	0
11	18707997	18707040	0
11	18722042	18721534	0
11	18724270	18721801	0
11	18724270	18721909	0
11	18729567	18727927	0
11	18729567	18727929	0
11	18729567	18727931	0
11	18740793	18737879	0
11	18742504	18740602	0
11	18742504	18740767	0
11	18873463	18870988	0
11	18939508	18934140	0
11	19060682	19054454	0
11	19164364	19165051	1
11	19166386	19170410	2
11	19185046	19182036	0
11	19185046	19182163	0
11	19185046	19182167	0
11	19185046	19182412	0
11	19185046	19182414	0
11	19225616	19224062	3
11	19225616	19224065	3
11	19225616	19224534	4
11	19225865	19225220	3
11	19226079	19225519	8
11	19237471	19234743	0
11	19238133	19237313	0
11	19238133	19237346	0
11	19504414	19502671	0
11	19505396	19504890	0
11	19507230	19504284	0
11	19518596	19510889	0
11	1956449	1956541	74
11	197047	197296	0
11	198301	198463	3
11	1984983	1983236	7
11	198586	199368	0
11	198586	199943	0
11	199510	199943	0
11	1995942	1995175	4
11	1995999	1995175	2
11	1995999	1995429	4
11	1995999	1995619	1
11	1995999	1995630	1
11	1996192	1995175	0
11	1996192	1995438	2
11	1996192	1995875	1
11	1996281	1995875	0
11	1996422	1995875	0
11	1996572	1996286	0
11	1996741	1996286	0
11	1997218	1996286	0
11	1997461	1996286	3
11	1997815	1996286	2
11	1997876	1996286	2
11	1997876	1997075	2
11	19981338	19978698	0
11	2001265	1997007	0
11	2001471	1996286	0
11	20022903	20023089	0
11	20049304	20043845	0
11	20120633	20119683	2
11	20157240	20156154	0
11	20363799	20364236	10
11	20363913	20364236	10
11	20387775	20388018	0
11	204071	205344	47
11	205668	180208	0
11	205668	202925	25
11	205668	205102	26
11	205668	205168	25
11	206044	202923	32
11	206044	205073	6
11	206044	205610	3
11	20671298	20670424	0
11	207222	205951	5
11	207357	205951	4
11	207375	205951	4
11	207379	205435	5
11	207383	205951	4
11	207384	205951	4
11	207429	205951	3
11	209319	209406	12
11	209319	209478	24
11	210446	210570	0
11	210663	211198	19
11	211350	212415	16
11	212512	212596	14
11	212512	212614	14
11	212512	212836	29
11	21262571	21260060	0
11	212760	212836	71
11	212982	213298	55
11	2129965	2129120	0
11	2133666	2129111	0
11	2133666	2132499	0
11	2133666	2132537	0
11	2133666	2132672	0
11	2133666	2132715	0
11	2133675	2129111	0
11	2133675	2132639	0
11	2135530	2129111	0
11	2135530	2133516	0
11	2146528	2147317	0
11	2147808	2135366	0
11	2147808	2146622	0
11	2147808	2146625	0
11	2149346	2147565	0
11	2149604	2147565	0
11	2158337	2148933	0
11	2158659	2149125	0
11	2160972	2159851	0
11	2160989	2149125	0
11	2160989	2159778	0
11	2161159	2159782	0
11	2161205	2159778	0
11	2165366	2163928	0
11	2165764	2165231	1
11	2165764	2165293	1
11	2166059	2165667	0
11	2166059	2165671	0
11	2166059	2165678	0
11	2166550	2166001	0
11	2166550	2166006	0
11	2166769	2166479	0
11	2166775	2165852	0
11	2167033	2166632	0
11	2167277	2166632	0
11	2167486	2166479	0
11	2167486	2166632	0
11	2167486	2166886	0
11	2167517	2166886	0
11	2167934	2166886	0
11	2167934	2166893	0
11	219042	215457	2
11	219042	216144	2
11	219042	216178	2
11	219042	216205	2
11	219042	216390	3
11	219042	216524	2
11	219042	216610	1
11	22262257	22261208	7
11	22305808	22283729	0
11	22338225	22317751	0
11	22338225	22319819	0
11	22338246	22307236	0
11	22362295	22361212	0
11	224240	218777	2
11	224240	218831	2
11	224240	222378	2
11	22447377	22445687	0
11	22467946	22445687	0
11	2270953	2268494	0
11	22820337	22813798	5
11	22827321	22818928	0
11	22827321	22820191	0
11	22827321	22822746	0
11	22827321	22822866	1
11	22827875	22827206	0
11	22827875	22827244	0
11	22827878	22827206	0
11	22858027	22846930	0
11	22858153	22847378	0
11	2299708	2295644	0
11	2299708	2297172	0
11	2299708	2297823	0
11	2300614	2299427	0
11	2301873	2299424	0
11	2303050	2299427	0
11	230553	218831	2
11	230553	224077	1
11	230553	224166	1
11	230553	225672	1
11	230642	224221	1
11	230693	225761	0
11	2314572	2315245	0
11	2314572	2315868	0
11	2314572	2316228	0
11	2316313	2316575	0
11	2316313	2316631	0
11	2329775	2328748	0
11	233216	224089	0
11	233216	230451	3
11	233216	230602	3
11	233438	232982	7
11	233487	233208	7
11	2335020	2328748	0
11	233535	232982	7
11	233684	233191	6
11	23377645	23370115	0
11	2347686	2335134	0
11	236338	224065	0
11	236355	232982	7
11	2377990	2329562	0
11	2377993	2334910	0
11	23780873	23761329	0
11	23804599	23780787	0
11	2386157	2386554	7
11	2391483	2394094	20
11	2395047	2395415	1
11	2395521	2395868	7
11	2395971	2396627	9
11	2396715	2396803	3
11	2402148	2402293	16
11	2402653	2402844	55
11	2403150	2403516	53
11	2403150	2403556	50
11	2405594	2404514	0
11	2405594	2404902	0
11	2405594	2404908	0
11	2407913	2407118	0
11	2411527	2407758	0
11	24248930	24235476	0
11	24259563	24258191	0
11	24260014	24259398	0
11	24260014	24259435	0
11	244076	244160	23
11	244217	244425	35
11	248856	248931	78
11	24891929	24892228	0
11	250866	251545	27
11	250866	251819	34
11	250866	252504	27
11	251341	251545	34
11	251627	251819	30
11	251627	252504	27
11	251937	252504	25
11	251946	252504	26
11	252511	252515	29
11	252546	252546	74
11	26287550	26285710	0
11	26563266	26559032	3
11	26563266	26560304	5
11	26565897	26559032	2
11	26565897	26560761	3
11	26565897	26563115	0
11	26567095	26565164	0
11	26567140	26565164	0
11	26567140	26565171	0
11	26572122	26565164	11
11	26673530	26667018	0
11	26673530	26670812	0
11	26692602	26686476	0
11	26697253	26686476	0
11	26697253	26691657	0
11	26697253	26692484	0
11	26697253	26692488	0
11	26698536	26697163	0
11	26698536	26697187	0
11	26709380	26703792	0
11	26711359	26709059	0
11	26711359	26709311	0
11	27066663	27062982	0
11	27066663	27063019	0
11	27151153	27047185	0
11	27151153	27066491	0
11	27217481	27151049	0
11	27218736	27217316	0
11	27220087	27217316	0
11	27220103	27217151	0
11	27220114	27217316	0
11	27338236	27330826	1
11	27339036	27338097	1
11	27340838	27338513	0
11	27340838	27338880	0
11	27350425	27341391	0
11	27350440	27341391	0
11	27357542	27348868	0
11	27357542	27350331	0
11	27371699	27365960	0
11	27373677	27372282	0
11	27374001	27372999	0
11	27374047	27373550	0
11	27377224	27376298	0
11	27378769	27377157	1
11	27379184	27377157	0
11	27384408	27382187	0
11	27385469	27384335	0
11	27385533	27384267	0
11	27391166	27385252	0
11	27412861	27385245	0
11	27499569	27494575	24
11	27499569	27494897	24
11	27620876	27617992	0
11	27624146	27617625	0
11	27658463	27659170	14
11	27658927	27654892	6
11	27659659	27654892	14
11	27660273	27654892	15
11	27674343	27654892	0
11	27699668	27654892	0
11	27700489	27654892	0
11	27700489	27658819	1
11	27700901	27654892	0
11	27701054	27654892	0
11	27701054	27674059	1
11	27701634	27654892	0
11	27719748	27654892	0
11	27720724	27654892	0
11	27720780	27654892	0
11	27722059	27654892	0
11	27877649	27696311	0
11	27982358	27978668	0
11	28023851	28020619	1
11	28059162	28036216	1
11	28077170	28069258	2
11	28077170	28076481	4
11	28084809	28083168	0
11	28088581	28084273	0
11	28088722	28084631	0
11	28097888	28094642	1
11	28097994	28094642	0
11	28108146	28097331	0
11	28108309	28097622	0
11	28330761	28332182	12
11	2858940	2840134	0
11	2884135	2883212	0
11	2884135	2883217	0
11	2884135	2883239	11
11	2884135	2883631	0
11	2884702	2883674	2
11	288493	288618	0
11	2889431	2888094	0
11	2899791	2887779	0
11	2902710	2888096	0
11	290601	290657	15
11	290601	290677	15
11	290782	291001	27
11	291114	291975	13
11	2929421	2928416	10
11	2929456	2928272	16
11	292984	293067	5
11	292998	293162	12
11	293236	293365	22
11	293236	293669	29
11	293503	293593	37
11	29350350	29335897	0
11	29395453	29335877	0
11	2949265	2944436	29
11	2949265	2944437	29
11	2949265	2945062	31
11	2949265	2945434	31
11	2951316	2944430	22
11	2951316	2945111	25
11	2951316	2945330	29
11	2951316	2945596	30
11	29531371	29395362	0
11	2954411	2951779	45
11	2954647	2951779	47
11	2954647	2954300	47
11	2955767	2954303	0
11	2955767	2954487	1
11	2955767	2954526	2
11	2955767	2954561	1
11	2955791	2954526	1
11	2958545	2955743	7
11	2958935	2955743	9
11	29594296	29531287	0
11	2959910	2958398	7
11	2959910	2958483	9
11	2959910	2958490	9
11	2960132	2958398	6
11	2964713	2959769	2
11	2964719	2959769	2
11	2964752	2959769	2
11	2969905	2964679	0
11	2969935	2964679	0
11	2969935	2964724	0
11	2971535	2969802	0
11	2971535	2969864	0
11	2971535	2969915	0
11	2972244	2964679	0
11	2972244	2971447	0
11	2972244	2971449	0
11	2972244	2971463	0
11	2972244	2971528	0
11	2972280	2971447	0
11	2976124	2971447	1
11	2976124	2972101	3
11	2976124	2972148	3
11	2976124	2972180	4
11	2976124	2972194	4
11	2990993	2989128	7
11	2992103	2979206	4
11	2992259	2979206	5
11	2992259	2988076	7
11	2992259	2989128	5
11	2992260	2990908	6
11	2992263	2981701	2
11	2992289	2979206	5
11	2992301	2978283	0
11	2992301	2979206	5
11	2992378	2979206	4
11	2992378	2989128	8
11	299527	298199	0
11	30016360	30012938	0
11	30017024	30009740	0
11	3002054	3000921	39
11	3002054	3000928	39
11	3002054	3000929	39
11	3002175	3000929	32
11	3002601	3000928	34
11	3002601	3000929	34
11	30084344	30044057	0
11	3019268	3018619	3
11	3020333	3019138	2
11	3020333	3019189	1
11	3029085	3020219	1
11	3029085	3026675	10
11	3029444	3026675	8
11	3029444	3028995	0
11	3038200	3029083	0
11	3038200	3029302	0
11	3039293	3038049	0
11	3039293	3038130	0
11	3039932	3039193	0
11	3039932	3039214	0
11	3040089	3039193	0
11	3040582	3039834	1
11	3040985	3039834	2
11	3040985	3040447	6
11	3040985	3040523	3
11	3041032	3039834	4
11	30414342	30384492	0
11	30414342	30410070	0
11	30414342	30410869	0
11	30414342	30411121	0
11	30414342	30411180	0
11	3042257	3039834	4
11	3042257	3040895	4
11	3042257	3041013	2
11	3042331	3040895	4
11	30441404	30417517	0
11	30468996	30417517	0
11	30495522	30417517	0
11	30495522	30451653	0
11	30504834	30495295	0
11	30536066	30495136	0
11	30536085	30495295	0
11	30536176	30495295	0
11	30536176	30504735	0
11	3055040	3042164	2
11	3057368	3042164	4
11	3057381	3042164	4
11	3057417	3042164	4
11	3057419	3042164	4
11	3057430	3042164	5
11	3057438	3047752	1
11	3057442	3042164	5
11	3057614	3042164	6
11	30580495	30535993	0
11	30580495	30536058	0
11	30580497	30535993	0
11	30586282	30580245	0
11	30586873	30580245	0
11	30831370	30830368	0
11	3085444	3084392	2
11	30878712	30858939	0
11	30878712	30863602	0
11	30878712	30863603	0
11	30878712	30864941	0
11	30881309	30878543	0
11	30881309	30878583	0
11	3088344	3087378	14
11	3089949	3087115	8
11	3089949	3087120	8
11	3089949	3087579	12
11	3089949	3087905	8
11	3089949	3087915	8
11	3089949	3088000	8
11	3089949	3088177	8
11	30906706	30904960	0
11	30906726	30903490	0
11	30906726	30904960	0
11	30909105	30906314	0
11	30909117	30906539	0
11	30931953	30925308	0
11	3093664	3092866	6
11	3093836	3093384	10
11	3093836	3093526	10
11	30943675	30931770	0
11	30952569	30931770	0
11	30952569	30943201	0
11	31064627	30931770	0
11	31064627	30943581	0
11	3107946	3107262	1
11	31106961	31102176	0
11	31106961	31103643	0
11	31106961	31103647	0
11	31110362	31106796	0
11	31110362	31106893	0
11	311142	310138	3
11	3119632	3107770	1
11	3119988	3107789	1
11	3120625	3119546	13
11	31215264	31137691	0
11	3122099	3104192	1
11	3122099	3119546	1
11	3122099	3120420	5
11	3122099	3120543	5
11	3122099	3120607	4
11	3122429	3121803	3
11	3122429	3121996	3
11	3122429	3122025	3
11	3122429	3122066	3
11	31241617	31137691	0
11	31241617	31155902	0
11	3126556	3122347	0
11	3126556	3122353	1
11	3126556	3122378	1
11	31265601	31241449	0
11	31265601	31262623	0
11	3126595	3122347	1
11	3126609	3122347	1
11	3126645	3121805	3
11	31290853	31265506	0
11	3129170	3126472	0
11	3129170	3126482	0
11	3129330	3126472	0
11	31305778	31265506	0
11	31328281	31307638	0
11	31328287	31307638	0
11	31433571	31432400	2
11	31433571	31432401	2
11	31433571	31432430	2
11	31433571	31432492	2
11	31433756	31432401	2
11	31449092	31433459	2
11	31456339	31437075	5
11	31456387	31433459	2
11	31456387	31447982	0
11	31456387	31449029	0
11	31456387	31452197	0
11	31456387	31452544	0
11	31460715	31456259	0
11	31460715	31456292	0
11	31463306	31433459	3
11	31463306	31456312	0
11	31477760	31433459	2
11	31509564	31456259	0
11	31509575	31463171	0
11	31509579	31473723	0
11	31509593	31433459	1
11	31509593	31463171	0
11	31509593	31477500	0
11	31509595	31473723	0
11	31509596	31488196	0
11	31509604	31469757	0
11	31509606	31463171	0
11	31509609	31477114	0
11	31509623	31473723	0
11	31509633	31473723	0
11	31509646	31433459	0
11	3161394	3129012	0
11	31629107	31618123	0
11	31632372	31631354	0
11	31635641	31632265	0
11	3164424	3129012	0
11	31645757	31635542	0
11	31645757	31637327	0
11	31647850	31650114	0
11	3165274	3129012	0
11	3165301	3129012	0
11	3165301	3146179	0
11	3165337	3129012	0
11	3165353	3129012	0
11	3165355	3129012	0
11	3165771	3129012	0
11	3166740	3129012	0
11	31727896	31645665	0
11	31767383	31645665	0
11	31767383	31689181	1
11	31790861	31784778	0
11	31790861	31784781	0
11	31790861	31784791	0
11	31790861	31788907	0
11	31790861	31788910	0
11	31790861	31788911	0
11	31790861	31789025	0
11	31790861	31789193	0
11	31790861	31789194	0
11	31790861	31789201	0
11	31790861	31789829	0
11	31790861	31789912	0
11	31790861	31789933	0
11	31790861	31789935	0
11	31790861	31789937	0
11	31790861	31789940	0
11	31790861	31789945	0
11	31790861	31789946	0
11	31790861	31789948	0
11	31790861	31789950	0
11	31790861	31789951	0
11	31790861	31789956	0
11	31790861	31789961	0
11	31790861	31790005	0
11	31790861	31790013	0
11	31793554	31789025	0
11	31793554	31789516	0
11	31793554	31789917	0
11	31793554	31789945	0
11	31793554	31789946	0
11	31793554	31790709	0
11	31793554	31790717	0
11	31793554	31790726	0
11	31793554	31790737	0
11	31793554	31790761	0
11	31793554	31790762	0
11	31793554	31790768	0
11	31793554	31790773	0
11	31793554	31790789	0
11	31793554	31790790	0
11	31793554	31790822	0
11	31793803	31790709	0
11	31793803	31793172	0
11	31793803	31793208	0
11	31793803	31793218	0
11	31793803	31793223	0
11	31793803	31793246	0
11	31793803	31793272	1
11	31793803	31793437	0
11	31793803	31793448	0
11	31794789	31793437	0
11	31794789	31794031	0
11	31800652	31794629	0
11	31800668	31794629	0
11	31800857	31793651	0
11	31800857	31794629	0
11	31801777	31794629	0
11	31801777	31800690	0
11	31801777	31801229	0
11	31801913	31800690	0
11	31801913	31801229	0
11	31801913	31801463	0
11	31801913	31801560	0
11	31801913	31801577	0
11	31801913	31801668	0
11	31801913	31801726	0
11	31801913	31801741	0
11	31801913	31801761	0
11	31801993	31800690	0
11	31802015	31800690	0
11	31802835	31800690	0
11	31802835	31801229	0
11	31802835	31801560	0
11	31802835	31801668	0
11	31802835	31801870	0
11	31802947	31800690	0
11	31803246	31802703	0
11	31803472	31802703	0
11	31803621	31802703	0
11	31803674	31802703	0
11	31803674	31803397	0
11	31803727	31802703	0
11	31803961	31801560	0
11	31804007	31801229	0
11	31804047	31801870	0
11	31804176	31802703	0
11	31804238	31802703	0
11	31804256	31801560	0
11	31804259	31801870	0
11	31804268	31802703	0
11	31804416	31802703	0
11	31804461	31800690	0
11	31804620	31802703	0
11	31805468	31802703	0
11	31805796	31803583	0
11	31806014	31802703	0
11	31806412	31802703	0
11	31806457	31802703	0
11	31806463	31794629	0
11	31806463	31800690	0
11	31806463	31801560	0
11	31806463	31802703	0
11	31806463	31802739	0
11	31806463	31803583	0
11	31806630	31802703	0
11	31806885	31806401	0
11	31806917	31806401	0
11	31806926	31801560	0
11	31806926	31806343	0
11	31806926	31806401	0
11	31806926	31806430	0
11	31810125	31806848	0
11	31810306	31806848	0
11	31810668	31806848	0
11	31810925	31810342	0
11	31810992	31806848	0
11	31811016	31806848	0
11	31811058	31806848	0
11	31811069	31806848	0
11	31811115	31802703	0
11	31811119	31806848	0
11	31811122	31806848	0
11	31811135	31806848	0
11	31811145	31806848	0
11	31811232	31810827	0
11	31811252	31810870	0
11	31811271	31809304	0
11	31811309	31810827	0
11	31811311	31810827	0
11	31811323	31810827	0
11	31811329	31810827	0
11	31811332	31810827	0
11	31811342	31810827	0
11	31811678	31810827	0
11	31811690	31810827	0
11	31811953	31810827	0
11	31812184	31810827	0
11	31812278	31810900	0
11	31812343	31810827	0
11	31812746	31810827	0
11	31812824	31806848	0
11	31812830	31806848	0
11	31813132	31810827	0
11	31814977	31810827	0
11	31817911	31810827	0
11	31817938	31794629	0
11	31817939	31810827	0
11	31817949	31810827	0
11	31817962	31806848	0
11	31817962	31810827	0
11	31818063	31810827	0
11	31826434	31827488	0
11	31826571	31827387	0
11	31826571	31827410	0
11	31885375	31885540	0
11	320249	319745	2
11	32036997	32035980	0
11	32041249	32040105	0
11	32041319	32036655	0
11	32053261	32052842	0
11	320773	319772	26
11	32103159	32103280	13
11	32103203	32103280	12
11	32104689	32105286	173
11	32105092	32097142	8
11	321051	319668	3
11	322224	322379	0
11	32230362	32112048	0
11	32254396	32230119	0
11	322728	322185	0
11	3232387	3227697	0
11	32343410	32229719	0
11	32392065	32387774	2
11	32392065	32387777	2
11	32392065	32387783	2
11	32392065	32388678	2
11	32392065	32389041	2
11	32392065	32389057	2
11	32392756	32387774	1
11	32392756	32389057	2
11	32396408	32391971	2
11	32396408	32392665	2
11	32400045	32396256	2
11	32400045	32396365	4
11	32438591	32438871	2
11	32593950	32594913	229
11	32611266	32602245	0
11	32616130	32613421	0
11	32635831	32615869	0
11	32635831	32615939	0
11	32635833	32602724	0
11	32683575	32675885	0
11	32699326	32679860	0
11	32699326	32683535	0
11	327538	320564	0
11	32760259	32718075	0
11	327629	327729	0
11	32932375	32933091	72
11	33039793	33040129	1
11	33085290	33077187	2
11	33085774	33084583	3
11	33085774	33084594	3
11	33085774	33085031	5
11	33105694	33103106	0
11	33105918	33105566	0
11	33106065	33105882	3
11	33136213	33134412	3
11	33141763	33108385	3
11	33141763	33136111	10
11	33141987	33140965	13
11	33141987	33141607	58
11	33141987	33141666	51
11	33141987	33141707	40
11	33144974	33141884	1
11	33156804	33141884	1
11	33161370	33141884	2
11	33161422	33141884	2
11	33161466	33141884	2
11	33161492	33141464	1
11	33161532	33141884	0
11	3360789	3357927	78
11	3360789	3358765	72
11	3360789	3360038	37
11	3360789	3360384	16
11	3361890	3358993	34
11	3361890	3359116	34
11	3361890	3360282	19
11	3361890	3360315	21
11	3361890	3360319	22
11	3361890	3360343	26
11	3361890	3360349	26
11	3361890	3360415	24
11	3361890	3360719	20
11	3362033	3361742	28
11	3362074	3361742	31
11	3362603	3359996	24
11	3362603	3361742	13
11	3362603	3361808	17
11	3362603	3362017	15
11	3362721	3361742	17
11	3362832	3361742	18
11	33669646	33665219	30
11	33670980	33669523	52
11	3367120	3360452	38
11	3368856	3358102	14
11	3368856	3366945	14
11	3369503	3362545	15
11	3369503	3368791	11
11	33696702	33670914	6
11	33699621	33698456	8
11	33700802	33698260	12
11	33702738	33698261	8
11	33710284	33702691	64
11	33710344	33698260	13
11	33710344	33698354	19
11	33710344	33702667	62
11	3371071	3339260	2
11	3371071	3357926	24
11	3371071	3357927	23
11	3371071	3358944	23
11	3371071	3360410	20
11	3371071	3360477	18
11	3371071	3360719	15
11	3371071	3361742	13
11	3371071	3361782	18
11	3371071	3361975	19
11	3371071	3362532	12
11	3371071	3362545	13
11	3371071	3362567	14
11	3371071	3363317	12
11	3371071	3366843	12
11	3371071	3368820	11
11	3371071	3369240	5
11	3371071	3369356	5
11	3371072	3361975	19
11	3371148	3361742	13
11	33711506	33709555	6
11	33711506	33710098	1
11	3371704	3361742	15
11	3371704	3370942	0
11	3371704	3370974	0
11	3371704	3370979	0
11	33717472	33703009	9
11	33717472	33709634	8
11	33717472	33709797	6
11	33717472	33709825	6
11	33717472	33709905	2
11	33717472	33709928	2
11	33717472	33709995	2
11	33717472	33710004	2
11	33717472	33710152	2
11	33717472	33710205	1
11	33719612	33708869	9
11	33747321	33740938	4
11	33747321	33740945	4
11	33747321	33740955	4
11	33747321	33741441	10
11	33747321	33741738	14
11	33747321	33744684	10
11	33747321	33745936	18
11	33748813	33747129	0
11	33748893	33740964	7
11	33748893	33746742	2
11	33748893	33747129	1
11	33748893	33747241	2
11	33755976	33751522	1
11	33755976	33753110	1
11	33755976	33754454	1
11	33758602	33754454	3
11	33758602	33755770	0
11	33758602	33755952	3
11	33763287	33758486	0
11	33763287	33758502	0
11	33767636	33763205	0
11	33769015	33758486	0
11	33769015	33763205	0
11	33819905	33814876	0
11	33864818	33858575	0
11	33864930	33858575	0
11	33865152	33858575	0
11	33869537	33864601	0
11	33869587	33864601	0
11	33869817	33864601	0
11	33869988	33864763	0
11	33869988	33869345	0
11	33869988	33869544	0
11	33870313	33869345	0
11	33881888	33869709	0
11	3406611	3407621	0
11	3406716	3407621	0
11	3414005	3410351	0
11	34143500	34143500	1
11	34154379	34150987	26
11	34173308	34170905	0
11	34197539	34173154	0
11	34197539	34173173	0
11	34358009	34204543	0
11	3437865	3429757	0
11	34480968	34478792	0
11	34480968	34478794	0
11	34480968	34478795	0
11	34480968	34480196	0
11	34482500	34480771	0
11	34490060	34482429	0
11	34490060	34482430	0
11	34493713	34490008	0
11	34505754	34482430	0
11	34505754	34490008	0
11	34505754	34491596	0
11	34505754	34493478	0
11	34544869	34533013	0
11	3482976	3481519	0
11	34861037	34853093	0
11	34882817	34875166	0
11	34883505	34882294	8
11	34883505	34882369	4
11	34883505	34882675	12
11	3500622	3447172	0
11	3508397	3500465	0
11	35136627	35132654	1
11	35137727	35136233	1
11	35138033	35136345	1
11	3515199	3507979	0
11	35214986	35210342	28
11	35260966	35251241	0
11	35260966	35254695	0
11	35261741	35256951	0
11	35261741	35260808	0
11	35261863	35256952	0
11	35261863	35260800	0
11	35264144	35261669	0
11	35265746	35254420	0
11	35265759	35251204	0
11	35265759	35256951	0
11	35265759	35258969	0
11	35265759	35258970	0
11	35265759	35258971	0
11	35265759	35259074	0
11	35265759	35259349	0
11	35265759	35259363	0
11	35265759	35259539	0
11	35265759	35259836	0
11	35265759	35260238	0
11	35265759	35260685	0
11	35265759	35260809	0
11	35265759	35260843	0
11	35265759	35260856	0
11	35265759	35261669	0
11	35265759	35261814	0
11	35281002	35264829	0
11	35281002	35264968	0
11	35281002	35265033	0
11	35281002	35265103	0
11	35281002	35265120	0
11	35281002	35265442	0
11	35281002	35265526	0
11	35286919	35265526	0
11	35286952	35265486	0
11	35286952	35280368	0
11	35286952	35280866	0
11	35292521	35286050	0
11	35292521	35286756	0
11	35292521	35286815	0
11	35292521	35286817	0
11	35292521	35286850	0
11	35301642	35292286	0
11	35301646	35286286	0
11	35301646	35286756	0
11	35301646	35286815	0
11	35301646	35291391	0
11	35301646	35292207	0
11	35301646	35292286	0
11	35301646	35297744	0
11	35301646	35299377	0
11	35306243	35286756	0
11	35306243	35286815	0
11	35306243	35292286	0
11	35312449	35306073	0
11	35315176	35312138	0
11	35315176	35312197	0
11	35317382	35315022	0
11	35317384	35315022	0
11	35317517	35315022	0
11	35322680	35317376	0
11	35322680	35317503	0
11	35352361	35317376	0
11	35360051	35317376	0
11	35360089	35317376	0
11	35360129	35317376	0
11	35360147	35317376	0
11	35371097	35317376	0
11	35380542	35317376	0
11	35391609	35317503	0
11	35392361	35390680	0
11	35399682	35317376	0
11	35404491	35317376	0
11	35413797	35317376	0
11	35418410	35317376	0
11	35418642	35317376	0
11	35418967	35317376	0
11	35419008	35317376	0
11	35419008	35322764	0
11	35419042	35380358	0
11	35419099	35317376	0
11	35419110	35380380	0
11	35419214	35317376	0
11	35419287	35322560	0
11	35419356	35317376	0
11	35419463	35317376	0
11	35419547	35317376	0
11	35419554	35317376	0
11	35419555	35317376	0
11	35419559	35317376	0
11	35419594	35317376	0
11	35419956	35322560	0
11	35419966	35391539	0
11	35419986	35322560	0
11	35420025	35314989	0
11	35420025	35317376	0
11	35420058	35317376	0
11	35420059	35317376	0
11	35420064	35370940	0
11	35434805	35431822	0
11	35434805	35431830	0
11	35434805	35431832	0
11	35434805	35432112	0
11	35434805	35432424	0
11	35436136	35434511	0
11	35436226	35434567	0
11	35441694	35439626	0
11	35441694	35441480	0
11	35451939	35441480	0
11	35453434	35451887	0
11	35468109	35441480	0
11	35468109	35441516	0
11	35468109	35441647	0
11	35468109	35451887	0
11	35580183	35579429	0
11	35620062	35620375	144
11	3571988	3515090	0
11	3581212	3508212	0
11	35918115	35915050	0
11	35918719	35918010	0
11	35918740	35917666	0
11	36273360	36269283	1
11	36274421	36273959	40
11	36274684	36274355	35
11	36276241	36272291	4
11	36276241	36274222	3
11	36276241	36274324	3
11	36276417	36274472	2
11	36277124	36276136	4
11	36278617	36276136	1
11	36278617	36276466	2
11	36278617	36277088	0
11	36280838	36278200	1
11	36280838	36278476	1
11	36289450	36278476	0
11	36323441	36321157	0
11	3639036	3638502	0
11	3639036	3638511	0
11	3639036	3638513	0
11	3639036	3638764	0
11	3639796	3639010	0
11	3640298	3639002	0
11	3640372	3639002	0
11	36426123	36425446	0
11	36492629	36487026	14
11	36492629	36489172	11
11	36492629	36490376	7
11	36594756	36593716	0
11	36595002	36593956	0
11	36595196	36591944	0
11	36595196	36594165	0
11	36598233	36575573	0
11	36598234	36594594	0
11	36598234	36594862	0
11	36598237	36591942	0
11	36598237	36594806	0
11	36598280	36594740	0
11	36598280	36594806	0
11	3667765	3665586	6
11	3667765	3666035	10
11	3669351	3667231	4
11	3669875	3669195	7
11	3669888	3668499	8
11	3669942	3669195	8
11	3671368	3669195	5
11	3671368	3669733	6
11	3671385	3669795	6
11	3676621	3671082	4
11	3676621	3675009	63
11	3676621	3675010	63
11	3676621	3675030	66
11	3676621	3675798	90
11	3676621	3675877	72
11	3676621	3676016	14
11	3676711	3676268	5
11	3679688	3676508	4
11	3679709	3676508	4
11	3679769	3676508	3
11	3683442	3679553	3
11	3683442	3679637	3
11	3693376	3691346	0
11	3695559	3693231	0
11	3695566	3693056	0
11	3695607	3693231	0
11	3696801	3695448	1
11	3697261	3695470	4
11	3699349	3695448	1
11	3699349	3695518	1
11	3699349	3696684	1
11	3700815	3699008	11
11	3700840	3699081	2
11	3702652	3699081	1
11	3712729	3706444	1
11	3713996	3711552	0
11	3713996	3711834	0
11	3713996	3712563	0
11	3719551	3713817	1
11	3720826	3719411	0
11	3721040	3719487	0
11	3725220	3723156	0
11	3731579	3725102	0
11	3735325	3731389	0
11	3735325	3731390	0
11	3735325	3731482	0
11	375774	375846	31
11	3760595	3753315	2
11	3760627	3753315	0
11	3762934	3760538	0
11	3762961	3760140	0
11	3763040	3753315	0
11	3763040	3760387	0
11	3763040	3760487	0
11	3763040	3760538	0
11	3776022	3773631	0
11	3779050	3775881	0
11	3779050	3775893	0
11	3782146	3779155	0
11	3823741	3823882	6
11	3824136	3824269	6
11	3824365	3824735	7
11	3824377	3824795	7
11	3830652	3827444	2
11	3837868	3826981	2
11	3840843	3827415	1
11	3840984	3826977	2
11	3855510	3854317	0
11	38619871	38618263	0
11	38619871	38618328	0
11	39120684	39024630	0
11	39161639	39120588	0
11	394335	394508	67
11	396688	396813	56
11	3974238	3972880	0
11	40140854	40114204	0
11	40140854	40114240	0
11	40140854	40114292	0
11	40140854	40116169	0
11	40294115	40114202	0
11	404324	404533	2
11	40513270	40444370	0
11	406371	405715	3
11	40648279	40319627	0
11	406539	405715	6
11	406539	405727	6
11	406994	405871	13
11	406994	406348	16
11	407136	406348	16
11	407165	405715	2
11	407165	406842	14
11	407165	406875	15
11	407192	406842	14
11	407196	406426	15
11	407535	406348	13
11	407569	407061	0
11	407569	407062	0
11	407569	407122	0
11	407847	407232	0
11	407958	407314	0
11	407958	407424	0
11	407958	407451	0
11	407958	407526	0
11	408207	407424	0
11	408207	407816	1
11	408207	407851	1
11	408207	407888	1
11	408207	407896	1
11	408894	407816	2
11	408894	408072	0
11	409102	408072	0
11	409309	408762	0
11	40933724	40648141	0
11	40933724	40648223	0
11	409978	408694	0
11	410015	408694	0
11	410017	408694	0
11	410028	407816	0
11	410028	408072	0
11	410028	408694	0
11	410028	408893	0
11	410028	409216	0
11	41223009	40933634	0
11	4138258	4137115	0
11	41459586	40933634	0
11	41459637	41222796	0
11	41459774	40648141	0
11	414924	408072	0
11	414932	408072	0
11	414949	409867	0
11	414958	409867	0
11	414977	409867	0
11	414985	409867	0
11	414990	409465	0
11	414990	409867	0
11	414997	409867	0
11	415000	408694	0
11	415005	409859	0
11	4151105	4146111	0
11	41528210	41518894	0
11	41589646	41528139	0
11	41589646	41586734	0
11	41712409	41589418	0
11	41712454	41620347	0
11	417326	409867	0
11	417398	409867	0
11	417456	409867	0
11	418814	417934	1
11	418814	417937	1
11	418814	418191	0
11	418814	418262	0
11	418814	418540	0
11	418990	417932	1
11	42068866	41993384	0
11	42070648	42068574	0
11	42070648	42068747	0
11	421043	419581	0
11	421043	420717	0
11	421199	420944	0
11	421287	420928	0
11	42187779	42183296	0
11	42202505	42183291	0
11	42238160	42188545	0
11	42238160	42202333	0
11	42238160	42214794	0
11	429653	428721	0
11	429759	428721	0
11	429819	429569	0
11	429867	429473	0
11	430114	429542	0
11	430180	428721	0
11	430404	429569	0
11	43065933	43063636	0
11	43121401	43120761	0
11	43269370	43261503	0
11	43269394	43121184	0
11	43332087	43328747	11
11	43359297	43335258	0
11	43385672	43378881	0
11	43405630	43405785	4
11	43644456	43645208	7
11	43673013	43673095	0
11	43833918	43829708	2
11	43833943	43833054	4
11	43848517	43833171	4
11	43856405	43855912	144
11	4385854	4384896	6
11	4386189	4385677	1
11	4386258	4384901	1
11	43878074	43874558	0
11	43878077	43848424	10
11	43912485	43909291	0
11	43916922	43912262	0
11	43919663	43912261	0
11	43919663	43912315	0
11	43919663	43916668	1
11	43920465	43919585	3
11	43920895	43912446	0
11	43947207	43943786	0
11	44077377	44077844	11
11	44077923	44078683	13
11	44078785	44079530	12
11	44081066	44081178	2
11	441958	434023	0
11	441997	434023	0
11	442012	434023	0
11	44267623	44260439	0
11	44540694	44539777	0
11	44605183	44605354	0
11	44605338	44604507	0
11	44606769	44606169	0
11	44696302	44694862	0
11	44736290	44719391	0
11	44901319	44885902	0
11	44935663	44932347	0
11	44935663	44932355	1
11	44935663	44933035	1
11	44935663	44933482	3
11	44935663	44934979	0
11	44936057	44934947	1
11	44936690	44935619	0
11	44936900	44903779	0
11	44936900	44935560	0
11	44936900	44935577	0
11	44936900	44936217	0
11	44936900	44936558	0
11	44937251	44936455	0
11	44937353	44935567	0
11	44937353	44936802	0
11	44937353	44936803	0
11	44937353	44936842	0
11	44937353	44936849	0
11	44937353	44936856	0
11	44937353	44936879	0
11	44937353	44936882	0
11	44937614	44936667	0
11	44937614	44937108	0
11	44937614	44937303	0
11	44937614	44937320	0
11	44938336	44937303	0
11	44938367	44937303	0
11	44938367	44937554	0
11	44938418	44937554	0
11	45235293	45215814	0
11	45246513	45240300	0
11	45246513	45243700	0
11	45252723	45246382	0
11	45254277	45254373	0
11	45254405	45252420	0
11	45254405	45252588	0
11	45255892	45254269	0
11	45489983	45387214	0
11	45531618	45489688	0
11	45531618	45489698	0
11	45532881	45531215	0
11	45532881	45531524	0
11	45533126	45531319	0
11	45533126	45531524	0
11	45649635	45648878	41
11	45652091	45648876	18
11	45652607	45651232	9
11	45652607	45651992	2
11	45665595	45652520	9
11	45665623	45652520	9
11	4572295	4571422	0
11	45723573	45724161	0
11	45735767	45733993	0
11	45751574	45751105	0
11	45751872	45750822	0
11	45804421	45805809	3
11	45804518	45805809	6
11	45805317	45805809	33
11	45906462	45905940	15
11	45906943	45906533	5
11	45907283	45906868	13
11	45910963	45909668	10
11	45910963	45910169	11
11	45910963	45910173	11
11	45910963	45910204	10
11	45913939	45910897	18
11	45914204	45913818	26
11	45914204	45913844	24
11	45914469	45914122	16
11	45914469	45914130	16
11	45914685	45914263	12
11	45914685	45914315	12
11	45915544	45914603	5
11	45915569	45914603	4
11	45915837	45915467	10
11	45915837	45915468	10
11	45915837	45915495	10
11	45916304	45915702	8
11	45917494	45914603	10
11	45917494	45915467	5
11	45922965	45923057	0
11	45924678	45924784	0
11	45926152	45926221	2
11	45935158	45933830	1
11	45935247	45933346	4
11	45935740	45932565	1
11	45935740	45933480	1
11	45935740	45933984	2
11	45935740	45935120	3
11	45936508	45935635	1
11	45936570	45929322	6
11	45936570	45935635	1
11	45936838	45935693	1
11	4593760	4593889	0
11	45938265	45936493	1
11	45938313	45936493	1
11	4593898	4593981	0
11	45945870	45936493	4
11	45946004	45938156	3
11	45946099	45938156	3
11	45946099	45938218	4
11	45948947	45938156	2
11	45971368	45965314	1
11	45971368	45969814	1
11	45971370	45965314	1
11	45979967	45971115	0
11	45979967	45971138	1
11	45979967	45971277	1
11	45979967	45971346	1
11	45979967	45971347	1
11	4601128	4598671	6
11	4601128	4598779	8
11	4601128	4600638	3
11	4601566	4600799	4
11	4601687	4601026	1
11	4602407	4601663	1
11	4602413	4601640	1
11	4602413	4601663	1
11	46027079	45979759	0
11	460289	460760	11
11	4603341	4601663	1
11	4603341	4601671	1
11	4603341	4602151	1
11	46049498	45979759	0
11	4605562	4602151	0
11	4605562	4602243	0
11	46076820	45979759	0
11	46076820	45979815	0
11	46076820	45979862	0
11	46076820	46049399	0
11	46076841	45979759	0
11	46079167	45979759	0
11	46079167	46076753	0
11	46083612	46079133	0
11	46084303	46079133	0
11	46084303	46079140	0
11	46084303	46083554	0
11	46090582	46084165	0
11	46092206	46084165	0
11	46092224	46084165	0
11	46092224	46084185	0
11	46092224	46084192	0
11	46092224	46090454	0
11	46092224	46090506	0
11	46118115	46092182	0
11	46118146	46092182	0
11	46118801	46092182	0
11	46120964	46092182	0
11	46121011	46092182	0
11	46121048	46092182	0
11	46121059	46120388	0
11	46121105	46084165	0
11	46121179	46092182	0
11	46215892	46213823	0
11	46215892	46213827	0
11	46215892	46214099	0
11	46274548	46256354	0
11	46367748	46368001	9
11	46367748	46368004	9
11	46368080	46369363	30
11	46368080	46369493	33
11	46368080	46369940	30
11	46369551	46369940	26
11	46372511	46372616	14
11	46372678	46372770	16
11	46374667	46374765	1
11	46376565	46377072	8
11	46377213	46378197	104
11	46378230	46378456	24
11	46378501	46378893	114
11	46378501	46378990	119
11	46379237	46379453	92
11	46379237	46379468	90
11	46381759	46382056	1
11	46381886	46382056	1
11	463900	462929	1
11	46408707	46396413	0
11	46408707	46396414	0
11	46408707	46397383	3
11	46408707	46397449	2
11	46433629	46417912	1
11	46435038	46433473	0
11	46443599	46434848	0
11	46493709	46443487	0
11	46493709	46490997	0
11	46493894	46443487	0
11	46508371	46494123	0
11	46508371	46504478	0
11	46512814	46494123	0
11	4652657	4653326	0
11	46542982	46494123	0
11	46543399	46494123	0
11	46545777	46543974	0
11	46547297	46545603	0
11	46547421	46546070	0
11	46547876	46545700	0
11	46548455	46547816	0
11	46548501	46547816	0
11	46549052	46548308	1
11	46591365	46548245	0
11	46591424	46548245	0
11	46593949	46548245	0
11	46593999	46548245	0
11	46594022	46548245	0
11	46594046	46548245	0
11	46594126	46549019	0
11	46616382	46602860	0
11	46616850	46616011	2
11	46617228	46615567	0
11	46617910	46616109	0
11	46657192	46657523	1
11	46668577	46668793	3
11	46668691	46668793	3
11	46673243	46674324	65
11	46679469	46677079	81
11	46679469	46678722	90
11	46679469	46679216	10
11	46681110	46680639	3
11	46681380	46681010	2
11	46681380	46681068	2
11	46681517	46681010	8
11	46688261	46681292	9
11	46688261	46682050	15
11	46695756	46686746	2
11	46695756	46687690	3
11	46695756	46688172	2
11	46696100	46695659	1
11	46696157	46695082	1
11	46696157	46695659	1
11	46702766	46702983	5
11	46723286	46723381	0
11	46744578	46743047	11
11	46744578	46743535	11
11	46744578	46743539	12
11	46744578	46744016	11
11	46750434	46744164	7
11	46750434	46744425	2
11	46753498	46752634	18
11	46754984	46753453	17
11	46755068	46753309	15
11	46755068	46753488	12
11	46759044	46753309	5
11	46759044	46754887	7
11	46762763	46761999	10
11	46763180	46762626	6
11	46763631	46762975	7
11	46763631	46763145	11
11	46783369	46780427	1
11	46784674	46783273	0
11	46784675	46783189	2
11	46797970	46796811	0
11	46798173	46797804	0
11	46798173	46797843	0
11	46816405	46811006	0
11	46818504	46816197	0
11	46818504	46816202	0
11	46821258	46818309	0
11	46821269	46818309	0
11	46826854	46821174	0
11	46846230	46821174	0
11	46846297	46820627	0
11	46846309	46821174	0
11	4685093	4680170	0
11	4685857	4682460	0
11	46862748	46856867	1
11	46862934	46856869	3
11	46871634	46868987	0
11	46873235	46871524	0
11	46873594	46873099	0
11	46873755	46873099	0
11	46875104	46873374	1
11	46883977	46881701	0
11	46886173	46883870	1
11	46886173	46883923	1
11	46899504	46898903	0
11	46899977	46899386	0
11	4697832	4690422	0
11	4697843	4680170	0
11	4697855	4685777	0
11	47130802	47123103	3
11	47161191	47161445	13
11	47161191	47161463	13
11	47166387	47164298	10
11	47166387	47164300	10
11	47166387	47165214	15
11	47166387	47165280	19
11	47166600	47166267	14
11	47166887	47166505	17
11	47166887	47166584	16
11	47168044	47166759	5
11	47168044	47166860	4
11	47168252	47166759	17
11	47168252	47167908	44
11	47168252	47167975	65
11	47168504	47167973	42
11	47169564	47168280	32
11	47171558	47168122	46
11	47171558	47168123	47
11	47171558	47168127	50
11	47171801	47171425	10
11	47172187	47171524	16
11	47172334	47171663	14
11	47172334	47171711	14
11	47172334	47171758	14
11	47172752	47172280	32
11	47173483	47172025	27
11	47173483	47172280	38
11	47173483	47172311	41
11	47173483	47172709	37
11	47173841	47173425	40
11	47173883	47173097	29
11	47173883	47173425	31
11	47173883	47173461	31
11	47173916	47173425	25
11	47175099	47172280	21
11	47175099	47173425	25
11	47175099	47173433	27
11	47175099	47173758	32
11	47175099	47173780	32
11	47175099	47173855	27
11	47175314	47172280	25
11	47175314	47173758	25
11	47175314	47175014	22
11	47175314	47175025	22
11	47175414	47175060	13
11	47175924	47171663	25
11	47175924	47172280	5
11	47175924	47175153	10
11	47175924	47175181	9
11	47176635	47167908	21
11	47176635	47171663	6
11	47176635	47171778	16
11	47176635	47172280	15
11	47176635	47174406	5
11	47176635	47175181	4
11	47176635	47175850	1
11	47176635	47175871	1
11	47176785	47175850	1
11	47176788	47175850	1
11	47176847	47175850	1
11	47176848	47176515	0
11	47176852	47176515	0
11	47176854	47176515	0
11	47176860	47176515	0
11	47176868	47176515	0
11	47176869	47176515	0
11	47176871	47176515	0
11	47176880	47176213	1
11	47176880	47176515	0
11	47176881	47176515	0
11	47176883	47176515	0
11	47177083	47176515	37
11	47177126	47176515	20
11	47178488	47177524	12
11	47178488	47177539	12
11	47178488	47177556	12
11	47178488	47177988	4
11	47179031	47177807	4
11	47179280	47178365	3
11	47179280	47178893	1
11	47179587	47178893	2
11	47179587	47179154	2
11	47179587	47179158	2
11	47179587	47179253	3
11	47180342	47179410	2
11	47180342	47179421	2
11	47180691	47180185	9
11	47182560	47180454	13
11	47182560	47180456	13
11	47182560	47180475	15
11	47182765	47182402	17
11	47182765	47182405	17
11	47182810	47182402	18
11	47183066	47182402	13
11	47183070	47182402	13
11	47215264	47216193	13
11	47215264	47216335	14
11	47215273	47216335	14
11	47221752	47220217	1
11	47234935	47235269	30
11	47242899	47239301	3
11	47242899	47239492	6
11	47242899	47239554	8
11	47242899	47239822	7
11	47242899	47239884	7
11	47242899	47240051	6
11	47242899	47240085	6
11	47243125	47242722	6
11	47243125	47242839	8
11	47243125	47242845	8
11	47243322	47243017	2
11	47244868	47243238	1
11	47244961	47243238	1
11	47245379	47243238	2
11	47245395	47239308	8
11	47245395	47244734	17
11	47245423	47244734	16
11	47245428	47244734	17
11	47245573	47245304	9
11	47245577	47245304	9
11	47245835	47244734	10
11	47245835	47244898	14
11	47245835	47245304	11
11	47245835	47245473	10
11	47247728	47245518	3
11	47247728	47245681	2
11	47248134	47245681	4
11	47248134	47247392	4
11	47248134	47247640	5
11	47248817	47247640	3
11	47248820	47247640	3
11	47258130	47259100	1
11	47258130	47259179	1
11	47258166	47259179	1
11	47258166	47259184	1
11	47259607	47259790	4
11	47261450	47261546	12
11	47261450	47261918	14
11	47261727	47261918	5
11	47268027	47268260	2
11	47271142	47270656	5
11	47271142	47270665	5
11	47331882	47331396	0
11	47331882	47331405	0
11	47336012	47335041	0
11	47336012	47335577	0
11	47359007	47354859	0
11	47359007	47354912	0
11	47360041	47358180	0
11	47360041	47358843	0
11	47378524	47355100	0
11	47395578	47383248	1
11	47395641	47383147	1
11	47405548	47383543	0
11	47405548	47395489	0
11	47412040	47412345	50
11	47413687	47414424	194
11	47414476	47414776	58
11	47414476	47415059	58
11	47414906	47415059	114
11	47414910	47415038	95
11	47414910	47415059	113
11	47414910	47415287	120
11	47415160	47415287	161
11	47415497	47416324	236
11	47419198	47418768	6
11	47419198	47418801	7
11	47420410	47419115	6
11	47420728	47420263	7
11	47420728	47420338	6
11	47422723	47420630	10
11	47422974	47422573	6
11	47424184	47422829	9
11	47424184	47422932	9
11	47424492	47422829	13
11	47424492	47424045	19
11	47424492	47424107	18
11	47424492	47424108	17
11	47424712	47424045	14
11	47424712	47424363	13
11	47424712	47424428	10
11	47425247	47424422	1
11	47425247	47424606	1
11	47425947	47425120	6
11	47425951	47424606	4
11	47425951	47425120	7
11	47426199	47425866	1
11	47426217	47425866	2
11	47426226	47425866	2
11	47426236	47425866	2
11	47426252	47425866	2
11	47426256	47425438	6
11	47426256	47425866	2
11	47426259	47425866	2
11	47426260	47425866	2
11	47426267	47425866	2
11	47426438	47425866	5
11	47426443	47425866	5
11	47426474	47425866	5
11	47438932	47437756	0
11	47438932	47437763	0
11	47438932	47437764	0
11	47441213	47438731	0
11	47441732	47437763	0
11	47441922	47438484	0
11	47441922	47438731	0
11	47472103	47470293	140
11	47472357	47470328	134
11	47472358	47465932	192
11	47472358	47465943	189
11	47472358	47468283	209
11	47472358	47468392	194
11	47472358	47468813	184
11	47472358	47470315	135
11	47472358	47470317	135
11	47472358	47471997	140
11	47473232	47472190	7
11	47473232	47472330	6
11	47475458	47473087	11
11	47475522	47473087	7
11	47476957	47475335	9
11	47476960	47475335	9
11	47476960	47475455	15
11	47477061	47475335	10
11	47477426	47475335	14
11	47477426	47476845	13
11	47477684	47476845	17
11	47478941	47477296	32
11	47478953	47477295	35
11	47478953	47477296	35
11	47482857	47477296	18
11	47482857	47478876	16
11	47483511	47482441	0
11	47483533	47482694	2
11	47484524	47482694	1
11	47486799	47483452	0
11	47486799	47484388	0
11	47486800	47484388	0
11	47487242	47486749	1
11	47487242	47486773	1
11	47489015	47487158	0
11	47489025	47487158	0
11	47489025	47487183	0
11	47489025	47487191	0
11	47489026	47487158	0
11	47494444	47488971	6
11	47494522	47488836	4
11	47499605	47488836	2
11	47499605	47488982	3
11	47499764	47488836	2
11	47500933	47488836	4
11	47506898	47488836	0
11	47514890	47513604	0
11	47523538	47500860	0
11	47523648	47500860	0
11	47523989	47500860	0
11	47524675	47506857	0
11	47524782	47500860	0
11	47553118	47488836	0
11	47553118	47500860	0
11	47564470	47488836	0
11	47565521	47506857	0
11	47565570	47488844	0
11	47565797	47565905	15
11	47575700	47572196	21
11	47575700	47572197	21
11	47575700	47572226	21
11	47578025	47575592	16
11	47578029	47575565	17
11	47578029	47575592	16
11	47578078	47575631	22
11	47578769	47577410	22
11	47578769	47577516	20
11	47578790	47575592	13
11	47578940	47577403	20
11	47578948	47577522	22
11	47578957	47577410	22
11	47578970	47577410	22
11	47578974	47577410	22
11	47578977	47577553	24
11	47579016	47577410	19
11	47579159	47579268	26
11	47580604	47580834	62
11	47580623	47580834	64
11	47580985	47581175	25
11	47590811	47589821	0
11	47594660	47589663	0
11	47622777	47617315	3
11	47622777	47618703	10
11	47622777	47618838	10
11	47625742	47622700	4
11	47625742	47622710	4
11	47631712	47631035	2
11	47634735	47617314	0
11	47634735	47631653	5
11	47635572	47631035	2
11	47663113	47659590	0
11	47663113	47659592	0
11	47667064	47663025	0
11	47667697	47666614	0
11	47667697	47666955	0
11	47668908	47667570	0
11	47668914	47667570	0
11	47677402	47667570	0
11	47677402	47668840	0
11	47680074	47668840	0
11	47690859	47685892	0
11	47692257	47690075	0
11	47692257	47690545	0
11	47699554	47692102	0
11	47699554	47692165	0
11	47704729	47699445	0
11	47704729	47699520	0
11	47705635	47704542	0
11	47705918	47704542	0
11	47705918	47705520	2
11	47710313	47705863	0
11	47710460	47705099	0
11	47710512	47704542	0
11	47710512	47705863	0
11	47710903	47710376	0
11	47714147	47710383	0
11	47714348	47710376	0
11	47714348	47710697	0
11	47714348	47714074	0
11	47714428	47710376	0
11	47714651	47714283	0
11	47714710	47714283	0
11	47714751	47714283	1
11	47714888	47714312	1
11	47715353	47714283	1
11	47715370	47714283	1
11	47720087	47716516	15
11	47720087	47717226	10
11	47723317	47719928	12
11	47724173	47719928	14
11	47724173	47722975	10
11	47724173	47722981	15
11	47724552	47724027	17
11	47724779	47724027	40
11	47724901	47724027	123
11	47725837	47724471	106
11	47726905	47724027	80
11	47731562	47724467	97
11	47731562	47724503	125
11	47731562	47725736	94
11	47731563	47729967	97
11	47732183	47731283	122
11	47732259	47731373	120
11	47732398	47731832	117
11	47732671	47731373	91
11	47732671	47731832	91
11	47734130	47731839	2
11	47734130	47732481	2
11	47734130	47732536	2
11	47734136	47732536	2
11	47744016	47736615	1
11	47744144	47736615	1
11	47744164	47736615	1
11	47746200	47743816	9
11	47746395	47743952	1
11	47753103	47751142	5
11	47754617	47752719	2
11	47754665	47752915	2
11	47754665	47753037	4
11	47765363	47752986	0
11	47780448	47778086	6
11	47785064	47778236	6
11	47785064	47783072	11
11	47786555	47784663	12
11	47786555	47784921	8
11	47792947	47791929	12
11	47797885	47792011	5
11	47797885	47792785	0
11	47803537	47801810	0
11	47804619	47803436	1
11	47804619	47803437	1
11	47806241	47804353	11
11	47806313	47804548	18
11	47806516	47804548	15
11	47808530	47807069	16
11	47812225	47808395	5
11	47812430	47808482	2
11	47815650	47813315	0
11	47816021	47815090	0
11	47816030	47815478	0
11	47821822	47819373	3
11	47822165	47821723	1
11	47822168	47821375	1
11	47840066	47837544	1
11	47840589	47839842	14
11	47847960	47837544	1
11	47847960	47839500	0
11	47847960	47839945	1
11	47847960	47840377	2
11	4795285	4793777	0
11	48015856	48014405	0
11	48149487	48149490	1
11	48352448	48345350	0
11	4863653	4859616	0
11	48882417	48881722	0
11	48885468	48882157	0
11	48901264	48897833	0
11	48977183	48975323	0
11	48977183	48975497	0
11	48987554	48985867	0
11	49011872	49010178	0
11	49012165	49009958	0
11	49015895	49014949	0
11	49018590	49015483	0
11	49055408	49053713	0
11	490643	491120	106
11	49119007	49117009	0
11	49148732	49146634	0
11	49148732	49146635	0
11	49153928	49146635	0
11	49153928	49146750	0
11	49154493	49153845	0
11	49156754	49154031	0
11	49156808	49154227	0
11	49164773	49157951	0
11	49164773	49162802	0
11	49185856	49183148	0
11	49186097	49183148	0
11	49186769	49185593	0
11	49186770	49183148	0
11	49186770	49185668	0
11	49192895	49186643	0
11	4919351	4912587	0
11	49200442	49192753	0
11	49200442	49192791	0
11	49200442	49192792	0
11	49206173	49192792	0
11	49206173	49200254	0
11	49206173	49200300	0
11	49206173	49200372	0
11	49415790	49405090	0
11	4947606	4942830	0
11	495054	494511	28
11	495054	494512	28
11	495054	494514	28
11	495054	494515	28
11	495054	494522	40
11	495054	494545	34
11	495054	494547	34
11	495054	494551	34
11	495054	494560	28
11	498142	494543	24
11	498142	494882	25
11	498142	495007	26
11	49825717	49824838	0
11	49834808	49833139	0
11	49845648	49843487	0
11	49854774	49854079	0
11	49874068	49871825	0
11	498930	498456	23
11	498934	498456	21
11	499186	498762	23
11	499186	498787	37
11	499924	499014	58
11	500000	498762	41
11	500000	499014	50
11	500000	499030	48
11	500000	499046	46
11	500000	499061	49
11	500000	499500	50
11	5003801	5005229	0
11	500655	498456	26
11	500655	499014	23
11	500655	499399	25
11	500655	499676	33
11	500655	499828	23
11	500739	499828	26
11	50101434	50100891	0
11	502182	500483	16
11	502182	500541	17
11	502216	500483	16
11	502250	499828	14
11	502250	499896	14
11	502250	500483	16
11	502250	500634	15
11	50247234	50246553	1
11	50285001	50279827	11
11	50287779	50284948	19
11	50293635	50287660	12
11	503571	500483	26
11	504553	502061	28
11	504889	502061	23
11	504997	500483	33
11	504997	502061	24
11	504997	502136	33
11	504997	502213	33
11	505882	502061	19
11	506786	502061	23
11	506797	502061	21
11	506822	502061	15
11	507213	502061	26
11	507228	502061	25
11	507254	502061	24
11	507258	502061	24
11	507260	502061	24
11	507265	502061	25
11	507301	502061	26
11	5107531	5106061	0
11	5122779	5121154	0
11	5124514	5121154	0
11	5138252	5128775	0
11	5138357	5128775	0
11	5154758	5143218	0
11	5226800	5225463	0
11	5226800	5225466	0
11	5226824	5225654	0
11	5227040	5226619	0
11	5227072	5226576	0
11	5227073	5226262	0
11	5227198	5226576	0
11	5234214	5232677	0
11	5234214	5232837	0
11	5234462	5233990	0
11	5234484	5232929	0
11	5234484	5233990	0
11	5234531	5233992	0
11	5234649	5233990	0
11	5243329	5241104	0
11	5243329	5242119	0
11	5243658	5234341	0
11	5249591	5248078	0
11	5249591	5248427	0
11	5249837	5249367	0
11	5249856	5248269	0
11	5249860	5249367	0
11	5253406	5248269	0
11	5254515	5248269	0
11	5254515	5253189	0
11	5254515	5253342	0
11	5254515	5253388	0
11	5254742	5254291	0
11	5254784	5254291	0
11	5254812	5254291	0
11	5255166	5254391	0
11	5258125	5254879	0
11	5258125	5254897	0
11	5268598	5258710	0
11	5269649	5268369	0
11	5269677	5268344	0
11	5269677	5268351	0
11	532756	532241	26
11	532756	532245	26
11	532756	532375	35
11	5328414	5259498	0
11	533359	532241	5
11	533359	532242	5
11	533359	532630	6
11	533613	532241	5
11	533613	532242	5
11	533613	532630	6
11	533613	532641	6
11	533945	533452	7
11	533977	533452	6
11	534376	533765	15
11	534376	533794	16
11	5345862	5269798	0
11	534588	534278	15
11	5345900	5254636	0
11	5345900	5303443	0
11	5345900	5305166	0
11	5345900	5340324	0
11	5345900	5342941	0
11	535340	534211	12
11	535535	534211	8
11	535539	534211	8
11	535551	534211	8
11	537288	534211	8
11	5505605	5281908	0
11	5505606	5254291	0
11	5505614	5346875	0
11	5505653	5269798	0
11	5505653	5346875	0
11	5509959	5508895	0
11	5509986	5507299	0
11	5520912	5518440	0
11	55280142	55279446	0
11	55283206	55279890	0
11	55293757	55291882	0
11	55295691	55294721	0
11	55297576	55295405	0
11	55298271	55295460	0
11	55304159	55302289	0
11	5548534	5544560	0
11	555504	554863	6
11	555931	554854	7
11	55605288	55602359	0
11	55686161	55684140	0
11	557098	556491	10
11	557488	556834	9
11	557488	556925	11
11	557641	557398	17
11	558249	557883	13
11	55870520	55867568	0
11	558767	558160	9
11	558935	559320	5
11	558980	558475	9
11	558980	558613	7
11	559063	558613	5
11	5591024	5345772	0
11	5591024	5572288	0
11	559383	558855	8
11	559499	558855	6
11	5595351	5588911	0
11	5595351	5590824	0
11	5595351	5590956	0
11	55969946	55965754	0
11	560144	558855	3
11	5603562	5603639	5
11	560731	559346	3
11	560780	558855	2
11	56140202	56134720	0
11	56215223	56208984	0
11	56234256	56231281	0
11	5624895	5595231	0
11	5626855	5595231	0
11	56291051	56290054	0
11	56292255	56288461	0
11	563318	563395	21
11	563318	563557	38
11	563479	563557	42
11	5645864	5595231	0
11	5645864	5626600	0
11	56466249	56459220	0
11	56470542	56459220	0
11	56470542	56466106	0
11	56473353	56469273	0
11	56473353	56470353	0
11	56484840	56476286	0
11	56614875	56609235	0
11	5665396	5664057	10
11	5665683	5645684	0
11	5665683	5663556	10
11	5665683	5663562	10
11	5665683	5663563	10
11	5665683	5663830	10
11	5665683	5665168	5
11	5666082	5663616	7
11	5666082	5665419	3
11	5666082	5665655	1
11	56671421	56667544	0
11	5667712	5665655	1
11	5667712	5665980	1
11	56748697	56741222	0
11	56748698	56741222	0
11	5678435	5645684	0
11	5678435	5665655	0
11	5678435	5665879	0
11	5678435	5665980	1
11	5678435	5667688	1
11	5679141	5678203	1
11	5679170	5677945	0
11	5679170	5678203	1
11	5679170	5678319	1
11	5680233	5679073	1
11	5680239	5679073	0
11	56802809	56802083	0
11	56819648	56802075	0
11	56819709	56802524	0
11	56820423	56802083	0
11	568370	567525	0
11	568409	567082	0
11	5684140	5679961	0
11	568421	565659	0
11	568458	567143	0
11	5685043	5679760	0
11	5685064	5679760	0
11	5685395	5679760	0
11	5689705	5689772	0
11	5697344	5698314	0
11	5698418	5698479	0
11	57237236	57233576	0
11	57237315	57233592	0
11	57300601	57299641	7
11	57300601	57299643	8
11	57300601	57299675	9
11	57300680	57299641	7
11	57310557	57299637	13
11	57310557	57302458	28
11	57311470	57309831	4
11	57313890	57308394	1
11	57313890	57308890	8
11	57320713	57317817	2
11	57321951	57317817	0
11	57321951	57320064	0
11	57321951	57320078	0
11	57321951	57320376	0
11	57322198	57320078	0
11	57326890	57325984	17
11	57327515	57325985	5
11	57327515	57326702	8
11	57327515	57326871	17
11	57327883	57326702	8
11	57327883	57327425	8
11	57328427	57327711	13
11	57330139	57327711	43
11	57332487	57332151	20
11	57332856	57332382	51
11	57332856	57332444	51
11	57333150	57332624	66
11	57333150	57332834	176
11	57333541	57332382	35
11	57334649	57332624	14
11	57368091	57368091	0
11	57377837	57376768	0
11	57387866	57386793	0
11	57387866	57386814	0
11	57387866	57386942	0
11	57387866	57387364	0
11	57387866	57387442	0
11	57389318	57387753	1
11	57389318	57388576	1
11	57389957	57388576	1
11	57389957	57389009	2
11	57389957	57389042	4
11	57389957	57389154	5
11	57407880	57389886	3
11	57409299	57389886	3
11	57409299	57406953	104
11	57409299	57406955	106
11	57409299	57407405	154
11	57409299	57407530	146
11	57409299	57407769	140
11	57414732	57389886	3
11	57414732	57399495	10
11	57414732	57409174	11
11	57414732	57409934	11
11	57415107	57414614	9
11	57415107	57414680	23
11	57416654	57414932	22
11	57416671	57414932	22
11	57416671	57415213	28
11	57417888	57416572	31
11	57421065	57417747	6
11	57421065	57417879	10
11	57421374	57420971	24
11	57421374	57420995	22
11	57421374	57421058	24
11	57424029	57421296	93
11	57424029	57421355	95
11	57424029	57423682	64
11	57424060	57421296	98
11	57425671	57423981	9
11	57425671	57423984	9
11	57425671	57424013	9
11	57425671	57424019	9
11	57425710	57423981	9
11	57425857	57423981	9
11	57426160	57425540	28
11	57426317	57423981	17
11	57426317	57425540	64
11	57426353	57423981	14
11	57426353	57425540	25
11	57426353	57425549	26
11	57426353	57425561	26
11	57426353	57425647	29
11	57426373	57425540	26
11	57426390	57423981	8
11	57426390	57425540	26
11	57426390	57425619	29
11	57426390	57425702	43
11	57426480	57425540	26
11	57426653	57425540	15
11	57426653	57425988	15
11	57426653	57426106	15
11	57426656	57425988	16
11	57426751	57426039	58
11	57426751	57426167	14
11	57426753	57425988	43
11	57427116	57425988	19
11	57427120	57425988	24
11	57427122	57425988	25
11	57427486	57425988	6
11	57477535	57476492	4
11	57487219	57484533	11
11	57487219	57484535	13
11	57488990	57487094	7
11	57488990	57487179	6
11	57491363	57489250	13
11	57491627	57491223	10
11	57491627	57491252	7
11	57491627	57491302	6
11	57491863	57491590	6
11	57494172	57491715	4
11	57494172	57491802	3
11	57494521	57491715	5
11	57496165	57493992	7
11	57497846	57496030	14
11	57499678	57497752	11
11	57500856	57489250	2
11	57500856	57493992	2
11	57500856	57496030	12
11	57500856	57497752	10
11	57500856	57497841	9
11	57501320	57500987	2
11	57501330	57500987	2
11	57501375	57500987	1
11	57514125	57500987	0
11	57514125	57501151	0
11	57530235	57528462	2
11	57530235	57528625	2
11	57530294	57528640	2
11	57543181	57543258	0
11	57554624	57551655	0
11	57554624	57551661	0
11	57554624	57552271	0
11	57554624	57552424	0
11	57554624	57552458	0
11	57646406	57645086	0
11	57646406	57645087	0
11	57646406	57645792	3
11	57646795	57645086	2
11	57646795	57645091	2
11	57646795	57646296	2
11	57646795	57646349	2
11	57647203	57646721	2
11	57647203	57646750	2
11	57647292	57645086	2
11	57647292	57646296	2
11	57647292	57646750	2
11	57647517	57646966	0
11	57647578	57646966	0
11	57647687	57647196	2
11	57649776	57646966	1
11	57649779	57646750	1
11	57649905	57646966	3
11	57649910	57646966	3
11	57649937	57648459	0
11	57649939	57646966	3
11	57649939	57647472	2
11	57649945	57646750	2
11	57649945	57646966	3
11	57690204	57690334	2
11	57704397	57703713	8
11	57704636	57703787	7
11	57704816	57703713	7
11	57704816	57704301	4
11	57705230	57704229	4
11	57705230	57704718	1
11	57712208	57704972	0
11	57712215	57704972	0
11	57712222	57704748	0
11	57712324	57704972	0
11	57737669	57737785	50
11	57737669	57737835	56
11	57737669	57737912	56
11	57738771	57738973	77
11	57741718	57741808	25
11	57741816	57741818	27
11	57741955	57742116	5
11	57741955	57742862	25
11	57742228	57742862	27
11	57742248	57742862	28
11	57751237	57743517	1
11	57751237	57746004	1
11	57751377	57743513	1
11	57808293	57808389	17
11	57815501	57815914	10
11	5781757	5776164	0
11	57867903	57861947	0
11	57873589	57867830	0
11	5791266	5786470	0
11	58047548	58044109	0
11	58075439	58072377	0
11	58078604	58077347	0
11	58124640	58116741	0
11	58406875	58402463	0
11	5841953	5840955	0
11	58426677	58421263	0
11	58442759	58439076	0
11	58493481	58491772	0
11	58498391	58497887	0
11	58498391	58497914	0
11	58498391	58497983	0
11	58528192	58526870	19
11	58528192	58527038	19
11	58554941	58551064	0
11	58554941	58553854	1
11	5855855	5685015	0
11	58564202	58554754	0
11	58564202	58554840	0
11	58570714	58554840	0
11	58611739	58612277	5
11	5861362	5855751	0
11	58643256	58640425	0
11	58710762	58708757	0
11	58710762	58709063	0
11	58710762	58709667	0
11	58712850	58643114	0
11	58712887	58710082	0
11	58712887	58710589	0
11	58724497	58715315	0
11	58724512	58715315	0
11	58728730	58724415	0
11	58731929	58724234	0
11	58731962	58724415	0
11	58731975	58724415	0
11	58757675	58748998	0
11	58837178	58834064	0
11	58837178	58834096	0
11	58837178	58834729	0
11	58904216	58838260	0
11	58928690	58917014	0
11	58943323	58943542	0
11	58943461	58943542	0
11	58947069	58947857	0
11	58947166	58947857	0
11	58969074	58958216	0
11	58979286	58968941	0
11	58979326	58933642	0
11	58994052	58979127	0
11	58998498	58995438	0
11	59051309	58968952	0
11	59051309	58994002	0
11	59135589	59130132	3
11	59136282	59134223	2
11	59136282	59135289	1
11	59140116	59135924	1
11	59140168	59136056	1
11	59142756	59139956	0
11	59142772	59139714	0
11	59143016	59139956	0
11	59143305	59143496	11
11	59144897	59145826	14
11	59144901	59145826	14
11	59284034	59268875	0
11	5937506	5679760	0
11	59426413	59416968	0
11	59562585	59561145	0
11	59577026	59574397	86
11	59578331	59576804	1
11	59578331	59576832	1
11	59593725	59581450	3
11	59594256	59581450	1
11	59594256	59593603	1
11	59600593	59593479	0
11	59600628	59594009	0
11	59639198	59636715	13
11	59639384	59639047	15
11	59643036	59639291	12
11	59647887	59642673	4
11	59647914	59642879	1
11	5968291	5967176	0
11	59754719	59752577	0
11	59754976	59753014	0
11	59807850	59806134	8
11	59807850	59806534	10
11	59808873	59807235	9
11	59809921	59807700	6
11	59810023	59808732	14
11	59810301	59809854	11
11	59810774	59809533	13
11	59810873	59809854	12
11	59831797	59829267	0
11	59831797	59829274	0
11	59835928	59831530	0
11	59836010	59831677	0
11	59837352	59835787	0
11	59837352	59835807	0
11	59842584	59841142	0
11	59843142	59842442	0
11	59844056	59842466	0
11	59844056	59843027	0
11	59853322	59852799	0
11	59854768	59853202	0
11	59854836	59853202	0
11	59856059	59854651	0
11	59859268	59855868	0
11	59859268	59855942	0
11	59861680	59859181	0
11	59861683	59854665	2
11	59861683	59859076	0
11	6006404	5999444	0
11	6006947	5999444	0
11	60093559	60093963	0
11	60160383	60159686	0
11	60173130	60172014	0
11	60173130	60172018	0
11	60173130	60172019	0
11	60173130	60172046	0
11	60175612	60172013	0
11	60175612	60172496	0
11	60175612	60172499	0
11	60175612	60172670	0
11	60175612	60173027	0
11	60178317	60173027	0
11	60178317	60175401	0
11	60178317	60175505	0
11	60178317	60177018	0
11	60178354	60175401	0
11	60178829	60178259	0
11	60179966	60178170	0
11	60179966	60178259	0
11	60179966	60178793	0
11	60181667	60178259	0
11	60181742	60175505	0
11	60181742	60177978	0
11	60181742	60179490	0
11	60181742	60179830	0
11	60181742	60179893	0
11	60182559	60181411	0
11	60183031	60181580	0
11	60183032	60181580	0
11	60183041	60181580	0
11	60183068	60181580	0
11	60183084	60181580	0
11	60183105	60181580	0
11	60183143	60179490	0
11	60183224	60181580	0
11	60183332	60181580	0
11	60183332	60181658	0
11	60183744	60182804	0
11	60183967	60182977	0
11	60184419	60182977	0
11	60184421	60183135	0
11	60184514	60183135	0
11	60184634	60183135	0
11	60184667	60181580	0
11	60184667	60182977	0
11	60184667	60183135	0
11	60184667	60183169	0
11	60208695	60206672	0
11	60213333	60213088	0
11	60214615	60201252	0
11	60214615	60213088	0
11	60214615	60213094	0
11	60214615	60213214	0
11	60214628	60208592	0
11	6030759	6019335	0
11	6034339	6021685	0
11	60462299	60462417	0
11	60492829	60492919	0
11	60515608	60515968	3
11	60821397	60813931	0
11	60842405	60842700	203
11	60842966	60835995	0
11	60847624	60847923	19
11	60851082	60841805	1
11	60855972	60850939	2
11	60897952	60890729	53
11	60897952	60890746	54
11	60898272	60897549	36
11	60898272	60897845	12
11	60898470	60897879	19
11	60898627	60897845	15
11	60898627	60898100	9
11	60898932	60898540	6
11	60900930	60898540	2
11	60901370	60890735	42
11	60901541	60901294	4
11	60901541	60901309	4
11	60902415	60901498	3
11	60902466	60901498	4
11	60914053	60913165	0
11	60922642	60922743	37
11	60925398	60918468	4
11	60931885	60931983	12
11	60931885	60933541	15
11	60932128	60933541	13
11	60933745	60934487	62
11	60934206	60934487	61
11	60935444	60935863	37
11	60936017	60936746	100
11	60937567	60937083	4
11	60938026	60937083	2
11	60938026	60937090	2
11	60938026	60937160	2
11	60938133	60937087	2
11	60941291	60939479	2
11	60942146	60939479	0
11	60942146	60941121	0
11	60942146	60941208	0
11	60943620	60937869	0
11	60943793	60941121	0
11	60943837	60942034	0
11	60946767	60943505	0
11	60946822	60943688	0
11	60947820	60946531	0
11	60951367	60946533	0
11	60951647	60946531	0
11	60951786	60946531	0
11	61017551	61017758	0
11	61018394	61019253	0
11	6110349	6108134	0
11	61133338	61130255	8
11	61133338	61132443	15
11	61134208	61132756	2
11	61134208	61133254	3
11	61138836	61134035	6
11	61161137	61138736	0
11	61161454	61138736	0
11	61161616	61138195	1
11	61161618	61138736	2
11	61203621	61204106	0
11	61228788	61229918	0
11	61230064	61230165	0
11	61230265	61231381	0
11	61259018	61258288	9
11	61259221	61258810	9
11	61259259	61259019	5
11	61259314	61259222	4
11	61264578	61258285	0
11	61264578	61258289	0
11	61264578	61258623	0
11	61264578	61259080	1
11	61264578	61259260	1
11	61271761	61267461	2
11	61271761	61268921	2
11	61273317	61271674	0
11	61273320	61271164	3
11	61282906	61281785	0
11	61282906	61282497	0
11	61286431	61281785	0
11	61286431	61282788	0
11	61286431	61282792	0
11	61290928	61286262	0
11	61290928	61286313	0
11	61300933	61299450	6
11	61300933	61299555	8
11	61300933	61300070	6
11	61300937	61300050	6
11	61302552	61299680	12
11	61302752	61302256	22
11	61302915	61302256	15
11	61303156	61302580	11
11	61303156	61302581	11
11	61303358	61302581	11
11	61309961	61308982	7
11	61310419	61309795	9
11	61310419	61309808	14
11	61311350	61309795	6
11	613118	612552	2
11	613118	612554	2
11	613118	612560	2
11	613118	612575	2
11	613118	612582	2
11	613118	612590	2
11	61311896	61310294	4
11	61311896	61310295	4
11	61313707	61311988	4
11	61313970	61313498	5
11	61313970	61313537	11
11	61314211	61313672	33
11	61314211	61313859	33
11	61314211	61313861	33
11	61314487	61314046	39
11	61314487	61314047	39
11	61315524	61314452	20
11	61315751	61314046	23
11	61316286	61314046	19
11	61316394	61314307	21
11	61316394	61315331	21
11	61316568	61316280	2
11	61316568	61316284	2
11	61316570	61314337	22
11	61321698	61316491	3
11	61322165	61316491	2
11	61322413	61321254	3
11	61322413	61321594	3
11	61322959	61321594	2
11	61323095	61322295	1
11	61323095	61322316	1
11	61323887	61322295	1
11	61324138	61323010	0
11	61324267	61323010	0
11	61324388	61323978	0
11	61325709	61323757	1
11	61325709	61323978	1
11	61325709	61324083	1
11	61326230	61323978	1
11	61326894	61325610	1
11	61326898	61325610	1
11	61326925	61325610	1
11	61327552	61326778	0
11	61329585	61326778	0
11	61330075	61329325	0
11	61330075	61329362	0
11	61330075	61329473	0
11	61330210	61329361	0
11	61331692	61310294	1
11	61331692	61326778	0
11	61331692	61329956	1
11	61331692	61329957	1
11	61332387	61329957	2
11	61333651	61334619	23
11	61333776	61332907	12
11	61335436	61332907	6
11	61342496	61342573	11
11	61342597	61335310	4
11	61345367	61345461	9
11	61345746	61345856	2
11	61351133	61349840	13
11	61351148	61348744	7
11	61351148	61348753	7
11	61351148	61348817	6
11	61351148	61348837	7
11	61351148	61349656	12
11	61351148	61350125	5
11	61351148	61350279	7
11	61351285	61348889	16
11	61353140	61350990	2
11	61353140	61351058	3
11	61353140	61351096	4
11	61353824	61349646	9
11	61353993	61350990	2
11	61353993	61352955	3
11	61353993	61352984	3
11	61353993	61352985	3
11	61353993	61353105	3
11	61354742	61352984	4
11	61356089	61353854	1
11	61356729	61350990	1
11	61356729	61352984	1
11	61356729	61353783	1
11	61356729	61353830	1
11	61356729	61356014	1
11	61356802	61350990	1
11	61356890	61353783	1
11	61357280	61356529	0
11	61357348	61356529	0
11	61357372	61356529	0
11	61357829	61356410	0
11	61357829	61356529	0
11	61357829	61356547	1
11	61357829	61356627	1
11	61357829	61356732	1
11	613592	612587	1
11	613596	612998	2
11	61361265	61356529	2
11	61361914	61353783	2
11	61362272	61356521	5
11	61364316	61364432	68
11	61366217	61367427	34
11	61366217	61367922	39
11	61367999	61368251	55
11	613866	613205	3
11	614038	613205	3
11	614038	613784	5
11	614038	613821	5
11	61406171	61404287	55
11	61411106	61402640	24
11	61411106	61402648	22
11	61411106	61402730	23
11	61411106	61404418	57
11	61411938	61410571	21
11	61411938	61410937	17
11	61411938	61411006	21
11	61416520	61411768	9
11	61416520	61415665	43
11	61416520	61416104	196
11	61420095	61416104	10
11	61420095	61416177	9
11	61420095	61416178	9
11	61420095	61416296	10
11	61420095	61416363	10
11	61420095	61416368	10
11	61420095	61416384	10
11	61420095	61416428	10
11	61420095	61416464	10
11	61420095	61416499	10
11	61420531	61419969	18
11	61420574	61416104	11
11	61420574	61419921	17
11	61420574	61419948	18
11	61420574	61420030	19
11	61420574	61420034	19
11	61420574	61420040	20
11	61420574	61420056	20
11	61420574	61420057	20
11	61421128	61420469	24
11	61421131	61420469	24
11	61421131	61420493	24
11	61421258	61420469	28
11	61421609	61419921	28
11	61421609	61419948	24
11	61421609	61420469	25
11	61421609	61420546	24
11	61421609	61420992	23
11	61421609	61421053	32
11	61421609	61421191	26
11	61421609	61421224	37
11	61429236	61421389	6
11	61429265	61421389	6
11	61429285	61421389	6
11	61429291	61415665	11
11	61429291	61419921	5
11	61429291	61420469	11
11	61429291	61421313	6
11	61429291	61421389	6
11	61429291	61421394	6
11	61429305	61421389	6
11	614398	613552	5
11	614400	613784	3
11	614400	613950	5
11	614532	613784	4
11	614532	614387	4
11	614535	613784	4
11	614535	613950	5
11	614535	614089	4
11	614535	614173	5
11	614888	614008	3
11	614985	614475	1
11	615008	613784	1
11	615008	614475	1
11	615008	614482	1
11	61523275	61515312	0
11	61523275	61518056	0
11	61523275	61518626	0
11	61523942	61523074	0
11	61524533	61523826	0
11	61524533	61523899	0
11	615253	614796	1
11	615260	614796	1
11	61528186	61524362	0
11	61528186	61524688	0
11	61533104	61527914	0
11	61533125	61527914	0
11	61533125	61528010	0
11	61542260	61539515	0
11	61542580	61538143	0
11	61546256	61532988	0
11	61547309	61532988	0
11	61551464	61532988	0
11	615613	615096	6
11	615648	614782	3
11	615648	614796	3
11	615648	615096	7
11	615651	615096	7
11	615725	614796	5
11	615729	614796	5
11	615971	615096	6
11	615980	615096	5
11	61655703	61654664	0
11	61747464	61746492	0
11	61747464	61746924	0
11	61755697	61748542	0
11	61755697	61754028	0
11	61765713	61765957	1
11	61774148	61768500	0
11	61779424	61779497	0
11	61783926	61784279	5
11	61789922	61778852	7
11	61789922	61788962	11
11	61789922	61789129	15
11	61789922	61789130	15
11	61789991	61789129	17
11	61790603	61789129	10
11	61790603	61789715	15
11	61790603	61789784	15
11	61790604	61789784	15
11	61792581	61790422	11
11	61792595	61790374	8
11	61792602	61790492	12
11	61792603	61790096	6
11	61792611	61790492	12
11	61792617	61790374	8
11	61792803	61790492	12
11	61796397	61796921	320
11	61802927	61799624	25
11	61802927	61802006	22
11	61802927	61802057	18
11	61802927	61802217	14
11	61802927	61802312	15
11	61803112	61802800	17
11	61803112	61802835	17
11	61803460	61803031	17
11	61803768	61803362	5
11	61803768	61803425	7
11	61804681	61803362	4
11	61810880	61804684	4
11	61810880	61806663	3
11	61810886	61806663	3
11	61811076	61810726	3
11	61811076	61810741	3
11	61811076	61810747	3
11	61811076	61810750	3
11	61811076	61810783	3
11	61811076	61810825	3
11	618112	616564	3
11	618112	616576	3
11	618112	617255	2
11	61811979	61810973	3
11	61812484	61810973	3
11	61812669	61810972	2
11	61812669	61810973	2
11	61812669	61810999	2
11	61812669	61811004	2
11	61812669	61811009	2
11	61812669	61811818	3
11	61813354	61812470	0
11	61813354	61812471	0
11	61813354	61812588	0
11	61813569	61812470	3
11	61813569	61813256	2
11	61814650	61813502	2
11	61815112	61813242	2
11	61815133	61813242	1
11	61815149	61813242	1
11	61815292	61813242	2
11	61816109	61813242	2
11	61816149	61813242	2
11	61816149	61813454	4
11	61816461	61813242	4
11	61816462	61813242	4
11	61816603	61814338	5
11	61816772	61813242	4
11	61816779	61812470	4
11	61817163	61813242	1
11	61817198	61813242	1
11	61828225	61828494	0
11	61828709	61813242	0
11	61829310	61828449	0
11	61829319	61813242	2
11	61840532	61840623	0
11	6185577	6110263	0
11	61863070	61863281	1
11	61875977	61873523	2
11	61875977	61873525	2
11	61875977	61873526	2
11	61875977	61873759	7
11	61875977	61873813	7
11	61876004	61873518	5
11	61876004	61873734	7
11	61876964	61876104	141
11	61876964	61876358	139
11	61877588	61876358	52
11	61877588	61876865	120
11	61877588	61876877	116
11	61877588	61876911	111
11	61878216	61876110	30
11	61878216	61877445	35
11	61878216	61877510	38
11	61878583	61878154	10
11	61878635	61876358	13
11	61878635	61877583	30
11	61878635	61878154	9
11	61878848	61878511	2
11	61879434	61878745	18
11	61879510	61878640	15
11	61879510	61878745	16
11	61880152	61878745	3
11	61891382	61880040	0
11	61891455	61880040	2
11	61891508	61890212	3
11	61891535	61880040	2
11	61892052	61880040	2
11	61898932	61897839	2
11	61899381	61897300	4
11	61899740	61897928	7
11	61902542	61899313	3
11	61904659	61902441	1
11	61904703	61902509	1
11	61906685	61904753	2
11	61907471	61904753	2
11	61907471	61906465	0
11	61907471	61906472	0
11	61955202	61955342	0
11	61955202	61955717	0
11	61955388	61955717	0
11	61958299	61959497	0
11	61958502	61959497	0
11	619588	619305	3
11	61960044	61962254	0
11	61962894	61964103	1
11	61965106	61964565	135
11	61965113	61964284	136
11	61965113	61964565	133
11	61965113	61964584	133
11	61965113	61964600	135
11	61965516	61959821	1
11	61965516	61964565	90
11	61965516	61964746	136
11	61965516	61964837	110
11	61965516	61964986	100
11	61965578	61964986	121
11	61965578	61964988	121
11	61967167	61965368	88
11	61967372	61965368	100
11	61967454	61965368	96
11	61967587	61965368	99
11	61967608	61965368	94
11	61967614	61964986	93
11	61967632	61959717	3
11	61967632	61965368	86
11	61967634	61965368	87
11	61967661	61965368	77
11	619882	619415	2
11	619882	619473	3
11	620132	619687	2
11	620165	619680	2
11	62082185	62077276	0
11	62123768	62116469	0
11	621251	620295	3
11	621456	621079	3
11	621456	621216	3
11	6214574	6211334	3
11	6214574	6211344	3
11	62152552	62152672	245
11	621664	621344	0
11	621664	621396	0
11	621664	621419	0
11	6218151	6214732	37
11	6218742	6217804	2
11	6218764	6216569	38
11	6218764	6217370	1
11	6219051	6217370	11
11	62214577	62213426	0
11	62260550	62214475	0
11	62297659	62296276	0
11	62338091	62336910	0
11	62393373	62391515	4
11	624264	621561	1
11	624264	621811	2
11	62426725	62421844	0
11	624417	621811	3
11	624733	621811	3
11	624733	624212	12
11	62491832	62433545	0
11	62491832	62433546	0
11	62517358	62491731	0
11	62535191	62433541	0
11	62535191	62491731	3
11	62535191	62491810	3
11	62535191	62515904	345
11	62535191	62533983	1
11	62535191	62534045	0
11	62536099	62535002	0
11	62536099	62535087	0
11	62536108	62535002	0
11	62545664	62536468	1
11	62545688	62536468	2
11	62546797	62536468	1
11	62546834	62536468	0
11	62546836	62536468	0
11	62556236	62536468	0
11	62560194	62559600	10
11	62560194	62559602	10
11	62567529	62566805	6
11	62571109	62567398	4
11	62571683	62570964	2
11	62571683	62571001	2
11	62571902	62570964	2
11	62573974	62572583	15
11	62574087	62572583	17
11	62574909	62571837	16
11	62574909	62572583	12
11	62574909	62573885	16
11	62576750	62572583	19
11	62576750	62574676	38
11	62576750	62575044	36
11	62576750	62575047	36
11	62576853	62574676	33
11	62577018	62576243	25
11	62577018	62576656	12
11	62577258	62575057	21
11	62577292	62576906	12
11	62577317	62576906	12
11	62577322	62576906	12
11	62579031	62577181	42
11	62581207	62578560	11
11	62581702	62581105	13
11	62581702	62581107	13
11	62582593	62581491	4
11	62589222	62578808	3
11	62589222	62581385	4
11	62594408	62593213	41
11	62594408	62593214	41
11	62594408	62593841	41
11	62595892	62595263	18
11	62596108	62595747	34
11	62596108	62595751	34
11	62596826	62596457	50
11	62597416	62596636	35
11	62597713	62596765	27
11	62598130	62597315	16
11	62598142	62597609	12
11	62598391	62598023	46
11	62598640	62598108	44
11	62598640	62598326	40
11	62599318	62598521	18
11	62600260	62598521	15
11	62600347	62598288	19
11	62602780	62602218	107
11	62602780	62602219	107
11	62602890	62602217	140
11	62602890	62602218	140
11	62602890	62602219	140
11	62602890	62602225	140
11	62603248	62602217	102
11	62603248	62602218	102
11	62603248	62602219	103
11	62603248	62602758	59
11	62603739	62603148	3
11	62603817	62602758	4
11	62603817	62603115	3
11	62603817	62603148	3
11	62604202	62603728	52
11	62604202	62603943	86
11	62605181	62603943	64
11	62605181	62604072	72
11	62605181	62604112	92
11	62605230	62604112	92
11	62605683	62604707	103
11	62605774	62605112	86
11	62605981	62605595	44
11	62605981	62605641	41
11	62606213	62605854	30
11	62606215	62605854	30
11	62606215	62605909	25
11	62607043	62605836	27
11	62607083	62606062	22
11	62607100	62606062	20
11	62607393	62606062	29
11	62610993	62609628	46
11	62611008	62609628	43
11	62611345	62609628	37
11	62611345	62610878	29
11	62611345	62610975	30
11	62611348	62610878	31
11	62611348	62610976	33
11	62611597	62610878	58
11	62611597	62611086	59
11	62611597	62611111	59
11	62611681	62611086	70
11	62612382	62611086	56
11	62612747	62611424	58
11	62612766	62611424	66
11	62616797	62615295	8
11	62616797	62615296	8
11	62616797	62615450	16
11	62616797	62616066	10
11	62617348	62616505	34
11	62617455	62616688	107
11	62620672	62616986	48
11	62620672	62617004	47
11	62626166	62624825	201
11	62626166	62624831	198
11	62626166	62624950	15
11	62626166	62625058	767
11	62626166	62625730	6
11	62626166	62625780	6
11	62626448	62626064	2
11	62626685	62626334	1
11	62626685	62626399	1
11	62626771	62626334	2
11	62632746	62631029	5
11	62633102	62632564	5
11	62633102	62632592	5
11	62633268	62633027	8
11	62633272	62633004	8
11	62633272	62633056	9
11	62633515	62633183	10
11	62633568	62633183	10
11	62633931	62633183	123
11	62634376	62633441	108
11	62634376	62633444	108
11	62635001	62633183	68
11	62635001	62633440	44
11	62635001	62633444	44
11	62635001	62634309	103
11	62639111	62634570	3
11	62639111	62634752	3
11	62639111	62634820	3
11	62639111	62634823	3
11	62639111	62634895	2
11	62646607	62634788	5
11	62646633	62634820	1
11	62653303	62646847	0
11	62663334	62649693	2
11	62663334	62662815	14
11	62663334	62662816	14
11	62663334	62662817	14
11	62663334	62662847	45
11	62664974	62663114	5
11	62664974	62663235	3
11	62665179	62664848	35
11	62665182	62663235	7
11	62665192	62664848	30
11	62665218	62664848	23
11	62665947	62666353	22
11	62665947	62666395	22
11	62667748	62664848	16
11	62667748	62664885	20
11	62669804	62667214	10
11	62669804	62667403	8
11	62669804	62667522	8
11	62669804	62667636	9
11	62670015	62667619	10
11	62670016	62669640	68
11	62670016	62669664	62
11	62670042	62669640	62
11	62670166	62669640	71
11	62670686	62669640	82
11	62671766	62667370	71
11	62671766	62667522	71
11	62672256	62669640	60
11	62677006	62676497	41
11	62677006	62676498	41
11	62677006	62676503	41
11	62677006	62676516	41
11	62677006	62676612	41
11	62677564	62676979	73
11	62677586	62676896	73
11	62677635	62676497	66
11	62677635	62676498	66
11	62677635	62676812	56
11	62677833	62676497	38
11	62677833	62676498	38
11	62677833	62676500	38
11	62677833	62676812	56
11	62677833	62676980	79
11	62677833	62677517	87
11	62677833	62677537	86
11	62677984	62677780	38
11	62678119	62676497	46
11	62678119	62676812	56
11	62678119	62677517	66
11	62678119	62677739	65
11	62678119	62677780	63
11	62678409	62677780	3
11	62678409	62677804	3
11	62678409	62677926	2
11	62678409	62677938	2
11	62678538	62678338	1
11	62678602	62677917	2
11	62678602	62678088	1
11	62678602	62678208	0
11	62678602	62678338	1
11	62678744	62677926	2
11	62678744	62678338	1
11	62678744	62678494	1
11	626790	626430	6
11	62679059	62678338	27
11	62679059	62678494	52
11	62679066	62678338	31
11	62679066	62678494	52
11	62679074	62678338	32
11	62679074	62678443	41
11	62679074	62678494	41
11	62689900	62686401	1
11	62690693	62690274	23
11	62690693	62690275	23
11	62690693	62690277	23
11	62690693	62690294	23
11	62690693	62690311	25
11	62690693	62690314	27
11	62690732	62690274	15
11	62690868	62690274	14
11	62691142	62690611	14
11	62691142	62690786	14
11	62691142	62690816	14
11	62691179	62690786	14
11	62691340	62691074	11
11	62691343	62690611	14
11	62691422	62690969	11
11	62691422	62691074	11
11	62692474	62690280	7
11	62692474	62691074	9
11	62692474	62691279	9
11	62692474	62691335	9
11	62692474	62691391	7
11	62692739	62692375	4
11	62692750	62692375	4
11	62692798	62692375	4
11	62692798	62692409	4
11	62694712	62692375	3
11	62694712	62692662	1
11	62694712	62692695	2
11	62694712	62692748	2
11	62694713	62692653	1
11	62697567	62694567	2
11	6269921	6270087	0
11	62702550	62692662	6
11	62702550	62694557	4
11	62702550	62694563	4
11	62702550	62694567	3
11	62702550	62694599	4
11	62702550	62694675	3
11	62702550	62694707	4
11	62705559	62702467	1
11	62705618	62702467	1
11	62706219	62705300	2
11	62706221	62705467	3
11	62706235	62705300	2
11	62706257	62705467	2
11	62706316	62705300	1
11	62706345	62705300	1
11	62706712	62705493	2
11	62707145	62702467	1
11	62707325	62694567	2
11	62707325	62705300	1
11	62707325	62705335	2
11	62707325	62705425	2
11	62707350	62705300	1
11	62707399	62705300	1
11	62707464	62706612	9
11	62707519	62705300	1
11	62708009	62707110	11
11	6270804	6271010	0
11	6270819	6271010	0
11	62709065	62707125	10
11	62709255	62707108	8
11	62709321	62707108	7
11	62709515	62707108	4
11	62709529	62707108	3
11	62709732	62707108	7
11	62709846	62707877	6
11	62709846	62709146	7
11	62715608	62707108	4
11	62715608	62712629	66
11	62722904	62722600	1
11	62723727	62722812	1
11	62723986	62722863	2
11	62728737	62728822	45
11	62752100	62748318	16
11	62754160	62753317	4
11	62754189	62750962	13
11	62761661	62761794	32
11	62761905	62762541	55
11	62761905	62762866	49
11	62762185	62762866	49
11	62762743	62762866	45
11	62772133	62771628	10
11	62774666	62771660	10
11	62774666	62772076	9
11	62786389	62786516	6
11	62789211	62789291	22
11	62789427	62789600	52
11	62789680	62789885	26
11	62791744	62774594	15
11	62791993	62774594	10
11	62791998	62787508	14
11	62792022	62789970	13
11	62792702	62792122	16
11	62792702	62792125	16
11	62792702	62792170	17
11	62792702	62792230	31
11	62792702	62792352	22
11	62792702	62792417	16
11	62794399	62792640	11
11	62794441	62792414	8
11	62794441	62792640	7
11	62794629	62792640	8
11	62795008	62792640	13
11	62795008	62794257	18
11	62795008	62794337	23
11	62795401	62794257	15
11	62795944	62794750	12
11	62795944	62794934	14
11	62796182	62795900	6
11	62796343	62796148	6
11	62796346	62796065	7
11	62796564	62796286	11
11	62796568	62796286	11
11	62797239	62796304	9
11	62800487	62797317	37
11	62800487	62798538	180
11	62801202	62797317	116
11	62801202	62798538	13
11	62801202	62800112	13
11	62801202	62800376	16
11	62801418	62798538	17
11	62801418	62800376	12
11	62802047	62801738	3
11	62802261	62801328	3
11	62802261	62801941	3
11	62802261	62801973	2
11	62802261	62802003	2
11	62803573	62802176	0
11	62803979	62798844	9
11	62803979	62803418	3
11	62804186	62803418	10
11	62804211	62803791	13
11	62805194	62803791	10
11	62805441	62802176	10
11	62805441	62803799	13
11	62805441	62803933	16
11	62805470	62802176	8
11	62805471	62803791	13
11	62805472	62803549	16
11	62805493	62803791	10
11	62805875	62803791	13
11	62824288	62806896	3
11	62824288	62806924	3
11	62824288	62806935	3
11	62824288	62806936	3
11	62824566	62823914	2
11	62824566	62824165	4
11	62825527	62825282	12
11	62825540	62825282	10
11	62827226	62825422	0
11	62827226	62825486	0
11	62827632	62827342	1
11	62830521	62827560	2
11	62830521	62827576	2
11	62831111	62827560	7
11	62831263	62827342	2
11	62831263	62827560	3
11	62832043	62827560	2
11	62832052	62827560	2
11	62833068	62832341	2
11	62833675	62832911	50
11	62833675	62832951	57
11	62833675	62832957	56
11	62833938	62832910	49
11	62833938	62833617	103
11	62834332	62833617	75
11	62834332	62833791	92
11	62834332	62833814	90
11	62834528	62834275	24
11	62834588	62834275	47
11	62834808	62834275	91
11	62835533	62834386	117
11	62835533	62834426	113
11	62835533	62834896	104
11	62835842	62835239	79
11	62835842	62835430	78
11	62836008	62835694	48
11	62836037	62835488	47
11	62836037	62835604	50
11	62836037	62835694	53
11	62836677	62835761	63
11	62839236	62835694	39
11	62839236	62835778	48
11	62839236	62835918	39
11	62839236	62835960	40
11	62839429	62839113	29
11	62839559	62839113	24
11	62839578	62839321	24
11	62839582	62839321	24
11	62839583	62839113	23
11	62839585	62839321	24
11	62839597	62839321	25
11	62839660	62839321	23
11	62839662	62839321	23
11	62839707	62839321	21
11	62839868	62839321	15
11	62841810	62839321	5
11	62841810	62839506	6
11	62852682	62852296	1039
11	62852840	62851987	318
11	62852840	62851990	318
11	62852840	62852019	290
11	62852840	62852047	272
11	62852840	62852251	710
11	62852840	62852257	669
11	62852840	62852289	608
11	62852840	62852655	260
11	62853116	62851987	304
11	62853116	62852608	269
11	62853116	62852748	287
11	62853116	62852810	258
11	62853591	62851988	288
11	62853591	62852831	252
11	62853591	62853070	229
11	62853591	62853071	229
11	62853591	62853074	229
11	62853697	62853074	186
11	62853834	62853072	173
11	62853834	62853353	135
11	62853834	62853551	135
11	62853850	62853572	121
11	62854065	62852810	258
11	62854065	62853546	164
11	62854343	62853551	211
11	62854552	62853800	190
11	62854552	62854017	214
11	62854939	62854079	227
11	62854939	62854518	210
11	62855175	62854887	202
11	62855209	62854887	200
11	62855217	62854367	207
11	62855217	62854441	228
11	62855217	62854518	207
11	62855217	62854887	207
11	62855237	62854017	227
11	62855237	62854887	206
11	62855461	62855132	201
11	62855467	62855132	198
11	62855468	62855132	199
11	62855480	62855132	208
11	62855489	62854679	204
11	62855489	62854887	207
11	62855489	62855132	220
11	62855747	62855132	198
11	62855759	62854681	200
11	62855813	62855132	198
11	62855868	62855132	176
11	62855882	62855423	140
11	62855886	62854518	196
11	62855915	62855132	198
11	62881057	62881182	1235
11	62881719	62881892	29
11	62882808	62882907	31
11	62884113	62884456	36
11	62885358	62885464	19
11	62909616	62910602	0
11	62916942	62910697	0
11	62920765	62909737	0
11	62921682	62908678	0
11	62936986	62936426	0
11	62977256	62976793	0
11	62977388	62936384	0
11	62977388	62976596	0
11	62977388	62976601	0
11	62979597	62976793	0
11	62979949	62979487	0
11	62981101	62979733	0
11	62981101	62979867	0
11	62993628	62992823	0
11	62993628	62993082	0
11	62993628	62993227	0
11	62993628	62993236	0
11	62993879	62993236	0
11	62993879	62993423	0
11	62994757	62993769	0
11	62995458	62992824	0
11	62995820	62994541	0
11	62996153	62995703	0
11	62999090	62996028	0
11	62999090	62996091	0
11	62999090	62996105	0
11	62999500	62989153	0
11	63014711	63000719	0
11	63014959	63000719	0
11	63014963	63000719	0
11	63014984	63000719	0
11	63015811	63000719	0
11	63015816	63014625	0
11	63015840	63000719	0
11	63015840	63014573	0
11	63015840	63014625	0
11	63081124	63079939	0
11	63119081	63104174	0
11	63119336	63118520	0
11	63119336	63118911	0
11	63164635	63163775	0
11	63164635	63163826	0
11	63164635	63163829	0
11	6319753	6319143	75
11	6320063	6318945	15
11	6320156	6319129	58
11	6320533	6319656	22
11	6320648	6318945	8
11	63239115	63237956	0
11	63466373	63461403	0
11	63466373	63461413	0
11	63466373	63463259	0
11	63466373	63463336	0
11	63466373	63463475	0
11	63468466	63466109	0
11	63468466	63466145	0
11	63468466	63466159	0
11	63488977	63468356	0
11	63490334	63466109	0
11	63490966	63468356	0
11	63558661	63552769	0
11	63590369	63573194	0
11	63590369	63574473	0
11	63590369	63574849	0
11	63598114	63590099	0
11	63598164	63590099	0
11	63598164	63590338	0
11	63608582	63590253	0
11	6363111	6364286	0
11	63631472	63624086	8
11	63631472	63629252	6
11	63633098	63631039	0
11	63658905	63652470	0
11	63659253	63658760	0
11	63659253	63658813	0
11	63670513	63659037	0
11	63671412	63659037	0
11	63671613	63659037	0
11	63671910	63659037	0
11	63764599	63759891	39
11	63764920	63764181	8
11	63765255	63764037	5
11	63765963	63763302	15
11	63768642	63767322	3
11	63768776	63765806	4
11	63822849	63823134	42
11	63912308	63911954	0
11	63912535	63911220	0
11	63912734	63911887	0
11	63912734	63912304	0
11	6394042	6394177	10
11	6394042	6394197	10
11	63945936	63946724	31
11	63945936	63946950	31
11	63952566	63952658	10
11	63952566	63952755	11
11	6395963	6395123	4
11	6395963	6395124	4
11	6395963	6395142	4
11	6395963	6395157	4
11	6395963	6395162	4
11	6395963	6395303	7
11	6395963	6395429	5
11	6395963	6395467	5
11	63986239	63986360	10
11	63988399	63988626	2
11	63988399	63988653	2
11	63988753	63990286	6
11	63996649	63996853	168
11	63996649	63996856	168
11	63997427	63997686	246
11	63998873	63998557	35
11	63998873	63998559	35
11	63998873	63998569	36
11	63999037	63998565	62
11	63999391	63998954	69
11	63999405	63998954	77
11	63999561	63999330	38
11	63999561	63999382	32
11	64000344	63999641	55
11	6401073	6396099	2
11	6401430	6400988	1
11	64015282	64000226	12
11	64015282	64009012	4
11	6401689	6401344	1
11	6401689	6401346	1
11	6401689	6401364	1
11	6401695	6401344	1
11	6401983	6401051	1
11	6401983	6401073	1
11	6401983	6401176	1
11	6401983	6401573	1
11	6402210	6401344	1
11	6402210	6401573	1
11	6402726	6401586	0
11	6403405	6402081	0
11	6403405	6403144	0
11	6403545	6403318	0
11	64119211	64118271	2
11	64126935	64015251	0
11	64151356	64000073	0
11	64151356	64015251	0
11	64151356	64148746	1
11	64203623	64204053	83
11	64219790	64219878	0
11	64219790	64219890	0
11	64220327	64220435	6
11	64224163	64223829	21
11	64224163	64223832	21
11	64224211	64223798	23
11	64224211	64223799	23
11	64224211	64223829	26
11	64224211	64223844	25
11	64224211	64223855	25
11	64224342	64223799	25
11	64224342	64223829	25
11	64224342	64223832	25
11	64224342	64223841	25
11	64224342	64223852	25
11	64224342	64224099	31
11	64224342	64224202	33
11	64224492	64223829	26
11	64224492	64224099	31
11	64224635	64224284	36
11	64224667	64224284	34
11	64224670	64224099	35
11	64224718	64223799	26
11	64224718	64224099	26
11	64224718	64224284	28
11	64224825	64224653	38
11	64224971	64224542	40
11	64225581	64223876	36
11	64225581	64224099	35
11	64225581	64224284	38
11	64225581	64224542	32
11	64225581	64224794	38
11	64225581	64224800	39
11	64225870	64224284	34
11	64225870	64224800	34
11	64225870	64225498	21
11	64225871	64225498	21
11	64226142	64224758	14
11	64226151	64225498	13
11	64226159	64224800	11
11	64226165	64225498	13
11	64226235	64224800	12
11	64226298	64226634	10
11	64226428	64226634	11
11	64227133	64227400	32
11	64227133	64227567	32
11	64227494	64227567	20
11	64229345	64229477	16
11	64229572	64229849	18
11	64231965	64232393	3
11	64231965	64232429	3
11	64231965	64232509	4
11	64233981	64234072	9
11	64234293	64229213	5
11	64234353	64231222	4
11	64243312	64243450	16
11	64244963	64244479	31
11	64244963	64244483	31
11	64244963	64244548	94
11	64246942	64245203	22
11	64248173	64246938	24
11	64248599	64248049	6
11	64271804	64269829	1
11	64271804	64269833	1
11	64271804	64270255	4
11	64271804	64270307	4
11	64271869	64270268	4
11	64277044	64271612	16
11	64284370	64270000	26
11	64284377	64271612	17
11	64284377	64276760	9
11	64284377	64276903	20
11	64284640	64271612	31
11	64286135	64286509	66
11	64288215	64288339	62
11	64297002	64297118	0
11	64297280	64297466	0
11	64297280	64297577	0
11	64297280	64297614	0
11	64317133	64316694	40
11	64317148	64316459	112
11	64317148	64316690	37
11	64317342	64316693	33
11	64317366	64316695	37
11	64317366	64317057	24
11	64317488	64317057	29
11	64317511	64316690	29
11	6431804	6431048	0
11	6431804	6431301	0
11	6431804	6431394	2
11	6432018	6431640	0
11	6432320	6431640	0
11	64327537	64325049	0
11	64349669	64349890	0
11	64351256	64351475	0
11	64352888	64353053	0
11	64353241	64353350	0
11	64355401	64355559	0
11	64355629	64357038	0
11	6437178	6431886	0
11	6437178	6431949	0
11	6437178	6437096	0
11	6437653	6437045	2
11	6437653	6437140	2
11	6437668	6437045	2
11	6437709	6431886	0
11	6438110	6437044	1
11	6438510	6437439	2
11	6438510	6437624	5
11	64395832	64394341	0
11	6440287	6438333	1
11	6440287	6438351	1
11	6440287	6438355	1
11	6440287	6438478	1
11	6440539	6431905	0
11	6440539	6439608	0
11	6440539	6440164	0
11	6440725	6440466	0
11	6440731	6440466	0
11	6440740	6440485	0
11	6449447	6448613	31
11	6449447	6448614	31
11	6449447	6448616	31
11	6449447	6449002	8
11	6450392	6448612	17
11	6450622	6449305	15
11	6451061	6450168	4
11	6451061	6450550	2
11	6451300	6450891	3
11	6451439	6450891	2
11	6451970	6450891	5
11	6453246	6448616	4
11	6456145	6451537	3
11	6456176	6451270	2
11	6456612	6456151	40
11	6457030	6456071	50
11	6457030	6456125	44
11	6457477	6456296	8
11	6457477	6456575	6
11	6457477	6456943	7
11	6457734	6457295	3
11	6457740	6457295	2
11	6457848	6457295	1
11	6457848	6457403	1
11	6458297	6457695	0
11	6458314	6457772	1
11	6458341	6458064	3
11	64590819	64591270	0
11	64591548	64591658	0
11	64620373	64606173	0
11	64620373	64606175	0
11	64620373	64606176	0
11	64620373	64607043	0
11	64622797	64620293	0
11	64623079	64620293	0
11	64623997	64620293	0
11	64626553	64622752	0
11	64630574	64622752	0
11	64630574	64626462	0
11	64635453	64630401	0
11	64635453	64630404	0
11	64635453	64630485	0
11	64651637	64650447	0
11	64652155	64651254	0
11	64652155	64651278	0
11	6465733	6458064	1
11	6465733	6458137	0
11	646597	644233	7
11	64660536	64652034	0
11	64660536	64653695	0
11	64661140	64660331	0
11	64661140	64660469	0
11	64667689	64660752	0
11	64668605	64667249	0
11	64668605	64667437	0
11	64668605	64667666	0
11	64677038	64668442	0
11	64685948	64668442	0
11	64685948	64668481	0
11	64685948	64675176	0
11	64685948	64676992	0
11	64685948	64677013	0
11	64727361	64726910	0
11	64727364	64726910	0
11	64729043	64726910	0
11	64729043	64726945	0
11	64729043	64727295	0
11	64730195	64729761	0
11	64735228	64730052	0
11	64735228	64730180	0
11	64735267	64730052	0
11	64735665	64735111	0
11	64735981	64735111	0
11	64735981	64735373	0
11	64735981	64735541	0
11	64737035	64735541	0
11	6473894	6458069	2
11	64739477	64736752	0
11	64739810	64739359	0
11	64739810	64739378	0
11	6473985	6458069	2
11	64740164	64739635	0
11	64740447	64740125	0
11	64740450	64740012	0
11	64740884	64739635	0
11	64741080	64740012	0
11	64741080	64740367	0
11	64741502	64740865	0
11	64741502	64740867	0
11	64741502	64740947	0
11	64741502	64741025	0
11	64741502	64741067	0
11	64741534	64740865	0
11	64742938	64741438	0
11	64742938	64742009	0
11	64742947	64742009	0
11	64743790	64742009	0
11	64743869	64742793	0
11	64744123	64742793	0
11	64744146	64742793	0
11	64744179	64742793	0
11	64744318	64742825	0
11	64744483	64742793	0
11	64744590	64742009	0
11	64744832	64742793	0
11	64744835	64742793	0
11	64744860	64742793	0
11	64744861	64742510	0
11	64744998	64742793	0
11	64745334	64742793	0
11	64745457	64742793	0
11	64746988	64746388	0
11	64751467	64750375	0
11	64751656	64751147	0
11	64751656	64751324	0
11	64753683	64753072	1
11	64754026	64753518	0
11	64754026	64753670	0
11	64766156	64764605	354
11	64767080	64764605	19
11	64767080	64765289	33
11	64767080	64765603	23
11	64767080	64765651	19
11	64767080	64765950	19
11	64767080	64766020	15
11	64767247	64766899	14
11	64767252	64766413	26
11	64767252	64766899	17
11	64767276	64766899	14
11	64767845	64766899	28
11	64768287	64767191	15
11	64768287	64767566	25
11	64768287	64767570	24
11	64769072	64768105	5
11	64769130	64768105	5
11	64769130	64768170	6
11	64769339	64769021	3
11	64769610	64769222	26
11	64769610	64769277	26
11	64769670	64769222	30
11	64770054	64769425	13
11	64770054	64769541	13
11	64770409	64769963	13
11	64770409	64770033	50
11	64770640	64769963	146
11	64771538	64770277	138
11	64771608	64770255	130
11	64773506	64770255	114
11	64773506	64770296	114
11	64773506	64770379	116
11	64773506	64771463	114
11	64776627	64770255	53
11	64776627	64773022	99
11	64776627	64773429	58
11	64777761	64776497	0
11	64777762	64776497	0
11	64778038	64776045	3
11	64778147	64776497	1
11	64778470	64776497	27
11	64778505	64776497	30
11	64778543	64776497	35
11	64778731	64776497	41
11	64778748	64776497	38
11	64778764	64776045	4
11	64778764	64776497	4
11	64778787	64776497	1
11	6477893	6474682	8
11	6477893	6475679	30
11	6477893	6476518	110
11	6477893	6476553	106
11	6477893	6476733	139
11	6477893	6476813	127
11	6478199	6477717	25
11	6478653	6478083	21
11	6478960	6478040	38
11	64789786	64784913	3
11	64789786	64788817	11
11	64789786	64789136	6
11	64789786	64789536	6
11	64789960	64789729	3
11	64790275	64789888	0
11	6479259	6478040	53
11	6479358	6478737	61
11	64797024	64796808	6
11	64797169	64796981	8
11	64797193	64796970	7
11	64797193	64796981	8
11	64797381	64796981	9
11	64799480	64798793	2
11	64799635	64799420	1
11	64799660	64799420	1
11	64799684	64799420	1
11	64800217	64799604	1
11	64800393	64800108	0
11	64800393	64800181	0
11	6480069	6478737	72
11	6480069	6479139	90
11	64800800	64800310	0
11	64800827	64800310	0
11	64800827	64800335	0
11	64800827	64800347	0
11	64801032	64800310	0
11	64801758	64801110	5
11	64801758	64801578	4
11	64801814	64801578	2
11	64802122	64801709	0
11	6480424	6479971	41
11	6480464	6479305	50
11	6480464	6479971	40
11	64805199	64803515	13
11	64805199	64803523	13
11	64805199	64804333	13
11	64805199	64804374	13
11	64805771	64803509	7
11	64805771	64805033	5
11	64805771	64805125	5
11	64806369	64805033	24
11	64806369	64805634	28
11	64807099	64806231	18
11	64807099	64806241	18
11	64807220	64807010	17
11	64807220	64807079	16
11	64807681	64807178	7
11	64808100	64807551	32
11	64810133	64807551	6
11	64810133	64807890	6
11	64810133	64807995	7
11	64810486	64807890	9
11	64810522	64809664	6
11	64810559	64809664	5
11	64810582	64809664	5
11	64810609	64807890	4
11	64810717	64809664	6
11	64810742	64807890	4
11	64810742	64809649	6
11	64810742	64809664	6
11	64810906	64809649	2
11	64810906	64809669	2
11	64811295	64809649	0
11	64811295	64809669	0
11	6481298	6480322	15
11	6481313	6480322	14
11	6481315	6480322	14
11	6481324	6480706	4
11	6481325	6480322	14
11	6481344	6479656	21
11	6481344	6479971	16
11	6481435	6479971	14
11	6481437	6480322	13
11	6481480	6480322	12
11	6481556	6481756	5
11	6482290	6482839	47
11	64826556	64823386	0
11	64831722	64830193	0
11	64831722	64830391	0
11	64832960	64832603	0
11	64833337	64832825	0
11	64833337	64832919	0
11	64833660	64833190	0
11	64833660	64833230	0
11	64833786	64833599	0
11	64833812	64833279	0
11	64833837	64833599	0
11	64855096	64854291	113
11	64855487	64851641	114
11	64855487	64852726	40
11	64855487	64852730	40
11	64855487	64854611	17
11	64856664	64852730	6
11	64860046	64855051	15
11	64860337	64855321	12
11	64874519	64859625	1
11	64874519	64859923	1
11	64874519	64859944	2
11	64875667	64874420	2
11	64877918	64874420	1
11	64878485	64874477	3
11	64878488	64874420	1
11	64878488	64874487	3
11	64878542	64874420	1
11	64878720	64874420	0
11	64879157	64878060	0
11	64879678	64878834	0
11	64879682	64878638	0
11	64879700	64878060	0
11	64879701	64878060	0
11	64879714	64878060	0
11	64888297	64878060	0
11	64893450	64889559	0
11	6489378	6488185	16
11	64895443	64894545	38
11	64895443	64894571	38
11	64897495	64896747	15
11	64897731	64897039	10
11	64897744	64897411	1
11	64898843	64898260	20
11	64902681	64902259	17
11	64903365	64902259	9
11	64913137	64912326	4
11	64913396	64913037	3
11	64913402	64913037	3
11	64914234	64896747	10
11	64914234	64913820	0
11	64914501	64912610	4
11	64914501	64914080	0
11	64914501	64914208	0
11	64917207	64913265	0
11	64917207	64914195	0
11	64917212	64914337	0
11	64917249	64914337	0
11	64935176	64934470	0
11	64935176	64934643	0
11	64935461	64934861	0
11	64935461	64934990	0
11	64935524	64934990	0
11	64939768	64937516	0
11	64939768	64938229	0
11	64939768	64938230	0
11	64939768	64938453	0
11	64939768	64938456	0
11	64939866	64938230	0
11	6497668	6497770	22
11	6497668	6498123	18
11	6497668	6498722	15
11	6497845	6498307	14
11	64990274	64987944	1
11	64990275	64988783	0
11	64994550	64987942	0
11	64994550	64989485	0
11	65021889	65021970	98
11	65026516	65025389	0
11	65035664	65038571	3
11	65041107	65041285	10
11	65045915	65044817	0
11	65045915	65044822	0
11	65045915	65045225	0
11	65045915	65045235	0
11	65045915	65045270	0
11	65045915	65045303	0
11	65045915	65045312	0
11	65045915	65045350	0
11	65045915	65045429	0
11	65045915	65045453	0
11	65046115	65045517	1
11	65046115	65045821	2
11	65046265	65046026	1
11	65046363	65046026	1
11	65046372	65045447	1
11	65046527	65046056	2
11	65046527	65046188	1
11	65046527	65046259	1
11	65047566	65046188	0
11	65047566	65046444	0
11	65047733	65046188	0
11	65047739	65046188	0
11	65047739	65046381	0
11	65047739	65046444	0
11	65047857	65045473	0
11	65047887	65046026	0
11	65047888	65045998	0
11	65047934	65047474	0
11	65047938	65046188	0
11	65048049	65047646	0
11	65048128	65047646	0
11	65048216	65047646	0
11	65048216	65047980	0
11	65048458	65047890	0
11	65048469	65047980	0
11	65048484	65047980	0
11	65066680	65066364	0
11	65066880	65066299	0
11	65066880	65066551	0
11	65068119	65067654	0
11	65068602	65068026	0
11	65068602	65068043	0
11	65079390	65068487	0
11	65079416	65068487	0
11	65079550	65078632	119
11	65079788	65077451	61
11	65079788	65079131	61
11	65079788	65079140	61
11	65079788	65079165	85
11	65083400	65068487	3
11	65083400	65079087	37
11	65083400	65079352	21
11	65083532	65083363	13
11	65083551	65079352	28
11	65083551	65083363	12
11	65083717	65083484	13
11	65083724	65083363	24
11	65083724	65083484	13
11	65083897	65083249	47
11	65083901	65083484	66
11	65084040	65083484	56
11	65084361	65084690	1
11	65084379	65084690	1
11	65085227	65086414	12
11	65085227	65086705	9
11	65085315	65086414	9
11	65085385	65086719	11
11	65086609	65086719	2
11	65086793	65086927	0
11	65087075	65087315	2
11	65087434	65087927	0
11	65088751	65088371	1
11	65088751	65088486	1
11	65089026	65088682	0
11	65089071	65088371	0
11	65089084	65088650	0
11	65089092	65088374	0
11	65089092	65088650	0
11	65089376	65088857	0
11	65107373	65107580	19
11	65107728	65107802	41
11	65109924	65110481	14
11	65111696	65110713	15
11	65111982	65112514	12
11	65112068	65112514	0
11	65112712	65112810	17
11	65112866	65113219	20
11	65112866	65113368	20
11	65112866	65113490	19
11	65112895	65113219	20
11	65113415	65113490	6
11	65113415	65113523	4
11	65114833	65114912	9
11	65115082	65115313	6
11	65115082	65115475	5
11	65115395	65115475	6
11	65117245	65117371	37
11	65117674	65116599	32
11	65121037	65120627	39
11	65121037	65120629	39
11	65121037	65120630	39
11	65121037	65120756	40
11	65121540	65120980	21
11	65121645	65120637	18
11	65121645	65120980	23
11	65121822	65120980	23
11	65121822	65121282	25
11	65121822	65121499	23
11	65121916	65120696	21
11	65122058	65121499	28
11	65122114	65121738	29
11	65122154	65121738	27
11	65122178	65121738	26
11	65122446	65121779	4
11	65122474	65121738	4
11	65125613	65125725	0
11	65125943	65126056	32
11	65128715	65127278	150
11	65128715	65127280	150
11	65128715	65127281	150
11	65129916	65128562	57
11	65129916	65128671	68
11	65129987	65122089	66
11	65130173	65129728	76
11	65130176	65129728	78
11	65130380	65127280	57
11	65130380	65129728	66
11	65130824	65130001	32
11	65130824	65130250	35
11	65131037	65130659	9
11	65131037	65130727	5
11	65131198	65130919	5
11	65131198	65130970	3
11	65131198	65130994	3
11	65131374	65131131	20
11	65131597	65131131	26
11	65131597	65131273	31
11	65132352	65131273	33
11	65132781	65131273	31
11	65132781	65131469	27
11	65132781	65132247	77
11	65133075	65131273	34
11	65133075	65131469	37
11	65133075	65132247	39
11	65133075	65132626	32
11	65133075	65132731	34
11	65133321	65132694	35
11	651408	644232	6
11	65180885	65177605	0
11	65181835	65180020	1
11	65182481	65182700	0
11	65182542	65182700	0
11	65182563	65182700	0
11	65182580	65182700	0
11	65186051	65186169	2
11	6520103	6520237	7
11	65209388	65209848	3
11	65209918	65210017	8
11	65210873	65211259	1
11	65344622	65345665	18
11	65345804	65345929	13
11	65346059	65346246	18
11	65346059	65348849	19
11	65346360	65348849	26
11	65376676	65375191	9
11	65377077	65375191	14
11	65377077	65375193	14
11	65377077	65375194	14
11	65377077	65376193	14
11	65377077	65376556	14
11	65377424	65376817	14
11	65378026	65376535	21
11	65379562	65376817	13
11	65379562	65376910	8
11	65379562	65377061	16
11	65379562	65377332	14
11	65379939	65375193	9
11	65379939	65376817	5
11	65379939	65379375	17
11	65379939	65379452	15
11	65379939	65379456	15
11	65379939	65379457	15
11	65380176	65376817	10
11	65380176	65379375	11
11	65381952	65380131	4
11	65381970	65380131	2
11	65381970	65380533	3
11	65381979	65380131	2
11	65382008	65380131	2
11	65382374	65380131	6
11	65382572	65381874	11
11	65382632	65381874	9
11	65382639	65380131	2
11	65382643	65381587	0
11	65382646	65381874	6
11	65382647	65376817	0
11	65382672	65381914	8
11	65382674	65381874	8
11	65382675	65381914	8
11	654052	644232	6
11	654052	651161	11
11	65423114	65423294	76
11	65423213	65423294	123
11	65423220	65423294	126
11	65423384	65423626	233
11	65423658	65423962	219
11	65423679	65423962	208
11	65425738	65426060	240
11	65455820	65456300	1
11	6548041	6548209	7
11	65487621	65487240	0
11	65487621	65487245	0
11	65497866	65498681	0
11	65498735	65498968	0
11	65499306	65499618	441
11	65499339	65499688	487
11	65499463	65500911	423
11	65500399	65500536	622
11	65502394	65502636	152
11	65502394	65504325	367
11	65503121	65503728	359
11	65503800	65504132	281
11	65503906	65506259	254
11	65504207	65504325	27
11	65504359	65504657	277
11	65504596	65504819	372
11	65505020	65506385	240
11	65505279	65505503	231
11	65505279	65505590	250
11	65505279	65506385	220
11	65505663	65506385	117
11	65514924	65514402	0
11	65535383	65535952	27
11	65535632	65535952	28
11	65537030	65537031	13
11	65537881	65537966	22
11	65537881	65538003	28
11	65537881	65538269	64
11	65538183	65538269	76
11	65538183	65538441	63
11	65538325	65538441	54
11	65538325	65538446	52
11	65539460	65538804	102
11	65539460	65538816	107
11	65539460	65538817	106
11	65539460	65538818	106
11	65539460	65538990	8
11	65539460	65539051	5
11	65539460	65539194	2
11	65539629	65539327	3
11	65539629	65539335	4
11	65539629	65539410	8
11	65540955	65540485	55
11	65541294	65540796	54
11	65541294	65540870	57
11	65541621	65541125	5
11	65541729	65541125	5
11	65541832	65540994	22
11	65542039	65541125	22
11	65543225	65541599	40
11	65543550	65543104	37
11	65545771	65542406	97
11	65546565	65543426	83
11	65546760	65543426	82
11	65546921	65546195	62
11	65546921	65546441	14
11	65548046	65547689	45
11	65548920	65547689	70
11	65551225	65547919	173
11	65551225	65547969	145
11	65551225	65548018	172
11	65551565	65551401	68
11	65551780	65551125	127
11	65551877	65551401	118
11	65552158	65551547	107
11	65552407	65551511	72
11	65552407	65551971	26
11	65552407	65552111	23
11	65552407	65552123	23
11	65570511	65570603	13
11	65581966	65583591	60
11	65582017	65584240	60
11	6558298	6558484	5
11	65583766	65584240	43
11	65584399	65584485	16
11	65591874	65591959	3
11	65591874	65591975	3
11	65593384	65592854	9
11	65593384	65592868	12
11	65593502	65592865	13
11	65593520	65593309	13
11	65593875	65592854	5
11	65593875	65593309	6
11	65595809	65593475	0
11	65595997	65592854	3
11	65595997	65593475	1
11	65599769	65597754	4
11	65599769	65597755	4
11	65599769	65597757	4
11	65605643	65599450	4
11	65605853	65599393	4
11	65605853	65605592	3
11	65606082	65605760	2
11	65606397	65605721	3
11	65606759	65605945	2
11	65606805	65605945	2
11	65607027	65605945	1
11	65607514	65606434	2
11	65607514	65606690	0
11	65607698	65607269	1
11	65607817	65607269	22
11	65607871	65607164	25
11	65608071	65607269	16
11	65608071	65607640	24
11	65608071	65607801	23
11	65608423	65607921	25
11	65608435	65607921	25
11	65608449	65607269	21
11	65608449	65607705	21
11	65608449	65607921	21
11	65608449	65607929	21
11	65608806	65608023	19
11	65611302	65608267	7
11	65614243	65608267	13
11	65614249	65608267	13
11	65614250	65608267	13
11	65615383	65607640	8
11	6563565	6563692	2
11	6563565	6563761	2
11	65646664	65646969	46
11	65655001	65653598	108
11	65655001	65653601	108
11	65655705	65653596	46
11	65655763	65653595	45
11	65655763	65653601	45
11	65655763	65653966	34
11	65655763	65654811	29
11	65655763	65654818	29
11	65655936	65653600	20
11	65655936	65655687	1
11	65655936	65655706	1
11	65658318	65655854	14
11	65658500	65655687	10
11	65658500	65655854	10
11	65658500	65655856	10
11	65658823	65655854	8
11	65658823	65658286	8
11	65658823	65658429	10
11	65658823	65658488	10
11	65659744	65655854	8
11	65659789	65658717	8
11	65659798	65658601	7
11	65659798	65658717	8
11	65659798	65658729	7
11	65659798	65658731	7
11	6565992	6566100	5
11	6565992	6566240	4
11	6565992	6566586	4
11	65660163	65658768	7
11	65660216	65658717	6
11	65660216	65659665	7
11	65660216	65659681	5
11	65660216	65659743	8
11	65660793	65659665	12
11	65661820	65660123	21
11	65661836	65659665	11
11	65661836	65660051	22
11	65661836	65660123	22
11	65661836	65660155	19
11	65661836	65660171	21
11	65661836	65660188	23
11	65661869	65660123	19
11	65662089	65659665	13
11	65662089	65660123	19
11	65662089	65661407	30
11	65662089	65661686	31
11	65662206	65659665	16
11	65662206	65660123	16
11	65662206	65661510	30
11	65662206	65661632	28
11	65662206	65661686	31
11	65662206	65661936	28
11	65662206	65661942	29
11	65662348	65661936	22
11	65662429	65661936	18
11	65662898	65661936	3
11	65662900	65661936	2
11	65662919	65661936	2
11	6566394	6566586	4
11	6570101	6570246	1
11	6570101	6571635	7
11	6570397	6570617	11
11	65712280	65712349	13
11	65712280	65712378	13
11	65712835	65712921	1
11	6571424	6571635	6
11	65714744	65714820	24
11	65716018	65715031	33
11	65717894	65715000	45
11	65718470	65715932	42
11	65718750	65718872	80
11	65718776	65718872	83
11	65718955	65719046	58
11	65719810	65714004	13
11	65719810	65715079	22
11	65719810	65717662	52
11	65719810	65717708	56
11	65719810	65717714	57
11	65719810	65717737	56
11	65719810	65718535	64
11	65720165	65717244	57
11	65720165	65717672	37
11	65720165	65717708	34
11	65720165	65719680	4
11	65720418	65719720	14
11	65720418	65720044	14
11	65720469	65720044	16
11	65720483	65720044	18
11	65720487	65720044	17
11	65720527	65720044	16
11	65720587	65717708	29
11	65720799	65720053	19
11	65720799	65720241	12
11	65720802	65720241	12
11	65720804	65720241	12
11	65720819	65720044	19
11	65720948	65720241	7
11	65780803	65775892	25
11	65789876	65789050	0
11	65790022	65789050	0
11	65790869	65789050	0
11	65797220	65795945	0
11	65824649	65823021	0
11	65826610	65824522	0
11	65831771	65826321	0
11	65849541	65849919	2
11	65849583	65849919	2
11	65850031	65850149	2
11	65850272	65850430	0
11	65851161	65851327	0
11	65851404	65851639	0
11	65855731	65854674	75
11	65855731	65854836	151
11	65855731	65854974	393
11	65855731	65855008	218
11	65855731	65855053	75
11	65855731	65855240	75
11	65855731	65855256	75
11	65855731	65855357	68
11	65855731	65855417	64
11	65856243	65855653	70
11	65856474	65855653	63
11	65856965	65855934	50
11	65857034	65855934	53
11	65857544	65855956	58
11	65857869	65855934	52
11	65858158	65826275	0
11	65858195	65854831	50
11	65858334	65855934	53
11	65858343	65855973	41
11	65858631	65855934	23
11	65859290	65855934	44
11	65860889	65860972	8
11	65861422	65855934	9
11	65861436	65861946	13
11	65861589	65855934	13
11	65862027	65861370	15
11	65863503	65863577	4
11	65863503	65863599	4
11	65863503	65863803	17
11	65863658	65863803	25
11	65863722	65863800	24
11	65863722	65863803	24
11	65863722	65864496	6
11	65863902	65864496	6
11	65864089	65864496	5
11	65864816	65865016	149
11	65864816	65865114	145
11	65864816	65865219	118
11	65865146	65865219	97
11	65865895	65865985	51
11	65866935	65866446	4
11	65867080	65866440	3
11	65867080	65866441	3
11	65867080	65866446	3
11	65867080	65866447	3
11	65867080	65866564	4
11	65867081	65866440	3
11	65867668	65866844	5
11	65867907	65866865	3
11	65868008	65867020	4
11	65868014	65866978	4
11	65868057	65866446	2
11	65868057	65866809	2
11	65868057	65866824	3
11	65868057	65866844	5
11	65868417	65867860	1
11	65868422	65867860	1
11	65868422	65867885	2
11	65868422	65867889	2
11	65868430	65867672	2
11	65868513	65867860	2
11	65868537	65868294	2
11	65868630	65868294	2
11	65869513	65868509	0
11	65869923	65868294	2
11	65869977	65868479	2
11	65869977	65868509	2
11	65870238	65869856	1
11	65870659	65869359	0
11	65870659	65870120	0
11	65870659	65870178	0
11	65870659	65870215	0
11	65871203	65870120	2
11	65872019	65870535	0
11	65872019	65871156	2
11	65872020	65870120	2
11	65872362	65871156	1
11	65872362	65871415	1
11	65872362	65871969	0
11	65872655	65871969	0
11	65883425	65883507	2
11	65884490	65883740	2
11	65884490	65883920	2
11	65884490	65883922	2
11	65884490	65883924	2
11	65884490	65884008	1
11	65884509	65883947	2
11	65884999	65884391	28
11	65884999	65884569	40
11	65884999	65884602	40
11	65885137	65884569	30
11	65885187	65884569	27
11	65885187	65884911	27
11	65885187	65884934	24
11	65885573	65885077	21
11	65885581	65885077	21
11	65885630	65884934	19
11	65885664	65885077	19
11	65885711	65885077	20
11	65886423	65885077	22
11	65886423	65885330	16
11	65886423	65885508	22
11	65886423	65885529	22
11	65886423	65886106	15
11	65887727	65885077	23
11	65887727	65885508	22
11	65887727	65885529	22
11	65887727	65886321	16
11	65888133	65886727	20
11	65888133	65887599	21
11	65888437	65887933	20
11	65888462	65887933	16
11	65888491	65887933	20
11	65888511	65887329	15
11	65888514	65887933	21
11	65888515	65887933	21
11	65888532	65887933	20
11	65888540	65887933	21
11	65894117	65892644	293
11	65894122	65892219	294
11	65894122	65893003	244
11	65897007	65892473	319
11	65900420	65892048	365
11	65919063	65916809	459
11	65919118	65916807	428
11	65919853	65919947	66
11	65920463	65920547	24
11	65920463	65920568	24
11	65947017	65947109	0
11	65966219	65966349	1
11	65999398	65996544	16
11	65999398	65998388	10
11	65999398	65998432	12
11	65999398	65998492	9
11	65999398	65998566	8
11	65999398	65998613	8
11	65999676	65999349	6
11	65999676	65999359	6
11	65999676	65999362	6
11	66000162	65999566	4
11	66000162	65999636	4
11	66000407	66000052	4
11	66000477	66000052	4
11	66000482	65999897	4
11	66000482	66000052	4
11	66000483	66000098	12
11	66000506	66000052	11
11	66000743	66000052	30
11	66002158	66000052	35
11	66002162	66000052	35
11	6600583	6595074	3
11	6600583	6599919	0
11	6600776	6599942	0
11	6600776	6600485	0
11	6601305	6600668	4
11	6601603	6600668	4
11	6601603	6600925	19
11	66017175	66016751	0
11	66017175	66016752	0
11	6602216	6600925	2
11	6602216	6601148	4
11	6602265	6601253	3
11	6603580	6600668	5
11	6603823	6604179	11
11	6603823	6604225	10
11	6604421	6603641	14
11	66045528	66041951	0
11	66045576	66042363	0
11	66049152	66044990	0
11	66049181	66045290	0
11	66052720	66053026	0
11	66068334	66068673	19
11	66069620	66067276	22
11	6608212	6608393	47
11	6608490	6608693	35
11	6608490	6608883	38
11	6608490	6609070	38
11	6608490	6609298	39
11	6608490	6610602	38
11	6608791	6608883	39
11	6608968	6609070	38
11	6608968	6609298	44
11	6608979	6608666	38
11	6609157	6609298	47
11	6609409	6609511	17
11	6609640	6609723	11
11	6609846	6609935	17
11	6610036	6610147	22
11	6610136	6608836	16
11	6610279	6610461	20
11	6611304	6606295	25
11	6611304	6610841	8
11	6611304	6610844	8
11	6611304	6610882	7
11	6611453	6611187	9
11	6611453	6611188	9
11	6611819	6611387	48
11	6611949	6611188	35
11	6612142	6611387	26
11	6612178	6611400	25
11	6612540	6611663	17
11	6612668	6611663	2
11	6614992	6611534	56
11	6614992	6612762	109
11	6614992	6612771	108
11	6614992	6612781	108
11	6614992	6612783	107
11	6614992	6612785	107
11	6614992	6612793	107
11	6614992	6612800	105
11	6614992	6612808	104
11	6614992	6612831	93
11	6614992	6612842	93
11	6614992	6612857	92
11	6614992	6612875	84
11	6614992	6612911	80
11	6614992	6612967	85
11	6614992	6612975	86
11	6614992	6613032	101
11	6614992	6613303	121
11	6614992	6614600	3
11	6615330	6614865	3
11	6615456	6612781	26
11	6615546	6615170	9
11	6615563	6615170	9
11	6615563	6615321	13
11	6616075	6615170	30
11	6616480	6616004	34
11	6616483	6614865	35
11	6616504	6616004	30
11	6616595	6616004	34
11	6616860	6615170	30
11	6616860	6616004	34
11	6616860	6616314	20
11	6617154	6616004	34
11	6617154	6616314	34
11	6617154	6616543	34
11	6617154	6616660	34
11	6617429	6616004	28
11	6617429	6616314	20
11	6617429	6616422	41
11	6617429	6616511	24
11	6617429	6616598	20
11	6617429	6616649	19
11	6617429	6616660	27
11	6617429	6616974	10
11	6617465	6616974	10
11	6617777	6615441	12
11	6617777	6616314	20
11	6617777	6616974	9
11	6617777	6617061	10
11	6617777	6617207	9
11	6617777	6617300	9
11	6617777	6617353	9
11	6617777	6617358	9
11	6618339	6616974	10
11	6618809	6617625	12
11	6618892	6617625	9
11	6618916	6616314	10
11	6618916	6616546	11
11	6618916	6616660	11
11	6618916	6616974	13
11	6618916	6617300	10
11	6618916	6617625	9
11	6619260	6618775	6
11	6619268	6616974	8
11	6619268	6617300	12
11	6619268	6617625	8
11	6619268	6617747	7
11	6619268	6618056	6
11	6619268	6618775	6
11	6619354	6618775	2
11	6619370	6618775	2
11	6619373	6618775	2
11	6619382	6616974	9
11	6619382	6617625	6
11	6619382	6618775	2
11	6619397	6618775	2
11	6619402	6619195	0
11	6619404	6619195	0
11	6619410	6617625	5
11	6619414	6616974	11
11	6619414	6617625	4
11	6619414	6618775	3
11	6619414	6619195	0
11	6619422	6618775	3
11	6619422	6619195	0
11	6619423	6619195	0
11	6619430	6618214	4
11	6619430	6619195	0
11	6619449	6619195	0
11	6619486	6619195	0
11	66216776	66217505	6
11	6622056	6622107	3
11	66246240	66244839	4
11	6624869	6621322	8
11	66261417	66259566	33
11	66261835	66261263	51
11	66265221	66264776	2
11	66266491	66266872	37
11	66268130	66267634	1
11	66271870	66272156	6
11	66272253	66272364	1
11	66277488	66276778	197
11	66277493	66276868	149
11	66278526	66269831	19
11	66283392	66283569	15
11	66284967	66284579	20
11	66284967	66284580	20
11	66285336	66284579	13
11	66285537	66284579	15
11	66285537	66284868	21
11	66285537	66284872	21
11	66285624	66284872	21
11	66285647	66284579	16
11	66285759	66284579	16
11	66285759	66284872	25
11	66285759	66284915	31
11	66285759	66285380	33
11	66285759	66285460	32
11	66287677	66285483	34
11	66287677	66285700	29
11	66287677	66286940	13
11	66287917	66287140	14
11	66287917	66287597	7
11	66288293	66287211	13
11	66288293	66287811	25
11	66289008	66288080	13
11	66289038	66288080	15
11	66289129	66287597	10
11	66289129	66287811	8
11	66289136	66287933	12
11	66289138	66288080	10
11	66289144	66288080	10
11	66289146	66288080	10
11	66289171	66288080	10
11	66333410	66330241	2
11	66333410	66332061	97
11	66333410	66332209	120
11	66333410	66332222	123
11	66333410	66332608	100
11	66333554	66332589	82
11	66333659	66333257	2
11	66335252	66333526	181
11	66335252	66333918	181
11	66335474	66334513	214
11	66335499	66334513	211
11	66335683	66333918	221
11	66335683	66335406	161
11	66335692	66335406	161
11	66335701	66334998	178
11	66335877	66334513	188
11	66335877	66335609	47
11	66335877	66335640	46
11	66338283	66337332	17
11	66338283	66337338	17
11	66338786	66337338	10
11	66338786	66337368	17
11	66338786	66337777	25
11	66338786	66338242	18
11	66340214	66338242	16
11	66340214	66338720	12
11	66340871	66340120	10
11	66341047	66340773	10
11	66341334	66340773	10
11	66341334	66340966	9
11	66341624	66340773	10
11	66341624	66340966	13
11	66341624	66341205	13
11	66341624	66341212	13
11	66342122	66341532	8
11	66342242	66341532	8
11	66344813	66342095	3
11	66345080	66342095	3
11	66345084	66342095	3
11	66345090	66342095	3
11	66345120	66342095	2
11	66345126	66341948	3
11	66345126	66342095	2
11	66347693	66345371	3
11	66364425	66362520	17
11	66364425	66362521	17
11	66364425	66362522	17
11	66366022	66364224	22
11	6641734	6634117	2
11	66423714	66423834	0
11	66436910	66435833	2
11	66436910	66435837	2
11	66437264	66435074	6
11	66437264	66435079	6
11	66437264	66435837	4
11	66466739	66438163	0
11	66474226	66473489	3
11	66475105	66474143	3
11	66475105	66474358	4
11	66480193	66474929	7
11	66480232	66474929	7
11	66480232	66477345	2
11	66480234	66477719	3
11	66491625	66491697	3
11	66495269	66495364	1
11	66510707	66511012	6
11	66515587	66515692	6
11	66515732	66515860	10
11	66523366	66523455	8
11	66524277	66520636	7
11	66527007	66521081	3
11	66527007	66524154	1
11	66529489	66526935	2
11	66531743	66531950	1
11	66532206	66532295	23
11	66543982	66526935	1
11	66543982	66529311	1
11	66543982	66535897	5
11	66543982	66542483	0
11	66560385	66558865	0
11	66564147	66563462	4
11	66564649	66563463	4
11	66564649	66564087	3
11	66564807	66564087	1
11	66564807	66564536	1
11	66564807	66564557	1
11	66564807	66564574	1
11	66565007	66564741	0
11	66565750	66564886	0
11	66565752	66564886	0
11	66565928	66564797	0
11	66565928	66564886	0
11	66566402	66566021	0
11	66566405	66566021	0
11	66567307	66566290	2
11	66567322	66566021	2
11	66567322	66566290	2
11	66567322	66566374	2
11	66599254	66599458	36
11	66643529	66643858	164
11	66666494	66665547	40
11	66666496	66665453	43
11	66668686	66666271	38
11	66668836	66665905	33
11	66669292	66664997	16
11	66670984	66668970	6
11	66677092	66665294	7
11	66677092	66668614	11
11	66677092	66670935	7
11	66677749	66668614	14
11	66677825	66676667	9
11	66677838	66676667	9
11	66677878	66675559	15
11	66677922	66676667	9
11	66686441	66685247	58
11	66686441	66685249	60
11	66686441	66685828	32
11	66686518	66685651	28
11	66687168	66685251	11
11	66687168	66686397	3
11	66687525	66686792	8
11	66687648	66686993	9
11	66687919	66687426	3
11	66687919	66687611	3
11	66688850	66688168	10
11	66688918	66688168	5
11	66689181	66688652	8
11	66689181	66688820	6
11	66689357	66688652	6
11	66694364	66693771	8
11	66696541	66694138	5
11	66696541	66694334	1
11	66705469	66688652	2
11	66705469	66689350	1
11	66713747	66710916	1
11	66715396	66714315	1
11	66715982	66715221	5
11	66715982	66715353	5
11	6682401	6681150	15
11	6682816	6680781	14
11	6683297	6681950	13
11	6683317	6682148	10
11	66843070	66843168	6
11	66843641	66843758	26
11	66843862	66843955	9
11	66843862	66843959	9
11	66845238	66845499	11
11	66845238	66845859	20
11	66845563	66845859	23
11	66849272	66848898	18
11	66849371	66848232	11
11	66849371	66848512	6
11	66849371	66848524	6
11	66849371	66848525	6
11	66849371	66848557	9
11	66850924	66850219	14
11	66851281	66850673	8
11	66851281	66850853	24
11	66858357	66857882	171
11	66860476	66858335	33
11	66863957	66853238	22
11	66863957	66860417	6
11	66863957	66860447	6
11	66871481	66871051	0
11	66871872	66871313	0
11	66871872	66871314	0
11	66871872	66871371	0
11	66952469	66872023	0
11	66954410	66952429	0
11	66954437	66952295	0
11	66954437	66952429	0
11	66957903	66952429	0
11	66958377	66952429	0
11	67027836	67030121	0
11	67280784	67281092	30
11	67281953	67282270	50
11	67281953	67282434	45
11	67282366	67282434	45
11	67283229	67283706	15
11	67283229	67283853	13
11	67283229	67284210	17
11	67283774	67283853	17
11	67283950	67284210	34
11	67284984	67285074	80
11	67289966	67290077	14
11	67290214	67290321	45
11	67291522	67291602	28
11	67299125	67299529	115
11	67301399	67301487	98
11	67301652	67301731	53
11	67301652	67301788	46
11	67306963	67307041	8
11	67307738	67307845	6
11	67311664	67312382	40
11	67352803	67350776	13
11	67352803	67351547	6
11	67352803	67351571	12
11	67352803	67351808	11
11	67353078	67351607	11
11	67353078	67352690	4
11	67353079	67351547	5
11	67353161	67352458	6
11	67353491	67351564	12
11	67353515	67352987	17
11	67353519	67352987	19
11	67353526	67352531	13
11	67353535	67352892	15
11	67353535	67352987	15
11	67353547	67352987	15
11	67353562	67351552	16
11	67353580	67352987	16
11	67353596	67352987	16
11	67356973	67352987	4
11	67367627	67364167	55
11	67367627	67364961	56
11	67373585	67352987	28
11	67392079	67392160	29
11	67396022	67396110	15
11	67398857	67398182	76
11	67398857	67398200	65
11	67398857	67398430	29
11	67399164	67398581	23
11	67399164	67398721	22
11	67399164	67398739	22
11	67399607	67398721	8
11	67399666	67398935	10
11	67399666	67398939	11
11	67400920	67398939	11
11	67400920	67399560	5
11	67401200	67400688	12
11	67401200	67400854	5
11	67401200	67400858	5
11	67401233	67400688	12
11	67401578	67401067	16
11	67401605	67400688	14
11	67401789	67401067	16
11	67401794	67401067	16
11	67401816	67400715	15
11	67401872	67400688	18
11	67401932	67401067	9
11	67405702	67405902	0
11	67405702	67405906	0
11	67405702	67406626	1
11	67406018	67406626	1
11	67406018	67406826	1
11	67406693	67406826	0
11	67406693	67408978	2
11	67406739	67406826	0
11	67407017	67408978	3
11	67407265	67401067	3
11	67409455	67409871	1
11	67416203	67417406	1
11	67419598	67401067	0
11	67420678	67420755	2
11	67428624	67428912	41
11	67428624	67428981	34
11	67428624	67429119	31
11	67429023	67429119	0
11	67429596	67431367	8
11	67429596	67432599	9
11	67431516	67432352	40
11	67431516	67432355	40
11	67431516	67432599	31
11	67432493	67432599	33
11	67433043	67433125	34
11	67433195	67433339	45
11	67433217	67433339	41
11	67434058	67434197	9
11	67434485	67434581	18
11	67434695	67434988	43
11	67435400	67431366	10
11	67438068	67435509	11
11	67438950	67435509	15
11	67438950	67438047	24
11	67438950	67438075	27
11	67438950	67438081	36
11	67438950	67438282	49
11	67440264	67439785	28
11	67440440	67440117	37
11	67440485	67440117	37
11	67440522	67440230	40
11	67440837	67440334	48
11	67441245	67440117	28
11	67441245	67440334	38
11	67441245	67440701	27
11	67441245	67440743	26
11	67441515	67440790	30
11	67441515	67441124	26
11	67441863	67441332	13
11	67442089	67441235	11
11	67442089	67441732	8
11	67442089	67441768	9
11	67452647	67452737	0
11	6746440	6713535	0
11	67464857	67461709	0
11	67464857	67464352	3
11	67464857	67464391	3
11	67464857	67464463	3
11	67464857	67464504	3
11	67464857	67464536	3
11	67464857	67464622	1
11	67465101	67464357	5
11	67465109	67464357	5
11	67467389	67464802	8
11	67467389	67465055	9
11	67467389	67467047	9
11	67467535	67467164	2
11	67467564	67466807	9
11	67467564	67467297	2
11	67467564	67467311	2
11	67467591	67465906	11
11	67467591	67467311	2
11	67468093	67467298	3
11	67468093	67467311	3
11	67468093	67467338	2
11	67468093	67467483	2
11	67468093	67467500	2
11	67468200	67467500	2
11	67469169	67468027	0
11	67469234	67468016	0
11	67469235	67468027	0
11	67469237	67467500	1
11	67469237	67468016	0
11	67469237	67468027	0
11	67469240	67468027	0
11	67469244	67468027	0
11	67469251	67468027	0
11	67469269	67468016	0
11	67469273	67467763	0
11	67469273	67468027	0
11	674784	653940	2
11	674784	653961	2
11	67493063	67491767	8
11	67493063	67491768	8
11	67493594	67492933	9
11	67493838	67493409	17
11	67494071	67493443	28
11	67494361	67493687	1
11	67494361	67493921	2
11	67494946	67494243	1
11	67494957	67494243	1
11	67494957	67494295	0
11	67495226	67494845	2
11	67495280	67494845	6
11	67495603	67495076	14
11	67495603	67495139	14
11	67499831	67498939	4
11	67500010	67499722	8
11	67500014	67499638	6
11	67500409	67499770	15
11	67500422	67499913	29
11	67502087	67500094	5
11	67502414	67501861	7
11	67502414	67502012	8
11	67502414	67502038	8
11	67502414	67502046	8
11	67502629	67501967	10
11	67502719	67502291	21
11	67502719	67502296	21
11	67504222	67502503	5
11	67504222	67502532	12
11	67504222	67503839	7
11	67504253	67502503	5
11	67504370	67502503	7
11	67505315	67502503	8
11	67507498	67506496	5
11	67507498	67506511	5
11	67507498	67506619	11
11	67507690	67507052	7
11	67507690	67507364	2
11	67508077	67507210	12
11	67508650	67507364	12
11	67519941	67518911	0
11	67519941	67518915	0
11	67519941	67518946	0
11	67519941	67518953	0
11	67584170	67584463	64
11	67584170	67584684	59
11	67584571	67584684	10
11	67584773	67585037	55
11	67584773	67585137	63
11	67586212	67586388	97
11	67586274	67586388	98
11	67605965	67604052	0
11	67606012	67602879	0
11	67606707	67605892	0
11	67607077	67607298	368
11	67607077	67607365	340
11	67608458	67608551	256
11	67608479	67608551	269
11	67608479	67608559	264
11	67610571	67610994	197
11	67611208	67611402	45
11	67611208	67611476	60
11	67611208	67611521	82
11	67611570	67611896	58
11	67611979	67612119	38
11	67613140	67612836	4
11	67613357	67613042	2
11	67613582	67612652	1
11	67613612	67613051	1
11	67613612	67613274	1
11	67614940	67613453	1
11	67614940	67613524	0
11	67615206	67614888	1
11	67615398	67615070	0
11	67615687	67615287	0
11	67615802	67614857	0
11	67628401	67627938	2
11	67629052	67627937	2
11	67629052	67628322	2
11	67629922	67627938	3
11	67632413	67631302	0
11	67644870	67642554	0
11	67644870	67642700	0
11	67652962	67651575	0
11	67663762	67662161	0
11	67663762	67662162	0
11	67664563	67663066	0
11	67664563	67663661	0
11	67665302	67664420	0
11	67665672	67664228	0
11	67665672	67664395	0
11	67666204	67665284	0
11	67666204	67665547	0
11	67666402	67666121	0
11	67666402	67666156	0
11	67666695	67666315	0
11	67667017	67666573	0
11	67667017	67666646	0
11	67713938	67711701	0
11	6771977	6765625	0
11	67749132	67735599	0
11	67751819	67748475	0
11	67751819	67749042	0
11	67796834	67791766	3
11	67796834	67793195	1
11	67797670	67791783	1
11	67797926	67796683	2
11	67799476	67796682	2
11	67803065	67791647	2
11	67803065	67796683	4
11	67820499	67812556	0
11	6785403	6790661	0
11	67873368	67829734	0
11	678780	674371	0
11	678823	674535	0
11	67936992	67934562	0
11	67955803	67939682	0
11	679817	674535	0
11	67993795	67991103	2
11	67993795	67991817	3
11	67996785	67991103	5
11	6799690	6791735	0
11	67997800	67996601	5
11	67997800	67996771	7
11	67998453	67997557	9
11	67998453	67997674	8
11	67999195	67998358	5
11	67999306	67998358	3
11	67999306	67998386	5
11	67999376	67998376	5
11	67999681	67999172	15
11	68003176	67999315	5
11	68003176	67999518	10
11	68003470	67999175	4
11	68003799	67999518	5
11	68015460	68018526	6
11	68025333	68024808	9
11	68029421	68025186	1
11	68032210	68032285	46
11	68032337	68032922	79
11	68032524	68032922	78
11	68033013	68033110	32
11	68043032	68043370	111
11	68043498	68043570	61
11	68047805	68047881	103
11	68049295	68049662	118
11	68050255	68050486	78
11	68053086	68053358	97
11	68053086	68053361	97
11	68061726	68053511	10
11	68061831	68053514	13
11	68062035	68052858	12
11	68062035	68053819	9
11	68066517	68065785	2
11	68068938	68066428	1
11	68068938	68066471	2
11	68068938	68066502	0
11	68070294	68068878	0
11	68070858	68070188	0
11	68070858	68070222	0
11	68074831	68070723	0
11	68074831	68070815	0
11	68167179	68154862	2
11	68167179	68156039	2
11	68167179	68157579	3
11	68167179	68158292	2
11	68167179	68165718	19
11	68171152	68165714	5
11	68171152	68166406	5
11	68171152	68166981	5
11	68171252	68171014	4
11	68171252	68171118	4
11	68171297	68171014	3
11	68171710	68171014	3
11	68171710	68171231	3
11	68173914	68171542	2
11	68173914	68171653	1
11	68173914	68171676	4
11	68174211	68173803	1
11	68175184	68173803	1
11	68175184	68173882	1
11	68175184	68174087	0
11	68176715	68175017	3
11	68179538	68175017	3
11	68179823	68175017	1
11	68180166	68175017	2
11	68180201	68175017	2
11	68180201	68175046	4
11	68180201	68179469	1
11	68185929	68175017	1
11	68185929	68180131	2
11	68185929	68180154	2
11	68190077	68185780	2
11	68190082	68185780	2
11	68190153	68185780	1
11	68212755	68189916	0
11	68213287	68189916	0
11	68213318	68185780	0
11	68213416	68189916	0
11	68213568	68189605	0
11	68213596	68189916	0
11	68213602	68189916	0
11	68213679	68185780	0
11	68213829	68189916	0
11	68262919	68261608	130
11	68263356	68261462	38
11	68263715	68262462	36
11	68263867	68261334	38
11	68263867	68262730	37
11	68268252	68263572	7
11	68268252	68263691	7
11	68268252	68267100	7
11	68268252	68267179	9
11	68268252	68267460	8
11	68268279	68263691	7
11	68271917	68268053	17
11	68271919	68268053	17
11	68271948	68267739	17
11	68271948	68268053	16
11	68271963	68268053	17
11	68271972	68268053	18
11	68271990	68268053	18
11	68272002	68268053	20
11	6850819	6821941	0
11	68616020	68612898	36
11	68616231	68615881	0
11	68616287	68615791	0
11	68616448	68615744	0
11	686998	684897	0
11	68708501	68707441	0
11	68708501	68707558	0
11	68710607	68708365	0
11	68711050	68707439	0
11	68711050	68708365	0
11	68733726	68732586	0
11	68738789	68715836	0
11	68738789	68733653	0
11	68738799	68737327	0
11	68742395	68738461	0
11	68742395	68738699	0
11	68745112	68736131	0
11	68745112	68742317	1
11	68747367	68738699	0
11	68747367	68744872	0
11	68747367	68744990	0
11	68750266	68747207	0
11	68750612	68747145	0
11	68750700	68747207	0
11	68759662	68754619	3
11	68759662	68754621	3
11	68759662	68754888	1
11	68759662	68757612	3
11	68762762	68761534	3
11	68773430	68762626	1
11	68793403	68784814	0
11	68793403	68785743	0
11	687937	686857	0
11	688058	686857	1
11	688058	686920	1
11	688058	686931	1
11	688058	686971	1
11	68807639	68803999	0
11	68812577	68807466	0
11	68812577	68807515	0
11	68812577	68807566	0
11	68815488	68812436	0
11	68815488	68812437	0
11	68815504	68812436	0
11	688461	687910	5
11	688461	687911	5
11	68892994	68891275	12
11	68892994	68891282	11
11	68893456	68891278	9
11	68893456	68892491	14
11	68893456	68892889	12
11	68893456	68892894	12
11	68893456	68892968	13
11	68896679	68892889	6
11	68898013	68893402	9
11	68898013	68896468	2
11	68898013	68896514	2
11	68900606	68897593	7
11	68900606	68897926	10
11	68903815	68897926	2
11	68942853	68941502	6
11	69004648	69004988	0
11	69009958	69004397	0
11	69009969	69004394	0
11	69013247	69009416	0
11	69013383	69009853	0
11	69013410	69009853	0
11	69079021	69079833	8
11	691598	689662	2
11	691599	688330	4
11	69168440	69147227	0
11	6924576	6850753	0
11	69295496	69295591	1
11	69295640	69295899	0
11	69444744	69438364	0
11	69479941	69477132	0
11	69481546	69475566	0
11	69490534	69491026	1
11	69491161	69491312	3
11	6955783	6956171	19
11	69654385	69653075	1446
11	69654385	69653172	1446
11	69654411	69653075	1546
11	69656653	69653075	3
11	69656653	69654157	3
11	69658431	69654157	4
11	69667588	69665648	88
11	69667588	69666666	79
11	69668013	69656599	3
11	69668013	69665562	48
11	69668013	69665565	48
11	69668013	69667041	19
11	69668013	69667263	18
11	69668013	69667444	19
11	69668013	69667478	19
11	69668013	69667493	19
11	69668013	69667510	20
11	69668399	69667608	11
11	69671820	69667505	19
11	69671820	69667894	10
11	69671923	69667894	11
11	69673296	69671748	39
11	69673322	69667894	19
11	69673322	69671377	39
11	69673322	69671748	38
11	69673385	69667894	19
11	69674752	69671748	40
11	69674767	69673215	42
11	69675248	69673215	40
11	69675296	69673221	38
11	69675312	69672869	42
11	69675322	69673215	40
11	69675323	69673215	40
11	69675324	69667894	21
11	69675345	69673215	40
11	69675348	69673215	40
11	69675351	69671748	36
11	69675417	69673215	47
11	69703365	69698231	0
11	69774128	69771015	0
11	69775165	69773348	0
11	69816424	69809968	0
11	69816424	69809989	0
11	698889	700141	17
11	69910995	69909183	0
11	69926814	69921637	0
11	70016451	70014866	0
11	70018356	70014857	0
11	7002852	6999362	3
11	7002852	7001447	0
11	7002856	6999317	3
11	70063925	70056229	0
11	70065372	70056229	0
11	70075207	70072739	0
11	70075434	70072433	0
11	70188098	70189068	33
11	70188510	70187787	37
11	7019746	7002708	0
11	7019746	7015819	0
11	7020369	7002708	0
11	70207388	70206570	54
11	70207391	70206290	81
11	703147	703781	31
11	703147	703799	30
11	70327210	70324870	0
11	70358678	70358197	1
11	70363369	70282366	0
11	70365436	70365940	1
11	70372391	70372476	0
11	70374830	70374917	0
11	70398303	70381090	10
11	70398363	70372245	8
11	70398489	70373409	9
11	70422593	70422939	362
11	70422632	70422939	352
11	70435120	70435465	475
11	70435120	70436281	635
11	70435556	70436281	718
11	70435745	70436281	728
11	70477593	70477276	0
11	70487721	70467855	0
11	70487721	70469434	0
11	70489349	70485313	0
11	70490388	70472818	0
11	70490388	70489327	0
11	70492466	70489012	0
11	70492466	70490166	0
11	70492466	70490275	0
11	70492466	70490302	0
11	70500591	70492334	0
11	70500597	70492334	0
11	70500600	70492334	0
11	70501932	70492334	0
11	70502287	70492334	0
11	70502932	70492431	0
11	70570714	70566386	0
11	70659911	70571292	0
11	70659953	70502795	0
11	70659953	70654145	0
11	706625	697485	9
11	706716	691500	11
11	70698764	70661595	0
11	70698764	70667838	0
11	70698764	70698078	0
11	70698770	70661595	0
11	70798557	70698687	0
11	70807075	70798442	0
11	70807140	70798442	0
11	70807172	70798442	0
11	70820683	70807001	0
11	70820683	70807048	0
11	70826758	70820363	0
11	70873123	70820363	0
11	70895568	70820363	0
11	70896568	70820363	0
11	70896568	70895396	0
11	70951072	70896500	0
11	709609	710027	5
11	709609	710304	3
11	709609	710356	5
11	709609	710421	3
11	71056559	70896384	0
11	71056559	70896500	0
11	71056559	70907634	0
11	71056559	70952701	0
11	71224763	71147119	0
11	71224797	71147119	0
11	71224797	71174692	0
11	71389500	71382600	0
11	71391588	71389333	0
11	71393959	71391385	0
11	71393959	71391485	0
11	71407773	71401743	0
11	71421905	71405745	0
11	71421905	71414159	0
11	71435840	71434964	91
11	71437944	71428192	0
11	71437944	71434413	5
11	71437944	71435307	16
11	71437944	71435441	16
11	71438960	71437811	5
11	71439066	71437811	4
11	71439077	71437811	4
11	71439084	71437811	1
11	71439084	71437902	2
11	71441348	71438748	2
11	71441441	71438878	1
11	71442354	71441226	1
11	71442354	71441359	2
11	71444120	71442262	1
11	71444216	71442262	0
11	71444959	71442262	1
11	71444959	71443992	0
11	71444959	71443996	0
11	71444959	71444033	0
11	71444959	71444040	0
11	71452869	71447609	0
11	71480880	71481355	2
11	71481405	71481922	7
11	71481405	71482000	11
11	71484448	71485541	3
11	71582838	71579713	0
11	71599326	71581909	0
11	71704261	71701267	0
11	71801856	71800540	5
11	71802973	71794362	6
11	71802973	71795961	9
11	71807657	71802857	2
11	71813447	71807592	0
11	71813846	71807592	0
11	71813860	71810300	0
11	71817097	71807590	0
11	71818236	71814044	0
11	71818239	71816909	0
11	71916253	71865508	3
11	71916253	71884312	2
11	71916253	71903659	2
11	71917239	71916073	3
11	71917777	71916073	2
11	71917777	71917190	2
11	71918958	71917620	0
11	71919027	71916594	1
11	71919027	71917620	0
11	71919027	71917697	0
11	71919027	71917716	0
11	71923476	71918884	0
11	71923476	71918923	0
11	71928404	71925932	0
11	71928438	71923308	0
11	71928448	71927577	0
11	71928595	71925932	0
11	71928596	71918884	0
11	71928625	71923308	0
11	71928655	71923308	0
11	71939545	71938670	0
11	71999020	71999227	17
11	71999020	71999258	23
11	71999020	71999926	26
11	71999371	71999616	31
11	71999371	71999926	28
11	71999663	71999926	22
11	72001425	72001783	12
11	72001553	72001783	12
11	72001949	72002552	36
11	72004100	72002863	36
11	72004100	72002864	36
11	72004100	72002872	40
11	72005370	72004639	36
11	72006264	72005232	46
11	72006264	72005242	46
11	72006264	72005285	46
11	72008846	72006034	59
11	72008846	72007188	109
11	72008846	72008091	112
11	72009151	72008437	123
11	72009186	72007188	39
11	72009186	72008687	49
11	72012443	72010785	16
11	72012927	72012258	13
11	72013313	72010785	8
11	72013600	72010785	16
11	72014037	72010785	29
11	72016261	72010785	142
11	72016261	72012400	217
11	72016261	72013604	203
11	72016531	72010785	192
11	72016531	72012894	256
11	72016531	72013701	212
11	72016531	72014947	207
11	72016531	72015428	219
11	72017828	72016407	8
11	72018301	72016975	3
11	72018301	72017279	3
11	72018301	72017686	2
11	72018514	72018182	2
11	72018981	72018395	2
11	72019618	72018822	0
11	72019618	72018902	0
11	72019618	72018961	0
11	72021292	72019493	1
11	72021292	72019555	1
11	72021292	72019598	2
11	72021292	72019600	2
11	72022420	72021203	3
11	72022420	72021225	3
11	72023148	72022201	2
11	72023148	72022338	1
11	72023148	72022382	1
11	72024354	72023064	0
11	72024354	72023081	0
11	72024354	72023107	0
11	72024354	72023129	0
11	72024354	72023137	0
11	72024851	72023064	0
11	72029291	72024070	0
11	72029291	72024273	0
11	72029291	72024298	0
11	72029291	72024304	0
11	72029291	72024312	0
11	72049540	72035901	0
11	72050834	72035901	0
11	72062687	72035901	0
11	72068232	72035901	0
11	72068618	72035901	0
11	72069912	72035901	0
11	72069912	72049418	0
11	72069912	72050661	0
11	72069912	72062588	0
11	72069912	72065198	0
11	72069912	72068078	0
11	72070064	72068104	1
11	72070088	72035901	0
11	72070094	72049418	0
11	72076758	72069841	0
11	72080390	72069841	0
11	72080432	72069841	0
11	72080464	72069841	0
11	72080475	72069841	0
11	72080495	72069841	0
11	72080516	72069841	0
11	72080537	72035901	0
11	72080543	72069841	0
11	72080555	72069841	0
11	72080688	72069841	0
11	72080694	72069841	0
11	72095097	72095378	12
11	72095097	72095693	15
11	72095097	72096722	11
11	72098416	72085894	16
11	72098416	72097291	23
11	72098416	72097426	45
11	72098416	72097819	24
11	72098859	72094437	12
11	72098859	72097291	6
11	72098859	72097347	24
11	72098859	72098288	3
11	72099239	72098780	3
11	72099257	72098536	2
11	72099257	72098780	2
11	72099259	72098780	2
11	72109342	72108817	6
11	72110226	72106377	2
11	72110226	72107158	4
11	72110226	72109228	17
11	72110226	72109582	14
11	72110226	72109586	14
11	72110226	72109588	14
11	72110226	72109589	14
11	72110226	72109649	17
11	72110226	72109801	15
11	72110246	72109586	15
11	72110604	72110070	3
11	72110604	72110087	2
11	72110604	72110163	2
11	72110604	72110210	2
11	72111282	72110543	4
11	72111282	72110589	4
11	72111287	72110543	7
11	72111497	72110543	4
11	72112705	72110543	2
11	721188	721284	3
11	721207	721284	5
11	72139111	72139112	0
11	721692	721902	4
11	721692	722090	6
11	72198737	72163321	0
11	721992	722090	14
11	721992	722400	12
11	722166	722400	14
11	72220990	72220990	0
11	72221033	72221033	0
11	72221177	72221179	0
11	72228451	72228453	191
11	72228787	72228788	136
11	72232337	72232625	96
11	72233523	72233654	118
11	72237707	72237708	419
11	72238176	72238262	21
11	72241193	72239076	0
11	72241290	72239076	0
11	72241290	72239866	0
11	72294127	72285494	9
11	72294127	72292424	33
11	72294127	72292445	36
11	72294127	72293296	4
11	72294127	72293299	4
11	72294127	72293302	4
11	72294127	72293308	4
11	72294127	72293309	4
11	72294445	72294021	6
11	72294694	72294324	3
11	72294694	72294345	3
11	72295649	72294619	2
11	72295649	72294620	2
11	72302349	72301802	0
11	72302374	72301802	0
11	72304198	72302303	11
11	72307255	72301802	1
11	72307255	72302303	5
11	72307255	72302307	5
11	72317221	72308526	0
11	72317221	72310943	0
11	72329805	72317105	0
11	72329805	72317197	0
11	72332955	72329706	0
11	72352567	72329706	0
11	72354390	72336614	0
11	72359009	72329706	0
11	72359009	72329784	0
11	72359009	72354266	0
11	72359009	72354307	0
11	72359009	72356880	0
11	72373015	72358879	0
11	72380327	72358879	0
11	72380385	72358879	0
11	72430364	72380280	0
11	72430364	72402965	0
11	72430364	72408097	0
11	72430364	72428805	0
11	72430422	72408097	0
11	72430446	72402965	0
11	72430495	72402965	0
11	72434641	72402965	0
11	72551920	72551048	0
11	72578340	72576140	2
11	72578340	72576141	2
11	72578340	72577153	0
11	72578340	72577210	0
11	72578340	72577295	0
11	72578340	72577544	0
11	72579010	72578475	0
11	72579384	72578896	0
11	72579384	72578909	0
11	72579384	72578960	0
11	72579506	72578896	0
11	72579609	72576141	0
11	72579609	72579280	0
11	72579609	72579283	0
11	72579897	72579283	0
11	72580625	72579533	1
11	72580625	72579548	1
11	72584729	72584200	0
11	72584945	72584550	2
11	72585435	72584871	0
11	72585594	72585370	0
11	72585594	72585425	0
11	72588915	72586069	0
11	72590245	72589906	0
11	72590420	72589906	0
11	72590581	72590191	0
11	72590581	72590198	0
11	72591357	72590426	0
11	72591357	72590478	0
11	72591357	72590506	0
11	72596627	72590932	0
11	72596649	72591296	0
11	72596649	72591348	0
11	72597620	72596592	0
11	72597620	72596623	0
11	72597620	72596628	0
11	72598604	72597509	0
11	72605227	72586069	0
11	72605227	72591177	0
11	72605227	72591296	0
11	72605227	72597509	0
11	72605227	72597603	0
11	72605227	72598508	0
11	72608752	72605137	0
11	726103	726104	0
11	726171	726303	0
11	72631140	72608661	0
11	72636131	72631077	0
11	72642327	72591296	0
11	72642327	72608661	0
11	72642327	72631077	0
11	72642327	72631081	0
11	72642412	72608661	0
11	72642423	72631077	0
11	72642427	72631077	0
11	72642432	72608661	0
11	72642444	72631077	0
11	72642461	72605198	0
11	72642461	72608661	0
11	72642461	72631077	0
11	72643132	72642253	0
11	72643619	72642253	0
11	72658122	72642253	0
11	72668427	72642253	0
11	72674409	72642253	0
11	72674423	72631077	0
11	72674434	72642253	0
11	72674454	72642253	0
11	72674592	72608661	0
11	72686192	72685068	11
11	72686192	72685069	11
11	72686192	72685074	11
11	72686192	72685587	15
11	72686192	72685607	14
11	72686192	72685643	15
11	72687503	72685694	11
11	72687503	72686041	9
11	72687503	72686094	8
11	72687739	72686041	7
11	72687739	72687259	7
11	72687739	72687438	5
11	72688538	72687438	1
11	72693471	72688454	38
11	72693471	72692752	37
11	72693471	72693107	39
11	72693806	72693138	39
11	72693806	72693324	29
11	72695041	72693691	5
11	72695077	72693691	5
11	72695086	72693691	5
11	72695098	72693676	5
11	72695098	72693691	5
11	72695098	72693759	5
11	72697196	72695541	1
11	72697196	72695717	0
11	72697196	72696548	5
11	72697487	72696548	6
11	72697487	72696982	17
11	72697487	72697090	17
11	72697650	72697322	13
11	72697650	72697375	11
11	72704335	72702904	12
11	727048	708563	2
11	727055	727356	26
11	72705891	72702904	8
11	72705891	72704151	5
11	72709977	72707174	2
11	72710571	72709842	2
11	72710588	72709869	2
11	72755143	72754728	2
11	72755754	72754728	0
11	72755754	72754729	0
11	72755754	72754838	0
11	72755754	72754842	0
11	72755754	72754862	0
11	72755754	72754892	0
11	72755754	72754984	0
11	72755754	72755015	0
11	72755754	72755121	0
11	72755948	72754863	0
11	72757883	72755328	1
11	72757885	72755061	1
11	72757885	72755700	0
11	72757940	72755700	0
11	72758634	72755700	0
11	72758634	72757766	0
11	72758634	72757770	0
11	72759310	72758529	1
11	72759382	72758529	1
11	72759382	72758575	1
11	72780451	72780132	0
11	72781117	72759233	0
11	72781295	72759193	0
11	72781295	72759233	0
11	72781295	72759255	0
11	72781295	72759275	0
11	72781295	72759321	0
11	72781295	72780365	0
11	72781735	72780974	0
11	72781836	72781112	0
11	72781843	72781061	0
11	72781894	72780974	0
11	72782360	72780974	0
11	72782530	72780974	0
11	72785967	72781061	0
11	72785968	72780974	0
11	72790391	72781146	0
11	72792983	72780665	0
11	72792983	72780974	0
11	72793600	72732514	0
11	72793644	72781112	0
11	72793658	72792874	2
11	72793682	72780974	0
11	72803761	72793623	1
11	72822544	72822847	7
11	72822962	72823543	5
11	72822962	72823765	6
11	72822962	72824059	5
11	72822962	72824733	5
11	72823798	72824059	7
11	72824123	72824733	8
11	72826590	72826702	1
11	72826824	72827187	2
11	72828509	72828728	0
11	72840960	72836744	2
11	72840960	72836745	2
11	72840960	72838243	6
11	72840960	72838398	3
11	72840960	72838761	6
11	72842842	72841453	7
11	72843329	72841453	7
11	72843329	72842620	12
11	72843514	72843150	0
11	72843533	72842953	11
11	72843533	72843150	0
11	72843533	72843227	0
11	72849880	72843448	0
11	72849890	72843448	0
11	72868027	72843448	0
11	72887575	72867864	0
11	72887576	72867864	0
11	72984217	72921827	0
11	72984217	72983764	0
11	72989013	72985061	0
11	72989098	72985061	0
11	73001135	72988963	0
11	73001135	72989000	0
11	73015886	72988963	0
11	73215914	73214997	0
11	73296541	73297023	0
11	73308565	73307234	2
11	73392469	73393836	52
11	73393918	73394235	25
11	73394318	73394476	20
11	73394735	73395086	16
11	73396437	73395558	138
11	73405385	73406442	83
11	73407644	73400486	33
11	73407644	73405982	16
11	73411537	73409486	7
11	73420000	73407512	10
11	73420000	73411393	10
11	73420000	73412251	6
11	73430771	73419873	1
11	73430771	73425021	2
11	73468493	73430162	0
11	73468493	73430689	0
11	73598098	73430689	0
11	73598099	73468404	0
11	73598184	73468404	0
11	73598190	73468404	0
11	73662423	73662510	25
11	73679721	73675637	3
11	73679721	73675895	3
11	73679721	73677398	2
11	73679721	73677590	3
11	73679721	73677893	2
11	73679721	73677943	2
11	73707514	73677907	0
11	73707514	73679653	0
11	73707514	73679685	0
11	73707514	73704163	1
11	73720900	73679653	0
11	73730824	73679653	0
11	73730824	73720845	0
11	73760096	73730764	0
11	73760611	73730764	1
11	73760639	73730764	1
11	73760659	73730764	1
11	73761018	73729463	0
11	73761075	73730764	0
11	73761092	73730764	0
11	73761120	73730764	0
11	73761138	73730764	0
11	73851212	73850468	0
11	73874476	73872761	33
11	73876567	73875758	42
11	73876576	73872996	50
11	73876675	73872668	50
11	73876844	73876478	37
11	73876902	73876154	37
11	73876989	73872666	29
11	73928811	73930267	3
11	73964525	73963656	0
11	73964525	73964062	0
11	73966249	73964868	0
11	73970136	73970282	0
11	73970288	73969245	1
11	73975672	73974666	0
11	73975672	73974851	0
11	73976743	73974708	1
11	73976743	73975490	0
11	73976743	73975529	2
11	73977007	73976640	1
11	73977018	73976640	1
11	73977065	73976640	2
11	73978478	73977885	1
11	73980053	73978695	0
11	73980939	73978280	0
11	73981633	73978190	0
11	73981633	73978252	0
11	73981633	73978576	0
11	73981633	73979935	0
11	73982831	73981475	0
11	73982844	73981147	0
11	73982844	73981475	0
11	73983308	73981475	0
11	74002255	74001477	0
11	74004008	74000280	0
11	74004586	74003447	2
11	74004586	74003826	2
11	74006380	74005729	0
11	74007138	74006168	0
11	74007305	74006216	2
11	74016802	74013443	19
11	74028399	74012713	3
11	74028399	74012717	3
11	74033910	74028286	0
11	74034279	74028286	0
11	74037624	74034431	0
11	74037624	74036127	0
11	74037653	74033350	1
11	74037699	74033350	0
11	74037699	74033829	0
11	74037699	74034433	0
11	74037699	74034441	0
11	74042219	74033350	0
11	74049543	74048204	0
11	74054672	74049336	0
11	74054672	74049518	0
11	74078718	74074252	0
11	74084971	74078114	0
11	74084971	74078184	0
11	74085600	74084880	0
11	74085796	74084880	0
11	74085887	74084880	0
11	74090878	74085617	0
11	74090937	74085521	0
11	74090937	74085617	0
11	74100677	74098008	0
11	74103626	74100524	0
11	74103626	74100608	0
11	74109153	74106370	0
11	74109493	74107875	0
11	74113893	74109033	0
11	74114594	74113200	0
11	74114594	74113779	0
11	74132973	74122987	0
11	74132973	74128529	1
11	74132973	74129173	11
11	74139829	74138719	0
11	74161557	74139604	0
11	74161557	74139817	0
11	74164877	74161398	0
11	74168614	74161398	1
11	74168614	74161433	0
11	74168614	74164809	0
11	74170869	74168013	0
11	74170958	74168343	0
11	74170985	74168343	0
11	74170999	74168343	0
11	74171020	74168343	0
11	74171173	74168232	0
11	74171211	74168343	0
11	74243569	74235800	5
11	74247911	74243387	10
11	74251019	74251647	15
11	74260137	74247486	1
11	74267319	74259840	0
11	74267319	74259922	0
11	74268235	74266656	0
11	74268242	74266654	0
11	74268242	74266656	0
11	74268242	74267180	0
11	74269721	74266656	0
11	7428045	7427265	0
11	7428045	7427586	0
11	74285986	74279387	0
11	74286256	74285432	0
11	74286392	74285808	0
11	74338602	74330317	0
11	7435023	7428008	0
11	74368576	74351382	0
11	74398474	74374414	0
11	7440240	7435722	0
11	7440261	7427872	0
11	7440526	7440126	0
11	7440693	7435827	0
11	7441720	7427872	0
11	74455773	74456641	0
11	74462104	74454840	0
11	74462104	74457265	0
11	74462104	74457405	0
11	74462104	74457414	0
11	74462104	74457526	0
11	74462368	74457081	0
11	74493316	74491711	2
11	74493648	74492327	2
11	74493734	74491842	1
11	7450443	7427945	0
11	7450443	7437626	0
11	7450443	7440126	0
11	7450443	7441414	0
11	7456850	7450376	0
11	7457944	7450372	0
11	7457944	7456817	0
11	7457960	7450372	0
11	7461337	7440126	0
11	7461337	7450372	0
11	7461337	7457031	0
11	7461337	7457795	0
11	7461345	7457795	0
11	74697298	74696428	0
11	7469767	7461238	0
11	74701647	74697204	0
11	74702968	74696428	0
11	74702968	74696508	0
11	74702968	74697204	0
11	74702968	74700921	0
11	74702968	74701591	0
11	74703500	74702793	0
11	74703500	74702800	0
11	74704655	74702793	0
11	74731154	74718719	0
11	74731176	74718719	0
11	74731183	74718719	0
11	74731386	74718719	0
11	74836762	74842144	39
11	74843454	74807738	1
11	74843960	74840229	22
11	74843960	74840909	17
11	74843960	74842967	7
11	74844284	74840930	7
11	74844284	74842967	3
11	74844284	74843349	3
11	74844284	74843853	2
11	74845272	74842969	5
11	74845272	74844167	1
11	74848463	74845072	5
11	74851204	74848114	1
11	74852065	74848124	1
11	74852083	74850869	1
11	74852083	74851087	0
11	7485637	7485874	0
11	74859284	74851988	3
11	74863022	74851988	0
11	74863022	74859157	2
11	74864115	74848114	1
11	74906353	74851988	3
11	74906362	74851988	3
11	74906457	74851087	2
11	74906457	74851988	2
11	74906457	74859166	2
11	74906457	74862980	2
11	74907222	74906238	2
11	74907274	74851087	1
11	74907274	74851988	1
11	74907274	74906238	3
11	74907274	74906352	3
11	74910013	74906839	1
11	74921300	74909888	3
11	74921348	74907144	4
11	74921348	74907147	4
11	74921348	74909918	1
11	74927489	74921213	0
11	74930373	74921213	0
11	74930373	74921274	2
11	74930373	74927390	0
11	74933873	74930299	1
11	74933873	74931764	0
11	74936917	74933260	1
11	74937069	74921213	0
11	74937069	74930299	0
11	74937069	74933800	0
11	74937069	74933824	0
11	74988726	74989017	0
11	7504873	7469640	0
11	75081024	75069242	0
11	75090365	75070511	0
11	75090365	75081752	0
11	75096161	75081752	0
11	75096223	75081752	0
11	75096223	75090212	0
11	75096877	75081752	0
11	75096965	75090212	0
11	75099881	75099171	0
11	7512516	7469686	0
11	75133930	75099842	0
11	75200388	75202900	0
11	75202966	75203306	0
11	75203428	75204399	0
11	75210408	75208053	0
11	75211110	75210361	0
11	75215251	75210838	0
11	75215486	75210848	0
11	75241048	75215513	0
11	75241174	75210908	0
11	75260363	75260755	3
11	75264445	75265110	5
11	75267704	75264181	3
11	75267704	75265598	2
11	75268960	75266115	0
11	75271725	75268888	0
11	75272979	75268888	0
11	75272979	75270929	0
11	75272979	75271700	0
11	75274212	75272785	0
11	75274212	75272894	0
11	75274939	75272894	0
11	75276912	75274073	0
11	75276912	75274199	0
11	75278700	75277363	0
11	75278745	75277363	0
11	75281143	75278608	0
11	75281143	75278676	0
11	75281143	75278710	0
11	75281143	75278715	0
11	75282022	75281074	0
11	75282133	75281005	0
11	75283484	75281613	0
11	75283484	75281877	0
11	75283484	75281961	0
11	75351661	75290008	0
11	75351706	75290008	0
11	75401706	75402379	51
11	75401726	75402379	55
11	75401734	75402303	52
11	75401734	75402351	51
11	75404869	75405582	94
11	75404869	75405613	94
11	75423881	75422393	0
11	75423881	75422395	0
11	75423881	75422420	0
11	75425582	75423691	0
11	75426639	75423691	0
11	75426639	75425392	0
11	75426840	75425505	0
11	75428651	75425392	0
11	75437049	75434639	0
11	75437049	75434640	0
11	75437049	75435564	0
11	75438849	75434938	1
11	75441723	75441162	1
11	75441804	75441162	1
11	75442582	75441645	0
11	75442698	75441689	2
11	75443287	75442362	4
11	75444496	75442763	0
11	75444496	75443062	0
11	75444496	75443135	0
11	75456817	75449516	6
11	75456817	75449884	2
11	75456817	75455203	8
11	75457787	75456541	0
11	75457787	75456756	0
11	75462890	75457692	0
11	75477796	75449516	0
11	75477796	75462785	0
11	75477852	75462785	0
11	75490290	75477618	0
11	75490321	75477618	0
11	75490321	75479243	0
11	75490321	75485304	0
11	75508392	75506936	0
11	75508964	75506652	0
11	75516167	75508893	0
11	75517427	75516092	0
11	75525257	75515974	0
11	75525375	75517328	0
11	75525425	75490236	0
11	75525865	75525283	9
11	75525904	75490236	0
11	75562379	75563726	15
11	75562885	75563726	13
11	75563017	75563726	17
11	75563507	75563726	11
11	75566392	75566466	229
11	75566467	75566607	458
11	75572400	75572550	283
11	75597271	75596143	0
11	75599037	75587989	0
11	75606005	75586917	0
11	75606005	75586918	0
11	75608323	75602859	0
11	75608323	75605807	0
11	75638588	75635882	0
11	75668435	75608108	0
11	75668608	75608108	0
11	75669121	75608108	0
11	7572047	7568865	0
11	75728145	75728789	0
11	75762545	75758454	0
11	75796533	75797157	1
11	75801878	75800876	0
11	75811537	75803430	0
11	75811537	75809272	0
11	75811569	75803518	0
11	75811570	75803461	0
11	75813862	75811423	0
11	75814556	75813602	0
11	75814574	75813602	0
11	75814577	75813602	0
11	75814798	75813513	0
11	75815407	75814486	1
11	7597674	7598246	0
11	76137732	76137314	8
11	76191773	76187064	0
11	76191857	76186324	0
11	76194845	76191563	0
11	76194845	76191777	0
11	76196719	76194566	0
11	76196719	76194759	0
11	76206408	76196482	0
11	76206533	76196482	0
11	76206956	76206391	0
11	76210731	76206421	0
11	76215293	76210955	0
11	76355655	76349955	6
11	76355655	76352497	8
11	76355655	76352624	4
11	76355655	76352696	6
11	76359574	76349955	2
11	76444575	76441337	3
11	76444657	76441353	2
11	76458359	76459932	0
11	76458359	76459935	0
11	7650966	7651655	0
11	7653201	7653501	0
11	76626835	76625461	0
11	76627226	76607852	0
11	76628482	76627738	0
11	76630364	76628095	0
11	76630428	76628403	0
11	76656713	76654168	0
11	7665940	7665099	2
11	7665940	7665133	2
11	76661509	76657526	0
11	7666551	7665099	1
11	7666551	7665103	1
11	7666551	7665826	1
11	76665959	76657523	0
11	76665959	76657524	0
11	76665959	76659582	0
11	76665959	76661034	0
11	76665972	76657569	0
11	7666685	7665281	2
11	7667761	7665826	2
11	7667814	7665103	0
11	7667814	7666450	1
11	7668562	7667542	0
11	7668562	7667727	0
11	7668562	7667771	0
11	7669318	7668477	1
11	7669335	7668477	1
11	7669335	7668511	1
11	76695514	76694040	0
11	7669732	7669018	0
11	7669732	7669204	0
11	7669732	7669243	0
11	76703528	76696740	0
11	76704329	76703332	0
11	76704480	76703273	0
11	76712416	76707504	0
11	76712816	76712266	0
11	76713206	76712658	0
11	76715001	76713053	0
11	76719609	76712395	0
11	7672524	7665104	0
11	7672807	7672450	2
11	7672891	7672450	1
11	7672892	7672450	1
11	7673456	7668477	1
11	7673473	7672747	0
11	7673502	7672747	0
11	7673771	7672747	0
11	7674209	7672747	0
11	7674212	7672627	0
11	7674219	7672747	0
11	7674244	7672747	0
11	7674494	7672747	0
11	76768224	76759915	0
11	76783060	76782629	0
11	76783061	76782639	0
11	76783063	76782580	0
11	7690014	7689437	0
11	7691401	7689922	0
11	7691401	7689923	0
11	76959014	76955416	0
11	7696590	7695569	0
11	7696800	7696464	0
11	7696966	7696504	0
11	7700486	7698749	0
11	770399	767219	36
11	770399	767221	36
11	7704675	7703697	0
11	7706395	7704564	0
11	7706422	7704564	0
11	770904	767224	133
11	771105	767224	98
11	771105	770313	142
11	771105	770469	140
11	771105	770678	140
11	771105	770697	129
11	771105	770811	132
11	771213	770811	114
11	77124375	77125069	17
11	771371	770843	116
11	771427	767221	29
11	771427	767227	28
11	771427	770313	132
11	771427	770811	105
11	771427	770992	113
11	771427	771034	100
11	771428	770992	114
11	771468	767227	24
11	77184704	77184734	0
11	77184799	77184803	0
11	77211932	77212951	0
11	77211938	77212613	0
11	77211938	77212951	0
11	77212661	77212951	0
11	77217315	77216557	2
11	77224303	77216861	1
11	77227917	77216557	0
11	77227917	77217299	0
11	772522	767227	24
11	772522	770549	35
11	772522	771332	24
11	772615	771332	14
11	77271224	77269882	0
11	77271394	77270919	0
11	77271394	77271129	0
11	77276221	77271294	0
11	77276221	77271355	0
11	77287419	77285084	0
11	77287421	77285084	0
11	77301650	77287088	0
11	77301667	77286922	0
11	77301688	77276160	0
11	77325377	77322947	2
11	77325377	77323023	2
11	77332868	77321706	1
11	77332868	77322016	3
11	77332868	77323210	1
11	77332868	77323268	1
11	77332868	77325327	1
11	77332868	77329149	1
11	77336283	77332729	0
11	77336283	77332857	1
11	77337424	77336085	0
11	77337424	77336115	0
11	77340764	77336085	2
11	77340764	77336253	3
11	77349288	77343818	2
11	77349547	77343818	2
11	77353600	77349238	4
11	77353600	77349247	4
11	77355843	77340645	8
11	77355843	77353535	7
11	77355952	77353130	9
11	77356299	77353535	7
11	77358954	77349238	9
11	77359018	77355667	9
11	77359018	77355704	10
11	773630	772426	21
11	77374366	77358840	0
11	77374366	77358897	0
11	77379352	77374327	0
11	77379389	77374327	0
11	77379448	77374327	0
11	77379995	77379194	0
11	77379995	77379240	0
11	77379995	77379359	0
11	77379995	77379382	0
11	77392384	77379893	0
11	77392539	77379893	0
11	77392542	77379893	0
11	77392542	77379916	0
11	77397094	77392330	1
11	77397094	77392442	1
11	77397159	77392330	1
11	774027	773521	10
11	774069	773521	12
11	77408233	77392330	0
11	774114	772426	21
11	774114	773329	8
11	774114	773427	8
11	774114	773521	10
11	77411905	77379893	1
11	77411934	77392330	0
11	77412065	77392330	0
11	77455938	77392330	0
11	77473496	77392330	0
11	77473736	77455880	0
11	77474061	77392330	0
11	77474063	77392330	0
11	77474636	77397026	0
11	775143	774007	2
11	77530015	77514935	0
11	77585460	77529947	1
11	77589681	77590528	4
11	77611375	77585361	5
11	77612371	77611314	10
11	77613042	77612230	17
11	77619696	77612297	17
11	77619696	77614529	33
11	77619696	77616194	33
11	77619696	77616249	42
11	77619696	77616403	31
11	77619696	77618532	42
11	77622045	77619605	5
11	77622532	77621865	2
11	77622674	77619605	5
11	77622675	77619483	3
11	77625032	77622459	2
11	77625071	77619605	0
11	77625071	77622499	2
11	77625552	77622642	0
11	77629900	77619605	1
11	77629900	77622499	2
11	77672231	77659995	3
11	77672231	77666229	0
11	77675257	77672041	0
11	77677000	77675035	1
11	77677000	77675094	1
11	77677062	77675078	1
11	77683820	77678085	0
11	77685160	77683709	0
11	77685160	77683768	0
11	77691239	77685104	0
11	77693612	77690965	0
11	77693612	77691158	0
11	77698529	77693506	0
11	77698694	77693506	0
11	77698694	77693592	1
11	77702496	77698486	2
11	77703534	77698486	2
11	777180	775064	1
11	77718412	77717711	0
11	77725681	77700720	0
11	77725700	77700720	0
11	77725700	77701118	0
11	77739569	77738679	0
11	77740937	77702400	0
11	77740937	77725544	0
11	77740937	77725572	0
11	777472	775065	1
11	777476	775065	1
11	777484	774007	6
11	777484	775065	1
11	777485	774007	6
11	777485	775065	1
11	777486	774007	6
11	777488	775065	1
11	777489	775065	1
11	77764690	77740730	0
11	77764690	77747035	0
11	77764691	77747035	0
11	77820700	77813353	9
11	77820707	77764597	0
11	77820712	77764597	0
11	77820870	77762049	0
11	77821018	77764597	0
11	77870092	77866411	0
11	77872263	77829653	1
11	77883953	77878719	3
11	77883953	77878721	3
11	77901552	77894289	1
11	77903621	77901356	1
11	77903621	77901420	0
11	77918265	77910969	0
11	77918979	77907716	0
11	77918979	77918030	0
11	77921447	77918820	0
11	77921474	77901452	0
11	77921474	77918820	0
11	77922472	77921339	0
11	77922472	77921368	1
11	77922806	77921350	3
11	77924862	77922355	4
11	77924893	77922352	3
11	77924893	77922355	3
11	77928548	77924441	0
11	77928548	77924705	0
11	77928548	77924749	0
11	77979103	77960952	0
11	77981577	77960952	0
11	77981577	77977888	0
11	77981577	77978995	0
11	77987699	77981458	0
11	77991300	77981458	0
11	77991300	77987015	0
11	77991300	77987528	0
11	77991300	77987603	0
11	780156	780156	18
11	78016026	78016120	2
11	78023295	78015714	0
11	78038759	78016592	0
11	78038759	78017174	0
11	780667	780668	19
11	78073073	78069857	3
11	78073142	78017045	0
11	78073142	78038663	0
11	78073142	78068303	1
11	78073142	78068348	2
11	78079774	78038663	0
11	78079774	78072997	0
11	78079820	78069855	1
11	78079820	78072997	0
11	78079842	78073078	2
11	78079845	78016970	0
11	78079862	78072863	4
11	78079866	78072997	2
11	78080220	78072997	0
11	78102949	78100946	3
11	78103462	78101163	3
11	78104053	78100935	2
11	78104053	78100941	2
11	78104053	78100945	2
11	78104053	78100965	2
11	78104053	78101060	3
11	78104053	78102873	4
11	78104053	78102893	4
11	78106913	78104355	8
11	78106947	78104355	10
11	78107765	78106806	3
11	78109527	78106806	21
11	78109582	78100944	10
11	78109582	78104355	12
11	78109582	78106806	18
11	78112752	78109441	13
11	78112771	78106806	13
11	78112771	78106809	14
11	78112771	78109441	13
11	78113942	78112649	4
11	78113990	78106806	13
11	78113990	78112379	4
11	78113990	78112649	4
11	78113990	78112666	3
11	78113990	78112703	4
11	78113990	78112765	4
11	78114377	78113885	0
11	78114393	78113885	0
11	78114393	78113899	0
11	78114799	78114265	3
11	78119250	78114265	0
11	78121164	78119181	3
11	78121175	78119181	2
11	78121209	78119181	2
11	78124215	78119181	2
11	78124215	78121064	3
11	78124215	78121136	2
11	78127437	78124020	5
11	78127440	78124020	5
11	78135348	78127357	3
11	78137646	78135288	5
11	78138768	78127357	6
11	78139259	78127357	8
11	78139593	78127357	5
11	78139615	78109441	8
11	78139620	78127357	2
11	78139623	78124020	7
11	78139623	78127357	2
11	78139625	78124020	7
11	78139627	78135229	5
11	78139650	78127357	2
11	78139654	78127357	2
11	78139661	78127357	2
11	78176303	78174133	1
11	78176986	78174442	2
11	78177986	78174323	3
11	78186817	78174058	0
11	78186817	78174207	0
11	78188823	78171248	1
11	78220445	78215296	5
11	78227052	78225107	2
11	78231933	78226619	0
11	78250401	78226464	0
11	78280902	78226956	0
11	78280902	78250156	0
11	78280902	78250270	0
11	78280902	78250356	0
11	7830841	7824817	0
11	78318220	78280600	0
11	78341881	78280600	0
11	78364104	78280600	0
11	783672	784023	14
11	78417772	78280459	0
11	78417780	78364015	0
11	78417807	78280600	0
11	78417823	78318142	0
11	78418349	78280600	0
11	78425406	78423981	0
11	78441118	78435960	2
11	78441118	78436222	3
11	78441118	78436732	3
11	78443759	78441090	3
11	78443760	78436188	3
11	78466014	78443660	0
11	78469314	78465875	0
11	78528937	78478584	0
11	78528937	78493062	0
11	7854964	7850750	0
11	78559620	78465882	0
11	78559620	78528841	0
11	78568753	78566131	0
11	78571445	78568631	0
11	78571671	78568714	0
11	78661592	78652830	0
11	78670552	78657806	0
11	78757022	78738450	0
11	78771139	78756804	0
11	78778629	78770991	0
11	78787084	78770991	0
11	7879084	7704627	0
11	7879084	7754392	0
11	7881150	7879594	0
11	7881183	7879006	0
11	7881183	7879594	0
11	7882074	7879594	0
11	7882074	7880980	0
11	7882074	7881088	0
11	78890021	78862961	0
11	78891337	78889784	0
11	78891337	78889865	0
11	78891337	78889932	0
11	78962220	78903267	0
11	790114	788177	1
11	790124	787103	2
11	79014751	78924455	0
11	7905956	7882859	0
11	79065008	78903267	0
11	79070010	79064598	0
11	79070010	79064737	0
11	79070010	79067902	0
11	79076394	79069721	0
11	79148807	79069721	0
11	79215910	79069941	0
11	79215910	79148709	0
11	79215910	79148729	0
11	79215910	79148800	0
11	792218	790474	155
11	792218	791643	134
11	792218	792022	35
11	792459	792141	28
11	792728	792303	26
11	792728	792304	26
11	792728	792361	32
11	792728	792444	30
11	792728	792454	32
11	792989	792552	19
11	792989	792569	19
11	792989	792608	19
11	792989	792615	20
11	792989	792655	28
11	792989	792671	24
11	792989	792720	11
11	7930890	7924591	0
11	7931014	7924591	0
11	793620	792869	34
11	793620	792878	34
11	793620	792899	34
11	793620	792921	34
11	793620	792928	34
11	793620	792937	37
11	793620	792971	37
11	793690	792869	37
11	7941709	7937170	0
11	79439201	79297487	0
11	79440652	79297487	0
11	79440949	79297487	0
11	794514	793477	14
11	794514	793528	11
11	794514	793529	11
11	794514	793576	10
11	794514	793586	10
11	794589	793528	11
11	794902	793528	16
11	794902	793904	12
11	794902	794260	13
11	794902	794368	11
11	794902	794402	9
11	794902	794405	9
11	794902	794452	11
11	794902	794453	11
11	794902	794457	11
11	794902	794462	10
11	794902	794469	10
11	79612301	79604966	0
11	7963658	7959423	0
11	7965427	7963298	0
11	797996	794986	35
11	797998	794986	37
11	797999	794986	37
11	798268	796042	23
11	798270	794986	15
11	798271	794986	15
11	798272	794986	15
11	798334	794986	24
11	7991852	7992083	10
11	7991972	7992083	14
11	7995119	7995253	11
11	7995368	7995944	17
11	800015	799178	20
11	800015	799179	20
11	800015	799183	20
11	800015	799184	20
11	800245	799184	11
11	800245	799814	28
11	800452	799184	12
11	800452	799814	5
11	800452	800130	4
11	800667	800130	5
11	801366	799325	39
11	8013731	8011277	0
11	802397	801444	44
11	802397	801964	47
11	802598	802194	26
11	802598	802322	18
11	80327912	80321619	0
11	803588	802681	86
11	803648	802542	91
11	803648	802681	76
11	8039700	8038588	0
11	8039719	8035445	0
11	804464	802542	13
11	804464	803173	60
11	804464	803375	68
11	804470	803173	61
11	804676	803173	56
11	805104	802681	14
11	805231	802681	8
11	80760575	80751199	0
11	809500	802681	4
11	809524	804093	4
11	809754	805776	7
11	810040	810233	90
11	8111138	8110243	0
11	8126805	8108941	0
11	8126805	8109435	0
11	8126805	8110469	0
11	8126805	8110658	0
11	8126808	8108948	0
11	8126808	8110664	0
11	8126892	8110906	0
11	8137472	8126658	0
11	8137472	8128218	0
11	8137472	8135581	0
11	8137472	8135786	0
11	8138348	8110697	0
11	8140187	8138271	0
11	8140194	8138271	0
11	8153424	8139966	0
11	8168990	8139966	0
11	8169022	8139966	0
11	8169026	8139053	0
11	8169041	8126658	0
11	8169044	8106092	0
11	8169056	8139966	0
11	81882297	81879850	0
11	81882297	81879853	0
11	82015735	81882153	0
11	82100044	81882153	0
11	82100208	82096460	0
11	822024	822396	47
11	8227101	8224303	0
11	8227101	8224313	0
11	8227101	8224448	0
11	8227101	8224478	0
11	82350005	82099973	0
11	82356629	82100192	0
11	823588	823693	16
11	823856	823997	14
11	824646	823655	25
11	82618631	82603742	0
11	82673188	82356511	0
11	82713119	82673091	0
11	828260	828574	3
11	82838575	82823501	0
11	82838575	82824367	0
11	82838575	82824372	0
11	82838575	82824984	0
11	82839426	82838386	0
11	82839426	82838447	0
11	82839426	82838502	0
11	82840844	82838386	0
11	82843305	82839260	0
11	82845723	82839260	0
11	82846180	82839281	0
11	82849219	82839260	0
11	82849219	82839330	0
11	82850072	82849048	0
11	82850072	82849076	0
11	82850072	82849104	0
11	82850072	82849211	0
11	82850506	82849913	0
11	82850506	82850050	0
11	82853279	82850323	0
11	82853279	82850405	0
11	82853279	82850472	0
11	82858772	82853193	0
11	82860118	82853176	0
11	82901658	82853176	0
11	82901690	82853176	0
11	829541	829967	4
11	829541	829985	4
11	829541	830249	5
11	82957116	82859976	0
11	82970585	82957064	0
11	82987771	82973132	1
11	82987771	82979267	0
11	82987771	82981789	0
11	82987771	82982088	0
11	82987771	82982156	0
11	82987771	82982271	3
11	82987771	82982358	1
11	82992384	82987586	0
11	82994107	82987582	0
11	82994123	82987400	0
11	82994123	82987586	0
11	82994123	82987590	0
11	82994123	82987605	0
11	82994123	82987647	0
11	82997325	82987751	0
11	82997325	82994038	0
11	82997325	82994048	0
11	82997414	82987023	0
11	82997414	82994038	0
11	82997479	82994038	0
11	830133	830249	5
11	830338	830620	1
11	83039116	82963680	0
11	83041404	83040805	0
11	83060179	82997223	0
11	830699	823633	8
11	830714	830865	6
11	830714	831223	4
11	83071463	82997223	0
11	83071829	82997223	0
11	83071855	82997223	0
11	83071867	83034171	0
11	83071897	83034726	0
11	83071924	82997223	0
11	83072703	83073302	11
11	83072805	83073302	9
11	83096148	83072401	3
11	831033	831223	4
11	83191098	83184490	15
11	83192198	83191062	17
11	83192542	83191062	17
11	83192542	83191064	18
11	83192542	83192019	17
11	83192542	83192123	17
11	83192793	83192427	22
11	83192817	83191028	17
11	83192817	83192272	16
11	83192817	83192427	16
11	83193570	83192735	13
11	83193601	83192735	11
11	83193621	83192735	5
11	83193663	83192136	15
11	83193664	83192735	10
11	83193795	83192735	13
11	83213380	83209430	21
11	83265980	83259096	6
11	83265980	83261316	6
11	83265980	83261455	6
11	83265980	83261461	6
11	83265980	83261756	6
11	83265980	83261794	6
11	83265980	83261795	6
11	83265980	83261890	6
11	83265980	83261928	6
11	83267039	83265864	10
11	83267473	83265864	14
11	83273701	83261729	9
11	83273701	83265864	7
11	83273701	83265889	5
11	83273701	83265899	5
11	83273701	83265915	5
11	83273701	83266866	5
11	83273739	83265864	5
11	83273865	83273245	3
11	83273865	83273646	2
11	83273865	83273676	2
11	83273993	83265864	4
11	83273993	83273646	2
11	83274741	83273646	4
11	83274741	83273792	2
11	83274741	83273950	3
11	83274764	83273950	3
11	83278830	83273950	0
11	83278830	83274442	0
11	83278830	83274638	0
11	83278831	83274638	0
11	83280261	83273792	0
11	83280261	83273950	0
11	83280261	83274176	0
11	83280261	83274638	0
11	83285969	83274638	0
11	83285989	83273950	2
11	83286356	83274638	1
11	832884	830564	1
11	83462094	83455011	0
11	83462094	83455176	0
11	83462094	83457918	0
11	83462094	83459065	0
11	83462094	83459345	0
11	83462094	83459421	0
11	83462094	83459608	0
11	83462094	83459788	0
11	83462150	83459507	0
11	83466818	83461541	0
11	83466818	83462001	0
11	83466818	83462067	0
11	83469374	83466707	0
11	83471728	83469200	0
11	83471728	83469286	0
11	83472778	83471625	0
11	83480414	83472726	0
11	83483299	83472726	0
11	83483299	83480371	0
11	83483299	83480392	0
11	83484214	83471625	0
11	83484229	83472726	0
11	83532784	83472726	0
11	83532784	83472770	0
11	83532784	83483252	0
11	83532784	83484128	0
11	83532784	83486154	0
11	83541859	83532707	0
11	83541859	83532750	0
11	836154	836250	36
11	83633326	83541681	0
11	83633326	83541690	0
11	836443	836768	164
11	83651931	83633210	0
11	83682007	83633210	0
11	83682270	83633210	0
11	83682299	83633210	0
11	83682395	83633210	0
11	83682402	83632872	0
11	83682426	83633210	0
11	836844	837228	66
11	836844	837249	65
11	83724923	83651838	0
11	83724957	83633210	0
11	83725404	83633210	0
11	83786793	83631187	0
11	83786793	83633210	0
11	83833771	83786440	0
11	83833771	83786689	0
11	838368	838444	10
11	83963024	83874419	0
11	83963024	83930327	0
11	83965469	83962884	0
11	83965469	83962962	0
11	83980643	83965323	0
11	840481	837355	8
11	84059485	83980505	0
11	84059485	83980560	0
11	84099048	84059314	0
11	84099048	84059434	0
11	8413693	8391867	0
11	8413693	8391870	0
11	8413693	8392186	0
11	84163512	84098922	0
11	84163512	84098994	0
11	842530	840261	11
11	842546	839720	5
11	8435580	8391878	0
11	8435580	8413494	0
11	8435580	8433859	0
11	8440754	8436026	0
11	8452907	8436026	0
11	8452907	8440677	0
11	8452907	8440725	0
11	84534732	84251237	0
11	84546847	84545130	0
11	8454795	8452821	0
11	8454833	8452821	0
11	8457480	8454743	0
11	8457480	8454759	0
11	8461910	8457340	0
11	8464823	8461804	0
11	8464823	8461848	0
11	8467655	8461804	0
11	84720916	84534569	0
11	8473277	8461804	0
11	8474756	8473162	0
11	8474817	8473162	0
11	8475067	8473162	0
11	8475825	8473162	0
11	8476752	8474714	0
11	8477284	8474680	0
11	8480615	8474680	0
11	8480615	8474792	0
11	8480615	8474818	0
11	84923138	84686799	0
11	84923181	84534569	0
11	84923397	84534569	0
11	84923422	84534569	0
11	84923590	84534569	0
11	85111736	84534569	0
11	85111736	84534612	0
11	8533497	8474680	0
11	85525023	85469337	0
11	85598789	85285219	0
11	85598789	85469337	0
11	85625252	85598656	0
11	85626754	85598656	0
11	85627271	85598656	0
11	85635779	85636045	53
11	8565912	8480482	0
11	85661750	85660334	336
11	85662458	85660148	302
11	85662458	85660152	302
11	85662458	85660167	302
11	85662458	85660251	330
11	85662458	85660334	326
11	85662458	85661636	360
11	85663602	85661952	199
11	85663602	85662388	231
11	85663860	85663523	378
11	85664105	85662388	281
11	85664190	85663523	450
11	85664654	85663523	473
11	85665103	85659707	224
11	85665103	85663523	449
11	8567294	8474680	0
11	85682864	85663523	0
11	85682909	85663523	0
11	85696389	85694223	6
11	85696389	85694274	6
11	85696389	85694287	3
11	85696389	85694290	3
11	85696389	85694725	3
11	85696389	85694741	6
11	85696389	85694813	6
11	85696389	85695034	3
11	85696389	85695085	3
11	85696389	85695194	0
11	85696495	85694995	3
11	85698079	85696182	2
11	85705029	85700514	3
11	85705256	85700514	1
11	85707532	85704857	5
11	85707532	85704991	4
11	85709378	85707428	1
11	85709501	85707428	0
11	85709501	85708037	0
11	85711233	85709330	1
11	85711233	85709346	1
11	85711233	85709447	2
11	85711233	85709466	2
11	85714450	85709330	2
11	85714508	85709330	3
11	85714508	85711112	5
11	85715138	85711112	3
11	85716429	85714412	3
11	85716429	85714478	3
11	85716432	85714435	3
11	85716662	85714412	5
11	85717141	85714427	3
11	85717531	85709330	3
11	85717531	85714412	4
11	85717727	85714412	5
11	85718421	85714412	6
11	85718844	85714412	6
11	85719169	85711112	1
11	85734743	85720857	0
11	85734743	85724031	0
11	85734743	85727895	0
11	85736613	85733594	0
11	85736613	85733938	0
11	85736616	85733938	0
11	85737657	85733938	0
11	85758004	85748271	0
11	85758070	85748271	0
11	85758115	85748271	0
11	8580961	8474647	0
11	85811130	85757624	0
11	85811141	85757759	0
11	85811142	85748271	0
11	85811160	85757624	0
11	85917984	85916501	0
11	85923332	85917907	0
11	8593957	8474680	0
11	8593957	8533347	0
11	8593970	8480533	0
11	8594009	8474680	0
11	8594161	8480533	0
11	8594229	8464708	0
11	8594260	8452821	0
11	8594290	8480533	0
11	85960778	85958754	7
11	85974813	85957683	4
11	85974813	85957687	4
11	85974813	85958810	11
11	85974813	85958813	11
11	85974813	85958816	11
11	85974813	85958817	11
11	85974813	85958838	10
11	85974813	85958882	10
11	85974813	85958986	10
11	85974813	85959036	11
11	85974813	85960674	4
11	85976683	85974707	10
11	85976683	85974781	14
11	85977006	85974707	7
11	85978094	85976622	39
11	85978716	85976622	31
11	859796	856879	60
11	85981229	85959022	2
11	85981229	85974707	28
11	85981229	85976622	34
11	85981229	85976648	36
11	85981229	85978069	46
11	85981776	85981128	0
11	85981776	85981183	0
11	86000780	85996825	1
11	86001142	86000642	0
11	86001159	86000642	0
11	86001159	86000680	0
11	86003452	86001034	0
11	86003779	86001030	0
11	86007584	86003365	2
11	86011137	86007368	0
11	86011137	86007541	0
11	86012393	86011029	0
11	86012393	86011111	0
11	86014964	86012280	0
11	86014964	86012328	0
11	86014964	86012342	0
11	86022470	86014869	0
11	86023542	86022377	0
11	86026368	86022366	0
11	86031612	86022366	0
11	86068798	86014869	0
11	86068985	86014869	0
11	8618969	8612036	3
11	8618969	8612039	3
11	8618969	8615538	5
11	8618969	8617763	2
11	8619285	8617568	2
11	86193483	86192786	0
11	8619536	8618721	0
11	8619536	8618749	0
11	8619536	8618876	0
11	86264264	86266082	0
11	86277139	86277917	21
11	86277992	86278398	23
11	86306415	86306415	34
11	86344722	86345093	32
11	86344722	86345583	25
11	86345199	86345583	41
11	86414868	86415092	0
11	864353	864436	53
11	86442920	86441107	0
11	86442920	86441109	0
11	86442920	86441351	0
11	86447208	86446313	0
11	86448256	86446892	0
11	86448256	86447064	0
11	86450003	86448149	0
11	86450399	86449888	0
11	86450399	86449964	0
11	864512	865512	35
11	864512	865693	41
11	86457760	86450300	0
11	8645888	8643008	0
11	8645888	8644329	0
11	86465201	86450300	0
11	86465201	86457365	0
11	86465201	86457578	0
11	86465201	86464081	0
11	8646562	8645721	0
11	8646562	8645740	0
11	86556703	86508791	0
11	86559824	86556552	0
11	86559824	86556564	0
11	865615	865693	62
11	86671823	86667738	0
11	86671959	86559689	0
11	86671966	86559689	0
11	86672199	86559689	0
11	86672373	86671759	0
11	86672386	86671761	0
11	86672429	86671705	0
11	86672614	86671761	0
11	86672619	86671761	0
11	86672637	86671761	0
11	8672099	8651799	2
11	8672386	8671785	0
11	8672386	8672016	0
11	8682659	8679900	0
11	8682695	8679900	0
11	8682817	8683201	33
11	86896541	86892213	0
11	86922105	86896412	0
11	86925038	86921921	0
11	869346	868394	25
11	8694656	8693872	3
11	86950500	86951215	17
11	86955392	86945678	4
11	8695550	8693350	3
11	8695550	8693351	3
11	8695550	8693352	3
11	8695550	8693747	2
11	8695550	8693888	2
11	8695550	8693898	2
11	8695550	8694095	3
11	8695996	8694061	5
11	8696667	8695462	5
11	8697637	8696426	5
11	8697637	8696464	4
11	8697774	8696435	5
11	8698975	8697524	2
11	8698975	8697575	2
11	8698975	8697923	3
11	8699021	8697524	4
11	869957	868394	29
11	869957	868398	27
11	869957	869213	36
11	8700013	8699212	24
11	870164	867859	15
11	870164	868395	32
11	870164	869213	28
11	870164	869761	0
11	870164	869762	0
11	870164	869766	0
11	870164	869779	0
11	870164	869857	0
11	8702658	8699856	10
11	8702721	8699212	5
11	8702857	8702569	0
11	8703612	8699965	4
11	870487	870120	0
11	870500	870120	0
11	870500	870121	0
11	8707226	8702571	2
11	8707226	8702673	3
11	8707226	8703398	3
11	8707267	8699212	3
11	870752	870120	4
11	8707855	8707084	5
11	8707855	8707102	4
11	8707855	8707205	4
11	8708082	8707084	7
11	8711186	8710844	2
11	8711232	8707776	2
11	8711232	8710844	3
11	8712037	8711121	2
11	8712721	8711125	2
11	8712736	8711121	2
11	8712736	8711903	2
11	8712736	8711967	3
11	8714043	8707776	1
11	8714043	8712550	1
11	8714043	8712599	1
11	8714707	8712550	1
11	8714707	8713997	1
11	8715819	8714609	2
11	8715831	8714609	2
11	8717837	8715462	1
11	8717893	8715602	0
11	8717893	8715643	3
11	8717893	8715722	4
11	8717893	8715741	4
11	8717893	8715754	4
11	8717893	8715780	4
11	8718061	8715602	1
11	8718478	8717740	0
11	8719144	8717740	0
11	8726175	8717740	0
11	8726210	8717740	0
11	8726210	8717793	0
11	8726210	8717878	0
11	8726210	8717881	0
11	8726320	8717831	0
11	8731210	8726072	2
11	8731210	8730304	20
11	8750726	8726072	0
11	8750726	8729949	0
11	8750726	8730827	0
11	8750726	8730830	0
11	8750726	8730856	0
11	8750726	8730863	0
11	8750726	8730870	0
11	8750726	8730874	0
11	8750726	8730916	0
11	8750726	8730921	0
11	8750726	8730954	0
11	8750726	8730980	0
11	8750726	8731004	0
11	8750726	8731039	0
11	8750726	8731067	0
11	8750726	8731117	0
11	8750726	8731122	0
11	8750726	8731129	0
11	8750726	8731132	0
11	8750726	8731169	0
11	8750726	8731199	0
11	8757153	8750620	0
11	8766671	8750620	0
11	8766702	8750620	0
11	8766705	8750620	0
11	8766713	8750620	0
11	8771920	8750620	0
11	87719412	87718353	0
11	8774246	8750620	0
11	8774302	8750620	0
11	8776680	8750620	0
11	87941465	87847258	0
11	8794843	8750620	0
11	88098148	88061773	0
11	8810650	8750620	0
11	8810674	8726072	0
11	8810686	8750620	0
11	8810748	8730841	0
11	8810841	8750620	0
11	8811017	8750620	0
11	8811336	8726072	0
11	8811336	8730807	0
11	8811336	8750620	0
11	8811342	8750620	0
11	8811567	8811246	0
11	8811581	8807825	0
11	88149956	88113241	2
11	88149956	88113611	2
11	88175434	88113463	1
11	88175435	88149674	0
11	88175468	88149674	0
11	88296265	88293591	21
11	88299756	88293787	38
11	88300646	88296132	31
11	88300646	88296158	27
11	88309319	88300529	3
11	88312555	88309162	1
11	88312555	88309283	6
11	8831689	8726072	0
11	8831689	8750620	0
11	8831689	8811246	0
11	8831689	8811282	0
11	8831689	8830700	0
11	883179	870418	10
11	883250	870418	10
11	883280	874721	9
11	88328017	88326364	27
11	88328197	88320810	25
11	88328197	88326116	29
11	88328199	88326085	29
11	883304	870418	4
11	883304	882327	6
11	88335083	88312387	5
11	88335083	88328111	20
11	88337701	88334936	1
11	88337734	88334936	1
11	88337737	88334735	1
11	88337741	88334936	1
11	88337750	88334936	1
11	88337762	88334936	1
11	88337788	88334936	1
11	8835668	8811246	0
11	8835706	8811246	0
11	8835709	8750620	0
11	8835709	8811246	0
11	8839351	8726072	0
11	8839351	8750620	0
11	8839351	8811246	0
11	884152	882979	1
11	884164	883199	1
11	884170	883145	1
11	884170	883147	1
11	88525405	88507809	0
11	88567993	88504575	0
11	88567993	88507809	0
11	8857437	8839309	0
11	88653404	88604717	0
11	8870918	8839309	0
11	8870985	8839309	0
11	8871008	8839309	0
11	8871067	8839309	0
11	8871080	8811246	0
11	8871089	8750620	0
11	8871089	8811246	0
11	8871089	8831555	0
11	8871089	8839309	0
11	8871354	8811246	0
11	8871368	8811246	0
11	8871368	8831555	0
11	8871368	8839309	0
11	8871417	8839309	0
11	8881110	8839309	0
11	88925832	88911935	0
11	89009099	88925766	0
11	89009099	88984701	0
11	89048023	88849905	0
11	89048073	88849905	0
11	8911224	8911443	0
11	8911355	8911614	3
11	8921516	8920075	0
11	8926108	8920075	0
11	8927175	8925462	0
11	8927683	8927153	0
11	8927709	8927099	0
11	8929429	8927502	0
11	8929534	8926939	0
11	8929534	8927502	0
11	8929534	8927570	0
11	8932327	8927502	0
11	8932327	8928900	0
11	8932327	8929376	0
11	89335946	89324355	0
11	89335946	89325367	0
11	89335946	89326298	0
11	89335946	89326343	0
11	89335946	89326346	0
11	89335946	89326415	0
11	89335946	89326566	0
11	89335946	89326755	0
11	89336084	89326360	0
11	893474	884067	1
11	893520	883147	2
11	893520	884067	1
11	89444233	89440687	0
11	89449525	89443420	0
11	89449525	89444134	0
11	89490554	89373431	0
11	89490554	89432783	0
11	89490554	89451784	0
11	89490554	89488905	0
11	89490733	89451784	0
11	8953338	8947293	3
11	8953338	8947500	3
11	8956299	8952691	1
11	8956299	8953202	1
11	8956299	8953261	1
11	89589612	89546636	0
11	89727254	89723481	0
11	89754954	89753981	0
11	89768287	89766439	0
11	89799814	89797654	0
11	89799814	89797946	0
11	8983970	8980575	0
11	8983970	8982558	0
11	8984104	8983874	0
11	8984125	8983517	0
11	8984125	8983578	0
11	8984125	8983874	0
11	8985851	8984071	0
11	89865551	89863847	0
11	89872313	89869281	0
11	8987631	8984071	0
11	8987631	8985710	0
11	8987631	8985770	0
11	89886214	89883926	0
11	89900450	89895798	0
11	89913302	89911110	0
11	89913302	89911406	0
11	89913302	89911408	0
11	899402	883147	1
11	899402	884067	1
11	899402	893426	1
11	89956544	89955145	0
11	89985030	89981440	0
11	89995402	89993535	0
11	900111	899339	0
11	900111	899352	0
11	90019273	90017610	0
11	90053737	90051836	0
11	90059298	90057604	0
11	90158239	90159238	1
11	90163035	90163309	0
11	90202876	90201159	183
11	90202876	90201443	31
11	90202876	90201448	34
11	90202876	90201948	238
11	90202876	90202406	8
11	90210595	90206201	64
11	90210595	90206747	62
11	90210766	90206201	58
11	90211319	90210535	28
11	90211336	90210570	25
11	90214176	90206201	44
11	90214176	90211214	67
11	90214176	90213308	90
11	90215231	90210535	28
11	90215231	90213978	4
11	90215231	90214017	4
11	90218185	90214017	2
11	90218185	90215173	4
11	90218185	90216463	0
11	9021956	9019497	0
11	9021956	9020390	0
11	9021956	9020444	0
11	9021956	9020574	0
11	9021956	9020883	0
11	9022030	9020889	0
11	90223031	90218134	5
11	90223035	90217746	6
11	90223042	90218134	5
11	90223050	90218134	5
11	90223060	90218134	5
11	90223072	90218134	5
11	90223073	90218134	5
11	90223078	90218134	5
11	90223365	90218134	2
11	902323	900935	1
11	902331	893426	0
11	902331	900935	1
11	9025822	9022551	0
11	9025855	9021875	0
11	9025855	9024206	0
11	9027191	9021875	0
11	9027526	9025479	0
11	9027540	9025701	0
11	9027562	9025701	0
11	9030046	9025701	0
11	9030046	9027363	0
11	9030046	9027488	0
11	903112	900935	1
11	903112	902147	0
11	903112	902196	0
11	903112	902197	0
11	903112	902225	0
11	903112	902234	0
11	903112	902244	0
11	903754	902961	0
11	903779	902961	0
11	9048099	9047355	0
11	904817	903703	0
11	904860	902961	0
11	904860	902970	0
11	904860	903655	0
11	904860	903703	0
11	904865	902961	0
11	9050398	9048072	0
11	9050711	9047942	0
11	9053216	9050605	0
11	9053216	9052745	0
11	9053760	9047355	0
11	9053760	9053098	0
11	9053760	9053138	0
11	9055910	9053202	0
11	9059426	9055792	0
11	9065912	9060407	0
11	9065981	9060407	0
11	9079510	9074480	0
11	908297	904705	0
11	908646	904705	0
11	908660	904705	0
11	908665	904705	0
11	9089830	9079383	0
11	9089830	9079470	0
11	9091547	9089706	0
11	9091600	9089706	0
11	9091602	9089706	0
11	910811	904705	0
11	910822	904705	0
11	910836	904705	0
11	911462	904705	0
11	9122895	9089706	0
11	9140249	9139514	22
11	9142109	9138824	8
11	9142109	9138829	8
11	9142109	9139458	19
11	9142109	9139502	16
11	9142109	9139503	16
11	9142109	9139688	13
11	9142109	9140188	9
11	9142846	9141939	6
11	9142846	9141940	6
11	9142846	9141973	7
11	9143486	9141939	6
11	9144279	9141939	7
11	9145114	9144096	3
11	9145461	9144096	4
11	9145816	9144994	3
11	9145816	9145061	4
11	9147152	9145669	5
11	9147152	9145712	5
11	914775	904736	0
11	914802	904700	0
11	9150174	9145669	5
11	9150210	9146796	4
11	9150210	9147029	3
11	915059	904705	0
11	9169950	9165835	0
11	9170778	9169855	1
11	9170778	9169922	0
11	9172246	9169855	1
11	9176903	9170626	0
11	9178249	9175239	0
11	9178367	9170626	0
11	9178367	9176771	0
11	9178918	9178131	1
11	9178950	9177929	1
11	9179074	9178131	0
11	9204318	9193493	0
11	9206719	9203531	0
11	9206783	9203659	0
11	9206783	9204065	0
11	92400706	92400190	0
11	9245510	9242447	0
11	9265088	9207560	0
11	9265102	9207560	0
11	9265128	9206672	0
11	9265391	9207560	0
11	92766868	92748731	0
11	9283594	9280653	16
11	9283594	9280656	16
11	9286594	9280653	0
11	9286594	9280670	1
11	9286594	9283138	1
11	9286594	9283370	1
11	9287807	9283546	0
11	92915122	92914271	0
11	92915605	92915022	0
11	9295388	9287701	1
11	9295388	9288441	4
11	9299702	9295095	1
11	9299702	9295258	1
11	9314568	9299583	0
11	9314631	9299583	0
11	9314634	9299583	0
11	9314637	9299583	0
11	9314781	9299583	0
11	93154278	93144170	3
11	93154278	93148314	2
11	93155489	93148147	3
11	93162876	93153963	1
11	93162876	93154107	4
11	93162876	93154156	3
11	93180882	93167943	2
11	93180882	93170153	6
11	93185815	93184429	1
11	93197456	93185690	0
11	93197930	93185219	0
11	93197964	93185690	0
11	93197965	93185690	0
11	93499349	93478471	0
11	93499349	93478940	1
11	93499349	93479033	0
11	93499349	93479048	0
11	93499352	93478471	0
11	93537916	93499275	0
11	93543356	93499275	0
11	93543509	93499275	0
11	93727638	93728680	16
11	93728822	93729433	20
11	93729531	93729610	38
11	93729531	93729613	38
11	93729970	93730048	21
11	93730149	93730230	29
11	93730713	93730193	343
11	93730713	93730199	343
11	93730713	93730271	322
11	93730713	93730280	320
11	93730713	93730282	320
11	93730713	93730353	308
11	93731217	93730281	261
11	93731217	93730676	284
11	93731217	93730681	296
11	93731800	93729947	129
11	93731800	93730676	141
11	93731800	93731145	143
11	93731800	93731149	142
11	93731800	93731160	142
11	93732269	93730666	159
11	93732292	93731752	135
11	93732314	93731752	135
11	93732502	93731752	166
11	93733122	93731752	246
11	93733122	93732243	329
11	93733398	93732799	326
11	93733398	93733086	320
11	93733420	93733086	299
11	93733506	93733086	317
11	93734661	93732976	351
11	93734661	93733086	322
11	93734661	93733304	428
11	93734661	93733349	436
11	93734662	93733086	341
11	93735239	93733349	450
11	93735849	93731752	535
11	93736158	93733349	516
11	93736176	93734624	446
11	93736240	93734624	395
11	93736290	93734624	451
11	93736305	93734624	437
11	93736742	93736289	155
11	93736752	93735566	230
11	93736752	93736140	188
11	93736807	93734624	383
11	93736968	93735914	195
11	93737240	93734624	358
11	93737240	93736140	218
11	93737240	93736693	238
11	93738293	93736693	69
11	93738441	93737088	275
11	93738500	93737063	64
11	93739332	93737155	68
11	93739332	93738108	33
11	93741477	93739236	29
11	93741480	93739236	29
11	93741481	93739236	29
11	93741494	93739236	29
11	93741495	93738966	22
11	93741495	93739236	29
11	93741496	93738108	28
11	93741946	93739236	31
11	93742899	93739280	23
11	93784392	93742702	1
11	93793865	93793950	50
11	93795061	93796409	1
11	93807636	93809716	21
11	93809877	93811852	8
11	93820613	93818806	0
11	93820760	93820286	0
11	93820884	93818231	0
11	93821324	93820742	0
11	93822074	93820563	0
11	93850532	93820996	0
11	9433487	9430355	21
11	94393619	94377310	0
11	94393619	94379530	0
11	94429987	94415577	1
11	94429987	94419865	1
11	94429987	94419875	1
11	94429987	94419877	1
11	94445891	94437176	0
11	94445894	94437176	0
11	94447301	94445738	0
11	94447439	94437176	0
11	94447439	94445809	0
11	94467894	94464112	6
11	94473571	94472907	32
11	94476404	94471573	16
11	94476404	94475215	8
11	94478877	94476288	0
11	94479762	94478734	0
11	94486085	94478760	1
11	94486085	94479673	0
11	94486085	94479694	0
11	94486085	94479742	1
11	94486085	94483769	1
11	94496829	94498070	19
11	94496952	94497901	23
11	94496952	94498070	22
11	94497057	94498070	23
11	94497078	94498070	20
11	94497119	94498070	24
11	94497262	94498070	14
11	94497965	94498070	13
11	94647391	94647465	0
11	94675783	94545329	0
11	94675783	94546190	0
11	94925522	94874051	1
11	94966414	94962621	5
11	94966414	94963341	5
11	94966414	94963367	5
11	94971066	94969988	15
11	94971488	94969988	8
11	94971488	94970487	17
11	94971488	94970788	23
11	94971488	94970976	17
11	94972194	94970963	4
11	94972194	94970976	4
11	94972194	94971374	4
11	95068184	95068654	76
11	95175643	95165512	1
11	95175643	95173147	0
11	95184595	95178709	0
11	95185493	95184134	0
11	95185493	95184419	0
11	95189962	95185255	0
11	95191602	95185255	0
11	95191602	95189778	0
11	95191602	95189818	0
11	95193523	95191403	0
11	95193523	95191464	0
11	95193523	95191564	0
11	95224485	95193456	0
11	95231047	95193456	0
11	95231198	95193456	0
11	95231574	95232051	0
11	95232476	95201236	0
11	95232519	95201236	0
11	95232542	95193456	0
11	95232675	95232879	0
11	95771651	95768954	17
11	95776024	95768941	3
11	95776024	95768952	3
11	95776024	95770114	4
11	95776024	95771525	4
11	95776024	95771604	4
11	95778955	95775921	3
11	95778958	95775921	3
11	95779136	95778821	10
11	95779136	95778835	11
11	95779205	95775853	2
11	95779220	95775921	1
11	95779688	95775921	1
11	95779688	95778821	1
11	95779688	95779077	9
11	95779927	95779488	2
11	95779927	95779606	0
11	95783265	95779878	2
11	95783269	95779878	2
11	95786275	95783064	0
11	95786806	95783197	0
11	95787679	95786118	0
11	95787679	95786182	0
11	95788564	95787623	2
11	95788564	95787624	2
11	95789783	95787623	2
11	95821979	95822498	15
11	95836325	95832881	5
11	95836325	95834087	7
11	95836325	95834088	7
11	95836325	95835335	4
11	95841710	95838093	1
11	95850750	95849673	0
11	95857636	95850599	0
11	95857636	95850611	0
11	95862103	95858530	0
11	95862367	95861991	3
11	95862367	95862072	3
11	95862367	95862087	3
11	95865677	95862271	2
11	95865677	95862291	2
11	95866487	95865600	1
11	95866487	95865625	2
11	95882497	95866402	1
11	95887685	95862271	1
11	95887685	95865439	1
11	95887685	95865600	1
11	95887685	95866402	1
11	95887685	95866425	1
11	95887760	95865600	0
11	95888262	95862271	2
11	95888262	95865439	0
11	95888262	95865600	0
11	95888262	95866402	0
11	95888262	95882373	0
11	95888262	95887609	1
11	95888262	95887611	1
11	95925271	95923874	0
11	95925316	95924478	0
11	95985643	95976597	0
11	95985643	95978754	0
11	96343181	96091891	0
11	96359098	96352804	3
11	96359179	96352768	1
11	96359179	96352775	1
11	96359179	96352776	1
11	96359179	96352778	1
11	96359179	96352786	1
11	96359179	96353249	2
11	96359179	96353645	4
11	96359283	96353447	4
11	96365151	96358992	1
11	96371138	96358992	0
11	96371138	96363127	0
11	96371138	96363131	0
11	96371138	96364979	0
11	96371138	96365126	0
11	96383474	96373374	1
11	96384762	96380538	9
11	96384762	96383268	20
11	96384991	96383268	23
11	96386021	96383961	22
11	96386021	96384657	30
11	96386294	96383268	33
11	96386294	96383961	36
11	96386294	96385936	36
11	96386302	96385936	36
11	96387614	96383961	20
11	96387614	96385965	24
11	96387614	96386253	19
11	96387905	96386253	33
11	96388830	96387529	32
11	96389413	96383960	34
11	96389524	96387529	28
11	96389567	96383268	31
11	96389817	96387529	20
11	96389888	96383268	22
11	96389920	96387139	31
11	96389922	96387529	20
11	96389923	96387529	20
11	96389924	96387529	20
11	96389937	96387529	19
11	96389955	96387529	19
11	96389957	96387529	19
11	96447463	96447131	0
11	96506827	96449931	0
11	97259663	97222643	0
11	9757844	9754769	0
11	9758165	9755128	2
11	9779943	9780375	31
11	9781639	9778666	6
11	9781639	9779153	6
11	9784439	9781506	0
11	9784439	9781547	1
11	9785319	9784350	1
11	9785350	9784350	1
11	9787739	9784932	0
11	9787739	9785124	0
11	9787974	9785124	1
11	97891293	97878780	0
11	97937091	97891087	0
11	97937091	97918422	0
11	9795958	9790555	0
11	9808186	9795830	0
11	9808186	9795913	0
11	9809003	9807999	3
11	9810473	9808573	3
11	9812709	9808900	4
11	9812709	9808911	4
11	9812755	9808900	3
11	9817025	9812531	1
11	9817025	9812585	1
11	9817025	9812634	1
11	9839604	9832223	2
11	9839697	9832223	3
11	9842771	9838038	0
11	9842771	9839497	0
11	9845741	9842624	0
11	9853713	9852675	0
11	9856721	9853539	0
11	9856721	9853706	0
11	98945080	98938911	0
11	9962107	9895942	0
11	9963883	9956567	0
11	9963883	9961956	0
11	9993104	9992414	0
11	9993105	9989496	0
11	9993999	9992989	0
11	9993999	9993011	0
