16	10031565	9890985	0
16	10031581	9938152	0
16	100510	98144	25
16	100510	98211	24
16	100510	98229	21
16	10121577	9937958	0
16	10180004	9937724	0
16	10180091	10171455	0
16	10180430	9937958	0
16	10180785	10180352	0
16	10181639	10180380	0
16	10181888	10179997	0
16	10182068	10179997	0
16	10182260	10179490	0
16	10182407	10179997	0
16	10216456	10214783	0
16	10225991	10216372	0
16	10386123	10387143	10
16	10387291	10387377	20
16	10528203	10514841	0
16	10529700	10531809	59
16	10538075	10528421	3
16	10538075	10532848	1
16	10547678	10543569	2
16	10559155	10547539	3
16	10578184	10576498	0
16	10580633	10544179	0
16	10580699	10547539	0
16	10635919	10627500	0
16	1065483	1065866	0
16	1067026	1066493	0
16	1067044	1064092	0
16	1067044	1066247	0
16	10671779	10635763	0
16	1067237	1066375	0
16	10676182	10635763	0
16	10694946	10689941	0
16	10763764	10760918	7
16	10763764	10760931	7
16	10763764	10761225	9
16	10766154	10763557	12
16	10766644	10763557	11
16	10768033	10769046	8
16	10769102	10766037	12
16	10770332	10763557	7
16	10770332	10766037	1
16	10770332	10766675	7
16	10770332	10766680	7
16	10770332	10768768	0
16	10771799	10769239	0
16	10775032	10774038	0
16	10775097	10774038	0
16	10775548	10774038	0
16	1078674	1077623	0
16	1078708	1077623	0
16	10800339	10774951	0
16	10800339	10775013	0
16	10808607	10774038	0
16	10818183	10774038	0
16	10818183	10774951	0
16	10888639	10877199	1
16	10888753	10864913	0
16	10908150	10909028	62
16	10928333	10931824	134
16	10929560	10928941	115
16	10934005	10928890	100
16	1093929	1090516	0
16	1094052	1090004	0
16	10941030	10941185	18
16	10941719	10929216	56
16	10942132	10933843	30
16	10942461	10928890	30
16	1103384	1101259	0
16	11039877	11042253	3
16	11047343	11048318	2
16	110607	100371	20
16	11070669	11066495	0
16	11256180	11254404	2
16	11269333	11267856	0
16	11276481	11275638	0
16	11276481	11275639	0
16	112776	100371	20
16	112776	110524	0
16	11281351	11280835	0
16	11345198	11344350	0
16	11345212	11341808	0
16	11349322	11348142	5
16	11383706	11359844	0
16	11383784	11372014	0
16	11387296	11385210	0
16	11390203	11387110	0
16	11390455	11387189	0
16	11396676	11393390	0
16	11398510	11396403	0
16	11398510	11396510	0
16	11402159	11401265	0
16	11402265	11401265	0
16	11404867	11402036	0
16	11404867	11402130	0
16	11443461	11442190	0
16	11446637	11440938	0
16	11450821	11448918	0
16	11457040	11450608	0
16	11457140	11450700	0
16	11471818	11469507	0
16	11475716	11471653	0
16	11551805	11547998	1
16	11553690	11547721	1
16	11553690	11547725	1
16	11553690	11547999	1
16	11553690	11548602	1
16	11553690	11549106	1
16	11553690	11549359	0
16	11553690	11549601	1
16	11553690	11549612	1
16	11553690	11549625	1
16	11553690	11549661	1
16	11553690	11549710	1
16	11553690	11551706	2
16	11553690	11551722	2
16	11553690	11551772	2
16	11553749	11549447	0
16	11556445	11553532	0
16	11556736	11549311	0
16	11556736	11553422	0
16	11556736	11553532	0
16	11556737	11553532	0
16	11561575	11556611	0
16	11575587	11553532	0
16	11575587	11556510	0
16	1157975	1156975	0
16	11584333	11556510	0
16	11586374	11556510	0
16	11586904	11556510	0
16	11586920	11553532	0
16	11586920	11556283	0
16	11586920	11556510	0
16	11586942	11556510	0
16	11586951	11556510	0
16	11587248	11556510	0
16	11587290	11556510	0
16	11587564	11556510	0
16	11598501	11556510	0
16	1160177	1159547	0
16	11629211	11556510	0
16	11633638	11556556	0
16	11633638	11556721	0
16	11684246	11679079	5
16	11684246	11679082	7
16	11687967	11684164	1
16	11687967	11684234	1
16	11692083	11688302	1
16	11698326	11691289	1
16	11698326	11691989	1
16	11698326	11692013	1
16	11698326	11692049	1
16	11700565	11698124	3
16	11721671	11698133	1
16	117376	112621	0
16	117376	112659	0
16	11742548	11736016	0
16	11742795	11736016	0
16	11742839	11736016	0
16	11742879	11736016	0
16	11752833	11750585	4
16	11752833	11750592	4
16	11752833	11750594	4
16	11753163	11750590	3
16	11756371	11752668	3
16	11758540	11756236	5
16	11758540	11756321	6
16	11758540	11756328	6
16	11759851	11756236	7
16	11762044	11758430	44
16	11762044	11761405	45
16	11762044	11761467	51
16	11762748	11761909	44
16	11763230	11761947	57
16	11765154	11763477	4
16	11765562	11765052	6
16	11765686	11764964	5
16	11765686	11765052	3
16	11767579	11765488	0
16	11767579	11765516	0
16	11767579	11765574	0
16	11768502	11767416	2
16	11768502	11767436	2
16	11768522	11767416	2
16	11776359	11774979	8
16	11776359	11775526	11
16	11776521	11774979	7
16	11776910	11776451	0
16	11779364	11776750	0
16	11779364	11776757	0
16	11781465	11779165	0
16	11781465	11779239	3
16	11781465	11779261	1
16	11781465	11779289	1
16	11821756	11819841	0
16	11821756	11819849	0
16	11821756	11820150	0
16	11828392	11819828	0
16	11828607	11819829	0
16	11828819	11819947	0
16	11839986	11833849	49
16	11839986	11837717	8
16	11839986	11837954	9
16	11839986	11837965	9
16	11839986	11837969	9
16	11841818	11839694	53
16	11841821	11839694	51
16	11841821	11839848	51
16	11841930	11841694	38
16	11842001	11839694	53
16	11842001	11841405	44
16	11842001	11841694	39
16	11842001	11841707	35
16	11846568	11841906	19
16	11846603	11841906	20
16	11846844	11841906	15
16	11846844	11846500	8
16	11846844	11846559	8
16	11847807	11846694	17
16	11847807	11846733	15
16	11849386	11847667	4
16	11850414	11847667	3
16	11850419	11847573	2
16	11850419	11847667	3
16	11851519	11841694	22
16	11851519	11841906	22
16	11851581	11847667	4
16	11875930	11868127	23
16	11875930	11872678	20
16	11875930	11872681	19
16	11875930	11872683	19
16	11875930	11873118	19
16	11883096	11877406	17
16	11883096	11880224	16
16	11885275	11883014	1
16	11887751	11886776	15
16	11891140	11887569	12
16	11891140	11887606	27
16	11894988	11891061	3
16	11895285	11890792	3
16	11896783	11894953	21
16	11896786	11894953	15
16	11897882	11894953	7
16	11897882	11896557	10
16	11897882	11896615	9
16	11897889	11896557	8
16	11915204	11897993	5
16	11915211	11897993	5
16	11915879	11897993	2
16	11915921	11897993	2
16	11916083	11897993	2
16	119256	112621	1
16	11929276	11927372	9
16	11929276	11927594	9
16	11929344	11927594	4
16	11929446	11928623	13
16	11929446	11929239	14
16	11929638	11928980	14
16	11930552	11929384	15
16	11933662	11929384	0
16	11933662	11930449	0
16	11933662	11930512	0
16	11933713	11930449	0
16	11933925	11930449	0
16	11933925	11933516	0
16	11933925	11933622	0
16	11976635	11941837	0
16	11976644	11963890	0
16	11977851	11976850	0
16	1207125	1206559	0
16	12090303	12086745	0
16	12095308	12093626	0
16	1222342	1221650	0
16	1222918	1222195	0
16	1223595	1222651	0
16	1223595	1222658	0
16	1224629	1223422	0
16	1224776	1223422	0
16	1227791	1227271	0
16	1228815	1227625	0
16	1229064	1228335	0
16	1229064	1228336	0
16	1229064	1228653	0
16	12372583	12366981	0
16	1240729	1240938	0
16	1241700	1241826	0
16	12557695	12556352	0
16	12611045	12560755	0
16	1261708	1261421	0
16	1261710	1260951	0
16	12705050	12659798	0
16	1276219	1273750	0
16	12781404	12663486	0
16	12781404	12704623	0
16	12803845	12780973	0
16	12803852	12781184	0
16	12804018	12781184	0
16	1280545	1280160	0
16	1286775	1286350	0
16	1298992	1294550	0
16	130592	112621	1
16	130592	117300	1
16	130592	119125	1
16	130592	123506	0
16	130592	124936	1
16	13077	13155	0
16	1315670	1317026	62
16	1319863	1320173	112
16	1320284	1320437	13
16	13203491	13197605	0
16	1322828	1319254	45
16	1322846	1317890	49
16	13332584	13331367	0
16	1344147	1344226	0
16	1346685	1346846	0
16	1346685	1346933	0
16	1349953	1349239	4
16	1350235	1349425	13
16	1352018	1352101	19
16	1352160	1352238	60
16	1361406	1358899	60
16	1361798	1361871	9
16	1362321	1362451	95
16	1362535	1362610	77
16	1366149	1364173	87
16	1367350	1363204	32
16	1367350	1363205	32
16	1367350	1364998	19
16	1367350	1365011	19
16	1367350	1366277	14
16	1367859	1363204	55
16	1367859	1367091	12
16	1367859	1367241	57
16	1367859	1367291	47
16	1368204	1367091	58
16	1370358	1367655	36
16	1370358	1367712	46
16	1371612	1367655	42
16	1371612	1369933	41
16	1371612	1370129	31
16	1371612	1370232	38
16	13767367	13730136	0
16	13777845	13730253	0
16	1379122	1370129	23
16	138346	119125	0
16	138362	112621	0
16	13930891	13932156	0
16	13932286	13934191	1
16	13932405	13934191	0
16	13934303	13935145	0
16	13935636	13930676	0
16	1394216	1392890	0
16	1397296	1394130	0
16	1399509	1397044	4
16	1399510	1397177	4
16	1399510	1398304	2
16	14013459	14009279	0
16	14016002	14013030	0
16	14016017	14013371	0
16	1401702	1399139	1
16	1401702	1399373	0
16	1401702	1401336	0
16	14020488	14018879	0
16	1403345	1401567	0
16	1407342	1403236	0
16	1414010	1403167	0
16	1414056	1403167	0
16	14140761	14141306	1
16	1414079	1403207	0
16	14193773	14191819	0
16	1420801	1419743	61
16	14240485	14240614	4
16	14247508	14248925	4
16	14261503	14262377	20
16	1434853	1434382	3
16	1434853	1434387	3
16	14370267	14363108	0
16	1437904	1436691	6
16	1437955	1436691	6
16	1438177	1437816	1
16	1438738	1438049	0
16	1438740	1438049	0
16	1438944	1438049	0
16	1438944	1438618	0
16	1439127	1438618	0
16	1439127	1438789	2
16	1439127	1438814	2
16	14410399	14407667	0
16	14410399	14408038	0
16	1442530	1439024	0
16	14447082	14435700	1
16	14447082	14436272	2
16	14447082	14436604	2
16	14447082	14436667	3
16	1445857	1445909	272
16	1447084	1445343	49
16	1447087	1444933	264
16	1447087	1444934	264
16	1447087	1444935	264
16	1447087	1445343	47
16	1447087	1446642	49
16	1447569	1445343	36
16	14482828	14446887	0
16	14482828	14446956	0
16	1448485	1447654	88
16	1448609	1447654	110
16	1448767	1448291	82
16	1448767	1448354	100
16	14501690	14482637	0
16	1452894	1451622	84
16	14552096	14482637	0
16	14555710	14554064	0
16	1455796	1455133	14
16	14558490	14555685	0
16	1456207	1455491	4
16	1456207	1455730	1
16	14565076	14555653	0
16	1457338	1456112	1
16	1457757	1457253	21
16	14578629	14558372	0
16	14580944	14555653	0
16	14580944	14576071	0
16	14586362	14584748	1
16	1459188	1457693	25
16	14592078	14586317	0
16	1459331	1457328	25
16	14593379	14586317	0
16	1459413	1457693	25
16	14599961	14593300	0
16	14604227	14599903	0
16	14604227	14599934	0
16	14606527	14599903	0
16	14608320	14599903	0
16	14608320	14604145	0
16	14608320	14606483	0
16	14609124	14608106	0
16	14609124	14608280	0
16	1460949	1460417	59
16	14610700	14609057	0
16	14610744	14609057	0
16	14610810	14609057	0
16	1461471	1460768	5
16	1461471	1460769	5
16	1461471	1460815	4
16	1461471	1460838	4
16	14617651	14610643	0
16	14627188	14610664	0
16	14627188	14617589	0
16	14627337	14617589	0
16	14627337	14627105	3
16	14627337	14627175	4
16	14628252	14604145	0
16	14628252	14617589	0
16	14628252	14627105	0
16	14629675	14627105	0
16	14667893	14669032	185
16	14678761	14672680	4
16	14688272	14672544	0
16	14701856	14695566	0
16	1471957	1465266	1
16	14721	14380	34
16	1472685	1467672	2
16	14729763	14727281	0
16	14740974	14734684	0
16	1474366	1465266	1
16	1475026	1465266	2
16	1475058	1461602	2
16	1475077	1461602	2
16	1475078	1466598	0
16	1475085	1461602	2
16	1475581	1465266	1
16	14770076	14766401	0
16	14821186	14820791	0
16	14823069	14821510	0
16	14824670	14822885	0
16	14824703	14822431	0
16	1487971	1485885	0
16	1487971	1485938	0
16	14895642	14895972	465
16	14895695	14895972	468
16	14935277	14935344	251
16	14974805	14974886	0
16	15022719	15022719	0
16	15031907	15032860	7
16	15038688	15037852	3
16	15038688	15037853	3
16	15038688	15037873	4
16	15038688	15038144	5
16	15040067	15038573	3
16	15040067	15038575	3
16	15040468	15038607	3
16	15041677	15041067	3
16	15044408	15041622	4
16	15046055	15041622	2
16	15047495	15041622	3
16	15047551	15044333	5
16	15047921	15044333	6
16	15047921	15047215	1
16	15047921	15047417	1
16	15047921	15047427	1
16	15047921	15047441	1
16	15056055	15047441	0
16	15056080	15047441	0
16	15061906	15060034	318
16	15063284	15060021	7
16	15063284	15061427	8
16	15063284	15061628	7
16	15063284	15061788	7
16	1506330	1506483	174
16	15074862	15072949	17
16	15076651	15074676	3
16	15076651	15074722	3
16	15080097	15076434	5
16	15080097	15076557	3
16	15105819	15104722	239
16	15106151	15104311	189
16	15106151	15104329	190
16	15107438	15106259	2
16	15110559	15107329	14
16	15110822	15110413	9
16	15110822	15110501	7
16	15114572	15110721	4
16	15114572	15110790	4
16	15125601	15125241	81
16	15125808	15118925	88
16	15125949	15118925	81
16	15127597	15125690	201
16	15127898	15126658	71
16	15127898	15127469	183
16	15132874	15131086	3
16	15133424	15132719	193
16	15133424	15132720	192
16	15133424	15132842	220
16	15133704	15133263	560
16	15133846	15133489	302
16	15133858	15133489	307
16	15134075	15133487	244
16	15134075	15133489	244
16	15134346	15133794	171
16	15135430	15134201	145
16	15135756	15135303	111
16	15136132	15135279	215
16	15154565	15138384	7
16	1518358	1510426	9
16	1518358	1510429	9
16	1520039	1518101	10
16	1520048	1518215	12
16	1524917	1523827	19
16	1524917	1524551	16
16	1525327	1524773	8
16	1525327	1524783	8
16	1533495	1526618	3
16	15365465	15363623	72
16	15365465	15364875	83
16	15365635	15365173	50
16	15365635	15365428	47
16	1558135	1525886	2
16	1558135	1526618	2
16	1558135	1526732	2
16	1558135	1553920	0
16	15599025	15594385	20
16	15599025	15594386	20
16	15599025	15594387	20
16	15599025	15596170	10
16	15599025	15596692	8
16	15599118	15596634	3
16	15599172	15596766	6
16	15600461	15598853	23
16	15600554	15598853	24
16	15600554	15598921	29
16	15601864	15598853	17
16	15602204	15600640	23
16	15604399	15601990	2
16	15604399	15602127	2
16	15611109	15609522	0
16	15611735	15610974	0
16	15612778	15611591	0
16	15616006	15612556	0
16	15616006	15612705	3
16	15617172	15612556	2
16	15617172	15615829	1
16	15617366	15615829	1
16	15617536	15616784	2
16	15617536	15617051	2
16	1562117	1557554	0
16	1562117	1557934	0
16	15621912	15620450	7
16	15623058	15621732	4
16	15623083	15621492	3
16	15623124	15621732	4
16	15623127	15621732	4
16	15623151	15621732	3
16	15624928	15621732	16
16	15624928	15622933	16
16	15625174	15624768	16
16	15625798	15625015	17
16	15625801	15625015	17
16	15630505	15625015	4
16	15630505	15625371	1
16	15631499	15630233	0
16	15631499	15630331	1
16	15636343	15633616	0
16	15636343	15634756	0
16	15639234	15635655	2
16	15639292	15634756	0
16	15639292	15635655	0
16	15639292	15635993	0
16	15708842	15703171	1
16	15708842	15703786	2
16	15711271	15703740	1
16	15715082	15703171	1
16	15715082	15703990	0
16	15715082	15708802	1
16	15715273	15712889	3
16	15715273	15712895	3
16	15715273	15714908	2
16	15724329	15720838	7
16	15724410	15721421	7
16	15724800	15724160	25
16	15724993	15724646	30
16	15725139	15724646	25
16	15727055	15724887	16
16	15732709	15726847	3
16	15735579	15732563	3
16	15741670	15740050	0
16	15741892	15741462	2
16	15742192	15741552	0
16	15745238	15741759	0
16	15750332	15748046	0
16	15753509	15749167	0
16	15753509	15750137	0
16	15776177	15771568	0
16	15778844	15776077	0
16	15779424	15775841	0
16	15786733	15782384	0
16	15786733	15784697	0
16	15798688	15785014	0
16	15798688	15786629	0
16	1580309	1579241	0
16	1580851	1571406	0
16	15873628	15865719	4
16	15873628	15867068	7
16	15873628	15867219	11
16	15873628	15867306	16
16	15873628	15867419	13
16	15879889	15867178	5
16	15879889	15867337	7
16	15879889	15873484	1
16	15879889	15873490	1
16	15884206	15865720	2
16	15884206	15873490	2
16	15888594	15884007	5
16	15888600	15884007	5
16	15888603	15884007	5
16	15888604	15879803	1
16	15888615	15884007	5
16	15888616	15884007	5
16	15888624	15884007	5
16	15888626	15884007	5
16	1602592	1584216	0
16	1602592	1592466	0
16	1607298	1602266	0
16	1607298	1602369	0
16	1607298	1602376	0
16	1607298	1602397	0
16	1607298	1602410	0
16	16095210	16094191	0
16	1610045	1607119	1
16	1610667	1607119	0
16	1610694	1607119	0
16	1610705	1607119	0
16	1610854	1607119	0
16	16150773	16148927	0
16	16150773	16149565	0
16	16150773	16149593	0
16	16150773	16150132	0
16	16173405	16169645	0
16	16175987	16173081	0
16	16175987	16173283	0
16	16182589	16178797	0
16	16185035	16181704	0
16	16202179	16198020	0
16	16203614	16201999	0
16	16203614	16202000	0
16	16221832	16219821	0
16	16221832	16220272	0
16	16223435	16221648	0
16	16223465	16221648	0
16	16223468	16221186	0
16	16223472	16221648	0
16	16223495	16221612	0
16	16223523	16221648	0
16	1626161	1625627	2
16	16292243	16290134	29
16	16294296	16294626	558
16	16333764	16333813	329
16	16348733	16349228	203
16	16398595	16394911	0
16	1655937	1656648	83
16	1691986	1692397	5
16	1698844	1700073	129
16	17094928	17094350	0
16	17117980	17101768	0
16	17138532	17134472	7
16	17141370	17138354	0
16	1714209	1713526	0
16	17198415	17158828	0
16	17200655	17198030	0
16	17200655	17198211	0
16	17259029	17200481	0
16	17259499	17200481	0
16	172959	173124	0
16	173008	173124	0
16	17358051	17258987	0
16	17358051	17354671	0
16	17358051	17355227	0
16	17428	16915	24
16	1743477	1747028	181
16	1744190	1744977	206
16	1745104	1747028	118
16	17470882	17358011	0
16	1752263	1751558	36
16	17540986	17540330	0
16	1767298	1767563	100
16	176763	176928	0
16	1767919	1768068	81
16	1768108	1768198	29
16	176812	176928	0
16	1770994	1770285	92
16	1770994	1770319	92
16	1770994	1770334	64
16	1770994	1770341	55
16	1770994	1770343	55
16	1770994	1770376	39
16	1770994	1770541	92
16	1771172	1770880	70
16	1771192	1770880	65
16	1771192	1770888	65
16	1771207	1770340	12
16	1771324	1770648	57
16	1771411	1770460	81
16	1771411	1770880	52
16	1771514	1770480	52
16	1771539	1770880	43
16	1771544	1770880	42
16	1772647	1771889	144
16	1772699	1771895	112
16	17751	17290	30
16	1775133	1775314	105
16	1776340	1776745	86
16	1776340	1776860	111
16	1777406	1778454	237
16	1777873	1776711	198
16	1777873	1776713	198
16	1777873	1776717	196
16	1777873	1776721	195
16	1777873	1776748	192
16	1777873	1776794	171
16	1778049	1777746	241
16	1778049	1777856	262
16	1778322	1777945	255
16	1778322	1778036	256
16	1778613	1776717	183
16	1778613	1777746	219
16	1778613	1777945	237
16	1778613	1778133	234
16	1781496	1777746	145
16	1781496	1777945	169
16	1781496	1778063	157
16	1781496	1778133	159
16	1781496	1778169	153
16	1781496	1778434	188
16	1781510	1778133	156
16	1781517	1778434	173
16	1781906	1781357	20
16	1782506	1781357	14
16	1782548	1781192	14
16	1782553	1781357	12
16	1782558	1781357	12
16	1782568	1781041	25
16	1782595	1781357	12
16	1782755	1781357	24
16	1782821	1781357	12
16	1785903	1786536	84
16	1786656	1786737	121
16	1786656	1786756	128
16	1786656	1787676	121
16	1786956	1787676	108
16	1788052	1788137	62
16	1788052	1788160	62
16	1793701	1781357	69
16	1793733	1790475	5
16	1793764	1790412	5
16	1794972	1791804	7
16	17967689	17933188	0
16	17971947	17967392	0
16	17971947	17967542	0
16	18059	17513	41
16	18069	17603	42
16	1809383	1795619	7
16	1809383	1807576	5
16	1809834	1807632	4
16	1809834	1808871	11
16	1809834	1809102	8
16	1809834	1809123	8
16	1809834	1809237	8
16	1810888	1809104	4
16	18151596	17971839	0
16	1817272	1816892	4
16	18173064	18002805	0
16	1819224	1817167	3
16	1819224	1817188	3
16	1820015	1817167	3
16	1820015	1818514	6
16	1820015	1819114	6
16	1822365	1819834	13
16	1822365	1819835	13
16	1822365	1819896	11
16	1822905	1822299	4
16	1823038	1821511	4
16	1823038	1822299	4
16	1827158	1822864	2
16	1827195	1822864	2
16	18319831	18317941	161
16	18319831	18317946	161
16	18319831	18318007	216
16	18319831	18319257	237
16	18334761	18334399	26
16	18334968	18328113	11
16	18334968	18332599	10
16	18341767	18340248	0
16	18342810	18341621	6
16	18342810	18341734	7
16	18343098	18341621	13
16	18343639	18343199	337
16	18343640	18343199	337
16	18344013	18343423	280
16	18344013	18343425	280
16	18344169	18343732	64
16	18344284	18343732	153
16	18344916	18344139	177
16	18345512	18344139	115
16	18359452	18358085	291
16	18359984	18358094	151
16	18359984	18359381	200
16	18359984	18359394	200
16	18360154	18359833	59
16	18360154	18359947	47
16	18361278	18360092	58
16	18364372	18361046	23
16	18364372	18361169	24
16	18364372	18361224	29
16	18364635	18364226	13
16	18364635	18364269	17
16	18368321	18364534	6
16	18368365	18364534	4
16	18368387	18364534	6
16	18371298	18368257	36
16	18372786	18368257	52
16	18372855	18368257	63
16	18374885	18374520	105
16	18374980	18372577	54
16	18375070	18368257	59
16	18375070	18372722	73
16	1837871	1833986	0
16	1837871	1833987	0
16	18379728	18379154	10
16	18382866	18382425	1
16	18383239	18382651	0
16	18383239	18382706	0
16	18383510	18382958	0
16	18384505	18383365	25
16	18384594	18383365	2
16	18384594	18383470	14
16	18388430	18384443	0
16	18389026	18383365	0
16	18389026	18384812	0
16	18389026	18385850	0
16	1839439	1833987	0
16	1839439	1837683	0
16	1839439	1837783	0
16	18395043	18394068	173
16	18395425	18394370	24
16	18395425	18394971	38
16	18401926	18395885	5
16	18401941	18395885	8
16	18417969	18417329	510
16	18417969	18417336	508
16	18418485	18417324	31
16	18418485	18417325	31
16	18418485	18417840	26
16	1841908	1839254	0
16	1841974	1839254	0
16	18424394	18418391	60
16	18424766	18418431	56
16	1843548	1841019	0
16	1844964	1841819	0
16	18500568	18499924	530
16	18500568	18499935	529
16	18501084	18499924	37
16	18501084	18500439	26
16	18519356	18434653	7
16	18520984	18520596	4
16	18523940	18520764	0
16	18523940	18520819	0
16	18523940	18520898	0
16	1853135	1844861	0
16	1853135	1844959	0
16	18538677	18533004	0
16	18538965	18538525	2
16	18538965	18538629	8
16	18551540	18547227	0
16	18551540	18549520	0
16	18554853	18551438	0
16	18554853	18551472	0
16	18571684	18570454	0
16	1857931	1854099	0
16	1860476	1857711	0
16	1860476	1857734	0
16	18783103	18781990	24
16	18783715	18782980	103
16	18784824	18781294	29
16	18784824	18782863	56
16	18784824	18782955	56
16	18784824	18782961	56
16	18784824	18782967	56
16	18784824	18782968	56
16	18784826	18783640	68
16	18786337	18782967	39
16	18786337	18784737	71
16	18788106	18784737	50
16	18788143	18782967	37
16	18788143	18784020	70
16	18788143	18784737	54
16	18788143	18786239	41
16	18788160	18784737	48
16	18789119	18784737	64
16	18789119	18788062	37
16	18789120	18788062	37
16	18789138	18788062	39
16	18790261	18788980	97
16	18790335	18788980	90
16	18790341	18788543	112
16	18790363	18788980	83
16	18790384	18788980	90
16	18794684	18788980	29
16	18794684	18791666	15
16	18794684	18792878	37
16	18794684	18792946	36
16	18795582	18794598	17
16	18795582	18794673	17
16	1879710	1878558	0
16	18797953	18795463	26
16	18798045	18794598	19
16	18798045	18795175	22
16	18798045	18795463	29
16	18798835	18793021	21
16	18798835	18795463	17
16	18798835	18797711	9
16	18798835	18797924	9
16	18801425	18798700	9
16	18801520	18798700	9
16	18801545	18798700	9
16	18801548	18797924	9
16	18801548	18798700	9
16	18801548	18798722	8
16	18801549	18798700	9
16	18801554	18798722	7
16	18801573	18798170	10
16	18801679	18798700	7
16	18811868	18804852	30
16	18811868	18807759	20
16	18812128	18811760	13
16	18815282	18811947	1
16	18815282	18812010	1
16	1883297	1861984	0
16	1883297	1878284	0
16	18838467	18838013	54
16	18838690	18838356	35
16	18839947	18838460	1
16	18839947	18838550	1
16	18848034	18847452	5
16	18849371	18847738	1
16	18849379	18847815	0
16	18858291	18854655	1
16	18859182	18857785	0
16	18859182	18858169	0
16	18859704	18859021	0
16	18860777	18859555	0
16	18861488	18856337	0
16	18866776	18864001	1
16	18866776	18866146	2
16	18868219	18866620	0
16	18868355	18866620	0
16	18868355	18866686	0
16	18876306	18872493	6
16	18876394	18872493	6
16	18877233	18875101	2
16	18877233	18875607	0
16	18877233	18876123	0
16	18879662	18875946	1
16	18884168	18882164	0
16	18885163	18884069	0
16	18885163	18884104	0
16	18885667	18885089	1
16	18889586	18884746	1
16	18889586	18885540	1
16	18890922	18889371	4
16	18892355	18890862	0
16	18892355	18890888	0
16	18896875	18892217	0
16	18896956	18892217	0
16	18896957	18892217	0
16	18896957	18896051	0
16	18900045	18896792	0
16	18900045	18896800	0
16	18900098	18896792	0
16	18925751	18896792	0
16	18926040	18924915	1
16	18926159	18899986	0
16	18926455	18896792	0
16	190136	188968	47
16	190136	188970	47
16	190136	188974	47
16	190136	188989	47
16	190136	189097	70
16	190136	189114	81
16	190550	189946	45
16	190571	188968	55
16	190571	189895	45
16	190571	189930	48
16	190571	189967	49
16	190571	190000	51
16	190571	190121	44
16	190596	189967	50
16	19064040	19062753	8
16	19064040	19062861	7
16	19067396	19063804	1
16	19067642	19062498	4
16	19067642	19063804	1
16	19067692	19063804	2
16	19078160	19079127	28
16	19078900	19078986	43
16	19078900	19079127	41
16	190803	190540	59
16	19114936	19120106	114
16	19121630	19119975	90
16	19172615	19172759	0
16	19172778	19173429	0
16	1918441	1911462	0
16	193016	190540	36
16	19367878	19343646	0
16	19367879	19354461	0
16	19393548	19367810	0
16	19396250	19393375	0
16	1940812	1938233	2
16	1940893	1938209	3
16	1940893	1939094	1
16	19411663	19410728	0
16	1941168	1940777	2
16	1941406	1938941	4
16	1941406	1939018	4
16	1941406	1940777	0
16	1941406	1940814	0
16	1941406	1940977	0
16	1941406	1941028	0
16	1943196	1940777	0
16	1945619	1943973	0
16	19487321	19476915	0
16	19501890	19501977	15
16	19505093	19501688	1
16	19505093	19502382	2
16	19505133	19503100	2
16	19507780	19503860	1
16	19507780	19504880	1
16	19510945	19507654	0
16	19510945	19507684	0
16	19510945	19507686	0
16	19525020	19525718	4
16	19525225	19525718	3
16	1953043	1950843	0
16	1954149	1952873	0
16	1954149	1952953	0
16	19545891	19546411	8
16	1954727	1953955	0
16	19548015	19548514	19
16	1957598	1954656	0
16	1957607	1953955	0
16	1961259	1961496	28
16	1961292	1961496	28
16	1961292	1961796	30
16	1961612	1961796	78
16	1961637	1961796	78
16	1962657	1962051	589
16	1962657	1962059	604
16	1962657	1962060	604
16	1962657	1962078	888
16	1962698	1962060	572
16	1962910	1962060	540
16	1962910	1962496	1038
16	1962910	1962551	1178
16	1963257	1962060	476
16	1963257	1962373	552
16	1963257	1962496	393
16	1963257	1962642	455
16	1963257	1962735	370
16	1963840	1963148	320
16	1964357	1962735	245
16	1964366	1962496	247
16	1964366	1962735	246
16	1964366	1962909	274
16	1964366	1963148	316
16	1964366	1963211	251
16	1964368	1963652	232
16	1964539	1963148	348
16	1964632	1963148	273
16	1964632	1963652	205
16	1964806	1962949	148
16	1964813	1963148	350
16	1965130	1965405	42
16	19710587	19701933	113
16	19710587	19706355	68
16	19710587	19707164	146
16	19711441	19710259	5
16	19711441	19710508	4
16	19714578	19710508	33
16	19715038	19711371	18
16	19718132	19714798	1
16	19718235	19714117	1
16	19718236	19714117	1
16	19735451	19735537	0
16	1974108	1974180	7
16	1974108	1974196	9
16	19761239	19761356	0
16	19762017	19761171	0
16	19762037	19761349	0
16	19763901	19764034	0
16	19766045	19761847	0
16	19766071	19761559	0
16	19766100	19761847	0
16	1977177	1977177	151
16	1977285	1977355	69
16	1977378	1977378	28
16	1977382	1977382	28
16	1977427	1977513	1
16	1977608	1977611	80
16	1979543	1978916	112
16	1979543	1979039	116
16	1979645	1978916	118
16	1979904	1979424	107
16	1980182	1979789	86
16	1980545	1979996	150
16	1980729	1980366	185
16	1980732	1980366	189
16	1980732	1980539	196
16	1981020	1980059	103
16	1981020	1980366	138
16	1981020	1980640	100
16	1981020	1980655	108
16	1981184	1980938	83
16	1981416	1980938	105
16	1981445	1980366	115
16	1981468	1980938	103
16	1981550	1980938	103
16	1982752	1981113	88
16	1984193	1982659	100
16	1984477	1984746	82
16	19856562	19857454	2
16	19858047	19857298	1
16	19861974	19856690	1
16	19861974	19858497	0
16	19861974	19858970	0
16	19861974	19860407	0
16	19862341	19858970	0
16	1986854	1984876	59
16	19872846	19861836	0
16	19872847	19861836	0
16	19874799	19872575	0
16	19880994	19872400	0
16	19882302	19872586	0
16	19882302	19872768	0
16	19882361	19872312	0
16	19884918	19871815	0
16	19885728	19871815	0
16	19886168	19871815	0
16	1990358	1986265	0
16	1997933	1998149	232
16	1998853	1997653	101
16	1998853	1998152	213
16	1998853	1998231	122
16	1998853	1998423	108
16	1999122	1998701	103
16	1999196	1998701	115
16	2000072	1998701	142
16	2000257	1998964	125
16	2000482	1997654	94
16	2000482	1999495	95
16	2000482	1999499	95
16	2000482	1999893	146
16	2000482	2000009	87
16	2001192	1999495	55
16	20071023	20031658	0
16	20073918	20031484	0
16	20314702	20309571	0
16	20314702	20310488	0
16	20318431	20317212	0
16	20319769	20318184	0
16	20319769	20318401	0
16	20320474	20319619	0
16	20320474	20319750	0
16	20322980	20320261	0
16	20322980	20320359	0
16	20322980	20320432	0
16	20322980	20320434	0
16	20324062	20322868	0
16	20324203	20322868	0
16	20324257	20322868	0
16	20324257	20323380	0
16	20326419	20322868	0
16	20326468	20322868	0
16	20326468	20323380	0
16	20326468	20323815	0
16	20326468	20323966	0
16	20326468	20324046	0
16	20327508	20322868	0
16	20327508	20323815	0
16	20335521	20333051	0
16	20335521	20333068	0
16	20335521	20333338	0
16	20349213	20348222	0
16	20349870	20348435	0
16	20349870	20348885	0
16	20349870	20348979	0
16	20350777	20348435	0
16	20350777	20348924	0
16	20350777	20348970	0
16	20350777	20348992	0
16	20350777	20349800	0
16	20350840	20348435	0
16	20350840	20349035	0
16	20350840	20349042	0
16	20350840	20349707	0
16	20350840	20349770	0
16	20351172	20348435	0
16	20351172	20350649	0
16	20351313	20350649	0
16	20351439	20350649	0
16	20352711	20348435	0
16	20352711	20350649	0
16	20352712	20350649	0
16	20352716	20350649	0
16	20352801	20350649	0
16	20352879	20348435	0
16	20352879	20350649	0
16	20356302	20350649	0
16	20360658	20359169	0
16	20384852	20376067	0
16	20388910	20384644	0
16	20399308	20384644	0
16	20399308	20388786	0
16	2040239	2039814	25
16	2040239	2039819	25
16	2040239	2039820	25
16	2040239	2039822	25
16	2040239	2039851	25
16	2040242	2039819	25
16	2040469	2039819	28
16	20437180	20437267	0
16	2043727	2039819	3
16	2043727	2040132	23
16	2043727	2042001	19
16	2043804	2040132	22
16	2044080	2043566	7
16	20441519	20440265	0
16	20442389	20441249	0
16	2044801	2043483	7
16	2044801	2043566	9
16	2044827	2043566	9
16	2046367	2043566	16
16	20475442	20475649	0
16	20476660	20477368	0
16	2047744	2046127	21
16	2047787	2046127	23
16	2047795	2046279	26
16	2047867	2046127	23
16	2053453	2054295	39
16	2053543	2054295	40
16	20540765	20537184	0
16	20540774	20536225	0
16	20540774	20536262	0
16	20540774	20536723	0
16	20540774	20537090	0
16	20540774	20537139	0
16	20540774	20537144	0
16	20541317	20537291	0
16	20543014	20540653	0
16	20543263	20540653	0
16	20543263	20541700	0
16	20543263	20542687	0
16	20543263	20542824	0
16	20543263	20542913	0
16	2054441	2055401	14
16	2054441	2055418	16
16	20545171	20543160	0
16	20545259	20543134	0
16	20545259	20544527	0
16	20548469	20546393	0
16	20548474	20548061	0
16	20552298	20548379	0
16	20552298	20548393	0
16	20552298	20549610	0
16	20555477	20553776	0
16	20555477	20554034	0
16	20559448	20555268	0
16	20559448	20555442	0
16	20564854	20559236	0
16	20564854	20559270	0
16	20564854	20559307	0
16	20564857	20559236	0
16	20575457	20564668	0
16	20575501	20559236	0
16	20575508	20564668	0
16	20575508	20574124	0
16	20575550	20564668	0
16	20575804	20564668	0
16	20576282	20564668	0
16	20576313	20559236	0
16	20576317	20559236	0
16	20576341	20574308	0
16	20576368	20564668	0
16	20576374	20564668	0
16	20588087	20586549	0
16	2060814	2060952	61
16	2060814	2061870	54
16	206088	192926	3
16	2061040	2061870	57
16	2061438	2061870	48
16	206148	199061	2
16	20620759	20618204	0
16	20624183	20623236	0
16	20624216	20623236	0
16	20624216	20623387	0
16	20624216	20623425	0
16	20624216	20623485	0
16	20625523	20623236	0
16	2063054	2064271	25
16	20682464	20671530	0
16	20682464	20674043	0
16	20685404	20682255	0
16	20685404	20682404	0
16	20718485	20702815	0
16	20721254	20718316	0
16	20731585	20721141	0
16	20737287	20731549	83
16	20737287	20733663	62
16	20737957	20735374	27
16	20737957	20736859	18
16	20737957	20737088	18
16	20738273	20736811	6
16	20739072	20737707	8
16	20739072	20738087	17
16	20741797	20738896	19
16	20741804	20738896	15
16	20741816	20738743	10
16	20741816	20738896	15
16	20742085	20738896	10
16	2074390	2074722	76
16	20764024	20743662	0
16	20766621	20763880	0
16	20789558	20780192	0
16	20790933	20789478	0
16	2079197	2079275	53
16	20796490	20796885	44
16	20799352	20790777	0
16	20799352	20790849	0
16	20799352	20796339	15
16	20799352	20796343	16
16	20799352	20797373	21
16	20799374	20797183	27
16	20800039	20799262	2
16	20800403	20799956	9
16	20800754	20799956	7
16	20801360	20799956	4
16	20801360	20800301	13
16	20802924	20801146	2
16	20802924	20801202	2
16	20803512	20802902	2
16	20803512	20802917	2
16	20803517	20802795	2
16	20803517	20802917	2
16	20803671	20802917	3
16	20803671	20803424	6
16	20803671	20803432	6
16	20803671	20803467	5
16	2080378	2081594	9
16	20805946	20803602	11
16	20806106	20803602	11
16	20806120	20803602	11
16	20806447	20805714	18
16	20806451	20803602	8
16	20806451	20805786	17
16	20806470	20803602	8
16	20806473	20803602	8
16	20806474	20803602	8
16	20806477	20803602	8
16	20806677	20805714	13
16	20806722	20806951	6
16	20806736	20806951	8
16	20806818	20806951	8
16	2081799	2082435	157
16	208189	206003	2
16	2082501	2083694	135
16	2082505	2083694	136
16	2082559	2083694	153
16	2082595	2083694	159
16	2083255	2083694	174
16	20839860	20840330	1
16	208509	206003	2
16	20862644	20854924	1
16	20862644	20858995	6
16	208665	208077	40
16	2088140	2088226	56
16	2088140	2088238	54
16	20896382	20803602	3
16	20900350	20896307	2
16	20900385	20862107	0
16	2090591	2088709	39
16	2090591	2089526	235
16	2090809	2090284	21
16	2090840	2090284	19
16	2091175	2090673	83
16	2091175	2090764	127
16	2091598	2090882	98
16	2091598	2090883	98
16	2091598	2090984	184
16	2091855	2091422	46
16	2091907	2091422	44
16	2092014	2090883	57
16	2092171	2091780	57
16	2092189	2091427	57
16	2092189	2091780	55
16	2092189	2091822	57
16	2092593	2092046	48
16	2092598	2091780	52
16	2092912	2092045	83
16	2093094	2092479	148
16	20935486	20933110	0
16	2093739	2092479	159
16	2093739	2092885	172
16	2093739	2092953	169
16	2093874	2093354	161
16	2093885	2093543	48
16	2094014	2093543	56
16	2097027	2094829	80
16	2097242	2094091	65
16	209774	208077	43
16	2097778	2097318	127
16	2097781	2097318	124
16	2097985	2097318	35
16	2097985	2097727	26
16	2097985	2097751	26
16	20997463	20987941	0
16	2099771	2097727	27
16	2099771	2097851	20
16	2099771	2097858	20
16	2099771	2097867	20
16	2099771	2099461	2
16	2099894	2099643	1
16	21000519	20996858	0
16	21000519	20997282	0
16	2100072	2097727	25
16	2100072	2097867	16
16	2100072	2098832	20
16	2100072	2099077	23
16	2100072	2099643	25
16	2100301	2099860	10
16	2100310	2099860	11
16	2100310	2100022	10
16	2100687	2099931	20
16	21019870	21003103	0
16	21022101	21019623	0
16	2102257	2100395	16
16	21024702	21019146	0
16	2102634	2101950	17
16	2102634	2102060	16
16	2102971	2102379	9
16	2102971	2102380	9
16	2103178	2102380	2
16	2103532	2102813	2
16	2103688	2102813	86
16	2103790	2102813	190
16	2103794	2102813	182
16	2103896	2102813	6
16	2103896	2103265	239
16	2103896	2103516	233
16	2104643	2102813	2
16	2104643	2103104	2
16	2104643	2103265	1
16	2104643	2103431	2
16	2104643	2103515	2
16	2104643	2103724	4
16	2104643	2103788	4
16	2105399	2104497	4
16	2105475	2104497	4
16	2105708	2104497	8
16	2106025	2104497	34
16	2106025	2105321	37
16	2106025	2105356	39
16	2106025	2105377	41
16	2106305	2105321	32
16	2106305	2105864	73
16	2106408	2105864	37
16	2106409	2106090	61
16	2106678	2106090	55
16	2106678	2106275	62
16	2106949	2106397	11
16	2106949	2106502	5
16	2106949	2106520	3
16	2106949	2106589	4
16	2107757	2106804	6
16	2107760	2106397	7
16	2108017	2106397	9
16	2108033	2106804	8
16	2108033	2106940	11
16	2108033	2107584	11
16	2109854	2107882	134
16	21104553	21098615	0
16	21106675	21103901	0
16	21106675	21104470	0
16	2111872	2106804	98
16	2111872	2107882	116
16	2112474	2106804	132
16	2112474	2108251	103
16	2112474	2109290	99
16	2112474	2111457	18
16	2112474	2111815	17
16	2112831	2112339	27
16	2112899	2112339	24
16	2112964	2112339	20
16	2113060	2112787	24
16	2113075	2112339	24
16	2113281	2112787	5
16	2113293	2112787	5
16	2113293	2113040	2
16	21134455	21127686	0
16	21136514	21134258	0
16	21136573	21134148	0
16	21140711	21136323	0
16	2114125	2113160	2
16	21141373	21140207	0
16	21141373	21140535	0
16	2114482	2113160	2
16	2114926	2113160	18
16	21161009	21161084	0
16	2116645	2115991	2
16	2117017	2116528	2
16	2117054	2116528	4
16	2117673	2108251	2
16	2117673	2116528	13
16	2117673	2116591	11
16	21197850	21197449	0
16	21197850	21197451	0
16	21201804	21201368	0
16	21201831	21201368	0
16	21202024	21201368	0
16	21202024	21201705	0
16	21202290	21201777	0
16	21204212	21203124	0
16	21204405	21203790	0
16	21204405	21204029	0
16	21205585	21204307	0
16	21205776	21205419	0
16	21205776	21205565	0
16	21206991	21205730	0
16	21244069	21238873	0
16	21258846	21243871	0
16	21261339	21243991	0
16	21261339	21258517	0
16	21261339	21258520	0
16	21261339	21258788	0
16	21262159	21261253	0
16	21262159	21261283	0
16	21262337	21261082	0
16	21267738	21261291	0
16	21267738	21262036	0
16	21269892	21267553	0
16	21269892	21268546	0
16	21275595	21269789	0
16	21275595	21269856	0
16	21278246	21277430	0
16	21278276	21277430	0
16	21278337	21277430	0
16	21278526	21277430	0
16	21278961	21278081	0
16	21283713	21278720	0
16	21284105	21278174	0
16	21303052	21278853	0
16	21303084	21278081	0
16	2135899	2119306	1
16	21405320	21402236	209
16	21406690	21404861	7
16	21406690	21405172	30
16	21406860	21406037	17
16	21406860	21406653	13
16	21411079	21406798	55
16	21411079	21406829	97
16	21411130	21406798	59
16	21411342	21406798	84
16	21411342	21410933	24
16	21411342	21410969	17
16	21415086	21411241	11
16	21415086	21411242	11
16	21415086	21411276	8
16	21415278	21411264	7
16	21418938	21414956	4
16	21419576	21414956	20
16	21419576	21415004	36
16	21419767	21414956	22
16	21422144	21419668	187
16	21425137	21414956	52
16	21425137	21415005	52
16	21425137	21419489	52
16	21425137	21419634	56
16	21425137	21421805	52
16	21425279	21414956	45
16	21425323	21424978	54
16	21425337	21424978	54
16	21425355	21419489	61
16	21425379	21424762	65
16	21425379	21424978	52
16	21425382	21422706	82
16	21425403	21424978	54
16	21425477	21425054	84
16	21447198	21425299	130
16	21447198	21425378	106
16	21448040	21447077	4
16	21448072	21447077	5
16	21448088	21446682	4
16	21448088	21447077	3
16	21448088	21447117	3
16	21448568	21447927	2
16	21448610	21447512	3
16	21448610	21447927	2
16	21463994	21460089	6
16	21464818	21463204	8
16	21464818	21463702	2
16	21479579	21478090	0
16	21483788	21479441	1
16	21484536	21479441	1
16	21484536	21479544	1
16	21520011	21502088	5
16	21520180	21487577	6
16	21520445	21484371	2
16	2152886	2152988	2
16	2153046	2153145	5
16	21531142	21526823	0
16	2153223	2153318	6
16	21536854	21532944	0
16	21547464	21536697	0
16	2155359	2154796	136
16	21599835	21599882	20
16	21643155	21639536	3
16	21644397	21643547	2
16	21647493	21644289	2
16	21652607	21647306	2
16	21652609	21646385	2
16	21652661	21647132	4
16	21705038	21705168	0
16	21719192	21719386	0
16	2179326	2177179	14
16	21797113	21796105	3
16	21797859	21796629	1
16	21797859	21797016	3
16	21799835	21797749	2
16	21800838	21799649	1
16	21800838	21799667	1
16	21810839	21809645	7
16	21811838	21810426	10
16	21811838	21810774	6
16	2181930	2179592	4
16	21835866	21834568	0
16	2183748	2181790	2
16	21837745	21835630	15
16	21837771	21834670	59
16	21839141	21836004	4
16	21839141	21837473	2
16	21839141	21837563	2
16	21839141	21837623	2
16	21839141	21837723	2
16	21839311	21837692	16
16	21839311	21838488	2
16	21839311	21839104	10
16	21839879	21839104	314
16	21843413	21839939	171
16	21843481	21839104	22
16	21843491	21840802	130
16	21843531	21839249	14
16	21843582	21839249	6
16	21843794	21839249	12
16	21843794	21843385	4
16	21843794	21843442	4
16	21843794	21843485	4
16	21847542	21843693	4
16	21847542	21843715	4
16	21847542	21843743	6
16	2184869	2181898	3
16	21851176	21847411	12
16	21851208	21847412	9
16	21851256	21847413	3
16	21851856	21847412	17
16	21852047	21847412	13
16	21852047	21847452	8
16	21852047	21847481	18
16	21852221	21847412	3
16	21854422	21851948	194
16	21857346	21851914	148
16	21857417	21847412	45
16	21857417	21851769	47
16	21857417	21851914	117
16	21857417	21854083	73
16	21857419	21847412	45
16	21857603	21857258	58
16	21857617	21857258	58
16	21857658	21847412	77
16	21857659	21857042	64
16	21857659	21857258	45
16	21857661	21857258	45
16	21857663	21857258	45
16	21857683	21857258	58
16	21857757	21857291	85
16	21857757	21857296	85
16	21857757	21857334	83
16	21863834	21857258	137
16	21879458	21857579	101
16	21879458	21857658	87
16	21880300	21879337	5
16	21880348	21879337	3
16	21880348	21879377	3
16	21880828	21880187	2
16	21880870	21879772	4
16	21880870	21880187	4
16	21881952	21880721	0
16	21882228	21880754	0
16	21885026	21881841	0
16	21885317	21884823	0
16	21885317	21884953	0
16	2189158	2187352	0
16	2189334	2188896	1
16	2189334	2189026	1
16	21901715	21898886	2
16	21903547	21901541	3
16	21903547	21901551	5
16	21904541	21903448	4
16	21905045	21904467	2
16	21908606	21904118	2
16	21908606	21904918	1
16	21962517	21962760	7
16	21988792	21983864	2
16	22001099	21988601	0
16	22001111	21996321	0
16	2205513	2206030	12
16	2205513	2206060	12
16	2205876	2206030	27
16	2205876	2206060	33
16	2206410	2206478	51
16	2206410	2206483	51
16	2206410	2206496	51
16	2206410	2206554	51
16	2206660	2206742	4
16	220748	208077	23
16	220748	208600	28
16	220748	208632	28
16	2208025	2208209	15
16	2208335	2208449	10
16	2208614	2208758	29
16	22087107	22085798	87
16	22090165	22083255	86
16	22090249	22086986	10
16	2209707	2209252	15
16	22100319	22100415	0
16	2210052	2209361	15
16	2210052	2209552	6
16	2210146	2209653	14
16	2210282	2209949	24
16	2210651	2209978	18
16	2210651	2210125	18
16	2212156	2212442	79
16	2213900	2212261	62
16	2214808	2211996	64
16	22287038	22287201	60
16	22288733	22286941	53
16	22288737	22286912	51
16	22288739	22286707	42
16	2229676	2232170	27
16	22309041	22309427	2
16	22309506	22309850	1
16	22326279	22328509	101
16	2233184	2233437	83
16	2233501	2234639	57
16	2233648	2233881	49
16	2233991	2234170	21
16	2234389	2234582	116
16	2234782	2234858	8
16	2234782	2235080	46
16	22349444	22345935	6
16	22349444	22347474	12
16	22349444	22347633	12
16	22349444	22347754	16
16	2234950	2235080	115
16	22349774	22349155	6
16	22349850	22349278	3
16	22349850	22349371	3
16	2235002	2235080	115
16	2235144	2235215	55
16	22365015	22349700	1
16	2236561	2236777	58
16	2236561	2236800	59
16	22374438	22349700	5
16	22374618	22364901	4
16	2237477	2237539	51
16	22375091	22349700	1
16	22375224	22375326	1
16	22422215	22364901	4
16	22426367	22418671	16
16	22429949	22349700	1
16	22429949	22364927	3
16	22429949	22422160	17
16	22429949	22426212	11
16	22431597	22429795	0
16	2243225	2239394	28
16	2243225	2239894	11
16	2243225	2239939	11
16	2243225	2240036	13
16	22432835	22429795	1
16	2243440	2242414	12
16	2243440	2243045	8
16	2244439	2243317	7
16	2244553	2243045	10
16	2244553	2243168	8
16	2244553	2243317	7
16	2244553	2243368	7
16	22465819	22466196	4
16	2246987	2244137	4
16	2246987	2244405	3
16	22483228	22483395	4
16	22513522	22513763	38
16	22513601	22513763	39
16	22513611	22513763	39
16	22534449	22535939	669
16	22534709	22534710	693
16	22534814	22534832	788
16	2255727	2253115	19
16	2255727	2253116	19
16	2255727	2253125	19
16	2255727	2253129	34
16	2255727	2253138	34
16	2255727	2253827	17
16	2255727	2253839	18
16	2255727	2253845	18
16	2255727	2253974	16
16	2255727	2254028	27
16	2256867	2253122	18
16	2258757	2253898	165
16	22613484	22612542	0
16	2262432	2253855	96
16	2262432	2255584	91
16	2262432	2255640	91
16	2262843	2262207	16
16	2262843	2262277	15
16	2263162	2262739	1
16	2263288	2262739	14
16	2263288	2262753	13
16	2263288	2262811	9
16	2264332	2262739	38
16	2264332	2263095	46
16	2264332	2263133	46
16	2264332	2263141	46
16	2264332	2263213	46
16	2264332	2263259	41
16	2264761	2263095	43
16	2264761	2264175	42
16	2264761	2264182	64
16	2264761	2264267	85
16	2264761	2264314	89
16	2264877	2263896	84
16	2265251	2264175	98
16	2266217	2264572	98
16	2266524	2264572	101
16	2267219	2264572	114
16	2267238	2264572	108
16	2267247	2264572	114
16	2267307	2264572	118
16	2267338	2264572	138
16	2267604	2264572	84
16	2267830	2264572	94
16	2267834	2266109	120
16	2267849	2264572	98
16	2267853	2264572	98
16	2268055	2264572	109
16	2268067	2264175	103
16	2268072	2264175	103
16	2268092	2264572	107
16	2268095	2267174	88
16	2268096	2264572	103
16	2268115	2264175	101
16	2268115	2264572	100
16	2268115	2267174	95
16	2268115	2267188	98
16	2268398	2264175	103
16	2268413	2264572	78
16	227337	220648	0
16	227615	220170	1
16	227657	220648	1
16	227687	220648	1
16	2277671	2275880	0
16	2278459	2277878	0
16	2279131	2278287	0
16	2279131	2278294	0
16	22812402	22806288	0
16	22813202	22812282	0
16	22813681	22811743	0
16	2281510	2281026	0
16	2283359	2281380	0
16	2283742	2281380	0
16	2283973	2281392	0
16	228403	220648	4
16	228403	227241	143
16	228723	228332	76
16	2289621	2288025	0
16	228991	228123	108
16	229143	227241	81
16	2292239	2289047	0
16	2292239	2289433	0
16	229341	228228	93
16	229375	228332	96
16	229423	208077	1
16	229435	228332	95
16	229440	227241	84
16	229451	227241	85
16	229451	228332	95
16	229452	227241	87
16	229464	227241	87
16	23072198	23061405	4
16	23072549	23067978	2
16	23080172	23073721	3
16	23082558	23078978	0
16	23082558	23079945	0
16	23170194	23167576	0
16	23196017	23194877	0
16	2323689	2319580	0
16	2324532	2323338	0
16	2324532	2323522	0
16	23392235	23388775	24
16	23392524	23388492	16
16	23392524	23388640	19
16	23392524	23391961	22
16	23393293	23391842	2
16	23393319	23392379	1
16	23393348	23392379	1
16	23393582	23392379	2
16	23394947	23389869	0
16	23398130	23393232	3
16	23403835	23398045	11
16	2340598	2329647	0
16	2340736	2329647	0
16	2340747	2329647	0
16	23413565	23410294	0
16	23417122	23413447	4
16	23417294	23413447	3
16	23442646	23434635	0
16	23453181	23445812	0
16	23467414	23466684	174
16	23467536	23466589	172
16	23468997	23463541	10
16	23469583	23466590	10
16	23475062	23469995	6
16	23478502	23474903	5
16	23478502	23474952	6
16	23486153	23482922	0
16	23486791	23464322	6
16	23486791	23486014	0
16	23486791	23486084	0
16	23488710	23486709	0
16	23488710	23486745	0
16	23491801	23488605	0
16	23491801	23488679	0
16	23493459	23491676	4
16	23493459	23491684	4
16	23493459	23491744	5
16	23493588	23491776	6
16	23494379	23491675	4
16	23494379	23493359	69
16	23494379	23493422	74
16	23494379	23493430	69
16	23494403	23493359	75
16	23495773	23494298	21
16	23495779	23493359	27
16	23495779	23494111	31
16	23495779	23494302	18
16	23510390	23495693	5
16	23510425	23495693	5
16	23510449	23495693	5
16	23510465	23495688	5
16	23510488	23495342	3
16	23510489	23495688	4
16	23510493	23495688	4
16	23510495	23495693	4
16	23519640	23495693	26
16	23524085	23523036	117
16	23524455	23522016	84
16	23524455	23522623	81
16	23525380	23522013	32
16	23525380	23523510	2
16	23525380	23525019	2
16	23529633	23525023	4
16	23529633	23525243	3
16	23532766	23529501	7
16	23532766	23529743	5
16	23535219	23532546	11
16	23535361	23532656	3
16	23535450	23532747	5
16	23544564	23534887	1
16	23544704	23534887	0
16	23544704	23535273	0
16	23544704	23535319	0
16	23545263	23544513	0
16	23546435	23544540	1
16	23550843	23544513	0
16	23552305	23544507	1
16	23552305	23544513	1
16	23552305	23544564	1
16	23552305	23546381	1
16	23553124	23552148	1
16	23553124	23552191	0
16	23556928	23552148	1
16	23557055	23552148	2
16	23557345	23552148	2
16	23557351	23552148	2
16	23557351	23552206	3
16	23557365	23552148	2
16	23557376	23552148	2
16	23557732	23552148	1
16	23557768	23557949	5
16	23582376	23581001	10
16	23582376	23581013	12
16	23582376	23581032	14
16	23585424	23581870	12
16	23585424	23582275	6
16	23585424	23582334	7
16	23608013	23603167	2
16	23608013	23603169	2
16	2361201	2361454	0
16	23614092	23603159	2
16	23624095	23622968	0
16	23626398	23624008	0
16	23626398	23624070	0
16	23636335	23629639	0
16	23637936	23629203	1
16	23637953	23634861	0
16	23637953	23636034	0
16	23637953	23636282	0
16	23672198	23672851	24
16	23672198	23675193	35
16	23679341	23680083	19
16	23679501	23680083	9
16	23679666	23680083	10
16	23679827	23680083	11
16	23691197	23690325	0
16	23691197	23690375	0
16	23691197	23690637	0
16	23694928	23692183	0
16	23695119	23694727	0
16	23695390	23694853	0
16	23700705	23695893	0
16	23701115	23695893	0
16	23702274	23695893	0
16	23706432	23704882	0
16	23706855	23706219	0
16	23706862	23706329	0
16	23707080	23706753	0
16	23707364	23706806	0
16	23710245	23707006	0
16	23710245	23709170	0
16	23710550	23709603	0
16	23710550	23710171	0
16	23713211	23711995	0
16	23713223	23710912	0
16	23713227	23710912	0
16	23713501	23710912	0
16	23755117	23755660	0
16	23755734	23755846	0
16	2435930	2430701	1
16	2437104	2435857	2
16	24495178	24472797	0
16	24539760	24540611	106
16	24540002	24540145	107
16	24563296	24563422	0
16	2456967	2456251	148
16	2458955	2456829	190
16	2458955	2456834	188
16	2459837	2458809	5
16	2459980	2458809	6
16	2460171	2460282	5
16	2460171	2460622	8
16	2460382	2460622	21
16	2460694	2460815	9
16	2464230	2464521	27
16	24665026	24661421	0
16	24804852	24805013	2
16	24805152	24805604	4
16	24805152	24805673	3
16	24819740	24803450	9
16	24846013	24846231	0
16	24846085	24846231	0
16	24927733	24919394	3
16	24929661	24919413	10
16	24931401	24919397	5
16	24931405	24919384	5
16	24931405	24919392	5
16	24931405	24919396	5
16	24931405	24919891	6
16	24942144	24935469	25
16	24942144	24939363	30
16	24943843	24941695	0
16	24943863	24941986	1
16	24947596	24943770	4
16	24947596	24943834	5
16	24949485	24947481	6
16	24952371	24948981	8
16	24952371	24949127	8
16	24952371	24949403	7
16	24954731	24952930	2
16	24954757	24952930	2
16	24957537	24952930	36
16	24959753	24954602	26
16	24959980	24954691	23
16	24959980	24959670	7
16	24959982	24959670	7
16	24964309	24959910	0
16	24964309	24959916	0
16	24968428	24964196	0
16	24968428	24964244	0
16	24968428	24964283	0
16	24968769	24968350	2
16	24968773	24968350	2
16	24970581	24968350	2
16	24970581	24968561	1
16	24970581	24968660	2
16	2501053	2501709	45
16	25072728	25071489	0
16	25103559	25085591	0
16	25103642	25086332	0
16	25103642	25100563	0
16	25111415	25103350	0
16	25111480	25103350	0
16	25111556	25103327	0
16	25148240	25140576	0
16	25149033	25146247	0
16	2520906	2520983	13
16	25238730	25239189	16
16	25244277	25236000	3
16	25244277	25239493	3
16	25247391	25243784	1
16	25252036	25246270	1
16	25252036	25246706	0
16	25252047	25246706	0
16	25253038	25246706	0
16	2527616	2527772	21
16	2527986	2528059	42
16	2528381	2528451	40
16	2528560	2528649	65
16	2528560	2528993	58
16	2528719	2528993	57
16	2529096	2529474	43
16	2529526	2530256	76
16	2531418	2530315	72
16	25424170	25419813	0
16	2555440	2555998	24
16	2557600	2557702	65
16	2561523	2561770	94
16	2571937	2569042	46
16	2572354	2571569	11
16	25826331	25824709	0
16	2583586	2583830	6
16	2598470	2598531	45
16	2599507	2601126	107
16	2618579	2616120	6
16	2618579	2616452	3
16	2622766	2618821	8
16	2633837	2622689	43
16	2634640	2633738	65
16	26355309	26354795	0
16	2638422	2634494	66
16	2638722	2633897	76
16	2645215	2644083	98
16	26594814	26584754	0
16	2663408	2660348	40
16	2669562	2663081	10
16	2669562	2663316	10
16	2669562	2667974	8
16	2672571	2661148	11
16	2672571	2661195	17
16	2673375	2663083	13
16	2673416	2671594	3
16	2673442	2669410	13
16	2673445	2672325	3
16	269586	268300	0
16	269586	268310	0
16	269586	268318	0
16	269586	269268	0
16	270662	269502	0
16	27067859	27066927	0
16	270832	270522	0
16	270832	270646	0
16	27135180	27133482	0
16	2713699	2712417	0
16	2713699	2712418	0
16	2713699	2712423	0
16	2714337	2713071	0
16	2714337	2713528	0
16	2715566	2713528	0
16	2715881	2714064	0
16	27161673	27158450	0
16	2716527	2714064	0
16	2716527	2715717	1
16	2720216	2716499	0
16	2720552	2716499	0
16	27210368	27210581	11
16	27213752	27214875	5
16	27214773	27214875	5
16	27225847	27224990	2
16	27225847	27224994	2
16	27225847	27225143	2
16	27226837	27225024	5
16	27226837	27225171	5
16	27226837	27225725	4
16	27230840	27226719	8
16	27233079	27226719	5
16	27233148	27225725	5
16	27233148	27226719	4
16	27233148	27226730	4
16	27233148	27226736	4
16	27234266	27233000	3
16	27234266	27233049	5
16	27234266	27233069	6
16	27235300	27233982	3
16	27235300	27234187	3
16	27241485	27235177	3
16	27241890	27235177	1
16	27241890	27235215	1
16	27257582	27235177	0
16	27257582	27235214	0
16	27257582	27241352	0
16	27257582	27241798	0
16	27258152	27257434	0
16	27268375	27257434	0
16	27268580	27257434	0
16	27268725	27257341	0
16	27268729	27266323	0
16	27268741	27257434	0
16	27268742	27257434	0
16	27268761	27257434	0
16	27268763	27257434	0
16	27268795	27257434	0
16	272932	270983	0
16	272932	271539	0
16	272932	271826	0
16	273557	271201	0
16	273557	271539	0
16	2737611	2737075	0
16	2737611	2737102	0
16	2740805	2737090	1
16	27452923	27447668	0
16	27460981	27459554	0
16	27462487	27460612	13
16	27462487	27460677	16
16	27462487	27461096	13
16	27462487	27461295	11
16	27463593	27462293	17
16	27464837	27462293	19
16	27469551	27465259	4
16	27470396	27469290	2
16	27470396	27469401	4
16	27470720	27470107	1
16	27471921	27470107	2
16	27471921	27470108	2
16	27471921	27470222	1
16	27476529	27471564	0
16	27476545	27471747	1
16	27476545	27471790	1
16	27481192	27478468	7
16	27482586	27481114	6
16	27483126	27480715	7
16	27483126	27481078	6
16	27484298	27483043	4
16	27484354	27478468	3
16	27484354	27483043	4
16	27484354	27483137	3
16	274957	273759	0
16	27501345	27464319	7
16	2750811	2743551	2
16	275083	274042	0
16	275083	274213	0
16	2752519	2749785	2
16	2752601	2749544	3
16	275334	274042	1
16	275334	274213	0
16	275334	274938	1
16	275334	274956	1
16	275334	274975	1
16	2757580	2757780	6
16	2759048	2759139	53
16	2759173	2759351	6
16	2759662	2759746	420
16	2759662	2760300	307
16	2760009	2760300	157
16	2763939	2764847	2028
16	27681393	27678939	0
16	2768768	2768996	610
16	2770228	2770351	1188
16	2771050	2771120	29
16	2771050	2771368	265
16	27718295	27708420	3
16	27718456	27708420	1
16	27718456	27708425	1
16	27718784	27685265	0
16	2772103	2771413	37
16	2775557	2771413	25
16	2775557	2771414	25
16	2775557	2771993	33
16	2775626	2771940	40
16	2777128	2771942	12
16	27807555	27787534	0
16	27807555	27790890	0
16	27807555	27790893	0
16	27807555	27791369	0
16	27823916	27807486	0
16	27828957	27807486	0
16	27828957	27823861	0
16	27828957	27823875	0
16	2785172	2783952	6
16	2785647	2784943	8
16	2785647	2785001	7
16	2785962	2783952	9
16	27884571	27844949	0
16	27884639	27844949	0
16	27884639	27850478	0
16	27963204	27844949	0
16	28063189	27963155	0
16	28063502	27963155	0
16	28063510	27963155	0
16	28101689	28097978	88
16	28101689	28097994	85
16	28101916	28101054	101
16	28101934	28101457	18
16	28101946	28101457	18
16	28101987	28101269	21
16	28106215	28104545	10
16	28106423	28105688	9
16	28106453	28106111	10
16	28106498	28106042	9
16	28107678	28106382	9
16	28111891	28107521	4
16	28111943	28107528	3
16	28112007	28107521	3
16	28112007	28107587	4
16	28117463	28112903	9
16	28121763	28112903	6
16	28121763	28117036	2
16	28121763	28117317	2
16	28125849	28121669	3
16	28126761	28125831	5
16	28132364	28125688	1
16	28132404	28125688	1
16	28132404	28125768	1
16	28132404	28125828	1
16	28132404	28126617	2
16	28133926	28132333	2
16	28133934	28132333	2
16	28133934	28132397	4
16	28146204	28135215	4
16	28146250	28135215	4
16	28146304	28135215	2
16	28152786	28146090	2
16	28152786	28146093	2
16	28152786	28146161	1
16	28152786	28146171	2
16	28152919	28146093	1
16	28155772	28154587	68
16	28155976	28155701	83
16	28156118	28152929	63
16	28156333	28155596	104
16	28156528	28152658	50
16	28165420	28156132	0
16	28166586	28156073	0
16	28166586	28156314	2
16	28169902	28156073	6
16	28169910	28166507	8
16	28173123	28169749	0
16	2817457	2817800	0
16	28176096	28169749	1
16	28176096	28169844	1
16	28177333	28175897	0
16	28177333	28176057	0
16	28181032	28177219	0
16	28181123	28177219	0
16	28209056	28180940	1
16	28209123	28180940	1
16	28211477	28177219	0
16	28211870	28180940	0
16	28292065	28284884	0
16	2830494	2830693	0
16	28344584	28342554	0
16	28380139	28379578	136
16	28380139	28379580	131
16	28391856	28390839	6
16	2840309	2839655	0
16	2841329	2839567	0
16	2841600	2839567	0
16	2842639	2839567	0
16	28458422	28456370	0
16	28458422	28456371	0
16	28458422	28456423	2
16	28458422	28456700	0
16	28458422	28456711	0
16	28458422	28456718	0
16	28458592	28456712	1
16	284594	284658	0
16	28466903	28462981	0
16	28469818	28466669	5
16	28470461	28466669	6
16	28470461	28466673	6
16	28470461	28466695	6
16	28470548	28466719	8
16	28471176	28466719	11
16	28476376	28466719	0
16	28476376	28471088	0
16	28477129	28476250	0
16	28477631	28476250	0
16	28477636	28466652	0
16	28477636	28466719	1
16	28477636	28466793	3
16	28477636	28466829	3
16	28477636	28476250	0
16	28477636	28477011	3
16	28477636	28477278	53
16	28477636	28477330	46
16	28477878	28475350	0
16	28477878	28476250	0
16	28477878	28477011	20
16	28477878	28477271	4
16	28477878	28477278	5
16	28477878	28477279	5
16	28477878	28477284	5
16	28477878	28477288	8
16	28477878	28477290	10
16	28477878	28477293	11
16	28477878	28477304	20
16	28477878	28477305	20
16	28477878	28477310	20
16	28477878	28477318	20
16	28477878	28477355	20
16	28477878	28477360	20
16	28477878	28477386	20
16	28477878	28477402	20
16	28477878	28477432	20
16	28477878	28477447	17
16	28477878	28477451	13
16	28477878	28477463	9
16	28477878	28477471	9
16	28477878	28477482	9
16	28477878	28477515	11
16	28477878	28477520	11
16	28477878	28477537	14
16	28477878	28477556	14
16	28479587	28477736	10
16	28479742	28477736	14
16	28479766	28477736	14
16	28479766	28477789	11
16	28482199	28466719	1
16	28482199	28474110	16
16	28482199	28477736	14
16	28482199	28477813	14
16	28482199	28479461	15
16	28482199	28479643	13
16	28482383	28477736	11
16	28482383	28482104	35
16	28482383	28482105	35
16	28482545	28482326	20
16	28482546	28477278	14
16	28482546	28477736	14
16	28482546	28479643	16
16	28482546	28482104	22
16	28482546	28482177	23
16	28482546	28482326	18
16	28482635	28482476	17
16	28482673	28477278	15
16	28482673	28477736	5
16	28482673	28479643	16
16	28482673	28482104	19
16	28482673	28482326	21
16	28482673	28482476	12
16	28482673	28482512	10
16	28482673	28482515	10
16	28484015	28482625	0
16	28484119	28482104	3
16	28484119	28482326	0
16	28484119	28482327	0
16	28484119	28482476	0
16	28484119	28482511	0
16	28484119	28482607	0
16	28484119	28482625	0
16	28484119	28482635	0
16	28484303	28482326	1
16	28484883	28482104	1
16	28484947	28482625	2
16	28486363	28484005	1
16	28486364	28484005	1
16	28486491	28484005	1
16	28486491	28484016	2
16	28486491	28484075	6
16	28486525	28484005	1
16	28486651	28484005	3
16	28486651	28486346	5
16	28486651	28486349	4
16	28486651	28486388	5
16	28487542	28482104	7
16	28487542	28482326	6
16	28487542	28482476	4
16	28487542	28482625	3
16	28487542	28484005	1
16	28487542	28486346	1
16	28487542	28486577	1
16	28487742	28486346	3
16	28487742	28486577	1
16	28488663	28484005	4
16	28488663	28486346	4
16	28488663	28486577	4
16	28489350	28487661	1
16	28489387	28482625	2
16	28489387	28484005	1
16	28489387	28486577	3
16	28489387	28487455	1
16	28489387	28487661	1
16	28489387	28488590	0
16	28490417	28489289	0
16	28491063	28489313	1
16	28491514	28489289	1
16	28491561	28484005	1
16	28491561	28486577	0
16	28491561	28487455	1
16	28491561	28487661	1
16	28491561	28489289	1
16	28491812	28489289	1
16	28491827	28488590	1
16	28491833	28491481	1
16	28491836	28487455	2
16	28491836	28487661	3
16	28491836	28489289	1
16	28491836	28491481	1
16	28491857	28489289	1
16	28491892	28491481	2
16	28491947	28491481	1
16	28491984	28491481	1
16	28491997	28489289	0
16	28492006	28489289	0
16	28492012	28489289	0
16	28492013	28489289	0
16	28492024	28489289	0
16	28492037	28491481	2
16	28492042	28491713	1
16	28492043	28487455	1
16	28492043	28487661	1
16	28492043	28489289	1
16	28492043	28491481	2
16	28492043	28491713	1
16	28492045	28491481	2
16	28492047	28491713	1
16	28492048	28491713	2
16	28492055	28491713	2
16	28492059	28491481	3
16	28492062	28491713	2
16	28492063	28491713	2
16	28492064	28491713	2
16	28492066	28491713	2
16	28492071	28491713	2
16	28492075	28489289	2
16	28492075	28491481	3
16	28492075	28491713	2
16	28492083	28491481	3
16	28492096	28491713	0
16	28492099	28491713	0
16	28492216	28491713	2
16	28492216	28491830	3
16	28492249	28491481	3
16	28492286	28491820	3
16	28492294	28491713	0
16	28492303	28489289	0
16	28492303	28491481	3
16	28492303	28491713	0
16	28492774	28492019	0
16	28493665	28492019	0
16	28493665	28492189	0
16	28493693	28492104	0
16	28493747	28492019	0
16	28493810	28493625	0
16	28493987	28492136	0
16	28494577	28492019	0
16	28495535	28493494	0
16	28495546	28493494	0
16	28495551	28492019	0
16	28495557	28493553	0
16	28495568	28493494	0
16	28495576	28493494	0
16	28496090	28496116	0
16	285016	285083	12
16	28502135	28499361	0
16	28503794	28501973	0
16	28503794	28501975	0
16	285201	285311	6
16	285201	285505	4
16	28538156	28532707	0
16	28538156	28537506	0
16	28538210	28537536	0
16	2854023	2852726	0
16	2854023	2852729	0
16	2854023	2852741	0
16	2854331	2853989	0
16	285434	285505	0
16	285438	285505	0
16	2855852	2853864	0
16	2855852	2853939	0
16	2855934	2854405	0
16	2855985	2853864	0
16	2856254	2853864	0
16	2856254	2855573	0
16	2856254	2855635	0
16	2856254	2855669	0
16	2856849	2856081	0
16	2856849	2856133	0
16	2857170	2855816	0
16	28590226	28590295	23
16	28590638	28590845	8
16	28590667	28590772	7
16	28592444	28591942	0
16	28592444	28591944	0
16	28592482	28591942	0
16	28593347	28591942	0
16	28593347	28592262	0
16	28593569	28593251	0
16	28593569	28593269	0
16	28595676	28592262	0
16	28599620	28599240	0
16	28606237	28605195	0
16	28606237	28605581	0
16	28606237	28605586	0
16	28606237	28605590	0
16	28606237	28605591	0
16	28606237	28605596	0
16	28606237	28605627	0
16	28606237	28605864	1
16	28606856	28606055	0
16	28606856	28606195	0
16	28612318	28612130	0
16	28614280	28606760	0
16	28620134	28606950	0
16	28620134	28608707	0
16	28620134	28609930	0
16	28663388	28659695	0
16	2867619	2866347	0
16	28701541	28700293	0
16	28711568	28711656	45
16	28734680	28734777	25
16	28740782	28663236	0
16	28777535	28773823	0
16	28822034	28820569	2
16	28825681	28825769	6
16	28835188	28835277	164
16	28835400	28835545	138
16	28835400	28835548	138
16	28835400	28835554	139
16	28836123	28836448	770
16	28836123	28836727	814
16	28836123	28836747	814
16	28836123	28836750	814
16	28836177	28836325	486
16	28836177	28836727	730
16	28836177	28836750	719
16	28836486	28836727	1022
16	28836486	28836747	1022
16	28836486	28836849	1016
16	28836491	28836727	994
16	28837201	28830611	296
16	28843856	28842410	23
16	28843856	28842837	25
16	28844102	28843735	55
16	28844333	28843735	92
16	28844335	28843949	179
16	28844335	28843951	167
16	28844863	28844418	157
16	28845008	28844625	114
16	28845056	28844697	79
16	28863167	28863289	13
16	28863341	28862165	14
16	28863346	28863667	27
16	28863755	28866011	58
16	28863946	28866011	54
16	28864263	28866011	59
16	28871984	28872189	27
16	28879896	28878956	11
16	28879921	28878956	11
16	28905514	28904420	13
16	28905514	28904827	14
16	28910987	28908608	11
16	28911180	28910286	6
16	28911180	28910887	0
16	28914587	28910887	5
16	28914587	28911083	0
16	28914783	28914235	17
16	28914783	28914258	15
16	28914783	28914489	17
16	28914783	28914573	16
16	28919944	28914671	14
16	28919944	28916175	14
16	28919944	28917822	13
16	28919944	28917836	12
16	28921214	28919785	1
16	28924201	28919785	2
16	28924616	28919687	2
16	28924616	28919785	2
16	28924711	28919694	2
16	28924712	28919785	2
16	28924828	28919785	2
16	28925197	28919785	3
16	28932613	28932910	0
16	28936527	28919785	0
16	28937524	28937623	0
16	28957838	28956737	81
16	289608	287439	2
16	289608	287440	2
16	289608	288189	5
16	28966884	28956686	68
16	28974864	28975100	151
16	28975101	28975183	191
16	28975101	28975187	192
16	28978825	28973961	5
16	28981616	28981900	64
16	28981616	28982355	59
16	28982057	28982355	35
16	28984928	28985375	26
16	28985227	28985375	50
16	28985741	28985853	13
16	28985889	28986134	18
16	28986217	28986354	18
16	28986217	28986381	17
16	28986217	28986384	17
16	28986400	28986429	7
16	28986570	28986656	6
16	28989590	28989773	17
16	28990779	28989139	7
16	29057459	29053731	0
16	29107446	29057307	0
16	29107712	29103656	0
16	29108109	29107656	0
16	29220032	29217169	2
16	29226349	29225593	0
16	29264480	29262272	0
16	2936878	2937120	25
16	293719	287439	23
16	29385686	29381353	29
16	29385856	29385033	20
16	29385856	29385649	28
16	29426808	29425799	0
16	2943485	2939713	6
16	29443689	29439814	18
16	29444500	29443055	17
16	29444500	29443229	11
16	29444500	29443248	11
16	29444500	29443269	10
16	29444500	29443428	10
16	29450277	29446801	9
16	29453733	29446801	8
16	29454114	29444397	24
16	29454114	29446801	13
16	29454114	29450111	25
16	29454114	29453592	51
16	29454114	29453632	52
16	29454357	29452108	23
16	29454931	29455397	51
16	29455236	29455397	43
16	29455450	29455543	466
16	29457760	29457927	218
16	29461739	29461852	42
16	29461764	29461852	42
16	29463472	29463566	110
16	29463662	29464141	125
16	29463662	29464159	125
16	29465542	29464966	0
16	29465542	29465221	0
16	29465742	29465351	0
16	29465742	29465394	0
16	29465742	29465477	0
16	29466814	29465611	0
16	29467552	29465611	0
16	29467834	29466575	0
16	29485860	29483641	463
16	2948714	2948843	22
16	29487230	29484689	61
16	29487230	29485632	15
16	29487230	29485712	15
16	29487230	29485731	15
16	29487400	29486577	3
16	29487400	29487193	26
16	29491612	29487338	64
16	29491663	29487338	58
16	29491663	29488022	117
16	29491698	29488408	61
16	29491875	29487338	29
16	29491875	29491466	25
16	29491875	29491502	18
16	29491875	29491572	14
16	29495545	29491774	8
16	29495608	29491774	8
16	29495608	29491824	5
16	29495900	29491774	1
16	29528577	29527567	2
16	2954277	2943326	0
16	29622874	29618784	0
16	29633406	29622717	0
16	29665082	29670472	0
16	2967446	2967525	10
16	2967446	2967809	9
16	2967605	2967809	12
16	2969105	2968352	1
16	29697128	29697198	2
16	2970242	2968023	21
16	2972755	2968101	55
16	2973216	2972634	112
16	2973216	2972790	108
16	2973216	2972809	108
16	2973216	2972818	108
16	2973216	2972848	113
16	2973216	2972850	113
16	2973254	2972790	110
16	2973446	2972994	94
16	2973483	2971689	55
16	2973603	2972812	79
16	2974158	2972790	49
16	2974158	2972792	49
16	2974158	2973137	54
16	29746007	29742462	0
16	2975813	2974549	88
16	2976090	2975652	16
16	2976825	2975318	43
16	2977032	2975318	59
16	2977032	2975339	62
16	2977032	2975681	133
16	2977032	2975748	111
16	2977032	2975981	36
16	2977527	2976663	106
16	29798748	29798974	32
16	2979913	2975318	85
16	2979913	2976663	82
16	2979937	2976663	69
16	2979937	2976889	118
16	29799495	29799627	21
16	29800049	29800173	158
16	2980283	2979647	10
16	2980324	2979647	12
16	2980392	2979647	12
16	2980395	2979494	18
16	2980402	2979647	12
16	29804066	29804575	275
16	29804066	29804813	233
16	29804066	29805114	193
16	29804108	29804813	233
16	2980417	2979647	12
16	2980425	2979807	12
16	2980439	2979815	13
16	2980440	2979647	9
16	2980458	2979472	12
16	2980477	2979647	9
16	2980480	2979807	13
16	29805027	29805114	99
16	29805175	29805262	156
16	2980540	2979647	6
16	29807733	29806495	433
16	29807773	29807774	403
16	29807787	29807787	310
16	29809312	29808648	106
16	29809708	29809174	134
16	29810174	29808928	103
16	29810228	29811005	649
16	29811986	29808635	85
16	29812088	29812282	0
16	29813394	29813685	5
16	29813394	29814332	5
16	29813394	29814343	5
16	29813776	29814332	11
16	29813779	29814332	11
16	29813934	29814332	14
16	29813934	29814343	14
16	29813934	29814627	13
16	29814010	29814332	14
16	29814466	29814627	3
16	29814466	29814661	3
16	29814806	29815493	26
16	29819602	29810034	11
16	29819602	29817982	3
16	29820367	29819539	15
16	29821221	29819539	21
16	29821253	29819416	23
16	298252	297055	10
16	29830675	29830877	0
16	29858692	29858357	167
16	29859335	29858505	108
16	29859470	29859174	23
16	29859524	29858356	57
16	29859524	29858357	57
16	29859524	29858361	59
16	29859524	29858371	57
16	29859524	29858384	57
16	29859524	29858727	115
16	29859524	29859149	20
16	29860663	29858734	28
16	29860663	29859441	22
16	29860663	29859459	21
16	29861260	29859441	27
16	29862866	29862585	40
16	29862870	29860580	31
16	29862870	29862585	40
16	29862891	29862585	42
16	29863205	29861105	28
16	29863206	29862585	74
16	29863206	29862814	56
16	29863277	29862585	54
16	29863415	29861105	19
16	29863737	29862585	2
16	29872284	29871158	0
16	29872284	29871160	0
16	29876951	29873537	2
16	29877468	29876755	3
16	29877468	29876764	3
16	29877468	29876853	3
16	29888594	29887648	0
16	29888726	29887648	0
16	29895461	29888539	0
16	29897122	29888539	0
16	29897122	29895258	0
16	29897122	29895720	0
16	29897929	29896821	0
16	29897985	29895720	0
16	29897985	29896821	0
16	29899110	29896958	0
16	29899265	29896821	0
16	29900742	29901551	2
16	2990123	2990454	0
16	2990123	2990551	0
16	2990357	2990551	0
16	2990488	2990551	0
16	29907109	29905011	22
16	29911174	29906335	45
16	29911174	29906352	48
16	29911174	29906492	52
16	29911174	29906962	39
16	29911558	29906341	39
16	29911868	29910977	30
16	29911868	29911432	30
16	29912050	29910977	37
16	2991438	2992402	0
16	29923238	29911959	42
16	29923321	29919500	54
16	29923360	29911959	33
16	29923360	29919669	51
16	29923360	29919757	45
16	29923362	29911959	33
16	29925582	29919634	43
16	29925582	29923189	11
16	29925582	29923236	11
16	29925836	29923189	14
16	29926206	29923189	4
16	29926210	29923189	4
16	29926237	29919634	5
16	29927036	29923189	6
16	2992835	2992930	0
16	29986505	29986843	133
16	29993558	29992320	10
16	29993558	29992989	13
16	29993558	29992995	13
16	29993809	29993458	12
16	29994844	29993639	22
16	29995218	29993639	18
16	29995218	29993905	13
16	29995218	29994647	10
16	29995464	29993466	12
16	29995464	29994824	19
16	29995464	29995102	17
16	29995593	29995102	26
16	29995609	29995342	40
16	29995644	29995342	40
16	29996058	29995242	63
16	29996064	29994759	37
16	29996075	29995102	49
16	29996392	29996546	37
16	29996437	29995342	63
16	30001531	30002435	97
16	30001531	30004567	97
16	30003014	30003435	10
16	30003527	30003649	181
16	30003671	30004567	165
16	30003715	30004554	172
16	30006510	30005508	13
16	30006510	30005515	13
16	30006510	30005643	12
16	30006510	30005798	15
16	30006510	30005871	8
16	30006510	30006118	9
16	30006678	30005515	12
16	30006678	30006293	2
16	30006678	30006412	2
16	30007254	30006784	2
16	30007300	30007030	2
16	30009106	30006784	2
16	30009106	30007172	1
16	30009106	30007215	1
16	30009106	30007231	1
16	30009277	30007030	2
16	30009277	30007172	1
16	30009277	30008995	0
16	30009277	30009003	0
16	30009277	30009008	0
16	30009558	30009201	5
16	30009558	30009225	3
16	30010027	30009285	1
16	30010027	30009477	1
16	30010232	30009477	1
16	30010236	30009477	1
16	30010341	30009477	0
16	30010985	30009960	0
16	30010990	30009477	5
16	30010990	30009960	0
16	30010992	30010272	1
16	30010994	30010272	1
16	30011028	30009960	0
16	30011081	30009960	1
16	30011422	30009960	1
16	30011422	30010898	7
16	30011422	30010902	7
16	30011723	30010902	2
16	30012305	30009960	2
16	30012337	30010902	2
16	30013597	30010902	1
16	30013597	30010918	1
16	30013597	30012263	1
16	30015263	30013466	0
16	30015263	30014969	3
16	30021296	30013466	0
16	30021689	30013466	0
16	30023102	30015206	0
16	30023220	30015206	0
16	30023271	30018641	0
16	30025822	30024426	0
16	30026844	30024451	0
16	30026844	30025725	0
16	30029516	30026602	0
16	30029516	30026608	0
16	30029516	30026613	0
16	30029537	30026608	0
16	30035482	30029431	0
16	30035482	30032664	0
16	30036215	30035350	0
16	30036531	30035160	0
16	30036531	30035306	0
16	30041157	30035422	0
16	3005102	3003430	1
16	30053218	30053463	10
16	30054928	30055171	5
16	30067334	30067449	28
16	30067367	30067449	32
16	30067662	30068645	25
16	30067688	30068207	29
16	30068701	30068817	51
16	30069390	30069498	65
16	30070030	30070116	315
16	30070219	30070277	1535
16	30076095	30076314	1
16	30076101	30076314	1
16	30082848	30083393	83
16	30082964	30083393	55
16	30083568	30083654	128
16	30086696	30085792	2
16	30086696	30085795	2
16	30086696	30086034	2
16	30088616	30086511	1
16	30088616	30086777	2
16	30088675	30086777	2
16	30088840	30086777	0
16	30088840	30087915	2
16	30088840	30088448	2
16	30088840	30088544	2
16	30094476	30092313	1
16	30094881	30094384	6
16	30094898	30092313	4
16	30094898	30092348	2
16	30094898	30092576	7
16	30094898	30092636	5
16	30094898	30092760	6
16	30094898	30092777	3
16	30094931	30092313	2
16	30095147	30092313	6
16	30095147	30092339	6
16	30095147	30093761	6
16	30095147	30094788	11
16	30095147	30094852	13
16	30095336	30095102	13
16	30095435	30094997	14
16	30095435	30095102	17
16	30095589	30093744	2
16	30096013	30095102	26
16	30096201	30095102	13
16	30108265	30104809	2
16	30108265	30104814	2
16	30108433	30104843	1
16	30108433	30108120	1
16	30108499	30104809	0
16	30111397	30108372	0
16	30111522	30108372	0
16	30112222	30111387	2
16	30115646	30114545	0
16	30116000	30114615	1
16	30116787	30114119	1
16	30116791	30114104	1
16	30116791	30114105	1
16	30116791	30115594	0
16	30116868	30114201	0
16	30117004	30116634	2
16	30117004	30116635	2
16	30117004	30116667	3
16	30117004	30116688	3
16	30117106	30116634	2
16	30117286	30116635	4
16	30117286	30116836	4
16	30117286	30116893	4
16	30117286	30116950	5
16	30117287	30116893	4
16	30117785	30116893	3
16	30118164	30117669	4
16	30118539	30117669	3
16	30118539	30117897	2
16	30118539	30118046	1
16	30118539	30118098	5
16	30118539	30118102	6
16	3016043	3014856	0
16	3018171	3015928	1
16	3018188	3014712	0
16	30184332	30183504	1
16	30184524	30184148	1
16	30184540	30184061	1
16	30184564	30183535	2
16	3018485	3014711	0
16	30185408	30185857	4
16	30185408	30186597	3
16	30186721	30186815	3
16	30186721	30187038	2
16	30186946	30187038	2
16	30187502	30187724	0
16	30187830	30187941	0
16	30188088	30188191	0
16	30188250	30188360	0
16	30188250	30188859	1
16	30188577	30188859	8
16	30193418	30192933	55
16	30193456	30192934	51
16	30193525	30192934	41
16	30193667	30193357	41
16	30193698	30192933	29
16	30194273	30194739	111
16	30194307	30193357	220
16	30194578	30194739	318
16	30194792	30194885	911
16	30197102	30197269	50
16	30200877	30200980	28
16	30201107	30201195	42
16	30202817	30202911	108
16	30203007	30203486	123
16	30203007	30203504	123
16	30203007	30203645	125
16	30204891	30204315	0
16	30204891	30204483	0
16	30204891	30204570	0
16	3020492	3021159	125
16	3020492	3021188	125
16	3020492	3021214	157
16	30205091	30204721	0
16	30205091	30204743	0
16	30205091	30204744	0
16	30205091	30204826	0
16	30205456	30204722	0
16	30206163	30204960	0
16	30206901	30204960	0
16	30207183	30205924	0
16	30209072	30206875	0
16	30225830	30222981	81
16	30227200	30222936	20
16	30227200	30225602	14
16	30227370	30226547	14
16	30227370	30227163	21
16	3023362	3022619	65
16	3023362	3022624	69
16	3023362	3022628	69
16	3023362	3022675	77
16	3023362	3022917	68
16	3023413	3022840	69
16	3023531	3022625	78
16	30235517	30231747	7
16	30235580	30231747	8
16	30239421	30235450	8
16	3023969	3022624	108
16	30240052	30235498	20
16	30240243	30235519	21
16	3024087	3024192	55
16	3024262	3022662	119
16	30245612	30235447	16
16	30245612	30235450	16
16	3025824	3025923	80
16	3025989	3026062	149
16	3026167	3026250	146
16	3026289	3026364	91
16	30268562	30267552	3
16	30270166	30268935	1
16	30273231	30270055	0
16	30273231	30270064	1
16	3028469	3027681	2
16	3028469	3027683	2
16	3028469	3027711	2
16	3028469	3027866	0
16	30285458	30281574	12
16	30286269	30285022	9
16	30286269	30285185	8
16	3030596	3029279	0
16	3030596	3029544	0
16	3030813	3029544	0
16	3030813	3030448	0
16	3031151	3029969	0
16	3031151	3030695	2
16	3031975	3030695	0
16	3033003	3030695	0
16	30353288	30350765	190
16	30353288	30352846	107
16	30354059	30353367	29
16	30354323	30353900	22
16	30354708	30353965	13
16	30354708	30354183	5
16	30354935	30354183	5
16	30358818	30357101	118
16	30358818	30357106	118
16	30358818	30358093	68
16	30359362	30358662	24
16	30359604	30358662	18
16	30359604	30358775	22
16	30359604	30359171	18
16	30359604	30359183	21
16	30359675	30357101	17
16	30359842	30359537	18
16	30360044	30359537	30
16	30360177	30359537	35
16	30365007	30359726	20
16	30365007	30359749	20
16	30365213	30359726	13
16	3037707	3037834	4
16	30377703	30377795	0
16	30378701	30378132	5
16	30378701	30378136	5
16	30378701	30378154	10
16	30378701	30378183	6
16	30379184	30378609	1
16	30379535	30379017	0
16	30380034	30379434	0
16	30380034	30379488	1
16	30381245	30379931	1
16	30381474	30379434	0
16	30381474	30379765	0
16	30381884	30379931	0
16	30381884	30381126	0
16	30381884	30381338	0
16	30382180	30381126	0
16	30382180	30381338	0
16	30382180	30381494	0
16	30382180	30381759	0
16	30382366	30381842	0
16	30382814	30382092	0
16	30382814	30382274	0
16	30382814	30382524	0
16	30382851	30382524	0
16	3038638	3037402	0
16	3039095	3038500	3
16	30394904	30382821	0
16	30395579	30395779	10
16	30395992	30382751	0
16	3042612	3038973	1
16	30429168	30423618	0
16	30429168	30423978	3
16	30429168	30424033	1
16	30429290	30423913	1
16	30429801	30429056	0
16	30429993	30429056	0
16	30430031	30423697	0
16	30430076	30429056	0
16	304442	297721	6
16	304442	297843	11
16	30474084	30474195	0
16	30479451	30477179	0
16	30481347	30480587	0
16	30489156	30489253	0
16	30489354	30479241	0
16	30499235	30499337	0
16	30499235	30499372	0
16	30499555	30498765	0
16	30526590	30524000	7
16	30526822	30524132	3
16	30533149	30525922	0
16	30534311	30532278	0
16	30534311	30532305	0
16	30534853	30534196	0
16	30534919	30530366	0
16	30535005	30534196	0
16	30535348	30530366	0
16	30538232	30537201	0
16	3053834	3046916	6
16	3055033	3051990	15
16	3055033	3053579	12
16	3055033	3053587	12
16	30557847	30553763	8
16	30558212	30555637	4
16	30558280	30534226	9
16	3055946	3054915	7
16	3055946	3054939	6
16	3055946	3054986	6
16	3056020	3054939	8
16	3056233	3051095	5
16	30571124	30569345	0
16	30571124	30569671	0
16	30571124	30570219	0
16	30571124	30570733	0
16	30571528	30570177	0
16	30571636	30570898	0
16	30571673	30569685	1
16	3057198	3055735	11
16	3057214	3055735	10
16	30579848	30573739	0
16	30582149	30582529	2
16	30582805	30579794	0
16	30583444	30578360	1
16	3058448	3057138	14
16	30585251	30580655	2
16	30585251	30582510	2
16	30585251	30583128	2
16	3058703	3055735	7
16	3058703	3057860	9
16	3059086	3058539	7
16	3059309	3058455	11
16	3059364	3055735	11
16	3059371	3058539	14
16	30609486	30604782	2
16	30609639	30602557	4
16	30609639	30604539	2
16	30609639	30604617	2
16	30609639	30605046	2
16	30623949	30609524	0
16	30624013	30610587	0
16	30651669	30651795	27
16	30652843	30652913	80
16	3065495	3065620	2
16	3065495	3065641	2
16	3065495	3065780	0
16	3065495	3065783	0
16	30655215	30655350	28
16	30655215	30655367	28
16	30655215	30655501	27
16	30655421	30655501	29
16	3065656	3065783	0
16	3065688	3065780	0
16	3065688	3065783	0
16	3065711	3065780	0
16	3065711	3065783	0
16	30662469	30662558	3
16	30668644	30668771	29
16	3067416	3067553	4
16	3067416	3067983	0
16	3067416	3068179	0
16	3067614	3067983	0
16	3067614	3068179	0
16	3068011	3068179	0
16	3069110	3069280	0
16	30698962	30697706	6
16	30699059	30697712	6
16	30734009	30734495	7
16	30751218	30751548	100
16	30751282	30751548	116
16	30756960	30760118	9
16	30759102	30757422	6
16	30759102	30757430	8
16	30759102	30757466	9
16	30759248	30757422	5
16	30759248	30757423	5
16	30759248	30757424	5
16	30759248	30757435	5
16	30759248	30759011	4
16	30759445	30759177	7
16	30759459	30759011	7
16	30759459	30759177	7
16	30759558	30759177	9
16	30759725	30759011	11
16	30759725	30759177	15
16	30759725	30759341	14
16	30759810	30759341	15
16	30760420	30759341	18
16	30760454	30759341	19
16	30760454	30759653	22
16	30760560	30757434	11
16	30760669	30759341	10
16	30760669	30759653	15
16	30760669	30760036	25
16	30760669	30760283	28
16	30761230	30760283	5
16	30761230	30760605	6
16	30761336	30760292	6
16	30761984	30760283	30
16	30762199	30760283	22
16	30762222	30760605	16
16	30766559	30766740	65
16	30769399	30769474	38
16	30774186	30774313	259
16	30784516	30778448	18
16	3078465	3076910	0
16	3078677	3078230	0
16	3078691	3076910	0
16	3081087	3078319	0
16	3081087	3078569	0
16	30822111	30821067	0
16	30840755	30834654	0
16	3087088	3080963	0
16	3087101	3080963	0
16	30875487	30876029	2
16	30888946	30833625	2
16	30888946	30834584	2
16	30888946	30851245	0
16	30888946	30887794	4
16	30892715	30888859	0
16	30892748	30888859	0
16	30893943	30893211	2
16	30894201	30893211	2
16	30894303	30893211	2
16	30894961	30893211	3
16	30895217	30875765	0
16	30907621	30904347	0
16	3091598	3088889	0
16	3091598	3088893	0
16	3091598	3088988	0
16	3091598	3090231	0
16	3091598	3090233	0
16	3091598	3090551	0
16	3092317	3091763	0
16	3092861	3092048	0
16	3093005	3091763	0
16	3093005	3092048	0
16	3093005	3092228	0
16	3093237	3091763	0
16	3093359	3092541	0
16	30953713	30954036	23
16	30980195	30980484	42
16	30985298	30985459	30
16	30985298	30985524	29
16	30985298	30985652	29
16	30985298	30986048	24
16	30985825	30986048	12
16	30985948	30986048	17
16	30986205	30986422	15
16	30986532	30986604	18
16	30986705	30986839	12
16	30986705	30987767	12
16	30987003	30987767	6
16	3099229	3091763	0
16	3099262	3092676	0
16	3099271	3092450	0
16	3099293	3092048	0
16	3099293	3096449	0
16	3099295	3093267	0
16	3099296	3092541	0
16	3099318	3092541	0
16	30993241	30989255	1
16	30993485	30993081	0
16	30993485	30993129	0
16	30996757	30993346	0
16	30997045	30996198	0
16	30997060	30996682	0
16	31033307	31033389	0
16	31034115	31034203	2
16	31034115	31034225	2
16	31034115	31034461	20
16	31034326	31034461	45
16	31039652	31039722	66
16	31039819	31039911	12
16	31064482	31060842	14
16	31064482	31060847	14
16	31064482	31060849	14
16	31064482	31060850	14
16	31064482	31062121	14
16	31064686	31063812	37
16	31064970	31064571	18
16	31065056	31064571	22
16	31065089	31063812	21
16	31065089	31063968	21
16	31072828	31064183	8
16	31073503	31063812	16
16	31073713	31064294	11
16	31074185	31064649	6
16	31074321	31063812	6
16	31081702	31082970	17
16	31084336	31083424	65
16	31084336	31083438	63
16	31084704	31084118	51
16	31085025	31084557	52
16	31085261	31084779	56
16	31086184	31085109	13
16	31086492	31085963	18
16	31086492	31086014	34
16	31086899	31086336	20
16	31087700	31086632	8
16	31087700	31086867	10
16	31088729	31086632	23
16	31089629	31083436	19
16	31091343	31087805	29
16	31092865	31090841	18
16	31093422	31087805	34
16	31093422	31090841	18
16	31093422	31091091	19
16	31093422	31091103	18
16	31093422	31091174	20
16	31093483	31090841	19
16	31093612	31091181	10
16	31094550	31093311	18
16	31094603	31093311	16
16	31094761	31093311	27
16	31094917	31086759	23
16	31094941	31093311	28
16	31094957	31090841	10
16	31094957	31093311	19
16	31094958	31093311	17
16	31095634	31090841	18
16	31095981	31093311	10
16	31109784	31110076	28
16	31109784	31110103	26
16	31110500	31110687	8
16	31110500	31111090	14
16	31110762	31111090	19
16	31112028	31112120	109
16	31112028	31112196	122
16	3112490	3110511	0
16	31130607	31130745	44
16	31130901	31131194	56
16	31131605	31131692	0
16	31132596	31131432	0
16	31132596	31131893	0
16	31132846	31132438	0
16	31132881	31132428	0
16	31132954	31132428	0
16	31133389	31132428	0
16	31133389	31132681	1
16	31133389	31132878	1
16	31135172	31132681	0
16	31135172	31133199	0
16	31135172	31133225	0
16	31135172	31133314	0
16	31135641	31135153	0
16	31135704	31134041	0
16	31135728	31133225	0
16	31135728	31135153	3
16	31135763	31135153	0
16	31140416	31138924	0
16	31140416	31138927	0
16	31140416	31138993	0
16	31140416	31139066	0
16	31140758	31138981	0
16	31141611	31140491	0
16	31141611	31140678	0
16	31141961	31141468	0
16	31142645	31141463	0
16	31142645	31141722	0
16	31142994	31141722	0
16	31148676	31145788	0
16	31148713	31145788	0
16	3114888	3110459	4
16	31149236	31145788	0
16	31149236	31148394	0
16	31149343	31148465	0
16	31149499	31149072	0
16	31149499	31149100	0
16	31149535	31149072	0
16	31149732	31149462	0
16	31150009	31149462	0
16	31150062	31149695	0
16	31150067	31149695	0
16	31150084	31149271	0
16	31150095	31149695	0
16	3116520	3114794	6
16	31183286	31182510	169
16	31185180	31186801	546
16	31185180	31188324	492
16	31185557	31186801	679
16	31186837	31188324	645
16	31190399	31190741	35
16	31202204	31201484	2
16	31202441	31201485	2
16	31202757	31201485	2
16	31202993	31202146	1
16	31203451	31202193	1
16	31216371	31215961	0
16	31217360	31215961	0
16	3124608	3116041	4
16	3129300	3125528	2
16	3129311	3116455	1
16	3129555	3125599	1
16	3129654	3114967	3
16	3129654	3129247	17
16	3131922	3129460	21
16	3132043	3128832	15
16	3132054	3131746	20
16	3132104	3128671	16
16	3132104	3129247	21
16	3132104	3131404	24
16	3132350	3131746	20
16	3132943	3131746	17
16	3132946	3131902	23
16	3133195	3131756	23
16	3134828	3131667	15
16	3134883	3131746	16
16	3135110	3135317	15
16	31357102	31357252	0
16	31357102	31357333	0
16	31360464	31361062	0
16	31361696	31361277	0
16	31371498	31371629	1
16	3137680	3138353	4
16	3137680	3138417	7
16	3137680	3138744	3
16	31381897	31382467	2
16	3138542	3138744	0
16	3138542	3138974	0
16	3138542	3140688	8
16	3138819	3138974	7
16	3139099	3140688	8
16	31407669	31407765	0
16	3142354	3142463	50
16	31423959	31424101	0
16	31428152	31427730	0
16	31428286	31427775	0
16	31428429	31428014	0
16	31437185	31432592	0
16	31443026	31435437	0
16	31443026	31436167	0
16	31443161	31435437	0
16	31453494	31449534	27
16	31458502	31458853	45
16	31458977	31459467	70
16	31459302	31459805	58
16	31459341	31459467	44
16	31462196	31462771	94
16	31464888	31465849	18
16	31465983	31466078	52
16	31472202	31473440	2
16	31472224	31473440	2
16	31473251	31473440	4
16	31473557	31473681	3
16	31473557	31473834	5
16	31473735	31473834	8
16	31474758	31476011	8
16	31476186	31476480	33
16	31476563	31476861	3
16	31487401	31487529	4
16	31488491	31488621	0
16	31488493	31487369	1
16	31488773	31488879	0
16	31489339	31490103	111
16	31489675	31490697	145
16	31489705	31490578	167
16	31490231	31490308	236
16	31490933	31489497	149
16	31492087	31489470	4
16	31492087	31489488	6
16	31492087	31489493	6
16	31492087	31490272	5
16	31492087	31490433	2
16	31493525	31492977	108
16	31493739	31492196	97
16	31493782	31493466	105
16	31493788	31493466	105
16	31493937	31493196	108
16	31493937	31493466	84
16	31493937	31493602	35
16	31493937	31493735	21
16	31496951	31493454	4
16	31496951	31493865	6
16	31496951	31493898	4
16	31496953	31493865	6
16	31499408	31496848	14
16	31499408	31496878	14
16	31499526	31499241	14
16	31499526	31499301	6
16	31500732	31496848	6
16	31509310	31507763	0
16	31553568	31549142	0
16	31564002	31563081	0
16	31564002	31563184	0
16	31567717	31564607	0
16	31700262	31699675	0
16	31705793	31705889	0
16	31708208	31708460	22
16	31711985	31709112	15
16	31753901	31754454	2
16	3184019	3181232	0
16	31884	17956	12
16	31884	29335	12
16	31981999	31982120	0
16	32018827	32008437	0
16	32084786	32018704	0
16	32117291	32103244	0
16	32152514	32118281	0
16	32152646	32151718	6
16	32152985	32152110	3
16	32152988	32152448	1
16	32152995	32152113	4
16	32170759	32167732	1
16	32170953	32169983	4
16	32170953	32170536	4
16	32171193	32170824	5
16	32171568	32171059	3
16	32171677	32171059	4
16	32171677	32171133	4
16	32179561	32175526	4
16	32179561	32176014	1
16	32180676	32179385	2
16	32180757	32179366	3
16	32180757	32179399	4
16	32187071	32181863	5
16	32187106	32182089	5
16	32254423	32250619	0
16	32254684	32254890	1
16	32263788	32262907	0
16	32265515	32262826	0
16	32304160	32289546	0
16	3232545	3222324	5
16	3232548	3222324	5
16	3232548	3222341	5
16	3232548	3222344	5
16	3232548	3223335	12
16	3232548	3223891	9
16	3232922	3222324	7
16	3232922	3232420	2
16	3232922	3232430	2
16	3233837	3232832	1
16	3234196	3232832	13
16	3235071	3233505	17
16	3235168	3233505	26
16	3235187	3233505	29
16	3235361	3233505	18
16	3235361	3233626	23
16	3235457	3233505	17
16	3235458	3233505	17
16	32358284	32356980	0
16	3236004	3234794	0
16	3236222	3235111	0
16	3243893	3242027	0
16	3243893	3243140	0
16	3244068	3243140	0
16	32441160	32439068	0
16	3244287	3243140	0
16	3246548	3243859	0
16	3246548	3244253	0
16	3246548	3244472	0
16	3247247	3246524	0
16	32475565	32475050	0
16	3247968	3246409	0
16	3256588	3246524	0
16	3263884	3265665	0
16	32650220	32650315	0
16	32650764	32650194	0
16	32675066	32673527	0
16	32675066	32674087	0
16	32675066	32674240	0
16	32675066	32674278	0
16	32675240	32674389	0
16	32675400	32674776	0
16	32675622	32674657	0
16	32675631	32674776	0
16	32675712	32674776	0
16	32676023	32674776	0
16	32676128	32674217	0
16	32676733	32673530	1
16	32727104	32726614	0
16	32740167	32739626	0
16	32741095	32735908	0
16	32878997	32877468	47
16	32879349	32878705	54
16	32879349	32878824	39
16	32882781	32881954	33
16	32883158	32882630	53
16	32883704	32880692	34
16	32883704	32882530	38
16	32885143	32882530	32
16	32887560	32887817	0
16	32962369	32951992	0
16	3299157	3300912	6
16	33028038	32962246	0
16	3303873	3301322	6
16	3304945	3301678	4
16	3304945	3301841	6
16	3305072	3301493	5
16	3305151	3301862	4
16	3305644	3308312	3
16	3305646	3298831	1
16	3305706	3300266	11
16	3305728	3304763	1
16	3305730	3301646	4
16	33060462	33046528	1
16	33091590	33043608	0
16	33095432	33061456	2
16	33095472	33094203	14
16	33095562	33095028	10
16	33099817	33096737	14
16	33100704	33099664	11
16	33102132	33098807	2
16	33111713	33110516	8
16	33111903	33111567	3
16	33111933	33111681	3
16	33195355	33191560	0
16	33195615	33195826	0
16	33204735	33203853	0
16	33206463	33203772	0
16	33330169	33206430	0
16	33362230	33362441	0
16	33371354	33370472	0
16	33372916	33370472	0
16	33534977	33533815	0
16	33549589	33548296	0
16	33564344	33563029	0
16	33564347	33562648	0
16	33688082	33687024	6
16	33688465	33687329	33
16	33695116	33688221	20
16	33695134	33688364	15
16	33695607	33694695	14
16	33695607	33694939	12
16	33696645	33694939	10
16	33723556	33723355	0
16	3383712	3384458	24
16	33845230	33844783	0
16	3384942	3382080	14
16	3384942	3382084	14
16	3384942	3382357	33
16	3384942	3382498	27
16	3384942	3383670	26
16	33852070	33851784	0
16	33858611	33857934	0
16	33859353	33858895	0
16	33875469	33875038	0
16	3390134	3383700	13
16	3390134	3384458	16
16	3390134	3384839	11
16	3390184	3384083	22
16	3390184	3384458	14
16	3390184	3384497	14
16	3390518	3384458	14
16	33908147	33907418	0
16	33936519	33936137	0
16	33936899	33936429	0
16	33937025	33936406	0
16	3393815	3384820	15
16	33938800	33938336	0
16	33950421	33949975	0
16	33965961	33964546	0
16	33966092	33965654	0
16	33966236	33965845	0
16	33973723	33966045	0
16	3397392	3384301	19
16	33974204	33972785	0
16	33974204	33973046	0
16	33974491	33973980	0
16	33975084	33974008	0
16	33975278	33972911	0
16	33976307	33973980	1
16	3397745	3384458	11
16	3397745	3390009	7
16	3397745	3390422	8
16	3397745	3393648	12
16	3397746	3393648	12
16	3397788	3390422	10
16	33989572	33988405	0
16	3400965	3397191	2
16	3400977	3397191	2
16	3400990	3384318	15
16	3400995	3384458	9
16	3400996	3397191	2
16	3401014	3393648	4
16	3401026	3397191	3
16	3401066	3397191	3
16	3401271	3401732	27
16	34013831	34013393	0
16	3404649	3404908	9
16	34355730	34353615	0
16	3440934	3432421	2
16	3483598	3484698	58
16	3483598	3485466	64
16	3485062	3485466	53
16	3485084	3485466	44
16	3494878	3493483	0
16	34979845	34978743	0
16	35024251	35022850	0
16	35235985	35232411	0
16	35246792	35245915	0
16	3532842	3533098	0
16	3532842	3536121	2
16	3533156	3536121	1
16	35336144	35335276	0
16	35385087	35384143	0
16	35406631	35405746	0
16	3542275	3539032	0
16	3542275	3539037	0
16	3542275	3541824	0
16	3542776	3542190	0
16	3543509	3542691	0
16	35436342	35435302	0
16	3544330	3543424	0
16	35449116	35447851	0
16	35478695	35477978	0
16	35478992	35478616	0
16	35479365	35478616	0
16	35480459	35477413	0
16	3548219	3544245	0
16	3548754	3548134	0
16	3549226	3548134	0
16	35492396	35491173	0
16	35495589	35493753	0
16	35506463	35505092	0
16	35637107	35636686	0
16	35641000	35639433	0
16	3564759	3561701	0
16	3565061	3563008	0
16	3565061	3564069	0
16	3565113	3563008	0
16	3583511	3581180	32
16	3584872	3583096	3
16	3595694	3594452	1
16	3596394	3595604	1
16	3596394	3595610	1
16	3601192	3597796	3
16	3602308	3597796	3
16	3602308	3600978	8
16	3606699	3600620	1
16	3606699	3600978	3
16	3606699	3602117	1
16	3651922	3654960	33
16	3657112	3657186	30
16	3657112	3657224	30
16	3657817	3657905	13
16	3658231	3651638	15
16	3658866	3658036	17
16	3658866	3658037	17
16	3658866	3658052	17
16	3661991	3658792	17
16	3662133	3658792	17
16	3662268	3658792	17
16	3662805	3663486	17
16	3662968	3661986	28
16	3663563	3662881	17
16	3664460	3663423	21
16	3666119	3664273	21
16	3671792	3665970	2
16	3671792	3666025	5
16	3671792	3666081	8
16	3672821	3671721	4
16	3674495	3671721	5
16	3674495	3672699	4
16	3674598	3672801	4
16	3675398	3674335	11
16	3675398	3674338	11
16	3675398	3674655	13
16	3676146	3675323	0
16	3676215	3675323	1
16	3676947	3676093	42
16	3677554	3676035	52
16	3677571	3676035	54
16	3677651	3676035	44
16	3677659	3676035	45
16	3678305	3676035	50
16	3679791	3677497	99
16	368415	366968	9
16	368415	367383	5
16	368415	367393	5
16	368415	367397	5
16	368415	367426	5
16	368415	367612	5
16	368415	367723	5
16	3686137	3679718	25
16	3686137	3679734	25
16	368636	368327	17
16	368636	368334	16
16	368636	368407	28
16	3689076	3677497	28
16	3689138	3678284	35
16	3689138	3678365	29
16	3689138	3685995	0
16	3689138	3686099	0
16	3689812	3689054	1
16	3690986	3689051	0
16	3690986	3689054	0
16	3690986	3689111	1
16	3691134	3689054	0
16	369212	368327	32
16	369221	368327	30
16	369804	367395	8
16	370226	368327	5
16	371290	369930	4
16	3717514	3689054	0
16	372728	370772	20
16	372728	371863	20
16	3731251	3730511	6
16	3731474	3725053	5
16	3731474	3727538	2
16	3731938	3731191	0
16	3736204	3731775	3
16	3736204	3731907	9
16	3736204	3731910	9
16	3736816	3736035	3
16	3736816	3736082	9
16	3737000	3736035	3
16	3738673	3736649	5
16	3739725	3736649	11
16	3739725	3738558	12
16	3740550	3736507	5
16	3740550	3739445	4
16	3740550	3739577	4
16	374152	371861	43
16	374152	372415	17
16	374152	372610	41
16	3743469	3739577	5
16	374400	374004	48
16	3744924	3743662	1
16	3744958	3740398	2
16	3744962	3740398	2
16	3744962	3740442	3
16	3745655	3744893	1
16	374852	374220	5
16	374893	374220	8
16	3749684	3745276	1
16	3749684	3745555	0
16	375076	374220	46
16	375216	374755	77
16	375257	374755	73
16	375257	374808	74
16	3767910	3758853	1
16	376813	376135	107
16	3769354	3767301	0
16	3769354	3767719	0
16	377165	376543	52
16	377165	376805	43
16	3773931	3770569	4
16	3774694	3773635	0
16	3774694	3773750	0
16	3774747	3773705	0
16	377586	377036	22
16	377586	377107	21
16	3778173	3777612	6
16	3778183	3774568	0
16	3778183	3777612	4
16	3778803	3777946	1
16	3778818	3778010	1
16	3782927	3781203	0
16	3784516	3782885	1
16	3791256	3782889	1
16	3792095	3782683	0
16	3793627	3782683	0
16	3810780	3793385	0
16	3812978	3810719	0
16	3850322	3812997	0
16	3851010	3810602	0
16	387000	384255	0
16	387114	384255	0
16	3943376	3931216	0
16	3943376	3931535	0
16	3950445	3947608	0
16	3950587	3943259	0
16	3974711	3953386	0
16	3974711	3962650	0
16	3983441	3979115	0
16	398386	398989	79
16	398395	398989	79
16	3989001	3983231	1
16	3989097	3983231	2
16	3989097	3983391	1
16	399124	399378	4
16	399124	399626	11
16	3992271	3989088	1
16	3992364	3988993	1
16	3992364	3989083	1
16	3993511	3988993	0
16	3993511	3992145	1
16	3993511	3992221	3
16	399481	399626	15
16	4007559	3992145	0
16	4054191	4007367	0
16	406398	406684	15
16	406398	406735	15
16	406778	406833	23
16	406834	406889	29
16	406953	407379	43
16	406953	407424	40
16	410754	410971	13
16	410785	410971	12
16	411077	411360	18
16	4113926	3993348	0
16	4114027	4007367	0
16	4115486	4007367	0
16	4183516	4180116	0
16	4195787	4189373	0
16	4195787	4191809	0
16	4247062	4245900	5
16	4247062	4246007	4
16	4247062	4246026	3
16	4247062	4246565	6
16	4247062	4246635	4
16	4248429	4246972	2
16	4251865	4246988	2
16	4252035	4243942	1
16	4252035	4246972	3
16	4252323	4246972	1
16	4252950	4246039	2
16	4253739	4246972	3
16	4253780	4248251	3
16	4253790	4251321	1
16	4253815	4251728	2
16	4253818	4251321	1
16	4260246	4257185	17
16	4260246	4258188	18
16	4260596	4257186	9
16	4260596	4260089	16
16	4261950	4260089	9
16	4261950	4260454	7
16	4262423	4260497	9
16	4262423	4261778	17
16	4262702	4261778	16
16	4272895	4260454	27
16	4325355	4324666	1
16	4340986	4331548	8
16	4340986	4340247	19
16	4340986	4340248	19
16	4340986	4340250	19
16	4340986	4340317	17
16	4341505	4340919	15
16	4341505	4340940	16
16	4341584	4340919	18
16	4341673	4340919	18
16	4343292	4340919	45
16	4343292	4341367	46
16	4343292	4341651	53
16	4343551	4341367	39
16	4343625	4341367	40
16	4345905	4343482	90
16	4345979	4345289	97
16	4351056	4343206	40
16	4351263	4343206	62
16	4351266	4343206	62
16	4351271	4343206	61
16	4351294	4341367	12
16	4351316	4343206	75
16	4351321	4345289	44
16	4351373	4343206	79
16	4355373	4341367	7
16	4355373	4343206	38
16	4355373	4354541	16
16	4355373	4354543	16
16	4355373	4354600	31
16	4355373	4354963	16
16	4355373	4354967	16
16	4355608	4351231	5
16	4357260	4355079	3
16	4357260	4355285	5
16	4358104	4356431	5
16	4358104	4357167	4
16	4358451	4357967	7
16	4358484	4357167	5
16	4358484	4357763	9
16	4358484	4357967	7
16	4359329	4358366	4
16	4359354	4358366	5
16	4359386	4357374	3
16	4359386	4358366	5
16	4359386	4358441	3
16	4359622	4359295	7
16	4359625	4358849	6
16	4359628	4359295	6
16	4360364	4359479	2
16	4360549	4360277	5
16	4361086	4360443	0
16	4361086	4360444	0
16	4361804	4361360	16
16	4361903	4361161	14
16	4362132	4361360	10
16	4362161	4361360	9
16	4362161	4361748	9
16	4362739	4361649	4
16	4362739	4361689	4
16	4362739	4361984	4
16	4363229	4361984	10
16	4364690	4364275	7
16	4364921	4364596	2
16	4364921	4364651	2
16	4365061	4364774	2
16	4365061	4364829	2
16	4388069	4365490	0
16	4388623	4388012	1
16	4388632	4387764	1
16	4388632	4387985	1
16	4395340	4361984	3
16	4395340	4388544	3
16	4395340	4388575	3
16	4395340	4388581	3
16	4395340	4388606	3
16	4395341	4388544	3
16	4397451	4395318	0
16	4405568	4395288	0
16	4405568	4395322	0
16	4405568	4397317	0
16	4407578	4405490	0
16	4407685	4388544	1
16	4407685	4405470	0
16	4407685	4405490	0
16	4407685	4405509	0
16	4407685	4405522	0
16	4407685	4405543	0
16	4407685	4405544	0
16	4408198	4407500	1
16	4408252	4405490	0
16	4408252	4407500	1
16	4408252	4407524	1
16	4408252	4407561	2
16	4408252	4407651	2
16	4412431	4405490	2
16	4412431	4407500	1
16	4412431	4408180	3
16	4412431	4408185	5
16	4416580	4412355	0
16	4416588	4413307	0
16	4416596	4413307	0
16	4416597	4395288	0
16	4416597	4413307	0
16	4416598	4408180	0
16	4416601	4413307	0
16	4416627	4408180	1
16	4416628	4413307	0
16	4416628	4415714	0
16	4416630	4413307	0
16	4416665	4413307	0
16	4416930	4395288	1
16	4416930	4413307	1
16	4416931	4416458	1
16	4416962	4413307	0
16	4420495	4416458	0
16	4420554	4416724	0
16	4425706	4416460	0
16	4442421	4443016	6
16	4455781	4456487	276
16	4463513	4461691	26
16	4463851	4461679	30
16	4463851	4461690	30
16	4463851	4461693	31
16	4463851	4461694	31
16	4463851	4461698	31
16	4463851	4463419	55
16	4464241	4461784	27
16	4466175	4463677	28
16	4466337	4463641	27
16	4466403	4463567	24
16	4466403	4463659	29
16	4466403	4463742	28
16	4466403	4463802	27
16	4466406	4463659	29
16	4466686	4466152	24
16	4469366	4466152	4
16	4469466	4466152	9
16	4469466	4466162	9
16	4469466	4466210	8
16	4469466	4467004	9
16	4469686	4466526	8
16	4469699	4466152	8
16	4471450	4469226	2
16	4471450	4469390	7
16	4471450	4469442	7
16	4471450	4469629	4
16	4474167	4466152	17
16	4474167	4469226	8
16	4474167	4469503	6
16	4474793	4469226	4
16	4474793	4474092	7
16	4474896	4474092	8
16	4476298	4474553	0
16	4476307	4474092	0
16	4479562	4474683	0
16	4509539	4509628	18
16	4512948	4511805	32
16	4512948	4511932	32
16	4512999	4512398	28
16	4513065	4510674	17
16	4513065	4510738	26
16	4513065	4511323	30
16	4513852	4511420	36
16	4513852	4512453	21
16	4513852	4512790	19
16	4513852	4512797	19
16	4513852	4512866	20
16	4513852	4512915	27
16	4514145	4512790	22
16	4514145	4513693	17
16	4514145	4513695	17
16	4514145	4513815	12
16	4514150	4513695	17
16	4514665	4513695	23
16	4514665	4514044	15
16	4514665	4514045	15
16	4515110	4514045	23
16	4536769	4514574	1
16	4538470	4514630	1
16	4538471	4514574	1
16	4538774	4514574	2
16	4538774	4523826	0
16	4538776	4514574	2
16	4538785	4514574	2
16	4538829	4514574	1
16	4610556	4608882	101
16	4610556	4609367	101
16	4610556	4609720	101
16	4610556	4609830	101
16	4610657	4608882	114
16	4614403	4610492	81
16	4614873	4610492	104
16	4614874	4610492	104
16	4614875	4610492	104
16	4614877	4608883	90
16	4614882	4608882	89
16	4614927	4610492	139
16	4615028	4610492	131
16	4640624	4634328	0
16	46474330	46469340	0
16	46474330	46469661	0
16	46474330	46471538	0
16	46475995	46474121	0
16	46475995	46474248	0
16	46478488	46474248	0
16	46500890	46498104	0
16	46506245	46499935	0
16	46506248	46499935	0
16	46506248	46500558	0
16	46518401	46506173	0
16	46528348	46517909	0
16	46528348	46518304	0
16	46560052	46553966	0
16	46583658	46580553	5
16	46583658	46581912	5
16	46595671	46584002	3
16	46599963	46595551	12
16	46599963	46595623	16
16	46603660	46599830	0
16	46603660	46599928	0
16	46603845	46599830	0
16	46604144	46603538	2
16	46604462	46603593	2
16	46604462	46603974	2
16	46608390	46603974	0
16	46608390	46603989	0
16	46608390	46604227	0
16	46621352	46620465	0
16	46621369	46618204	0
16	46621627	46618204	1
16	46624444	46622860	18
16	46661592	46660695	4
16	46661862	46656131	9
16	46661862	46658076	16
16	46661862	46659676	8
16	46662483	46661717	2
16	46662483	46661826	3
16	46672473	46671704	1
16	46674463	46672264	1
16	46674661	46672417	2
16	46676693	46674563	0
16	46677399	46676504	0
16	46677399	46676582	0
16	46677687	46676577	0
16	46680854	46678942	2
16	46681501	46680670	0
16	46681501	46680686	0
16	46681521	46680670	0
16	46681957	46680674	2
16	46682176	46681376	0
16	46682667	46682078	1
16	46682685	46682078	1
16	46683607	46681376	0
16	46683607	46682078	0
16	46683607	46682477	0
16	46683607	46682642	0
16	46683608	46681755	1
16	46689148	46683507	0
16	46689152	46683507	0
16	46689181	46682881	1
16	46689193	46683507	0
16	46689195	46683507	0
16	46689519	46683507	0
16	46695675	46696016	47
16	46709672	46703368	0
16	46709672	46707665	0
16	46709672	46707667	0
16	46709672	46707691	0
16	46727378	46721122	0
16	46729134	46725775	0
16	46729134	46727235	0
16	46729134	46727237	0
16	46738138	46732207	0
16	46738144	46732207	0
16	46740148	46732207	0
16	46740148	46737710	0
16	46740148	46738037	0
16	46808135	46802717	4
16	46809786	46802093	1
16	46809786	46803002	2
16	46824483	46796606	0
16	46844619	46842631	0
16	4686304	4688795	86
16	4694239	4694957	2
16	4694239	4695077	4
16	4694309	4694957	2
16	46959131	46955361	3
16	46959131	46956621	4
16	46959420	46959002	3
16	46959612	46958562	2
16	46964808	46959274	6
16	46967647	46964610	0
16	46967647	46964732	0
16	4697105	4696509	2
16	4697105	4696511	2
16	4697105	4696856	1
16	4697417	4697016	4
16	4698063	4697332	10
16	4698063	4697352	11
16	4698600	4697976	12
16	4698942	4698426	8
16	4699196	4698142	26
16	4700171	4698426	33
16	4700304	4698799	36
16	4701135	4699051	27
16	4701135	4699504	36
16	4701544	4699753	31
16	4701544	4700969	4
16	4701544	4700978	4
16	4701544	4701050	7
16	4701544	4701117	11
16	4701621	4700969	15
16	4702238	4701433	16
16	4702243	4699051	32
16	4702243	4700969	14
16	4702243	4701433	16
16	4705231	4702101	4
16	4705254	4701433	3
16	4705254	4702101	1
16	4705254	4702166	1
16	47086340	47077702	7
16	47086340	47081633	4
16	47109635	47083106	3
16	47109712	47082989	1
16	47109712	47083613	4
16	4714187	4705094	7
16	4714187	4705120	4
16	4714187	4705209	4
16	4714187	4705242	4
16	47158935	47155604	1
16	47158991	47154386	2
16	47158991	47155300	1
16	47158991	47155556	2
16	47158991	47155584	3
16	47158991	47155671	3
16	47162602	47161749	2
16	47162665	47161749	2
16	4717548	4714155	4
16	47218947	47161749	0
16	47218947	47162539	0
16	4724832	4714015	3
16	4724832	4714050	3
16	4724832	4717438	1
16	4724832	4717442	1
16	4725123	4714050	1
16	47260696	47258631	0
16	47263015	47260659	0
16	4726777	4724791	16
16	4726781	4724749	16
16	4726781	4724824	16
16	4726855	4724749	13
16	4727170	4726658	20
16	4727178	4724749	14
16	4727178	4726658	15
16	4728079	4726658	10
16	4730152	4714050	1
16	4730152	4724749	4
16	4730152	4726658	7
16	4730152	4726978	15
16	4730168	4726978	14
16	4730247	4726658	7
16	47311413	47260544	0
16	47313824	47311239	0
16	4731580	4729979	4
16	4734128	4729979	4
16	4734161	4729979	1
16	4734193	4729979	2
16	4734196	4729357	1
16	4734200	4729979	2
16	4734205	4729979	2
16	4734229	4729979	2
16	4734250	4726978	3
16	4734255	4729979	4
16	4734264	4729979	4
16	4734265	4714050	2
16	4734331	4724749	2
16	4734346	4729979	2
16	4734378	4729979	2
16	4734379	4729979	2
16	4735272	4730114	2
16	47365870	47313728	0
16	47375941	47365570	0
16	47375941	47365787	0
16	47428899	47375875	0
16	47428899	47425783	0
16	47451471	47428803	0
16	47451471	47448097	0
16	47452758	47451395	0
16	47452791	47451395	0
16	4746217	4737862	1
16	47464150	47459102	2
16	4746513	4746926	4
16	4746522	4746926	4
16	4747026	4747342	0
16	4752566	4746144	13
16	4752631	4748243	13
16	4753059	4750813	23
16	4758576	4752726	7
16	4760589	4748238	4
16	4760589	4751970	9
16	4760589	4752521	6
16	4766005	4762572	6
16	4766077	4762572	4
16	4766973	4765615	4
16	4767217	4765564	4
16	4767219	4765564	4
16	4767625	4765901	2
16	4778138	4777668	0
16	4778138	4777672	0
16	4778138	4777938	0
16	4784069	4783648	0
16	4785837	4779689	0
16	4785889	4779689	0
16	4785889	4783648	0
16	4785889	4783930	0
16	4785889	4784238	0
16	4786106	4785708	0
16	4786106	4785806	0
16	4787668	4785979	0
16	4787668	4786077	0
16	4788580	4788728	0
16	47887131	47849313	0
16	4791472	4785979	0
16	4795450	4795714	2
16	4795859	4795947	0
16	4795859	4796189	0
16	4796034	4796189	0
16	4796049	4796189	0
16	4796533	4795264	0
16	4797816	4797308	3
16	4797841	4791066	0
16	4797841	4796967	4
16	4797841	4796968	4
16	4797841	4796986	4
16	4797841	4797246	4
16	4797841	4797402	3
16	4797988	4797702	3
16	4797988	4797706	3
16	4797988	4797713	3
16	4797988	4797720	3
16	4797988	4797741	4
16	4797988	4797779	3
16	4798185	4797713	4
16	4798668	4798070	3
16	4798690	4798070	3
16	4798802	4798070	4
16	4799782	4797713	2
16	4799782	4798070	0
16	4799782	4798503	2
16	4799782	4798568	2
16	4800579	4798568	4
16	4801302	4800497	8
16	4801322	4800497	7
16	4801424	4799685	2
16	4801586	4800497	7
16	4801586	4801049	4
16	4801586	4801266	2
16	4801660	4801266	6
16	4802163	4799685	4
16	4802185	4801502	8
16	4802454	4798568	6
16	4802454	4801028	12
16	4802454	4801502	6
16	4802616	4802381	8
16	4802622	4801502	8
16	4802628	4802381	7
16	4802631	4801502	8
16	4802634	4802381	7
16	4802666	4801332	3
16	4802674	4802381	7
16	4802857	4801815	5
16	4802881	4802381	2
16	4802951	4802381	2
16	4805311	4803202	349
16	48082581	48081005	0
16	48083802	48082457	0
16	48084074	48082972	0
16	48084074	48083346	0
16	48084074	48083592	0
16	48084074	48083695	0
16	48085707	48083908	0
16	48085707	48084054	0
16	48088086	48085592	0
16	48088086	48086740	0
16	48088735	48085592	0
16	48088735	48086740	0
16	48088735	48087165	0
16	48088735	48087925	0
16	48088735	48087939	0
16	48111508	48108439	0
16	48111663	48108439	0
16	48111663	48111435	0
16	48111911	48111435	0
16	48111911	48111447	0
16	48111911	48111577	0
16	48111911	48111586	0
16	4811295	4803202	4
16	4811295	4804521	4
16	4811295	4805048	11
16	48121841	48115414	0
16	48121841	48117260	0
16	4812249	4803253	7
16	48124285	48121239	0
16	48124285	48121715	0
16	48133836	48130787	0
16	48138376	48133686	0
16	48138376	48133768	0
16	48141354	48139162	0
16	48141354	48140686	0
16	48144066	48140686	0
16	48144066	48141201	0
16	48144066	48141205	0
16	48144066	48141310	0
16	4814630	4813736	85
16	4814648	4813736	81
16	48165827	48164951	0
16	48167239	48165692	0
16	48167661	48166909	0
16	48167661	48166910	0
16	4817698	4813736	30
16	4817698	4814536	37
16	4817924	4814566	34
16	48187391	48186952	1
16	48187428	48186952	0
16	48192637	48187389	0
16	48192718	48187200	0
16	48211200	48208424	0
16	48213551	48209352	0
16	48213551	48210947	0
16	4821454	4817597	65
16	4821454	4817652	76
16	48215345	48214880	0
16	4821598	4821203	56
16	4821598	4821379	62
16	48216288	48215196	0
16	48216288	48215231	0
16	4821665	4817663	79
16	48224430	48222597	0
16	48227965	48224281	0
16	48227965	48224347	0
16	4822932	4821379	52
16	4822932	4821546	57
16	4823908	4822874	5
16	4823908	4822899	6
16	4832913	4823820	1
16	4832913	4831978	2
16	4833201	4832773	2
16	48351799	48356664	76
16	48361760	48361853	75
16	48361793	48356363	11
16	48362431	48356363	31
16	48365725	48364849	11
16	48365902	48360530	15
16	48385451	48360530	1
16	48387269	48361487	2
16	48387269	48362132	2
16	48392893	48387053	0
16	48393956	48387053	0
16	48403668	48387197	0
16	4843603	4832773	0
16	4843913	4832864	0
16	48448399	48447903	0
16	48448403	48403569	0
16	4845154	4832454	0
16	4845154	4832773	0
16	48546255	48538725	7
16	48546585	48543163	8
16	48548115	48542879	6
16	48548115	48546096	6
16	48548115	48546146	5
16	48548115	48546181	6
16	48562445	48553538	0
16	48603713	48561957	0
16	48610210	48560753	0
16	48620149	48560753	0
16	4887228	4882506	1
16	4887228	4882822	1
16	4887228	4883571	0
16	4889062	4888101	0
16	4890335	4888977	0
16	4890337	4888718	0
16	4891950	4890727	0
16	4892180	4891442	2
16	4892214	4891810	1
16	4893371	4892034	2
16	4893639	4893212	1
16	4893822	4892754	2
16	4902527	4890727	0
16	49281043	49277916	0
16	49281043	49279311	1
16	49281483	49279289	1
16	49444804	49442909	0
16	49523740	49487523	0
16	49523740	49490603	0
16	49523740	49490604	0
16	49523740	49490786	0
16	49523740	49490950	0
16	49523740	49491274	0
16	49730972	49635659	0
16	49780610	49730770	0
16	49789547	49730575	0
16	49789547	49730770	0
16	49856136	49789486	0
16	49857920	49789486	0
16	49924155	49920729	0
16	49958249	49954984	0
16	50036176	50036467	25
16	50064808	50046428	0
16	50106653	50100338	5
16	50229198	50234925	24
16	5027199	5024843	13
16	5027199	5024871	13
16	5027199	5024900	13
16	5027199	5024909	13
16	5027380	5024871	9
16	5027380	5027134	30
16	5027894	5024871	6
16	5027894	5027134	25
16	5027894	5027277	28
16	5027894	5027289	25
16	5027894	5027300	27
16	5028186	5027845	21
16	5028366	5027979	13
16	5028399	5027979	14
16	5028404	5027845	16
16	5029009	5024929	15
16	5029009	5027979	14
16	5029009	5028296	14
16	5029119	5027979	13
16	5030159	5027845	21
16	5030494	5027315	15
16	5030494	5028879	23
16	5030494	5028945	23
16	50308412	50308666	23
16	50314063	50314291	20
16	50314407	50315013	18
16	50315139	50315358	19
16	5031885	5028119	20
16	5031885	5030384	13
16	50319267	50313486	15
16	50319267	50315946	37
16	50319930	50319201	14
16	50320031	50315956	33
16	50320031	50319029	16
16	50320031	50319201	16
16	5033156	5031744	5
16	5033359	5031744	7
16	50334896	50333573	1
16	5033629	5030441	9
16	5033633	5031744	5
16	5033637	5031744	5
16	5033644	5031744	5
16	5033729	5031027	12
16	5033729	5031744	9
16	5033729	5031842	22
16	5033927	5028879	9
16	50340087	50334710	1
16	50350168	50339975	7
16	50350168	50349022	5
16	50354480	50350016	0
16	50354483	50350022	0
16	50395134	50390915	0
16	5047965	5044121	0
16	5055351	5047877	0
16	5055378	5047877	0
16	50553941	50551823	0
16	5060437	5058492	0
16	50613685	50606075	0
16	5062575	5060223	0
16	5062575	5060285	0
16	50669149	50666557	0
16	50669161	50670682	0
16	50674075	50673333	0
16	50675922	50666299	0
16	50675922	50667908	0
16	50675922	50671624	0
16	50675922	50673984	0
16	50729151	50727416	0
16	50732361	50729842	0
16	50740717	50735712	0
16	50741405	50732217	0
16	50742816	50740679	0
16	50798243	50783858	1
16	50800873	50801754	6
16	50802277	50783858	2
16	50879279	50856613	0
16	5089257	5084303	6
16	5089257	5084717	11
16	5089257	5085362	12
16	5089257	5085571	10
16	5089257	5085614	6
16	5089429	5085535	9
16	5090350	5089106	13
16	5090566	5089106	13
16	5090566	5089175	13
16	5090566	5090083	20
16	5090566	5090240	20
16	5091896	5090083	5
16	5091939	5089106	6
16	5093565	5090083	6
16	5095515	5089106	2
16	5095515	5090083	6
16	51036744	51035117	0
16	51056400	51054727	0
16	51142146	51135974	1
16	51142146	51137331	45
16	51150598	51138687	3
16	51151242	51137063	3
16	51151276	51138687	5
16	51151368	51143203	1
16	5120824	5110792	0
16	51356533	51354455	0
16	51388753	51356248	0
16	5148686	5120673	0
16	51495207	51355482	0
16	51495207	51404501	0
16	51646	46406	7
16	52026445	52005489	0
16	52027048	52026351	0
16	52027048	52026384	0
16	52027371	52026351	0
16	52058429	52005486	0
16	52084825	52083064	0
16	52085110	52083064	0
16	52143	47235	11
16	5215985	5215393	0
16	52227957	52198011	0
16	52444357	52438004	0
16	52444357	52438007	0
16	52445727	52438005	0
16	52450547	52445993	0
16	52464186	52450276	0
16	52464189	52450276	0
16	52464189	52450347	0
16	52468575	52450276	0
16	52468575	52463933	0
16	52468575	52464017	0
16	52554180	52552089	0
16	52562863	52552092	0
16	52591068	52562813	0
16	52591068	52573178	0
16	52608159	52607761	0
16	52631047	52590935	0
16	52648113	52630949	0
16	53047284	53035689	0
16	53047284	53042744	1
16	53156151	53157248	25
16	53209542	53209704	29
16	53227465	53227547	0
16	53362307	53362018	0
16	53366030	53364981	0
16	53369620	53365887	0
16	53370285	53369488	0
16	53371130	53366913	0
16	53371320	53370137	0
16	53479226	53479885	1
16	53479992	53480566	0
16	53492754	53491039	24
16	53492754	53491378	29
16	53492754	53492304	6
16	53492932	53491838	6
16	53494246	53492692	4
16	53494438	53494137	8
16	53494438	53494215	8
16	53494606	53494338	7
16	53494956	53494516	5
16	53495174	53494516	6
16	53495174	53494570	5
16	53495174	53494838	6
16	53495327	53494778	6
16	53495327	53495072	6
16	53495327	53495077	6
16	53495327	53495104	5
16	53498597	53495150	2
16	53498597	53495261	0
16	53500330	53498390	0
16	53500330	53498517	2
16	53501489	53500217	4
16	53501571	53500217	5
16	53501770	53500217	4
16	53503045	53500217	3
16	53503207	53500217	1
16	53503210	53500217	1
16	53503224	53500217	2
16	53503252	53500217	2
16	53504412	53500217	0
16	53605615	53598152	3
16	53605615	53599238	6
16	53605615	53599911	2
16	53605615	53600777	3
16	53605615	53601780	3
16	53611052	53605394	1
16	53611052	53605480	1
16	53636513	53619024	0
16	53636513	53622218	0
16	53636513	53635440	7
16	53655600	53653450	0
16	53656590	53652534	0
16	53671584	53664869	0
16	53673017	53671509	0
16	53673017	53671550	0
16	53692365	53687862	0
16	53696296	53692065	0
16	53696296	53692226	5
16	53696296	53693311	2
16	53700727	53696150	1
16	53700731	53695630	2
16	53700731	53696150	1
16	53700731	53696212	0
16	53981913	53981228	0
16	53999970	53998312	1
16	54052660	54033996	0
16	54111890	54118380	3
16	54114879	54114696	0
16	54118807	54121375	2
16	54246963	54245543	0
16	54246963	54245617	0
16	54284313	54283303	22
16	54284313	54283435	19
16	54285614	54284245	35
16	54285856	54284245	31
16	54286725	54284119	15
16	54286764	54284496	27
16	54370666	54366006	0
16	54370700	54367366	0
16	54545060	54542807	0
16	54631706	54628962	0
16	54633098	54631435	0
16	54633365	54631756	0
16	54633365	54632966	0
16	54847574	54845188	0
16	54848234	54847246	0
16	54848279	54847398	0
16	54848608	54847246	0
16	54853569	54849355	0
16	54874169	54853437	0
16	54876395	54851639	0
16	54920328	54918862	17
16	54920339	54919065	26
16	54920411	54918863	19
16	54920411	54918869	19
16	54920411	54919053	24
16	54920411	54919172	23
16	54920617	54918869	16
16	54923651	54893321	0
16	54923651	54920297	22
16	54923780	54920297	24
16	54924688	54923584	12
16	54925145	54923584	14
16	54925214	54923280	10
16	54925214	54923584	10
16	54925214	54924600	6
16	54928552	54925100	7
16	54928717	54925100	7
16	54928797	54925100	7
16	54928813	54925100	7
16	54928887	54925100	5
16	54929150	54924858	3
16	54929190	54925152	1
16	54932210	54932497	1
16	54938672	54937785	0
16	54938672	54938030	0
16	55047001	55045699	0
16	552531	552604	678
16	55266795	55259968	0
16	55322296	55321574	0
16	55333589	55282537	0
16	553848	547184	568
16	55427952	55426796	0
16	55429481	55427557	0
16	55444222	55429134	0
16	55444222	55429360	0
16	55505580	55506001	497
16	55803602	55802850	0
16	55803602	55802852	0
16	55803602	55802853	0
16	55803602	55802935	0
16	55803602	55803048	0
16	55810656	55803528	0
16	55810665	55806332	0
16	55811008	55810516	0
16	55811011	55810516	0
16	55811011	55810570	0
16	55812975	55806332	0
16	55813044	55810516	0
16	55820480	55819534	0
16	55821522	55820003	0
16	55821522	55820328	0
16	55821522	55820371	0
16	55823684	55821367	0
16	55823684	55821428	0
16	55846841	55846153	0
16	55846841	55846161	0
16	55846841	55846216	0
16	55846841	55846218	0
16	55846841	55846393	0
16	55869745	55863347	0
16	55869745	55865962	0
16	55871764	55865962	0
16	55871764	55869478	0
16	55871764	55869610	0
16	55871764	55869618	0
16	55871842	55869610	0
16	55874038	55869610	0
16	55883	56320	19
16	55883	56538	11
16	55944465	55863347	0
16	56101213	56092986	0
16	5611294	5610299	0
16	5611400	5601168	0
16	56151770	56143698	0
16	56186307	56183725	0
16	56187701	56102031	0
16	56187701	56151689	0
16	56188079	56187073	0
16	56189569	56187602	0
16	56189598	56183604	0
16	56190008	56169678	0
16	56191095	56187602	0
16	56354988	56356102	0
16	56355082	56355255	0
16	56355082	56356102	0
16	56355329	56356102	0
16	56364106	56361451	5
16	56364106	56361559	5
16	56364106	56362915	5
16	56364117	56362022	6
16	56367528	56363920	8
16	56367528	56364079	6
16	56367604	56363920	6
16	56369328	56367290	3
16	56369328	56367443	1
16	56385973	56369192	1
16	56386023	56369192	1
16	56388854	56385918	4
16	56389376	56385918	2
16	56401776	56385641	0
16	56401844	56385918	0
16	56403104	56401732	0
16	56403118	56401732	0
16	56403119	56401732	0
16	56405042	56402984	0
16	56405042	56402985	0
16	56405245	56404908	0
16	56405245	56404967	0
16	56408117	56405203	0
16	56409589	56407963	0
16	56409589	56408007	0
16	56414345	56409423	0
16	56421	56538	6
16	56424196	56414320	0
16	56424872	56414251	0
16	56424979	56414251	0
16	56424996	56414251	0
16	56425539	56414251	0
16	56434446	56429132	9
16	56434830	56434330	3
16	56434830	56434345	3
16	56435213	56434326	7
16	56439736	56439126	22
16	56439747	56434753	14
16	56446690	56439656	6
16	56446690	56439716	7
16	56447990	56446625	3
16	56449260	56447788	0
16	56451352	56447647	0
16	56451376	56447788	0
16	56452200	56447788	3
16	56484868	56466835	5
16	56484868	56470402	1
16	56485739	56484344	0
16	56485739	56484384	1
16	56485739	56484387	1
16	56485739	56484760	1
16	56497080	56485589	0
16	56497080	56485606	0
16	56497803	56496966	1
16	56497881	56485589	1
16	56497881	56496966	1
16	56498569	56496966	2
16	56498569	56497742	3
16	56498697	56497775	3
16	56499908	56498436	3
16	56499924	56498489	5
16	56499979	56498436	4
16	56500920	56496966	5
16	56500946	56499700	4
16	56500947	56499777	4
16	56500978	56499777	4
16	56501026	56499777	3
16	56501026	56499831	2
16	56501177	56499785	3
16	56501498	56500853	3
16	56501595	56500853	5
16	56501807	56500881	11
16	56502457	56501352	6
16	56502457	56501646	7
16	56502809	56497742	4
16	56502809	56501402	8
16	56502809	56502221	7
16	56502809	56502316	6
16	56506037	56498436	0
16	56506037	56502316	0
16	56506037	56502672	0
16	56506037	56502701	0
16	56506164	56505949	0
16	56506225	56505949	0
16	56506225	56505977	0
16	56509968	56506119	0
16	56509990	56506119	0
16	56510035	56506119	0
16	56510922	56509956	0
16	56510922	56509981	0
16	56510922	56510003	0
16	56589622	56589813	0
16	56589622	56589869	0
16	56589622	56590839	0
16	56589936	56590839	0
16	56608684	56608991	92
16	56608805	56608991	98
16	56609058	56609262	102
16	56611376	56609500	0
16	56626532	56626879	0
16	56635846	56636438	0
16	56658087	56658674	0
16	56658087	56659072	0
16	56658741	56659072	0
16	56658783	56659072	0
16	56667378	56666730	0
16	56667381	56666734	0
16	56668022	56666805	0
16	56668035	56666734	0
16	56668066	56667311	0
16	56670572	56670897	0
16	56682569	56683164	4
16	56682569	56683957	4
16	56683231	56683957	4
16	56683387	56683957	5
16	56709995	56708771	0
16	56710178	56709224	0
16	56935313	56935400	11
16	56935313	56935403	11
16	57028156	57028301	0
16	57028204	57028301	1
16	57058498	57052504	10
16	57061532	57061617	3
16	57061702	57061859	1
16	57061702	57061861	1
16	57081182	57081526	3
16	57092304	57091212	0
16	57123474	57125276	0
16	57123474	57125859	0
16	57124470	57125859	0
16	57125364	57125859	1
16	57146322	57147550	3
16	57154508	57153736	126
16	57164066	57152465	1
16	57164066	57153735	8
16	57164066	57154134	3
16	57164066	57154142	3
16	57164066	57154144	3
16	57164066	57154199	3
16	57164066	57154278	2
16	57167212	57164000	0
16	57167227	57164000	0
16	57167227	57164051	0
16	57167251	57164000	0
16	57172373	57164000	0
16	57172373	57167092	1
16	57172373	57167130	1
16	57172373	57167152	1
16	57172373	57167184	1
16	57172875	57167092	1
16	57172875	57172250	0
16	57172875	57172278	0
16	57172875	57172308	0
16	57172875	57172333	0
16	57172875	57172364	0
16	57173789	57167092	0
16	57173797	57172775	2
16	57173870	57172775	3
16	57173870	57172808	2
16	57173882	57172775	2
16	57174287	57173727	9
16	57174689	57173727	15
16	57174887	57173780	31
16	57175591	57173727	35
16	57175691	57173727	40
16	57175701	57173772	40
16	57178558	57173727	38
16	57178853	57173727	26
16	57178853	57175538	23
16	57181791	57178525	22
16	57185818	57173727	16
16	57185823	57174168	19
16	57185963	57178513	25
16	57186023	57174619	23
16	57186032	57178805	17
16	57186033	57173727	15
16	57186033	57175538	21
16	57186040	57178501	23
16	57186040	57178709	21
16	57186041	57173727	13
16	57186056	57174168	16
16	57186065	57173727	18
16	57186065	57178501	23
16	57186117	57173727	18
16	57186452	57186921	7
16	57249853	57250410	2
16	57250508	57252165	3
16	57250508	57252241	2
16	57252753	57248546	0
16	57258585	57249038	2
16	57258585	57256096	0
16	57258585	57256754	0
16	57258585	57256980	0
16	57430340	57428168	12
16	57430340	57428186	15
16	57430340	57428217	18
16	57430340	57428553	17
16	57430340	57428937	20
16	57430340	57429098	16
16	57430647	57429176	20
16	57431267	57430257	21
16	57431267	57430327	19
16	57432561	57429061	22
16	57432561	57430257	17
16	57432561	57431150	20
16	57432561	57431195	19
16	57432561	57431316	19
16	57434213	57430257	15
16	57434213	57431150	22
16	57434213	57432486	31
16	57436733	57433909	2
16	57436733	57434043	4
16	57439214	57433647	6
16	57439296	57436655	2
16	57439335	57434043	2
16	57439335	57436655	1
16	57440984	57432486	8
16	57440984	57436655	1
16	574439	574527	75
16	57456627	57456930	15
16	57456647	57456930	16
16	57469294	57469709	22
16	57469762	57469960	8
16	57470130	57470210	88
16	57470130	57470279	83
16	57473737	57471957	25
16	57473737	57472876	35
16	57474040	57471921	23
16	57474040	57473612	1
16	57474983	57473900	4
16	57475220	57474711	0
16	57475220	57474792	0
16	57475220	57474889	0
16	57475621	57475099	0
16	57475621	57475142	0
16	57475621	57475160	0
16	57475621	57475161	0
16	57475621	57475168	0
16	57475621	57475169	0
16	57475621	57475198	0
16	57475621	57475208	0
16	57475958	57475099	0
16	57475958	57475505	0
16	57475958	57475558	0
16	57475958	57475563	0
16	57476311	57475513	4
16	57478663	57475849	3
16	57479686	57475849	2
16	57479689	57475849	2
16	57479689	57475862	2
16	57479757	57475849	2
16	57479806	57475849	2
16	57479873	57475849	4
16	57479875	57475849	4
16	57515445	57512177	0
16	57515445	57512386	1
16	57565151	57566598	0
16	575971	576133	28
16	576003	576133	25
16	57627290	57622033	0
16	57628408	57628636	0
16	57628408	57628659	0
16	57685966	57681123	0
16	57686821	57685819	0
16	57698115	57686712	0
16	57701528	57697900	0
16	57726284	57726831	0
16	57726284	57727298	0
16	57726943	57727298	0
16	57737064	57737225	69
16	57752056	57752529	28
16	57752602	57752777	40
16	57752929	57753076	77
16	57755918	57755991	27
16	57756067	57756355	12
16	57756473	57756813	20
16	57759154	57758216	102
16	57759154	57758218	102
16	57759154	57758427	223
16	57759154	57758444	218
16	57759154	57758458	189
16	57759154	57758531	112
16	57759154	57758719	102
16	57759837	57758216	107
16	57759837	57758737	111
16	57759837	57759124	89
16	57760417	57759727	100
16	57760417	57759752	115
16	57760946	57758319	101
16	57761262	57759437	81
16	57762271	57761041	14
16	57762271	57761314	20
16	57762271	57761412	24
16	57764239	57762139	48
16	57764248	57762139	44
16	57764248	57762194	42
16	57764390	57762139	46
16	57765641	57762139	46
16	57770701	57769807	3
16	57771438	57770526	2
16	57771438	57770606	0
16	57771666	57771323	7
16	57771687	57771197	6
16	57771687	57771285	7
16	57771687	57771335	8
16	57771687	57771364	8
16	57771687	57771367	8
16	57772289	57771542	5
16	57772289	57771559	5
16	57772289	57771579	5
16	57772289	57771629	7
16	57772289	57771635	7
16	57772289	57771660	5
16	57772289	57771670	5
16	57775077	57773807	53
16	57775120	57772222	56
16	57776691	57772222	66
16	57779451	57772222	34
16	57779451	57776485	37
16	57779541	57772222	44
16	57779952	57779360	28
16	57782298	57772222	31
16	57782304	57776621	27
16	57782310	57779876	26
16	57782314	57779876	26
16	57782330	57779360	17
16	57782370	57779889	27
16	57785667	57772222	28
16	57788714	57772222	18
16	57791067	57772222	16
16	57795142	57772222	4
16	57795142	57785397	9
16	57795142	57785463	6
16	57795142	57788574	7
16	57795142	57788597	7
16	57795142	57790929	4
16	57797765	57794998	0
16	57797813	57794998	0
16	57797913	57794998	1
16	57798018	57794998	1
16	57798023	57794998	1
16	57798023	57795062	1
16	57798101	57794998	2
16	57798283	57772222	3
16	57798283	57794996	1
16	57798283	57794998	1
16	57803254	57794998	2
16	578292	578378	5
16	578463	579068	5
16	57846536	57798071	0
16	578506	578784	4
16	578506	579068	5
16	57863054	57798071	0
16	57888075	57882339	0
16	57888075	57883598	0
16	578939	579068	12
16	578939	579126	12
16	578939	580182	15
16	57897544	57884367	0
16	57897915	57897396	0
16	57901374	57897795	0
16	57901436	57897795	0
16	57901436	57897855	0
16	579181	580182	16
16	57923381	57920386	0
16	57931879	57923272	0
16	57937360	57931764	0
16	57939550	57923112	0
16	57939593	57931715	0
16	57957378	57950380	0
16	57957378	57954674	0
16	57960066	57958409	0
16	57960531	57959887	0
16	57960531	57960005	0
16	57960916	57959887	0
16	57964203	57962973	0
16	57964545	57963924	0
16	57964545	57964129	0
16	57985942	57986638	0
16	57985942	57987395	0
16	57986737	57987395	0
16	57999859	57994667	4
16	58000454	57998058	5
16	58002500	58002615	6
16	580264	580750	58
16	580264	580857	43
16	58114921	58113587	8
16	58114921	58113959	7
16	58115451	58114961	11
16	58115458	58113605	8
16	58115458	58114809	8
16	58115568	58114809	7
16	58116153	58114809	4
16	58116153	58115268	6
16	58116153	58115400	7
16	58116952	58115791	3
16	58116952	58116040	2
16	58129301	58116871	0
16	58129362	58116871	0
16	58129369	58116557	2
16	58129372	58116871	0
16	58129451	58116871	0
16	58164148	58157906	77
16	58164148	58158116	90
16	58165709	58159550	12
16	58165709	58164053	5
16	58174511	58168609	7
16	58184311	58167684	1
16	58184311	58174017	1
16	58184311	58174450	1
16	58184311	58174474	1
16	58259869	58259869	0
16	58284722	58279996	0
16	58284722	58280002	0
16	58284722	58280504	0
16	58285303	58284404	0
16	58286196	58284589	0
16	58286196	58284684	0
16	58295310	58295390	0
16	583667	583753	92
16	58383799	58382988	0
16	58403332	58404498	5
16	58500270	58500987	3
16	58503904	58504153	6
16	58503904	58504188	6
16	58503958	58504153	6
16	58507865	58507947	4
16	58509010	58509153	15
16	58515565	58515790	87
16	58515881	58515952	136
16	58516344	58516477	92
16	58516344	58516612	79
16	58518232	58518400	47
16	58521318	58519950	124
16	58521318	58520683	45
16	58521318	58520694	45
16	58521318	58520705	45
16	58521318	58521014	37
16	58523503	58521182	36
16	58525360	58523369	6
16	58525382	58523369	7
16	58528649	58525988	7
16	58528649	58527922	8
16	58530348	58528474	2
16	58530669	58528613	3
16	58532076	58530245	22
16	58532396	58531957	16
16	58533166	58531957	4
16	58538267	58537890	10
16	58538915	58538157	6
16	58542336	58541500	4
16	58542569	58542229	5
16	58542569	58542230	5
16	58543803	58543168	44
16	58543904	58542427	23
16	58545492	58543326	7
16	58545492	58543606	6
16	58546499	58545360	3
16	58546703	58546320	2
16	58546750	58546320	1
16	58546750	58546464	2
16	58549899	58547185	2
16	58549899	58547565	1
16	58551767	58551131	0
16	58551820	58551131	0
16	58553861	58551588	1
16	58553861	58551789	2
16	58555538	58551602	4
16	58555909	58553781	5
16	58555909	58555250	0
16	58556991	58555783	0
16	58556994	58555783	0
16	58558675	58555783	1
16	58560363	58558472	1
16	58574761	58560211	0
16	58575064	58574608	0
16	58575130	58574608	0
16	58575130	58574716	0
16	58576505	58575006	0
16	58576583	58575006	0
16	58578940	58576462	0
16	58587879	58576462	2
16	58587879	58576464	2
16	58588907	58587779	1
16	58588907	58587837	1
16	58599338	58588798	0
16	58599512	58588798	0
16	58599512	58588820	0
16	58623410	58599262	2
16	58623410	58599373	2
16	58624787	58599260	1
16	58624795	58599235	1
16	58624795	58623281	1
16	58629825	58599009	0
16	58629833	58599235	0
16	58629835	58599235	0
16	58629839	58599235	0
16	58629848	58623225	0
16	58629886	58623281	0
16	58629887	58599235	0
16	58670168	58665108	0
16	58670168	58667277	2
16	58670168	58667361	1
16	58670168	58667382	1
16	58672244	58670112	5
16	58672244	58671044	15
16	58675343	58672095	3
16	58676023	58672095	3
16	58676055	58666371	13
16	58676055	58671571	11
16	58676055	58672095	2
16	58676055	58675212	3
16	58676122	58672095	2
16	58676347	58672029	3
16	58676347	58672095	3
16	58676347	58675939	11
16	58676347	58675943	11
16	58677578	58675939	4
16	58678764	58678332	20
16	58678895	58678332	13
16	58679874	58678695	9
16	58680242	58678695	6
16	58680242	58678742	8
16	58680242	58678880	10
16	58684054	58679609	1
16	58684084	58679856	2
16	58684111	58675939	7
16	58684179	58677325	3
16	58684179	58678695	4
16	58684179	58679856	2
16	58684179	58681387	1
16	58684182	58679856	1
16	58684324	58681515	2
16	58684708	58679856	3
16	58684724	58679856	3
16	58684744	58679856	3
16	58684744	58683954	2
16	58684771	58679856	3
16	58684771	58683665	1
16	58684771	58683954	2
16	58684771	58684135	2
16	58685105	58683954	2
16	58709568	58707130	19
16	58709568	58707817	25
16	58716180	58709416	9
16	58716384	58709048	7
16	58716814	58716013	20
16	58718301	58716012	14
16	58718301	58716662	21
16	58718689	58718195	31
16	58719256	58718216	10
16	58719256	58718526	10
16	58719256	58718569	10
16	58722279	58719195	6
16	58723903	58719195	3
16	58723903	58721644	0
16	58723903	58722149	1
16	58734317	58722118	1
16	58880037	58847806	0
16	58880038	58847807	0
16	590120	590260	4
16	59094	58136	211
16	59128	58058	131
16	59128	58061	131
16	59350	58973	178
16	59495	58973	129
16	59495	59248	94
16	59495	59298	192
16	59710296	59709992	0
16	59738853	59737925	0
16	59752096	59710215	0
16	59754815	59751960	0
16	59754849	59751960	0
16	59763	59418	8
16	59827	59418	16
16	60025142	60024577	0
16	60099	59232	76
16	60194	59418	190
16	60521799	60486818	0
16	60656650	60654234	0
16	60927180	60925732	0
16	61460	61119	80
16	61654102	61647241	0
16	61655722	61647241	0
16	61655722	61653881	0
16	61655722	61653918	0
16	61697	61384	5
16	61697	61424	4
16	61711652	61710748	0
16	61713959	61655469	0
16	61713959	61667178	0
16	61714059	61655559	0
16	61727216	61713840	0
16	61789483	61713840	0
16	61789483	61725165	0
16	61789483	61727093	0
16	61817733	61789345	0
16	61818044	61789475	0
16	61821114	61817478	0
16	61901474	61857118	0
16	61918715	61901391	0
16	62021380	61901129	0
16	62021603	61901178	0
16	62035135	62021151	0
16	62036313	62021151	0
16	62036403	62021151	0
16	62036433	62031990	0
16	62036836	62021151	0
16	62037036	62021159	0
16	63060411	63056785	0
16	63064	62774	19
16	63090323	63060293	0
16	631425	632581	0
16	63183	62774	13
16	63334668	63314263	0
16	634798	634426	13
16	634798	634428	13
16	634798	634429	13
16	634798	634435	27
16	634798	634437	30
16	634798	634501	18
16	634798	634512	17
16	634798	634525	16
16	634798	634625	14
16	634957	634718	54
16	635064	634718	70
16	63531305	63334599	0
16	63532932	63531232	0
16	635341	634663	132
16	635341	634718	144
16	635341	634888	144
16	635341	634948	150
16	635775	634718	111
16	635775	634736	111
16	635775	634888	119
16	635775	635280	111
16	63618047	63531087	0
16	63618047	63531224	0
16	636268	635280	115
16	636279	635280	117
16	636311	634718	91
16	636332	635280	113
16	636343	634718	108
16	636352	635280	110
16	63801	62774	12
16	63801	62972	22
16	63801	63156	115
16	63923	62972	22
16	64245778	64242607	0
16	64261240	64260569	1
16	64294167	64245743	0
16	64438	63742	186
16	647545	647782	47
16	647885	648119	37
16	64830	62972	185
16	64830	63586	157
16	64830	64332	144
16	649201	648472	7
16	649427	649762	79
16	64948788	64943752	0
16	64951019	64943752	0
16	64951019	64947546	0
16	64971697	64950766	0
16	64971697	64968433	0
16	64982302	64972903	0
16	64988345	64982047	0
16	64991936	64988156	0
16	64993035	64991342	0
16	64993035	64991767	0
16	64993035	64991912	0
16	65005042	64998561	0
16	65038	64698	111
16	65040	63036	121
16	65040	64698	112
16	65053929	64998561	0
16	65053929	65004641	0
16	65053929	65004672	0
16	65053929	65004708	0
16	65053929	65004765	0
16	65053929	65004802	0
16	65053929	65004852	0
16	65053929	65006861	0
16	65059679	65053803	0
16	65072214	65053803	0
16	65072261	65053803	0
16	65121931	65053803	0
16	65122016	65094606	0
16	65122037	65053803	0
16	65122047	65053803	0
16	65122058	65118800	1
16	65122066	65004659	0
16	65122093	65053803	0
16	65122199	65053803	0
16	65122366	65053803	0
16	65123821	65053803	0
16	65124189	65053898	0
16	65124293	65053803	0
16	65126113	65053803	0
16	65175320	65141755	0
16	65176201	65175165	0
16	65176574	65176067	0
16	65176714	65176150	0
16	65204093	65190972	0
16	65233886	65203898	0
16	65234905	65227894	0
16	65311548	65284498	0
16	65311548	65285023	0
16	65354302	65285023	0
16	653804	655028	64
16	655148	655306	93
16	65571790	65363662	0
16	65571790	65375203	0
16	65571926	65363662	0
16	655886	656301	117
16	655890	656301	117
16	65601699	65601100	0
16	656195	654610	88
16	661173	661341	21
16	662332	662672	161
16	662332	662678	158
16	662845	663144	215
16	66475679	66469800	0
16	66475679	66469811	0
16	66475679	66469843	0
16	66475679	66469974	0
16	66475868	66469795	0
16	66481140	66481437	0
16	66481231	66479007	0
16	66481247	66477943	0
16	66509758	66509858	1
16	66511253	66510745	8
16	66513784	66508002	2
16	66513812	66475601	0
16	66513812	66481163	0
16	66513812	66508002	0
16	66513812	66509378	1
16	66513812	66510743	2
16	66513812	66510746	2
16	66513812	66511631	0
16	66513812	66511683	0
16	66513812	66511712	0
16	66513812	66511721	0
16	66513812	66511741	0
16	66513812	66511794	0
16	66513812	66511953	0
16	66513812	66512002	0
16	66513863	66511705	0
16	66517203	66513730	1
16	66517216	66513730	1
16	66517216	66513747	1
16	66517281	66513730	1
16	66517313	66513730	1
16	66517878	66517135	0
16	66517878	66517196	0
16	66518143	66517135	0
16	66529068	66513730	0
16	66548066	66541878	0
16	66548884	66546556	0
16	66549010	66531379	0
16	66549010	66536963	0
16	66549010	66541878	0
16	66549799	66541878	0
16	66549826	66548977	3
16	66549861	66548977	3
16	66550107	66548977	2
16	66550116	66548977	4
16	66550123	66548977	4
16	66550191	66548977	6
16	66550214	66548977	2
16	66550271	66548977	2
16	66550292	66548977	1
16	66550413	66548977	0
16	66551735	66548977	0
16	66552545	66548977	0
16	66580717	66579982	0
16	66617359	66616566	20
16	66622223	66614749	21
16	66622223	66617230	22
16	66623503	66621679	1
16	66623503	66621756	1
16	66623503	66622061	1
16	666599	666672	106
16	66724749	66723600	21
16	66725945	66720892	16
16	66725945	66723477	28
16	66725945	66723584	32
16	66725945	66723600	33
16	66725945	66723605	33
16	66725945	66724661	24
16	66727806	66725827	12
16	66727806	66725848	11
16	66728220	66727687	24
16	66728243	66723569	26
16	66728243	66727687	26
16	66729100	66727687	15
16	66729100	66727996	30
16	66729100	66728200	28
16	66730220	66729039	9
16	66730224	66729039	9
16	66730349	66725827	13
16	66732448	66730111	90
16	66732475	66730111	91
16	66732638	66730111	63
16	66733547	66729039	111
16	66734312	66730111	65
16	66734312	66732008	93
16	66734312	66732338	123
16	66736198	66734217	0
16	66736238	66733972	3
16	66736245	66734217	1
16	66742555	66736101	0
16	66742669	66736074	0
16	66742669	66736167	0
16	66749314	66736074	0
16	66749314	66742437	0
16	66749314	66742450	0
16	66751347	66736074	0
16	66751347	66742437	0
16	66758839	66754975	0
16	66759209	66758303	0
16	66759291	66758298	0
16	66759291	66758772	0
16	66767511	66759140	0
16	66768169	66767414	0
16	66770310	66767414	0
16	66770310	66767427	0
16	66788298	66786224	0
16	66790724	66788168	0
16	66790724	66788238	0
16	66805827	66802874	34
16	66805827	66802879	35
16	66805827	66802911	39
16	66805863	66802874	32
16	66806027	66802874	26
16	66806027	66802877	26
16	66806027	66805776	53
16	66806070	66802879	27
16	66806146	66805776	35
16	66808549	66805911	7
16	66808614	66805911	7
16	66808695	66805629	11
16	66813698	66810696	6
16	66813847	66813128	5
16	66813847	66813563	4
16	668155	668352	26
16	66816673	66813786	5
16	66816717	66813786	4
16	66817029	66816580	12
16	66817029	66816646	12
16	66817488	66816964	13
16	66818638	66816613	4
16	66818638	66817424	0
16	66818638	66817433	0
16	66818638	66817469	0
16	66821560	66818527	1
16	66821560	66818632	0
16	66823263	66821449	0
16	66823307	66821445	0
16	66823307	66821449	0
16	66823307	66821455	0
16	66823601	66821449	0
16	66823601	66823226	10
16	66823601	66823229	10
16	66823601	66823280	7
16	668237	668352	37
16	668237	668357	37
16	66824886	66823341	19
16	66824886	66823528	14
16	66826584	66823528	14
16	66826584	66824515	20
16	66826584	66824854	15
16	66826781	66826098	5
16	66826781	66826522	2
16	66830956	66826522	3
16	66830960	66823226	1
16	66830969	66826522	2
16	66830974	66821449	2
16	66830977	66826522	2
16	668412	668487	81
16	668412	668655	98
16	668412	668658	97
16	66853449	66841432	0
16	668570	668655	138
16	668700	669552	124
16	668700	670122	155
16	66873257	66826676	0
16	66884371	66886546	77
16	66888113	66888273	39
16	66909384	66908121	0
16	66909384	66908122	0
16	66909384	66908123	0
16	66909384	66908128	0
16	66909384	66908132	0
16	66913282	66912663	0
16	66913614	66913130	0
16	66914413	66912241	0
16	66914413	66913184	0
16	66915379	66914215	0
16	66915379	66914305	0
16	66915402	66914215	0
16	66916204	66914215	0
16	66916204	66915219	0
16	66922354	66921686	1
16	66923721	66921678	0
16	66923721	66921684	0
16	66923721	66921831	0
16	66923899	66922203	0
16	66923920	66921749	0
16	66932301	66932064	72
16	66932551	66932066	29
16	66932826	66932054	20
16	66932826	66932065	29
16	66932826	66932185	29
16	66932826	66932271	34
16	66933740	66932779	15
16	66934067	66933613	17
16	66934167	66933613	14
16	66934418	66933613	20
16	66934424	66933468	22
16	66934675	66934817	66
16	66942250	66942647	10
16	669607	670122	318
16	66963384	66963490	0
16	66966346	66966724	0
16	67004874	67005239	0
16	67005394	67006390	0
16	67005616	67006390	0
16	67006818	67008973	0
16	670176	670248	226
16	670176	670265	237
16	671001	671082	537
16	671001	671114	531
16	67109990	67110118	1
16	67109990	67110144	1
16	67110005	67110118	1
16	67132526	67132816	7
16	67134266	67134354	3
16	67134468	67134627	0
16	67135193	67136255	2
16	67147095	67147305	87
16	67151215	67148104	6
16	67155295	67154179	18
16	67155295	67154198	18
16	67155419	67154832	18
16	67155655	67155095	11
16	67156250	67155095	6
16	67156669	67155376	11
16	67156669	67155750	6
16	67156682	67155538	11
16	67161938	67162635	38
16	67163853	67164018	21
16	67164145	67164440	11
16	67164261	67164440	6
16	67164935	67165521	33
16	67165631	67165718	10
16	67166012	67166319	10
16	67166012	67166323	10
16	67166071	67166319	14
16	67169102	67169278	11
16	67169102	67169630	29
16	67169349	67169630	39
16	67169349	67169635	39
16	67169349	67169727	37
16	67174341	67174620	10
16	67174455	67174620	6
16	67174465	67174620	5
16	67176456	67175601	46
16	67178098	67175603	3
16	67178108	67175603	3
16	67178108	67176649	3
16	67178108	67176729	3
16	67178505	67175603	1
16	67178505	67176770	6
16	67178505	67178009	80
16	67179329	67178198	28
16	67179553	67178009	25
16	67179563	67178198	13
16	67179563	67178444	29
16	67179955	67179429	8
16	67179959	67179401	8
16	67179959	67179429	8
16	67179962	67179117	12
16	67180063	67179814	9
16	67180090	67179480	8
16	67180116	67179814	10
16	67180356	67179814	44
16	67180667	67179814	53
16	67183587	67178198	16
16	67184811	67184365	0
16	67184811	67184379	0
16	67185058	67184378	0
16	67185058	67184379	0
16	67185058	67184380	0
16	67187139	67186556	0
16	67187139	67186758	0
16	67187838	67187020	0
16	67188941	67187224	0
16	67188941	67187720	0
16	67189181	67187020	0
16	67189181	67187030	0
16	67189181	67187224	0
16	67192363	67192760	51
16	67192363	67193008	75
16	67192665	67192760	81
16	67192825	67193008	150
16	67192871	67193008	151
16	67193171	67193471	136
16	67197912	67198007	18
16	67197912	67198130	36
16	672003	672083	486
16	67207774	67207139	0
16	67208091	67207138	0
16	67208091	67207598	3
16	67208091	67207604	3
16	67208091	67207647	2
16	67208456	67207872	0
16	67208456	67207879	0
16	67210323	67208311	1
16	67210323	67208389	2
16	67210349	67207872	0
16	67211025	67208311	1
16	67211074	67208311	1
16	67223928	67208311	0
16	67223928	67210047	1
16	67223928	67210347	0
16	67223928	67210739	0
16	67227932	67228354	2
16	67228415	67228494	8
16	67228415	67228796	20
16	67228632	67228796	22
16	67228632	67228975	21
16	67228658	67228796	21
16	67228837	67228975	17
16	67228882	67228975	15
16	67229991	67229388	322
16	67229991	67229390	322
16	67230197	67229386	98
16	67230229	67229792	115
16	67230507	67230065	54
16	67230792	67230313	14
16	67230792	67230328	55
16	67231081	67230313	111
16	67231550	67230600	91
16	67231550	67231187	80
16	67231820	67231429	100
16	67231839	67231449	130
16	67231901	67231429	134
16	67232059	67231636	134
16	67232195	67231636	116
16	67233762	67232038	20
16	67234032	67231789	23
16	67234268	67232038	22
16	67234473	67233656	34
16	67234473	67233680	59
16	67234473	67233947	34
16	67234755	67234179	29
16	67238271	67238033	112
16	67238308	67238033	112
16	67238448	67238201	112
16	67238472	67238201	112
16	672385	672488	213
16	67238968	67238033	74
16	67238968	67238201	76
16	67238968	67238379	75
16	67239455	67238201	28
16	67255472	67255752	17
16	67255472	67255838	18
16	672567	672702	305
16	67277946	67278740	6
16	67278277	67278740	7
16	67278791	67279875	20
16	67278883	67279875	16
16	67279277	67279875	12
16	67279627	67279875	12
16	67279662	67279875	15
16	67279790	67279875	13
16	67280544	67280710	45
16	672826	672927	181
16	67290987	67289427	1
16	67290987	67289432	1
16	67290987	67289434	1
16	67290987	67289447	0
16	67293824	67289432	0
16	67299574	67297502	0
16	67301387	67297502	0
16	67301923	67297502	0
16	67301923	67299362	0
16	67301923	67299405	0
16	67303338	67299362	0
16	67303338	67301790	0
16	67304572	67301790	0
16	67304572	67303145	0
16	67304572	67303176	0
16	67320791	67303145	0
16	67320886	67303115	0
16	67320886	67304420	0
16	67320886	67304452	0
16	67320886	67305373	0
16	67321911	67320588	0
16	67326098	67320645	0
16	67326715	67320588	0
16	67326727	67320588	0
16	67326730	67320588	0
16	67326740	67320588	0
16	67326754	67320588	0
16	67326761	67320588	0
16	67326764	67320588	0
16	673498	673933	835
16	67390633	67389808	0
16	67390633	67389810	0
16	67390633	67389824	0
16	67390633	67389845	0
16	67391118	67390478	0
16	67391954	67390478	0
16	67393038	67390923	0
16	67393482	67390478	0
16	67393492	67390923	0
16	67393536	67390923	0
16	67395063	67394151	0
16	67395063	67394424	0
16	67395222	67394418	0
16	67395567	67395001	0
16	67395567	67395186	0
16	67396258	67395483	0
16	67396288	67395565	0
16	67398325	67395483	0
16	67398325	67395504	0
16	67404554	67400956	0
16	67406443	67400956	0
16	67406443	67404157	0
16	67431465	67430666	3
16	67438690	67438018	194
16	67438871	67438013	4
16	67438871	67438018	4
16	67438871	67438320	95
16	67438871	67438412	10
16	67438871	67438475	4
16	67438871	67438505	4
16	67438871	67438540	4
16	67439096	67438824	56
16	67439148	67438792	13
16	67439148	67438808	13
16	67439148	67438821	13
16	67439148	67438844	13
16	67439352	67438970	10
16	67439352	67439052	12
16	67439352	67439087	12
16	67439352	67439107	10
16	67439819	67438036	11
16	67441733	67438970	11
16	67443179	67439273	10
16	67443408	67439273	9
16	67444707	67443098	37
16	67444707	67443099	37
16	67452361	67444527	13
16	67453716	67443098	14
16	67453716	67444527	16
16	67453716	67445811	18
16	67453716	67452237	12
16	67453716	67452243	10
16	67457652	67453543	1
16	67459181	67453543	1
16	67459220	67453543	1
16	67459226	67457563	1
16	67481080	67443098	0
16	67481087	67453543	3
16	67481111	67453543	3
16	67481118	67453543	3
16	67481149	67444527	0
16	67481158	67453543	3
16	67481158	67454578	2
16	67481169	67453543	0
16	67481182	67457563	0
16	67481238	67453543	0
16	67483111	67482570	1
16	67528633	67517861	0
16	67528676	67517949	0
16	67539483	67538556	1
16	67540107	67539265	2
16	67540206	67540299	6
16	67540502	67540551	23
16	67540502	67540578	22
16	67542573	67542303	262
16	67542964	67542122	224
16	67546033	67546140	24
16	67563959	67549213	1
16	67570841	67571147	0
16	67616147	67614380	18
16	67620818	67621441	1
16	67645632	67645723	1
16	67648130	67648237	0
16	67648315	67648397	0
16	67648503	67648684	2
16	67648975	67649075	1
16	67649173	67649253	0
16	67649312	67649446	1
16	67649620	67649805	2
16	67649969	67650048	2
16	67650151	67651186	1
16	67651316	67651400	0
16	67651515	67651684	0
16	67651846	67651920	0
16	67652009	67652198	0
16	67656882	67657238	3
16	67657815	67657545	101
16	67657854	67657511	96
16	67657854	67657512	96
16	67657854	67657528	95
16	67657854	67657531	95
16	67657854	67657562	92
16	67657854	67657605	94
16	67658029	67657761	41
16	67658324	67657532	56
16	67658363	67657761	101
16	67658642	67657761	101
16	67658642	67657985	67
16	67658642	67658139	67
16	67658817	67658554	71
16	67659080	67658719	91
16	67659080	67658742	95
16	67659264	67658927	139
16	67659420	67659228	103
16	67659614	67658719	106
16	67659614	67659374	88
16	67659796	67657532	61
16	67659796	67658927	79
16	67659796	67659464	41
16	67659796	67659536	26
16	67659950	67659701	2
16	67660037	67659701	22
16	67660046	67659052	45
16	67660046	67659701	21
16	67660215	67659701	26
16	67660265	67659701	26
16	67660272	67657985	35
16	67660272	67659646	27
16	67660304	67659617	29
16	67663557	67662944	17
16	67663557	67662945	17
16	67663557	67662969	13
16	67663557	67663217	19
16	67663821	67663419	24
16	67663842	67663275	26
16	67664063	67663419	19
16	67664063	67663656	20
16	67664513	67663656	23
16	67665169	67663786	19
16	67665169	67663936	19
16	67666130	67664995	25
16	67666266	67664952	21
16	67666266	67664995	17
16	67666275	67663936	10
16	67667526	67667877	3
16	67668099	67668172	0
16	67668099	67668199	0
16	67677858	67675899	16
16	67685613	67677765	23
16	67685803	67674530	10
16	67685803	67674532	10
16	67685803	67680748	17
16	67685803	67683279	23
16	67719301	67680433	0
16	67719325	67684677	3
16	67719331	67685456	3
16	67719340	67685511	1
16	67719422	67685456	0
16	67727439	67723065	20
16	67727439	67723101	20
16	67727439	67726004	19
16	67727439	67726008	18
16	67727439	67726030	16
16	67731585	67729937	28
16	67735043	67731028	7
16	67735043	67731083	7
16	67735043	67731471	2
16	67738036	67734857	6
16	67738036	67734968	8
16	67738036	67735644	5
16	67739923	67738587	6
16	67744456	67734857	6
16	67744456	67738012	2
16	677560	677638	62
16	677700	677780	66
16	67772087	67734857	0
16	67772087	67738012	0
16	67805540	67738012	0
16	67825837	67825916	5
16	67826077	67826151	7
16	67827580	67827752	10
16	67828560	67828158	41
16	67828579	67828156	37
16	67828579	67828158	37
16	67828579	67828160	37
16	67828579	67828164	37
16	67828579	67828186	65
16	67828579	67828208	60
16	67828606	67828184	54
16	67828844	67828158	57
16	67828844	67828473	64
16	67828844	67828508	76
16	67829171	67828185	55
16	67830089	67829422	58
16	67830254	67829422	174
16	67830549	67829422	141
16	67830549	67829764	233
16	67830549	67829929	235
16	67830549	67829944	235
16	67831359	67829422	53
16	67831359	67829764	53
16	67831359	67829921	70
16	67831359	67830389	58
16	67831359	67830394	62
16	67831613	67829764	58
16	67831613	67830904	54
16	67831613	67831215	16
16	67831841	67831575	8
16	67831841	67831585	8
16	67831891	67829764	16
16	67831891	67831215	10
16	67831891	67831575	7
16	67832109	67831215	10
16	67832109	67831219	10
16	67832109	67831575	8
16	67832109	67831753	10
16	67832109	67831768	10
16	67832109	67831840	10
16	67832137	67831793	11
16	67832137	67831828	11
16	67832313	67832011	11
16	67832316	67832011	11
16	67832351	67832011	12
16	67832355	67832011	12
16	67832546	67829948	8
16	67832546	67832011	9
16	67832546	67832227	34
16	67833861	67832454	8
16	67833881	67832454	8
16	67833886	67832454	8
16	67833897	67832011	5
16	67833897	67832227	5
16	67833897	67832454	8
16	67833898	67832454	7
16	67833914	67832227	5
16	67833919	67832454	7
16	67833930	67832454	7
16	67833932	67832454	7
16	67833939	67832454	7
16	67833944	67832454	7
16	67833947	67832011	8
16	67834045	67832391	8
16	67834101	67832454	5
16	67834101	67832461	5
16	67834101	67832509	5
16	67834213	67833749	6
16	67835296	67833749	2
16	67835296	67833888	2
16	67835296	67833944	2
16	67835296	67833973	2
16	67835296	67834033	2
16	67835301	67833749	2
16	67835301	67833839	2
16	67835301	67833889	2
16	67835301	67833955	2
16	67835301	67833965	2
16	67835301	67834024	1
16	67835301	67834033	2
16	67835339	67833749	1
16	67835587	67835171	2
16	67835659	67833749	2
16	67835659	67834033	2
16	67835659	67835171	5
16	67835659	67835247	5
16	67843109	67835537	4
16	67843130	67835537	4
16	67843143	67835171	2
16	67843291	67835537	5
16	67843306	67835171	2
16	67843338	67835171	4
16	67846824	67835537	2
16	67847459	67835537	3
16	67847694	67835171	0
16	67847697	67835171	0
16	67847753	67835537	5
16	67847756	67835537	5
16	67847812	67835537	5
16	67868412	67868500	27
16	67877657	67877740	14
16	67877846	67878165	90
16	67881181	67881264	11
16	67881418	67881496	57
16	67881846	67881953	137
16	67882595	67882678	41
16	67882595	67883567	41
16	67882855	67884064	108
16	67882866	67882957	88
16	67883007	67883114	201
16	67883178	67883567	28
16	67883732	67883955	110
16	67884983	67885721	2
16	67885855	67885973	0
16	679030	678503	20
16	67929675	67927639	21
16	67930319	67929569	6
16	67930319	67929578	6
16	67930319	67929897	3
16	67930319	67930035	2
16	67930589	67929613	7
16	67930589	67929951	12
16	67930589	67930184	6
16	67930744	67930407	15
16	67930808	67930407	18
16	67930808	67930465	15
16	67931000	67930407	19
16	67931000	67930680	28
16	67931000	67930725	27
16	67931000	67930736	27
16	67931202	67930919	31
16	67931486	67930725	18
16	67931675	67930974	13
16	67931863	67930919	23
16	67932114	67930919	31
16	67932366	67930725	26
16	67934672	67930407	18
16	67934672	67930924	10
16	67934949	67934501	18
16	67934949	67934505	15
16	67934949	67934568	15
16	67935479	67930725	17
16	67935479	67934796	24
16	67935642	67935295	8
16	67935698	67934796	8
16	67935698	67935419	9
16	67935796	67935419	8
16	67935986	67935581	7
16	67936018	67935581	6
16	67936104	67935327	6
16	67936104	67935581	6
16	67936313	67935548	6
16	679367	678935	23
16	67940832	67939881	22
16	67942459	67941816	45
16	67942578	67941808	35
16	67942588	67939749	23
16	67942588	67940245	33
16	67942588	67940736	23
16	67942588	67941367	33
16	67942767	67942156	28
16	67942767	67942362	23
16	67942902	67942670	19
16	67942931	67942670	22
16	67942977	67939881	33
16	67942977	67942398	26
16	67942977	67942670	19
16	67943626	67942860	55
16	67944132	67942860	65
16	67944132	67943055	55
16	67945221	67943473	89
16	67945221	67944413	52
16	67945221	67944481	41
16	67945221	67944592	41
16	67945262	67944737	17
16	67945406	67945086	15
16	67945554	67944484	30
16	67945554	67945086	29
16	67945872	67944484	26
16	67945872	67945086	27
16	67945872	67945368	29
16	67945872	67945544	26
16	67947106	67946170	11
16	67947106	67946437	17
16	67947436	67946936	15
16	67947436	67947100	19
16	67948160	67947668	11
16	67949919	67948060	16
16	67950113	67948060	16
16	67950422	67949570	22
16	67950494	67949798	19
16	67950494	67949799	19
16	67950494	67949906	18
16	67950712	67950318	8
16	67950712	67950368	7
16	67951061	67950318	6
16	67951061	67950653	5
16	67951305	67950318	6
16	67951305	67950653	6
16	67951305	67950961	14
16	67951305	67950992	17
16	67951468	67950318	8
16	67951535	67950961	4
16	67951930	67950961	4
16	67952426	67951822	5
16	67954220	67952241	2
16	67954774	67952183	2
16	67954774	67952215	2
16	67957797	67954642	1
16	67958045	67957528	3
16	67958045	67957741	7
16	67968617	67952183	3
16	67976229	67975662	0
16	679778	679208	15
16	67978627	67978266	0
16	67979766	67978496	0
16	67980509	67978572	0
16	67987988	67987393	0
16	67987988	67987505	0
16	67988058	67987396	0
16	67989399	67987851	0
16	67990132	67989322	0
16	67990940	67990046	0
16	67990998	67990046	0
16	67990998	67990048	0
16	67991185	67990046	0
16	67991185	67990820	0
16	67991185	67990897	0
16	67991980	67991114	0
16	67992194	67991837	0
16	67992637	67992063	0
16	67992637	67992172	0
16	67993258	67991642	0
16	67993258	67992509	0
16	67993258	67992556	0
16	67993864	67992509	0
16	67994329	67992949	0
16	67999454	67992949	0
16	67999513	67992063	0
16	67999519	67992949	0
16	67999749	67992949	0
16	68000565	67991114	0
16	68000569	67992816	0
16	68000582	67992949	0
16	68003966	68002431	0
16	68015912	68013435	0
16	680685	681062	39
16	680685	681151	43
16	680685	681208	40
16	681881	682019	258
16	681881	682058	235
16	681881	682164	232
16	681904	682019	257
16	682077	682164	206
16	68221672	68212400	5
16	682282	682363	223
16	68230555	68229110	0
16	68230555	68229116	0
16	68230555	68229125	0
16	68230555	68229401	0
16	68232104	68231481	1
16	68232289	68231801	0
16	68232507	68231966	0
16	68232688	68232245	1
16	68232688	68232370	1
16	68232718	68232370	1
16	68232816	68232245	0
16	68232816	68232370	1
16	68232816	68232540	1
16	68232816	68232576	1
16	68233426	68232576	1
16	68233426	68232760	1
16	68233883	68233171	0
16	68233883	68233198	0
16	68233883	68233326	0
16	68233883	68233356	0
16	68234108	68233337	0
16	68234108	68233767	0
16	68234108	68233815	0
16	68234165	68233337	0
16	68234171	68233767	0
16	68235004	68233767	0
16	68237668	68236844	0
16	68238068	68235847	0
16	68238103	68235633	0
16	68255038	68255281	3
16	68255038	68255765	4
16	68255381	68255705	5
16	68255381	68255765	6
16	68255381	68255890	6
16	68258868	68256161	1
16	68259822	68256161	1
16	68260444	68259753	62
16	682689	682806	294
16	68274877	68275126	145
16	68290541	68291208	74
16	68291333	68291557	34
16	68297477	68298490	124
16	68302502	68298034	177
16	68302502	68298165	154
16	68302510	68284502	15
16	68304132	68302380	6
16	68304230	68301999	5
16	68304233	68302380	6
16	683088	681670	170
16	683088	681698	168
16	683088	681702	170
16	683088	682405	170
16	683088	682527	143
16	683088	682542	149
16	683088	682657	120
16	683088	682771	110
16	68310614	68303689	2
16	68310614	68304025	4
16	683107	682073	189
16	68310947	68304025	3
16	68315650	68315924	6
16	683235	681697	121
16	683235	682574	113
16	683235	682657	116
16	683235	682952	90
16	683235	682957	90
16	68324256	68324806	12
16	683442	683166	58
16	683442	683184	58
16	683587	683166	50
16	683599	683166	53
16	683599	683321	49
16	683599	683342	47
16	683601	683321	49
16	68361709	68361126	2
16	68361760	68358324	6
16	68361760	68361133	3
16	68363560	68360537	1
16	68363560	68361602	1
16	68363694	68361298	2
16	68363867	68363495	1
16	68364907	68363495	0
16	68364907	68363741	0
16	68364907	68363776	0
16	68364907	68363800	0
16	68364907	68364413	0
16	68365093	68364579	0
16	68365093	68364750	0
16	68371006	68365016	0
16	68371010	68367451	0
16	68371032	68365016	0
16	68371081	68368854	1
16	68372259	68365016	0
16	68372388	68365016	0
16	68372388	68370973	0
16	683782	683321	40
16	683782	683529	40
16	68382202	68372291	0
16	68386660	68370858	0
16	683910	683321	40
16	683910	683529	41
16	684156	683354	56
16	68448493	68371900	0
16	685177	684621	21
16	685177	684632	21
16	685177	684733	11
16	685598	684991	14
16	685784	685256	14
16	685784	685449	13
16	68589513	68573781	0
16	68645425	68645635	0
16	68646169	68644247	0
16	68813496	68813499	0
16	68815660	68814329	0
16	68823527	68815575	0
16	68948262	68927546	0
16	689643	687960	16
16	689651	692304	16
16	690086	689141	44
16	690248	687826	38
16	69026644	69025859	0
16	690401	687561	21
16	690445	689976	33
16	69120209	69118121	164
16	69120623	69118318	138
16	69121171	69118009	106
16	69121171	69118133	131
16	69121171	69119810	41
16	69121171	69120026	20
16	69121171	69120106	23
16	69121493	69121052	13
16	69121494	69119952	30
16	69121494	69120295	15
16	69121494	69120460	15
16	69121494	69121052	13
16	69132573	69120004	25
16	69132574	69121052	19
16	69165527	69167074	18
16	69320290	69320687	3
16	69320770	69321050	17
16	69321271	69321977	48
16	69321271	69322559	38
16	69328667	69320139	64
16	69330596	69328620	16
16	69331096	69326912	49
16	69331096	69328620	15
16	69332883	69330812	5
16	69334872	69328643	10
16	69335349	69321990	20
16	69335349	69332595	13
16	69335349	69332713	7
16	69336713	69334520	3
16	69336713	69335090	12
16	69336713	69335214	8
16	69336713	69335275	5
16	69336713	69335300	5
16	69336713	69335325	3
16	69339494	69336504	3
16	69339584	69336504	3
16	69339624	69336504	3
16	69339668	69336504	3
16	69339886	69340005	7
16	69340093	69340193	11
16	69347937	69336504	3
16	69347937	69343247	12
16	69348410	69343488	4
16	69349652	69336504	3
16	69356307	69336504	5
16	69357562	69355560	14
16	69361472	69356333	3
16	69361490	69357517	1
16	69366985	69361351	24
16	69367200	69361403	15
16	69368483	69364966	22
16	69368483	69366806	2
16	69368483	69366934	1
16	69368483	69366946	1
16	69368483	69367048	1
16	69368596	69367080	2
16	69368596	69368375	5
16	69370630	69368375	4
16	69370630	69368507	7
16	69370630	69368586	7
16	69372283	69370482	5
16	69372356	69370210	5
16	69372356	69370482	5
16	69372356	69370533	5
16	69384651	69368375	7
16	69384711	69372268	4
16	69384748	69372268	4
16	69444291	69443239	1
16	694698	692497	1
16	694698	692499	1
16	694698	692506	1
16	694698	692926	0
16	695077	694633	0
16	695077	694657	0
16	695533	694633	3
16	69710102	69710236	419
16	69711282	69706995	122
16	69713130	69709400	108
16	69713130	69710726	106
16	69713130	69710961	100
16	69713130	69711074	108
16	69715078	69709400	68
16	69718254	69709400	38
16	69718254	69710781	111
16	69718254	69713027	109
16	69718254	69714963	116
16	69718535	69717992	47
16	69718535	69718122	27
16	69745018	69741866	8
16	69745018	69742575	7
16	69748330	69744872	16
16	69748330	69744902	15
16	69749119	69748231	12
16	69749339	69748231	13
16	69749339	69748747	13
16	69749339	69748917	8
16	69749339	69748950	17
16	69749631	69749212	2
16	69749631	69749309	2
16	69754793	69749052	2
16	69931581	69931801	49
16	69951491	69952034	0
16	69960466	69960844	7
16	69960952	69961585	2
16	69961716	69961987	0
16	69978004	69976296	42
16	69978113	69976351	30
16	69978113	69976387	28
16	69978113	69976810	39
16	69978113	69977605	25
16	69978283	69977464	25
16	69978283	69978076	2
16	69982495	69978076	8
16	69996189	69986380	9
16	69996227	69990596	6
16	69996227	69993019	6
16	69996469	69996013	1
16	69996469	69996068	0
16	69996469	69996163	0
16	70010857	69996389	0
16	70011930	70010750	1
16	70018098	70014103	0
16	70018423	69996389	0
16	70021931	70018046	0
16	70021950	70017916	0
16	70021950	70018046	0
16	70031067	70024585	0
16	70036579	70034170	0
16	70036579	70035637	0
16	70038986	70036431	0
16	70038986	70036446	0
16	70039101	70036431	0
16	70042417	70036431	0
16	70064777	70042929	0
16	70064777	70063054	0
16	70065777	70042929	0
16	70065819	70042929	0
16	70065821	70042929	0
16	70065854	70042929	0
16	70065946	70042929	0
16	70065949	70042929	0
16	70128866	70128958	43
16	70145834	70146133	3
16	70158890	70156339	216
16	70160312	70158956	306
16	70160942	70160171	277
16	70161894	70160734	253
16	70173420	70158804	0
16	70173449	70161443	0
16	70174403	70174946	0
16	70183374	70183752	8
16	70183860	70184493	1
16	70184624	70184895	0
16	70219992	70219580	8
16	70220881	70219573	2
16	70220881	70219869	1
16	70220881	70219911	0
16	70229893	70227106	3
16	70231159	70229733	2
16	70231159	70229803	2
16	70253382	70252294	46
16	70253801	70253267	45
16	70254039	70253455	14
16	70254039	70253713	13
16	70254735	70253918	9
16	70254735	70254389	9
16	70255837	70254620	31
16	70258216	70255727	28
16	70258218	70255727	28
16	70259187	70255734	17
16	70259187	70258032	10
16	70261158	70258979	4
16	70261158	70259035	6
16	70261414	70259023	5
16	70262485	70261043	2
16	70262525	70261043	2
16	70264986	70262345	1
16	70265103	70262345	1
16	70265516	70262472	3
16	70265663	70261043	1
16	70276632	70271780	0
16	70317374	70315639	0
16	70333961	70317255	3
16	70342100	70333782	3
16	70342100	70333819	1
16	70364646	70365016	35
16	70365132	70365932	21
16	70365132	70366084	31
16	70366263	70366623	6
16	70366432	70349084	1
16	70368169	70366070	5
16	70370386	70371371	42
16	70371539	70371304	66
16	70372167	70371454	90
16	70382925	70375977	29
16	70382925	70379434	42
16	70382925	70381573	0
16	70399534	70394981	0
16	70400639	70394981	5
16	70401095	70399449	15
16	70423074	70399082	2
16	70439089	70398191	0
16	70439238	70398918	0
16	70466955	70467373	31
16	70467472	70467885	16
16	70478651	70478796	22
16	70478651	70479179	39
16	70481488	70480567	35
16	70481488	70480568	35
16	70481488	70480570	35
16	70481488	70480571	35
16	70481488	70480573	35
16	70481488	70480577	35
16	70481488	70480866	35
16	70482795	70481763	6
16	70482822	70482091	6
16	70483970	70482379	3
16	70483970	70482728	9
16	70498056	70497220	2
16	70501092	70497936	4
16	70501598	70497972	2
16	70510022	70508405	3
16	70510022	70509230	0
16	70512433	70509871	0
16	70512433	70509915	0
16	70514510	70512238	21
16	70514510	70512266	26
16	70514510	70512272	24
16	70514510	70512318	22
16	70514510	70512373	27
16	70576349	70577317	49
16	70664764	70661203	156
16	70664764	70663676	228
16	70665097	70664597	8
16	70665541	70664919	12
16	70674529	70665465	2
16	70676979	70674305	2
16	70676979	70674319	3
16	70677900	70676880	2
16	70677900	70676948	2
16	70692972	70687438	13
16	70692972	70687440	13
16	70692972	70687441	13
16	70692972	70688039	54
16	70692972	70688042	54
16	70695594	70687438	2
16	70697174	70695543	3
16	70697258	70695543	2
16	70698812	70695543	2
16	70698812	70696889	1
16	70698812	70697138	2
16	70731628	70698636	2
16	70731628	70731274	0
16	70744580	70731307	0
16	70744580	70731494	0
16	70744581	70731494	0
16	70744639	70731494	0
16	70762606	70744422	0
16	70768944	70771607	0
16	70772173	70762880	0
16	70780940	70772108	1
16	70782004	70780789	0
16	70782004	70780797	0
16	70784839	70762880	0
16	70810008	70807377	0
16	70810008	70807494	0
16	70818494	70817110	0
16	70818573	70809782	0
16	70818573	70811311	0
16	70855276	70850447	0
16	70857871	70855127	0
16	70860207	70857704	0
16	70860207	70857716	0
16	70894549	70892360	0
16	70896081	70893535	0
16	70896081	70894448	0
16	70941820	70938613	0
16	70943950	70941635	0
16	70955549	70941386	0
16	70955549	70941635	0
16	70959821	70955374	0
16	70962016	70959323	0
16	70962139	70959646	0
16	70985323	70981390	0
16	70988134	70985056	0
16	70988134	70985184	0
16	71018443	70992069	0
16	71020318	71018128	0
16	71020318	71018383	0
16	71025527	71020173	0
16	71027876	71020173	0
16	71027876	71025382	0
16	71027876	71025479	0
16	71031918	71020173	0
16	71031918	71027109	0
16	71031918	71027601	0
16	71060587	71031678	0
16	71060657	71031410	0
16	71060657	71031411	0
16	71060657	71031416	0
16	71060657	71031466	0
16	71060657	71031678	0
16	71066934	71064704	0
16	71067391	71064704	0
16	71067391	71066579	0
16	71067391	71066782	0
16	71069446	71067289	0
16	71069503	71066476	0
16	71069503	71067289	0
16	71075989	71069266	0
16	71079953	71069266	0
16	71079953	71069351	0
16	71093936	71088300	0
16	71115796	71093816	0
16	711278	710745	6
16	71137353	71129639	0
16	71137353	71131362	0
16	71137353	71133004	0
16	71152784	71137150	0
16	71152784	71137348	0
16	71152892	71137150	0
16	71186799	71184864	0
16	71186919	71184864	0
16	71204058	71186776	0
16	71204058	71186786	0
16	71230690	71186760	0
16	71230702	71186760	0
16	71230715	71186760	0
16	71230723	71186760	0
16	71288697	71285604	28
16	71288746	71285444	28
16	71288938	71281388	22
16	71288938	71282299	39
16	71288938	71285441	38
16	71289415	71285523	27
16	71289428	71285649	31
16	71289430	71286459	29
16	71289540	71288877	21
16	71289610	71288877	23
16	71289716	71288877	11
16	71414996	71410439	0
16	71426465	71414864	0
16	71430742	71430261	0
16	71443857	71443054	0
16	71450716	71447596	4
16	71450716	71447618	4
16	71453351	71447596	5
16	71453351	71447599	5
16	71453351	71447614	5
16	71453351	71448092	5
16	71453351	71449656	5
16	71453351	71450589	3
16	71453974	71447596	3
16	71454076	71453242	7
16	71454169	71453242	9
16	71454219	71453242	8
16	71454219	71453302	9
16	71454219	71453303	9
16	71456122	71453242	12
16	71456829	71447635	2
16	71456829	71453242	13
16	71456829	71454041	7
16	71456829	71456071	11
16	71462005	71456781	6
16	71462215	71456763	3
16	71462246	71456763	3
16	71462247	71456763	3
16	71462253	71456763	3
16	71462371	71456763	5
16	71462760	71456763	3
16	71463149	71456763	2
16	71463293	71463932	0
16	71463649	71456763	2
16	71463649	71462209	0
16	71478342	71463545	0
16	71478342	71464554	0
16	71478342	71473582	1
16	71478342	71474378	0
16	71478342	71474383	0
16	71478342	71474748	0
16	71478342	71474809	0
16	71478342	71476162	0
16	71478342	71476193	0
16	71478508	71478227	0
16	71479000	71477885	0
16	71479006	71478227	0
16	71479006	71478282	0
16	71479006	71478434	0
16	71479101	71478227	0
16	71482137	71478878	1
16	71482144	71478219	1
16	71482144	71478227	1
16	71482144	71478878	1
16	71482144	71478969	1
16	71482323	71482081	1
16	71484611	71482081	0
16	71484614	71482081	0
16	71484615	71482081	0
16	71484619	71478878	0
16	71484749	71478227	0
16	71484749	71478878	0
16	71484749	71482081	1
16	71484749	71482099	1
16	71487111	71484588	0
16	71487411	71484588	0
16	71489277	71484588	0
16	71489312	71484588	0
16	71489315	71484588	0
16	71489339	71484588	0
16	71495019	71484588	0
16	71495019	71484620	0
16	71541826	71539833	0
16	71546334	71484588	0
16	71546334	71514003	0
16	71546336	71494953	0
16	71564941	71546276	0
16	71565090	71546201	0
16	71565922	71566050	0
16	71568810	71565659	0
16	71569935	71567988	0
16	71569938	71568710	0
16	71572689	71572185	0
16	71576027	71573538	0
16	71576428	71575077	0
16	71576428	71575921	0
16	71577093	71575402	0
16	71577093	71576180	0
16	71577131	71576180	0
16	71626817	71623707	0
16	71641041	71637834	1
16	71641041	71637835	1
16	71644856	71640521	0
16	71653022	71640521	3
16	71653022	71644750	9
16	71653022	71644923	8
16	71653022	71644927	8
16	71653022	71648169	4
16	71663972	71658652	0
16	71664100	71658652	0
16	71667334	71658652	1
16	71667334	71663898	0
16	71676650	71672261	1
16	71678986	71676446	0
16	71679536	71676587	4
16	71679536	71678754	4
16	71679536	71678922	4
16	716993	717070	185
16	71702732	71690518	0
16	717136	717423	176
16	71723813	71714511	0
16	71723883	71714511	0
16	71724702	71714511	0
16	71734600	71732384	15
16	71734708	71728999	10
16	71734708	71731882	13
16	71734708	71732384	18
16	71739103	71734608	5
16	71739342	71738941	7
16	71745271	71739233	3
16	71745271	71742281	4
16	71748379	71746587	2
16	71749984	71748250	0
16	71749984	71748267	0
16	71750333	71749893	3
16	71750333	71749918	1
16	71750481	71749893	8
16	71751338	71750209	13
16	71753888	71750209	6
16	71756056	71753569	0
16	71756160	71753832	0
16	71756325	71750209	0
16	71758922	71756018	2
16	71761568	71758807	0
16	71761568	71758896	0
16	71764449	71755964	0
16	71764449	71758807	0
16	71771200	71769618	0
16	71771253	71765488	0
16	71771253	71769618	0
16	71771253	71769622	0
16	71773054	71771155	0
16	71773363	71771139	0
16	71773363	71771155	0
16	71773363	71771159	0
16	71773363	71772959	0
16	71774593	71773220	0
16	71774593	71773254	0
16	71774593	71773269	0
16	71789481	71774536	0
16	71789483	71774331	1
16	71789483	71774467	0
16	71789483	71774518	0
16	71806729	71789278	0
16	71806729	71789322	0
16	71806729	71789399	0
16	71807839	71789319	0
16	71808151	71789278	2
16	71808151	71806685	1
16	71808151	71807800	2
16	71808295	71789278	2
16	71808494	71789278	0
16	71808672	71807906	4
16	71808678	71789278	0
16	71808678	71807800	2
16	71808678	71808014	4
16	71808814	71789278	0
16	71808814	71807800	4
16	71808814	71808014	5
16	71808833	71789278	0
16	71808983	71789278	0
16	71809151	71808014	5
16	71809202	71789278	0
16	71861943	71859679	0
16	71861943	71859684	0
16	71861943	71859806	1
16	71861943	71859986	0
16	71861943	71860046	0
16	71861943	71860378	1
16	71861943	71860492	1
16	71861943	71860597	1
16	71864236	71859775	2
16	71864243	71859679	0
16	71864243	71860300	0
16	71864243	71861775	0
16	71864243	71861778	0
16	71865049	71864137	0
16	71868038	71864137	2
16	71868038	71864138	2
16	71868038	71864753	2
16	71868038	71864898	2
16	71868038	71864902	2
16	71880024	71864137	0
16	71880024	71864902	0
16	71880024	71867892	0
16	71880024	71867911	0
16	71880066	71864902	0
16	71880477	71879906	0
16	71881435	71879906	0
16	71882274	71881552	0
16	71883274	71879876	0
16	71883274	71879906	0
16	71883274	71880007	0
16	71883274	71881316	0
16	71883276	71881316	0
16	71883488	71883210	3
16	71883510	71879906	0
16	71883542	71879906	0
16	71883586	71883210	3
16	71884126	71883210	0
16	71884138	71883210	0
16	71884154	71883210	0
16	71884159	71883210	0
16	71884162	71883210	0
16	71884173	71883210	0
16	71884191	71883210	0
16	71884205	71883210	0
16	71884642	71883210	0
16	71884810	71883210	0
16	71895337	71883210	0
16	71930184	71929537	3
16	71933522	71930051	0
16	71993333	71990279	0
16	72004804	72004238	0
16	72015859	72017023	12
16	72054658	72056160	0
16	72056244	72056529	0
16	72076351	72076955	0
16	72089139	72044288	0
16	72089139	72084852	14
16	72089139	72084858	14
16	72089139	72086396	15
16	72089139	72086714	19
16	72090178	72088986	2
16	72090787	72088986	3
16	72099046	72099203	23
16	72104132	72104485	85
16	72108383	72108472	32
16	72108608	72108799	13
16	72112530	72112624	353
16	72120090	72119096	0
16	72120150	72119099	0
16	72120150	72119100	0
16	72122989	72112156	0
16	72122989	72119096	0
16	72122989	72119850	0
16	72124935	72123545	0
16	72125406	72124766	0
16	72125406	72124919	0
16	721437	721597	122
16	72150830	72140411	0
16	72154460	72150607	0
16	72154460	72150773	0
16	72164487	72154210	0
16	72164487	72154306	0
16	72164917	72154210	0
16	72164917	72154293	0
16	72164917	72154420	0
16	72164917	72164370	0
16	72171269	72164763	0
16	72171269	72164785	0
16	72171272	72164763	0
16	721942	722083	96
16	721942	722308	106
16	722084	722308	103
16	722135	722308	103
16	72225145	72224564	0
16	72284761	72283300	5
16	723019	722581	54
16	723023	722581	57
16	723023	722587	58
16	723162	722581	81
16	723162	722624	77
16	723162	722921	118
16	723937	722587	80
16	723937	722921	80
16	723937	723094	87
16	724206	723856	41
16	72427458	72368652	0
16	724510	724105	99
16	724636	724105	88
16	72479791	72425484	0
16	724807	724105	92
16	724807	724321	104
16	72491967	72479750	0
16	724990	724321	109
16	724990	724549	121
16	724990	724680	127
16	725146	724321	109
16	725146	724910	120
16	725146	724926	120
16	72522624	72427389	0
16	72523416	72491903	0
16	72523416	72522137	0
16	72523416	72522552	0
16	725275	725077	88
16	725294	724321	109
16	725294	724541	101
16	725294	724910	100
16	725294	725000	96
16	725294	725077	88
16	72540612	72523331	0
16	72555327	72523331	0
16	725581	722581	111
16	725581	724906	111
16	725581	724910	111
16	725581	725077	102
16	725581	725236	111
16	725592	724983	104
16	72570516	72555264	0
16	72570516	72561972	0
16	725881	722582	79
16	725881	722921	74
16	725881	725122	110
16	725881	725236	102
16	726086	724105	100
16	72617235	72570434	0
16	72617235	72570450	0
16	72617235	72570480	0
16	72622	63586	58
16	72632	64898	50
16	72664948	72570434	0
16	72665005	72479682	0
16	72665010	72570434	0
16	727615	727964	160
16	727680	727964	159
16	72798715	72782884	4
16	728030	728115	150
16	72811778	72800026	1
16	728234	728315	196
16	728234	728793	167
16	72829860	72811904	0
16	728425	728503	157
16	728605	728793	60
16	728896	729008	3
16	72889835	72829508	0
16	72889963	72829778	0
16	729089	729287	202
16	73048376	72957426	0
16	73059013	72957426	0
16	73059223	73058880	5
16	73059699	72950468	0
16	73083429	73081243	0
16	73093212	73093463	3
16	73093599	73058529	0
16	73093599	73083296	1
16	73094547	73093234	0
16	731001	729752	77
16	731001	729759	77
16	731001	729765	77
16	731001	729808	77
16	731001	730104	77
16	731001	730201	77
16	73131095	73093234	0
16	73131095	73126636	0
16	73143832	73130967	0
16	732374	731564	45
16	73257137	73143751	0
16	732901	729770	52
16	732901	731564	55
16	73318337	73257046	0
16	733335	730842	63
16	733428	732300	68
16	733428	732331	69
16	734239	733297	102
16	734348	733297	79
16	73456259	73318239	0
16	734872	733840	76
16	734872	734077	75
16	734872	734228	71
16	734872	734283	72
16	736371	734736	8
16	736399	734714	10
16	736399	734736	10
16	736399	734770	10
16	736399	734844	10
16	73680241	73456002	0
16	73680241	73608655	0
16	737330	733701	4
16	737330	734736	4
16	737330	736264	2
16	737330	736265	2
16	737330	736367	2
16	737465	736265	2
16	737696	737185	7
16	737753	737185	7
16	737756	737185	7
16	737890	736265	3
16	73891751	73679503	0
16	73891753	73680179	0
16	73891872	73680179	0
16	73948692	73943077	0
16	73952630	73948810	0
16	739739	736993	2
16	739739	737185	5
16	739739	737497	4
16	739739	737980	3
16	73994716	73948810	0
16	73998966	73996800	0
16	740104	739642	4
16	74016622	74006603	0
16	74019972	74016326	0
16	740935	737185	3
16	740989	739539	1
16	740998	739317	3
16	740998	739642	3
16	740998	739705	4
16	741003	739642	3
16	741016	739642	3
16	74114487	73952492	0
16	741330	739642	3
16	74133683	73948582	0
16	74181936	74114872	0
16	74206166	74016429	0
16	74206166	74054150	0
16	74206166	74103085	0
16	74206166	74133640	0
16	74206166	74161278	0
16	74206166	74192391	0
16	74210506	74205904	0
16	74216003	74205904	0
16	74230887	74215965	0
16	74271819	74215833	0
16	74295330	74275193	0
16	74296534	74205904	0
16	74296752	74205904	0
16	74296757	74281400	0
16	74296763	74206094	0
16	74306332	74305126	253
16	74306422	74305255	182
16	74310308	74305201	60
16	74313391	74312608	42
16	74332614	74306254	40
16	74334987	74332401	5
16	74334987	74332566	4
16	74335347	74310099	26
16	74336707	74334891	2
16	74338579	74337474	2
16	74338661	74337474	0
16	74338895	74337474	0
16	74338895	74338444	0
16	74342255	74337943	0
16	74342255	74338738	0
16	74368149	74367034	6
16	74368162	74360632	9
16	74368241	74360632	13
16	74409642	74408269	1
16	74409642	74408630	1
16	74409642	74408632	1
16	74411776	74410904	4
16	74412172	74411668	8
16	74412247	74411352	6
16	74412247	74411668	5
16	74412247	74412153	6
16	74412462	74411886	4
16	74412800	74412153	1
16	74412881	74412153	1
16	74412881	74412172	1
16	74453335	74447426	40
16	74453335	74452026	123
16	74456756	74451958	2
16	74456756	74452789	4
16	74456756	74453170	2
16	74456756	74453188	2
16	74462196	74459681	8
16	74462631	74461783	6
16	74462631	74462093	6
16	74463480	74461488	2
16	74465814	74462487	4
16	74465814	74463355	6
16	74467849	74465675	2
16	74468406	74465675	4
16	74469064	74467755	6
16	74469064	74467758	6
16	74470074	74468945	5
16	74471287	74468253	2
16	74471287	74469984	0
16	74472635	74472348	9
16	74472951	74471172	2
16	74474633	74472348	2
16	74474633	74472525	5
16	74474633	74472589	6
16	74477534	74474171	1
16	74477534	74474545	0
16	74496645	74480240	0
16	74496645	74494759	0
16	74503747	74496440	0
16	74503747	74496599	1
16	74503747	74496628	1
16	74508926	74503530	0
16	74508926	74503735	0
16	74563326	74532120	0
16	74606828	74532120	0
16	74607095	74532120	0
16	74607099	74532120	0
16	74607106	74532120	0
16	74607113	74508838	0
16	74607115	74532120	0
16	74607145	74532120	0
16	74613222	74612595	0
16	74626555	74621393	2
16	74626555	74623428	3
16	74628667	74626342	10
16	74630958	74628451	11
16	74630958	74628507	13
16	74637971	74636345	3
16	74644454	74637855	9
16	74644454	74637875	9
16	74644638	74643978	11
16	74644736	74644361	13
16	74649203	74644540	6
16	74649203	74644619	6
16	74649244	74644540	6
16	74661452	74651919	10
16	74664746	74651919	7
16	74664746	74660779	10
16	74664746	74660931	15
16	74664746	74660997	18
16	74664746	74661081	21
16	74664746	74661100	21
16	74665281	74664689	2
16	74666538	74664623	2
16	74666833	74664334	1
16	74666833	74664623	1
16	74666860	74664623	1
16	74666870	74660599	7
16	74666871	74664623	1
16	74666875	74664689	1
16	74666882	74660931	6
16	74675101	74671854	10
16	74675101	74671856	10
16	74675101	74671860	10
16	74675101	74672352	7
16	74675405	74671856	3
16	74675765	74675354	5
16	74676426	74675617	19
16	74677052	74674959	20
16	74678414	74674959	24
16	74678949	74675323	16
16	74678981	74675612	19
16	74691464	74685485	1
16	74691470	74685485	1
16	74692417	74675323	4
16	74692417	74691276	19
16	74692417	74691364	21
16	74695760	74692341	0
16	74700543	74695297	0
16	74700791	74695297	0
16	74700810	74695511	1
16	74700915	74695297	0
16	74716600	74712954	0
16	74716600	74713597	0
16	74717107	74712954	0
16	74719161	74716346	0
16	74726332	74718987	0
16	74726332	74718998	0
16	74727387	74726224	0
16	74740116	74718987	0
16	74885796	74871366	2
16	74885796	74874394	1
16	74885796	74874425	1
16	74886236	74874078	0
16	74888320	74887682	3
16	74889816	74888168	2
16	74889816	74888210	2
16	74889816	74888243	3
16	74892566	74887682	2
16	74892566	74889659	4
16	74892566	74889702	3
16	74892566	74889722	3
16	74893813	74892483	0
16	74893941	74892483	0
16	74899755	74893678	0
16	74904021	74893678	1
16	74904101	74893678	1
16	74904101	74893706	1
16	74904158	74893678	1
16	74904347	74893678	0
16	74908978	74903946	4
16	74909607	74903946	6
16	74909658	74908732	2
16	74909658	74908907	3
16	74909736	74908907	3
16	74909918	74909500	67
16	74909918	74909524	62
16	74912236	74909821	55
16	74912363	74909746	47
16	74912363	74909821	51
16	74915968	74915459	3
16	74915995	74912004	4
16	74915995	74912197	6
16	74916038	74912197	7
16	74916161	74912117	3
16	74916260	74915679	8
16	74916260	74915869	3
16	74924004	74921946	2
16	74930793	74923925	1
16	74938267	74923925	1
16	74938267	74923949	1
16	74942827	74938149	0
16	74948557	74938149	0
16	74948557	74938250	0
16	74948557	74942737	0
16	74948557	74942739	0
16	74951544	74949717	0
16	74951544	74949851	0
16	74956611	74951457	4
16	74959593	74956483	0
16	74965811	74956474	1
16	74965823	74956474	1
16	74965823	74959349	0
16	74965823	74962819	0
16	75104890	75106481	7
16	75104890	75107732	6
16	75106572	75107732	15
16	75106572	75107837	14
16	75110713	75108600	2
16	75112714	75111859	0
16	75112714	75111895	0
16	75112714	75111899	0
16	75114686	75113741	0
16	75114686	75113965	0
16	75114969	75114525	0
16	75115340	75114503	0
16	75204907	75204095	0
16	75204907	75204102	0
16	75204907	75204105	0
16	75204907	75204276	0
16	75205514	75204102	0
16	75205514	75204136	0
16	75226393	75226646	0
16	75226403	75226492	0
16	75226726	75226819	0
16	75226998	75227090	1
16	75233936	75228186	3
16	75233936	75229029	7
16	75233936	75229030	7
16	75233936	75229036	7
16	75233936	75229061	7
16	75233936	75229102	7
16	75233936	75229158	6
16	75233936	75229452	7
16	75233936	75229454	7
16	75233936	75229510	7
16	75235987	75233845	82
16	75236504	75233845	56
16	75236999	75234888	39
16	75237345	75234888	52
16	75237345	75235667	58
16	75237345	75236827	15
16	75237345	75236881	18
16	75237432	75236695	49
16	75242703	75237182	41
16	75243091	75237182	37
16	75248241	75242469	7
16	75248944	75242631	8
16	75249967	75242864	7
16	75250105	75243054	7
16	75250948	75242775	3
16	75251483	75242469	6
16	75251610	75242469	10
16	75251881	75242614	9
16	75252399	75242913	4
16	75256281	75242655	3
16	75264417	75242610	4
16	75264602	75242469	5
16	75265216	75242469	6
16	75265949	75252234	3
16	75266008	75242469	1
16	75266008	75264350	1
16	75266383	75242839	1
16	75266782	75242469	1
16	75268054	75242469	2
16	75301906	75293907	1
16	75305183	75293697	3
16	75305183	75293709	3
16	75305183	75293905	2
16	75325049	75321889	0
16	75363036	75305023	0
16	75381261	75379817	2
16	75391509	75372290	1
16	75395120	75372203	2
16	75395137	75391379	2
16	75395210	75305023	0
16	75395212	75391281	0
16	75411953	75394681	0
16	75411953	75395089	0
16	75411953	75395134	0
16	75411953	75406571	0
16	75412755	75411824	0
16	75414696	75412534	0
16	75414696	75412683	0
16	75414696	75412703	0
16	75419194	75414632	0
16	75433462	75414577	0
16	75433471	75414577	0
16	75433474	75412534	0
16	75433486	75414577	0
16	75447689	75443247	31
16	75451838	75447201	20
16	75451840	75414577	0
16	75451840	75443053	21
16	75451840	75445713	21
16	75451840	75445982	23
16	75451840	75447018	24
16	75451840	75447309	24
16	75452698	75451668	7
16	75460018	75458251	2
16	75464417	75451668	3
16	75464553	75412702	19
16	75464553	75414577	0
16	75464673	75451435	6
16	75464690	75451737	4
16	75464699	75451668	3
16	75464707	75451737	4
16	75464738	75451737	3
16	75465498	75452638	0
16	75479845	75473180	9
16	75479845	75473360	16
16	75481892	75472051	0
16	75481892	75473127	1
16	75481892	75478451	2
16	75481892	75478532	0
16	75481982	75478083	2
16	75495309	75481816	3
16	75495385	75490613	1
16	75495408	75481816	1
16	75495446	75481816	1
16	75500426	75499787	0
16	75504825	75502535	0
16	75505284	75504680	4
16	75505376	75504657	5
16	75531641	75528531	6
16	75531641	75530104	3
16	75533184	75528534	2
16	75533184	75531575	0
16	75541456	75536743	7
16	75541456	75538135	11
16	75541456	75538150	11
16	75541456	75539753	11
16	75541456	75540008	8
16	75541456	75540120	11
16	75542045	75538349	9
16	75542684	75533088	8
16	75542684	75541349	7
16	75542684	75541373	8
16	75542684	75541398	10
16	75546078	75545351	6
16	75555272	75545825	1
16	75555974	75542554	3
16	75555974	75545351	2
16	75555974	75545825	2
16	75555974	75545863	2
16	75556234	75555803	8
16	75556239	75545825	3
16	75556241	75555803	7
16	75556246	75555803	7
16	75556263	75545976	1
16	75556269	75555803	4
16	75556287	75555803	5
16	75602004	75599876	28
16	75603135	75596980	26
16	75603172	75555803	6
16	75603172	75598132	39
16	75603172	75599099	27
16	75603172	75600001	24
16	75612862	75608842	1
16	75617273	75612242	0
16	75617273	75612787	0
16	75617273	75612803	0
16	75618641	75617141	0
16	75618641	75617224	0
16	75618641	75617236	0
16	75618699	75617141	0
16	75620335	75617141	0
16	75620821	75620265	0
16	75622465	75620630	0
16	75622465	75620768	3
16	75622467	75620630	0
16	75622784	75620630	0
16	75623282	75620630	0
16	75628713	75627473	7
16	75628713	75627723	4
16	75628713	75627769	4
16	75629010	75627845	10
16	75631856	75631415	29
16	75634293	75631692	24
16	75634293	75631721	29
16	75635806	75633970	9
16	75635806	75634172	9
16	75635806	75634240	10
16	75636074	75635323	19
16	75636099	75635679	23
16	75636099	75635698	23
16	75636099	75635790	17
16	75640350	75636453	0
16	75641603	75639781	0
16	75641724	75635911	1
16	75641724	75636453	1
16	75641724	75640183	0
16	75644463	75627757	1
16	75669557	75660226	0
16	75696116	75693928	0
16	75700170	75696837	0
16	75718459	75714223	0
16	75839996	75838835	0
16	75839999	75838772	0
16	75851623	75838629	0
16	760822	761072	0
16	760822	761132	0
16	76108343	76107282	0
16	76140404	76108235	0
16	76147807	76136121	0
16	7614993	7614229	0
16	76231446	76228384	0
16	76262366	76231316	0
16	76342	64551	33
16	76356	64898	9
16	768566	768647	1
16	768566	768677	1
16	770291	769427	5
16	770672	770028	4
16	77191225	77191475	11
16	77191259	77191475	12
16	77191261	77191475	12
16	77249958	77201473	0
16	77289360	77247812	0
16	77289412	77282127	0
16	77291479	77289263	0
16	77300405	77297288	0
16	77320094	77300038	0
16	77320094	77300262	0
16	77356078	77353732	0
16	77359424	77355939	0
16	77359424	77355950	0
16	77364382	77363801	0
16	77367670	77364351	0
16	77367724	77364187	0
16	77378980	77367609	0
16	77431588	77367436	0
16	77431612	77364187	0
16	77431612	77367436	0
16	77431612	77367440	0
16	77431612	77367482	0
16	77431612	77367570	0
16	77431634	77367436	0
16	774329	773128	4
16	774505	774186	11
16	774505	774187	11
16	77743001	77741467	0
16	78059455	78014682	0
16	78238189	78237361	0
16	78503799	78495925	0
16	786929	784973	70
16	786929	784990	73
16	786929	785013	99
16	786929	785967	72
16	786929	785982	69
16	786929	786148	80
16	787180	786193	76
16	787180	786825	36
16	787180	786826	36
16	787180	786840	35
16	787478	786826	71
16	789126	789209	94
16	789126	789216	94
16	789361	789546	1
16	789363	789548	1
16	7894396	7888488	0
16	790082	790176	0
16	790667	791160	166
16	790672	791160	173
16	79078235	79077375	0
16	791371	791850	235
16	791371	792223	241
16	791949	792223	213
16	79210611	79208492	0
16	79229454	79212710	0
16	79599903	79585842	4
16	79600715	79593837	24
16	79740238	79721311	0
16	79751277	79715231	0
16	79751277	79740146	0
16	79757716	79751213	0
16	79757716	79753385	0
16	79769223	79750691	0
16	79769223	79751213	0
16	79798691	79798831	0
16	79827151	79798049	0
16	799112	798040	68
16	800734	798979	80
16	80157683	80155052	2
16	80159456	80155248	1
16	80159456	80157613	0
16	80218867	80218034	0
16	80491572	80159336	0
16	80528787	80159336	0
16	80528787	80160231	0
16	80528787	80491216	0
16	80528787	80492569	0
16	80528787	80507568	0
16	80528787	80526838	0
16	80540868	80528641	0
16	80540871	80528641	0
16	80540878	80528641	0
16	80540948	80528641	0
16	80540954	80528641	0
16	80552515	80547841	0
16	80563136	80528641	0
16	80568114	80566793	0
16	80568114	80567102	0
16	80568114	80567554	2
16	80568114	80567557	2
16	80568114	80567676	0
16	80608236	80597905	2
16	80608236	80603915	1
16	80612837	80608091	1
16	80620936	80612625	0
16	80620936	80612639	0
16	80633181	80632636	0
16	80633237	80620762	0
16	80685130	80633018	0
16	80685130	80662744	0
16	80685130	80670943	0
16	80685130	80679733	0
16	80735134	80684603	0
16	80804264	80684537	0
16	80804330	80684537	0
16	80835790	80830425	2
16	80838046	80830493	0
16	80838046	80830530	0
16	80840223	80828734	0
16	80978416	80975801	8
16	80978416	80976109	14
16	80980880	80975801	3
16	80980880	80975935	6
16	80980880	80976049	6
16	80980880	80976110	6
16	80980880	80976116	6
16	80980880	80978241	6
16	80981878	80966447	2
16	80981878	80975800	6
16	80981878	80975801	6
16	80981878	80975803	6
16	80981878	80975806	6
16	80981878	80975852	5
16	80981878	80975927	7
16	80981878	80975990	8
16	80981878	80976002	8
16	80981878	80978241	2
16	80981878	80980769	5
16	80981878	80980788	5
16	80981878	80980807	6
16	80981878	80980829	6
16	80983336	80981805	5
16	80988597	80981805	5
16	80991956	80981805	4
16	80991958	80981805	4
16	80997021	80981805	4
16	80997373	80981805	2
16	80997430	80975801	3
16	80997430	80976049	3
16	80997430	80976059	3
16	80997430	80978241	5
16	80997430	80980769	3
16	80997430	80981805	0
16	80997596	80975801	4
16	80997608	80981805	1
16	80998950	80981805	3
16	81006874	80981805	4
16	81006898	80980769	5
16	81006898	80981805	4
16	81020268	81016791	2
16	81020271	81001247	12
16	81020502	81018202	3
16	81020502	81020194	9
16	81022653	81022726	10
16	81024545	81020397	9
16	81024606	81020397	12
16	81024606	81023357	6
16	81034927	81022315	1
16	81034927	81024054	2
16	81034927	81024298	3
16	81034927	81024478	9
16	81058065	81053664	1
16	81062139	81053496	1
16	81063994	81060408	0
16	81063994	81060979	0
16	81063994	81061205	0
16	81066282	81063745	0
16	81066282	81063753	0
16	81077079	81066192	1
16	81077214	81063745	0
16	81077245	81066192	1
16	81077268	81061709	1
16	81084535	81082327	9
16	81084595	81034754	0
16	81084595	81053586	2
16	81084595	81057904	0
16	81084595	81066192	2
16	81084595	81081937	6
16	81084595	81082335	9
16	81084595	81082691	18
16	81084595	81082819	14
16	81084595	81083762	19
16	81087665	81082404	7
16	81087665	81082407	7
16	81087665	81084245	3
16	81087665	81084462	6
16	81090681	81082506	7
16	81090681	81084462	9
16	81096258	81084462	8
16	81096262	81034754	2
16	81108694	81100874	0
16	81108694	81100878	0
16	81108694	81100888	0
16	81108694	81101122	0
16	81123785	81121585	0
16	81127978	81123017	0
16	81128067	81123650	0
16	81130645	81127760	0
16	81133701	81130080	0
16	81133701	81130458	0
16	81154140	81151766	0
16	81154339	81153960	0
16	81157090	81154236	0
16	81159989	81154129	0
16	81171075	81167918	0
16	81171075	81170288	0
16	81171075	81170291	0
16	81174915	81170942	1
16	81175751	81171214	0
16	81175751	81174719	0
16	81175751	81174862	0
16	81385506	81386849	15
16	81956848	81956848	1
16	82000418	81999698	0
16	82000885	81988854	0
16	82000885	81999754	0
16	82052459	82044335	0
16	82063254	82044370	0
16	82071190	82063092	0
16	82091040	82098074	0
16	82139632	82070802	0
16	82148864	82147797	11
16	82149404	82148161	14
16	82149404	82148615	18
16	82149404	82148658	16
16	82151353	82149381	28
16	82151515	82149308	25
16	82151515	82151237	24
16	82162314	82151166	10
16	82164195	82151083	11
16	82164195	82151423	11
16	82164195	82162211	5
16	82164742	82164081	0
16	82164941	82164074	0
16	82167598	82164081	2
16	82170196	82164114	1
16	82170198	82163875	2
16	82170200	82164081	1
16	82170216	82164081	1
16	82170227	82164081	1
16	82497117	82491737	0
16	82497734	82495992	0
16	82510545	82497584	0
16	82510545	82497668	0
16	82510545	82510107	0
16	82575032	82510388	0
16	82575032	82554048	0
16	8277150	8276262	0
16	82954748	82953229	0
16	83396729	83383015	0
16	83397493	83383006	0
16	83717093	83710178	1
16	83725589	83721118	0
16	83725589	83721609	0
16	83729000	83725474	0
16	83740022	83735277	0
16	83772884	83728867	0
16	83772918	83735341	0
16	83772937	83728867	0
16	83803529	83789966	5
16	83803529	83797235	2
16	83803977	83803434	2
16	83806128	83803456	1
16	83807835	83805752	0
16	83808122	83808679	12
16	83912368	83914955	0
16	83931111	83929795	1
16	83931224	83930678	0
16	83949108	83949402	0
16	84013053	84009666	0
16	84013053	84009783	0
16	84022890	84017139	0
16	84029552	84022774	0
16	84029552	84022793	0
16	84033470	84031866	0
16	84036901	84033327	0
16	84036901	84033380	0
16	84041357	84036701	0
16	84042158	84036701	0
16	84042160	84036701	0
16	84042637	84041968	0
16	84056136	84053765	11
16	84056136	84053773	11
16	84058045	84053760	11
16	84059429	84056004	20
16	84060814	84059301	34
16	84061149	84059301	42
16	84061218	84059302	48
16	84061632	84056004	27
16	84070039	84068338	0
16	84070777	84069865	1
16	84070777	84070018	6
16	84072138	84070587	3
16	84074742	84070587	1
16	84074742	84070763	5
16	84075434	84070587	1
16	84081909	84070714	5
16	84081909	84074596	3
16	84081909	84075522	2
16	84082170	84070597	6
16	84085027	84081521	2
16	84085135	84081746	0
16	84087461	84081746	0
16	84087461	84084982	1
16	84087461	84085053	4
16	84102108	84093187	0
16	84102108	84099052	0
16	84109584	84101897	0
16	84110826	84101734	0
16	84110854	84101800	0
16	84116796	84102065	0
16	84116907	84101620	0
16	84123345	84122677	34
16	84129776	84122280	2
16	84129776	84124122	8
16	84130432	84129547	26
16	84130432	84129985	46
16	84131328	84129985	9
16	84131328	84130318	11
16	84131328	84130327	11
16	84131328	84130336	11
16	84135594	84131101	2
16	84135606	84130960	2
16	84135606	84131101	2
16	84135606	84131110	1
16	84170054	84170241	0
16	84172376	84174668	3
16	84176300	84177513	12
16	84176300	84177728	5
16	84177607	84177728	12
16	84180081	84177851	507
16	84180081	84178748	495
16	84180084	84177846	507
16	84180084	84177853	501
16	84180084	84177854	501
16	84180084	84178711	531
16	84180084	84178780	506
16	84180084	84178847	675
16	84180345	84179121	569
16	84181419	84181042	167
16	84181464	84177876	85
16	84181464	84181042	262
16	84181664	84180169	232
16	84181664	84180867	171
16	84181664	84181042	369
16	84181664	84181289	348
16	84181664	84181327	314
16	84181664	84181369	299
16	84181664	84181429	386
16	84181759	84181591	231
16	84181864	84181327	255
16	84181864	84181495	257
16	84181864	84181591	264
16	84182059	84181327	222
16	84182059	84181591	286
16	84182059	84181745	242
16	84182177	84181591	274
16	84182441	84181745	188
16	84182441	84181941	178
16	84183150	84182201	98
16	84183150	84182266	89
16	84183150	84182335	86
16	84183329	84182031	69
16	84183329	84183075	27
16	84183334	84182146	82
16	84183334	84182201	89
16	84183334	84183071	24
16	84183334	84183075	24
16	84183334	84183119	21
16	84183334	84183137	21
16	84183508	84183075	47
16	84183508	84183243	43
16	84183532	84183266	48
16	84183752	84183272	62
16	84183779	84183409	56
16	84184900	84182201	41
16	84185061	84183409	47
16	84185584	84184850	74
16	84186982	84184850	50
16	84186990	84185479	50
16	84187012	84184850	49
16	84187021	84183409	47
16	84187021	84183696	68
16	84187021	84184850	49
16	84187034	84183409	43
16	84187039	84184850	57
16	84187040	84183409	43
16	84187040	84184850	57
16	84187046	84183696	68
16	84187046	84184850	56
16	84187050	84184850	57
16	84187053	84184850	52
16	84187053	84185157	56
16	84187058	84184850	48
16	84187064	84184850	49
16	84187071	84183409	50
16	84194222	84194441	0
16	84194583	84194932	0
16	84194715	84194176	0
16	84194726	84192557	0
16	84194981	84195068	0
16	84195157	84192557	0
16	84195157	84194388	0
16	84195442	84194933	0
16	84195442	84195044	0
16	84197053	84195260	0
16	84197054	84194388	0
16	84197054	84195260	0
16	84237526	84218666	0
16	84239699	84236729	0
16	84239751	84235407	0
16	84258116	84255269	0
16	84296986	84295497	0
16	84318356	84319430	0
16	84326956	84329321	0
16	84326956	84329325	0
16	84343408	84342463	0
16	84410604	84410679	0
16	84410604	84410703	0
16	84453236	84453320	10
16	84459387	84459505	10
16	84459387	84460653	9
16	84459593	84460653	13
16	84460802	84461349	5
16	84460802	84461713	3
16	84461813	84461987	5
16	84463000	84459258	12
16	84467362	84461694	4
16	84480709	84476420	8
16	84480709	84479696	4
16	84480709	84479790	3
16	84487052	84482591	4
16	84487060	84482591	4
16	84489423	84482591	3
16	84489423	84486630	1
16	84494833	84489351	0
16	84495914	84486630	1
16	84495914	84489273	1
16	84495914	84489277	1
16	84495914	84489362	1
16	84495914	84494726	1
16	84497648	84495682	3
16	84498112	84495682	2
16	84498112	84495817	5
16	84498112	84497418	3
16	84500036	84497933	0
16	84502863	84497933	0
16	84502863	84497950	0
16	84504148	84497933	0
16	84504630	84497703	0
16	84504691	84497933	0
16	84504759	84497933	0
16	84554034	84497933	0
16	84577097	84565601	2
16	84590263	84565593	5
16	84590263	84565658	8
16	84590480	84566549	4
16	84617560	84616003	32
16	84617584	84590104	1
16	84618060	84590104	2
16	84618076	84590124	2
16	84659631	84659759	11
16	84759947	84760171	11
16	84828157	84817181	0
16	84845235	84827998	0
16	84845992	84845067	0
16	84848835	84845754	0
16	84923633	84917376	0
16	84976520	84974459	83
16	84977226	84974180	11
16	84977226	84975412	28
16	84977226	84976212	6
16	84977226	84976245	6
16	84977226	84976495	5
16	84977282	84976103	8
16	84978006	84977094	5
16	84978006	84977107	6
16	84978127	84977094	5
16	84990627	84979188	26
16	84990636	84981869	21
16	84990636	84988762	13
16	84996008	84990303	1
16	84996008	84990332	1
16	85100241	85098357	0
16	85100241	85098369	0
16	85100241	85099126	0
16	8532014	8526548	0
16	85582170	85580008	2
16	856056	854499	7
16	85663094	85663343	22
16	85678667	85676197	8
16	85681682	85678539	0
16	85681682	85678569	0
16	85681682	85678622	0
16	85710286	85707516	2
16	85710286	85707653	3
16	85710308	85690169	1
16	85710308	85707516	2
16	85710851	85707516	2
16	8572225	8569499	0
16	8572303	8569705	0
16	85735236	85707516	0
16	85735236	85707531	0
16	85750952	85735189	0
16	85751011	85690083	0
16	85751092	85735189	0
16	85751106	85735189	0
16	85751113	85735189	0
16	85751130	85735189	0
16	85776607	85771757	4
16	85779868	85776554	4
16	85780474	85778623	21
16	85780474	85779640	20
16	85780474	85779661	21
16	85781259	85780378	21
16	85781281	85778623	18
16	85781281	85780378	21
16	85781761	85780378	19
16	85789051	85781210	40
16	85799397	85788896	5
16	85799541	85788973	10
16	85799609	85788973	9
16	85804662	85804936	45
16	85805105	85805732	109
16	85805109	85805746	115
16	85805152	85805621	115
16	85805154	85805732	115
16	85805865	85806455	97
16	85805865	85806737	113
16	85805865	85806826	128
16	85815063	85814424	0
16	8589294	8537604	0
16	8589294	8569746	0
16	85902868	85903014	0
16	85902890	85903014	0
16	85936224	85935280	0
16	85984600	85963327	0
16	85985387	85984441	0
16	85988087	85986763	0
16	86089527	86081408	0
16	86158799	86158205	0
16	86197180	86192792	0
16	86222858	86221422	0
16	86225668	86222516	0
16	86225963	86225431	0
16	86225963	86225579	0
16	86275823	86269003	0
16	8628877	8629044	45
16	86301304	86275702	0
16	86333045	86331843	0
16	86333045	86331849	0
16	86338662	86333687	0
16	86338662	86337360	0
16	86338833	86337360	0
16	86338833	86337681	0
16	86338833	86337994	0
16	86338833	86338133	0
16	86338833	86338248	0
16	86338833	86338449	0
16	86349640	86338749	0
16	86349681	86349017	0
16	86349684	86338749	0
16	86349684	86349017	0
16	86435885	86434829	0
16	86478052	86474528	0
16	86490514	86477123	0
16	86490514	86487736	0
16	86490880	86487705	0
16	86490882	86490263	0
16	86491005	86490225	0
16	86491005	86490263	0
16	86498586	86490852	0
16	86508861	86478704	0
16	86508877	86490182	0
16	86508878	86490267	0
16	86509100	86490852	0
16	86541823	86530175	3
16	86541823	86530832	12
16	86541823	86531971	8
16	86541823	86532335	18
16	86541823	86532361	17
16	86541823	86540719	9
16	86542214	86541534	2
16	86542214	86541696	9
16	86542214	86541738	9
16	86542546	86541696	61
16	86546650	86542100	19
16	86546650	86542109	19
16	86546650	86542111	19
16	86546650	86542116	19
16	86548112	86546558	5
16	86548112	86547145	2
16	86548578	86546558	6
16	86548578	86546604	5
16	86548578	86548034	1
16	86548578	86548066	1
16	86552147	86548463	3
16	86552147	86548487	2
16	86552293	86548463	7
16	86553722	86552037	2
16	86554749	86542100	3
16	86554749	86548463	2
16	86554749	86552032	3
16	86554750	86552032	3
16	86554752	86548463	2
16	86554752	86551972	2
16	86554752	86552032	3
16	86555022	86552032	1
16	86555204	86548463	1
16	86555204	86552032	1
16	86555236	86548463	1
16	86555236	86551972	1
16	86555236	86552032	1
16	86567762	86565144	4
16	86637146	86636327	0
16	86721955	86720687	0
16	86737590	86737845	1
16	86871	84270	36
16	86871	84273	35
16	868969	855106	2
16	869057	853633	1
16	869057	853637	1
16	869057	853642	1
16	869057	854499	5
16	869057	854511	2
16	870067	868943	0
16	870067	869179	0
16	870883	869882	0
16	8713063	8713490	0
16	8713063	8713618	0
16	871342	870728	0
16	871342	870832	0
16	871342	870873	0
16	87138556	87083561	0
16	87268221	87262758	0
16	87273385	87271906	0
16	87290798	87267990	0
16	87290798	87273147	0
16	87291738	87290718	0
16	87292039	87290725	0
16	87292439	87267257	0
16	87298910	87293010	0
16	87302763	87140184	0
16	87303074	87302652	6
16	87305906	87302800	4
16	87305906	87302813	8
16	87305906	87302875	8
16	87305906	87302883	8
16	87327427	87327559	29
16	87334122	87329335	34
16	87334274	87315771	8
16	87334287	87326986	10
16	87334287	87330810	14
16	87343766	87342876	0
16	87347251	87343597	8
16	87347251	87343685	10
16	87347251	87343745	16
16	87367509	87360294	3
16	87383749	87360294	0
16	87383752	87367744	2
16	87383758	87360294	0
16	87383764	87333885	2
16	873861	870728	0
16	87388759	87386010	1
16	87389849	87367651	0
16	87389851	87360294	0
16	87392108	87389736	1
16	87392143	87389736	1
16	87400296	87396703	4
16	87410336	87406256	33
16	87412977	87406245	37
16	87412977	87407677	48
16	87413196	87411411	32
16	87413196	87411515	28
16	87415368	87414413	6
16	87417743	87415275	8
16	87417927	87415311	4
16	87491860	87460007	0
16	87492046	87460007	0
16	87696803	87697839	1
16	87699416	87696484	58
16	87701034	87698148	68
16	87701668	87700927	75
16	87701725	87700777	76
16	87702330	87701553	48
16	87703188	87701842	62
16	87703433	87703082	56
16	87708388	87703025	20
16	87708467	87703320	32
16	87708467	87707811	26
16	87708467	87707812	26
16	87708467	87707839	33
16	87708467	87707913	28
16	87708549	87707815	26
16	87709668	87708349	15
16	87710878	87708349	25
16	87711444	87708349	15
16	87711444	87709264	23
16	87711444	87709437	21
16	87711444	87709462	20
16	87714574	87710797	14
16	87714574	87711234	11
16	87714574	87711235	11
16	87726918	87714497	2
16	87726925	87714497	3
16	87730645	87726764	5
16	87730645	87726898	5
16	87730645	87729317	5
16	87731007	87726820	5
16	87740692	87739770	13
16	87740965	87726764	5
16	87743045	87730551	11
16	87748810	87726764	4
16	87748810	87730551	7
16	87748810	87730606	11
16	87748810	87730635	11
16	87750403	87748672	0
16	87755255	87748672	2
16	87755293	87726764	5
16	87755293	87730551	8
16	87755293	87748672	2
16	87755293	87748737	1
16	87755293	87748798	0
16	87756478	87730551	7
16	87756478	87748672	0
16	87756478	87755193	11
16	87756478	87755197	12
16	87762017	87755193	0
16	87762037	87757342	1
16	87762041	87755193	0
16	87762041	87756398	0
16	87762041	87756421	0
16	87762151	87755193	2
16	87762155	87755193	2
16	87765207	87761948	2
16	87765341	87761957	1
16	87765341	87763484	1
16	87765900	87755193	1
16	87765930	87761948	3
16	87765934	87761948	3
16	87765950	87761948	2
16	87765952	87748672	2
16	87765962	87761948	2
16	87765965	87761948	2
16	87765968	87761948	2
16	87765973	87761948	2
16	87765977	87761948	2
16	87765993	87761948	0
16	87778001	87773487	0
16	87778001	87773510	0
16	87806477	87780133	0
16	8781445	8780383	4
16	87834592	87830022	311
16	87834592	87832731	254
16	87836648	87834413	47
16	87836806	87834413	50
16	87837942	87836497	39
16	87891955	87881545	0
16	87891955	87881548	0
16	87891955	87888016	0
16	87891955	87888017	0
16	87892269	87888017	0
16	87893686	87892937	0
16	87893727	87891798	0
16	87901975	87891798	0
16	87901975	87893618	0
16	87902521	87891798	0
16	87926946	87902424	0
16	87926946	87904785	0
16	87926946	87925538	0
16	879738	871160	0
16	879738	871286	1
16	879738	871316	1
16	8797643	8781292	0
16	8797649	8795179	13
16	8802146	8802289	6
16	88087384	88079160	0
16	88100960	88088040	0
16	88100986	88099408	0
16	88177598	88178347	0
16	88178942	88178048	0
16	88192243	88191485	0
16	88430650	88430733	39
16	8848725	8847649	117
16	88516234	88516525	18
16	88522121	88512959	3
16	8853637	8854263	52
16	8858473	8852941	15
16	8858473	8852942	15
16	8858473	8854912	9
16	8858473	8854920	9
16	8858473	8855064	23
16	8858473	8855213	18
16	8858473	8855230	16
16	8858473	8855233	16
16	8858473	8855270	14
16	8858473	8855289	14
16	8859336	8858089	17
16	8859336	8858349	15
16	8859336	8858417	11
16	8860219	8858912	15
16	8860219	8859170	15
16	8860310	8859330	12
16	8861714	8859170	9
16	8861774	8860104	5
16	8861778	8859170	11
16	8861782	8860104	5
16	8861811	8859170	11
16	8861811	8860104	7
16	88622389	88623218	8
16	88624063	88624601	41
16	88631340	88631493	315
16	88638648	88638980	0
16	88646198	88643282	53
16	88646198	88643513	56
16	88646198	88643539	52
16	88646198	88644741	61
16	88646604	88646131	32
16	88646826	88646115	33
16	88646839	88643513	33
16	88646839	88645086	37
16	88646839	88646115	29
16	88646839	88646519	26
16	88647176	88645964	32
16	88647176	88646115	29
16	88647176	88646140	28
16	88647176	88646754	20
16	88648115	88646754	19
16	88648115	88647100	12
16	88648115	88647692	19
16	88653409	88651934	7
16	88653409	88652509	6
16	88653585	88652353	9
16	88655418	88654691	4
16	88655731	88655198	2
16	88655731	88655384	2
16	88656305	88655655	2
16	88656305	88655656	2
16	88656305	88655662	2
16	88656858	88656260	3
16	88657248	88656104	3
16	88657267	88655655	4
16	88657508	88656794	4
16	88657583	88655833	3
16	88657583	88656104	4
16	88657583	88657145	4
16	88658030	88656120	2
16	88658030	88656169	5
16	88658030	88657435	2
16	88658721	88657435	0
16	88658721	88657734	2
16	88658721	88657914	2
16	88658721	88657943	2
16	88658784	88657435	0
16	88660638	88658649	5
16	88660638	88658972	5
16	88662782	88658649	6
16	88662908	88662114	8
16	88663030	88658649	7
16	88663066	88658649	5
16	88663080	88660519	3
16	88663083	88658649	5
16	88663095	88658649	5
16	88663111	88658649	4
16	88663138	88658649	2
16	88663149	88660747	4
16	88663162	88662101	3
16	8867429	8859170	10
16	8867888	8859170	10
16	8868161	8859170	11
16	88681715	88677681	0
16	8868344	8859170	6
16	8868355	8859063	7
16	8868362	8859170	6
16	8868402	8859170	5
16	88686494	88681093	0
16	8869007	8857463	1
16	8869007	8860104	7
16	8869010	8859170	1
16	8869013	8860104	7
16	88698184	88697295	22
16	88698610	88696494	17
16	88698610	88696501	17
16	88698610	88696535	17
16	88698610	88697478	29
16	88699086	88696498	16
16	88699086	88697393	11
16	88699086	88698501	9
16	88699733	88696498	10
16	88701419	88699619	28
16	88701651	88700755	27
16	88703242	88701316	18
16	88703603	88701296	34
16	88703618	88701261	19
16	88706263	88701261	31
16	88706399	88699619	32
16	88706422	88701261	19
16	88706599	88707135	15
16	88710017	88710222	24
16	887132	879569	1
16	88714487	88714586	30
16	88715107	88715181	77
16	88715978	88715345	198
16	88716120	88715337	156
16	88716120	88715342	162
16	88716120	88715345	162
16	88716120	88715490	199
16	88716120	88715815	194
16	88716213	88715448	194
16	88716484	88716197	60
16	88717212	88716805	264
16	88717612	88717022	662
16	88717616	88717022	645
16	88718742	88716805	539
16	88719722	88717022	478
16	88719722	88717536	564
16	88719722	88717714	528
16	88719891	88719573	84
16	88719961	88718971	557
16	88719961	88719573	53
16	88720259	88719801	83
16	88720284	88719801	234
16	88720388	88719801	235
16	88720474	88719801	121
16	88720533	88720068	176
16	88720749	88720384	23
16	88722690	88722217	13
16	88723010	88722522	12
16	88723010	88722582	14
16	88723152	88722836	11
16	88723152	88722981	19
16	88723972	88723225	70
16	88725081	88723870	43
16	88725520	88723870	63
16	88725520	88723946	54
16	88727193	88726714	37
16	88727662	88727038	4
16	88727844	88727054	34
16	88732536	88731705	39
16	88732733	88732334	147
16	88732981	88732463	287
16	88737815	88737558	146
16	88738106	88737727	141
16	88738441	88737933	48
16	88738737	88738226	64
16	88741617	88738567	33
16	88742096	88741477	1
16	88742423	88742052	2
16	88743491	88743591	2
16	88749480	88742299	0
16	88810149	88809338	45
16	88810149	88809468	44
16	88810149	88809471	43
16	88810149	88809517	43
16	88810149	88809735	42
16	88810269	88809468	42
16	88810399	88809679	45
16	88810557	88809410	44
16	88811657	88810069	72
16	88811657	88810422	66
16	88811881	88810069	60
16	88811898	88811549	43
16	88811921	88811173	56
16	88811921	88811496	52
16	88811924	88811549	43
16	88811926	88811549	43
16	88811929	88811549	43
16	88811938	88811549	43
16	88811945	88811549	43
16	88818125	88813733	9
16	88818125	88813734	9
16	88818125	88813735	9
16	88818125	88814322	13
16	88824870	88822588	0
16	88826839	88824766	0
16	88827117	88824788	0
16	88832102	88826701	0
16	88835353	88831997	1
16	88835353	88832033	0
16	88835850	88835212	1
16	88836268	88835724	2
16	88836268	88835728	2
16	88836268	88835754	2
16	88837766	88836200	1
16	88837766	88836240	1
16	88837890	88836200	1
16	88841095	88836200	2
16	88841095	88837621	1
16	88841095	88840334	3
16	88841972	88840991	0
16	88842046	88840697	0
16	88845625	88840991	7
16	88856302	88855127	3
16	88856576	88841896	6
16	88856827	88841896	5
16	88856827	88843029	4
16	88856843	88843029	5
16	88856932	88855752	0
16	88856967	88842705	4
16	88856971	88856206	3
16	88858790	88859344	34
16	88859444	88859572	46
16	88859751	88859892	13
16	88859973	88860892	1
16	88859973	88860910	1
16	88859973	88860913	2
16	88864380	88863332	0
16	88864380	88863685	0
16	88879461	88874857	0
16	88879461	88875524	0
16	88880037	88876227	0
16	88880789	88879269	0
16	88880789	88879429	0
16	88881149	88880719	0
16	88881158	88879269	0
16	88881314	88880987	0
16	88881490	88880719	0
16	88881490	88881111	0
16	88882762	88881290	0
16	88885270	88882675	0
16	88886143	88885045	0
16	88891	85385	33
16	88891	85800	11
16	88891	85819	11
16	88891972	88885960	0
16	88892486	88891881	0
16	88898153	88892243	0
16	88898153	88892284	0
16	88901657	88892243	0
16	88901657	88892398	0
16	88901657	88898077	0
16	88901657	88898087	0
16	88902516	88901503	0
16	88937757	88936778	0
16	88941199	88901503	0
16	88941201	88901503	0
16	88941810	88901503	0
16	88941845	88901503	0
16	8894641	8892093	29
16	8894641	8892771	23
16	8894641	8893787	13
16	8894641	8893939	13
16	8895151	8894783	10
16	8895742	8895030	3
16	8895742	8895044	3
16	8895742	8895058	3
16	8895742	8895083	3
16	88957776	88901557	0
16	8897100	8895641	3
16	8897255	8895641	3
16	88977081	88901503	0
16	88977205	88901503	0
16	8898438	8896998	4
16	8898438	8897063	4
16	8898545	8896998	4
16	8898640	8898359	12
16	8898721	8898359	12
16	8899189	8898530	12
16	8899189	8898593	17
16	8899758	8899120	22
16	8899758	8899174	22
16	8900132	8899149	20
16	8900631	8899306	20
16	8900631	8899603	16
16	8900921	8899579	21
16	8901206	8899603	13
16	8902188	8901141	19
16	8902483	8901932	21
16	8902483	8902081	18
16	8902483	8902142	32
16	8903403	8902138	0
16	8903403	8902380	0
16	89052966	89046171	0
16	89150911	89151027	27
16	89159882	89160215	1
16	89197410	89195760	0
16	89197410	89196150	0
16	89197410	89196346	0
16	89199192	89198651	0
16	89199568	89199022	0
16	89199568	89199104	0
16	89199817	89199412	0
16	89200122	89199412	0
16	89200319	89199411	0
16	8920448	8919030	0
16	8921296	8920358	0
16	8921296	8920404	0
16	8921296	8920442	0
16	89228693	89226806	23
16	8923414	8921156	0
16	8923414	8921159	0
16	8923414	8921176	0
16	89270910	89267618	51
16	89270910	89267629	49
16	89270910	89267700	43
16	89270910	89268121	68
16	89270910	89268532	71
16	89274958	89270816	12
16	89275119	89274734	6
16	89275192	89274813	7
16	89285650	89275092	296
16	89285650	89285174	205
16	89286187	89279071	201
16	89286187	89283332	247
16	89286187	89284505	221
16	89286187	89285165	26
16	89286187	89285563	12
16	89288671	89275092	23
16	89288671	89284263	50
16	89288671	89286038	23
16	89288671	89286660	32
16	89288671	89287992	80
16	89288679	89275092	24
16	89288978	89286038	42
16	89290657	89286038	25
16	89290829	89286656	26
16	89290829	89286668	27
16	89290829	89286672	27
16	89290829	89286718	27
16	89290829	89286742	27
16	89290829	89287650	21
16	89290829	89288527	20
16	89290829	89288535	21
16	89291184	89288527	40
16	89291184	89290624	24
16	89291778	89291012	26
16	89291800	89291012	25
16	8929544	8923214	0
16	8929544	8923306	0
16	8930398	8921156	0
16	8930398	8923214	0
16	8930398	8923353	0
16	89305240	89290624	25
16	89305345	89286120	21
16	89305345	89288527	17
16	89305345	89290971	4
16	89305345	89291012	4
16	89305345	89291037	22
16	89305345	89291680	24
16	89305345	89291688	27
16	89305345	89291706	33
16	89305345	89291727	31
16	89305345	89298867	28
16	89305345	89300235	21
16	89305345	89300695	18
16	89305345	89300765	17
16	89305345	89301323	29
16	893073	879569	1
16	893073	879687	2
16	893073	881418	1
16	89313437	89305205	3
16	89313549	89305262	2
16	89313586	89300644	1
16	89313590	89305205	0
16	89316999	89300119	0
16	89317020	89305205	0
16	89317076	89305205	0
16	89317079	89305099	0
16	89317079	89305205	0
16	893253	879569	2
16	89328987	89316932	0
16	89339971	89316932	0
16	89343824	89316932	0
16	89361678	89360540	0
16	89370741	89316932	0
16	89373135	89370674	0
16	89373486	89372971	0
16	89396062	89361494	0
16	89412544	89403625	0
16	89412564	89392375	0
16	89412564	89395696	0
16	89418306	89316932	0
16	89418313	89316932	0
16	89418365	89316932	0
16	89418369	89305205	0
16	89418369	89316932	0
16	89418369	89361516	0
16	89418369	89372853	0
16	89422227	89420074	1
16	89431327	89418283	0
16	89489194	89418283	0
16	89490275	89418283	0
16	89490276	89418283	0
16	89490287	89418283	0
16	89490294	89431255	0
16	89490303	89418283	0
16	89490319	89418283	0
16	89490320	89418283	0
16	89490321	89418283	0
16	89490321	89431255	0
16	89490322	89418283	0
16	89490323	89418283	0
16	89490480	89418283	0
16	89490526	89418283	0
16	89490562	89418283	0
16	89493598	89492402	2
16	89504461	89492016	5
16	89526469	89526757	11
16	89529525	89530682	19
16	89529580	89530682	22
16	89529580	89530688	23
16	89530809	89531903	68
16	89530809	89531924	74
16	89530958	89531903	74
16	89540978	89541152	101
16	89541028	89541152	118
16	89541028	89541201	102
16	89544773	89545871	6
16	89544773	89546657	13
16	89544773	89548002	11
16	89545980	89546657	10
16	89545996	89546131	11
16	89545996	89546657	10
16	89546031	89546131	11
16	89546031	89546657	11
16	89546182	89546657	10
16	89546188	89546657	10
16	89546761	89548002	3
16	89549337	89550493	36
16	89549714	89550493	37
16	89553136	89553738	14
16	89553136	89553793	15
16	89553164	89553793	15
16	89554564	89555877	31
16	89554564	89555920	30
16	89554564	89555958	31
16	89554564	89556886	18
16	89556086	89556886	22
16	89557174	89557271	344
16	89560713	89560939	287
16	89560713	89560953	293
16	89560713	89561226	249
16	89560713	89561577	205
16	89560840	89560939	341
16	89561064	89561226	227
16	89561064	89561595	263
16	89561064	89562334	153
16	89561369	89561577	249
16	89561599	89561739	1002
16	89561752	89562334	88
16	89562392	89562883	76
16	89562446	89562883	82
16	89636936	89637203	0
16	89637553	89637631	0
16	89637708	89637835	0
16	89646715	89644430	94
16	89646715	89644462	94
16	89646715	89645835	12
16	89646715	89645888	45
16	89646715	89645954	73
16	89646881	89644434	18
16	89647332	89646526	33
16	89649498	89646526	23
16	89649498	89646911	11
16	89649498	89647034	31
16	89649498	89647043	31
16	89649498	89647202	31
16	89649540	89646954	26
16	89649594	89647202	25
16	89651647	89647202	26
16	89651647	89649178	19
16	89651647	89649350	26
16	89651647	89649377	26
16	89658422	89660539	4
16	89661112	89661300	10
16	89685676	89682619	2
16	89686570	89685300	1
16	89693327	89693397	187
16	89693468	89694172	265
16	89698306	89696356	10
16	89701234	89696342	3
16	89701234	89698067	3
16	89701234	89698194	2
16	89708532	89707133	23
16	89708532	89707783	23
16	89711011	89709776	9
16	89711413	89710585	23
16	89711413	89710932	20
16	89711413	89710964	20
16	89711645	89711326	0
16	89711970	89711326	1
16	89711970	89711358	1
16	89711970	89711392	1
16	89712094	89711881	75
16	89712100	89711881	77
16	89712523	89711881	34
16	89712523	89712046	40
16	89719103	89716729	98
16	89719370	89716729	97
16	89720886	89712604	102
16	89723184	89723259	57
16	89723184	89723278	57
16	89733413	89733481	284
16	89737906	89737975	257
16	89738927	89738492	338
16	89738975	89737548	361
16	89738975	89738402	334
16	89738975	89738494	334
16	89738975	89738629	330
16	89739267	89738881	319
16	89739290	89738743	338
16	89739290	89738881	339
16	89739290	89738882	339
16	89739554	89738881	314
16	89739554	89739015	263
16	89739554	89739128	295
16	89739554	89739132	294
16	89739554	89739281	229
16	89739759	89739132	203
16	89740079	89739477	205
16	89740100	89739137	191
16	89740100	89739477	191
16	89740867	89739362	174
16	89740867	89739740	95
16	89740867	89739993	150
16	89742829	89739993	10
16	89742895	89740803	10
16	89742939	89740803	11
16	89745009	89740803	10
16	89745063	89742799	7
16	89745072	89740803	14
16	89745072	89742799	8
16	89745072	89742901	10
16	89746689	89744686	8
16	89746689	89744958	11
16	89746689	89745026	10
16	89748768	89746830	4
16	89749797	89748658	15
16	89749817	89748658	16
16	89749903	89748658	17
16	89749903	89748763	15
16	89752223	89748658	3
16	89752223	89749729	3
16	89758706	89748658	2
16	89758706	89749729	3
16	89758706	89752137	1
16	89758706	89752160	1
16	89762023	89749729	1
16	89762023	89752137	1
16	89767148	89764889	4
16	89767238	89764889	4
16	89770025	89767140	57
16	89770025	89767141	57
16	89770260	89769836	97
16	89770584	89769914	78
16	89770635	89770165	63
16	89770635	89770429	38
16	89773385	89771677	3
16	89775816	89773270	4
16	89775816	89773319	3
16	89791537	89784853	19
16	89792012	89791043	15
16	89792069	89791402	12
16	89792069	89791507	15
16	89792548	89791926	3
16	89792726	89791562	5
16	89796019	89792470	5
16	89799233	89792470	5
16	89799233	89795905	5
16	89799233	89798353	21
16	89799233	89798373	21
16	89799233	89798918	16
16	89799233	89798990	16
16	89799639	89798384	16
16	89799639	89798918	6
16	89799639	89799165	6
16	89799639	89799171	6
16	89808367	89805279	3
16	89808368	89805279	3
16	89810803	89808293	21
16	89810803	89808310	21
16	89811058	89810706	6
16	89811072	89808293	39
16	89811072	89810571	8
16	89811072	89810706	4
16	89814614	89810706	1
16	89814614	89810928	1
16	89814614	89810984	1
16	89898650	89898766	3
16	89904206	89904751	164
16	89904206	89904937	167
16	89909926	89910590	43
16	89910357	89910590	53
16	89918048	89918850	54
16	89920209	89920589	76
16	89922663	89919826	8
16	89933579	89933723	11
16	89963887	89964220	12
16	89964311	89964465	18
16	89972186	89970047	20
16	89999312	89999823	3
16	90008925	90004864	9
16	90008925	90004872	9
16	90008925	90006188	9
16	90008925	90006479	7
16	90009073	90006218	7
16	90031190	90031298	22
16	90036587	90037231	2
16	90043990	90039760	43
16	90044234	90043428	40
16	90044611	90044113	55
16	90044624	90042901	45
16	90044624	90043647	50
16	90044624	90043801	48
16	90044624	90043913	55
16	90047097	90044501	0
16	90047191	90044501	0
16	90060624	90056567	0
16	90060624	90057779	0
16	90061520	90056565	0
16	90061520	90060340	0
16	90062193	90061451	0
16	90062326	90061451	0
16	90075024	90066860	0
16	90075024	90069977	0
16	90075475	90074915	0
16	90075931	90074915	0
16	90083256	90075004	0
16	90094451	90094528	2
16	904039	898966	0
16	9107175	9105833	69
16	91087	86667	48
16	911080	893006	0
16	92726	89712	50
16	931794	910930	0
16	93326	92595	40
16	934146	911015	0
16	934146	931641	0
16	934255	910930	0
16	934255	910979	0
16	934255	931641	0
16	934255	933990	0
16	9442595	9441293	0
16	9446230	9446009	0
16	947645	934243	0
16	954667	910930	0
16	954667	934189	0
16	954667	934243	0
16	954667	952574	0
16	9676844	9666884	0
16	970867	954352	0
16	970911	954356	2
16	970961	893006	0
16	970964	954356	2
16	970983	954356	0
16	971000	954356	0
16	976401	975760	3
16	9764949	9762674	0
16	9764949	9762675	0
16	9764949	9762891	0
16	9769090	9753403	0
16	9769090	9762686	0
16	9769090	9763060	0
16	9769090	9763771	0
16	976913	976326	4
16	9769229	9764838	0
16	976927	975760	3
16	977030	975760	2
16	979111	975763	0
16	979111	976520	2
16	979111	976786	1
16	980914	975760	0
16	981298	954356	4
16	981319	954356	4
16	981591	976777	0
16	981597	975760	0
16	98161	92790	37
16	9822425	9798276	0
16	982345	983727	3
16	98302	93218	18
16	98302	93258	17
16	9849962	9840935	0
16	9891101	9849755	0
16	9891101	9849886	0
16	991357	991150	0
16	9938552	9890985	0
16	9938559	9890985	0
16	9943297	9937715	0
16	996617	991864	0
16	9970796	9937958	0
16	997908	996318	0
16	998075	996468	0
