8	100002319	99999261	0
8	100002362	100002201	0
8	100002365	99999261	0
8	100002365	99999346	0
8	100003047	100002321	0
8	100003140	100002320	0
8	100004099	100002201	0
8	100006110	100003925	0
8	100008527	100006016	0
8	100008570	100006016	0
8	100039033	100008374	0
8	100039033	100008496	0
8	100040088	100038519	0
8	100040088	100038522	0
8	100040088	100038930	0
8	100047597	100041801	0
8	100047597	100046232	0
8	100066297	100063415	0
8	100071538	100066166	0
8	100071538	100066238	0
8	100072231	100066166	0
8	100072231	100071368	0
8	100072231	100071404	0
8	100072231	100071409	0
8	100072231	100071428	0
8	100080356	100066166	0
8	100080356	100072144	0
8	100080849	100080294	0
8	100091988	100080133	0
8	100091988	100080693	0
8	100093510	100008374	0
8	100093510	100072144	0
8	100093510	100080133	0
8	100093510	100080654	0
8	100093510	100091877	0
8	100105403	100093161	0
8	100105403	100093446	0
8	100105614	100093446	0
8	100105620	100093446	0
8	100105622	100093446	0
8	100105625	100093446	0
8	100125799	100093446	0
8	100131269	100093446	0
8	100134365	100133359	3
8	100134365	100133555	3
8	100137668	100134160	6
8	100142169	100136892	5
8	100142169	100137564	5
8	100151417	100151823	8
8	100259998	100257059	4
8	100259998	100257341	37
8	100259998	100259062	1
8	100259998	100259163	4
8	100260041	100258884	1
8	100261756	100259853	5
8	100264081	100259853	4
8	100264196	100261541	3
8	100264581	100261722	4
8	100264786	100261541	4
8	100268921	100264670	3
8	100268948	100264670	2
8	100270014	100268603	0
8	100270014	100268784	0
8	100288268	100274952	0
8	100288268	100287906	21
8	100300652	100287500	0
8	100300652	100288130	0
8	100303231	100287906	1
8	100303231	100288206	1
8	100303260	100300527	0
8	100303366	100300577	0
8	100303402	100300527	0
8	100303402	100300542	0
8	100309527	100287704	0
8	100310328	100287500	0
8	100312411	100287677	1
8	100313373	100287834	0
8	100395458	100381473	0
8	100410772	100381259	0
8	100430669	100428833	0
8	100430998	100428893	0
8	100522772	100509751	0
8	100528004	100520771	0
8	100528004	100520775	0
8	100528004	100522605	0
8	100528004	100522656	0
8	100529861	100522513	0
8	100529861	100527844	0
8	100532461	100529522	1
8	100533312	100529522	0
8	100533312	100529524	0
8	100533312	100529576	1
8	100533312	100529586	1
8	100533326	100529522	0
8	100554718	100533208	2
8	100556855	100550527	7
8	100559527	100533208	1
8	100559644	100550527	5
8	100559712	100533208	2
8	100559743	100533208	1
8	100559747	100533208	1
8	100559760	100529522	0
8	100559760	100533208	1
8	100559785	100533208	1
8	100577076	100572881	0
8	100577076	100573664	0
8	100584161	100573584	0
8	100584189	100577018	0
8	100584189	100582344	0
8	100612088	100608493	0
8	100613086	100611999	0
8	100613086	100612038	0
8	100617731	100612994	0
8	100618394	100617619	0
8	100630392	100617619	0
8	100630392	100617643	0
8	100636012	100630326	0
8	100649349	100635896	0
8	100649349	100635929	0
8	100657868	100635896	0
8	100663416	100635896	0
8	100704391	100685815	2
8	100704391	100702915	66
8	100704391	100703098	156
8	100704391	100703160	153
8	100704391	100703258	125
8	100704391	100703284	114
8	100704961	100704296	15
8	100705030	100704296	18
8	100705057	100702915	14
8	100705057	100704113	12
8	100705057	100704279	18
8	100705057	100704296	16
8	100705057	100704297	16
8	100705673	100704925	8
8	100705674	100704296	7
8	100705674	100704925	8
8	100706780	100705588	6
8	100706806	100705588	13
8	100706932	100706650	29
8	100706975	100706650	28
8	100706998	100706650	30
8	100706998	100706702	34
8	100707192	100706650	36
8	100709224	100704925	16
8	100709224	100705588	36
8	100709224	100706886	34
8	100709552	100709132	23
8	100709674	100709135	35
8	100709732	100706693	38
8	100709732	100709132	23
8	100709848	100709132	23
8	100712405	100709458	17
8	100712458	100709458	17
8	100712762	100709458	19
8	100713182	100712651	17
8	100715497	100713086	105
8	100715602	100713086	69
8	100715602	100713137	65
8	100715602	100713141	66
8	100717889	100715461	32
8	100717891	100715470	32
8	100718281	100715461	23
8	100718281	100717772	237
8	100718281	100717816	222
8	100721453	100718086	23
8	100721509	100718086	23
8	100721567	100718230	15
8	100721584	100717772	13
8	100721620	100717772	14
8	100721620	100718086	17
8	100721620	100718119	17
8	100721620	100718182	19
8	100721887	100718248	12
8	100721887	100721390	1528
8	100721890	100721400	1556
8	100721993	100721390	1261
8	100722037	100721390	1036
8	100722088	100721390	1128
8	100722088	100721468	957
8	100722093	100721390	1101
8	100722713	100718086	18
8	100722750	100721733	8
8	100722754	100721452	9
8	100722763	100721390	9
8	100722810	100721728	8
8	100920753	100919061	894
8	100924051	100916524	37
8	100924051	100918576	26
8	100924051	100918578	32
8	100924051	100918682	29
8	100924051	100918685	29
8	100924051	100919828	36
8	100924051	100920525	38
8	100924051	100920586	31
8	100924051	100920589	34
8	100924051	100920602	36
8	100924051	100920629	32
8	100924051	100920641	35
8	100924051	100920715	39
8	100924299	100922437	26
8	100924299	100923954	35
8	100924323	100923954	35
8	100924989	100924134	10
8	100925040	100923954	13
8	100925040	100923984	11
8	100925040	100923986	11
8	100925040	100924134	12
8	100932094	100924915	4
8	100948163	100924915	1
8	100948733	100924915	4
8	100948901	100924915	2
8	100948901	100924921	2
8	100950541	100948595	17
8	100950558	100948595	18
8	100950997	100948595	9
8	100951277	100948595	16
8	100951450	100948595	31
8	100951595	100948595	16
8	100951596	100948595	16
8	100951970	100948595	13
8	100952020	100924915	5
8	100952126	100948595	34
8	100952126	100948662	50
8	100952130	100948595	35
8	100952309	100948613	56
8	100952309	100948734	56
8	100952553	100951928	35
8	100952605	100951928	33
8	100952620	100948595	5
8	100952884	100951928	7
8	100952984	100951928	5
8	100952991	100948595	19
8	100952994	100948595	19
8	100953058	100951955	5
8	100953342	100948595	9
8	101125158	101122144	1
8	101199240	101177996	3
8	101200094	101199194	20
8	101200098	101177877	3
8	101200098	101197051	12
8	101200098	101198932	19
8	101200098	101198937	19
8	101200098	101198938	19
8	101200098	101199159	20
8	101200098	101199194	20
8	101200124	101198936	19
8	101200289	101198923	13
8	101201005	101200035	21
8	101201658	101199989	16
8	101201744	101198725	14
8	101201744	101199989	15
8	101201744	101200767	12
8	101202448	101201606	16
8	101202448	101201614	16
8	101202453	101201715	19
8	101204702	101201606	50
8	101205288	101201606	43
8	101205462	101201606	49
8	101205475	101201606	55
8	101205508	101201219	44
8	101205569	101201606	48
8	101205617	101201606	49
8	101206065	101201606	21
8	101262904	101261540	0
8	101390960	101387298	0
8	101452453	101411872	0
8	10147424	10118004	0
8	101492500	101461176	0
8	101492587	101492701	0
8	101529570	101528722	0
8	101686783	101688968	3
8	101692897	101686542	0
8	101692897	101686726	0
8	101692897	101687894	0
8	101692897	101688104	0
8	101692897	101688463	0
8	101694390	101688477	0
8	101719649	101688642	0
8	101719649	101692790	0
8	101719649	101692865	0
8	101721352	101719396	0
8	101745994	101719620	0
8	101750163	101719582	0
8	101750163	101745824	0
8	101750163	101745830	0
8	101750688	101719292	0
8	101750688	101719313	0
8	101750688	101719372	0
8	101779980	101719385	0
8	101779980	101750597	0
8	101786053	101779921	0
8	101788999	101779923	0
8	101789030	101785855	0
8	101790935	101788633	0
8	101790948	101779923	0
8	101790959	101721212	0
8	101790962	101719251	0
8	101790970	101719251	0
8	101790970	101788778	0
8	101790978	101719251	0
8	101790978	101750597	0
8	101790978	101779923	0
8	101790978	101785854	0
8	101852671	101719294	0
8	101852671	101779923	0
8	101887228	101719251	0
8	101887228	101719368	0
8	101887228	101719407	0
8	101887228	101719586	0
8	101915859	101719251	0
8	101915859	101719264	0
8	101915859	101719269	0
8	101915859	101719279	0
8	101915859	101719314	0
8	101915859	101719472	0
8	101915859	101750597	0
8	101915859	101852571	0
8	101915859	101887140	0
8	101950361	101915808	0
8	101975330	101915808	0
8	101986607	101915808	0
8	102020290	101915511	0
8	102020290	101915808	0
8	102020407	101915808	0
8	102207186	102205624	36
8	102208286	102206387	47
8	102212890	102204501	1
8	102212890	102207325	1
8	102212890	102207744	1
8	102212890	102207775	1
8	102212890	102208132	1
8	102214159	102212775	0
8	102214230	102212775	0
8	102225019	102224045	0
8	102226035	102224884	0
8	102226035	102224922	0
8	102232305	102212775	0
8	102232305	102225917	0
8	102232305	102225974	0
8	102238875	102208132	4
8	102238875	102212775	0
8	102238875	102214053	4
8	102238875	102225917	4
8	102242620	102242039	0
8	102257718	102253011	15
8	102257718	102253735	15
8	102257718	102253945	15
8	102257718	102254197	15
8	102258425	102257631	24
8	102259130	102257631	17
8	102265276	102264473	2
8	102265279	102264473	2
8	102267008	102264473	7
8	102267008	102265099	8
8	102267008	102265202	6
8	102267436	102265207	12
8	102271246	102270038	30
8	102272773	102271133	3
8	102272773	102271193	4
8	102272932	102271133	10
8	102287565	102286359	1
8	102288267	102287432	5
8	102288267	102287504	4
8	102298972	102298391	0
8	102299497	102298866	14
8	102299548	102298847	16
8	102299548	102298859	16
8	102346396	102345395	1
8	102347001	102345895	1
8	102347093	102346235	0
8	102360191	102346902	0
8	102360666	102359651	0
8	102360666	102360070	0
8	102560573	102560760	0
8	102652062	102648778	12
8	102652062	102648785	12
8	102688907	102688316	0
8	10278341	10275498	0
8	102829487	102826356	12
8	102829487	102827822	12
8	102829487	102828546	12
8	102834264	102833055	3
8	102834748	102834188	3
8	102834748	102834260	3
8	102835476	102834234	5
8	102836391	102834665	11
8	102838917	102836245	3
8	102838917	102836255	3
8	102839824	102838743	1
8	102839824	102838901	1
8	102843748	102838743	1
8	102843748	102839649	2
8	102850145	102843550	2
8	102850166	102843707	1
8	102858045	102843550	2
8	102858103	102843550	1
8	102858151	102843550	2
8	102858151	102843553	3
8	102858151	102849998	2
8	102872413	102858012	0
8	102887148	102858012	0
8	102893865	102886917	0
8	103021429	103020186	0
8	103141343	103132962	0
8	103141476	103132965	0
8	103166297	103156989	1
8	103172028	103165824	0
8	103172141	103165508	0
8	103202871	103191228	0
8	103229315	103228424	0
8	103234373	103165928	0
8	103246685	103234279	0
8	103267521	103246293	1
8	103268473	103267395	0
8	103268844	103267241	0
8	103268844	103268390	0
8	103278022	103246472	0
8	103285903	103190963	0
8	103285903	103268691	0
8	103285903	103277977	0
8	103285906	103268267	0
8	103285908	103245777	1
8	103285908	103268691	0
8	103298383	103285837	0
8	103298764	103285837	1
8	103298773	103285732	2
8	103300085	103300199	45
8	10337678	10336781	0
8	103401662	103398634	15
8	103401662	103398657	16
8	103401662	103400057	12
8	103402055	103401515	8
8	103402704	103401486	11
8	103427253	103430611	92
8	103440272	103441454	7
8	103441619	103442794	7
8	103487682	103483397	0
8	103489850	103407633	0
8	103498255	103483422	0
8	104331731	104330323	0
8	104381315	104331942	0
8	104381315	104379423	0
8	104381412	104379434	0
8	104392857	104379490	0
8	104392992	104380512	0
8	104392992	104381176	0
8	104392992	104381183	0
8	104418913	104381183	0
8	104421501	104419511	0
8	104424390	104392783	0
8	104429702	104427979	0
8	104444369	104429146	0
8	104444438	104429544	0
8	104447504	104444247	0
8	104447504	104444429	0
8	104495210	104489230	2
8	104495210	104489249	2
8	104495210	104491417	0
8	104495751	104491420	3
8	104496143	104489255	0
8	104498077	104495076	3
8	104499520	104496971	1
8	104499520	104497753	1
8	104509075	104499316	0
8	104531964	104508938	0
8	104588996	104504243	0
8	104589007	104531906	0
8	104589010	104508938	0
8	104589025	104508938	0
8	104703556	104699478	0
8	10477284	10477760	0
8	10477295	10477760	0
8	10478556	10476596	0
8	10479376	10477490	0
8	10484247	10482877	2
8	10496778	10494853	0
8	10496778	10496325	0
8	10497773	10494853	0
8	10497972	10484086	1
8	10498809	10484197	0
8	105167490	105142859	0
8	10547558	10498727	0
8	10547586	10498615	0
8	105548249	105546088	0
8	105585834	105548207	0
8	105684927	105662351	0
8	105720959	105585729	0
8	105782484	105780245	5
8	105787222	105784804	11
8	105787222	105785054	9
8	105787597	105785003	24
8	105798410	105731093	1
8	105798443	105782386	35
8	105798443	105787448	29
8	105798443	105796939	14
8	105911870	105798324	4
8	105927718	105798090	1
8	105927718	105798324	0
8	105927718	105798326	0
8	106059137	105798324	1
8	106060235	105927650	1
8	106060444	105927641	0
8	106060462	105927650	0
8	106060468	105927650	0
8	106060525	105927650	0
8	10616588	10606348	0
8	10623221	10616445	0
8	10623221	10621095	0
8	106268742	106265434	0
8	106522834	106520473	0
8	106656366	106522720	0
8	106770246	106759482	0
8	10712188	10622592	0
8	107264352	107249481	0
8	107264352	107249492	0
8	107264352	107251511	0
8	107264352	107251526	0
8	107284849	107264220	0
8	107294038	107264220	0
8	107294038	107283996	0
8	107294038	107284681	0
8	107295542	107284518	0
8	10730513	10723767	0
8	107347098	107336149	0
8	107494996	107346982	0
8	107498011	107346941	0
8	107498056	107346941	0
8	10787826	10765854	0
8	107958266	107899315	0
8	107958269	107899315	0
8	107958269	107899316	0
8	107958269	107901101	0
8	107960818	107899315	0
8	107960818	107958079	0
8	107960818	107958227	0
8	107989245	107960673	0
8	107989245	107960736	0
8	107989245	107960747	0
8	107989556	107989055	0
8	107997255	107989055	0
8	108073090	107989055	0
8	108081957	107989055	0
8	108082808	107960673	0
8	108082808	107989055	0
8	108082808	107989108	0
8	108082837	107989055	0
8	10820270	10764962	0
8	10820270	10765822	0
8	10820311	10787521	0
8	108203118	108201742	18
8	108203118	108201779	19
8	108203118	108201864	16
8	108203347	108201215	15
8	108203504	108202982	14
8	108214717	108203400	9
8	108214717	108203469	10
8	108216514	108214606	3
8	108217461	108216411	6
8	108217461	108216475	5
8	108221604	108217333	20
8	108227933	108221487	18
8	108228392	108203400	10
8	108228392	108217333	7
8	108228392	108217380	9
8	108229137	108228266	6
8	108229196	108228266	6
8	108229399	108228176	6
8	108235103	108229069	0
8	108235103	108233393	8
8	108236204	108234283	0
8	108236204	108234997	0
8	108236204	108235030	0
8	108236204	108235053	0
8	108236204	108235093	0
8	108236204	108235096	0
8	108241914	108236160	1
8	108241914	108239957	17
8	108242257	108241798	23
8	108242347	108241798	16
8	108242834	108241798	29
8	108243464	108241798	23
8	108248669	108241798	15
8	108248699	108236160	12
8	108248699	108239957	4
8	108248699	108241798	15
8	108248718	108241798	15
8	108248719	108241798	15
8	108248720	108229069	1
8	108248766	108241798	15
8	108248803	108241798	15
8	10826170	10820192	0
8	10826245	10725398	0
8	10826245	10765158	0
8	10826245	10787623	0
8	10826245	10820192	0
8	10826245	10821859	0
8	108309464	108241892	0
8	10832985	10831664	0
8	10833782	10832890	0
8	10834776	10832891	0
8	10834776	10833487	0
8	108355727	108309335	0
8	108379546	108378830	0
8	10839772	10834665	0
8	10839841	10834665	0
8	10839848	10834665	0
8	10839877	10834665	0
8	10839885	10834351	0
8	108422090	108309021	0
8	108608827	108606849	0
8	108655438	108608751	0
8	108787595	108655292	0
8	108787616	108783536	0
8	108910735	108908216	0
8	108918647	108895028	0
8	109245482	109240918	16
8	109245482	109242674	14
8	10924831	10896044	0
8	10924831	10896522	0
8	109275497	109271004	0
8	109281173	109275351	0
8	109281173	109275414	0
8	109322464	109296383	0
8	109322464	109313796	0
8	109334403	109336127	35
8	109334403	109336132	34
8	109334407	109336127	34
8	109334475	109336127	47
8	109578018	109573977	1
8	109578018	109574175	1
8	109578018	109574181	1
8	109578018	109574185	1
8	109578018	109574187	1
8	109578018	109574205	1
8	109578018	109574652	2
8	109578018	109574751	1
8	109578018	109575974	1
8	109580003	109577867	0
8	109580003	109577895	0
8	109580538	109577867	1
8	109581059	109579798	2
8	109586163	109579798	0
8	109586163	109579917	1
8	109586163	109579935	1
8	109586530	109579911	1
8	109603455	109586059	0
8	109608000	109585721	0
8	109608001	109586016	0
8	109608076	109586059	0
8	109619040	109579808	0
8	109619040	109586059	0
8	109619040	109586098	0
8	109619040	109586126	0
8	109619040	109586129	0
8	109619040	109586134	0
8	109642930	109618841	0
8	109642930	109618954	0
8	109642933	109618810	0
8	109642933	109618841	0
8	109642933	109618856	0
8	109642933	109618983	0
8	109642948	109618841	0
8	109643427	109618841	0
8	109643676	109618841	0
8	109644717	109618841	0
8	109644717	109642727	2
8	109644759	109642735	2
8	109644780	109642727	2
8	109644818	109618841	0
8	109644818	109642727	1
8	109645390	109644635	0
8	109645518	109644635	0
8	109645519	109644635	0
8	109645594	109644635	0
8	109646005	109644635	0
8	109648747	109618841	0
8	109648780	109645883	0
8	109648837	109618841	0
8	109648837	109644635	0
8	109648837	109645883	1
8	109648863	109645883	1
8	109648904	109644635	0
8	109648904	109645883	1
8	109648967	109644635	0
8	109680220	109644635	0
8	109680813	109645883	0
8	109680829	109645883	0
8	109680875	109618841	0
8	109680915	109644635	0
8	109680916	109618841	0
8	109680925	109644635	0
8	109681006	109618841	0
8	109681006	109644635	0
8	109691605	109618841	0
8	109691606	109644635	0
8	109691790	109644635	0
8	109691792	109644635	0
8	109972788	109963644	0
8	109972788	109967005	0
8	109974731	109972257	0
8	109975193	109972257	0
8	109975848	109973927	0
8	110344596	110334742	0
8	11067090	11062646	0
8	111003451	110937689	0
8	111003451	110982949	0
8	111113521	111098960	0
8	11114093	11111644	2
8	111179873	111179192	0
8	111236172	111116534	0
8	111236204	111183291	0
8	11126065	11123380	0
8	111756401	111756509	0
8	11200835	11113871	1
8	11201340	11194435	1
8	11201367	10924633	0
8	112228892	112222927	0
8	112228892	112222931	0
8	112228892	112224047	0
8	112311167	112306006	0
8	112314053	112310224	0
8	112314053	112310977	0
8	112550874	112517033	0
8	112645226	112638695	0
8	11267866	11247625	0
8	11282502	11281363	0
8	113019180	112954683	0
8	113019180	112975836	0
8	113098964	113018775	0
8	113098964	113019066	0
8	113098964	113098524	0
8	11316894	11319686	2
8	113173821	113098755	0
8	113173901	113098685	0
8	113173917	113098755	0
8	11325430	11315858	7
8	113314794	113278591	0
8	113376886	113314570	0
8	113377154	113376737	0
8	113436791	113309204	0
8	113436884	113314570	0
8	113436940	113314570	0
8	113437100	113314570	0
8	11347503	11345747	0
8	113615689	113616583	0
8	11443702	11423393	0
8	11444809	11421462	0
8	11444809	11424017	0
8	11444887	11423850	0
8	11445370	11444030	0
8	11445571	11444137	0
8	11445571	11444576	0
8	11466768	11444030	0
8	11474716	11423942	0
8	11475909	11444030	0
8	11480562	11479202	0
8	115418453	115408495	1
8	115418453	115412548	1
8	115418453	115413813	0
8	115418453	115413921	0
8	115418453	115414428	0
8	11554204	11552487	2
8	11556662	11556065	9
8	11557979	11556581	3
8	11558023	11556250	5
8	11558665	11557889	2
8	115587605	115418329	0
8	115587605	115515189	0
8	11558987	11558465	1
8	11558987	11558575	0
8	115604051	115587000	0
8	115605003	115587000	1
8	115620061	115603872	0
8	115620061	115604650	0
8	115620071	115619131	9
8	115623759	115619131	0
8	115623759	115619746	0
8	115623759	115619773	0
8	115623759	115619912	0
8	115637331	115623600	0
8	11564695	11558911	4
8	115661679	115623600	0
8	115667982	115619131	0
8	115668008	115619131	0
8	115668013	115619131	0
8	115668295	115623610	0
8	115668703	115619131	1
8	115668904	115619131	0
8	115669002	115623600	0
8	115669484	115623600	0
8	115951571	115950510	0
8	116119784	115977242	0
8	116403758	116402542	0
8	116646604	116642129	2
8	116646604	116644816	5
8	116646604	116644832	5
8	116648927	116646470	3
8	116648927	116646580	2
8	116656006	116648805	9
8	116657315	116655855	4
8	116657315	116655904	10
8	116657776	116655855	16
8	116658981	116657214	34
8	116658981	116657219	34
8	116689141	116658831	0
8	116697238	116658812	0
8	116726161	116658812	0
8	116726173	116658248	0
8	116726173	116658812	0
8	116726173	116658885	0
8	116726173	116689068	0
8	116734325	116726015	0
8	116734355	116726015	0
8	116737288	116726015	0
8	116737716	116726015	0
8	116755785	116697052	1
8	116755798	116726015	0
8	116755798	116726054	4
8	116755806	116726015	0
8	116755822	116726015	0
8	116755824	116658544	1
8	116755824	116726015	0
8	116849030	116845934	28
8	116849030	116846904	34
8	116849030	116847333	33
8	116849484	116847226	30
8	116850768	116848945	19
8	116852253	116848945	19
8	116857474	116856645	7
8	116858459	116857266	11
8	116858459	116857270	11
8	116858459	116857278	11
8	116858459	116857288	11
8	116861941	116858351	7
8	116863260	116861840	4
8	116863260	116861842	4
8	116863260	116861853	4
8	116866762	116863129	8
8	116866992	116863116	6
8	116874867	116866585	5
8	11708328	11708328	7
8	11708440	11708440	19
8	11708507	11708507	12
8	117524062	117523270	0
8	11769792	11770173	2
8	117804894	117794489	12
8	117804894	117799819	13
8	117822598	117819675	3
8	117830350	117822464	3
8	11802513	11797927	0
8	11802569	11801697	0
8	11803226	11803304	9
8	11803226	11803321	9
8	11809491	11809666	5
8	118239976	118197305	0
8	118239976	118215821	0
8	118284422	118284513	0
8	118379701	118189454	0
8	118379701	118197546	0
8	118379701	118239714	0
8	118379701	118241151	0
8	118379701	118261949	0
8	118379701	118327673	0
8	118379701	118375700	0
8	118439862	118379559	0
8	118439962	118377987	0
8	118439962	118379559	0
8	118439962	118427985	0
8	11844242	11842523	18
8	11845223	11844014	127
8	11845223	11844052	127
8	11845223	11844093	147
8	11845790	11842523	14
8	11845790	11844019	21
8	11845790	11844319	21
8	11845790	11844323	9
8	11845790	11844339	9
8	11845790	11844354	9
8	11845790	11844369	8
8	11845790	11845081	4
8	11845794	11845081	4
8	11847169	11845660	1
8	11847823	11847051	0
8	11847823	11847092	1
8	11847823	11847116	1
8	11848153	11847051	2
8	11848153	11847678	0
8	11848510	11848066	1
8	11848628	11848066	1
8	11848704	11847678	0
8	11849165	11848066	6
8	11849165	11848073	6
8	11849165	11848088	6
8	11849165	11848103	6
8	11849165	11848486	6
8	118493005	118488381	0
8	11849579	11848066	6
8	11850048	11849045	9
8	11850981	11848066	10
8	11850981	11849045	6
8	11850981	11849060	7
8	11850981	11849061	7
8	11850981	11849083	5
8	11852696	11850614	1
8	11852696	11850864	2
8	11852696	11850865	2
8	11852696	11850888	2
8	11852696	11850896	2
8	11852696	11850916	2
8	11853463	11852609	0
8	11853480	11852609	0
8	11853480	11852616	0
8	11853480	11852655	0
8	11853820	11852609	0
8	11854926	11853357	2
8	11857941	11853328	1
8	118580894	118379559	0
8	118580894	118439831	0
8	118580894	118439861	0
8	11861480	11853328	0
8	11862469	11853328	1
8	11862479	11853328	1
8	11864464	11853328	0
8	11865585	11853392	4
8	11867392	11853328	1
8	11867694	11853328	0
8	11868053	11853328	0
8	11868059	11853328	0
8	11868107	11853328	0
8	11868113	11853328	0
8	11868230	11853328	0
8	11868736	11853328	0
8	11868740	11853328	0
8	11868918	11853328	0
8	11869449	11853328	0
8	118926719	118923556	0
8	118926719	118924474	0
8	118928930	118926493	0
8	118928930	118926509	0
8	118929074	118926493	0
8	11896871	11895849	0
8	119068783	119062941	0
8	119221408	119215537	0
8	119223388	119221093	0
8	119223388	119221242	0
8	119224313	119223283	0
8	119224313	119223803	0
8	119244331	119223283	0
8	119244331	119224249	0
8	119244843	119244294	0
8	119244976	119244294	0
8	119246816	119244294	0
8	119246837	119215110	0
8	119246844	119215171	0
8	119246844	119244809	0
8	119246849	119244809	0
8	11933204	11928596	0
8	119431024	119419909	0
8	119563014	119557085	0
8	119563014	119557086	0
8	119563014	119557408	0
8	119563014	119557520	0
8	119578486	119572619	0
8	119580168	119570704	0
8	119580168	119572175	0
8	119581108	119570704	0
8	119616385	119607921	0
8	119617244	119616252	0
8	119617244	119616264	0
8	119617244	119616268	0
8	119618324	119617465	0
8	119619305	119617465	0
8	119619305	119618149	0
8	119742657	119730774	3
8	119742657	119731814	1
8	119742657	119732061	2
8	11974600	11973936	0
8	119746935	119744287	1
8	119746935	119744880	4
8	119756116	119746704	3
8	119756116	119746865	3
8	119758143	119756005	0
8	119758143	119756055	0
8	119760669	119758072	0
8	119760739	119758072	0
8	119761773	119760454	0
8	119762609	119760598	0
8	119762909	119760598	0
8	119788448	119785200	0
8	119788905	119788337	0
8	119788905	119788353	0
8	119789747	119788789	0
8	119791460	119789591	0
8	119791875	119789678	2
8	119804020	119801793	4
8	119806402	119803877	0
8	119806402	119803960	0
8	119838408	119833975	7
8	119841949	119838258	11
8	119853216	119850381	7
8	119855859	119852757	2
8	119856011	119853046	1
8	119873312	119872477	0
8	119874489	119867418	0
8	11996313	11993173	0
8	11996313	11993927	0
8	12015194	12006187	0
8	120270101	120270105	0
8	120396126	120380760	0
8	120414113	120395436	0
8	120414113	120395846	0
8	120414113	120395958	1
8	120414192	120395846	0
8	120416080	120395847	1
8	120419939	120413990	0
8	120425367	120419655	0
8	120425367	120419851	0
8	120451077	120451170	0
8	120542001	120535744	3
8	120542001	120535846	1
8	120542001	120538520	0
8	120548959	120541809	1
8	120575226	120548761	0
8	120575226	120551130	0
8	120575226	120570258	0
8	120632652	120575085	0
8	120638205	120635557	0
8	120655034	120632609	0
8	120693909	120632443	0
8	12071748	12064388	0
8	120811564	120693691	0
8	120812070	120693691	0
8	120812144	120693691	0
8	120812853	120811758	6
8	120813274	120811272	6
8	12099537	12095175	0
8	121617207	121612115	0
8	121680442	121671772	0
8	12174497	12172760	0
8	12185526	12182095	1
8	12185526	12182097	1
8	12185526	12182109	0
8	12185526	12182450	1
8	12185526	12182555	0
8	12185526	12183120	0
8	12185526	12183392	0
8	12185526	12183452	0
8	12185526	12183479	0
8	12186387	12183440	2
8	12186618	12185375	0
8	12186834	12185148	0
8	12186834	12185233	0
8	12186834	12185375	0
8	12186834	12185454	0
8	12186834	12186351	0
8	12188174	12186351	0
8	12188174	12186453	0
8	12188174	12186699	1
8	12188217	12186699	0
8	12188425	12186699	0
8	12189889	12185233	2
8	12189889	12185495	2
8	12189889	12186351	1
8	12189889	12186699	0
8	12191842	12185233	1
8	12191842	12186061	0
8	12191842	12186699	0
8	12194134	12186699	0
8	121981738	121954639	0
8	122127185	121981616	0
8	122417023	122414331	0
8	122486612	122485514	0
8	122671389	122670384	0
8	122693482	122671268	0
8	122703424	122700268	0
8	12296181	12290070	0
8	122985630	122977025	0
8	123019246	123014148	19
8	123019306	123013163	10
8	123019306	123015164	12
8	123019306	123015441	12
8	123019306	123015445	12
8	123021500	123014148	12
8	123021500	123019194	7
8	123030717	123024985	2
8	123030720	123024985	2
8	123042123	123030604	0
8	123042303	123021446	1
8	123042424	123030604	0
8	123082818	123084161	0
8	123179138	123179653	0
8	123179138	123179763	0
8	123179138	123180131	0
8	123179872	123180131	0
8	123182789	123181637	0
8	12318317	12310961	0
8	123201983	123201171	0
8	123202744	123201171	0
8	123202744	123201643	0
8	123207417	123209425	0
8	123207426	123209524	0
8	123226633	123219956	22
8	123226633	123220194	26
8	123226633	123226359	30
8	123231593	123226499	22
8	123231758	123226188	11
8	123231758	123226497	11
8	123231758	123226499	12
8	123237942	123226499	5
8	123237942	123231299	5
8	123237942	123231403	5
8	123237942	123231598	5
8	123237942	123231721	8
8	123239145	123237797	2
8	123239387	123237797	1
8	123241287	123239048	2
8	123241345	123239048	1
8	123241356	123238568	1
8	123241378	123239639	1
8	123241399	123239048	1
8	123256172	123248450	2
8	123256172	123248455	2
8	123256172	123250129	51
8	123257218	123256119	2
8	123267387	123239048	1
8	123267387	123253321	0
8	123267387	123255534	1
8	123267387	123255919	2
8	123267387	123257032	2
8	123267388	123239048	1
8	123267392	123249659	1
8	123323067	123319849	7
8	123323067	123320501	6
8	123323067	123320680	7
8	123345070	123339310	4
8	123346273	123344512	0
8	123346273	123344883	0
8	123348274	123347091	8
8	123356478	123349284	1
8	123357622	123356099	1
8	123357737	123356388	2
8	123359337	123357561	0
8	123359686	123359220	0
8	123359686	123359243	0
8	123372687	123371669	2
8	123380678	123372636	1
8	123380915	123372661	1
8	123396435	123372636	0
8	123401176	123380528	0
8	123416351	123400742	0
8	12345777	12341425	0
8	123504748	123497888	4
8	123504748	123503105	0
8	123504748	123503117	0
8	123504748	123503126	0
8	123513383	123506391	0
8	123514334	123513197	0
8	123514334	123513273	1
8	123531991	123506391	0
8	123531991	123514051	1
8	123531991	123514239	0
8	123531991	123526995	0
8	123532144	123514239	0
8	123568763	123563069	0
8	123647015	123645526	0
8	123684723	123680793	0
8	123684723	123680794	0
8	123695582	123693710	0
8	123695722	123695501	0
8	123695722	123695546	0
8	123712754	123702641	0
8	123727924	123712708	0
8	123728512	123711632	0
8	123729249	123712677	0
8	123729251	123728269	0
8	123735878	123712677	0
8	123737408	123712677	0
8	123925934	123924758	0
8	12400367	12393208	0
8	124004233	123984137	0
8	124040469	124036009	0
8	124040783	124015872	0
8	124047694	124046072	0
8	12416816	12415079	0
8	124171523	124060167	0
8	124208322	124192670	0
8	12427807	12425613	0
8	12427807	12425760	0
8	12427807	12425894	1
8	12428899	12427656	1
8	12429115	12427656	1
8	12429115	12427733	0
8	124320192	124306188	1
8	124451258	124452151	29
8	124452343	124452451	36
8	124474195	124472807	19
8	124474355	124474084	18
8	124474565	124462484	0
8	124493960	124488484	5
8	124493960	124488500	5
8	124493960	124488507	5
8	124493960	124488512	5
8	124493960	124488629	9
8	124495543	124488509	3
8	124495543	124493802	3
8	124495543	124493823	3
8	124495543	124493832	3
8	124503952	124495471	8
8	124504348	124493832	6
8	124504348	124495471	7
8	124504348	124495517	8
8	124504348	124503839	11
8	124504348	124503894	11
8	124504699	124495471	18
8	124508515	124503839	6
8	124508515	124504173	5
8	124508515	124504270	4
8	124508515	124504274	4
8	124508516	124504270	4
8	124508689	124508473	0
8	124515789	124508602	5
8	124515789	124508606	5
8	124515789	124508617	5
8	124516031	124515745	1
8	124518882	124508602	1
8	124518882	124515886	0
8	124518882	124515923	0
8	124522201	124515886	0
8	124522201	124518741	0
8	124522201	124518817	0
8	124522202	124518741	0
8	124523003	124515886	0
8	124523003	124518741	0
8	124523003	124518817	0
8	124523003	124521636	0
8	124523003	124522150	0
8	124539073	124522150	1
8	124539077	124518817	0
8	124539079	124518741	0
8	124539079	124518817	0
8	124539079	124522150	1
8	124539459	124515886	0
8	124555905	124550789	2
8	124555905	124552799	1
8	124555905	124552812	1
8	124555905	124552887	1
8	124555905	124552889	1
8	124555905	124552901	1
8	124556355	124555741	1
8	124556406	124555741	1
8	124556406	124555798	2
8	124556406	124555812	2
8	124556573	124550975	7
8	124557876	124556231	3
8	124557876	124556260	3
8	124557996	124556231	2
8	124558833	124556231	3
8	124558833	124557680	3
8	124562993	124555741	2
8	124562993	124556231	1
8	124562993	124557680	0
8	124562993	124557687	0
8	124562993	124558712	4
8	124563428	124562781	0
8	124564803	124562781	0
8	124565728	124562781	0
8	124565760	124562781	0
8	124566210	124562966	1
8	124568537	124567070	0
8	124568539	124567070	0
8	124568805	124567070	0
8	124568822	124568378	0
8	124568842	124568378	0
8	124580563	124568378	1
8	124585162	124568378	0
8	124585162	124568427	0
8	124585162	124580550	0
8	12458886	12448012	0
8	124589712	124585086	0
8	124591236	124589619	0
8	124591236	124589664	0
8	124699600	124591150	0
8	124699600	124698038	0
8	124704192	124699089	0
8	124704192	124699525	0
8	1247104	1246788	0
8	12475538	12467692	0
8	124812188	124811225	0
8	124830231	124815242	0
8	124840263	124830103	0
8	124840263	124834883	0
8	124857517	124840123	0
8	124937848	124936523	0
8	124943384	124944566	0
8	124945052	124945637	0
8	124998199	124996984	0
8	125028708	125024259	5
8	125028708	125024266	5
8	125044699	125043991	5
8	125047332	125044485	4
8	125047332	125044535	5
8	125075112	125073152	1
8	125076501	125074997	1
8	125076501	125075040	1
8	125082468	125081660	0
8	125083259	125082382	0
8	125083259	125082421	0
8	125083259	125082432	1
8	125083777	125083112	0
8	125083857	125082885	0
8	125084023	125083112	0
8	125091725	125083112	0
8	125091784	125082382	0
8	12511258	12475416	0
8	12511258	12505000	0
8	12511279	12458739	0
8	125351417	125348195	0
8	125750242	125749054	0
8	12581045	12518771	0
8	12581045	12537078	0
8	12582064	12580827	0
8	125936334	125922307	0
8	125936334	125922370	0
8	125936334	125922522	0
8	125946183	125936239	0
8	125951151	125936239	0
8	125951151	125945932	0
8	125951190	125941128	0
8	125951250	125945932	0
8	12596215	12594969	0
8	126001002	125998993	0
8	12601399	12511121	0
8	12601399	12581932	0
8	12601399	12594984	0
8	12601399	12596017	0
8	12601855	12601157	0
8	12607527	12601786	0
8	12607661	12580827	0
8	12607665	12601786	0
8	12607991	12607290	0
8	126175015	126174185	0
8	126556420	126552814	334
8	126557185	126557238	394
8	126558394	126552441	163
8	12659652	12626391	0
8	12659830	12601786	0
8	12659830	12607922	0
8	12665515	12659129	0
8	12665589	12659129	0
8	126768891	126766875	0
8	127076911	127072693	0
8	127079134	127076825	0
8	127082222	127078969	0
8	127082283	127078438	0
8	127140859	127116659	0
8	127140859	127116661	0
8	127140859	127140275	0
8	127148919	127141473	0
8	127148919	127143762	0
8	127149673	127147274	0
8	127149673	127148796	0
8	127162085	127149615	0
8	127162085	127152870	0
8	127164527	127161583	0
8	127164527	127161921	0
8	127169118	127161578	0
8	127169118	127161823	0
8	127169118	127161921	0
8	127169118	127164437	0
8	127169118	127168192	0
8	127169118	127168358	0
8	127169118	127168421	0
8	127174365	127152876	0
8	127174365	127161833	0
8	127174365	127161921	0
8	127174365	127168137	0
8	127174365	127168358	0
8	127174365	127168359	0
8	127174365	127168405	0
8	127174365	127168421	0
8	127174365	127168653	0
8	127174365	127168673	0
8	127174365	127168675	0
8	127174365	127168698	0
8	127174365	127168707	0
8	127174365	127168817	0
8	127174365	127168830	0
8	127174365	127168841	0
8	127174365	127168897	0
8	127174845	127168351	0
8	127179839	127174189	0
8	127185244	127078894	0
8	127185771	127174189	0
8	127186234	127180361	0
8	127187885	127149615	0
8	127187885	127174189	0
8	127187885	127179176	0
8	127187885	127179462	0
8	127187885	127179480	0
8	127187885	127184738	0
8	127187885	127184749	0
8	127187885	127184754	0
8	127187885	127184755	0
8	127187885	127184760	0
8	127187885	127184826	0
8	127187885	127185016	0
8	127187885	127185046	0
8	127187885	127185479	0
8	127187885	127185528	0
8	127187885	127185589	0
8	127187885	127185606	0
8	127187885	127186003	0
8	127187885	127186162	0
8	127188116	127174189	0
8	127188116	127187784	0
8	127188116	127187796	0
8	127188121	127187784	0
8	127188211	127174189	0
8	127188211	127187780	0
8	127188395	127187784	0
8	127188844	127174189	0
8	127189053	127187784	0
8	127189104	127184760	0
8	127197565	127152876	0
8	127197565	127174189	0
8	127202081	127186806	0
8	127202153	127152876	0
8	127202153	127174189	0
8	127202238	127174189	0
8	127203221	127152876	0
8	127203221	127174189	0
8	127205396	127203162	0
8	127205433	127203162	0
8	127205446	127203162	0
8	127205468	127203162	0
8	127205512	127203162	0
8	127205523	127203162	0
8	127205570	127203162	0
8	127205597	127203162	0
8	127205613	127203162	0
8	127205717	127203162	0
8	127206124	127203162	0
8	127206839	127205346	0
8	127208203	127203162	0
8	127208203	127205346	0
8	127208328	127203162	0
8	127208669	127203162	0
8	127208683	127203162	0
8	127209636	127208145	0
8	127209718	127208605	0
8	127218843	127203162	0
8	127218853	127205346	0
8	127218871	127203162	0
8	127218875	127203162	0
8	127218889	127203162	0
8	127218910	127203162	0
8	127218920	127174189	0
8	127218926	127208856	0
8	127218932	127174189	0
8	127218932	127202041	0
8	127218936	127203162	0
8	127218937	127203162	0
8	127218968	127188044	0
8	127218968	127203162	0
8	127218969	127188044	0
8	127218969	127203162	0
8	127218970	127203162	0
8	127218992	127188044	0
8	127218996	127203162	0
8	127219119	127203162	0
8	127219124	127202041	0
8	127219128	127203162	0
8	127219147	127188044	0
8	127219221	127168421	0
8	127219234	127174189	0
8	127219238	127168897	0
8	127219239	127204411	0
8	127219261	127203162	0
8	127219396	127197474	0
8	127223645	127203162	0
8	127223667	127174189	0
8	127223667	127203162	0
8	127223667	127218809	0
8	127223667	127218930	0
8	127223667	127223007	0
8	127224437	127223537	0
8	127224477	127222313	0
8	127224477	127223537	0
8	127224685	127222321	0
8	127224685	127223246	0
8	12725880	12721893	1
8	12725880	12721905	1
8	12725880	12722943	4
8	12725880	12722970	4
8	12725880	12722980	4
8	12725999	12722757	1
8	12729064	12725726	1
8	12729333	12728900	2
8	12729388	12728900	4
8	12731858	12729173	1
8	127323155	127289816	0
8	12736765	12735285	1
8	12736798	12735285	1
8	12737096	12736700	5
8	12737141	12736698	4
8	12737141	12736700	4
8	12738145	12736899	0
8	12738145	12737271	0
8	12738767	12737994	0
8	12740997	12737994	0
8	12740997	12738028	0
8	127415673	127418772	0
8	127420964	127289816	0
8	127421375	127289817	0
8	127421375	127323014	0
8	127479171	127420828	0
8	127479171	127443349	0
8	12767915	12765848	0
8	127691867	127686342	0
8	127703244	127700607	0
8	127733968	127691789	0
8	127733968	127715946	0
8	127733968	127730193	0
8	127735837	127736440	3
8	12778357	12766061	0
8	128406847	128405268	0
8	128406847	128406260	0
8	128421815	128414213	0
8	128421815	128420711	0
8	128560549	128559022	0
8	128561127	128428235	0
8	128561127	128559713	0
8	128561127	128560239	0
8	128564680	128561005	0
8	128808170	128634198	0
8	128916917	128904772	0
8	128955664	128952876	0
8	128964571	128808073	0
8	128964571	128920822	0
8	128964571	128954759	0
8	129017892	128991146	0
8	129102390	128904431	0
8	129223370	129216449	0
8	129223370	129216466	0
8	129370378	129351690	0
8	129370378	129352428	0
8	129399685	129102289	0
8	129399685	129194239	0
8	129480691	129370306	0
8	129574992	129399513	0
8	129575017	129370306	0
8	129575021	129399513	0
8	129575021	129399530	0
8	129575064	129223220	0
8	129668299	129626901	0
8	129680050	129586131	0
8	129680050	129628690	0
8	129680050	129668198	0
8	129680050	129679134	0
8	129680240	129480642	0
8	129697312	129685400	0
8	1297229	1296033	0
8	129749526	129748195	0
8	129749526	129748196	0
8	129751892	129751541	0
8	129752148	129751707	0
8	129752148	129751861	0
8	129846875	129839592	10
8	129846875	129841469	7
8	129846875	129841483	9
8	129846875	129841496	9
8	129846875	129841502	9
8	129847318	129842079	10
8	129849325	129846824	15
8	129849370	129846803	15
8	129849370	129849242	23
8	129849370	129849291	31
8	129850915	129849242	33
8	129850915	129849326	24
8	129852279	129846803	10
8	129852279	129850553	18
8	129852279	129850834	21
8	129852280	129850834	19
8	129854344	129849242	1
8	129855674	129854265	1
8	129855674	129854277	1
8	129855748	129854265	1
8	129855748	129855610	2
8	129862258	129855674	1
8	129862261	129855674	1
8	129862327	129855610	1
8	129862335	129855582	1
8	129862335	129855610	1
8	129862335	129855687	0
8	129862335	129855697	0
8	129862336	129855674	1
8	129862336	129862228	1
8	129871437	129862262	0
8	129871497	129855610	2
8	129871497	129862228	0
8	129871497	129862233	0
8	129871497	129862249	0
8	129871497	129862262	0
8	129871497	129862293	1
8	129871497	129862325	1
8	129879472	129871374	5
8	129879472	129871380	5
8	129879472	129871426	5
8	129879472	129871432	5
8	129903351	129855610	2
8	129903351	129862228	0
8	129903351	129871374	2
8	129903351	129879388	1
8	129903351	129879596	2
8	129903351	129880375	1
8	129903351	129894486	0
8	129903351	129896671	0
8	129903351	129896748	1
8	129903352	129879388	1
8	129904586	129903311	0
8	129912516	129903311	0
8	129939695	129871374	2
8	129939764	129903311	0
8	129939772	129902960	0
8	129939819	129903311	0
8	129939833	129903311	0
8	129970973	129904498	0
8	129970991	129912469	0
8	129970996	129903311	0
8	129970996	129904498	0
8	129970996	129912359	0
8	129970996	129912469	0
8	129970996	129948965	0
8	130016406	129970942	0
8	130016452	129970942	0
8	130016454	129970942	0
8	130016464	129903311	0
8	130016557	129970675	0
8	130016559	129970942	0
8	130016638	129970942	0
8	130016653	129970508	0
8	130016666	129970942	0
8	130016673	129970942	0
8	130016698	129970942	0
8	130017130	129970942	0
8	130058077	130052103	2
8	130058077	130052106	8
8	130058077	130052841	2
8	130058077	130054740	4
8	130076407	130060578	1
8	130079972	130076347	0
8	130079972	130076396	1
8	130092144	130079901	1
8	130112323	130079901	1
8	130115736	130112093	0
8	130116746	130115576	0
8	130116746	130115627	0
8	130152806	130136950	0
8	130159965	130152735	0
8	130159965	130152763	0
8	130160064	130152604	0
8	130167623	130159863	0
8	130167623	130160784	1
8	130179350	130168991	0
8	130180863	130179263	1
8	130180881	130179117	1
8	130180881	130179263	1
8	130180881	130179334	0
8	130187286	130180750	0
8	130187286	130180866	0
8	130208747	130195112	0
8	130214625	130208629	0
8	130214702	130188108	0
8	130236995	130214555	0
8	130236995	130214617	0
8	130236995	130214644	0
8	130236997	130214555	0
8	130361772	130358016	1
8	130361772	130360688	0
8	130401971	130358016	0
8	130599072	130595298	0
8	130783806	130780300	0
8	130783806	130780389	0
8	13086464	13083360	48
8	13086464	13085188	13
8	13086464	13085554	13
8	13086464	13085576	13
8	13086464	13085592	13
8	13088705	13086289	15
8	13088740	13086231	17
8	130892786	130892069	0
8	130904043	130884563	0
8	130909867	130903771	0
8	13094958	13092611	4
8	130951999	130943350	0
8	13095246	13094758	7
8	13095246	13094822	1
8	13095246	13094928	7
8	13100771	13098398	6
8	13100906	13098398	32
8	13102854	13099346	4
8	13102854	13100605	0
8	13110824	13100559	2
8	13110824	13100688	2
8	131131218	131130387	0
8	132029180	132024219	0
8	132029180	132024237	0
8	132065969	132061485	0
8	132065969	132063784	0
8	132071494	132065885	0
8	132071494	132069674	0
8	132076130	132054980	0
8	132132265	132120857	0
8	132132265	132120858	0
8	132132265	132126540	0
8	132132265	132128979	0
8	132132265	132129089	0
8	132132265	132129144	0
8	132132265	132129405	0
8	132170429	132163467	0
8	132172694	132170333	0
8	132172694	132170396	0
8	132515570	132507961	0
8	132561578	132559973	0
8	132565247	132561453	0
8	132578517	132572198	0
8	132578517	132572200	0
8	132583776	132572069	0
8	132583776	132572198	0
8	132583776	132572424	0
8	132583780	132571952	0
8	132610253	132578407	0
8	132610253	132583693	0
8	132610262	132578407	0
8	132610262	132583693	0
8	132610262	132608404	0
8	132611364	132583693	0
8	132625388	132622610	0
8	132625455	132622610	1
8	132632964	132625271	0
8	132638108	132625271	0
8	132638108	132625311	0
8	132638108	132632739	0
8	132643415	132637984	0
8	132643687	132643373	0
8	132656908	132637934	0
8	132656908	132638051	0
8	132656908	132643379	0
8	132656908	132643623	0
8	132675560	132637934	0
8	132687656	132685006	0
8	132714053	132709947	0
8	132714216	132709944	0
8	132722116	132687461	0
8	132747058	132727797	0
8	132747115	132722039	0
8	132747115	132727797	0
8	132751998	132727797	0
8	132751998	132746941	0
8	132751998	132746947	0
8	132751998	132747013	0
8	132751998	132747043	0
8	132757295	132751784	0
8	132757295	132751801	0
8	132757295	132751823	0
8	132758916	132751784	0
8	132758916	132757233	0
8	132758916	132757982	0
8	132759448	132758839	0
8	132760370	132758839	0
8	132760562	132758839	0
8	132760577	132758839	0
8	132760583	132758839	0
8	132760631	132751784	0
8	132760631	132757233	0
8	132760631	132758839	0
8	132760713	132758373	0
8	13276311	13214266	2
8	13276547	13115585	0
8	13276785	13115585	0
8	13276874	13115585	0
8	132798861	132799082	1
8	132798861	132799094	1
8	132807784	132811045	3
8	132814890	132816887	10
8	132814890	132817338	5
8	132817077	132817338	2
8	132824061	132825034	0
8	132824061	132825263	0
8	132825158	132825263	0
8	132839381	132838116	0
8	132843089	132839207	3
8	132844299	132839165	1
8	133040131	133036723	0
8	133040131	133037638	0
8	133040131	133037652	0
8	133040131	133038366	0
8	133040131	133038426	0
8	133040342	133038259	0
8	133045116	133039997	0
8	133047934	133039997	0
8	133047934	133044983	0
8	133047934	133044991	0
8	133049989	133047104	0
8	133049989	133047829	0
8	133049989	133047845	0
8	133049989	133047907	0
8	133049989	133048578	0
8	133050916	133049331	0
8	133050916	133049901	0
8	133050916	133049926	0
8	13305303	13115585	0
8	13305303	13214574	0
8	133059193	133050815	0
8	133060201	133050209	0
8	133060201	133050815	0
8	133060201	133050830	0
8	133060201	133050855	0
8	133060201	133050891	0
8	133060201	133059061	0
8	133060289	133050209	0
8	133060359	133050815	0
8	133063729	133060117	0
8	133064180	133060099	0
8	133074954	133060099	0
8	133074960	133060099	0
8	133075023	133060099	0
8	133075028	133060099	0
8	133075036	133060099	0
8	133075131	133050815	0
8	133075131	133060099	0
8	133075131	133063579	0
8	133075131	133063673	0
8	133075131	133064110	0
8	133075131	133072907	0
8	133076128	133074852	0
8	133076756	133074852	0
8	133087841	133074852	0
8	133087841	133074874	0
8	133102478	133060099	0
8	133102543	133074852	0
8	133102606	133074852	0
8	133102613	133060099	0
8	133102629	133050815	0
8	133102629	133074852	0
8	133102877	133060099	0
8	133102913	133060099	0
8	133103055	133074852	0
8	133241528	133237175	17
8	133242057	133238766	17
8	133242075	133237170	7
8	133242075	133237175	7
8	133242075	133238537	21
8	133242075	133238697	15
8	133244391	133241877	8
8	133244391	133242022	8
8	133244504	133242022	4
8	133244661	133241873	4
8	133246664	133244354	6
8	133246664	133244379	1
8	133247927	133246615	0
8	133247927	133246622	0
8	133247927	133246626	0
8	133256864	133254538	6
8	133256864	133255269	6
8	133258427	133256776	0
8	133258427	133256784	0
8	133258427	133256815	0
8	133258427	133256818	0
8	133258427	133256839	0
8	133259231	133256808	0
8	133259231	133258365	0
8	133259231	133258378	0
8	133259231	133258415	0
8	133259447	133259167	0
8	133262168	133258995	0
8	133262168	133259167	0
8	133262168	133259217	0
8	133262258	133259094	0
8	133264582	133262046	0
8	133264653	133262046	0
8	133264993	133262059	0
8	133280268	133262046	0
8	133284330	133242022	1
8	133284330	133246615	0
8	133461995	133454847	5
8	133461995	133454852	5
8	133461995	133458872	10
8	133461995	133458944	8
8	133464958	133463413	4
8	133466091	133464777	0
8	133466091	133464930	0
8	133475935	133465641	0
8	133476075	133465893	0
8	133476601	133465893	1
8	133476601	133475718	14
8	133476601	133475876	29
8	133476601	133475883	30
8	133476604	133475718	14
8	133489634	133488081	0
8	133489641	133475808	1
8	133489701	133476277	0
8	133499190	133465893	0
8	133499190	133475718	0
8	133499190	133476028	0
8	133499190	133476142	0
8	133499190	133476277	0
8	133499190	133476522	0
8	133499362	133476277	0
8	133499384	133465893	0
8	133539730	133499134	0
8	133539730	133507198	0
8	133544090	133476277	0
8	133545927	133476028	1
8	133545927	133476277	0
8	133545927	133499134	0
8	133570380	133545773	0
8	133571747	133566981	4
8	133571850	133545773	0
8	133571888	133545773	0
8	133571889	133545773	0
8	133571926	133545773	0
8	133571927	133545773	0
8	133571941	133545757	0
8	133777116	133775550	0
8	13393694	13304576	0
8	13393694	13305268	0
8	134320448	134211864	0
8	134509750	134477791	0
8	134509750	134478024	0
8	134509750	134478221	0
8	134509750	134478392	0
8	134510183	134509618	0
8	134511083	134509700	0
8	134512602	134477791	0
8	134512602	134509618	0
8	134512602	134509708	0
8	134521002	134477787	0
8	134521002	134512474	0
8	134521002	134512573	0
8	134584006	134565332	0
8	134588396	134583831	0
8	134588396	134583950	0
8	134598576	134600255	1
8	134599863	134590267	0
8	134600669	134590267	2
8	134600669	134599729	0
8	134602934	134597543	1
8	134602934	134600435	1
8	134608880	134601476	0
8	134610656	134602806	0
8	134610656	134608728	0
8	134610656	134608739	0
8	134637713	134608728	0
8	134637713	134608840	0
8	134674889	134657560	0
8	134696555	134657560	0
8	134696557	134657560	0
8	134696559	134657560	0
8	134712963	134657560	0
8	134713039	134657560	0
8	134713050	134657560	0
8	13500197	13401469	0
8	13514766	13499048	0
8	13514887	13499048	0
8	13514888	13499048	0
8	13515659	13499821	0
8	135456542	135455864	0
8	13604607	13499704	0
8	13604611	13557656	0
8	136237648	136237385	0
8	137527613	137524754	0
8	137837886	137809443	0
8	138083571	137837719	0
8	138137261	138130022	0
8	138137261	138132281	0
8	138137261	138132592	0
8	138143110	138141197	0
8	138144384	138143021	0
8	138146051	138142859	0
8	138146051	138143011	0
8	138251015	138242941	0
8	138256760	138250840	0
8	138256760	138250923	0
8	138265843	138256688	0
8	138310921	138265702	0
8	138310921	138265818	0
8	138310921	138308983	0
8	138459566	138367906	0
8	138477405	138436855	0
8	138477422	138367906	0
8	138477429	138450496	0
8	138477441	138367906	0
8	138477457	138436857	0
8	13849110	13844100	0
8	138496823	138367906	0
8	138591502	138588234	0
8	138591502	138588896	0
8	138607990	138606380	0
8	138613921	138607935	0
8	138613921	138607937	0
8	138778407	138775965	0
8	138779563	138777906	0
8	138779563	138778352	0
8	138821412	138760242	0
8	138826782	138821135	0
8	138826782	138821359	0
8	138826782	138825718	0
8	138878317	138844083	0
8	138883212	138877749	0
8	138883245	138877749	0
8	138914007	138878132	0
8	139099463	139096304	0
8	139121523	139114192	0
8	139463017	139460061	0
8	139602065	139601077	0
8	139612675	139600837	0
8	139612675	139600838	0
8	139612675	139600844	0
8	139616048	139612325	0
8	139619100	139601096	0
8	139619100	139611336	0
8	139619100	139612560	0
8	139633862	139617205	0
8	139638054	139616385	0
8	139638054	139617158	0
8	139654351	139618257	0
8	139702957	139616385	0
8	139702999	139618257	0
8	139703042	139618257	0
8	139703057	139617120	0
8	139703094	139618257	0
8	139704110	139617120	0
8	139732203	139727724	1
8	139732203	139730342	1
8	139732203	139730344	1
8	139732203	139730891	1
8	139732203	139730995	1
8	139732203	139731005	1
8	139732203	139731043	1
8	139806234	139731978	0
8	139881296	139731978	0
8	139885970	139731978	0
8	139885970	139732092	0
8	139885970	139732161	0
8	139908696	139904431	0
8	139908759	139731978	0
8	139910301	139885878	0
8	139988837	139910146	0
8	140008592	139988725	0
8	140024080	139988725	0
8	140024080	139988739	0
8	140024080	139988822	0
8	140082154	140023936	0
8	140221584	140023936	0
8	140221584	140215909	0
8	140252930	140221458	0
8	140262731	140252776	1
8	140262732	140252776	1
8	140275754	140252570	0
8	140275822	140252776	0
8	140284022	140275657	0
8	140287735	140283888	0
8	140287735	140283986	0
8	140405699	140397619	0
8	140426642	140405576	0
8	140435198	140405292	0
8	140435241	140405576	0
8	140514496	140515125	8
8	140532616	140520155	51
8	140532616	140531420	26
8	140532707	140532093	32
8	140535570	140532415	6
8	140535570	140532532	11
8	140539450	140535390	5
8	140539455	140532415	1
8	140539455	140535467	5
8	140556019	140551302	2
8	140556239	140555407	2
8	140556287	140555895	1
8	140572933	140562452	1
8	140572933	140572557	3
8	140585312	140572811	3
8	140585312	140572901	2
8	140605889	140585118	0
8	140635547	140572811	3
8	140635547	140585118	0
8	140635547	140626484	1
8	140635620	140585118	0
8	140660649	140659619	13
8	140663085	140659486	9
8	140664998	140657899	6
8	140664998	140658381	9
8	140664998	140658388	9
8	140664998	140658401	9
8	140664998	140658404	9
8	140664998	140658629	9
8	140664998	140659070	11
8	140664998	140659072	11
8	140664998	140659334	11
8	140668425	140664916	6
8	140669736	140668268	10
8	140669736	140668288	9
8	140670265	140664916	8
8	140674405	140668268	4
8	140674405	140668278	4
8	140701023	140675459	1
8	140701023	140686631	0
8	140701023	140686869	2
8	140702708	140700769	0
8	140702708	140700890	0
8	140702708	140700920	0
8	140702708	140700923	0
8	140702708	140700942	0
8	140702716	140700890	0
8	140706169	140702569	0
8	140706206	140700890	0
8	140706206	140702569	0
8	140706206	140702664	0
8	140706206	140702697	0
8	140717710	140706118	0
8	140717710	140706156	0
8	140718049	140706118	0
8	140718212	140717597	10
8	140718735	140717597	5
8	140721789	140717597	1
8	140735287	140717597	1
8	140735456	140717597	1
8	140735456	140717688	1
8	140739108	140735044	0
8	140739108	140735250	0
8	140743331	140739017	0
8	140744703	140743229	0
8	140744768	140743229	0
8	140744768	140743236	0
8	140744768	140743289	0
8	140744804	140743229	0
8	140746861	140744651	14
8	140746861	140744684	12
8	140746861	140744696	12
8	140746861	140744746	17
8	140747273	140744700	12
8	140751988	140746759	6
8	140752317	140744651	3
8	140752317	140746449	5
8	140752317	140746759	4
8	140752317	140746833	5
8	140752317	140750202	4
8	140752317	140751902	5
8	140761263	140717597	0
8	140761263	140735250	4
8	140761263	140744651	3
8	140761263	140746759	3
8	140761263	140752231	1
8	140764291	140735250	2
8	140789527	140717597	0
8	140819021	140818276	0
8	140830527	140818879	0
8	140830527	140818983	0
8	140846291	140830471	0
8	140846323	140830471	0
8	140846323	140830475	0
8	140846679	140830471	0
8	140846679	140846259	0
8	140864400	140846598	0
8	140864400	140846606	0
8	140864400	140846648	0
8	140864400	140846658	0
8	140879638	140864311	0
8	140890604	140879470	1
8	140890769	140879470	0
8	140890770	140846598	0
8	140890770	140864311	0
8	140890770	140879161	0
8	140890770	140879440	0
8	140890770	140879470	0
8	140890770	140879475	0
8	140890770	140879479	0
8	140890770	140879481	0
8	140890770	140879511	0
8	140909622	140890542	0
8	140921010	140890315	0
8	140921133	140890542	0
8	140921220	140890542	0
8	140925750	140879470	1
8	140925750	140890542	0
8	140925750	140890583	0
8	140925750	140909548	0
8	140925750	140920869	0
8	140925750	140920889	0
8	140927415	140925660	0
8	140934561	140890542	0
8	140934591	140925660	0
8	140948724	140890542	0
8	140948724	140925660	0
8	140954836	140920813	0
8	140983995	140890542	0
8	140984040	140927345	0
8	140984156	140890542	0
8	140984156	140925688	0
8	141000927	140890542	0
8	141000938	140925660	0
8	141001123	140925587	0
8	141001159	140925660	0
8	141001165	140890542	0
8	141001165	140925561	0
8	141001178	140925561	0
8	141001234	140925660	0
8	141001261	140890542	0
8	141001267	140890542	0
8	141001267	140925561	0
8	141001285	140890542	0
8	141001314	140925660	0
8	141001380	140890542	0
8	141002111	140925660	0
8	14102500	14089863	0
8	14102500	14090373	0
8	141128122	141126043	0
8	141129962	141126290	0
8	141141325	141142299	2
8	141192450	141192525	22
8	141192664	141194032	11
8	141212557	141210528	8
8	141212557	141210600	7
8	141215971	141207165	1
8	141215971	141212196	1
8	141215971	141212203	1
8	141219030	141217089	3
8	141219830	141218010	0
8	141219830	141218773	0
8	141221766	141219649	0
8	141221766	141219746	1
8	141228571	141221576	0
8	141228575	141221576	0
8	141230349	141221576	1
8	141253293	141252285	0
8	141254230	141221576	0
8	141308293	141254100	0
8	141308306	141221576	0
8	141367268	141356499	0
8	141392575	141389938	0
8	141421611	141422180	0
8	141434626	141433828	0
8	141434626	141433831	0
8	141434927	141434550	0
8	141435250	141434550	0
8	141435250	141434823	0
8	141436069	141435126	0
8	141436863	141435912	0
8	141440370	141435912	0
8	141440370	141436685	0
8	141447951	141441635	0
8	141448089	141441635	0
8	141466564	141449589	0
8	141494938	141490116	0
8	141495484	141494808	0
8	141495484	141494910	0
8	142229580	142212079	0
8	142229580	142212080	0
8	142229580	142212166	0
8	142274864	142229472	0
8	142274864	142270474	15
8	142274864	142271566	23
8	142300645	142284412	1
8	142300648	142284412	0
8	142314441	142284412	0
8	142314441	142300115	2
8	142314441	142300485	2
8	142344473	142331753	0
8	142345893	142343965	0
8	142345893	142344259	0
8	142345893	142344352	0
8	142354764	142331753	0
8	14237680	14164579	0
8	142479488	142479692	0
8	142569719	142567259	0
8	142570449	142569563	0
8	142570460	142569560	0
8	142575464	142574530	0
8	142575841	142575396	0
8	142575920	142575396	0
8	142612253	142611043	3
8	142612703	142612064	0
8	142614473	142612107	3
8	142658945	142657462	67
8	142663523	142659297	51
8	142666521	142657459	36
8	142666521	142658363	71
8	142666521	142658821	76
8	142669971	142664477	19
8	142669989	142665981	13
8	142669995	142657459	24
8	142669995	142664477	17
8	142670133	142666414	18
8	142676532	142675898	2
8	142681805	142680145	7
8	142681835	142676591	5
8	142681969	142669931	0
8	142681969	142675898	6
8	142681969	142679973	5
8	142701714	142702499	32
8	142701714	142702843	32
8	142701714	142703090	33
8	142701714	142703122	43
8	142708419	142702251	2
8	142727691	142727282	29
8	142735669	142736856	16
8	142736496	142736612	27
8	142741923	142740943	0
8	142751171	142750149	0
8	142765141	142764333	0
8	142765141	142764337	0
8	142765141	142764350	0
8	142769786	142765035	0
8	142769845	142765035	0
8	142775364	142765035	0
8	142775695	142765035	0
8	142775695	142771196	0
8	142775695	142774922	0
8	142775695	142775265	0
8	142775695	142775271	0
8	142775695	142775340	0
8	142776022	142775592	0
8	142776122	142775592	0
8	142777264	142775622	0
8	142785467	142785557	0
8	142785688	142784879	0
8	142785762	142784881	0
8	142785933	142785294	0
8	142786530	142785588	0
8	142786593	142785588	0
8	142801182	142797623	0
8	142834789	142834137	0
8	142834941	142834137	0
8	142875155	142872356	0
8	142875155	142873253	0
8	142875155	142873824	0
8	142875313	142872355	0
8	142875313	142873823	0
8	142912728	142910558	0
8	142917215	142915045	0
8	143009208	142982048	0
8	143012573	143007752	1
8	143012578	142994875	0
8	143018382	143009048	0
8	143018391	142981737	0
8	143018398	143012484	1
8	143018438	143016665	0
8	143021434	143021548	15
8	143021434	143021565	15
8	143043088	143043162	0
8	143043088	143043177	0
8	143057817	143057059	0
8	143066588	143065914	0
8	143158923	143157913	0
8	143158923	143157914	0
8	143159710	143157913	0
8	14324205	14237591	0
8	143274803	143274977	77
8	143274803	143275194	80
8	143274803	143275896	76
8	143274803	143276002	64
8	143280998	143280165	12
8	143281251	143280827	9
8	143281611	143281025	9
8	143281661	143280881	10
8	143281666	143281069	14
8	143281691	143280827	12
8	143309544	143304383	4
8	143310218	143309323	34
8	143310218	143309355	32
8	143310218	143309359	31
8	143310218	143309376	31
8	143310218	143309414	32
8	143310504	143309355	41
8	143316127	143315726	20
8	143317838	143315998	23
8	143317891	143315999	21
8	143317891	143316091	28
8	143324143	143321200	2
8	143324630	143323998	2
8	143324630	143323999	2
8	143324630	143324059	1
8	143325479	143324484	0
8	143325534	143324484	1
8	143326345	143324484	4
8	143326345	143325345	6
8	143326345	143325354	11
8	143326345	143325424	17
8	143326345	143325521	11
8	143327791	143326221	5
8	143328316	143326221	4
8	143329434	143327302	1
8	143329472	143326221	2
8	143329472	143326289	2
8	143329472	143326311	2
8	143329472	143328192	1
8	143331340	143329349	0
8	143331340	143329386	0
8	143332602	143331223	0
8	143332658	143331223	0
8	143333928	143332502	1
8	143334057	143331223	0
8	143334286	143331223	1
8	143334845	143331223	2
8	143334855	143332486	1
8	143334864	143331223	2
8	143334867	143332486	1
8	143334897	143331223	1
8	143343287	143331223	0
8	143343287	143332486	0
8	143344982	143331223	0
8	143344985	143343219	0
8	143355435	143344736	0
8	143356047	143343219	0
8	143359405	143331223	0
8	143359405	143343198	0
8	143359405	143344915	0
8	143359978	143331223	0
8	143379986	143380061	130
8	143379986	143380064	130
8	143380176	143380588	182
8	143429899	143419181	0
8	143440364	143437654	6
8	143507841	143484496	1
8	143507900	143475397	0
8	143549730	143541972	0
8	143558915	143559331	48
8	143559553	143559776	15
8	143559970	143560602	138
8	143560772	143561001	99
8	143561105	143561369	58
8	143561829	143561958	23
8	143562132	143562208	37
8	143562351	143562447	6
8	143567112	143566210	245
8	143567677	143566186	145
8	143567677	143566191	145
8	143567677	143566301	189
8	143567677	143567371	93
8	143567887	143566194	141
8	143567889	143566197	144
8	143567889	143567368	103
8	143568262	143567785	205
8	143568666	143568152	207
8	143568720	143567785	201
8	143568720	143568141	202
8	143568758	143567610	189
8	143568844	143567610	220
8	143568855	143568141	208
8	143568861	143567785	196
8	143568888	143568141	208
8	143569615	143568551	132
8	143569615	143568586	143
8	143569751	143568551	73
8	143574796	143574999	244
8	143575094	143574784	208
8	143575094	143574785	207
8	143575094	143574786	207
8	143575324	143574784	152
8	143575346	143574784	163
8	143575346	143574786	163
8	143575346	143574985	159
8	143575416	143574985	158
8	143575526	143574784	142
8	143575526	143574985	129
8	143575526	143575190	127
8	143575526	143575229	121
8	143575703	143575422	7
8	143575703	143575431	7
8	143576163	143575599	6
8	143576163	143575621	7
8	143576163	143575622	7
8	143576573	143575621	60
8	143576573	143576077	79
8	143576802	143576077	94
8	143576843	143576431	98
8	143577178	143576645	101
8	143577400	143576439	99
8	143577400	143576645	75
8	143577400	143576942	54
8	143577400	143577061	57
8	143577740	143576645	40
8	143577740	143577266	25
8	143577740	143577268	25
8	143577916	143577268	31
8	143578614	143577815	40
8	143578650	143577815	49
8	143579904	143580507	13
8	143580174	143579721	46
8	143580207	143579696	16
8	143580207	143579727	38
8	143580207	143579728	38
8	143580207	143579735	45
8	143580207	143580018	559
8	143580611	143580078	10
8	143580633	143580009	15
8	143580633	143580011	15
8	143580638	143580011	15
8	143580728	143580011	15
8	143580728	143580033	19
8	143580728	143580074	19
8	143580728	143580185	47
8	143580741	143580011	15
8	143581155	143580011	28
8	143581155	143580388	29
8	143581155	143580505	23
8	143581155	143580512	31
8	143581155	143580521	33
8	143581155	143580612	30
8	143581155	143580619	31
8	143581155	143580641	29
8	143581155	143580662	32
8	143581329	143580563	127
8	143581329	143581053	281
8	143581329	143581078	292
8	143581707	143581053	139
8	143584252	143580505	130
8	143586291	143581053	73
8	143586291	143581228	121
8	143586291	143581285	113
8	143586818	143580505	91
8	143586850	143581053	104
8	143586850	143581228	117
8	143586850	143586031	50
8	143586850	143586218	35
8	143586853	143580011	136
8	143586853	143581053	104
8	143586853	143581228	117
8	143586853	143581285	121
8	143586853	143586218	35
8	143587565	143586218	215
8	143589223	143586728	379
8	143589317	143586728	313
8	143590082	143586728	352
8	143590093	143586728	353
8	143590461	143586728	431
8	143590730	143589510	246
8	143590736	143589694	205
8	143590736	143589893	215
8	143590736	143589921	208
8	143590739	143588990	241
8	143590739	143589544	229
8	143590739	143589643	204
8	143590739	143589876	209
8	143590739	143589933	212
8	143590739	143589987	222
8	143590894	143589539	172
8	143592170	143589609	195
8	143592661	143588990	344
8	143592798	143586728	244
8	143592798	143590607	255
8	143592894	143586728	206
8	143592894	143589837	252
8	143592894	143590017	263
8	143592894	143590607	229
8	143592943	143586728	256
8	143592943	143589829	267
8	143594072	143581228	300
8	143594072	143586218	264
8	143594072	143586728	300
8	143594072	143592646	300
8	143594072	143592653	300
8	143594072	143592714	300
8	143594519	143586728	230
8	143596130	143589310	256
8	143596346	143590607	307
8	143596755	143586728	130
8	143597106	143590607	178
8	143597112	143589971	210
8	143597366	143592714	206
8	143597381	143592646	222
8	143597382	143586728	121
8	143597385	143586728	121
8	143597388	143586728	117
8	143597389	143586728	117
8	143597397	143586753	121
8	143597398	143586728	122
8	143597400	143586728	124
8	143597401	143586728	123
8	143597412	143590644	189
8	143597414	143586728	123
8	143597414	143586739	120
8	143597414	143592646	214
8	143597416	143586728	121
8	143597416	143590607	180
8	143597416	143590644	193
8	143597416	143592646	214
8	143597416	143592714	221
8	143597426	143586728	118
8	143597429	143586728	117
8	143597443	143589180	233
8	143597676	143586728	195
8	143597676	143588990	207
8	143597676	143592646	115
8	143597680	143586728	183
8	143597745	143586728	109
8	143599542	143586728	230
8	143606155	143603912	45
8	143606155	143604218	51
8	143606155	143605334	36
8	143606155	143605485	18
8	143606155	143605546	14
8	143606620	143606061	18
8	143606680	143606061	18
8	143606680	143606115	15
8	143607133	143606061	18
8	143607133	143606466	22
8	143608127	143606467	13
8	143608127	143606952	19
8	143613296	143612617	129
8	143613392	143612620	85
8	143613604	143613195	36
8	143613608	143612617	69
8	143613818	143613195	51
8	143613818	143613523	55
8	143613818	143613528	55
8	143614229	143613750	18
8	143614229	143613769	23
8	143614386	143613523	30
8	143614454	143614163	66
8	143614698	143614163	96
8	143614698	143614319	95
8	143614698	143614321	95
8	143614698	143614363	96
8	143614916	143614319	81
8	143614916	143614404	92
8	143614916	143614623	65
8	143616221	143614646	61
8	143616221	143614786	48
8	143616221	143614820	56
8	143616441	143614786	44
8	143616465	143614862	66
8	143616724	143614786	50
8	143616724	143615885	48
8	143616724	143616105	53
8	143616727	143616105	53
8	143617301	143616566	24
8	143617475	143616566	24
8	143617483	143616566	24
8	143617505	143616105	25
8	143617508	143616566	25
8	143617512	143616566	25
8	143617533	143616566	24
8	143617550	143616566	24
8	143617553	143615942	25
8	143617567	143616566	24
8	143618049	143616566	3
8	143633757	143632070	3
8	143684543	143684623	25
8	143684543	143684755	26
8	143691200	143691599	10
8	143691200	143691609	12
8	143691233	143691596	12
8	143691233	143691599	12
8	143691714	143692000	13
8	143691714	143692244	12
8	143692108	143692244	12
8	143708110	143706693	1
8	143713008	143709006	2
8	143713411	143712933	1
8	143713585	143713314	1
8	143718077	143718211	0
8	143718892	143718245	0
8	143720288	143720702	1
8	143721106	143721230	3
8	143721412	143721548	4
8	143721881	143722074	2
8	143728641	143723933	2
8	143729092	143723932	3
8	143733802	143730135	0
8	143760509	143758152	0
8	143789870	143789970	0
8	143790065	143790136	0
8	143791441	143790919	188
8	143791441	143790924	189
8	143791441	143790925	189
8	143791543	143790924	244
8	143792636	143791990	136
8	143792636	143792219	115
8	143792868	143792219	126
8	143792868	143792484	124
8	143792868	143792608	129
8	143793084	143792484	136
8	143805436	143804933	212
8	143806485	143805111	156
8	143806485	143805251	189
8	143812962	143812265	0
8	143813105	143812816	7
8	143813375	143813029	1
8	143817146	143816343	22
8	143817146	143816376	29
8	143817146	143816519	191
8	143817467	143816909	5
8	143817467	143817041	9
8	143817467	143817079	11
8	143817783	143817330	13
8	143817974	143817591	224
8	143818076	143817577	41
8	143818076	143817585	41
8	143818076	143817591	41
8	143818286	143817591	40
8	143818286	143817861	36
8	143818286	143817865	34
8	143818286	143817949	38
8	143818286	143817978	37
8	143818286	143817995	35
8	143818477	143818075	42
8	143818535	143818192	55
8	143818535	143818221	55
8	143818964	143818192	135
8	143819038	143818372	94
8	143820717	143818372	52
8	143821687	143817885	72
8	143821687	143818372	34
8	143821687	143820425	79
8	143821687	143820665	89
8	143821744	143820232	57
8	143821914	143821348	10
8	143821914	143821596	7
8	143834064	143833269	5
8	143835876	143833593	39
8	143835876	143833720	39
8	143835876	143833741	39
8	143835876	143835529	40
8	143836031	143833599	25
8	143836031	143835017	38
8	143836031	143835529	25
8	143836031	143835661	34
8	143836031	143835819	27
8	143836181	143835819	22
8	143836181	143835966	19
8	143837133	143836126	2
8	143837151	143833746	9
8	143837175	143836126	3
8	143838063	143837406	53
8	143838075	143837406	45
8	143838776	143837622	44
8	143838939	143838678	54
8	143838939	143838679	54
8	143839101	143838882	20
8	143839826	143839313	3
8	143839826	143839508	5
8	143840030	143839313	14
8	143840031	143839313	14
8	143840031	143839508	14
8	143840031	143839735	14
8	143840214	143839508	9
8	143840214	143839928	8
8	143840230	143839928	8
8	143840631	143840106	1
8	143840952	143840106	7
8	143840975	143840106	4
8	143878465	143857323	0
8	143925885	143915146	2225
8	143925885	143915152	2227
8	143925885	143916176	3580
8	143926883	143915152	2280
8	143932562	143932129	11
8	143932713	143932399	29
8	143935314	143934809	14
8	143935314	143935010	17
8	143935314	143935022	18
8	143936015	143935197	24
8	143936015	143935276	31
8	143937072	143935847	42
8	143937072	143935917	71
8	143937072	143935978	66
8	143937785	143937164	300
8	143938241	143937164	277
8	143938241	143937663	296
8	143938241	143937748	311
8	143946406	143938630	16
8	143946548	143938630	16
8	143950877	143938630	13
8	143953921	143938630	5
8	143958800	143938630	0
8	143973530	143938630	1
8	143975220	143938630	2
8	143975370	143938630	3
8	143975376	143938630	3
8	143978082	143977152	10
8	143978082	143977159	10
8	143978082	143977382	18
8	143978082	143977452	14
8	143984105	143982931	36
8	143984105	143983166	47
8	143984105	143983311	49
8	143984359	143982931	39
8	143984432	143983166	34
8	143984432	143983841	34
8	143984432	143984007	34
8	143984432	143984034	35
8	143985329	143984209	36
8	143985649	143984543	27
8	143985649	143984727	27
8	143985649	143984982	18
8	143985976	143985411	13
8	143985976	143985549	18
8	143985976	143985568	17
8	143986142	143985491	14
8	143986234	143985411	12
8	143986234	143985717	12
8	143986234	143985720	12
8	143986234	143985723	12
8	143986234	143985724	12
8	143986234	143985749	12
8	143986234	143985770	12
8	143986234	143985836	12
8	143986234	143985890	12
8	143986234	143985907	12
8	143986234	143985913	12
8	143986423	143986054	0
8	143986431	143986054	0
8	143986436	143986054	0
8	143986439	143986054	0
8	143986447	143986054	0
8	143986455	143985411	1
8	143986455	143985720	1
8	143986455	143986054	0
8	143986461	143985720	1
8	143986461	143985848	9
8	143986933	143986357	0
8	143987100	143986357	0
8	143987145	143986357	0
8	143987182	143986357	0
8	143988966	143986357	1
8	143989986	143986362	1
8	143989988	143986356	1
8	143990270	143986357	1
8	143990934	143986357	1
8	143991040	143986357	0
8	143991136	143986357	1
8	143991189	143986357	1
8	143991603	143991691	7
8	143991805	143991877	19
8	143991805	143992244	78
8	143991950	143992244	103
8	143992079	143992244	80
8	144012773	143986357	0
8	144050859	144050941	0
8	144051022	144051113	0
8	144051827	144051265	0
8	144052901	144052448	2
8	144053130	144052765	8
8	144053394	144052769	2
8	144053394	144052982	1
8	144054654	144052982	0
8	144054736	144053208	0
8	144054880	144053212	0
8	144057714	144057207	2
8	144058897	144058495	0
8	144059080	144058772	0
8	144059080	144058886	0
8	144083304	144083388	35
8	144083304	144083713	39
8	144083304	144083817	44
8	144083425	144083713	38
8	144083501	144083713	38
8	144083517	144083713	54
8	144084331	144084412	110
8	144084876	144085042	73
8	144085139	144085288	180
8	144085480	144085572	177
8	144085744	144085881	97
8	144095229	144095832	176
8	144096495	144096583	19
8	144098995	144098636	16
8	144099206	144098632	24
8	144099206	144098865	23
8	144099323	144099080	39
8	144099431	144098865	40
8	144099431	144099080	46
8	144099619	144099249	38
8	144099619	144099276	39
8	144099619	144099290	40
8	144099845	144099300	34
8	144099845	144099509	34
8	144099845	144099518	34
8	144103226	144099928	14
8	144103757	144102816	18
8	144104097	144102641	16
8	144104191	144103050	18
8	144104238	144103050	15
8	144104251	144103050	13
8	144104270	144103050	13
8	144105863	144103116	7
8	144106465	144106554	45
8	144106964	144107087	15
8	144108125	144105726	6
8	144110035	144110113	3
8	144110257	144110340	5
8	144110578	144110648	4
8	144110740	144110863	1
8	144110740	144110891	1
8	144110740	144111100	3
8	144110997	144111100	4
8	144111223	144111425	4
8	144111487	144111631	3
8	144112531	144113439	3
8	144112531	144113656	3
8	144113518	144113656	3
8	144114163	144114277	1
8	144114476	144114553	11
8	144138019	144138289	132
8	144138814	144139008	39
8	144141843	144141213	55
8	144261217	144261283	55
8	144262504	144262101	51
8	144262673	144262395	36
8	144263142	144262587	33
8	144263558	144262615	114
8	144264438	144263980	125
8	144264617	144264224	81
8	144264617	144264341	113
8	144264832	144264514	123
8	144264832	144264543	122
8	144265072	144264713	103
8	144265460	144264713	25
8	144266087	144264933	30
8	144276305	144264916	10
8	144289305	144276223	0
8	144289305	144281683	3
8	144291371	144276223	1
8	144309897	144311173	77
8	144311250	144311320	51
8	144312712	144313510	91
8	144313912	144313984	66
8	144313970	144314124	58
8	144314055	144314124	45
8	144314055	144314132	50
8	144315139	144314589	51
8	144316916	144314583	53
8	144316916	144316319	50
8	144316916	144316324	46
8	144317097	144316852	13
8	144317110	144316852	13
8	144317253	144316842	58
8	144317253	144316852	58
8	144317253	144317021	82
8	144317446	144317021	30
8	144317446	144317186	38
8	144317589	144317074	35
8	144317634	144317021	17
8	144318018	144317783	10
8	144318170	144317913	11
8	144318322	144318094	34
8	144318363	144317021	15
8	144318363	144317916	31
8	144318363	144318094	35
8	144318567	144318093	30
8	144318567	144318094	30
8	144336282	144330564	0
8	144353864	144353227	25
8	144353864	144353313	23
8	144354071	144352218	25
8	144354150	144353777	23
8	144354768	144354236	19
8	144354915	144354236	19
8	144355610	144354616	17
8	144356215	144355430	25
8	144356532	144355514	186
8	144356532	144355967	33
8	144356550	144356135	287
8	144356714	144356087	216
8	144357069	144356807	431
8	144357122	144356807	435
8	144357503	144356807	266
8	144357503	144356989	279
8	144357787	144356989	272
8	144357787	144357438	272
8	144357787	144357456	291
8	144357927	144356949	348
8	144357974	144356599	289
8	144358181	144357429	385
8	144358473	144357627	437
8	144358513	144357627	383
8	144358611	144359183	74
8	144358659	144359187	81
8	144358784	144359183	100
8	144358901	144359183	60
8	144359066	144359183	26
8	144359230	144356989	377
8	144359377	144357627	52
8	144359748	144360171	153
8	144390747	144390855	12
8	144390747	144390860	12
8	144391712	144391782	11
8	144393591	144393228	7
8	144393591	144393230	7
8	144393591	144393317	12
8	144393797	144393451	24
8	144394039	144393666	87
8	144394039	144393698	101
8	144394161	144393666	167
8	144394161	144393882	261
8	144394238	144393564	140
8	144394301	144393882	141
8	144394301	144394112	143
8	144394442	144394112	129
8	144394556	144393882	135
8	144394556	144394112	124
8	144394797	144394378	63
8	144395024	144394643	54
8	144395024	144394768	57
8	144395356	144395097	91
8	144395552	144395264	93
8	144395980	144395312	213
8	144396501	144395434	115
8	144396731	144396014	50
8	144396742	144396347	23
8	144398639	144398301	6
8	144398869	144398522	4
8	144398869	144398524	4
8	144399347	144398957	24
8	144399374	144399127	34
8	144399504	144399275	11
8	144399808	144399219	30
8	144399869	144399587	30
8	144400086	144399780	14
8	144400086	144399799	12
8	144400277	144399808	17
8	144400277	144399991	8
8	144400494	144399991	19
8	144400494	144400165	40
8	144400818	144399991	10
8	144400818	144400165	8
8	144401292	144394881	9
8	144412667	144409741	2
8	144412947	144412413	2
8	144412947	144412414	2
8	144412947	144412562	5
8	144413390	144410394	1
8	144413390	144412758	1
8	144413568	144413236	1
8	144413568	144413339	1
8	144413570	144412758	1
8	144413572	144413236	1
8	144413586	144413236	1
8	144413587	144413236	1
8	144413592	144412758	1
8	144414897	144414261	0
8	144415111	144414724	2
8	144415111	144414865	2
8	144424133	144423600	169
8	144424133	144423616	170
8	144424133	144423619	166
8	144424133	144423620	166
8	144424133	144423630	161
8	144424133	144423671	157
8	144424133	144423863	175
8	144424269	144423600	112
8	144424269	144423616	107
8	144424269	144423621	107
8	144424269	144424040	79
8	144424269	144424104	78
8	144424820	144423600	92
8	144424820	144423616	91
8	144424820	144424040	101
8	144424820	144424214	78
8	144425001	144424717	128
8	144425052	144424717	118
8	144425773	144424040	107
8	144425773	144424214	87
8	144425773	144424717	100
8	144425773	144424945	92
8	144425773	144424964	93
8	144426064	144424214	71
8	144426064	144424717	47
8	144426064	144424945	84
8	144426064	144425395	56
8	144426064	144425682	54
8	144426064	144425717	52
8	144426209	144423616	94
8	144426209	144424214	71
8	144426209	144424945	90
8	144426209	144425682	48
8	144426980	144426179	31
8	144426984	144424945	58
8	144426984	144425682	25
8	144426984	144426179	31
8	144426999	144426179	28
8	144427292	144426179	31
8	144427295	144426025	32
8	144428544	144426470	32
8	144428544	144426908	39
8	144428545	144426908	39
8	144428549	144426908	39
8	144428564	144426908	39
8	144430538	144428774	19
8	144430538	144428807	26
8	144436419	144435473	407
8	144436682	144435657	94
8	144436921	144436557	65
8	144436921	144436604	60
8	144440074	144438665	4
8	144440211	144438652	5
8	144452571	144449581	7
8	144452571	144449930	19
8	144452571	144450575	62
8	144453461	144452035	6
8	144453461	144452358	26
8	144457642	144452358	97
8	144457929	144451119	84
8	144464613	144453221	36
8	144465036	144464459	49
8	144465097	144453221	47
8	144465097	144463816	47
8	144465097	144464274	47
8	144465097	144464577	47
8	144465429	144464580	47
8	144465431	144464808	61
8	144465435	144464808	63
8	144465490	144463816	43
8	144465649	144464808	35
8	144465668	144464808	35
8	144465678	144464808	35
8	144467631	144467713	0
8	144467780	144467858	14
8	144467988	144468328	41
8	144468651	144468724	5
8	144472707	144472794	65
8	144473052	144473131	63
8	144475224	144474872	1
8	144475262	144473411	2
8	144495757	144496460	8
8	144496726	144497170	378
8	144497294	144497409	186
8	144497444	144495457	101
8	144497454	144498769	123
8	144498162	144497361	152
8	144498981	144495617	74
8	144499306	144497976	120
8	144499523	144498912	95
8	144500200	144500266	206
8	144500281	144496379	155
8	144500392	144500486	15
8	144500613	144500685	77
8	144504694	144504770	9
8	144504694	144504808	9
8	144504880	144504997	11
8	144505079	144499437	10
8	144505099	144499333	10
8	144505445	144504964	9
8	144505928	144505994	15
8	144506132	144506231	15
8	144510508	144510597	10
8	144510723	144510793	15
8	144511790	144511287	22
8	144511790	144511290	22
8	144511790	144511293	22
8	144511790	144511324	31
8	144511790	144511389	27
8	144512562	144512143	402
8	144512714	144512143	299
8	144512772	144512391	257
8	144512772	144512452	273
8	144512773	144512391	262
8	144513139	144512641	323
8	144513713	144512846	174
8	144513713	144513217	156
8	144513713	144513415	174
8	144514108	144513570	140
8	144515891	144515325	154
8	144516004	144515763	144
8	144516414	144515857	382
8	144516765	144515763	352
8	144517191	144515987	202
8	144517191	144516244	224
8	144517500	144517049	20
8	144517509	144517049	23
8	144517554	144517049	42
8	144517573	144516832	96
8	144523334	144523635	45
8	144523334	144524260	84
8	144523810	144523923	186
8	144524106	144524260	83
8	144524270	144522438	130
8	144524279	144522376	135
8	144524720	144524109	102
8	144525034	144524440	105
8	144527019	144524815	19
8	144527033	144524815	20
8	144527788	144526251	30
8	144528073	144525732	20
8	144528073	144526959	29
8	144528073	144527323	36
8	144528557	144528023	9
8	144529063	144528372	10
8	144529093	144526218	7
8	144529133	144528023	8
8	144530872	144529178	5
8	144537814	144534128	10
8	144543971	144537757	11
8	144545811	144534128	6
8	144545811	144537720	4
8	144605700	144580845	0
8	144605817	144580845	0
8	144753797	144721128	3
8	144754322	144720906	3
8	144754322	144753453	1
8	144754322	144753682	2
8	144756418	144753680	6
8	144777578	144773113	1
8	144778165	144773971	1
8	144778165	144774353	1
8	144778526	144773119	0
8	144787305	144780231	0
8	144787308	144780227	0
8	144787326	144780227	0
8	144787346	144780231	1
8	144790471	144789765	8
8	144790471	144789766	8
8	144790471	144789767	8
8	144790471	144789768	8
8	144790471	144789769	8
8	144790471	144789784	16
8	144790471	144789801	18
8	144790471	144789808	17
8	144790764	144790354	32
8	144790873	144789764	20
8	144791308	144790354	78
8	144791311	144790354	78
8	144791496	144790354	87
8	144791496	144790677	80
8	144791496	144791276	800
8	144791873	144791276	78
8	144791915	144790354	66
8	144791915	144791276	63
8	144791915	144791370	64
8	144791960	144791276	49
8	144792058	144791772	80
8	144792126	144791849	137
8	144792141	144791112	73
8	144792141	144791276	51
8	144792141	144791506	80
8	144792141	144791772	98
8	144792144	144791772	79
8	144792154	144791772	80
8	144792352	144791772	90
8	144792391	144791276	49
8	144802948	144803640	1
8	144802948	144804124	0
8	144803768	144804124	0
8	144803768	144804145	0
8	144810268	144810791	9
8	144829091	144829426	34
8	144829091	144829444	37
8	144829091	144829477	34
8	144829091	144829522	37
8	144851175	144841041	11
8	144852658	144850824	9
8	144853004	144850825	7
8	144853035	144850218	9
8	144853068	144850165	9
8	144853068	144850166	9
8	144853737	144850187	7
8	144880459	144876496	2
8	144880459	144876535	2
8	144886903	144876950	0
8	144886903	144880364	0
8	144886903	144881138	1
8	144886903	144882654	2
8	144886903	144882759	2
8	144889695	144880364	1
8	144889695	144882605	2
8	144889695	144886839	3
8	144890060	144889580	1
8	144890075	144889580	1
8	144890404	144889580	1
8	144890404	144889686	1
8	144890404	144889932	1
8	144890404	144889965	1
8	144946216	144930357	0
8	144946216	144930359	0
8	144946216	144930384	0
8	144946216	144932122	5
8	144946216	144932143	5
8	144946216	144932404	3
8	144946216	144932414	3
8	144948026	144946010	0
8	144948036	144946010	0
8	144948531	144945923	1
8	144950596	144946010	2
8	144950820	144946010	1
8	144950876	144944088	2
8	144950876	144945912	1
8	144950889	144946010	1
8	144994593	144978138	5
8	144994593	144978314	5
8	144996163	144976684	2
8	144996608	144994478	2
8	144999724	144976189	6
8	144999770	144973588	1
8	144999770	144994478	0
8	144999770	144995721	0
8	144999770	144996451	0
8	144999770	144996506	0
8	145000539	144999602	0
8	145002851	144997981	0
8	145002876	144999602	1
8	145002882	145000351	0
8	145002895	144999602	1
8	145002896	144999602	1
8	14554927	14237591	0
8	14554927	14324102	0
8	14879820	14879056	0
8	15238340	14554731	0
8	16120607	16109430	0
8	16120607	16110045	0
8	16143612	16107877	0
8	16143612	16110084	0
8	16143612	16120417	0
8	16143612	16120888	0
8	16143612	16139318	0
8	16143612	16140654	0
8	16175301	16168457	0
8	16177989	16175186	0
8	16177993	16164064	0
8	16177993	16175186	0
8	16177993	16175209	0
8	16177993	16175262	0
8	1619894	1565508	0
8	1619894	1604551	0
8	16256411	16250397	0
8	16265332	16177885	0
8	16265332	16256243	0
8	16265332	16256330	0
8	16383328	16265172	0
8	16383329	16368085	0
8	16495881	16467751	0
8	16495947	16265172	0
8	16511911	16383278	0
8	16511911	16467763	0
8	16511917	16383278	0
8	16655139	16598757	0
8	16665761	16662534	0
8	16677075	16665547	0
8	16677376	16676916	0
8	16690963	16686936	0
8	16693236	16685696	0
8	16783283	16676904	0
8	16915045	16844104	0
8	16995759	16992168	0
8	17001841	16992977	0
8	17232538	17224963	7
8	17234861	17230567	9
8	17234861	17231569	8
8	17234861	17232328	7
8	17234861	17232426	8
8	17237374	17234592	3
8	17237374	17234715	3
8	17237596	17234800	5
8	17243186	17237211	3
8	17243186	17237241	4
8	17243546	17242991	3
8	17243623	17242993	3
8	17245053	17241293	0
8	17245092	17242991	2
8	17245248	17242991	1
8	17245248	17243180	1
8	17245248	17243441	3
8	17245248	17243506	1
8	17245248	17244326	2
8	17245932	17245035	2
8	17246573	17245035	0
8	17246856	17245035	1
8	17246858	17245035	1
8	17246866	17244739	1
8	17246879	17245035	0
8	17280298	17280374	5
8	17298159	17299854	5
8	17302281	17298029	3
8	17304520	17301650	2
8	17304520	17302153	3
8	17304520	17302201	2
8	17305958	17304378	3
8	17305958	17304438	3
8	17313402	17311510	0
8	17331283	17313291	0
8	17331283	17313384	0
8	17331283	17326316	0
8	17341498	17331149	0
8	17341498	17331199	0
8	17341498	17338729	0
8	17373241	17371036	0
8	17413308	17373117	0
8	17413328	17373117	0
8	17413529	17372994	0
8	1758307	1759296	0
8	1763298	1762624	1
8	1764340	1761989	0
8	1764503	1762080	0
8	17647080	17643794	0
8	17647080	17643798	0
8	17647080	17643803	0
8	17647080	17645661	0
8	17647080	17645925	0
8	17647080	17645975	0
8	17647279	17645868	0
8	17649963	17646981	0
8	17649963	17647003	0
8	17651765	17649845	0
8	17653282	17649845	0
8	17653282	17649879	0
8	17654667	17653185	2
8	17654667	17653424	3
8	17655026	17653424	1
8	17656066	17653424	1
8	17656066	17654560	2
8	17656066	17654563	2
8	17664082	17655862	0
8	17675253	17655862	0
8	17675253	17655870	0
8	17675253	17656018	0
8	17675253	17656025	0
8	17675253	17674667	0
8	17675253	17674734	0
8	17675253	17674836	0
8	17675265	17663979	0
8	17676143	17675185	0
8	17676211	17675185	0
8	17676415	17675185	0
8	17676494	17675185	0
8	17676495	17675185	0
8	17684543	17675185	0
8	17684543	17675216	0
8	17691365	17684327	0
8	17692218	17684327	0
8	17692227	17684327	0
8	17693339	17684327	0
8	17697671	17684327	0
8	17713253	17684327	0
8	17713253	17684334	0
8	17713253	17684353	0
8	17713253	17684474	0
8	17713253	17708766	0
8	17723834	17715766	0
8	17724011	17715766	0
8	17724163	17723671	0
8	17734248	17723671	0
8	17743800	17715766	0
8	17743800	17723240	0
8	17743800	17723671	0
8	17755012	17743603	0
8	17755962	17743603	0
8	17755982	17743603	0
8	17758205	17755620	0
8	17780963	17755437	0
8	17800669	17753716	0
8	17800918	17753716	0
8	1781145	1782355	28
8	17868736	17864379	0
8	17868736	17864388	0
8	17868736	17864392	0
8	17868736	17864583	0
8	17868736	17864657	0
8	17869005	17868336	0
8	17869005	17868547	0
8	17885572	17881998	0
8	17885780	17881998	0
8	17891808	17885491	0
8	17891810	17885491	0
8	17891830	17885519	0
8	17895342	17891680	0
8	17895405	17885491	0
8	17895405	17891680	0
8	17895518	17885491	0
8	17895539	17885491	0
8	17895539	17891680	0
8	17895545	17891265	0
8	17910366	17896169	0
8	18057624	18056834	28
8	18058892	18055991	0
8	18058892	18056415	0
8	18058892	18056430	0
8	18058892	18056451	0
8	18058892	18056454	0
8	18058892	18056455	0
8	18058892	18056458	1
8	18058892	18056461	2
8	18058892	18056465	2
8	18058892	18056469	2
8	18058892	18056472	2
8	18058892	18056474	2
8	18058892	18056476	2
8	18058892	18056487	2
8	18058892	18056492	2
8	18058892	18056502	2
8	18058892	18056537	2
8	18058892	18056545	2
8	18058892	18056570	3
8	18058892	18056707	3
8	18058892	18056723	3
8	18058892	18056752	3
8	18058892	18056770	1
8	18058892	18056781	0
8	18058892	18056801	0
8	18058892	18056808	0
8	18058892	18056834	0
8	18058892	18056879	0
8	18058892	18056902	0
8	18058892	18056914	0
8	18058892	18057047	0
8	18058892	18057197	2
8	18058892	18057430	0
8	18059465	18058834	0
8	18059704	18058834	0
8	18059704	18059340	0
8	18061450	18059571	0
8	18061459	18059571	0
8	18061697	18059600	0
8	18061741	18059571	0
8	18061741	18061376	0
8	18061741	18061389	0
8	18061741	18061407	0
8	18062349	18061685	2
8	18062368	18061685	3
8	18062424	18059571	0
8	18062424	18061685	3
8	18062721	18061686	3
8	18062796	18061376	2
8	18063144	18061685	0
8	18063231	18061376	1
8	18063231	18062278	1
8	18063231	18062335	1
8	18063231	18062339	1
8	18063231	18062352	1
8	18063231	18062354	1
8	18063231	18062393	1
8	18063625	18062247	2
8	18063848	18059571	1
8	18064279	18063184	2
8	18064469	18063184	3
8	18064472	18063184	3
8	18064475	18063184	3
8	18064532	18063184	3
8	18064532	18064122	2
8	18064769	18064456	8
8	18065125	18062278	3
8	18067299	18059571	0
8	18067299	18061376	1
8	18067299	18062278	3
8	18067299	18063184	0
8	18067299	18064234	0
8	18067299	18064456	0
8	18069817	18067219	0
8	18069873	18067219	0
8	18069873	18067221	0
8	18069879	18063074	0
8	18069879	18063184	0
8	18069879	18064412	0
8	18069879	18064456	0
8	18069879	18065895	0
8	18069879	18066576	0
8	18069879	18066762	0
8	18069879	18066763	0
8	18069879	18066766	0
8	18069879	18066889	0
8	18069879	18066901	0
8	18069879	18067219	0
8	18069879	18067249	0
8	18071391	18064456	1
8	18071391	18067219	0
8	18071391	18069460	0
8	18071391	18069791	0
8	18071412	18069791	0
8	18073277	18071299	0
8	18075581	18071299	0
8	18075588	18064456	0
8	18075588	18067219	1
8	18075588	18069791	0
8	18075588	18071299	0
8	18075588	18071308	0
8	18075588	18071326	0
8	18075588	18071330	0
8	18075588	18073255	0
8	18075683	18071299	0
8	18076038	18075540	0
8	18076269	18075540	0
8	18076306	18075540	0
8	18076414	18075540	0
8	18082604	18075540	0
8	18083185	18075540	2
8	18083409	18075540	0
8	18083951	18075540	0
8	18084027	18075540	0
8	18084065	18075540	0
8	18084068	18075540	0
8	18084074	18075540	0
8	18084075	18075540	0
8	18084078	18071299	2
8	18084078	18075540	0
8	18084079	18075540	0
8	18084080	18075540	0
8	18084081	18075540	0
8	18084089	18075540	0
8	18084092	18075540	0
8	18084097	18075540	0
8	18084101	18075540	0
8	18084109	18075540	0
8	18084115	18075540	0
8	18084116	18075540	0
8	18084121	18075540	0
8	18084124	18075540	0
8	18084127	18075540	0
8	18084143	18075540	0
8	18084149	18075540	0
8	18084287	18075540	0
8	18084287	18075584	1
8	18084314	18075540	0
8	18084371	18075540	0
8	18084803	18075540	0
8	18084818	18075540	0
8	18084845	18075540	0
8	18084852	18076176	1
8	18084918	18075540	0
8	18084930	18075540	0
8	18084961	18075540	0
8	18084962	18075540	0
8	18084972	18075540	0
8	18084981	18075540	0
8	18084986	18075540	0
8	18084999	18075540	0
8	18556332	18530709	0
8	18556335	18530560	0
8	18556353	18527300	0
8	18556353	18527302	0
8	18556353	18530709	0
8	18556353	18530710	0
8	18556353	18535636	0
8	18556353	18535719	0
8	18765538	18655641	0
8	18765539	18655641	0
8	18765539	18762884	0
8	18774939	18765448	0
8	18799354	18655641	0
8	18799354	18765448	0
8	18799354	18774826	0
8	18799354	18786775	0
8	18801383	18765448	0
8	18801383	18799147	0
8	18801383	18799290	0
8	18801383	18799294	0
8	18801383	18799297	0
8	18802353	18801269	0
8	18803280	18802275	0
8	18804603	18800996	0
8	18804603	18801269	0
8	18804603	18802330	0
8	18804603	18803161	0
8	18804830	18804521	1
8	18804868	18804521	0
8	18804875	18804521	0
8	18804899	18804359	0
8	18804899	18804521	0
8	18854337	18804703	0
8	18854375	18804703	0
8	18868070	18804703	0
8	18936143	18871625	0
8	18936143	18924532	0
8	18940453	18936033	0
8	19013687	18936033	0
8	19014461	18936052	0
8	19084731	18936040	0
8	19184663	19183673	0
8	19227232	19084991	0
8	19227232	19086894	0
8	19245490	19235463	0
8	19246826	19235463	0
8	19255850	19254240	0
8	19259470	19246708	0
8	19408695	19404160	5
8	19408695	19405779	0
8	19420519	19418655	0
8	19439932	19420339	0
8	19439932	19420382	0
8	19457817	19439829	0
8	19457817	19439876	0
8	19458643	19439829	0
8	19506131	19458425	1
8	19532021	19506036	0
8	19585318	19505200	0
8	19585318	19506115	0
8	19588024	19585285	0
8	19591279	19505200	0
8	19591279	19587928	0
8	19601866	19505200	0
8	19601866	19505522	0
8	19601866	19505673	0
8	19601866	19505791	0
8	19601866	19505879	0
8	19601866	19505905	0
8	19601866	19585165	0
8	19601866	19587873	0
8	1963132	1957920	0
8	1971519	1971924	0
8	1972664	1971180	0
8	1973037	1972539	0
8	1973189	1972914	0
8	19732567	19601770	0
8	1973346	1972820	0
8	1973611	1972569	0
8	19757306	19601770	0
8	19757939	19601770	0
8	19758030	19505544	0
8	20147392	20144854	0
8	20147392	20144855	0
8	20147392	20144858	0
8	20147392	20145497	0
8	20147723	20144855	0
8	20147723	20145787	0
8	20147723	20147257	0
8	20148071	20147602	0
8	20171147	20165046	0
8	20171495	20171102	2
8	20171495	20171104	2
8	20212906	20214817	26
8	20214969	20216412	9
8	20216496	20217219	4
8	20250364	20249721	18
8	20253586	20246164	0
8	20253586	20250111	2
8	20255182	20249894	9
8	202898	202659	4
8	20303964	20254836	0
8	20699945	20655690	0
8	20700135	20667837	0
8	20973878	20952644	0
8	21307894	21308109	0
8	21694518	21690402	0
8	21694518	21692017	0
8	21694518	21692842	0
8	21694518	21692934	0
8	21694518	21693181	0
8	21750943	21705931	0
8	21775056	21750587	0
8	21780955	21779549	0
8	21782900	21774971	0
8	21782900	21774975	0
8	21783143	21774971	0
8	21788160	21774971	0
8	21788324	21750587	0
8	21805129	21788119	0
8	21910858	21908872	0
8	21910858	21909463	0
8	21910858	21909614	0
8	21910858	21909634	0
8	21910858	21909828	0
8	21911076	21909833	0
8	219418	213185	1
8	22024831	22025215	1
8	22025050	22025215	1
8	22045019	22046146	0
8	22069061	22069418	0
8	22094519	22096336	10
8	22097621	22097716	11
8	22101852	22102174	33
8	22103186	22104068	94
8	22108347	22106871	4
8	22109398	22108132	2
8	22109420	22106873	1
8	22116429	22114414	55
8	22116429	22114418	55
8	22116429	22115068	56
8	22119066	22116299	77
8	22119066	22116874	67
8	22119284	22118731	52
8	22119284	22118949	38
8	22120174	22119759	19
8	22120508	22120103	13
8	22120508	22120118	13
8	22120959	22120341	2
8	22121229	22120715	10
8	22121229	22120842	13
8	22127830	22125581	12
8	22128117	22127485	14
8	22129211	22127036	5
8	22130682	22128085	10
8	22131053	22128558	2
8	22131869	22128558	2
8	22133385	22130470	0
8	22138794	22138019	26
8	22139062	22138250	34
8	22139062	22138638	32
8	22139530	22138638	58
8	22139530	22138902	38
8	22139530	22138925	42
8	22140084	22138906	9
8	22140084	22139415	8
8	22140249	22139801	8
8	22140249	22139962	8
8	22140698	22140171	5
8	22140698	22140205	10
8	22151654	22146824	0
8	22151654	22146829	0
8	22152001	22151488	0
8	22152001	22151537	0
8	22154040	22151830	0
8	22154040	22151891	0
8	22163547	22163769	0
8	22163547	22163882	0
8	22163547	22163900	0
8	22164052	22164265	0
8	22164060	22164265	0
8	22170008	22170008	5
8	22170063	22170063	4
8	22170079	22170079	3
8	22170086	22170086	3
8	22170105	22170105	3
8	22191576	22188368	0
8	22192152	22192234	12
8	22192579	22191085	0
8	22224344	22219703	0
8	22224344	22219720	0
8	22224344	22221457	0
8	22227026	22223732	0
8	22227026	22224225	0
8	22227026	22224291	0
8	22275163	22254575	0
8	22390656	22389864	0
8	22545406	22540844	1
8	22565074	22565267	0
8	22565873	22566344	14
8	22566244	22566344	5
8	22566714	22566821	11
8	22567172	22565996	3
8	22574725	22574973	87
8	22585089	22585089	0
8	22589375	22589595	2
8	22589742	22591550	8
8	22589742	22593732	18
8	22591669	22593732	6
8	22602081	22602199	41
8	22602313	22602536	7
8	22602313	22602560	8
8	22603289	22603290	121
8	22614315	22614389	98
8	22614504	22614837	131
8	22615002	22615424	133
8	22615597	22615681	106
8	22615913	22616011	74
8	22617415	22617415	88
8	22617440	22617440	87
8	22618729	22618826	74
8	22618874	22618875	166
8	22619356	22619637	155
8	22622698	22621530	7
8	22624050	22620417	11
8	22624050	22620435	12
8	22624050	22620711	5
8	22624050	22620774	6
8	22624050	22621269	5
8	22624364	22623914	4
8	22626543	22623914	66
8	22630005	22624221	9
8	22630005	22624229	11
8	22630005	22625046	67
8	22630005	22625300	66
8	22630579	22629703	4
8	22630579	22629963	4
8	22636963	22630441	22
8	22636963	22636524	6
8	22644804	22630441	2
8	22644804	22636589	5
8	22644804	22636921	2
8	22644805	22636921	2
8	22644897	22644754	0
8	22669080	22636921	4
8	22669092	22644754	5
8	22669114	22644754	5
8	22669121	22644754	5
8	22669123	22644754	5
8	22669126	22644754	5
8	22669149	22644587	5
8	22692225	22691164	5
8	22692355	22690423	10
8	22692415	22690042	8
8	22692718	22690471	7
8	22693303	22687658	0
8	22724957	22713250	0
8	22817736	22727174	0
8	22817736	22815072	0
8	22897814	22895433	0
8	22920311	22817636	0
8	22927721	22920183	0
8	22927909	22927583	0
8	22941337	22927583	0
8	23000001	22927583	0
8	23007532	22984595	0
8	23007747	23007992	6
8	23019336	23006380	5
8	23024261	23020132	11
8	23024261	23022310	10
8	23024261	23022473	10
8	23024261	23022885	8
8	23028442	23027721	106
8	23028603	23027721	80
8	23028603	23028330	119
8	23029722	23028264	22
8	23029722	23028330	20
8	23029722	23028528	24
8	23029722	23028539	23
8	23043244	23030758	0
8	23049928	23043137	0
8	23069022	23043137	0
8	23069023	23042903	0
8	23069032	23030758	0
8	23069180	23043137	0
8	23074489	23071376	0
8	23074489	23072028	0
8	230908	230007	0
8	23138261	23135587	0
8	23197205	23190451	5
8	23197205	23191648	10
8	23197274	23191813	7
8	23199918	23199265	6
8	23200601	23199885	11
8	23212213	23202647	0
8	232212	219289	0
8	23225062	23202647	1
8	23230916	23225232	2
8	23287968	23288094	2
8	23289926	23290051	24
8	23290220	23290334	23
8	23298948	23297188	22
8	23317115	23309667	8
8	23320006	23316733	1
8	23320053	23316948	1
8	23322282	23319884	0
8	23322282	23319926	0
8	23322282	23319960	0
8	23328566	23321736	0
8	23328566	23322129	0
8	23328587	23322129	0
8	23328769	23322129	0
8	23333496	23328381	4
8	23333554	23331436	3
8	23333624	23328381	3
8	23333637	23328381	3
8	23341177	23328381	5
8	23341204	23333400	8
8	23360266	23340991	1
8	23368435	23316983	7
8	23368435	23360089	0
8	23368435	23360165	0
8	23368435	23360203	0
8	23370763	23368064	0
8	23371127	23367996	0
8	23382514	23367996	0
8	23404074	23367996	0
8	23404074	23385782	0
8	23404074	23402605	0
8	23404077	23382390	3
8	23404127	23368176	2
8	23404227	23370642	0
8	23404241	23367996	0
8	23425292	23403953	0
8	23425302	23403905	0
8	23425329	23367996	1
8	23434479	23385782	0
8	23434479	23403953	1
8	23434479	23429151	50
8	23434479	23432925	30
8	23434739	23432645	27
8	23435478	23434092	11
8	23435478	23434316	7
8	23435478	23434414	9
8	23437093	23435391	8
8	23437154	23435391	7
8	23437259	23435391	7
8	23439916	23436933	1
8	23440085	23437033	2
8	23442067	23439748	4
8	23442067	23441568	2
8	23442067	23441592	2
8	23443954	23442006	0
8	23444607	23443849	1
8	23447788	23444455	0
8	23447886	23444455	0
8	23447886	23444535	0
8	23494199	23493008	0
8	23566337	23568258	299
8	23566337	23568321	234
8	23566814	23568321	242
8	23566941	23568321	229
8	23566966	23568321	229
8	23682632	23680987	3
8	23682928	23678692	0
8	23706599	23702450	0
8	23732661	23726330	0
8	23851532	23841914	0
8	23851532	23843913	0
8	24174369	24169956	0
8	24296251	24295813	0
8	24300930	24295890	0
8	24300930	24296153	0
8	243014	243721	0
8	243014	244618	0
8	243806	244618	0
8	243859	244618	0
8	24387325	24300884	0
8	24387342	24300884	0
8	24387516	24300884	0
8	24405445	24405533	0
8	24492161	24490311	0
8	24511944	24491859	0
8	24514589	24511621	0
8	24514665	24511629	0
8	24514665	24511670	0
8	24514830	24511621	0
8	24548619	24387750	0
8	24884124	24387750	0
8	24913805	24914426	1
8	24917413	24918317	0
8	24917617	24918270	0
8	24917732	24917848	0
8	24953796	24950954	1
8	24953796	24950957	1
8	24953796	24952379	2
8	24954221	24953475	0
8	24954306	24953475	0
8	24955643	24954180	0
8	24955645	24954221	0
8	24956516	24955471	27
8	24956613	24955471	13
8	24957111	24954180	1
8	2511073	2493875	0
8	2529004	2517897	0
8	25421669	25419259	5
8	25421669	25419261	5
8	25426581	25425520	15
8	25432638	25427846	15
8	25432638	25429261	13
8	25435513	25433329	2
8	25436331	25435362	1
8	25436331	25435432	1
8	25436486	25436234	2
8	25436486	25436261	2
8	25439408	25436417	2
8	25439665	25439278	5
8	25439793	25439278	3
8	25439793	25439355	3
8	25440674	25439278	2
8	25440674	25439605	6
8	25440674	25439609	6
8	25440674	25439628	6
8	25444336	25440542	8
8	25444336	25440576	9
8	25444336	25440623	6
8	25446251	25440576	4
8	25446251	25444291	3
8	25450482	25446128	4
8	25450612	25446149	6
8	25451544	25450379	9
8	25457418	25446128	8
8	25457755	25450378	6
8	25458281	25450379	2
8	25458307	25440576	5
8	25458388	25446128	3
8	25458432	25446128	3
8	25458443	25446128	3
8	25458468	25446128	3
8	25458477	25446079	2
8	25460301	25460383	23
8	25832936	25820974	0
8	25840136	25834128	0
8	25850762	25841729	0
8	25850762	25844361	0
8	25850762	25844608	0
8	2595701	2589984	0
8	2595704	2589984	0
8	2596705	2589984	0
8	26033154	25908473	0
8	26040102	26031449	0
8	26040102	26033084	0
8	26256629	26254882	0
8	26293572	26293665	0
8	26362849	26363720	14
8	26381520	26379391	0
8	26381867	26375912	0
8	26382942	26381799	1
8	26382954	26379258	0
8	26434066	26433028	0
8	26509673	26508858	0
8	26509673	26508960	0
8	26509678	26504685	0
8	26509678	26508812	0
8	26509678	26508864	0
8	26509678	26508888	0
8	26509678	26509011	0
8	26511771	26509547	0
8	26512968	26509547	0
8	26513016	26509547	0
8	26513873	26509171	0
8	26513884	26509600	0
8	26513901	26509547	0
8	26514093	26509547	0
8	2670010	2666078	0
8	2670010	2666101	0
8	2674846	2669780	0
8	2674846	2669801	0
8	2674846	2669828	0
8	26770667	26748149	0
8	26770667	26756395	0
8	26770667	26756559	0
8	26770667	26765853	0
8	26853796	26770209	0
8	26854575	26853769	0
8	26854652	26853729	0
8	26859206	26748149	0
8	26859206	26756395	0
8	26864977	26770280	0
8	26865170	26770280	0
8	26865406	26748149	0
8	26865406	26756395	0
8	26865406	26769704	0
8	26865406	26770280	0
8	26865406	26779052	0
8	26865656	26770025	0
8	2705287	2674729	0
8	2705287	2678856	0
8	2705287	2696553	0
8	2705287	2701472	0
8	27239280	27235884	0
8	27239280	27236474	0
8	27240163	27235322	0
8	27240163	27236302	0
8	27240163	27239225	0
8	27241263	27239339	0
8	27241263	27239689	0
8	27241263	27239970	0
8	27241758	27241053	0
8	27241758	27241167	0
8	27242493	27241053	0
8	2728452	2674729	0
8	27288128	27285808	46
8	27289281	27284886	15
8	27289281	27287700	1
8	27289281	27288035	1
8	27294136	27290155	6
8	27294311	27289161	1
8	27294311	27290155	3
8	27298560	27294039	1
8	27298560	27294079	1
8	27311239	27294079	0
8	27431017	27431397	0
8	27454292	27454530	0
8	27463861	27461097	0
8	27463994	27459760	0
8	27463994	27461097	0
8	27463994	27461602	0
8	27467339	27461097	0
8	27467339	27462978	0
8	27467339	27463390	0
8	27467339	27463627	0
8	27467518	27460575	0
8	27469380	27467228	0
8	27469409	27467228	0
8	27469982	27469334	0
8	27469982	27469348	0
8	27470032	27469334	0
8	27471195	27469334	0
8	27471195	27469528	0
8	27471195	27469760	0
8	27471195	27469805	0
8	27471195	27469811	0
8	27471195	27469904	0
8	27475273	27471001	0
8	27475503	27470985	0
8	27477229	27470985	0
8	27478852	27470985	0
8	27478895	27471188	0
8	27479014	27470985	0
8	27479215	27470985	0
8	27479262	27470985	0
8	27479292	27471139	0
8	27479297	27470985	0
8	27479884	27470985	0
8	27490839	27491167	0
8	27598636	27596916	0
8	27598636	27597807	0
8	27598636	27597995	0
8	27598636	27598142	0
8	27600010	27597995	0
8	27600010	27598459	0
8	27600010	27598536	0
8	27600016	27598459	0
8	27604396	27598459	0
8	27604396	27599779	0
8	27605070	27604309	0
8	27605336	27604290	0
8	27605336	27604365	1
8	27605336	27604923	18
8	27605340	27604217	0
8	27605340	27604290	0
8	27606525	27604923	0
8	27606525	27605140	0
8	27606525	27605171	0
8	27609087	27606353	0
8	27609087	27606363	0
8	27609087	27606381	0
8	27610601	27608540	0
8	27610601	27608936	0
8	27610601	27608937	0
8	27611206	27610474	0
8	27611219	27610474	0
8	27611358	27608937	0
8	27611432	27610474	0
8	27611752	27610474	0
8	27611967	27610474	0
8	27613684	27610474	0
8	27614244	27610475	0
8	27614371	27610474	0
8	27614682	27610474	0
8	27614691	27610474	0
8	27614694	27610474	0
8	27614701	27610474	0
8	27615032	27610474	0
8	27740518	27733310	4
8	27740518	27733317	4
8	27740518	27735051	4
8	27740518	27735861	4
8	27740518	27736051	4
8	27740518	27736077	4
8	27740518	27736162	4
8	27748280	27735812	2
8	27748280	27740471	2
8	27748476	27740471	1
8	27748549	27747752	1
8	27748599	27748071	0
8	27748599	27748076	0
8	27752588	27740471	1
8	27752588	27740500	1
8	27752588	27748076	0
8	27752590	27747876	0
8	27756771	27752511	0
8	27762459	27752511	0
8	27811135	27809619	19
8	27811135	27810293	22
8	27811168	27810200	29
8	27820695	27810957	4
8	27822489	27820564	5
8	27822489	27820603	5
8	27828199	27820564	17
8	27879767	27869881	0
8	27879767	27870235	0
8	27904835	27879568	0
8	27907247	27904368	0
8	27907247	27904727	0
8	27907247	27904777	0
8	27922246	27909662	0
8	27966543	27909662	0
8	28027053	28021963	0
8	28069653	28068215	0
8	28070357	28069543	0
8	28070357	28069642	0
8	28339256	28250062	0
8	28349229	28345584	29
8	28349229	28348286	1
8	28349229	28348528	2
8	28349229	28348558	2
8	28351567	28348277	11
8	28351808	28350063	5
8	28352674	28351417	3
8	28352674	28351494	3
8	28356780	28353172	1
8	28359825	28356669	3
8	28359825	28356689	3
8	28361143	28359591	0
8	28361183	28359591	0
8	28361183	28359594	0
8	28361183	28359691	0
8	28361183	28359756	1
8	28368566	28360884	0
8	28368566	28365347	0
8	28375380	28360884	1
8	28375383	28360884	1
8	28385398	28360884	1
8	28386074	28360884	0
8	28386139	28360884	0
8	28386467	28360884	0
8	28402702	28360982	0
8	28420056	28415523	1
8	28429404	28428411	0
8	28429404	28428642	0
8	28429413	28428423	0
8	28447274	28360884	0
8	28447274	28428447	1
8	28447274	28429377	0
8	28452477	28428407	0
8	28452477	28446962	0
8	28452477	28447170	0
8	28456807	28452243	0
8	28456931	28452243	0
8	28456931	28452261	0
8	28463666	28452243	0
8	28463819	28452266	0
8	28463819	28456657	0
8	28463819	28456765	0
8	28473787	28463611	0
8	28473808	28463611	0
8	28473808	28465198	0
8	28483463	28463611	0
8	28563267	28563940	3
8	28700044	28698211	3
8	28700044	28698402	2
8	28700531	28699904	3
8	28701254	28700124	3
8	28701320	28696197	3
8	28701465	28699440	2
8	28770027	28767660	3
8	28770027	28767757	6
8	28770027	28767911	7
8	28770027	28767946	6
8	28771065	28769888	5
8	28771081	28769600	5
8	28771081	28769888	5
8	28771166	28769888	6
8	28775926	28770981	3
8	28775927	28769888	4
8	28775927	28770981	3
8	28776272	28771005	0
8	28777954	28775758	2
8	28780995	28777828	2
8	28780995	28777859	2
8	28784001	28780822	2
8	28787890	28780822	2
8	28787890	28780950	1
8	28793988	28787828	0
8	28796656	28793728	1
8	28796656	28793806	0
8	28796976	28793806	0
8	28812462	28796543	1
8	28812462	28796567	1
8	28812462	28796618	1
8	28813613	28796543	1
8	28813613	28812326	0
8	28813701	28812356	0
8	28835379	28796543	0
8	28835379	28812326	0
8	28835379	28813491	0
8	28837777	28812326	0
8	28837777	28813491	0
8	28837777	28835291	0
8	28846810	28837636	0
8	28846810	28837703	0
8	28850274	28837636	0
8	28850274	28846746	1
8	28859504	28837636	0
8	28859547	28850212	0
8	28859564	28850008	0
8	28859564	28850212	0
8	28889943	28850212	0
8	29049049	29049289	3
8	29067577	29068167	20
8	29072317	29067278	2
8	29072317	29070493	2
8	29140618	29140062	0
8	29142304	29140467	0
8	29146541	29142156	0
8	29147603	29145857	0
8	29147603	29145862	0
8	29147603	29146377	0
8	29150384	29148576	0
8	29155857	29150296	0
8	29191058	29188514	0
8	29196200	29190996	0
8	29245440	29186291	0
8	29245440	29189300	0
8	29245440	29196186	0
8	29338502	29333063	22
8	29338502	29336538	36
8	2942605	2935352	0
8	2942605	2935353	0
8	2942605	2938098	0
8	29678005	29673921	0
8	29725020	29721253	0
8	29726424	29677909	0
8	29821915	29815003	0
8	29845452	29815003	0
8	3000132	2998010	0
8	30066068	30063794	20
8	30066140	30063011	12
8	30066140	30063097	19
8	30066140	30063125	22
8	30066140	30063129	22
8	30066919	30065711	6
8	30066919	30065987	6
8	30066919	30066027	4
8	30067054	30065873	4
8	30069950	30066776	5
8	30070036	30066776	5
8	30070060	30063852	6
8	30070060	30066776	4
8	30070060	30066903	5
8	30073989	30069792	4
8	30074029	30069873	3
8	30074052	30069641	3
8	30074056	30069641	3
8	30078257	30073878	0
8	30082425	30073876	0
8	30082949	30073876	0
8	30082966	30069641	0
8	30082972	30073693	0
8	30083044	30078211	0
8	30083065	30073876	0
8	30083075	30073876	0
8	30083125	30073876	0
8	30083154	30069641	0
8	30083208	30073876	0
8	30083209	30069641	0
8	30138757	30131823	1
8	30180889	30176553	2
8	3018651	2999957	0
8	3018651	2999978	0
8	3029514	2999957	0
8	30383363	30382123	0
8	30383698	30382118	0
8	30544625	30545163	12
8	30564453	30566256	21
8	30580397	30578317	2
8	30585159	30584502	1
8	30607151	30580280	0
8	30607151	30584968	0
8	30612366	30607056	0
8	30612482	30607056	0
8	30612482	30607103	0
8	30614716	30612298	0
8	30614716	30612469	1
8	30653603	30635031	0
8	30653603	30637244	0
8	30681038	30678060	2
8	30681038	30678368	6
8	30681038	30679265	2
8	30681038	30679519	5
8	30682062	30680903	0
8	30684200	30681929	0
8	30684200	30681930	0
8	30696480	30684087	2
8	30696480	30689160	1
8	30696480	30692968	1
8	30700136	30696379	4
8	30700136	30696404	3
8	30708142	30696379	1
8	30774931	30774456	1
8	30786308	30774832	0
8	30786489	30786128	7
8	30791281	30786210	4
8	30791316	30785609	2
8	30791564	30786108	6
8	30794079	30790989	1
8	30794079	30791196	1
8	30794282	30793916	0
8	30794282	30793961	0
8	30794491	30793115	1
8	30797755	30794191	9
8	30797755	30794197	8
8	30799649	30797580	2
8	30799756	30785615	2
8	30799756	30797580	1
8	30810277	30799545	6
8	30812598	30799716	2
8	30812873	30799545	1
8	30812879	30799545	1
8	30814315	30799580	5
8	30838062	30831543	0
8	30838062	30831545	0
8	30838062	30832966	0
8	30875103	30867264	0
8	30887008	30874992	0
8	30887312	30874936	0
8	3097038	3091515	0
8	31033195	31032291	0
8	31033716	30995801	0
8	3106642	3091515	0
8	3106642	3096848	0
8	3107156	3096901	0
8	3110336	3108602	0
8	3113364	3110212	0
8	31171585	31171122	1
8	31176873	31167077	4
8	31177007	31171525	3
8	3118588	3110157	0
8	31220985	31219893	0
8	3142675	3118398	0
8	3142675	3127385	0
8	3151514	3142464	0
8	3157967	3151246	0
8	3157967	3151396	0
8	3157967	3151431	0
8	3284347	3230039	0
8	3284347	3278363	0
8	330333	311132	0
8	33372805	33371828	12
8	33372805	33372078	13
8	33377557	33372643	0
8	33377581	33372381	0
8	33389251	33372643	0
8	33389799	33370823	0
8	33389799	33371060	0
8	33389799	33372263	0
8	33394256	33388962	0
8	33453511	33388895	0
8	33453511	33388962	0
8	33453511	33394217	0
8	33455822	33453215	0
8	33455833	33453073	0
8	33460772	33453381	0
8	33461726	33451727	0
8	33461726	33453215	0
8	33461728	33453215	0
8	33473423	33461371	0
8	33488630	33488733	2
8	33488799	33488987	4
8	33500491	33473385	7
8	33500491	33498508	119
8	33500491	33498953	114
8	33500491	33498955	114
8	33500491	33499117	123
8	33503573	33500327	1
8	33512713	33509745	1
8	33513005	33512310	10
8	33513110	33509745	1
8	33513186	33511966	7
8	33513602	33511966	0
8	33549493	33547754	0
8	33593748	33591331	0
8	33593748	33591847	0
8	33597592	33593532	0
8	33597774	33593532	0
8	33597808	33593531	0
8	3375227	3373352	0
8	3387683	3369253	0
8	33975544	33973700	1
8	34248947	34229293	0
8	3468825	3409422	0
8	3469201	3468711	0
8	3493727	3468711	0
8	3586261	3574944	0
8	3598307	3586135	0
8	36034949	36004319	0
8	36094026	36004315	0
8	3613279	3586135	0
8	3616740	3586164	0
8	3616798	3586135	0
8	36321405	36321038	0
8	36701894	36537390	0
8	36765206	36701820	0
8	36774281	36764953	0
8	36774281	36765056	1
8	3704858	3702146	0
8	37069419	37067440	0
8	3708492	3616709	0
8	37330838	37326574	0
8	37331985	37330671	0
8	37406725	37405438	0
8	37431177	37421340	0
8	37473211	37431748	0
8	37473211	37450762	0
8	37476013	37421403	0
8	37476013	37473077	0
8	37493835	37475841	0
8	37493914	37475841	0
8	37517022	37516409	0
8	37529191	37475841	0
8	37529191	37475953	0
8	37598779	37597634	0
8	37602874	37600536	0
8	37674388	37626014	0
8	37737427	37734760	0
8	37744697	37745568	2
8	37765634	37765710	1
8	37766356	37766481	6
8	37845775	37844701	8
8	37847176	37843267	3
8	37847176	37845685	3
8	37847342	37846956	0
8	37847342	37847055	0
8	37848656	37846853	0
8	378638	377778	0
8	37870529	37858617	0
8	37870529	37858948	0
8	37870529	37862758	2
8	37870529	37862894	0
8	37873180	37870419	1
8	37873279	37862894	2
8	37873279	37870419	1
8	37875323	37870386	0
8	37875323	37870419	0
8	37935216	37934280	0
8	37935870	37934978	0
8	37935870	37935072	0
8	37937750	37937276	0
8	37938882	37937637	0
8	37938999	37937637	0
8	37965954	37934339	0
8	37966966	37962990	0
8	380310	375930	0
8	380310	379087	0
8	381193	377563	0
8	38145316	38143648	0
8	38146148	38144224	0
8	38146148	38145221	0
8	38146448	38143651	0
8	38146448	38145962	0
8	38148328	38146288	0
8	38148360	38146362	0
8	38148755	38146288	0
8	38169918	38163320	2
8	38169918	38163358	2
8	38169918	38163427	6
8	38169918	38163609	5
8	38172034	38163334	4
8	38176590	38177004	12
8	38202224	38201698	0
8	38225371	38223956	0
8	38249804	38251911	0
8	38265623	38264738	10
8	38266270	38264432	14
8	38266312	38263129	12
8	38266312	38263137	12
8	38266312	38264350	13
8	38266312	38264397	14
8	38266312	38264542	11
8	38266312	38264738	8
8	38266460	38264316	11
8	38267323	38266140	20
8	38267392	38266140	21
8	38267737	38266979	21
8	38267961	38266979	22
8	38267961	38267180	22
8	38267961	38267266	24
8	38268940	38267896	25
8	38268991	38267000	21
8	38268991	38267896	30
8	38268991	38268370	29
8	38269141	38268370	23
8	38269175	38268822	9
8	38269176	38268881	6
8	38269181	38268881	6
8	38269197	38268881	6
8	38269202	38268618	9
8	38269208	38268881	9
8	38269221	38268881	9
8	38269231	38267896	14
8	38269244	38268881	10
8	38273443	38275358	25
8	38276501	38269696	15
8	38276501	38275022	5
8	38276501	38275489	3
8	38276501	38275542	5
8	38278413	38276295	3
8	38289506	38288486	0
8	38290678	38289392	0
8	38290749	38289420	0
8	38295953	38290474	0
8	38299591	38295795	1
8	38299795	38295795	0
8	38304758	38295795	1
8	38318941	38315911	6
8	38318941	38316416	6
8	38319292	38316854	8
8	38321173	38318894	6
8	38326836	38319754	0
8	38326857	38321071	0
8	38337468	38331430	1
8	38338608	38337304	0
8	38338608	38337368	0
8	38348216	38338535	0
8	38363901	38348095	0
8	38380822	38348126	0
8	38381732	38347496	0
8	38381847	38347496	0
8	38382246	38347496	0
8	38382273	38347496	0
8	38392996	38394097	2
8	38392996	38394182	8
8	38401637	38400214	1
8	38401684	38400535	1
8	38413805	38402893	4
8	38413977	38412084	17
8	38414024	38410893	15
8	38414024	38411137	15
8	38414024	38411138	15
8	38414024	38411230	5
8	38414024	38412727	13
8	38414024	38412729	13
8	38414024	38412730	13
8	38414024	38412731	13
8	38414024	38412847	17
8	38414024	38412933	17
8	38414024	38413521	1
8	38414035	38413465	1
8	38414630	38414151	0
8	38414902	38414558	0
8	38414902	38414612	0
8	38415924	38414778	0
8	38416061	38414778	0
8	38417417	38415869	1
8	38417417	38415992	2
8	38417515	38415869	1
8	38417992	38417305	1
8	38417992	38417312	1
8	38417992	38417406	1
8	38418374	38417869	1
8	38418675	38417952	1
8	38421942	38418227	4
8	38421942	38419532	3
8	38421942	38419538	3
8	38422045	38419532	2
8	38423176	38419532	0
8	38423176	38421796	0
8	38424622	38422743	3
8	38424700	38419532	0
8	38424700	38421707	2
8	38424700	38421796	2
8	38424700	38423024	0
8	38426182	38424508	0
8	38426246	38423312	0
8	38426246	38424016	0
8	38426246	38424508	0
8	38426246	38424545	0
8	38426246	38424548	0
8	38426246	38424682	0
8	38428094	38424527	0
8	38428094	38426121	0
8	38428094	38426157	0
8	38428094	38426173	0
8	38428094	38426178	0
8	38428436	38426126	0
8	38428436	38427920	0
8	38428436	38428011	0
8	38428445	38427920	0
8	38429391	38427920	0
8	38429391	38428345	0
8	38429391	38428351	0
8	38429812	38427920	0
8	38429949	38427920	0
8	38429949	38428345	0
8	38429949	38428351	0
8	38429949	38429246	0
8	38430003	38428345	0
8	38430821	38426121	1
8	38440374	38429681	0
8	38457447	38428345	0
8	38457447	38428351	0
8	38457447	38429246	0
8	38457447	38429681	0
8	38457477	38428345	0
8	38457504	38428351	0
8	38457533	38421842	0
8	38457535	38427920	0
8	38457535	38428345	0
8	38457535	38428351	0
8	38457535	38428362	0
8	38457535	38429520	0
8	38457535	38429681	0
8	38457535	38429719	0
8	38457535	38440305	0
8	38458895	38457355	1
8	38458970	38457355	0
8	38458985	38457355	0
8	38461256	38457355	0
8	38463401	38457441	0
8	38466197	38465513	0
8	38466664	38457355	0
8	38466664	38465412	0
8	38466696	38458846	0
8	38467708	38428351	0
8	38467708	38458846	0
8	38467713	38458846	0
8	38467725	38461095	0
8	38467805	38457355	0
8	38467843	38457355	0
8	38467846	38457355	0
8	38467846	38461095	0
8	38467901	38457355	0
8	38468151	38457355	0
8	38468309	38457355	1
8	38468617	38457355	1
8	38468622	38457355	0
8	38468623	38457355	0
8	38468636	38457355	0
8	38468642	38457355	0
8	38468835	38457355	0
8	38516513	38510833	0
8	38516513	38511666	0
8	38528658	38511378	0
8	38544180	38543651	0
8	38551579	38543651	0
8	38552681	38551454	0
8	38553092	38552247	0
8	38553092	38552249	0
8	38553792	38551454	0
8	38560940	38530751	0
8	38701108	38700625	0
8	38788566	38788703	4
8	38846440	38844865	4
8	38971851	38972231	6
8	38973012	38970359	10
8	38993661	38988807	3
8	38993661	38990804	5
8	38993661	38991371	7
8	38993661	38991485	7
8	38993661	38991491	7
8	38994037	38991493	5
8	38995406	38993544	5
8	38995625	38995317	1
8	38995694	38993544	5
8	38995795	38993544	4
8	38996484	38995317	4
8	38996499	38995118	5
8	38996510	38993544	2
8	38996510	38995315	4
8	38996510	38995317	4
8	38996534	38995317	3
8	38996817	38995368	2
8	38996825	38995317	2
8	39014044	39014491	4
8	39165197	39169915	2
8	39454101	39451044	0
8	39454101	39451047	0
8	39455396	39454049	0
8	39455505	39454049	0
8	39465960	39455338	0
8	39467701	39455338	0
8	39474706	39473932	0
8	39475522	39474509	0
8	39475522	39474639	0
8	39490358	39475422	0
8	39490358	39477695	0
8	39490358	39488886	0
8	39492009	39455338	0
8	39492009	39475422	0
8	39744894	39743734	0
8	39744894	39743737	0
8	39744894	39744030	0
8	39767044	39749666	0
8	39767044	39761175	0
8	39767044	39761179	0
8	39767044	39761180	0
8	39767252	39766847	0
8	39767252	39766848	0
8	39821171	39777024	0
8	39821171	39788668	0
8	39821171	39809409	0
8	39821171	39817901	0
8	39867813	39867435	0
8	39920891	39918075	0
8	39987499	39903774	0
8	40304784	40298740	0
8	40333954	40333172	0
8	40343403	40299074	0
8	40581262	40530589	0
8	40581262	40530593	0
8	40674932	40581164	0
8	40674932	40581203	0
8	40697338	40674363	0
8	40697402	40581164	0
8	40697402	40674703	0
8	40767731	40696995	0
8	40767731	40697244	0
8	40767731	40697269	0
8	40767731	40697273	0
8	40786783	40767640	0
8	40786783	40767645	0
8	40808572	40767640	0
8	40808572	40786688	0
8	40825681	40767640	0
8	40825681	40786688	0
8	40825681	40808508	0
8	40825681	40808522	0
8	40901855	40900015	0
8	41277004	41275114	0
8	41303539	41261957	0
8	41303539	41261963	0
8	41490690	41490869	1
8	41529389	41530183	4
8	41529397	41530183	4
8	41537311	41534154	0
8	41541900	41541990	2
8	41544770	41542046	37
8	41545045	41540380	24
8	41578369	41537070	0
8	41598477	41599233	122
8	41610622	41610735	54
8	41621503	41609691	43
8	41647360	41645177	0
8	41648236	41646071	0
8	41661565	41653224	0
8	41661565	41655323	0
8	41661565	41655439	0
8	41661942	41653219	0
8	41661942	41653224	0
8	41661942	41655300	0
8	41661942	41655374	0
8	41661942	41661429	0
8	41663743	41655300	0
8	41663743	41655685	0
8	41663743	41660988	0
8	41663743	41661526	0
8	41663743	41661800	0
8	41663743	41661875	0
8	41664910	41663658	0
8	41665208	41663658	0
8	41665262	41663658	0
8	41665275	41663658	0
8	41665287	41663658	0
8	41665831	41664804	0
8	41668565	41663658	0
8	41672427	41668266	0
8	41672530	41668340	0
8	41672913	41668266	0
8	41684691	41668266	0
8	41797594	41788881	0
8	41797623	41758035	0
8	41896763	41758035	0
8	41937569	41929478	0
8	41937569	41930760	2
8	41937569	41930761	2
8	41937569	41933187	0
8	41937569	41934399	0
8	41937569	41934773	0
8	41941445	41937255	0
8	41943001	41940841	1
8	41943980	41940841	0
8	41943980	41942048	3
8	41943980	41942786	0
8	41943980	41942792	0
8	41944861	41934788	3
8	41946685	41943747	1
8	41947913	41946590	2
8	41949364	41946512	0
8	41949364	41947750	0
8	41974735	41957048	1
8	41974823	41955295	0
8	41974823	41964350	2
8	41977136	41974703	0
8	41977328	41973403	0
8	41977328	41973421	0
8	41977328	41973497	0
8	41977328	41974703	0
8	41977491	41974799	0
8	42049303	41987454	0
8	42049708	42048377	3
8	42051985	42049575	0
8	42051988	42045877	0
8	42051988	42048377	0
8	42051988	42049575	0
8	42051988	42049619	0
8	42051991	42049575	0
8	42051995	42049619	0
8	42052027	42048377	0
8	42153106	42154477	2
8	42153106	42154565	3
8	42153106	42154615	4
8	42153228	42154477	3
8	42153228	42154615	4
8	42154537	42154615	3
8	42169286	42169888	63
8	42179064	42175232	10
8	42179064	42175236	10
8	42179064	42175560	16
8	42179064	42175746	13
8	42179064	42175899	11
8	42180379	42179925	4
8	42180686	42180241	9
8	42180686	42180305	9
8	42180765	42180082	8
8	42182766	42181936	6
8	42182891	42181936	4
8	42185114	42182339	6
8	42185159	42182718	3
8	42185173	42182718	3
8	42187573	42182718	3
8	42187573	42185080	3
8	42187933	42187397	2
8	42188017	42182718	2
8	42188017	42185080	5
8	42188017	42187397	2
8	42188017	42187400	3
8	42188017	42187464	3
8	42188490	42184694	2
8	42189072	42182718	2
8	42191415	42182718	2
8	42263407	42249051	0
8	42263473	42233674	0
8	42263473	42255327	0
8	42270389	42263328	0
8	42270912	42263328	0
8	42270921	42263328	0
8	42271198	42266128	0
8	42271470	42272082	0
8	42271734	42272082	0
8	42319422	42319584	10
8	42319422	42319752	14
8	42319422	42320734	27
8	42319647	42320472	29
8	42319647	42320734	32
8	42320845	42321895	15
8	42322154	42322346	12
8	42329215	42329367	29
8	42329215	42330913	39
8	42329500	42330913	43
8	42374914	42374067	0
8	42428843	42416474	1
8	42428843	42417463	9
8	42428843	42417802	8
8	42437578	42430063	0
8	42439654	42436988	0
8	42439654	42437474	0
8	42444763	42439449	0
8	42444763	42439466	1
8	42463091	42459895	0
8	42463372	42463004	1
8	42465918	42463004	0
8	42465918	42463077	0
8	42472655	42465776	0
8	42472655	42471066	1
8	42480514	42472338	2
8	42501244	42472178	0
8	42501461	42472101	0
8	42502629	42472248	1
8	42534997	42472101	0
8	42535336	42472305	1
8	42536594	42535186	10
8	42538305	42537528	5
8	42541055	42472156	0
8	42541209	42536354	5
8	42541504	42534659	2
8	42541513	42472101	0
8	42541582	42535171	7
8	42541712	42480458	2
8	42541927	42472101	1
8	42714996	42705582	0
8	42756825	42752619	0
8	42756825	42752926	0
8	42757038	42755845	0
8	42757038	42756628	0
8	42759114	42756927	0
8	42759114	42756939	0
8	42765205	42756927	0
8	42765205	42759068	0
8	42765205	42759360	0
8	42768611	42765064	0
8	42768633	42765064	0
8	42768649	42764972	0
8	42768787	42765064	0
8	42796393	42765064	0
8	42839382	42836673	4
8	42839382	42838144	1
8	42842789	42839207	2
8	42843202	42839185	4
8	42843306	42836675	3
8	42843326	42839185	0
8	42861856	42853296	5
8	42861856	42853300	4
8	42861856	42855247	3
8	42861856	42855706	5
8	42861856	42855708	5
8	42865490	42849636	0
8	42865490	42861329	2
8	42865490	42861744	0
8	42870113	42861744	0
8	42870113	42865415	0
8	42870113	42865465	0
8	42887872	42873930	0
8	42889415	42887727	0
8	42896586	42887727	1
8	42896589	42887727	1
8	42896599	42889302	1
8	42896656	42887727	1
8	42896707	42887848	4
8	42896722	42887727	0
8	42896724	42887727	0
8	42897291	42887727	2
8	43018495	43027428	15
8	43077365	43083117	35
8	43080442	43083117	32
8	43085459	43085581	104
8	43196541	43196947	22
8	43197026	43197671	0
8	4637559	4419952	0
8	46580238	46579212	0
8	46580238	46579300	0
8	467747	467950	2
8	46848902	46849448	0
8	468881	470565	2
8	46931437	46930839	0
8	47090807	47089571	0
8	47198862	47130251	0
8	47202898	47202443	0
8	47547927	47546803	0
8	47776984	47773107	14
8	47776984	47773734	33
8	47776984	47774133	20
8	47777875	47773986	16
8	47778538	47777685	19
8	47778661	47777685	17
8	47778720	47777685	21
8	47778800	47778458	437
8	47778800	47778536	695
8	47782599	47779003	55
8	47782599	47782161	43
8	47783008	47782161	22
8	47783810	47782377	7
8	47784140	47782413	10
8	47807327	47803305	0
8	47862542	47862061	0
8	47863578	47862368	0
8	47863578	47862372	0
8	47927354	47918276	0
8	47927891	47926832	4
8	47927891	47927193	3
8	47936518	47935731	0
8	47939698	47936352	0
8	47939951	47936453	0
8	47954447	47953806	0
8	47955949	47954337	0
8	47955949	47954349	0
8	47961015	47961130	60
8	47961215	47961515	101
8	47961427	47961515	92
8	47977602	47977736	380
8	48517090	48515851	0
8	48551666	48551815	0
8	48552779	48551526	0
8	48556442	48552014	0
8	48600737	48597457	0
8	48658895	48657259	0
8	48712430	48710788	0
8	48724802	48713633	0
8	48724802	48714914	0
8	48724802	48716223	0
8	48724802	48724409	0
8	48729113	48712203	0
8	48729147	48723407	0
8	48729147	48724690	0
8	48729147	48724715	0
8	48729147	48724736	0
8	48729790	48729041	0
8	48729825	48729041	0
8	48729872	48729041	0
8	48730126	48729041	0
8	48730611	48729719	0
8	48730645	48729041	0
8	48730645	48729719	0
8	48730645	48729763	0
8	48734685	48729041	0
8	48920442	48917603	1
8	48920442	48917767	2
8	48921430	48919895	0
8	48921441	48917867	0
8	48921530	48920252	0
8	48921684	48919895	0
8	492745	489791	0
8	492745	489802	0
8	494598	489791	0
8	494598	489802	0
8	494598	492458	0
8	494598	492629	0
8	49512181	49496762	0
8	49537253	49536385	0
8	49819440	49817585	0
8	49911045	49911420	0
8	4994702	4637341	0
8	4994973	4637341	0
8	51320898	51319577	0
8	51320898	51319578	0
8	51320898	51319930	0
8	51339754	51320783	0
8	51340186	51320783	0
8	51372082	51320783	0
8	51447163	51426645	0
8	51809446	51654688	0
8	51831568	51817574	1
8	51831568	51817579	1
8	51831568	51820146	5
8	51831568	51820339	5
8	51831568	51826928	1
8	51845746	51833517	4
8	51845764	51833517	4
8	51845764	51839446	5
8	51860885	51844808	4
8	51861247	51845660	4
8	51861247	51848944	3
8	51870391	51860844	0
8	51896375	51895956	0
8	51898971	51845660	0
8	51899025	51860485	0
8	51899037	51860844	0
8	51899099	51870247	0
8	51899114	51860860	0
8	51899187	51833517	0
8	52008356	51996209	0
8	52116419	52110838	0
8	52116419	52112543	0
8	52116419	52112545	0
8	52118442	52116270	0
8	52118442	52116274	0
8	52126141	52118337	0
8	52132180	52125883	0
8	52132180	52126051	0
8	52133138	52131957	0
8	52133145	52131957	0
8	52133219	52131957	0
8	52133302	52133056	0
8	52133302	52133103	0
8	52149978	52142929	0
8	52159110	52149731	0
8	52159110	52149921	0
8	52172584	52166851	0
8	52172584	52171568	0
8	52180313	52171791	0
8	52180313	52172512	0
8	52201377	52180121	0
8	52201377	52180293	0
8	52210118	52180121	0
8	52210118	52206582	0
8	52212110	52171791	0
8	52212110	52180121	0
8	52212110	52180125	0
8	52212110	52201061	0
8	52212110	52201321	0
8	52212110	52206415	0
8	52214258	52212078	0
8	52214291	52212078	0
8	52217780	52214202	0
8	52217822	52214202	0
8	52217823	52214202	0
8	52217902	52212078	0
8	52217902	52214202	0
8	52217902	52214219	0
8	52220849	52214202	0
8	52220849	52217741	0
8	52220849	52217745	0
8	52220849	52217771	0
8	52220849	52217812	0
8	52221794	52220563	0
8	52221794	52220740	0
8	52222096	52220731	0
8	52230078	52221639	0
8	52246665	52229692	0
8	52246665	52230031	0
8	52254349	52230031	0
8	52409453	52230031	0
8	52409453	52246585	0
8	52409453	52393575	0
8	52409453	52403326	0
8	52409453	52403700	0
8	52409453	52405805	0
8	52409453	52407664	0
8	52409744	52409327	0
8	52409750	52409327	0
8	52409757	52409327	0
8	52409773	52409327	0
8	52409793	52409327	0
8	52409806	52409327	0
8	52409880	52409327	0
8	52409883	52407635	0
8	52409946	52409327	0
8	52460960	52408982	0
8	52538508	52534036	0
8	52539912	52534541	0
8	52624788	52622455	6
8	52624788	52622458	6
8	52624788	52623583	6
8	52624788	52623713	6
8	52657909	52645701	3
8	52658125	52656007	51
8	52658125	52657884	0
8	52683720	52676368	0
8	52684014	52683548	0
8	52684014	52683603	0
8	52684014	52683687	0
8	52685521	52683886	0
8	52685521	52683949	0
8	52686157	52685398	0
8	52686968	52623328	5
8	52686968	52683886	1
8	52686968	52685398	1
8	52686968	52685423	1
8	52714467	52683886	0
8	52745844	52686852	0
8	53235112	53225715	0
8	53235112	53225723	0
8	53235112	53228790	0
8	53235112	53229202	0
8	53235112	53229212	0
8	53242913	53234758	0
8	53250918	53234758	0
8	53251086	53234758	0
8	53251413	53234758	0
8	53395947	53395210	0
8	53515607	53515873	0
8	53523932	53515170	0
8	53739624	53715672	0
8	53743691	53715556	0
8	53743691	53715672	0
8	53743691	53715682	0
8	53743691	53715730	0
8	53743691	53715899	0
8	53743716	53715669	1
8	53756657	53743576	0
8	53756657	53743586	0
8	53769689	53743576	0
8	53769744	53756261	0
8	53769744	53756554	0
8	53772066	53769617	1
8	53772168	53769617	2
8	53795762	53715672	3
8	53795840	53756554	1
8	53795840	53771988	0
8	53801869	53795646	0
8	53801897	53769653	0
8	53801897	53795646	0
8	53801897	53795749	2
8	53814767	53801798	1
8	53814767	53811163	0
8	53817466	53814661	0
8	53817504	53814661	0
8	53817531	53814661	0
8	53817531	53814674	0
8	53817531	53814731	0
8	53829534	53817416	0
8	53833010	53829443	0
8	53833087	53829443	0
8	53833087	53829445	0
8	53833190	53829443	0
8	53839839	53832864	0
8	53839962	53832983	0
8	53841726	53829443	0
8	53841726	53831788	0
8	53841726	53832983	0
8	53841726	53833060	0
8	53970464	53966551	6
8	53970464	53966555	6
8	53970464	53966559	6
8	53970464	53967169	5
8	53970464	53970287	2
8	53978698	53970391	2
8	53979172	53970391	6
8	53987026	53970263	2
8	53993756	53988113	1
8	54000051	53993375	3
8	54000051	53993656	2
8	54000051	53993667	2
8	54000051	53993694	2
8	54000051	53993703	2
8	54002941	53999944	0
8	54003087	54000009	0
8	54003093	53999944	0
8	54010295	54009762	0
8	54010493	53979024	0
8	54010493	53999624	0
8	54010493	53999944	0
8	54010493	54002891	0
8	54010493	54010101	0
8	54022449	53999944	0
8	54022457	53999944	0
8	54044954	54042988	2
8	54051147	54047791	32
8	54051189	54046366	11
8	54051189	54046367	11
8	54051189	54047406	27
8	54051189	54047962	18
8	54052757	54051010	5
8	54052757	54051011	5
8	54052757	54051124	3
8	54052899	54051011	4
8	54055134	54051011	13
8	54055134	54052653	33
8	54055134	54052654	33
8	54055134	54052741	30
8	54055134	54053197	29
8	54062325	54055059	11
8	54062325	54055101	10
8	54063376	54054452	10
8	54063376	54055059	15
8	54065814	54055059	2
8	54100348	54065747	0
8	54100940	54051071	3
8	54100940	54055059	0
8	54100940	54062253	1
8	54100940	54063327	1
8	54100940	54065747	0
8	54100940	54100223	1
8	54101445	54100907	0
8	54101536	54100907	0
8	54101555	54063327	1
8	54101555	54065747	0
8	54101555	54100907	0
8	54101829	54100907	1
8	54101850	54100907	4
8	54101855	54100907	4
8	54101856	54100907	4
8	54101859	54100907	4
8	54101929	54100349	2
8	54101978	54100907	2
8	54102018	54100907	1
8	54136539	54136610	8
8	54558981	54559152	0
8	54679497	54679595	0
8	55140217	55135202	0
8	55164184	55164412	0
8	55520978	55517239	0
8	55526751	55533652	0
8	55725260	55696423	0
8	55743621	55738743	4
8	55743621	55738757	4
8	55743621	55738765	4
8	55743621	55739943	8
8	55745122	55740171	6
8	55745122	55743480	3
8	55746036	55743480	3
8	55746048	55743480	3
8	55748116	55745060	6
8	55751135	55725115	5
8	55751158	55738757	3
8	55751158	55739700	0
8	55751158	55743480	3
8	55751158	55745060	3
8	55751158	55745077	3
8	55751158	55745091	4
8	55751547	55750963	0
8	55756386	55750963	0
8	55756403	55750886	0
8	55756412	55750963	0
8	55756412	55751420	0
8	55762776	55756243	1
8	55763009	55751050	8
8	55763029	55756243	1
8	55763029	55756244	1
8	55763029	55756357	1
8	55763702	55762634	0
8	55763702	55762953	1
8	55763981	55756243	0
8	55763981	55760772	0
8	55763981	55762399	0
8	55763981	55762634	0
8	55773335	55756243	1
8	56069834	56067294	8
8	56073273	56069702	14
8	56073273	56069737	17
8	56073769	56072946	93
8	56073769	56073041	121
8	56073769	56073053	121
8	56073769	56073116	160
8	56074151	56073053	62
8	56074160	56073072	138
8	56074160	56073074	138
8	56074160	56073126	120
8	56074160	56073315	85
8	56074160	56073694	62
8	56074357	56074059	44
8	56074473	56074059	35
8	56074499	56074059	34
8	56074507	56073461	32
8	56074507	56073694	61
8	56074507	56074059	40
8	56074510	56074059	40
8	56074511	56073694	61
8	56074511	56074059	40
8	56074582	56074059	16
8	56102268	56101198	0
8	56168387	56160903	17
8	56168387	56166033	7
8	56168387	56166242	8
8	56171190	56166098	5
8	56211280	56179408	0
8	56211301	56171090	0
8	56211325	56209252	0
8	56211838	56212761	8
8	56211838	56214597	9
8	56212175	56214597	11
8	56212890	56214597	9
8	56212910	56214597	9
8	56214518	56214597	11
8	56216507	56216679	10
8	56216532	56216679	11
8	56253373	56252959	0
8	56304085	56301300	0
8	56305723	56300009	0
8	56305723	56301207	0
8	56374844	56373063	0
8	56382100	56374717	0
8	56382100	56374765	0
8	56438511	56436714	0
8	56445649	56441391	0
8	56445945	56436673	0
8	56445957	56441271	0
8	56445957	56441758	0
8	56445957	56443517	0
8	56446031	56440953	0
8	56446482	56445244	0
8	56446482	56445815	0
8	56446573	56445815	0
8	56446642	56446425	0
8	56446664	56446425	0
8	56446672	56446005	0
8	56446735	56446425	0
8	56520568	56496245	0
8	56520568	56518320	0
8	56535010	56520118	0
8	56538895	56537056	0
8	56540498	56536757	0
8	56544179	56520158	0
8	56559498	56534945	0
8	56559498	56544078	0
8	56559587	56520120	0
8	56559672	56520120	0
8	56559685	56520314	0
8	56559794	56520386	0
8	56559824	56520377	0
8	56645848	56639900	0
8	5665190	5659678	0
8	56966353	56957932	5
8	56966353	56963925	0
8	56980198	56964132	2
8	57786609	57594165	0
8	57890810	57889575	0
8	58032683	58031333	0
8	58099138	58091441	0
8	58257169	58255770	0
8	58260025	58259048	0
8	58260025	58259737	0
8	58260754	58259730	0
8	58260754	58259747	0
8	58271548	58260524	0
8	58272043	58259857	0
8	58272120	58260672	0
8	58426686	58424587	2
8	58492529	58490177	0
8	58585762	58583503	17
8	58585762	58583531	18
8	58585762	58583769	24
8	58586001	58583808	19
8	58586579	58585651	15
8	58586609	58585897	15
8	58587702	58586348	5
8	58587702	58586358	5
8	58587702	58586457	10
8	58589559	58587617	3
8	58589576	58587617	3
8	58589576	58587648	3
8	58589657	58587617	2
8	58590075	58587617	4
8	58590075	58589451	16
8	58590935	58589521	2
8	58590935	58589751	2
8	58590935	58590000	1
8	58590935	58590006	1
8	58591010	58590006	2
8	58594291	58590866	4
8	58594301	58590866	5
8	58594748	58590865	4
8	58597551	58595559	4
8	58597903	58597386	3
8	58597903	58597402	1
8	58597903	58597472	0
8	58601349	58599969	16
8	58601536	58601167	0
8	58601536	58601284	2
8	58623781	58623376	2
8	58631547	58623708	4
8	58631547	58623746	4
8	58631547	58623750	4
8	58635226	58631364	0
8	58635226	58631427	0
8	58635226	58631495	0
8	58808270	58805417	0
8	58815725	58808117	0
8	58992939	58991719	0
8	59119209	58959942	0
8	59593702	59561326	0
8	60208920	60187346	0
8	60222762	60208070	0
8	60222762	60208749	0
8	60224586	60222648	0
8	60266050	60232283	0
8	60279881	60264821	0
8	60279881	60265924	0
8	6036771	6036432	0
8	60385407	60384587	0
8	60408498	60403211	3
8	60412621	60404678	1
8	60413255	60412339	6
8	60413471	60412493	6
8	60413653	60413009	4
8	60413819	60408354	2
8	60413931	60413196	2
8	60468193	60405010	0
8	60508760	60468071	0
8	60508763	60385206	0
8	60508763	60468862	0
8	60553037	60551956	0
8	6059079	6044352	0
8	60632772	60631508	0
8	60633118	60629661	0
8	60636272	60631554	0
8	60653299	60652501	0
8	60653559	60633060	0
8	60741886	60742819	66
8	60809607	60808734	2
8	60861126	60862195	4
8	60862337	60862547	6
8	60862653	60865015	23
8	60967776	60965801	0
8	61274037	61264623	0
8	61301019	61300518	0
8	61301070	61300163	0
8	61517662	61500555	4
8	61517662	61503115	5
8	61518124	61517012	2
8	61518124	61517527	0
8	61567319	61562743	0
8	61576859	61567167	0
8	61576859	61567256	1
8	61584030	61576600	0
8	61584030	61576771	0
8	61584030	61582998	0
8	61619020	61583943	0
8	61619020	61606460	1
8	61633728	61583943	0
8	61633728	61618977	1
8	61633728	61623709	3
8	61633728	61624536	5
8	61633728	61624538	5
8	61633728	61624602	4
8	61633728	61625305	4
8	61633728	61625644	2
8	61633728	61625909	3
8	61633728	61626140	2
8	61633728	61633124	2
8	61637987	61633682	0
8	61638000	61633682	0
8	61638004	61583943	0
8	61638004	61633682	0
8	61638047	61633682	0
8	61638361	61637946	1
8	61638364	61637946	1
8	61638364	61637968	1
8	61642921	61637946	8
8	61644633	61643385	3
8	61644633	61643944	3
8	61646808	61644599	10
8	61646873	61644599	9
8	61646879	61644599	9
8	61651087	61644599	5
8	61651125	61644599	3
8	61668276	61664724	5
8	61668276	61665139	3
8	61681000	61653567	6
8	61681037	61583943	5
8	61681037	61653567	5
8	61681037	61656127	5
8	61681037	61661813	4
8	61681037	61668233	2
8	61681037	61675258	1
8	61681037	61675877	3
8	61682484	61680967	3
8	61684189	61680967	3
8	61684189	61682438	5
8	61684191	61680523	5
8	61684701	61684038	2
8	61689700	61683552	0
8	61689716	61687414	0
8	61689769	61684038	0
8	61689775	61684038	0
8	61689776	61684038	0
8	61689780	61684038	0
8	61689787	61684038	0
8	61689806	61684038	0
8	61689812	61684038	0
8	61689813	61684038	0
8	61689850	61684038	0
8	61714526	61684038	0
8	61714547	61684038	0
8	61714560	61684038	0
8	61714569	61684038	0
8	61714588	61684038	0
8	61714597	61684038	0
8	61714641	61684038	0
8	61765970	61759093	0
8	61825253	61821480	0
8	62193280	62191087	0
8	62248879	62248972	0
8	62474270	62473216	0
8	625969	616525	1
8	627239	614748	0
8	63017631	63015078	4
8	63017631	63015084	4
8	63017971	63015428	5
8	63023998	63017492	1
8	63023998	63023508	3
8	63024187	63017333	0
8	63024187	63017492	0
8	63026234	63024079	0
8	63026297	63023906	0
8	63026297	63024079	0
8	63027266	63026157	1
8	63028486	63027193	0
8	63030217	63027180	1
8	63030218	63026999	1
8	63030218	63027180	1
8	63035771	63029983	1
8	63035771	63030166	1
8	63064317	63059782	0
8	63086050	63048552	0
8	63138085	63136222	0
8	63410970	63384838	0
8	63410970	63385608	0
8	63410970	63385862	0
8	63417294	63413632	0
8	63417356	63413110	0
8	63417931	63413110	0
8	63434010	63432885	0
8	63461544	63417102	0
8	63461551	63410907	0
8	63470125	63466224	0
8	63470200	63461478	0
8	63470206	63461478	0
8	63848996	63687178	0
8	63848996	63728773	0
8	63895550	63848896	0
8	640633	627002	0
8	6406549	6403550	0
8	6406709	6405596	4
8	6407143	6406527	0
8	640835	637535	1
8	64133515	63848896	0
8	64133515	63856251	0
8	64133515	63856942	0
8	64151165	64133447	0
8	64167028	64151092	0
8	64230617	64133447	0
8	64230617	64151105	0
8	64230620	64151092	0
8	64321	64090	7
8	64368559	64151092	0
8	64368559	64166974	0
8	64368559	64230555	0
8	64577264	64574305	0
8	64581889	64574310	0
8	64589845	64587762	0
8	64604858	64589801	0
8	64604858	64596134	0
8	64728122	64703773	0
8	64798762	64624402	0
8	64802486	64801235	0
8	64802486	64801357	0
8	6509063	6499650	0
8	6509063	6502297	0
8	6509063	6503079	0
8	6513845	6507572	0
8	6513845	6508931	0
8	65172513	65161144	0
8	65172513	65167732	0
8	65530610	65527007	0
8	65605338	65602455	34
8	65605338	65602458	34
8	65605338	65604374	1
8	65605539	65605262	41
8	65613434	65605421	19
8	65613434	65605432	20
8	65622355	65605421	0
8	65622355	65613243	0
8	65622355	65613337	0
8	65627434	65613337	0
8	65723622	65717509	29
8	65723622	65718378	29
8	65724352	65721797	10
8	65724352	65723540	3
8	65726967	65724776	2
8	65727302	65726874	5
8	65727302	65726909	6
8	65728158	65726873	34
8	65731632	65727169	20
8	65734895	65727169	7
8	65747804	65745406	1
8	65765673	65747651	0
8	65779804	65747651	0
8	65779804	65747704	0
8	65779804	65747751	0
8	65779804	65747764	0
8	66178726	66176381	0
8	66192199	66192832	0
8	6620225	6618474	0
8	6621636	6620134	0
8	6627311	6620134	0
8	6627311	6620991	0
8	6627311	6621422	0
8	66426178	66419588	0
8	66444421	66444593	0
8	66453841	66454058	0
8	6648808	6627150	2
8	66566244	66562174	9
8	66566244	66564671	8
8	66566789	66564696	6
8	66566789	66565132	5
8	66597551	66576006	0
8	66597551	66595582	0
8	66599143	66597329	0
8	66599143	66597509	0
8	66599143	66597524	0
8	66612622	66602417	0
8	66612908	66602417	0
8	66613250	66602417	0
8	66613295	66602417	0
8	66651545	66628486	0
8	66667218	66651457	0
8	66680025	66680392	8
8	6670241	6634841	0
8	66840116	66840210	0
8	66874457	66874526	0
8	668793	614745	1
8	668793	625674	0
8	668793	664199	11
8	66922393	66921817	138
8	66922393	66921986	156
8	66922393	66922017	142
8	66922726	66921683	163
8	66922726	66922323	193
8	66925542	66922270	129
8	66925542	66922323	113
8	66925542	66922613	115
8	66925597	66922613	105
8	66926399	66922613	105
8	669278	664621	6
8	66955118	66947589	0
8	66961789	66946500	0
8	66971141	66964098	0
8	66971141	66964102	0
8	66971141	66964199	0
8	66982135	66971093	0
8	66982181	66970980	0
8	66982188	66970980	0
8	66988518	66964102	0
8	66988518	66971093	0
8	66988518	66982037	0
8	66988518	66982048	0
8	67010783	66988399	0
8	67010832	66964204	0
8	67010832	66988130	0
8	67010832	66988399	0
8	67012982	67010714	0
8	67013006	67010714	0
8	67013097	67010614	0
8	67013097	67010617	0
8	67013097	67010714	0
8	67014499	67012957	0
8	67014539	67012957	0
8	67014593	67012957	0
8	67017832	67012897	0
8	67017832	67014425	0
8	67017832	67014506	0
8	67017832	67014524	0
8	67028538	67012957	0
8	67045961	67043078	37
8	67045961	67043081	37
8	67047860	67045811	4
8	67051342	67017618	0
8	67051342	67043081	4
8	67051342	67045809	8
8	67051342	67045811	8
8	67056561	67051229	0
8	67056605	67051229	0
8	67057446	67056518	0
8	67057446	67056532	0
8	67058212	67057379	2
8	67059446	67058082	2
8	67059446	67058097	2
8	67060546	67059210	27
8	67060546	67059415	30
8	67061423	67059210	29
8	67061630	67058082	24
8	67062025	67058082	27
8	67062025	67060320	30
8	67062025	67060472	32
8	67062025	67060496	24
8	67062025	67061343	23
8	67062030	67061291	28
8	67062154	67061853	47
8	67062181	67061950	50
8	67062260	67061853	10
8	67062318	67059210	6
8	67062324	67061853	7
8	67062337	67059210	6
8	67064275	67059210	0
8	67064639	67059210	0
8	67064944	67059210	0
8	6708201	6627150	0
8	6708210	6634945	0
8	67135155	67133553	0
8	67200514	67173510	5
8	67200514	67175486	5
8	67200514	67197648	10
8	67200514	67198404	11
8	67200514	67199010	12
8	67201606	67199928	2
8	67201606	67200395	1
8	67201806	67197673	2
8	67201890	67200395	3
8	67299356	67296430	0
8	67301381	67299208	0
8	67301381	67299313	0
8	673327	668597	26
8	673463	671793	19
8	673658	665991	24
8	674048	668597	21
8	67428132	67422037	0
8	67428132	67422071	0
8	67428132	67422309	0
8	67483859	67422124	0
8	67483859	67434037	0
8	67484790	67483281	0
8	67484790	67483767	0
8	67624252	67511540	0
8	67624252	67517922	0
8	67746344	67624175	0
8	67746379	67624175	0
8	67746386	67624175	0
8	68095082	68082203	0
8	6815919	6808516	1
8	68306599	68303467	0
8	68306599	68304631	0
8	686725	673843	0
8	6878023	6870574	0
8	68850046	68848741	0
8	68924496	68911802	0
8	68924496	68912962	0
8	68924496	68913162	0
8	68954163	68924386	0
8	68959650	68924402	0
8	69001488	68924386	0
8	691097	673766	0
8	69176815	69175578	0
8	6926077	6924692	0
8	692613	673288	0
8	692613	673864	1
8	6936912	6935821	0
8	69430049	69425034	0
8	69430049	69425621	0
8	69447699	69429975	0
8	69447961	69429975	0
8	6951600	6950725	0
8	6960162	6959288	0
8	69676674	69667046	1
8	69676674	69672552	1
8	69676674	69672662	1
8	69679620	69672342	1
8	6969114	6968140	0
8	69705230	69682183	0
8	69738205	69705030	0
8	69755642	69704891	0
8	69755642	69705030	0
8	69761876	69755423	0
8	69761876	69761364	0
8	6978635	6977648	0
8	6978647	6977649	0
8	69832716	69761742	0
8	69833170	69682183	0
8	69833170	69761742	0
8	69833391	69761742	0
8	69833629	69832722	1
8	69834010	69831766	1
8	69834226	69832683	1
8	69834860	69831766	1
8	69834967	69831766	1
8	69835065	69831766	0
8	6988287	6987177	0
8	6997764	6996765	0
8	70055402	70051650	0
8	70069885	70068478	0
8	70071328	70069160	0
8	70071694	70069561	0
8	7007390	7006292	0
8	70121392	70109761	1
8	70121392	70113568	2
8	70124083	70112069	2
8	70127048	70124687	1
8	70128511	70126608	0
8	70128511	70126812	0
8	70138333	70131836	0
8	70141243	70137972	0
8	70141400	70138202	0
8	70157147	70155970	6
8	70157241	70148272	0
8	70159653	70155970	0
8	7016863	7015868	0
8	70216765	70213902	0
8	70245376	70216695	0
8	7029490	7028640	0
8	70296801	70216659	0
8	70296801	70216720	0
8	7039440	7038570	0
8	70402080	70296743	0
8	70402588	70296743	0
8	70403806	70296743	0
8	70480624	70471111	0
8	7056735	7055303	0
8	70583325	70573441	3
8	70583794	70583163	3
8	70587000	70583649	3
8	70587000	70583705	4
8	70594591	70587105	1
8	70596322	70594500	0
8	70596322	70594505	0
8	70598012	70587516	1
8	70598012	70596262	0
8	70598256	70597890	1
8	70598256	70597894	1
8	70600083	70597894	2
8	70637904	70635317	6
8	70638630	70637255	10
8	70638630	70637814	8
8	70641051	70638547	2
8	70644129	70640572	0
8	70644244	70640901	1
8	70644253	70638550	3
8	70657883	70644064	0
8	70661898	70657755	1
8	70669158	70661733	0
8	70669175	70661733	0
8	7112922	7112313	0
8	71211257	71197432	1
8	71211257	71197434	1
8	71211257	71197438	2
8	71211257	71197442	2
8	71211257	71197447	2
8	71211257	71197510	3
8	71211257	71197520	3
8	71211257	71197612	2
8	71211257	71197687	2
8	71211257	71198160	1
8	71211257	71199047	2
8	71211257	71199068	3
8	71211257	71199238	3
8	71215729	71215386	0
8	71216853	71215612	0
8	71216853	71215613	0
8	71244693	71216964	0
8	71244693	71225151	0
8	71269824	71216964	0
8	71317675	71299637	0
8	71317690	71299637	0
8	71321813	71317551	0
8	71321877	71299637	0
8	71321877	71317551	0
8	71321880	71299637	0
8	71321880	71317551	0
8	71321880	71317658	0
8	71322269	71317551	0
8	71322269	71321733	1
8	71322269	71321780	1
8	71322462	71321733	1
8	71334175	71321733	0
8	71470932	71356461	0
8	71470932	71403439	0
8	71529938	71356461	0
8	71529938	71529406	0
8	71531262	71529828	0
8	71535849	71356461	0
8	71535849	71470857	0
8	71535849	71530871	0
8	71535849	71531081	0
8	71568768	71549988	0
8	71568928	71535743	0
8	71585201	71568172	0
8	71592026	71568724	0
8	71790244	71779604	0
8	71842993	71842348	4
8	71843414	71842419	2
8	71844469	71841548	2
8	72023871	72023128	0
8	72023912	72019916	0
8	72023912	72021250	0
8	72034378	72033643	1
8	72036458	72034247	0
8	72036458	72034309	0
8	72039028	72037982	0
8	72039798	72038765	0
8	72039798	72038864	0
8	72052617	72055464	4
8	72052766	72050777	0
8	72053868	72052598	9
8	72055540	72053388	2
8	72055601	72053752	2
8	72055856	72055435	2
8	72057018	72055685	0
8	72062945	72061624	0
8	72205368	72202750	0
8	725878	725187	1
8	72661471	72660583	0
8	72881596	72874858	0
8	73030396	73032041	2
8	73069982	73064539	1
8	73069982	73066531	1
8	73085880	73083786	0
8	73093273	73081018	0
8	731198	673288	1
8	731240	715860	0
8	73124089	73081018	0
8	7323361	7318539	0
8	7323834	7301610	0
8	73250324	73241328	0
8	73250324	73241423	0
8	73257127	73241423	0
8	73291138	73290266	33
8	73291253	73290638	54
8	73291662	73290283	35
8	73291662	73291039	52
8	73291662	73291041	52
8	73291662	73291042	52
8	73291904	73291113	26
8	73291911	73291551	22
8	73292406	73291772	17
8	73292406	73291782	18
8	73292406	73291815	19
8	73300433	73297710	1
8	73315606	73310905	1
8	73315610	73300338	1
8	73322088	73315565	2
8	73341299	73315415	0
8	73341299	73321739	0
8	73369296	73368769	0
8	73422703	73420368	0
8	73422703	73420370	0
8	73422703	73420958	0
8	73422703	73421129	0
8	73422703	73421211	0
8	73458788	73422613	0
8	7349147	7324821	0
8	7349147	7325136	0
8	73527805	73422613	0
8	73552320	73422613	0
8	73552320	73527368	0
8	73552320	73527690	0
8	73561540	73551895	0
8	73582831	73549603	0
8	73582831	73549691	0
8	73582831	73549785	0
8	73582831	73550546	0
8	73582831	73551642	0
8	73582831	73551829	0
8	73582831	73552011	0
8	73582831	73552065	0
8	73582831	73552125	0
8	73595298	73582769	0
8	7359702	7355516	0
8	73613957	73603725	0
8	73615783	73613743	0
8	73615783	73613890	1
8	73615783	73613926	1
8	73615808	73613743	0
8	73617452	73613743	0
8	73669111	73653657	0
8	73673243	73617291	0
8	73673243	73652256	0
8	73673243	73653497	0
8	73673243	73668980	0
8	73673243	73672183	0
8	73688814	73617291	0
8	73688814	73672981	0
8	73688814	73673106	0
8	73688814	73673229	0
8	73688814	73673239	0
8	73697443	73688653	0
8	73697443	73688752	0
8	73709163	73673138	0
8	73709163	73688650	0
8	73709163	73688653	0
8	73709163	73688734	0
8	73709178	73617291	0
8	73709178	73673106	0
8	73709178	73688653	0
8	73738328	73688653	0
8	73738345	73709031	0
8	73738350	73595165	0
8	73738350	73617291	0
8	73738350	73673106	0
8	73738350	73688653	0
8	73738350	73688690	0
8	73738350	73697307	0
8	73738350	73709031	0
8	73739869	73738283	0
8	73739869	73738300	0
8	73746841	73617291	0
8	73746841	73688653	0
8	73746850	73738283	1
8	73746880	73688653	0
8	73746885	73617291	0
8	73746889	73738283	0
8	73747467	73617291	0
8	73747472	73688653	0
8	73747698	73688653	0
8	73747709	73738283	0
8	73795915	73794041	2
8	73796691	73793823	2
8	73805727	73739755	0
8	73805727	73780096	0
8	73805727	73786219	0
8	73805727	73790604	0
8	73805727	73792359	1
8	73805727	73792362	1
8	738107	715860	0
8	7381602	7362934	0
8	73870302	73830380	0
8	73878826	73830380	0
8	73878855	73830380	0
8	73878861	73830380	0
8	73878876	73830380	0
8	73878911	73830380	0
8	73915011	73905356	0
8	73956055	73939168	0
8	73956055	73945118	1
8	73956055	73945137	1
8	73956055	73945607	1
8	73956055	73945616	1
8	73956055	73946263	1
8	73956055	73946400	1
8	73956055	73946472	1
8	73956055	73946533	1
8	73956055	73946699	1
8	7416864	7414859	0
8	74237304	74234699	20
8	74237304	74236802	7
8	74244789	74237207	3
8	74245176	74237207	3
8	74245176	74237232	3
8	7430349	7428887	0
8	74350051	74347756	0
8	7443033	7442683	0
8	7449237	7447752	0
8	7450901	7447752	0
8	7451200	7450562	0
8	7451200	7450602	0
8	7452366	7450563	0
8	74612567	74609697	0
8	7462858	7449132	0
8	7462860	7442853	0
8	7462860	7447752	0
8	7462860	7450610	0
8	7462860	7450822	0
8	7462860	7451123	0
8	7462860	7461113	0
8	7475083	7470307	0
8	74818669	74798783	0
8	74845954	74844847	0
8	7486401	7482503	0
8	74866635	74816050	0
8	74866635	74818609	0
8	74866635	74845876	0
8	74896303	74891150	0
8	74984753	74984869	21
8	75029461	75026427	1
8	75176657	75167703	0
8	75277091	75223403	0
8	75278498	75223768	0
8	75324317	75223897	0
8	75324742	75223702	0
8	7550789	7549052	0
8	7558437	7556699	0
8	7566087	7564349	0
8	7573731	7571994	0
8	7581380	7579643	0
8	76502847	76491199	0
8	76579346	76576550	0
8	76615029	76611673	0
8	76615322	76611375	0
8	76616442	76615191	0
8	76616452	76610880	0
8	76683157	76502743	0
8	76986297	76980257	4
8	76986297	76982956	2
8	76986297	76983639	2
8	76986297	76984169	3
8	76988339	76986186	2
8	77000133	76982933	7
8	77000133	76988306	0
8	77000227	76988306	0
8	77000231	76987891	0
8	77000268	76986186	0
8	7780090	7778590	0
8	7794733	7793715	0
8	7815717	7811719	0
8	7823424	7821965	0
8	78430949	78426102	0
8	78535974	78535025	0
8	78556600	78480253	0
8	78556600	78533891	0
8	78685948	78675742	0
8	78719111	78717899	7
8	78721136	78719008	1
8	78721441	78685888	2
8	78736528	78721347	3
8	78736528	78732771	2
8	78736528	78733047	1
8	78736528	78733664	4
8	78738636	78732773	2
8	78740083	78732773	1
8	78747097	78740001	0
8	78798209	78740001	0
8	78798209	78746893	0
8	78798209	78747030	0
8	78804929	78740001	0
8	78804929	78798071	1
8	78804929	78798127	1
8	78805121	78797833	0
8	78805307	78798071	1
8	78805452	78798127	0
8	78805465	78798071	0
8	78805524	78798071	0
8	7938771	7934411	0
8	79766476	79764719	2
8	79766494	79764493	8
8	79766733	79764009	2
8	79766733	79764012	2
8	79766733	79765430	1
8	79767093	79766650	1
8	79767295	79766650	1
8	79767295	79766766	1
8	79767295	79766996	1
8	79767295	79767008	1
8	79767473	79767008	1
8	79767761	79766933	1
8	79767785	79767218	1
8	79767858	79767009	1
8	79767858	79767218	1
8	79767864	79767218	1
8	79771623	79769371	0
8	79802198	79771566	0
8	79820516	79802110	0
8	79821311	79820568	0
8	79870157	79820468	0
8	79958436	79918859	0
8	7997522	7990414	0
8	80003121	79918939	0
8	80003121	79919031	0
8	80003121	79958271	1
8	80003149	79957802	0
8	80003181	79918716	0
8	80003181	79918854	0
8	80003181	79918987	0
8	80003181	79919124	0
8	80003181	79958256	0
8	80030290	79918965	0
8	80042669	80002998	2
8	80042669	80034744	19
8	80042669	80034871	16
8	80042669	80036099	30
8	80042669	80036584	10
8	80042669	80036590	11
8	80042669	80037306	24
8	80042669	80037676	26
8	80042669	80037740	21
8	80042669	80037865	24
8	80042669	80037882	24
8	80042669	80037885	24
8	80042669	80038184	26
8	80042669	80038201	26
8	80042669	80038216	26
8	80042912	80037947	26
8	80044209	80042619	3
8	80050472	80042619	1
8	80050472	80044166	1
8	80050472	80044169	1
8	80051417	80042619	2
8	80051629	80042619	0
8	80051629	80044166	1
8	80051629	80050345	3
8	80051629	80050444	1
8	80051860	80042619	2
8	80052676	80051526	0
8	80053354	80052605	1
8	80053431	80051477	1
8	80053431	80051526	1
8	80053431	80051543	1
8	80053431	80052605	1
8	80064553	80053045	0
8	80064594	80053278	0
8	80064594	80053281	0
8	80064671	80053281	0
8	80080397	80066891	0
8	80080614	80064462	0
8	80080615	80064477	0
8	80080776	80064477	0
8	80080817	80064477	0
8	80080832	80064477	0
8	80119885	80064477	0
8	8014078	8011781	0
8	80158888	80064474	0
8	80171201	80064477	0
8	80171384	80064477	0
8	80171472	80119814	0
8	80171509	80119814	0
8	80171557	80053281	0
8	80171559	80064477	0
8	80171574	80064477	0
8	80171660	80064477	0
8	80183139	80177656	0
8	8021724	8019428	0
8	8021724	8020662	0
8	80218531	80183017	0
8	80218540	80064477	0
8	80218540	80177992	0
8	80218540	80183020	0
8	8029372	8027076	0
8	80486400	80487293	11
8	80486700	80484560	2
8	80518439	80518510	8
8	80539136	80535005	0
8	80640696	80638533	2
8	80643130	80628450	0
8	80659665	80658667	0
8	80659690	80643034	0
8	80665083	80659584	0
8	80670604	80664814	0
8	80670604	80664841	0
8	80670604	80665066	0
8	80673340	80670502	0
8	80687459	80670502	0
8	80687459	80670592	0
8	80814260	80694224	0
8	80821616	80693003	0
8	80975781	80970290	7
8	80980495	80967809	3
8	80985378	80980434	0
8	80987467	80984775	0
8	80987535	80985227	0
8	81030090	80993102	0
8	81070171	81029995	0
8	81070177	81029790	0
8	81280676	81279886	6
8	81281447	81279870	16
8	81444602	81440325	0
8	81444602	81442412	0
8	81458704	81458340	0
8	81479516	81478418	0
8	81479516	81478688	0
8	81479516	81478698	0
8	81479971	81478711	0
8	81527122	81524980	0
8	81606716	81605568	0
8	81620114	81613720	0
8	81626196	81624337	0
8	81626950	81626061	0
8	81626953	81626056	0
8	81631135	81626886	0
8	81660668	81657960	1
8	81660668	81659043	0
8	81660668	81659261	1
8	81671048	81660513	1
8	81671048	81660515	1
8	81671048	81660572	2
8	81673950	81660515	3
8	81673950	81670938	4
8	81673950	81670939	4
8	81673950	81671007	4
8	81674422	81670977	4
8	81674832	81673895	22
8	81676266	81673840	14
8	81676266	81673867	14
8	81676280	81673840	13
8	81679231	81673840	3
8	81680784	81673840	4
8	81703088	81702323	31
8	81703104	81701721	19
8	81703125	81701333	31
8	81703125	81701722	19
8	81703125	81701764	28
8	81703125	81702543	9
8	81703125	81702547	9
8	81703125	81702681	7
8	81703125	81702728	5
8	81703125	81702824	5
8	81703129	81702158	36
8	81708830	81702968	7
8	81714040	81702913	3
8	81714040	81702968	3
8	81714040	81702992	4
8	81714040	81703098	8
8	81714040	81708787	5
8	81714041	81702968	3
8	81714896	81702968	7
8	81714896	81713917	15
8	81714896	81713947	14
8	81714896	81713950	14
8	81715040	81713917	16
8	81715115	81713917	16
8	81715115	81714324	17
8	81715115	81714439	19
8	81715115	81714598	14
8	81715115	81714673	16
8	81715115	81714803	15
8	81717289	81714986	2
8	81718225	81714803	3
8	81718225	81714986	4
8	81718225	81717248	1
8	81718225	81717251	1
8	81802385	81800722	2
8	81802500	81799580	4
8	81802500	81799586	4
8	81802500	81800957	2
8	81803229	81802379	1
8	81803229	81802396	1
8	81815395	81803091	2
8	81823851	81814644	1
8	81823941	81815324	1
8	81829517	81823791	0
8	81839752	81829429	0
8	81840083	81803115	0
8	81840083	81823791	0
8	81840083	81829429	0
8	81840083	81839611	11
8	81840083	81839680	10
8	81840214	81839611	1
8	81840444	81839611	0
8	81840444	81839709	1
8	81840444	81839733	1
8	81840444	81839838	0
8	81840444	81839877	0
8	81842184	81839838	1
8	81842194	81839611	1
8	81842207	81839611	1
8	81842305	81839611	1
8	81842867	81839611	1
8	8184833	8167818	0
8	82151863	82098450	0
8	82151942	82108564	0
8	8220183	8184725	0
8	8238302	8237673	14
8	8238351	8236002	8
8	8239555	8238190	8
8	8239577	8238173	8
8	8240314	8239492	15
8	8240549	8240205	17
8	8240550	8239494	12
8	8240550	8240223	20
8	8241401	8240428	22
8	8241412	8240437	20
8	8242927	8241321	16
8	8244323	8244584	35
8	8244494	8243992	36
8	8244668	8242786	17
8	82523367	82514567	0
8	82526099	82523232	0
8	82526099	82523335	0
8	82865651	82862778	0
8	8328462	8317735	0
8	8328462	8317736	0
8	84164024	84163448	0
8	8423014	8414204	0
8	8424579	8414689	0
8	8458527	8456908	0
8	84829480	84828572	0
8	85172473	85172076	1
8	85177042	85172437	0
8	85178151	85177521	10
8	85212205	85213752	5
8	85212205	85214159	7
8	85213903	85216124	33
8	85215038	85214075	18
8	85215038	85214486	18
8	85215038	85214501	18
8	85215038	85214502	18
8	85215038	85214555	18
8	85215135	85214501	16
8	85217503	85214076	36
8	85217503	85214501	31
8	85217503	85214920	24
8	85217503	85215014	31
8	85217503	85217159	14
8	85217703	85214920	24
8	85219323	85217385	37
8	85219361	85217385	45
8	85219364	85217385	45
8	85220340	85219322	11
8	85220354	85219235	11
8	85220368	85217385	9
8	85220375	85217385	9
8	85220375	85218670	10
8	85220376	85219322	11
8	85220385	85219235	10
8	85220395	85218625	10
8	85220415	85216812	14
8	85220422	85219235	11
8	85226640	85222445	0
8	85243689	85222730	0
8	85249849	85246294	0
8	85329845	85327607	0
8	85329845	85328228	0
8	85329845	85328229	0
8	85329845	85328438	0
8	85329845	85328488	0
8	85329845	85328564	0
8	85329845	85328592	0
8	85329845	85328593	0
8	85332553	85329688	0
8	85332553	85329697	0
8	85332553	85329755	0
8	85332553	85329830	0
8	85333621	85329688	0
8	85333621	85332370	0
8	85333621	85332489	0
8	85333621	85332493	0
8	85337064	85333524	0
8	85337064	85333526	0
8	85337064	85333527	0
8	85337064	85333529	0
8	85337213	85333524	0
8	85338140	85336944	0
8	85338296	85336944	0
8	85338450	85336944	0
8	85338450	85337001	0
8	85338450	85338018	0
8	85338450	85338088	0
8	85341136	85338251	0
8	85341660	85333524	0
8	85341660	85336944	0
8	85341660	85337984	0
8	85341660	85338251	0
8	85341660	85338419	0
8	85341660	85341019	0
8	85341715	85338251	0
8	85341809	85341598	0
8	85341835	85341598	0
8	85342801	85341414	0
8	85342826	85333524	0
8	85342826	85341598	0
8	85342844	85341598	0
8	85349886	85341598	0
8	85349902	85341598	0
8	85351785	85333524	0
8	85351785	85341598	0
8	85378114	85333524	0
8	85378114	85341598	0
8	85462802	85441850	0
8	85462802	85442046	0
8	85462802	85456622	0
8	8560966	8555737	0
8	85646326	85642776	0
8	85658515	85654683	0
8	85748374	85744542	0
8	85766932	85762908	0
8	85779091	85775105	0
8	85794400	85790381	0
8	85806436	85802573	0
8	85818784	85814766	0
8	85854677	85851445	0
8	85885995	85889578	0
8	86064632	86048372	0
8	86069698	86063964	0
8	86074172	86064078	0
8	86074172	86064230	0
8	86154207	86153433	0
8	86154226	86098964	0
8	86215689	86214391	0
8	86217832	86214051	0
8	86217832	86215560	0
8	86223104	86217469	0
8	86223104	86217625	0
8	86335762	86333273	0
8	86338388	86333436	0
8	86448282	86448372	0
8	86470411	86468256	6
8	86470411	86468267	6
8	86474915	86470217	13
8	86474915	86472352	14
8	86474915	86474020	17
8	86474915	86474248	18
8	86474954	86470217	14
8	86474954	86472348	14
8	86474954	86472349	14
8	86474954	86474111	15
8	86474954	86474245	16
8	86474954	86474411	14
8	86475051	86474108	19
8	86477325	86470217	13
8	86477325	86472347	17
8	86479011	86477293	25
8	86479012	86477293	25
8	86480333	86478759	2
8	86480333	86478824	2
8	86480333	86478922	2
8	86480333	86478970	2
8	86480335	86478922	2
8	86483003	86481753	4
8	86484962	86480276	2
8	86486500	86480276	2
8	86486516	86484871	2
8	86486571	86484871	1
8	86486644	86480276	2
8	86486644	86484690	1
8	86486644	86484871	1
8	86488560	86486483	0
8	86488640	86486483	0
8	86488640	86486560	0
8	86488640	86486561	0
8	86505380	86488551	0
8	86507078	86488551	0
8	86507113	86488551	0
8	86507113	86494828	0
8	86507113	86504829	0
8	86507113	86505299	0
8	86551101	86551182	0
8	86569388	86553976	0
8	86578864	86569313	0
8	86578864	86573934	0
8	86604212	86579105	0
8	86661335	86660524	0
8	86667134	86654011	0
8	86726658	86670943	0
8	86726658	86703948	0
8	8714997	8714054	0
8	8754109	8723692	0
8	8757317	8751373	0
8	87636651	87540834	0
8	87636651	87566169	0
8	87647030	87566479	0
8	8790435	8785758	4
8	8790435	8786024	3
8	8797492	8783353	2
8	8797492	8785783	5
8	88046785	88032008	3
8	88074744	88056127	0
8	88074744	88069232	0
8	88167974	88118699	0
8	88186599	88167668	0
8	88186599	88167922	0
8	88197307	88186324	0
8	88197307	88186475	0
8	88328026	88327074	0
8	893113	891250	0
8	89415072	89412620	0
8	89611471	89609408	33
8	89611990	89611433	34
8	89615306	89611355	0
8	89615306	89611783	1
8	89617158	89615182	0
8	89620876	89616928	0
8	89623205	89616992	0
8	89628300	89615182	0
8	89629252	89628164	0
8	89629272	89628154	0
8	89722157	89717427	3
8	89722157	89720903	1
8	89722351	89720943	1
8	89757195	89629153	1
8	89757365	89756234	1
8	89757712	89725517	0
8	89757728	89629153	1
8	89937076	89933335	8
8	89937076	89933483	3
8	89937076	89935170	3
8	89937348	89935431	2
8	89943367	89937025	2
8	89946296	89943252	4
8	89946626	89943358	2
8	89947893	89943252	6
8	89970558	89964409	2
8	89971291	89970363	0
8	89971291	89970518	0
8	89971291	89970519	0
8	89978324	89971172	1
8	89980853	89978277	3
8	89980894	89978219	1
8	89980894	89978281	4
8	89981524	89971172	1
8	89982856	89981374	3
8	89982856	89981952	2
8	89984238	89982721	2
8	89984405	89982721	2
8	89984620	89982721	3
8	89984666	89982403	3
8	89984717	89982721	3
8	89984734	89982721	1
8	90060701	90058607	0
8	90060701	90059418	1
8	90061313	90060169	1
8	90063154	90058607	0
8	90063154	90060628	0
8	90063321	90062627	0
8	90063321	90063099	0
8	90063431	90063280	0
8	90063462	90063280	0
8	90063462	90063298	0
8	90064469	90060628	0
8	90065976	90063405	0
8	90065976	90063434	0
8	90069055	90065897	0
8	90069238	90068997	0
8	90069238	90069003	0
8	90078448	90069153	0
8	90078448	90069168	0
8	90081522	90078372	0
8	90082103	90078372	0
8	90082103	90078423	0
8	90082389	90078372	0
8	90082416	90078372	0
8	90082584	90078310	0
8	90221511	90221646	0
8	9030082	9032548	39
8	90554667	90534610	0
8	90593972	90592803	0
8	90619023	90562228	0
8	90631708	90621994	0
8	90631708	90625670	3
8	90645513	90625090	2
8	90645906	90621994	1
8	90646084	90631551	2
8	90648866	90651403	0
8	90690576	90683815	0
8	90703523	90631551	0
8	90703523	90631565	0
8	90703523	90683950	0
8	90703523	90690443	0
8	90812795	90806473	0
8	90859241	90812904	0
8	90960849	90958636	4
8	90996745	90993795	2
8	90996745	90995523	1
8	90996745	90995592	1
8	90996745	90995716	1
8	90996745	90995810	0
8	91018514	90996653	0
8	91018514	91008742	0
8	91020264	91018389	0
8	91024367	91021255	0
8	91040750	91024301	0
8	91040812	91021255	0
8	91040836	91021255	0
8	91040852	91008742	0
8	91040873	91024288	0
8	91041065	91021255	0
8	91043676	91042689	0
8	91044734	91043467	0
8	91044763	91043531	0
8	91069823	91059908	1
8	91070124	91069578	1
8	91070190	91067910	14
8	9150697	9136254	0
8	9151575	9139562	0
8	91546455	91542923	0
8	91773197	91546374	0
8	91773200	91564979	0
8	9182520	9180250	0
8	9189047	9189347	0
8	9189047	9189350	0
8	9189128	9189347	0
8	91970849	91954966	0
8	91970849	91954974	0
8	91970849	91958923	0
8	91970849	91959786	0
8	91970849	91959792	0
8	91970849	91960130	0
8	91970849	91960241	0
8	91970849	91960440	0
8	91971161	91960239	0
8	91975974	91970657	0
8	91975974	91970770	0
8	91979932	91975904	0
8	91986326	91975904	0
8	91986973	91986123	0
8	91991729	91986886	0
8	91991890	91986886	0
8	91991890	91986916	0
8	91994624	91991638	0
8	92003381	91991638	0
8	92005161	92003301	0
8	92005175	91994486	0
8	92005298	91991638	0
8	92006769	91991670	0
8	92011092	92004421	0
8	92011092	92005115	0
8	92011092	92005167	0
8	92011092	92005230	0
8	92014821	92009645	0
8	92014821	92011001	0
8	92014821	92011052	0
8	92014821	92011087	0
8	92017364	92014578	0
8	92017364	92014640	0
8	92017364	92014660	0
8	92017364	92014685	0
8	92017364	92014687	0
8	92017364	92014727	0
8	92017364	92014756	0
8	92017364	92014765	0
8	92017364	92014787	0
8	92017364	92014791	0
8	92017364	92014797	0
8	92017432	92014660	0
8	92017432	92014669	0
8	92017432	92014724	0
8	92017432	92014746	0
8	92017432	92014765	0
8	92017638	92014578	0
8	92019176	92017225	0
8	92062623	92017247	0
8	92062628	92017225	0
8	92062710	92014660	0
8	92062710	92014765	0
8	92062710	92017225	0
8	92062710	92017262	0
8	92062710	92017292	0
8	92062710	92017345	0
8	92062964	92017225	0
8	92063624	92062545	0
8	92071388	92017225	0
8	92076133	92017225	0
8	92076138	92014660	0
8	92076138	92014765	0
8	92076138	92017225	0
8	92076138	92017265	0
8	92076138	92017289	0
8	92076138	92017303	0
8	92076138	92017306	0
8	92076138	92017345	0
8	92076138	92017399	0
8	92076138	92062545	0
8	92076138	92062623	0
8	92095172	92017225	0
8	92095216	92017225	0
8	92095236	92017225	0
8	92095236	92017345	0
8	92095236	92062545	0
8	92095237	92062545	0
8	92095263	92017225	0
8	92095263	92062545	0
8	92095479	92017225	0
8	92095612	92017225	0
8	92095655	92017225	0
8	92103227	92017225	0
8	92103229	92005165	0
8	92103287	92017225	0
8	92404086	92403544	0
8	92421799	92420849	0
8	92461765	92460538	0
8	92569067	92516789	0
8	92569067	92565442	0
8	9260296	9255348	0
8	92718519	92699741	0
8	92718519	92699749	0
8	92718519	92712961	0
8	92725112	92723023	0
8	92758543	92718398	0
8	92765579	92718398	0
8	92786061	92718398	0
8	92877638	92785975	0
8	92892067	92886389	0
8	92892075	92883529	0
8	92892075	92883531	0
8	92892075	92883634	0
8	92892075	92885319	0
8	92892075	92885334	0
8	92892075	92885348	1
8	92892075	92885350	1
8	92892075	92885713	3
8	92892075	92886232	3
8	92892075	92886234	3
8	92892075	92886424	0
8	92892075	92886533	0
8	92892075	92886554	0
8	92892075	92886592	3
8	92892075	92886657	3
8	92892075	92886662	3
8	92917008	92891988	0
8	92917011	92891988	0
8	92921661	92891988	0
8	92921661	92916928	0
8	92954565	92891988	0
8	92954565	92916928	0
8	92954565	92916966	0
8	92954565	92921502	0
8	92954565	92922253	0
8	92960535	92954405	0
8	92960720	92953414	0
8	92960720	92954405	0
8	92964957	92963476	0
8	92965489	92960500	0
8	92965590	92954405	0
8	92965989	92960500	0
8	92966037	92954405	0
8	92966075	92954082	0
8	92966075	92954405	0
8	92966088	92954405	0
8	92966099	92954405	0
8	92966110	92954405	0
8	92966112	92921502	0
8	92966114	92964885	0
8	92966115	92916928	0
8	92966124	92916928	0
8	92966130	92954405	0
8	92966144	92954405	0
8	92966144	92960500	0
8	92966145	92891988	0
8	92966145	92916928	0
8	92966145	92921502	0
8	92966145	92954405	0
8	92966146	92954405	0
8	93017674	92954405	0
8	93134810	93134293	0
8	93134812	93134094	0
8	93134812	93134241	0
8	93217568	93215924	0
8	93234879	93228422	0
8	93250724	93213326	0
8	9325936	9326025	0
8	93292687	93213301	0
8	93303035	93213309	0
8	9332514	9332838	0
8	9332514	9332922	0
8	9332514	9332925	0
8	93346907	93340175	0
8	93362579	93346466	0
8	93362579	93346692	0
8	93531306	93391070	0
8	9357752	9351237	0
8	93659580	93564021	0
8	93701459	93702164	2
8	93701459	93702519	2
8	93701601	93702164	2
8	93709768	93709770	35
8	9373107	9371969	0
8	93733785	93733895	148
8	93736411	93733404	165
8	93736439	93730263	56
8	93737356	93729355	83
8	93737356	93734548	116
8	93737356	93735962	28
8	93737356	93736043	28
8	93737356	93736162	28
8	93739192	93730632	41
8	93740697	93737306	34
8	93740719	93737306	31
8	93740957	93740628	11
8	93740990	93737306	29
8	93741002	93735980	43
8	93741018	93737306	30
8	9374966	9372854	0
8	93754910	93755019	7
8	93816516	93817715	12
8	9384001	9374897	0
8	9384001	9379979	0
8	93846744	93834453	0
8	93940340	93939363	0
8	9404045	9383871	0
8	94100700	94097763	0
8	94130740	94127170	0
8	94130740	94128239	0
8	94130993	94127871	0
8	94146168	94130875	0
8	94148875	94145927	0
8	94148875	94145968	0
8	9415941	9403944	0
8	94174261	94173796	0
8	94176680	94165760	0
8	94176680	94174101	0
8	94176680	94174242	0
8	94203053	94201912	0
8	94208556	94194634	0
8	94208556	94197229	0
8	94208588	94194634	0
8	94217304	94194634	0
8	94252224	94249252	0
8	94252224	94249257	0
8	94260513	94253035	3
8	94260771	94260222	4
8	94262320	94260002	1
8	94262346	94259815	1
8	94262346	94260172	0
8	94262351	94260172	0
8	9436206	9383871	0
8	94373091	94371960	10
8	94378381	94371959	6
8	94378381	94372169	7
8	94378635	94378179	7
8	94378635	94378376	8
8	94380407	94378567	3
8	94387160	94380144	1
8	94387430	94380269	3
8	94391900	94386983	13
8	94393883	94391608	0
8	94393883	94391806	0
8	94399566	94393742	0
8	94399584	94393422	0
8	94399622	94393742	0
8	94400464	94393742	0
8	94407668	94404076	0
8	94407721	94404076	0
8	94411316	94407438	0
8	94411316	94407521	0
8	94432657	94411120	0
8	94436943	94431946	2
8	94436953	94411120	0
8	94458437	94411120	0
8	94458437	94411242	0
8	94458437	94431159	0
8	94458437	94432610	0
8	94467556	94411120	0
8	94490083	94487692	1
8	94490083	94488519	1
8	94490083	94488614	1
8	94490173	94488520	1
8	94491910	94489938	1
8	94492759	94489938	4
8	94492819	94489938	1
8	94492819	94491577	1
8	94492819	94491737	3
8	94509941	94506499	0
8	94510653	94509687	9
8	94511563	94509756	59
8	94511730	94510416	43
8	94512090	94510732	30
8	94512090	94511184	9
8	94512456	94511184	8
8	94529343	94526222	0
8	94531086	94529069	1
8	94531086	94529216	2
8	94535008	94530962	5
8	94537152	94530962	3
8	94792964	94791642	18
8	94793107	94792231	21
8	94866192	94866311	29
8	94867197	94867275	40
8	94876148	94876220	19
8	94882290	94879769	16
8	94882290	94880226	50
8	94882290	94881613	5
8	94885202	94882780	10
8	94885202	94883718	12
8	94885559	94885066	1
8	94888074	94885451	2
8	94888074	94885462	2
8	94890551	94887926	1
8	94892970	94890414	0
8	94892970	94890512	0
8	94893945	94890414	0
8	94893945	94892817	1
8	94893973	94892817	1
8	94894120	94892817	0
8	94894120	94893654	0
8	94894120	94893890	0
8	94932108	94925971	2
8	94940221	94925971	0
8	95072921	95066807	0
8	95073183	95068923	0
8	95078645	95071731	0
8	95208579	95207006	0
8	95252284	95244918	0
8	95993104	95986107	0
8	96145163	96144524	0
8	96145525	96144524	0
8	96145525	96145075	0
8	96160717	96145056	0
8	96160720	96145224	0
8	96160793	96142329	0
8	96231516	96230714	7
8	96231516	96230941	7
8	96231622	96230938	8
8	96231941	96225919	3
8	96231941	96230476	4
8	96231941	96231062	11
8	96231941	96231094	10
8	96231941	96231225	7
8	96231941	96231378	7
8	96231941	96231531	12
8	96233220	96231773	8
8	96233228	96231296	3
8	96233228	96231773	10
8	96233916	96231773	8
8	96235545	96230935	4
8	96239856	96239397	12
8	96244081	96239423	12
8	96244081	96239434	12
8	96245932	96239428	4
8	96258701	96256961	18
8	96260248	96258487	32
8	96261590	96258356	29
8	96261611	96258356	29
8	96333487	96333677	127
8	96386051	96371864	0
8	96386051	96372091	0
8	97858233	97858048	0
8	98042719	98041720	45
8	98042776	98041720	41
8	98042776	98041799	41
8	98042776	98041806	39
8	98043086	98041718	44
8	98044133	98042830	156
8	98044242	98043446	190
8	98045089	98024850	0
8	98045089	98041720	132
8	98045089	98042644	90
8	98045400	98042644	130
8	98045400	98044432	127
8	98045400	98044826	83
8	98045400	98044942	71
8	98045515	98044942	53
8	98045545	98045346	31
8	98045546	98045346	31
8	98045547	98045346	31
8	98045549	98044867	78
8	98045549	98045346	31
8	98045551	98044942	49
8	98045591	98045346	26
8	98046470	98045346	11
8	98104545	98102343	0
8	98104545	98102396	0
8	98104545	98102438	0
8	98104545	98102463	0
8	98104545	98102618	0
8	98117111	98108645	2
8	98117115	98113637	4
8	98117160	98108645	1
8	98117172	98106271	5
8	98117242	98108645	1
8	98193413	98189832	5
8	98194823	98189832	4
8	98194823	98192757	7
8	98196006	98194727	4
8	98203197	98195690	2
8	98203197	98195941	1
8	98217287	98212404	0
8	98222601	98212404	0
8	98222601	98217024	0
8	98222601	98217038	0
8	98222601	98217202	0
8	98236215	98222478	0
8	98236232	98231780	0
8	98252602	98236154	0
8	98252635	98236154	0
8	98254069	98252462	0
8	98254088	98252196	0
8	98254088	98252462	0
8	98379208	98371227	0
8	98379208	98371354	0
8	98413785	98412881	0
8	98434319	98388191	0
8	98434319	98401402	0
8	98437209	98434126	0
8	98441008	98437102	0
8	98526918	98454630	0
8	98526918	98454632	0
8	98526918	98454694	0
8	98526927	98437102	0
8	98548162	98526741	0
8	98548163	98526414	0
8	98579790	98547959	0
8	98579790	98547965	0
8	98579790	98547968	0
8	98579790	98548090	0
8	98579790	98553329	0
8	98595046	98579758	1
8	98595251	98579669	4
8	98595751	98594972	5
8	98596170	98579663	1
8	98596170	98579695	1
8	98596170	98594876	3
8	98596170	98595601	8
8	98596393	98594860	4
8	98601662	98596031	4
8	98602183	98596031	1
8	98602256	98596031	1
8	98602277	98596031	0
8	98638561	98595329	0
8	98651725	98596031	0
8	98706635	98596031	1
8	98749391	98596031	0
8	98767372	98596031	1
8	98825647	98774738	0
8	98825667	98774738	0
8	98825672	98774738	0
8	98825682	98774738	0
8	98883796	98875256	0
8	98883835	98774738	0
8	98889903	98878897	0
8	98889903	98883646	0
8	98942572	98889774	0
8	98942646	98889774	0
8	98942828	98883753	0
8	9900613	9900063	0
8	9901201	9900063	0
8	99013045	98996762	2
8	9903330	9900554	0
8	9903754	9903166	0
8	9904188	9903460	0
8	9904211	9903660	0
8	99094061	99091737	0
8	99799188	99796614	0
8	99870888	99871447	17
8	99878266	99873199	5
8	99878266	99874995	5
8	99887619	99877865	3
8	99887619	99878139	3
8	99887619	99878147	3
8	99887619	99878148	3
8	99887619	99878149	3
8	99887619	99878150	3
8	99887619	99885991	9
8	99892048	99887489	1
8	99892053	99887060	4
8	99892053	99887489	1
8	99962444	99960935	0
8	99962444	99960939	0
8	99962444	99961050	0
8	99962444	99961057	0
8	99962444	99961066	0
8	99962979	99961065	0
8	99999421	99996461	0
