gene_id	baseMean	log2FoldChange	lfcSE	pvalue	padj
A1BG	56.8825	1.2636	0.5724	0.005	0.0145
AAK1	967.4408	-1.0213	0.2389	0.0	0.0001
AAR2	1059.7948	-1.0467	0.2464	0.0	0.0001
ABCA1	778.5079	-1.0388	0.2528	0.0	0.0001
ABCA2	1939.9137	1.086	0.2405	0.0	0.0
ABCA3	1037.1937	1.0954	0.2445	0.0	0.0
ABCA7	484.8496	1.0056	0.3314	0.001	0.0036
ABCC3	1701.8499	1.0239	0.2306	0.0	0.0
ABCC6	29.7206	1.3397	0.7078	0.0059	0.0169
ABHD13	238.0996	-1.9127	0.4344	0.0	0.0
ABHD14A	558.1759	1.1862	0.2635	0.0	0.0
ABHD14B	1150.7496	1.1292	0.234	0.0	0.0
ABHD17B	191.0322	-1.4784	0.4175	0.0001	0.0003
ABHD6	189.6034	-1.4095	0.3536	0.0	0.0001
ABL1	2601.2745	-1.4404	0.1983	0.0	0.0
ABL2	2519.0718	-1.4739	0.2114	0.0	0.0
ABTB2	682.1436	-2.208	0.2689	0.0	0.0
AC012314.8	70.5672	2.8877	0.7024	0.0	0.0
AC104777.2	97.4058	1.5518	1.0269	0.0008	0.0031
AC137932.6	22.2892	1.1297	0.7344	0.0189	0.0462
ACAP2	823.2844	-1.1092	0.2641	0.0	0.0001
ACBD3	871.3218	-1.7854	0.2605	0.0	0.0
ACO2	2753.6942	1.0492	0.2225	0.0	0.0
ACVR1B	282.9412	-2.0246	0.3177	0.0	0.0
ACVR2A	69.8307	-3.4842	0.801	0.0	0.0
ACY1	1195.1556	1.2318	0.2488	0.0	0.0
ACYP2	109.4139	1.015	0.4205	0.006	0.0171
ADAM15	6555.6888	1.0906	0.2166	0.0	0.0
ADAM19	1358.0775	-1.0488	0.2372	0.0	0.0
ADAM8	6395.3907	1.29	0.2253	0.0	0.0
ADAMTS15	1826.5963	-2.1041	0.2135	0.0	0.0
ADAMTS16	350.7381	-1.5172	0.2915	0.0	0.0
ADAMTS6	332.2741	-1.1972	0.2958	0.0	0.0001
ADAMTSL4	397.8631	1.1731	0.2806	0.0	0.0001
ADAT2	180.9173	-1.2147	0.3623	0.0002	0.001
ADAT3	85.9973	-2.1127	0.505	0.0	0.0
ADIRF	521.4381	1.2771	0.2674	0.0	0.0
ADM2	102.4874	-1.2325	0.4622	0.0018	0.006
ADNP	1327.4282	-2.1026	0.2468	0.0	0.0
ADNP2	685.468	-1.411	0.26	0.0	0.0
ADPRHL2	497.7479	-2.1478	0.2825	0.0	0.0
ADRA1B	75.6351	-1.1186	0.4785	0.0057	0.0163
ADRB2	1735.7543	1.0778	0.2113	0.0	0.0
AEBP2	367.2583	-1.1878	0.2924	0.0	0.0001
AEN	716.3397	-2.222	0.3177	0.0	0.0
AES	7066.0164	1.0875	0.2081	0.0	0.0
AFF1	786.7892	-2.0391	0.2734	0.0	0.0
AFF4	2417.6905	-1.7894	0.247	0.0	0.0
AFG3L1P	182.771	-1.5327	0.3811	0.0	0.0001
AFTPH	375.1867	-1.8684	0.3617	0.0	0.0
AGA	591.6441	1.0572	0.2567	0.0	0.0001
AGAP9	160.6698	-1.0082	0.3744	0.0029	0.0089
AGPAT9	568.5763	-1.3909	0.2842	0.0	0.0
AGRN	20873.9348	1.0386	0.2174	0.0	0.0
AGTRAP	1165.3524	1.0983	0.2488	0.0	0.0
AHCTF1	2175.5774	-1.8029	0.2476	0.0	0.0
AHCY	8269.501	1.0409	0.2127	0.0	0.0
AHDC1	742.2188	-2.4975	0.25	0.0	0.0
AHR	2119.7764	-1.9785	0.2081	0.0	0.0
AHSA2	178.661	-1.7546	0.3729	0.0	0.0
AIP	1405.1022	1.0719	0.2522	0.0	0.0001
AJUBA	3908.3771	-1.6846	0.2038	0.0	0.0
AK1	1586.2693	1.03	0.2274	0.0	0.0
AK6	372.0371	-1.445	0.3402	0.0	0.0
AKAP10	424.1078	-2.7547	0.2963	0.0	0.0
AKAP11	1095.2429	-1.3639	0.2444	0.0	0.0
AKAP13	467.913	-1.3023	0.2746	0.0	0.0
AKAP5	49.1247	-1.6534	0.6074	0.0004	0.0016
AKAP8	884.2546	-1.2917	0.2322	0.0	0.0
AKIRIN1	1337.3596	-2.3415	0.2176	0.0	0.0
AKIRIN2	515.1443	-1.1353	0.257	0.0	0.0
AKNA	305.4187	-1.4617	0.3232	0.0	0.0
AKR1B1	18649.6537	1.2894	0.1959	0.0	0.0
AKR1C1	423.8975	1.1686	0.2737	0.0	0.0
AKR1C2	83.8261	1.106	0.4726	0.0058	0.0167
AKR7A2	1508.913	1.0738	0.2334	0.0	0.0
ALDH2	1360.3853	1.0145	0.2108	0.0	0.0
ALDH3A1	115.8724	1.1519	0.4295	0.0022	0.0069
ALDH3B1	981.8509	1.1154	0.2386	0.0	0.0
ALDOA	45095.2805	1.1648	0.2105	0.0	0.0
ALDOC	183.4689	1.0712	0.3558	0.001	0.0034
ALKBH4	150.1035	-1.2309	0.3873	0.0004	0.0016
ALKBH7	453.3334	1.161	0.2898	0.0	0.0001
ALKBH8	280.1786	-1.3217	0.3191	0.0	0.0001
ALS2	600.7488	-1.4219	0.2654	0.0	0.0
AMBRA1	418.7214	-2.2073	0.3005	0.0	0.0
AMD1	2165.9017	-1.7427	0.262	0.0	0.0
AMER1	138.194	-1.0625	0.3974	0.0027	0.0084
AMMECR1	502.8089	-1.3087	0.2834	0.0	0.0
AMMECR1L	654.631	-1.1839	0.285	0.0	0.0001
AMOT	10.32	1.0516	0.9746	0.0074	0.0204
AMOTL1	1955.7225	-1.2268	0.2068	0.0	0.0
ANAPC11	1841.7196	1.1148	0.2324	0.0	0.0
ANGEL2	538.476	-1.3251	0.3142	0.0	0.0
ANGPTL4	186.3483	-1.3123	0.3654	0.0001	0.0004
ANKHD1-EIF4EBP3	920.7883	-1.0966	0.2516	0.0	0.0
ANKRD1	4967.5075	-2.8678	0.2318	0.0	0.0
ANKRD11	2840.2326	-1.4262	0.1986	0.0	0.0
ANKRD12	508.3159	-1.6892	0.3274	0.0	0.0
ANKRD17	1384.3343	-1.4886	0.2184	0.0	0.0
ANKRD18A	39.4101	-1.4326	0.6333	0.0025	0.0078
ANKRD28	1746.4864	-1.2869	0.2355	0.0	0.0
ANKRD32	236.8775	-2.1312	0.391	0.0	0.0
ANKRD40	1312.2887	-1.4172	0.2171	0.0	0.0
ANKRD46	97.6237	-2.7919	0.5286	0.0	0.0
ANKS1A	525.1961	-1.2535	0.2568	0.0	0.0
AP000688.14	316.3668	1.1425	0.3645	0.0006	0.0021
AP1AR	332.5316	-1.3276	0.3005	0.0	0.0
AP1B1	4129.2085	1.023	0.2296	0.0	0.0
AP1S1	3740.0738	1.0263	0.1977	0.0	0.0
AP3M2	480.117	-1.5851	0.282	0.0	0.0
AP4B1	255.6477	-1.5113	0.3239	0.0	0.0
AP5B1	762.0045	-1.6153	0.2499	0.0	0.0
APAF1	476.9808	-1.407	0.276	0.0	0.0
APC	505.7855	-1.5744	0.3162	0.0	0.0
APLP1	274.5684	1.6013	0.3422	0.0	0.0
APMAP	5774.637	1.0375	0.1952	0.0	0.0
APOA1BP	1869.9246	1.1645	0.2319	0.0	0.0
APOE	283.9274	1.4849	0.3183	0.0	0.0
APOL2	223.0878	-1.3213	0.3428	0.0	0.0001
APOL6	958.925	-1.3109	0.2653	0.0	0.0
APP	21923.2252	1.1146	0.1907	0.0	0.0
APPBP2	489.0078	-2.2678	0.3322	0.0	0.0
APRT	1888.8854	1.2201	0.2207	0.0	0.0
ARAP2	83.977	-1.014	0.4896	0.0135	0.0344
ARF3	7215.8998	1.0309	0.2302	0.0	0.0
ARF5	2519.4652	1.0663	0.2159	0.0	0.0
ARGLU1	921.384	-2.4475	0.2387	0.0	0.0
ARHGAP11A	2443.7448	-1.4657	0.2061	0.0	0.0
ARHGAP11B	47.3133	-1.1047	0.6047	0.0162	0.0405
ARHGAP12	392.3508	-2.4328	0.3109	0.0	0.0
ARHGAP24	98.3681	-1.0224	0.4528	0.0087	0.0236
ARHGAP29	6858.5114	-1.8029	0.2481	0.0	0.0
ARHGAP30	31.7913	1.2409	0.6518	0.0089	0.0242
ARHGAP31	391.8809	-1.3056	0.2809	0.0	0.0
ARHGAP39	358.529	-1.143	0.2857	0.0	0.0001
ARHGAP42	324.701	-2.0408	0.3126	0.0	0.0
ARHGAP5	2850.0925	-1.8442	0.2803	0.0	0.0
ARHGEF10L	145.3486	-1.1952	0.4063	0.0009	0.0033
ARHGEF2	2258.2903	-1.2529	0.2116	0.0	0.0
ARHGEF26	340.978	-2.1115	0.3252	0.0	0.0
ARHGEF3	247.1835	-1.4961	0.3338	0.0	0.0
ARHGEF37	17.4061	-1.1798	0.7871	0.0141	0.0358
ARHGEF39	158.4383	-1.1701	0.3984	0.001	0.0035
ARHGEF7	720.9911	-1.5232	0.2469	0.0	0.0
ARID1A	1389.299	-1.8627	0.2233	0.0	0.0
ARID2	235.3372	-2.0407	0.3431	0.0	0.0
ARID3B	126.9468	-1.4399	0.5069	0.0006	0.0024
ARID4A	184.219	-2.485	0.4515	0.0	0.0
ARID4B	494.6427	-1.658	0.2659	0.0	0.0
ARID5A	151.0881	-1.0161	0.3805	0.003	0.0092
ARID5B	159.722	-1.8568	0.4091	0.0	0.0
ARL13B	384.4712	-1.6504	0.4234	0.0	0.0001
ARL14EP	173.7328	-1.8779	0.3774	0.0	0.0
ARL2	3894.0273	1.2419	0.2275	0.0	0.0
ARL4A	571.5833	-1.2981	0.2511	0.0	0.0
ARL4C	9171.8823	1.9662	0.1857	0.0	0.0
ARL5B	643.4457	-1.476	0.2919	0.0	0.0
ARL6IP4	3361.6531	1.1719	0.2198	0.0	0.0
ARL8A	364.2606	-1.617	0.294	0.0	0.0
ARMC7	216.6806	-1.2058	0.3452	0.0001	0.0006
ARNTL	110.0626	-1.6468	0.5226	0.0001	0.0006
ARPC1B	8181.7872	1.1605	0.2239	0.0	0.0
ARRDC3	1425.9923	1.7939	0.2462	0.0	0.0
ARRDC3-AS1	36.0306	2.0145	0.7385	0.0001	0.0004
ARSD	555.4662	1.002	0.2505	0.0	0.0002
ASAP1	2048.8048	-2.0414	0.2231	0.0	0.0
ASAP2	1485.4824	-1.2782	0.211	0.0	0.0
ASB13	399.4371	-1.4241	0.304	0.0	0.0
ASB16-AS1	125.6513	-1.45	0.4203	0.0001	0.0004
ASB2	136.044	-1.0156	0.4081	0.0049	0.0144
ASB7	158.2024	-2.7458	0.431	0.0	0.0
ASH1L	805.607	-1.0829	0.2807	0.0	0.0002
ASH1L-AS1	65.3268	1.3664	0.5324	0.0016	0.0054
ASIC1	174.6299	1.2643	0.3655	0.0001	0.0006
ASNA1	3563.3226	1.0953	0.2422	0.0	0.0
ASPHD2	49.6714	-1.4661	0.5789	0.0013	0.0044
ASPM	2226.4249	-1.7738	0.301	0.0	0.0
ASS1	617.1601	1.375	0.272	0.0	0.0
ASXL2	788.1219	-2.2626	0.2436	0.0	0.0
ATAD5	343.0873	-1.1973	0.7403	0.0134	0.0342
ATF1	337.2374	-1.2776	0.2957	0.0	0.0
ATF2	625.0752	-1.6808	0.2638	0.0	0.0
ATF7IP	811.2338	-1.6415	0.2416	0.0	0.0
ATG14	390.7134	-1.4385	0.3356	0.0	0.0
ATG16L1	424.0714	-1.4181	0.2959	0.0	0.0
ATL2	956.5219	-1.6102	0.247	0.0	0.0
ATOX1	1293.5488	1.1658	0.2573	0.0	0.0
ATP2B1	3549.4631	-1.0179	0.2416	0.0	0.0001
ATP5D	2713.2045	1.0389	0.2224	0.0	0.0
ATP5E	3308.8848	1.1593	0.2148	0.0	0.0
ATP5G1	1969.5474	1.1237	0.216	0.0	0.0
ATP5G2	2573.6151	1.1685	0.2335	0.0	0.0
ATP5J2	2907.7074	1.0925	0.2163	0.0	0.0
ATP6AP1	4589.8204	1.1489	0.2248	0.0	0.0
ATP6V0E2	1909.8277	1.1285	0.2495	0.0	0.0
ATP6V1F	1980.6414	1.0582	0.2321	0.0	0.0
ATP8B1	778.8776	-1.1834	0.2544	0.0	0.0
ATPIF1	1590.2113	1.0206	0.2142	0.0	0.0
ATRAID	1714.232	1.0203	0.2052	0.0	0.0
ATXN1	442.299	-2.2601	0.2869	0.0	0.0
ATXN2	452.6339	-1.8068	0.2765	0.0	0.0
ATXN7	384.203	-2.0644	0.2948	0.0	0.0
ATXN7L1	53.8319	-1.536	0.5843	0.0008	0.0029
AUNIP	155.727	-1.2081	0.3915	0.0006	0.0021
AURKA	3598.1184	-1.2449	0.1945	0.0	0.0
AVL9	705.6034	-1.6676	0.2465	0.0	0.0
AXIN1	728.009	-1.7121	0.2423	0.0	0.0
AZIN1	3647.1273	-1.3754	0.2455	0.0	0.0
B2M	19928.9712	1.0795	0.1827	0.0	0.0
B3GNT2	345.9676	-1.5719	0.2939	0.0	0.0
B3GNT5	544.671	-2.2989	0.3418	0.0	0.0
B3GNT8	31.8107	-1.0925	0.6501	0.0204	0.0493
B4GALT5	2321.7398	-1.5759	0.1999	0.0	0.0
BACH1	648.8929	-1.7539	0.2568	0.0	0.0
BAG2	953.6808	-1.3569	0.2472	0.0	0.0
BAG4	259.1126	-1.9555	0.3464	0.0	0.0
BAHD1	482.2168	-1.6706	0.2776	0.0	0.0
BAK1	1017.4278	-1.7066	0.2274	0.0	0.0
BANF1	6633.5056	1.0297	0.202	0.0	0.0
BANP	251.9194	-1.2588	0.3555	0.0001	0.0005
BARD1	417.6941	-1.6648	0.2989	0.0	0.0
BAZ1A	1355.135	-1.2993	0.23	0.0	0.0
BAZ2B	191.0354	-1.7073	0.4122	0.0	0.0
BBS5	187.078	-1.1306	0.3509	0.0004	0.0017
BCAM	902.9313	1.1517	0.2512	0.0	0.0
BCAP31	8151.267	1.0214	0.1977	0.0	0.0
BCAR1	2616.9582	-1.0813	0.2366	0.0	0.0
BCAR3	1499.1358	-3.0496	0.2215	0.0	0.0
BCDIN3D	18.9214	-1.7169	0.9966	0.0005	0.0019
BCKDHA	630.5955	1.139	0.2836	0.0	0.0001
BCL10	623.4065	-1.2762	0.3034	0.0	0.0
BCL2L2	719.547	-1.014	0.2385	0.0	0.0001
BCL3	288.8699	-2.0402	0.3267	0.0	0.0
BCL6	249.7401	-1.1305	0.32	0.0001	0.0006
BCL7A	125.531	-1.6746	0.4294	0.0	0.0001
BCL9	334.3309	-1.2584	0.2917	0.0	0.0
BCOR	414.5659	-1.5164	0.2813	0.0	0.0
BCORL1	366.8008	-2.2972	0.3339	0.0	0.0
BCYRN1	610.4975	1.9796	0.2582	0.0	0.0
BDNF	372.7046	-1.6772	0.3169	0.0	0.0
BDP1	754.7475	-2.251	0.355	0.0	0.0
BEND3P3	18.3574	-1.2193	0.8384	0.0101	0.027
BEND7	605.9993	-1.4673	0.289	0.0	0.0
BHLHE40	5580.7531	2.5991	0.2277	0.0	0.0
BID	942.8478	1.126	0.2632	0.0	0.0
BIK	9.952	-1.0403	0.9616	0.0088	0.0239
BIN3	163.5188	-1.395	0.4199	0.0002	0.0007
BIRC2	2187.4366	-1.3063	0.2623	0.0	0.0
BLM	298.9434	-2.024	0.4661	0.0	0.0
BLOC1S1	446.058	1.0104	0.2787	0.0001	0.0006
BLOC1S3	230.1528	-1.4038	0.337	0.0	0.0
BLVRB	1050.5465	1.2728	0.2528	0.0	0.0
BMP2K	761.2566	-1.1176	0.2814	0.0	0.0001
BMP4	1672.6901	-2.1517	0.2722	0.0	0.0
BMPR1A	444.6773	-1.8358	0.2816	0.0	0.0
BMS1P4	24.9415	-1.368	0.7614	0.0054	0.0156
BNIP1	216.25	-1.5355	0.3433	0.0	0.0
BNIP2	705.3331	-1.0394	0.2635	0.0	0.0002
BOD1L1	1104.9615	-1.6941	0.2526	0.0	0.0
BOLA2B	620.1714	1.101	0.2782	0.0	0.0002
BOLA3-AS1	11.6563	-1.1677	0.898	0.0094	0.0252
BORA	298.4025	-2.7029	0.3545	0.0	0.0
BPTF	851.535	-1.4344	0.2386	0.0	0.0
BRAP	481.7803	-2.1983	0.2915	0.0	0.0
BRCA2	502.255	-1.5936	0.3567	0.0	0.0
BRD1	487.554	-1.1969	0.2613	0.0	0.0
BRD3	455.6471	-1.3803	0.295	0.0	0.0
BRD8	1011.5178	-1.1007	0.2216	0.0	0.0
BRF1	537.0626	-1.0313	0.2584	0.0	0.0002
BRF2	188.7541	-1.0835	0.3705	0.0012	0.0042
BRIP1	910.5641	-1.8082	0.3118	0.0	0.0
BRIX1	1207.9053	-1.2135	0.2272	0.0	0.0
BRPF1	684.6196	-1.5908	0.2603	0.0	0.0
BRPF3	3146.6161	-1.0063	0.2103	0.0	0.0
BSG	23602.0392	1.1345	0.1998	0.0	0.0
BSN-AS2	7.5818	1.0438	1.0231	0.0046	0.0136
BST2	2546.8968	1.2037	0.2076	0.0	0.0
BTAF1	1141.4692	-1.3827	0.2266	0.0	0.0
BTBD3	412.9402	-1.6053	0.2822	0.0	0.0
BTBD7	600.4624	-1.3373	0.2901	0.0	0.0
BTF3L4	1199.8445	-1.1996	0.2739	0.0	0.0
BTRC	396.7837	-1.5247	0.2981	0.0	0.0
BUD13	419.5751	-2.6315	0.3029	0.0	0.0
C10orf105	7.4085	1.0469	1.0219	0.0046	0.0136
C10orf118	311.1969	-2.6811	0.3502	0.0	0.0
C10orf55	809.8489	4.4651	0.3311	0.0	0.0
C10orf88	218.3397	-2.1403	0.3602	0.0	0.0
C11orf30	329.4051	-2.1932	0.3048	0.0	0.0
C11orf57	559.3178	-1.8881	0.2729	0.0	0.0
C11orf82	453.9407	-1.59	0.3025	0.0	0.0
C11orf84	733.7579	-1.7738	0.2496	0.0	0.0
C11orf95	475.1028	-1.6859	0.3032	0.0	0.0
C12orf23	806.9321	-1.3101	0.3141	0.0	0.0
C12orf57	761.3949	1.1853	0.2441	0.0	0.0
C12orf65	406.2264	-2.3615	0.2879	0.0	0.0
C14orf169	531.1046	-1.0699	0.256	0.0	0.0001
C15orf48	1247.9131	1.0234	0.224	0.0	0.0
C15orf52	2064.9513	-1.6642	0.2272	0.0	0.0
C16orf13	582.4976	1.0419	0.2665	0.0	0.0002
C16orf70	207.5791	-2.0862	0.3566	0.0	0.0
C16orf72	555.8701	-2.9388	0.273	0.0	0.0
C16orf87	64.5829	-1.7137	0.6844	0.0005	0.0019
C17orf53	216.6794	-1.1711	0.3593	0.0003	0.0014
C17orf59	111.1143	-1.1358	0.441	0.003	0.0092
C17orf80	360.8535	-3.4928	0.3313	0.0	0.0
C17orf85	941.5547	-1.357	0.2542	0.0	0.0
C18orf21	186.4758	-1.0409	0.363	0.0016	0.0053
C18orf25	790.3984	-1.9548	0.241	0.0	0.0
C18orf54	303.2388	-1.5581	0.3296	0.0	0.0
C19orf10	5274.7712	1.1321	0.2051	0.0	0.0
C19orf12	364.7028	-1.182	0.3114	0.0	0.0002
C19orf33	3322.579	1.0198	0.2016	0.0	0.0
C19orf48	1658.6948	-1.3787	0.2413	0.0	0.0
C19orf54	240.2654	-1.5047	0.3267	0.0	0.0
C19orf55	181.3479	-1.3914	0.3734	0.0	0.0002
C19orf68	410.7242	-1.0628	0.3024	0.0002	0.0008
C19orf70	1524.1214	1.2225	0.2484	0.0	0.0
C1GALT1	820.9307	-1.1315	0.3253	0.0002	0.0008
C1orf106	82.0898	-1.6599	0.5087	0.0001	0.0004
C1orf109	498.5676	-1.0258	0.2606	0.0	0.0002
C1orf131	63.922	-2.1901	0.6274	0.0	0.0
C1orf174	287.3314	-1.7862	0.3172	0.0	0.0
C1orf198	814.6509	-1.1373	0.2433	0.0	0.0
C1orf216	268.2331	-1.0472	0.3111	0.0003	0.0012
C1orf226	127.0795	-1.6586	0.4203	0.0	0.0
C1orf233	340.0497	1.0547	0.2953	0.0001	0.0006
C1orf52	377.6662	-1.7065	0.3101	0.0	0.0
C1orf63	137.3364	-1.5156	0.4164	0.0	0.0002
C1QTNF1	260.4102	1.1801	0.3236	0.0001	0.0004
C1R-2	318.8901	1.3762	0.3002	0.0	0.0
C1RL	174.9894	1.2337	0.3719	0.0002	0.001
C1S	286.0511	1.0163	0.3189	0.0006	0.0023
C2	384.9888	1.4575	0.2933	0.0	0.0
C20orf112	70.5545	-1.3568	0.5028	0.0012	0.0041
C20orf27	3750.2289	1.167	0.2261	0.0	0.0
C21orf119	43.7845	1.5023	0.6439	0.0017	0.0055
C21orf58	253.6616	1.0895	0.3268	0.0003	0.0013
C21orf91	158.7726	-1.8324	0.4394	0.0	0.0
C22orf29	341.2015	-2.7265	0.329	0.0	0.0
C2CD2	411.9291	-1.5742	0.282	0.0	0.0
C2CD5	335.1753	-1.3554	0.2983	0.0	0.0
C2orf42	91.7092	-2.4059	0.5585	0.0	0.0
C2orf44	184.8892	-3.6764	0.4416	0.0	0.0
C2orf49	222.8464	-1.2267	0.3379	0.0001	0.0004
C2orf69	468.8562	-1.5159	0.3434	0.0	0.0
C3	9608.1783	1.3869	0.2123	0.0	0.0
C3orf17	425.3016	-1.2166	0.2731	0.0	0.0
C3orf52	109.5611	-1.6307	0.4362	0.0	0.0001
C3orf58	96.7993	-1.5608	0.5434	0.0004	0.0016
C4A	352.2059	1.0973	0.3349	0.0004	0.0015
C4B	593.1771	1.4004	0.2612	0.0	0.0
C4orf21	151.0291	-1.4544	0.4212	0.0001	0.0004
C4orf46	719.7919	-1.0977	0.302	0.0001	0.0005
C5orf28	166.196	-1.4157	0.4122	0.0001	0.0005
C5orf30	207.1838	-3.0377	0.5048	0.0	0.0
C5orf34	107.484	-2.7286	0.6015	0.0	0.0
C5orf51	545.3528	-1.2786	0.2645	0.0	0.0
C5orf54	49.4642	-2.3189	0.6713	0.0	0.0
C5orf55	101.9838	1.1538	0.4453	0.0027	0.0085
C6orf226	227.8863	1.2016	0.3644	0.0003	0.0012
C7orf26	442.5262	-1.3577	0.2788	0.0	0.0
C7orf43	282.2831	-1.543	0.321	0.0	0.0
C7orf49	802.0705	-1.1234	0.2358	0.0	0.0
C7orf60	70.199	-1.5418	0.6456	0.0013	0.0044
C8orf44-SGK3	20.7717	-1.276	0.827	0.008	0.0219
C8orf76	288.839	-1.217	0.3064	0.0	0.0001
C9orf16	753.9236	1.0484	0.2424	0.0	0.0
C9orf72	91.3928	-1.051	0.4901	0.0105	0.0278
C9orf91	247.2781	-1.012	0.3289	0.0009	0.0032
CA11	66.674	1.2018	0.508	0.0043	0.0127
CA12	1211.5975	1.0651	0.216	0.0	0.0
CA9	274.8083	1.3759	0.3253	0.0	0.0
CAB39	2484.6469	-1.0112	0.2262	0.0	0.0
CACUL1	1321.5328	-1.2177	0.2612	0.0	0.0
CADM4	126.8689	1.258	0.4135	0.0006	0.0022
CALHM2	162.396	-1.7314	0.3958	0.0	0.0
CALHM3	54.5876	1.0155	0.5451	0.0201	0.0486
CALR	29833.2166	1.0442	0.1893	0.0	0.0
CAMSAP2	1224.2018	-1.5404	0.2417	0.0	0.0
CAPG	6547.7751	1.1748	0.2198	0.0	0.0
CAPN10-AS1	72.9879	1.6123	0.5517	0.0003	0.0012
CAPN7	531.275	-1.0435	0.3259	0.0005	0.0021
CAPNS1	9394.5442	1.1565	0.2145	0.0	0.0
CAPRIN2	619.8352	-1.5637	0.249	0.0	0.0
CARD10	1227.6706	-1.0418	0.2644	0.0	0.0002
CARD6	169.7887	-1.0222	0.3671	0.0021	0.0069
CASC5	710.4662	-1.6099	0.3355	0.0	0.0
CASD1	154.0732	-1.0486	0.3884	0.0026	0.0081
CASKIN2	450.6855	-1.5979	0.3215	0.0	0.0
CASP2	639.1532	-1.2873	0.2505	0.0	0.0
CASP3	530.5093	-3.5168	0.3245	0.0	0.0
CASP7	291.4858	-1.5784	0.3403	0.0	0.0
CASP8	312.3203	-1.2568	0.301	0.0	0.0001
CASP8AP2	332.625	-2.1115	0.3961	0.0	0.0
CBFA2T2	377.7294	-1.4126	0.2824	0.0	0.0
CBL	1320.7635	-1.6048	0.2247	0.0	0.0
CBLB	115.8898	-1.0281	0.4316	0.0063	0.0179
CBX4	393.9746	-1.4254	0.3129	0.0	0.0
CBX8	126.9954	-1.8871	0.4221	0.0	0.0
CCDC112	146.0303	-1.3877	0.4267	0.0002	0.0009
CCDC117	381.8455	-2.6895	0.3816	0.0	0.0
CCDC12	344.2164	-1.3736	0.3151	0.0	0.0
CCDC120	103.0021	-1.9969	0.4673	0.0	0.0
CCDC122	92.8091	-1.6908	0.5258	0.0001	0.0004
CCDC124	3991.3047	1.0492	0.2164	0.0	0.0
CCDC127	284.1942	-1.3294	0.329	0.0	0.0001
CCDC130	274.4012	-1.0455	0.3872	0.0026	0.0082
CCDC137	956.2011	-1.3284	0.2665	0.0	0.0
CCDC138	133.9109	-1.7672	0.4434	0.0	0.0
CCDC14	640.5133	-1.5827	0.3103	0.0	0.0
CCDC146	39.0412	-1.2862	0.645	0.0066	0.0187
CCDC15	133.2039	-1.2837	0.4582	0.0011	0.0039
CCDC174	216.6786	-1.7461	0.3468	0.0	0.0
CCDC66	128.5467	-1.639	0.466	0.0	0.0002
CCDC71	344.1287	-1.5443	0.345	0.0	0.0
CCDC77	178.4765	-1.8416	0.3948	0.0	0.0
CCDC82	642.3641	-1.9837	0.2635	0.0	0.0
CCDC85B	5329.8789	1.2468	0.2054	0.0	0.0
CCDC88C	601.7613	-1.4064	0.2495	0.0	0.0
CCDC9	388.687	-1.0104	0.3032	0.0004	0.0015
CCDC93	912.0785	-1.385	0.2282	0.0	0.0
CCDC96	146.4676	1.1886	0.3955	0.0008	0.0028
CCL5	59.1156	1.0714	0.541	0.0139	0.0353
CCNA2	2747.1444	-1.2275	0.1993	0.0	0.0
CCNE1	208.016	-1.7233	0.4188	0.0	0.0
CCNE2	461.8623	-2.1844	0.3314	0.0	0.0
CCNF	1104.9539	-1.8456	0.2668	0.0	0.0
CCNG2	107.7752	-1.7062	0.4524	0.0	0.0001
CCNJ	207.5626	-2.5599	0.3946	0.0	0.0
CCNJL	635.2498	-1.3115	0.272	0.0	0.0
CCNL1	989.6514	1.1666	0.2371	0.0	0.0
CCNT1	585.4873	-2.2029	0.2942	0.0	0.0
CCNT2	402.6659	-1.1314	0.3146	0.0001	0.0005
CCP110	582.5539	-2.4835	0.2985	0.0	0.0
CCSAP	254.9221	-1.8805	0.329	0.0	0.0
CCT6P3	41.5446	-1.1074	0.6266	0.0175	0.0432
CD14	219.3946	1.1134	0.3311	0.0003	0.0011
CD151	11094.0749	1.2333	0.2401	0.0	0.0
CD22	345.2185	1.1224	0.3251	0.0002	0.0008
CD2AP	2257.9529	-1.04	0.2173	0.0	0.0
CD320	2652.1806	1.2498	0.2416	0.0	0.0
CD63	11224.786	1.0518	0.1935	0.0	0.0
CD68	4103.9238	1.1203	0.2079	0.0	0.0
CD74	16262.9939	1.1954	0.2086	0.0	0.0
CD81	6994.6186	1.0106	0.2084	0.0	0.0
CD99L2	4931.0427	1.0233	0.1979	0.0	0.0
CDA	726.8121	1.1071	0.2803	0.0	0.0002
CDAN1	261.3262	-1.1063	0.3324	0.0003	0.0013
CDC14A	104.7366	-1.3199	0.4464	0.0006	0.0024
CDC25A	558.5211	-2.576	0.266	0.0	0.0
CDC27	2965.3869	-1.0356	0.235	0.0	0.0
CDC37	13252.4091	1.0144	0.2209	0.0	0.0
CDC37L1	41.1885	-1.5604	0.7364	0.0017	0.0057
CDC40	360.3612	-1.2717	0.3744	0.0002	0.0007
CDC42EP4	860.397	-1.4408	0.2586	0.0	0.0
CDC42SE1	1312.2682	-2.1447	0.218	0.0	0.0
CDC42SE2	548.9305	-1.6908	0.2902	0.0	0.0
CDC7	405.3474	-1.7883	0.4249	0.0	0.0
CDCA2	596.5193	-1.8335	0.2936	0.0	0.0
CDCA4	1466.6524	-2.0336	0.2436	0.0	0.0
CDCA5	2941.852	-1.4103	0.2019	0.0	0.0
CDCA8	2035.3297	-2.0926	0.2146	0.0	0.0
CDH3	29.1883	1.2257	0.675	0.0105	0.0278
CDK12	1600.264	-2.0078	0.2754	0.0	0.0
CDK13	723.6166	-1.6988	0.2549	0.0	0.0
CDK17	610.677	-2.9754	0.3066	0.0	0.0
CDK5	581.1282	1.0589	0.2812	0.0001	0.0003
CDK7	587.6617	-1.4005	0.2836	0.0	0.0
CDK8	298.1941	-2.0212	0.3146	0.0	0.0
CDKL1	155.6419	-1.258	0.3794	0.0002	0.001
CDKN1B	2553.801	1.9643	0.2027	0.0	0.0
CDR2	689.4719	-1.2416	0.2488	0.0	0.0
CDV3	4560.5479	-1.0301	0.2284	0.0	0.0
CDYL	712.8084	-2.2364	0.2461	0.0	0.0
CDYL2	66.6184	-1.1331	0.5186	0.0077	0.0214
CEBPG	718.296	-1.7455	0.2632	0.0	0.0
CEBPZ	1168.7427	-1.4485	0.266	0.0	0.0
CEL	23.8348	-1.4356	0.7466	0.0037	0.011
CELF1	2201.5462	-1.1916	0.2078	0.0	0.0
CELSR1	760.9422	1.0468	0.271	0.0	0.0002
CEMP1	83.367	-1.2614	0.5255	0.0033	0.0101
CENPA	371.427	-2.2902	0.295	0.0	0.0
CENPC	144.8484	-2.403	0.4834	0.0	0.0
CENPE	1505.0647	-1.6954	0.3052	0.0	0.0
CENPL	454.9764	-1.354	0.3031	0.0	0.0
CEP120	362.2402	-1.6332	0.3715	0.0	0.0
CEP135	352.0286	-1.6986	0.3695	0.0	0.0
CEP152	289.8513	-1.4857	0.3412	0.0	0.0
CEP170	2027.1079	-2.286	0.2466	0.0	0.0
CEP19	91.8199	-1.2087	0.4635	0.0023	0.0073
CEP350	704.9935	-1.7067	0.3361	0.0	0.0
CEP44	178.5502	-1.7756	0.3914	0.0	0.0
CEP68	93.2417	-1.2058	0.463	0.0023	0.0074
CEP85	634.8878	-1.8902	0.2497	0.0	0.0
CEP97	504.379	-1.9355	0.3391	0.0	0.0
CERCAM	2255.62	1.1445	0.2328	0.0	0.0
CFB	3345.964	1.2825	0.2062	0.0	0.0
CFL1	39009.7628	1.0417	0.202	0.0	0.0
CGRRF1	177.937	-1.1562	0.3739	0.0006	0.0023
CH25H	47.3048	1.2272	0.5806	0.0067	0.0189
CHAC1	111.9465	-1.4286	0.4546	0.0003	0.0011
CHAF1A	1433.4449	-1.1606	0.2355	0.0	0.0
CHAMP1	578.4855	-2.3813	0.2638	0.0	0.0
CHCHD2	7884.3542	1.0982	0.2	0.0	0.0
CHD1	883.4887	-2.4332	0.2496	0.0	0.0
CHD7	327.422	-1.6898	0.3134	0.0	0.0
CHD8	1359.6276	-1.6809	0.2171	0.0	0.0
CHD9	415.684	-1.8596	0.2822	0.0	0.0
CHERP	1775.7096	-1.4806	0.2062	0.0	0.0
CHI3L2	159.2924	1.0363	0.3682	0.0019	0.0062
CHIC1	207.1219	-1.4642	0.3516	0.0	0.0
CHIC2	362.7376	-1.3418	0.2854	0.0	0.0
CHID1	2260.372	1.1718	0.2352	0.0	0.0
CHMP1B	1170.4732	1.0727	0.2197	0.0	0.0
CHMP2A	1499.9927	1.0948	0.2202	0.0	0.0
CHST10	297.158	-1.4789	0.3124	0.0	0.0
CHSY1	887.6981	-1.9667	0.2609	0.0	0.0
CIPC	352.828	-2.8204	0.3658	0.0	0.0
CIR1	309.4062	-1.359	0.337	0.0	0.0001
CISH	12.2431	-1.6165	1.2323	0.0003	0.0013
CKAP2	1709.7633	-1.9372	0.2734	0.0	0.0
CKAP2L	1207.1291	-1.986	0.2587	0.0	0.0
CKB	2122.0742	1.0485	0.2338	0.0	0.0
CKS2	1048.1173	-2.0516	0.2426	0.0	0.0
CLASP1	883.589	-1.0478	0.2288	0.0	0.0
CLCF1	388.381	-1.576	0.3435	0.0	0.0
CLDN12	776.9446	-1.245	0.2412	0.0	0.0
CLHC1	34.832	-1.1605	0.6648	0.0147	0.0371
CLIC3	311.1207	1.4844	0.3367	0.0	0.0
CLK1	434.5801	-1.066	0.2821	0.0001	0.0003
CLK2	365.2335	-1.1189	0.2858	0.0	0.0002
CLK4	139.5018	-1.23	0.3881	0.0004	0.0016
CLN8	136.1086	-2.1186	0.536	0.0	0.0
CLOCK	959.0623	-1.0294	0.2864	0.0001	0.0006
CLPX	567.072	-1.3434	0.2612	0.0	0.0
CLU	1603.8757	1.2898	0.2217	0.0	0.0
CLUHP3	18.7633	-2.4375	1.7816	0.0	0.0001
CMTR2	267.4156	-1.8906	0.3254	0.0	0.0
CNEP1R1	129.6515	-2.4178	0.4929	0.0	0.0
CNIH3	203.3309	-1.2309	0.3573	0.0002	0.0007
CNKSR3	200.3515	-1.5118	0.3595	0.0	0.0
CNOT2	633.8258	-2.091	0.2606	0.0	0.0
CNOT4	348.6463	-2.9522	0.3147	0.0	0.0
CNOT6L	268.9235	-1.9526	0.415	0.0	0.0
CNOT8	480.1836	-2.0837	0.2769	0.0	0.0
CNPY2	1547.0789	1.0452	0.2251	0.0	0.0
CNST	405.0101	-1.7032	0.305	0.0	0.0
CNTNAP3	202.7911	1.1988	0.3444	0.0001	0.0007
CNTRL	416.8995	-1.9049	0.2973	0.0	0.0
COA3	1096.2353	1.0328	0.2299	0.0	0.0
COG3	398.868	-1.5823	0.2997	0.0	0.0
COIL	393.9332	-1.5312	0.3469	0.0	0.0
COL18A1	9324.8599	1.0818	0.2051	0.0	0.0
COL4A3BP	482.1421	-1.178	0.2637	0.0	0.0
COL6A1	7505.1923	1.1654	0.2211	0.0	0.0
COL6A2	5711.7946	1.1993	0.2106	0.0	0.0
COL9A2	238.0055	1.2171	0.3321	0.0001	0.0004
COMMD2	522.0225	-1.2744	0.2915	0.0	0.0
COMMD4	1207.0042	1.0441	0.2342	0.0	0.0
COMT	2317.3323	1.1526	0.2456	0.0	0.0
COPE	4217.9124	1.1424	0.2156	0.0	0.0
COPS6	4234.4859	1.1341	0.214	0.0	0.0
COQ10B	466.5929	-1.1023	0.2638	0.0	0.0001
CORO1B	4211.3131	1.1231	0.2406	0.0	0.0
COTL1	10705.9467	1.0208	0.1999	0.0	0.0
COX10	275.6054	-1.2916	0.3393	0.0	0.0002
COX4I1	4483.7382	1.0613	0.2045	0.0	0.0
COX6A1	4392.9089	1.1826	0.2119	0.0	0.0
COX6B1	2682.7454	1.1003	0.2216	0.0	0.0
COX8A	5908.254	1.0973	0.2091	0.0	0.0
CPE	208.321	1.0579	0.3437	0.0008	0.0029
CPEB2	587.4142	-1.7433	0.3198	0.0	0.0
CPEB4	633.9285	-1.9833	0.251	0.0	0.0
CPNE5	62.9091	1.0582	0.5521	0.0162	0.0404
CPSF4	726.3077	-1.1168	0.2754	0.0	0.0001
CPSF7	1898.5243	-1.8445	0.2053	0.0	0.0
CPT2	190.8792	-1.5695	0.3549	0.0	0.0
CRABP2	375.8887	1.1607	0.3164	0.0001	0.0004
CRAMP1L	427.671	-1.1382	0.2781	0.0	0.0001
CREB1	578.1493	-1.6985	0.2799	0.0	0.0
CREB5	48.3628	-1.2462	0.5796	0.0059	0.0168
CREBBP	1199.4315	-1.7721	0.2292	0.0	0.0
CREBZF	2092.5096	1.1679	0.2128	0.0	0.0
CRELD1	388.2301	1.101	0.2929	0.0001	0.0003
CRIPAK	59.35	-1.6947	0.5549	0.0001	0.0007
CRK	1813.5553	-1.5343	0.2097	0.0	0.0
CRLF3	430.3051	-1.5179	0.2838	0.0	0.0
CROCCP2	87.7319	-1.1249	0.4939	0.0064	0.0182
CRTC3	379.0438	-1.7134	0.288	0.0	0.0
CRY2	164.8983	-2.1664	0.3966	0.0	0.0
CRYBG3	382.3247	-1.4938	0.2852	0.0	0.0
CRYL1	382.317	1.0581	0.2911	0.0001	0.0005
CSF3	86.2551	1.3367	0.4647	0.0008	0.0028
CSNK1G1	349.2286	-2.9131	0.4619	0.0	0.0
CSNK1G3	612.711	-1.5553	0.3355	0.0	0.0
CSPG5	209.4219	1.2509	0.3701	0.0002	0.0008
CSPP1	173.0091	-1.8424	0.3763	0.0	0.0
CSRNP1	1678.5553	2.3048	0.2483	0.0	0.0
CSRNP2	290.245	-1.9224	0.373	0.0	0.0
CSRP2BP	360.709	-1.5551	0.3126	0.0	0.0
CST1	19651.5044	1.389	0.1979	0.0	0.0
CST2	354.395	1.1577	0.3077	0.0001	0.0003
CST3	11629.6241	1.2347	0.2225	0.0	0.0
CST4	10017.9982	1.3578	0.2032	0.0	0.0
CST6	148.4223	1.1112	0.4121	0.0023	0.0073
CSTB	3479.5042	1.1073	0.211	0.0	0.0
CSTF2T	1392.2477	1.1477	0.2258	0.0	0.0
CTAGE8	15.5841	-1.3763	0.9045	0.0035	0.0107
CTCF	856.5815	-2.1449	0.2403	0.0	0.0
CTDP1	425.3702	-1.5081	0.2954	0.0	0.0
CTDSP1	862.7303	-1.0011	0.2461	0.0	0.0001
CTDSPL2	527.8203	-1.5567	0.2849	0.0	0.0
CTSA	8572.8431	1.1858	0.2162	0.0	0.0
CTSB	9710.814	1.1682	0.2017	0.0	0.0
CTSD	42312.9003	1.3706	0.2183	0.0	0.0
CTSF	1177.0057	1.1252	0.2181	0.0	0.0
CTSW	47.6502	1.1044	0.6179	0.0172	0.0426
CTSZ	9772.9768	1.1711	0.2066	0.0	0.0
CTTNBP2NL	436.0914	-1.363	0.2744	0.0	0.0
CTU1	217.6997	-1.2139	0.3585	0.0002	0.0009
CUL5	931.9607	-1.0025	0.3031	0.0004	0.0016
CUTA	4943.3223	1.0793	0.209	0.0	0.0
CWC22	422.6521	-2.3468	0.2997	0.0	0.0
CWC25	453.6442	-1.8968	0.2964	0.0	0.0
CXCL1	387.0253	1.7516	0.2857	0.0	0.0
CXXC5	121.7373	-1.683	0.4394	0.0	0.0001
CYB561D1	341.0384	-1.3942	0.2934	0.0	0.0
CYB5R3	7133.2757	1.1674	0.2176	0.0	0.0
CYBA	3080.4937	1.2332	0.2322	0.0	0.0
CYP24A1	90.7958	-1.3223	0.4979	0.0015	0.005
CYP2R1	98.7035	-1.3532	0.4553	0.0006	0.0021
CYR61	73031.6926	2.5207	0.196	0.0	0.0
CYSTM1	905.3197	1.0315	0.2352	0.0	0.0
CYTH1	487.0413	-2.4351	0.2773	0.0	0.0
CYTH4	43.4306	-1.0472	0.5763	0.0198	0.048
DAAM1	278.961	-2.1649	0.3707	0.0	0.0
DAB2	335.3092	-1.325	0.2993	0.0	0.0
DAD1	3027.5178	1.0332	0.196	0.0	0.0
DAK	394.5623	1.2934	0.3013	0.0	0.0
DAPK3	1616.4342	-1.0521	0.2172	0.0	0.0
DBF4	672.1724	-1.5906	0.7435	0.0015	0.0049
DBR1	222.0031	-2.6193	0.3768	0.0	0.0
DCAF12	970.4799	-1.6389	0.2284	0.0	0.0
DCAF16	1438.071	-1.3706	0.2305	0.0	0.0
DCAF4	317.9133	-1.3083	0.3117	0.0	0.0
DCBLD1	606.7825	-1.5009	0.2501	0.0	0.0
DCLRE1A	315.3525	-1.2126	0.3072	0.0	0.0001
DCLRE1B	571.5128	-1.1702	0.2524	0.0	0.0
DCLRE1C	391.5538	-1.4897	0.2816	0.0	0.0
DCP1A	355.3544	-3.0809	0.3216	0.0	0.0
DCP1B	63.0556	-1.2023	0.5622	0.007	0.0194
DCP2	546.6764	-1.3896	0.2735	0.0	0.0
DCTN3	1442.3252	1.0107	0.2501	0.0	0.0001
DCTN4	974.2961	-1.3762	0.2396	0.0	0.0
DCUN1D1	455.3088	-1.6092	0.3517	0.0	0.0
DCUN1D4	467.5589	-1.7521	0.278	0.0	0.0
DDI2	126.3072	-1.913	0.4703	0.0	0.0
DDOST	8457.2445	1.0693	0.1964	0.0	0.0
DDT	1606.0577	1.1441	0.243	0.0	0.0
DDX20	560.2903	-1.4644	0.2834	0.0	0.0
DDX26B	52.2882	-1.0539	0.5673	0.0182	0.0446
DDX28	445.3427	1.1254	0.3028	0.0001	0.0003
DDX31	537.8175	-1.3069	0.2557	0.0	0.0
DDX42	2263.5849	-1.327	0.2006	0.0	0.0
DDX59	212.4462	-1.4731	0.3412	0.0	0.0
DDX6	2771.4199	-1.3853	0.263	0.0	0.0
DECR2	422.9348	1.0265	0.2978	0.0002	0.001
DENND2C	29.9605	-2.0234	0.7891	0.0001	0.0005
DENND4C	342.5172	-1.8604	0.3607	0.0	0.0
DENND5B	409.3797	-1.2283	0.2767	0.0	0.0
DEPDC1	1604.8982	-1.4071	0.3028	0.0	0.0
DFFB	50.4186	-1.7411	0.6089	0.0002	0.0009
DGCR14	331.4211	-1.003	0.3274	0.0009	0.0033
DGCR8	848.9928	-1.015	0.2373	0.0	0.0001
DGKD	1257.124	-1.3145	0.2373	0.0	0.0
DGKE	46.3926	-1.2273	0.5773	0.0066	0.0185
DHRS4	359.4141	1.2467	0.3127	0.0	0.0001
DHRS4L2	157.4344	1.0964	0.3962	0.0019	0.0063
DHX32	639.5287	-1.7964	0.2512	0.0	0.0
DHX33	1478.011	-1.1845	0.2162	0.0	0.0
DHX35	340.3239	-1.4163	0.2971	0.0	0.0
DHX36	602.9675	-1.2633	0.2888	0.0	0.0
DIDO1	1829.1159	-2.5129	0.2205	0.0	0.0
DIEXF	579.9799	-1.754	0.2542	0.0	0.0
DIP2B	766.5824	-1.3381	0.241	0.0	0.0
DISC1	23.1835	-1.5714	0.8897	0.0015	0.005
DISP1	40.2996	-1.4044	0.6212	0.0028	0.0086
DKK1	4255.4013	-1.6065	0.2025	0.0	0.0
DLX4	28.7883	1.2954	0.6916	0.0074	0.0204
DMTF1	366.4148	-2.2277	0.3324	0.0	0.0
DNAJB2	576.1831	-1.1935	0.2511	0.0	0.0
DNAJB4	299.1663	-1.7366	0.3412	0.0	0.0
DNAJB9	217.5109	-1.5175	0.369	0.0	0.0
DNAJC16	336.1527	-1.0923	0.2921	0.0001	0.0003
DNAJC27	55.0908	-1.3143	0.5678	0.0034	0.0103
DNAJC30	592.4127	1.1856	0.2483	0.0	0.0
DNAJC4	447.2015	1.1302	0.3133	0.0001	0.0005
DNASE2	1362.393	1.1438	0.2186	0.0	0.0
DNMBP	2901.2867	-2.0302	0.2055	0.0	0.0
DNMT3B	146.1139	-1.5178	0.3909	0.0	0.0001
DNPH1	1459.4111	1.2348	0.2321	0.0	0.0
DOLPP1	404.6671	-1.2489	0.2758	0.0	0.0
DOPEY1	88.6603	-1.5417	0.4961	0.0002	0.0009
DOT1L	2000.6884	-1.1625	0.2083	0.0	0.0
DPF2	914.1481	-1.5065	0.2534	0.0	0.0
DPP3	4157.2238	1.096	0.2281	0.0	0.0
DPY19L2P2	174.0795	-1.005	0.3582	0.0021	0.0067
DRAP1	9638.8736	1.0133	0.2087	0.0	0.0
DSN1	838.2896	-1.0958	0.2312	0.0	0.0
DSTYK	422.3822	-1.7423	0.284	0.0	0.0
DTL	1115.461	-1.3168	0.2383	0.0	0.0
DTNA	78.9917	-1.1069	0.4775	0.0061	0.0174
DTX2	629.9704	-2.1545	0.2643	0.0	0.0
DTX3L	692.8128	-1.3051	0.2555	0.0	0.0
DUSP1	901.1701	1.164	0.2538	0.0	0.0
DUSP11	321.3803	-2.0204	0.3382	0.0	0.0
DUSP18	40.417	-1.2747	0.6345	0.0068	0.019
DUSP5	3649.9874	1.708	0.1989	0.0	0.0
DUSP6	8494.1849	1.9238	0.1888	0.0	0.0
DUSP7	1024.084	-1.702	0.2251	0.0	0.0
DYNC1I1	30.9955	1.2589	0.6765	0.0087	0.0237
DYRK1A	791.9814	-1.069	0.2326	0.0	0.0
DYRK2	335.6535	-1.0736	0.2882	0.0001	0.0004
DYRK3	142.6691	-3.0842	0.4655	0.0	0.0
DZANK1	33.5479	-1.1958	0.6413	0.0112	0.0293
E2F2	124.3172	-1.5793	0.4179	0.0	0.0001
E2F3	962.1811	-1.8247	0.2291	0.0	0.0
E2F5	131.7267	-2.0496	0.4785	0.0	0.0
E2F6	306.8267	-1.3881	0.3066	0.0	0.0
E2F7	1915.0799	-1.995	0.2558	0.0	0.0
E2F8	444.1311	-1.761	0.3043	0.0	0.0
EAF1	675.6836	-1.101	0.244	0.0	0.0
EBF4	631.5103	1.1736	0.2799	0.0	0.0001
EBI3	193.034	1.0014	0.386	0.0038	0.0115
ECH1	1874.3445	1.1452	0.2253	0.0	0.0
ECI1	832.1793	1.0654	0.2402	0.0	0.0
ECM1	1798.228	1.006	0.2325	0.0	0.0
EDC3	675.3797	-1.4331	0.2594	0.0	0.0
EDF1	5461.3001	1.0382	0.2132	0.0	0.0
EDN1	499.2601	1.9086	0.2762	0.0	0.0
EDRF1	293.0789	-1.7711	0.3269	0.0	0.0
EEA1	794.8625	-1.0943	0.2916	0.0001	0.0003
EED	460.0991	-1.8143	0.286	0.0	0.0
EEF1A1	281965.5163	1.0054	0.1857	0.0	0.0
EEF1A2	852.8205	1.054	0.2375	0.0	0.0
EEF1G	44092.5791	1.0485	0.1937	0.0	0.0
EEPD1	78.9593	-1.6904	0.4986	0.0001	0.0003
EFEMP1	2590.6273	1.0444	0.2027	0.0	0.0
EFNA4	64.1934	-2.8006	0.6377	0.0	0.0
EFNA5	214.4936	-1.8666	0.3547	0.0	0.0
EFNB2	993.2308	-1.7781	0.2276	0.0	0.0
EGFL7	1187.6072	1.1499	0.2416	0.0	0.0
EGR1	2728.6968	3.2853	0.2156	0.0	0.0
EGR2	53.2176	2.2589	0.6659	0.0	0.0
EHBP1	1068.7959	-1.1314	0.2571	0.0	0.0
EHF	1842.3169	-1.2862	0.2154	0.0	0.0
EHMT1	1082.515	-1.1201	0.231	0.0	0.0
EID2	902.8538	1.3297	0.2376	0.0	0.0
EID2B	160.954	1.4576	0.3762	0.0	0.0001
EID3	37.3865	2.3343	0.7458	0.0	0.0001
EIF1B	362.596	-1.3085	0.2995	0.0	0.0
EIF2AK3	179.344	-2.4845	0.4169	0.0	0.0
EIF3I	7996.6392	1.0427	0.2016	0.0	0.0
EIF3K	3343.8713	1.0616	0.2251	0.0	0.0
EIF4ENIF1	226.5485	-1.9522	0.3636	0.0	0.0
EIF5	4955.0232	-1.6768	0.2075	0.0	0.0
EIF5A2	684.7659	-1.2137	0.325	0.0001	0.0003
ELAC1	14.3397	-1.452	0.9512	0.0019	0.0063
ELF1	507.9593	-2.429	0.2909	0.0	0.0
ELF2	216.4182	-1.4667	0.347	0.0	0.0
ELK4	663.9354	-1.5215	0.2916	0.0	0.0
ELL	414.9123	-1.5891	0.2775	0.0	0.0
ELL2	1124.043	-1.6255	0.2412	0.0	0.0
ELMOD3	162.5752	-1.1254	0.3825	0.0011	0.0037
EMC10	2158.3027	1.2282	0.2282	0.0	0.0
EMILIN2	89.5792	-1.2765	0.4741	0.0015	0.0051
EMP3	5179.8723	1.0614	0.2049	0.0	0.0
ENGASE	188.8129	-1.1293	0.3505	0.0004	0.0017
ENO1	89943.0983	1.1238	0.2098	0.0	0.0
ENO2	3756.4902	1.0268	0.2097	0.0	0.0
ENTPD1	227.6678	-1.143	0.3692	0.0006	0.0024
ENTPD3	152.4873	1.3611	0.4457	0.0004	0.0017
ENTPD7	333.875	-1.5259	0.3096	0.0	0.0
EP300	920.6294	-1.6796	0.2362	0.0	0.0
EPC2	244.0451	-2.3895	0.344	0.0	0.0
EPHA4	161.7749	-1.7898	0.4158	0.0	0.0
EPHB4	1245.1695	-1.0336	0.2188	0.0	0.0
EPHX1	1555.1869	1.1856	0.2295	0.0	0.0
EPM2AIP1	796.1327	1.7291	0.2716	0.0	0.0
EPN1	7400.676	1.0265	0.2179	0.0	0.0
EPN2	627.6117	-1.7307	0.2496	0.0	0.0
EPPK1	65.6	1.3818	0.515	0.0012	0.004
ERBB2IP	2184.49	-1.5473	0.2217	0.0	0.0
ERCC4	185.1995	-1.6919	0.3679	0.0	0.0
ERCC6	379.7124	-1.7673	0.3404	0.0	0.0
EREG	470.9192	-1.5884	0.3187	0.0	0.0
ERGIC1	4516.4965	1.0899	0.2064	0.0	0.0
ERGIC3	6104.2113	1.2209	0.2274	0.0	0.0
ERN1	446.1219	-1.1047	0.2663	0.0	0.0001
ERP29	3489.4732	1.0405	0.203	0.0	0.0
ERRFI1	3675.9418	-2.399	0.2035	0.0	0.0
ESCO1	241.6105	-3.3056	0.3757	0.0	0.0
ESF1	693.5837	-2.1032	0.3461	0.0	0.0
ETAA1	144.2859	-1.8249	0.4435	0.0	0.0
ETFB	869.2107	1.1802	0.2577	0.0	0.0
ETS1	4250.6265	-1.6637	0.1904	0.0	0.0
ETV3	413.4323	-1.462	0.3247	0.0	0.0
ETV5	766.9787	-1.518	0.239	0.0	0.0
EVA1A	243.9536	-1.2629	0.333	0.0	0.0002
EVA1C	76.499	-1.3135	0.5428	0.0027	0.0085
EVI5	1081.4796	-1.2807	0.2465	0.0	0.0
EXO1	632.0043	-1.7053	0.2775	0.0	0.0
EXO5	182.691	-2.5512	0.3864	0.0	0.0
EXOSC5	1264.9862	1.2299	0.2413	0.0	0.0
EXPH5	69.8649	-1.4947	0.5165	0.0005	0.0018
EYA3	198.4891	-1.4042	0.3825	0.0	0.0002
EYA4	74.8163	-1.6155	0.5533	0.0003	0.0012
EZH1	326.2621	-1.6499	0.3644	0.0	0.0
EZH2	1531.1222	-1.1872	0.2192	0.0	0.0
F12	153.385	1.3406	0.4539	0.0006	0.0023
F2RL3	58.4237	1.8767	0.5662	0.0	0.0002
F3	13169.1084	-1.3933	0.1924	0.0	0.0
FADD	1112.5041	-1.1995	0.2456	0.0	0.0
FADS2	4061.7821	1.0607	0.2176	0.0	0.0
FAM102A	1420.4861	-1.2126	0.2166	0.0	0.0
FAM102B	674.5682	-1.404	0.2541	0.0	0.0
FAM104A	876.7284	-1.4256	0.2319	0.0	0.0
FAM105B	795.3265	-1.4712	0.2572	0.0	0.0
FAM107B	2845.0131	-1.0681	0.2282	0.0	0.0
FAM109B	80.8553	-1.7544	0.564	0.0001	0.0005
FAM110A	187.0893	-2.498	0.388	0.0	0.0
FAM111A	874.184	-1.868	0.2447	0.0	0.0
FAM111B	668.8159	-1.1832	0.3408	0.0002	0.0007
FAM117B	31.9764	-1.9516	0.7853	0.0002	0.0007
FAM118A	175.2734	-2.354	0.4037	0.0	0.0
FAM118B	278.0006	-1.2703	0.3116	0.0	0.0001
FAM126A	1018.67	-1.1432	0.2272	0.0	0.0
FAM126B	270.3821	-2.0103	0.3266	0.0	0.0
FAM127A	2930.1452	1.2431	0.2266	0.0	0.0
FAM127B	1655.688	1.1297	0.2311	0.0	0.0
FAM131A	299.755	-1.5303	0.3091	0.0	0.0
FAM132A	18.9082	1.7084	1.0189	0.0005	0.0018
FAM133B	242.07	-1.2675	0.3749	0.0002	0.0008
FAM134C	562.3357	-1.2754	0.2653	0.0	0.0
FAM135A	194.9916	-1.6437	0.3868	0.0	0.0
FAM13B	1045.0421	-1.6202	0.243	0.0	0.0
FAM156B	429.6287	-2.6409	0.429	0.0	0.0
FAM160A1	58.9696	-1.3969	0.5443	0.0015	0.005
FAM160A2	320.3736	-1.4482	0.3148	0.0	0.0
FAM160B1	467.9266	-1.9043	0.2714	0.0	0.0
FAM161A	163.7465	-1.6987	0.4022	0.0	0.0
FAM161B	105.2775	-1.0764	0.4332	0.0044	0.0129
FAM167A	128.9802	-1.4904	0.449	0.0001	0.0006
FAM169A	140.6009	-1.2142	0.4156	0.0009	0.0033
FAM175B	447.8626	-1.51	0.2713	0.0	0.0
FAM178A	1124.3415	-1.3922	0.2205	0.0	0.0
FAM193A	507.5966	-1.225	0.2664	0.0	0.0
FAM195B	2044.767	1.2487	0.2389	0.0	0.0
FAM196B	136.1638	-1.1143	0.3941	0.0015	0.0052
FAM199X	1058.8603	-1.0588	0.2619	0.0	0.0001
FAM200A	131.5832	-1.3675	0.4218	0.0002	0.001
FAM208B	2208.1711	-1.8999	0.2149	0.0	0.0
FAM210A	548.5871	-1.5131	0.3769	0.0	0.0001
FAM212B	23.2978	-2.0236	1.0588	0.0001	0.0005
FAM214A	54.2321	-1.9144	0.6236	0.0001	0.0003
FAM214B	310.2794	-1.3182	0.2999	0.0	0.0
FAM217B	254.704	-2.3993	0.4239	0.0	0.0
FAM219A	480.5769	-1.8619	0.2688	0.0	0.0
FAM220A	315.9595	-1.3667	0.2972	0.0	0.0
FAM221A	41.5658	-1.4225	0.6462	0.0028	0.0088
FAM222B	324.9396	-2.8427	0.3957	0.0	0.0
FAM35A	1016.9385	-1.0967	0.2738	0.0	0.0001
FAM46C	201.7829	-1.9026	0.4129	0.0	0.0
FAM50A	4326.3773	1.1206	0.2236	0.0	0.0
FAM53A	47.5634	-1.2561	0.5746	0.0053	0.0154
FAM53C	842.3487	-2.194	0.2855	0.0	0.0
FAM60A	584.6838	-1.2576	0.3104	0.0	0.0001
FAM63B	137.7476	-1.6211	0.4069	0.0	0.0
FAM72A	183.1525	-2.7048	0.4088	0.0	0.0
FAM72B	266.0258	-1.4936	0.3593	0.0	0.0
FAM72C	265.1641	-2.3791	0.4028	0.0	0.0
FAM72D	200.8764	-2.357	0.3805	0.0	0.0
FAM73B	554.9256	-1.4188	0.2594	0.0	0.0
FAM76A	87.2898	-1.9523	0.4954	0.0	0.0
FAM76B	190.3041	-1.5173	0.3871	0.0	0.0001
FAM83D	1434.3426	-2.3061	0.2194	0.0	0.0
FAM83G	583.416	-1.4621	0.2738	0.0	0.0
FAM89B	954.3285	1.0228	0.2487	0.0	0.0001
FAM96B	1179.6046	1.0217	0.235	0.0	0.0
FANCB	86.5953	-1.7717	0.4835	0.0	0.0001
FANCM	216.9382	-1.6142	0.3721	0.0	0.0
FASTKD3	220.0661	-2.2064	0.3851	0.0	0.0
FASTKD5	396.3505	-2.0849	0.2863	0.0	0.0
FAU	9681.2773	1.0428	0.1922	0.0	0.0
FBL	6411.8386	1.0306	0.2155	0.0	0.0
FBLN7	167.9667	1.162	0.3721	0.0006	0.0021
FBXL12	310.5578	-1.449	0.314	0.0	0.0
FBXL18	1027.1366	-1.7186	0.3143	0.0	0.0
FBXL3	616.6634	-2.4574	0.2822	0.0	0.0
FBXL5	819.0677	-1.8902	0.2475	0.0	0.0
FBXO10	206.4715	-1.2077	0.3942	0.0006	0.0023
FBXO11	719.063	-2.0533	0.2636	0.0	0.0
FBXO2	197.4672	1.0783	0.3514	0.0008	0.0029
FBXO28	1333.8929	-2.0349	0.2474	0.0	0.0
FBXO30	371.1203	-2.5352	0.3185	0.0	0.0
FBXO31	354.1679	-1.3622	0.3423	0.0	0.0001
FBXO33	364.5294	-1.0962	0.3102	0.0001	0.0007
FBXO34	460.3278	-1.4731	0.2825	0.0	0.0
FBXO38	487.4135	-1.1163	0.2664	0.0	0.0001
FBXO42	328.416	-1.7604	0.2988	0.0	0.0
FBXO45	722.971	-1.8485	0.2638	0.0	0.0
FBXO48	42.1213	-1.3769	0.6827	0.0045	0.0131
FBXW11	1254.153	-1.0355	0.2264	0.0	0.0
FBXW4P1	26.8103	2.455	1.0464	0.0	0.0001
FCGRT	642.5857	1.0447	0.2759	0.0001	0.0003
FCHO2	448.9765	-2.2235	0.357	0.0	0.0
FDXACB1	82.7275	-1.046	0.472	0.0091	0.0245
FEM1B	621.6804	-2.6088	0.2819	0.0	0.0
FERMT2	1455.3288	-1.1006	0.2177	0.0	0.0
FGD4	26.3095	-1.3377	0.7356	0.0063	0.0178
FGD6	457.9038	-1.9697	0.2774	0.0	0.0
FHL2	918.5524	-1.2999	0.2271	0.0	0.0
FHL3	475.6115	-1.126	0.2664	0.0	0.0001
FIBP	2606.0754	1.1005	0.2082	0.0	0.0
FILIP1L	150.6968	-1.01	0.4159	0.0059	0.0167
FIP1L1	829.8288	-1.0499	0.2409	0.0	0.0
FIS1	1692.8621	1.209	0.2422	0.0	0.0
FKBP11	233.2919	1.0703	0.3476	0.0008	0.0028
FKBP8	7981.2945	1.2938	0.2299	0.0	0.0
FLCN	673.1374	-1.3394	0.2525	0.0	0.0
FLJ10038	135.4842	1.1661	0.4245	0.0017	0.0057
FLJ23867	925.8261	1.0524	0.2247	0.0	0.0
FLJ31306	284.799	-1.0904	0.351	0.0007	0.0025
FLJ37453	86.8012	1.9268	0.5234	0.0	0.0001
FLJ38717	19.7527	-1.2169	0.7626	0.012	0.0312
FLJ44342	105.447	-3.0764	0.5355	0.0	0.0
FLNA	136078.8174	1.0429	0.2134	0.0	0.0
FMN1	383.8609	-1.6436	0.2861	0.0	0.0
FMNL2	988.215	-1.0295	0.2442	0.0	0.0001
FN1	19612.6118	1.0982	0.1939	0.0	0.0
FNBP1L	535.6145	-1.3223	0.3181	0.0	0.0
FNDC3B	1944.9861	-1.7494	0.2339	0.0	0.0
FNIP1	576.7923	-2.1961	0.2594	0.0	0.0
FNIP2	246.1119	-1.5192	0.331	0.0	0.0
FOPNL	984.5326	-1.0197	0.2891	0.0002	0.0008
FOS	78.3498	1.2214	0.4831	0.0027	0.0085
FOSB	118.392	1.8229	0.4357	0.0	0.0
FOXC1	271.5611	-2.161	0.3486	0.0	0.0
FOXF2	171.8393	-1.3131	0.3621	0.0001	0.0003
FOXJ2	355.8493	-1.6413	0.2933	0.0	0.0
FOXJ3	1010.6557	-2.6192	0.2489	0.0	0.0
FOXN2	314.5829	-1.685	0.42	0.0	0.0
FOXN3-AS1	57.5271	1.1006	0.5267	0.0103	0.0275
FOXP1	649.7009	-2.0221	0.3072	0.0	0.0
FRAS1	607.163	1.1192	0.2936	0.0	0.0003
FRAT2	98.8437	-1.6849	0.4574	0.0	0.0001
FRMD3	105.5202	-1.0097	0.4681	0.0113	0.0296
FRMD4A	541.8738	-1.9057	0.2734	0.0	0.0
FRMD4B	71.905	-1.1817	0.5018	0.0046	0.0136
FRMD5	385.9984	-1.7552	0.3146	0.0	0.0
FRMD6	3925.8809	-1.8613	0.207	0.0	0.0
FRMD6-AS1	140.3713	2.1453	0.4146	0.0	0.0
FRMD8	1118.0212	-1.8684	0.2449	0.0	0.0
FRS2	481.605	-1.2161	0.2731	0.0	0.0
FRS3	101.8036	-1.2417	0.4583	0.0016	0.0053
FTH1	46656.0905	1.2146	0.2024	0.0	0.0
FTL	49913.8113	1.212	0.1953	0.0	0.0
FUT1	50.3857	-1.2421	0.5738	0.0058	0.0166
FUT10	114.2267	-1.0145	0.414	0.0055	0.0158
FUT4	269.3353	-1.3415	0.3124	0.0	0.0
FZD5	221.7062	-1.5386	0.3479	0.0	0.0
FZR1	1211.2832	-1.5635	0.2522	0.0	0.0
G2E3	355.6043	-1.9235	0.3393	0.0	0.0
G6PC3	2135.2763	1.1659	0.2197	0.0	0.0
G6PD	5678.5062	1.1669	0.2324	0.0	0.0
GAA	2300.047	1.174	0.2288	0.0	0.0
GAB1	83.4873	-2.0976	0.519	0.0	0.0
GABPB1	316.9448	-1.2973	0.3129	0.0	0.0001
GABRE	141.9353	-1.598	0.4034	0.0	0.0001
GADD45A	3537.3764	1.5404	0.2007	0.0	0.0
GADD45B	2325.3196	1.6584	0.2141	0.0	0.0
GALNS	535.4306	1.0506	0.2534	0.0	0.0001
GALNT18	687.6313	1.0639	0.2586	0.0	0.0001
GAMT	1038.1156	1.3401	0.2734	0.0	0.0
GANAB	20464.8681	1.1023	0.1977	0.0	0.0
GAPDH	112292.6683	1.1621	0.2004	0.0	0.0
GAPVD1	1263.0782	-1.1603	0.2273	0.0	0.0
GAREM	33.3425	-1.472	0.7158	0.0028	0.0087
GAS2L3	430.0092	-2.1783	0.3439	0.0	0.0
GAS6	14043.3566	1.0211	0.2068	0.0	0.0
GATA2	176.9392	-1.442	0.3696	0.0	0.0001
GATA3	232.6238	-1.7827	0.372	0.0	0.0
GATA6	664.8105	-1.805	0.2823	0.0	0.0
GATAD2B	529.8739	-2.2245	0.2647	0.0	0.0
GBA2	675.0267	-1.0881	0.269	0.0	0.0001
GBP2	756.8278	1.0437	0.2378	0.0	0.0
GCAT	206.1265	1.1504	0.3812	0.0008	0.0029
GCC2	504.1902	-1.2321	0.321	0.0	0.0002
GCHFR	115.5574	1.3222	0.4448	0.0006	0.0023
GCLC	249.1727	-1.3083	0.3267	0.0	0.0001
GCNT1	548.0519	-2.4954	0.2936	0.0	0.0
GEMIN2	159.8514	-1.1097	0.3688	0.0009	0.0032
GEMIN4	1505.2756	-1.1013	0.2504	0.0	0.0
GEMIN7	360.762	-1.0926	0.2882	0.0001	0.0003
GEN1	287.9757	-2.1445	0.3313	0.0	0.0
GFOD2	370.3794	-1.3905	0.2827	0.0	0.0
GGA3	647.6187	-1.0571	0.2726	0.0	0.0002
GGNBP2	917.0367	-2.8943	0.247	0.0	0.0
GGT1	196.6967	1.2964	0.3527	0.0001	0.0003
GHDC	1082.7805	1.0645	0.2553	0.0	0.0001
GIGYF1	1090.8513	-1.3214	0.2333	0.0	0.0
GIGYF2	629.147	-1.8543	0.2556	0.0	0.0
GINS3	240.2559	-1.7948	0.3426	0.0	0.0
GIT2	1310.1099	-1.077	0.2212	0.0	0.0
GJB3	38.1318	-1.3248	0.6386	0.0051	0.0148
GKN2	45.3247	1.0732	0.5736	0.0168	0.0416
GLCCI1	97.3626	-1.9793	0.4704	0.0	0.0
GLI2	105.1844	-2.6386	0.523	0.0	0.0
GLI3	170.725	-1.3239	0.3668	0.0001	0.0003
GLIS2	347.5142	-1.5538	0.3273	0.0	0.0
GLIS3	157.0156	-1.7383	0.4081	0.0	0.0
GLTSCR1	320.0853	-1.1023	0.3074	0.0001	0.0006
GLTSCR1L	294.4328	-2.0045	0.3198	0.0	0.0
GLUL	1727.75	-1.0115	0.2095	0.0	0.0
GMEB1	204.7552	-1.9896	0.3549	0.0	0.0
GMEB2	663.802	-1.5676	0.27	0.0	0.0
GMNN	493.0521	-2.3821	0.2901	0.0	0.0
GNA13	1699.2796	-1.3267	0.2481	0.0	0.0
GNAS	19369.4179	1.0243	0.1949	0.0	0.0
GNB2L1	32634.1841	1.0139	0.2129	0.0	0.0
GNE	551.1554	-1.744	0.259	0.0	0.0
GNG7	118.7214	1.1799	0.4257	0.0016	0.0052
GNRH1	15.1289	-1.424	1.043	0.0012	0.0042
GOLGA1	342.1439	-1.1288	0.2972	0.0001	0.0003
GOLGA4	1521.8866	-1.2196	0.2839	0.0	0.0
GOLPH3	1971.2668	-1.3152	0.2472	0.0	0.0
GOLPH3L	202.1903	-1.6683	0.3524	0.0	0.0
GON4L	622.1352	-1.0988	0.2457	0.0	0.0
GOPC	952.9998	-1.7696	0.2589	0.0	0.0
GORAB	186.7024	-1.1496	0.4236	0.002	0.0064
GOSR1	917.3396	-1.8957	0.2322	0.0	0.0
GPAA1	3206.1317	1.063	0.223	0.0	0.0
GPAT2	1455.6866	1.0782	0.2323	0.0	0.0
GPATCH1	237.8251	-2.0269	0.3426	0.0	0.0
GPATCH11	390.9236	-1.6772	0.3312	0.0	0.0
GPATCH2L	607.7024	-2.0132	0.2601	0.0	0.0
GPATCH3	179.3006	-1.8195	0.4406	0.0	0.0
GPATCH8	1501.1908	-1.5815	0.2286	0.0	0.0
GPBP1	992.2187	-2.4021	0.3059	0.0	0.0
GPBP1L1	1206.3931	-1.4508	0.2263	0.0	0.0
GPC1	3103.9643	1.1955	0.2173	0.0	0.0
GPCPD1	247.4249	-1.2746	0.3295	0.0	0.0002
GPR157	86.0065	-2.1734	0.5058	0.0	0.0
GPR158	7.3793	-1.0705	1.0171	0.0045	0.0134
GPR180	340.6873	-1.558	0.3408	0.0	0.0
GPR56	1137.677	1.0047	0.2395	0.0	0.0001
GPR63	39.6106	-1.3389	0.62	0.0042	0.0125
GPSM2	1030.6709	-1.7669	0.2505	0.0	0.0
GPSM3	868.9237	1.0361	0.2528	0.0	0.0001
GPX1	10349.1673	1.2352	0.2156	0.0	0.0
GPX3	3916.1228	1.0954	0.1993	0.0	0.0
GPX4	4790.3539	1.3378	0.2261	0.0	0.0
GRAMD3	702.3457	-1.6122	0.2577	0.0	0.0
GRB10	1618.2185	-1.3376	0.2096	0.0	0.0
GRK5	329.2885	-1.0161	0.2984	0.0003	0.0012
GRN	13546.0536	1.333	0.2363	0.0	0.0
GRPEL2	453.6868	-1.5516	0.2787	0.0	0.0
GSK3B	724.2745	-1.3062	0.24	0.0	0.0
GSN	5016.9429	1.206	0.2143	0.0	0.0
GSTK1	1940.5376	1.0501	0.2084	0.0	0.0
GSTM2	126.4602	1.0901	0.4	0.0022	0.007
GSTM4	873.3692	1.051	0.263	0.0	0.0001
GSTO2	58.9399	1.275	0.5588	0.0041	0.0123
GSTZ1	924.1267	1.0132	0.2636	0.0001	0.0003
GTF2A1	1112.1407	-1.4402	0.3581	0.0	0.0001
GTF2B	243.3875	-1.3277	0.3224	0.0	0.0001
GTF2E1	187.425	-1.7703	0.3983	0.0	0.0
GTF2H2C	387.3364	-1.13	0.2948	0.0	0.0002
GTF2IRD1	574.5407	-1.3806	0.2563	0.0	0.0
GTF2IRD1P1	87.0373	-2.1389	0.5168	0.0	0.0
GTPBP10	611.1713	-1.5011	0.3459	0.0	0.0
GTPBP2	1321.5669	-1.9366	0.2486	0.0	0.0
GTSE1	1960.5369	-1.1511	0.2046	0.0	0.0
GUK1	4142.3375	1.1476	0.2123	0.0	0.0
GUSB	3664.2217	1.0209	0.224	0.0	0.0
H2AFJ	933.8133	1.3792	0.2506	0.0	0.0
HAGH	679.6837	1.1683	0.2724	0.0	0.0
HARBI1	53.718	-1.5077	0.5848	0.001	0.0035
HAS2	120.3384	-2.0645	0.4398	0.0	0.0
HAUS3	292.473	-1.9108	0.3346	0.0	0.0
HAUS6	1047.4857	-1.2551	0.2485	0.0	0.0
HAUS8	255.175	-2.6939	0.3458	0.0	0.0
HBP1	208.7135	-2.0825	0.3808	0.0	0.0
HCFC1R1	1326.7563	1.0822	0.2254	0.0	0.0
HCFC2	173.1656	-1.5136	0.3732	0.0	0.0
HCP5	153.9613	-1.2257	0.3759	0.0003	0.0012
HDAC4	197.5277	-1.729	0.363	0.0	0.0
HDAC7	1162.7671	-1.1309	0.2722	0.0	0.0001
HDAC9	887.1481	-1.5691	0.2319	0.0	0.0
HDHD3	142.4656	-2.4703	0.4231	0.0	0.0
HDX	24.8755	-1.6234	0.7673	0.0013	0.0043
HEATR5B	321.0896	-1.1104	0.3039	0.0001	0.0004
HEATR6	291.9325	-1.8185	0.3109	0.0	0.0
HECA	306.6528	-1.1094	0.3168	0.0002	0.0007
HECW2	164.7526	-2.246	0.3914	0.0	0.0
HELZ	439.2904	-1.4231	0.2724	0.0	0.0
HERC2P9	132.9626	-1.7787	0.4603	0.0	0.0
HERPUD1	328.804	-2.6079	0.315	0.0	0.0
HERPUD2	320.3507	-1.6028	0.3035	0.0	0.0
HES1	1922.5834	2.6944	0.2156	0.0	0.0
HEXA	2481.4619	1.0142	0.2026	0.0	0.0
HEXIM2	54.6705	-1.3619	0.6146	0.0035	0.0106
HIAT1	928.7867	-1.0109	0.2364	0.0	0.0001
HIC2	99.1156	-1.6963	0.4641	0.0	0.0001
HIGD2A	1457.8579	1.0729	0.2233	0.0	0.0
HILPDA	93.6847	-1.524	0.4805	0.0002	0.0008
HINFP	212.127	-1.243	0.3361	0.0001	0.0003
HIPK1	919.9086	-1.3205	0.2303	0.0	0.0
HIPK3	739.2816	-1.5889	0.2841	0.0	0.0
HIST2H2AA3	298.6717	1.3042	0.3251	0.0	0.0001
HIST2H3A	24.602	1.3733	0.8108	0.0051	0.0147
HIST2H4A	9.2669	-1.2875	1.0827	0.0015	0.005
HIST2H4B	33.3407	5.4631	2.8829	0.0	0.0
HIVEP2	831.9843	-1.3089	0.2363	0.0	0.0
HJURP	1786.5984	-1.8634	0.2088	0.0	0.0
HLA-A	43980.0899	1.2196	0.2108	0.0	0.0
HLA-B	32782.6221	1.214	0.2067	0.0	0.0
HLA-C	11815.7066	1.2595	0.2194	0.0	0.0
HLA-DPA1	738.1062	1.2081	0.2513	0.0	0.0
HLA-DPB1	367.4499	1.2675	0.2977	0.0	0.0
HLA-DRA	1162.1965	1.1325	0.2239	0.0	0.0
HLA-F	411.9742	1.1453	0.3279	0.0002	0.0007
HMG20A	371.7986	-2.0005	0.3068	0.0	0.0
HMGCR	634.0091	-1.6459	0.2554	0.0	0.0
HMGCS1	363.708	-1.4578	0.3564	0.0	0.0
HMGXB4	451.3353	-3.4337	0.3141	0.0	0.0
HNRNPA1L2	155.3788	-1.3435	0.3823	0.0001	0.0004
HOXB3	52.5519	-1.334	0.5572	0.0027	0.0084
HOXD3	22.997	-1.3785	0.7616	0.0051	0.0148
HRH1	711.609	-1.3853	0.2413	0.0	0.0
HS3ST1	243.495	-1.7249	0.3493	0.0	0.0
HSD17B8	119.6079	1.0123	0.471	0.0114	0.0298
HSF2	488.8485	-1.2811	0.2658	0.0	0.0
HSPB1	5794.9562	1.0693	0.2346	0.0	0.0
HSPG2	3946.8758	1.1561	0.1991	0.0	0.0
HTRA3	253.4315	1.0848	0.3523	0.0007	0.0028
HYI	3341.8498	1.0323	0.2094	0.0	0.0
HYLS1	388.6176	-3.2345	0.3159	0.0	0.0
ICA1L	100.0094	1.3691	0.4828	0.0008	0.0029
ICAM1	3977.0734	1.1509	0.2166	0.0	0.0
ICK	1005.3422	-1.2522	0.2687	0.0	0.0
ID1	1505.9775	1.3779	0.2256	0.0	0.0
IDH2	747.5472	1.0235	0.252	0.0	0.0001
IER3	9685.5019	1.0671	0.1822	0.0	0.0
IER5L	232.1977	-1.375	0.3525	0.0	0.0001
IFFO2	1476.3149	-1.2438	0.2268	0.0	0.0
IFI27	999.8858	1.1758	0.2428	0.0	0.0
IFI27L2	490.6764	1.2756	0.2814	0.0	0.0
IFI30	1330.297	1.17	0.2387	0.0	0.0
IFIT2	1982.5505	1.1917	0.2078	0.0	0.0
IFITM1	251.8261	1.0956	0.3253	0.0003	0.0011
IFITM2	893.3441	1.0048	0.2324	0.0	0.0
IFITM3	4864.254	1.2847	0.2374	0.0	0.0
IFNLR1	84.8337	-1.8954	0.544	0.0	0.0001
IFRD1	1267.7838	-1.4237	0.2158	0.0	0.0
IGFBP6	1213.9269	1.1963	0.2362	0.0	0.0
IGFBP7	5418.7072	1.1171	0.1933	0.0	0.0
IGIP	41.2394	-1.0566	0.5946	0.0205	0.0493
IGSF8	717.3921	1.2242	0.2635	0.0	0.0
IKZF2	34.9526	-1.5837	0.6684	0.0011	0.0039
IKZF5	226.9566	-1.9911	0.4351	0.0	0.0
IL1R1	283.2576	-1.3071	0.3401	0.0	0.0002
IL1RAPL1	94.3266	-1.5188	0.477	0.0002	0.0008
IL32	1603.8438	1.1504	0.2295	0.0	0.0
IL6	1139.6827	2.0441	0.2282	0.0	0.0
IL8	1015.8715	1.8459	0.2645	0.0	0.0
ILF3-AS1	753.2951	2.1427	0.2438	0.0	0.0
INCENP	2203.3774	-1.0629	0.2192	0.0	0.0
ING3	196.8263	-2.4586	0.3722	0.0	0.0
ING5	275.5941	-1.1559	0.3287	0.0001	0.0006
INO80D	180.5097	-1.1084	0.366	0.0008	0.0031
INSIG2	270.7851	-1.4063	0.3687	0.0	0.0001
INTS12	246.1709	-1.2881	0.3265	0.0	0.0001
INTS2	389.0883	-1.6014	0.2823	0.0	0.0
INTS5	539.9238	-1.2479	0.2687	0.0	0.0
INTS6	519.2997	-1.6999	0.3151	0.0	0.0
IP6K1	1179.1848	-2.3123	0.2248	0.0	0.0
IP6K2	401.1773	-1.2559	0.283	0.0	0.0
IPMK	321.5352	-1.6319	0.3979	0.0	0.0
IPPK	386.4357	-1.8805	0.3257	0.0	0.0
IQCJ-SCHIP1	173.7785	-2.0069	0.3806	0.0	0.0
IQSEC1	737.5803	-1.2905	0.2482	0.0	0.0
IRAK2	344.6974	-1.649	0.3059	0.0	0.0
IREB2	781.8913	-2.8801	0.2615	0.0	0.0
IRF2	172.8079	-1.7782	0.3739	0.0	0.0
IRF2BPL	1713.2722	1.2692	0.2138	0.0	0.0
IRGQ	811.0069	-1.3956	0.288	0.0	0.0
IRX1	9.5258	-1.0101	0.957	0.0103	0.0274
IRX3	214.9648	-2.1159	0.3597	0.0	0.0
ISG20L2	761.53	-1.7709	0.2568	0.0	0.0
IST1	986.0319	-1.64	0.2412	0.0	0.0
ITCH	1426.9367	-1.1528	0.2147	0.0	0.0
ITFG3	1564.4083	1.1005	0.2372	0.0	0.0
ITGB2	498.588	1.3615	0.3108	0.0	0.0
ITM2C	2074.0994	1.2946	0.245	0.0	0.0
ITPKB	43.6026	-1.7787	0.6967	0.0003	0.0014
ITPKC	192.3793	-1.4023	0.374	0.0	0.0002
IWS1	684.5046	-1.7113	0.2479	0.0	0.0
JADE1	545.0741	-1.1914	0.2597	0.0	0.0
JADE2	1335.0686	-1.245	0.2411	0.0	0.0
JADE3	180.3815	-1.9181	0.3704	0.0	0.0
JAG1	2932.9637	-1.6872	0.2018	0.0	0.0
JAK2	63.1422	-1.0357	0.5229	0.0153	0.0384
JARID2	870.2175	-1.9814	0.2412	0.0	0.0
JAZF1	91.6173	-2.2583	0.4977	0.0	0.0
JDP2	129.596	-1.5032	0.4365	0.0001	0.0004
JMJD1C	1005.363	-2.4055	0.2772	0.0	0.0
JMJD6	570.9966	-1.189	0.2693	0.0	0.0
JMJD8	1187.5593	1.139	0.25	0.0	0.0
JPH1	37.9925	-1.3492	0.6341	0.0043	0.0126
JUNB	1640.2833	1.8206	0.2306	0.0	0.0
KANK1	203.8668	-2.4172	0.3926	0.0	0.0
KANSL1	523.8582	-1.5843	0.2593	0.0	0.0
KANSL1L	46.9487	-1.6681	0.6273	0.0004	0.0018
KAT6A	883.4459	-1.5695	0.237	0.0	0.0
KAT6B	262.9456	-1.5608	0.3385	0.0	0.0
KAT7	678.1935	-1.7814	0.2582	0.0	0.0
KATNA1	236.7253	-1.3663	0.3282	0.0	0.0
KATNAL1	732.8625	-1.3947	0.2467	0.0	0.0
KATNBL1	188.3254	-2.1866	0.457	0.0	0.0
KAZN	228.4441	-1.7686	0.3571	0.0	0.0
KBTBD6	242.1029	-1.1586	0.3321	0.0002	0.0007
KCNAB2	261.1194	1.1895	0.3625	0.0003	0.0012
KCNJ15	15.281	-1.1958	0.8671	0.01	0.0266
KCNQ5	558.7521	-1.22	0.2529	0.0	0.0
KCTD14	76.4929	-1.5163	0.506	0.0003	0.0013
KCTD2	715.1216	-1.2403	0.2527	0.0	0.0
KCTD21	121.388	-3.3572	0.5132	0.0	0.0
KCTD5	1739.7671	-1.2082	0.2157	0.0	0.0
KCTD6	160.855	-1.586	0.4152	0.0	0.0001
KCTD7	260.0037	-2.2914	0.3373	0.0	0.0
KDM2B	550.5031	-1.5122	0.2739	0.0	0.0
KDM3A	485.5084	-1.0464	0.2737	0.0001	0.0003
KDM3B	1111.8186	-1.1224	0.2229	0.0	0.0
KDM4A	617.4987	-1.3061	0.2491	0.0	0.0
KDM5B	709.1795	-2.1513	0.2464	0.0	0.0
KDM6A	323.8967	-1.9455	0.343	0.0	0.0
KDM8	45.7699	-1.2336	0.591	0.0069	0.0193
KHNYN	1288.6941	-1.3248	0.2409	0.0	0.0
KIAA0100	13497.2638	1.023	0.1888	0.0	0.0
KIAA0226	628.0439	-1.365	0.2476	0.0	0.0
KIAA0232	560.9875	-2.3067	0.2817	0.0	0.0
KIAA0247	308.8298	-1.2374	0.2981	0.0	0.0001
KIAA0355	280.4809	-1.4359	0.3771	0.0	0.0001
KIAA0753	386.1538	-1.8365	0.2886	0.0	0.0
KIAA0895	85.3822	-2.1877	0.5201	0.0	0.0
KIAA0907	772.2093	-1.2876	0.2472	0.0	0.0
KIAA0947	1025.9418	-1.7009	0.2314	0.0	0.0
KIAA1217	555.9732	-1.2744	0.2592	0.0	0.0
KIAA1377	74.2894	-1.5155	0.5192	0.0004	0.0016
KIAA1432	223.2374	-1.6587	0.3891	0.0	0.0
KIAA1462	277.1883	-1.0082	0.3135	0.0006	0.0021
KIAA1551	250.4356	-2.1103	0.3748	0.0	0.0
KIAA1586	242.2564	-1.77	0.3504	0.0	0.0
KIAA1671	930.864	-1.9891	0.2352	0.0	0.0
KIAA1731	313.8468	-2.0942	0.3139	0.0	0.0
KIAA1804	201.6883	-1.1243	0.3477	0.0004	0.0016
KIAA2026	117.2591	-1.1591	0.4247	0.0018	0.0061
KIF11	2542.2922	-1.6423	0.2364	0.0	0.0
KIF14	1173.716	-1.7532	0.3032	0.0	0.0
KIF15	576.2142	-1.4776	0.3116	0.0	0.0
KIF18A	638.041	-2.5115	0.3467	0.0	0.0
KIF18B	1737.0954	-1.9974	0.2086	0.0	0.0
KIF20B	1941.9001	-1.5585	0.2892	0.0	0.0
KIF21A	230.3121	-1.6354	0.3714	0.0	0.0
KIF23	2692.6524	-1.5509	0.2196	0.0	0.0
KIF24	343.2313	-1.263	0.2907	0.0	0.0
KIF2A	961.8996	-1.5587	0.3074	0.0	0.0
KIF3A	295.2419	-1.4581	0.3394	0.0	0.0
KIFC1	2578.0946	-1.4639	0.2188	0.0	0.0
KIN	178.1173	-2.353	0.3831	0.0	0.0
KISS1	82.2059	1.2073	0.4697	0.0025	0.008
KITLG	273.4986	-1.5069	0.3541	0.0	0.0
KLF10	5841.2465	2.3526	0.1885	0.0	0.0
KLF12	224.443	-2.1675	0.3542	0.0	0.0
KLF3	541.2587	-1.5541	0.2614	0.0	0.0
KLF5	541.2225	-1.1055	0.2593	0.0	0.0
KLHDC10	884.1388	-1.2978	0.232	0.0	0.0
KLHL11	103.257	-1.0089	0.4319	0.0074	0.0205
KLHL18	601.9513	-1.9784	0.2667	0.0	0.0
KLHL20	282.9944	-2.4489	0.3307	0.0	0.0
KLHL21	1335.417	-2.1719	0.2453	0.0	0.0
KLHL23	315.4363	-1.082	0.3088	0.0002	0.0008
KLHL24	80.6953	-2.3709	0.5732	0.0	0.0
KLHL25	79.3266	-3.3657	0.6485	0.0	0.0
KLHL26	146.3782	-2.6666	0.4492	0.0	0.0
KLHL28	107.8286	-2.5165	0.5256	0.0	0.0
KLHL42	310.9184	-1.3281	0.3092	0.0	0.0
KLHL8	272.7747	-1.6933	0.3211	0.0	0.0
KMT2A	1186.9745	-1.742	0.2307	0.0	0.0
KMT2B	1439.8777	-1.0245	0.2339	0.0	0.0
KMT2C	655.5297	-1.3483	0.3145	0.0	0.0
KMT2D	1296.2591	-1.2252	0.2298	0.0	0.0
KMT2E	753.7011	-2.0827	0.2461	0.0	0.0
KNOP1	304.019	-1.9742	0.3342	0.0	0.0
KPNA4	1417.9803	-1.8223	0.2491	0.0	0.0
KPNA5	101.7931	-1.2217	0.4497	0.0016	0.0055
KRCC1	131.2821	-1.9776	0.5623	0.0	0.0001
KRI1	1460.7138	-1.0545	0.2241	0.0	0.0
KRIT1	313.034	-1.9173	0.3661	0.0	0.0
KRT8	30572.0119	1.0997	0.2104	0.0	0.0
KRT81	435.3249	1.1913	0.3478	0.0002	0.0008
KRTAP2-3	127.4924	1.7425	0.4357	0.0	0.0
KTI12	816.4847	1.2914	0.2492	0.0	0.0
L1CAM	3567.1849	1.2496	0.2207	0.0	0.0
L3MBTL3	77.7384	-1.8455	0.52	0.0	0.0001
LACC1	396.7129	-1.3474	0.3136	0.0	0.0
LAGE3	1031.5586	1.089	0.2404	0.0	0.0
LAMC2	10484.6765	1.064	0.1928	0.0	0.0
LAMTOR2	608.003	1.1702	0.2767	0.0	0.0
LAMTOR3	298.6862	-1.0632	0.3287	0.0005	0.0018
LAMTOR4	736.247	1.0136	0.2694	0.0001	0.0004
LARP4	1911.8521	-1.8662	0.2613	0.0	0.0
LARP4B	2022.77	-1.9467	0.2285	0.0	0.0
LATS1	474.7781	-1.6778	0.2766	0.0	0.0
LATS2	1017.7962	-1.1696	0.2222	0.0	0.0
LBX2-AS1	120.5661	1.1858	0.4146	0.0012	0.0041
LCA5	21.3528	-1.4805	0.7856	0.0029	0.009
LCN2	885.4559	1.16	0.2389	0.0	0.0
LCOR	275.1331	-1.6612	0.3261	0.0	0.0
LCORL	203.2382	-1.1942	0.3706	0.0004	0.0015
LDB1	880.6739	-1.0638	0.2493	0.0	0.0001
LEMD3	364.8782	-1.4963	0.2928	0.0	0.0
LENG1	182.5991	-1.0872	0.3728	0.0012	0.0043
LENG8	2607.6683	-2.1814	0.2235	0.0	0.0
LEO1	471.7772	-1.0045	0.2615	0.0001	0.0003
LEPREL2	121.969	1.07	0.4501	0.0058	0.0166
LEPREL4	263.3778	1.0975	0.3268	0.0003	0.0012
LFNG	121.4897	-1.6144	0.5176	0.0002	0.0007
LGALS1	10728.3246	1.1431	0.2111	0.0	0.0
LGALS3BP	19801.643	1.2123	0.2132	0.0	0.0
LGALSL	80.4535	-1.2962	0.5574	0.0035	0.0107
LGMN	2065.9851	1.1126	0.2214	0.0	0.0
LGR4	925.6051	-1.346	0.264	0.0	0.0
LHFPL2	845.1397	-1.2289	0.242	0.0	0.0
LHPP	189.0048	1.1547	0.3893	0.0009	0.0033
LHX4	27.685	-1.3558	0.7065	0.0054	0.0156
LIG4	285.6921	-1.1964	0.3693	0.0003	0.0014
LIMD1	691.5757	-2.1423	0.2648	0.0	0.0
LIMD1-AS1	104.5701	-1.8236	0.518	0.0	0.0001
LIME1	119.5454	-1.3138	0.4351	0.0005	0.002
LIMK2	316.3789	-1.3568	0.3066	0.0	0.0
LIN37	86.0464	-1.2135	0.4858	0.003	0.0093
LIN52	93.0609	-1.9643	0.4774	0.0	0.0
LIN54	411.736	-2.8127	0.3369	0.0	0.0
LIN9	273.3114	-1.862	0.3296	0.0	0.0
LINC00163	15.3509	1.2948	0.8583	0.0065	0.0184
LINC00338	46.4888	-1.4304	0.6685	0.003	0.0093
LINC00339	86.9426	-1.1048	0.464	0.0053	0.0153
LINC00346	32.2741	1.121	0.6447	0.0172	0.0426
LINC00565	62.5759	1.8251	0.5741	0.0001	0.0003
LINC00628	21.5293	1.8727	0.873	0.0003	0.0013
LINC00641	130.5142	-1.0004	0.393	0.0044	0.013
LINC00663	20.7098	-1.2418	0.754	0.0106	0.028
LINC00673	314.5773	-1.4052	0.3016	0.0	0.0
LINC00685	13.3977	-1.1905	0.8918	0.0088	0.024
LINC00847	78.5188	-1.2981	0.4922	0.0017	0.0055
LINC00926	7.7266	-1.0854	1.0232	0.0041	0.0122
LINC01106	24.5734	-1.4525	0.7617	0.0034	0.0103
LINS	62.5617	-1.135	0.5415	0.0093	0.0249
LIPT1	37.2331	-2.1453	0.8271	0.0001	0.0003
LLGL2	319.1333	1.1491	0.3913	0.001	0.0036
LMAN2	5262.1492	1.02	0.2134	0.0	0.0
LMNB1	2301.596	-1.307	0.2001	0.0	0.0
LMTK2	767.1792	-1.1223	0.2381	0.0	0.0
LNX2	174.3989	-2.664	0.399	0.0	0.0
LOC100126784	582.5293	1.4492	0.2535	0.0	0.0
LOC100128653	143.5298	2.0183	0.4586	0.0	0.0
LOC100129917	120.5872	1.4037	0.4381	0.0002	0.001
LOC100130093	139.6545	2.4731	0.4264	0.0	0.0
LOC100130744	55.7631	-1.2776	0.5658	0.0043	0.0128
LOC100131496	19.0434	1.8882	1.0348	0.0002	0.0009
LOC100272217	21.3469	1.2314	0.7435	0.0112	0.0294
LOC100287042	65.0807	1.2912	0.5302	0.0028	0.0087
LOC100287082	39.2942	1.6337	0.693	0.0009	0.0033
LOC100287497	21.1424	-1.4158	0.7783	0.0042	0.0124
LOC100288181	19.6373	1.5133	0.8223	0.0024	0.0075
LOC100288637	315.5249	-1.2021	0.3083	0.0	0.0002
LOC100289098	33.2274	1.1328	0.6469	0.0162	0.0405
LOC100289511	24.9092	1.3857	0.7298	0.0048	0.0139
LOC100289561	66.1375	-1.0141	0.5227	0.0175	0.0432
LOC100507599	48.8712	1.0409	0.5601	0.0188	0.0461
LOC100630918	55.6443	1.6448	0.5625	0.0003	0.0011
LOC100630923	114.8454	-1.8412	0.4402	0.0	0.0
LOC100996273	9.6309	1.0058	0.9163	0.0159	0.0399
LOC100996497	61.9479	-1.2413	0.5346	0.0042	0.0125
LOC100996573	53.4357	1.5727	0.6315	0.0009	0.0033
LOC100996724	189.2265	-2.445	0.3939	0.0	0.0
LOC100996740	42.7875	1.0566	0.5912	0.0202	0.0488
LOC100996760	376.5284	-1.0692	0.2893	0.0001	0.0004
LOC101060195	31.7394	-1.3434	0.6806	0.0054	0.0156
LOC101926887	20.4592	1.8923	1.252	0.0001	0.0006
LOC101927181	129.1244	1.0162	0.4141	0.0054	0.0156
LOC101927382	44.0134	-1.281	0.6109	0.0058	0.0165
LOC101927479	36.3016	1.1613	0.6187	0.0124	0.0321
LOC101927578	111.7574	1.2654	0.4261	0.0007	0.0026
LOC101927673	69.2135	-1.2654	0.5441	0.0039	0.0116
LOC101927752	94.054	1.2153	0.4578	0.002	0.0064
LOC101927837	10.7455	1.0676	0.978	0.0067	0.0189
LOC101927838	100.9922	2.0022	0.4674	0.0	0.0
LOC101927910	29.9448	-1.4724	0.6945	0.0026	0.0082
LOC101928170	174.8552	-1.8821	0.3999	0.0	0.0
LOC101928240	25.8724	1.634	0.7858	0.0012	0.0042
LOC101928262	83.268	-2.6819	0.5522	0.0	0.0
LOC101928263	52.3091	7.8148	2.3232	0.0	0.0
LOC101928281	63.7283	1.3439	0.5211	0.0017	0.0056
LOC101928344	7.3413	-1.0608	1.0164	0.0047	0.0138
LOC101928485	133.2317	1.3994	0.4023	0.0001	0.0004
LOC101928588	59.1701	1.2852	0.5361	0.0031	0.0096
LOC101928641	374.1974	-1.2145	0.2941	0.0	0.0001
LOC101928728	72.4281	1.589	0.5225	0.0002	0.0009
LOC101928762	39.8769	-1.2713	0.6347	0.0069	0.0194
LOC101928927	49.2247	2.1544	0.6351	0.0	0.0001
LOC101929340	146.6725	1.4391	0.4198	0.0001	0.0005
LOC101929494	44.3349	1.2879	0.5948	0.005	0.0145
LOC101929500	19.3584	1.7816	0.9049	0.0005	0.0019
LOC101929786	71.593	1.1257	0.4983	0.0067	0.0188
LOC101929792	709.0537	2.0384	0.2662	0.0	0.0
LOC102723489	193.9579	1.1504	0.3942	0.0011	0.0038
LOC102723564	25.6512	-2.0429	0.932	0.0001	0.0005
LOC102723726	128.1285	1.0504	0.4206	0.0045	0.0132
LOC102723735	14.8846	1.0735	0.8492	0.0191	0.0465
LOC102724200	230.4946	-1.025	0.3745	0.0024	0.0077
LOC102724343	19.9403	2.7356	2.0179	0.0	0.0001
LOC102724394	13.3116	1.8026	1.362	0.0001	0.0007
LOC102724436	39.829	-2.0457	0.6878	0.0	0.0002
LOC102724441	254.0838	-10.5958	1.4569	0.0	0.0
LOC102724445	37.0737	-2.2494	0.851	0.0	0.0002
LOC102724516	135.5887	-1.5465	0.4432	0.0001	0.0003
LOC102724554	66.7894	-1.511	0.5611	0.0007	0.0027
LOC102724559	7.1569	1.07	1.023	0.0043	0.0128
LOC102724709	38.3415	1.8587	0.7045	0.0002	0.0009
LOC102724795	15.3215	1.2804	0.8595	0.0069	0.0194
LOC153684	26.2969	1.7613	0.796	0.0006	0.0022
LOC284023	73.3838	-1.9282	0.5258	0.0	0.0001
LOC284837	31.2348	1.4421	0.6754	0.0029	0.009
LOC339192	34.0733	-1.8688	0.7612	0.0003	0.0011
LOC389199	51.326	3.8549	1.2041	0.0	0.0
LOC441666	89.5749	-2.9516	0.6518	0.0	0.0
LOC642441	59.5175	1.4921	0.602	0.0013	0.0045
LOC644961	76.8205	1.7581	0.5045	0.0	0.0002
LOC646719	323.2348	1.3609	0.3425	0.0	0.0001
LOC654342	119.4139	1.3155	0.4528	0.0007	0.0028
LOC729603	26.9528	1.5364	0.7245	0.0019	0.0063
LOC730257	63.603	1.6869	0.5849	0.0002	0.001
LONRF1	66.8369	-1.5929	0.5265	0.0002	0.001
LONRF3	185.9259	-1.1639	0.4036	0.0012	0.004
LOXL1	572.2378	1.0079	0.2602	0.0	0.0002
LOXL2	13271.8657	1.0389	0.2112	0.0	0.0
LOXL4	1933.997	1.1492	0.2298	0.0	0.0
LPIN2	867.647	-1.5743	0.2341	0.0	0.0
LPP-AS2	114.9119	1.8018	0.4382	0.0	0.0
LPPR2	1955.0985	1.0161	0.2341	0.0	0.0
LRCH1	329.2394	-2.9215	0.3428	0.0	0.0
LRCH3	281.7409	-2.2257	0.3972	0.0	0.0
LRIF1	305.2646	-1.673	0.333	0.0	0.0
LRIG2	209.3009	-2.3756	0.4046	0.0	0.0
LRIG3	128.9208	-1.1587	0.4251	0.0019	0.0061
LRP1	1445.8035	1.2603	0.2392	0.0	0.0
LRP10	12334.7878	1.0312	0.2009	0.0	0.0
LRPAP1	3769.3256	1.0573	0.2303	0.0	0.0
LRRC1	169.2272	-1.7562	0.3802	0.0	0.0
LRRC15	180.9626	1.0013	0.3619	0.0023	0.0074
LRRC16A	388.7763	-1.1566	0.2978	0.0	0.0002
LRRC26	102.6162	1.0582	0.4431	0.0058	0.0166
LRRC42	778.1142	-1.045	0.2374	0.0	0.0
LRRC8E	331.3586	-2.0492	0.3134	0.0	0.0
LTB4R	391.6587	-2.0215	0.3204	0.0	0.0
LTB4R2	120.7435	-2.3325	0.4503	0.0	0.0
LTBP3	923.067	1.105	0.268	0.0	0.0001
LUC7L3	1304.0613	-2.1382	0.253	0.0	0.0
LURAP1L	101.4593	1.064	0.4332	0.0048	0.0141
LY6E	2959.1929	1.2879	0.2479	0.0	0.0
LY6G5B	110.299	-1.029	0.4602	0.009	0.0244
LYSMD3	417.9445	-2.9456	0.4053	0.0	0.0
LYSMD4	77.2498	-1.384	0.5007	0.0009	0.0033
LYST	205.5169	-1.3023	0.3412	0.0	0.0002
MACROD1	943.2475	1.2992	0.2553	0.0	0.0
MADD	1375.094	-1.1813	0.2225	0.0	0.0
MAGED1	2088.074	1.0497	0.2154	0.0	0.0
MAGI3	300.4195	-1.0098	0.3395	0.0012	0.0042
MAK16	548.5724	-1.6908	0.2676	0.0	0.0
MALAT1	16564.3324	2.6063	0.2922	0.0	0.0
MALT1	801.1419	-1.0919	0.2429	0.0	0.0
MAML1	965.4808	-2.222	0.2317	0.0	0.0
MAMLD1	957.27	-1.3217	0.2303	0.0	0.0
MAN1B1	3161.6649	1.0599	0.2141	0.0	0.0
MAN2B2	2712.5998	1.0767	0.2196	0.0	0.0
MAP1LC3A	141.9248	1.1462	0.3862	0.0009	0.0033
MAP1S	1257.6012	-1.6411	0.2528	0.0	0.0
MAP2K7	1147.8954	-1.3371	0.2416	0.0	0.0
MAP3K1	412.2371	-1.8774	0.3105	0.0	0.0
MAP3K14	1178.8979	-3.0405	0.2397	0.0	0.0
MAP3K2	883.7974	-1.2363	0.2789	0.0	0.0
MAP3K4	483.5413	-2.1122	0.2815	0.0	0.0
MAP3K7	593.8257	-1.0447	0.2636	0.0	0.0002
MAP3K9	496.4837	-1.3923	0.2741	0.0	0.0
MAP4K3	421.5169	-2.3266	0.3213	0.0	0.0
MAP6D1	58.6616	-1.0826	0.5289	0.0118	0.0308
MAPK3	1388.5404	1.1496	0.2391	0.0	0.0
MAPK6	1098.9238	-1.0107	0.2418	0.0	0.0001
MAPK8	653.4877	-1.1598	0.2719	0.0	0.0
MAPKBP1	504.2465	-1.3266	0.2744	0.0	0.0
MARCH7	993.0869	-2.6504	0.2381	0.0	0.0
MARK2	1198.967	-2.0156	0.2205	0.0	0.0
MARK3	953.5879	-1.7535	0.2366	0.0	0.0
MAST3	164.9965	-1.1218	0.3662	0.0007	0.0027
MAST4	351.0631	-1.0497	0.3016	0.0002	0.0009
MASTL	835.4326	-1.6748	0.24	0.0	0.0
MAT2A	2732.7951	-3.1873	0.2054	0.0	0.0
MATN2	2056.2993	1.0178	0.2049	0.0	0.0
MAU2	753.0873	-1.788	0.2561	0.0	0.0
MB21D1	638.3628	-2.2391	0.2579	0.0	0.0
MBD4	300.4961	-1.7284	0.3091	0.0	0.0
MBIP	149.91	-1.9677	0.3986	0.0	0.0
MBLAC2	180.3486	-1.4523	0.3599	0.0	0.0001
MBNL2	894.7376	-1.6636	0.2715	0.0	0.0
MBP	2206.8438	-2.0737	0.2026	0.0	0.0
MBTD1	149.5733	-1.9269	0.4034	0.0	0.0
MCC	177.8327	-1.6139	0.3695	0.0	0.0
MCIDAS	47.2458	-2.3496	0.6749	0.0	0.0
MCM10	970.6012	-1.5154	0.2423	0.0	0.0
MCM9	209.8865	-1.2838	0.4394	0.0008	0.0028
MCPH1	180.2332	-1.1624	0.3776	0.0006	0.0024
MDH2	7974.6747	1.019	0.2156	0.0	0.0
MDK	1091.4193	1.114	0.2282	0.0	0.0
MDM2	905.6423	-1.8702	0.2713	0.0	0.0
MEA1	4430.448	1.0961	0.2075	0.0	0.0
MECOM	763.6067	-2.5276	0.2605	0.0	0.0
MED10	759.7018	-1.1247	0.2405	0.0	0.0
MED13	1122.3011	-2.1798	0.2342	0.0	0.0
MED13L	1060.3933	-1.5915	0.2298	0.0	0.0
MED17	650.2212	-1.9865	0.2533	0.0	0.0
MED18	179.9771	-1.368	0.3593	0.0	0.0002
MED22	1298.7187	-1.3682	0.2524	0.0	0.0
MED23	391.3313	-1.1124	0.291	0.0	0.0002
MED9	254.9137	-1.3269	0.3424	0.0	0.0001
MEF2A	786.0653	-1.0556	0.2502	0.0	0.0001
MEF2C	147.801	-1.774	0.4055	0.0	0.0
MEF2D	809.8375	-1.9774	0.2397	0.0	0.0
MEGF8	1180.4764	1.0047	0.2356	0.0	0.0001
MEIS2	126.4856	-1.9476	0.4222	0.0	0.0
MEPCE	1073.2103	-1.4874	0.2557	0.0	0.0
METRN	481.1975	1.1603	0.2856	0.0	0.0001
METTL14	308.5127	-1.4689	0.3121	0.0	0.0
METTL16	519.194	-1.1872	0.2719	0.0	0.0
METTL4	287.7102	-1.3513	0.3193	0.0	0.0
MEX3A	111.0596	-1.0178	0.4169	0.0056	0.016
MEX3C	475.6151	-1.1701	0.2639	0.0	0.0
MFAP1	419.1026	-1.3623	0.2821	0.0	0.0
MFAP3	792.4049	-1.3401	0.2702	0.0	0.0
MFGE8	4042.5927	1.3171	0.2269	0.0	0.0
MFHAS1	418.477	-1.5458	0.287	0.0	0.0
MFI2	9614.0009	1.0415	0.2181	0.0	0.0
MFSD10	2572.0366	1.0045	0.2519	0.0	0.0002
MFSD2A	182.6999	-2.1186	0.3863	0.0	0.0
MFSD9	134.1708	-1.0015	0.3925	0.0043	0.0127
MGA	525.4146	-1.3478	0.262	0.0	0.0
MGC12916	93.4248	1.1327	0.4568	0.0039	0.0116
MGC27345	119.266	-1.6561	0.5174	0.0001	0.0005
MGC57346	100.835	-2.0861	0.4804	0.0	0.0
MGEA5	2542.7026	-1.236	0.1984	0.0	0.0
MGST3	1077.5458	1.0161	0.2189	0.0	0.0
MICAL3	680.9447	-1.3503	0.2416	0.0	0.0
MID1	537.536	-1.1703	0.2795	0.0	0.0001
MID2	113.787	-1.4308	0.4392	0.0002	0.0008
MIDN	2488.4316	1.1244	0.2179	0.0	0.0
MIEF2	270.1265	-2.109	0.3659	0.0	0.0
MIEN1	825.8309	1.0941	0.2384	0.0	0.0
MIER1	706.7739	-1.5036	0.3613	0.0	0.0
MIER2	718.7809	-1.7833	0.259	0.0	0.0
MIER3	447.5189	-2.1259	0.2763	0.0	0.0
MIF	9683.643	1.2408	0.2041	0.0	0.0
MIOS	391.4513	-1.3729	0.2929	0.0	0.0
MIR17HG	39.3018	-2.8661	0.9222	0.0	0.0
MIR503HG	13.3278	-1.2928	1.008	0.0024	0.0077
MIS12	454.5031	-1.4737	0.2759	0.0	0.0
MIS18BP1	1061.9981	-2.0217	0.3268	0.0	0.0
MITF	240.5119	-1.2007	0.3943	0.0006	0.0024
MKL1	453.7643	-3.1976	0.2938	0.0	0.0
MKL2	294.1142	-2.2251	0.3274	0.0	0.0
MKLN1	947.3122	-1.1696	0.2519	0.0	0.0
MLLT3	175.0614	-1.467	0.4521	0.0002	0.0007
MLYCD	62.4841	-1.2045	0.521	0.0048	0.014
MMP11	70.529	1.0691	0.5098	0.0111	0.0291
MMP24-AS1	4316.9038	1.0965	0.213	0.0	0.0
MOB1B	461.2431	-1.6185	0.3509	0.0	0.0
MOB2	204.6925	-1.0681	0.3712	0.0015	0.005
MOB3A	1323.0244	-1.1388	0.2121	0.0	0.0
MOB3C	224.4125	-1.4592	0.3875	0.0	0.0001
MOCS3	706.2246	1.4587	0.2478	0.0	0.0
MON1B	420.3974	-1.0724	0.2872	0.0001	0.0004
MORC3	435.8877	-3.078	0.3595	0.0	0.0
MOSPD2	263.1526	-1.039	0.3625	0.0016	0.0054
MOSPD3	539.362	1.1064	0.2611	0.0	0.0001
MPHOSPH10	432.9162	-3.0589	0.3524	0.0	0.0
MPP1	751.7677	1.0199	0.2492	0.0	0.0001
MPP5	1492.6156	-1.6928	0.2196	0.0	0.0
MPZL3	34.2886	-1.1049	0.6342	0.0182	0.0446
MRC2	1716.303	1.1951	0.233	0.0	0.0
MRPL23	1164.5868	1.0729	0.2203	0.0	0.0
MRPL24	1821.395	1.1121	0.2253	0.0	0.0
MRPL36	999.7532	1.1417	0.2355	0.0	0.0
MRPL54	843.24	1.0104	0.2638	0.0001	0.0003
MRPS24	2295.0872	1.1246	0.2351	0.0	0.0
MRPS34	1941.8176	1.0279	0.2419	0.0	0.0001
MSANTD2	208.8633	-1.4857	0.4238	0.0001	0.0003
MSANTD4	438.7177	-1.1625	0.277	0.0	0.0001
MSL1	1251.5049	-1.6147	0.228	0.0	0.0
MSLN	496.9502	1.1244	0.2906	0.0	0.0002
MSRB2	330.7333	1.0673	0.3084	0.0002	0.0009
MTBP	267.7093	-1.5724	0.3278	0.0	0.0
MTERF	110.479	-2.3463	0.4771	0.0	0.0
MTERFD3	72.9008	-1.4477	0.5532	0.0011	0.0039
MTF1	435.3196	-1.9898	0.3307	0.0	0.0
MTF2	409.2325	-1.9825	0.3286	0.0	0.0
MTFR2	284.1426	-2.1945	0.3498	0.0	0.0
MTHFSD	278.1691	-1.0156	0.3183	0.0006	0.0022
MTMR3	367.9081	-2.3508	0.2999	0.0	0.0
MTMR9	201.1719	-1.8487	0.3733	0.0	0.0
MTPAP	441.0868	-2.1034	0.2843	0.0	0.0
MTX3	605.0369	-1.564	0.3197	0.0	0.0
MUC1	720.8554	1.3713	0.2687	0.0	0.0
MVB12A	1154.5624	1.0249	0.2393	0.0	0.0001
MVB12B	187.1806	-1.0303	0.3727	0.0022	0.0071
MXD1	161.4452	-1.9394	0.4176	0.0	0.0
MXRA8	815.6424	1.0095	0.2477	0.0	0.0001
MYBL1	878.3741	-1.5392	0.2544	0.0	0.0
MYC	5400.6947	1.8853	0.2128	0.0	0.0
MYL5	80.0889	1.2269	0.4845	0.0027	0.0083
MYL6	17385.275	1.1756	0.2084	0.0	0.0
MYL6B	863.5182	1.1356	0.2536	0.0	0.0
MYL9	4744.4258	1.0313	0.2145	0.0	0.0
MYLIP	200.4389	-1.512	0.3471	0.0	0.0
MYNN	263.3387	-2.5801	0.411	0.0	0.0
MYSM1	363.0191	-1.3279	0.3135	0.0	0.0
MZF1	188.6043	-1.4464	0.3739	0.0	0.0001
MZT2A	1007.2263	1.2161	0.2891	0.0	0.0001
MZT2B	2594.8253	1.2025	0.23	0.0	0.0
N4BP1	350.9956	-1.6998	0.3586	0.0	0.0
N4BP2	137.9412	-2.0043	0.4466	0.0	0.0
N4BP2L2	328.1478	-1.4981	0.3007	0.0	0.0
NAA15	2253.7493	-1.1398	0.2757	0.0	0.0001
NAA30	477.2978	-2.1145	0.2778	0.0	0.0
NAA38	859.1417	1.0515	0.2587	0.0	0.0001
NAA40	621.5973	-1.2102	0.2528	0.0	0.0
NAAA	310.6129	1.1079	0.3225	0.0002	0.0009
NACC2	1316.7804	-1.4486	0.2194	0.0	0.0
NAGLU	1531.9775	1.039	0.234	0.0	0.0
NAGS	162.0507	-1.993	0.3859	0.0	0.0
NAIP	65.4266	-1.0798	0.5197	0.0112	0.0294
NANP	286.7902	-2.5393	0.3316	0.0	0.0
NAPB	159.382	-1.1656	0.3704	0.0005	0.0019
NAT9	388.4947	-1.7171	0.3123	0.0	0.0
NAV2	1592.9537	-1.1229	0.226	0.0	0.0
NAV3	553.8731	-1.9885	0.2591	0.0	0.0
NBL1	2427.6961	1.1375	0.2144	0.0	0.0
NBPF12	310.6807	-1.1601	0.3056	0.0	0.0002
NCBP2-AS2	491.0467	1.0841	0.265	0.0	0.0001
NCK1	238.5573	-1.0746	0.3359	0.0005	0.002
NCKAP5L	361.5867	-1.6845	0.2964	0.0	0.0
NCOA2	182.3528	-1.8032	0.3676	0.0	0.0
NCOA3	803.2488	-1.8621	0.2495	0.0	0.0
NCOA5	1200.8461	-1.9983	0.2279	0.0	0.0
NCOA6	1230.3612	-1.5258	0.2203	0.0	0.0
NCOA7	846.2979	-1.3048	0.2547	0.0	0.0
NDE1	662.5162	-1.7507	0.2501	0.0	0.0
NDEL1	552.2267	-2.7063	0.2881	0.0	0.0
NDRG1	3057.9647	1.1032	0.2288	0.0	0.0
NDRG2	140.6441	1.0799	0.4673	0.0067	0.0188
NDST2	243.3932	-1.578	0.3284	0.0	0.0
NDUFA1	1111.0586	1.0468	0.223	0.0	0.0
NDUFA11	3195.0069	1.0683	0.2335	0.0	0.0
NDUFA13	2022.2588	1.2935	0.2396	0.0	0.0
NDUFA2	949.303	1.2283	0.2495	0.0	0.0
NDUFA3	339.3815	1.0446	0.3109	0.0003	0.0013
NDUFA7	552.374	1.0805	0.2691	0.0	0.0001
NDUFAF3	1016.7999	1.0064	0.2484	0.0	0.0001
NDUFB10	1051.4866	1.002	0.2309	0.0	0.0
NDUFB11	1722.5691	1.1193	0.2236	0.0	0.0
NDUFB2	1303.7263	1.1393	0.2395	0.0	0.0
NDUFB7	1956.5378	1.1252	0.236	0.0	0.0
NDUFB8	2556.7579	1.2294	0.2283	0.0	0.0
NDUFS5	3343.7683	1.0614	0.2067	0.0	0.0
NDUFS6	1267.2939	1.0606	0.2332	0.0	0.0
NDUFS7	1514.2858	1.1786	0.2625	0.0	0.0
NDUFS8	3198.5589	1.0677	0.2429	0.0	0.0
NDUFV1	3815.0101	1.0095	0.2288	0.0	0.0
NEDD4L	3004.824	-1.3247	0.1953	0.0	0.0
NEDD8	2701.4204	1.0966	0.2166	0.0	0.0
NEDD9	483.9144	-1.6108	0.303	0.0	0.0
NEIL3	221.7128	-2.6918	0.4184	0.0	0.0
NELFA	480.7445	-1.41	0.2876	0.0	0.0
NET1	1405.9103	-1.7098	0.2247	0.0	0.0
NEU1	2718.4175	1.0386	0.2156	0.0	0.0
NEU3	157.0677	-3.3106	0.4518	0.0	0.0
NEURL1B	274.3954	-2.0935	0.3216	0.0	0.0
NF1	385.8576	-1.2153	0.322	0.0	0.0002
NFAT5	644.1791	-1.3328	0.2792	0.0	0.0
NFATC2	594.04	-1.783	0.2568	0.0	0.0
NFATC3	430.5492	-1.5178	0.274	0.0	0.0
NFE2L2	1662.3866	-1.574	0.2215	0.0	0.0
NFIA	230.6662	-1.7406	0.3576	0.0	0.0
NFIB	185.4458	-1.3669	0.3563	0.0	0.0001
NFKB1	827.6982	-1.7507	0.251	0.0	0.0
NFKBIA	2879.2789	2.2972	0.2166	0.0	0.0
NFRKB	829.4824	-1.1207	0.2792	0.0	0.0001
NFX1	735.2333	-1.6628	0.242	0.0	0.0
NFXL1	276.6263	-2.4679	0.3283	0.0	0.0
NFYA	1260.4625	-1.6289	0.2306	0.0	0.0
NGDN	380.5527	-2.0074	0.2939	0.0	0.0
NGF	107.4854	-1.9517	0.5027	0.0	0.0
NGFR	393.1335	1.0346	0.2934	0.0002	0.0008
NGFRAP1	2587.4431	1.1483	0.2006	0.0	0.0
NHLRC2	700.2129	-1.0123	0.258	0.0	0.0002
NHP2	3662.9048	1.144	0.2071	0.0	0.0
NHS	275.8132	-1.2394	0.3327	0.0001	0.0003
NHSL1	75.3609	-1.773	0.5151	0.0	0.0002
NIFK	776.8664	-1.4775	0.3232	0.0	0.0
NIPAL1	134.9861	-1.7046	0.4055	0.0	0.0
NIPBL	862.7348	-2.1208	0.2485	0.0	0.0
NKIRAS1	204.4875	-1.4423	0.3911	0.0	0.0002
NKRF	414.6584	-2.3137	0.333	0.0	0.0
NLK	259.8014	-1.6595	0.3875	0.0	0.0
NMD3	585.965	-1.4957	0.2748	0.0	0.0
NME1	4965.4471	1.0247	0.2052	0.0	0.0
NME2	13742.4986	1.222	0.218	0.0	0.0
NME3	256.0553	1.1167	0.3288	0.0002	0.001
NME4	980.5859	1.1392	0.2464	0.0	0.0
NOB1	800.9205	-1.141	0.2472	0.0	0.0
NOC3L	620.378	-1.5887	0.3341	0.0	0.0
NOG	2371.1448	1.2827	0.2097	0.0	0.0
NOL8	777.3971	-1.1247	0.2597	0.0	0.0
NOMO1	6601.93	1.1116	0.1918	0.0	0.0
NOMO2	5932.7157	1.0584	0.1922	0.0	0.0
NOP14-AS1	566.1861	1.7443	0.2549	0.0	0.0
NOP2	1650.1857	-1.1355	0.2123	0.0	0.0
NPAT	509.3883	-2.2197	0.2673	0.0	0.0
NPC2	4429.6103	1.0001	0.1928	0.0	0.0
NPIPB15	17.063	-1.2416	0.8531	0.0086	0.0234
NPM3	1263.5104	1.1134	0.2406	0.0	0.0
NR1D2	543.7601	-1.5923	0.2759	0.0	0.0
NR2C2	951.4497	-2.0422	0.2357	0.0	0.0
NR3C1	1808.3566	-1.4215	0.2574	0.0	0.0
NR3C2	93.3714	-1.7773	0.4733	0.0	0.0001
NR6A1	53.2615	-1.319	0.5588	0.003	0.0094
NRDE2	185.1433	-2.2076	0.3921	0.0	0.0
NRF1	309.7985	-2.4899	0.3336	0.0	0.0
NRGN	712.0486	1.0267	0.2446	0.0	0.0001
NRROS	108.3097	-1.2303	0.4263	0.001	0.0035
NSD1	1101.5371	-1.2783	0.2558	0.0	0.0
NSRP1	794.2747	-1.4891	0.2742	0.0	0.0
NSUN3	80.6108	-1.4314	0.4826	0.0005	0.0018
NSUN4	236.8011	-1.6516	0.3339	0.0	0.0
NSUN5P1	84.7013	-1.0379	0.4996	0.0125	0.0322
NUAK1	950.0171	-1.592	0.2423	0.0	0.0
NUAK2	593.0783	1.6844	0.287	0.0	0.0
NUCB1	4368.9141	1.2009	0.2201	0.0	0.0
NUDT12	142.9943	-1.5528	0.4125	0.0	0.0001
NUDT19	722.2952	-1.4347	0.2607	0.0	0.0
NUDT4	1473.2822	-1.8023	0.2396	0.0	0.0
NUFIP1	227.9751	-2.054	0.367	0.0	0.0
NUFIP2	2450.0406	-1.6332	0.2553	0.0	0.0
NUP153	2983.6417	-1.8013	0.2071	0.0	0.0
NUP160	1207.7496	-1.2858	0.2186	0.0	0.0
NUP210	1629.9833	1.2006	0.2092	0.0	0.0
NUP50	1909.1844	-1.2071	0.2305	0.0	0.0
NUP62	1861.9766	-2.0241	0.2178	0.0	0.0
NUPL1	1956.7509	-1.0797	0.2438	0.0	0.0
NXT1	412.8446	-1.2375	0.3038	0.0	0.0001
OAZ1	15435.019	1.1228	0.2016	0.0	0.0
OCEL1	216.6731	1.1239	0.3749	0.0009	0.0032
OGFR	1865.0811	-1.0145	0.2516	0.0	0.0001
OLFML2A	1649.4336	1.0621	0.2258	0.0	0.0
ONECUT2	41.8344	-1.0667	0.593	0.0192	0.0467
OPHN1	407.0982	-1.0237	0.2887	0.0002	0.0007
ORAOV1	458.0478	-2.8011	0.2901	0.0	0.0
ORC2	353.6298	-1.2094	0.2949	0.0	0.0001
ORC5	366.2646	-1.1542	0.301	0.0	0.0002
ORC6	363.7552	-1.6614	0.2995	0.0	0.0
OS9	4946.1906	1.1596	0.2068	0.0	0.0
OSBP	1440.8783	-1.2484	0.2106	0.0	0.0
OSBPL6	341.4321	-1.0116	0.2928	0.0002	0.001
OSBPL7	109.6218	-1.41	0.4296	0.0002	0.0008
OSGIN1	259.1259	-3.1136	0.4095	0.0	0.0
OSGIN2	440.3641	-1.3573	0.3274	0.0	0.0
OSR1	137.8703	-1.3652	0.4011	0.0001	0.0006
OST4	1630.5729	1.1761	0.2179	0.0	0.0
OSTM1	1171.6169	1.2148	0.257	0.0	0.0
OTUB2	704.9691	-1.3939	0.245	0.0	0.0
OTUD3	229.0302	-1.2448	0.3397	0.0001	0.0003
OTUD4	1376.1299	-1.9454	0.2791	0.0	0.0
OTUD7B	594.4496	-2.1268	0.2684	0.0	0.0
OTX1	19.6351	-1.2603	0.766	0.0096	0.0257
OXR1	717.2268	-1.1103	0.2842	0.0	0.0002
OXSM	74.4055	-1.5553	0.5064	0.0002	0.001
P4HB	32161.5899	1.1312	0.2062	0.0	0.0
PAFAH1B1	2711.8208	-1.4144	0.1965	0.0	0.0
PAFAH1B3	1500.6506	1.2017	0.2415	0.0	0.0
PAG1	237.7383	-2.1134	0.3791	0.0	0.0
PALB2	284.7681	-2.7748	0.4121	0.0	0.0
PAN3	580.8899	-1.3947	0.2734	0.0	0.0
PANK1	94.1437	-1.6435	0.4925	0.0001	0.0004
PANK3	821.6784	-1.0607	0.2649	0.0	0.0001
PANX2	275.5345	1.0094	0.3457	0.0014	0.0049
PAPD4	379.4853	-1.4148	0.2827	0.0	0.0
PAPD5	231.2805	-2.5618	0.3824	0.0	0.0
PAPD7	929.7941	-2.5507	0.2356	0.0	0.0
PAPOLG	171.4429	-2.834	0.4224	0.0	0.0
PAQR6	48.6069	-1.4351	0.5895	0.0018	0.0058
PAQR7	335.0419	-1.8101	0.3623	0.0	0.0
PARG	677.8313	-1.1063	0.2498	0.0	0.0
PARS2	181.5574	-1.0938	0.3628	0.0009	0.0033
PATZ1	246.3508	-1.8191	0.3472	0.0	0.0
PAX9	8.6112	-1.2031	1.0543	0.0023	0.0073
PAXIP1	688.1505	-1.4552	0.2445	0.0	0.0
PBXIP1	932.3221	1.0489	0.2488	0.0	0.0001
PC	1791.7163	1.1836	0.2627	0.0	0.0
PCBD1	986.589	1.1101	0.2601	0.0	0.0
PCBP1	8938.621	1.0157	0.1987	0.0	0.0
PCCB	874.5785	1.0752	0.2506	0.0	0.0
PCED1B	21.7218	-1.2007	0.8132	0.012	0.0312
PCF11	443.679	-2.2099	0.2944	0.0	0.0
PCGF1	131.0092	-2.2056	0.4353	0.0	0.0
PCGF6	583.8463	-1.4793	0.3027	0.0	0.0
PCMTD2	453.1028	-1.116	0.3024	0.0001	0.0004
PCNXL4	2508.5174	-1.3503	0.203	0.0	0.0
PCSK1N	143.755	1.119	0.4049	0.0018	0.006
PCSK9	280.9681	1.5019	0.3987	0.0	0.0001
PDCD7	331.0501	-1.6578	0.298	0.0	0.0
PDCL	307.3314	-1.6363	0.3385	0.0	0.0
PDE12	1334.68	-1.0211	0.2121	0.0	0.0
PDE4D	150.8744	-1.2222	0.4031	0.0006	0.0024
PDE7A	117.674	-1.9146	0.4408	0.0	0.0
PDE7B	88.6729	-2.4744	0.556	0.0	0.0
PDE8B	78.2919	-1.1859	0.4799	0.0035	0.0105
PDGFA	104.7126	-1.7423	0.4609	0.0	0.0001
PDHX	727.019	-1.1595	0.2596	0.0	0.0
PDIK1L	181.0807	-2.1964	0.4388	0.0	0.0
PDP1	1228.4433	-1.6503	0.2489	0.0	0.0
PDP2	216.7533	-1.9443	0.3896	0.0	0.0
PDRG1	621.4383	-1.1635	0.2792	0.0	0.0001
PDS5B	661.9779	-1.5631	0.2682	0.0	0.0
PDXDC2P	78.9242	-1.7284	0.5088	0.0	0.0002
PDZK1IP1	685.1091	1.4583	0.2866	0.0	0.0
PELI1	109.6548	-1.1353	0.4268	0.0024	0.0076
PEMT	806.2593	1.1091	0.2517	0.0	0.0
PEPD	2345.7344	1.2202	0.2299	0.0	0.0
PER2	106.9977	-1.4333	0.4365	0.0002	0.0007
PEX11B	145.8304	-1.0899	0.398	0.0021	0.0068
PEX13	276.4648	-2.1026	0.3431	0.0	0.0
PFDN5	2295.8739	1.1628	0.2139	0.0	0.0
PFKFB3	885.2851	-1.2911	0.2318	0.0	0.0
PFKL	5624.811	1.1363	0.2417	0.0	0.0
PFN1	42109.2003	1.1162	0.2102	0.0	0.0
PGAM1	23073.9644	1.0744	0.1871	0.0	0.0
PGBD1	332.0243	-1.0007	0.3422	0.0014	0.0049
PGBD2	45.2531	-1.5047	0.7226	0.0023	0.0074
PGGT1B	256.8722	-1.8012	0.337	0.0	0.0
PGK1	23855.9299	1.0919	0.1847	0.0	0.0
PGLS	2011.2663	1.0075	0.2278	0.0	0.0
PGM2L1	339.6974	-1.2629	0.3399	0.0001	0.0003
PGPEP1	396.2347	-1.0599	0.2756	0.0	0.0002
PHACTR2	494.2354	-1.308	0.2864	0.0	0.0
PHACTR4	674.6005	-1.9922	0.2734	0.0	0.0
PHB	7980.5155	1.0186	0.2059	0.0	0.0
PHC2	3238.9296	-1.4602	0.2024	0.0	0.0
PHF12	621.058	-2.1454	0.2553	0.0	0.0
PHF14	600.1471	-1.0515	0.2881	0.0001	0.0005
PHF20	974.428	-1.4289	0.2252	0.0	0.0
PHF21A	178.5283	-1.4159	0.3733	0.0	0.0002
PHF3	1607.6583	-1.5249	0.2538	0.0	0.0
PHIP	670.6913	-1.3111	0.2934	0.0	0.0
PHLDA1	26532.3856	1.6398	0.1877	0.0	0.0
PHLDA2	2612.7931	1.0336	0.2304	0.0	0.0
PHLDB2	997.7746	-1.6577	0.2448	0.0	0.0
PHLPP1	223.4443	-2.1307	0.4612	0.0	0.0
PHLPP2	360.3525	-1.9123	0.3095	0.0	0.0
PHOSPHO2	52.4975	-1.099	0.6169	0.0177	0.0436
PHPT1	1494.1507	1.0326	0.2451	0.0	0.0001
PHRF1	1447.5631	-1.4157	0.2604	0.0	0.0
PHYKPL	223.5839	1.0697	0.3688	0.0014	0.0046
PIAS1	297.1177	-3.3311	0.376	0.0	0.0
PIAS4	285.4741	-2.1332	0.3217	0.0	0.0
PIF1	158.0826	-1.7361	0.391	0.0	0.0
PIGT	6757.2595	1.145	0.2092	0.0	0.0
PIH1D1	2301.6986	1.031	0.2309	0.0	0.0
PIK3CA	344.5259	-1.3124	0.2965	0.0	0.0
PIK3R1	268.455	-1.5365	0.3405	0.0	0.0
PIK3R3	108.5735	-1.3606	0.4314	0.0003	0.0013
PIKFYVE	437.543	-1.0423	0.2734	0.0001	0.0003
PIM2	160.2606	-2.0196	0.3972	0.0	0.0
PIN4	574.1929	1.044	0.2551	0.0	0.0001
PIP5K1A	1298.3145	-2.0527	0.2184	0.0	0.0
PISD	395.2254	-2.0122	0.2915	0.0	0.0
PITHD1	626.2392	-1.0515	0.2465	0.0	0.0001
PITPNB	1820.6233	-1.0614	0.246	0.0	0.0
PKDCC	18.8528	-1.5034	0.8279	0.0025	0.0078
PKM	86793.436	1.1263	0.2065	0.0	0.0
PKN1	11877.5162	1.0004	0.2133	0.0	0.0
PKN2	1046.9988	-1.8146	0.2714	0.0	0.0
PKNOX1	279.9819	-1.4377	0.3099	0.0	0.0
PLAG1	56.4452	-1.8195	0.5802	0.0001	0.0004
PLAGL2	948.6997	-1.915	0.231	0.0	0.0
PLBD2	3992.8248	1.0644	0.2215	0.0	0.0
PLCL2	174.842	-1.3579	0.3634	0.0	0.0002
PLD3	5113.4213	1.2602	0.235	0.0	0.0
PLEKHA1	394.6082	-1.0537	0.315	0.0003	0.0013
PLEKHA2	653.2478	-1.822	0.2695	0.0	0.0
PLEKHA5	532.5858	-1.3823	0.2989	0.0	0.0
PLEKHA7	275.4387	-1.3873	0.327	0.0	0.0
PLEKHB1	92.8319	1.2267	0.4868	0.0027	0.0085
PLEKHF2	282.6381	-1.1957	0.4059	0.0009	0.0032
PLEKHH3	213.9246	-1.4182	0.3799	0.0	0.0002
PLEKHM1	776.4024	-1.4606	0.2488	0.0	0.0
PLEKHM3	74.7411	-1.6343	0.5413	0.0002	0.0009
PLEKHO1	342.0901	-1.1306	0.2883	0.0	0.0002
PLEKHO2	140.5836	-2.6983	0.4335	0.0	0.0
PLK3	243.5976	-1.8642	0.3869	0.0	0.0
PLK4	738.1896	-1.1161	0.2393	0.0	0.0
PLOD1	4514.8364	1.2778	0.2323	0.0	0.0
PLTP	221.944	1.105	0.3332	0.0003	0.0013
PMEPA1	3015.9369	-1.431	0.2025	0.0	0.0
PMF1-BGLAP	84.2235	1.2646	0.4679	0.0015	0.0051
PMM2	754.6759	-1.1443	0.2377	0.0	0.0
PMVK	793.9441	1.0001	0.2623	0.0001	0.0003
PNISR	650.533	-2.3812	0.2528	0.0	0.0
PNN	2063.0028	-2.0251	0.2068	0.0	0.0
PNPLA6	4157.3858	1.0346	0.23	0.0	0.0
PNRC1	150.949	-1.6449	0.3931	0.0	0.0
POC1B-GALNT4	30.3398	-4.3172	2.707	0.0	0.0
POC5	204.2485	-2.1187	0.366	0.0	0.0
PODXL2	475.8898	1.2394	0.2862	0.0	0.0
POGK	1012.6433	-1.3499	0.2246	0.0	0.0
POGZ	873.1492	-1.0168	0.2326	0.0	0.0
POLD2	6044.0634	1.0825	0.2225	0.0	0.0
POLD3	689.0649	-1.3048	0.2622	0.0	0.0
POLH	1004.8092	-1.5396	0.2374	0.0	0.0
POLR1B	831.609	-1.3008	0.2369	0.0	0.0
POLR1C	461.9116	-2.5412	0.2901	0.0	0.0
POLR2D	763.8457	-1.0155	0.2362	0.0	0.0
POLR2E	6020.2095	1.0443	0.2227	0.0	0.0
POLR2F	1370.5516	1.3546	0.2819	0.0	0.0
POLR2G	1327.3618	1.0376	0.2235	0.0	0.0
POLR2I	900.261	1.0062	0.2536	0.0	0.0002
POLR2L	3562.1127	1.2838	0.2449	0.0	0.0
POLR3A	740.1735	-1.1981	0.2361	0.0	0.0
POLR3B	305.0627	-1.5284	0.3096	0.0	0.0
POLR3E	565.2388	-1.2227	0.2579	0.0	0.0
POLR3F	317.997	-1.891	0.424	0.0	0.0
POM121	3254.5358	-1.1881	0.1955	0.0	0.0
POM121C	2583.3323	-1.2081	0.2002	0.0	0.0
POMGNT1	3450.819	1.0315	0.2073	0.0	0.0
POP1	595.2	-1.0459	0.261	0.0	0.0001
POU2F1	396.7978	-2.5325	0.2986	0.0	0.0
PPAN	844.2554	-1.3044	0.325	0.0	0.0001
PPARGC1B	70.9391	-1.2209	0.5152	0.004	0.012
PPAT	568.987	-1.6692	0.2707	0.0	0.0
PPCDC	195.0879	-1.3688	0.3674	0.0	0.0002
PPDPF	3591.2326	1.0282	0.227	0.0	0.0
PPIB	6517.4009	1.078	0.2104	0.0	0.0
PPIL4	418.8348	-1.1015	0.3618	0.0008	0.003
PPM1B	477.6417	-1.491	0.2879	0.0	0.0
PPM1D	180.5815	-1.8976	0.3773	0.0	0.0
PPP1R10	1671.9088	-1.393	0.2081	0.0	0.0
PPP1R12A	1209.478	-1.4764	0.2523	0.0	0.0
PPP1R12B	183.8892	-1.0764	0.3725	0.0014	0.0047
PPP1R13B	193.8354	-1.2067	0.3482	0.0002	0.0007
PPP1R15A	8716.7681	1.6459	0.2194	0.0	0.0
PPP1R37	692.3402	-1.3946	0.2583	0.0	0.0
PPP1R3D	115.6996	-2.1157	0.4607	0.0	0.0
PPP1R8	790.9125	-1.8065	0.2389	0.0	0.0
PPP2R1A	11221.0072	1.0453	0.2241	0.0	0.0
PPP2R2A	933.8917	-1.107	0.2492	0.0	0.0
PPP2R3A	341.2335	-1.5862	0.3061	0.0	0.0
PPP3R1	1372.2253	-1.9846	0.2234	0.0	0.0
PPP4R2	437.2875	-1.8086	0.2992	0.0	0.0
PPP6R3	2831.8683	-1.0248	0.199	0.0	0.0
PPRC1	1366.7335	-2.214	0.221	0.0	0.0
PPTC7	516.7169	-2.5013	0.3321	0.0	0.0
PPWD1	489.7718	-1.011	0.2742	0.0001	0.0005
PQLC2	400.7585	-1.0962	0.2738	0.0	0.0001
PRC1-AS1	60.8273	1.3716	0.6343	0.0037	0.0111
PRCC	1288.2583	-1.2469	0.2245	0.0	0.0
PRDM1	109.96	1.1368	0.4217	0.0021	0.0069
PRDM10	168.2834	-1.4418	0.3835	0.0	0.0002
PRDM2	311.618	-2.7771	0.3446	0.0	0.0
PRDM4	895.6654	-1.4788	0.2367	0.0	0.0
PRDX2	5587.9929	1.2667	0.2171	0.0	0.0
PRDX5	3071.778	1.2557	0.2172	0.0	0.0
PRICKLE2	272.4369	-1.9159	0.324	0.0	0.0
PRKAB1	364.8016	-1.4015	0.2863	0.0	0.0
PRKAB2	232.8371	-1.9761	0.3456	0.0	0.0
PRKAR1B	886.3027	1.0146	0.279	0.0001	0.0005
PRKCSH	13259.1842	1.0724	0.2167	0.0	0.0
PRKRIP1	313.3936	-1.1757	0.3312	0.0001	0.0006
PRMT9	114.3222	-1.3574	0.4238	0.0003	0.0011
PROCR	995.3084	1.1785	0.2343	0.0	0.0
PROSER1	705.4161	-1.9605	0.2466	0.0	0.0
PROSER2	1354.0244	-1.4084	0.2208	0.0	0.0
PRPF38A	657.2081	-1.5431	0.2512	0.0	0.0
PRPF4B	1506.5565	-1.1197	0.2646	0.0	0.0001
PRR12	887.3515	-1.8564	0.235	0.0	0.0
PRR14L	401.9499	-1.7482	0.2944	0.0	0.0
PRR5L	104.4703	-1.5877	0.4509	0.0	0.0002
PRRC1	1055.6863	-1.0488	0.2242	0.0	0.0
PRRC2C	5103.0929	-1.1858	0.2124	0.0	0.0
PRRG1	214.2578	-1.276	0.3498	0.0001	0.0003
PRSS2	1659.122	1.4021	0.2452	0.0	0.0
PRSS3	346.2334	1.1282	0.3312	0.0002	0.001
PRUNE	108.5871	-1.8785	0.6055	0.0001	0.0003
PSAP	35993.6112	1.2062	0.1935	0.0	0.0
PSMB10	865.4114	1.0012	0.2647	0.0001	0.0003
PSMB6	3068.7537	1.0102	0.2236	0.0	0.0
PSMD8	6442.6643	1.0141	0.2254	0.0	0.0
PSME1	4586.1309	1.0713	0.2009	0.0	0.0
PSME2	3123.5526	1.0024	0.2008	0.0	0.0
PTBP3	2295.6783	-1.234	0.2335	0.0	0.0
PTCH1	173.3137	-2.5695	0.3931	0.0	0.0
PTGES	1858.8569	1.1695	0.224	0.0	0.0
PTGES3L-AARSD1	32.8357	1.1737	0.6832	0.0142	0.0361
PTK7	628.6914	1.1191	0.2855	0.0	0.0002
PTPDC1	311.0164	-1.6317	0.3127	0.0	0.0
PTPN12	2599.5397	-1.0494	0.2289	0.0	0.0
PTPN3	482.5325	-1.4029	0.271	0.0	0.0
PTPN4	149.9457	-1.4642	0.3904	0.0	0.0002
PTPRE	471.6592	-1.9458	0.2861	0.0	0.0
PTPRF	22509.1346	1.0469	0.2003	0.0	0.0
PTRHD1	707.8066	1.2208	0.2657	0.0	0.0
PUM1	1014.4344	-2.3133	0.2323	0.0	0.0
PUM2	1468.9488	-2.4412	0.2908	0.0	0.0
PUS1	417.7835	-1.1913	0.2962	0.0	0.0001
PVRL1	715.4895	1.0072	0.2963	0.0003	0.0012
PWWP2A	264.6269	-2.0926	0.345	0.0	0.0
PXDC1	723.1547	-1.4688	0.2452	0.0	0.0
PXDN	9449.0189	1.0479	0.1999	0.0	0.0
PXK	1615.1069	-1.5229	0.2255	0.0	0.0
PXMP2	487.1588	1.0925	0.2627	0.0	0.0001
PYGO1	205.8347	-1.3929	0.425	0.0002	0.0008
PYGO2	905.3822	-1.9664	0.2459	0.0	0.0
QRICH1	1438.1352	-1.2097	0.2348	0.0	0.0
QSER1	1278.7559	-1.1337	0.2266	0.0	0.0
QSOX1	27997.7937	1.0845	0.2104	0.0	0.0
QTRT1	1554.898	1.0675	0.2529	0.0	0.0001
QTRTD1	508.2115	-1.5175	0.2653	0.0	0.0
R3HCC1L	221.1198	-1.7284	0.3433	0.0	0.0
RAB11FIP2	546.5537	-1.7459	0.3155	0.0	0.0
RAB1B	10408.4753	1.0907	0.2147	0.0	0.0
RAB20	90.8416	-1.2374	0.4599	0.0017	0.0056
RAB22A	1607.502	-1.0644	0.2271	0.0	0.0
RAB23	549.9914	-2.0417	0.2679	0.0	0.0
RAB30	230.3515	-1.9856	0.3427	0.0	0.0
RAB33B	97.2221	-1.6005	0.506	0.0001	0.0007
RAB40C	207.4104	-1.3611	0.4229	0.0002	0.001
RAB43	390.9483	-1.49	0.2841	0.0	0.0
RAB8B	1075.2723	-1.1904	0.307	0.0	0.0002
RAB9A	205.5525	-1.0841	0.3483	0.0007	0.0025
RABAC1	2018.8539	1.2654	0.2348	0.0	0.0
RAD18	1034.9712	-1.2219	0.281	0.0	0.0
RAD54B	309.2855	-1.3637	0.343	0.0	0.0001
RAE1	976.4858	-1.1116	0.224	0.0	0.0
RAET1E-AS1	147.3897	1.2767	0.395	0.0003	0.0012
RAI1	947.6409	-2.5432	0.2655	0.0	0.0
RALGAPA1P	42.3018	1.537	0.6161	0.0011	0.0037
RALGPS2	591.3914	-1.1951	0.3462	0.0002	0.0007
RAMP1	535.878	1.1569	0.2793	0.0	0.0001
RANBP2	1844.484	-1.3845	0.2426	0.0	0.0
RAPGEF2	416.6286	-1.6251	0.2791	0.0	0.0
RAPGEF6	484.0676	-1.8828	0.273	0.0	0.0
RAPH1	1524.4637	-1.273	0.2349	0.0	0.0
RARA	508.3272	-1.6655	0.2947	0.0	0.0
RARRES2	264.8092	1.2165	0.3578	0.0002	0.0008
RARRES3	491.1607	1.0803	0.2682	0.0	0.0001
RASA1	1654.3329	-1.3386	0.2229	0.0	0.0
RASA2	272.7577	-1.4719	0.3204	0.0	0.0
RASA3	1715.2474	-1.0472	0.2134	0.0	0.0
RASAL2	1224.5107	-1.8857	0.22	0.0	0.0
RASD2	79.521	-1.1574	0.4758	0.0041	0.0122
RASSF1	523.2133	-2.5323	0.2749	0.0	0.0
RASSF5	197.2239	-1.2866	0.3511	0.0001	0.0003
RASSF8	293.6182	-1.8102	0.3126	0.0	0.0
RBAK	344.0741	-1.0405	0.306	0.0003	0.0011
RBBP5	469.6387	-1.8683	0.2956	0.0	0.0
RBBP6	956.794	-1.5185	0.2746	0.0	0.0
RBL1	1215.0508	-1.0144	0.2612	0.0	0.0002
RBM12B-AS1	69.5403	2.7553	0.6274	0.0	0.0
RBM25	2455.9084	-1.3197	0.2234	0.0	0.0
RBM26-AS1	19.6513	-1.435	0.8602	0.0033	0.0099
RBM27	761.6936	-1.273	0.2694	0.0	0.0
RBM43	39.6331	-2.078	0.7159	0.0	0.0002
RBM48	172.7685	-1.3705	0.3621	0.0	0.0002
RBM5	1009.6321	-1.054	0.2404	0.0	0.0
RBMS1	1165.9421	-1.8046	0.249	0.0	0.0
RBMS3	185.9561	-1.3549	0.3585	0.0	0.0002
RBMXL1	243.2803	-1.9137	0.3467	0.0	0.0
RC3H1	273.9454	-1.3426	0.3188	0.0	0.0
RCHY1	314.5692	-1.3328	0.3175	0.0	0.0
RCL1	125.7794	-1.194	0.4186	0.0012	0.0041
RCN3	324.8559	1.2076	0.3256	0.0001	0.0003
RCOR1	1176.5324	-2.4432	0.2437	0.0	0.0
RCOR3	286.6864	-1.5964	0.3185	0.0	0.0
RCSD1	322.0246	-1.1427	0.2941	0.0	0.0002
RDH13	212.6314	-1.3515	0.4114	0.0002	0.0009
RDH14	308.4025	-1.7522	0.3312	0.0	0.0
REEP2	266.1058	1.0429	0.3221	0.0005	0.0019
RELT	435.3004	-1.4423	0.2769	0.0	0.0
RERE	1066.1386	-1.1711	0.2274	0.0	0.0
REST	496.5756	-2.1831	0.3632	0.0	0.0
REV1	319.3284	-1.8098	0.3117	0.0	0.0
REV3L	362.1689	-1.9199	0.4217	0.0	0.0
RFC1	1216.5688	-1.4523	0.2659	0.0	0.0
RFFL	476.657	-1.737	0.2673	0.0	0.0
RFWD3	1544.4114	-1.7767	0.2131	0.0	0.0
RFX1	347.4156	-1.2878	0.3265	0.0	0.0001
RFX3	37.5419	-1.6231	0.6823	0.0009	0.0033
RFX7	222.3479	-2.0788	0.3949	0.0	0.0
RFXAP	65.4905	-1.3559	0.5194	0.0015	0.0051
RGCC	15.0857	-1.2046	0.87	0.0094	0.0253
RGL1	175.9468	-1.9978	0.4158	0.0	0.0
RGMB	1365.2217	-1.5699	0.2134	0.0	0.0
RGPD3	9.2933	-1.2991	1.0855	0.0014	0.0048
RGPD8	175.9943	-1.7296	0.379	0.0	0.0
RGS12	400.9611	-1.0385	0.2823	0.0001	0.0005
RGS3	509.6319	-1.5672	0.2719	0.0	0.0
RHBDL1	27.9544	-1.2224	0.6998	0.0113	0.0295
RHOC	9438.9481	1.0927	0.2129	0.0	0.0
RHPN2	347.5736	-1.4901	0.2913	0.0	0.0
RIC8B	221.845	-1.0458	0.3309	0.0006	0.0023
RICTOR	576.4573	-1.8691	0.3169	0.0	0.0
RIF1	1168.5701	-1.7257	0.3213	0.0	0.0
RIMKLA	31.8089	1.1329	0.6499	0.0164	0.0408
RIMS2	43.2252	-1.3848	0.6418	0.0035	0.0107
RIN2	664.3607	-2.4191	0.2612	0.0	0.0
RIOK1	457.1509	-1.3242	0.2725	0.0	0.0
RIOK2	446.6033	-1.3816	0.2696	0.0	0.0
RIPK1	725.8072	-1.9939	0.244	0.0	0.0
RIT1	418.0054	-1.4426	0.2855	0.0	0.0
RLIM	1168.5148	-1.0317	0.2448	0.0	0.0001
RMI1	453.4599	-1.9198	0.3138	0.0	0.0
RMND5A	635.6992	-1.2291	0.2444	0.0	0.0
RN7SK	219.539	1.8937	0.3529	0.0	0.0
RN7SL1	3736.05	1.1254	0.2187	0.0	0.0
RNA18S5	133330.172	1.3467	0.1919	0.0	0.0
RNA28S5	219863.0759	1.2633	0.2146	0.0	0.0
RNASEH1-AS1	282.9952	1.0371	0.3035	0.0003	0.0011
RNASEK	4312.8393	1.0268	0.2107	0.0	0.0
RNASET2	861.4762	1.1363	0.2505	0.0	0.0
RNF103	417.6333	-1.5018	0.2996	0.0	0.0
RNF111	335.9244	-1.8266	0.3099	0.0	0.0
RNF122	9.4908	-1.32	1.0926	0.0013	0.0044
RNF138	682.0784	-2.3629	0.2906	0.0	0.0
RNF139-AS1	28.71	1.7831	0.987	0.0004	0.0015
RNF144B	76.1856	-1.813	0.5447	0.0	0.0002
RNF146	316.7214	-3.7886	0.3553	0.0	0.0
RNF152	59.7816	-1.9068	0.6432	0.0001	0.0004
RNF166	262.9049	-1.2934	0.3311	0.0	0.0001
RNF169	462.4519	-1.1118	0.2834	0.0	0.0002
RNF19A	418.8253	-1.6297	0.7718	0.0012	0.0042
RNF19B	362.3479	-1.2706	0.3544	0.0001	0.0004
RNF2	329.5686	-1.8767	0.3766	0.0	0.0
RNF216	1298.3198	-1.0772	0.2221	0.0	0.0
RNF216P1	247.3268	-1.8737	0.33	0.0	0.0
RNF219	325.7686	-1.5044	0.3455	0.0	0.0
RNF24	534.0225	-1.1495	0.2628	0.0	0.0
RNF25	331.7849	-1.4202	0.3105	0.0	0.0
RNF34	518.9431	-2.6146	0.2847	0.0	0.0
RNF38	444.4918	-1.9916	0.3095	0.0	0.0
RNF4	2012.4663	-1.6812	0.2035	0.0	0.0
RNF41	567.2757	-1.4983	0.2543	0.0	0.0
RNF43	55.4401	-1.4455	0.5633	0.0013	0.0043
RNF6	1108.2347	-1.059	0.2181	0.0	0.0
RNH1	7666.5781	1.0477	0.2236	0.0	0.0
RNMT	645.5592	-1.6602	0.2512	0.0	0.0
ROCK2	2058.5085	-1.7302	0.2867	0.0	0.0
ROMO1	705.7002	1.0386	0.25	0.0	0.0001
RP11-127L20.3	11.9456	1.6256	1.2533	0.0003	0.0012
RP11-132A1.4	33.2312	-1.4545	0.7175	0.0031	0.0095
RP11-356I2.4	15.0592	1.2894	0.8537	0.0068	0.0191
RP11-426A6.5	67.8165	3.0677	0.6635	0.0	0.0
RP11-438N16.1	28.6933	-2.1766	0.8471	0.0	0.0002
RP11-47I22.2	31.2694	-1.2119	0.75	0.0124	0.032
RP11-536C5.7	72.0785	1.9645	0.5333	0.0	0.0
RP11-793H13.3	73.0475	-1.5811	0.5161	0.0002	0.0009
RP4-724E16.2	94.6738	3.5746	0.6258	0.0	0.0
RP5-1033H22.2	8.3401	1.214	1.0645	0.0021	0.0067
RP5-1057J7.6	12.4899	-1.6438	1.2464	0.0003	0.0012
RP9	201.4907	-1.3025	0.4335	0.0006	0.0022
RPAP2	215.4218	-1.1535	0.3379	0.0002	0.0009
RPL12	21342.2592	1.0081	0.1825	0.0	0.0
RPL13	24326.4934	1.0936	0.2056	0.0	0.0
RPL18A	22910.0038	1.1278	0.2115	0.0	0.0
RPL23AP53	188.6532	-1.11	0.3713	0.0009	0.0034
RPL27A	21801.4661	1.107	0.2027	0.0	0.0
RPL28	17193.1569	1.1168	0.2287	0.0	0.0
RPL29	21455.1013	1.0377	0.1866	0.0	0.0
RPL3	27654.5772	1.145	0.2008	0.0	0.0
RPL30	10907.3808	1.0041	0.1874	0.0	0.0
RPL35	16907.3875	1.0284	0.1828	0.0	0.0
RPL36	9530.5742	1.1027	0.1995	0.0	0.0
RPL37	10244.1508	1.1885	0.2156	0.0	0.0
RPL37A	9050.5094	1.0755	0.2098	0.0	0.0
RPL41	10802.7571	1.0909	0.2094	0.0	0.0
RPL8	34967.6433	1.0844	0.2055	0.0	0.0
RPLP0	62315.2445	1.163	0.2111	0.0	0.0
RPLP1	15292.575	1.0701	0.1935	0.0	0.0
RPLP2	11394.4942	1.0183	0.1881	0.0	0.0
RPN2	12163.6229	1.0416	0.1885	0.0	0.0
RPP14	482.4601	-2.3829	0.2827	0.0	0.0
RPRD1B	1021.142	-1.9714	0.2658	0.0	0.0
RPRD2	843.1149	-1.325	0.2518	0.0	0.0
RPS10	22990.2983	1.0546	0.1925	0.0	0.0
RPS11	18642.5452	1.173	0.2051	0.0	0.0
RPS12	11472.3008	1.0005	0.1811	0.0	0.0
RPS14	15673.5861	1.0778	0.1977	0.0	0.0
RPS15	17194.8942	1.066	0.2062	0.0	0.0
RPS16	22497.1501	1.0976	0.2083	0.0	0.0
RPS18	36643.3392	1.1366	0.1979	0.0	0.0
RPS19	19676.5233	1.119	0.2065	0.0	0.0
RPS2	41248.5655	1.1096	0.204	0.0	0.0
RPS27	7919.9222	1.0166	0.1901	0.0	0.0
RPS28	9481.8904	1.1252	0.2133	0.0	0.0
RPS3	26230.4197	1.1703	0.2042	0.0	0.0
RPS4X	22158.2541	1.051	0.19	0.0	0.0
RPS5	19892.0999	1.1857	0.2148	0.0	0.0
RPS6KC1	441.193	-1.2069	0.28	0.0	0.0
RPS9	12879.6999	1.131	0.2004	0.0	0.0
RPSA	26612.503	1.092	0.1972	0.0	0.0
RRAD	310.4135	-1.2186	0.2967	0.0	0.0001
RRAS	1304.1738	1.1229	0.2185	0.0	0.0
RREB1	612.1899	-1.6738	0.2531	0.0	0.0
RRN3	688.73	-1.4784	0.2564	0.0	0.0
RRP1B	2240.3684	-1.1488	0.2081	0.0	0.0
RRP8	276.4065	-2.0271	0.3202	0.0	0.0
RSBN1	270.5882	-1.5886	0.3713	0.0	0.0
RSBN1L	225.5254	-2.1844	0.4115	0.0	0.0
RSC1A1	90.512	-1.3312	0.4648	0.0008	0.003
RSF1	812.186	-1.7037	0.2604	0.0	0.0
RSPRY1	464.3821	-1.6272	0.278	0.0	0.0
RUNDC1	445.7392	-2.069	0.3693	0.0	0.0
RUNX2	508.9431	-1.018	0.2795	0.0001	0.0005
RUSC2	1336.4096	-1.7281	0.2461	0.0	0.0
RWDD2A	72.5311	-1.8705	0.5293	0.0	0.0001
RYBP	523.9509	-1.8918	0.2877	0.0	0.0
S100A13	1031.4404	1.1758	0.2438	0.0	0.0
S100A2	308.1319	1.0703	0.3007	0.0001	0.0006
S100A3	376.3293	1.3824	0.3088	0.0	0.0
S100A4	6622.2364	1.2406	0.1918	0.0	0.0
S100A6	25202.7997	1.1623	0.1824	0.0	0.0
S100PBP	180.1918	-1.9538	0.4248	0.0	0.0
S1PR2	48.5672	-1.2616	0.6185	0.0068	0.019
SAA1	4022.6628	1.2006	0.1901	0.0	0.0
SAA2	2388.1712	1.2972	0.1997	0.0	0.0
SAMD4A	1230.8852	-1.6181	0.2194	0.0	0.0
SAMD8	646.5353	-2.0135	0.2935	0.0	0.0
SAP25	17.1603	-1.4246	0.8516	0.0035	0.0107
SART3	1177.1858	-1.2311	0.2239	0.0	0.0
SASH1	283.5519	-1.8962	0.3583	0.0	0.0
SASS6	319.3338	-3.191	0.3806	0.0	0.0
SATB2	437.8269	-1.0567	0.2689	0.0	0.0002
SBNO1	1184.6132	-1.1309	0.2377	0.0	0.0
SBNO2	2524.8076	-1.0352	0.2469	0.0	0.0001
SBSN	12.2877	1.2109	0.8737	0.009	0.0243
SCAF11	1201.122	-2.0698	0.2558	0.0	0.0
SCAF4	788.2982	-2.3638	0.2811	0.0	0.0
SCAF8	971.6815	-1.4142	0.2262	0.0	0.0
SCAND2P	71.9694	-1.2793	0.4992	0.0021	0.0069
SCARB1	2876.8833	1.1175	0.2268	0.0	0.0
SCHIP1	27.9413	-4.0132	2.6131	0.0	0.0
SCML2	67.1533	-1.6615	0.5408	0.0002	0.0007
SCO2	125.8953	-1.4558	0.4926	0.0004	0.0017
SCYL3	118.8838	-1.7181	0.4324	0.0	0.0
SDCBP2	21.6955	1.1434	0.8042	0.0162	0.0405
SDE2	753.2728	-1.8809	0.2449	0.0	0.0
SDF4	5857.0367	1.1314	0.2091	0.0	0.0
SDR42E1	113.1849	-1.6139	0.4733	0.0001	0.0003
SEC13	3339.5884	1.0311	0.2225	0.0	0.0
SEC22A	135.2275	-1.249	0.4372	0.001	0.0036
SEC24A	690.1116	-1.1398	0.2537	0.0	0.0
SEC24B	581.7053	-2.1965	0.2736	0.0	0.0
SEC24D	877.3855	-1.005	0.2275	0.0	0.0
SECISBP2L	523.9346	-1.643	0.2908	0.0	0.0
SECTM1	304.4712	1.0813	0.323	0.0003	0.0012
SELENBP1	124.9384	1.0122	0.4231	0.0064	0.0181
SELM	1028.623	1.2475	0.2272	0.0	0.0
SEMA3B	1019.4361	1.2208	0.2464	0.0	0.0
SEMA3F	147.9857	1.4393	0.4341	0.0001	0.0007
SEMA4C	390.4638	-1.6239	0.291	0.0	0.0
SEMA6B	1291.7411	1.1295	0.2398	0.0	0.0
SENP5	641.7334	-2.5141	0.2634	0.0	0.0
SENP6	942.7152	-1.5263	0.3099	0.0	0.0
SEPN1	3288.6652	1.1671	0.2142	0.0	0.0
SEPSECS	86.6866	-1.5409	0.5127	0.0003	0.0012
SEPT7P2	69.0212	-1.0179	0.4957	0.0138	0.0352
SERF2	4008.9854	1.3471	0.2417	0.0	0.0
SERINC2	4893.0027	1.1951	0.2229	0.0	0.0
SERPINA1	678.8673	1.188	0.2423	0.0	0.0
SERPINA12	7.1205	1.0174	1.0142	0.0054	0.0157
SERPINA3	195.4594	1.3111	0.3534	0.0	0.0003
SERTAD2	2043.3265	-1.129	0.2535	0.0	0.0
SERTAD3	300.8273	-1.4544	0.33	0.0	0.0
SESN2	307.2109	-1.9559	0.3071	0.0	0.0
SETD1A	1101.4682	-1.3078	0.2533	0.0	0.0
SETD2	1046.9091	-1.9787	0.242	0.0	0.0
SETD5	1390.8925	-2.1054	0.217	0.0	0.0
SETD8	1142.0227	-1.0231	0.2196	0.0	0.0
SETDB1	367.2587	-1.186	0.3123	0.0	0.0002
SETX	1055.6588	-1.8317	0.2684	0.0	0.0
SEZ6L2	2109.4944	1.1617	0.2305	0.0	0.0
SF3B5	2762.6316	1.1736	0.2342	0.0	0.0
SFMBT1	561.7818	-1.0771	0.265	0.0	0.0001
SFR1	243.4187	-1.2643	0.3773	0.0002	0.0009
SFSWAP	860.8467	-1.747	0.233	0.0	0.0
SGK223	1610.7081	-1.3433	0.2134	0.0	0.0
SGMS1	706.4075	-1.0661	0.2387	0.0	0.0
SGMS2	1032.997	-1.1769	0.3152	0.0001	0.0003
SGOL1	338.914	-1.6624	0.3783	0.0	0.0
SGOL2	935.2516	-1.1129	0.6786	0.0195	0.0475
SH2B1	538.7471	-1.1164	0.3031	0.0001	0.0004
SH2B3	2060.4989	-1.4687	0.202	0.0	0.0
SH3BGRL3	7018.6011	1.0744	0.2082	0.0	0.0
SH3BP4	1832.1591	-1.4768	0.2052	0.0	0.0
SH3RF1	848.0706	-2.0694	0.2605	0.0	0.0
SH3RF3	340.6284	-1.4749	0.3031	0.0	0.0
SHB	1094.405	-1.5953	0.2236	0.0	0.0
SHISA4	283.977	1.1097	0.3305	0.0003	0.0011
SHISA5	4520.5059	1.0204	0.2191	0.0	0.0
SHISA8	33.9883	1.9972	0.9265	0.0001	0.0007
SHOC2	584.8028	-1.9782	0.3057	0.0	0.0
SHPRH	119.4706	-1.7073	0.4366	0.0	0.0
SHROOM1	425.6032	-1.3353	0.287	0.0	0.0
SHROOM3	1156.0208	-1.835	0.2229	0.0	0.0
SIAH1	148.2635	-2.5565	0.4479	0.0	0.0
SIAH2	265.2575	-1.4161	0.3163	0.0	0.0
SIK2	509.8114	-1.4143	0.2791	0.0	0.0
SIK3	650.1461	-1.6133	0.2642	0.0	0.0
SIKE1	782.4036	-1.4004	0.2665	0.0	0.0
SIL1	1509.4548	1.0025	0.2251	0.0	0.0
SIMC1	208.381	-1.6207	0.3453	0.0	0.0
SIN3A	765.5379	-2.1934	0.2498	0.0	0.0
SIPA1L3	2326.6932	-1.3256	0.2021	0.0	0.0
SIRT1	379.2464	-2.8051	0.3561	0.0	0.0
SIRT2	1075.4657	1.1482	0.242	0.0	0.0
SIX1	424.7859	-1.6144	0.2793	0.0	0.0
SIX2	79.6876	-1.956	0.539	0.0	0.0001
SIX4	270.5715	-1.3876	0.3137	0.0	0.0
SKA1	667.4568	-1.2192	0.2633	0.0	0.0
SKI	1978.8968	-1.2743	0.206	0.0	0.0
SKIL	360.0038	-1.321	0.3251	0.0	0.0001
SKP2	474.6448	-1.4208	0.265	0.0	0.0
SLBP	1950.2454	-1.0123	0.2085	0.0	0.0
SLC10A7	73.9394	-1.1395	0.5298	0.0082	0.0224
SLC16A14	33.325	1.2739	0.6976	0.0084	0.023
SLC19A2	248.7446	-2.1921	0.3414	0.0	0.0
SLC20A1	2595.7416	-1.7414	0.2266	0.0	0.0
SLC22A31	18.3697	1.1719	0.7882	0.0146	0.037
SLC25A1	2117.1229	1.0023	0.239	0.0	0.0001
SLC25A23	2129.6245	1.1891	0.219	0.0	0.0
SLC25A25	533.378	-1.362	0.2595	0.0	0.0
SLC25A27	26.7594	-1.3285	0.7054	0.0063	0.0178
SLC25A28	416.9797	-1.6439	0.2879	0.0	0.0
SLC25A30	345.6063	-1.7888	0.3268	0.0	0.0
SLC25A36	497.7693	-1.3666	0.3162	0.0	0.0
SLC25A38	512.7221	-1.7332	0.2682	0.0	0.0
SLC25A39	7025.9646	1.1379	0.2162	0.0	0.0
SLC25A44	727.984	-1.8641	0.243	0.0	0.0
SLC25A5-AS1	40.9724	1.2947	0.6055	0.0051	0.0148
SLC25A6	13118.8914	1.0013	0.2327	0.0	0.0
SLC26A2	718.3337	-1.0587	0.2717	0.0	0.0002
SLC2A3	265.6325	-1.205	0.3115	0.0	0.0002
SLC35E4	87.472	-1.223	0.4677	0.0022	0.007
SLC35F2	1558.7203	-1.0012	0.2069	0.0	0.0
SLC38A2	3103.6354	-1.2918	0.2448	0.0	0.0
SLC38A9	242.007	-1.2993	0.3673	0.0001	0.0004
SLC39A1	6497.6713	1.0159	0.2049	0.0	0.0
SLC39A3	1854.8254	1.0375	0.2404	0.0	0.0
SLC5A3	636.012	-1.1415	0.3037	0.0001	0.0003
SLC7A11	993.422	-1.4249	0.2311	0.0	0.0
SLFN12	194.8969	-1.0141	0.3469	0.0014	0.0048
SLFN5	211.6336	-1.668	0.3529	0.0	0.0
SLFNL1	18.7702	-1.1393	0.8255	0.0155	0.0389
SLMAP	1083.8436	-1.0043	0.2248	0.0	0.0
SLMO1	72.245	-1.2042	0.5066	0.0041	0.0123
SMAD3	3331.3743	-2.1409	0.1971	0.0	0.0
SMAD4	651.002	-1.6564	0.2523	0.0	0.0
SMAD5	1170.2374	-1.7498	0.2724	0.0	0.0
SMAD6	9.035	-1.2733	1.0779	0.0016	0.0054
SMAD7	714.2066	1.4482	0.2417	0.0	0.0
SMARCAD1	690.3441	-1.4335	0.2693	0.0	0.0
SMEK1	1400.5433	-1.5596	0.2213	0.0	0.0
SMEK2	1287.8391	-1.1244	0.2181	0.0	0.0
SMG9	816.2889	-1.7588	0.2575	0.0	0.0
SMPD1	1734.1989	1.1868	0.2193	0.0	0.0
SMURF1	1535.8603	-1.8143	0.2149	0.0	0.0
SMURF2	3809.5509	-2.3033	0.1933	0.0	0.0
SMYD4	245.7444	-2.7494	0.3527	0.0	0.0
SNAPC1	2216.1486	-1.1772	0.2508	0.0	0.0
SNF8	2264.8811	1.0165	0.2225	0.0	0.0
SNHG12	128.8565	-1.9468	0.426	0.0	0.0
SNHG7	943.2608	-1.5579	0.232	0.0	0.0
SNIP1	320.0794	-1.2022	0.3044	0.0	0.0001
SNRK	337.2998	-1.7473	0.332	0.0	0.0
SNRNP25	638.9727	1.2366	0.2535	0.0	0.0
SNRNP35	181.1789	-1.0694	0.3638	0.0012	0.0042
SNRPD2	3605.831	1.0715	0.2133	0.0	0.0
SNX11	383.2662	-1.9163	0.3353	0.0	0.0
SNX16	165.1368	-2.2807	0.4633	0.0	0.0
SNX22	95.8676	2.2437	0.5283	0.0	0.0
SNX33	318.3165	-1.1631	0.3032	0.0	0.0002
SNX4	356.6356	-1.4744	0.2909	0.0	0.0
SOCS2	118.485	-1.3555	0.434	0.0003	0.0014
SOCS4	822.3544	-2.611	0.3041	0.0	0.0
SOCS5	337.5844	-1.2669	0.349	0.0001	0.0004
SOCS6	419.0864	-1.0619	0.2982	0.0001	0.0006
SOCS7	302.753	-1.6151	0.3096	0.0	0.0
SOD1	4067.838	1.0491	0.1982	0.0	0.0
SOD2	4323.3908	1.0952	0.2082	0.0	0.0
SOD3	981.8664	1.325	0.2488	0.0	0.0
SOGA1	945.6639	-1.3833	0.2684	0.0	0.0
SOGA2	929.4557	-1.4653	0.2317	0.0	0.0
SORBS2	130.0633	-1.0082	0.4016	0.0047	0.0139
SORCS2	1544.7323	1.1152	0.217	0.0	0.0
SOS1	498.8381	-2.3675	0.3194	0.0	0.0
SOS2	555.917	-1.7125	0.2971	0.0	0.0
SOWAHC	557.6577	-1.1332	0.2599	0.0	0.0
SOX13	620.886	-1.4579	0.2664	0.0	0.0
SOX4	257.4038	-1.0686	0.3155	0.0003	0.0011
SP1	1184.5149	-1.3799	0.2175	0.0	0.0
SP3	1597.6676	-1.0091	0.2221	0.0	0.0
SP5	64.0709	-1.3308	0.5289	0.002	0.0066
SP6	69.6387	-2.4372	0.5848	0.0	0.0
SPAST	266.1863	-1.1277	0.4161	0.0021	0.0068
SPATA13	271.1087	-1.1566	0.315	0.0001	0.0004
SPATA2L	63.422	-1.245	0.5193	0.0035	0.0106
SPATA7	60.5293	-1.4244	0.5526	0.0013	0.0045
SPDL1	1558.9589	-1.6947	0.2499	0.0	0.0
SPECC1L	1037.6686	-1.5725	0.223	0.0	0.0
SPEN	1350.9988	-1.4123	0.2148	0.0	0.0
SPINT2	7586.1607	1.0877	0.2002	0.0	0.0
SPIRE1	1388.8629	-1.2334	0.2333	0.0	0.0
SPOP	583.8676	-1.0179	0.2532	0.0	0.0001
SPRED1	1062.9411	-2.004	0.2834	0.0	0.0
SPRED2	597.4872	-2.1827	0.2689	0.0	0.0
SPRED3	255.6317	-1.1763	0.3567	0.0003	0.0012
SPRY2	3286.3985	1.5753	0.2036	0.0	0.0
SPSB1	445.6056	-1.9574	0.2838	0.0	0.0
SPSB2	125.8302	-1.3082	0.4055	0.0003	0.0011
SPTY2D1	706.6527	-1.2753	0.2441	0.0	0.0
SRD5A3	331.8507	1.2583	0.3093	0.0	0.0001
SREBF2	3210.9214	1.0315	0.2156	0.0	0.0
SREK1IP1	547.7788	-1.1907	0.3022	0.0	0.0001
SRFBP1	313.8812	-1.8931	0.3996	0.0	0.0
SRGAP1	346.9416	-1.7584	0.3299	0.0	0.0
SRGAP2	1017.2014	-1.3371	0.2253	0.0	0.0
SRGAP2B	297.1448	-1.4638	0.3043	0.0	0.0
SRGAP2C	409.0711	-1.2049	0.2862	0.0	0.0001
SRGAP2D	531.2316	-1.5054	0.2655	0.0	0.0
SRPK2	705.6303	-1.6645	0.2475	0.0	0.0
SRPX	1452.8202	1.0954	0.2209	0.0	0.0
SRPX2	98.1011	1.0964	0.4519	0.0048	0.0141
SRSF4	822.1766	-1.2061	0.2365	0.0	0.0
SRSF5	1766.2558	-1.214	0.2127	0.0	0.0
SS18L1	324.7733	-2.0392	0.3171	0.0	0.0
SSH1	2456.7141	-1.2359	0.1983	0.0	0.0
SSR4	3191.4318	1.1077	0.2147	0.0	0.0
ST3GAL1	734.0254	-1.9453	0.253	0.0	0.0
ST3GAL6	129.2674	-1.5147	0.475	0.0002	0.0008
STAM	920.5264	-1.5395	0.252	0.0	0.0
STAP2	616.2326	1.0546	0.2726	0.0	0.0002
STARD10	623.3345	1.0844	0.2766	0.0	0.0002
STARD13	484.3603	-2.1384	0.271	0.0	0.0
STARD4-AS1	9.9645	-1.0427	0.9619	0.0087	0.0237
STARD8	533.4616	-1.7662	0.3019	0.0	0.0
STBD1	192.9528	-1.8425	0.4082	0.0	0.0
STIL	1054.7396	-1.8337	0.2518	0.0	0.0
STK17A	829.5291	-1.2762	0.2654	0.0	0.0
STK17B	357.9665	-3.0139	0.3344	0.0	0.0
STK19	164.9418	-1.2036	0.3709	0.0003	0.0013
STK35	776.3202	-2.2767	0.2453	0.0	0.0
STMN3	1116.5534	1.0114	0.2516	0.0	0.0001
STPG1	247.1888	-1.0732	0.3208	0.0003	0.0013
STRIP1	622.4868	-1.0009	0.2528	0.0	0.0002
STRN	889.8744	-1.0755	0.2681	0.0	0.0001
STRN3	464.7412	-2.3215	0.3168	0.0	0.0
STX11	47.4477	-1.2336	0.6268	0.0084	0.0229
STX17	492.3109	-1.0735	0.2963	0.0001	0.0005
STX3	1117.242	-1.0077	0.2295	0.0	0.0
STX6	842.8994	-1.529	0.2324	0.0	0.0
STYK1	125.5715	-1.1498	0.434	0.0024	0.0075
SUMF1	661.1873	1.0224	0.2459	0.0	0.0001
SUOX	89.1758	-1.3647	0.4703	0.0007	0.0025
SUPT20H	678.8687	-1.1463	0.2462	0.0	0.0
SURF1	696.7858	1.0662	0.2392	0.0	0.0
SURF6	1077.4231	-1.151	0.2349	0.0	0.0
SUSD2	59.4375	1.2245	0.5323	0.0046	0.0136
SUV39H1	732.1124	-1.0283	0.2777	0.0001	0.0004
SUV39H2	434.1856	-1.1446	0.2861	0.0	0.0001
SUV420H1	484.7398	-1.1761	0.2705	0.0	0.0
SUZ12	1739.0125	-1.1495	0.2717	0.0	0.0001
SYNGR1	31.4203	1.1499	0.6503	0.0149	0.0376
SYNJ1	342.7552	-1.5842	0.3068	0.0	0.0
SYNRG	508.6465	-1.2302	0.2948	0.0	0.0001
SYT1	55.7401	-1.3082	0.548	0.003	0.0092
TACC2	702.1132	-1.9507	0.2465	0.0	0.0
TADA1	149.1293	-3.1628	0.4504	0.0	0.0
TADA2A	154.9973	-1.0974	0.3719	0.0011	0.0038
TADA2B	714.8038	-1.3785	0.2395	0.0	0.0
TAF11	505.0732	-1.2941	0.2591	0.0	0.0
TAF1A	161.6653	-1.2117	0.389	0.0005	0.0019
TAF3	352.5251	-1.306	0.2994	0.0	0.0
TAF4	549.2332	-1.7701	0.2577	0.0	0.0
TAF5	239.4156	-1.5875	0.3575	0.0	0.0
TAF5L	743.64	-1.4998	0.2436	0.0	0.0
TAF8	648.4458	-1.4891	0.2548	0.0	0.0
TAGLN2	24810.634	1.0582	0.1855	0.0	0.0
TANC1	541.6793	-1.8047	0.26	0.0	0.0
TANC2	1334.3114	-1.0676	0.2132	0.0	0.0
TANK	278.021	-1.5924	0.4098	0.0	0.0001
TAOK1	1634.9494	-2.201	0.2533	0.0	0.0
TBC1D10A	222.2729	-2.0427	0.3683	0.0	0.0
TBC1D12	388.789	-1.4333	0.3093	0.0	0.0
TBC1D14	1068.1148	-1.0175	0.2216	0.0	0.0
TBC1D20	621.6469	-1.6662	0.2735	0.0	0.0
TBC1D22B	525.3194	-2.1468	0.2754	0.0	0.0
TBC1D31	321.1154	-1.0791	0.2991	0.0001	0.0005
TBC1D4	1306.9699	-1.1764	0.2563	0.0	0.0
TBC1D9B	5910.0351	1.0054	0.2201	0.0	0.0
TBCB	2894.8578	1.0297	0.2154	0.0	0.0
TBCCD1	126.8598	-1.3157	0.4305	0.0005	0.0018
TBCD	3456.3623	1.0172	0.232	0.0	0.0
TBCEL	409.5225	-1.2547	0.3452	0.0001	0.0004
TBK1	470.3133	-2.2774	0.4093	0.0	0.0
TBL1XR1	1750.2035	-1.0548	0.2956	0.0001	0.0006
TBP	414.3047	-2.1227	0.2975	0.0	0.0
TBPL1	153.257	-2.7254	0.4325	0.0	0.0
TBX1	97.7568	-1.6097	0.4877	0.0001	0.0004
TCEA2	554.8162	1.0702	0.2979	0.0001	0.0006
TCEANC2	149.0878	-1.7315	0.4143	0.0	0.0
TCEB2	4359.6817	1.3108	0.2389	0.0	0.0
TCF20	787.1456	-1.65	0.2382	0.0	0.0
TCF7L2	285.9501	-1.9414	0.315	0.0	0.0
TCHP	824.0379	-1.037	0.2433	0.0	0.0001
TCN2	148.6417	1.3102	0.385	0.0002	0.0007
TCTN1	327.2158	1.2041	0.2967	0.0	0.0001
TDG	588.3293	-2.1589	0.3025	0.0	0.0
TDRD3	172.9219	-1.0236	0.3739	0.0024	0.0077
TEAD1	4203.2359	-1.1398	0.2096	0.0	0.0
TEAD3	883.7218	-1.2501	0.2479	0.0	0.0
TEC	83.9329	-1.6173	0.4848	0.0001	0.0004
TECPR2	513.0963	-1.1738	0.2634	0.0	0.0
TECR	3671.656	1.1139	0.2163	0.0	0.0
TEFM	178.8521	-1.5617	0.4144	0.0	0.0001
TERF2	309.7114	-1.386	0.2991	0.0	0.0
TET3	508.2255	-1.5427	0.3058	0.0	0.0
TFAP2A	188.1598	-1.6393	0.3667	0.0	0.0
TFAP2C	86.6199	-2.9481	0.5751	0.0	0.0
TFAP2E	51.3262	-1.7117	0.5966	0.0002	0.001
TFAP4	169.1322	-3.3182	0.4375	0.0	0.0
TFB2M	329.8735	-1.7593	0.3083	0.0	0.0
TFCP2	360.4547	-1.4292	0.2961	0.0	0.0
TFCP2L1	80.81	-1.0851	0.4993	0.009	0.0244
TFEB	73.8951	-1.7133	0.5404	0.0001	0.0005
TFF2	572.5897	1.3017	0.2508	0.0	0.0
TFF3	1194.5174	1.5005	0.2619	0.0	0.0
TGDS	110.6772	-2.0548	0.459	0.0	0.0
TGFB2	2735.4819	-1.3387	0.2244	0.0	0.0
TGFBI	7271.6196	1.0492	0.1962	0.0	0.0
TGFBR3L	170.0414	1.1772	0.3821	0.0006	0.0023
TGIF2	565.542	-1.8003	0.2574	0.0	0.0
TGM2	39182.2129	1.1759	0.2096	0.0	0.0
TGS1	266.945	-2.0716	0.3257	0.0	0.0
THAP5	461.6966	-1.1026	0.2871	0.0	0.0002
THRB	41.349	-1.4765	0.6181	0.0017	0.0055
THTPA	294.8023	1.0053	0.3311	0.001	0.0036
THUMPD3	572.6911	-1.0874	0.2587	0.0	0.0001
TIAM1	197.6602	-1.5793	0.3652	0.0	0.0
TIAM2	162.4582	-1.731	0.4156	0.0	0.0
TICAM1	304.0397	-2.361	0.3163	0.0	0.0
TICRR	394.6883	-1.1953	0.29	0.0	0.0001
TIGD7	134.7456	-1.3487	0.3997	0.0002	0.0007
TIMM22	556.45	-1.0994	0.2583	0.0	0.0001
TIMM8B	839.689	1.1101	0.2514	0.0	0.0
TIMM9	429.8328	-1.4201	0.2732	0.0	0.0
TIMP1	6357.7925	1.1875	0.2234	0.0	0.0
TIPARP	5556.0436	1.7956	0.2065	0.0	0.0
TIPARP-AS1	233.6788	4.4321	0.4566	0.0	0.0
TIRAP	109.4914	-1.6131	0.4397	0.0	0.0001
TJP1	1551.9737	-1.3412	0.2264	0.0	0.0
TK1	6132.6911	1.114	0.2311	0.0	0.0
TLE1	1629.9159	-1.4977	0.2169	0.0	0.0
TLE3	1123.7777	-1.9092	0.2219	0.0	0.0
TLK1	805.867	-1.359	0.25	0.0	0.0
TLK2	806.473	-1.8252	0.2385	0.0	0.0
TLR4	606.4522	-1.0849	0.2556	0.0	0.0001
TLR5	41.2645	-1.2731	0.6484	0.0073	0.0203
TLR6	67.7494	-1.1693	0.5013	0.005	0.0147
TM7SF2	299.667	1.2193	0.3429	0.0001	0.0005
TMC7	119.5361	-1.1687	0.417	0.0015	0.005
TMCC1	166.5137	-1.2207	0.3859	0.0004	0.0017
TMCC3	339.9299	-2.1387	0.3001	0.0	0.0
TMED9	6690.0111	1.0991	0.21	0.0	0.0
TMEM106C	3064.6188	1.0474	0.2071	0.0	0.0
TMEM109	6362.8918	1.0907	0.2159	0.0	0.0
TMEM132A	7613.9813	1.1013	0.2118	0.0	0.0
TMEM133	59.8298	-1.473	0.5586	0.001	0.0034
TMEM147	2959.2704	1.2347	0.2353	0.0	0.0
TMEM161A	1208.7185	1.0564	0.2304	0.0	0.0
TMEM170A	71.0851	-1.7821	0.5892	0.0001	0.0005
TMEM170B	68.0084	-1.047	0.551	0.0172	0.0426
TMEM177	158.403	-1.4609	0.3793	0.0	0.0001
TMEM179B	1004.4968	1.0498	0.2266	0.0	0.0
TMEM205	1501.0367	1.0874	0.2367	0.0	0.0
TMEM219	1179.9051	1.0143	0.239	0.0	0.0001
TMEM238	129.9736	1.0798	0.4046	0.0026	0.0083
TMEM249	15.4918	-1.9595	1.4501	0.0001	0.0004
TMEM38B	861.4595	1.1358	0.247	0.0	0.0
TMEM39A	325.33	-1.0781	0.2931	0.0001	0.0004
TMEM51	177.7712	-2.6213	0.394	0.0	0.0
TMEM54	1296.0402	1.299	0.2405	0.0	0.0
TMEM55B	387.5518	-2.3435	0.3215	0.0	0.0
TMEM60	105.8541	-1.0939	0.4256	0.0033	0.0102
TMEM68	131.7128	-1.194	0.4574	0.0024	0.0075
TMEM8A	2622.2123	1.012	0.237	0.0	0.0001
TMF1	731.4314	-1.9316	0.2983	0.0	0.0
TMSB10	23438.9913	1.1682	0.2063	0.0	0.0
TNC	2593.2739	1.0867	0.2049	0.0	0.0
TNF	21.0221	1.8019	1.2026	0.0002	0.0008
TNFAIP3	1687.3474	2.0331	0.2133	0.0	0.0
TNFAIP8	244.5221	-1.4047	0.3381	0.0	0.0
TNFRSF1A	1958.2626	-1.3018	0.2134	0.0	0.0
TNFRSF9	181.5113	1.0205	0.3666	0.0021	0.0069
TNFSF15	263.4557	-1.0549	0.3243	0.0004	0.0017
TNFSF9	124.0069	-1.4056	0.4141	0.0001	0.0006
TNK1	181.4981	-1.0107	0.3569	0.0019	0.0062
TNKS	280.3116	-1.6095	0.3242	0.0	0.0
TNKS2	1183.7996	-1.1896	0.2736	0.0	0.0
TNNT1	1478.3617	1.1385	0.235	0.0	0.0
TNPO1	4696.4731	-1.153	0.2264	0.0	0.0
TNPO2	2918.9842	-1.0317	0.1973	0.0	0.0
TNRC6A	896.9872	-1.8024	0.2346	0.0	0.0
TNRC6B	201.0261	-1.4774	0.3502	0.0	0.0
TNRC6C	244.6633	-1.5774	0.398	0.0	0.0001
TNS4	3171.8714	-1.7226	0.2069	0.0	0.0
TOB1	194.883	-2.2265	0.4081	0.0	0.0
TOB2	611.9458	-4.3549	0.3002	0.0	0.0
TOMM7	1294.1633	1.1255	0.2306	0.0	0.0
TOMM70A	2453.5063	-1.0545	0.2368	0.0	0.0
TOP3A	986.375	-1.7146	0.2359	0.0	0.0
TOP3B	299.4677	-1.0444	0.3388	0.0008	0.0029
TOPORS	445.7607	-1.1592	0.2796	0.0	0.0001
TOX	52.1349	-1.4385	0.5751	0.0015	0.005
TP53BP2	1044.7223	-1.2514	0.2329	0.0	0.0
TP53INP1	92.9919	-1.5652	0.4789	0.0001	0.0005
TP53RK	556.8514	-1.6358	0.2858	0.0	0.0
TP73	91.7916	-1.3627	0.4602	0.0006	0.0021
TPI1	25032.7531	1.2109	0.2049	0.0	0.0
TPP1	3536.4044	1.0299	0.1979	0.0	0.0
TRAF1	934.0422	-1.1184	0.2295	0.0	0.0
TRAF2	744.7349	-2.1285	0.2501	0.0	0.0
TRAF4	729.8607	-1.4502	0.2692	0.0	0.0
TRAF5	261.1069	-1.2002	0.3198	0.0001	0.0003
TRAF6	198.1123	-2.965	0.402	0.0	0.0
TRAFD1	415.7913	-2.0061	0.2953	0.0	0.0
TRAIP	258.8739	-1.566	0.3242	0.0	0.0
TRAPPC1	2772.0572	1.0635	0.2182	0.0	0.0
TRAPPC2	118.2377	-2.3199	0.4515	0.0	0.0
TRAPPC2L	680.9491	1.03	0.298	0.0002	0.001
TRAPPC6A	72.1974	1.0415	0.5199	0.0144	0.0365
TRERF1	1104.4039	-1.7098	0.2218	0.0	0.0
TRIM11	544.968	-2.2509	0.2634	0.0	0.0
TRIM13	176.6845	-2.3943	0.402	0.0	0.0
TRIM21	181.1199	-1.9514	0.3712	0.0	0.0
TRIM23	189.9971	-2.8788	0.4459	0.0	0.0
TRIM24	551.7303	-2.0014	0.2634	0.0	0.0
TRIM26	916.2091	-2.1111	0.234	0.0	0.0
TRIM27	1084.5784	-2.3339	0.2366	0.0	0.0
TRIM29	76.9242	1.3434	0.5108	0.0015	0.005
TRIM32	326.054	-1.2483	0.3305	0.0	0.0002
TRIM33	993.9884	-1.9212	0.2407	0.0	0.0
TRIM35	232.3456	-1.7312	0.344	0.0	0.0
TRIM36	128.862	-1.174	0.3999	0.001	0.0035
TRIM38	416.8342	-2.0628	0.3169	0.0	0.0
TRIM39	463.8197	-1.1958	0.27	0.0	0.0
TRIM4	235.9743	-1.575	0.3433	0.0	0.0
TRIM59	148.0765	-2.0908	0.4719	0.0	0.0
TRIM65	654.3843	-1.3237	0.2448	0.0	0.0
TRIM66	37.5174	-1.4779	0.7187	0.0027	0.0085
TRIM68	137.251	-1.9748	0.4686	0.0	0.0
TRMT10A	92.2625	-1.0514	0.4967	0.0111	0.0292
TRMT10B	104.1531	-1.4012	0.4421	0.0003	0.0011
TRMT112	3120.6561	1.0202	0.2064	0.0	0.0
TRMT5	493.2828	-1.3983	0.269	0.0	0.0
TRPS1	84.0209	-1.0912	0.5412	0.0123	0.0317
TRPT1	349.4439	1.1418	0.3353	0.0002	0.0009
TSKU	436.7409	-1.0066	0.298	0.0003	0.0013
TSPAN4	2663.8635	1.0547	0.2335	0.0	0.0
TSPO	4418.9071	1.1904	0.2186	0.0	0.0
TSPYL4	1098.2142	1.5695	0.2204	0.0	0.0
TSSK3	17.9787	-1.651	0.9846	0.0007	0.0026
TSTA3	2284.6584	1.0188	0.2359	0.0	0.0
TSTD2	305.4072	-1.6525	0.3472	0.0	0.0
TTC23	141.3976	-1.1708	0.3854	0.0007	0.0026
TTC30A	135.5625	1.1182	0.3982	0.0016	0.0054
TTC33	225.6741	-1.083	0.4804	0.0076	0.0209
TTC4	683.0241	-1.3251	0.2415	0.0	0.0
TTF1	362.8784	-1.4813	0.3099	0.0	0.0
TTI2	112.5901	-1.1734	0.4431	0.0022	0.0072
TTK	831.3988	-1.4999	0.3058	0.0	0.0
TTLL11	309.2626	-1.1551	0.3296	0.0001	0.0007
TTLL4	432.729	-1.0555	0.2855	0.0001	0.0004
TTPAL	1087.7716	-1.0112	0.2257	0.0	0.0
TUBA1A	2208.0073	1.0824	0.2326	0.0	0.0
TUBA1B	66022.7874	1.0336	0.2095	0.0	0.0
TUBB3	3583.4008	1.1052	0.2485	0.0	0.0
TUBD1	79.7616	-2.2524	0.5755	0.0	0.0
TUFM	8300.0732	1.1175	0.2159	0.0	0.0
TUFT1	1018.8967	-2.1415	0.2297	0.0	0.0
TVP23B	571.2913	-1.4432	0.2654	0.0	0.0
TXLNA	2619.761	-1.2129	0.2027	0.0	0.0
TXLNG	705.2555	-1.4759	0.2651	0.0	0.0
TXN2	1327.6864	1.0193	0.232	0.0	0.0
TXNRD2	539.9003	1.0109	0.2792	0.0001	0.0006
U2SURP	1714.4898	-1.176	0.2549	0.0	0.0
UBA52	11534.7731	1.2262	0.2321	0.0	0.0
UBAP1	808.4762	-1.3491	0.2335	0.0	0.0
UBASH3B	2031.6916	-1.0471	0.2011	0.0	0.0
UBB	12734.0409	1.1462	0.2249	0.0	0.0
UBE2G1	1020.1477	-1.5875	0.2244	0.0	0.0
UBE2O	799.6891	-1.8871	0.2706	0.0	0.0
UBE2W	232.9334	-1.8812	0.3773	0.0	0.0
UBE3A	1235.5664	-1.3607	0.2677	0.0	0.0
UBL5	1307.0936	1.0621	0.2316	0.0	0.0
UBN1	1248.0424	-1.3138	0.2165	0.0	0.0
UBOX5	140.5488	-2.5922	0.4466	0.0	0.0
UBR2	1122.8402	-1.0237	0.2202	0.0	0.0
UBTD2	504.7626	-1.1716	0.2588	0.0	0.0
UBXN7	496.3075	-1.073	0.2848	0.0001	0.0003
UGCG	3203.2603	-2.3205	0.2963	0.0	0.0
UMPS	620.4854	-1.0814	0.2449	0.0	0.0
UNC119B	668.5866	-1.4321	0.2434	0.0	0.0
UNKL	451.6826	-1.0323	0.2713	0.0001	0.0003
UPF2	578.3166	-1.8717	0.3168	0.0	0.0
UPF3B	400.6792	-1.6223	0.2871	0.0	0.0
UQCR10	1133.3709	1.0456	0.2323	0.0	0.0
UQCRB	2703.0783	1.1293	0.1981	0.0	0.0
UQCRH	2967.549	1.0581	0.2007	0.0	0.0
UQCRQ	2171.7707	1.1731	0.2318	0.0	0.0
URB2	610.156	-2.0057	0.2699	0.0	0.0
URGCP	587.957	-2.1275	0.2769	0.0	0.0
USF1	457.1271	-1.6282	0.2739	0.0	0.0
USF2	2417.7882	1.0165	0.2224	0.0	0.0
USP1	2888.6538	-1.2509	0.2614	0.0	0.0
USP10	1447.922	-1.1389	0.2116	0.0	0.0
USP12	814.2427	-1.3347	0.2461	0.0	0.0
USP27X	50.6009	-1.5602	0.5921	0.0007	0.0027
USP36	1256.6148	-1.712	0.2376	0.0	0.0
USP37	305.2367	-1.7969	0.3526	0.0	0.0
USP38	510.8447	-1.9808	0.3251	0.0	0.0
USP42	280.0927	-1.7093	0.3233	0.0	0.0
USP45	169.2307	-1.1439	0.4428	0.0029	0.0089
USP47	1366.5214	-1.1929	0.2287	0.0	0.0
USP49	312.4304	-1.7149	0.3525	0.0	0.0
USP53	355.1169	-1.7694	0.2967	0.0	0.0
USP54	351.7145	-1.2956	0.2868	0.0	0.0
USP6NL	459.2014	-1.5078	0.2886	0.0	0.0
USPL1	235.6597	-1.1759	0.3251	0.0001	0.0004
UTP15	546.6383	-2.0498	0.2824	0.0	0.0
UTP23	295.7333	-1.6227	0.3185	0.0	0.0
UTP3	1153.5971	1.0642	0.2198	0.0	0.0
UXT	1071.4672	1.08	0.2209	0.0	0.0
VAMP8	2132.1395	1.1487	0.2214	0.0	0.0
VAT1	9664.8944	1.1162	0.2069	0.0	0.0
VCAN	29.9658	-2.1289	0.7911	0.0001	0.0003
VDR	306.7962	-1.8471	0.3333	0.0	0.0
VEZF1	1473.1157	-1.2715	0.2186	0.0	0.0
VGLL3	134.8987	-1.0015	0.4067	0.0055	0.0157
VHL	1025.6911	-1.6159	0.2723	0.0	0.0
VKORC1	2314.6667	1.1475	0.2252	0.0	0.0
VPRBP	686.3541	-1.2817	0.2465	0.0	0.0
VPS37B	1642.3735	-1.2187	0.2159	0.0	0.0
VPS4B	749.7283	-1.7185	0.296	0.0	0.0
VTN	69.5142	1.417	0.5267	0.001	0.0036
VWA1	1085.2208	1.3019	0.2526	0.0	0.0
WAC	1943.0985	-2.2459	0.2087	0.0	0.0
WAPAL	1520.403	-2.7074	0.2383	0.0	0.0
WASL	1005.1618	-1.4336	0.2266	0.0	0.0
WBP1L	862.9085	-1.3714	0.2298	0.0	0.0
WBP2	2848.8508	1.0832	0.2455	0.0	0.0
WBP4	358.5999	-1.526	0.3299	0.0	0.0
WDR20	544.6202	-2.3797	0.2872	0.0	0.0
WDR33	971.5655	-1.1446	0.237	0.0	0.0
WDR34	4579.855	1.0078	0.2184	0.0	0.0
WDR36	1267.4979	-1.0931	0.2494	0.0	0.0
WDR37	480.5913	-1.3778	0.2664	0.0	0.0
WDR43	1803.5668	-2.2875	0.2246	0.0	0.0
WDR44	533.8849	-2.1203	0.2674	0.0	0.0
WDR47	347.5961	-1.3543	0.3091	0.0	0.0
WDR53	151.5482	-1.3701	0.3889	0.0001	0.0004
WDR54	860.6305	1.0568	0.2491	0.0	0.0001
WDR73	320.0695	-1.3655	0.2984	0.0	0.0
WDR82	1994.7233	-2.2765	0.2053	0.0	0.0
WDR83OS	2096.6297	1.145	0.2312	0.0	0.0
WDR89	217.1861	-2.9019	0.3732	0.0	0.0
WFDC2	61.9645	1.0253	0.5233	0.0164	0.0408
WHSC1L1	942.687	-1.2599	0.239	0.0	0.0
WIBG	196.0661	-2.091	0.3644	0.0	0.0
WIPF2	1075.0011	-2.1525	0.2353	0.0	0.0
WSB1	694.91	-1.6446	0.243	0.0	0.0
WWP1	940.8299	-1.0845	0.2469	0.0	0.0
WWTR1	1672.94	-1.0628	0.2289	0.0	0.0
XAGE1B	2198.4682	1.4975	0.2812	0.0	0.0
XBP1	898.7494	-1.3233	0.2277	0.0	0.0
XIAP	1063.0083	-1.8536	0.305	0.0	0.0
XPC	164.3653	-1.2302	0.4082	0.0007	0.0025
XRCC2	396.7701	-2.2989	0.358	0.0	0.0
YAE1D1	137.9405	-1.0876	0.4301	0.0038	0.0114
YEATS2	766.3201	-1.0487	0.2334	0.0	0.0
YEATS4	462.7739	-1.5395	0.2993	0.0	0.0
YIF1A	2425.6685	1.0905	0.2429	0.0	0.0
YOD1	1589.9155	1.4699	0.2428	0.0	0.0
YPEL2	23.634	-2.1127	0.9738	0.0001	0.0004
YTHDC1	1305.0767	-1.0593	0.2278	0.0	0.0
YTHDF1	1835.7076	-1.9995	0.2385	0.0	0.0
YTHDF3	817.3658	-2.1626	0.2402	0.0	0.0
YY1	1706.4183	-1.0699	0.2097	0.0	0.0
YY1AP1	1001.6148	-1.0586	0.2223	0.0	0.0
ZADH2	378.9395	-1.0433	0.2785	0.0001	0.0004
ZBED4	581.6288	-2.0473	0.2626	0.0	0.0
ZBED5	474.2157	-1.9782	0.2942	0.0	0.0
ZBTB1	424.6364	-1.1113	0.3402	0.0004	0.0015
ZBTB11	460.9464	-1.6106	0.2797	0.0	0.0
ZBTB14	144.1559	-1.2979	0.4288	0.0005	0.0021
ZBTB17	366.1797	-1.3272	0.2931	0.0	0.0
ZBTB26	46.466	-2.0979	0.6902	0.0	0.0002
ZBTB34	224.2081	-2.7404	0.3623	0.0	0.0
ZBTB38	1067.3154	-1.2892	0.231	0.0	0.0
ZBTB4	2081.7831	-1.1584	0.2043	0.0	0.0
ZBTB41	290.7415	-2.7801	0.3368	0.0	0.0
ZBTB43	411.687	-1.6709	0.2823	0.0	0.0
ZBTB46	66.8881	-1.2397	0.5725	0.0059	0.0167
ZBTB7A	1395.1842	-1.8287	0.2178	0.0	0.0
ZBTB8A	164.5054	-1.8475	0.4052	0.0	0.0
ZC2HC1A	62.883	-1.412	0.5327	0.0011	0.004
ZC3H11A	2004.6235	-1.0661	0.2686	0.0	0.0002
ZC3H12A	942.2867	2.3565	0.2612	0.0	0.0
ZC3H12C	756.3071	-1.9315	0.3036	0.0	0.0
ZC3H13	909.8536	-1.3115	0.2276	0.0	0.0
ZC3H3	495.8948	-1.9111	0.3102	0.0	0.0
ZC3H4	925.2114	-1.6769	0.248	0.0	0.0
ZC3H7A	1129.1134	-1.1965	0.2324	0.0	0.0
ZC3H8	126.1988	-1.1885	0.4147	0.0012	0.004
ZCCHC10	129.4252	-2.7296	0.4636	0.0	0.0
ZCCHC11	598.3993	-1.7632	0.2983	0.0	0.0
ZCCHC14	486.7736	-1.2889	0.2624	0.0	0.0
ZCCHC2	158.2595	-1.5765	0.385	0.0	0.0
ZCCHC24	460.5269	-1.8385	0.2744	0.0	0.0
ZCCHC4	204.0332	-1.0282	0.3426	0.0011	0.0038
ZCCHC7	221.1355	-1.3764	0.3554	0.0	0.0001
ZCCHC8	455.487	-1.8102	0.2725	0.0	0.0
ZCCHC9	232.1353	-1.8214	0.3382	0.0	0.0
ZDBF2	107.3228	-1.4245	0.4576	0.0003	0.0012
ZDHHC24	503.3084	1.1097	0.2818	0.0	0.0002
ZEB1	804.2172	-1.919	0.2679	0.0	0.0
ZFAND4	106.6852	-1.0791	0.4245	0.0037	0.0112
ZFAND5	2210.1617	-1.9812	0.2395	0.0	0.0
ZFAT	157.9169	-1.2039	0.3835	0.0005	0.0018
ZFC3H1	945.9366	-1.3613	0.2299	0.0	0.0
ZFHX4	112.9936	-1.0909	0.4181	0.003	0.0093
ZFP1	132.5409	-1.5179	0.423	0.0	0.0002
ZFP14	24.6768	-1.5319	0.8255	0.0021	0.0069
ZFP28	132.5791	-1.3471	0.4016	0.0002	0.0007
ZFP30	127.9496	-2.9175	0.4733	0.0	0.0
ZFP36L1	9907.4076	1.0668	0.1831	0.0	0.0
ZFP37	51.0541	-1.0972	0.5728	0.0144	0.0366
ZFP62	103.838	-1.3844	0.441	0.0003	0.0012
ZFP69	55.843	-1.4483	0.6118	0.0019	0.0063
ZFP82	109.38	-2.4383	0.47	0.0	0.0
ZFP90	179.3337	-1.0886	0.3992	0.0022	0.007
ZFX	612.0381	-1.828	0.2642	0.0	0.0
ZFYVE1	214.4843	-2.3481	0.3603	0.0	0.0
ZFYVE16	676.8873	-1.1736	0.282	0.0	0.0001
ZFYVE20	651.9736	-1.3975	0.2482	0.0	0.0
ZFYVE27	346.5152	-1.7256	0.2951	0.0	0.0
ZHX1	755.2662	-1.0381	0.2774	0.0001	0.0004
ZHX1-C8ORF76	23.6056	-1.3498	0.8169	0.0056	0.0162
ZHX2	135.7614	-1.3783	0.3998	0.0001	0.0005
ZIC2	182.0523	-1.6143	0.3737	0.0	0.0
ZKSCAN1	614.8568	-1.2517	0.2898	0.0	0.0
ZKSCAN2	143.3833	-1.1998	0.4146	0.001	0.0037
ZKSCAN3	117.8358	-1.4737	0.4229	0.0001	0.0004
ZKSCAN5	315.4658	-1.3825	0.3017	0.0	0.0
ZKSCAN8	525.6813	-2.7255	0.2766	0.0	0.0
ZMIZ1	2443.8469	-2.5996	0.2077	0.0	0.0
ZMYM1	235.9434	-2.0408	0.3538	0.0	0.0
ZMYM2	326.6299	-1.7584	0.304	0.0	0.0
ZMYM5	139.9273	-1.0378	0.4564	0.0081	0.0222
ZMYM6	221.1941	-1.4055	0.3367	0.0	0.0
ZMYND19	724.0149	-1.5294	0.2399	0.0	0.0
ZMYND8	922.046	-2.0839	0.2517	0.0	0.0
ZNF100	173.1716	-2.5936	0.4139	0.0	0.0
ZNF101	108.5942	-1.6662	0.4981	0.0001	0.0003
ZNF112	41.554	-1.3883	0.6635	0.0039	0.0115
ZNF114	144.8008	-1.2972	0.385	0.0002	0.0008
ZNF117	45.6269	-1.1662	0.5856	0.0102	0.0272
ZNF12	290.6473	-2.1513	0.3563	0.0	0.0
ZNF124	64.4477	-2.5557	0.6068	0.0	0.0
ZNF131	633.2286	-1.8723	0.3015	0.0	0.0
ZNF136	64.9543	-1.816	0.6228	0.0001	0.0006
ZNF140	163.794	-2.2663	0.3974	0.0	0.0
ZNF141	36.0396	-1.643	0.7026	0.0009	0.0033
ZNF142	549.7412	-1.093	0.2595	0.0	0.0001
ZNF143	257.0311	-1.7366	0.3263	0.0	0.0
ZNF146	1426.1642	-2.5355	0.2345	0.0	0.0
ZNF148	454.7347	-1.656	0.7797	0.0011	0.0037
ZNF16	83.3506	-1.0951	0.4634	0.0057	0.0163
ZNF160	189.2183	-1.5449	0.372	0.0	0.0
ZNF174	100.0693	-1.6765	0.4679	0.0	0.0002
ZNF175	279.4042	-2.4876	0.3847	0.0	0.0
ZNF177	12.5969	-1.2292	0.9964	0.0033	0.01
ZNF18	20.7255	-1.2684	0.8264	0.0083	0.0227
ZNF180	193.8685	-1.4313	0.41	0.0001	0.0004
ZNF181	58.1805	-2.1219	0.6956	0.0	0.0001
ZNF182	131.2116	-3.0501	0.6071	0.0	0.0
ZNF184	62.0698	-1.1719	0.5225	0.0061	0.0174
ZNF189	147.4739	-1.4621	0.3902	0.0	0.0002
ZNF195	270.46	-1.4993	0.3522	0.0	0.0
ZNF197	211.4808	-1.6026	0.3873	0.0	0.0
ZNF2	75.5851	-2.3437	0.5575	0.0	0.0
ZNF211	153.6125	-1.389	0.394	0.0001	0.0004
ZNF212	274.4373	-1.5874	0.3212	0.0	0.0
ZNF215	90.7103	-1.2549	0.5038	0.0027	0.0085
ZNF223	34.6093	-1.4183	0.7741	0.0041	0.0122
ZNF224	126.157	-1.2345	0.4736	0.0021	0.0069
ZNF227	134.1912	-1.4345	0.4056	0.0001	0.0003
ZNF23	191.9186	-1.0895	0.3527	0.0007	0.0027
ZNF230	53.0765	-1.2715	0.5518	0.004	0.0119
ZNF232	65.225	-1.5654	0.5303	0.0003	0.0013
ZNF234	93.4677	-2.193	0.5038	0.0	0.0
ZNF239	124.0278	-1.3406	0.4086	0.0002	0.0009
ZNF25	104.6435	-1.0093	0.443	0.0085	0.0232
ZNF250	76.6557	-1.8967	0.5223	0.0	0.0001
ZNF251	224.9117	-2.2581	0.3511	0.0	0.0
ZNF253	35.2828	-2.0098	0.8283	0.0001	0.0006
ZNF254	96.255	-1.2799	0.5292	0.003	0.0093
ZNF26	195.0972	-1.4032	0.3594	0.0	0.0001
ZNF260	227.2877	-2.6636	0.393	0.0	0.0
ZNF274	563.3506	-1.5288	0.2685	0.0	0.0
ZNF275	181.5066	-1.5904	0.3623	0.0	0.0
ZNF28	232.0377	-1.9608	0.3491	0.0	0.0
ZNF280C	136.3278	-2.4685	0.4411	0.0	0.0
ZNF280D	199.4447	-1.0271	0.3394	0.001	0.0035
ZNF282	728.9217	-1.0718	0.2777	0.0	0.0002
ZNF283	40.4954	-1.2523	0.6083	0.0068	0.0191
ZNF284	46.8779	-1.5766	0.6059	0.0007	0.0027
ZNF286A	334.7666	-2.1717	0.304	0.0	0.0
ZNF286B	23.8719	-1.9533	0.8655	0.0002	0.0008
ZNF296	112.4648	-1.63	0.434	0.0	0.0001
ZNF30	57.395	-2.1934	0.6043	0.0	0.0
ZNF302	158.5763	-2.0733	0.4546	0.0	0.0
ZNF311	54.3811	-1.1494	0.5459	0.0087	0.0237
ZNF317	634.5818	-1.0964	0.2444	0.0	0.0
ZNF318	632.5662	-1.3456	0.2652	0.0	0.0
ZNF322	327.6698	-2.0721	0.3427	0.0	0.0
ZNF329	81.7484	-1.0658	0.4726	0.0079	0.0217
ZNF330	384.6623	-1.0504	0.2806	0.0001	0.0004
ZNF337	126.3016	-1.1152	0.4018	0.0018	0.0059
ZNF33A	428.7934	-1.2851	0.3008	0.0	0.0
ZNF33B	190.3614	-1.6851	0.3566	0.0	0.0
ZNF346	236.6969	-2.8406	0.366	0.0	0.0
ZNF347	291.608	-1.4684	0.3118	0.0	0.0
ZNF354A	124.6309	-1.6654	0.4515	0.0	0.0001
ZNF354B	57.207	-1.176	0.5335	0.0066	0.0185
ZNF354C	137.138	-1.4292	0.4015	0.0001	0.0003
ZNF362	156.4018	-1.1866	0.3723	0.0004	0.0017
ZNF367	476.0779	-1.7765	0.2763	0.0	0.0
ZNF383	49.529	-1.5127	0.581	0.0009	0.0033
ZNF391	42.8044	-1.8908	0.6625	0.0001	0.0005
ZNF398	284.2213	-2.0171	0.3245	0.0	0.0
ZNF408	646.4272	1.2957	0.3014	0.0	0.0
ZNF41	306.5449	-2.1351	0.3518	0.0	0.0
ZNF410	630.8505	-1.2846	0.2533	0.0	0.0
ZNF415	90.9656	-1.1854	0.481	0.0035	0.0106
ZNF417	141.0094	-1.9174	0.4549	0.0	0.0
ZNF418	55.4005	-1.6387	0.581	0.0003	0.0014
ZNF420	83.2773	-1.3499	0.4815	0.0009	0.0033
ZNF425	71.3962	-1.3515	0.5075	0.0013	0.0045
ZNF428	1254.657	1.1382	0.2403	0.0	0.0
ZNF429	26.9462	-1.5494	0.8199	0.0019	0.0063
ZNF43	177.7132	-2.0168	0.4288	0.0	0.0
ZNF430	143.6269	-1.3457	0.5261	0.0018	0.0058
ZNF431	147.0516	-1.3558	0.3991	0.0001	0.0006
ZNF438	107.4875	-1.6531	0.4516	0.0	0.0001
ZNF439	66.2982	-1.0785	0.5045	0.0099	0.0265
ZNF44	60.9642	-1.5887	0.6018	0.0006	0.0024
ZNF440	137.1767	-1.4783	0.4315	0.0001	0.0004
ZNF441	60.3532	-2.4153	0.6104	0.0	0.0
ZNF442	11.9773	-1.1765	0.923	0.0075	0.0207
ZNF443	55.9657	-2.9443	0.7027	0.0	0.0
ZNF445	327.2316	-1.7617	0.3297	0.0	0.0
ZNF449	72.4549	-1.2262	0.5939	0.0074	0.0204
ZNF45	262.1978	-1.566	0.3203	0.0	0.0
ZNF451	830.8907	-1.4334	0.2795	0.0	0.0
ZNF460	181.8457	1.9769	0.376	0.0	0.0
ZNF461	33.0791	-1.361	0.6673	0.0046	0.0136
ZNF468	453.6926	-1.2283	0.2743	0.0	0.0
ZNF470	115.8048	-1.3649	0.4357	0.0003	0.0013
ZNF473	401.0916	-1.1861	0.2853	0.0	0.0001
ZNF484	66.2961	-1.0659	0.5055	0.0109	0.0287
ZNF485	88.9331	-1.5541	0.4697	0.0001	0.0005
ZNF486	206.7019	-2.852	0.3927	0.0	0.0
ZNF488	103.0969	-2.0556	0.4998	0.0	0.0
ZNF490	43.7281	-1.5661	0.6461	0.0011	0.0038
ZNF491	11.1133	-1.1253	0.9779	0.0055	0.0159
ZNF493	40.8553	-1.3608	0.6868	0.005	0.0145
ZNF500	100.7682	-2.5451	0.4927	0.0	0.0
ZNF501	38.5684	-2.1692	0.7173	0.0	0.0001
ZNF502	106.047	-1.0101	0.4255	0.0067	0.0189
ZNF503	97.2263	-1.6948	0.4598	0.0	0.0001
ZNF506	118.7643	-2.1793	0.4419	0.0	0.0
ZNF507	448.6848	-2.1263	0.387	0.0	0.0
ZNF510	228.5125	-1.2431	0.3283	0.0	0.0002
ZNF512	377.758	-1.4787	0.2965	0.0	0.0
ZNF514	246.3858	-1.0489	0.3431	0.0009	0.0031
ZNF518A	200.2188	-2.0312	0.456	0.0	0.0
ZNF518B	215.5672	-1.1449	0.3679	0.0006	0.0022
ZNF527	92.5661	-1.6655	0.4688	0.0	0.0002
ZNF529	116.664	-1.3512	0.4635	0.0007	0.0025
ZNF543	171.45	1.1091	0.3732	0.001	0.0036
ZNF547	23.3731	-1.3369	0.8168	0.006	0.0171
ZNF549	90.7662	-2.9787	0.55	0.0	0.0
ZNF555	59.9589	-1.319	0.5329	0.0023	0.0075
ZNF557	78.985	-1.037	0.4852	0.011	0.029
ZNF559	131.6453	-1.0842	0.4409	0.0046	0.0135
ZNF561	322.5082	-1.0727	0.3466	0.0007	0.0027
ZNF562	415.8292	-2.148	0.3165	0.0	0.0
ZNF564	57.9808	-2.2879	0.6206	0.0	0.0
ZNF566	82.5929	-2.3743	0.5765	0.0	0.0
ZNF569	173.8242	-1.9985	0.3936	0.0	0.0
ZNF579	347.8167	-1.2145	0.3162	0.0	0.0002
ZNF584	466.471	-1.3152	0.2768	0.0	0.0
ZNF585B	255.1084	-1.4567	0.3211	0.0	0.0
ZNF587	496.6352	-1.705	0.2667	0.0	0.0
ZNF587B	103.6635	-1.5865	0.4479	0.0	0.0002
ZNF589	76.3509	-1.6982	0.5077	0.0001	0.0003
ZNF594	107.7682	-1.2556	0.4389	0.001	0.0035
ZNF595	86.4805	-2.1951	0.5636	0.0	0.0
ZNF605	185.6959	-1.6886	0.3839	0.0	0.0
ZNF606	83.6196	-1.5708	0.4822	0.0001	0.0006
ZNF607	84.1488	-1.9278	0.6342	0.0001	0.0003
ZNF608	214.7714	-1.4239	0.3641	0.0	0.0001
ZNF609	690.1915	-2.9226	0.2673	0.0	0.0
ZNF611	177.5874	-1.4642	0.3849	0.0	0.0001
ZNF618	173.4731	-1.2063	0.362	0.0002	0.001
ZNF621	641.1605	-1.1469	0.2805	0.0	0.0001
ZNF623	286.882	-1.0674	0.3329	0.0005	0.002
ZNF627	96.1978	-1.9413	0.4931	0.0	0.0
ZNF638	693.3566	-1.2771	0.2542	0.0	0.0
ZNF639	500.7462	-1.5139	0.2823	0.0	0.0
ZNF644	542.0254	-2.5327	0.2944	0.0	0.0
ZNF646	1069.3317	1.0615	0.2613	0.0	0.0001
ZNF649	69.8723	-1.1037	0.5312	0.0105	0.0278
ZNF652	119.2166	-1.1862	0.4544	0.0024	0.0076
ZNF653	140.2958	-2.1299	0.4263	0.0	0.0
ZNF658	23.2825	-1.1167	0.7962	0.0188	0.046
ZNF660	17.6593	-1.491	0.8302	0.0026	0.0083
ZNF668	263.016	-1.0895	0.3358	0.0004	0.0017
ZNF670	70.6092	-1.6415	0.5175	0.0001	0.0006
ZNF672	509.0196	-1.4353	0.3226	0.0	0.0
ZNF674	52.1097	-1.6776	0.6074	0.0003	0.0014
ZNF675	166.2121	-1.5066	0.3984	0.0	0.0001
ZNF680	135.8596	-2.4278	0.4371	0.0	0.0
ZNF681	97.1564	-3.311	0.572	0.0	0.0
ZNF684	28.2168	-1.9877	0.8171	0.0001	0.0007
ZNF691	66.7955	-1.5982	0.5353	0.0003	0.0011
ZNF696	245.3764	-1.2246	0.3363	0.0001	0.0004
ZNF70	40.7556	-1.0663	0.5903	0.019	0.0463
ZNF700	148.4118	-1.5456	0.3873	0.0	0.0001
ZNF708	53.5815	-1.4826	0.5758	0.0011	0.0038
ZNF709	33.1428	-2.3407	0.9092	0.0	0.0001
ZNF71	180.3507	-1.2708	0.4496	0.0011	0.0037
ZNF710	260.0627	-2.1627	0.3385	0.0	0.0
ZNF714	381.7105	-2.3287	0.3359	0.0	0.0
ZNF727	9.7596	-1.335	1.0951	0.0012	0.0042
ZNF736	42.4288	-2.6246	0.756	0.0	0.0
ZNF737	61.3194	-1.6397	0.5519	0.0002	0.001
ZNF738	99.9896	-1.5653	0.4838	0.0001	0.0006
ZNF740	234.3078	-1.804	0.3578	0.0	0.0
ZNF746	483.6487	-1.8333	0.2826	0.0	0.0
ZNF761	242.9245	-1.0277	0.3314	0.0008	0.0029
ZNF766	101.5766	-1.6696	0.4605	0.0	0.0001
ZNF767	115.1971	-2.3062	0.6336	0.0	0.0
ZNF770	631.0395	-1.4508	0.3238	0.0	0.0
ZNF775	92.8676	-1.6301	0.4961	0.0001	0.0004
ZNF777	534.9334	-1.0774	0.265	0.0	0.0001
ZNF782	36.0701	-1.4157	0.6605	0.0032	0.0098
ZNF783	292.6579	-1.5722	0.3603	0.0	0.0
ZNF784	42.5293	-1.3777	0.6233	0.0033	0.0102
ZNF787	1048.1486	-1.028	0.233	0.0	0.0
ZNF788	275.9179	-1.9023	0.339	0.0	0.0
ZNF790	40.3355	-1.5211	0.6417	0.0014	0.0049
ZNF799	40.2333	-1.2231	0.6086	0.0082	0.0224
ZNF8	78.1403	-2.6446	0.5737	0.0	0.0
ZNF800	442.9989	-1.7204	0.3848	0.0	0.0
ZNF81	68.2227	-1.4393	0.534	0.0009	0.0033
ZNF813	74.415	-1.2513	0.4902	0.0024	0.0075
ZNF814	61.6215	-1.683	0.5547	0.0002	0.0007
ZNF816	61.2462	-1.1345	0.5696	0.0113	0.0296
ZNF818P	40.031	-1.9963	0.8034	0.0001	0.0006
ZNF823	75.4563	-2.7026	0.6004	0.0	0.0
ZNF827	181.1068	-1.3875	0.3923	0.0001	0.0004
ZNF830	346.2576	1.1912	0.2874	0.0	0.0001
ZNF839	299.9277	-1.5102	0.3761	0.0	0.0001
ZNF84	237.7091	-1.0804	0.3221	0.0003	0.0012
ZNF841	254.3184	-1.2565	0.3998	0.0004	0.0016
ZNF852	19.1227	-1.2621	0.8405	0.0082	0.0224
ZNF860	54.5947	-1.1628	0.5434	0.0078	0.0215
ZNF888	91.9451	-1.0452	0.4515	0.0072	0.02
ZNF91	233.9827	-1.3249	0.3853	0.0001	0.0006
ZNF92	134.8152	-1.4501	0.4666	0.0003	0.0011
ZNF93	132.4807	-1.7852	0.4707	0.0	0.0001
ZNFX1	2285.2798	-1.638	0.2007	0.0	0.0
ZNHIT6	950.4169	-1.1254	0.2862	0.0	0.0002
ZNRF3	238.47	-2.1373	0.3412	0.0	0.0
ZRANB1	550.4187	-1.6385	0.2767	0.0	0.0
ZRANB2	1062.6635	-1.3408	0.2598	0.0	0.0
ZRSR2	92.9421	-1.0749	0.4547	0.0059	0.0169
ZSCAN21	96.6167	-1.3767	0.4567	0.0005	0.0018
ZSCAN22	81.679	-1.9232	0.5144	0.0	0.0
ZSCAN30	224.0827	-1.0193	0.334	0.0009	0.0033
ZSCAN32	123.0183	-1.7377	0.4294	0.0	0.0
ZSWIM3	56.9399	-3.9295	1.1531	0.0	0.0
ZSWIM4	150.2354	-1.977	0.3979	0.0	0.0
ZSWIM6	475.2631	-1.0688	0.2695	0.0	0.0002
ZUFSP	196.2517	-1.6847	0.3848	0.0	0.0
ZYG11B	476.0226	-1.6255	0.2757	0.0	0.0
ZZZ3	935.8039	-2.0821	0.2319	0.0	0.0
