4	1001882	1001981	0
4	100190033	100185869	0
4	100190033	100187874	0
4	100190305	100187727	0
4	10019074	9996780	0
4	10019076	9996780	0
4	10019295	9985667	0
4	1002162	1002268	0
4	10026007	10018974	0
4	10029301	10025723	0
4	1003158	1003344	0
4	10040211	10025903	0
4	10040249	10025903	0
4	10040265	10025903	0
4	10040389	10034224	0
4	100410356	100395340	0
4	100410356	100397463	0
4	100410356	100397793	0
4	100410356	100397869	0
4	100421378	100417116	0
4	100423081	100421281	0
4	100447572	100410281	0
4	100447572	100417116	0
4	100447572	100421297	0
4	100447572	100423311	0
4	100447572	100446019	0
4	100465540	100423311	0
4	100465540	100447532	0
4	100475078	100465422	0
4	100475110	100465422	0
4	100475110	100465500	0
4	100475110	100473853	0
4	100480040	100475037	0
4	100487029	100479916	0
4	100517999	100483376	0
4	100518002	100479916	0
4	100518003	100479916	0
4	100518004	100479916	0
4	100518009	100479916	0
4	100518023	100479916	0
4	100518094	100479916	0
4	10054937	10025903	0
4	100570326	100479971	0
4	100665761	100660278	0
4	10073020	10068088	0
4	10077187	10075148	0
4	10077449	10074338	0
4	10077449	10074339	0
4	10077449	10075148	0
4	10077449	10075342	1
4	10079002	10077752	0
4	100791236	100778581	0
4	100814281	100812254	0
4	100816083	100583867	0
4	10084531	10081356	0
4	10084531	10083021	0
4	10087936	10084442	0
4	10087941	10083021	0
4	10087941	10084423	0
4	10087941	10084440	0
4	10087941	10084442	0
4	10088374	10084442	0
4	10088374	10087705	0
4	10088374	10087706	0
4	10088374	10087775	0
4	10088374	10087841	0
4	10088742	10088286	0
4	10088742	10088292	0
4	10097892	10088663	0
4	10099140	10097709	0
4	10099140	10097710	0
4	10099140	10097711	0
4	10099140	10097843	0
4	101029196	101023408	0
4	101029196	101023429	0
4	101029196	101025317	0
4	101032365	101023430	0
4	101032365	101024327	0
4	10103987	10098989	0
4	10103987	10098991	0
4	101083264	101080531	0
4	101093916	101083185	0
4	101093916	101083194	0
4	101098513	101093775	0
4	101098513	101093867	0
4	101099723	101098366	0
4	101099723	101098417	0
4	101099723	101098462	0
4	10116235	10088663	0
4	10116235	10103895	0
4	10116235	10108217	0
4	10116340	10103895	0
4	10116463	10116112	21
4	10116505	10116112	14
4	10116728	10116112	5
4	10116861	10116112	15
4	10116869	10115893	29
4	10116950	10116112	7
4	101196117	101063231	0
4	1012245	1012469	0
4	1012278	1012469	3
4	101346843	101108953	0
4	101347328	101195915	0
4	101347472	101195915	0
4	101347478	101195915	0
4	101347481	101195915	0
4	101347561	101195915	0
4	101348279	101195915	0
4	102032383	101976893	0
4	102259515	102251040	0
4	102263194	102259454	0
4	102267675	102261665	0
4	102267675	102263160	0
4	102304482	102267871	0
4	102304489	102269715	0
4	102305112	102304316	0
4	102305112	102304406	0
4	102305112	102304447	0
4	102307606	102304988	0
4	102307606	102305024	0
4	102315831	102304988	0
4	102315831	102307435	0
4	102315831	102307556	0
4	102353001	102315667	0
4	102385511	102315667	0
4	102419360	102418716	0
4	102419795	102418601	0
4	102419795	102418807	0
4	102431259	102385349	0
4	102431283	102418601	0
4	102537629	102537857	0
4	102577976	102578880	0
4	102633474	102630769	0
4	102635046	102631435	0
4	102635046	102631487	0
4	102635046	102631494	0
4	102635046	102631495	0
4	102635046	102631545	0
4	102635046	102631548	0
4	102635046	102631562	0
4	102635046	102631581	0
4	102635046	102631588	0
4	102635046	102631748	0
4	102635046	102631987	0
4	102636008	102634787	0
4	102639858	102635864	0
4	102639858	102635905	0
4	102664853	102657681	0
4	102664853	102658858	0
4	102669050	102657681	0
4	102714562	102690595	0
4	102714562	102690879	0
4	102722926	102714437	0
4	102723042	102714437	0
4	102723885	102722372	0
4	102723922	102722870	0
4	102723968	102714437	0
4	102723968	102722870	0
4	102723968	102722962	0
4	102726684	102723861	0
4	102726684	102723873	0
4	102728607	102726588	0
4	102730722	102727273	0
4	102734572	102723861	0
4	102753996	102726588	0
4	102760934	102726588	0
4	102760935	102734382	0
4	102760942	102726588	0
4	102760950	102726588	0
4	102760953	102726588	0
4	102760973	102726588	0
4	102760983	102726588	0
4	102760984	102726588	0
4	102760984	102753822	0
4	102760993	102726588	0
4	102760995	102726588	0
4	102760995	102753690	0
4	102798978	102796133	0
4	102799501	102794382	0
4	102799501	102794385	0
4	102799501	102794389	0
4	102799501	102795975	3
4	102799501	102796133	3
4	102799501	102797150	3
4	102799501	102797234	3
4	102799501	102797246	3
4	102799501	102797251	3
4	102799501	102797263	3
4	102799501	102797321	0
4	102799501	102797354	0
4	102799501	102797356	0
4	102799501	102797366	0
4	102799501	102797384	0
4	102799501	102797398	0
4	102799501	102797402	0
4	102799501	102798927	0
4	102801560	102799406	0
4	102801560	102799466	0
4	102802639	102799406	0
4	102802639	102801453	0
4	102802639	102801456	0
4	102802639	102801468	0
4	102802639	102801472	0
4	102802639	102801508	0
4	102802639	102801522	0
4	102802695	102801453	0
4	102809160	102802560	0
4	102809185	102802560	2
4	102809704	102801453	0
4	102809704	102802348	0
4	102809704	102802369	0
4	102809704	102802560	0
4	102809704	102802611	0
4	102809704	102809067	0
4	102809704	102809079	0
4	102809724	102802560	0
4	102809856	102802560	0
4	102809856	102809429	0
4	102809856	102809671	0
4	102809954	102809671	0
4	102812974	102809671	0
4	102868862	102826484	0
4	102868876	102826484	0
4	102868897	102809791	0
4	102890674	102885048	0
4	102905651	102885047	0
4	102905651	102885048	0
4	102905651	102890580	0
4	102905651	102900927	0
4	102905651	102901087	0
4	102906645	102901096	0
4	102906645	102905513	0
4	102910485	102906535	0
4	102910589	102906276	0
4	102910589	102906535	0
4	102911538	102910433	0
4	102911538	102910438	0
4	102911542	102910438	0
4	102912130	102911430	0
4	102932300	102901102	0
4	102932300	102911430	0
4	102932300	102911433	0
4	102989942	102932123	0
4	102989942	102946646	0
4	102989942	102949256	0
4	102991713	102932123	0
4	102991713	102989799	0
4	102991713	102989861	0
4	103026592	103019867	2
4	103028884	103025489	0
4	103028884	103026163	3
4	103028884	103026367	2
4	103031809	103020229	0
4	103031809	103025955	0
4	103043446	103031699	0
4	103043446	103042044	0
4	103049021	103047050	13
4	103050383	103048590	0
4	103050383	103048892	0
4	103057943	103050239	0
4	103057972	103050239	0
4	103066508	103050239	0
4	103066508	103057800	8
4	103066508	103057813	8
4	103066508	103065410	12
4	103067500	103066326	0
4	103067593	103066326	0
4	103067593	103066458	0
4	103076774	103067460	0
4	103077203	103076426	4
4	103077283	103067460	0
4	103077325	103067460	0
4	103082174	103067460	0
4	103082174	103079434	0
4	103082174	103079476	0
4	103082174	103079478	0
4	103082174	103079532	0
4	103086541	103082870	0
4	103086541	103085348	0
4	103091286	103085348	0
4	103091286	103085698	0
4	103091286	103086477	0
4	103091286	103086479	0
4	103091286	103086500	0
4	103091286	103086505	0
4	103091738	103091176	0
4	103092697	103091176	0
4	103092697	103091184	0
4	103092697	103091619	0
4	103092719	103091176	0
4	103095282	103091176	0
4	103095282	103092375	0
4	103095282	103092599	0
4	103109090	103105805	0
4	103109090	103105812	0
4	103109090	103106046	0
4	103116690	103114454	0
4	103120334	103116576	0
4	103120337	103116363	0
4	103145335	103144330	0
4	103145682	103145049	0
4	103145782	103145302	0
4	103151378	103149117	0
4	103153251	103151218	0
4	103153251	103151235	0
4	103180470	103176898	0
4	103181457	103180310	0
4	103181964	103180304	0
4	103194295	103185809	0
4	103194442	103194228	0
4	103194442	103194250	0
4	103552153	103550926	0
4	103591684	103586030	0
4	103656345	103591486	0
4	104475259	104472174	0
4	104492060	104468311	0
4	104494582	104469513	0
4	10454989	10439873	1
4	10454989	10450886	4
4	10457177	10450886	0
4	10457361	10454804	0
4	10457406	10446101	0
4	10457409	10454593	0
4	10457411	10450886	0
4	104667017	104653873	0
4	104746681	104666896	0
4	104928113	104746639	0
4	10501412	10486394	0
4	10501412	10486873	0
4	10501412	10490214	0
4	105140620	105137279	0
4	105171732	105171353	0
4	105237352	105241338	0
4	10532284	10528075	0
4	10532284	10531412	0
4	105370874	105369076	0
4	105370874	105369242	0
4	105370874	105369560	2
4	105370874	105369564	2
4	105386637	105370836	0
4	105396335	105386566	0
4	105396335	105386612	0
4	105399165	105396248	0
4	105399165	105396325	0
4	105399165	105398303	0
4	105399637	105396248	0
4	105424323	105399036	0
4	105424323	105399078	0
4	105424323	105399150	0
4	105424323	105405636	0
4	105424323	105405837	0
4	105424323	105423203	0
4	105438037	105424195	0
4	105438037	105424248	0
4	105446503	105370836	0
4	105446503	105399036	0
4	105446503	105424195	0
4	105446503	105437949	0
4	105446503	105437976	0
4	105446503	105438014	0
4	105448094	105446382	0
4	105449372	105446382	0
4	105449404	105446201	0
4	105449404	105446382	0
4	105453643	105446382	0
4	105456292	105453597	0
4	105456746	105424195	0
4	105456746	105437949	0
4	105456746	105453597	0
4	105456746	105456247	0
4	105473710	105456680	2
4	105473988	105453597	0
4	105474015	105456680	0
4	105474033	105456080	1
4	105474041	105456680	0
4	105474051	105399036	0
4	105474051	105456680	0
4	105474060	105449349	0
4	105474060	105453597	0
4	105474060	105456680	0
4	105474060	105456695	0
4	105474060	105473357	21
4	105474063	105456680	0
4	105474065	105456680	0
4	105474068	105449349	0
4	105474082	105456680	0
4	105541403	105540189	0
4	105683318	105682629	71
4	105686839	105682626	0
4	105686839	105682807	0
4	105687080	105683061	0
4	105693487	105691975	0
4	105695669	105693298	0
4	105695669	105693317	0
4	105695669	105693400	0
4	105700015	105695515	0
4	105700015	105695559	0
4	105700015	105695561	0
4	105700017	105695515	0
4	1057005	1056249	0
4	1057005	1056253	0
4	105703024	105699849	0
4	105703810	105699849	0
4	105705950	105699849	0
4	105708082	105705689	0
4	105708163	105699849	0
4	105708640	105699849	0
4	105708657	105699950	0
4	105708660	105703647	0
4	105708666	105702885	0
4	105708682	105703647	0
4	105708684	105707918	0
4	105709109	105699849	0
4	105753302	105746244	0
4	105807283	105753250	0
4	105820602	105815144	0
4	105820602	105815149	0
4	105823070	105823230	0
4	105823438	105820541	0
4	105823438	105821058	0
4	105826123	105823374	0
4	105827170	105823374	0
4	105827173	105807183	0
4	1058394	1056253	0
4	1058394	1056837	0
4	1058394	1056843	0
4	1058394	1056865	0
4	1058394	1056912	0
4	105840324	105699872	0
4	1058428	1056837	0
4	105895987	105843490	0
4	105929579	105927059	0
4	105932723	105927061	0
4	106014313	106003316	0
4	106095642	106041598	0
4	106095642	106046075	0
4	106095642	106046078	0
4	106095642	106046079	0
4	106095642	106046090	0
4	106095642	106046094	0
4	106095642	106046569	0
4	106116379	106095481	0
4	106164462	106163278	0
4	106171271	106116202	0
4	106171271	106116318	0
4	106193771	106171094	0
4	106193771	106171240	0
4	106193771	106182352	0
4	106233065	106231728	0
4	106233651	106232937	0
4	106233651	106232943	0
4	106233651	106232997	0
4	106244765	106242469	0
4	106247286	106244625	0
4	106247288	106244625	0
4	106247288	106244684	0
4	106247723	106244625	0
4	106248307	106247138	0
4	106248983	106247822	0
4	106248983	106248244	0
4	106250471	106247138	0
4	106252008	106250417	0
4	106252008	106251078	0
4	106255048	106251865	0
4	106255048	106251866	0
4	106260511	106250417	0
4	106260511	106251865	0
4	106260511	106251982	0
4	106260511	106251983	0
4	106262213	106260436	0
4	106295167	106251865	0
4	106295167	106262097	0
4	106295167	106262163	0
4	106297740	106295093	0
4	106308990	106295093	0
4	106308990	106295155	0
4	106321496	106316547	5
4	106367436	106358182	0
4	106367438	106357484	0
4	106924701	106921801	0
4	106924701	106923742	0
4	106924701	106923944	0
4	106925950	106923820	0
4	106925950	106924544	0
4	107283690	107188426	0
4	107283807	107188426	0
4	1073663	1058320	0
4	1073663	1071477	0
4	1073663	1072755	0
4	1073663	1072850	0
4	1073663	1072921	0
4	1073755	1058320	0
4	107631805	107590275	0
4	107631861	107613665	0
4	107653627	107644801	0
4	107654901	107653490	0
4	107654901	107653492	0
4	107660073	107656895	0
4	107682134	107659958	0
4	107682134	107659959	0
4	107687178	107682014	0
4	107694007	107687038	0
4	107694007	107687111	0
4	107694299	107687128	0
4	107701286	107693769	0
4	107701286	107693770	0
4	107701286	107693839	0
4	107720223	107687038	0
4	107867646	107863478	0
4	107873445	107866907	0
4	107886827	107873979	0
4	107893164	107886716	0
4	107893638	107886666	0
4	107910550	107893495	0
4	107932120	107893066	0
4	107936574	107936030	0
4	107939122	107936486	0
4	107978800	107910340	0
4	108023564	108024434	0
4	108023564	108027687	0
4	108024569	108027687	0
4	108027761	108027938	0
4	108027761	108028860	0
4	108027761	108032326	0
4	108027761	108033175	0
4	108028070	108033175	1
4	108028870	108033175	0
4	108032378	108033175	0
4	108063658	108048596	0
4	108063664	108047544	0
4	108063664	108047591	0
4	108063664	108048299	0
4	108063664	108048353	0
4	108063664	108048376	0
4	108063664	108048416	0
4	108063664	108048526	0
4	108063664	108048634	0
4	108063664	108048638	0
4	108064385	108047544	0
4	108064385	108047572	0
4	108064385	108048168	0
4	108064385	108063622	0
4	108064385	108063628	0
4	108070771	108064335	0
4	108070896	108064335	0
4	108071744	108070662	0
4	108071779	108070662	0
4	108072252	108070662	0
4	108075478	108070662	0
4	108078353	108070662	0
4	108078383	108070661	0
4	108078383	108070662	0
4	108078383	108075374	0
4	108078406	108070429	0
4	108078463	108070662	0
4	108079615	108070662	0
4	108079615	108078219	0
4	108079615	108078324	0
4	108081670	108079491	0
4	108083414	108079491	0
4	108083447	108079491	0
4	108083447	108081583	0
4	108083447	108081585	0
4	108083447	108081620	0
4	108089258	108083212	0
4	108089258	108083355	0
4	108089258	108083367	0
4	108163702	108083355	0
4	108173520	108175791	0
4	108175994	108176289	0
4	108541593	108540167	0
4	108542217	108538189	0
4	108557065	108541499	0
4	108557065	108542018	0
4	1085955	1073598	0
4	1085955	1081566	0
4	108598696	108590362	0
4	108608651	108556100	0
4	108620398	108556264	0
4	108620430	108556790	0
4	108620713	108621630	1
4	108620713	108621950	1
4	108621697	108621950	0
4	108622205	108622514	0
4	108743857	108742039	0
4	108743857	108742047	0
4	108743857	108742391	0
4	108743857	108742468	0
4	108748160	108746761	0
4	108749464	108747781	0
4	108749464	108748004	0
4	108751007	108749237	0
4	108751019	108749237	0
4	108751019	108749355	0
4	108753012	108750935	0
4	108754711	108752894	0
4	108754711	108752973	0
4	108754791	108752922	0
4	108756493	108754619	0
4	108759891	108756417	0
4	108759909	108756417	0
4	108759909	108756428	0
4	108759909	108756441	0
4	108760307	108756417	0
4	108813930	108810720	0
4	108817436	108808724	0
4	108817436	108810720	0
4	108817436	108812703	0
4	108817436	108813698	0
4	108824220	108817396	0
4	108824228	108817396	0
4	108824228	108819251	0
4	108824228	108819811	0
4	108825223	108823875	0
4	108825223	108824173	0
4	108827189	108823875	0
4	1090839	1085709	0
4	1090839	1085895	0
4	109302076	109300582	0
4	109302368	109300582	0
4	109302368	109301722	0
4	109302644	109301722	0
4	109302658	109301808	0
4	109302753	109300582	0
4	109357561	109347474	0
4	109362787	109357042	0
4	109362787	109357278	0
4	109382420	109362751	0
4	109396280	109362751	0
4	109396280	109382248	0
4	109396280	109382394	0
4	109430761	109414257	0
4	109431747	109414257	0
4	109431747	109429962	0
4	109431747	109430579	0
4	1096840	1090781	0
4	1096840	1093307	0
4	109684647	109685250	0
4	109691010	109688621	1
4	109691010	109688741	1
4	109691010	109688901	1
4	109691010	109689216	1
4	109691010	109689262	1
4	109694590	109690849	0
4	109694701	109690849	0
4	109694701	109690877	0
4	109694702	109690849	0
4	109696487	109694523	0
4	109696487	109694524	0
4	109696496	109694524	0
4	109697769	109694580	0
4	109703420	109694524	0
4	109717714	109709988	0
4	109717714	109713915	0
4	109717714	109713916	0
4	109717714	109714261	0
4	109718760	109717547	0
4	109718762	109717547	0
4	109729957	109717547	0
4	109742596	109718682	0
4	109742596	109740693	0
4	109742596	109740695	0
4	109742596	109740723	0
4	109746293	109741875	0
4	109746503	109742490	0
4	109749603	109740712	0
4	109764691	109761516	0
4	109766825	109764358	0
4	109766825	109764536	0
4	109794426	109766774	0
4	109801979	109766553	0
4	109801986	109766553	0
4	109802000	109766553	0
4	109802052	109766553	0
4	109802180	109766553	0
4	1099861	1096764	0
4	1099928	1096764	0
4	110011309	110012125	0
4	110059755	110045845	0
4	110059755	110049386	0
4	110059755	110051669	0
4	110059755	110051725	0
4	110060040	110051693	0
4	110093135	110059602	0
4	110093135	110059644	0
4	110105629	110059602	0
4	110105629	110059649	0
4	1101559	1100015	0
4	110198367	110197890	10
4	110198368	110105496	0
4	110198551	110105496	0
4	110198677	110105496	0
4	110513540	110512487	0
4	110561531	110563102	0
4	110563236	110564796	0
4	110604274	110603360	0
4	110615459	110595512	0
4	110620717	110618464	0
4	110621370	110617422	0
4	110621370	110617423	0
4	110621370	110617425	0
4	110621370	110617427	0
4	110621370	110618208	0
4	110621370	110618585	0
4	110621735	110621163	0
4	110622368	110621163	0
4	110623052	110620276	0
4	110623078	110621163	0
4	110623099	110621163	0
4	110632481	110621163	0
4	110633009	110621163	0
4	1107345	1100912	0
4	1108405	1096462	0
4	1108405	1096764	0
4	1108405	1099715	0
4	1113516	1096764	0
4	1113541	1096764	0
4	1116411	1115196	0
4	1116411	1115262	0
4	1117274	1116263	0
4	111809695	111804417	0
4	111829051	111826880	0
4	112072699	111828926	0
4	112281774	112277758	0
4	112285904	112274541	0
4	1123165	1117147	0
4	1123175	1116263	0
4	1123259	1117147	0
4	112425752	112426466	0
4	112516173	112513515	0
4	112540125	112539332	0
4	112540125	112539335	0
4	112540125	112539338	0
4	112540125	112539343	0
4	112540125	112539428	0
4	112547409	112541091	0
4	112562486	112560732	0
4	112563275	112562272	0
4	112563275	112562370	0
4	112581803	112563130	0
4	112589875	112587279	0
4	112603698	112589629	0
4	112603698	112589723	0
4	112606092	112587279	0
4	112606092	112603523	3
4	112607938	112605559	0
4	112609430	112606007	0
4	112612589	112609378	0
4	112612589	112610706	0
4	112619691	112612523	0
4	112620191	112617439	6
4	112620191	112619517	1
4	112620191	112619524	1
4	112623877	112620001	0
4	112623877	112620112	0
4	112623978	112620001	0
4	112644489	112644667	0
4	112646672	112646790	0
4	112647468	112646722	0
4	112648600	112646475	0
4	112648700	112647414	0
4	112648704	112646724	0
4	112650052	112648512	0
4	112706811	112693046	0
4	112798692	112797049	0
4	112882331	112880297	0
4	113034029	113031286	0
4	113034795	112979589	0
4	113071963	113034682	0
4	113217171	113214259	0
4	113355759	113356656	0
4	113357241	113357242	0
4	113455822	113454086	2
4	113455822	113454104	2
4	113457564	113451031	1
4	113457564	113452960	1
4	113457564	113455725	1
4	113457564	113455754	2
4	113460242	113451031	0
4	113460242	113456608	0
4	113460242	113457182	0
4	113460242	113457187	0
4	113460242	113457290	0
4	113460242	113457330	0
4	113460242	113457334	0
4	113465605	113460146	0
4	113759415	113661712	0
4	113759415	113754738	0
4	113761069	113759319	0
4	113761131	113759319	0
4	113761184	113759319	0
4	113761219	113759319	0
4	113761417	113759319	0
4	113761446	113759319	0
4	113761452	113759114	0
4	113761564	113759319	0
4	113761928	113759319	1
4	113906746	113902351	0
4	113970511	113903504	0
4	113970511	113946191	0
4	113979093	113906664	0
4	113979702	113900283	0
4	11428598	11399757	0
4	11429565	11399757	0
4	11429766	11393149	0
4	114829893	114827762	0
4	114829893	114827772	0
4	114829893	114827785	0
4	114935335	114870767	0
4	114937504	114935047	0
4	114937504	114935205	0
4	1153727	1123114	0
4	116196738	115922014	0
4	116196738	116096290	0
4	116427421	116425982	0
4	116490152	116489363	0
4	116491201	116490075	0
4	116501763	116490073	0
4	1170577	1166931	0
4	1170577	1166936	0
4	1171071	1169762	0
4	1171191	1170401	0
4	1171487	1170998	0
4	1171626	1171028	3
4	1172075	1171262	0
4	1172075	1171380	0
4	1172299	1171382	0
4	1172680	1171753	0
4	1172680	1171851	0
4	1172680	1171878	0
4	1172680	1172021	4
4	1172680	1172048	4
4	1172685	1171851	0
4	1172685	1171888	0
4	1172685	1171999	4
4	1172685	1172024	6
4	1172846	1171525	0
4	1172874	1171851	0
4	1173128	1172543	0
4	117315234	117314596	0
4	1173171	1172543	0
4	1173212	1172543	0
4	117372472	117372595	0
4	11743247	11740947	0
4	117571893	117572033	0
4	1179542	1171851	0
4	1179542	1172543	0
4	1179542	1172574	0
4	118278793	118278943	77
4	118278793	118279106	90
4	118279138	118279388	0
4	118283112	118280037	0
4	118295062	118282830	0
4	118295857	118282938	2
4	118306004	118303277	0
4	118308578	118298732	0
4	118313277	118308435	0
4	118313398	118308435	0
4	118316324	118312945	0
4	118316324	118313200	0
4	118673594	118664086	0
4	118673594	118673108	0
4	118684467	118680488	0
4	118684468	118680488	0
4	118685304	118684407	0
4	118685342	118684407	0
4	118728651	118722822	0
4	118728651	118722829	0
4	118728651	118723023	3
4	118728848	118723520	0
4	118731508	118728560	0
4	118732913	118731315	0
4	118733316	118729121	0
4	118736570	118732732	0
4	118738380	118732732	0
4	118738380	118735726	0
4	118738380	118736028	0
4	118738380	118736551	0
4	118739224	118738103	0
4	118739288	118738260	0
4	118744159	118740940	0
4	118745061	118743987	0
4	118745061	118744073	0
4	118752889	118751995	0
4	118754121	118752696	0
4	118757846	118752696	0
4	118757846	118752745	0
4	118764918	118757720	0
4	118764918	118760390	0
4	118766564	118764801	0
4	118766824	118764801	0
4	118768248	118764412	0
4	118768312	118764801	0
4	118797811	118768172	0
4	118805955	118797682	0
4	118815727	118815027	0
4	118816851	118815450	0
4	118817413	118815450	0
4	118817413	118815626	0
4	118824750	118815450	0
4	118833738	118824619	0
4	118833738	118825440	0
4	118836139	118833578	0
4	118836172	118833578	0
4	118836615	118833578	0
4	118838654	118833276	0
4	118838671	118833578	0
4	118838673	118833578	0
4	118838684	118833578	0
4	119032028	119037111	0
4	119195569	119192772	0
4	119195569	119193687	0
4	119195842	119195392	0
4	119212645	119195392	0
4	119217674	119220115	0
4	119300734	119296418	0
4	119300922	119298698	0
4	119319644	119317249	0
4	119410290	119407966	1
4	119412543	119410231	0
4	119434976	119431836	0
4	119441053	119440560	1
4	119441055	119434739	0
4	119442218	119440559	0
4	119450151	119448827	0
4	119450158	119444368	0
4	119454629	119449569	0
4	119454639	119450040	0
4	119494524	119497661	0
4	119494524	119497810	1
4	119501254	119494394	1
4	119501254	119494396	1
4	119501254	119498540	2
4	119502656	119500822	0
4	119502656	119501169	1
4	119504600	119502389	0
4	119504600	119502580	0
4	119507705	119505854	0
4	119511135	119507603	0
4	119511135	119507652	0
4	119519100	119511046	0
4	119519140	119511046	0
4	119519140	119517059	0
4	119519643	119511046	0
4	119521061	119519044	0
4	119521061	119519078	0
4	119525696	119520934	0
4	119525696	119520999	0
4	119539020	119525548	0
4	119539020	119538780	0
4	119539099	119525548	0
4	119552638	119542458	0
4	119553747	119552440	0
4	119553747	119552549	0
4	119596613	119567072	0
4	119607298	119596522	0
4	119607298	119596525	0
4	119800281	119799095	0
4	119800763	119799088	0
4	120040616	120035032	0
4	120060978	120055607	19
4	120060978	120059436	0
4	120060978	120059827	0
4	120061037	120059827	0
4	120065819	120060873	0
4	120065819	120061974	0
4	120066822	120065450	0
4	120066834	120065671	0
4	120066859	120060873	0
4	120067075	120065671	0
4	1201358	1199612	0
4	1201463	1179447	0
4	1201463	1199027	0
4	1205089	1201268	0
4	1205095	1199926	0
4	1205117	1201268	0
4	120710412	120684918	0
4	120710414	120691914	0
4	120710414	120694822	0
4	120710414	120695110	0
4	120710414	120695157	0
4	120785092	120781142	0
4	120798425	120784997	0
4	120798425	120785023	0
4	120798425	120785030	0
4	120811450	120799660	0
4	1208146	1179447	0
4	120816575	120811369	0
4	120816575	120812550	0
4	120816925	120811369	0
4	120816925	120816452	0
4	120818528	120811369	0
4	120818528	120816062	0
4	120818528	120816452	0
4	120818528	120816831	0
4	120821177	120818352	0
4	120821346	120818352	0
4	120821349	120818170	0
4	1208368	1172586	0
4	1208378	1204981	0
4	120853541	120821170	0
4	120853541	120837344	0
4	1208829	1196826	0
4	1208839	1179447	0
4	1208847	1179447	0
4	1208963	1179447	0
4	1208963	1204981	0
4	120896659	120895493	0
4	120907558	120853417	0
4	120907558	120885504	0
4	121038182	121037083	0
4	121040055	121035612	0
4	121040055	121037535	0
4	121040055	121037620	0
4	121072002	121045649	0
4	121072519	121045649	0
4	121073022	121045649	0
4	121136686	121132391	0
4	121138685	121131407	0
4	121138685	121136584	0
4	121138685	121137448	0
4	121141915	121132039	0
4	121141915	121132282	0
4	121141915	121132536	0
4	121154680	121150102	0
4	121157244	121154237	0
4	121157244	121154550	0
4	121157284	121154550	0
4	121216501	121182675	0
4	1213031	1211447	7
4	1213031	1211684	1
4	1213031	1212181	0
4	1213031	1212274	1
4	1213051	1211913	3
4	121330524	121329311	0
4	121330524	121329313	0
4	121340611	121336806	0
4	1213606	1212912	1
4	1213755	1212912	0
4	121380648	121340451	0
4	121380680	121340451	0
4	121381060	121340132	0
4	121381060	121340451	0
4	1214463	1213477	0
4	1214474	1213477	0
4	1216206	1213477	0
4	1216206	1214190	0
4	1216206	1214342	0
4	1216206	1214420	0
4	1216408	1213990	0
4	121669725	121667954	0
4	121669725	121668026	0
4	121669725	121668075	0
4	121669725	121668245	0
4	121670013	121669311	0
4	121670013	121669601	0
4	121671643	121669953	0
4	121672559	121671546	0
4	121672627	121671546	0
4	121672627	121671617	0
4	121678495	121677893	0
4	121681762	121677893	0
4	121681762	121678351	0
4	121681762	121678414	0
4	121681762	121678453	0
4	121683478	121681361	0
4	121683478	121681555	0
4	121683478	121681670	0
4	121686373	121678414	0
4	121761696	121758929	0
4	121761696	121758932	0
4	121761696	121759363	0
4	121761893	121758932	0
4	121761893	121760248	0
4	121761893	121761537	0
4	121762796	121761829	0
4	121762799	121761537	0
4	121762799	121761555	0
4	121762799	121761829	0
4	121763873	121761829	0
4	121763873	121762621	0
4	121763873	121762726	0
4	121764761	121763763	0
4	121765128	121763763	0
4	121765186	121763763	0
4	121765362	121763763	0
4	121765428	121763763	0
4	121814048	121815349	1
4	121814048	121816143	2
4	121814048	121816368	5
4	121816195	121816368	22
4	121816448	121816771	143
4	121818178	121816443	20
4	121818178	121816444	20
4	121825994	121824923	9
4	121828270	121824439	0
4	121828270	121825847	0
4	121828506	121827726	0
4	121828506	121828145	0
4	121855562	121854703	0
4	121859024	121855429	0
4	121859179	121855488	0
4	121861680	121858602	0
4	121861680	121858991	2
4	121863280	121861293	0
4	121863280	121861503	0
4	121882430	121879026	0
4	121882430	121879027	0
4	121882430	121879715	0
4	121882430	121879735	0
4	121933039	121925017	0
4	121933043	121925017	0
4	121933114	121930770	0
4	121933458	121925017	0
4	121950875	121932759	0
4	121951755	121932270	0
4	122224678	122226706	0
4	122379116	122379371	0
4	122453854	122451469	0
4	122453854	122451717	0
4	1225390	1215990	0
4	1225396	1221457	1
4	1225567	1215990	0
4	1225567	1216085	0
4	1225567	1216174	0
4	1225567	1223419	0
4	122612929	122610107	0
4	122612929	122612282	0
4	122615838	122612709	0
4	122615838	122612850	0
4	122730956	122730547	0
4	122731684	122729163	0
4	122731684	122730834	0
4	122732194	122729580	0
4	122732194	122731573	0
4	122732462	122730145	0
4	122732462	122730819	0
4	122732475	122732051	0
4	122732483	122728531	0
4	1228285	1215990	0
4	1228344	1225350	0
4	1228344	1225359	0
4	1228344	1225437	0
4	122884713	122881877	0
4	122890086	122888696	0
4	122892689	122889970	0
4	122897679	122892574	28
4	122897679	122892643	28
4	122897679	122892649	28
4	122897679	122892740	33
4	122912624	122892645	0
4	122912624	122897525	0
4	122912624	122897623	0
4	122922443	122897623	0
4	123745390	123744922	0
4	1237523	1237102	0
4	1238338	1228198	0
4	1238338	1235752	0
4	1241464	1238182	0
4	1241520	1238182	0
4	124188209	124149376	0
4	1241924	1234686	0
4	124504411	124499941	0
4	124672535	124664051	55
4	124672535	124667358	88
4	1249119	1228198	0
4	1249138	1238182	4
4	1249703	1250110	23
4	1249954	1238182	11
4	1250351	1250895	14
4	125683669	125681176	0
4	126106924	126106138	0
4	127073891	127043429	0
4	127106772	127096890	0
4	127194494	127097097	0
4	127401761	127194378	0
4	127411435	127401725	0
4	127457673	127401725	0
4	127685570	127687740	0
4	127883358	127883438	0
4	127919339	127917803	3
4	127919339	127918294	7
4	127920601	127919238	7
4	127920837	127917824	5
4	127920837	127917888	5
4	127920837	127917897	5
4	127920837	127919193	9
4	127920837	127919238	7
4	127921199	127919290	6
4	127921772	127917731	2
4	127921772	127917798	2
4	127921772	127917813	2
4	127921772	127917819	2
4	127921772	127917824	2
4	127921772	127917826	2
4	127921772	127917834	2
4	127921772	127917845	2
4	127921772	127917848	2
4	127921772	127917851	2
4	127921772	127917859	2
4	127921772	127917861	2
4	127921772	127917888	2
4	127921772	127919214	3
4	127921772	127919312	2
4	127921772	127920218	0
4	127921772	127920219	0
4	127921772	127920253	0
4	127921772	127920264	0
4	127921772	127920301	0
4	127921772	127920321	0
4	127921772	127920339	0
4	127921772	127920452	0
4	127921772	127920456	0
4	127921772	127920556	1
4	127921772	127920655	2
4	127921772	127921117	0
4	127921964	127917824	0
4	127921964	127917932	1
4	127921964	127917959	1
4	127921964	127920556	0
4	127921964	127920617	0
4	127921964	127921523	0
4	127921983	127921523	0
4	127921990	127921356	0
4	127930710	127921523	0
4	127930818	127917924	0
4	127930818	127920056	0
4	127930818	127920188	0
4	127930818	127920556	0
4	127930818	127920627	0
4	127930818	127921466	0
4	127930818	127921523	0
4	127930818	127921859	0
4	127933094	127921925	0
4	127933094	127930682	0
4	127933238	127930672	0
4	127933714	127930682	0
4	127934663	127932984	0
4	127938837	127932421	0
4	127938837	127932984	0
4	127938839	127932318	0
4	127938839	127932339	0
4	127938839	127932369	0
4	127938839	127932663	0
4	127938839	127932914	0
4	127938839	127932984	0
4	127938839	127933017	0
4	127938839	127933064	0
4	127939401	127932984	0
4	127939602	127938782	0
4	127939887	127938782	0
4	127939998	127932984	0
4	127939998	127938782	0
4	127939998	127939480	0
4	127942048	127938782	0
4	127942159	127919780	0
4	127942159	127932984	0
4	127942159	127938782	0
4	127942159	127939079	0
4	127942159	127939778	0
4	127942159	127939852	0
4	127943993	127932984	0
4	127943993	127938782	0
4	127943993	127939852	0
4	127943993	127942044	0
4	127943993	127942070	0
4	127949847	127943751	0
4	127949848	127932984	0
4	127949848	127938782	0
4	127949848	127939852	0
4	127949848	127942044	0
4	127949848	127943390	0
4	127949848	127943751	0
4	127949848	127943755	0
4	127949848	127945334	0
4	127957591	127930687	0
4	127957593	127942044	0
4	127957593	127943751	0
4	127965154	127942044	0
4	128107314	128107882	11
4	128272518	128269236	1
4	128272518	128269241	1
4	128272518	128270611	0
4	128272518	128270704	0
4	128272518	128270870	0
4	128272518	128271358	0
4	128273062	128269255	0
4	128553417	128552589	0
4	128570532	128567971	0
4	128601401	128582998	0
4	128601408	128599438	0
4	12864962	12859100	0
4	128872323	128864920	0
4	128873244	128872204	33
4	128874467	128873105	27
4	128876637	128874414	0
4	128888775	128876506	0
4	128888775	128883992	0
4	128888775	128883996	0
4	128888775	128884345	0
4	128888775	128884389	0
4	128946153	128942995	0
4	128992238	128891058	0
4	129039097	128891058	0
4	129039097	129003740	0
4	129039097	129036594	2
4	129043468	129039040	0
4	129043468	129039192	0
4	129043468	129039229	0
4	129137874	129135925	0
4	129305023	129299174	0
4	12948671	12947573	0
4	129727034	129724170	0
4	129748458	129748116	0
4	129749721	129744307	0
4	130885642	130881026	0
4	131933649	131930030	0
4	132028435	132027174	0
4	132028482	132004809	0
4	132446496	132435801	0
4	132870518	132836771	0
4	132985809	132985509	0
4	1330004	1332756	0
4	133077456	133075310	0
4	133095951	133078337	0
4	133096827	133095884	0
4	133096884	133093859	0
4	133139034	133096735	0
4	133140660	133139825	0
4	133142783	133140580	0
4	133142783	133140585	0
4	13336807	13337036	0
4	13337451	13337887	0
4	133574955	133574565	0
4	1336995	1338421	2
4	1336995	1338425	3
4	13369966	13361353	0
4	13369966	13367723	0
4	13369966	13367724	0
4	13371868	13367724	0
4	13371868	13368500	0
4	13376623	13367723	0
4	13376623	13367724	0
4	1338618	1339073	0
4	133978045	133871245	0
4	134201749	134196332	0
4	134307724	134255172	0
4	134307724	134305401	0
4	134326641	134307563	0
4	134327450	134307540	0
4	134327471	134307540	0
4	134327474	134326545	4
4	13460829	13381490	0
4	13460829	13459862	0
4	13474407	13381490	0
4	134934132	134932888	0
4	135114820	135112904	0
4	135123560	135121267	0
4	135123738	135114699	0
4	13528247	13526318	0
4	13528247	13527291	0
4	13528303	13526361	0
4	13545051	13540829	0
4	13546965	13546074	0
4	13547802	13546075	0
4	13572843	13569505	0
4	13576992	13568737	0
4	13576992	13569785	0
4	13577632	13577402	0
4	13578202	13577402	0
4	135793016	135792383	0
4	13579974	13577581	0
4	13580067	13577580	0
4	13582311	13581131	0
4	13582737	13582229	0
4	13582737	13582236	0
4	135867905	135866982	0
4	135867907	135866989	0
4	135867907	135867002	0
4	136120139	136118674	0
4	13613662	13610933	0
4	13614811	13613505	1
4	13614811	13613511	1
4	136261451	136119849	0
4	136261451	136173198	0
4	13632600	13631819	0
4	136395472	136261408	0
4	13648401	13647696	0
4	136813732	136809068	0
4	136916227	136796721	0
4	137212800	137089560	0
4	137528642	137518917	0
4	137528642	137519702	0
4	137528642	137520837	0
4	137528642	137521372	0
4	137528642	137521506	0
4	137528818	137528477	0
4	137528821	137528477	0
4	137529552	137528566	0
4	137648460	137645264	0
4	137691329	137690476	0
4	138028703	138027421	0
4	138032517	138028592	0
4	138047978	138032451	0
4	138048607	138032172	0
4	138091040	138032353	0
4	138095421	138090942	0
4	138098273	138095283	0
4	138098514	138098158	0
4	138123793	138098189	0
4	138123793	138098452	0
4	138123793	138115450	0
4	138168819	138171532	15
4	138179395	138164096	0
4	138179395	138171843	0
4	138281785	138277114	0
4	138312659	138298855	0
4	1383941	1385867	0
4	1385440	1385867	0
4	138665570	138664724	0
4	138821466	138819953	0
4	138845374	138819959	0
4	138937982	138845228	0
4	138996021	138819956	0
4	139060596	139028111	0
4	139060675	139057219	5
4	139060675	139057716	12
4	139060675	139057854	4
4	139060675	139058718	0
4	139062058	139060323	0
4	139062058	139060478	0
4	139062058	139060600	0
4	139067771	139061864	0
4	139067771	139061866	0
4	139067771	139061936	0
4	139072004	139061864	0
4	139072004	139066009	0
4	139072004	139067683	0
4	139072040	139061864	0
4	139072040	139067683	0
4	139072221	139067683	0
4	139073568	139061864	0
4	139073568	139067683	0
4	139116808	139101590	0
4	139125330	139073453	0
4	139137868	139125163	0
4	139139477	139137629	0
4	139139498	139136770	0
4	139139498	139137629	0
4	139177200	139139412	0
4	139177219	139139412	0
4	139268766	139266162	0
4	139268766	139266879	0
4	139292610	139275288	0
4	139292610	139289916	0
4	139292610	139289937	0
4	139292610	139289952	0
4	139292610	139290030	0
4	139295147	139292529	0
4	139295816	139295042	0
4	139295961	139295042	0
4	139295961	139295117	0
4	139296368	139295731	0
4	139297444	139295731	0
4	139301205	139295731	0
4	139301211	139295731	0
4	139301421	139295731	0
4	139302527	139295731	0
4	139302552	139295731	0
4	139416013	139413815	0
4	139416013	139413823	0
4	139416147	139413801	0
4	139419924	139415936	0
4	139430885	139426842	0
4	139452498	139411926	0
4	139453777	139419869	0
4	139453956	139452356	0
4	139454035	139415936	0
4	139518043	139495940	0
4	139518043	139496088	0
4	139518043	139506035	0
4	139533367	139529030	0
4	139547050	139532578	0
4	139547050	139532581	0
4	139547050	139533164	0
4	139547050	139533230	0
4	139602758	139596607	0
4	139604483	139546919	0
4	139623233	139618135	0
4	139725836	139716752	0
4	139725836	139720211	0
4	139730668	139725750	0
4	139889278	139889182	0
4	139890968	139730415	0
4	140152970	139730415	0
4	140154185	139889356	0
4	140291530	140283723	0
4	140343470	140343620	0
4	140362819	140360811	0
4	140369351	140293260	0
4	140369351	140360681	0
4	140369351	140362709	0
4	140390729	140388454	0
4	140400550	140398850	0
4	140402067	140400356	0
4	140402067	140400511	0
4	140451518	140442261	0
4	140451518	140443197	0
4	140451518	140443217	0
4	140451518	140443420	0
4	140451518	140443432	0
4	140451518	140443435	0
4	140451518	140449955	0
4	140465010	140456588	0
4	140465010	140461928	0
4	140465010	140462489	0
4	140471822	140464895	0
4	140471822	140464944	0
4	140471822	140464980	0
4	140482486	140456588	0
4	140498371	140464895	0
4	140524281	140525419	0
4	140524662	140525419	0
4	140562374	140559433	0
4	140624220	140620764	1
4	1406332	1402931	0
4	140657227	140639329	0
4	140659706	140657526	0
4	140661964	140659416	0
4	140662108	140659587	0
4	140670927	140669633	0
4	140677102	140670593	0
4	140677102	140670719	0
4	140701615	140686343	0
4	140756121	140701503	0
4	140911355	140859806	0
4	140911355	140865570	0
4	140926074	140911052	0
4	140926074	140911143	0
4	140947737	140925976	0
4	140947737	140944548	0
4	141274441	141240738	0
4	141323563	141319449	0
4	141324913	141323470	0
4	141326008	141321128	0
4	141576078	141569930	0
4	142082186	142023159	0
4	142082186	142028032	0
4	142082186	142028744	0
4	142082186	142028955	0
4	142086257	142082030	0
4	142086257	142082052	0
4	142086257	142082068	0
4	142096194	142086143	0
4	142108191	142086143	0
4	142108191	142086178	0
4	142108191	142086185	0
4	142238012	142208895	0
4	142260565	142237863	0
4	142270775	142260491	0
4	142305538	142270662	0
4	142347557	142314711	0
4	142384117	142314711	0
4	142403010	142347373	0
4	142403055	142314711	0
4	142403055	142383815	0
4	142403055	142383961	0
4	142405261	142402937	0
4	142405325	142402937	0
4	142423818	142405304	0
4	142425264	142405224	0
4	142425264	142423779	0
4	142429218	142405205	0
4	142429218	142405208	0
4	142429218	142423695	0
4	142429218	142425206	0
4	142429218	142426480	0
4	142429218	142427451	0
4	142431260	142429172	0
4	142431386	142429172	0
4	142431386	142429191	0
4	142560670	142462662	0
4	142660897	142462662	0
4	142660897	142654511	0
4	142725902	142462662	0
4	142725902	142467956	0
4	142725902	142660776	0
4	142766820	142725838	0
4	142766853	142765873	0
4	142767662	142766737	0
4	142767970	142766737	0
4	142846291	142725838	0
4	142846301	142725838	0
4	142846302	142725838	0
4	142846332	142795151	0
4	142847433	142725838	0
4	142940246	142933194	0
4	143184830	143177659	0
4	143184862	142940088	0
4	143498127	143497411	0
4	143514636	143513471	0
4	143585994	143577301	0
4	143611528	143585843	0
4	143611528	143601818	0
4	143693203	143627613	0
4	143762094	143760398	0
4	14385357	14383122	0
4	143873476	143870895	0
4	143876856	143870866	0
4	143876856	143875312	0
4	143880510	143873356	0
4	143912450	143912539	0
4	14393622	14386092	0
4	143997559	143996103	0
4	143997635	143996103	0
4	143997635	143996105	0
4	143997635	143996152	0
4	143997635	143996196	0
4	143999450	143996103	0
4	143999450	143996141	0
4	143999450	143996196	0
4	143999450	143997338	0
4	143999450	143997539	0
4	144000476	143999410	0
4	144001284	143999255	0
4	144001284	143999410	0
4	144001284	144000059	0
4	144001284	144000382	0
4	144016885	144001184	0
4	144019288	144001184	0
4	144019303	144001184	0
4	144019325	143996196	0
4	144019325	143997539	0
4	144019325	143999410	0
4	144019325	144001184	0
4	144019325	144002570	0
4	144019325	144008391	0
4	144019334	144012447	0
4	144019338	144001184	0
4	144019340	144001184	0
4	144019346	144001184	0
4	14408093	14393458	0
4	144114768	144109302	0
4	144114768	144109303	0
4	144114768	144111038	0
4	144114768	144111054	0
4	144114768	144111343	0
4	144114768	144111344	0
4	144114768	144111349	0
4	144114768	144111354	0
4	144114768	144111366	0
4	144114768	144111393	0
4	144114906	144110918	0
4	144116940	144110850	0
4	144116940	144111354	0
4	144118753	144116853	0
4	144119782	144116853	0
4	144119782	144118713	0
4	144120589	144116853	0
4	144120589	144118563	0
4	144120589	144118713	0
4	144120589	144119362	0
4	144120589	144119685	0
4	144127909	144120489	0
4	144128036	144120489	0
4	144138244	144120489	0
4	144138341	144120489	0
4	144140636	144116853	0
4	144140636	144118713	0
4	144140636	144120489	0
4	144140662	144122871	0
4	144140673	144116853	0
4	144140673	144119685	0
4	144140675	144114688	0
4	144140675	144120489	0
4	144140675	144127877	0
4	144140694	144116853	0
4	144140694	144118713	0
4	144140694	144119685	0
4	144140694	144120489	0
4	144140698	144133040	0
4	144140752	144120489	0
4	144140787	144120489	0
4	144206182	144120489	0
4	144211014	144206020	0
4	144213118	144210772	0
4	144216175	144210700	0
4	144216175	144210776	0
4	144509379	144415902	0
4	144645468	144643223	0
4	144645988	144642921	0
4	144652777	144643371	0
4	144659740	144652701	0
4	144661358	144659614	0
4	144737893	144738718	0
4	144755286	144415902	0
4	14477407	14474084	0
4	14477459	14470464	0
4	14477459	14474086	0
4	144870954	144755156	0
4	144870954	144831907	0
4	144999295	144995160	0
4	145064693	144415902	0
4	145064693	144870860	0
4	145064693	144967111	0
4	145064693	144994574	0
4	145064693	144994999	0
4	145064693	144995157	0
4	145064693	144995454	0
4	145064693	144995455	0
4	145064693	144999256	0
4	145064693	145033044	0
4	145064693	145053678	0
4	145064693	145063985	0
4	145081751	144994924	0
4	145081751	144995195	0
4	145081751	145064571	0
4	145096112	145081542	0
4	145096112	145081588	0
4	145096112	145081659	0
4	145098217	145081659	0
4	145121234	145121332	0
4	145121392	145121603	0
4	145121392	145123020	0
4	145121814	145123020	0
4	145123358	145123477	0
4	145128125	145110837	0
4	145139992	145127945	67
4	145139992	145133648	0
4	145139992	145133689	9
4	145146430	145144310	0
4	145150700	145146093	0
4	145150700	145146266	0
4	145150700	145146373	0
4	145155997	145155410	0
4	145155997	145155568	0
4	145155997	145155812	0
4	145159636	145155935	0
4	145162722	145159136	0
4	145162722	145159502	0
4	145162722	145159519	0
4	145171712	145170768	0
4	145171721	145164153	0
4	145171721	145165150	0
4	145171721	145165191	0
4	145270559	145269809	0
4	145337314	145335262	0
4	145502972	145497072	0
4	145517119	145514614	0
4	145546172	145546702	0
4	145650625	145642335	0
4	145655417	145655417	0
4	14572247	14477346	0
4	145763123	145757626	0
4	145763123	145760728	0
4	145763123	145760737	0
4	145765056	145761128	0
4	145765166	145761281	0
4	145765166	145763089	0
4	145765739	145763089	0
4	145765739	145764688	0
4	145765739	145764978	0
4	145765739	145764987	0
4	145774563	145765546	0
4	145774668	145765546	0
4	145774673	145765546	0
4	145823526	145779373	0
4	145823526	145819837	0
4	145845993	145823421	0
4	145846014	145823421	0
4	145849562	145845955	0
4	145870479	145849321	0
4	145870479	145849350	0
4	145870768	145870244	0
4	145885749	145876495	0
4	145886159	145870244	0
4	145886159	145870300	0
4	146093969	146077845	0
4	146111474	146109454	0
4	146111474	146109456	0
4	146111474	146110822	0
4	146111706	146111158	0
4	146111718	146111310	0
4	146111751	146111310	0
4	146111751	146111429	0
4	146175812	146176167	68
4	146189782	146190080	97
4	146256937	146256490	0
4	146258838	146253974	0
4	146258838	146254931	0
4	146325997	146305925	0
4	146442822	146325960	0
4	146503904	146477878	0
4	146503925	146325960	0
4	146503925	146441665	0
4	146503925	146442317	0
4	146503925	146442324	0
4	146503925	146442782	0
4	146517121	146325960	0
4	146517121	146442782	0
4	146517121	146503848	0
4	146517121	146509912	0
4	146517121	146513901	0
4	146707549	146707032	0
4	146707552	146706637	0
4	146707552	146707027	0
4	146707552	146707028	0
4	146707552	146707031	0
4	146707552	146707168	0
4	146803686	146707484	0
4	146813031	146803475	0
4	146820249	146803456	0
4	146909250	146903543	0
4	146937678	146909025	0
4	146937678	146909222	0
4	146939902	146937593	0
4	146942685	146939803	0
4	146944351	146939816	0
4	146945078	146939803	0
4	146945829	146945030	0
4	146945833	146945030	0
4	146945834	146945030	0
4	146945880	146945030	0
4	146945883	146945030	0
4	14700782	14572146	0
4	14700782	14614279	0
4	14700782	14628755	0
4	147617246	147609551	0
4	147639083	147637784	2
4	147639083	147638384	0
4	147639294	147638680	0
4	147673127	147670640	0
4	147864957	147866711	0
4	148072180	148072357	15
4	148114262	148078761	0
4	148114262	148078764	0
4	148114262	148078768	0
4	148114262	148080192	0
4	148114262	148080866	0
4	148114262	148081343	0
4	148152614	148120157	0
4	148152614	148146587	0
4	148154845	148152416	0
4	148154902	148152468	0
4	148194863	148120157	0
4	148194863	148152468	0
4	148194863	148154550	0
4	148201133	148194745	0
4	148260118	148194745	0
4	148260118	148194770	0
4	148436863	148194745	0
4	14859617	14572146	0
4	148941778	148940948	0
4	148941843	148940940	0
4	149031311	149027444	0
4	149149781	149147801	0
4	149433558	149351902	0
4	149433558	149429921	0
4	149433558	149429931	0
4	149587998	149563691	0
4	149621245	149587929	0
4	149621245	149587989	0
4	149733509	149621128	0
4	149733509	149686377	0
4	149733509	149691737	0
4	149735459	149733243	0
4	149735459	149733340	0
4	149742740	149735375	0
4	149742740	149737613	0
4	14977557	14976899	0
4	149780325	149735375	0
4	149793717	149735375	0
4	149815349	149735375	0
4	149815349	149742654	0
4	149815349	149748692	0
4	149815349	149780230	0
4	14985377	14909960	0
4	15006571	15004941	0
4	15010573	15006446	0
4	15010573	15006470	0
4	15017882	15010492	0
4	150266442	150264696	0
4	150278005	150264530	0
4	150278005	150264658	0
4	150278005	150264660	0
4	150278005	150264664	0
4	150278005	150264667	0
4	150278005	150265025	0
4	150282647	150265565	0
4	150315624	150310228	0
4	150315635	150310228	0
4	150321369	150314722	0
4	150321369	150315560	0
4	150321384	150315560	0
4	150321384	150315610	0
4	150325899	150315560	0
4	150435709	150415437	0
4	150491036	150487731	0
4	150581723	150490917	0
4	150583997	150415437	0
4	150588185	150490917	0
4	150588185	150490956	0
4	15066398	15017801	0
4	150683718	150599006	0
4	150683964	150683602	0
4	150735367	150683550	0
4	150844208	150831816	0
4	150844208	150840539	0
4	151014862	150928833	0
4	151015268	151014426	0
4	151015278	151014426	0
4	151015285	151012804	0
4	151015728	151012828	0
4	151015728	151014426	0
4	151103042	151104176	1
4	151103080	151104176	1
4	151103080	151104184	1
4	151120812	151102750	0
4	151127716	151120278	0
4	151127716	151120280	0
4	151127716	151120283	0
4	151127716	151120286	0
4	151127716	151121819	0
4	151137863	151135073	0
4	151139848	151137731	0
4	151139848	151137732	0
4	151144051	151139774	0
4	151144405	151139774	0
4	151175293	151170532	0
4	151175553	151159239	0
4	151175675	151165588	0
4	151175696	151165588	0
4	151176688	151165588	0
4	151176688	151174669	0
4	151176956	151174669	0
4	151176956	151176524	0
4	151176956	151176533	0
4	151176956	151176556	0
4	151176956	151176618	0
4	151176956	151176624	0
4	151266247	151226046	0
4	151325633	151226046	0
4	151353225	151333774	0
4	151408836	151407550	0
4	151672897	151670503	0
4	151672897	151670848	0
4	151672897	151670862	0
4	151672897	151670887	0
4	151672897	151670943	0
4	151672897	151671135	0
4	151675889	151670837	0
4	151679892	151672761	0
4	151688764	151672761	0
4	151688764	151679812	0
4	151691725	151688629	0
4	151701457	151688629	0
4	151701519	151688629	0
4	151701519	151688736	0
4	151703896	151688629	0
4	151703896	151701328	0
4	151703896	151701395	0
4	151705270	151703178	0
4	151705270	151703341	0
4	151705270	151703850	0
4	151708102	151705184	0
4	151708102	151705229	0
4	151724481	151716875	0
4	151758923	151719424	0
4	151758923	151721945	0
4	151888579	151887542	0
4	151906122	151904931	0
4	152147083	152146384	0
4	152225400	152222467	0
4	152225451	152207420	0
4	15227961	15066257	0
4	152309984	152308282	0
4	152324395	152320543	0
4	152324395	152321257	0
4	152324395	152321262	0
4	152324395	152322818	0
4	152324437	152322874	0
4	152326232	152324183	0
4	152328390	152326005	0
4	152328390	152326221	0
4	152329074	152322818	0
4	152337937	152332595	0
4	152347072	152337801	0
4	152348807	152346929	0
4	152350125	152346811	0
4	152350125	152346929	0
4	152411873	152350041	0
4	152411879	152350041	0
4	152412530	152411159	0
4	152412530	152411302	0
4	152412530	152411592	0
4	152412607	152411328	0
4	152535034	152412479	0
4	152535034	152451659	0
4	152535034	152530272	0
4	152535242	152411592	0
4	152535242	152412479	0
4	152536064	152411302	0
4	152552365	152551276	0
4	15263465	15017801	0
4	152640986	152618631	0
4	152640986	152639772	0
4	152641426	152628248	0
4	152652577	152644414	0
4	152652577	152646557	0
4	152680013	152652666	0
4	152680166	152652666	0
4	152779765	152769353	0
4	15361278	15358140	0
4	153702511	153702891	0
4	153703129	153704850	0
4	153712577	153710124	0
4	153715663	153712474	0
4	153715663	153712482	0
4	153720305	153713082	0
4	153720305	153715528	0
4	153723459	153720183	0
4	153723459	153720269	0
4	153728362	153723350	0
4	153728362	153723399	0
4	153745728	153723350	0
4	153748750	153745668	0
4	153748787	153723350	0
4	153748787	153728206	0
4	153748828	153723350	0
4	153748828	153728206	0
4	153748828	153745668	0
4	153751448	153748644	0
4	153751476	153723350	0
4	153751476	153728206	0
4	153751476	153748404	0
4	153751476	153748535	0
4	153751476	153748644	0
4	153759998	153728206	0
4	153785945	153780591	0
4	15420033	15362413	0
4	154239303	154231741	0
4	154239303	154232036	0
4	154255671	154242641	0
4	154259757	154255518	0
4	154259757	154255608	0
4	154270014	154259544	0
4	15427915	15263396	0
4	154298709	154269899	0
4	154304879	154297850	0
4	154328193	154322330	0
4	154328193	154322644	0
4	154333495	154329522	0
4	154333495	154331582	0
4	154334977	154333269	0
4	154335105	154332477	0
4	154335105	154333055	0
4	154343647	154334867	0
4	154352509	154334867	0
4	154354818	154334867	0
4	154366442	154334867	0
4	154373956	154366209	0
4	154377445	154366209	0
4	154377445	154373919	0
4	154491335	154486442	0
4	154491717	154377252	0
4	154495571	154377252	0
4	154537480	154535005	1
4	154537480	154536520	0
4	154537480	154536618	0
4	154537543	154536431	0
4	154538109	154536599	0
4	154539185	154537968	1
4	154539214	154537285	0
4	154539214	154537968	0
4	154540054	154539104	0
4	154540273	154539013	0
4	154540696	154539950	0
4	154540935	154540593	0
4	154540935	154540670	0
4	154540937	154540593	0
4	154542280	154540784	0
4	154544547	154541957	0
4	154544547	154542186	0
4	154544547	154542230	0
4	154545924	154544444	0
4	154545955	154544444	0
4	154546214	154545835	0
4	154547065	154545835	0
4	154547065	154545852	0
4	154547065	154546122	0
4	154547065	154546149	0
4	154547854	154546122	0
4	154547854	154546542	0
4	154547854	154547010	0
4	154547854	154547037	0
4	154548936	154547481	0
4	154548936	154547710	0
4	154565236	154565807	0
4	154586919	154583125	0
4	154586919	154585280	0
4	154587658	154585259	0
4	154587658	154585537	0
4	154587658	154586785	0
4	154605067	154604133	0
4	154605067	154604164	0
4	154605067	154604172	0
4	154606983	154604170	0
4	154606983	154604575	0
4	154606983	154604609	0
4	154606983	154604896	0
4	154608651	154606704	0
4	154609764	154608465	0
4	154609764	154608638	0
4	154609788	154608465	0
4	154609844	154608465	0
4	154610198	154608465	0
4	154610198	154609629	0
4	154611899	154609629	0
4	154611899	154609942	0
4	154611899	154610066	0
4	154612168	154611804	0
4	154612202	154611235	0
4	154612202	154611804	0
4	154612436	154611804	0
4	154612436	154611972	0
4	154612436	154612017	0
4	154612612	154612390	0
4	154612636	154612390	0
4	154612644	154612390	0
4	154612649	154612390	0
4	154612657	154611838	0
4	154612657	154612390	0
4	154612660	154612017	0
4	154612798	154612390	0
4	154612850	154612390	0
4	154612968	154612390	0
4	154744223	154744325	6
4	154761042	154754755	0
4	154781874	154770280	0
4	155208177	155206528	0
4	155208177	155207165	0
4	155287137	155286161	0
4	155352687	155349670	0
4	155352729	155342657	0
4	155352729	155347740	0
4	155353058	155352595	0
4	155353058	155352683	0
4	155353341	155352911	0
4	155355161	155353178	0
4	155355161	155353252	0
4	155357520	155355070	0
4	155357520	155355715	0
4	155360344	155357448	0
4	155360416	155357448	0
4	155362142	155357448	0
4	155362142	155360167	0
4	155368810	155362047	0
4	155368813	155362047	0
4	155373457	155362047	0
4	155373457	155368165	0
4	155373457	155368585	0
4	155375022	155372995	0
4	155375022	155373135	0
4	155375915	155374936	0
4	155375915	155375003	0
4	155376886	155374936	0
4	155384103	155383106	0
4	155456982	155456637	0
4	155696850	155696934	0
4	155831916	155829728	0
4	155866274	155863447	0
4	155928429	155924117	0
4	15612415	15604538	0
4	15612415	15605005	0
4	15625978	15612012	0
4	15625978	15612265	0
4	15636677	15630665	0
4	15638695	15636372	0
4	15638695	15636493	0
4	15638695	15636589	0
4	15640884	15638507	0
4	15640884	15638538	0
4	15640884	15638548	0
4	15640884	15638689	0
4	15641628	15640787	0
4	15644650	15638507	0
4	15644658	15640787	0
4	15644679	15640787	0
4	15644709	15640787	0
4	15644709	15640840	0
4	15644709	15640848	0
4	15655296	15640787	0
4	15659865	15644492	0
4	15659868	15644492	0
4	15659923	15656228	0
4	156636607	156634493	0
4	156642308	156634497	0
4	156767877	156762802	0
4	156767991	156760453	0
4	156767991	156761613	0
4	156767991	156762947	0
4	156767991	156763089	0
4	156767991	156767772	11
4	156772894	156767772	0
4	156772894	156767781	0
4	156772894	156767961	0
4	156772894	156770181	0
4	156773718	156772685	0
4	156774479	156772685	0
4	156778310	156772685	0
4	156810892	156772685	0
4	156811018	156772685	0
4	15681555	15659726	0
4	15681568	15644492	0
4	15681620	15644492	0
4	15681680	15659730	0
4	156836008	156772788	0
4	156850273	156810952	0
4	156850417	156810836	0
4	156850417	156835914	0
4	15686463	15686931	30
4	15686463	15687000	31
4	15686463	15688550	58
4	15687149	15688550	48
4	156970904	156850220	0
4	156970966	156967328	0
4	156971316	156861428	0
4	156971395	156850220	0
4	157220726	157220907	0
4	157334121	157335670	0
4	157360750	157361009	0
4	157572576	157572673	0
4	157969616	157968411	0
4	1580254	1574061	0
4	158131013	158124473	0
4	158131013	158124603	0
4	158131013	158124853	0
4	158131013	158127521	0
4	158131013	158127544	0
4	158155749	158130785	0
4	158155826	158130785	0
4	158155826	158130799	0
4	158170348	158155610	0
4	158170379	158155610	0
4	158171600	158155610	0
4	158171600	158170246	5
4	158172737	158170465	0
4	158173024	158155610	0
4	158173047	158168353	0
4	158173051	158170465	0
4	158173319	158171348	0
4	158200443	158199104	0
4	158210587	158211452	0
4	158210587	158211458	0
4	158210587	158211532	0
4	158210587	158212060	0
4	158211336	158211452	0
4	158211575	158212060	0
4	158495057	158490765	0
4	15865575	15864937	0
4	158671893	158666683	0
4	158672047	158666678	0
4	158672256	158668924	0
4	158710671	158709133	1
4	158710671	158709760	0
4	158710822	158709941	0
4	158710849	158710627	0
4	158833629	158833800	0
4	158833629	158835404	0
4	158833891	158835404	0
4	158915360	158893133	0
4	158915360	158893543	0
4	158937548	158915179	0
4	158960345	158915169	0
4	158973312	158915169	0
4	159035182	158973078	0
4	159038761	158973078	0
4	15938472	15935568	0
4	15963237	15960242	0
4	15964424	15963075	0
4	15969310	15960247	0
4	15969369	15964247	0
4	15971083	15968225	0
4	15971083	15968227	0
4	15971083	15968229	0
4	15971083	15968233	0
4	15971083	15969091	0
4	15971083	15969227	0
4	15971946	15968229	0
4	159745809	159666502	0
4	15985791	15984262	0
4	15985829	15984262	0
4	15985829	15985510	0
4	16006691	16000495	0
4	16006691	16003266	0
4	16018541	16016165	0
4	16023416	16018300	0
4	16023416	16018322	0
4	16075779	16055236	0
4	16076119	16038945	0
4	16076654	16075863	0
4	16076654	16075974	0
4	16076654	16075998	0
4	16078304	16076440	0
4	16078304	16076565	0
4	16079415	16076427	0
4	16080701	16076427	0
4	16082186	16076058	0
4	16082609	16076427	0
4	16083466	16075733	0
4	16083466	16075785	0
4	16083702	16075686	0
4	16083733	16075686	0
4	16084379	16075686	0
4	161455129	161383896	0
4	161455129	161383898	0
4	161455129	161385746	0
4	161500075	161495135	0
4	161500135	161481019	0
4	161542694	161538165	0
4	161552578	161542602	0
4	161587576	161542531	0
4	16166794	16160504	0
4	16166794	16163260	0
4	16166794	16163295	0
4	16166794	16163367	0
4	16166873	16163251	0
4	16170730	16166632	0
4	16174273	16166632	0
4	16174273	16166672	0
4	16174549	16166632	0
4	16176229	16174669	0
4	16176791	16176150	0
4	16179658	16176118	0
4	16186605	16179392	0
4	16186605	16179576	0
4	16186815	16179489	0
4	16186879	16186534	0
4	16188356	16186534	0
4	16188356	16186780	0
4	16190271	16188231	0
4	16191449	16188219	0
4	16191485	16188256	0
4	16191524	16188216	0
4	16191524	16188219	0
4	16191524	16188222	0
4	16191524	16188274	0
4	16191524	16190046	0
4	16196724	16191360	0
4	16202581	16191360	0
4	16202583	16196657	0
4	162111413	161920403	0
4	162111413	162033624	0
4	16213899	16202461	0
4	16213899	16202538	0
4	16226450	16190338	0
4	16226472	16202461	0
4	163133257	163126707	4
4	163133257	163128668	0
4	163133643	163129119	0
4	163137251	163110072	0
4	163137251	163133153	0
4	163137251	163135025	0
4	163158328	163156963	0
4	163164392	163148340	0
4	163325932	163324973	1
4	163325932	163325535	0
4	163326135	163325625	0
4	163326706	163323960	0
4	163326706	163325855	0
4	163326706	163326217	0
4	163331167	163326373	0
4	163332597	163326664	0
4	163332863	163325855	0
4	163333019	163326369	0
4	163344833	163326480	0
4	163545744	163524297	0
4	163545744	163524717	0
4	163545744	163526970	0
4	163545744	163527120	0
4	163545744	163528649	0
4	163585930	163545595	0
4	163585930	163555848	0
4	163612906	163583652	0
4	163613039	163585748	0
4	163613394	163585748	0
4	163613394	163612270	0
4	163613511	163612681	0
4	163613514	163585748	0
4	163613534	163585591	0
4	163613535	163585748	0
4	163700864	163613313	0
4	163700864	163613366	0
4	163854170	163700812	0
4	163854170	163700835	0
4	163854179	163700812	0
4	16387923	16360883	0
4	163988710	163854020	0
4	163988922	163700812	0
4	164111663	163854020	0
4	164111663	163988500	0
4	164111663	163988542	0
4	164111663	163988545	0
4	164111663	163988580	0
4	164111663	164055176	0
4	164234917	164111587	0
4	164330157	164111587	0
4	164383518	164111587	0
4	164383518	164129986	0
4	164383567	164111587	0
4	164383990	164111587	0
4	164384036	164111587	0
4	164384051	164111587	0
4	1644343	1640465	0
4	1644954	1641561	0
4	164754176	164754310	0
4	164895567	164896118	0
4	164896240	164896807	0
4	164939991	164938321	0
4	164955097	164954445	0
4	164970340	164954975	0
4	164976826	164969477	0
4	165007960	165007085	0
4	16505983	16501540	0
4	16507228	16501543	0
4	165085689	165070607	0
4	165085689	165078419	0
4	16508684	16502041	0
4	16508687	16501540	0
4	16508687	16501545	0
4	16508687	16502793	0
4	165088603	165085585	0
4	16512105	16501540	0
4	16512105	16508534	0
4	16512105	16508540	0
4	1655409	1617914	0
4	1655724	1639880	0
4	1655724	1640494	0
4	1655724	1640601	0
4	1655724	1644188	0
4	1657469	1654977	0
4	1657469	1655535	0
4	16586006	16511980	0
4	16586006	16511984	0
4	16586006	16512004	0
4	16588833	16585921	0
4	16588833	16585949	0
4	16588833	16585971	0
4	16588833	16585975	0
4	16595876	16588708	0
4	16595876	16588709	0
4	166509611	166388700	0
4	166737605	166733383	0
4	166737605	166733386	0
4	166737605	166733387	0
4	166737605	166734146	0
4	166737605	166734184	0
4	166737605	166734480	0
4	166737605	166734522	0
4	166737605	166734547	0
4	166737605	166734594	0
4	166737605	166734597	0
4	166737605	166734633	0
4	166754730	166741996	0
4	166792290	166754085	0
4	166792290	166754507	0
4	166792290	166754566	0
4	166792290	166754641	0
4	166889245	166754507	0
4	166889245	166792169	0
4	166889245	166792271	0
4	166889245	166882822	0
4	166912744	166889129	0
4	166912744	166889235	0
4	167000464	166889129	0
4	167000464	166912619	0
4	167000464	166912693	0
4	167011303	167000348	0
4	167062538	166792169	0
4	167062538	166889129	0
4	167062538	166912619	0
4	167062538	167000348	0
4	167062538	167000361	0
4	167234174	166792169	0
4	167234174	166889129	0
4	167234174	166912619	0
4	167234174	167000348	0
4	167308297	167306909	0
4	16752459	16595702	0
4	16752459	16741454	0
4	16752459	16750849	0
4	16759261	16595702	0
4	16759261	16674199	0
4	16759376	16595702	0
4	167948036	167946673	0
4	168220718	168216292	0
4	168221882	168220553	0
4	168221882	168220654	0
4	168236263	168225528	0
4	168236374	168225528	0
4	168237428	168236251	0
4	168237489	168236028	0
4	168252657	168250953	0
4	168255870	168252508	0
4	168255870	168252573	0
4	168262788	168261999	0
4	168263672	168262682	0
4	168265615	168262706	0
4	168267692	168262682	0
4	168306721	168302299	0
4	168308196	168306378	0
4	168308196	168306625	0
4	168361212	168356734	0
4	168361440	168358060	0
4	168391641	168384611	0
4	168391641	168390101	0
4	168391641	168390294	0
4	168391645	168384611	0
4	168394618	168384611	0
4	168396125	168391539	0
4	168396125	168394460	0
4	168396125	168394464	0
4	168396128	168394460	0
4	1683992	1668666	0
4	168400979	168394460	0
4	168400979	168395715	0
4	168400979	168395958	0
4	168400979	168396098	0
4	1684128	1668666	0
4	168415800	168415407	0
4	168416798	168415656	0
4	168416798	168415784	0
4	1684262	1668666	0
4	1684303	1668666	0
4	168462041	168457891	0
4	168471937	168461698	0
4	168471937	168461930	0
4	168471937	168462008	0
4	168471937	168468747	0
4	168471937	168470703	0
4	168472525	168471746	0
4	168472525	168471779	0
4	168476121	168472695	0
4	168480299	168472695	0
4	168480440	168475995	0
4	168480478	168472695	0
4	168480478	168475995	0
4	168480488	168472695	0
4	168480492	168472695	0
4	168480515	168472695	0
4	168490451	168476066	0
4	168490451	168489089	0
4	168530703	168492665	0
4	168536597	168506078	0
4	168598758	168598239	0
4	168648345	168647895	0
4	168832938	168828918	0
4	168864587	168863769	0
4	168894766	168863792	0
4	168894766	168864371	0
4	169002206	168894569	0
4	169002206	168987589	0
4	169005915	169001574	0
4	169006789	169002070	0
4	169006892	169001168	0
4	169006892	169002070	0
4	169006892	169005884	0
4	169007757	169006754	0
4	169007757	169006801	0
4	169009000	169007635	0
4	169009055	169007640	0
4	169010081	169007635	0
4	169010255	169007635	0
4	169010259	169006754	0
4	169010259	169007635	0
4	169107206	169094255	0
4	169116631	169106846	0
4	169117783	169116268	0
4	169269094	169156403	0
4	169269308	169156403	0
4	169269958	169268975	0
4	169270850	169268913	0
4	169271106	169268819	0
4	169400358	169392856	0
4	169400358	169393274	0
4	169400358	169393280	0
4	169400358	169393389	0
4	169400358	169393394	0
4	169400358	169394227	0
4	1694841	1692799	0
4	1694841	1692857	0
4	1694841	1693243	0
4	1694841	1693446	0
4	169555852	169537808	0
4	169556096	169537808	0
4	169556096	169554042	0
4	169556096	169555719	0
4	169577080	169562136	0
4	169580903	169576603	0
4	169580903	169576927	0
4	169585500	169580841	0
4	169585550	169580841	0
4	169587614	169585348	0
4	1696352	1694773	1
4	169697280	169697360	69
4	169731877	169729464	0
4	169732019	169729476	0
4	169750726	169748743	0
4	169753836	169750471	0
4	169753836	169750535	0
4	169923188	169917760	0
4	1699702	1696201	0
4	1699702	1696294	0
4	169975903	169942705	0
4	169995118	169992164	0
4	170002227	169992107	0
4	170003785	169986596	0
4	170006011	169986597	0
4	170006011	169994969	0
4	170006011	170005532	1
4	170006737	170004990	0
4	170006737	170005583	0
4	170006976	170005658	0
4	170026296	170005814	0
4	170026317	169991828	0
4	170026409	170005579	0
4	170026431	170005607	0
4	170032213	170005972	0
4	170032252	170031773	0
4	170061994	170060221	0
4	170061994	170060228	0
4	170070653	170069147	0
4	170073346	170070476	0
4	170073346	170070586	0
4	170073346	170070618	0
4	170078584	170073135	0
4	170078584	170073160	2
4	170078584	170073249	2
4	170142533	170141291	0
4	170604985	170581469	0
4	17060806	16973274	0
4	17073904	17060706	0
4	170743719	170742468	0
4	171055899	171056204	0
4	171056339	171057876	0
4	171298268	171289474	0
4	171564086	171552999	0
4	171604153	171602682	0
4	17172269	17171756	0
4	1717676	1715952	29
4	1717676	1716506	33
4	1717704	1716600	30
4	1717910	1716864	9
4	1718627	1715951	13
4	1718627	1717515	10
4	1718882	1718384	8
4	1720946	1718151	8
4	1721332	1718151	5
4	1721359	1718151	5
4	173164354	173131927	0
4	173166300	173164977	0
4	173166791	173144235	0
4	173166791	173166068	0
4	173166791	173166123	0
4	173326721	173322205	2
4	173332996	173331694	7
4	173332996	173331700	7
4	173333215	173332820	2
4	173333215	173332888	6
4	173333670	173331704	4
4	173333670	173333068	4
4	173333673	173333068	4
4	173369611	173363779	0
4	173369816	173363993	0
4	173370327	173369361	1
4	173370447	173369433	0
4	173389893	173388161	0
4	173391429	173384700	0
4	173525378	173524968	0
4	173527376	173525272	0
4	173528913	173527012	0
4	173528987	173526500	0
4	173529290	173528734	12
4	173529626	173528078	3
4	173530230	173526090	0
4	173530851	173530966	2
4	173536971	173537362	0
4	173536971	173538062	0
4	173536971	173538933	0
4	173536971	173539068	0
4	173536971	173539145	0
4	173536971	173539197	0
4	173536971	173541474	0
4	173536971	173541677	0
4	173900712	173896393	0
4	173911943	173877470	0
4	173927991	173924206	0
4	1739779	1739958	0
4	173986800	173982618	0
4	173990852	173927866	0
4	1740003	1740825	0
4	174096784	174094659	0
4	174097830	174096731	0
4	174114273	174097754	0
4	174120087	174097622	0
4	174154638	174135054	0
4	174168548	174164440	0
4	174220399	174119896	0
4	174239191	174236657	0
4	174239191	174236968	0
4	174239191	174237358	0
4	174241219	174238993	0
4	174256146	174241099	0
4	174259826	174241099	0
4	174259826	174241122	0
4	174316291	174316529	0
4	174318666	174318834	10
4	174370725	174354853	0
4	1744833	1744947	23
4	174493315	174490176	0
4	174493315	174491103	0
4	174493315	174491570	0
4	174493315	174491754	0
4	174493315	174491784	0
4	174493315	174491793	0
4	174493462	174491869	0
4	174495625	174491457	0
4	174495625	174493150	0
4	174495625	174493151	0
4	174495625	174493158	0
4	174495830	174493150	0
4	174508793	174490176	0
4	174508793	174495360	0
4	174508793	174495547	0
4	174508793	174506742	0
4	174522068	174495547	0
4	174536591	174523700	0
4	174540345	174536454	0
4	174656788	174636913	0
4	174659198	174642486	0
4	174713774	174712514	0
4	174715571	174682801	0
4	174728699	174715487	0
4	174728699	174722623	0
4	17487237	17460260	0
4	17490746	17486397	2
4	17490746	17486526	0
4	17490746	17486799	3
4	17490746	17487169	1
4	17490746	17487178	1
4	17492341	17490661	0
4	17492509	17490438	0
4	17492514	17490661	0
4	174978382	174977570	0
4	17501860	17487104	0
4	17501860	17490040	0
4	17501860	17490661	0
4	175356342	175346357	0
4	175464724	175458288	0
4	175640195	175632933	0
4	175640195	175633444	0
4	175640195	175633446	0
4	175640195	175634545	0
4	175640195	175634707	0
4	175640195	175634919	0
4	175640830	175640128	0
4	175640830	175640133	0
4	175641746	175640128	0
4	175651988	175640752	0
4	175654324	175651833	0
4	175673837	175651826	0
4	175673837	175651833	0
4	175673837	175651869	0
4	175673837	175651889	0
4	175673837	175651912	0
4	175673837	175651917	0
4	175673837	175651939	0
4	175701768	175673679	0
4	175701768	175673691	0
4	175701768	175673728	0
4	175701768	175673746	0
4	175701768	175673753	0
4	175781298	175701574	0
4	175786918	175701574	0
4	175787426	175701584	0
4	175787677	175701574	0
4	175788080	175701574	0
4	175807618	175701574	0
4	175812250	175701574	0
4	175812265	175781208	0
4	175812752	175701574	0
4	175872731	175701574	0
4	175891691	175812196	0
4	175891755	175701574	0
4	175906852	175812190	0
4	175907174	175701574	0
4	175947699	175701574	0
4	175961342	175701574	0
4	175970948	175961236	0
4	175970968	175701574	0
4	175971989	175701574	0
4	176002333	175812190	0
4	176002357	175961236	0
4	176002665	175701574	0
4	17614039	17587466	0
4	176188236	176184637	0
4	176188236	176184659	0
4	176193077	176192626	0
4	176193554	176192971	0
4	176193583	176192957	0
4	176194878	176192957	0
4	176217010	176213672	0
4	176217010	176215572	0
4	176221601	176221154	0
4	176222421	176221449	0
4	176222421	176221517	0
4	176225342	176222312	0
4	176237575	176225261	0
4	17623795	17625655	38
4	176241677	176225261	0
4	176249559	176225280	0
4	17625846	17628005	11
4	176269223	176225261	0
4	176275907	176269048	0
4	176311584	176308267	0
4	17631376	17632285	1
4	176320220	176322169	0
4	17633889	17629305	2
4	17635114	17633688	2
4	176632511	176631391	0
4	176687521	176683537	0
4	176711651	176687820	0
4	176711651	176689299	0
4	176875255	176866613	0
4	177246121	177242538	0
4	177357033	177343003	1
4	177433348	177430769	0
4	177434482	177433260	0
4	177434490	177433213	0
4	177436352	177434381	0
4	177436352	177434439	0
4	177437520	177434381	0
4	177437520	177434383	0
4	177437520	177436275	0
4	177437520	177436297	0
4	177438858	177437067	0
4	177438858	177437404	0
4	177440427	177438744	0
4	177440427	177439575	0
4	177442410	177440041	0
4	177442410	177440272	0
4	177442504	177440272	0
4	177691069	177686672	0
4	177756875	177729637	0
4	177907863	177776571	0
4	177907879	177812615	0
4	177907937	177903383	0
4	17805226	17800654	48
4	17810712	17809424	1
4	17810759	17804311	1
4	17810759	17805106	0
4	17842380	17843301	2
4	17876835	17841879	0
4	17878214	17841198	0
4	17886162	17841198	0
4	17886162	17845639	0
4	17886162	17873387	0
4	17886162	17876939	3
4	17886162	17880594	2
4	17886162	17880628	0
4	17909346	17845496	1
4	179390090	179389133	0
4	17962033	17886067	0
4	17962033	17909093	0
4	17962033	17960245	0
4	1804521	1804820	0
4	1804521	1804823	0
4	180733163	180731163	0
4	181155740	181064088	0
4	181265030	181261160	0
4	1815803	1811478	2
4	181821630	181820018	0
4	181877122	181874437	0
4	1819473	1816726	0
4	181980378	181975155	0
4	182012820	181877043	0
4	182081827	182012661	0
4	182081827	182079628	0
4	182143546	182141185	9
4	182143546	182142382	10
4	182143777	182143437	0
4	182143845	182141649	15
4	182143845	182143437	0
4	182143845	182143490	0
4	182143889	182143177	2
4	182144196	182081755	0
4	182144467	182144046	6
4	182144501	182144046	6
4	182145250	182144046	2
4	1822313	1819337	0
4	1822643	1819371	0
4	1823132	1822180	0
4	1823776	1822773	0
4	1823776	1822987	0
4	182708043	182697901	0
4	182773932	182772564	0
4	182893128	182890059	0
4	182893128	182890103	0
4	182893128	182890254	0
4	182893128	182891013	0
4	182893128	182891371	0
4	182893128	182891428	0
4	182894606	182893030	0
4	182915059	182894488	0
4	182915059	182894492	0
4	182915059	182894553	0
4	182915059	182911222	0
4	182915561	182914922	0
4	182915576	182894488	0
4	182915576	182914922	0
4	182915576	182914945	0
4	182915576	182914982	0
4	182915576	182914987	0
4	182915576	182914989	0
4	182915889	182915460	0
4	182916540	182915460	1
4	182916540	182915497	0
4	182916628	182915460	1
4	182916858	182915460	1
4	182916897	182915460	1
4	182917370	182915460	1
4	182917380	182915460	1
4	182917397	182915460	1
4	182917595	182915460	0
4	182917937	182915460	5
4	183029721	183028600	0
4	183038203	183038697	0
4	183240635	183233627	0
4	183446348	183447789	86
4	183497670	183494937	0
4	1834983	1832743	0
4	183646354	183639634	0
4	183646354	183640459	0
4	183646354	183640627	2
4	183646354	183640728	2
4	183646354	183641338	1
4	183646538	183639635	0
4	183651324	183650983	0
4	183651328	183650983	0
4	183655962	183650983	0
4	183655962	183651217	0
4	183656097	183651279	0
4	1836573	1833073	0
4	1836573	1834099	0
4	1836573	1834205	0
4	1836573	1834844	0
4	183659152	183650983	0
4	183659157	183651217	0
4	183666984	183667059	0
4	183708417	183708535	8
4	183765722	183762114	0
4	184097369	184088705	0
4	184112810	184097244	0
4	184117036	184112591	0
4	184117036	184112671	0
4	184117822	184116855	0
4	184117901	184116855	0
4	184117901	184116862	0
4	184217703	184216561	0
4	184217962	184153553	0
4	184221231	184203978	0
4	184347913	184341689	0
4	184350279	184340755	0
4	184365948	184365182	0
4	184365948	184365560	0
4	184372481	184371668	0
4	184376545	184372338	0
4	184376545	184372406	0
4	184390750	184387712	0
4	184390750	184389021	0
4	184390750	184389039	0
4	184408276	184398914	0
4	184408276	184407178	0
4	184418214	184408157	0
4	184418214	184408158	0
4	184418214	184408204	0
4	184418591	184418166	0
4	184418632	184398914	0
4	184418709	184418166	0
4	184418709	184418174	0
4	184419569	184418166	0
4	184474048	184428977	0
4	184474049	184428977	0
4	184474050	184428977	0
4	184474187	184428977	0
4	184474549	184428977	0
4	184474549	184448655	0
4	184474581	184428977	0
4	184509326	184506459	0
4	184509326	184506917	0
4	184623459	184618888	0
4	184624943	184619045	0
4	184625031	184584092	0
4	184631158	184627695	0
4	184631941	184627695	0
4	184631941	184629255	0
4	184631941	184629383	0
4	184631941	184631036	0
4	184632397	184631764	0
4	184632397	184631895	0
4	184697804	184694617	0
4	184697804	184695001	1
4	184697804	184695348	1
4	184698097	184695128	0
4	184700882	184697646	0
4	184702137	184697646	0
4	184702137	184698193	0
4	184716634	184712943	0
4	184717197	184716396	0
4	184757707	184755594	0
4	184757707	184755595	0
4	184757707	184755599	0
4	184757707	184755600	0
4	184757707	184756780	0
4	184757707	184756902	0
4	184757707	184757020	0
4	184757707	184757046	0
4	184768451	184766621	0
4	184770333	184768315	0
4	184770477	184768029	0
4	184770477	184768315	0
4	184773155	184768315	0
4	184773155	184768327	0
4	184803547	184788616	0
4	184826035	184803319	0
4	184826053	184803319	0
4	184826095	184803319	0
4	184826120	184788616	0
4	184826819	184803319	0
4	184850600	184844584	0
4	184850600	184846277	0
4	184855683	184850494	0
4	184855752	184850494	0
4	18489509	18488061	0
4	184897568	184893870	0
4	184897568	184893900	0
4	184897568	184893904	0
4	1849210	1841346	1
4	1849210	1846473	0
4	185019492	185019623	0
4	185019492	185019746	0
4	185164180	185159664	0
4	185176052	185164028	0
4	185176052	185169025	0
4	185182520	185175799	0
4	185191213	185175785	0
4	185191213	185190375	247
4	185203966	185191049	0
4	185204002	185190142	0
4	185204029	185190142	0
4	185207083	185190142	0
4	185207792	185190767	0
4	185370815	185363878	0
4	185370815	185367062	0
4	185370815	185367063	0
4	185374462	185374134	1
4	185375727	185374318	0
4	185375727	185374331	0
4	185395900	185378080	0
4	185399774	185400016	10
4	185403619	185399539	0
4	185403619	185400288	0
4	185403619	185400314	0
4	185403619	185400333	0
4	185403619	185400337	0
4	185403619	185402261	0
4	185415348	185413725	0
4	185415816	185415283	0
4	185415868	185415154	0
4	185418508	185415709	0
4	185418508	185415779	0
4	185418508	185415810	0
4	185418514	185415709	0
4	185457330	185445484	0
4	185458367	185457161	0
4	185460239	185445181	0
4	185460239	185457745	0
4	185460954	185459873	0
4	185461160	185458125	0
4	185461160	185459811	0
4	185461160	185459925	0
4	185461160	185460031	0
4	185461160	185460893	0
4	185462709	185458125	0
4	185462709	185461048	0
4	185462709	185461082	0
4	185504587	185500659	0
4	185504587	185501696	0
4	185504587	185501750	0
4	185504587	185501877	0
4	185504587	185502089	0
4	185504587	185502255	0
4	185504587	185502293	0
4	185506653	185504474	0
4	185506653	185504544	0
4	185507088	185504474	1
4	185508563	185506521	0
4	185514338	185506521	5
4	185514338	185508298	0
4	185514338	185508300	0
4	185514891	185506521	2
4	185514891	185512093	2
4	185517718	185506521	2
4	185523447	185506521	0
4	185523447	185513556	0
4	185523447	185514269	0
4	185523447	185514314	0
4	185523447	185514702	0
4	185525123	185523361	0
4	185525172	185514145	0
4	185525172	185523142	0
4	185525172	185523361	0
4	185535467	185523361	0
4	185535508	185514269	0
4	185535508	185523361	0
4	185589786	185585443	0
4	185589786	185587304	0
4	185589786	185587305	0
4	185589786	185587321	0
4	185589786	185587322	0
4	185589836	185587425	0
4	185593936	185589678	0
4	185607350	185593885	0
4	185611981	185593883	0
4	185611981	185593885	0
4	185611981	185606584	0
4	185611981	185607015	0
4	185614960	185611779	0
4	185615160	185614830	0
4	185615160	185614887	0
4	185615223	185614625	0
4	185618632	185615044	0
4	185620152	185618584	0
4	185620152	185618601	0
4	185624495	185620062	0
4	185626910	185624241	0
4	185627020	185620062	0
4	185627020	185622913	0
4	185630584	185626831	0
4	185630599	185626831	0
4	185630599	185626850	0
4	185630599	185626923	0
4	185635412	185630548	0
4	185639036	185630548	0
4	185639036	185635354	0
4	185646783	185630548	0
4	185646783	185635354	0
4	185646783	185638078	6
4	185646783	185638876	5
4	185646783	185638894	2
4	185646783	185645577	0
4	185646783	185645837	0
4	185646783	185645982	0
4	185649607	185646667	0
4	185649657	185630548	0
4	185649657	185646173	0
4	185649657	185646447	0
4	185649657	185646616	0
4	185649657	185646666	0
4	185649657	185646667	0
4	185649657	185646699	0
4	185652729	185649466	0
4	185652729	185651783	0
4	185656681	185652661	0
4	185656685	185652661	0
4	185656725	185652661	0
4	185656735	185652661	0
4	185656741	185652661	0
4	185656744	185652661	0
4	185656747	185652661	0
4	185656968	185652661	0
4	185656970	185652661	0
4	185657302	185652661	0
4	185657521	185652661	0
4	185657547	185652661	0
4	185657597	185652661	0
4	185657597	185652694	0
4	185657597	185652716	0
4	185662243	185657423	0
4	185662243	185657471	0
4	185662243	185657486	0
4	185662243	185657512	0
4	185662243	185657523	0
4	185662243	185657533	0
4	185662243	185657535	0
4	185662243	185657569	0
4	185662243	185657579	0
4	185677639	185662103	0
4	185678479	185662103	0
4	185678479	185662169	0
4	185678479	185662203	0
4	185678479	185666038	0
4	185678479	185676996	0
4	185678479	185677564	0
4	185678548	185662103	0
4	185678548	185662107	0
4	185678548	185662158	0
4	185678548	185662176	0
4	185678548	185662205	0
4	185678548	185662209	0
4	185678548	185662214	0
4	185678548	185662215	0
4	185678548	185662234	0
4	185678548	185666113	0
4	185678548	185677347	0
4	185678548	185677499	0
4	185678548	185677557	0
4	185678823	185662103	0
4	185678823	185678422	0
4	185678823	185678423	0
4	185678823	185678429	0
4	185684843	185678795	0
4	185684847	185678795	0
4	185690600	185684753	0
4	185690612	185678795	0
4	185690612	185684753	0
4	185690612	185684810	0
4	185734155	185678795	0
4	185734155	185684753	0
4	185734155	185690561	0
4	185740331	185684753	0
4	185761591	185678795	0
4	185775112	185678795	0
4	185775277	185734098	0
4	185775289	185690561	0
4	185775290	185733997	0
4	185775367	185678795	0
4	185775367	185684753	0
4	185775367	185690561	0
4	185775367	185734098	0
4	185775367	185757041	0
4	185775381	185734098	0
4	185775414	185734098	0
4	185775415	185690561	0
4	185775442	185678795	0
4	185775442	185684753	0
4	185775442	185775059	0
4	185775452	185690561	0
4	185775523	185678795	0
4	185775834	185775226	0
4	185775913	185775226	0
4	185810895	185690561	0
4	185811013	185775230	0
4	185811072	185775226	0
4	185811105	185775226	0
4	185811748	185775226	0
4	185811750	185775226	0
4	185811753	185678795	0
4	185811758	185684753	0
4	185811758	185690561	0
4	185811758	185775226	0
4	185811758	185775230	0
4	185811853	185775226	0
4	185811961	185775226	0
4	185811980	185775226	0
4	185812050	185775226	0
4	185812210	185775226	0
4	185812222	185775226	0
4	185812239	185775226	0
4	185812240	185770978	0
4	185894374	185775226	0
4	185894374	185775280	0
4	185933371	185894296	0
4	185956335	185775226	0
4	185956349	185773944	0
4	185956349	185775230	0
4	185956369	185775226	0
4	185956410	185775226	0
4	185956653	185894296	0
4	186081829	186082319	0
4	186081849	186082319	0
4	186082551	186082742	8
4	186163629	186163630	0
4	186167263	186167368	0
4	186196089	186196939	0
4	186197131	186197532	0
4	186201343	186205199	0
4	186204458	186205199	0
4	186205059	186205199	0
4	186289003	186286093	0
4	186291033	186288427	0
4	186424237	186423727	0
4	186426294	186423727	0
4	186427099	186424089	0
4	186428851	186426973	0
4	186431769	186426236	0
4	186500998	186290755	0
4	186555329	186426545	0
4	186555568	186533654	0
4	186590404	186588391	1
4	186590404	186589071	0
4	186590696	186588989	0
4	186595827	186587782	0
4	186595827	186587794	0
4	186595827	186587826	0
4	186595827	186588806	0
4	186597172	186595688	0
4	186597232	186595688	0
4	186597793	186595688	0
4	186597793	186596539	0
4	186597793	186597033	2
4	186597793	186597110	1
4	186598025	186597681	0
4	186598126	186597681	3
4	186598126	186597729	3
4	186598128	186597681	3
4	186600361	186597971	0
4	186601427	186599897	0
4	186601701	186600330	0
4	186609321	186606069	0
4	186610016	186609182	0
4	186610071	186609249	0
4	186709846	186663298	0
4	186723834	186706562	0
4	186723856	186706562	0
4	186726723	186708362	0
4	186996439	186979489	0
4	187305702	187304082	0
4	187442982	187441676	0
4	187517209	187516152	0
4	187555145	187532877	0
4	187555905	187532881	0
4	187555950	187555060	0
4	187557921	187555910	0
4	187665839	187532877	0
4	188093023	188091372	0
4	188097162	188091272	0
4	188097162	188091336	0
4	188097162	188091372	0
4	188099176	188097060	0
4	188099176	188097323	0
4	188099176	188098204	0
4	188101251	188098628	0
4	188101251	188099034	0
4	188105594	188104836	0
4	188106040	188105379	0
4	188109604	188105412	0
4	188143380	188140821	0
4	188143748	188143837	0
4	188389667	188387470	0
4	188791292	188777678	0
4	189002076	188990714	0
4	189291337	189288676	0
4	189473478	189473897	0
4	189474175	189474462	0
4	189474722	189474802	0
4	189864787	189821111	0
4	189895644	189821480	0
4	189917323	189864592	0
4	189937334	189780335	0
4	189937334	189864261	0
4	189984366	189982522	0
4	190026462	190024350	0
4	190026462	190024366	0
4	190058124	190057901	0
4	190174251	190175192	0
4	190175057	190175192	0
4	19333764	19172334	0
4	1939779	1942338	25
4	1953188	1953323	1
4	19754592	19747178	0
4	1983696	1982713	3
4	1983696	1982716	3
4	1983696	1982722	1
4	1983696	1982729	0
4	1984920	1983847	0
4	1985865	1984807	0
4	1986184	1985775	2
4	1986403	1986113	0
4	1986403	1986114	0
4	1986561	1986113	0
4	1988008	1986271	0
4	1988008	1986279	0
4	1988008	1986381	0
4	1989757	1987500	0
4	1989870	1987917	0
4	1989870	1987941	0
4	1990055	1987917	0
4	1991716	1989707	0
4	1991731	1989707	0
4	1992245	1989707	0
4	1992625	1991543	0
4	2007200	1989707	0
4	2007200	1991587	0
4	2007200	2003837	0
4	2008047	1989707	0
4	2008047	1991543	0
4	2008976	1991543	0
4	2008998	1991543	0
4	2009184	1989707	0
4	2009236	1991543	0
4	2010111	1991543	0
4	2017743	1991543	0
4	205010	201408	0
4	20700579	20700670	98
4	2073030	2071917	0
4	2073030	2071921	0
4	2073030	2071949	0
4	2073030	2071959	0
4	20732069	20728615	3
4	20732069	20729205	8
4	20732069	20729209	8
4	20732069	20729235	8
4	20732069	20729637	4
4	20732069	20729915	4
4	20732069	20730081	3
4	20758891	20749661	0
4	2081037	2075451	0
4	2081042	2078484	0
4	2081054	2075451	0
4	2081744	2078491	0
4	2081744	2080957	0
4	2081744	2081109	0
4	2083011	2081632	0
4	20850668	20758820	0
4	20850780	20758820	0
4	2085745	2081395	0
4	2085745	2081632	0
4	20882710	20850542	0
4	20882711	20850314	0
4	2090306	2085612	0
4	2095934	2085612	0
4	20984042	20850542	0
4	21303990	20850542	0
4	21544657	20850542	0
4	2156854	2131232	0
4	2156854	2156393	0
4	2157912	2156496	0
4	2157912	2156787	0
4	21697775	20850542	0
4	2170775	2131232	0
4	21763033	20850542	0
4	21763033	21729849	0
4	21855716	21762920	0
4	21948632	21762920	0
4	21948746	20850542	0
4	21948800	20882607	0
4	2208488	2198523	0
4	2213127	2207986	0
4	2213127	2208326	0
4	2229232	2213046	0
4	2229244	2213046	0
4	2232144	2229098	6
4	22346824	22345070	0
4	2236457	2227463	0
4	2236457	2228348	0
4	2236457	2231840	0
4	22389184	22346732	0
4	22389184	22387374	84
4	22389184	22387399	80
4	22389184	22387707	77
4	22392691	22389087	0
4	22394869	22389087	0
4	22401505	22392544	0
4	22401555	22392544	0
4	2241094	2238603	0
4	22413316	22392544	1
4	22413391	22402674	0
4	22413761	22413181	17
4	22413815	22413181	1
4	22414087	22413205	0
4	2241782	2229098	0
4	2241782	2240846	14
4	2241791	2229098	0
4	2241791	2240037	1
4	2241838	2240915	10
4	22421090	22413181	0
4	22421090	22413600	0
4	22421090	22414193	0
4	2242122	2229098	0
4	2242122	2240037	1
4	2242134	2240037	1
4	22424353	22420037	0
4	22424353	22420885	0
4	22438421	22436439	0
4	22442864	22438255	0
4	22442864	22438257	0
4	22443136	22442649	0
4	22445134	22442649	0
4	22447512	22442649	0
4	22447512	22444972	0
4	22447512	22444999	0
4	22447512	22445040	0
4	22454938	22447439	0
4	22461809	22447439	0
4	22473807	22461736	0
4	22473819	22461736	0
4	22473844	22461736	0
4	22473844	22473019	0
4	2251247	2247431	25
4	2251247	2249463	6
4	2251247	2250657	3
4	2255235	2251083	0
4	2255352	2252407	0
4	2258012	2252407	0
4	2258012	2255008	0
4	2258012	2255142	0
4	2258012	2255154	0
4	2271415	2269581	0
4	2271415	2269597	0
4	2271415	2270338	0
4	2271415	2270494	0
4	2271752	2270917	0
4	2271780	2271310	0
4	22818879	22818881	0
4	2320272	2304288	0
4	23285574	23234624	0
4	2335795	2320169	0
4	2335795	2328533	0
4	2335795	2330161	0
4	2337497	2320169	0
4	2337497	2328805	0
4	2339656	2337406	0
4	2341616	2339452	0
4	2341616	2339516	0
4	2343525	2342580	0
4	2354074	2341315	0
4	2354074	2341477	0
4	23727432	23723261	0
4	23765214	23755040	0
4	23795926	23765113	0
4	23801882	23792020	0
4	23801882	23795338	0
4	23801882	23795697	0
4	23801882	23795825	0
4	23814606	23813020	0
4	23820639	23814332	0
4	23820639	23814388	0
4	23824354	23813689	0
4	23824354	23820434	0
4	23824354	23820609	0
4	23824385	23813689	0
4	23824509	23813689	0
4	23824509	23824279	0
4	23824509	23824371	0
4	23828605	23824462	0
4	23828605	23825166	0
4	23829586	23828399	0
4	23829586	23828561	0
4	23829672	23828489	0
4	23831752	23829462	0
4	23877866	23831528	0
4	23877866	23831556	0
4	23880029	23877695	0
4	23881293	23831556	0
4	23882104	23881087	0
4	23882112	23829462	0
4	23882112	23831495	0
4	23882112	23831556	0
4	23882114	23879948	0
4	23882133	23877713	0
4	23884932	23831556	0
4	23884932	23831706	0
4	23884932	23866119	0
4	23884932	23875781	0
4	23890030	23884751	0
4	23890033	23884751	0
4	23890036	23882678	0
4	23890036	23884751	0
4	23890078	23884751	0
4	23890214	23884751	0
4	23904090	23884498	0
4	2418652	2341477	0
4	24529771	24517440	0
4	24529771	24527474	0
4	24529771	24527476	0
4	24530080	24527759	0
4	24530884	24527476	0
4	24532951	24527713	0
4	24540300	24537050	2
4	24540949	24539708	4
4	24540949	24540107	0
4	24570848	24556250	0
4	24576679	24570653	0
4	24580943	24576468	0
4	24580943	24576549	0
4	24584551	24576242	0
4	2462606	2462809	0
4	24819976	24806116	0
4	24819976	24807664	0
4	24819976	24807995	0
4	24820198	24808671	0
4	24821088	24819858	0
4	24822574	24819858	0
4	24822574	24821054	0
4	24823046	24821056	0
4	24831651	24822496	0
4	24835033	24826939	0
4	24835033	24831505	0
4	24836509	24834947	0
4	24837401	24836435	0
4	24853180	24808187	0
4	25012500	24998846	0
4	25018159	24999766	0
4	2506280	2505080	0
4	25125785	25120013	0
4	25125785	25122254	0
4	25125785	25123849	0
4	25125785	25124080	0
4	25127309	25125300	0
4	25127358	25125693	0
4	25144866	25125693	0
4	25144866	25127263	0
4	25159108	25156855	0
4	25159765	25158944	0
4	25159765	25158952	0
4	25160432	25156855	0
4	25160443	25158952	0
4	25333286	25333286	43
4	25333296	25333296	44
4	25333303	25333303	47
4	25333310	25333310	48
4	25377345	25377417	3
4	25413743	25414323	2
4	25414386	25414465	0
4	25415541	25416424	0
4	25416599	25417615	0
4	25417740	25418154	0
4	25719746	25718081	0
4	25757607	25747426	0
4	25757607	25747432	0
4	25757607	25747433	0
4	25757607	25748063	0
4	25757607	25748265	0
4	25757607	25755921	0
4	25757791	25757533	0
4	25757853	25757533	0
4	25759069	25757533	0
4	25767610	25765325	0
4	25767773	25767524	0
4	25767831	25767524	0
4	25767831	25767583	0
4	25776361	25767739	0
4	25776720	25767739	0
4	25779204	25776276	0
4	25779204	25777615	0
4	25833111	25830097	0
4	25833570	25832994	0
4	25833570	25833062	0
4	25847865	25835196	0
4	25860632	25847342	0
4	25862960	25847293	0
4	25862989	25835196	0
4	25863538	25847293	0
4	25863596	25847293	0
4	25863743	25847381	0
4	25863761	25847460	0
4	25869551	25864880	0
4	26430054	26430418	1
4	26483284	26481399	0
4	2662992	2663108	0
4	26860245	26859808	0
4	26860582	26859805	0
4	26860600	26859805	0
4	26874350	26873560	0
4	27138447	27133995	0
4	27218405	27207504	0
4	27267255	27262505	0
4	2744507	2741647	1
4	2744507	2741659	1
4	2744507	2741697	2
4	2744507	2742129	2
4	2744864	2742074	2
4	2745536	2744386	0
4	2745536	2744696	1
4	2746159	2745445	0
4	2747946	2745335	0
4	2747946	2745445	0
4	2756025	2747449	0
4	2756025	2747654	0
4	2756332	2747654	0
4	2756343	2747654	0
4	2756377	2747654	0
4	27985064	27967722	0
4	2824731	2825125	2
4	2824760	2825125	2
4	2831979	2832330	0
4	2833050	2833696	0
4	28370810	28362278	0
4	28393351	28370699	0
4	28393351	28381496	0
4	2898328	2898432	1
4	2898532	2899258	0
4	2904778	2904919	166
4	2908605	2909338	0
4	2928643	2929595	345
4	2931151	2930564	127
4	2931151	2930567	127
4	2931151	2930582	125
4	2931151	2930604	121
4	2931151	2930610	121
4	2931275	2930560	21
4	2931275	2931060	5
4	2931466	2931226	5
4	2931664	2930602	21
4	2931937	2931139	14
4	2932154	2931374	21
4	2932154	2931824	19
4	2932410	2932044	4
4	2932513	2931824	11
4	2932513	2932044	4
4	2932513	2932064	4
4	2932759	2932044	24
4	2935736	2937751	5
4	2936891	2937751	3
4	2937845	2937974	2
4	2938143	2938692	270
4	2938931	2937941	179
4	2939344	2937932	2
4	2939344	2938811	1
4	2939646	2937932	2
4	2939646	2937951	4
4	2939646	2938112	14
4	2941717	2939526	3
4	2941730	2939526	3
4	2941730	2939534	3
4	2941730	2939538	3
4	2942352	2941581	4
4	29467851	29465700	0
4	2947612	2946411	0
4	2948409	2947525	0
4	2950214	2948277	0
4	2951246	2949933	0
4	295534	270674	0
4	2963334	2957605	0
4	2963357	2957605	0
4	2963369	2957605	0
4	2963386	2957605	0
4	29963759	29962643	0
4	30008317	30006950	0
4	3041748	3041928	0
4	3070174	3063470	0
4	30723234	30724440	6
4	3074515	3069977	0
4	30783181	30776256	0
4	3130000	3130304	0
4	3130048	3130304	0
4	3187887	3188950	0
4	3228746	3228879	1
4	33947525	33776346	0
4	33947525	33896338	0
4	33970957	33947408	0
4	33980287	33970790	0
4	34039883	33947408	0
4	34121456	34120893	0
4	34125863	34121260	0
4	34125863	34123505	0
4	3413704	3414071	0
4	3414242	3414751	0
4	3428170	3428557	0
4	3445351	3445875	0
4	3514929	3503596	2
4	3514929	3503611	2
4	3514929	3512932	0
4	3516199	3514751	0
4	3516199	3514846	0
4	3516719	3516115	0
4	3518193	3515881	0
4	3518193	3516115	0
4	3518193	3516386	1
4	3518992	3517660	0
4	3518992	3518033	0
4	3525052	3518870	0
4	3525052	3520071	0
4	3525052	3523392	0
4	3525147	3520071	0
4	35967957	35948220	0
4	36007047	35985229	0
4	36012832	36005364	0
4	36012832	36006902	0
4	36046035	36012562	0
4	36046077	36019143	0
4	36046850	36045978	0
4	36047286	36045975	0
4	36073700	36068205	0
4	36073824	36065997	0
4	36073836	36057969	0
4	36148508	36147547	0
4	36151045	36148404	0
4	36151045	36148440	0
4	36158796	36157403	0
4	36158865	36150899	0
4	36160642	36159330	0
4	36161501	36160458	0
4	36161551	36160111	0
4	36161551	36160458	0
4	36210744	36193577	0
4	36210746	36209374	0
4	36229646	36214421	0
4	36243863	36228581	0
4	36243940	36229345	0
4	36244510	36228581	0
4	36311780	36311189	0
4	36392411	36311692	0
4	36498489	36496536	0
4	36498489	36496692	0
4	36582731	36498426	0
4	36582731	36548883	0
4	3676682	3673592	0
4	37588876	37588086	1
4	37631524	37590799	0
4	37631524	37612900	0
4	3763391	3758747	0
4	37635124	37631384	0
4	37638505	37634886	0
4	3767617	3768160	0
4	37847112	37847201	0
4	38118193	38118396	0
4	38132831	38133083	0
4	38431325	38420661	0
4	38523181	38493992	0
4	38614709	38612700	0
4	38619438	38618264	0
4	38624576	38619689	0
4	38625284	38614624	0
4	38625763	38624421	0
4	38625763	38625225	0
4	38625763	38625333	0
4	38628103	38625409	0
4	38628103	38625601	0
4	38630582	38626407	0
4	38630582	38628038	0
4	38775964	38772238	0
4	38776197	38772612	0
4	38776198	38773124	0
4	38776427	38772238	0
4	38776427	38775265	0
4	38776427	38775774	0
4	38776427	38775835	0
4	38782991	38772238	0
4	38782991	38775774	0
4	38794634	38790676	0
4	38800949	38790847	0
4	38800949	38796256	0
4	38800949	38796282	0
4	38800949	38798685	0
4	38804377	38800856	0
4	38804383	38798560	0
4	38804383	38800471	0
4	38804383	38800856	0
4	38804383	38800869	0
4	38804852	38798348	0
4	38805579	38798760	0
4	38829474	38827082	1
4	38843792	38829199	0
4	38856818	38805111	0
4	38856818	38823714	0
4	38856818	38829022	0
4	38971138	38966743	0
4	38993999	38988850	0
4	38998910	38993734	0
4	38998910	38993737	0
4	38998910	38998459	0
4	39032408	38998622	0
4	39032422	38998639	0
4	39032444	38998723	0
4	39032444	39028374	0
4	39115643	39112676	0
4	39120286	39115518	0
4	39126819	39120151	16
4	3917902	3915182	0
4	3917902	3915186	0
4	39273062	39274807	2
4	39290040	39287455	0
4	39290040	39288696	0
4	39290040	39288778	0
4	39290040	39288814	0
4	39291739	39289555	0
4	39291853	39289847	0
4	39300139	39295613	0
4	39300415	39300020	0
4	39302377	39300259	0
4	39302377	39300315	0
4	39303152	39302736	0
4	39303194	39302736	0
4	39304929	39303059	0
4	39304929	39303089	0
4	39306702	39304813	0
4	39306705	39304813	0
4	39307472	39306633	0
4	39309033	39304813	0
4	39309033	39306591	0
4	39311550	39304813	0
4	39312773	39311444	0
4	39312932	39311444	0
4	39317014	39312751	0
4	39317023	39312751	0
4	39317023	39312763	0
4	39317023	39316909	0
4	39318071	39316914	0
4	39320661	39316977	0
4	39320670	39316914	0
4	39320670	39316982	0
4	39321375	39320382	0
4	39321375	39320464	0
4	39321829	39320459	0
4	39323418	39321286	0
4	39326641	39323339	0
4	39327757	39323202	0
4	39327757	39326562	0
4	39327758	39326562	0
4	39341666	39327523	0
4	39342468	39327523	0
4	39342468	39327607	0
4	39454650	39452520	2
4	39454650	39454123	0
4	39454650	39454131	0
4	39454650	39454136	0
4	39454650	39454138	0
4	39454650	39454170	0
4	39454930	39454561	0
4	39454945	39454532	0
4	39454945	39454623	0
4	39455277	39454532	2
4	39456539	39454863	3
4	39457126	39454863	0
4	39457682	39454863	0
4	39457682	39455810	0
4	39457682	39456327	0
4	39457682	39456405	0
4	39458310	39457354	0
4	39458310	39457375	0
4	39458310	39457585	0
4	39458441	39457585	0
4	39458441	39457804	0
4	39458441	39458193	2
4	39458442	39458193	2
4	39458599	39458193	138
4	39458889	39458193	294
4	39458895	39458193	297
4	39458898	39458393	251
4	39458902	39458193	319
4	39458916	39457923	2
4	39458916	39458193	300
4	39458916	39458393	227
4	39458921	39458193	290
4	39458923	39458393	226
4	39458924	39458393	222
4	39458932	39458393	208
4	39458949	39458393	148
4	39458950	39458393	147
4	39467647	39468118	0
4	3946918	3943273	7
4	3946940	3942766	4
4	3948008	3946768	11
4	39480667	39480785	0
4	3948221	3941759	2
4	3948221	3942910	7
4	3948221	3947523	14
4	3948221	3947741	16
4	3948221	3947904	13
4	3949550	3948089	0
4	3949593	3948176	0
4	39503986	39498754	0
4	39503986	39498762	0
4	39503986	39498787	0
4	39503986	39499910	0
4	39510551	39509759	0
4	39510862	39510352	0
4	39510862	39510510	29
4	3951220	3946625	0
4	3951220	3947498	0
4	3951220	3948089	0
4	39514181	39510696	0
4	39514181	39510708	0
4	39514185	39510352	0
4	39514185	39510660	0
4	39514185	39510666	0
4	39514185	39510735	0
4	39514185	39510814	0
4	39521520	39514082	0
4	39521520	39514092	0
4	39521545	39514082	0
4	39526558	39521350	0
4	39527120	39521350	0
4	39527438	39514082	0
4	39527438	39521350	0
4	39527440	39514082	0
4	39527599	39521351	0
4	39527619	39521350	0
4	39527901	39521350	0
4	39527916	39521350	0
4	39528234	39514082	0
4	39528312	39521350	0
4	3953174	3924070	0
4	3953174	3942851	0
4	3953174	3947143	0
4	3953174	3948089	0
4	39549813	39547835	5
4	39556571	39546329	0
4	39556571	39551784	0
4	39556571	39551838	0
4	39572464	39551609	0
4	39572464	39551642	0
4	39572464	39556426	0
4	39572464	39556427	0
4	39605181	39556427	0
4	39605181	39572414	0
4	39638231	39572414	0
4	39638846	39605070	0
4	39638894	39605070	0
4	39638903	39611965	0
4	39639091	39605070	0
4	39714452	39713841	0
4	39770969	39770080	0
4	39838209	39822862	0
4	39842057	39837011	0
4	39842057	39837855	0
4	39863074	39862218	0
4	39863460	39862868	0
4	39863460	39862985	0
4	39873145	39869393	0
4	39874401	39872791	0
4	39874409	39872985	0
4	39874413	39872985	0
4	39898529	39890248	0
4	39898826	39898013	0
4	39898826	39898388	0
4	39900508	39898776	0
4	39902461	39900425	0
4	39902461	39900454	0
4	39904192	39902346	0
4	39908541	39904039	0
4	39908885	39904041	0
4	39910339	39908394	0
4	39913688	39910064	0
4	39913727	39908394	0
4	39913727	39910243	0
4	39928107	39904039	0
4	39976618	39927960	0
4	39977511	39976112	0
4	39977957	39976439	0
4	40045071	40042916	0
4	40242835	40243177	0
4	40242847	40243177	0
4	40432863	40423266	0
4	40432863	40423680	0
4	40432863	40424337	0
4	40432863	40425411	0
4	40436648	40432650	0
4	40436886	40432650	0
4	40438798	40436440	9
4	40438925	40432650	0
4	40438925	40436440	0
4	40455596	40438314	0
4	40466646	40432702	0
4	40466700	40437770	0
4	40466700	40438241	0
4	40466700	40438417	0
4	40466700	40438481	0
4	40466700	40438522	0
4	40466700	40438552	0
4	40466700	40438714	0
4	40466700	40438715	0
4	40514544	40466576	0
4	40514759	40466576	0
4	40515974	40466576	0
4	40544507	40437770	0
4	40544507	40466576	0
4	40629530	40542522	0
4	40629865	40544421	0
4	40630124	40544421	0
4	40630317	40544421	0
4	40630622	40466576	0
4	40630622	40544421	0
4	40630624	40544426	0
4	40630787	40466576	0
4	40630787	40544421	0
4	40822051	40810026	0
4	40822051	40810027	0
4	40822051	40814606	0
4	40822051	40815312	1
4	40822051	40815323	1
4	40822051	40815332	1
4	40822051	40815616	1
4	40822051	40815745	0
4	40822051	40816084	0
4	40822467	40815972	0
4	40823760	40821870	0
4	40823760	40821982	0
4	40823760	40822029	0
4	40825968	40823643	0
4	40825971	40823643	0
4	40825971	40823665	0
4	40825971	40823667	0
4	40827220	40823643	0
4	40827220	40825886	0
4	40830516	40827131	0
4	40830578	40826785	0
4	40830578	40827131	0
4	40830584	40827131	0
4	40857156	40827131	0
4	40890426	40842369	0
4	40890492	40830462	0
4	40890492	40842369	0
4	40890915	40890363	0
4	40893273	40890363	0
4	40893412	40890308	0
4	40893412	40890363	0
4	40934488	40893264	0
4	40934517	40892394	0
4	40934517	40893264	0
4	40934517	40893362	0
4	41014386	40934613	0
4	41014386	40935076	0
4	41014386	40944864	0
4	41014399	40934613	0
4	41014399	40935076	0
4	41014399	40944864	0
4	41033305	41013582	0
4	41033305	41014212	0
4	41033305	41014335	0
4	41033305	41014387	0
4	41065674	41013946	0
4	41065674	41033235	0
4	4107584	4048210	0
4	41100751	41014287	0
4	41100751	41033235	0
4	41100751	41033289	0
4	41100751	41065575	0
4	41100751	41065589	0
4	41100751	41065604	0
4	41100751	41065668	0
4	41118206	41100638	0
4	41138157	41100638	0
4	41143143	41100638	0
4	41207909	41177558	0
4	41214459	41142986	0
4	41214486	41142986	0
4	41214494	41142986	0
4	41214498	41193792	0
4	41214519	41142986	0
4	41214521	41142986	0
4	41214533	41142986	0
4	41214570	41142986	0
4	41214609	41142986	0
4	41214616	41142986	0
4	41214619	41142986	0
4	41216715	41142986	0
4	41221485	41220073	0
4	41256722	41253882	0
4	41256728	41221336	0
4	41257127	41257608	0
4	4145701	4143457	0
4	41689753	41688857	0
4	41697315	41698349	38
4	41723513	41722537	0
4	41747537	41744081	0
4	41747537	41746032	0
4	41842781	41842153	0
4	41881844	41879546	0
4	41882571	41879520	0
4	41882612	41876480	0
4	41882956	41872746	0
4	41892584	41883059	0
4	41935263	41935466	659
4	41935311	41935466	681
4	41958174	41958871	115
4	4198104	4188802	0
4	42120295	42110937	0
4	42120295	42110939	0
4	42120295	42117439	1
4	42283392	42281829	0
4	4237936	4235541	1
4	4237936	4235552	1
4	42391234	42283272	0
4	42391260	42352503	0
4	42391269	42299011	0
4	42414719	42408372	0
4	42414719	42408376	0
4	42415148	42412974	0
4	42423706	42422806	0
4	42443673	42423616	0
4	42464801	42455524	0
4	42464801	42459357	0
4	42485514	42464892	0
4	42485669	42464892	0
4	42503515	42464892	0
4	42552611	42551197	0
4	42556041	42552504	0
4	42556236	42552554	0
4	42569206	42555967	0
4	42574708	42555967	0
4	42581733	42579812	0
4	42586477	42581620	0
4	42586477	42581681	0
4	42586477	42581691	0
4	42625714	42624535	0
4	42627110	42625613	0
4	42657094	42625140	0
4	42657094	42626994	0
4	42657106	42626994	0
4	4268616	4267700	0
4	4268616	4267703	0
4	4268933	4267700	0
4	4281898	4279641	0
4	4283796	4281782	0
4	43458810	43457526	0
4	435880	425814	0
4	435880	426788	0
4	437512	425814	0
4	437512	435769	0
4	4386644	4387118	0
4	43981621	43980005	0
4	4417928	4418783	0
4	4420945	4415741	0
4	4420945	4418967	0
4	4420945	4419333	0
4	4420945	4419942	0
4	4420945	4420094	0
4	4423588	4418967	0
4	4423588	4420863	0
4	4423689	4420220	0
4	4423824	4420863	0
4	4425223	4423517	0
4	4425650	4423517	0
4	4426614	4423517	0
4	44293488	44174954	0
4	4434859	4423517	0
4	4434859	4425160	0
4	4434859	4425163	0
4	4434859	4425172	0
4	4438510	4434769	0
4	444433	438583	28
4	44448808	44173908	0
4	4457258	4438393	0
4	4457501	4438438	0
4	44624783	44622064	0
4	44624783	44622336	0
4	44629549	44624600	0
4	44636086	44629170	0
4	44636086	44629402	0
4	44650102	44629170	0
4	44650102	44635916	0
4	44650102	44635921	0
4	44651629	44649984	0
4	44651642	44649984	0
4	44660619	44649983	0
4	44682643	44682207	0
4	44707879	44682199	3
4	44707927	44682581	0
4	44707927	44701867	12
4	44707927	44702138	6
4	44707927	44702787	8
4	44711024	44707751	0
4	44711138	44703245	0
4	44711138	44707751	0
4	44726589	44706411	0
4	4477998	4476120	0
4	44944962	44944014	0
4	45326029	45323252	0
4	4542011	4471638	0
4	4542029	4471638	0
4	4542032	4471638	0
4	4542347	4471638	0
4	46051639	46035768	0
4	46256375	46249566	0
4	46256375	46249570	0
4	46256375	46250288	0
4	46262129	46248426	0
4	46262129	46248443	0
4	46262129	46249342	0
4	46262129	46249566	0
4	46262129	46250288	0
4	46262129	46256194	0
4	46303613	46260771	0
4	46303613	46261925	0
4	46303613	46302506	0
4	46305712	46303459	0
4	46310256	46261925	0
4	46310256	46305567	0
4	46310256	46305692	0
4	46312717	46261925	0
4	46312717	46303459	0
4	46312717	46310172	0
4	46332683	46312495	0
4	46332683	46312516	0
4	46332683	46312559	0
4	46386190	46312495	0
4	46386190	46332614	0
4	46386190	46363714	0
4	46386876	46386073	0
4	46388714	46386073	0
4	46388717	46386073	0
4	46389380	46386073	0
4	46475231	46388635	0
4	46845015	46734826	0
4	46845015	46734831	0
4	46845015	46735094	0
4	46965230	46918899	0
4	46965230	46928126	0
4	46971236	46964969	0
4	46974376	46964969	0
4	46974376	46971082	0
4	46992947	46979030	0
4	46993506	46992827	0
4	46993541	46979030	0
4	46993549	46992669	0
4	46994408	46992827	0
4	472702	425434	1
4	472702	425814	0
4	472702	435769	0
4	472702	437445	0
4	472702	441694	1
4	472702	444082	0
4	472702	444342	0
4	47453215	47450795	0
4	47460300	47456576	0
4	47463666	47459846	0
4	47463720	47460143	0
4	47557912	47556730	0
4	47600348	47593997	0
4	47600348	47593998	0
4	47600348	47595481	0
4	47600348	47595659	0
4	47600348	47595720	0
4	47623746	47603396	0
4	47623949	47623570	0
4	47623949	47623583	0
4	47643257	47641919	0
4	47645195	47642840	0
4	47645195	47642842	0
4	47645195	47643145	0
4	47653661	47645080	0
4	47661857	47653552	0
4	47661861	47645080	0
4	47665264	47661487	0
4	47665264	47661710	0
4	47680252	47677937	0
4	47683839	47677937	0
4	47683839	47680140	0
4	47693084	47679530	0
4	47693084	47683730	0
4	47744584	47692969	0
4	47786926	47763378	0
4	47790261	47786724	0
4	47807048	47763378	0
4	47807048	47786723	0
4	47807048	47786724	0
4	47851149	47847232	0
4	47851149	47847239	0
4	47851149	47847242	0
4	47851149	47848303	0
4	47851943	47851056	0
4	47851943	47851094	0
4	47852209	47851082	0
4	47884438	47879095	0
4	47896648	47894179	0
4	47898082	47896522	0
4	47940870	47935976	0
4	47940870	47935978	0
4	47940870	47936013	0
4	47943289	47942040	0
4	47943413	47942916	0
4	47943413	47943180	0
4	47943413	47943244	0
4	47949896	47943370	0
4	47951470	47949832	0
4	47951470	47949834	0
4	47971101	47952582	0
4	47981501	47952582	0
4	47981503	47952582	0
4	48010894	47952582	0
4	48037342	48038700	27
4	48071675	48066392	0
4	48071675	48066676	0
4	48071675	48067160	0
4	48071675	48067387	0
4	48089825	48086465	0
4	48094205	48089384	0
4	48094205	48089749	0
4	48110604	48104900	0
4	48112513	48110537	0
4	48112513	48110568	0
4	48138823	48135782	0
4	48138823	48136803	0
4	48138823	48137409	0
4	48139023	48138664	0
4	48141420	48138903	0
4	48141684	48138915	0
4	48145296	48141354	0
4	48145296	48141355	0
4	48145580	48141354	0
4	48155867	48150862	0
4	48156735	48150862	0
4	48382640	48382727	155
4	48500221	48497360	7
4	48500221	48497362	7
4	48500221	48497540	2
4	48500221	48497566	7
4	48500221	48498545	25
4	48500221	48499253	0
4	48515276	48512480	0
4	48520686	48515027	0
4	48521216	48515027	0
4	48521216	48515208	0
4	48523105	48521047	0
4	48523105	48521093	0
4	48531354	48528174	0
4	48534686	48531155	0
4	48534686	48531300	0
4	48547770	48544782	0
4	48547770	48546066	0
4	48548794	48547469	0
4	48548794	48547583	0
4	48550705	48549472	0
4	48551569	48550591	0
4	48551579	48550501	0
4	48551579	48550591	0
4	48570919	48567247	0
4	48571898	48570826	0
4	48573244	48570826	0
4	48575242	48573185	0
4	48580952	48578972	0
4	48581606	48580455	0
4	48581606	48580864	0
4	48619371	48609743	0
4	48620779	48617603	0
4	48620779	48619273	0
4	48623180	48620638	0
4	48623180	48620656	0
4	48634491	48623125	0
4	48653918	48634290	0
4	48681172	48634290	0
4	48684796	48634290	0
4	48684796	48634417	0
4	48684796	48636849	0
4	48684796	48638188	0
4	48684796	48645968	0
4	48710699	48634417	0
4	48831142	48831226	28
4	48860204	48852007	1
4	48892890	48885018	0
4	48892890	48885381	0
4	48894054	48885381	0
4	48894054	48885387	0
4	48894054	48885389	0
4	48894054	48885399	0
4	48894054	48885404	0
4	48894054	48892770	0
4	48894054	48892771	0
4	48894054	48892832	0
4	48897204	48894005	0
4	48897836	48894005	0
4	48897849	48897165	0
4	48897858	48892771	0
4	48897858	48894005	0
4	48899926	48894005	0
4	48904612	48892771	0
4	48904612	48894005	0
4	49242932	49238031	0
4	49488648	49486925	0
4	49504472	49502144	0
4	49508046	49507763	0
4	49548856	49548563	0
4	499103	439987	0
4	5016965	5014585	0
4	5017180	5015143	0
4	5019438	5014826	0
4	51886639	51887122	0
4	51997938	51993701	0
4	52028100	52020705	0
4	52028922	52027967	0
4	52029864	52028729	0
4	52029864	52028770	0
4	52029864	52028828	0
4	521853	522007	19
4	521942	521988	6
4	521942	522007	6
4	521942	522026	6
4	52598707	52590971	3
4	52598707	52594177	2
4	52598707	52596813	0
4	52598707	52597466	0
4	52598707	52597580	0
4	52626248	52610540	0
4	52628164	52626017	0
4	52628164	52626127	0
4	52628367	52626092	0
4	52629686	52628060	0
4	52631145	52627949	0
4	52631145	52629633	0
4	52651089	52631108	0
4	52656527	52631063	0
4	52656573	52631063	0
4	52656574	52631063	0
4	52656591	52631063	0
4	52658282	52631063	0
4	52659291	52627949	0
4	52659336	52631063	0
4	52750830	52743516	0
4	52751070	52722617	0
4	52751070	52742551	0
4	52885867	52872981	0
4	52885867	52873787	0
4	53145583	52920724	0
4	53274002	53145332	0
4	53274002	53273578	1
4	532821	533100	0
4	533219	533817	0
4	53352767	53313635	0
4	53365396	53352597	0
4	53365942	53352597	0
4	53366062	53352597	0
4	53366076	53352597	0
4	53377836	53379072	0
4	53377924	53379072	0
4	53377924	53379224	0
4	53378529	53379072	0
4	53379118	53379224	0
4	53461594	53459300	10
4	53461594	53460455	8
4	53498844	53496022	0
4	53507470	53498640	0
4	53507470	53498772	0
4	53558218	53507985	0
4	53574089	53507985	0
4	53591516	53573625	0
4	53591516	53573730	0
4	53591516	53573954	0
4	53591516	53573983	0
4	53591516	53574056	0
4	53591617	53573622	0
4	53602952	53591387	0
4	53616586	53591387	0
4	53652478	53591387	0
4	53652478	53602851	0
4	53652514	53573703	0
4	53701406	53696018	0
4	54013897	54009788	0
4	54013897	54009824	0
4	54013897	54009978	0
4	54049111	54013836	0
4	54049111	54014062	0
4	54049306	54014062	0
4	54049306	54048830	0
4	54049306	54048954	0
4	54049306	54049038	0
4	54064299	54049250	0
4	54064301	54049250	0
4	54064309	54049250	0
4	54064691	54049250	0
4	54263928	54264918	0
4	54444012	54440501	0
4	54607132	54603210	0
4	54845403	54836160	0
4	55082042	55078258	0
4	55082042	55078480	0
4	55082042	55078530	0
4	55092715	55089955	0
4	55094956	55092616	0
4	55095666	55094801	0
4	55095666	55094849	0
4	55104985	55102361	0
4	55105941	55104592	0
4	55105941	55104642	0
4	55313925	55313010	0
4	55365662	55363970	0
4	55367164	55365607	0
4	55369728	55366953	0
4	55375034	55366600	0
4	55375034	55366755	0
4	55375034	55366953	0
4	55375034	55367009	2
4	55375034	55367011	2
4	55375034	55367016	2
4	55375034	55369605	0
4	55375189	55367009	2
4	55375973	55374870	0
4	55377771	55374870	0
4	55377771	55374874	0
4	55377771	55374923	0
4	55377787	55374870	0
4	55377837	55374870	0
4	55380880	55374870	0
4	55380880	55377606	0
4	55380893	55377606	0
4	55382563	55374870	0
4	55382563	55377606	0
4	55382563	55380795	0
4	55382643	55374870	0
4	55382643	55380795	0
4	55382664	55374870	0
4	55383360	55382506	0
4	55383397	55374870	0
4	55383434	55377606	0
4	55383434	55380795	0
4	55383434	55382506	0
4	55383451	55382506	0
4	55383863	55377606	0
4	55383863	55382506	0
4	55383883	55374870	0
4	55383883	55377606	0
4	55383883	55380795	0
4	55383883	55382506	0
4	55385581	55377606	0
4	55385609	55380795	0
4	55385609	55382506	0
4	55385626	55382506	0
4	55386424	55377606	0
4	55386424	55382506	0
4	55386424	55382537	0
4	55386891	55386308	0
4	55386893	55383764	0
4	55387444	55386308	2
4	55387538	55386702	2
4	55387542	55386308	0
4	55393716	55387320	0
4	55395838	55387271	0
4	55395843	55386308	0
4	55395843	55387271	0
4	55395848	55386777	0
4	5543213	5542771	0
4	55438408	55432475	13
4	55438538	55427902	2
4	55438538	55434822	0
4	55438538	55435021	0
4	55442635	55438281	0
4	55443756	55442277	0
4	55443897	55442431	0
4	55453130	55450090	0
4	55453825	55453053	0
4	55456004	55453676	0
4	55456004	55453759	0
4	55463806	55459147	0
4	55470807	55463684	0
4	55470807	55463697	0
4	55476055	55470716	0
4	55476055	55470743	0
4	55478964	55475962	0
4	55479061	55475962	0
4	55479700	55478814	0
4	55479700	55478846	0
4	55482829	55479639	0
4	55486550	55482738	0
4	55489466	55482738	0
4	55489466	55482772	0
4	55489466	55486392	0
4	55489466	55486393	0
4	55510028	55489373	0
4	55510066	55489373	0
4	55510067	55489373	0
4	55545933	55509911	0
4	55546547	55489373	0
4	55546647	55509911	0
4	55546656	55509911	0
4	55546882	55489373	0
4	55547139	55509911	0
4	55562613	55556524	0
4	55599182	55595228	0
4	55599182	55595230	0
4	55599182	55595233	0
4	55599182	55595283	0
4	55599182	55595316	0
4	55600576	55599141	0
4	55600576	55599151	0
4	5565360	5543045	0
4	5565360	5562438	0
4	5565360	5562788	0
4	56342967	56338286	0
4	56342967	56338289	0
4	56342967	56338292	0
4	56342967	56338604	0
4	56350059	56338286	1
4	56350059	56343561	1
4	56350059	56345126	2
4	56351458	56348927	0
4	56351458	56349262	0
4	56355424	56353403	0
4	56355424	56354704	2
4	56371644	56355181	0
4	56378465	56355299	0
4	56382598	56371450	0
4	56382598	56378147	0
4	56384300	56382423	0
4	56384342	56371450	0
4	56384342	56378147	0
4	56384342	56381758	0
4	56384342	56382476	0
4	56387424	56382476	0
4	56387459	56378147	0
4	56396740	56393361	2
4	56396740	56393364	2
4	56399401	56396618	0
4	56400917	56396618	0
4	56401482	56400783	0
4	56402182	56401329	0
4	56402182	56401389	0
4	56403186	56402108	0
4	56403402	56403039	0
4	56403402	56403062	0
4	56403402	56403073	0
4	56420049	56422359	0
4	56435497	56407649	0
4	56435509	56407649	0
4	56435616	56407649	0
4	56650813	56647988	0
4	56650813	56647997	0
4	56656013	56647987	0
4	56656013	56647997	0
4	56656013	56648274	0
4	56656013	56650682	0
4	56656305	56647997	0
4	56672802	56659151	0
4	56676567	56655856	0
4	56681295	56676498	0
4	56681298	56672654	0
4	56681707	56657774	0
4	56681708	56655856	0
4	56681878	56655856	0
4	56681900	56655856	0
4	56811795	56809860	0
4	56811795	56809871	0
4	56811797	56809859	0
4	56811799	56809861	0
4	56816715	56811691	0
4	56820580	56811684	0
4	56821743	56809861	0
4	56821743	56811684	0
4	56821743	56816710	0
4	56910940	56911335	38
4	56964527	56963369	0
4	56966737	56964405	0
4	56968516	56966619	0
4	56978824	56973857	0
4	57010201	57010360	0
4	57023581	57023661	0
4	57032553	57030772	0
4	57033312	57032037	0
4	57033312	57032425	0
4	57110386	57040823	0
4	57201216	57201785	0
4	57605873	57595939	0
4	57625313	57605693	0
4	5825660	5748083	0
4	5825660	5820763	5
4	5825660	5820782	5
4	5825660	5820783	5
4	5825660	5821242	3
4	5826862	5820783	9
4	58529271	58524514	0
4	58563718	58562164	0
4	58782643	58780625	0
4	58857749	58847167	0
4	58860970	58850969	0
4	58860970	58857624	0
4	58860970	58860510	0
4	58977114	58784035	0
4	58987890	58987502	0
4	58987956	58987181	0
4	58988119	58987815	0
4	58988153	58987530	0
4	58988161	58987815	0
4	59048136	59047019	0
4	59561088	59551141	0
4	5959627	5897372	0
4	5959627	5897590	0
4	5965146	5956701	0
4	5965146	5956900	0
4	5965146	5957117	0
4	59786667	59767815	0
4	6026279	6022703	0
4	6029782	6026202	0
4	6054149	6050577	0
4	6054804	6053756	0
4	6056760	6053756	0
4	6056760	6053758	0
4	6056760	6053801	0
4	6056760	6054049	0
4	6062441	6060423	0
4	6065009	6062311	0
4	6065009	6062392	0
4	6070163	6064976	0
4	6070196	6064879	0
4	6078999	6064879	0
4	6080313	6064879	0
4	61425438	61420245	0
4	62072878	62071751	0
4	62072878	62071754	0
4	62082053	62072846	0
4	62118103	62072752	0
4	62120290	62081971	0
4	62120290	62117904	0
4	62120290	62118061	0
4	6329354	6320577	0
4	6329354	6322943	0
4	6329354	6323045	0
4	6329354	6323055	0
4	6329354	6323160	0
4	6333732	6329261	0
4	63474139	63468700	0
4	6348011	6333561	0
4	6348011	6333645	0
4	6372701	6347845	0
4	6372701	6347925	0
4	6375932	6372522	0
4	6375932	6372591	0
4	6381095	6375818	0
4	6381095	6378406	0
4	6381095	6380032	0
4	6384827	6378406	0
4	64281087	64275256	0
4	64281087	64277701	0
4	64281537	64280074	0
4	64300018	64289709	0
4	64300018	64298863	0
4	64305239	64299973	0
4	64309932	64304904	0
4	64309932	64305165	0
4	64322697	64314647	0
4	64322793	64314647	0
4	64328557	64322686	0
4	64328557	64322688	0
4	64409399	64375171	0
4	64409457	64375171	0
4	64409463	64375171	0
4	64409469	64375171	0
4	64926662	64914280	0
4	65144750	65142702	0
4	65238465	65225866	0
4	653320	653436	0
4	65332129	65319562	0
4	65332129	65323394	0
4	65332129	65323927	0
4	65336126	65330560	0
4	65336126	65331972	0
4	653790	652954	0
4	653972	653058	0
4	654214	653757	0
4	655478	653733	0
4	65602305	65420440	0
4	65602305	65495387	0
4	656214	654064	0
4	6617493	6618794	0
4	6617493	6619926	3
4	6620045	6621187	0
4	663871	664113	1
4	6640709	6640827	724
4	6640756	6640827	1039
4	6641155	6641226	1366
4	6641259	6641729	0
4	6652175	6648695	0
4	6659571	6652006	0
4	6673824	6670727	0
4	6673831	6670724	0
4	6673897	6661939	0
4	6674638	6674992	20
4	6674707	6674992	18
4	6689460	6687447	0
4	6709881	6707700	9
4	673402	672435	0
4	673402	672437	0
4	673524	672493	0
4	67420050	67418541	0
4	67421055	67419893	0
4	67421059	67417304	0
4	67422001	67420758	0
4	67422001	67420897	0
4	674339	673911	1
4	67468252	67421891	0
4	67474979	67468747	0
4	67474979	67472476	0
4	67474979	67472481	0
4	67490122	67474691	0
4	67490122	67474887	0
4	67493989	67492179	0
4	67493989	67492750	0
4	67493989	67492868	0
4	67495202	67493883	0
4	67495213	67493404	0
4	67495213	67493883	0
4	67505285	67495158	0
4	67506935	67505029	0
4	67506935	67505204	0
4	67512570	67508813	0
4	67512570	67510672	0
4	67514246	67512049	0
4	67514688	67512401	0
4	67622926	67612651	0
4	67622926	67618854	0
4	67630536	67629070	0
4	67631772	67630453	0
4	67631772	67630465	0
4	67639125	67635452	0
4	67662256	67649067	0
4	67663216	67661662	0
4	67663216	67662188	0
4	67663948	67663138	0
4	67665293	67662486	0
4	67665293	67663884	0
4	67678534	67677610	0
4	67681592	67678429	0
4	67681592	67678438	0
4	67720633	67721476	29
4	67721257	67718995	0
4	67722637	67719926	8
4	67744660	67740479	0
4	67744788	67739327	0
4	67754336	67744567	0
4	67754361	67744567	0
4	67770706	67766479	0
4	67825875	67820875	0
4	67825875	67820877	0
4	67827521	67825731	0
4	67833382	67827260	0
4	67833382	67827467	0
4	67833628	67827260	0
4	67835122	67825806	0
4	67835122	67833203	0
4	67835122	67833251	0
4	67835122	67833301	0
4	67838259	67835082	0
4	67838330	67833203	0
4	67838330	67835082	0
4	67839059	67838171	0
4	67842626	67838033	0
4	67842626	67838171	0
4	67842626	67838206	0
4	67854187	67838171	0
4	67914731	67909384	0
4	67914731	67910300	0
4	67914731	67911309	0
4	67994116	67991683	0
4	67994116	67991811	0
4	68010446	67999745	0
4	68059469	68053197	0
4	68064945	68059325	0
4	68090642	68073941	0
4	68185510	68184080	0
4	68186154	68184128	0
4	68186204	68184177	0
4	68188585	68187679	0
4	68191317	68188423	0
4	68191525	68188523	0
4	68191525	68191250	0
4	68206098	68188402	0
4	68206098	68191020	0
4	68212478	68191406	0
4	68212478	68206034	0
4	68217914	68212361	0
4	68218004	68212361	0
4	68218005	68205875	0
4	68218081	68212361	0
4	68228885	68226652	0
4	68229517	68228741	0
4	68229679	68228741	0
4	68232417	68231202	0
4	68234624	68231832	0
4	68234624	68232377	0
4	68283878	68282460	0
4	682891	681828	0
4	682891	681830	0
4	682891	681857	0
4	682891	681861	0
4	68316449	68310386	0
4	68316449	68313320	0
4	68316449	68313323	0
4	68318582	68315854	0
4	68318582	68316313	0
4	68322916	68320122	1
4	68324224	68322491	0
4	68324224	68322748	0
4	683368	682780	3
4	68337901	68337026	0
4	68338385	68337571	0
4	68338385	68337839	0
4	68338413	68337765	0
4	683762	683209	0
4	683762	683217	0
4	684600	683608	1
4	684603	683608	1
4	684857	683608	1
4	684857	684482	0
4	685102	684482	0
4	68517648	68509440	0
4	68550897	68537183	0
4	68628900	68626846	0
4	686303	685834	1
4	68654257	68646629	0
4	686625	684718	0
4	686691	683608	0
4	686691	684718	0
4	686691	686088	0
4	68708856	68704599	0
4	68880132	68877625	0
4	68906984	68901007	0
4	68920387	68914927	0
4	68930766	68928462	0
4	68930766	68929449	0
4	68974002	68972998	0
4	68987565	68985008	0
4	69009081	69004861	0
4	69204650	69199950	0
4	69205568	69204429	0
4	69205694	69204303	0
4	69214732	69212572	0
4	69485428	69480164	0
4	69486697	69480164	0
4	69486697	69480329	0
4	69486697	69485207	0
4	69486697	69486560	0
4	69489571	69486604	0
4	69489571	69486608	0
4	69493842	69489438	0
4	69493842	69489477	0
4	69495862	69493692	0
4	69495896	69493692	0
4	69495909	69493692	0
4	69526015	69493692	0
4	69526015	69495140	0
4	69526015	69495698	0
4	69574565	69572390	0
4	69594697	69588416	0
4	69594697	69588421	0
4	69594697	69589193	0
4	69594697	69589308	0
4	69594697	69589371	0
4	69594697	69589606	0
4	69596382	69595161	0
4	69599395	69595161	0
4	69599395	69596249	0
4	69599762	69596316	0
4	69647699	69599245	0
4	69647699	69635690	0
4	69647699	69638898	0
4	69647701	69599245	0
4	69647762	69599245	0
4	69653248	69646929	0
4	69653248	69647169	0
4	69653250	69646929	0
4	69730682	69721161	0
4	69734265	69733412	0
4	69749819	69734137	0
4	69749819	69734172	0
4	69754799	69749720	0
4	69755202	69754669	0
4	69755262	69754669	0
4	69794458	69791871	0
4	69810868	69809829	0
4	69813889	69810741	0
4	69838573	69810779	0
4	69841547	69838447	0
4	69842107	69841430	0
4	69844342	69841211	0
4	69844342	69841989	0
4	69849564	69847697	0
4	69854315	69849125	0
4	69854315	69849436	0
4	69956356	69955255	0
4	69999688	69999779	0
4	70032000	70032077	0
4	70054343	70054420	0
4	70055603	70058579	0
4	70162978	70165757	0
4	7035275	7030553	0
4	7045103	7035170	0
4	70472093	70472214	0
4	7053502	7054061	0
4	7062467	7058905	13
4	7062467	7060687	0
4	7062467	7061137	0
4	7064224	7060528	1
4	7064224	7062384	0
4	7064342	7062384	0
4	70657292	70655540	0
4	70657292	70655543	0
4	70657292	70656319	0
4	70657292	70656362	0
4	70657292	70656384	0
4	70662216	70657210	0
4	70662216	70657268	0
4	70664150	70662091	0
4	70665887	70662091	0
4	70666515	70662091	0
4	70666632	70662091	0
4	70666661	70662091	0
4	70799876	70800140	2
4	70824369	70815781	0
4	70824369	70819530	0
4	70824369	70819532	0
4	70824369	70819757	0
4	70824369	70820311	0
4	70824369	70820374	0
4	70824369	70820698	0
4	70836315	70820745	0
4	7097380	7094570	0
4	7103330	7097322	0
4	7103381	7098067	0
4	71236232	71236575	0
4	71437925	71434404	0
4	71746206	71741692	0
4	71746206	71741695	0
4	71746206	71741707	0
4	71746206	71741727	0
4	71746206	71741738	0
4	71752651	71741726	0
4	71763503	71758041	0
4	71763937	71763407	0
4	71765586	71763803	0
4	71765644	71763803	0
4	71768434	71763803	0
4	71768434	71765431	0
4	71768434	71765469	0
4	71822918	71821304	0
4	72283705	72282040	2
4	72288869	72280968	0
4	72288869	72282461	0
4	72298443	72295653	0
4	72304081	72298224	0
4	72304081	72298276	0
4	72339694	72323013	0
4	724035	722274	0
4	72548885	72414814	0
4	72548885	72441675	0
4	73061921	73052361	0
4	73061921	73056079	0
4	73061921	73058075	0
4	73061921	73058113	0
4	73069693	73068028	0
4	73069727	73068028	0
4	73069742	73065249	0
4	73069742	73068028	0
4	73069756	73068550	0
4	73077105	73073375	0
4	73077105	73075237	0
4	73077105	73075685	0
4	73077534	73076939	0
4	73078891	73077354	0
4	73078891	73077368	0
4	73098521	73097116	0
4	73102548	73098072	0
4	73102548	73100860	0
4	73102780	73098072	0
4	73104081	73102375	0
4	73113909	73102375	0
4	73113909	73102462	0
4	73113909	73113083	0
4	73125059	73121616	0
4	73125313	73124912	0
4	73125313	73125029	0
4	73161349	73156018	0
4	73169091	73161191	0
4	73177534	73161191	0
4	73258799	73141740	0
4	733790	733883	5
4	73576508	73571549	0
4	73576508	73573144	0
4	73576508	73574570	0
4	73576508	73575852	0
4	73611830	73598639	0
4	73611830	73604078	0
4	73615937	73593450	0
4	73741678	73741948	0
4	73944325	73944010	0
4	73981544	73981076	0
4	73987653	73987037	0
4	73998096	73995641	0
4	74038177	74036588	0
4	74038177	74037131	0
4	74038414	74037655	0
4	74038414	74038092	0
4	74038651	74038289	0
4	74038690	74038092	0
4	74038690	74038289	1
4	74038808	74037068	0
4	74054411	74054040	0
4	74054821	74054274	0
4	74098685	74097034	0
4	74098685	74097675	0
4	74098923	74098600	0
4	74099196	74098600	0
4	74099197	74098530	0
4	74099294	74098798	4
4	74160089	74161779	19
4	74440458	74418916	0
4	74556101	74552583	0
4	74748150	74744758	0
4	74748150	74746378	0
4	74967677	74955973	0
4	74967779	74965170	0
4	74997789	74993876	0
4	75083497	75082018	0
4	75083669	75082036	0
4	75084718	75081701	0
4	75341638	75341278	0
4	75361183	75269067	0
4	75434450	75361206	0
4	75490664	75482007	0
4	75490702	75479036	0
4	75490702	75481468	0
4	75490702	75482085	0
4	75490702	75482341	0
4	75490702	75482412	0
4	75490702	75482537	0
4	75490702	75482603	0
4	75491638	75490580	0
4	75491638	75490597	0
4	75491783	75482007	0
4	75491783	75490580	0
4	75491783	75491582	0
4	75491783	75491606	0
4	75491783	75491610	0
4	75491934	75490580	0
4	75491934	75491723	0
4	75494180	75491888	0
4	75494180	75491910	0
4	75494432	75491888	0
4	75514521	75514869	3
4	75564253	75564387	0
4	75581899	75578004	0
4	75581899	75578863	0
4	75596341	75581809	0
4	75596341	75592145	0
4	75597141	75596079	0
4	75597237	75596246	0
4	75598213	75596934	0
4	75600370	75598076	0
4	75600370	75598118	0
4	75646457	75642781	4
4	75646457	75644388	101
4	75647158	75646337	0
4	75648742	75647028	0
4	75649103	75647023	0
4	75655247	75648638	0
4	75655247	75653982	0
4	75655871	75654913	0
4	75655871	75655065	0
4	75655871	75655196	0
4	75657015	75655767	0
4	75657015	75655842	0
4	75657695	75656923	0
4	75657731	75656923	0
4	75657731	75656940	0
4	75657731	75656972	0
4	75657731	75656990	0
4	75658897	75655767	0
4	75658925	75657556	0
4	75658925	75657560	0
4	75658925	75657575	0
4	75658925	75657600	0
4	75658925	75657608	0
4	75658925	75657674	0
4	75662050	75658842	0
4	75662050	75658851	0
4	75662074	75658842	0
4	75662526	75661930	0
4	75670428	75661930	0
4	75672682	75661930	0
4	75672712	75661930	0
4	75672928	75661930	0
4	75673115	75661930	0
4	75673147	75658842	0
4	75673158	75662212	0
4	75673351	75661514	0
4	75673379	75658842	0
4	75673388	75661930	0
4	75673402	75661930	0
4	75673970	75661930	0
4	75694930	75661930	0
4	75724177	75661930	0
4	75724526	75661930	0
4	75864528	75859863	0
4	75864528	75859871	0
4	75866520	75864439	0
4	75867420	75864439	0
4	75867420	75866188	0
4	75867420	75866478	0
4	75883076	75876286	0
4	75883076	75881330	0
4	75883203	75882752	0
4	75883203	75882925	0
4	75883533	75882948	0
4	75888329	75886851	0
4	75888332	75886851	0
4	75889205	75888300	0
4	75890133	75886851	0
4	75890133	75888213	0
4	75891979	75891647	0
4	75896326	75891850	0
4	75896384	75891850	0
4	75896405	75891850	0
4	75896405	75891933	0
4	75914986	75913656	0
4	75914986	75914304	0
4	75918790	75914867	0
4	75918790	75916437	0
4	75919976	75913968	0
4	75919976	75914867	0
4	75919976	75917466	0
4	75919976	75918760	0
4	75920801	75919341	0
4	75920801	75919908	0
4	75936231	75931213	0
4	75936236	75931213	0
4	75940166	75934890	0
4	75940166	75936108	0
4	75940225	75936163	0
4	75940261	75936108	0
4	75940974	75940000	2
4	75940984	75940000	4
4	75941012	75939969	0
4	75941052	75940000	0
4	75950798	75940949	1
4	75956137	75949905	0
4	75956137	75949915	0
4	75956137	75950285	0
4	75956137	75950687	0
4	75960193	75957846	0
4	75961105	75960065	0
4	75961105	75960121	0
4	75965823	75964134	0
4	75967335	75965763	0
4	75967335	75965783	0
4	75969400	75965763	0
4	75971459	75970308	0
4	75973392	75971356	0
4	75973392	75971384	0
4	75974134	75973316	0
4	75974134	75973359	0
4	75975845	75973316	0
4	75977686	75975923	0
4	75977757	75975923	0
4	75981471	75975923	0
4	75981471	75977645	0
4	75981471	75977668	0
4	75981515	75977645	0
4	75981546	75977645	0
4	75981546	75977722	0
4	75982038	75977645	0
4	76004894	76001274	0
4	76006275	76004808	0
4	76022456	76021116	0
4	76035120	76033681	0
4	76035120	76034689	0
4	76041416	76035926	0
4	76117743	76115103	0
4	76117775	76114658	0
4	76117775	76114663	0
4	76117775	76115086	0
4	76117775	76115205	0
4	76117775	76115300	0
4	76117775	76115437	0
4	76118195	76114658	0
4	76124757	76117663	0
4	76124757	76118074	0
4	76130702	76124648	0
4	76130750	76117663	0
4	76130750	76118074	0
4	76130750	76124648	0
4	76130852	76124648	0
4	76132720	76131229	0
4	76134312	76132319	0
4	76134363	76132522	0
4	76136413	76134174	0
4	76136413	76134175	0
4	76144293	76132522	0
4	76144293	76134174	0
4	76144293	76136185	0
4	76144293	76136187	0
4	76144293	76136320	0
4	76144474	76134174	0
4	76144474	76136185	0
4	76144474	76144129	0
4	76144474	76144148	0
4	76144474	76144183	0
4	76144474	76144196	0
4	76148445	76124579	0
4	76163384	76158732	0
4	76163384	76158749	1
4	76163384	76158759	43
4	76163384	76158760	43
4	76163384	76158793	49
4	76163384	76158913	109
4	76163384	76159002	176
4	76163384	76160058	0
4	76163384	76160949	0
4	76163384	76161285	0
4	76163384	76161401	0
4	76163384	76161451	0
4	76163384	76161536	0
4	76163384	76161665	0
4	76163458	76161453	0
4	76166302	76161456	0
4	76166302	76161648	0
4	76166302	76163224	0
4	76166302	76163286	0
4	76166865	76163224	0
4	76168477	76163224	0
4	76174314	76169866	0
4	76175911	76172727	0
4	76175911	76173551	0
4	76175911	76174143	0
4	76176252	76174220	0
4	76176529	76174143	0
4	76176529	76175790	0
4	76176529	76175871	0
4	76177134	76175790	0
4	76179696	76176436	0
4	76179706	76174143	0
4	76179706	76175790	0
4	76179706	76176436	0
4	76179710	76176436	0
4	76179772	76176436	0
4	76180355	76179516	0
4	76181093	76179516	0
4	76181102	76175790	0
4	76181102	76176436	0
4	76181102	76179367	0
4	76181102	76179516	0
4	76181102	76180210	0
4	76184781	76181013	0
4	76195865	76166249	0
4	76195865	76175790	0
4	76195865	76179077	0
4	76195865	76179516	0
4	76195865	76180953	0
4	76195865	76184656	0
4	76213339	76195706	0
4	76213472	76195706	0
4	76213509	76195706	0
4	76213521	76195706	0
4	76213592	76195706	0
4	76213602	76195706	0
4	76213604	76195706	0
4	76213687	76195706	0
4	76213773	76195706	0
4	76213790	76195706	0
4	76213796	76195706	0
4	76213797	76195706	0
4	76213800	76195706	0
4	76213825	76195706	0
4	76213827	76191849	0
4	76213877	76195706	0
4	76213919	76195706	0
4	76234537	76195706	0
4	76278225	76280263	0
4	76278225	76283380	0
4	76280342	76283380	0
4	76323410	76312996	0
4	76323410	76313001	0
4	76351122	76332431	0
4	76351122	76333964	0
4	76351122	76334021	0
4	76357527	76355323	0
4	76379405	76371416	0
4	76379405	76375176	0
4	76384416	76383661	0
4	76384666	76384087	0
4	76384666	76384378	0
4	76396487	76384555	0
4	76403277	76396268	0
4	76403281	76384555	0
4	76403281	76396268	0
4	765075	764486	0
4	766406	766673	60
4	76758475	76756959	0
4	76801965	76758553	0
4	77055381	77047157	1
4	77056050	77048114	0
4	77056101	77055322	2
4	77056103	77055149	0
4	77056103	77055233	0
4	77056324	77055961	0
4	77056324	77056043	0
4	77056324	77056064	0
4	77056486	77055961	0
4	77058636	77056248	0
4	77065081	77058506	0
4	77066406	77055961	0
4	77066406	77058506	0
4	77066406	77058509	0
4	77074911	77066248	0
4	77075333	77066248	0
4	77075621	77066164	0
4	77075694	77066248	0
4	77075990	77058558	0
4	77076006	77066248	0
4	77157237	77157369	2
4	77158452	77158532	0
4	77399795	77394490	0
4	77494287	77399592	0
4	7769009	7758713	1
4	7769009	7758714	1
4	7769009	7763221	1
4	7769009	7763566	0
4	7769009	7763623	0
4	77726370	77713386	0
4	77726370	77718020	0
4	77726370	77720229	0
4	77726370	77720237	0
4	77729082	77726165	0
4	77729082	77726166	0
4	77729082	77726305	0
4	7773011	7768843	0
4	77731539	77728853	0
4	77731882	77728876	0
4	77742296	77731386	0
4	77742473	77742140	0
4	77744876	77742140	0
4	77748385	77742202	0
4	7774904	7772819	0
4	77756952	77748315	0
4	77773167	77756861	0
4	7778877	7774738	0
4	7779188	7774738	0
4	7781628	7778761	0
4	7786312	7778761	0
4	7793813	7788606	0
4	7793827	7786193	0
4	7809764	7800441	0
4	7816049	7809438	0
4	7816100	7809613	0
4	781831	767140	0
4	781850	762386	0
4	781850	780148	1
4	781850	780245	1
4	7838704	7819075	0
4	7843351	7838523	0
4	7843351	7838587	1
4	7843838	7842687	0
4	7855575	7843138	0
4	78888149	78887126	0
4	78906162	78887126	0
4	78906162	78888060	0
4	78915371	78906107	11
4	78917881	78910837	10
4	78917881	78914808	3
4	78917881	78915209	3
4	78917900	78915197	3
4	78920682	78917760	87
4	78922422	78917939	0
4	78922422	78920533	0
4	78923948	78911877	0
4	78923948	78917760	0
4	78923948	78917941	0
4	78923948	78920533	0
4	78923948	78922140	0
4	78923948	78922828	0
4	78926605	78923856	0
4	78926610	78923516	0
4	78926643	78917760	0
4	78926719	78923856	0
4	78926719	78923916	0
4	78930326	78926520	0
4	78930326	78926673	0
4	78930621	78926599	0
4	792448	784957	0
4	792609	784956	0
4	792609	786530	0
4	792693	786389	0
4	79294115	79225693	0
4	79325469	79225979	0
4	79325524	79294004	0
4	79326051	79316652	0
4	7939927	7871951	0
4	7983345	7965309	0
4	7983345	7965311	0
4	7983345	7965328	0
4	7983345	7966045	0
4	7983345	7966301	0
4	7983345	7966358	0
4	7983345	7966989	0
4	7983350	7966978	0
4	7983433	7965328	0
4	79907468	79905570	17
4	79964891	79906761	0
4	79965098	79907169	0
4	79977702	79901148	0
4	79977702	79907352	0
4	79977702	79907404	0
4	79978175	79977536	0
4	79978175	79977578	0
4	79978175	79977620	0
4	80054353	80008520	0
4	80054353	80035971	0
4	80055219	80054271	0
4	80055219	80054280	0
4	80069508	80055931	0
4	80071621	80069435	0
4	80071655	80069435	0
4	80079601	80055931	0
4	8008198	7983546	0
4	8008198	7992865	0
4	8008201	7983546	0
4	8008201	7992865	0
4	8009103	7983546	0
4	8009103	7992865	0
4	8009103	8007024	0
4	8009103	8007384	0
4	8009103	8008058	0
4	8009103	8008062	0
4	80097630	80071582	0
4	80190170	80183279	0
4	8020241	8019617	0
4	8020304	8019617	0
4	8020304	8020200	0
4	8020826	8019617	0
4	8027858	8020201	0
4	8027858	8020212	0
4	8027858	8020241	0
4	8029777	8009049	0
4	8029777	8019617	0
4	8029777	8020201	0
4	8071828	8060966	0
4	8071987	8060966	0
4	8077722	8060966	0
4	8106638	8097098	0
4	81092453	81087369	0
4	81092453	81088682	0
4	81092453	81089428	0
4	81092453	81089492	0
4	81092453	81089596	0
4	81140670	81137392	0
4	81142948	81140532	0
4	81142948	81140627	0
4	81144331	81140532	0
4	81205061	81174792	0
4	81432372	81426392	0
4	81432372	81427064	0
4	81432372	81427448	0
4	81434735	81433839	0
4	81440930	81434638	0
4	81440930	81434675	0
4	81456789	81447503	0
4	81456789	81448068	0
4	81456789	81450893	0
4	81456789	81452028	0
4	81457603	81456650	0
4	81457622	81450892	0
4	81457622	81455212	0
4	81457622	81456650	0
4	81459515	81456650	0
4	81459515	81457498	0
4	81471237	81459331	0
4	81471891	81459331	0
4	81471905	81459331	0
4	81471908	81448068	0
4	81471916	81459331	0
4	81471929	81458982	0
4	81521546	81459478	0
4	8158690	8106493	0
4	8158710	8106493	0
4	8158755	8106493	0
4	8158784	8106493	0
4	8158812	8106493	0
4	8158833	8106493	0
4	81602923	81459331	0
4	81635898	81602870	0
4	81635898	81602873	0
4	81802890	81635822	0
4	81824572	81521411	0
4	81824572	81602731	0
4	81824572	81602838	0
4	81824572	81635797	0
4	82012415	82010664	0
4	82044070	81915310	0
4	82044245	81915310	0
4	8205367	8205536	0
4	8233066	8233362	2
4	82355002	82353833	3
4	82355402	82352497	4
4	82355402	82353828	1
4	82355402	82353833	1
4	82355402	82354894	0
4	8235556	8236277	0
4	8235556	8237473	0
4	82356684	82355248	0
4	82356684	82355303	0
4	82356896	82354846	0
4	82356896	82355303	0
4	82356896	82356536	0
4	82356896	82356553	0
4	82357393	82356795	0
4	82357445	82356795	0
4	82358821	82357312	0
4	82358821	82357402	0
4	82358821	82357436	0
4	82358843	82353828	0
4	82359640	82358658	2
4	82359640	82358757	3
4	8236429	8237473	0
4	82371585	82359470	2
4	82371585	82359515	2
4	82373778	82359470	0
4	82373984	82359470	0
4	82373992	82358658	2
4	82374504	82359470	0
4	82425668	82424628	7
4	82425668	82424629	8
4	82426130	82422563	4
4	82426130	82422564	4
4	82426130	82424628	7
4	82426130	82424630	7
4	82426130	82425562	6
4	82426634	82424624	7
4	82426634	82425582	1
4	82426634	82426036	2
4	82427305	82426036	4
4	82460037	82460037	146
4	82490239	82483169	0
4	82490239	82484589	0
4	82496196	82490060	0
4	82496196	82490084	0
4	82502795	82496067	0
4	82502795	82496078	0
4	82502928	82502726	0
4	82502928	82502759	0
4	82614095	82613112	0
4	82636824	82629538	0
4	82680913	82636590	0
4	82680913	82659886	0
4	82705414	82680706	0
4	82798773	82705282	0
4	82798858	82705282	0
4	82821109	82818660	0
4	82821109	82818661	0
4	82821109	82818671	0
4	82821109	82819010	0
4	82821109	82819021	0
4	82821109	82819043	0
4	82821452	82819037	0
4	82824675	82819020	0
4	82824675	82821036	0
4	82827613	82824554	0
4	82827633	82824554	0
4	82827633	82824597	0
4	82829059	82827368	0
4	82829059	82827499	0
4	82829059	82827547	0
4	82829414	82827555	0
4	82844461	82842139	0
4	82844510	82828999	0
4	82844510	82842139	0
4	82844510	82842184	0
4	82845294	82844385	0
4	82848844	82845200	0
4	82848978	82843684	0
4	82848978	82844385	0
4	82848978	82845200	0
4	82851605	82848803	0
4	82851605	82848825	0
4	82853638	82851513	0
4	82853716	82851430	0
4	82855030	82853569	0
4	82855030	82853630	0
4	82857131	82854902	0
4	82857131	82854905	0
4	82857131	82854949	0
4	82863393	82857688	0
4	82863393	82861630	0
4	82863393	82862533	0
4	82864456	82863317	0
4	82864599	82863210	0
4	82864599	82863317	0
4	82871951	82870324	0
4	82872087	82870324	0
4	82874752	82871932	0
4	82874752	82871943	0
4	82875823	82874610	0
4	82875823	82874697	0
4	82878919	82875784	0
4	82878929	82875726	0
4	82878929	82875730	0
4	82878929	82875771	0
4	82878929	82877488	0
4	82878929	82877556	0
4	82880712	82878775	0
4	82880923	82875726	0
4	82880923	82878729	0
4	82880923	82878857	0
4	82880923	82878887	0
4	82880923	82880661	2
4	82881938	82880798	0
4	82881941	82878729	0
4	82881941	82880798	0
4	82881941	82880803	0
4	82881941	82880806	0
4	82891019	82881857	0
4	82891096	82881857	0
4	82891103	82881857	0
4	82891121	82881857	0
4	82891134	82881857	0
4	82891137	82881857	0
4	82891149	82881857	0
4	82891154	82881857	0
4	82891179	82878729	0
4	82891179	82880798	0
4	82891179	82881857	0
4	82891185	82881857	0
4	82891204	82881857	0
4	82891206	82881857	0
4	82891215	82881857	0
4	82891241	82881857	0
4	82891260	82881857	0
4	82891262	82881857	0
4	82891267	82880798	0
4	82891267	82881857	0
4	82895775	82893008	9
4	82895775	82894794	3
4	82898063	82881856	0
4	82898063	82881857	0
4	82898063	82881901	0
4	82898063	82895690	2
4	82898063	82895691	2
4	82899738	82881857	0
4	82899738	82893544	2
4	82899738	82897792	0
4	82899738	82897922	0
4	82899738	82897988	0
4	82900224	82881857	0
4	82900224	82894249	1
4	82900224	82895691	1
4	82900224	82897762	1
4	82900224	82897855	1
4	82900224	82897988	1
4	82900224	82899544	0
4	82900224	82899712	0
4	82900503	82900076	1
4	82900509	82900076	1
4	82900539	82900076	9
4	82900560	82900076	11
4	82900567	82899692	1
4	82900567	82900076	12
4	82900570	82899822	1
4	82900570	82900076	16
4	82900572	82900076	16
4	82900961	82900076	19
4	82901167	82900076	3
4	82913442	82909972	0
4	82924851	82913230	0
4	82928199	82924689	20
4	82931146	82924602	0
4	82931146	82925547	0
4	82931146	82925714	1
4	82931146	82927559	0
4	82931146	82927585	0
4	82931146	82927776	0
4	82946475	82939888	0
4	82970470	82939888	0
4	82984877	82939888	0
4	82984877	82946257	0
4	82984877	82970326	0
4	82984877	82978882	0
4	82984877	82984161	26
4	83010710	82984160	0
4	83010711	82984160	0
4	83010732	82984823	0
4	83010822	82984823	0
4	83010824	82984823	0
4	83010830	82984160	0
4	83012888	82984823	0
4	83012912	82984823	0
4	83012927	82984160	0
4	83094792	83090047	0
4	83094792	83090687	0
4	83094792	83090792	0
4	83094792	83090805	0
4	83105021	83092860	0
4	83105021	83094677	0
4	83114737	83094677	0
4	83238616	83233511	0
4	83247214	83238521	0
4	83262656	83261535	0
4	83267209	83263823	0
4	83267775	83262588	0
4	83267775	83263823	0
4	83267775	83263825	0
4	83267775	83266696	0
4	83267775	83267089	0
4	83273618	83272086	0
4	83279059	83273495	0
4	83279115	83273495	0
4	83279115	83273542	0
4	83301107	83292460	0
4	83301107	83295319	0
4	83301107	83295343	0
4	83378077	83377362	0
4	83416866	83407342	0
4	83416866	83407372	0
4	83421737	83407366	0
4	83453946	83448782	0
4	83455805	83453230	0
4	83455824	83453230	0
4	83455824	83453756	2
4	83455856	83453719	0
4	83455857	83453230	0
4	83456959	83458345	0
4	83459798	83460972	1
4	83461033	83461120	3
4	83463609	83459516	11
4	83463609	83460944	0
4	83463609	83462008	0
4	83463609	83462074	0
4	83466946	83463722	0
4	83467539	83463493	0
4	83467539	83466838	0
4	83469152	83467453	0
4	83469902	83467453	0
4	83470334	83469031	0
4	83470397	83469031	0
4	83472289	83470202	0
4	83472289	83470273	0
4	83476680	83470202	0
4	83482245	83476642	0
4	83482245	83478807	0
4	83523349	83482153	0
4	83674249	83668509	0
4	8370995	8366281	0
4	8370995	8366711	0
4	8370995	8366960	0
4	8375153	8370907	0
4	8375153	8373560	0
4	83811646	83796435	0
4	8381608	8374467	0
4	8381608	8374977	0
4	8389287	8381491	0
4	8389287	8381553	0
4	8394743	8392332	1
4	84012120	83935622	0
4	84012120	83968081	0
4	8410356	8405954	0
4	8414382	8410211	0
4	8414382	8410281	0
4	84148131	84012054	0
4	84149257	84148046	0
4	84149289	84147732	0
4	84243217	84012054	0
4	84243217	84149218	0
4	84284327	84243110	0
4	84284328	84243110	0
4	84374929	84371392	0
4	8440712	8416377	0
4	8440724	8416377	0
4	84495845	84491986	2
4	8454943	8453409	0
4	84677397	84669609	0
4	84677397	84672290	0
4	84688266	84683942	0
4	84691786	84690505	0
4	84693033	84691630	0
4	84693033	84691725	0
4	84735121	84733381	0
4	84736328	84735042	0
4	84736328	84735105	0
4	84751717	84743699	0
4	84753877	84751247	0
4	84753877	84751482	0
4	84801865	84797995	0
4	84803468	84801649	0
4	84803468	84801781	0
4	84803468	84801789	0
4	84804175	84803289	0
4	84808418	84803289	0
4	84810108	84803289	0
4	84810345	84808333	0
4	84817586	84808865	0
4	84817586	84809886	0
4	84841264	84836928	0
4	84844510	84841191	0
4	84850016	84844455	0
4	84850026	84841153	0
4	84860564	84849672	0
4	84860623	84849901	0
4	84879495	84860563	0
4	84896942	84860411	0
4	84897011	84860411	0
4	84932364	84879405	0
4	850069	849276	23
4	850069	849277	23
4	850069	849307	36
4	850069	849675	29
4	850410	849277	3
4	851085	849277	0
4	851674	849275	0
4	851922	850935	0
4	851975	849891	0
4	851975	850935	1
4	853829	849891	0
4	859494	851749	0
4	859723	851749	0
4	859723	851852	0
4	86001478	85991107	0
4	86003705	86001436	0
4	86017371	85990006	0
4	86017371	85990137	0
4	86017371	85999847	0
4	86017371	86010452	0
4	86017376	86012500	0
4	86029275	86010394	0
4	86029275	86010430	0
4	86029275	86010607	0
4	86029275	86012321	0
4	86029275	86012477	0
4	86029275	86012487	0
4	86029275	86012490	0
4	86029275	86013873	0
4	86029275	86013879	0
4	86029275	86015030	0
4	86029275	86015134	0
4	86029275	86015142	0
4	86029275	86015152	0
4	86029275	86015160	0
4	86029275	86015211	0
4	86029275	86015230	0
4	86029275	86015268	0
4	86029275	86015934	0
4	86029275	86015936	0
4	86029275	86015944	0
4	86029275	86015959	0
4	86029275	86015961	0
4	86029275	86015968	0
4	86029275	86015975	0
4	86029275	86015978	0
4	86029275	86016001	0
4	86029275	86016014	0
4	86029275	86016074	0
4	86029275	86016085	0
4	86029275	86016131	0
4	86029275	86016153	0
4	86029275	86016220	0
4	86029275	86016249	0
4	86029275	86016367	0
4	86029275	86016435	0
4	86029275	86016444	0
4	86029275	86016477	0
4	86029275	86016479	0
4	86029275	86016485	0
4	86029275	86016486	0
4	86029275	86016487	0
4	86029275	86016489	0
4	86029275	86016490	0
4	86029275	86016492	0
4	86029275	86016497	0
4	86029275	86016498	0
4	86029275	86016501	0
4	86029275	86016502	0
4	86029275	86016521	0
4	86029275	86016531	0
4	86029275	86016532	0
4	86029275	86016533	0
4	86029275	86016535	0
4	86029275	86016603	0
4	86029275	86016617	0
4	86029275	86016627	0
4	86029275	86016628	0
4	86029275	86016643	0
4	86029275	86016733	0
4	86029275	86016756	0
4	86029275	86016770	0
4	86029275	86016798	0
4	86029275	86016869	0
4	86029275	86017064	0
4	86029275	86017081	0
4	86029275	86017176	0
4	86029275	86017224	0
4	86029275	86017231	0
4	86029275	86020221	0
4	86029275	86023930	0
4	86029288	86015041	0
4	86029288	86015951	0
4	86029288	86016366	0
4	86029288	86016487	0
4	86029288	86016490	0
4	86031432	86016118	0
4	86031432	86016487	0
4	86031432	86016490	0
4	86031432	86026435	0
4	86031432	86026508	0
4	86031432	86029196	0
4	86031432	86029211	0
4	86031973	86029196	0
4	86064387	86031367	0
4	86064391	86031367	0
4	86064391	86040872	0
4	86064391	86044539	0
4	86065604	86031367	0
4	86067956	86031367	0
4	86067956	86064265	0
4	86067956	86064336	0
4	86067956	86064354	0
4	86079620	86067772	0
4	86082345	86067843	0
4	86089278	86067772	0
4	86089278	86067885	0
4	86089550	86067823	0
4	86098449	86095134	0
4	86098449	86095330	0
4	86098449	86095425	0
4	86098596	86067772	0
4	86098596	86067811	0
4	86098596	86067835	0
4	86098596	86095601	0
4	86099286	86067848	0
4	86101218	86067772	0
4	86101218	86081005	0
4	86101218	86089205	0
4	86101218	86090304	0
4	86101218	86095176	0
4	86101218	86098420	0
4	86101218	86098523	0
4	86101435	86067772	0
4	86101923	86101051	0
4	86101993	86101051	0
4	86102033	86067772	0
4	86102033	86089205	0
4	86102033	86098420	0
4	86102033	86098523	0
4	86102033	86100478	0
4	86102033	86101051	0
4	86102033	86101193	0
4	86102467	86101893	0
4	86103245	86101893	0
4	86103245	86101985	0
4	86103245	86102012	0
4	86103245	86102270	0
4	86107244	86103185	0
4	86107326	86103185	0
4	86107353	86031367	0
4	86107353	86101893	0
4	86107353	86101941	0
4	86107353	86102868	0
4	86107353	86103185	0
4	86107353	86103212	0
4	86107353	86103219	0
4	86107565	86103185	0
4	86107654	86101893	0
4	86117767	86106806	0
4	86117828	86107222	0
4	86117847	86107222	0
4	86117854	86107222	0
4	86119539	86107222	0
4	86152145	86107222	0
4	86152197	86107222	0
4	86152197	86107242	0
4	86152630	86107222	0
4	86159335	86107222	0
4	86159467	86151990	0
4	86159468	86067772	0
4	86159468	86103185	0
4	86159468	86107222	0
4	86159468	86107236	0
4	86159468	86107282	0
4	86159468	86107287	0
4	86159468	86107317	0
4	86159468	86107342	0
4	86159468	86123692	0
4	86159468	86124332	0
4	86159468	86124358	0
4	86159468	86125121	0
4	86159468	86151990	0
4	86159468	86152462	0
4	86160520	86159297	0
4	86171073	86159297	0
4	86176080	86164445	0
4	86194336	86159297	0
4	86194408	86107222	0
4	86194408	86159049	0
4	86194408	86159090	0
4	86194408	86159157	0
4	86194408	86159297	0
4	86194408	86159357	0
4	86194408	86159365	0
4	86194408	86159381	0
4	86194408	86159400	0
4	86194408	86159403	0
4	86194408	86159412	0
4	86194408	86159421	0
4	86194408	86159427	0
4	86194408	86159445	0
4	86194408	86159458	0
4	86194408	86175986	0
4	86194408	86193775	0
4	86268570	86194308	0
4	86277130	86194335	0
4	86277224	86107222	0
4	86277224	86159297	0
4	86277224	86159381	0
4	86277224	86194308	0
4	86277224	86194335	0
4	86308755	86107222	0
4	86308755	86159297	0
4	86308755	86159381	0
4	86308755	86194308	0
4	86308755	86194335	0
4	86322030	86107222	0
4	86322030	86159297	0
4	86322030	86159381	0
4	86322030	86194308	0
4	86322030	86194335	0
4	86326558	86194308	0
4	86332728	86159297	0
4	86335157	86107222	0
4	86335157	86159297	0
4	86335157	86159381	0
4	86335157	86194308	0
4	86335157	86194335	0
4	86335157	86321843	0
4	86340424	86194335	0
4	86340451	86194308	0
4	86352225	86194308	0
4	86354583	86194335	0
4	86354629	86335075	0
4	86354645	86107222	0
4	86354645	86159297	0
4	86354645	86159360	0
4	86354645	86159381	0
4	86354645	86191597	0
4	86354645	86191607	0
4	86354645	86191640	0
4	86354645	86194308	0
4	86354645	86194318	0
4	86354645	86194335	0
4	86354645	86194379	0
4	86354645	86194393	0
4	86354645	86277049	0
4	86354645	86277089	0
4	86354645	86277203	0
4	86354645	86300583	0
4	86354645	86300591	0
4	86354645	86308661	0
4	86354645	86321843	0
4	86354645	86332542	0
4	86354645	86335075	0
4	86354645	86340338	0
4	86354645	86352164	0
4	86354645	86352171	0
4	86360011	86194308	0
4	86360026	86277049	0
4	86360052	86159297	0
4	86360052	86194318	0
4	86360059	86107222	0
4	86360059	86159297	0
4	86360059	86194335	0
4	86360073	86194335	0
4	86399807	86107222	0
4	86399807	86159297	0
4	86399807	86194308	0
4	86399807	86194335	0
4	86399807	86321843	0
4	86399807	86335075	0
4	86429806	86107222	0
4	86429806	86159297	0
4	86429806	86194335	0
4	86429806	86335075	0
4	86453166	86159297	0
4	86453182	86107222	0
4	86453182	86159297	0
4	86453182	86159381	0
4	86453182	86194308	0
4	86453182	86194335	0
4	86453186	86194335	0
4	86453186	86277049	0
4	86453195	86194335	0
4	86453204	86194335	0
4	86453204	86335075	0
4	86453213	86194335	0
4	86453220	86107222	0
4	86453220	86159297	0
4	86453220	86194308	0
4	86457986	86326328	0
4	865245	850935	0
4	86594063	86453029	0
4	86594075	86194308	0
4	86594075	86194335	0
4	86594075	86354529	0
4	86594075	86453029	0
4	86594089	86194335	0
4	86594089	86354529	0
4	86594089	86399746	0
4	86594089	86453029	0
4	86594111	86194308	0
4	86594111	86194335	0
4	86594111	86335075	0
4	86594111	86354529	0
4	86594111	86370713	0
4	86594111	86399746	0
4	86594111	86453029	0
4	86594120	86354529	0
4	86594132	86354529	0
4	86594626	86453029	0
4	86825578	86823467	0
4	86828169	86825419	0
4	86831881	86825447	0
4	86887894	86876204	0
4	86888276	86886471	0
4	86888276	86886796	0
4	86888276	86887757	0
4	86888276	86887774	0
4	86888276	86887844	0
4	86888276	86887870	0
4	86890139	86888120	0
4	86890159	86888120	0
4	86890159	86888159	0
4	86891594	86888120	0
4	86891594	86888139	0
4	86914389	86913265	0
4	86926327	86891455	0
4	86932320	86924629	0
4	86932320	86925866	0
4	86932320	86926227	0
4	86933543	86926227	0
4	86933543	86932221	0
4	86934543	86933164	0
4	86934733	86933394	0
4	86936179	86933394	0
4	86936180	86933394	0
4	86936203	86933394	0
4	86936203	86935450	0
4	87126235	87126235	13
4	87126269	87126270	8
4	87135600	87135600	4
4	87164080	87160102	40
4	87164080	87160248	35
4	87164080	87161042	58
4	87164080	87162443	42
4	87164080	87162521	34
4	87170239	87163877	0
4	87170239	87163882	0
4	87170616	87170078	0
4	87170616	87170198	0
4	87220269	87195323	0
4	87220464	87195323	0
4	87220498	87170446	0
4	87220526	87195323	0
4	87220537	87195323	0
4	87220546	87178476	0
4	87220609	87195323	0
4	87240315	87219523	0
4	87266823	87261930	0
4	87310360	87303788	0
4	87317224	87315492	0
4	87318437	87317091	0
4	87318437	87317169	0
4	87322887	87317091	0
4	87340607	87318328	0
4	87340607	87336609	0
4	87340607	87336949	0
4	87340607	87337048	0
4	87340607	87337211	0
4	87340607	87337274	0
4	87345211	87340489	0
4	87357417	87340310	0
4	87357417	87340489	0
4	87374831	87372708	0
4	87382363	87372708	0
4	87382363	87374698	0
4	87382363	87374821	0
4	87391150	87382254	0
4	87391189	87385789	0
4	87391387	87382254	0
4	8746034	8745396	0
4	87462281	87460806	0
4	87479579	87473334	0
4	87479579	87473347	0
4	87479579	87473417	0
4	87494599	87491617	0
4	87495128	87493581	0
4	87495128	87494368	0
4	87495128	87494375	0
4	87495128	87494416	0
4	87495128	87494439	0
4	87495128	87494532	0
4	87495144	87494368	0
4	87497240	87494980	0
4	87499586	87494368	0
4	87499586	87494980	0
4	87499586	87495012	0
4	87658973	87657105	0
4	87673040	87657092	0
4	87673125	87568034	0
4	87730494	87672989	0
4	87730494	87682997	0
4	87981536	87981601	22
4	88065496	88065761	0
4	88094660	88090263	0
4	88094660	88090268	0
4	88131918	88131060	0
4	88132636	88131802	0
4	88132636	88131843	0
4	88223838	88220568	0
4	88231323	88139792	0
4	88265136	88257619	0
4	88265136	88262576	0
4	88268335	88261870	0
4	88268335	88265000	0
4	88268907	88268189	0
4	88268907	88268321	0
4	88271190	88268761	0
4	88277244	88268740	0
4	88277244	88270999	0
4	88277568	88268749	0
4	88278643	88275144	0
4	88278643	88277142	0
4	882820	881906	0
4	88283891	88278192	0
4	88284262	88278566	0
4	88284562	88278143	0
4	88284579	88278143	0
4	88284591	88278535	0
4	88284632	88277142	0
4	88284737	88278143	0
4	88284770	88278143	0
4	883464	882696	0
4	883464	882767	0
4	88504416	88504494	0
4	88523814	88520984	0
4	8860828	8858714	0
4	8871623	8846075	0
4	8871818	8867047	0
4	88722345	88723208	0
4	88731429	88725954	0
4	88731429	88727068	0
4	88731429	88727425	0
4	88731429	88727428	0
4	88731429	88727654	0
4	88731429	88728178	0
4	88732022	88727068	0
4	88732199	88731326	0
4	88732199	88731328	0
4	88732199	88731397	0
4	88732560	88731361	0
4	88736635	88732001	0
4	88737556	88731832	0
4	88737556	88732001	0
4	88737640	88732121	0
4	88739126	88732001	0
4	88749034	88747630	0
4	88749868	88748951	0
4	88749910	88748951	0
4	88750638	88749770	0
4	88758902	88750423	0
4	88759165	88750423	0
4	88759167	88750445	0
4	88759470	88750423	0
4	88767596	88750423	0
4	88767596	88758753	0
4	88767596	88758789	0
4	88768060	88767552	0
4	88768415	88767552	0
4	88781352	88767552	0
4	88781352	88767982	0
4	888971	884036	0
4	88905719	88855509	0
4	88906463	88767982	0
4	88906463	88851019	0
4	88906463	88855366	0
4	88936423	88906378	0
4	88938242	88906378	0
4	88991151	88936282	0
4	88991151	88938087	0
4	89009079	88990972	0
4	89020670	88938087	0
4	89020670	88989623	0
4	89020670	88990972	0
4	89020670	89008950	0
4	89029650	89020459	0
4	89029901	89020529	0
4	890623	885782	0
4	890623	888846	0
4	89308011	89236385	0
4	893490	890531	0
4	894010	893376	0
4	894010	893418	0
4	894828	893376	0
4	896550	893873	0
4	89729278	89724098	0
4	89729278	89724104	0
4	89729278	89726052	0
4	89729278	89726257	0
4	89729278	89726576	0
4	89729278	89726615	0
4	898159	893942	0
4	898159	896459	3
4	898159	896468	3
4	89822389	89724098	0
4	89822389	89725883	0
4	89822389	89726627	0
4	89822389	89729193	0
4	89828185	89821848	0
4	89828185	89822245	0
4	89828185	89822351	0
4	89835668	89822245	0
4	89835686	89822245	0
4	89835693	89822245	0
4	89838316	89835546	0
4	904780	898032	0
4	904780	898061	0
4	904782	897975	0
4	91112791	91108022	0
4	911788	904636	0
4	911788	904652	0
4	911788	904686	0
4	911843	904636	0
4	912175	911672	0
4	912795	911672	0
4	912795	911718	0
4	912795	912029	0
4	912795	912084	0
4	91319727	91319033	0
4	913669	898032	0
4	913669	904636	0
4	913669	911672	0
4	913669	912029	0
4	913669	912461	0
4	913669	912734	0
4	914030	912734	0
4	9167497	9166296	0
4	92277076	92268766	0
4	92300886	92297250	0
4	92838843	92833684	0
4	932188	866955	0
4	932318	898032	0
4	932374	904636	0
4	93319787	93318622	0
4	9385741	9384016	0
4	94118912	94117791	0
4	94207557	94165847	0
4	94302245	94298534	0
4	94308744	94302145	0
4	94308744	94303762	0
4	94334639	94317872	0
4	94342866	94334496	0
4	94342877	94334180	0
4	94342877	94334496	0
4	94664036	94666024	67
4	94754906	94743799	0
4	947893	948115	0
4	948155	948410	0
4	948155	948510	0
4	95170333	95162503	0
4	95185197	95182896	0
4	95202965	95185046	0
4	95202965	95185154	0
4	95216212	95206627	0
4	95219314	95216042	0
4	95219314	95216123	0
4	95250668	95244976	0
4	95250668	95247945	0
4	95549201	95335409	0
4	95549207	95335409	0
4	961202	958886	5
4	961202	958887	5
4	961202	960614	0
4	963291	962771	0
4	964094	963141	0
4	965292	963138	0
4	968408	967879	0
4	968565	968281	0
4	968565	968290	0
4	9704960	9703753	0
4	97241099	97235643	0
4	97387903	97385959	0
4	97392729	97334634	0
4	97572719	97392641	0
4	97633812	97392641	0
4	97712815	97184092	0
4	97712815	97263447	0
4	97712815	97558875	0
4	97944008	97840772	0
4	98106065	97981158	0
4	98261631	98251687	0
4	9826601	9771152	0
4	9826601	9779806	0
4	9826601	9798659	0
4	9826601	9799077	0
4	9835009	9826223	0
4	9835009	9826225	0
4	9835009	9826419	0
4	98476306	98470366	0
4	98476306	98472209	0
4	98476306	98472344	0
4	98478747	98476412	0
4	98478811	98476412	0
4	98482176	98476412	0
4	98482176	98478684	0
4	98482176	98478699	0
4	98482176	98478716	0
4	98484442	98482004	0
4	98484599	98482100	0
4	98485533	98478684	0
4	98486885	98482004	0
4	98486885	98482061	0
4	98486885	98484384	0
4	98486885	98484398	0
4	98507729	98486544	0
4	98507729	98486737	0
4	98560234	98507677	0
4	98574583	98507677	0
4	98657636	98507677	0
4	98657648	98507677	0
4	98657693	98507677	0
4	98658199	98507677	0
4	98658295	98507677	0
4	98658571	98507677	0
4	98658630	98507677	0
4	986896	970992	0
4	987950	989230	0
4	9887643	9834880	0
4	9887643	9880205	0
4	98885062	98871683	0
4	98885062	98880764	0
4	98885062	98880771	0
4	98885062	98880844	0
4	98885062	98880897	0
4	98885062	98881009	0
4	98886547	98884921	0
4	98887168	98884921	0
4	98887193	98880844	0
4	98887193	98884921	0
4	98887193	98886453	0
4	98887953	98886350	0
4	98887953	98887078	0
4	98887953	98887162	0
4	98901983	98887078	0
4	98901983	98891236	0
4	98901983	98895121	0
4	98909960	98901875	0
4	98929093	98901875	0
4	98929102	98901875	0
4	98929126	98901875	0
4	98929126	98909677	0
4	98929126	98925971	0
4	98929129	98901875	0
4	98929134	98901875	0
4	98930638	98901875	0
4	99072712	99070977	68
4	99072712	99072151	12
4	99075050	99072185	0
4	99075050	99072572	0
4	99076553	99074912	0
4	99076553	99074913	0
4	99076924	99075224	0
4	99076924	99076291	0
4	99076924	99076391	34
4	99076924	99076434	100
4	99079992	99076852	0
4	99080024	99076796	0
4	99081421	99076703	0
4	99081453	99076703	0
4	99081453	99079819	0
4	99081453	99080448	0
4	99082117	99076703	0
4	99082117	99081364	0
4	9908346	9834880	0
4	99085217	99081364	0
4	99085217	99081673	0
4	99085217	99081918	0
4	99085217	99081974	0
4	99085217	99082001	0
4	991196	990620	6
4	99124467	99123666	0
4	99126733	99123656	0
4	99126733	99123666	0
4	99126733	99124363	0
4	99126733	99124378	0
4	99126733	99124444	0
4	99127345	99126593	0
4	99131765	99126593	0
4	99131765	99127208	0
4	99136538	99131503	0
4	99136644	99131673	0
4	99136698	99131503	0
4	99136698	99131630	0
4	99136698	99131651	0
4	99139149	99136465	0
4	99141683	99139060	0
4	99141683	99139142	0
4	99142781	99136536	0
4	99142781	99141540	0
4	99142781	99141638	0
4	99142812	99141540	0
4	991731	979072	1
4	991731	979405	0
4	991731	987656	4
4	991731	987996	1
4	99205064	99202638	0
4	99205064	99204018	0
4	99207582	99204721	0
4	99207582	99204924	0
4	99208815	99204924	0
4	99208929	99202637	0
4	99208929	99207445	0
4	99210195	99208667	0
4	99210292	99208407	0
4	99210299	99208667	0
4	99210503	99208667	0
4	99213748	99208667	0
4	99216263	99210081	0
4	99216263	99210414	0
4	99216263	99213605	0
4	99219175	99216160	0
4	99219236	99216160	0
4	99219244	99216160	0
4	99219247	99215794	0
4	99219247	99216160	0
4	99219538	99216160	0
4	99279565	99276366	0
4	99282607	99280143	0
4	99284529	99281814	0
4	99284619	99282345	0
4	99286989	99284398	0
4	99286989	99284672	0
4	99286989	99284715	0
4	99287666	99286664	0
4	99287666	99286849	0
4	99310904	99304963	0
4	99310904	99304976	0
4	99310904	99307242	0
4	99310904	99307492	0
4	99310904	99307842	0
4	99314082	99311520	0
4	99316118	99313820	0
4	99316303	99315897	0
4	99318185	99316214	0
4	99318887	99317664	0
4	99318887	99318045	0
4	99320915	99318045	0
4	99320915	99318784	0
4	99321386	99318784	0
4	99321399	99318784	0
4	99321400	99318784	0
4	99339716	99336491	0
4	99343056	99340574	0
4	99345082	99342794	0
4	99345082	99342925	0
4	99345082	99343010	0
4	99345221	99344887	0
4	99345267	99344861	0
4	99352761	99318784	0
4	99415617	99412260	0
4	99415617	99413005	0
4	99415617	99413037	0
4	99415875	99413013	0
4	9942046	9920384	0
4	99427990	99420532	0
4	99428175	99427772	0
4	99428175	99427842	0
4	99471863	99469597	0
4	99550991	99546708	0
4	99550991	99546726	0
4	99550991	99548612	0
4	99553935	99550884	0
4	99556221	99553784	0
4	99556221	99553812	0
4	99556221	99553830	0
4	99557417	99556145	0
4	99557531	99556145	0
4	99558212	99557344	0
4	99559351	99558048	0
4	99559362	99557688	0
4	99559362	99558048	0
4	99595642	99594798	0
4	99625914	99620886	0
4	99654649	99636528	0
4	9980738	9941912	0
4	9985794	9980591	0
4	99884126	99878335	0
4	99884126	99881206	0
4	99884126	99881492	0
4	99903899	99896247	0
4	99903899	99898759	4
4	99903899	99899395	0
4	99903899	99900634	1
4	99905707	99903725	0
4	99905707	99903777	0
4	99908897	99906516	0
4	99910376	99908710	0
4	99923186	99908710	0
4	99923186	99908728	0
4	99923186	99910348	0
4	99924816	99923039	1
4	99924816	99923680	0
4	99927092	99923039	2
4	99927839	99923039	0
4	99927839	99924759	3
4	99928618	99927716	0
4	99930535	99928541	0
4	99930590	99927716	0
4	99930622	99922519	0
4	99930622	99923039	3
4	99930622	99924759	0
4	99930622	99924790	0
4	99946559	99930449	0
4	99946561	99930449	0
4	99946575	99930449	0
4	99946581	99930449	0
4	99946587	99924306	0
4	99946589	99923039	0
4	99946596	99923039	0
4	99946727	99930449	0
4	99948941	99948087	0
4	99948941	99948119	0
4	99948941	99948171	2
4	99949380	99948777	0
4	99949387	99948810	0
4	99949741	99949272	6
4	99950255	99949662	4
4	99950269	99949272	2
4	99950300	99948087	0
4	99950300	99949662	6
4	99950356	99948085	0
4	99950389	99949662	4
4	9996942	9985668	0
4	9996942	9995668	0
