gene_id	baseMean	log2FoldChange	lfcSE	pvalue	padj
A1BG	221.3917	-0.0418	0.1077	0.1839	0.868
A1BG-AS1	60.4599	0.0053	0.1071	0.8327	0.9854
A2M	3.4624	-0.0027	0.1127	0.7089	NA
A2M-AS1	1.1748	-0.0044	0.1213	0.2846	NA
A2ML1	154.8189	0.0126	0.1033	0.7023	0.9724
A4GALT	588.3627	0.0426	0.0979	0.3191	0.9
AAAS	933.005	-0.0424	0.097	0.3309	0.901
AACS	880.3505	-0.0109	0.0945	0.8084	0.9839
AACSP1	0.24	-7e-04	0.1199	0.7975	NA
AADAC	0.2605	9e-04	0.1202	0.7459	NA
AADAT	228.3092	-0.0084	0.1013	0.8171	0.985
AAED1	260.8587	-0.0085	0.1003	0.8216	0.9851
AAGAB	1370.5578	0.0198	0.0939	0.6634	0.969
AAK1	840.2325	0.038	0.1001	0.3425	0.9041
AAMDC	112.827	-0.0269	0.1061	0.3721	0.9111
AAMP	3325.5251	-0.0211	0.0935	0.6454	0.9672
AANAT	0.4998	1e-04	0.1192	0.9685	NA
AAR2	724.6714	0.0284	0.096	0.5161	0.9411
AARS	3376.0995	0.1138	0.1032	0.0211	0.65
AARS2	1008.2906	0.0542	0.0979	0.2165	0.8785
AARSD1	407.6867	-0.0086	0.0999	0.8228	0.9851
AASDH	206.0751	-0.0108	0.1015	0.764	0.9791
AASDHPPT	1651.866	0.0036	0.093	0.9374	0.9946
AASS	300.1246	-0.0059	0.1027	0.861	0.9883
AATF	1607.4336	0.0199	0.0929	0.6676	0.9696
AATK	12.194	-0.0082	0.1115	0.514	0.9406
ABAT	194.0362	-0.0418	0.1045	0.2373	0.886
ABCA1	198.5927	0.0549	0.1095	0.0985	0.821
ABCA10	0.4689	-0.0014	0.1206	0.6446	NA
ABCA11P	97.1057	0.0104	0.1053	0.7229	0.9755
ABCA12	11.2495	-0.0047	0.1113	0.703	0.9724
ABCA17P	0.2394	-7e-04	0.1199	0.7982	NA
ABCA2	1599.4329	0.0665	0.1025	0.1123	0.8288
ABCA3	398.7431	0.0436	0.1009	0.2731	0.8919
ABCA4	198.0302	-0.0218	0.1025	0.5365	0.9444
ABCA5	45.6893	-0.0443	0.1155	0.048	0.7463
ABCA7	301.705	-0.0162	0.1019	0.6488	0.9682
ABCB10	729.2821	-0.0321	0.0961	0.4637	0.9269
ABCB4	0.277	0.001	0.1202	0.7368	NA
ABCB5	1.1232	-0.004	0.1207	0.317	NA
ABCB6	1332.788	-0.0803	0.0975	0.0875	0.8071
ABCB7	412.7872	0.0064	0.0979	0.8762	0.9899
ABCB8	838.7667	0.0236	0.0952	0.5955	0.9563
ABCB9	178.8103	-0.0097	0.1033	0.769	0.9791
ABCC1	2594.2131	0.0594	0.0988	0.174	0.8611
ABCC10	477.5417	0.0279	0.0987	0.4943	0.9339
ABCC11	0.5336	0.0017	0.1207	0.5724	NA
ABCC2	36.9804	0.0114	0.1093	0.5706	0.9544
ABCC3	325.0707	-0.0089	0.0993	0.8194	0.985
ABCC4	721.9286	0.0125	0.0984	0.7574	0.9789
ABCC5	920.6382	-0.0051	0.0977	0.902	0.991
ABCC6	117.1953	0.0064	0.1044	0.8344	0.9854
ABCC6P1	41.0447	-0.0269	0.1111	0.1953	0.8709
ABCC6P2	28.7185	0.0012	0.1094	0.9467	0.9956
ABCD1	384.4051	0.0379	0.0994	0.353	0.908
ABCD3	1990.4471	-0.0208	0.0939	0.6478	0.9679
ABCD4	241.4183	-0.0113	0.1006	0.7624	0.9791
ABCE1	4022.7681	0.0399	0.092	0.4017	0.9185
ABCF1	3523.1858	0.0581	0.0926	0.2262	0.8832
ABCF2	2784.9076	0.0946	0.0995	0.0479	0.7463
ABCF3	1384.5176	0.0376	0.094	0.4143	0.9204
ABCG1	0.9906	2e-04	0.1153	0.9609	NA
ABCG2	47.1291	-0.0127	0.1084	0.5766	0.9552
ABCG4	2.9662	6e-04	0.1128	0.9257	NA
ABCG8	0.2605	9e-04	0.1202	0.7459	NA
ABHD1	1.0639	0.0019	0.117	0.6147	NA
ABHD10	505.1214	-0.0725	0.1025	0.0911	0.8087
ABHD11	1064.6778	-0.0212	0.0949	0.6354	0.9654
ABHD12	1683.7901	-0.0467	0.0961	0.2966	0.8992
ABHD12B	6.147	-0.0022	0.1119	0.8128	0.985
ABHD13	439.2459	0.0117	0.0977	0.7767	0.9806
ABHD14A	163.2108	-0.0378	0.1059	0.2493	0.8873
ABHD14A-ACY1	1.8238	0.0062	0.1268	0.1616	NA
ABHD14B	242.0802	-0.1136	0.1326	0.0059	0.4962
ABHD15	506.5222	-0.0454	0.0984	0.2858	0.8971
ABHD16A	1067.9197	0.051	0.0956	0.2624	0.89
ABHD16B	105.9937	-0.0128	0.1051	0.6686	0.9698
ABHD17A	1680.2874	-0.0197	0.0966	0.6449	0.9672
ABHD17B	606.5657	0.0463	0.099	0.2709	0.8904
ABHD17C	426.6061	-0.0135	0.0978	0.7431	0.9761
ABHD2	1220.4171	0.0558	0.0998	0.1889	0.8684
ABHD3	440.3173	-0.0681	0.1034	0.1011	0.8212
ABHD4	1020.156	0.0398	0.0955	0.375	0.9119
ABHD5	551.5718	-0.0106	0.0966	0.8038	0.9839
ABHD6	176.945	-0.0104	0.1022	0.7649	0.9791
ABHD8	696.8454	-0.0277	0.0977	0.508	0.9397
ABI1	1106.7714	-0.0073	0.0939	0.8722	0.9894
ABI2	1726.2231	0.0035	0.0952	0.9373	0.9946
ABI3BP	1.6202	0.0035	0.1173	0.4189	NA
ABL1	2584.4699	0.0764	0.099	0.0942	0.8162
ABL2	665.0423	0.0545	0.102	0.1758	0.8611
ABLIM1	5498.5196	0.0669	0.0991	0.1321	0.8492
ABR	1321.447	0.0026	0.0932	0.9552	0.9956
ABRACL	303.0025	-0.0765	0.1102	0.0491	0.7511
ABT1	1038.002	-0.0138	0.0961	0.7491	0.9769
ABTB1	612.3973	-0.0343	0.0977	0.4173	0.9204
ABTB2	1419.5788	0.128	0.1187	0.0081	0.5196
AC002116.7	5.2967	-0.0092	0.1143	0.2376	0.886
AC002480.3	93.0533	-0.0013	0.1053	0.9629	0.9956
AC003102.3	3.9347	-0.0025	0.1124	0.742	NA
AC003665.1	18.537	0.0139	0.1112	0.3662	0.9102
AC004019.13	0.2289	-7e-04	0.1199	0.8029	NA
AC004862.6	0.2289	-7e-04	0.1199	0.8029	NA
AC004893.11	35.9802	0.0133	0.1093	0.5186	0.9416
AC005550.4	2.1951	-0.0036	0.1144	0.5054	NA
AC005592.2	2.9979	-0.001	0.1127	0.8856	NA
AC005594.3	2.9421	0.013	0.1528	0.0346	NA
AC006272.1	0.7337	-6e-04	0.1174	0.8491	NA
AC007038.7	1.9865	3e-04	0.1136	0.9478	NA
AC007040.7	34.4015	-0.0219	0.1106	0.2749	0.8936
AC007099.1	0.5223	0.0016	0.1212	0.5949	NA
AC007246.3	32.6837	-0.027	0.112	0.1578	0.8607
AC007551.3	4.4048	-0.0023	0.1124	0.7727	NA
AC007743.1	0.5458	0.0016	0.1213	0.5866	NA
AC007773.2	13.0311	-0.0172	0.1128	0.1775	0.8611
AC008697.1	0.2289	-7e-04	0.1199	0.8029	NA
AC009299.3	44.349	-0.0275	0.1106	0.2137	0.8774
AC009473.1	1.685	-0.002	0.1145	0.6813	NA
AC009501.4	10.2448	0.0014	0.1114	0.9013	0.9909
AC009948.5	42.9165	-0.0131	0.1088	0.5496	0.9489
AC010226.4	4.289	-2e-04	0.1123	0.9798	NA
AC010524.2	0.9801	-0.0016	0.1161	0.6851	NA
AC010890.1	0.489	1e-04	0.1193	0.9753	NA
AC011718.2	0.2289	-7e-04	0.1199	0.8029	NA
AC011738.4	1.0916	0.0035	0.1219	0.3366	NA
AC011747.7	9.3242	-0.004	0.1116	0.7169	0.9748
AC012314.8	11.7195	-0.0015	0.1111	0.9021	0.991
AC012507.3	0.8187	0.0025	0.1212	0.4479	NA
AC016582.2	0.9659	-0.0016	0.1162	0.6824	NA
AC016629.8	17.2781	0.0129	0.1112	0.387	0.9162
AC018799.1	0.2729	9e-04	0.1202	0.7407	NA
AC022007.5	10.4573	-0.0098	0.1121	0.3751	0.9119
AC024592.9	0.2734	0.001	0.1202	0.7402	NA
AC058791.1	4.3659	-0.0037	0.1126	0.6232	NA
AC072062.1	3.2429	0.0015	0.1127	0.8245	NA
AC073283.4	1.5238	0.0033	0.1173	0.4344	NA
AC074138.3	5.3391	-0.007	0.1127	0.412	0.9201
AC074289.1	2.7995	-0.0021	0.1129	0.7464	NA
AC079145.4	2.5653	0.0023	0.1132	0.7009	NA
AC079586.1	0.5458	0.0016	0.1213	0.5866	NA
AC079776.3	0.24	-7e-04	0.1199	0.7975	NA
AC091729.9	48.494	-0.0384	0.1129	0.0936	0.8142
AC092295.7	5.3127	-0.0068	0.1128	0.4146	0.9204
AC093391.2	0.5135	3e-04	0.1191	0.9283	NA
AC093690.1	1.8035	0.0047	0.1176	0.321	NA
AC095067.1	5.2374	3e-04	0.112	0.9739	0.9959
AC096559.1	0.2605	9e-04	0.1202	0.7459	NA
AC097662.2	2.9382	-0.004	0.1137	0.5118	NA
AC104653.1	0.7411	-6e-04	0.1174	0.8459	NA
AC137932.6	0.7737	0.0012	0.1167	0.749	NA
AC144449.1	1.2778	0.0013	0.1144	0.7746	NA
AC159540.1	5.1795	-0.0029	0.1122	0.7337	0.976
AC159540.1-2	45.1295	0.0116	0.1086	0.5982	0.9572
AC226118.1	1.0226	0.0021	0.1164	0.6	NA
ACAA1	1007.6666	0.0038	0.0946	0.9317	0.9939
ACAA2	3457.2963	-0.0143	0.0916	0.7629	0.9791
ACACA	2160.0338	0.0561	0.1009	0.1762	0.8611
ACACB	35.2596	-0.0082	0.1095	0.6654	0.969
ACAD10	270.5962	-0.0193	0.1002	0.615	0.959
ACAD11	344.8105	-0.0036	0.0993	0.9258	0.9934
ACAD8	260.8166	-0.018	0.1006	0.6332	0.9646
ACAD9	1138.7625	-2e-04	0.0941	0.9965	0.9991
ACADL	0.24	-7e-04	0.1199	0.7975	NA
ACADM	1802.0212	-0.0369	0.0929	0.4311	0.9218
ACADS	478.7788	-0.0545	0.0995	0.2	0.874
ACADSB	568.1057	-0.0323	0.0983	0.4373	0.9227
ACADVL	3877.2663	-0.028	0.0923	0.5521	0.9489
ACAN	1.2644	0.0012	0.1148	0.7887	NA
ACAP1	1.4201	-0.0054	0.1228	0.2153	NA
ACAP2	1617.5151	0.0504	0.0983	0.2422	0.886
ACAP3	547.7101	-0.0232	0.0982	0.5728	0.9544
ACAT1	1809.0729	-0.0448	0.0952	0.3237	0.9
ACAT2	934.8986	-0.0905	0.1033	0.0468	0.7463
ACBD3	1360.8524	0.0297	0.0955	0.5027	0.9369
ACBD4	154.3514	-0.1242	0.1488	0.0022	0.3676
ACBD5	802.7419	-0.0144	0.0959	0.7404	0.9761
ACBD6	795.3746	0.0128	0.0961	0.7669	0.9791
ACBD7	110.3879	-0.0771	0.1208	0.0191	0.6411
ACCS	49.5073	-0.028	0.1109	0.1975	0.8721
ACD	681.2125	0.0284	0.0966	0.5109	0.9399
ACE	4.2809	-0.0045	0.1127	0.5608	NA
ACE2	144.8622	-0.0234	0.1044	0.4702	0.9295
ACER2	117.5412	0.0189	0.1073	0.4728	0.9308
ACER3	385.0326	-5e-04	0.0997	0.9897	0.9973
ACHE	115.0658	-0.02	0.1049	0.5192	0.9416
ACIN1	4016.0191	0.095	0.096	0.0538	0.759
ACKR2	81.7144	0.0179	0.1065	0.518	0.9416
ACKR3	0.2605	9e-04	0.1202	0.7459	NA
ACKR4	5.7536	0.0019	0.112	0.8319	0.9854
ACLY	5920.8601	0.0691	0.0962	0.1381	0.8585
ACMSD	1.0072	0.0018	0.1171	0.6356	NA
ACN9	202.6805	-0.0728	0.1113	0.0503	0.7518
ACO1	1632.4808	0.0283	0.0943	0.5323	0.9437
ACO2	5398.0791	0.0347	0.0912	0.4707	0.9297
ACOT1	80.9926	-0.0474	0.1138	0.0667	0.7775
ACOT11	4.8049	-0.0069	0.113	0.3906	0.9162
ACOT13	597.4188	-0.0704	0.1011	0.1053	0.8257
ACOT2	479.0967	-0.0594	0.1004	0.1614	0.8611
ACOT4	62.3911	-0.0394	0.1119	0.1124	0.8288
ACOT6	0.2305	-7e-04	0.1199	0.8016	NA
ACOT7	1827.8546	-0.0079	0.0958	0.8563	0.988
ACOT8	362.3227	-0.0254	0.1006	0.5064	0.9387
ACOT9	848.8334	-0.0109	0.0955	0.8036	0.9839
ACOX1	1135.6507	-0.013	0.095	0.7695	0.9791
ACOX2	305.3916	-0.0196	0.1005	0.6055	0.9581
ACOX3	370.3331	-0.0592	0.1021	0.1488	0.8598
ACOXL	0.7947	0.0029	0.1206	0.416	NA
ACP1	1952.7279	-0.0302	0.0959	0.4922	0.9331
ACP2	1121.8041	0.0461	0.0953	0.3103	0.8998
ACP5	2.6001	-0.0071	0.1192	0.1944	NA
ACP6	151.1039	-0.0368	0.1054	0.2693	0.8901
ACPL2	241.5075	-0.0556	0.1048	0.1421	0.8598
ACPP	3.5709	-0.0023	0.1127	0.7453	NA
ACPT	0.2605	9e-04	0.1202	0.7459	NA
ACR	0.7418	-7e-04	0.1166	0.8373	NA
ACRBP	0.8064	0.0029	0.1206	0.4109	NA
ACRC	9.8882	0.0104	0.1121	0.3563	0.9092
ACRV1	1.1946	-0.002	0.1166	0.6046	NA
ACSBG1	2.0279	0.0023	0.1135	0.6824	NA
ACSBG2	1.0294	0.0023	0.1166	0.5675	NA
ACSF2	212.6732	-0.0138	0.1019	0.6978	0.9722
ACSF3	394.9363	-0.008	0.0983	0.844	0.986
ACSL1	628.4057	-0.0161	0.0967	0.7051	0.9724
ACSL3	1740.7106	0.0253	0.0937	0.5809	0.9552
ACSL4	248.3571	-0.0071	0.1014	0.8433	0.986
ACSL5	35.9861	-0.0024	0.1089	0.9063	0.9922
ACSM1	1.4913	0.0023	0.1149	0.6259	NA
ACSM3	233.0894	-0.0613	0.1087	0.0871	0.807
ACSS1	285.121	-0.0718	0.1081	0.0655	0.7756
ACSS2	676.2873	-0.0099	0.0961	0.819	0.985
ACSS3	0.8325	0.0021	0.1175	0.5696	NA
ACTA1	0.5123	1e-04	0.1191	0.9648	NA
ACTA2	379.948	-0.0706	0.1044	0.0871	0.807
ACTB	183123.3843	0.0123	0.0923	0.7926	0.9836
ACTBL2	1.5349	0.002	0.1146	0.6765	NA
ACTC1	103.0821	-0.0133	0.1057	0.645	0.9672
ACTG1	48442.675	0.0049	0.0906	0.9184	0.9932
ACTG1P4	0.2296	-7e-04	0.1199	0.8024	NA
ACTG2	21.76	0.0023	0.1101	0.8864	0.9899
ACTL10	25.6484	0.0139	0.1106	0.4159	0.9204
ACTL6A	1149.0791	-0.0302	0.0943	0.5063	0.9386
ACTN1	9117.9457	0.0895	0.096	0.0662	0.7756
ACTN1-AS1	0.2758	0.001	0.1202	0.738	NA
ACTN3	1.7237	-5e-04	0.1136	0.9275	NA
ACTN4	34309.7199	0.1433	0.1107	0.0062	0.5031
ACTR10	1055.1185	-0.0518	0.0962	0.2501	0.8873
ACTR1A	2522.7824	-0.0334	0.0936	0.4695	0.9293
ACTR1B	1774.6385	-0.0525	0.0944	0.2585	0.89
ACTR2	7050.5962	-0.0035	0.0922	0.9406	0.9946
ACTR3	8590.079	0.0021	0.0903	0.9657	0.9956
ACTR3B	297.5117	0.0022	0.0995	0.9546	0.9956
ACTR3C	66.1808	-0.0191	0.1077	0.4542	0.9246
ACTR5	169.5791	-0.0255	0.1035	0.4535	0.9241
ACTR6	314.3956	-0.0536	0.1029	0.1729	0.8611
ACTR8	590.2435	0.0067	0.0965	0.8754	0.9896
ACTRT3	113.1504	-0.0379	0.1073	0.2186	0.8812
ACVR1	154.8092	0.0012	0.103	0.9706	0.9959
ACVR1B	699.0825	0.063	0.1013	0.1357	0.8556
ACVR1C	3.8548	-0.0034	0.113	0.6137	NA
ACVR2A	153.3248	-0.0252	0.1054	0.4169	0.9204
ACVR2B	390.5533	0.0716	0.1093	0.0607	0.7686
ACVR2B-AS1	4.2164	-0.0016	0.1123	0.8413	NA
ACVRL1	98.4711	0.005	0.1054	0.8605	0.9883
ACY1	499.4701	-0.0619	0.1016	0.1388	0.8585
ACY3	27.4268	-0.0126	0.1101	0.4883	0.9323
ACYP1	57.9022	-0.0603	0.1205	0.0191	0.6411
ACYP2	68.9028	-0.0269	0.1085	0.2995	0.8992
AD000090.2	23.5448	-0.0304	0.1144	0.0707	0.7825
ADA	248.7271	-0.0289	0.1021	0.4292	0.9207
ADAL	86.8934	-0.0659	0.1185	0.0266	0.6814
ADAM10	9199.593	0.0714	0.0968	0.1239	0.8342
ADAM11	67.4965	0.0053	0.1069	0.8337	0.9854
ADAM15	3312.9706	0.0286	0.0925	0.5415	0.9465
ADAM17	1099.2945	0.0699	0.1044	0.0891	0.8072
ADAM19	5.6001	-0.0025	0.1122	0.765	0.9791
ADAM1A	42.6411	0.009	0.1085	0.6797	0.9708
ADAM20	1.0677	0.0041	0.1216	0.2973	NA
ADAM20P1	3.2221	-0.0019	0.1127	0.789	NA
ADAM22	216.2413	0.0304	0.1051	0.348	0.9067
ADAM23	1.2211	-5e-04	0.1147	0.9032	NA
ADAM28	2.3163	0.0024	0.1138	0.6558	NA
ADAM32	1.3243	-5e-04	0.115	0.9044	NA
ADAM33	2.8745	-0.0026	0.113	0.6858	NA
ADAM8	4.651	0.004	0.1124	0.6252	0.9627
ADAM9	8018.089	0.0404	0.095	0.3733	0.9119
ADAMTS1	1277.2594	0.0413	0.0971	0.3423	0.9041
ADAMTS10	40.4065	-1e-04	0.1089	0.9972	0.9991
ADAMTS13	15.5922	-3e-04	0.1107	0.9804	0.9961
ADAMTS14	1.3336	0.0027	0.117	0.5055	NA
ADAMTS15	1728.976	0.0716	0.0983	0.1153	0.8296
ADAMTS16	20.5001	0.0247	0.1129	0.1265	0.8412
ADAMTS17	13.9159	-0.0104	0.1114	0.4377	0.9227
ADAMTS18	0.6904	-0.0019	0.1208	0.5418	NA
ADAMTS2	0.8328	-2e-04	0.1161	0.9588	NA
ADAMTS3	13.8756	0.0097	0.1113	0.4709	0.9299
ADAMTS4	1.0585	5e-04	0.1152	0.9072	NA
ADAMTS6	0.48	-0.0014	0.1207	0.6399	NA
ADAMTS7	129.0931	0.0011	0.1038	0.9732	0.9959
ADAMTS8	246.9045	-0.0058	0.1009	0.8738	0.9894
ADAMTS9	1030.7876	0.092	0.111	0.0302	0.7056
ADAMTSL2	0.9608	-0.0013	0.1168	0.7165	NA
ADAMTSL3	399.9943	0.038	0.1039	0.2846	0.8965
ADAMTSL4	189.0514	-0.0506	0.1069	0.1439	0.8598
ADAMTSL4-AS1	0.7028	-0.0023	0.12	0.4923	NA
ADAMTSL5	297.1833	0.0102	0.1018	0.7746	0.9802
ADAP1	553.3446	-0.0319	0.0974	0.4534	0.9241
ADAP2	219.9501	-0.0183	0.102	0.6075	0.9581
ADAR	5982.0887	0.0612	0.0979	0.17	0.8611
ADARB1	257.2215	-0.0083	0.1007	0.8236	0.9851
ADAT1	298.9111	0.0171	0.1039	0.5978	0.9572
ADAT2	129.6679	-0.0262	0.1052	0.4055	0.9185
ADAT3	189.3876	-0.0011	0.1033	0.9743	0.9959
ADC	19.7656	0.0074	0.1106	0.6275	0.9634
ADCK1	209.1259	0.0039	0.1013	0.9141	0.9932
ADCK2	686.1016	-0.0281	0.0961	0.519	0.9416
ADCK3	372.916	-0.0394	0.0996	0.3331	0.9014
ADCK4	768.8794	-0.0053	0.0951	0.9047	0.9917
ADCK5	230.1136	-0.0742	0.1106	0.051	0.7534
ADCY1	6.3355	0.0094	0.1133	0.2815	0.8964
ADCY10	0.494	2e-04	0.1193	0.9403	NA
ADCY10P1	9.5918	-0.0077	0.1119	0.4724	0.9307
ADCY3	1303.944	0.0085	0.0955	0.8455	0.9862
ADCY5	220.5722	0.0261	0.1017	0.4788	0.932
ADCY6	4214.8652	0.0078	0.0961	0.8572	0.988
ADCY7	939.2727	0.0449	0.0978	0.2971	0.8992
ADCY9	1212.5422	0.1045	0.1145	0.0179	0.6362
ADCYAP1R1	0.7186	-0.002	0.1208	0.5244	NA
ADD1	4017.8826	0.0431	0.0932	0.3584	0.9093
ADD2	11.7572	0.0027	0.1112	0.8243	0.9853
ADD3	1254.258	-0.0237	0.0957	0.5891	0.9555
ADD3-AS1	0.2372	-7e-04	0.1199	0.8006	NA
ADH5	2381.6845	-0.0731	0.096	0.1206	0.8309
ADH6	0.534	0.0017	0.1207	0.5721	NA
ADH7	0.2729	9e-04	0.1202	0.7407	NA
ADHFE1	0.9369	-0.0033	0.1203	0.374	NA
ADI1	2381.4866	-0.085	0.0992	0.0685	0.7804
ADIPOR1	1847.0054	-0.011	0.0932	0.8104	0.9845
ADIPOR2	1578.7098	0.0302	0.093	0.5167	0.9413
ADIRF	4.2821	2e-04	0.1123	0.9801	NA
ADK	745.5309	-0.0093	0.0959	0.8293	0.9854
ADM	619.7741	5e-04	0.097	0.9901	0.9974
ADM2	107.6971	0.1021	0.1392	0.0037	0.4414
ADM5	46.8131	0.0135	0.1086	0.5469	0.9485
ADNP	2736.8511	0.0656	0.0965	0.1544	0.8598
ADNP2	1020.9143	0.0382	0.0972	0.3766	0.9119
ADO	805.4591	0.0034	0.0959	0.938	0.9946
ADORA1	758.0795	0.0187	0.0952	0.6721	0.9707
ADORA2A-AS1	1.3201	0.0027	0.1171	0.5041	NA
ADORA2B	111.9847	-0.029	0.1061	0.3443	0.905
ADORA3	0.4763	1e-04	0.1194	0.9712	NA
ADPGK	1571.5442	0.0521	0.0939	0.2657	0.89
ADPRH	0.2293	-7e-04	0.1199	0.8026	NA
ADPRHL1	136.8125	-0.0103	0.1038	0.7472	0.9763
ADPRHL2	695.3385	-0.0038	0.0962	0.9303	0.9937
ADPRM	43.1323	-0.0227	0.1099	0.2973	0.8992
ADRA1B	5.3243	0.0037	0.1122	0.6748	0.9708
ADRA2A	1.2017	-0.0024	0.1161	0.5737	NA
ADRA2B	5.7973	-0.0101	0.1137	0.2405	0.886
ADRA2C	35.4015	-0.0053	0.1094	0.7793	0.9806
ADRB1	0.5458	0.0016	0.1213	0.5866	NA
ADRB2	4.4655	-5e-04	0.1124	0.9476	NA
ADRB3	0.24	-7e-04	0.1199	0.7975	NA
ADRBK1	2089.7491	0.0503	0.0932	0.2872	0.8971
ADRBK2	248.9048	-0.0107	0.1016	0.7652	0.9791
ADRM1	3675.6543	0.0075	0.0948	0.8652	0.9887
ADSL	2430.5153	-0.0184	0.0929	0.6918	0.9715
ADSS	2811.7196	-0.0208	0.0918	0.6612	0.969
ADSSL1	20.3896	-0.0033	0.1102	0.8377	0.9854
AEBP1	567.102	0.0772	0.1042	0.0705	0.7822
AEBP2	965.4334	0.0099	0.095	0.8239	0.9851
AEN	2277.609	0.0352	0.0924	0.4562	0.9254
AES	4282.4952	-0.0637	0.0968	0.1627	0.8611
AFAP1	1148.7014	0.0523	0.1003	0.2084	0.8771
AFAP1-AS1	1.1981	-0.0024	0.1161	0.563	NA
AFAP1L1	430.1473	0.0325	0.0987	0.4296	0.9211
AFAP1L2	2093.7137	0.0363	0.0951	0.4196	0.9204
AFF1	1182.6171	0.0335	0.0978	0.4282	0.9207
AFF2	30.9104	-0.0278	0.1124	0.1343	0.8515
AFF4	2458.8053	0.0726	0.1029	0.089	0.8072
AFG3L1P	197.8633	0.0585	0.1067	0.1115	0.8281
AFG3L2	2203.7029	0.0261	0.0921	0.5796	0.9552
AFMID	222.4125	-0.0068	0.1016	0.8486	0.9866
AFTPH	729.6501	0.0164	0.0976	0.6926	0.9715
AGA	181.0022	0.0216	0.1034	0.5223	0.9416
AGAP1	879.075	0.0759	0.1037	0.0758	0.7982
AGAP1-IT1	0.709	-0.002	0.1208	0.5303	NA
AGAP11	29.2512	0.0082	0.1099	0.6412	0.966
AGAP2	183.2686	0.0079	0.1023	0.8194	0.985
AGAP2-AS1	167.905	0.0213	0.1041	0.5122	0.9403
AGAP3	2916.2675	0.0556	0.0937	0.2382	0.886
AGAP4	115.8608	0.0571	0.1128	0.0642	0.7718
AGAP5	54.1761	0.0299	0.11	0.2163	0.8785
AGAP6	302.3318	0.0598	0.1082	0.0947	0.8181
AGAP7	9.6775	0.0103	0.112	0.3699	0.9111
AGAP9	121.4829	0.0898	0.1286	0.0086	0.5315
AGBL2	0.2462	9e-04	0.1201	0.7564	NA
AGBL3	7.9165	-0.0029	0.1117	0.7769	0.9806
AGBL5	1028.3037	-0.0239	0.0946	0.5953	0.9562
AGBL5-AS1	0.48	-0.0014	0.1207	0.6399	NA
AGER	51.6626	-0.0011	0.1078	0.9605	0.9956
AGFG1	1771.583	0.0488	0.0934	0.2999	0.8992
AGFG2	343.151	-0.0663	0.1044	0.1009	0.821
AGGF1	959.4242	0.0232	0.0953	0.5999	0.9579
AGK	634.8693	-0.022	0.0964	0.6099	0.9583
AGL	481.6689	-0.0139	0.0992	0.7237	0.9755
AGMAT	145.7753	-0.0038	0.1036	0.9068	0.9922
AGMO	15.1294	-0.0178	0.1124	0.2012	0.874
AGO1	1068.1099	0.0646	0.1045	0.1064	0.8258
AGO2	591.3576	0.0887	0.1157	0.0246	0.6602
AGO3	190.8294	0.0479	0.1085	0.1364	0.8565
AGO4	161.8719	0.0248	0.1039	0.456	0.9254
AGPAT1	2017.696	-0.0772	0.0976	0.0974	0.821
AGPAT2	680.2797	-0.009	0.0982	0.824	0.9852
AGPAT3	1751.5547	0.0837	0.1007	0.0671	0.7786
AGPAT4	323.8996	-0.0386	0.104	0.2753	0.8936
AGPAT4-IT1	3.0266	0.0024	0.1129	0.7192	NA
AGPAT5	1525.178	0.0215	0.0946	0.6328	0.9643
AGPAT6	1872.9574	-0.0041	0.0933	0.9281	0.9937
AGPAT9	1195.1419	0.0665	0.0961	0.1514	0.8598
AGPS	996.3475	0.0139	0.0965	0.7456	0.9761
AGR2	1945.8086	-0.089	0.1008	0.0553	0.7614
AGR3	13.9843	-0.0023	0.1109	0.8671	0.9887
AGRN	21300.9165	0.0702	0.0982	0.1224	0.8315
AGT	39.0728	0.0099	0.1089	0.6362	0.9657
AGTPBP1	404.7188	0.0442	0.0999	0.2802	0.8964
AGTR1	65.2699	-0.0387	0.1109	0.1366	0.8569
AGTRAP	639.843	-0.0352	0.0981	0.4022	0.9185
AHCTF1	2405.7798	0.0701	0.1037	0.0922	0.8117
AHCTF1P1	6.8165	0.0069	0.1123	0.47	0.9294
AHCY	7670.399	-0.0122	0.0911	0.7979	0.9839
AHCYL1	4908.1948	0.053	0.0931	0.2634	0.89
AHCYL2	883.2882	0.0425	0.0974	0.325	0.9001
AHDC1	870.6525	0.0614	0.1019	0.1386	0.8585
AHI1	229.3917	-0.023	0.1044	0.4761	0.9312
AHNAK	14835.1654	0.0785	0.1048	0.065	0.7734
AHNAK2	863.7539	0.1669	0.1728	8e-04	0.2182
AHR	1375.2962	0.0469	0.0967	0.2893	0.8971
AHRR	311.9443	0.089	0.1157	0.0243	0.6585
AHSA1	3959.2453	-0.0399	0.0933	0.3929	0.9162
AHSA2	343.5345	0.0169	0.0994	0.6666	0.969
AHSG	23.2251	-0.0101	0.1103	0.5519	0.9489
AICDA	1.2287	-6e-04	0.1147	0.8882	NA
AIDA	1543.3932	-0.0381	0.0935	0.4124	0.9201
AIF1	0.24	-7e-04	0.1199	0.7975	NA
AIF1L	546.7428	-0.0525	0.0985	0.2237	0.8832
AIFM1	1611.8874	0.0134	0.0929	0.7721	0.9796
AIFM2	21.6837	-0.0248	0.113	0.1239	0.8342
AIFM3	3.1527	-0.0016	0.113	0.8021	NA
AIG1	418.596	-0.0552	0.1023	0.1685	0.8611
AIM1	5.8328	-0.007	0.1125	0.4394	0.923
AIM1L	927.2076	0.1248	0.1142	0.0102	0.5561
AIMP1	1325.3362	-0.0661	0.0973	0.1464	0.8598
AIMP2	1131.3269	-0.0248	0.0954	0.5746	0.9544
AIP	1113.0748	-0.0119	0.096	0.7826	0.9811
AIPL1	0.2289	-7e-04	0.1199	0.8029	NA
AIRN	0.7625	0.0011	0.1168	0.7522	NA
AJUBA	5329.8527	0.1217	0.1024	0.0162	0.6309
AK1	1477.9779	-0.0497	0.0988	0.2433	0.886
AK2	2771.228	-0.0316	0.0927	0.4999	0.9355
AK3	1149.7174	-0.0585	0.0955	0.2047	0.8747
AK4	31.4482	0.0017	0.1091	0.9307	0.9937
AK5	0.4846	-0.0014	0.1207	0.6273	NA
AK6	609.077	-0.0206	0.098	0.6174	0.9593
AK7	41.6865	-0.0267	0.1113	0.1879	0.8684
AK8	1.1739	-0.0021	0.1169	0.5812	NA
AK9	44.947	6e-04	0.1084	0.9786	0.9959
AKAP1	1055.7492	0.0374	0.0957	0.4012	0.9185
AKAP10	818.8601	0.0485	0.0999	0.2415	0.886
AKAP11	792.5951	0.0169	0.1013	0.6443	0.9672
AKAP12	8512.9527	0.1176	0.1194	0.0103	0.5561
AKAP13	1561.8556	0.1215	0.1205	0.009	0.5417
AKAP14	0.2289	-7e-04	0.1199	0.8029	NA
AKAP17A	1068.4376	0.0226	0.0942	0.6182	0.9593
AKAP2	1170.7417	0.0603	0.0997	0.1618	0.8611
AKAP3	11.7256	0.0013	0.1111	0.9196	0.9932
AKAP5	658.2244	0.0151	0.0969	0.7208	0.9753
AKAP6	5.2592	0.0034	0.1122	0.686	0.9712
AKAP7	90.6411	-0.0447	0.1108	0.1157	0.8296
AKAP8	931.4785	0.0548	0.0974	0.2162	0.8785
AKAP8L	1057.4773	0.0641	0.0963	0.1642	0.8611
AKAP9	700.1273	0.0608	0.108	0.0932	0.814
AKIP1	502.0772	-0.0324	0.0988	0.4286	0.9207
AKIRIN1	2635.1054	0.0094	0.0919	0.8423	0.986
AKIRIN2	741.4952	0.0239	0.0966	0.578	0.9552
AKNA	206.5877	0.0266	0.1038	0.4319	0.9224
AKR1A1	1592.4823	-0.0387	0.0975	0.3666	0.9102
AKR1B1	2017.9583	-0.0224	0.095	0.6155	0.959
AKR1B10	2.7654	-0.0042	0.1141	0.4691	NA
AKR1B15	0.72	-0.002	0.1208	0.5235	NA
AKR1C1	3527.1673	-0.009	0.0944	0.8411	0.986
AKR1C2	1095.5416	-0.0033	0.0948	0.9412	0.9946
AKR1C3	129.328	0.0048	0.1051	0.8697	0.9889
AKR1C4	0.2605	9e-04	0.1202	0.7459	NA
AKR1CL1	0.2289	-7e-04	0.1199	0.8029	NA
AKR1E2	2.9231	-0.0046	0.1142	0.4382	NA
AKR7A2	960.0933	-0.0449	0.0972	0.3027	0.8992
AKR7A2P1	1.5686	0.0053	0.1247	0.207	NA
AKR7A3	2.2933	0.0013	0.1134	0.8208	NA
AKR7L	3.6939	-0.0024	0.1129	0.7142	NA
AKT1	3592.8172	-0.0337	0.092	0.4782	0.932
AKT1S1	2697.8411	6e-04	0.0944	0.9886	0.9972
AKT2	3290.7406	0.037	0.0921	0.4351	0.9227
AKT3	39.2443	7e-04	0.1092	0.9716	0.9959
AKTIP	468.4932	-0.0595	0.1007	0.1583	0.861
AL022344.4	0.24	-7e-04	0.1199	0.7975	NA
AL022476.2	0.716	-0.002	0.1208	0.526	NA
ALAD	934.3193	0.0348	0.0965	0.424	0.9204
ALAS1	1369.2568	0.0689	0.0965	0.137	0.8569
ALB	0.4578	-0.0013	0.1206	0.6493	NA
ALCAM	3897.4984	0.045	0.0964	0.3099	0.8998
ALDH16A1	834.6767	0.0331	0.0952	0.4593	0.9259
ALDH18A1	4023.7082	0.0427	0.0922	0.3696	0.9111
ALDH1A1	16040.1323	-0.0122	0.09	0.8017	0.9839
ALDH1A2	10.6131	0.0083	0.1116	0.4842	0.9322
ALDH1A3	1.6579	-0.004	0.1166	0.3935	NA
ALDH1B1	1018.9625	0.003	0.0961	0.9447	0.9955
ALDH1L1	2.7849	0.0014	0.1129	0.8224	NA
ALDH1L2	20.0904	0.008	0.1105	0.6127	0.9588
ALDH2	1610.8506	-0.0066	0.0927	0.8862	0.9899
ALDH3A1	180.2418	0.0112	0.1022	0.7479	0.9765
ALDH3A2	1026.7521	0.0211	0.0942	0.6416	0.9662
ALDH3B1	577.1348	-0.0311	0.0968	0.471	0.9299
ALDH3B2	10.9901	4e-04	0.1114	0.9691	0.9956
ALDH4A1	368.2096	-0.0288	0.0997	0.4683	0.9286
ALDH5A1	686.1754	-0.036	0.0974	0.4001	0.9185
ALDH6A1	521.9136	-0.0162	0.0969	0.703	0.9724
ALDH7A1	1651.7488	-0.034	0.093	0.4673	0.9284
ALDH8A1	0.7164	-0.002	0.1208	0.5258	NA
ALDH9A1	1178.8495	-0.0313	0.0939	0.4945	0.9341
ALDOA	27689.0424	-0.0331	0.094	0.4704	0.9297
ALDOC	4.2764	-6e-04	0.1123	0.9373	NA
ALG1	537.1546	0.0075	0.0971	0.8574	0.988
ALG10	68.1154	-0.0163	0.1072	0.5321	0.9437
ALG10B	136.1483	-0.0344	0.1063	0.2749	0.8936
ALG11	204.9564	0.0522	0.1141	0.0589	0.7686
ALG12	754.1866	-0.0251	0.0957	0.5681	0.9537
ALG13	410.7592	-0.0333	0.1003	0.3972	0.9182
ALG14	134.8996	-0.0027	0.1056	0.9233	0.9934
ALG1L	1.1446	-0.0035	0.1214	0.3425	NA
ALG1L2	0.6867	-0.0019	0.1209	0.5405	NA
ALG1L9P	2.5052	0.001	0.113	0.8693	NA
ALG2	644.9111	-0.0138	0.0965	0.7477	0.9764
ALG3	1219.4066	-0.0044	0.0957	0.9185	0.9932
ALG5	374.4551	-0.0304	0.1001	0.4386	0.9227
ALG6	279.9642	-0.081	0.1133	0.035	0.7317
ALG8	820.6641	-0.0967	0.1059	0.0337	0.7204
ALG9	479.9477	0.0313	0.0979	0.456	0.9254
ALK	0.5334	0.0017	0.1207	0.5726	NA
ALKBH1	294.7301	0.0052	0.1023	0.8799	0.9899
ALKBH2	369.0928	-0.0054	0.1011	0.8816	0.9899
ALKBH4	307.9238	-0.0253	0.1019	0.4881	0.9323
ALKBH5	2924.3522	0.0422	0.0925	0.3733	0.9119
ALKBH6	275.8339	-0.0287	0.1044	0.3872	0.9162
ALKBH7	562.9256	-0.0381	0.1024	0.3072	0.8992
ALKBH8	252.1666	0.0016	0.1019	0.9632	0.9956
ALMS1	404.0143	0.0333	0.1038	0.3382	0.903
ALMS1-IT1	5.166	-0.0046	0.1124	0.5869	0.9552
ALOX12	2.2251	-0.0021	0.1134	0.7165	NA
ALOX12B	1.161	-0.0042	0.1212	0.2939	NA
ALOX15	0.4578	-0.0013	0.1206	0.6493	NA
ALOX5	0.2605	9e-04	0.1202	0.7459	NA
ALOXE3	0.9455	-0.0033	0.1204	0.3739	NA
ALPK1	60.4534	0.0022	0.1079	0.9232	0.9934
ALPK2	8.7586	0.0052	0.1118	0.614	0.959
ALPK3	22.022	-0.0146	0.1109	0.3703	0.9111
ALPL	309.1127	0.0363	0.1009	0.352	0.9078
ALPP	7.6319	0.0057	0.1119	0.5709	0.9544
ALPPL2	2.1128	-0.0053	0.1176	0.2903	NA
ALS2	879.8771	0.0302	0.0953	0.498	0.9351
ALS2CL	1329.9015	0.0861	0.1004	0.0625	0.7689
ALS2CR12	0.7047	-0.0019	0.1208	0.5329	NA
ALX1	3.8471	-0.0078	0.1142	0.2809	NA
ALX3	24.1848	0.0087	0.1102	0.6041	0.9581
ALX4	11.0825	0.0082	0.1116	0.4889	0.9324
ALYREF	3994.3773	-0.0303	0.0944	0.5041	0.9371
AMACR	431.9862	-0.0288	0.0981	0.4877	0.9323
AMBN	0.2605	9e-04	0.1202	0.7459	NA
AMBP	313.3756	-0.0382	0.1039	0.2815	0.8964
AMBRA1	1088.9835	0.0863	0.1059	0.0476	0.7463
AMD1	4480.6624	-0.0175	0.0914	0.7128	0.9733
AMDHD2	149.2604	-0.0838	0.1204	0.0187	0.6398
AMER1	413.8019	0.044	0.1052	0.2085	0.8771
AMFR	2045.7784	0.0065	0.0923	0.8898	0.9899
AMH	148.7654	0.0631	0.1124	0.0582	0.7674
AMHR2	3.4008	-0.0075	0.1159	0.2363	NA
AMIGO1	112.4437	0.0312	0.107	0.2913	0.8984
AMIGO2	3027.6072	0.0344	0.0917	0.471	0.9299
AMIGO3	333.4215	0.0382	0.1001	0.3406	0.9036
AMMECR1	419.4059	-0.0242	0.0997	0.5378	0.9449
AMMECR1L	811.99	0.1111	0.1109	0.0173	0.6309
AMN	37.9878	-0.0135	0.1093	0.5116	0.94
AMN1	154.0621	-0.0411	0.1061	0.216	0.8785
AMOT	23.1376	-0.0173	0.111	0.3106	0.8998
AMOTL1	1054.4004	0.0472	0.1005	0.2457	0.8873
AMOTL2	5063.293	0.1162	0.1052	0.0181	0.6379
AMPD2	1994.2023	0.0773	0.0959	0.1041	0.8247
AMPD3	27.7392	0.0057	0.1096	0.7531	0.9783
AMPH	1.9767	-0.0073	0.1252	0.1407	NA
AMT	8.4319	-0.0027	0.1116	0.8024	0.9839
AMY2B	14.3843	0.0034	0.111	0.7951	0.9839
AMZ1	0.8157	0.003	0.1207	0.404	NA
AMZ2	1636.8721	-0.0791	0.0996	0.0834	0.807
AMZ2P1	90.169	-0.0263	0.1075	0.3392	0.9032
ANAPC1	1869.9558	0.0566	0.1019	0.1639	0.8611
ANAPC10	180.3081	-0.0616	0.111	0.07	0.7804
ANAPC11	1796.4971	-0.0231	0.0984	0.5724	0.9544
ANAPC13	1525.9739	-0.0548	0.0984	0.2078	0.8771
ANAPC15	1346.4028	-0.0687	0.1007	0.1145	0.8296
ANAPC16	1794.5228	-0.098	0.1056	0.0327	0.7135
ANAPC2	1248.1441	-0.004	0.0939	0.9291	0.9937
ANAPC4	292.1728	-0.0345	0.1023	0.3507	0.9072
ANAPC5	2511.3606	-0.0827	0.0995	0.0737	0.7897
ANAPC7	1141.3985	-0.0168	0.0938	0.7123	0.9733
ANG	1.9724	-0.0061	0.1193	0.2282	NA
ANGEL1	622.4947	0.0332	0.0986	0.4223	0.9204
ANGEL2	496.1069	-0.0453	0.0998	0.2714	0.8904
ANGPT2	0.5021	1e-04	0.1192	0.9644	NA
ANGPTL1	3.5415	0.0084	0.1169	0.1898	NA
ANGPTL2	1139.3759	0.0644	0.0984	0.1484	0.8598
ANGPTL3	0.2295	-7e-04	0.1199	0.8024	NA
ANGPTL4	81.8033	-0.0114	0.1063	0.6765	0.9708
ANGPTL6	18.0499	-0.0335	0.1197	0.0241	0.6583
ANGPTL7	0.2608	9e-04	0.1202	0.7457	NA
ANK1	3672.9771	-0.0144	0.0911	0.7622	0.9791
ANK2	83.9136	0.0154	0.1081	0.5214	0.9416
ANK3	324.3713	-0.0112	0.1022	0.7486	0.9769
ANKAR	12.5047	-0.0098	0.1116	0.4383	0.9227
ANKDD1A	5.5754	0.0061	0.1124	0.4895	0.9324
ANKDD1B	9.6297	-0.0052	0.1115	0.6528	0.969
ANKEF1	172.8637	-0.0039	0.1035	0.9049	0.9919
ANKFY1	1971.803	0.0818	0.101	0.0708	0.7825
ANKH	539.1709	-0.0082	0.0967	0.8465	0.9866
ANKHD1	920.6592	0.0754	0.1064	0.0655	0.7756
ANKHD1-EIF4EBP3	835.3287	0.0801	0.1123	0.0382	0.7463
ANKIB1	1212.2266	0.0455	0.1002	0.2642	0.89
ANKK1	0.5211	0.0016	0.1212	0.5955	NA
ANKLE1	8.9178	0.0107	0.1123	0.3282	0.9003
ANKLE2	1350.6813	0.0774	0.0974	0.0975	0.821
ANKMY1	73.553	-0.0115	0.107	0.655	0.969
ANKMY2	542.8579	-0.0431	0.0983	0.3105	0.8998
ANKRA2	160.5844	-0.0419	0.1062	0.209	0.8772
ANKRD1	2092.9541	0.0032	0.0921	0.9455	0.9956
ANKRD10	300.2313	-0.052	0.1038	0.1725	0.8611
ANKRD11	4172.5357	0.1277	0.1342	0.0046	0.4654
ANKRD12	389.2452	0.0138	0.1013	0.705	0.9724
ANKRD13A	346.9036	-0.0021	0.0994	0.9568	0.9956
ANKRD13B	238.5663	-0.0331	0.1019	0.3756	0.9119
ANKRD13C	1180.5462	0.0606	0.0977	0.1745	0.8611
ANKRD13D	678.6745	0.0435	0.0975	0.3145	0.9
ANKRD16	162.143	-0.0041	0.1028	0.9022	0.991
ANKRD17	2643.7827	0.0851	0.1096	0.0398	0.7463
ANKRD18A	61.189	0.0088	0.1086	0.6841	0.9712
ANKRD18B	1.7358	0.0012	0.1145	0.7972	NA
ANKRD19P	3.7486	0	0.1124	0.9981	NA
ANKRD2	2.2173	-3e-04	0.1131	0.9546	NA
ANKRD20A1	6.0069	-0.0113	0.1139	0.2045	0.8747
ANKRD20A12P	4.2384	-0.0015	0.1123	0.8475	NA
ANKRD20A19P	18.9071	0.0131	0.1111	0.3917	0.9162
ANKRD20A2	8.9842	-0.0019	0.1115	0.8664	0.9887
ANKRD20A3	2.4281	0.0025	0.1142	0.6302	NA
ANKRD20A4	1.6498	-0.0033	0.1169	0.4437	NA
ANKRD22	1.0008	1e-04	0.1159	0.969	NA
ANKRD23	46.074	0.0145	0.1087	0.5184	0.9416
ANKRD24	5.0401	-0.0099	0.1142	0.2221	0.8832
ANKRD26	153.6769	0.037	0.1074	0.2241	0.8832
ANKRD27	737.0127	0.0236	0.0971	0.579	0.9552
ANKRD28	940.4429	0.0332	0.0982	0.4261	0.9204
ANKRD29	91.2567	-0.0187	0.1061	0.5156	0.9411
ANKRD31	26.439	8e-04	0.1096	0.9648	0.9956
ANKRD32	303.6882	0.0023	0.0998	0.9513	0.9956
ANKRD33B	3331.7429	0.1029	0.1203	0.0137	0.6102
ANKRD34A	0.9889	-0.0036	0.1206	0.3468	NA
ANKRD34B	3.2455	-1e-04	0.1126	0.9843	NA
ANKRD35	9.6686	-0.0029	0.1114	0.7964	0.9839
ANKRD36	49.9389	-0.0041	0.1079	0.8573	0.988
ANKRD36B	46.8906	-0.006	0.1081	0.7895	0.9836
ANKRD36BP1	174.8288	0.0262	0.1085	0.3067	0.8992
ANKRD36C	20.7563	-0.0064	0.1103	0.6924	0.9715
ANKRD37	58.795	-0.0336	0.1104	0.1762	0.8611
ANKRD39	324.1668	0.0119	0.1013	0.7425	0.9761
ANKRD40	1640.2451	0.0316	0.0938	0.4909	0.933
ANKRD42	252.0423	0.0107	0.1019	0.7623	0.9791
ANKRD44	70.0475	-0.0297	0.1093	0.2404	0.886
ANKRD45	16.6697	-0.0062	0.111	0.6469	0.9677
ANKRD46	559.4335	0.0105	0.0968	0.803	0.9839
ANKRD49	100.8091	0.0218	0.1064	0.4458	0.9232
ANKRD50	444.2112	0.0339	0.1014	0.3719	0.9111
ANKRD52	4579.8103	0.0765	0.1014	0.0838	0.807
ANKRD53	4.6526	-0.0049	0.1125	0.5485	0.9489
ANKRD54	692.6541	0.0043	0.096	0.9207	0.9932
ANKRD6	159.0267	0.0158	0.1031	0.6398	0.9658
ANKRD61	5.6474	0.0061	0.1125	0.4824	0.932
ANKRD62	0.2289	-7e-04	0.1199	0.8029	NA
ANKRD63	29.6353	0.0169	0.1103	0.3673	0.9109
ANKRD65	10.1365	-0.0023	0.1114	0.8436	0.986
ANKRD9	797.907	-0.0064	0.0992	0.8698	0.9889
ANKS1A	1661.7928	0.0849	0.1028	0.0584	0.7686
ANKS1B	0.4688	-0.0014	0.1206	0.6446	NA
ANKS3	327.1847	0.0043	0.0993	0.913	0.993
ANKS4B	2.0148	0.002	0.1138	0.7005	NA
ANKS6	849.1532	0.0072	0.0963	0.8672	0.9887
ANKUB1	0.48	-0.0014	0.1207	0.6399	NA
ANKZF1	460.2105	0.0209	0.098	0.6117	0.9585
ANLN	3520.0414	0.0342	0.0964	0.4335	0.9227
ANO10	654.1658	-0.0267	0.0965	0.5367	0.9444
ANO2	0.5017	1e-04	0.1192	0.9646	NA
ANO3	0.2293	-7e-04	0.1199	0.8026	NA
ANO4	0.2605	9e-04	0.1202	0.7459	NA
ANO5	204.7573	-0.0489	0.107	0.1519	0.8598
ANO6	2219.0966	0.1233	0.1171	0.0097	0.5526
ANO7	27.0631	-0.0229	0.1115	0.2102	0.8773
ANO8	302.8636	0.0333	0.1022	0.3676	0.9111
ANO9	45.8178	-0.0155	0.109	0.477	0.9312
ANP32A	2900.3632	-0.0538	0.0942	0.2495	0.8873
ANP32A-IT1	4.308	0.005	0.1128	0.5164	NA
ANP32AP1	0.7005	-0.0019	0.1208	0.5355	NA
ANP32B	3841.3551	-0.0373	0.0933	0.4237	0.9204
ANP32E	2006.9041	-0.045	0.0941	0.3318	0.9014
ANPEP	4.5987	-0.0025	0.1126	0.7292	NA
ANTXR1	524.0895	0.0085	0.0977	0.837	0.9854
ANTXR2	23.9028	0.0134	0.1107	0.4229	0.9204
ANXA1	8988.1869	-0.0217	0.0917	0.6473	0.9677
ANXA11	13031.4948	0.0217	0.0923	0.6435	0.9672
ANXA13	1.7837	0.0012	0.1139	0.8141	NA
ANXA2	29719.5446	-0.0057	0.0914	0.9052	0.9919
ANXA2P1	1.9996	5e-04	0.1136	0.9303	NA
ANXA2P3	0.2734	0.001	0.1202	0.7402	NA
ANXA2R	9.3281	-0.0076	0.1118	0.5015	0.936
ANXA3	1322.7583	-0.1083	0.1064	0.0225	0.6524
ANXA4	9442.786	-0.031	0.092	0.5134	0.9406
ANXA5	7833.9573	-0.022	0.0917	0.6426	0.9669
ANXA6	1762.5689	7e-04	0.0926	0.9871	0.9972
ANXA7	2295.1609	-0.0336	0.0929	0.4722	0.9307
ANXA8	2.6038	0.0055	0.1153	0.3364	NA
ANXA8L1	1.149	-0.0035	0.1214	0.3408	NA
ANXA9	47.3471	-0.0162	0.1093	0.4457	0.9232
AOC2	20.3607	0.0038	0.1103	0.812	0.985
AOC3	2.7963	0.0024	0.1133	0.6874	NA
AOX1	0.2731	0.001	0.1202	0.7405	NA
AP000330.8	25.6087	-0.0087	0.11	0.6168	0.9592
AP000688.14	49.0177	0.0078	0.1084	0.721	0.9753
AP000688.8	17.6724	0.0113	0.111	0.4529	0.9239
AP001258.4	52.4907	-0.0354	0.1115	0.1344	0.8515
AP1AR	359.1105	0.0196	0.1016	0.5897	0.9557
AP1B1	3713.0117	0.0543	0.0924	0.2576	0.89
AP1G1	2722.1951	0.0881	0.1009	0.0571	0.7658
AP1G2	632.7716	-0.0022	0.0963	0.9587	0.9956
AP1M1	2121.423	0.0376	0.0931	0.4207	0.9204
AP1M2	205.9414	-0.0437	0.1051	0.2126	0.8774
AP1S1	2465.9177	-0.0799	0.0986	0.0847	0.807
AP1S2	1769.7303	-0.1241	0.1083	0.0125	0.591
AP1S3	479.4228	-0.0212	0.0975	0.6128	0.9588
AP2A1	4289.3368	0.0106	0.0914	0.8231	0.9851
AP2A2	3229.4117	0.0311	0.0919	0.5116	0.94
AP2B1	5473.2379	0.0471	0.0935	0.3145	0.9
AP2M1	6175.2532	-0.0308	0.0911	0.5216	0.9416
AP2S1	2934.3446	-0.0369	0.0979	0.3831	0.9146
AP3B1	1079.0703	0.0041	0.0952	0.9257	0.9934
AP3B2	1.8973	-0.0023	0.1149	0.6172	NA
AP3D1	6679.9282	0.1133	0.1031	0.0214	0.65
AP3M1	1778.334	0.0303	0.0953	0.4974	0.9351
AP3M2	494.208	-0.0137	0.0974	0.7432	0.9761
AP3S1	1117.2049	-0.1018	0.1072	0.027	0.6814
AP3S2	652.5842	0.0545	0.0986	0.2088	0.8772
AP4B1	271.4542	-0.0144	0.1001	0.7065	0.9724
AP4B1-AS1	3.9183	0.0061	0.1138	0.3732	NA
AP4E1	423.9927	0.0355	0.1003	0.3701	0.9111
AP4M1	451.4153	-0.0011	0.0978	0.9788	0.9959
AP4S1	122.1717	-0.0304	0.1071	0.3009	0.8992
AP5B1	766.3504	-0.0306	0.0963	0.4822	0.932
AP5M1	756.1942	-0.0289	0.0959	0.5102	0.9397
AP5S1	290.9515	0.0063	0.1002	0.8683	0.9889
AP5Z1	649.3799	0.1429	0.138	0.0031	0.4115
APAF1	1180.7445	0.0344	0.0962	0.4333	0.9227
APBA1	2012.363	0.0818	0.0994	0.0762	0.7986
APBA2	129.783	-0.0045	0.1042	0.8843	0.9899
APBA3	311.6862	-0.049	0.1021	0.2128	0.8774
APBB1	36.91	-0.0105	0.1095	0.5899	0.9559
APBB1IP	0.2298	-7e-04	0.1199	0.8022	NA
APBB2	2486.9901	0.1381	0.1202	0.0058	0.4962
APBB3	109.8341	-0.0171	0.1063	0.5423	0.9465
APC	716.1518	0.0347	0.1019	0.3539	0.908
APC2	33.8908	0.0321	0.1133	0.0936	0.8142
APCDD1	0.4593	-0.0013	0.1206	0.6484	NA
APCDD1L	1.0552	0.004	0.1215	0.305	NA
APEH	4062.449	0.0035	0.0922	0.9397	0.9946
APEX1	4489.3634	-0.0169	0.0931	0.7149	0.9743
APEX2	612.1494	-6e-04	0.097	0.989	0.9972
APH1A	3439.9428	-0.0107	0.0934	0.8157	0.985
APH1B	263.6022	-0.0214	0.101	0.5673	0.9534
API5	3671.8647	0.0184	0.092	0.6969	0.9722
APIP	396.8915	-0.3004	0.2539	0	0.0547
APITD1	367.8049	-0.0393	0.1022	0.2985	0.8992
APITD1-CORT	39.8085	3e-04	0.1084	0.9876	0.9972
APLF	25.0126	-0.022	0.1117	0.2083	0.8771
APLP1	2647.1114	0.0249	0.093	0.592	0.9562
APLP2	26094.5464	0.0155	0.0909	0.747	0.9763
APMAP	4089.1383	0.0163	0.0916	0.7304	0.9759
APOA1	135.275	0.0017	0.1042	0.9571	0.9956
APOA1BP	1744.3404	-0.0279	0.0961	0.5231	0.9416
APOA5	0.4769	-0.0014	0.1207	0.6417	NA
APOBEC2	0.2605	9e-04	0.1202	0.7459	NA
APOBEC3A	0.4688	-0.0014	0.1206	0.6446	NA
APOBEC3B	508.8365	-0.0034	0.0984	0.9334	0.9941
APOBEC3C	218.6778	-0.0485	0.1043	0.189	0.8684
APOBEC3D	0.6922	1e-04	0.1175	0.9734	NA
APOBEC3F	61.3259	-0.0323	0.1101	0.1919	0.8684
APOBEC3G	2.363	-0.0046	0.1148	0.414	NA
APOBEC3H	1.2296	-2e-04	0.1152	0.9605	NA
APOBEC4	0.2609	9e-04	0.1202	0.7456	NA
APOBR	5.6671	0.0112	0.1144	0.1894	0.8684
APOC1	174.0724	-0.0463	0.106	0.1799	0.8633
APOC1P1	0.7841	0.0015	0.117	0.6808	NA
APOD	17.9506	-0.0112	0.1111	0.4397	0.9232
APOE	1354.6623	-0.0079	0.0971	0.8499	0.987
APOL1	2890.7669	-0.0222	0.0916	0.6397	0.9658
APOL2	988.0096	-0.0128	0.0944	0.7756	0.9803
APOL3	9.6136	-0.003	0.1116	0.7776	0.9806
APOL4	1.2633	0.0013	0.1144	0.7852	NA
APOL6	143.8558	0.0309	0.1061	0.3195	0.9
APOLD1	35.6511	-0.009	0.1093	0.6467	0.9676
APOM	17.409	-0.0103	0.111	0.4801	0.932
APOO	758.0997	-0.0499	0.0999	0.2308	0.8846
APOOL	514.128	0.0903	0.1094	0.0346	0.7295
APOPT1	340.1422	-0.0489	0.1037	0.194	0.8697
APP	15669.1998	0.0496	0.0928	0.2958	0.8992
APPBP2	1036.4076	-0.0049	0.0946	0.9122	0.993
APPL1	1001.3545	-0.0013	0.0962	0.9756	0.9959
APPL2	732.8935	-0.0078	0.096	0.8567	0.988
APRT	2851.9461	-0.0837	0.1029	0.0605	0.7686
APTX	584.4863	-0.0315	0.0989	0.4406	0.9232
AQP1	253.0048	-0.0168	0.1006	0.6555	0.969
AQP11	41.074	-0.0078	0.1088	0.7109	0.9731
AQP2	4.9648	-6e-04	0.1121	0.9404	0.9946
AQP3	11.7626	0.0018	0.1111	0.8894	0.9899
AQP4	19.2536	0.0045	0.1105	0.768	0.9791
AQP4-AS1	4.1584	-0.0014	0.1125	0.8468	NA
AQP5	6.5832	-0.0077	0.1124	0.4199	0.9204
AQP6	1.252	0.0017	0.1151	0.702	NA
AQP7	5.5815	-0.0059	0.1124	0.5061	0.9386
AQP7P1	10.9931	0.0146	0.1125	0.2284	0.8832
AQP7P3	4.503	-0.008	0.1136	0.3049	NA
AQPEP	0.3585	-0.0011	0.1201	0.7171	NA
AQR	1492.2974	0.0705	0.1017	0.1019	0.8228
AR	1.7045	0.0044	0.117	0.3584	NA
ARAF	1162.7956	-0.0077	0.0946	0.8627	0.9887
ARAP1	1592.1806	0.0513	0.0967	0.2505	0.8873
ARAP2	213.1012	-0.0219	0.102	0.5421	0.9465
ARAP3	1454.5574	0.0233	0.0953	0.5986	0.9572
ARC	2.5931	0.0062	0.1152	0.3059	NA
ARCN1	4179.8452	0.0399	0.0933	0.3922	0.9162
AREL1	1199.7668	0.0709	0.1018	0.0998	0.821
ARF1	8227.7307	-0.0039	0.0922	0.9336	0.9941
ARF3	4366.5525	0.0417	0.0924	0.3795	0.9129
ARF4	4789.7434	-0.0223	0.0924	0.634	0.9651
ARF5	2868.9776	-0.038	0.0961	0.3889	0.9162
ARF6	3583.2849	-9e-04	0.0911	0.9842	0.9967
ARFGAP1	1897.5583	0.063	0.0946	0.1805	0.8633
ARFGAP2	1268.7831	0.0306	0.0944	0.5005	0.9355
ARFGAP3	1429.2271	-0.0071	0.0929	0.878	0.9899
ARFGEF1	2421.3386	0.0494	0.0998	0.2351	0.886
ARFGEF2	1885.1681	0.0642	0.1003	0.1366	0.8569
ARFIP1	808.1183	-0.0338	0.0955	0.4485	0.9232
ARFIP2	1031.9551	-0.024	0.0951	0.5903	0.9561
ARFRP1	395.1322	-0.1096	0.1232	0.0103	0.5561
ARG2	86.8533	-0.0082	0.1057	0.772	0.9796
ARGFX	2.5635	0.0024	0.1132	0.7025	NA
ARGFXP2	0.231	-7e-04	0.1199	0.8012	NA
ARGLU1	1323.1579	-0.0552	0.0948	0.2343	0.886
ARHGAP1	2548.4688	0.0424	0.0925	0.3712	0.9111
ARHGAP10	484.2785	-0.001	0.097	0.9808	0.9961
ARHGAP11A	1525.7357	0.0634	0.0979	0.1573	0.8607
ARHGAP11B	13.5784	-0.0068	0.1112	0.6051	0.9581
ARHGAP12	484.8759	0.0255	0.0998	0.516	0.9411
ARHGAP17	1746.1854	0.1156	0.1042	0.0191	0.6411
ARHGAP18	1554.086	0.0022	0.0936	0.9615	0.9956
ARHGAP19	583.8963	0.0211	0.099	0.5991	0.9572
ARHGAP21	869.9665	0.0238	0.0958	0.586	0.9552
ARHGAP22	3.676	-0.0034	0.1127	0.6473	NA
ARHGAP23	10053.6055	0.1097	0.1092	0.0193	0.6425
ARHGAP24	669.0796	0.0059	0.0956	0.8927	0.9899
ARHGAP26	42.3138	-0.0154	0.1099	0.4276	0.9207
ARHGAP27	747.4632	-0.008	0.0955	0.8556	0.9879
ARHGAP28	0.4792	-0.0014	0.1207	0.6404	NA
ARHGAP29	2407.7449	0.0446	0.0978	0.2997	0.8992
ARHGAP30	19.9977	0.0046	0.1104	0.7677	0.9791
ARHGAP31	15.1803	0.002	0.1111	0.8717	0.9894
ARHGAP32	415.7958	0.0543	0.1033	0.1645	0.8611
ARHGAP33	130.163	-0.0119	0.1042	0.7054	0.9724
ARHGAP35	4698.2473	0.0757	0.1054	0.0691	0.7804
ARHGAP39	686.2224	0.1422	0.1267	0.0044	0.4593
ARHGAP4	144.1521	-0.0143	0.1037	0.6608	0.969
ARHGAP40	0.2296	-7e-04	0.1199	0.8024	NA
ARHGAP42	303.3523	0.034	0.1034	0.3368	0.9028
ARHGAP44	70.4917	-0.0236	0.108	0.364	0.9102
ARHGAP5	1603.8739	0.0251	0.099	0.5335	0.9444
ARHGAP5-AS1	16.5331	0.01	0.1111	0.4803	0.932
ARHGAP6	13.5587	-0.0238	0.1154	0.066	0.7756
ARHGAP8	403.7291	0.0206	0.099	0.6069	0.9581
ARHGAP9	12.6025	-0.0129	0.112	0.3025	0.8992
ARHGDIA	8002.0597	0.028	0.0933	0.5451	0.9482
ARHGDIB	1440.7414	-0.0499	0.0966	0.263	0.89
ARHGDIG	12.8331	-0.0065	0.1112	0.6175	0.9593
ARHGEF1	570.6187	0.0268	0.097	0.5301	0.9428
ARHGEF10	1402.9504	0.0221	0.0967	0.6062	0.9581
ARHGEF10L	32.3037	-0.0031	0.1092	0.8734	0.9894
ARHGEF11	1710.3762	0.0865	0.1001	0.0626	0.7689
ARHGEF12	3014.0729	0.0516	0.1011	0.2052	0.8747
ARHGEF15	1.3335	-0.0027	0.117	0.5104	NA
ARHGEF16	152.6328	-0.0229	0.1044	0.4781	0.932
ARHGEF17	1711.5817	0.041	0.0958	0.359	0.9093
ARHGEF18	1838.922	0.0849	0.1024	0.0597	0.7686
ARHGEF19	134.8301	-0.04	0.1066	0.2167	0.8785
ARHGEF2	1259.7644	0.0715	0.0968	0.1235	0.8339
ARHGEF25	343.3754	-0.0168	0.0989	0.6753	0.9708
ARHGEF26	377.7193	0.0596	0.1026	0.1423	0.8598
ARHGEF26-AS1	0.5462	0.0016	0.1213	0.5864	NA
ARHGEF28	471.2762	0.0083	0.0985	0.8361	0.9854
ARHGEF3	401.2424	0.0345	0.0994	0.394	0.9169
ARHGEF33	0.7312	-6e-04	0.1174	0.8536	NA
ARHGEF34P	134.9372	0.0193	0.1054	0.5207	0.9416
ARHGEF35	150.3889	-0.0022	0.1039	0.9455	0.9956
ARHGEF37	85.4047	0.0287	0.108	0.2951	0.8992
ARHGEF38	0.1814	-5e-04	0.1197	0.8532	NA
ARHGEF39	418.3505	-0.0224	0.0987	0.5798	0.9552
ARHGEF4	20.5886	0.003	0.1104	0.8431	0.986
ARHGEF40	675.9142	0.0025	0.098	0.9509	0.9956
ARHGEF5	449.1246	0.0144	0.0991	0.717	0.9748
ARHGEF6	0.5107	0.0015	0.1211	0.6042	NA
ARHGEF7	1104.6425	0.0587	0.0972	0.1909	0.8684
ARHGEF9	166.5445	-0.0098	0.1027	0.7718	0.9796
ARID1A	3434.8538	0.1175	0.121	0.0097	0.5526
ARID1B	1886.446	0.0773	0.1076	0.0572	0.7658
ARID2	1040.1126	0.0672	0.1033	0.1045	0.8247
ARID3A	1947.4513	0.083	0.0972	0.0802	0.8068
ARID3B	745.3232	0.0414	0.0975	0.3364	0.9028
ARID4A	352.628	0.0146	0.1019	0.6808	0.971
ARID4B	882.2828	0.058	0.1017	0.1588	0.8611
ARID5A	82.96	-0.0042	0.1057	0.8808	0.9899
ARID5B	1368.053	0.0282	0.0956	0.5228	0.9416
ARIH1	1710.1522	0.0512	0.0976	0.2423	0.886
ARIH2	1969.2837	0.01	0.0921	0.8319	0.9854
ARIH2OS	9.0464	-0.0082	0.112	0.448	0.9232
ARL1	1891.7881	-0.0088	0.0926	0.8502	0.9871
ARL10	92.542	0.0421	0.1107	0.1262	0.841
ARL13A	3.4255	0.0082	0.1164	0.2043	NA
ARL13B	673.6412	0.0122	0.0975	0.7697	0.9791
ARL14EP	265.3047	-0.0108	0.1003	0.7752	0.9802
ARL15	121.3559	-0.0523	0.1104	0.097	0.821
ARL16	818.8093	-0.036	0.0981	0.3918	0.9162
ARL17A	226.7669	0.0497	0.1053	0.1688	0.8611
ARL17B	70.6625	0.0025	0.1065	0.9233	0.9934
ARL2	1233.9962	-0.0221	0.098	0.5929	0.9562
ARL2BP	2229.9246	-0.0445	0.0933	0.3424	0.9041
ARL3	835.3768	-0.0755	0.105	0.071	0.7841
ARL4A	900.635	-0.0734	0.1	0.1002	0.821
ARL4C	1646.6232	0.0535	0.0938	0.2546	0.8893
ARL4D	661.31	-0.0116	0.0967	0.7846	0.9821
ARL5A	864.6392	-0.0541	0.0984	0.2133	0.8774
ARL5B	1250.6912	0.0438	0.0994	0.2896	0.8971
ARL6	77.5463	0.0055	0.1066	0.8323	0.9854
ARL6IP1	5255.7102	-0.0367	0.091	0.4467	0.9232
ARL6IP4	1767.139	-0.0965	0.1086	0.0298	0.7019
ARL6IP5	1177.7178	-0.094	0.1017	0.0448	0.7463
ARL6IP6	560.6205	0.0347	0.0976	0.4144	0.9204
ARL8A	578.2879	0.0014	0.0986	0.9725	0.9959
ARL8B	1281.3276	0.0133	0.0933	0.7728	0.9799
ARMC1	772.7276	-0.0146	0.0958	0.7367	0.9761
ARMC10	1066.5526	-0.0411	0.0948	0.3667	0.9102
ARMC12	4.6945	-0.0123	0.1396	0.0472	0.7463
ARMC2	21.5539	-0.0172	0.1112	0.296	0.8992
ARMC3	5.5126	-0.001	0.1121	0.903	0.9911
ARMC5	336.2226	0.0597	0.1032	0.137	0.8569
ARMC6	1116.5802	-0.0854	0.0999	0.0656	0.7756
ARMC7	958.4248	0.0575	0.0964	0.2046	0.8747
ARMC8	904.2241	0.0389	0.0965	0.3757	0.9119
ARMC9	921.3059	0.0135	0.0946	0.7635	0.9791
ARMCX1	90.5389	-0.0244	0.1066	0.3953	0.9174
ARMCX2	360.966	6e-04	0.0992	0.988	0.9972
ARMCX3	818.9696	-0.0332	0.096	0.4516	0.9232
ARMCX4	355.2747	0.0258	0.1028	0.4635	0.9268
ARMCX5	264.022	-0.0179	0.1013	0.6261	0.9631
ARMCX5-GPRASP2	14.1459	-0.0022	0.122	0.4742	0.9312
ARMCX6	384.4331	-0.0383	0.1	0.3404	0.9036
ARMS2	0.4727	-0.0014	0.1206	0.6441	NA
ARNT	903.1343	0.0517	0.0962	0.2513	0.8879
ARNT2	1930.6902	0.0891	0.1047	0.046	0.7463
ARNTL	241.6871	-0.0632	0.1062	0.0996	0.821
ARNTL2	572.1093	0.0212	0.097	0.6166	0.9592
ARPC1A	3227.2149	-0.0317	0.0934	0.493	0.9333
ARPC1B	5092.5574	0.0147	0.0943	0.7444	0.9761
ARPC2	5724.1912	-0.0222	0.0931	0.6317	0.964
ARPC3	3373.0267	-0.0635	0.0965	0.1658	0.8611
ARPC4	3753.5834	-0.0173	0.0943	0.7014	0.9724
ARPC4-TTLL3	54.7798	0.0159	0.1081	0.5088	0.9397
ARPC5	4659.3565	-0.0386	0.0916	0.4204	0.9204
ARPC5L	1172.7081	-0.0326	0.0954	0.4643	0.9271
ARPP19	4322.0152	0.0064	0.0923	0.8908	0.9899
ARRB1	818.149	0.0296	0.096	0.4998	0.9355
ARRB2	491.6347	-0.0489	0.1001	0.2359	0.886
ARRDC1	969.4263	-0.0111	0.0965	0.7945	0.9839
ARRDC2	248.334	0.0274	0.1018	0.4565	0.9254
ARRDC3	932.1681	-0.0418	0.0957	0.35	0.9067
ARRDC3-AS1	6.9492	-0.0161	0.1177	0.0788	0.8039
ARRDC4	343.276	0.0197	0.0997	0.6136	0.9589
ARSA	514.1947	-0.0386	0.0997	0.3421	0.9041
ARSB	1393.5828	0.0522	0.1022	0.1893	0.8684
ARSD	1034.8251	-0.0099	0.0951	0.8226	0.9851
ARSE	928.7351	-0.0361	0.0967	0.4057	0.9185
ARSG	36.4805	-0.0015	0.1089	0.94	0.9946
ARSH	0.7745	0.001	0.1175	0.7644	NA
ARSI	5.065	0.0038	0.1124	0.6355	0.9654
ARSJ	144.2598	0.0136	0.1035	0.6803	0.971
ARSK	203.211	-0.0315	0.1031	0.3746	0.9119
ART1	0.261	9e-04	0.1202	0.7456	NA
ART4	2.2757	0.0028	0.1138	0.6087	NA
ART5	3.3046	5e-04	0.1129	0.9297	NA
ARTN	24.7908	-0.0061	0.1105	0.6931	0.9715
ARV1	211.4749	-0.1243	0.1475	0.0024	0.3759
ARVCF	422.3766	-0.0296	0.0986	0.47	0.9294
ARX	12.6975	2e-04	0.111	0.9883	0.9972
AS3MT	294.9079	-0.0493	0.1033	0.1957	0.871
ASAH1	1312.4749	-0.0561	0.0949	0.2268	0.8832
ASAH2	6.9978	0.0015	0.1117	0.8784	0.9899
ASAH2B	108.1511	-0.002	0.1069	0.9363	0.9945
ASAP1	1183.1604	0.0305	0.0965	0.4824	0.932
ASAP1-IT2	0.5222	0.0016	0.1212	0.595	NA
ASAP2	3170.5763	0.2019	0.1688	6e-04	0.1878
ASAP3	557.8824	-0.0316	0.0984	0.4454	0.9232
ASB1	809.2831	0.0434	0.0986	0.3036	0.8992
ASB11	0.961	-0.0013	0.1168	0.7164	NA
ASB13	159.4206	-0.0455	0.106	0.1854	0.8684
ASB14	3.6956	-0.0016	0.1125	0.8259	NA
ASB16	16.1009	0.0047	0.1107	0.7414	0.9761
ASB16-AS1	93.6998	-0.0476	0.1122	0.0868	0.807
ASB18	5.9917	0.0026	0.1121	0.7669	0.9791
ASB3	374.3297	-0.0069	0.099	0.8611	0.9883
ASB6	958.9134	0.0655	0.0972	0.1506	0.8598
ASB7	325.4629	0.0384	0.1034	0.2874	0.8971
ASB8	350.7254	-0.0037	0.0988	0.926	0.9934
ASB9	192.8711	-0.042	0.1041	0.2421	0.886
ASB9P1	0.7625	0.0011	0.1168	0.7532	NA
ASCC1	582.1704	0.0032	0.0962	0.9411	0.9946
ASCC2	1218.6579	0.0462	0.0944	0.3166	0.9
ASCC3	2033.6508	0	0.0961	0.9992	0.9994
ASCL3	0.7709	0.001	0.1175	0.7687	NA
ASCL5	5.8007	0.0038	0.1121	0.6799	0.9708
ASF1A	789.8609	-0.0302	0.097	0.4797	0.932
ASF1B	1409.3371	-0.1143	0.1086	0.0171	0.6309
ASGR1	4.7417	2e-04	0.1121	0.9779	0.9959
ASH1L	1111.6033	0.065	0.1086	0.0783	0.8033
ASH1L-AS1	25.3114	-0.0059	0.1101	0.7266	0.9758
ASH2L	919.7681	-0.0028	0.0943	0.9494	0.9956
ASIC1	87.2461	-0.0345	0.1089	0.2107	0.8773
ASIC3	3.6742	-0.0069	0.1141	0.3214	NA
ASIC5	0.2289	-7e-04	0.1199	0.8029	NA
ASL	592.9024	-0.049	0.1004	0.232	0.8851
ASMTL	953.9369	-0.0152	0.0948	0.7327	0.976
ASMTL-AS1	50.7104	0.0182	0.1086	0.4347	0.9227
ASNA1	2124.8597	-0.0164	0.0949	0.7119	0.9733
ASNS	803.533	0.1045	0.1082	0.0237	0.6573
ASNSD1	875.1243	-0.0493	0.0967	0.2677	0.89
ASPDH	1.6009	0.0044	0.1173	0.35	NA
ASPG	0.3269	0.0011	0.1205	0.6944	NA
ASPH	3537.3543	0.0125	0.0922	0.7894	0.9836
ASPHD1	401.8262	-0.0565	0.106	0.1266	0.8412
ASPHD2	136.5549	-0.0053	0.104	0.8666	0.9887
ASPM	2582.8087	0.0392	0.0983	0.3514	0.9077
ASPN	7.8434	-0.0045	0.1119	0.6528	0.969
ASPRV1	1.2856	0.0011	0.1147	0.7956	NA
ASPSCR1	519.4217	-0.0512	0.101	0.209	0.8772
ASRGL1	6043.2388	0.0631	0.0925	0.1925	0.8684
ASS1	5307.2686	-0.0242	0.0928	0.604	0.9581
ASTE1	160.3756	0.0013	0.103	0.9684	0.9956
ASTL	0.9157	-0.0027	0.1209	0.4292	NA
ASTN2	233.1812	-0.0416	0.1034	0.2569	0.89
ASUN	959.3736	-0.064	0.0968	0.1615	0.8611
ASXL1	1747.6655	0.0587	0.0955	0.2027	0.8743
ASXL2	975.9619	0.0851	0.1186	0.0213	0.65
ASXL3	0.4894	1e-04	0.1193	0.9701	NA
ASZ1	1.0797	3e-04	0.1156	0.9329	NA
ATAD1	1192.356	0.0346	0.094	0.4514	0.9232
ATAD2	2706.947	0.0453	0.0979	0.2926	0.8986
ATAD2B	332.8924	0.0194	0.1003	0.6109	0.9584
ATAD3A	2641.585	-0.0063	0.0933	0.8906	0.9899
ATAD3B	3044.772	0.0466	0.0938	0.3183	0.9
ATAD3C	0.3186	-0.001	0.1203	0.7192	NA
ATAD5	381.5265	0.0337	0.1044	0.3215	0.9
ATAT1	225.9262	-0.0702	0.1114	0.0535	0.7578
ATCAY	0.2289	-7e-04	0.1199	0.8029	NA
ATE1	641.375	0.0195	0.0979	0.6377	0.9657
ATE1-AS1	10.0886	-0.0064	0.1116	0.5813	0.9552
ATF1	746.8903	-4e-04	0.0961	0.9918	0.9981
ATF2	925.737	-0.023	0.0959	0.5976	0.9572
ATF3	30.7891	0.0207	0.1109	0.2677	0.89
ATF4	4499.1305	0.041	0.0934	0.3793	0.9129
ATF5	678.9266	-0.0593	0.101	0.1565	0.8598
ATF6	1397.429	0.0293	0.0953	0.5108	0.9399
ATF6B	1006.4139	-0.1124	0.107	0.0192	0.6411
ATF7	621.5507	-0.0273	0.098	0.5109	0.9399
ATF7IP	1322.4588	0.0476	0.0983	0.2667	0.89
ATF7IP2	41.8933	-0.0055	0.1084	0.7992	0.9839
ATG10	124.8049	-0.0327	0.106	0.3004	0.8992
ATG12	756.261	-0.0046	0.0953	0.9168	0.9932
ATG13	1234.6112	-0.007	0.0934	0.8784	0.9899
ATG14	388.9761	0.0311	0.0994	0.4396	0.9231
ATG16L1	1000.5573	0.0746	0.0981	0.1045	0.8247
ATG16L2	33.18	-0.0349	0.1137	0.0814	0.807
ATG2A	1009.811	0.0425	0.0976	0.3238	0.9
ATG2B	641.1243	0.0648	0.1055	0.0991	0.821
ATG3	1152.6471	-0.0329	0.0951	0.463	0.9265
ATG4A	155.8922	-0.0592	0.1108	0.0761	0.7986
ATG4B	1176.1329	-0.0146	0.0961	0.7355	0.976
ATG4C	203.8542	-0.0641	0.108	0.0842	0.807
ATG4D	1000.2883	-0.035	0.0965	0.4225	0.9204
ATG5	861.8039	-0.0085	0.0948	0.8491	0.9868
ATG7	818.4614	-0.0019	0.0954	0.9654	0.9956
ATG9A	2554.735	0.0312	0.0922	0.5087	0.9397
ATG9B	13.6265	0.0086	0.1112	0.5206	0.9416
ATHL1	226.113	-0.0099	0.1012	0.7843	0.9821
ATIC	2519.2034	-0.0112	0.0919	0.8114	0.9849
ATL1	89.1566	-0.0494	0.1116	0.0899	0.8072
ATL2	1923.0115	0.0247	0.0934	0.5918	0.9562
ATL3	2454.0664	0.0445	0.0992	0.2854	0.8971
ATM	738.5391	0.0263	0.0994	0.5094	0.9397
ATMIN	1264.5036	0.0141	0.0937	0.758	0.9789
ATN1	4553.9767	0.0682	0.0933	0.1575	0.8607
ATOH7	1.7434	0.0011	0.114	0.8176	NA
ATOH8	4.1535	-0.0064	0.1136	0.3701	NA
ATOX1	474.8129	-0.0461	0.1029	0.2253	0.8832
ATP10B	3.9462	0.0079	0.115	0.2483	NA
ATP10D	445.8628	0.0206	0.0992	0.6048	0.9581
ATP11A	2393.4323	0.066	0.1055	0.0949	0.8182
ATP11A-AS1	0.2615	9e-04	0.1202	0.751	NA
ATP11B	735.3596	0.0474	0.0998	0.2517	0.8879
ATP11C	812.6384	0.0278	0.0991	0.49	0.9324
ATP12A	0.4578	-0.0013	0.1206	0.6493	NA
ATP13A1	2150.0937	0.0393	0.0927	0.4051	0.9185
ATP13A2	1713.4825	0.0857	0.0976	0.0717	0.7855
ATP13A3	3061.863	0.0671	0.1011	0.1189	0.8305
ATP13A4	1.2508	7e-04	0.1143	0.8753	NA
ATP1A1	16859.8721	0.0468	0.0916	0.331	0.901
ATP1A1OS	28.083	-0.0017	0.1099	0.9191	0.9932
ATP1A3	2.3442	0.0053	0.1148	0.3647	NA
ATP1B1	2326.8169	-0.0289	0.0925	0.5377	0.9449
ATP1B2	0.9719	-0.0016	0.1161	0.689	NA
ATP1B3	2899.5349	-0.0617	0.0951	0.1864	0.8684
ATP2A1	10.5171	0.0142	0.1126	0.2297	0.8839
ATP2A2	7470.8497	0.0828	0.1032	0.0614	0.7686
ATP2A3	4.5193	-0.0011	0.1123	0.8863	NA
ATP2B1	1270.9921	0.0502	0.0993	0.235	0.886
ATP2B4	1374.0449	0.0596	0.1017	0.1494	0.8598
ATP2C1	2165.9329	-0.0149	0.0934	0.7454	0.9761
ATP2C2	0.5336	0.0017	0.1207	0.5725	NA
ATP4A	0.2293	-7e-04	0.1199	0.8026	NA
ATP4B	0.2386	-7e-04	0.1199	0.799	NA
ATP5A1	13161.4305	-0.0346	0.0915	0.4691	0.9289
ATP5B	22761.933	-0.0258	0.0909	0.5907	0.9562
ATP5C1	2991.2226	-0.0689	0.0971	0.1341	0.8515
ATP5D	2542.175	-0.0417	0.1001	0.3035	0.8992
ATP5E	2613.8976	-0.0444	0.0986	0.2929	0.8989
ATP5F1	3436.9949	-0.0792	0.0969	0.0931	0.814
ATP5G1	1847.5719	-0.1115	0.112	0.0163	0.6309
ATP5G2	4310.6171	-0.0591	0.1001	0.1657	0.8611
ATP5G3	5243.7729	-0.0618	0.0994	0.1559	0.8598
ATP5H	1988.6253	-0.0904	0.1044	0.0448	0.7463
ATP5I	941.9411	-0.0534	0.1041	0.1614	0.8611
ATP5J	1699.627	-0.1112	0.1181	0.0127	0.5966
ATP5J2	3412.3065	-0.0536	0.0993	0.2078	0.8771
ATP5J2-PTCD1	14.1602	-0.0049	0.1434	0.1341	0.8515
ATP5L	3551.8677	-0.0797	0.1005	0.0782	0.8033
ATP5L2	0.7507	9e-04	0.1175	0.7798	NA
ATP5O	2369.7979	-0.0784	0.0998	0.0847	0.807
ATP5S	157.2294	-0.0858	0.1215	0.0166	0.6309
ATP5SL	1081.0876	-0.0171	0.0971	0.6853	0.9712
ATP6AP1	4034.9139	0.0049	0.0921	0.9173	0.9932
ATP6AP1L	9.1502	-0.0019	0.1115	0.8633	0.9887
ATP6AP2	2063.7534	-0.0335	0.0931	0.4724	0.9307
ATP6V0A1	1290.3696	0.0353	0.0938	0.4436	0.9232
ATP6V0A2	2125.668	0.1149	0.106	0.0184	0.6379
ATP6V0A4	14.9024	-0.0031	0.1108	0.8227	0.9851
ATP6V0B	1902.3901	-0.0439	0.0975	0.3105	0.8998
ATP6V0C	5326.9629	-0.0161	0.0964	0.7075	0.9725
ATP6V0D1	2154.3987	-0.0151	0.095	0.7342	0.976
ATP6V0E1	3472.917	-0.0389	0.0951	0.3882	0.9162
ATP6V0E2	1063.4083	-0.0919	0.1074	0.0366	0.7445
ATP6V0E2-AS1	71.6833	-0.0089	0.1072	0.7224	0.9755
ATP6V1A	1621.1069	-0.0309	0.0946	0.4939	0.9337
ATP6V1B1	205.417	0.0047	0.1015	0.8946	0.9903
ATP6V1B2	1344.5451	-0.0033	0.0931	0.9427	0.9947
ATP6V1C1	1431.906	-0.008	0.093	0.8631	0.9887
ATP6V1C2	27.4818	-3e-04	0.1096	0.9861	0.9969
ATP6V1D	1230.0514	-0.0264	0.0954	0.5513	0.9489
ATP6V1E1	1708.1376	-0.0291	0.0946	0.5187	0.9416
ATP6V1E2	92.1159	-0.0087	0.1058	0.7556	0.9788
ATP6V1F	2289.858	-0.0399	0.0963	0.3663	0.9102
ATP6V1G1	2067.5074	-0.0282	0.0942	0.5348	0.9444
ATP6V1G2	3.9959	-6e-04	0.1125	0.9335	NA
ATP6V1G3	3.0801	-0.0072	0.1153	0.2638	NA
ATP6V1H	978.8052	-0.0101	0.095	0.819	0.985
ATP7A	190.2815	0.0038	0.1025	0.9113	0.9928
ATP7B	872.6851	0.002	0.0948	0.9633	0.9956
ATP8A1	259.4276	0.0185	0.1015	0.6114	0.9585
ATP8A2	1.3074	-0.0015	0.1148	0.7319	NA
ATP8B1	3841.544	0.0842	0.1022	0.0616	0.7686
ATP8B2	1893.6262	0.1182	0.1198	0.01	0.5561
ATP8B3	27.0475	0.0139	0.1103	0.4359	0.9227
ATP8B5P	1.7055	-0.0034	0.117	0.4309	NA
ATP9A	5424.1443	0.0767	0.1041	0.072	0.7855
ATP9B	346.7551	0.0055	0.1001	0.8837	0.9899
ATPAF1	1416.1738	-0.0197	0.0931	0.6705	0.9698
ATPAF2	551.5513	0.0148	0.0981	0.7177	0.9751
ATPIF1	2515.6111	-0.1304	0.1264	0.0059	0.4962
ATR	783.5333	0.054	0.1039	0.1603	0.8611
ATRAID	1603.7013	-0.0555	0.0977	0.209	0.8772
ATRIP	390.8873	-0.0186	0.0983	0.6488	0.9682
ATRN	2325.7912	0.0662	0.1038	0.1049	0.8255
ATRNL1	54.553	-0.0429	0.1143	0.0628	0.7689
ATRX	1130.6035	0.0195	0.101	0.6005	0.9581
ATXN1	67.0078	0.0085	0.107	0.7381	0.9761
ATXN10	4417.8531	-0.0432	0.0921	0.3646	0.9102
ATXN1L	1051.3347	0.0702	0.1051	0.0844	0.807
ATXN2	840.788	0.0874	0.1056	0.0464	0.7463
ATXN2L	4379.5478	0.0831	0.0971	0.0804	0.8068
ATXN3	226.0469	0.0073	0.1011	0.8411	0.986
ATXN7	420.0372	0.0143	0.1005	0.7045	0.9724
ATXN7L1	78.8735	-0.0106	0.1062	0.6987	0.9722
ATXN7L2	95.9629	0.0237	0.1062	0.42	0.9204
ATXN7L3	2140.1216	0.0641	0.0953	0.1701	0.8611
ATXN7L3B	2112.2306	0.0429	0.0943	0.351	0.9073
AUH	216.8791	-0.0577	0.1065	0.1165	0.8296
AUNIP	303.9267	0.0052	0.0999	0.8911	0.9899
AUP1	2463.7406	0.0153	0.0951	0.7299	0.9759
AURKA	1604.2791	-0.0166	0.0928	0.7212	0.9753
AURKAIP1	2512.1764	-0.0253	0.0978	0.5437	0.9471
AURKAPS1	4.0617	0.0044	0.1127	0.5709	NA
AURKB	1034.3414	-0.0345	0.0965	0.4293	0.9207
AURKC	7.8405	-0.0026	0.1117	0.7986	0.9839
AUTS2	116.0649	0.0319	0.1067	0.2917	0.8984
AVEN	515.7626	-0.0319	0.0997	0.4237	0.9204
AVIL	1.9724	4e-04	0.1136	0.9448	NA
AVL9	827.9627	0.0477	0.0994	0.2547	0.8893
AVPI1	431.5216	0.0089	0.0982	0.8255	0.9853
AVPR1A	0.5213	0.0016	0.1212	0.5954	NA
AVPR1B	3.0638	0.0037	0.1134	0.5539	NA
AVPR2	84.4007	-0.055	0.1155	0.0449	0.7463
AXIN1	1075.04	0.0754	0.0982	0.1014	0.8214
AXIN2	102.7408	0.0418	0.1085	0.1682	0.8611
AXL	527.6712	0.1185	0.1175	0.0108	0.5624
AZI1	615.2408	0.029	0.0967	0.5006	0.9355
AZI2	713.8386	-0.0341	0.0959	0.4398	0.9232
AZIN1	2237.5698	0.0085	0.0929	0.8537	0.9876
B2M	3935.3357	-0.0342	0.0923	0.47	0.9294
B3GALNT1	1157.4859	-0.0188	0.0937	0.6804	0.971
B3GALNT2	1217.7623	0.0178	0.0961	0.6813	0.9711
B3GALT1	115.602	0.0328	0.109	0.2214	0.8832
B3GALT2	0.2293	-7e-04	0.1199	0.8026	NA
B3GALT4	1.2626	9e-04	0.1153	0.8204	NA
B3GALT5	0.2607	9e-04	0.1202	0.7458	NA
B3GALT6	1286.5415	-0.0044	0.0954	0.9203	0.9932
B3GALTL	313.0337	-0.0381	0.1006	0.3351	0.9028
B3GAT1	1.4106	0.0024	0.1151	0.6053	NA
B3GAT2	0.2323	-7e-04	0.1199	0.806	NA
B3GAT3	967.8757	-0.0703	0.1016	0.1032	0.8247
B3GNT1	1230.073	-0.0164	0.0942	0.717	0.9748
B3GNT2	1172.7132	0.0252	0.0949	0.5731	0.9544
B3GNT3	25.5807	7e-04	0.1099	0.9649	0.9956
B3GNT4	3.6748	0.008	0.1147	0.2536	NA
B3GNT5	11.0698	0.0042	0.1114	0.7248	0.9755
B3GNT6	0.4899	1e-04	0.1193	0.9705	NA
B3GNT7	2084.906	0.0503	0.0933	0.2864	0.8971
B3GNT8	96.0734	-0.0016	0.1052	0.9555	0.9956
B3GNT9	39.358	0.0018	0.1087	0.931	0.9937
B3GNTL1	52.4901	-0.0349	0.1129	0.1012	0.8212
B4GALNT1	828.945	0.0448	0.0994	0.2797	0.8964
B4GALNT3	139.1889	0.0612	0.1159	0.0398	0.7463
B4GALNT4	62.0602	-0.0025	0.1072	0.9197	0.9932
B4GALT1	1969.868	0.066	0.095	0.1608	0.8611
B4GALT2	1467.5011	-0.0251	0.0944	0.5787	0.9552
B4GALT3	833.079	-0.0094	0.0954	0.8306	0.9854
B4GALT4	1602.2852	0.0271	0.0932	0.5594	0.951
B4GALT5	5244.4476	0.11	0.1054	0.0222	0.65
B4GALT6	111.929	-0.0081	0.1063	0.7632	0.9791
B4GALT7	789.283	0.0111	0.0978	0.7881	0.9832
B9D1	257.733	-0.1072	0.13	0.0073	0.5165
B9D2	172.5199	-0.0389	0.1051	0.254	0.8893
BAAT	0.2293	-7e-04	0.1199	0.8026	NA
BABAM1	1654.7171	-0.0354	0.0954	0.4284	0.9207
BACE1	760.8444	0.033	0.0963	0.4502	0.9232
BACE1-AS	12.9668	-2e-04	0.111	0.9859	0.9969
BACE2	79.9615	-0.0038	0.1059	0.891	0.9899
BACH1	725.3412	0.0519	0.1005	0.2083	0.8771
BACH2	1.9605	-8e-04	0.1133	0.8844	NA
BAD	1128.6583	-0.0423	0.0994	0.3052	0.8992
BAG1	776.5715	-0.036	0.0967	0.4084	0.9187
BAG2	1505.2798	-0.0588	0.0945	0.2089	0.8772
BAG3	1836.0468	-0.0122	0.0928	0.7926	0.9836
BAG4	807.6033	-0.0131	0.095	0.7681	0.9791
BAG5	991.8241	0.0428	0.0951	0.3457	0.9058
BAG6	7014.6736	0.0654	0.0929	0.1759	0.8611
BAHCC1	344.3518	0.0295	0.1004	0.4476	0.9232
BAHD1	1773.4103	0.02	0.0934	0.6639	0.969
BAI1	1.7459	0.0011	0.114	0.825	NA
BAI2	101.478	-0.0284	0.1075	0.3119	0.9
BAIAP2	3050.0635	0.0325	0.0929	0.4874	0.9323
BAIAP2-AS1	714.6408	0.0274	0.0977	0.5136	0.9406
BAIAP2L1	700.5875	0.0068	0.0955	0.8763	0.9899
BAIAP2L2	583.7837	0.0153	0.0963	0.7215	0.9753
BAIAP3	12.3501	0.0076	0.1114	0.5475	0.9487
BAK1	1334.3192	-0.0268	0.094	0.5567	0.9507
BAMBI	413.0597	-0.0314	0.0991	0.4388	0.9227
BANF1	3892.673	-0.031	0.0963	0.4769	0.9312
BANK1	0.7295	-8e-04	0.1167	0.831	NA
BANP	553.2319	0.0543	0.0998	0.1986	0.8734
BAP1	2914.345	0.0683	0.0955	0.1454	0.8598
BARD1	612.3224	0.0133	0.0965	0.7563	0.9789
BARX1	0.238	-7e-04	0.1199	0.7997	NA
BARX2	0.2297	-7e-04	0.1199	0.8023	NA
BASP1	31.9499	-0.0038	0.1092	0.8449	0.986
BASP1P1	105.271	0.0111	0.1134	0.2307	0.8846
BATF2	13.9804	1e-04	0.1108	0.992	0.9982
BATF3	10.1402	0.0072	0.1116	0.5408	0.9465
BAX	3409.2704	-0.0417	0.0953	0.3545	0.9082
BAZ1A	1055.4293	0.0331	0.0987	0.4208	0.9204
BAZ1B	3271.6866	0.0516	0.101	0.2064	0.8751
BAZ2A	3070.5497	0.0805	0.1108	0.042	0.7463
BAZ2B	328.7047	0.0641	0.1106	0.0679	0.7802
BBC3	1033.8152	0.0029	0.0965	0.9452	0.9956
BBIP1	220.3349	-0.0786	0.115	0.0322	0.7128
BBOX1	3.8355	9e-04	0.1124	0.9021	NA
BBS1	255.887	-0.0204	0.1011	0.5833	0.9552
BBS10	220.1435	-0.0289	0.1027	0.4189	0.9204
BBS12	106.6894	-0.0148	0.1051	0.6208	0.9607
BBS2	348.5125	-0.0637	0.1034	0.1174	0.8296
BBS4	386.6157	-0.0234	0.0991	0.5585	0.9508
BBS5	320.4084	0.0914	0.1124	0.0283	0.6907
BBS7	294.8552	0.0303	0.1003	0.4373	0.9227
BBS9	32.8234	-0.0207	0.1107	0.2808	0.8964
BBX	1608.599	0.0021	0.0982	0.9585	0.9956
BCAM	15227.8665	0.0406	0.0907	0.4033	0.9185
BCAN	2.7154	-0.0019	0.1129	0.763	NA
BCAP29	755.2918	-0.0403	0.0963	0.3612	0.9102
BCAP31	3655.937	-0.0318	0.0942	0.4852	0.9322
BCAR1	3944.7279	0.0834	0.0945	0.0877	0.8072
BCAR3	837.9434	0.0765	0.1004	0.0878	0.8072
BCAR4	0.2946	-9e-04	0.1201	0.7439	NA
BCAS1	4.9992	0.001	0.1121	0.9066	0.9922
BCAS2	695.0926	-0.0426	0.0974	0.3249	0.9001
BCAS3	71.0143	6e-04	0.1066	0.9816	0.9961
BCAS4	551.7934	-0.059	0.103	0.1416	0.8598
BCAT1	424.7203	0.0034	0.0995	0.9302	0.9937
BCAT2	557.3709	-0.0469	0.1013	0.2385	0.886
BCCIP	1520.3515	-0.0984	0.1016	0.0384	0.7463
BCDIN3D	106.2095	-4e-04	0.105	0.9892	0.9972
BCDIN3D-AS1	9.2621	-0.0013	0.1114	0.9103	0.9927
BCKDHA	608.7419	7e-04	0.0966	0.9874	0.9972
BCKDHB	409.994	-0.0088	0.0994	0.8212	0.9851
BCKDK	1662.7981	-0.026	0.0943	0.5666	0.9533
BCL10	282.0409	-0.0319	0.1007	0.4106	0.9191
BCL11A	60.6158	0.0182	0.1079	0.466	0.9277
BCL11B	3.7686	-1e-04	0.1124	0.9937	NA
BCL2	448.4461	0.0067	0.0987	0.8661	0.9887
BCL2L1	4231.0492	0.0109	0.0917	0.817	0.985
BCL2L10	3.5356	0.0021	0.1126	0.7722	NA
BCL2L11	521.143	0.0171	0.0979	0.6784	0.9708
BCL2L12	596.4158	-0.0611	0.1019	0.1401	0.8585
BCL2L13	1149.4578	-0.0115	0.0938	0.8	0.9839
BCL2L14	1.2165	-5e-04	0.1143	0.9064	NA
BCL2L15	4.7955	0.0049	0.1126	0.5392	0.9454
BCL2L2	466.6604	-0.0773	0.1039	0.0714	0.7848
BCL2L2-PABPN1	1280.2374	-0.2753	0.2125	1e-04	0.0988
BCL3	782.3998	-0.0219	0.0974	0.6028	0.9581
BCL6	88.4377	0.0059	0.1061	0.8284	0.9854
BCL6B	0.5458	0.0016	0.1213	0.5866	NA
BCL7A	931.7467	0.0581	0.0993	0.1776	0.8611
BCL7B	710.372	-0.0239	0.0973	0.572	0.9544
BCL7C	1538.5883	-0.0298	0.0979	0.4769	0.9312
BCL9	2180.2742	0.075	0.1032	0.0804	0.8068
BCL9L	3351.93	0.1527	0.1293	0.0032	0.4115
BCLAF1	3653.4162	0.0447	0.0926	0.3464	0.906
BCMO1	81.9305	-0.0222	0.1069	0.4241	0.9204
BCO2	18.1638	-0.0123	0.1111	0.4123	0.9201
BCOR	839.0933	0.0497	0.1009	0.2207	0.8832
BCORL1	635.1671	0.0399	0.1032	0.2766	0.8937
BCR	2536.703	0.065	0.0958	0.162	0.8611
BCRP2	8.2857	-0.0018	0.1118	0.8542	0.9876
BCRP3	16.935	0.0091	0.1111	0.5118	0.94
BCS1L	526.1969	-0.0699	0.104	0.0912	0.8092
BCYRN1	2.2272	-0.0049	0.1181	0.3008	NA
BDH1	511.4741	-0.0851	0.1062	0.0486	0.7463
BDH2	407.553	-0.0333	0.1016	0.3769	0.9119
BDNF	19.4591	0.0021	0.1103	0.8932	0.9899
BDNF-AS	1.5617	-0.006	0.1235	0.1896	NA
BDP1	948.2869	0.0624	0.1068	0.0976	0.821
BECN1	1020.0309	-0.0238	0.0949	0.595	0.9562
BEGAIN	3.4336	0.0082	0.117	0.1939	NA
BEND3	345.069	0.0153	0.0991	0.6995	0.9723
BEND3P3	4.5406	9e-04	0.1123	0.9099	NA
BEND4	2.2681	0.0013	0.1135	0.8156	NA
BEND5	1.6662	-0.0064	0.1245	0.1683	NA
BEND6	16.3941	-0.0012	0.1106	0.9357	0.9945
BEND7	65.4449	-0.0216	0.108	0.3974	0.9182
BEST1	14.6019	0.0064	0.111	0.6371	0.9657
BEST2	0.4856	1e-04	0.1193	0.9801	NA
BEST3	0.4896	1e-04	0.1193	0.9698	NA
BEST4	31.3121	-0.0096	0.1098	0.5964	0.9566
BET1	937.3563	-0.0447	0.0977	0.3009	0.8992
BET1L	1101.2803	-0.0027	0.0937	0.9529	0.9956
BEX1	1.1993	-0.002	0.1166	0.6013	NA
BEX2	359.0642	-0.0495	0.1015	0.2159	0.8785
BEX4	608.4592	-0.0719	0.1023	0.094	0.8158
BEX5	21.4755	-0.0179	0.1114	0.2747	0.8936
BFAR	1725.4645	0.0171	0.0925	0.7142	0.974
BFSP1	151.3319	-0.0335	0.1048	0.3158	0.9
BGN	256.8843	0.021	0.1011	0.5718	0.9544
BHLHA15	3.4463	-0.0026	0.1126	0.7209	NA
BHLHB9	119.1488	0.0046	0.1044	0.8807	0.9899
BHLHE40	310.7309	0.0845	0.1095	0.0409	0.7463
BHLHE41	1.2322	-6e-04	0.1143	0.8912	NA
BHMT	2.141	-0.0056	0.1176	0.2731	NA
BICC1	1409.1656	0.0617	0.1	0.1515	0.8598
BICD1	652.7998	0.0817	0.1137	0.0334	0.718
BICD2	1572.0538	0.0609	0.0987	0.1661	0.8611
BID	494.3703	-0.0579	0.1018	0.1577	0.8607
BIK	95.3927	0.003	0.1054	0.9155	0.9932
BIN1	2372.9608	0.0296	0.0939	0.5178	0.9416
BIN2	3.0572	0.0026	0.1128	0.7039	NA
BIN3	357.1006	0.0046	0.0998	0.9036	0.9911
BIN3-IT1	0.2735	0.001	0.1202	0.7401	NA
BIRC2	742.1939	-0.049	0.0972	0.2655	0.89
BIRC3	78.1218	-0.0566	0.1151	0.047	0.7463
BIRC5	2218.9995	-0.0578	0.0962	0.2048	0.8747
BIRC6	2394.4727	0.1209	0.1322	0.0055	0.4962
BIRC7	1.2474	-6e-04	0.1147	0.8981	NA
BIVM	480.4524	-0.0883	0.106	0.0443	0.7463
BLACAT1	65.7628	-0.0411	0.1114	0.1175	0.8296
BLCAP	1493.0318	-0.0629	0.0966	0.1685	0.8611
BLM	546.358	0.004	0.0982	0.9221	0.9933
BLMH	1225.331	-0.0375	0.094	0.4149	0.9204
BLNK	1.4293	-0.0011	0.1141	0.8271	NA
BLOC1S1	876.8524	-0.0453	0.1005	0.2619	0.89
BLOC1S1-RDH5	4.0568	-4e-04	0.113	0.9476	NA
BLOC1S2	1937.6778	-0.0595	0.0969	0.188	0.8684
BLOC1S3	243.6853	0.0141	0.1012	0.7002	0.9724
BLOC1S4	428.2368	0.005	0.0989	0.9002	0.9908
BLOC1S5	369.43	-0.0425	0.1003	0.2916	0.8984
BLOC1S5-TXNDC5	6.0036	0.0041	0.1344	0.2017	0.874
BLOC1S6	681.2773	-2e-04	0.0966	0.9971	0.9991
BLVRA	318.7705	-0.056	0.1031	0.1563	0.8598
BLVRB	849.5467	-0.0589	0.1005	0.1633	0.8611
BLZF1	238.5283	0.0351	0.1046	0.3013	0.8992
BMF	112.7138	0.0575	0.1122	0.0681	0.7804
BMI1	977.8673	0.0255	0.0981	0.5381	0.9449
BMP1	1278.8694	0.0602	0.0955	0.1927	0.8684
BMP2	85.5924	0.0283	0.1073	0.3203	0.9
BMP2K	1421.7117	0.0716	0.1034	0.0892	0.8072
BMP4	2209.1794	-0.0176	0.0931	0.7032	0.9724
BMP5	1.018	-0.0014	0.1166	0.7044	NA
BMP6	54.2119	0.0096	0.1079	0.6817	0.9711
BMP7	11.5689	-0.0075	0.1115	0.5407	0.9465
BMP8A	1323.7679	0.0537	0.0969	0.2292	0.8832
BMP8B	314.6642	0.0268	0.1018	0.466	0.9277
BMPR1A	1516.982	0.0275	0.097	0.5203	0.9416
BMPR1B	757.5451	0.0264	0.097	0.5358	0.9444
BMPR2	2258.3506	0.0605	0.0997	0.16	0.8611
BMS1	1862.3067	0.0295	0.0983	0.4766	0.9312
BMS1P17	0.7369	-6e-04	0.1174	0.8486	NA
BMS1P2	32.5356	0.0222	0.1115	0.2132	0.8774
BMS1P20	258.5184	-0.0176	0.1005	0.6411	0.966
BMS1P4	26.518	0.0281	0.1131	0.1106	0.8281
BMS1P5	78.5923	0.0737	0.1281	0.0075	0.5181
BMS1P6	57.6455	0.0541	0.1197	0.0204	0.6425
BMX	0.2732	0.001	0.1202	0.7404	NA
BNC2	153.7875	0.0113	0.1067	0.6684	0.9698
BNIP1	180.6124	0.0017	0.102	0.9618	0.9956
BNIP2	1068.8265	0.0637	0.0964	0.1654	0.8611
BNIP3	573.2026	-0.1218	0.1213	0.0086	0.5315
BNIP3L	612.2002	-0.0339	0.0967	0.4343	0.9227
BNIPL	3.54	0.0084	0.1154	0.2208	NA
BOC	64.0461	-0.0057	0.1072	0.8185	0.985
BOD1	1066.6059	-0.0186	0.096	0.6684	0.9698
BOD1L1	931.6646	0.0738	0.1138	0.0397	0.7463
BOK	231.5882	-0.0339	0.1029	0.3488	0.9067
BOK-AS1	0.4711	-0.0013	0.1206	0.645	NA
BOLA1	208.5709	-0.0544	0.1075	0.1207	0.8309
BOLA2	386.891	-0.0299	0.1027	0.4053	0.9185
BOLA2B	336.1912	-0.0604	0.1091	0.0865	0.807
BOLA3	456.5606	-0.0372	0.1017	0.3293	0.9004
BOLA3-AS1	76.2534	0.0013	0.1078	0.9562	0.9956
BOLL	0.2289	-7e-04	0.1199	0.8029	NA
BOP1	3456.0772	0.0056	0.093	0.9031	0.9911
BORA	288.0191	0.0162	0.0999	0.6742	0.9708
BPGM	626.7888	-0.0249	0.0965	0.5634	0.952
BPHL	171.3901	-0.027	0.104	0.4217	0.9204
BPIFA2	0.2729	9e-04	0.1202	0.7407	NA
BPNT1	528.5141	-0.0804	0.1054	0.059	0.7686
BPTF	1791.9406	0.0784	0.1103	0.0464	0.7463
BRAF	460.2624	0.0212	0.1006	0.575	0.9545
BRAP	528.9879	0.0327	0.0979	0.4376	0.9227
BRAT1	1289.6506	0.0109	0.0948	0.806	0.9839
BRCA1	885.3609	-0.0095	0.0959	0.8266	0.9853
BRCA2	202.5395	0.0494	0.11	0.1107	0.8281
BRCC3	660.9531	-0.0231	0.0977	0.5803	0.9552
BRD1	863.7234	0.0552	0.0964	0.2215	0.8832
BRD2	4522.1461	0.0119	0.0927	0.798	0.9839
BRD3	1085.3835	0.0487	0.1026	0.2094	0.8773
BRD4	2465.1481	0.1088	0.1153	0.0153	0.6309
BRD7	1866.6294	0.0019	0.0929	0.9674	0.9956
BRD7P3	1.7509	0.0011	0.114	0.8275	NA
BRD8	940.6865	0.0761	0.1017	0.0838	0.807
BRD9	978.2089	0.04	0.095	0.3771	0.9119
BRE	610.5077	-0.0686	0.102	0.1069	0.826
BRE-AS1	3.2469	0.0015	0.1127	0.8245	NA
BREA2	0.796	0.0029	0.1206	0.4149	NA
BRF1	1133.4782	0.0246	0.0943	0.5877	0.9552
BRF2	354.32	0.0184	0.0992	0.6417	0.9662
BRI3	2290.4507	-0.059	0.0995	0.1705	0.8611
BRI3BP	618.7058	0.0407	0.1004	0.3088	0.8998
BRICD5	83.5323	-0.0088	0.106	0.7517	0.9779
BRIP1	391.6296	-0.0128	0.101	0.7291	0.9759
BRIX1	1031.449	-0.0093	0.0942	0.8372	0.9854
BRK1	1921.8975	-0.0885	0.0997	0.0593	0.7686
BRMS1	1056.8813	-0.0068	0.0943	0.8805	0.9899
BRMS1L	389.7239	-0.0099	0.0984	0.8067	0.9839
BROX	679.7087	-0.07	0.0999	0.1135	0.8296
BRPF1	720.5868	0.0761	0.1022	0.0818	0.807
BRPF3	958.3729	0.046	0.0987	0.2775	0.8948
BRSK1	17.84	-0.002	0.1104	0.8962	0.9904
BRSK2	35.4924	-0.0191	0.1104	0.3232	0.9
BRWD1	914.3542	0.1001	0.1096	0.0255	0.6739
BRWD1-IT2	10.3253	-0.0057	0.1115	0.6316	0.964
BRWD3	464.9964	0.0222	0.1051	0.4746	0.9312
BSCL2	474.4559	-0.0752	0.1177	0.0267	0.6814
BSDC1	743.9405	-0.022	0.0954	0.6185	0.9593
BSG	17022.496	-0.0073	0.093	0.8745	0.9894
BSN	45.3984	0.0297	0.112	0.1438	0.8598
BSN-AS2	3.7824	0.0017	0.1126	0.8161	NA
BSND	0.2289	-7e-04	0.1199	0.8029	NA
BSPRY	6.0692	0.0012	0.1119	0.8972	0.9907
BST1	0.7866	-0.0023	0.1209	0.4848	NA
BST2	283.8868	-0.0575	0.1043	0.1378	0.8585
BTAF1	1093.2808	0.0723	0.1061	0.074	0.7897
BTBD1	1876.7429	-0.034	0.0934	0.4631	0.9265
BTBD10	315.3659	-0.0104	0.0992	0.7909	0.9836
BTBD11	1.1735	-9e-04	0.1149	0.8361	NA
BTBD16	1.2	-0.0037	0.1216	0.3255	NA
BTBD18	1.0552	0.004	0.1215	0.305	NA
BTBD19	89.7951	0.0711	0.1207	0.0195	0.6425
BTBD2	2277.2688	0.0065	0.0937	0.8871	0.9899
BTBD3	2940.5492	0.0388	0.0927	0.4101	0.9189
BTBD6	1207.5433	-0.0111	0.0955	0.7996	0.9839
BTBD7	977.7704	0.0668	0.0999	0.1274	0.8418
BTBD8	2.0466	0.002	0.1138	0.7039	NA
BTBD9	284.4606	0.0014	0.1029	0.9665	0.9956
BTC	2.0714	-0.0019	0.1138	0.7218	NA
BTD	91.3421	-0.0333	0.1079	0.2474	0.8873
BTF3	7633.1927	-0.0644	0.0976	0.1539	0.8598
BTF3L4	2151.9505	-0.0044	0.092	0.9249	0.9934
BTG1	256.5677	-0.0174	0.1005	0.6448	0.9672
BTG2	1812.6708	-0.0506	0.0936	0.281	0.8964
BTG3	1355.0193	-0.0824	0.0982	0.0788	0.8039
BTK	0.2729	9e-04	0.1202	0.7407	NA
BTN2A1	571.1088	0.0455	0.0979	0.2905	0.8981
BTN2A2	166.9501	-0.0235	0.1033	0.4915	0.9331
BTN2A3P	35.9024	0.0202	0.1108	0.2814	0.8964
BTN3A1	21.4912	-0.0107	0.1105	0.5128	0.9404
BTN3A2	15.6264	0.0073	0.1109	0.6121	0.9586
BTN3A3	37.3917	-0.0043	0.1088	0.8332	0.9854
BTNL9	0.273	0.001	0.1202	0.7405	NA
BTRC	766.3312	0.0145	0.0963	0.7352	0.976
BUB1	1281.5251	0.0165	0.096	0.7037	0.9724
BUB1B	1972.3496	0.0513	0.0955	0.2603	0.89
BUB3	2176.1423	-0.0656	0.094	0.1686	0.8611
BUD13	558.8072	-0.0085	0.0966	0.8416	0.986
BUD31	1242.8499	-0.0299	0.0964	0.4921	0.9331
BVES	6.6717	-0.0026	0.1118	0.7896	0.9836
BYSL	1026.7362	0.0403	0.0962	0.3625	0.9102
BZRAP1	0.4693	-0.0014	0.1207	0.6442	NA
BZRAP1-AS1	5.7633	-0.0015	0.1121	0.8606	0.9883
BZW1	6486.8361	-0.0145	0.0909	0.7626	0.9791
BZW2	2555.0473	-0.0509	0.0933	0.2808	0.8964
C10orf10	132.5317	0.0089	0.1038	0.7808	0.9806
C10orf105	0.4584	-0.0013	0.1206	0.649	NA
C10orf107	61.7054	-0.0474	0.1142	0.0616	0.7686
C10orf111	1.8092	0.0029	0.1146	0.5603	NA
C10orf118	410.0536	0.0448	0.1063	0.1855	0.8684
C10orf12	262.0709	0.0206	0.106	0.4799	0.932
C10orf126	0.2729	9e-04	0.1202	0.7407	NA
C10orf131	1.7928	0.0024	0.1151	0.6009	NA
C10orf2	739.9958	0.0238	0.0972	0.5748	0.9545
C10orf25	74.1001	0.0083	0.1064	0.7557	0.9788
C10orf32	238.8312	-0.0566	0.1061	0.1252	0.8374
C10orf35	308.6621	0.0152	0.0999	0.6931	0.9715
C10orf54	1511.987	-0.0032	0.0952	0.9425	0.9947
C10orf55	2.7378	0.0014	0.113	0.8262	NA
C10orf62	2.8723	0.0072	0.1157	0.2493	NA
C10orf76	385.0626	0.0088	0.0987	0.825	0.9853
C10orf82	1.0401	4e-04	0.1158	0.9243	NA
C10orf88	187.5523	-0.018	0.1031	0.5945	0.9562
C10orf91	38.6558	-0.0422	0.1159	0.0433	0.7463
C10orf95	6.6789	0.01	0.1128	0.2987	0.8992
C10orf99	67.7354	-0.0097	0.107	0.7047	0.9724
C11orf1	78.4119	-0.048	0.1126	0.0804	0.8068
C11orf16	0.4685	-0.0013	0.1206	0.6449	NA
C11orf24	1516.9979	-0.0063	0.0933	0.8907	0.9899
C11orf30	533.3502	0.041	0.0995	0.3164	0.9
C11orf31	1748.7377	-0.0916	0.1079	0.036	0.7416
C11orf35	45.5121	0.0031	0.1082	0.8885	0.9899
C11orf45	32.0806	-0.0246	0.1114	0.2022	0.874
C11orf48	38.6346	0.0089	0.1088	0.6724	0.9707
C11orf49	635.6475	-0.0244	0.0974	0.5625	0.952
C11orf52	33.4634	-0.0027	0.1094	0.8845	0.9899
C11orf54	241.6881	-0.0436	0.1029	0.2454	0.8873
C11orf57	690.4042	-0.006	0.0955	0.8908	0.9899
C11orf58	3968.1672	-0.0352	0.0926	0.4546	0.9246
C11orf63	6.2223	-0.008	0.1131	0.3358	0.9028
C11orf65	0.744	-8e-04	0.1175	0.8075	NA
C11orf68	421.0145	-0.0157	0.0991	0.6918	0.9715
C11orf70	4.7417	0.002	0.1122	0.8085	0.9839
C11orf71	172.0493	-0.0231	0.1034	0.4968	0.935
C11orf73	505.6731	-0.0516	0.1	0.2166	0.8785
C11orf74	100.0338	-0.0396	0.1096	0.1606	0.8611
C11orf80	92.4537	0.002	0.1057	0.9436	0.9953
C11orf82	375.0658	-5e-04	0.099	0.9907	0.9978
C11orf83	786.9708	-0.0417	0.1002	0.3021	0.8992
C11orf84	1960.8605	0.0023	0.0936	0.9593	0.9956
C11orf87	0.2289	-7e-04	0.1199	0.8029	NA
C11orf91	0.2321	-7e-04	0.1199	0.8003	NA
C11orf95	1756.5603	0.0627	0.0972	0.1656	0.8611
C11orf96	1.2536	0.0011	0.1148	0.8039	NA
C12orf10	770.6404	-0.0034	0.0975	0.9336	0.9941
C12orf23	1628.4389	-0.0369	0.0935	0.4269	0.9205
C12orf29	349.8212	-0.0301	0.1012	0.4264	0.9204
C12orf4	497.7051	-0.0174	0.0986	0.6666	0.969
C12orf43	552.2858	0.0269	0.0968	0.5301	0.9428
C12orf44	1018.0774	0.0123	0.0968	0.7725	0.9796
C12orf45	149.9218	-0.0386	0.1068	0.2235	0.8832
C12orf49	1552.6049	0.0369	0.0981	0.3819	0.9138
C12orf5	1582.1879	-0.0195	0.093	0.6735	0.9708
C12orf55	18.1497	-2e-04	0.1104	0.9883	0.9972
C12orf56	21.3868	-0.0162	0.1113	0.3055	0.8992
C12orf57	1128.6422	-0.0474	0.1005	0.2436	0.886
C12orf60	34.0361	-0.0037	0.109	0.8537	0.9876
C12orf61	9.0818	-0.0068	0.1118	0.5359	0.9444
C12orf65	429.0282	-0.0323	0.0987	0.4312	0.9218
C12orf66	54.8611	0.0052	0.1076	0.8269	0.9853
C12orf68	46.9848	0.0057	0.108	0.8028	0.9839
C12orf73	107.7788	-0.0099	0.1057	0.7276	0.9758
C12orf75	3715.6932	-0.093	0.0993	0.0513	0.7534
C12orf76	112.5016	-0.0063	0.1047	0.8352	0.9854
C14orf1	517.0921	-0.0397	0.0996	0.33	0.9007
C14orf105	44.3737	1e-04	0.1088	0.9961	0.9991
C14orf119	726.5886	-0.0744	0.1038	0.0793	0.8068
C14orf132	31.2789	-0.0027	0.1092	0.8868	0.9899
C14orf142	285.1257	-0.0681	0.1074	0.0777	0.8033
C14orf159	435.7986	-0.0601	0.1008	0.1542	0.8598
C14orf164	2.0355	0.0023	0.1135	0.6853	NA
C14orf166	3783.1969	-0.0302	0.0947	0.5028	0.9369
C14orf169	156.468	0.028	0.1044	0.3962	0.9176
C14orf178	0.48	-0.0014	0.1207	0.6399	NA
C14orf182	1.2861	0.0026	0.117	0.5207	NA
C14orf2	1215.8622	-0.0956	0.1094	0.0295	0.7015
C14orf28	31.9863	0.0017	0.1091	0.9293	0.9937
C14orf37	81.2414	0.0093	0.1065	0.7274	0.9758
C14orf79	124.6691	0.0038	0.104	0.9043	0.9916
C14orf80	1058.9891	0.0014	0.0972	0.9725	0.9959
C14orf93	90.062	-0.0245	0.1071	0.3805	0.9133
C15orf26	1.7463	0.0011	0.114	0.8237	NA
C15orf27	1.4408	-0.0032	0.1163	0.4713	NA
C15orf37	48.6638	-0.0024	0.1079	0.9154	0.9932
C15orf38	485.5427	-0.0247	0.0987	0.5427	0.9465
C15orf38-AP3S2	284.3548	-0.078	0.112	0.0413	0.7463
C15orf39	1232.4087	0.0728	0.0969	0.1172	0.8296
C15orf40	189.6662	-0.0697	0.1152	0.0377	0.7463
C15orf41	176.3405	-0.0289	0.1038	0.3964	0.9179
C15orf52	135.3946	-0.0382	0.1074	0.2153	0.8784
C15orf54	1.0466	0.0019	0.117	0.6175	NA
C15orf56	3.8752	-0.0058	0.1132	0.4293	NA
C15orf57	318.8046	-0.0702	0.1059	0.0804	0.8068
C15orf59	38.651	-0.0205	0.1118	0.2118	0.8773
C15orf60	71.9713	-0.0054	0.1072	0.827	0.9853
C15orf61	136.3784	-0.015	0.1057	0.6026	0.9581
C15orf62	25.7788	0.008	0.1101	0.6377	0.9657
C15orf65	8.9474	-0.0115	0.1125	0.2868	0.8971
C16orf11	0.261	9e-04	0.1202	0.7456	NA
C16orf13	1088.1877	-0.0358	0.1007	0.3603	0.9101
C16orf3	3.272	0.0016	0.1127	0.8194	NA
C16orf46	35.3314	0.004	0.1089	0.8429	0.986
C16orf47	0.72	-0.002	0.1208	0.5235	NA
C16orf52	150.4553	-0.075	0.1155	0.0334	0.718
C16orf58	1598.5634	-0.0112	0.094	0.8053	0.9839
C16orf59	408.1109	-0.0428	0.1012	0.277	0.8941
C16orf62	517.7622	0.0045	0.0971	0.9137	0.9932
C16orf70	412.0407	0.0446	0.0997	0.2786	0.8951
C16orf71	5.3581	0.0039	0.1122	0.6565	0.969
C16orf72	1075.4451	-0.0075	0.0939	0.8686	0.9889
C16orf74	3.2733	-0.0034	0.1129	0.6234	NA
C16orf80	582.8617	-0.0141	0.0976	0.7341	0.976
C16orf86	26.5713	-0.0261	0.1124	0.1452	0.8598
C16orf87	202.8693	-0.0094	0.1018	0.7912	0.9836
C16orf89	0.7697	-9e-04	0.1174	0.7858	NA
C16orf91	301.105	0.014	0.1006	0.7077	0.9726
C16orf93	39.1269	-0.0023	0.1086	0.9124	0.993
C16orf95	102.5558	-0.0235	0.1067	0.4089	0.9187
C16orf98	4.9939	-0.0118	0.1162	0.1382	0.8585
C17orf100	32.9513	-0.0087	0.1092	0.66	0.969
C17orf103	126.235	-0.0012	0.1039	0.969	0.9956
C17orf104	16.5115	-0.0067	0.1108	0.6441	0.9672
C17orf107	8.7757	0.0027	0.1115	0.8053	0.9839
C17orf49	909.2138	-0.0566	0.1024	0.1602	0.8611
C17orf50	9.9435	-0.001	0.1113	0.933	0.9941
C17orf53	187.7255	-7e-04	0.1019	0.9848	0.9967
C17orf58	310.2595	-0.0471	0.1031	0.2147	0.8779
C17orf59	310.974	-0.0042	0.1001	0.9126	0.993
C17orf62	811.1349	-0.0508	0.0969	0.2518	0.8879
C17orf67	33.1934	-0.0059	0.1094	0.7537	0.9783
C17orf70	1051.8124	0.0265	0.0944	0.5575	0.9508
C17orf72	60.4019	0.0178	0.1078	0.4758	0.9312
C17orf75	343.8524	-0.0274	0.0995	0.4912	0.9331
C17orf80	738.6205	-0.0411	0.0962	0.3535	0.908
C17orf82	3.9747	-0.0023	0.1125	0.7589	NA
C17orf85	1049.8975	0.0282	0.0968	0.5115	0.94
C17orf89	1472.8916	-0.0452	0.1002	0.267	0.89
C17orf96	470.8192	0.0089	0.0972	0.832	0.9854
C17orf97	214.9775	-0.0194	0.1018	0.5915	0.9562
C17orf99	3.2504	-0.0019	0.1127	0.7786	NA
C18orf21	252.8487	-0.0386	0.1034	0.2856	0.8971
C18orf25	968.6217	0.0464	0.0976	0.2844	0.8965
C18orf32	557.6015	-0.0433	0.1035	0.2404	0.886
C18orf54	276.1805	-0.0601	0.1068	0.1052	0.8257
C18orf56	64.6857	-0.0302	0.11	0.2137	0.8774
C18orf63	2.2103	-4e-04	0.1134	0.9471	NA
C18orf8	499.1549	0.003	0.0976	0.9419	0.9947
C19orf10	2123.312	-0.0253	0.0952	0.5697	0.9544
C19orf12	483.1171	-0.0504	0.1004	0.2208	0.8832
C19orf18	0.2368	-7e-04	0.1199	0.801	NA
C19orf24	1518.6247	-0.0098	0.0989	0.805	0.9839
C19orf25	572.076	-0.0161	0.0972	0.7011	0.9724
C19orf26	397.6875	0.072	0.1038	0.0858	0.807
C19orf33	1163.4937	-0.0427	0.0987	0.3093	0.8998
C19orf35	1.8685	-0.004	0.1173	0.3785	NA
C19orf38	2.6967	0.0025	0.1131	0.691	NA
C19orf40	72.2028	-0.0022	0.1066	0.9337	0.9941
C19orf43	3964.4973	-0.0504	0.0972	0.2535	0.8888
C19orf44	105.4861	0.0058	0.1049	0.8454	0.9862
C19orf47	442.7885	-0.034	0.0987	0.4102	0.9191
C19orf48	2560.0753	0.0037	0.0948	0.9345	0.9943
C19orf52	367.9194	0.0336	0.0993	0.4076	0.9187
C19orf53	2535.0545	-0.0165	0.0962	0.7012	0.9724
C19orf54	330.3183	-0.0099	0.0992	0.8003	0.9839
C19orf55	119.2663	0.0344	0.1078	0.2396	0.886
C19orf57	23.4839	-0.0075	0.11	0.6623	0.969
C19orf60	639.6777	-0.0711	0.1061	0.0768	0.7999
C19orf66	148.2993	-0.0434	0.1068	0.1885	0.8684
C19orf67	1.2382	9e-04	0.1154	0.8175	NA
C19orf68	231.6473	0.0185	0.1023	0.6002	0.9581
C19orf70	490.3291	-0.0512	0.1038	0.1776	0.8611
C19orf71	74.3665	0.021	0.1072	0.4358	0.9227
C19orf73	22.2685	0.004	0.1103	0.8015	0.9839
C19orf77	5.7924	0.0022	0.112	0.8059	0.9839
C19orf80	0.2745	0.001	0.1202	0.7392	NA
C19orf82	65.2769	7e-04	0.107	0.9789	0.9959
C19orf83	10.3673	0.0063	0.1115	0.5936	0.9562
C19orf84	1.0093	2e-04	0.1152	0.9532	NA
C1D	451.4595	-0.0278	0.0984	0.4993	0.9355
C1GALT1	582.8481	-0.0265	0.0966	0.5381	0.9449
C1GALT1C1	513.5015	-0.048	0.0998	0.2475	0.8873
C1orf105	3.3027	0.0056	0.1145	0.364	NA
C1orf106	4632.6002	0.1294	0.1055	0.0113	0.5633
C1orf109	623.2438	0.0256	0.0967	0.5513	0.9489
C1orf111	0.7774	0.0024	0.1212	0.4671	NA
C1orf112	226.1353	-0.0147	0.1018	0.6809	0.971
C1orf115	371.4937	-0.0123	0.0987	0.7589	0.9791
C1orf116	38.1159	0.0062	0.1091	0.7564	0.9789
C1orf122	1800.2575	-0.0359	0.0983	0.3907	0.9162
C1orf123	460.9892	-0.0358	0.1001	0.3687	0.9111
C1orf127	0.718	-0.002	0.1208	0.5248	NA
C1orf131	373.2077	-0.0176	0.0994	0.6551	0.969
C1orf145	2.7431	-0.009	0.1356	0.0798	NA
C1orf159	448.6141	-0.0124	0.098	0.7618	0.9791
C1orf167	16.0304	-0.0068	0.1116	0.5603	0.9514
C1orf172	15.077	-0.0081	0.1111	0.554	0.9495
C1orf174	792.1051	-0.0064	0.0952	0.8849	0.9899
C1orf180	0.5211	0.0016	0.1212	0.5955	NA
C1orf185	1.9136	-0.0048	0.117	0.3288	NA
C1orf186	138.7316	0.0015	0.1059	0.9577	0.9956
C1orf189	0.2614	9e-04	0.1202	0.7453	NA
C1orf192	6.2109	-0.001	0.1119	0.9119	0.993
C1orf194	0.9886	-5e-04	0.116	0.9023	NA
C1orf198	2477.1238	0.0285	0.0922	0.5458	0.9484
C1orf204	0.6994	-0.0023	0.12	0.494	NA
C1orf21	6.9755	-0.0129	0.1138	0.1823	0.8669
C1orf210	3.2882	0.0015	0.1126	0.831	NA
C1orf213	18.4236	0.0104	0.1109	0.4914	0.9331
C1orf216	380.3981	0.0023	0.0987	0.9535	0.9956
C1orf220	5.4607	0.0128	0.1158	0.1309	0.8492
C1orf226	516.2502	0.0544	0.0991	0.2042	0.8747
C1orf227	0.2366	-7e-04	0.1199	0.7967	NA
C1orf228	1.0042	3e-04	0.1159	0.9429	NA
C1orf229	4.9451	-0.0023	0.1121	0.7903	0.9836
C1orf233	169.173	-0.0213	0.1038	0.5198	0.9416
C1orf27	356.9553	0.0148	0.1009	0.6893	0.9712
C1orf35	553.1229	0.01	0.0976	0.8087	0.9839
C1orf43	2558.1942	-0.0493	0.0934	0.2946	0.8992
C1orf50	147.1054	-0.0184	0.1044	0.5619	0.952
C1orf51	1.066	0.0019	0.117	0.6124	NA
C1orf52	366.1828	-0.0359	0.1002	0.366	0.9102
C1orf53	135.389	-0.043	0.1082	0.1666	0.8611
C1orf54	4.1228	-0.0072	0.1134	0.3464	NA
C1orf56	190.5103	-0.027	0.1048	0.4029	0.9185
C1orf63	354.5602	-0.0715	0.1048	0.0825	0.807
C1orf65	2.2051	-0.0021	0.1133	0.718	NA
C1orf74	40.241	-0.0022	0.1086	0.9159	0.9932
C1orf85	1082.7755	-0.0165	0.0964	0.6998	0.9723
C1orf86	1050.1347	-0.0366	0.0997	0.3642	0.9102
C1QBP	6487.615	-0.0443	0.0938	0.3408	0.9036
C1QL1	39.6091	0.0072	0.1087	0.7307	0.9759
C1QL3	15.0942	-0.0038	0.1108	0.7849	0.9822
C1QL4	24.3457	0.0027	0.11	0.8741	0.9894
C1QTNF2	5.0645	0.0027	0.1122	0.7506	0.977
C1QTNF3	2.7507	-3e-04	0.1128	0.9632	NA
C1QTNF4	3.722	-0.0017	0.1125	0.8235	NA
C1QTNF5	54.6581	-0.0108	0.1078	0.6482	0.9682
C1QTNF6	946.0395	-0.0341	0.0951	0.4471	0.9232
C1QTNF8	7.5076	0.0014	0.1117	0.888	0.9899
C1QTNF9	0.2733	0.001	0.1202	0.7403	NA
C1QTNF9B	3.3764	1e-04	0.1125	0.9922	NA
C1QTNF9B-AS1	6.4094	-0.0172	0.1303	0.0358	0.7408
C1R	351.3628	-0.0314	0.1009	0.4125	0.9201
C1R-2	409.6321	0.0525	0.1018	0.1909	0.8684
C1RL	341.9611	-0.0736	0.1053	0.0745	0.7903
C1RL-AS1	17.8175	0.0162	0.1116	0.2852	0.8971
C1S	1323.3463	-0.0068	0.0937	0.8811	0.9899
C2	0.4741	-0.0014	0.1207	0.6396	NA
C20orf112	445.743	0.0384	0.1007	0.3286	0.9004
C20orf144	0.8248	0.0025	0.1213	0.4446	NA
C20orf194	519.3171	0.0478	0.1019	0.2246	0.8832
C20orf196	25.5428	-0.0082	0.11	0.6352	0.9654
C20orf203	0.2289	-7e-04	0.1199	0.8029	NA
C20orf24	2702.5103	-0.0342	0.0967	0.4302	0.9212
C20orf26	0.2044	-6e-04	0.1198	0.8305	NA
C20orf27	2104.1871	-0.0366	0.0981	0.3852	0.9152
C20orf96	133.0395	-0.0332	0.1056	0.3037	0.8992
C21orf119	58.8312	-0.0085	0.1075	0.7268	0.9758
C21orf2	252.5923	-0.0177	0.101	0.633	0.9644
C21orf33	34.2081	-0.0311	0.1134	0.0942	0.8162
C21orf49	1.2107	-0.0024	0.1161	0.5717	NA
C21orf58	24.4438	-0.0068	0.1099	0.6965	0.9722
C21orf59	772.86	-0.0218	0.0961	0.6155	0.959
C21orf62	0.2729	9e-04	0.1202	0.7407	NA
C21orf67	42.9244	-0.0013	0.1082	0.9519	0.9956
C21orf91	392.3401	0.0114	0.0989	0.774	0.9802
C22orf15	0.2305	8e-04	0.12	0.7746	NA
C22orf23	571.4444	0.0349	0.0973	0.4144	0.9204
C22orf24	6.0257	0.0014	0.1119	0.8788	0.9899
C22orf26	1.7951	0.0012	0.114	0.8055	NA
C22orf29	967.7381	0.041	0.0976	0.3398	0.9032
C22orf34	0.6867	-0.0019	0.1209	0.5405	NA
C22orf39	349.409	-0.0627	0.1056	0.1055	0.8257
C22orf43	2.3199	0.0023	0.1132	0.6986	NA
C22orf46	128.6025	0.0173	0.1059	0.5471	0.9486
C2CD2	741.8145	0.0232	0.098	0.5742	0.9544
C2CD2L	399.8716	0.0226	0.0989	0.5748	0.9545
C2CD3	807.5614	0.0493	0.1026	0.2053	0.8747
C2CD4A	5.571	0.0029	0.1121	0.7426	0.9761
C2CD4B	0.2736	0.001	0.1202	0.74	NA
C2CD4C	3.8257	-0.0062	0.1133	0.3967	NA
C2CD4D	2.6838	0.0076	0.1207	0.1646	NA
C2CD5	497.311	-0.0658	0.1027	0.1134	0.8296
C2orf15	20.574	0.0082	0.1105	0.6046	0.9581
C2orf16	39.5062	0.0041	0.1086	0.8441	0.986
C2orf27A	0.7146	-0.002	0.1208	0.5269	NA
C2orf42	153.1649	0.0328	0.1044	0.3319	0.9014
C2orf43	311.7215	-0.0149	0.0994	0.7043	0.9724
C2orf44	344.7895	-0.0379	0.1009	0.3324	0.9014
C2orf47	569.7563	-0.0679	0.1007	0.1175	0.8296
C2orf48	0.735	-6e-04	0.1174	0.8489	NA
C2orf49	405.1378	-0.0136	0.1009	0.7126	0.9733
C2orf50	0.24	-7e-04	0.1199	0.7975	NA
C2orf54	0.2729	9e-04	0.1202	0.7407	NA
C2orf61	1.0423	6e-04	0.1153	0.8903	NA
C2orf62	25.5638	-0.0061	0.1098	0.7297	0.9759
C2orf66	7.8252	0.0055	0.1119	0.5914	0.9562
C2orf68	282.7695	-0.0265	0.1025	0.4593	0.9259
C2orf69	319.3621	-0.0388	0.1012	0.3184	0.9
C2orf70	0.5433	0.0016	0.1213	0.5845	NA
C2orf72	89.2642	8e-04	0.1054	0.9788	0.9959
C2orf74	0.5211	0.0016	0.1212	0.5955	NA
C2orf76	100.3018	-0.0284	0.1072	0.32	0.9
C2orf81	20.2698	-0.0089	0.1107	0.5609	0.9516
C2orf82	5.0189	0.0028	0.1122	0.7465	0.9761
C2orf88	3600.9949	-0.0478	0.0926	0.3143	0.9
C3	508.8758	0.0455	0.1005	0.2605	0.89
C3AR1	0.2289	-7e-04	0.1199	0.8029	NA
C3orf17	444.9855	-0.0223	0.0984	0.5846	0.9552
C3orf18	15.3712	-0.0166	0.112	0.2396	0.886
C3orf30	0.2289	-7e-04	0.1199	0.8029	NA
C3orf33	183.5771	-0.0094	0.1023	0.7869	0.9831
C3orf35	3.8003	-0.0048	0.113	0.507	NA
C3orf38	410.8823	-0.0323	0.0986	0.4334	0.9227
C3orf49	0.48	-0.0014	0.1207	0.6399	NA
C3orf52	243.2814	0.028	0.102	0.4437	0.9232
C3orf55	0.2243	8e-04	0.12	0.7796	NA
C3orf58	433.4926	0.0062	0.0977	0.8804	0.9899
C3orf62	70.9362	-0.0223	0.1078	0.3928	0.9162
C3orf65	0.5341	0.0017	0.1207	0.572	NA
C3orf67	0.2289	-7e-04	0.1199	0.8029	NA
C3orf70	1.4494	-0.0033	0.1162	0.4697	NA
C3orf72	65.4053	-0.0317	0.1094	0.2201	0.8828
C3orf80	1.336	0.0027	0.1171	0.5037	NA
C3orf83	1.3182	0.0052	0.1232	0.2246	NA
C4A	33.4737	0.0154	0.1098	0.4374	0.9227
C4B	12.3902	-0.0053	0.1117	0.6254	0.9627
C4BPA	5.7066	9e-04	0.112	0.923	0.9934
C4BPB	14.4449	-0.0014	0.1108	0.9221	0.9933
C4orf19	370.2093	-0.0164	0.0988	0.6829	0.9712
C4orf21	294.4228	0.0313	0.1054	0.3297	0.9004
C4orf27	353.1916	-0.0527	0.1014	0.1935	0.8686
C4orf29	75.9981	9e-04	0.1069	0.972	0.9959
C4orf3	1600.9851	-0.0616	0.0973	0.1717	0.8611
C4orf32	12.6672	-0.0232	0.116	0.0607	0.7686
C4orf33	114.7891	-0.0578	0.1124	0.0662	0.7756
C4orf36	20.7948	-0.0092	0.1105	0.5656	0.953
C4orf46	551.5676	0.0013	0.0964	0.9756	0.9959
C4orf47	1.1886	-0.0044	0.1216	0.2796	NA
C4orf48	682.1193	-0.0222	0.101	0.552	0.9489
C5	341.9945	0.0342	0.1017	0.3648	0.9102
C5AR1	77.3288	-0.0165	0.1069	0.5382	0.9449
C5orf15	2231.8627	-0.0492	0.0933	0.2965	0.8992
C5orf22	381.5053	0.0035	0.0994	0.9276	0.9937
C5orf24	1331.0595	-0.0254	0.0934	0.5822	0.9552
C5orf28	269.7286	-0.0503	0.1028	0.1947	0.8697
C5orf30	217.2324	-0.0515	0.1057	0.1543	0.8598
C5orf34	152.9642	4e-04	0.103	0.9898	0.9973
C5orf42	433.3937	0.0511	0.1043	0.1732	0.8611
C5orf45	93.0378	-0.0218	0.1063	0.4487	0.9232
C5orf47	1.8365	0.0029	0.1148	0.5605	NA
C5orf48	0.2605	9e-04	0.1202	0.7459	NA
C5orf49	8.1949	-0.0127	0.1132	0.2147	0.8779
C5orf51	656.3298	0.0196	0.0995	0.6176	0.9593
C5orf54	121.4382	-0.0024	0.1042	0.9373	0.9946
C5orf55	63.834	-0.0135	0.1074	0.5926	0.9562
C5orf56	4.628	-0.0048	0.1125	0.5591	0.9508
C5orf60	0.2266	8e-04	0.12	0.7717	NA
C5orf63	21.9246	-0.0081	0.1104	0.6128	0.9588
C5orf66	17.6668	0.0066	0.1107	0.6569	0.969
C6	1.7172	-0.0018	0.1148	0.694	NA
C6orf1	228.6993	-0.0218	0.1026	0.5341	0.9444
C6orf106	3033.6575	0.0178	0.0923	0.7036	0.9724
C6orf118	1.2181	-0.0021	0.1166	0.6008	NA
C6orf120	1218.7416	4e-04	0.0937	0.9923	0.9982
C6orf132	909.3361	0.0904	0.104	0.0454	0.7463
C6orf136	254.0128	-0.0079	0.1003	0.8335	0.9854
C6orf141	0.7371	-7e-04	0.1175	0.8263	NA
C6orf147	0.2733	0.001	0.1202	0.7403	NA
C6orf15	3.9548	-0.0024	0.1125	0.7528	NA
C6orf163	1.6913	-0.0019	0.1142	0.7009	NA
C6orf164	0.2609	9e-04	0.1202	0.7457	NA
C6orf165	25.9775	-0.0104	0.11	0.5616	0.952
C6orf201	1.796	-2e-04	0.1135	0.9675	NA
C6orf203	125.8794	-0.0363	0.1068	0.2436	0.886
C6orf211	1643.1728	-0.0333	0.093	0.4753	0.9312
C6orf223	80.8866	0.0028	0.1062	0.916	0.9932
C6orf226	108.4161	-0.0294	0.1074	0.3043	0.8992
C6orf229	0.7816	0.0024	0.1212	0.4647	NA
C6orf25	2.1663	0.0051	0.1187	0.2825	NA
C6orf47	660.2155	0.0163	0.0963	0.7041	0.9724
C6orf48	1099.9678	-0.0346	0.0957	0.4354	0.9227
C6orf52	24.9797	-0.0037	0.1098	0.8289	0.9854
C6orf57	54.8918	-0.0271	0.1097	0.2532	0.8882
C6orf58	0.261	9e-04	0.1202	0.7456	NA
C6orf62	2044.1305	-0.0077	0.0924	0.8683	0.9889
C6orf89	1074.4785	-0.0033	0.0944	0.942	0.9947
C6orf99	27.221	-0.0232	0.1121	0.1743	0.8611
C7	5.9112	0.0089	0.1129	0.3207	0.9
C7orf13	2.5586	0.0023	0.1131	0.7049	NA
C7orf25	324.1995	-0.0189	0.0995	0.6313	0.964
C7orf26	560.8506	-3e-04	0.0975	0.9934	0.9987
C7orf31	66.9492	-0.0104	0.1079	0.6586	0.969
C7orf43	343.7752	0.0317	0.1009	0.4098	0.9188
C7orf49	1392.8603	0.0053	0.0938	0.9069	0.9922
C7orf50	2158.6163	-0.0194	0.0986	0.6316	0.964
C7orf55	211.7967	-0.0191	0.1024	0.5865	0.9552
C7orf55-LUC7L2	140.3894	-0.0042	0.1333	0.2006	0.874
C7orf57	7.1981	-0.0035	0.1118	0.7251	0.9755
C7orf60	261.9979	-0.03	0.102	0.415	0.9204
C7orf61	4.6433	-0.0029	0.1124	0.7099	0.9731
C7orf63	14.2691	-0.0058	0.111	0.6686	0.9698
C7orf65	1.2208	-6e-04	0.1147	0.8919	NA
C7orf71	0.5716	0.0016	0.1211	0.5933	NA
C7orf73	749.6275	-0.0803	0.1074	0.0527	0.7568
C8G	16.1677	-0.0088	0.1109	0.5424	0.9465
C8orf31	0.245	-8e-04	0.1199	0.7921	NA
C8orf33	1266.1526	0.0178	0.0944	0.6919	0.9715
C8orf34	13.2266	-0.0102	0.1115	0.4331	0.9227
C8orf37	88.8512	0.0245	0.1068	0.389	0.9162
C8orf4	132.1598	0.0088	0.1041	0.7801	0.9806
C8orf44	17.7692	0.0028	0.1105	0.8521	0.9876
C8orf44-SGK3	8.595	-0.0965	0.6934	5e-04	0.1801
C8orf46	1.2102	-0.0024	0.116	0.5672	NA
C8orf47	1.7972	0.0028	0.1147	0.569	NA
C8orf58	485.5538	0.0088	0.0991	0.8229	0.9851
C8orf59	338.8942	-0.0787	0.117	0.0272	0.6829
C8orf76	395.701	-0.0754	0.1055	0.0694	0.7804
C8orf82	613.825	-0.0655	0.1019	0.1203	0.8309
C8orf88	3.9815	-7e-04	0.1123	0.9241	NA
C9orf114	1084.8126	0.0442	0.0949	0.3328	0.9014
C9orf116	145.7069	-0.0334	0.107	0.2682	0.89
C9orf117	1.2657	0.0012	0.1148	0.7906	NA
C9orf129	3.3073	0.0024	0.1128	0.7207	NA
C9orf131	2.904	0.0125	0.1507	0.0375	NA
C9orf135	67.8251	-0.0153	0.1075	0.5463	0.9485
C9orf135-AS1	17.6014	-0.0057	0.1107	0.6995	0.9723
C9orf139	0.7943	0.0029	0.1206	0.4162	NA
C9orf142	706.2342	-0.0584	0.1045	0.1319	0.8492
C9orf152	3.831	-0.0077	0.1142	0.2849	NA
C9orf153	0.5465	0.0016	0.1213	0.5862	NA
C9orf156	183.7014	1e-04	0.1019	0.9986	0.9994
C9orf16	651.6014	-0.0328	0.0992	0.4181	0.9204
C9orf163	22.5309	0.0041	0.1101	0.8034	0.9839
C9orf169	28.5763	-0.0239	0.1115	0.1989	0.8737
C9orf170	0.2729	9e-04	0.1202	0.7407	NA
C9orf172	146.9936	0.0292	0.1068	0.3215	0.9
C9orf173	0.5334	-3e-04	0.1189	0.9155	NA
C9orf24	6.7391	-0.0074	0.1123	0.4349	0.9227
C9orf3	300.5568	-0.0564	0.1056	0.1309	0.8492
C9orf37	146.3838	-0.0394	0.1071	0.2119	0.8773
C9orf40	421.1644	-0.0814	0.1075	0.0508	0.7518
C9orf41	730.8493	0.0513	0.1005	0.2135	0.8774
C9orf43	15.1918	-0.0108	0.1113	0.4329	0.9227
C9orf47	0.6987	-0.0023	0.12	0.4944	NA
C9orf50	4.7521	2e-04	0.1122	0.9824	0.9961
C9orf57	0.2289	-7e-04	0.1199	0.8029	NA
C9orf64	688.6277	0.0174	0.0969	0.6817	0.9711
C9orf66	18.7513	-0.0065	0.1107	0.6607	0.969
C9orf69	1719.9764	0.0214	0.0934	0.642	0.9666
C9orf72	79.6506	-0.044	0.1109	0.1157	0.8296
C9orf78	984.0937	-0.0388	0.0951	0.3897	0.9162
C9orf84	0.5215	0.0016	0.1212	0.5953	NA
C9orf85	62.5706	-0.0225	0.1083	0.3709	0.9111
C9orf89	162.9955	-0.0327	0.1053	0.316	0.9
C9orf9	80.5606	-0.0232	0.1074	0.3915	0.9162
C9orf91	397.9262	0.0576	0.1014	0.1629	0.8611
C9orf96	1.2326	-6e-04	0.1143	0.8914	NA
CA11	170.7422	-0.051	0.1075	0.1356	0.8556
CA12	2463.5456	0.0682	0.0953	0.1473	0.8598
CA13	5.9603	-0.004	0.1125	0.6165	0.9592
CA14	2.219	-0.0022	0.1133	0.7098	NA
CA2	7181.968	-0.0153	0.0918	0.7454	0.9761
CA4	7.6156	-0.0015	0.1117	0.8772	0.9899
CA5B	437.8177	0.0185	0.1001	0.6309	0.964
CA5BP1	173.6721	-0.0103	0.1027	0.7614	0.9791
CA8	2865.3269	0.0212	0.0915	0.6554	0.969
CAAP1	704.4643	0.033	0.0969	0.4432	0.9232
CAB39	1416.2218	0.0118	0.0946	0.7917	0.9836
CAB39L	124.7858	-0.0048	0.1041	0.8784	0.9899
CABIN1	2443.2635	0.0911	0.1034	0.0456	0.7463
CABLES1	401.6108	0.0139	0.0981	0.7343	0.976
CABLES2	615.2426	-0.013	0.0961	0.7625	0.9791
CABP1	3.1135	1e-04	0.1127	0.9933	NA
CABP7	0.5023	1e-04	0.1192	0.9646	NA
CABYR	181.0173	-0.1371	0.1555	0.0016	0.3338
CACFD1	619.2512	-0.0283	0.0972	0.5055	0.9381
CACHD1	686.81	0.0151	0.0976	0.7164	0.9747
CACNA1A	1.4736	-0.0013	0.1144	0.7839	NA
CACNA1B	7.2752	7e-04	0.1118	0.939	0.9946
CACNA1D	8.3187	-0.0078	0.1121	0.4554	0.9254
CACNA1F	0.24	-7e-04	0.1199	0.7975	NA
CACNA1G	24.5726	2e-04	0.1098	0.9894	0.9973
CACNA1G-AS1	0.2605	9e-04	0.1202	0.7459	NA
CACNA1H	35.1905	-0.0029	0.109	0.8849	0.9899
CACNA1S	1.0012	1e-04	0.1159	0.9698	NA
CACNA2D1	9.2144	0.0124	0.1125	0.2682	0.89
CACNA2D2	4.2316	1e-04	0.1123	0.9852	NA
CACNA2D3	0.5694	-0.0015	0.1209	0.613	NA
CACNA2D4	0.7501	9e-04	0.1176	0.7771	NA
CACNB1	96.0826	0.0228	0.1063	0.4331	0.9227
CACNB2	1.5387	0.0036	0.1165	0.4297	NA
CACNB3	568.4157	-0.0016	0.0963	0.9706	0.9959
CACNB4	5.05	-0.0079	0.1133	0.3296	0.9004
CACNG4	13.1777	0.0105	0.1115	0.4257	0.9204
CACNG6	110.8305	-0.0442	0.1088	0.1497	0.8598
CACNG7	66.0587	0.0048	0.1072	0.8454	0.9862
CACNG8	22.4845	-0.0064	0.1102	0.6984	0.9722
CACTIN	906.2476	0.0803	0.1	0.0786	0.8039
CACTIN-AS1	52.4125	-0.006	0.1077	0.7987	0.9839
CACUL1	1230.0683	0.0277	0.0941	0.5428	0.9465
CACYBP	4154.9418	-0.1113	0.1093	0.0183	0.6379
CAD	3613.3147	0.0861	0.1009	0.061	0.7686
CADM1	31.1824	-0.0037	0.1094	0.8435	0.986
CADM4	982.2774	-0.0039	0.0943	0.9313	0.9937
CADPS2	744.6561	-2e-04	0.0959	0.9967	0.9991
CAGE1	0.5338	0.0017	0.1207	0.5722	NA
CAHM	9.675	0.0089	0.1118	0.443	0.9232
CALB1	98.552	-0.0492	0.1116	0.0909	0.8081
CALB2	0.2729	9e-04	0.1202	0.7407	NA
CALCOCO1	311.1502	-0.061	0.1036	0.127	0.8418
CALCOCO2	574.5166	-0.0064	0.0968	0.8799	0.9899
CALCR	0.48	-0.0014	0.1207	0.6399	NA
CALCRL	2272.2662	0.0284	0.0964	0.5124	0.9403
CALD1	13799.436	0.0103	0.0938	0.8201	0.985
CALHM1	3.8077	0.0016	0.1125	0.8291	NA
CALHM2	270.9207	0.0095	0.1013	0.7926	0.9836
CALHM3	11.6266	-0.003	0.1112	0.8053	0.9839
CALM1	7346.4509	-0.014	0.0912	0.769	0.9791
CALM2	11915.3557	-0.0375	0.0937	0.4174	0.9204
CALM3	9658.0383	-0.0053	0.0908	0.9113	0.9928
CALML4	52.9093	0.013	0.108	0.5854	0.9552
CALML6	0.2729	9e-04	0.1202	0.7407	NA
CALR	23743.4774	-0.014	0.0902	0.7731	0.98
CALR3	0.7939	0.0029	0.1206	0.4165	NA
CALU	8546.2327	0.0263	0.0914	0.5822	0.9552
CALY	13.9776	-0.0122	0.1116	0.3673	0.9109
CAMK1	689.8764	-0.0306	0.0993	0.4475	0.9232
CAMK1D	1.7439	-0.0016	0.1141	0.7467	NA
CAMK2A	0.2605	9e-04	0.1202	0.7459	NA
CAMK2D	3959.7289	0.0492	0.097	0.265	0.89
CAMK2G	627.9105	-0.0129	0.0966	0.7624	0.9791
CAMK2N1	23.9264	-0.0253	0.1129	0.1264	0.8412
CAMK2N2	62.7673	-0.0332	0.11	0.1901	0.8684
CAMK4	0.2385	-7e-04	0.1199	0.7991	NA
CAMKK1	56.6856	0.0177	0.1096	0.3977	0.9182
CAMKK2	872.5761	0.0263	0.0954	0.5516	0.9489
CAMKMT	155.4567	0.0016	0.1028	0.961	0.9956
CAMKV	4.4533	-0.0021	0.1123	0.7882	NA
CAMLG	412.9952	-0.0408	0.1009	0.301	0.8992
CAMP	0.24	-7e-04	0.1199	0.7975	NA
CAMSAP1	1394.8916	0.0834	0.1029	0.061	0.7686
CAMSAP2	1575.8492	0.0389	0.101	0.3197	0.9
CAMSAP3	663.4134	0.1078	0.1103	0.0196	0.6425
CAMTA1	410.0404	-0.0625	0.1051	0.1095	0.8274
CAMTA2	676.8549	0.0827	0.1029	0.0625	0.7689
CAND1	3623.241	0.0535	0.096	0.2379	0.886
CAND1.11	0.2736	0.001	0.1202	0.7401	NA
CAND2	222.3407	0.0165	0.1028	0.6292	0.964
CANT1	1878.1208	0.0368	0.0938	0.4262	0.9204
CANX	13165.1181	-1e-04	0.092	0.9989	0.9994
CAP1	5953.6318	0.0274	0.0907	0.5707	0.9544
CAP2	424.0263	-1e-04	0.0984	0.9973	0.9991
CAPG	873.1669	0.0025	0.0967	0.9534	0.9956
CAPN1	6457.8151	0.0354	0.0914	0.4606	0.9261
CAPN10	594.8636	0.0197	0.0968	0.6446	0.9672
CAPN10-AS1	29.9673	0.0106	0.1105	0.5226	0.9416
CAPN11	0.48	-0.0014	0.1207	0.6399	NA
CAPN12	62.8702	-0.0391	0.1114	0.124	0.8342
CAPN14	0.731	-6e-04	0.1174	0.8536	NA
CAPN15	2451.0163	0.0762	0.0961	0.1074	0.8262
CAPN2	7424.3077	0.0379	0.0916	0.4285	0.9207
CAPN3	11.3619	-0.0124	0.113	0.2306	0.8846
CAPN5	443.3967	0.0353	0.0983	0.3978	0.9182
CAPN7	896.9518	0.0106	0.0976	0.7976	0.9839
CAPN8-2	0.9742	-0.0014	0.1168	0.7034	NA
CAPN9	39.9154	-0.0213	0.11	0.3137	0.9
CAPNS1	11859.8785	-0.0193	0.0948	0.665	0.969
CAPRIN1	6629.341	0.0378	0.0926	0.4233	0.9204
CAPRIN2	248.8299	0.0209	0.1008	0.5788	0.9552
CAPS	155.1926	-0.0375	0.1055	0.2589	0.89
CAPS2	2.3054	-0.0053	0.1187	0.27	NA
CAPZA1	4061.2004	-0.0327	0.0913	0.4947	0.9343
CAPZA2	2998.0304	-0.0292	0.092	0.5372	0.9448
CAPZB	5999.877	-0.0167	0.0919	0.7234	0.9755
CARD10	676.8556	0.0308	0.0961	0.4819	0.932
CARD11	0.48	-0.0014	0.1207	0.6399	NA
CARD14	9.7985	0.0018	0.1113	0.8761	0.9899
CARD16	25.1602	-0.0034	0.1098	0.8467	0.9866
CARD6	64.0005	0.005	0.1081	0.8239	0.9851
CARD8	199.3185	-0.0048	0.1045	0.8745	0.9894
CARD9	7.2166	7e-04	0.1117	0.9427	0.9947
CARF	52.1546	-0.0068	0.1079	0.767	0.9791
CARHSP1	1081.8782	-0.0357	0.0965	0.414	0.9204
CARKD	883.7426	0.0389	0.0956	0.3842	0.9151
CARM1	3117.3512	0.0465	0.0921	0.3309	0.901
CARNS1	4.8314	0.0011	0.1121	0.8997	0.9908
CARS	1387.0914	0.1896	0.1446	0.001	0.2549
CARS2	1137.9051	0.017	0.0943	0.7063	0.9724
CASC1	6.9986	-0.0124	0.1153	0.1448	0.8598
CASC10	100.0328	0.0402	0.1084	0.1799	0.8633
CASC11	0.2739	0.001	0.1202	0.7397	NA
CASC15	1.4625	-0.0011	0.1149	0.8038	NA
CASC18	10.1725	0.0015	0.1115	0.8898	0.9899
CASC2	18.9443	-0.0046	0.1104	0.7661	0.9791
CASC3	2206.5438	0.0684	0.0945	0.1504	0.8598
CASC4	2259.8718	0.0106	0.0931	0.8182	0.985
CASC5	619.842	0.0079	0.1102	0.6362	0.9657
CASC9	3.6203	-0.005	0.1132	0.4799	NA
CASD1	837.4935	-0.0032	0.0954	0.9414	0.9946
CASK	1379.8108	1e-04	0.0956	0.9975	0.9991
CASKIN1	283.1131	0.0128	0.1023	0.7121	0.9733
CASKIN2	2490.3546	0.0868	0.098	0.0674	0.7786
CASP1	8.2997	-0.0116	0.1127	0.2728	0.8918
CASP10	194.3023	-0.0281	0.1043	0.3975	0.9182
CASP2	1550.7233	0.0524	0.0965	0.2435	0.886
CASP3	2118.0957	-0.0444	0.0927	0.3474	0.9067
CASP4	467.1528	-0.0723	0.1035	0.0868	0.807
CASP5	0.24	-7e-04	0.1199	0.7975	NA
CASP6	411.8343	-0.0436	0.0995	0.2905	0.8981
CASP7	732.0276	-0.0468	0.0969	0.288	0.8971
CASP8	779.3116	-0.018	0.0952	0.6845	0.9712
CASP8AP2	429.6488	0.0398	0.1064	0.2212	0.8832
CASP9	155.9934	-0.0374	0.105	0.2693	0.8901
CASS4	1.5349	0.0022	0.1147	0.6402	NA
CAST	2000.0517	-3e-04	0.0928	0.9955	0.9991
CASZ1	128.2428	0.0495	0.1098	0.1128	0.8296
CAT	1099.3045	-0.0272	0.094	0.5506	0.9489
CATSPER2	4.4166	0.0041	0.1125	0.6013	NA
CATSPER2P1	14.0991	-0.0069	0.1111	0.6092	0.9583
CATSPER3	4.0289	0.001	0.1124	0.8979	NA
CATSPERG	4.5122	-0.0011	0.1122	0.8953	NA
CAV1	3778.6959	-0.0109	0.0913	0.819	0.985
CAV2	3869.9632	-0.0741	0.0948	0.1213	0.8309
CBFA2T2	669.8144	0.0462	0.1004	0.2562	0.89
CBFB	1471.8864	0.0517	0.0946	0.2636	0.89
CBL	1313.6407	0.0689	0.1085	0.07	0.7804
CBLB	601.1488	0.0504	0.1017	0.2066	0.8753
CBLC	63.1755	0.0034	0.1069	0.894	0.9901
CBLL1	557.8109	0.0066	0.0971	0.8753	0.9896
CBLN1	7.8316	0.0025	0.1117	0.8063	0.9839
CBLN3	23.399	0.0028	0.1102	0.8591	0.9881
CBR1	296.0131	-0.0428	0.1018	0.2681	0.89
CBR3	995.7532	-0.0431	0.0982	0.3105	0.8998
CBR3-AS1	7.7753	0.0098	0.1124	0.3439	0.905
CBR4	267.1605	-0.0686	0.1066	0.0811	0.807
CBS	4164.8828	-0.0023	0.0916	0.9605	0.9956
CBWD1	309.8008	-0.0393	0.1024	0.2954	0.8992
CBWD2	280.1622	-0.0093	0.1001	0.807	0.9839
CBWD3	108.115	-0.027	0.1064	0.3635	0.9102
CBWD5	253.5545	-0.009	0.1018	0.799	0.9839
CBWD6	44.1028	0.0167	0.109	0.4498	0.9232
CBX1	2881.5519	0.0068	0.0914	0.8867	0.9899
CBX2	451.178	0.0747	0.1051	0.0728	0.7886
CBX3	3797.6332	-0.0754	0.0958	0.1118	0.8281
CBX3P2	1.893	-0.0048	0.117	0.3312	NA
CBX4	1273.6476	0.0352	0.094	0.4434	0.9232
CBX5	8926.3251	0.0393	0.0946	0.3885	0.9162
CBX6	4084.1534	0.106	0.1111	0.02	0.6425
CBX7	35.8468	-0.0379	0.1144	0.0646	0.7718
CBX8	281.8159	0.0413	0.1023	0.2766	0.8937
CBY1	669.0847	-0.0491	0.1	0.2357	0.886
CC2D1A	703.3282	-0.0125	0.0962	0.7726	0.9797
CC2D1B	1104.3836	0.0071	0.0943	0.8739	0.9894
CC2D2A	340.785	-0.0446	0.1011	0.2624	0.89
CC2D2B	0.5938	0.001	0.1188	0.7559	NA
CCAR1	2889.2126	0.1315	0.1155	0.008	0.5196
CCAR2	4729.2342	0.0765	0.0941	0.1142	0.8296
CCAT1	2.0097	5e-04	0.1133	0.9257	NA
CCBL1	78.3411	0.0012	0.1063	0.9651	0.9956
CCBL2	373.8634	-0.0751	0.1061	0.0675	0.7786
CCDC101	191.1028	-0.0265	0.103	0.4474	0.9232
CCDC102A	821.5372	-0.0092	0.0954	0.8339	0.9854
CCDC103	139.2878	-0.0188	0.1039	0.5648	0.9526
CCDC104	479.3836	-0.0223	0.0988	0.5806	0.9552
CCDC106	13.6526	0.003	0.111	0.8205	0.9851
CCDC107	298.4852	-0.0259	0.1006	0.4976	0.9351
CCDC108	1.5508	0.0016	0.115	0.7164	NA
CCDC109B	697.2911	-0.0754	0.1022	0.0835	0.807
CCDC11	13.0118	-0.0073	0.1112	0.5743	0.9544
CCDC110	2.9353	-0.0026	0.113	0.6909	NA
CCDC112	104.4851	-0.0355	0.1079	0.226	0.8832
CCDC113	24.6857	0.0039	0.1099	0.8223	0.9851
CCDC114	23.6149	-0.0042	0.1099	0.8065	0.9839
CCDC115	421.9107	-0.0513	0.1004	0.214	0.8774
CCDC116	3.971	0.0112	0.1191	0.113	NA
CCDC117	1691.6965	-0.0133	0.0941	0.7685	0.9791
CCDC12	695.9386	0.036	0.098	0.3938	0.9168
CCDC120	378.7116	0.0317	0.1003	0.4178	0.9204
CCDC121	63.3732	-0.0197	0.108	0.4316	0.9221
CCDC122	87.1516	-0.0382	0.1095	0.1691	0.8611
CCDC124	2574.3653	0.0092	0.095	0.8358	0.9854
CCDC125	231.3622	-0.0208	0.1032	0.5406	0.9465
CCDC126	131.8858	-0.0364	0.1066	0.2472	0.8873
CCDC127	465.8021	0.0101	0.0972	0.8088	0.9839
CCDC13	4.4537	-3e-04	0.1122	0.9745	NA
CCDC130	332.2661	-0.0054	0.0999	0.8874	0.9899
CCDC132	386.5195	0.0427	0.1025	0.2595	0.89
CCDC134	146.7726	2e-04	0.1032	0.9954	0.9991
CCDC135	0.24	-7e-04	0.1199	0.7975	NA
CCDC136	9.6539	0.0074	0.1118	0.504	0.937
CCDC137	629.9264	-0.0545	0.099	0.2043	0.8747
CCDC138	242.7132	0.0077	0.1012	0.8316	0.9854
CCDC14	684.6025	-0.0551	0.0985	0.2045	0.8747
CCDC141	372.8579	0.0491	0.1055	0.1694	0.8611
CCDC142	299.2021	0.0829	0.1121	0.0362	0.7434
CCDC144A	0.2606	9e-04	0.1202	0.7458	NA
CCDC144B	1.0916	0.0035	0.1219	0.3366	NA
CCDC144CP	3.1038	0.0053	0.1142	0.3954	NA
CCDC146	14.9799	0.0157	0.1121	0.247	0.8873
CCDC147	1.2857	0.0011	0.1147	0.7975	NA
CCDC147-AS1	0.2605	9e-04	0.1202	0.7459	NA
CCDC148	10.4874	-0.0123	0.1123	0.2918	0.8984
CCDC149	247.8605	0.011	0.1004	0.7698	0.9791
CCDC15	26.9713	0.0014	0.1096	0.9393	0.9946
CCDC150	69.5061	0.0136	0.1079	0.5709	0.9544
CCDC151	11.1617	0.0051	0.1115	0.6589	0.969
CCDC152	0.2732	0.001	0.1202	0.7404	NA
CCDC153	2.7758	0.0046	0.1136	0.4741	NA
CCDC154	0.7	-0.0023	0.12	0.4936	NA
CCDC157	27.215	0.0142	0.1102	0.4376	0.9227
CCDC158	1.6986	-4e-04	0.1143	0.9362	NA
CCDC159	42.894	-0.012	0.1089	0.5738	0.9544
CCDC160	9.8976	-0.0142	0.1132	0.1916	0.8684
CCDC163P	40.7987	-0.0117	0.109	0.5751	0.9546
CCDC167	507.0935	-0.0415	0.1006	0.2983	0.8992
CCDC168	1.2213	-0.0024	0.1161	0.5656	NA
CCDC169	1.5281	4e-04	0.1141	0.9396	NA
CCDC17	2.2403	-2e-04	0.1131	0.9681	NA
CCDC170	0.2289	-7e-04	0.1199	0.8029	NA
CCDC171	23.0182	-0.0122	0.1106	0.4577	0.9254
CCDC173	1.4653	-0.0014	0.1145	0.7663	NA
CCDC174	251.1266	0.0033	0.1003	0.9298	0.9937
CCDC176	102.1072	-0.0227	0.1067	0.4218	0.9204
CCDC18	229.3287	-0.0539	0.1066	0.1322	0.8492
CCDC180	3.71	0.0171	0.1836	0.0159	NA
CCDC181	0.2289	-7e-04	0.1199	0.8029	NA
CCDC183	1.4888	-0.0013	0.1144	0.7798	NA
CCDC183-AS1	13.7711	0.0057	0.1113	0.6452	0.9672
CCDC19	9.2531	-3e-04	0.1114	0.9773	0.9959
CCDC22	449.1436	-0.0059	0.0993	0.8809	0.9899
CCDC23	302.6674	-0.0448	0.1024	0.2421	0.886
CCDC24	55.9699	-0.0286	0.1104	0.2107	0.8773
CCDC25	697.6959	-0.0509	0.097	0.2505	0.8873
CCDC28A	101.6355	-0.0254	0.1073	0.3612	0.9102
CCDC28B	305.3907	-0.086	0.1141	0.0291	0.6999
CCDC3	0.665	-0.0021	0.1198	0.5275	NA
CCDC30	3.0263	-8e-04	0.1131	0.8944	NA
CCDC34	1166.4164	-0.0307	0.0942	0.5005	0.9355
CCDC39	5.2122	3e-04	0.1121	0.969	0.9956
CCDC40	68.0153	-0.0192	0.1075	0.4603	0.9261
CCDC41	226.6336	-0.0166	0.1021	0.6391	0.9658
CCDC41-AS1	4.8984	-0.0056	0.1126	0.4996	0.9355
CCDC42	2.5539	0.0025	0.1131	0.6956	NA
CCDC42B	18.8994	-0.0255	0.1141	0.0861	0.807
CCDC43	833.2909	-0.0433	0.0957	0.3349	0.9026
CCDC47	2943.6072	-0.0042	0.0927	0.9277	0.9937
CCDC50	1447.1463	-0.0139	0.0932	0.7627	0.9791
CCDC51	643.2912	-0.0082	0.0966	0.8476	0.9866
CCDC53	92.8615	-0.0111	0.1056	0.6983	0.9722
CCDC54	0.9157	-0.0027	0.1209	0.4292	NA
CCDC57	134.0978	0.0284	0.1052	0.3727	0.9118
CCDC58	284.0366	-0.0381	0.1031	0.2973	0.8992
CCDC59	444.5817	-0.0135	0.0989	0.735	0.976
CCDC6	1745.2708	0.0765	0.097	0.1023	0.8234
CCDC61	190.1221	-0.0813	0.1154	0.0295	0.7015
CCDC62	8.7803	-7e-04	0.1116	0.9438	0.9954
CCDC64	25.8222	0.0028	0.1097	0.8741	0.9894
CCDC64B	4.9184	-0.0136	0.136	0.0437	0.7463
CCDC65	4.1391	-0.0048	0.1128	0.5273	NA
CCDC66	223.8793	0.0048	0.1014	0.8942	0.9901
CCDC68	20.4534	-0.008	0.1106	0.6062	0.9581
CCDC69	23.0007	-0.0159	0.111	0.3393	0.9032
CCDC7	8.7015	0.0098	0.1122	0.3634	0.9102
CCDC71	593.055	0.0125	0.0972	0.7666	0.9791
CCDC71L	211.5362	-0.0066	0.1012	0.8557	0.9879
CCDC73	11.8286	-0.0175	0.1132	0.1576	0.8607
CCDC74A	280.4111	-0.0191	0.1021	0.5919	0.9562
CCDC74B	202.3134	-0.0568	0.107	0.1159	0.8296
CCDC77	119.3138	-0.0077	0.1044	0.8024	0.9839
CCDC78	10.4195	-0.0107	0.1121	0.3519	0.9077
CCDC8	371.4136	0.0203	0.0992	0.6101	0.9583
CCDC80	641.2146	-0.0031	0.0966	0.9415	0.9946
CCDC81	4.0286	0.0083	0.1149	0.2412	NA
CCDC82	601.1294	-0.0468	0.0979	0.2777	0.8948
CCDC84	267.3938	-0.0286	0.101	0.4511	0.9232
CCDC85A	11.3706	0.0028	0.1112	0.8167	0.985
CCDC85B	872.0688	-0.0651	0.104	0.1079	0.8266
CCDC85C	2098.9483	0.0905	0.0987	0.0573	0.7658
CCDC86	2167.4396	-0.0011	0.0929	0.9814	0.9961
CCDC87	16.309	-0.0054	0.1108	0.7019	0.9724
CCDC88A	1282.7265	8e-04	0.0999	0.983	0.9963
CCDC88B	24.9892	-0.0216	0.1117	0.2073	0.8767
CCDC88C	721.5175	0.0452	0.0985	0.2869	0.8971
CCDC89	0.24	-7e-04	0.1199	0.7975	NA
CCDC9	710.4579	0.0621	0.098	0.1637	0.8611
CCDC90B	787.3218	-0.0387	0.0982	0.3589	0.9093
CCDC91	179.2672	-0.0583	0.1082	0.1001	0.821
CCDC92	425.3561	-0.0242	0.098	0.5588	0.9508
CCDC93	738.5195	0.0712	0.1033	0.0909	0.8081
CCDC94	417.7004	0.0126	0.0989	0.7515	0.9778
CCDC96	74.5571	-0.0327	0.1094	0.2118	0.8773
CCDC97	710.8622	0.0359	0.096	0.4165	0.9204
CCER2	0.4902	1e-04	0.1193	0.9717	NA
CCHCR1	541.7106	-0.0204	0.0969	0.6313	0.964
CCIN	0.5007	1e-04	0.1192	0.9722	NA
CCKBR	0.2391	-7e-04	0.1199	0.7985	NA
CCL17	0.9532	-0.0014	0.1169	0.7064	NA
CCL2	0.9752	-0.0013	0.1167	0.7186	NA
CCL20	14.3137	0.0025	0.111	0.8523	0.9876
CCL22	1.2215	-5e-04	0.1147	0.9028	NA
CCL25	0.2618	9e-04	0.1202	0.745	NA
CCL26	0.2347	-7e-04	0.1199	0.8034	NA
CCL27	0.2289	-7e-04	0.1199	0.8029	NA
CCL28	6.1168	0.002	0.112	0.8278	0.9854
CCL5	3.3221	-0.0084	0.1219	0.1378	NA
CCM2	1184.6853	0.0054	0.0955	0.9027	0.9911
CCM2L	59.3774	-0.0143	0.1078	0.5551	0.9504
CCNA1	2.3487	0.0038	0.1153	0.4534	NA
CCNA2	2697.1513	0.015	0.0919	0.7502	0.977
CCNB1	3556.9459	-0.0351	0.0932	0.4516	0.9232
CCNB1IP1	416.2181	-0.0158	0.099	0.6905	0.9712
CCNB2	1078.2082	-0.0312	0.0944	0.4923	0.9331
CCNB3	5.4201	-0.0038	0.1122	0.6602	0.969
CCNC	1119.9299	-0.0504	0.0984	0.2416	0.886
CCND1	36496.3327	0.0972	0.0955	0.0503	0.7518
CCND2	36.2771	-0.0132	0.1097	0.4993	0.9355
CCND3	1826.8715	0.0182	0.0937	0.6901	0.9712
CCNDBP1	517.9965	-0.0441	0.0997	0.2836	0.8965
CCNE1	735.5855	-0.0555	0.101	0.18	0.8633
CCNE2	442.5986	-0.0553	0.1009	0.182	0.8669
CCNF	1409.8394	0.0558	0.0951	0.2273	0.8832
CCNG1	2915.8906	-0.0592	0.0938	0.2106	0.8773
CCNG2	1127.5695	-0.0705	0.0967	0.1285	0.8454
CCNH	398.2726	-0.0118	0.0992	0.765	0.9791
CCNI	3549.6733	0.0292	0.092	0.5368	0.9444
CCNJ	616.3245	0.0432	0.0984	0.307	0.8992
CCNJL	1294.2186	0.0989	0.1011	0.0385	0.7463
CCNK	1733.6445	0.0314	0.0928	0.5023	0.9369
CCNL1	851.2468	0.1592	0.1327	0.0025	0.3778
CCNL2	1644.12	-1e-04	0.0942	0.9974	0.9991
CCNO	253.6441	-0.024	0.1028	0.4928	0.9332
CCNT1	952.6084	0.0382	0.0982	0.3649	0.9102
CCNT2	598.0397	0.0149	0.0979	0.7179	0.9751
CCNT2-AS1	8.6548	-0.0022	0.1115	0.8433	0.986
CCNY	2627.7097	-0.0221	0.0918	0.6406	0.9658
CCNYL1	481.9458	-0.0068	0.0972	0.8711	0.9893
CCP110	683.1415	0.0368	0.0986	0.3761	0.9119
CCPG1	1547.9265	0.0191	0.097	0.6522	0.969
CCR1	0.2605	9e-04	0.1202	0.7459	NA
CCR10	366.1969	-0.0374	0.1005	0.3439	0.905
CCR6	1.8162	0.0049	0.1176	0.3108	NA
CCRN4L	172.5082	0.0345	0.1039	0.3226	0.9
CCS	257.7217	-0.0175	0.1019	0.6232	0.9615
CCSAP	440.2741	-0.0058	0.0981	0.8863	0.9899
CCSER1	4.7171	0	0.1122	0.9978	0.9993
CCSER2	903.1894	0.0179	0.0989	0.6545	0.969
CCT2	5696.7914	-0.0238	0.0909	0.6203	0.9606
CCT3	8788.6457	-0.0017	0.0905	0.9718	0.9959
CCT4	5372.8197	-0.0356	0.0914	0.4577	0.9254
CCT5	8511.2233	-0.022	0.0909	0.6462	0.9672
CCT6A	8176.799	-0.0224	0.0909	0.6402	0.9658
CCT6B	12.549	-0.0099	0.1115	0.4437	0.9232
CCT6P1	43.5829	0.0173	0.109	0.4358	0.9227
CCT6P3	41.081	0.0097	0.1088	0.6473	0.9677
CCT7	7901.6656	-0.0348	0.0938	0.4499	0.9232
CCT8	6155.855	-0.0394	0.0916	0.4105	0.9191
CCZ1	575.8192	-0.0023	0.0971	0.9571	0.9956
CCZ1B	1179.0588	-0.0543	0.097	0.2236	0.8832
CD101	10.8584	0.0043	0.1113	0.7222	0.9755
CD109	896.4961	0.0533	0.1023	0.1801	0.8633
CD14	12.5289	-0.0108	0.1119	0.3681	0.9111
CD151	5814.3028	-0.0303	0.0945	0.503	0.9369
CD160	1.9458	-0.0031	0.1145	0.5449	NA
CD164	5513.6005	-0.0727	0.0936	0.1328	0.8498
CD177	3.7794	0.0028	0.1128	0.6831	NA
CD180	2.2686	-3e-04	0.1133	0.9632	NA
CD1D	2.903	-0.004	0.1137	0.5094	NA
CD200	10.8435	0.0042	0.1114	0.7161	0.9745
CD200R1	0.2641	9e-04	0.1202	0.7434	NA
CD207	17.1564	0.0023	0.1107	0.8692	0.9889
CD22	5.6064	-0.0043	0.1122	0.6287	0.9639
CD226	0.4894	1e-04	0.1193	0.9705	NA
CD24	2818.2429	-0.1421	0.1123	0.0062	0.5031
CD244	5.5935	0.0034	0.1121	0.7008	0.9724
CD247	2.0485	0.0041	0.1146	0.4572	NA
CD248	1.4517	-0.0012	0.1145	0.7836	NA
CD27	1.7855	0.0014	0.1136	0.796	NA
CD27-AS1	70.0588	0.0163	0.1071	0.5364	0.9444
CD276	2157.3389	0.0319	0.0927	0.4964	0.935
CD2AP	4551.6064	0.0703	0.0985	0.1202	0.8309
CD2BP2	1802.0564	-0.0111	0.0934	0.8092	0.9842
CD302	173.2185	-0.0205	0.103	0.5495	0.9489
CD320	2976.5691	-0.0125	0.0952	0.776	0.9803
CD34	18.5982	-0.0102	0.1108	0.5027	0.9369
CD36	14.491	-0.002	0.1109	0.8778	0.9899
CD37	3.87	0.0088	0.1151	0.2196	NA
CD3E	0.261	9e-04	0.1202	0.7456	NA
CD3EAP	705.6744	0.0303	0.0976	0.4727	0.9308
CD4	2.6381	-0.0068	0.1189	0.2059	NA
CD40	43.4099	-0.0185	0.1093	0.3969	0.9182
CD44	2791.6599	0.1087	0.1004	0.0277	0.6844
CD46	2620.4526	-0.0381	0.094	0.4084	0.9187
CD47	1456.4284	-0.1348	0.1124	0.0079	0.5196
CD5	0.2605	9e-04	0.1202	0.7459	NA
CD52	1.962	-0.0012	0.1134	0.8345	NA
CD53	0.2289	-7e-04	0.1199	0.8029	NA
CD55	763.9848	0.0863	0.1015	0.0591	0.7686
CD58	134.7209	-0.0422	0.1076	0.182	0.8669
CD59	3249.991	-0.0319	0.0921	0.5	0.9355
CD6	0.2605	9e-04	0.1202	0.7459	NA
CD63	6310.0825	-0.0386	0.0957	0.3867	0.9162
CD68	56.0749	0.0056	0.1076	0.8148	0.985
CD7	894.1553	0.0031	0.0989	0.9368	0.9946
CD70	0.48	-0.0014	0.1207	0.6399	NA
CD72	1.2684	0.001	0.1147	0.8255	NA
CD74	118.2158	-0.0253	0.1053	0.418	0.9204
CD79A	3.1693	-0.0036	0.113	0.6019	NA
CD79B	8.3925	-0.0053	0.1119	0.599	0.9572
CD81	5473.1518	-0.0135	0.0952	0.7597	0.9791
CD81-AS1	2.657	-0.0034	0.1136	0.5682	NA
CD82	663.7766	0.0425	0.0967	0.3332	0.9016
CD83	437.6841	-0.0908	0.1081	0.0365	0.7445
CD8B	0.4578	-0.0013	0.1206	0.6493	NA
CD9	3723.9881	-0.0012	0.0927	0.9787	0.9959
CD96	0.4257	-0.0012	0.1204	0.6729	NA
CD97	366.3053	0.0371	0.1	0.3536	0.908
CD99	4897.5575	0.0039	0.0912	0.9353	0.9943
CD99L2	852.0673	-0.0335	0.0952	0.4544	0.9246
CD99P1	101.628	-0.0226	0.1061	0.4417	0.9232
CDA	1.4748	-0.0013	0.1145	0.783	NA
CDADC1	89.0927	-0.0357	0.1085	0.2097	0.8773
CDAN1	826.3825	0.0171	0.0963	0.6905	0.9712
CDC123	1830.0078	-0.0291	0.0942	0.522	0.9416
CDC14A	185.5118	0.0103	0.1034	0.7545	0.9784
CDC14B	853.9582	0.0126	0.0954	0.7744	0.9802
CDC14C	0.2605	9e-04	0.1202	0.7459	NA
CDC16	1047.3275	-0.0534	0.0961	0.2381	0.886
CDC20	4196.9663	-0.0187	0.0928	0.6872	0.9712
CDC20B	5.9296	-0.0036	0.112	0.6961	0.9722
CDC23	1072.9097	-2e-04	0.0947	0.9971	0.9991
CDC25A	1289.5931	0.0509	0.0968	0.2531	0.8882
CDC25B	3723.2501	-0.003	0.0912	0.9501	0.9956
CDC25C	167.8936	-0.0338	0.1046	0.3179	0.9
CDC26	568.8125	-0.093	0.11	0.031	0.7094
CDC27	2519.0552	0.056	0.0957	0.2206	0.8832
CDC34	2453.1213	-0.0176	0.0953	0.6904	0.9712
CDC37	5159.9321	0.0135	0.0919	0.7741	0.9802
CDC37L1	296.5457	-6e-04	0.0999	0.9874	0.9972
CDC40	751.346	0.0164	0.0966	0.7013	0.9724
CDC42	5849.8607	-0.0209	0.0912	0.6618	0.969
CDC42BPA	1681.5421	0.0428	0.0999	0.2934	0.899
CDC42BPB	6785.334	0.1079	0.1116	0.0184	0.6379
CDC42BPG	248.0466	0.049	0.1056	0.17	0.8611
CDC42EP1	848.381	0.012	0.0971	0.7749	0.9802
CDC42EP2	372.1143	-0.0189	0.099	0.6361	0.9656
CDC42EP3	521.2467	-0.0111	0.0967	0.7938	0.9836
CDC42EP4	4462.1532	0.062	0.093	0.1967	0.8721
CDC42EP5	243.3773	-0.0673	0.1117	0.0561	0.7618
CDC42SE1	1536.0538	-0.0067	0.0933	0.8838	0.9899
CDC42SE2	1010.523	0.0044	0.0941	0.9228	0.9934
CDC45	686.6314	-0.097	0.1053	0.0344	0.7282
CDC5L	1362.9115	0.0473	0.1013	0.2348	0.886
CDC6	1666.9855	0.0296	0.0929	0.5262	0.9416
CDC7	830.8032	-0.0093	0.0951	0.8338	0.9854
CDC73	1275.4732	0.0714	0.1086	0.0643	0.7718
CDCA2	634.6393	0.0089	0.0978	0.8281	0.9854
CDCA3	703.2448	-0.0451	0.0974	0.2995	0.8992
CDCA4	1241.2533	0.0103	0.0946	0.8177	0.985
CDCA5	1440.1956	0.0048	0.093	0.9172	0.9932
CDCA7	2491.5117	-0.0356	0.0922	0.4523	0.9237
CDCA7L	18.0959	-0.0147	0.1113	0.3333	0.9016
CDCA8	1214.0646	0.0302	0.0942	0.5074	0.9397
CDCP1	10.5043	0.0015	0.1117	0.8866	0.9899
CDH1	1109.4574	0.0591	0.099	0.1743	0.8611
CDH10	3.2596	0.0027	0.1127	0.7016	NA
CDH15	1.946	-0.0032	0.1141	0.5541	NA
CDH16	155.4108	0.0278	0.1044	0.401	0.9185
CDH17	200.4612	0.0139	0.1017	0.6985	0.9722
CDH2	2977.5569	0.0552	0.0943	0.2376	0.886
CDH23	18.3528	-0.0119	0.1113	0.4047	0.9185
CDH24	1512.5626	0.0156	0.0933	0.735	0.976
CDH26	0.24	-7e-04	0.1199	0.7975	NA
CDH3	86.0977	-0.0106	0.1066	0.6897	0.9712
CDH4	1.0549	0.004	0.1215	0.3052	NA
CDH5	3.2051	0.0091	0.1237	0.1148	NA
CDH7	0.6867	-0.0019	0.1209	0.5405	NA
CDHR1	808.6535	0.047	0.0986	0.2693	0.8901
CDHR2	0.2605	9e-04	0.1202	0.7459	NA
CDHR3	6.1965	0.0021	0.1119	0.8192	0.985
CDHR4	1.3027	0.0043	0.1229	0.2702	NA
CDHR5	1.8066	0.0049	0.1179	0.3053	NA
CDIP1	466.4673	-0.0705	0.1027	0.0968	0.821
CDIPT	2015.6503	-0.0262	0.0957	0.5512	0.9489
CDIPT-AS1	1.0372	0.0019	0.1171	0.6178	NA
CDK1	1693.0692	-0.0661	0.095	0.1604	0.8611
CDK10	453.8764	-0.0508	0.1001	0.2213	0.8832
CDK11A	297.4527	0.0486	0.1031	0.2041	0.8747
CDK11B	1178.7853	0.0113	0.095	0.7985	0.9839
CDK12	1424.0029	0.0959	0.1156	0.021	0.65
CDK13	1051.0011	0.0353	0.0974	0.4087	0.9187
CDK14	15.1994	-0.0052	0.111	0.7032	0.9724
CDK16	5620.7466	0.0121	0.0909	0.8001	0.9839
CDK17	838.4154	0.0336	0.0969	0.4361	0.9227
CDK18	140.8249	-0.0239	0.1044	0.4615	0.9264
CDK19	1300.3764	0.0696	0.0999	0.1149	0.8296
CDK2	1497.6892	-0.0439	0.0941	0.3421	0.9041
CDK20	48.5245	-0.0037	0.1085	0.8606	0.9883
CDK2AP1	2216.6712	-0.0458	0.0964	0.3028	0.8992
CDK2AP2	3769.1242	-0.0097	0.0955	0.8238	0.9851
CDK3	52.6987	3e-04	0.109	0.9899	0.9973
CDK4	6284.2456	-0.0476	0.0949	0.2985	0.8992
CDK5	431.4491	-0.0199	0.1002	0.6053	0.9581
CDK5R1	65.4699	0.0101	0.1071	0.6925	0.9715
CDK5R2	6.1946	-0.0011	0.1119	0.9086	0.9924
CDK5RAP1	540.3889	0.0267	0.0975	0.5267	0.9416
CDK5RAP2	1214.9102	0.0402	0.0975	0.3494	0.9067
CDK5RAP3	1088.7435	-0.0513	0.0959	0.2563	0.89
CDK6	953.9381	0.0486	0.1005	0.2342	0.886
CDK7	605.9961	-0.014	0.0963	0.7454	0.9761
CDK8	617.0194	0.02	0.0997	0.6082	0.9583
CDK9	1345.4938	0.0324	0.0944	0.4767	0.9312
CDKAL1	338.5211	0.0102	0.0988	0.7978	0.9839
CDKL1	79.4648	0.0011	0.1069	0.9637	0.9956
CDKL2	46.4989	-0.0463	0.117	0.0336	0.7204
CDKL3	11.2797	-0.0098	0.1118	0.416	0.9204
CDKL4	0.24	-7e-04	0.1199	0.7975	NA
CDKL5	127.9802	0.0364	0.1066	0.2478	0.8873
CDKN1A	10740.8927	-0.0685	0.0933	0.1557	0.8598
CDKN1B	1267.3484	0.0187	0.0934	0.6845	0.9712
CDKN1C	19.3685	-0.0044	0.1104	0.779	0.9806
CDKN2A	250.401	-0.0347	0.1029	0.3377	0.903
CDKN2AIP	539.672	0.0476	0.0983	0.2662	0.89
CDKN2AIPNL	524.4842	-0.0645	0.1046	0.1059	0.8257
CDKN2B	32.1135	-0.0125	0.1096	0.5209	0.9416
CDKN2B-AS1	0.8205	-0.0028	0.1201	0.4326	NA
CDKN2C	610.7642	-0.0562	0.099	0.193	0.8684
CDKN2D	169.4022	-0.0235	0.1035	0.4873	0.9323
CDKN3	460.4009	-0.0617	0.1025	0.1326	0.8498
CDNF	5.8854	-0.0052	0.1122	0.5628	0.952
CDON	129.605	0.017	0.1057	0.5603	0.9514
CDPF1	171.6179	-0.0362	0.1058	0.266	0.89
CDR2	716.2937	0.0094	0.0953	0.8313	0.9854
CDR2L	5800.4993	0.0981	0.0969	0.0464	0.7463
CDRT1	10.0669	0.0065	0.1115	0.578	0.9552
CDRT15P1	2.7797	0.0028	0.1134	0.6375	NA
CDRT4	110.8381	-4e-04	0.1154	0.9202	0.9932
CDS1	1516.9892	0.0258	0.0946	0.5667	0.9533
CDS2	1522.6664	0.0521	0.0947	0.2602	0.89
CDSN	1.1905	-0.0024	0.1161	0.5697	NA
CDT1	1737.6748	0.0431	0.095	0.3437	0.905
CDV3	4835.6725	-0.0244	0.0914	0.6088	0.9583
CDX2	27.8303	0.0048	0.1096	0.7937	0.9836
CDYL	614.21	0.0197	0.0966	0.6454	0.9672
CDYL2	13.1967	-4e-04	0.1116	0.9699	0.9957
CEACAM1	12.3787	-0.0057	0.1112	0.6543	0.969
CEACAM16	0.5342	0.0017	0.1207	0.5719	NA
CEACAM19	35.6341	0.0184	0.1101	0.3559	0.9092
CEACAM3	0.2605	9e-04	0.1202	0.7459	NA
CEACAM5	4.0828	-4e-04	0.1124	0.9576	NA
CEACAM6	4.8103	0.0037	0.1123	0.6615	0.969
CEBPA	160.964	0.0154	0.1036	0.6384	0.9658
CEBPA-AS1	15.1721	-0.0104	0.1113	0.4529	0.9239
CEBPB	812.4978	0.0216	0.0982	0.5992	0.9572
CEBPD	1467.1977	-0.0185	0.098	0.6538	0.969
CEBPG	699.8329	0.0273	0.0962	0.5311	0.9433
CEBPZ	1546.1105	0.0417	0.0943	0.3642	0.9102
CEBPZ-AS1	870.6178	-0.216	0.17	4e-04	0.168
CECR1	3.3056	-9e-04	0.1126	0.8935	NA
CECR2	4.861	0.0033	0.1123	0.6928	0.9715
CECR5	1251.6836	-0.0293	0.0956	0.5078	0.9397
CECR5-AS1	4.56	0.004	0.1127	0.5925	NA
CECR6	39.2905	-0.0156	0.1094	0.4556	0.9254
CEL	49.2123	0.0144	0.1083	0.5357	0.9444
CELA1	0.24	-7e-04	0.1199	0.7975	NA
CELA3A	9.4291	0.0058	0.1117	0.5912	0.9562
CELA3B	8.1126	-0.0055	0.1118	0.606	0.9581
CELF1	2449.7878	0.0378	0.0934	0.417	0.9204
CELF2	127.6628	-0.0253	0.1051	0.4232	0.9204
CELF2-AS1	0.2605	9e-04	0.1202	0.7459	NA
CELF3	1.3037	0.0043	0.1229	0.2699	NA
CELF4	0.2605	9e-04	0.1202	0.7459	NA
CELF5	6.6268	0.0045	0.1119	0.6442	0.9672
CELF6	2.2401	0.001	0.1131	0.866	NA
CELP	3.8663	-0.0059	0.1132	0.4216	NA
CELSR1	3501.0861	0.1174	0.1263	0.0077	0.5181
CELSR2	1238.6566	0.0572	0.105	0.1329	0.8498
CELSR3	164.0532	0.0382	0.1088	0.1852	0.8684
CEMP1	66.3054	-0.0234	0.1085	0.3494	0.9067
CEND1	1.5509	0.0018	0.1151	0.6824	NA
CENPA	465.0189	-0.0355	0.0997	0.3774	0.9119
CENPB	2047.067	0.0323	0.0935	0.4839	0.9322
CENPBD1	78.8074	0.0174	0.1073	0.5049	0.9375
CENPBD1P1	1310.2943	-0.0038	0.0931	0.9342	0.9943
CENPC	220.8473	0.007	0.101	0.8484	0.9866
CENPE	579.2543	0.0172	0.1002	0.6529	0.969
CENPF	2672.5366	0.0554	0.1027	0.1639	0.8611
CENPH	434.6643	-0.0496	0.1019	0.2102	0.8773
CENPI	201.4268	-0.0345	0.1043	0.3146	0.9
CENPJ	343.3393	0.0352	0.1013	0.3581	0.9092
CENPK	312.1111	-0.2336	0.213	2e-04	0.128
CENPL	243.2637	-0.0124	0.1009	0.7365	0.9761
CENPM	759.5673	-0.0688	0.1048	0.0903	0.8072
CENPN	1129.7464	0.0088	0.0942	0.8446	0.986
CENPO	1044.757	0.0141	0.096	0.7448	0.9761
CENPP	139.3567	-0.0393	0.1062	0.2291	0.8832
CENPQ	167.687	0.0013	0.1031	0.9676	0.9956
CENPT	911.7404	-0.0265	0.0957	0.546	0.9484
CENPU	701.2686	0.0061	0.0958	0.8882	0.9899
CENPV	1051.0858	-0.037	0.0973	0.3889	0.9162
CENPW	543.2763	-0.0322	0.1006	0.4068	0.9185
CEP104	797.735	0.0461	0.0969	0.2942	0.8992
CEP112	137.704	-0.0407	0.1062	0.2174	0.879
CEP120	420.3019	-0.0026	0.0994	0.9463	0.9956
CEP128	75.3699	-0.0146	0.1077	0.5536	0.9492
CEP135	500.1126	0.0346	0.1	0.3853	0.9152
CEP152	162.2227	0.0173	0.104	0.5912	0.9562
CEP164	586.5148	0.0262	0.0984	0.5234	0.9416
CEP170	1402.1154	0.0434	0.1018	0.2628	0.89
CEP170B	2105.4649	0.0875	0.102	0.0553	0.7614
CEP19	230.76	-0.0073	0.1008	0.8431	0.986
CEP192	889.8205	0.0331	0.1	0.4044	0.9185
CEP250	764.7016	0.0554	0.1032	0.1586	0.8611
CEP290	341.1726	0.0139	0.1031	0.6797	0.9708
CEP350	821.7082	0.0562	0.1056	0.1317	0.8492
CEP41	9.3801	0.001	0.1115	0.9265	0.9936
CEP44	166.652	-0.0096	0.1048	0.7496	0.977
CEP55	1699.546	0.0023	0.0927	0.9603	0.9956
CEP57	947.9235	0.0278	0.0951	0.5332	0.9444
CEP57L1	121.2161	-0.0389	0.1075	0.2071	0.8767
CEP63	329.0968	0.0335	0.1001	0.398	0.9182
CEP68	353.1332	0.0393	0.1009	0.3167	0.9
CEP70	195.8481	-0.0527	0.1061	0.1436	0.8598
CEP72	197.806	0.0475	0.1049	0.1876	0.8684
CEP76	189.5012	0.0045	0.1025	0.8958	0.9903
CEP78	1553.1925	0.0924	0.102	0.0467	0.7463
CEP85	718.1724	0.0357	0.096	0.4192	0.9204
CEP85L	97.9131	0.0143	0.1065	0.5991	0.9572
CEP89	253.1441	0.0343	0.1023	0.3525	0.908
CEP95	345.0954	-0.0232	0.1005	0.5446	0.9479
CEP97	409.0033	0.0433	0.1041	0.2318	0.8851
CEPT1	584.2299	-0.0071	0.0962	0.869	0.9889
CERCAM	1172.1626	-0.0077	0.094	0.8651	0.9887
CERK	2841.3119	0.0661	0.0952	0.1594	0.8611
CERKL	14.4266	-0.0145	0.112	0.2799	0.8964
CERS1	483.8072	-0.0529	0.1022	0.1847	0.8682
CERS2	2844.8894	-0.0316	0.093	0.4983	0.9351
CERS3	0.2394	-7e-04	0.1199	0.7981	NA
CERS4	78.1966	-0.0374	0.11	0.1638	0.8611
CERS5	610.9532	2e-04	0.0963	0.9969	0.9991
CERS6	812.862	0.0181	0.0976	0.6647	0.969
CERS6-AS1	199.1553	-0.0173	0.1021	0.6254	0.9627
CES1	16.6312	0.0065	0.1107	0.6592	0.969
CES1P1	2.9337	-0.0028	0.1129	0.6738	NA
CES1P2	0.7507	-6e-04	0.1173	0.8465	NA
CES2	1118.5849	0.0475	0.0981	0.2703	0.8903
CES3	114.1167	0.0155	0.1047	0.616	0.959
CES5AP1	0.24	-7e-04	0.1199	0.7975	NA
CETN2	730.6756	-0.0588	0.0986	0.1793	0.8633
CETN3	317.2985	-0.0806	0.1084	0.049	0.7511
CETN4P	0.7097	-0.0023	0.12	0.4886	NA
CETP	1.2413	0.0041	0.1225	0.2899	NA
CFB	144.1229	0.0134	0.1037	0.6801	0.9708
CFD	571.9909	-0.0361	0.1011	0.3515	0.9077
CFDP1	797.7076	-0.0414	0.097	0.3426	0.9041
CFH	14.96	-0.0069	0.1114	0.5796	0.9552
CFHR1	6.7504	0.0021	0.1119	0.8249	0.9853
CFI	2.0824	0.0035	0.1147	0.5031	NA
CFL1	16988.215	-0.0305	0.0952	0.4943	0.9339
CFL1P1	0.2296	-7e-04	0.1199	0.8024	NA
CFL2	1044.6087	-0.0486	0.0961	0.2783	0.8951
CFLAR	1358.4175	0.0279	0.0948	0.5342	0.9444
CFP	0.961	-0.0016	0.1162	0.6848	NA
CFTR	0.5004	1e-04	0.1192	0.9743	NA
CGB2	0.4657	-0.0013	0.1207	0.6447	NA
CGB5	0.5813	-0.0015	0.1209	0.6108	NA
CGB7	15.877	-0.0087	0.1112	0.5261	0.9416
CGGBP1	1449.1049	-2e-04	0.0945	0.9968	0.9991
CGN	295.6575	0.0275	0.1021	0.4502	0.9232
CGNL1	1245.3854	0.044	0.1015	0.2617	0.89
CGREF1	1.0081	0.0018	0.1171	0.6288	NA
CGRRF1	114.9548	0.005	0.1048	0.8667	0.9887
CHAC1	286.9142	0.4272	0.3316	0	0.0193
CHAC2	170.9938	-0.0669	0.1118	0.0562	0.7618
CHAD	0.8209	0.0025	0.1212	0.4467	NA
CHADL	45.7123	-0.0037	0.1082	0.8669	0.9887
CHAF1A	1740.1535	0.0757	0.0958	0.1105	0.8281
CHAF1B	910.5091	-0.0501	0.0964	0.2629	0.89
CHAMP1	876.5775	0.0411	0.0974	0.3409	0.9036
CHAT	0.4894	1e-04	0.1193	0.9707	NA
CHCHD1	705.0178	-0.0766	0.1088	0.0542	0.759
CHCHD10	1502.8516	-0.0815	0.1051	0.0578	0.7658
CHCHD2	5697.0716	-0.0412	0.0962	0.3526	0.908
CHCHD3	2038.4428	-0.0191	0.0935	0.6773	0.9708
CHCHD4	555.312	-0.0417	0.0979	0.3288	0.9004
CHCHD5	126.186	-0.0145	0.1044	0.6441	0.9672
CHCHD6	307.0292	0.034	0.1013	0.3736	0.9119
CHCHD7	489.8302	-0.0652	0.104	0.1075	0.8262
CHD1	1330.9545	0.0482	0.1027	0.212	0.8773
CHD1L	982.1987	0.0085	0.0941	0.8499	0.987
CHD2	1403.2245	0.0904	0.1091	0.035	0.7317
CHD3	11535.84	0.0559	0.097	0.2114	0.8773
CHD4	6563.2189	0.0374	0.0976	0.3812	0.9133
CHD5	0.9789	2e-04	0.1159	0.9592	NA
CHD6	735.8496	0.0516	0.1012	0.2029	0.8743
CHD7	867.4106	0.0678	0.1061	0.0858	0.807
CHD8	1389.4067	0.0801	0.105	0.061	0.7686
CHD9	1331.7668	0.0412	0.1026	0.2727	0.8918
CHDC2	3.9304	-7e-04	0.1125	0.9181	NA
CHDH	482.7885	0.0619	0.1036	0.1236	0.8339
CHEK1	527.8332	0.0166	0.097	0.6946	0.9722
CHEK2	268.2543	-0.0425	0.1029	0.2559	0.89
CHERP	2534.4996	0.1168	0.1043	0.0182	0.6379
CHFR	181.9213	0.0136	0.1022	0.6966	0.9722
CHGA	1.4871	0.0033	0.1162	0.4619	NA
CHGB	4.164	0.0057	0.1132	0.4393	NA
CHI3L1	4.8159	0.0026	0.1126	0.7169	0.9748
CHIC1	191.1728	-3e-04	0.1027	0.994	0.9989
CHIC2	223.6638	0.0139	0.1022	0.6915	0.9715
CHID1	2573.6572	-0.0143	0.0933	0.7554	0.9788
CHIT1	0.2389	-7e-04	0.1199	0.7987	NA
CHKA	1325.4446	0.0324	0.0938	0.4813	0.932
CHKB	390.6045	-0.0164	0.0987	0.6835	0.9712
CHKB-AS1	25.6913	-0.006	0.1101	0.717	0.9748
CHKB-CPT1B	4.252	-0.0048	0.114	0.4353	NA
CHM	786.7462	0.0162	0.0957	0.7106	0.9731
CHML	374.2237	-0.0356	0.1012	0.3541	0.908
CHMP1A	2495.0553	0.0233	0.0944	0.6056	0.9581
CHMP1B	823.8697	-0.011	0.095	0.804	0.9839
CHMP2A	1759.7618	-0.0323	0.0972	0.4506	0.9232
CHMP2B	516.3529	-0.0285	0.0975	0.4983	0.9351
CHMP3	2169.2994	-0.0221	0.0921	0.6386	0.9658
CHMP4A	723.0667	-0.0771	0.1044	0.0696	0.7804
CHMP4B	3032.419	0.0173	0.0935	0.7052	0.9724
CHMP4C	202.3758	-0.0212	0.1024	0.5482	0.9489
CHMP5	1150.3448	-0.066	0.0963	0.1529	0.8598
CHMP6	587.399	-0.0299	0.0984	0.4688	0.9289
CHMP7	1129.5722	0.0214	0.0939	0.6383	0.9658
CHN1	13.3645	-0.0071	0.1112	0.591	0.9562
CHN2	1.11	0.0028	0.117	0.4989	NA
CHODL	3.912	-0.0022	0.1126	0.7631	NA
CHORDC1	1901.4495	-0.0404	0.0929	0.3899	0.9162
CHP1	1897.9012	-0.0428	0.093	0.3634	0.9102
CHPF	7812.3832	0.0666	0.0935	0.1656	0.8611
CHPF2	3097.4199	0.0363	0.0933	0.4351	0.9227
CHPT1	365.4797	-0.0634	0.1046	0.1096	0.8274
CHRAC1	727.8905	-0.0576	0.0987	0.1866	0.8684
CHRD	21.4552	-0.0033	0.1101	0.8411	0.986
CHRDL2	0.2386	-7e-04	0.1199	0.7991	NA
CHRFAM7A	2.5116	0.0013	0.1133	0.8216	NA
CHRM4	7.4672	0.0111	0.1128	0.2742	0.8935
CHRM5	0.9917	2e-04	0.1153	0.95	NA
CHRNA1	4.4497	-0.0022	0.1124	0.7744	NA
CHRNA10	16.4194	0.0193	0.1124	0.1838	0.868
CHRNA3	6.1325	-0.0061	0.1123	0.5099	0.9397
CHRNA5	268.1334	-0.0397	0.1025	0.2886	0.8971
CHRNA6	7.0354	-0.0093	0.1125	0.3451	0.9054
CHRNA7	7.1841	-0.0045	0.1119	0.6559	0.969
CHRNA9	0.2389	-7e-04	0.1199	0.7987	NA
CHRNB1	39.668	-0.0121	0.1089	0.5686	0.9537
CHRNB2	2.4375	0.0035	0.1135	0.5613	NA
CHRNB4	0.2289	-7e-04	0.1199	0.8029	NA
CHRNE	4.5028	9e-04	0.1122	0.9096	NA
CHRNG	1.0441	0.0034	0.1218	0.3524	NA
CHST1	0.3578	0.0012	0.1206	0.6712	NA
CHST10	31.3488	-0.0191	0.1107	0.3025	0.8992
CHST11	349.3784	0.0172	0.0994	0.6617	0.969
CHST12	612.8799	-0.0274	0.0989	0.4981	0.9351
CHST13	8.6676	-0.0148	0.1142	0.1424	0.8598
CHST14	1372.6071	-0.0171	0.0957	0.6954	0.9722
CHST15	233.0453	0.0612	0.106	0.1077	0.8262
CHST2	873.4801	0.038	0.0954	0.3965	0.9181
CHST3	2799.2522	0.0606	0.1003	0.1555	0.8598
CHST5	3.4562	-0.0026	0.1127	0.7079	NA
CHST6	106.1415	-0.0038	0.1048	0.8979	0.9907
CHST7	317.797	-0.0046	0.0993	0.9062	0.9922
CHST8	3.2133	-0.0036	0.113	0.5986	NA
CHST9	251.2628	-0.0123	0.1007	0.7412	0.9761
CHSY1	967.5882	0.0259	0.0945	0.5664	0.9533
CHSY3	456.4182	0.0565	0.1009	0.1739	0.8611
CHTF18	1077.4415	0.0371	0.0948	0.4139	0.9204
CHTF8	2585.0034	-0.0043	0.0916	0.9279	0.9937
CHTOP	1976.8028	0.0236	0.0942	0.6035	0.9581
CHUK	1363.6721	0.0135	0.0944	0.7632	0.9791
CHURC1	659.1572	-0.0428	0.0973	0.3238	0.9
CHURC1-FNTB	187.7213	-0.0076	0.1129	0.3743	0.9119
CIAO1	2144.0273	0.0168	0.0923	0.7207	0.9753
CIAPIN1	1723.6847	-0.0189	0.0936	0.6799	0.9708
CIB1	1263.5661	-0.0385	0.0975	0.3688	0.9111
CIB2	114.4619	-0.003	0.105	0.9188	0.9932
CIB3	0.4813	-0.0014	0.1206	0.6379	NA
CIC	2035.9957	0.058	0.099	0.1808	0.8641
CIDEB	18.7087	-0.0029	0.1104	0.847	0.9866
CIDECP	52.1965	-0.0117	0.108	0.6186	0.9593
CIITA	8.2296	0.017	0.1153	0.0994	0.821
CILP	1178.2336	0.0465	0.097	0.2904	0.8981
CILP2	563.5732	0.0562	0.0988	0.1945	0.8697
CINP	462.8867	-0.0135	0.0982	0.7399	0.9761
CIPC	514.5686	-0.0123	0.0971	0.7696	0.9791
CIR1	277.6091	0.0128	0.0999	0.7378	0.9761
CIRBP	1681.4936	-0.0638	0.0969	0.162	0.8611
CIRBP-AS1	15.262	0.0039	0.1108	0.7826	0.9811
CIRH1A	1796.1085	0.0155	0.0925	0.7398	0.9761
CISD1	618.7924	-0.1144	0.1198	0.0109	0.5624
CISD2	757.3463	-0.1018	0.1149	0.0187	0.6398
CISD3	976.0434	-0.0437	0.0988	0.2986	0.8992
CISH	162.7469	0.0162	0.1029	0.6347	0.9653
CIT	648.464	0.0708	0.1089	0.0637	0.7708
CITED1	8.1755	-0.0037	0.1117	0.719	0.9753
CITED2	3038.7987	0.0239	0.0918	0.6143	0.959
CITED4	374.5855	-0.0176	0.1019	0.6233	0.9615
CIZ1	2789.814	0.044	0.0922	0.3562	0.9092
CKAP2	1460.6818	-0.0081	0.0932	0.8609	0.9883
CKAP2L	421.6676	0.0148	0.1017	0.6797	0.9708
CKAP4	5845.1223	-0.0135	0.0908	0.7782	0.9806
CKAP5	3981.5905	0.0848	0.1047	0.0532	0.7576
CKB	7022.0208	-0.0383	0.0959	0.3878	0.9162
CKLF	510.751	-0.0842	0.1079	0.0452	0.7463
CKLF-CMTM1	1.1727	-0.0036	0.1216	0.332	NA
CKM	42.0389	-0.0068	0.1091	0.7306	0.9759
CKMT1A	249.5522	0.0117	0.1028	0.731	0.9759
CKMT1B	307.6507	-0.0443	0.1018	0.2558	0.89
CKMT2-AS1	38.1926	-0.0189	0.11	0.3498	0.9067
CKS1B	1701.2109	-0.073	0.1001	0.1011	0.8212
CKS2	1419.1807	-0.097	0.1074	0.0312	0.7094
CLASP1	1218.3039	0.0708	0.1013	0.1031	0.8247
CLASP2	1071.3326	0.0421	0.0973	0.3306	0.901
CLASRP	663.4116	-0.0059	0.096	0.8905	0.9899
CLCA2	3.925	-0.004	0.1127	0.5854	NA
CLCC1	1063.1125	0.0226	0.0946	0.6159	0.959
CLCF1	502.6797	0.0668	0.1024	0.112	0.8281
CLCN1	5.046	0.0026	0.1122	0.7593	0.9791
CLCN2	245.2492	-0.0244	0.1014	0.5097	0.9397
CLCN3	1754.8047	0.0292	0.0967	0.4982	0.9351
CLCN4	32.2597	-0.0025	0.1092	0.8969	0.9907
CLCN5	436.2464	-0.0181	0.1015	0.6184	0.9593
CLCN6	279.5225	0.047	0.1026	0.2212	0.8832
CLCN7	1475.709	-0.0074	0.0937	0.8706	0.9892
CLCNKA	1.5879	0.0065	0.1256	0.1605	NA
CLCNKB	21.9833	-0.0046	0.1101	0.78	0.9806
CLDN1	1685.7976	-0.0557	0.0941	0.2354	0.886
CLDN10	2.2045	-0.0021	0.1133	0.7178	NA
CLDN11	7.2347	0.0016	0.1117	0.874	0.9894
CLDN12	476.5029	-0.1041	0.1157	0.017	0.6309
CLDN14	2.5712	-0.0015	0.1131	0.8038	NA
CLDN15	131.7531	0.0495	0.1094	0.1176	0.8296
CLDN16	25.5659	-0.0245	0.1121	0.166	0.8611
CLDN18	10.094	0.0073	0.1118	0.5084	0.9397
CLDN19	528.6487	0.0294	0.0997	0.4595	0.9259
CLDN2	1.6631	-0.0039	0.1164	0.4043	NA
CLDN20	1.0916	0.0035	0.1219	0.3366	NA
CLDN22	17.6956	-0.0052	0.1469	0.1176	0.8296
CLDN23	35.5835	-9e-04	0.1089	0.9637	0.9956
CLDN3	725.6198	-0.0096	0.0973	0.8183	0.985
CLDN4	517.719	-0.0285	0.1001	0.466	0.9277
CLDN5	1.9959	0.0013	0.1137	0.8076	NA
CLDN6	49.2566	0.0067	0.108	0.7682	0.9791
CLDN7	36.3949	-0.0278	0.1117	0.1637	0.8611
CLDN9	7.5027	0.0016	0.1117	0.8771	0.9899
CLDND1	759.7047	-0.0702	0.0998	0.1131	0.8296
CLDND2	0.4927	0.0015	0.1207	0.618	NA
CLEC11A	117.9383	-0.017	0.1059	0.5551	0.9504
CLEC16A	2037.8747	0.0956	0.107	0.0332	0.718
CLEC18A	0.4857	0.0015	0.1209	0.6176	NA
CLEC18B	1.7295	9e-04	0.1144	0.8357	NA
CLEC18C	1.5884	6e-04	0.1141	0.9044	NA
CLEC19A	0.2289	-7e-04	0.1199	0.8029	NA
CLEC1A	0.2289	-7e-04	0.1199	0.8029	NA
CLEC2D	44.889	0.027	0.1106	0.2151	0.8781
CLEC2L	0.4578	-0.0013	0.1206	0.6493	NA
CLEC3B	0.2462	-8e-04	0.1199	0.7908	NA
CLEC4A	1.5668	0.004	0.117	0.3813	NA
CLEC4F	12.5479	0.0102	0.1116	0.4213	0.9204
CLEC6A	0.8187	0.0025	0.1212	0.4479	NA
CLGN	168.1419	-0.034	0.1043	0.3207	0.9
CLHC1	27.6071	0.0263	0.1126	0.1338	0.8511
CLIC1	13409.0476	0.0043	0.0939	0.9248	0.9934
CLIC2	2.7512	-2e-04	0.1128	0.9803	NA
CLIC3	220.9598	-0.0062	0.1034	0.8483	0.9866
CLIC4	4384.5389	0.0302	0.0933	0.5152	0.9411
CLIC5	4982.6116	0.1478	0.1283	0.0037	0.4414
CLIC6	1.0348	0.0021	0.1164	0.6008	NA
CLINT1	2595.168	0.0457	0.0939	0.3258	0.9001
CLIP1	1702.2938	0.0441	0.1006	0.2719	0.8904
CLIP2	439.1762	0.0302	0.1009	0.4302	0.9212
CLIP3	27.801	0.0206	0.111	0.2614	0.89
CLIP4	874.1269	0.021	0.0968	0.623	0.9615
CLK1	518.3143	-0.002	0.0971	0.9627	0.9956
CLK2	784.0091	0.1099	0.1118	0.0173	0.6309
CLK2P	1.0458	0.0019	0.117	0.6182	NA
CLK3	790.1157	0.0565	0.0977	0.2015	0.874
CLK4	189.1274	0.0026	0.1023	0.9397	0.9946
CLMN	5.4991	0.0063	0.1131	0.409	0.9187
CLN3	589.6008	-0.0218	0.098	0.5975	0.9572
CLN5	570.5467	-0.0804	0.1026	0.069	0.7804
CLN6	2235.1918	-0.0482	0.0948	0.2933	0.899
CLN8	808.7548	0.0098	0.0964	0.8184	0.985
CLNS1A	1401.7917	-0.0697	0.0969	0.1317	0.8492
CLOCK	782.0288	0.0324	0.0998	0.4161	0.9204
CLP1	394.9053	-0.0204	0.0983	0.6183	0.9593
CLPB	679.0304	0.0599	0.099	0.1694	0.8611
CLPP	1428.8284	-0.0326	0.0972	0.4468	0.9232
CLPS	0.2289	-7e-04	0.1199	0.8029	NA
CLPTM1	3444.5165	0.0474	0.0925	0.3192	0.9
CLPTM1L	4357.7319	0.0295	0.0918	0.535	0.9444
CLPX	1230.1102	0.0521	0.0983	0.2293	0.8834
CLSPN	1033.3274	0.0302	0.0999	0.4436	0.9232
CLSTN1	4062.8344	0.0772	0.0952	0.1068	0.826
CLSTN2	70.9558	0.0253	0.1092	0.294	0.8992
CLSTN3	599.2092	0.0365	0.0984	0.3825	0.9139
CLTA	4623.7676	-0.0493	0.0943	0.2882	0.8971
CLTB	3022.625	-0.0052	0.0946	0.9069	0.9922
CLTC	11738.9574	0.0663	0.0974	0.1446	0.8598
CLTCL1	234.6245	0.0114	0.101	0.7556	0.9788
CLU	5481.1316	-0.023	0.0932	0.6188	0.9593
CLUAP1	544.8609	-0.0028	0.0968	0.9476	0.9956
CLUH	3799.5274	0.0934	0.1032	0.0427	0.7463
CLUHP3	19.6898	0.0186	0.112	0.216	0.8785
CLUL1	0.2301	-7e-04	0.1199	0.8019	NA
CLVS1	2.6789	-0.0042	0.1152	0.4266	NA
CLYBL	23.3663	-0.0114	0.1104	0.5005	0.9355
CMAS	694.0647	-0.0444	0.097	0.31	0.8998
CMBL	1520.6425	-0.0619	0.0947	0.1871	0.8684
CMC1	181.1227	-0.0797	0.1167	0.0274	0.6839
CMC2	743.0684	-0.051	0.1006	0.2147	0.8779
CMC4	149.3136	-0.0344	0.1065	0.2681	0.89
CMIP	1356.1357	0.0735	0.0966	0.1157	0.8296
CMKLR1	1552.365	0.0734	0.1007	0.0966	0.821
CMPK1	2357.1687	-0.0852	0.0962	0.0769	0.8
CMPK2	3.898	-0.0062	0.1133	0.3979	NA
CMSS1	563.7435	-0.0736	0.1023	0.0884	0.8072
CMTM1	20.0043	0.0031	0.1104	0.842	0.986
CMTM2	0.2605	9e-04	0.1202	0.7459	NA
CMTM3	459.2823	-0.0282	0.0983	0.494	0.9337
CMTM4	1837.3906	-0.042	0.0931	0.3707	0.9111
CMTM6	3316.385	-0.0206	0.0932	0.6562	0.969
CMTM7	671.9374	-0.0587	0.102	0.1519	0.8598
CMTM8	305.5439	-0.0377	0.1032	0.2989	0.8992
CMTR1	782.9878	0.0018	0.0972	0.9656	0.9956
CMTR2	540.6282	0.0309	0.0978	0.4629	0.9265
CMYA5	0.971	-0.0016	0.1161	0.6889	NA
CNBP	7171.3171	0.0207	0.091	0.6662	0.969
CNDP1	0.2289	-7e-04	0.1199	0.8029	NA
CNDP2	2690.9161	-0.0087	0.0915	0.855	0.9877
CNEP1R1	397.4835	0.0294	0.0991	0.4678	0.9285
CNFN	7.4866	0.0036	0.1118	0.7161	0.9745
CNGA1	145.6574	0.035	0.1057	0.2816	0.8964
CNGA4	1.1196	-0.0011	0.1151	0.7868	NA
CNGB1	7.1795	0.0067	0.1122	0.4844	0.9322
CNIH1	1719.5533	-0.0357	0.0945	0.4336	0.9227
CNIH2	110.9801	-0.0308	0.1073	0.2882	0.8971
CNIH3	15.739	-0.0185	0.1127	0.1712	0.8611
CNIH4	1377.844	-0.0448	0.0976	0.2996	0.8992
CNKSR1	344.6942	0.0222	0.0998	0.5691	0.9541
CNKSR2	0.2289	-7e-04	0.1199	0.8029	NA
CNKSR3	770.6022	0.0269	0.0971	0.5283	0.942
CNN1	169.3384	-0.0207	0.1037	0.5325	0.9437
CNN2	8734.0896	-0.0113	0.0915	0.8115	0.9849
CNN3	6458.588	-0.0098	0.0915	0.8359	0.9854
CNNM1	0.2605	9e-04	0.1202	0.7459	NA
CNNM2	567.5907	0.0842	0.1039	0.0565	0.7636
CNNM3	1223.5336	0.0411	0.0949	0.3653	0.9102
CNNM4	476.3717	0.0734	0.1045	0.079	0.8052
CNOT1	6270.5884	0.0827	0.1033	0.0612	0.7686
CNOT10	752.8785	0.042	0.0967	0.3383	0.903
CNOT11	1328.7892	-0.0888	0.0988	0.0609	0.7686
CNOT2	962.6376	0.031	0.095	0.4899	0.9324
CNOT3	1912.345	0.0511	0.0933	0.2791	0.8961
CNOT4	448.9022	0.017	0.0982	0.6774	0.9708
CNOT6	1595.9368	0.0934	0.1044	0.0404	0.7463
CNOT6L	652.9086	0.0247	0.0985	0.545	0.9482
CNOT7	2089.0721	-0.0114	0.092	0.8077	0.9839
CNOT8	922.9332	-0.0187	0.0946	0.6759	0.9708
CNP	3240.0762	-0.0224	0.0923	0.633	0.9644
CNPPD1	882.4453	0.0116	0.096	0.7886	0.9836
CNPY2	2071.5286	-0.0398	0.0982	0.3454	0.9054
CNPY3	1376.7674	-0.0169	0.0958	0.6982	0.9722
CNPY4	342.7158	-0.0159	0.0995	0.6838	0.9712
CNST	810.6753	0.0349	0.0963	0.4265	0.9204
CNTD1	14.2852	-0.0022	0.111	0.8663	0.9887
CNTD2	153.1773	-0.0126	0.1045	0.6841	0.9712
CNTF	7.5035	-5e-04	0.1186	0.8635	0.9887
CNTLN	239.557	-0.0402	0.1037	0.2658	0.89
CNTN1	0.5458	0.0016	0.1213	0.5866	NA
CNTNAP1	416.2168	0.0238	0.1012	0.523	0.9416
CNTNAP2	0.4344	-0.0013	0.1205	0.6637	NA
CNTNAP3	5.324	-0.003	0.1122	0.7207	0.9753
CNTNAP3B	5.3439	0.0033	0.1123	0.6904	0.9712
CNTRL	224.2436	0.0276	0.1043	0.4057	0.9185
CNTROB	591.866	0.0176	0.0971	0.6762	0.9708
COA1	652.3446	-0.025	0.0987	0.5384	0.9451
COA3	1168.4688	-0.0545	0.0983	0.2106	0.8773
COA4	1341.5851	-0.0545	0.0997	0.198	0.8721
COA5	363.9014	-0.039	0.1	0.332	0.9014
COA6	404.3314	-0.0603	0.1046	0.1227	0.8315
COA7	429.8907	0.0398	0.1012	0.3071	0.8992
COASY	2287.5211	-0.0027	0.0926	0.9539	0.9956
COBL	3.8394	0.0015	0.1125	0.8346	NA
COBLL1	5518.4363	0.0513	0.0968	0.2495	0.8873
COCH	372.6313	-0.0237	0.0989	0.5556	0.9507
COG1	743.1589	0.1275	0.1186	0.0082	0.5196
COG2	695.5499	0.0087	0.0961	0.84	0.9859
COG3	497.1638	0.0198	0.099	0.6199	0.9602
COG4	1513.1456	-0.0268	0.0932	0.5632	0.952
COG5	624.7087	-0.0435	0.0971	0.3191	0.9
COG6	505.2405	-0.0219	0.0993	0.5806	0.9552
COG7	465.5145	0.0573	0.1011	0.167	0.8611
COG8	739.5675	0.0086	0.0958	0.8432	0.986
COIL	522.3861	-0.0047	0.0968	0.9105	0.9928
COL10A1	0.9606	-0.0011	0.1158	0.781	NA
COL11A1	0.8189	0.0025	0.1212	0.4477	NA
COL11A2	57.8681	-9e-04	0.1073	0.9712	0.9959
COL12A1	13061.8792	0.0927	0.1064	0.0376	0.7463
COL14A1	1.4937	4e-04	0.1142	0.9369	NA
COL15A1	0.2607	9e-04	0.1202	0.7458	NA
COL16A1	7.5379	0.0017	0.1117	0.8673	0.9887
COL17A1	1.5178	4e-04	0.1141	0.9359	NA
COL18A1	19011.7122	0.1394	0.1103	0.0071	0.5153
COL18A1-AS1	7.6682	0.0091	0.1127	0.3369	0.9028
COL1A1	135.1878	0.0658	0.113	0.0514	0.7537
COL1A2	11059.918	0.1035	0.1016	0.032	0.7128
COL20A1	0.24	-7e-04	0.1199	0.7975	NA
COL23A1	1.5808	0.004	0.1171	0.3821	NA
COL24A1	11.4559	-0.0039	0.1113	0.7489	0.9769
COL26A1	2594.7791	0.0404	0.0922	0.3953	0.9174
COL27A1	517.2942	-0.003	0.0968	0.9427	0.9947
COL2A1	375.4642	0.0243	0.1009	0.5189	0.9416
COL3A1	5.6694	-0.0011	0.112	0.8981	0.9907
COL4A1	12927.7138	0.0699	0.1029	0.0971	0.821
COL4A2	14453.1024	0.0834	0.1031	0.0604	0.7686
COL4A2-AS1	0.489	1e-04	0.1193	0.9751	NA
COL4A3	0.2607	9e-04	0.1202	0.7458	NA
COL4A3BP	2402.7747	0.0633	0.1009	0.1371	0.8569
COL4A4	3.5652	0.0047	0.113	0.5121	NA
COL4A5	827.8124	0.0077	0.0988	0.8458	0.9864
COL4A6	11.9536	-0.0129	0.112	0.3025	0.8992
COL5A1	6.4828	-3e-04	0.1118	0.9786	0.9959
COL5A2	12724.1147	0.0639	0.1013	0.131	0.8492
COL5A3	283.2654	0.0528	0.1048	0.1564	0.8598
COL6A1	4482.5612	0.0852	0.0963	0.0767	0.7999
COL6A2	1415.0008	0.0415	0.0944	0.3658	0.9102
COL6A6	0.5458	0.0016	0.1213	0.5866	NA
COL7A1	13.847	-0.0059	0.1111	0.6513	0.9689
COL8A2	5.9726	-0.0019	0.112	0.8371	0.9854
COL9A2	570.8563	-0.0346	0.0975	0.4162	0.9204
COL9A3	44.3148	-0.003	0.1082	0.8929	0.9899
COLEC10	2.2108	-0.0021	0.1133	0.7152	NA
COLEC11	7.761	-0.0071	0.112	0.4885	0.9323
COLEC12	4.2855	0.0035	0.1125	0.6589	NA
COLGALT1	3798.9745	0.0307	0.0916	0.5199	0.9416
COLGALT2	22.3443	0.0204	0.1119	0.2062	0.8751
COLQ	3.0381	0.0024	0.1128	0.7196	NA
COMMD1	325.3588	-0.0096	0.101	0.7933	0.9836
COMMD10	399.4549	0.058	0.1011	0.1634	0.8611
COMMD2	1321.7288	-0.05	0.0943	0.2811	0.8964
COMMD3	169.4771	-0.085	0.1199	0.0191	0.6411
COMMD3-BMI1	94.1355	-0.093	0.8502	6e-04	0.1954
COMMD4	1339.1728	-0.0554	0.0996	0.1924	0.8684
COMMD5	550.1339	-0.0401	0.1012	0.303	0.8992
COMMD6	584.0656	-0.0794	0.1121	0.0397	0.7463
COMMD7	526.2041	-0.0154	0.0979	0.7086	0.9731
COMMD8	577.754	-0.0782	0.1029	0.0729	0.7886
COMMD9	556.4958	-0.0441	0.0991	0.2908	0.8983
COMP	190.46	0.0534	0.1068	0.132	0.8492
COMT	1207.1287	-0.025	0.0979	0.548	0.9489
COMTD1	356.7118	-0.064	0.109	0.0782	0.8033
COPA	5273.0623	0.1028	0.1031	0.031	0.7094
COPB1	3426.3317	0.006	0.0919	0.8981	0.9907
COPB2	4099.6161	0.0435	0.0922	0.3616	0.9102
COPE	3135.0417	-0.011	0.0951	0.8029	0.9839
COPG1	3712.6599	0.0611	0.0928	0.2041	0.8747
COPG2	1542.8037	-0.0039	0.0933	0.9315	0.9937
COPG2IT1	0.7736	0.0011	0.1167	0.7541	NA
COPRS	891.6278	-0.0655	0.1016	0.1223	0.8315
COPS2	1570.8175	-0.0291	0.0934	0.5289	0.9423
COPS3	1454.6818	0.0128	0.0934	0.7806	0.9806
COPS4	1623.4995	-0.0242	0.0935	0.599	0.9572
COPS5	1087.2837	-0.1204	0.1171	0.0105	0.5586
COPS6	2535.1968	-0.0398	0.0956	0.374	0.9119
COPS7A	1303.8246	-0.0137	0.0941	0.7624	0.9791
COPS7B	1268.7276	0.0161	0.0938	0.7242	0.9755
COPS8	983.0639	-0.0177	0.0964	0.6808	0.971
COPZ1	4011.9878	-0.037	0.0938	0.4234	0.9204
COPZ2	131.2583	-0.0411	0.1086	0.1711	0.8611
COQ10A	206.1916	-0.0723	0.1155	0.035	0.7317
COQ10B	618.1595	-0.0368	0.0969	0.3961	0.9176
COQ2	861.5297	-0.0217	0.097	0.61	0.9583
COQ3	244.0985	-0.0058	0.1006	0.8759	0.9899
COQ4	477.3529	-0.0633	0.1041	0.1138	0.8296
COQ5	723.2914	-0.0334	0.098	0.4257	0.9204
COQ6	510.7997	-0.0392	0.0998	0.333	0.9014
COQ7	298.1172	-0.0408	0.1013	0.2949	0.8992
COQ9	1375.9552	-0.0547	0.0956	0.2321	0.8851
CORIN	4.995	-0.0018	0.1122	0.8335	0.9854
CORO1A	75.7294	0.0033	0.1062	0.9029	0.9911
CORO1B	3326.506	-0.0042	0.0929	0.9272	0.9937
CORO1C	3870.991	0.0424	0.0924	0.3712	0.9111
CORO2A	267.8921	0.0016	0.1014	0.9638	0.9956
CORO6	119.5694	-0.0721	0.1176	0.0283	0.6907
CORO7	344.9115	-0.0313	0.0999	0.43	0.9212
CORT	5.7808	0.0031	0.1123	0.7112	0.9731
COTL1	13899.5237	-0.009	0.0924	0.8469	0.9866
COX10	408.8744	0.0159	0.0981	0.6968	0.9722
COX10-AS1	47.6742	0.0161	0.1088	0.4736	0.9312
COX11	827.3718	-0.0339	0.0953	0.4483	0.9232
COX14	516.0704	-0.0563	0.1021	0.1647	0.8611
COX15	1593.7108	0.0603	0.1013	0.1488	0.8598
COX16	869.2773	-0.0729	0.1057	0.0741	0.7897
COX17	293.848	-0.0395	0.1025	0.2921	0.8984
COX18	466.733	-0.014	0.0975	0.7371	0.9761
COX19	383.2888	0.0384	0.0997	0.3433	0.9047
COX20	490.2051	-0.0595	0.1007	0.1579	0.8607
COX4I1	5467.8378	-0.0493	0.0982	0.2529	0.8882
COX5A	2412.1378	-0.0421	0.0965	0.339	0.9032
COX5B	2546.3277	-0.0565	0.0995	0.1863	0.8684
COX6A1	3515.0985	-0.0491	0.0969	0.2674	0.89
COX6B1	2752.5798	-0.0476	0.0971	0.2786	0.8951
COX6B2	0.7627	0.001	0.1175	0.7765	NA
COX6C	2053.6609	-0.0789	0.1052	0.063	0.7689
COX7A1	20.6195	-0.0168	0.1116	0.2698	0.8902
COX7A2	2348.8857	-0.0711	0.1008	0.1045	0.8247
COX7A2L	1618.1418	-0.0681	0.0987	0.1287	0.8461
COX7B	1037.9344	-0.1262	0.1199	0.0081	0.5196
COX7C	3312.1554	-0.0729	0.0985	0.1092	0.8274
COX8A	4408.134	-0.0485	0.0983	0.259	0.89
COX8C	0.24	-7e-04	0.1199	0.7975	NA
CP	1195.5597	0.0105	0.0975	0.8002	0.9839
CPA1	78.3033	-0.0034	0.1072	0.8904	0.9899
CPA2	7.4556	-0.003	0.1118	0.7658	0.9791
CPA3	16.0436	-0.0082	0.1109	0.5677	0.9535
CPA4	75.6276	0.0264	0.1078	0.3305	0.901
CPA5	3.2017	2e-04	0.1127	0.9811	NA
CPAMD8	10.7474	0.0101	0.1119	0.3929	0.9162
CPB1	1.2609	-5e-04	0.1152	0.9099	NA
CPD	4065.8804	0.0579	0.098	0.1898	0.8684
CPE	35.856	-0.0031	0.1088	0.8786	0.9899
CPEB1	20.8698	0.0066	0.1103	0.6849	0.9712
CPEB2	215.4553	0.0292	0.1026	0.4168	0.9204
CPEB3	61.4764	0.034	0.1101	0.1804	0.8633
CPEB4	695.1878	0.0326	0.0989	0.4253	0.9204
CPED1	0.5214	0.0016	0.1212	0.5953	NA
CPLX1	19.7798	-0.0081	0.1105	0.612	0.9585
CPM	7.5572	-0.0126	0.1132	0.2149	0.8781
CPN1	0.7003	-0.0023	0.12	0.4936	NA
CPN2	0.2277	8e-04	0.12	0.7709	NA
CPNE1	1453.9675	0.0832	0.0991	0.0735	0.7897
CPNE2	1662.8955	0.0163	0.0932	0.7244	0.9755
CPNE3	2418.6671	0.0039	0.0949	0.93	0.9937
CPNE4	0.9282	-0.0013	0.1169	0.7143	NA
CPNE7	86.2965	-0.0556	0.115	0.0481	0.7463
CPNE8	549.1043	0.0197	0.0974	0.6376	0.9657
CPOX	827.4559	-0.0025	0.0947	0.9545	0.9956
CPPED1	311.0266	0.006	0.0994	0.8767	0.9899
CPQ	426.4874	-0.0103	0.0976	0.8041	0.9839
CPS1	74.1391	0.0119	0.1075	0.6297	0.964
CPSF1	2586.0837	-0.0095	0.0938	0.835	0.9854
CPSF2	1964.3624	0.0056	0.0942	0.9019	0.991
CPSF3	1223.6349	-0.0478	0.0948	0.2979	0.8992
CPSF3L	1899.6717	0.0068	0.0938	0.8809	0.9899
CPSF4	856.224	-0.0265	0.0953	0.5505	0.9489
CPSF4L	1.1736	-0.0036	0.1215	0.3351	NA
CPSF6	1989.5559	0.0084	0.0921	0.8582	0.9881
CPSF7	2209.3118	0.0764	0.0959	0.1074	0.8262
CPT1A	1958.9679	0.0111	0.0939	0.8071	0.9839
CPT1B	180.3814	0.0011	0.1026	0.9751	0.9959
CPT1C	3.1538	0.0075	0.1162	0.2295	NA
CPT2	705.6648	-0.0101	0.0955	0.8178	0.985
CPVL	3.4667	-0.0025	0.1127	0.7228	NA
CPZ	2.2585	-3e-04	0.1133	0.9625	NA
CR1	0.2291	-7e-04	0.1199	0.8028	NA
CRABP1	4.48	-0.002	0.1124	0.7938	NA
CRABP2	134.1691	-0.0407	0.1073	0.1988	0.8737
CRADD	110.5991	-0.0131	0.1065	0.6305	0.964
CRAMP1L	678.1777	0.0652	0.1044	0.1044	0.8247
CRAT	687.7468	-0.0264	0.0967	0.5387	0.9451
CRB1	1.4403	-0.0032	0.1162	0.4729	NA
CRB2	2538.6402	0.0681	0.0996	0.1232	0.8333
CRB3	93.3167	-0.0169	0.106	0.5545	0.95
CRBN	309.1596	0.0034	0.0997	0.9305	0.9937
CRCP	676.8048	0.0244	0.096	0.5758	0.9552
CREB1	840.196	0.0148	0.0971	0.7254	0.9755
CREB3	2217.7392	-0.0013	0.0934	0.9778	0.9959
CREB3L1	12.9192	-0.0025	0.111	0.8468	0.9866
CREB3L2	3395.842	0.08	0.1012	0.0751	0.7934
CREB3L3	0.2729	9e-04	0.1202	0.7407	NA
CREB3L4	72.6502	-0.038	0.11	0.1594	0.8611
CREB5	0.5002	1e-04	0.1192	0.984	NA
CREBBP	2758.6299	0.101	0.1172	0.017	0.6309
CREBL2	453.7826	-0.0146	0.0976	0.7254	0.9755
CREBRF	132.0739	0.0199	0.1047	0.5265	0.9416
CREBZF	1104.415	0.1478	0.1237	0.0041	0.4591
CREG1	753.8943	-0.0741	0.0999	0.098	0.821
CREG2	0.4894	1e-04	0.1193	0.9703	NA
CRELD1	379.2487	-0.0187	0.1007	0.6192	0.9597
CRELD2	1106.5459	-0.0377	0.0971	0.3821	0.9138
CREM	316.3315	-0.0364	0.1009	0.3499	0.9067
CRHBP	1.44	-0.0045	0.1227	0.2588	NA
CRHR1-IT1	41.2353	-0.0175	0.1095	0.409	0.9187
CRIM1	5942.9702	0.1398	0.1299	0.0043	0.4591
CRIP1	28.7103	-0.0027	0.1096	0.8794	0.9899
CRIP2	3404.9515	-0.036	0.0992	0.3783	0.912
CRIP3	0.9126	-0.0012	0.116	0.7571	NA
CRIPAK	141.6149	0.001	0.1045	0.973	0.9959
CRIPT	232.3832	-0.0488	0.1041	0.1901	0.8684
CRISPLD1	19.7858	0.0017	0.1102	0.9158	0.9932
CRISPLD2	3.948	-7e-04	0.1124	0.9219	NA
CRK	2245.1465	0.0649	0.098	0.1489	0.8598
CRKL	2414.0523	0.0708	0.0978	0.1215	0.8309
CRLF1	16.4677	0.0041	0.1109	0.7641	0.9791
CRLF3	264.3609	-0.002	0.1	0.9584	0.9956
CRLS1	1046.9386	-0.0125	0.0956	0.7756	0.9803
CRMP1	40.5635	0.0058	0.1088	0.7806	0.9806
CRNDE	180.0449	-0.0902	0.1241	0.0128	0.6003
CRNKL1	539.22	0.0562	0.099	0.1927	0.8684
CRNN	0.24	-7e-04	0.1199	0.7975	NA
CROCC	449.2258	0.0714	0.1039	0.0873	0.807
CROCCP2	130.7011	-0.0016	0.1042	0.9583	0.9956
CROCCP3	43.6729	0.034	0.1122	0.1221	0.8315
CROT	1616.5884	-0.0925	0.1003	0.0501	0.7518
CRSP8P	1.8227	0.003	0.1146	0.5542	NA
CRTAP	4468.0301	-0.0022	0.0918	0.9627	0.9956
CRTC1	232.7792	-0.0215	0.1016	0.5559	0.9507
CRTC2	898.1501	0.0849	0.1017	0.0617	0.7686
CRTC3	564.8048	0.0464	0.0986	0.2752	0.8936
CRY1	790.0054	-0.0484	0.097	0.273	0.8919
CRY2	276.1848	0.0388	0.1017	0.3107	0.8998
CRYAB	25.9758	-0.0125	0.1104	0.4719	0.9305
CRYBA1	1.2383	-5e-04	0.1147	0.907	NA
CRYBA2	2.9421	0.0025	0.1132	0.69	NA
CRYBB2P1	84.4504	-0.012	0.1062	0.6646	0.969
CRYBG3	273.0192	0.0483	0.1099	0.1159	0.8296
CRYGN	0.2605	9e-04	0.1202	0.7459	NA
CRYGS	7.4752	0.0116	0.1134	0.225	0.8832
CRYL1	387.3392	-0.0492	0.1012	0.2216	0.8832
CRYM	73.1158	-0.0134	0.1072	0.6007	0.9581
CRYM-AS1	1.4192	-0.0053	0.1227	0.223	NA
CRYZ	1829.11	-0.1242	0.1073	0.0129	0.6007
CRYZL1	350.6709	-0.0174	0.0995	0.6573	0.969
CS	5286.4797	-0.0263	0.0908	0.5852	0.9552
CSAD	42.3221	-0.0029	0.1085	0.8918	0.9899
CSDC2	7.2603	0.0023	0.1117	0.8218	0.9851
CSDE1	10682.9654	-0.0014	0.0904	0.9766	0.9959
CSE1L	4115.4585	0.0163	0.0914	0.7314	0.976
CSF1	2795.5942	-0.0211	0.0932	0.6478	0.9679
CSF1R	0.24	-7e-04	0.1199	0.7975	NA
CSF2RA	271.7011	-0.0151	0.1001	0.6926	0.9715
CSF2RB	1.3521	0.0053	0.1234	0.2174	NA
CSF3R	94.8751	-0.0092	0.1054	0.7494	0.977
CSGALNACT1	14.0559	3e-04	0.1108	0.9814	0.9961
CSGALNACT2	254.0393	0.0269	0.1011	0.4755	0.9312
CSK	2758.2271	0.0293	0.0921	0.5357	0.9444
CSMD3	0.2289	-7e-04	0.1199	0.8029	NA
CSNK1A1	3431.892	0.0911	0.1007	0.0517	0.755
CSNK1D	4808.7522	0.061	0.0926	0.2055	0.8747
CSNK1E	1423.1727	0.0706	0.096	0.1315	0.8492
CSNK1G1	828.5954	0.0319	0.0999	0.4219	0.9204
CSNK1G2	2274.9029	0.054	0.0939	0.2497	0.8873
CSNK1G2-AS1	2.5615	0.0038	0.1139	0.5184	NA
CSNK1G3	609.8446	0.0144	0.0961	0.7397	0.9761
CSNK2A1	2338.7531	0.0518	0.0937	0.2694	0.8901
CSNK2A2	400.2964	0.0366	0.099	0.3736	0.9119
CSNK2A3	8.4878	-0.0011	0.1116	0.9139	0.9932
CSNK2B	3173.667	-0.0561	0.0989	0.1943	0.8697
CSPG4	75.7606	0.0044	0.1075	0.8551	0.9877
CSPG5	296.8208	-0.0457	0.1025	0.2339	0.886
CSPP1	406.578	0.0354	0.1023	0.3396	0.9032
CSRNP1	169.7476	0.0026	0.1024	0.9401	0.9946
CSRNP2	825.5229	0.0614	0.0977	0.1703	0.8611
CSRP1	1290.2789	-0.022	0.0947	0.6232	0.9615
CSRP2	404.7914	-0.0954	0.1197	0.0164	0.6309
CSRP2BP	353.2694	-8e-04	0.0987	0.9846	0.9967
CSRP3	3.0153	0.0022	0.1129	0.7379	NA
CST3	4510.7442	-0.0394	0.097	0.3645	0.9102
CST6	0.24	-7e-04	0.1199	0.7975	NA
CSTA	1.0219	0.0021	0.1164	0.6025	NA
CSTB	4057.3912	-0.0444	0.0971	0.3093	0.8998
CSTF1	486.6634	0.0362	0.0986	0.3845	0.9151
CSTF2	467.7124	0.0249	0.0983	0.5449	0.9482
CSTF2T	661.2122	0.0371	0.0972	0.3882	0.9162
CSTF3	1350.4646	-0.0572	0.0965	0.2062	0.8751
CSTF3-AS1	1.4118	-0.0054	0.1227	0.2182	NA
CSTL1	0.2357	-7e-04	0.1199	0.8023	NA
CTAGE4	21.9395	0.0136	0.1114	0.3556	0.9092
CTAGE5	400.987	0.0019	0.0982	0.9633	0.9956
CTAGE7P	3.5158	0.0034	0.1132	0.5959	NA
CTAGE8	13.5249	-3e-04	0.1109	0.9806	0.9961
CTAGE9	0.24	-7e-04	0.1199	0.7975	NA
CTB-118N6.3	1.8237	0.003	0.1146	0.5495	NA
CTB-178M22.2	4.4547	-0.0098	0.115	0.1963	NA
CTBP1	4155.3327	0.027	0.0916	0.57	0.9544
CTBP1-AS	32.6947	0.0517	0.1234	0.0113	0.5633
CTBP1-AS2	156.4353	0.0051	0.1031	0.8775	0.9899
CTBP2	2425.6794	0.034	0.0928	0.469	0.9289
CTBS	334.9258	-0.0388	0.1005	0.3276	0.9003
CTC-338M12.4	11.2717	-0.0067	0.1115	0.5771	0.9552
CTC1	295.8042	0.0013	0.1037	0.9687	0.9956
CTCF	1977.3068	0.0376	0.0928	0.4228	0.9204
CTD-2127H9.1	0.48	-0.0014	0.1207	0.6399	NA
CTD-2258A20.5	0.2289	-7e-04	0.1199	0.8029	NA
CTD-2297D10.2	1.2382	-6e-04	0.1143	0.8899	NA
CTDNEP1	2596.4379	-0.0113	0.0945	0.7999	0.9839
CTDP1	721.7215	0.0563	0.0974	0.2057	0.8747
CTDSP1	2457.98	0.0155	0.0937	0.7342	0.976
CTDSP2	2296.948	0.0617	0.096	0.1797	0.8633
CTDSPL	2984.3823	-0.0345	0.0918	0.4682	0.9286
CTDSPL2	1001.8223	0.0542	0.103	0.1677	0.8611
CTF1	156.123	-0.1092	0.1379	0.0043	0.4591
CTGF	3481.7128	0.0666	0.0931	0.1674	0.8611
CTH	431.0046	0.0175	0.0981	0.6687	0.9698
CTHRC1	13.3898	-0.0025	0.1111	0.8467	0.9866
CTIF	347.5893	0.0259	0.1013	0.4885	0.9323
CTNNA1	10545.4005	0.0436	0.0911	0.3676	0.9111
CTNNAL1	1619.3672	-0.0394	0.0933	0.3982	0.9184
CTNNB1	7045.7104	0.0042	0.0916	0.9289	0.9937
CTNNBIP1	535.3543	-0.0708	0.1043	0.087	0.807
CTNNBL1	759.1326	0.0086	0.0965	0.8406	0.986
CTNND1	8044.3053	0.0359	0.094	0.4342	0.9227
CTNND2	0.4631	-0.0013	0.1206	0.6497	NA
CTNS	768.386	-0.0626	0.0976	0.1642	0.8611
CTPS1	2446.9026	-0.0406	0.0924	0.3908	0.9162
CTPS2	481.229	-0.0177	0.098	0.6664	0.969
CTR9	1299.9895	0.0357	0.0977	0.3999	0.9185
CTRL	11.4724	-0.0117	0.1121	0.3232	0.9
CTSA	3287.0451	-0.0047	0.0925	0.92	0.9932
CTSB	4236.0802	0.0011	0.0912	0.9808	0.9961
CTSC	2710.7635	-0.033	0.0927	0.4815	0.932
CTSD	8796.4649	0.0199	0.0915	0.6751	0.9708
CTSE	701.0538	0.0135	0.0957	0.7567	0.9789
CTSF	516.7413	-0.0295	0.0988	0.4705	0.9297
CTSH	1532.0299	-0.0418	0.0958	0.3499	0.9067
CTSK	20.1057	-0.0028	0.1102	0.8612	0.9884
CTSL	1709.4157	-0.0319	0.0938	0.487	0.9323
CTSO	34.0445	-0.0181	0.1104	0.3411	0.9036
CTSS	542.2452	-0.0531	0.0986	0.2187	0.8812
CTSV	273.7997	-0.0475	0.1027	0.2164	0.8785
CTSZ	1910.3518	-0.0078	0.094	0.8629	0.9887
CTTN	4664.992	0.0035	0.0907	0.9417	0.9946
CTTNBP2	438.9622	0.0524	0.1019	0.191	0.8684
CTTNBP2NL	938.3354	0.0811	0.1057	0.0568	0.7655
CTU1	398.4116	0.0054	0.1013	0.8812	0.9899
CTU2	726.5289	0.0467	0.0984	0.2746	0.8936
CTXN1	1728.5847	-0.0395	0.0995	0.3338	0.9019
CTXN2	0.96	-0.0029	0.1209	0.4117	NA
CUBN	0.273	0.001	0.1202	0.7406	NA
CUEDC1	1155.2051	0.0762	0.1003	0.0894	0.8072
CUEDC2	1694.1756	-0.019	0.0946	0.6713	0.9701
CUL1	1840.7568	0.0353	0.0932	0.4489	0.9232
CUL2	1112.3527	0.0411	0.0951	0.363	0.9102
CUL3	2551.9442	0.0169	0.0918	0.7205	0.9753
CUL4A	2043.496	0.03	0.0939	0.5134	0.9406
CUL4B	1104.1312	-0.0024	0.0953	0.9562	0.9956
CUL5	1088.1327	0.0302	0.0977	0.4721	0.9307
CUL7	1640.4411	-0.0255	0.0947	0.57	0.9544
CUL9	120.4508	0.0229	0.1073	0.4003	0.9185
CUTA	1999.393	-0.0736	0.1037	0.082	0.807
CUTC	238.446	0.0139	0.1023	0.6898	0.9712
CUX1	1768.451	0.0516	0.0959	0.2547	0.8893
CUZD1	0.2729	9e-04	0.1202	0.7407	NA
CWC15	719.7384	-0.035	0.0986	0.3977	0.9182
CWC22	676.2345	0.0457	0.098	0.2875	0.8971
CWC25	473.4221	0.0036	0.0976	0.9304	0.9937
CWC27	580.4038	0.0307	0.097	0.4736	0.9312
CWF19L1	765.3693	-0.0529	0.098	0.2249	0.8832
CWF19L2	142.2699	-0.0211	0.1044	0.5099	0.9397
CX3CL1	1428.9934	-0.0549	0.0946	0.2375	0.886
CX3CR1	0.2731	0.001	0.1202	0.7405	NA
CXADR	1983.3469	0.0166	0.0947	0.7108	0.9731
CXADRP2	0.2605	9e-04	0.1202	0.7459	NA
CXCL1	18.3428	-0.0411	0.1426	0.0055	0.4962
CXCL10	0.7016	-0.0023	0.12	0.493	NA
CXCL16	635.4765	0.023	0.0961	0.5965	0.9567
CXCL17	2.0181	6e-04	0.1133	0.922	NA
CXCL2	18.976	-0.0185	0.1119	0.225	0.8832
CXCL3	17.7084	-0.0353	0.122	0.018	0.6375
CXCL5	841.0122	-0.1184	0.1107	0.014	0.6102
CXCR2	3.8434	0.0031	0.1126	0.6802	NA
CXCR3	1.0304	0.0039	0.1214	0.3134	NA
CXCR4	7.3491	0.0041	0.1118	0.6844	0.9712
CXCR6	2.2357	-3e-04	0.1131	0.9535	NA
CXorf22	11.2699	0.0031	0.1113	0.7955	0.9839
CXorf23	76.5113	-0.0325	0.1091	0.2203	0.8831
CXorf28	3.2909	0.0017	0.1128	0.8026	NA
CXorf30	8.1535	-0.0023	0.1116	0.8254	0.9853
CXorf38	503.544	-0.0128	0.0987	0.7503	0.977
CXorf40A	144.9794	-2e-04	0.1036	0.9949	0.9991
CXorf40B	404.6431	-0.0018	0.0982	0.9646	0.9956
CXorf49B	0.2605	9e-04	0.1202	0.7459	NA
CXorf56	486.2144	-0.012	0.0995	0.758	0.9789
CXorf57	4.7426	3e-04	0.1121	0.976	0.9959
CXorf58	3.0726	0.0036	0.1135	0.5557	NA
CXorf64	1.2634	-5e-04	0.1152	0.9116	NA
CXXC1	1192.1485	-0.0199	0.0957	0.6495	0.9682
CXXC5	1818.0501	0.0311	0.0928	0.5061	0.9386
CYB561	570.7728	-0.0294	0.097	0.4917	0.9331
CYB561A3	529.5898	-0.1352	0.1342	0.0041	0.4591
CYB561D1	274.747	0.0289	0.1008	0.4495	0.9232
CYB561D2	386.64	-0.0343	0.1021	0.3564	0.9092
CYB5A	1425.7796	-0.0444	0.0987	0.2916	0.8984
CYB5B	3469.6843	-0.0245	0.0921	0.6032	0.9581
CYB5D1	402.1496	-0.0316	0.0987	0.4417	0.9232
CYB5D2	282.6431	-0.0507	0.1031	0.188	0.8684
CYB5R1	589.8833	-0.0215	0.0975	0.6077	0.9581
CYB5R2	493.347	-0.0471	0.0995	0.2584	0.89
CYB5R3	4976.848	0.0222	0.0924	0.6352	0.9654
CYB5R4	260.8594	-0.0032	0.1001	0.9328	0.994
CYB5RL	83.5946	-0.0105	0.107	0.6807	0.971
CYBA	4272.1007	-0.0382	0.0984	0.3626	0.9102
CYBB	0.5463	0.0016	0.1213	0.5864	NA
CYBRD1	79.6689	-0.0119	0.1069	0.6475	0.9679
CYC1	4861.4034	-0.0508	0.0942	0.2753	0.8936
CYCS	3971.017	-0.084	0.0977	0.076	0.7986
CYFIP1	2767.3225	0.0674	0.094	0.1586	0.8611
CYFIP2	3961.5289	0.0557	0.0932	0.2414	0.886
CYGB	1030.6609	-0.045	0.0973	0.302	0.8992
CYHR1	771.9593	-0.0404	0.0984	0.3378	0.903
CYLC1	0.2289	-7e-04	0.1199	0.8029	NA
CYLD	459.5053	-0.0217	0.0992	0.5849	0.9552
CYP11A1	0.8072	0.0029	0.1206	0.4102	NA
CYP17A1	0.2605	9e-04	0.1202	0.7459	NA
CYP1A1	1697.5893	0.1426	0.1162	0.0056	0.4962
CYP1A2	57.8441	-0.0229	0.1086	0.3534	0.908
CYP1B1	196.2113	0.0621	0.1083	0.0881	0.8072
CYP1B1-AS1	9.2011	-5e-04	0.1114	0.9643	0.9956
CYP20A1	465.5855	-0.0201	0.0979	0.6266	0.9634
CYP21A1P	0.6867	-0.0019	0.1209	0.5405	NA
CYP21A2	0.4688	-0.0014	0.1206	0.6446	NA
CYP26A1	94.7123	0.0281	0.1069	0.3351	0.9028
CYP26B1	19.4328	0.026	0.1135	0.1005	0.821
CYP27A1	64.9187	-0.0099	0.1076	0.6843	0.9712
CYP27B1	17.685	-0.0017	0.1104	0.9099	0.9927
CYP27C1	15.3136	-0.0091	0.1113	0.497	0.935
CYP2B6	25.9109	-0.0187	0.1113	0.2701	0.8902
CYP2C18	260.2269	-0.021	0.101	0.5734	0.9544
CYP2C19	3.0673	0.0023	0.113	0.718	NA
CYP2C8	1.1973	-0.0024	0.1161	0.5642	NA
CYP2C9	12.3872	0.008	0.1114	0.5328	0.9439
CYP2D6	13.3304	-0.0044	0.1114	0.7041	0.9724
CYP2D7P	10.3857	0.0059	0.1115	0.6105	0.9583
CYP2E1	1.1446	-0.0035	0.1214	0.3425	NA
CYP2J2	4.3834	-0.0103	0.1179	0.1368	NA
CYP2R1	58.6043	5e-04	0.1074	0.9823	0.9961
CYP2S1	11.0719	0.0038	0.1113	0.7539	0.9783
CYP2U1	829.7587	-0.018	0.0965	0.6749	0.9708
CYP2W1	305.6536	-0.0477	0.103	0.2121	0.8773
CYP39A1	9.0077	-0.0024	0.1115	0.827	0.9853
CYP3A5	12.7571	0.0093	0.1115	0.46	0.9261
CYP46A1	1.0117	-2e-04	0.1158	0.965	NA
CYP4B1	28.4066	-0.0207	0.111	0.2617	0.89
CYP4F11	795.3591	0.0361	0.0969	0.4049	0.9185
CYP4F12	0.9591	-2e-04	0.1154	0.9565	NA
CYP4F2	1.6434	-0.0064	0.1246	0.1669	NA
CYP4F22	4.7651	0.0018	0.1123	0.8194	0.985
CYP4F3	7.2522	0.0018	0.1117	0.8597	0.9881
CYP4V2	288.8227	-0.075	0.1073	0.0627	0.7689
CYP4X1	0.4687	-0.0013	0.1206	0.6447	NA
CYP51A1	1156.4963	0.0093	0.0938	0.8386	0.9856
CYP8B1	6.0267	0.0013	0.1119	0.8849	0.9899
CYR61	4616.5699	0.0516	0.0919	0.284	0.8965
CYS1	6.402	-0.0018	0.1119	0.8417	0.986
CYSLTR2	0.2289	-7e-04	0.1199	0.8029	NA
CYSTM1	1160.55	-0.0377	0.0982	0.3709	0.9111
CYTH1	424.7823	-0.0077	0.098	0.8497	0.987
CYTH2	1341.9392	0.0153	0.0935	0.7377	0.9761
CYTH3	2012.8241	0.1085	0.1066	0.0223	0.6512
CYTIP	0.24	-7e-04	0.1199	0.7975	NA
CYTL1	0.2311	-7e-04	0.1199	0.8011	NA
D2HGDH	250.2034	-0.0289	0.1013	0.4423	0.9232
DAAM1	370.8163	0.0165	0.0992	0.6773	0.9708
DAAM2	1.463	-0.0011	0.1149	0.8051	NA
DAB1	61.1413	0.0069	0.1073	0.7783	0.9806
DAB2	5.0135	-5e-04	0.1122	0.9496	0.9956
DAB2IP	1825.6316	0.0575	0.0988	0.1856	0.8684
DACH1	157.0289	-0.0013	0.1035	0.969	0.9956
DACT1	6.0357	0.0014	0.1119	0.8795	0.9899
DACT2	31.9785	0.0057	0.1093	0.7673	0.9791
DACT3	91.5459	-0.0294	0.1086	0.2684	0.89
DAD1	2870.9825	-0.0398	0.0961	0.3695	0.9111
DAG1	19306.0592	0.0888	0.1001	0.0578	0.7658
DAGLA	896.5288	0.0878	0.1091	0.0378	0.7463
DAGLB	390.8326	0.0265	0.0991	0.5103	0.9397
DAK	730.191	0.0099	0.0954	0.8224	0.9851
DALRD3	562.4222	0.0292	0.098	0.4829	0.932
DANCR	1381.1474	-0.0983	0.1056	0.0324	0.7128
DAND5	0.4899	1e-04	0.1193	0.9709	NA
DAO	27.6638	0.0099	0.1098	0.5894	0.9555
DAP	2055.0555	-0.0205	0.0927	0.6607	0.969
DAP3	1959.8081	-0.0124	0.0936	0.7865	0.9829
DAPK1	9854.4062	0.2036	0.164	6e-04	0.1888
DAPK2	14.2136	7e-04	0.1108	0.9616	0.9956
DAPK3	1621.1674	0.0351	0.0938	0.4462	0.9232
DAPP1	10.2697	-0.009	0.1118	0.4463	0.9232
DARS	1310.1687	-0.0249	0.0938	0.5866	0.9552
DARS2	775.233	0.0116	0.097	0.7826	0.9811
DAXX	1581.9861	-0.0349	0.0936	0.4507	0.9232
DAZAP1	5137.2954	0.015	0.0912	0.7533	0.9783
DAZAP2	2827.444	-0.0063	0.0919	0.8932	0.9899
DBF4	632.0593	-0.0396	0.0972	0.3595	0.9097
DBF4B	492.3672	0.0527	0.0999	0.2095	0.8773
DBH-AS1	0.5334	0.0017	0.1207	0.5726	NA
DBI	1736.0363	-0.067	0.0974	0.1415	0.8598
DBIL5P	11.0481	0.0037	0.1113	0.7601	0.9791
DBIL5P2	0.2733	0.001	0.1202	0.7403	NA
DBN1	5550.2623	0.0177	0.0914	0.7104	0.9731
DBNDD1	658.7316	-0.033	0.0968	0.4452	0.9232
DBNDD2	256.6464	-0.0221	0.1013	0.5518	0.9489
DBNL	2073.4709	-0.0372	0.0932	0.4255	0.9204
DBP	194.6277	-0.0351	0.1043	0.3077	0.8996
DBR1	527.3826	-0.0026	0.0966	0.9515	0.9956
DBT	440.2635	-0.0021	0.0995	0.9565	0.9956
DCAF10	927.6435	0.0754	0.1041	0.0754	0.7962
DCAF11	981.3746	-0.0392	0.0951	0.3849	0.9152
DCAF12	1737.0226	0.0455	0.0942	0.3249	0.9001
DCAF12L1	2.539	0.0024	0.1131	0.7017	NA
DCAF13	1433.5243	-0.0085	0.0945	0.8499	0.987
DCAF13P3	0.8071	0.0029	0.1206	0.4103	NA
DCAF15	849.8547	0.0023	0.0951	0.958	0.9956
DCAF16	640.3579	0.0092	0.0965	0.8291	0.9854
DCAF17	404.5615	0.0468	0.1019	0.2324	0.8851
DCAF4	142.8937	0.0304	0.1047	0.3565	0.9092
DCAF4L1	2.8867	0.0084	0.1218	0.1389	NA
DCAF5	914.6831	-0.0036	0.0969	0.9327	0.994
DCAF6	1467.2229	-0.0049	0.0932	0.9154	0.9932
DCAF7	2803.4401	0.0507	0.0987	0.2364	0.886
DCAF8	1459.4058	-0.0266	0.0934	0.5648	0.9526
DCAF8L2	0.2731	0.001	0.1202	0.7404	NA
DCAKD	855.7748	-0.0373	0.0965	0.394	0.9169
DCBLD1	486.9534	0.0803	0.1056	0.0588	0.7686
DCBLD2	1924.4029	0.0324	0.0968	0.4532	0.9241
DCC	6.0792	0.0047	0.1121	0.6151	0.959
DCDC1	0.4903	1e-04	0.1193	0.9708	NA
DCDC2	1956.2885	0.0051	0.0939	0.9098	0.9927
DCHS1	11.6561	0.0157	0.1132	0.1746	0.8611
DCK	794.55	-0.0315	0.0958	0.4762	0.9312
DCLK1	1.042	-0.0019	0.1171	0.6056	NA
DCLK2	255.3472	0.0706	0.1079	0.0691	0.7804
DCLRE1A	602.2404	0.0438	0.0994	0.2901	0.8979
DCLRE1B	391.9168	0.0393	0.1002	0.3261	0.9001
DCLRE1C	208.4409	0.0164	0.1051	0.5869	0.9552
DCP1A	785.2995	0.0706	0.1025	0.0973	0.821
DCP1B	311.5659	-0.0314	0.1001	0.4252	0.9204
DCP2	1862.123	0.0128	0.093	0.7813	0.9806
DCPS	263.9277	-0.0099	0.1007	0.7891	0.9836
DCST1	1.1944	-0.0037	0.1216	0.3275	NA
DCST2	63.3925	-0.021	0.108	0.4068	0.9185
DCTD	1347.6555	-0.0386	0.0945	0.3971	0.9182
DCTN1	3724.879	0.0509	0.093	0.2828	0.8965
DCTN2	1003.5972	-0.0151	0.0948	0.7354	0.976
DCTN3	748.2202	-0.0617	0.0999	0.1525	0.8598
DCTN4	1049.6341	0.0143	0.0951	0.746	0.9761
DCTN5	1796.9703	0.0449	0.0962	0.3136	0.9
DCTN6	671.3608	-0.0113	0.0976	0.7839	0.9821
DCTPP1	1472.76	-0.075	0.1008	0.0913	0.8092
DCUN1D1	686.7588	-0.0013	0.097	0.9759	0.9959
DCUN1D2	193.1587	0.0184	0.102	0.6061	0.9581
DCUN1D3	228.8543	0.016	0.1012	0.6629	0.969
DCUN1D4	839.8907	-0.0063	0.0954	0.8865	0.9899
DCUN1D5	862.8733	-0.0318	0.097	0.458	0.9255
DCXR	746.4835	-0.0692	0.1042	0.0927	0.814
DDA1	1383.1686	-0.0019	0.0959	0.9646	0.9956
DDAH1	2449.9546	0.027	0.0923	0.5662	0.9531
DDAH2	2642.8014	-0.0272	0.095	0.5428	0.9465
DDB1	6558.4596	0.0678	0.0948	0.1519	0.8598
DDB2	587.7966	-0.0817	0.1062	0.054	0.759
DDC	2.2064	-0.0019	0.1136	0.7313	NA
DDHD1	640.821	0.0863	0.1086	0.0409	0.7463
DDHD2	792.3299	0.07	0.1005	0.1104	0.8281
DDI1	0.2294	-7e-04	0.1199	0.8025	NA
DDI2	223.4686	0.0047	0.1119	0.6408	0.9658
DDIT3	113.3046	0.008	0.1047	0.7906	0.9836
DDIT4	3726.9692	0.0458	0.0929	0.3329	0.9014
DDIT4L	1.6805	-0.004	0.1167	0.3948	NA
DDN	13.872	0.0093	0.1114	0.4749	0.9312
DDO	7.146	-0.0034	0.1119	0.7235	0.9755
DDOST	7669.7424	0.0238	0.0909	0.6211	0.961
DDR1	4329.7228	0.0836	0.0956	0.0834	0.807
DDR2	954.7147	0.1431	0.1452	0.0024	0.3759
DDRGK1	939.1842	-0.0213	0.0974	0.6119	0.9585
DDT	1071.5147	-0.0651	0.1013	0.1258	0.8409
DDTL	37.8738	-0.0071	0.1092	0.7164	0.9747
DDX1	3043.9565	0.0098	0.0914	0.8359	0.9854
DDX10	687.1814	0.0052	0.0967	0.9025	0.9911
DDX11	1021.648	0.0109	0.0941	0.8094	0.9843
DDX11-AS1	15.5394	-0.0084	0.111	0.5584	0.9508
DDX11L1	0.2732	0.001	0.1202	0.7404	NA
DDX11L2	8.455	-0.0013	0.1115	0.9054	0.9921
DDX11L5	0.4578	-0.0013	0.1206	0.6493	NA
DDX12P	209.8154	0.0135	0.1015	0.7073	0.9725
DDX17	6140.0187	-2e-04	0.092	0.9966	0.9991
DDX18	2749.9519	0.0352	0.093	0.4514	0.9232
DDX19A	2145.1209	0.0358	0.0927	0.4466	0.9232
DDX19B	461.3236	0.014	0.0987	0.7265	0.9758
DDX20	577.827	0.0395	0.0992	0.3367	0.9028
DDX21	6885.6835	0.078	0.1004	0.0834	0.807
DDX23	3181.8286	0.0848	0.0976	0.0738	0.7897
DDX24	2542.0833	0.0245	0.0934	0.5958	0.9565
DDX26B	84.0311	-0.0026	0.1057	0.9274	0.9937
DDX27	1165.7137	-2e-04	0.0941	0.9964	0.9991
DDX28	334.8143	0.0166	0.0997	0.6694	0.9698
DDX31	684.6197	0.1224	0.1184	0.0095	0.5526
DDX39A	2102.5258	0.0084	0.0937	0.8532	0.9876
DDX39B	5100.465	-0.0833	0.0969	0.0804	0.8068
DDX3X	11899.782	0.0468	0.095	0.3062	0.8992
DDX4	0.4817	-0.0014	0.1207	0.6389	NA
DDX41	1771.1315	0.0516	0.0943	0.267	0.89
DDX42	2754.567	0.0988	0.1019	0.0374	0.7463
DDX46	2364.0105	-0.005	0.096	0.9078	0.9922
DDX47	1837.684	0.0472	0.0932	0.3166	0.9
DDX49	1614.3047	3e-04	0.0945	0.9941	0.9989
DDX5	6926.3447	-0.0231	0.0906	0.632	0.9641
DDX50	1109.0589	-0.0353	0.0943	0.4393	0.923
DDX51	454.1145	0.0693	0.1027	0.1007	0.821
DDX52	1222.4508	0.074	0.097	0.1121	0.8283
DDX54	3276.1983	0.0893	0.0969	0.0644	0.7718
DDX55	535.5277	0.032	0.0972	0.454	0.9245
DDX56	2268.1065	0.0178	0.0926	0.7021	0.9724
DDX58	147.2405	-0.0202	0.1045	0.5234	0.9416
DDX59	361.985	-0.008	0.0985	0.8424	0.986
DDX6	2789.1414	0.0431	0.0973	0.3205	0.9
DDX60	25.0602	-0.0044	0.1099	0.7994	0.9839
DDX60L	15.207	0.0036	0.1108	0.801	0.9839
DEAF1	741.2695	-0.0231	0.0957	0.5989	0.9572
DECR1	1749.8275	-0.0714	0.0985	0.1154	0.8296
DECR2	170.0941	-0.0214	0.1038	0.5178	0.9416
DEDD	586.5311	0.0063	0.0965	0.8828	0.9899
DEDD2	795.0257	-0.0449	0.0978	0.2966	0.8992
DEF6	397.2943	0.0118	0.0982	0.7711	0.9796
DEF8	1071.2745	0.0053	0.0951	0.9044	0.9916
DEFB1	59.2505	-0.0085	0.1077	0.7203	0.9753
DEGS1	1770.1079	-0.0187	0.0927	0.6881	0.9712
DEGS2	0.9346	-0.0033	0.1203	0.3755	NA
DEK	6352.7067	-0.0111	0.0908	0.817	0.985
DENND1A	980.2464	-0.0481	0.0954	0.2896	0.8971
DENND1B	138.4728	0.0365	0.1089	0.1938	0.8694
DENND1C	16.9004	-8e-04	0.1108	0.9557	0.9956
DENND2A	173.5614	-0.0099	0.1025	0.7725	0.9796
DENND2C	10.2112	0.0032	0.1115	0.7763	0.9805
DENND2D	241.8368	0.0081	0.1008	0.826	0.9853
DENND3	570.2006	0.0724	0.104	0.084	0.807
DENND4A	204.4732	0.0163	0.1024	0.6403	0.9658
DENND4B	1461.3679	0.0939	0.1	0.048	0.7463
DENND4C	812.5347	0.0165	0.0987	0.6807	0.971
DENND5A	2014.7791	0.0825	0.0999	0.0726	0.7886
DENND5B	936.3383	0.0243	0.0996	0.5378	0.9449
DENND5B-AS1	0.2749	0.001	0.1202	0.7388	NA
DENND6A	643.91	0.0415	0.0976	0.3345	0.9022
DENND6B	73.3272	-0.0066	0.1066	0.8013	0.9839
DENR	1838.341	-0.0204	0.0929	0.6608	0.969
DEPDC1	1033.6185	-0.0197	0.0955	0.6542	0.969
DEPDC1B	824.6857	-0.02	0.0949	0.6535	0.969
DEPDC4	8.9249	3e-04	0.1116	0.9778	0.9959
DEPDC5	210.3732	0.0057	0.1014	0.8734	0.9894
DEPDC7	20.701	-0.0217	0.1125	0.1635	0.8611
DEPTOR	51.7064	0.0058	0.1077	0.8058	0.9839
DERA	598.1044	-0.1104	0.1116	0.0172	0.6309
DERL1	1228.3458	7e-04	0.0936	0.9878	0.9972
DERL2	590.352	6e-04	0.0976	0.9883	0.9972
DERL3	7.6669	-0.0021	0.1118	0.8365	0.9854
DES	7.3681	-0.0049	0.1119	0.6278	0.9634
DESI1	1014.673	-0.0799	0.0991	0.0828	0.807
DESI2	1737.4102	-0.0106	0.0929	0.8191	0.985
DET1	123.6743	-0.0024	0.1042	0.9393	0.9946
DEXI	545.797	-0.0342	0.1013	0.3709	0.9111
DFFA	1393.8177	0.0501	0.0954	0.2716	0.8904
DFFB	132.2278	-1e-04	0.1036	0.9964	0.9991
DFNA5	75.3463	-0.008	0.1065	0.7633	0.9791
DFNB31	143.1286	-0.0682	0.1141	0.0434	0.7463
DFNB59	15.2835	-0.015	0.1119	0.2793	0.8961
DGAT1	744.4717	-0.0522	0.0974	0.2369	0.886
DGAT2	30.4008	-0.0362	0.1148	0.058	0.7674
DGCR10	5.8782	-0.0031	0.1122	0.7146	0.9742
DGCR11	117.9387	0.0381	0.1069	0.2253	0.8832
DGCR14	627.1974	0.0368	0.0968	0.396	0.9176
DGCR2	4249.377	0.0899	0.0986	0.059	0.7686
DGCR5	898.8691	-0.0161	0.0949	0.7176	0.9751
DGCR6	70.6382	-0.0121	0.1159	0.1382	0.8585
DGCR6L	837.5697	-0.0416	0.0982	0.3276	0.9003
DGCR8	903.9541	-0.0561	0.0962	0.2165	0.8785
DGCR9	37.8012	4e-04	0.1091	0.9819	0.9961
DGKA	756.4	0.0234	0.0956	0.5951	0.9562
DGKB	2.7556	0.0015	0.1128	0.819	NA
DGKD	1249.1394	0.0917	0.1054	0.0408	0.7463
DGKE	311.701	0.1495	0.1506	0.0019	0.3514
DGKG	0.2289	-7e-04	0.1199	0.8029	NA
DGKH	80.4328	0.0409	0.1124	0.0974	0.821
DGKI	0.2729	9e-04	0.1202	0.7407	NA
DGKQ	495.8232	0.0272	0.0982	0.5096	0.9397
DGKZ	1110.0553	0.023	0.0945	0.6101	0.9583
DGUOK	717.5609	-0.0115	0.099	0.771	0.9796
DGUOK-AS1	0.5072	1e-04	0.1191	0.9859	NA
DHCR24	3982.6473	0.0554	0.0938	0.2397	0.886
DHCR7	1037.9962	0.0078	0.0942	0.863	0.9887
DHDDS	1457.0231	0.1101	0.1077	0.0202	0.6425
DHDH	1.9092	-0.0048	0.117	0.3334	NA
DHFR	3487.1287	-0.0674	0.0961	0.147	0.8598
DHFRL1	72.4649	-0.0285	0.1088	0.2713	0.8904
DHH	2.5274	0.0024	0.1131	0.7057	NA
DHODH	223.6716	-0.0499	0.1062	0.1564	0.8598
DHPS	809.1648	-0.0703	0.0988	0.1183	0.8305
DHRS1	67.573	-0.0159	0.108	0.5122	0.9403
DHRS11	134.7613	-0.1314	0.1647	9e-04	0.2549
DHRS12	24.4097	-0.02	0.1114	0.2479	0.8873
DHRS13	599.9045	-0.0524	0.0988	0.2218	0.8832
DHRS2	14.5753	0.0107	0.1114	0.4268	0.9205
DHRS3	385.1927	-0.0823	0.111	0.0396	0.7463
DHRS4	555.1415	-0.0255	0.0993	0.5236	0.9416
DHRS4-AS1	205.4395	-0.0315	0.1031	0.3736	0.9119
DHRS4L1	7.2656	-0.0048	0.112	0.6134	0.9588
DHRS4L2	355.7847	-0.0408	0.1041	0.2523	0.8881
DHRS7	323.8387	-0.0269	0.0997	0.4958	0.9347
DHRS7B	265.2651	-0.033	0.1013	0.3869	0.9162
DHRSX	664.7748	-0.003	0.0983	0.9407	0.9946
DHTKD1	730.6356	0.014	0.0985	0.7282	0.9758
DHX15	5206.021	0.061	0.0932	0.2022	0.874
DHX16	1530.4497	0.0608	0.0951	0.1914	0.8684
DHX29	950.4483	0.0288	0.0971	0.4989	0.9355
DHX30	3956.4199	0.0564	0.0925	0.2403	0.886
DHX32	291.5631	-0.0091	0.0998	0.8125	0.985
DHX33	1035.6966	0.0592	0.1013	0.1552	0.8598
DHX34	887.3147	0.092	0.1028	0.0456	0.7463
DHX35	300.662	0.0158	0.1011	0.6683	0.9698
DHX36	1155.4026	0.0369	0.0964	0.3999	0.9185
DHX37	1812.1217	0.1119	0.1062	0.0202	0.6425
DHX38	2131.7275	0.0807	0.0966	0.0894	0.8072
DHX40	905.1432	0.0103	0.0953	0.8146	0.985
DHX57	541.2601	0.0454	0.1004	0.263	0.89
DHX58	36.4185	-0.0122	0.1093	0.5483	0.9489
DHX8	1553.9868	0.0888	0.1065	0.0424	0.7463
DHX9	6349.0306	0.0131	0.0917	0.7823	0.9811
DIABLO	1249.7197	-0.0192	0.0967	0.6523	0.969
DIAPH1	3854.9613	0.0546	0.0965	0.226	0.8832
DIAPH2	369.3709	-0.0316	0.0994	0.4334	0.9227
DIAPH3	1018.5977	-0.0153	0.0959	0.7252	0.9755
DIAPH3-AS1	0.5521	0.0016	0.1213	0.5836	NA
DICER1	1745.0006	0.0416	0.1017	0.2823	0.8964
DICER1-AS1	0.9407	-0.0033	0.1204	0.3763	NA
DIDO1	1881.2214	0.0976	0.1115	0.0249	0.6675
DIEXF	514.7926	0.0425	0.101	0.282	0.8964
DIMT1	647.0089	-0.02	0.0961	0.6441	0.9672
DIO1	0.7508	-6e-04	0.1173	0.8463	NA
DIO3	0.2608	9e-04	0.1202	0.7457	NA
DIO3OS	0.24	-7e-04	0.1199	0.7975	NA
DIP2A	1499.3481	0.0991	0.1094	0.0266	0.6814
DIP2B	1952.0434	0.1069	0.116	0.0156	0.6309
DIP2C	628.8191	0.0779	0.1054	0.0641	0.7718
DIRAS1	167.1311	0.0224	0.1034	0.508	0.9397
DIRAS2	51.0354	0.0314	0.1107	0.1789	0.8627
DIRAS3	1.441	-0.0032	0.1162	0.4734	NA
DIRC2	783.3967	0.0035	0.0949	0.9364	0.9945
DIRC3	0.2289	-7e-04	0.1199	0.8029	NA
DIS3	1425.8445	0.0721	0.0991	0.1095	0.8274
DIS3L	594.6222	0.0195	0.0979	0.6368	0.9657
DIS3L2	401.5198	0.0412	0.1	0.3081	0.8998
DISC1	9.2589	-0.0149	0.1157	0.1099	0.8276
DISP1	160.2286	0.0063	0.1027	0.8513	0.9872
DISP2	77.8553	-0.0179	0.1071	0.5021	0.9367
DIXDC1	131.7524	-0.0309	0.1058	0.3249	0.9001
DKC1	2573.0503	0.0569	0.0931	0.2324	0.8851
DKFZP434A062	0.4789	-0.0014	0.1207	0.6405	NA
DKFZP434F142	0.2731	0.001	0.1202	0.7404	NA
DKFZP434I0714	98.4579	0.0059	0.105	0.8418	0.986
DKFZP434K028	0.732	-6e-04	0.1174	0.8508	NA
DKFZP434L187	0.48	-0.0014	0.1207	0.6399	NA
DKFZP586I1420	64.4066	-0.01	0.1073	0.6874	0.9712
DKFZp686L13185	2.9977	0.0038	0.1136	0.5356	NA
DKFZp779M0652	2.6474	-0.0035	0.1134	0.5687	NA
DKK1	1.2726	0.0011	0.1147	0.7999	NA
DKK3	20.856	-0.0048	0.1102	0.7666	0.9791
DKKL1	3.8251	0.0026	0.1126	0.7219	NA
DLAT	1920.0095	0.0037	0.0936	0.9351	0.9943
DLC1	3207.8529	0.0895	0.1037	0.0477	0.7463
DLD	2746.8815	0.0072	0.0915	0.8786	0.9899
DLEC1	1.549	-5e-04	0.1146	0.9075	NA
DLEU1	213.3575	-0.0641	0.11	0.0712	0.7848
DLEU2	12.0115	-0.0094	0.1115	0.4572	0.9254
DLEU2L	2.5358	0.0034	0.114	0.5484	NA
DLEU7	0.506	0.0015	0.121	0.6067	NA
DLG1	2258.0566	0.0417	0.097	0.3389	0.903
DLG1-AS1	4.045	0.0026	0.1124	0.7379	NA
DLG3	789.9989	0.0011	0.0956	0.9794	0.9961
DLG4	182.6861	0.0304	0.1036	0.3803	0.9133
DLG5	2136.5499	0.0633	0.1014	0.1335	0.8498
DLG5-AS1	10.7634	0.0154	0.1128	0.1975	0.8721
DLGAP1	12.5282	0.0026	0.1111	0.839	0.9856
DLGAP1-AS1	33.8704	0.0076	0.1091	0.7025	0.9724
DLGAP3	17.7348	-0.0138	0.1113	0.3591	0.9094
DLGAP4	1147.4464	0.0327	0.094	0.475	0.9312
DLGAP5	1155.0462	-0.0225	0.0948	0.6155	0.959
DLK2	25.2363	-0.0334	0.1151	0.0548	0.7614
DLL1	2.0855	-0.0052	0.117	0.3058	NA
DLL3	104.3281	-0.0068	0.1049	0.8188	0.985
DLL4	1.6868	-0.004	0.1165	0.3921	NA
DLST	1936.8409	0.0605	0.0942	0.2	0.874
DLX1	77.4866	0.0089	0.1062	0.7449	0.9761
DLX2	55.3008	0.005	0.1075	0.8364	0.9854
DLX3	12.9852	0.001	0.111	0.939	0.9946
DLX4	12.2787	-0.0213	0.1146	0.0888	0.8072
DLX5	519.9254	-0.0176	0.0979	0.6688	0.9698
DLX6	216.175	-0.0256	0.1029	0.465	0.9276
DLX6-AS1	32.3908	-0.0184	0.1104	0.3342	0.9022
DMAP1	523.6432	-0.0221	0.0989	0.5829	0.9552
DMBX1	3.2933	-0.0092	0.1225	0.1198	NA
DMC1	8.4143	-0.0027	0.1116	0.8026	0.9839
DMD	2.9913	-9e-04	0.1127	0.8932	NA
DMKN	219.1526	-0.0498	0.1066	0.1513	0.8598
DMP1	1.0549	0.004	0.1215	0.3051	NA
DMPK	363.0012	-0.0352	0.1002	0.3744	0.9119
DMRT1	0.7189	-6e-04	0.1175	0.8484	NA
DMRT2	0.48	-0.0014	0.1207	0.6399	NA
DMRT3	0.5458	0.0016	0.1213	0.5866	NA
DMRTA1	43.8525	-0.0119	0.1086	0.5888	0.9555
DMRTA2	6.3638	0.0038	0.112	0.6856	0.9712
DMRTC2	0.2729	9e-04	0.1202	0.7407	NA
DMTF1	489.3975	0.0128	0.0976	0.7576	0.9789
DMTN	371.3241	-0.0308	0.1	0.4355	0.9227
DMWD	709.8253	-0.0144	0.0954	0.7441	0.9761
DMXL1	622.2451	0.0678	0.1069	0.0812	0.807
DMXL2	359.9928	0.0367	0.1034	0.3064	0.8992
DNA2	528.3329	0.0191	0.097	0.6523	0.969
DNAAF2	321.718	-0.0266	0.1001	0.4952	0.9344
DNAAF3	77.344	-0.0195	0.1071	0.4682	0.9286
DNAH1	69.984	0.0549	0.1157	0.0434	0.7463
DNAH10	20.1136	0.0038	0.1103	0.8105	0.9845
DNAH11	1.7989	0.0011	0.1139	0.8199	NA
DNAH12	0.2605	9e-04	0.1202	0.7459	NA
DNAH14	50.0173	-0.0217	0.1093	0.3437	0.905
DNAH17	11.053	0.0103	0.112	0.3776	0.9119
DNAH2	0.5336	0.0017	0.1207	0.5725	NA
DNAH3	15.2967	-0.0101	0.1113	0.462	0.9265
DNAH5	14.9248	-1e-04	0.1107	0.9943	0.999
DNAH6	9.7776	-0.0224	0.1193	0.0427	0.7463
DNAH7	15.11	-0.004	0.1108	0.7779	0.9806
DNAH9	2.206	-7e-04	0.1135	0.8946	NA
DNAJA1	6816.3791	-0.0627	0.0919	0.1981	0.8721
DNAJA2	2089.3056	-0.0084	0.0923	0.8572	0.988
DNAJA3	2035.1833	0.0353	0.0927	0.4527	0.9239
DNAJA4	2.8002	0.0034	0.1131	0.609	NA
DNAJB1	6244.1348	-0.0481	0.0915	0.319	0.9
DNAJB11	1947.0661	-0.0226	0.0929	0.627	0.9634
DNAJB12	1124.115	0.073	0.0991	0.1062	0.8257
DNAJB13	53.1498	-0.0118	0.1088	0.5815	0.9552
DNAJB14	927.2908	0.1207	0.1151	0.0111	0.5624
DNAJB2	1628.3638	-0.0199	0.0946	0.6581	0.969
DNAJB4	805.7948	-0.0358	0.0964	0.4142	0.9204
DNAJB5	385.5749	-0.0532	0.1012	0.1919	0.8684
DNAJB6	1943.7379	-0.0325	0.0929	0.4866	0.9323
DNAJB7	7.2133	-0.001	0.1117	0.9243	0.9934
DNAJB9	396.2326	-0.0364	0.0994	0.3717	0.9111
DNAJC1	421.9104	-0.0342	0.0986	0.4083	0.9187
DNAJC10	2083.0337	0.0192	0.0937	0.6749	0.9708
DNAJC11	2093.8549	0.0648	0.0941	0.1727	0.8611
DNAJC12	0.2312	-7e-04	0.1199	0.8011	NA
DNAJC13	1225.9602	0.0503	0.1013	0.212	0.8773
DNAJC14	911.5904	0.0156	0.0946	0.7268	0.9758
DNAJC15	512.9996	-0.0507	0.1	0.2233	0.8832
DNAJC16	575.7425	0.0418	0.099	0.3157	0.9
DNAJC17	226.0789	-0.0028	0.1013	0.9392	0.9946
DNAJC18	235.5325	-0.0217	0.1013	0.5568	0.9507
DNAJC19	371.0995	-0.0429	0.1018	0.2684	0.89
DNAJC2	721.256	-0.0081	0.0966	0.8496	0.987
DNAJC21	1380.9332	-8e-04	0.0946	0.9861	0.9969
DNAJC22	87.6058	0.0351	0.1084	0.2166	0.8785
DNAJC24	146.4403	-0.0248	0.1049	0.435	0.9227
DNAJC25	401.0452	0.0082	0.0985	0.8377	0.9854
DNAJC25-GNG10	1.1881	-0.0037	0.1215	0.3298	NA
DNAJC27	116.8146	-0.0194	0.1049	0.5314	0.9433
DNAJC27-AS1	1.4745	-0.0013	0.1144	0.7839	NA
DNAJC28	12.7661	-0.001	0.111	0.9363	0.9945
DNAJC3	1711.5423	0.0381	0.0957	0.3925	0.9162
DNAJC3-AS1	24.4508	0.0016	0.1099	0.9272	0.9937
DNAJC30	518.8705	-0.0153	0.0994	0.6973	0.9722
DNAJC4	532.2873	-0.0173	0.0989	0.664	0.969
DNAJC5	2409.5207	0.0614	0.0936	0.1968	0.8721
DNAJC6	10.5483	6e-04	0.1113	0.9584	0.9956
DNAJC7	1732.6431	-0.0462	0.0936	0.3228	0.9
DNAJC8	3523.3178	-0.0589	0.0941	0.2115	0.8773
DNAJC9	1330.4159	-0.03	0.0936	0.5154	0.9411
DNAL1	259.7482	-0.0055	0.1007	0.8818	0.9899
DNAL4	174.2742	-0.033	0.1046	0.3262	0.9001
DNALI1	7.3204	-0.0063	0.112	0.5272	0.9418
DNASE1	110.496	0.049	0.1095	0.118	0.8299
DNASE1L1	665.8746	-0.0115	0.0957	0.7922	0.9836
DNASE1L2	55.106	0.0128	0.108	0.5871	0.9552
DNASE2	969.5554	0.0237	0.0949	0.5956	0.9563
DND1	71.3444	0.0092	0.107	0.7186	0.9753
DNER	2.941	-0.0029	0.1129	0.6701	NA
DNHD1	95.7497	0.0416	0.1097	0.1474	0.8598
DNLZ	181.5863	-0.0192	0.104	0.5534	0.9492
DNM1	40.6787	-0.0146	0.1094	0.478	0.932
DNM1L	2354.328	0.0238	0.0929	0.6082	0.9583
DNM1P41	1.2512	-6e-04	0.1147	0.8907	NA
DNM2	5278.6619	0.0703	0.0935	0.1455	0.8598
DNM3	214.4411	0.0019	0.1012	0.9577	0.9956
DNM3OS	4.1117	-0.003	0.1125	0.6959	NA
DNMBP	637.2013	0.0417	0.0995	0.3091	0.8998
DNMBP-AS1	0.6882	-0.0019	0.1209	0.5396	NA
DNMT1	5016.9468	0.0601	0.098	0.1763	0.8611
DNMT3A	1222.5346	0.2058	0.1965	3e-04	0.1553
DNMT3B	239.156	-0.0026	0.1021	0.9396	0.9946
DNPEP	1161.6756	-0.0103	0.0954	0.8138	0.985
DNPH1	436.2582	-0.0712	0.1088	0.0636	0.77
DNTTIP1	743.2619	-0.0547	0.0994	0.199	0.8737
DNTTIP2	1298.6247	0.0251	0.0936	0.5848	0.9552
DOC2A	0.7399	-0.0021	0.1208	0.5116	NA
DOC2B	56.3952	0.0301	0.1109	0.1825	0.8673
DOCK1	2439.0016	0.0608	0.103	0.1329	0.8498
DOCK10	0.5214	0.0016	0.1212	0.5954	NA
DOCK11	7.6036	-0.0039	0.1118	0.7061	0.9724
DOCK3	11.1468	-0.004	0.1114	0.7285	0.9758
DOCK4	425.2249	0.0661	0.1084	0.0764	0.7991
DOCK4-AS1	1.6134	0.0066	0.1259	0.1563	NA
DOCK5	755.8435	0.0829	0.1098	0.042	0.7463
DOCK6	420.9736	-0.0266	0.0982	0.5194	0.9416
DOCK7	1859.4509	0.0536	0.0977	0.2227	0.8832
DOCK8	215.6282	0.0392	0.1048	0.2569	0.89
DOCK9	590.1271	0.0297	0.1008	0.4388	0.9227
DOCK9-AS2	5.7406	0.0031	0.1122	0.7142	0.974
DOHH	709.935	0.0084	0.0966	0.8439	0.986
DOK1	237.986	-0.0109	0.101	0.7659	0.9791
DOK3	56.7794	0.0185	0.1087	0.4268	0.9205
DOK4	2130.5023	-0.011	0.0919	0.8151	0.985
DOK5	0.7826	0.0011	0.1175	0.7479	NA
DOK6	5.8591	-0.0087	0.113	0.3247	0.9001
DOK7	103.556	0.0044	0.1052	0.8806	0.9899
DOLK	992.3476	0.0093	0.0943	0.8353	0.9854
DOLPP1	632.5196	-0.014	0.0968	0.7413	0.9761
DONSON	933.0201	-0.053	0.0961	0.242	0.886
DOPEY1	544.9257	0.0584	0.1046	0.1307	0.8492
DOPEY2	366.9735	0.052	0.1061	0.1464	0.8598
DOT1L	4101.3028	0.1843	0.1548	0.001	0.2549
DPAGT1	659.9876	-0.0648	0.0995	0.139	0.8585
DPCD	383.838	-0.0056	0.0993	0.8866	0.9899
DPCR1	16.541	0.0049	0.1106	0.7384	0.9761
DPEP1	15.3093	-0.0061	0.1109	0.6657	0.969
DPEP2	0.2612	9e-04	0.1202	0.7455	NA
DPF1	101.9324	0.0245	0.1068	0.3898	0.9162
DPF2	1509.7353	0.0515	0.0943	0.2676	0.89
DPF3	2.1327	-0.0011	0.1134	0.8438	NA
DPH1	763.7113	0.031	0.0962	0.4776	0.9319
DPH2	1124.7513	-0.0072	0.0939	0.8735	0.9894
DPH3	708.402	-0.0494	0.0974	0.2599	0.89
DPH3P1	24.7035	-2e-04	0.1097	0.9892	0.9972
DPH5	530.9455	-0.0479	0.1007	0.2376	0.886
DPH6	60.929	-0.0095	0.1077	0.6891	0.9712
DPH6-AS1	8.1892	-6e-04	0.1116	0.9541	0.9956
DPH7	514.1145	0.0057	0.098	0.8892	0.9899
DPM1	628.4356	-0.0365	0.0989	0.3763	0.9119
DPM2	679.0442	-0.058	0.1017	0.1585	0.8611
DPM3	386.3035	-0.0522	0.1022	0.1895	0.8684
DPP3	1874.4079	0.0204	0.0928	0.6613	0.969
DPP4	953.4645	-0.0364	0.0963	0.4069	0.9185
DPP6	0.2605	9e-04	0.1202	0.7459	NA
DPP7	579.9084	-0.0264	0.0986	0.5179	0.9416
DPP8	768.7192	0.0224	0.1028	0.5211	0.9416
DPP9	1963.3067	0.0987	0.1007	0.0393	0.7463
DPPA2	78.5083	-0.052	0.1136	0.064	0.7718
DPPA4	3.0614	0.0037	0.1134	0.5531	NA
DPRX	0.24	-7e-04	0.1199	0.7975	NA
DPRXP4	1.5359	0.0018	0.1151	0.687	NA
DPY19L1	1455.8454	-0.0037	0.0946	0.9338	0.9941
DPY19L1P1	9.0837	0.0067	0.1117	0.5455	0.9484
DPY19L2	22.8064	-0.0184	0.1113	0.2731	0.8919
DPY19L2P2	71.8942	-0.0053	0.1076	0.8253	0.9853
DPY19L2P3	3.5491	0.002	0.113	0.7489	NA
DPY19L3	549.1794	0.0395	0.0976	0.3563	0.9092
DPY19L4	685.8539	-0.0202	0.0977	0.6275	0.9634
DPY30	769.277	-0.0823	0.1054	0.0558	0.7614
DPYD	1555.1867	-0.0051	0.0941	0.9108	0.9928
DPYD-AS2	0.2313	-7e-04	0.1199	0.801	NA
DPYSL2	1562.7826	-0.0031	0.0927	0.9463	0.9956
DPYSL3	6.4299	-0.0019	0.1118	0.8443	0.986
DPYSL4	79.9382	-0.0125	0.1064	0.6456	0.9672
DPYSL5	123.2618	-0.0211	0.1055	0.4853	0.9322
DQX1	7.0109	0	0.1118	0.9981	0.9994
DR1	2297.375	0.0117	0.0924	0.8016	0.9839
DRAM1	3439.4622	-0.0254	0.0913	0.5948	0.9562
DRAM2	486.3809	-0.0175	0.099	0.661	0.969
DRAP1	2395.7737	-3e-04	0.0962	0.9941	0.9989
DRAXIN	1.8235	0.0025	0.1151	0.5837	NA
DRD2	0.4578	-0.0013	0.1206	0.6493	NA
DRD4	9.5192	0.0021	0.1114	0.8551	0.9877
DRD5	0.2289	-7e-04	0.1199	0.8029	NA
DRG1	1401.113	-0.0043	0.0939	0.9252	0.9934
DRG2	243.9282	-0.0204	0.1019	0.5704	0.9544
DROSHA	1074.0905	0.0275	0.097	0.519	0.9416
DRP2	4.2172	1e-04	0.1123	0.9901	NA
DSC2	2.3849	-0.0041	0.1144	0.4608	NA
DSC3	6.1973	-0.0012	0.1119	0.9	0.9908
DSCAML1	353.7575	0.0695	0.1057	0.0834	0.807
DSCC1	471.7137	-0.0365	0.0982	0.3853	0.9152
DSCR3	718.4026	0.022	0.0963	0.6104	0.9583
DSCR9	3.5583	0.0024	0.1127	0.7267	NA
DSE	1021.4124	0.0123	0.0958	0.7774	0.9806
DSEL	128.3232	0.0097	0.1039	0.761	0.9791
DSERG1	0.274	0.001	0.1202	0.7397	NA
DSG2	771.1857	0.0305	0.1009	0.4258	0.9204
DSN1	503.4836	-0.0687	0.1017	0.1086	0.8274
DSP	2303.4934	0.0918	0.105	0.0413	0.7463
DST	233.8909	0.059	0.1117	0.0692	0.7804
DSTN	8297.1696	-0.0384	0.0933	0.4106	0.9191
DSTNP2	230.7635	-0.0496	0.1056	0.1658	0.8611
DSTYK	574.8019	0.0373	0.1028	0.3106	0.8998
DTD1	802.124	-0.071	0.1	0.1093	0.8274
DTD2	375.204	-0.1033	0.1148	0.0182	0.6379
DTL	1190.6846	0.0239	0.0958	0.5844	0.9552
DTNB	140.6498	-0.068	0.1142	0.0434	0.7463
DTNBP1	173.7112	-0.069	0.1129	0.0482	0.7463
DTWD1	202.0538	-0.0777	0.1131	0.0385	0.7463
DTWD2	256.1405	-0.0154	0.1022	0.6612	0.969
DTX1	8.9717	-0.0014	0.1115	0.9034	0.9911
DTX2	417.76	0.0145	0.0981	0.7234	0.9755
DTX2P1-UPK3BP1-PMS2P11	21.8554	0.0068	0.1102	0.684	0.9712
DTX3	360.1378	-0.0173	0.0988	0.6651	0.969
DTX3L	1226.8718	0.03	0.0963	0.4919	0.9331
DTX4	1712.2702	0.0287	0.0938	0.5322	0.9437
DTYMK	1818.933	-0.0503	0.0992	0.2345	0.886
DUOX1	4.5382	-0.0042	0.1125	0.6023	NA
DUOXA2	0.4578	-0.0013	0.1206	0.6493	NA
DUPD1	4.4925	0.001	0.1122	0.9009	NA
DUS1L	2642.3778	-0.0149	0.0936	0.7443	0.9761
DUS2	283.9756	0.0165	0.1005	0.6617	0.969
DUS3L	916.2929	0.0271	0.0966	0.5297	0.9428
DUS4L	103.4752	-0.0485	0.1102	0.1102	0.8281
DUSP1	898.6569	2e-04	0.0949	0.9955	0.9991
DUSP10	25.1129	-0.014	0.1106	0.4159	0.9204
DUSP11	353.7037	-0.0107	0.0995	0.7828	0.9812
DUSP12	323.1609	-0.1181	0.1284	0.0069	0.5102
DUSP13	22.3463	-0.0119	0.1108	0.4515	0.9232
DUSP14	517.7078	-0.0193	0.0992	0.6268	0.9634
DUSP15	11.3305	-0.0207	0.1149	0.0844	0.807
DUSP16	839.1284	-0.001	0.0971	0.9814	0.9961
DUSP18	58.4119	0.013	0.1087	0.5561	0.9507
DUSP19	32.8331	-0.0241	0.1111	0.2199	0.8828
DUSP2	27.176	0.008	0.1098	0.6545	0.969
DUSP22	336.1245	-0.011	0.0996	0.777	0.9806
DUSP23	16.7872	-0.0144	0.1116	0.3143	0.9
DUSP26	32.1498	-0.0104	0.11	0.5631	0.952
DUSP28	111.7073	-0.007	0.105	0.8142	0.985
DUSP3	1513.671	-0.0074	0.0937	0.8713	0.9893
DUSP4	652.4099	0.0741	0.1018	0.0892	0.8072
DUSP5	780.5054	0.0599	0.0981	0.1761	0.8611
DUSP5P1	1.8697	0.0049	0.1177	0.3096	NA
DUSP6	6717.1351	0.0218	0.0906	0.6516	0.969
DUSP7	562.7058	-0.0078	0.0973	0.8514	0.9872
DUSP8	104.3036	-0.029	0.1065	0.333	0.9014
DUSP9	345.8539	-0.016	0.0993	0.6845	0.9712
DUT	1694.1549	-0.0971	0.1056	0.0339	0.7223
DUXA	0.24	-7e-04	0.1199	0.7975	NA
DVL1	1910.8129	0.0693	0.0953	0.1416	0.8598
DVL2	1305.2149	2e-04	0.0933	0.996	0.9991
DVL3	3544.0414	0.0969	0.1012	0.0412	0.7463
DXO	311.4046	-0.0481	0.1031	0.2072	0.8767
DYM	1188.6154	-0.0084	0.0945	0.8519	0.9876
DYNC1H1	7222.6149	0.1025	0.1168	0.0167	0.6309
DYNC1I1	221.7415	-0.0502	0.1044	0.1771	0.8611
DYNC1I2	1042.0495	-0.0055	0.094	0.9037	0.9911
DYNC1LI1	1093.6511	-0.0133	0.094	0.7692	0.9791
DYNC1LI2	2132.2403	0.0613	0.0969	0.1761	0.8611
DYNC2H1	250.7514	0.0218	0.1033	0.52	0.9416
DYNC2LI1	175.3113	-0.071	0.112	0.0496	0.7518
DYNLL1	4799.6521	-0.0916	0.1035	0.0449	0.7463
DYNLL1-AS1	236.2726	-0.0436	0.1036	0.2367	0.886
DYNLL2	1027.079	0.0106	0.0963	0.8049	0.9839
DYNLRB1	1616.7979	-0.0332	0.0956	0.4549	0.9249
DYNLT1	656.1931	-0.1455	0.1401	0.0028	0.3931
DYNLT3	163.0151	-0.0553	0.1077	0.1145	0.8296
DYRK1A	1292.9713	0.0508	0.0948	0.2703	0.8903
DYRK1B	102.8691	0.0323	0.1069	0.2829	0.8965
DYRK2	946.549	0.0544	0.1019	0.1781	0.8611
DYRK3	126.4827	0.0086	0.105	0.7724	0.9796
DYRK4	198.361	-0.0155	0.103	0.6462	0.9672
DYSF	3.3917	-0.0024	0.1127	0.7273	NA
DYX1C1	19.1502	0.0035	0.1104	0.8199	0.985
DYX1C1-CCPG1	7.6801	-0.0042	0.1356	0.1892	0.8684
DZANK1	23.6188	-0.0071	0.1102	0.6689	0.9698
DZIP1	899.734	0.0036	0.099	0.9281	0.9937
DZIP1L	178.59	0.0267	0.1035	0.4341	0.9227
DZIP3	383.3957	-0.0359	0.1017	0.3427	0.9041
E2F1	1353.7138	-0.0289	0.0941	0.5266	0.9416
E2F2	647.7096	0.0456	0.0971	0.2975	0.8992
E2F3	888.9499	0.0202	0.0967	0.6359	0.9656
E2F4	2172.8341	0.0465	0.0953	0.3059	0.8992
E2F5	840.8325	-0.0741	0.1008	0.0941	0.8162
E2F6	442.0132	-0.0088	0.0979	0.8296	0.9854
E2F7	719.9734	0.0441	0.1002	0.2779	0.8948
E2F8	670.7909	-5e-04	0.0968	0.991	0.9978
E4F1	792.5425	0.0441	0.0966	0.3175	0.9
EAF1	681.7024	0.0359	0.0979	0.3946	0.917
EAF2	27.0408	-0.0206	0.1111	0.2588	0.89
EAPP	370.1102	-0.0294	0.0996	0.4605	0.9261
EARS2	927.5652	0.0301	0.0963	0.49	0.9324
EBAG9	423.6977	-0.0531	0.1015	0.1903	0.8684
EBF1	4.4527	-0.0024	0.1123	0.7621	NA
EBF3	0.5218	0.0016	0.1212	0.5952	NA
EBF4	73.4347	-0.0099	0.1067	0.706	0.9724
EBI3	108.5808	-0.0012	0.105	0.9664	0.9956
EBLN2	4.3119	0.0028	0.1128	0.6865	NA
EBNA1BP2	3234.2173	-0.0129	0.0923	0.7819	0.981
EBP	592.0886	-0.0619	0.1023	0.133	0.8498
EBPL	768.5627	-0.057	0.0996	0.1821	0.8669
ECD	646.1204	0.0397	0.0972	0.3582	0.9092
ECE1	5133.3167	0.0701	0.0966	0.1311	0.8492
ECE2	450.3502	-0.055	0.104	0.1534	0.8598
ECEL1	24.8203	-3e-04	0.11	0.9854	0.9968
ECH1	2383.759	-0.038	0.0955	0.3955	0.9174
ECHDC1	1629.7574	-0.0473	0.0953	0.2982	0.8992
ECHDC2	405.5329	-0.0438	0.102	0.2571	0.89
ECHDC3	288.3075	-0.0343	0.1014	0.3666	0.9102
ECHS1	2443.4853	-0.0442	0.0961	0.3221	0.9
ECI1	1887.6792	-0.0546	0.0994	0.1999	0.874
ECI2	612.6971	-0.0353	0.0974	0.4089	0.9187
ECM1	87.8358	-0.0108	0.1059	0.6993	0.9723
ECM2	0.9991	0.0018	0.1163	0.6396	NA
ECSCR	21.916	-0.0168	0.1114	0.2926	0.8986
ECSCR-2	71.6602	0.0178	0.108	0.4677	0.9285
ECSIT	1007.8783	-0.0191	0.0987	0.6366	0.9657
ECT2	3498.4492	0.0558	0.0969	0.2134	0.8774
ECT2L	3.1565	-0.0032	0.1132	0.6158	NA
EDA	44.1551	0.0126	0.1095	0.5239	0.9416
EDA2R	64.7056	0.0204	0.1087	0.3875	0.9162
EDAR	12.2316	0.0158	0.1136	0.154	0.8598
EDARADD	3.6697	-0.0035	0.1127	0.6352	NA
EDC3	1385.8969	0.0736	0.0969	0.1141	0.8296
EDC4	2556.2031	0.0717	0.0965	0.1239	0.8342
EDEM1	1191.1102	0.1157	0.1108	0.0151	0.6309
EDEM2	1332.1468	-0.0027	0.0943	0.9528	0.9956
EDEM3	1181.8358	0.0328	0.0994	0.4162	0.9204
EDF1	3326.7289	-0.038	0.0956	0.3951	0.9174
EDN1	1264.7784	0.086	0.0983	0.0688	0.7804
EDN2	368.5625	-0.0076	0.0995	0.8442	0.986
EDNRA	4.0909	0.0067	0.1139	0.3403	NA
EDNRB-AS1	0.478	-0.0014	0.1207	0.641	NA
EDRF1	521.9171	0.0103	0.0972	0.8049	0.9839
EDRF1-AS1	0.2289	-7e-04	0.1199	0.8029	NA
EEA1	792.0825	0.0036	0.1011	0.9219	0.9933
EED	644.2534	-0.0471	0.0987	0.2666	0.89
EEF1A1	263834.4278	-0.0262	0.0909	0.5867	0.9552
EEF1A2	374.1249	-9e-04	0.0989	0.9816	0.9961
EEF1B2	4849.4804	-0.0594	0.0966	0.1904	0.8684
EEF1D	5913.4813	-0.0253	0.0962	0.56	0.9513
EEF1E1	742.6503	-0.0886	0.1098	0.0356	0.7383
EEF1E1-BLOC1S5	12.2689	-0.0015	0.1199	0.6303	0.964
EEF1G	25396.3804	-0.0187	0.092	0.6918	0.9715
EEF2	45653.7237	0.0793	0.093	0.1069	0.826
EEF2K	1349.6673	0.0452	0.0965	0.3076	0.8996
EEFSEC	351.9431	-0.0138	0.0992	0.7253	0.9755
EEPD1	131.2406	0.0114	0.1038	0.724	0.9755
EFCAB10	16.7711	-0.0053	0.1107	0.7123	0.9733
EFCAB11	119.9917	-0.1199	0.1529	0.0017	0.3376
EFCAB12	0.4659	-0.0013	0.1206	0.6473	NA
EFCAB13	12.1892	0.0062	0.1113	0.6147	0.959
EFCAB14	1971.5154	0.0223	0.0945	0.6209	0.9608
EFCAB2	140.8808	-0.0329	0.105	0.3194	0.9
EFCAB4A	491.8429	-0.0476	0.1004	0.2434	0.886
EFCAB4B	0.5379	-0.0015	0.121	0.609	NA
EFCAB5	0.2392	-7e-04	0.1199	0.7984	NA
EFCAB6	3.5583	0.0041	0.1132	0.5402	NA
EFCAB7	93.0373	-0.0472	0.1114	0.099	0.821
EFCAB8	0.2289	-7e-04	0.1199	0.8029	NA
EFEMP2	2.9641	-0.001	0.1127	0.8768	NA
EFHB	1.431	-5e-04	0.1148	0.8982	NA
EFHC1	382.1006	-0.0298	0.0991	0.4608	0.9261
EFHC2	2.1496	-0.0054	0.1176	0.2862	NA
EFHD1	3740.7414	0.0129	0.0926	0.7822	0.9811
EFHD2	3015.9942	0.0037	0.0917	0.9375	0.9946
EFNA1	70.2181	-0.0127	0.1071	0.6216	0.961
EFNA2	44.0139	0.0077	0.1084	0.7254	0.9755
EFNA3	25.4868	-0.0168	0.1108	0.3359	0.9028
EFNA4	154.1666	-0.0117	0.1038	0.7153	0.9743
EFNA5	883.3443	-0.0037	0.095	0.933	0.9941
EFNB1	547.0464	0.0372	0.0976	0.383	0.9146
EFNB2	56.8735	0.0316	0.1102	0.1964	0.8719
EFNB3	192.4078	-0.1061	0.1313	0.0068	0.5102
EFR3A	2110.4574	0.0284	0.0955	0.5214	0.9416
EFR3B	499.66	0.042	0.1012	0.2848	0.8966
EFTUD1	350.0624	0.0267	0.0997	0.4994	0.9355
EFTUD1P1	0.2605	9e-04	0.1202	0.7459	NA
EFTUD2	4039.0721	0.0419	0.0917	0.382	0.9138
EGF	9.7696	-0.006	0.1116	0.6022	0.9581
EGFL6	8.0133	-0.0107	0.1125	0.3059	0.8992
EGFL7	381.4022	-0.031	0.1017	0.4065	0.9185
EGFL8	38.2566	0.0102	0.1092	0.6134	0.9588
EGFLAM	173.3304	-0.0333	0.1039	0.3358	0.9028
EGFR	687.3551	0.0122	0.1116	0.367	0.9103
EGFR-AS1	1.0013	1e-04	0.1159	0.968	NA
EGLN1	758.8979	0.0095	0.0954	0.8291	0.9854
EGLN2	2209.0856	0.0044	0.0926	0.9241	0.9934
EGLN3	2.4085	0.004	0.1137	0.5112	NA
EGOT	0.4751	-0.0014	0.1207	0.6427	NA
EGR1	83.3471	-0.0135	0.1064	0.6226	0.9613
EGR2	13.3535	-0.0021	0.1112	0.8655	0.9887
EGR3	3.9908	0.0037	0.1127	0.6214	NA
EGR4	0.9377	-0.0033	0.1203	0.3735	NA
EHBP1	977.0097	-0.0022	0.0971	0.9573	0.9956
EHBP1L1	2423.0637	-0.0189	0.0938	0.6785	0.9708
EHD1	3556.7099	0.0465	0.0922	0.3306	0.901
EHD2	1318.9926	0.0902	0.0996	0.056	0.7615
EHD3	100.053	-0.0188	0.106	0.5141	0.9406
EHD4	1916.9363	0.0674	0.0958	0.1486	0.8598
EHF	1186.8982	-0.0155	0.0947	0.7292	0.9759
EHHADH	14.4086	-0.0095	0.1114	0.4719	0.9305
EHMT1	2247.8922	0.112	0.1062	0.0202	0.6425
EHMT1-IT1	1.7458	0.0011	0.114	0.8239	NA
EHMT2	1208.7814	0.0068	0.0939	0.8798	0.9899
EI24	4446.6955	-0.0475	0.0919	0.3223	0.9
EID1	3760.884	-0.0182	0.0917	0.6999	0.9723
EID2	651.3372	0.0111	0.097	0.7918	0.9836
EID2B	80.6769	0.0169	0.1067	0.5323	0.9437
EID3	14.2319	0.0133	0.1118	0.3196	0.9
EIF1	5352.8229	-0.0146	0.0947	0.7437	0.9761
EIF1AD	612.959	0.0058	0.0971	0.8905	0.9899
EIF1AX	5388.9464	-0.059	0.0932	0.2163	0.8785
EIF1B	614.7166	-0.0579	0.1002	0.1723	0.8611
EIF2A	1249.5811	0.0189	0.0935	0.6796	0.9708
EIF2AK1	2504.6624	0.0243	0.0921	0.6061	0.9581
EIF2AK2	828.8526	0.042	0.1025	0.2663	0.89
EIF2AK3	416.2092	0.0085	0.0983	0.8336	0.9854
EIF2AK4	1619.4327	0.0472	0.0977	0.2758	0.8937
EIF2B1	1067.4766	-0.0418	0.0951	0.3566	0.9092
EIF2B2	911.6884	-0.0041	0.0944	0.927	0.9937
EIF2B3	430.8258	-0.0231	0.0996	0.5576	0.9508
EIF2B4	856.0507	-0.0226	0.0953	0.6099	0.9583
EIF2B5	1216.5777	0.0496	0.0948	0.2818	0.8964
EIF2D	728.3025	-0.0629	0.0982	0.1579	0.8607
EIF2S1	2382.9439	0.0056	0.0917	0.9055	0.9921
EIF2S2	3326.6764	-0.0113	0.0931	0.8069	0.9839
EIF2S3	5269.0047	-0.1718	0.1237	0.002	0.3547
EIF3A	7204.1667	0.088	0.1057	0.0455	0.7463
EIF3B	7100.0445	0.0489	0.0914	0.3126	0.9
EIF3C	5679.4511	0.0345	0.093	0.4598	0.9259
EIF3CL	7801.7029	0.0436	0.0923	0.3597	0.9097
EIF3D	3852.9632	0.0176	0.0914	0.7121	0.9733
EIF3E	4657.0568	-0.0305	0.0916	0.5228	0.9416
EIF3F	3620.4159	-0.0155	0.0946	0.7294	0.9759
EIF3G	3413.3542	0.0075	0.0954	0.865	0.9887
EIF3H	2715.2968	-0.0134	0.0932	0.7708	0.9794
EIF3I	5568.2376	-0.0107	0.0926	0.8189	0.985
EIF3J	1922.6012	-0.0235	0.093	0.6128	0.9588
EIF3J-AS1	77.7947	0.0196	0.107	0.4688	0.9289
EIF3K	2559.2473	-0.0447	0.0959	0.3177	0.9
EIF3L	5347.5345	0.0096	0.0912	0.8409	0.986
EIF3M	2359.0133	-0.0128	0.0941	0.7764	0.9806
EIF4A1	21541.8752	0.0067	0.0906	0.8891	0.9899
EIF4A2	7220.1602	-0.1512	0.1136	0.0045	0.4623
EIF4A3	2864.9384	-0.0092	0.0923	0.8444	0.986
EIF4B	9158.8462	0.0846	0.0962	0.0786	0.8039
EIF4E	2155.5811	0.0639	0.0962	0.1654	0.8611
EIF4E2	1527.513	-0.0583	0.0975	0.1907	0.8684
EIF4E3	48.5722	-0.019	0.1089	0.4061	0.9185
EIF4EBP1	1514.9079	0.0456	0.0985	0.2836	0.8965
EIF4EBP2	4031.9991	0.0155	0.0927	0.7392	0.9761
EIF4EBP3	11.056	-0.0046	0.1398	0.1553	0.8598
EIF4ENIF1	716.1619	0.0622	0.0986	0.1593	0.8611
EIF4G1	15826.5145	0.0544	0.095	0.2387	0.886
EIF4G2	19611.2409	0.0185	0.0926	0.6911	0.9715
EIF4G3	1687.4051	0.0481	0.1021	0.2198	0.8828
EIF4H	11373.591	0.0233	0.0904	0.6308	0.964
EIF5	3415.7532	-0.0259	0.0926	0.5797	0.9552
EIF5A	15867.3509	-0.0203	0.0938	0.656	0.969
EIF5AL1	65.9686	-0.0126	0.1081	0.5891	0.9555
EIF5B	3248.2558	0.0044	0.0929	0.9241	0.9934
EIF6	2966.474	0.0022	0.0945	0.9614	0.9956
ELAC1	191.9083	-0.0416	0.1042	0.2436	0.886
ELAC2	2706.5049	0.0442	0.0923	0.3523	0.908
ELANE	0.24	-7e-04	0.1199	0.7975	NA
ELAVL1	5617.1245	0.0444	0.0918	0.3541	0.908
ELAVL3	0.9111	-9e-04	0.1166	0.8113	NA
ELF1	490.723	-0.0036	0.0976	0.9311	0.9937
ELF2	621.8813	0.0358	0.097	0.4063	0.9185
ELF3	2550.4099	0.03	0.0921	0.5256	0.9416
ELF4	1796.0974	0.1085	0.1028	0.0257	0.6739
ELF5	8.6756	-0.0037	0.1116	0.7368	0.9761
ELFN1	270.7441	0.0231	0.1012	0.5342	0.9444
ELFN2	736.6905	0.0821	0.1079	0.0484	0.7463
ELK1	950.1492	0.016	0.0945	0.7218	0.9753
ELK3	908.5227	0.0528	0.1005	0.2022	0.874
ELK4	957.2883	0.0345	0.097	0.4238	0.9204
ELL	527.892	0.0238	0.0979	0.5659	0.9531
ELL2	108.1561	-0.0148	0.1049	0.6259	0.963
ELL3	80.4149	-0.0656	0.119	0.025	0.6675
ELMO1	0.7761	0.001	0.1174	0.7701	NA
ELMO2	945.2596	0.0272	0.095	0.5431	0.9466
ELMO3	50.2996	0.0024	0.1081	0.9143	0.9932
ELMOD1	0.5458	0.0016	0.1213	0.5866	NA
ELMOD2	565.9325	-0.0432	0.0983	0.3087	0.8998
ELMOD3	166.0111	-0.0563	0.1094	0.0957	0.8203
ELMSAN1	990.8282	0.0712	0.105	0.0823	0.807
ELN	1.2845	0.0011	0.1153	0.7824	NA
ELOF1	1026.894	-0.0249	0.098	0.5481	0.9489
ELOVL1	2285.8922	-0.0087	0.0938	0.8484	0.9866
ELOVL2	36.7903	0.0027	0.109	0.8915	0.9899
ELOVL2-AS1	0.2304	-7e-04	0.1199	0.8017	NA
ELOVL3	5.342	-0.0073	0.1127	0.4014	0.9185
ELOVL4	5.0707	-0.0081	0.1132	0.3296	0.9004
ELOVL5	2560.7303	-0.0191	0.092	0.6847	0.9712
ELOVL6	336.3333	-0.0393	0.1007	0.3191	0.9
ELOVL7	1413.2106	-0.0262	0.0939	0.567	0.9534
ELP2	973.8575	0.0714	0.0986	0.1151	0.8296
ELP3	726.1709	0.0312	0.0958	0.4783	0.932
ELP4	303.6446	-0.0577	0.1041	0.1388	0.8585
ELP5	922.9238	-0.0609	0.0981	0.1701	0.8611
ELP6	508.3865	-0.0563	0.1034	0.1519	0.8598
EMC1	3664.3677	0.0976	0.1014	0.0399	0.7463
EMC10	5608.1928	0.0498	0.0943	0.2836	0.8965
EMC2	630.3	-0.0709	0.1017	0.1007	0.821
EMC3	584.3766	-0.0496	0.0984	0.2488	0.8873
EMC3-AS1	144.4396	0.0343	0.105	0.303	0.8992
EMC4	1218.4542	-0.0469	0.0982	0.2742	0.8934
EMC6	821.7224	-0.0492	0.0984	0.2519	0.8879
EMC7	1403.0928	-0.0308	0.0956	0.4871	0.9323
EMC8	1239.9976	-0.0026	0.0974	0.9494	0.9956
EMC9	418.4263	-0.0034	0.1	0.9291	0.9937
EMD	1398.3822	-0.0523	0.0957	0.2503	0.8873
EME1	248.4656	0.0064	0.1004	0.8652	0.9887
EME2	29.4468	0.0132	0.1108	0.4199	0.9204
EMG1	1359.1146	-0.0272	0.0963	0.5313	0.9433
EMID1	9.7698	0.0119	0.1124	0.2857	0.8971
EMILIN1	13.4143	-0.0041	0.1111	0.7458	0.9761
EMILIN2	90.7351	-0.0049	0.1055	0.8636	0.9887
EMILIN3	70.2258	-0.0083	0.1069	0.7461	0.9761
EML1	2408.5529	0.057	0.0955	0.2154	0.8785
EML2	600.0591	0.0258	0.0969	0.5456	0.9484
EML3	879.3865	-0.0325	0.0953	0.4661	0.9277
EML4	1419.5409	0.0543	0.0992	0.2044	0.8747
EML5	77.0126	-0.0198	0.1072	0.4584	0.9256
EML6	9.481	-0.0043	0.1116	0.6971	0.9722
EMP1	9484.3301	0.1232	0.1008	0.016	0.6309
EMP2	501.1735	-0.0545	0.1021	0.1748	0.8611
EMP3	497.3455	-0.0285	0.1003	0.4639	0.927
EMR2	5.0782	0.003	0.1122	0.7224	0.9755
EMX1	28.0392	-0.0073	0.1097	0.6879	0.9712
EMX2	0.5458	0.0016	0.1213	0.5866	NA
EMX2OS	0.5211	0.0016	0.1212	0.5955	NA
EN1	0.6867	-0.0019	0.1209	0.5405	NA
EN2	396.724	0.027	0.099	0.5034	0.9369
ENAH	2086.0928	0.0578	0.0972	0.1965	0.8719
ENAM	5.4055	-0.0038	0.1122	0.6649	0.969
ENC1	293.6726	0.0421	0.1012	0.2837	0.8965
ENDOD1	965.0899	0.0238	0.0972	0.5736	0.9544
ENDOG	658.0889	-0.0617	0.1063	0.1035	0.8247
ENDOU	4.7275	3e-04	0.1121	0.971	0.9959
ENDOV	61.0829	0.0057	0.1071	0.8197	0.985
ENG	3.3776	0.0056	0.1134	0.4228	NA
ENGASE	555.2297	-0.0126	0.0973	0.7637	0.9791
ENHO	37.3762	-0.0232	0.1105	0.2606	0.89
ENKD1	268.892	-0.0091	0.1013	0.8023	0.9839
ENKUR	0.8121	0.0029	0.1206	0.408	NA
ENO1	32798.8835	-0.0256	0.0933	0.579	0.9552
ENO1-AS1	3.2274	-0.0015	0.1129	0.8096	NA
ENO2	228.8514	-0.0516	0.1051	0.1602	0.8611
ENO3	50.4716	0.0019	0.108	0.9319	0.9939
ENO4	1.5265	0.0038	0.1169	0.398	NA
ENOPH1	1389.5343	-0.053	0.0945	0.2543	0.8893
ENOSF1	346.2129	-0.0643	0.1034	0.1148	0.8296
ENOX1	131.2253	-0.0121	0.104	0.7029	0.9724
ENOX2	203.2687	-0.031	0.1026	0.3918	0.9162
ENPP1	9.0999	-0.01	0.1122	0.3596	0.9097
ENPP2	4.635	0.0063	0.1128	0.4409	0.9232
ENPP4	1052.9428	-0.0119	0.096	0.7826	0.9811
ENPP5	5.0076	-0.0126	0.1208	0.0863	0.807
ENSA	3221.1092	-0.0722	0.0982	0.1135	0.8296
ENTHD2	303.0111	0.037	0.1012	0.3382	0.903
ENTPD1	410.1469	-0.0215	0.0999	0.58	0.9552
ENTPD1-AS1	0.7517	-7e-04	0.1173	0.8431	NA
ENTPD2	3.8213	-0.0075	0.1141	0.2967	NA
ENTPD3	0.8593	0.0031	0.1207	0.3881	NA
ENTPD3-AS1	0.5125	1e-04	0.1191	0.9662	NA
ENTPD4	1146.6172	0.0175	0.0971	0.6784	0.9708
ENTPD5	208.251	0.0302	0.1077	0.2858	0.8971
ENTPD6	3286.0212	0.0183	0.0928	0.6939	0.9719
ENTPD7	975.2883	0.0453	0.1006	0.2616	0.89
ENTPD8	12.1198	-0.0109	0.1118	0.3803	0.9133
ENY2	1203.3329	-0.0581	0.0988	0.1818	0.8669
EOGT	404.1924	-0.0139	0.0981	0.7343	0.976
EOMES	15.705	0.0067	0.1108	0.6416	0.9662
EP300	2651.136	0.1047	0.1229	0.0115	0.5667
EP400	1935.8151	0.104	0.1257	0.0099	0.5526
EP400NL	23.5229	0.0309	0.1147	0.0643	0.7718
EPAS1	276.9573	0.0087	0.1001	0.8195	0.985
EPB41	663.5046	-0.0107	0.0976	0.7969	0.9839
EPB41L1	1443.0688	0.0091	0.0949	0.8368	0.9854
EPB41L2	1993.9786	0.02	0.0977	0.6311	0.964
EPB41L4A	720.455	0.0125	0.096	0.7723	0.9796
EPB41L4A-AS1	187.3618	-0.0303	0.1054	0.3433	0.9047
EPB41L4A-AS2	40.6735	0.0072	0.109	0.7227	0.9755
EPB41L4B	388.3948	-0.0211	0.0994	0.5929	0.9562
EPB41L5	1060.0434	0.0537	0.097	0.2283	0.8832
EPC1	367.381	-0.0051	0.0992	0.8955	0.9903
EPC2	421.11	-0.0287	0.0989	0.4802	0.932
EPCAM	5490.5135	-0.0251	0.0928	0.5897	0.9557
EPDR1	498.9666	-0.0566	0.0995	0.1855	0.8684
EPG5	547.7914	0.1024	0.1212	0.0132	0.6042
EPHA1	9.2975	-0.0073	0.1118	0.5113	0.9399
EPHA10	88.4985	0.0051	0.1055	0.8574	0.988
EPHA2	4251.6185	0.1183	0.1054	0.0167	0.6309
EPHA4	0.9794	2e-04	0.1159	0.9594	NA
EPHA6	0.2553	-8e-04	0.12	0.7814	NA
EPHA7	1.114	0.0027	0.1181	0.4776	NA
EPHB1	4.296	0.0029	0.1127	0.6821	NA
EPHB2	16.3533	-0.0094	0.111	0.5103	0.9397
EPHB3	63.984	0.0309	0.1094	0.2268	0.8832
EPHB4	2702.8971	0.0652	0.0956	0.1616	0.8611
EPHB6	2.9155	0.0062	0.1154	0.3007	NA
EPHX1	1716.6708	-0.0119	0.0931	0.7963	0.9839
EPHX2	75.709	-0.0596	0.1173	0.0325	0.7128
EPHX3	1.2726	0.0011	0.1147	0.7993	NA
EPHX4	10.4759	7e-04	0.1112	0.9549	0.9956
EPM2A	19.1896	-0.0179	0.1122	0.2122	0.8773
EPN1	4198.9855	0.0291	0.0923	0.5367	0.9444
EPN2	880.431	0.0224	0.0952	0.6145	0.959
EPN2-IT1	0.5342	0.0017	0.1207	0.5718	NA
EPN3	134.8331	0.0436	0.1074	0.1771	0.8611
EPOR	158.9597	-0.0765	0.1161	0.0305	0.707
EPPK1	1448.803	0.1115	0.1311	0.0066	0.5102
EPRS	4225.5341	0.0717	0.0992	0.1105	0.8281
EPS15	1116.9505	-0.0072	0.0942	0.8721	0.9894
EPS15L1	740.7216	0.0098	0.0953	0.8238	0.9851
EPS8	1031.4066	0.0188	0.0956	0.6684	0.9698
EPS8L1	99.0063	0.0177	0.1056	0.5485	0.9489
EPS8L2	7501.7536	0.0068	0.0903	0.8877	0.9899
EPS8L3	35.0603	-0.0066	0.1093	0.7346	0.976
EPSTI1	8.8882	-0.0029	0.1115	0.7903	0.9836
EPT1	1878.6645	0.0299	0.0971	0.4839	0.9322
EPX	0.5507	0.0016	0.1213	0.5809	NA
EQTN	0.2328	-7e-04	0.1199	0.8054	NA
ERAL1	1397.0983	-0.0194	0.0945	0.6652	0.969
ERAP1	1037.6158	0.0338	0.1	0.3943	0.917
ERAP2	39.9939	0.0164	0.1093	0.4424	0.9232
ERAS	0.5211	0.0016	0.1212	0.5955	NA
ERBB2	5738.9404	0.0868	0.0972	0.0696	0.7804
ERBB2IP	2074.9706	0.037	0.0984	0.3759	0.9119
ERBB3	421.8982	0.0269	0.1011	0.4759	0.9312
ERBB4	927.0712	0.0396	0.1014	0.3066	0.8992
ERC1	1290.9996	0.0333	0.0996	0.407	0.9185
ERC2	13.7849	-0.0265	0.1196	0.0326	0.7128
ERC2-IT1	0.2605	9e-04	0.1202	0.7459	NA
ERCC1	855.1476	-0.0296	0.1001	0.4503	0.9232
ERCC2	989.6782	0.0287	0.0956	0.516	0.9411
ERCC3	1344.5896	0.0585	0.0948	0.2091	0.8772
ERCC4	321.9188	0.0138	0.1033	0.6773	0.9708
ERCC5	526.8428	-0.0062	0.0976	0.8814	0.9899
ERCC6	271.7078	0.0293	0.103	0.406	0.9185
ERCC6-PGBD3	87.0393	0.0021	0.1151	0.6355	0.9654
ERCC6L	320.898	-0.0066	0.1015	0.8534	0.9876
ERCC6L2	84.1206	0.0246	0.1099	0.2745	0.8936
ERCC8	135.848	-0.027	0.1046	0.4085	0.9187
EREG	3.1073	-0.0047	0.1139	0.4468	NA
ERF	2170.2346	0.03	0.0943	0.5091	0.9397
ERG	0.4186	0.0014	0.121	0.6276	NA
ERGIC1	3291.6212	0.0194	0.0913	0.6843	0.9712
ERGIC2	931.8126	-0.0076	0.0952	0.8628	0.9887
ERGIC3	3234.1165	-0.0175	0.0935	0.7027	0.9724
ERH	3921.07	-0.0508	0.0966	0.2551	0.8895
ERI1	850.6007	0.0529	0.0962	0.241	0.886
ERI2	296.0618	-0.0037	0.1008	0.9193	0.9932
ERI3	1269.9004	-0.0577	0.0974	0.1958	0.871
ERICH1	278.0254	-0.0177	0.1006	0.6395	0.9658
ERLEC1	1240.962	-0.0103	0.0935	0.8218	0.9851
ERLIN1	2680.3951	0.0184	0.0916	0.6987	0.9722
ERLIN2	1838.3863	0.0132	0.0946	0.7681	0.9791
ERMAP	151.2136	-0.0157	0.1036	0.6327	0.9643
ERMARD	157.8153	-0.0361	0.1048	0.2864	0.8971
ERMP1	5503.7222	0.0674	0.0955	0.1501	0.8598
ERN1	278.4515	0.064	0.1092	0.0768	0.7999
ERN2	0.2605	9e-04	0.1202	0.7459	NA
ERO1L	1447.5696	0.0412	0.0977	0.336	0.9028
ERO1LB	113.4644	-0.0132	0.1052	0.6562	0.969
ERP27	196.0132	-0.0623	0.1083	0.0869	0.807
ERP29	3376.007	-0.0126	0.0943	0.7803	0.9806
ERP44	1043.6317	-0.0182	0.0948	0.6832	0.9712
ERRFI1	5488.5602	0.0845	0.0946	0.0837	0.807
ERV3-1	48.278	0.0275	0.1106	0.2128	0.8774
ERVFRD-1	1.7731	0.0028	0.1147	0.5666	NA
ERVK13-1	87.3722	0.0106	0.1061	0.6996	0.9723
ERVMER34-1	580.4332	-0.0357	0.0982	0.395	0.9174
ERVW-1	3.9908	-6e-04	0.1124	0.9379	NA
ESAM	12.1641	-0.0215	0.1155	0.0727	0.7886
ESCO1	410.6039	0.0091	0.1005	0.8089	0.984
ESCO2	563.7248	-0.0254	0.0985	0.5351	0.9444
ESD	1724.3558	-0.0574	0.0958	0.2105	0.8773
ESF1	626.7687	0.0224	0.0986	0.5806	0.9552
ESPL1	1073.3297	0.045	0.0977	0.2978	0.8992
ESPN	13.748	0.0083	0.1114	0.5195	0.9416
ESPNL	79.6345	0.0135	0.1066	0.6168	0.9592
ESPNP	0.5217	0.0016	0.1212	0.5952	NA
ESR1	0.2605	9e-04	0.1202	0.7459	NA
ESR2	3.1969	1e-04	0.1126	0.9827	NA
ESRP1	1.8911	-0.0047	0.1172	0.3335	NA
ESRP2	816.4728	0.035	0.0958	0.4289	0.9207
ESRRA	1212.9111	0.0094	0.0948	0.8335	0.9854
ESRRG	0.7961	0.0029	0.1206	0.4149	NA
ESYT1	4901.6406	0.0164	0.0922	0.7261	0.9758
ESYT2	2437.8858	0.0273	0.0942	0.548	0.9489
ESYT3	20.1246	-0.002	0.1102	0.9011	0.9908
ETAA1	282.3537	-0.0149	0.1008	0.6897	0.9712
ETF1	4857.5649	0.0517	0.0921	0.2824	0.8965
ETFA	2263.3045	-0.0343	0.0939	0.4561	0.9254
ETFB	1193.241	-0.0601	0.0994	0.1656	0.8611
ETFDH	428.889	-0.0541	0.1006	0.1923	0.8684
ETHE1	1294.5416	-0.0107	0.0971	0.7986	0.9839
ETNK1	871.6901	0.0435	0.0998	0.2876	0.8971
ETNK2	619.5498	-0.0136	0.0966	0.7499	0.977
ETS1	481.8546	0.0264	0.0997	0.5032	0.9369
ETS2	632.076	0.0464	0.0972	0.2893	0.8971
ETV1	233.9303	-0.0362	0.1024	0.3283	0.9003
ETV2	8.0939	-0.005	0.1119	0.6169	0.9592
ETV3	458.6927	0.0519	0.1032	0.18	0.8633
ETV4	1440.8606	-0.04	0.0957	0.3706	0.9111
ETV5	1495.6505	0.0552	0.095	0.2329	0.8859
ETV6	377.7417	-0.0156	0.0985	0.6998	0.9723
ETV7	1.9488	-0.0013	0.1134	0.8228	NA
EVA1A	712.6148	-0.0201	0.0967	0.6375	0.9657
EVA1B	935.187	-0.0538	0.1002	0.1981	0.8721
EVC	471.6023	0.0122	0.1108	0.4403	0.9232
EVI2A	0.7501	9e-04	0.1176	0.7774	NA
EVI2B	0.8067	0.0029	0.1206	0.4106	NA
EVI5	835.3173	0.0874	0.1096	0.0372	0.7463
EVI5L	409.5558	-0.0445	0.0998	0.2781	0.895
EVL	224.3035	-0.0682	0.1082	0.0729	0.7888
EVPL	571.8097	0.0814	0.1071	0.0517	0.7552
EWSR1	6763.019	0.0716	0.0929	0.1416	0.8598
EXD2	240.4939	-0.0077	0.1013	0.8322	0.9854
EXD3	199.7249	-0.0164	0.1033	0.624	0.9619
EXO1	493.8177	0.0036	0.0973	0.9314	0.9937
EXO5	158.9918	0.0052	0.1028	0.8776	0.9899
EXOC1	416.605	-0.0226	0.0986	0.5783	0.9552
EXOC2	734.0889	0.0334	0.0968	0.4393	0.923
EXOC3	1026.9812	0.0119	0.0939	0.793	0.9836
EXOC3L1	0.2609	9e-04	0.1202	0.7456	NA
EXOC3L2	0.2289	-7e-04	0.1199	0.8029	NA
EXOC3L4	37.1528	-0.0529	0.1218	0.014	0.6102
EXOC4	1041.0736	0.0559	0.0971	0.211	0.8773
EXOC5	1871.0405	0.0075	0.095	0.866	0.9887
EXOC6	513.9229	-0.0119	0.0973	0.7759	0.9803
EXOC6B	776.0582	0.0517	0.099	0.2257	0.8832
EXOC7	3951.0497	0.0425	0.0938	0.3598	0.9097
EXOC8	356.5979	0.0394	0.1016	0.3056	0.8992
EXOG	257.6475	-0.0112	0.1013	0.7592	0.9791
EXOSC1	340.1691	-0.0279	0.1002	0.473	0.9309
EXOSC10	1826.0728	0.0644	0.0944	0.1736	0.8611
EXOSC2	963.0602	0.0247	0.0948	0.5813	0.9552
EXOSC3	811.9555	-0.0537	0.0972	0.2259	0.8832
EXOSC4	968.4852	-0.0092	0.0982	0.8215	0.9851
EXOSC5	669.815	-0.0356	0.1	0.372	0.9111
EXOSC6	718.0142	0.0632	0.0988	0.1522	0.8598
EXOSC7	780.2252	-0.0093	0.0961	0.8296	0.9854
EXOSC8	498.5645	-0.0277	0.0996	0.4858	0.9323
EXOSC9	492.8573	-0.0183	0.0982	0.6555	0.969
EXPH5	131.4007	0.0118	0.1056	0.6798	0.9708
EXT1	2419.8733	0.1178	0.107	0.0161	0.6309
EXT2	3505.2952	0.0493	0.0936	0.2931	0.8989
EXTL1	3.9659	9e-04	0.1124	0.9055	NA
EXTL2	255.8053	-0.0644	0.1077	0.085	0.807
EXTL3	2061.4516	6e-04	0.0927	0.9899	0.9973
EXTL3-AS1	0.24	-7e-04	0.1199	0.7975	NA
EYA1	0.24	-7e-04	0.1199	0.7975	NA
EYA3	956.3107	0.0369	0.0967	0.3972	0.9182
EYA4	545.7366	0.038	0.1021	0.3134	0.9
EYS	4.4029	-0.0041	0.1125	0.6072	NA
EZH1	291.3032	0.0284	0.1008	0.4575	0.9254
EZH2	817.8741	0.032	0.0954	0.4722	0.9307
EZR	22265.2138	0.0973	0.0968	0.0481	0.7463
F10	1.9796	-0.0011	0.1138	0.8257	NA
F11	1.894	-0.0012	0.1135	0.8216	NA
F11-AS1	0.2289	-7e-04	0.1199	0.8029	NA
F11R	3236.681	0.0192	0.0914	0.6866	0.9712
F12	35.6251	-0.0162	0.1101	0.3985	0.9184
F2	97.9766	0.0037	0.1059	0.8924	0.9899
F2R	4701.042	0.0468	0.0942	0.3122	0.9
F2RL1	1132.7124	-0.0541	0.0955	0.2378	0.886
F2RL2	690.1963	0.039	0.0963	0.3756	0.9119
F2RL3	16.2706	0.0052	0.1109	0.7062	0.9724
F3	2891.3236	0.0234	0.092	0.62	0.9603
F5	13.5896	-0.0041	0.111	0.7582	0.9789
F7	0.2729	9e-04	0.1202	0.7407	NA
F8	4.1121	-0.0086	0.1152	0.2223	NA
F8A1	807.3515	-0.0463	0.0996	0.2642	0.89
F8A2	47.0927	8.6098	1.5645	0	0
F8A3	12.8242	-0.0048	0.1419	0.1424	0.8598
FA2H	764.4363	0.0065	0.0956	0.8807	0.9899
FAAH	209.3597	-0.0175	0.1024	0.6172	0.9593
FAAH2	15.7823	-9e-04	0.1108	0.947	0.9956
FABP2	1.9247	-0.0031	0.1142	0.5678	NA
FABP3	2317.2286	-0.0639	0.0999	0.1413	0.8598
FABP4	0.2322	-7e-04	0.1199	0.8002	NA
FABP5	797.1493	-0.1219	0.1196	0.0091	0.5461
FABP5P3	0.2289	-7e-04	0.1199	0.8029	NA
FABP6	5.922	-0.0018	0.1119	0.849	0.9868
FADD	825.5357	-0.0026	0.0963	0.9524	0.9956
FADS1	3094.7858	-0.0285	0.0947	0.5278	0.9418
FADS2	2717.7084	-0.0359	0.0921	0.4494	0.9232
FADS3	1732.4021	-0.046	0.0956	0.3078	0.8996
FADS6	1.2	-0.0037	0.1216	0.3255	NA
FAF1	1364.7704	0.0155	0.0933	0.736	0.9761
FAF2	2095.2543	0.0567	0.0951	0.2205	0.8832
FAH	545.927	-0.0657	0.1018	0.1203	0.8309
FAHD1	677.2982	0.0173	0.0966	0.6858	0.9712
FAHD2A	252.7341	-0.1308	0.1448	0.0028	0.3923
FAHD2B	54.7056	-0.023	0.1091	0.3311	0.901
FAHD2CP	7.6658	-0.0023	0.1117	0.8238	0.9851
FAIM	123.7553	-0.0548	0.1108	0.0858	0.807
FAIM2	0.2729	9e-04	0.1202	0.7407	NA
FAM101A	12.7093	-0.0127	0.112	0.3153	0.9
FAM101B	1662.5429	-0.031	0.0931	0.5054	0.9381
FAM102A	863.9434	0.0736	0.0986	0.1062	0.8257
FAM102B	720.6551	0.0073	0.0974	0.8599	0.9881
FAM103A1	610.6198	-0.008	0.0962	0.8522	0.9876
FAM104A	741.7457	-0.0344	0.0964	0.4311	0.9218
FAM104B	237.4316	-0.0529	0.1061	0.142	0.8598
FAM105A	205.2849	-0.0134	0.1018	0.7082	0.973
FAM105B	883.8549	-0.0171	0.0969	0.6862	0.9712
FAM106CP	0.2289	-7e-04	0.1199	0.8029	NA
FAM107A	219.3195	0.0269	0.1019	0.4611	0.9264
FAM107B	642.465	-0.0222	0.0961	0.6096	0.9583
FAM109A	270.7318	0.0088	0.1006	0.8133	0.985
FAM109B	191.1257	-0.0269	0.1026	0.4488	0.9232
FAM110A	206.4911	0.0024	0.1022	0.9442	0.9954
FAM110B	0.2289	-7e-04	0.1199	0.8029	NA
FAM110C	180.6286	0.0295	0.1032	0.4016	0.9185
FAM110D	12.577	-0.0125	0.1119	0.3268	0.9003
FAM111A	854.3515	-0.031	0.0956	0.4847	0.9322
FAM111B	231.5676	0.0231	0.1012	0.5336	0.9444
FAM114A1	486.7008	-0.0259	0.0982	0.5304	0.9428
FAM114A2	221.3783	-0.0659	0.1079	0.0804	0.8068
FAM115A	1321.3386	0.0517	0.1025	0.1889	0.8684
FAM115C	3.1689	-0.001	0.1127	0.8781	NA
FAM117A	120.9018	-0.0357	0.1063	0.2615	0.89
FAM117B	330.6053	-0.0156	0.1001	0.683	0.9712
FAM118A	247.6469	-8e-04	0.1007	0.9821	0.9961
FAM118B	491.6631	0.0118	0.0971	0.7786	0.9806
FAM120A	4787.6855	0.057	0.0961	0.2105	0.8773
FAM120AOS	1097.2828	-0.0295	0.0946	0.5135	0.9406
FAM120B	515.9843	-0.0077	0.0976	0.8528	0.9876
FAM120C	274.452	0.0773	0.1104	0.0473	0.7463
FAM122A	631.0962	0.0091	0.0964	0.8311	0.9854
FAM122B	698.3542	-0.0264	0.0964	0.5416	0.9465
FAM122C	23.2495	-0.0097	0.1102	0.5673	0.9534
FAM124A	19.5634	0.0069	0.1105	0.6612	0.969
FAM124B	0.5467	0.0016	0.1213	0.5861	NA
FAM126A	972.1733	0.0254	0.0985	0.5339	0.9444
FAM126B	928.6963	0.0687	0.1049	0.09	0.8072
FAM127A	1753.078	0.0026	0.0981	0.9491	0.9956
FAM127B	870.0656	-0.0225	0.0994	0.5702	0.9544
FAM127C	581.1961	0.0023	0.0962	0.9578	0.9956
FAM129A	10.7741	0.0115	0.1121	0.3235	0.9
FAM129B	5822.4007	0.0756	0.0931	0.1216	0.8309
FAM129C	2.5212	-0.0025	0.1137	0.6505	NA
FAM131A	269.4606	-0.0212	0.1009	0.5717	0.9544
FAM131B	65.3748	-0.0048	0.1069	0.8508	0.9872
FAM131C	4.9114	0.0033	0.1123	0.6862	0.9712
FAM132A	6.3403	-0.0069	0.1123	0.4667	0.9279
FAM132B	6.6893	-0.0169	0.1218	0.0535	0.7578
FAM133B	544.5574	0.0559	0.0997	0.1885	0.8684
FAM133CP	1.7962	0.0028	0.1146	0.5722	NA
FAM133DP	29.8547	0.0105	0.1098	0.5724	0.9544
FAM134A	1731.0181	0.0268	0.0936	0.5599	0.9513
FAM134B	5.5692	-8e-04	0.1121	0.9255	0.9934
FAM134C	665.7957	0.0643	0.1007	0.1333	0.8498
FAM135A	595.2404	0.0101	0.0992	0.7978	0.9839
FAM135B	0.2605	9e-04	0.1202	0.7459	NA
FAM136A	2264.4916	-0.0797	0.0965	0.093	0.814
FAM13A	329.5513	0.0045	0.1022	0.896	0.9903
FAM13A-AS1	9.9814	0.0101	0.1121	0.364	0.9102
FAM13B	668.6628	0.0335	0.0986	0.4165	0.9204
FAM13C	1.0272	0.0017	0.1169	0.6523	NA
FAM149A	112.7311	-0.0135	0.1051	0.6496	0.9682
FAM149B1	314.752	-0.034	0.1003	0.3874	0.9162
FAM150A	0.2734	0.001	0.1202	0.7402	NA
FAM150B	1.0181	0.0018	0.117	0.6317	NA
FAM151A	0.5211	0.0016	0.1212	0.5955	NA
FAM151B	27.7586	0.0012	0.1096	0.949	0.9956
FAM154B	1.0215	-0.0023	0.1167	0.562	NA
FAM155A	11.0328	-0.015	0.1132	0.1821	0.8669
FAM155A-IT1	0.2729	9e-04	0.1202	0.7407	NA
FAM155B	269.1459	0.0075	0.1	0.8438	0.986
FAM156A	103.6691	0.0934	0.1361	0.0043	0.4591
FAM156B	217.7756	-0.0577	0.1115	0.0739	0.7897
FAM157A	9.1571	0.0022	0.1117	0.8254	0.9853
FAM157B	0.5211	0.0016	0.1212	0.5955	NA
FAM160A1	636.5208	0.036	0.1027	0.3255	0.9001
FAM160A2	494.4595	0.0715	0.1026	0.0935	0.8142
FAM160B1	748.2429	0.0295	0.0963	0.4978	0.9351
FAM160B2	690.7419	0.0386	0.0965	0.3788	0.9124
FAM161A	97.8739	-0.0327	0.1073	0.2674	0.89
FAM161B	159.1518	0.0129	0.104	0.685	0.9712
FAM162A	537.7641	-0.0588	0.1008	0.1615	0.8611
FAM166A	1.6541	-0.004	0.1181	0.3635	NA
FAM166B	2.5629	0.0027	0.1132	0.6656	NA
FAM167A	38.3083	-0.0029	0.1086	0.8905	0.9899
FAM167B	2.6813	-0.0016	0.1133	0.7777	NA
FAM168A	1390.7144	0.0199	0.0962	0.6459	0.9672
FAM168B	4181.1628	0.0659	0.096	0.1553	0.8598
FAM169A	708.3365	-0.0016	0.0981	0.968	0.9956
FAM169B	0.2289	-7e-04	0.1199	0.8029	NA
FAM171A1	714.2836	0.0616	0.0986	0.1627	0.8611
FAM171A2	834.9908	0.0156	0.0951	0.7252	0.9755
FAM171B	1556.8454	0.0283	0.0989	0.4853	0.9322
FAM172A	263.2193	-0.0038	0.1001	0.9202	0.9932
FAM173A	583.1257	-0.0751	0.1093	0.0545	0.7614
FAM173B	265.4281	-0.0441	0.103	0.2406	0.886
FAM174A	209.6162	-0.0162	0.102	0.6471	0.9677
FAM174B	326.402	-0.0295	0.1002	0.4511	0.9232
FAM175A	120.7435	-0.0167	0.1048	0.5872	0.9552
FAM175B	475.7671	0.0351	0.0981	0.4036	0.9185
FAM177A1	595.8066	-0.043	0.0993	0.2993	0.8992
FAM178A	685.4794	0.0202	0.0962	0.6403	0.9658
FAM178B	0.9793	-0.0021	0.1169	0.5822	NA
FAM179A	31.1209	0.0044	0.1093	0.8183	0.985
FAM179B	55.3837	0.0166	0.1086	0.4725	0.9307
FAM180B	0.46	-0.0013	0.1206	0.648	NA
FAM181B	4.645	-0.0055	0.1131	0.4604	0.9261
FAM182A	0.7624	0.0011	0.1168	0.7522	NA
FAM183A	1.3514	-0.0052	0.1223	0.2321	NA
FAM184A	0.9483	0.0015	0.117	0.6852	NA
FAM184B	15.8493	0.004	0.1107	0.7773	0.9806
FAM185A	107.896	0.0285	0.1061	0.3507	0.9072
FAM186A	2.3219	-0.0036	0.1146	0.4983	NA
FAM186B	4.1463	0.0096	0.1154	0.1924	NA
FAM188A	365.7339	-0.0309	0.0992	0.4445	0.9232
FAM188B	75.5406	-0.0265	0.1084	0.3073	0.8992
FAM189A1	124.4082	0.0086	0.104	0.7844	0.9821
FAM189A2	22.5869	0.0089	0.1106	0.5674	0.9534
FAM189B	1662.3037	-0.0463	0.0973	0.2887	0.8971
FAM192A	1106.771	-0.084	0.0998	0.0692	0.7804
FAM193A	608.1093	0.0673	0.101	0.1182	0.8305
FAM193B	553.77	0.0013	0.0964	0.9758	0.9959
FAM195A	498.1718	-0.0782	0.1111	0.0439	0.7463
FAM195B	1812.1045	-0.0205	0.0969	0.6287	0.9639
FAM196A	36.5489	0.0065	0.1089	0.7495	0.977
FAM198A	153.6196	0.0072	0.1035	0.8241	0.9852
FAM198B	3.3621	0.0028	0.1131	0.6595	NA
FAM199X	1250.1889	0.0017	0.0967	0.9679	0.9956
FAM19A2	0.233	-7e-04	0.1199	0.7996	NA
FAM19A4	0.522	0.0016	0.1212	0.5951	NA
FAM200A	145.2908	-0.0258	0.1041	0.437	0.9227
FAM200B	248.3393	-0.0611	0.106	0.1084	0.8274
FAM201A	35.4608	-0.0082	0.109	0.688	0.9712
FAM201B	2.2233	-4e-04	0.1134	0.9458	NA
FAM203A	1498.8156	-0.0028	0.0942	0.9511	0.9956
FAM204A	595.2755	-0.0481	0.0981	0.2644	0.89
FAM206A	289.7332	-0.0021	0.0995	0.9563	0.9956
FAM207A	933.9899	0.0039	0.0976	0.9255	0.9934
FAM208A	1436.1273	0.0596	0.1005	0.1591	0.8611
FAM208B	2636.7736	0.1241	0.1321	0.0053	0.4955
FAM209B	1.4785	-0.0014	0.1144	0.7702	NA
FAM20A	0.5213	0.0016	0.1212	0.5954	NA
FAM20B	2146.2053	0.0714	0.0994	0.1107	0.8281
FAM20C	18.145	0.0066	0.1106	0.664	0.969
FAM210A	485.2647	-0.0476	0.0998	0.2506	0.8873
FAM210B	1077.656	-0.0852	0.0995	0.0674	0.7786
FAM211A	16.7966	0.0062	0.1108	0.6675	0.9696
FAM211A-AS1	6401.5826	-0.0656	0.0965	0.1541	0.8598
FAM211B	48.3574	-0.0045	0.1083	0.8369	0.9854
FAM212A	5.016	0.0029	0.1122	0.7305	0.9759
FAM212B	271.8047	-0.0209	0.1007	0.5804	0.9552
FAM212B-AS1	7.9296	-0.0075	0.1122	0.4473	0.9232
FAM213A	919.9148	-0.0632	0.0982	0.1562	0.8598
FAM213B	3899.9184	0.0069	0.0914	0.8845	0.9899
FAM214A	287.7726	-0.0356	0.1016	0.3485	0.9067
FAM214B	263.0649	-0.0073	0.1017	0.8375	0.9854
FAM216A	243.1428	-0.0136	0.101	0.7116	0.9733
FAM217A	0.2289	-7e-04	0.1199	0.8029	NA
FAM217B	443.7416	0.0251	0.0988	0.5358	0.9444
FAM218A	1.7751	0.0027	0.1147	0.5791	NA
FAM219A	444.946	0.0358	0.0994	0.3775	0.9119
FAM219B	522.9508	9e-04	0.0977	0.9823	0.9961
FAM21A	970.4447	0.0037	0.0947	0.9345	0.9943
FAM21C	733.6334	0.0351	0.1004	0.3734	0.9119
FAM220A	556.1214	-0.0052	0.0968	0.9017	0.991
FAM221A	127.6425	-0.029	0.1053	0.3639	0.9102
FAM221B	0.5458	0.0016	0.1213	0.5866	NA
FAM222A	193.7713	-0.0126	0.103	0.7073	0.9725
FAM222A-AS1	2.2842	0.0032	0.1136	0.5858	NA
FAM222B	893.6039	0.0446	0.0969	0.3093	0.8998
FAM223B	1.5972	0.0042	0.1171	0.3676	NA
FAM225A	163.2467	0.0517	0.1085	0.1198	0.8309
FAM226A	4.982	-0.0017	0.1125	0.8118	0.9849
FAM226B	4.7519	-0.0045	0.1136	0.4819	0.932
FAM227A	45.602	0.017	0.1091	0.4384	0.9227
FAM227B	17.2542	-0.0127	0.1112	0.3918	0.9162
FAM228B	12.354	-0.0174	0.1129	0.1692	0.8611
FAM229A	3.5175	-0.0078	0.122	0.1499	NA
FAM229B	94.7001	-0.0093	0.1057	0.7421	0.9761
FAM25A	3.3102	-0.0018	0.1127	0.791	NA
FAM26E	1.7283	-5e-04	0.1139	0.9204	NA
FAM26F	0.525	0.0016	0.1212	0.5936	NA
FAM27B	97.4951	-0.0452	0.1114	0.104	0.8247
FAM27C	1.0982	0.0035	0.122	0.334	NA
FAM27E2	3.203	-0.0018	0.1127	0.7986	NA
FAM27E3	50.246	-0.0095	0.1085	0.6632	0.969
FAM32A	1590.0188	-0.006	0.0936	0.8957	0.9903
FAM35A	573.734	-0.0391	0.0981	0.3559	0.9092
FAM35BP	2.73	-2e-04	0.1128	0.9788	NA
FAM35DP	11.9955	-6e-04	0.1111	0.9614	0.9956
FAM3A	756.4812	-0.072	0.1013	0.0986	0.821
FAM3C	1325.9806	-0.0182	0.0934	0.6912	0.9715
FAM41C	0.2609	9e-04	0.1202	0.7456	NA
FAM43A	305.6456	0.1113	0.1238	0.0097	0.5526
FAM45A	484.0771	-0.0391	0.0981	0.3559	0.9092
FAM45B	54.8723	-0.0239	0.1091	0.3153	0.9
FAM46A	640.1197	0.0063	0.0974	0.8786	0.9899
FAM46B	247.4829	0.0073	0.1007	0.8434	0.986
FAM46C	8.2267	9e-04	0.1115	0.9299	0.9937
FAM47E	2.7818	0	0.1128	0.9968	NA
FAM47E-STBD1	9.0673	-0.0166	0.1164	0.0873	0.807
FAM49A	2.1819	-0.0019	0.1136	0.7273	NA
FAM49B	2249.6658	-0.0235	0.0934	0.6101	0.9583
FAM50A	1378.2503	-0.0408	0.0955	0.3635	0.9102
FAM50B	161.6838	-0.0112	0.1035	0.7316	0.976
FAM53A	17.5048	-0.0195	0.1129	0.1539	0.8598
FAM53B	981.2338	0.0782	0.1	0.0844	0.807
FAM53C	1108.5839	0.0167	0.0947	0.7089	0.9731
FAM57A	771.3452	-0.0147	0.096	0.7348	0.976
FAM57B	4.1877	-0.0023	0.1124	0.7646	NA
FAM58A	499.6988	-0.0409	0.1003	0.3084	0.8998
FAM60A	1008.7354	-0.0256	0.0943	0.572	0.9544
FAM63A	84.2029	-0.0317	0.1084	0.2479	0.8873
FAM63B	1396.6576	0.0134	0.1112	0.3723	0.9113
FAM64A	685.7077	-0.04	0.0966	0.3612	0.9102
FAM65A	1482.5817	0.0484	0.0947	0.2925	0.8986
FAM65B	1345.7783	0.0462	0.0986	0.2767	0.8937
FAM65C	155.7416	0.0738	0.1161	0.0323	0.7128
FAM66A	0.2289	-7e-04	0.1199	0.8029	NA
FAM66B	1.7573	0.0013	0.1136	0.8045	NA
FAM66C	2.8721	-0.006	0.1152	0.3169	NA
FAM66D	2.758	-1e-04	0.1129	0.9829	NA
FAM66E	0.5211	0.0016	0.1212	0.5955	NA
FAM69A	193.0463	-0.0496	0.1054	0.1685	0.8611
FAM69B	467.1225	-0.0069	0.0985	0.8642	0.9887
FAM69C	5.1317	-0.0047	0.1124	0.581	0.9552
FAM71D	0.6833	-0.0022	0.12	0.5026	NA
FAM71E1	28.1298	-0.0076	0.1099	0.6692	0.9698
FAM71F2	1.277	0.0013	0.1144	0.7765	NA
FAM72A	114.7146	-0.0214	0.1055	0.4772	0.9313
FAM72B	159.8615	0.0053	0.103	0.8724	0.9894
FAM72C	126.9496	-0.001	0.1043	0.9751	0.9959
FAM72D	104.8145	-0.0424	0.1089	0.1578	0.8607
FAM73A	620.4938	0.0865	0.1092	0.0391	0.7463
FAM73B	684.1667	0.0718	0.1021	0.0954	0.82
FAM76A	77.3385	-0.0262	0.1078	0.333	0.9014
FAM76B	278.6947	-2e-04	0.1002	0.9965	0.9991
FAM78A	11.8706	-0.0074	0.1116	0.5312	0.9433
FAM78B	3.0298	0.0024	0.1129	0.7191	NA
FAM81A	6.3234	-0.0087	0.1127	0.3506	0.9071
FAM83A	1.9201	0.0022	0.1147	0.6429	NA
FAM83B	0.8882	-0.0027	0.1211	0.4276	NA
FAM83D	1335.9395	0.0016	0.0931	0.973	0.9959
FAM83E	11.2812	-0.0074	0.1114	0.551	0.9489
FAM83G	67.3706	0.0154	0.1078	0.5314	0.9433
FAM83H	1649.1155	0.0943	0.1029	0.042	0.7463
FAM83H-AS1	42.1934	0.0015	0.1083	0.9451	0.9956
FAM84A	17.5246	-0.0113	0.111	0.4502	0.9232
FAM84B	2298.389	0.0089	0.0929	0.8479	0.9866
FAM85A	12.7324	-0.0036	0.1111	0.7807	0.9806
FAM86A	456.4897	-0.0316	0.0993	0.4335	0.9227
FAM86B1	34.9427	-0.0154	0.1097	0.4386	0.9227
FAM86B2	15.2272	-0.0095	0.1114	0.4756	0.9312
FAM86B3P	7.9589	1e-04	0.1116	0.9948	0.9991
FAM86C1	151.2617	-0.0403	0.1061	0.2226	0.8832
FAM86C2P	89.8564	-0.0193	0.1063	0.495	0.9344
FAM86DP	94.8993	-0.035	0.1082	0.2242	0.8832
FAM86EP	48.0336	-0.017	0.1087	0.4567	0.9254
FAM86FP	21.9672	-0.0242	0.1127	0.1401	0.8585
FAM86HP	3.0939	-0.0067	0.1155	0.2749	NA
FAM86JP	38.3794	-0.0173	0.1095	0.4099	0.9188
FAM87A	0.4788	-0.0014	0.1207	0.6406	NA
FAM87B	0.7323	-6e-04	0.1174	0.8527	NA
FAM89A	104.8816	-0.0294	0.1067	0.3229	0.9
FAM89B	1774.8824	-2e-04	0.0966	0.9958	0.9991
FAM8A1	739.0601	-0.0682	0.1	0.1202	0.8309
FAM90A1	0.2298	-7e-04	0.1199	0.8022	NA
FAM90A25P	0.7327	-6e-04	0.1174	0.8526	NA
FAM90A2P	0.2349	-7e-04	0.1199	0.8031	NA
FAM91A1	1740.5991	0.0777	0.1073	0.0575	0.7658
FAM92A1	514.8987	-0.0757	0.1026	0.0809	0.807
FAM92B	2.0133	-9e-04	0.1141	0.8489	NA
FAM95B1	1.4452	-0.0032	0.1162	0.4721	NA
FAM95C	30.6043	0.018	0.1104	0.3457	0.9058
FAM96A	929.1391	-0.0793	0.103	0.0698	0.7804
FAM96B	1103.722	-0.0403	0.0998	0.3208	0.9
FAM98A	1416.7213	-0.0117	0.0931	0.8003	0.9839
FAM98B	1063.3804	-0.041	0.095	0.3665	0.9102
FAM98C	215.2148	-0.0272	0.1025	0.4477	0.9232
FAM9C	0.2295	-7e-04	0.1199	0.8024	NA
FAN1	689.7395	0.0134	0.0971	0.7505	0.977
FANCA	1047.2437	0.061	0.099	0.1628	0.8611
FANCB	55.2003	-0.0067	0.108	0.7681	0.9791
FANCC	505.0407	0.0147	0.098	0.7199	0.9753
FANCD2	1283.5422	0.0096	0.0953	0.8271	0.9853
FANCE	369.0781	-0.0098	0.0999	0.7992	0.9839
FANCF	190.0991	-0.0076	0.1018	0.8294	0.9854
FANCG	940.6196	-0.0393	0.0951	0.3843	0.9151
FANCI	2274.9864	-0.04	0.0947	0.3802	0.9133
FANCL	224.1263	-0.1177	0.1392	0.0039	0.4545
FANCM	262.9926	0.0484	0.1077	0.1454	0.8598
FANK1	2.5458	-0.001	0.113	0.8706	NA
FAR1	1667.7651	0.0094	0.0945	0.8338	0.9854
FAR2	17.2961	-0.0056	0.1106	0.7066	0.9724
FAR2P1	23.2986	0.0148	0.1111	0.3528	0.908
FAR2P2	43.2879	-0.0053	0.1087	0.8011	0.9839
FARP1	3478.3504	0.0286	0.092	0.5453	0.9484
FARP2	226.1055	0.0526	0.1137	0.0623	0.7689
FARS2	299.2408	-0.0214	0.1	0.5807	0.9552
FARSA	2706.2092	0.0042	0.0933	0.9273	0.9937
FARSB	1246.8299	-0.0117	0.0938	0.7973	0.9839
FAS	516.804	-0.034	0.0978	0.4206	0.9204
FAS-AS1	1.6275	0.0064	0.1258	0.1599	NA
FASN	13003.9116	0.0934	0.1047	0.0398	0.7463
FASTK	1656.5555	-0.0483	0.0988	0.2549	0.8893
FASTKD1	375.2242	-0.0538	0.1026	0.1748	0.8611
FASTKD2	818.8924	0.0139	0.0954	0.7511	0.9774
FASTKD3	189.8525	-0.0092	0.102	0.7922	0.9836
FASTKD5	722.0789	0.0077	0.0964	0.8577	0.9881
FAT1	8988.9382	0.1655	0.1624	0.0011	0.2735
FAT2	21.3286	0.0218	0.1122	0.1766	0.8611
FAT3	0.4961	0	0.1192	0.9937	NA
FAT4	164.8456	0.0359	0.1086	0.2058	0.8747
FAU	5276.4215	-0.0471	0.0972	0.282	0.8964
FAXC	9.0653	0.0057	0.1117	0.6048	0.9581
FAXDC2	6.6717	0.0177	0.1211	0.0522	0.7559
FBF1	247.599	0.043	0.1032	0.2469	0.8873
FBL	4856.8513	-0.0359	0.0962	0.4139	0.9204
FBLIM1	805.9468	0.0533	0.0968	0.2337	0.886
FBLL1	1.5102	4e-04	0.1138	0.9347	NA
FBLN1	5630.8304	0.0282	0.0922	0.5503	0.9489
FBLN2	1750.7965	0.0523	0.0951	0.2547	0.8893
FBLN5	193.2471	-0.0193	0.1023	0.5849	0.9552
FBLN7	5.7287	0.0019	0.112	0.8334	0.9854
FBN1	5167.2384	0.085	0.1156	0.0268	0.6814
FBN2	1912.2729	0.0722	0.1098	0.0575	0.7658
FBN3	5.7907	0.0034	0.1122	0.688	0.9712
FBP1	0.2609	9e-04	0.1202	0.7456	NA
FBP2	0.5211	0.0016	0.1212	0.5955	NA
FBRS	1601.2176	0.0267	0.0931	0.5651	0.9527
FBRSL1	2020.6326	0.0409	0.0949	0.368	0.9111
FBXL12	521.838	-0.0219	0.0982	0.594	0.9562
FBXL13	6.8376	-0.0072	0.1123	0.4511	0.9232
FBXL14	242.2863	0.0248	0.1029	0.4769	0.9312
FBXL15	313.9696	-0.0403	0.1021	0.2888	0.8971
FBXL16	6.3667	0.0086	0.1127	0.3498	0.9067
FBXL17	351.2026	-0.0035	0.0992	0.9298	0.9937
FBXL18	1073.7702	0.1441	0.137	0.0032	0.4115
FBXL19	1774.1702	0.0247	0.0929	0.595	0.9562
FBXL19-AS1	28.8031	0.0158	0.1116	0.2888	0.8971
FBXL2	185.0712	-0.0516	0.1061	0.1492	0.8598
FBXL20	405.0447	0.0307	0.0996	0.4413	0.9232
FBXL22	24.3426	-0.0025	0.11	0.8807	0.9899
FBXL3	693.2559	0.0427	0.0965	0.3334	0.9018
FBXL4	227.9261	0.003	0.1016	0.9325	0.994
FBXL5	670.0374	-0.0081	0.0958	0.853	0.9876
FBXL6	337.7694	-0.0561	0.1031	0.1567	0.8598
FBXL7	11.1768	-0.0015	0.1112	0.8997	0.9908
FBXL8	33.0239	-5e-04	0.1092	0.9804	0.9961
FBXO10	208.0105	0.0193	0.1017	0.5948	0.9562
FBXO11	1547.5888	0.0304	0.0947	0.5011	0.9357
FBXO15	1.0914	0.0042	0.1218	0.2911	NA
FBXO16	19.4254	-5e-04	0.1103	0.9729	0.9959
FBXO17	356.5669	-0.0049	0.0988	0.9021	0.991
FBXO18	1472.6101	0.016	0.0934	0.7283	0.9758
FBXO2	117.0396	-0.0505	0.1119	0.0848	0.807
FBXO21	938.4624	0.0464	0.0973	0.2881	0.8971
FBXO22	1186.6103	-0.0522	0.0948	0.258	0.89
FBXO22-AS1	7.6618	6e-04	0.1186	0.8441	0.986
FBXO24	6.6068	-0.0043	0.112	0.6504	0.9682
FBXO25	175.4466	-0.0427	0.1052	0.2194	0.8821
FBXO27	149.6144	-0.014	0.1035	0.6699	0.9698
FBXO28	898.2953	-0.0109	0.0945	0.8084	0.9839
FBXO3	406.1041	0.0131	0.0983	0.7472	0.9763
FBXO30	493.3701	0.0125	0.0983	0.7582	0.9789
FBXO31	675.3999	0.0606	0.0989	0.1658	0.8611
FBXO32	57.6184	0.0136	0.1077	0.5779	0.9552
FBXO33	274.1994	0.004	0.0998	0.9162	0.9932
FBXO34	722.0997	0.0448	0.0976	0.3004	0.8992
FBXO36	48.2555	0.0025	0.1079	0.9122	0.993
FBXO38	698.9706	0.0584	0.1005	0.1659	0.8611
FBXO4	155.5215	-0.045	0.1068	0.1771	0.8611
FBXO40	0.2289	-7e-04	0.1199	0.8029	NA
FBXO41	411.7837	0.0652	0.1044	0.1047	0.825
FBXO42	755.2424	0.03	0.0955	0.4989	0.9355
FBXO43	46.6406	-0.0039	0.1086	0.8527	0.9876
FBXO44	353.9764	-0.0025	0.0998	0.9487	0.9956
FBXO45	633.1971	0.0072	0.0967	0.8648	0.9887
FBXO46	574.7083	0.0409	0.0978	0.3385	0.903
FBXO48	31.8374	-0.0105	0.1095	0.5876	0.9552
FBXO5	630.1382	-0.0339	0.0969	0.4332	0.9227
FBXO6	355.5713	-0.0148	0.0998	0.7005	0.9724
FBXO7	1696.0301	-0.0125	0.0943	0.7818	0.981
FBXO8	254.5985	-0.0307	0.1016	0.4124	0.9201
FBXO9	761.2098	-0.062	0.0995	0.1537	0.8598
FBXW10	2.3887	0.0053	0.1154	0.3443	NA
FBXW11	1798.0294	0.0358	0.0939	0.4374	0.9227
FBXW2	1610.5751	0.0056	0.0935	0.9033	0.9911
FBXW4	768.9432	-0.051	0.0972	0.2487	0.8873
FBXW4P1	11.0111	0.0108	0.1119	0.3646	0.9102
FBXW5	4755.2118	0.0302	0.0929	0.5172	0.9416
FBXW7	1141.4499	0.0305	0.0962	0.4852	0.9322
FBXW8	482.0479	0.0488	0.1053	0.1744	0.8611
FBXW9	251.1751	-0.063	0.1061	0.1009	0.821
FCER1G	0.7251	-7e-04	0.1175	0.8418	NA
FCF1	861.6446	-0.0402	0.0963	0.3632	0.9102
FCGBP	1664.8574	0.0896	0.102	0.0514	0.7537
FCGR1A	0.7816	0.0024	0.1212	0.4647	NA
FCGR2A	4.9327	-0.0035	0.1124	0.6641	0.969
FCGR2B	0.2296	-7e-04	0.1199	0.8024	NA
FCGRT	1006.3332	-0.035	0.098	0.4051	0.9185
FCHO1	495.3988	-0.0363	0.1005	0.3566	0.9092
FCHO2	772.4089	0.0318	0.0986	0.4396	0.9231
FCHSD1	219.1364	-0.0429	0.1037	0.2407	0.886
FCHSD2	881.5854	0.0169	0.0964	0.6943	0.9722
FCN3	0.5211	0.0016	0.1212	0.5955	NA
FCRLB	7.6429	0.0031	0.1117	0.7638	0.9791
FDFT1	1424.3414	-0.0372	0.094	0.4196	0.9204
FDPS	2570.5347	-0.049	0.0955	0.2803	0.8964
FDPSP2	2.1017	0.0059	0.1184	0.2467	NA
FDX1	783.3259	-0.024	0.0969	0.5729	0.9544
FDX1L	516.1268	-0.0299	0.1004	0.4425	0.9232
FDXACB1	96.5553	-0.0112	0.1058	0.6919	0.9715
FDXR	2246.0313	-0.0441	0.0954	0.329	0.9004
FECH	1447.4634	0.0279	0.0934	0.5454	0.9484
FEM1A	1398.1295	0.0946	0.103	0.0414	0.7463
FEM1B	1035.6406	0.0163	0.0966	0.7024	0.9724
FEM1C	445.9473	0.01	0.0993	0.7991	0.9839
FEN1	2671.8404	-0.0187	0.092	0.6914	0.9715
FENDRR	0.5211	0.0016	0.1212	0.5955	NA
FER	89.9608	-6e-04	0.1062	0.9811	0.9961
FER1L4	13.7738	-0.0024	0.111	0.8534	0.9876
FER1L5	1.1981	-0.0024	0.1161	0.563	NA
FER1L6	0.5459	0.0016	0.1213	0.5865	NA
FERMT1	241.5895	0.0691	0.1082	0.0707	0.7825
FERMT2	2934.7333	0.0294	0.0925	0.5313	0.9433
FERMT3	15.8776	-0.002	0.1107	0.8908	0.9899
FES	22.3698	-0.0108	0.1113	0.436	0.9227
FETUB	12.0291	-0.0091	0.1116	0.4665	0.9278
FEZ1	119.9613	-0.0279	0.1067	0.3426	0.9041
FEZ2	526.6126	-0.0116	0.0973	0.7815	0.9807
FEZF1	1.3645	0.0045	0.1233	0.255	NA
FEZF1-AS1	0.7311	-6e-04	0.1174	0.8533	NA
FFAR1	0.24	-7e-04	0.1199	0.7975	NA
FFAR4	1.0024	3e-04	0.1148	0.9511	NA
FGD1	855.1813	0.0323	0.0957	0.4659	0.9277
FGD3	23.5549	-0.0107	0.1103	0.5304	0.9428
FGD4	870.3095	0.0622	0.1014	0.139	0.8585
FGD5-AS1	1991.6431	-0.0172	0.0935	0.708	0.9729
FGD5P1	0.2605	9e-04	0.1202	0.7459	NA
FGD6	278.9989	0.0244	0.1014	0.5102	0.9397
FGF1	0.7448	-7e-04	0.1165	0.8548	NA
FGF11	4.0795	-0.0066	0.1134	0.376	NA
FGF13	8.5897	0.0053	0.1118	0.6065	0.9581
FGF13-AS1	0.2289	-7e-04	0.1199	0.8029	NA
FGF14	0.7173	-0.002	0.1208	0.5252	NA
FGF17	0.7613	-0.0025	0.1198	0.474	NA
FGF18	5399.7472	0.0364	0.0943	0.426	0.9204
FGF19	0.794	0.0029	0.1206	0.4165	NA
FGF2	1827.7038	0.0074	0.0947	0.8687	0.9889
FGF22	0.7639	0.0011	0.1168	0.7548	NA
FGF8	35.4272	-0.0152	0.1097	0.4443	0.9232
FGF9	0.24	-7e-04	0.1199	0.7975	NA
FGFBP3	39.6582	0.005	0.1088	0.8087	0.9839
FGFR1	1789.5893	0.0787	0.0976	0.0922	0.8117
FGFR1OP	572.5497	-0.0337	0.0975	0.4277	0.9207
FGFR1OP2	664.0678	0.0161	0.0959	0.7107	0.9731
FGFR2	3358.5054	0.1192	0.1113	0.0133	0.6042
FGFR3	2783.7221	0.0562	0.0942	0.2303	0.8841
FGFR4	687.88	-0.064	0.0998	0.1411	0.8598
FGFRL1	775.0805	0.0353	0.0959	0.4253	0.9204
FGGY	146.2984	-0.0296	0.106	0.3386	0.903
FGL2	54.5125	0.0042	0.1074	0.8601	0.9881
FGR	0.5211	0.0016	0.1212	0.5955	NA
FH	1913.913	-0.0598	0.0946	0.2021	0.874
FHAD1	30.8602	-0.0185	0.1106	0.3232	0.9
FHDC1	258.4528	0.0369	0.1036	0.3005	0.8992
FHIT	31.1967	-0.0099	0.1095	0.608	0.9583
FHL1	18.5796	-0.0045	0.1105	0.7651	0.9791
FHL2	261.9837	-0.0032	0.1028	0.9237	0.9934
FHL3	336.9179	-0.0205	0.102	0.5668	0.9533
FHOD1	808.6873	-0.0313	0.0966	0.4699	0.9294
FHOD3	562.4907	0.0136	0.0986	0.7359	0.9761
FIBCD1	0.5458	0.0016	0.1213	0.5866	NA
FIBIN	3.905	-0.0059	0.1132	0.4235	NA
FIBP	1394.4809	-0.0211	0.098	0.6096	0.9583
FICD	83.9708	0.0213	0.107	0.4368	0.9227
FIG4	293.9079	-0.0323	0.1005	0.408	0.9187
FIGF	0.5215	0.0016	0.1212	0.5953	NA
FIGLA	0.48	-0.0014	0.1207	0.6399	NA
FIGN	186.3243	0.0258	0.1064	0.3798	0.9132
FIGNL1	466.9387	0.0047	0.0977	0.9088	0.9925
FIGNL2	505.4584	0.1551	0.1502	0.0018	0.3458
FILIP1L	63.058	-0.001	0.107	0.9688	0.9956
FIP1L1	892.1255	0.0336	0.095	0.4557	0.9254
FIRRE	3.9462	-8e-04	0.1124	0.9159	NA
FIS1	1155.012	-0.0239	0.0974	0.5692	0.9541
FITM1	1.751	0.0011	0.114	0.8226	NA
FITM2	72.0574	0.0161	0.1069	0.5468	0.9485
FIZ1	525.8243	0.0321	0.0977	0.4469	0.9232
FJX1	224.4134	0.0293	0.102	0.4254	0.9204
FKBP10	5992.227	0.0228	0.091	0.6349	0.9654
FKBP11	268.2357	-0.0879	0.1153	0.0257	0.6739
FKBP14	566.6827	0.0183	0.097	0.6664	0.969
FKBP15	712.2136	0.0502	0.0987	0.2401	0.886
FKBP1A	4463.695	-0.0785	0.0971	0.095	0.8182
FKBP1A-SDCBP2	2.9773	0.0125	0.1512	0.0373	NA
FKBP1AP1	1.786	0.0029	0.1146	0.5582	NA
FKBP1B	133.9524	-0.0597	0.1139	0.0531	0.7576
FKBP2	1353.8389	-0.0233	0.098	0.5737	0.9544
FKBP3	1048.0791	-0.094	0.1059	0.037	0.7463
FKBP4	4861.379	-0.046	0.0925	0.3335	0.9018
FKBP5	610.0739	-0.033	0.0986	0.4235	0.9204
FKBP6	0.24	-7e-04	0.1199	0.7975	NA
FKBP7	77.7229	-0.0235	0.1079	0.3695	0.9111
FKBP8	6144.307	-0.0018	0.0943	0.9682	0.9956
FKBP9	4016.6039	9e-04	0.0909	0.9852	0.9968
FKBP9L	42.4392	-0.0124	0.1093	0.5405	0.9465
FKBPL	128.2366	-0.034	0.1058	0.2889	0.8971
FKRP	608.8507	0.0297	0.0964	0.4938	0.9337
FKTN	618.1201	-0.0072	0.0986	0.8583	0.9881
FLAD1	818.2856	0.0137	0.0952	0.7562	0.9789
FLCN	393.0259	0.0509	0.1008	0.2132	0.8774
FLII	7540.2703	0.086	0.0967	0.0736	0.7897
FLJ10038	62.2363	-0.0038	0.107	0.8794	0.9899
FLJ13197	8.3296	0.0065	0.112	0.5225	0.9416
FLJ13224	2.4767	-0.0012	0.113	0.8484	NA
FLJ16779	3.3883	-0.0044	0.1131	0.531	NA
FLJ20021	16.3051	-0.0142	0.1117	0.3068	0.8992
FLJ20444	2.4664	-0.001	0.113	0.8734	NA
FLJ20464	38.7973	0.005	0.1089	0.8027	0.9839
FLJ22184	395.4324	-0.0096	0.0994	0.8054	0.9839
FLJ23867	64.8295	0.005	0.107	0.8443	0.986
FLJ25715	0.2312	-7e-04	0.1199	0.8011	NA
FLJ26245	0.4578	-0.0013	0.1206	0.6493	NA
FLJ26850	1.8121	0.0033	0.1144	0.5305	NA
FLJ27255	0.48	-0.0014	0.1207	0.6399	NA
FLJ27354	3.9706	-0.0109	0.1267	0.0803	NA
FLJ30403	10.0095	-0.01	0.1119	0.3921	0.9162
FLJ30679	0.7149	-0.002	0.1208	0.5267	NA
FLJ31104	1.7743	0.0014	0.1136	0.8016	NA
FLJ31306	283.1579	-0.1046	0.1219	0.0121	0.5795
FLJ31945	11.367	-0.0036	0.1113	0.7671	0.9791
FLJ32255	24.967	-0.001	0.1097	0.955	0.9956
FLJ32756	0.2746	0.001	0.1202	0.7391	NA
FLJ36777	1.1749	-0.0044	0.1213	0.2846	NA
FLJ37035	2.523	0.0035	0.114	0.5381	NA
FLJ37201	5.4322	-0.002	0.1121	0.818	0.985
FLJ37453	69.4547	-0.0083	0.107	0.7461	0.9761
FLJ38576	4.4986	-7e-04	0.1123	0.9297	NA
FLJ38668	7.2901	0.0023	0.1118	0.816	0.985
FLJ38717	3.8189	0.0051	0.113	0.4895	NA
FLJ39095	2.9169	-0.0046	0.1135	0.4787	NA
FLJ39632	3.795	0.0018	0.1125	0.812	NA
FLJ40448	4.7038	0.0137	0.1384	0.0412	0.7463
FLJ42258	2.4402	-0.001	0.1133	0.8538	NA
FLJ42351	0.2297	-7e-04	0.1199	0.8083	NA
FLJ42393	1.0259	2e-04	0.1158	0.9542	NA
FLJ42627	186.2077	0.1027	0.1303	0.0074	0.5165
FLJ42969	0.2605	9e-04	0.1202	0.7459	NA
FLJ43681	3.0991	0.0043	0.1132	0.5245	NA
FLJ44313	0.9157	-0.0027	0.1209	0.4292	NA
FLJ44342	63.4086	0.0123	0.1085	0.5827	0.9552
FLJ44511	1.9717	4e-04	0.1136	0.9371	NA
FLJ45513	10.9173	-0.0039	0.1114	0.7418	0.9761
FLJ46363	0.5211	0.0016	0.1212	0.5955	NA
FLJ46906	13.5225	-0.0209	0.1138	0.1116	0.8281
FLNA	42398.3951	0.1142	0.1186	0.0115	0.5668
FLNB	7345.0972	0.1586	0.1473	0.0018	0.347
FLNC	8209.2815	0.1067	0.118	0.0142	0.6102
FLOT1	1753.1207	-0.0134	0.0944	0.7664	0.9791
FLOT2	2471.9575	-0.0197	0.0923	0.6748	0.9708
FLRT1	22.256	0.019	0.1114	0.2585	0.89
FLRT3	1303.9207	0.0127	0.0945	0.7773	0.9806
FLT3LG	7.6698	-0.0062	0.112	0.5383	0.9449
FLT4	78.0364	-0.0232	0.1075	0.3889	0.9162
FLVCR1	342.1265	-0.0094	0.103	0.7773	0.9806
FLVCR1-AS1	44.801	-0.0398	0.1138	0.0743	0.7897
FLVCR2	42.6982	-0.0227	0.1101	0.2886	0.8971
FLYWCH1	1307.6158	0.0236	0.0946	0.5996	0.9577
FLYWCH2	702.1462	-0.0227	0.0977	0.5863	0.9552
FMN1	4.9844	-4e-04	0.1122	0.9608	0.9956
FMN2	1.9979	0.0019	0.1139	0.7193	NA
FMNL1	251.0077	0.0405	0.1022	0.2847	0.8966
FMNL2	1624.6843	0.0351	0.096	0.4265	0.9204
FMNL3	482.9748	0.096	0.1135	0.0234	0.6573
FMO4	1.0759	0.0024	0.1166	0.5574	NA
FMO5	1.2338	9e-04	0.1153	0.8265	NA
FMOD	12.1493	-5e-04	0.1111	0.9708	0.9959
FMR1	925.8647	0.0169	0.0959	0.6977	0.9722
FMR1-AS1	1.4588	-0.0014	0.1144	0.7667	NA
FN1	52.2842	0.0295	0.1105	0.2017	0.874
FN3K	7.8209	0.0143	0.1144	0.1422	0.8598
FN3KRP	816.4581	-0.0188	0.0958	0.6669	0.9693
FNBP1	1214.442	0.0328	0.0986	0.4265	0.9204
FNBP1L	2028.4497	0.0941	0.102	0.0439	0.7463
FNBP4	869.1466	0.0454	0.0989	0.2809	0.8964
FNDC1	7.7643	0.0139	0.1143	0.1495	0.8598
FNDC3A	1597.8548	0.0541	0.1003	0.1953	0.8709
FNDC3B	2711.8603	0.1122	0.114	0.0148	0.6286
FNDC4	7.0966	-0.0034	0.1119	0.7272	0.9758
FNDC5	74.149	-0.0153	0.1071	0.5583	0.9508
FNDC8	32.7406	-0.016	0.1103	0.3894	0.9162
FNDC9	0.2732	0.001	0.1202	0.7404	NA
FNIP1	510.7322	0.0513	0.1016	0.2023	0.874
FNIP2	777.1549	0.032	0.1001	0.4173	0.9204
FNTA	756.9551	-0.0767	0.1027	0.0775	0.8033
FNTB	462.1338	0.0665	0.1092	0.0712	0.7848
FOCAD	1283.1661	0.0283	0.0964	0.5141	0.9406
FOLR1	3339.668	-0.0443	0.0963	0.3186	0.9
FOLR2	3.5983	-0.0049	0.113	0.4962	NA
FOLR3	5.2126	-0.0012	0.1121	0.8887	0.9899
FOLR4	3.1511	-0.0035	0.113	0.6053	NA
FOPNL	1017.6237	-0.009	0.0945	0.8406	0.986
FOS	77.5737	-0.0284	0.1082	0.2922	0.8984
FOSB	6.3828	-0.0045	0.1122	0.6179	0.9593
FOSL1	254.6404	0.0108	0.1003	0.7745	0.9802
FOSL2	2582.5256	0.1209	0.1188	0.0097	0.5526
FOXA1	987.2434	0.0209	0.0944	0.6433	0.9672
FOXA2	14.4014	0.0091	0.1113	0.5004	0.9355
FOXA3	16.9818	-0.0191	0.1124	0.1854	0.8684
FOXB2	2.0197	0.0022	0.1136	0.6899	NA
FOXC1	1428.7864	0.0475	0.0941	0.3058	0.8992
FOXC2	6.7152	0.0077	0.1125	0.4051	0.9185
FOXD1	149.8383	0.0197	0.1036	0.5522	0.9489
FOXD2	117.5768	0.0197	0.1053	0.5167	0.9413
FOXD2-AS1	94.2145	-0.0184	0.1068	0.5	0.9355
FOXD3	21.6164	-0.0076	0.1105	0.6315	0.964
FOXD4	27.6495	0.0096	0.1098	0.5986	0.9572
FOXD4L1	6.1958	5e-04	0.1119	0.959	0.9956
FOXD4L3	0.9437	-0.0033	0.1204	0.3747	NA
FOXD4L4	7.1519	0.0099	0.1126	0.3177	0.9
FOXD4L6	1.7671	0.0012	0.114	0.807	NA
FOXE1	61.8852	0.0137	0.1074	0.585	0.9552
FOXE3	64.5724	-0.0102	0.1074	0.6798	0.9708
FOXF1	13.0104	0.0052	0.1113	0.6749	0.9708
FOXF2	1.1811	-0.0043	0.1213	0.2881	NA
FOXG1	109.0663	0.0128	0.1048	0.6734	0.9708
FOXH1	1.5839	0.0041	0.117	0.3784	NA
FOXJ1	590.8028	-0.029	0.0976	0.4903	0.9324
FOXJ2	559.9998	0.0475	0.0996	0.2539	0.8893
FOXJ3	1239.1424	0.1025	0.1062	0.0276	0.6844
FOXK1	2401.0583	0.1349	0.1275	0.0051	0.483
FOXK2	1897.3649	0.0559	0.0948	0.2281	0.8832
FOXL2	171.8369	0.006	0.1028	0.8582	0.9881
FOXM1	3867.0349	0.0207	0.0917	0.6618	0.969
FOXN1	1.2877	0.0026	0.117	0.5197	NA
FOXN2	582.0555	0.0329	0.0996	0.4119	0.9201
FOXN3	318.3557	-0.0211	0.1018	0.5596	0.9512
FOXN3-AS1	40.2755	-0.0134	0.1091	0.5262	0.9416
FOXO1	1077.0207	0.0443	0.0986	0.2946	0.8992
FOXO3	714.3865	0.0232	0.0994	0.5592	0.9509
FOXO3B	233.3134	0.0432	0.1045	0.2255	0.8832
FOXO4	66.5784	-0.0109	0.1071	0.6682	0.9698
FOXO6	179.7125	0.0414	0.1046	0.2389	0.886
FOXP1	707.3172	0.0558	0.0992	0.1932	0.8684
FOXP3	5.4159	0.0013	0.112	0.8873	0.9899
FOXP4	2016.1561	0.0657	0.0944	0.1657	0.8611
FOXQ1	1.21	-0.0024	0.116	0.5676	NA
FOXR1	0.2289	-7e-04	0.1199	0.8029	NA
FOXRED1	688.6387	-0.0229	0.0965	0.5951	0.9562
FOXRED2	754.8985	0.0091	0.0953	0.8359	0.9854
FOXS1	37.6183	0.0039	0.1091	0.8399	0.9859
FPGS	1460.5311	-0.0459	0.095	0.3145	0.9
FPGT	215.3379	-0.074	0.1116	0.0473	0.7463
FRA10AC1	272.5638	-0.0527	0.1042	0.1641	0.8611
FRAS1	1983.6834	0.0875	0.1151	0.0262	0.6801
FRAT1	61.6789	5e-04	0.1073	0.9826	0.9961
FRAT2	266.042	-0.0055	0.1005	0.8833	0.9899
FREM2	611.7401	0.0501	0.1079	0.1339	0.8513
FRG1	277.4341	-0.0508	0.1059	0.1555	0.8598
FRG1B	62.4098	0.0026	0.1081	0.9071	0.9922
FRG2	0.6998	-0.0023	0.12	0.4939	NA
FRG2B	0.2729	9e-04	0.1202	0.7407	NA
FRK	148.4247	0.0224	0.108	0.3825	0.9139
FRMD1	3.5694	0.0012	0.1125	0.8711	NA
FRMD3	7.5448	0.0035	0.1118	0.7323	0.976
FRMD4A	1297.2809	0.0451	0.0967	0.3065	0.8992
FRMD4B	88.0133	0.0036	0.1064	0.8915	0.9899
FRMD5	2.0626	0.0037	0.1148	0.478	NA
FRMD6	908.0521	0.0515	0.0976	0.2405	0.886
FRMD6-AS1	5.6619	0.0099	0.1134	0.262	0.89
FRMD8	1897.2908	0.0921	0.0981	0.0555	0.7614
FRMPD1	0.5335	0.0017	0.1207	0.5725	NA
FRMPD2	8.6387	-0.0055	0.1117	0.616	0.959
FRMPD2P1	6.58	0.0048	0.112	0.6205	0.9606
FRMPD3	3.5156	-0.0059	0.1141	0.3672	NA
FRRS1	91.2116	0.0056	0.1068	0.8285	0.9854
FRRS1L	8.2488	0.0098	0.1124	0.3442	0.905
FRS2	564.4929	0.0065	0.0984	0.8726	0.9894
FRS3	30.5475	-0.0063	0.1095	0.7371	0.9761
FRY	0.7311	-6e-04	0.1174	0.854	NA
FRYL	954.4949	0.0427	0.1005	0.287	0.8971
FRZB	1476.357	-0.0256	0.0934	0.578	0.9552
FSBP	81.413	-0.0574	0.1154	0.0445	0.7463
FSCN1	4302.7848	0.0266	0.0919	0.5746	0.9544
FSCN2	8.8191	-0.001	0.1115	0.9285	0.9937
FSD1	41.1291	-0.0237	0.1105	0.257	0.89
FSD1L	95.5441	0.0201	0.1061	0.4865	0.9323
FSD2	7.6811	0.0101	0.1125	0.3266	0.9003
FSIP1	18.4118	-0.0067	0.1106	0.6592	0.969
FST	1.4891	-0.0056	0.1228	0.2103	NA
FSTL1	12933.296	0.0147	0.0913	0.7573	0.9789
FSTL3	543.3631	0.0671	0.1026	0.1095	0.8274
FTCD	1.8124	0.0041	0.1178	0.358	NA
FTH1	120395.061	-0.0302	0.0963	0.4881	0.9323
FTH1P3	2.4457	-0.0028	0.1134	0.6399	NA
FTL	55817.5783	-0.059	0.0971	0.1895	0.8684
FTO	953.9223	0.0395	0.097	0.3626	0.9102
FTO-IT1	2.5429	6e-04	0.1132	0.9154	NA
FTSJ1	897.3125	-0.0149	0.0956	0.7328	0.976
FTSJ2	756.6702	-0.0545	0.0972	0.2205	0.8832
FTSJ3	1477.5046	0.0492	0.0948	0.285	0.8966
FTX	6.3714	-0.0012	0.1123	0.8788	0.9899
FUBP1	3021.4175	0.1036	0.1015	0.0321	0.7128
FUBP3	1929.7431	0.0572	0.0945	0.2215	0.8832
FUCA1	699.0222	-0.0365	0.0962	0.4076	0.9187
FUCA2	2515.5002	-0.0066	0.092	0.8885	0.9899
FUK	349.8612	0.0303	0.0995	0.4494	0.9232
FUNDC1	280.1604	-0.0532	0.1049	0.1542	0.8598
FUNDC2	1044.3348	-0.027	0.0973	0.524	0.9416
FUNDC2P2	0.2289	-7e-04	0.1199	0.8029	NA
FUOM	429.6129	-0.0022	0.1002	0.9525	0.9956
FURIN	3610.4194	0.1168	0.1034	0.0187	0.6398
FUS	9450.979	0.0765	0.0947	0.1115	0.8281
FUT1	75.3326	9e-04	0.1062	0.9746	0.9959
FUT10	380.9317	0.0409	0.1009	0.3003	0.8992
FUT11	271.6146	0.0555	0.1072	0.1187	0.8305
FUT2	6.7698	0.0022	0.1118	0.8242	0.9852
FUT3	7.1272	-0.002	0.1118	0.8348	0.9854
FUT4	298.8329	0.0261	0.1001	0.5038	0.9369
FUT6	0.2294	-7e-04	0.1199	0.8025	NA
FUT7	0.9899	-0.0014	0.1167	0.7056	NA
FUT8	369.8247	-0.0451	0.1006	0.2635	0.89
FUT8-AS1	5.5103	-4e-04	0.112	0.9604	0.9956
FUZ	311.9837	-0.0295	0.1	0.4535	0.9241
FXN	420.738	-0.0313	0.0993	0.4382	0.9227
FXR1	3104.0805	-0.0065	0.0921	0.8902	0.9899
FXR2	1846.8906	0.0708	0.095	0.136	0.8559
FXYD1	15.5954	-0.0078	0.1111	0.5732	0.9544
FXYD2	33.9385	-0.004	0.1091	0.839	0.9856
FXYD3	8.8747	0.0019	0.1116	0.8595	0.9881
FXYD4	0.24	-7e-04	0.1199	0.7975	NA
FXYD5	169.2966	0.0016	0.1041	0.9602	0.9956
FXYD6	14.9237	-0.0161	0.1121	0.2445	0.8873
FYCO1	738.6278	0.0675	0.111	0.0596	0.7686
FYN	44.2125	-0.006	0.1085	0.7796	0.9806
FYTTD1	1374.8319	0.0061	0.0944	0.8913	0.9899
FZD1	520.428	0.0136	0.0973	0.7455	0.9761
FZD10	2.1996	-0.0022	0.1133	0.7084	NA
FZD2	1371.5097	0.0338	0.0949	0.453	0.924
FZD3	237.0352	-0.0196	0.1014	0.593	0.9562
FZD4	2317.2856	0.0401	0.0951	0.3749	0.9119
FZD5	3555.1131	0.0506	0.0954	0.2679	0.89
FZD6	860.6718	0.0016	0.0961	0.9707	0.9959
FZD7	539.7921	0.0696	0.1014	0.1069	0.826
FZD8	171.2598	0.0238	0.1032	0.4875	0.9323
FZD9	75.4471	-9e-04	0.1064	0.9722	0.9959
FZR1	1304.7855	0.0539	0.0946	0.2459	0.8873
G0S2	1.0453	0.0034	0.1218	0.3519	NA
G2E3	751.7275	0.1033	0.112	0.0207	0.6479
G3BP1	4455.3491	0.0192	0.0929	0.6793	0.9708
G3BP2	4908.8463	0.0283	0.0942	0.5329	0.9439
G6PC3	1496.6987	-0.0442	0.0966	0.3169	0.9
G6PD	1803.3484	0.0689	0.0956	0.142	0.8598
GAA	341.7498	0.004	0.0987	0.92	0.9932
GAB1	286.2514	0.0016	0.0998	0.9663	0.9956
GAB2	1949.6329	0.0894	0.1158	0.024	0.6579
GAB3	1.5706	1e-04	0.1141	0.9773	NA
GABARAP	3239.7665	-0.052	0.0975	0.2369	0.886
GABARAPL1	380.448	-0.003	0.0982	0.9413	0.9946
GABARAPL2	1047.7622	-0.1592	0.1404	0.0021	0.3606
GABBR1	102.4558	0.0164	0.1057	0.5734	0.9544
GABBR2	3.96	-0.0019	0.1125	0.7939	NA
GABPA	1176.9862	0.009	0.0966	0.8317	0.9854
GABPB1	666.7901	0.0388	0.0975	0.3655	0.9102
GABPB1-AS1	79.622	0.0334	0.1086	0.2274	0.8832
GABPB2	120.6382	0.032	0.1076	0.2693	0.8901
GABRB2	0.5458	0.0016	0.1213	0.5866	NA
GABRB3	0.5334	0.0017	0.1207	0.5726	NA
GABRD	11.0735	0.0035	0.1114	0.766	0.9791
GABRG1	0.2289	-7e-04	0.1199	0.8029	NA
GABRP	0.4901	0.0016	0.1214	0.5915	NA
GABRR2	0.2729	9e-04	0.1202	0.7407	NA
GAD1	20.9945	-0.0055	0.1102	0.732	0.976
GADD45A	1162.6426	-0.0109	0.0945	0.8085	0.9839
GADD45B	466.2409	0.0106	0.099	0.7898	0.9836
GADD45G	10.8686	-0.0159	0.1131	0.178	0.8611
GADD45GIP1	1568.3667	-0.0226	0.0968	0.5964	0.9566
GADL1	0.7514	-7e-04	0.1173	0.8434	NA
GAK	2048.8052	0.0974	0.1018	0.0395	0.7463
GAL	11.7448	0.014	0.1122	0.2633	0.89
GAL3ST1	85.3369	-0.0175	0.1067	0.5204	0.9416
GAL3ST4	18.6446	-0.0111	0.1109	0.4666	0.9279
GALC	244.4974	0.0109	0.1011	0.7656	0.9791
GALE	1347.595	-0.0548	0.0972	0.218	0.881
GALK1	695.0456	-0.0392	0.0997	0.3336	0.9019
GALK2	109.8976	-0.0162	0.1049	0.5947	0.9562
GALM	405.0207	-0.017	0.0995	0.6642	0.969
GALNS	1186.0397	0.0489	0.0954	0.2821	0.8964
GALNT1	2798.0071	-0.0028	0.0928	0.9522	0.9956
GALNT10	2363.1822	0.065	0.0978	0.1496	0.8598
GALNT11	811.2499	-0.0331	0.0954	0.4572	0.9254
GALNT12	36.4685	0.0051	0.109	0.7969	0.9839
GALNT14	15.1409	0.0078	0.111	0.5817	0.9552
GALNT16	21.2104	-0.0088	0.1105	0.5779	0.9552
GALNT18	27.9273	-0.01	0.1101	0.5691	0.9541
GALNT2	7800.8864	0.0737	0.095	0.1223	0.8315
GALNT3	11.4015	-9e-04	0.1112	0.9438	0.9954
GALNT4	581.8783	0.0383	0.1025	0.3041	0.8992
GALNT5	0.4587	-0.0013	0.1206	0.6488	NA
GALNT6	324.9432	0.0524	0.1052	0.1545	0.8598
GALNT7	3752.9385	0.0722	0.0971	0.119	0.8305
GALNT9	0.2729	9e-04	0.1202	0.7407	NA
GALNTL6	1.5596	0.002	0.1146	0.6674	NA
GALR2	5.4277	-0.0021	0.1121	0.8104	0.9845
GALR3	1.169	-0.0043	0.1213	0.2917	NA
GALT	295.3884	-0.0579	0.1047	0.132	0.8492
GAMT	1202.4905	-0.0303	0.0994	0.45	0.9232
GAN	123.6481	0.0155	0.106	0.5861	0.9552
GANAB	13999.0451	0.0509	0.0915	0.2927	0.8986
GANC	138.7473	-0.0282	0.1058	0.3614	0.9102
GAPDH	100061.093	-0.0296	0.0934	0.5213	0.9416
GAPDHS	0.5576	0.0016	0.1213	0.581	NA
GAPT	0.24	-7e-04	0.1199	0.7975	NA
GAPVD1	1769.0491	0.0875	0.1044	0.0495	0.7518
GAR1	706.8666	-0.0392	0.0985	0.3492	0.9067
GAREM	422.8405	0.0138	0.0993	0.7257	0.9756
GAREML	286.7083	-0.0362	0.1011	0.35	0.9067
GARNL3	51.239	-0.0157	0.1083	0.5032	0.9369
GARS	3375.8563	0.0607	0.093	0.2057	0.8747
GART	2906.7771	0.0034	0.0936	0.9398	0.9946
GAS1	17.9724	-0.0022	0.1105	0.8817	0.9899
GAS2	3.1764	-0.0035	0.1131	0.6005	NA
GAS2L1	1739.2179	0.0231	0.0948	0.6064	0.9581
GAS2L2	3.3593	0.0053	0.1133	0.4513	NA
GAS2L3	239.4527	0.0398	0.1054	0.2392	0.886
GAS5	553.2122	-0.0525	0.1022	0.1864	0.8684
GAS5-AS1	2.7065	-0.002	0.1129	0.7627	NA
GAS6	345.3128	0.0491	0.1011	0.2227	0.8832
GAS6-AS1	0.7348	-6e-04	0.1174	0.8501	NA
GAS6-AS2	1.5676	0.0041	0.117	0.3801	NA
GAS7	5.5436	0.0014	0.112	0.8696	0.9889
GAS8	424.6019	0.0435	0.0996	0.2904	0.8981
GAST	1.1601	-0.0043	0.1212	0.2888	NA
GATA2	616.3067	-0.034	0.0967	0.4324	0.9225
GATA3	53.6427	0.0097	0.108	0.6758	0.9708
GATA4	3.0224	-0.0076	0.119	0.181	NA
GATA5	2.9647	5e-04	0.113	0.9354	NA
GATA6	958.6668	0.11	0.1061	0.0216	0.65
GATA6-AS1	16.3588	-0.0043	0.1106	0.7668	0.9791
GATAD1	772.5684	0.0159	0.0958	0.7148	0.9743
GATAD2A	2828.0552	0.0714	0.0955	0.1301	0.8492
GATAD2B	1003.8534	0.0766	0.0999	0.0896	0.8072
GATC	1258.1838	-0.0243	0.0936	0.5963	0.9566
GATM	0.6883	-0.0019	0.1209	0.5395	NA
GATS	330.3117	-0.0429	0.1013	0.2751	0.8936
GATSL2	150.0789	0.0917	0.1349	0.0047	0.4744
GATSL3	238.9478	-0.0438	0.1045	0.2213	0.8832
GBA	1298.3404	0.0199	0.0941	0.6618	0.969
GBA2	1371.1086	-0.0567	0.0946	0.2236	0.8832
GBAP1	45.5006	-0.0047	0.1082	0.8315	0.9854
GBAS	1272.3255	-0.062	0.0953	0.1827	0.8673
GBE1	1030.0743	-0.0041	0.0943	0.9274	0.9937
GBF1	2983.4099	0.1353	0.1147	0.0073	0.5165
GBGT1	3.6251	-0.0069	0.114	0.3285	NA
GBP1	107.2714	-0.0247	0.1062	0.4019	0.9185
GBP2	1.7511	-5e-04	0.1139	0.9223	NA
GBP3	114.1694	-0.0314	0.1065	0.3022	0.8992
GBP4	0.7941	0.0029	0.1206	0.4164	NA
GBX2	71.711	0.0231	0.1075	0.3886	0.9162
GCA	4.6612	0.0075	0.1131	0.3589	0.9093
GCAT	591.9825	-0.0134	0.0975	0.7468	0.9761
GCC1	548.3026	0.0352	0.0996	0.3838	0.9151
GCC2	976.626	0.0598	0.105	0.1207	0.8309
GCDH	500.7595	-0.0083	0.0974	0.8415	0.986
GCFC2	350.3808	0.0132	0.0996	0.7352	0.976
GCG	0.2605	9e-04	0.1202	0.7459	NA
GCH1	173.4783	-0.0279	0.1033	0.4217	0.9204
GCHFR	458.3559	-0.0549	0.1039	0.1553	0.8598
GCLC	590.3542	0.0513	0.0983	0.236	0.886
GCLM	1516.2247	0.0578	0.0953	0.211	0.8773
GCN1L1	3328.0409	0.1015	0.1125	0.0212	0.65
GCNT1	252.8744	0.0133	0.1009	0.7189	0.9753
GCNT2	1099.4076	0.0122	0.0951	0.783	0.9813
GCNT3	144.0983	-0.0105	0.1033	0.75	0.977
GCNT4	326.7734	0.0318	0.105	0.332	0.9014
GCNT7	1.5316	0.0033	0.1173	0.4314	NA
GCOM1	18.2995	-0.0061	0.1109	0.6604	0.969
GCSAM	10.1974	6e-04	0.1113	0.9563	0.9956
GCSH	1026.8631	-0.0936	0.1096	0.031	0.7094
GCSHP3	89.6315	-0.0105	0.1056	0.713	0.9733
GDA	2617.2929	0.0648	0.0953	0.1659	0.8611
GDAP1	19.7275	-0.0052	0.1106	0.7276	0.9758
GDAP1L1	0.4578	-0.0013	0.1206	0.6493	NA
GDAP2	338.786	0.0307	0.0998	0.4391	0.9229
GDE1	2342.3545	-0.01	0.0919	0.8325	0.9854
GDF1	359.6533	-0.0107	0.1031	0.7466	0.9761
GDF11	873.1698	-0.009	0.0952	0.8379	0.9854
GDF15	4903.0306	0.0011	0.0951	0.9806	0.9961
GDF5	2.7768	0.0015	0.1128	0.8154	NA
GDF6	3.8348	0.0031	0.1128	0.6552	NA
GDF7	16.4822	0.0195	0.1131	0.1459	0.8598
GDF9	5.9286	4e-04	0.112	0.9604	0.9956
GDI1	2097.4744	0.0143	0.0927	0.7585	0.9791
GDI2	5520.8265	-0.0105	0.0906	0.8269	0.9853
GDNF	2.2858	0.0012	0.1134	0.834	NA
GDNF-AS1	0.24	-7e-04	0.1199	0.7975	NA
GDPD1	146.4141	-0.0255	0.105	0.422	0.9204
GDPD2	5.2934	0.0026	0.1122	0.7629	0.9791
GDPD3	19.3921	0.0089	0.1107	0.5624	0.952
GDPD5	612.0627	0.0204	0.0961	0.6383	0.9658
GDPGP1	36.6122	6e-04	0.1088	0.9778	0.9959
GEM	29.7078	-0.008	0.1095	0.6729	0.9707
GEMIN2	226.8181	-0.0427	0.1038	0.2409	0.886
GEMIN4	1585.56	0.0187	0.0939	0.681	0.971
GEMIN5	1225.1676	0.0918	0.1048	0.0418	0.7463
GEMIN6	292.4222	-0.044	0.1016	0.2614	0.89
GEMIN7	550.3942	-0.0586	0.1025	0.1479	0.8598
GEMIN8	212.3662	-0.0127	0.1015	0.7248	0.9755
GEMIN8P4	71.1405	-0.0184	0.1073	0.4841	0.9322
GEN1	355.2481	-0.002	0.1006	0.9578	0.9956
GET4	1603.0913	-0.0148	0.0954	0.737	0.9761
GFAP	1.9275	-0.003	0.114	0.5878	NA
GFER	717.5691	-0.0171	0.0987	0.6696	0.9698
GFI1	6.7292	0.0011	0.1119	0.9115	0.9928
GFM1	1549.6079	0.0189	0.0936	0.6799	0.9708
GFM2	995.4518	-0.0259	0.0947	0.5642	0.9524
GFOD1	59.3816	0.0192	0.1091	0.3946	0.917
GFOD2	530.5323	-0.0162	0.0968	0.7024	0.9724
GFPT1	2618.5948	0.0531	0.094	0.2566	0.89
GFPT2	2.0268	0.0017	0.1143	0.7247	NA
GFRA2	1.7313	-5e-04	0.1135	0.9239	NA
GFRA3	0.7834	0.0024	0.1212	0.4638	NA
GFY	3.01	-8e-04	0.113	0.8982	NA
GGA1	851.0955	0.0389	0.0959	0.3814	0.9133
GGA2	2070.7154	0.0231	0.0924	0.6218	0.961
GGA3	842.8598	0.0803	0.1001	0.0779	0.8033
GGACT	226.3746	-0.0418	0.1051	0.2279	0.8832
GGCT	1001.1264	-0.0678	0.0983	0.1327	0.8498
GGCX	1306.1446	0.006	0.094	0.8936	0.99
GGH	933.2612	-0.0802	0.0993	0.0811	0.807
GGN	26.532	-0.0226	0.1121	0.1787	0.8621
GGNBP2	1158.6973	-0.0015	0.0949	0.9731	0.9959
GGPS1	448.8175	-0.04	0.0989	0.3354	0.9028
GGT1	160.0584	-0.0252	0.1045	0.4391	0.9229
GGT3P	0.2729	9e-04	0.1202	0.7407	NA
GGT5	0.9624	-0.0029	0.1209	0.4106	NA
GGT6	12.2414	0.0053	0.1113	0.6705	0.9698
GGT7	515.6304	0.014	0.0978	0.7348	0.976
GGTA1P	0.5211	0.0016	0.1212	0.5955	NA
GHDC	240.6539	-0.0574	0.1052	0.1299	0.8492
GHITM	6037.7473	-0.0124	0.0917	0.793	0.9836
GHR	3.6291	-0.0029	0.1126	0.6933	NA
GHRL	0.5329	-0.0016	0.1213	0.5899	NA
GHRLOS	17.5567	0.012	0.1113	0.3995	0.9185
GID4	489.6827	0.0278	0.0976	0.5091	0.9397
GID8	1421.3938	0.036	0.0936	0.4375	0.9227
GIGYF1	1004.2421	0.0914	0.1009	0.0507	0.7518
GIGYF2	1994.7985	0.0536	0.099	0.2118	0.8773
GIMAP2	1.6373	-0.0064	0.1246	0.168	NA
GIN1	93.7473	0.0171	0.1057	0.5567	0.9507
GINM1	647.3695	0.0045	0.0959	0.9172	0.9932
GINS1	1945.6315	0.0345	0.0929	0.4616	0.9265
GINS2	854.5715	-0.0856	0.1038	0.0541	0.759
GINS3	240.6251	-0.0306	0.1015	0.4139	0.9204
GINS4	1020.8881	-0.097	0.1051	0.0347	0.7295
GIPC1	9271.5062	-0.0015	0.0942	0.9727	0.9959
GIPC2	13.2339	0.0196	0.1135	0.1291	0.8471
GIPC3	16.9059	-0.016	0.1117	0.2778	0.8948
GIPR	1.7207	-0.0021	0.1143	0.6733	NA
GIT1	2046.5582	0.0368	0.0937	0.4265	0.9204
GIT2	848.0115	0.0453	0.0991	0.2785	0.8951
GJA1	1.9535	-0.0013	0.1134	0.8164	NA
GJA3	2.9365	-0.0011	0.1128	0.8685	NA
GJA4	0.9656	-0.0016	0.1162	0.6826	NA
GJA5	0.2608	9e-04	0.1202	0.7457	NA
GJA9-MYCBP	3.3535	-0.0076	0.1159	0.2332	NA
GJB2	34.4065	0.0052	0.109	0.7929	0.9836
GJB3	80.9279	0.0381	0.1094	0.174	0.8611
GJB4	11.2498	0.016	0.1135	0.1559	0.8598
GJB5	8.5356	-0.0084	0.112	0.4367	0.9227
GJB7	0.4578	-0.0013	0.1206	0.6493	NA
GJC1	975.28	0.0277	0.0958	0.5285	0.9421
GJC2	31.8315	-0.0078	0.1094	0.6825	0.9712
GJD3	147.7485	-0.0073	0.1033	0.8248	0.9853
GJD4	0.2385	-7e-04	0.1199	0.7992	NA
GK	172.6553	-0.0389	0.1045	0.2649	0.89
GK3P	0.2295	-7e-04	0.1199	0.8024	NA
GK5	400.2491	-0.0021	0.1014	0.9529	0.9956
GKAP1	64.3132	-0.0443	0.1126	0.0871	0.807
GLA	1295.6564	-0.0352	0.0952	0.4325	0.9225
GLB1	2976.4683	0.0269	0.0916	0.5715	0.9544
GLB1L	113.8096	-0.0183	0.105	0.5501	0.9489
GLB1L2	787.7485	-0.027	0.0953	0.5439	0.9472
GLB1L3	0.2605	9e-04	0.1202	0.7459	NA
GLCCI1	643.3379	0.0583	0.0989	0.1802	0.8633
GLCE	404.2399	-0.0234	0.0996	0.5528	0.949
GLDC	1059.1019	0.0135	0.0942	0.7644	0.9791
GLE1	1086.6094	-4e-04	0.0943	0.9923	0.9982
GLG1	7161.8689	0.0745	0.0986	0.1029	0.8247
GLI1	172.6969	0.0604	0.1096	0.0826	0.807
GLI2	959.7972	0.2103	0.1897	3e-04	0.1603
GLI4	79.5947	-0.0348	0.1099	0.1808	0.8641
GLIDR	22.1176	-0.0053	0.1101	0.7489	0.9769
GLIPR1	8.3667	-0.0045	0.1118	0.6641	0.969
GLIPR1L2	0.24	-7e-04	0.1199	0.7975	NA
GLIPR2	92.5641	-0.0194	0.1062	0.4971	0.935
GLIS1	0.48	-0.0014	0.1207	0.6399	NA
GLIS2	1031.225	0.0605	0.0964	0.185	0.8684
GLIS3	1382.1645	0.0444	0.0995	0.2834	0.8965
GLIS3-AS1	15.3471	-0.0197	0.1132	0.1402	0.8585
GLMN	190.0476	-0.0458	0.1048	0.2021	0.874
GLO1	2453.8063	-0.0655	0.0937	0.1709	0.8611
GLOD4	1518.7556	0.0087	0.0929	0.8507	0.9872
GLOD5	0.2289	-7e-04	0.1199	0.8029	NA
GLRA1	0.2827	0.001	0.1203	0.7316	NA
GLRA2	0.2729	9e-04	0.1202	0.7407	NA
GLRB	527.9096	-0.0487	0.0992	0.2477	0.8873
GLRX	41.9792	-0.0225	0.1105	0.2679	0.89
GLRX2	172.793	0.0011	0.1033	0.9725	0.9959
GLRX3	1526.6423	-0.045	0.0955	0.3188	0.9
GLRX5	2176.7341	-0.0215	0.0956	0.6252	0.9627
GLS	2095.6978	0.0104	0.096	0.8106	0.9845
GLS2	148.2922	-0.0157	0.104	0.6265	0.9634
GLT8D1	1197.2782	-0.1008	0.1035	0.0326	0.7128
GLT8D2	5.4921	-4e-04	0.112	0.9642	0.9956
GLTP	920.8881	-0.0475	0.0964	0.2864	0.8971
GLTPD1	865.457	-0.0083	0.0969	0.8445	0.986
GLTPD2	88.251	-0.0239	0.1078	0.3677	0.9111
GLTSCR1	673.9394	0.129	0.1183	0.0079	0.5196
GLTSCR1L	279.4259	0.0251	0.1019	0.4908	0.933
GLTSCR2	3074.0197	0.0247	0.0926	0.5969	0.9569
GLUD1	14762.292	0.0099	0.09	0.8383	0.9855
GLUD1P3	21.0901	0.0205	0.1121	0.1962	0.8719
GLUD1P7	8.3802	-0.0062	0.1118	0.5635	0.952
GLUD2	27.5809	0.0069	0.1096	0.7072	0.9725
GLUL	7033.9335	0.0099	0.0904	0.8368	0.9854
GLYCTK	897.7287	-0.0722	0.0997	0.1061	0.8257
GLYR1	3947.5943	0.0824	0.0959	0.0865	0.807
GM2A	330.1906	0.0099	0.0991	0.8018	0.9839
GMCL1	647.1077	0.0687	0.1044	0.0931	0.814
GMDS	586.2447	-0.0625	0.1001	0.1468	0.8598
GMDS-AS1	8.5244	0.0019	0.1116	0.8599	0.9881
GMEB1	296.053	0.0241	0.1014	0.5154	0.9411
GMEB2	799.6549	0.0383	0.096	0.3877	0.9162
GMFB	1847.0463	-0.0196	0.0935	0.6697	0.9698
GMFG	3.5466	-0.0037	0.1132	0.5704	NA
GMIP	1072.9476	0.0344	0.0949	0.446	0.9232
GMNN	1017.6781	-0.0267	0.096	0.5417	0.9465
GMPPA	808.9849	0.0061	0.0967	0.886	0.9899
GMPPB	644.3436	0.0184	0.096	0.6707	0.9698
GMPR	31.9786	-0.0083	0.1094	0.6637	0.969
GMPR2	1219.5787	-0.0812	0.0989	0.0797	0.8068
GMPS	1636.6732	-0.0155	0.0929	0.7384	0.9761
GNA11	3151.8661	0.0382	0.0923	0.4198	0.9204
GNA12	1778.2242	0.0419	0.0943	0.3623	0.9102
GNA13	981.5851	0.0212	0.0967	0.6202	0.9605
GNA14	0.9373	-0.0033	0.1203	0.3737	NA
GNA15	2.2193	-0.0018	0.1136	0.7412	NA
GNAI1	2556.4069	0.0461	0.0925	0.3316	0.9014
GNAI2	3076.3471	-0.0245	0.0921	0.6042	0.9581
GNAI3	1974.0727	-0.0168	0.0922	0.72	0.9753
GNAL	41.2333	-0.0115	0.1088	0.5949	0.9562
GNAO1	0.8193	0.0025	0.1212	0.4475	NA
GNAQ	2222.149	0.0164	0.0965	0.7011	0.9724
GNAS	19817.8227	-0.0238	0.093	0.6075	0.9581
GNAT2	2.1378	-0.0055	0.1175	0.2823	NA
GNAT3	0.9215	-0.0027	0.1209	0.4264	NA
GNAZ	9.4889	-0.0098	0.1121	0.3821	0.9138
GNB1	8657.0509	0.0149	0.0902	0.758	0.9789
GNB1L	347.8551	0.0765	0.1097	0.0508	0.7518
GNB2	5903.6571	-0.0084	0.0943	0.8526	0.9876
GNB2L1	15092.0794	-0.0292	0.0945	0.5196	0.9416
GNB3	32.7205	-0.015	0.1098	0.4451	0.9232
GNB4	386.005	-0.0236	0.1014	0.5238	0.9416
GNB5	613.1772	-0.0445	0.0974	0.3061	0.8992
GNE	2019.3902	0.0364	0.0926	0.4394	0.923
GNG10	1441.5324	-0.0865	0.1003	0.0618	0.7686
GNG11	4381.2832	-0.1081	0.1057	0.0234	0.6573
GNG12	2129.1299	-0.0252	0.0934	0.5851	0.9552
GNG12-AS1	0.4595	-0.0013	0.1206	0.6483	NA
GNG13	0.2742	0.001	0.1202	0.7394	NA
GNG2	1.0506	0.0021	0.1164	0.5938	NA
GNG3	2.4771	0.0037	0.1136	0.5416	NA
GNG4	20.1471	0.0056	0.1103	0.7283	0.9758
GNG5	2120.4176	-0.0833	0.1023	0.0633	0.7691
GNG7	83.8725	0.0216	0.1067	0.4417	0.9232
GNGT1	0.738	-6e-04	0.1174	0.8471	NA
GNGT2	0.5211	0.0016	0.1212	0.5955	NA
GNL1	2257.4684	0.0412	0.0937	0.3755	0.9119
GNL2	1085.64	0.0148	0.0943	0.7423	0.9761
GNL3	2229.7768	0.015	0.0927	0.7474	0.9763
GNL3L	2120.3874	0.0728	0.0947	0.1274	0.8418
GNMT	4.6102	-0.0066	0.1129	0.4141	0.9204
GNN	0.9797	2e-04	0.1159	0.9596	NA
GNPAT	1013.5714	-0.0182	0.0943	0.6864	0.9712
GNPDA1	1486.3455	-0.0292	0.0939	0.5237	0.9416
GNPDA2	193.9532	-0.0191	0.1024	0.5858	0.9552
GNPNAT1	1584.1809	-0.0228	0.0932	0.6212	0.961
GNPTAB	1622.182	0.0462	0.0991	0.2711	0.8904
GNPTG	642.9394	-0.0342	0.0976	0.4199	0.9204
GNRH1	9.0815	0.002	0.1116	0.8492	0.9868
GNRHR	0.9791	-0.0014	0.1168	0.6991	NA
GNRHR2	8.2828	-0.0027	0.112	0.7706	0.9794
GNS	2785.0071	0.0231	0.0948	0.6063	0.9581
GOLGA1	410.4739	0.0183	0.099	0.6465	0.9674
GOLGA2	1630.6435	0.1253	0.1161	0.0095	0.5526
GOLGA2P5	16.7821	-0.0117	0.1112	0.4203	0.9204
GOLGA2P7	346.1513	-0.0784	0.1085	0.0523	0.7559
GOLGA3	2468.9674	0.1599	0.1362	0.0023	0.3693
GOLGA4	1965.2343	0.0509	0.1015	0.205	0.8747
GOLGA5	685.9602	0.0042	0.096	0.9216	0.9933
GOLGA6L10	27.6669	0.0338	0.1143	0.0694	0.7804
GOLGA6L3	0.2729	9e-04	0.1202	0.7407	NA
GOLGA6L5P	13.6901	0.0231	0.1146	0.0808	0.807
GOLGA6L9	131.7948	-0.0097	0.1038	0.7637	0.9791
GOLGA7	1041.0071	-0.0432	0.0956	0.3369	0.9028
GOLGA7B	0.2607	9e-04	0.1202	0.7458	NA
GOLGA8A	704.2353	0.0656	0.1033	0.1109	0.8281
GOLGA8B	352.205	0.0793	0.1065	0.0576	0.7658
GOLGA8H	1.5251	3e-04	0.1141	0.9497	NA
GOLGA8N	3.8516	0.0051	0.113	0.4863	NA
GOLGA8R	1.2843	0.0026	0.117	0.5222	NA
GOLGA8S	0.2289	-7e-04	0.1199	0.8029	NA
GOLGA8T	0.5211	0.0016	0.1212	0.5955	NA
GOLGB1	1730.869	0.0691	0.1027	0.1012	0.8212
GOLIM4	4374.5371	0.1027	0.1144	0.0188	0.6404
GOLM1	4926.8229	0.0201	0.0918	0.6704	0.9698
GOLPH3	1924.0442	-0.0242	0.0927	0.6044	0.9581
GOLPH3L	553.0019	-0.0379	0.0974	0.3767	0.9119
GOLT1A	11.4196	-0.0126	0.1121	0.307	0.8992
GOLT1B	725.1664	-0.0195	0.0959	0.6543	0.969
GON4L	686.7256	0.0754	0.1044	0.074	0.7897
GOPC	1144.106	0.0381	0.0969	0.3794	0.9129
GORAB	129.8552	-0.0123	0.1042	0.6961	0.9722
GORASP1	1076.1906	0.0238	0.094	0.6016	0.9581
GORASP2	2515.1525	0.0085	0.0921	0.856	0.988
GOSR1	1299.398	0.0886	0.1037	0.0492	0.7518
GOSR2	967.689	-0.0128	0.0952	0.7721	0.9796
GOT1	1525.6335	0.0168	0.0935	0.7132	0.9735
GOT2	3886.8996	-0.0075	0.0915	0.8745	0.9894
GP1BA	7.3417	0.0071	0.1121	0.4735	0.9312
GP1BB	9.0714	-6e-04	0.1119	0.9494	0.9956
GP6	3.1123	0.0074	0.1164	0.2281	NA
GPAA1	3803.9133	-0.0183	0.0946	0.684	0.9712
GPALPP1	267.2183	-0.0359	0.1013	0.3498	0.9067
GPAM	305.8317	-0.0011	0.1004	0.9761	0.9959
GPANK1	381.4377	-0.0168	0.0988	0.6749	0.9708
GPAT2	2.2049	0.0014	0.1132	0.8124	NA
GPATCH1	358.9219	0.0421	0.1021	0.2716	0.8904
GPATCH11	255.7591	0.0142	0.1021	0.6859	0.9712
GPATCH2	289.8163	0.0396	0.1022	0.2951	0.8992
GPATCH2L	435.1676	0.0659	0.108	0.0796	0.8068
GPATCH3	325.0907	0.0091	0.1002	0.8098	0.9845
GPATCH4	1175.6743	-0.0154	0.0937	0.7364	0.9761
GPATCH8	1706.7057	0.0828	0.1075	0.0483	0.7463
GPBAR1	6.046	-0.0051	0.1121	0.5785	0.9552
GPBP1	1342.8768	0.0269	0.0942	0.5531	0.9491
GPBP1L1	1430.749	0.0472	0.0944	0.3069	0.8992
GPC1	7256.3491	0.1156	0.0998	0.0219	0.65
GPC2	15.0423	0.0069	0.1111	0.6023	0.9581
GPC3	5828.3211	-0.0049	0.0909	0.9185	0.9932
GPC4	1902.1089	0.05	0.0932	0.2895	0.8971
GPC5	27.044	0.0024	0.1098	0.8885	0.9899
GPCPD1	435.6366	0.0303	0.0991	0.4546	0.9246
GPD1	19.9138	-0.0034	0.1103	0.8306	0.9854
GPD1L	307.391	-0.0249	0.1006	0.514	0.9406
GPD2	2156.9811	0.0425	0.0959	0.3412	0.9036
GPER1	83.4443	-0.0301	0.1081	0.2745	0.8936
GPHA2	0.7426	-7e-04	0.1166	0.8397	NA
GPHN	574.8451	0.0177	0.0971	0.6736	0.9708
GPI	8213.0534	0.0135	0.0907	0.7793	0.9806
GPKOW	642.8447	0.0146	0.0967	0.7316	0.976
GPLD1	74.8582	-0.0096	0.1074	0.697	0.9722
GPM6B	8.8929	-0.0056	0.1119	0.5799	0.9552
GPN1	680.0393	-0.0266	0.0961	0.5419	0.9465
GPN2	497.8635	0.0232	0.0981	0.5739	0.9544
GPN3	487.3439	-0.019	0.0976	0.6489	0.9682
GPNMB	17.292	-0.0199	0.1128	0.1573	0.8607
GPR107	2686.1893	0.0657	0.0975	0.1471	0.8598
GPR108	773.9908	-0.002	0.0962	0.9621	0.9956
GPR110	66.2371	-0.0356	0.1102	0.1681	0.8611
GPR111	10.2225	0.0014	0.1113	0.908	0.9922
GPR113	5.3253	0.0021	0.1121	0.8039	0.9839
GPR115	4.8314	0.0051	0.1125	0.5359	0.9444
GPR116	0.479	-0.0014	0.1207	0.6405	NA
GPR123	0.2292	-7e-04	0.1199	0.8027	NA
GPR124	95.2497	0.0377	0.1083	0.1998	0.874
GPR125	1153.7078	0.0591	0.0983	0.18	0.8633
GPR126	9.7331	0.0017	0.1114	0.8853	0.9899
GPR132	8.9071	0.0021	0.1116	0.8398	0.9859
GPR133	1.719	-0.0012	0.114	0.8046	NA
GPR135	58.3544	-0.0019	0.1077	0.936	0.9945
GPR137	693.3668	-0.0341	0.0983	0.4131	0.9204
GPR137B	16.3298	0.005	0.1109	0.7216	0.9753
GPR137C	203.5925	0.0026	0.1017	0.9427	0.9947
GPR142	0.2605	9e-04	0.1202	0.7459	NA
GPR143	4.8619	0.0072	0.1129	0.3898	0.9162
GPR146	31.4631	9e-04	0.1091	0.9649	0.9956
GPR153	221.1109	0.0037	0.1019	0.9162	0.9932
GPR155	4.3628	-0.0088	0.115	0.2235	NA
GPR156	1.5375	0.0021	0.1147	0.6593	NA
GPR157	48.1037	0.0398	0.1131	0.0871	0.807
GPR158	2.7054	-0.0019	0.113	0.7672	NA
GPR160	253.2287	-0.0704	0.1079	0.0698	0.7804
GPR161	475.8343	0.0334	0.0993	0.4098	0.9188
GPR162	328.9075	-0.0877	0.1118	0.0324	0.7128
GPR17	7.2287	0.0128	0.1149	0.1487	0.8598
GPR173	0.9716	-0.0016	0.1161	0.689	NA
GPR176	839.0864	0.0265	0.0951	0.5531	0.9491
GPR179	0.5006	1e-04	0.1192	0.9745	NA
GPR18	1.2983	-3e-04	0.1145	0.9374	NA
GPR180	762.204	-0.0045	0.0954	0.9188	0.9932
GPR19	6.0729	-0.0056	0.1124	0.5235	0.9416
GPR20	95.1388	0.0498	0.116	0.0419	0.7463
GPR21	1.1449	-4e-04	0.1154	0.9254	NA
GPR25	0.2615	9e-04	0.1202	0.7452	NA
GPR27	42.7912	0.0277	0.1108	0.2031	0.8745
GPR3	85.3456	0.022	0.1066	0.4352	0.9227
GPR33	0.2729	9e-04	0.1202	0.7407	NA
GPR34	1.6598	-0.004	0.1166	0.3935	NA
GPR35	10.7272	0.0072	0.1115	0.5475	0.9487
GPR37	6.7635	7e-04	0.1118	0.9389	0.9946
GPR37L1	10.5796	0.0069	0.1115	0.5612	0.9516
GPR39	384.4225	0.0521	0.1008	0.2037	0.8747
GPR4	1.4139	-0.0054	0.1227	0.2178	NA
GPR45	0.4999	1e-04	0.1192	0.9716	NA
GPR55	0.2729	9e-04	0.1202	0.7407	NA
GPR56	1.1897	-0.0021	0.1167	0.5894	NA
GPR62	7.1915	6e-04	0.1118	0.9495	0.9956
GPR63	96.6832	0.0049	0.1051	0.8664	0.9887
GPR64	1.1814	-0.002	0.1167	0.5985	NA
GPR68	3.5578	0.0042	0.1129	0.556	NA
GPR75	20.1562	0.0127	0.1109	0.4207	0.9204
GPR75-ASB3	10.9303	0.0048	0.1415	0.1447	0.8598
GPR78	0.5187	3e-04	0.119	0.9315	NA
GPR82	1.7489	-4e-04	0.1138	0.943	NA
GPR83	0.7746	0.001	0.1175	0.7636	NA
GPR85	0.9604	-0.0013	0.1168	0.7165	NA
GPR87	14.1525	-9e-04	0.1108	0.9459	0.9956
GPR89A	419.4573	-0.0121	0.099	0.7611	0.9791
GPR89B	202.0935	-0.0472	0.1048	0.1918	0.8684
GPR98	7.0112	0.0164	0.1168	0.0839	0.807
GPRASP1	17.4339	4e-04	0.1105	0.9762	0.9959
GPRASP2	166.3193	0.0373	0.1052	0.2681	0.89
GPRC5A	2821.517	0.1177	0.1053	0.0171	0.6309
GPRC5B	2288.4757	0.0862	0.099	0.0663	0.7756
GPRC5C	2787.3125	-0.0012	0.0941	0.9795	0.9961
GPRC5D	3.0058	0	0.1127	0.996	NA
GPRIN1	266.7233	-0.0546	0.1036	0.1594	0.8611
GPRIN2	245.6671	-0.0022	0.1004	0.9531	0.9956
GPRIN3	63.1854	0.0232	0.1092	0.3221	0.9
GPS1	3007.2725	-8e-04	0.0932	0.9865	0.9969
GPS2	952.9438	-0.0361	0.0976	0.3968	0.9182
GPSM1	115.4103	-0.0079	0.1045	0.7967	0.9839
GPSM2	610.1653	-0.0091	0.0973	0.8271	0.9853
GPSM3	25.7651	0.0053	0.1099	0.7582	0.9789
GPT	8.3698	-0.0177	0.1178	0.0682	0.7804
GPT2	1075.3164	0.1363	0.1161	0.0068	0.5102
GPX1	7413.619	-0.0502	0.0977	0.2499	0.8873
GPX2	70.8863	-0.0262	0.1081	0.3224	0.9
GPX3	974.3244	-0.0505	0.0984	0.2406	0.886
GPX4	7539.5825	-0.0295	0.0969	0.4921	0.9331
GPX5	0.48	-0.0014	0.1207	0.6399	NA
GPX7	1011.6051	-0.0408	0.0971	0.3472	0.9066
GPX8	1305.7764	0.0298	0.0936	0.518	0.9416
GRAMD1A	1088.361	0.0184	0.0953	0.6771	0.9708
GRAMD1B	20.5202	0.0166	0.1115	0.2877	0.8971
GRAMD1C	16.957	0.0027	0.1106	0.853	0.9876
GRAMD2	408.6389	-0.0429	0.0995	0.2971	0.8992
GRAMD3	594.2895	0.0049	0.0962	0.9091	0.9926
GRAMD4	870.3819	0.078	0.1002	0.0844	0.807
GRAP	0.7387	-7e-04	0.1174	0.8404	NA
GRAPL	1.4857	3e-04	0.1142	0.9466	NA
GRASP	84.8422	-0.0033	0.1066	0.8988	0.9907
GRB10	354.4591	0.0988	0.1141	0.0211	0.65
GRB14	250.7404	-0.0338	0.1038	0.3315	0.9014
GRB2	3715.9845	-0.0042	0.091	0.9298	0.9937
GRB7	636.5767	-5e-04	0.0965	0.9905	0.9978
GREB1	2.1194	0.0054	0.1193	0.2546	NA
GREB1L	648.7814	0.0535	0.103	0.1723	0.8611
GRHL1	231.0606	0.031	0.1025	0.392	0.9162
GRHL2	15.9919	0.0046	0.1107	0.7485	0.9769
GRHL3	2062.5161	0.1184	0.1037	0.0175	0.6309
GRHPR	1736.0927	-0.0547	0.0965	0.2247	0.8832
GRIA2	0.2289	-7e-04	0.1199	0.8029	NA
GRIA4	1.8478	0.0025	0.1151	0.5895	NA
GRID1	22.1144	-7e-04	0.1102	0.9641	0.9956
GRID2	0.4791	-0.0014	0.1207	0.6404	NA
GRID2IP	1.0606	0.0019	0.117	0.6189	NA
GRIK1	0.4785	-0.0014	0.1207	0.6407	NA
GRIK2	0.2289	-7e-04	0.1199	0.8029	NA
GRIK4	0.7195	-6e-04	0.1175	0.8485	NA
GRIK5	2.1957	-0.0018	0.1136	0.741	NA
GRIN1	0.5112	2e-04	0.1191	0.9513	NA
GRIN2B	0.2605	9e-04	0.1202	0.7459	NA
GRIN2C	1.5795	4e-04	0.1137	0.9417	NA
GRIN2D	106.5393	0.0313	0.1073	0.2831	0.8965
GRIN3A	9.4792	-0.0099	0.1121	0.376	0.9119
GRIN3B	455.8776	0.036	0.0989	0.3824	0.9139
GRINA	2848.7932	-0.0405	0.0953	0.369	0.9111
GRIP1	12.1308	-0.0048	0.1111	0.7096	0.9731
GRIP2	0.7308	-6e-04	0.1174	0.8539	NA
GRIPAP1	493.6003	-0.0274	0.0991	0.4956	0.9347
GRK4	24.0719	-0.0042	0.1099	0.8056	0.9839
GRK5	17.2942	0.0028	0.1105	0.8479	0.9866
GRK6	1443.5527	0.006	0.0929	0.8973	0.9907
GRK7	0.2289	-7e-04	0.1199	0.8029	NA
GRM1	0.4914	2e-04	0.1193	0.9561	NA
GRM2	12.6705	-0.0029	0.111	0.8209	0.9851
GRM5	0.9915	3e-04	0.1153	0.9493	NA
GRM8	2.9185	-0.0046	0.1135	0.4778	NA
GRN	7581.3182	0.0224	0.0928	0.6306	0.964
GRPEL1	1128.6922	-0.0204	0.0961	0.6382	0.9658
GRPEL2	530.1797	0.0148	0.0971	0.7257	0.9756
GRPR	112.4714	0.0247	0.1062	0.4036	0.9185
GRSF1	3228.4247	-0.0483	0.093	0.3066	0.8992
GRTP1	281.7909	-0.0555	0.1059	0.1319	0.8492
GRWD1	1039.9812	0.0275	0.0947	0.541	0.9465
GRXCR2	0.48	-0.0014	0.1207	0.6399	NA
GS1-24F4.2	1.0368	0.0021	0.1164	0.5946	NA
GS1-251I9.4	88.8731	-0.0315	0.108	0.2627	0.89
GS1-259H13.2	3.2253	-0.0016	0.1128	0.8119	NA
GSAP	8.0888	-0.0022	0.1117	0.8326	0.9854
GSC	16.299	-1e-04	0.1108	0.9914	0.998
GSDMB	30.3055	-0.0038	0.1095	0.8353	0.9854
GSDMC	0.4901	1e-04	0.1193	0.9705	NA
GSDMD	753.3763	-0.0859	0.1059	0.0482	0.7463
GSE1	751.6115	0.0374	0.0998	0.3532	0.908
GSG1	6.0592	0.0017	0.112	0.853	0.9876
GSG2	456.9817	0.0534	0.1025	0.1779	0.8611
GSK3A	2201.3411	0.046	0.0941	0.321	0.9
GSK3B	2051.5897	0.0542	0.0961	0.2323	0.8851
GSKIP	611.1407	-0.0289	0.0974	0.4939	0.9337
GSN	2133.3236	0.0425	0.0927	0.3689	0.9111
GSN-AS1	3.7154	0.0014	0.1126	0.8364	NA
GSPT1	5286.2008	0.0344	0.091	0.4747	0.9312
GSR	6106.797	0.0287	0.0907	0.5525	0.9489
GSS	1895.9563	-0.027	0.0931	0.561	0.9516
GSTA1	1.3128	-0.0052	0.123	0.2236	NA
GSTA2	0.2729	9e-04	0.1202	0.7407	NA
GSTA4	195.0227	-0.0963	0.1259	0.0106	0.5586
GSTCD	539.4091	-0.0288	0.0981	0.4883	0.9323
GSTK1	1487.3799	-0.0799	0.1031	0.0683	0.7804
GSTM2	14.5548	0.0014	0.1111	0.9139	0.9932
GSTM3	5008.2414	-0.0748	0.0998	0.0964	0.821
GSTM4	991.1098	-0.0539	0.0988	0.2106	0.8773
GSTO1	1021.1339	-0.0497	0.0993	0.2377	0.886
GSTO2	449.6261	-0.0994	0.1136	0.0213	0.65
GSTP1	57755.1377	-0.0137	0.0957	0.7533	0.9783
GSTT2	1.3849	-0.0044	0.1225	0.2713	NA
GSTT2B	55.5909	-0.0021	0.1075	0.9288	0.9937
GSTZ1	162.9125	-0.0238	0.1047	0.4578	0.9255
GTDC1	242.6407	-0.024	0.1017	0.5118	0.94
GTF2A1	1294.997	0.0068	0.0963	0.8739	0.9894
GTF2A2	1333.2539	-0.0945	0.1126	0.0256	0.6739
GTF2B	382.8551	-0.037	0.1002	0.3522	0.908
GTF2E1	894.5116	0.0108	0.0949	0.8088	0.9839
GTF2E2	706.9782	-0.007	0.0962	0.8703	0.989
GTF2F1	2228.075	0.0584	0.0935	0.2185	0.8812
GTF2F2	563.951	-0.0557	0.1001	0.186	0.8684
GTF2H1	1024.6754	0.0135	0.0946	0.762	0.9791
GTF2H2	296.4566	0.024	0.1013	0.5185	0.9416
GTF2H2B	503.9103	-0.0425	0.0983	0.3157	0.9
GTF2H2C	537.391	-0.0644	0.1003	0.1358	0.8556
GTF2H3	1146.3122	0.0155	0.0963	0.718	0.9751
GTF2H4	533.6591	-0.0204	0.097	0.631	0.964
GTF2H5	492.6737	-0.0555	0.1016	0.1739	0.8611
GTF2I	4275.4541	0.0432	0.1004	0.2835	0.8965
GTF2IP1	2326.9427	-0.0448	0.0931	0.3414	0.9039
GTF2IRD1	497.5482	-0.0221	0.0975	0.5978	0.9572
GTF2IRD1P1	55.4655	-0.0282	0.1096	0.2468	0.8873
GTF2IRD2	87.353	-0.0261	0.1092	0.2834	0.8965
GTF2IRD2B	219.5997	0.0719	0.1115	0.0506	0.7518
GTF3A	2004.5098	-0.0457	0.0943	0.3215	0.9
GTF3C1	3983.123	0.1191	0.1143	0.012	0.5795
GTF3C2	2552.1975	0.0765	0.0959	0.1071	0.826
GTF3C3	1230.4624	-0.0202	0.0936	0.6589	0.969
GTF3C4	795.4185	0.0544	0.1083	0.112	0.8281
GTF3C5	1231.9728	0.0137	0.0935	0.765	0.9791
GTF3C6	1712.0511	-0.0559	0.098	0.2038	0.8747
GTPBP1	1031.2135	0.0866	0.1035	0.0532	0.7576
GTPBP10	313.6641	-0.0133	0.0994	0.7344	0.976
GTPBP2	837.0986	0.0018	0.0948	0.968	0.9956
GTPBP3	893.5559	0.0287	0.0961	0.5121	0.9403
GTPBP4	2262.3965	0.0593	0.0935	0.2125	0.8774
GTPBP6	1587.7873	-0.0154	0.0934	0.7368	0.9761
GTPBP8	183.6941	-0.0319	0.1034	0.3633	0.9102
GTSE1	1726.4473	0.0368	0.0951	0.4134	0.9204
GTSE1-AS1	5.8307	0.0034	0.1122	0.6893	0.9712
GUCA1B	6.8055	0.0023	0.1118	0.8141	0.985
GUCA1C	1.2108	-0.0024	0.116	0.5726	NA
GUCA2A	26.7654	0.0025	0.1096	0.888	0.9899
GUCA2B	15.57	-0.0063	0.1108	0.661	0.969
GUCD1	1612.0379	0.0041	0.0931	0.929	0.9937
GUCY1A2	6.3636	-0.0033	0.112	0.7205	0.9753
GUCY1A3	1.2795	-0.0019	0.116	0.6395	NA
GUCY1B2	0.2391	-7e-04	0.1199	0.7985	NA
GUCY1B3	58.0074	0.0257	0.109	0.2979	0.8992
GUCY2C	16.8384	0.0042	0.1107	0.7725	0.9796
GUF1	769.4635	0.0057	0.0956	0.8963	0.9905
GUK1	3350.8985	-0.0174	0.0967	0.6838	0.9712
GULP1	1326.1668	0.0171	0.0948	0.7018	0.9724
GUSB	769.813	0.0147	0.0953	0.7384	0.9761
GUSBP1	43.1062	-0.0017	0.1087	0.9345	0.9943
GUSBP11	67.6657	0.0442	0.112	0.0977	0.821
GUSBP2	5.1772	-0.003	0.1121	0.7294	0.9759
GUSBP3	2.251	0.0023	0.1143	0.6513	NA
GUSBP4	2.9537	-0.0027	0.1129	0.6863	NA
GUSBP5	14.6405	-8e-04	0.1108	0.9508	0.9956
GUSBP9	2.3801	-0.0053	0.1185	0.2729	NA
GXYLT1	1855.9095	0.0268	0.0976	0.523	0.9416
GXYLT2	3.0208	0.0024	0.1128	0.7214	NA
GYG1	1206.9896	-0.0805	0.098	0.0848	0.807
GYG2	2080.3219	-0.0494	0.0935	0.2934	0.899
GYLTL1B	95.5779	-0.0311	0.1074	0.2825	0.8965
GYS1	5235.6236	0.0385	0.0914	0.4229	0.9204
GYS2	2.1595	-0.0026	0.1141	0.6128	NA
GZF1	450.1369	0.0392	0.1016	0.3085	0.8998
GZMM	5.254	4e-04	0.1121	0.9584	0.9956
H1F0	1261.1343	0.0022	0.0942	0.9619	0.9956
H1FOO	0.2605	9e-04	0.1202	0.7459	NA
H1FX	3063.2472	-0.0438	0.0954	0.3317	0.9014
H1FX-AS1	38.6506	-0.0124	0.109	0.5563	0.9507
H2AFB1	0.4578	-0.0013	0.1206	0.6493	NA
H2AFB2	5.7502	1e-04	0.1184	0.9807	0.9961
H2AFB3	0.4737	-0.0014	0.1207	0.64	NA
H2AFJ	107.3651	-0.0159	0.1052	0.5947	0.9562
H2AFV	3920.6278	-0.0131	0.0922	0.7798	0.9806
H2AFX	6050.3187	-0.0228	0.0948	0.6115	0.9585
H2AFY	4192.2376	-0.0144	0.092	0.7601	0.9791
H2AFY2	269.1749	-0.0041	0.1002	0.9134	0.9931
H2AFZ	7168.8145	-0.0821	0.0986	0.078	0.8033
H2BFXP	13.811	-0.0047	0.111	0.7283	0.9758
H3F3A	7272.2884	-0.0682	0.0965	0.1403	0.8585
H3F3AP4	1425.0899	-0.1177	0.1164	0.0116	0.5668
H3F3B	8610.1785	-0.0435	0.0937	0.3497	0.9067
H3F3C	1.0026	3e-04	0.1148	0.9478	NA
H6PD	920.0783	-0.016	0.0986	0.6904	0.9712
HAAO	324.6721	-0.0364	0.1012	0.3451	0.9054
HABP4	1183.3182	0.0264	0.0947	0.5565	0.9507
HACE1	231.9616	-0.0053	0.1015	0.8825	0.9899
HACL1	518.5368	-0.0099	0.0987	0.8043	0.9839
HADH	1225.857	-0.0333	0.0949	0.4598	0.9259
HADHA	3379.1308	0.0072	0.0915	0.8792	0.9899
HADHB	2234.7213	-0.0285	0.0929	0.5406	0.9465
HAGH	782.587	-0.0534	0.1005	0.1977	0.8721
HAGHL	73.2931	-0.0221	0.1084	0.3737	0.9119
HAL	0.2146	-7e-04	0.1198	0.8152	NA
HAND1	1.526	0.0017	0.1151	0.7028	NA
HAP1	86.3667	-0.0477	0.1112	0.1004	0.821
HAPLN3	1745.7387	0.0228	0.095	0.6095	0.9583
HAPLN4	4.2127	-0.0016	0.1123	0.8352	NA
HAR1A	2.0509	4e-04	0.1139	0.9402	NA
HAR1B	0.4688	-0.0014	0.1206	0.6446	NA
HARBI1	61.008	-0.004	0.1074	0.8699	0.9889
HARS	1813.4437	0.0532	0.0936	0.2591	0.89
HARS2	528.2215	0.0251	0.097	0.5552	0.9504
HAS1	1.0478	0.0021	0.1164	0.5936	NA
HAS3	722.542	0.0211	0.0959	0.6278	0.9634
HAT1	1874.8187	-0.0622	0.0943	0.1877	0.8684
HAUS1	525.336	-0.0784	0.1046	0.0663	0.7756
HAUS2	644.2886	0.0053	0.0958	0.9032	0.9911
HAUS3	267.7673	-0.0082	0.1007	0.8253	0.9853
HAUS4	608.6841	-0.044	0.0989	0.2944	0.8992
HAUS5	506.9549	0.0065	0.0985	0.8713	0.9893
HAUS6	977.2787	0.0163	0.0962	0.705	0.9724
HAUS7	405.7025	-0.0385	0.1008	0.3271	0.9003
HAUS8	519.7333	0.0089	0.0972	0.831	0.9854
HAVCR1	507.102	0.0337	0.1049	0.3125	0.9
HAVCR1P1	2.7356	-2e-04	0.1128	0.9714	NA
HAVCR2	1.2759	0.0013	0.1144	0.7791	NA
HAX1	1278.2461	-0.0118	0.097	0.7795	0.9806
HBCBP	0.24	-7e-04	0.1199	0.7975	NA
HBEGF	116.2553	0.027	0.106	0.374	0.9119
HBP1	527.8988	-2e-04	0.0978	0.9965	0.9991
HBS1L	1553.6349	0.0886	0.102	0.0532	0.7576
HCAR1	37.3664	0.0276	0.1113	0.1826	0.8673
HCAR2	4.0341	0.0027	0.1124	0.7326	NA
HCAR3	0.8195	0.0025	0.1212	0.4474	NA
HCCAT3	0.9638	-0.0013	0.1168	0.7121	NA
HCCS	944.0288	-0.0353	0.0969	0.4148	0.9204
HCFC1	6092.6326	0.2044	0.1738	5e-04	0.1797
HCFC1R1	762.3399	-0.0524	0.102	0.1891	0.8684
HCFC2	183.6492	0.0086	0.1043	0.7811	0.9806
HCG11	485.7347	0.0669	0.101	0.1202	0.8309
HCG16	6.1837	-0.0026	0.112	0.779	0.9806
HCG17	0.7296	-7e-04	0.1167	0.8346	NA
HCG18	381.9648	0.0288	0.0999	0.4643	0.9271
HCG23	0.24	-7e-04	0.1199	0.7975	NA
HCG26	0.523	0.0016	0.1212	0.5945	NA
HCG27	2.9775	6e-04	0.1128	0.9251	NA
HCG4B	1.0672	0.0041	0.1216	0.2975	NA
HCG8	10.2004	0.0025	0.1115	0.8222	0.9851
HCG9	0.48	-0.0014	0.1207	0.6399	NA
HCLS1	7.0292	0.0015	0.1117	0.8801	0.9899
HCN2	310.4995	-0.0221	0.0998	0.5715	0.9544
HCN3	150.9579	0.0303	0.1049	0.3529	0.908
HCN4	2.8058	0.0047	0.1139	0.4463	NA
HCP5	6.6595	0.0093	0.1128	0.3192	0.9
HCRTR1	0.2731	0.001	0.1202	0.7404	NA
HCST	8.9033	0.0079	0.112	0.4637	0.9269
HDAC1	3933.8768	-0.0073	0.091	0.8794	0.9899
HDAC10	429.3728	0.016	0.0992	0.6858	0.9712
HDAC11	102.2675	-0.0033	0.1048	0.9128	0.993
HDAC11-AS1	0.4672	-0.0013	0.1206	0.6473	NA
HDAC2	3043.0981	-0.0021	0.0913	0.9655	0.9956
HDAC3	1443.2893	-0.0209	0.0938	0.6477	0.9679
HDAC4	502.2765	0.047	0.103	0.2171	0.8788
HDAC5	749.8181	0.0499	0.0966	0.2625	0.89
HDAC6	664.6008	0.035	0.0969	0.4173	0.9204
HDAC7	3923.1608	0.1147	0.1005	0.0222	0.65
HDAC8	274.9538	-0.028	0.1007	0.4661	0.9277
HDAC9	2708.8613	0.0814	0.1016	0.0698	0.7804
HDDC2	1781.4401	-0.0862	0.1026	0.0564	0.7636
HDDC3	131.5984	-0.0498	0.1093	0.1174	0.8296
HDGF	10439.8843	-0.0687	0.0921	0.1599	0.8611
HDGFRP2	1727.2055	-0.0313	0.0929	0.5033	0.9369
HDGFRP3	1497.5688	-0.0191	0.0932	0.6791	0.9708
HDHD1	1568.2439	-0.0369	0.0938	0.4246	0.9204
HDHD2	588.7776	-0.0533	0.0984	0.2187	0.8812
HDHD3	371.3406	-0.0461	0.1027	0.2271	0.8832
HDLBP	18064.0616	0.0704	0.0959	0.1334	0.8498
HEATR1	2130.1413	0.0818	0.1012	0.0702	0.7809
HEATR2	2600.4236	0.0798	0.0949	0.0984	0.821
HEATR3	498.878	9e-04	0.0978	0.9821	0.9961
HEATR4	0.7495	9e-04	0.1176	0.7775	NA
HEATR5A	1928.2478	0.0828	0.1084	0.0459	0.7463
HEATR5B	736.4803	0.0568	0.1037	0.1469	0.8598
HEATR6	309.3894	0.0581	0.1037	0.14	0.8585
HEBP1	994.5349	-0.0584	0.0981	0.1858	0.8684
HEBP2	1562.6868	-0.0503	0.0983	0.2436	0.886
HECA	342.1343	0.0217	0.0994	0.5825	0.9552
HECTD1	3442.4191	0.0737	0.1053	0.0743	0.7897
HECTD2	198.1817	0.0234	0.1024	0.5107	0.9399
HECTD3	1188.469	0.0522	0.0951	0.2565	0.89
HECTD4	1140.4723	0.0808	0.115	0.0307	0.707
HECW1	4.4596	-6e-04	0.1122	0.9374	NA
HECW2	1.617	-0.0061	0.1242	0.1805	NA
HEG1	1530.621	0.1063	0.1186	0.014	0.6102
HEIH	52.0187	0.0195	0.1088	0.4011	0.9185
HELB	64.3723	0.0342	0.1108	0.1602	0.8611
HELLS	1244.7726	0.0096	0.0946	0.8297	0.9854
HELQ	179.5144	-0.0097	0.1024	0.7772	0.9806
HELZ	1126.022	0.0501	0.1035	0.1879	0.8684
HELZ2	311.55	0.0613	0.1085	0.0884	0.8072
HEMK1	270.3761	-0.0607	0.1061	0.1087	0.8274
HENMT1	0.9863	-0.0016	0.1161	0.6835	NA
HEPH	10.0141	-0.0038	0.1114	0.7421	0.9761
HEPHL1	0.5021	1e-04	0.1192	0.9644	NA
HEPN1	0.2289	-7e-04	0.1199	0.8029	NA
HERC1	812.9104	0.064	0.1079	0.0851	0.807
HERC2	2628.2394	0.0867	0.1141	0.0287	0.6932
HERC2P10	4.6751	0.0085	0.1145	0.2493	0.8873
HERC2P2	609.9046	0.0531	0.0984	0.22	0.8828
HERC2P3	191.6728	0.0615	0.1161	0.0382	0.7463
HERC2P7	8.3739	0.0076	0.1119	0.4799	0.932
HERC2P9	215.3893	0.0553	0.1059	0.1331	0.8498
HERC3	491.8223	0.0208	0.098	0.6142	0.959
HERC4	768.5359	0.0122	0.0953	0.7814	0.9806
HERC5	12.7595	0.0034	0.1111	0.7907	0.9836
HERC6	68.1011	-0.009	0.1067	0.731	0.9759
HERPUD1	2657.7617	0.0248	0.092	0.5991	0.9572
HERPUD2	320.4325	0.0247	0.0996	0.5311	0.9433
HES1	952.1337	0.019	0.0967	0.6555	0.969
HES2	50.9244	-0.017	0.1086	0.4614	0.9264
HES4	603.7334	-0.1504	0.1558	0.0015	0.3254
HES5	6.0817	0.0048	0.1121	0.6095	0.9583
HES6	254.012	-0.1353	0.1479	0.0023	0.3705
HES7	4.8812	-0.0057	0.1126	0.4951	0.9344
HESX1	0.2079	8e-04	0.1199	0.7937	NA
HEXA	1800.1903	2e-04	0.093	0.9962	0.9991
HEXA-AS1	4.147	-0.0045	0.1139	0.4577	NA
HEXB	2484.9166	-0.0257	0.0934	0.577	0.9552
HEXDC	205.1716	-0.1221	0.1433	0.0031	0.4115
HEXIM1	2396.1814	-0.0193	0.0919	0.6826	0.9712
HEXIM2	277.3891	-0.0081	0.1023	0.8142	0.985
HEY1	37.7427	-0.0112	0.1093	0.5765	0.9552
HEY2	25.8963	0.0086	0.1099	0.6295	0.964
HEYL	83.0005	0.0379	0.1097	0.1662	0.8611
HFE	173.3197	-0.033	0.1042	0.3345	0.9022
HFE2	0.2289	-7e-04	0.1199	0.8029	NA
HFM1	1.2019	-0.0021	0.1157	0.626	NA
HGD	252.1724	-0.0435	0.1046	0.2228	0.8832
HGFAC	61.4772	0	0.1072	0.9985	0.9994
HGS	1650.1221	-0.0323	0.0938	0.4831	0.932
HGSNAT	898.6053	-0.0466	0.0963	0.2958	0.8992
HHAT	56.8251	0.0041	0.1074	0.8643	0.9887
HHEX	272.7075	-0.0111	0.1001	0.7716	0.9796
HHIP	1.4786	0.0034	0.1177	0.4121	NA
HHIPL1	8.8146	-8e-04	0.1116	0.9414	0.9946
HHIPL2	4.0508	0.0026	0.1125	0.7299	NA
HHLA2	0.6867	-0.0019	0.1209	0.5405	NA
HHLA3	231.0892	-0.0443	0.1051	0.2084	0.8771
HIAT1	1253.6737	0.03	0.0936	0.5143	0.9406
HIATL1	2287.6726	0.0131	0.092	0.7805	0.9806
HIATL2	43.3057	-0.015	0.1092	0.4793	0.932
HIBADH	918.3784	-0.0166	0.095	0.7094	0.9731
HIBCH	690.0446	-0.117	0.1132	0.0133	0.6042
HIC1	29.338	-0.0038	0.1094	0.8393	0.9857
HIC2	654.789	0.0614	0.104	0.1227	0.8315
HID1	635.4911	0.0768	0.1013	0.0837	0.807
HIF1A	1922.6361	0.043	0.098	0.314	0.9
HIF1A-AS1	0.5123	2e-04	0.1191	0.9551	NA
HIF1A-AS2	281.7488	-0.0391	0.1024	0.296	0.8992
HIF1AN	1512.528	0.0295	0.0943	0.5169	0.9415
HIF3A	0.2289	-7e-04	0.1199	0.8029	NA
HIGD1A	8675.8383	-0.0564	0.0935	0.2339	0.886
HIGD1B	2.0742	-0.0042	0.1155	0.4147	NA
HIGD1C	3.8016	0.0035	0.1126	0.6427	NA
HIGD2A	1269.5638	-0.0559	0.0994	0.1916	0.8684
HILPDA	151.0501	-0.0041	0.103	0.901	0.9908
HILS1	0.2289	-7e-04	0.1199	0.8029	NA
HINFP	196.5702	0.01	0.1024	0.7713	0.9796
HINT1	4012.751	-0.07	0.099	0.1185	0.8305
HINT2	311.3831	-0.0552	0.1059	0.1333	0.8498
HINT3	815.4151	-0.0193	0.0955	0.6613	0.969
HIP1	1176.8607	0.0353	0.1005	0.3689	0.9111
HIP1R	2774.5916	0.0377	0.0932	0.4191	0.9204
HIPK1	1679.0937	0.0508	0.0995	0.2275	0.8832
HIPK2	2337.4574	0.0887	0.1161	0.0239	0.6573
HIPK3	1628.9238	0.0805	0.1062	0.0564	0.7636
HIPK4	7.9302	-0.0031	0.1117	0.7631	0.9791
HIRA	1677.0172	0.1071	0.1028	0.0269	0.6814
HIRIP3	714.0819	-0.029	0.0958	0.5101	0.9397
HIST1H1B	4.8863	-0.0036	0.1124	0.6541	0.969
HIST1H1C	516.5727	-0.0409	0.0999	0.3137	0.9
HIST1H1D	0.2312	-7e-04	0.1199	0.801	NA
HIST1H1E	10.6153	0.005	0.1115	0.6622	0.969
HIST1H2AB	3.2354	0.0014	0.113	0.8221	NA
HIST1H2AC	193.124	0.0027	0.1026	0.9374	0.9946
HIST1H2AD	5.3004	0.0014	0.1124	0.8513	0.9872
HIST1H2AE	12.2037	-6e-04	0.1111	0.9603	0.9956
HIST1H2AG	24.7974	0.0117	0.1103	0.5029	0.9369
HIST1H2AH	5.9125	0.0036	0.1121	0.6826	0.9712
HIST1H2AI	13.2114	0.0081	0.1112	0.5429	0.9465
HIST1H2AK	1.8446	-0.0037	0.117	0.405	NA
HIST1H2AL	4.4525	-0.0071	0.1136	0.3415	NA
HIST1H2AM	23.555	0.0131	0.1106	0.4342	0.9227
HIST1H2BC	40.5834	-0.0091	0.1089	0.6619	0.969
HIST1H2BD	262.1826	-0.0201	0.1005	0.5962	0.9566
HIST1H2BE	0.4888	1e-04	0.1193	0.9778	NA
HIST1H2BF	3.0134	0.0028	0.1129	0.675	NA
HIST1H2BG	3.142	-0.0034	0.1129	0.6226	NA
HIST1H2BJ	8.5027	-0.01	0.1123	0.3486	0.9067
HIST1H2BK	1644.257	-0.0084	0.0955	0.8485	0.9866
HIST1H2BL	2.5991	0.0042	0.1141	0.4783	NA
HIST1H2BN	3.574	0.001	0.1128	0.8823	NA
HIST1H2BO	6.6035	0.0037	0.1122	0.6657	0.969
HIST1H3A	2.5775	-0.0031	0.1134	0.6031	NA
HIST1H3B	3.1737	-0.0035	0.1129	0.6121	NA
HIST1H3D	74.6092	0.0135	0.1069	0.609	0.9583
HIST1H3E	8.0234	0.0067	0.1121	0.5005	0.9355
HIST1H3H	53.1497	-0.0077	0.1081	0.7349	0.976
HIST1H3J	3.6046	0.0023	0.113	0.7181	NA
HIST1H4A	2.4934	-0.0045	0.1146	0.4203	NA
HIST1H4B	3.0461	0.0033	0.1134	0.5903	NA
HIST1H4C	3.1467	-0.0032	0.1129	0.641	NA
HIST1H4D	2.6934	-0.0037	0.1134	0.5621	NA
HIST1H4E	3.7778	0.0022	0.1125	0.771	NA
HIST1H4H	6.57	0.0037	0.1119	0.7043	0.9724
HIST1H4I	0.7141	-5e-04	0.1174	0.8845	NA
HIST1H4J	11.8148	-0.0075	0.1121	0.4585	0.9257
HIST1H4K	1.3645	0.0045	0.1233	0.255	NA
HIST2H2AA3	427.2934	-0.0023	0.1163	0.5684	0.9537
HIST2H2AA4	263.365	0.005	0.1196	0.2714	0.8904
HIST2H2AB	1.5467	0.0019	0.1152	0.6636	NA
HIST2H2AC	33.4421	-0.0103	0.1096	0.5846	0.9552
HIST2H2BC	38.0314	0.0079	0.1093	0.6851	0.9712
HIST2H2BE	210.523	-0.0318	0.1026	0.3794	0.9129
HIST2H2BF	11.6047	-0.0078	0.1116	0.5124	0.9403
HIST2H3A	3.4211	0.0146	0.1659	0.0243	NA
HIST2H3C	7.1471	-0.019	0.1366	0.0254	0.6739
HIST2H3D	7.5844	0.0036	0.1117	0.7283	0.9758
HIST2H4A	7.5636	-0.0041	0.1352	0.1933	0.8684
HIST2H4B	25.9357	9e-04	0.114	0.8525	0.9876
HIST3H2A	66.2489	-0.0214	0.108	0.398	0.9182
HIST3H2BB	3.7683	-0.0031	0.1129	0.6502	NA
HIST4H4	2.2923	0.0011	0.1135	0.8384	NA
HIVEP1	413.5014	0.1332	0.1498	0.0021	0.3606
HIVEP2	299.3281	0.0546	0.1093	0.1009	0.821
HIVEP3	582.7618	0.0051	0.0964	0.9043	0.9916
HJURP	1207.6259	0.0444	0.0946	0.3328	0.9014
HK1	2828.0375	0.0401	0.092	0.4	0.9185
HK2	680.3626	0.0538	0.1014	0.1864	0.8684
HK3	0.5334	0.0017	0.1207	0.5726	NA
HKDC1	797.5196	0.0457	0.0973	0.2946	0.8992
HKR1	296.4783	-0.0147	0.0997	0.7045	0.9724
HLA-A	3692.5408	-0.011	0.0936	0.8086	0.9839
HLA-B	385.5946	-0.0397	0.1022	0.2942	0.8992
HLA-C	1189.9579	-0.0221	0.0938	0.6288	0.9639
HLA-DMA	180.7876	-0.0575	0.1096	0.0899	0.8072
HLA-DMB	732.2944	-0.0243	0.0973	0.5649	0.9526
HLA-DOA	2.8163	8e-04	0.1128	0.8946	NA
HLA-DOB	1.0669	0.0041	0.1216	0.2977	NA
HLA-DPA1	0.96	-0.0029	0.1209	0.4117	NA
HLA-DPB1	1.3523	0.0053	0.1234	0.2173	NA
HLA-DQB1	6.5734	-0.0091	0.1128	0.3309	0.901
HLA-DRA	4.0652	-0.0076	0.1147	0.2702	NA
HLA-E	1680.901	-0.101	0.1015	0.0351	0.7317
HLA-F-AS1	3.0346	0.001	0.1128	0.8789	NA
HLA-G	0.4757	-0.0014	0.1207	0.6424	NA
HLA-H	20.6262	0.0056	0.1103	0.7242	0.9755
HLA-J	0.5219	0.0016	0.1212	0.5951	NA
HLA-L	3.5646	0.0037	0.1131	0.5797	NA
HLCS	689.7157	0.0803	0.1049	0.061	0.7686
HLF	0.9499	-0.0034	0.1204	0.3715	NA
HLTF	1666.438	0.0312	0.0978	0.4577	0.9254
HLX	8.9824	-0.0027	0.1116	0.802	0.9839
HM13	4342.6399	-0.0412	0.0935	0.3768	0.9119
HM13-AS1	1.1944	-0.0019	0.1165	0.6249	NA
HMBOX1	536.683	0.0873	0.1079	0.0411	0.7463
HMBS	1218.2252	-0.0793	0.1003	0.0801	0.8068
HMCES	1563.718	-0.0316	0.0937	0.4922	0.9331
HMCN1	7.167	0.0101	0.1126	0.3135	0.9
HMCN2	0.7613	9e-04	0.1175	0.7808	NA
HMG20A	909.482	0.0014	0.0956	0.9738	0.9959
HMG20B	1687.5457	-0.0169	0.0939	0.7098	0.9731
HMGA1	5296.2277	-0.0095	0.0929	0.8377	0.9854
HMGA2	22727.3643	0.0329	0.0913	0.4924	0.9331
HMGB1	9808.3894	-0.0787	0.0939	0.1061	0.8257
HMGB2	3214.2759	-0.0349	0.0934	0.4517	0.9232
HMGB3	1647.9066	-0.0426	0.094	0.3565	0.9092
HMGCL	419.1319	-0.0608	0.1025	0.1368	0.8569
HMGCR	2480.2028	0.0386	0.0953	0.3905	0.9162
HMGCS1	1088.2603	0.0258	0.0944	0.5679	0.9535
HMGCS2	0.774	0.001	0.1175	0.7642	NA
HMGN1	7417.9679	-0.0462	0.0931	0.326	0.9001
HMGN2	13437.6038	-0.1066	0.1018	0.0285	0.6924
HMGN3	4745.1814	-0.1192	0.1139	0.0121	0.5795
HMGN3-AS1	28.6186	0.0071	0.1095	0.7039	0.9724
HMGN4	473.7326	-0.0767	0.1036	0.0744	0.79
HMGN5	145.4271	-0.0351	0.1053	0.289	0.8971
HMGXB3	1880.0042	0.0356	0.0933	0.4437	0.9232
HMGXB4	742.0355	0.0251	0.0974	0.5507	0.9489
HMHA1	753.2515	-0.0224	0.0956	0.6099	0.9583
HMMR	634.6549	-0.0197	0.0968	0.643	0.967
HMOX1	229.4958	-0.0347	0.1025	0.3453	0.9054
HMOX2	871.6123	-0.0406	0.0973	0.3476	0.9067
HMP19	0.956	-0.0028	0.1209	0.4136	NA
HMSD	25.6019	-0.0284	0.1131	0.1077	0.8262
HMX2	44.9483	-0.0024	0.1085	0.9113	0.9928
HMX3	0.2289	-7e-04	0.1199	0.8029	NA
HN1	2734.0918	-0.06	0.0978	0.1778	0.8611
HN1L	3337.272	-0.0289	0.0915	0.5439	0.9471
HNF1A	421.7766	0.0288	0.0993	0.4737	0.9312
HNF1A-AS1	13.5929	0.0194	0.1132	0.1391	0.8585
HNF1B	1009.5072	0.0203	0.0942	0.654	0.969
HNF4A	69.2501	0.0411	0.1118	0.1098	0.8275
HNF4G	56.4984	-0.0218	0.1086	0.3714	0.9111
HNMT	150.9018	-0.0248	0.1042	0.4511	0.9232
HNRNPA0	7660.328	0.0552	0.092	0.2531	0.8882
HNRNPA1	29124.1182	0.0212	0.0907	0.6602	0.969
HNRNPA1L2	129.585	0.0207	0.1043	0.5195	0.9416
HNRNPA1P10	93.8688	0.0221	0.1062	0.4492	0.9232
HNRNPA1P33	0.4679	-0.0013	0.1206	0.6456	NA
HNRNPA2B1	17825.795	-0.0789	0.0936	0.1066	0.826
HNRNPA3	10166.9312	-0.0241	0.0908	0.6158	0.959
HNRNPA3P1	1.7793	0.0014	0.1136	0.7961	NA
HNRNPAB	6583.9692	-0.0218	0.0923	0.6428	0.9669
HNRNPC	12466.543	0.0037	0.0901	0.939	0.9946
HNRNPCL1	0.2735	0.001	0.1202	0.7401	NA
HNRNPD	6804.7181	-0.0484	0.0924	0.3102	0.8998
HNRNPDL	4394.7526	-0.0167	0.0925	0.7199	0.9753
HNRNPF	6066.1803	0.019	0.0906	0.6933	0.9716
HNRNPH1	7040.3341	-0.0101	0.0904	0.8338	0.9854
HNRNPH2	2395.6125	0.0596	0.1017	0.1495	0.8598
HNRNPH3	4172.5554	3e-04	0.0911	0.9945	0.9991
HNRNPK	17020.0142	0.0112	0.0899	0.817	0.985
HNRNPL	11905.5586	0.0688	0.093	0.1559	0.8598
HNRNPLL	1357.7749	0.0388	0.0946	0.395	0.9174
HNRNPM	10202.5443	0.0293	0.0906	0.5452	0.9483
HNRNPR	4948.4103	0.081	0.0939	0.0975	0.821
HNRNPU	13174.1559	-0.0142	0.0914	0.7646	0.9791
HNRNPU-AS1	146.9623	0.0135	0.1046	0.661	0.969
HNRNPUL1	7958.2553	0.071	0.094	0.1395	0.8585
HNRNPUL2	2598.7635	0.0236	0.0926	0.6136	0.9589
HNRNPUL2-BSCL2	2139.2572	0.0863	0.1114	0.0344	0.7282
HOGA1	191.9172	-0.0883	0.1186	0.0202	0.6425
HOMER1	415.9361	0.0115	0.0995	0.7681	0.9791
HOMER2	338.6786	-0.0443	0.101	0.2661	0.89
HOMER3	339.1266	-0.0316	0.1011	0.4085	0.9187
HOMEZ	308.7269	-0.0313	0.1004	0.422	0.9204
HOOK1	1636.2983	0.0463	0.0978	0.2843	0.8965
HOOK2	224.0316	-0.0388	0.1027	0.2946	0.8992
HOOK3	1089.9132	0.034	0.1003	0.3879	0.9162
HOPX	1.2374	8e-04	0.1148	0.853	NA
HOTAIR	7.3345	0.0082	0.1124	0.3969	0.9182
HOTAIRM1	116.15	-0.0839	0.1304	0.0067	0.5102
HOTTIP	3.4398	0.0058	0.1145	0.35	NA
HOXA-AS2	40.2079	-0.0289	0.1119	0.1531	0.8598
HOXA-AS3	93.262	0.007	0.1058	0.8028	0.9839
HOXA1	233.5748	-0.0269	0.1017	0.4654	0.9277
HOXA10	2705.6897	-0.0018	0.0925	0.9692	0.9956
HOXA10-AS	513.6261	0.0841	0.1082	0.0446	0.7463
HOXA10-HOXA9	49.6147	-0.0089	0.1089	0.6657	0.969
HOXA11	905.7027	-0.0055	0.0951	0.9004	0.9908
HOXA11-AS	118.9799	-0.0189	0.1051	0.5357	0.9444
HOXA13	93.9903	0.0332	0.1075	0.2566	0.89
HOXA2	73.7139	0.0087	0.1066	0.7415	0.9761
HOXA3	736.4606	0.035	0.0966	0.422	0.9204
HOXA4	5.3942	0.0066	0.1127	0.4293	0.9207
HOXA5	615.5715	-0.0293	0.0973	0.4903	0.9324
HOXA6	39.7932	0.0281	0.1116	0.169	0.8611
HOXA7	62.9244	-0.009	0.1072	0.7204	0.9753
HOXA9	1438.4405	4e-04	0.0948	0.9919	0.9982
HOXB-AS3	1.4773	-0.0015	0.1147	0.7406	NA
HOXB13	56.3975	-0.008	0.1074	0.7425	0.9761
HOXB2	0.2733	0.001	0.1202	0.7403	NA
HOXB3	1.9748	-0.0029	0.1143	0.5789	NA
HOXB4	2.9058	-0.0057	0.1151	0.3327	NA
HOXB5	6.9014	-0.0017	0.1118	0.8593	0.9881
HOXB6	27.0532	-9e-04	0.1097	0.9597	0.9956
HOXB7	180.883	-0.0388	0.1048	0.2601	0.89
HOXB8	4.9846	-0.0106	0.1161	0.1582	0.861
HOXB9	3.0896	-0.0071	0.1154	0.2632	NA
HOXC-AS1	0.9622	-0.0014	0.1169	0.7026	NA
HOXC-AS3	5.5258	0.0011	0.112	0.8992	0.9908
HOXC10	107.3413	-0.0078	0.1047	0.7966	0.9839
HOXC11	65.3474	-0.0048	0.1069	0.8508	0.9872
HOXC12	2.742	-2e-04	0.1128	0.9814	NA
HOXC13	264.002	0.0268	0.1008	0.4819	0.932
HOXC13-AS	7.2194	-0.0134	0.114	0.1658	0.8611
HOXC4	15.813	-0.005	0.1111	0.6986	0.9722
HOXC5	9.3678	-0.0056	0.1117	0.61	0.9583
HOXC6	82.2554	-1e-04	0.1061	0.9964	0.9991
HOXC8	6.0815	0.0047	0.1121	0.6122	0.9586
HOXC9	45.0121	-0.0079	0.1087	0.7093	0.9731
HOXD-AS1	70.9934	-0.0326	0.11	0.1947	0.8697
HOXD-AS2	120.2539	-0.045	0.1094	0.1363	0.8565
HOXD1	13.2349	-0.0114	0.1116	0.3869	0.9162
HOXD10	6.4858	0.0014	0.1119	0.8825	0.9899
HOXD11	24.3632	-0.0045	0.1098	0.7949	0.9839
HOXD12	1.182	-0.002	0.1167	0.5997	NA
HOXD13	72.8501	-0.0036	0.1065	0.8921	0.9899
HOXD3	8.8252	0.0079	0.1121	0.4486	0.9232
HOXD4	102.1208	0.0465	0.1098	0.1245	0.8359
HOXD8	294.5196	-0.069	0.1073	0.0763	0.7986
HOXD9	178.1014	0.0071	0.1026	0.8346	0.9854
HP09025	0.2731	0.001	0.1202	0.7404	NA
HP1BP3	2362.627	0.005	0.0927	0.9144	0.9932
HPCA	1.6679	-0.004	0.1166	0.3918	NA
HPCAL1	415.4088	-0.0352	0.0999	0.3781	0.9119
HPCAL4	0.4689	-0.0014	0.1206	0.6446	NA
HPD	9.1912	-0.0019	0.1114	0.8645	0.9887
HPDL	2.7836	0.0032	0.1132	0.6169	NA
HPGD	1.2533	-5e-04	0.1146	0.9012	NA
HPGDS	1.3102	-0.003	0.1176	0.4618	NA
HPRT1	775.6647	-0.1106	0.1117	0.017	0.6309
HPS1	848.7611	0.0112	0.0947	0.8012	0.9839
HPS3	1376.4	-0.0137	0.0963	0.7501	0.977
HPS4	498.8058	0.0516	0.0991	0.2255	0.8832
HPS5	1358.5152	0.0149	0.0951	0.7375	0.9761
HPS6	813.0432	0.0415	0.0969	0.342	0.9041
HPSE	754.6985	-0.0341	0.0959	0.4402	0.9232
HPX	0.9654	-0.0016	0.1162	0.6828	NA
HR	180.4903	0.0724	0.1135	0.042	0.7463
HRAS	1340.0532	-0.0323	0.0976	0.4448	0.9232
HRASLS	1.0172	3e-04	0.1152	0.9448	NA
HRASLS2	22.1227	-0.013	0.1107	0.4344	0.9227
HRASLS5	1.9421	-0.0012	0.1134	0.8264	NA
HRC	15.9465	0.0089	0.111	0.5337	0.9444
HRCT1	13.503	-0.0094	0.1115	0.4626	0.9265
HRG	19.4738	-0.0089	0.1106	0.5726	0.9544
HRH1	370.6225	0.0145	0.0985	0.7194	0.9753
HRK	1.508	4e-04	0.1138	0.9355	NA
HRSP12	292.1007	-0.0763	0.1087	0.0549	0.7614
HS1BP3	263.2254	-0.0503	0.1035	0.1866	0.8684
HS1BP3-IT1	1.2199	-5e-04	0.1147	0.9012	NA
HS2ST1	2027.6065	0.0121	0.0968	0.7751	0.9802
HS3ST1	338.5042	0.0178	0.0998	0.646	0.9672
HS3ST3A1	262.0286	0.0485	0.1028	0.2085	0.8771
HS3ST3B1	23.1318	0.011	0.1106	0.4983	0.9351
HS3ST6	3.3655	0.0052	0.1134	0.4532	NA
HS6ST1	15086.1136	0.0796	0.0941	0.1021	0.8231
HS6ST2	1366.1765	0.021	0.0948	0.6382	0.9658
HS6ST3	0.2729	9e-04	0.1202	0.7407	NA
HSBP1	2606.0269	-0.0706	0.0967	0.128	0.8439
HSBP1L1	172.9719	-0.0449	0.1068	0.1777	0.8611
HSCB	174.9328	-0.0577	0.1092	0.0928	0.814
HSD11B1L	18.4891	-0.0106	0.1109	0.4792	0.932
HSD11B2	21.1149	-0.0154	0.111	0.3463	0.906
HSD17B1	159.9537	-0.015	0.1038	0.644	0.9672
HSD17B10	1397.9351	-0.0302	0.0969	0.4815	0.932
HSD17B11	983.6248	-0.0819	0.1	0.0738	0.7897
HSD17B12	1266.4393	-0.007	0.094	0.8778	0.9899
HSD17B13	4.5813	-0.0024	0.1125	0.7502	NA
HSD17B14	7.9896	-0.0016	0.1118	0.8697	0.9889
HSD17B2	41.8283	0.0179	0.1092	0.4133	0.9204
HSD17B4	2034.1748	-0.0211	0.0922	0.6531	0.969
HSD17B6	2.1628	2e-04	0.1135	0.9722	NA
HSD17B7	139.5746	-0.0501	0.1085	0.1268	0.8412
HSD17B7P2	22.1122	-6e-04	0.1102	0.9677	0.9956
HSD17B8	137.9381	-7e-04	0.1037	0.982	0.9961
HSD3B7	96.1513	-0.0376	0.109	0.1839	0.868
HSD3BP4	0.273	9e-04	0.1202	0.7406	NA
HSD52	2.0619	0.0037	0.1148	0.4779	NA
HSDL1	518.2547	-0.0329	0.0976	0.4374	0.9227
HSDL2	1526.6386	-0.0776	0.0964	0.1007	0.821
HSF1	2917.8025	0.0277	0.0934	0.5486	0.9489
HSF2	330.0849	0.014	0.0991	0.7232	0.9755
HSF2BP	52.464	-0.0171	0.1088	0.4479	0.9232
HSF4	34.3886	-0.0173	0.1098	0.3911	0.9162
HSFX1	13.3977	0.0068	0.1111	0.6094	0.9583
HSH2D	1.2278	-0.0021	0.1166	0.5953	NA
HSP90AA1	37214.6866	-0.0584	0.0921	0.2273	0.8832
HSP90AB1	41862.2294	-0.0212	0.0898	0.6631	0.969
HSP90AB4P	1.2833	0.003	0.1166	0.4828	NA
HSP90B1	17897.4907	0.0039	0.0903	0.9357	0.9945
HSP90B2P	1.9196	-0.0029	0.1144	0.5755	NA
HSPA12A	257.425	0.0076	0.1012	0.8341	0.9854
HSPA12B	95.0527	-0.0139	0.1059	0.6227	0.9613
HSPA13	1497.6413	0.0379	0.096	0.392	0.9162
HSPA14	1396.5107	8e-04	0.0931	0.9858	0.9969
HSPA1A	71.283	-0.0168	0.1071	0.5239	0.9416
HSPA1B	64.6109	0.0201	0.1083	0.411	0.9191
HSPA1L	18.2301	0.0029	0.1104	0.8516	0.9873
HSPA2	509.1411	0.0433	0.0981	0.3101	0.8998
HSPA4	6189.2742	0.0297	0.0923	0.5277	0.9418
HSPA4L	917.975	-0.0187	0.0986	0.6441	0.9672
HSPA5	16725.3348	0.0144	0.0901	0.7667	0.9791
HSPA6	9.1386	-0.0053	0.1116	0.6377	0.9657
HSPA8	41210.6699	-0.1181	0.0985	0.0207	0.6479
HSPA9	11580.827	0.0179	0.0904	0.711	0.9731
HSPB1	8010.7258	-0.0399	0.0992	0.3327	0.9014
HSPB11	389.26	-0.1389	0.1436	0.0027	0.3923
HSPB2	2.454	-0.0011	0.113	0.8534	NA
HSPB2-C11orf52	6.2984	4e-04	0.1122	0.9634	0.9956
HSPB3	4.101	0.0037	0.1129	0.5934	NA
HSPB6	4.6141	0.0063	0.1128	0.438	0.9227
HSPB7	0.7295	-8e-04	0.1167	0.831	NA
HSPB8	19.0878	-0.0028	0.1104	0.8553	0.9878
HSPB9	1.0202	3e-04	0.1152	0.9402	NA
HSPBAP1	95.1368	0.0056	0.1053	0.8462	0.9866
HSPBP1	1329.8633	-0.007	0.0971	0.8664	0.9887
HSPD1	17901.8483	-0.0438	0.0906	0.3688	0.9111
HSPE1	3973.8289	-0.0869	0.1044	0.0503	0.7518
HSPE1-MOB4	20.1386	0.0181	0.1116	0.2516	0.8879
HSPG2	31566.2168	0.1793	0.1771	6e-04	0.1954
HSPH1	6981.6202	-0.0801	0.0944	0.099	0.821
HTATIP2	182.4985	-0.0563	0.1077	0.1114	0.8281
HTATSF1	1734.9335	-0.0139	0.0938	0.7609	0.9791
HTATSF1P2	5.6427	-0.0025	0.1122	0.7707	0.9794
HTR1D	443.4635	-0.0105	0.0975	0.7996	0.9839
HTR2B	23.5775	0.0039	0.1101	0.8133	0.985
HTR7	3.3863	-0.0063	0.1138	0.3645	NA
HTR7P1	83.8825	0.0072	0.1061	0.7934	0.9836
HTRA1	177.9148	-0.0287	0.1032	0.4109	0.9191
HTRA2	670.6847	-0.0169	0.0984	0.678	0.9708
HTRA3	1.6956	-7e-04	0.1136	0.8978	NA
HTT	3524.788	0.0856	0.1053	0.0502	0.7518
HUNK	403.5913	0.0166	0.0991	0.6762	0.9708
HUS1	390.9985	0.0287	0.0988	0.4822	0.932
HUS1B	1.5519	0.0023	0.1143	0.6403	NA
HUWE1	5984.5926	0.0767	0.1077	0.058	0.7674
HVCN1	3.7024	-0.0018	0.1125	0.8098	NA
HYAL1	91.7901	-0.0164	0.1059	0.566	0.9531
HYAL2	2011.0546	-0.0257	0.0953	0.562	0.952
HYAL3	99.7137	-0.0176	0.1061	0.5364	0.9444
HYAL4	7.9153	0.0073	0.1121	0.4761	0.9312
HYDIN	12.3573	-0.0021	0.1113	0.8584	0.9881
HYI	876.1195	-0.0573	0.101	0.1685	0.8611
HYKK	29.9973	-0.023	0.1112	0.2261	0.8832
HYLS1	62.9021	-0.0045	0.107	0.8576	0.9881
HYMAI	3.5585	0.0052	0.1136	0.4323	NA
HYOU1	4752.756	0.0824	0.0957	0.0868	0.807
HYPK	781.592	-0.0401	0.1014	0.3005	0.8992
IAH1	562.0574	-0.0394	0.0984	0.3481	0.9067
IARS	6315.9598	0.0612	0.0945	0.1926	0.8684
IARS2	3988.6436	-0.0048	0.0921	0.9179	0.9932
IBA57	335.1914	0.0466	0.106	0.1783	0.8611
IBA57-AS1	1.0105	3e-04	0.1159	0.9297	NA
IBTK	1703.0635	0.0667	0.101	0.1209	0.8309
ICA1	1.6838	-0.0014	0.1141	0.7714	NA
ICA1L	76.3648	-0.0075	0.1075	0.7538	0.9783
ICAM1	1254.7826	-0.0366	0.0948	0.4189	0.9204
ICAM2	615.0437	-0.0122	0.0986	0.7618	0.9791
ICAM3	165.751	-0.0378	0.107	0.2261	0.8832
ICAM4	16.4822	-0.0028	0.1106	0.8483	0.9866
ICAM5	597.3725	-0.0048	0.0966	0.9098	0.9927
ICK	383.092	0.057	0.1034	0.1482	0.8598
ICMT	3923.3626	-0.0034	0.0909	0.9435	0.9953
ICOSLG	24.0016	-0.0048	0.1108	0.7328	0.976
ICT1	522.641	-0.0542	0.1011	0.1869	0.8684
ID1	9266.0011	-0.0714	0.0993	0.111	0.8281
ID2	1263.542	-0.1257	0.1204	0.0081	0.5196
ID3	14169.5115	-0.0826	0.1032	0.0617	0.7686
ID4	7964.8513	-0.07	0.0936	0.1463	0.8598
IDE	1119.222	0.0053	0.0947	0.9061	0.9922
IDH1	1416.0199	-0.0637	0.0956	0.1703	0.8611
IDH1-AS1	11.0742	0.0087	0.1118	0.4504	0.9232
IDH2	548.602	-0.0364	0.0976	0.3936	0.9168
IDH3A	1564.2496	-0.0415	0.0934	0.374	0.9119
IDH3B	1337.0058	-0.035	0.0961	0.4269	0.9205
IDH3G	1103.1439	-0.0299	0.0959	0.4969	0.935
IDI1	904.6241	-0.0631	0.0975	0.1614	0.8611
IDI2	68.5748	-0.0025	0.1066	0.9228	0.9934
IDI2-AS1	4.5538	0.0018	0.1122	0.8241	NA
IDNK	28.0045	-0.0168	0.1104	0.3627	0.9102
IDO1	71.6339	-0.0324	0.1091	0.2228	0.8832
IDO2	0.5007	1e-04	0.1192	0.9727	NA
IDS	1607.819	0.0674	0.0993	0.1281	0.8442
IDUA	21.715	-0.0013	0.1101	0.9348	0.9943
IER2	1476.8543	0.0462	0.0942	0.318	0.9
IER3	1273.1116	-0.0955	0.1054	0.0359	0.7414
IER3IP1	1239.042	-0.0439	0.0973	0.3129	0.9
IER5	1507.0646	0.0597	0.096	0.1926	0.8684
IER5L	2684.1152	8e-04	0.0968	0.9853	0.9968
IFFO1	9.831	-0.002	0.1114	0.8623	0.9887
IFFO2	253.4219	0.0478	0.1036	0.2037	0.8747
IFI16	7.094	-0.0052	0.1119	0.5993	0.9572
IFI27	1.4172	-0.0053	0.1225	0.2223	NA
IFI27L1	13.5402	-0.0157	0.1125	0.2157	0.8785
IFI27L2	15.7916	-0.0143	0.1118	0.302	0.8992
IFI30	784.3529	-0.0461	0.0997	0.2644	0.89
IFI35	2.2218	-4e-04	0.1134	0.9419	NA
IFI6	57.3222	-0.0255	0.1098	0.2653	0.89
IFIH1	5.2093	-0.0086	0.1144	0.246	0.8873
IFIT1	44.4148	-0.013	0.1089	0.5447	0.948
IFIT2	74.3425	-0.0353	0.1099	0.1773	0.8611
IFIT3	171.7192	-0.024	0.1035	0.4791	0.932
IFIT5	368.8987	-0.0354	0.1014	0.3549	0.9085
IFITM1	1332.1102	-0.051	0.0978	0.2423	0.886
IFITM10	50.3874	0.0143	0.1094	0.4865	0.9323
IFITM2	2971.903	-0.0234	0.0963	0.5894	0.9555
IFITM3	5159.6267	-0.0485	0.0992	0.2492	0.8873
IFITM4P	0.2605	9e-04	0.1202	0.7459	NA
IFNAR1	1980.1158	0.0331	0.0951	0.4606	0.9261
IFNAR2	471.41	-0.0468	0.0989	0.268	0.89
IFNGR1	657.6237	-0.015	0.0958	0.7305	0.9759
IFNGR2	827.7596	-0.0531	0.098	0.2241	0.8832
IFNK	0.2605	9e-04	0.1202	0.7459	NA
IFNLR1	112.1932	0.0631	0.1151	0.043	0.7463
IFNW1	0.2289	-7e-04	0.1199	0.8029	NA
IFRD1	1657.5617	-0.0046	0.0929	0.9212	0.9933
IFRD2	3823.6663	-0.0213	0.0941	0.6393	0.9658
IFT122	390.6832	0.0316	0.1006	0.4144	0.9204
IFT140	768.8461	-0.0108	0.0953	0.8062	0.9839
IFT172	223.3173	-0.0169	0.1018	0.636	0.9656
IFT20	273.4069	-0.0792	0.1123	0.0392	0.7463
IFT27	163.3806	-0.0581	0.1096	0.0882	0.8072
IFT43	245.8587	-0.0681	0.1083	0.0729	0.7886
IFT46	138.3405	-0.0262	0.1055	0.3974	0.9182
IFT52	572.0554	-0.0224	0.0974	0.5946	0.9562
IFT57	1102.7586	-0.0433	0.0949	0.3415	0.904
IFT74	273.7853	-0.0299	0.1015	0.424	0.9204
IFT80	211.6661	-0.0029	0.102	0.9334	0.9941
IFT81	401.3248	-0.0219	0.0993	0.5802	0.9552
IFT88	272.158	-0.0023	0.1001	0.9526	0.9956
IGBP1	582.2181	-0.0365	0.0978	0.3888	0.9162
IGDCC3	9.4394	-0.0013	0.1114	0.9081	0.9922
IGDCC4	302.7769	0.0449	0.1014	0.255	0.8895
IGF1R	1332.7407	0.0648	0.1015	0.126	0.841
IGF2	2203.9457	-0.0064	0.092	0.8918	0.9899
IGF2-AS	2.6102	-0.0017	0.113	0.7831	NA
IGF2BP1	2380.5822	0.0492	0.097	0.2658	0.89
IGF2BP2	3178.7608	0.042	0.0941	0.363	0.9102
IGF2BP3	2712.5433	0.0288	0.0948	0.5219	0.9416
IGF2R	3057.1406	0.1292	0.134	0.0045	0.4647
IGFALS	1.0443	0.0034	0.1218	0.3523	NA
IGFBP1	1.2724	0.0011	0.1148	0.7992	NA
IGFBP2	485.3725	-0.0057	0.0985	0.8876	0.9899
IGFBP3	5741.3115	-0.0033	0.0905	0.9455	0.9956
IGFBP4	196.7566	-0.0264	0.103	0.4497	0.9232
IGFBP6	58.2259	-0.0069	0.1075	0.7749	0.9802
IGFBP7	13696.111	-0.038	0.0949	0.4004	0.9185
IGFBP7-AS1	0.6867	-0.0019	0.1209	0.5405	NA
IGFBPL1	7.4908	0.0016	0.1117	0.8729	0.9894
IGFL2	1.2488	0.0011	0.1144	0.8124	NA
IGFLR1	41.8259	-0.0428	0.1156	0.047	0.7463
IGFN1	2.7676	0.0015	0.1128	0.8143	NA
IGHMBP2	609.4059	0.0885	0.1045	0.0473	0.7463
IGIP	136.7565	0.0062	0.1039	0.8455	0.9862
IGLON5	2.0882	0.0059	0.1184	0.2492	NA
IGSF1	0.266	9e-04	0.1202	0.7421	NA
IGSF10	18.1669	-0.0088	0.1107	0.5617	0.952
IGSF11	4.8752	-0.005	0.1126	0.527	0.9417
IGSF22	0.48	-0.0014	0.1207	0.6399	NA
IGSF23	1.44	-0.0045	0.1227	0.2588	NA
IGSF3	830.0554	0.0246	0.099	0.5404	0.9464
IGSF5	4.3743	-0.006	0.1129	0.4446	NA
IGSF8	773.5774	-0.0181	0.0964	0.6745	0.9708
IGSF9	12.7777	0.0073	0.1113	0.5622	0.952
IHH	152.3285	0.007	0.1032	0.8329	0.9854
IK	1966.8035	0.0172	0.0925	0.7127	0.9733
IKBIP	1850.6293	-0.0788	0.0962	0.0974	0.821
IKBKAP	1076.9486	0.0114	0.0956	0.7936	0.9836
IKBKB	545.4626	0.0167	0.0968	0.6951	0.9722
IKBKE	496.2194	-0.0283	0.0992	0.4815	0.932
IKBKG	428.489	0.0292	0.1	0.4574	0.9254
IKZF2	315.2494	0.024	0.1033	0.482	0.932
IKZF4	79.7203	0.0241	0.1077	0.3663	0.9102
IKZF5	219.8727	-0.0042	0.1014	0.9076	0.9922
IL10RA	0.2607	9e-04	0.1202	0.7458	NA
IL10RB	572.7648	-0.071	0.101	0.1037	0.8247
IL10RB-AS1	1.3357	0.0028	0.1172	0.4889	NA
IL11	4.8494	0.0036	0.1123	0.6651	0.969
IL11RA	16.7156	-0.0085	0.1109	0.5579	0.9508
IL12A	1.6439	-0.0034	0.117	0.4382	NA
IL12RB1	1.318	0.0027	0.1171	0.5049	NA
IL12RB2	1.5638	-0.0011	0.1148	0.7976	NA
IL13RA1	1426.7804	-0.0129	0.0934	0.7784	0.9806
IL13RA2	0.7011	-0.0023	0.12	0.4933	NA
IL15	5.0761	-0.0069	0.1129	0.3973	0.9182
IL15RA	10.4657	-3e-04	0.1112	0.9827	0.9961
IL16	2.2889	0.0044	0.1141	0.4588	NA
IL17B	2.0872	0.0021	0.1139	0.6935	NA
IL17D	106.6354	-0.0429	0.1103	0.1301	0.8492
IL17RA	906.7731	0.0487	0.097	0.2695	0.8901
IL17RB	186.5941	-0.0493	0.1054	0.1703	0.8611
IL17RC	569.8806	-0.0485	0.0986	0.2553	0.8895
IL17RD	140.3487	0.0098	0.1038	0.7584	0.979
IL17RE	12.2714	-0.0075	0.1114	0.5485	0.9489
IL18	562.6421	-0.1008	0.1183	0.016	0.6309
IL18BP	35.4589	0.0158	0.1105	0.3772	0.9119
IL18R1	17.0459	-4e-04	0.1105	0.9803	0.9961
IL1A	18.5117	-0.0237	0.1133	0.1157	0.8296
IL1B	1.579	0.002	0.1147	0.6621	NA
IL1F10	0.24	-7e-04	0.1199	0.7975	NA
IL1R1	1829.8052	0.0742	0.1002	0.0965	0.821
IL1R2	34.0879	-0.0112	0.1098	0.5501	0.9489
IL1RAP	729.8573	0.0702	0.102	0.1015	0.8219
IL1RAPL1	0.274	0.001	0.1202	0.7397	NA
IL1RL2	0.5458	0.0016	0.1213	0.5866	NA
IL1RN	22.4281	0.0039	0.1101	0.816	0.985
IL20RB	5.7287	-0.0011	0.1122	0.8948	0.9903
IL22RA1	46.4888	0.0139	0.1086	0.5345	0.9444
IL23A	4.4398	-6e-04	0.1125	0.9354	NA
IL23R	0.73	6e-04	0.1174	0.8505	NA
IL27RA	81.5971	-0.0075	0.1059	0.7865	0.9829
IL2RG	47.2459	-0.0218	0.1095	0.3295	0.9004
IL31RA	0.4177	-0.0012	0.1204	0.6782	NA
IL32	1444.6453	-0.0612	0.1027	0.134	0.8515
IL34	12.9407	-0.0136	0.1121	0.2874	0.8971
IL36B	0.24	-7e-04	0.1199	0.7975	NA
IL36RN	11.3756	0.0052	0.1115	0.6474	0.9678
IL3RA	33.7915	-0.0148	0.1097	0.4542	0.9246
IL4I1	202.8766	-0.0331	0.103	0.3557	0.9092
IL4R	470.0384	0.0138	0.0983	0.7345	0.976
IL6	4.9696	-0.0021	0.1122	0.8053	0.9839
IL6R	50.8956	0.0032	0.1078	0.8889	0.9899
IL6ST	2842.4821	0.0264	0.0975	0.531	0.9433
IL7	1.0222	0.0021	0.1164	0.6003	NA
IL8	22.0002	-0.0221	0.1122	0.1749	0.8611
IL9R	1.7557	0.0013	0.1136	0.8051	NA
ILDR1	0.2605	9e-04	0.1202	0.7459	NA
ILDR2	2.7923	-0.0119	0.1461	0.0438	NA
ILF2	6552.6724	-0.0236	0.0919	0.6177	0.9593
ILF3	11292.2383	0.0537	0.0927	0.261	0.89
ILF3-AS1	258.1935	0.0137	0.1006	0.7148	0.9743
ILK	3109.9031	-0.0373	0.0939	0.4182	0.9204
ILKAP	818.7144	0.0066	0.0956	0.8801	0.9899
ILVBL	1083.2494	-0.0083	0.0954	0.8507	0.9872
IMMP1L	73.3018	-0.0259	0.1085	0.3121	0.9
IMMP2L	103.1697	-0.0168	0.106	0.5546	0.95
IMMT	3181.3327	-0.0247	0.0915	0.603	0.9581
IMP3	1317.4011	-0.0181	0.0959	0.6773	0.9708
IMP4	1071.3058	0.0109	0.0946	0.8075	0.9839
IMPA1	388.7382	-0.0026	0.0983	0.9496	0.9956
IMPA2	881.9501	-0.031	0.0982	0.4568	0.9254
IMPACT	545.0652	-0.0308	0.098	0.4617	0.9265
IMPAD1	2468.8118	0.0273	0.0925	0.5607	0.9516
IMPDH1	1272.2331	0.0148	0.0947	0.7408	0.9761
IMPDH2	4930.0387	-0.0472	0.0939	0.3108	0.8998
IMPG1	0.7495	9e-04	0.1176	0.7774	NA
IMPG2	9.3777	-0.0028	0.1115	0.8007	0.9839
INA	15.5041	0.0016	0.1107	0.909	0.9926
INADL	842.0777	0.0431	0.0999	0.2909	0.8984
INCA1	12.3137	-0.0015	0.1111	0.9056	0.9921
INCENP	1458.8752	0.1323	0.1292	0.0051	0.483
INE1	24.2227	0.0255	0.1125	0.1406	0.8593
INE2	23.0005	-0.0024	0.1103	0.8752	0.9896
INF2	3248.0339	-0.0128	0.0913	0.7878	0.9832
ING1	489.9813	-0.0662	0.1021	0.1156	0.8296
ING2	246.9519	-0.0491	0.1043	0.1849	0.8684
ING3	211.4896	-0.0119	0.1021	0.7332	0.976
ING4	170.6111	-0.0352	0.1041	0.31	0.8998
ING5	718.2137	-0.0042	0.0953	0.923	0.9934
INHA	6.2398	-0.001	0.1119	0.9136	0.9932
INHBB	2.5113	0.0029	0.1143	0.5735	NA
INHBC	0.5214	0.0016	0.1212	0.5954	NA
INHBE	19.9528	0.0384	0.1235	0.0142	0.6102
INIP	287.1439	-0.0035	0.1015	0.9212	0.9933
INMT	1.7385	-5e-04	0.1135	0.9215	NA
INO80	787.5603	0.0612	0.0996	0.1579	0.8607
INO80B	419.366	-0.0402	0.0999	0.3204	0.9
INO80C	305.3823	-0.0313	0.1012	0.4098	0.9188
INO80D	396.4102	0.0401	0.1038	0.2655	0.89
INO80E	1206.8594	-0.0314	0.098	0.4524	0.9237
INPP1	1818.6715	0.0125	0.0945	0.7801	0.9806
INPP4A	1063.2209	0.0646	0.1022	0.1219	0.8315
INPP4B	471.1161	0.0605	0.1059	0.1112	0.8281
INPP5A	1055.8694	0.0159	0.094	0.7254	0.9755
INPP5B	392.8138	0.0286	0.0986	0.485	0.9322
INPP5D	252.2441	0.0163	0.101	0.659	0.969
INPP5E	442.3549	0.0618	0.1009	0.1447	0.8598
INPP5F	551.6131	0.0048	0.0978	0.9071	0.9922
INPP5J	14.5623	-0.0062	0.1112	0.6325	0.9643
INPP5K	575.7168	0.0408	0.0982	0.3356	0.9028
INPPL1	9251.421	0.1077	0.1025	0.0267	0.6814
INS-IGF2	8.8297	0.0011	0.1193	0.7093	0.9731
INSIG1	244.523	-0.023	0.1013	0.5351	0.9444
INSIG2	188.4962	-0.0322	0.1033	0.3614	0.9102
INSL3	0.24	-7e-04	0.1199	0.7975	NA
INSM2	0.7295	-8e-04	0.1167	0.831	NA
INSR	653.7034	0.079	0.1031	0.0703	0.7809
INTS1	5648.5889	0.1203	0.1089	0.0139	0.6102
INTS10	824.7803	-0.036	0.0955	0.42	0.9204
INTS12	258.6311	-0.0214	0.1007	0.5713	0.9544
INTS2	573.0192	0.0643	0.1072	0.089	0.8072
INTS3	1944.1258	0.1109	0.1019	0.0243	0.6585
INTS4	417.9257	0.0283	0.099	0.4849	0.9322
INTS4L1	23.5749	0.0076	0.1101	0.6558	0.969
INTS5	838.0147	0.0303	0.0955	0.4951	0.9344
INTS6	649.8476	-0.028	0.0965	0.5177	0.9416
INTS6-AS1	2.9171	-0.0027	0.113	0.6804	NA
INTS7	702.9451	0.0018	0.0955	0.9669	0.9956
INTS8	977.3279	-0.0779	0.0994	0.0878	0.8072
INTS9	368.4087	0.0281	0.0991	0.4856	0.9323
INTU	66.6645	0.0333	0.1095	0.2034	0.8747
INVS	372.7399	0.0375	0.1022	0.3176	0.9
IP6K1	1632.1947	0.04	0.0938	0.3872	0.9162
IP6K2	1218.9508	-0.0307	0.0939	0.5033	0.9369
IP6K3	1.4131	-0.0015	0.1146	0.7459	NA
IPMK	334.6178	-0.0528	0.1064	0.1389	0.8585
IPO11	1029.7661	0.0317	0.1011	0.4064	0.9185
IPO11-LRRC70	72.6898	-0.0039	0.1308	0.2325	0.8854
IPO13	846.3876	0.0069	0.0954	0.8751	0.9896
IPO4	4260.7333	0.0484	0.0922	0.312	0.9
IPO5	5650.6424	0.0434	0.0952	0.3387	0.903
IPO7	5843.0978	0.0625	0.0968	0.1696	0.8611
IPO8	1550.9272	-0.0018	0.0938	0.9681	0.9956
IPO9	2492.9873	0.0335	0.093	0.4728	0.9308
IPO9-AS1	5.726	0.01	0.1134	0.2575	0.89
IPP	342.6389	0.0216	0.1013	0.5598	0.9513
IPPK	405.6116	0.0757	0.1048	0.0716	0.7855
IQCA1	0.2605	9e-04	0.1202	0.7459	NA
IQCB1	482.1516	0.0375	0.0983	0.3712	0.9111
IQCC	108.2443	-0.0291	0.1065	0.3313	0.9013
IQCD	46.181	-0.0202	0.1102	0.3177	0.9
IQCE	513.7144	0.032	0.1006	0.4101	0.9189
IQCG	50.2067	-0.0244	0.1094	0.2982	0.8992
IQCH	16.8714	-0.0015	0.1106	0.9206	0.9932
IQCH-AS1	35.5865	-0.0184	0.1116	0.2508	0.8874
IQCJ-SCHIP1	1217.122	0.0044	0.0946	0.921	0.9933
IQCK	407.0387	-0.0488	0.1025	0.2091	0.8772
IQGAP1	6356.3223	0.052	0.1002	0.2108	0.8773
IQGAP2	986.5478	0.0115	0.0961	0.7898	0.9836
IQGAP3	778.9459	0.0713	0.1023	0.0962	0.821
IQSEC1	1003.0501	0.1043	0.1082	0.0239	0.6573
IQSEC2	686.7398	-0.0343	0.0974	0.4216	0.9204
IQSEC3	1.0545	0.004	0.1215	0.3054	NA
IQUB	26.449	0.0023	0.1096	0.8986	0.9907
IRAK1	4807.9546	-0.0013	0.092	0.978	0.9959
IRAK1BP1	150.1364	0.021	0.105	0.4965	0.935
IRAK2	68.7027	-0.0311	0.109	0.2372	0.886
IRAK4	260.6224	7e-04	0.1017	0.9841	0.9967
IREB2	2508.0743	0.0614	0.0985	0.164	0.8611
IRF1	360.3776	-0.0351	0.0996	0.3849	0.9152
IRF2	387.6799	-0.0391	0.1004	0.3259	0.9001
IRF2BP1	994.7561	0.0217	0.0974	0.6058	0.9581
IRF2BP2	3736.612	0.033	0.0914	0.4903	0.9324
IRF2BPL	2684.4094	0.083	0.0968	0.0815	0.807
IRF3	1100.1054	-0.049	0.1001	0.2348	0.886
IRF5	55.8983	0.0054	0.1075	0.8201	0.985
IRF6	16.1564	-0.0014	0.1106	0.9262	0.9935
IRF7	60.1033	-0.0242	0.1091	0.315	0.9
IRF9	110.7478	0.002	0.1057	0.9426	0.9947
IRGQ	1048.2248	0.0377	0.0965	0.3898	0.9162
IRS1	508.8119	0.0597	0.1114	0.0707	0.7825
IRS2	956.7635	0.1776	0.1639	9e-04	0.2507
IRS4	0.8778	0.0016	0.1176	0.6446	NA
IRX3	112.1535	-0.0076	0.1044	0.804	0.9839
IRX5	119.3408	-0.0055	0.1045	0.8574	0.988
IRX6	71.6705	0.0141	0.1071	0.5872	0.9552
ISCA1	571.0179	-0.0683	0.104	0.0967	0.821
ISCA2	415.4908	-0.048	0.1011	0.2323	0.8851
ISCU	1832.7207	-0.0807	0.1005	0.0754	0.7962
ISG15	300.0834	-0.0561	0.104	0.1474	0.8598
ISG20	22.2362	-0.0024	0.11	0.8835	0.9899
ISG20L2	1099.456	-0.0141	0.0938	0.757	0.9789
ISL2	6.5105	0.0013	0.1119	0.8892	0.9899
ISM1	81.6013	-0.0153	0.1064	0.5782	0.9552
ISM2	1.6922	-0.0017	0.1142	0.7292	NA
ISOC1	609.897	-0.0383	0.0969	0.3779	0.9119
ISOC2	1290.6259	-0.043	0.0993	0.2985	0.8992
ISPD	238.1746	-0.055	0.1072	0.1204	0.8309
ISPD-AS1	2.1989	-0.002	0.1134	0.7252	NA
IST1	1946.5786	0.0256	0.0925	0.5842	0.9552
ISX	1.2402	-5e-04	0.1152	0.8926	NA
ISY1	574.9203	-0.0264	0.0975	0.5303	0.9428
ISY1-RAB43	409.6804	-0.0067	0.0981	0.8693	0.9889
ISYNA1	12835.426	-0.0167	0.0933	0.7158	0.9743
ITCH	2296.8622	0.0788	0.1083	0.0523	0.7559
ITFG1	1707.3283	0.0245	0.093	0.5982	0.9572
ITFG2	306.7309	0.012	0.1005	0.7486	0.9769
ITFG3	2814.3986	-0.0081	0.0917	0.8636	0.9887
ITGA1	26.088	-0.0054	0.1102	0.7401	0.9761
ITGA10	36.3208	-0.0086	0.1094	0.6568	0.969
ITGA2	39.5795	0.0306	0.1119	0.1443	0.8598
ITGA2B	16.884	-0.0141	0.1115	0.3327	0.9014
ITGA3	1427.6369	0.0473	0.0964	0.2884	0.8971
ITGA4	0.8192	0.0025	0.1212	0.4476	NA
ITGA5	232.1059	0.0736	0.1118	0.0474	0.7463
ITGA6	3105.257	0.0961	0.1068	0.0331	0.718
ITGA7	107.024	0.0107	0.1054	0.7136	0.9736
ITGA9	323.7151	0.0747	0.1164	0.0307	0.707
ITGAE	134.3808	-0.0601	0.1134	0.0556	0.7614
ITGAL	1.8252	0.0062	0.1268	0.1614	NA
ITGAM	29.7567	0.0148	0.1102	0.423	0.9204
ITGAV	13314.5984	0.0668	0.101	0.1205	0.8309
ITGB1	15633.7625	0.0391	0.0923	0.4095	0.9188
ITGB1BP1	738.9514	-0.0578	0.0992	0.1805	0.8633
ITGB1BP2	2.0483	-1e-04	0.1133	0.9888	NA
ITGB2	237.9103	-0.0088	0.1006	0.8138	0.985
ITGB2-AS1	13.9099	-2e-04	0.1109	0.9857	0.9969
ITGB3	2331.1958	0.0804	0.1098	0.0451	0.7463
ITGB3BP	242.7073	-0.0849	0.1168	0.0246	0.6602
ITGB4	1888.8163	0.0834	0.0996	0.0716	0.7855
ITGB5	1603.224	0.0011	0.093	0.9811	0.9961
ITGB6	114.4235	0.0044	0.1045	0.8858	0.9899
ITGB7	5.3934	0.0099	0.1136	0.2502	0.8873
ITGB8	2242.1269	0.1097	0.1125	0.0169	0.6309
ITGBL1	9.8566	7e-04	0.1114	0.9512	0.9956
ITIH2	1.4629	-0.0011	0.1149	0.8046	NA
ITIH3	22.1602	-0.0105	0.1104	0.5286	0.9421
ITIH4	1.0792	0.0041	0.1216	0.2974	NA
ITIH5	2.2236	-0.004	0.1146	0.4651	NA
ITIH6	0.24	-7e-04	0.1199	0.7975	NA
ITLN1	45.6034	-0.0105	0.1083	0.6398	0.9658
ITLN2	4.4581	-6e-04	0.1123	0.9361	NA
ITM2A	16.5414	0.0119	0.1115	0.3876	0.9162
ITM2B	19351.5088	-0.0632	0.0939	0.1837	0.868
ITM2C	20991.615	0.0381	0.0913	0.4284	0.9207
ITPA	698.3795	-0.0375	0.0988	0.3657	0.9102
ITPK1	6107.5726	0.0643	0.0923	0.1852	0.8684
ITPK1-AS1	2.5604	0.0038	0.1139	0.516	NA
ITPKA	115.2776	-0.0553	0.1119	0.0746	0.7903
ITPKB	399.3229	0.0626	0.1059	0.1033	0.8247
ITPKC	579.7016	0.0208	0.0967	0.6259	0.963
ITPR1	34.2452	0.0103	0.1095	0.5938	0.9562
ITPR1-AS1	1.2953	0.0031	0.1165	0.4758	NA
ITPR2	450.5578	0.0273	0.1019	0.4563	0.9254
ITPR3	3170.3789	0.0773	0.1062	0.0625	0.7689
ITPRIP	513.1026	0.054	0.0998	0.2	0.874
ITPRIPL1	168.8303	0.0108	0.103	0.7468	0.9761
ITPRIPL2	1735.812	0.0732	0.0965	0.1175	0.8296
ITSN1	1887.0152	0.0699	0.1014	0.1059	0.8257
ITSN2	559.251	0.0483	0.1063	0.1646	0.8611
IVD	1487.9998	0.0169	0.0939	0.7094	0.9731
IVNS1ABP	6992.172	0.1209	0.1023	0.0167	0.6309
IWS1	1525.7418	0.0197	0.0941	0.6646	0.969
IZUMO1	0.982	6e-04	0.1154	0.885	NA
IZUMO4	17.3116	0.0012	0.1106	0.9368	0.9946
JADE1	1352.353	0.0343	0.0951	0.4449	0.9232
JADE2	200.9837	0.0117	0.1026	0.7337	0.976
JADE3	520.6291	0.0023	0.0989	0.9542	0.9956
JAG1	16598.1306	0.1337	0.1246	0.0058	0.4962
JAG2	341.3301	0.0118	0.0988	0.7684	0.9791
JAGN1	551.0202	-0.0409	0.1	0.3123	0.9
JAK1	128.4275	0.0384	0.107	0.2218	0.8832
JAK2	181.043	-0.0264	0.104	0.4315	0.9221
JAK3	16.3252	-0.0072	0.111	0.6044	0.9581
JAKMIP3	39.2314	0.0375	0.1135	0.082	0.807
JAM2	2.2371	0.0016	0.1136	0.7716	NA
JAM3	21.8588	-0.0047	0.1101	0.7748	0.9802
JARID2	1212.0804	0.0884	0.1059	0.0444	0.7463
JARID2-AS1	0.6953	-0.0023	0.12	0.4969	NA
JAZF1	8.1023	-0.0093	0.1122	0.3763	0.9119
JDP2	938.8802	0.0476	0.0974	0.2766	0.8937
JHDM1D-AS1	33.8	-0.0254	0.1112	0.2045	0.8747
JKAMP	853.9725	-0.0145	0.0953	0.7418	0.9761
JMJD1C	1146.0843	0.0759	0.1068	0.0631	0.7689
JMJD1C-AS1	113.6791	0.018	0.1054	0.5462	0.9484
JMJD4	684.3335	0.0058	0.0971	0.8903	0.9899
JMJD6	899.8176	-0.0151	0.0958	0.7295	0.9759
JMJD7	258.637	-0.0665	0.1077	0.08	0.8068
JMJD7-PLA2G4B	23.8427	0.0013	0.1194	0.675	0.9708
JMJD8	2027.8543	0.0166	0.0937	0.7153	0.9743
JMY	400.4509	0.0684	0.1066	0.0811	0.807
JOSD1	1023.8475	0.0177	0.0946	0.6929	0.9715
JOSD2	248.9375	-0.0263	0.1039	0.4337	0.9227
JPH1	7.243	8e-04	0.1117	0.9399	0.9946
JPH2	424.4668	0.0589	0.1031	0.1413	0.8598
JPH3	6.2052	-0.0052	0.1123	0.5521	0.9489
JPH4	0.5458	0.0016	0.1213	0.5866	NA
JPX	44.1762	0.0039	0.1086	0.8528	0.9876
JRK	420.9218	0.0295	0.1016	0.4281	0.9207
JRKL	279.3625	0.0458	0.1023	0.2357	0.886
JSRP1	2.0459	0.0024	0.1135	0.6763	NA
JTB	3141.0315	-0.0525	0.0965	0.2419	0.886
JUN	470.3656	0.0142	0.0978	0.7295	0.9759
JUNB	653.2614	-0.0599	0.1018	0.1474	0.8598
JUND	3212.6382	-0.0466	0.0964	0.2945	0.8992
JUP	9145.8407	0.0783	0.0933	0.1097	0.8274
KAAG1	186.2202	0.0586	0.1094	0.0887	0.8072
KAL1	7.7643	0.0015	0.1118	0.8733	0.9894
KALRN	156.8069	-0.0086	0.1047	0.7756	0.9803
KANK1	1428.5944	0.0431	0.0999	0.2912	0.8984
KANK2	3344.1164	0.0463	0.0941	0.3172	0.9
KANK3	22.3514	8e-04	0.1104	0.9557	0.9956
KANK4	6.2105	0.0097	0.1131	0.2889	0.8971
KANSL1	1024.8952	0.0595	0.0989	0.1726	0.8611
KANSL1-AS1	51.8756	-0.02	0.109	0.3842	0.9151
KANSL1L	86.9673	-0.0237	0.1071	0.3928	0.9162
KANSL2	461.5006	0.0123	0.0976	0.767	0.9791
KANSL3	1430.2441	0.0641	0.0991	0.1453	0.8598
KARS	3544.5709	-0.0025	0.0923	0.9577	0.9956
KAT2A	1916.8531	0.0214	0.0925	0.6478	0.9679
KAT2B	698.6597	-1e-04	0.0998	0.9971	0.9991
KAT5	944.5571	0.0355	0.0952	0.4287	0.9207
KAT6A	1400.7511	0.0711	0.1109	0.0542	0.759
KAT6B	494.8468	0.0495	0.106	0.1618	0.8611
KAT7	934.0344	0.0426	0.096	0.3389	0.903
KAT8	557.1548	0.015	0.0969	0.7224	0.9755
KATNA1	253.4915	-0.0551	0.1045	0.1482	0.8598
KATNAL1	308.4936	3e-04	0.0999	0.9942	0.999
KATNAL2	53.5284	-0.045	0.114	0.0666	0.7773
KATNB1	844.2063	-0.0013	0.0959	0.9755	0.9959
KATNBL1	374.3641	-0.0024	0.0988	0.9512	0.9956
KATNBL1P6	0.5007	1e-04	0.1192	0.9725	NA
KAZALD1	1380.4768	-0.0228	0.0938	0.6183	0.9593
KAZN	1187.3185	0.0404	0.0946	0.3768	0.9119
KBTBD11	20.0784	0.0136	0.111	0.3852	0.9152
KBTBD12	0.2292	-7e-04	0.1199	0.8027	NA
KBTBD13	0.2731	0.001	0.1202	0.7405	NA
KBTBD2	719.8215	0.0024	0.0955	0.9568	0.9956
KBTBD3	53.2683	-0.009	0.1077	0.7053	0.9724
KBTBD4	415.4946	-0.0156	0.098	0.7037	0.9724
KBTBD6	731.4288	0.0677	0.1017	0.1122	0.8288
KBTBD7	276.334	0.0609	0.1098	0.08	0.8068
KBTBD8	68.3215	-0.0137	0.1073	0.5894	0.9555
KCMF1	2047.1802	-0.052	0.0949	0.2589	0.89
KCNA7	2.5667	0.0055	0.1154	0.3356	NA
KCNAB1	11.0811	0.0021	0.1113	0.861	0.9883
KCNAB2	5.4372	3e-04	0.1121	0.973	0.9959
KCNAB3	12.7657	0.0029	0.1111	0.8167	0.985
KCNB1	1.9125	-0.0012	0.1135	0.8219	NA
KCNC1	2.657	-0.0034	0.1137	0.5638	NA
KCNC3	19.061	-0.001	0.1108	0.9441	0.9954
KCNC4	1798.9967	0.061	0.0961	0.1841	0.868
KCNC4-AS1	8.6411	-0.0126	0.1134	0.2023	0.874
KCND1	22.0176	0.0172	0.1112	0.3012	0.8992
KCND3	5.5888	0.0021	0.1121	0.8079	0.9839
KCNE1L	0.24	-7e-04	0.1199	0.7975	NA
KCNE2	1.8003	0.0013	0.114	0.8008	NA
KCNE3	72.3267	-0.011	0.1066	0.6788	0.9708
KCNE4	0.5461	0.0016	0.1213	0.5865	NA
KCNF1	1.6577	-0.0062	0.1246	0.1736	NA
KCNG1	1426.0316	-0.0343	0.0963	0.4335	0.9227
KCNG2	1.4726	2e-04	0.1147	0.9541	NA
KCNG3	63.3641	-0.0131	0.1074	0.6011	0.9581
KCNH1	1.177	-0.0044	0.1213	0.2839	NA
KCNH2	85.4059	-4e-04	0.1057	0.9893	0.9972
KCNH3	49.2314	-0.0379	0.1128	0.097	0.821
KCNH6	0.2605	9e-04	0.1202	0.7459	NA
KCNIP1	38.8814	-0.0115	0.109	0.5836	0.9552
KCNIP2	11.1677	0.0087	0.1116	0.4743	0.9312
KCNIP2-AS1	2.6294	-0.0055	0.1147	0.3604	NA
KCNIP3	6.0476	-0.0096	0.1131	0.2885	0.8971
KCNIP4	11.4311	-0.0125	0.1121	0.3066	0.8992
KCNJ1	0.7321	-6e-04	0.1174	0.853	NA
KCNJ10	0.4578	-0.0013	0.1206	0.6493	NA
KCNJ11	88.0429	0.03	0.108	0.2783	0.8951
KCNJ12	8.4019	-4e-04	0.1116	0.9657	0.9956
KCNJ13	1.5719	0.0064	0.1255	0.163	NA
KCNJ14	14.3627	0.0174	0.1124	0.203	0.8743
KCNJ16	120.455	-0.0021	0.1043	0.9466	0.9956
KCNJ2	296.6308	0.0239	0.1008	0.5285	0.9421
KCNJ2-AS1	28.5268	-0.0023	0.1096	0.8997	0.9908
KCNJ4	97.6366	0.0222	0.1061	0.4495	0.9232
KCNJ8	0.5131	1e-04	0.1191	0.9666	NA
KCNK1	470.0921	0.0038	0.0983	0.9248	0.9934
KCNK10	1.0247	0.0021	0.1164	0.603	NA
KCNK12	2.1548	-0.0053	0.1176	0.2879	NA
KCNK13	3.0268	7e-04	0.1127	0.9172	NA
KCNK15	15.7152	-0.0144	0.1118	0.2924	0.8984
KCNK5	574.3517	-0.018	0.0964	0.6759	0.9708
KCNK6	75.1789	0.0042	0.1075	0.8603	0.9883
KCNK7	6.1205	0.0069	0.1124	0.4516	0.9232
KCNMA1	0.24	-7e-04	0.1199	0.7975	NA
KCNMB1	0.7757	0.001	0.1175	0.7642	NA
KCNMB2	0.5458	0.0016	0.1213	0.5866	NA
KCNMB3	19.4392	0.0212	0.1122	0.1792	0.8633
KCNMB4	49.5222	-0.0326	0.1115	0.1486	0.8598
KCNN1	1.9327	-0.0047	0.1167	0.3433	NA
KCNN2	0.2671	-9e-04	0.12	0.7653	NA
KCNN3	0.5458	0.0016	0.1213	0.5866	NA
KCNN4	24.0382	-0.0069	0.1101	0.6841	0.9712
KCNQ1	0.8323	0.0026	0.1213	0.4406	NA
KCNQ1OT1	98.0531	0.0509	0.1158	0.0434	0.7463
KCNQ2	1.2457	-6e-04	0.1147	0.897	NA
KCNQ3	0.6257	-0.0016	0.1207	0.5971	NA
KCNQ4	206.9809	0.049	0.1047	0.1805	0.8633
KCNRG	7.1048	-4e-04	0.1119	0.9657	0.9956
KCNS1	2.4073	-0.0049	0.1144	0.4058	NA
KCNS2	1.7977	0.0033	0.1144	0.5364	NA
KCNS3	1.7551	0.0012	0.1139	0.8099	NA
KCNV2	2.6682	0.0077	0.1207	0.1626	NA
KCP	906.4383	0.0349	0.0951	0.437	0.9227
KCTD1	1905.1266	0.0538	0.0936	0.2539	0.8893
KCTD10	1221.6757	0.0496	0.0953	0.2769	0.894
KCTD11	349.775	-0.0042	0.0989	0.9164	0.9932
KCTD12	121.46	0.0127	0.1044	0.6827	0.9712
KCTD13	211.795	0.0458	0.1044	0.2073	0.8768
KCTD14	60.9483	-0.0233	0.1087	0.3402	0.9035
KCTD15	932.1079	-0.0048	0.0946	0.9145	0.9932
KCTD16	0.2605	9e-04	0.1202	0.7459	NA
KCTD17	689.6747	-0.0237	0.0978	0.5678	0.9535
KCTD18	269.6199	-0.0267	0.1007	0.4842	0.9322
KCTD2	928.5446	0.0523	0.096	0.2476	0.8873
KCTD20	1899.4724	0.0446	0.0967	0.3108	0.8998
KCTD21	239.7724	-0.0088	0.1023	0.7999	0.9839
KCTD21-AS1	7.136	0.0013	0.1119	0.887	0.9899
KCTD3	648.3722	0.0494	0.0982	0.252	0.8879
KCTD5	885.3341	0.0156	0.0946	0.7281	0.9758
KCTD6	447.0077	-0.0175	0.0984	0.6673	0.9695
KCTD7	255.4548	-0.0039	0.1007	0.9164	0.9932
KCTD9	717.9385	0.0361	0.0967	0.4065	0.9185
KDELC1	570.5214	-0.0182	0.0975	0.664	0.969
KDELC2	2219.2243	-0.0108	0.094	0.8118	0.9849
KDELR1	5270.0287	-0.0314	0.0941	0.4926	0.9332
KDELR2	4842.3884	-0.0489	0.0929	0.3019	0.8992
KDELR3	786.1941	-0.0135	0.0954	0.7594	0.9791
KDM1A	2873.661	0.0154	0.0914	0.746	0.9761
KDM1B	549.335	0.0103	0.0982	0.7999	0.9839
KDM2A	2439.7644	0.0721	0.0988	0.1113	0.8281
KDM2B	1129.5218	0.0681	0.0983	0.1311	0.8492
KDM3A	525.2833	-0.0011	0.0966	0.9785	0.9959
KDM3B	2904.4758	0.0746	0.1009	0.0919	0.8112
KDM4A	2171.0228	0.0844	0.1028	0.0594	0.7686
KDM4A-AS1	13.2434	0.0034	0.111	0.7932	0.9836
KDM4B	1288.6583	0.0341	0.0948	0.4507	0.9232
KDM4C	408.0687	0.0147	0.0984	0.7158	0.9743
KDM4D	27.3939	0.0076	0.1097	0.6784	0.9708
KDM5A	1168.0465	0.0592	0.1032	0.1393	0.8585
KDM5B	1203.2287	0.0581	0.0984	0.1851	0.8684
KDM5C	5491.4433	0.1007	0.1066	0.0287	0.6932
KDM6A	1228.7811	0.098	0.1106	0.026	0.6762
KDM6B	944.2257	0.0614	0.1028	0.1315	0.8492
KDM7A	145.5979	0.0106	0.1035	0.7452	0.9761
KDM8	90.9364	0.065	0.1171	0.0325	0.7128
KDSR	755.9613	-0.0283	0.0958	0.5204	0.9416
KEAP1	2592.7388	0.0362	0.0923	0.4438	0.9232
KGFLP1	1.2264	-0.0021	0.1166	0.5958	NA
KGFLP2	18.2251	-0.0252	0.1142	0.0832	0.807
KHDC1	3.9359	-0.0032	0.113	0.6287	NA
KHDC3L	0.2289	-7e-04	0.1199	0.8029	NA
KHDRBS1	5673.6306	0.0277	0.0911	0.5632	0.952
KHDRBS3	57.5241	-0.0049	0.1076	0.8355	0.9854
KHK	84.9467	-0.0395	0.1099	0.155	0.8598
KHNYN	1349.7928	0.0424	0.0972	0.3293	0.9004
KHSRP	9678.7805	0.0842	0.0944	0.0853	0.807
KIAA0020	1291.6554	0.0579	0.0949	0.2131	0.8774
KIAA0040	159.7413	0.0151	0.1042	0.6344	0.9653
KIAA0100	5595.1355	0.038	0.0996	0.3494	0.9067
KIAA0101	2061.0934	-0.1332	0.1122	0.0083	0.5217
KIAA0141	739.9889	-0.0024	0.096	0.9554	0.9956
KIAA0195	1930.9975	0.031	0.0926	0.5082	0.9397
KIAA0196	1193.5899	0.0189	0.0951	0.6701	0.9698
KIAA0226	609.1168	0.1117	0.1122	0.0161	0.6309
KIAA0226L	0.7486	9e-04	0.1175	0.7847	NA
KIAA0232	1262.3272	0.0636	0.103	0.1206	0.8309
KIAA0247	715.6398	0.0466	0.099	0.2676	0.89
KIAA0319	5.9689	0.0083	0.1127	0.358	0.9092
KIAA0319L	1868.8637	0.0125	0.0952	0.7763	0.9805
KIAA0355	674.6337	0.0511	0.1022	0.1963	0.8719
KIAA0368	2263.4685	0.0779	0.0987	0.0908	0.8081
KIAA0391	769.3239	-0.0079	0.0956	0.8555	0.9878
KIAA0408	0.2729	9e-04	0.1202	0.7407	NA
KIAA0430	835.645	0.0353	0.1005	0.3689	0.9111
KIAA0513	469.9175	-0.0041	0.0973	0.9215	0.9933
KIAA0556	397.0688	0.0809	0.109	0.0469	0.7463
KIAA0586	216.0372	0.011	0.1027	0.7459	0.9761
KIAA0753	714.3492	0.0201	0.0966	0.6386	0.9658
KIAA0754	100.9545	0.0073	0.1126	0.4068	0.9185
KIAA0825	4.2519	-0.0072	0.1133	0.3516	NA
KIAA0895	648.1591	-0.0161	0.097	0.7022	0.9724
KIAA0895L	173.1453	-0.0083	0.1023	0.8102	0.9845
KIAA0907	508.0504	-0.0907	0.1076	0.0376	0.7463
KIAA0922	269.5525	-0.0235	0.1005	0.5374	0.9448
KIAA0930	2692.6804	0.071	0.0942	0.1385	0.8585
KIAA0947	1367.5476	0.0685	0.1052	0.0886	0.8072
KIAA1009	195.4993	0.0147	0.103	0.6625	0.969
KIAA1024	20.8223	0.0161	0.1117	0.2765	0.8937
KIAA1033	758.2869	0.0043	0.0992	0.9128	0.993
KIAA1045	0.5216	0.0016	0.1212	0.5953	NA
KIAA1107	11.4484	7e-04	0.1111	0.9535	0.9956
KIAA1109	676.8355	0.0329	0.1028	0.363	0.9102
KIAA1143	970.772	0.0056	0.0959	0.8973	0.9907
KIAA1147	615.7079	0.0267	0.1008	0.4829	0.932
KIAA1161	4071.2569	0.0835	0.1049	0.055	0.7614
KIAA1191	1554.4545	-0.0174	0.0931	0.7065	0.9724
KIAA1199	154.414	0.0128	0.1044	0.6813	0.9711
KIAA1211	30.1623	9e-04	0.1094	0.9628	0.9956
KIAA1211L	1019.1754	0.0917	0.1031	0.0454	0.7463
KIAA1217	1098.3124	0.0799	0.1053	0.0606	0.7686
KIAA1244	553.2675	0.0474	0.1039	0.2027	0.8743
KIAA1257	3.6894	-0.0019	0.1126	0.7892	NA
KIAA1279	1008.3837	-0.004	0.0945	0.9289	0.9937
KIAA1324	12.4797	9e-04	0.1111	0.9439	0.9954
KIAA1324L	53.642	-0.0134	0.1079	0.5736	0.9544
KIAA1328	27.2031	-0.008	0.1098	0.659	0.969
KIAA1377	35.3493	0.0042	0.109	0.8356	0.9854
KIAA1407	40.1715	-0.0011	0.1085	0.958	0.9956
KIAA1429	1373.0394	0.036	0.0974	0.4004	0.9185
KIAA1430	899.8085	-0.005	0.0958	0.9081	0.9922
KIAA1432	1091.6206	0.0601	0.1026	0.1396	0.8585
KIAA1456	2.7906	-0.0025	0.113	0.6932	NA
KIAA1462	11.2417	0.0112	0.112	0.3519	0.9077
KIAA1467	252.519	0.0372	0.1025	0.3156	0.9
KIAA1468	974.0654	0.0341	0.0964	0.4357	0.9227
KIAA1522	4515.2048	0.0333	0.0916	0.4852	0.9322
KIAA1524	1129.53	-0.0225	0.0978	0.588	0.9552
KIAA1549	708.8726	0.0486	0.0992	0.2488	0.8873
KIAA1551	1207.5579	0.0374	0.0994	0.3582	0.9092
KIAA1586	197.1783	-0.0078	0.102	0.8233	0.9851
KIAA1598	498.864	-0.1001	0.1106	0.0243	0.6585
KIAA1614	50.8082	0.0053	0.1083	0.8066	0.9839
KIAA1652	3.8112	0.0061	0.1137	0.3759	NA
KIAA1656	60.102	-0.0036	0.1074	0.8808	0.9899
KIAA1671	1465.5127	0.0523	0.1009	0.2023	0.874
KIAA1683	3.8227	0.0062	0.1135	0.3857	NA
KIAA1715	514.7253	6e-04	0.1006	0.9878	0.9972
KIAA1731	454.7628	0.0437	0.105	0.2137	0.8774
KIAA1751	5.1217	0.008	0.113	0.3435	0.9049
KIAA1804	309.6146	0.0268	0.1018	0.4658	0.9277
KIAA1841	166.1957	-0.0364	0.1043	0.2924	0.8984
KIAA1875	6.5452	-0.0093	0.1128	0.3188	0.9
KIAA1919	523.1685	0.0453	0.1014	0.251	0.8879
KIAA1958	350.5857	0.0535	0.1076	0.1226	0.8315
KIAA2013	2311.066	0.0082	0.0933	0.8585	0.9881
KIAA2018	350.5613	0.0281	0.1035	0.4144	0.9204
KIAA2022	28.9737	-0.0089	0.1099	0.6148	0.959
KIAA2026	421.28	0.0329	0.1004	0.4009	0.9185
KIDINS220	1971.9989	0.044	0.101	0.2684	0.89
KIF11	1765.988	0.0367	0.0972	0.3936	0.9168
KIF12	69.5694	-0.0704	0.1242	0.0121	0.5795
KIF13A	1824.284	0.0851	0.1032	0.0569	0.7658
KIF13B	1155.7568	0.0413	0.1004	0.3021	0.8992
KIF14	786.6276	0.0162	0.0994	0.6796	0.9708
KIF15	476.3785	-0.0155	0.0974	0.7104	0.9731
KIF16B	238.4236	3e-04	0.102	0.9936	0.9987
KIF17	2.7426	-3e-04	0.1128	0.965	NA
KIF18A	424.8489	-0.0328	0.0995	0.4149	0.9204
KIF18B	1594.5454	0.1192	0.1108	0.0136	0.6091
KIF1A	8.0817	0.0049	0.1117	0.6426	0.9669
KIF1B	1606.3716	0.0418	0.1013	0.2859	0.8971
KIF1C	10141.1936	0.0751	0.0961	0.1118	0.8281
KIF20A	1304.4105	-0.0033	0.0948	0.9406	0.9946
KIF20B	846.4102	0.0231	0.1008	0.5416	0.9465
KIF21A	626.7769	0.0286	0.1016	0.4415	0.9232
KIF21B	673.4988	0.1333	0.137	0.0038	0.4453
KIF22	2392.9555	0.0288	0.0931	0.5359	0.9444
KIF23	1907.5279	0.0589	0.094	0.2123	0.8773
KIF24	381.2729	0.0112	0.0995	0.7738	0.9802
KIF25	0.5134	1e-04	0.1191	0.9642	NA
KIF25-AS1	0.7295	-7e-04	0.1167	0.8321	NA
KIF26A	537.8887	0.0554	0.1029	0.1611	0.8611
KIF26B	17.4276	-0.009	0.1109	0.5395	0.9457
KIF27	85.8782	-0.0073	0.1086	0.7328	0.976
KIF28P	0.2605	9e-04	0.1202	0.7459	NA
KIF2A	1400.4696	0.039	0.0967	0.3719	0.9111
KIF2C	1338.64	0.0339	0.0937	0.4625	0.9265
KIF3A	433.9474	0.0291	0.1008	0.4472	0.9232
KIF3B	1415.2636	0.0447	0.0992	0.2835	0.8965
KIF3C	175.0589	0.0081	0.1025	0.8118	0.9849
KIF4A	1080.5685	0.0378	0.0982	0.3688	0.9111
KIF4B	0.775	0.001	0.1175	0.7635	NA
KIF5A	3.3224	0.0015	0.1128	0.8264	NA
KIF5B	5032.3887	0.0371	0.0973	0.3885	0.9162
KIF5C	22.9647	0.003	0.11	0.8548	0.9877
KIF6	1.8365	0.0029	0.1148	0.5606	NA
KIF7	232.4857	0.0403	0.1036	0.2655	0.89
KIF9	81.6703	-0.03	0.1088	0.254	0.8893
KIF9-AS1	31.7823	0.0244	0.1112	0.2104	0.8773
KIFAP3	376.8384	-0.0419	0.0999	0.3033	0.8992
KIFC1	1318.1261	0.0176	0.0935	0.7011	0.9724
KIFC2	196.0492	-0.0497	0.1051	0.171	0.8611
KIFC3	2201.3745	0.0455	0.0929	0.3348	0.9026
KIN	318.8046	-0.0182	0.0994	0.6451	0.9672
KIRREL	13058.1005	0.0997	0.1163	0.0183	0.6379
KIRREL2	37.2965	-0.0083	0.109	0.6843	0.9712
KIRREL3	0.4688	-0.0013	0.1206	0.6447	NA
KISS1	16.1966	-0.0207	0.1128	0.1512	0.8598
KISS1R	288.7962	-0.0647	0.1066	0.0918	0.8112
KITLG	82.5644	0.0016	0.1063	0.9536	0.9956
KLB	7.0081	0.0012	0.1118	0.8982	0.9907
KLC1	1529.2654	0.0325	0.0944	0.4754	0.9312
KLC2	1636.8148	0.0922	0.099	0.0535	0.7578
KLC3	95.2891	-0.0115	0.1056	0.6897	0.9712
KLC4	169.368	-0.0347	0.1054	0.2892	0.8971
KLF10	701.6556	0.0027	0.0953	0.9511	0.9956
KLF11	131.0859	0.006	0.1037	0.8509	0.9872
KLF12	728.0529	0.0454	0.0989	0.2811	0.8964
KLF13	1302.7251	0.0723	0.1028	0.0902	0.8072
KLF14	81.7545	-0.0075	0.1063	0.7793	0.9806
KLF15	36.1213	-0.0036	0.1091	0.8543	0.9876
KLF16	750.1912	0.0143	0.0965	0.7377	0.9761
KLF2	186.3456	-0.0076	0.1028	0.8223	0.9851
KLF3	1660.1568	0.0352	0.0958	0.4274	0.9207
KLF4	52.9419	0.0217	0.1088	0.3655	0.9102
KLF5	6060.5743	0.0192	0.0906	0.6901	0.9712
KLF6	484.0187	0.0052	0.098	0.8985	0.9907
KLF7	181.0713	0.0535	0.1096	0.1015	0.8219
KLF8	0.8481	-4e-04	0.116	0.9141	NA
KLF9	35.0197	-0.0055	0.1089	0.7843	0.9821
KLHDC1	12.9743	0.0025	0.111	0.845	0.986
KLHDC10	1503.5324	0.009	0.0948	0.839	0.9856
KLHDC2	826.6184	-0.1083	0.1102	0.0194	0.6425
KLHDC3	2297.2036	-0.0386	0.0935	0.4063	0.9185
KLHDC4	468.3538	-0.0111	0.0975	0.7893	0.9836
KLHDC7A	257.8607	0.0517	0.1047	0.1647	0.8611
KLHDC7B	1.1475	-0.0035	0.1214	0.3414	NA
KLHDC8A	7.1498	-0.004	0.1119	0.6779	0.9708
KLHDC8B	557.1929	-0.004	0.0988	0.9193	0.9932
KLHDC9	165.5199	-0.0371	0.1067	0.2392	0.886
KLHL10	1.212	-7e-04	0.1147	0.8705	NA
KLHL11	141.6035	0.0608	0.122	0.0149	0.6309
KLHL12	732.1344	0.0138	0.0955	0.7534	0.9783
KLHL13	1.8225	0.0033	0.1144	0.5347	NA
KLHL14	306.0755	0.006	0.1002	0.8743	0.9894
KLHL15	533.02	0.0354	0.1001	0.3734	0.9119
KLHL17	273.164	-0.0168	0.1006	0.6565	0.969
KLHL18	649.243	0.0352	0.0998	0.38	0.9133
KLHL2	294.0051	-0.0057	0.1	0.8806	0.9899
KLHL20	313.7635	0.0375	0.1038	0.2919	0.8984
KLHL21	1824.5575	0.0946	0.1012	0.0446	0.7463
KLHL22	621.4035	-0.0359	0.0978	0.3958	0.9175
KLHL23	461.7287	-0.0265	0.099	0.5106	0.9399
KLHL24	412.2697	0.0115	0.0991	0.7714	0.9796
KLHL25	301.835	-0.0037	0.0997	0.9244	0.9934
KLHL26	268.3255	0.0572	0.1045	0.1373	0.8573
KLHL28	222.6703	0.0239	0.1035	0.4814	0.932
KLHL29	17.1551	0.0037	0.1106	0.7999	0.9839
KLHL3	145.0558	-0.0031	0.1044	0.9195	0.9932
KLHL30	148.8693	0.0018	0.1032	0.9557	0.9956
KLHL32	2.1532	-0.0035	0.1148	0.4952	NA
KLHL35	84.7419	-0.0053	0.1058	0.8485	0.9866
KLHL36	765.9332	0.0453	0.0971	0.2998	0.8992
KLHL38	0.2953	0.001	0.1203	0.7204	NA
KLHL41	12.6455	-0.0045	0.1111	0.731	0.9759
KLHL42	853.8716	0.0235	0.096	0.5904	0.9561
KLHL5	1693.9368	0.0189	0.0958	0.6646	0.969
KLHL6	0.2289	-7e-04	0.1199	0.8029	NA
KLHL7	604.8943	0.0039	0.0961	0.928	0.9937
KLHL7-AS1	2.741	-3e-04	0.1128	0.9665	NA
KLHL8	636.4318	0.013	0.0981	0.7495	0.977
KLHL9	979.3668	0.0633	0.0997	0.1456	0.8598
KLK1	0.2289	-7e-04	0.1199	0.8029	NA
KLK10	583.9524	-0.0168	0.099	0.6742	0.9708
KLK11	36.133	0.005	0.1089	0.8037	0.9839
KLK13	33.8877	-0.0042	0.1092	0.8271	0.9853
KLK14	3.3902	0.0019	0.1126	0.7861	NA
KLK6	0.4743	-0.0014	0.1207	0.6394	NA
KLKB1	1.631	-0.0063	0.1245	0.1713	NA
KLLN	77.952	-0.0027	0.106	0.9212	0.9933
KLRAP1	10.9172	-0.0025	0.1112	0.837	0.9854
KLRB1	2.6167	0.0042	0.1138	0.4929	NA
KLRG1	3.9329	-0.004	0.1128	0.5834	NA
KLRG2	133.2608	0.0119	0.1047	0.6965	0.9722
KMO	2.9085	-0.0024	0.1132	0.6901	NA
KMT2A	1476.0099	0.0848	0.1121	0.0343	0.7274
KMT2B	1805.1464	0.1295	0.1088	0.0103	0.5561
KMT2C	1691.1493	0.0771	0.1107	0.0465	0.7463
KMT2D	3017.5338	0.0276	0.1122	0.1463	0.8598
KMT2E	1186.2417	0.0784	0.1114	0.0429	0.7463
KMT2E-AS1	30.3515	-0.007	0.1096	0.7053	0.9724
KNDC1	3.8356	0.0053	0.1129	0.48	NA
KNG1	153.8509	-0.0061	0.1035	0.8495	0.987
KNOP1	571.6079	0.0233	0.0968	0.5862	0.9552
KNSTRN	745.7719	0.0107	0.0954	0.808	0.9839
KNTC1	893.9752	0.025	0.0998	0.5242	0.9416
KPNA1	1698.9259	0.0419	0.0946	0.3591	0.9094
KPNA2	15156.6462	-0.0029	0.0914	0.9511	0.9956
KPNA3	1057.9402	-0.0139	0.0945	0.7565	0.9789
KPNA4	2079.9584	0.0014	0.0928	0.9766	0.9959
KPNA5	140.5343	0.0243	0.1042	0.4585	0.9257
KPNA6	2774.5938	0.0496	0.0959	0.2715	0.8904
KPNA7	0.7889	0.001	0.1174	0.7626	NA
KPNB1	9521.409	0.0254	0.0949	0.5703	0.9544
KPTN	169.2238	-0.0276	0.1043	0.4047	0.9185
KRAS	1130.646	-0.0076	0.0966	0.8589	0.9881
KRBA1	253.6094	0.0252	0.101	0.5029	0.9369
KRBA2	3.3911	0.0084	0.117	0.1901	NA
KRBOX1	0.6987	-0.0023	0.12	0.4943	NA
KRBOX4	179.6798	-0.0093	0.1022	0.7893	0.9836
KRCC1	299.0009	-0.0897	0.1123	0.0298	0.7019
KREMEN1	356.2345	0.0212	0.1002	0.5819	0.9552
KREMEN2	308.9718	-0.1022	0.1175	0.0162	0.6309
KRI1	1081.0215	-0.0026	0.0939	0.9535	0.9956
KRIT1	639.551	0.0416	0.0991	0.3151	0.9
KRR1	838.1387	-0.0086	0.0958	0.8423	0.986
KRT10	786.3991	-0.056	0.103	0.1574	0.8607
KRT13	14.9956	0.0145	0.1118	0.2983	0.8992
KRT14	0.4578	-0.0013	0.1206	0.6493	NA
KRT15	9.3745	0.0034	0.1115	0.7574	0.9789
KRT16	21.607	-0.0037	0.1101	0.8208	0.9851
KRT16P2	0.4893	1e-04	0.1193	0.971	NA
KRT17	90.2747	-0.0039	0.1064	0.8823	0.9899
KRT18	19678.2189	0.0225	0.0933	0.6251	0.9627
KRT18P55	0.24	-7e-04	0.1199	0.7975	NA
KRT19	8773.7692	0.0012	0.0931	0.98	0.9961
KRT222	1.5376	0.0023	0.1143	0.6441	NA
KRT23	1.1973	5e-04	0.1143	0.9111	NA
KRT24	4.605	7e-04	0.1123	0.924	0.9934
KRT27	3.3895	-0.0043	0.1131	0.5331	NA
KRT4	98.0454	-0.0167	0.1055	0.5717	0.9544
KRT7	4.0428	0.0056	0.113	0.4599	NA
KRT78	2.7888	0.0029	0.1134	0.6326	NA
KRT79	0.2729	9e-04	0.1202	0.7407	NA
KRT8	35686.8976	0.0473	0.0925	0.3204	0.9
KRT80	41.1919	-0.0079	0.1085	0.7143	0.974
KRT86	0.2734	0.001	0.1202	0.7402	NA
KRT8P41	0.5027	1e-04	0.1192	0.965	NA
KRT9	0.2607	9e-04	0.1202	0.7458	NA
KRTAP10-2	0.5458	0.0016	0.1213	0.5866	NA
KRTAP10-6	0.24	-7e-04	0.1199	0.7975	NA
KRTAP3-1	0.2289	-7e-04	0.1199	0.8029	NA
KRTAP5-1	0.5458	0.0016	0.1213	0.5866	NA
KRTAP5-9	0.2729	9e-04	0.1202	0.7407	NA
KRTAP5-AS1	0.7746	0.001	0.1175	0.764	NA
KRTCAP2	742.4941	-0.0575	0.102	0.1582	0.861
KRTCAP3	3.8903	-0.0013	0.1124	0.8648	NA
KSR1	1307.1847	0.1014	0.11	0.0241	0.6579
KSR2	16.4621	0.0507	0.1961	0.0017	0.3458
KTI12	261.0454	-0.0082	0.1011	0.8228	0.9851
KTN1	5139.8214	0.016	0.0963	0.7103	0.9731
KTN1-AS1	14.1803	-0.0143	0.1118	0.2941	0.8992
KXD1	2021.7216	-0.0239	0.0936	0.603	0.9581
KYNU	4.9233	-0.0036	0.1123	0.6645	0.969
L1CAM	5430.8925	0.0799	0.0973	0.0895	0.8072
L1TD1	0.6867	-0.0019	0.1209	0.5405	NA
L2HGDH	574.7219	0.0133	0.0983	0.7443	0.9761
L3HYPDH	199.0593	-0.0334	0.1031	0.3502	0.9068
L3MBTL1	25.1417	-0.0197	0.1114	0.249	0.8873
L3MBTL2	1247.4581	0.0325	0.0937	0.4797	0.932
L3MBTL3	188.4851	0.0158	0.1034	0.6323	0.9643
LACC1	145.6865	-0.0066	0.1038	0.8351	0.9854
LACE1	66.6145	0.0017	0.1067	0.9474	0.9956
LACTB	607.8049	-0.0291	0.0966	0.5003	0.9355
LACTB2	166.7309	-0.1081	0.1342	0.0055	0.4962
LAD1	170.5102	-0.0203	0.103	0.5529	0.9491
LAG3	7.583	0.005	0.1118	0.6284	0.9639
LAGE3	798.5808	-0.0324	0.1003	0.408	0.9187
LAMA1	8.9514	-0.0076	0.1124	0.4191	0.9204
LAMA2	93.6876	0.0162	0.107	0.5418	0.9465
LAMA3	556.5621	0.041	0.1003	0.3074	0.8994
LAMA4	7.3078	0.0036	0.1119	0.7136	0.9736
LAMA5	20279.9463	0.1495	0.147	0.0021	0.3606
LAMB1	6454.9677	0.0558	0.0981	0.2034	0.8747
LAMB2	5436.4563	0.0312	0.0956	0.4815	0.932
LAMB2P1	0.2298	-7e-04	0.1199	0.8022	NA
LAMB3	137.1921	0.0151	0.1039	0.64	0.9658
LAMB4	0.48	-0.0014	0.1207	0.6399	NA
LAMC1	27255.2862	0.0868	0.1088	0.0397	0.7463
LAMC2	8817.5655	0.1004	0.1053	0.0306	0.707
LAMC3	12.6543	-0.0036	0.1112	0.7752	0.9802
LAMP1	7202.8499	0.0165	0.0904	0.7333	0.976
LAMP2	2005.9296	-0.0177	0.0927	0.7029	0.9724
LAMP3	11.9652	-0.0061	0.1115	0.609	0.9583
LAMTOR1	2547.4593	-0.0465	0.0972	0.2876	0.8971
LAMTOR2	825.6435	-0.0475	0.0986	0.2648	0.89
LAMTOR3	762.3469	-8e-04	0.0955	0.9846	0.9967
LAMTOR4	907.2601	-0.0788	0.1064	0.0587	0.7686
LAMTOR5	1205.2971	-0.0529	0.0986	0.2195	0.8822
LAMTOR5-AS1	1.0744	0.0042	0.1216	0.2938	NA
LANCL1	616.275	-0.0547	0.1004	0.1908	0.8684
LANCL2	434.7207	0.0056	0.0977	0.8915	0.9899
LAP3	1062.5854	-0.006	0.0941	0.8937	0.99
LAPTM4A	3216.4506	-0.0356	0.0939	0.4385	0.9227
LAPTM4B	7588.3136	-0.024	0.0928	0.6069	0.9581
LAPTM5	5.8137	0.0053	0.1122	0.5586	0.9508
LARGE	337.7646	-0.0238	0.1011	0.5254	0.9416
LARP1	7322.86	0.1053	0.11	0.0214	0.65
LARP1B	369.1504	-0.0419	0.1013	0.2845	0.8965
LARP4	1590.4999	0.0162	0.095	0.7147	0.9743
LARP4B	2342.0052	0.0665	0.0972	0.1452	0.8598
LARP6	869.0962	-0.0087	0.0972	0.8353	0.9854
LARP7	1095.3455	-0.0507	0.0956	0.2648	0.89
LARS	2157.7513	0.017	0.0948	0.7034	0.9724
LARS2	1154.6592	0.0623	0.0998	0.1502	0.8598
LAS1L	1015.7244	0.0059	0.0944	0.8959	0.9903
LASP1	11273.3922	0.0424	0.0912	0.3801	0.9133
LAT	21.6747	0.0135	0.111	0.3934	0.9168
LAT2	9.3616	-0.0021	0.1115	0.8461	0.9866
LATS1	934.8483	0.0433	0.1005	0.2809	0.8964
LATS2	1942.9082	0.0856	0.1033	0.0555	0.7614
LAX1	0.2729	9e-04	0.1202	0.7407	NA
LAYN	18.0552	-0.0286	0.1151	0.0609	0.7686
LBH	766.9435	0.1101	0.1084	0.0197	0.6425
LBP	0.973	-0.0016	0.1161	0.6891	NA
LBR	2562.6181	-0.0127	0.0926	0.7855	0.9825
LBX1	11.0309	0.0064	0.1117	0.5676	0.9534
LBX1-AS1	2.9116	-0.0046	0.1135	0.4814	NA
LBX2	33.0316	0.0042	0.1092	0.8262	0.9853
LBX2-AS1	105.584	-0.0014	0.1048	0.9631	0.9956
LCA5	431.6778	0.0568	0.1006	0.1753	0.8611
LCA5L	9.3334	-0.0119	0.1124	0.2916	0.8984
LCAT	142.7403	0.031	0.1065	0.307	0.8992
LCE1E	0.2729	9e-04	0.1202	0.7407	NA
LCE2C	0.24	-7e-04	0.1199	0.7975	NA
LCK	4.0471	9e-04	0.1124	0.9056	NA
LCLAT1	386.2565	-6e-04	0.0984	0.9886	0.9972
LCMT1	406.6835	0.0125	0.0995	0.7484	0.9769
LCMT2	214.9767	0.0203	0.1017	0.5754	0.955
LCN12	12.6569	-0.0013	0.1111	0.9189	0.9932
LCN15	11.9032	0.0019	0.1111	0.882	0.9899
LCN2	46.7917	-0.0206	0.1095	0.351	0.9073
LCNL1	14.3448	-0.0016	0.1109	0.9051	0.9919
LCOR	705.2703	-0.0058	0.097	0.8908	0.9899
LCORL	229.3308	0.0184	0.1011	0.6181	0.9593
LCP1	0.7178	-0.002	0.1208	0.5249	NA
LCT	0.7735	0.0011	0.1167	0.7551	NA
LCTL	12.5201	0.0038	0.1111	0.768	0.9791
LDB1	1819.7561	0.0298	0.0931	0.5221	0.9416
LDB3	2.2532	0.0013	0.1132	0.8198	NA
LDHA	12954.4774	-0.0613	0.0931	0.2006	0.874
LDHAL6B	0.5472	0.0016	0.1213	0.5859	NA
LDHB	18028.3163	-0.0507	0.0923	0.289	0.8971
LDHD	66.2823	-0.0158	0.1079	0.5196	0.9416
LDLR	2567.8023	0.0888	0.1014	0.0542	0.759
LDLRAD1	0.2289	-7e-04	0.1199	0.8029	NA
LDLRAD2	192.1571	-0.0077	0.1178	0.1944	0.8697
LDLRAD3	156.9688	0.0045	0.104	0.8866	0.9899
LDLRAD4	5.4472	-0.0022	0.1121	0.7968	0.9839
LDLRAP1	525.0342	-0.0192	0.0971	0.6488	0.9682
LDOC1	1156.9209	-0.0344	0.0968	0.4262	0.9204
LDOC1L	1338.1402	0.0758	0.1005	0.0898	0.8072
LEAP2	4.3265	-0.0076	0.1135	0.3291	NA
LEF1	0.3145	-0.001	0.1202	0.7268	NA
LEFTY1	1802.9322	0.034	0.0952	0.4485	0.9232
LEFTY2	3.6629	-0.0015	0.1128	0.8247	NA
LEKR1	6.4025	0.0011	0.1118	0.9085	0.9924
LEMD1	11.8327	-0.0026	0.1111	0.8358	0.9854
LEMD2	1580.1197	0.0437	0.0947	0.3389	0.903
LEMD3	1055.8511	0.1008	0.1071	0.0279	0.6895
LENEP	0.263	9e-04	0.1202	0.7441	NA
LENG1	138.4181	0.011	0.1043	0.7243	0.9755
LENG8	1079.867	0.0764	0.0987	0.0956	0.82
LENG9	86.4996	-0.04	0.1096	0.1567	0.8598
LEO1	824.2647	-8e-04	0.0949	0.986	0.9969
LEPR	46.6203	0.0226	0.1097	0.3085	0.8998
LEPRE1	4322.215	0.015	0.0915	0.7525	0.9783
LEPREL1	1499.4316	0.0125	0.0929	0.7865	0.9829
LEPREL2	1166.5264	-0.0074	0.0942	0.8693	0.9889
LEPREL4	2804.6693	0.0379	0.0926	0.4216	0.9204
LEPROT	1055.9424	-0.2509	0.1948	2e-04	0.128
LEPROTL1	857.1361	0.0139	0.0952	0.7522	0.9782
LETM1	1524.9831	0.0822	0.0986	0.0777	0.8033
LETM2	222.7179	-0.0522	0.1046	0.1629	0.8611
LETMD1	291.4855	-0.0486	0.1034	0.2002	0.874
LFNG	59.9731	0.0095	0.1073	0.7021	0.9724
LGALS1	3235.5101	-0.0464	0.0985	0.2752	0.8936
LGALS12	29.9676	-0.0066	0.1096	0.7222	0.9755
LGALS2	0.5529	0.0016	0.1213	0.5832	NA
LGALS3	2359.3372	0.0016	0.0957	0.9714	0.9959
LGALS3BP	1290.4684	0.0182	0.0948	0.684	0.9712
LGALS4	1.8105	0.0029	0.1147	0.5571	NA
LGALS7	13.1376	-0.0096	0.1115	0.451	0.9232
LGALS7B	38.8589	-0.0126	0.1092	0.5409	0.9465
LGALS8	609.8447	-0.0297	0.0983	0.473	0.9309
LGALS8-AS1	5.4286	-0.0035	0.1122	0.6839	0.9712
LGALS9	12.6752	0.0132	0.1119	0.3049	0.8992
LGALSL	633.2012	-0.0071	0.0959	0.8705	0.9891
LGI2	5.3203	0.0031	0.1123	0.7074	0.9725
LGMN	1414.3157	0.0107	0.093	0.8177	0.985
LGR4	8506.1386	0.1364	0.1212	0.0059	0.4962
LGR5	298.4823	0.0041	0.1002	0.9129	0.993
LGSN	16.7485	0.0066	0.1109	0.6407	0.9658
LHB	1.0422	0.0033	0.1218	0.3532	NA
LHFP	304.0541	0.05	0.1025	0.2011	0.874
LHFPL2	359.6172	0.0068	0.099	0.8643	0.9887
LHFPL3	3.5088	0.0024	0.1126	0.7357	NA
LHFPL3-AS2	13.0903	0.0083	0.1114	0.5113	0.9399
LHPP	55.8586	-0.0209	0.1084	0.3919	0.9162
LHX1	51.6406	0.0031	0.1081	0.8875	0.9899
LHX2	285.5255	0.0048	0.1003	0.8991	0.9908
LHX4	76.6617	0.0291	0.1081	0.2871	0.8971
LHX5	1.7243	-4e-04	0.1139	0.9403	NA
LHX6	11.7106	4e-04	0.1111	0.9771	0.9959
LHX8	0.2605	9e-04	0.1202	0.7459	NA
LHX9	117.2411	0.0312	0.1066	0.3024	0.8992
LIAS	170.5577	-0.0327	0.1045	0.3329	0.9014
LIF	448.6927	0.0664	0.1019	0.1165	0.8296
LIFR	95.9615	0.0225	0.107	0.4176	0.9204
LIFR-AS1	2.7102	-0.0033	0.1136	0.5791	NA
LIG1	1780.1216	0.0122	0.0924	0.7934	0.9836
LIG3	1086.5786	0.0572	0.1009	0.17	0.8611
LIG4	467.6221	-0.022	0.0992	0.581	0.9552
LILRA6	0.4028	-0.0012	0.1203	0.6883	NA
LILRB3	5.3019	0.004	0.1122	0.644	0.9672
LIMA1	1850.2215	-0.0046	0.0941	0.9191	0.9932
LIMCH1	3090.7169	0.0685	0.0996	0.1214	0.8309
LIMD1	1287.9088	0.0097	0.0937	0.831	0.9854
LIMD1-AS1	213.548	0.004	0.1012	0.9128	0.993
LIMD2	799.1505	-0.0861	0.1073	0.0443	0.7463
LIME1	67.9182	0.0227	0.1085	0.3583	0.9092
LIMK1	1266.8627	0.0367	0.0939	0.4256	0.9204
LIMK2	1819.534	0.1058	0.1017	0.0294	0.7015
LIMS1	2681.8835	0.0501	0.0961	0.2648	0.89
LIMS2	708.1454	-0.0311	0.0989	0.4454	0.9232
LIMS3	9.7925	-0.001	0.1191	0.7377	0.9761
LIMS3L	41.0714	0.0352	0.1138	0.0778	0.8033
LIN28A	1444.8055	0.026	0.0936	0.5708	0.9544
LIN37	102.1075	-0.0074	0.105	0.8017	0.9839
LIN52	194.5551	0.0091	0.1028	0.7876	0.9832
LIN54	1425.1691	0.0439	0.0962	0.3233	0.9
LIN7A	7.1701	0.004	0.1121	0.6524	0.969
LIN7B	40.3536	-0.0035	0.1094	0.8524	0.9876
LIN7C	939.7961	-0.0129	0.0952	0.7703	0.9793
LIN9	253.3488	0.0074	0.1006	0.8431	0.986
LINC-PINT	20.3755	4e-04	0.1103	0.979	0.9959
LINC00035	2.504	8e-04	0.1129	0.897	NA
LINC00086	45.7636	-0.0065	0.1086	0.7591	0.9791
LINC00087	13.8218	5e-04	0.111	0.9664	0.9956
LINC00092	0.7156	-0.002	0.1208	0.5262	NA
LINC00094	835.5366	0.0034	0.0949	0.9383	0.9946
LINC00102	0.7841	0.0024	0.1212	0.4633	NA
LINC00113	0.48	-0.0014	0.1207	0.6399	NA
LINC00115	8.3483	0.006	0.1118	0.5794	0.9552
LINC00152	419.0146	-0.0836	0.1116	0.0367	0.7446
LINC00167	2.0528	0.0023	0.1136	0.679	NA
LINC00173	2.2591	-0.0066	0.1197	0.2032	NA
LINC00174	36.4458	0.0135	0.1095	0.5015	0.936
LINC00176	6.9421	0.0026	0.1121	0.7744	0.9802
LINC00184	0.9795	2e-04	0.1159	0.9603	NA
LINC00202-1	0.5017	1e-04	0.1192	0.9647	NA
LINC00235	3.1166	0.0029	0.1138	0.6002	NA
LINC00239	0.9689	-0.0015	0.1161	0.6955	NA
LINC00240	2.6609	-0.0038	0.1134	0.5493	NA
LINC00242	0.9922	2e-04	0.1153	0.9503	NA
LINC00260	3.0815	0.0054	0.1142	0.3849	NA
LINC00261	2.1065	-0.0045	0.1177	0.3306	NA
LINC00263	36.9157	0.0066	0.109	0.7459	0.9761
LINC00265	100.5924	0.0478	0.1106	0.1078	0.8263
LINC00271	0.2289	-7e-04	0.1199	0.8029	NA
LINC00282	1.2519	0.0011	0.1148	0.7947	NA
LINC00294	120.2175	-0.0604	0.1145	0.0485	0.7463
LINC00310	0.5881	-0.0016	0.1212	0.5852	NA
LINC00311	0.9608	-0.0016	0.1162	0.6848	NA
LINC00312	3.7161	0	0.1124	0.9963	NA
LINC00313	0.2289	-7e-04	0.1199	0.8029	NA
LINC00316	0.7351	-5e-04	0.1173	0.8758	NA
LINC00319	9.5257	0.0057	0.1118	0.5847	0.9552
LINC00324	22.9425	-0.0207	0.1117	0.2151	0.8781
LINC00327	0.7739	0.001	0.1175	0.7643	NA
LINC00332	0.4706	-0.0013	0.1206	0.6453	NA
LINC00336	3.6634	-0.005	0.1132	0.4774	NA
LINC00337	10.8106	-0.0073	0.1115	0.5474	0.9487
LINC00338	118.4619	-9e-04	0.1042	0.9766	0.9959
LINC00339	148.9913	0.002	0.1047	0.948	0.9956
LINC00341	4.7915	0.0019	0.1122	0.8134	0.985
LINC00342	7.5309	2e-04	0.1118	0.9858	0.9969
LINC00346	2.9297	-0.0046	0.1135	0.4773	NA
LINC00379	1.4963	5e-04	0.1142	0.923	NA
LINC00441	2.8808	0.0024	0.1138	0.6601	NA
LINC00461	1.8284	0.005	0.1176	0.3064	NA
LINC00462	10.3473	-0.0051	0.1115	0.6506	0.9685
LINC00467	87.8702	-0.0165	0.1066	0.5463	0.9485
LINC00471	2.9905	-9e-04	0.1127	0.888	NA
LINC00472	65.4467	-0.0115	0.1071	0.6503	0.9682
LINC00475	0.7312	-6e-04	0.1174	0.8529	NA
LINC00476	30.8956	6e-04	0.1099	0.9739	0.9959
LINC00478	50.8824	-0.0092	0.1079	0.6924	0.9715
LINC00479	1.2467	-5e-04	0.1146	0.905	NA
LINC00483	0.2289	-7e-04	0.1199	0.8029	NA
LINC00488	63.194	0.0078	0.1072	0.754	0.9783
LINC00493	179.0388	-0.0834	0.1222	0.0159	0.6309
LINC00501	0.2729	9e-04	0.1202	0.7407	NA
LINC00511	3.1708	-0.0036	0.113	0.5967	NA
LINC00514	3.7282	0	0.1124	0.9997	NA
LINC00515	0.24	-7e-04	0.1199	0.7975	NA
LINC00518	3.5649	-0.0089	0.1163	0.1895	NA
LINC00525	5.6989	3e-04	0.1121	0.9676	0.9956
LINC00526	0.2734	0.001	0.1202	0.7402	NA
LINC00528	0.261	9e-04	0.1202	0.7456	NA
LINC00535	0.534	0.0017	0.1207	0.572	NA
LINC00539	2.4477	-0.0015	0.1132	0.801	NA
LINC00565	0.2298	-7e-04	0.1199	0.8022	NA
LINC00568	0.5458	0.0016	0.1213	0.5866	NA
LINC00571	0.24	-7e-04	0.1199	0.7975	NA
LINC00578	1.0916	0.0035	0.1219	0.3366	NA
LINC00598	1.8106	0.0029	0.1147	0.5558	NA
LINC00605	0.2289	-7e-04	0.1199	0.8029	NA
LINC00612	0.7625	0.0011	0.1168	0.7527	NA
LINC00618	0.7816	0.0024	0.1212	0.4647	NA
LINC00622	0.5127	1e-04	0.1191	0.9651	NA
LINC00623	119.6798	-0.0311	0.1066	0.3029	0.8992
LINC00624	10.6829	-0.0017	0.1112	0.89	0.9899
LINC00628	3.5977	0.0061	0.1135	0.395	NA
LINC00630	16.2702	0.0011	0.1106	0.9387	0.9946
LINC00634	0.775	0.001	0.1175	0.7644	NA
LINC00636	0.5134	1e-04	0.1191	0.9639	NA
LINC00637	0.9309	-0.0033	0.1203	0.3797	NA
LINC00638	21.7664	0.0063	0.1103	0.6961	0.9722
LINC00639	0.7314	-6e-04	0.1174	0.8536	NA
LINC00641	287.4807	-0.0148	0.1003	0.6954	0.9722
LINC00645	55.9816	-0.0165	0.1081	0.4929	0.9332
LINC00649	0.4588	-0.0013	0.1206	0.6487	NA
LINC00654	0.2607	9e-04	0.1202	0.7458	NA
LINC00657	5238.5698	0.0646	0.0985	0.1469	0.8598
LINC00659	0.4997	3e-04	0.1193	0.9047	NA
LINC00662	24.7956	-0.0129	0.1105	0.4489	0.9232
LINC00663	39.3688	-0.0273	0.1116	0.1732	0.8611
LINC00664	0.2295	-7e-04	0.1199	0.8025	NA
LINC00665	0.5218	0.0016	0.1212	0.5952	NA
LINC00667	0.9594	-0.0016	0.1162	0.6847	NA
LINC00669	38.498	-0.0075	0.1087	0.7217	0.9753
LINC00672	5.4227	-0.0039	0.1122	0.6621	0.969
LINC00673	66.4975	-0.0023	0.1072	0.9259	0.9934
LINC00674	1504.5754	-0.0098	0.0932	0.8314	0.9854
LINC00685	16.1802	-0.0021	0.1108	0.8816	0.9899
LINC00689	0.5018	1e-04	0.1192	0.9646	NA
LINC00707	0.4785	-0.0014	0.1207	0.6407	NA
LINC00842	1.4331	-0.0045	0.1227	0.2608	NA
LINC00843	197.6338	0.0628	0.1103	0.0718	0.7855
LINC00847	7.3592	-0.0064	0.1121	0.5175	0.9416
LINC00852	15.9537	0.0133	0.1117	0.3296	0.9004
LINC00853	0.2333	-7e-04	0.1199	0.8049	NA
LINC00857	200.5722	0.0189	0.1019	0.5969	0.9569
LINC00858	3.6599	-0.0032	0.1127	0.6536	NA
LINC00869	10.4108	-0.0023	0.1113	0.8486	0.9866
LINC00870	0.24	-7e-04	0.1199	0.7975	NA
LINC00877	0.9377	-0.0033	0.1203	0.3735	NA
LINC00880	0.2605	9e-04	0.1202	0.7459	NA
LINC00882	2.9594	-0.0026	0.1129	0.6886	NA
LINC00883	79.1449	-9e-04	0.1062	0.9728	0.9959
LINC00884	0.2616	9e-04	0.1202	0.7452	NA
LINC00886	0.4896	1e-04	0.1193	0.9704	NA
LINC00887	0.7504	9e-04	0.1176	0.7773	NA
LINC00888	167.2432	-0.0236	0.1038	0.4792	0.932
LINC00893	2.7405	-3e-04	0.1128	0.9669	NA
LINC00894	4.6021	0.0062	0.1128	0.442	NA
LINC00896	0.7871	0.001	0.1174	0.7641	NA
LINC00909	132.3836	0.0046	0.1036	0.887	0.9899
LINC00910	4.4761	-0.0019	0.1123	0.807	NA
LINC00920	1.0386	0.0021	0.1165	0.5918	NA
LINC00921	2.2422	-4e-04	0.1131	0.9504	NA
LINC00926	14.7761	-0.0106	0.1114	0.4345	0.9227
LINC00933	0.2289	-7e-04	0.1199	0.8029	NA
LINC00935	7.1892	-0.0095	0.1126	0.3361	0.9028
LINC00936	14.3814	-0.0048	0.1109	0.7279	0.9758
LINC00937	0.946	-0.0033	0.1204	0.3743	NA
LINC00938	143.4168	0.0242	0.1047	0.45	0.9232
LINC00941	37.64	-0.0053	0.109	0.793	0.9836
LINC00942	1.4212	-0.0027	0.1167	0.5172	NA
LINC00950	0.708	-0.0023	0.12	0.4895	NA
LINC00957	1.1398	-5e-04	0.1149	0.9067	NA
LINC00958	326.8489	-0.0102	0.0995	0.7933	0.9836
LINC00959	13.5586	0.0012	0.1109	0.9255	0.9934
LINC00960	70.5741	-0.0186	0.1072	0.4839	0.9322
LINC00961	3.4279	-0.0026	0.1127	0.7116	NA
LINC00963	58.3361	-0.0186	0.108	0.451	0.9232
LINC00969	0.5297	0.0016	0.1212	0.5912	NA
LINC00984	1185.4106	-0.0359	0.0948	0.4278	0.9207
LINC00987	2.3648	-0.0064	0.1183	0.2303	NA
LINC00996	0.24	-7e-04	0.1199	0.7975	NA
LINC00997	122.2704	-0.037	0.1073	0.2262	0.8832
LINC00998	259.0448	-0.0787	0.1118	0.0412	0.7463
LINC00999	89.1214	0.0333	0.1078	0.2494	0.8873
LINC01000	525.7533	0.205	0.2004	3e-04	0.1553
LINC01001	1.916	-0.0062	0.1259	0.1672	NA
LINC01002	6.3057	0.0029	0.1122	0.7336	0.976
LINC01003	126.0205	-0.0449	0.108	0.1594	0.8611
LINC01004	33.2026	0.0385	0.1151	0.0529	0.7568
LINC01011	13.2721	0.0024	0.111	0.8548	0.9877
LINC01012	0.2362	-7e-04	0.1199	0.8017	NA
LINC01013	0.24	-7e-04	0.1199	0.7975	NA
LINC01018	0.5126	1e-04	0.1191	0.9674	NA
LINC01019	0.2605	9e-04	0.1202	0.7459	NA
LINC01021	5.1117	-0.0067	0.1132	0.3812	0.9133
LINC01023	20.8108	-0.0233	0.1126	0.1464	0.8598
LINC01024	9.3481	0.0047	0.1116	0.6753	0.9708
LINC01057	27.1056	0.0055	0.1096	0.7602	0.9791
LINC01061	98.2655	0.0353	0.1075	0.2376	0.886
LINC01063	2.9314	0.0054	0.1139	0.4027	NA
LINC01089	12.7047	0.0217	0.1145	0.0891	0.8072
LINC01091	6.4543	-0.0031	0.112	0.7369	0.9761
LINC01094	12.7322	0.0017	0.1111	0.891	0.9899
LINC01096	18.125	0.0097	0.1108	0.5229	0.9416
LINC01106	50.2785	0.0032	0.1081	0.8868	0.9899
LINC01107	0.7624	9e-04	0.1175	0.7781	NA
LINC01108	1.8034	0.0047	0.1176	0.3208	NA
LINC01116	0.236	-7e-04	0.1199	0.8019	NA
LINC01118	0.2304	-7e-04	0.1199	0.8017	NA
LINC01119	1.7825	0.0012	0.1139	0.8116	NA
LINC01123	446.1927	0.0328	0.0988	0.424	0.9204
LINC01125	2.4327	-0.003	0.1134	0.6229	NA
LINC01126	1.7815	0.0014	0.1136	0.7952	NA
LINC01127	1.2351	-6e-04	0.1143	0.8934	NA
LINC01128	197.3609	-0.0206	0.102	0.5638	0.952
LINC01132	5.0049	0.0027	0.1122	0.7489	0.9769
LINC01134	3.1454	-0.0054	0.1137	0.4177	NA
LINC01137	30.3637	0.0022	0.1096	0.9026	0.9911
LINC01138	32.1449	-0.0353	0.1141	0.0726	0.7886
LINC01139	23.4475	-0.0186	0.1119	0.2298	0.8839
LINC01140	2.5248	0.0017	0.113	0.7883	NA
LINC01144	5.1527	0.0061	0.1126	0.467	0.9283
LINC01158	47.2824	-0.0124	0.1084	0.5809	0.9552
LINC01160	0.2729	9e-04	0.1202	0.7407	NA
LINC01165	0.9318	-0.0033	0.1203	0.3794	NA
LINC01168	0.2607	9e-04	0.1202	0.7458	NA
LINC01176	1.7429	-3e-04	0.1139	0.9499	NA
LINC01184	87.7921	-0.0182	0.1063	0.519	0.9416
LINGO1	25.3321	0.0141	0.1106	0.4108	0.9191
LINGO3	0.5458	0.0016	0.1213	0.5866	NA
LINS	119.6113	0.0095	0.1045	0.7587	0.9791
LIPA	705.3271	-0.042	0.0967	0.3385	0.903
LIPC	110.3326	-0.0071	0.1046	0.8154	0.985
LIPE	208.1768	0.0252	0.102	0.4871	0.9323
LIPE-AS1	0.2731	0.001	0.1202	0.7405	NA
LIPG	1684.3594	0.1235	0.1128	0.0111	0.5624
LIPH	100.2572	0.0291	0.1077	0.2984	0.8992
LIPI	0.7295	-8e-04	0.1167	0.8316	NA
LIPT1	37.7834	-0.0208	0.11	0.321	0.9
LIPT2	33.198	-0.001	0.1091	0.9611	0.9956
LITAF	8254.4503	0.016	0.0912	0.7373	0.9761
LIX1	956.2299	-0.0184	0.0943	0.6829	0.9712
LIX1L	1227.0629	-0.0077	0.0936	0.8667	0.9887
LKAAEAR1	0.4572	-0.0013	0.1205	0.6591	NA
LLGL1	1642.4214	0.0283	0.0932	0.5417	0.9465
LLGL2	2660.5346	0.1035	0.0993	0.0348	0.7308
LLPH	821.2507	-0.046	0.0976	0.2882	0.8971
LMAN1	3902.0154	0.0017	0.093	0.9707	0.9959
LMAN2	4044.1147	-0.017	0.0937	0.71	0.9731
LMAN2L	1215.3899	-0.0355	0.0943	0.4374	0.9227
LMBR1	1492.6891	-0.0056	0.0949	0.8999	0.9908
LMBR1L	170.1244	0.0242	0.1038	0.469	0.9289
LMBRD1	624.5479	-0.0687	0.1043	0.0936	0.8142
LMBRD2	153.1582	0.0151	0.1075	0.5498	0.9489
LMCD1	142.4324	-0.0225	0.1048	0.4759	0.9312
LMCD1-AS1	0.9309	-0.0033	0.1203	0.3797	NA
LMF1	129.4223	0.001	0.1037	0.9752	0.9959
LMF2	2364.5063	-0.0179	0.0931	0.6981	0.9722
LMLN	205.8729	0.0382	0.1056	0.2501	0.8873
LMNA	16996.5997	0.1033	0.0966	0.0385	0.7463
LMNB1	3748.1665	-0.0036	0.0913	0.9401	0.9946
LMNB2	10078.3831	0.0678	0.095	0.1512	0.8598
LMO1	0.4578	-0.0013	0.1206	0.6493	NA
LMO2	16.6771	-0.004	0.1106	0.7823	0.9811
LMO4	1751.9401	-0.0028	0.0936	0.9505	0.9956
LMO7	2657.3542	0.0627	0.098	0.1608	0.8611
LMOD1	7.9496	1e-04	0.1116	0.989	0.9972
LMOD2	0.2729	9e-04	0.1202	0.7407	NA
LMOD3	0.4587	-0.0013	0.1206	0.6488	NA
LMTK2	1239.5488	0.1013	0.1174	0.0167	0.6309
LMTK3	101.8886	-0.0082	0.1053	0.7785	0.9806
LMX1B	33.789	0.0103	0.1095	0.5959	0.9565
LNP1	5.7348	-0.0124	0.1177	0.1113	0.8281
LNPEP	756.1587	0.0201	0.1113	0.2499	0.8873
LNX1	19.5377	-0.0015	0.1104	0.9204	0.9932
LNX1-AS2	0.9318	-0.0033	0.1203	0.3792	NA
LNX2	426.5992	-0.0079	0.1006	0.8313	0.9854
LOC100093631	2352.3174	-0.0377	0.0924	0.4258	0.9204
LOC100101148	6.0938	-0.0061	0.1122	0.513	0.9404
LOC100128076	1.2098	-0.0024	0.116	0.5679	NA
LOC100128164	0.5468	0.0016	0.1213	0.5861	NA
LOC100128361	23.3948	0.0094	0.1104	0.5685	0.9537
LOC100128364	0.794	0.0029	0.1206	0.4165	NA
LOC100128398	0.5341	0.0017	0.1207	0.5719	NA
LOC100128494	5.3368	0.005	0.1125	0.5472	0.9486
LOC100128531	0.5458	0.0016	0.1213	0.5866	NA
LOC100128568	0.2289	-7e-04	0.1199	0.8029	NA
LOC100128573	0.465	-0.0013	0.1206	0.6486	NA
LOC100128653	40.9093	0.0261	0.1108	0.2182	0.8812
LOC100128818	4.6043	0.0044	0.1125	0.583	0.9552
LOC100128885	35.7103	-0.0137	0.1097	0.4839	0.9322
LOC100128966	0.7035	-0.0019	0.1208	0.5337	NA
LOC100129034	511.9436	0.0413	0.1005	0.3012	0.8992
LOC100129098	97.5023	0.0029	0.1052	0.9191	0.9932
LOC100129148	0.7312	-7e-04	0.1166	0.8391	NA
LOC100129203	2.1332	-0.0056	0.1176	0.2735	NA
LOC100129215	7.9799	0.0101	0.1126	0.3139	0.9
LOC100129361	707.9131	0.0013	0.0974	0.9756	0.9959
LOC100129455	5.0084	-0.0118	0.1162	0.1369	0.8569
LOC100129461	18.2208	-0.0096	0.1108	0.522	0.9416
LOC100129473	2.3606	0.0048	0.115	0.3876	NA
LOC100129516	1.4933	5e-04	0.1142	0.922	NA
LOC100129518	4.3564	-0.0049	0.1131	0.492	NA
LOC100129520	0.7333	5e-04	0.1173	0.8921	NA
LOC100129534	1.3079	0.0031	0.1166	0.4747	NA
LOC100129550	239.4945	-0.0089	0.1017	0.803	0.9839
LOC100129617	3.2808	0.0033	0.1129	0.6379	NA
LOC100129637	185.7764	0.0796	0.1187	0.0228	0.6565
LOC100129722	1.2523	-5e-04	0.1146	0.9028	NA
LOC100129781	14.2244	9e-04	0.1112	0.9444	0.9954
LOC100129917	30.3905	0.0106	0.1099	0.5596	0.9512
LOC100129924	0.5125	1e-04	0.1191	0.9615	NA
LOC100129940	19.3613	0.0124	0.1112	0.4028	0.9185
LOC100130093	55.9011	0.0207	0.1093	0.3567	0.9092
LOC100130285	0.24	-7e-04	0.1199	0.7975	NA
LOC100130458	0.49	1e-04	0.1193	0.9705	NA
LOC100130502	29.7644	-0.0167	0.1103	0.3768	0.9119
LOC100130673	0.5211	0.0016	0.1212	0.5955	NA
LOC100130705	49.0455	-0.0144	0.1083	0.5359	0.9444
LOC100130744	48.0231	0.0213	0.1095	0.3401	0.9034
LOC100130876	1.315	0.0051	0.1231	0.2259	NA
LOC100130938	0.2315	-7e-04	0.1199	0.8008	NA
LOC100130987	25.4787	0.0025	0.1097	0.8873	0.9899
LOC100130992	2.169	-0.0018	0.1137	0.7337	NA
LOC100131270	0.4997	1e-04	0.1192	0.9652	NA
LOC100131289	0.9669	-0.0013	0.1168	0.7108	NA
LOC100131347	0.7506	-7e-04	0.1173	0.8448	NA
LOC100131372	0.4687	-0.0013	0.1206	0.6447	NA
LOC100131395	5.8325	0.0177	0.1598	0.0191	0.6411
LOC100131496	2.3563	0.0066	0.1193	0.2078	NA
LOC100131530	1.048	0.0021	0.1164	0.5933	NA
LOC100131564	20.4229	-0.005	0.1105	0.739	0.9761
LOC100131626	0.9638	-0.0015	0.1161	0.7006	NA
LOC100131655	25.1374	-0.0125	0.1106	0.4498	0.9232
LOC100132004	0.5211	0.0016	0.1212	0.5955	NA
LOC100132249	24.9261	0.005	0.1104	0.7507	0.9771
LOC100132352	25.5046	-0.0042	0.1099	0.8068	0.9839
LOC100132356	12.0069	0.0131	0.112	0.3015	0.8992
LOC100132731	0.2232	-7e-04	0.1199	0.8077	NA
LOC100132735	0.96	-0.0029	0.1209	0.4117	NA
LOC100132781	0.4595	-0.0013	0.1206	0.6483	NA
LOC100132815	233.2651	-0.0535	0.1045	0.1566	0.8598
LOC100132832	6.4022	0.0041	0.1124	0.6186	0.9593
LOC100132874	3.6095	0.0042	0.1129	0.5542	NA
LOC100133050	0.24	-7e-04	0.1199	0.7975	NA
LOC100133091	69.9669	0.0257	0.1087	0.3081	0.8998
LOC100133182	83.1104	0.0133	0.107	0.6088	0.9583
LOC100133315	9.9283	-0.0039	0.1115	0.7296	0.9759
LOC100133331	142.5701	0.0317	0.1048	0.3377	0.903
LOC100133445	37.4467	-0.0164	0.1095	0.4277	0.9207
LOC100133669	0.24	-7e-04	0.1199	0.7975	NA
LOC100133920	0.2729	9e-04	0.1202	0.7407	NA
LOC100133985	19.9308	-0.0199	0.112	0.2085	0.8771
LOC100134368	1.2467	-6e-04	0.1147	0.896	NA
LOC100134822	20.5313	0.0035	0.1144	0.5146	0.9408
LOC100134868	30.8134	-0.0023	0.1094	0.9008	0.9908
LOC100190986	145.9277	0.0227	0.116	0.0626	0.7689
LOC100233156	37.2468	-0.0125	0.1093	0.5395	0.9457
LOC100240734	0.2751	0.001	0.1202	0.7386	NA
LOC100268168	30.243	-0.0313	0.1136	0.0876	0.8072
LOC100270746	18.524	-0.0073	0.1106	0.6349	0.9654
LOC100270804	3.9176	-0.0024	0.1125	0.7421	NA
LOC100271836	300.2305	0.0227	0.114	0.0964	0.821
LOC100272216	0.2611	9e-04	0.1202	0.7455	NA
LOC100272217	5.8022	0.0021	0.1121	0.8118	0.9849
LOC100287015	63.3431	-0.0214	0.108	0.401	0.9185
LOC100287042	33.4338	0.0228	0.111	0.2407	0.886
LOC100287098	1.6175	-0.0052	0.1238	0.2179	NA
LOC100287166	0.7312	-6e-04	0.1174	0.853	NA
LOC100287175	0.9631	-0.0016	0.1162	0.6848	NA
LOC100287467	25.4987	0.0148	0.1105	0.405	0.9185
LOC100287497	14.0452	0.0013	0.1109	0.9222	0.9933
LOC100287808	17.4056	-0.0039	0.1106	0.7915	0.9836
LOC100287896	30.6906	-0.0101	0.1095	0.6006	0.9581
LOC100287934	1.7872	0.0032	0.1144	0.5442	NA
LOC100288069	28.6431	0.0271	0.1144	0.0756	0.7966
LOC100288102	10.9628	0.0111	0.1119	0.3651	0.9102
LOC100288123	11.1993	0.0123	0.1123	0.2866	0.8971
LOC100288152	142.2629	-0.0615	0.1121	0.0629	0.7689
LOC100288162	51.9782	0.143	0.3397	1e-04	0.0988
LOC100288175	20.794	-0.0162	0.1114	0.2985	0.8992
LOC100288562	1.3027	0.0043	0.1229	0.2702	NA
LOC100288637	143.6	0.0165	0.1036	0.616	0.959
LOC100288748	0.5021	1e-04	0.1192	0.9649	NA
LOC100288778	209.0317	0.0076	0.1026	0.8228	0.9851
LOC100288814	0.2729	9e-04	0.1202	0.7407	NA
LOC100288842	9.1845	0.0106	0.1122	0.3447	0.9054
LOC100288846	16.733	0.0013	0.1105	0.9322	0.9939
LOC100288911	87.4807	-0.0547	0.1143	0.0543	0.7594
LOC100289026	42.6866	-0.0015	0.1144	0.7456	0.9761
LOC100289092	30.7028	-0.0228	0.1114	0.2138	0.8774
LOC100289097	0.4898	1e-04	0.1193	0.9703	NA
LOC100289098	28.1474	-0.0375	0.116	0.0425	0.7463
LOC100289230	14.7924	-0.0045	0.1109	0.7419	0.9761
LOC100289361	15.3654	-0.0137	0.1119	0.2989	0.8992
LOC100289495	9.4773	4e-04	0.1114	0.9743	0.9959
LOC100289511	2.9936	-9e-04	0.1127	0.8864	NA
LOC100289533	0.2619	9e-04	0.1202	0.745	NA
LOC100289561	50.728	0.0094	0.1081	0.6831	0.9712
LOC100293704	20.6864	-0.028	0.1156	0.055	0.7614
LOC100294145	538.041	-0.0954	0.1073	0.0329	0.7157
LOC100294362	7.2133	7e-04	0.1117	0.9441	0.9954
LOC100335030	2.3963	-0.0041	0.1146	0.4564	NA
LOC100379224	31.2322	-0.0123	0.1098	0.5169	0.9415
LOC100422556	0.24	-7e-04	0.1199	0.7975	NA
LOC100499484	11.1796	-2e-04	0.1112	0.9881	0.9972
LOC100499484-C9ORF174	6.282	-0.0085	0.1133	0.3056	0.8992
LOC100499489	5.946	-0.0019	0.112	0.836	0.9854
LOC100505501	58.3775	-0.0315	0.1103	0.1943	0.8697
LOC100505504	1.2157	-6e-04	0.1147	0.8926	NA
LOC100505534	1.3262	0.0027	0.117	0.5103	NA
LOC100505555	7.7697	-0.0073	0.112	0.4776	0.9319
LOC100505564	46.2066	0.0446	0.1172	0.0318	0.7118
LOC100505588	0.234	-7e-04	0.1199	0.804	NA
LOC100505625	0.2289	-7e-04	0.1199	0.8029	NA
LOC100505650	693.1958	0.045	0.0968	0.3062	0.8992
LOC100505727	0.7816	0.0024	0.1212	0.4647	NA
LOC100505761	54.3135	-0.033	0.111	0.1602	0.8611
LOC100505767	5.2704	0.0018	0.1121	0.8317	0.9854
LOC100505771	25.8608	-0.0138	0.1105	0.4273	0.9207
LOC100505812	18.7858	-0.002	0.1108	0.8818	0.9899
LOC100505817	0.2615	9e-04	0.1202	0.7452	NA
LOC100505909	3.9843	9e-04	0.1124	0.908	NA
LOC100505912	3.8954	-0.0042	0.1127	0.5765	NA
LOC100505920	1.2163	-5e-04	0.1153	0.8995	NA
LOC100505940	0.56	0.0016	0.1213	0.5798	NA
LOC100505942	8.4409	1e-04	0.1117	0.9892	0.9972
LOC100505984	1.3909	-0.003	0.1162	0.4928	NA
LOC100506014	35.9356	-0.0082	0.109	0.6879	0.9712
LOC100506022	7.2444	-0.0097	0.1126	0.3235	0.9
LOC100506023	5.1833	-0.0036	0.1126	0.6356	0.9654
LOC100506036	0.7367	-6e-04	0.1174	0.8493	NA
LOC100506047	0.24	-7e-04	0.1199	0.7975	NA
LOC100506060	31.0218	-0.0063	0.1093	0.7426	0.9761
LOC100506082	0.47	-0.0014	0.1207	0.6442	NA
LOC100506083	5.4882	-4e-04	0.112	0.9668	0.9956
LOC100506100	16.02	0.0055	0.1107	0.7034	0.9724
LOC100506113	0.2294	-7e-04	0.1199	0.8086	NA
LOC100506114	2.8305	0.0033	0.1132	0.606	NA
LOC100506124	6.5646	-0.0077	0.1124	0.4211	0.9204
LOC100506127	2.0236	0.0022	0.1136	0.6959	NA
LOC100506142	0.5219	0.0016	0.1212	0.5951	NA
LOC100506157	3.7611	-0.0041	0.1128	0.576	NA
LOC100506161	4.4885	-6e-04	0.1124	0.9375	NA
LOC100506175	0.7195	-6e-04	0.1175	0.8469	NA
LOC100506235	3.4158	-0.0025	0.1127	0.7273	NA
LOC100506253	1.5718	0.0025	0.1144	0.6189	NA
LOC100506258	0.2292	-7e-04	0.1199	0.8027	NA
LOC100506271	45.6878	-0.0208	0.1093	0.3536	0.908
LOC100506282	13.1759	-0.0206	0.118	0.0546	0.7614
LOC100506286	13.169	3e-04	0.111	0.9829	0.9963
LOC100506302	46.955	-0.0573	0.1245	0.0098	0.5526
LOC100506331	0.2605	9e-04	0.1202	0.7459	NA
LOC100506351	0.2295	-7e-04	0.1199	0.8024	NA
LOC100506358	0.2605	9e-04	0.1202	0.7459	NA
LOC100506371	2.1453	-0.0056	0.1175	0.2784	NA
LOC100506379	0.5347	0.0017	0.1207	0.5712	NA
LOC100506388	0.2289	-7e-04	0.1199	0.8029	NA
LOC100506405	5.0926	-0.0064	0.1127	0.451	0.9232
LOC100506411	34.5119	-0.0016	0.109	0.9343	0.9943
LOC100506454	7.4274	-9e-04	0.1119	0.9211	0.9933
LOC100506472	35.2673	-0.0089	0.1091	0.6603	0.969
LOC100506473	19.5639	0.005	0.1103	0.7536	0.9783
LOC100506504	11.0659	0.0167	0.113	0.1709	0.8611
LOC100506518	4.5776	-0.0059	0.1129	0.4468	NA
LOC100506538	16.7725	-0.0073	0.1108	0.6179	0.9593
LOC100506548	559.151	-0.0091	0.0965	0.8319	0.9854
LOC100506596	0.9659	-0.0016	0.1162	0.6848	NA
LOC100506603	98.8626	-0.034	0.1075	0.2501	0.8873
LOC100506621	23.8749	-0.0172	0.1113	0.2931	0.8989
LOC100506634	226.3568	0.0464	0.1044	0.2021	0.874
LOC100506639	6.8641	-0.0051	0.112	0.6067	0.9581
LOC100506688	0.7074	-0.0023	0.12	0.4898	NA
LOC100506691	31.5914	-0.0225	0.1112	0.2331	0.8859
LOC100506710	553.5308	0.011	0.0993	0.7784	0.9806
LOC100506713	6.6159	0.0029	0.112	0.7532	0.9783
LOC100506714	38.3835	-0.0229	0.1105	0.2656	0.89
LOC100506730	71.4228	-0.0096	0.1067	0.7153	0.9743
LOC100506737	1.8367	0.003	0.1147	0.551	NA
LOC100506746	18.3952	-8e-04	0.1104	0.9563	0.9956
LOC100506753	5.6705	-0.0025	0.112	0.7754	0.9803
LOC100506851	5.1783	-0.0013	0.1121	0.8793	0.9899
LOC100506859	1.9328	-0.0032	0.1141	0.5594	NA
LOC100506860	4.9636	-0.002	0.1122	0.8104	0.9845
LOC100506870	0.4903	1e-04	0.1193	0.972	NA
LOC100506885	1.2306	-6e-04	0.1143	0.8987	NA
LOC100506901	23.6977	0.0035	0.11	0.8345	0.9854
LOC100506922	27.9484	-0.0124	0.1106	0.4545	0.9246
LOC100506929	0.2605	9e-04	0.1202	0.7459	NA
LOC100506985	0.7028	-0.0023	0.12	0.4925	NA
LOC100506990	117.2235	-0.0932	0.1314	0.0067	0.5102
LOC100507033	0.7167	-0.002	0.1208	0.5255	NA
LOC100507054	1.2801	0.003	0.1166	0.4862	NA
LOC100507071	1.2163	-0.0021	0.1166	0.5951	NA
LOC100507103	0.9487	-0.0013	0.1169	0.7116	NA
LOC100507131	56.8405	0.4151	0.8576	0	0.0237
LOC100507156	1.0108	0.0018	0.1171	0.6328	NA
LOC100507191	0.5251	0.0016	0.1212	0.5935	NA
LOC100507217	688.1243	-0.0753	0.1026	0.0822	0.807
LOC100507258	2.7759	0.0016	0.1128	0.8128	NA
LOC100507316	35.4537	-0.021	0.1108	0.2726	0.8915
LOC100507346	2.6903	-0.0037	0.1134	0.5512	NA
LOC100507373	29.3527	0.0253	0.1118	0.174	0.8611
LOC100507412	49.4041	-0.0341	0.1123	0.1173	0.8296
LOC100507424	27.0796	-0.0071	0.11	0.6796	0.9708
LOC100507460	18.4722	-0.0042	0.1106	0.7754	0.9803
LOC100507462	4.1996	-0.0043	0.1129	0.547	NA
LOC100507480	0.5211	0.0016	0.1212	0.5955	NA
LOC100507487	3.8128	0.0017	0.1126	0.8117	NA
LOC100507507	86.2843	-0.0047	0.1065	0.8568	0.988
LOC100507520	22.6018	0.0153	0.1109	0.3569	0.9092
LOC100507521	1.0422	0.0033	0.1218	0.3532	NA
LOC100507530	0.7739	0.0011	0.1167	0.751	NA
LOC100507534	0.7294	-7e-04	0.1167	0.8322	NA
LOC100507547	8.8539	-0.0041	0.1116	0.7011	0.9724
LOC100507554	8.2849	-0.0233	0.1433	0.0154	0.6309
LOC100507577	60.7722	0.0014	0.1071	0.9559	0.9956
LOC100507599	19.1522	-0.0123	0.111	0.4195	0.9204
LOC100507634	14.8347	-0.0077	0.111	0.5783	0.9552
LOC100507642	3.6694	-0.0035	0.1127	0.6355	NA
LOC100507656	4.5398	0.0026	0.1123	0.7457	NA
LOC100507670	3.9746	-6e-04	0.1123	0.935	NA
LOC100507747	11.7285	-0.0012	0.1112	0.9216	0.9933
LOC100509620	0.2729	9e-04	0.1202	0.7407	NA
LOC100510707	8.0511	0.0041	0.1119	0.6709	0.97
LOC100630918	30.5713	0.0282	0.1122	0.1415	0.8598
LOC100630923	81.2859	0.046	0.1147	0.056	0.7615
LOC100652736	20.1351	-0.0011	0.1102	0.9443	0.9954
LOC100652758	20.9905	-0.0102	0.1108	0.5088	0.9397
LOC100652768	16.9523	-0.0234	0.1134	0.1137	0.8296
LOC100652777	0.2379	-7e-04	0.1199	0.7998	NA
LOC100652901	0.9913	2e-04	0.1153	0.9596	NA
LOC100652930	0.24	-7e-04	0.1199	0.7975	NA
LOC100653515	5.783	0.0049	0.1123	0.5725	0.9544
LOC100862671	156.5691	-0.0488	0.1073	0.1481	0.8598
LOC100996246	2.0311	0.0023	0.1135	0.6812	NA
LOC100996255	0.48	-0.0014	0.1207	0.6399	NA
LOC100996273	0.8069	0.0029	0.1206	0.4104	NA
LOC100996288	1.421	-0.0045	0.1226	0.2641	NA
LOC100996301	8.8866	0.0061	0.1117	0.5782	0.9552
LOC100996335	0.2289	-7e-04	0.1199	0.8029	NA
LOC100996342	0.7628	0.0011	0.1168	0.7537	NA
LOC100996369	0.7516	9e-04	0.1175	0.78	NA
LOC100996405	0.2729	9e-04	0.1202	0.7407	NA
LOC100996419	8.2951	-0.0079	0.112	0.4562	0.9254
LOC100996425	4.3326	0.0035	0.1125	0.6587	NA
LOC100996442	1.634	0.0023	0.1153	0.6036	NA
LOC100996457	0.9336	-0.001	0.1158	0.7917	NA
LOC100996465	0.4615	-0.0013	0.1206	0.6471	NA
LOC100996478	0.2605	9e-04	0.1202	0.7459	NA
LOC100996482	0.7004	-0.0023	0.12	0.4935	NA
LOC100996492	1.5128	0.002	0.1147	0.6696	NA
LOC100996497	34.8857	0.009	0.1091	0.6559	0.969
LOC100996506	5.7127	0.0074	0.1129	0.3794	0.9129
LOC100996517	0.4769	-0.0014	0.1207	0.6417	NA
LOC100996521	1.6163	-0.0019	0.114	0.708	NA
LOC100996535	0.2613	9e-04	0.1202	0.7454	NA
LOC100996573	35.9472	0.0275	0.1117	0.1655	0.8611
LOC100996574	1.8032	0.0029	0.1147	0.554	NA
LOC100996598	0.2605	9e-04	0.1202	0.7459	NA
LOC100996643	13.1116	-0.0088	0.1117	0.4607	0.9261
LOC100996660	13.1185	0.0084	0.1113	0.5189	0.9416
LOC100996668	0.2289	-7e-04	0.1199	0.8029	NA
LOC100996693	0.4728	-0.0014	0.1206	0.644	NA
LOC100996695	10.1186	7e-04	0.1113	0.9502	0.9956
LOC100996716	1.2525	0.0011	0.1148	0.796	NA
LOC100996717	54.0042	0.002	0.1075	0.9314	0.9937
LOC100996723	1.1734	-0.0044	0.1213	0.2849	NA
LOC100996724	153.9031	0.0322	0.1077	0.2621	0.89
LOC100996735	4.3064	-0.0041	0.1129	0.5677	NA
LOC100996740	82.8913	-0.0052	0.1063	0.8453	0.9862
LOC100996741	13.631	-0.0057	0.111	0.6699	0.9698
LOC100996746	11.4646	-0.0022	0.1112	0.86	0.9881
LOC100996758	1.5167	0.0061	0.125	0.1766	NA
LOC100996760	28.981	-0.0108	0.1099	0.5568	0.9507
LOC100996761	0.4684	-0.0013	0.1206	0.645	NA
LOC100996763	18.8846	0.0119	0.1109	0.4419	0.9232
LOC100996808	0.2729	9e-04	0.1202	0.7407	NA
LOC100996813	0.5458	0.0016	0.1213	0.5866	NA
LOC100996873	3.5503	0.0025	0.1126	0.7313	NA
LOC100996909	221.3535	-0.0386	0.1068	0.2234	0.8832
LOC101059906	0.2299	-7e-04	0.1199	0.8021	NA
LOC101059936	0.7237	-7e-04	0.1175	0.843	NA
LOC101059948	0.4578	-0.0013	0.1206	0.6493	NA
LOC101059949	1.8361	0.0073	0.1282	0.127	NA
LOC101059976	20.2901	0.0059	0.1105	0.6988	0.9723
LOC101060026	0.24	-7e-04	0.1199	0.7975	NA
LOC101060179	127.5364	0.0223	0.1047	0.4824	0.932
LOC101060181	14.9681	0.0113	0.1115	0.3953	0.9174
LOC101060195	110.8133	-0.0141	0.1052	0.6371	0.9657
LOC101060212	26.2907	0.0057	0.1099	0.743	0.9761
LOC101060216	1.3288	0.0053	0.1233	0.2171	NA
LOC101060236	12.3338	0.005	0.1112	0.6951	0.9722
LOC101060264	1.6584	-0.004	0.1165	0.3973	NA
LOC101060321	1.6723	-0.0053	0.1241	0.2087	NA
LOC101060341	1.0422	0.0033	0.1218	0.3532	NA
LOC101060351	14.4231	0.0215	0.1144	0.0919	0.8112
LOC101060376	165.9312	0.0328	0.1047	0.3279	0.9003
LOC101060389	6.5248	-0.0425	0.3879	0.0019	0.3547
LOC101060398	49.5129	0.0325	0.1124	0.1185	0.8305
LOC101060400	0.4688	-0.0014	0.1206	0.6446	NA
LOC101060494	5.7461	0.0027	0.1124	0.7312	0.976
LOC101060498	0.9224	-0.0027	0.1209	0.4259	NA
LOC101060553	3.2556	0.0015	0.1126	0.8251	NA
LOC101060581	50.7079	0.0132	0.1082	0.5711	0.9544
LOC101060632	1.0185	0.0023	0.1179	0.5325	NA
LOC101241902	0.2609	9e-04	0.1202	0.7457	NA
LOC101559451	1.2666	0.0013	0.1148	0.7639	NA
LOC101593348	7.0758	0.0047	0.112	0.6288	0.9639
LOC101926889	0.4595	-0.0013	0.1206	0.6483	NA
LOC101926893	0.262	9e-04	0.1202	0.7449	NA
LOC101926894	1.404	-2e-04	0.1144	0.963	NA
LOC101926901	0.8224	0.0025	0.1213	0.4459	NA
LOC101926907	2.6958	-0.0019	0.113	0.7599	NA
LOC101926912	0.2349	-7e-04	0.1199	0.8031	NA
LOC101926916	2.6037	0.0057	0.1154	0.3251	NA
LOC101926917	0.2289	-7e-04	0.1199	0.8029	NA
LOC101926918	3.242	0.0096	0.1245	0.1032	NA
LOC101926920	1.6769	-0.0018	0.1149	0.6927	NA
LOC101926922	3.8481	0.0069	0.1137	0.3434	NA
LOC101926935	7.9852	-0.0016	0.1116	0.8819	0.9899
LOC101926937	0.262	9e-04	0.1202	0.7449	NA
LOC101926948	0.4904	1e-04	0.1193	0.9719	NA
LOC101926961	0.2605	9e-04	0.1202	0.7459	NA
LOC101926967	20.9993	0.0125	0.1108	0.4382	0.9227
LOC101926969	19.898	-0.0274	0.1148	0.0673	0.7786
LOC101926977	1.2111	-0.0024	0.1161	0.5715	NA
LOC101926980	9.3334	-0.0046	0.1117	0.6702	0.9698
LOC101926994	3.4538	0.0054	0.1133	0.445	NA
LOC101926997	0.2289	-7e-04	0.1199	0.8029	NA
LOC101927002	8.3496	-0.0061	0.1118	0.5702	0.9544
LOC101927011	0.24	-7e-04	0.1199	0.7975	NA
LOC101927018	2.0559	0.0056	0.118	0.2656	NA
LOC101927022	0.24	-7e-04	0.1199	0.7975	NA
LOC101927023	0.2729	9e-04	0.1202	0.7407	NA
LOC101927028	4.0452	0.0032	0.1127	0.6608	NA
LOC101927029	0.5239	0.0016	0.1212	0.5941	NA
LOC101927030	1.0496	0.0022	0.1164	0.5897	NA
LOC101927044	2.7849	0.0017	0.1128	0.7981	NA
LOC101927045	16.4636	0.0146	0.1116	0.3096	0.8998
LOC101927054	13.7256	-0.0076	0.1115	0.5367	0.9444
LOC101927057	0.48	-0.0014	0.1207	0.6399	NA
LOC101927060	71.7587	0.006	0.1066	0.8178	0.985
LOC101927063	0.5132	1e-04	0.1191	0.9664	NA
LOC101927066	0.2731	0.001	0.1202	0.7404	NA
LOC101927071	1.3179	0.0052	0.1232	0.2247	NA
LOC101927085	4.2327	0	0.1123	0.999	NA
LOC101927104	10.9072	0.0067	0.1114	0.5842	0.9552
LOC101927105	0.7816	0.0024	0.1212	0.4647	NA
LOC101927119	1.8185	0.0075	0.128	0.1241	NA
LOC101927124	2.216	-3e-04	0.1134	0.9493	NA
LOC101927127	0.9018	-0.0026	0.1208	0.4396	NA
LOC101927143	0.4578	-0.0013	0.1206	0.6493	NA
LOC101927144	4.8008	-0.0064	0.1128	0.4326	0.9225
LOC101927151	27.7743	0.001	0.11	0.9532	0.9956
LOC101927157	2.4571	-0.0026	0.1135	0.6555	NA
LOC101927161	0.5287	0.0016	0.1212	0.5917	NA
LOC101927168	0.2729	9e-04	0.1202	0.7407	NA
LOC101927178	7.457	0.011	0.1128	0.2766	0.8937
LOC101927181	24.214	-0.0239	0.1125	0.1488	0.8598
LOC101927183	16.5705	0.0171	0.1119	0.2454	0.8873
LOC101927185	60.8386	-0.0103	0.1077	0.6666	0.969
LOC101927187	93.0148	-0.0404	0.1108	0.1304	0.8492
LOC101927226	0.7393	-5e-04	0.1165	0.8987	NA
LOC101927227	0.5458	0.0016	0.1213	0.5866	NA
LOC101927234	2.7689	0.0015	0.1129	0.8135	NA
LOC101927241	1.1979	-0.002	0.1165	0.6162	NA
LOC101927245	0.2605	9e-04	0.1202	0.7459	NA
LOC101927258	0.511	0.0016	0.1207	0.5973	NA
LOC101927260	42.0361	-0.0078	0.1086	0.7154	0.9743
LOC101927263	14.0754	-0.0085	0.1112	0.5249	0.9416
LOC101927266	0.5036	1e-04	0.1192	0.9657	NA
LOC101927278	0.2302	-7e-04	0.1199	0.8079	NA
LOC101927279	29.5625	-0.0237	0.1115	0.2039	0.8747
LOC101927291	1.3094	0.0011	0.1153	0.7914	NA
LOC101927300	5.0354	0.0111	0.115	0.1736	0.8611
LOC101927308	2.1148	0.0088	0.1326	0.0888	NA
LOC101927318	20.3916	-0.0137	0.1109	0.391	0.9162
LOC101927322	5.7958	-0.0064	0.1126	0.46	0.9261
LOC101927326	0.7422	-7e-04	0.1166	0.8398	NA
LOC101927330	1.4382	-0.0032	0.1162	0.4765	NA
LOC101927340	6.8077	-0.0043	0.1121	0.6359	0.9656
LOC101927344	0.5458	0.0016	0.1213	0.5866	NA
LOC101927345	2.0142	0.002	0.1138	0.7016	NA
LOC101927357	0.2729	9e-04	0.1202	0.7407	NA
LOC101927371	7.4429	0.0132	0.1141	0.1664	0.8611
LOC101927372	5.1667	-0.0029	0.1122	0.7328	0.976
LOC101927377	5.2834	-0.0011	0.1121	0.9008	0.9908
LOC101927382	30.0598	0.0192	0.1106	0.3104	0.8998
LOC101927383	9.5284	0.0046	0.1117	0.6692	0.9698
LOC101927385	0.4993	0	0.1192	0.995	NA
LOC101927392	0.2605	9e-04	0.1202	0.7459	NA
LOC101927393	7.1584	0.0083	0.1123	0.4045	0.9185
LOC101927400	0.726	-7e-04	0.1175	0.8426	NA
LOC101927402	3.0902	-0.0071	0.1154	0.2632	NA
LOC101927407	4.4705	-7e-04	0.1122	0.9297	NA
LOC101927417	21.356	-0.0029	0.1102	0.8567	0.988
LOC101927420	7.6092	0.0067	0.112	0.5174	0.9416
LOC101927451	10.3084	5e-04	0.1115	0.9665	0.9956
LOC101927458	0.468	-0.0013	0.1206	0.6454	NA
LOC101927467	0.2289	-7e-04	0.1199	0.8029	NA
LOC101927469	9.2249	0.0179	0.116	0.0837	0.807
LOC101927471	0.6951	-0.0023	0.12	0.4962	NA
LOC101927479	6.5191	0.003	0.1119	0.752	0.9781
LOC101927481	0.2741	0.001	0.1202	0.7396	NA
LOC101927490	0.2304	-7e-04	0.1199	0.8017	NA
LOC101927494	0.2289	-7e-04	0.1199	0.8029	NA
LOC101927503	0.9641	-0.0016	0.1162	0.6839	NA
LOC101927506	2.526	0.004	0.1137	0.513	NA
LOC101927509	2.5914	0.0057	0.1154	0.3256	NA
LOC101927510	2.1239	-0.0046	0.1178	0.3263	NA
LOC101927512	1.2657	0.0013	0.1144	0.7792	NA
LOC101927514	0.2729	9e-04	0.1202	0.7407	NA
LOC101927529	0.2748	0.001	0.1202	0.7389	NA
LOC101927546	0.7365	-7e-04	0.1174	0.843	NA
LOC101927556	814.4073	-0.0092	0.0952	0.8348	0.9854
LOC101927559	2.8201	0.0033	0.1132	0.6073	NA
LOC101927571	0.2281	-7e-04	0.1199	0.8097	NA
LOC101927576	2.4771	7e-04	0.1133	0.9011	NA
LOC101927578	39.3842	0.0269	0.1114	0.1846	0.8682
LOC101927579	4.1126	-0.0022	0.1124	0.7807	NA
LOC101927583	2.4118	-0.0026	0.1136	0.6451	NA
LOC101927585	5.0711	0.0046	0.1123	0.5944	0.9562
LOC101927589	0.5334	0.0017	0.1207	0.5726	NA
LOC101927595	16.4066	0.0076	0.1108	0.6056	0.9581
LOC101927603	0.9948	2e-04	0.1153	0.9541	NA
LOC101927608	0.4604	-0.0013	0.1206	0.6478	NA
LOC101927609	1.1514	-0.0024	0.1163	0.5598	NA
LOC101927610	3.7879	0.0043	0.1132	0.5247	NA
LOC101927617	0.48	-0.0014	0.1207	0.6399	NA
LOC101927632	0.5049	1e-04	0.1191	0.9719	NA
LOC101927644	0.2616	9e-04	0.1202	0.7451	NA
LOC101927645	1.6973	-0.0022	0.1143	0.6603	NA
LOC101927647	0.2608	9e-04	0.1202	0.7457	NA
LOC101927663	3.2145	0.0041	0.1137	0.5063	NA
LOC101927673	12.435	0.01	0.1115	0.4419	0.9232
LOC101927675	0.7829	0.0024	0.1212	0.464	NA
LOC101927681	10.2983	0.0015	0.1113	0.9004	0.9908
LOC101927685	8.8844	0.0092	0.112	0.4033	0.9185
LOC101927687	0.2276	-7e-04	0.1199	0.8101	NA
LOC101927696	8.1522	-0.0088	0.1121	0.4056	0.9185
LOC101927699	12.9032	0.006	0.1114	0.6242	0.9621
LOC101927703	11.5176	9e-04	0.1111	0.9421	0.9947
LOC101927708	0.2326	-7e-04	0.1199	0.7999	NA
LOC101927712	0.5132	2e-04	0.1191	0.9591	NA
LOC101927719	0.2605	9e-04	0.1202	0.7459	NA
LOC101927720	10.1219	-8e-04	0.1115	0.9395	0.9946
LOC101927725	0.2289	-7e-04	0.1199	0.8029	NA
LOC101927727	0.7476	9e-04	0.1176	0.7806	NA
LOC101927730	0.24	-7e-04	0.1199	0.7975	NA
LOC101927741	0.2634	9e-04	0.1202	0.7439	NA
LOC101927752	86.5101	-0.0266	0.1082	0.3141	0.9
LOC101927759	2.882	0.0073	0.1157	0.2485	NA
LOC101927761	0.2765	0.001	0.1202	0.7374	NA
LOC101927765	6.0374	-0.0036	0.1122	0.6772	0.9708
LOC101927767	0.5211	0.0016	0.1212	0.5955	NA
LOC101927789	3.4541	-0.0084	0.1164	0.199	NA
LOC101927792	5.0535	0.0024	0.1123	0.7691	0.9791
LOC101927793	0.5458	0.0016	0.1213	0.5866	NA
LOC101927803	3.5773	0.0059	0.1135	0.4019	NA
LOC101927809	5.6614	-9e-04	0.112	0.9179	0.9932
LOC101927811	17.8447	-0.015	0.1114	0.3195	0.9
LOC101927824	1.9724	-0.0024	0.1148	0.618	NA
LOC101927826	4.4381	0.0104	0.1164	0.1568	NA
LOC101927831	0.5124	1e-04	0.1191	0.9646	NA
LOC101927837	9.8104	0.0045	0.1114	0.6958	0.9722
LOC101927838	20.2578	0.0294	0.1166	0.0431	0.7463
LOC101927841	13.3348	-0.0088	0.1115	0.4846	0.9322
LOC101927848	24.7851	0.0207	0.1117	0.2151	0.8781
LOC101927850	5.0391	0.0041	0.1124	0.6113	0.9585
LOC101927858	0.478	-0.0014	0.1207	0.641	NA
LOC101927859	0.9789	2e-04	0.1159	0.9594	NA
LOC101927861	0.2605	9e-04	0.1202	0.7459	NA
LOC101927886	16.9974	-0.0147	0.1117	0.3016	0.8992
LOC101927895	4.2897	0.0036	0.1125	0.649	NA
LOC101927898	0.9626	-0.0016	0.1162	0.6848	NA
LOC101927903	24.5846	-0.0048	0.1098	0.7855	0.9825
LOC101927910	9.9321	0.0112	0.1121	0.337	0.9028
LOC101927911	1.4946	4e-04	0.1142	0.9377	NA
LOC101927919	0.4605	-0.0013	0.1206	0.6477	NA
LOC101927929	9.3704	-0.0056	0.1116	0.6148	0.959
LOC101927932	0.7626	0.0011	0.1168	0.7552	NA
LOC101927934	2.7335	-0.0016	0.1132	0.7867	NA
LOC101927941	0.2605	9e-04	0.1202	0.7459	NA
LOC101927942	0.9568	-0.0012	0.1167	0.7422	NA
LOC101927943	9.5921	-0.0081	0.1118	0.4667	0.9279
LOC101927952	1.2528	0.0011	0.1148	0.797	NA
LOC101927953	1.4672	-0.0012	0.1145	0.7894	NA
LOC101927954	0.479	-0.0014	0.1207	0.6405	NA
LOC101927955	1.2268	-6e-04	0.1147	0.8906	NA
LOC101927957	0.2289	-7e-04	0.1199	0.8029	NA
LOC101927963	12.4496	-0.0029	0.1112	0.8128	0.985
LOC101927974	13.8503	-0.0032	0.111	0.808	0.9839
LOC101927986	1.615	-0.0061	0.1242	0.1811	NA
LOC101927989	7.4761	-0.0014	0.1117	0.886	0.9899
LOC101927995	2.3017	0.0015	0.1132	0.8032	NA
LOC101927999	59.2641	0.0215	0.1093	0.3454	0.9054
LOC101928000	35.7903	-0.0147	0.1106	0.4	0.9185
LOC101928004	1.2497	-0.0023	0.1159	0.5801	NA
LOC101928005	2.689	-0.0019	0.1129	0.7701	NA
LOC101928006	0.9349	-0.0033	0.1203	0.3755	NA
LOC101928021	0.48	-0.0014	0.1207	0.6399	NA
LOC101928025	0.2316	-7e-04	0.1199	0.8007	NA
LOC101928037	3.0303	-0.0029	0.113	0.6617	NA
LOC101928038	3.6699	0.0093	0.1177	0.1583	NA
LOC101928042	1.8203	0.0029	0.1146	0.5614	NA
LOC101928044	0.5334	0.0017	0.1207	0.5726	NA
LOC101928047	5.9934	0.0013	0.1119	0.8901	0.9899
LOC101928051	2.7488	-1e-04	0.1129	0.9889	NA
LOC101928054	14.3451	0.0053	0.1109	0.7004	0.9724
LOC101928055	3.515	0.0018	0.1125	0.8081	NA
LOC101928059	7.0776	0.0091	0.1132	0.2964	0.8992
LOC101928061	27.0662	0.004	0.1096	0.8258	0.9853
LOC101928068	4.5341	0.0027	0.1123	0.7376	NA
LOC101928069	5.9204	-0.002	0.112	0.8302	0.9854
LOC101928070	3.8718	-0.0066	0.1136	0.3606	NA
LOC101928072	1.4064	-0.0054	0.1227	0.2177	NA
LOC101928076	6.6441	5e-04	0.1119	0.9612	0.9956
LOC101928081	1.2221	-5e-04	0.1147	0.9026	NA
LOC101928083	55.2054	0.0137	0.1103	0.4403	0.9232
LOC101928085	0.5069	1e-04	0.1191	0.9743	NA
LOC101928092	174.281	-0.0717	0.1121	0.0482	0.7463
LOC101928102	8.6261	-0.018	0.116	0.0832	0.807
LOC101928105	0.2315	-7e-04	0.1199	0.8008	NA
LOC101928111	2.7049	-0.0032	0.1133	0.6104	NA
LOC101928113	0.4773	-0.0014	0.1207	0.6415	NA
LOC101928115	0.2729	9e-04	0.1202	0.7407	NA
LOC101928117	9.4953	-0.0318	0.1663	0.006	0.4986
LOC101928120	40.4271	-0.0017	0.1087	0.9336	0.9941
LOC101928123	0.5025	1e-04	0.1192	0.9651	NA
LOC101928124	3.0074	7e-04	0.1127	0.9159	NA
LOC101928126	0.4768	-0.0014	0.1207	0.6418	NA
LOC101928130	0.2289	-7e-04	0.1199	0.8029	NA
LOC101928132	0.48	-0.0014	0.1207	0.6399	NA
LOC101928139	0.4598	-0.0013	0.1206	0.6481	NA
LOC101928146	1.7737	-3e-04	0.1142	0.9476	NA
LOC101928152	0.8084	0.0029	0.1206	0.4094	NA
LOC101928163	0.7834	0.0024	0.1212	0.4638	NA
LOC101928170	187.7022	-0.0017	0.1032	0.9575	0.9956
LOC101928172	0.9634	-0.0016	0.1162	0.6844	NA
LOC101928173	0.7297	-7e-04	0.1167	0.8342	NA
LOC101928178	1.2788	0.0014	0.1149	0.7436	NA
LOC101928189	1.1779	-0.0044	0.1213	0.2841	NA
LOC101928192	44.2919	0.0293	0.1109	0.1883	0.8684
LOC101928195	4.1896	-0.0035	0.1129	0.6165	NA
LOC101928206	0.96	-0.0029	0.1209	0.4117	NA
LOC101928221	2.8437	0.0046	0.1141	0.4383	NA
LOC101928228	0.24	-7e-04	0.1199	0.7975	NA
LOC101928230	0.2605	9e-04	0.1202	0.7459	NA
LOC101928233	3.4542	-0.0026	0.1127	0.7133	NA
LOC101928236	42.7322	0.0072	0.1085	0.7397	0.9761
LOC101928238	8.4975	0.0137	0.1135	0.1835	0.868
LOC101928248	0.2289	-7e-04	0.1199	0.8029	NA
LOC101928255	2.3987	-0.0049	0.1144	0.4094	NA
LOC101928262	25.9663	0.002	0.1097	0.9072	0.9922
LOC101928268	1.5899	0.0065	0.1256	0.1599	NA
LOC101928269	0.2289	-7e-04	0.1199	0.8029	NA
LOC101928272	0.24	-7e-04	0.1199	0.7975	NA
LOC101928279	5.7176	-0.0012	0.1119	0.8911	0.9899
LOC101928281	166.5449	0.0391	0.1047	0.2581	0.89
LOC101928284	0.5218	0.0016	0.1212	0.5952	NA
LOC101928291	29.451	-0.001	0.1094	0.9589	0.9956
LOC101928292	0.9154	-0.0027	0.1208	0.4329	NA
LOC101928317	0.48	-0.0014	0.1207	0.6399	NA
LOC101928318	1.6966	-3e-04	0.1136	0.959	NA
LOC101928319	0.2342	-7e-04	0.1199	0.7986	NA
LOC101928323	10.0279	0.0151	0.1146	0.1287	0.8462
LOC101928331	0.2729	9e-04	0.1202	0.7407	NA
LOC101928344	5.923	0.0131	0.1203	0.0849	0.807
LOC101928352	3.0482	0.0024	0.1129	0.7184	NA
LOC101928355	2.6025	-0.0084	0.133	0.0928	NA
LOC101928356	10.3871	0.0098	0.1127	0.3126	0.9
LOC101928363	0.2313	-7e-04	0.1199	0.8009	NA
LOC101928373	0.2307	-7e-04	0.1199	0.8015	NA
LOC101928375	0.2729	9e-04	0.1202	0.7407	NA
LOC101928377	8.3686	-0.0046	0.1117	0.6698	0.9698
LOC101928381	3.682	0.0101	0.1179	0.1407	NA
LOC101928397	0.2421	-7e-04	0.1199	0.7952	NA
LOC101928402	1.2881	-0.0048	0.1219	0.2563	NA
LOC101928403	4.7164	-0.0013	0.1122	0.8708	0.9892
LOC101928408	1.8218	0.0042	0.1179	0.3532	NA
LOC101928414	0.2342	-7e-04	0.1199	0.8039	NA
LOC101928415	10.6279	0.0127	0.1129	0.2353	0.886
LOC101928422	0.2289	-7e-04	0.1199	0.8029	NA
LOC101928431	0.9457	-0.0033	0.1204	0.3738	NA
LOC101928433	10.1084	0.0051	0.1116	0.6509	0.9686
LOC101928445	3.83	0.006	0.1138	0.3799	NA
LOC101928448	2.2908	0.0013	0.1134	0.8152	NA
LOC101928451	82.3168	0.0114	0.1131	0.2474	0.8873
LOC101928464	95.0618	-0.0243	0.1064	0.4023	0.9185
LOC101928465	20.4009	0.0094	0.1109	0.5218	0.9416
LOC101928466	0.2132	8e-04	0.12	0.783	NA
LOC101928473	3.1286	0.0063	0.1141	0.3476	NA
LOC101928482	0.2605	9e-04	0.1202	0.7459	NA
LOC101928485	14.5314	0.0173	0.1128	0.1759	0.8611
LOC101928487	1.4574	-0.0011	0.1149	0.802	NA
LOC101928489	2.7843	0.0042	0.1141	0.4707	NA
LOC101928491	0.6867	-0.0019	0.1209	0.5405	NA
LOC101928498	55.9764	-0.0175	0.1082	0.4687	0.9289
LOC101928504	6.3618	-0.0051	0.1121	0.5855	0.9552
LOC101928505	2.8394	0.0053	0.1139	0.4156	NA
LOC101928513	0.48	-0.0014	0.1207	0.6399	NA
LOC101928514	0.5211	0.0016	0.1212	0.5955	NA
LOC101928524	24.2912	0.0152	0.1108	0.3652	0.9102
LOC101928527	143.0045	-0.0072	0.1034	0.825	0.9853
LOC101928529	4.0016	-6e-04	0.1124	0.9372	NA
LOC101928548	0.2371	-7e-04	0.1199	0.8006	NA
LOC101928552	0.2275	8e-04	0.12	0.777	NA
LOC101928560	0.7349	-7e-04	0.1174	0.8446	NA
LOC101928561	1.3206	0.0052	0.1232	0.2237	NA
LOC101928564	0.9776	1e-04	0.1159	0.974	NA
LOC101928569	0.48	-0.0014	0.1207	0.6399	NA
LOC101928574	5.577	0.0031	0.1121	0.7322	0.976
LOC101928588	14.8477	0.0288	0.1284	0.0165	0.6309
LOC101928589	101.5119	-0.0019	0.1209	0.5328	0.9439
LOC101928593	0.24	-7e-04	0.1199	0.7975	NA
LOC101928595	16.4446	-0.0156	0.112	0.2537	0.8892
LOC101928602	0.2605	9e-04	0.1202	0.7459	NA
LOC101928609	0.6466	-0.0021	0.12	0.5306	NA
LOC101928615	14.8998	-2e-04	0.1108	0.9909	0.9978
LOC101928621	6.3772	0.0086	0.1127	0.3516	0.9077
LOC101928624	1.2418	9e-04	0.1153	0.8201	NA
LOC101928632	1.459	-0.0014	0.1144	0.7667	NA
LOC101928635	2.7608	-0.0095	0.1243	0.1062	NA
LOC101928638	0.24	-7e-04	0.1199	0.7975	NA
LOC101928641	98.0144	0.008	0.1123	0.4204	0.9204
LOC101928645	4.4084	0.0042	0.1128	0.571	NA
LOC101928647	0.4578	-0.0013	0.1206	0.6493	NA
LOC101928657	201.2434	0.0172	0.1031	0.6103	0.9583
LOC101928658	0.7618	9e-04	0.1175	0.7786	NA
LOC101928659	2.66	-0.0053	0.1147	0.3707	NA
LOC101928660	10.3963	0.0142	0.113	0.2023	0.874
LOC101928665	1.6579	-0.004	0.1165	0.3992	NA
LOC101928667	3.8217	-0.0089	0.1167	0.1811	NA
LOC101928668	2.4085	0.0068	0.1195	0.2006	NA
LOC101928669	1.35	0.0037	0.1194	0.3598	NA
LOC101928673	1.2233	-5e-04	0.1147	0.9011	NA
LOC101928676	7.4377	0.0127	0.1141	0.1732	0.8611
LOC101928683	1.3157	0.0051	0.1231	0.2256	NA
LOC101928689	3.9073	0.0062	0.1138	0.3706	NA
LOC101928690	0.7866	0.0029	0.1207	0.4126	NA
LOC101928692	0.2735	0.001	0.1202	0.7401	NA
LOC101928705	1.0031	2e-04	0.1159	0.9513	NA
LOC101928706	5.1504	0.0112	0.1151	0.1675	0.8611
LOC101928707	31.5403	-0.0017	0.1092	0.9308	0.9937
LOC101928710	0.24	-7e-04	0.1199	0.7975	NA
LOC101928714	4.0599	8e-04	0.1125	0.9137	NA
LOC101928717	3.2709	0.003	0.113	0.6508	NA
LOC101928719	35.5217	2e-04	0.1092	0.9915	0.998
LOC101928725	16.6369	-0.002	0.1106	0.8934	0.99
LOC101928728	30.7583	0.021	0.1116	0.2222	0.8832
LOC101928738	3.7436	-0.0013	0.1127	0.8502	NA
LOC101928741	4.1131	0.0075	0.1138	0.3075	NA
LOC101928745	42.6204	-0.0172	0.1092	0.4274	0.9207
LOC101928756	0.24	-7e-04	0.1199	0.7975	NA
LOC101928762	12.4285	-0.0034	0.1111	0.7884	0.9834
LOC101928767	0.4578	-0.0013	0.1206	0.6493	NA
LOC101928768	21.5362	-0.0074	0.1104	0.6397	0.9658
LOC101928774	0.24	-7e-04	0.1199	0.7975	NA
LOC101928783	0.2387	-7e-04	0.1199	0.7989	NA
LOC101928793	11.4406	-0.003	0.1116	0.7859	0.9827
LOC101928794	3.3459	-0.0061	0.1138	0.3723	NA
LOC101928796	1.7308	-5e-04	0.1135	0.928	NA
LOC101928801	5.4393	0.009	0.1132	0.2991	0.8992
LOC101928806	3.648	-0.0052	0.1131	0.477	NA
LOC101928814	4.8023	-0.0093	0.1139	0.2519	0.8879
LOC101928819	6.8692	-0.005	0.1119	0.6156	0.959
LOC101928820	24.7124	0.0123	0.1106	0.4625	0.9265
LOC101928825	1.4118	-9e-04	0.1145	0.8388	NA
LOC101928829	2.7344	-0.0016	0.1132	0.7875	NA
LOC101928830	1.5969	0.0042	0.1171	0.3679	NA
LOC101928838	1.3983	0.003	0.1173	0.4626	NA
LOC101928841	2.3118	0.0023	0.1142	0.6441	NA
LOC101928845	1.2662	0.0011	0.1148	0.7945	NA
LOC101928852	19.4501	-0.0131	0.111	0.3996	0.9185
LOC101928853	4.1893	0.011	0.1196	0.1111	NA
LOC101928854	0.2613	9e-04	0.1202	0.7454	NA
LOC101928862	7.7401	9e-04	0.1116	0.9322	0.9939
LOC101928868	11.4993	9e-04	0.1111	0.9405	0.9946
LOC101928872	0.2605	9e-04	0.1202	0.7459	NA
LOC101928884	12.1268	0.0185	0.1147	0.1007	0.821
LOC101928886	0.2605	9e-04	0.1202	0.7459	NA
LOC101928891	1.8014	0.0029	0.1147	0.5587	NA
LOC101928892	0.7188	-6e-04	0.1175	0.8485	NA
LOC101928895	2.2678	0.0015	0.1131	0.8058	NA
LOC101928897	0.2612	9e-04	0.1202	0.7454	NA
LOC101928906	7.7484	-0.0091	0.1125	0.3583	0.9092
LOC101928913	1.1706	-0.0044	0.1212	0.2862	NA
LOC101928917	1.2641	9e-04	0.1153	0.8215	NA
LOC101928921	0.2729	9e-04	0.1202	0.7407	NA
LOC101928926	0.7524	9e-04	0.1175	0.7808	NA
LOC101928927	4.3376	0.0069	0.1133	0.3652	NA
LOC101928946	1.3027	0.0043	0.1229	0.2702	NA
LOC101928955	2.6108	-0.0071	0.1191	0.1963	NA
LOC101928958	0.5462	0.0016	0.1213	0.5864	NA
LOC101928963	4.7137	5e-04	0.1122	0.952	0.9956
LOC101928965	1.1892	-0.0018	0.1155	0.6661	NA
LOC101928967	0.7942	0.0029	0.1206	0.4163	NA
LOC101928976	1.0833	0.0017	0.1166	0.6559	NA
LOC101928991	0.8187	0.0025	0.1212	0.4479	NA
LOC101928993	1.0422	0.0033	0.1218	0.3532	NA
LOC101928998	1.3308	0.0053	0.1233	0.2164	NA
LOC101929004	2.4535	4e-04	0.1136	0.9435	NA
LOC101929005	2.875	-0.0038	0.1138	0.5212	NA
LOC101929017	2.659	-0.0016	0.1133	0.786	NA
LOC101929018	1.9087	-0.0025	0.1142	0.6327	NA
LOC101929027	21.0909	-0.0063	0.1103	0.6929	0.9715
LOC101929035	0.2737	0.001	0.1202	0.7399	NA
LOC101929038	0.2289	-7e-04	0.1199	0.8029	NA
LOC101929039	2.003	0.0019	0.1139	0.7177	NA
LOC101929040	0.2605	9e-04	0.1202	0.7459	NA
LOC101929042	3.7612	0.0028	0.1126	0.6969	NA
LOC101929046	8.2949	0.004	0.1117	0.7059	0.9724
LOC101929047	1.0725	-0.0023	0.1164	0.5772	NA
LOC101929051	3.0448	0.0024	0.1129	0.7185	NA
LOC101929054	7.3513	0.0048	0.1118	0.6394	0.9658
LOC101929057	1.2061	-0.0023	0.1159	0.5792	NA
LOC101929060	0.5214	0.0016	0.1212	0.5954	NA
LOC101929065	0.5126	1e-04	0.1191	0.965	NA
LOC101929070	0.2313	8e-04	0.12	0.7679	NA
LOC101929072	52.7104	-0.0191	0.1085	0.423	0.9204
LOC101929074	11.6974	-0.0044	0.1113	0.7194	0.9753
LOC101929078	0.7116	-0.002	0.1208	0.5287	NA
LOC101929097	0.4578	-0.0013	0.1206	0.6493	NA
LOC101929112	12.6151	-0.0055	0.1112	0.6633	0.969
LOC101929115	3.1808	0.0076	0.1164	0.2202	NA
LOC101929119	0.2289	-7e-04	0.1199	0.8029	NA
LOC101929125	2.7754	-0.011	0.1408	0.0541	NA
LOC101929132	1.9579	-0.0012	0.1138	0.8216	NA
LOC101929134	0.4578	-0.0013	0.1206	0.6493	NA
LOC101929140	3.4991	8e-04	0.1125	0.912	NA
LOC101929143	0.2379	-7e-04	0.1199	0.7998	NA
LOC101929145	3.82	-0.0087	0.1157	0.2059	NA
LOC101929149	0.8086	0.0029	0.1206	0.4092	NA
LOC101929155	0.24	-7e-04	0.1199	0.7975	NA
LOC101929160	0.2271	-7e-04	0.1199	0.8105	NA
LOC101929165	0.2605	9e-04	0.1202	0.7459	NA
LOC101929177	16.5111	1e-04	0.1107	0.995	0.9991
LOC101929178	0.2289	-7e-04	0.1199	0.8029	NA
LOC101929185	8.1299	0.0066	0.1119	0.5278	0.9418
LOC101929188	195.6396	0.0046	0.1022	0.895	0.9903
LOC101929200	4.1555	-0.0027	0.1128	0.6955	NA
LOC101929201	1.4688	-0.0015	0.1141	0.7614	NA
LOC101929204	1.501	3e-04	0.1142	0.9434	NA
LOC101929206	22.2318	0.0098	0.1106	0.5388	0.9451
LOC101929211	33.6368	0.002	0.1151	0.6504	0.9682
LOC101929220	5.9491	0.0091	0.1129	0.3128	0.9
LOC101929223	0.2321	-7e-04	0.1199	0.8062	NA
LOC101929240	10.944	-0.0035	0.1114	0.7624	0.9791
LOC101929243	16.1906	-0.0162	0.1118	0.2626	0.89
LOC101929248	0.48	-0.0014	0.1207	0.6399	NA
LOC101929264	110.001	0.0439	0.1128	0.0853	0.807
LOC101929270	5.8923	-0.0055	0.1122	0.5467	0.9485
LOC101929280	3.6515	0.0071	0.1148	0.2824	NA
LOC101929285	1.9489	5e-04	0.1136	0.9307	NA
LOC101929289	1.861	0.003	0.1148	0.5492	NA
LOC101929290	4.2731	0.0018	0.1123	0.8167	NA
LOC101929291	6.711	-9e-04	0.1118	0.9241	0.9934
LOC101929295	0.9752	-0.0014	0.1168	0.7024	NA
LOC101929304	29.7604	-0.006	0.157	0.085	0.807
LOC101929330	4.0796	0.0041	0.1127	0.5896	NA
LOC101929333	9.6716	0.0102	0.112	0.3716	0.9111
LOC101929336	0.9631	-0.0016	0.1162	0.685	NA
LOC101929340	5.5518	-0.004	0.1122	0.6496	0.9682
LOC101929343	5.5378	0.0029	0.1121	0.7434	0.9761
LOC101929346	1.502	0.0017	0.1151	0.7006	NA
LOC101929356	3.7192	0	0.1125	0.9992	NA
LOC101929371	0.7816	0.0024	0.1212	0.4647	NA
LOC101929374	66.1293	-0.0135	0.1079	0.5732	0.9544
LOC101929381	0.5024	-2e-04	0.1192	0.9461	NA
LOC101929385	0.9948	0.0016	0.1169	0.665	NA
LOC101929387	0.7499	9e-04	0.1176	0.7782	NA
LOC101929396	0.7624	0.0011	0.1168	0.7527	NA
LOC101929408	0.24	-7e-04	0.1199	0.7975	NA
LOC101929409	0.4897	1e-04	0.1193	0.9704	NA
LOC101929410	11.6303	0.0056	0.1113	0.6501	0.9682
LOC101929419	4.6151	9e-04	0.1124	0.905	0.9919
LOC101929426	16.1949	0.0098	0.111	0.5012	0.9357
LOC101929431	0.4897	1e-04	0.1193	0.9702	NA
LOC101929433	0.24	-7e-04	0.1199	0.7975	NA
LOC101929437	0.2289	-7e-04	0.1199	0.8029	NA
LOC101929442	1.9216	-0.0029	0.1144	0.5757	NA
LOC101929451	82.6455	-0.0154	0.1063	0.5798	0.9552
LOC101929457	5.4724	-6e-04	0.112	0.9495	0.9956
LOC101929463	0.2605	9e-04	0.1202	0.7459	NA
LOC101929469	3.4029	0.01	0.1254	0.094	NA
LOC101929479	204.297	0.0723	0.1175	0.0285	0.6924
LOC101929482	0.2609	9e-04	0.1202	0.7457	NA
LOC101929491	0.807	0.001	0.1172	0.7778	NA
LOC101929494	83.113	-0.0055	0.1059	0.8433	0.986
LOC101929500	3.9184	0.0102	0.1186	0.1329	NA
LOC101929511	0.4685	-0.0013	0.1206	0.6448	NA
LOC101929512	0.4578	-0.0013	0.1206	0.6493	NA
LOC101929513	2.5332	0.0024	0.1131	0.7018	NA
LOC101929521	3.8412	0.0025	0.113	0.7024	NA
LOC101929523	2.5168	6e-04	0.113	0.9196	NA
LOC101929530	0.4905	1e-04	0.1193	0.9709	NA
LOC101929533	7.4978	0.0154	0.1155	0.1083	0.8274
LOC101929536	4.1683	-0.0029	0.1126	0.6918	NA
LOC101929540	6.6688	0.0071	0.1125	0.432	0.9224
LOC101929545	5.1952	0.0103	0.1152	0.1813	0.8653
LOC101929548	1.9494	-0.0011	0.1137	0.8311	NA
LOC101929555	1.9203	-0.0029	0.1144	0.5756	NA
LOC101929558	0.5288	0.0016	0.1212	0.5916	NA
LOC101929560	9.1077	0.0105	0.1124	0.3277	0.9003
LOC101929566	3.2083	-0.003	0.1131	0.6416	NA
LOC101929571	9.9859	0.0021	0.1114	0.851	0.9872
LOC101929573	1.2327	-4e-04	0.1152	0.9166	NA
LOC101929574	2.4652	-0.0011	0.113	0.8575	NA
LOC101929578	0.2729	9e-04	0.1202	0.7407	NA
LOC101929580	2.4153	0.0109	0.1443	0.0512	NA
LOC101929583	0.6788	-0.0019	0.1212	0.5279	NA
LOC101929599	1.8255	0.0062	0.1268	0.1613	NA
LOC101929601	0.24	-7e-04	0.1199	0.7975	NA
LOC101929602	0.5173	2e-04	0.119	0.938	NA
LOC101929604	0.4627	-0.0013	0.1206	0.6464	NA
LOC101929609	0.7957	0.0029	0.1206	0.4152	NA
LOC101929610	1.0422	0.0033	0.1218	0.3532	NA
LOC101929615	2.7094	-0.0019	0.113	0.7608	NA
LOC101929619	0.2289	-7e-04	0.1199	0.8029	NA
LOC101929633	55.2685	-0.0176	0.1083	0.4627	0.9265
LOC101929634	0.2295	-7e-04	0.1199	0.8025	NA
LOC101929636	5.4729	0.001	0.1121	0.9045	0.9916
LOC101929638	0.5153	2e-04	0.1191	0.9484	NA
LOC101929641	13.8673	-0.0057	0.1111	0.6637	0.969
LOC101929643	2.1967	-0.0022	0.1133	0.7127	NA
LOC101929654	0.2729	9e-04	0.1202	0.7407	NA
LOC101929657	51.4636	-0.0147	0.1084	0.5243	0.9416
LOC101929661	0.5211	0.0016	0.1212	0.5955	NA
LOC101929668	29.1982	-0.0036	0.1096	0.8406	0.986
LOC101929670	1.0104	0.0018	0.1171	0.6332	NA
LOC101929683	0.5473	0.0016	0.1213	0.5859	NA
LOC101929687	0.9371	-0.0033	0.1203	0.3739	NA
LOC101929691	0.2647	9e-04	0.1202	0.7429	NA
LOC101929697	0.2605	9e-04	0.1202	0.7459	NA
LOC101929704	13.1818	-0.0026	0.1109	0.8442	0.986
LOC101929715	1.2351	-4e-04	0.1152	0.9153	NA
LOC101929719	0.2128	-7e-04	0.1198	0.8167	NA
LOC101929726	7.8957	-0.0112	0.1136	0.2183	0.8812
LOC101929728	2.73	-2e-04	0.1128	0.9725	NA
LOC101929732	2.156	-0.0061	0.12	0.2192	NA
LOC101929747	59.9289	0.0249	0.1087	0.3202	0.9
LOC101929748	0.5336	0.0017	0.1207	0.5725	NA
LOC101929751	11.2568	0.014	0.1123	0.2556	0.89
LOC101929758	46.6874	0.0087	0.1083	0.6952	0.9722
LOC101929759	0.261	9e-04	0.1202	0.7456	NA
LOC101929761	0.699	-0.0019	0.1208	0.5365	NA
LOC101929781	1.3106	0.0043	0.123	0.2678	NA
LOC101929786	59.2758	-0.0146	0.1086	0.5162	0.9411
LOC101929787	6.9089	-0.0048	0.112	0.6187	0.9593
LOC101929790	0.4996	1e-04	0.1192	0.963	NA
LOC101929792	90.7002	0.0333	0.1081	0.2407	0.886
LOC101929796	36.7279	0.0164	0.1097	0.4198	0.9204
LOC101929819	17.5859	0.0339	0.1209	0.0209	0.65
LOC101929824	6.2644	0.0079	0.1127	0.3746	0.9119
LOC101929837	3.7262	0.0067	0.1149	0.2966	NA
LOC101929844	2.2439	0.0012	0.1134	0.821	NA
LOC101929846	0.2306	-7e-04	0.1199	0.8015	NA
LOC101929901	2.1136	0.0059	0.1185	0.2449	NA
LOC101929918	1.1974	-2e-04	0.1153	0.9669	NA
LOC101929937	9.5796	-0.005	0.1116	0.6569	0.969
LOC101929946	0.4644	-0.0013	0.1206	0.6454	NA
LOC101929949	7.7002	-0.0022	0.1117	0.8249	0.9853
LOC101929950	79.8598	-0.0039	0.1061	0.8865	0.9899
LOC101929959	78.7774	0.0231	0.1075	0.3904	0.9162
LOC101929964	0.7014	-0.0023	0.12	0.4929	NA
LOC101929977	6.1919	-0.0015	0.1119	0.8707	0.9892
LOC101929986	63.6508	-0.0239	0.1083	0.3487	0.9067
LOC101930026	3.247	0.0015	0.1127	0.828	NA
LOC101930033	4.1595	-0.0031	0.1125	0.6853	NA
LOC101930053	0.8317	-0.0024	0.1207	0.4723	NA
LOC101930071	1.3393	0.0034	0.117	0.432	NA
LOC101930100	0.9735	0.003	0.1214	0.3863	NA
LOC101930129	0.7962	0.0029	0.1206	0.4148	NA
LOC101930137	1.2614	-5e-04	0.1152	0.9114	NA
LOC101930171	0.2608	9e-04	0.1202	0.7457	NA
LOC101930232	0.6851	-0.0022	0.12	0.5016	NA
LOC101930276	0.2289	-7e-04	0.1199	0.8029	NA
LOC101930307	26.6161	0.0398	0.1201	0.0195	0.6425
LOC101930370	10.5134	-0.0079	0.1116	0.5036	0.9369
LOC101930375	0.1551	-4e-04	0.1196	0.8826	NA
LOC101930434	0.2611	9e-04	0.1202	0.7455	NA
LOC101930452	0.8192	0.0025	0.1212	0.4476	NA
LOC101930531	0.2605	9e-04	0.1202	0.7459	NA
LOC101930567	4.8175	0.0028	0.1126	0.7056	0.9724
LOC102288414	1211.3717	-0.044	0.1004	0.2754	0.8937
LOC102467073	1.2654	0.0013	0.1144	0.78	NA
LOC102467147	1.7878	0.0028	0.1148	0.5721	NA
LOC102546226	0.5008	1e-04	0.1192	0.9715	NA
LOC102546294	0.24	-7e-04	0.1199	0.7975	NA
LOC102577426	0.48	-0.0014	0.1207	0.6399	NA
LOC102606465	47.783	-0.0217	0.1097	0.3218	0.9
LOC102659288	1.5876	0.0041	0.117	0.3755	NA
LOC102723306	1.5971	0.0042	0.1171	0.3673	NA
LOC102723309	1.3203	0.0027	0.1171	0.5065	NA
LOC102723316	1.0588	0.004	0.1216	0.303	NA
LOC102723317	1.0084	3e-04	0.1152	0.95	NA
LOC102723327	2.6415	-0.0017	0.113	0.7897	NA
LOC102723328	3.6944	0.0101	0.1179	0.1404	NA
LOC102723331	0.2364	-7e-04	0.1199	0.8014	NA
LOC102723335	0.2617	9e-04	0.1202	0.7451	NA
LOC102723337	2.7913	0.0016	0.1128	0.8034	NA
LOC102723338	0.7329	-6e-04	0.1174	0.8515	NA
LOC102723342	6.0607	0.0013	0.112	0.8818	0.9899
LOC102723353	1.8607	0.0078	0.1289	0.1157	NA
LOC102723354	3.259	-0.0044	0.1138	0.4772	NA
LOC102723356	0.7885	0.001	0.1174	0.7615	NA
LOC102723360	163.2377	-5.2002	0.5061	0	0
LOC102723361	1.657	0.0011	0.1137	0.8375	NA
LOC102723365	1.7871	0.0032	0.1144	0.5444	NA
LOC102723366	1.3027	0.0043	0.1229	0.2702	NA
LOC102723381	0.2605	9e-04	0.1202	0.7459	NA
LOC102723382	0.2605	9e-04	0.1202	0.7459	NA
LOC102723385	1.0531	0.0034	0.1218	0.3487	NA
LOC102723398	3.2642	0.0016	0.1127	0.8152	NA
LOC102723405	10.5417	7e-04	0.1113	0.9536	0.9956
LOC102723408	0.48	-0.0014	0.1207	0.6399	NA
LOC102723410	12.3595	-0.017	0.1129	0.1766	0.8611
LOC102723415	3.2777	0.0019	0.1126	0.783	NA
LOC102723421	0.2729	9e-04	0.1202	0.7407	NA
LOC102723422	6.1633	-0.0057	0.1123	0.5254	0.9416
LOC102723428	0.6922	-0.0023	0.12	0.5003	NA
LOC102723433	49.9058	0.0108	0.1082	0.6361	0.9656
LOC102723434	0.2289	-7e-04	0.1199	0.8029	NA
LOC102723437	2.9907	-0.001	0.1128	0.8775	NA
LOC102723450	0.2729	9e-04	0.1202	0.7407	NA
LOC102723451	9.3968	3e-04	0.1116	0.9761	0.9959
LOC102723457	0.8187	0.0025	0.1212	0.4479	NA
LOC102723461	0.2605	9e-04	0.1202	0.7459	NA
LOC102723465	47.619	0.0043	0.1085	0.8416	0.986
LOC102723471	24.2668	-0.0107	0.1104	0.5263	0.9416
LOC102723481	0.48	-0.0014	0.1207	0.6399	NA
LOC102723489	95.0441	0.0489	0.1121	0.0847	0.807
LOC102723501	1.8139	0.0049	0.1175	0.3138	NA
LOC102723506	0.5334	0.0017	0.1207	0.5726	NA
LOC102723510	0.2729	9e-04	0.1202	0.7407	NA
LOC102723520	7.4944	0.0017	0.1117	0.8674	0.9888
LOC102723521	601.752	-0.0487	0.0989	0.2508	0.8874
LOC102723534	1.0126	0.0018	0.1171	0.6291	NA
LOC102723535	2.5357	6e-04	0.1129	0.9197	NA
LOC102723539	6.3925	0.0162	0.1231	0.0531	0.7576
LOC102723542	48.535	0.0119	0.1084	0.5976	0.9572
LOC102723543	0.8217	0.0025	0.1212	0.4462	NA
LOC102723545	0.2679	9e-04	0.1202	0.7454	NA
LOC102723553	16.7003	-0.0129	0.1114	0.3682	0.9111
LOC102723554	137.0571	-0.0522	0.1094	0.1083	0.8274
LOC102723563	14.2369	0.0101	0.1115	0.4416	0.9232
LOC102723564	19.0398	0.0272	0.1141	0.0816	0.807
LOC102723566	1.2227	-6e-04	0.1147	0.8922	NA
LOC102723569	0.2605	9e-04	0.1202	0.7459	NA
LOC102723571	1.5392	0.002	0.1146	0.676	NA
LOC102723572	8.9775	-0.0098	0.1121	0.372	0.9111
LOC102723580	6.6143	0.0043	0.1121	0.6407	0.9658
LOC102723581	1.3229	0.0012	0.1153	0.7693	NA
LOC102723582	2.0479	0.0024	0.1135	0.6756	NA
LOC102723584	0.5216	0.0016	0.1212	0.5953	NA
LOC102723589	0.5458	0.0016	0.1213	0.5866	NA
LOC102723591	1.0074	4e-04	0.1148	0.9287	NA
LOC102723597	0.5466	0.0016	0.1213	0.5862	NA
LOC102723600	6.0725	0.0046	0.1121	0.6154	0.959
LOC102723602	183.552	-0.0581	0.1093	0.0905	0.8073
LOC102723603	10.0009	1e-04	0.1184	0.9817	0.9961
LOC102723610	0.5349	0.0017	0.1207	0.571	NA
LOC102723616	0.4995	1e-04	0.1192	0.9604	NA
LOC102723619	1.4913	5e-04	0.1138	0.9196	NA
LOC102723622	4.2497	2e-04	0.1123	0.9815	NA
LOC102723625	2.8575	-0.0059	0.1151	0.3245	NA
LOC102723647	0.24	-7e-04	0.1199	0.7975	NA
LOC102723648	1.2284	-4e-04	0.1152	0.9217	NA
LOC102723651	4.5484	0.0043	0.1125	0.592	NA
LOC102723652	7.0419	0.0016	0.1118	0.8696	0.9889
LOC102723659	0.9328	-0.0033	0.1202	0.3784	NA
LOC102723663	0.2275	-7e-04	0.1199	0.8101	NA
LOC102723665	18.6559	-3e-04	0.1106	0.9848	0.9967
LOC102723666	81.9802	-0.0093	0.1067	0.7226	0.9755
LOC102723671	0.496	2e-04	0.1193	0.9453	NA
LOC102723672	3.3848	0.0073	0.1144	0.2931	NA
LOC102723678	5.4422	0.0031	0.1125	0.687	0.9712
LOC102723679	0.2729	9e-04	0.1202	0.7407	NA
LOC102723682	3.2617	0	0.1126	0.9964	NA
LOC102723683	0.2605	9e-04	0.1202	0.7459	NA
LOC102723687	0.6867	-0.0019	0.1209	0.5405	NA
LOC102723694	0.7837	0.0024	0.1212	0.4636	NA
LOC102723697	0.489	1e-04	0.1193	0.9747	NA
LOC102723701	0.5339	0.0017	0.1207	0.5721	NA
LOC102723703	1.8139	0.0031	0.1147	0.5452	NA
LOC102723709	3.8789	-0.0086	0.1237	0.1239	NA
LOC102723716	1.0261	2e-04	0.1158	0.9495	NA
LOC102723722	13.5575	0.0111	0.1123	0.3217	0.9
LOC102723724	0.2298	-7e-04	0.1199	0.8082	NA
LOC102723726	60.5546	0.0119	0.1089	0.5776	0.9552
LOC102723728	704.048	-0.0188	0.1134	0.1358	0.8556
LOC102723733	0.4578	-0.0013	0.1206	0.6493	NA
LOC102723735	13.7994	0.0281	0.1293	0.0165	0.6309
LOC102723739	0.7001	-0.0019	0.1209	0.5322	NA
LOC102723743	4.8281	0.007	0.1137	0.3383	0.903
LOC102723744	0.2605	9e-04	0.1202	0.7459	NA
LOC102723750	0.5211	0.0016	0.1212	0.5955	NA
LOC102723755	7.9481	-0.0012	0.1116	0.9115	0.9928
LOC102723757	0.7361	-5e-04	0.1173	0.8697	NA
LOC102723758	0.2743	0.001	0.1202	0.7393	NA
LOC102723762	0.24	-7e-04	0.1199	0.7975	NA
LOC102723769	4.1667	-0.0032	0.1125	0.6805	NA
LOC102723773	344.3656	-0.023	0.1014	0.5344	0.9444
LOC102723775	9.4518	-0.011	0.1124	0.3073	0.8992
LOC102723777	0.2729	9e-04	0.1202	0.7407	NA
LOC102723779	20.2087	-0.0196	0.1121	0.2019	0.874
LOC102723794	13.8315	0.0065	0.1111	0.6268	0.9634
LOC102723798	0.5211	0.0016	0.1212	0.5955	NA
LOC102723799	12.5766	0.005	0.1436	0.1334	0.8498
LOC102723801	0.4748	-0.0014	0.1207	0.6394	NA
LOC102723804	69.2784	-0.0064	0.1068	0.8044	0.9839
LOC102723806	7.4473	-0.0017	0.1117	0.8722	0.9894
LOC102723809	0.5363	0.0017	0.1207	0.5695	NA
LOC102723811	1.7298	-5e-04	0.1135	0.9288	NA
LOC102723814	1.4956	4e-04	0.1142	0.9387	NA
LOC102723817	0.7737	0.0012	0.1167	0.7484	NA
LOC102723820	16.3696	0.0178	0.1121	0.2227	0.8832
LOC102723827	0.4717	-0.0014	0.1207	0.6435	NA
LOC102723843	1.4407	-0.0032	0.1162	0.4732	NA
LOC102723845	10.2747	-0.0053	0.1117	0.6217	0.961
LOC102723851	1.3318	0.0053	0.1233	0.216	NA
LOC102723854	29.7429	-0.0076	0.1095	0.6858	0.9712
LOC102723859	0.2605	9e-04	0.1202	0.7459	NA
LOC102723861	0.2729	9e-04	0.1202	0.7407	NA
LOC102723863	8.9797	-6e-04	0.1114	0.9564	0.9956
LOC102723864	13.6425	-0.0139	0.1119	0.2915	0.8984
LOC102723865	0.48	-0.0014	0.1207	0.6399	NA
LOC102723866	0.2289	-7e-04	0.1199	0.8029	NA
LOC102723867	0.9173	-0.0032	0.1203	0.3849	NA
LOC102723870	0.2729	9e-04	0.1202	0.7407	NA
LOC102723874	0.7939	0.0029	0.1206	0.4166	NA
LOC102723877	1.538	0.002	0.1146	0.6634	NA
LOC102723888	0.2729	9e-04	0.1202	0.7407	NA
LOC102723893	0.7525	9e-04	0.1175	0.7794	NA
LOC102723897	398.7285	0.0315	0.1001	0.4246	0.9204
LOC102723901	23.1794	-0.0011	0.1192	0.7126	0.9733
LOC102723902	26.1999	0.0158	0.1112	0.329	0.9004
LOC102723908	1.6798	-0.004	0.1167	0.395	NA
LOC102723919	15.2041	9e-04	0.1107	0.9468	0.9956
LOC102723926	5.2372	3e-04	0.112	0.9735	0.9959
LOC102723927	0.2729	9e-04	0.1202	0.7407	NA
LOC102723929	2.4296	-0.003	0.1134	0.6226	NA
LOC102723946	5.3198	0.0024	0.1123	0.7686	0.9791
LOC102723953	1.3077	0.0031	0.1166	0.4752	NA
LOC102723954	47.9699	0.0033	0.1079	0.8841	0.9899
LOC102723958	2.6274	0.0036	0.1141	0.522	NA
LOC102723963	0.2605	9e-04	0.1202	0.7459	NA
LOC102723965	1.5833	0.0013	0.1148	0.7619	NA
LOC102723974	3.7592	0.0017	0.1125	0.8184	NA
LOC102723980	4.9745	0.0033	0.1123	0.69	0.9712
LOC102723981	11.7037	0.0055	0.1114	0.6488	0.9682
LOC102723983	20.9327	-0.0093	0.1105	0.5659	0.9531
LOC102723988	1.4471	-0.0032	0.1162	0.4773	NA
LOC102723989	8.7831	-0.0094	0.1121	0.3919	0.9162
LOC102723990	74.6123	-0.0077	0.1068	0.7647	0.9791
LOC102723992	13.5929	0.0073	0.1112	0.5801	0.9552
LOC102723993	0.24	-7e-04	0.1199	0.7975	NA
LOC102723995	16.6218	-0.0018	0.1106	0.9	0.9908
LOC102723996	50.4607	0.0046	0.1086	0.827	0.9853
LOC102723998	1.3183	0.0032	0.1168	0.4565	NA
LOC102724002	294.4355	-0.006	0.1003	0.8742	0.9894
LOC102724003	0.24	-7e-04	0.1199	0.7975	NA
LOC102724005	0.5015	1e-04	0.1192	0.9665	NA
LOC102724006	2.5304	0.0024	0.1131	0.7007	NA
LOC102724010	0.24	-7e-04	0.1199	0.7975	NA
LOC102724015	0.7513	-7e-04	0.1173	0.8451	NA
LOC102724017	2.4283	-6e-04	0.113	0.9157	NA
LOC102724023	1014.8345	-0.0923	0.104	0.0428	0.7463
LOC102724026	0.6937	-0.0019	0.1209	0.5362	NA
LOC102724030	0.2729	9e-04	0.1202	0.7407	NA
LOC102724037	7.0142	0.0031	0.1118	0.7529	0.9783
LOC102724040	0.763	0.0011	0.1168	0.7548	NA
LOC102724043	2.8177	-0.0116	0.143	0.0479	NA
LOC102724049	1.5126	3e-04	0.1146	0.9412	NA
LOC102724061	15.7899	-0.0172	0.1122	0.2218	0.8832
LOC102724064	1.2559	-4e-04	0.1152	0.9186	NA
LOC102724065	0.5245	0.0016	0.1212	0.5938	NA
LOC102724075	2.1574	-0.0034	0.1144	0.5229	NA
LOC102724077	2.2626	-0.0035	0.1145	0.5091	NA
LOC102724084	0.2289	-7e-04	0.1199	0.8029	NA
LOC102724093	11.0507	-0.0063	0.1114	0.6027	0.9581
LOC102724097	0.4578	-0.0013	0.1206	0.6493	NA
LOC102724098	10.2203	-0.0078	0.1118	0.4849	0.9322
LOC102724103	1.6616	0.0056	0.1254	0.1895	NA
LOC102724105	0.7295	-7e-04	0.1167	0.8329	NA
LOC102724112	18.6943	-0.0208	0.1128	0.1536	0.8598
LOC102724117	9.8476	-0.0075	0.1123	0.4384	0.9227
LOC102724121	1.4995	4e-04	0.1138	0.9396	NA
LOC102724124	62.2628	-0.0364	0.1117	0.1273	0.8418
LOC102724126	1.4657	-0.0014	0.1141	0.7696	NA
LOC102724133	3.9812	-0.004	0.1138	0.5031	NA
LOC102724135	70.924	0.0341	0.111	0.1561	0.8598
LOC102724141	0.5217	0.0016	0.1212	0.5952	NA
LOC102724147	81.1543	0.0873	0.1355	0.0042	0.4591
LOC102724149	0.235	-7e-04	0.1199	0.798	NA
LOC102724153	1.0422	0.0033	0.1218	0.3532	NA
LOC102724155	0.7816	0.0024	0.1212	0.4647	NA
LOC102724159	839.465	0.0346	0.0976	0.4156	0.9204
LOC102724164	17.1487	-0.0117	0.1111	0.4264	0.9204
LOC102724169	1.9061	-0.0055	0.1178	0.2752	NA
LOC102724170	1.4981	3e-04	0.1142	0.9422	NA
LOC102724172	0.4485	-0.0013	0.1205	0.6586	NA
LOC102724177	1.3645	0.0045	0.1233	0.255	NA
LOC102724187	14.0245	0.0111	0.1118	0.3703	0.9111
LOC102724190	0.24	-7e-04	0.1199	0.7975	NA
LOC102724192	1.4687	-0.0015	0.1141	0.7616	NA
LOC102724197	0.48	-0.0014	0.1207	0.6399	NA
LOC102724200	257.3192	-0.0481	0.107	0.156	0.8598
LOC102724201	0.24	-7e-04	0.1199	0.7975	NA
LOC102724209	1.5336	4e-04	0.1146	0.9293	NA
LOC102724217	14.5571	-0.013	0.1117	0.3321	0.9014
LOC102724219	374.2577	0	0.1156	0.9899	0.9973
LOC102724220	9.5969	-0.0066	0.1116	0.5661	0.9531
LOC102724225	4.6101	0.0073	0.1134	0.3429	0.9042
LOC102724228	0.72	-0.002	0.1208	0.5235	NA
LOC102724229	1.6625	-0.0053	0.124	0.2108	NA
LOC102724230	0.2289	-7e-04	0.1199	0.8029	NA
LOC102724232	11.6962	-0.0046	0.1119	0.6428	0.9669
LOC102724233	0.2729	9e-04	0.1202	0.7407	NA
LOC102724235	40.675	-0.029	0.1111	0.1805	0.8633
LOC102724238	4.0366	0.001	0.1124	0.8956	NA
LOC102724248	4.09	0.0025	0.1125	0.737	NA
LOC102724249	22.0917	0.0363	0.1186	0.0258	0.6739
LOC102724250	561.6899	-0.0212	0.0969	0.618	0.9593
LOC102724252	6.2135	5e-04	0.1119	0.9586	0.9956
LOC102724254	1.298	0.0026	0.117	0.5176	NA
LOC102724255	0.6959	-0.0019	0.1209	0.5348	NA
LOC102724258	44.4736	0.0368	0.1154	0.0499	0.7518
LOC102724259	9.4108	-0.0026	0.1114	0.8172	0.985
LOC102724262	2.9513	0.002	0.1131	0.7474	NA
LOC102724272	0.7506	9e-04	0.1175	0.7802	NA
LOC102724273	4.8551	0.0035	0.1124	0.6635	0.969
LOC102724275	7.6058	-0.0038	0.1118	0.7058	0.9724
LOC102724285	9.5038	-0.0192	0.1156	0.0818	0.807
LOC102724286	0.7874	0.001	0.1174	0.765	NA
LOC102724296	4.322	-0.0074	0.1135	0.3316	NA
LOC102724299	0.4514	-0.0013	0.1205	0.6568	NA
LOC102724312	1.5784	0.0018	0.1151	0.6843	NA
LOC102724314	12.1027	0.0019	0.1111	0.878	0.9899
LOC102724316	3.5217	0.0011	0.1125	0.8802	NA
LOC102724329	0.2313	-7e-04	0.1199	0.8071	NA
LOC102724330	14.2266	-0.0099	0.1117	0.4212	0.9204
LOC102724334	0.2605	9e-04	0.1202	0.7459	NA
LOC102724335	4.1684	0.0089	0.1156	0.2044	NA
LOC102724336	5.6009	0.0162	0.1528	0.0244	0.6585
LOC102724342	26.6052	0.0331	0.1143	0.0688	0.7804
LOC102724345	8.1647	0.0113	0.1127	0.2756	0.8937
LOC102724351	0.7814	0.0023	0.1209	0.4804	NA
LOC102724354	0.2605	9e-04	0.1202	0.7459	NA
LOC102724356	12.6709	0.0017	0.1112	0.893	0.9899
LOC102724364	104.754	-0.0457	0.1113	0.1035	0.8247
LOC102724368	1.379	0.0048	0.1245	0.2319	NA
LOC102724369	3.7341	0.0174	0.1857	0.0152	NA
LOC102724371	0.7381	-7e-04	0.1174	0.8398	NA
LOC102724374	30.4714	-0.0032	0.1096	0.8589	0.9881
LOC102724378	3.0092	-7e-04	0.113	0.9036	NA
LOC102724382	1.0391	0.0018	0.117	0.6242	NA
LOC102724384	2.1255	-0.0056	0.1176	0.2772	NA
LOC102724385	0.5334	0.0017	0.1207	0.5726	NA
LOC102724387	4.6108	-0.0063	0.113	0.4184	0.9204
LOC102724391	2.2936	0.0033	0.1136	0.5822	NA
LOC102724394	1.3645	0.0045	0.1233	0.255	NA
LOC102724397	23.4071	-0.0012	0.1099	0.9445	0.9954
LOC102724398	0.4578	-0.0013	0.1206	0.6493	NA
LOC102724409	2.9439	0.0102	0.1425	0.0585	NA
LOC102724413	1.7025	-0.0017	0.1148	0.7058	NA
LOC102724426	12.4368	-0.0079	0.1115	0.5143	0.9406
LOC102724428	654.6766	0.0945	0.1091	0.0309	0.7094
LOC102724436	0.2729	9e-04	0.1202	0.7407	NA
LOC102724441	444.8902	-3e-04	0.1183	0.9318	0.9939
LOC102724445	129.9053	-0.0158	0.1055	0.5914	0.9562
LOC102724450	2.3645	-0.01	0.1372	0.0669	NA
LOC102724451	9.8092	-0.0085	0.1119	0.4483	0.9232
LOC102724455	27.3265	0.022	0.112	0.1894	0.8684
LOC102724457	1.2265	-5e-04	0.1147	0.8983	NA
LOC102724462	2.0135	0.0019	0.1139	0.7132	NA
LOC102724474	3.433	-0.0024	0.1128	0.7259	NA
LOC102724483	0.2289	-7e-04	0.1199	0.8029	NA
LOC102724488	8.0275	-0.0068	0.112	0.5075	0.9397
LOC102724490	0.5124	1e-04	0.1191	0.9656	NA
LOC102724493	0.237	-7e-04	0.1199	0.8008	NA
LOC102724499	19.2379	-0.001	0.1104	0.9486	0.9956
LOC102724504	2.5403	0.0023	0.1131	0.7048	NA
LOC102724507	0.7497	9e-04	0.1176	0.7787	NA
LOC102724508	0.24	-7e-04	0.1199	0.7975	NA
LOC102724516	141.3593	0.0323	0.1351	0.0106	0.5586
LOC102724517	5.1372	-0.0027	0.1123	0.7416	0.9761
LOC102724518	1.2142	-0.0024	0.1161	0.5697	NA
LOC102724528	32.6484	-0.0124	0.1096	0.5258	0.9416
LOC102724532	6.2473	-0.0044	0.1121	0.6305	0.964
LOC102724535	204.9478	-0.0086	0.1022	0.8039	0.9839
LOC102724537	1.0581	0.004	0.1216	0.3034	NA
LOC102724541	2.1618	-0.0037	0.1144	0.4989	NA
LOC102724545	3.6102	-0.0043	0.1129	0.5442	NA
LOC102724548	0.4603	-0.0013	0.1206	0.6514	NA
LOC102724549	10.1925	0.0188	0.1181	0.0615	0.7686
LOC102724550	0.2605	9e-04	0.1202	0.7459	NA
LOC102724552	0.5215	-1e-04	0.119	0.9765	NA
LOC102724554	70.8676	0.0352	0.1099	0.1793	0.8633
LOC102724559	3.8372	0.0075	0.1151	0.2608	NA
LOC102724560	1.3656	0.0045	0.1233	0.2547	NA
LOC102724562	4.3004	0.0035	0.1125	0.6549	NA
LOC102724569	0.2749	0.001	0.1202	0.7388	NA
LOC102724571	30.0006	-0.0352	0.1145	0.0637	0.7708
LOC102724578	0.72	-0.002	0.1208	0.5235	NA
LOC102724583	5.7283	-0.0027	0.1121	0.7623	0.9791
LOC102724584	0.261	9e-04	0.1202	0.7455	NA
LOC102724585	0.2289	-7e-04	0.1199	0.8029	NA
LOC102724593	2.0562	0.0022	0.1138	0.6812	NA
LOC102724594	182.1365	0.0412	0.1119	0.1069	0.826
LOC102724597	0.2625	9e-04	0.1202	0.7445	NA
LOC102724601	1.852	0.0076	0.1287	0.1189	NA
LOC102724607	4.9875	-5e-04	0.1121	0.9493	0.9956
LOC102724608	0.24	-7e-04	0.1199	0.7975	NA
LOC102724611	11.1745	0.0221	0.1158	0.0671	0.7786
LOC102724614	3.8504	0.0054	0.113	0.4746	NA
LOC102724620	1.6003	0.0066	0.1258	0.1569	NA
LOC102724621	9.4539	2e-04	0.1114	0.9824	0.9961
LOC102724641	11.1351	0.016	0.1147	0.1196	0.8309
LOC102724642	5.5313	0.0013	0.112	0.8829	0.9899
LOC102724645	0.5501	0.0016	0.1213	0.5845	NA
LOC102724655	0.2605	9e-04	0.1202	0.7459	NA
LOC102724660	3.3738	-0.002	0.113	0.7572	NA
LOC102724668	0.2339	-7e-04	0.1199	0.7988	NA
LOC102724672	0.2605	9e-04	0.1202	0.7459	NA
LOC102724681	11.094	-0.003	0.1114	0.7972	0.9839
LOC102724682	0.2605	9e-04	0.1202	0.7459	NA
LOC102724685	0.7769	0.001	0.1175	0.7657	NA
LOC102724689	12.1511	-0.0174	0.1138	0.1334	0.8498
LOC102724691	0.7844	0.0024	0.1212	0.4632	NA
LOC102724695	1.0103	2e-04	0.1158	0.9604	NA
LOC102724699	2.6615	-0.0051	0.1148	0.3781	NA
LOC102724708	2.5965	0.0044	0.1137	0.4843	NA
LOC102724709	0.7295	-7e-04	0.1167	0.8322	NA
LOC102724724	0.7833	0.0024	0.1212	0.4638	NA
LOC102724730	2.0436	0.0024	0.1135	0.6771	NA
LOC102724733	1.1981	-0.0024	0.1161	0.5685	NA
LOC102724737	0.2729	9e-04	0.1202	0.7407	NA
LOC102724748	5.2444	-0.0011	0.1121	0.8952	0.9903
LOC102724751	1.9282	-0.0029	0.1144	0.5747	NA
LOC102724752	20.3626	0.0201	0.1121	0.1989	0.8737
LOC102724757	3.2294	0.0032	0.1129	0.6462	NA
LOC102724765	0.2709	0.001	0.1202	0.7384	NA
LOC102724770	1560.8454	-0.0511	0.0971	0.2481	0.8873
LOC102724774	1.4389	-0.0032	0.1162	0.4723	NA
LOC102724781	0.999	1e-04	0.1159	0.9744	NA
LOC102724782	7.7716	-3e-04	0.1117	0.9777	0.9959
LOC102724783	0.2605	9e-04	0.1202	0.7459	NA
LOC102724788	7609.9347	-0.1575	0.1161	0.0035	0.4289
LOC102724791	17.7939	-0.0085	0.1107	0.575	0.9545
LOC102724792	2.6363	-0.0052	0.1149	0.3698	NA
LOC102724795	4.052	0.0027	0.1124	0.7265	NA
LOC102724800	0.7114	4e-04	0.1175	0.912	NA
LOC102724805	1.9155	-0.0027	0.1144	0.5873	NA
LOC102724806	0.5211	0.0016	0.1212	0.5955	NA
LOC102724810	0.2629	9e-04	0.1202	0.7443	NA
LOC102724812	0.2371	-7e-04	0.1199	0.7963	NA
LOC102724814	55.4351	0.0214	0.1086	0.377	0.9119
LOC102724827	0.5009	1e-04	0.1192	0.9733	NA
LOC102724828	0.5502	0.0016	0.1213	0.5845	NA
LOC102724833	18.3225	0.0046	0.1104	0.7632	0.9791
LOC102724843	313.9489	6e-04	0.1156	0.8871	0.9899
LOC102724851	12.601	0.0068	0.1113	0.5877	0.9552
LOC102724852	66.7614	-0.0147	0.1072	0.5703	0.9544
LOC102724860	0.7296	-7e-04	0.1167	0.8346	NA
LOC102724862	0.5458	0.0016	0.1213	0.5866	NA
LOC102724865	3.1708	-0.0036	0.113	0.597	NA
LOC102724867	0.4622	-0.0013	0.1206	0.6467	NA
LOC102724872	35.8335	0.006	0.1089	0.7688	0.9791
LOC102724873	30.9822	-9e-04	0.1093	0.962	0.9956
LOC102724880	2.4427	-0.0063	0.1183	0.2323	NA
LOC102724883	0.2366	-7e-04	0.1199	0.8012	NA
LOC102724884	35.9039	-0.0294	0.1121	0.1397	0.8585
LOC102724889	1.9736	5e-04	0.1136	0.9287	NA
LOC102724901	0.2605	9e-04	0.1202	0.7459	NA
LOC102724904	0.5458	0.0016	0.1213	0.5866	NA
LOC102724908	0.2395	-7e-04	0.1199	0.7981	NA
LOC102724911	5.3444	-0.0119	0.1153	0.1539	0.8598
LOC102724920	0.2605	9e-04	0.1202	0.7459	NA
LOC102724921	1.0477	0.0021	0.1164	0.5941	NA
LOC102724924	1.4015	-0.003	0.1161	0.4976	NA
LOC102724927	2.3129	0.0028	0.1139	0.6038	NA
LOC102724930	0.2601	-8e-04	0.12	0.7765	NA
LOC102724935	0.2356	-7e-04	0.1199	0.8023	NA
LOC102724942	10.3298	-0.0021	0.1114	0.8546	0.9877
LOC102724944	0.5231	0.0016	0.1212	0.5945	NA
LOC102724951	132.131	0.0021	0.1123	0.7915	0.9836
LOC102724965	3.4379	-0.0026	0.1128	0.7119	NA
LOC102724967	33.0322	-0.0316	0.113	0.1029	0.8247
LOC102724970	0.2289	-7e-04	0.1199	0.8029	NA
LOC102724975	0.4606	-0.0013	0.1206	0.6477	NA
LOC113230	24.2961	0.0014	0.1099	0.935	0.9943
LOC115110	10.2998	0.0136	0.1125	0.2434	0.886
LOC143666	28.7495	-8e-04	0.1095	0.966	0.9956
LOC145783	25.7957	-0.0278	0.1131	0.1084	0.8274
LOC146880	94.2113	-0.0039	0.1052	0.8935	0.99
LOC148413	278.5307	-0.0164	0.1003	0.667	0.9693
LOC148696	0.2605	9e-04	0.1202	0.7459	NA
LOC149134	1.9626	-0.0013	0.1134	0.8161	NA
LOC149351	0.7623	9e-04	0.1175	0.7781	NA
LOC150051	3.2792	0.0017	0.1126	0.8071	NA
LOC150776	216.6752	0.0629	0.1074	0.0914	0.8098
LOC151760	1.1952	-0.0024	0.1161	0.569	NA
LOC153684	21.3106	0.0179	0.1114	0.2717	0.8904
LOC154761	2.3693	0.0047	0.115	0.3928	NA
LOC155060	17.8863	0.0019	0.1107	0.8946	0.9903
LOC158960	22.8555	-0.0086	0.1102	0.6076	0.9581
LOC166994	4.8545	0.0079	0.1147	0.26	0.89
LOC201651	0.2289	-7e-04	0.1199	0.8029	NA
LOC202181	14.1283	0.0088	0.1113	0.507	0.9395
LOC220729	107.6644	0.0388	0.1077	0.2047	0.8747
LOC254896	192.1918	-0.0504	0.1062	0.1532	0.8598
LOC255187	0.2289	-7e-04	0.1199	0.8029	NA
LOC256880	2.5208	0.0022	0.1132	0.7211	NA
LOC257358	0.5337	0.0017	0.1207	0.5723	NA
LOC257396	55.2474	-0.0209	0.1086	0.3859	0.9161
LOC283028	0.24	-7e-04	0.1199	0.7975	NA
LOC283693	0.7502	9e-04	0.1176	0.7779	NA
LOC283788	225.1722	-0.0081	0.1025	0.813	0.985
LOC283887	0.7158	-0.002	0.1208	0.5261	NA
LOC283922	52.5171	0.0098	0.1088	0.6454	0.9672
LOC284009	0.5019	1e-04	0.1192	0.9599	NA
LOC284023	158.6397	-0.0163	0.1031	0.6297	0.964
LOC284379	0.5016	1e-04	0.1192	0.9659	NA
LOC284454	44.7753	0.0102	0.1087	0.6355	0.9654
LOC284561	0.2606	9e-04	0.1202	0.7458	NA
LOC284581	61.4458	-0.032	0.1102	0.1934	0.8684
LOC284600	0.7321	-6e-04	0.1174	0.8532	NA
LOC284837	6.2751	0.0022	0.1119	0.8178	0.985
LOC284865	21.9053	-0.0043	0.1103	0.7836	0.9817
LOC284889	83.4783	0.0058	0.1066	0.8258	0.9853
LOC285074	195.5184	0.0125	0.1021	0.7215	0.9753
LOC285095	0.24	-7e-04	0.1199	0.7975	NA
LOC285593	0.7211	-6e-04	0.1175	0.8458	NA
LOC285638	5.7725	0.0036	0.1121	0.6869	0.9712
LOC285819	2.6927	-0.0028	0.1141	0.6016	NA
LOC286189	0.5342	0.0017	0.1207	0.5718	NA
LOC286190	0.5006	1e-04	0.1192	0.9737	NA
LOC286367	2.2911	-2e-04	0.1137	0.961	NA
LOC286437	32.0773	0.0106	0.1102	0.5412	0.9465
LOC339192	8.4874	0.0028	0.1116	0.7932	0.9836
LOC339539	0.2729	9e-04	0.1202	0.7407	NA
LOC339593	0.5021	1e-04	0.1192	0.9649	NA
LOC340508	0.2289	-7e-04	0.1199	0.8029	NA
LOC344887	11.2705	1e-04	0.1112	0.9924	0.9982
LOC344967	0.2612	9e-04	0.1202	0.7454	NA
LOC374443	28.6954	0.0041	0.1096	0.8197	0.985
LOC388210	9.6968	-0.0019	0.1114	0.8666	0.9887
LOC388242	4.918	-0.0243	0.2409	0.0064	0.5102
LOC388282	0.2735	0.001	0.1202	0.7401	NA
LOC388436	4.8222	-0.0117	0.1198	0.1019	0.8228
LOC388499	0.9421	-0.0033	0.1204	0.3752	NA
LOC388692	100.1595	-0.0069	0.1052	0.8133	0.985
LOC388780	1.7854	0.0029	0.1146	0.5615	NA
LOC388849	0.1678	6e-04	0.1197	0.8269	NA
LOC388906	7.7396	-6e-04	0.1116	0.9528	0.9956
LOC389199	0.2615	9e-04	0.1202	0.7452	NA
LOC389602	0.4761	-0.0014	0.1207	0.6421	NA
LOC389607	1.3233	0.0031	0.1166	0.4718	NA
LOC389641	35.1527	-0.015	0.1098	0.4438	0.9232
LOC389765	24.0261	0.0061	0.11	0.7193	0.9753
LOC389831	250.3819	0.0188	0.1017	0.604	0.9581
LOC389834	247.8629	8e-04	0.1004	0.9823	0.9961
LOC389895	5.798	0.0038	0.1121	0.6768	0.9708
LOC389906	419.812	0.005	0.0985	0.9007	0.9908
LOC390937	4.7607	0.003	0.1124	0.6964	0.9722
LOC391722	0.72	-0.002	0.1208	0.5235	NA
LOC399815	0.5211	0.0016	0.1212	0.5955	NA
LOC399900	6.2963	0.0023	0.1119	0.8092	0.9842
LOC400043	4.2201	1e-04	0.1123	0.9932	NA
LOC400499	1.8093	0.0029	0.1147	0.556	NA
LOC400553	2.6283	0.0054	0.1155	0.3352	NA
LOC400743	0.4917	1e-04	0.1193	0.9745	NA
LOC400927	4.2325	0.0021	0.1124	0.786	NA
LOC401010	1.787	0.0014	0.1136	0.7995	NA
LOC401127	0.2377	-7e-04	0.1199	0.8	NA
LOC401320	21.4583	-4e-04	0.1101	0.978	0.9959
LOC401480	0.24	-7e-04	0.1199	0.7975	NA
LOC407835	6.6077	0.0044	0.1121	0.6368	0.9657
LOC439951	5.1	0.0046	0.1123	0.5887	0.9555
LOC439994	113.6331	0.0163	0.1051	0.5876	0.9552
LOC440157	7.6129	0.0057	0.1121	0.5599	0.9513
LOC440300	29.9194	0.0491	0.1243	0.0104	0.5579
LOC440311	2.6329	0.0062	0.1153	0.3032	NA
LOC440354	118.3939	0.0277	0.1064	0.354	0.908
LOC440386	12.078	0.0056	0.1112	0.6586	0.969
LOC440434	78.889	0.0315	0.1084	0.2506	0.8873
LOC440461	3.7106	-0.0017	0.1125	0.8174	NA
LOC440895	0.4578	-0.0013	0.1206	0.6493	NA
LOC440934	21.8442	-0.0032	0.11	0.8473	0.9866
LOC441081	5.0363	0.0151	0.1443	0.0314	0.7108
LOC441124	44.0089	0.0211	0.1103	0.2999	0.8992
LOC441155	5.9124	0.005	0.1123	0.5602	0.9514
LOC441242	4.9928	0.005	0.1125	0.5428	0.9465
LOC441454	1.9572	-0.0011	0.1138	0.8356	NA
LOC493754	170.8646	-0.0099	0.1024	0.7741	0.9802
LOC550643	575.8749	-0.0253	0.0993	0.5264	0.9416
LOC553103	4.2582	-0.011	0.1183	0.123	NA
LOC554206	1.7888	0.0032	0.1144	0.5426	NA
LOC554223	0.4578	-0.0013	0.1206	0.6493	NA
LOC595101	174.9689	0.0011	0.1023	0.9742	0.9959
LOC606724	0.5062	1e-04	0.1191	0.9684	NA
LOC613037	70.6376	0.0355	0.1114	0.1376	0.8585
LOC613038	7.4743	0.0068	0.1126	0.4374	0.9227
LOC641367	3.6499	0.0099	0.1262	0.0932	NA
LOC641515	0.7816	0.0024	0.1212	0.4647	NA
LOC641746	1.5514	0.0023	0.1143	0.641	NA
LOC642236	0.7216	-6e-04	0.1175	0.8462	NA
LOC642361	76.7776	0.0049	0.1063	0.8546	0.9877
LOC642423	12.288	0.799	2.209	0	0.0516
LOC642441	58.195	-0.0252	0.1097	0.2728	0.8918
LOC642648	2.1596	-0.004	0.1142	0.4831	NA
LOC642846	146.9709	0.0358	0.1051	0.2849	0.8966
LOC642852	371.5241	0.0408	0.1035	0.2626	0.89
LOC642934	527.048	-0.058	0.1007	0.1665	0.8611
LOC643072	37.3586	-0.009	0.109	0.6615	0.969
LOC643355	0.48	-0.0014	0.1207	0.6399	NA
LOC643387	0.2729	9e-04	0.1202	0.7407	NA
LOC643770	0.9749	-0.0014	0.1168	0.7027	NA
LOC643797	2.2682	-2e-04	0.1133	0.9654	NA
LOC644083	1.8689	-0.004	0.1173	0.3784	NA
LOC644172	7.1204	0.0223	0.1524	0.0141	0.6102
LOC644249	0.468	-0.0013	0.1206	0.6454	NA
LOC644554	14.2106	0.0122	0.1116	0.3658	0.9102
LOC644656	25.2149	0.0097	0.1101	0.5819	0.9552
LOC644662	4.8508	0.0069	0.1129	0.397	0.9182
LOC644794	31.8142	-0.0022	0.1093	0.9059	0.9922
LOC644961	12.994	0.0118	0.1119	0.3384	0.903
LOC645513	50.5087	0.0155	0.1084	0.507	0.9395
LOC645638	1.8326	0.0033	0.1145	0.5257	NA
LOC645769	1.2407	-5e-04	0.1147	0.9033	NA
LOC645967	12.077	-0.0075	0.1114	0.5516	0.9489
LOC646021	17.5876	-0.0073	0.1108	0.6155	0.959
LOC646127	2.0575	0.0036	0.1148	0.4864	NA
LOC646214	2.2127	-0.0022	0.1133	0.7124	NA
LOC646278	2.5733	0.0037	0.1139	0.5175	NA
LOC646471	66.2014	0.0704	0.1265	0.0089	0.54
LOC646626	1.4652	-0.0015	0.1141	0.7664	NA
LOC646652	8.7599	0.0175	0.1159	0.0878	0.8072
LOC646719	156.268	0.0027	0.1029	0.9351	0.9943
LOC646762	263.5291	0.051	0.1033	0.1851	0.8684
LOC646862	0.7854	0.0024	0.1212	0.4626	NA
LOC646903	30.3629	-0.0133	0.1099	0.4823	0.932
LOC646976	4.0941	0.0061	0.113	0.4259	NA
LOC647859	2.296	0.0034	0.1136	0.5703	NA
LOC648044	0.2605	9e-04	0.1202	0.7459	NA
LOC648691	0.2289	-7e-04	0.1199	0.8029	NA
LOC648987	84.8479	-0.0031	0.1059	0.9107	0.9928
LOC650226	0.2729	9e-04	0.1202	0.7407	NA
LOC652276	92.9278	0.036	0.1095	0.184	0.868
LOC653160	8.5152	-0.0085	0.1121	0.4242	0.9204
LOC653513	0.24	-7e-04	0.1199	0.7975	NA
LOC653653	1.5388	0.0023	0.1143	0.6424	NA
LOC653786	1.7723	0.0028	0.1147	0.567	NA
LOC654342	83.7661	-0.0241	0.1076	0.3716	0.9111
LOC727896	3.5105	8e-04	0.1125	0.9094	NA
LOC727978	2.5827	0.0043	0.1137	0.4912	NA
LOC728024	11.4102	-0.0033	0.1114	0.7804	0.9806
LOC728026	1.4654	-0.0013	0.1144	0.7846	NA
LOC728323	4.5792	0.006	0.1128	0.4524	NA
LOC728392	73.8702	-0.024	0.1083	0.3464	0.906
LOC728407	20.411	0.0216	0.1121	0.1828	0.8673
LOC728554	241.3992	-0.0623	0.1103	0.0733	0.7897
LOC728613	73.5845	-0.0122	0.1067	0.6458	0.9672
LOC728715	12.1512	-0.0013	0.1112	0.9157	0.9932
LOC728728	0.2306	-7e-04	0.1199	0.8015	NA
LOC728739	0.2289	-7e-04	0.1199	0.8029	NA
LOC728743	78.1307	0.0226	0.1079	0.3821	0.9138
LOC728752	19.0102	-0.0089	0.1106	0.5677	0.9535
LOC728769	44.7836	-0.0157	0.1088	0.4831	0.932
LOC728819	6.5641	0.0032	0.1119	0.7404	0.9761
LOC728975	46.5116	-0.0231	0.1099	0.2907	0.8983
LOC729040	2.6384	-0.005	0.1148	0.3879	NA
LOC729041	11.2749	2e-04	0.1112	0.9881	0.9972
LOC729083	0.7296	-7e-04	0.1167	0.8334	NA
LOC729162	397.0187	0.0328	0.0994	0.4153	0.9204
LOC729291	15.9942	0.0032	0.1107	0.8189	0.985
LOC729458	0.24	-7e-04	0.1199	0.7975	NA
LOC729603	14.2536	0.0124	0.1116	0.3618	0.9102
LOC729652	3.132	-0.0053	0.1136	0.4258	NA
LOC729683	32.5453	0.0075	0.1094	0.6977	0.9722
LOC729732	11.3554	-0.0056	0.1113	0.6494	0.9682
LOC729737	20.1845	0.0102	0.1106	0.5249	0.9416
LOC729770	0.4594	-0.0013	0.1206	0.6483	NA
LOC729870	2.5408	0.0024	0.1131	0.6986	NA
LOC729887	22.4758	-0.0101	0.1105	0.5345	0.9444
LOC729966	0.2362	-7e-04	0.1199	0.8017	NA
LOC730101	188.3187	-0.0161	0.1024	0.6436	0.9672
LOC730102	113.3397	-0.0363	0.1073	0.2344	0.886
LOC730183	8.8393	0.0029	0.1115	0.7933	0.9836
LOC730257	47.915	-0.0093	0.1089	0.6539	0.969
LOC730268	81.2434	0.0307	0.1087	0.2503	0.8873
LOC730338	1.797	0.0028	0.1146	0.5707	NA
LOC730668	1.5241	0.0022	0.1143	0.6537	NA
LOC731157	0.5211	0.0016	0.1212	0.5955	NA
LOC80154	392.0549	-0.0098	0.0986	0.8069	0.9839
LOC81691	109.3685	-0.0215	0.1059	0.4654	0.9277
LOC90246	19.6079	-0.0058	0.1105	0.7068	0.9724
LOC90784	385.736	0.0275	0.1001	0.4808	0.932
LOC90834	12.8801	0.0121	0.1121	0.3114	0.9
LOC91450	1.7093	-0.002	0.1144	0.682	NA
LOC92249	171.5866	-0.0361	0.1043	0.296	0.8992
LOC93622	236.2973	0.0017	0.1011	0.9633	0.9956
LOH12CR1	102.3568	0.0085	0.1056	0.7653	0.9791
LOH12CR2	6.3097	0.0023	0.1119	0.8081	0.9839
LONP1	3982.34	0.038	0.0916	0.4281	0.9207
LONP2	1808.4791	0.0574	0.0998	0.1783	0.8611
LONRF1	218.9658	0.0147	0.1017	0.681	0.971
LONRF2	11.6921	0.0231	0.1166	0.0557	0.7614
LONRF3	1.6858	-0.004	0.1165	0.3926	NA
LOX	93.7268	0.0249	0.1069	0.381	0.9133
LOXL1	33.5836	-0.0184	0.1103	0.3424	0.9041
LOXL1-AS1	30.1531	-0.0184	0.1108	0.3116	0.9
LOXL2	3438.1073	0.0718	0.0952	0.13	0.8492
LOXL3	132.103	-0.0257	0.1055	0.4072	0.9186
LOXL4	229.8835	0.0158	0.1014	0.6656	0.969
LPAL2	1.8461	0.005	0.1176	0.3047	NA
LPAR1	13.3597	0.0121	0.1116	0.3662	0.9102
LPAR2	305.5395	-0.007	0.0998	0.8552	0.9878
LPAR5	51.7911	0.0032	0.1078	0.8908	0.9899
LPAR6	0.2731	0.001	0.1202	0.7405	NA
LPCAT1	2933.422	0.011	0.0923	0.8148	0.985
LPCAT2	0.396	1e-04	0.1194	0.9704	NA
LPCAT3	782.4754	-0.0454	0.0968	0.3026	0.8992
LPCAT4	530.0232	-0.013	0.0986	0.7468	0.9761
LPGAT1	1863.8345	-0.0225	0.097	0.5959	0.9565
LPHN1	1326.604	0.0349	0.0961	0.4276	0.9207
LPHN2	6528.7048	0.0893	0.103	0.0497	0.7518
LPHN3	0.5211	0.0016	0.1212	0.5955	NA
LPIN1	160.6835	-0.0446	0.1071	0.1751	0.8611
LPIN2	1742.7635	0.0501	0.0987	0.2415	0.886
LPIN3	192.5028	0.0223	0.103	0.5174	0.9416
LPP	2807.9928	0.099	0.1103	0.0254	0.6739
LPP-AS2	52.5761	-0.0161	0.1084	0.4897	0.9324
LPPR1	1.5245	0.0021	0.1146	0.6628	NA
LPPR2	1492.4015	0.002	0.0936	0.9642	0.9956
LPPR3	123.0846	-0.0077	0.1042	0.8043	0.9839
LPPR5	0.4791	-0.0014	0.1207	0.6404	NA
LPXN	40.55	-0.031	0.1116	0.1523	0.8598
LRAT	0.2289	-7e-04	0.1199	0.8029	NA
LRBA	1369.1965	0.0457	0.102	0.24	0.886
LRCH1	487.3979	0.0344	0.1011	0.3711	0.9111
LRCH3	395.9506	0.0277	0.101	0.4644	0.9271
LRCH4	1270.2902	0.0588	0.0958	0.2008	0.874
LRFN1	157.4781	-0.0287	0.1042	0.3919	0.9162
LRFN3	638.8409	0.0025	0.0971	0.9526	0.9956
LRFN4	670.9632	0.0129	0.0962	0.7642	0.9791
LRG1	295.5	-0.0933	0.116	0.0217	0.65
LRGUK	0.4688	-0.0014	0.1206	0.6446	NA
LRIF1	373.5962	0.0127	0.0986	0.751	0.9774
LRIG1	1225.9487	0.1367	0.1223	0.0057	0.4962
LRIG2	203.1951	0.032	0.1034	0.362	0.9102
LRIG3	157.1951	0.0155	0.1049	0.6107	0.9584
LRIT2	5.7192	-0.0028	0.1121	0.7503	0.977
LRIT3	0.5464	0.0016	0.1213	0.5863	NA
LRMP	318.4834	-0.0254	0.1002	0.5124	0.9403
LRP1	4942.9447	0.1566	0.1576	0.0014	0.3032
LRP10	9267.1788	0.045	0.0911	0.3532	0.908
LRP11	2914.3951	0.0062	0.0918	0.8957	0.9903
LRP12	514.2892	0.0039	0.0997	0.9187	0.9932
LRP2	0.5743	0.002	0.1208	0.5299	NA
LRP2BP	25.6738	0.0065	0.1098	0.7144	0.974
LRP3	1418.0401	-0.0034	0.0948	0.9382	0.9946
LRP4	790.2579	0.0448	0.1014	0.2559	0.89
LRP4-AS1	4.0063	0.0034	0.113	0.6217	NA
LRP5	1662.6548	0.1125	0.1078	0.0187	0.6398
LRP5L	16.6759	-0.009	0.1109	0.5356	0.9444
LRP6	3243.5132	0.0998	0.1149	0.0198	0.6425
LRP8	606.0416	0.04	0.1002	0.3189	0.9
LRPAP1	4367.8094	0.0147	0.0918	0.7557	0.9788
LRPPRC	5052.9525	0.0519	0.0972	0.2406	0.886
LRR1	419.1384	-0.0586	0.1023	0.1501	0.8598
LRRC1	487.8941	0.0047	0.0971	0.9107	0.9928
LRRC10B	2.9009	-0.0059	0.1151	0.3273	NA
LRRC14	912.2136	0.0112	0.0944	0.8027	0.9839
LRRC15	1.2414	-7e-04	0.1143	0.8863	NA
LRRC16A	1358.0774	0.0438	0.0994	0.2896	0.8971
LRRC16B	4.2677	0.0033	0.1125	0.6723	NA
LRRC17	71.367	0.0124	0.107	0.6306	0.964
LRRC19	5.9236	-0.002	0.112	0.8235	0.9851
LRRC20	283.4536	-0.0402	0.1013	0.3007	0.8992
LRRC23	59.1592	-0.0244	0.1091	0.3097	0.8998
LRRC24	86.9079	-0.0262	0.1072	0.3498	0.9067
LRRC25	4.0947	-0.0069	0.1148	0.2937	NA
LRRC26	9.3474	-0.0056	0.1117	0.6093	0.9583
LRRC27	70.6228	-0.0042	0.1065	0.8743	0.9894
LRRC28	180.0075	-0.0665	0.1118	0.0567	0.7646
LRRC29	6.2871	-0.0031	0.112	0.7343	0.976
LRRC3	54.0306	-0.036	0.1114	0.1353	0.8555
LRRC31	22.8988	5e-04	0.1101	0.9754	0.9959
LRRC32	6.1464	0.0034	0.112	0.7151	0.9743
LRRC34	0.9105	-0.0032	0.1204	0.3833	NA
LRRC37A	82.516	0.0136	0.1063	0.6213	0.961
LRRC37A11P	0.7075	-0.0023	0.12	0.4897	NA
LRRC37A2	163.5156	0.0295	0.1046	0.3718	0.9111
LRRC37A3	119.9789	0.0516	0.1107	0.0951	0.8182
LRRC37A4P	210.3245	0.0426	0.1045	0.2309	0.8846
LRRC37A6P	8.595	0.0049	0.1118	0.643	0.967
LRRC37B	66.4478	0.0023	0.1067	0.929	0.9937
LRRC37BP1	320.4627	-0.0601	0.1037	0.1309	0.8492
LRRC38	9.5863	0.0167	0.1147	0.1136	0.8296
LRRC39	6.8014	-0.0133	0.1144	0.1558	0.8598
LRRC3DN	25.5338	-0.009	0.11	0.6082	0.9583
LRRC4	21.6828	-0.016	0.1112	0.3195	0.9
LRRC40	560.6861	-0.0251	0.097	0.5557	0.9507
LRRC41	4111.6707	-0.002	0.0911	0.9666	0.9956
LRRC42	1132.3305	-0.0072	0.0946	0.8725	0.9894
LRRC43	1.2097	-0.0024	0.116	0.575	NA
LRRC45	392.1438	-0.0106	0.0981	0.7942	0.9838
LRRC46	15.476	-0.0184	0.1124	0.1923	0.8684
LRRC47	2101.1811	0.0587	0.0938	0.215	0.8781
LRRC48	13.0567	0.0053	0.111	0.6909	0.9715
LRRC49	118.1555	-0.0068	0.1042	0.8257	0.9853
LRRC4B	2.7369	-3e-04	0.1129	0.9604	NA
LRRC56	46.5798	-0.0122	0.1084	0.588	0.9552
LRRC57	468.2076	-0.0026	0.0976	0.9489	0.9956
LRRC58	1273.4082	0.0431	0.0988	0.3034	0.8992
LRRC59	4021.7234	0.0275	0.0915	0.5635	0.952
LRRC6	13.7419	-0.0113	0.1117	0.3788	0.9124
LRRC61	1247.029	-0.0877	0.1019	0.0553	0.7614
LRRC66	4.3196	0.0023	0.1124	0.7709	NA
LRRC7	0.2489	9e-04	0.1201	0.7603	NA
LRRC70	5.0601	0.0045	0.1123	0.5975	0.9572
LRRC71	0.5468	0.0016	0.1213	0.5861	NA
LRRC73	85.8406	-0.0045	0.1065	0.8652	0.9887
LRRC8A	1801.4219	0.0572	0.0952	0.2162	0.8785
LRRC8B	377.4347	0.0011	0.0997	0.9779	0.9959
LRRC8C	531.1923	0.0135	0.0978	0.7438	0.9761
LRRC8D	2172.7309	-0.0028	0.0919	0.9531	0.9956
LRRC8E	438.7016	0.0325	0.0992	0.4235	0.9204
LRRCC1	333.0331	-0.0465	0.1023	0.2298	0.8839
LRRFIP1	5068.5039	0.0787	0.0994	0.0853	0.807
LRRFIP2	1141.5248	0.0298	0.094	0.515	0.9411
LRRIQ1	5.4836	-0.0069	0.1131	0.3846	0.9151
LRRIQ3	4.2549	-0.0011	0.1126	0.8747	NA
LRRK1	121.9235	0.0264	0.1059	0.3838	0.9151
LRRK2	0.6867	-0.0019	0.1209	0.5405	NA
LRRN2	0.9457	-0.0033	0.1204	0.3738	NA
LRRN4	1.0003	1e-04	0.1159	0.9682	NA
LRRN4CL	1.7732	0.0028	0.1147	0.5669	NA
LRRTM1	0.2605	9e-04	0.1202	0.7459	NA
LRRTM2	1.0796	0.0041	0.1216	0.2972	NA
LRSAM1	439.0737	-0.0144	0.098	0.7252	0.9755
LRTOMT	242.4753	-0.0414	0.1028	0.268	0.89
LRWD1	972.5252	0.0098	0.0954	0.823	0.9851
LSG1	1123.5252	0.0979	0.1068	0.0311	0.7094
LSM1	883.2278	-0.0649	0.0993	0.14	0.8585
LSM10	680.4084	-0.0426	0.1011	0.2797	0.8964
LSM11	108.8301	0.0218	0.1076	0.4071	0.9186
LSM12	1489.6576	-0.0236	0.0945	0.6007	0.9581
LSM14A	3713.4561	0.0625	0.0979	0.1622	0.8611
LSM14B	1111.1725	0.0323	0.0947	0.4748	0.9312
LSM2	1608.342	-0.0602	0.0992	0.166	0.8611
LSM3	1185.8724	-0.0761	0.103	0.078	0.8033
LSM4	4641.7993	-0.0422	0.096	0.3433	0.9047
LSM5	892.9007	-0.0527	0.0998	0.2103	0.8773
LSM6	340.9345	-0.0262	0.1011	0.4866	0.9323
LSM7	1309.3017	-0.0636	0.0998	0.1434	0.8598
LSM8	575.003	-0.0571	0.1004	0.175	0.8611
LSMEM1	20.5158	0.0025	0.1108	0.8563	0.988
LSMEM2	22.9408	-0.0017	0.1109	0.8983	0.9907
LSP1	6.8271	0.0032	0.1118	0.7426	0.9761
LSR	2022.1629	-0.0022	0.0934	0.9617	0.9956
LSS	1224.0947	-0.0331	0.0959	0.4527	0.9239
LST1	10.1182	-0.0097	0.1121	0.3818	0.9138
LTA	1.9694	-0.0013	0.1134	0.8125	NA
LTA4H	955.8321	-0.0288	0.0946	0.5228	0.9416
LTB	69.2015	-0.0405	0.1118	0.1102	0.8281
LTB4R	73.2118	0.0351	0.1093	0.1964	0.8719
LTB4R2	36.216	0.0235	0.1107	0.248	0.8873
LTBP1	1575.0499	0.0505	0.0968	0.2553	0.8895
LTBP2	360.9513	0.0502	0.1049	0.171	0.8611
LTBP3	3320.5635	0.0951	0.097	0.0518	0.7557
LTBP4	1655.3942	0.0387	0.0936	0.4045	0.9185
LTBR	4245.5974	0.0634	0.0936	0.1839	0.868
LTC4S	0.8078	0.0029	0.1206	0.4098	NA
LTF	0.24	-7e-04	0.1199	0.7975	NA
LTK	40.3983	-0.0114	0.1088	0.5942	0.9562
LTN1	366.1386	0.0351	0.1032	0.3282	0.9003
LTV1	1082.2332	-0.0398	0.0946	0.3832	0.9146
LUC7L	1128.5759	-0.0137	0.0941	0.7625	0.9791
LUC7L2	2223.8114	0.0685	0.0998	0.1204	0.8309
LUC7L3	1506.8752	-0.1228	0.108	0.0132	0.6042
LUCAT1	0.24	-7e-04	0.1199	0.7975	NA
LURAP1	31.2552	-0.0112	0.1099	0.5416	0.9465
LURAP1L	3.0014	-0.0046	0.114	0.4453	NA
LUZP1	1546.1207	0.0327	0.1008	0.3979	0.9182
LUZP6	1735.0944	0.0122	0.0931	0.7911	0.9836
LXN	15.4949	-0.011	0.1113	0.4317	0.9223
LY6D	16.9874	0.0036	0.1107	0.8033	0.9839
LY6E	1337.4984	-0.0404	0.0985	0.3353	0.9028
LY6G5B	63.156	0.0024	0.1074	0.9196	0.9932
LY6G5C	4.4541	-0.0022	0.1123	0.7874	NA
LY6G6C	12.1128	-0.0162	0.1127	0.1941	0.8697
LY6G6D	0.5177	2e-04	0.119	0.9357	NA
LY6H	0.2729	9e-04	0.1202	0.7407	NA
LY6K	6.9958	-0.0026	0.1118	0.7903	0.9836
LY75	0.7401	-7e-04	0.1174	0.8374	NA
LY75-CD302	1.4182	-0.0027	0.1167	0.5185	NA
LYAR	917.6792	-0.0163	0.0944	0.7161	0.9745
LYG1	19.88	-0.0033	0.1102	0.8369	0.9854
LYG2	1.0227	0.0021	0.1164	0.6006	NA
LYL1	116.413	7e-04	0.1059	0.9785	0.9959
LYN	907.0549	0.0235	0.0951	0.5968	0.9569
LYNX1	34.51	-0.0179	0.1101	0.3644	0.9102
LYPD1	50.0537	-0.0089	0.1086	0.6787	0.9708
LYPD2	2.8543	-0.0044	0.1135	0.4979	NA
LYPD3	25.458	-0.002	0.1098	0.9085	0.9924
LYPD5	4.481	-0.0063	0.1134	0.3888	NA
LYPD6	1399.1857	0.0202	0.0945	0.6537	0.969
LYPD6B	922.1539	-0.0776	0.1019	0.0787	0.8039
LYPLA1	2791.2135	-0.076	0.0945	0.1147	0.8296
LYPLA2	2143.549	-0.0256	0.0961	0.558	0.9508
LYRM1	477.7028	-0.1576	0.1456	0.0019	0.3547
LYRM2	1089.4292	-0.0461	0.0948	0.3141	0.9
LYRM4	491.5352	-0.0139	0.0999	0.7181	0.9751
LYRM5	226.9351	-0.1747	0.1888	4e-04	0.168
LYRM7	444.7399	-0.0351	0.1	0.3781	0.9119
LYRM9	26.3492	-0.014	0.1105	0.4235	0.9204
LYSMD1	164.7464	-0.0046	0.1028	0.8922	0.9899
LYSMD2	27.1722	-0.0208	0.1114	0.2362	0.886
LYSMD3	610.2773	-0.0173	0.097	0.6829	0.9712
LYSMD4	107.7982	0.0206	0.1053	0.4976	0.9351
LYST	141.9948	-0.0357	0.1055	0.2775	0.8948
LYZ	0.2729	9e-04	0.1202	0.7407	NA
LZIC	757.5305	-0.0135	0.0952	0.7595	0.9791
LZTFL1	223.1543	-0.0382	0.1027	0.3023	0.8992
LZTR1	831.6065	0.049	0.0972	0.2653	0.89
LZTS1	36.473	0.0123	0.1096	0.53	0.9428
LZTS2	2045.4897	0.0458	0.0936	0.3266	0.9003
LZTS3	122.6861	-0.0384	0.1075	0.2108	0.8773
M1AP	177.063	0.0111	0.1022	0.749	0.9769
M6PR	2372.2846	-0.035	0.0923	0.4588	0.9259
MAB21L2	0.6891	-0.0019	0.1209	0.539	NA
MAB21L3	27.3563	0.0113	0.1101	0.5251	0.9416
MACC1	1.8954	-0.0074	0.1271	0.1297	NA
MACF1	2308.5783	0.1316	0.1357	0.0041	0.4591
MACROD1	276.7452	-0.0474	0.104	0.2008	0.874
MACROD2	158.3334	-0.0337	0.105	0.3098	0.8998
MAD1L1	535.4879	0.0155	0.0982	0.7049	0.9724
MAD2L1	1572.9479	-0.0475	0.0941	0.307	0.8992
MAD2L1BP	437.9092	-0.015	0.0984	0.7108	0.9731
MAD2L2	947.0283	-0.0239	0.0988	0.5552	0.9504
MADCAM1	0.476	-0.0014	0.1207	0.6422	NA
MADD	1145.3363	0.0926	0.1064	0.0377	0.7463
MAEA	1894.7347	0.024	0.0928	0.6066	0.9581
MAF	67.0839	-0.009	0.1077	0.7055	0.9724
MAF1	1650.6899	-0.0039	0.0963	0.9266	0.9936
MAFA	37.9987	-0.009	0.1089	0.6654	0.969
MAFB	3.9456	-8e-04	0.1124	0.9158	NA
MAFF	344.6759	0.012	0.0994	0.7589	0.9791
MAFG	1794.1952	0.1276	0.1098	0.0107	0.5602
MAFG-AS1	188.6816	-0.0155	0.1023	0.6561	0.969
MAFIP	453.1238	-0.061	0.1012	0.146	0.8598
MAFK	844.2105	0.0855	0.101	0.0622	0.7689
MAG	12.388	-0.003	0.1113	0.8035	0.9839
MAGEA2B	10.0081	0.0022	0.1113	0.8546	0.9877
MAGEA8	0.2299	-7e-04	0.1199	0.8021	NA
MAGEB17	1.0264	0.0018	0.117	0.6301	NA
MAGEC1	0.2729	9e-04	0.1202	0.7407	NA
MAGEC3	1.7844	0.0029	0.1146	0.5582	NA
MAGED1	4523.3711	0.0331	0.0914	0.4885	0.9323
MAGED2	2467.6333	-0.0024	0.0924	0.959	0.9956
MAGED4	491.4859	2e-04	0.1156	0.9672	0.9956
MAGED4B	658.2445	0.002	0.1114	0.8649	0.9887
MAGEE1	177.6324	0.0121	0.1024	0.7252	0.9755
MAGEF1	1035.855	9e-04	0.0956	0.9826	0.9961
MAGI1	1046.9367	0.0622	0.1034	0.1236	0.8339
MAGI1-IT1	0.5005	1e-04	0.1192	0.973	NA
MAGI2	38.3261	-0.0132	0.1091	0.5295	0.9428
MAGI3	397.5626	0.0357	0.1035	0.3155	0.9
MAGIX	46.964	-0.0165	0.1092	0.4439	0.9232
MAGOH	697.3096	-0.043	0.0993	0.2991	0.8992
MAGOH2	0.5124	2e-04	0.1191	0.9547	NA
MAGOHB	306.141	-0.0414	0.1032	0.2608	0.89
MAGT1	2399.7392	0.008	0.092	0.8657	0.9887
MAK	11.1266	-0.0037	0.1116	0.735	0.976
MAK16	1144.6312	0.0333	0.0948	0.4603	0.9261
MAL	537.1451	-0.0382	0.1011	0.3263	0.9002
MAL2	127.0917	-0.0045	0.1038	0.8887	0.9899
MALAT1	1305.0811	0.1514	0.1647	0.0011	0.2735
MALL	613.2298	-0.0056	0.0971	0.8928	0.9899
MALSU1	1007.1592	-0.0688	0.1023	0.1046	0.825
MALT1	901.0602	0.1031	0.1089	0.024	0.6579
MAMDC2	139.133	-0.0141	0.1036	0.6656	0.969
MAMDC4	159.3373	-0.0108	0.1036	0.7393	0.9761
MAML1	1761.5817	0.0873	0.1024	0.0545	0.7614
MAML2	999.0618	0.0767	0.1091	0.0527	0.7568
MAML3	62.6092	1e-04	0.1072	0.9982	0.9994
MAMLD1	96.6585	-0.0088	0.1057	0.7567	0.9789
MAMSTR	64.6021	-0.0138	0.1072	0.5911	0.9562
MAN1A1	5.1361	-0.0028	0.1122	0.7356	0.976
MAN1A2	2031.458	0.0261	0.0995	0.5101	0.9397
MAN1B1	1894.6548	7e-04	0.0922	0.9881	0.9972
MAN1B1-AS1	24.551	-0.016	0.1107	0.3587	0.9093
MAN1C1	37.4816	-0.0078	0.1089	0.7068	0.9724
MAN2A1	833.4375	0.0343	0.0986	0.4067	0.9185
MAN2A2	1725.3408	0.103	0.1059	0.0274	0.6839
MAN2B1	2266.0368	0.0085	0.092	0.8571	0.988
MAN2B2	1203.1271	0.0489	0.0989	0.2492	0.8873
MAN2C1	959.3635	0.034	0.0948	0.4515	0.9232
MANBA	518.6935	-0.0345	0.0977	0.4149	0.9204
MANBAL	878.9734	0.027	0.0958	0.5379	0.9449
MANEA	387.7312	-0.0495	0.1036	0.1909	0.8684
MANEAL	1713.2546	-0.0182	0.0925	0.6965	0.9722
MANF	795.8198	-0.0462	0.0993	0.2687	0.8901
MANSC1	896.6841	-0.0288	0.0957	0.5128	0.9404
MAOA	111.3155	-0.0205	0.1058	0.4881	0.9323
MAOB	3.0327	0.0023	0.1129	0.733	NA
MAP1A	2587.5945	0.0276	0.1004	0.4748	0.9312
MAP1B	17.2996	0.0081	0.1108	0.5863	0.9552
MAP1LC3A	1.9723	-8e-04	0.1141	0.8703	NA
MAP1LC3B	1538.6167	-0.0189	0.0934	0.6814	0.9711
MAP1LC3B2	9.0979	0.0054	0.1116	0.6298	0.964
MAP1LC3C	10.0326	0.0011	0.1114	0.9222	0.9933
MAP1S	1265.976	0.0681	0.0961	0.1433	0.8598
MAP2	135.7859	0.0675	0.1151	0.0398	0.7463
MAP2K1	1860.0303	0.0731	0.0954	0.1229	0.832
MAP2K2	4547.169	-0.0117	0.0936	0.7972	0.9839
MAP2K3	1625.226	-0.0029	0.0936	0.9491	0.9956
MAP2K4	731.8311	-4e-04	0.0957	0.9934	0.9987
MAP2K4P1	0.2607	9e-04	0.1202	0.7458	NA
MAP2K5	184.9645	-0.0456	0.1056	0.1911	0.8684
MAP2K6	81.5019	-0.0301	0.1078	0.2827	0.8965
MAP2K7	1167.6337	0.0782	0.0982	0.0914	0.8097
MAP3K1	2184.375	0.0709	0.1009	0.1051	0.8257
MAP3K10	367.9106	-0.0089	0.0984	0.825	0.9853
MAP3K11	2228.4071	0.071	0.095	0.1348	0.853
MAP3K12	637.5426	0.0988	0.1082	0.0284	0.6924
MAP3K13	11.2081	0.0014	0.1112	0.9058	0.9922
MAP3K14	2014.1584	0.1088	0.1065	0.0221	0.65
MAP3K14-AS1	4.1843	0.007	0.1139	0.3276	NA
MAP3K15	152.2569	0.0089	0.1033	0.7865	0.9829
MAP3K2	824.0283	0.0054	0.0975	0.8955	0.9903
MAP3K3	827.619	0.0208	0.0968	0.6253	0.9627
MAP3K4	641.9092	0.033	0.0994	0.4137	0.9204
MAP3K5	332.8287	0.0166	0.102	0.6404	0.9658
MAP3K6	902.4936	0.0209	0.0948	0.6408	0.9658
MAP3K7	1175.748	-1e-04	0.0944	0.9975	0.9991
MAP3K7CL	13.452	-0.0125	0.1118	0.3376	0.903
MAP3K8	316.5988	-0.0551	0.1029	0.1636	0.8611
MAP3K9	1167.9262	0.0895	0.1136	0.0276	0.6844
MAP4	5115.9847	0.0655	0.0986	0.1418	0.8598
MAP4K1	8.6512	0.007	0.1118	0.5248	0.9416
MAP4K2	450	-0.0283	0.0982	0.4939	0.9337
MAP4K3	1659.7182	0.0807	0.1009	0.0742	0.7897
MAP4K4	3538.2036	0.0477	0.0983	0.2656	0.89
MAP4K5	1833.4181	0.022	0.0936	0.6307	0.964
MAP6	27.6081	-0.0274	0.1127	0.1248	0.8363
MAP6D1	147.2584	-0.019	0.1035	0.5671	0.9534
MAP7	169.0861	-0.0172	0.1033	0.607	0.9581
MAP7D1	1896.7709	0.0505	0.0934	0.2837	0.8965
MAP7D2	21.5753	-0.0218	0.1121	0.1842	0.868
MAP7D3	369.3958	0.0093	0.0986	0.8173	0.985
MAP9	391.3002	0.0102	0.0997	0.7912	0.9836
MAPK1	3452.553	0.0573	0.0996	0.1801	0.8633
MAPK10	32.8001	-0.0058	0.1091	0.7681	0.9791
MAPK11	335.8498	-0.0603	0.1036	0.1303	0.8492
MAPK12	433.0843	-0.0551	0.1022	0.1709	0.8611
MAPK13	40.5936	-0.008	0.1088	0.7018	0.9724
MAPK14	1521.7083	0.0851	0.1013	0.0622	0.7689
MAPK15	19.2621	-0.0363	0.121	0.0192	0.6411
MAPK1IP1L	2201.3421	0.0052	0.0928	0.9102	0.9927
MAPK3	762.5192	-0.0377	0.0964	0.3906	0.9162
MAPK6	1449.0493	0.0265	0.0945	0.5572	0.9508
MAPK7	667.4828	0.0317	0.0963	0.4676	0.9285
MAPK8	392.8337	0.0377	0.0997	0.3515	0.9077
MAPK8IP1	1474.1016	0.0531	0.0945	0.253	0.8882
MAPK8IP2	233.4133	-0.0618	0.108	0.0909	0.8081
MAPK8IP3	1032.6425	0.219	0.1839	3e-04	0.1603
MAPK9	1330.0405	-0.0534	0.0947	0.249	0.8873
MAPKAP1	2174.8555	0.0142	0.092	0.7621	0.9791
MAPKAPK2	2384.123	0.0178	0.092	0.7052	0.9724
MAPKAPK3	1501.2804	-0.0251	0.0935	0.5856	0.9552
MAPKAPK5	878.1486	-0.0054	0.0959	0.9009	0.9908
MAPKAPK5-AS1	159.838	0.0155	0.1029	0.6488	0.9682
MAPKBP1	610.8028	0.0615	0.0989	0.1612	0.8611
MAPRE1	3367.6148	0.0194	0.0914	0.6842	0.9712
MAPRE2	1239.8232	-0.0168	0.0947	0.7075	0.9725
MAPRE3	83.8695	-0.0065	0.1065	0.8066	0.9839
MAPT	25.7029	-7e-04	0.1098	0.9695	0.9956
MAPT-IT1	1.4789	-0.0012	0.1149	0.7801	NA
MARC1	35.7408	0.0044	0.1089	0.8275	0.9854
MARC2	93.8287	-0.0403	0.109	0.1688	0.8611
MARCH1	10.5798	0.0176	0.1143	0.1144	0.8296
MARCH2	232.9068	-0.0368	0.104	0.2954	0.8992
MARCH3	49.8347	-0.015	0.1087	0.505	0.9375
MARCH4	0.7393	-7e-04	0.1174	0.8382	NA
MARCH5	1472.1872	-0.0191	0.0932	0.6791	0.9708
MARCH6	2346.4525	0.1187	0.1098	0.0143	0.6102
MARCH7	1539.6709	0.0352	0.0942	0.4419	0.9232
MARCH8	390.2051	-0.003	0.0985	0.9412	0.9946
MARCH9	466.1078	-0.0558	0.1014	0.1743	0.8611
MARCKS	87.7033	-0.0174	0.1063	0.5368	0.9444
MARCKSL1	4017.0543	-0.0464	0.095	0.3094	0.8998
MARK1	25.3431	0.0028	0.1097	0.8743	0.9894
MARK2	1746.2658	0.0808	0.0971	0.0874	0.807
MARK2P9	1.0816	0.0041	0.1217	0.2962	NA
MARK3	1721.6555	0.0563	0.0943	0.2286	0.8832
MARK4	1157.4803	0.0465	0.095	0.3086	0.8998
MARS	3791.0727	0.1321	0.1059	0.0102	0.5561
MARS2	428.4205	0.0127	0.0993	0.7465	0.9761
MARVELD1	1180.4474	-0.0024	0.0935	0.9585	0.9956
MARVELD2	163.5042	0.0504	0.1106	0.1	0.821
MARVELD3	22.8501	3e-04	0.11	0.9846	0.9967
MASP1	0.5302	1e-04	0.1189	0.9698	NA
MASP2	9.792	0.0184	0.1148	0.0994	0.821
MAST1	65.6859	0.0207	0.108	0.4144	0.9204
MAST2	1359.4192	0.0562	0.0984	0.1978	0.8721
MAST3	361.8835	0.0453	0.1031	0.2291	0.8832
MAST4	300.3148	0.0435	0.1061	0.1986	0.8734
MASTL	616.2539	0.0084	0.0963	0.845	0.986
MAT2A	3665.0764	-0.0302	0.0913	0.5279	0.9418
MAT2B	1182.4852	-0.0395	0.0952	0.3812	0.9133
MATN1	0.5336	0.0017	0.1207	0.5725	NA
MATN1-AS1	2.8212	0.0057	0.1158	0.312	NA
MATN2	518.4499	0.0247	0.0992	0.5364	0.9444
MATN3	701.8231	-0.0243	0.0962	0.5748	0.9545
MATN4	0.2317	-7e-04	0.1199	0.8006	NA
MATR3	7448.9941	0.0058	0.0909	0.9031	0.9911
MAU2	1111.9845	0.229	0.174	3e-04	0.1553
MAVS	3546.8726	0.0394	0.0978	0.3555	0.9092
MAX	750.809	0.0013	0.0961	0.9757	0.9959
MAZ	6210.3968	-0.0307	0.0946	0.4975	0.9351
MB	0.8212	0.0025	0.1212	0.4465	NA
MB21D1	0.943	-0.0034	0.1203	0.3719	NA
MB21D2	315.8051	-0.0101	0.0992	0.7966	0.9839
MBD1	1440.4101	0.1119	0.1053	0.0208	0.6499
MBD2	1069.2403	-0.0529	0.097	0.235	0.886
MBD3	3913.0125	0.0138	0.0927	0.7659	0.9791
MBD4	454.8844	-0.0325	0.0991	0.4235	0.9204
MBD5	230.7	0.0236	0.1046	0.4618	0.9265
MBD6	1017.0544	0.0886	0.1	0.0582	0.7676
MBIP	392.2249	0.0099	0.0985	0.8054	0.9839
MBLAC1	20.3965	-0.0251	0.1131	0.1171	0.8296
MBLAC2	257.0805	-0.0034	0.1002	0.929	0.9937
MBNL1	1628.9664	0.0465	0.0942	0.3159	0.9
MBNL1-AS1	68.1563	0.0208	0.1076	0.4265	0.9204
MBNL2	880.5324	0.0128	0.0976	0.7573	0.9789
MBNL3	242.9251	0.0069	0.1057	0.8077	0.9839
MBOAT1	2254.6996	0.026	0.0923	0.5799	0.9552
MBOAT2	342.9458	-0.0113	0.1008	0.7598	0.9791
MBOAT4	2.2078	-0.0021	0.1134	0.7139	NA
MBOAT7	2642.8008	-0.0157	0.0935	0.7328	0.976
MBP	151.7555	0.025	0.1052	0.4234	0.9204
MBTD1	341.1394	0.0944	0.1155	0.0218	0.65
MBTPS1	3133.7953	0.0473	0.0945	0.3046	0.8992
MBTPS2	920.3131	0.0318	0.0963	0.4664	0.9278
MC1R	86.5217	-0.0297	0.1078	0.2868	0.8971
MCAM	612.971	0.0038	0.0967	0.9284	0.9937
MCAT	713.5028	0.0027	0.0967	0.9486	0.9956
MCC	17.2308	0.0051	0.1107	0.7271	0.9758
MCCC1	373.5412	-0.0651	0.1027	0.1165	0.8296
MCCC2	2027.7427	-0.0134	0.0931	0.7719	0.9796
MCEE	34.8715	-0.0311	0.1123	0.1267	0.8412
MCF2L	555.5621	0.0259	0.1013	0.488	0.9323
MCF2L-AS1	25.1732	-0.0061	0.1101	0.7137	0.9736
MCFD2	4754.0731	0.046	0.0942	0.3206	0.9
MCIDAS	130.5407	0.0503	0.1085	0.1261	0.841
MCL1	4809.4771	0.0348	0.0933	0.4533	0.9241
MCM10	1249.7823	0.0606	0.0977	0.1746	0.8611
MCM2	4289.0246	0.0514	0.0919	0.2858	0.8971
MCM3	4473.684	0.0466	0.0922	0.3294	0.9004
MCM3AP	2292.0255	0.0571	0.096	0.2103	0.8773
MCM3AP-AS1	16.423	0.0124	0.1114	0.3755	0.9119
MCM4	5967.0042	-0.0047	0.0908	0.9223	0.9933
MCM5	3086.8822	0.0181	0.092	0.7006	0.9724
MCM6	2627.9594	0.0159	0.0924	0.7333	0.976
MCM7	8192.145	-0.0041	0.0908	0.9322	0.9939
MCM8	758.7225	-0.0015	0.0976	0.9703	0.9959
MCM9	361.2939	0.0407	0.1036	0.2625	0.89
MCMBP	2280.9016	0.0449	0.093	0.3408	0.9036
MCMDC2	0.9918	3e-04	0.1153	0.9495	NA
MCOLN1	391.3706	-0.0355	0.1002	0.3715	0.9111
MCOLN3	1.8975	-0.0061	0.1257	0.1703	NA
MCPH1	366.8313	0.0304	0.0995	0.4479	0.9232
MCRS1	1588.4999	-0.0067	0.0953	0.8794	0.9899
MCTP1	2.5386	0.0041	0.1144	0.4673	NA
MCTP2	0.2967	0.001	0.1203	0.7192	NA
MCTS1	638.8899	-0.0408	0.0987	0.3296	0.9004
MCU	2365.2971	0.0697	0.0944	0.1439	0.8598
MCUR1	805.2511	-0.05	0.0993	0.2355	0.886
MDC1	2284.9514	0.1124	0.1124	0.0157	0.6309
MDFI	1.2233	-6e-04	0.1147	0.8924	NA
MDFIC	385.4617	-0.0495	0.104	0.1863	0.8684
MDGA1	16.5606	0.0234	0.1135	0.1104	0.8281
MDH1	2983.6567	-0.0885	0.102	0.0535	0.7578
MDH1B	21.0374	-0.0166	0.1113	0.3012	0.8992
MDH2	5695.5547	-0.0198	0.094	0.6636	0.969
MDK	19663.1281	-0.0334	0.0957	0.4512	0.9232
MDM1	161.9884	-0.0069	0.1027	0.8399	0.9859
MDM2	5249.7015	0.0525	0.0947	0.256	0.89
MDM4	792.2326	0.0891	0.106	0.0432	0.7463
MDN1	1084.6716	0.0966	0.1199	0.0159	0.6309
MDP1	95.6682	-0.0284	0.1089	0.2668	0.89
ME1	7.194	-0.0155	0.1156	0.107	0.826
ME2	1696.7252	-0.0073	0.0935	0.8737	0.9894
ME3	13.9432	0.0113	0.1114	0.4054	0.9185
MEA1	1572.1665	-0.0431	0.0974	0.3192	0.9
MEAF6	846.6662	-0.0227	0.0982	0.581	0.9552
MECOM	2641.7007	0.0453	0.0959	0.3127	0.9
MECP2	1080.8276	-0.0103	0.094	0.8194	0.985
MECR	351.5701	-0.0272	0.0996	0.4932	0.9335
MED1	1704.1404	0.06	0.1003	0.159	0.8611
MED10	351.8077	-0.0214	0.099	0.5932	0.9562
MED11	217.5269	-0.0949	0.1206	0.0156	0.6309
MED12	1058.4322	0.1105	0.1256	0.009	0.5417
MED12L	122.4668	0.0082	0.1062	0.762	0.9791
MED13	1543.3916	0.0558	0.1022	0.1656	0.8611
MED13L	1100.39	0.0711	0.1102	0.0573	0.7658
MED14	2068.2946	0.0722	0.1043	0.0831	0.807
MED15	1377.9946	0.0807	0.0972	0.0874	0.807
MED16	1364.4726	0.0105	0.0934	0.818	0.985
MED17	664.7589	0.1151	0.1137	0.0138	0.6102
MED18	443.3961	-0.0585	0.1014	0.1582	0.861
MED19	337.4412	-0.0375	0.102	0.3208	0.9
MED20	652.818	0.0145	0.0957	0.7398	0.9761
MED21	427.7594	-0.0287	0.0986	0.4829	0.932
MED22	1301.0869	0.0672	0.0961	0.1477	0.8598
MED23	719.8645	0.0481	0.1017	0.2243	0.8832
MED24	1546.7163	0.0309	0.0935	0.5037	0.9369
MED25	1746.806	0.0504	0.0945	0.2763	0.8937
MED26	354.7962	0.0492	0.1018	0.2147	0.8779
MED27	604.2292	0.0023	0.0965	0.9569	0.9956
MED28	776.3459	-0.008	0.0951	0.857	0.988
MED29	1243.096	0.0081	0.0936	0.8593	0.9881
MED30	169.7939	-0.0585	0.1107	0.0784	0.8038
MED31	202.2556	-0.03	0.106	0.332	0.9014
MED4	1319.419	-0.0429	0.0951	0.3444	0.9051
MED4-AS1	6.5017	-0.007	0.1123	0.4581	0.9255
MED6	592.5936	-0.0215	0.0968	0.6135	0.9588
MED7	142.559	-0.0377	0.106	0.2483	0.8873
MED8	766.0543	-0.0211	0.0955	0.6316	0.964
MED9	377.5446	0.0195	0.099	0.6245	0.9622
MEF2A	714.9862	0.02	0.099	0.6167	0.9592
MEF2B	25.8496	-4e-04	0.1185	0.8843	0.9899
MEF2BNB	434.6856	-0.0605	0.1016	0.146	0.8598
MEF2BNB-MEF2B	40.0163	-0.0066	0.11	0.6989	0.9723
MEF2C	334.5341	0.0253	0.1004	0.5113	0.9399
MEF2C-AS1	0.5366	-5e-04	0.1189	0.8673	NA
MEF2D	940.46	0.0926	0.102	0.0463	0.7463
MEFV	0.7738	0.0011	0.1167	0.7612	NA
MEGF11	9.2715	0.0012	0.1114	0.9155	0.9932
MEGF6	450.0412	0.0661	0.1031	0.11	0.8277
MEGF8	2525.1318	0.0853	0.1099	0.039	0.7463
MEGF9	1036.0174	0.0736	0.1057	0.0728	0.7886
MEIG1	0.4646	-0.0013	0.1206	0.6453	NA
MEIS1	70.3617	-0.0088	0.1067	0.7367	0.9761
MEIS1-AS2	0.2729	9e-04	0.1202	0.7407	NA
MEIS2	669.0648	0.0161	0.096	0.7109	0.9731
MEIS3	13.3903	-0.0106	0.1116	0.4092	0.9187
MEIS3P1	98.2662	0.0097	0.1052	0.7416	0.9761
MELK	1274.9271	0.0334	0.0943	0.4638	0.9269
MEMO1	1077.247	-0.0401	0.0965	0.3614	0.9102
MEN1	1080.6969	0.0134	0.0938	0.7676	0.9791
MEOX1	729.2711	-0.0241	0.0962	0.5789	0.9552
MEOX2	0.9899	-0.0014	0.1167	0.7057	NA
MEP1A	0.5017	1e-04	0.1192	0.9648	NA
MEP1B	0.9309	-0.0033	0.1203	0.3796	NA
MEPCE	1318.9495	-0.0242	0.0942	0.5944	0.9562
MERTK	523.9169	0.0287	0.0979	0.4924	0.9331
MESDC1	1123.8188	0.0448	0.0953	0.3227	0.9
MESDC2	1579.2846	-0.0419	0.0941	0.3641	0.9102
MESP1	22.884	0.0086	0.1102	0.6142	0.959
MESP2	0.2732	0.001	0.1202	0.7404	NA
MEST	55.8525	-0.0074	0.1076	0.7563	0.9789
MESTIT1	1.206	-0.0024	0.1161	0.5635	NA
MET	1382.1812	0.0735	0.0995	0.1023	0.8234
METAP1	1725.6246	-0.003	0.0926	0.9478	0.9956
METAP1D	51.7489	-0.0059	0.108	0.796	0.9839
METAP2	2861.5936	-0.0067	0.0917	0.8866	0.9899
METRN	485.771	-0.0275	0.1009	0.4693	0.9292
METRNL	101.8481	-0.0346	0.1095	0.1944	0.8697
METTL1	421.6538	-0.0242	0.0991	0.5465	0.9485
METTL10	180.5717	-0.0503	0.1079	0.1329	0.8498
METTL12	55.9203	0.0091	0.1082	0.688	0.9712
METTL13	1051.6305	0.0368	0.0954	0.4107	0.9191
METTL14	405.3557	0.0098	0.098	0.81	0.9845
METTL15	359.3255	-0.0097	0.0995	0.8021	0.9839
METTL16	1831.9216	0.065	0.0975	0.1512	0.8598
METTL17	650.1274	-0.0347	0.0984	0.4044	0.9185
METTL18	71.5538	-0.0073	0.1066	0.7802	0.9806
METTL20	44.9378	-0.0212	0.1097	0.3282	0.9003
METTL21A	462.4327	-0.0842	0.1062	0.0499	0.7518
METTL21B	117.7599	-0.0753	0.1188	0.0239	0.6573
METTL21C	0.5127	1e-04	0.1191	0.9626	NA
METTL22	159.7535	-0.0325	0.105	0.3232	0.9
METTL23	333.6757	-0.091	0.1131	0.0274	0.6839
METTL24	1.2501	-5e-04	0.1146	0.9058	NA
METTL25	98.804	-0.0194	0.1058	0.5087	0.9397
METTL2A	416.5289	-0.0019	0.0981	0.963	0.9956
METTL2B	476.6114	0.0298	0.099	0.4627	0.9265
METTL3	571.342	-0.0324	0.0992	0.4247	0.9204
METTL4	236.1557	-0.0441	0.103	0.24	0.886
METTL5	575.8373	-0.093	0.1078	0.0347	0.7295
METTL6	193.6275	-0.0084	0.1019	0.8129	0.985
METTL7A	221.3905	-0.0591	0.1059	0.1164	0.8296
METTL7B	144.4179	-0.0328	0.105	0.3201	0.9
METTL8	307.2098	-0.011	0.0995	0.7775	0.9806
METTL9	1788.3759	0.0029	0.0925	0.9507	0.9956
MEX3A	567.5947	0.05	0.1016	0.2114	0.8773
MEX3B	137.4308	0.0114	0.1039	0.7216	0.9753
MEX3C	1281.0608	0.0197	0.0951	0.6573	0.969
MEX3D	2223.463	0.0435	0.0943	0.3447	0.9054
MFAP1	1280.1869	0.0047	0.0933	0.9189	0.9932
MFAP2	1763.8391	-0.0354	0.0962	0.4211	0.9204
MFAP3	985.0322	0.002	0.0957	0.9638	0.9956
MFAP3L	738.9659	0.0179	0.1003	0.6395	0.9658
MFAP4	0.4604	-0.0013	0.1206	0.6478	NA
MFAP5	1175.1265	-0.0961	0.1018	0.0413	0.7463
MFF	743.7006	-0.0843	0.1028	0.0595	0.7686
MFGE8	4591.9545	-0.0209	0.0923	0.6553	0.969
MFHAS1	2622.8821	0.0814	0.1037	0.0628	0.7689
MFI2	35.4145	8e-04	0.1091	0.9682	0.9956
MFI2-AS1	18.6123	0.0071	0.1105	0.6454	0.9672
MFN1	958.6735	0.0272	0.0959	0.5354	0.9444
MFN2	3724.8813	0.0498	0.0945	0.2815	0.8964
MFNG	1.6811	-0.0019	0.1145	0.6833	NA
MFSD1	587.3938	-0.0479	0.0981	0.2658	0.89
MFSD10	1269.231	-0.0376	0.0965	0.391	0.9162
MFSD11	315.927	-0.0882	0.1137	0.0283	0.6907
MFSD12	1370.5971	-0.0351	0.0952	0.4331	0.9227
MFSD2A	127.1615	0.03	0.106	0.3326	0.9014
MFSD3	405.4814	-0.0706	0.11	0.0593	0.7686
MFSD4	12.9749	0.0026	0.111	0.8374	0.9854
MFSD5	729.4233	-0.0234	0.0982	0.5697	0.9544
MFSD6	952.435	0.0091	0.096	0.8334	0.9854
MFSD7	4.1427	0.0104	0.1184	0.1309	NA
MFSD8	362.8634	0.0288	0.1006	0.4547	0.9247
MFSD9	212.8695	0.0073	0.103	0.8274	0.9854
MGA	1047.1719	0.0571	0.1028	0.1533	0.8598
MGAM	0.48	-0.0014	0.1207	0.6399	NA
MGARP	1.4859	3e-04	0.1142	0.9509	NA
MGAT1	5085.0463	0.0579	0.0943	0.2168	0.8787
MGAT2	1863.3271	0.03	0.0927	0.5224	0.9416
MGAT3	6958.6519	0.089	0.0988	0.0605	0.7686
MGAT4A	473.542	-0.0359	0.0984	0.39	0.9162
MGAT4B	7097.5653	0.0203	0.0929	0.6621	0.969
MGAT5	1635.8012	0.0372	0.1002	0.3493	0.9067
MGAT5B	240.4717	0.0034	0.1013	0.9256	0.9934
MGC12916	1.5082	3e-04	0.1146	0.9377	NA
MGC15885	0.5464	0.0016	0.1213	0.5863	NA
MGC16025	0.7736	0.0011	0.1167	0.7526	NA
MGC16142	8.4299	-0.0014	0.1115	0.8989	0.9908
MGC16275	7.9886	1e-04	0.1116	0.9901	0.9974
MGC27345	180.4415	0.0063	0.1026	0.8536	0.9876
MGC39372	19.003	0.0125	0.1109	0.4221	0.9204
MGC45800	0.48	-0.0014	0.1207	0.6399	NA
MGC45922	0.2614	9e-04	0.1202	0.7453	NA
MGC50722	0.2605	9e-04	0.1202	0.7459	NA
MGC57346	195.5605	-0.0298	0.1028	0.4033	0.9185
MGC70870	123.775	0.0164	0.1046	0.599	0.9572
MGC72080	168.507	-0.0346	0.1065	0.2679	0.89
MGEA5	2207.3754	0.1444	0.1266	0.0042	0.4591
MGLL	241.6856	0.013	0.1014	0.7191	0.9753
MGME1	661.4275	-0.0494	0.0994	0.2391	0.886
MGMT	609.5771	-0.0461	0.1003	0.2582	0.89
MGP	283.0295	-0.0439	0.1032	0.2387	0.886
MGRN1	2435.5146	0.0641	0.0963	0.1636	0.8611
MGST1	424.8814	-0.0762	0.107	0.0617	0.7686
MGST2	833.3959	-0.1145	0.1166	0.0125	0.591
MGST3	570.7188	-0.067	0.1057	0.0907	0.8081
MIA	6.8037	-5e-04	0.1118	0.9556	0.9956
MIA2	0.7737	0.0011	0.1167	0.7528	NA
MIA3	621.3128	-0.0384	0.097	0.376	0.9119
MIAT	1.2084	-0.0024	0.1161	0.5621	NA
MIB1	1766.6725	0.0639	0.1022	0.1251	0.8369
MIB2	802.5544	-0.0146	0.0961	0.7356	0.976
MICA	536.7127	-0.0177	0.0976	0.6711	0.97
MICAL1	726.6851	0.0395	0.0964	0.3693	0.9111
MICAL2	2429.1223	0.0624	0.1014	0.1372	0.857
MICAL3	1757.1458	0.0576	0.1018	0.1594	0.8611
MICALCL	33.7161	0.0282	0.1117	0.1619	0.8611
MICALL1	5378.8622	0.0459	0.0931	0.3296	0.9004
MICALL2	106.4597	-0.0031	0.1048	0.9165	0.9932
MICB	1297.3651	-0.019	0.0939	0.6759	0.9708
MICU1	1575.4948	-0.0034	0.093	0.9405	0.9946
MICU2	885.8112	-0.0522	0.0964	0.2449	0.8873
MICU3	87.4988	0.0193	0.1063	0.4974	0.9351
MID1	1251.84	0.037	0.098	0.3809	0.9133
MID1-2	4.002	3e-04	0.1127	0.9634	NA
MID1IP1	359.1302	0.0203	0.0996	0.6046	0.9581
MID2	133.9207	-0.0056	0.1036	0.8624	0.9887
MIDN	2387.0211	0.1617	0.1233	0.0027	0.3923
MIEF1	2590.7212	0.0622	0.0963	0.1747	0.8611
MIEF2	347.6927	-0.0726	0.1055	0.0759	0.7986
MIEN1	729.6983	-0.1354	0.1323	0.0043	0.4591
MIER1	1262.7409	-0.0252	0.0939	0.5815	0.9552
MIER2	515.3944	0.0178	0.0973	0.6707	0.9698
MIER3	843.2569	0.0137	0.0969	0.7466	0.9761
MIF	7486.4025	-0.0383	0.0973	0.3727	0.9118
MIF4GD	270.0044	-0.0367	0.1024	0.3222	0.9
MIIP	479.864	0.0177	0.0998	0.6479	0.9679
MINA	810.3089	0.0402	0.0963	0.362	0.9102
MINK1	2537.2964	0.0541	0.0977	0.2187	0.8812
MINOS1	1738.8232	-0.0913	0.107	0.038	0.7463
MINOS1-NBL1	5.184	-0.0038	0.1319	0.2314	0.8851
MINOS1P1	0.2297	-7e-04	0.1199	0.8023	NA
MINPP1	659.7409	-0.0106	0.0957	0.8087	0.9839
MIOS	339.9069	-0.0214	0.1005	0.5731	0.9544
MIOX	0.765	0.001	0.1167	0.7781	NA
MIP	1.2173	-0.0024	0.1161	0.5679	NA
MIPEP	413.3862	-0.0584	0.101	0.1623	0.8611
MIPEPP3	30.1606	-0.0077	0.1095	0.682	0.9712
MIPOL1	109.6327	-0.0241	0.107	0.3881	0.9162
MIR137HG	1.7384	-5e-04	0.1135	0.9216	NA
MIR143HG	5.7657	0.0024	0.112	0.785	0.9822
MIR155HG	0.9407	-0.0033	0.1204	0.3759	NA
MIR17HG	43.6025	-0.024	0.111	0.2287	0.8832
MIR181A2HG	3.859	-0.006	0.1132	0.4239	NA
MIR210HG	44.9037	-0.0147	0.109	0.4949	0.9344
MIR22HG	235.9977	-0.0468	0.1038	0.2079	0.8771
MIR3648	0.7681	0.001	0.1175	0.7579	NA
MIR4435-1HG	333.5888	-0.0406	0.1008	0.3044	0.8992
MIR4458HG	50.5337	-0.001	0.1077	0.9646	0.9956
MIR497HG	2.1353	-0.0055	0.1175	0.2801	NA
MIR503HG	0.4998	1e-04	0.1192	0.9656	NA
MIR600HG	135.8949	0.0019	0.1045	0.9507	0.9956
MIR6723	0.9617	2e-04	0.116	0.9591	NA
MIRLET7BHG	48.7345	0.0472	0.1155	0.0473	0.7463
MIRLET7DHG	3.2752	0.004	0.1136	0.5156	NA
MIS12	266.5562	-0.0191	0.1005	0.6155	0.959
MIS18A	629.7369	-0.0661	0.1008	0.1248	0.8363
MIS18BP1	361.1185	0.0147	0.101	0.6901	0.9712
MISP	1262.1391	0.1157	0.106	0.0179	0.6362
MITD1	100.63	-0.3312	0.4669	0	0.0206
MITF	922.3863	0.0171	0.0962	0.6921	0.9715
MIXL1	9.2653	0.0028	0.1115	0.8035	0.9839
MKI67	5119.6284	0.0526	0.1006	0.2023	0.874
MKKS	1099.1399	-0.061	0.0983	0.1678	0.8611
MKL1	1835.6863	0.0955	0.0995	0.0462	0.7463
MKL2	670.2906	0.0643	0.1055	0.1007	0.821
MKLN1	1354.4571	0.0395	0.0964	0.3702	0.9111
MKLN1-AS	28.559	-0.0083	0.1104	0.6053	0.9581
MKNK1	381.1325	-0.0068	0.0985	0.8655	0.9887
MKNK1-AS1	3.5727	0.0061	0.1148	0.3242	NA
MKNK2	4667.013	-0.0047	0.0909	0.922	0.9933
MKRN1	1429.6987	0.0196	0.093	0.6721	0.9707
MKRN2	789.6397	0.0376	0.0958	0.3977	0.9182
MKRN9P	0.24	-7e-04	0.1199	0.7975	NA
MKS1	137.4884	0.0024	0.1034	0.9406	0.9946
MLANA	2.329	-0.0043	0.1146	0.4401	NA
MLC1	0.4578	-0.0013	0.1206	0.6493	NA
MLEC	8646.4267	0.0242	0.0944	0.5922	0.9562
MLF2	6232.3284	-0.139	0.1177	0.0061	0.4993
MLH3	372.615	-0.0521	0.1028	0.1835	0.868
MLKL	123.5337	-0.0062	0.1042	0.8415	0.986
MLLT1	2407.8771	0.0678	0.0961	0.1449	0.8598
MLLT10	494.3943	0.0054	0.0975	0.8965	0.9906
MLLT10P1	0.7636	0.0011	0.1167	0.7577	NA
MLLT11	138.8105	-0.0613	0.1109	0.0708	0.7825
MLLT3	386.2251	-0.0188	0.099	0.638	0.9658
MLLT4	2498.8978	0.0834	0.1086	0.0444	0.7463
MLLT4-AS1	5.7965	0.0035	0.1121	0.6938	0.9719
MLLT6	1296.861	0.0086	0.0977	0.8352	0.9854
MLNR	3.0441	0.0049	0.1143	0.4122	NA
MLST8	1586.638	-0.0215	0.0949	0.6299	0.964
MLX	939.0239	-0.021	0.0947	0.6388	0.9658
MLXIP	1461.0299	0.0936	0.1193	0.0174	0.6309
MLXIPL	15.9439	-0.0132	0.1116	0.3401	0.9034
MLYCD	289.874	0.003	0.0998	0.9378	0.9946
MMAA	76.7979	-0.0221	0.1072	0.4171	0.9204
MMAB	258.7332	-0.0951	0.1219	0.0142	0.6102
MMACHC	280.218	0.0268	0.1012	0.4749	0.9312
MMADHC	2268.8051	-0.0269	0.0935	0.559	0.9508
MMD	292.4133	-0.0374	0.1009	0.3383	0.903
MME	76.9306	-0.0309	0.1083	0.2612	0.89
MMEL1	291.4357	-0.0109	0.1035	0.7381	0.9761
MMGT1	722.1551	-0.0038	0.0953	0.9314	0.9937
MMP1	0.2427	-8e-04	0.1199	0.7902	NA
MMP11	206.4521	0.0338	0.1029	0.3492	0.9067
MMP14	7394.7713	0.0924	0.097	0.0571	0.7658
MMP15	1638.7329	0.0476	0.0941	0.306	0.8992
MMP16	246.5349	0.0348	0.1064	0.2671	0.89
MMP17	3.929	-0.0024	0.1125	0.7471	NA
MMP19	30.855	-0.0119	0.1097	0.5349	0.9444
MMP2	10.0369	0.0063	0.1116	0.5873	0.9552
MMP23A	1.6024	-0.0051	0.1237	0.2214	NA
MMP23B	29.3608	-9e-04	0.1098	0.9606	0.9956
MMP24	3250.6025	0.1015	0.0994	0.0373	0.7463
MMP24-AS1	835.6425	-0.0394	0.1003	0.3251	0.9001
MMP25	2.1407	-0.0035	0.1146	0.5106	NA
MMP28	1055.4297	4e-04	0.0942	0.9931	0.9987
MMP7	7.6084	-0.0056	0.1119	0.5871	0.9552
MMP9	1.0555	0.004	0.1215	0.3048	NA
MMRN1	0.2605	9e-04	0.1202	0.7459	NA
MMRN2	839.27	0.0421	0.0969	0.3352	0.9028
MMS19	1195.9728	0.0095	0.0938	0.8346	0.9854
MMS22L	754.8261	0.0322	0.1007	0.4057	0.9185
MN1	22.5429	0.0029	0.11	0.8629	0.9887
MNAT1	495.0293	-0.0706	0.1025	0.0973	0.821
MND1	274.6364	-0.0566	0.1046	0.1393	0.8585
MNS1	42.4662	-0.028	0.1107	0.2046	0.8747
MNT	447.6787	0.0385	0.0994	0.3469	0.9066
MNX1	352.2646	-0.0052	0.0998	0.8922	0.9899
MNX1-AS1	21.6263	-0.0118	0.1106	0.4691	0.9289
MOAP1	1156.5768	-0.0073	0.0946	0.8702	0.989
MOB1A	908.1706	0.0512	0.0985	0.2344	0.886
MOB1B	722.6514	0.0102	0.0971	0.8085	0.9839
MOB2	273.7065	-0.038	0.1022	0.3128	0.9
MOB3A	803.5573	0.009	0.0954	0.838	0.9854
MOB3B	953.8574	0.0147	0.0952	0.7391	0.9761
MOB3C	106.7392	-0.0066	0.1051	0.8212	0.9851
MOB4	1013.2654	-0.0556	0.0966	0.2167	0.8785
MOBP	0.6079	0.0021	0.1207	0.5159	NA
MOCOS	246.111	-0.0251	0.1017	0.4936	0.9337
MOCS1	181.6682	0.0031	0.1024	0.9279	0.9937
MOCS2	489.3529	-0.0901	0.1106	0.0325	0.7128
MOCS3	337.2975	0.0155	0.099	0.6966	0.9722
MOGAT3	0.2329	-7e-04	0.1199	0.8053	NA
MOGS	1813.2149	-0.0492	0.0938	0.2921	0.8984
MOK	121.2674	0.0264	0.1061	0.3807	0.9133
MON1A	254.3197	-0.0107	0.1013	0.7676	0.9791
MON1B	609.0053	0.0533	0.1038	0.1651	0.8611
MON2	904.702	0.0168	0.0971	0.6908	0.9714
MORC1	0.2608	9e-04	0.1202	0.7457	NA
MORC2	1189.3834	0.0777	0.1003	0.0847	0.807
MORC2-AS1	20.3702	0.0093	0.1105	0.5635	0.952
MORC3	463.0367	0.013	0.0997	0.7374	0.9761
MORC4	419.3112	-0.0025	0.0982	0.9516	0.9956
MORF4L1	6217.6402	-0.031	0.0923	0.5103	0.9397
MORF4L2	3995.7628	-0.0452	0.0918	0.3464	0.906
MORF4L2-AS1	2.7183	-0.002	0.1129	0.753	NA
MORN1	43.4724	-0.0027	0.1082	0.9023	0.991
MORN2	92.006	-0.0322	0.1078	0.2599	0.89
MORN3	2.2063	0	0.1134	0.9951	NA
MORN4	90.4478	-0.0159	0.1061	0.574	0.9544
MOSPD1	131.1708	-0.0162	0.1043	0.61	0.9583
MOSPD2	214.1897	-0.0186	0.1026	0.5923	0.9562
MOSPD3	447.1183	-0.0307	0.1015	0.4129	0.9201
MOV10	2291.2067	0.0801	0.0957	0.0947	0.8179
MOXD1	443.4276	0.0072	0.0975	0.8619	0.9887
MPC1	677.8445	-0.1621	0.1483	0.0017	0.3376
MPC1L	0.5268	0.0016	0.1212	0.5926	NA
MPC2	1702.756	-0.0984	0.1062	0.0315	0.7111
MPDU1	1042.3567	-0.0297	0.0969	0.4895	0.9324
MPDZ	689.7937	0.0308	0.1008	0.4232	0.9204
MPEG1	0.5211	0.0016	0.1212	0.5955	NA
MPG	1076.2601	-0.0728	0.1006	0.0992	0.821
MPHOSPH10	717.4609	-0.0092	0.0955	0.834	0.9854
MPHOSPH6	371.3172	-0.0421	0.0999	0.3008	0.8992
MPHOSPH8	887.2025	-0.0118	0.0991	0.7656	0.9791
MPHOSPH9	611.546	0.0128	0.0974	0.7586	0.9791
MPI	1001.3017	-0.0965	0.1029	0.0389	0.7463
MPL	3.2247	-1e-04	0.1126	0.9832	NA
MPLKIP	404.1636	-0.0793	0.1108	0.0436	0.7463
MPND	399.2408	-0.0752	0.1079	0.0597	0.7686
MPP1	42.4985	-0.0152	0.1091	0.4802	0.932
MPP2	324.1631	-0.0232	0.0996	0.5561	0.9507
MPP3	36.7101	0.0111	0.1092	0.5866	0.9552
MPP5	1168.7469	0.0067	0.0951	0.8795	0.9899
MPP6	427.6871	-0.0152	0.0982	0.7102	0.9731
MPP7	12.8746	-0.0145	0.1122	0.2552	0.8895
MPPE1	303.4155	-0.0381	0.1012	0.3257	0.9001
MPPED2	4.3128	-0.0068	0.1133	0.3752	NA
MPRIP	7593.1824	0.1568	0.1257	0.003	0.4115
MPST	2051.3701	-0.0421	0.0967	0.338	0.903
MPV17	487.6595	-0.0424	0.1007	0.2883	0.8971
MPV17L2	466.3943	-0.0396	0.1007	0.3163	0.9
MPZ	11.3033	-0.01	0.1118	0.407	0.9185
MPZL1	2695.0518	-0.0025	0.0916	0.9572	0.9956
MPZL2	20.2877	-0.0079	0.1109	0.5865	0.9552
MPZL3	39.8465	0.0122	0.1089	0.5666	0.9533
MR1	149.889	-0.0054	0.1032	0.8698	0.9889
MRAP2	30.633	0.0122	0.1097	0.5263	0.9416
MRAS	1840.9415	0.0617	0.0942	0.1915	0.8684
MRC2	1084.8688	0.0719	0.1003	0.1041	0.8247
MRE11A	475.1148	-0.0176	0.0973	0.6754	0.9708
MREG	340.1549	-0.0288	0.1007	0.4524	0.9237
MRFAP1	9261.9568	-0.0242	0.0923	0.6071	0.9581
MRFAP1L1	735.494	-0.0141	0.0956	0.7468	0.9761
MRGBP	713.3837	-0.004	0.096	0.9263	0.9935
MRGPRF	114.5371	0.063	0.1147	0.0448	0.7463
MRGPRG	0.2729	9e-04	0.1202	0.7407	NA
MRI1	578.3422	-0.0652	0.101	0.1274	0.8418
MRM1	277.1865	0.0444	0.102	0.2516	0.8879
MRO	1.0027	3e-04	0.1148	0.947	NA
MROH1	541.8201	0.006	0.0978	0.8839	0.9899
MROH2A	3.6861	-0.0048	0.1132	0.4848	NA
MROH3P	1.8332	0.0049	0.1176	0.3096	NA
MROH6	50.1647	0.0161	0.1087	0.4752	0.9312
MROH7-TTC4	1.1772	-0.002	0.1167	0.6039	NA
MROH8	20.6814	0.0075	0.1104	0.6393	0.9658
MRP63	1393.5471	-0.0412	0.0994	0.3173	0.9
MRPL1	319.8699	-0.0587	0.1039	0.1355	0.8556
MRPL10	750.1104	0.0319	0.0965	0.4628	0.9265
MRPL11	1343.8807	-0.0487	0.0996	0.2436	0.886
MRPL12	3898.3766	-0.0423	0.0967	0.3348	0.9026
MRPL13	818.519	-0.0773	0.1027	0.0762	0.7986
MRPL14	950.8613	-0.055	0.0995	0.1967	0.8721
MRPL15	1749.6256	-0.0531	0.0973	0.2299	0.8839
MRPL16	974.1094	-0.0092	0.0947	0.8373	0.9854
MRPL17	1113.1786	-0.0429	0.1001	0.2908	0.8983
MRPL18	1563.4255	-0.0896	0.1009	0.054	0.759
MRPL19	1730.7038	-0.0463	0.0956	0.305	0.8992
MRPL2	509.3666	-0.0209	0.0993	0.598	0.9572
MRPL20	2062.455	-0.0286	0.0964	0.5102	0.9397
MRPL21	947.9605	-0.0433	0.0989	0.3007	0.8992
MRPL22	602.0564	-0.0212	0.0993	0.593	0.9562
MRPL23	1008.2782	-0.037	0.0991	0.3678	0.9111
MRPL23-AS1	1.2041	-0.0024	0.1161	0.5734	NA
MRPL24	1238.0605	-0.0414	0.0955	0.3562	0.9092
MRPL27	820.2436	-0.0916	0.1072	0.0374	0.7463
MRPL28	1845.7002	-0.0239	0.0955	0.5873	0.9552
MRPL3	2483.8518	-0.0295	0.0925	0.5303	0.9428
MRPL30	837.2512	-0.0161	0.0955	0.7143	0.974
MRPL32	636.056	-0.026	0.0982	0.529	0.9423
MRPL33	581.0298	-0.1121	0.121	0.0109	0.5624
MRPL34	1145.931	-0.075	0.1028	0.0822	0.807
MRPL35	848.7243	-0.076	0.1003	0.0901	0.8072
MRPL36	453.0356	-0.0409	0.1014	0.2931	0.8989
MRPL37	3710.6344	-0.0328	0.0938	0.4762	0.9312
MRPL38	1566.3126	-0.0159	0.0977	0.7014	0.9724
MRPL39	545.3006	-0.0391	0.0988	0.3472	0.9066
MRPL4	2312.3562	-0.0119	0.0952	0.7879	0.9832
MRPL40	586.8938	-0.06	0.1033	0.1343	0.8515
MRPL41	1500.2513	-0.0468	0.1002	0.253	0.8882
MRPL42	1091.5533	-0.0534	0.0957	0.2414	0.886
MRPL43	1384.2803	-0.0326	0.0942	0.4755	0.9312
MRPL44	652.7437	-0.0301	0.0975	0.4761	0.9312
MRPL45	1122.9898	-0.0272	0.0942	0.5493	0.9489
MRPL45P2	21.5261	-0.0077	0.1105	0.6241	0.962
MRPL46	379.6535	-0.0702	0.1049	0.0854	0.807
MRPL47	687.517	-0.0475	0.0997	0.2526	0.8881
MRPL48	461.0388	-0.0196	0.099	0.6223	0.9612
MRPL49	1673.4148	0.0107	0.0927	0.8174	0.985
MRPL50	519.7441	-0.0256	0.0974	0.5442	0.9474
MRPL51	2358.963	-0.0566	0.0981	0.1979	0.8721
MRPL52	1007.1559	-0.0616	0.1036	0.1249	0.8366
MRPL53	1154.8525	-0.0228	0.0985	0.5758	0.9552
MRPL54	592.319	-0.0229	0.1001	0.5548	0.9501
MRPL55	466.1578	-0.006	0.1001	0.8736	0.9894
MRPL9	1310.1976	0.0059	0.0945	0.8959	0.9903
MRPS10	834.6385	-0.0463	0.0968	0.2945	0.8992
MRPS11	658.9325	-0.0831	0.1081	0.0464	0.7463
MRPS12	1552.7669	-0.0481	0.0992	0.252	0.8879
MRPS14	515.341	-0.0379	0.0992	0.356	0.9092
MRPS15	1526.2614	-0.0527	0.0965	0.2406	0.886
MRPS16	2629.2041	-0.072	0.0969	0.1211	0.8309
MRPS17	378.3544	-0.0604	0.1036	0.1302	0.8492
MRPS18A	960.1033	-0.0144	0.0964	0.7362	0.9761
MRPS18B	1377.4314	-0.0402	0.0946	0.3783	0.912
MRPS18C	475.2088	-0.0429	0.1	0.2921	0.8984
MRPS2	1567.4094	-0.007	0.0949	0.8755	0.9896
MRPS21	395.4245	-0.0474	0.1028	0.2164	0.8785
MRPS22	556.6639	-0.0145	0.0972	0.7294	0.9759
MRPS23	1258.2106	-0.0487	0.0963	0.2765	0.8937
MRPS24	1499.9328	-0.056	0.1008	0.1783	0.8611
MRPS25	958.3907	-0.0821	0.102	0.0669	0.7786
MRPS26	1302.2667	-0.0342	0.0958	0.4388	0.9227
MRPS27	1334.5251	-0.0386	0.0939	0.403	0.9185
MRPS28	312.088	-0.0441	0.1032	0.2374	0.886
MRPS30	693.9803	0.0144	0.0959	0.7397	0.9761
MRPS31	250.8441	-0.0114	0.1009	0.7566	0.9789
MRPS31P5	43.1959	0.0105	0.1085	0.6321	0.9641
MRPS33	606.6463	-0.0554	0.1007	0.1828	0.8673
MRPS34	2490.3933	-0.0365	0.0964	0.4057	0.9185
MRPS35	1290.1229	-0.0166	0.0948	0.7102	0.9731
MRPS36	258.3348	-0.0676	0.11	0.0643	0.7718
MRPS5	1266.7575	-0.0216	0.0937	0.6367	0.9657
MRPS6	1157.9527	-0.0806	0.1024	0.069	0.7804
MRPS7	1698.0926	-0.0311	0.0945	0.4927	0.9332
MRPS9	810.3089	-0.0617	0.0987	0.1608	0.8611
MRRF	621.3841	-0.0255	0.0971	0.5482	0.9489
MRS2	1207.3967	0.0078	0.0935	0.8647	0.9887
MRS2P2	1.3665	0.0045	0.1233	0.2544	NA
MRTO4	2504.381	0.0051	0.0945	0.9094	0.9927
MRVI1-AS1	0.24	-7e-04	0.1199	0.7975	NA
MSANTD1	3.5558	0.002	0.1129	0.7575	NA
MSANTD2	204.2102	0.0144	0.1026	0.6765	0.9708
MSANTD3	331.9932	-0.0477	0.1021	0.2233	0.8832
MSANTD3-TMEFF1	218.2019	-0.0352	0.1034	0.3234	0.9
MSANTD4	370.005	-0.032	0.0992	0.4297	0.9211
MSGN1	0.7816	0.0024	0.1212	0.4647	NA
MSH2	2072.728	-0.0141	0.0936	0.7581	0.9789
MSH3	634.9617	0.0075	0.098	0.8547	0.9877
MSH4	5.9815	0.0013	0.1119	0.8917	0.9899
MSH5	87.5463	-0.0268	0.1077	0.3254	0.9001
MSH5-SAPCD1	45.2891	0.0167	0.1098	0.4057	0.9185
MSH6	2938.6189	0.0481	0.0935	0.3048	0.8992
MSI1	90.0017	0.0206	0.1071	0.4481	0.9232
MSI2	1420.4517	0.015	0.098	0.7137	0.9736
MSL1	2303.5325	0.0347	0.0938	0.4516	0.9232
MSL2	677.2294	-0.009	0.0957	0.8368	0.9854
MSL3	420.7112	-0.0648	0.1021	0.1213	0.8309
MSL3P1	76.5078	-0.0171	0.1068	0.5262	0.9416
MSLN	485.1526	-0.0259	0.0984	0.5275	0.9418
MSMB	0.2219	8e-04	0.12	0.7816	NA
MSMO1	680.5674	-0.0192	0.0971	0.6492	0.9682
MSMP	28.8785	0.0295	0.1129	0.1136	0.8296
MSN	6773.8303	0.0452	0.0942	0.3284	0.9003
MSRA	174.2697	-0.0015	0.1029	0.963	0.9956
MSRB1	576.2559	-0.024	0.0988	0.5527	0.949
MSRB2	256.266	-0.0668	0.1097	0.0675	0.7786
MSRB3	1818.5229	-0.0149	0.0948	0.7388	0.9761
MSS51	12.5081	0.0026	0.111	0.8411	0.986
MST1	126.7558	0.0612	0.112	0.0634	0.7693
MST1L	4.1293	-0.0067	0.1133	0.373	NA
MST1P2	25.9091	-0.001	0.1097	0.9559	0.9956
MST1R	130.3323	0.034	0.1057	0.2906	0.8982
MST4	224.5192	-0.0314	0.1032	0.374	0.9119
MSTN	2.8948	-0.0044	0.1135	0.4914	NA
MSTO1	1160.0749	0.0337	0.0943	0.4598	0.9259
MSTO2P	87.5285	-0.0186	0.1075	0.4713	0.9301
MSX1	16659.0541	-0.0121	0.0931	0.7939	0.9836
MSX2	115.0872	-0.0347	0.107	0.2544	0.8893
MT1A	14.9191	-0.013	0.1117	0.3338	0.9019
MT1B	1.2953	0.003	0.1165	0.4849	NA
MT1DP	0.2605	9e-04	0.1202	0.7459	NA
MT1E	545.4838	0.0275	0.1001	0.481	0.932
MT1F	346.2465	0.0245	0.1002	0.5261	0.9416
MT1G	136.7065	-9e-04	0.1037	0.9763	0.9959
MT1L	4.6019	-0.008	0.1137	0.2994	NA
MT1M	115.4773	0.0333	0.1063	0.2857	0.8971
MT1X	362.4955	0.0165	0.099	0.678	0.9708
MT2A	1222.7685	0.0182	0.0956	0.6775	0.9708
MT3	0.5458	0.0016	0.1213	0.5866	NA
MTA1	1728.0538	0.0024	0.093	0.9584	0.9956
MTA2	3797.3191	0.0536	0.094	0.2523	0.8881
MTA3	1156.7928	0.0037	0.0935	0.9352	0.9943
MTAP	1112.2641	0.029	0.0951	0.5162	0.9411
MTBP	198.2228	0.0021	0.1031	0.9495	0.9956
MTCH1	4538.7932	0.0045	0.0926	0.9237	0.9934
MTCH2	1668.1243	-0.0915	0.1009	0.0504	0.7518
MTCP1	5.9141	-0.0146	0.1187	0.082	0.807
MTDH	3412.0956	0.0836	0.1142	0.0307	0.707
MTERF	133.0865	-0.0026	0.1037	0.9352	0.9943
MTERFD1	317.7444	-0.0391	0.1008	0.3206	0.9
MTERFD2	442.5663	-0.016	0.0977	0.6996	0.9723
MTERFD3	212.4651	-0.052	0.1055	0.1538	0.8598
MTF1	474.588	0.0333	0.1008	0.39	0.9162
MTF2	1321.6363	0.0594	0.0958	0.1964	0.8719
MTFMT	353.3123	-0.0374	0.1012	0.3342	0.9022
MTFP1	731.5342	-0.0303	0.0996	0.4477	0.9232
MTFR1	382.5426	0.0112	0.0995	0.774	0.9802
MTFR1L	1182.3764	-0.0237	0.0938	0.6043	0.9581
MTFR2	241.4213	-0.0211	0.1023	0.5515	0.9489
MTG1	582.0258	-0.0455	0.1004	0.2616	0.89
MTG2	835.6789	0.0396	0.097	0.3621	0.9102
MTHFD1	4569.9113	0.0145	0.0916	0.7603	0.9791
MTHFD1L	2400.2986	0.0669	0.0952	0.1548	0.8598
MTHFD2	3000.5499	0.1331	0.1074	0.0095	0.5526
MTHFD2L	41.146	-0.009	0.1091	0.6568	0.969
MTHFR	569.7215	0.0335	0.0999	0.4003	0.9185
MTHFS	423.4901	-0.0365	0.1002	0.3596	0.9097
MTHFSD	282.2462	-0.0141	0.1	0.7121	0.9733
MTIF2	990.6105	-0.035	0.0949	0.4384	0.9227
MTIF3	355.4895	-0.0991	0.1175	0.0174	0.6309
MTL5	45.2326	-0.0281	0.111	0.1919	0.8684
MTM1	203.3574	0.0338	0.103	0.3478	0.9067
MTMR1	1093.4531	0.0381	0.0959	0.3908	0.9162
MTMR10	1111.8368	-0.015	0.0968	0.7234	0.9755
MTMR11	96.281	0.0034	0.106	0.9008	0.9908
MTMR12	921.7433	0.0565	0.0977	0.2017	0.874
MTMR14	407.324	0.0227	0.0982	0.5808	0.9552
MTMR2	2114.5462	0.0069	0.0922	0.883	0.9899
MTMR3	1044.9219	0.0672	0.1019	0.1133	0.8296
MTMR4	777.6445	0.0316	0.0969	0.4631	0.9265
MTMR6	1048.3107	0.0218	0.0945	0.6282	0.9637
MTMR7	22.5723	-0.0243	0.1126	0.1431	0.8598
MTMR9	645.4727	0.0497	0.0998	0.2333	0.886
MTMR9LP	52.4554	-0.0249	0.1093	0.2962	0.8992
MTNR1A	13.3043	0.007	0.1114	0.5685	0.9537
MTO1	633.8228	0.0684	0.0998	0.1204	0.8309
MTOR	2231.2334	0.0661	0.1027	0.1124	0.8288
MTPAP	581.9378	0.0247	0.0967	0.5656	0.953
MTPN	1729.1497	0.0279	0.0937	0.5437	0.9471
MTR	625.9905	0.0119	0.0983	0.768	0.9791
MTRF1	51.9865	-0.0318	0.111	0.1695	0.8611
MTRF1L	495.276	0.0478	0.1019	0.2243	0.8832
MTRNR2L2	0.7631	0.0011	0.1168	0.7539	NA
MTRNR2L4	1.011	0.0018	0.1171	0.6341	NA
MTRNR2L8	0.5218	0.0016	0.1212	0.5951	NA
MTRR	705.731	0.0228	0.0967	0.595	0.9562
MTSS1	7.5232	0.0045	0.1119	0.6526	0.969
MTSS1L	1724.1294	0.0648	0.0985	0.1459	0.8598
MTTP	1.0671	0.0041	0.1216	0.2976	NA
MTURN	585.6083	-0.0248	0.0972	0.5582	0.9508
MTUS1	10.3885	0.0074	0.1117	0.5125	0.9403
MTUS2	0.2608	9e-04	0.1202	0.7457	NA
MTVR2	0.2319	-7e-04	0.1199	0.8005	NA
MTX1	1208.7021	-0.0349	0.1004	0.3754	0.9119
MTX2	884.0901	-0.0428	0.0974	0.3222	0.9
MTX3	527.7551	0.0581	0.103	0.1459	0.8598
MUC1	856.7011	-0.1209	0.1309	0.0059	0.4962
MUC12	1.2211	-0.0024	0.1161	0.5656	NA
MUC13	12.971	0.0026	0.111	0.8412	0.986
MUC15	3.1072	-0.0065	0.1153	0.2896	NA
MUC16	108.7932	0.1072	0.1562	0.0012	0.2796
MUC19	15.5559	0.0062	0.1108	0.6622	0.969
MUC2	3.5073	8e-04	0.1125	0.9174	NA
MUC20	31.1797	-0.0031	0.1093	0.8703	0.989
MUC3A	8.2168	-0.0087	0.1122	0.4008	0.9185
MUC5AC	0.7086	-0.0023	0.12	0.4892	NA
MUC5B	0.5019	1e-04	0.1192	0.9642	NA
MUC6	8.476	0.015	0.1142	0.143	0.8598
MUC8	0.24	-7e-04	0.1199	0.7975	NA
MUL1	774.6808	0.0092	0.0953	0.8346	0.9854
MUM1	1097.2837	-0.0029	0.0938	0.9492	0.9956
MURC	43.6627	0.0083	0.1087	0.6975	0.9722
MUS81	903.7284	-0.0424	0.0954	0.347	0.9066
MUSTN1	1.0216	0.0021	0.1164	0.6033	NA
MUT	622.3263	-0.0197	0.0961	0.6501	0.9682
MUTYH	261.3251	-0.0162	0.1012	0.6587	0.969
MVB12A	573.5327	-0.0406	0.1014	0.297	0.8992
MVB12B	536.279	0.0155	0.098	0.7054	0.9724
MVD	699.6237	-0.0543	0.0997	0.2001	0.874
MVK	233.3292	-0.0481	0.1042	0.193	0.8684
MVP	1229.1238	0.0391	0.0943	0.3942	0.917
MX1	6.4914	-0.0054	0.1122	0.5528	0.949
MXD1	346.1127	0.003	0.0995	0.9387	0.9946
MXD3	206.6331	-0.051	0.1083	0.1257	0.8407
MXD4	2056.2637	-0.043	0.0943	0.3502	0.9068
MXI1	180.8864	-0.024	0.1027	0.4937	0.9337
MXRA5	4266.2677	0.0905	0.1128	0.0283	0.6907
MXRA7	2415.4754	-0.04	0.0927	0.396	0.9176
MXRA8	821.0314	0.0033	0.0971	0.937	0.9946
MYADM	2607.9898	0.123	0.1047	0.0145	0.6171
MYADML2	1.9854	5e-04	0.1133	0.9352	NA
MYB	9.6021	0.0016	0.1114	0.8871	0.9899
MYBBP1A	2522.3572	0.0759	0.1015	0.0852	0.807
MYBL1	174.6693	0.0043	0.1038	0.8923	0.9899
MYBL2	5021.3786	-0.0195	0.0911	0.6831	0.9712
MYBPC2	1.5052	3e-04	0.1146	0.9369	NA
MYBPH	0.4986	1e-04	0.1192	0.9716	NA
MYBPHL	19.8178	-0.0124	0.111	0.4204	0.9204
MYC	1039.017	0.0362	0.0954	0.4182	0.9204
MYCBP	758.8757	-0.0808	0.1024	0.0684	0.7804
MYCBP2	1293.0214	0.0527	0.1052	0.1532	0.8598
MYCBPAP	0.4889	1e-04	0.1193	0.9762	NA
MYCL	1190.5545	0.0654	0.0963	0.1562	0.8598
MYCN	35.2953	-0.0091	0.1092	0.6462	0.9672
MYCNOS	0.3232	0.0011	0.1205	0.6933	NA
MYCT1	0.9609	-0.0013	0.1168	0.7165	NA
MYD88	761.3504	0.0088	0.095	0.8429	0.986
MYEF2	955.058	0.0546	0.1017	0.1783	0.8611
MYEOV	558.1089	-0.0771	0.102	0.0794	0.8068
MYEOV2	888.3889	-0.0468	0.0984	0.273	0.8919
MYH10	9827.3638	0.0643	0.1021	0.1243	0.835
MYH11	3.2318	-0.0018	0.1128	0.7859	NA
MYH14	318.1494	0.0882	0.1131	0.0295	0.7015
MYH3	8.8663	0.01	0.1123	0.3418	0.9041
MYH7B	3.1835	-0.0018	0.1127	0.7941	NA
MYH9	21972.4114	0.1131	0.1162	0.0132	0.6042
MYL12A	8222.7137	-0.0712	0.099	0.1134	0.8296
MYL12B	11720.0582	-0.038	0.0929	0.4181	0.9204
MYL3	2.7248	-2e-04	0.1129	0.97	NA
MYL4	39.5865	-0.0083	0.1089	0.6873	0.9712
MYL5	43.3278	-0.0322	0.1121	0.1313	0.8492
MYL6	16648.1162	-0.0539	0.0961	0.2341	0.886
MYL6B	1055.0715	-0.0363	0.0969	0.4013	0.9185
MYL7	1.0558	0.0022	0.1165	0.5766	NA
MYL9	11567.5297	-0.022	0.0945	0.6255	0.9627
MYLIP	258.775	-0.0216	0.1009	0.5647	0.9526
MYLK	4982.4777	-0.009	0.0911	0.8508	0.9872
MYLK-AS1	1.6901	-0.0022	0.1141	0.6632	NA
MYLK2	6.3881	-0.0011	0.1118	0.91	0.9927
MYLK3	7.9511	-0.0079	0.1121	0.4443	0.9232
MYLK4	5.5285	0.003	0.1121	0.7404	0.9761
MYLPF	36.2972	-0.0117	0.1101	0.5165	0.9413
MYNN	392.8445	-0.0199	0.0987	0.6231	0.9615
MYO10	1120.1349	0.0713	0.1046	0.0843	0.807
MYO15B	1.4923	4e-04	0.1138	0.9426	NA
MYO16	0.9376	-0.0033	0.1203	0.3736	NA
MYO18A	2802.4572	0.0744	0.112	0.0456	0.7463
MYO18B	3.7875	-0.0088	0.1151	0.2204	NA
MYO19	1075.3696	-0.0374	0.0944	0.4123	0.9201
MYO1A	2.9514	-0.0011	0.1128	0.8725	NA
MYO1B	1778.6154	0.04	0.0964	0.3635	0.9102
MYO1C	6407.6037	0.0706	0.0956	0.1334	0.8498
MYO1D	21.438	0.0027	0.1102	0.8669	0.9887
MYO1E	1267.7705	0.0512	0.0986	0.2332	0.8859
MYO1F	5.6085	-0.0102	0.1136	0.2416	0.886
MYO1G	0.4591	-0.0013	0.1206	0.6486	NA
MYO3B	0.7397	-7e-04	0.1174	0.8378	NA
MYO5A	1055.0265	0.0312	0.1019	0.4	0.9185
MYO5B	1345.7504	0.0619	0.101	0.1434	0.8598
MYO5C	1432.898	0.0304	0.1	0.4408	0.9232
MYO6	408.7036	0.0157	0.0992	0.6912	0.9715
MYO7A	43.3576	0.0025	0.1082	0.9102	0.9927
MYO7B	0.9279	-0.0033	0.1203	0.3808	NA
MYO9A	726.8453	0.0417	0.1005	0.2971	0.8992
MYO9B	3577.7304	0.1174	0.1169	0.0114	0.5667
MYOC	1.6958	-0.0022	0.1143	0.6616	NA
MYOF	9691.5952	0.1207	0.1239	0.008	0.5196
MYOM1	381.9914	0.0471	0.1006	0.2454	0.8873
MYOM2	12.8933	-0.005	0.1111	0.6989	0.9723
MYOM3	8.4191	-0.0015	0.1115	0.8899	0.9899
MYOT	1.2285	0.0027	0.1163	0.5284	NA
MYOZ1	1.0025	3e-04	0.1148	0.9495	NA
MYOZ3	5.447	-5e-04	0.112	0.9553	0.9956
MYPN	0.75	9e-04	0.1176	0.7771	NA
MYPOP	293.125	-0.0126	0.1013	0.7281	0.9758
MYRF	1498.7443	0.0588	0.0979	0.1848	0.8684
MYSM1	480.3576	0.0677	0.1071	0.0802	0.8068
MYZAP	115.1991	-0.0494	0.1093	0.1188	0.8305
MZB1	0.9332	-0.0033	0.1203	0.3787	NA
MZF1	207.8343	-0.0138	0.1031	0.6798	0.9708
MZT1	933.6495	-0.0803	0.0993	0.0806	0.807
MZT2A	1057.8696	-0.0417	0.0995	0.3093	0.8998
MZT2B	3438.7701	-0.0344	0.0985	0.407	0.9185
N4BP1	792.564	0.0445	0.1002	0.2739	0.8934
N4BP2	1381.042	0.0236	0.1003	0.5387	0.9451
N4BP2L1	20.5579	0.0135	0.1115	0.347	0.9066
N4BP2L2	450.0241	0.0046	0.0982	0.9094	0.9927
N4BP2L2-IT2	4.3144	0.0052	0.1127	0.5082	NA
N4BP3	415.3374	0.0142	0.099	0.7209	0.9753
N6AMT1	173.3899	-0.0215	0.1028	0.536	0.9444
N6AMT2	95.5835	-0.038	0.1096	0.1702	0.8611
NAA10	3560.8863	-0.049	0.0961	0.2747	0.8936
NAA15	2614.8855	0.0324	0.0958	0.463	0.9265
NAA16	460.0806	-0.0242	0.0978	0.5612	0.9516
NAA20	985.5779	-0.0377	0.0963	0.3909	0.9162
NAA25	1307.306	0.0802	0.1038	0.0649	0.7734
NAA30	763.6526	0.0044	0.0953	0.9206	0.9932
NAA35	531.9626	0.0139	0.097	0.7426	0.9761
NAA38	946.2954	-0.0661	0.1062	0.0904	0.8072
NAA40	1400.0967	-0.0122	0.0931	0.7909	0.9836
NAA50	3264.1572	-0.0256	0.0922	0.5859	0.9552
NAA60	1520.6654	0.0208	0.0937	0.6497	0.9682
NAAA	304.661	-0.0135	0.0994	0.7296	0.9759
NAALAD2	10.1764	-0.0031	0.1114	0.7891	0.9836
NAALADL1	0.2388	-7e-04	0.1199	0.7988	NA
NAALADL2	11.4745	0.0147	0.1129	0.2025	0.8742
NAB1	4190.1634	0.0107	0.0939	0.8134	0.985
NAB2	529.801	0.0025	0.0975	0.9511	0.9956
NABP1	309.0658	-0.0452	0.1027	0.2347	0.886
NABP2	957.7595	-0.0434	0.0971	0.3204	0.9
NACA	7138.0046	-0.0413	0.0933	0.3769	0.9119
NACA2	0.4652	-0.0013	0.1206	0.6449	NA
NACAD	38.0606	0.01	0.109	0.6286	0.9639
NACC1	5372.0637	0.0699	0.0942	0.1438	0.8598
NACC2	3241.8179	0.058	0.0972	0.1956	0.871
NADK	1728.6904	-0.0269	0.0927	0.5653	0.9528
NADK2	1016.6439	-0.0468	0.0952	0.3036	0.8992
NADSYN1	1062.2491	-0.0414	0.0951	0.3608	0.9102
NAE1	890.3073	-0.0611	0.0972	0.1756	0.8611
NAF1	390.1156	0.0685	0.1057	0.0862	0.807
NAGA	1002.0289	0.0123	0.0945	0.7846	0.9821
NAGK	473.5175	-0.049	0.101	0.226	0.8832
NAGLU	611.3687	-0.049	0.0999	0.2374	0.886
NAGPA	304.627	0.0162	0.1004	0.6695	0.9698
NAGPA-AS1	1.0473	0.0019	0.117	0.6184	NA
NAGS	49.3453	-0.0087	0.1084	0.6926	0.9715
NAIF1	195.2201	0.0147	0.102	0.6778	0.9708
NAIP	165.9529	0.0307	0.1052	0.3417	0.9041
NALCN	0.2292	-7e-04	0.1199	0.8027	NA
NAMPT	1228.4466	-0.0287	0.0944	0.5273	0.9418
NANOS1	171.2702	-0.0274	0.1036	0.4232	0.9204
NANOS3	2.6956	-0.0015	0.1133	0.789	NA
NANP	277.169	-0.0246	0.1011	0.5113	0.9399
NANS	1421.9741	-0.0712	0.0999	0.1089	0.8274
NAP1L1	6794.1633	-0.0945	0.0956	0.0556	0.7614
NAP1L3	36.6149	-0.0011	0.1088	0.9566	0.9956
NAP1L4	3088.9119	-0.0227	0.0931	0.6244	0.9622
NAP1L5	90.1309	-0.0274	0.1072	0.3343	0.9022
NAPA	1717.3754	-0.0128	0.0947	0.7737	0.9802
NAPA-AS1	28.8402	0.0071	0.1097	0.6983	0.9722
NAPB	122.3831	0.02	0.1047	0.5231	0.9416
NAPEPLD	447.9823	-0.0435	0.0999	0.2871	0.8971
NAPG	365.6079	-0.0063	0.0991	0.873	0.9894
NAPRT1	1219.394	-0.0175	0.0957	0.6888	0.9712
NAPSA	0.9859	-0.0014	0.1167	0.7091	NA
NARF	801.2531	-0.0192	0.0962	0.6575	0.969
NARFL	553.985	-0.0248	0.0983	0.5457	0.9484
NARG2	880.2266	0.012	0.0986	0.7656	0.9791
NARR	63.995	0.0447	0.1127	0.0848	0.807
NARS	4948.5583	-0.0032	0.0908	0.9476	0.9956
NARS2	803.1657	0.0144	0.0954	0.7428	0.9761
NASP	3269.3063	-0.016	0.0916	0.7352	0.976
NAT1	42.8252	-0.0117	0.1087	0.5901	0.956
NAT10	2141.4202	0.0864	0.0983	0.0678	0.78
NAT14	540.079	-0.2746	0.2309	1e-04	0.0935
NAT16	0.2609	9e-04	0.1202	0.7456	NA
NAT2	0.2289	-7e-04	0.1199	0.8029	NA
NAT6	67.4725	-0.0147	0.1085	0.522	0.9416
NAT8	0.2611	9e-04	0.1202	0.7455	NA
NAT8L	585.1217	0.0353	0.0971	0.4117	0.9201
NAT9	364.5369	0.0399	0.1002	0.3204	0.9
NAV1	17.1748	0.0101	0.1109	0.4974	0.9351
NAV2	17.2514	0.0012	0.1106	0.9322	0.9939
NBAS	943.3321	0.0601	0.0996	0.1635	0.8611
NBEA	263.6624	-0.0379	0.1016	0.3225	0.9
NBEAL1	217.9139	0.0096	0.1112	0.4869	0.9323
NBEAL2	1111.1589	-0.0097	0.0943	0.8289	0.9854
NBL1	322.4576	-0.0472	0.1019	0.2288	0.8832
NBN	3501.8365	0.0333	0.0948	0.4611	0.9264
NBPF1	254.8634	0.01	0.1114	0.4476	0.9232
NBPF10	27.6621	0.0094	0.1109	0.5219	0.9416
NBPF11	209.0299	0.0326	0.103	0.363	0.9102
NBPF12	242.7998	0.0652	0.1116	0.0599	0.7686
NBPF14	345.7003	0.0453	0.1009	0.2577	0.89
NBPF15	345.7495	0.027	0.0992	0.5012	0.9357
NBPF19	187.3341	0.0437	0.1045	0.2223	0.8832
NBPF20	104.4898	-0.0252	0.1059	0.4029	0.9185
NBPF25P	17.1136	0.0049	0.1106	0.7394	0.9761
NBPF26	281.2483	0.0473	0.1046	0.1933	0.8684
NBPF3	49.9595	0.0089	0.1083	0.6899	0.9712
NBPF8	230.9308	0.0453	0.1032	0.2276	0.8832
NBPF9	371.3004	0.0201	0.0987	0.6179	0.9593
NBR1	1946.5003	0.0357	0.0949	0.4292	0.9207
NBR2	26.1159	-0.0103	0.1102	0.5493	0.9489
NCALD	1.0478	0.0019	0.117	0.6171	NA
NCAM1	2.7841	-6e-04	0.1128	0.9224	NA
NCAM2	2.9272	-0.0048	0.1145	0.4151	NA
NCAN	2.9964	-0.0075	0.12	0.174	NA
NCAPD2	4659.5182	0.0506	0.0949	0.2711	0.8904
NCAPD3	2089.2052	0.0567	0.0984	0.1948	0.8699
NCAPG	1697.7511	0.0718	0.1	0.106	0.8257
NCAPG2	1604.6315	-0.0364	0.0955	0.4159	0.9204
NCAPH	1219.251	0.0419	0.0952	0.3544	0.908
NCAPH2	1565.9391	-0.0179	0.0936	0.6962	0.9722
NCBP1	2036.7327	0.0348	0.0949	0.4411	0.9232
NCBP2	1450.0028	-0.0306	0.0933	0.5091	0.9397
NCBP2-AS2	446.2517	-0.0137	0.1002	0.718	0.9751
NCCRP1	35.6204	0.0053	0.1089	0.7914	0.9836
NCDN	1122.2817	-0.0095	0.0951	0.8299	0.9854
NCEH1	2354.0336	0.0643	0.0951	0.1704	0.8611
NCF2	21.0792	-0.004	0.1103	0.8021	0.9839
NCK1	522.3727	-0.0619	0.1006	0.1463	0.8598
NCK2	886.4453	-0.015	0.0947	0.7373	0.9761
NCKAP1	6576.7518	0.0279	0.0928	0.55	0.9489
NCKAP5	62.1347	0.031	0.1099	0.21	0.8773
NCKAP5L	899.5592	0.1115	0.1106	0.0173	0.6309
NCKIPSD	474.2126	-0.0014	0.0972	0.9733	0.9959
NCL	18925.29	0.0174	0.0904	0.7181	0.9751
NCLN	3663.1844	0.0371	0.0923	0.4338	0.9227
NCMAP	13.8867	-0.0048	0.111	0.7232	0.9755
NCOA1	545.8971	0.0062	0.0989	0.8763	0.9899
NCOA2	848.9836	0.0405	0.1009	0.3045	0.8992
NCOA3	1453.1311	0.072	0.1048	0.0813	0.807
NCOA4	3342.7314	-0.0136	0.0918	0.774	0.9802
NCOA5	1120.2222	0.0339	0.0945	0.4564	0.9254
NCOA6	1141.9126	0.0829	0.1065	0.0512	0.7534
NCOA7	919.36	0.0044	0.0959	0.9189	0.9932
NCOR1	3419.455	0.1045	0.1204	0.0132	0.6042
NCOR2	9219.6803	0.1714	0.1565	0.0012	0.2796
NCR3LG1	392.6999	0.0076	0.1119	0.4825	0.932
NCS1	1576.0671	-0.0155	0.0928	0.7387	0.9761
NCSTN	3793.2484	0.0288	0.0913	0.5472	0.9486
NDC1	2064.4825	0.0048	0.093	0.9172	0.9932
NDC80	795.8073	-0.0012	0.0949	0.978	0.9959
NDE1	671.2325	0.0229	0.0979	0.5804	0.9552
NDEL1	739.0303	0.0427	0.0963	0.3359	0.9028
NDFIP1	2300.2056	-0.0279	0.0927	0.5512	0.9489
NDFIP2	1734.5583	0.108	0.111	0.0189	0.6411
NDNF	1.7549	0.0012	0.1139	0.8096	NA
NDNL2	412.1861	-0.0094	0.0989	0.8131	0.985
NDOR1	1054.2209	0.0557	0.0959	0.2215	0.8832
NDRG1	1350.4863	-0.0144	0.0933	0.7537	0.9783
NDRG2	59.6596	-0.0105	0.1077	0.6616	0.969
NDRG3	745.8352	-0.1514	0.1316	0.0031	0.4115
NDRG4	276.119	-0.0396	0.1021	0.2967	0.8992
NDST1	2116.8	0.073	0.0991	0.106	0.8257
NDST2	591.7561	-0.0143	0.0978	0.7279	0.9758
NDST3	0.2729	9e-04	0.1202	0.7407	NA
NDUFA1	1008.9075	-0.0747	0.105	0.0734	0.7897
NDUFA10	1890.4064	9e-04	0.0925	0.9847	0.9967
NDUFA11	2776.0734	-0.0418	0.0981	0.3247	0.9001
NDUFA12	739.3253	-0.0486	0.0995	0.2447	0.8873
NDUFA13	3423.2403	-0.0328	0.0969	0.4471	0.9232
NDUFA2	932.2222	-0.0823	0.1068	0.0511	0.7534
NDUFA3	627.8847	-0.0372	0.1017	0.3278	0.9003
NDUFA4	2790.9038	-0.0668	0.1016	0.1167	0.8296
NDUFA4L2	9.668	0.0033	0.1114	0.7716	0.9796
NDUFA5	1015.5609	-0.0924	0.1062	0.0384	0.7463
NDUFA6	1438.5166	-0.0732	0.0998	0.1019	0.8228
NDUFA6-AS1	21.1938	-0.0142	0.1111	0.3666	0.9102
NDUFA7	579.3985	-0.0464	0.1022	0.2315	0.8851
NDUFA8	1254.9866	-0.0647	0.0991	0.1424	0.8598
NDUFA9	1563.364	-0.047	0.0954	0.3001	0.8992
NDUFAB1	1720.1343	-0.0489	0.0964	0.2742	0.8934
NDUFAF1	260.8845	-0.0262	0.1017	0.4766	0.9312
NDUFAF2	397.9647	-0.0989	0.1159	0.0192	0.6411
NDUFAF3	2088.4162	-0.0403	0.1008	0.3073	0.8992
NDUFAF4	614.5161	-0.0526	0.1007	0.202	0.874
NDUFAF4P1	0.261	9e-04	0.1202	0.7456	NA
NDUFAF5	211.7911	-0.015	0.1023	0.6684	0.9698
NDUFAF6	140.3755	0.0096	0.104	0.761	0.9791
NDUFAF7	204.1454	-0.0364	0.1032	0.3126	0.9
NDUFB1	560.1541	-0.0594	0.109	0.0899	0.8072
NDUFB10	1437.9845	-0.0606	0.0982	0.1714	0.8611
NDUFB11	1875.2908	-0.0527	0.1002	0.2054	0.8747
NDUFB2	1849.7483	-0.0392	0.0959	0.3772	0.9119
NDUFB2-AS1	17.1044	0.0077	0.1108	0.598	0.9572
NDUFB3	1045.239	-0.0814	0.106	0.0553	0.7614
NDUFB4	2032.99	-0.057	0.0983	0.1931	0.8684
NDUFB5	1303.1271	-0.0781	0.1025	0.0749	0.7925
NDUFB6	897.4995	-0.0562	0.1018	0.1677	0.8611
NDUFB7	1626.8492	-0.0261	0.0983	0.5264	0.9416
NDUFB8	3034.0128	-0.0617	0.0979	0.167	0.8611
NDUFB9	1570.9927	-0.0652	0.0999	0.1345	0.8517
NDUFC1	762.5467	-0.0966	0.1147	0.0217	0.65
NDUFC2	1675.4389	-0.0863	0.1068	0.0451	0.7463
NDUFC2-KCTD14	528.3381	-0.047	0.1017	0.2328	0.8856
NDUFS1	2117.4688	0.0437	0.0963	0.3246	0.9001
NDUFS2	1781.1804	-0.0373	0.0949	0.4096	0.9188
NDUFS3	1455.9272	-0.0243	0.0979	0.5581	0.9508
NDUFS4	535.949	-0.0541	0.1002	0.1964	0.8719
NDUFS5	2787.9585	-0.0461	0.0956	0.3067	0.8992
NDUFS6	1603.0207	-0.0276	0.0991	0.4929	0.9332
NDUFS7	1308.0673	-0.0472	0.1001	0.2503	0.8873
NDUFS8	2589.4458	-0.0421	0.0984	0.319	0.9
NDUFV1	3169.4847	-0.0351	0.0945	0.4403	0.9232
NDUFV2	1503.5231	-0.1131	0.1114	0.016	0.6309
NDUFV3	597.1402	-0.0857	0.1106	0.037	0.7463
NEAT1	713.1867	0.091	0.1035	0.0457	0.7463
NEB	2.9743	0.0023	0.113	0.7233	NA
NEBL	19.5053	-0.009	0.1106	0.5633	0.952
NECAB1	2.1146	-0.0085	0.1301	0.0989	NA
NECAB2	3.1849	-0.0023	0.1128	0.7353	NA
NECAB3	1005.765	-0.03	0.0955	0.498	0.9351
NECAP1	485.3755	0.0155	0.0973	0.7105	0.9731
NECAP2	1148.7481	-0.0033	0.0935	0.9421	0.9947
NEDD1	435.4726	-0.0666	0.1019	0.1155	0.8296
NEDD4	684.4809	0.038	0.0998	0.3461	0.906
NEDD4L	1592.6086	0.0454	0.0952	0.318	0.9
NEDD8	1976.6749	-0.0444	0.0984	0.2964	0.8992
NEDD8-MDP1	0.48	-0.0014	0.1207	0.6399	NA
NEDD9	2762.9287	0.0506	0.0945	0.2746	0.8936
NEFH	1.2891	0.0031	0.1166	0.4773	NA
NEGR1	0.4689	-0.0014	0.1206	0.6446	NA
NEIL1	73.174	-0.0014	0.1063	0.9571	0.9956
NEIL2	255.897	-0.0606	0.1052	0.1166	0.8296
NEIL3	334.2328	-0.0096	0.099	0.8085	0.9839
NEK1	313.1641	-0.0128	0.1025	0.7094	0.9731
NEK10	8.2548	0.0112	0.1125	0.2916	0.8984
NEK11	79.9386	-0.0467	0.1123	0.0867	0.807
NEK2	705.7883	-0.0189	0.0956	0.6663	0.969
NEK3	259.1332	-0.03	0.1012	0.4291	0.9207
NEK4	746.5803	0.0629	0.1024	0.1282	0.8445
NEK5	6.9984	0.0037	0.1121	0.6786	0.9708
NEK6	519.1858	0.0802	0.1044	0.063	0.7689
NEK7	2317.4162	0.0385	0.0961	0.3833	0.9146
NEK8	96.4148	0.0124	0.1054	0.6706	0.9698
NEK9	2222.4747	0.0291	0.0959	0.5078	0.9397
NELFA	1100.631	0.0319	0.0946	0.4816	0.932
NELFB	2487.8166	0.0257	0.0931	0.5796	0.9552
NELFCD	1733.707	0.014	0.0929	0.7627	0.9791
NELFE	1563.4922	-0.0405	0.0968	0.3541	0.908
NELL1	0.751	0.001	0.1176	0.7751	NA
NELL2	2658.0929	0.015	0.093	0.7453	0.9761
NEMF	1133.5635	0.0504	0.1004	0.2212	0.8832
NENF	854.3101	-0.0598	0.1027	0.1404	0.8585
NEO1	330.6254	0.0082	0.1016	0.8191	0.985
NES	128.9542	-0.0156	0.1052	0.6021	0.9581
NET1	1362.4083	0.0677	0.0959	0.1461	0.8598
NETO2	3214.8141	0.032	0.0929	0.4938	0.9337
NEU1	2340.2358	-0.038	0.0936	0.4128	0.9201
NEU3	113.8369	0.0372	0.1108	0.1441	0.8598
NEURL1	2211.4078	0.0707	0.0957	0.1327	0.8498
NEURL1B	108.4374	-0.0064	0.1047	0.8333	0.9854
NEURL2	22.5338	-0.0066	0.1101	0.6948	0.9722
NEURL3	3.7279	-0.0163	0.1726	0.0191	NA
NEURL4	1248.5118	0.1648	0.1365	0.002	0.3561
NEUROG2	0.2608	9e-04	0.1202	0.7457	NA
NEXN	801.7753	-0.0101	0.0952	0.8191	0.985
NEXN-AS1	11.482	0.0144	0.1124	0.2419	0.886
NF1	2365.6086	0.0787	0.1068	0.0577	0.7658
NF2	2384.1736	0.0256	0.093	0.5809	0.9552
NFAM1	0.9782	-0.0014	0.1168	0.7003	NA
NFAT5	1838.3495	0.0748	0.1057	0.0699	0.7804
NFATC1	290.6269	0.0294	0.1004	0.4483	0.9232
NFATC2	228.5912	0.0216	0.1038	0.5143	0.9406
NFATC2IP	1113.1027	0.0111	0.095	0.8015	0.9839
NFATC3	1550.5557	-0.0313	0.0944	0.4906	0.9328
NFATC4	10.6848	0.0115	0.112	0.3367	0.9028
NFE2	15.2965	0.0065	0.111	0.6366	0.9657
NFE2L1	5407.8233	0.0859	0.1009	0.0617	0.7686
NFE2L2	3400.9713	0.0578	0.0925	0.2294	0.8834
NFE2L3	133.7952	0.0094	0.1042	0.7636	0.9791
NFIA	41.0597	-0.0031	0.1085	0.8835	0.9899
NFIB	1.4155	-0.0055	0.123	0.2126	NA
NFIC	1628.4368	0.0832	0.1072	0.0486	0.7463
NFIL3	225.7894	-0.0013	0.1011	0.9722	0.9959
NFIX	262.7275	0.0437	0.1041	0.2282	0.8832
NFKB1	1231.8055	0.0332	0.0948	0.4624	0.9265
NFKB2	3366.2206	0.0563	0.0926	0.2404	0.886
NFKBIA	2239.8472	-0.0963	0.0989	0.0461	0.7463
NFKBIB	949.1879	-0.0342	0.0961	0.437	0.9227
NFKBID	80.6451	3e-04	0.1063	0.992	0.9982
NFKBIE	1060.8348	-0.1107	0.1098	0.0182	0.6379
NFKBIL1	417.7735	-0.0089	0.098	0.8271	0.9853
NFKBIZ	173.4422	-0.071	0.1145	0.0397	0.7463
NFRKB	1387.8888	0.0848	0.1024	0.0598	0.7686
NFS1	431.9834	-0.0203	0.0981	0.6218	0.961
NFU1	542.8443	-0.0828	0.1067	0.0506	0.7518
NFX1	1003.3501	0.0455	0.0994	0.2738	0.8934
NFXL1	426.5691	0.0753	0.1058	0.0682	0.7804
NFYA	1188.7042	0.0494	0.0961	0.2715	0.8904
NFYB	642.5511	-0.0342	0.0966	0.4323	0.9225
NFYC	990.9815	0.0307	0.0953	0.4903	0.9324
NFYC-AS1	19.6325	0.0023	0.1105	0.8791	0.9899
NGB	0.2605	9e-04	0.1202	0.7459	NA
NGDN	495.2228	-0.0208	0.0973	0.6208	0.9608
NGEF	138.2559	-0.0682	0.1147	0.041	0.7463
NGFR	5.644	-0.0046	0.1122	0.6076	0.9581
NGFRAP1	3288.7544	-0.0596	0.1008	0.1567	0.8598
NGLY1	693.066	-0.0577	0.0977	0.1938	0.8694
NGRN	3142.8869	-0.0029	0.092	0.951	0.9956
NHEJ1	296.6284	-0.0073	0.1001	0.8481	0.9866
NHLH2	0.9843	-0.0011	0.1157	0.7877	NA
NHLRC1	17.0307	4e-04	0.1106	0.9787	0.9959
NHLRC2	570.0871	0.0393	0.1045	0.2614	0.89
NHLRC3	292.869	-0.0276	0.1005	0.4751	0.9312
NHLRC4	7.7603	0.0116	0.1129	0.2525	0.8881
NHP2	1975.6539	-0.0619	0.0996	0.1535	0.8598
NHP2L1	3095.8033	-0.0325	0.0964	0.4559	0.9254
NHS	481.6677	0.04	0.105	0.2455	0.8873
NHSL1	1272.4937	0.0353	0.0983	0.3978	0.9182
NHSL2	0.7716	0.0012	0.1168	0.7465	NA
NICN1	150.3799	-0.0778	0.1175	0.0263	0.6801
NID1	1292.6283	0.0554	0.1008	0.1813	0.8653
NID2	14.7189	-0.0015	0.1109	0.911	0.9928
NIF3L1	621.4545	-0.0284	0.0979	0.4966	0.935
NIFK	788.0974	-0.0251	0.0966	0.56	0.9513
NIFK-AS1	42.3708	-0.0098	0.109	0.6338	0.965
NIM1K	1.8055	-0.0074	0.1277	0.1276	NA
NIN	1711.7678	0.0842	0.108	0.0452	0.7463
NINJ1	802.2783	-0.0956	0.1069	0.0334	0.718
NINJ2	15.9701	0.0054	0.1109	0.6963	0.9722
NINL	442.3787	0.0035	0.0982	0.9313	0.9937
NIP7	1239.565	-0.0035	0.0945	0.9374	0.9946
NIPA1	1039.2481	0.0444	0.0975	0.3062	0.8992
NIPA2	1730.3272	-0.0212	0.0928	0.6485	0.9682
NIPAL1	527.0779	0.068	0.1142	0.0434	0.7463
NIPAL2	3.5549	0.002	0.1126	0.7815	NA
NIPAL3	442.2403	0.0494	0.1007	0.2256	0.8832
NIPBL	1598.2938	0.0755	0.1063	0.0659	0.7756
NIPSNAP1	2202.6167	-0.0347	0.0945	0.4449	0.9232
NIPSNAP3A	391.9206	-0.1237	0.1278	0.0064	0.5102
NIPSNAP3B	5.4589	-0.0067	0.1126	0.4384	0.9227
NISCH	2530.062	0.0959	0.0997	0.0454	0.7463
NIT1	449.9907	-0.0496	0.1	0.2322	0.8851
NIT2	663.7816	-0.0927	0.1082	0.0342	0.7274
NKAIN1	67.5856	0.003	0.1066	0.9074	0.9922
NKAIN4	2.7401	-0.0022	0.113	0.7353	NA
NKAP	345.4816	-0.0135	0.099	0.7329	0.976
NKAPP1	8.2125	9e-04	0.1116	0.935	0.9943
NKD1	5.8781	-0.011	0.1139	0.2084	0.8771
NKD2	33.8854	-0.0096	0.1093	0.6274	0.9634
NKIRAS1	172.3649	-0.0277	0.1033	0.425	0.9204
NKIRAS2	1018.6468	0.0257	0.0943	0.5708	0.9544
NKPD1	2.1869	-0.0041	0.1143	0.4742	NA
NKRF	482.3756	0.0155	0.0972	0.7119	0.9733
NKTR	812.0918	0.2123	0.1869	4e-04	0.1604
NKX2-1	0.7493	9e-04	0.1176	0.7779	NA
NKX2-2	2.8258	-0.0015	0.1129	0.8201	NA
NKX2-4	6.3345	-0.0066	0.1124	0.4708	0.9297
NKX2-5	1.0139	2e-04	0.1152	0.954	NA
NKX2-8	10.4938	7e-04	0.1112	0.9517	0.9956
NKX3-1	62.4083	-0.001	0.1071	0.9684	0.9956
NKX3-2	97.0075	-0.0382	0.1085	0.1909	0.8684
NKX6-1	0.2729	9e-04	0.1202	0.7407	NA
NKX6-3	57.7708	-0.0089	0.1077	0.7097	0.9731
NLE1	654.2547	0.0467	0.0979	0.2782	0.8951
NLGN1	1.0471	-0.0038	0.1208	0.3287	NA
NLGN2	765.5277	-0.0373	0.0958	0.4003	0.9185
NLGN3	5.6021	-3e-04	0.112	0.9702	0.9959
NLGN4X	135.2007	0.0211	0.1048	0.4999	0.9355
NLGN4Y	1.8289	0.005	0.1176	0.3061	NA
NLK	419.8862	0.0101	0.0978	0.8061	0.9839
NLN	1335.4014	-0.0181	0.0952	0.6816	0.9711
NLRC3	9.8451	0.0026	0.1115	0.8183	0.985
NLRC4	0.5338	0.0017	0.1207	0.5723	NA
NLRC5	3.9314	-0.0026	0.1125	0.7373	NA
NLRP1	393.5964	0.0619	0.1062	0.1033	0.8247
NLRP11	0.5631	0.0019	0.1208	0.5413	NA
NLRP12	1.5553	0.0023	0.1143	0.6494	NA
NLRP13	0.4692	-0.0014	0.1206	0.6444	NA
NLRP2	833.7245	0.0556	0.0966	0.2172	0.8788
NLRP3	0.2436	-7e-04	0.1199	0.7937	NA
NLRP4	0.2289	-7e-04	0.1199	0.8029	NA
NLRP9	1.2854	0.0026	0.117	0.5214	NA
NLRX1	757.4171	-0.0038	0.0952	0.9313	0.9937
NMB	236.8028	-0.0185	0.1024	0.5976	0.9572
NMD3	1325.4089	0.0231	0.0942	0.6104	0.9583
NME1	5536.2223	-0.0346	0.0963	0.4303	0.9212
NME1-NME2	372.0832	0.131	0.132	0.0047	0.4744
NME2	8649.9123	-0.042	0.097	0.3345	0.9022
NME3	105.9321	-0.0419	0.1092	0.1548	0.8598
NME4	1485.115	-0.0496	0.0986	0.246	0.8873
NME5	7.202	0.0066	0.1122	0.49	0.9324
NME6	357.2419	0.0019	0.0985	0.9623	0.9956
NME7	295.6613	-0.0149	0.0998	0.6998	0.9723
NME9	5.0603	-0.0079	0.1131	0.3427	0.9041
NMI	256.2225	-0.0494	0.1047	0.1774	0.8611
NMNAT1	396.4009	-0.0867	0.1085	0.0404	0.7463
NMNAT2	3556.6745	0.063	0.099	0.1519	0.8598
NMNAT3	28.7407	-0.0121	0.1099	0.5153	0.9411
NMRAL1	416.4706	-0.0214	0.0999	0.5815	0.9552
NMRK1	61.1837	-0.0277	0.109	0.2712	0.8904
NMRK2	1.9804	0.0031	0.1146	0.5416	NA
NMT1	3410.1686	0.0896	0.0977	0.0617	0.7686
NMT2	270.2255	-0.0235	0.1006	0.538	0.9449
NMU	423.7528	-0.0215	0.0996	0.5843	0.9552
NMUR2	2.5211	0.0023	0.1131	0.707	NA
NNAT	5.4261	0.0092	0.1132	0.2923	0.8984
NNMT	1.197	-0.0024	0.1161	0.5646	NA
NNT	1932.3965	-0.0216	0.0931	0.64	0.9658
NNT-AS1	67.0663	0.0052	0.1072	0.8319	0.9854
NOA1	852.705	0.0513	0.0972	0.2462	0.8873
NOB1	1837.8745	0.0105	0.0938	0.8174	0.985
NOC2L	3720.8961	0.0281	0.092	0.5524	0.9489
NOC3L	933.9109	0.0438	0.096	0.3259	0.9001
NOC4L	928.215	0.0094	0.0972	0.823	0.9851
NOD1	131.2505	0.0305	0.1056	0.3359	0.9028
NODAL	1.5741	0.0018	0.1151	0.6867	NA
NOG	3.2922	0.0031	0.1129	0.6483	NA
NOL10	819.8728	0.0326	0.0959	0.459	0.9259
NOL11	1470.1685	0.0015	0.0928	0.974	0.9959
NOL12	391.111	-0.0434	0.1021	0.2602	0.89
NOL3	62.3508	-0.0223	0.1081	0.3808	0.9133
NOL6	1918.5822	0.1098	0.1028	0.0245	0.6602
NOL7	1273.5756	-0.0231	0.0949	0.6054	0.9581
NOL8	761.146	0.0195	0.096	0.654	0.969
NOL9	1268.3384	0.076	0.0996	0.0933	0.814
NOLC1	4338.6344	0.0587	0.0956	0.2021	0.874
NOM1	987.8208	0.087	0.1056	0.0471	0.7463
NOMO1	4418.6824	0.0663	0.0986	0.1381	0.8585
NOMO2	2246.9356	0.0826	0.1121	0.0364	0.7445
NOMO3	1045.9624	0.0204	0.111	0.2697	0.8902
NONO	9863.7269	0.0233	0.0903	0.6307	0.964
NOP10	1259.7731	-0.0536	0.0993	0.2082	0.8771
NOP14	2185.3869	0.0245	0.0925	0.601	0.9581
NOP14-AS1	88.9315	-0.0122	0.1057	0.6699	0.9698
NOP16	914.9332	-0.0363	0.0973	0.3972	0.9182
NOP2	1936.0273	0.0592	0.0937	0.2113	0.8773
NOP56	2705.3181	-0.0341	0.0922	0.4717	0.9304
NOP58	1658.7728	0.0229	0.0933	0.6194	0.9598
NOP9	1389.3068	0.0767	0.103	0.0766	0.7998
NOS1AP	137.1039	0.0479	0.1142	0.0612	0.7686
NOS3	1298.6839	0.0168	0.0938	0.7122	0.9733
NOSIP	933.4946	0	0.0984	0.9998	0.9998
NOSTRIN	7.2088	0.0036	0.1119	0.7128	0.9733
NOTCH1	1967.3097	0.0732	0.1083	0.0622	0.7689
NOTCH2	3168.3707	0.0863	0.1102	0.0372	0.7463
NOTCH2NL	93.5489	0.0066	0.1056	0.815	0.985
NOTCH3	6778.7325	0.2142	0.1791	4e-04	0.1669
NOTCH4	10.3538	0.0013	0.1114	0.9109	0.9928
NOTUM	102.5945	0.0408	0.1085	0.1747	0.8611
NOV	219.2881	-0.0117	0.1017	0.7426	0.9761
NOVA2	0.24	-7e-04	0.1199	0.7975	NA
NOXA1	61.2569	0.0012	0.1072	0.9625	0.9956
NOXO1	30.89	0.0048	0.1095	0.7943	0.9838
NOXRED1	1.4662	2e-04	0.1142	0.9662	NA
NPAS1	659.5185	-0.0649	0.1044	0.1056	0.8257
NPAS2	4.5782	-0.0104	0.118	0.1353	NA
NPAS3	0.5211	0.0016	0.1212	0.5955	NA
NPAS4	0.7501	9e-04	0.1176	0.7773	NA
NPAT	394.7626	0.0428	0.1019	0.267	0.89
NPB	6.2374	-0.006	0.1124	0.5043	0.9372
NPC1	1054.2281	0.0694	0.0995	0.1183	0.8305
NPC1L1	15.8911	0.0193	0.1125	0.1783	0.8611
NPC2	1149.1711	-0.0676	0.0986	0.1312	0.8492
NPDC1	1266.015	-0.0501	0.0994	0.234	0.886
NPEPL1	701.5882	-0.0709	0.0995	0.1119	0.8281
NPEPPS	2772.4185	0.032	0.0924	0.4961	0.935
NPFF	10.5907	0.0047	0.1117	0.6613	0.969
NPFFR2	0.2296	-7e-04	0.1199	0.8023	NA
NPHP1	16.6611	-0.0108	0.1112	0.4439	0.9232
NPHP3	809.3218	0.1146	0.1212	0.0102	0.5561
NPHP3-ACAD11	107.3476	0.0266	0.1076	0.3337	0.9019
NPHP4	308.4896	0.035	0.1012	0.3613	0.9102
NPIPA1	369.4174	0.0222	0.0999	0.5683	0.9537
NPIPA2	28.0809	-0.0019	0.1143	0.6899	0.9712
NPIPA3	11.0426	0.0019	0.121	0.5362	0.9444
NPIPA5	98.0991	0.0315	0.1078	0.2685	0.89
NPIPA7	40.2337	6e-04	0.1146	0.8962	0.9904
NPIPA8	280.8559	0.0156	0.1004	0.6813	0.9711
NPIPB11	44.1946	0.0337	0.1118	0.1335	0.8498
NPIPB15	18.7501	0.0042	0.1105	0.7792	0.9806
NPIPB3	196.2234	0.0596	0.1085	0.0934	0.814
NPIPB4	230.9622	0.191	0.2302	1e-04	0.0991
NPIPB5	444.7038	0.0729	0.1083	0.0628	0.7689
NPIPB6	6.8186	0.0015	0.1122	0.8512	0.9872
NPIPB8	6.2241	-0.0122	0.1159	0.1364	0.8566
NPIPB9	5.0478	0.0066	0.1127	0.4282	0.9207
NPL	60.0448	-0.0348	0.1111	0.1502	0.8598
NPLOC4	3249.9599	0.0329	0.0919	0.4889	0.9324
NPM1	19555.7495	-0.0608	0.0928	0.206	0.8751
NPM2	1.6619	-4e-04	0.1136	0.9365	NA
NPM3	959.0386	-0.0433	0.0971	0.3215	0.9
NPNT	1240.8599	0.0355	0.0966	0.4157	0.9204
NPPA-AS1	2.9382	-9e-04	0.113	0.8815	NA
NPPB	1.8841	-0.0045	0.1169	0.3483	NA
NPPC	11.531	-0.0075	0.1114	0.5462	0.9484
NPR1	987.266	0.0493	0.0957	0.2761	0.8937
NPR2	50.6985	-0.0197	0.1093	0.3752	0.9119
NPR3	0.2289	-7e-04	0.1199	0.8029	NA
NPRL2	275.9588	-0.057	0.1111	0.0783	0.8033
NPRL3	930.0399	0.0186	0.0958	0.6698	0.9698
NPTN	2642.5594	-0.0139	0.0922	0.7665	0.9791
NPTX1	18.6233	0.0092	0.1109	0.5342	0.9444
NPTXR	51.0243	-0.0327	0.111	0.1632	0.8611
NPW	121.6114	0.0073	0.1048	0.8082	0.9839
NPY1R	0.9738	-0.0016	0.1161	0.6883	NA
NPY4R	2.9614	-0.0011	0.113	0.853	NA
NPY6R	1.6441	-0.0065	0.1246	0.1668	NA
NQO1	7722.0011	-0.0298	0.0928	0.5234	0.9416
NQO2	393.6895	-0.0402	0.1005	0.3136	0.9
NR0B2	9.2099	-0.0105	0.1123	0.3343	0.9022
NR1D1	160.0969	0.031	0.104	0.3651	0.9102
NR1D2	366.1767	0.0122	0.0988	0.7604	0.9791
NR1H2	1049.7066	0.0199	0.0958	0.6494	0.9682
NR1H3	141.7349	-0.055	0.1095	0.0981	0.821
NR2C1	373.4303	0.0092	0.0989	0.8174	0.985
NR2C2	789.4965	0.0813	0.1102	0.043	0.7463
NR2C2AP	327.4956	-0.007	0.1004	0.8526	0.9876
NR2E1	1.9959	5e-04	0.1136	0.9285	NA
NR2E3	10.1145	-0.0108	0.1125	0.3016	0.8992
NR2F1	35.0079	0.0024	0.1089	0.9037	0.9911
NR2F1-AS1	17.1512	0.0013	0.1105	0.9322	0.9939
NR2F2	9110.5558	0.0586	0.0923	0.2247	0.8832
NR2F2-AS1	3.1331	-0.0052	0.1137	0.4281	NA
NR2F6	3268.571	-0.0054	0.0949	0.9038	0.9912
NR3C1	5.6796	-9e-04	0.112	0.9163	0.9932
NR3C2	400.5465	0.023	0.0994	0.5622	0.952
NR4A1	164.0131	0.1046	0.132	0.0065	0.5102
NR4A2	27.6188	0.0021	0.1096	0.9077	0.9922
NR4A3	71.8154	-0.0048	0.1072	0.8464	0.9866
NR5A1	4.8835	-0.0056	0.1126	0.4994	0.9355
NR6A1	111.8258	-0.02	0.1063	0.4827	0.932
NRADDP	4.467	9e-04	0.1123	0.9115	NA
NRARP	1092.7702	0.0373	0.095	0.4089	0.9187
NRAS	2299.1824	-0.0076	0.0928	0.8703	0.989
NRBF2	406.2404	-0.0313	0.0988	0.445	0.9232
NRBP1	2698.9612	0.0254	0.0922	0.5891	0.9555
NRBP2	214.659	-0.0556	0.1075	0.1161	0.8296
NRCAM	1000.1265	0.031	0.0982	0.4559	0.9254
NRD1	3604.4056	-0.0294	0.0913	0.539	0.9451
NRDE2	298.3407	0.028	0.102	0.4443	0.9232
NREP	156.9877	-0.0348	0.1046	0.3051	0.8992
NRF1	417.9482	0.0135	0.0979	0.7415	0.9761
NRG1	210.6135	0.0264	0.1022	0.4654	0.9277
NRG2	5.3199	-0.0081	0.1131	0.3328	0.9014
NRG4	6.2863	-0.0085	0.1127	0.3582	0.9092
NRGN	614.7598	-0.0282	0.0995	0.4797	0.932
NRIP1	1178.864	0.0148	0.0997	0.7039	0.9724
NRIP2	16.6469	0.0121	0.1115	0.3812	0.9133
NRIP3	18.0297	-0.0193	0.1122	0.1972	0.8721
NRK	0.48	-0.0014	0.1207	0.6399	NA
NRL	19.9544	0.0114	0.1109	0.4569	0.9254
NRM	902.1011	-0.0715	0.1009	0.1022	0.8233
NRN1	240.1642	-0.0757	0.1103	0.0501	0.7518
NRN1L	0.7945	0.0011	0.1174	0.7494	NA
NRON	1.5643	0.0053	0.1246	0.208	NA
NRP1	4916.4104	0.1458	0.134	0.0033	0.4226
NRP2	1281.2446	0.1196	0.129	0.0065	0.5102
NRROS	491.0899	0.029	0.0979	0.4877	0.9323
NRSN1	0.2729	9e-04	0.1202	0.7407	NA
NRSN2	887.3333	-0.0747	0.1	0.0956	0.82
NRTN	152.5344	-0.0935	0.1295	0.0079	0.5196
NRXN3	0.6632	-0.0018	0.1209	0.5555	NA
NS3BP	17.5235	0.0048	0.1107	0.7409	0.9761
NSA2	1507.0073	-0.076	0.0983	0.0987	0.821
NSD1	1059.3969	0.0377	0.0996	0.3529	0.908
NSDHL	618.1554	-0.0189	0.0973	0.6524	0.969
NSF	1536.4436	-0.0046	0.0936	0.9196	0.9932
NSFL1C	1610.4974	-0.0255	0.0951	0.5667	0.9533
NSFP1	9.9728	0.0047	0.1403	0.1523	0.8598
NSG1	696.443	-0.0257	0.0967	0.5498	0.9489
NSL1	511.9996	-0.095	0.1114	0.027	0.6814
NSMAF	480.8928	-0.0162	0.0976	0.6974	0.9722
NSMCE1	674.3284	-0.0204	0.0993	0.607	0.9581
NSMCE2	240.1146	-0.0012	0.1015	0.9737	0.9959
NSMCE4A	492.1684	-0.1271	0.1253	0.0066	0.5102
NSMF	1656.873	0.0297	0.0929	0.5252	0.9416
NSRP1	666.2007	0.0197	0.0965	0.6455	0.9672
NSUN2	1836.4179	0.0827	0.0967	0.083	0.807
NSUN3	101.2512	0.001	0.1049	0.9722	0.9959
NSUN4	708.895	0.0047	0.0967	0.9125	0.993
NSUN5	647.1169	0.023	0.0995	0.5612	0.9516
NSUN5P1	94.7704	0.0011	0.1055	0.9695	0.9956
NSUN5P2	49.4855	-0.0481	0.1162	0.0405	0.7463
NSUN6	126.5225	-0.0095	0.1041	0.7637	0.9791
NSUN7	66.4176	-0.0059	0.1067	0.8189	0.985
NT5C	7.364	0.0057	0.1119	0.574	0.9544
NT5C1B	0.7893	0.0011	0.1175	0.7429	NA
NT5C2	3493.7122	0.0596	0.0943	0.2054	0.8747
NT5C3A	377.2253	-0.0162	0.0991	0.6823	0.9712
NT5C3B	2131.212	-0.0011	0.0933	0.9814	0.9961
NT5DC1	531.7887	-0.0586	0.105	0.1263	0.841
NT5DC2	2602.4088	0.0026	0.0944	0.9544	0.9956
NT5DC3	223.5794	0.0348	0.1025	0.3438	0.905
NT5E	1170.1646	-0.0104	0.0939	0.8181	0.985
NT5M	16.2907	0.0099	0.1111	0.4902	0.9324
NTAN1	379.0407	-0.0392	0.1004	0.324	0.9
NTF4	35.2318	-0.0145	0.1105	0.407	0.9185
NTHL1	520.3673	-0.0534	0.1031	0.1719	0.8611
NTMT1	1574.8039	-0.0144	0.097	0.7327	0.976
NTN1	85.9899	0.075	0.1276	0.0082	0.5196
NTN3	14.0403	-0.0032	0.1112	0.7972	0.9839
NTN4	7653.4027	0.0887	0.0967	0.0662	0.7756
NTN5	1.0569	0.0018	0.1169	0.6252	NA
NTNG1	0.2888	0.001	0.1203	0.7262	NA
NTNG2	2.9101	-0.0024	0.1132	0.6904	NA
NTPCR	611.3825	-0.049	0.1005	0.2307	0.8846
NTS	1226.2889	-0.0615	0.0981	0.1669	0.8611
NUAK1	4105.8983	0.093	0.1047	0.0404	0.7463
NUAK2	1062.6656	0.0533	0.0957	0.2417	0.886
NUB1	531.5952	-0.0347	0.0985	0.4032	0.9185
NUBP1	567.9884	-0.0329	0.0973	0.4402	0.9232
NUBP2	1573.1976	-0.0166	0.0982	0.6855	0.9712
NUBPL	139.2323	-0.0171	0.1043	0.5893	0.9555
NUCB1	5404.0772	0.0438	0.0923	0.3575	0.9092
NUCB2	1008.5649	-0.0625	0.0963	0.1733	0.8611
NUCKS1	7993.5329	0.0079	0.0933	0.8632	0.9887
NUDC	4279.7714	-0.0464	0.0944	0.3144	0.9
NUDCD1	967.5789	-0.0161	0.0943	0.7215	0.9753
NUDCD2	537.6974	-0.0841	0.1089	0.043	0.7463
NUDCD3	1278.4095	0.0585	0.0955	0.2041	0.8747
NUDT1	357.6698	-0.0164	0.1007	0.6618	0.969
NUDT12	283.6523	-0.0258	0.1008	0.497	0.935
NUDT13	44.9564	-0.0013	0.1084	0.9508	0.9956
NUDT14	290.5778	-0.0519	0.1035	0.176	0.8611
NUDT15	2209.6215	-0.0511	0.0938	0.2751	0.8936
NUDT16	758.0838	-0.0357	0.0973	0.4052	0.9185
NUDT16L1	809.8623	-0.051	0.0982	0.2384	0.886
NUDT17	39.5466	-0.0152	0.1092	0.4746	0.9312
NUDT18	141.0913	-0.0301	0.1056	0.3409	0.9036
NUDT19	459.7451	3e-04	0.0978	0.9934	0.9987
NUDT2	310.0669	-0.0365	0.1017	0.3375	0.903
NUDT21	3243.5977	0.0158	0.0922	0.7362	0.9761
NUDT22	461.528	-0.1002	0.1197	0.015	0.6309
NUDT3	727.3057	-0.007	0.0956	0.8726	0.9894
NUDT4	5238.2843	-0.0136	0.0918	0.7738	0.9802
NUDT4P1	84.3605	-0.0065	0.1057	0.8166	0.985
NUDT4P2	3.2767	0.0113	0.1488	0.0453	NA
NUDT5	928.8679	-0.0391	0.0976	0.3616	0.9102
NUDT6	176.0773	-0.0353	0.1046	0.3004	0.8992
NUDT7	17.3349	-0.0224	0.1136	0.1083	0.8274
NUDT8	175.0387	-0.0391	0.1061	0.2334	0.886
NUDT9	1421.0475	0.0254	0.0939	0.5783	0.9552
NUDT9P1	5.3671	0.0035	0.1123	0.6724	0.9707
NUF2	477.2398	-0.0253	0.0977	0.5459	0.9484
NUFIP1	379.8599	-0.0305	0.0993	0.4492	0.9232
NUFIP2	2435.0676	0.0162	0.0957	0.7101	0.9731
NUGGC	0.2607	9e-04	0.1202	0.7458	NA
NUMA1	4482.0103	0.0548	0.0934	0.2469	0.8873
NUMB	1383.3889	0.0239	0.0942	0.5992	0.9572
NUMBL	841.3789	0.0805	0.1003	0.0767	0.7999
NUP107	1256.7461	0.0127	0.094	0.7793	0.9806
NUP133	1412.1675	0.0495	0.0965	0.2667	0.89
NUP153	2679.5503	0.0677	0.0992	0.1274	0.8418
NUP155	1175.4348	0.0825	0.1064	0.0521	0.7559
NUP160	3144.999	0.0734	0.097	0.1148	0.8296
NUP188	1603.0363	0.0651	0.0986	0.1434	0.8598
NUP205	3251.1193	0.0738	0.0978	0.1091	0.8274
NUP210	3804.9884	0.0712	0.1039	0.0879	0.8072
NUP214	1191.3955	0.0916	0.1044	0.0429	0.7463
NUP35	534.2195	0.0376	0.0981	0.3728	0.9118
NUP37	558.8158	-0.0468	0.0992	0.2641	0.89
NUP43	1199.8846	-0.0627	0.096	0.1739	0.8611
NUP50	2274.2611	0.0493	0.0957	0.2763	0.8937
NUP54	963.9253	0.0534	0.0968	0.2319	0.8851
NUP62	2542.2564	0.0393	0.0927	0.4037	0.9185
NUP62CL	15.4652	-0.0044	0.1108	0.7504	0.977
NUP85	1063.8182	-0.0281	0.0975	0.5049	0.9375
NUP88	1123.4575	0.0294	0.0947	0.5139	0.9406
NUP93	2774.7842	0.0395	0.0921	0.4056	0.9185
NUP98	3633.4952	0.0756	0.1023	0.0824	0.807
NUPL1	2061.0503	0.0527	0.0979	0.2277	0.8832
NUPL2	566.2641	-0.012	0.0967	0.7781	0.9806
NUPR1	133.3796	0.0148	0.1041	0.6422	0.9667
NUPR1L	0.7704	0.001	0.1175	0.7695	NA
NUS1	1768.1652	-0.0204	0.0929	0.66	0.969
NUSAP1	1687.2575	-0.0589	0.0942	0.2104	0.8773
NUTF2	2930.2923	-0.0407	0.0963	0.3568	0.9092
NUTM2A	65.943	-1e-04	0.108	0.9947	0.9991
NUTM2A-AS1	79.1381	-0.0308	0.1081	0.2659	0.89
NUTM2B	20.035	-0.0201	0.1119	0.2097	0.8773
NUTM2D	12.8937	-4e-04	0.111	0.9753	0.9959
NUTM2F	1.7283	0.001	0.1144	0.835	NA
NUTM2G	7.0151	0.0096	0.1127	0.3154	0.9
NVL	877.0284	0.0598	0.0968	0.1867	0.8684
NWD1	1.9392	-0.0011	0.1138	0.8237	NA
NXF1	1357.724	-0.0144	0.0931	0.7548	0.9785
NXF4	0.24	-7e-04	0.1199	0.7975	NA
NXN	4837.3373	0.0313	0.0915	0.5123	0.9403
NXNL2	22.0139	-0.0034	0.1101	0.8357	0.9854
NXPE3	325.0567	-0.0073	0.0991	0.8536	0.9876
NXPH3	18.1912	0.0028	0.1105	0.8502	0.9871
NXPH4	104.9083	0.004	0.1052	0.8908	0.9899
NXT1	450.8213	-0.0272	0.1001	0.4857	0.9323
NXT2	192.5962	-0.0505	0.1055	0.1613	0.8611
NYAP1	52.1212	0.0044	0.1078	0.8504	0.9872
NYNRIN	133.9516	-0.0117	0.104	0.7124	0.9733
NYX	117.7358	0.043	0.1083	0.1655	0.8611
OAF	149.2192	-0.0528	0.1097	0.1031	0.8247
OARD1	163.1308	-0.008	0.1031	0.8092	0.9842
OAS1	7.4051	-0.0111	0.113	0.2539	0.8893
OAS2	6.752	-0.0045	0.1121	0.6223	0.9612
OAS3	658.789	-0.0128	0.0993	0.7454	0.9761
OASL	1.4731	-0.001	0.1143	0.8273	NA
OAT	2121.4424	-0.0653	0.0943	0.1684	0.8611
OAZ1	10520.575	-0.0348	0.0947	0.4431	0.9232
OAZ2	1772.6918	-0.0357	0.0939	0.4379	0.9227
OAZ3	8.2063	9e-04	0.1116	0.9286	0.9937
OBFC1	333.8648	-0.0468	0.1009	0.245	0.8873
OBSCN	112.6672	0.0081	0.1055	0.7758	0.9803
OBSL1	2641.1659	0.0038	0.0919	0.9358	0.9945
OCA2	13.3589	-0.0121	0.112	0.3285	0.9004
OCEL1	110.3432	-0.0349	0.1084	0.2181	0.881
OCIAD1	1960.4842	-0.1099	0.1045	0.023	0.6573
OCIAD2	665.6524	-0.0285	0.0983	0.4893	0.9324
OCLM	3.3702	-0.0062	0.1138	0.3708	NA
OCLN	777.4102	0.0588	0.0992	0.1743	0.8611
OCRL	846.0869	0.0284	0.0972	0.5038	0.9369
ODC1	8450.1891	-0.053	0.0924	0.2684	0.89
ODF2	1024.6113	0.04	0.0951	0.3753	0.9119
ODF2L	120.2809	-0.0431	0.1088	0.1549	0.8598
ODF3B	4.5576	0.0041	0.1126	0.5995	NA
ODF3L1	1.4082	-0.0052	0.1227	0.2255	NA
ODF3L2	0.7798	0.0015	0.117	0.676	NA
OFD1	247.5752	0.0276	0.1017	0.4543	0.9246
OGDH	2726.8969	0.0104	0.0936	0.82	0.985
OGDHL	1773.7612	0.0214	0.0927	0.6461	0.9672
OGFOD1	1148.7962	0.0224	0.0939	0.624	0.9619
OGFOD2	210.2246	-0.0977	0.13	0.0077	0.5181
OGFOD3	1132.1345	0.0399	0.0943	0.3844	0.9151
OGFR	1095.7192	0.0493	0.095	0.2822	0.8964
OGFR-AS1	0.2622	9e-04	0.1202	0.7447	NA
OGFRL1	1095.2936	-0.0087	0.0972	0.836	0.9854
OGG1	318.3351	-0.0359	0.101	0.3547	0.9083
OGN	0.2609	9e-04	0.1202	0.7456	NA
OGT	1718.5078	-0.0025	0.0946	0.9562	0.9956
OIP5	275.6	-0.1074	0.1226	0.0111	0.5624
OIP5-AS1	673.5702	0.0019	0.0972	0.9632	0.9956
OIT3	2.7365	-0.0017	0.1132	0.7823	NA
OLA1	2300.2303	-0.0544	0.094	0.2457	0.8873
OLAH	0.2736	0.001	0.1202	0.74	NA
OLFM2	2454.6195	0.0417	0.0943	0.3647	0.9102
OLFML1	1328.2327	-0.0756	0.0966	0.1078	0.8262
OLFML2A	32.1613	0.0327	0.1136	0.0851	0.807
OLFML2B	781.6365	0.0477	0.0962	0.2862	0.8971
OLFML3	12.0381	0.0026	0.1111	0.8359	0.9854
OLR1	0.979	1e-04	0.1153	0.9814	NA
OMA1	337.6668	-0.0467	0.1011	0.2424	0.886
OMD	8.7705	0.0041	0.1116	0.7053	0.9724
OMG	1.0098	0.0018	0.1171	0.6337	NA
OMP	1.3179	0.0032	0.1168	0.4569	NA
ONECUT1	15.4768	-0.0074	0.1111	0.5832	0.9552
ONECUT2	289	0.0061	0.1012	0.8671	0.9887
OPA1	1659.5434	0.0348	0.0961	0.4287	0.9207
OPA3	742.2921	0.0384	0.098	0.3652	0.9102
OPHN1	648.8755	0.1207	0.1325	0.0055	0.4962
OPLAH	991.9002	0.0276	0.0946	0.541	0.9465
OPN3	259.0489	9e-04	0.1008	0.98	0.9961
OPRK1	159.7128	-0.0077	0.1031	0.8164	0.985
OPRL1	7.7131	-9e-04	0.1116	0.9313	0.9937
OPTN	1794.3896	-0.0817	0.0965	0.0867	0.807
OR10V2P	0.2729	9e-04	0.1202	0.7407	NA
OR11H4	0.2605	9e-04	0.1202	0.7459	NA
OR1F1	2.4729	-0.0011	0.113	0.8531	NA
OR2A1	1.1898	0.0038	0.1201	0.3372	NA
OR2A1-AS1	2.3649	0.0024	0.1133	0.692	NA
OR2A20P	5.6551	-0.0028	0.112	0.7536	0.9783
OR2A9P	2.1236	0.009	0.133	0.0858	NA
OR2B2	0.2605	9e-04	0.1202	0.7459	NA
OR2B6	0.7016	-0.0023	0.12	0.493	NA
OR4F21	1.6377	0.0055	0.1251	0.1945	NA
OR51E1	0.5136	0.0015	0.1211	0.5993	NA
OR52B6	0.5211	0.0016	0.1212	0.5955	NA
OR7E14P	138.4	-0.0207	0.1064	0.4655	0.9277
OR7E91P	0.5134	1e-04	0.1191	0.9635	NA
ORAI1	759.9342	-9e-04	0.0978	0.9825	0.9961
ORAI2	894.561	0.0139	0.0947	0.7559	0.9789
ORAI3	271.0574	-0.092	0.115	0.0237	0.6573
ORAOV1	408.9338	0.0139	0.0982	0.7331	0.976
ORC1	816.8888	0.0507	0.0977	0.2454	0.8873
ORC2	755.0588	0.0072	0.0958	0.868	0.9889
ORC3	709.3584	-0.0206	0.0957	0.6383	0.9658
ORC4	758.9034	-0.0397	0.0996	0.3294	0.9004
ORC5	465.6326	0.026	0.0983	0.5281	0.9418
ORC6	638.7906	0.0244	0.0963	0.5733	0.9544
ORM2	0.5478	0.0016	0.1213	0.5856	NA
ORMDL1	531.5037	-0.0939	0.1091	0.0316	0.7118
ORMDL2	611.4004	-0.0452	0.0991	0.2803	0.8964
ORMDL3	497.8939	-0.0079	0.0975	0.8492	0.9869
OS9	3001.9933	0.0206	0.0916	0.6644	0.969
OSBP	2017.7119	0.0529	0.0965	0.2385	0.886
OSBP2	243.7824	-0.0012	0.1008	0.9746	0.9959
OSBPL10	955.3532	0.077	0.0982	0.0955	0.82
OSBPL11	837.9977	-0.005	0.0992	0.8977	0.9907
OSBPL1A	100.9687	0.024	0.1064	0.4093	0.9187
OSBPL2	850.5608	0.0359	0.0957	0.4189	0.9204
OSBPL3	494.9714	-0.0347	0.1001	0.3822	0.9139
OSBPL5	100.4776	-0.0079	0.1052	0.7879	0.9832
OSBPL6	46.8137	0.0394	0.1139	0.0721	0.7855
OSBPL7	66.5162	0.0067	0.1067	0.7947	0.9839
OSBPL8	1164.0187	-0.0208	0.0975	0.6182	0.9593
OSBPL9	1945.1985	-0.0284	0.0937	0.5371	0.9446
OSCAR	3.115	-0.0066	0.1153	0.2842	NA
OSCP1	68.5855	-0.0218	0.108	0.3929	0.9162
OSER1	632.8763	-0.0128	0.0968	0.763	0.9791
OSER1-AS1	14.8023	-0.0218	0.1149	0.0807	0.807
OSGEP	438.4663	0.0396	0.0989	0.341	0.9036
OSGEPL1	177.7263	-0.045	0.1066	0.1802	0.8633
OSGEPL1-AS1	5.9291	0.0107	0.1136	0.2302	0.8841
OSGIN1	946.0421	0.1059	0.1084	0.0225	0.6524
OSGIN2	2447.0739	-0.0296	0.0931	0.5248	0.9416
OSMR	1529.8326	0.0713	0.0957	0.1301	0.8492
OSR1	1.4229	-0.0027	0.1167	0.5167	NA
OSR2	298.0224	0.0215	0.1004	0.574	0.9544
OST4	2025.1271	-0.0489	0.0976	0.2627	0.89
OSTC	1941.2038	-0.0431	0.0957	0.3366	0.9028
OSTF1	213.4558	-0.0372	0.1036	0.2974	0.8992
OSTM1	1280.6431	0.0557	0.102	0.168	0.8611
OTOA	0.2289	-7e-04	0.1199	0.8029	NA
OTOF	0.9592	-0.0016	0.1162	0.6847	NA
OTOP2	0.48	-0.0014	0.1207	0.6399	NA
OTOP3	0.2289	-7e-04	0.1199	0.8029	NA
OTOS	0.2605	9e-04	0.1202	0.7459	NA
OTP	0.9377	-0.0033	0.1203	0.3735	NA
OTUB1	3206.9755	-0.0215	0.0945	0.6328	0.9643
OTUB2	18.0318	-0.0046	0.1106	0.7543	0.9784
OTUD1	159.1485	0.0137	0.1035	0.6775	0.9708
OTUD3	532.4998	0.0562	0.1011	0.174	0.8611
OTUD4	1306.3307	0.0469	0.0984	0.2719	0.8904
OTUD5	1219.1122	0.0249	0.0943	0.5816	0.9552
OTUD6B	320.2195	0.0275	0.1008	0.4713	0.9301
OTUD7A	6.6926	0.0064	0.1125	0.4654	0.9277
OTUD7B	1010.7655	0.0406	0.1001	0.3138	0.9
OTX1	141.9579	-0.0069	0.1038	0.8285	0.9854
OVCA2	1186.7953	-0.0323	0.0963	0.4595	0.9259
OVCH1	2.4131	-0.0028	0.1135	0.6369	NA
OVCH1-AS1	0.5211	0.0016	0.1212	0.5955	NA
OVGP1	8.5045	0.0019	0.1115	0.8646	0.9887
OVOL1	3.9729	-8e-04	0.1126	0.9079	NA
OVOL2	21.1696	0.0073	0.1103	0.654	0.969
OVOL3	1.199	-0.002	0.1166	0.6045	NA
OVOS2	0.9465	-0.0033	0.1204	0.3736	NA
OXA1L	4329.3738	-0.0225	0.0925	0.6302	0.964
OXCT1	732.4732	-0.0074	0.0958	0.8648	0.9887
OXCT1-AS1	1.2097	-0.0024	0.116	0.5681	NA
OXCT2	41.0794	0.02	0.1098	0.3424	0.9041
OXER1	44.8934	0.0057	0.1085	0.7909	0.9836
OXLD1	88.073	-0.0454	0.1119	0.0962	0.821
OXNAD1	156.2617	-0.0373	0.1053	0.2655	0.89
OXR1	285.3739	-0.0484	0.1022	0.2164	0.8785
OXSM	224.2292	-0.012	0.1014	0.7401	0.9761
OXSR1	938.2807	0.0179	0.0948	0.6882	0.9712
OXTR	41.6176	0.0011	0.1084	0.9594	0.9956
P2RX1	0.4688	-0.0014	0.1206	0.6446	NA
P2RX2	0.789	9e-04	0.1173	0.7946	NA
P2RX4	188.9303	-0.0424	0.1051	0.2227	0.8832
P2RX5	29.9511	-0.0246	0.1119	0.1759	0.8611
P2RX5-TAX1BP3	343.0841	-0.0112	0.1016	0.7541	0.9783
P2RX6	4.8246	0.0019	0.1123	0.8141	0.985
P2RY1	84.9633	0.0209	0.1097	0.3328	0.9014
P2RY11	191.6917	0.0435	0.1074	0.1777	0.8611
P2RY12	0.2296	-7e-04	0.1199	0.8024	NA
P2RY13	0.2289	-7e-04	0.1199	0.8029	NA
P2RY2	113.9086	0.0298	0.108	0.281	0.8964
P2RY6	136.9261	-9e-04	0.1043	0.9756	0.9959
P4HA1	1424.746	-0.024	0.0933	0.6031	0.9581
P4HA2	736.5909	-0.0429	0.097	0.3261	0.9001
P4HA2-AS1	11.4651	-0.002	0.1112	0.872	0.9894
P4HA3	0.5287	-0.0017	0.1206	0.5861	NA
P4HB	22872.2831	0.0188	0.0903	0.6971	0.9722
P4HTM	686.7268	0.0179	0.0968	0.6736	0.9708
PA2G4	7099.4187	-0.034	0.0912	0.4799	0.932
PA2G4P4	4.3987	-0.0041	0.1125	0.6055	NA
PAAF1	499.5794	-0.0617	0.1005	0.148	0.8598
PABPC1	32446.1235	-0.0171	0.0898	0.7257	0.9756
PABPC1L	105.8976	0.0617	0.1151	0.0437	0.7463
PABPC3	7.4082	-0.0049	0.1119	0.6277	0.9634
PABPC4	8391.742	0.0535	0.0912	0.2719	0.8904
PABPC4L	241.2009	0.0144	0.1028	0.6722	0.9707
PABPN1	1658.9229	-0.0693	0.0955	0.1404	0.8585
PACRGL	136.7889	-0.0396	0.1064	0.2224	0.8832
PACS1	1412.2874	0.0568	0.0963	0.2108	0.8773
PACS2	1040.8543	0.0406	0.0963	0.3579	0.9092
PACSIN1	0.6986	-0.0023	0.12	0.4945	NA
PACSIN2	1976.0561	0.0625	0.0956	0.1773	0.8611
PACSIN3	1143.657	-0.0149	0.0945	0.7394	0.9761
PADI1	43.322	-0.0058	0.1083	0.7921	0.9836
PADI2	206.4391	0.0189	0.102	0.595	0.9562
PAF1	1583.7246	0.0186	0.093	0.6875	0.9712
PAFAH1B1	3956.303	0.0592	0.0929	0.217	0.8787
PAFAH1B2	2413.0012	0.0105	0.0923	0.823	0.9851
PAFAH1B3	867.0978	-0.0759	0.1054	0.0685	0.7804
PAFAH2	454.9826	0.0083	0.0975	0.8406	0.986
PAG1	24.2363	0.0064	0.1102	0.6971	0.9722
PAGR1	1184.82	-0.0314	0.0955	0.4795	0.932
PAICS	6055.0243	-0.07	0.0926	0.1511	0.8598
PAIP1	1933.2223	-0.0088	0.0933	0.8475	0.9866
PAIP2	1106.3584	-0.0635	0.0962	0.1676	0.8611
PAIP2B	25.8899	-0.0086	0.1101	0.6192	0.9597
PAK1	527.4682	0.0137	0.097	0.7447	0.9761
PAK1IP1	1000.8732	-0.0153	0.0953	0.728	0.9758
PAK2	3825.8224	0.0542	0.0963	0.2299	0.8839
PAK3	7.9003	0.0079	0.1123	0.4212	0.9204
PAK4	2675.8646	0.065	0.0946	0.1684	0.8611
PAK6	175.2197	0.027	0.1039	0.4227	0.9204
PAK7	0.2319	-7e-04	0.1199	0.8005	NA
PALB2	258.9083	0.0156	0.1009	0.6741	0.9708
PALD1	89.3949	-0.013	0.1061	0.6393	0.9658
PALLD	362.1229	-0.0232	0.0994	0.5584	0.9508
PALM	717.2568	-0.0238	0.0969	0.5771	0.9552
PALM2	10.4927	0.0022	0.1113	0.8534	0.9876
PALM2-AKAP2	56.1368	4e-04	0.1146	0.9347	0.9943
PALM3	30.5504	0.006	0.1094	0.7546	0.9785
PAM	874.277	0.01	0.0961	0.8171	0.985
PAM16	347.2161	-0.021	0.1	0.5877	0.9552
PAN2	376.1831	0.0035	0.0991	0.93	0.9937
PAN3	649.6884	0.0609	0.0995	0.16	0.8611
PAN3-AS1	4.878	-0.0057	0.1126	0.494	0.9337
PANK1	511.3333	-0.0473	0.0985	0.2672	0.89
PANK2	429.3621	-0.0682	0.103	0.1026	0.8244
PANK3	698.1995	0.0329	0.0994	0.4153	0.9204
PANK4	1000.3795	0.0512	0.0963	0.2548	0.8893
PANO	20.455	-0.0118	0.1107	0.4646	0.9272
PANX1	667.9254	0.0339	0.0988	0.4104	0.9191
PANX2	151.1523	0.0016	0.1031	0.9621	0.9956
PAOX	111.2416	-0.0652	0.1149	0.0422	0.7463
PAPD4	794.6457	0.0074	0.0956	0.866	0.9887
PAPD5	926.1118	0.0216	0.0969	0.6114	0.9585
PAPD7	895.2471	0.0355	0.0956	0.4255	0.9204
PAPLN	121.4772	0.0062	0.1054	0.8286	0.9854
PAPOLA	5576.9934	-0.0391	0.0928	0.406	0.9185
PAPOLB	0.2289	-7e-04	0.1199	0.8029	NA
PAPOLG	311.3343	0.0267	0.1005	0.4878	0.9323
PAPPA	4.7621	0.0097	0.1144	0.2202	0.8831
PAPPA-AS1	2.0082	4e-04	0.114	0.9295	NA
PAPPA2	3.4681	0.0056	0.1137	0.4048	NA
PAPSS1	1935.3644	-0.0118	0.0922	0.8012	0.9839
PAPSS2	1357.3704	0.0144	0.0948	0.7462	0.9761
PAQR3	643.8466	-0.0241	0.0984	0.5555	0.9507
PAQR4	1181.1703	-0.1366	0.1211	0.0059	0.4962
PAQR5	677.6249	0.0232	0.0958	0.5961	0.9566
PAQR6	50.4534	-0.0292	0.1103	0.21	0.8773
PAQR7	1562.4189	-0.0097	0.093	0.8342	0.9854
PAQR8	321.9122	-0.0788	0.1078	0.054	0.759
PAQR9	3.0322	7e-04	0.1127	0.9203	NA
PARD3	1258.8083	0.0248	0.0971	0.5584	0.9508
PARD3B	518.257	0.0513	0.1047	0.166	0.8611
PARD6A	183.9183	-0.0297	0.1045	0.3704	0.9111
PARD6B	1049.8303	0.0353	0.0949	0.4345	0.9227
PARD6G	239.4984	-0.0105	0.1006	0.779	0.9806
PARD6G-AS1	23.0896	0.0088	0.1107	0.5624	0.952
PARG	932.3597	0.0448	0.0974	0.3031	0.8992
PARK2	1.2187	-0.0024	0.1161	0.5671	NA
PARK7	5197.4669	-0.0372	0.0936	0.4216	0.9204
PARL	640.9913	-0.0325	0.0983	0.435	0.9227
PARM1	52.5603	0.0166	0.1087	0.4632	0.9265
PARN	850.2535	-0.0028	0.0947	0.9496	0.9956
PARP1	6039.3896	0.0309	0.0938	0.5012	0.9357
PARP10	743.4101	-0.0276	0.0961	0.5265	0.9416
PARP11	22.8361	-0.009	0.1105	0.5734	0.9544
PARP12	196.1482	-0.0248	0.1026	0.4834	0.9321
PARP14	1680.457	0.0268	0.098	0.5198	0.9416
PARP16	361.5005	-0.0175	0.0992	0.6592	0.969
PARP2	745.7425	0.0277	0.0956	0.5303	0.9428
PARP3	325.6213	-0.0027	0.1	0.9442	0.9954
PARP4	1116.7775	-0.0029	0.0974	0.9443	0.9954
PARP6	267.6486	0.0446	0.1033	0.2331	0.8859
PARP8	293.7506	0.0037	0.0997	0.9227	0.9934
PARP9	895.1825	0.0096	0.0946	0.8294	0.9854
PARPBP	401.1013	-3e-04	0.0979	0.9933	0.9987
PARS2	253.4939	0.028	0.101	0.4605	0.9261
PART1	1.0228	0.0021	0.1164	0.5993	NA
PARVA	2797.9942	0.0098	0.0914	0.8359	0.9854
PARVB	2.4946	3e-04	0.1129	0.962	NA
PARVG	0.2289	-7e-04	0.1199	0.8029	NA
PASK	487.2449	0.0371	0.0996	0.3599	0.9098
PATE4	0.5211	0.0016	0.1212	0.5955	NA
PATL1	1201.8341	0.0265	0.0943	0.5587	0.9508
PATL2	0.4578	-0.0013	0.1206	0.6493	NA
PATZ1	1184.4502	0.0619	0.0962	0.1778	0.8611
PAWR	2635.761	0.0766	0.0994	0.0919	0.8112
PAX2	516.9069	0.0251	0.0971	0.554	0.9495
PAX6	277.371	0.0134	0.1007	0.7184	0.9753
PAX8	2012.619	0.0261	0.0923	0.5796	0.9552
PAX8-AS1	77.5938	0.0903	0.1552	0.0012	0.2809
PAX9	38.7783	0.0309	0.1126	0.117	0.8296
PAXBP1	662.8373	-0.0193	0.0968	0.6502	0.9682
PAXBP1-AS1	6.1438	0.0086	0.1127	0.3536	0.908
PAXIP1	694.0944	0.0138	0.0975	0.7391	0.9761
PAXIP1-AS1	92.5843	0.0095	0.1055	0.7413	0.9761
PAXIP1-AS2	24.7944	0.0081	0.1107	0.5906	0.9562
PBDC1	314.774	-0.034	0.1003	0.3885	0.9162
PBK	1094.4016	-0.0696	0.099	0.1203	0.8309
PBLD	46.6984	-0.0015	0.1081	0.9466	0.9956
PBRM1	1764.6526	0.0443	0.1012	0.2636	0.89
PBX1	545.9137	-0.003	0.0983	0.9407	0.9946
PBX2	1585.0109	-0.0795	0.0963	0.0945	0.8177
PBX3	274.3878	-0.0297	0.1008	0.4384	0.9227
PBX4	84.7169	1e-04	0.1059	0.9982	0.9994
PBXIP1	1185.9303	-0.02	0.0938	0.6614	0.969
PC	326.9877	-0.0547	0.1024	0.1716	0.8611
PCA3	1.4992	0.0017	0.1151	0.6989	NA
PCAT1	2.1885	-0.0019	0.1136	0.7231	NA
PCAT14	79.2587	-0.0585	0.1161	0.0396	0.7463
PCAT18	1.0239	0.0018	0.117	0.6335	NA
PCAT6	14.6592	-0.0083	0.1113	0.5266	0.9416
PCBD1	2329.6054	-0.0463	0.0973	0.2892	0.8971
PCBD2	143.2352	-0.0214	0.1046	0.5003	0.9355
PCBP1	6396.7273	0.0217	0.0929	0.6398	0.9658
PCBP1-AS1	1.4767	-0.0013	0.1144	0.7839	NA
PCBP2	7697.194	-0.0048	0.0927	0.9184	0.9932
PCBP2-OT1	0.2632	9e-04	0.1202	0.744	NA
PCBP4	861.5564	-0.0821	0.1045	0.0586	0.7686
PCCA	160.5484	-0.052	0.1079	0.126	0.841
PCCB	1834.6774	-0.0198	0.0925	0.6726	0.9707
PCDH1	651.0162	0.0334	0.0971	0.4372	0.9227
PCDH10	29.1289	0.0119	0.1101	0.5077	0.9397
PCDH12	1.2333	-4e-04	0.1152	0.9167	NA
PCDH17	46.8005	0.0173	0.1095	0.4089	0.9187
PCDH18	2.9231	0.0052	0.1143	0.3914	NA
PCDH19	30.4661	0.0041	0.1094	0.8284	0.9854
PCDH20	129.182	-0.0103	0.1044	0.739	0.9761
PCDH7	988.8574	0.069	0.1069	0.0781	0.8033
PCDP1	0.9552	-0.0013	0.116	0.7331	NA
PCED1A	324.5862	-0.0511	0.1036	0.1797	0.8633
PCED1B	58.6047	-0.0175	0.1082	0.4696	0.9294
PCED1B-AS1	0.5216	0.0016	0.1212	0.5953	NA
PCF11	793.9148	0.0529	0.1025	0.1809	0.8641
PCGF1	205.1249	0.001	0.1022	0.9761	0.9959
PCGF2	1358.9282	-0.0297	0.0948	0.5082	0.9397
PCGF3	1318.8943	0.0487	0.099	0.2499	0.8873
PCGF5	1844.5388	-0.0885	0.0975	0.065	0.7734
PCGF6	366.629	0.0036	0.0984	0.928	0.9937
PCID2	1180.0204	0.0243	0.0949	0.5875	0.9552
PCIF1	944.764	0.0514	0.0964	0.2524	0.8881
PCK2	881.7102	0.0885	0.1023	0.0527	0.7568
PCLO	6.6477	0.0081	0.1124	0.3946	0.917
PCM1	2047.7521	0.0591	0.1018	0.1511	0.8598
PCMT1	1445.1852	-0.0089	0.0949	0.8406	0.986
PCMTD1	219.5345	-0.0464	0.1056	0.1864	0.8684
PCMTD2	304.1305	-0.0882	0.1115	0.0325	0.7128
PCNA	4854.5986	-0.0783	0.0963	0.0984	0.821
PCNA-AS1	617.9998	0.0647	0.1034	0.1133	0.8296
PCNP	2723.9946	-0.0898	0.0963	0.0647	0.7723
PCNT	1126.0831	0.042	0.1028	0.2628	0.89
PCNX	1105.4274	0.0343	0.0982	0.4119	0.9201
PCNXL2	108.2386	0.0137	0.1053	0.6426	0.9669
PCNXL3	2708.022	0.105	0.1059	0.0257	0.6739
PCNXL4	991.5372	0.0421	0.0979	0.3255	0.9001
PCOLCE	1949.9648	-0.0124	0.0956	0.7768	0.9806
PCOLCE-AS1	3.1728	-0.0036	0.113	0.596	NA
PCOLCE2	3.4407	-8e-04	0.1128	0.8981	NA
PCP2	0.2372	-7e-04	0.1199	0.8006	NA
PCP4	45.2303	0.0083	0.1084	0.7058	0.9724
PCSK1N	204.4973	-0.0125	0.1032	0.7067	0.9724
PCSK4	56.4902	0.0061	0.1074	0.8017	0.9839
PCSK5	454.163	0.0627	0.1089	0.0817	0.807
PCSK6	6.6626	-0.0026	0.1119	0.783	0.9813
PCSK7	1801.7474	0.0741	0.0954	0.1189	0.8305
PCSK9	360.7321	0.0161	0.0986	0.6892	0.9712
PCTP	315.1324	-0.0122	0.0995	0.7538	0.9783
PCYOX1	2065.7161	0.0192	0.0958	0.6599	0.969
PCYOX1L	44.0602	-0.0263	0.1106	0.2244	0.8832
PCYT1A	533.6376	0.0387	0.0981	0.3605	0.9102
PCYT1B	8.4019	0.0064	0.112	0.5289	0.9423
PCYT2	849.0313	-0.0295	0.0951	0.509	0.9397
PDAP1	4002.1367	-0.0407	0.094	0.3776	0.9119
PDCD10	684.8459	0.0089	0.0973	0.832	0.9854
PDCD11	2668.0618	0.1243	0.1203	0.0084	0.5242
PDCD1LG2	0.8187	0.0025	0.1212	0.4479	NA
PDCD2	1113.8934	-0.1044	0.1063	0.0258	0.6739
PDCD2L	176.252	-0.0424	0.1062	0.2052	0.8747
PDCD4	771.4428	-0.0584	0.0972	0.1933	0.8684
PDCD4-AS1	19.4853	-0.0224	0.1126	0.1537	0.8598
PDCD5	998.6235	-0.0852	0.1046	0.0526	0.7568
PDCD6	1815.232	-0.0539	0.0974	0.223	0.8832
PDCD6IP	3056.4675	0.0312	0.0936	0.4991	0.9355
PDCD7	1125.2629	0.008	0.0938	0.8607	0.9883
PDCL	420.4111	-0.0113	0.0979	0.7833	0.9816
PDCL2	0.6701	-0.0018	0.1209	0.5511	NA
PDCL3	592.1474	-0.015	0.0977	0.717	0.9748
PDCL3P4	7.0097	0.003	0.1118	0.7552	0.9788
PDDC1	725.6036	-0.0677	0.1005	0.1199	0.8309
PDE10A	25.2369	0.0067	0.11	0.6936	0.9718
PDE12	1346.3582	0.0453	0.0958	0.3137	0.9
PDE1A	1.1593	0.0028	0.1181	0.4697	NA
PDE2A	0.2608	9e-04	0.1202	0.7457	NA
PDE3A	1873.6576	0.0863	0.1043	0.0516	0.7546
PDE3B	6.9498	-0.0053	0.112	0.5879	0.9552
PDE4A	263.9597	0.0191	0.1012	0.6045	0.9581
PDE4B	0.2335	-7e-04	0.1199	0.7992	NA
PDE4C	8.8102	0.0029	0.1115	0.7907	0.9836
PDE4D	83.4279	0.0074	0.1058	0.7918	0.9836
PDE4DIP	1447.6986	0.0617	0.1027	0.1309	0.8492
PDE5A	125.2188	0.0017	0.1053	0.9536	0.9956
PDE6A	21.6056	-0.0026	0.1103	0.8655	0.9887
PDE6B	1.5165	-0.0013	0.1144	0.7734	NA
PDE6C	0.4894	1e-04	0.1193	0.9704	NA
PDE6D	221.7806	-0.0772	0.1115	0.0439	0.7463
PDE6G	1.0669	0.0041	0.1216	0.2977	NA
PDE6H	1.2136	-0.002	0.1165	0.6077	NA
PDE7A	373.3209	0.0054	0.0983	0.894	0.9901
PDE7B	329.142	-0.0336	0.1005	0.3898	0.9162
PDE8A	468.8845	0.045	0.1013	0.2544	0.8893
PDE8B	6.7103	-0.0151	0.117	0.0917	0.8109
PDE9A	325.0399	-0.0272	0.0998	0.4909	0.933
PDF	580.0793	0.0105	0.0973	0.8014	0.9839
PDGFA	197.4212	0.0584	0.1068	0.1117	0.8281
PDGFB	956.4497	0.0721	0.0983	0.1137	0.8296
PDGFC	2452.4489	0.0263	0.0923	0.5768	0.9552
PDGFD	640.3732	0.018	0.0969	0.6703	0.9698
PDGFRA	26.3772	-0.014	0.1105	0.4247	0.9204
PDGFRB	923.7426	0.0535	0.0982	0.2192	0.8821
PDGFRL	19.0991	-1e-04	0.1105	0.9964	0.9991
PDHA1	2092.4711	-0.0241	0.0931	0.6032	0.9581
PDHB	3970.7548	-0.0203	0.0935	0.6575	0.969
PDHX	1371.6544	0.0079	0.0932	0.8638	0.9887
PDIA2	2.1256	-0.0081	0.1294	0.1088	NA
PDIA3	10830.3886	-0.0182	0.0905	0.7066	0.9724
PDIA3P1	47.9101	-0.0016	0.1082	0.9412	0.9946
PDIA4	7863.8156	0.0208	0.0908	0.6657	0.969
PDIA5	474.8735	-0.0396	0.099	0.3395	0.9032
PDIA6	8579.8706	0.0228	0.0905	0.6369	0.9657
PDIK1L	236.3665	0.0038	0.1026	0.9099	0.9927
PDK1	150.344	0.0233	0.1038	0.4841	0.9322
PDK2	313.1449	-0.0383	0.1018	0.3143	0.9
PDK3	310.4147	0.0206	0.1021	0.5643	0.9526
PDK4	146.6422	-0.0359	0.1058	0.27	0.8902
PDLIM1	8055.7496	-0.0215	0.0936	0.6397	0.9658
PDLIM2	510.9963	-0.0027	0.1014	0.9392	0.9946
PDLIM3	3.1556	-0.0033	0.113	0.6172	NA
PDLIM4	103.582	-0.0463	0.1108	0.1104	0.8281
PDLIM5	2952.8403	-0.0235	0.0932	0.6114	0.9585
PDLIM7	4461.6282	-0.0098	0.0946	0.8264	0.9853
PDP1	223.7301	0.0163	0.1012	0.6565	0.969
PDP2	689.2729	0.0761	0.102	0.0825	0.807
PDPK1	1407.5515	0.0833	0.1064	0.0507	0.7518
PDPN	15783.9241	-0.0097	0.0904	0.8414	0.986
PDPR	1329.2795	0.096	0.1095	0.0291	0.6997
PDRG1	703.9629	-0.0107	0.0967	0.801	0.9839
PDS5A	6032.5981	0.0491	0.0978	0.2585	0.89
PDS5B	109.1758	0.0264	0.1072	0.3485	0.9067
PDSS1	182.047	-0.0198	0.103	0.5624	0.952
PDSS2	344.0523	-0.0061	0.0991	0.8767	0.9899
PDX1	3.5431	8e-04	0.1128	0.9075	NA
PDXDC1	2855.68	0.0646	0.0966	0.159	0.8611
PDXDC2P	71.8896	0.0168	0.1071	0.5235	0.9416
PDXK	15006.5038	0.049	0.0915	0.3102	0.8998
PDXP	950.6379	-0.0167	0.0962	0.6977	0.9722
PDZD11	484.11	-0.0253	0.1009	0.5025	0.9369
PDZD2	1364.8376	0.1208	0.1341	0.0051	0.483
PDZD4	496.6434	0.07	0.1013	0.1056	0.8257
PDZD7	7.9613	-0.0059	0.1118	0.5741	0.9544
PDZD8	1074.7645	0.0396	0.1038	0.2695	0.8901
PDZD9	43.4116	-0.026	0.1113	0.1932	0.8684
PDZK1	16.0442	-6e-04	0.1106	0.965	0.9956
PDZK1IP1	259.7679	-0.0703	0.1096	0.0615	0.7686
PDZRN3	0.2729	9e-04	0.1202	0.7407	NA
PEA15	1968.3823	0.0109	0.0924	0.8153	0.985
PEAK1	591.567	0.0225	0.102	0.5324	0.9437
PEAR1	8.642	0.0175	0.1151	0.0998	0.821
PEBP1	6463.8268	-0.0567	0.093	0.2348	0.886
PECAM1	5.9403	-3e-04	0.112	0.9705	0.9959
PECR	282.7178	-0.0848	0.1108	0.0373	0.7463
PEF1	1311.3924	-0.0415	0.0962	0.3495	0.9067
PEG10	12322.8173	0.0305	0.0963	0.4835	0.9321
PELI1	446.627	-0.0148	0.099	0.7101	0.9731
PELI2	640.2957	0.0618	0.1015	0.1398	0.8585
PELI3	218.2987	-0.0393	0.103	0.2857	0.8971
PELO	554.4061	0.0037	0.0965	0.9305	0.9937
PELP1	2490.1798	0.0999	0.0998	0.0391	0.7463
PEMT	427.2685	0.0066	0.1002	0.861	0.9883
PEPD	1434.253	-0.047	0.0958	0.296	0.8992
PER1	497.0834	0.0161	0.0974	0.6994	0.9723
PER2	261.3381	0.1081	0.129	0.0077	0.5181
PER3	188.0192	0.0324	0.1048	0.33	0.9007
PERM1	2.5357	5e-04	0.1132	0.9367	NA
PERP	2531.6512	-0.0364	0.0933	0.4342	0.9227
PES1	3195.6662	0.0423	0.0923	0.3736	0.9119
PET100	217.6861	-0.0563	0.1084	0.1041	0.8247
PET112	562.9773	-0.0315	0.0975	0.4573	0.9254
PET117	178.4635	0.0078	0.1027	0.8174	0.985
PEX1	641.229	-0.0491	0.0975	0.2617	0.89
PEX10	924.8705	-0.0099	0.0959	0.8183	0.985
PEX11A	32.523	-0.0173	0.1101	0.3744	0.9119
PEX11B	479.7365	-0.0584	0.1015	0.1578	0.8607
PEX11G	41.6717	-0.0306	0.1114	0.1598	0.8611
PEX12	201.4064	0.004	0.1018	0.9104	0.9928
PEX13	662.7468	-0.0249	0.0962	0.5675	0.9534
PEX14	653.0403	0.0404	0.098	0.3426	0.9041
PEX16	249.9889	-8e-04	0.1024	0.9822	0.9961
PEX19	845.4075	-0.0369	0.0955	0.4096	0.9188
PEX2	659.183	-0.0694	0.1018	0.1052	0.8257
PEX26	1320.6597	0.0039	0.0935	0.9313	0.9937
PEX3	268.7275	-0.0452	0.1022	0.2423	0.886
PEX5	911.0508	0.0727	0.0979	0.113	0.8296
PEX5L	0.273	9e-04	0.1202	0.7406	NA
PEX6	690.0648	-0.0568	0.0976	0.2004	0.874
PEX7	99.0336	-0.0072	0.105	0.8072	0.9839
PFAS	2962.7109	0.0974	0.1043	0.0354	0.7358
PFDN1	736.432	-0.0181	0.0968	0.6707	0.9698
PFDN2	803.5149	-0.005	0.0963	0.9079	0.9922
PFDN4	344.3679	-0.0495	0.103	0.1979	0.8721
PFDN5	2006.0535	-0.0516	0.0982	0.2334	0.886
PFDN6	473.2898	-0.0739	0.1039	0.0803	0.8068
PFKFB1	0.2379	-7e-04	0.1199	0.7999	NA
PFKFB2	304.0353	0.0047	0.1024	0.891	0.9899
PFKFB3	1171.984	0.0369	0.0951	0.4128	0.9201
PFKFB4	30.4666	-0.0039	0.1093	0.8384	0.9856
PFKL	3358.5718	0.019	0.0919	0.6869	0.9712
PFKM	2136.6712	-0.0177	0.0923	0.7063	0.9724
PFKP	3058.4898	0.0756	0.0944	0.1164	0.8296
PFN1	29301.7428	-0.0254	0.0943	0.5745	0.9544
PFN1P2	10.8977	0.0217	0.1167	0.0599	0.7686
PFN2	3153.7544	-0.1803	0.1322	0.0014	0.3032
PFN4	2.0177	7e-04	0.1133	0.9069	NA
PGA3	1.5633	0.0053	0.1246	0.2083	NA
PGA4	0.7133	-0.002	0.1208	0.5276	NA
PGAM1	10405.3717	-0.0312	0.0917	0.5125	0.9403
PGAM1P5	9.1931	0.0083	0.1119	0.4501	0.9232
PGAM2	36.1813	-0.0155	0.1096	0.4429	0.9232
PGAM4	1.2471	-6e-04	0.1147	0.8955	NA
PGAM5	2313.2964	0.0158	0.0923	0.7354	0.976
PGAP1	721.9062	0.0326	0.0981	0.4356	0.9227
PGAP2	398.0348	-0.0696	0.1078	0.072	0.7855
PGAP3	142.9344	-0.0464	0.1071	0.1647	0.8611
PGBD1	41.4218	-0.0157	0.1091	0.4679	0.9286
PGBD2	164.464	0.014	0.1028	0.6795	0.9708
PGBD3	19.2003	-0.0054	0.1483	0.1118	0.8281
PGBD4	24.3658	0.0198	0.1113	0.2518	0.8879
PGBD5	336.6003	-0.0266	0.0994	0.5047	0.9375
PGD	11136.1221	0.0553	0.0914	0.2559	0.89
PGF	35.8714	-0.0154	0.1096	0.4487	0.9232
PGGT1B	330.7098	-0.0231	0.0993	0.5622	0.952
PGK1	7137.0179	-0.0228	0.092	0.63	0.964
PGLS	1450.9675	-0.0419	0.0988	0.316	0.9
PGLYRP1	0.8064	0.0029	0.1206	0.4108	NA
PGLYRP4	0.2289	-7e-04	0.1199	0.8029	NA
PGM1	4209.3783	-0.0323	0.0921	0.4953	0.9346
PGM2	879.7801	-0.0384	0.0957	0.3892	0.9162
PGM2L1	38.8419	-0.0113	0.109	0.5874	0.9552
PGM3	1238.883	0.0367	0.0977	0.3877	0.9162
PGM5	63.2463	-0.0084	0.1072	0.7375	0.9761
PGP	1937.1003	-0.0256	0.0983	0.5344	0.9444
PGPEP1	615.0099	-0.0237	0.0983	0.5639	0.952
PGR	1.3735	-0.0043	0.1224	0.2747	NA
PGRMC1	1820.498	-0.0287	0.0935	0.5343	0.9444
PGRMC2	1709.8636	-0.0457	0.0947	0.3193	0.9
PGS1	397.7947	-0.0071	0.099	0.8584	0.9881
PHACTR1	2.2344	-4e-04	0.1131	0.9522	NA
PHACTR2	3727.7395	0.0523	0.0992	0.2186	0.8812
PHACTR4	1261.952	0.025	0.0954	0.5719	0.9544
PHAX	1263.4956	0.0131	0.0941	0.7724	0.9796
PHB	5790.7515	-0.0398	0.0959	0.3711	0.9111
PHB2	6371.2799	-0.0304	0.0937	0.5084	0.9397
PHC1	1040.4771	0.0312	0.0968	0.469	0.9289
PHC2	1210.0189	-0.0134	0.0938	0.7684	0.9791
PHC3	1104.8796	0.075	0.109	0.0559	0.7615
PHEX	5.9986	0.0013	0.1119	0.8917	0.9899
PHF1	797.1138	-0.0683	0.1005	0.1172	0.8296
PHF10	547.8272	-0.0871	0.1056	0.047	0.7463
PHF11	167.209	-0.0284	0.1045	0.3901	0.9162
PHF12	1113.0196	0.0681	0.0978	0.1335	0.8498
PHF13	904.8119	-9e-04	0.0948	0.9838	0.9967
PHF14	925.7454	0.0028	0.0949	0.9493	0.9956
PHF19	705.9582	-0.0303	0.0988	0.4573	0.9254
PHF2	268.4156	0.0482	0.1041	0.1947	0.8697
PHF20	441.6149	0.0108	0.0988	0.7874	0.9832
PHF20L1	876.9161	0.0187	0.0993	0.6367	0.9657
PHF21A	365.667	0.0478	0.1057	0.1746	0.8611
PHF21B	238.1516	0.05	0.1059	0.1599	0.8611
PHF23	1274.3172	-0.0426	0.0957	0.3419	0.9041
PHF3	1369.0734	0.0637	0.0995	0.1447	0.8598
PHF5A	958.9568	-0.0154	0.0959	0.7228	0.9755
PHF6	957.0984	0.0102	0.0979	0.8035	0.9839
PHF7	27.3997	-0.0028	0.1095	0.8796	0.9899
PHF8	938.6173	0.0577	0.1021	0.1563	0.8598
PHGDH	2212.3469	0.0787	0.099	0.0869	0.807
PHGR1	0.2289	-7e-04	0.1199	0.8029	NA
PHIP	2327.8959	0.0944	0.1101	0.0296	0.7015
PHKA1	500.0428	0.0304	0.0984	0.4614	0.9264
PHKA2	484.7436	0.0418	0.0992	0.3135	0.9
PHKA2-AS1	2.8593	0.0071	0.1157	0.2537	NA
PHKB	2003.4157	0.0204	0.0939	0.6548	0.969
PHKG1	92.3674	-0.0189	0.1061	0.5092	0.9397
PHKG2	612.2301	-0.0792	0.1039	0.0667	0.7775
PHLDA1	3081.9688	0.035	0.092	0.4615	0.9264
PHLDA2	66.333	-0.0191	0.1082	0.4329	0.9227
PHLDA3	2617.6354	0.0035	0.0946	0.938	0.9946
PHLDB1	4002.2991	0.0756	0.0969	0.1065	0.826
PHLDB2	57.9034	0.0017	0.1078	0.941	0.9946
PHLDB3	313.3201	0.0102	0.0997	0.7922	0.9836
PHLPP1	1148.0963	0.069	0.1052	0.0872	0.807
PHLPP2	547.5752	0.0408	0.103	0.27	0.8902
PHOSPHO1	22.486	-0.0164	0.1113	0.3086	0.8998
PHOSPHO2	15.7531	-0.0117	0.1114	0.3955	0.9174
PHOSPHO2-KLHL23	19.2003	-0.0054	0.1483	0.1118	0.8281
PHPT1	3036.7482	-0.0361	0.0987	0.3844	0.9151
PHRF1	2540.9313	0.1277	0.1221	0.0073	0.5165
PHTF1	575.6123	-0.0192	0.0972	0.6493	0.9682
PHTF2	2265.2283	0.0305	0.0947	0.4991	0.9355
PHYH	219.2248	-0.0544	0.1064	0.1321	0.8492
PHYHD1	255.2155	-0.0566	0.1086	0.1019	0.8228
PHYHIP	1.6647	0.0021	0.114	0.6831	NA
PHYHIPL	2.9428	-0.0048	0.1135	0.4663	NA
PHYKPL	186.2226	-0.0664	0.1098	0.0677	0.7794
PI16	2.1158	0.0057	0.1179	0.2663	NA
PI3	6.6473	-0.0134	0.1145	0.1502	0.8598
PI4K2A	776.9925	0.0148	0.0951	0.7377	0.9761
PI4K2B	484.6483	-0.0594	0.1014	0.1529	0.8598
PI4KA	2247.8887	0.0082	0.0921	0.8616	0.9885
PI4KAP1	128.966	0.0051	0.1043	0.8685	0.9889
PI4KAP2	372.6662	-0.0082	0.0984	0.8396	0.9859
PI4KB	1601.6588	-0.0189	0.0929	0.6841	0.9712
PIANP	1.7209	0.0043	0.1168	0.3646	NA
PIAS1	1001.0406	0.0491	0.1003	0.2319	0.8851
PIAS2	653.5143	0.0154	0.0966	0.719	0.9753
PIAS3	684.1827	-0.0668	0.0993	0.1307	0.8492
PIAS4	501.0557	0.0608	0.1012	0.147	0.8598
PIBF1	302.9449	-0.036	0.1013	0.3488	0.9067
PICALM	3841.2964	0.0477	0.0938	0.3069	0.8992
PICK1	545.1076	0.0103	0.0984	0.7988	0.9839
PID1	0.4592	-0.0013	0.1206	0.6485	NA
PIDD	668.3427	-0.0263	0.0982	0.525	0.9416
PIEZO1	4175.3234	0.0803	0.1042	0.0632	0.7689
PIF1	156.5629	0.0458	0.1065	0.1762	0.8611
PIFO	22.3291	-0.004	0.1101	0.8084	0.9839
PIGA	194.9582	-0.0126	0.1019	0.7227	0.9755
PIGB	163.6071	-0.0642	0.1109	0.0655	0.7756
PIGC	598.9341	-0.006	0.0974	0.8843	0.9899
PIGF	216.9507	-0.0614	0.1086	0.087	0.807
PIGG	755.2037	0.0084	0.0956	0.848	0.9866
PIGH	194.5009	-0.033	0.1041	0.336	0.9028
PIGK	660.1088	-0.0452	0.0971	0.3013	0.8992
PIGL	109.8898	-0.0131	0.1052	0.6592	0.969
PIGM	307.3881	0.0294	0.1008	0.4431	0.9232
PIGN	439.5338	-0.0415	0.0997	0.3098	0.8998
PIGO	1228.2952	0.0288	0.0939	0.5291	0.9423
PIGP	164.1139	-0.1131	0.1376	0.0044	0.4591
PIGQ	643.0949	-0.1036	0.1092	0.0234	0.6573
PIGR	1.4799	0.0017	0.1147	0.7111	NA
PIGS	2105.9222	-0.0028	0.0921	0.9517	0.9956
PIGT	1668.6419	0.0112	0.0934	0.8067	0.9839
PIGU	693.933	-0.0505	0.0987	0.238	0.886
PIGV	166.2741	-0.1155	0.1396	0.0039	0.4511
PIGW	331.7812	-0.0261	0.0997	0.5085	0.9397
PIGX	699.9558	-0.088	0.1044	0.0486	0.7463
PIGY	751.8114	-0.0465	0.098	0.2798	0.8964
PIGZ	69.2225	-0.0499	0.1138	0.0633	0.7691
PIH1D1	816.0614	0.0114	0.096	0.7924	0.9836
PIH1D2	4.7687	-0.0109	0.1157	0.1611	0.8611
PIK3AP1	27.1443	0.0076	0.1097	0.6747	0.9708
PIK3C2A	2466.2794	0.0468	0.0995	0.2607	0.89
PIK3C2B	616.2112	0.0792	0.1097	0.0473	0.7463
PIK3C3	471.6273	0.0506	0.1029	0.1922	0.8684
PIK3CA	289.2618	0.0362	0.1035	0.3104	0.8998
PIK3CB	1233.9742	0.0061	0.0942	0.8925	0.9899
PIK3CD	56.2536	-0.0269	0.1099	0.2495	0.8873
PIK3CG	0.5211	0.0016	0.1212	0.5955	NA
PIK3IP1	248.175	-0.0104	0.1005	0.7814	0.9806
PIK3R1	2584.993	0.0213	0.0948	0.6345	0.9653
PIK3R2	2559.3336	0.0493	0.0927	0.2998	0.8992
PIK3R3	2101.5089	-0.1033	0.1022	0.0315	0.7111
PIK3R4	668.4536	0.0608	0.1005	0.1526	0.8598
PIKFYVE	932.9733	0.0676	0.1059	0.0873	0.807
PILRA	2.8411	-0.0043	0.1135	0.5082	NA
PILRB	108.0553	-0.0206	0.1075	0.4316	0.9221
PIM1	936.2682	0.1429	0.1216	0.0049	0.4812
PIM2	263.9756	-0.0306	0.1012	0.4199	0.9204
PIM3	1159.117	0.0231	0.0946	0.6072	0.9581
PIN1	1721.1698	-0.0677	0.0984	0.1322	0.8492
PIN4	456.8426	-0.0768	0.1113	0.0452	0.7463
PIN4P1	2.5235	0.0035	0.114	0.5381	NA
PINK1	596.8773	0.0145	0.0965	0.7353	0.976
PINK1-AS	230.7598	-0.0066	0.1009	0.8581	0.9881
PINLYP	1.408	-0.0013	0.1145	0.7802	NA
PINX1	304.5897	-0.0808	0.1091	0.0468	0.7463
PIP4K2A	628.3586	0.025	0.0966	0.5606	0.9516
PIP4K2B	1973.8542	0.0307	0.0928	0.5113	0.9399
PIP4K2C	877.7467	0.0235	0.0951	0.5968	0.9569
PIP5K1A	2647.5482	0.0229	0.0932	0.6196	0.96
PIP5K1B	107.9772	-0.0045	0.1047	0.8821	0.9899
PIP5K1C	1281.0009	0.106	0.1063	0.0245	0.6602
PIP5K1P1	0.2289	-7e-04	0.1199	0.8029	NA
PIP5KL1	13.6691	0.0121	0.1116	0.3669	0.9103
PIPOX	0.5211	0.0016	0.1212	0.5955	NA
PIPSL	3.644	-0.0052	0.1132	0.4686	NA
PIR	591.8773	-0.0887	0.1071	0.0412	0.7463
PIR-FIGF	1.2211	-6e-04	0.1147	0.8919	NA
PISD	621.1494	-0.0014	0.0963	0.973	0.9959
PITHD1	966.4291	0.034	0.0951	0.4481	0.9232
PITPNA	1546.6304	0.0012	0.0928	0.9792	0.996
PITPNA-AS1	78.7609	-0.016	0.1074	0.5323	0.9437
PITPNB	1771.9354	0.0404	0.0934	0.3866	0.9162
PITPNC1	192.8919	-0.0559	0.1091	0.0991	0.821
PITPNM1	12549.9077	0.1736	0.1266	0.0018	0.347
PITPNM2	275.7073	0.0854	0.1125	0.0329	0.7157
PITPNM3	63.7865	0.0088	0.1072	0.727	0.9758
PITRM1	2186.5446	0.0032	0.0919	0.9458	0.9956
PITRM1-AS1	14.0931	0.0074	0.1111	0.5855	0.9552
PITX1	1564.179	-0.0273	0.0957	0.5357	0.9444
PITX2	162.1433	-0.0015	0.1031	0.964	0.9956
PITX3	23.2912	0.0117	0.1105	0.4808	0.932
PIWIL2	1.4572	-0.0028	0.1168	0.4997	NA
PIWIL3	0.2293	-7e-04	0.1199	0.8026	NA
PIWIL4	4.3701	0.0086	0.1141	0.2582	NA
PJA1	468.7682	0.0043	0.0977	0.9164	0.9932
PJA2	1703.3658	-0.0101	0.0973	0.8082	0.9839
PKD1	1851.4301	0.2003	0.1786	5e-04	0.1797
PKD1L1	1.3619	0.0033	0.1165	0.4559	NA
PKD1L2	3.2413	-0.0068	0.1145	0.3058	NA
PKD1L3	0.5211	0.0016	0.1212	0.5955	NA
PKD1P1	1621.2756	0.1631	0.1626	0.0011	0.2735
PKD2	2100.291	0.0214	0.0948	0.6326	0.9643
PKD2L1	14.7469	0.0023	0.1108	0.8697	0.9889
PKD2L2	5.6063	0.0016	0.1199	0.6043	0.9581
PKDCC	146.4912	-0.0067	0.1033	0.8386	0.9856
PKHD1	2.8217	0.0033	0.1131	0.6158	NA
PKHD1L1	1.4711	-0.0015	0.1141	0.7569	NA
PKI55	196.6096	-0.0839	0.1166	0.0254	0.6739
PKIB	0.24	-7e-04	0.1199	0.7975	NA
PKIG	275.7161	-0.0249	0.1022	0.4893	0.9324
PKM	44249.3831	0.0121	0.0901	0.8025	0.9839
PKMYT1	1185.0273	-0.0218	0.0968	0.6092	0.9583
PKN1	2333.5574	-0.0073	0.0924	0.8753	0.9896
PKN2	1716.2608	0.0267	0.0972	0.5295	0.9428
PKN3	1320.2798	0.0178	0.0939	0.6949	0.9722
PKNOX1	537.134	-0.0155	0.0971	0.7126	0.9733
PKNOX2	0.4586	-0.0013	0.1206	0.6489	NA
PKP2	3316.8102	0.0519	0.0965	0.2468	0.8873
PKP3	696.7496	-0.0476	0.097	0.2805	0.8964
PKP4	2229.5617	0.0133	0.0944	0.7669	0.9791
PLA2G12A	458.7613	-0.0898	0.1073	0.0395	0.7463
PLA2G15	1003.312	0.0251	0.0952	0.5721	0.9544
PLA2G16	4584.8878	-0.0066	0.0943	0.8838	0.9899
PLA2G2A	0.9259	-0.0027	0.1209	0.4243	NA
PLA2G2D	0.2729	9e-04	0.1202	0.7407	NA
PLA2G3	10.4578	-0.0132	0.1124	0.2629	0.89
PLA2G4A	1.4662	-0.0014	0.1145	0.7656	NA
PLA2G4B	148.3953	0.0266	0.1047	0.412	0.9201
PLA2G4C	1.482	-8e-04	0.1139	0.8661	NA
PLA2G4F	0.24	-7e-04	0.1199	0.7975	NA
PLA2G6	149.271	0.0234	0.104	0.4802	0.932
PLA2G7	0.2729	9e-04	0.1202	0.7407	NA
PLA2R1	454.5628	0.0194	0.0999	0.6164	0.9592
PLAA	1061.2644	0.0309	0.0948	0.4929	0.9332
PLAC1	1.8722	-0.0073	0.1269	0.1327	NA
PLAC4	0.5335	0.0017	0.1207	0.5726	NA
PLAC8	573.1038	-0.0322	0.0989	0.431	0.9218
PLAC8L1	2.2491	-0.0055	0.1171	0.288	NA
PLAC9	0.4651	-0.0013	0.1206	0.6486	NA
PLAG1	346.046	0.0445	0.1018	0.2526	0.8881
PLAGL1	514.0446	-0.0568	0.0998	0.1821	0.8669
PLAGL2	1188.6888	0.0576	0.0997	0.1777	0.8611
PLAT	16.1104	0.0053	0.1107	0.7129	0.9733
PLAU	839.7335	-0.0074	0.0948	0.8679	0.9889
PLAUR	39.0892	-0.001	0.1088	0.9612	0.9956
PLB1	0.2298	-7e-04	0.1199	0.8022	NA
PLBD1	4521.103	-0.0068	0.0908	0.887	0.9899
PLBD2	1090.0117	0.0938	0.1169	0.0204	0.6425
PLCB1	59.7694	0.0419	0.1124	0.0963	0.821
PLCB2	1156.8737	-0.0376	0.0952	0.4037	0.9185
PLCB3	2001.9345	0.0163	0.0946	0.7155	0.9743
PLCB4	75.7114	0.0248	0.1081	0.3421	0.9041
PLCD1	42.7934	-0.0271	0.111	0.1973	0.8721
PLCD3	5779.9887	0.0721	0.0931	0.1379	0.8585
PLCD4	30.4129	0.0073	0.1095	0.6967	0.9722
PLCE1	1214.0553	0.0788	0.1073	0.0557	0.7614
PLCE1-AS1	1.5135	0.002	0.1147	0.6713	NA
PLCG1	1922.1193	0.1357	0.1289	0.0048	0.4787
PLCG2	56.7773	-8e-04	0.1073	0.9721	0.9959
PLCH1	189.6505	0.0071	0.1023	0.8357	0.9854
PLCH2	3.6314	-0.0052	0.1131	0.4729	NA
PLCL1	0.475	-0.0014	0.1207	0.6386	NA
PLCL2	51.3875	-0.0114	0.1083	0.6153	0.959
PLCXD1	2569.0012	0.0457	0.0941	0.3239	0.9
PLCXD2	9.5504	0.0048	0.1117	0.6588	0.969
PLCXD3	0.5335	0.0017	0.1207	0.5726	NA
PLD1	196.1999	0.0566	0.1081	0.1064	0.8258
PLD2	587.5544	-0.0632	0.0994	0.1481	0.8598
PLD3	4723.7831	-0.0069	0.0941	0.8778	0.9899
PLD4	15.1489	-0.0052	0.1109	0.7075	0.9725
PLD6	143.8587	0.0033	0.1032	0.921	0.9933
PLEC	14696.3445	0.4624	0.2915	0	0.0193
PLEK2	7.1614	-0.0167	0.1181	0.0718	0.7855
PLEKHA1	1082.2445	-0.0231	0.0962	0.5952	0.9562
PLEKHA2	519.4426	0.0181	0.0985	0.6555	0.969
PLEKHA3	357.5553	0.0249	0.0992	0.5338	0.9444
PLEKHA4	1624.9052	0.0863	0.0981	0.0687	0.7804
PLEKHA5	392.2546	-0.0061	0.1018	0.8621	0.9887
PLEKHA6	1052.3626	0.1272	0.1239	0.0069	0.5102
PLEKHA7	2938.3875	0.0834	0.1044	0.0567	0.7646
PLEKHA8	782.1619	0.0662	0.1021	0.1158	0.8296
PLEKHA8P1	32.0556	0.0172	0.1101	0.3813	0.9133
PLEKHB1	48.9062	-0.0193	0.109	0.3986	0.9185
PLEKHB2	3084.4667	0.1157	0.1032	0.0196	0.6425
PLEKHF1	163.1376	-0.0139	0.1031	0.679	0.9708
PLEKHF2	353.5305	-0.0419	0.1002	0.2993	0.8992
PLEKHG1	34.5452	0.0073	0.1091	0.7141	0.974
PLEKHG2	2196.9262	0.1142	0.109	0.0169	0.6309
PLEKHG3	1854.4205	0.1491	0.1258	0.0038	0.4453
PLEKHG4	478.8911	0.0012	0.0973	0.9775	0.9959
PLEKHG4B	1681.507	0.0467	0.098	0.2779	0.8949
PLEKHG5	326.9899	0.0399	0.1031	0.2778	0.8948
PLEKHG6	511.9126	0.0193	0.0988	0.631	0.964
PLEKHH1	164.7469	-0.0127	0.1036	0.6967	0.9722
PLEKHH2	576.7528	0.0438	0.1026	0.2491	0.8873
PLEKHH3	1018.8462	0.0331	0.0961	0.451	0.9232
PLEKHJ1	1254.8725	-0.0801	0.1016	0.0732	0.7897
PLEKHM1	623.7631	0.0718	0.1005	0.1038	0.8247
PLEKHM1P	30.9638	-8e-04	0.1095	0.9638	0.9956
PLEKHM2	2333.4827	0.0125	0.0923	0.7893	0.9836
PLEKHM3	569.1633	0.0681	0.1092	0.0679	0.7802
PLEKHN1	9.7754	-0.0112	0.1122	0.3218	0.9
PLEKHO1	889.0905	-0.0481	0.099	0.2552	0.8895
PLEKHO2	209.9414	0.0467	0.1046	0.1973	0.8721
PLGLB1	9.3259	-0.004	0.1117	0.7058	0.9724
PLGLB2	6.6662	0.0081	0.1124	0.3987	0.9185
PLGRKT	154.771	-0.0803	0.1202	0.0197	0.6425
PLIN1	0.24	-7e-04	0.1199	0.7975	NA
PLIN2	85.9637	-0.0215	0.1066	0.4459	0.9232
PLIN3	1315.3321	-0.0193	0.0934	0.6745	0.9708
PLIN4	39.7224	0.0055	0.1087	0.7949	0.9839
PLIN5	5.9477	-0.002	0.1119	0.828	0.9854
PLK1	2863.0277	0.0352	0.0927	0.4538	0.9243
PLK1S1	102.8624	-0.0541	0.1135	0.0617	0.7686
PLK2	7686.6842	0.0169	0.0905	0.7267	0.9758
PLK3	642.0179	0.0012	0.0961	0.977	0.9959
PLK4	696.877	0.0542	0.1005	0.1922	0.8684
PLLP	799.322	-0.0306	0.0978	0.466	0.9277
PLOD1	8089.4272	0.0418	0.0908	0.3894	0.9162
PLOD2	59.9951	-0.0103	0.108	0.6586	0.969
PLOD3	2247.897	0.0032	0.0921	0.9461	0.9956
PLP2	558.1278	-0.021	0.0984	0.6069	0.9581
PLRG1	1081.5933	0.0137	0.094	0.7622	0.9791
PLS1	1034.9055	0.0228	0.0969	0.5931	0.9562
PLS3	18961.9683	0.0102	0.0902	0.8326	0.9854
PLSCR1	496.572	-0.0546	0.0992	0.2021	0.874
PLSCR3	624.2641	-0.0183	0.0981	0.656	0.969
PLSCR4	0.73	-7e-04	0.1166	0.8475	NA
PLTP	1521.6208	0.0103	0.0948	0.8165	0.985
PLVAP	23.7776	0.01	0.1104	0.5481	0.9489
PLXDC1	22.9628	0.021	0.1117	0.2181	0.881
PLXDC2	4.4083	0.0044	0.1129	0.5439	NA
PLXNA1	5642.7293	0.0827	0.1061	0.0528	0.7568
PLXNA2	21.7044	0.0046	0.1103	0.7696	0.9791
PLXNA3	283.5417	0.0496	0.1056	0.1663	0.8611
PLXNA4	1.4803	3e-04	0.1142	0.9521	NA
PLXNB1	5751.1635	0.1104	0.0988	0.0274	0.6839
PLXNB2	15898.5331	0.1358	0.1171	0.0068	0.5102
PLXNB3	303.8409	0.0468	0.1042	0.2018	0.874
PLXNC1	11.5874	-0.0038	0.1112	0.7579	0.9789
PLXND1	35847.9371	0.2083	0.1747	5e-04	0.1795
PM20D1	0.2391	-7e-04	0.1199	0.7985	NA
PM20D2	709.9913	0.0058	0.0976	0.8885	0.9899
PMAIP1	291.2193	-0.0133	0.1	0.7298	0.9759
PMCH	4.0673	-0.0057	0.1135	0.4099	NA
PMEL	20.4821	-0.0179	0.1116	0.2557	0.89
PMEPA1	17.895	0.0124	0.1112	0.4032	0.9185
PMF1	1517.9125	-0.0405	0.0964	0.3577	0.9092
PMF1-BGLAP	174.4578	-0.0582	0.1106	0.0797	0.8068
PMFBP1	2.0713	0.0056	0.1184	0.2626	NA
PML	395.0619	-0.0212	0.0998	0.5865	0.9552
PMM1	346.5835	-0.0383	0.1009	0.3275	0.9003
PMM2	1041.5979	0.001	0.0943	0.9817	0.9961
PMP22	674.8867	-0.0014	0.096	0.9734	0.9959
PMPCA	2055.0601	0.009	0.0933	0.8445	0.986
PMPCB	984.1848	-0.1396	0.1203	0.0056	0.4962
PMS1	396.9271	-0.0264	0.099	0.5131	0.9404
PMS2	354.9103	0.0082	0.0985	0.8388	0.9856
PMS2CL	77.3259	0.031	0.1093	0.2273	0.8832
PMS2L2	1.5044	4e-04	0.1138	0.9379	NA
PMS2P1	152.8497	-0.0576	0.1096	0.0897	0.8072
PMS2P3	23.8896	-0.0123	0.1104	0.4733	0.9312
PMS2P4	22.0525	-0.013	0.1108	0.4202	0.9204
PMS2P5	17.3737	0.0065	0.1106	0.663	0.969
PMVK	586.9011	-0.0426	0.1001	0.2928	0.8986
PNCK	8.0709	-0.0097	0.1123	0.354	0.908
PNISR	638.8451	-0.0413	0.0991	0.3194	0.9
PNKD	2454.3174	-0.0705	0.0995	0.1137	0.8296
PNKP	1010.1135	-0.0265	0.0965	0.5403	0.9464
PNLDC1	2.9462	-0.0037	0.1138	0.5262	NA
PNLIPRP2	0.2605	9e-04	0.1202	0.7459	NA
PNMA1	1326.8322	0.019	0.0935	0.6784	0.9708
PNMA2	56.3738	-0.0142	0.1081	0.5504	0.9489
PNMA6A	23.9912	-0.0103	0.1103	0.5447	0.948
PNMAL1	1603.6778	0.0027	0.0939	0.9521	0.9956
PNMT	2.2298	-0.0024	0.1138	0.6603	NA
PNN	2648.5028	0.1227	0.1069	0.0137	0.6102
PNO1	1044.8367	0.0161	0.0945	0.7196	0.9753
PNOC	117.081	-0.0297	0.1064	0.3277	0.9003
PNP	1120.2034	-0.0245	0.0957	0.5768	0.9552
PNPLA2	1240.0485	-0.0394	0.0958	0.3768	0.9119
PNPLA3	18.7081	0.0042	0.1105	0.7784	0.9806
PNPLA4	597.2176	-0.0481	0.099	0.2549	0.8893
PNPLA6	1958.2186	0.0345	0.0927	0.4628	0.9265
PNPLA7	6.2301	-0.0077	0.1125	0.4011	0.9185
PNPLA8	310.3246	-0.0113	0.0998	0.7693	0.9791
PNPO	1138.5414	-0.0283	0.0945	0.5316	0.9434
PNPT1	1655.9735	-0.0638	0.0954	0.1712	0.8611
PNRC1	673.0904	-0.0752	0.1003	0.093	0.814
PNRC2	2475.3717	-0.0446	0.0926	0.3471	0.9066
POC1A	718.8715	-0.0505	0.0979	0.2458	0.8873
POC1B	518.4416	0.0056	0.0971	0.894	0.9901
POC1B-GALNT4	113.1463	-0.0803	0.1289	0.0076	0.5181
POC5	156.6669	-0.0139	0.1032	0.6785	0.9708
PODN	21.5724	0.0029	0.1101	0.8605	0.9883
PODNL1	3.1774	-0.0025	0.1131	0.6912	NA
PODXL	3671.1548	0.1229	0.1161	0.0101	0.5561
PODXL2	215.0427	-0.0037	0.1027	0.9131	0.993
POF1B	5.2573	-0.0054	0.1124	0.5346	0.9444
POFUT1	2137.7689	0.0336	0.0967	0.438	0.9227
POFUT2	1248.9922	0.1029	0.102	0.0323	0.7128
POGK	1368.0841	0.0294	0.0953	0.5085	0.9397
POGLUT1	282.6904	-0.0086	0.0998	0.8219	0.9851
POGZ	1134.7487	0.0926	0.1049	0.0405	0.7463
POLA1	709.9791	-1e-04	0.0996	0.9971	0.9991
POLA2	932.2652	-0.033	0.0962	0.4517	0.9232
POLB	316.9952	-0.058	0.1041	0.137	0.8569
POLD1	1965.18	-0.0267	0.0924	0.5699	0.9544
POLD2	4795.629	0.003	0.0934	0.9483	0.9956
POLD3	451.302	-0.0025	0.0974	0.9511	0.9956
POLD4	785.2662	-0.0535	0.1018	0.1842	0.868
POLDIP2	3856.3786	-0.0084	0.0917	0.8593	0.9881
POLDIP3	2426.4017	0.0601	0.0933	0.208	0.8771
POLE	2410.2717	0.1162	0.1142	0.0131	0.6042
POLE2	119.3808	-0.0344	0.1062	0.2763	0.8937
POLE3	2114.8738	-0.0248	0.0924	0.5979	0.9572
POLE4	597.4444	-0.0659	0.102	0.1179	0.8299
POLG	1498.9077	0.0611	0.0974	0.1745	0.8611
POLG2	151.5572	0.0042	0.1033	0.8973	0.9907
POLH	1333.3542	0.0109	0.0978	0.7916	0.9836
POLI	271.424	0.0403	0.104	0.2601	0.89
POLK	706.5589	0.0191	0.1023	0.5888	0.9555
POLL	325.0986	-0.048	0.1039	0.1975	0.8721
POLM	189.8048	0.0341	0.1037	0.3312	0.9011
POLN	10.2574	-0.0068	0.1117	0.5505	0.9489
POLQ	812.244	0.0107	0.1006	0.775	0.9802
POLR1A	2045.9876	0.1078	0.1205	0.0123	0.5831
POLR1B	1118.8486	0.0709	0.0986	0.1167	0.8296
POLR1C	717.4373	0.0241	0.0979	0.5624	0.952
POLR1D	1402.3615	-0.0735	0.0999	0.1004	0.821
POLR1E	626.5452	0.0184	0.096	0.6721	0.9707
POLR2A	5462.7632	0.0578	0.0999	0.1747	0.8611
POLR2B	2035.0742	0.1044	0.1023	0.0302	0.7056
POLR2C	1605.8294	-0.0036	0.0942	0.9365	0.9946
POLR2D	1056.6559	0.007	0.0945	0.8751	0.9896
POLR2E	6238.4182	-0.0044	0.0957	0.9186	0.9932
POLR2F	1248.2085	-0.0263	0.0985	0.5207	0.9416
POLR2G	923.1214	-0.052	0.0981	0.2321	0.8851
POLR2H	891.8764	-0.0264	0.0984	0.5198	0.9416
POLR2I	889.6013	-0.052	0.1038	0.1729	0.8611
POLR2J	1037.3505	-0.0593	0.1017	0.1514	0.8598
POLR2J2	49.552	0.0082	0.1088	0.693	0.9715
POLR2J3	287.5895	-0.0732	0.1069	0.0682	0.7804
POLR2J4	72.8498	-0.02	0.1073	0.4504	0.9232
POLR2K	701.1612	-0.0553	0.1016	0.1755	0.8611
POLR2L	3255.7224	-0.044	0.1	0.2815	0.8964
POLR2M	1386.1524	0.004	0.0942	0.9284	0.9937
POLR3A	886.4459	0.0728	0.1016	0.0946	0.8179
POLR3B	666.8572	0.0133	0.0966	0.7554	0.9788
POLR3C	366.8109	0.054	0.1015	0.1843	0.8682
POLR3D	538.9383	0.0188	0.0975	0.6522	0.969
POLR3E	1310.5086	0.0611	0.0955	0.1866	0.8684
POLR3F	266.7657	-0.0314	0.1012	0.4089	0.9187
POLR3G	120.0312	-0.0055	0.1045	0.8579	0.9881
POLR3GL	220.134	-0.0482	0.1062	0.1662	0.8611
POLR3H	1393.2533	0.0131	0.0943	0.7701	0.9792
POLR3K	752.146	-0.0428	0.0999	0.2943	0.8992
POLRMT	2300.5972	0.0835	0.096	0.0825	0.807
POM121	2843.0118	0.0992	0.1068	0.0298	0.7019
POM121C	2642.4132	0.107	0.1083	0.0218	0.65
POM121L10P	1.308	0.0031	0.1166	0.474	NA
POM121L9P	1.5437	0.0039	0.117	0.3918	NA
POMC	1.2432	-6e-04	0.1147	0.8877	NA
POMGNT1	1321.5878	-0.0283	0.0936	0.538	0.9449
POMGNT2	1121.3862	-0.0034	0.0943	0.9391	0.9946
POMK	266.819	0.0098	0.112	0.3862	0.9162
POMP	2214.8061	-0.0672	0.0983	0.1355	0.8556
POMT1	454.6344	0.033	0.098	0.4304	0.9212
POMT2	814.5665	0.0379	0.0958	0.3941	0.917
POMZP3	134.1047	-0.0319	0.1073	0.2776	0.8948
PON1	0.2729	9e-04	0.1202	0.7407	NA
PON2	2163.0414	-0.1295	0.1105	0.0098	0.5526
PON3	0.2289	-7e-04	0.1199	0.8029	NA
POP1	590.0568	-0.0512	0.0993	0.2264	0.8832
POP4	676.6135	-0.0421	0.0987	0.3162	0.9
POP5	343.2376	-0.0665	0.1069	0.0844	0.807
POP7	854.5852	-0.0383	0.0987	0.3573	0.9092
POPDC2	0.6835	-0.0019	0.1208	0.5462	NA
POR	2300.4701	0.0434	0.0933	0.3542	0.908
PORCN	94.5509	0.0084	0.1056	0.7676	0.9791
POT1	245.8503	-0.0112	0.1008	0.7637	0.9791
POTEE	5.2158	-0.0029	0.1122	0.7354	0.976
POTEF	10.5728	0.005	0.1115	0.6574	0.969
POTEI	0.4782	-0.0014	0.1207	0.6409	NA
POTEJ	0.8187	0.0025	0.1212	0.4479	NA
POTEM	1.4593	-0.0032	0.1163	0.472	NA
POU2F1	598.2789	0.043	0.1031	0.2487	0.8873
POU2F2	4.723	-0.0015	0.1122	0.8571	0.988
POU3F1	8.6355	0.0043	0.1118	0.6726	0.9707
POU3F2	20.1845	-0.0112	0.1107	0.4845	0.9322
POU3F3	933.0743	0.0572	0.0971	0.2015	0.874
POU4F1	83.3511	0.0149	0.1063	0.5922	0.9562
POU5F1	252.556	0.026	0.1011	0.4897	0.9324
POU5F1B	0.2735	0.001	0.1202	0.7401	NA
POU5F1P3	1.4422	-0.0032	0.1162	0.4739	NA
POU5F1P4	0.9518	-0.0028	0.1209	0.4155	NA
POU6F1	142.0689	-0.0115	0.1037	0.7216	0.9753
PP13	32.8151	0.0296	0.1127	0.1193	0.8309
PP14571	64.7326	-0.0363	0.1108	0.1494	0.8598
PP2D1	2.2275	-2e-04	0.1134	0.9667	NA
PP7080	223.1479	-0.0344	0.1034	0.3321	0.9014
PPA1	2744.2215	-0.0669	0.0964	0.1476	0.8598
PPA2	928.985	-0.0876	0.1049	0.048	0.7463
PPAN	1387.8355	0.0488	0.0946	0.2904	0.8981
PPAN-P2RY11	1.6805	-0.0054	0.1242	0.2069	NA
PPAP2A	496.6169	-0.0023	0.0972	0.9562	0.9956
PPAP2B	89.7547	-0.0017	0.106	0.9496	0.9956
PPAP2C	136.6947	-0.0216	0.1049	0.4918	0.9331
PPAPDC1A	1.4667	4e-04	0.1147	0.9331	NA
PPAPDC1B	738.1997	-0.0587	0.0984	0.1819	0.8669
PPAPDC2	301.0917	0.0131	0.0999	0.7323	0.976
PPAPDC3	6.0867	0.0067	0.1126	0.4381	0.9227
PPARA	413.3603	-0.0078	0.1022	0.8226	0.9851
PPARD	631.935	0.0312	0.0969	0.4671	0.9283
PPARG	441.4431	0.0226	0.0979	0.5851	0.9552
PPARGC1A	626	0.0199	0.0984	0.6246	0.9622
PPARGC1B	220.0199	0.0448	0.1068	0.179	0.8629
PPAT	832.4969	0.0446	0.0973	0.3054	0.8992
PPCDC	180.589	-0.0841	0.1175	0.0236	0.6573
PPCS	898.4305	-0.0499	0.0967	0.2615	0.89
PPDPF	3551.8925	-0.0365	0.0974	0.3946	0.917
PPFIA1	1674.3721	0.0549	0.101	0.1836	0.868
PPFIA3	231.3816	-0.0266	0.1015	0.4738	0.9312
PPFIA4	3.7767	-0.0018	0.1126	0.8023	NA
PPFIBP1	2486.0264	0.0593	0.099	0.173	0.8611
PPFIBP2	950.8572	0.0649	0.0974	0.1524	0.8598
PPHLN1	1314.069	-0.0153	0.0935	0.7386	0.9761
PPIA	17163.1374	-0.0614	0.1006	0.1486	0.8598
PPIAL4B	0.232	-7e-04	0.1199	0.8004	NA
PPIB	10566.0388	-0.0309	0.0939	0.5009	0.9355
PPIC	2434.3162	-0.0367	0.0959	0.4075	0.9187
PPID	1012.0051	-0.0374	0.0956	0.4011	0.9185
PPIE	683.1096	-0.0304	0.0962	0.4856	0.9323
PPIEL	5.2336	-0.0014	0.1121	0.876	0.9899
PPIF	2417.4979	-0.0371	0.0934	0.4247	0.9204
PPIG	1401.0976	0.0518	0.0989	0.2251	0.8832
PPIH	546.4677	-0.0371	0.1	0.3551	0.9085
PPIL1	952.3413	-0.0304	0.0962	0.4859	0.9323
PPIL2	779.5876	-0.0651	0.0985	0.1441	0.8598
PPIL3	159.4545	-0.0767	0.116	0.0307	0.707
PPIL4	812.3302	0.0501	0.0968	0.2598	0.89
PPIL6	21.018	-0.0186	0.1116	0.2474	0.8873
PPIP5K1	608.3552	0.0358	0.0987	0.3879	0.9162
PPIP5K2	1201.3067	-0.0057	0.0987	0.8859	0.9899
PPL	716.8644	0.0888	0.1104	0.0341	0.7266
PPM1A	1024.8007	-0.0168	0.0942	0.711	0.9731
PPM1B	2898.0094	0.1093	0.1021	0.0256	0.6739
PPM1D	799.656	0.0264	0.0955	0.5511	0.9489
PPM1E	21.1928	-0.0053	0.1103	0.7424	0.9761
PPM1F	1272.9361	0.0043	0.0938	0.9243	0.9934
PPM1G	4334.4344	-0.0215	0.0917	0.6497	0.9682
PPM1H	1099.2921	0.0372	0.0968	0.3922	0.9162
PPM1J	58.6216	-0.019	0.1085	0.4246	0.9204
PPM1K	108.1578	-0.0782	0.1218	0.0169	0.6309
PPM1L	78.0507	0.0306	0.1101	0.2075	0.8771
PPM1M	672.4619	-0.0256	0.0967	0.5511	0.9489
PPM1N	21.77	-0.0061	0.1103	0.7066	0.9724
PPME1	1277.8465	-0.002	0.0932	0.9651	0.9956
PPOX	128.8771	-0.059	0.1126	0.0632	0.7689
PPP1CA	6297.7209	-0.0052	0.0942	0.9076	0.9922
PPP1CB	3141.4112	-0.0301	0.0919	0.5252	0.9416
PPP1CC	3997.401	-0.049	0.0925	0.304	0.8992
PPP1R10	2078.8845	0.0841	0.0988	0.072	0.7855
PPP1R11	626.6088	-0.0545	0.099	0.2049	0.8747
PPP1R12A	1935.5879	0.0566	0.0998	0.1828	0.8673
PPP1R12B	343.1337	0.0526	0.1058	0.1462	0.8598
PPP1R12C	1522.2894	0.0419	0.0937	0.3668	0.9103
PPP1R13B	890.5548	0.0583	0.0972	0.1931	0.8684
PPP1R13L	310.8448	0.0456	0.1017	0.2453	0.8873
PPP1R14A	355.7406	-0.0082	0.1014	0.8207	0.9851
PPP1R14B	7575.2752	-0.0171	0.0962	0.6914	0.9715
PPP1R14C	6.3963	-0.0035	0.1119	0.7099	0.9731
PPP1R14D	0.4272	-0.0013	0.1205	0.6683	NA
PPP1R15A	972.1823	0.0198	0.0943	0.6615	0.969
PPP1R15B	1160.2925	0.0702	0.099	0.1178	0.8299
PPP1R16A	1002.3705	0.0145	0.096	0.7372	0.9761
PPP1R16B	2.5414	0.0024	0.1131	0.7002	NA
PPP1R18	1091.9327	-0.0078	0.0938	0.863	0.9887
PPP1R1A	1.7033	-0.002	0.1144	0.6826	NA
PPP1R2	575.2915	0.1008	0.1115	0.0229	0.6565
PPP1R21	250.1026	-0.0239	0.1009	0.5262	0.9416
PPP1R26	1153.7425	0.0936	0.1021	0.0445	0.7463
PPP1R26-AS1	15.9907	0.0102	0.1111	0.4755	0.9312
PPP1R27	0.7929	0.0011	0.1174	0.7547	NA
PPP1R2P3	3.4684	-0.001	0.1125	0.8943	NA
PPP1R32	0.7535	9e-04	0.1175	0.7779	NA
PPP1R35	406.4393	-0.0093	0.1009	0.8	0.9839
PPP1R36	34.5743	-0.0082	0.1092	0.6791	0.9708
PPP1R37	929.9134	0.1075	0.1061	0.0235	0.6573
PPP1R3B	625.6354	-0.0027	0.0978	0.948	0.9956
PPP1R3C	9.2802	-3e-04	0.1115	0.9753	0.9959
PPP1R3D	196.6312	0.0182	0.1026	0.6	0.958
PPP1R3E	57.9866	0.0048	0.1073	0.8432	0.986
PPP1R3F	43.383	0.0023	0.1082	0.9177	0.9932
PPP1R3G	6.1733	0.0097	0.1131	0.2889	0.8971
PPP1R7	850.1748	-0.13	0.125	0.0062	0.5031
PPP1R8	1231.1756	0.015	0.0937	0.7425	0.9761
PPP1R9A	821.3352	0.0697	0.1032	0.0961	0.821
PPP1R9B	2491.5416	0.0669	0.0955	0.1529	0.8598
PPP2CA	4057.8401	-0.0202	0.0919	0.6693	0.9698
PPP2CB	1836.1746	-0.0458	0.0953	0.3132	0.9
PPP2R1A	10262.2096	0.0352	0.092	0.459	0.9259
PPP2R1B	1347.3739	0.0436	0.0962	0.3266	0.9003
PPP2R2A	1314.8343	0.0184	0.0933	0.6887	0.9712
PPP2R2B	0.2296	-7e-04	0.1199	0.8023	NA
PPP2R2C	142.2341	-0.0165	0.1043	0.6039	0.9581
PPP2R2D	660.695	2e-04	0.0974	0.996	0.9991
PPP2R3A	234.5886	-0.0698	0.1092	0.0647	0.7723
PPP2R3B	395.7377	-0.0349	0.1007	0.3718	0.9111
PPP2R3C	502.9283	-0.0816	0.1041	0.0612	0.7686
PPP2R4	3489.7348	-0.0344	0.0941	0.4537	0.9242
PPP2R5A	2143.0176	-0.0045	0.0922	0.9231	0.9934
PPP2R5B	295.2805	-0.0458	0.1017	0.2429	0.886
PPP2R5C	1595.4721	-0.051	0.0944	0.2723	0.891
PPP2R5D	1585.2714	0.0081	0.0932	0.8594	0.9881
PPP2R5E	1287.3192	0.0337	0.0958	0.4455	0.9232
PPP3CA	539.1507	-0.0427	0.0983	0.3142	0.9
PPP3CB	898.9094	-0.0179	0.0961	0.6787	0.9708
PPP3CC	324.2419	0.0047	0.1001	0.9009	0.9908
PPP3R1	1190.9946	-0.0207	0.094	0.6492	0.9682
PPP4C	3094.3433	-0.018	0.0946	0.6872	0.9712
PPP4R1	1727.6557	-0.0154	0.0934	0.7374	0.9761
PPP4R1L	2.9766	-0.001	0.1127	0.8792	NA
PPP4R2	644.1255	0.0382	0.1012	0.3239	0.9
PPP4R4	2.0402	0.0022	0.1135	0.6974	NA
PPP5C	2147.5977	-0.0161	0.0925	0.7304	0.9759
PPP5D1	2.2258	-0.0032	0.1138	0.5771	NA
PPP6C	1554.4207	-0.0401	0.0941	0.383	0.9146
PPP6R1	3953.4168	0.0904	0.0968	0.062	0.7689
PPP6R2	1117.1116	-0.0607	0.0965	0.183	0.8673
PPP6R3	2601.1231	0.082	0.0984	0.0793	0.8068
PPRC1	1871.0955	0.1253	0.1164	0.0094	0.5526
PPT1	1841.1372	-0.0258	0.0925	0.5828	0.9552
PPT2	893.1377	-0.0084	0.0958	0.8473	0.9866
PPT2-EGFL8	51.4385	0.0207	0.1104	0.3021	0.8992
PPTC7	789.8154	0.051	0.1043	0.1732	0.8611
PPWD1	538.8036	-0.0032	0.0973	0.9378	0.9946
PPY	0.4698	-0.0014	0.1207	0.6442	NA
PQBP1	578.862	-0.0114	0.0991	0.773	0.98
PQLC1	1095.7321	0.0112	0.095	0.801	0.9839
PQLC2	671.383	0.0097	0.0978	0.8134	0.985
PQLC3	284.3031	-0.0648	0.1064	0.0927	0.814
PRADC1	330.6853	-0.0587	0.105	0.1262	0.841
PRAF2	507.6366	-0.0543	0.0999	0.1975	0.8721
PRAM1	1.0158	3e-04	0.1152	0.9471	NA
PRAP1	77.6283	-0.0015	0.1065	0.9539	0.9956
PRB2	0.5458	0.0016	0.1213	0.5866	NA
PRC1	2358.7132	-0.011	0.0919	0.8148	0.985
PRC1-AS1	0.9998	2e-04	0.1159	0.9647	NA
PRCC	1848.3989	0.0152	0.0925	0.7444	0.9761
PRCD	9.2583	8e-04	0.1116	0.9363	0.9945
PRCP	1794.9568	-0.027	0.0935	0.558	0.9508
PRDM1	77.1901	-0.0118	0.1066	0.6581	0.969
PRDM10	334.5134	0.0592	0.1051	0.1226	0.8315
PRDM11	426.6512	0.074	0.1077	0.0631	0.7689
PRDM12	4.7598	1e-04	0.1122	0.9864	0.9969
PRDM13	19.7483	0.008	0.1106	0.6031	0.9581
PRDM15	291.4876	0.0538	0.1051	0.1481	0.8598
PRDM16	1.499	-0.003	0.1155	0.5122	NA
PRDM2	679.8352	0.0396	0.0984	0.346	0.906
PRDM4	775.5518	0.0213	0.0965	0.6207	0.9607
PRDM5	0.6875	-0.0019	0.1209	0.54	NA
PRDM6	304.8255	0.0395	0.1011	0.3109	0.8998
PRDM7	0.1879	-6e-04	0.1197	0.8403	NA
PRDM8	0.2289	-7e-04	0.1199	0.8029	NA
PRDX1	19818.7993	-0.0414	0.0951	0.3602	0.9101
PRDX2	7464.8492	-0.0546	0.0975	0.2171	0.8788
PRDX3	5950.9546	-0.046	0.0934	0.326	0.9001
PRDX4	1850.3788	-0.0592	0.0992	0.1722	0.8611
PRDX5	2949.1793	-0.0285	0.0978	0.4957	0.9347
PRDX6	5735.8558	-0.0545	0.0957	0.2332	0.8859
PREB	1708.7641	-0.0086	0.0935	0.8511	0.9872
PRELID1	6271.3345	-0.0155	0.0953	0.7252	0.9755
PRELID2	110.8339	-0.0344	0.1068	0.2631	0.89
PRELP	1.2634	0.0013	0.1144	0.7851	NA
PREP	958.1215	0.0371	0.0949	0.4113	0.9197
PREPL	1753.0675	-0.0205	0.0944	0.6489	0.9682
PREX1	81.5445	0.0265	0.1077	0.3302	0.901
PREX2	1804.3955	0.017	0.1106	0.351	0.9073
PRF1	1.9105	-0.0048	0.1171	0.3269	NA
PRG4	0.5021	1e-04	0.1192	0.9645	NA
PRH1-PRR4	31.3631	0.0054	0.1093	0.7786	0.9806
PRH2	2.4617	0.0034	0.1135	0.5776	NA
PRICKLE1	1100.144	0.0539	0.0978	0.22	0.8828
PRICKLE3	331.375	0.0062	0.0991	0.8748	0.9896
PRICKLE4	49.358	0.0319	0.1108	0.1732	0.8611
PRIM1	254.2798	-0.0326	0.1015	0.3882	0.9162
PRIM2	547.9636	-0.0324	0.0973	0.4481	0.9232
PRIMPOL	200.2062	-0.0597	0.1071	0.1044	0.8247
PRKAA1	1655.8199	0.0217	0.0957	0.6206	0.9607
PRKAA2	6.938	-0.0035	0.1119	0.7231	0.9755
PRKAB1	948.5985	0.0244	0.0947	0.5874	0.9552
PRKAB2	451.0388	0.0643	0.1038	0.1119	0.8281
PRKACA	2616.1971	-0.0164	0.0917	0.7285	0.9758
PRKACB	664.3374	-0.0024	0.0965	0.9547	0.9956
PRKAG1	509.6693	-0.0341	0.0979	0.4189	0.9204
PRKAG2	1082.3496	0.0047	0.0949	0.9157	0.9932
PRKAG2-AS1	0.9444	-0.0028	0.1209	0.419	NA
PRKAR1A	5733.3415	0.0095	0.0919	0.8407	0.986
PRKAR1B	208.5361	0.015	0.1027	0.6617	0.969
PRKAR2A	2360.159	0.0477	0.0959	0.289	0.8971
PRKAR2A-AS1	7.5737	0.005	0.1118	0.6316	0.964
PRKAR2B	21.9556	-1e-04	0.11	0.9936	0.9987
PRKCA	1439.3335	0.0748	0.1052	0.0719	0.7855
PRKCD	724.4985	0.0501	0.0968	0.2596	0.89
PRKCE	242.4235	0.0217	0.103	0.5285	0.9421
PRKCG	11.824	0.0154	0.1126	0.214	0.8774
PRKCH	5.5055	-0.0093	0.1135	0.2695	0.8901
PRKCI	2275.1323	0.0092	0.0939	0.8399	0.9859
PRKCQ	103.8331	-0.0182	0.1055	0.5396	0.9458
PRKCQ-AS1	44.8918	-0.0332	0.1118	0.1358	0.8556
PRKCSH	6546.2343	0.019	0.0917	0.688	0.9712
PRKCZ	915.084	-0.0176	0.095	0.6926	0.9715
PRKD1	115.1256	-0.033	0.1071	0.2707	0.8904
PRKD2	916.6327	-0.0049	0.0944	0.9129	0.993
PRKD3	858.2646	-0.0177	0.0962	0.6821	0.9712
PRKDC	7952.3408	0.0688	0.1038	0.0957	0.82
PRKG2	4.2405	0.0014	0.1123	0.8562	NA
PRKRA	602.9956	-0.1302	0.1226	0.0067	0.5102
PRKRIP1	538.0364	-0.0362	0.0992	0.3765	0.9119
PRKRIR	1070.6168	-0.0419	0.0956	0.35	0.9067
PRKX	1545.7654	0.0254	0.0945	0.5735	0.9544
PRKXP1	18.0633	0.0115	0.1111	0.4357	0.9227
PRLR	0.8187	0.0025	0.1212	0.4479	NA
PRMT1	5929.6004	-0.0205	0.0923	0.6614	0.969
PRMT2	1386.5721	-0.0138	0.0939	0.7619	0.9791
PRMT3	384.6979	-0.0639	0.1024	0.1234	0.8339
PRMT5	2847.1419	-0.0108	0.0914	0.8194	0.985
PRMT6	520.1769	0.0261	0.0971	0.5386	0.9451
PRMT7	630.7562	0.0327	0.0968	0.4482	0.9232
PRMT9	298.777	0.0282	0.101	0.4571	0.9254
PRNCR1	4.7304	3e-04	0.1122	0.9745	0.9959
PRNP	1020.6351	-0.054	0.0963	0.2319	0.8851
PRO2852	1.5769	0.0062	0.1254	0.1683	NA
PROB1	25.6776	0.0197	0.1114	0.2517	0.8879
PROC	1.5679	-0.0034	0.1162	0.451	NA
PROCA1	24.9806	-0.0093	0.1101	0.5918	0.9562
PROCR	2806.2012	0.0068	0.0934	0.8818	0.9899
PRODH	889.091	-0.1256	0.1474	0.0024	0.3759
PRODH2	0.9324	-0.0033	0.1203	0.3791	NA
PROM1	7.7603	0.0051	0.1118	0.6275	0.9634
PROM2	32.8725	-0.0142	0.11	0.4529	0.9239
PRORSD1P	3.9098	-0.0051	0.1133	0.4582	NA
PROS1	385.9202	-0.0145	0.0985	0.7195	0.9753
PROSC	1160.5367	-0.0251	0.0942	0.5804	0.9552
PROSER1	1225.4677	0.0822	0.1012	0.0693	0.7804
PROSER2	621.5501	0.0406	0.098	0.3401	0.9034
PROSER2-AS1	5.8331	-0.0051	0.1123	0.5667	0.9533
PROX1	6.2128	7e-04	0.1119	0.9402	0.9946
PROX2	1.7798	0.0046	0.1173	0.3388	NA
PROZ	4.8494	0.0054	0.1125	0.5166	0.9413
PRPF18	316.6132	-0.0482	0.1017	0.2243	0.8832
PRPF19	3861.0559	0.0082	0.0914	0.8624	0.9887
PRPF3	867.2005	0.1316	0.117	0.0077	0.5181
PRPF31	2326.1116	0.0327	0.0928	0.4848	0.9322
PRPF38A	1367.5273	-0.0126	0.0931	0.7847	0.9821
PRPF38B	1372.1299	0.0469	0.0949	0.3058	0.8992
PRPF39	417.8805	-0.005	0.0977	0.903	0.9911
PRPF4	1362.9905	0.0499	0.0945	0.2806	0.8964
PRPF40A	2892.1943	0.0386	0.0948	0.3944	0.917
PRPF40B	102.6582	-0.0269	0.1062	0.3707	0.9111
PRPF4B	1728.7101	0.0481	0.0989	0.2566	0.89
PRPF6	2544.5314	0.0933	0.0979	0.0535	0.7578
PRPF8	9336.6886	0.1346	0.1235	0.0058	0.4962
PRPH	3.5473	0.0027	0.1127	0.7016	NA
PRPH2	16.8575	0.0083	0.111	0.5606	0.9516
PRPS1	1201.7104	-0.0127	0.0934	0.7824	0.9811
PRPS2	874.731	-0.0358	0.0959	0.4194	0.9204
PRPSAP1	683.5963	-0.1094	0.1107	0.0184	0.6379
PRPSAP2	533.5469	-0.0342	0.0981	0.4147	0.9204
PRR11	1466.6386	-0.0277	0.0973	0.5143	0.9406
PRR12	1586.9355	0.1134	0.1161	0.0131	0.6042
PRR13	2245.0971	-0.0525	0.0968	0.2397	0.886
PRR14	565.1677	-0.0122	0.0964	0.7759	0.9803
PRR14L	967.7377	0.0635	0.1018	0.1292	0.8471
PRR15	59.4763	-0.0199	0.1089	0.3874	0.9162
PRR15L	15.1698	-0.0015	0.1108	0.9133	0.9931
PRR18	0.7068	-0.0023	0.12	0.4901	NA
PRR19	34.7378	-0.011	0.1095	0.5743	0.9544
PRR22	38.8687	-0.0023	0.1086	0.911	0.9928
PRR23D2	0.24	-7e-04	0.1199	0.7975	NA
PRR24	166.8048	-0.0298	0.1062	0.3292	0.9004
PRR26	72.5657	0.0166	0.1075	0.5131	0.9404
PRR3	392.7692	0.0106	0.0982	0.795	0.9839
PRR4	1.8238	0.0062	0.1268	0.1616	NA
PRR5	670	-0.0116	0.1001	0.7604	0.9791
PRR5-ARHGAP8	0.6867	-0.0019	0.1209	0.5405	NA
PRR5L	324.877	0.0182	0.0994	0.6429	0.9669
PRR7	250.3375	-0.0272	0.1037	0.4238	0.9204
PRR7-AS1	0.8077	0.0029	0.1206	0.4099	NA
PRRC1	1519.8873	0.0235	0.0948	0.5993	0.9572
PRRC2A	8515.1958	0.1058	0.1086	0.0224	0.6524
PRRC2B	6956.6103	0.1045	0.1136	0.0187	0.6398
PRRC2C	2748.8264	0.1038	0.1215	0.0126	0.5958
PRRG1	329.6936	0.0085	0.1004	0.8214	0.9851
PRRG2	71.2799	-0.0193	0.1074	0.4612	0.9264
PRRG4	3.2955	-0.0128	0.1375	0.0465	NA
PRRT1	18.705	-0.0085	0.1106	0.5818	0.9552
PRRT2	23.4536	0.0206	0.1116	0.2273	0.8832
PRRT3	183.3275	0.0169	0.1024	0.6278	0.9634
PRRT3-AS1	81.3463	-0.0261	0.1088	0.2969	0.8992
PRRT4	0.72	-0.002	0.1208	0.5235	NA
PRRX1	7.7295	-0.0022	0.1117	0.8303	0.9854
PRRX2	1231.9193	-0.067	0.1018	0.1147	0.8296
PRSS12	2.6383	-0.0048	0.114	0.4339	NA
PRSS16	20.9607	-0.0131	0.1108	0.4181	0.9204
PRSS22	8.7496	-0.0034	0.1119	0.7244	0.9755
PRSS23	279.3785	0.0343	0.1011	0.3716	0.9111
PRSS27	1.9782	-0.0015	0.1134	0.7847	NA
PRSS3	2.3232	-0.0088	0.132	0.0898	NA
PRSS30P	0.48	-0.0014	0.1207	0.6399	NA
PRSS33	0.4999	1e-04	0.1192	0.9715	NA
PRSS35	774.6957	0.0093	0.095	0.8332	0.9854
PRSS36	6.8258	-0.0087	0.1128	0.341	0.9036
PRSS42	0.2605	9e-04	0.1202	0.7459	NA
PRSS50	0.2738	0.001	0.1202	0.7399	NA
PRSS53	30.9649	0.0202	0.1106	0.2921	0.8984
PRSS57	0.5334	0.0017	0.1207	0.5726	NA
PRSS8	220.2063	0.0016	0.1019	0.9632	0.9956
PRTFDC1	338.0231	-0.1331	0.1346	0.0041	0.4591
PRTG	525.0928	0.0601	0.1048	0.1216	0.8309
PRTN3	6.905	-0.0015	0.112	0.8724	0.9894
PRUNE	190.4734	-0.0045	0.1018	0.8993	0.9908
PRUNE2	120.6447	-0.012	0.1061	0.6651	0.969
PRX	511.4855	0.1196	0.1197	0.0097	0.5526
PSAP	16921.8924	0.0194	0.0902	0.6895	0.9712
PSAPL1	15.6338	0.0093	0.1115	0.4627	0.9265
PSAT1	10817.8969	-0.0061	0.0906	0.8986	0.9907
PSCA	0.9822	2e-04	0.1159	0.9626	NA
PSD	110.6646	0.0105	0.1047	0.731	0.9759
PSD2	0.7617	9e-04	0.1175	0.7796	NA
PSD3	4.7217	-0.0091	0.1139	0.2543	0.8893
PSD4	307.8017	0.0415	0.101	0.2922	0.8984
PSEN1	1326.9978	0.0458	0.0952	0.3136	0.9
PSEN2	218.2941	-0.0051	0.101	0.8898	0.9899
PSENEN	642.3175	-0.0487	0.1019	0.2169	0.8787
PSIMCT-1	26.6096	0.0068	0.1098	0.7023	0.9724
PSIP1	2030.8304	-0.0187	0.0929	0.6865	0.9712
PSKH1	1345.0911	-0.002	0.0931	0.9647	0.9956
PSKH2	0.2729	9e-04	0.1202	0.7407	NA
PSMA1	3668.3108	-0.0515	0.0948	0.2645	0.89
PSMA2	2819.7958	-0.0709	0.0983	0.1184	0.8305
PSMA3	2263.9363	-0.0564	0.0976	0.2033	0.8747
PSMA4	3901.3528	-0.075	0.0966	0.1097	0.8274
PSMA5	2189.1798	-0.0632	0.0982	0.1561	0.8598
PSMA6	3608.0614	-0.039	0.0929	0.4065	0.9185
PSMA7	6442.0252	-0.0306	0.0947	0.4971	0.935
PSMB1	3521.3472	-0.0533	0.0959	0.241	0.886
PSMB10	444.8752	-0.0558	0.1062	0.1276	0.8423
PSMB2	4092.4842	-0.0505	0.0959	0.2635	0.89
PSMB3	2961.4149	-0.03	0.0968	0.4851	0.9322
PSMB4	5396.4327	-0.0471	0.0956	0.2975	0.8992
PSMB5	4855.5365	-0.058	0.0978	0.1903	0.8684
PSMB6	2175.7063	-0.0512	0.0978	0.241	0.886
PSMB7	3180.6907	-0.0497	0.0952	0.2765	0.8937
PSMB8	573.5381	-0.0483	0.1004	0.2386	0.886
PSMB9	73.3853	-0.0135	0.1075	0.5888	0.9555
PSMC1	3577.491	-0.038	0.0929	0.4186	0.9204
PSMC2	2729.9363	0.0051	0.0922	0.9125	0.993
PSMC3	3418.1377	-0.0277	0.0933	0.5495	0.9489
PSMC3IP	296.1416	-0.0084	0.1013	0.8161	0.985
PSMC4	6135.5983	0.0063	0.0923	0.8924	0.9899
PSMC5	3425.9435	-0.0358	0.0926	0.4475	0.9232
PSMC6	2100.6058	-0.0577	0.0938	0.2223	0.8832
PSMD1	3948.706	0.0273	0.0913	0.5679	0.9535
PSMD10	1104.8434	-0.0528	0.0962	0.242	0.886
PSMD11	3900.6511	-0.0247	0.0912	0.6063	0.9581
PSMD12	1095.3801	0.0191	0.0941	0.6726	0.9707
PSMD13	2685.1358	-0.0594	0.0945	0.2058	0.8747
PSMD14	2216.2306	-0.0292	0.0932	0.5291	0.9423
PSMD2	10219.8139	0.0195	0.0902	0.6877	0.9712
PSMD3	5066.6276	0.0362	0.0913	0.4508	0.9232
PSMD4	3175.3147	-0.0262	0.0944	0.5628	0.952
PSMD5	1029.6725	0.046	0.096	0.3045	0.8992
PSMD5-AS1	102.6626	0.0141	0.1054	0.6312	0.964
PSMD6	1910.5769	-0.0145	0.0939	0.7494	0.977
PSMD6-AS2	6.2451	0.0029	0.1123	0.7212	0.9753
PSMD7	2533.1723	-0.0166	0.092	0.7239	0.9755
PSMD8	3990.8163	-0.0193	0.0941	0.6704	0.9698
PSMD9	1266.8377	-0.0635	0.0993	0.1475	0.8598
PSME1	2210.7168	-0.0571	0.0987	0.1896	0.8684
PSME2	2098.6385	-0.0801	0.1015	0.0733	0.7897
PSME3	4196.8181	-0.0051	0.0911	0.9143	0.9932
PSME4	2611.5318	0.067	0.0965	0.1469	0.8598
PSMF1	2207.7127	-0.0225	0.0926	0.6303	0.964
PSMG1	851.9385	-0.1283	0.1223	0.0071	0.5153
PSMG2	713.6992	-0.0484	0.0973	0.2694	0.8901
PSMG3	544.2191	-0.0537	0.1023	0.1782	0.8611
PSMG3-AS1	37.7169	-0.0324	0.1124	0.1213	0.8309
PSMG4	232.4474	-0.101	0.1263	0.0098	0.5526
PSORS1C1	4.6648	-0.0034	0.1129	0.6233	0.9615
PSORS1C2	2.5235	6e-04	0.113	0.9169	NA
PSORS1C3	1.4772	2e-04	0.1147	0.9613	NA
PSPC1	1291.2213	-0.0163	0.0937	0.7214	0.9753
PSPH	804.7935	0.0078	0.0952	0.8595	0.9881
PSPN	1.2424	-4e-04	0.1146	0.9226	NA
PSRC1	734.5287	0.0021	0.0962	0.9614	0.9956
PSTK	35.6948	-0.0013	0.109	0.9482	0.9956
PSTPIP1	0.8821	-0.0031	0.1204	0.3912	NA
PSTPIP2	543.1712	-0.0177	0.0972	0.6736	0.9708
PTAFR	26.8305	0.0169	0.1107	0.3396	0.9032
PTAR1	3480.9724	0.0501	0.0999	0.2289	0.8832
PTBP1	12958.34	0.0729	0.0928	0.1357	0.8556
PTBP2	205.3809	0.0174	0.1033	0.6046	0.9581
PTBP3	2747.918	0.0179	0.0935	0.6954	0.9722
PTCD1	633.7352	0.0393	0.0988	0.345	0.9054
PTCD2	161.5561	0.0463	0.1061	0.1785	0.8617
PTCD3	1871.1413	0.0592	0.094	0.2096	0.8773
PTCH1	502.2136	0.1146	0.1293	0.0069	0.5102
PTCH2	119.7342	0.0195	0.105	0.527	0.9417
PTCHD1	0.2729	9e-04	0.1202	0.7407	NA
PTCHD2	0.2607	9e-04	0.1202	0.7458	NA
PTCHD3P1	511.3469	0.033	0.0976	0.4364	0.9227
PTCHD4	7.0049	3e-04	0.1118	0.9779	0.9959
PTDSS1	2231.2269	-0.0369	0.0927	0.4331	0.9227
PTDSS2	1190.8854	-0.0128	0.0951	0.7718	0.9796
PTEN	527.0986	0.0321	0.099	0.4303	0.9212
PTER	339.122	-0.0406	0.1006	0.3064	0.8992
PTGDR	4.6126	0.0028	0.1124	0.728	0.9758
PTGDR2	0.2609	9e-04	0.1202	0.7456	NA
PTGDS	1063.8863	-0.0233	0.0976	0.5779	0.9552
PTGER1	0.9649	-0.0016	0.1162	0.6832	NA
PTGER2	645.4362	0.0248	0.096	0.5694	0.9543
PTGER4	1057.7984	0.0264	0.0955	0.5512	0.9489
PTGER4P2-CDK2AP2P2	0.7824	0.0024	0.1212	0.4643	NA
PTGES	1685.5309	0.0451	0.0954	0.3187	0.9
PTGES2	1759.2793	-0.027	0.0976	0.5205	0.9416
PTGES2-AS1	1.0024	3e-04	0.1148	0.9502	NA
PTGES3	6126.783	-0.0651	0.0951	0.1652	0.8611
PTGES3L	95.5723	-0.0157	0.1063	0.5725	0.9544
PTGES3L-AARSD1	32.3842	0.0328	0.1131	0.0988	0.821
PTGFRN	2207.5894	0.0622	0.0986	0.1593	0.8611
PTGIS	0.2394	-7e-04	0.1199	0.7982	NA
PTGR1	1284.857	-0.0105	0.0935	0.8184	0.985
PTGR2	246.9431	-0.0422	0.1026	0.2635	0.89
PTGS1	3.7011	-0.0018	0.1125	0.8082	NA
PTH1R	3.6572	-0.0034	0.1127	0.6429	NA
PTHLH	1.6127	0.0066	0.1258	0.1564	NA
PTK2	2437.0687	0.0737	0.0994	0.1019	0.8228
PTK2B	33.3021	-0.0172	0.1101	0.3776	0.9119
PTK6	8.7004	-0.0043	0.1116	0.6911	0.9715
PTK7	4776.7813	0.0435	0.0931	0.3542	0.908
PTMA	34957.1419	-0.0577	0.0937	0.2223	0.8832
PTMS	10440.4601	-0.0348	0.0974	0.4146	0.9204
PTN	0.2605	9e-04	0.1202	0.7459	NA
PTOV1	3263.543	-0.0317	0.0954	0.4764	0.9312
PTOV1-AS1	156.7775	0.0304	0.1043	0.3657	0.9102
PTP4A1	6445.9114	-0.0272	0.0908	0.5725	0.9544
PTP4A2	4211.2009	-0.0616	0.0937	0.1954	0.8709
PTP4A3	151.9712	-0.0102	0.1031	0.7592	0.9791
PTPDC1	80.07	-0.005	0.1061	0.8544	0.9877
PTPLA	201.3677	-0.2095	0.2196	2e-04	0.1226
PTPLAD1	3805.1101	0.003	0.0922	0.9481	0.9956
PTPLAD2	177.0594	-0.0292	0.1033	0.4024	0.9185
PTPLB	291.5852	0.0312	0.1065	0.3038	0.8992
PTPMT1	835.4162	-0.062	0.1039	0.1208	0.8309
PTPN1	1670.5112	0.024	0.0933	0.6032	0.9581
PTPN11	5838.6151	0.0601	0.1005	0.1563	0.8598
PTPN12	1991.6346	-0.0291	0.0932	0.5302	0.9428
PTPN13	2160.4832	0.0582	0.1025	0.15	0.8598
PTPN14	2524.8216	0.1047	0.1143	0.0179	0.6362
PTPN18	408.1621	-0.0453	0.1013	0.2527	0.8881
PTPN2	504.9121	-0.0511	0.099	0.2303	0.8841
PTPN20B	0.6958	-0.0023	0.1201	0.4912	NA
PTPN21	469.4063	0.0557	0.1026	0.1627	0.8611
PTPN23	2149.8046	0.1008	0.1035	0.0326	0.7128
PTPN3	817.3237	-0.0039	0.0952	0.9293	0.9937
PTPN4	244.6914	0.0362	0.1028	0.322	0.9
PTPN5	18.0999	-0.0198	0.1122	0.192	0.8684
PTPN6	281.8615	-0.0029	0.0999	0.9404	0.9946
PTPN9	1666.0914	0.0435	0.0935	0.3518	0.9077
PTPRA	1507.254	0.0267	0.0933	0.5634	0.952
PTPRB	58.7969	0.0289	0.1096	0.2375	0.886
PTPRC	339.71	-0.0082	0.1008	0.8238	0.9851
PTPRCAP	6.3095	0.0035	0.1121	0.6945	0.9722
PTPRD	1772.5644	0.0958	0.1137	0.0234	0.6573
PTPRE	22.7514	-0.0019	0.1101	0.9064	0.9922
PTPRF	8656.6751	0.0961	0.1087	0.0302	0.7056
PTPRG	2452.005	0.0695	0.1052	0.0861	0.807
PTPRG-AS1	1.9814	3e-04	0.1136	0.947	NA
PTPRH	180.8798	0.0443	0.1048	0.2132	0.8774
PTPRJ	6314.8612	0.1731	0.147	0.0014	0.3032
PTPRK	1002.7888	0.0611	0.1015	0.1431	0.8598
PTPRM	1403.4883	0.0824	0.1033	0.0618	0.7686
PTPRN2	53.8857	-0.0044	0.1077	0.8515	0.9873
PTPRR	0.2729	9e-04	0.1202	0.7407	NA
PTPRS	3086.3772	0.0703	0.0978	0.1234	0.8339
PTPRT	0.2289	-7e-04	0.1199	0.8029	NA
PTPRU	2309.8774	0.0529	0.096	0.2427	0.886
PTRF	11259.938	0.0789	0.0942	0.1042	0.8247
PTRH1	278.5611	-0.0622	0.1088	0.0833	0.807
PTRH2	324.1954	-0.0159	0.101	0.6676	0.9696
PTRHD1	380.7908	-0.0362	0.1027	0.3238	0.9
PTS	280.4528	-0.0224	0.102	0.5338	0.9444
PTTG1	786.5059	-0.0819	0.1044	0.0594	0.7686
PTTG1IP	10649.3287	-0.0107	0.0902	0.8255	0.9853
PTX3	1692.7438	-0.02	0.093	0.6652	0.969
PUF60	4027.8899	0.0547	0.0936	0.2464	0.8873
PUM1	2604.2949	0.0837	0.1003	0.0686	0.7804
PUM2	2380.7408	0.0743	0.0987	0.1033	0.8247
PURA	782.224	0.0211	0.0965	0.6227	0.9613
PURB	1169.2968	0.0603	0.0989	0.1675	0.8611
PURG	92.8999	-0.019	0.1068	0.4864	0.9323
PUS1	815.8519	0.0058	0.0965	0.8922	0.9899
PUS10	56.2646	-0.003	0.1075	0.9011	0.9908
PUS3	171.2043	-0.0424	0.1058	0.212	0.8773
PUS7	666.7333	-0.009	0.0964	0.8334	0.9854
PUS7L	207.1849	0.0093	0.1023	0.7881	0.9832
PUSL1	565.1143	-0.0683	0.1046	0.0932	0.814
PVR	3555.9516	0.1484	0.1298	0.0035	0.4289
PVRIG	31.6982	0.0424	0.1208	0.017	0.6309
PVRIG2P	100.9683	0.0766	0.1292	0.0069	0.5102
PVRL1	1675.2686	0.0392	0.0943	0.3923	0.9162
PVRL2	6824.4945	0.0621	0.0921	0.2008	0.874
PVRL3	1048.219	0.0454	0.1005	0.2624	0.89
PVRL3-AS1	0.702	-0.0023	0.12	0.4928	NA
PVRL4	66.2389	-0.0131	0.1071	0.6125	0.9588
PVT1	22.5616	0.0145	0.1108	0.3891	0.9162
PWP1	984.5099	0.0214	0.0954	0.6285	0.9639
PWP2	64.3693	-0.0118	0.1089	0.5781	0.9552
PWWP2A	890.2505	0.0553	0.0979	0.2091	0.8772
PWWP2B	580.2179	-0.0063	0.0975	0.8794	0.9899
PXDC1	146.7498	6e-04	0.1031	0.9867	0.997
PXDNL	0.5335	0.0017	0.1207	0.5725	NA
PXK	261.3271	0.0243	0.1008	0.5217	0.9416
PXMP2	367.5336	-0.0342	0.102	0.3602	0.9101
PXMP4	269.7289	-0.0923	0.116	0.0222	0.65
PXN	3322.5847	0.0869	0.0958	0.0733	0.7897
PXN-AS1	34.9672	-0.0174	0.1104	0.3553	0.9089
PXT1	1.0461	0.0019	0.117	0.618	NA
PYCARD	48.651	-0.0242	0.1101	0.2671	0.89
PYCR1	3240.4932	0.0184	0.0937	0.6866	0.9712
PYCR2	1325.9998	-0.0037	0.0943	0.9336	0.9941
PYCRL	342.8265	-0.102	0.1163	0.0174	0.6309
PYDC1	0.2289	-7e-04	0.1199	0.8029	NA
PYGB	7152.388	0.0608	0.0921	0.2097	0.8773
PYGL	3186.6627	-0.0328	0.0917	0.4911	0.9331
PYGM	16.3842	-0.0027	0.1106	0.8523	0.9876
PYGO1	369.0756	0.0222	0.1002	0.5649	0.9526
PYGO2	1371.6921	-0.0149	0.0934	0.7455	0.9761
PYROXD1	230.8442	0.216	0.2119	2e-04	0.1307
PYROXD2	92.1837	-0.0293	0.1074	0.3052	0.8992
PYURF	779.3102	-0.0514	0.0981	0.2363	0.886
PYY	0.4738	-0.0014	0.1207	0.6435	NA
PYY2	4.809	0.0037	0.1123	0.6592	0.969
QARS	3139.8933	-0.0061	0.0914	0.8981	0.9907
QDPR	501.9434	-0.0346	0.0992	0.3947	0.917
QKI	3271.843	-0.0142	0.0929	0.7592	0.9791
QPCT	4.0272	9e-04	0.1123	0.903	NA
QPCTL	379.911	-0.0771	0.1102	0.0482	0.7463
QPRT	210.1944	-0.0154	0.1018	0.6663	0.969
QRFP	0.2761	0.001	0.1202	0.7377	NA
QRICH1	1909.7323	0.0773	0.0962	0.1026	0.8244
QRICH2	66.3417	0.0078	0.1075	0.7462	0.9761
QRSL1	726.3693	-0.0052	0.0954	0.906	0.9922
QSER1	1363.5315	0.0293	0.0999	0.4574	0.9254
QSOX1	3037.3205	0.0351	0.0921	0.4596	0.9259
QSOX2	1050.5509	0.0614	0.0994	0.1575	0.8607
QTRT1	1099.5261	-0.0353	0.0974	0.4088	0.9187
QTRTD1	759.2906	0.0342	0.0967	0.4314	0.9221
R3HCC1	606.7638	-0.0202	0.0973	0.6319	0.9641
R3HCC1L	263.7463	-0.0485	0.1043	0.189	0.8684
R3HDM1	1196.165	0.0012	0.0937	0.9795	0.9961
R3HDM2	532.6557	0.0046	0.0973	0.9117	0.9929
R3HDM4	1362.0632	-0.0351	0.0959	0.4273	0.9207
RAB10	3243.9579	0.0219	0.0914	0.6464	0.9674
RAB11A	2693.0462	-0.046	0.0936	0.3246	0.9001
RAB11B	2711.8194	0.0311	0.0959	0.4805	0.932
RAB11B-AS1	26.1199	-0.0105	0.1101	0.5495	0.9489
RAB11FIP1	2494.9934	0.0706	0.0983	0.1197	0.8309
RAB11FIP2	527.0374	-2e-04	0.0981	0.9955	0.9991
RAB11FIP3	1586.4613	0.0409	0.0939	0.3757	0.9119
RAB11FIP4	120.4461	-0.0071	0.105	0.8102	0.9845
RAB11FIP5	834.58	0.0679	0.0984	0.1316	0.8492
RAB12	828.1832	-0.0296	0.0954	0.5049	0.9375
RAB13	2030.19	-0.0561	0.0952	0.2244	0.8832
RAB14	2972.2491	0.0215	0.0919	0.6493	0.9682
RAB15	3603.7435	-0.0614	0.0934	0.198	0.8721
RAB17	147.7115	0.0129	0.1035	0.6927	0.9715
RAB18	1250.6558	-0.0247	0.0941	0.587	0.9552
RAB19	8.5843	-0.0068	0.1118	0.5278	0.9418
RAB1A	4220.5907	-0.0243	0.0921	0.6066	0.9581
RAB1B	5437.2505	-1e-04	0.0924	0.9986	0.9994
RAB20	303.784	-0.0308	0.1011	0.4182	0.9204
RAB21	1300.3591	-0.0157	0.0935	0.7316	0.976
RAB22A	746.073	-0.0097	0.0955	0.825	0.9853
RAB23	930.8539	0.0383	0.0997	0.3452	0.9054
RAB24	662.3836	-0.0249	0.0979	0.5491	0.9489
RAB25	7.0433	0.0017	0.1118	0.867	0.9887
RAB26	52.4939	-0.0277	0.1104	0.2191	0.8819
RAB27A	514.8897	-0.0128	0.098	0.7549	0.9786
RAB27B	46.2477	0.0053	0.1081	0.8141	0.985
RAB28	334.0679	-0.039	0.1009	0.3197	0.9
RAB2A	2830.2483	-0.0119	0.0917	0.8006	0.9839
RAB2B	242.2998	0.0076	0.101	0.8356	0.9854
RAB30	769.0173	0.0285	0.0981	0.4923	0.9331
RAB30-AS1	96.278	-0.046	0.1109	0.1099	0.8276
RAB31	142.5807	-0.0376	0.1058	0.2518	0.8879
RAB32	766.4557	-0.0568	0.1003	0.177	0.8611
RAB33A	1.2542	0.0011	0.1148	0.7972	NA
RAB33B	172.8761	0.002	0.1022	0.9531	0.9956
RAB34	5931.116	-0.0315	0.0952	0.4806	0.932
RAB35	1884.3284	0.0814	0.0964	0.0878	0.8072
RAB36	603.3557	0.0171	0.0964	0.6899	0.9712
RAB37	6.5042	-0.0087	0.1128	0.3375	0.903
RAB38	51.9019	-0.0315	0.1106	0.1822	0.8669
RAB39B	13.8144	-0.0063	0.1111	0.6389	0.9658
RAB3A	46.1075	-0.0141	0.1087	0.5254	0.9416
RAB3B	3295.0945	0.0436	0.098	0.3088	0.8998
RAB3D	976.6738	0.0392	0.0956	0.3814	0.9133
RAB3GAP1	1267.5905	0.0684	0.1004	0.1172	0.8296
RAB3GAP2	1002.8387	0.0661	0.1032	0.1096	0.8274
RAB3IL1	137.2617	0.016	0.1038	0.622	0.9611
RAB3IP	430.741	0.0214	0.0982	0.6029	0.9581
RAB40A	46.8421	-0.0058	0.1083	0.7934	0.9836
RAB40AL	3.4195	-0.0026	0.1127	0.7145	NA
RAB40B	432.8012	-0.0088	0.098	0.8293	0.9854
RAB40C	520.123	0.0335	0.0985	0.4196	0.9204
RAB41	1.3303	0.0053	0.1233	0.2166	NA
RAB42	0.24	-7e-04	0.1199	0.7975	NA
RAB43	590.3693	0.0433	0.1042	0.23	0.8839
RAB44	1.5241	0.0022	0.1143	0.6537	NA
RAB4A	1219.5611	-0.0596	0.0957	0.1956	0.871
RAB4B	280.3334	-0.0409	0.1035	0.2621	0.89
RAB4B-EGLN2	5.3625	-0.0011	0.1192	0.7239	0.9755
RAB5A	1043.9517	0.0055	0.0944	0.9019	0.991
RAB5B	1871.18	-0.0318	0.093	0.4954	0.9347
RAB5C	4205.1108	0.0193	0.0919	0.6832	0.9712
RAB6A	2209.3193	0.0042	0.0929	0.9282	0.9937
RAB6B	76.1831	-0.0234	0.1075	0.3855	0.9152
RAB7A	5147.4712	0.0171	0.091	0.7213	0.9753
RAB7B	417.4869	0.0037	0.0978	0.928	0.9937
RAB7L1	547.2898	-0.0619	0.0998	0.152	0.8598
RAB8A	1853.7478	-5e-04	0.0922	0.9906	0.9978
RAB8B	1955.0058	0.0486	0.0956	0.2837	0.8965
RAB9A	553.7523	-0.0826	0.1052	0.0555	0.7614
RAB9B	62.9319	-0.0328	0.1099	0.1948	0.8697
RABAC1	1330.3576	-0.0228	0.0986	0.5743	0.9544
RABEP1	1957.975	0.0357	0.0975	0.4028	0.9185
RABEP2	368.7948	-0.0175	0.0995	0.6555	0.969
RABEPK	741.1132	-0.0556	0.0988	0.1983	0.8723
RABGAP1	1773.0348	0.0757	0.0994	0.0947	0.8179
RABGAP1L	1463.3682	-0.0065	0.0959	0.8813	0.9899
RABGEF1	796.2574	0.0318	0.0973	0.4553	0.9254
RABGGTA	484.1432	-0.0228	0.0979	0.5821	0.9552
RABGGTB	690.9991	-0.0141	0.098	0.7319	0.976
RABIF	330.0249	-0.0162	0.1002	0.6705	0.9698
RABL2A	98.8144	-0.0092	0.1055	0.7478	0.9765
RABL2B	494.062	-0.0521	0.1001	0.211	0.8773
RABL3	617.2786	0.0141	0.0968	0.7386	0.9761
RABL5	757.8874	-0.0464	0.098	0.281	0.8964
RABL6	4337.4955	-9e-04	0.0909	0.9849	0.9967
RAC1	6735.2151	-0.0044	0.0916	0.926	0.9934
RAC2	0.3584	-0.001	0.1201	0.7209	NA
RAC3	472.1825	-0.0083	0.0981	0.8379	0.9854
RACGAP1	1360.5315	0.0208	0.0937	0.65	0.9682
RAD1	580.5264	-0.0387	0.0982	0.3583	0.9092
RAD17	522.7445	-0.0018	0.0966	0.9671	0.9956
RAD18	466.1525	0.0175	0.0986	0.6652	0.969
RAD21	4728.4528	0.0278	0.0925	0.5526	0.949
RAD21-AS1	1.0553	0.004	0.1215	0.305	NA
RAD21L1	1.804	-0.0028	0.1146	0.5698	NA
RAD23A	3764.2196	0.004	0.0937	0.9296	0.9937
RAD23B	4900.5485	0.0231	0.091	0.6299	0.964
RAD50	1222.8707	0.0527	0.1002	0.2057	0.8747
RAD51	493.7275	-0.0025	0.0971	0.9517	0.9956
RAD51-AS1	6.0091	-0.0113	0.1139	0.2049	0.8747
RAD51AP1	439.78	-0.0943	0.1098	0.03	0.7056
RAD51B	66.4299	-0.0013	0.107	0.9599	0.9956
RAD51C	636.2086	-0.0624	0.1006	0.1432	0.8598
RAD51D	239.0527	0.0178	0.1017	0.6204	0.9606
RAD51L3-RFFL	41.1835	-0.0224	0.1112	0.2306	0.8846
RAD52	191.5419	0.0193	0.103	0.5725	0.9544
RAD54B	394.5165	0.0178	0.0992	0.6518	0.969
RAD54L	868.1759	0.0257	0.0952	0.5637	0.952
RAD54L2	658.4727	0.1199	0.1371	0.0044	0.4591
RAD9A	410.5977	0.0151	0.099	0.7048	0.9724
RAD9B	7.8923	2e-04	0.1117	0.9854	0.9968
RADIL	48.6839	0.0139	0.1083	0.5458	0.9484
RAE1	703.2217	-0.0043	0.0959	0.9209	0.9933
RAET1E	3.4842	1e-04	0.1126	0.989	NA
RAET1E-AS1	168.4363	0.0127	0.1127	0.2445	0.8873
RAET1G	5.1177	0.0063	0.1126	0.4625	0.9265
RAET1K	14.3372	-0.0016	0.111	0.903	0.9911
RAET1L	0.8187	0.0025	0.1212	0.4479	NA
RAF1	2667.6079	0.0542	0.0927	0.2564	0.89
RAG1	2.4416	-0.0011	0.1131	0.8537	NA
RAI1	1976.0368	0.0888	0.1087	0.0376	0.7463
RAI14	5123.3344	0.071	0.0979	0.1202	0.8309
RAI2	16.8925	-0.005	0.1107	0.727	0.9758
RALA	1084.0911	-0.0475	0.0953	0.2959	0.8992
RALB	2423.0153	-0.0361	0.0923	0.4456	0.9232
RALBP1	3990.6763	0.015	0.0929	0.7468	0.9761
RALGAPA1	553.5192	0.0452	0.1011	0.256	0.89
RALGAPA1P	7.9672	0.0017	0.1117	0.8707	0.9892
RALGAPA2	280.0676	-0.0198	0.1026	0.5709	0.9544
RALGAPB	1402.697	0.0774	0.1036	0.0721	0.7855
RALGDS	617.7885	0.0253	0.0966	0.557	0.9507
RALGPS1	40.0553	-0.0102	0.1088	0.6316	0.964
RALGPS2	406.2207	-0.0491	0.1026	0.2059	0.8747
RALY	3633.9303	-0.0207	0.0956	0.6372	0.9657
RAMP1	22.2445	-0.0059	0.1105	0.7005	0.9724
RAMP2	7.0467	-0.005	0.1121	0.5882	0.9553
RAN	9749.8615	-0.031	0.0933	0.5028	0.9369
RANBP1	3649.6686	-0.0475	0.0974	0.2762	0.8937
RANBP10	713.0127	0.0635	0.0994	0.1468	0.8598
RANBP17	134.4624	0.0063	0.1037	0.8449	0.986
RANBP2	3352.7051	0.1019	0.1133	0.0202	0.6425
RANBP3	1881.894	0.0734	0.0952	0.1229	0.832
RANBP3L	0.2381	-7e-04	0.1199	0.7996	NA
RANBP6	605.5387	0.0106	0.0985	0.7918	0.9836
RANBP9	898.7446	-0.0088	0.0944	0.8438	0.986
RANGAP1	4944.7501	-0.0159	0.0915	0.738	0.9761
RANGRF	504.1364	-0.0988	0.1105	0.0253	0.6739
RAP1A	723.6536	-0.0719	0.103	0.0902	0.8072
RAP1B	2588.053	-0.0213	0.0923	0.6494	0.9682
RAP1GAP	105.0268	-0.0042	0.1053	0.8845	0.9899
RAP1GAP2	2551.414	0.1511	0.1296	0.0033	0.4209
RAP1GDS1	1162.8944	0.0027	0.0938	0.953	0.9956
RAP2A	778.0566	-0.0476	0.0971	0.2792	0.8961
RAP2B	906.47	0.0202	0.0954	0.6473	0.9677
RAP2C	683.962	-0.0651	0.0993	0.1391	0.8585
RAP2C-AS1	4.7223	2e-04	0.1122	0.977	0.9959
RAPGEF1	3989.1755	0.1076	0.1079	0.0218	0.65
RAPGEF2	836.6401	0.0584	0.105	0.1276	0.8423
RAPGEF3	651.6303	0.055	0.0978	0.2119	0.8773
RAPGEF4	0.4959	0	0.1192	0.9898	NA
RAPGEF4-AS1	0.24	-7e-04	0.1199	0.7975	NA
RAPGEF5	3.6907	0.0044	0.1131	0.5303	NA
RAPGEF6	342.4294	0.0498	0.1054	0.1678	0.8611
RAPGEFL1	141.862	-0.003	0.1035	0.925	0.9934
RAPH1	458.3231	0.0272	0.1014	0.4671	0.9283
RAPSN	0.2729	9e-04	0.1202	0.7407	NA
RARA	406.7425	0.0035	0.0988	0.9295	0.9937
RARA-AS1	35.1787	-0.0308	0.1133	0.0981	0.821
RARB	31.0978	-0.031	0.113	0.1053	0.8257
RARG	483.4027	-0.0228	0.0973	0.5877	0.9552
RARRES1	37.287	0.004	0.1091	0.8388	0.9856
RARRES3	698.9262	-0.0408	0.0986	0.3309	0.901
RARS	2222.2502	0.0061	0.0921	0.8972	0.9907
RARS2	505.7579	0.0011	0.0974	0.9791	0.996
RASA1	754.4123	0.0485	0.0979	0.2628	0.89
RASA2	343.4463	0.0471	0.1041	0.2015	0.874
RASA3	736.2406	0.0223	0.0972	0.5979	0.9572
RASA4	198.7325	-0.056	0.1086	0.1035	0.8247
RASA4B	57.445	0.0054	0.109	0.7867	0.9829
RASA4CP	2.4936	5e-04	0.113	0.9341	NA
RASAL1	195.6346	0.029	0.1029	0.4129	0.9201
RASAL2	834.108	0.1008	0.1125	0.0217	0.65
RASAL2-AS1	10.4873	-9e-04	0.1113	0.9378	0.9946
RASD1	1.987	-0.0014	0.1134	0.8073	NA
RASD2	0.2392	-7e-04	0.1199	0.7984	NA
RASEF	10.7788	0.0042	0.1114	0.7219	0.9754
RASGEF1A	8.1181	-0.0095	0.1123	0.3596	0.9097
RASGEF1B	12.2366	-0.0115	0.1118	0.3632	0.9102
RASGEF1C	1.0804	0.0041	0.1216	0.2968	NA
RASGRF1	0.544	1e-04	0.1188	0.961	NA
RASGRF2	6.0068	-0.0094	0.1131	0.2952	0.8992
RASGRP1	24.0789	-0.0046	0.1099	0.7914	0.9836
RASGRP2	9.0593	-0.007	0.1117	0.5326	0.9437
RASGRP3	1.1893	-0.002	0.1166	0.6077	NA
RASGRP4	14.1442	-0.0055	0.111	0.6805	0.971
RASIP1	7.0345	0.001	0.1118	0.9217	0.9933
RASL10A	20.433	-0.0018	0.1103	0.9083	0.9924
RASL10B	526.9243	-7e-04	0.097	0.9863	0.9969
RASL11A	20.5697	-0.0179	0.1121	0.2208	0.8832
RASL11B	183.0182	-0.0082	0.1024	0.8112	0.9849
RASL12	193.251	0.0499	0.1059	0.1601	0.8611
RASSF1	493.1026	-0.0279	0.0976	0.507	0.9395
RASSF1-AS1	16.7099	-0.0012	0.1108	0.9324	0.994
RASSF10	3.6966	0	0.1125	0.9951	NA
RASSF2	53.8795	0.0012	0.1076	0.9584	0.9956
RASSF3	1437.0792	0.0711	0.0974	0.1222	0.8315
RASSF4	371.5224	-0.0669	0.1041	0.1007	0.821
RASSF5	8.8685	-0.0048	0.1117	0.6569	0.969
RASSF6	4.4959	9e-04	0.1122	0.9101	NA
RASSF7	1595.0163	0.0021	0.0947	0.9621	0.9956
RASSF8	809.2259	0.0089	0.0986	0.8245	0.9853
RASSF8-AS1	14.7177	-0.0119	0.1115	0.3842	0.9151
RASSF9	272.24	0.0512	0.1064	0.1477	0.8598
RAVER1	2852.0581	0.0796	0.095	0.099	0.821
RAVER2	673.8226	-0.0067	0.0971	0.8729	0.9894
RAX	4.1191	0.0062	0.1131	0.4191	NA
RAX2	0.5338	0.0017	0.1207	0.5722	NA
RB1	2318.7569	0.0205	0.0948	0.6461	0.9672
RB1CC1	1057.7169	0.0311	0.0966	0.4728	0.9308
RBAK	439.1392	0.0556	0.1025	0.1648	0.8611
RBAKDN	1.1601	-0.0043	0.1212	0.2898	NA
RBBP4	4097.7054	-0.1001	0.0971	0.0428	0.7463
RBBP5	703.8805	0.029	0.0998	0.4632	0.9265
RBBP6	1202.2912	0.0525	0.1048	0.159	0.8611
RBBP7	4128.9147	-0.073	0.0935	0.1322	0.8492
RBBP8	1226.2182	-0.0156	0.0938	0.7321	0.976
RBBP8NL	5.5817	0.0027	0.1121	0.757	0.9789
RBBP9	204.0357	-0.0424	0.104	0.2406	0.886
RBCK1	1321.3235	0.0386	0.094	0.4022	0.9185
RBFA	441.7562	-0.0554	0.1014	0.1763	0.8611
RBFADN	0.5211	0.0016	0.1212	0.5955	NA
RBFOX2	2550.7574	0.0731	0.1003	0.0997	0.821
RBFOX3	2.1827	-0.0036	0.1144	0.5037	NA
RBKS	67.5632	-0.0174	0.1075	0.4975	0.9351
RBL1	680.5221	0.0361	0.0993	0.375	0.9119
RBL2	626.4214	-0.0242	0.0988	0.5502	0.9489
RBM10	1840.3579	0.0761	0.0956	0.1097	0.8274
RBM11	1.5599	0.0024	0.1144	0.6297	NA
RBM12	2208.7917	0.0043	0.0951	0.9229	0.9934
RBM12B	554.5691	0.0816	0.1082	0.0484	0.7463
RBM12B-AS1	4.6257	0.0065	0.1128	0.4308	0.9217
RBM14	1856.5551	-0.0152	0.0924	0.7444	0.9761
RBM14-RBM4	174.0079	0.0156	0.1036	0.6343	0.9652
RBM15	249.1385	0.0458	0.1061	0.183	0.8673
RBM15B	2238.6535	0.0807	0.0967	0.0887	0.8072
RBM17	1844.6863	-0.0063	0.0924	0.8934	0.99
RBM18	659.9024	0.002	0.0957	0.9635	0.9956
RBM19	928.7242	0.0339	0.0973	0.4284	0.9207
RBM20	0.24	-7e-04	0.1199	0.7975	NA
RBM22	1274.9493	0.0364	0.0938	0.4297	0.9211
RBM23	2394.2187	-0.0079	0.0919	0.8663	0.9887
RBM24	7.3388	0.0215	0.1515	0.0152	0.6309
RBM25	2570.5243	0.1326	0.1131	0.0083	0.5212
RBM26	1783.6831	0.0422	0.0942	0.359	0.9093
RBM26-AS1	14.9628	0.0143	0.112	0.2764	0.8937
RBM27	634.6181	0.0603	0.1027	0.1379	0.8585
RBM28	759.7845	0.0581	0.0984	0.1855	0.8684
RBM3	2933.1316	-0.09	0.0974	0.0615	0.7686
RBM33	818.5338	0.0839	0.1077	0.0462	0.7463
RBM34	521.4682	-0.0337	0.0976	0.4278	0.9207
RBM38	922.1886	-0.0057	0.0967	0.8926	0.9899
RBM39	3685.7873	0.0745	0.095	0.1189	0.8305
RBM4	2351.3055	-0.0242	0.0929	0.603	0.9581
RBM41	328.4458	0.0129	0.1019	0.7172	0.9748
RBM42	2517.2828	0.0072	0.0953	0.8702	0.989
RBM43	36.1314	-0.0051	0.1089	0.8025	0.9839
RBM44	5.4018	-0.0056	0.1124	0.526	0.9416
RBM45	156.87	-0.06	0.1095	0.0842	0.807
RBM47	2235.095	0.0365	0.0948	0.4201	0.9204
RBM48	156.5622	-0.0201	0.1033	0.5524	0.9489
RBM4B	314.9074	-0.0294	0.1015	0.4328	0.9227
RBM5	1813.1558	0.111	0.1023	0.0239	0.6573
RBM5-AS1	30.4722	0.0351	0.1153	0.0513	0.7534
RBM6	885.0902	0.0425	0.0954	0.3461	0.906
RBM7	559.8024	-0.0468	0.0983	0.2739	0.8934
RBM8A	2413.4156	-0.0204	0.093	0.6595	0.969
RBMS1	4386.4958	0.0829	0.0969	0.0818	0.807
RBMS2	2222.5101	0.0816	0.1075	0.0505	0.7518
RBMS3	5.5851	0.0171	0.1251	0.0441	0.7463
RBMX	4533.0757	-0.0119	0.091	0.8027	0.9839
RBMX2	333.3114	-0.003	0.0992	0.9393	0.9946
RBMXL1	252.5398	0.0148	0.1018	0.678	0.9708
RBP1	271.2696	-0.0262	0.1026	0.4598	0.9259
RBP2	12.0915	-0.0097	0.1117	0.4321	0.9224
RBP4	4.9879	-0.0034	0.1122	0.6877	0.9712
RBP5	0.4999	1e-04	0.1192	0.9677	NA
RBP7	751.8307	-0.0792	0.1031	0.0696	0.7804
RBPJ	1467.4519	0.0148	0.0965	0.7287	0.9759
RBPMS	1450.6313	0.0112	0.0959	0.7952	0.9839
RBPMS-AS1	14.0234	-0.0081	0.1112	0.5425	0.9465
RBPMS2	651.644	-0.025	0.0972	0.5559	0.9507
RBX1	977.2454	-0.0563	0.1007	0.1774	0.8611
RC3H1	810.777	0.0328	0.0985	0.4282	0.9207
RC3H2	586.5738	0.0565	0.1088	0.0995	0.821
RCAN1	382.399	-0.019	0.0987	0.6377	0.9657
RCAN2	7.0956	0.0078	0.1123	0.4204	0.9204
RCAN3	14.8044	-0.0133	0.1118	0.3198	0.9
RCBTB1	720.6278	0.0202	0.098	0.624	0.9619
RCBTB2	274.9321	-0.0197	0.1004	0.606	0.9581
RCC1	3123.8138	0.0205	0.0916	0.6654	0.969
RCC2	5690.6479	0.0654	0.0929	0.1758	0.8611
RCCD1	467.812	-0.0363	0.0982	0.388	0.9162
RCE1	551.9186	0.0158	0.0974	0.7057	0.9724
RCHY1	433.7337	-0.0176	0.0982	0.6667	0.969
RCL1	383.8631	-0.0213	0.0992	0.593	0.9562
RCN1	5328.4374	-8e-04	0.0906	0.9869	0.9971
RCN2	2617.6291	-0.0849	0.0962	0.0776	0.8033
RCN3	120.6818	-0.026	0.1064	0.3767	0.9119
RCOR1	1594.2411	0.0458	0.0964	0.3027	0.8992
RCOR2	720.7295	0.0337	0.0962	0.4422	0.9232
RCOR3	284.2209	-0.0246	0.1003	0.524	0.9416
RD3	81.4264	-0.0236	0.1071	0.3939	0.9169
RDH10	1573.4514	0.0522	0.0939	0.2656	0.89
RDH11	1456.7764	-0.0091	0.0929	0.8445	0.986
RDH12	7.7073	6e-04	0.1117	0.9484	0.9956
RDH13	397.3792	0.0053	0.0992	0.8918	0.9899
RDH14	405.2633	-0.033	0.0991	0.4178	0.9204
RDH16	0.4894	1e-04	0.1193	0.9709	NA
RDH5	2.1003	-0.0083	0.1296	0.1048	NA
RDM1	36.1216	-0.0126	0.1095	0.5266	0.9416
RDX	3412.4853	-0.0147	0.0935	0.749	0.9769
REC8	34.0339	-0.0041	0.1093	0.8303	0.9854
RECK	177.3339	-0.0251	0.103	0.4711	0.9299
RECQL	931.45	-0.0072	0.0969	0.8637	0.9887
RECQL4	1326.4993	0.0018	0.0932	0.9695	0.9956
RECQL5	275.0148	-0.0656	0.1055	0.0961	0.821
REEP1	2.0944	-0.001	0.1136	0.8582	NA
REEP2	202.226	-0.0438	0.105	0.2141	0.8774
REEP3	2020.1321	0.0945	0.1066	0.0351	0.7317
REEP4	949.0671	-0.0351	0.0978	0.4068	0.9185
REEP5	2199.9272	-0.0765	0.0958	0.1073	0.8262
REEP6	155.1525	-0.0394	0.107	0.2131	0.8774
REG4	9.9486	-0.0032	0.1114	0.7835	0.9817
REL	54.8326	4e-04	0.1096	0.9841	0.9967
RELA	1772.7761	0.0614	0.0944	0.1925	0.8684
RELB	670.5155	-0.0357	0.0986	0.3894	0.9162
RELL1	282.1777	0.0041	0.0998	0.9141	0.9932
RELL2	169.0878	0.0048	0.1028	0.8867	0.9899
RELT	398.5492	0.0393	0.1013	0.3113	0.9
REM1	6.0804	-0.0075	0.1126	0.409	0.9187
REM2	10.1496	-0.003	0.1114	0.7986	0.9839
REN	0.5133	1e-04	0.1191	0.9646	NA
RENBP	214.0389	-0.0533	0.1052	0.1494	0.8598
REP15	31.7674	-0.0285	0.1122	0.1423	0.8598
REPIN1	3486.8392	-0.0259	0.093	0.5769	0.9552
REPS1	1036.1256	0.0285	0.0943	0.5306	0.9431
REPS2	7.4366	-0.0015	0.1117	0.8833	0.9899
RER1	2692.2294	-0.0558	0.0966	0.2155	0.8785
RERE	2608.5484	0.1046	0.1056	0.0263	0.6801
RERG	13.4791	-0.0052	0.1112	0.6815	0.9711
REST	1310.7759	0.0479	0.0981	0.2664	0.89
RET	2.5909	0.0057	0.1154	0.3252	NA
RETSAT	615.8632	-0.0484	0.0979	0.2635	0.89
REV1	578.4297	0.01	0.0979	0.8065	0.9839
REV3L	1162.0682	0.0407	0.1025	0.2794	0.8962
REXO1	1417.4528	0.1085	0.105	0.0237	0.6573
REXO1L1P	0.4896	1e-04	0.1193	0.9701	NA
REXO1L2P	1.6406	0.0055	0.1252	0.1939	NA
REXO2	813.1095	-0.0807	0.0999	0.0777	0.8033
REXO4	924.2239	-0.0354	0.0956	0.4267	0.9205
RFC1	1818.5572	0.0459	0.0962	0.3034	0.8992
RFC2	1153.9606	-0.0237	0.0951	0.5933	0.9562
RFC3	1045.1871	-0.029	0.0945	0.5221	0.9416
RFC4	791.4556	-0.1786	0.1473	0.0012	0.2815
RFC5	1097.7512	-0.0411	0.0949	0.3664	0.9102
RFESD	12.835	0.0078	0.1115	0.5278	0.9418
RFFL	466.5005	-0.012	0.0983	0.7683	0.9791
RFK	1580.3434	-0.0457	0.0942	0.3236	0.9
RFNG	831.2499	-0.1014	0.1103	0.0237	0.6573
RFPL2	0.4578	-0.0013	0.1206	0.6493	NA
RFPL3	0.4742	-0.0014	0.1207	0.6433	NA
RFPL3S	0.6834	-0.0022	0.1199	0.509	NA
RFPL4B	1.0638	0.0019	0.117	0.6159	NA
RFT1	573.3177	-0.0222	0.0981	0.5911	0.9562
RFTN1	719.4691	0.04	0.0964	0.3636	0.9102
RFTN2	0.5024	1e-04	0.1192	0.9646	NA
RFWD2	992.1244	-0.0731	0.1017	0.093	0.814
RFWD3	1579.8818	0.0851	0.1012	0.0624	0.7689
RFX1	426.7471	0.0306	0.0984	0.4594	0.9259
RFX2	517.6168	0.0258	0.0975	0.5402	0.9464
RFX3	456.973	0.0101	0.0994	0.7968	0.9839
RFX5	1423.7471	-0.0447	0.0957	0.32	0.9
RFX7	1234.6805	0.0443	0.0998	0.2796	0.8964
RFXANK	669.6661	-0.0883	0.1066	0.0429	0.7463
RFXAP	138.7924	-0.0539	0.1091	0.1051	0.8257
RGAG1	1.3203	0.0031	0.1166	0.4758	NA
RGAG4	126.3296	-0.008	0.104	0.8009	0.9839
RGCC	156.4576	-0.0267	0.104	0.4251	0.9204
RGL1	370.5188	0.0176	0.1009	0.6355	0.9654
RGL2	1008.2643	-0.0311	0.0945	0.4937	0.9337
RGL3	158.6186	-0.0054	0.1029	0.8712	0.9893
RGL4	23.0879	8e-04	0.1101	0.9602	0.9956
RGMA	37.9035	-0.0037	0.1087	0.8569	0.988
RGMB	475.8723	0.0269	0.098	0.5176	0.9416
RGMB-AS1	3.0825	0.002	0.1131	0.7426	NA
RGP1	996.9652	0.0502	0.1044	0.177	0.8611
RGPD1	6.5622	0.0057	0.1123	0.5277	0.9418
RGPD3	39.1698	0.0256	0.1113	0.1973	0.8721
RGPD4	28.001	-0.0071	0.1097	0.6947	0.9722
RGPD5	1279.9055	0.2212	0.1874	3e-04	0.1553
RGPD6	457.4847	0.0025	0.1046	0.9334	0.9941
RGPD8	217.7518	0.1091	0.1286	0.0078	0.5196
RGS10	245.9614	-0.0561	0.1069	0.1194	0.8309
RGS11	4.9269	-9e-04	0.1121	0.9166	0.9932
RGS12	441.8168	0.0331	0.0992	0.4152	0.9204
RGS14	358.7915	-0.0349	0.1038	0.3195	0.9
RGS16	68.6746	0.0101	0.1071	0.6902	0.9712
RGS17	6.2618	-0.0025	0.1121	0.777	0.9806
RGS18	0.2729	9e-04	0.1202	0.7407	NA
RGS19	317.2194	-0.0147	0.101	0.6903	0.9712
RGS2	121.3966	-0.0136	0.1045	0.6626	0.969
RGS20	250.2923	-0.0603	0.1069	0.1037	0.8247
RGS22	2.9119	-0.0015	0.1129	0.8212	NA
RGS3	1697.5736	-0.0235	0.0954	0.5947	0.9562
RGS4	1.0478	0.0018	0.117	0.626	NA
RGS5	618.8707	-0.052	0.0991	0.2222	0.8832
RGS7	28.6593	0.0047	0.1101	0.7752	0.9802
RGS9	0.9443	-0.0033	0.1204	0.3745	NA
RGS9BP	14.3101	-0.0094	0.1113	0.4879	0.9323
RHBDD1	421.1415	0.0448	0.1012	0.259	0.89
RHBDD2	1368.0063	-0.0506	0.0981	0.243	0.886
RHBDD3	959.4615	-0.0427	0.0972	0.3256	0.9001
RHBDF1	1192.8935	0.0862	0.0989	0.0664	0.7763
RHBDF2	446.9587	0.0646	0.1018	0.1246	0.8359
RHBDL1	31.8259	-0.0043	0.1093	0.8235	0.9851
RHBDL2	54.8338	-0.0255	0.1094	0.2822	0.8964
RHBDL3	2.45	-0.0012	0.113	0.8502	NA
RHBG	0.72	-0.002	0.1208	0.5235	NA
RHCE	0.5463	0.0016	0.1213	0.5864	NA
RHCG	3.5361	8e-04	0.1125	0.9102	NA
RHEB	2686.1892	-0.0409	0.0945	0.3722	0.9112
RHEBL1	8.1121	0.0066	0.1119	0.532	0.9437
RHEBP2	31.9789	-0.0299	0.1124	0.129	0.847
RHNO1	559.5439	-0.0489	0.098	0.2581	0.89
RHO	0.5458	0.0016	0.1213	0.5866	NA
RHOA	13118.3687	-0.0346	0.0927	0.4619	0.9265
RHOB	2116.5226	-0.0075	0.0928	0.8716	0.9894
RHOBTB1	137.0123	0.0395	0.1067	0.2194	0.8821
RHOBTB2	654.6233	0.0049	0.0975	0.9064	0.9922
RHOBTB3	61.1327	-0.0278	0.1097	0.2473	0.8873
RHOC	6562.6685	-0.034	0.0944	0.4558	0.9254
RHOD	1175.7972	-0.0423	0.0988	0.3128	0.9
RHOF	1701.9364	-0.0108	0.0942	0.8104	0.9845
RHOG	806.5396	0.0013	0.0967	0.9755	0.9959
RHOJ	1.7563	-0.002	0.1144	0.6796	NA
RHOQ	1375.6095	-0.113	0.1054	0.02	0.6425
RHOT1	924.3257	0.0432	0.0955	0.3368	0.9028
RHOT2	2188.8522	-0.0149	0.0926	0.7493	0.977
RHOU	149.1386	-0.0061	0.1031	0.8537	0.9876
RHOV	58.2639	0.0253	0.1089	0.3063	0.8992
RHPN1	287.2554	-0.0067	0.0998	0.8622	0.9887
RHPN1-AS1	30.5899	-0.0221	0.111	0.2446	0.8873
RHPN2	1241.6783	0.0664	0.0968	0.148	0.8598
RIBC1	29.5544	-0.0016	0.1093	0.9332	0.9941
RIBC2	61.0897	-0.0138	0.1075	0.5813	0.9552
RIC3	1.2733	0.0028	0.1163	0.5132	NA
RIC8A	2360.3408	-0.0048	0.0921	0.9189	0.9932
RIC8B	553.9203	0.0142	0.0978	0.7309	0.9759
RICTOR	443.5521	0.0486	0.1046	0.1845	0.8682
RIF1	1290.7619	0.0889	0.1143	0.0268	0.6814
RILP	272.9589	-0.03	0.1027	0.4031	0.9185
RILPL1	351.619	-0.0163	0.1004	0.6663	0.969
RILPL2	191.8731	-0.0343	0.104	0.3223	0.9
RIMBP3	38.2358	0.0381	0.1139	0.0742	0.7897
RIMBP3B	10.4113	-0.0027	0.1113	0.822	0.9851
RIMBP3C	2.6788	-0.0051	0.1148	0.379	NA
RIMKLA	24.8701	0.0177	0.111	0.3072	0.8992
RIMKLB	1242.1627	0.4427	0.244	0	0.0193
RIMS1	45.1068	0.0142	0.1087	0.5259	0.9416
RIMS2	0.4578	-0.0013	0.1206	0.6493	NA
RIMS3	80.2077	0.0231	0.1079	0.3749	0.9119
RIMS4	29.7635	-0.0025	0.1096	0.8899	0.9899
RIN1	287.1943	0.0208	0.1001	0.5893	0.9555
RIN2	371.2013	0.0398	0.0997	0.3275	0.9003
RIN3	117.1351	-0.0022	0.1053	0.9403	0.9946
RING1	910.6298	-0.0165	0.0956	0.7059	0.9724
RINL	489.1159	-0.0251	0.0975	0.5508	0.9489
RINT1	446.4663	-0.0278	0.0986	0.4962	0.935
RIOK1	663.9919	0.0236	0.096	0.5886	0.9555
RIOK2	597.7679	-0.0018	0.0963	0.9664	0.9956
RIOK3	802.9235	-0.024	0.0954	0.5874	0.9552
RIPK1	508.4049	0.03	0.0982	0.4696	0.9294
RIPK2	3999.5537	0.002	0.0913	0.9672	0.9956
RIPK3	46.1849	-0.0208	0.1093	0.3577	0.9092
RIPK4	2145.8177	0.0862	0.0977	0.07	0.7804
RIPPLY2	3.0426	-0.0069	0.1152	0.2753	NA
RIPPLY3	19.4511	-0.0118	0.1109	0.4506	0.9232
RIT1	248.2453	0.0036	0.1005	0.9225	0.9934
RITA1	848.2186	-0.045	0.0973	0.3014	0.8992
RLF	554.5944	0.0293	0.1013	0.4361	0.9227
RLIM	1436.7415	0.0462	0.0979	0.2836	0.8965
RLTPR	101.0971	0.0016	0.1054	0.9563	0.9956
RMDN1	358.8532	-0.0707	0.1047	0.0855	0.807
RMDN2	33.7477	0.0042	0.1091	0.8311	0.9854
RMDN3	1010.0578	0.0247	0.0942	0.5865	0.9552
RMI1	512.4521	-0.0243	0.0979	0.5591	0.9508
RMI2	603.5784	-0.0619	0.0991	0.1573	0.8607
RMND1	363.1678	-0.0091	0.0989	0.8189	0.985
RMND5A	1668.7468	0.0301	0.0959	0.4939	0.9337
RMND5B	956.2598	-0.0288	0.0952	0.518	0.9416
RMRP	5.3331	4e-04	0.1121	0.9619	0.9956
RN7SK	80.6953	0.0331	0.113	0.1006	0.821
RN7SL1	671.9307	0.0194	0.0988	0.6292	0.964
RN7SL2	718.1625	0.0688	0.1019	0.1071	0.826
RNA18S5	75852.8209	0.0512	0.1029	0.1881	0.8684
RNA28S5	147770.185	0.14	0.1238	0.005	0.483
RNA45S5	3333.088	0.0376	0.0934	0.4187	0.9204
RNASE1	0.24	-7e-04	0.1199	0.7975	NA
RNASE10	3.3003	0.0033	0.1129	0.6364	NA
RNASE4	3.9589	-0.0055	0.113	0.4594	NA
RNASE7	1.468	2e-04	0.1147	0.954	NA
RNASEH1	559.0161	0.0394	0.0991	0.3408	0.9036
RNASEH1-AS1	130.5175	-0.0448	0.1076	0.1663	0.8611
RNASEH2A	1385.9703	-0.0474	0.0979	0.2733	0.8919
RNASEH2B	319.0363	-0.0736	0.1088	0.0593	0.7686
RNASEH2B-AS1	0.96	-0.0029	0.1209	0.4117	NA
RNASEH2C	920.4317	-0.0452	0.1005	0.2636	0.89
RNASEK	2555.0583	-0.0535	0.1004	0.1982	0.8723
RNASEK-C17orf49	17.3283	-0.0085	0.1119	0.4506	0.9232
RNASEL	52.7606	-0.0163	0.1086	0.4765	0.9312
RNASET2	3889.6127	-0.0258	0.0942	0.5702	0.9544
RND1	8.8785	-0.0046	0.1116	0.6808	0.971
RND2	187.7393	-0.0264	0.1043	0.4241	0.9204
RND3	1615.2614	0.0303	0.0929	0.516	0.9411
RNF10	3283.273	0.0325	0.0917	0.4955	0.9347
RNF103	575.1751	-0.0211	0.0967	0.6218	0.961
RNF103-CHMP3	0.9182	-0.0027	0.1209	0.428	NA
RNF11	1434.8369	-0.0189	0.0932	0.6819	0.9712
RNF111	1055.6806	0.0683	0.0989	0.1268	0.8412
RNF112	0.5007	1e-04	0.1192	0.9733	NA
RNF113A	150.1932	0.006	0.1033	0.8539	0.9876
RNF113B	0.23	-7e-04	0.1199	0.802	NA
RNF114	1316.8668	0.0135	0.0935	0.7687	0.9791
RNF115	452.4252	0.0278	0.0981	0.5038	0.9369
RNF121	501.6529	0.0386	0.0991	0.3491	0.9067
RNF122	42.6898	-9e-04	0.1083	0.9655	0.9956
RNF123	832.4392	0.0427	0.0972	0.3266	0.9003
RNF125	11.7896	0.0017	0.1111	0.8954	0.9903
RNF126	1366.7091	0.0385	0.096	0.384	0.9151
RNF128	0.7356	-7e-04	0.1174	0.8436	NA
RNF13	695.3367	-0.0221	0.0958	0.6129	0.9588
RNF130	782.2309	-0.0165	0.0955	0.7077	0.9726
RNF133	0.9615	-0.0016	0.1162	0.6848	NA
RNF135	313.7737	-0.0449	0.102	0.2476	0.8873
RNF138	825.1237	-0.0377	0.0956	0.3989	0.9185
RNF138P1	1.4807	3e-04	0.1142	0.952	NA
RNF139	665.1354	0.0126	0.0957	0.7717	0.9796
RNF139-AS1	2.4732	5e-04	0.113	0.9297	NA
RNF14	830.8699	-0.0083	0.0953	0.8506	0.9872
RNF141	1226.3395	-0.0424	0.0942	0.357	0.9092
RNF144A	295.4441	-0.0097	0.1011	0.7907	0.9836
RNF144B	1756.4496	0.0129	0.0935	0.7775	0.9806
RNF145	2445.5976	0.0479	0.0938	0.305	0.8992
RNF146	427.2801	0.0056	0.0982	0.8902	0.9899
RNF148	4.2697	2e-04	0.1123	0.9792	NA
RNF149	921.6154	0.0443	0.0958	0.3231	0.9
RNF150	46.409	0.0172	0.1102	0.3694	0.9111
RNF151	0.535	0.0016	0.1212	0.5886	NA
RNF152	5.5478	-0.0099	0.1144	0.2158	0.8785
RNF157	111.0672	-0.0365	0.1082	0.2107	0.8773
RNF157-AS1	18.0894	-0.0095	0.1111	0.5049	0.9375
RNF165	73.4814	0.0425	0.1114	0.1119	0.8281
RNF166	365.5102	-0.0288	0.1017	0.4375	0.9227
RNF167	1508.8224	-0.0078	0.0947	0.861	0.9883
RNF168	614.4137	0.0201	0.0984	0.6218	0.961
RNF169	468.2196	0.0158	0.1013	0.665	0.969
RNF170	352.5715	-0.1198	0.1275	0.007	0.5102
RNF180	7.0844	0.0055	0.1122	0.5491	0.9489
RNF181	648.6666	-0.0514	0.1032	0.1829	0.8673
RNF182	3.1418	-0.0016	0.113	0.8006	NA
RNF185	886.0577	0.023	0.0948	0.6078	0.9583
RNF187	2677.9836	-0.0375	0.095	0.4059	0.9185
RNF19A	430.0799	-0.0216	0.0984	0.5954	0.9562
RNF19B	1268.5031	0.0568	0.0949	0.2211	0.8832
RNF2	524.0616	-0.03	0.0972	0.481	0.932
RNF20	902.2698	0.0316	0.0971	0.4596	0.9259
RNF207	238.2303	-0.0202	0.1011	0.5865	0.9552
RNF208	168.2729	-0.0238	0.1048	0.4532	0.9241
RNF213	2058.3005	0.0605	0.1073	0.0999	0.821
RNF214	467.3393	0.0143	0.0977	0.7303	0.9759
RNF215	245.4757	-0.0152	0.1025	0.6599	0.969
RNF216	1527.1144	0.0582	0.0962	0.202	0.874
RNF216P1	345.6491	-0.0265	0.0992	0.509	0.9397
RNF217	595.4902	0.0629	0.1015	0.1344	0.8516
RNF219	490.3906	0.0216	0.0983	0.5987	0.9572
RNF219-AS1	0.4598	-0.0013	0.1206	0.6482	NA
RNF220	1267.4783	0.02	0.0943	0.6575	0.969
RNF222	1.0024	3e-04	0.1148	0.9509	NA
RNF223	13.5542	0.003	0.1109	0.8226	0.9851
RNF224	3.0029	6e-04	0.1127	0.925	NA
RNF24	107.7462	0.0156	0.1058	0.588	0.9552
RNF25	555.9813	2e-04	0.0973	0.9968	0.9991
RNF26	1449.9804	0.019	0.0935	0.6795	0.9708
RNF31	1030.5688	0.0798	0.0983	0.086	0.807
RNF32	9.4377	-0.0015	0.1115	0.8898	0.9899
RNF34	803.5379	-0.0407	0.0963	0.3567	0.9092
RNF38	724.9806	0.0388	0.0975	0.3662	0.9102
RNF39	11.3999	0.0187	0.1138	0.1217	0.8315
RNF4	1662.6913	0.0353	0.0937	0.445	0.9232
RNF40	3327.3565	0.1111	0.1058	0.021	0.65
RNF41	841.3794	0.0196	0.0955	0.6559	0.969
RNF44	1012.7085	0.1024	0.1042	0.0301	0.7056
RNF5	1597.6392	-0.0498	0.0964	0.266	0.89
RNF5P1	2.365	-0.0062	0.1183	0.2373	NA
RNF6	1090.5999	0.0098	0.0953	0.8238	0.9851
RNF7	1261.9475	-0.0718	0.1008	0.102	0.8231
RNF8	517.627	0.0083	0.0973	0.8417	0.986
RNFT1	288.4091	0.007	0.0996	0.8565	0.988
RNFT2	107.9493	-0.0101	0.1053	0.7299	0.9759
RNGTT	550.6877	-0.007	0.0988	0.8601	0.9881
RNH1	3104.8971	-0.0147	0.0946	0.7428	0.9761
RNLS	0.4248	0.0013	0.1206	0.6503	NA
RNMT	905.2092	0.0579	0.097	0.1979	0.8721
RNMTL1	458.3812	-0.0088	0.0981	0.8283	0.9854
RNPC3	63.2975	-0.0111	0.1077	0.646	0.9672
RNPEP	2205.82	-0.0335	0.0945	0.4604	0.9261
RNPEPL1	1709.8981	-0.0246	0.095	0.5809	0.9552
RNPS1	3937.7766	0.0387	0.0926	0.412	0.9201
RNR1	5276.2231	-0.0842	0.0975	0.0761	0.7986
RNR2	61965.3912	-0.1118	0.0982	0.0265	0.6814
RNU6-1	0.2289	-7e-04	0.1199	0.8029	NA
ROBO1	54.5581	-0.0049	0.1081	0.8269	0.9853
ROBO2	29.2841	0.0187	0.1111	0.2844	0.8965
ROBO3	14.0322	0.0026	0.1109	0.8476	0.9866
ROCK1	1891.9609	0.0464	0.1007	0.2506	0.8873
ROCK1P1	13.0336	0.0027	0.1111	0.8312	0.9854
ROCK2	1662.7318	0.0353	0.1017	0.3514	0.9077
ROGDI	307.4779	-0.081	0.1104	0.0427	0.7463
ROM1	16.0206	-0.0213	0.1136	0.1145	0.8296
ROMO1	980.0544	-0.0368	0.1022	0.3247	0.9001
ROPN1L	19.654	-0.0123	0.1108	0.4377	0.9227
ROPN1L-AS1	1.4333	-0.0027	0.1167	0.5127	NA
ROR1	1089.9465	0.0931	0.1123	0.0271	0.6828
ROR2	7.6561	-0.0015	0.1117	0.8808	0.9899
RORA	6.3653	0.007	0.1124	0.447	0.9232
RORB	1.462	-0.0011	0.1149	0.8047	NA
RORC	0.4887	1e-04	0.1193	0.9786	NA
RP1	6.1597	0.0081	0.1126	0.3783	0.912
RP1-149A16.3	2.4642	5e-04	0.1133	0.9344	NA
RP1-1J6.2	0.5471	0.0016	0.1213	0.586	NA
RP1-224A6.3	1.6583	-0.0033	0.1169	0.4424	NA
RP1-234P15.4	0.4682	-0.0013	0.1206	0.6452	NA
RP1-256G22.2	0.7939	0.0029	0.1206	0.4165	NA
RP1-257A7.4	1.4056	-0.0054	0.1227	0.218	NA
RP1-278O22.1	37.0561	-0.0135	0.1092	0.5163	0.9412
RP1-290I10.5	2.5219	0.0024	0.1132	0.6952	NA
RP1-63G5.5	5.007	0.0011	0.1122	0.8906	0.9899
RP1-93I3.1	8.0682	-0.0069	0.112	0.5001	0.9355
RP11-1072A3.2	27.058	-0.0179	0.111	0.3048	0.8992
RP11-107K17.1	0.24	-7e-04	0.1199	0.7975	NA
RP11-109J4.1	0.48	-0.0014	0.1207	0.6399	NA
RP11-10A14.5	2.524	7e-04	0.1129	0.9117	NA
RP11-112L6.4	3.7631	0.0018	0.1124	0.8099	NA
RP11-1134I14.8	33.8415	0.0027	0.1091	0.8918	0.9899
RP11-119F19.2	50.5998	-0.0125	0.1084	0.5813	0.9552
RP11-122M14.1	1.1918	-0.0024	0.1161	0.5696	NA
RP11-127L20.3	0.2613	9e-04	0.1202	0.7453	NA
RP11-12A2.3	1.9623	-0.0013	0.1134	0.8115	NA
RP11-132A1.4	50.5478	-0.0202	0.1089	0.3864	0.9162
RP11-133O22.6	0.5228	0.0016	0.1212	0.5946	NA
RP11-134P9.3	0.233	-7e-04	0.1199	0.7996	NA
RP11-13A1.1	0.7387	-7e-04	0.1174	0.8395	NA
RP11-143J12.2	3.0367	0.0013	0.1128	0.8414	NA
RP11-14D22.5	0.7871	0.001	0.1174	0.7656	NA
RP11-14N7.2	5.1074	-0.0099	0.1142	0.2229	0.8832
RP11-154D6.1	0.7376	-6e-04	0.1174	0.846	NA
RP11-158M2.5	0.2747	0.001	0.1202	0.739	NA
RP11-15A1.7	11.1122	0.0018	0.1114	0.8739	0.9894
RP11-15I11.3	0.9598	-0.0015	0.1161	0.706	NA
RP11-160O5.1	34.3882	-0.0156	0.1099	0.4235	0.9204
RP11-161H23.9	2.8801	0.0045	0.114	0.4541	NA
RP11-163N6.2	2.3206	0.0029	0.1138	0.6104	NA
RP11-166O4.5	0.2729	9e-04	0.1202	0.7407	NA
RP11-168E14.1	13.7249	-0.0113	0.1117	0.3728	0.9118
RP11-173B14.5	6.6263	-0.0054	0.1122	0.5521	0.9489
RP11-178C3.2	3.3719	0.0083	0.1169	0.194	NA
RP11-193H5.1	0.2732	0.001	0.1202	0.7404	NA
RP11-1C1.4	5.1643	-0.0045	0.1124	0.5868	0.9552
RP11-203B9.4	1.2576	-4e-04	0.1152	0.9166	NA
RP11-205M3.3	0.7075	-0.0023	0.12	0.4898	NA
RP11-214C8.2	1.0474	0.0021	0.1164	0.5948	NA
RP11-219B17.1	1.8541	0.0012	0.1139	0.809	NA
RP11-21L23.3	0.7118	-0.0023	0.12	0.4884	NA
RP11-227H15.4	3.5296	0.0039	0.113	0.5774	NA
RP11-230B22.1	1.3163	0.0051	0.1231	0.2254	NA
RP11-231I16.1	0.9485	-0.0013	0.1169	0.7124	NA
RP11-234B24.2	0.4743	-0.0014	0.1207	0.6432	NA
RP11-234K24.3	0.2731	0.001	0.1202	0.7405	NA
RP11-23B15.1	0.2289	-7e-04	0.1199	0.8029	NA
RP11-242D8.1	17.3245	0.008	0.1109	0.5777	0.9552
RP11-245M24.1	0.9157	-0.0027	0.1209	0.4292	NA
RP11-24J23.2	0.5694	0.0017	0.1214	0.5722	NA
RP11-261C10.3	7.2848	0.0053	0.1124	0.5342	0.9444
RP11-266L9.2	0.8063	0.0029	0.1206	0.4109	NA
RP11-277P12.20	1.1759	-0.0044	0.1213	0.2842	NA
RP11-279F6.1	1.4638	-0.0028	0.1167	0.5071	NA
RP11-27K13.3	1.4159	-0.0053	0.1227	0.2238	NA
RP11-28G8.1	0.7945	0.0029	0.1206	0.4161	NA
RP11-290F20.1	2.0578	0.0039	0.1148	0.465	NA
RP11-293M10.5	1.2384	-6e-04	0.1147	0.8896	NA
RP11-298I3.1	1.7431	9e-04	0.1144	0.845	NA
RP11-299L17.3	1.2668	0.0013	0.1144	0.7769	NA
RP11-305E17.6	2.1044	0.004	0.1148	0.4542	NA
RP11-307C12.11	17.2365	-0.0172	0.1121	0.2286	0.8832
RP11-307E17.8	1.0549	0.004	0.1215	0.3051	NA
RP11-314C16.1	6.1409	0.0082	0.1126	0.377	0.9119
RP11-317J10.2	68.3916	-0.0292	0.1096	0.2365	0.886
RP11-319G6.1	0.2729	9e-04	0.1202	0.7407	NA
RP11-31F15.2	0.5024	1e-04	0.1192	0.9648	NA
RP11-320G24.1	18.3051	0.0163	0.1115	0.2892	0.8971
RP11-326F20.5	13.1297	-0.0017	0.1109	0.8988	0.9907
RP11-329J18.2	1.3385	-0.0018	0.1149	0.684	NA
RP11-333E1.1	5.2183	-0.0013	0.1121	0.8801	0.9899
RP11-342C23.4	1.4698	-0.0015	0.1141	0.7593	NA
RP11-344B5.2	19.4835	-0.0109	0.1109	0.4726	0.9307
RP11-347D21.3	0.2289	-7e-04	0.1199	0.8029	NA
RP11-34F13.2	3.9312	-0.0021	0.1126	0.767	NA
RP11-353N14.5	23.796	0.0011	0.11	0.9489	0.9956
RP11-355N15.1	0.72	-0.002	0.1208	0.5235	NA
RP11-356I2.4	0.4903	1e-04	0.1193	0.9707	NA
RP11-35G9.3	18.643	-0.0068	0.1108	0.6414	0.9661
RP11-365O16.6	0.7041	-0.0023	0.12	0.4917	NA
RP11-367J11.2	818.5126	0.0457	0.0969	0.2981	0.8992
RP11-367N14.2	3.5249	9e-04	0.1125	0.9047	NA
RP11-372E1.6	0.2605	9e-04	0.1202	0.7459	NA
RP11-374P20.4	4.139	0.007	0.114	0.3207	NA
RP11-379B18.5	4.1569	-0.0032	0.1125	0.6724	NA
RP11-379F4.4	0.7637	0.001	0.1175	0.7748	NA
RP11-37B2.1	20.2901	-0.0159	0.1113	0.3177	0.9
RP11-381O7.3	12.4906	0.0011	0.1111	0.9264	0.9936
RP11-383C5.3	5.2376	3e-04	0.112	0.9743	0.9959
RP11-384K6.6	211.518	0.0865	0.1176	0.0224	0.6524
RP11-389K14.3	39.6762	-0.0067	0.109	0.7387	0.9761
RP11-392P7.6	29.1633	0.0016	0.1097	0.9296	0.9937
RP11-395P17.3	46.947	0.0029	0.1079	0.8969	0.9907
RP11-399K21.14	1.0793	0.0041	0.1216	0.2974	NA
RP11-418J17.1	5.6607	0.0098	0.1143	0.2188	0.8813
RP11-420A23.1	2.0464	0.0024	0.1135	0.6744	NA
RP11-423C15.3	0.534	0.0017	0.1207	0.5721	NA
RP11-423H2.3	1.2079	-0.0024	0.1161	0.5734	NA
RP11-426A6.5	4.3974	0.0069	0.1132	0.37	NA
RP11-426L16.8	2.5702	0.0036	0.1139	0.5307	NA
RP11-430B1.2	1.238	-6e-04	0.1143	0.8901	NA
RP11-434C1.1	3.6423	0.0081	0.1147	0.2516	NA
RP11-434D9.1	1.0071	3e-04	0.1153	0.9467	NA
RP11-436I24.1	0.5211	0.0016	0.1212	0.5955	NA
RP11-438N16.1	178.9847	-0.0232	0.1029	0.5056	0.9381
RP11-439L18.3	0.2289	-7e-04	0.1199	0.8029	NA
RP11-43N5.1	0.273	0.001	0.1202	0.7405	NA
RP11-450K4.1	0.2289	-7e-04	0.1199	0.8029	NA
RP11-452H21.4	1.5254	0.0021	0.1146	0.6632	NA
RP11-458D21.1	1.0778	0.0035	0.1219	0.3388	NA
RP11-466F5.8	4.8127	0.0019	0.1122	0.8182	0.985
RP11-46C24.3	0.24	-7e-04	0.1199	0.7975	NA
RP11-473M20.14	31.6234	0.006	0.1094	0.7499	0.977
RP11-473M20.5	0.2289	-7e-04	0.1199	0.8029	NA
RP11-473M20.7	11.4035	-0.0071	0.1116	0.5374	0.9448
RP11-475N22.4	434.7692	-0.0402	0.0997	0.3236	0.9
RP11-47I22.2	0.273	0.001	0.1202	0.7406	NA
RP11-480I12.7	2.6641	-0.0051	0.1148	0.3772	NA
RP11-482D24.2	0.2741	0.001	0.1202	0.7395	NA
RP11-486A14.2	0.957	-0.0013	0.1168	0.7207	NA
RP11-486O12.2	4.1141	-0.0055	0.1135	0.4243	NA
RP11-494M8.4	0.2608	9e-04	0.1202	0.7457	NA
RP11-508N12.2	0.93	-0.0033	0.1203	0.38	NA
RP11-509J21.1	0.7598	0.0011	0.1167	0.767	NA
RP11-513O17.2	0.215	-6e-04	0.1198	0.821	NA
RP11-513O17.2-2	1.2221	-5e-04	0.1147	0.9026	NA
RP11-521B24.3	50.684	-0.0123	0.1082	0.5938	0.9562
RP11-536C5.7	2.0834	0.0038	0.1149	0.4701	NA
RP11-538P18.2	21.7012	-0.0035	0.1103	0.8256	0.9853
RP11-539L10.2	0.5217	0.0016	0.1212	0.5952	NA
RP11-540A21.2	33.1421	0.0064	0.1092	0.7457	0.9761
RP11-545I5.3	17.3405	-0.0153	0.1124	0.2273	0.8832
RP11-554D15.1	22.8765	-0.0204	0.1116	0.2269	0.8832
RP11-563J2.2	0.2294	-7e-04	0.1199	0.8026	NA
RP11-572M11.3	0.24	-7e-04	0.1199	0.7975	NA
RP11-575F12.1	1.9926	5e-04	0.1133	0.9351	NA
RP11-576D8.4	2.9408	-0.0029	0.1129	0.6702	NA
RP11-579D7.4	3.5356	-0.0059	0.114	0.3673	NA
RP11-57H12.3	0.7177	0.0021	0.1211	0.502	NA
RP11-584P21.2	0.72	-0.002	0.1208	0.5235	NA
RP11-58E21.3	0.2361	-7e-04	0.1199	0.8018	NA
RP11-593F23.1	0.7418	-7e-04	0.1166	0.8361	NA
RP11-60I3.5	1.2681	0.0013	0.1144	0.7744	NA
RP11-611D20.2	19.1295	-2e-04	0.1103	0.9886	0.9972
RP11-61J19.3	0.2605	9e-04	0.1202	0.7459	NA
RP11-620J15.2	1.7173	-0.0018	0.1148	0.6842	NA
RP11-620J15.3	43.2186	-0.0077	0.1087	0.7178	0.9751
RP11-637A17.2	3.6708	-0.0032	0.1128	0.6453	NA
RP11-638L3.1	0.2605	9e-04	0.1202	0.7459	NA
RP11-63P12.6	16.9211	-0.008	0.111	0.5698	0.9544
RP11-65J3.1	31.2423	-0.0013	0.1093	0.9435	0.9953
RP11-677M14.7	0.4594	-0.0013	0.1206	0.6484	NA
RP11-682N22.1	3.0182	6e-04	0.1133	0.9189	NA
RP11-685M7.3	11.1641	-0.0047	0.1113	0.7002	0.9724
RP11-695J4.2	31.3972	-0.0089	0.1095	0.6427	0.9669
RP11-696N14.1	3.6412	0.0081	0.1147	0.2518	NA
RP11-70F11.11	0.9561	-0.0028	0.1209	0.4136	NA
RP11-70F11.8	0.2729	9e-04	0.1202	0.7407	NA
RP11-710F7.3	0.9458	-0.0033	0.1204	0.3738	NA
RP11-723O4.2	3.643	0.0081	0.1147	0.251	NA
RP11-736K20.6	6.2177	-0.0136	0.1158	0.1213	0.8309
RP11-752G15.6	20.5425	-0.0294	0.1148	0.0641	0.7718
RP11-75C9.1	42.5414	-0.0218	0.1101	0.302	0.8992
RP11-75N4.2	0.24	-7e-04	0.1199	0.7975	NA
RP11-761I4.3	0.48	-0.0014	0.1207	0.6399	NA
RP11-76N22.2	2.4984	0.007	0.1212	0.177	NA
RP11-793H13.3	95.5695	0.0486	0.116	0.0419	0.7463
RP11-797H7.5	0.2294	-7e-04	0.1199	0.8025	NA
RP11-806H10.4	8.5869	-0.0058	0.1119	0.5649	0.9526
RP11-80G7.1	0.7954	0.0029	0.1206	0.4154	NA
RP11-80K21.3	0.2605	9e-04	0.1202	0.7459	NA
RP11-81N13.1	13.1293	-0.0071	0.1116	0.5498	0.9489
RP11-829H16.3	1.5128	4e-04	0.1138	0.9389	NA
RP11-82L2.1	0.6876	-0.0019	0.1209	0.54	NA
RP11-84C10.4	6.4723	0.0107	0.1133	0.2495	0.8873
RP11-85B7.2	0.7521	-7e-04	0.1173	0.8426	NA
RP11-85F14.5	23.1573	-0.0172	0.1111	0.3094	0.8998
RP11-864J10.4	1.8992	-0.0046	0.117	0.3429	NA
RP11-875O11.2	1.9507	-0.0012	0.1137	0.8182	NA
RP11-890B15.2	63.569	-0.0168	0.1076	0.5063	0.9386
RP11-92G12.3	0.2605	9e-04	0.1202	0.7459	NA
RP11-93B14.5	0.2738	0.001	0.1202	0.7399	NA
RP11-95P2.1	14.884	-0.0047	0.1108	0.7384	0.9761
RP11-96H19.1	5.7218	-0.0221	0.2028	0.009	0.5427
RP11-983P16.4	21.1598	-0.0164	0.1113	0.3046	0.8992
RP11-98I9.4	23.841	-0.0041	0.1099	0.8135	0.985
RP11-98L5.2	0.2289	-7e-04	0.1199	0.8029	NA
RP11-996F15.2	1.0347	0.0021	0.1164	0.5946	NA
RP13-143G15.3	0.24	-7e-04	0.1199	0.7975	NA
RP13-228J13.1	1.3735	-0.0043	0.1224	0.2747	NA
RP2	538.2453	-0.0244	0.0977	0.5583	0.9508
RP3-322G13.5	1.3909	-0.0053	0.1226	0.2233	NA
RP3-323P13.2	2.2345	0.0011	0.1135	0.8356	NA
RP3-326I13.1	0.5021	1e-04	0.1192	0.9649	NA
RP3-332B22.1	0.7106	-0.002	0.1208	0.5293	NA
RP3-395M20.9	34.0134	-0.0175	0.11	0.3774	0.9119
RP3-400B16.1	0.2729	9e-04	0.1202	0.7407	NA
RP3-400N23.6	0.182	-5e-04	0.1197	0.8525	NA
RP3-473B4.3	0.2289	-7e-04	0.1199	0.8029	NA
RP3-476K8.3	3.3841	0.0083	0.1169	0.1914	NA
RP4-533D7.5	0.2312	-7e-04	0.1199	0.8071	NA
RP4-591N18.2	0.7834	0.0024	0.1212	0.4638	NA
RP4-639F20.1	12.4569	0.0011	0.111	0.9304	0.9937
RP4-669L17.10	5.0203	0.0047	0.1135	0.4716	0.9304
RP4-669L17.10-2	434.4198	0.1321	0.1306	0.0049	0.4812
RP4-694A7.4	1.4712	-0.0015	0.1141	0.7621	NA
RP4-724E16.2	1.5249	0.0022	0.1143	0.6524	NA
RP4-753M9.1	3.7184	-0.0017	0.1125	0.8238	NA
RP4-756H11.3	2.9397	-0.0028	0.1129	0.6772	NA
RP5-1021I20.1	0.9377	-0.0033	0.1203	0.3772	NA
RP5-1024G6.5	18.9941	-0.009	0.1106	0.5658	0.9531
RP5-1033H22.2	0.5342	0.0017	0.1207	0.5718	NA
RP5-1050D4.5	2.3187	0.0047	0.115	0.3944	NA
RP5-1057J7.6	13.7083	0.0119	0.1116	0.3718	0.9111
RP5-1070A16.1	0.7418	-7e-04	0.1166	0.8363	NA
RP5-1071N3.1	1.821	0.003	0.1146	0.5589	NA
RP5-1073O3.7	0.2289	-7e-04	0.1199	0.8029	NA
RP5-1074L1.1	1.5011	3e-04	0.1138	0.9455	NA
RP5-1103G7.4	46.8004	-0.0351	0.1118	0.1273	0.8418
RP5-1109J22.2	0.2289	-7e-04	0.1199	0.8029	NA
RP5-1120P11.1	0.2605	9e-04	0.1202	0.7459	NA
RP5-1125A11.1	15.2018	-4e-04	0.1108	0.9752	0.9959
RP5-1142A6.2	3.4979	8e-04	0.1125	0.9131	NA
RP5-1159O4.2	1.8825	-0.0046	0.1171	0.3408	NA
RP5-1180C10.2	33.2587	0.0105	0.1094	0.5916	0.9562
RP5-858B6.3	2.9246	-0.0027	0.1129	0.6857	NA
RP5-886K2.3	16.7854	0	0.1107	0.9989	0.9994
RP5-887A10.1	15.1336	-0.0047	0.1109	0.7292	0.9759
RP5-914P20.5	14.7122	-0.0121	0.1115	0.3778	0.9119
RP5-977B1.7	1.0459	0.0034	0.1218	0.3517	NA
RP6-109B7.3	38.0277	-0.0227	0.1111	0.2318	0.8851
RP6-206I17.2	7.6653	0.0026	0.1119	0.7857	0.9826
RP9	180.0041	-0.0016	0.1032	0.9622	0.9956
RP9P	83.8056	-0.018	0.1073	0.4922	0.9331
RPA1	3039.0203	-5e-04	0.0913	0.9917	0.9981
RPA2	919.315	-0.0144	0.0949	0.7457	0.9761
RPA3	344.4442	-0.0348	0.1037	0.3218	0.9
RPA3-AS1	163.6627	-0.0398	0.1053	0.2419	0.886
RPA4	1.2465	-6e-04	0.1147	0.8961	NA
RPAIN	538.5148	-0.0536	0.1024	0.1777	0.8611
RPAP1	1247.6374	0.0164	0.0937	0.7198	0.9753
RPAP2	342.5041	-0.0214	0.1006	0.5728	0.9544
RPAP3	852.527	0.0109	0.0958	0.8025	0.9839
RPE	1216.0999	-0.0458	0.0945	0.3198	0.9
RPEL1	0.2731	0.001	0.1202	0.7405	NA
RPF1	598.0392	-0.0553	0.1001	0.1894	0.8684
RPF2	1507.2942	-0.0079	0.0937	0.8616	0.9885
RPGR	83.3644	0.0272	0.1078	0.3196	0.9
RPGRIP1L	164.7137	0.0327	0.105	0.3209	0.9
RPH3AL	221.8496	-0.0074	0.1011	0.839	0.9856
RPIA	672.8466	-0.0114	0.0958	0.7936	0.9836
RPL10	10547.4796	-0.055	0.097	0.2185	0.8812
RPL10A	9742.1063	-0.0588	0.0965	0.1954	0.8709
RPL11	9110.5287	-0.0743	0.0991	0.1013	0.8214
RPL12	8839.8471	-0.0651	0.0965	0.1572	0.8607
RPL13	19153.5503	-0.0496	0.0981	0.2507	0.8873
RPL13A	31016.4562	-0.0352	0.0948	0.4368	0.9227
RPL13AP20	5.7173	5e-04	0.112	0.954	0.9956
RPL13AP5	207.2235	-0.0483	0.107	0.1548	0.8598
RPL13AP6	1.1646	-0.0043	0.1212	0.288	NA
RPL13P5	58.0592	0.0158	0.1084	0.4979	0.9351
RPL14	12085.9487	-0.0455	0.0941	0.3256	0.9001
RPL15	14587.3936	-0.0606	0.0956	0.1895	0.8684
RPL17	15725.1732	-0.0578	0.0979	0.1913	0.8684
RPL17-C18orf32	292.6088	-0.0386	0.1016	0.3137	0.9
RPL18	6939.9094	-0.0361	0.0968	0.4062	0.9185
RPL18A	10647.8013	-0.0132	0.0958	0.761	0.9791
RPL19	13121.007	-0.0506	0.0947	0.2724	0.8913
RPL19P12	1.3422	0.0027	0.1171	0.4987	NA
RPL21	7935.3454	-0.0788	0.0973	0.093	0.814
RPL21P28	44.1025	-0.0284	0.1112	0.1829	0.8673
RPL21P44	1.0004	2e-04	0.1159	0.9659	NA
RPL22	6199.4037	-0.0718	0.0982	0.1153	0.8296
RPL22L1	2514.7826	-0.0613	0.0991	0.161	0.8611
RPL23	6669.4491	-0.0617	0.0976	0.1696	0.8611
RPL23A	11681.7977	-0.0571	0.0966	0.2056	0.8747
RPL23AP53	429.322	-0.0364	0.1004	0.357	0.9092
RPL23AP64	10.0196	0.0117	0.1124	0.2889	0.8971
RPL23AP7	213.0601	-0.0197	0.1035	0.5558	0.9507
RPL23AP82	284.6559	-0.0722	0.1099	0.057	0.7658
RPL23P8	0.2339	-7e-04	0.1199	0.7988	NA
RPL24	7488.2519	-0.0679	0.0966	0.1414	0.8598
RPL26	5653.0903	-0.0436	0.0947	0.3412	0.9036
RPL26L1	1209.6046	-0.0306	0.0967	0.4786	0.932
RPL27	5969.8658	-0.043	0.0938	0.3537	0.908
RPL27A	13070.2002	-0.0608	0.0977	0.1734	0.8611
RPL28	10943.2957	-0.0402	0.0995	0.3256	0.9001
RPL29	11812.9261	-0.0097	0.0931	0.8337	0.9854
RPL3	38270.1403	-0.0185	0.0917	0.6968	0.9722
RPL30	8519.4938	-0.0368	0.0945	0.4185	0.9204
RPL31	6022.154	-0.0654	0.0951	0.1636	0.8611
RPL32	8552.8238	-0.0517	0.0983	0.2319	0.8851
RPL32P3	17.403	-0.0124	0.1112	0.4019	0.9185
RPL34	4842.9611	-0.0683	0.0963	0.1409	0.8597
RPL35	8589.5688	-0.0367	0.0951	0.4148	0.9204
RPL35A	6226.2041	-0.058	0.0973	0.1947	0.8697
RPL36	4710.283	-0.0463	0.0963	0.2988	0.8992
RPL36A	2790.2265	-0.0607	0.098	0.1725	0.8611
RPL36A-HNRNPH2	292.5093	-0.0044	0.1253	0.2451	0.8873
RPL36AL	2229.1221	-0.0458	0.0953	0.3128	0.9
RPL37	4905.2055	-0.0593	0.1019	0.1493	0.8598
RPL37A	8868.1601	-0.0521	0.0968	0.2431	0.886
RPL38	2632.2779	-0.0448	0.0992	0.2818	0.8964
RPL39	4124.8277	-0.0615	0.095	0.1883	0.8684
RPL39L	210.1577	-0.0382	0.1044	0.2719	0.8904
RPL3L	0.7323	-6e-04	0.1174	0.8523	NA
RPL4	28517.6194	-0.029	0.091	0.5461	0.9484
RPL41	13442.1609	-0.06	0.1014	0.1502	0.8598
RPL5	11354.2232	-0.042	0.0936	0.3663	0.9102
RPL6	15473.8671	-0.0577	0.0949	0.2147	0.8779
RPL7	13487.0483	-0.0595	0.0955	0.1977	0.8721
RPL7A	19901.4892	-0.0462	0.0939	0.3203	0.9
RPL7L1	3258.2612	0.0177	0.0938	0.6971	0.9722
RPL8	24963.548	-0.0239	0.0948	0.5934	0.9562
RPL9	7041.1258	-0.0763	0.0983	0.0979	0.821
RPLP0	36131.9796	-0.0347	0.0943	0.4481	0.9232
RPLP0P2	3.5691	0.0033	0.1131	0.6079	NA
RPLP1	20547.664	-0.064	0.0979	0.1543	0.8598
RPLP2	7706.9688	-0.0592	0.1001	0.1654	0.8611
RPN1	6002.2647	0.0068	0.0905	0.8885	0.9899
RPN2	9639.1862	0.0185	0.0903	0.7028	0.9724
RPP14	717.2569	0.0423	0.0964	0.3384	0.903
RPP21	414.4883	-0.0487	0.1029	0.2057	0.8747
RPP25	190.2099	-0.0015	0.1027	0.9636	0.9956
RPP25L	324.2211	-0.0734	0.1104	0.0528	0.7568
RPP30	562.0516	-0.0691	0.103	0.0994	0.821
RPP38	341.1432	-0.0496	0.1019	0.2105	0.8773
RPP40	151.8093	-0.0178	0.1033	0.5944	0.9562
RPPH1	7.6466	2e-04	0.1117	0.9817	0.9961
RPRD1A	1790.4089	0.0454	0.0997	0.2718	0.8904
RPRD1B	999.9315	8e-04	0.0958	0.9848	0.9967
RPRD2	1337.7071	0.0402	0.102	0.291	0.8984
RPRML	2.1886	-0.0019	0.1136	0.7267	NA
RPS10	7434.5404	-0.0512	0.0956	0.2608	0.89
RPS10-NUDT3	7.4216	0.0784	0.6089	7e-04	0.2101
RPS10P7	3.3714	-0.0061	0.1138	0.3725	NA
RPS11	12366.2358	-0.0401	0.0951	0.3748	0.9119
RPS12	10356.6075	-0.0537	0.0959	0.2373	0.886
RPS13	5184.5674	-0.0826	0.1014	0.0675	0.7786
RPS14	10971.0692	-0.0373	0.0948	0.4107	0.9191
RPS14P3	3.049	0.0026	0.1128	0.7067	NA
RPS15	8512.9911	-0.031	0.0953	0.4869	0.9323
RPS15A	5382.6564	-0.0669	0.0969	0.145	0.8598
RPS15AP10	1.8537	0.0076	0.1288	0.1183	NA
RPS16	10653.572	-0.0324	0.0958	0.4642	0.9271
RPS17	5629.6958	-0.0641	0.1003	0.1371	0.8569
RPS18	13853.9012	-0.0589	0.096	0.1979	0.8721
RPS18P9	31.8712	-0.014	0.1098	0.4674	0.9284
RPS19	15720.1049	-0.0448	0.0974	0.3026	0.8992
RPS19BP1	1989.1509	-0.0264	0.0972	0.5347	0.9444
RPS2	46043.3426	-0.0384	0.0972	0.3739	0.9119
RPS20	9705.9082	-0.0574	0.098	0.1928	0.8684
RPS21	3781.5543	-0.025	0.0958	0.5684	0.9537
RPS23	8091.1708	-0.0792	0.1037	0.0677	0.7794
RPS24	8525.41	-0.0877	0.0978	0.0662	0.7756
RPS25	4707.0865	-0.0623	0.0977	0.1654	0.8611
RPS26	8417.1768	-0.0718	0.0985	0.114	0.8296
RPS26P11	5.9306	-0.0085	0.113	0.3252	0.9001
RPS27	7977.0654	-0.0552	0.0945	0.2364	0.886
RPS27A	9621.7108	-0.0787	0.0989	0.0874	0.807
RPS27L	2837.4565	-0.1336	0.1221	0.0062	0.5031
RPS28	8637.7601	-0.0094	0.0945	0.8342	0.9854
RPS29	3071.0949	-0.0748	0.1107	0.0497	0.7518
RPS2P32	3.5571	0.0026	0.1126	0.718	NA
RPS3	15415.9687	-0.0267	0.0953	0.5468	0.9485
RPS3A	14804.2198	-0.0767	0.0978	0.0984	0.821
RPS4X	15573.0929	-0.046	0.0949	0.3141	0.9
RPS5	10947.6678	-0.0412	0.0964	0.3502	0.9068
RPS6	12694.1655	-0.0704	0.0978	0.1231	0.8327
RPS6KA1	3260.6755	0.0284	0.0921	0.5484	0.9489
RPS6KA2	26.5874	-0.0032	0.1097	0.8597	0.9881
RPS6KA2-AS1	0.2316	-7e-04	0.1199	0.8007	NA
RPS6KA3	841.4633	-0.023	0.0972	0.5861	0.9552
RPS6KA4	1510.7329	0.0547	0.0944	0.2404	0.886
RPS6KA5	74.7631	-0.0029	0.1064	0.9138	0.9932
RPS6KB1	1233.9653	0.1157	0.1165	0.0121	0.5795
RPS6KB2	1381.4586	-0.0246	0.0953	0.5785	0.9552
RPS6KC1	285.5098	-0.0243	0.1018	0.5052	0.9378
RPS6KL1	84.9021	-0.037	0.1088	0.1929	0.8684
RPS7	7377.4917	-0.0761	0.0971	0.1036	0.8247
RPS8	12765.6823	-0.0514	0.0945	0.2681	0.89
RPS9	12744.3184	-0.0397	0.0952	0.3789	0.9124
RPSA	22486.1091	-0.0368	0.0952	0.4128	0.9201
RPSAP52	4.7688	0.0019	0.1122	0.8186	0.985
RPSAP58	170.7318	-0.0241	0.1033	0.4813	0.932
RPSAP9	18.4682	-7e-04	0.1105	0.9609	0.9956
RPTOR	1619.8479	0.1001	0.1067	0.0292	0.7009
RPUSD1	1295.6508	0.01	0.0968	0.8126	0.985
RPUSD2	433.0179	0.0012	0.099	0.9767	0.9959
RPUSD3	851.7049	-0.059	0.1019	0.1508	0.8598
RPUSD4	431.1166	0.0167	0.0977	0.6872	0.9712
RQCD1	1681.2027	-0.022	0.0926	0.6373	0.9657
RRAD	12.9639	-4e-04	0.1109	0.9786	0.9959
RRAGA	678.601	-0.0065	0.0965	0.8783	0.9899
RRAGB	217.6584	0.012	0.1016	0.7394	0.9761
RRAGC	777.8205	-0.0499	0.0964	0.2645	0.89
RRAGD	4.7744	-0.0071	0.113	0.3823	0.9139
RRAS	1276.6128	-0.0409	0.0984	0.3316	0.9014
RRAS2	1380.5643	-0.0063	0.0936	0.8903	0.9899
RRBP1	3380.9969	0.0828	0.0965	0.0833	0.807
RREB1	955.4614	0.0874	0.1095	0.0375	0.7463
RRH	1.253	0.0011	0.1148	0.8045	NA
RRM1	2828.4557	-0.0057	0.0935	0.9006	0.9908
RRM2	4978.894	-0.0723	0.093	0.1377	0.8585
RRM2B	1091.5741	-0.0279	0.0965	0.5201	0.9416
RRN3	1075.4214	0.0767	0.099	0.0934	0.814
RRN3P1	16.0112	0.0032	0.1107	0.8234	0.9851
RRN3P2	0.2295	-7e-04	0.1199	0.8025	NA
RRN3P3	40.0704	-0.0133	0.1093	0.5156	0.9411
RRNAD1	321.0439	-0.0042	0.1005	0.9111	0.9928
RRP1	1381.0589	0.0323	0.0939	0.4814	0.932
RRP12	1633.5059	0.0971	0.1026	0.0386	0.7463
RRP15	657.3373	-0.0325	0.097	0.4491	0.9232
RRP1B	4063.0955	0.0888	0.1027	0.0512	0.7534
RRP36	1191.3115	0.0117	0.0945	0.7937	0.9836
RRP7A	2072.6067	0.0099	0.0927	0.8306	0.9854
RRP7B	132.9865	0.0371	0.1063	0.2465	0.8873
RRP8	378.1864	0.0063	0.099	0.8734	0.9894
RRP9	991.3429	-0.0171	0.0959	0.6939	0.9719
RRS1	1128.5258	0.0339	0.0944	0.4559	0.9254
RS1	2.4571	-0.0011	0.113	0.8564	NA
RSAD1	220.8109	-0.0618	0.1068	0.0993	0.821
RSAD2	1.917	-0.0048	0.117	0.3275	NA
RSBN1	348.4106	0.0315	0.1014	0.4052	0.9185
RSBN1L	467.8957	0.0283	0.0999	0.4717	0.9304
RSBN1L-AS1	146.4146	0.0169	0.1039	0.6024	0.9581
RSC1A1	137.719	0.0323	0.1086	0.2381	0.886
RSF1	1235.0323	0.0333	0.1026	0.3596	0.9097
RSG1	81.0192	-0.0088	0.1064	0.7429	0.9761
RSL1D1	4101.9518	-0.0086	0.0909	0.8571	0.988
RSL24D1	2180.3829	-0.0307	0.0939	0.5034	0.9369
RSPH1	4.9138	-0.0033	0.1123	0.6891	0.9712
RSPH10B	5.3233	5e-04	0.1121	0.9497	0.9956
RSPH10B2	2.2424	0.004	0.1145	0.4673	NA
RSPH3	130.2071	-0.0011	0.1052	0.9697	0.9956
RSPH4A	10.3023	-5e-04	0.1113	0.9655	0.9956
RSPH6A	0.2609	9e-04	0.1202	0.7456	NA
RSPH9	1.92	-0.0062	0.126	0.1665	NA
RSPO3	1.3289	6e-04	0.1147	0.8989	NA
RSPRY1	1343.6344	0.0688	0.0961	0.1399	0.8585
RSRC1	384.3803	0.0183	0.0984	0.6514	0.9689
RSRC2	1011.0192	-0.013	0.094	0.7748	0.9802
RSU1	1684.1939	-0.007	0.094	0.8771	0.9899
RTBDN	2.8094	-1e-04	0.1131	0.9883	NA
RTCA	776.5747	-0.0431	0.0963	0.3308	0.901
RTCB	2546.5675	0.0086	0.0921	0.8542	0.9876
RTDR1	5.8576	-0.0052	0.1122	0.5648	0.9526
RTEL1	714.1589	0.0467	0.0976	0.282	0.8964
RTEL1-TNFRSF6B	24.8465	-0.0012	0.1142	0.805	0.9839
RTF1	2324.9852	0.0739	0.0999	0.0988	0.821
RTFDC1	1436.8086	-0.0176	0.0935	0.7017	0.9724
RTKN	913.936	-0.0067	0.0949	0.8802	0.9899
RTKN2	755.8851	0.0126	0.0958	0.7712	0.9796
RTN1	3.9229	-0.0025	0.1125	0.7406	NA
RTN2	96.8208	-0.0104	0.1068	0.691	0.9715
RTN3	3048.5499	-0.0447	0.0931	0.3421	0.9041
RTN4	4144.2116	0.0044	0.0911	0.9257	0.9934
RTN4IP1	156.2892	-0.0262	0.1037	0.4387	0.9227
RTN4R	103.7687	0.0071	0.1049	0.8104	0.9845
RTN4RL1	72.2881	-0.0055	0.1066	0.8327	0.9854
RTN4RL2	15.7941	-0.0075	0.1109	0.6018	0.9581
RTP4	4.1767	0.008	0.1139	0.2892	NA
RTTN	322.4601	0.0381	0.1023	0.3088	0.8998
RUFY1	886.6273	-0.0462	0.0968	0.2951	0.8992
RUFY2	235.8616	0.0312	0.1018	0.4018	0.9185
RUFY3	330.4342	0.0287	0.1014	0.4429	0.9232
RUNDC1	643.6359	0.0419	0.0988	0.3166	0.9
RUNDC3A	8.3918	0.0039	0.1117	0.7135	0.9736
RUNDC3B	8.2636	-0.005	0.1117	0.641	0.966
RUNX1	403.7865	0.0088	0.0993	0.8226	0.9851
RUNX2	0.3951	-0.0012	0.1203	0.69	NA
RUNX3	19.9726	0.0014	0.1102	0.9303	0.9937
RUSC1	908.4473	-0.0219	0.0952	0.6217	0.961
RUSC1-AS1	10.2692	0.0147	0.113	0.1965	0.8719
RUSC2	969.0669	0.101	0.1049	0.0306	0.707
RUVBL1	1897.9314	-0.0066	0.0925	0.8875	0.9899
RUVBL2	2967.326	0.0179	0.093	0.6991	0.9723
RWDD1	888.8375	-0.0684	0.0993	0.124	0.8342
RWDD2A	160.005	-0.0341	0.1049	0.3078	0.8996
RWDD2B	266.5065	-0.0864	0.1122	0.0327	0.7128
RWDD3	157.7781	-0.0407	0.1053	0.2342	0.886
RWDD4	439.7345	-1e-04	0.0982	0.998	0.9993
RXFP4	1.0495	0.0022	0.1164	0.5894	NA
RXRA	942.0073	0.0854	0.1013	0.0614	0.7686
RXRB	1140.6196	0.0452	0.0957	0.3149	0.9
RYBP	1245.3351	0.0279	0.0942	0.5397	0.9458
RYK	1397.6665	0.0321	0.0939	0.4836	0.9322
RYR1	21.5776	0.0086	0.1103	0.6008	0.9581
RYR2	1.5841	0.0048	0.1186	0.2962	NA
RYR3	5.554	0.0045	0.1122	0.6114	0.9585
S100A1	479.8471	-0.0525	0.1018	0.1912	0.8684
S100A10	2462.4844	-0.0461	0.0968	0.2954	0.8992
S100A11	7949.5566	-0.0518	0.0963	0.2494	0.8873
S100A13	1617.3537	-0.0572	0.0982	0.1923	0.8684
S100A14	36.5346	-0.0103	0.1099	0.5703	0.9544
S100A16	2738.7776	-0.0099	0.0951	0.8227	0.9851
S100A2	354.3171	-0.0375	0.1038	0.2899	0.8977
S100A3	92.9467	0.0056	0.1063	0.8361	0.9854
S100A4	6483.5528	-0.0555	0.0956	0.2255	0.8832
S100A5	11.8392	-0.0062	0.1114	0.6115	0.9585
S100A6	18745.5446	-0.0505	0.0973	0.2513	0.8879
S100A7	0.72	-0.002	0.1208	0.5235	NA
S100A8	0.5011	1e-04	0.1192	0.9705	NA
S100A9	48.6051	-0.0235	0.1103	0.2693	0.8901
S100G	0.2372	-7e-04	0.1199	0.7961	NA
S100P	417.7445	-0.022	0.102	0.5414	0.9465
S100PBP	488.1741	0.0076	0.0995	0.8448	0.986
S100Z	12.0505	-0.0202	0.1141	0.1062	0.8257
S1PR2	162.4587	-0.0698	0.1126	0.0486	0.7463
S1PR3	42.74	0.01	0.1087	0.6428	0.9669
S1PR4	5.235	-0.0013	0.1121	0.8841	0.9899
S1PR5	298.5655	-5e-04	0.1	0.989	0.9972
SAA1	101.39	-0.0422	0.1121	0.0999	0.821
SAA2	33.6578	-0.0182	0.1102	0.3504	0.9069
SAA2-SAA4	0.7052	-0.0023	0.12	0.4909	NA
SAAL1	352.4211	-0.0212	0.0995	0.5913	0.9562
SAC3D1	741.4104	-0.0534	0.1023	0.1805	0.8633
SACM1L	1372.9621	0.0071	0.094	0.8752	0.9896
SACS	1051.973	0.0392	0.1016	0.309	0.8998
SAE1	3808.9725	-0.0012	0.0918	0.9801	0.9961
SAFB	3696.9225	0.0961	0.0965	0.0508	0.7518
SAFB2	1249.7388	0.0228	0.0942	0.6145	0.959
SALL1	154.9048	0.0208	0.1039	0.5262	0.9416
SALL2	465.0921	-0.0197	0.0989	0.6229	0.9614
SALL4	215.5392	0.048	0.1078	0.1457	0.8598
SAMD1	950.5572	-0.0436	0.0977	0.3121	0.9
SAMD10	144.5527	-0.0563	0.1097	0.0928	0.814
SAMD11	73.1035	-0.0114	0.1067	0.6661	0.969
SAMD12	22.4862	-0.0177	0.1113	0.2806	0.8964
SAMD12-AS1	0.48	-0.0014	0.1207	0.6399	NA
SAMD13	5.8272	-0.0022	0.1121	0.7944	0.9838
SAMD14	37.064	0.0053	0.1088	0.7969	0.9839
SAMD15	15.282	-0.0014	0.111	0.9135	0.9932
SAMD4A	609.4732	0.0362	0.0985	0.3846	0.9151
SAMD4B	2331.7939	0.0589	0.0956	0.2013	0.874
SAMD5	33.461	-0.0058	0.1091	0.7692	0.9791
SAMD8	1890.6914	0.0702	0.101	0.1069	0.826
SAMD9	11.7723	-0.0067	0.1117	0.5496	0.9489
SAMD9L	7.592	0.0028	0.1118	0.7799	0.9806
SAMHD1	1348.8017	0.0121	0.0961	0.7791	0.9806
SAMM50	1219.2406	-0.0159	0.094	0.725	0.9755
SAP130	837.1896	0.0347	0.0968	0.4241	0.9204
SAP18	2615.5635	-0.0468	0.0968	0.2892	0.8971
SAP25	27.3518	-0.0014	0.1095	0.9392	0.9946
SAP30	334.2488	-0.0252	0.1004	0.5136	0.9406
SAP30BP	943.5894	0.0057	0.0954	0.896	0.9903
SAP30L	651.9854	0.0103	0.0961	0.8112	0.9849
SAP30L-AS1	26.0992	0.0101	0.1103	0.5536	0.9492
SAPCD1	4.9758	-0.0037	0.1314	0.238	0.886
SAPCD2	1821.8138	0.0095	0.0935	0.8355	0.9854
SAR1A	2579.2996	-0.0172	0.0917	0.7172	0.9748
SAR1B	848.4022	-0.0263	0.0962	0.5457	0.9484
SARDH	17.7911	-0.0067	0.1106	0.6579	0.969
SARM1	1106.5422	0.0325	0.0972	0.4478	0.9232
SARNP	1119.3717	-0.0515	0.096	0.2546	0.8893
SARS	3003.158	0.0374	0.0925	0.4283	0.9207
SARS2	695.2335	-0.0514	0.0975	0.2417	0.886
SART1	1330.8028	0.0878	0.0993	0.0618	0.7686
SART3	2157.6094	0.1088	0.1056	0.0229	0.6565
SASH1	1673.3972	0.0602	0.102	0.1435	0.8598
SASS6	340.3419	-0.0076	0.0994	0.8447	0.986
SAT1	5839.9494	-0.0386	0.0937	0.4051	0.9185
SAT2	607.3709	-0.0367	0.0986	0.3769	0.9119
SATB1	13.6194	-0.0038	0.111	0.7696	0.9791
SATB2	172.6279	0.02	0.1042	0.5349	0.9444
SAV1	2089.401	0.0032	0.0928	0.9445	0.9954
SAYSD1	249.9241	-0.0375	0.1031	0.3014	0.8992
SBDS	1791.7107	-0.0152	0.0924	0.7452	0.9761
SBDSP1	594.4242	-0.0141	0.0963	0.7429	0.9761
SBF1	5165.188	0.0962	0.1021	0.0405	0.7463
SBF2	825.2826	0.1036	0.1239	0.011	0.5624
SBF2-AS1	96.4258	-0.049	0.1112	0.0967	0.821
SBK1	195.2245	-0.0153	0.103	0.6509	0.9686
SBK2	6.75	0.0061	0.1121	0.5298	0.9428
SBK3	5.4622	-4e-04	0.112	0.9625	0.9956
SBNO1	2572.1577	0.0897	0.1035	0.0478	0.7463
SBNO2	1701.4181	0.0881	0.1011	0.0565	0.7639
SBSN	0.9436	0.0028	0.118	0.4716	NA
SBSPON	10.4238	-0.007	0.1118	0.5267	0.9416
SC5D	788.5266	-0.0014	0.0949	0.9745	0.9959
SCAF1	4783.3537	0.0956	0.0966	0.0515	0.7545
SCAF11	2494.6797	0.0205	0.0981	0.6179	0.9593
SCAF4	1210.8349	0.0837	0.1032	0.0594	0.7686
SCAF8	1173.1171	0.0483	0.0984	0.2593	0.89
SCAI	212.5068	-0.0303	0.1071	0.2988	0.8992
SCAMP1	861.9027	-0.0459	0.097	0.2956	0.8992
SCAMP2	2380.1065	0.0307	0.093	0.5094	0.9397
SCAMP3	1635.9323	-0.0254	0.096	0.5602	0.9514
SCAMP4	1945.043	0.0581	0.0945	0.2145	0.8779
SCAMP5	192.869	-0.0231	0.104	0.483	0.932
SCAND1	1151.7571	-0.0462	0.1001	0.2591	0.89
SCAND2P	156.3961	-0.0118	0.1033	0.7214	0.9753
SCAND3	20.0384	0.004	0.1102	0.8016	0.9839
SCAP	2877.9389	0.0374	0.0928	0.4254	0.9204
SCAPER	315.576	0.0021	0.1011	0.9541	0.9956
SCARA3	3348.7912	0.0337	0.0922	0.477	0.9312
SCARB1	3141.703	0.0167	0.0921	0.7227	0.9755
SCARB2	2429.9348	0.0217	0.0929	0.6402	0.9658
SCARF1	11.9754	-0.011	0.1117	0.3805	0.9133
SCARF2	1746.5044	0.0056	0.0939	0.901	0.9908
SCARNA10	0.7831	0.0012	0.1176	0.7317	NA
SCARNA12	5.0169	0.0049	0.1125	0.546	0.9484
SCARNA13	1.1446	-0.0035	0.1214	0.3425	NA
SCARNA17	8.2828	-0.0053	0.1119	0.6044	0.9581
SCARNA2	6.6326	0.01	0.113	0.2825	0.8965
SCARNA7	0.2605	9e-04	0.1202	0.7459	NA
SCARNA9	2.3724	0.0055	0.115	0.3469	NA
SCARNA9L	0.2441	-8e-04	0.1199	0.7887	NA
SCART1	8.8702	0.0086	0.1121	0.4246	0.9204
SCCPDH	1225.9634	-0.0692	0.0971	0.1324	0.8498
SCD	16910.4643	0.02	0.094	0.6597	0.969
SCD5	1851.7048	0.0283	0.0933	0.541	0.9465
SCEL	1.0154	3e-04	0.1152	0.9475	NA
SCFD1	933.3023	-0.0251	0.0946	0.5768	0.9552
SCFD2	523.0119	0.0498	0.0987	0.2436	0.886
SCG2	1.2211	-6e-04	0.1147	0.8919	NA
SCG5	1.196	-0.002	0.1166	0.6048	NA
SCGB1A1	8.4646	0.0041	0.1116	0.7029	0.9724
SCGB1B2P	0.24	-7e-04	0.1199	0.7975	NA
SCGB1D2	12.5395	-0.0033	0.1112	0.7929	0.9836
SCGB2A1	7.993	0.002	0.1116	0.851	0.9872
SCGN	0.7381	-7e-04	0.1174	0.8417	NA
SCHIP1	139.1203	0.0152	0.1043	0.6306	0.964
SCIMP	1.0672	0.0019	0.1169	0.6222	NA
SCIN	2053.2401	-0.0435	0.0934	0.3516	0.9077
SCLT1	203.0114	-0.0252	0.1022	0.4838	0.9322
SCLY	504.7997	-0.0649	0.1012	0.1278	0.8433
SCMH1	441.2385	-0.0105	0.0977	0.8	0.9839
SCML1	394.4513	-0.0692	0.103	0.0993	0.821
SCML2	150.1654	-0.014	0.1035	0.6701	0.9698
SCN11A	1.4592	-0.0032	0.1163	0.4721	NA
SCN1B	30.7893	0	0.1092	0.9998	0.9998
SCN2A	56.893	-0.0284	0.1106	0.2062	0.8751
SCN3A	4.1036	0.0058	0.1131	0.4398	NA
SCN3B	6.5348	-0.0113	0.1134	0.2278	0.8832
SCN4B	1.2437	-6e-04	0.1147	0.8885	NA
SCN5A	6.8759	0.0043	0.1119	0.6555	0.969
SCN7A	15.6531	-0.0087	0.1113	0.5073	0.9397
SCN8A	42.3994	0.0068	0.1089	0.7427	0.9761
SCN9A	1.2832	0.003	0.1166	0.4825	NA
SCNM1	274.1569	0.0021	0.1007	0.9542	0.9956
SCNN1A	966.443	0.0152	0.0944	0.7343	0.976
SCNN1B	0.24	-7e-04	0.1199	0.7975	NA
SCNN1D	14.3873	0.0068	0.1111	0.6153	0.959
SCNN1G	2.5139	0.0023	0.1131	0.718	NA
SCO1	824.3102	0.0059	0.0949	0.895	0.9903
SCO2	353.2992	-0.0292	0.1031	0.4067	0.9185
SCOC	1648.34	-0.0733	0.0974	0.113	0.8296
SCP2	1986.5093	-0.0521	0.0934	0.2695	0.8901
SCPEP1	294.0011	-0.0085	0.0996	0.8268	0.9853
SCRIB	5408.1464	0.0677	0.0942	0.1558	0.8598
SCRN1	3928.2726	0.0107	0.0947	0.8114	0.9849
SCRN2	145.8941	-0.0776	0.1173	0.0269	0.6814
SCRN3	154.3488	-0.027	0.1042	0.4167	0.9204
SCRT1	1.0105	0.0018	0.1171	0.633	NA
SCRT2	0.2289	-7e-04	0.1199	0.8029	NA
SCT	0.2605	9e-04	0.1202	0.7459	NA
SCTR	0.4849	0.0015	0.1209	0.6181	NA
SCUBE2	5.9643	0.0026	0.112	0.7722	0.9796
SCUBE3	318.7981	0.0209	0.0995	0.5956	0.9563
SCXB	41.8188	0.0155	0.1093	0.464	0.9271
SCYL1	3171.3674	0.0831	0.0953	0.086	0.807
SCYL2	1740.0035	0.0158	0.0975	0.7048	0.9724
SCYL3	151.3334	-0.0061	0.104	0.8469	0.9866
SDAD1	681.6997	0.0834	0.1016	0.0652	0.7747
SDC1	4427.2298	-0.0092	0.0912	0.8469	0.9866
SDC2	8318.4551	-0.0156	0.0904	0.746	0.9761
SDC3	2878.8241	0.0262	0.0934	0.5694	0.9543
SDC4	2140.3305	-0.0918	0.0977	0.057	0.7658
SDCBP	2250.9186	-0.0275	0.0925	0.5574	0.9508
SDCBP2	9.1991	-0.0015	0.112	0.8664	0.9887
SDCBP2-AS1	19.5351	-0.005	0.1104	0.7466	0.9761
SDCCAG3	1170.3323	-0.0496	0.0969	0.2626	0.89
SDCCAG8	166.3167	-0.06	0.1094	0.0852	0.807
SDE2	784.7802	0.0295	0.0963	0.4971	0.935
SDF2	635.2732	-0.0599	0.102	0.1457	0.8598
SDF2L1	991.7067	-0.032	0.1004	0.4126	0.9201
SDF4	6958.491	0.0334	0.0919	0.4819	0.932
SDHA	5026.1274	-0.0031	0.0907	0.949	0.9956
SDHAF1	246.6024	0.004	0.1025	0.9068	0.9922
SDHAF2	683.8237	-0.0187	0.0964	0.6638	0.969
SDHAP1	136.3409	0.032	0.1051	0.3264	0.9002
SDHAP2	136.0235	0.0754	0.1174	0.0276	0.6844
SDHAP3	58.3079	0.0072	0.1073	0.7678	0.9791
SDHB	1243.3867	-0.0432	0.0953	0.34	0.9034
SDHC	1791.6349	-0.0363	0.0951	0.4193	0.9204
SDHD	2335.088	-0.0832	0.0984	0.0756	0.7966
SDK1	94.2445	0.0487	0.112	0.0864	0.807
SDK2	1217.8848	0.0793	0.108	0.0523	0.7559
SDPR	528.2848	-0.0306	0.0983	0.4597	0.9259
SDR39U1	589.7534	-0.0041	0.0983	0.9197	0.9932
SDR9C7	0.7622	0.0011	0.1168	0.7532	NA
SDS	3.3764	-0.0062	0.1138	0.3674	NA
SDSL	613.1963	-0.0487	0.1012	0.2251	0.8832
SEC11A	2606.5266	-0.0661	0.0977	0.144	0.8598
SEC11C	612.1976	-0.0453	0.0988	0.282	0.8964
SEC13	3198.0121	-0.022	0.0938	0.6295	0.964
SEC14L1	3482.8749	0.091	0.1024	0.048	0.7463
SEC14L2	133.2217	-0.0073	0.1042	0.816	0.985
SEC14L4	1.0393	0.0018	0.117	0.6298	NA
SEC16A	3775.1818	0.1192	0.1177	0.0105	0.5586
SEC16B	31.0243	0.0084	0.1096	0.6543	0.969
SEC1P	0.24	-7e-04	0.1199	0.7975	NA
SEC22A	239.9962	-0.0501	0.1054	0.165	0.8611
SEC22B	1310.1259	-0.0339	0.0942	0.4577	0.9254
SEC22C	1135.6442	-0.0281	0.0939	0.5389	0.9451
SEC23A	3523.475	0.0229	0.0938	0.616	0.959
SEC23B	1839.1689	-0.0075	0.0925	0.8718	0.9894
SEC23IP	1882.9325	0.079	0.1007	0.0796	0.8068
SEC24A	1296.7486	0.0635	0.1016	0.1305	0.8492
SEC24B	1089.3685	0.0687	0.099	0.1238	0.8342
SEC24B-AS1	3.6234	-0.0051	0.1131	0.4747	NA
SEC24C	3362.0996	0.0563	0.0942	0.2299	0.8839
SEC24D	1239.6394	0.0335	0.0962	0.444	0.9232
SEC31A	4036.6086	0.0619	0.0952	0.184	0.868
SEC31B	36.3977	-0.0219	0.1103	0.2895	0.8971
SEC61A1	10217.9604	0.023	0.0905	0.6342	0.9652
SEC61A2	418.3219	-0.046	0.0998	0.2654	0.89
SEC61B	1707.6439	-0.0341	0.0973	0.426	0.9204
SEC61G	1066.5306	-0.0834	0.104	0.0576	0.7658
SEC62	2134.1974	0.0017	0.0923	0.9715	0.9959
SEC63	1925.3715	0.0654	0.097	0.152	0.8598
SECISBP2	783.2225	-0.0407	0.0958	0.3619	0.9102
SECISBP2L	954.0082	0.045	0.1027	0.2366	0.886
SECTM1	8.8121	-0.0079	0.1119	0.4744	0.9312
SEH1L	1172.9625	0.0228	0.0941	0.6159	0.959
SEL1L	1650.9138	0.0581	0.1004	0.1687	0.8611
SEL1L3	419.2201	0.0231	0.1008	0.5411	0.9465
SELENBP1	1130.541	-0.0425	0.095	0.3494	0.9067
SELK	458.9679	-0.0181	0.0996	0.6433	0.9672
SELL	43.1926	-0.0084	0.1086	0.6958	0.9722
SELM	1048.3917	-0.0211	0.0994	0.5931	0.9562
SELO	613.3268	0.0134	0.0974	0.7475	0.9764
SELP	5.7154	8e-04	0.112	0.9281	0.9937
SELPLG	1.4633	-0.0032	0.1163	0.471	NA
SELT	2308.8447	-0.0564	0.0946	0.2265	0.8832
SEMA3A	8.9022	0.0108	0.1123	0.3283	0.9003
SEMA3B	3018.701	0.0578	0.0934	0.2236	0.8832
SEMA3B-AS1	5.0064	0.0013	0.1121	0.877	0.9899
SEMA3C	6303.4893	0.0804	0.1025	0.069	0.7804
SEMA3D	7891.7118	0.028	0.0987	0.4923	0.9331
SEMA3F	1199.7909	0.0488	0.0952	0.2846	0.8965
SEMA3G	42.0416	0.0099	0.1087	0.6441	0.9672
SEMA4A	462.7904	0.0296	0.0979	0.4788	0.932
SEMA4B	1025.3876	0.0567	0.0958	0.2153	0.8784
SEMA4C	697.1589	0.0629	0.0992	0.1513	0.8598
SEMA4D	672.9003	0.0436	0.0989	0.2981	0.8992
SEMA4F	320.4668	0.0365	0.1005	0.3549	0.9085
SEMA4G	990.322	0.1052	0.1075	0.0239	0.6573
SEMA5A	331.5195	0.0529	0.1059	0.1443	0.8598
SEMA5B	8.2245	-0.0025	0.1117	0.8078	0.9839
SEMA6A	115.453	0.014	0.1048	0.647	0.9677
SEMA6B	2295.4688	0.0406	0.0929	0.3887	0.9162
SEMA6C	143.7575	0.0037	0.1035	0.9098	0.9927
SEMA6D	0.1779	-5e-04	0.1197	0.8506	NA
SEMA7A	31.5221	-0.0039	0.1092	0.8379	0.9854
SENP1	669.8527	0.0115	0.0959	0.7904	0.9836
SENP2	886.1759	-0.0224	0.0952	0.6138	0.959
SENP3	2372.8515	-0.0288	0.092	0.5433	0.9466
SENP3-EIF4A1	21.8554	0.0114	0.111	0.4519	0.9235
SENP5	793.7401	0.0015	0.0955	0.9728	0.9959
SENP6	872.4801	0.0165	0.0971	0.6952	0.9722
SENP7	357.7536	3e-04	0.0997	0.9934	0.9987
SENP8	57.7327	-0.0028	0.1072	0.9102	0.9927
SEP15	3136.7208	-0.0421	0.0936	0.3663	0.9102
SEPHS1	2271.2987	-0.0186	0.0927	0.6905	0.9712
SEPHS2	1059.2973	-0.01	0.0941	0.8246	0.9853
SEPN1	3336.6465	0.0413	0.0931	0.3776	0.9119
SEPP1	6.067	-0.0049	0.1125	0.551	0.9489
SEPSECS	99.2996	-0.0048	0.1055	0.865	0.9887
SEPSECS-AS1	0.48	-0.0014	0.1207	0.6399	NA
SEPT1	20.386	-0.04	0.1277	0.0101	0.5561
SEPT10	2006.7378	-0.0666	0.0956	0.1536	0.8598
SEPT11	6467.573	0.0324	0.0961	0.4596	0.9259
SEPT12	0.48	-0.0014	0.1207	0.6399	NA
SEPT2	12216.8903	-0.0459	0.0907	0.3455	0.9054
SEPT3	6.2454	-0.0094	0.1134	0.2759	0.8937
SEPT4	1.2	-0.0037	0.1216	0.3255	NA
SEPT5	70.5348	0.0031	0.1069	0.9008	0.9908
SEPT5-GP1BB	30.0746	-0.0049	0.1101	0.7706	0.9794
SEPT6	350.0031	-0.0273	0.101	0.4706	0.9297
SEPT7	3155.1963	-0.0686	0.0933	0.1554	0.8598
SEPT7P2	53.4825	0.0115	0.1079	0.6281	0.9637
SEPT7P9	0.2352	-7e-04	0.1199	0.8027	NA
SEPT8	1551.1844	-0.0036	0.0945	0.9352	0.9943
SEPT9	6688.697	0.0546	0.0918	0.2586	0.89
SEPW1	797.433	-0.0863	0.1048	0.0503	0.7518
SERAC1	261.5093	0.0025	0.1012	0.9459	0.9956
SERBP1	10979.9902	-0.0115	0.0904	0.8114	0.9849
SERF1A	75.9582	-0.0387	0.1121	0.1096	0.8274
SERF1B	322.2375	-0.0582	0.1071	0.1094	0.8274
SERF2	8042.1482	-0.0381	0.0985	0.3627	0.9102
SERF2-C15ORF63	0.4772	-0.0014	0.1207	0.6415	NA
SERGEF	128.8769	-0.0422	0.107	0.1927	0.8684
SERHL	3.6647	0	0.1131	0.9935	NA
SERHL2	16.9278	-0.008	0.1108	0.5874	0.9552
SERINC1	3025.7169	0.0251	0.0922	0.5935	0.9562
SERINC2	758.891	-0.0175	0.0975	0.6755	0.9708
SERINC3	1426.9465	0.064	0.0998	0.1415	0.8598
SERINC4	3.8788	0.0061	0.1138	0.3723	NA
SERINC5	1617.0189	0.0706	0.0999	0.1115	0.8281
SERP1	3021.9952	-0.0301	0.0929	0.5192	0.9416
SERP2	3.3036	0.0017	0.1127	0.8057	NA
SERPINA1	0.4589	-0.0013	0.1206	0.6486	NA
SERPINA3	0.5458	0.0016	0.1213	0.5866	NA
SERPINB1	905.8848	-0.1276	0.1186	0.0082	0.5196
SERPINB2	45.2232	-0.0204	0.1096	0.3495	0.9067
SERPINB5	1.3364	0.0027	0.1171	0.5031	NA
SERPINB6	222.033	-0.0206	0.1029	0.5506	0.9489
SERPINB8	449.1532	0.0157	0.098	0.7011	0.9724
SERPINB9	2004.5334	0.0702	0.0964	0.1314	0.8492
SERPINC1	3.1602	-0.0027	0.1131	0.6707	NA
SERPIND1	0.5335	0.0017	0.1207	0.5726	NA
SERPINE1	543.3749	0.0973	0.1075	0.0307	0.707
SERPINE2	97.9735	0.0123	0.1053	0.6761	0.9708
SERPINF1	552.5308	0.0077	0.0972	0.8532	0.9876
SERPINF2	6.1805	-0.0098	0.1131	0.2849	0.8966
SERPING1	18.244	-0.0159	0.1115	0.2939	0.8992
SERPINH1	13400.3413	-0.0056	0.0914	0.9065	0.9922
SERPINI1	10.424	-0.0025	0.1113	0.8318	0.9854
SERTAD1	462.5571	-0.0386	0.0997	0.3404	0.9036
SERTAD2	370.2109	0.0146	0.0998	0.7066	0.9724
SERTAD3	631.6027	-0.0281	0.097	0.5116	0.94
SERTAD4	0.5217	0.0016	0.1212	0.5952	NA
SERTAD4-AS1	3.9227	0.0092	0.1152	0.2082	NA
SESN1	878.2475	-0.0187	0.0947	0.676	0.9708
SESN2	1943.7212	0.0536	0.0953	0.2426	0.886
SESN3	1053.9278	-0.0685	0.1023	0.1061	0.8257
SESTD1	700.2398	-0.002	0.097	0.9621	0.9956
SET	12574.6241	-0.0299	0.0903	0.5388	0.9451
SETBP1	247.2814	0.0753	0.1132	0.0403	0.7463
SETD1A	1495.6429	0.1397	0.1242	0.005	0.483
SETD1B	2113.9183	0.1813	0.1704	7e-04	0.2166
SETD2	1942.871	0.0891	0.1084	0.0378	0.7463
SETD3	1402.9979	-0.0129	0.0937	0.7777	0.9806
SETD4	474.8383	0.0506	0.0998	0.2267	0.8832
SETD5	2606.9484	0.0974	0.1067	0.0318	0.7118
SETD6	247.4004	-0.0193	0.1011	0.602	0.9581
SETD7	1156.2805	0.0713	0.1044	0.0852	0.807
SETD8	906.2372	-0.0145	0.0948	0.7442	0.9761
SETD9	170.9984	-0.0214	0.1041	0.5106	0.9399
SETDB1	831.4269	0.0539	0.0992	0.2066	0.8753
SETDB2	148.7835	0.0517	0.1089	0.1157	0.8296
SETMAR	185.0215	-0.042	0.1049	0.2292	0.8832
SETSIP	1.1711	-0.0043	0.1213	0.2911	NA
SETX	1201.8665	0.0525	0.1039	0.1688	0.8611
SEZ6L2	1986.2395	0.0309	0.0926	0.5102	0.9397
SF1	5925.6628	0.1509	0.1125	0.0046	0.4654
SF3A1	3396.8574	0.0786	0.0958	0.0993	0.821
SF3A2	2497.2166	0.0685	0.0977	0.1326	0.8498
SF3A3	2351.848	0.0174	0.092	0.712	0.9733
SF3B1	5673.3297	0.0454	0.096	0.3108	0.8998
SF3B14	1225.0084	-0.0376	0.0987	0.3652	0.9102
SF3B2	6056.857	0.0638	0.0923	0.1889	0.8684
SF3B3	7636.3421	0.0797	0.095	0.0985	0.821
SF3B4	2595.2916	0.0058	0.0933	0.9002	0.9908
SF3B5	2097.5853	-0.0391	0.0979	0.3579	0.9092
SFI1	247.3067	-0.0091	0.1006	0.8069	0.9839
SFMBT1	473.7283	0.0195	0.1001	0.6125	0.9588
SFMBT2	67.5264	0.0207	0.1085	0.3908	0.9162
SFN	1090.2489	-0.0481	0.0978	0.2673	0.89
SFPQ	9063.8894	0.1059	0.0995	0.0317	0.7118
SFR1	120.1667	-0.0905	0.1298	0.0077	0.5181
SFRP1	13.4682	-3e-04	0.1109	0.98	0.9961
SFRP4	1.4066	-0.0054	0.1227	0.2177	NA
SFRP5	18.1551	0.0055	0.1109	0.6929	0.9715
SFSWAP	998.7516	0.0594	0.0973	0.1856	0.8684
SFT2D1	368.3922	-0.0524	0.1055	0.1513	0.8598
SFT2D2	146.2479	0.0576	0.1096	0.0899	0.8072
SFT2D3	241.1041	2e-04	0.1013	0.996	0.9991
SFTA1P	1.3024	0.0011	0.1153	0.7904	NA
SFTA2	5.0482	0.0049	0.1124	0.5586	0.9508
SFTPB	0.4217	0.0013	0.1206	0.6523	NA
SFXN1	2242.6295	-8e-04	0.092	0.9864	0.9969
SFXN2	253.1708	-0.1427	0.1499	0.002	0.3561
SFXN3	548.6199	-5e-04	0.0965	0.9913	0.998
SFXN4	511.2473	-0.0827	0.1096	0.0429	0.7463
SFXN5	482.543	-0.069	0.1021	0.1048	0.8254
SGCA	93.6974	0.008	0.1065	0.7628	0.9791
SGCB	1060.3089	-0.0199	0.0943	0.6596	0.969
SGCE	1707.9573	-0.0048	0.0936	0.9157	0.9932
SGCG	0.721	-6e-04	0.1175	0.8473	NA
SGIP1	0.5006	1e-04	0.1192	0.974	NA
SGK1	29.9491	-0.0043	0.1093	0.8195	0.985
SGK2	431.5209	-0.0242	0.0984	0.5535	0.9492
SGK223	1956.6086	0.1264	0.1087	0.0114	0.5667
SGK3	38.1783	0.0296	0.1124	0.1301	0.8492
SGK494	61.047	0.0285	0.1096	0.2433	0.886
SGMS1	1185.8415	-0.028	0.0945	0.5362	0.9444
SGMS2	587.6787	0.0038	0.0983	0.9254	0.9934
SGOL1	352.9425	-0.0625	0.1028	0.1266	0.8412
SGOL1-AS1	0.7771	0.001	0.1175	0.7655	NA
SGOL2	470.52	-0.0518	0.1009	0.205	0.8747
SGPL1	1428.5644	0.0688	0.1006	0.1143	0.8296
SGPP1	468.412	-0.0185	0.0974	0.6582	0.969
SGPP2	202.7761	0.0943	0.1227	0.0137	0.6102
SGSH	838.8554	-0.0313	0.0957	0.4798	0.932
SGSM2	950.1709	0.0658	0.0972	0.1491	0.8598
SGSM3	1125.1883	-0.0082	0.0946	0.8537	0.9876
SGTA	2670.428	0.0381	0.0939	0.4093	0.9187
SGTB	358.1505	0.0243	0.0993	0.5425	0.9465
SH2B1	928.7033	-0.0909	0.1025	0.0479	0.7463
SH2B2	324.7063	-0.0081	0.0992	0.8359	0.9854
SH2B3	401.4479	0.0479	0.1026	0.2151	0.8781
SH2D1A	0.2605	9e-04	0.1202	0.7459	NA
SH2D1B	0.4894	1e-04	0.1193	0.9705	NA
SH2D2A	1.0256	3e-04	0.1152	0.934	NA
SH2D3A	85.1541	-0.0028	0.1059	0.9179	0.9932
SH2D3C	0.7433	-0.0021	0.1208	0.5096	NA
SH2D4A	213.2147	-0.0013	0.1017	0.9713	0.9959
SH2D4B	0.24	-7e-04	0.1199	0.7975	NA
SH2D5	65.4155	-0.0242	0.1082	0.3477	0.9067
SH2D6	2.337	-0.0061	0.1178	0.2509	NA
SH3BGR	73.3617	-0.0146	0.1072	0.5692	0.9541
SH3BGRL	1459.1649	-0.052	0.0947	0.2605	0.89
SH3BGRL2	998.0152	0.0457	0.0958	0.3086	0.8998
SH3BGRL3	4178.1798	-0.0275	0.0982	0.5063	0.9386
SH3BP1	541.8135	-0.0166	0.0967	0.6974	0.9722
SH3BP2	731.7835	0.0822	0.1014	0.0687	0.7804
SH3BP4	4006.549	0.1161	0.1091	0.0158	0.6309
SH3BP5	127.4493	0.0345	0.1058	0.2844	0.8965
SH3BP5-AS1	27.3167	0.02	0.111	0.2722	0.891
SH3BP5L	805.5067	0.0425	0.0961	0.3393	0.9032
SH3D19	1113.7166	0.0764	0.1003	0.0888	0.8072
SH3D21	91.43	-0.011	0.1065	0.6803	0.971
SH3GL1	3287.1527	0.0534	0.0933	0.2594	0.89
SH3GL1P1	7.7162	0.0126	0.1135	0.2014	0.874
SH3GL1P2	3.1662	0.0138	0.1589	0.0289	NA
SH3GL2	341.0474	-0.0325	0.1	0.4119	0.9201
SH3GL3	13.7671	-0.0017	0.1109	0.8977	0.9907
SH3GLB1	1178.2918	-0.0251	0.0938	0.5834	0.9552
SH3GLB2	1035.1823	-0.1073	0.1098	0.0203	0.6425
SH3KBP1	676.2197	-0.0181	0.0966	0.6727	0.9707
SH3PXD2A	1721.9873	0.0982	0.1138	0.0218	0.65
SH3PXD2A-AS1	6.021	0.0028	0.1121	0.7519	0.9781
SH3PXD2B	585.6108	0.0606	0.1027	0.1363	0.8565
SH3RF1	410.7481	0.0672	0.1041	0.0997	0.821
SH3RF2	311.4485	0.0139	0.1011	0.704	0.9724
SH3RF3	64.774	-0.0132	0.1073	0.6033	0.9581
SH3RF3-AS1	15.6306	-4e-04	0.1109	0.9751	0.9959
SH3TC1	308.957	0.0446	0.1014	0.2573	0.89
SH3TC2	209.0897	0.0089	0.1031	0.7876	0.9832
SH3YL1	102.9736	-1e-04	0.105	0.9985	0.9994
SHANK1	1.0036	3e-04	0.1159	0.9465	NA
SHANK2	80.3707	0.0704	0.1235	0.0134	0.6042
SHANK3	562.7708	0.0254	0.0995	0.5222	0.9416
SHARPIN	824.6521	-0.0428	0.0977	0.3198	0.9
SHB	1328.6853	0.0321	0.0939	0.4846	0.9322
SHBG	4.5447	-0.0101	0.1152	0.1869	NA
SHC1	3205.6447	0.0469	0.0921	0.3269	0.9003
SHC2	46.7183	0.0186	0.1089	0.4131	0.9204
SHC3	63.5658	0.0193	0.1077	0.4506	0.9232
SHC4	0.2275	8e-04	0.12	0.777	NA
SHCBP1	1361.3843	0.0198	0.0933	0.6677	0.9696
SHE	1.0039	3e-04	0.1159	0.9466	NA
SHF	36.4728	-0.005	0.1094	0.7897	0.9836
SHFM1	1834.4236	-0.0689	0.0979	0.1291	0.8471
SHH	11.6184	-0.0042	0.1113	0.7289	0.9759
SHISA3	6.9549	-0.0124	0.1137	0.1922	0.8684
SHISA4	268.3661	-0.0158	0.1016	0.6625	0.969
SHISA5	4105.1299	-0.019	0.094	0.675	0.9708
SHISA7	0.2605	9e-04	0.1202	0.7459	NA
SHISA8	8.2914	0.0035	0.1116	0.7474	0.9763
SHISA9	627.3837	0.0346	0.0983	0.4077	0.9187
SHKBP1	1034.7881	0.0049	0.0953	0.9102	0.9927
SHMT1	724.158	-0.0804	0.1013	0.0732	0.7897
SHMT2	2901.5925	0.0281	0.0926	0.5484	0.9489
SHOC2	830.3976	-0.036	0.0956	0.4191	0.9204
SHOX2	101.3187	0.0022	0.1054	0.9391	0.9946
SHPK	716.629	0.0544	0.0972	0.2209	0.8832
SHPRH	424.6253	0.0527	0.1058	0.1464	0.8598
SHQ1	350.564	-0.0328	0.0997	0.4124	0.9201
SHROOM1	349.8428	-0.0393	0.101	0.3164	0.9
SHROOM2	412.6471	0.0421	0.1046	0.2327	0.8856
SHROOM3	7769.9891	0.0963	0.1163	0.0199	0.6425
SHROOM4	306.4082	0.0433	0.1063	0.1974	0.8721
SIAE	461.6775	-0.0126	0.0979	0.7587	0.9791
SIAH1	278.5191	-0.0221	0.1004	0.5637	0.952
SIAH2	574.4661	0.033	0.0981	0.4302	0.9212
SIDT1	0.3945	0.0012	0.1205	0.674	NA
SIDT2	768.7333	0.0057	0.0951	0.8978	0.9907
SIGIRR	142.1035	-0.0624	0.1127	0.0572	0.7658
SIGLEC1	0.2176	-7e-04	0.1198	0.8126	NA
SIGLEC10	0.4443	0.0014	0.1208	0.6381	NA
SIGLEC14	35.6834	-0.0092	0.1091	0.652	0.969
SIGLEC15	3.8911	0.0078	0.1151	0.2467	NA
SIGLEC16	0.4602	-0.0013	0.1206	0.6479	NA
SIGMAR1	1895.0271	-0.0768	0.0965	0.1032	0.8247
SIK1	10.0335	0.0037	0.1114	0.7534	0.9783
SIK2	719.4873	0.0686	0.1104	0.0604	0.7686
SIK3	1015.65	0.0282	0.0955	0.5248	0.9416
SIKE1	1111.0061	-0.0086	0.0943	0.848	0.9866
SIL1	1089.1847	-0.0134	0.0965	0.7544	0.9784
SIM1	0.2687	-9e-04	0.12	0.7638	NA
SIM2	377.4525	-0.0159	0.0992	0.6882	0.9712
SIMC1	409.8675	-0.0212	0.0984	0.6023	0.9581
SIN3A	1171.665	0.0411	0.0972	0.3431	0.9047
SIN3B	1133.3805	0.0624	0.0977	0.1642	0.8611
SIPA1	1163.9616	0.0404	0.0943	0.3787	0.9124
SIPA1L1	824.5885	0.0307	0.0987	0.454	0.9245
SIPA1L2	50.9046	0.0017	0.1079	0.939	0.9946
SIPA1L3	2942.4671	0.1778	0.1519	0.0012	0.2796
SIRPA	783.6784	-0.0139	0.095	0.7545	0.9784
SIRT1	446.9626	-0.0308	0.0989	0.4502	0.9232
SIRT2	969.0018	-0.0266	0.0959	0.5436	0.947
SIRT3	294.9957	-0.0438	0.1032	0.2411	0.886
SIRT4	8.3185	0.003	0.1116	0.7808	0.9806
SIRT5	357.2225	-0.0523	0.1023	0.1873	0.8684
SIRT6	503.2913	0.0097	0.0983	0.8104	0.9845
SIRT7	542.6118	0.0236	0.0992	0.5546	0.95
SIT1	0.2289	-7e-04	0.1199	0.8029	NA
SIVA1	1739.3207	-0.0542	0.1006	0.192	0.8684
SIX1	268.4584	0.0233	0.1005	0.5425	0.9465
SIX2	62.6803	-0.0448	0.1132	0.0777	0.8033
SIX3	0.9795	-0.0016	0.1161	0.6856	NA
SIX3-AS1	0.48	-0.0014	0.1207	0.6399	NA
SIX4	431.347	-0.0033	0.1018	0.926	0.9934
SIX5	614.0017	-0.0098	0.0964	0.8196	0.985
SKA1	497.2815	-0.0454	0.0997	0.2704	0.8903
SKA2	1769.9952	-0.1117	0.1046	0.0215	0.65
SKA3	358.9783	-0.0365	0.0997	0.3651	0.9102
SKAP2	1361.1862	-0.0348	0.0962	0.4291	0.9207
SKI	2511.5163	0.0919	0.1024	0.0465	0.7463
SKIDA1	8.3137	-5e-04	0.1115	0.963	0.9956
SKIL	1522.7145	0.0446	0.0955	0.3227	0.9
SKIV2L	1379.1116	0.0877	0.0993	0.062	0.7689
SKIV2L2	1468.1964	0.0414	0.0964	0.3482	0.9067
SKP1	4825.7212	-0.0743	0.0981	0.1059	0.8257
SKP1P2	0.239	-7e-04	0.1199	0.7987	NA
SKP2	2593.8756	0.0445	0.0926	0.3476	0.9067
SLA2	3.7007	-0.0017	0.1125	0.8252	NA
SLAIN1	480.2186	0.0014	0.0972	0.9724	0.9959
SLAIN2	1169.3325	0.031	0.0952	0.4876	0.9323
SLBP	2146.722	-0.039	0.0942	0.3957	0.9174
SLC10A1	0.8064	0.0029	0.1206	0.4109	NA
SLC10A3	707.7932	-0.0365	0.0986	0.3809	0.9133
SLC10A4	25.8054	-0.0161	0.1107	0.3595	0.9097
SLC10A5	1.4989	4e-04	0.1138	0.9422	NA
SLC10A6	0.7939	0.0029	0.1206	0.4165	NA
SLC10A7	114.9541	0.0049	0.105	0.8687	0.9889
SLC11A1	16.1782	0.0087	0.1111	0.527	0.9417
SLC11A2	1259.3162	0.0107	0.0957	0.8069	0.9839
SLC12A2	2187.7782	0.099	0.1071	0.0296	0.7015
SLC12A3	634.9774	0.0091	0.0982	0.8227	0.9851
SLC12A4	2691.6426	0.0464	0.0925	0.3293	0.9004
SLC12A5	16.8583	-0.0142	0.1115	0.3326	0.9014
SLC12A6	192.136	0.0098	0.102	0.7793	0.9806
SLC12A7	1004.5209	0.0485	0.0979	0.2627	0.89
SLC12A8	186.3228	-0.0109	0.102	0.757	0.9789
SLC12A9	840.7573	-0.0216	0.096	0.6197	0.9601
SLC13A4	1.0041	2e-04	0.1159	0.9471	NA
SLC15A1	3.6267	-0.0052	0.1131	0.4702	NA
SLC15A2	7.2884	0.0086	0.1123	0.3923	0.9162
SLC15A3	226.5271	-0.0206	0.1019	0.5673	0.9534
SLC15A4	443.4672	0.0367	0.0985	0.378	0.9119
SLC16A1	2157.7098	-0.0099	0.0921	0.8331	0.9854
SLC16A1-AS1	2.0726	-0.0033	0.114	0.5527	NA
SLC16A10	274.7934	-0.0478	0.1038	0.2009	0.874
SLC16A12	74.9805	-0.0273	0.108	0.3114	0.9
SLC16A13	46.3423	-0.0113	0.1083	0.6176	0.9593
SLC16A14	582.5053	-0.0386	0.0975	0.3684	0.9111
SLC16A2	40.0197	-0.0103	0.109	0.6223	0.9612
SLC16A3	900.5356	-0.0747	0.1002	0.0949	0.8182
SLC16A4	4.4333	9e-04	0.1123	0.9068	NA
SLC16A5	657.9484	-0.0537	0.098	0.2191	0.8819
SLC16A6	5.3422	-0.005	0.1124	0.5509	0.9489
SLC16A7	7.576	0.0049	0.1118	0.6346	0.9653
SLC16A8	6.3325	0.0021	0.112	0.8118	0.9849
SLC16A9	17.8664	-0.0164	0.1117	0.2679	0.89
SLC17A5	1442.5989	0.0295	0.0934	0.5238	0.9416
SLC17A7	10.9901	-0.0036	0.1114	0.7562	0.9789
SLC17A9	0.6949	-0.0023	0.1202	0.4873	NA
SLC18A2	157.6982	-0.0248	0.1049	0.4348	0.9227
SLC18A3	106.8935	-0.0045	0.1053	0.8749	0.9896
SLC18B1	245.7808	-0.0108	0.1012	0.767	0.9791
SLC19A1	876.4671	-0.0022	0.0945	0.96	0.9956
SLC19A2	373.8924	-0.0083	0.0996	0.83	0.9854
SLC19A3	21.2992	0.0022	0.1102	0.8905	0.9899
SLC1A1	3.5141	-7e-04	0.1128	0.9186	NA
SLC1A2	2.4625	-0.003	0.1134	0.6227	NA
SLC1A3	1334.3519	0.056	0.0966	0.2141	0.8774
SLC1A4	705.599	0.1015	0.1064	0.0282	0.6907
SLC1A5	3825.0304	0.0343	0.0946	0.4499	0.9232
SLC1A6	0.5458	0.0016	0.1213	0.5866	NA
SLC1A7	7.0083	-0.0032	0.1119	0.7444	0.9761
SLC20A1	1768.8494	0.0253	0.0932	0.5841	0.9552
SLC20A2	2755.6459	0.0801	0.0956	0.0951	0.8182
SLC22A1	5.5319	-0.0093	0.1136	0.265	0.89
SLC22A13	1.3216	0.0031	0.1166	0.4741	NA
SLC22A14	0.6867	-0.0019	0.1209	0.5405	NA
SLC22A15	21.4082	-0.0023	0.1102	0.8879	0.9899
SLC22A16	6.5805	0.001	0.1119	0.9114	0.9928
SLC22A17	54.5495	-0.0242	0.1091	0.313	0.9
SLC22A18	13.6514	-0.0024	0.1109	0.8583	0.9881
SLC22A18AS	1.8243	0.0033	0.1144	0.533	NA
SLC22A2	21.0189	0	0.1103	0.9993	0.9994
SLC22A20	2.9739	-0.0014	0.1128	0.8311	NA
SLC22A23	864.3827	0.0678	0.0995	0.1251	0.8369
SLC22A31	0.4123	-0.0012	0.1204	0.6782	NA
SLC22A4	11.4709	-0.0024	0.1112	0.8481	0.9866
SLC22A5	777.7772	0.0032	0.0949	0.943	0.9949
SLC23A1	5.813	-0.0047	0.1122	0.5981	0.9572
SLC23A2	558.8635	0.0364	0.0988	0.3787	0.9124
SLC23A3	7.983	-0.001	0.1116	0.9271	0.9937
SLC24A1	227.7248	-0.016	0.1029	0.6376	0.9657
SLC24A3	0.4688	-0.0013	0.1206	0.6447	NA
SLC24A5	0.2378	-7e-04	0.1199	0.7999	NA
SLC25A1	3769.4626	-0.05	0.0984	0.2453	0.8873
SLC25A10	1562.7055	-0.0506	0.0979	0.2454	0.8873
SLC25A11	2382.0805	-0.0598	0.0959	0.1932	0.8684
SLC25A12	454.6305	-0.0364	0.0983	0.3844	0.9151
SLC25A13	2407.8802	-0.0066	0.0921	0.8886	0.9899
SLC25A14	58.4194	-0.0242	0.1092	0.3091	0.8998
SLC25A15	750.1371	-0.0781	0.1	0.0847	0.807
SLC25A16	661.3566	-0.0248	0.0965	0.565	0.9526
SLC25A17	888.8157	-0.0105	0.0957	0.8102	0.9845
SLC25A18	13.8459	-0.0088	0.1114	0.4955	0.9347
SLC25A19	306.6519	-0.0433	0.1031	0.2466	0.8873
SLC25A20	292.9598	-0.1014	0.118	0.0161	0.6309
SLC25A21	13.821	-0.0101	0.1115	0.4409	0.9232
SLC25A21-AS1	8.7388	-5e-04	0.1115	0.9599	0.9956
SLC25A22	1174.023	0.0063	0.0944	0.888	0.9899
SLC25A23	1485.4921	-0.0061	0.0932	0.8952	0.9903
SLC25A24	2507.2405	0.0405	0.0931	0.3873	0.9162
SLC25A25	610.3079	0.0503	0.0984	0.2425	0.886
SLC25A26	317.5885	0.0256	0.0997	0.5165	0.9413
SLC25A27	10.1715	-0.0018	0.1115	0.8692	0.9889
SLC25A28	308.6637	-0.0028	0.1001	0.9412	0.9946
SLC25A29	1083.724	-0.0565	0.0973	0.2054	0.8747
SLC25A3	10458.1642	-0.0214	0.0919	0.6508	0.9686
SLC25A30	723.548	-0.0379	0.1011	0.3298	0.9005
SLC25A32	835.7365	0.0027	0.0952	0.9506	0.9956
SLC25A33	504.6256	-0.0403	0.0986	0.3366	0.9028
SLC25A34	5.996	0.0086	0.113	0.328	0.9003
SLC25A35	121.9977	-0.0543	0.1111	0.0838	0.807
SLC25A36	808.2564	0.0346	0.0973	0.4191	0.9204
SLC25A37	463.5649	0.032	0.0983	0.4413	0.9232
SLC25A38	842.9459	-0.017	0.0959	0.6964	0.9722
SLC25A39	5959.1175	-0.0169	0.094	0.7088	0.9731
SLC25A4	2195.226	-0.06	0.0979	0.177	0.8611
SLC25A40	371.82	-0.038	0.1028	0.3023	0.8992
SLC25A41	8.0073	-0.0033	0.1117	0.7461	0.9761
SLC25A42	150.5898	-0.0687	0.1127	0.0496	0.7518
SLC25A43	141.0849	0.0391	0.106	0.2354	0.886
SLC25A44	1979.9923	0.0282	0.0924	0.5487	0.9489
SLC25A45	49.9906	-0.0197	0.1089	0.3924	0.9162
SLC25A46	516.8265	0.0054	0.0978	0.8955	0.9903
SLC25A47	0.7205	-6e-04	0.1175	0.8476	NA
SLC25A5	9147.9629	-0.0602	0.0944	0.2006	0.874
SLC25A5-AS1	30.4753	5e-04	0.1097	0.9793	0.996
SLC25A51	171.3435	0.0502	0.1066	0.1504	0.8598
SLC25A53	57.6921	-0.0083	0.1075	0.7305	0.9759
SLC25A6	12119.6402	0.0123	0.0937	0.7863	0.9829
SLC26A1	170.7125	0.0275	0.1058	0.3719	0.9111
SLC26A10	31.7459	0.0053	0.1092	0.7841	0.9821
SLC26A11	613.8166	-0.0276	0.0965	0.5239	0.9416
SLC26A2	4194.3119	0.0187	0.0973	0.6564	0.969
SLC26A4	1.7389	-0.0012	0.114	0.8146	NA
SLC26A4-AS1	0.2289	-7e-04	0.1199	0.8029	NA
SLC26A6	484.3129	0.0042	0.097	0.92	0.9932
SLC26A9	2.64	-0.0086	0.1335	0.0897	NA
SLC27A1	133.8278	-0.0245	0.105	0.4369	0.9227
SLC27A2	8.5531	-0.0024	0.1116	0.815	0.985
SLC27A3	101.2255	-0.0221	0.1067	0.4319	0.9224
SLC27A4	1587.5931	-0.0159	0.0933	0.7305	0.9759
SLC27A5	14.3436	-0.0166	0.1123	0.221	0.8832
SLC27A6	0.559	0.0016	0.1214	0.577	NA
SLC28A1	0.5305	1e-04	0.1189	0.9659	NA
SLC29A1	1357.8809	-0.0829	0.1001	0.0711	0.7848
SLC29A2	174.5509	-0.0236	0.1034	0.4869	0.9323
SLC29A3	210.0487	-0.0415	0.1042	0.2445	0.8873
SLC29A4	413.2644	0.0143	0.0984	0.7241	0.9755
SLC2A1	6438.0013	0.1457	0.1099	0.0058	0.4962
SLC2A1-AS1	7.9756	-0.0122	0.113	0.2356	0.886
SLC2A10	8.9792	-0.0016	0.1116	0.8794	0.9899
SLC2A11	211.9215	-0.0167	0.1025	0.6296	0.964
SLC2A12	697.0332	0.0286	0.099	0.4808	0.932
SLC2A13	212.9121	0.029	0.1067	0.3275	0.9003
SLC2A3	2.7601	0.0015	0.1129	0.8139	NA
SLC2A4	2.4114	-0.0044	0.1147	0.4282	NA
SLC2A4RG	3341.9125	-0.0472	0.0958	0.2946	0.8992
SLC2A5	2.2546	0.0022	0.1138	0.6776	NA
SLC2A6	841.7214	-0.0594	0.0975	0.1844	0.8682
SLC2A8	649.6668	-0.0122	0.0977	0.767	0.9791
SLC2A9	18.9893	-0.0055	0.1105	0.7207	0.9753
SLC30A1	488.1191	0.1982	0.1887	4e-04	0.1669
SLC30A2	11.1873	0.0095	0.1116	0.4433	0.9232
SLC30A3	0.9911	2e-04	0.1159	0.9604	NA
SLC30A4	14.8084	-0.0063	0.1109	0.6526	0.969
SLC30A5	1602.9092	0.0157	0.0931	0.7337	0.976
SLC30A6	1017.8953	0.0288	0.0957	0.5143	0.9406
SLC30A7	781.2791	0.0205	0.0985	0.6143	0.959
SLC30A9	1680.0185	0.0105	0.0935	0.8189	0.985
SLC31A1	1801.0557	0.0404	0.0955	0.368	0.9111
SLC31A2	57.0568	-0.0039	0.1079	0.8636	0.9887
SLC33A1	593.7756	0.0428	0.1007	0.2841	0.8965
SLC34A2	1.1846	-0.0043	0.1213	0.287	NA
SLC34A3	2.5335	0.0023	0.1131	0.712	NA
SLC35A1	470.3734	-0.0693	0.1024	0.1021	0.8231
SLC35A2	685.0255	-0.0076	0.0964	0.8583	0.9881
SLC35A3	680.2087	0.0542	0.1004	0.1936	0.8686
SLC35A4	2277.547	-0.0313	0.0927	0.5043	0.9372
SLC35A5	467.7168	-0.0622	0.1009	0.1423	0.8598
SLC35B1	1054.6841	0.0016	0.0967	0.9691	0.9956
SLC35B2	1542.352	-0.032	0.0937	0.4872	0.9323
SLC35B3	846.2304	-0.0657	0.099	0.138	0.8585
SLC35B4	696.2396	0.0339	0.0995	0.4008	0.9185
SLC35C1	365.4145	0.002	0.0989	0.9597	0.9956
SLC35C2	581.7222	-0.1152	0.1178	0.0117	0.5706
SLC35D1	644.2876	0.0327	0.0997	0.4135	0.9204
SLC35D2	369.7489	0.0016	0.0984	0.9681	0.9956
SLC35D3	0.4901	1e-04	0.1193	0.9706	NA
SLC35E1	1714.139	0.0693	0.0955	0.1402	0.8585
SLC35E2	80.1841	-0.0075	0.1061	0.7836	0.9817
SLC35E2B	1976.2053	0.0272	0.0962	0.5316	0.9434
SLC35E3	217.2149	0.0153	0.1015	0.6732	0.9707
SLC35E4	172.7241	-0.0145	0.103	0.6662	0.969
SLC35F1	1.9746	0.0014	0.1134	0.8065	NA
SLC35F2	705.0548	0.0334	0.096	0.4491	0.9232
SLC35F3	9.7635	0.001	0.1113	0.9299	0.9937
SLC35F5	2990.9135	-0.0333	0.094	0.4682	0.9286
SLC35F6	1228.8195	0.0319	0.0944	0.4831	0.932
SLC35G1	247.5605	-0.0344	0.1018	0.3607	0.9102
SLC35G2	285.0085	0.0096	0.1001	0.8001	0.9839
SLC35G6	0.9765	-0.0016	0.1161	0.6885	NA
SLC36A1	344.3764	0.0212	0.1013	0.5671	0.9534
SLC36A4	0.24	-7e-04	0.1199	0.7975	NA
SLC37A1	45.2461	0.0109	0.1084	0.6245	0.9622
SLC37A2	13.6553	0.0024	0.1109	0.8607	0.9883
SLC37A3	607.8804	0.0373	0.097	0.3888	0.9162
SLC37A4	429.9213	-0.0662	0.1024	0.1137	0.8296
SLC38A1	2637.2097	0.0768	0.1009	0.0853	0.807
SLC38A10	2460.2741	-0.0033	0.094	0.9417	0.9946
SLC38A11	8.9195	0.0103	0.1123	0.3358	0.9028
SLC38A2	9764.0748	0.0703	0.0964	0.131	0.8492
SLC38A3	11.0519	0.0039	0.1112	0.7531	0.9783
SLC38A4	139.9051	-0.0156	0.1041	0.6259	0.963
SLC38A5	1.5166	-0.0013	0.1144	0.7752	NA
SLC38A6	164.1366	-0.032	0.1043	0.3449	0.9054
SLC38A7	347.0832	0.0378	0.1	0.3464	0.906
SLC38A8	0.4688	-0.0014	0.1206	0.6446	NA
SLC38A9	184.1273	-0.0161	0.1022	0.6458	0.9672
SLC39A1	4436.3999	-0.0255	0.0916	0.5918	0.9562
SLC39A10	2200.1754	-0.0346	0.0936	0.4544	0.9246
SLC39A11	274.4588	0.0074	0.1011	0.8384	0.9856
SLC39A13	702.9185	-0.0116	0.0958	0.7901	0.9836
SLC39A14	1562.8182	0.0426	0.0977	0.3218	0.9
SLC39A2	0.96	-0.0029	0.1209	0.4117	NA
SLC39A3	963.0032	-0.0196	0.0961	0.6513	0.9689
SLC39A4	324.7496	-0.0213	0.1035	0.5254	0.9416
SLC39A5	2.1636	-0.0037	0.1145	0.494	NA
SLC39A6	2342.9276	0.0097	0.0937	0.8323	0.9854
SLC39A7	4431.751	-0.0298	0.0917	0.5313	0.9433
SLC39A8	4.7878	-0.002	0.1122	0.8059	0.9839
SLC39A9	1432.6482	0.0044	0.0929	0.9249	0.9934
SLC3A1	50.0991	-0.0018	0.1083	0.9352	0.9943
SLC3A2	8735.9671	0.1112	0.1044	0.022	0.65
SLC40A1	82.4881	-0.0053	0.106	0.8477	0.9866
SLC41A1	830.9363	0.0084	0.0966	0.8426	0.986
SLC41A2	390.2056	0.0779	0.1088	0.0521	0.7559
SLC41A3	703.0265	-0.0028	0.0969	0.9465	0.9956
SLC43A1	115.3543	0.0266	0.1058	0.3852	0.9152
SLC43A2	1590.1464	-0.0438	0.0937	0.3464	0.906
SLC44A1	1004.2729	0.0422	0.1058	0.2125	0.8774
SLC44A2	2403.8251	0.0115	0.0919	0.8068	0.9839
SLC44A3	824.6303	-0.0746	0.0991	0.0998	0.821
SLC44A4	23.1928	-0.0021	0.1099	0.9019	0.991
SLC44A5	947.8153	-0.0804	0.1033	0.0661	0.7756
SLC45A1	27.2042	-0.0122	0.1101	0.499	0.9355
SLC45A3	274.8408	0.0137	0.1005	0.7157	0.9743
SLC45A4	505.4038	0.0858	0.1097	0.0389	0.7463
SLC46A1	1395.0158	-0.0075	0.0941	0.8677	0.9889
SLC46A2	0.2605	9e-04	0.1202	0.7459	NA
SLC46A3	111.3264	-0.0451	0.1102	0.1227	0.8315
SLC47A1	245.1868	-0.0356	0.1018	0.3458	0.9058
SLC47A2	5.0383	0.0025	0.1123	0.7573	0.9789
SLC48A1	2197.3692	-0.05	0.0941	0.2829	0.8965
SLC4A10	0.2289	-7e-04	0.1199	0.8029	NA
SLC4A11	694.5459	0.0481	0.0969	0.2759	0.8937
SLC4A1AP	688.0404	0.0324	0.0961	0.4607	0.9261
SLC4A2	3782.8652	0.0567	0.0939	0.2292	0.8832
SLC4A3	119.7418	0.0349	0.1064	0.2668	0.89
SLC4A4	56.3192	0.0244	0.1095	0.2944	0.8992
SLC4A5	238.5943	-0.0315	0.1038	0.3625	0.9102
SLC4A7	1344.0346	0.0515	0.1039	0.1738	0.8611
SLC4A8	441.7701	0.0618	0.1056	0.1083	0.8274
SLC4A9	0.2289	-7e-04	0.1199	0.8029	NA
SLC50A1	538.8481	-0.098	0.1174	0.0179	0.6362
SLC51A	0.9925	2e-04	0.1153	0.952	NA
SLC51B	17.7573	0.0087	0.1112	0.5238	0.9416
SLC52A1	282.4081	-0.0258	0.1015	0.487	0.9323
SLC52A2	1897.1072	-0.0185	0.0957	0.6727	0.9707
SLC52A3	21.7652	0.0118	0.1106	0.4745	0.9312
SLC5A11	0.6708	-0.0021	0.1199	0.5199	NA
SLC5A2	3.9149	-0.0022	0.1124	0.7754	NA
SLC5A3	1074.3603	-0.0081	0.098	0.8435	0.986
SLC5A5	0.7687	-9e-04	0.1174	0.7872	NA
SLC5A6	1575.3976	0.0541	0.0943	0.2464	0.8873
SLC5A7	0.2729	9e-04	0.1202	0.7407	NA
SLC5A9	0.4894	1e-04	0.1193	0.9704	NA
SLC6A12	7.0148	0.0027	0.1118	0.786	0.9828
SLC6A13	10.2544	-0.0034	0.1114	0.7718	0.9796
SLC6A14	0.2289	-7e-04	0.1199	0.8029	NA
SLC6A15	0.24	-7e-04	0.1199	0.7975	NA
SLC6A16	4.7818	0.0019	0.1122	0.8195	0.985
SLC6A20	0.4777	-0.0014	0.1207	0.6412	NA
SLC6A4	13.7253	0.0034	0.111	0.7971	0.9839
SLC6A6	321.3816	0.0558	0.1047	0.1425	0.8598
SLC6A8	1651.6917	-0.0711	0.0965	0.1268	0.8412
SLC6A9	147.1571	0.0529	0.1086	0.1144	0.8296
SLC7A1	2589.3049	0.2257	0.1833	3e-04	0.1553
SLC7A11	2822.5754	0.4195	0.2766	0	0.0206
SLC7A11-AS1	1.9807	3e-04	0.1136	0.9479	NA
SLC7A14	0.48	-0.0014	0.1207	0.6399	NA
SLC7A2	17.6016	0.0102	0.1111	0.4723	0.9307
SLC7A4	6.3693	-0.0014	0.1121	0.8666	0.9887
SLC7A5	18225.1959	0.3181	0.1937	0	0.0547
SLC7A5P1	24.6615	0.025	0.1126	0.1394	0.8585
SLC7A5P2	62.8912	0.0677	0.1255	0.0096	0.5526
SLC7A6	1603.5136	0.0879	0.1016	0.0556	0.7614
SLC7A6OS	241.6654	0.0156	0.1008	0.6758	0.9708
SLC7A7	961.134	-0.0118	0.0949	0.7897	0.9836
SLC7A8	1.0058	2e-04	0.1152	0.9627	NA
SLC7A9	4.3226	-0.0025	0.1124	0.7507	NA
SLC8A1	4.5298	-0.0025	0.1124	0.7553	NA
SLC8A1-AS1	0.2362	-7e-04	0.1199	0.8017	NA
SLC8A2	0.96	-0.0029	0.1209	0.4117	NA
SLC8A3	0.3237	0.0011	0.1205	0.6969	NA
SLC8B1	915.4216	-0.0055	0.0949	0.9007	0.9908
SLC9A1	983.738	0.0536	0.0959	0.2377	0.886
SLC9A2	4.8965	-0.0038	0.1123	0.647	0.9677
SLC9A3	1.7671	0.0014	0.1136	0.7986	NA
SLC9A3R1	1882.7171	0.0205	0.0925	0.6616	0.969
SLC9A3R2	2088.7774	-0.0257	0.0957	0.5591	0.9508
SLC9A4	0.2607	9e-04	0.1202	0.7458	NA
SLC9A5	3.6269	-0.0052	0.1131	0.4699	NA
SLC9A6	325.9703	0.0184	0.1011	0.6194	0.9598
SLC9A7	561.2876	0.0611	0.1042	0.1224	0.8315
SLC9A7P1	16.1572	-5e-04	0.1106	0.9735	0.9959
SLC9A8	206.6564	0.0544	0.1055	0.1404	0.8585
SLC9B1	1.7554	0.0013	0.1136	0.8052	NA
SLC9B2	132.7018	0.0283	0.1056	0.3655	0.9102
SLCO1B3	0.2295	-7e-04	0.1199	0.8024	NA
SLCO1C1	0.5215	0.0016	0.1212	0.5953	NA
SLCO2A1	1.023	0.0021	0.1164	0.5993	NA
SLCO2B1	92.312	0.0035	0.1057	0.8996	0.9908
SLCO3A1	1174.0773	0.1531	0.1394	0.0025	0.3778
SLCO4A1	391.7511	4e-04	0.0983	0.9914	0.998
SLCO5A1	0.5127	1e-04	0.1191	0.9676	NA
SLFN11	278.0867	0.0067	0.1011	0.854	0.9876
SLFN12	244.0093	0.0257	0.1021	0.4762	0.9312
SLFN13	4.5815	0.0044	0.1125	0.5838	NA
SLFN5	159.0133	-0.0116	0.1061	0.6749	0.9708
SLFNL1	10.6688	-0.0109	0.112	0.3514	0.9077
SLFNL1-AS1	11.2197	0.0121	0.112	0.3258	0.9001
SLIRP	785.5791	-0.0531	0.1018	0.187	0.8684
SLIT1	0.6875	-0.0019	0.1209	0.5401	NA
SLIT2	1621.8515	0.0167	0.0962	0.6982	0.9722
SLIT2-IT1	0.4683	-0.0013	0.1206	0.6451	NA
SLIT3	5.7601	0.0046	0.1124	0.5833	0.9552
SLITRK2	0.48	-0.0014	0.1207	0.6399	NA
SLITRK5	62.1742	-0.0032	0.1076	0.8905	0.9899
SLK	2133.7357	0.0478	0.0983	0.2652	0.89
SLMAP	1683.9456	0.0323	0.0952	0.4698	0.9294
SLMO1	67.3077	0.0073	0.1072	0.7694	0.9791
SLMO2	1373.6541	-0.0365	0.0941	0.4261	0.9204
SLMO2-ATP5E	21.0478	0.0056	0.152	0.0991	0.821
SLN	0.2356	-7e-04	0.1199	0.8023	NA
SLPI	119.66	-0.0181	0.1051	0.5542	0.9498
SLTM	1800.5724	-0.022	0.0942	0.6276	0.9634
SLU7	608.7492	0.0643	0.1001	0.1374	0.8577
SLURP1	0.48	-0.0014	0.1207	0.6399	NA
SLX1A	149.2268	-0.0069	0.1139	0.3282	0.9003
SLX1A-SULT1A3	100.0977	0.0806	0.129	0.0075	0.5181
SLX1B	298.0656	-0.0196	0.1002	0.6108	0.9584
SLX1B-SULT1A4	9.4928	-0.0028	0.1119	0.7675	0.9791
SLX4	619.058	0.0521	0.1035	0.175	0.8611
SLX4IP	34.7285	0.0167	0.1112	0.3125	0.9
SMA4	42.4029	0.0161	0.1094	0.4423	0.9232
SMA5	22.2857	0.0092	0.1106	0.557	0.9507
SMAD1	251.3066	-0.0105	0.1005	0.7797	0.9806
SMAD1-AS2	0.2605	9e-04	0.1202	0.7459	NA
SMAD2	1563.849	-0.007	0.0928	0.8793	0.9899
SMAD3	1651.0644	0.1168	0.1094	0.0153	0.6309
SMAD4	1248.3204	0.0488	0.0947	0.2893	0.8971
SMAD5	1279.0296	0.0058	0.0963	0.8917	0.9899
SMAD5-AS1	1.2783	0.001	0.1153	0.8008	NA
SMAD6	1882.0502	0.0757	0.1	0.0923	0.812
SMAD7	2418.5178	0.0694	0.0943	0.1464	0.8598
SMAD9	18.4585	-0.0153	0.1117	0.2893	0.8971
SMAGP	526.791	-0.0209	0.0991	0.6007	0.9581
SMAP1	635.3537	0.0091	0.096	0.8343	0.9854
SMAP2	510.696	-0.0326	0.0978	0.439	0.9229
SMARCA1	1651.2773	0.003	0.0953	0.9456	0.9956
SMARCA2	1097.0992	-0.0898	0.1026	0.0497	0.7518
SMARCA4	8348.6997	0.0924	0.1005	0.0498	0.7518
SMARCA5	3056.1155	0.0448	0.0944	0.3303	0.901
SMARCA5-AS1	177.3089	0.0069	0.1133	0.3679	0.9111
SMARCAD1	1223.1738	0.0187	0.0945	0.6774	0.9708
SMARCAL1	584.0781	-0.0157	0.0964	0.7137	0.9736
SMARCB1	2734.8896	0.0014	0.0929	0.976	0.9959
SMARCC1	4047.3319	0.0446	0.0961	0.3177	0.9
SMARCC2	1984.5951	0.0192	0.0955	0.6623	0.969
SMARCD1	2033.5955	0.0335	0.0925	0.4762	0.9312
SMARCD2	1629.978	-0.0319	0.0932	0.4926	0.9332
SMARCD3	229.4017	-0.0289	0.1034	0.4064	0.9185
SMARCE1	2614.31	-0.004	0.0916	0.9331	0.9941
SMC1A	4028.1176	0.0732	0.1008	0.097	0.821
SMC1B	0.4587	-0.0013	0.1206	0.6488	NA
SMC2	1984.6161	0.0178	0.0969	0.6753	0.9708
SMC3	2147.3257	0.0379	0.0966	0.3862	0.9162
SMC4	3679.4058	-0.0078	0.0955	0.8585	0.9881
SMC5	762.7107	0.052	0.1021	0.1908	0.8684
SMC5-AS1	0.7229	-6e-04	0.1175	0.8457	NA
SMC6	413.3197	0.0164	0.0995	0.6754	0.9708
SMCHD1	2248.1226	0.067	0.1016	0.116	0.8296
SMCO3	0.5027	1e-04	0.1192	0.9648	NA
SMCO4	285.4101	-0.0281	0.1023	0.4379	0.9227
SMCR5	2.2766	0.0031	0.1136	0.5945	NA
SMCR8	715.7818	0.0627	0.1044	0.1141	0.8296
SMDT1	459.5423	-0.0841	0.1118	0.0357	0.7398
SMEK1	2278.7561	0.0449	0.0939	0.3339	0.9019
SMEK2	1380.7336	-0.0087	0.095	0.8441	0.986
SMG1	2341.0839	0.0975	0.1214	0.0142	0.6102
SMG1P1	202.7664	0.0092	0.1116	0.4536	0.9242
SMG5	3292.9036	-0.0113	0.0938	0.8032	0.9839
SMG6	794.991	0.0207	0.0951	0.6412	0.966
SMG7	4023.492	0.0961	0.1016	0.0417	0.7463
SMG7-AS1	17.4157	0.0243	0.1136	0.1044	0.8247
SMG8	621.1059	0.0368	0.0987	0.3753	0.9119
SMG9	847.9038	-0.0044	0.0953	0.9206	0.9932
SMIM1	72.4619	-0.0447	0.1124	0.0898	0.8072
SMIM10	30.1939	-0.0067	0.1096	0.719	0.9753
SMIM11	301.3899	-0.0911	0.1158	0.0231	0.6573
SMIM12	835.1322	-0.029	0.0965	0.5032	0.9369
SMIM13	1205.9346	0.0118	0.0941	0.7938	0.9836
SMIM14	159.5263	0.0016	0.1029	0.9615	0.9956
SMIM15	1318.9032	-0.0231	0.0937	0.614	0.959
SMIM19	228.1359	-0.0439	0.1032	0.2389	0.886
SMIM2	0.5211	0.0016	0.1212	0.5955	NA
SMIM20	330.8567	-0.0403	0.1016	0.2973	0.8992
SMIM22	0.4339	-0.0012	0.1204	0.6777	NA
SMIM3	251.7052	0.0015	0.1003	0.9686	0.9956
SMIM4	153.7552	-0.0574	0.1111	0.0777	0.8033
SMIM5	16.2962	-0.0054	0.1107	0.7095	0.9731
SMIM6	2.8466	0.0082	0.1213	0.1459	NA
SMIM7	1062.3005	0.0017	0.0949	0.9689	0.9956
SMIM8	112.9521	-0.0424	0.1085	0.165	0.8611
SMKR1	16.7812	-0.0054	0.1107	0.7067	0.9724
SMLR1	0.2729	9e-04	0.1202	0.7407	NA
SMN1	834.5957	0.104	0.108	0.0243	0.6585
SMN2	506.3589	-0.032	0.1006	0.4106	0.9191
SMNDC1	799.2461	-0.0121	0.095	0.7851	0.9822
SMO	1769.8629	0.0398	0.0938	0.3901	0.9162
SMOC2	994.1126	-0.0218	0.0945	0.6275	0.9634
SMOX	277.102	0.0166	0.1005	0.6598	0.969
SMPD1	630.6707	-0.0338	0.0967	0.4363	0.9227
SMPD2	451.216	-0.0395	0.1006	0.3196	0.9
SMPD3	21.8702	0.0107	0.1105	0.5148	0.941
SMPD4	2518.0785	0.0818	0.0954	0.0897	0.8072
SMPD5	2.2238	-4e-04	0.1131	0.9497	NA
SMPDL3A	3.8097	-0.0031	0.1126	0.6817	NA
SMPDL3B	109.4829	-0.019	0.1052	0.5302	0.9428
SMS	1509.2075	-0.0668	0.0963	0.149	0.8598
SMTN	637.0372	0.0123	0.0959	0.7771	0.9806
SMTNL2	5.557	0.0035	0.1121	0.699	0.9723
SMU1	1933.1396	0.0282	0.0927	0.5469	0.9485
SMUG1	507.6681	-0.0676	0.1041	0.0982	0.821
SMURF1	887.7181	0.0758	0.1018	0.0843	0.807
SMURF2	994.3729	0.0612	0.0979	0.1699	0.8611
SMYD2	515.6342	-0.0636	0.1003	0.14	0.8585
SMYD3	262.9103	-0.0032	0.1002	0.9324	0.994
SMYD4	399.7614	0	0.0988	0.999	0.9994
SMYD5	566.3357	0.0497	0.098	0.2511	0.8879
SNAI1	119.8143	-0.0149	0.1045	0.6333	0.9646
SNAI3	6.5048	-0.0064	0.1123	0.488	0.9323
SNAI3-AS1	34.4323	-0.0211	0.111	0.2605	0.89
SNAP23	1505.1559	-0.0648	0.095	0.1676	0.8611
SNAP25	1.6492	-0.0064	0.1246	0.1684	NA
SNAP29	1008.6448	-0.0406	0.0951	0.3691	0.9111
SNAP47	693.3243	-0.0482	0.0986	0.2582	0.89
SNAP91	117.3393	-0.0168	0.1048	0.5871	0.9552
SNAPC1	276.467	-0.015	0.1006	0.6888	0.9712
SNAPC2	591.9578	0.008	0.0992	0.8388	0.9856
SNAPC3	797.9686	-0.0314	0.0955	0.4792	0.932
SNAPC4	593.2915	0.0597	0.099	0.1709	0.8611
SNAPC5	80.2667	0.0021	0.1069	0.9326	0.994
SNAPIN	706.5824	-0.0433	0.1007	0.2786	0.8951
SNCA	17.3454	-0.0027	0.1106	0.8565	0.988
SNCG	1209.3265	-0.0359	0.0992	0.3799	0.9132
SND1	3682.815	0.0571	0.0926	0.2341	0.886
SND1-IT1	1.5707	0.004	0.1169	0.3823	NA
SNED1	24.3263	0.0279	0.1136	0.0922	0.8117
SNF8	1526.9226	-0.0346	0.0957	0.4359	0.9227
SNHG1	1378.6617	-0.0198	0.097	0.6399	0.9658
SNHG10	164.6841	-0.0085	0.1036	0.7913	0.9836
SNHG11	96.7419	-0.0127	0.1067	0.6333	0.9646
SNHG12	161.8483	-0.0177	0.1029	0.6045	0.9581
SNHG15	259.0517	-0.0528	0.1063	0.1404	0.8585
SNHG16	2167.1518	-0.0317	0.0963	0.4684	0.9287
SNHG17	178.8092	-0.0014	0.1046	0.9636	0.9956
SNHG18	21.9767	-0.0226	0.1122	0.1706	0.8611
SNHG19	122.8878	-0.0434	0.1092	0.1476	0.8598
SNHG3	461.0114	-0.02	0.1008	0.5942	0.9562
SNHG4	16.8945	-0.0067	0.1109	0.6405	0.9658
SNHG5	3283.8706	-0.0396	0.0954	0.3771	0.9119
SNHG6	565.4815	-0.0308	0.0987	0.4524	0.9237
SNHG7	892.541	-0.0588	0.1014	0.1558	0.8598
SNHG8	286.0478	-0.0827	0.1187	0.0219	0.65
SNHG9	11.135	-0.0119	0.1126	0.2705	0.8903
SNIP1	284.462	0.0015	0.1001	0.9679	0.9956
SNN	1633.554	0.0426	0.0938	0.3589	0.9093
SNORA18	0.24	-7e-04	0.1199	0.7975	NA
SNORA44	0.24	-7e-04	0.1199	0.7975	NA
SNORA49	0.2605	9e-04	0.1202	0.7459	NA
SNORA61	0.2729	9e-04	0.1202	0.7407	NA
SNORA73A	0.9736	3e-04	0.116	0.9445	NA
SNORA74B	0.2289	-7e-04	0.1199	0.8029	NA
SNORD17	0.4999	1e-04	0.1192	0.965	NA
SNORD3A	1.2183	-0.0021	0.1167	0.5888	NA
SNPH	175.4513	0.021	0.1028	0.5432	0.9466
SNRK	509.5589	0.0403	0.0991	0.329	0.9004
SNRK-AS1	12.7393	2e-04	0.111	0.988	0.9972
SNRNP200	8051.3672	0.1062	0.1136	0.0177	0.6356
SNRNP25	1195.7017	-0.0319	0.0978	0.4486	0.9232
SNRNP27	620.9645	-0.0364	0.0975	0.3938	0.9168
SNRNP35	223.5449	0.0322	0.1024	0.3772	0.9119
SNRNP40	1569.8561	-0.0113	0.0939	0.8034	0.9839
SNRNP48	846.8644	0.0173	0.0966	0.6859	0.9712
SNRNP70	5011.5458	0.0083	0.0974	0.841	0.986
SNRPA	2232.7526	-0.0104	0.0955	0.8121	0.985
SNRPA1	1433.5446	-0.0323	0.0943	0.4782	0.932
SNRPB	5466.8991	-0.0048	0.0944	0.9154	0.9932
SNRPB2	1215.3412	-0.0607	0.0983	0.1698	0.8611
SNRPC	2255.7845	-0.0519	0.0994	0.2201	0.8828
SNRPD1	1921.7471	-0.0315	0.0966	0.4664	0.9278
SNRPD2	3252.8281	-0.0297	0.0952	0.5056	0.9381
SNRPD3	3133.3269	-0.0333	0.0941	0.4666	0.9279
SNRPE	1418.6469	-0.0721	0.1035	0.0872	0.807
SNRPF	1812.8741	-0.0474	0.0965	0.2864	0.8971
SNRPG	1454.8232	-0.0593	0.0995	0.1687	0.8611
SNTA1	1292.0661	0.002	0.0944	0.9651	0.9956
SNTB1	4.6544	4e-04	0.1123	0.9563	0.9956
SNTB2	1318.7753	0.0485	0.1007	0.2323	0.8851
SNUPN	561.8668	0.0122	0.0976	0.7678	0.9791
SNW1	1432.5813	0.0157	0.0933	0.7332	0.976
SNX1	1637.7841	-0.0233	0.0934	0.6132	0.9588
SNX10	16.9997	-0.0144	0.1115	0.3254	0.9001
SNX11	352.7698	0.0043	0.0992	0.9128	0.993
SNX12	1597.8685	0.0272	0.093	0.5589	0.9508
SNX13	1013.0011	0.0956	0.1144	0.0226	0.6524
SNX14	2897.8265	-0.0381	0.0926	0.4193	0.9204
SNX15	372.7832	-0.0261	0.0997	0.5085	0.9397
SNX16	123.2294	-0.026	0.1052	0.4083	0.9187
SNX17	3999.238	-0.0065	0.0942	0.8861	0.9899
SNX18	758.0063	0.0492	0.0993	0.2422	0.886
SNX19	1772.8886	0.063	0.0959	0.1726	0.8611
SNX2	2019.1416	-0.0325	0.0926	0.4889	0.9324
SNX21	479.717	-0.0089	0.0977	0.8298	0.9854
SNX22	61.6614	-0.0151	0.1077	0.5404	0.9464
SNX24	303.2675	-0.0096	0.0999	0.8019	0.9839
SNX25	685.4394	0.0081	0.0957	0.8529	0.9876
SNX27	1074.9093	-0.0112	0.0946	0.8015	0.9839
SNX29	502.1898	0.0473	0.1078	0.1488	0.8598
SNX29P2	0.2605	9e-04	0.1202	0.7459	NA
SNX3	2861.3382	-0.0795	0.0976	0.0899	0.8072
SNX30	415.1617	0.0071	0.1009	0.8475	0.9866
SNX31	0.3408	0.0012	0.1206	0.6798	NA
SNX32	2.5273	6e-04	0.113	0.9192	NA
SNX33	427.8734	0.0176	0.0983	0.6652	0.969
SNX4	749.1901	0.009	0.0954	0.8377	0.9854
SNX5	2235.8859	-0.0341	0.093	0.4655	0.9277
SNX6	2040.4964	-0.0183	0.0925	0.6959	0.9722
SNX7	1470.1566	-0.0709	0.0979	0.1209	0.8309
SNX8	686.1189	0.0433	0.0967	0.325	0.9001
SNX9	997.2074	0.0653	0.0968	0.1542	0.8598
SOAT1	1183.0526	-0.0218	0.0944	0.6291	0.964
SOBP	476.7062	0.014	0.0978	0.7336	0.976
SOCS1	83.2109	-0.0084	0.106	0.7612	0.9791
SOCS2	177.3955	-0.007	0.1024	0.8378	0.9854
SOCS2-AS1	3.0062	0.0025	0.1129	0.7067	NA
SOCS3	1088.8677	0.0319	0.0949	0.4782	0.932
SOCS4	1018.5259	-0.004	0.0956	0.9267	0.9936
SOCS5	430.2845	4e-04	0.0981	0.9921	0.9982
SOCS6	432.7531	0.0117	0.0981	0.7745	0.9802
SOCS7	922.4982	0.0853	0.109	0.041	0.7463
SOD1	4320.7724	-0.0586	0.0975	0.1894	0.8684
SOD2	1248.2558	-0.023	0.0935	0.6167	0.9592
SOD3	2261.5518	0.0074	0.095	0.8676	0.9889
SOGA1	951.7896	0.0185	0.1116	0.2503	0.8873
SOGA2	291.5971	-0.0568	0.1037	0.1461	0.8598
SOGA3	14.7614	0.0046	0.111	0.7319	0.976
SON	6561.3454	0.0687	0.0925	0.1588	0.8611
SORBS1	93.1011	0.0179	0.1061	0.5315	0.9433
SORBS2	312.431	0.0504	0.1029	0.1929	0.8684
SORBS3	2739.4889	0.0321	0.0934	0.4883	0.9323
SORCS2	613.4066	0.1024	0.1098	0.0237	0.6573
SORD	687.1808	-0.0549	0.0976	0.2139	0.8774
SORL1	35.4757	0.0323	0.1137	0.0848	0.807
SORT1	6247.3046	0.03	0.0953	0.5006	0.9355
SOS1	974.7687	0.0636	0.1021	0.1272	0.8418
SOS2	536.6948	0.0266	0.098	0.522	0.9416
SOST	924.8849	0.0499	0.0958	0.2697	0.8902
SOSTDC1	1151.7027	-0.085	0.0986	0.0703	0.7809
SOWAHA	7.7932	0.0049	0.112	0.6092	0.9583
SOWAHB	20.6039	0.007	0.1103	0.665	0.969
SOWAHC	414.4701	0.0192	0.0987	0.6339	0.965
SOWAHD	0.701	-0.0023	0.12	0.4931	NA
SOX10	1.7356	-3e-04	0.1143	0.9508	NA
SOX12	1279.4443	-0.0154	0.0941	0.7333	0.976
SOX13	789.5391	0.0465	0.0961	0.2988	0.8992
SOX15	9.283	-0.0094	0.112	0.4061	0.9185
SOX17	6326.9197	0.042	0.0932	0.3704	0.9111
SOX18	24.7556	0.0255	0.1124	0.1451	0.8598
SOX2	2.406	-0.0049	0.1144	0.4066	NA
SOX21-AS1	0.2394	-7e-04	0.1199	0.7982	NA
SOX30	1.2219	-0.0038	0.1217	0.3178	NA
SOX4	2435.254	0.0614	0.0953	0.1862	0.8684
SOX5	75.9856	0.0273	0.1103	0.2292	0.8832
SOX6	777.748	0.0413	0.1005	0.3009	0.8992
SOX7	6.9111	-0.0035	0.1119	0.7246	0.9755
SOX8	9.3785	-0.0056	0.1117	0.611	0.9584
SOX9	119.9328	-0.0053	0.1043	0.8645	0.9887
SP1	3150.9486	0.0543	0.0978	0.2172	0.8788
SP100	357.4921	-0.0402	0.1	0.3192	0.9
SP110	19.5973	-0.0026	0.1104	0.8666	0.9887
SP140	0.2731	0.001	0.1202	0.7405	NA
SP140L	308.3967	-0.0041	0.0995	0.916	0.9932
SP2	508.5249	0.0611	0.1005	0.1512	0.8598
SP3	1978.9154	0.0188	0.094	0.6787	0.9708
SP4	178.5874	-0.0161	0.104	0.6166	0.9592
SP6	8.7989	0.0016	0.1116	0.8832	0.9899
SP8	0.7187	-6e-04	0.1175	0.8488	NA
SP9	1.0025	3e-04	0.1148	0.9492	NA
SPA17	81.669	5e-04	0.106	0.9839	0.9967
SPACA4	1.0472	0.0019	0.117	0.6191	NA
SPACA5	0.2605	9e-04	0.1202	0.7459	NA
SPACA5B	0.4649	-0.0013	0.1206	0.6451	NA
SPACA6P	44.2805	0.0165	0.1089	0.458	0.9255
SPACA6P-AS	6.8752	0.0074	0.1122	0.4524	0.9237
SPAG1	752.489	-0.0127	0.0958	0.7701	0.9792
SPAG16	308.9432	-0.0916	0.1135	0.0264	0.6809
SPAG4	13.7388	-0.0022	0.1111	0.8662	0.9887
SPAG5	1873.7087	0.0444	0.0949	0.331	0.901
SPAG5-AS1	2.7206	-1e-04	0.1131	0.9803	NA
SPAG7	715.4004	-0.0319	0.0969	0.4595	0.9259
SPAG8	7.1706	-0.0048	0.1119	0.6318	0.964
SPAG9	2743.1835	0.0677	0.1008	0.1179	0.8299
SPANXA2	0.24	-7e-04	0.1199	0.7975	NA
SPANXB1	0.24	-7e-04	0.1199	0.7975	NA
SPARC	672.9359	0.0013	0.0956	0.977	0.9959
SPARCL1	7.8758	0.0156	0.116	0.0992	0.821
SPAST	804.942	0.0393	0.0974	0.3612	0.9102
SPATA1	2.5481	0.0037	0.1139	0.52	NA
SPATA12	1.8337	0.0029	0.1147	0.5605	NA
SPATA13	485.0518	0.0467	0.1011	0.2431	0.886
SPATA16	0.7165	-0.002	0.1208	0.5257	NA
SPATA17	4.0577	0.0058	0.113	0.4468	NA
SPATA18	501.1296	-0.0308	0.0978	0.4646	0.9272
SPATA2	378.8846	0.0456	0.1002	0.2639	0.89
SPATA20	2686.9834	-0.0178	0.0922	0.7045	0.9724
SPATA21	23.8059	-0.0109	0.1108	0.4811	0.932
SPATA24	27.7886	-0.0208	0.1114	0.2394	0.886
SPATA25	2.5146	7e-04	0.113	0.9079	NA
SPATA2L	361.2796	-0.0358	0.1007	0.36	0.9098
SPATA3-AS1	0.2732	0.001	0.1202	0.7404	NA
SPATA32	2.6867	-3e-04	0.1132	0.9599	NA
SPATA33	128.4895	-0.0114	0.104	0.7199	0.9753
SPATA41	0.1881	-6e-04	0.1197	0.8401	NA
SPATA5	365.7756	0.0214	0.1016	0.5582	0.9508
SPATA5L1	364.7884	0.0201	0.1003	0.6	0.958
SPATA6	116.1837	-0.0444	0.1085	0.1543	0.8598
SPATA6L	11.7807	-0.0046	0.1112	0.7117	0.9733
SPATA7	73.479	-0.0351	0.1097	0.1859	0.8684
SPATA9	0.7869	0.0029	0.1207	0.4119	NA
SPATC1	2.3305	0.0066	0.1191	0.212	NA
SPATC1L	325.4555	-0.0314	0.1016	0.4023	0.9185
SPATS2	586.0499	0.0045	0.0965	0.9154	0.9932
SPATS2L	2520.003	-0.0417	0.0923	0.3803	0.9133
SPC24	305.7737	-0.0405	0.101	0.3033	0.8992
SPC25	353.2547	-0.0466	0.1017	0.237	0.886
SPCS1	1337.9052	-0.0922	0.1088	0.0337	0.7208
SPCS2	1480.0504	-0.0643	0.0961	0.164	0.8611
SPCS3	1752.053	-0.0423	0.0935	0.3645	0.9102
SPDEF	1.5255	0.0022	0.1143	0.6516	NA
SPDL1	1017.3458	-0.007	0.0954	0.8736	0.9894
SPDYA	7.7551	-0.0032	0.1117	0.7577	0.9789
SPDYC	18.3135	-0.0148	0.1114	0.3284	0.9003
SPDYE1	10.9869	-4e-04	0.1113	0.9763	0.9959
SPDYE2	26.4104	0.0143	0.1109	0.3802	0.9133
SPDYE2B	8.9955	0.0154	0.1158	0.1037	0.8247
SPDYE3	19.4405	0.0193	0.112	0.2136	0.8774
SPDYE5	4.3126	0.005	0.1128	0.5101	NA
SPDYE6	28.0943	-0.0053	0.11	0.7513	0.9776
SPECC1	1152.6161	0.0384	0.0943	0.4019	0.9185
SPECC1L	1353.1446	0.0445	0.0943	0.3337	0.9019
SPECC1L-ADORA2A	24.9959	0.0277	0.1129	0.1161	0.8296
SPEF1	4.613	0.0027	0.1124	0.7354	0.976
SPEF2	40.1904	-0.0207	0.1098	0.3331	0.9014
SPEG	239.6317	-0.0234	0.1013	0.5272	0.9418
SPEN	1778.9459	0.0701	0.1111	0.0547	0.7614
SPG11	1061.5518	0.0511	0.0993	0.2276	0.8832
SPG20	552.1315	-0.0236	0.0968	0.5802	0.9552
SPG21	1388.1234	-0.0179	0.0936	0.696	0.9722
SPG7	1798.8374	0.0676	0.0946	0.1542	0.8598
SPHK1	276.2969	-0.0337	0.1027	0.3543	0.908
SPHK2	735.5924	-0.01	0.0955	0.82	0.985
SPIB	4.0596	0.0043	0.1126	0.5759	NA
SPICE1	133.5056	-2e-04	0.1035	0.995	0.9991
SPIDR	943.4579	-0.0448	0.0972	0.3053	0.8992
SPIN1	2265.7561	0.0302	0.094	0.5091	0.9397
SPIN2B	169.2294	-0.0047	0.1026	0.89	0.9899
SPIN3	104.2798	-0.0048	0.1048	0.8717	0.9894
SPIN4	617.3545	-0.0084	0.0975	0.84	0.9859
SPINK1	0.2289	-7e-04	0.1199	0.8029	NA
SPINK5	0.4787	-0.0014	0.1207	0.6406	NA
SPINK7	0.2744	0.001	0.1202	0.7392	NA
SPINT1	540.7893	0.0069	0.0979	0.8672	0.9887
SPINT2	7303.169	-0.0088	0.0935	0.8478	0.9866
SPIRE1	1507.5107	0.0335	0.0949	0.4567	0.9254
SPIRE2	202.2702	-0.0087	0.1022	0.8026	0.9839
SPN	1.0128	2e-04	0.1152	0.9604	NA
SPNS1	1945.9884	0.0153	0.0955	0.7271	0.9758
SPNS2	350.4134	0.0209	0.1009	0.5771	0.9552
SPOCD1	0.1912	-6e-04	0.1197	0.8433	NA
SPOCK1	0.5215	0.0016	0.1212	0.5953	NA
SPOCK2	46.5464	-0.0249	0.1098	0.2732	0.8919
SPON1	555.7426	0.0494	0.1005	0.2281	0.8832
SPON2	1.9728	-0.0013	0.1134	0.8104	NA
SPOP	1017.9123	-0.0252	0.0944	0.5779	0.9552
SPOPL	814.6148	0.0309	0.0986	0.4515	0.9232
SPP1	6823.6448	0.0085	0.091	0.8591	0.9881
SPPL2A	733.0969	0.0394	0.0966	0.3684	0.9111
SPPL2B	743.9912	-0.019	0.0955	0.6647	0.969
SPPL3	1741.3346	-0.0046	0.0934	0.9197	0.9932
SPR	1279.0825	-0.0384	0.0957	0.3886	0.9162
SPRED1	909.4733	-0.0115	0.0945	0.7977	0.9839
SPRED2	1656.224	0.0488	0.0955	0.2827	0.8965
SPRED3	87.9936	-0.005	0.1056	0.8589	0.9881
SPRN	98.7465	0.0348	0.1088	0.2113	0.8773
SPRR1A	0.24	-7e-04	0.1199	0.7975	NA
SPRR1B	2.3253	-0.0061	0.1182	0.2449	NA
SPRR2A	1.6339	-0.0064	0.1245	0.1686	NA
SPRR2D	0.4689	-0.0014	0.1206	0.6446	NA
SPRR2E	0.7337	-6e-04	0.1174	0.8513	NA
SPRTN	344.2824	0.0062	0.1005	0.8672	0.9887
SPRY1	4268.8197	0.007	0.0909	0.884	0.9899
SPRY2	2603.3793	-0.0071	0.0918	0.8802	0.9899
SPRY3	43.5238	0.0169	0.1096	0.4155	0.9204
SPRY4	3186.4955	0.119	0.1052	0.0164	0.6309
SPRYD3	760.9087	0.0176	0.0953	0.689	0.9712
SPRYD4	260.3785	-0.073	0.1086	0.0613	0.7686
SPRYD7	297.7567	-0.033	0.1009	0.3916	0.9162
SPSB1	529.303	0.0567	0.0992	0.1878	0.8684
SPSB2	752.053	-0.0323	0.0981	0.439	0.9229
SPSB3	549.1611	-0.0223	0.0987	0.5821	0.9552
SPSB4	16.8315	-0.0192	0.1123	0.1903	0.8684
SPTAN1	6634.325	0.0898	0.104	0.0466	0.7463
SPTB	116.7935	0.0644	0.114	0.0478	0.7463
SPTBN1	11123.739	0.0975	0.1155	0.0202	0.6425
SPTBN2	56.5533	0.0236	0.109	0.3248	0.9001
SPTBN4	13.6808	-0.0222	0.1151	0.0764	0.7991
SPTBN5	35.8113	-0.0034	0.1088	0.8693	0.9889
SPTLC1	1334.6611	-0.0077	0.0939	0.8648	0.9887
SPTLC2	3067.1607	0.0354	0.0973	0.4082	0.9187
SPTLC3	3.4579	-2e-04	0.1128	0.97	NA
SPTSSA	773.361	-0.0619	0.1006	0.1457	0.8598
SPTSSB	2.4535	-0.0012	0.113	0.8482	NA
SPTY2D1	817.4265	0.0548	0.1009	0.1845	0.8682
SPTY2D1-AS1	0.5226	0.0016	0.1212	0.5947	NA
SQLE	813.8072	0.0305	0.0958	0.4893	0.9324
SQRDL	17.9525	-0.0204	0.1126	0.1667	0.8611
SQSTM1	9587.1422	0.0339	0.0921	0.4746	0.9312
SRA1	1153.7848	-0.0304	0.0979	0.4683	0.9286
SRBD1	519.7286	-0.0362	0.1004	0.3588	0.9093
SRC	1057.0853	0.0464	0.0954	0.3063	0.8992
SRCAP	3410.6672	0.1099	0.124	0.0098	0.5526
SRCIN1	7.8927	-0.0095	0.1125	0.3394	0.9032
SRCRB4D	40.266	0.0091	0.109	0.6566	0.969
SRD5A1	409.8871	0.0342	0.0989	0.4047	0.9185
SRD5A2	0.2605	9e-04	0.1202	0.7459	NA
SRD5A3	383.049	-0.0615	0.103	0.1302	0.8492
SRD5A3-AS1	1.0697	0.0041	0.1216	0.2962	NA
SREBF1	1884.8132	0.0672	0.0945	0.1565	0.8598
SREBF2	4940.6438	0.0877	0.0973	0.0672	0.7786
SREK1	1210.2002	0.0235	0.1	0.5468	0.9485
SREK1IP1	698.3735	-0.0203	0.0961	0.6386	0.9658
SRF	2449.2195	0.0797	0.096	0.0948	0.8182
SRFBP1	261.1864	-0.0093	0.101	0.7988	0.9839
SRGAP1	858.7627	0.114	0.1182	0.0118	0.5771
SRGAP2	1060.844	0.0294	0.0973	0.4894	0.9324
SRGAP2-AS1	0.7735	0.0011	0.1167	0.7532	NA
SRGAP2B	258.748	0.0138	0.1023	0.6924	0.9715
SRGAP2C	261.3609	-0.0133	0.1011	0.7168	0.9748
SRGAP2D	379.9771	0.0298	0.1032	0.3956	0.9174
SRGAP3	60.1134	-0.0293	0.11	0.2198	0.8828
SRGN	16.1296	-0.0138	0.1117	0.3151	0.9
SRI	888.3729	-0.0346	0.0988	0.4006	0.9185
SRL	0.2605	9e-04	0.1202	0.7459	NA
SRM	5148.3173	-0.0092	0.0954	0.8338	0.9854
SRMS	0.2295	-7e-04	0.1199	0.8025	NA
SRP14	4930.0096	-0.0301	0.0941	0.5096	0.9397
SRP14-AS1	4.6197	-0.0055	0.1128	0.4869	0.9323
SRP19	677.365	-0.062	0.1013	0.1401	0.8585
SRP54	1615.2208	0.0046	0.0927	0.9203	0.9932
SRP68	3293.6225	-0.0126	0.0912	0.7923	0.9836
SRP72	2803.4452	0.0339	0.0935	0.4646	0.9272
SRP9	5064.7768	-0.0827	0.0968	0.0826	0.807
SRPK1	2364.2605	-0.0171	0.0932	0.7115	0.9733
SRPK2	1054.2441	0.0263	0.0954	0.5532	0.9491
SRPK3	9.3255	-0.0157	0.1139	0.1429	0.8598
SRPR	1151.1111	0.0321	0.0947	0.4778	0.932
SRPRB	1544.6994	-0.0164	0.0937	0.7202	0.9753
SRPX	18.1096	0.0035	0.1107	0.8074	0.9839
SRPX2	0.9883	-0.0015	0.1168	0.6912	NA
SRR	247.6335	-0.069	0.1107	0.0584	0.7686
SRRD	260.3058	-0.0052	0.1008	0.887	0.9899
SRRM1	3285.8157	0.1804	0.1408	0.0013	0.2898
SRRM2	11266.3858	0.1525	0.1476	0.002	0.3547
SRRM2-AS1	1.401	-0.0054	0.1226	0.2207	NA
SRRM3	252.8894	-0.0297	0.1014	0.4288	0.9207
SRRM5	6.5287	0.0045	0.112	0.6354	0.9654
SRRT	5490.4202	0.093	0.0951	0.06	0.7686
SRSF1	8271.3351	0.062	0.0923	0.2007	0.874
SRSF10	3196.174	0.0239	0.0916	0.6142	0.959
SRSF11	2604.6242	0.035	0.093	0.4538	0.9243
SRSF12	69.2261	-0.0011	0.1065	0.9652	0.9956
SRSF2	8110.8631	0.074	0.0957	0.1178	0.8299
SRSF3	7843.6848	4e-04	0.0922	0.9936	0.9987
SRSF4	2369.5211	0.0276	0.0922	0.559	0.9508
SRSF5	933.7748	-0.2054	0.1674	5e-04	0.1835
SRSF6	2581.8762	-0.0091	0.0918	0.8473	0.9866
SRSF7	3195.1337	0.0307	0.0919	0.5173	0.9416
SRSF8	954.3902	0.0322	0.0948	0.4753	0.9312
SRSF9	5554.8012	-0.0449	0.0956	0.3192	0.9
SRXN1	3469.5776	0.0828	0.0949	0.0881	0.8072
SS18	2353.518	0.05	0.0931	0.2898	0.8974
SS18L1	423.1118	0.0017	0.0977	0.9661	0.9956
SS18L2	334.832	-0.0587	0.1041	0.1343	0.8515
SSB	3091.533	-0.0571	0.0928	0.2331	0.8859
SSBP1	1493.9496	-0.0792	0.1009	0.078	0.8033
SSBP2	388.6105	-0.0308	0.0988	0.4518	0.9232
SSBP3	1713.2513	-0.0336	0.0936	0.4677	0.9285
SSBP3-AS1	4.6949	0.0098	0.1145	0.214	0.8774
SSBP4	2531.6745	-0.0815	0.0979	0.0822	0.807
SSC5D	15.6732	0.0131	0.1115	0.355	0.9085
SSFA2	3122.4527	0.084	0.1015	0.0642	0.7718
SSH1	2521.1959	0.1119	0.1163	0.0135	0.6088
SSH2	1128.8176	0.0196	0.0942	0.6645	0.969
SSH3	1386.8037	0.043	0.0939	0.3532	0.908
SSNA1	1210.1508	-0.0069	0.097	0.8699	0.9889
SSPN	2.8546	-0.0078	0.1201	0.1645	NA
SSPO	3.5633	-0.0083	0.1164	0.2035	NA
SSR1	3594.8661	-0.0246	0.0917	0.604	0.9581
SSR2	3853.8612	-0.0275	0.0944	0.5431	0.9466
SSR3	2245.5822	-0.0447	0.0931	0.3419	0.9041
SSR4	3589.9155	-0.0239	0.096	0.5837	0.9552
SSR4P1	5.4434	-0.0022	0.112	0.8084	0.9839
SSRP1	6878.7984	0.0181	0.0905	0.7073	0.9725
SSSCA1	583.7889	-0.0037	0.0986	0.9267	0.9936
SSSCA1-AS1	10.9946	-0.0104	0.112	0.3739	0.9119
SSTR2	9.6963	-3e-04	0.1114	0.9819	0.9961
SSTR5	77.0148	0.0291	0.1081	0.2874	0.8971
SSTR5-AS1	14.5683	0.0108	0.1115	0.4148	0.9204
SSU72	2462.2722	-0.0407	0.0962	0.3577	0.9092
SSUH2	1.111	-0.0013	0.1154	0.75	NA
SSX2IP	438.5301	0.0031	0.1006	0.9325	0.994
ST13	7257.4479	-0.0379	0.091	0.4322	0.9224
ST13P4	6.7919	0.0051	0.1121	0.59	0.9559
ST14	497.3692	0.0506	0.0996	0.2276	0.8832
ST20	84.1474	-0.0558	0.1154	0.0453	0.7463
ST20-MTHFS	1.5633	0.0053	0.1246	0.2083	NA
ST3GAL1	379.3193	0.0546	0.1055	0.1402	0.8585
ST3GAL2	1235.1167	0.0263	0.0958	0.5494	0.9489
ST3GAL3	134.7959	-0.0171	0.1041	0.5945	0.9562
ST3GAL4	557.7609	-0.0464	0.0989	0.2712	0.8904
ST3GAL4-AS1	15.5482	0.0036	0.1107	0.8016	0.9839
ST3GAL5	163.3561	-0.019	0.103	0.5783	0.9552
ST3GAL6	2.0452	0.0038	0.1148	0.4704	NA
ST5	594.9006	-0.0126	0.0964	0.7684	0.9791
ST6GAL1	37.2961	-0.0057	0.1087	0.7822	0.9811
ST6GALNAC1	591.0619	0.0063	0.0962	0.8831	0.9899
ST6GALNAC2	40.2594	-0.0282	0.1111	0.1866	0.8684
ST6GALNAC3	0.2159	-7e-04	0.1198	0.8201	NA
ST6GALNAC4	680.9125	-0.0373	0.0972	0.3861	0.9162
ST6GALNAC6	766.6752	-0.0324	0.0959	0.4618	0.9265
ST7	426.0433	-0.0209	0.0979	0.6129	0.9588
ST7-AS1	12.5315	0.016	0.1126	0.2063	0.8751
ST7-OT3	0.2611	9e-04	0.1202	0.7455	NA
ST7-OT4	0.4578	-0.0013	0.1206	0.6493	NA
ST7L	244.6887	0.0491	0.1035	0.1946	0.8697
ST8SIA2	13.0016	-0.0107	0.1115	0.4155	0.9204
ST8SIA5	0.9908	2e-04	0.1153	0.9603	NA
STAC2	0.6886	-0.0019	0.1209	0.5393	NA
STAC3	3.1403	-0.0018	0.1128	0.7884	NA
STAG1	826.389	0.0045	0.0987	0.9092	0.9926
STAG2	2987.174	0.02	0.0971	0.6353	0.9654
STAG3	8.9834	0.0135	0.1132	0.2027	0.8743
STAG3L1	32.7981	-0.0165	0.1105	0.3654	0.9102
STAG3L2	71.1663	-0.015	0.1069	0.5718	0.9544
STAG3L3	109.6133	0.0017	0.1051	0.9537	0.9956
STAG3L4	185.3061	-0.0244	0.1028	0.4857	0.9323
STAG3L5P	17.2836	0.003	0.1105	0.8407	0.986
STAG3L5P-PVRIG2P-PILRB	462.4585	0.077	0.1063	0.0627	0.7689
STAM	594.5196	0.049	0.0979	0.2588	0.89
STAM2	557.379	0.006	0.0975	0.8854	0.9899
STAMBP	683.7331	0.0184	0.0982	0.6524	0.969
STAMBPL1	0.2456	9e-04	0.1201	0.7569	NA
STAP2	275.8767	-0.0597	0.1062	0.1112	0.8281
STAR	1.4438	8e-04	0.1143	0.8635	NA
STARD10	681.9969	-0.0779	0.1049	0.0662	0.7756
STARD13	91.7681	0.0611	0.1156	0.0411	0.7463
STARD13-AS	0.24	-7e-04	0.1199	0.7975	NA
STARD3	726.7113	0.0182	0.0965	0.6703	0.9698
STARD3NL	766.9367	-0.0475	0.0974	0.2771	0.8941
STARD4	214.4409	0.0051	0.1035	0.8746	0.9894
STARD4-AS1	9.7046	0.0101	0.112	0.3733	0.9119
STARD5	12.0803	0.0027	0.1111	0.8324	0.9854
STARD7	4168.4511	0.0154	0.0911	0.7473	0.9763
STARD7-AS1	65.6899	-0.0042	0.1067	0.8695	0.9889
STARD8	117.7435	-0.0079	0.105	0.7914	0.9836
STARD9	208.2917	0.0259	0.1036	0.4473	0.9232
STAT1	1576.1541	0.026	0.0949	0.5623	0.952
STAT2	1243.6224	-0.0244	0.0956	0.5797	0.9552
STAT3	4094.96	0.0272	0.0934	0.5558	0.9507
STAT4	0.5002	1e-04	0.1192	0.9729	NA
STAT5A	121.2309	-0.0057	0.1041	0.8551	0.9877
STAT5B	604.8598	-0.0033	0.0963	0.9385	0.9946
STAT6	1758.8001	-0.0321	0.0936	0.4863	0.9323
STAU1	3022.6853	-0.0059	0.0913	0.9016	0.991
STAU2	644.5048	-0.0221	0.0967	0.6055	0.9581
STBD1	291.8978	-0.0255	0.1003	0.5101	0.9397
STC1	2307.4214	0.0787	0.0982	0.0898	0.8072
STC2	408.5946	0.3276	0.2521	0	0.0516
STEAP1	80.9584	-0.0322	0.1084	0.245	0.8873
STEAP2	83.7445	-0.0229	0.1074	0.3959	0.9175
STEAP3	457.8692	-0.0555	0.0999	0.1898	0.8684
STIL	613.2366	0.0093	0.0968	0.8268	0.9853
STIM1	1337.7893	0.0256	0.095	0.5661	0.9531
STIM2	445.501	-0.0087	0.0982	0.8302	0.9854
STIP1	7778.8053	-0.0182	0.0905	0.7059	0.9724
STK10	470.4213	0.0288	0.0982	0.4869	0.9323
STK11	2103.2528	0.0085	0.0922	0.8565	0.988
STK11IP	692.7517	0.0211	0.0958	0.629	0.964
STK16	553.2238	-0.0087	0.0972	0.835	0.9854
STK17A	526.5634	0.0125	0.098	0.7612	0.9791
STK17B	330.3478	-0.0045	0.0994	0.9076	0.9922
STK19	194.4582	-0.009	0.1022	0.795	0.9839
STK24	2908.4349	-0.0284	0.0928	0.5427	0.9465
STK25	2017.6581	-0.0274	0.0928	0.5566	0.9507
STK3	517.3524	-0.0055	0.0969	0.897	0.9907
STK31	16.6419	7e-04	0.1105	0.9605	0.9956
STK32B	73.7406	0.0094	0.1064	0.7267	0.9758
STK32C	332.1272	-0.013	0.1005	0.7303	0.9759
STK33	27.9683	-0.0255	0.1121	0.1583	0.861
STK35	1191.4942	0.0855	0.1005	0.0634	0.7693
STK36	386.379	0.0397	0.1009	0.3132	0.9
STK38	2285.5649	0.0099	0.0925	0.8317	0.9854
STK38L	701.0416	0.0419	0.1024	0.2693	0.8901
STK39	628.0897	-0.0325	0.0968	0.452	0.9235
STK4	1321.2385	0.0357	0.0965	0.414	0.9204
STK4-AS1	0.7626	0.0011	0.1168	0.7527	NA
STK40	1767.2698	0.0785	0.0959	0.0996	0.821
STL	0.9787	-0.0014	0.1168	0.6993	NA
STMN1	4237.5444	-0.0987	0.1025	0.0366	0.7445
STMN3	709.7893	-0.0156	0.0963	0.7172	0.9748
STOM	212.6339	-0.0152	0.1014	0.6763	0.9708
STOML1	99.0543	0.006	0.105	0.838	0.9854
STOML2	3884.3673	-0.0299	0.0936	0.5158	0.9411
STON1	95.8799	0.0313	0.1078	0.2709	0.8904
STON1-GTF2A1L	1.2699	0.0026	0.1171	0.5208	NA
STON2	881.4011	0.0228	0.0955	0.6058	0.9581
STOX1	280.9891	-0.0028	0.1009	0.9388	0.9946
STOX2	5.2803	0.0104	0.1145	0.2002	0.874
STPG1	131.7528	0.021	0.1046	0.5089	0.9397
STPG2	0.2729	9e-04	0.1202	0.7407	NA
STRA13	1087.4196	-0.0553	0.0987	0.2017	0.874
STRA6	0.7648	0.0027	0.1205	0.4305	NA
STRADA	422.0397	-0.0274	0.0984	0.5048	0.9375
STRADB	847.1469	-0.1558	0.1341	0.0026	0.3912
STRAP	3914.2485	-0.0106	0.0913	0.8234	0.9851
STRBP	1254.2384	-0.0123	0.0949	0.7824	0.9811
STRC	0.5919	-0.0016	0.1213	0.5835	NA
STRIP1	907.9215	0.1138	0.1089	0.0172	0.6309
STRIP2	235.6411	-0.0244	0.1041	0.4581	0.9255
STRN	940.8041	0.0442	0.0996	0.2845	0.8965
STRN3	1267.1093	0.0496	0.0972	0.2595	0.89
STRN4	3456.9338	0.0728	0.0938	0.1313	0.8492
STS	806.3257	0.0123	0.0984	0.7601	0.9791
STT3A	4677.3803	0.047	0.0917	0.3282	0.9003
STT3B	4385.7827	0.0475	0.0964	0.2871	0.8971
STUB1	3118.2103	-0.0202	0.0961	0.6406	0.9658
STX10	1059.8808	-0.0551	0.1004	0.1872	0.8684
STX11	8.478	0	0.1116	0.9986	0.9994
STX12	744.4236	-0.0073	0.0952	0.8692	0.9889
STX16	1053.3373	0.0327	0.0951	0.4654	0.9277
STX16-NPEPL1	13.2703	-0.0013	0.1117	0.8996	0.9908
STX17	586.1336	-0.0427	0.0997	0.2968	0.8992
STX18	3096.5311	0.0546	0.0946	0.2406	0.886
STX18-AS1	28.8263	-0.0107	0.1099	0.5581	0.9508
STX19	0.2314	-7e-04	0.1199	0.8009	NA
STX1A	107.6235	-0.0042	0.1047	0.888	0.9899
STX1B	1.3274	0.0053	0.1233	0.2176	NA
STX2	582.3372	-0.0148	0.0976	0.721	0.9753
STX3	2027.6983	0.0063	0.0926	0.8927	0.9899
STX4	655.4339	-0.0277	0.097	0.516	0.9411
STX5	654.3908	-0.0271	0.0963	0.5317	0.9434
STX6	1170.1725	-0.0049	0.0935	0.9142	0.9932
STX7	738.1058	-0.0375	0.0984	0.3702	0.9111
STX8	196.7108	-0.0192	0.1036	0.5631	0.952
STXBP1	497.6246	-0.0329	0.0992	0.4176	0.9204
STXBP2	1309.3324	-0.0276	0.0953	0.5337	0.9444
STXBP3	694.4705	-0.0165	0.0959	0.7034	0.9724
STXBP4	225.1355	-0.0102	0.1049	0.7336	0.976
STXBP5	291.4176	0.0311	0.1056	0.3278	0.9003
STXBP5L	3.7585	0.0017	0.1125	0.8164	NA
STXBP6	609.7975	-0.0369	0.0968	0.3952	0.9174
STYK1	0.7187	-6e-04	0.1175	0.8487	NA
STYX	697.4346	-0.0121	0.0959	0.7802	0.9806
STYXL1	264.7031	-0.0301	0.1029	0.3973	0.9182
SUB1	2142.0218	-0.0744	0.0996	0.0986	0.821
SUCLA2	3692.4782	0.0049	0.0912	0.9182	0.9932
SUCLG1	1592.3022	-0.03	0.0944	0.5089	0.9397
SUCLG2	1050.5143	0.0033	0.0942	0.9416	0.9946
SUCO	841.4205	0.0528	0.0981	0.2254	0.8832
SUDS3	829.3328	0.0768	0.0998	0.0897	0.8072
SUFU	374.149	0.0217	0.0992	0.5868	0.9552
SUGCT	3.657	-7e-04	0.1124	0.9282	NA
SUGP1	542.0685	-0.0146	0.0975	0.7267	0.9758
SUGP2	1964.242	0.0441	0.0969	0.3144	0.9
SUGT1	822.5444	-0.1017	0.1073	0.027	0.6814
SUGT1P1	1.3025	0.0026	0.1171	0.51	NA
SUGT1P3	0.2729	9e-04	0.1202	0.7407	NA
SULF2	1567.5022	0.0585	0.0991	0.1772	0.8611
SULT1A1	116.708	-0.0358	0.1071	0.2429	0.886
SULT1A2	61.752	-3e-04	0.1075	0.9889	0.9972
SULT1A3	142.048	7e-04	0.115	0.8688	0.9889
SULT1A4	42.4471	-0.0066	0.1656	0.0672	0.7786
SULT1C2	46.6162	-0.0213	0.1092	0.3504	0.9069
SULT1C2P1	0.4894	1e-04	0.1193	0.9708	NA
SULT1C4	63.2251	0	0.1071	0.9987	0.9994
SULT1E1	0.24	-7e-04	0.1199	0.7975	NA
SULT2B1	25.5276	-0.0035	0.1098	0.8394	0.9858
SUMF1	735.4229	-0.0096	0.0953	0.8268	0.9853
SUMF2	1794.5296	-0.0142	0.0941	0.7536	0.9783
SUMO1	2208.4242	-0.0622	0.0952	0.1824	0.8673
SUMO1P3	2.8505	-0.0075	0.1199	0.1742	NA
SUMO2	5071.4515	-0.0565	0.0957	0.2169	0.8787
SUMO3	1067.6026	-0.0304	0.0972	0.475	0.9312
SUMO4	0.5359	0.0017	0.1207	0.57	NA
SUN1	2363.8837	0.0618	0.0962	0.1781	0.8611
SUN2	958.3429	0.0243	0.0953	0.584	0.9552
SUN3	12.0237	-0.0076	0.1114	0.5466	0.9485
SUOX	724.6873	-0.0224	0.0955	0.6106	0.9583
SUPT16H	2806.1129	0.0282	0.0954	0.5249	0.9416
SUPT20H	1060.7936	0.0306	0.0943	0.5009	0.9355
SUPT3H	49.3062	-0.0236	0.1096	0.3	0.8992
SUPT4H1	932.072	-0.0138	0.0968	0.744	0.9761
SUPT5H	4030.123	0.1016	0.0979	0.0393	0.7463
SUPT6H	3981.3275	0.1327	0.1217	0.0065	0.5102
SUPT7L	787.6171	0.029	0.0958	0.51	0.9397
SUPV3L1	769.8517	0.0388	0.0961	0.3798	0.9132
SURF1	681.8579	-0.0888	0.1069	0.0415	0.7463
SURF2	303.4964	-0.0341	0.1027	0.3476	0.9067
SURF4	6845.9639	0.014	0.0906	0.7707	0.9794
SURF6	1104.4172	0.0389	0.0944	0.3954	0.9174
SUSD1	531.6975	0.0378	0.0982	0.37	0.9111
SUSD2	29.2068	-0.0081	0.1098	0.6575	0.969
SUSD3	5.9426	-0.0094	0.1132	0.2839	0.8965
SUSD4	223.1081	0.011	0.1017	0.758	0.9789
SUSD5	87.0379	0.0187	0.1088	0.4167	0.9204
SUV39H1	463.4022	0.0069	0.0972	0.8687	0.9889
SUV39H2	502.6906	-0.059	0.1005	0.1631	0.8611
SUV420H1	765.1776	0.0439	0.0999	0.2835	0.8965
SUV420H2	311.0771	0.009	0.1001	0.8127	0.985
SUZ12	1517.051	0.0068	0.0942	0.881	0.9899
SUZ12P1	6.9635	-0.0107	0.113	0.2703	0.8903
SV2A	518.5227	-0.0336	0.0985	0.4177	0.9204
SV2C	0.2729	9e-04	0.1202	0.7407	NA
SVEP1	0.2729	9e-04	0.1202	0.7406	NA
SVIL	3255.7432	0.1536	0.1421	0.0023	0.3693
SVIP	346.7518	-0.0784	0.1074	0.0559	0.7615
SWAP70	1476.454	0.0214	0.0947	0.6335	0.9649
SWI5	151.4693	0.0049	0.1036	0.8782	0.9899
SWSAP1	82.6963	-0.0056	0.1063	0.836	0.9854
SWT1	40.2988	-0.0014	0.1085	0.9477	0.9956
SYAP1	3426.4012	-0.0132	0.0913	0.7811	0.9806
SYBU	276.5308	0.0555	0.1035	0.1552	0.8598
SYCE1L	30.0097	-0.0201	0.1111	0.265	0.89
SYCE2	14.2738	-0.0064	0.111	0.6413	0.9661
SYCE3	0.2729	9e-04	0.1202	0.7407	NA
SYCP2	1.8775	-0.0046	0.1171	0.3415	NA
SYCP2L	0.8067	0.0029	0.1206	0.4106	NA
SYCP3	2.4487	3e-04	0.113	0.9559	NA
SYDE1	2519.4318	0.0892	0.0963	0.0663	0.7756
SYDE2	152.3885	0.0575	0.1139	0.0551	0.7614
SYF2	601.8116	-0.0255	0.0977	0.5427	0.9465
SYMPK	1371.0923	0.0466	0.0974	0.2854	0.8971
SYN2	0.2289	-7e-04	0.1199	0.8029	NA
SYNC	606.744	-0.1476	0.1342	0.0032	0.4115
SYNCRIP	10018.2451	0.0706	0.0939	0.1419	0.8598
SYNE1	1033.9939	0.0506	0.1046	0.1719	0.8611
SYNE2	1262.6093	-0.0104	0.0943	0.8167	0.985
SYNE3	18.1402	0.0045	0.1106	0.7611	0.9791
SYNE4	23.8516	-0.038	0.1181	0.0271	0.6828
SYNGAP1	237.8878	0.0037	0.1013	0.9175	0.9932
SYNGR1	1110.0809	-0.0547	0.0995	0.199	0.8737
SYNGR2	10204.3862	0.0229	0.0948	0.6087	0.9583
SYNGR3	81.2249	-0.0185	0.1071	0.489	0.9324
SYNGR4	0.274	0.001	0.1202	0.7396	NA
SYNJ1	281.6716	-0.0095	0.1009	0.7972	0.9839
SYNJ2	708.1965	0.0672	0.1062	0.0869	0.807
SYNJ2BP	969.0016	9e-04	0.0959	0.9837	0.9967
SYNJ2BP-COX16	1.9244	-0.003	0.1141	0.5749	NA
SYNM	1125.0872	0.1148	0.119	0.0112	0.5624
SYNPO	491.6528	0.0451	0.1028	0.2347	0.886
SYNPO2	0.8435	0.0032	0.1212	0.3707	NA
SYNPO2L	0.5334	0.0017	0.1207	0.5726	NA
SYNRG	943.8312	0.047	0.0982	0.274	0.8934
SYP	8.6351	0.0075	0.112	0.4698	0.9294
SYPL1	1505.461	-0.0617	0.0957	0.1823	0.8669
SYPL2	59.1255	-0.0231	0.1087	0.3442	0.905
SYS1	804.4014	-0.0529	0.0988	0.2184	0.8812
SYS1-DBNDD2	33.4643	0.0153	0.1106	0.3842	0.9151
SYT1	3.3452	0.0032	0.1129	0.64	NA
SYT11	196.5166	0.0143	0.1018	0.6888	0.9712
SYT12	0.48	-0.0014	0.1207	0.6399	NA
SYT13	1.0227	0.0021	0.1164	0.5994	NA
SYT14	0.4904	-0.0014	0.1206	0.6322	NA
SYT15	10.4352	0	0.1113	0.9973	0.9991
SYT16	0.2401	-8e-04	0.1199	0.793	NA
SYT17	122.4114	-0.0363	0.1064	0.2536	0.889
SYT2	6.9045	0.0107	0.113	0.27	0.8902
SYT5	6.0857	-0.0038	0.112	0.6845	0.9712
SYT7	41.699	-0.0337	0.1121	0.1236	0.8339
SYT8	8.2511	-0.0089	0.1123	0.3796	0.9131
SYTL1	489.1876	-0.0674	0.1044	0.0972	0.821
SYTL2	10.4517	-0.0226	0.1173	0.052	0.7559
SYTL3	2.8231	-0.0047	0.1143	0.4238	NA
SYTL4	155.9703	0.0077	0.1035	0.8135	0.985
SYVN1	1103.6296	0.0738	0.0978	0.1092	0.8274
SZRD1	5813.1494	0.0478	0.0913	0.3228	0.9
SZT2	502.5704	0.0895	0.1185	0.0199	0.6425
TAB1	879.3317	0.0321	0.0951	0.4735	0.9312
TAB2	2009.7604	0.0179	0.0937	0.6954	0.9722
TAB3	378.5678	0.0065	0.1014	0.8568	0.988
TAC3	42.9587	-0.0192	0.1094	0.3781	0.9119
TAC4	1.2615	9e-04	0.1153	0.827	NA
TACC1	1005.8396	0.0157	0.097	0.7096	0.9731
TACC2	1495.3713	0.1092	0.1048	0.0233	0.6573
TACC3	2564.5756	-0.0046	0.0917	0.9217	0.9933
TACO1	703.8833	-0.0138	0.0959	0.7502	0.977
TACR1	0.1506	-4e-04	0.1196	0.8816	NA
TACR2	2.9554	-0.001	0.113	0.8752	NA
TACSTD2	9.6962	-0.0034	0.1115	0.7625	0.9791
TADA1	259.5866	0.0125	0.1004	0.7405	0.9761
TADA2A	250.1766	-0.0302	0.1014	0.4212	0.9204
TADA2B	957.9382	0.0579	0.0966	0.201	0.874
TADA3	1630.3209	-0.0399	0.0964	0.3649	0.9102
TAF1	740.941	0.0785	0.1077	0.0549	0.7614
TAF10	1993.5199	-0.0234	0.0978	0.5746	0.9544
TAF11	648.0949	-0.2392	0.1926	2e-04	0.1378
TAF12	518.8172	-0.0792	0.1042	0.066	0.7756
TAF13	447.6804	0.0329	0.1002	0.404	0.9185
TAF15	2783.2674	0.0265	0.0923	0.5733	0.9544
TAF1A	175.279	8e-04	0.1022	0.9807	0.9961
TAF1B	258.239	-0.0082	0.1012	0.8208	0.9851
TAF1C	975.5228	0.0509	0.0975	0.2463	0.8873
TAF1D	385.5893	0.1112	0.1192	0.0121	0.5795
TAF1L	0.2605	9e-04	0.1202	0.7459	NA
TAF2	854.0513	0.0563	0.0995	0.1875	0.8684
TAF3	411.2	0.0394	0.1006	0.3201	0.9
TAF4	770.5179	0.0863	0.1016	0.0588	0.7686
TAF4B	503.9691	0.0137	0.0978	0.7402	0.9761
TAF5	406.8801	0.0476	0.1003	0.2457	0.8873
TAF5L	750.7728	0.0369	0.0971	0.3916	0.9162
TAF6	1586.8181	0.0162	0.0928	0.7268	0.9758
TAF6L	556.546	0.0366	0.0993	0.3702	0.9111
TAF7L	4.0278	7e-04	0.1124	0.9254	NA
TAF8	440.894	0.0607	0.1027	0.1364	0.8565
TAF9	1325.187	-0.0779	0.0978	0.0944	0.8177
TAF9B	596.0852	-0.0528	0.098	0.2259	0.8832
TAGAP	0.72	-0.002	0.1208	0.5235	NA
TAGLN	5945.0998	-0.012	0.0949	0.7879	0.9832
TAGLN2	4424.927	-0.0103	0.0939	0.8209	0.9851
TAGLN3	1.2363	-4e-04	0.1152	0.9139	NA
TAL1	0.2293	-7e-04	0.1199	0.8026	NA
TAL2	0.9378	-0.0033	0.1203	0.3735	NA
TALDO1	6861.2036	-0.0193	0.0937	0.6732	0.9707
TAMM41	216.3722	0.0097	0.1013	0.79	0.9836
TANC1	1307.4347	0.108	0.113	0.0174	0.6309
TANC2	47.1902	-0.0363	0.1124	0.109	0.8274
TANGO2	351.6019	0.018	0.099	0.6517	0.969
TANGO6	399.9723	-0.0011	0.099	0.9774	0.9959
TANK	318.3045	-0.0165	0.0997	0.6712	0.97
TAOK1	1966.6343	0.0625	0.1056	0.1056	0.8257
TAOK2	2541.3428	0.0741	0.0978	0.1078	0.8262
TAOK3	431.2273	0.0334	0.1008	0.3891	0.9162
TAP1	1701.0348	-0.0325	0.0932	0.4846	0.9322
TAP2	975.3996	0.0543	0.0963	0.2292	0.8832
TAPBP	3737.2727	-0.0336	0.0918	0.4804	0.932
TAPBPL	162.796	0.0019	0.1028	0.9559	0.9956
TAPSAR1	5.6824	-0.0031	0.1121	0.7282	0.9758
TAPT1	248.2554	-0.003	0.1009	0.9348	0.9943
TAPT1-AS1	18.3439	0.0021	0.1107	0.8836	0.9899
TARBP1	444.2959	-0.0097	0.0977	0.8133	0.985
TARBP2	847.4224	-0.0331	0.098	0.4307	0.9217
TARDBP	4892.3894	0.0208	0.0913	0.6633	0.969
TARS	3603.699	0.063	0.0929	0.1909	0.8684
TARS2	507.8456	0.0505	0.0995	0.2302	0.8841
TARSL2	335.1435	-0.0361	0.1011	0.3499	0.9067
TAS1R1	6.2739	2e-04	0.1119	0.9843	0.9967
TAS1R3	6.4743	0.0081	0.1125	0.3933	0.9168
TAS2R10	2.4162	0.0014	0.1131	0.8165	NA
TAS2R13	0.4899	1e-04	0.1193	0.9709	NA
TAS2R14	3.3056	0.0046	0.1134	0.4836	NA
TAS2R19	0.8187	0.0025	0.1212	0.4479	NA
TAS2R20	9.9471	-0.0011	0.1116	0.9197	0.9932
TAS2R3	0.5334	0.0017	0.1207	0.5726	NA
TAS2R31	0.5235	0.0016	0.1212	0.5943	NA
TAS2R4	2.572	0.0037	0.1139	0.5213	NA
TAS2R42	0.2729	9e-04	0.1202	0.7407	NA
TAS2R43	0.2289	-7e-04	0.1199	0.8029	NA
TAS2R5	3.78	0.0016	0.1125	0.8218	NA
TASP1	138.1461	-0.0059	0.1035	0.8566	0.988
TAT	0.4578	-0.0013	0.1206	0.6493	NA
TATDN1	354.5133	-0.0587	0.1043	0.132	0.8492
TATDN2	1261.791	0.0103	0.094	0.8201	0.985
TATDN3	132.1833	-0.0162	0.1041	0.6131	0.9588
TAX1BP1	2523.7008	0.0353	0.0935	0.447	0.9232
TAX1BP3	3656.9163	-0.093	0.1028	0.044	0.7463
TAZ	327.6239	-0.0389	0.1008	0.3235	0.9
TBC1D1	1667.0562	0.001	0.0926	0.9821	0.9961
TBC1D10A	227.452	0.028	0.1022	0.4399	0.9232
TBC1D10B	2427.6876	0.0246	0.0929	0.5964	0.9566
TBC1D10C	20.5782	-0.0387	0.122	0.0161	0.6309
TBC1D12	412.1252	-0.0233	0.0985	0.5675	0.9534
TBC1D13	1019.5595	0.0273	0.0961	0.5317	0.9434
TBC1D14	1568.0432	0.0682	0.1035	0.0996	0.821
TBC1D15	817.1914	-0.0065	0.0958	0.8807	0.9899
TBC1D16	848.8475	0.044	0.1048	0.2142	0.8774
TBC1D17	667.4426	0.0121	0.0974	0.7705	0.9794
TBC1D19	137.4201	0.0319	0.1052	0.3278	0.9003
TBC1D2	231.9311	0.0086	0.1021	0.8058	0.9839
TBC1D20	915.0593	0.0434	0.0954	0.3363	0.9028
TBC1D22A	627.6238	0.029	0.0972	0.4963	0.935
TBC1D22B	243.052	0.017	0.1011	0.6459	0.9672
TBC1D23	543.4748	0.0522	0.0987	0.2241	0.8832
TBC1D24	457.5497	0.0492	0.1028	0.203	0.8743
TBC1D25	289.5462	-0.01	0.1	0.7939	0.9836
TBC1D26	0.5	1e-04	0.1192	0.9719	NA
TBC1D28	2.9946	-0.001	0.1128	0.8785	NA
TBC1D2B	574.3902	0.0385	0.0982	0.3606	0.9102
TBC1D30	17.7508	-0.0053	0.1106	0.7208	0.9753
TBC1D31	169.9365	0.0174	0.1041	0.5867	0.9552
TBC1D32	79.924	-0.019	0.1076	0.4618	0.9265
TBC1D3H	1.9967	-0.0065	0.1266	0.1557	NA
TBC1D3P2	0.2729	9e-04	0.1202	0.7407	NA
TBC1D4	718.002	-0.0013	0.0976	0.9745	0.9959
TBC1D5	1095.3574	0.0342	0.0969	0.4284	0.9207
TBC1D7	298.9548	-0.0657	0.1071	0.0855	0.807
TBC1D8	1763.449	0.1368	0.1212	0.0059	0.4962
TBC1D8B	38.4374	-0.0114	0.1102	0.5182	0.9416
TBC1D9	926.2463	0.0516	0.1013	0.2024	0.8742
TBC1D9B	3665.8687	0.0659	0.0967	0.1513	0.8598
TBCA	1924.4161	-0.0781	0.1005	0.083	0.807
TBCB	2986.1112	-0.0449	0.0981	0.2934	0.899
TBCC	572.1443	-0.0112	0.0985	0.7811	0.9806
TBCCD1	382.231	-0.0385	0.0996	0.3429	0.9042
TBCD	1975.0796	-0.0211	0.0937	0.6448	0.9672
TBCE	437.5636	-6e-04	0.0976	0.9879	0.9972
TBCEL	617.1371	0.0486	0.0998	0.2421	0.886
TBCK	311.1237	-0.0153	0.1004	0.6857	0.9712
TBK1	764.8675	0.0219	0.0956	0.618	0.9593
TBKBP1	417.0247	0.0277	0.0985	0.4995	0.9355
TBL1X	1230.9722	0.0483	0.0977	0.267	0.89
TBL1XR1	1430.0223	0.0118	0.0933	0.7964	0.9839
TBL2	912.9804	0.031	0.095	0.49	0.9324
TBL3	1423.5238	0.0161	0.0939	0.7223	0.9755
TBP	469.237	0.0021	0.0976	0.96	0.9956
TBPL1	405.1754	-0.0126	0.0994	0.748	0.9765
TBR1	0.2295	-7e-04	0.1199	0.8025	NA
TBRG1	472.9586	0.0393	0.1031	0.2845	0.8965
TBRG4	2104.2163	0.0406	0.0931	0.386	0.9162
TBX1	29.8504	-0.0069	0.1097	0.7041	0.9724
TBX15	135.1296	0.009	0.1037	0.7784	0.9806
TBX18	349.0808	0.0268	0.0994	0.5009	0.9355
TBX19	44.5954	0.0156	0.1088	0.4817	0.932
TBX2	10.2082	-0.0046	0.1115	0.6824	0.9712
TBX3	117.0805	0.0059	0.1042	0.8489	0.9868
TBX6	25.4319	-0.0013	0.1097	0.9405	0.9946
TBXA2R	107.0679	-0.0478	0.1108	0.105	0.8257
TBXAS1	5.0707	0.0035	0.1123	0.6649	0.969
TC2N	72.1271	-0.0244	0.1081	0.3468	0.9066
TCAIM	522.3097	-0.056	0.0995	0.1904	0.8684
TCAP	2.1376	-0.0053	0.1176	0.2916	NA
TCEA1	6718.5689	0.0027	0.0906	0.9559	0.9956
TCEA2	36.0704	-7e-04	0.1088	0.9713	0.9959
TCEA3	364.8908	-0.2226	0.2065	2e-04	0.1378
TCEAL1	190.1628	-0.0484	0.1061	0.1667	0.8611
TCEAL3	235.078	-0.0455	0.1048	0.2035	0.8747
TCEAL4	932.8956	-0.0699	0.0986	0.1208	0.8309
TCEAL5	0.2289	-7e-04	0.1199	0.8029	NA
TCEAL7	1413.6489	-0.2751	0.204	1e-04	0.0988
TCEAL8	609.7896	-0.0934	0.1066	0.0364	0.7445
TCEANC	58.0177	-0.0195	0.1083	0.4246	0.9204
TCEANC2	123.5734	0.0134	0.1046	0.6641	0.969
TCEB1	1212.566	-0.0557	0.102	0.1691	0.8611
TCEB2	2491.7521	-0.0291	0.0979	0.4862	0.9323
TCEB3	1573.4876	0.0088	0.0944	0.8439	0.986
TCEB3B	0.4894	1e-04	0.1193	0.9704	NA
TCEB3CL	1.3149	0.0051	0.1231	0.2259	NA
TCERG1	1594.847	0.1223	0.1151	0.0106	0.5597
TCERG1L	0.2729	9e-04	0.1202	0.7407	NA
TCF12	2730.1311	0.0236	0.0956	0.5911	0.9562
TCF15	22.9767	-0.0023	0.1101	0.8863	0.9899
TCF19	1442.3805	-0.0467	0.0939	0.3162	0.9
TCF20	1321.935	0.0713	0.1059	0.0775	0.8033
TCF24	8.4623	1e-04	0.1115	0.9891	0.9972
TCF25	2035.4598	-0.0231	0.093	0.6186	0.9593
TCF3	2749.0062	0.0336	0.0922	0.4781	0.932
TCF4	1.2831	0.003	0.1166	0.4826	NA
TCF7	71.8471	-0.0068	0.1066	0.7951	0.9839
TCF7L1	1692.3258	0.0675	0.0951	0.1519	0.8598
TCF7L2	629.1529	0.0601	0.0988	0.1697	0.8611
TCFL5	504.5965	-0.0519	0.0991	0.2229	0.8832
TCHH	7.392	0.0056	0.112	0.5742	0.9544
TCHHL1	0.2605	9e-04	0.1202	0.7459	NA
TCHP	395.2352	0.0168	0.0993	0.6698	0.9698
TCIRG1	628.2299	-0.0216	0.0972	0.6086	0.9583
TCL1B	2.022	0.0022	0.1136	0.6901	NA
TCL6	0.2608	9e-04	0.1202	0.7457	NA
TCN1	1.2627	9e-04	0.1153	0.8199	NA
TCN2	423.3449	-0.0416	0.0997	0.3092	0.8998
TCOF1	4032.6207	0.0899	0.104	0.0463	0.7463
TCP1	7370.325	-0.0344	0.091	0.4757	0.9312
TCP10L	0.7627	9e-04	0.1175	0.7783	NA
TCP11	1.2634	9e-04	0.1153	0.8204	NA
TCP11L1	289.4141	0.0512	0.1048	0.1654	0.8611
TCP11L2	24.3546	-0.002	0.1103	0.8988	0.9907
TCTA	606.8274	-0.1357	0.1268	0.0051	0.483
TCTE1	0.5002	1e-04	0.1192	0.972	NA
TCTE3	0.2208	-7e-04	0.1198	0.8159	NA
TCTEX1D2	237.5234	-0.093	0.121	0.0156	0.6309
TCTEX1D4	8.0687	0.0073	0.1126	0.4107	0.9191
TCTN1	546.9364	-0.0492	0.0992	0.2438	0.8863
TCTN2	424.7138	0.0382	0.0994	0.3494	0.9067
TCTN3	1954.9638	-0.0079	0.0925	0.8651	0.9887
TDG	1176.354	0.0198	0.094	0.6639	0.969
TDO2	4.5767	-0.0093	0.1152	0.2045	NA
TDP1	256.9557	-0.0158	0.1008	0.6719	0.9707
TDP2	857.1008	-0.0434	0.096	0.3308	0.901
TDRD12	1.1645	-0.0043	0.1212	0.293	NA
TDRD3	167.3932	-0.0122	0.1029	0.7169	0.9748
TDRD5	1.3667	0.0017	0.1155	0.6777	NA
TDRD6	0.5334	0.0017	0.1207	0.5726	NA
TDRD7	341.6646	-0.0081	0.0997	0.8328	0.9854
TDRD9	0.7315	-6e-04	0.1174	0.8536	NA
TDRKH	120.6549	-0.0409	0.1075	0.1924	0.8684
TDRP	81.8853	0.0138	0.1066	0.6073	0.9581
TEAD1	3129.0068	0.0368	0.0991	0.3699	0.9111
TEAD2	1267.2865	-0.0439	0.0966	0.3205	0.9
TEAD3	898.0087	0.0388	0.0951	0.3897	0.9162
TEAD4	1577.888	0.0386	0.0933	0.4076	0.9187
TEC	538.6934	0.054	0.0994	0.2041	0.8747
TECPR1	331.213	-0.0022	0.1001	0.9535	0.9956
TECPR2	843.4589	0.0537	0.1027	0.1737	0.8611
TECR	1663.5996	-0.042	0.0965	0.3398	0.9032
TECTA	4.3883	-0.0059	0.1129	0.4536	NA
TEF	189.6242	0.0217	0.1034	0.5205	0.9416
TEFM	180.3602	-0.0443	0.1052	0.2068	0.8757
TEK	2.8381	0.0012	0.1132	0.8355	NA
TEKT2	27.6859	-0.0285	0.1128	0.1176	0.8296
TEKT3	0.751	-6e-04	0.1173	0.8459	NA
TEKT4P2	103.4242	-0.0613	0.1158	0.0402	0.7463
TELO2	1999.8867	0.0207	0.093	0.6555	0.969
TEN1	236.0547	0.0019	0.1022	0.9554	0.9956
TEN1-CDK3	32.8521	-0.0045	0.1097	0.8005	0.9839
TENC1	410.4258	0.0058	0.0989	0.8839	0.9899
TENM1	0.5019	1e-04	0.1192	0.9643	NA
TENM2	13.1458	0.0074	0.1112	0.5793	0.9552
TENM3	1.7663	0.0012	0.114	0.8059	NA
TENM4	2.8324	0.0052	0.1138	0.4173	NA
TEP1	284.2429	0.0641	0.1074	0.0881	0.8072
TERC	6.0269	-0.0056	0.1122	0.5423	0.9465
TERF1	696.5772	-0.0214	0.0959	0.6235	0.9617
TERF2	620.445	0.0357	0.0967	0.4114	0.9198
TERF2IP	1226.8041	0.0228	0.0941	0.6157	0.959
TERT	14.2525	0.004	0.1109	0.77	0.9792
TES	3821.4651	0.0024	0.0911	0.9606	0.9956
TESC	42.8196	-0.0101	0.109	0.6267	0.9634
TESK1	779.2531	0.0323	0.0971	0.4509	0.9232
TESK2	21.6302	-0.0037	0.1102	0.8212	0.9851
TET1	126.5855	0.0291	0.1062	0.3397	0.9032
TET2	622.0906	0.0619	0.1061	0.1043	0.8247
TET3	901.5892	0.0582	0.1027	0.1483	0.8598
TEX10	905.9739	0.0391	0.0957	0.3804	0.9133
TEX12	0.2605	9e-04	0.1202	0.7459	NA
TEX14	0.273	0.001	0.1202	0.7406	NA
TEX15	1.2206	-5e-04	0.1147	0.9037	NA
TEX19	43.2396	-0.0249	0.1102	0.2571	0.89
TEX2	786.2718	0.0167	0.098	0.6842	0.9712
TEX21P	3.5445	0.0026	0.1126	0.7202	NA
TEX22	4.1103	-0.0061	0.1134	0.4023	NA
TEX261	1874.8322	-0.0449	0.0935	0.3365	0.9028
TEX264	915.4918	-0.0605	0.1	0.1586	0.8611
TEX29	0.2605	9e-04	0.1202	0.7459	NA
TEX30	409.054	-0.0533	0.1033	0.1706	0.8611
TEX40	20.8273	-0.0107	0.1109	0.4783	0.932
TEX9	55.9224	-0.0063	0.1074	0.7939	0.9836
TFAM	1105.7095	-0.0193	0.0947	0.6662	0.969
TFAP2A	1491.0332	0.0565	0.0944	0.2268	0.8832
TFAP2A-AS1	34.4426	-0.0212	0.1105	0.2845	0.8965
TFAP2C	8.1845	8e-04	0.1116	0.9366	0.9946
TFAP2E	12.7668	-0.0019	0.1111	0.8819	0.9899
TFAP4	249.9582	0.0051	0.1006	0.8913	0.9899
TFB1M	177.5103	-0.0142	0.1026	0.6798	0.9708
TFB2M	474.5643	0.0102	0.0972	0.8082	0.9839
TFCP2	993.6989	0.0042	0.0942	0.9248	0.9934
TFCP2L1	16.3227	0.0204	0.1127	0.1571	0.8607
TFDP1	3753.8973	-0.0141	0.0911	0.7677	0.9791
TFDP2	1248.2117	-0.0024	0.0938	0.9577	0.9956
TFE3	1698.3613	-0.0047	0.0926	0.9188	0.9932
TFEB	55.2085	-0.0126	0.1078	0.601	0.9581
TFEC	6.3437	0.0027	0.1121	0.7587	0.9791
TFF1	3.17	0.006	0.1143	0.3495	NA
TFF2	4.778	-0.009	0.1139	0.2599	0.89
TFF3	18.1981	-0.0126	0.1111	0.4043	0.9185
TFG	2938.5898	-0.0126	0.0923	0.788	0.9832
TFIP11	808.9011	0.0531	0.0967	0.2362	0.886
TFPI	1963.7893	-0.0021	0.0924	0.9643	0.9956
TFPI2	17239.6393	-0.0286	0.0925	0.543	0.9465
TFPT	225.4467	-0.0244	0.1042	0.4581	0.9255
TFR2	25.7412	0.009	0.1101	0.6037	0.9581
TFRC	8513.1252	0.0213	0.0948	0.6337	0.965
TG	0.9959	0.0038	0.1213	0.3256	NA
TGDS	249.437	-0.0247	0.101	0.5113	0.9399
TGFA	1.2396	9e-04	0.1154	0.8156	NA
TGFB1	1706.1992	-0.0225	0.0952	0.6118	0.9585
TGFB1I1	861.5793	1e-04	0.0962	0.9988	0.9994
TGFB2	2.9504	-0.0029	0.1129	0.6681	NA
TGFB3	226.3599	0.0065	0.101	0.8591	0.9881
TGFBI	1.0154	3e-04	0.1152	0.9474	NA
TGFBR1	986.1766	0.0016	0.0958	0.9715	0.9959
TGFBR2	1011.759	0.0615	0.1011	0.1444	0.8598
TGFBR3	2181.6106	0.0854	0.1052	0.0506	0.7518
TGFBR3L	143.243	-0.0293	0.105	0.3661	0.9102
TGFBRAP1	666.3458	0.0387	0.0986	0.3536	0.908
TGIF1	1440.741	0.0035	0.0937	0.9379	0.9946
TGIF2	814.6373	-0.0091	0.0949	0.8375	0.9854
TGIF2-C20orf24	17.1215	-0.0138	0.1115	0.3355	0.9028
TGM1	110.556	-0.0279	0.1064	0.3493	0.9067
TGM2	1268.3768	0.0156	0.0951	0.7245	0.9755
TGM3	32.8486	-0.0082	0.1094	0.6711	0.97
TGM4	1.2099	-0.0021	0.1166	0.5983	NA
TGM5	0.4687	-0.0013	0.1206	0.6447	NA
TGM7	4.8342	-0.0073	0.113	0.3727	0.9118
TGOLN2	5249.0622	0.0501	0.0949	0.2752	0.8936
TGS1	748.0296	0.0246	0.0976	0.5569	0.9507
TH	0.2298	-7e-04	0.1199	0.8022	NA
THADA	586.9094	-0.0396	0.0972	0.36	0.9098
THAP1	230.8568	-0.0108	0.1009	0.7688	0.9791
THAP10	168.0538	-0.0104	0.1029	0.758	0.9789
THAP11	1355.3892	-0.0046	0.0959	0.9145	0.9932
THAP2	64.7809	-0.0248	0.1085	0.3268	0.9003
THAP3	509.5765	-0.0091	0.0994	0.8157	0.985
THAP4	1436.246	-0.0584	0.1021	0.1521	0.8598
THAP5	911.9706	-0.0221	0.0947	0.6227	0.9613
THAP6	268.2712	-0.0163	0.1002	0.6698	0.9698
THAP7	581.2196	-0.067	0.102	0.1134	0.8296
THAP7-AS1	15.8918	-0.0146	0.1121	0.2685	0.89
THAP8	143.1226	-0.012	0.1034	0.7155	0.9743
THAP9	70.2117	-0.0038	0.1065	0.884	0.9899
THAP9-AS1	440.5629	-0.0216	0.0978	0.603	0.9581
THBD	0.4783	-0.0014	0.1207	0.6409	NA
THBS1	8044.7906	0.1382	0.1212	0.0056	0.4962
THBS2	2.4703	-0.0012	0.113	0.8411	NA
THBS3	1244.88	0.0072	0.0938	0.8742	0.9894
THBS4	2.3091	0.0033	0.1136	0.5816	NA
THEM4	178.2011	-0.0513	0.1062	0.1491	0.8598
THEM6	269.2198	-0.0709	0.1073	0.0713	0.7848
THEMIS2	42.4495	0.015	0.1092	0.4811	0.932
THG1L	246.2261	0.0143	0.1008	0.7002	0.9724
THNSL1	200.3681	-0.0212	0.1021	0.5529	0.949
THNSL2	4.4831	0.0021	0.1123	0.7924	NA
THOC1	510.115	-0.0228	0.0982	0.5793	0.9552
THOC2	1471.005	0.0213	0.0995	0.5881	0.9552
THOC3	1695.5313	-0.0135	0.0936	0.7679	0.9791
THOC5	736.6121	-0.041	0.0964	0.3523	0.908
THOC6	1089.1519	-0.028	0.0969	0.5127	0.9404
THOC7	739.1934	-0.0922	0.112	0.0283	0.6907
THOP1	2226.3905	-0.0226	0.0937	0.6215	0.961
THPO	0.2289	-7e-04	0.1199	0.8029	NA
THRA	237.8557	0.0265	0.103	0.4501	0.9232
THRAP3	4623.5157	0.1271	0.1088	0.0112	0.5624
THRB	114.6108	0.0249	0.1054	0.4209	0.9204
THRB-AS1	0.96	-0.0029	0.1209	0.4117	NA
THRSP	0.5479	0.0016	0.1213	0.5856	NA
THSD1	118.5227	0.026	0.1053	0.4068	0.9185
THSD4	274.1667	0.0235	0.1034	0.4881	0.9323
THSD7A	1714.3616	0.1235	0.1429	0.0031	0.4115
THSD7B	4.9123	-0.004	0.1123	0.6336	0.9649
THTPA	308.9716	-0.0384	0.1017	0.3147	0.9
THUMPD1	938.63	0.0229	0.0949	0.608	0.9583
THUMPD2	163.293	-0.0357	0.1055	0.2783	0.8951
THUMPD3	1377.4261	0.0179	0.0938	0.6942	0.9722
THUMPD3-AS1	38.7981	-0.0163	0.1099	0.4069	0.9185
THYN1	405.2018	-0.0761	0.1059	0.066	0.7756
TIA1	1040.6856	-0.0142	0.0951	0.7488	0.9769
TIAF1	192.802	-0.008	0.1212	0.1521	0.8598
TIAL1	1874.3387	-0.0044	0.0924	0.9254	0.9934
TIAM1	14.3554	0.0112	0.112	0.3451	0.9054
TIAM2	45.5492	-0.0024	0.1089	0.9034	0.9911
TICAM1	342.5852	0.0287	0.1005	0.4589	0.9259
TICAM2	28.7056	-0.0229	0.1146	0.0814	0.807
TICRR	656.4636	0.0536	0.1015	0.187	0.8684
TIE1	5.1233	0.0041	0.1123	0.6261	0.9631
TIFA	251.8417	-0.0617	0.1059	0.107	0.826
TIGD1	69.2824	0.0057	0.1067	0.8274	0.9854
TIGD2	150.9777	-0.032	0.1046	0.3393	0.9032
TIGD3	44.9524	-0.0111	0.1086	0.6104	0.9583
TIGD4	18.4605	-0.0019	0.1104	0.9032	0.9911
TIGD5	551.1839	0.0069	0.0975	0.8681	0.9889
TIGD6	148.5274	-0.0085	0.1032	0.7964	0.9839
TIGD7	43.5063	0.0125	0.1087	0.5684	0.9537
TIGIT	0.96	-0.0029	0.1209	0.4117	NA
TIMD4	6.6917	-6e-04	0.1119	0.9526	0.9956
TIMELESS	2698.3149	0.0497	0.0966	0.2645	0.89
TIMM10	859.3321	-0.0764	0.1048	0.0701	0.7804
TIMM10B	561.9217	0.0025	0.0963	0.9527	0.9956
TIMM13	3037.3538	-0.0467	0.0992	0.2654	0.89
TIMM17A	1921.1454	-0.0327	0.0953	0.4635	0.9268
TIMM17B	1583.1108	-0.0474	0.0997	0.2532	0.8882
TIMM21	881.4664	-0.0374	0.0955	0.4033	0.9185
TIMM22	952.6952	-0.0198	0.0958	0.6503	0.9682
TIMM23	1806.2348	-0.009	0.094	0.8428	0.986
TIMM44	1333.2466	0.0102	0.094	0.8212	0.9851
TIMM50	1941.1144	-0.0141	0.0949	0.7517	0.9779
TIMM8A	246.8909	-0.0022	0.1008	0.9524	0.9956
TIMM8B	1681.2073	-0.0485	0.0979	0.2627	0.89
TIMM9	409.1819	-0.0263	0.1017	0.4753	0.9312
TIMMDC1	868.9198	-0.0749	0.0997	0.0966	0.821
TIMP1	1249.6842	-0.0336	0.0972	0.4322	0.9224
TIMP2	13661.9961	0.042	0.0906	0.3882	0.9162
TIMP3	0.2395	-7e-04	0.1199	0.798	NA
TIMP4	10.2219	0.0094	0.112	0.4039	0.9185
TINAGL1	19.1929	-0.002	0.1103	0.897	0.9907
TINCR	22.451	0.0025	0.1101	0.8764	0.9899
TINF2	587.3496	-0.0474	0.0985	0.2669	0.89
TIPARP	250.6652	0.0325	0.1016	0.3884	0.9162
TIPARP-AS1	0.261	9e-04	0.1202	0.7456	NA
TIPIN	256.7413	-0.0138	0.1012	0.7057	0.9724
TIPRL	919.4786	-0.0141	0.0944	0.7531	0.9783
TIRAP	179.1707	0.018	0.1027	0.6012	0.9581
TJAP1	684.1583	0.0042	0.0959	0.9235	0.9934
TJP1	3321.029	0.0884	0.1042	0.0483	0.7463
TJP2	4652.884	0.068	0.0971	0.1381	0.8585
TJP3	207.2647	0.0137	0.1017	0.7028	0.9724
TK1	3682.6973	-0.0494	0.0966	0.2672	0.89
TK2	270.2644	-0.0171	0.1003	0.6544	0.969
TKT	42329.3175	0.0799	0.0931	0.1045	0.8247
TKTL1	0.2289	-7e-04	0.1199	0.8029	NA
TLCD1	202.7829	-0.031	0.1045	0.3547	0.9083
TLCD2	115.4146	-0.0358	0.1068	0.2488	0.8873
TLDC1	648.1975	0.0266	0.1004	0.4913	0.9331
TLDC2	3.791	0.0034	0.1126	0.6485	NA
TLE1	660.4519	0.0492	0.0972	0.2634	0.89
TLE2	1233.2732	-0.0079	0.0945	0.8591	0.9881
TLE3	1084.1614	0.097	0.1026	0.0387	0.7463
TLE4	86.2765	-0.0095	0.1058	0.7353	0.976
TLE6	7.1755	-0.0025	0.1118	0.7982	0.9839
TLK1	1015.4594	0.0625	0.0985	0.1582	0.861
TLK2	940.0174	-0.0018	0.0957	0.9671	0.9956
TLL2	26.7188	0.0023	0.1098	0.8928	0.9899
TLN1	11494.6698	0.106	0.1158	0.0161	0.6309
TLN2	5102.5034	0.0865	0.1074	0.0434	0.7463
TLR1	5.2366	-0.0011	0.1121	0.902	0.991
TLR2	21.8459	0.0016	0.1102	0.9222	0.9933
TLR3	11.1218	-0.003	0.1112	0.8069	0.9839
TLR4	0.2606	9e-04	0.1202	0.7458	NA
TLR5	9.9365	9e-04	0.1114	0.9352	0.9943
TLR6	0.5211	0.0016	0.1212	0.5955	NA
TLR8	0.9169	-0.0027	0.1209	0.4286	NA
TLR8-AS1	3.1342	-0.0054	0.1137	0.4174	NA
TLR9	1.1892	-0.0024	0.1161	0.5699	NA
TLX1	8.1221	-0.0056	0.1118	0.5986	0.9572
TLX2	31.6553	-0.0097	0.1094	0.6164	0.9592
TLX3	116.0513	-0.0068	0.1055	0.8109	0.9847
TM2D1	324.321	-0.049	0.1021	0.2132	0.8774
TM2D2	1115.5306	-0.0593	0.0971	0.1876	0.8684
TM2D3	563.7174	-0.013	0.098	0.7504	0.977
TM4SF1	4381.3111	-0.0077	0.0927	0.869	0.9889
TM4SF1-AS1	4.144	-0.0106	0.1176	0.1359	NA
TM4SF18	860.6408	-0.0545	0.0965	0.2263	0.8832
TM4SF19	0.4578	-0.0013	0.1206	0.6493	NA
TM4SF19-AS1	0.9581	-0.0014	0.1169	0.7008	NA
TM4SF20	0.2731	0.001	0.1202	0.7404	NA
TM4SF4	33.5027	-6e-04	0.1092	0.976	0.9959
TM4SF5	0.8187	0.0025	0.1212	0.4479	NA
TM6SF1	41.7023	-0.0189	0.1095	0.3806	0.9133
TM6SF2	6.3313	0.004	0.112	0.6768	0.9708
TM7SF2	1057.7553	-0.0646	0.1007	0.132	0.8492
TM7SF3	2208.1691	-0.0208	0.0921	0.6589	0.969
TM9SF1	1178.8078	-0.0266	0.0942	0.559	0.9508
TM9SF2	4333.1967	-0.0178	0.0909	0.711	0.9731
TM9SF3	3916.8653	0.0224	0.0917	0.637	0.9657
TM9SF4	2287.7962	0.0605	0.0938	0.2021	0.874
TMA16	363.3641	-0.0433	0.1017	0.2663	0.89
TMA7	3031.3847	-0.078	0.1016	0.0788	0.8039
TMBIM1	5883.2274	0.0546	0.0919	0.2583	0.89
TMBIM4	739.3274	-0.1295	0.121	0.0072	0.516
TMBIM6	10808.6493	-0.0017	0.0903	0.972	0.9959
TMC1	1.72	-5e-04	0.1138	0.9232	NA
TMC3	0.2289	-7e-04	0.1199	0.8029	NA
TMC4	16.2045	-0.0148	0.112	0.2749	0.8936
TMC5	2.5049	-0.0066	0.1183	0.2237	NA
TMC6	1674.1355	0.0041	0.0925	0.9291	0.9937
TMC7	140.1119	0.0468	0.1099	0.1206	0.8309
TMC8	139.8202	0.018	0.104	0.5786	0.9552
TMCC1	601.0461	0.0342	0.0986	0.4084	0.9187
TMCC1-AS1	41.2733	-0.0077	0.1085	0.7207	0.9753
TMCC2	92.7132	-0.0059	0.106	0.8298	0.9854
TMCC3	116.8602	0.0215	0.1052	0.4847	0.9322
TMCO1	1298.253	-0.0501	0.0979	0.2493	0.8873
TMCO3	2412.8138	0.0121	0.0917	0.7983	0.9839
TMCO4	174.9721	-0.0241	0.1032	0.4831	0.932
TMCO6	89.5422	-0.0307	0.1077	0.2806	0.8964
TMED1	848.6497	-0.028	0.0978	0.5037	0.9369
TMED10	6231.2323	-0.0093	0.0905	0.847	0.9866
TMED10P1	30.4601	0.0227	0.1115	0.2107	0.8773
TMED2	5736.1685	-0.0464	0.0915	0.336	0.9028
TMED3	1924.019	-0.0266	0.0958	0.544	0.9472
TMED4	937.8058	0.0103	0.0944	0.8181	0.985
TMED5	3894.8728	-0.0493	0.0932	0.2964	0.8992
TMED6	4.2034	-0.0015	0.1123	0.8445	NA
TMED7	2815.5124	-0.0107	0.0921	0.8195	0.985
TMED7-TICAM2	69.8904	0.0185	0.11	0.3572	0.9092
TMED8	189.6446	0.0078	0.112	0.4613	0.9264
TMED9	5576.3166	0.0307	0.092	0.5172	0.9416
TMEFF1	131.5724	0.0152	0.104	0.6346	0.9653
TMEFF2	54.6081	-0.0127	0.1079	0.5945	0.9562
TMEM100	0.2401	-7e-04	0.1199	0.7974	NA
TMEM101	5.347	-0.0073	0.1127	0.4012	0.9185
TMEM102	220.8419	-0.0011	0.1012	0.9757	0.9959
TMEM104	630.2628	0.0391	0.0968	0.3703	0.9111
TMEM105	0.2293	-7e-04	0.1199	0.8026	NA
TMEM106A	60.8939	-0.0185	0.1082	0.4476	0.9232
TMEM106B	1280.1185	-0.0317	0.0949	0.4808	0.932
TMEM106C	2300.7969	-0.0674	0.0964	0.1451	0.8598
TMEM107	141.2706	-0.0384	0.1084	0.1923	0.8684
TMEM109	2708.4013	-0.0046	0.0925	0.9218	0.9933
TMEM11	830.3453	-0.0104	0.0971	0.8044	0.9839
TMEM110	548.7568	0.0197	0.097	0.6408	0.9658
TMEM110-MUSTN1	24.1093	-2e-04	0.114	0.9625	0.9956
TMEM115	1360.3004	-0.0091	0.0943	0.8403	0.986
TMEM116	85.1479	-0.0098	0.106	0.723	0.9755
TMEM117	200.2651	-0.0095	0.102	0.7862	0.9829
TMEM119	0.2608	9e-04	0.1202	0.7457	NA
TMEM120A	390.5114	-0.0545	0.1025	0.171	0.8611
TMEM120B	1419.5091	0.0744	0.0983	0.1047	0.825
TMEM121	250.35	-0.0418	0.1039	0.2462	0.8873
TMEM123	1774.8386	-0.0171	0.0937	0.7086	0.9731
TMEM125	47.1677	-0.0127	0.1084	0.5761	0.9552
TMEM126A	319.4494	-0.0541	0.1036	0.1618	0.8611
TMEM126B	405.7903	-0.0731	0.1067	0.0694	0.7804
TMEM127	1485.4408	0.0634	0.0952	0.1747	0.8611
TMEM128	424.3016	-0.0524	0.103	0.1789	0.8627
TMEM129	524.4517	-0.1313	0.1255	0.0059	0.4962
TMEM130	8.5617	-0.0089	0.1121	0.4077	0.9187
TMEM131	1879.7124	0.0749	0.1035	0.0791	0.8052
TMEM132A	2550.5664	-7e-04	0.093	0.9886	0.9972
TMEM132B	1.7703	0.0014	0.1136	0.7927	NA
TMEM132E	0.2317	-7e-04	0.1199	0.8066	NA
TMEM133	105.7967	-0.028	0.1066	0.3441	0.905
TMEM134	395.1771	-0.0125	0.1002	0.7433	0.9761
TMEM135	577.6484	-0.05	0.0983	0.2461	0.8873
TMEM136	182.5105	-0.0046	0.1024	0.8941	0.9901
TMEM138	418.481	-0.0573	0.1032	0.1486	0.8598
TMEM139	1045.1934	-0.0361	0.0964	0.4099	0.9188
TMEM140	274.9758	0.0461	0.1075	0.1597	0.8611
TMEM141	799.5027	-0.0899	0.1063	0.0412	0.7463
TMEM143	103.3023	-0.0348	0.1072	0.2496	0.8873
TMEM144	7.4982	-0.0072	0.1122	0.4642	0.9271
TMEM145	1.0158	3e-04	0.1152	0.9466	NA
TMEM147	1711.3395	-0.0256	0.0988	0.5279	0.9418
TMEM14A	397.5088	-0.1012	0.1245	0.011	0.5624
TMEM14B	1089.3864	-0.0942	0.1072	0.0345	0.7282
TMEM14C	2377.3542	-0.0859	0.0997	0.0649	0.7734
TMEM150A	161.6824	-0.0243	0.1048	0.4463	0.9232
TMEM150C	3.0679	0.0056	0.1141	0.3833	NA
TMEM151A	5.4728	-4e-04	0.112	0.9615	0.9956
TMEM151B	0.7418	-7e-04	0.1166	0.8356	NA
TMEM158	68.9	0.0236	0.108	0.3644	0.9102
TMEM159	95.0165	-0.0359	0.1079	0.2226	0.8832
TMEM160	1506.2308	-0.0847	0.1097	0.0401	0.7463
TMEM161A	815.4413	-0.0269	0.0985	0.5108	0.9399
TMEM161B	270.4386	0.0448	0.1025	0.2414	0.886
TMEM161B-AS1	24.5866	-0.0186	0.1111	0.2886	0.8971
TMEM163	0.2301	-7e-04	0.1199	0.8019	NA
TMEM164	1067.0695	0.0606	0.1068	0.1037	0.8247
TMEM165	2113.1896	-0.0631	0.0952	0.1766	0.8611
TMEM167A	5822.0458	0.0193	0.0911	0.6868	0.9712
TMEM167B	477.5421	-0.0053	0.0972	0.8992	0.9908
TMEM168	656.3239	-0.0103	0.0992	0.7942	0.9838
TMEM169	12.539	-0.0041	0.1112	0.7382	0.9761
TMEM17	102.7954	-0.0239	0.1062	0.4159	0.9204
TMEM170A	192.2118	0.0575	0.1096	0.0905	0.8073
TMEM170B	708.3667	0.0058	0.098	0.8867	0.9899
TMEM171	2.6138	-0.0031	0.1137	0.5923	NA
TMEM173	2472.5089	-0.0253	0.0941	0.5779	0.9552
TMEM175	258.9774	-0.0514	0.1057	0.1545	0.8598
TMEM177	315.7592	0.0015	0.1008	0.9679	0.9956
TMEM178A	734.3521	-0.0333	0.0963	0.4464	0.9232
TMEM178B	25.3951	0.0128	0.1103	0.4648	0.9275
TMEM179	0.2394	-7e-04	0.1199	0.7981	NA
TMEM179B	605.8029	-0.0497	0.102	0.2086	0.8772
TMEM18	389.5831	-0.0233	0.1001	0.5471	0.9486
TMEM180	57.9887	-0.0528	0.1172	0.0332	0.718
TMEM181	823.8544	0.0271	0.0977	0.5184	0.9416
TMEM182	29.1919	-0.0154	0.1104	0.3957	0.9174
TMEM183A	2403.0069	-0.0155	0.0921	0.7413	0.9761
TMEM183B	16.9494	-0.0094	0.1109	0.5228	0.9416
TMEM184A	180.5536	9e-04	0.1032	0.9781	0.9959
TMEM184B	2845.4126	0.0682	0.094	0.1536	0.8598
TMEM184C	752.311	0.0494	0.0999	0.2343	0.886
TMEM185A	449.4328	-0.0303	0.1008	0.4301	0.9212
TMEM185B	1266.9753	0.0384	0.0941	0.4039	0.9185
TMEM186	186.2157	-0.021	0.1036	0.5281	0.9418
TMEM187	125.458	-0.0584	0.1139	0.0541	0.759
TMEM189	1272.5389	0.0348	0.0942	0.4463	0.9232
TMEM189-UBE2V1	3.6859	0.001	0.1131	0.8619	NA
TMEM19	632.4387	-0.0759	0.1007	0.0885	0.8072
TMEM190	1.7345	-4e-04	0.1139	0.9307	NA
TMEM191A	26.3994	-0.0249	0.1125	0.1419	0.8598
TMEM191B	13.4415	0.001	0.1111	0.9388	0.9946
TMEM191C	13.1814	-0.0143	0.1121	0.2721	0.891
TMEM192	802.6466	-0.0113	0.0951	0.7992	0.9839
TMEM194A	1181.4816	0.0142	0.096	0.7421	0.9761
TMEM194B	242.4724	0.0027	0.102	0.9384	0.9946
TMEM198	103.1537	-0.0251	0.1061	0.4004	0.9185
TMEM198B	53.0269	-9e-04	0.1075	0.9684	0.9956
TMEM199	492.7507	-6e-04	0.0972	0.9893	0.9972
TMEM2	2406.9516	0.0784	0.1032	0.0713	0.7848
TMEM200A	0.2294	-7e-04	0.1199	0.8025	NA
TMEM200B	628.1279	-0.017	0.0961	0.6951	0.9722
TMEM200C	0.8015	-7e-04	0.1171	0.8277	NA
TMEM201	1030.5079	0.0691	0.0974	0.1312	0.8492
TMEM203	931.329	-0.015	0.0968	0.7244	0.9755
TMEM204	1.7218	-0.0017	0.1148	0.7063	NA
TMEM205	1062.1251	-0.0675	0.1038	0.1007	0.821
TMEM206	252.4191	-0.0203	0.1009	0.5883	0.9553
TMEM208	632.8435	-0.0066	0.0986	0.8688	0.9889
TMEM209	773.7255	0.0258	0.0959	0.5561	0.9507
TMEM214	1957.6665	0.0739	0.0959	0.1175	0.8296
TMEM216	119.7592	-0.0289	0.1059	0.3495	0.9067
TMEM217	5.4876	0.0015	0.1122	0.86	0.9881
TMEM218	226.1168	-0.132	0.1451	0.0027	0.3923
TMEM219	927.7561	-0.1037	0.1167	0.0163	0.6309
TMEM220	26.2142	-0.0411	0.1199	0.0196	0.6425
TMEM220-AS1	0.6975	-0.0023	0.12	0.495	NA
TMEM221	32.9836	-0.0072	0.1093	0.7107	0.9731
TMEM222	538.5986	-0.0625	0.1013	0.138	0.8585
TMEM223	208.1289	-0.0804	0.1151	0.0307	0.707
TMEM229B	18.5228	-0.0128	0.1111	0.4034	0.9185
TMEM230	2045.2272	-0.0883	0.1019	0.054	0.759
TMEM231	384.5227	0.0079	0.0983	0.8449	0.986
TMEM232	0.9093	-0.0032	0.1203	0.3883	NA
TMEM234	234.3931	-0.0256	0.1036	0.4514	0.9232
TMEM236	0.273	0.001	0.1202	0.7406	NA
TMEM237	362.8428	-0.0215	0.0989	0.593	0.9562
TMEM238	138.3448	-0.028	0.1068	0.3374	0.903
TMEM240	1.7696	0.0012	0.1139	0.8097	NA
TMEM241	99.4797	-0.0351	0.1089	0.2049	0.8747
TMEM242	283.869	-0.0215	0.1013	0.561	0.9516
TMEM243	263.4058	-0.0948	0.1192	0.0172	0.6309
TMEM245	2255.2578	0.0248	0.0965	0.5661	0.9531
TMEM248	2373.907	0.0358	0.0924	0.4482	0.9232
TMEM249	9.3233	0.0045	0.1116	0.6854	0.9712
TMEM25	380.8679	-0.0016	0.0981	0.9692	0.9956
TMEM251	453.0728	-0.0523	0.1021	0.1892	0.8684
TMEM252	3.939	-7e-04	0.1125	0.9182	NA
TMEM253	5.4375	2e-04	0.112	0.9808	0.9961
TMEM254	282.354	-0.0804	0.1093	0.0466	0.7463
TMEM254-AS1	4.7315	-0.0029	0.1124	0.7122	0.9733
TMEM255A	9.9671	-0.0034	0.1114	0.7669	0.9791
TMEM256	639.2138	-0.1042	0.116	0.0167	0.6309
TMEM256-PLSCR3	9.1608	0.0012	0.1193	0.6993	0.9723
TMEM258	1312.7318	-0.0506	0.0988	0.2356	0.886
TMEM259	4543.4519	0.035	0.0917	0.4626	0.9265
TMEM26	8.8545	0.0075	0.1118	0.4966	0.935
TMEM260	405.5314	0.0273	0.0987	0.5034	0.9369
TMEM261	743.4442	-0.0645	0.1022	0.1226	0.8315
TMEM27	29.2545	-0.0198	0.1107	0.2917	0.8984
TMEM30A	5716.0813	0.0117	0.0935	0.7986	0.9839
TMEM30B	1.893	-0.0074	0.1271	0.1301	NA
TMEM31	0.2341	-7e-04	0.1199	0.804	NA
TMEM33	2045.2246	0.0145	0.0924	0.7568	0.9789
TMEM35	1.9149	-0.0048	0.117	0.3282	NA
TMEM37	82.4065	-0.0099	0.1065	0.7099	0.9731
TMEM38A	30.8666	0.0012	0.1097	0.9476	0.9956
TMEM38B	593.139	0.0351	0.1021	0.3472	0.9066
TMEM39A	848.0418	0.1079	0.1074	0.022	0.65
TMEM39B	287.1004	-0.001	0.1004	0.9786	0.9959
TMEM40	23.5579	-0.005	0.1101	0.7644	0.9791
TMEM41A	624.801	0.025	0.0962	0.5649	0.9526
TMEM41B	1121.1307	0.0184	0.0939	0.6862	0.9712
TMEM42	155.7717	-0.0311	0.1069	0.2952	0.8992
TMEM43	3061.7104	0.0293	0.0923	0.5336	0.9444
TMEM44	205.5861	-0.0585	0.107	0.1092	0.8274
TMEM44-AS1	4.4933	-0.0055	0.1127	0.4938	NA
TMEM45A	29.9987	-0.0286	0.1127	0.1201	0.8309
TMEM45B	266.8205	-0.0117	0.1004	0.7558	0.9788
TMEM47	3139.876	0.0133	0.0929	0.7737	0.9802
TMEM5	317.5682	-0.0171	0.0995	0.6623	0.969
TMEM50A	799.1095	-0.0391	0.0967	0.3702	0.9111
TMEM50B	482.5172	-0.103	0.1122	0.0207	0.6479
TMEM51	716.9654	9e-04	0.0955	0.9844	0.9967
TMEM51-AS1	3.8746	0.008	0.1151	0.2405	NA
TMEM52	10.2657	-0.0096	0.112	0.3936	0.9168
TMEM52B	0.5218	0.0016	0.1212	0.5951	NA
TMEM53	124.6316	-0.0105	0.1052	0.7228	0.9755
TMEM54	171.7939	-0.0096	0.103	0.7734	0.9802
TMEM55A	231.3655	0.0276	0.1016	0.4576	0.9254
TMEM55B	560.0252	0.0088	0.0975	0.8313	0.9854
TMEM56	515.5836	0.0026	0.0972	0.9499	0.9956
TMEM56-RWDD3	18.7708	4e-04	0.1109	0.9783	0.9959
TMEM57	394.8592	0.0315	0.0991	0.4382	0.9227
TMEM59	1181.8793	-0.0468	0.0959	0.2977	0.8992
TMEM59L	29.7099	-0.0087	0.1096	0.6444	0.9672
TMEM60	279.7679	-0.0862	0.113	0.0312	0.7094
TMEM62	285.9869	-0.0347	0.1017	0.3578	0.9092
TMEM63A	683.2189	0.0041	0.0992	0.9174	0.9932
TMEM63B	1316.8802	0.0232	0.0937	0.6119	0.9585
TMEM64	842.008	0.0158	0.095	0.7217	0.9753
TMEM65	336.5639	-0.0567	0.1021	0.1618	0.8611
TMEM66	2506.0271	-0.0349	0.0931	0.4547	0.9247
TMEM67	97.6297	-0.0546	0.1142	0.0552	0.7614
TMEM68	564.5613	-0.0633	0.1006	0.1392	0.8585
TMEM69	706.8602	-0.0864	0.1046	0.0507	0.7518
TMEM70	699.3168	-0.0279	0.0983	0.4983	0.9351
TMEM71	0.4757	-0.0014	0.1206	0.6415	NA
TMEM74	0.5507	-4e-04	0.1186	0.8997	NA
TMEM74B	9.6652	-0.0062	0.1118	0.5589	0.9508
TMEM75	1.0024	3e-04	0.1148	0.9503	NA
TMEM79	115.2712	-0.0025	0.1044	0.9356	0.9944
TMEM80	76.267	-0.0075	0.1062	0.7811	0.9806
TMEM81	40.3072	-0.0211	0.11	0.317	0.9
TMEM86A	13.3276	-0.0202	0.1137	0.1184	0.8305
TMEM86B	33.89	0.0212	0.1104	0.2913	0.8984
TMEM87A	888.3251	0.0334	0.095	0.4571	0.9254
TMEM87B	736.2461	0.0504	0.0993	0.2322	0.8851
TMEM88	3.8184	0.0013	0.1125	0.8587	NA
TMEM88B	0.5045	1e-04	0.1191	0.9705	NA
TMEM8A	3010.3526	0.0291	0.0921	0.5376	0.9449
TMEM8B	224.2354	0.0106	0.101	0.773	0.98
TMEM9	2086.9957	-0.0476	0.0954	0.2944	0.8992
TMEM91	13.2597	0.0014	0.111	0.9149	0.9932
TMEM92	2.9738	-9e-04	0.1128	0.89	NA
TMEM97	1189.0638	-0.0906	0.0997	0.0548	0.7614
TMEM98	21.9658	-0.0096	0.1103	0.5629	0.952
TMEM99	458.4454	-0.0834	0.1101	0.0406	0.7463
TMEM9B	707.4025	-0.0632	0.101	0.1368	0.8569
TMEM9B-AS1	10.7841	-0.0098	0.1119	0.404	0.9185
TMF1	1580.843	0.0357	0.0989	0.3864	0.9162
TMIE	153.9563	0.0403	0.1056	0.2316	0.8851
TMIGD2	2.322	-0.0028	0.1134	0.6418	NA
TMLHE	458.6902	-0.0042	0.0986	0.9166	0.9932
TMLHE-AS1	6.3753	0.0052	0.1126	0.5216	0.9416
TMOD1	373.07	-0.0184	0.0986	0.6492	0.9682
TMOD2	4.5962	-0.0065	0.113	0.4122	NA
TMOD3	1839.3499	0.0341	0.0979	0.418	0.9204
TMOD4	1.7441	-4e-04	0.1139	0.9303	NA
TMPO	4329.857	-0.0113	0.0926	0.808	0.9839
TMPO-AS1	187.8262	0.0353	0.1038	0.3141	0.9
TMPPE	105.9489	0.0314	0.1103	0.1926	0.8684
TMPRSS11E	0.5005	1e-04	0.1192	0.9725	NA
TMPRSS13	6.0035	2e-04	0.1119	0.9798	0.9961
TMPRSS2	18.6958	-0.0012	0.1104	0.936	0.9945
TMPRSS3	32.1105	-0.0256	0.1118	0.1723	0.8611
TMPRSS4	3.9231	-0.0023	0.1124	0.7659	NA
TMPRSS5	9.1217	-0.0136	0.1131	0.2035	0.8747
TMPRSS6	0.5005	1e-04	0.1192	0.9734	NA
TMPRSS7	0.96	-0.0029	0.1209	0.4117	NA
TMPRSS9	0.7209	-6e-04	0.1175	0.8502	NA
TMSB10	14174.7237	-0.0359	0.0961	0.416	0.9204
TMSB15A	169.579	-0.0511	0.1086	0.121	0.8309
TMSB15B	71.2295	-0.0172	0.1077	0.4967	0.935
TMSB4X	35921.4351	-0.0573	0.0937	0.2257	0.8832
TMTC1	5847.7965	0.044	0.0965	0.3194	0.9
TMTC2	244.603	0.0042	0.1039	0.8945	0.9903
TMTC3	1281.8873	-0.0276	0.096	0.5281	0.9418
TMTC4	549.2188	0.0198	0.098	0.6299	0.964
TMUB1	1385.1701	-0.0286	0.0988	0.483	0.932
TMUB2	405.1653	-0.0684	0.1037	0.0978	0.821
TMX1	2064.1822	-0.032	0.0931	0.4922	0.9331
TMX2	1809.2564	-0.0369	0.0947	0.4156	0.9204
TMX2-CTNND1	9.5541	0.0046	0.1397	0.1563	0.8598
TMX3	1093.1104	-0.0093	0.0963	0.8285	0.9854
TMX4	513.1917	0.0265	0.1002	0.4958	0.9347
TNC	1.5322	-0.0029	0.1167	0.4918	NA
TNF	16.2742	-0.0199	0.1132	0.1389	0.8585
TNFAIP1	1950.0329	0.0331	0.0929	0.4791	0.932
TNFAIP2	5749.4179	-2e-04	0.0926	0.9969	0.9991
TNFAIP3	324.2711	-0.0755	0.1084	0.0574	0.7658
TNFAIP8	270.1404	-0.0349	0.1017	0.3545	0.9082
TNFAIP8L1	648.8496	0.0156	0.0962	0.7176	0.9751
TNFAIP8L2	1.8113	0.003	0.1146	0.5562	NA
TNFAIP8L3	1.7265	-0.002	0.1143	0.6758	NA
TNFRSF10A	204.6551	0.0813	0.1187	0.0223	0.6524
TNFRSF10B	4359.1909	0.0531	0.0937	0.2585	0.89
TNFRSF10C	13.6558	-0.004	0.111	0.7623	0.9791
TNFRSF10D	1265.318	0.0426	0.0953	0.3451	0.9054
TNFRSF11A	83.9209	-0.0155	0.1065	0.5708	0.9544
TNFRSF11B	4698.6287	0.0135	0.091	0.7781	0.9806
TNFRSF12A	3209.3419	0.0718	0.0976	0.1184	0.8305
TNFRSF13C	3.6346	-0.0027	0.113	0.6817	NA
TNFRSF14	649.5156	-0.0455	0.1014	0.2497	0.8873
TNFRSF18	10.798	0.0016	0.1113	0.8949	0.9903
TNFRSF19	12.3891	0.0105	0.112	0.3719	0.9111
TNFRSF1A	3131.2062	0.0394	0.0933	0.3983	0.9184
TNFRSF1B	19.449	0.0119	0.1109	0.4449	0.9232
TNFRSF21	5801.3788	0.1149	0.1011	0.0216	0.65
TNFRSF25	48.3852	0.0305	0.1113	0.166	0.8611
TNFRSF4	0.2616	9e-04	0.1202	0.7451	NA
TNFRSF6B	30.0202	0.011	0.1098	0.5565	0.9507
TNFRSF8	2.1296	-0.0084	0.1299	0.1019	NA
TNFRSF9	0.9236	1e-04	0.1155	0.9736	NA
TNFSF12	57.6445	-0.0054	0.1078	0.8167	0.985
TNFSF13	360.2301	-0.0423	0.1007	0.2886	0.8971
TNFSF13B	2.2355	-4e-04	0.1131	0.9464	NA
TNFSF14	0.7122	4e-04	0.1174	0.9144	NA
TNFSF15	7.9234	0.001	0.1117	0.92	0.9932
TNFSF4	10.3778	0.0045	0.1114	0.6985	0.9722
TNFSF9	447.6963	-0.0306	0.0985	0.4582	0.9255
TNIK	5.3048	0.0053	0.1124	0.5371	0.9446
TNIP1	2582.157	0.0052	0.0917	0.9124	0.993
TNIP2	775.9699	-0.0379	0.098	0.3695	0.9111
TNK1	150.172	0.0281	0.1047	0.3901	0.9162
TNK2	883.3901	0.0173	0.0946	0.6995	0.9723
TNKS	978.5806	0.0648	0.104	0.1089	0.8274
TNKS1BP1	2546.9571	0.0644	0.0942	0.1749	0.8611
TNKS2	1599.5444	0.0606	0.0952	0.1922	0.8684
TNKS2-AS1	2.5302	-0.0061	0.1162	0.2812	NA
TNNC1	4682.0397	-0.0538	0.0968	0.2286	0.8832
TNNC2	9.6065	-0.0135	0.1128	0.2253	0.8832
TNNI1	4.5744	0.0061	0.1128	0.4508	NA
TNNI2	1.3419	0.0054	0.1235	0.2122	NA
TNNI3	7.089	-0.0054	0.112	0.5795	0.9552
TNNT1	419.6262	-0.0139	0.1008	0.7083	0.9731
TNNT2	134.5995	-0.0641	0.1133	0.052	0.7559
TNPO1	4152.568	0.0307	0.0959	0.4857	0.9323
TNPO2	1644.6025	0.0333	0.094	0.4677	0.9285
TNPO3	1911.5302	0.0461	0.0982	0.2811	0.8964
TNRC18	5026.4906	0.1225	0.1368	0.0043	0.4591
TNRC18P1	0.4903	1e-04	0.1193	0.9708	NA
TNRC6A	1222.2005	0.0767	0.1088	0.0538	0.759
TNRC6B	1085.1982	0.0693	0.1032	0.0982	0.821
TNRC6C	402.1679	0.0552	0.1076	0.1155	0.8296
TNRC6C-AS1	282.016	0.0223	0.1006	0.556	0.9507
TNS1	10.7335	0.0068	0.1115	0.5636	0.952
TNS3	7464.3962	0.0867	0.1067	0.0449	0.7463
TNXB	8.5766	-0.0112	0.1146	0.1832	0.8677
TOB1	1427.7495	-0.0484	0.094	0.2985	0.8992
TOB1-AS1	11.2253	0.0015	0.1112	0.9004	0.9908
TOB2	1456.4251	0.045	0.095	0.3236	0.9
TOB2P1	9.1747	0.0077	0.1119	0.4747	0.9312
TOE1	428.5911	0.0112	0.0985	0.7801	0.9806
TOLLIP	1282.6446	0.0674	0.0961	0.1468	0.8598
TOLLIP-AS1	5.4165	-0.0033	0.1123	0.6934	0.9717
TOM1	418.5795	0.0114	0.0983	0.7789	0.9806
TOM1L1	713.1166	-0.0402	0.0969	0.3559	0.9092
TOM1L2	3493.7733	0.1296	0.1114	0.0095	0.5526
TOMM20	4088.9105	-0.0238	0.0913	0.619	0.9595
TOMM22	2577.8057	-0.0482	0.0957	0.2856	0.8971
TOMM34	1315.7154	0.0237	0.0937	0.6057	0.9581
TOMM40	5985.6436	0.0158	0.093	0.7336	0.976
TOMM40L	243.0914	-0.0393	0.1022	0.2973	0.8992
TOMM5	1912.575	-0.0458	0.0966	0.2999	0.8992
TOMM6	1232.2535	-0.067	0.1028	0.1084	0.8274
TOMM7	730.0349	-0.0442	0.104	0.2247	0.8832
TOMM70A	1478.2844	0.0368	0.0944	0.4203	0.9204
TONSL	1639.8948	0.1259	0.1106	0.011	0.5624
TOP1	3923.1047	0.0482	0.0947	0.2954	0.8992
TOP1MT	386.377	-0.0068	0.0984	0.8659	0.9887
TOP1P1	0.9724	-0.0016	0.1161	0.6891	NA
TOP2A	5530.6286	0.0215	0.0976	0.6057	0.9581
TOP2B	4599.7918	0.0438	0.0967	0.3195	0.9
TOP3A	831.0334	0.1054	0.1079	0.0233	0.6573
TOP3B	422.5463	0.0201	0.0981	0.6247	0.9622
TOPBP1	1502.6138	0.0777	0.104	0.0703	0.7809
TOPORS	520.7458	0.0296	0.0982	0.4759	0.9312
TOPORS-AS1	32.9729	-0.0421	0.117	0.0334	0.718
TOR1A	1235.1172	-0.019	0.0946	0.672	0.9707
TOR1AIP1	1276.4661	0.0184	0.0937	0.6867	0.9712
TOR1AIP2	1745.6137	-0.0044	0.0924	0.9245	0.9934
TOR1B	767.234	0.0054	0.0952	0.9017	0.991
TOR2A	209.2104	-0.0567	0.1079	0.1075	0.8262
TOR3A	1653.8546	-0.0199	0.093	0.6673	0.9695
TOR4A	747.9445	0.0967	0.1048	0.0355	0.7376
TOX	805.7757	-0.0482	0.0963	0.281	0.8964
TOX2	62.6797	0.003	0.1072	0.9035	0.9911
TOX3	881.6579	0.0484	0.0965	0.2769	0.894
TP53	3535.6672	0.026	0.0916	0.5845	0.9552
TP53BP1	1415.5335	0.0129	0.0935	0.7784	0.9806
TP53BP2	1198.2905	0.0397	0.0971	0.359	0.9093
TP53I11	978.2761	-0.0147	0.0942	0.7445	0.9761
TP53I13	1068.6487	-0.0407	0.0987	0.3299	0.9006
TP53I3	528.5792	-0.1175	0.118	0.0109	0.5624
TP53INP1	1738.4571	0.0036	0.0951	0.9356	0.9944
TP53INP2	447.903	-0.0288	0.098	0.4888	0.9324
TP53RK	400.1115	-0.0306	0.0996	0.4426	0.9232
TP53TG1	191.9959	-0.0421	0.1047	0.2319	0.8851
TP53TG5	2.6233	-8e-04	0.1136	0.8812	NA
TP63	0.3415	0.0012	0.1205	0.6832	NA
TP73	301.6127	0.0338	0.1005	0.3869	0.9162
TP73-AS1	530.9876	0.0682	0.1019	0.109	0.8274
TPBG	896.2376	0.0196	0.095	0.6591	0.969
TPBGL	11.8597	-0.0069	0.1114	0.578	0.9552
TPCN1	1591.3424	0.0692	0.0994	0.1201	0.8309
TPCN2	290.1774	0.0329	0.1016	0.383	0.9146
TPD52	2332.742	-0.0305	0.0934	0.5098	0.9397
TPD52L1	5880.68	-0.0532	0.0938	0.2573	0.89
TPD52L2	3071.4376	-0.0259	0.092	0.584	0.9552
TPGS1	560.0038	-0.0326	0.1016	0.3862	0.9162
TPGS2	1915.4168	-0.0393	0.0929	0.4025	0.9185
TPH1	0.4685	-0.0013	0.1206	0.6449	NA
TPI1	21480.0225	-0.0457	0.0945	0.3209	0.9
TPI1P2	15.2665	0.0038	0.1108	0.7879	0.9832
TPI1P3	0.237	-7e-04	0.1199	0.8008	NA
TPK1	220.4888	-0.0849	0.1142	0.0298	0.7019
TPM1	22869.5667	-0.0793	0.0932	0.106	0.8257
TPM2	6831.404	-0.07	0.0972	0.1284	0.845
TPM3	7674.1129	0.0149	0.091	0.7551	0.9787
TPM3P9	93.7012	0.0458	0.1106	0.1144	0.8296
TPM4	15103.0847	0.0119	0.0901	0.8058	0.9839
TPMT	659.1788	-0.13	0.1206	0.0072	0.516
TPP1	2549.2285	0.0192	0.0924	0.6819	0.9712
TPP2	1549.8773	0.0253	0.0965	0.5577	0.9508
TPPP	107.6426	0.0368	0.1072	0.2309	0.8846
TPPP3	6.7944	-0.0079	0.1125	0.3997	0.9185
TPR	3160.1854	0.0759	0.1065	0.064	0.7718
TPRA1	1187.8169	-0.0113	0.0947	0.8005	0.9839
TPRG1L	890.4249	0.0384	0.0962	0.3838	0.9151
TPRKB	270.6394	-0.044	0.1042	0.2248	0.8832
TPRN	498.9521	-0.0211	0.0976	0.6125	0.9588
TPRXL	69.1671	0.0044	0.1066	0.8652	0.9887
TPST1	458.6944	-0.0135	0.0978	0.7424	0.9761
TPST2	198.3975	-0.0352	0.1035	0.3207	0.9
TPT1	20474.2678	-0.0545	0.0963	0.2282	0.8832
TPT1-AS1	42.4049	-0.033	0.112	0.1319	0.8492
TPTE2	0.7284	0.001	0.1177	0.7635	NA
TPTE2P1	1.015	3e-04	0.1152	0.9482	NA
TPTE2P5	9.8945	0.0174	0.114	0.1269	0.8412
TPTE2P6	0.24	-7e-04	0.1199	0.7975	NA
TPX2	3844.2971	0.0129	0.092	0.7842	0.9821
TRA2A	1316.2233	-0.0645	0.0957	0.165	0.8611
TRA2B	3847.4387	-0.0128	0.0937	0.7785	0.9806
TRABD	1522.5184	-0.0309	0.0942	0.4971	0.935
TRABD2A	6.5075	-0.0084	0.1127	0.3538	0.908
TRABD2B	1.8991	4e-04	0.1141	0.9363	NA
TRADD	263.1605	-0.0466	0.104	0.2068	0.8757
TRAF1	4.144	0.0015	0.1124	0.8401	NA
TRAF2	803.5798	-0.0016	0.097	0.9697	0.9956
TRAF3	1477.4887	0.0178	0.0975	0.6696	0.9698
TRAF3IP1	730.6008	0.052	0.099	0.2223	0.8832
TRAF3IP2	244.8926	-0.0196	0.1027	0.5722	0.9544
TRAF3IP2-AS1	79.9936	-0.0185	0.1073	0.4793	0.932
TRAF3IP3	0.247	-8e-04	0.12	0.7857	NA
TRAF4	2484.5383	-0.0063	0.0941	0.8892	0.9899
TRAF5	438.3452	0.0344	0.0996	0.3929	0.9162
TRAF6	332.4255	0.0283	0.1001	0.4705	0.9297
TRAF7	3192.6616	0.0071	0.0917	0.8804	0.9899
TRAFD1	978.4535	0.0027	0.0946	0.9515	0.9956
TRAIP	191.8717	0.0165	0.1033	0.6224	0.9613
TRAK1	1322.9439	0.0782	0.1013	0.0795	0.8068
TRAK2	947.6366	-0.0179	0.096	0.6801	0.9708
TRAM1	3257.1437	-0.0663	0.0931	0.169	0.8611
TRAM1L1	26.8635	-0.0021	0.1095	0.9079	0.9922
TRAM2	2110.7468	0.0625	0.0988	0.1563	0.8598
TRAM2-AS1	66.1613	-0.0395	0.111	0.1311	0.8492
TRANK1	23.2447	0.0024	0.1102	0.8823	0.9899
TRAP1	4668.8943	0.0055	0.0912	0.9077	0.9922
TRAPPC1	2044.9186	-0.0323	0.098	0.4402	0.9232
TRAPPC10	755.6641	0.0718	0.1139	0.0411	0.7463
TRAPPC11	627.4032	0.0045	0.0992	0.9084	0.9924
TRAPPC12	861.7653	0.0601	0.0968	0.1845	0.8682
TRAPPC13	524.0048	-0.0057	0.0973	0.8923	0.9899
TRAPPC2	394.3461	-0.0183	0.0982	0.654	0.969
TRAPPC2L	822.522	-0.0126	0.0984	0.7543	0.9784
TRAPPC2P1	98.1599	-0.0332	0.1079	0.2487	0.8873
TRAPPC3	1128.0592	-0.0695	0.0998	0.1161	0.8296
TRAPPC4	858.9062	-0.058	0.1015	0.1597	0.8611
TRAPPC5	1354.0118	-0.0323	0.0989	0.4302	0.9212
TRAPPC6A	36.1244	-0.0149	0.1099	0.4419	0.9232
TRAPPC6B	499.4087	-0.0152	0.0983	0.7093	0.9731
TRAPPC8	1421.9458	0.0241	0.0952	0.5881	0.9552
TRAPPC9	498.3565	0.0606	0.1009	0.1506	0.8598
TRDMT1	86.1915	-0.0069	0.1058	0.8034	0.9839
TREH	0.2321	-7e-04	0.1199	0.8062	NA
TREML2	0.2607	9e-04	0.1202	0.7458	NA
TRERF1	297.6719	0.0235	0.1021	0.5139	0.9406
TRERNA1	0.48	-0.0014	0.1207	0.6399	NA
TREX1	115.9542	-0.0514	0.1123	0.0781	0.8033
TREX2	1.4313	-0.0032	0.1162	0.4697	NA
TRIAP1	1268.7066	-0.08	0.1014	0.074	0.7897
TRIB1	250.838	0.0097	0.1014	0.7875	0.9832
TRIB2	470.2877	0.013	0.0974	0.7556	0.9788
TRIB3	325.1049	0.0614	0.1035	0.1263	0.841
TRIL	0.2607	9e-04	0.1202	0.7458	NA
TRIM10	0.2729	9e-04	0.1202	0.7407	NA
TRIM11	752.3162	0.0237	0.0962	0.5858	0.9552
TRIM13	497.8142	0.0044	0.0971	0.9167	0.9932
TRIM14	609.7002	-0.0165	0.0981	0.6865	0.9712
TRIM15	0.5458	0.0016	0.1213	0.5866	NA
TRIM16	1178.975	0.039	0.0945	0.3933	0.9168
TRIM16L	401.537	0.0609	0.1017	0.143	0.8598
TRIM17	14.6436	0.0013	0.1109	0.9216	0.9933
TRIM2	3429.3353	0.0698	0.1003	0.1123	0.8288
TRIM21	175.5186	-0.0375	0.1049	0.2715	0.8904
TRIM22	675.2339	-0.0919	0.1058	0.0397	0.7463
TRIM23	412.7475	0.0194	0.0994	0.6237	0.9618
TRIM24	692.2258	0.0384	0.1001	0.3377	0.903
TRIM25	2003.118	0.0509	0.0968	0.2527	0.8881
TRIM26	1535.6908	0.0356	0.0938	0.4404	0.9232
TRIM27	1405.6323	0.0311	0.0936	0.5001	0.9355
TRIM28	13280.744	0.0368	0.0913	0.444	0.9232
TRIM29	4.6718	0.0021	0.1124	0.7874	0.9832
TRIM3	271.4697	-0.0404	0.1021	0.2892	0.8971
TRIM31	0.7526	-7e-04	0.1173	0.8451	NA
TRIM32	743.9732	0.051	0.0974	0.2457	0.8873
TRIM33	1283.9192	0.0734	0.1039	0.0815	0.807
TRIM34	6.0439	-0.0103	0.1142	0.2139	0.8774
TRIM35	400.7006	0.0547	0.1007	0.1868	0.8684
TRIM36	55.0619	0.013	0.108	0.583	0.9552
TRIM37	1592.8132	0.0457	0.0954	0.313	0.9
TRIM38	290.5061	-0.0116	0.0998	0.7628	0.9791
TRIM39	263.2267	-0.0162	0.1013	0.6577	0.969
TRIM39-RPP21	5.7056	0.002	0.1207	0.5309	0.9433
TRIM4	601.8074	0.0591	0.0991	0.1729	0.8611
TRIM41	726.7978	-0.0429	0.097	0.3262	0.9001
TRIM43	0.4852	-0.0014	0.1207	0.637	NA
TRIM43B	0.4765	-0.0014	0.1207	0.6419	NA
TRIM44	1577.8968	0.0214	0.099	0.5935	0.9562
TRIM45	352.4213	0.0062	0.0991	0.8759	0.9899
TRIM46	43.1725	-0.0133	0.1089	0.5388	0.9451
TRIM47	301.7461	-0.0567	0.1061	0.1248	0.8363
TRIM5	877.7083	-0.0256	0.0967	0.551	0.9489
TRIM50	0.5458	0.0016	0.1213	0.5866	NA
TRIM52	79.9345	0.0116	0.1075	0.638	0.9658
TRIM52-AS1	141.4381	-0.0239	0.1059	0.4239	0.9204
TRIM54	0.9227	-0.0032	0.1203	0.3847	NA
TRIM55	2.0524	-0.0023	0.1139	0.6679	NA
TRIM56	371.6486	0.0069	0.1116	0.549	0.9489
TRIM59	124.6604	-0.0269	0.1051	0.3975	0.9182
TRIM6	16.133	0.0035	0.1108	0.8015	0.9839
TRIM6-TRIM34	0.8187	0.0025	0.1212	0.4479	NA
TRIM61	0.9522	0.0013	0.1168	0.7207	NA
TRIM62	172.2419	0.0207	0.1029	0.5477	0.9489
TRIM63	0.24	-7e-04	0.1199	0.7975	NA
TRIM64B	0.24	-7e-04	0.1199	0.7975	NA
TRIM65	369.2004	-0.0156	0.099	0.6944	0.9722
TRIM66	71.0992	0.0083	0.1068	0.7463	0.9761
TRIM67	0.6248	0.0021	0.1207	0.5043	NA
TRIM68	223.738	0.0136	0.1015	0.707	0.9725
TRIM69	43.0058	-0.0105	0.1087	0.6258	0.963
TRIM7	20.8578	-0.0032	0.1104	0.8362	0.9854
TRIM71	131.615	0.0534	0.1177	0.0302	0.7056
TRIM72	0.5211	0.0016	0.1212	0.5955	NA
TRIM74	3.0076	-5e-04	0.1129	0.9392	NA
TRIM8	2552.6507	0.0056	0.092	0.9044	0.9916
TRIM9	8.2937	-0.0055	0.1119	0.5859	0.9552
TRIML1	0.2289	-7e-04	0.1199	0.8029	NA
TRIML2	55.0698	0.0166	0.1084	0.4801	0.932
TRIO	1884.7048	0.1272	0.1408	0.0034	0.4289
TRIOBP	1941.045	-0.0672	0.095	0.1543	0.8598
TRIP10	666.8374	-0.0516	0.0991	0.2246	0.8832
TRIP11	1053.0569	0.0864	0.1057	0.0476	0.7463
TRIP12	4273.4335	0.0657	0.1018	0.12	0.8309
TRIP13	1414.0568	-0.0468	0.0942	0.3118	0.9
TRIP4	379.4343	-0.0177	0.0985	0.6623	0.969
TRIP6	1205.4376	-0.0028	0.0955	0.9495	0.9956
TRIQK	181.3662	-0.0419	0.1049	0.2305	0.8846
TRIT1	280.643	0.0145	0.1006	0.6998	0.9723
TRMT1	952.5493	0.0582	0.0962	0.2022	0.874
TRMT10A	206.0616	-0.0273	0.1022	0.4513	0.9232
TRMT10B	111.8422	-0.0304	0.1071	0.2993	0.8992
TRMT10C	541.9216	-0.0382	0.0983	0.363	0.9102
TRMT11	242.0036	-0.0202	0.101	0.5884	0.9554
TRMT112	3767.8649	-0.0329	0.0978	0.4357	0.9227
TRMT12	201.3029	0.0313	0.1027	0.3843	0.9151
TRMT13	210.8788	-0.0156	0.1034	0.6378	0.9657
TRMT1L	620.5624	-0.0216	0.0971	0.6105	0.9583
TRMT2A	799.5183	-0.0238	0.0952	0.5924	0.9562
TRMT2B	253.8658	-0.055	0.104	0.1531	0.8598
TRMT44	258.1177	0.0327	0.1012	0.3909	0.9162
TRMT5	489.2129	-0.0028	0.0977	0.9463	0.9956
TRMT6	582.6695	0.0427	0.0973	0.3249	0.9001
TRMT61A	743.3307	0.0294	0.0971	0.4901	0.9324
TRMT61B	247.8022	-0.0644	0.1067	0.092	0.8116
TRMU	489.5918	-0.0384	0.0992	0.3492	0.9067
TRNAU1AP	542.6282	0.0033	0.0981	0.9346	0.9943
TRNP1	5071.1314	0.0033	0.0941	0.9425	0.9947
TRNT1	399.9368	-0.0027	0.0993	0.9448	0.9956
TRNY	0.2707	0.001	0.1202	0.7386	NA
TROAP	633.1442	0.0022	0.0963	0.9588	0.9956
TROVE2	336.6829	0.0288	0.1037	0.4013	0.9185
TRPC1	127.9234	0.0252	0.1051	0.4229	0.9204
TRPC3	0.2605	9e-04	0.1202	0.7459	NA
TRPC4AP	2783.7236	0.0124	0.0918	0.7923	0.9836
TRPC5OS	1.2	-0.0037	0.1216	0.3255	NA
TRPC6	2855.4899	0.1007	0.1046	0.0314	0.7108
TRPM1	1.1368	6e-04	0.1153	0.8825	NA
TRPM2	187.6711	-0.0094	0.104	0.7675	0.9791
TRPM2-AS	2.655	-0.0051	0.1147	0.3818	NA
TRPM4	826.8993	-0.0153	0.0949	0.7301	0.9759
TRPM5	0.2289	-7e-04	0.1199	0.8029	NA
TRPM6	0.7946	-0.0027	0.1199	0.4514	NA
TRPM7	778.7036	0.0617	0.0999	0.1525	0.8598
TRPM8	2.1758	-0.0054	0.1177	0.2834	NA
TRPS1	43.4253	-0.0051	0.1083	0.8155	0.985
TRPT1	511.3479	-0.0549	0.1023	0.1706	0.8611
TRPV1	102.6377	0.0084	0.1057	0.7653	0.9791
TRPV2	42.209	0.0152	0.1098	0.4404	0.9232
TRPV3	4.6524	0.0081	0.1134	0.3173	0.9
TRPV4	140.6073	-0.013	0.104	0.6848	0.9712
TRRAP	3700.3699	0.1272	0.1407	0.0034	0.4289
TRUB1	971.53	0.0281	0.0948	0.5324	0.9437
TRUB2	809.549	-0.0064	0.0953	0.8849	0.9899
TSACC	2.2406	-2e-04	0.1131	0.9692	NA
TSC1	768.8722	0.0548	0.1022	0.1718	0.8611
TSC2	1671.2066	0.0409	0.0959	0.3585	0.9093
TSC22D1	1628.3491	-0.042	0.0941	0.3629	0.9102
TSC22D1-AS1	1.7852	0.0012	0.1139	0.8191	NA
TSC22D2	715.2747	0.1023	0.1114	0.022	0.65
TSC22D3	230.0769	0.0174	0.1013	0.6355	0.9654
TSC22D4	812.6884	0.0158	0.096	0.7156	0.9743
TSEN15	515.3347	-0.1133	0.1145	0.014	0.6102
TSEN2	327.5618	-0.0114	0.0998	0.7668	0.9791
TSEN34	2266.6244	-0.0474	0.0977	0.275	0.8936
TSEN54	1286.9335	0.0021	0.0945	0.9626	0.9956
TSFM	769.8765	0.0529	0.0972	0.2327	0.8856
TSG101	971.0144	-0.0313	0.0952	0.4832	0.932
TSGA10	18.9745	-0.0165	0.1116	0.2757	0.8937
TSHR	0.1512	6e-04	0.1196	0.8458	NA
TSHZ1	279.1888	0.0179	0.1009	0.6307	0.964
TSHZ3	1.952	-0.0013	0.1134	0.8164	NA
TSKU	1055.5284	0.0776	0.0988	0.0911	0.8087
TSN	3017.3032	0.0128	0.0915	0.7874	0.9832
TSNARE1	63.1539	-0.0125	0.1078	0.6044	0.9581
TSNAX	853.886	-0.0463	0.0963	0.2986	0.8992
TSNAX-DISC1	10.497	0.0392	0.3118	0.0022	0.3676
TSNAXIP1	11.0545	6e-04	0.1113	0.9606	0.9956
TSPAN1	1208.2449	-0.0358	0.0976	0.4005	0.9185
TSPAN10	12.3593	-0.0074	0.1115	0.5416	0.9465
TSPAN11	26.09	-0.0144	0.1106	0.4059	0.9185
TSPAN12	343.3656	0.0058	0.099	0.8833	0.9899
TSPAN13	1018.1862	-0.0501	0.0967	0.2602	0.89
TSPAN14	2390.4022	0.0696	0.0953	0.1401	0.8585
TSPAN15	560.9066	0.0169	0.097	0.6883	0.9712
TSPAN17	940.1453	-0.1004	0.1048	0.0314	0.7108
TSPAN18	0.7418	-7e-04	0.1166	0.8357	NA
TSPAN2	4.574	-0.0063	0.113	0.425	NA
TSPAN3	6003.7795	-0.0642	0.0937	0.1783	0.8611
TSPAN31	99.8268	-0.1276	0.17	7e-04	0.2101
TSPAN33	515.7252	-0.0664	0.1026	0.1119	0.8281
TSPAN4	2495.1859	-0.0622	0.0981	0.1625	0.8611
TSPAN5	6.2474	5e-04	0.1119	0.9565	0.9956
TSPAN6	1435.1287	-0.0414	0.094	0.371	0.9111
TSPAN7	2.4393	-0.001	0.1133	0.8589	NA
TSPAN8	3.1866	-0.0018	0.1127	0.7921	NA
TSPAN9	776.1546	0.0115	0.0957	0.7915	0.9836
TSPEAR	0.4894	1e-04	0.1193	0.9703	NA
TSPO	1589.1274	-0.0265	0.0975	0.5295	0.9428
TSPY26P	85.2437	0.0277	0.1087	0.2847	0.8966
TSPYL1	2078.8581	1e-04	0.0923	0.9991	0.9994
TSPYL2	531.6323	-0.035	0.0978	0.4082	0.9187
TSPYL4	511.3638	0.0176	0.0992	0.6566	0.969
TSPYL6	0.2605	9e-04	0.1202	0.7459	NA
TSR1	2353.2967	0.0857	0.0966	0.0742	0.7897
TSR2	625.2233	-0.0271	0.0974	0.5214	0.9416
TSR3	1730.0578	-0.0173	0.0969	0.6831	0.9712
TSSC1	552.0424	-0.0101	0.0974	0.8085	0.9839
TSSC4	843.13	-0.0017	0.0969	0.9685	0.9956
TSSK2	25.3388	0.0071	0.1099	0.6862	0.9712
TSSK3	10.1818	-0.0032	0.1114	0.7808	0.9806
TSSK4	6.8603	0.0175	0.1259	0.0411	0.7463
TSSK6	28.6755	-0.0072	0.1097	0.6919	0.9715
TST	347.3443	-0.095	0.114	0.0235	0.6573
TSTA3	1695.5097	-0.0138	0.0955	0.7526	0.9783
TSTD2	359.2685	0.0743	0.1121	0.0451	0.7463
TSTD3	30.0654	-0.0213	0.1118	0.2075	0.8771
TTBK1	10.2315	-3e-04	0.1113	0.9831	0.9963
TTBK2	146.8635	0.0105	0.1119	0.3833	0.9146
TTC1	740.9829	-0.0488	0.0984	0.2557	0.89
TTC12	149.9811	-0.017	0.1034	0.6098	0.9583
TTC13	344.2148	-0.0212	0.0993	0.5921	0.9562
TTC14	304.4525	-0.0195	0.1006	0.6051	0.9581
TTC16	1.8247	0.0021	0.1142	0.6732	NA
TTC17	1155.7662	0.0432	0.0986	0.3053	0.8992
TTC18	5.7311	-9e-04	0.112	0.9194	0.9932
TTC19	909.5949	-0.036	0.0955	0.42	0.9204
TTC21A	6.3614	-0.0031	0.112	0.7359	0.9761
TTC21B	441.3959	0.0148	0.0983	0.7156	0.9743
TTC22	0.9924	2e-04	0.1153	0.9506	NA
TTC23	322.7147	-0.007	0.0991	0.8592	0.9881
TTC23L	1.2117	-0.0021	0.1167	0.5944	NA
TTC24	0.9605	-0.0016	0.1162	0.6848	NA
TTC25	11.7813	0.0139	0.1122	0.2665	0.89
TTC26	221.8412	0.0296	0.1032	0.3997	0.9185
TTC27	586.2794	-0.0146	0.0964	0.7333	0.976
TTC28	1420.8555	0.0736	0.1106	0.0519	0.7559
TTC28-AS1	96.7657	-0.0428	0.1112	0.1148	0.8296
TTC3	4329.4569	0.0595	0.0989	0.1727	0.8611
TTC3-AS1	0.274	0.001	0.1202	0.7396	NA
TTC30A	33.0645	0.0189	0.1105	0.3238	0.9
TTC30B	86.2798	-0.007	0.1063	0.7943	0.9838
TTC31	278.4603	-0.1009	0.1186	0.0157	0.6309
TTC32	21.9063	-0.0137	0.1108	0.4039	0.9185
TTC33	565.0071	-0.0419	0.0988	0.3169	0.9
TTC34	0.2611	9e-04	0.1202	0.7455	NA
TTC36	6.6533	-0.0042	0.1119	0.6682	0.9698
TTC37	1159.3077	0.0108	0.0976	0.795	0.9839
TTC38	1006.6664	0.0096	0.0941	0.8315	0.9854
TTC39A	28.4929	-0.0378	0.116	0.0427	0.7463
TTC39B	338.7549	0.0645	0.1054	0.1005	0.821
TTC39C	478.4002	0.0455	0.099	0.2792	0.8961
TTC3P1	23.9638	0.015	0.1109	0.3684	0.9111
TTC4	626.0747	0.0244	0.0971	0.5652	0.9528
TTC40	29.2976	0.009	0.1097	0.6278	0.9634
TTC5	354.0477	0.0352	0.1001	0.3765	0.9119
TTC6	20.5022	-0.0118	0.1107	0.4628	0.9265
TTC7A	1011.0638	0.0911	0.1026	0.0475	0.7463
TTC7B	598.5575	0.0168	0.0975	0.6864	0.9712
TTC8	425.7669	-0.035	0.0985	0.399	0.9185
TTC9	1043.4288	0.0087	0.0942	0.8467	0.9866
TTC9B	8.7042	0.0011	0.1115	0.919	0.9932
TTC9C	318.5399	-0.0224	0.1	0.5632	0.952
TTF1	272.7564	-0.0487	0.1031	0.2028	0.8743
TTF2	1081.2198	0.0039	0.0978	0.9248	0.9934
TTI1	829.0847	0.0281	0.0953	0.5273	0.9418
TTI2	330.8599	0.0178	0.1	0.6439	0.9672
TTK	620.473	0.0236	0.0965	0.5839	0.9552
TTL	955.3488	0.0033	0.0951	0.9408	0.9946
TTLL1	56.8305	-0.0118	0.1076	0.6274	0.9634
TTLL10-AS1	0.2605	9e-04	0.1202	0.7459	NA
TTLL11	85.0229	0.0235	0.1072	0.3914	0.9162
TTLL12	2922.6327	0.0379	0.092	0.4264	0.9204
TTLL13	0.7144	-0.002	0.1208	0.5269	NA
TTLL3	35.9972	-0.0238	0.1107	0.243	0.886
TTLL4	906.5639	0.0677	0.1015	0.1137	0.8296
TTLL5	363.2012	0.0151	0.1008	0.6855	0.9712
TTLL6	1.7517	-5e-04	0.1135	0.9313	NA
TTLL7	36.2547	0.0011	0.1087	0.9567	0.9956
TTLL9	12.1701	-0.0118	0.1125	0.2829	0.8965
TTN	450.5128	0.0929	0.121	0.0156	0.6309
TTN-AS1	49.9772	0.0042	0.1082	0.8484	0.9866
TTPA	0.24	-7e-04	0.1199	0.7975	NA
TTPAL	467.3056	0.0251	0.1017	0.4941	0.9337
TTYH1	1.3334	3e-04	0.1145	0.9462	NA
TTYH2	36.0019	-0.022	0.1105	0.2741	0.8934
TTYH3	6245.6192	0.0845	0.097	0.0765	0.7991
TUB	280.0704	-0.0257	0.1025	0.4691	0.9289
TUBA1A	1302.7804	-0.0424	0.0957	0.3438	0.905
TUBA1B	32171.4872	-0.0308	0.0919	0.5162	0.9411
TUBA1C	12380.3481	-0.0241	0.0929	0.6044	0.9581
TUBA3D	4.1834	0.008	0.1139	0.2889	NA
TUBA3FP	20.5806	-0.0154	0.1111	0.3379	0.903
TUBA4A	661.332	0.0069	0.0966	0.8709	0.9892
TUBA4B	2.9776	5e-04	0.113	0.9365	NA
TUBA8	47.1493	0.001	0.1079	0.9649	0.9956
TUBAL3	1.7001	-0.0021	0.1144	0.665	NA
TUBB	36605.0213	-0.0075	0.0908	0.8752	0.9896
TUBB1	22.4112	0.0013	0.11	0.9359	0.9945
TUBB2A	635.5383	-0.0187	0.0985	0.6447	0.9672
TUBB2B	55.3032	0.0293	0.1109	0.1889	0.8684
TUBB3	649.6959	8e-04	0.0956	0.986	0.9969
TUBB4A	180.2179	-0.044	0.1049	0.2129	0.8774
TUBB4B	18641.1714	-0.0093	0.0919	0.8432	0.986
TUBB6	2926.9225	0.0233	0.0926	0.6177	0.9593
TUBB8	2.2741	0.0026	0.1139	0.6267	NA
TUBBP5	113.3098	-0.0052	0.1048	0.8622	0.9887
TUBD1	344.055	-2e-04	0.0994	0.9967	0.9991
TUBE1	193.1006	0.0355	0.1034	0.3197	0.9
TUBG1	2891.9069	-0.0247	0.0941	0.5875	0.9552
TUBG2	200.6097	-0.0154	0.1036	0.6377	0.9657
TUBGCP2	2311.4786	0.0427	0.0929	0.365	0.9102
TUBGCP3	1125.8959	0.0643	0.0975	0.1549	0.8598
TUBGCP4	753.1788	0.0227	0.0997	0.5631	0.952
TUBGCP5	314.0684	-0.0012	0.0993	0.9757	0.9959
TUBGCP6	1039.3481	0.0653	0.1022	0.1188	0.8305
TUFM	6185.7606	-0.0014	0.0929	0.9751	0.9959
TUFT1	384.2249	0.0321	0.0992	0.428	0.9207
TUG1	1797.2544	0.0825	0.1011	0.0689	0.7804
TULP1	1.7012	-4e-04	0.1143	0.9349	NA
TULP3	710.2098	0.0247	0.096	0.5713	0.9544
TULP4	742.26	0.0859	0.1067	0.0459	0.7463
TUSC1	91.9185	0.0032	0.1057	0.9091	0.9926
TUSC2	1024.4181	-0.0224	0.0993	0.5726	0.9544
TUSC3	1288.532	-0.0022	0.0936	0.9622	0.9956
TUT1	595.5167	0.0689	0.1001	0.1172	0.8296
TVP23A	3.1267	0.0081	0.1163	0.2098	NA
TVP23B	760.4225	0.0051	0.0951	0.9074	0.9922
TVP23C	123.574	0.0014	0.1042	0.9638	0.9956
TVP23C-CDRT4	138.3223	0.0012	0.1153	0.7745	0.9802
TWF1	2561.8745	-0.0375	0.0921	0.4298	0.9212
TWF2	3413.1422	0.0139	0.0952	0.7524	0.9783
TWIST1	1276.5369	0.0367	0.0951	0.4151	0.9204
TWISTNB	632.5343	-0.0146	0.0968	0.7316	0.976
TWSG1	5911.1612	-0.0077	0.0925	0.8688	0.9889
TXK	76.5439	0.0377	0.1098	0.1657	0.8611
TXLNA	2219.7125	0.0387	0.0939	0.4025	0.9185
TXLNG	1079.7614	0.0141	0.0948	0.7521	0.9782
TXN	2182.4901	-0.0637	0.1001	0.1403	0.8585
TXN2	1949.4631	-0.0525	0.0967	0.24	0.886
TXNDC11	1529.5995	0.0364	0.0937	0.4311	0.9218
TXNDC12	4843.1997	-0.0358	0.0939	0.4374	0.9227
TXNDC15	1009.6253	-0.0079	0.0947	0.8589	0.9881
TXNDC16	587.2881	0.0398	0.0992	0.3342	0.9022
TXNDC17	962.737	-0.0365	0.0993	0.3705	0.9111
TXNDC2	0.2608	9e-04	0.1202	0.7457	NA
TXNDC5	6687.8081	0.0203	0.0905	0.6732	0.9707
TXNDC9	350.7194	-0.0469	0.1013	0.2381	0.886
TXNIP	928.6037	-0.0011	0.0944	0.9798	0.9961
TXNL1	1728.5424	-0.0395	0.0941	0.3908	0.9162
TXNL4A	2169.7953	-0.0374	0.0986	0.3691	0.9111
TXNL4B	213.1559	0.0374	0.1035	0.2971	0.8992
TXNRD1	13877.1951	0.1046	0.0995	0.0333	0.718
TXNRD2	1019.3444	-0.013	0.0952	0.7685	0.9791
TXNRD3	214.5176	-0.0497	0.1046	0.1782	0.8611
TXNRD3NB	0.2605	9e-04	0.1202	0.7459	NA
TYK2	2665.7457	0.0195	0.0926	0.6755	0.9708
TYMP	71.2252	-0.0061	0.1074	0.8003	0.9839
TYMS	5779.2644	-0.0557	0.0926	0.2449	0.8873
TYRO3	507.6104	-0.0173	0.0978	0.6752	0.9708
TYROBP	0.2605	9e-04	0.1202	0.7459	NA
TYRP1	0.2605	9e-04	0.1202	0.7459	NA
TYSND1	506.172	-0.0454	0.0997	0.2705	0.8903
TYW1	509.657	0.0218	0.098	0.5987	0.9572
TYW1B	15.4686	0.0027	0.1108	0.8422	0.986
TYW3	1054.65	9e-04	0.0945	0.9845	0.9967
TYW5	166.2929	-0.0041	0.1026	0.9052	0.9919
U2AF1	2341.4907	-0.0235	0.0958	0.5919	0.9562
U2AF1L4	112.7212	-8e-04	0.1051	0.9789	0.9959
U2AF2	8453.4173	0.0421	0.0919	0.378	0.9119
U2SURP	1546.5063	0.0071	0.0949	0.8726	0.9894
UACA	1027.3257	0.0121	0.0983	0.766	0.9791
UAP1	424.95	-8e-04	0.0981	0.9835	0.9966
UAP1L1	392.188	-0.0273	0.0988	0.5016	0.9361
UBA1	18933.6944	0.03	0.0904	0.5365	0.9444
UBA2	3426.6608	0.0335	0.0916	0.4834	0.9321
UBA3	1005.0768	-0.043	0.0949	0.3448	0.9054
UBA5	974.0466	-0.0207	0.0943	0.6471	0.9677
UBA52	7663.4053	-0.0388	0.097	0.3714	0.9111
UBA6	1429.9136	0.0402	0.0982	0.3411	0.9036
UBA6-AS1	88.985	0.0184	0.1063	0.5146	0.9408
UBA7	136.1626	8e-04	0.1043	0.9784	0.9959
UBAC1	1107.2959	-0.0719	0.0994	0.1086	0.8274
UBAC2	1570.2771	-0.0515	0.0956	0.2582	0.89
UBAC2-AS1	41.0771	-0.0075	0.1088	0.7196	0.9753
UBALD1	528.3693	0.0121	0.0996	0.7545	0.9784
UBALD2	890.4842	0.0097	0.0966	0.8194	0.985
UBAP1	958.9221	-0.016	0.095	0.7181	0.9751
UBAP1L	15.4358	0.0107	0.1112	0.4498	0.9232
UBAP2	1002.3492	0.0108	0.095	0.8072	0.9839
UBAP2L	4164.2201	0.0653	0.0953	0.1629	0.8611
UBASH3B	89.9299	-0.0156	0.1061	0.5809	0.9552
UBB	11788.7818	-0.0495	0.1042	0.1837	0.868
UBC	5507.3957	-0.0591	0.092	0.2229	0.8832
UBD	85.0574	-0.0353	0.1086	0.212	0.8773
UBE2A	1275.9722	-0.0775	0.1027	0.0755	0.7966
UBE2B	588.4461	-0.0572	0.0998	0.1795	0.8633
UBE2C	1469.2356	-0.0786	0.1036	0.0693	0.7804
UBE2D1	535.1671	0.0135	0.0971	0.7476	0.9764
UBE2D2	4183.1359	-0.0153	0.0928	0.7412	0.9761
UBE2D3	5175.5519	9e-04	0.0911	0.9846	0.9967
UBE2D4	316.0571	0.0308	0.1009	0.4211	0.9204
UBE2E1	1264.909	-0.0878	0.1016	0.0557	0.7614
UBE2E2	301.8072	0.0019	0.0998	0.9601	0.9956
UBE2E3	1397.0307	-0.0424	0.0957	0.3442	0.905
UBE2F	883.2042	-0.0525	0.0984	0.2253	0.8832
UBE2F-SCLY	1.0427	0.0033	0.1218	0.353	NA
UBE2G1	1958.1454	0.0018	0.0921	0.9696	0.9956
UBE2G2	1720.674	-0.0978	0.0994	0.0428	0.7463
UBE2H	4851.2385	0.0655	0.0947	0.1651	0.8611
UBE2I	2771.4442	-0.0188	0.0964	0.6619	0.969
UBE2J1	1468.4663	-0.033	0.0935	0.4763	0.9312
UBE2J2	1561.1557	0.0107	0.0962	0.8033	0.9839
UBE2K	2448.6194	-0.0265	0.0929	0.5687	0.9538
UBE2L3	3009.2525	-0.0499	0.0941	0.2844	0.8965
UBE2L6	41.8979	-0.0087	0.1087	0.6841	0.9712
UBE2M	3446.4244	-0.0149	0.0935	0.7448	0.9761
UBE2MP1	8.5369	-0.0087	0.112	0.4228	0.9204
UBE2N	1907.3762	-0.0428	0.0953	0.3443	0.905
UBE2O	1173.7146	0.1056	0.112	0.0194	0.6425
UBE2Q1	1619.7531	0.0254	0.0933	0.5821	0.9552
UBE2Q2	498.9519	-0.0648	0.1007	0.1314	0.8492
UBE2Q2L	0.2341	-7e-04	0.1199	0.7987	NA
UBE2Q2P1	4.1447	-0.0012	0.1127	0.8647	NA
UBE2Q2P2	5.6772	-0.0012	0.112	0.8941	0.9901
UBE2Q2P3	8.6767	0.0189	0.1209	0.048	0.7463
UBE2R2	2364.1	-0.0151	0.092	0.7481	0.9766
UBE2S	3831.2636	-0.0476	0.099	0.2589	0.89
UBE2T	702.268	-0.0757	0.1047	0.072	0.7855
UBE2V1	2877.6555	-0.0323	0.0929	0.4902	0.9324
UBE2V2	1238.0722	-0.0564	0.0966	0.2114	0.8773
UBE2W	438.854	0.0379	0.0997	0.3501	0.9068
UBE2Z	2938.9453	0.0536	0.0925	0.2632	0.89
UBE3A	1770.5394	0.0132	0.0945	0.7683	0.9791
UBE3B	1139.3243	0.0209	0.096	0.63	0.964
UBE3C	3758.4807	0.0639	0.095	0.173	0.8611
UBE3D	103.5976	-0.0067	0.1057	0.8131	0.985
UBE4A	746.512	0.0077	0.0972	0.8539	0.9876
UBE4B	2282.654	0.0375	0.0954	0.402	0.9185
UBFD1	2504.862	-1e-04	0.0933	0.9978	0.9993
UBIAD1	639.4546	0.0114	0.0962	0.792	0.9836
UBL3	1137.9676	0.0211	0.094	0.6421	0.9666
UBL4A	933.3542	-0.0091	0.0952	0.8367	0.9854
UBL5	1810.0472	-0.0343	0.0977	0.4179	0.9204
UBL7	809.218	-0.0273	0.0968	0.5245	0.9416
UBL7-AS1	36.7977	-0.026	0.111	0.2077	0.8771
UBLCP1	653.84	-0.0305	0.0967	0.479	0.932
UBN1	1745.4483	0.0652	0.0985	0.1436	0.8598
UBN2	433.8858	0.1032	0.1287	0.0082	0.5196
UBOX5	269.4382	0.0556	0.1037	0.1522	0.8598
UBOX5-AS1	0.5223	0.0016	0.1212	0.5949	NA
UBP1	2319.3217	-0.0254	0.092	0.5912	0.9562
UBQLN1	3894.3567	0.0204	0.0923	0.6634	0.969
UBQLN2	1467.2893	0.0412	0.0939	0.3727	0.9118
UBQLN4	1949.8977	0.0387	0.0948	0.3936	0.9168
UBQLNL	0.6867	-0.0019	0.1209	0.5405	NA
UBR1	899.9445	0.0473	0.101	0.239	0.886
UBR2	1105.3168	0.0517	0.0964	0.2496	0.8873
UBR3	999.3152	0.0515	0.1022	0.1933	0.8684
UBR4	4309.2593	0.1876	0.1832	5e-04	0.1797
UBR5	2081.6955	0.0857	0.1072	0.0452	0.7463
UBR7	1438.4269	-0.0079	0.0938	0.8615	0.9885
UBTD1	737.8755	-0.0238	0.0966	0.5792	0.9552
UBTD2	900.1664	-0.0413	0.0955	0.3577	0.9092
UBTF	3658.1819	0.0416	0.0927	0.3777	0.9119
UBXN1	1387.4914	0.0015	0.0953	0.9722	0.9959
UBXN10	0.9175	-0.0027	0.1209	0.4283	NA
UBXN11	322.3618	-0.0407	0.1026	0.2771	0.8941
UBXN2A	379.9647	-0.0365	0.0995	0.369	0.9111
UBXN2B	711.2077	0.0385	0.0978	0.3659	0.9102
UBXN4	2894.7555	4e-04	0.0944	0.993	0.9987
UBXN6	2033.012	-0.0156	0.0937	0.7332	0.976
UBXN7	419.4661	0.0099	0.1111	0.4895	0.9324
UBXN7-AS1	0.9821	-0.0013	0.1167	0.7125	NA
UBXN8	274.6944	-0.0323	0.1014	0.3936	0.9168
UCA1	218.761	-0.0726	0.1108	0.0524	0.7561
UCHL1	143.0488	-0.0255	0.1044	0.4353	0.9227
UCHL3	427.5819	-0.1025	0.1149	0.0185	0.6379
UCHL5	855.1305	0.018	0.0962	0.6774	0.9708
UCK1	924.1744	-0.036	0.0959	0.4162	0.9204
UCK2	1500.5259	0.0423	0.0938	0.3624	0.9102
UCKL1	627.38	0.0063	0.0966	0.883	0.9899
UCKL1-AS1	50.0948	0.0723	0.1411	0.0025	0.3791
UCN	2.2831	0.0016	0.1131	0.7957	NA
UCN3	0.4578	-0.0013	0.1206	0.6493	NA
UCP1	6.2469	0.0083	0.1127	0.3655	0.9102
UCP2	3104.1952	-0.0728	0.0967	0.1187	0.8305
UCP3	11.3219	0.0044	0.1112	0.7244	0.9755
UEVLD	396.5477	-0.017	0.0989	0.6698	0.9698
UFC1	1084.2364	-0.0421	0.0977	0.3273	0.9003
UFD1L	2039.5243	-0.0696	0.0982	0.1245	0.8359
UFL1	404.934	-0.0211	0.1008	0.5755	0.955
UFM1	1100.184	-0.059	0.0963	0.1959	0.8714
UFSP1	51.6798	0.0023	0.1079	0.9196	0.9932
UFSP2	467.3069	-0.0465	0.1011	0.2446	0.8873
UGCG	2308.4086	0.051	0.0962	0.2577	0.89
UGDH	3532.0231	0.0616	0.0929	0.2	0.874
UGDH-AS1	12.8415	0.0034	0.111	0.7936	0.9836
UGGT1	2695.5226	0.0553	0.1015	0.176	0.8611
UGGT2	414.5832	-0.0272	0.0988	0.5025	0.9369
UGP2	1464.1901	-0.0484	0.0944	0.2954	0.8992
UGT2A3	4.8595	-0.0031	0.1123	0.7054	0.9724
UGT2B10	0.5211	0.0016	0.1212	0.5955	NA
UGT2B15	5.7551	-0.0011	0.112	0.8979	0.9907
UGT2B7	493.172	-0.0228	0.0973	0.5889	0.9555
UGT3A1	0.3365	0.0012	0.1205	0.687	NA
UGT3A2	5.8818	-0.001	0.1119	0.9131	0.993
UGT8	2.6305	-0.0011	0.113	0.8641	NA
UHMK1	2052.1775	0.0423	0.0973	0.3291	0.9004
UHRF1	2705.2352	0.0726	0.0963	0.1215	0.8309
UHRF1BP1	1596.4539	0.0822	0.1087	0.046	0.7463
UHRF1BP1L	491.5293	-0.0072	0.0985	0.8583	0.9881
UHRF2	633.7533	0.0673	0.1003	0.1226	0.8315
UIMC1	559.5816	-0.0096	0.0964	0.8221	0.9851
ULBP1	54.9785	0.0221	0.1087	0.3615	0.9102
ULBP2	33.9491	-0.0178	0.1102	0.357	0.9092
ULBP3	170.2897	0.0552	0.1103	0.0893	0.8072
ULK1	858.665	0.1291	0.1207	0.0073	0.5165
ULK2	779.0275	0.0418	0.0997	0.3063	0.8992
ULK3	630.7322	-0.0175	0.0962	0.6852	0.9712
ULK4	56.108	0.0202	0.1084	0.4087	0.9187
UMPS	1197.8218	-0.0187	0.0945	0.6764	0.9708
UNC119	669.3773	-0.0431	0.099	0.3015	0.8992
UNC119B	1436.0086	0.0021	0.0937	0.9633	0.9956
UNC13A	1090.0576	0.1129	0.1224	0.01	0.5561
UNC13B	988.2013	0.0434	0.1009	0.2762	0.8937
UNC13C	44.8798	0.0184	0.1094	0.3962	0.9176
UNC13D	404.4734	-7e-04	0.0981	0.987	0.9972
UNC45A	2168.9412	0.0182	0.0921	0.6983	0.9722
UNC50	648.0516	-0.092	0.1064	0.0383	0.7463
UNC5A	110.9241	0.0374	0.1073	0.224	0.8832
UNC5B	31.1741	0.008	0.1099	0.6507	0.9686
UNC5B-AS1	4.797	-0.0061	0.1132	0.4127	0.9201
UNC5C	227.2164	0.0587	0.108	0.1001	0.821
UNC5CL	2.8747	-0.0066	0.115	0.2977	NA
UNC79	3.6724	-0.0036	0.1137	0.5441	NA
UNC93A	9.0718	0.0037	0.1115	0.743	0.9761
UNC93B1	2384.9431	0.0028	0.0936	0.9505	0.9956
UNCX	0.2384	-7e-04	0.1199	0.7992	NA
UNG	1484.3201	0.0287	0.0931	0.5361	0.9444
UNK	736.4575	1e-04	0.0955	0.9985	0.9994
UNKL	1772.4093	0.0623	0.0949	0.1838	0.868
UPB1	0.4578	-0.0013	0.1206	0.6493	NA
UPF1	5126.2725	0.0963	0.1001	0.044	0.7463
UPF2	719.6663	0.0345	0.0989	0.4015	0.9185
UPF3A	506.0737	-0.0922	0.1094	0.0326	0.7128
UPF3B	322.7896	-0.0359	0.1004	0.3625	0.9102
UPK1A	0.2379	-7e-04	0.1199	0.7998	NA
UPK1A-AS1	0.4624	-0.0013	0.1206	0.6466	NA
UPK1B	1843.4198	-0.0064	0.0946	0.8856	0.9899
UPK2	15.8847	-0.0144	0.1116	0.3158	0.9
UPK3B	1967.4308	-0.0322	0.0944	0.4793	0.932
UPK3BL	442.8304	-0.026	0.1022	0.4708	0.9297
UPP1	802.0899	0.1156	0.1141	0.0134	0.6042
UPRT	106.3141	-0.0411	0.1082	0.1779	0.8611
UQCC1	790.2677	0.0552	0.0975	0.2123	0.8773
UQCC2	637.242	-0.0696	0.1058	0.0824	0.807
UQCR10	1471.7967	-0.0706	0.1045	0.0865	0.807
UQCR11	2645.6771	-0.0409	0.1003	0.3078	0.8996
UQCRB	2998.3179	-0.0891	0.1146	0.0261	0.6799
UQCRBP1	0.9414	-0.0033	0.1204	0.3758	NA
UQCRC1	5102.8298	-0.0308	0.0937	0.5039	0.937
UQCRC2	3643.4471	-0.0713	0.0933	0.1413	0.8598
UQCRFS1	2990.2687	-0.0512	0.0962	0.2548	0.8893
UQCRH	3017.5538	-0.0785	0.099	0.0873	0.807
UQCRHL	213.121	-0.0159	0.102	0.6544	0.969
UQCRQ	2482.9419	-0.0478	0.1016	0.2276	0.8832
URAHP	51.8549	0.007	0.1083	0.7538	0.9783
URB1	1517.3051	0.099	0.1131	0.0221	0.65
URB2	1185.9879	0.0752	0.1009	0.09	0.8072
URGCP	820.8255	0.0597	0.0981	0.178	0.8611
URGCP-MRPS24	2.6625	-0.0014	0.1136	0.7912	NA
URI1	1632.3071	-0.0307	0.0932	0.5079	0.9397
URM1	1093.9458	-0.1693	0.1454	0.0015	0.3254
UROD	1491.9569	-0.0574	0.0974	0.1978	0.8721
UROS	566.2485	-0.05	0.1	0.2289	0.8832
USB1	1449.5019	-0.0196	0.0944	0.6637	0.969
USE1	252.4139	-0.0246	0.1024	0.4914	0.9331
USF1	777.6269	0.0376	0.0964	0.3921	0.9162
USF2	1600.1753	-0.022	0.0954	0.6187	0.9593
USH1C	14.8022	0.0054	0.111	0.6904	0.9712
USH1G	14.216	0.0109	0.1114	0.4271	0.9207
USH2A	0.2605	9e-04	0.1202	0.7459	NA
USHBP1	24.5208	-0.0126	0.1103	0.4715	0.9302
USMG5	1768.563	-0.076	0.1019	0.0832	0.807
USO1	2225.5423	0.0224	0.0951	0.614	0.959
USP1	2941.4047	0.0065	0.092	0.8897	0.9899
USP10	2207.1884	0.054	0.0935	0.2526	0.8881
USP11	2156.9355	0.0019	0.0927	0.9681	0.9956
USP12	838.5895	0.0508	0.0999	0.2232	0.8832
USP13	439.3847	0.0168	0.099	0.6729	0.9707
USP14	2445.7786	0.0332	0.0926	0.4802	0.932
USP15	855.1635	0.0369	0.0999	0.3581	0.9092
USP16	894.2525	0.0118	0.0962	0.7848	0.9821
USP18	228.6948	0.0117	0.1015	0.7456	0.9761
USP19	2060.5793	0.0622	0.0955	0.1803	0.8633
USP2	36.3859	-0.0138	0.1096	0.4888	0.9324
USP2-AS1	1.206	-0.0021	0.1167	0.5968	NA
USP20	439.9297	0.0211	0.098	0.6084	0.9583
USP21	359.1316	-0.0045	0.0986	0.9111	0.9928
USP22	7116.3716	0.0771	0.0944	0.1106	0.8281
USP24	1848.8971	0.0546	0.1014	0.1812	0.8653
USP25	1126.0936	0.0379	0.0949	0.4024	0.9185
USP26	0.2605	9e-04	0.1202	0.7459	NA
USP27X	68.3214	0.0095	0.1069	0.7111	0.9731
USP27X-AS1	5.4177	-0.0021	0.1121	0.8107	0.9845
USP28	743.2947	0.0098	0.0966	0.8187	0.985
USP29	0.7496	9e-04	0.1176	0.7774	NA
USP3	816.7017	0.0049	0.0952	0.9118	0.9929
USP3-AS1	12.7634	-0.0081	0.1114	0.5267	0.9416
USP30	224.6424	-0.0138	0.1015	0.7019	0.9724
USP30-AS1	0.96	-0.0029	0.1209	0.4117	NA
USP31	427.5338	0.0576	0.1033	0.1464	0.8598
USP32	952.5054	0.079	0.1056	0.0611	0.7686
USP32P1	0.4788	-0.0014	0.1207	0.6406	NA
USP32P2	0.2606	9e-04	0.1202	0.7458	NA
USP33	1241.5483	0.043	0.0982	0.3122	0.9
USP34	2457.5587	0.0818	0.1108	0.0407	0.7463
USP35	727.3002	-0.0255	0.0966	0.5538	0.9494
USP36	1009.4945	0.0908	0.1065	0.0397	0.7463
USP37	664.0639	0.0387	0.0978	0.3634	0.9102
USP38	712.7731	0.0022	0.0972	0.9572	0.9956
USP39	1662.0398	0.0143	0.0928	0.7573	0.9789
USP4	1548.612	0.0705	0.0961	0.1315	0.8492
USP40	45.9952	0.0113	0.1087	0.6038	0.9581
USP41	2.4006	-0.0049	0.1144	0.4098	NA
USP42	566.5924	0.0581	0.0994	0.1773	0.8611
USP43	188.8286	0.0525	0.1069	0.1353	0.8555
USP44	120.1394	0.0027	0.1046	0.9291	0.9937
USP45	209.3022	0.0171	0.1024	0.6245	0.9622
USP46	1221.8915	0.0257	0.0968	0.5481	0.9489
USP46-AS1	25.03	-0.0116	0.1104	0.4924	0.9331
USP47	1789.8399	0.0479	0.098	0.2668	0.89
USP48	1818.8633	0.0519	0.0967	0.2451	0.8873
USP49	155.9053	-0.0199	0.1053	0.513	0.9404
USP5	3342.4081	0.024	0.0916	0.6132	0.9588
USP50	0.24	-7e-04	0.1199	0.7975	NA
USP51	35.383	0.0023	0.1089	0.9099	0.9927
USP53	217.3532	0.0151	0.1028	0.6585	0.969
USP54	548.7191	0.0587	0.1064	0.1139	0.8296
USP6	8.7206	-0.0107	0.1123	0.3218	0.9
USP6NL	693.3211	0.0502	0.1003	0.2237	0.8832
USP6NL-IT1	37.8331	-0.0053	0.1088	0.7977	0.9839
USP7	3221.9312	0.0504	0.0932	0.2864	0.8971
USP8	1219.4191	0.0473	0.0964	0.2891	0.8971
USP9X	5402.8293	0.0894	0.1027	0.0501	0.7518
USPL1	395.0173	0.0125	0.1003	0.741	0.9761
UST	601.114	0.0435	0.1022	0.2569	0.89
UTP11L	460.2984	0.0283	0.098	0.4967	0.935
UTP14A	523.2807	-0.0241	0.0975	0.5655	0.953
UTP14C	834.3072	0.0602	0.0976	0.1777	0.8611
UTP15	613.3621	0.057	0.0987	0.1902	0.8684
UTP18	1324.7806	0.0098	0.0932	0.8314	0.9854
UTP20	1492.3237	0.0981	0.1151	0.0203	0.6425
UTP23	363.2665	0.0605	0.1034	0.1317	0.8492
UTP3	713.8316	0.0152	0.0958	0.7273	0.9758
UTP6	1023.1862	0.0604	0.0966	0.1837	0.868
UTRN	3998.9632	0.0632	0.0968	0.1654	0.8611
UTS2B	0.7945	0.0029	0.1206	0.4161	NA
UVRAG	213.3653	-0.0261	0.1027	0.4611	0.9264
UVSSA	173.1924	0.0578	0.1107	0.0796	0.8068
UXS1	1518.5474	-0.0105	0.0943	0.8157	0.985
UXT	557.905	-0.0435	0.1007	0.2767	0.8937
UXT-AS1	0.7027	-0.002	0.1209	0.5306	NA
VAC14	967.128	-0.0021	0.0942	0.9627	0.9956
VAC14-AS1	0.9907	2e-04	0.1153	0.9605	NA
VAMP1	130.3	-0.0164	0.1043	0.606	0.9581
VAMP2	325.8067	-0.0817	0.11	0.0428	0.7463
VAMP3	1876.5444	-0.0592	0.0945	0.2064	0.8751
VAMP4	112.1667	-0.0235	0.106	0.4289	0.9207
VAMP5	11.1656	-0.0055	0.1116	0.6237	0.9618
VAMP7	624.2433	-0.057	0.0985	0.1916	0.8684
VAMP8	630.5265	-0.0391	0.0997	0.3357	0.9028
VANGL1	696.9829	0.0778	0.1034	0.0722	0.7863
VANGL2	445.1365	0.0184	0.0989	0.6459	0.9672
VAPA	2339.4141	-0.011	0.0927	0.8127	0.985
VAPB	1627.7888	0.0283	0.093	0.5426	0.9465
VARS	7267.3469	0.0928	0.0952	0.0601	0.7686
VARS2	1201.4552	0.0538	0.095	0.2434	0.886
VASH1	68.5289	-4e-04	0.1068	0.9865	0.9969
VASH2	53.7802	-0.0093	0.108	0.6873	0.9712
VASN	1039.416	0.071	0.0986	0.1165	0.8296
VASP	2084.3295	0.0429	0.0928	0.363	0.9102
VAT1	1894.8914	0.024	0.0926	0.6069	0.9581
VAV2	1544.4551	0.103	0.1048	0.0288	0.6943
VAV3	75.7039	0.0117	0.1067	0.6582	0.969
VAX1	4.364	-0.0045	0.1126	0.5624	NA
VAX2	213.6452	0.0216	0.1023	0.5427	0.9465
VBP1	1094.2282	-0.0714	0.0985	0.1154	0.8296
VCAN	14751.0926	0.0611	0.0923	0.2066	0.8753
VCL	16185.2745	0.1068	0.1067	0.0234	0.6573
VCP	6691.7148	0.0465	0.0912	0.3371	0.9028
VCPIP1	410.836	0.0458	0.101	0.252	0.8879
VCPKMT	160.084	0.0229	0.1034	0.4997	0.9355
VCX3A	0.2289	-7e-04	0.1199	0.8029	NA
VDAC1	6024.628	-0.0201	0.0917	0.6715	0.9704
VDAC2	4685.2755	-0.0112	0.0934	0.8068	0.9839
VDAC3	2995.778	-0.0779	0.0955	0.1034	0.8247
VDR	148.5328	0.0465	0.107	0.166	0.8611
VEGFA	1618.604	0.0888	0.0979	0.063	0.7689
VEGFB	1103.5015	-0.0539	0.0998	0.2018	0.874
VEGFC	1.9868	-0.0013	0.1134	0.8147	NA
VEPH1	96.5241	-0.0274	0.107	0.3396	0.9032
VEZF1	1930.1426	0.016	0.093	0.7302	0.9759
VEZT	1124.4973	0.0416	0.0964	0.3454	0.9054
VGF	174.8087	-0.0137	0.1032	0.6806	0.971
VGLL1	23.2721	-0.0103	0.1105	0.5245	0.9416
VGLL2	0.2729	9e-04	0.1202	0.7407	NA
VGLL3	5.4732	8e-04	0.112	0.9275	0.9937
VGLL4	2863.7474	0.0958	0.0973	0.0499	0.7518
VHL	1900.8879	-0.033	0.0947	0.4662	0.9277
VHLL	0.7816	0.0024	0.1212	0.4647	NA
VIL1	1.4763	-0.0013	0.1144	0.7839	NA
VILL	63.4599	-0.0094	0.1073	0.7057	0.9724
VIM	11193.687	0.0081	0.0919	0.8636	0.9887
VIM-AS1	11.2593	2e-04	0.1112	0.9895	0.9973
VIMP	663.4461	0.0388	0.0976	0.3644	0.9102
VIPAS39	378.4996	0.0371	0.0993	0.3631	0.9102
VIPR1	116.3828	0.0451	0.1083	0.1537	0.8598
VIT	1.0515	2e-04	0.1157	0.9635	NA
VKORC1	1420.3137	-0.0438	0.0965	0.3215	0.9
VKORC1L1	2019.1141	0.0091	0.0927	0.8443	0.986
VLDLR	2277.5467	0.0899	0.1025	0.0498	0.7518
VLDLR-AS1	14.9695	0.0042	0.111	0.7534	0.9783
VMA21	1727.1639	0.0274	0.0933	0.5532	0.9491
VMAC	62.8088	-0.0304	0.1099	0.2133	0.8774
VMO1	2.3087	0.0034	0.1136	0.568	NA
VMP1	2013.4708	-0.0207	0.093	0.6555	0.969
VN1R1	2.5055	-9e-04	0.1133	0.8666	NA
VN1R2	0.23	-7e-04	0.1199	0.802	NA
VNN2	0.6867	-0.0019	0.1209	0.5405	NA
VOPP1	1316.0214	-0.0078	0.0931	0.8654	0.9887
VPRBP	703.9453	0.0887	0.1113	0.0325	0.7128
VPREB3	0.5019	1e-04	0.1192	0.9603	NA
VPS11	695.2693	0.0373	0.0964	0.3945	0.917
VPS13A	524.7406	0.0336	0.105	0.3096	0.8998
VPS13B	882.2536	0.0766	0.1118	0.0435	0.7463
VPS13C	423.0069	0.047	0.1041	0.2022	0.874
VPS13D	811.6475	0.0518	0.1056	0.153	0.8598
VPS16	641.8332	0.012	0.096	0.781	0.9806
VPS18	1387.8477	0.0615	0.0951	0.1873	0.8684
VPS25	1260.715	-0.0429	0.0959	0.3371	0.9028
VPS26A	1790.3919	-0.0458	0.0936	0.3273	0.9003
VPS26B	1558.0029	0.0206	0.0928	0.6578	0.969
VPS28	1191.1697	-0.0018	0.0969	0.9651	0.9956
VPS29	1027.706	-0.1075	0.1099	0.0201	0.6425
VPS33A	680.7436	0.005	0.096	0.9077	0.9922
VPS33B	255.1816	0.0257	0.1009	0.4964	0.935
VPS35	3093.4651	0.0155	0.0921	0.7414	0.9761
VPS36	1149.7596	-0.039	0.096	0.3789	0.9124
VPS37A	700.7642	5e-04	0.0959	0.9915	0.998
VPS37B	1447.5583	0.027	0.0931	0.5611	0.9516
VPS37C	702.1222	0.0329	0.0971	0.4432	0.9232
VPS37D	184.2881	-0.0672	0.1101	0.0645	0.7718
VPS39	1403.2436	0.0731	0.0988	0.1075	0.8262
VPS41	1645.2647	0.0352	0.0957	0.4286	0.9207
VPS45	630.4955	-0.0977	0.1066	0.0317	0.7118
VPS4A	3098.0996	0.0164	0.0916	0.7291	0.9759
VPS4B	1143.548	0.0739	0.0983	0.1063	0.8258
VPS51	2221.8451	0.0106	0.094	0.8147	0.985
VPS52	1238.0624	0.0444	0.0944	0.3349	0.9026
VPS53	1100.2423	0.063	0.1099	0.0741	0.7897
VPS54	1086.4304	0.0242	0.0947	0.5895	0.9555
VPS72	980.0498	0.0039	0.0956	0.9289	0.9937
VPS8	338.0893	0.0014	0.099	0.9712	0.9959
VPS9D1	130.6407	-0.001	0.104	0.9747	0.9959
VPS9D1-AS1	434.4126	-0.0494	0.0996	0.2374	0.886
VRK1	728.4142	-0.0182	0.0957	0.6774	0.9708
VRK2	484.2014	0.064	0.1007	0.1348	0.853
VRK3	447.0751	-0.0659	0.102	0.1176	0.8296
VSIG1	1.1349	0.0031	0.1173	0.453	NA
VSIG10	670.6408	0.0296	0.0962	0.4977	0.9351
VSIG10L	78.2393	-0.0538	0.1149	0.0505	0.7518
VSIG2	0.7445	-9e-04	0.1167	0.7998	NA
VSTM1	1.8187	0.0034	0.1144	0.5244	NA
VSX1	0.24	-7e-04	0.1199	0.7975	NA
VTA1	1080.9638	-0.0116	0.0942	0.7963	0.9839
VTCN1	1145.0323	-0.0024	0.0936	0.9574	0.9956
VTI1A	318.9513	0.0189	0.1016	0.6014	0.9581
VTI1B	1525.4758	-0.0112	0.0939	0.8056	0.9839
VTN	886.2286	-0.0135	0.0959	0.756	0.9789
VWA1	564.0778	-0.0013	0.0976	0.975	0.9959
VWA2	5.4433	-0.0022	0.1121	0.803	0.9839
VWA3A	1.4679	-0.0014	0.1145	0.7643	NA
VWA3B	0.9576	-0.0014	0.1169	0.7047	NA
VWA5A	2.2167	0.0055	0.1175	0.2801	NA
VWA5B2	49.939	0.0361	0.1119	0.1215	0.8309
VWA7	98.9158	0.0248	0.107	0.3775	0.9119
VWA8	596.7513	0.0405	0.101	0.3033	0.8992
VWA9	1014.2483	-0.0021	0.094	0.9628	0.9956
VWCE	7.5511	-0.0085	0.1124	0.389	0.9162
VWF	167.1866	0.0044	0.103	0.8951	0.9903
WAC	2497.2542	0.0478	0.0938	0.3051	0.8992
WAC-AS1	146.8448	-0.0321	0.1047	0.3362	0.9028
WAPAL	1805.1729	0.028	0.096	0.5234	0.9416
WARS	2554.3493	0.0541	0.0929	0.2563	0.89
WARS2	703.6766	0.0048	0.0955	0.9133	0.9931
WAS	2.3658	-0.0062	0.1182	0.2402	NA
WASF1	994.433	0.0075	0.0945	0.8673	0.9887
WASF2	3057.1497	0.0644	0.0978	0.1522	0.8598
WASF3	538.7676	0.0344	0.1007	0.3772	0.9119
WASH1	113.3481	-0.0026	0.1045	0.9309	0.9937
WASH2P	219.3851	0.038	0.1029	0.3007	0.8992
WASH3P	187.558	0.0345	0.1037	0.3262	0.9001
WASH5P	55.1478	0.0426	0.1147	0.0581	0.7674
WASH7P	364.1363	0.0601	0.103	0.1364	0.8565
WASIR2	2.6757	-0.0038	0.1134	0.5512	NA
WASL	1794.2305	0.0363	0.0943	0.4262	0.9204
WBP1	1260.7592	-0.0205	0.0949	0.646	0.9672
WBP11	3171.4701	0.0387	0.0921	0.4161	0.9204
WBP1L	906.9702	0.0222	0.0953	0.6151	0.959
WBP2	1184.3371	-0.0297	0.0949	0.5082	0.9397
WBP2NL	0.6609	0.002	0.1215	0.5169	NA
WBP4	413.3389	-0.0331	0.099	0.418	0.9204
WBP5	3529.8296	-0.0988	0.1026	0.0363	0.7441
WBSCR16	2308.6324	-0.0032	0.093	0.9443	0.9954
WBSCR22	2119.4385	0.0172	0.0942	0.7031	0.9724
WBSCR27	84.7823	-0.0312	0.1079	0.2688	0.8901
WBSCR28	1.0727	0.0019	0.117	0.6077	NA
WDFY1	946.3121	0.0183	0.0951	0.6795	0.9708
WDFY2	226.2369	0.0694	0.1102	0.0602	0.7686
WDFY3	1549.5907	0.0876	0.115	0.0264	0.6814
WDFY3-AS2	16.424	-0.011	0.1112	0.4448	0.9232
WDFY4	20.204	-0.0037	0.1108	0.7939	0.9836
WDHD1	1356.2117	0.0417	0.096	0.349	0.9067
WDPCP	48.7772	-0.0115	0.1085	0.6067	0.9581
WDR1	13306.4029	0.0469	0.0916	0.3304	0.901
WDR11	1091.5013	-0.0774	0.0988	0.0916	0.8107
WDR12	1036.8143	0.0381	0.0947	0.4025	0.9185
WDR13	1006.5629	-0.0144	0.0977	0.7276	0.9758
WDR16	1.8397	-0.0045	0.1168	0.3523	NA
WDR18	2471.9544	0.0211	0.0959	0.6275	0.9634
WDR19	219.2658	-0.0109	0.1012	0.7643	0.9791
WDR20	501.3265	0.0042	0.0973	0.9201	0.9932
WDR24	496.4223	0.0423	0.0993	0.3058	0.8992
WDR25	288.8286	0.0074	0.1014	0.8364	0.9854
WDR26	2093.2834	0.0627	0.1007	0.1408	0.8597
WDR27	98.478	-0.0125	0.1053	0.6725	0.9707
WDR3	1427.1934	0.0406	0.0972	0.3488	0.9067
WDR31	16.2551	-0.0129	0.1115	0.3579	0.9092
WDR33	1756.7265	0.0548	0.0953	0.234	0.886
WDR34	2495.3466	-0.0428	0.0958	0.3388	0.903
WDR35	643.2871	0.1206	0.1232	0.0082	0.5196
WDR36	1411.2542	0.0951	0.1069	0.0339	0.7223
WDR37	427.6073	0.0558	0.1008	0.1797	0.8633
WDR38	13.1212	-4e-04	0.111	0.9766	0.9959
WDR4	768.1876	0.0471	0.0966	0.288	0.8971
WDR41	516.1089	-0.0048	0.0972	0.9086	0.9924
WDR43	1686.4961	0.0378	0.0961	0.3918	0.9162
WDR44	238.9355	0.0102	0.1016	0.776	0.9803
WDR45	923.8646	-0.0439	0.0973	0.3131	0.9
WDR45B	2396.576	0.0278	0.0921	0.5564	0.9507
WDR46	1672.5647	0.0061	0.0937	0.8942	0.9901
WDR47	597.3238	0.0305	0.0978	0.4682	0.9286
WDR48	1067.4333	0.048	0.0977	0.2693	0.8901
WDR5	1235.371	0.0472	0.0953	0.2995	0.8992
WDR52	48.4822	0.0063	0.1089	0.7576	0.9789
WDR53	127.8585	0.0046	0.1042	0.8822	0.9899
WDR54	374.9175	-0.0432	0.1008	0.2785	0.8951
WDR55	885.8902	0.0176	0.0954	0.6898	0.9712
WDR59	808.3642	0.0604	0.0976	0.1768	0.8611
WDR5B	130.6785	-0.0089	0.104	0.7787	0.9806
WDR6	3513.2905	0.0154	0.0919	0.7448	0.9761
WDR60	304.4539	0.0482	0.1023	0.2162	0.8785
WDR61	732.6195	-0.0679	0.101	0.1156	0.8296
WDR62	1113.288	0.0888	0.1023	0.0521	0.7559
WDR63	28.7998	-0.0226	0.1118	0.1966	0.8719
WDR65	6.5267	0.002	0.1119	0.8324	0.9854
WDR66	64.0881	-0.0223	0.1081	0.3835	0.915
WDR7	439.5517	9e-04	0.0986	0.9824	0.9961
WDR70	401.67	-0.0138	0.0982	0.7346	0.976
WDR72	84.5178	-0.008	0.1059	0.7735	0.9802
WDR73	451.2104	0.0263	0.0982	0.5242	0.9416
WDR74	749.2149	0.0184	0.0957	0.6747	0.9708
WDR75	1082.1675	0.067	0.0967	0.1459	0.8598
WDR76	885.846	0.0493	0.1008	0.2259	0.8832
WDR77	1671.0098	-0.0918	0.1017	0.0481	0.7463
WDR78	94.2466	0.0154	0.1058	0.5915	0.9562
WDR81	775.1026	0.0279	0.0964	0.5189	0.9416
WDR82	7646.6486	0.074	0.0971	0.1114	0.8281
WDR83	258.2736	0.0048	0.1014	0.893	0.9899
WDR83OS	1834.3841	-0.0282	0.0983	0.4949	0.9344
WDR86	1.1383	3e-04	0.1155	0.9294	NA
WDR88	5.2606	0.002	0.1121	0.8231	0.9851
WDR89	316.8244	-0.0203	0.0995	0.6066	0.9581
WDR90	592.9923	0.0617	0.0999	0.1525	0.8598
WDR91	2856.464	0.0899	0.0963	0.0645	0.7718
WDR92	271.6459	-0.0142	0.1003	0.7092	0.9731
WDR96	2.6752	-0.0034	0.1137	0.5646	NA
WDSUB1	236.6319	-0.0423	0.1032	0.253	0.8882
WDTC1	724.037	5e-04	0.0957	0.9916	0.998
WDYHV1	122.6599	-0.0168	0.1045	0.5932	0.9562
WEE1	1611.276	0.0515	0.0949	0.2636	0.89
WEE2	0.2607	9e-04	0.1202	0.7458	NA
WEE2-AS1	1.1974	-0.0024	0.1161	0.5639	NA
WFDC2	5.1446	-0.0027	0.1121	0.7504	0.977
WFDC3	0.71	-0.002	0.1208	0.5296	NA
WFIKKN1	106.2248	-0.027	0.1083	0.3048	0.8992
WFS1	899.2768	0.0241	0.0948	0.5902	0.956
WHAMM	469.5154	0.0045	0.0972	0.9151	0.9932
WHAMMP1	15.0128	0.0045	0.1109	0.7441	0.9761
WHAMMP2	6.1855	0.0079	0.1126	0.385	0.9152
WHAMMP3	7.5965	0.0032	0.1117	0.7506	0.977
WHSC1	4790.1739	0.0494	0.0936	0.292	0.8984
WHSC1L1	1901.4658	0.0378	0.098	0.3714	0.9111
WIBG	666.5625	-0.0345	0.0981	0.4109	0.9191
WIF1	0.9311	-0.0033	0.1203	0.3795	NA
WIPF1	10.8654	-0.0141	0.1126	0.2321	0.8851
WIPF2	1113.4848	0.0532	0.0989	0.2143	0.8778
WIPF3	4.7399	0.0018	0.1122	0.8253	0.9853
WIPI1	191.548	-0.052	0.1063	0.1448	0.8598
WIPI2	1451.9052	0.0185	0.0931	0.6893	0.9712
WISP1	2.0401	0.0019	0.1138	0.7254	NA
WIZ	1947.8265	0.0655	0.0953	0.1615	0.8611
WLS	2124.5738	-0.0154	0.0922	0.7425	0.9761
WNK1	5254.8634	0.0922	0.1113	0.0294	0.7015
WNK2	212.5866	0.0265	0.1052	0.4009	0.9185
WNK3	33.6048	0.0104	0.1094	0.5952	0.9562
WNK4	5.1855	0.0012	0.1121	0.8864	0.9899
WNT10A	212.1372	-0.0166	0.1022	0.6387	0.9658
WNT10B	7.0474	0.0016	0.1118	0.8711	0.9893
WNT11	23.2188	0.0153	0.1109	0.3623	0.9102
WNT16	0.2294	-7e-04	0.1199	0.8025	NA
WNT2	2.4262	-0.0043	0.1145	0.4406	NA
WNT2B	41.0763	0.0077	0.1086	0.7214	0.9753
WNT3	82.9994	0.0095	0.1062	0.7288	0.9759
WNT3A	1.0931	0.0035	0.1219	0.336	NA
WNT4	10.364	-0.0034	0.1114	0.7665	0.9791
WNT5A	218.2358	0.0285	0.1027	0.4241	0.9204
WNT5B	35.0375	-0.0114	0.1094	0.5644	0.9526
WNT6	151.0591	-0.029	0.1052	0.3643	0.9102
WNT7A	103.0308	0.035	0.1072	0.2471	0.8873
WNT7B	1255.0292	0.0586	0.0955	0.2042	0.8747
WNT8B	61.8759	-0.0171	0.1081	0.4816	0.932
WNT9A	62.9003	0.0245	0.1094	0.2978	0.8992
WRAP53	472.4693	-0.0201	0.0979	0.6267	0.9634
WRAP73	570.4259	0.0062	0.0966	0.8832	0.9899
WRB	801.5702	-0.0805	0.1015	0.0724	0.7875
WRN	578.0056	0.0806	0.1086	0.0485	0.7463
WRNIP1	1617.9638	0.021	0.0934	0.6487	0.9682
WSB1	691.0803	0.0154	0.0965	0.7185	0.9753
WSB2	1962.1539	0.0048	0.0923	0.9174	0.9932
WSCD1	212.4745	-0.0241	0.102	0.5061	0.9386
WSCD2	115.4253	0.0367	0.109	0.1914	0.8684
WT1	160.6926	-0.0097	0.1029	0.7738	0.9802
WT1-AS	4.6423	-0.0049	0.1125	0.5474	0.9487
WTAP	1768.5025	-0.0308	0.0941	0.5006	0.9355
WTH3DI	0.7073	-0.0023	0.12	0.4899	NA
WTIP	2176.4379	0.021	0.0951	0.6371	0.9657
WWC1	4680.832	0.0558	0.095	0.2282	0.8832
WWC2	5137.2792	0.0756	0.1077	0.06	0.7686
WWC2-AS2	22.4232	-1e-04	0.11	0.9957	0.9991
WWC3	1850.333	0.0609	0.0992	0.1624	0.8611
WWOX	168.3189	0.0047	0.1024	0.8918	0.9899
WWP1	786.7756	-0.0078	0.0982	0.8472	0.9866
WWP2	857.6269	0.0424	0.0964	0.3375	0.903
WWTR1	2619.2776	0.0619	0.0969	0.1724	0.8611
WWTR1-AS1	2.5424	6e-04	0.1132	0.9212	NA
XAB2	1432.7722	0.0648	0.0974	0.1526	0.8598
XAF1	9.5631	-0.0085	0.1118	0.456	0.9254
XAGE-4	0.2729	9e-04	0.1202	0.7407	NA
XBP1	2965.9726	-0.0339	0.0933	0.4657	0.9277
XDH	0.5004	1e-04	0.1192	0.9742	NA
XG	19.0455	0.0021	0.1103	0.8945	0.9903
XIAP	1225.6702	0.025	0.0968	0.5604	0.9514
XIRP1	1.2861	0.0011	0.1147	0.799	NA
XIRP2	7.5791	-0.0033	0.1117	0.7494	0.977
XIST	0.6867	-0.0019	0.1209	0.5405	NA
XK	2.3371	-0.0059	0.1183	0.2491	NA
XKR5	3.4938	-0.001	0.1125	0.893	NA
XKR8	467.0936	-0.0208	0.0987	0.6066	0.9581
XKR9	0.3014	-8e-04	0.1199	0.7697	NA
XKRX	3.0671	0.004	0.1132	0.5458	NA
XPA	375.7006	-0.0589	0.1037	0.1359	0.8557
XPC	1795.7794	-0.0041	0.0951	0.9252	0.9934
XPNPEP1	1643.4283	-0.0035	0.0929	0.9389	0.9946
XPNPEP3	1019.2927	0.0448	0.0955	0.3209	0.9
XPO1	5979.8183	-0.0281	0.0922	0.5512	0.9489
XPO4	1317.5524	0.0505	0.0984	0.241	0.886
XPO5	2444.5547	0.0602	0.0984	0.1719	0.8611
XPO6	3554.8817	0.0059	0.0927	0.898	0.9907
XPO7	2443.553	0.0776	0.0988	0.0909	0.8081
XPOT	3438.55	0.0784	0.0975	0.0938	0.8149
XPR1	6429.9465	0.0898	0.0979	0.0609	0.7686
XRCC1	1310.9292	-0.0928	0.0994	0.0513	0.7534
XRCC2	226.0146	0.0268	0.1049	0.403	0.9185
XRCC3	948.8179	-0.0197	0.0957	0.6521	0.969
XRCC4	380.0399	-0.0167	0.0986	0.6776	0.9708
XRCC5	9128.5451	-0.002	0.0904	0.9661	0.9956
XRCC6	11782.7312	-0.002	0.0902	0.9664	0.9956
XRCC6BP1	80.8498	-0.0446	0.112	0.0962	0.821
XRCC6P5	0.2729	9e-04	0.1202	0.7407	NA
XRN1	727.7284	0.0608	0.1054	0.1141	0.8296
XRN2	2858.6908	0.0524	0.0944	0.2596	0.89
XRRA1	204.094	-0.0015	0.1019	0.9652	0.9956
XXYLT1	1566.9195	0.0051	0.0927	0.9123	0.993
XXYLT1-AS2	0.2357	-7e-04	0.1199	0.8023	NA
XYLB	145.1297	0.0238	0.105	0.4489	0.9232
XYLT1	65.2617	0.0089	0.1069	0.7275	0.9758
XYLT2	604.9638	-0.0198	0.0965	0.6455	0.9672
YAE1D1	129.7256	-0.0419	0.1071	0.1922	0.8684
YAF2	340.4736	-5e-04	0.0991	0.9889	0.9972
YAP1	4740.0386	0.0483	0.0963	0.2801	0.8964
YARS	3768.6235	0.1023	0.0974	0.039	0.7463
YARS2	640.2003	0.0132	0.096	0.7609	0.9791
YBEY	209.7683	-0.1241	0.144	0.0029	0.4102
YBX1	23871.5135	-0.0131	0.0909	0.7852	0.9822
YBX2	31.2402	-0.0053	0.1095	0.7777	0.9806
YBX3	4038.253	-0.0123	0.0922	0.7934	0.9836
YBX3P1	1.4057	-0.0054	0.1227	0.218	NA
YDJC	566.9624	-0.0554	0.1031	0.1601	0.8611
YEATS2	1126.4015	0.0637	0.1022	0.1262	0.841
YEATS4	462.6689	-0.0372	0.0991	0.3648	0.9102
YES1	1751.3279	-0.0022	0.0953	0.9597	0.9956
YIF1A	1459.5795	-0.0265	0.0971	0.5334	0.9444
YIF1B	1426.6597	-0.0058	0.0965	0.8923	0.9899
YIPF1	187.765	-0.0596	0.1075	0.1012	0.8212
YIPF2	841.4923	0.0106	0.0957	0.8078	0.9839
YIPF3	2496.4956	0.0168	0.0939	0.7119	0.9733
YIPF4	612.1508	0.0216	0.0962	0.6184	0.9593
YIPF5	884.8622	0.002	0.0946	0.964	0.9956
YIPF6	999.8321	-0.0057	0.0948	0.898	0.9907
YJEFN3	23.7419	-0.0038	0.1103	0.8086	0.9839
YKT6	2517.4279	0.024	0.0929	0.6067	0.9581
YLPM1	1504.3467	0.0378	0.1025	0.3088	0.8998
YME1L1	4037.2843	0.0384	0.092	0.4201	0.9204
YOD1	369.3104	7e-04	0.1	0.9856	0.9969
YPEL1	17.5955	-0.0192	0.1123	0.19	0.8684
YPEL2	309.7647	0.0163	0.101	0.6596	0.969
YPEL3	238.8447	-0.0854	0.116	0.0257	0.6739
YPEL4	3.4037	0.0059	0.1146	0.3442	NA
YPEL5	535.6123	-0.0617	0.101	0.1447	0.8598
YPLR6490	17.0148	0.0022	0.1105	0.8833	0.9899
YRDC	977.5847	0.0199	0.0947	0.656	0.969
YTHDC1	1764.8556	0.0566	0.0946	0.225	0.8832
YTHDC2	1108.4227	0.0265	0.0999	0.4985	0.9353
YTHDF1	1665.484	0.0203	0.093	0.662	0.969
YTHDF2	1926.5827	1e-04	0.0926	0.9976	0.9991
YTHDF3	1854.3864	0.0353	0.0947	0.4367	0.9227
YTHDF3-AS1	16.4271	-0.0078	0.1111	0.5673	0.9534
YWHAB	5547.8882	-0.0221	0.0912	0.6434	0.9672
YWHAE	13398.0217	-0.0294	0.0916	0.5375	0.9448
YWHAEP1	0.9731	-0.0016	0.1161	0.6891	NA
YWHAEP7	0.2605	9e-04	0.1202	0.7459	NA
YWHAG	6065.8993	0.0377	0.0926	0.4244	0.9204
YWHAH	3135.4901	-0.0369	0.0935	0.426	0.9204
YWHAQ	7740.4312	-0.0251	0.0913	0.5991	0.9572
YWHAZ	13055.7209	-0.0132	0.0903	0.7851	0.9822
YY1	2648.6964	0.0467	0.093	0.3224	0.9
YY1AP1	1192.8056	0.0359	0.0944	0.431	0.9218
YY2	50.7932	0.0197	0.1088	0.3997	0.9185
ZACN	0.9881	2e-04	0.1159	0.9523	NA
ZADH2	371.5454	-0.0364	0.1006	0.3539	0.908
ZAK	844.7104	-0.012	0.0982	0.7671	0.9791
ZAP70	1.9892	5e-04	0.1133	0.9348	NA
ZAR1	0.5027	1e-04	0.1192	0.9653	NA
ZBBX	4.6954	-0.0042	0.1124	0.6085	0.9583
ZBED1	1851.9822	0.0345	0.0947	0.4456	0.9232
ZBED2	94.4475	-0.0341	0.108	0.2356	0.886
ZBED3	174.8199	0.0839	0.1234	0.0141	0.6102
ZBED3-AS1	7.1515	-0.0041	0.1118	0.6837	0.9712
ZBED4	1109.6121	0.0399	0.0985	0.3405	0.9036
ZBED5	505.4977	-0.016	0.0971	0.7043	0.9724
ZBED5-AS1	69.7807	-0.025	0.1088	0.3122	0.9
ZBED6	192.9358	0.0081	0.1131	0.3369	0.9028
ZBED6CL	131.1614	-0.0223	0.1055	0.4634	0.9268
ZBTB1	1226.2769	0.0175	0.0949	0.6947	0.9722
ZBTB10	1850.3513	0.029	0.0957	0.5106	0.9399
ZBTB11	790.6569	0.0227	0.0979	0.5833	0.9552
ZBTB11-AS1	161.4347	-0.0018	0.1028	0.956	0.9956
ZBTB12	215.8074	0.0717	0.1098	0.0581	0.7674
ZBTB14	287.4632	-0.0209	0.1003	0.5857	0.9552
ZBTB17	583.6916	-0.0041	0.0961	0.924	0.9934
ZBTB18	215.4649	-0.0341	0.1024	0.3531	0.908
ZBTB2	537.613	-0.0189	0.0971	0.6533	0.969
ZBTB20	209.9112	0.0421	0.1084	0.169	0.8611
ZBTB21	302.9326	0.0232	0.1023	0.5154	0.9411
ZBTB22	396.3333	0.001	0.0988	0.9805	0.9961
ZBTB24	495.0166	0.0043	0.1006	0.908	0.9922
ZBTB25	140.8249	0.035	0.1058	0.28	0.8964
ZBTB26	74.9713	0.03	0.1105	0.1957	0.871
ZBTB3	107.8222	0.0098	0.1052	0.7397	0.9761
ZBTB32	2.5357	0.004	0.1137	0.5134	NA
ZBTB33	524.9212	0.0385	0.0984	0.3585	0.9093
ZBTB34	496.418	0.0542	0.104	0.157	0.8607
ZBTB37	40.772	0.0104	0.1093	0.6011	0.9581
ZBTB38	778.3792	0.0198	0.0997	0.6114	0.9585
ZBTB39	386.1817	0.0561	0.1044	0.1441	0.8598
ZBTB4	1862.2472	0.0791	0.1032	0.0698	0.7804
ZBTB40	741.6898	0.0862	0.1066	0.0458	0.7463
ZBTB41	405.7376	0.003	0.1008	0.935	0.9943
ZBTB42	92.9662	0.0331	0.108	0.2475	0.8873
ZBTB43	413.9056	0.0618	0.1035	0.1243	0.835
ZBTB44	1954.4625	-0.0106	0.0933	0.8174	0.985
ZBTB45	363.6655	0.0121	0.0986	0.7627	0.9791
ZBTB46	103.8877	0.0298	0.107	0.3092	0.8998
ZBTB47	646.0685	0.0452	0.0978	0.2937	0.8992
ZBTB48	223.4648	0.0076	0.1014	0.8324	0.9854
ZBTB49	76.5611	0.0151	0.1065	0.5799	0.9552
ZBTB5	714.0618	0.0135	0.0974	0.7462	0.9761
ZBTB6	225.5359	0.0103	0.1014	0.775	0.9802
ZBTB7A	982.7028	0.0819	0.1038	0.0612	0.7686
ZBTB7B	987.4749	0.0229	0.0947	0.61	0.9583
ZBTB8A	296.3888	0.0113	0.0996	0.7698	0.9791
ZBTB8B	39.4096	0.0199	0.1101	0.3281	0.9003
ZBTB8OS	202.4489	-0.0528	0.1082	0.1192	0.8309
ZBTB9	405.9483	0.0867	0.1072	0.0437	0.7463
ZC2HC1A	173.6829	-0.0211	0.1039	0.5202	0.9416
ZC2HC1C	38.9755	-0.026	0.1108	0.2174	0.879
ZC3H10	163.8135	0.041	0.105	0.2355	0.886
ZC3H11A	2379.8019	0.0323	0.0922	0.4945	0.9341
ZC3H12A	96.0713	-0.0079	0.1052	0.7876	0.9832
ZC3H12B	2.966	-0.001	0.1127	0.8821	NA
ZC3H12C	345.2366	0.0117	0.1007	0.7536	0.9783
ZC3H12D	2.1505	-0.0038	0.1143	0.4923	NA
ZC3H13	1404.8525	0.0718	0.1054	0.0785	0.8038
ZC3H14	1413.6283	0.0711	0.098	0.1195	0.8309
ZC3H15	2209.5448	0.0542	0.0935	0.2512	0.8879
ZC3H18	1395.7036	0.0697	0.0995	0.117	0.8296
ZC3H3	671.9974	0.0737	0.1008	0.0955	0.82
ZC3H4	1253.1166	0.1237	0.1185	0.0091	0.5447
ZC3H6	181.6836	0.0471	0.1086	0.1388	0.8585
ZC3H7A	1657.5168	0.0241	0.0927	0.6058	0.9581
ZC3H7B	4655.5403	0.0586	0.1	0.1689	0.8611
ZC3H8	94.2153	4e-04	0.1056	0.9888	0.9972
ZC3HAV1	947.3929	0.0576	0.1002	0.1738	0.8611
ZC3HAV1L	233.0539	0.0528	0.1135	0.0638	0.7714
ZC3HC1	517.9162	0.0224	0.097	0.5989	0.9572
ZC4H2	0.2729	9e-04	0.1202	0.7407	NA
ZCCHC10	335.7226	-0.0929	0.1117	0.0283	0.6907
ZCCHC11	1099.2639	0.0254	0.0997	0.5189	0.9416
ZCCHC12	1.2329	-4e-04	0.1152	0.9157	NA
ZCCHC14	908.1448	0.1065	0.1137	0.0175	0.6309
ZCCHC17	859.8556	-0.0227	0.0955	0.6059	0.9581
ZCCHC18	25.5126	-0.0071	0.11	0.68	0.9708
ZCCHC2	563.4659	0.0488	0.1008	0.2288	0.8832
ZCCHC24	77.9974	0.0034	0.1065	0.897	0.9907
ZCCHC3	1485.2508	0.0302	0.0934	0.5141	0.9406
ZCCHC4	150.2662	0.0032	0.1047	0.916	0.9932
ZCCHC6	245.4042	0.0339	0.1055	0.2962	0.8992
ZCCHC7	341.5738	0.0081	0.099	0.8369	0.9854
ZCCHC8	759.489	0.0867	0.1017	0.0576	0.7658
ZCCHC9	497.3352	-0.0547	0.0997	0.1968	0.8721
ZCRB1	838.4036	-0.0478	0.0968	0.2791	0.8961
ZCWPW1	79.9767	0.0179	0.1083	0.4556	0.9254
ZCWPW2	3.5613	0.0042	0.1129	0.5575	NA
ZDBF2	12.5614	-0.0014	0.1111	0.9139	0.9932
ZDHHC1	89.1976	-0.0203	0.107	0.4557	0.9254
ZDHHC11	11.0704	0.0079	0.1115	0.5186	0.9416
ZDHHC11B	5.0017	-5e-04	0.1121	0.9502	0.9956
ZDHHC12	509.5557	-0.0579	0.1012	0.163	0.8611
ZDHHC13	243.0094	-0.0258	0.1012	0.4903	0.9324
ZDHHC14	372.9943	0.045	0.1001	0.2701	0.8902
ZDHHC16	764.5904	-0.0666	0.1011	0.1203	0.8309
ZDHHC17	396.0364	0.0736	0.107	0.0667	0.7775
ZDHHC18	785.9223	-0.0074	0.0953	0.866	0.9887
ZDHHC19	0.2306	-7e-04	0.1199	0.8015	NA
ZDHHC2	1091.7158	-0.0263	0.0942	0.5616	0.952
ZDHHC20	2491.4976	0.0163	0.0945	0.7157	0.9743
ZDHHC21	191.4507	-0.0685	0.1121	0.0526	0.7568
ZDHHC22	5.4181	0.0117	0.1153	0.155	0.8598
ZDHHC23	222.0295	-0.0637	0.1073	0.0903	0.8072
ZDHHC24	227.831	-0.0473	0.1059	0.1757	0.8611
ZDHHC3	860.8529	-0.0044	0.0954	0.9195	0.9932
ZDHHC4	578.2567	-0.0603	0.1023	0.1409	0.8597
ZDHHC5	2991.9514	0.0543	0.0947	0.2417	0.886
ZDHHC6	438.2608	-0.0182	0.0989	0.6502	0.9682
ZDHHC7	2354.668	0.0637	0.094	0.1801	0.8633
ZDHHC8	923.1755	0.0846	0.1005	0.0659	0.7756
ZDHHC8P1	362.1476	-0.1172	0.1232	0.0088	0.54
ZDHHC9	730.0405	0.027	0.0957	0.5399	0.9461
ZEB1	596.085	0.0308	0.1002	0.4322	0.9224
ZEB1-AS1	64.4862	-0.0144	0.1073	0.5729	0.9544
ZEB2	0.6875	-0.0019	0.1209	0.54	NA
ZER1	922.9884	0.0114	0.0944	0.7995	0.9839
ZFAND1	344.8426	-0.0246	0.0995	0.5353	0.9444
ZFAND2A	156.2672	-0.043	0.1065	0.1952	0.8709
ZFAND2B	474.4188	-0.028	0.0991	0.488	0.9323
ZFAND3	1999.5968	0.1073	0.1009	0.0286	0.6932
ZFAND4	124.4163	0.0265	0.1058	0.3866	0.9162
ZFAND5	6600.6949	0.0233	0.0909	0.6269	0.9634
ZFAND6	1388.8183	-0.0614	0.0966	0.1777	0.8611
ZFAS1	905.3477	-0.0668	0.1074	0.0811	0.807
ZFAT	234.4984	0.0455	0.1037	0.2194	0.8821
ZFC3H1	325.4923	-0.0311	0.1032	0.3771	0.9119
ZFHX2	273.8843	0.0706	0.1086	0.0656	0.7756
ZFHX3	946.533	0.0779	0.1114	0.0432	0.7463
ZFHX4	1.0353	0.0021	0.1164	0.5937	NA
ZFP1	239.5501	0.0022	0.1009	0.9523	0.9956
ZFP14	136.8353	0.0029	0.1058	0.9178	0.9932
ZFP2	12.7188	-0.0013	0.111	0.9187	0.9932
ZFP28	138.1214	0.0381	0.106	0.2441	0.8873
ZFP3	0.7942	0.0029	0.1206	0.4163	NA
ZFP30	376.0696	0.028	0.0995	0.4825	0.932
ZFP36	159.5927	-0.0388	0.1053	0.2514	0.8879
ZFP36L1	1930.5576	0.0627	0.0947	0.1823	0.8669
ZFP36L2	6796.5295	0.0577	0.0927	0.2289	0.8832
ZFP37	95.0151	-0.0099	0.1053	0.7355	0.976
ZFP41	173.3317	0.0383	0.1052	0.2572	0.89
ZFP42	2.048	0.0023	0.1135	0.6814	NA
ZFP57	1.0224	0.0021	0.1164	0.6005	NA
ZFP62	321.7659	0.0241	0.1006	0.5261	0.9416
ZFP64	554.9819	0.0326	0.0973	0.444	0.9232
ZFP69	75.1536	-0.0162	0.1067	0.5509	0.9489
ZFP69B	68.3921	0.0302	0.1096	0.2272	0.8832
ZFP82	163.6861	0.0038	0.1031	0.9074	0.9922
ZFP90	350.2526	-0.0236	0.0994	0.5517	0.9489
ZFP91	2721.0276	0.0362	0.0967	0.4057	0.9185
ZFP91-CNTF	19.735	5e-04	0.1141	0.9219	0.9933
ZFP92	3.3351	0.0045	0.1135	0.4835	NA
ZFPL1	649.4355	-0.036	0.0994	0.3752	0.9119
ZFPM1	281.5753	-0.0196	0.1008	0.6003	0.9581
ZFR	2202.7458	0.0498	0.0947	0.2799	0.8964
ZFX	1463.0358	0.0511	0.0964	0.2543	0.8893
ZFYVE1	328.5025	-0.0252	0.1002	0.515	0.9411
ZFYVE16	1317.533	0.0221	0.0977	0.5951	0.9562
ZFYVE19	373.7291	-0.0858	0.1107	0.0366	0.7446
ZFYVE20	650.5228	0.0615	0.104	0.122	0.8315
ZFYVE21	924.9757	-0.0532	0.0993	0.2105	0.8773
ZFYVE26	620.2828	0.0492	0.1042	0.1863	0.8684
ZFYVE27	345.0759	-0.0072	0.0992	0.8541	0.9876
ZFYVE28	40.6263	-0.0139	0.1098	0.4691	0.9289
ZFYVE9	858.4658	0.0644	0.1014	0.128	0.8437
ZG16	4.9428	-0.0023	0.1122	0.7887	0.9836
ZGLP1	40.4882	0.0095	0.1088	0.6525	0.969
ZGPAT	566.2364	0.03	0.0974	0.48	0.932
ZHX1	508.4753	-0.0484	0.1009	0.2316	0.8851
ZHX1-C8ORF76	4.6196	-0.0047	0.1126	0.5564	0.9507
ZHX2	1614.3599	0.1075	0.107	0.0226	0.6524
ZHX3	405.8292	-0.0091	0.1003	0.8103	0.9845
ZIC2	703.3868	0.0286	0.0958	0.5161	0.9411
ZIC5	130.3346	0.0093	0.1039	0.7694	0.9791
ZIK1	0.2729	9e-04	0.1202	0.7407	NA
ZKSCAN1	1036.3038	0.0522	0.1039	0.1705	0.8611
ZKSCAN2	239.1066	0.0516	0.1062	0.1474	0.8598
ZKSCAN3	151.1793	0.018	0.1039	0.5799	0.9552
ZKSCAN4	101.3557	0.0144	0.1055	0.6223	0.9612
ZKSCAN5	532.149	0.0389	0.0986	0.3516	0.9077
ZKSCAN7	80.6861	-0.0114	0.1064	0.6727	0.9707
ZKSCAN8	495.3329	0.0744	0.1085	0.0592	0.7686
ZMAT1	19.5285	3e-04	0.1105	0.9842	0.9967
ZMAT2	1231.4369	-0.0219	0.0952	0.622	0.9611
ZMAT3	1773.6458	0.0371	0.0979	0.3819	0.9138
ZMAT5	242.8682	-0.0254	0.1025	0.4758	0.9312
ZMIZ1	2258.8389	0.1776	0.1694	8e-04	0.222
ZMIZ2	2050.3045	0.0636	0.0961	0.1676	0.8611
ZMPSTE24	845.3805	-0.0124	0.0949	0.7799	0.9806
ZMYM1	328.7387	0.016	0.1011	0.6645	0.969
ZMYM2	1104.6194	0.0839	0.1101	0.04	0.7463
ZMYM3	1235.8926	0.0295	0.096	0.5007	0.9355
ZMYM4	1724.2291	0.0313	0.0961	0.4746	0.9312
ZMYM5	198.5934	-0.0138	0.1019	0.6975	0.9722
ZMYM6	225.0979	0.0098	0.1026	0.7747	0.9802
ZMYM6NB	307.1288	-0.08	0.1106	0.0432	0.7463
ZMYND10	14.246	-0.0093	0.1113	0.4866	0.9323
ZMYND11	1950.4033	0.0267	0.0964	0.5381	0.9449
ZMYND12	7.1976	-9e-04	0.1117	0.9263	0.9935
ZMYND15	1.4174	-0.0031	0.1163	0.4808	NA
ZMYND19	1099.8615	0.0278	0.097	0.5161	0.9411
ZMYND8	1651.5289	0.0687	0.1018	0.1077	0.8262
ZNF10	104.1792	-0.0044	0.1051	0.8801	0.9899
ZNF100	239.6166	0.0015	0.1013	0.9671	0.9956
ZNF101	126.6118	0.0052	0.1042	0.8661	0.9887
ZNF106	2180.3107	0.0254	0.096	0.561	0.9516
ZNF107	294.0356	-0.0179	0.1027	0.6051	0.9581
ZNF112	97.6935	0.0169	0.1061	0.5521	0.9489
ZNF114	65.6637	-0.03	0.1093	0.2381	0.886
ZNF117	115.8546	0.0363	0.107	0.2405	0.886
ZNF12	462.5826	0.0569	0.101	0.1711	0.8611
ZNF121	137.056	0.0413	0.1101	0.141	0.8598
ZNF124	135.5984	-0.007	0.1042	0.8212	0.9851
ZNF131	505.5441	0.0318	0.0985	0.4415	0.9232
ZNF132	27.6142	0.0024	0.1097	0.8948	0.9903
ZNF133	213.7612	0.0134	0.1014	0.7123	0.9733
ZNF134	250.4774	0.0316	0.1027	0.3809	0.9133
ZNF136	152.3509	0.0388	0.1059	0.2396	0.886
ZNF137P	32.6959	-1e-04	0.109	0.9961	0.9991
ZNF138	116.7106	0.0191	0.1057	0.5176	0.9416
ZNF14	147.3114	0.01	0.1036	0.7562	0.9789
ZNF140	284.749	0.0031	0.0996	0.937	0.9946
ZNF141	52.8176	0.011	0.1085	0.6177	0.9593
ZNF142	702.9287	0.0834	0.1119	0.0362	0.7437
ZNF143	336.4032	0.004	0.099	0.9186	0.9932
ZNF146	2154.3467	0.0224	0.0925	0.6325	0.9643
ZNF148	828.8644	0.0363	0.0979	0.3907	0.9162
ZNF154	6.4647	-2e-04	0.1118	0.9866	0.9969
ZNF155	124.7971	0.0269	0.1051	0.3983	0.9184
ZNF157	3.8832	-0.0036	0.1129	0.5989	NA
ZNF16	131.0467	-0.0212	0.1047	0.5036	0.9369
ZNF160	379.0132	0.0695	0.1073	0.0746	0.7903
ZNF165	20.8493	0.001	0.1101	0.9525	0.9956
ZNF169	33.846	0.0228	0.1109	0.2467	0.8873
ZNF17	84.8881	0.0252	0.1077	0.3517	0.9077
ZNF174	263.7654	0.0055	0.1009	0.8817	0.9899
ZNF175	138.8461	0.0074	0.1038	0.8178	0.985
ZNF177	81.3371	-0.0045	0.1064	0.8647	0.9887
ZNF18	129.7546	-0.0152	0.1041	0.6341	0.9651
ZNF180	266.2434	-0.0092	0.1	0.81	0.9845
ZNF181	172.9761	-0.0314	0.104	0.3576	0.9092
ZNF182	138.045	-0.0096	0.1038	0.7632	0.9791
ZNF184	206.7008	-0.0122	0.1022	0.7262	0.9758
ZNF185	1128.5718	-0.0089	0.0955	0.8392	0.9857
ZNF189	281.3408	0.0167	0.101	0.651	0.9686
ZNF19	21.295	-0.0088	0.1106	0.5763	0.9552
ZNF195	310.1278	-0.0011	0.0994	0.977	0.9959
ZNF197	354.4791	0.0076	0.0989	0.8489	0.9868
ZNF2	129.2463	0.0023	0.104	0.9415	0.9946
ZNF20	121.1224	-0.0218	0.105	0.4834	0.9321
ZNF200	317.701	0.0138	0.0998	0.7201	0.9753
ZNF202	318.6315	0.0781	0.1092	0.0504	0.7518
ZNF204P	7.2861	2e-04	0.1118	0.9859	0.9969
ZNF205	401.449	0.015	0.0986	0.7096	0.9731
ZNF205-AS1	0.7631	0.0011	0.1168	0.7534	NA
ZNF207	3877.0629	0.034	0.0917	0.4767	0.9312
ZNF211	227.3158	0.0206	0.1014	0.5763	0.9552
ZNF212	274.6186	0.0465	0.1025	0.2271	0.8832
ZNF213	271.0057	0.0095	0.1002	0.8014	0.9839
ZNF217	2236.6165	0.0516	0.1015	0.2008	0.874
ZNF219	753.903	0.0406	0.096	0.3611	0.9102
ZNF22	930.4007	-0.0285	0.096	0.5155	0.9411
ZNF221	24.149	0.0128	0.1111	0.3985	0.9184
ZNF222	44.3453	-0.004	0.1086	0.85	0.987
ZNF223	73.0988	0.024	0.1089	0.3247	0.9001
ZNF224	199.2862	0.0834	0.1156	0.0277	0.6844
ZNF225	88.1829	0.0108	0.107	0.6753	0.9708
ZNF226	251.1771	-0.0778	0.1142	0.0351	0.7317
ZNF227	263.2583	0.0051	0.1005	0.8921	0.9899
ZNF23	116.9434	-0.0135	0.1046	0.663	0.969
ZNF230	64.3675	0.0115	0.1071	0.6542	0.969
ZNF232	152.1854	-0.0234	0.1036	0.4862	0.9323
ZNF233	44.5862	7e-04	0.1082	0.9757	0.9959
ZNF234	173.7053	-2e-04	0.1036	0.9948	0.9991
ZNF235	67.0822	-0.0044	0.1069	0.8631	0.9887
ZNF236	344.8539	0.0565	0.1053	0.1332	0.8498
ZNF239	149.0857	0.0125	0.1032	0.7087	0.9731
ZNF24	1708.8652	0.0507	0.0978	0.2454	0.8873
ZNF248	301.4244	-0.0343	0.1026	0.349	0.9067
ZNF25	63.0156	-0.0097	0.1077	0.6869	0.9712
ZNF250	159.9761	0.0172	0.1038	0.597	0.9569
ZNF251	260.6503	0.0971	0.1196	0.016	0.6309
ZNF252P	364.4376	-0.0021	0.099	0.9569	0.9956
ZNF252P-AS1	1.8497	0.0076	0.1287	0.1191	NA
ZNF253	132.3165	0.0286	0.1065	0.3383	0.903
ZNF254	351.0539	0.0071	0.0994	0.8551	0.9877
ZNF256	87.7336	0.033	0.108	0.2468	0.8873
ZNF259	900.2302	-0.0019	0.0947	0.9662	0.9956
ZNF26	154.6628	0.0129	0.1037	0.6903	0.9712
ZNF260	620.8143	-0.0029	0.0979	0.9427	0.9947
ZNF263	791.6353	0.0625	0.0976	0.1641	0.8611
ZNF264	695.6833	0.0256	0.0999	0.513	0.9404
ZNF266	477.8644	0.0261	0.0979	0.5297	0.9428
ZNF267	162.7399	-0.0294	0.104	0.3852	0.9152
ZNF268	360.2621	0.0411	0.102	0.2819	0.8964
ZNF271	635.8863	-0.0231	0.0964	0.592	0.9562
ZNF273	91.5073	0.0088	0.1058	0.7548	0.9785
ZNF274	398.0721	0.0188	0.0983	0.6443	0.9672
ZNF275	418.3982	0.0681	0.1052	0.0903	0.8072
ZNF276	589.4295	0.0094	0.0962	0.8267	0.9853
ZNF277	346.0364	-0.0056	0.0989	0.8868	0.9899
ZNF28	409.749	0.049	0.1009	0.2265	0.8832
ZNF280B	44.6056	0.0249	0.1106	0.2385	0.886
ZNF280C	284.0217	0.0652	0.1068	0.089	0.8072
ZNF280D	339.861	0.0188	0.0995	0.6323	0.9643
ZNF281	892.907	0.0242	0.0977	0.5625	0.952
ZNF282	1191.635	0.0491	0.0953	0.2813	0.8964
ZNF283	83.6166	0.0024	0.1061	0.9295	0.9937
ZNF284	39.6012	0.0019	0.1088	0.9238	0.9934
ZNF286A	919.3764	0.0635	0.0993	0.1476	0.8598
ZNF286B	54.2064	-0.0103	0.1078	0.6664	0.969
ZNF287	131.5538	-0.0072	0.1037	0.8231	0.9851
ZNF292	555.7418	0.0691	0.1088	0.0676	0.7794
ZNF296	108.6833	-0.0109	0.1047	0.7209	0.9753
ZNF3	405.8114	0.0049	0.0988	0.9022	0.991
ZNF30	99.7372	-0.0064	0.1052	0.8264	0.9853
ZNF302	168.6066	-0.0397	0.1049	0.2506	0.8873
ZNF304	256.1941	0.0238	0.1039	0.4731	0.9309
ZNF311	0.2605	9e-04	0.1202	0.7459	NA
ZNF316	1159.2997	0.1312	0.1169	0.0078	0.5196
ZNF317	943.2965	0.0588	0.0978	0.1857	0.8684
ZNF318	767.6627	0.0461	0.103	0.2233	0.8832
ZNF319	452.2914	0.0602	0.1008	0.1531	0.8598
ZNF32	443.1922	-0.0574	0.1031	0.1491	0.8598
ZNF32-AS2	3.1352	0.0075	0.1163	0.229	NA
ZNF320	678.5696	0.0309	0.0977	0.4641	0.9271
ZNF321P	59.7216	0.0247	0.109	0.308	0.8998
ZNF322	722.8263	0.0074	0.0981	0.856	0.988
ZNF324	308.2859	0.0358	0.1012	0.3523	0.908
ZNF324B	156.3485	0.0279	0.1039	0.4093	0.9187
ZNF326	997.76	0.028	0.0956	0.5264	0.9416
ZNF329	219.3877	0.0397	0.1032	0.2778	0.8948
ZNF330	547.3183	-0.0366	0.0981	0.3855	0.9152
ZNF331	418.188	0.0262	0.0984	0.5229	0.9416
ZNF333	109.8461	-6e-04	0.105	0.9834	0.9966
ZNF335	458.5351	0.0726	0.1028	0.0891	0.8072
ZNF337	327.533	0.0249	0.1005	0.5147	0.941
ZNF33A	562.3949	-0.0039	0.098	0.9246	0.9934
ZNF33B	287.2024	0.0066	0.1016	0.8527	0.9876
ZNF33BP1	0.4578	-0.0013	0.1206	0.6493	NA
ZNF34	62.8089	-0.0014	0.1073	0.9542	0.9956
ZNF341	192.0244	0.0565	0.1071	0.1157	0.8296
ZNF343	229.7428	0.0013	0.1008	0.9715	0.9959
ZNF345	33.9438	0.0175	0.1099	0.3845	0.9151
ZNF346	345.6194	-0.0038	0.1001	0.9199	0.9932
ZNF347	287.5382	0.0409	0.1059	0.2223	0.8832
ZNF35	175.1211	0.0193	0.1028	0.5755	0.955
ZNF350	106.9126	-0.0054	0.1049	0.8561	0.988
ZNF354A	314.1623	-0.0382	0.1007	0.3314	0.9014
ZNF354B	83.5909	0.0242	0.1072	0.3815	0.9133
ZNF354C	128.116	0.0017	0.1055	0.9527	0.9956
ZNF358	1701.3796	-0.0147	0.0967	0.7297	0.9759
ZNF362	501.6791	0.078	0.1028	0.0739	0.7897
ZNF365	59.0774	0.001	0.1075	0.967	0.9956
ZNF367	686.5659	0.0241	0.0967	0.5737	0.9544
ZNF37A	508.7958	0.0453	0.1051	0.2005	0.874
ZNF37BP	150.0692	0.0012	0.1054	0.9668	0.9956
ZNF382	92.397	0.0138	0.1065	0.6119	0.9585
ZNF383	61.756	-0.013	0.1079	0.5857	0.9552
ZNF384	1436.5687	0.0587	0.0948	0.2076	0.8771
ZNF385A	1132.2489	0.0068	0.0941	0.8793	0.9899
ZNF385B	90.8558	-0.0217	0.1066	0.4432	0.9232
ZNF385C	141.3412	-0.0199	0.1049	0.5212	0.9416
ZNF391	23.9585	-0.0128	0.1105	0.4512	0.9232
ZNF394	274.6724	0.0151	0.1002	0.6918	0.9715
ZNF395	421.2753	-0.0051	0.0984	0.8992	0.9908
ZNF396	10.5482	-0.0085	0.1117	0.4657	0.9277
ZNF397	167.1336	0.0304	0.1051	0.3472	0.9066
ZNF398	428.6891	0.0373	0.0996	0.3578	0.9092
ZNF404	4.4081	-0.0041	0.1125	0.6079	NA
ZNF407	327.7662	0.0109	0.1012	0.7656	0.9791
ZNF408	404.0468	0.0539	0.1009	0.1906	0.8684
ZNF41	181.9904	0.0147	0.1039	0.6491	0.9682
ZNF410	865.7919	0.0058	0.0946	0.896	0.9903
ZNF414	431.3706	0.0189	0.0997	0.6281	0.9637
ZNF415	155.9438	0.0071	0.1031	0.8314	0.9854
ZNF416	127.1527	0.0111	0.104	0.7267	0.9758
ZNF417	148.5349	0.0651	0.116	0.0374	0.7463
ZNF418	1.0496	0.004	0.1213	0.3088	NA
ZNF419	114.9069	0.0104	0.1053	0.7204	0.9753
ZNF420	157.2599	0.0164	0.104	0.6101	0.9583
ZNF423	655.3606	0.0351	0.0985	0.3985	0.9184
ZNF425	54.2606	0.0026	0.1077	0.9097	0.9927
ZNF426	188.5392	0.0331	0.1083	0.2388	0.886
ZNF428	1460.9784	-0.0289	0.0949	0.519	0.9416
ZNF429	111.5756	0.033	0.1082	0.2431	0.886
ZNF43	168.0105	0.0055	0.1026	0.8716	0.9894
ZNF430	158.2355	-0.0056	0.1036	0.8627	0.9887
ZNF431	105.6237	0.0101	0.1064	0.7063	0.9724
ZNF432	118.9205	0.0295	0.1065	0.3258	0.9001
ZNF433	106.1202	-0.0256	0.1067	0.3761	0.9119
ZNF436	330.1456	-0.0091	0.0992	0.8175	0.985
ZNF438	67.0269	-0.0069	0.1073	0.7775	0.9806
ZNF439	147.2287	-0.0412	0.1069	0.2018	0.874
ZNF44	154.0322	0.0135	0.1031	0.6866	0.9712
ZNF440	305.4462	0.0242	0.1011	0.5178	0.9416
ZNF441	144.8385	0.0201	0.1041	0.5348	0.9444
ZNF442	42.2948	-0.009	0.1087	0.6731	0.9707
ZNF443	147.2811	0.0051	0.1037	0.874	0.9894
ZNF444	716.224	0.0101	0.0977	0.8072	0.9839
ZNF445	1112.7735	0.0562	0.1048	0.1395	0.8585
ZNF446	247.2806	5e-04	0.1014	0.9886	0.9972
ZNF449	158.3338	-0.0045	0.1028	0.8931	0.9899
ZNF45	381.242	0.0505	0.1032	0.1894	0.8684
ZNF451	840.8787	0.0459	0.0991	0.2732	0.8919
ZNF460	92.0893	0.0719	0.1254	0.0104	0.5586
ZNF461	72.6863	0.0151	0.1074	0.5514	0.9489
ZNF462	341.0186	0.0594	0.1109	0.0746	0.7903
ZNF467	373.6287	-0.1031	0.1153	0.0177	0.6356
ZNF468	402.8731	0.0045	0.0986	0.9114	0.9928
ZNF469	18.9062	0.0114	0.111	0.4446	0.9232
ZNF470	146.8845	0.0378	0.1059	0.2482	0.8873
ZNF471	47.6894	-0.0278	0.1111	0.1914	0.8684
ZNF473	335.8924	0.024	0.1007	0.5279	0.9418
ZNF474	0.24	-7e-04	0.1199	0.7975	NA
ZNF48	721.5801	0.0495	0.0976	0.2568	0.89
ZNF480	437.2997	-0.0047	0.0983	0.9073	0.9922
ZNF483	8.0808	0.0089	0.1122	0.3929	0.9162
ZNF484	102.0059	0.0155	0.1064	0.5745	0.9544
ZNF485	49.6968	-0.0256	0.1097	0.2681	0.89
ZNF486	0.2289	-7e-04	0.1199	0.8029	NA
ZNF487	17.3647	-0.004	0.1105	0.7896	0.9836
ZNF488	224.7561	-0.0094	0.101	0.7983	0.9839
ZNF490	154.9664	-0.0019	0.103	0.9551	0.9956
ZNF491	45.0328	-0.0204	0.1095	0.3541	0.908
ZNF492	52.5706	-0.015	0.1083	0.5211	0.9416
ZNF493	101.5641	0.0053	0.1064	0.8421	0.986
ZNF496	1094.2581	0.0783	0.1039	0.069	0.7804
ZNF497	96.5266	-5e-04	0.1059	0.985	0.9967
ZNF500	232.4721	-0.0058	0.1011	0.8735	0.9894
ZNF501	0.4578	-0.0013	0.1206	0.6493	NA
ZNF502	51.7504	0.0049	0.1079	0.8297	0.9854
ZNF503	175.7728	0.015	0.1033	0.6535	0.969
ZNF503-AS1	0.72	-0.002	0.1208	0.5235	NA
ZNF503-AS2	33.4828	-0.0211	0.1111	0.2493	0.8873
ZNF506	3.9885	7e-04	0.1125	0.9268	NA
ZNF507	621.7254	0.0452	0.1023	0.2403	0.886
ZNF510	214.6388	0.0242	0.1033	0.48	0.932
ZNF511	739.1887	-0.0505	0.1007	0.2167	0.8785
ZNF512	685.6776	-0.0474	0.0988	0.2638	0.89
ZNF512B	1804.0618	0.0341	0.0961	0.4376	0.9227
ZNF513	102.6857	-0.0275	0.1065	0.3541	0.908
ZNF514	117.8132	0.0078	0.1055	0.7847	0.9821
ZNF516	211.0987	0.0359	0.1039	0.3061	0.8992
ZNF517	97.0367	-0.0056	0.1051	0.8473	0.9866
ZNF518A	805.9027	0.0805	0.1052	0.0595	0.7686
ZNF518B	526.1556	0.0279	0.0999	0.4772	0.9313
ZNF519	42.3854	0.0105	0.1093	0.6005	0.9581
ZNF521	0.237	9e-04	0.1201	0.7634	NA
ZNF524	243.742	-0.0399	0.1044	0.2569	0.89
ZNF525	260.109	0.013	0.101	0.724	0.9755
ZNF526	383.2229	0.0476	0.1005	0.2425	0.886
ZNF527	117.5526	-3e-04	0.1062	0.9909	0.9978
ZNF528	87.3119	0.0057	0.1056	0.8404	0.986
ZNF529	299.1602	0.0278	0.1008	0.4673	0.9284
ZNF530	117.1048	0.0358	0.1072	0.2412	0.886
ZNF532	2880.2033	0.0874	0.1062	0.045	0.7463
ZNF540	13.5806	0.0056	0.1111	0.6699	0.9698
ZNF541	0.2368	-7e-04	0.1199	0.7965	NA
ZNF542	227.1163	0.0035	0.101	0.9229	0.9934
ZNF543	182.5846	0.0367	0.1044	0.2893	0.8971
ZNF544	407.4855	0.027	0.0992	0.5019	0.9365
ZNF546	103.9565	0.031	0.1066	0.3036	0.8992
ZNF547	40.7162	0.0041	0.1084	0.8495	0.987
ZNF548	273.6867	0.0327	0.1016	0.385	0.9152
ZNF549	172.359	0.0516	0.1066	0.1427	0.8598
ZNF550	192.1824	0.0114	0.1032	0.7316	0.976
ZNF551	233.8884	0.0468	0.1063	0.173	0.8611
ZNF552	181.2427	-0.0445	0.105	0.2084	0.8771
ZNF554	107.1198	0.0016	0.1046	0.9576	0.9956
ZNF555	96.6766	-0.0153	0.1059	0.592	0.9562
ZNF556	0.2733	0.001	0.1202	0.7403	NA
ZNF557	157.7665	0.0258	0.1036	0.4467	0.9232
ZNF558	274.6017	-0.0176	0.1007	0.6389	0.9658
ZNF559	154.4272	0.0048	0.1033	0.8845	0.9899
ZNF559-ZNF177	23.3373	0.0052	0.1107	0.7228	0.9755
ZNF561	921.7709	-0.0129	0.0954	0.7694	0.9791
ZNF562	693.9499	0.0398	0.1014	0.3042	0.8992
ZNF563	30.3944	-0.0263	0.1121	0.1539	0.8598
ZNF564	193.113	-0.0177	0.1024	0.613	0.9588
ZNF565	57.9322	-0.0022	0.1074	0.9259	0.9934
ZNF566	237.825	0.0299	0.1033	0.3923	0.9162
ZNF567	150.8023	0.0406	0.1055	0.2315	0.8851
ZNF568	62.4159	0.0087	0.1072	0.7278	0.9758
ZNF569	187.7789	0.008	0.1019	0.8204	0.9851
ZNF57	78.4952	-0.009	0.1062	0.7406	0.9761
ZNF570	50.8248	0.0188	0.1091	0.4028	0.9185
ZNF571	34.1806	0.0033	0.1089	0.8687	0.9889
ZNF571-AS1	0.2609	9e-04	0.1202	0.7456	NA
ZNF572	34.1326	0.0115	0.1096	0.5515	0.9489
ZNF573	39.7688	0.0261	0.1113	0.1943	0.8697
ZNF574	660.4548	0.061	0.0987	0.1654	0.8611
ZNF575	26.9378	-0.0053	0.1099	0.7616	0.9791
ZNF576	323.9798	-0.0106	0.1011	0.7717	0.9796
ZNF577	100.2603	-0.0347	0.1075	0.2433	0.886
ZNF578	33.6332	0.0106	0.1093	0.5943	0.9562
ZNF579	681.2655	-0.0039	0.0985	0.9235	0.9934
ZNF580	460.7852	-0.2211	0.2037	2e-04	0.1378
ZNF581	347.6529	-0.0301	0.1017	0.4198	0.9204
ZNF582	5.1401	0.006	0.1126	0.4754	0.9312
ZNF582-AS1	2.4696	0.0039	0.1137	0.5236	NA
ZNF583	71.9404	0.0078	0.1065	0.7686	0.9791
ZNF584	246.5125	-0.0426	0.1035	0.246	0.8873
ZNF585A	154.8039	-0.0363	0.1056	0.2692	0.8901
ZNF585B	260.5841	0.0281	0.1018	0.446	0.9232
ZNF586	149.9691	0.0128	0.1034	0.6983	0.9722
ZNF587	417.6237	0.0587	0.1054	0.1221	0.8315
ZNF587B	163.6327	0.0092	0.1028	0.7847	0.9821
ZNF589	97.1805	-0.0021	0.1052	0.9419	0.9947
ZNF592	1650.4428	0.0838	0.1007	0.067	0.7786
ZNF593	633.8292	-0.0161	0.0982	0.6934	0.9717
ZNF594	151.671	0.0481	0.109	0.1288	0.8462
ZNF595	179.9038	0.0203	0.1029	0.5545	0.95
ZNF596	41.6784	0.0212	0.1099	0.3199	0.9
ZNF597	46.5528	0.0099	0.1088	0.6395	0.9658
ZNF598	1619.9309	0.0879	0.0979	0.0652	0.7747
ZNF599	53.2558	-0.0048	0.1083	0.8261	0.9853
ZNF600	157.3855	0.0135	0.1037	0.6775	0.9708
ZNF605	247.1054	0.0243	0.1033	0.4778	0.932
ZNF606	122.5856	-0.0151	0.1044	0.6306	0.964
ZNF607	258.1848	0.0198	0.1005	0.6019	0.9581
ZNF608	640.349	0.0537	0.1028	0.1726	0.8611
ZNF609	1065.9462	0.0556	0.1042	0.148	0.8598
ZNF610	35.856	0.0087	0.1092	0.6589	0.969
ZNF611	233.626	0.0614	0.1125	0.0598	0.7686
ZNF613	102.4439	2e-04	0.1054	0.9938	0.9988
ZNF614	365.7793	0.0291	0.1001	0.4574	0.9254
ZNF615	200.0637	0.0324	0.1051	0.3232	0.9
ZNF616	230.9159	0.0459	0.104	0.2119	0.8773
ZNF618	946.8142	0.0448	0.1034	0.2282	0.8832
ZNF619	78.7467	-9e-04	0.1076	0.9696	0.9956
ZNF620	163.1755	-0.0019	0.1043	0.9512	0.9956
ZNF621	570.4908	0.0408	0.1009	0.3009	0.8992
ZNF622	669.9467	0.0224	0.0959	0.6074	0.9581
ZNF623	367.2427	0.0731	0.1105	0.0531	0.7576
ZNF624	120.3268	0.0106	0.1045	0.7301	0.9759
ZNF625	86.5872	0.0472	0.1129	0.0779	0.8033
ZNF627	290.0267	6e-04	0.1001	0.9883	0.9972
ZNF628	390.4853	0.043	0.1006	0.2829	0.8965
ZNF629	900.724	0.0654	0.1021	0.1191	0.8308
ZNF630	12.5355	-0.0044	0.1112	0.7248	0.9755
ZNF638	1962.9688	0.0709	0.0975	0.1224	0.8315
ZNF638-IT1	9.3473	0.0208	0.1202	0.044	0.7463
ZNF639	420.5241	-0.011	0.0982	0.787	0.9832
ZNF641	251.2143	-0.0109	0.1012	0.7644	0.9791
ZNF644	923.8089	-0.0307	0.0973	0.4701	0.9294
ZNF646	461.6347	0.0936	0.1196	0.0171	0.6309
ZNF648	0.6878	-0.0019	0.1209	0.5398	NA
ZNF649	430.8484	0.0292	0.1004	0.4511	0.9232
ZNF652	681.9	0.0099	0.0981	0.8074	0.9839
ZNF653	161.4634	-0.027	0.1039	0.4234	0.9204
ZNF654	310.1772	0.0127	0.1005	0.735	0.976
ZNF655	593.4275	-0.0782	0.1028	0.0736	0.7897
ZNF658	134.2968	0.0344	0.1055	0.2903	0.8981
ZNF658B	65.0098	-0.032	0.1096	0.2122	0.8773
ZNF660	166.2983	0.0089	0.1034	0.7845	0.9821
ZNF662	4.9995	0.0011	0.1121	0.9005	0.9908
ZNF664	3361.2573	0	0.0938	0.9992	0.9994
ZNF665	59.8294	0.0178	0.1087	0.4384	0.9227
ZNF668	512.499	0.0299	0.0975	0.4796	0.932
ZNF669	110.1791	-0.0028	0.1045	0.9255	0.9934
ZNF670	112.6604	-0.0249	0.1061	0.4013	0.9185
ZNF670-ZNF695	4.5999	-0.0066	0.1129	0.4135	NA
ZNF671	112.3037	-0.0031	0.1051	0.9151	0.9932
ZNF672	1033.737	-0.0257	0.0943	0.5707	0.9544
ZNF674	65.5406	-0.0276	0.1091	0.27	0.8902
ZNF674-AS1	76.5382	-0.0189	0.1068	0.4874	0.9323
ZNF675	142.6629	0.0296	0.1059	0.3405	0.9036
ZNF678	273.4679	-0.0128	0.1013	0.726	0.9758
ZNF680	232.73	-0.005	0.101	0.8919	0.9899
ZNF681	149.1755	0.0111	0.1032	0.7376	0.9761
ZNF682	70.7073	-0.0034	0.1064	0.8982	0.9907
ZNF683	0.7619	0.0011	0.1168	0.7554	NA
ZNF684	48.3734	-0.0067	0.1083	0.7617	0.9791
ZNF687	414.3627	0.0518	0.1001	0.2133	0.8774
ZNF688	118.7395	-0.0586	0.1131	0.0597	0.7686
ZNF689	439.0106	0.0053	0.0975	0.8978	0.9907
ZNF69	313.3835	0.058	0.1031	0.1457	0.8598
ZNF691	207.6965	-0.0056	0.1031	0.8663	0.9887
ZNF692	368.8508	0.0205	0.0993	0.6048	0.9581
ZNF695	70.8767	-0.0161	0.107	0.542	0.9465
ZNF696	314.2307	0.0861	0.1104	0.0368	0.7457
ZNF697	142.4071	0.0211	0.1049	0.4986	0.9354
ZNF699	119.0393	0.0539	0.1151	0.0482	0.7463
ZNF7	366.1316	0.0145	0.0985	0.719	0.9753
ZNF70	142.7548	0.024	0.1054	0.437	0.9227
ZNF700	271.9076	0.0056	0.1007	0.8802	0.9899
ZNF701	131.9079	0.0151	0.1043	0.6309	0.964
ZNF702P	153.0869	0.026	0.1052	0.4089	0.9187
ZNF703	243.8517	0.0304	0.1018	0.4122	0.9201
ZNF704	1807.7343	0.0824	0.1077	0.0485	0.7463
ZNF705E	0.2393	-7e-04	0.1199	0.7982	NA
ZNF706	840.5707	-0.0532	0.1002	0.2029	0.8743
ZNF707	180.2271	0.0564	0.1084	0.1045	0.8247
ZNF708	112.6957	0.0064	0.1059	0.8181	0.985
ZNF709	123.3169	-0.0118	0.1044	0.7035	0.9724
ZNF71	218.1802	0.0198	0.1021	0.5785	0.9552
ZNF710	265.6128	0.0352	0.1018	0.3508	0.9072
ZNF711	91.2544	0.0322	0.1077	0.2618	0.89
ZNF713	23.38	-0.0068	0.1104	0.6671	0.9694
ZNF714	239.7038	0.0325	0.1053	0.3182	0.9
ZNF717	27.614	0.0128	0.1106	0.4445	0.9232
ZNF718	78.1134	0.0114	0.1084	0.6116	0.9585
ZNF720	132.3776	-0.0119	0.1038	0.7103	0.9731
ZNF721	402.5945	0.0306	0.1006	0.4292	0.9207
ZNF724P	15.4611	0.0173	0.1123	0.2135	0.8774
ZNF736	44.7558	0.0313	0.1137	0.085	0.807
ZNF737	185.319	0.0127	0.1049	0.6729	0.9707
ZNF738	196.9484	-0.0607	0.1077	0.0965	0.821
ZNF74	607.7279	0.0245	0.098	0.5536	0.9492
ZNF740	629.2836	0.0602	0.0987	0.1701	0.8611
ZNF746	907.438	0.0933	0.1039	0.0415	0.7463
ZNF747	362.6286	-0.0041	0.0984	0.9193	0.9932
ZNF749	106.0639	0.0242	0.1076	0.3699	0.9111
ZNF750	4.8753	0.0098	0.1147	0.2078	0.8771
ZNF75A	77.126	-0.0104	0.1065	0.6979	0.9722
ZNF75D	205.4011	0.0273	0.1025	0.4454	0.9232
ZNF76	447.7181	0.0032	0.0977	0.9386	0.9946
ZNF761	328.9454	0.017	0.1007	0.6501	0.9682
ZNF763	56.896	0.0065	0.1075	0.7872	0.9832
ZNF764	230.4221	0.0078	0.1009	0.8325	0.9854
ZNF765	178.3585	0.0298	0.1039	0.3825	0.9139
ZNF766	247.3285	0.036	0.102	0.3371	0.9028
ZNF767	100.1413	0.0152	0.1054	0.6062	0.9581
ZNF768	1053.3044	0.012	0.094	0.7904	0.9836
ZNF77	56.3921	-0.0211	0.1085	0.3853	0.9152
ZNF770	1747.7694	0.0055	0.0943	0.9033	0.9911
ZNF771	430.3385	-0.0413	0.1019	0.2816	0.8964
ZNF772	3.2442	0.0056	0.1146	0.3586	NA
ZNF773	58.9394	0.0122	0.1077	0.6129	0.9588
ZNF774	9.8488	0.0019	0.1115	0.8652	0.9887
ZNF775	138.7343	-0.0126	0.1041	0.6903	0.9712
ZNF776	359.1543	-0.0088	0.1002	0.8161	0.985
ZNF777	808.2564	0.0528	0.0968	0.237	0.886
ZNF778	178.8853	0.0487	0.1115	0.0938	0.8149
ZNF780A	414.0356	0.0079	0.101	0.8296	0.9854
ZNF780B	312.5704	0.0679	0.107	0.0804	0.8068
ZNF781	14.1652	-0.0139	0.1119	0.2949	0.8992
ZNF782	68.0235	-0.0013	0.1069	0.9582	0.9956
ZNF783	369.7123	0.0638	0.104	0.1126	0.8296
ZNF784	115.298	0.0055	0.1044	0.8571	0.988
ZNF785	2.3707	-0.0014	0.1132	0.8082	NA
ZNF786	198.2768	0.0025	0.1015	0.945	0.9956
ZNF787	1278.7706	-0.0017	0.0958	0.9693	0.9956
ZNF788	179.3462	-0.0064	0.1024	0.8513	0.9872
ZNF789	30.3296	-0.0094	0.1096	0.6168	0.9592
ZNF79	325.5699	0.0307	0.1003	0.4326	0.9225
ZNF790	84.4761	0.0313	0.108	0.2633	0.89
ZNF791	191.3661	0.0414	0.1077	0.1863	0.8684
ZNF792	73.234	0.0192	0.1075	0.4597	0.9259
ZNF793	119.9518	-0.0026	0.1063	0.9236	0.9934
ZNF799	151.199	-0.0106	0.1036	0.7437	0.9761
ZNF8	149.0267	0.0303	0.1054	0.3436	0.905
ZNF800	352.8459	0.0206	0.1021	0.5636	0.952
ZNF804A	0.2393	-7e-04	0.1199	0.7983	NA
ZNF805	330.0531	0.0257	0.1006	0.5006	0.9355
ZNF808	107.5537	0.0326	0.11	0.1928	0.8684
ZNF81	146.6286	0.0352	0.1106	0.1619	0.8611
ZNF812	0.2895	0.001	0.1203	0.7255	NA
ZNF813	143.7891	0.0112	0.1056	0.6962	0.9722
ZNF814	114.6122	0.0193	0.1054	0.5214	0.9416
ZNF815P	0.4578	-0.0013	0.1206	0.6493	NA
ZNF816	232.5106	0.0503	0.105	0.1693	0.8611
ZNF818P	160.4443	-0.0241	0.1048	0.4499	0.9232
ZNF821	72.7854	0.0145	0.1068	0.5854	0.9552
ZNF823	164.9023	-0.0015	0.1036	0.9617	0.9956
ZNF827	4.5044	0.0076	0.114	0.2986	NA
ZNF829	15.8529	0.0086	0.111	0.5496	0.9489
ZNF83	301.2739	0.009	0.0994	0.8176	0.985
ZNF830	220.049	0.012	0.1012	0.7419	0.9761
ZNF833P	6.5007	0.0015	0.1118	0.8803	0.9899
ZNF836	24.9999	0.0033	0.1097	0.8497	0.987
ZNF837	21.03	0.0019	0.1102	0.9079	0.9922
ZNF839	309.0083	-0.0077	0.0994	0.8437	0.986
ZNF84	504.1602	0.067	0.1027	0.109	0.8274
ZNF841	136.0045	0.0354	0.1064	0.2612	0.89
ZNF843	4.2974	-0.0085	0.1149	0.2313	NA
ZNF844	455.2254	0.0212	0.0997	0.5876	0.9552
ZNF845	173.8248	0.0164	0.1039	0.6108	0.9584
ZNF846	35.5838	-0.0117	0.1093	0.5587	0.9508
ZNF85	154.1226	-0.0103	0.1034	0.7529	0.9783
ZNF850	344.9264	0.0842	0.1116	0.036	0.7416
ZNF852	64.3358	0.0163	0.1091	0.4527	0.9239
ZNF853	309.9561	-0.0292	0.1012	0.4403	0.9232
ZNF860	33.4735	0.0048	0.1091	0.8076	0.9839
ZNF862	190.5675	0.0408	0.105	0.2383	0.886
ZNF865	794.7755	0.0286	0.0954	0.5192	0.9416
ZNF876P	7.7205	0.012	0.1129	0.2451	0.8873
ZNF878	23.716	-0.0085	0.1102	0.6146	0.959
ZNF879	54.5378	1e-04	0.1076	0.9969	0.9991
ZNF880	41.3518	0.023	0.1102	0.2793	0.8961
ZNF883	84.2344	-0.0075	0.1059	0.7863	0.9829
ZNF888	239.4162	0.0382	0.1055	0.2524	0.8881
ZNF891	21.809	0.0026	0.1101	0.8741	0.9894
ZNF91	281.367	0.0217	0.1015	0.5545	0.95
ZNF92	305.3035	-0.016	0.1003	0.6738	0.9708
ZNF93	157.1283	0.0092	0.1033	0.7812	0.9806
ZNFX1	1022.5282	0.0326	0.0998	0.4145	0.9204
ZNHIT1	1487.1936	-0.0607	0.1003	0.1548	0.8598
ZNHIT2	461.433	0.0209	0.1003	0.5849	0.9552
ZNHIT3	485.3903	-0.0437	0.0992	0.2928	0.8986
ZNHIT6	808.5446	0.0212	0.0993	0.5918	0.9562
ZNRD1	327.2308	-0.0266	0.1025	0.4566	0.9254
ZNRD1-AS1	3.6791	-0.0016	0.1125	0.8225	NA
ZNRF1	1331.524	-0.0068	0.0967	0.8731	0.9894
ZNRF2	525.0618	-0.0248	0.0973	0.5569	0.9507
ZNRF2P1	40.2571	0.0166	0.1098	0.4097	0.9188
ZNRF2P2	11.2246	0.0016	0.1112	0.8976	0.9907
ZNRF3	1004.1231	0.0589	0.0998	0.1687	0.8611
ZNRF3-AS1	1.2139	-0.0021	0.1167	0.5919	NA
ZP3	24.9218	-0.0274	0.113	0.1159	0.8296
ZRANB1	724.8365	0.0044	0.0974	0.9154	0.9932
ZRANB2	1165.9705	-0.0898	0.0999	0.056	0.7615
ZRANB2-AS1	2.0161	0.002	0.1138	0.7016	NA
ZRANB2-AS2	1.9625	-0.0023	0.1147	0.6294	NA
ZRANB3	129.6637	-0.0266	0.1057	0.3877	0.9162
ZRSR2	215.7085	0.0247	0.1023	0.4914	0.9331
ZSCAN10	0.7631	9e-04	0.1175	0.7777	NA
ZSCAN12	23.917	-0.0155	0.1108	0.367	0.9103
ZSCAN12P1	8.886	0.006	0.1117	0.5877	0.9552
ZSCAN16	59.9686	-0.0135	0.1078	0.5792	0.9552
ZSCAN16-AS1	39.5037	-0.0106	0.1091	0.6038	0.9581
ZSCAN18	597.5229	0.0378	0.0974	0.3787	0.9124
ZSCAN2	217.8222	-0.0322	0.1027	0.3729	0.9118
ZSCAN20	101.0737	0.061	0.1146	0.0475	0.7463
ZSCAN21	110.2714	0.0158	0.1051	0.6003	0.9581
ZSCAN22	165.9318	0.0354	0.1044	0.3027	0.8992
ZSCAN23	10.3415	0.007	0.1119	0.505	0.9375
ZSCAN25	442.8716	0.0453	0.0998	0.2706	0.8904
ZSCAN26	139.5499	-0.0119	0.1038	0.7126	0.9733
ZSCAN29	645.1118	0.0572	0.1001	0.1764	0.8611
ZSCAN30	196.72	0.0053	0.1017	0.8802	0.9899
ZSCAN31	41.3222	-0.0092	0.1086	0.6691	0.9698
ZSCAN32	288.7905	0.0186	0.1001	0.6274	0.9634
ZSCAN5A	75.8114	-0.0363	0.1097	0.178	0.8611
ZSCAN5B	0.5022	1e-04	0.1192	0.9652	NA
ZSCAN9	114.3966	0.0051	0.1046	0.8667	0.9887
ZSWIM1	278.849	0.0153	0.1001	0.6887	0.9712
ZSWIM2	1.1821	-0.0043	0.1213	0.2878	NA
ZSWIM3	46.0967	0.0224	0.1096	0.3167	0.9
ZSWIM4	429.1205	0.1361	0.1377	0.0035	0.43
ZSWIM5	42.1045	-0.0013	0.1083	0.9526	0.9956
ZSWIM6	290.0456	0.0289	0.1004	0.4568	0.9254
ZSWIM7	221.7477	-0.0245	0.1027	0.4857	0.9323
ZSWIM8	2005.2563	0.1098	0.1118	0.0173	0.6309
ZSWIM8-AS1	24.6555	-1e-04	0.1098	0.9936	0.9987
ZUFSP	245.2101	0.0109	0.1006	0.77	0.9792
ZW10	718.6214	0.026	0.0959	0.5524	0.9489
ZWILCH	944.2357	-0.0419	0.0952	0.3541	0.908
ZWINT	2204.2782	-0.0532	0.0936	0.2588	0.89
ZXDA	111.4993	0.0146	0.1048	0.6327	0.9643
ZXDB	258.6031	0.0518	0.1034	0.178	0.8611
ZXDC	590.0503	0.0518	0.1019	0.1953	0.8709
ZYG11B	798.7294	0.0162	0.098	0.6929	0.9715
ZYX	5957.5103	0.034	0.0931	0.4661	0.9277
ZZEF1	1544.6708	0.1149	0.1246	0.0087	0.5371
ZZZ3	907.6185	0.0364	0.0971	0.3979	0.9182
